SAMPLE_ID,CMYK_C,CMYK_M,CMYK_Y,CMYK_K,LAB_L,LAB_A,LAB_B,XYZ_X,XYZ_Y,XYZ_Z
1,0.0,0.0,0.0,0.0,62.0250862962,5.54535433622,9.43526887606,30.8209857917,30.4318815831,20.188057282
2,0.0,10.0,0.0,0.0,47.3514014691,-1.5610940012,2.49883377288,15.4395664778,16.2890108611,12.5386483879
3,0.0,20.0,0.0,0.0,35.2073263326,1.61477654107,4.80093599576,8.47870712046,8.60245351829,6.00183832272
4,0.0,30.0,0.0,0.0,77.5946807698,5.98008771492,8.82026255598,52.9372065946,52.5266295293,36.6146262661
5,0.0,40.0,0.0,0.0,35.3927003297,1.59622547201,4.89368736126,8.56831033337,8.69621652596,6.05089739364
6,0.0,55.0,0.0,0.0,71.3685335785,-1.75613772651,2.39370783716,40.6266927842,42.7258952715,33.5992929119
7,0.0,70.0,0.0,0.0,41.055651944,6.62809748017,0.80425265996,12.4274405962,11.8993173973,9.57933516947
8,0.0,85.0,0.0,0.0,67.0673609125,-1.57387868199,2.53089342817,34.9452193878,36.72123435,28.7208057935
9,0.0,100.0,0.0,0.0,34.7898184087,1.63416614631,4.68302047393,8.27666998737,8.39374966253,5.8729564696
10,10.0,0.0,0.0,0.0,73.3553559535,5.54461431227,8.01207119829,46.0066352204,45.7075349404,32.130226031
11,10.0,10.0,0.0,0.0,34.4226695443,1.55683229881,4.57100637371,8.09120561641,8.21303242008,5.76290274329
12,10.0,20.0,0.0,0.0,48.0331710019,-0.0480853194285,4.05039264608,16.2115400118,16.8205835987,12.4065613983
13,10.0,30.0,0.0,0.0,33.8074077973,1.58375511679,4.4353332421,7.8035858807,7.91603765399,5.57088820398
14,10.0,40.0,0.0,0.0,71.3627713352,7.87389552812,2.83583013369,43.8306246659,42.7174420874,33.2928501461
15,10.0,55.0,0.0,0.0,52.57919984,-3.37639919448,-13.4047053385,19.250679653,20.6634709082,23.5303945974
16,10.0,70.0,0.0,0.0,73.8813134169,6.30401295028,3.00509537407,47.0840822567,46.5194169064,36.1934439353
17,10.0,85.0,0.0,0.0,34.191197633,1.61709774792,4.48935942166,7.98769437646,8.10044184346,5.69652659707
18,10.0,100.0,0.0,0.0,67.7641692825,-2.85032614795,0.855155302248,35.4555878219,37.6531131811,30.5191368492
19,20.0,0.0,0.0,0.0,34.0608209623,1.64437228484,4.61757152921,7.92905243866,8.03748054453,5.62331634711
20,20.0,10.0,0.0,0.0,63.6527269409,-2.40133635026,1.37302190635,30.5698638797,32.3763568517,25.9206242102
21,20.0,20.0,0.0,0.0,79.1881535638,-0.054314713609,4.67429747803,53.2613870575,55.255401635,41.8058539967
22,20.0,30.0,0.0,0.0,54.1452548623,-1.36091767183,2.65792984686,21.0355300007,22.1116384644,17.067771312
23,20.0,40.0,0.0,0.0,46.9002594665,-1.53555996776,2.0489464859,15.1144869564,15.9434881427,12.4234201396
24,20.0,55.0,0.0,0.0,44.6883802804,-0.406885923054,3.30807344192,13.7443671745,14.3199886068,10.7298935154
25,20.0,70.0,0.0,0.0,75.9783490561,1.72732149224,1.55475619785,48.7031731964,49.8520316921,39.9351512891
26,20.0,85.0,0.0,0.0,36.6211424062,0.373888818482,3.54988400166,9.04613389057,9.33483937674,6.8330276492
27,20.0,100.0,0.0,0.0,62.5329572232,-7.98294906963,-6.29953807319,27.8546738701,31.0300079426,29.345363997
28,30.0,0.0,0.0,0.0,71.7408157845,-3.74785001929,-0.280415235872,40.5009707196,43.2743981328,35.9048321991
29,30.0,10.0,0.0,0.0,76.6651189469,-0.833107873585,10.3194005181,48.8500171369,50.9770729315,34.4262521604
30,30.0,20.0,0.0,0.0,59.1326315432,-2.96319172245,1.18538284695,25.4885921712,27.1713885889,21.8093921233
31,30.0,30.0,0.0,0.0,45.6663675553,-1.15959333888,2.63309536526,14.2983182813,15.0235004307,11.4976048966
32,30.0,40.0,0.0,0.0,54.1001247246,-2.26792730275,2.00329098169,20.8054218544,22.0689872802,17.3186949415
33,30.0,55.0,0.0,0.0,80.7741665282,-0.3236078897,5.55984835407,55.8603183504,58.0636524339,43.277166664
34,30.0,70.0,0.0,0.0,42.3836248601,8.65519789318,-7.33371793754,13.6071296644,12.749677479,12.990673254
35,30.0,85.0,0.0,0.0,47.5171720272,19.6431843156,13.4906424436,19.4889096474,16.4172152981,9.13119270332
36,30.0,100.0,0.0,0.0,44.3471609958,4.55156213978,-7.69526365157,14.3023578867,14.0798025193,14.3902860614
37,40.0,0.0,0.0,0.0,68.5133703927,6.07482793086,18.2811113864,39.1886642647,38.6725043923,21.3427507138
38,40.0,10.0,0.0,0.0,52.6687830828,-22.6051352952,-3.07202975142,15.7617771759,20.7445532115,18.4836781216
39,40.0,20.0,0.0,0.0,52.056526609,-23.7654731793,0.95324994134,15.1137092621,20.1946054787,16.2598542925
40,40.0,30.0,0.0,0.0,66.6600009991,16.6689430196,20.2640403537,40.0215716244,36.1836397541,18.8451569596
41,40.0,40.0,0.0,0.0,46.936623477,-7.22306075968,0.977074269196,14.2031869754,15.9711559656,12.8250956074
42,40.0,55.0,0.0,0.0,46.9350506887,20.563692246,7.15448123863,19.1740739942,15.9699586363,10.7385246388
43,40.0,70.0,0.0,0.0,35.0845049431,1.61339533469,4.62952087901,8.41812820554,8.54070260032,5.99314124598
44,40.0,85.0,0.0,0.0,42.1862721298,14.7056371869,-9.85569735308,14.4389516563,12.620821767,13.7939977445
45,40.0,100.0,0.0,0.0,47.104992895,19.9522984064,11.1837650376,19.1979564045,16.0996783259,9.59418370804
46,55.0,0.0,0.0,0.0,40.392465857,-1.17474900291,2.08030852619,10.9191159192,11.4891867351,8.88421626577
47,55.0,10.0,0.0,0.0,53.8826726621,7.86366233324,15.9543628864,22.7783195305,21.8642483109,11.7809228778
48,55.0,20.0,0.0,0.0,52.6900475836,-24.0735669294,4.87076901508,15.5248407257,20.7638309312,15.104249858
49,55.0,30.0,0.0,0.0,48.9294217847,25.4874241891,8.84194270297,21.9643302778,17.5368116851,11.3047887512
50,55.0,40.0,0.0,0.0,69.4540155662,-12.8022729661,20.9746672145,34.6691845855,39.9782204688,20.8087622968
51,55.0,55.0,0.0,0.0,49.4735377207,26.4084431042,2.29615740996,22.6767448968,17.9813980688,13.9494726531
52,55.0,70.0,0.0,0.0,56.7794294155,-25.1790970479,1.02433711858,18.5290046945,24.6974418531,19.8829852258
53,55.0,85.0,0.0,0.0,42.8648393631,13.1799475592,-7.49449777601,14.6684265994,13.0675425209,13.3513869427
54,55.0,100.0,0.0,0.0,59.4511525561,-1.39438022489,25.9598518002,26.1960478301,27.5184309142,11.6446351542
55,70.0,0.0,0.0,0.0,46.1360613467,16.6028732123,-2.24376966626,17.7512821139,15.3694099626,13.4949769689
56,70.0,10.0,0.0,0.0,52.850509303,-10.2724572961,13.4504114879,18.1409634669,20.9096856524,12.0275308985
57,70.0,20.0,0.0,0.0,42.5242031671,9.62889711873,-7.4249351494,13.8563537221,12.8419968843,13.1114288449
58,70.0,30.0,0.0,0.0,49.7959501746,-13.1915593536,8.532904206,15.253746245,18.2483466149,11.9082975837
59,70.0,40.0,0.0,0.0,53.1165571991,31.5563135058,12.299360109,27.5903845311,21.1530172589,12.5878428628
60,70.0,55.0,0.0,0.0,61.8625680515,-5.62386013384,23.975228576,27.7207604282,30.2421179351,13.829229391
61,70.0,70.0,0.0,0.0,49.2150727246,10.5982428338,2.98817642238,19.146932009,17.7692861476,13.5233851096
62,70.0,85.0,0.0,0.0,53.3600747493,-15.3764416449,8.46370308846,17.5942264633,21.3773904649,14.1522857468
63,70.0,100.0,0.0,0.0,50.2487067321,24.4052329634,-1.73206623183,22.972971686,18.6276575926,16.0796258623
64,85.0,0.0,0.0,0.0,63.1420472486,4.13995071208,32.0960149296,31.7522657671,31.757614572,11.7211083743
65,85.0,10.0,0.0,0.0,35.3396488791,1.57808758282,4.70778763492,8.53990738648,8.66931362973,6.07139713752
66,85.0,20.0,0.0,0.0,51.2925056824,-16.4809973265,6.58617095408,15.794993805,19.5220819662,13.517376156
67,85.0,30.0,0.0,0.0,50.1892895393,-12.7965150392,8.31979453523,15.6102547486,18.5775821661,12.2143951059
68,85.0,40.0,0.0,0.0,52.4847490947,4.50400258395,-1.4660604943,20.7657155389,20.5782121047,17.6195092375
69,85.0,55.0,0.0,0.0,42.9449461153,-2.38602274984,6.24939465996,12.2993643502,13.120964407,8.9492894768
70,85.0,70.0,0.0,0.0,54.2920874559,18.0862693802,6.59720918742,25.5327137324,22.2507858748,15.5212934919
71,85.0,85.0,0.0,0.0,41.5802443297,4.92210538313,7.52519227471,12.5095763313,12.2305656313,7.96622804716
72,85.0,100.0,0.0,0.0,45.193606657,21.9144911818,-8.91152664256,17.9862194261,14.6806127927,15.4489573971
73,100.0,0.0,0.0,0.0,52.4597596991,26.7390785862,7.6268107714,25.7132222,20.5556939758,13.880716726
74,100.0,10.0,0.0,0.0,50.9753739875,1.61799331463,-2.84557414161,18.8739817351,19.2473735194,17.0843096921
75,100.0,20.0,0.0,0.0,52.1898057819,-0.346277878776,17.2667544832,19.5190529016,20.3134828968,10.407494565
76,100.0,30.0,0.0,0.0,50.3807954329,-11.6415667739,-1.36145811546,15.9530759489,18.7393010781,16.0202630758
77,100.0,40.0,0.0,0.0,56.7326825336,-19.5151498665,-4.41481428133,19.6014453628,24.6498822473,22.5633511566
78,100.0,55.0,0.0,0.0,52.1330164106,0.190158803327,12.2623201549,19.577284828,20.2627731411,12.0107532028
79,100.0,70.0,0.0,0.0,41.3631263684,-1.13293268943,2.25478487208,11.5014104418,12.0927331984,9.31078448553
80,100.0,85.0,0.0,0.0,44.9572087256,12.0512837769,7.56325017697,16.0081191316,14.5111305312,9.56986117824
81,100.0,100.0,0.0,0.0,46.1645095447,21.2291258048,-5.4879777057,18.655339433,15.3905296901,14.7510421595
82,0.0,0.0,10.0,0.0,41.5964655321,-1.39859432469,6.11006300871,11.60548007,12.2409051346,8.34805895479
83,0.0,10.0,10.0,0.0,54.9876126912,-16.2996400384,0.903542979321,18.7526332338,22.9178433035,18.493910171
84,0.0,20.0,10.0,0.0,50.384620017,7.07825145463,4.78463648303,19.4480421459,18.7425403054,13.6050962795
85,0.0,30.0,10.0,0.0,65.2767083925,-5.10315333154,17.4220124683,31.7406856987,34.397299909,19.0573045817
86,0.0,40.0,10.0,0.0,54.8516666957,27.2017893162,14.342924594,28.3827724088,22.7864277162,12.9258184524
87,0.0,55.0,10.0,0.0,53.5694751364,-14.0322820339,-8.19597516457,18.0157209297,21.5715927617,21.7023719815
88,0.0,70.0,10.0,0.0,60.1705974365,18.3315524035,1.40440083016,32.1355284047,28.3131453306,22.6198297361
89,0.0,85.0,10.0,0.0,59.5950876323,-8.43364276518,18.3649168564,24.6689544309,27.6762188912,14.4790752823
90,0.0,100.0,10.0,0.0,50.7190726403,5.31539647278,-11.0116829145,19.3841906718,19.0272505044,20.6533931595
91,10.0,0.0,10.0,0.0,65.4243914214,9.74359709043,31.6361126648,36.2057583908,34.5851446251,13.2652681583
92,10.0,10.0,10.0,0.0,36.009562013,1.61723102083,5.00331742226,8.88078012627,9.01312972252,6.26011305994
93,10.0,20.0,10.0,0.0,53.2268741909,-16.0453180696,11.2003087998,17.3638842921,21.2544660521,13.0489432163
94,10.0,30.0,10.0,0.0,36.26236811,1.59668850408,4.99632797446,9.00752905469,9.14520164988,6.35885927188
95,10.0,40.0,10.0,0.0,61.3868636324,4.71613511639,28.3177631047,29.8627605672,29.6912013094,11.9763547619
96,10.0,55.0,10.0,0.0,49.8711793011,-4.13503238682,-0.777127096604,16.8969472427,18.3110120555,15.4207741306
97,10.0,70.0,10.0,0.0,59.7205145028,-14.5600907754,9.98537682358,23.3893478831,27.8142081883,18.0761909233
98,10.0,85.0,10.0,0.0,56.6790612988,10.9164960334,12.5352897161,26.2840488582,24.5954040044,14.7924281564
99,10.0,100.0,10.0,0.0,71.9953675427,-1.92721256923,28.8593247715,41.4551721499,43.6521321354,19.1256805606
100,20.0,0.0,10.0,0.0,43.8364055905,11.8245410916,-5.36752273663,15.1403761222,13.7253214412,13.1860075544
101,20.0,10.0,10.0,0.0,41.7735003384,5.65699816632,7.85585223393,12.7434888854,12.3541273961,7.96688968148
102,20.0,20.0,10.0,0.0,45.3508110843,6.6304664392,-5.37359792071,15.3660400873,14.7940457807,14.1630727481
103,20.0,30.0,10.0,0.0,60.2108209152,-9.82104485999,3.67827218206,24.9654605321,28.3580230683,21.4878339882
104,20.0,40.0,10.0,0.0,63.808181746,-18.2974308393,5.11156197731,26.6542761697,32.5662896877,23.9859014047
105,20.0,55.0,10.0,0.0,65.7328723469,-9.96807349035,8.89055738835,30.9478499054,34.9797190708,23.7366273549
106,20.0,70.0,10.0,0.0,62.0574018035,-3.63884041982,7.67849999104,28.4387662653,30.4697089959,21.0783699588
107,20.0,85.0,10.0,0.0,56.3526992865,8.25333117306,4.50443108268,25.306505416,24.2655559938,17.9301237055
108,20.0,100.0,10.0,0.0,43.2833641352,9.39576582027,0.0032476091844,14.3443663559,13.3482568136,11.0126583484
109,30.0,0.0,10.0,0.0,41.8135093744,5.74514063656,8.0505934067,12.7826472268,12.3798114431,7.93417564015
110,30.0,10.0,10.0,0.0,48.6893838471,27.9519408365,-1.57656161093,22.2743305129,17.343034024,14.9252571674
111,30.0,20.0,10.0,0.0,40.8010959164,5.95417939702,4.40118652577,12.1678154652,11.7407591071,8.43909796876
112,30.0,30.0,10.0,0.0,42.1430081543,1.2366307313,5.16305221069,12.3237200891,12.5926903362,8.86614209875
113,30.0,40.0,10.0,0.0,48.9317326458,-3.31117399824,7.17921542672,16.3192880201,17.5386841757,11.8619289757
114,30.0,55.0,10.0,0.0,62.0212751765,-13.8274125767,4.12527316934,25.8686018479,30.4274224835,22.8661744985
115,30.0,70.0,10.0,0.0,63.4145606743,15.7462142576,19.2281269364,35.4105386286,32.0868028172,16.8142222155
116,30.0,85.0,10.0,0.0,61.3171585532,5.70259222758,14.5148166864,30.0448068455,29.6110418167,17.2888286305
117,30.0,100.0,10.0,0.0,56.8375359105,-4.15524927934,7.16783151453,22.9373352247,24.7566437947,17.124960353
118,40.0,0.0,10.0,0.0,51.6923374317,-9.16377636843,-0.0351913965826,17.4132206157,19.8721366194,16.4114278624
119,40.0,10.0,10.0,0.0,47.7303441492,3.70207199514,-15.1136364223,16.6462521721,16.5830657801,20.1410324081
120,40.0,20.0,10.0,0.0,51.4595599101,14.6299695541,16.2950804958,21.974757469,19.667834412,10.3182964079
121,40.0,30.0,10.0,0.0,49.1056763664,11.2882892651,-2.69472153278,19.1899930837,17.6800137092,15.6638796692
122,40.0,40.0,10.0,0.0,43.8695263346,0.498845444472,9.82087006793,13.3342887556,13.7481258457,8.4041509419
123,40.0,55.0,10.0,0.0,44.9150169533,4.5089191502,-8.22006622654,14.6958029226,14.4810195736,14.9791492238
124,40.0,70.0,10.0,0.0,42.7873126364,-2.20019909418,6.30221371088,12.2271383663,13.0159794758,8.85823020242
125,40.0,85.0,10.0,0.0,66.4328105674,10.1536615672,21.8246193452,37.657067305,35.886107581,17.9566710336
126,40.0,100.0,10.0,0.0,66.5641227426,-1.11599789253,16.7515145252,34.4443706054,36.0578763201,20.4358313753
127,55.0,0.0,10.0,0.0,60.6656180329,-7.51597103359,7.70802462989,25.9814162574,28.8687483967,19.89096027
128,55.0,10.0,10.0,0.0,50.8235838255,-6.09353981886,-24.4224115702,17.2888601201,19.1168055747,28.0806034157
129,55.0,20.0,10.0,0.0,60.9251174251,7.48550956191,-1.07947886285,30.0695658224,29.1628884007,24.6547647941
130,55.0,30.0,10.0,0.0,35.1706426895,1.52210912722,4.66385693445,8.45004849299,8.58397901402,6.01777540834
131,55.0,40.0,10.0,0.0,35.3382514412,1.51702140678,4.6524057733,8.53219749987,8.66860572672,6.08291693517
132,55.0,55.0,10.0,0.0,35.9448005081,1.54779952553,4.81869755331,8.83971414965,8.97950259871,6.27631078087
133,55.0,70.0,10.0,0.0,56.432993088,-6.07355271946,18.088632939,22.1335119721,24.3464321784,12.5626715447
134,55.0,85.0,10.0,0.0,47.6030268242,-1.40965705395,-8.95540389732,15.6513939794,16.4838777149,17.212604673
135,55.0,100.0,10.0,0.0,48.8484372686,6.94009214664,12.7345576758,18.1337913331,17.4712740819,10.0296593941
136,70.0,0.0,10.0,0.0,47.5930297368,3.56852715274,-6.92600314142,16.5164680868,16.4761061571,16.3369131244
137,70.0,10.0,10.0,0.0,49.2512425358,25.4511516792,14.6311179488,22.2571308095,17.798868339,9.6689969704
138,70.0,20.0,10.0,0.0,52.1776013083,36.8132752836,1.09831034501,27.8954161291,20.3025778504,16.2865622878
139,70.0,30.0,10.0,0.0,46.1938412708,10.0836143732,-4.47221769585,16.6030034577,15.4123255914,14.3751797286
140,70.0,40.0,10.0,0.0,58.9846117298,16.4301066726,9.54504215842,30.2242353348,27.0111126057,17.7061204055
141,70.0,55.0,10.0,0.0,47.1651063227,-6.83107943949,6.96006482935,14.4265194603,16.1457315314,10.9274928513
142,70.0,70.0,10.0,0.0,56.3221004227,-4.96763054187,7.36038928674,22.2699894983,24.2347823882,16.6601265574
143,70.0,85.0,10.0,0.0,68.4014528631,-7.84877004385,12.2332239735,34.7911976358,38.5190706065,24.4218035076
144,70.0,100.0,10.0,0.0,46.89019284,-6.04016626742,3.13300306954,14.3623623072,15.9358345278,12.0415915657
145,85.0,0.0,10.0,0.0,48.1730358993,6.78416566305,9.1395943573,17.5575263311,16.9310459547,10.7860638495
146,85.0,10.0,10.0,0.0,39.8831539447,3.35228047639,1.32766605335,11.2379285611,11.1806939361,8.84911302454
147,85.0,20.0,10.0,0.0,52.1964192151,36.850842255,4.34518710998,27.9254610891,20.3193938195,14.9747404685
148,85.0,30.0,10.0,0.0,47.2228841478,-6.8857164346,6.44226090683,14.4582410761,16.1900781114,11.1272413481
149,85.0,40.0,10.0,0.0,42.4065505489,6.33425491886,-3.52132630175,13.2616241919,12.7647027501,11.6761771598
150,85.0,55.0,10.0,0.0,49.1150985733,-4.06893600256,10.7016415918,16.3250610321,17.6876908673,10.8059042626
151,85.0,70.0,10.0,0.0,45.7803884782,12.9449161733,3.38070684834,16.7969978739,15.1069898298,11.3152743383
152,85.0,85.0,10.0,0.0,55.6247883412,7.40284680762,20.0814765053,24.3724348422,23.5405219027,11.4051450937
153,85.0,100.0,10.0,0.0,53.1753365229,-2.04728354671,1.56020765722,20.0314975463,21.2070311364,16.8202594765
154,100.0,0.0,10.0,0.0,66.0539901645,-11.224298915,15.3784816765,30.982551676,35.3936333254,20.6776610192
155,100.0,10.0,10.0,0.0,59.4982639636,16.4960049297,14.1261271144,30.8369936271,27.570010312,16.1168128066
156,100.0,20.0,10.0,0.0,75.1524443104,5.96910909147,30.8233991658,48.9537998651,48.5211392602,20.7969793932
157,100.0,30.0,10.0,0.0,58.2113609711,12.493899148,12.86139072,28.3248384541,26.184074082,15.7225539852
158,100.0,40.0,10.0,0.0,55.187543829,-11.3645753572,-11.0044212301,19.9010925671,23.1120282008,24.6727883178
159,100.0,55.0,10.0,0.0,36.0574354841,1.60969588721,4.97618902306,8.90425964307,9.0380417052,6.28447030386
160,100.0,70.0,10.0,0.0,64.2115684546,-3.06946727408,0.503259917841,31.0404963857,33.0626042022,26.9833715467
161,100.0,85.0,10.0,0.0,50.8405225395,22.6531711809,15.6000222699,23.1510564922,19.1313466771,10.2035125724
162,100.0,100.0,10.0,0.0,56.0276112395,-20.9249119206,-0.660512631893,18.7249686913,23.9399405657,20.0698179774
163,0.0,0.0,20.0,0.0,54.8081911503,0.76617249057,5.83128849098,22.0980179998,22.7445072647,16.2038448982
164,0.0,10.0,20.0,0.0,66.8416778244,-8.4802141783,18.5798342256,32.6788934707,36.4227464892,19.7840397546
165,0.0,20.0,20.0,0.0,59.2037307145,20.7738693872,15.9192491984,31.6581190631,27.2485997248,15.1769909796
166,0.0,30.0,20.0,0.0,49.6278645657,21.4980238167,1.29472167111,21.7537751242,18.1088491864,14.4346359012
167,0.0,40.0,20.0,0.0,36.2275167996,1.69542210757,5.09786881911,9.00139761871,9.12691833557,6.32270090083
168,0.0,55.0,20.0,0.0,51.9326849661,15.9981206709,2.82699618505,22.7185314659,20.084562324,15.4006338185
169,0.0,70.0,20.0,0.0,52.5872756767,-15.6134060562,-4.3253283523,16.9384586294,20.6707717137,18.9963394987
170,0.0,85.0,20.0,0.0,76.3157512647,-7.24009981293,21.9228696521,45.9980197783,50.4026600413,26.661354786
171,0.0,100.0,20.0,0.0,75.5021629257,6.15406434775,24.4133505803,49.5795685772,49.0817582945,24.4561621602
172,10.0,0.0,20.0,0.0,52.2712720453,-16.2840236282,-0.139693932271,16.5722561578,20.3863753788,16.8808509808
173,10.0,10.0,20.0,0.0,61.6282500409,29.0410993479,14.1653079417,37.0967026381,29.969908739,17.678511209
174,10.0,20.0,20.0,0.0,42.7828951185,6.1467583007,-3.91555538726,13.4840160822,13.0130454752,12.0302774382
175,10.0,30.0,20.0,0.0,47.8159828222,19.3147916489,13.155576344,19.6807393802,16.6500069353,9.37591271309
176,10.0,40.0,20.0,0.0,50.3971956302,26.0707280164,4.52031156536,23.4894243758,18.7531938389,13.7118142197
177,10.0,55.0,20.0,0.0,39.9005115657,3.30216996425,1.16806150777,11.2413394922,11.1911155311,8.90216986614
178,10.0,70.0,20.0,0.0,51.7035614249,15.1917414733,12.4143698047,22.3248902851,19.8820231909,11.7076749715
179,10.0,85.0,20.0,0.0,47.7677655313,-6.3650646006,2.7907745729,14.9318506092,16.6122948249,12.6893657348
180,10.0,100.0,20.0,0.0,75.5864923591,-1.46979761727,21.2799938039,46.9321670739,49.2175863173,26.3048474477
181,20.0,0.0,20.0,0.0,62.4906792967,-0.462397699447,13.846510153,29.7514814167,30.9799202475,18.4908754874
182,20.0,10.0,20.0,0.0,46.5334777667,12.1897024147,10.9638418085,17.25051473,15.666204075,9.37025732696
183,20.0,20.0,20.0,0.0,53.8013402126,-8.76522899168,1.5144836453,19.2267796544,21.7879974761,17.3071843646
184,20.0,30.0,20.0,0.0,35.6170686762,1.67673462325,5.03279799114,8.68957204417,8.81061135578,6.10477475292
185,20.0,40.0,20.0,0.0,52.0634160298,-11.9875965509,-2.79177967397,17.1878860362,20.2007390515,17.8858252851
186,20.0,55.0,20.0,0.0,51.8423013117,23.3425155059,8.81200199333,24.2883070492,20.0045021017,13.0493457728
187,20.0,70.0,20.0,0.0,63.4950785031,-4.60966798881,14.012512379,29.7995970818,32.1844995121,19.2150871772
188,20.0,85.0,20.0,0.0,53.0928772348,26.6715809412,9.90408013211,26.3564504536,21.1312830557,13.4382981039
189,20.0,100.0,20.0,0.0,54.8398257379,-13.4524562557,0.385371317771,19.1851450954,22.7750052027,18.6144457354
190,30.0,0.0,20.0,0.0,47.1986282594,6.92103236518,-0.352126237854,16.8131032324,16.1714509598,13.4729165019
191,30.0,10.0,20.0,0.0,64.5558735489,4.06558070533,29.8000343995,33.4421740509,33.4901942729,13.3895726148
192,30.0,20.0,20.0,0.0,52.8116969911,20.8022061841,8.33014204982,24.6682773819,20.8743440471,13.8443356283
193,30.0,30.0,20.0,0.0,58.5379398916,-9.91708603004,16.6929809386,23.2872673618,26.5312791126,14.4206800702
194,30.0,40.0,20.0,0.0,45.495267005,5.23756861972,-3.13083324733,15.2354262747,14.8987937071,13.4145359782
195,30.0,55.0,20.0,0.0,66.7525219217,6.57512607551,3.65109016937,36.9809581702,36.3052762967,27.7143073777
196,30.0,70.0,20.0,0.0,35.9802984225,1.60082353966,4.89044753712,8.86397162188,8.99792435548,6.27396767237
197,30.0,85.0,20.0,0.0,57.3037918135,-3.41956857155,-7.78913448845,23.5525582841,25.2351187493,24.9134380398
198,30.0,100.0,20.0,0.0,36.4875837027,1.53915135519,4.87010236141,9.11674366598,9.26394084046,6.47488274946
199,40.0,0.0,20.0,0.0,76.1885264583,-5.23978890713,8.18181728052,46.5127807104,50.1945600594,35.3436394547
200,40.0,10.0,20.0,0.0,46.0974015525,7.64920946353,-15.3064334508,16.0978608068,15.3407402044,18.8996467182
201,40.0,20.0,20.0,0.0,64.8719627456,-16.1270506704,-7.29157927909,28.3474809542,33.8859747384,32.5791866252
202,40.0,30.0,20.0,0.0,52.6122764629,20.6271882135,-4.82833657047,24.4278417739,20.6933840979,19.2513688509
203,40.0,40.0,20.0,0.0,53.9785107696,-15.108279953,-23.8399762844,18.1459508666,21.9543265714,31.1139872487
204,40.0,55.0,20.0,0.0,47.4385313352,-1.54264160281,-12.9492968244,15.5068823987,16.3563122387,18.8788765071
205,40.0,70.0,20.0,0.0,48.0904157748,-5.04732525484,7.14262707622,15.3883027292,16.8657360505,11.3881307689
206,40.0,85.0,20.0,0.0,52.2002388377,5.64660952556,-4.49577160047,20.7483156045,20.322808226,18.7662757826
207,40.0,100.0,20.0,0.0,54.9745142311,7.44723515771,18.4736785906,23.7399727036,22.9051594116,11.5669186546
208,55.0,0.0,20.0,0.0,57.6034761354,18.4274587071,6.67363286141,29.1804132428,25.5458883184,17.9244474157
209,55.0,10.0,20.0,0.0,75.2234877038,0.050868229459,6.35165708645,46.9164140052,48.6346785212,35.46072601
210,55.0,20.0,20.0,0.0,44.1167263837,10.6885824246,-14.0118151885,15.1525573474,13.9191271579,16.8004312975
211,55.0,30.0,20.0,0.0,62.3533911831,-11.119286793,-8.88408106632,26.8776949565,30.8176434032,30.7815548805
212,55.0,40.0,20.0,0.0,50.7800271929,23.9573723348,-3.74460482682,23.3850456154,19.0794480579,17.3290086139
213,55.0,55.0,20.0,0.0,54.2313682162,-19.4868062991,-14.1330109283,17.528274369,22.1931740953,25.5009882104
214,55.0,70.0,20.0,0.0,44.3232540033,6.08563465011,-10.8310856068,14.5356068538,14.0630756809,15.6192828114
215,55.0,85.0,20.0,0.0,70.3851360422,-7.22065967223,33.2054931571,37.552548904,41.2993386307,15.9884505297
216,55.0,100.0,20.0,0.0,51.4599691862,12.2610893072,-8.19571650373,21.4677436276,19.6681923875,19.9062727734
217,70.0,0.0,20.0,0.0,58.8706381742,-19.5256727653,12.9023496501,21.5008672558,26.8881323473,16.1759104344
218,70.0,10.0,20.0,0.0,58.0338185142,28.1738451688,4.02596440677,32.3116233722,25.9965958328,19.4836339237
219,70.0,20.0,20.0,0.0,76.3438403429,6.87370772409,14.8673736185,51.2115213228,50.4486823634,31.0194851338
220,70.0,30.0,20.0,0.0,47.2242060109,13.5754289711,-10.0844444547,18.064437574,16.1910936384,17.4206142951
221,70.0,40.0,20.0,0.0,67.6753523794,-9.13776963709,0.535543816647,33.5115299416,37.5334669806,30.6254299605
222,70.0,55.0,20.0,0.0,54.4992144184,27.4381639351,0.38067548553,28.0556229729,22.4480626204,18.3485207864
223,70.0,70.0,20.0,0.0,54.8594494941,-22.0186512735,-8.44995969782,17.5608593406,22.7939375602,22.9859399678
224,70.0,85.0,20.0,0.0,36.829690157,1.64732678845,5.15068157353,9.30811660963,9.4462671362,6.54529359228
225,70.0,100.0,20.0,0.0,64.4906431761,-3.9890181303,6.53931711899,31.1175632048,33.4089037622,23.8497828478
226,85.0,0.0,20.0,0.0,36.6648251054,1.65396707522,5.17325502202,9.22267051319,9.35810623644,6.47543537659
227,85.0,10.0,20.0,0.0,54.5692106738,-13.104193531,-6.65803610491,19.0242671652,22.5149927667,21.7968811577
228,85.0,20.0,20.0,0.0,44.9826594311,9.72206663012,-11.7344617743,15.6233555438,14.5293140768,16.4666761603
229,85.0,30.0,20.0,0.0,64.3673387184,-9.22000853646,28.5497574874,29.5752126035,33.2556005023,13.7331520065
230,85.0,40.0,20.0,0.0,51.1977566646,21.4666260171,-1.13504987093,23.2300976012,19.4397357276,16.5158698066
231,85.0,55.0,20.0,0.0,53.9081503547,-21.158613953,8.52428761701,16.9653698303,21.8881707093,14.4928764288
232,85.0,70.0,20.0,0.0,42.3919134814,5.51433936673,-3.59052401704,13.1259711376,12.7551083983,11.6909585741
233,85.0,85.0,20.0,0.0,55.4126673818,-16.499406335,-5.05381073979,19.0714383889,23.3319908431,21.7205425689
234,85.0,100.0,20.0,0.0,47.224325679,13.1121585979,3.51068105757,17.9769219344,16.191185576,12.1097896191
235,100.0,0.0,20.0,0.0,64.3530441094,-6.61886198703,9.20001846498,30.2484894205,33.2378585465,22.3159150245
236,100.0,10.0,20.0,0.0,50.4910032092,30.3088911166,10.8787026698,24.5527414576,18.8327911003,11.5218161649
237,100.0,20.0,20.0,0.0,62.3640430159,28.1377370295,5.31385957658,37.7951886539,30.8302137211,22.5532204142
238,100.0,30.0,20.0,0.0,54.8015720768,-3.87045912087,-13.960760068,21.1025702678,22.7381294647,25.9624963822
239,100.0,40.0,20.0,0.0,54.0264218287,12.8012258016,-6.77077422746,24.0291774675,21.9994507965,21.3801489762
240,100.0,55.0,20.0,0.0,63.5339448544,7.6531535916,-0.562303525997,33.2093019113,32.2317290677,26.9230513417
241,100.0,70.0,20.0,0.0,45.5879377645,0.638360090005,-17.5870873041,14.536253928,14.9662508109,19.5568426897
242,100.0,85.0,20.0,0.0,52.7619304361,28.0590622448,1.41376728315,26.3469449417,20.8290860562,16.5786428657
243,100.0,100.0,20.0,0.0,60.8008283154,-1.16958894835,27.1497362261,27.6899774282,29.0217598717,12.0303153068
244,0.0,0.0,30.0,0.0,47.2489281675,15.6600754194,-6.88942736039,18.4826945185,16.2100943653,16.0735232926
245,0.0,10.0,30.0,0.0,51.4543962648,-11.3852831598,11.2877170383,16.8198778184,19.6633183754,11.9439451311
246,0.0,20.0,30.0,0.0,43.5757598058,8.37237257882,-12.5595214325,14.3828866266,13.5467401994,15.7993659547
247,0.0,30.0,30.0,0.0,63.8127366954,15.4990414357,8.2496270335,35.8482044999,32.5718660433,22.325661479
248,0.0,40.0,30.0,0.0,57.3374040189,-13.6287553849,-13.5837595395,21.3497801513,25.2698480708,28.3178047109
249,0.0,55.0,30.0,0.0,56.975698769,1.84663482629,-8.19633726601,24.4341663798,24.8977911108,24.8252660242
250,0.0,70.0,30.0,0.0,68.6684289725,-3.23831314076,0.325367305222,36.5080199616,38.8857551086,31.87075682
251,0.0,85.0,30.0,0.0,49.4151495135,-2.81293377647,-13.7736433587,16.7806218631,17.9333344254,20.9070031139
252,0.0,100.0,30.0,0.0,48.592082837,-2.63206263212,-9.59291673021,16.1807396654,17.2648933294,18.2527803414
253,10.0,0.0,30.0,0.0,35.8041017224,1.69748430482,5.11666454476,8.78609300708,8.9067338459,6.15696857101
254,10.0,10.0,30.0,0.0,50.9131607282,0.66125865763,-5.76728807358,18.6360811159,19.1937868138,18.3326764253
255,10.0,20.0,30.0,0.0,46.8879932087,11.7980787454,11.5787050139,17.4601161741,15.9341624832,9.36920387537
256,10.0,30.0,30.0,0.0,57.5992416,8.99702500413,3.11641456759,26.785046462,25.5414794746,19.5595175311
257,10.0,40.0,30.0,0.0,61.6532840606,21.2718395223,5.50242195603,34.8010729412,29.9989127135,21.8241340835
258,10.0,55.0,30.0,0.0,60.3039422648,-2.75578584226,-7.36269012389,26.7617477336,28.4621014141,27.6518827444
259,10.0,70.0,30.0,0.0,53.7493282805,7.48691863045,-8.1497661941,22.5685984627,21.7393282831,21.8367218583
260,10.0,85.0,30.0,0.0,67.654507952,11.3606895935,8.31720965214,39.6936006912,37.5054240004,25.8951434432
261,10.0,100.0,30.0,0.0,58.5401192859,13.6738324193,2.37112581624,28.9939928859,26.533606403,20.7034533512
262,20.0,0.0,30.0,0.0,36.3385745151,1.65774929566,5.00274122244,9.05400757337,9.1852652566,6.38691243012
263,20.0,10.0,30.0,0.0,36.0799060463,1.5617791489,4.85313135813,8.91004553323,9.04975055445,6.32052101712
264,20.0,20.0,30.0,0.0,62.3006747072,5.81823446273,4.67173352782,31.2177684135,30.7554825417,22.8321341702
265,20.0,30.0,30.0,0.0,65.3133882141,16.2390804408,2.00869722437,38.0479959528,34.4438909802,27.2156492808
266,20.0,40.0,30.0,0.0,54.0646736716,-10.0938732422,-16.8156474786,19.1885782805,22.0355220083,26.8802604664
267,20.0,55.0,30.0,0.0,54.8346454201,2.94464500069,-10.1213731441,22.5984549122,22.7700091513,23.8565025872
268,20.0,70.0,30.0,0.0,64.4069121532,1.03068194247,-3.10310195431,32.4030011966,33.3047505611,29.3668162107
269,20.0,85.0,30.0,0.0,46.2471911986,2.51431251783,-21.2395098971,15.323149612,15.4520217398,21.9159070634
270,20.0,100.0,30.0,0.0,43.248807553,7.4508642729,-11.5719503493,14.0069356074,13.3249281117,15.1700713942
271,30.0,0.0,30.0,0.0,51.5976324476,-11.5089853973,8.8792366671,16.9092075353,19.7888468993,12.8731214598
272,30.0,10.0,30.0,0.0,47.2370328596,15.3734068564,-4.60711620643,18.4177717398,16.2009501249,15.134649829
273,30.0,20.0,30.0,0.0,59.9550576429,-0.934906274512,24.4132162759,26.8398751623,28.0734718561,12.4739305248
274,30.0,30.0,30.0,0.0,51.6817138431,27.6117579762,5.09574868273,25.123119516,19.8627819295,14.3342496499
275,30.0,40.0,30.0,0.0,60.072684339,23.5461584196,1.53489348105,33.4868857055,28.2041006664,22.4638606881
276,30.0,55.0,30.0,0.0,52.9485347698,-6.57050699398,-16.8973773652,18.9357807657,20.9991229561,25.8148978219
277,30.0,70.0,30.0,0.0,51.8923404919,9.14588835685,-9.78724997079,21.2028575109,20.0487995697,21.0483780214
278,30.0,85.0,30.0,0.0,61.3324738252,4.69711385429,-2.68777495229,29.7956858635,29.6286417003,25.9551626869
279,30.0,100.0,30.0,0.0,47.0769551011,-1.04497709424,-14.7640546749,15.326082742,16.0782284098,19.4358579394
280,40.0,0.0,30.0,0.0,53.5154128939,-13.0950636493,-12.4108124334,18.1492008737,21.5213421603,23.8645671431
281,40.0,10.0,30.0,0.0,58.942810193,15.8315165809,22.9652081544,30.0168057268,26.9659642745,12.3698186073
282,40.0,20.0,30.0,0.0,35.5980916265,1.65507357346,4.99073670314,8.67754607596,8.80089724662,6.10681276403
283,40.0,30.0,30.0,0.0,52.74395583,-3.93481174838,10.8305615348,19.2806840554,20.8127559407,12.882124746
284,40.0,40.0,30.0,0.0,71.6206777309,6.19808990964,9.7186568851,43.6379508825,43.096882573,29.1286311674
285,40.0,55.0,30.0,0.0,62.4719113522,29.6883974749,8.62121542019,38.4232117667,30.9577026894,20.9649411917
286,40.0,70.0,30.0,0.0,57.31249657,-5.48023623559,-10.9802244998,23.0981356988,25.2441097569,26.7423647146
287,40.0,85.0,30.0,0.0,56.4143162924,10.9427263844,-5.18016831205,26.0138009801,24.3276039035,22.676401421
288,40.0,100.0,30.0,0.0,67.4688073477,6.59785397568,2.90866891643,37.9389677292,37.2562086002,28.9137691045
289,55.0,0.0,30.0,0.0,48.5395262764,-3.55971466484,-9.50923588179,15.978432334,17.2227838976,18.1739897955
290,55.0,10.0,30.0,0.0,35.868001657,1.58269693655,4.89207949529,8.80492623439,8.9397336669,6.23069578526
291,55.0,20.0,30.0,0.0,36.3824735467,1.62674827337,5.04758151079,9.07293141748,9.2083970988,6.39384937351
292,55.0,30.0,30.0,0.0,36.2969363133,1.59807981564,5.11036652196,9.02545456728,9.16336054793,6.34666545523
293,55.0,40.0,30.0,0.0,36.2018639676,1.6499801578,5.05680338063,8.98283550233,9.11347620754,6.32199454157
294,55.0,55.0,30.0,0.0,53.9840338562,-8.19262684873,-14.0166985344,19.4966006282,21.959525248,25.1951522665
295,55.0,70.0,30.0,0.0,57.6822950258,9.88634560844,21.6537004568,27.0934480169,25.6280443097,12.0712487235
296,55.0,85.0,30.0,0.0,62.9637666912,2.65498781774,-0.314139103452,31.1346175554,31.5434798255,26.2072479129
297,55.0,100.0,30.0,0.0,50.2184059156,-5.86376877593,8.03583583175,16.8549372967,18.6021095415,12.3304954444
298,70.0,0.0,30.0,0.0,39.5872878742,-0.307239780454,5.63023313038,10.5703884304,11.0040482954,7.57149939984
299,70.0,10.0,30.0,0.0,51.8233823004,-4.5731272421,-14.7258183765,18.3836778403,19.9877709533,23.5400368908
300,70.0,20.0,30.0,0.0,48.0035704833,9.24713915516,13.1591379938,17.8815130941,16.7972675019,9.4690957922
301,70.0,30.0,30.0,0.0,59.1437268639,5.30888328123,-4.06519114953,27.5230485889,27.1834280897,24.6074153978
302,70.0,40.0,30.0,0.0,50.9909479594,27.2701140624,19.2991567153,24.3478842663,19.2608035794,9.18285644368
303,70.0,55.0,30.0,0.0,75.7046740572,7.48519220859,10.8282650907,50.4024923287,49.4083609612,32.9517912507
304,70.0,70.0,30.0,0.0,45.6189498515,15.3262487036,-12.4932446388,17.1029948828,14.9888705855,17.2635973442
305,70.0,85.0,30.0,0.0,67.2156228191,-7.91539755808,-5.89127604651,33.294868988,36.9182100303,34.3699206968
306,70.0,100.0,30.0,0.0,52.3753123292,28.7324243811,-2.50237439694,26.105749524,20.4797193922,17.9969702674
307,85.0,0.0,30.0,0.0,55.4116402718,-18.3643584063,-21.2453018632,18.7066414634,23.3309841235,31.0341059982
308,85.0,10.0,30.0,0.0,57.4505848164,19.0582812874,9.63397150209,29.1730618866,25.3870247462,16.5208324737
309,85.0,20.0,30.0,0.0,55.9592910245,8.16847594373,11.3117227455,24.8865661441,23.8718820412,14.7855757713
310,85.0,30.0,30.0,0.0,51.6527241177,3.977264462,-0.431998490599,19.9224268266,19.8372697213,16.5503568801
311,85.0,40.0,30.0,0.0,48.581728012,-3.63741561532,-0.092396570232,15.9966275037,17.2565914006,14.2739677749
312,85.0,55.0,30.0,0.0,47.9908414329,-1.90552681964,-8.5088979878,15.8546798917,16.7872475573,17.3094915837
313,85.0,70.0,30.0,0.0,76.0593417209,-5.96649292401,14.0355410216,46.0575256064,49.9838411466,31.2400498409
314,85.0,85.0,30.0,0.0,47.2275041207,6.50290207503,-12.7372285265,16.7601308731,16.1936276105,18.6134859528
315,85.0,100.0,30.0,0.0,64.6795380624,-17.6327478142,-3.54632445256,27.7543484141,33.6446675413,29.9381527962
316,100.0,0.0,30.0,0.0,54.8027468556,18.3112273652,-2.50602004922,26.115891855,22.7392613344,19.941650015
317,100.0,10.0,30.0,0.0,54.3954850655,-22.0035775421,-11.831681866,17.1944912262,22.3491211517,24.3760355163
318,100.0,20.0,30.0,0.0,44.9133147739,5.0903585114,-8.63719838711,14.7907772247,14.479805656,15.144109925
319,100.0,30.0,30.0,0.0,72.3119826205,-4.84689897866,8.15471660829,40.9448191741,44.1250222026,30.865773791
320,100.0,40.0,30.0,0.0,49.1776352646,9.92738709327,11.6880355454,18.9835184472,17.7387017245,10.5279007931
321,100.0,55.0,30.0,0.0,60.9999583433,-15.4723498737,-7.51356448262,24.4404133766,29.2480894981,28.4664324786
322,100.0,70.0,30.0,0.0,53.1759983611,31.1658873996,19.8086572827,27.5566805371,21.2076398399,10.1477179575
323,100.0,85.0,30.0,0.0,75.458022226,-0.961104505612,13.4064346226,46.9160388936,49.0107613433,30.9767401897
324,100.0,100.0,30.0,0.0,48.6319769641,17.2041295636,-7.68447361065,19.9641908701,17.2969031352,17.4325623683
325,0.0,0.0,40.0,0.0,63.8241954273,-13.1539054023,-4.02040956982,27.954589601,32.5858971072,29.3125380401
326,0.0,10.0,40.0,0.0,54.2194307291,33.6490425314,4.40203808543,29.3463724833,22.1818592495,16.3776408328
327,0.0,20.0,40.0,0.0,66.3655684579,5.98604222892,14.6326017559,36.2959411611,35.7983601278,21.3153300198
328,0.0,30.0,40.0,0.0,35.2700766829,1.62669956488,4.74268769225,8.51105570102,8.63411707719,6.03780524343
329,0.0,40.0,40.0,0.0,59.0908066974,-7.24013227031,2.80110767644,24.4411353441,27.1260365255,20.9602828132
330,0.0,55.0,40.0,0.0,51.8391875935,22.8475197334,1.70918020364,24.1711756283,20.0017478235,15.7905634898
331,0.0,70.0,40.0,0.0,40.2928407557,3.20770271947,0.995258869081,11.463227475,11.4284025266,9.1425060793
332,0.0,85.0,40.0,0.0,47.5137977642,-7.4033336874,8.50518667417,14.5788099812,16.4145990107,10.6267558579
333,0.0,100.0,40.0,0.0,40.6698561917,3.60913436218,1.29803485358,11.7490394277,11.6595654323,9.2420121981
334,10.0,0.0,40.0,0.0,51.1060572513,-4.6797020181,13.1223377792,17.7774735959,19.3602607139,11.1321402133
335,10.0,10.0,40.0,0.0,47.1380623078,13.0983917252,8.15821393022,17.9042154974,16.1250021204,10.5320784895
336,10.0,20.0,40.0,0.0,53.5799843035,-31.6619909551,11.5110505838,14.8911357517,21.581370055,13.1571257798
337,10.0,30.0,40.0,0.0,44.3443986147,19.4336257612,-15.5687159324,16.8510303076,14.077869106,17.6494029079
338,10.0,40.0,40.0,0.0,65.6411460384,-17.2983652537,34.1972952202,28.8994907323,34.8620811772,12.480788478
339,10.0,55.0,40.0,0.0,50.3636979875,35.1062271304,-5.42332587005,25.5535334815,18.7248249789,17.7526184191
340,10.0,70.0,40.0,0.0,79.3008106242,-2.1244464317,59.0257017795,52.646604925,55.451821497,12.0373643258
341,10.0,85.0,40.0,0.0,55.9049053491,-28.2375120903,-5.37169108707,17.244429724,23.8177969843,22.3189965442
342,10.0,100.0,40.0,0.0,45.6413761115,14.0767849466,-4.42699745266,16.8933072009,15.0052421723,13.9934069206
343,20.0,0.0,40.0,0.0,68.4392535285,-15.6172574385,13.4198749626,32.6083713564,38.5708481056,23.810518148
344,20.0,10.0,40.0,0.0,51.0464724976,31.1421840001,6.7817290737,25.3105813922,19.3087354522,13.2890199217
345,20.0,20.0,40.0,0.0,80.8374952432,-2.19066888883,32.536264243,55.2218465542,58.1777170681,25.0529298762
346,20.0,30.0,40.0,0.0,58.8289260255,-21.2749627235,-27.0839167481,21.0930706979,26.8432173951,39.2303283519
347,20.0,40.0,40.0,0.0,44.6928661758,8.65312924382,10.0543512226,15.2281456953,14.3231643079,8.72839383659
348,20.0,55.0,40.0,0.0,70.1452804741,-11.6961257087,-11.8815544084,35.8782101119,40.9562797061,42.569277849
349,20.0,70.0,40.0,0.0,50.3914981043,29.3970214344,17.9609402244,24.2424256588,18.7483666332,9.2703819603
350,20.0,85.0,40.0,0.0,81.9568954093,-0.175204106887,5.49233033096,57.9963341592,60.2186575343,44.9951970737
351,20.0,100.0,40.0,0.0,35.7196280624,1.71633608305,5.08063028079,8.74570708267,8.86323391926,6.13295499522
352,30.0,0.0,40.0,0.0,48.1030191688,-6.56003410702,4.06907342789,15.1413865717,16.8756879591,12.4422037196
353,30.0,10.0,40.0,0.0,35.2770704302,1.65717900557,4.83658597486,8.51801095404,8.63765089695,6.02010191792
354,30.0,20.0,40.0,0.0,49.7553190965,-3.64598483734,8.12424644021,16.8950721924,18.2145606956,12.023976448
355,30.0,30.0,40.0,0.0,46.3909821013,11.6718195278,12.1173151701,17.0433940945,15.55935172,8.97000035477
356,30.0,40.0,40.0,0.0,36.2967993981,1.66656780331,5.06705409844,9.03355521719,9.1632885781,6.35631300331
357,30.0,55.0,40.0,0.0,58.5505892545,-9.95282021669,22.6893949417,23.2914833098,26.5447887724,12.2304842045
358,30.0,70.0,40.0,0.0,36.7039727574,1.57049320913,5.03612084032,9.23299171686,9.37899039999,6.52197047198
359,30.0,85.0,40.0,0.0,65.1134214584,-6.33248622609,35.8385149382,31.2104549623,34.1904010312,11.6057180768
360,30.0,100.0,40.0,0.0,46.7931544987,24.0672091444,-11.9709398364,19.7497480146,15.8621822429,17.9271700654
361,40.0,0.0,40.0,0.0,59.9212045074,-15.8003331781,21.7791894617,23.3050197036,28.035951582,13.4006355565
362,40.0,10.0,40.0,0.0,52.1402050951,35.8350045171,-1.62741897799,27.6080434557,20.2691875666,17.4288811031
363,40.0,20.0,40.0,0.0,71.4740063842,-1.95710987578,42.6748323942,40.7092258176,42.8808204699,13.0438944059
364,40.0,30.0,40.0,0.0,72.6215894968,12.7099611332,2.94201094702,47.435138146,44.5907357031,34.7074407182
365,40.0,40.0,40.0,0.0,54.8599174883,20.5651532351,24.1315699554,26.726146776,22.7943891937,9.71937310036
366,40.0,55.0,40.0,0.0,61.3774712111,0.296241945686,-10.7797715646,28.6970054996,29.6803917839,30.9184178204
367,40.0,70.0,40.0,0.0,51.0412255229,-0.0563847829359,14.9950501025,18.604064597,19.3042025731,10.4984648322
368,40.0,85.0,40.0,0.0,52.7729937969,-10.5830455671,-26.0836911654,18.0187705126,20.8391414796,31.2208524053
369,40.0,100.0,40.0,0.0,45.8936404054,12.1290319719,12.2942736954,16.7379259267,15.1902217734,8.68152108043
370,55.0,0.0,40.0,0.0,43.8597195282,1.35685491823,5.58802850831,13.4608949983,13.7413710006,9.59431274067
371,55.0,10.0,40.0,0.0,36.4838028824,1.67418502534,5.09185718234,9.13100829149,9.26193906573,6.42323564223
372,55.0,20.0,40.0,0.0,42.8853081455,-1.55486279676,2.03364171727,12.3837212679,13.0811789993,10.1576524513
373,55.0,30.0,40.0,0.0,37.0327528665,1.70904043396,5.29222905383,9.42265937084,9.55561286648,6.59306480742
374,55.0,40.0,40.0,0.0,71.5539837156,12.8241838121,24.8795271077,45.8355258697,42.9985456182,20.6686605021
375,55.0,55.0,40.0,0.0,56.4358772355,22.4473477863,9.15439176941,28.9170696861,24.3493405836,15.9887220617
376,55.0,70.0,40.0,0.0,65.7212442447,-6.8923319894,10.100097362,31.7757073104,34.9647915439,23.0796014773
377,55.0,85.0,40.0,0.0,50.2181376376,6.40040454018,-4.63969711128,19.1716988085,18.6018834481,17.2968072903
378,55.0,100.0,40.0,0.0,53.8550354449,-18.439432521,-7.44781074968,17.4217836712,21.8383179331,21.572654653
379,70.0,0.0,40.0,0.0,47.1884287727,13.0415736701,8.21711965606,17.9344134996,16.1636225993,10.5408453037
380,70.0,10.0,40.0,0.0,46.2367908118,0.548920492591,11.4351294169,14.9844591784,15.4442777685,9.08788635643
381,70.0,20.0,40.0,0.0,40.7064708827,3.73191304779,0.655766406315,11.7889851007,11.6821799563,9.44636445924
382,70.0,30.0,40.0,0.0,43.8758332958,-2.48238000401,6.80490529204,12.882453965,13.7524711965,9.24795974346
383,70.0,40.0,40.0,0.0,40.6780030612,3.93144196506,0.773894300629,11.7999371852,11.6645946994,9.39765433654
384,70.0,55.0,40.0,0.0,69.5553283707,11.9105056056,46.5628133849,42.5590841743,40.1205815789,10.6094088694
385,70.0,70.0,40.0,0.0,54.7155033281,27.5024274064,-6.65930862137,28.3095465689,22.6553065466,21.9263091442
386,70.0,85.0,40.0,0.0,63.6552552929,-8.32151290365,32.4884992711,29.0076680372,32.3794400389,11.8877951009
387,70.0,100.0,40.0,0.0,47.705853819,12.9063725423,-16.4984108414,18.3322738802,16.563955478,20.7970298959
388,85.0,0.0,40.0,0.0,52.3776713076,-21.8434785179,12.1008106769,15.6766358083,20.4818391433,12.2116439037
389,85.0,10.0,40.0,0.0,55.445795892,38.8216272928,8.17922711337,32.1701793301,23.364477211,15.6873131573
390,85.0,20.0,40.0,0.0,65.5138593523,-1.69018632313,31.3606992672,32.9797957583,34.6992748918,13.4231212752
391,85.0,30.0,40.0,0.0,49.8183809978,20.9623816203,-4.55004157486,21.8150571217,18.267016381,16.9588477518
392,85.0,40.0,40.0,0.0,54.4289894918,-15.0217587823,11.3932573976,18.5340396583,22.3810472442,13.7411733679
393,85.0,55.0,40.0,0.0,55.4468188604,15.9156133964,-2.16765795531,26.2081681369,23.3654808304,20.3147294022
394,85.0,70.0,40.0,0.0,60.4893565978,-5.31577673347,29.496648359,26.3306338435,28.670089964,11.0683824582
395,85.0,85.0,40.0,0.0,36.508990215,1.60661267674,4.93037796202,9.13593658018,9.27528006802,6.46958308276
396,85.0,100.0,40.0,0.0,51.2941574422,-17.2554137876,11.3960040356,15.6624643613,19.5235195667,11.8132077432
397,100.0,0.0,40.0,0.0,51.1573460275,-14.1723341322,11.2517778988,16.0958544756,19.4046854602,11.7821894389
398,100.0,10.0,40.0,0.0,52.2214242956,2.40312287316,-16.9083291987,20.1003145415,20.3417531048,25.1125450944
399,100.0,20.0,40.0,0.0,61.3060101025,-1.26550505082,29.2529000334,28.2174941863,29.5982347122,11.6127867537
400,100.0,30.0,40.0,0.0,61.1933632277,16.0486844153,-7.62362543279,32.7303058857,29.4690354706,28.7373058466
401,100.0,40.0,40.0,0.0,63.287762435,23.1260834033,38.083897539,37.4768883406,31.9333527161,9.89242282197
402,100.0,55.0,40.0,0.0,52.0474903373,-10.1748656824,-8.69744202252,17.5094690778,20.1865624714,20.6416637055
403,100.0,70.0,40.0,0.0,55.5520446055,-5.15410138891,-1.27629695609,21.515185755,23.4688698829,19.97151963
404,100.0,85.0,40.0,0.0,61.8570424966,0.534358918946,6.35466551071,29.2956327192,30.2356799524,21.5696628101
405,100.0,100.0,40.0,0.0,63.3474031753,10.6581723914,13.1816614318,33.8389015199,32.0054683249,19.4863083121
406,0.0,0.0,55.0,0.0,64.4300409364,23.797438575,19.3073789409,39.2274214236,33.3334988338,17.540872048
407,0.0,10.0,55.0,0.0,41.8404283311,3.70495978592,0.698719766413,12.4953978795,12.3971122507,10.015411419
408,0.0,20.0,55.0,0.0,36.9734059878,1.67245594951,5.22677551423,9.38681552025,9.52356881506,6.58460311272
409,0.0,30.0,55.0,0.0,40.7317537946,3.52720230098,0.994527115718,11.7753466535,11.697812629,9.36049181321
410,0.0,40.0,55.0,0.0,43.6757102576,5.98969691662,8.95088522759,14.0676049042,13.6150368871,8.54961781766
411,0.0,55.0,55.0,0.0,47.7466165082,13.0513909539,8.13009971225,18.3936937435,16.5957715567,10.8737405179
412,0.0,70.0,55.0,0.0,49.4180460233,-1.86634492466,-23.0194127498,16.9541766682,17.935716735,25.8348586482
413,0.0,85.0,55.0,0.0,55.8218411526,-8.64555192897,18.7186721783,21.023378291,23.7353496911,11.9777989106
414,0.0,100.0,55.0,0.0,57.4991026336,9.72405863498,-12.4407726209,26.8578725249,25.4373662169,27.7967340557
415,10.0,0.0,55.0,0.0,61.5125563765,9.3369382887,33.2843622834,31.2509624583,29.8361109175,10.4249674684
416,10.0,10.0,55.0,0.0,66.4433162426,23.7078854232,0.449267764765,42.0192373536,35.8998298782,29.3411348199
417,10.0,20.0,55.0,0.0,36.6245210516,1.6942852002,5.29498991801,9.20653751052,9.33663757813,6.43214940079
418,10.0,30.0,55.0,0.0,41.334829869,3.6893747169,1.29826775921,12.1730231348,12.0748464509,9.57560263953
419,10.0,40.0,55.0,0.0,36.3098553353,1.67345105569,5.16460473562,9.04109482486,9.1701531582,6.33951297903
420,10.0,55.0,55.0,0.0,42.4387421989,6.47844801041,4.19143613312,13.3052897007,12.7858207599,9.28706472119
421,10.0,70.0,55.0,0.0,47.1319116613,11.9028243921,13.2629061077,17.6750784058,16.1202900883,9.00722932484
422,10.0,85.0,55.0,0.0,37.4649827282,1.6815212959,5.2623282743,9.64976321947,9.79116399844,6.77264537363
423,10.0,100.0,55.0,0.0,37.8504294827,1.58372248389,5.33433934429,9.84607640282,10.0044575632,6.91210565401
424,20.0,0.0,55.0,0.0,37.8929730432,1.6959604051,5.32604435819,9.88348800702,10.0281878247,6.93147021361
425,20.0,10.0,55.0,0.0,55.8116505542,12.1129183327,25.1965017551,25.6704951222,23.7252478991,9.89168487843
426,20.0,20.0,55.0,0.0,49.2804578213,1.4490112881,-12.6616188311,17.4533173745,17.8227865905,20.2478571305
427,20.0,30.0,55.0,0.0,55.2306933894,-0.341669147359,17.0917572599,22.2529237676,23.1540809988,12.1867474887
428,20.0,40.0,55.0,0.0,57.0371188444,12.5356305517,-1.42180463097,27.0607867173,24.9607097946,21.3007107679
429,20.0,55.0,55.0,0.0,57.6843834883,20.1679748853,26.8832339099,29.7286572281,25.6302235874,10.3630226228
430,20.0,70.0,55.0,0.0,59.2383737649,35.4569862593,0.441126632156,35.9203032424,27.2862737678,22.2851285482
431,20.0,85.0,55.0,0.0,68.6910920694,-1.60189975791,42.1305425875,37.0356155735,38.9169889779,11.5643831993
432,20.0,100.0,55.0,0.0,50.7351899108,20.086172499,-9.84738696484,22.4824152876,19.0410430266,20.0997383585
433,30.0,0.0,55.0,0.0,58.4108279993,-16.1856187735,21.797636625,21.7910948157,26.3957765791,12.4574700787
434,30.0,10.0,55.0,0.0,44.5307917037,8.20526844716,-21.0042917037,15.035170973,14.2087245476,20.3224593985
435,30.0,20.0,55.0,0.0,49.6047897259,6.54444014328,15.856038211,18.6832431417,18.0897546192,9.48776215426
436,30.0,30.0,55.0,0.0,42.3235011115,6.44818460017,4.54613283943,13.2240398999,12.7103289835,9.12831293123
437,30.0,40.0,55.0,0.0,43.6390763307,-2.49030218655,7.2661720053,12.7275800248,13.5899781418,9.00005191293
438,30.0,55.0,55.0,0.0,41.7291870883,3.80441834433,0.798127674104,12.4391784688,12.325721722,9.92731495904
439,30.0,70.0,55.0,0.0,44.3777001458,-2.80758112667,7.52341286005,13.1623667435,14.1011889189,9.29025447795
440,30.0,85.0,55.0,0.0,58.0119373445,35.7089836615,14.9666545197,34.4333364593,25.9735522631,14.7400344339
441,30.0,100.0,55.0,0.0,70.9332921654,-1.01766491494,17.7046231016,40.2579239429,42.0905317417,23.8187983208
442,40.0,0.0,55.0,0.0,55.2065598706,12.57540194,2.37816279558,25.1601790686,23.1305546176,17.9973846894
443,40.0,10.0,55.0,0.0,60.3538400631,-13.1356352777,0.829410675046,24.3366862466,28.5179750061,23.0883589238
444,40.0,20.0,55.0,0.0,47.4649569385,1.06238305227,-9.36321923537,15.9767451114,16.3767606387,17.2866149208
445,40.0,30.0,55.0,0.0,50.5107522526,7.65781552647,10.0506335719,19.67239905,18.8495771347,11.8114030935
446,40.0,40.0,55.0,0.0,43.9869029713,6.27990374065,9.09806391646,14.3308290085,13.8291457576,8.65636983752
447,40.0,55.0,55.0,0.0,43.6765862456,-1.54946056517,1.71393101734,12.89366057,13.6156364669,10.682207337
448,40.0,70.0,55.0,0.0,37.0198755932,1.69667197382,5.29844747633,9.41433064124,9.54865375036,6.58654137679
449,40.0,85.0,55.0,0.0,43.9006259612,-1.56531824614,1.80445938147,13.0378933889,13.7695616451,10.7761560452
450,40.0,100.0,55.0,0.0,56.3983423626,34.8573367699,28.3784890659,32.2095794825,24.3115081199,9.25283706276
451,55.0,0.0,55.0,0.0,67.2424788245,6.2424637243,-6.11111491289,37.5270034462,36.9539651791,34.5539699925
452,55.0,10.0,55.0,0.0,53.9151674846,11.1700207162,21.6009263271,23.5488169774,21.8947625396,9.99003965611
453,55.0,20.0,55.0,0.0,58.2959957212,-5.87072705519,-18.5986974443,23.9676866716,26.2737615979,32.5587036309
454,55.0,30.0,55.0,0.0,46.1071715376,-4.59245235746,8.49007060745,14.0513028546,15.3479821685,9.88403486395
455,55.0,40.0,55.0,0.0,67.9960198194,16.8029248386,13.9747495883,41.9486861438,37.966639131,23.1046885251
456,55.0,55.0,55.0,0.0,51.9000621455,20.832543542,17.4613288351,23.7702942266,20.055641026,10.1929133495
457,55.0,70.0,55.0,0.0,61.5487602249,1.12517058085,-2.57793592059,29.103092896,29.877937172,26.1060497641
458,55.0,85.0,55.0,0.0,44.0604167418,1.42679241315,5.69884117789,13.6069956997,13.8800508211,9.66383410234
459,55.0,100.0,55.0,0.0,65.4392842338,6.25229944578,10.791772996,35.1835619913,34.6041253362,22.4617182219
460,70.0,0.0,55.0,0.0,37.4827888198,1.62503819303,5.2047747187,9.65229096139,9.80094986707,6.7932963393
461,70.0,10.0,55.0,0.0,59.6113621439,-6.04180410399,-2.62242799363,25.2474569525,27.6940975894,24.257446154
462,70.0,20.0,55.0,0.0,37.5931512868,1.59260206645,5.13557201986,9.70768544319,9.86174833587,6.85425720581
463,70.0,30.0,55.0,0.0,49.0601376551,-7.06133743643,4.03132005854,15.7599250887,17.642940351,13.0435003802
464,70.0,40.0,55.0,0.0,38.3062428159,1.77621786467,5.44829663422,10.1212614643,10.2606601586,7.07254864789
465,70.0,55.0,55.0,0.0,48.7418309371,-7.19705111989,3.84001511312,15.5005974149,17.3852509659,12.9145677258
466,70.0,70.0,55.0,0.0,44.8923428478,6.28608418434,9.48121481658,14.974783529,14.46485499,8.98473568374
467,70.0,85.0,55.0,0.0,54.4822445169,0.0902856286635,13.5808701721,21.6502327275,22.4318560686,12.9708719993
468,70.0,100.0,55.0,0.0,37.321208248,1.75866040584,5.29116612629,9.58225663056,9.71238697706,6.70816444278
469,85.0,0.0,55.0,0.0,63.170607306,-17.1836618335,-19.1499643474,26.2550286231,31.7920081723,38.8933063064
470,85.0,10.0,55.0,0.0,48.3122285291,21.1224726712,15.7202117901,20.4829515643,17.0414564482,8.88837945278
471,85.0,20.0,55.0,0.0,74.8416568468,-6.52154677935,-4.4974299561,44.0360828805,48.026525911,43.1395168263
472,85.0,30.0,55.0,0.0,52.1019988481,42.6523903277,23.4378375211,29.3140518315,20.2351118493,8.56085325321
473,85.0,40.0,55.0,0.0,48.949460591,-8.09574533912,9.52961895462,15.4999579036,17.5530535626,11.0913142743
474,85.0,55.0,55.0,0.0,40.8454862929,3.64131154478,0.683213057261,11.86161925,11.768307033,9.50843278392
475,85.0,70.0,55.0,0.0,48.6539814578,-7.76865994051,9.56566376534,15.338622206,17.3145757739,10.9150937014
476,85.0,85.0,55.0,0.0,42.7055596714,6.47481828631,4.14463047417,13.4831927127,12.9617526828,9.43406719551
477,85.0,100.0,55.0,0.0,54.4171706902,-0.562064432901,19.7747771532,21.4514691924,22.3697817367,10.827740648
478,100.0,0.0,55.0,0.0,43.7940678758,9.58028710443,-8.95290620942,14.7354056215,13.6962076764,14.5080674753
479,100.0,10.0,55.0,0.0,61.7343966747,-22.7608586096,3.39050743242,23.4974724401,30.0930168909,22.9927455847
480,100.0,20.0,55.0,0.0,50.2701065593,22.3855767715,1.44632473703,22.5470744955,18.6457148855,14.8077972267
481,100.0,30.0,55.0,0.0,73.4219987282,-9.7520943207,22.4874315711,40.9053991198,45.8098796506,23.5538478815
482,100.0,40.0,55.0,0.0,54.1820304017,42.5967923675,12.3515241839,31.7070629836,22.1464345671,13.2291492408
483,100.0,55.0,55.0,0.0,42.917437931,15.0944423697,-18.6911260231,15.0242896399,13.1026032657,17.9441354741
484,100.0,70.0,55.0,0.0,59.52349299,-25.188478888,25.0581979265,20.9004819335,27.5976585097,11.9923791105
485,100.0,85.0,55.0,0.0,48.4450645279,27.9497886878,-9.53675293427,22.0452686172,17.1472713688,18.1129621932
486,100.0,100.0,55.0,0.0,71.532279827,-10.3449749155,47.01935798,38.1169831691,42.9665766221,11.5676508955
487,0.0,0.0,70.0,0.0,54.5641681545,43.9149613085,0.558172905225,32.5314334215,22.5101666886,18.3187774774
488,0.0,10.0,70.0,0.0,54.0120335961,-8.61150057803,-14.2169047427,19.437229955,21.9858929919,25.33486443
489,0.0,20.0,70.0,0.0,38.070961416,1.74693739762,5.47398906417,9.98752515077,10.1278744118,6.96926887305
490,0.0,30.0,70.0,0.0,62.6044290446,0.913055964387,-3.43091465819,30.2470962089,31.1148050867,27.6725376727
491,0.0,40.0,70.0,0.0,49.9072382577,25.5635002095,17.4424468145,22.90331847,18.3410997588,9.17949066051
492,0.0,55.0,70.0,0.0,57.661925747,-18.1243904852,-10.2009960773,20.7007259205,25.6067957663,26.6392715581
493,0.0,70.0,70.0,0.0,46.3863964478,13.4919604926,13.6283977565,17.3735648574,15.5559211977,8.54854873552
494,0.0,85.0,70.0,0.0,67.4114845736,-6.65558306764,7.06146772611,33.8976097546,37.1795034342,26.3763511433
495,0.0,100.0,70.0,0.0,50.4685553202,32.5587384578,20.9406963816,25.0565868413,18.8137232412,8.47393473186
496,10.0,0.0,70.0,0.0,42.3281292371,15.2749862426,-16.7277815594,14.6324537045,12.7133550192,16.6433635536
497,10.0,10.0,70.0,0.0,57.0958319612,28.0294033267,11.2727311364,31.1568408612,25.020954483,15.5857942836
498,10.0,20.0,70.0,0.0,50.8998332823,-7.14586592746,-5.07698802341,17.156073476,19.1823203157,18.0107345374
499,10.0,30.0,70.0,0.0,56.9492277403,8.10529742991,24.2536373188,25.8855567928,24.8707068438,10.7915869396
500,10.0,40.0,70.0,0.0,53.0668461989,-10.5601236291,-9.67221218128,18.2637292535,21.1074081502,22.0135916752
501,10.0,55.0,70.0,0.0,51.2787791784,-14.3155398626,11.5753275021,16.1626361544,19.5101379044,11.7436236833
502,10.0,70.0,70.0,0.0,56.3172293177,8.64231001869,11.7532643785,25.3625382456,24.2298858676,14.8547595023
503,10.0,85.0,70.0,0.0,44.1440050344,-2.62143769188,7.34437868147,13.0368155865,13.9380836455,9.22579247662
504,10.0,100.0,70.0,0.0,54.5572457966,39.312079134,13.5355842578,31.2496941746,22.503542584,13.0339168716
505,20.0,0.0,70.0,0.0,42.2289623787,15.6227063409,-12.7796221484,14.6193350903,12.6486211808,14.9507662227
506,20.0,10.0,70.0,0.0,41.3208435743,3.48097438602,0.848224785767,12.1339450306,12.0660119693,9.7015734675
507,20.0,20.0,70.0,0.0,53.2661060056,30.9462985787,10.9164636891,27.5990757576,21.2906221228,13.1765763217
508,20.0,30.0,70.0,0.0,48.7826354056,-8.42310568487,6.1463842244,15.3216594399,17.4181436004,12.127373721
509,20.0,40.0,70.0,0.0,67.2566254282,10.7495905856,18.8651107596,38.9535190239,36.9728087535,19.9902263942
510,20.0,55.0,70.0,0.0,52.1436555195,-13.4532154544,7.23379667807,16.9835092811,20.272266843,13.8234685808
511,20.0,70.0,70.0,0.0,49.5958919971,21.5557227498,7.56494422652,21.7366024564,18.0823952829,12.121723804
512,20.0,85.0,70.0,0.0,57.8843045184,-6.920639558,23.1069727518,23.3274647109,25.8394104827,11.6955077559
513,20.0,100.0,70.0,0.0,44.2938947464,9.27735073071,-0.501484824574,15.0437163374,14.0425522256,11.7550675797
514,30.0,0.0,70.0,0.0,51.2089534836,-13.9299002759,11.9618948441,16.1775323646,19.4494547785,11.5734119317
515,30.0,10.0,70.0,0.0,43.1529411382,6.36474847964,-4.08220915626,13.7685929626,13.2603522649,12.3082753868
516,30.0,20.0,70.0,0.0,66.4191516074,4.9444213816,24.5173519079,36.0519788989,35.8682717574,16.7675933774
517,30.0,30.0,70.0,0.0,53.5478134842,37.6367534277,17.5436040326,29.6333705209,21.5514489763,11.0634749887
518,30.0,40.0,70.0,0.0,60.1364402829,-8.76100826502,11.3812719996,25.1396488445,28.2750730477,17.7726049439
519,30.0,55.0,70.0,0.0,52.0951612192,17.3363751991,7.7336409291,23.1714294559,20.2290174777,13.6051723948
520,30.0,70.0,70.0,0.0,53.5188539477,-16.109163926,1.02314009812,17.5852327944,21.5245382758,17.3090624725
521,30.0,85.0,70.0,0.0,50.8324849308,34.6256934885,16.4356544468,25.9229234774,19.1244458429,9.94476401523
522,30.0,100.0,70.0,0.0,37.6237121532,1.61160997003,5.23411854994,9.72657098914,9.8786285972,6.84345788088
523,40.0,0.0,70.0,0.0,47.5971303639,15.4290611972,7.08142095289,18.7280136277,16.4792936161,11.1292242836
524,40.0,10.0,70.0,0.0,61.1686873402,-13.7487677417,-14.3262399749,25.0127331493,29.4407839934,33.0138879839
525,40.0,20.0,70.0,0.0,50.7473506333,34.857550785,19.1059311941,25.8903782739,19.0514541023,9.11807151079
526,40.0,30.0,70.0,0.0,69.8617395597,-10.8924116063,8.89045276314,35.753114676,40.5531955122,27.7869473798
527,40.0,40.0,70.0,0.0,46.9238649754,13.7394757112,10.4492339888,17.8511325169,15.9614449244,9.71922047311
528,40.0,55.0,70.0,0.0,58.1681978781,-23.0292994697,-9.08477644313,20.1410678171,26.1384128089,26.4977857481
529,40.0,70.0,70.0,0.0,57.3642954361,-25.2394536583,-0.533414125362,19.0071193135,25.2976561685,21.1383972319
530,40.0,85.0,70.0,0.0,66.3406345662,-4.53508098368,13.5340348611,33.1836010344,35.7658590863,21.8496561823
531,40.0,100.0,70.0,0.0,53.7114344499,-8.22167544232,-5.46031075022,19.2576064822,21.703915514,20.4612326156
532,55.0,0.0,70.0,0.0,46.6064574045,16.3549804334,-2.04265688597,18.0865794177,15.7211177994,13.7219971558
533,55.0,10.0,70.0,0.0,37.1636416757,1.61236810985,5.16628949029,9.48015964366,9.62653953759,6.67412700867
534,55.0,20.0,70.0,0.0,42.6595448031,6.25044038642,-3.22787691525,13.4174128742,12.9312973408,11.7242195824
535,55.0,30.0,70.0,0.0,46.3201356858,12.1969106212,12.8878082128,17.0834622103,15.5064078641,8.72069464655
536,55.0,40.0,70.0,0.0,44.258855224,1.56343947397,-3.30750715238,13.7631505135,14.0180841548,12.7065813313
537,55.0,55.0,70.0,0.0,66.0076275431,5.95590173947,15.4867567084,35.8235604979,35.3336722697,20.5852073429
538,55.0,70.0,70.0,0.0,59.4761817444,-17.1457462891,2.63772399155,22.5800370093,27.5458258236,21.3739318024
539,55.0,85.0,70.0,0.0,50.5573924979,-12.730867556,6.83321802947,15.8959351136,18.8892593897,12.9639032772
540,55.0,100.0,70.0,0.0,65.7749164724,-0.332844300288,13.9420554209,33.6872599751,35.0337284917,21.1511809422
541,70.0,0.0,70.0,0.0,49.9123831344,-1.41058016436,-5.31653245694,17.4281935325,18.3453953445,17.362259901
542,70.0,10.0,70.0,0.0,52.4965071232,22.1363242473,5.96762427625,24.6625750616,20.5888130378,14.5405952663
543,70.0,20.0,70.0,0.0,41.0281890045,3.49591806119,1.45793559816,11.9537461813,11.882142957,9.37432974748
544,70.0,30.0,70.0,0.0,37.009485822,1.66753749064,5.21911610401,9.40526584035,9.54304138967,6.60064414606
545,70.0,40.0,70.0,0.0,48.9629506131,-5.63702894553,-3.06569283431,15.9344505236,17.5639931577,15.7149930976
546,70.0,55.0,70.0,0.0,42.3453172029,5.72599551621,8.90586492279,13.1276262384,12.7245973364,7.95019849442
547,70.0,70.0,70.0,0.0,52.9342526875,0.867259103265,5.63806854919,20.4145006818,20.9860763082,14.9665078378
548,70.0,85.0,70.0,0.0,47.9827367672,20.045262854,15.9937614034,19.9728349466,16.7808698728,8.65462756775
549,70.0,100.0,70.0,0.0,58.8166055252,-17.9526307361,10.7984176695,21.7872375021,26.8299604595,17.030381712
550,85.0,0.0,70.0,0.0,56.5079110022,6.94701494944,11.7027436677,25.1556635336,24.4220553598,15.0049324187
551,85.0,10.0,70.0,0.0,68.9818130436,-6.19750646147,27.8500928492,36.0231689525,39.3191399081,17.2363324932
552,85.0,20.0,70.0,0.0,60.8282374762,29.1117475882,22.8193011188,36.0725686324,29.0528433649,13.5945194169
553,85.0,30.0,70.0,0.0,66.9355156647,-5.54192692137,24.13143863,33.6280315404,36.5466589301,17.3194978326
554,85.0,40.0,70.0,0.0,47.7975024793,-2.4043081344,7.79061436671,15.6244851861,16.6355461972,11.0112459841
555,85.0,55.0,70.0,0.0,60.8991554984,-4.78593907502,-11.2968913939,26.8937675712,29.1333712819,30.7209881779
556,85.0,70.0,70.0,0.0,54.8455629591,17.399768018,20.2671997193,25.9402368162,22.780539201,10.9066143578
557,85.0,85.0,70.0,0.0,42.4543060844,0.527308240867,4.40990811624,12.4167991785,12.796039155,9.23188256159
558,85.0,100.0,70.0,0.0,46.0829839293,5.42010415858,9.0222250582,15.6992767763,15.3300573582,9.71244538017
559,100.0,0.0,70.0,0.0,57.4476980611,-0.558064985208,-10.2609109693,24.348494545,25.3840315809,26.4594354485
560,100.0,10.0,70.0,0.0,51.8663988728,25.1132207117,19.3467692709,24.7234491322,20.0258264502,9.60784653666
561,100.0,20.0,70.0,0.0,67.0172033065,11.429178066,2.5784030356,38.8422059094,36.6547556297,28.6388250832
562,100.0,30.0,70.0,0.0,48.9256080023,30.5186784987,-7.54592510528,23.0643516127,17.5337216689,17.5945005975
563,100.0,40.0,70.0,0.0,51.3640336683,8.16999646082,-0.996953227654,20.5245572273,19.5844006439,16.5788779444
564,100.0,55.0,70.0,0.0,58.199617195,-3.29908957725,1.27507880826,24.4642473959,26.1716453417,20.9550683573
565,100.0,70.0,70.0,0.0,50.4834336135,-4.71260658281,14.2620125608,17.2731853594,18.8263598369,10.4270308738
566,100.0,85.0,70.0,0.0,55.2435355898,-7.8328518515,-5.73373679173,20.6732413904,23.1666066227,21.9185488458
567,100.0,100.0,70.0,0.0,52.59423812,-10.468415074,16.748076347,17.8950264307,20.6770673576,10.7906169393
568,0.0,0.0,85.0,0.0,49.4460318793,-2.63426068542,1.42108414628,16.8369124757,17.9587452957,14.2650157835
569,0.0,10.0,85.0,0.0,45.6065828909,0.475769138013,11.5855670813,14.5227833094,14.9798475704,8.74062385731
570,0.0,20.0,85.0,0.0,50.7949113507,18.1330770686,2.42433097404,22.1128162668,19.0922083768,14.7790028141
571,0.0,30.0,85.0,0.0,48.9872979453,25.1604152228,15.7237841919,21.9476014986,17.5837488799,9.21749323626
572,0.0,40.0,85.0,0.0,41.7037265927,5.98119457895,4.55394833017,12.7470089468,12.3094207511,8.82472779533
573,0.0,55.0,85.0,0.0,48.2645951604,13.0052672333,-0.762351961481,18.8160903251,17.0036188119,14.3213510648
574,0.0,70.0,85.0,0.0,53.1840198479,3.70288398594,-0.0815727355251,21.229126412,21.2150182602,17.5405458816
575,0.0,85.0,85.0,0.0,59.9177695146,-6.45509394106,5.13087940547,25.4629393358,28.0321463631,20.5147171243
576,0.0,100.0,85.0,0.0,52.4555171032,-9.69529766266,11.6069096511,17.9280227696,20.5518725733,12.4304507223
577,10.0,0.0,85.0,0.0,51.4875397484,15.4056187116,9.33390763258,22.1687900619,19.692317129,12.6433330644
578,10.0,10.0,85.0,0.0,49.8209812268,6.63065720765,15.7085083511,18.8811666705,18.2691814435,9.64084386533
579,10.0,20.0,85.0,0.0,46.4358325067,3.77676483999,0.0890308191056,15.6781643921,15.5929308518,12.8339032316
580,10.0,30.0,85.0,0.0,42.9427164344,-2.2948749817,7.3697842723,12.3113218096,13.1194755029,8.63655128243
581,10.0,40.0,85.0,0.0,44.6320353663,1.04306083962,-2.66129623362,13.9358132267,14.2801403041,12.7055868209
582,10.0,55.0,85.0,0.0,61.1405112262,5.01187834183,19.1227843478,29.6603245326,29.4085471858,15.2313931029
583,10.0,70.0,85.0,0.0,66.0969847882,16.6185731254,30.0085640427,39.2294027498,35.4492991172,14.3115651173
584,10.0,85.0,85.0,0.0,64.6492524619,5.58472172117,22.7506665349,33.9939918726,33.6067930117,16.2239117808
585,10.0,100.0,85.0,0.0,63.3091451666,-4.47449522302,16.0119028419,29.6237433063,31.9591955366,18.1485975105
586,20.0,0.0,85.0,0.0,57.6949647497,-10.4921327458,7.10064219164,22.355693613,25.6412668653,17.8042836299
587,20.0,10.0,85.0,0.0,62.7820751176,14.4154651305,33.9804237148,34.2204416109,31.3262406659,10.897116463
588,20.0,20.0,85.0,0.0,58.4117733273,18.9460850502,-3.68620514304,30.2367437696,26.3967826015,23.7119216773
589,20.0,30.0,85.0,0.0,57.9583254735,-5.67758820115,20.4634402895,23.6801220592,25.917149917,12.6529024948
590,20.0,40.0,85.0,0.0,50.4881878402,7.22095544149,-14.2488102594,19.5654991939,18.8303989415,22.0806659961
591,20.0,55.0,85.0,0.0,59.3385285644,28.4109296231,31.0751937233,33.9752731871,27.3953866035,9.95263385887
592,20.0,70.0,85.0,0.0,60.4023514975,7.17947330385,-0.443876320651,29.3937660821,28.57236626,23.814314435
593,20.0,85.0,85.0,0.0,55.8851029616,5.94418693646,21.5125086085,24.2946627622,23.7981243612,11.083234021
594,20.0,100.0,85.0,0.0,36.8974325497,1.59806436837,4.96407861362,9.33769991414,9.48265199669,6.61486464982
595,30.0,0.0,85.0,0.0,69.8920611086,-12.3285248967,19.7204161277,35.3647254115,40.5961740261,21.8173999133
596,30.0,10.0,85.0,0.0,54.880063562,-15.9371297552,-2.65708167472,18.7330129243,22.8138366345,20.0785186856
597,30.0,20.0,85.0,0.0,61.9352754455,5.78574713425,10.7930124185,30.7813186769,30.3269165562,19.4645386055
598,30.0,30.0,85.0,0.0,42.2493608776,8.717585734,-8.13105225034,13.5263187787,12.6619188562,13.1959404078
599,30.0,40.0,85.0,0.0,47.0556214583,12.2859331911,13.009134439,17.6852125116,16.0619201788,9.04182956481
600,30.0,55.0,85.0,0.0,45.7835294233,12.5777287654,3.44140426843,16.7332599544,15.1092940872,11.297088978
601,30.0,70.0,85.0,0.0,36.0065719008,1.59054003891,4.87551215399,8.87611086216,9.01157527455,6.28735754169
602,30.0,85.0,85.0,0.0,48.7723501306,7.84552512522,4.1783431015,18.2436799167,17.4098486944,12.812139596
603,30.0,100.0,85.0,0.0,57.1563063682,-9.74876756797,-0.084961764126,22.0128147955,25.0831076679,20.7380383911
604,40.0,0.0,85.0,0.0,69.5662252232,-5.91697545854,19.3254682489,36.8698814441,40.135913543,21.7324439878
605,40.0,10.0,85.0,0.0,55.6068721042,-6.14880869953,16.5953343519,21.3541757662,23.5228610303,12.587020289
606,40.0,20.0,85.0,0.0,54.4277376892,-11.7662181621,-2.66881315019,19.167403602,22.3798538654,19.7102356415
607,40.0,30.0,85.0,0.0,57.4542548859,11.105111537,8.88370619864,27.1520236753,25.3908304395,16.8433969006
608,40.0,40.0,85.0,0.0,45.460782383,8.00542662197,-6.37714776473,15.6826217738,14.8737434274,14.6240893848
609,40.0,55.0,85.0,0.0,46.5541700808,12.1919567388,8.86204042568,17.2673179249,15.6817610521,10.0044378842
610,40.0,70.0,85.0,0.0,50.7419708773,-17.9327439412,12.7049781245,15.141737177,19.0468479008,11.0637882774
611,40.0,85.0,85.0,0.0,48.2774278824,1.14708870558,-2.29876139052,16.6109643988,17.0138069857,14.9299806275
612,40.0,100.0,85.0,0.0,60.4883618316,-10.8960830141,12.3306960101,24.9939702712,28.6689713902,17.620648206
613,55.0,0.0,85.0,0.0,54.8131756577,17.3190751186,12.0676055136,25.8871595112,22.7493108677,13.7366938854
614,55.0,10.0,85.0,0.0,68.3032779855,5.5602634825,29.069072493,38.7395829931,38.384811969,16.2162284727
615,55.0,20.0,85.0,0.0,42.0547308878,8.79437230401,-6.99333561288,13.4076238726,12.5354197522,12.665950491
616,55.0,30.0,85.0,0.0,46.8976756791,-7.58689562648,10.2006577411,14.1175592159,15.941523466,9.77984493373
617,55.0,40.0,85.0,0.0,43.6493725879,12.0074139323,-4.81983738225,15.0356612571,13.5970179928,12.8713918504
618,55.0,55.0,85.0,0.0,52.7901170934,-0.493007360025,20.1551124323,20.009962903,20.8547111224,9.84117222677
619,55.0,70.0,85.0,0.0,49.1227498214,21.6061283747,1.46910700984,21.313145954,17.6939266935,14.0337416872
620,55.0,85.0,85.0,0.0,54.9532457039,-18.5384291881,14.897248811,18.2928874391,22.8845740067,12.7899164385
621,55.0,100.0,85.0,0.0,49.9426131597,14.3596521204,-10.9892479579,20.5375216454,18.3706486944,19.9914834625
622,70.0,0.0,85.0,0.0,65.3712861593,-6.07877229514,33.2267018449,31.5842872873,34.5175191067,12.6591815215
623,70.0,10.0,85.0,0.0,56.9980759529,30.2005196456,-0.0895635150771,31.6359637806,24.9207020243,20.6061145279
624,70.0,20.0,85.0,0.0,55.9626410302,-11.9539063833,16.9131885599,20.4622655571,23.875216204,12.691739667
625,70.0,30.0,85.0,0.0,46.2565511669,17.1673529489,-8.60006783208,17.9549818423,15.4589932439,16.0733759116
626,70.0,40.0,85.0,0.0,63.3001946284,4.6740555276,33.2456663121,32.0888697181,31.9483763662,11.4280798013
627,70.0,55.0,85.0,0.0,53.8002294184,31.4235108615,1.48315569685,28.3033973072,21.7869573128,17.3200388746
628,70.0,70.0,85.0,0.0,49.7545767821,26.5665128268,-2.45422595408,22.9799562013,18.2139438279,16.0256920079
629,70.0,85.0,85.0,0.0,44.4452350952,2.68689957161,-5.73295739063,14.0698689987,14.1485601514,13.7085478267
630,70.0,100.0,85.0,0.0,63.4733649449,15.8725757434,16.2761778053,35.5233511946,32.1581337616,18.1571054694
631,85.0,0.0,85.0,0.0,48.3233229428,-8.03869593363,9.15457183021,15.0524668272,17.050277364,10.8640796679
632,85.0,10.0,85.0,0.0,63.1456084655,0.691708115684,5.44798807764,30.8145465445,31.761901832,23.1916656075
633,85.0,20.0,85.0,0.0,61.166618639,-1.05701307552,30.5376926225,28.117561232,29.4384163535,11.1095090086
634,85.0,30.0,85.0,0.0,47.8449990918,-5.42812561839,-3.12922248911,15.1447131387,16.6727288666,14.9636192153
635,85.0,40.0,85.0,0.0,51.4800380541,15.0623552308,19.8566104837,22.0873370734,19.6857510582,9.26494303687
636,85.0,55.0,85.0,0.0,43.4917796424,1.71354146867,-1.49039354459,13.2704125797,13.4895329797,11.6225354471
637,85.0,70.0,85.0,0.0,50.5547679695,27.9088527379,1.38782067639,24.0620933105,18.8870249222,15.0251557981
638,85.0,85.0,85.0,0.0,48.7265657048,20.5821086548,12.9824173408,20.7405820165,17.3729562569,9.8912097084
639,85.0,100.0,85.0,0.0,41.6008171495,-0.683875505067,2.61026847784,11.7092342455,12.2436798758,9.32649487513
640,100.0,0.0,85.0,0.0,59.0050622099,21.8628728849,14.2344812925,31.7222279667,27.0332187768,15.720652359
641,100.0,10.0,85.0,0.0,52.3318722598,-17.5530255616,8.81457132251,16.3926702876,20.44071078,13.3563128077
642,100.0,20.0,85.0,0.0,61.1508723079,-0.863876570932,24.2100600384,28.149442196,29.4203987518,13.2864730694
643,100.0,30.0,85.0,0.0,75.102217489,-7.19904608279,34.2204138094,44.1891498717,48.4409750915,19.1236018206
644,100.0,40.0,85.0,0.0,52.0039050246,37.1054188618,7.58514329391,27.7800364667,20.1477980347,13.6018825261
645,100.0,55.0,85.0,0.0,62.2754531189,-19.5130771969,16.1289038021,24.7796061243,30.7257719822,17.3054888417
646,100.0,70.0,85.0,0.0,46.7958759963,20.1022516887,-4.68483093884,18.9656401414,15.8642447653,14.863430402
647,100.0,85.0,85.0,0.0,57.7527262779,-16.410199213,-17.7321371454,21.14057073,25.7016063983,31.3727316353
648,100.0,100.0,85.0,0.0,48.7216842058,20.4761577059,16.6627374934,20.7142170535,17.369025892,8.8222566499
649,0.0,0.0,100.0,0.0,57.8810352563,-3.86818159851,-0.235069251406,24.0166485305,25.835980577,21.4356218124
650,0.0,10.0,100.0,0.0,42.7284276849,5.87461720263,9.22991201187,13.4051566476,12.9769058479,8.03804859751
651,0.0,20.0,100.0,0.0,52.5915632405,-9.95220032248,-8.89547166594,17.9901960513,20.6746485025,21.2049701601
652,0.0,30.0,100.0,0.0,37.0315413149,1.6712929691,5.29914847126,9.41738604464,9.55495797757,6.59099665173
653,0.0,40.0,100.0,0.0,73.9794359596,-7.2100609378,48.1179726732,42.5419355692,46.6719376555,12.641584629
654,0.0,55.0,100.0,0.0,50.1120436805,25.4101722426,12.8255541153,23.0655645523,18.5126154383,10.6771381508
655,0.0,70.0,100.0,0.0,62.606192594,-20.9766513931,26.5962948998,24.7707269196,31.1168993858,13.3315593392
656,0.0,85.0,100.0,0.0,37.9703141398,1.67947534587,5.38809850879,9.92369608959,10.071423774,6.94840873594
657,0.0,100.0,100.0,0.0,72.3554707586,6.36715060748,47.1066335673,44.7856499477,44.1902407642,12.0182850505
658,10.0,0.0,100.0,0.0,48.4506173832,27.7804734047,-3.87542100492,22.0138347319,17.1517041919,15.6848561134
659,10.0,10.0,100.0,0.0,63.228757882,-11.5456134364,29.8624101094,27.7124437801,31.8621130457,12.5425877915
660,10.0,20.0,100.0,0.0,43.6168992019,10.6904259964,-18.280993879,14.7927782446,13.5748232473,18.302702062
661,10.0,30.0,100.0,0.0,68.9120686431,-4.20278843183,8.59152514407,36.5339742291,39.2224119224,26.9927989924
662,10.0,40.0,100.0,0.0,67.9822417082,0.25683898605,5.19082497008,36.6709978752,37.947958861,28.0629041768
663,10.0,55.0,100.0,0.0,38.8096309171,1.71737653529,5.60432620474,10.3954612689,10.5486447103,7.24521995004
664,10.0,70.0,100.0,0.0,64.6301585549,3.00130977168,-0.654275385893,33.2301190003,33.5829291922,28.1025106402
665,10.0,85.0,100.0,0.0,43.0674043105,5.17102195916,-1.81302762328,13.5231147164,13.2029108725,11.486016253
666,10.0,100.0,100.0,0.0,47.1230544272,-5.07636205348,8.72026923548,14.6846007025,16.1135061426,10.3486816158
667,20.0,0.0,100.0,0.0,45.9985623293,8.83419544169,11.1252868065,16.2313602289,15.2676040663,9.05922344415
668,20.0,10.0,100.0,0.0,42.1749621051,5.08479014051,-1.88160937158,12.918144348,12.6134636365,11.0041978219
669,20.0,20.0,100.0,0.0,46.7597749492,-5.16025399676,8.3339235882,14.4140833,15.8368996578,10.2744337115
670,20.0,30.0,100.0,0.0,45.5047915053,9.05018346159,11.1701801494,15.8963871077,14.9057174372,8.80726236199
671,20.0,40.0,100.0,0.0,51.8308962502,-22.4324138995,13.721180251,15.174425602,19.9944148455,11.3453957819
672,20.0,55.0,100.0,0.0,43.2146723304,14.2411544517,-12.3505851815,15.0960875033,13.3019105658,15.4599384537
673,20.0,70.0,100.0,0.0,59.120255756,-13.4342561647,26.87848367,23.0620136513,27.157963852,11.1521545875
674,20.0,85.0,100.0,0.0,48.7404182192,25.3617128716,-3.94095657295,21.7620286437,17.384112911,15.9172600632
675,20.0,100.0,100.0,0.0,69.572748031,-1.69415508398,44.8571297782,38.1807655762,40.1450930577,11.1661416837
676,30.0,0.0,100.0,0.0,67.0018301712,-1.64430506547,38.0055733421,34.8415418061,36.6343962046,11.974019034
677,30.0,10.0,100.0,0.0,66.3283836441,-1.48016157304,34.7715693175,34.0438944156,35.7498973597,12.696568692
678,30.0,20.0,100.0,0.0,41.2739345749,3.8025724412,0.688149556206,12.1513009984,12.0364132347,9.72511775956
679,30.0,30.0,100.0,0.0,58.6849997423,15.8291829144,30.6418137902,29.721847897,26.6886240376,9.74459297063
680,30.0,40.0,100.0,0.0,53.0139736756,31.3367533452,-6.01534026434,27.4244761067,21.0589703882,20.1465485792
681,30.0,55.0,100.0,0.0,52.2518510551,-6.94207638136,15.349966933,18.2837984269,20.368982515,11.0502578062
682,30.0,70.0,100.0,0.0,36.8882153493,1.77952739008,5.4109115862,9.35500295691,9.47769589938,6.50895588671
683,30.0,85.0,100.0,0.0,59.0603948597,15.9490514289,22.6190956099,30.183033287,27.0930916713,12.5625093479
684,30.0,100.0,100.0,0.0,53.9404521307,27.6080206831,5.1825508002,27.4907636258,21.9185256903,15.8520899178
685,40.0,0.0,100.0,0.0,51.8434778733,-5.55172550884,5.54698634414,18.2132590126,20.0055429097,14.2679448791
686,40.0,10.0,100.0,0.0,44.2131679383,11.3746224833,-6.66059942192,15.3389355638,13.9862234718,13.9068137203
687,40.0,20.0,100.0,0.0,63.3840015205,-13.7007607822,2.53479030978,27.3397110768,32.0497755418,25.0022208785
688,40.0,30.0,100.0,0.0,51.0496991806,27.3865094386,4.94390529994,24.4334187455,19.3115233468,13.9758919008
689,40.0,40.0,100.0,0.0,75.3432413181,-1.46307899883,19.0206251321,46.5602103695,48.8264655614,27.3819683908
690,40.0,55.0,100.0,0.0,44.2830827808,9.76441390996,-2.90176586185,15.1176896249,14.0349992038,12.5775971167
691,40.0,70.0,100.0,0.0,62.6451581868,-7.66199694214,-14.5344728636,28.0585866287,31.1631968668,34.8993848838
692,40.0,85.0,100.0,0.0,50.5315564439,24.9783111676,8.90053146813,23.3737849357,18.8672707949,12.2176435625
693,40.0,100.0,100.0,0.0,72.6070051222,3.1279444311,-2.05239303734,44.0420434701,44.5687245551,38.2759720169
694,55.0,0.0,100.0,0.0,75.4129193523,-2.89774008,1.20097049069,46.1574511218,48.9382875621,39.4631582148
695,55.0,10.0,100.0,0.0,37.9378369578,1.67264787588,5.46551346369,9.90505364492,10.0532529697,6.9167340653
696,55.0,20.0,100.0,0.0,71.852544323,2.44448634047,-0.638483841722,42.7054054581,43.4399246781,36.297650352
697,55.0,30.0,100.0,0.0,42.6603988271,-0.922100049161,2.59088955603,12.3342045451,12.9318621491,9.87094849438
698,55.0,40.0,100.0,0.0,74.9524079052,-3.94567677304,7.52061229757,45.0919957717,48.2023970737,34.3198257029
699,55.0,55.0,100.0,0.0,59.6796601057,-0.864743560817,3.35006442572,26.5653381532,27.7692116748,21.1926257552
700,55.0,70.0,100.0,0.0,74.7862021718,0.119260697489,4.94957831385,46.2692874459,47.938625602,35.9195265794
701,55.0,85.0,100.0,0.0,46.6006213543,-3.45272234939,-0.590975998275,14.5811919956,15.7167217347,13.1821235286
702,55.0,100.0,100.0,0.0,44.9520588748,9.67705817406,3.68146586979,15.5929559122,14.5074530083,10.7557181092
703,70.0,0.0,100.0,0.0,50.3585256247,-0.0486498728827,15.5508033472,18.0428364733,18.7204471017,9.96521657476
704,70.0,10.0,100.0,0.0,64.3053629164,11.2689441507,2.34351885248,35.2217012474,33.1787239913,26.0092270504
705,70.0,20.0,100.0,0.0,50.2904931506,17.8565702717,18.4663105935,21.5858341185,18.6629280546,9.07593638191
706,70.0,30.0,100.0,0.0,55.6090827245,0.966963325026,-8.75246963619,22.8989648656,23.5250396642,23.8382878428
707,70.0,40.0,100.0,0.0,41.8350318262,0.983490474399,8.47949875559,12.0931430331,12.3936426273,7.83283142357
708,70.0,55.0,100.0,0.0,50.3256550707,-5.99300083473,-16.2018523483,16.9152484851,18.6926414792,22.9516451757
709,70.0,70.0,100.0,0.0,69.2168958957,-3.33959556302,0.533912670013,37.1974764743,39.6463457475,32.3570565007
710,70.0,85.0,100.0,0.0,58.0345068565,14.4704309092,7.7203664402,28.6364063465,25.9973209631,17.7890126505
711,70.0,100.0,100.0,0.0,63.4957793221,18.913181815,-4.09791322669,36.464311368,32.1853507236,29.0101714575
712,85.0,0.0,100.0,0.0,62.3518074837,-5.41889857056,32.4261625712,28.3079564783,30.815774758,11.1599671119
713,85.0,10.0,100.0,0.0,41.4937116822,3.50205388438,1.26189699147,12.2456037389,12.1755075014,9.66726851589
714,85.0,20.0,100.0,0.0,44.0048453795,5.94168170451,9.75641445651,14.2885210675,13.8415585872,8.48478402183
715,85.0,30.0,100.0,0.0,63.9054381647,15.8524054587,12.7370062882,36.0739065292,32.6854933309,20.1591417313
716,85.0,40.0,100.0,0.0,63.0470555692,-4.9790705173,22.8101995982,29.1953262142,31.6433988105,15.0713466167
717,85.0,55.0,100.0,0.0,37.4653036444,1.66920335388,5.32196465453,9.64839962631,9.79134030985,6.75884361776
718,85.0,70.0,100.0,0.0,44.128003463,5.86707584926,9.46984290218,14.3625660763,13.9269617436,8.62104036298
719,85.0,85.0,100.0,0.0,53.0417088351,31.546680897,18.7003650428,27.506998531,21.0843699687,10.4184518499
720,85.0,100.0,100.0,0.0,67.8835657314,0.164074104064,4.74202935372,36.5138811603,37.81435369,28.2312869937
721,100.0,0.0,100.0,0.0,38.1362742036,1.66314719122,5.45292682043,10.0127773428,10.1646194051,7.00116583783
722,100.0,10.0,100.0,0.0,37.9807873978,1.63318412276,5.34160592938,9.92355024375,10.0772881696,6.96376904522
723,100.0,20.0,100.0,0.0,52.3198481959,31.9546614622,24.4373931856,26.8347408492,20.4299220883,8.39146972995
724,100.0,30.0,100.0,0.0,61.5491917338,7.58550374907,-8.19973671654,30.8179781955,29.8784359293,29.4723195662
725,100.0,40.0,100.0,0.0,37.0469183508,1.59894293505,5.05329227324,9.41664131636,9.5632720602,6.65371926814
726,100.0,55.0,100.0,0.0,42.3880253238,3.63715137108,1.45883770045,12.8381374582,12.7525605848,10.0713484849
727,100.0,70.0,100.0,0.0,48.1818021039,6.58746742605,-5.32684524237,17.5280065999,16.937985378,16.0925884297
728,100.0,85.0,100.0,0.0,61.106725247,-2.63324991018,22.3906314606,27.6534433467,29.3699230658,13.935379934
729,100.0,100.0,100.0,0.0,60.9020884935,1.41101558152,23.2606418204,28.4567290225,29.1367049191,13.478051991
730,0.0,0.0,0.0,20.0,60.8825941426,-1.06495188472,22.4682513036,27.8052412683,29.1145524449,13.760630176
731,0.0,10.0,0.0,20.0,53.6598075976,-9.09839372803,11.5693600245,19.0411267161,21.655730798,13.186013842
732,0.0,20.0,0.0,20.0,51.6155312966,13.2243367214,14.9253568131,21.8168385208,19.8045704401,10.8338167888
733,0.0,40.0,0.0,20.0,75.1735352383,2.52245868842,-0.572728265369,47.7285956682,48.5548276377,40.5023046424
734,0.0,70.0,0.0,20.0,78.7618332726,-4.46319840733,8.13677091623,50.8653059187,54.5163027205,38.5902653164
735,0.0,100.0,0.0,20.0,42.7804082988,-1.05481750823,2.37851303159,12.3907756086,13.0113939883,9.99747860422
736,10.0,0.0,0.0,20.0,77.6589516734,-0.0685484607824,4.90720083003,50.729768602,52.6349130133,39.5891233589
737,10.0,10.0,0.0,20.0,49.1865556108,-8.03313177913,11.0960632942,15.6862092078,17.7459859878,10.7195673869
738,10.0,20.0,0.0,20.0,48.3942659416,3.41120008807,-13.6932271146,17.111675676,17.1067545012,20.008042119
739,10.0,40.0,0.0,20.0,54.2860307332,-0.574351419834,20.9083519678,21.3290214861,22.2450346488,10.3989625379
740,10.0,70.0,0.0,20.0,54.8428583038,13.4787568861,-4.42566294207,25.0035614661,22.7779302379,20.9120278958
741,10.0,100.0,0.0,20.0,56.901162393,18.7731223376,28.591232398,28.4866769685,24.8215782214,9.44240100858
742,20.0,0.0,0.0,20.0,62.0266112586,5.36050592361,30.1798660584,30.7727928227,30.433665947,11.7187442371
743,20.0,10.0,0.0,20.0,66.3179388167,-5.99825241317,35.7740400496,32.7420613776,35.736292545,12.3373318967
744,20.0,20.0,0.0,20.0,52.7040656453,-5.22427697829,-21.9192928597,18.993009693,20.7765457893,28.5288600079
745,20.0,40.0,0.0,20.0,44.2485527455,-2.58147321279,7.898726206,13.1117292308,14.0108953531,9.11875015326
746,20.0,70.0,0.0,20.0,65.8644224922,3.53738371208,-8.64179811757,34.9235150611,35.1488920344,34.6612699639
747,20.0,100.0,0.0,20.0,55.1034622752,-23.1455157209,19.9489723922,17.5469055816,23.0302301461,11.1534602057
748,40.0,0.0,0.0,20.0,57.3613800842,-10.5592677641,-9.19044633281,22.0286892316,25.294640452,25.7587109354
749,40.0,10.0,0.0,20.0,44.0278314149,-2.46751135785,8.12799338918,12.9840292007,13.8574715245,8.94603729554
750,40.0,20.0,0.0,20.0,68.5073501127,-4.20044919641,8.98046948719,36.0087532693,38.6642405146,26.3592397618
751,40.0,40.0,0.0,20.0,56.5192746001,-21.9952103194,12.1483240651,18.9292170335,24.4335395927,14.8363364289
752,40.0,70.0,0.0,20.0,38.4206520642,1.69106401204,5.43485608227,10.1738766454,10.3256465705,7.12336564203
753,40.0,100.0,0.0,20.0,67.1851880735,-1.43269420452,27.8045896641,35.1364490727,36.8777181584,15.940320621
754,70.0,0.0,0.0,20.0,60.0436768258,12.7095122066,2.06536370972,30.4502077561,28.1718491859,22.1634187624
755,70.0,10.0,0.0,20.0,38.271602137,1.67651082768,5.40432511474,10.0892366047,10.2410375772,7.06875882434
756,70.0,20.0,0.0,20.0,41.9201828172,3.88716462707,1.13841835774,12.5734866003,12.4484650482,9.92400104908
757,70.0,40.0,0.0,20.0,63.9679056018,-1.44273205689,37.405903146,31.1974157628,32.7622105978,10.4598531216
758,70.0,70.0,0.0,20.0,56.0282980942,17.6892002245,-7.81373083905,27.2609674225,23.9406254454,23.7216707984
759,70.0,100.0,0.0,20.0,38.258690027,1.72509764951,5.29563714377,10.0883285172,10.2337297804,7.08956656783
760,100.0,0.0,0.0,20.0,78.0624481108,-1.89385531699,2.9890372926,50.6973124241,53.3181246219,41.6051130685
761,100.0,10.0,0.0,20.0,52.0510267965,14.7323321242,1.08489420246,22.5521552683,20.1897099496,16.2007769232
762,100.0,20.0,0.0,20.0,79.2553791362,2.7791366081,8.89528133927,54.4871333329,55.3725548686,38.6592343794
763,100.0,40.0,0.0,20.0,61.793419144,-1.29606749673,7.0256879712,28.7487628082,30.1616163731,21.177020979
764,100.0,70.0,0.0,20.0,54.7754369064,-7.86824475462,-1.88823570116,20.2506580978,22.7129586019,19.6240707199
765,100.0,100.0,0.0,20.0,64.7077644836,22.4263844878,0.515601212666,39.1721859831,33.6799925147,27.4817522401
766,0.0,0.0,10.0,20.0,37.2381744042,1.68956271554,5.27294098472,9.52935176233,9.66708408604,6.67918698941
767,0.0,10.0,10.0,20.0,63.8728415054,20.935196787,-1.7582974106,37.5789728921,32.6455084436,27.9809396749
768,0.0,20.0,10.0,20.0,52.6485144367,16.3186240303,3.69664385007,23.478561588,20.7261894124,15.5484598301
769,0.0,40.0,10.0,20.0,52.8999767217,15.1171740113,2.07610404669,23.4520500537,20.9547873452,16.3991340835
770,0.0,70.0,10.0,20.0,52.4553234701,-10.0454646572,-17.0345795594,17.8619507234,20.551698175,25.4102477283
771,0.0,100.0,10.0,20.0,56.9711243248,16.2055604378,-5.86367203465,27.9090898651,24.8931092885,23.547155763
772,10.0,0.0,10.0,20.0,63.0308914447,-5.26643662979,28.4991055035,29.1022831468,31.6239907536,12.9063813132
773,10.0,10.0,10.0,20.0,49.5715096307,-9.14477999208,11.5411004402,15.7808176763,18.0622387893,10.789142214
774,10.0,20.0,10.0,20.0,67.0392243086,16.8436397936,41.5737744706,40.6068488704,36.683932302,10.815971814
775,10.0,40.0,10.0,20.0,55.12216316,-12.9069958664,-13.0080498931,19.5347654518,23.0484064325,25.7341617652
776,10.0,70.0,10.0,20.0,50.1463900865,25.4134360997,17.0908499345,23.099314493,18.5414833492,9.39993724734
777,10.0,100.0,10.0,20.0,78.3213201758,-4.35298881803,-0.559271641283,50.1927212355,53.7595524591,44.8164728397
778,20.0,0.0,10.0,20.0,49.7591702279,15.8608176042,-4.71809016047,20.6844688039,18.2177612326,16.9872959921
779,20.0,10.0,10.0,20.0,66.4437365872,-4.44803056433,-11.4232793064,33.3348280174,35.9003789964,37.3523784506
780,20.0,20.0,10.0,20.0,57.1750899185,28.5035939995,9.49477058005,31.3796245724,25.1024335807,16.3790018433
781,20.0,40.0,10.0,20.0,74.7405872881,-6.96062718141,44.109949207,43.7366415977,47.8664026343,14.6222639016
782,20.0,70.0,10.0,20.0,49.6485695249,9.75945102717,16.8376510127,19.3504217692,18.1259940968,9.22503303154
783,20.0,100.0,10.0,20.0,65.6618511522,-11.0361353132,28.3876660143,30.576648313,34.8886121535,14.6493372207
784,40.0,0.0,10.0,20.0,55.313130215,26.3473171769,28.6634798585,28.6742326456,23.2345642315,8.64606698112
785,40.0,10.0,10.0,20.0,65.6512533905,9.77152317832,32.138216766,36.5094640508,34.8750307855,13.2247043186
786,40.0,20.0,10.0,20.0,53.5896952324,22.6169051427,0.828074396009,25.8929885034,21.5904073264,17.4480395594
787,40.0,40.0,10.0,20.0,60.8550556195,-8.23290028812,18.5531109318,26.0054659267,29.0832780857,15.2625149957
788,40.0,70.0,10.0,20.0,46.5238658611,10.1130418491,-9.56209875882,16.8643569076,15.6589811153,16.6724743164
789,40.0,100.0,10.0,20.0,64.6592726629,10.6118503746,41.7891327115,35.4790521738,33.6193209145,9.49446884361
790,70.0,0.0,10.0,20.0,51.9291881546,27.6662526226,-6.87408370533,25.3886667544,20.0814609459,19.6614006071
791,70.0,10.0,10.0,20.0,58.8674240379,-8.19163648603,28.1794935527,24.0002125658,26.8846696382,10.5955098341
792,70.0,20.0,10.0,20.0,45.2422157997,13.6495714064,-16.4984089824,16.5072310242,14.7156252253,18.769064031
793,70.0,40.0,10.0,20.0,65.1741378696,21.4166008685,3.21968579261,39.490537209,34.2672368755,26.3672604658
794,70.0,70.0,10.0,20.0,75.4019199701,1.69775518192,31.3395723232,47.786439527,48.9206239924,20.754516195
795,70.0,100.0,10.0,20.0,68.7808623751,-10.8658451028,-9.99012840688,34.3876225053,39.0408731196,39.2791461604
796,100.0,0.0,10.0,20.0,66.8509067242,-7.79076875723,-10.3539120063,32.8844049306,36.4349207716,37.0849668077
797,100.0,10.0,10.0,20.0,62.6166393741,21.7840593273,20.9248925777,36.1871170539,31.1293073628,15.5314508557
798,100.0,20.0,10.0,20.0,62.7799985441,19.2452787292,19.8951347079,35.6376624412,31.3237635976,16.0706725816
799,100.0,40.0,10.0,20.0,77.1711379085,3.78414227732,4.364722073,51.3924846145,51.8167572809,39.3630706752
800,100.0,70.0,10.0,20.0,61.6924456162,-0.918443168469,3.52861503337,28.7338910189,30.0443221256,22.8818083955
801,100.0,100.0,10.0,20.0,61.2550708311,2.86695298082,4.22049038905,29.2271516653,29.5397637375,22.1291638284
802,0.0,0.0,20.0,20.0,60.405659713,1.57819636598,2.81274683049,27.9538379452,28.576077964,22.0999620225
803,0.0,10.0,20.0,20.0,36.7320534005,1.69848700322,5.26216893784,9.26318028491,9.39398974911,6.48156205383
804,0.0,20.0,20.0,20.0,57.6328193607,-13.8233569038,-13.992016597,21.5790156171,25.5764533546,28.8781563101
805,0.0,40.0,20.0,20.0,46.5093896172,11.5394020429,13.4203089374,17.1123580943,15.6481069917,8.66376942752
806,0.0,70.0,20.0,20.0,66.380301527,-4.9116343608,-1.64730273286,33.1252270499,35.8175737654,30.5934803339
807,0.0,100.0,20.0,20.0,50.0581229754,30.0295536047,20.5276058257,24.0575048193,18.4673559377,8.39423706675
808,10.0,0.0,20.0,20.0,51.1887512483,22.899318362,18.4323052731,23.5437320594,19.4319212055,9.53310973267
809,10.0,10.0,20.0,20.0,53.9710753435,-14.5302237113,-6.11546157096,18.2498870316,21.9473291762,21.004718068
810,10.0,20.0,20.0,20.0,36.2482822726,1.6735568599,5.08332435228,9.00945328503,9.13780915437,6.33394937742
811,10.0,40.0,20.0,20.0,43.2186498884,-1.46712783816,1.94427581843,12.6096058629,13.3045912869,10.3624136627
812,10.0,70.0,20.0,20.0,52.076780504,25.8092887762,23.6111789694,25.0996209154,20.2126408316,8.50173721437
813,10.0,100.0,20.0,20.0,58.2048997503,-13.0515311182,-22.3752415636,22.2768753184,26.1772355191,35.0286655684
814,20.0,0.0,20.0,20.0,36.4865019484,1.68231674382,5.17631388536,9.13338430367,9.26336807059,6.40524510039
815,20.0,10.0,20.0,20.0,43.9780287825,-2.41813565806,8.3522885318,12.9589221189,13.8230092032,8.85903652429
816,20.0,20.0,20.0,20.0,52.7681677292,26.1938589807,17.5021863275,25.9016314484,20.8347546972,10.6464194973
817,20.0,40.0,20.0,20.0,58.1607979466,-19.1142004996,-3.52722365663,20.9423867886,26.1305899209,23.3944364784
818,20.0,70.0,20.0,20.0,44.7219503094,-2.49977861811,8.32185624228,13.4390907609,14.3437652371,9.23124554301
819,20.0,100.0,20.0,20.0,52.5710085862,21.2575415074,15.1744684744,24.53280242,20.6560675183,11.2870595813
820,40.0,0.0,20.0,20.0,69.3038098068,-7.84017415157,11.7018731226,35.9467706183,39.7677771105,25.5871281877
821,40.0,10.0,20.0,20.0,44.9804631628,3.60875234221,1.35376242843,14.5940102516,14.5277443294,11.5298160745
822,40.0,20.0,20.0,20.0,43.725843711,-1.34038220683,2.10857539714,12.9575178571,13.6493796238,10.5844076368
823,40.0,40.0,20.0,20.0,51.2596405695,19.4487765916,21.6027154831,22.8400463703,19.493492655,8.66588552552
824,40.0,70.0,20.0,20.0,68.4454874765,-1.26397581314,-7.4129505697,36.8157263069,38.5793915165,36.945938731
825,40.0,100.0,20.0,20.0,43.8137317905,0.679115821574,10.1015598662,13.3249734245,13.7097245509,8.30282638374
826,70.0,0.0,20.0,20.0,72.1746670133,0.0941281499415,4.99806276068,42.3828712212,43.9195131285,32.7802533361
827,70.0,10.0,20.0,20.0,49.0002341031,20.0162242724,17.2628505993,20.8683127833,17.5942514599,8.78888170727
828,70.0,20.0,20.0,20.0,62.4058715257,-9.14025738611,-7.9071482856,27.4258041669,30.8796089658,30.2164896254
829,70.0,40.0,20.0,20.0,41.796937715,3.64013202812,7.8484131202,12.4580570745,12.36916885,7.97936008563
830,70.0,70.0,20.0,20.0,55.7874428641,-15.5601703024,-16.6450455478,19.5775864274,23.7012626604,28.5544265121
831,70.0,100.0,20.0,20.0,50.3509401944,29.3043316296,19.2719903609,24.1808265315,18.7140280434,8.87808352454
832,100.0,0.0,20.0,20.0,66.4935790989,-6.1602348345,5.78848981881,32.9099213122,35.9655305946,26.1976010596
833,100.0,10.0,20.0,20.0,47.1778719312,12.3877099082,11.0366109147,17.8028950011,16.1555226213,9.67484576043
834,100.0,20.0,20.0,20.0,56.2418068229,-16.1747105898,-7.61651798219,19.8474144704,24.1541539913,23.8139299984
835,100.0,40.0,20.0,20.0,39.7205700137,2.72959198018,2.93003405403,11.0562204169,11.0833917505,8.33348242571
836,100.0,70.0,20.0,20.0,70.9194244083,-1.08904567667,18.7798378947,40.2155508758,42.0703918801,23.2295412205
837,100.0,100.0,20.0,20.0,49.3105081947,20.9294766669,8.24530254097,21.341214688,17.8474108651,11.7221972014
838,0.0,0.0,40.0,20.0,61.7216626269,-10.8269173257,5.03282876763,26.2820877948,30.0782302652,22.1251133511
839,0.0,10.0,40.0,20.0,43.6138711201,8.15118446587,-1.75176779415,14.3736271354,13.5727548613,11.7813625626
840,0.0,20.0,40.0,20.0,54.7090024816,-18.4231905404,-4.94978114696,18.1143846053,22.6490590425,21.0577608309
841,0.0,40.0,40.0,20.0,67.6619166257,-4.54484850654,14.350510801,34.8253006707,37.5153896341,22.6041422003
842,0.0,70.0,40.0,20.0,66.9771373644,-0.419471737562,13.2400356468,35.1708324944,36.6017100467,22.5675245435
843,0.0,100.0,40.0,20.0,61.940628096,14.7318758562,38.2018631176,33.2693121858,30.3331656084,9.17600052437
844,10.0,0.0,40.0,20.0,61.3692329606,5.02519220416,-11.7426770518,29.9245261846,29.6709127275,31.5327308683
845,10.0,10.0,40.0,20.0,36.8939227142,1.68933725439,5.25699667763,9.34699305661,9.48076455118,6.54630604217
846,10.0,20.0,40.0,20.0,43.3344651339,6.40694101529,4.16244216965,13.8993423811,13.3828043159,9.74844640389
847,10.0,40.0,40.0,20.0,63.113858469,14.9112496221,30.1022688925,34.7820101,31.7236924177,12.3888296306
848,10.0,70.0,40.0,20.0,64.8375380765,-2.69776233696,1.67930023481,31.8822321233,33.8427205518,26.9265539554
849,10.0,100.0,40.0,20.0,36.5627062846,1.67163282094,5.19373040357,9.17164139291,9.30377469989,6.43094844772
850,20.0,0.0,40.0,20.0,43.3141491023,5.67347133562,9.62607962175,13.7691595692,13.369062266,8.19993421059
851,20.0,10.0,40.0,20.0,55.0392167633,36.9560717931,22.5665401727,31.1737204216,22.9678596624,10.2874889101
852,20.0,20.0,40.0,20.0,45.0999523141,-2.57828827997,8.3845018521,13.681726708,14.6133116451,9.40156418503
853,20.0,40.0,40.0,20.0,51.6068043072,16.6385079802,11.9009856827,22.5502717687,19.7969030315,11.82474985
854,20.0,70.0,40.0,20.0,74.6217765466,6.83587612075,23.7181570017,48.4326036849,47.6786277948,24.0062927322
855,20.0,100.0,40.0,20.0,54.413029954,37.508733242,27.5693310951,30.5924086873,22.3658357424,8.52075576544
856,40.0,0.0,40.0,20.0,43.1972160857,-1.09656749376,2.54337335934,12.6511153142,13.2901499859,10.1662432575
857,40.0,10.0,40.0,20.0,49.8870658624,14.736605512,19.4802790738,20.565911918,18.3242637924,8.59881528558
858,40.0,20.0,40.0,20.0,75.7577426921,7.83211463157,3.90238020778,50.6189207225,49.4941870742,37.8897791124
859,40.0,40.0,40.0,20.0,52.1021126998,-13.8651677565,13.8243255908,16.8762941258,20.2352133355,11.4659920932
860,40.0,70.0,40.0,20.0,45.2123512808,11.4338215933,-12.4306288692,16.092553379,14.6941076763,16.9326349356
861,40.0,100.0,40.0,20.0,57.8887569907,-6.49473918629,24.4774764434,23.4275883231,25.844082227,11.2429303019
862,70.0,0.0,40.0,20.0,50.1922279217,22.9432431383,-4.59187117129,22.5958550381,18.5800564545,17.2564397981
863,70.0,10.0,40.0,20.0,62.1138884747,9.17134384973,35.9316028197,31.9179981242,30.5359055974,9.93110450125
864,70.0,20.0,40.0,20.0,52.2737757968,-8.71654088392,-19.7449889553,17.964873027,20.3886183848,26.7875400535
865,70.0,40.0,40.0,20.0,62.4669221578,4.48729196132,28.6721790724,31.0504794991,30.9517982515,12.4991795174
866,70.0,70.0,40.0,20.0,62.0011788995,3.15759815296,-7.66641981591,30.1521944162,30.4039165709,29.6258428219
867,70.0,100.0,40.0,20.0,53.479706369,-11.2514046265,12.8550676068,18.472179967,21.4881959416,12.6127405948
868,100.0,0.0,40.0,20.0,69.9600303235,17.858615696,8.59499505579,45.1915585133,40.6926255772,28.0664081832
869,100.0,10.0,40.0,20.0,52.0727580617,-11.8984925593,0.941847658413,17.2116038216,20.2090581396,16.276368
870,100.0,20.0,40.0,20.0,45.1840165282,8.28018612505,-7.00890088386,15.5248699917,14.6737117333,14.6845349536
871,100.0,40.0,40.0,20.0,57.8775929289,-5.10739616137,10.0405540671,23.7305738278,25.83236943,16.6608587485
872,100.0,70.0,40.0,20.0,51.4517996099,18.7371037881,1.64831256283,22.8658815125,19.6610476463,15.5423707042
873,100.0,100.0,40.0,20.0,62.9044008662,9.56926553625,22.861153988,32.98313079,31.4723890978,14.9533549199
874,0.0,0.0,70.0,20.0,57.0413257998,12.3857537413,24.6239458028,27.0281277625,24.9650232715,10.7242745832
875,0.0,10.0,70.0,20.0,52.8583429757,-9.71110561436,-15.7642935782,18.2542468211,20.9168236506,25.0868498795
876,0.0,20.0,70.0,20.0,54.9226229677,-14.3668927552,19.2846081669,19.0754164085,22.8549565091,11.2687895447
877,0.0,40.0,70.0,20.0,59.3675762311,20.8960942604,-6.56666735542,31.8867789338,27.4270866751,26.2373348125
878,0.0,70.0,70.0,20.0,66.0715235292,-5.38106603513,39.7651664358,32.6169257518,35.4163269967,10.860797072
879,0.0,100.0,70.0,20.0,49.2933309605,5.25570449478,-19.1441497658,18.1781252809,17.8333324936,23.5701798298
880,10.0,0.0,70.0,20.0,55.5338033728,-13.5443333956,11.1461172729,19.7625500267,23.4509252391,14.5632581386
881,10.0,10.0,70.0,20.0,59.9438763599,16.6107329999,7.56983381297,31.3910030066,28.0610756615,19.36535089
882,10.0,20.0,70.0,20.0,66.1827616453,-5.34525411865,28.5602402145,32.7618722396,35.5605300328,14.9348368144
883,10.0,40.0,70.0,20.0,51.53345083,0.527097367488,-9.05301686801,19.1315495961,19.7325339202,20.3819809597
884,10.0,70.0,70.0,20.0,53.1239608341,2.53476440976,-7.07013773379,20.929524847,21.1598156007,20.7542378889
885,10.0,100.0,70.0,20.0,65.3357817903,4.80333924049,29.2587637085,34.6266681414,34.4723561945,14.0960849597
886,20.0,0.0,70.0,20.0,39.1320351524,1.61285162248,5.44727941647,10.5647964284,10.7358912958,7.42093624981
887,20.0,10.0,70.0,20.0,58.0497190438,-11.0558591233,13.8693789025,22.5671459255,26.0133495989,15.2010997445
888,20.0,20.0,70.0,20.0,50.9060111066,8.59615262801,-16.4931098277,20.206911558,19.1876349455,23.6397369715
889,20.0,40.0,70.0,20.0,62.6072666458,4.85692501693,38.4834654068,31.3161312228,31.1181749196,9.42662067671
890,20.0,70.0,70.0,20.0,41.2169447001,3.39017455205,1.54284255586,12.05585652,12.0005188249,9.44433683405
891,20.0,100.0,70.0,20.0,55.4381842679,-11.3604585496,22.9052470097,20.1210205671,23.3570104593,10.3957199895
892,40.0,0.0,70.0,20.0,60.0430013252,18.7525730879,0.887937148305,32.0996763815,28.1710984359,22.7750299911
893,40.0,10.0,70.0,20.0,55.7317641201,7.2783323222,24.5250966805,24.4503666756,23.6461569254,10.0531437314
894,40.0,20.0,70.0,20.0,52.3859097978,8.12306153925,-9.09704624336,21.4365377333,20.4892433043,21.128518124
895,40.0,40.0,70.0,20.0,50.0160974977,-6.07666936468,12.871168363,16.6594656299,18.4321321479,10.6104544112
896,40.0,70.0,70.0,20.0,47.5560619881,0.912756312684,-15.6610209388,16.0192062195,16.4473893048,20.2606212378
897,40.0,100.0,70.0,20.0,57.3260922223,17.1314166259,26.9265475128,28.5354367629,25.2581567668,10.1591832658
898,70.0,0.0,70.0,20.0,55.9244765199,10.043450182,-1.38191423828,25.2933052638,23.8372505552,20.3331146726
899,70.0,10.0,70.0,20.0,54.3059751981,-0.351002153839,16.7001431839,21.3945428526,22.2639768716,11.7755315427
900,70.0,20.0,70.0,20.0,49.2620304102,0.682842684035,-10.7767083025,17.2972408045,17.8076977664,19.3322014045
901,70.0,40.0,70.0,20.0,48.5850613433,-7.3155603507,7.09084155695,15.3651400047,17.2592635917,11.6897730723
902,70.0,70.0,70.0,20.0,44.3270936573,8.22737098279,-14.1787216876,14.8921703936,14.0657612513,17.0283166114
903,70.0,100.0,70.0,20.0,70.4842330725,-5.54763906543,-2.96301900476,38.2042716303,41.4416318081,36.2728703136
904,100.0,0.0,70.0,20.0,51.468027186,15.9150265951,15.7532478058,22.261263351,19.6752412444,10.4914740747
905,100.0,10.0,70.0,20.0,53.7922302217,-25.998507872,16.7282262248,16.013746716,21.7794677307,11.4693444844
906,100.0,20.0,70.0,20.0,54.4880520947,37.117869231,24.7870593837,30.5742478984,22.4374015285,9.33882025377
907,100.0,40.0,70.0,20.0,66.160651838,-0.984481995157,21.563367713,33.9782438174,35.5318369731,17.863696409
908,100.0,70.0,70.0,20.0,51.8446951821,22.9318531756,5.56910250013,24.1960424022,20.0066198014,14.2602565779
909,100.0,100.0,70.0,20.0,72.7821954562,-6.58985514723,52.1334203095,41.037658067,44.8336062401,10.6071883829
910,0.0,0.0,100.0,20.0,49.7476012137,9.6442526171,8.83898620719,19.4122938726,18.208147769,11.7761708736
911,0.0,10.0,100.0,20.0,63.5482253348,-10.9280883006,36.4199035892,28.2180393062,32.2490940015,10.5420263416
912,0.0,20.0,100.0,20.0,55.8512984224,26.3391169536,21.6160105033,29.2741790808,23.7645663775,11.0307984992
913,0.0,40.0,100.0,20.0,76.3908506698,-6.15423437015,22.3203419344,46.497709033,50.5257687153,26.5054760405
914,0.0,70.0,100.0,20.0,49.1991202261,20.7937191276,-12.586084024,21.2111046444,17.756249506,20.1433626046
915,0.0,100.0,100.0,20.0,67.2371467293,-9.36961276529,9.12548290077,32.9086936062,36.9468643776,25.0316362578
916,10.0,0.0,100.0,20.0,58.0586029666,29.4684259517,-4.51908518886,32.7043682198,26.0227133744,23.8328394771
917,10.0,10.0,100.0,20.0,66.8736232163,15.1266118803,36.4595234243,39.8218156063,36.4648987373,12.4326198859
918,10.0,20.0,100.0,20.0,57.7360775425,8.43657500834,-1.31378126995,26.7922788141,25.6842048995,21.8559716723
919,10.0,40.0,100.0,20.0,39.1882642694,1.59303362793,5.40178883254,10.5943056729,10.7687733894,7.45638063094
920,10.0,70.0,100.0,20.0,61.5699073501,27.7630282395,13.353677544,36.6305658474,29.9023864909,17.9954895238
921,10.0,100.0,100.0,20.0,66.1961493748,16.5310820052,44.2756679655,39.3374879611,35.5779114997,9.54234974608
922,20.0,0.0,100.0,20.0,54.7894735595,13.9345232863,-11.1182637012,25.0566887162,22.7264750351,24.3573043485
923,20.0,10.0,100.0,20.0,37.1130527003,1.5862709127,5.02667112621,9.45010110867,9.59908467415,6.6862632732
924,20.0,20.0,100.0,20.0,63.1457989155,27.746585171,0.141363645195,38.7256638732,31.7621311209,26.1257174192
925,20.0,40.0,100.0,20.0,42.6222061415,4.93031675587,4.43466550381,13.1886300812,12.9066195124,9.30816816328
926,20.0,70.0,100.0,20.0,72.8042899536,-10.1107291013,1.88630137659,39.9264650044,44.8670866873,35.6685839496
927,20.0,100.0,100.0,20.0,53.3851162596,5.56265150513,14.1733400375,21.8095001389,21.4005528724,12.0958116388
928,40.0,0.0,100.0,20.0,59.7994762743,-21.8813360703,-15.1389194366,21.8533686609,27.9013133895,31.9844470979
929,40.0,10.0,100.0,20.0,56.0065650595,26.2669624774,25.5160325139,29.4305040678,23.9189612322,9.89665942461
930,40.0,20.0,100.0,20.0,51.5173358576,-7.88094426155,-12.8226470758,17.5110967055,19.7184114359,22.2601289111
931,40.0,40.0,100.0,20.0,40.6518876827,1.44733154957,5.19101707514,11.4334927884,11.6484781313,8.15883243312
932,40.0,70.0,100.0,20.0,58.2507929242,-0.83617149011,-5.04481355866,25.0917584773,26.2258347184,24.2993740994
933,40.0,100.0,100.0,20.0,50.3323788075,17.3401098586,16.0224790885,21.5142602957,18.6983269327,9.80976352499
934,70.0,0.0,100.0,20.0,63.9860766507,10.1789242422,8.45067665749,34.4976003169,32.7845492728,22.3763433456
935,70.0,10.0,100.0,20.0,44.4154393535,3.53682012793,-3.53702775407,14.1858807259,14.1276473828,12.8850238398
936,70.0,20.0,100.0,20.0,53.6653860393,-8.27899315723,-6.4245116455,19.2070845015,21.6609338661,20.8965292392
937,70.0,40.0,100.0,20.0,48.0377124398,9.71224038249,3.38917180474,17.9969547111,16.8241627618,12.6421840096
938,70.0,70.0,100.0,20.0,62.8612433866,0.4434179811,5.03530828612,30.4176452976,31.4207750107,23.1504766934
939,70.0,100.0,100.0,20.0,52.59495039,26.5358748922,13.1447961431,25.8042973209,20.6777114849,11.9813105691
940,100.0,0.0,100.0,20.0,53.5795799195,-19.4246447736,2.34867547843,17.0231523953,21.5809937782,16.7810658008
941,100.0,10.0,100.0,20.0,44.2417436486,10.3732106267,-6.65880746017,15.1902428395,14.0061454915,13.9247505097
942,100.0,20.0,100.0,20.0,59.6776120422,-11.7400996544,13.9265992829,23.9873323177,27.766957242,16.3297180008
943,100.0,40.0,100.0,20.0,49.4409443106,20.4014929907,1.9097144632,21.3484639845,17.9545574521,14.0748161517
944,100.0,70.0,100.0,20.0,69.3219345323,-1.39116917708,28.3885364419,37.9385309569,39.7931311902,17.2572444413
945,100.0,100.0,100.0,20.0,43.4312847186,10.8658699334,-10.2255864925,14.6894572014,13.4484238342,14.7609234914
946,0.0,0.0,0.0,40.0,54.4081598468,-18.8907871939,15.8631843302,17.7816186971,22.3611952739,12.1213011441
947,0.0,20.0,0.0,40.0,47.1586092419,18.2564563638,-5.04099578455,18.9104569607,16.1407498568,15.2542972159
948,0.0,40.0,0.0,40.0,64.2713228692,-7.81956060083,31.4796727205,29.8355751426,33.1365502202,12.6062418475
949,0.0,70.0,0.0,40.0,52.1210400374,30.2930239971,4.38616310785,26.2184035618,20.2520896916,14.9070248837
950,0.0,100.0,0.0,40.0,61.362932169,-15.6364212988,-0.372527862355,24.7663665339,29.6636643031,24.6812724172
951,20.0,0.0,0.0,40.0,37.6512304772,1.67054505547,5.33777001353,9.74884728014,9.89384478525,6.83023636118
952,20.0,20.0,0.0,40.0,71.5567303358,-5.18939436958,14.0487241998,39.78005564,43.0025924145,26.4688779837
953,20.0,40.0,0.0,40.0,47.108500004,6.08740135677,4.147464352,16.5933861781,16.1023627314,11.8240124198
954,20.0,70.0,0.0,40.0,60.1256582229,-10.620858387,-19.5391177794,24.6922140456,28.2630622276,35.3621636172
955,20.0,100.0,0.0,40.0,37.1118645781,1.63310457126,5.10708866553,9.4552319647,9.59844050311,6.66716864979
956,40.0,0.0,0.0,40.0,70.2757967377,0.754738703736,-4.82477942018,39.915791916,41.1427169693,37.358581451
957,40.0,20.0,0.0,40.0,46.1811112511,4.41786677457,12.3783765393,15.5995594562,15.402863607,8.79553505979
958,40.0,40.0,0.0,40.0,52.8020159641,31.0447499376,-0.092959135645,27.1239179187,20.8655349346,17.2567548733
959,40.0,70.0,0.0,40.0,64.1393566214,-8.29919623537,34.9960626051,29.5589358528,32.9733890472,11.3277983707
960,40.0,100.0,0.0,40.0,46.6887360783,18.9751720225,-8.46296911218,18.6564316322,15.7831823283,16.3275974371
961,70.0,0.0,0.0,40.0,53.9506619613,-19.5866056815,17.3393367982,17.2862331048,21.9281260187,11.3574716184
962,70.0,20.0,0.0,40.0,42.4645248831,11.1070542744,-14.0640609342,14.0510534783,12.8027512187,15.630820892
963,70.0,40.0,0.0,40.0,69.7879559831,-1.70696229149,40.7004895655,38.4668747987,40.448739582,12.709317507
964,70.0,70.0,0.0,40.0,49.762915264,22.2509984689,-1.9115326688,22.0412887457,18.220873957,15.8073936051
965,70.0,100.0,0.0,40.0,60.2771498393,-13.1605238535,23.7623146741,24.2546475618,28.432130446,12.902415157
966,100.0,0.0,0.0,40.0,43.9989060779,11.9517114131,-9.9807696193,15.2801630399,13.8374488663,15.0511675658
967,100.0,20.0,0.0,40.0,52.2152519818,-21.5174765473,10.4119707179,15.6122544019,20.3362323615,12.7060293157
968,100.0,40.0,0.0,40.0,51.3128348935,30.4001952345,7.13158109074,25.4070308898,19.539780301,13.329138997
969,100.0,70.0,0.0,40.0,64.7350964534,-7.48436312415,20.1048289342,30.4576565382,33.7142216495,17.421455572
970,100.0,100.0,0.0,40.0,47.4178129082,15.5897635305,-2.41752697623,18.6094722957,16.3402920192,14.3966581035
971,0.0,0.0,20.0,40.0,56.177214806,-18.069027806,5.46535907155,19.4124074033,24.0894225962,17.3708180677
972,0.0,20.0,20.0,40.0,44.4317026873,8.755490717,-7.91414490114,15.055815324,14.1390595899,14.5316237385
973,0.0,40.0,20.0,40.0,63.3061638604,9.51777467007,13.4516515689,33.4608881063,31.9555915424,19.3254585063
974,0.0,70.0,20.0,40.0,50.7662010927,17.1866561134,8.65478508976,21.8816533806,19.0675999159,12.4443011129
975,0.0,100.0,20.0,40.0,57.8285401809,-3.60172439652,-0.0735241128765,24.0258534336,25.7809475783,21.3088604199
976,20.0,0.0,20.0,40.0,45.5135590465,4.30707826581,-1.15068049527,15.0918726627,14.9120928001,12.708877071
977,20.0,20.0,20.0,40.0,52.0393737094,-9.60549609776,-8.15378168843,17.6087981272,20.1793398418,20.3688500701
978,20.0,40.0,20.0,40.0,51.5986870824,26.166215994,19.8832894838,24.6998879458,19.78977313,9.31628083312
979,20.0,70.0,20.0,40.0,60.3650124891,2.91244619684,0.106977158475,28.2485989234,28.5304954604,23.483309242
980,20.0,100.0,20.0,40.0,47.4789211351,8.62964106412,11.7382472106,17.3453121062,16.387573155,9.62081007397
981,40.0,0.0,20.0,40.0,53.3591225437,-5.66777154325,-10.0184482983,19.4629909364,21.3765100423,22.4525471553
982,40.0,20.0,20.0,40.0,39.7714876478,0.102114721531,3.58611910671,10.7306556951,11.11380364,8.18187027446
983,40.0,40.0,20.0,40.0,44.2269231941,5.54627678385,9.39788039604,14.3797369965,13.9958108116,8.68779601583
984,40.0,70.0,20.0,40.0,66.1003514454,-17.7950509938,5.57383562034,29.2853620032,35.4536604418,25.9316235222
985,40.0,100.0,20.0,40.0,53.6887256184,6.35592501614,10.0474818506,22.2640666356,21.6827119614,13.7672114987
986,70.0,0.0,20.0,40.0,46.8563830441,0.519101363945,11.6868538273,15.4304403878,15.910147007,9.32207886248
987,70.0,20.0,20.0,40.0,43.8793054547,5.82687083945,9.34229883594,14.182515817,13.7548638246,8.53859520289
988,70.0,40.0,20.0,40.0,67.6776421083,-14.1660878838,-14.585767636,32.0966955631,37.5365483116,41.34687789
989,70.0,70.0,20.0,40.0,52.8047570722,5.05815456563,18.6958612485,21.1702245523,20.8680289153,10.2931000136
990,70.0,100.0,20.0,40.0,45.3164028401,1.19729637046,5.25770436874,14.4362765249,14.7691682757,10.4568661093
991,100.0,0.0,20.0,40.0,54.3469858833,40.5362066798,19.8578870906,31.3365345774,22.3029604851,10.7626334864
992,100.0,20.0,20.0,40.0,46.682613841,3.63933048351,-15.4725051756,15.8383534645,15.7785585814,19.4493391924
993,100.0,40.0,20.0,40.0,64.8618229397,21.6265313779,31.9709466263,39.1291029709,33.8732303663,12.7935081961
994,100.0,70.0,20.0,40.0,55.1237330198,-15.3556874092,-16.9271756951,19.0514737758,23.0499326894,28.031652813
995,100.0,100.0,20.0,40.0,79.4418728958,-1.86677536691,50.222969876,52.9818952755,55.6984220379,15.4142442109
996,0.0,0.0,40.0,40.0,42.5051548022,11.2812436125,-16.373444397,14.1070926514,12.8294615868,16.6224623773
997,0.0,20.0,40.0,40.0,58.9163046679,-24.7713856504,21.3282586226,20.4445335931,26.9373626936,12.9339710923
998,0.0,40.0,40.0,40.0,48.7853145103,25.3450383145,-6.9958958086,21.7999773253,17.4203046869,17.246983858
999,0.0,70.0,40.0,40.0,71.4999812443,-10.1639405048,43.1004755053,38.1300157255,42.91903139,12.9065641873
1000,0.0,100.0,40.0,40.0,54.9357582114,42.8667319395,4.25059884774,32.6868606312,22.8676574364,16.9685152853
1001,20.0,0.0,40.0,40.0,46.9962938862,11.5384959857,13.337906735,17.498518532,16.0166259571,8.92020725519
1002,20.0,20.0,40.0,40.0,43.4970885713,5.77825332644,-3.35200742068,13.9108414077,13.4931446398,12.2606990097
1003,20.0,40.0,40.0,40.0,46.8779866523,11.0519096926,12.9921091958,17.3143636124,15.9265574993,8.96009994173
1004,20.0,70.0,40.0,40.0,45.9960178611,0.75502391812,-2.62676979764,14.8458016642,15.2657243611,13.547437748
1005,20.0,100.0,40.0,40.0,54.1770305573,-0.551161004853,20.0713085674,21.2346481643,22.1417016959,10.6022211364
1006,40.0,0.0,40.0,40.0,48.7010774342,-5.37939710762,-2.51983337729,15.7831581556,17.3524407735,15.3098999982
1007,40.0,20.0,40.0,40.0,49.1712716798,-0.2259047818,-7.571074735,17.059121181,17.7335065048,17.7934635845
1008,40.0,40.0,40.0,40.0,52.9685978836,0.908271771033,5.44062680733,20.4533787463,21.0174596938,15.0685264825
1009,40.0,70.0,40.0,40.0,56.1749770031,8.95583151794,3.34309294143,25.2914382706,24.0871820398,18.3153000936
1010,40.0,100.0,40.0,40.0,57.4467681745,16.2297907522,17.7438668855,28.4375384717,25.3830674674,13.3157297696
1011,70.0,0.0,40.0,40.0,44.6880852002,9.24117217926,-15.8991036381,15.3242657174,14.319779727,18.0611270313
1012,70.0,20.0,40.0,40.0,68.6058246368,-11.9226471396,39.3432199111,33.8633142107,38.7995618019,12.4687020395
1013,70.0,40.0,40.0,40.0,49.9200659468,21.6711963246,-6.76731620652,22.0623996829,18.3518111644,18.0112165073
1014,70.0,70.0,40.0,40.0,56.3857450946,-26.8350242164,17.9384369368,17.8905266417,24.2988197647,12.5869432161
1015,70.0,100.0,40.0,40.0,56.9764920277,37.8981829015,4.56231763766,33.7753802785,24.8986030497,18.3892212165
1016,100.0,0.0,40.0,40.0,53.6667586511,-5.28679686165,-8.5446891441,19.8048007035,21.6622142424,21.9658260464
1017,100.0,20.0,40.0,40.0,36.9119230012,1.65526226429,5.05899030573,9.35230636618,9.49044701885,6.59878630137
1018,100.0,40.0,40.0,40.0,62.7629062896,6.33887804727,4.17793182941,31.908316201,31.3033798353,23.5172474153
1019,100.0,70.0,40.0,40.0,54.9815572959,-17.3621403094,10.1030663927,18.5420137539,22.9119789805,14.5986872968
1020,100.0,100.0,40.0,40.0,51.3829247619,-0.546525272483,-19.8382710648,18.7945482273,19.6008815977,25.9529308387
1021,0.0,0.0,70.0,40.0,36.4196111842,1.64205435974,5.00157803926,9.09393886338,9.22799643806,6.41863439394
1022,0.0,20.0,70.0,40.0,60.482878388,11.6204663731,-7.91153405631,30.6664451675,28.6628060045,28.1670109439
1023,0.0,40.0,70.0,40.0,54.6152036142,-17.8751663488,19.1282026862,18.1416723952,22.5590433841,11.1465977648
1024,0.0,70.0,70.0,40.0,74.3207490589,-8.44888621649,11.5255623932,42.6198905882,47.2050676482,30.9252772826
1025,0.0,100.0,70.0,40.0,57.6140563612,-14.5533861591,13.731070958,21.4065438555,25.5569062812,14.9568428964
1026,20.0,0.0,70.0,40.0,64.4111979566,10.7094810413,2.69797504229,35.1911771983,33.3100764174,25.9107624799
1027,20.0,20.0,70.0,40.0,48.7681339181,1.14836093732,5.39960799623,16.9929485972,17.4064491492,12.3778728828
1028,20.0,40.0,70.0,40.0,51.8546671818,30.7624645213,0.826731731456,26.0539393443,20.015442982,16.167189332
1029,20.0,70.0,70.0,40.0,57.6280348606,32.1575059191,29.4250555955,32.939369128,25.571467972,9.56528373999
1030,20.0,100.0,70.0,40.0,68.3119160318,3.21543553744,-1.3064594017,38.0172042101,38.3966123556,32.5431187686
1031,40.0,0.0,70.0,40.0,54.1527697325,10.5963444694,18.6348313357,23.6507919856,22.1187458829,11.0478546147
1032,40.0,20.0,70.0,40.0,58.3396587332,-7.79829835923,-14.9460135916,23.5720541916,26.3201113055,30.2343288609
1033,40.0,40.0,70.0,40.0,45.4723286187,-4.05929171161,5.01945085078,13.7012630961,14.8821277014,10.6160154789
1034,40.0,70.0,70.0,40.0,49.7756559217,-2.75998313637,0.664983067466,17.0720746824,18.2314661378,14.7797936789
1035,40.0,100.0,70.0,40.0,43.2450393271,-2.32915375086,7.39854599462,12.4983974347,13.322385876,8.77263758123
1036,70.0,0.0,70.0,40.0,44.4596143718,8.21574565786,-0.443729847295,14.9855598978,14.1586599282,11.8321993601
1037,70.0,20.0,70.0,40.0,35.9269385932,1.65709206038,4.9080662259,8.84351428169,8.97024261716,6.24964877363
1038,70.0,40.0,70.0,40.0,45.6276361577,8.77987486452,-0.369065521236,15.941516149,14.9952103368,12.5019908821
1039,70.0,70.0,70.0,40.0,53.3165062542,27.5557702786,7.93247633157,26.8093595203,21.337131174,14.3272684036
1040,70.0,100.0,70.0,40.0,61.472903074,-0.541234313009,16.1498091725,28.5872477048,29.790344325,16.6990370111
1041,100.0,0.0,70.0,40.0,47.8181024124,13.2361979072,-3.10164908549,18.4883613238,16.6516660352,14.9343155367
1042,100.0,20.0,70.0,40.0,53.0645581984,-10.0728595117,2.72440522295,18.3549766394,21.1053105232,16.245956125
1043,100.0,40.0,70.0,40.0,44.714725292,6.32837549029,-9.17655532939,14.8542026522,14.3386457562,15.2229759589
1044,100.0,70.0,70.0,40.0,62.0857009061,8.84894689624,32.5968833445,31.7952632644,30.5028606784,10.9559263777
1045,100.0,100.0,70.0,40.0,50.6161824792,20.137972868,-1.90317256963,22.3814931374,18.939358125,16.4167174859
1046,0.0,0.0,100.0,40.0,56.9674735097,-5.88992603618,20.7373739742,22.6774234438,24.8893731972,11.9629432653
1047,0.0,20.0,100.0,40.0,45.5038547503,9.3700479339,-9.8147871817,15.9513879544,14.9050363785,16.0388663739
1048,0.0,40.0,100.0,40.0,51.1511571006,-12.7199544646,11.4354328655,16.3472207353,19.3993212021,11.716605038
1049,0.0,70.0,100.0,40.0,69.2518526911,4.97749143479,36.2980405044,39.854509111,39.6951557086,13.9868401871
1050,0.0,100.0,100.0,40.0,59.0763309855,-0.0842249176081,-3.57784697532,26.1219880251,27.110351796,24.2754821449
1051,20.0,0.0,100.0,40.0,61.4498127965,-11.3486677827,19.4340958654,25.8723430539,29.7637158281,15.3206322539
1052,20.0,20.0,100.0,40.0,42.8941436557,5.63072384518,9.05555039513,13.4783252407,13.087068222,8.15920963911
1053,20.0,40.0,100.0,40.0,68.0573225838,5.61284274719,46.2301813693,38.4230531419,38.0498273225,9.91564123526
1054,20.0,70.0,100.0,40.0,56.9646683471,5.32380627347,-15.4234278512,25.2373822059,24.8865027654,29.0502517096
1055,20.0,100.0,100.0,40.0,60.6011234332,-11.5407631308,29.4795979121,24.9566763613,28.7959525634,11.1365502184
1056,40.0,0.0,100.0,40.0,42.3986304831,5.83846209346,4.12495966348,13.1801012616,12.759510683,9.28629102273
1057,40.0,20.0,100.0,40.0,49.5568210229,18.649311095,10.4431031414,21.0843138255,18.0501031964,11.1347898261
1058,40.0,40.0,100.0,40.0,53.3244454273,15.40313525,-4.55554913354,23.9321990256,21.3444635653,19.7028547254
1059,40.0,70.0,100.0,40.0,61.5009540834,-0.504440132448,19.5453410435,28.6278343851,29.8227150689,15.3113408337
1060,40.0,100.0,100.0,40.0,66.149563701,-4.9133335085,-1.82295787831,32.8433044571,35.5174531276,30.4517841967
1061,70.0,0.0,100.0,40.0,66.9738324456,-16.0050757427,29.4266996327,30.7616212526,36.5973367627,15.1327116595
1062,70.0,20.0,100.0,40.0,49.575776078,-5.66549328805,-19.9005890022,16.3940565234,18.065764708,24.2440016135
1063,70.0,40.0,100.0,40.0,55.1005443942,-7.92468794899,16.8890663026,20.526818949,23.0273949798,12.1792433533
1064,70.0,70.0,100.0,40.0,59.3186800378,6.79485732499,-8.00109316864,28.0887251616,27.3737397187,27.0235388825
1065,70.0,100.0,100.0,40.0,62.4025424231,9.1895847907,30.9002431346,32.268782078,30.8756757009,11.6944294076
1066,100.0,0.0,100.0,40.0,66.2007851868,22.3029976648,7.21214299145,41.2096589803,35.5839315558,25.1023959982
1067,100.0,20.0,100.0,40.0,35.0012453643,1.62829201492,4.7123918875,8.37902381278,8.49901068456,5.94448891599
1068,100.0,40.0,100.0,40.0,42.6332293691,5.55222237896,-3.20107757393,13.2917116168,12.913901703,11.6999137074
1069,100.0,70.0,100.0,40.0,35.0294139202,1.58520330789,4.60408498242,8.38791755835,8.5131007586,5.97816887845
1070,100.0,100.0,100.0,40.0,44.7940470953,0.92300536515,-2.58153675717,14.0281548885,14.3949181256,12.7766803347
1071,0.0,0.0,0.0,60.0,48.0628331667,-7.53531060881,10.271525942,14.9488073877,16.8439698876,10.3701100296
1072,0.0,20.0,0.0,60.0,56.0073559489,-13.1555003154,3.20156417614,20.2553069285,23.9197493879,18.2484676572
1073,0.0,40.0,0.0,60.0,60.5124436218,9.56445952533,-5.42090435438,30.1495021372,28.696058552,26.7177460214
1074,0.0,70.0,0.0,60.0,60.558354157,-11.7411983118,24.9459719015,24.8663724342,28.7477459126,12.6530005248
1075,0.0,100.0,0.0,60.0,51.9253747513,-2.87980847735,-17.187146451,18.7954941327,20.0780791414,24.9830649725
1076,20.0,0.0,0.0,60.0,68.7008145136,5.09901538799,41.4390708488,39.1354017481,38.930393399,11.8025111453
1077,20.0,20.0,0.0,60.0,54.4496351489,-17.3071805482,-9.77914805919,18.1140140456,22.4007354534,23.3161991978
1078,20.0,40.0,0.0,60.0,38.1835916285,3.6829540982,4.44091369596,10.2997114727,10.1912956474,7.26578657496
1079,20.0,70.0,0.0,60.0,61.6228199678,-10.2074635273,0.216539504198,26.3291560119,29.9636200203,24.603309595
1080,20.0,100.0,0.0,60.0,48.5181510995,18.4924409553,15.1107957026,20.1261442288,17.2056772579,9.16137275945
1081,40.0,0.0,0.0,60.0,70.6952585583,-0.633078255035,13.1061422337,40.0509800553,41.7457310519,26.1553571096
1082,40.0,20.0,0.0,60.0,59.2003168034,-24.5082464145,-3.8007080129,20.7520333055,27.2448890016,24.5153162094
1083,40.0,40.0,0.0,60.0,55.8316932071,15.5400304503,17.6294489581,26.520953734,23.7451186152,12.3599591838
1084,40.0,70.0,0.0,60.0,71.4856516299,-11.9182967883,14.0742306233,37.5667326845,42.8979486727,26.383100365
1085,40.0,100.0,0.0,60.0,46.4308332694,-1.479047176,1.9186032578,14.7860730912,15.5891855736,12.1870868752
1086,70.0,0.0,0.0,60.0,60.9817119924,-19.7685694303,-24.3388574982,23.4406277364,29.2273020406,39.9636489421
1087,70.0,20.0,0.0,60.0,55.1099200068,15.5771869261,25.3479844821,25.7758845133,23.0365056445,9.48766196425
1088,70.0,40.0,0.0,60.0,73.8236224019,-8.58116298057,-7.25116676687,41.8606844594,46.4298978487,43.9465350481
1089,70.0,70.0,0.0,60.0,47.126236021,-2.72169902658,11.1468138431,15.0788401736,16.1159427745,9.61589424705
1090,70.0,100.0,0.0,60.0,63.056900802,-20.8635901381,-5.54158013518,25.254484089,31.6552237455,29.4357864893
1091,100.0,0.0,0.0,60.0,68.4166299672,-1.19218440268,33.2179900491,36.7997140155,38.5398538889,14.6178067636
1092,100.0,20.0,0.0,60.0,54.3549287383,-1.55442517809,-10.4137753264,21.1847973843,22.3105159979,23.5683107905
1093,100.0,40.0,0.0,60.0,55.15816291,19.4136382743,19.855456263,26.7591238422,23.0834232356,11.2148017196
1094,100.0,70.0,0.0,60.0,45.6502686509,15.6088028208,-10.1730547493,17.1793706354,15.0117371908,16.2938402463
1095,100.0,100.0,0.0,60.0,70.2117184902,10.7239204585,47.4352774234,43.112403497,41.0511132151,10.6913578795
1096,0.0,0.0,20.0,60.0,56.2156059965,22.4262196031,-3.63763224179,28.6662129896,24.1278826676,21.7043798061
1097,0.0,20.0,20.0,60.0,63.9008276871,-8.38417426449,30.1618164342,29.2671117839,32.6798358797,12.847967225
1098,0.0,40.0,20.0,60.0,48.7275084673,9.5316029959,-14.1046435609,18.5298031299,17.3737153955,20.4863317696
1099,0.0,70.0,20.0,60.0,51.574918176,-21.5162552132,10.4259475437,15.1428787475,19.7689051556,12.312625057
1100,0.0,100.0,20.0,60.0,47.5937839947,-5.27776108746,-2.74387138044,14.9882099633,16.4766924186,14.6414010437
1101,20.0,0.0,20.0,60.0,44.406714755,0.355561271094,11.2181366618,13.6731910245,14.1215277425,8.2776310087
1102,20.0,20.0,20.0,60.0,42.2443913751,5.14871551495,-3.27204065371,12.9732383566,12.658678405,11.499327187
1103,20.0,40.0,20.0,60.0,42.2287501434,5.29318359167,8.82893204958,12.9849464017,12.6484828746,7.91797515734
1104,20.0,70.0,20.0,60.0,42.877878239,5.34093064026,-2.97140008719,13.4223200921,13.0762280356,11.7646945257
1105,20.0,100.0,20.0,60.0,66.7736944263,20.1843636068,0.543366360238,41.3249213622,36.3331498996,29.6375292434
1106,40.0,0.0,20.0,60.0,58.7459729062,7.84244025773,-10.2370962079,27.7290022624,26.7540435492,27.7644482738
1107,40.0,20.0,20.0,60.0,78.1673833722,-1.64779780067,31.8873775471,50.9609728225,53.4967674956,22.9061872829
1108,40.0,40.0,20.0,60.0,58.2747346019,7.74292938453,-11.0149728313,27.1953868927,26.2512119409,27.7437343677
1109,40.0,70.0,20.0,60.0,60.9781751762,2.17452164473,7.59912945406,28.7375597789,29.2232738042,20.2031282701
1110,40.0,100.0,20.0,60.0,66.3347435934,-14.3689579472,17.0563317101,30.4604570091,35.7581831449,20.0959072837
1111,70.0,0.0,20.0,60.0,69.8272633902,-9.78436106567,-8.1579603178,36.0403761954,40.5043650016,39.2580004263
1112,70.0,20.0,20.0,60.0,54.0790029715,-5.09042441623,-4.57758769142,20.2048932813,22.0490445797,20.3398397649
1113,70.0,40.0,20.0,60.0,77.5964332183,-1.83169476536,34.3202437178,49.9672254472,52.5295800795,21.1530474707
1114,70.0,70.0,20.0,60.0,76.0600973355,-3.91787579846,31.9029372949,46.7867319476,49.9850719449,21.0376065198
1115,70.0,100.0,20.0,60.0,56.0769660868,32.5417689687,-4.28668515124,31.1897355348,23.9891867603,21.9133823368
1116,100.0,0.0,20.0,60.0,61.0208985595,-15.9577941657,31.6804765771,24.3489561529,29.2719581302,10.6624047682
1117,100.0,20.0,20.0,60.0,40.6708357544,3.10815183725,1.02469552053,11.678543217,11.6601700645,9.32133308699
1118,100.0,40.0,20.0,60.0,72.8215685369,-1.30120736269,52.8179837353,42.8504988066,44.8932810483,10.4139630084
1119,100.0,70.0,20.0,60.0,55.4936890377,30.8575322319,8.81105264237,30.0591092888,23.4114953137,15.4636187565
1120,100.0,100.0,20.0,60.0,61.4772609626,-15.6383265026,21.6006954644,24.8813014945,29.795371772,14.4827018983
1121,0.0,0.0,40.0,60.0,34.8229584403,1.57596428134,4.71469720466,8.28620270283,8.41019098959,5.87837039152
1122,0.0,20.0,40.0,60.0,73.9623239493,-1.74048079703,42.117153391,44.3769199862,46.6453149458,14.8779305608
1123,0.0,40.0,40.0,60.0,41.5930523549,3.69029744976,-0.556241060497,12.3359328361,12.2387290687,10.2688863031
1124,0.0,70.0,40.0,60.0,58.8348079955,32.0460752451,9.60268153883,34.3995518781,26.8495479716,17.5663410783
1125,0.0,100.0,40.0,60.0,49.616202163,-12.0693746831,3.82169373836,15.3126131136,18.0991968002,13.4708500643
1126,20.0,0.0,40.0,60.0,71.906085668,11.0590534534,15.7406703,45.7483825698,43.5193959023,25.8419353028
1127,20.0,20.0,40.0,60.0,53.9987264343,-30.6264392551,9.38575654879,15.3692019301,21.9733588224,14.2208137604
1128,20.0,40.0,40.0,60.0,57.5380026219,-24.4568264284,-18.1407090641,19.3087863218,25.4777763857,31.3976550886
1129,20.0,70.0,40.0,60.0,44.5389842837,7.92463329926,8.0989386874,14.9940905749,14.2144945961,9.20467795867
1130,20.0,100.0,40.0,60.0,69.3325292316,-13.5416325947,-2.20300820352,34.3010166165,39.8079567546,34.3433993101
1131,40.0,0.0,40.0,60.0,50.9781011839,28.70812803,18.9536939643,24.6688583287,19.2497248391,9.27575198841
1132,40.0,20.0,40.0,60.0,81.4229882114,-1.03420168286,15.5779245258,56.7032396504,59.2393618384,36.5015995941
1133,40.0,40.0,40.0,60.0,35.4046988872,1.64991113839,4.9384807432,8.58045946738,8.70230881625,6.04567169058
1134,40.0,70.0,40.0,60.0,46.0542555369,11.9484365706,2.9368416813,16.8302207233,15.3087856291,11.6194620595
1135,40.0,100.0,40.0,60.0,35.0707802635,1.55187571658,4.6247718477,8.40439550971,8.53382065538,5.98906693957
1136,70.0,0.0,40.0,60.0,49.7984720177,7.40489017249,3.84878615595,19.0135937533,18.2504449766,13.5772964632
1137,70.0,20.0,40.0,60.0,48.2330290427,-7.65716397332,10.6035999667,15.0511810185,16.9785751016,10.3581176362
1138,70.0,40.0,40.0,60.0,65.5583409135,19.5285041471,0.234335329167,39.4165440054,34.756111374,28.5342960713
1139,70.0,70.0,40.0,60.0,57.7013970897,7.72232644958,-10.4532271151,26.5800567627,25.6479816148,26.8262648113
1140,70.0,100.0,40.0,60.0,76.824086852,-1.75366509246,31.5492916698,48.7635355675,51.2398782418,21.8801198634
1141,100.0,0.0,40.0,60.0,60.3340171318,0.495665163428,5.30081255782,27.6027196082,28.4957693211,20.7839317754
1142,100.0,20.0,40.0,60.0,60.765616047,0.469031559013,5.33618824736,28.0660956501,28.9818597736,21.135773092
1143,100.0,40.0,40.0,60.0,66.2804723474,-13.4314714453,15.539510478,30.6496519893,35.6875193338,20.7907502561
1144,100.0,70.0,40.0,60.0,68.6114845409,-9.67540179615,-8.31331377081,34.5217414625,38.8073490845,37.8121566555
1145,100.0,100.0,40.0,60.0,54.0094149272,-6.26686705725,-3.36941076934,19.9050463617,21.9834260607,19.700398426
1146,0.0,0.0,70.0,60.0,40.147980049,-0.550436650688,2.7803495102,10.8610558822,11.3404018218,8.57373407376
1147,0.0,20.0,70.0,60.0,79.2157291857,-0.609917477266,9.82416187211,53.0914613242,55.3034373451,37.9194483263
1148,0.0,40.0,70.0,60.0,35.8084132091,1.59990983278,4.90541303058,8.77684231743,8.90895786637,6.20506567121
1149,0.0,70.0,70.0,60.0,54.5051649898,9.64065179343,-15.0104159313,23.7787113155,22.4537473678,26.2721080957
1150,0.0,100.0,70.0,60.0,58.6465541555,9.61295931551,30.2840289908,28.0686469933,26.6474297527,9.83169543306
1151,20.0,0.0,70.0,60.0,60.9736867247,23.2336844051,-5.04685533677,34.5181080309,29.2181622411,26.9643185627
1152,20.0,20.0,70.0,60.0,35.460706481,1.59236707595,4.78006205556,8.6016801233,8.73078441976,6.10109918361
1153,20.0,40.0,70.0,60.0,55.0374581204,4.41303284382,-3.9496224636,23.1175709695,22.9661539314,20.842452041
1154,20.0,70.0,70.0,60.0,58.7421907359,9.67693744207,21.0021848272,28.1898332455,26.7499824649,12.943284452
1155,20.0,100.0,70.0,60.0,61.7800365889,20.4307971653,11.4159051973,34.7147161204,30.1460532291,19.046759624
1156,40.0,0.0,70.0,60.0,78.6567267283,-1.84606998489,28.0366381541,51.6871081734,54.3351010657,25.4687749648
1157,40.0,20.0,70.0,60.0,49.9634063458,27.7779678963,12.1181769799,23.4527630805,18.3880322083,10.820613687
1158,40.0,40.0,70.0,60.0,68.1093705997,-14.9584662877,9.67711687907,32.3945354231,38.1205520783,25.5675015486
1159,40.0,70.0,70.0,60.0,45.7859880404,11.3062089466,-0.682725001673,16.5073172525,15.1110979391,12.7094993167
1160,40.0,100.0,70.0,60.0,54.5696241396,-26.1367813159,-6.77866984202,16.5819035413,22.5153885158,21.8587723351
1161,70.0,0.0,70.0,60.0,47.726418485,-7.8069636033,10.5468122007,14.6631795961,16.5800015159,10.1067634143
1162,70.0,20.0,70.0,60.0,49.5157235965,6.14317479748,16.5316607726,18.5315469544,18.0161777635,9.2471522492
1163,70.0,40.0,70.0,60.0,35.7651135505,1.61281664404,4.89486145786,8.75651943578,8.88663914437,6.19094114804
1164,70.0,70.0,70.0,60.0,46.3622380578,11.2999396,13.7138105477,16.9532140241,15.5378566584,8.51390472439
1165,70.0,100.0,70.0,60.0,35.5390399019,1.66813521195,4.84029524548,8.64952075175,8.77071510687,6.1174283294
1166,100.0,0.0,70.0,60.0,79.1327648953,-1.90021576375,44.8825878039,52.4535575222,55.1590006918,17.4415659385
1167,100.0,20.0,70.0,60.0,51.7980689669,29.9451179428,4.64096575639,25.7981493779,19.9653995403,14.5882858244
1168,100.0,40.0,70.0,60.0,66.7441056983,-15.8410909934,24.969601244,30.5389807949,36.2942002992,16.8138452968
1169,100.0,70.0,70.0,60.0,46.0943442052,15.2710814646,-7.08527233333,17.4697659926,15.3384744255,15.3385334757
1170,100.0,100.0,70.0,60.0,55.0143576025,-30.0009847665,4.36811677394,16.2359477455,22.9437562742,16.9762775245
1171,0.0,0.0,100.0,60.0,65.0664310598,27.3621342932,-0.50652457816,41.2653833146,34.1310141883,28.4689408269
1172,0.0,20.0,100.0,60.0,67.4403649734,23.6085565554,0.0667720949477,43.4308887506,37.2181359109,30.6661156722
1173,0.0,40.0,100.0,60.0,80.2572750587,-1.83020500121,42.4916560341,54.3722096148,57.1382219381,19.4130840657
1174,0.0,70.0,100.0,60.0,80.1508485647,-1.91567877361,36.8496801973,54.1575917848,56.948907427,22.1033027084
1175,0.0,100.0,100.0,60.0,57.8444597,0.585413411878,5.0746229139,25.0140542075,25.7976284767,18.8406291941
1176,20.0,0.0,100.0,60.0,62.2306718452,0.429641530713,5.10381823708,29.6911098084,30.6730676365,22.5428439718
1177,20.0,20.0,100.0,60.0,68.4985144593,-13.4015000031,-13.8315318455,33.3072867184,38.6521141808,41.8652049112
1178,20.0,40.0,100.0,60.0,70.5283256636,-11.4538599067,-10.85525648,36.4478725671,41.5050491718,42.2786523062
1179,20.0,70.0,100.0,60.0,76.9670744909,2.95431975536,8.73427927728,50.7450929891,51.4770352567,35.9020578905
1180,20.0,100.0,100.0,60.0,67.3965478425,-13.267476111,17.437194159,32.0097964138,37.1595334933,20.803879091
1181,40.0,0.0,100.0,60.0,68.4641907611,11.6526798746,-3.44891607601,40.9168040728,38.6050312937,34.1703542124
1182,40.0,20.0,100.0,60.0,56.0735433883,-0.833225149857,24.2601294373,22.9437667821,23.9857694194,10.3152310702
1183,40.0,40.0,100.0,60.0,58.8734170906,0.578196832654,-16.0678512998,26.0706190973,26.8911264174,31.547100554
1184,40.0,70.0,100.0,60.0,58.341588897,22.0309354993,34.1656440683,30.9858428277,26.3221614942,8.56908357846
1185,40.0,100.0,100.0,60.0,67.1492755416,10.8975997972,15.7580006643,38.8541035328,36.829976466,21.4288977131
1186,70.0,0.0,100.0,60.0,55.2071512169,-0.0906922961958,13.3061882995,22.2854827868,23.1311308965,13.528262916
1187,70.0,20.0,100.0,60.0,61.4550685812,-5.27321248443,-2.37186591972,27.3679823237,29.7697755831,25.8953646442
1188,70.0,40.0,100.0,60.0,60.1620003712,19.9411206651,27.3463568575,32.5748415122,28.3035596441,11.590736556
1189,70.0,70.0,100.0,60.0,52.6965982597,-19.228701457,1.38764699103,16.3742863265,20.7697719711,16.5419346793
1190,70.0,100.0,100.0,60.0,50.0319406577,6.50041874934,-7.05159142139,19.033565461,18.4454058789,18.2261689801
1191,100.0,0.0,100.0,60.0,64.0113879609,-7.656525355,18.280146225,29.5829000516,32.8156827858,17.6758613483
1192,100.0,20.0,100.0,60.0,56.5719583108,21.5615438978,5.88331927122,28.8395700433,24.4868296287,17.486105104
1193,100.0,40.0,100.0,60.0,71.2537026587,11.0093724964,35.4122167487,44.748609338,42.5576490603,15.6963268037
1194,100.0,70.0,100.0,60.0,37.3461476375,1.63351030089,5.25945630613,9.58006561505,9.7260213818,6.72553215951
1195,100.0,100.0,100.0,60.0,44.1640736754,5.31168547232,9.75682005982,14.2976495516,13.9520407344,8.55947042241
1196,0.0,0.0,0.0,80.0,37.3364441439,1.69445462261,5.30936778772,9.58243862461,9.72071495062,6.71003838387
1197,0.0,40.0,0.0,80.0,46.8152355271,0.348588044898,12.1064915605,15.371192715,15.8789217974,9.18089815377
1198,0.0,70.0,0.0,80.0,48.5447947256,-8.10801700812,11.0384223964,15.2014521956,17.2270019996,10.3900195511
1199,0.0,100.0,0.0,80.0,54.0176229153,-17.6515147246,-10.4768025164,17.698509579,21.9911590573,23.2910553302
1200,40.0,0.0,0.0,80.0,50.5879621856,3.00298617526,-0.196684526155,18.8184713067,18.9152987519,15.6874507727
1201,40.0,40.0,0.0,80.0,65.6614354969,-6.23582534709,6.24814613043,31.8858892065,34.8880794116,25.1214825105
1202,40.0,70.0,0.0,80.0,57.0607176765,20.5533165528,15.8260168462,29.1247402875,24.9849125817,13.7804362516
1203,40.0,100.0,0.0,80.0,72.1213035805,11.09812228,21.7371913758,46.0894609608,43.839820924,22.7621276661
1204,70.0,0.0,0.0,80.0,79.1326191244,-1.80269188084,47.9309827237,52.4909236645,55.1587471336,16.1366042181
1205,70.0,40.0,0.0,80.0,80.7640484809,-1.61430637319,29.4734512635,55.3255616786,58.0454421186,26.7307070172
1206,70.0,70.0,0.0,80.0,54.4074758756,0.767956479912,5.38361259098,21.7262791436,22.3605436051,16.1023564445
1207,70.0,100.0,0.0,80.0,67.4866038577,0.289485155701,5.14456428711,36.0358122641,37.2800440383,27.57828765
1208,100.0,0.0,0.0,80.0,66.2862590372,-15.2784823192,-16.3302486469,30.1612824556,35.6950494484,40.8379624118
1209,100.0,40.0,0.0,80.0,73.2625365013,-8.54928372946,-6.89327045814,41.0740066998,45.5652443251,42.8775659622
1210,100.0,70.0,0.0,80.0,62.01555851,30.9103587005,-0.566419234975,38.190256916,30.420734666,25.4187169228
1211,100.0,100.0,0.0,80.0,70.5549246091,16.9584432141,0.762597297194,45.7749311006,41.5433370944,33.7547909973
1212,0.0,0.0,40.0,80.0,77.9215230218,-4.2874008775,34.2171901644,49.5746713261,53.0788385975,21.4862064406
1213,0.0,40.0,40.0,80.0,77.9499621042,1.43098321459,34.9297448978,51.7752165097,53.1270694141,21.1530631451
1214,0.0,70.0,40.0,80.0,44.5429306257,-2.59892470325,8.27262834262,13.3041163714,14.2172745692,9.15689578556
1215,0.0,100.0,40.0,80.0,48.9616099908,14.8244653513,2.30426653286,19.7706720642,17.5629057904,13.6151114494
1216,40.0,0.0,40.0,80.0,66.5629969237,-8.45737352755,43.7656351176,32.348615919,36.0564013181,9.88195976394
1217,40.0,40.0,40.0,80.0,52.1438903135,34.2722272853,15.0606821144,27.2210843593,20.2724763924,11.0837079237
1218,40.0,70.0,40.0,80.0,44.2624238934,-2.59566694816,8.33366223084,13.1187061254,14.0205748528,9.00209967376
1219,40.0,100.0,40.0,80.0,48.6555826726,15.9425566705,-2.12608471028,19.7302655388,17.3158622395,15.1205675288
1220,70.0,0.0,40.0,80.0,67.6660422792,-8.65001003735,33.210744075,33.6397106815,37.5209399419,14.1211392861
1221,70.0,40.0,40.0,80.0,53.9268557821,33.2614099351,10.8961796357,28.9168919969,21.9057453617,13.6035183451
1222,70.0,70.0,40.0,80.0,64.7972522644,19.3454288703,17.3252836444,38.3230616757,33.7921486697,18.7192466749
1223,70.0,100.0,40.0,80.0,62.4649645144,8.82567166612,20.8686495714,32.2423373386,30.949481693,15.4481582087
1224,100.0,0.0,40.0,80.0,60.6576472438,2.57820906199,0.590022430426,28.4858638979,28.8597450342,23.4948231884
1225,100.0,40.0,40.0,80.0,57.2553639843,-6.6363565322,5.98759367491,22.786598968,25.1851373716,17.9628700677
1226,100.0,70.0,40.0,80.0,52.2338785927,-8.10226152775,-13.1155271521,18.048478624,20.3528957257,23.0592515662
1227,100.0,100.0,40.0,80.0,49.0313875783,-7.98084685063,11.743796266,15.5801499693,17.6195614375,10.4316096219
1228,0.0,0.0,70.0,80.0,44.6636207368,-2.70838548694,8.05253078231,13.3676717107,14.3024690215,9.279825501
1229,0.0,40.0,70.0,80.0,37.405121632,1.68641139394,5.29822019183,9.61822971384,9.75831331013,6.74018148021
1230,0.0,70.0,70.0,80.0,37.3480274866,1.67422239983,5.25463777689,9.58612521889,9.72704961518,6.72740759366
1231,0.0,100.0,70.0,80.0,37.5754261761,1.70221843988,5.356982683,9.7118448223,9.85196670683,6.795055959
1232,40.0,0.0,70.0,80.0,64.4364105811,20.5061366529,28.3892431214,38.1997698433,33.341418985,13.8381273789
1233,40.0,40.0,70.0,80.0,64.6640882775,9.55636118978,9.72323159301,35.1725437332,33.6253428144,22.3226808514
1234,40.0,70.0,70.0,80.0,62.3596152123,-0.421401338801,14.6107745714,29.6132847693,30.8249880176,18.0423778267
1235,40.0,100.0,70.0,80.0,56.7432851563,-2.95334757757,-6.48999375049,23.1145171542,24.6606638447,23.6726436352
1236,70.0,0.0,70.0,80.0,52.773162126,-11.874258159,-0.477259535759,17.7758320396,20.8392944979,17.4030582887
1237,70.0,40.0,70.0,80.0,79.2539922935,-1.82091677178,52.168062577,52.6859306877,55.3701363624,14.5146068049
1238,70.0,70.0,70.0,80.0,80.6412751979,-1.62645532845,26.0022500144,55.1095821148,57.8247798536,28.6791461456
1239,70.0,100.0,70.0,80.0,49.9252221966,0.99423730418,5.46710759676,17.887173007,18.3561179225,13.063679177
1240,100.0,0.0,70.0,80.0,70.0074386247,0.274412950614,5.10558531735,39.3920287897,40.7599905747,30.2757090716
1241,100.0,40.0,70.0,80.0,64.5547365944,-17.0395604098,-19.2006247073,27.7682857781,33.4887762649,40.7489643455
1242,100.0,70.0,70.0,80.0,75.2161358338,-7.29842093553,-5.71309975414,44.3239759254,48.6229207921,44.6519413044
1243,100.0,100.0,70.0,80.0,60.411501709,35.1529217208,-1.15735355213,37.3627393151,28.5826332676,24.2106765575
1244,0.0,0.0,100.0,80.0,72.4829649966,15.644469695,0.833474291631,48.2827174803,44.3818124222,36.0227110569
1245,0.0,40.0,100.0,80.0,78.4524685976,-2.41899776693,7.67479941104,51.1342357096,53.9841131931,38.5370331251
1246,0.0,70.0,100.0,80.0,68.9120789054,-11.3164087021,-5.08467357047,34.4211001948,39.2224261433,35.8530642155
1247,0.0,100.0,100.0,80.0,58.7291341722,37.8093987077,-0.72267555371,35.9674749845,26.735966211,22.4332543529
1248,40.0,0.0,100.0,80.0,45.4388311601,-2.64265069376,8.56712617854,13.9026751163,14.85781228,9.5188843699
1249,40.0,40.0,100.0,80.0,51.1479182901,23.2948887481,-10.952746944,23.5933923081,19.3965143542,20.989694932
1250,40.0,70.0,100.0,80.0,72.4489289511,7.00080110749,54.6763582102,45.1462618038,44.3306161133,9.65441376942
1251,40.0,100.0,100.0,80.0,57.1658340915,36.4320978949,12.1994530799,33.5888695012,25.0929092578,15.2596748683
1252,70.0,0.0,100.0,80.0,44.7254119674,-2.54054745233,8.59279602519,13.4350711584,14.34621852,9.15531109484
1253,70.0,40.0,100.0,80.0,53.4662407821,17.2533419867,-1.95899348091,24.4990319259,21.4757047362,18.6034926455
1254,70.0,70.0,100.0,80.0,74.1067496725,5.82118537566,45.9118953738,47.259690887,46.8703292879,13.5207777949
1255,70.0,100.0,100.0,80.0,46.9837172598,-1.21228092176,-4.00566120187,15.2296582956,16.0070351591,14.7236084413
1256,100.0,0.0,100.0,80.0,58.9094474709,-11.8278958799,-1.52304921788,23.2178970606,26.929966524,23.0154341501
1257,100.0,40.0,100.0,80.0,54.6058375678,10.8332739797,10.1301985176,24.1507032364,22.5500682196,14.3370022312
1258,100.0,70.0,100.0,80.0,69.985034066,-0.69776785634,13.885465345,39.0525711899,40.728145478,25.0192075181
1259,100.0,100.0,100.0,80.0,57.9355944013,30.8268781647,21.0459942416,32.9379724618,25.893260373,12.43371849
1260,0.0,0.0,0.0,100.0,45.3264576299,5.47365331683,10.1838386419,15.1524612662,14.7764351029,8.99768196442
1261,0.0,40.0,0.0,100.0,37.7042316747,1.6411112079,5.22624817116,9.77385785563,9.92319567728,6.87804623376
1262,0.0,100.0,0.0,100.0,44.7655471507,5.73182183899,9.97263486618,14.7915288989,14.3746828184,8.78583156355
1263,40.0,0.0,0.0,100.0,44.8350081921,-2.81004980053,7.9260234286,13.4666449146,14.4240342494,9.40205236766
1264,40.0,40.0,0.0,100.0,51.8321445361,-4.88670365651,15.5006398905,18.3308697592,19.9955187321,10.7694196811
1265,40.0,100.0,0.0,100.0,47.4521753477,1.62887590023,-13.0127889248,16.0661681115,16.3668679873,18.9191934569
1266,100.0,0.0,0.0,100.0,58.8983246591,-14.2978295438,8.53907872208,22.6586321705,26.9179723436,18.089115877
1267,100.0,40.0,0.0,100.0,55.3553483887,13.4560483054,-1.68084278615,25.5214548382,23.2758540345,20.0029804291
1268,100.0,100.0,0.0,100.0,70.7235609151,-1.347845372,26.479421745,39.8603626968,41.7866290785,19.2132092715
1269,0.0,0.0,40.0,100.0,59.3916494939,32.7984779555,12.92087634,35.3251975897,27.4533766429,16.54615865
1270,0.0,40.0,40.0,100.0,78.9999530872,-1.65683347051,54.0666101165,52.3267848234,54.9283059113,13.6255035941
1271,0.0,100.0,40.0,100.0,80.9165539564,-1.47890736823,21.8805865022,55.6428616031,58.3203233432,31.5842587848
1272,40.0,0.0,40.0,100.0,47.80186834,1.09354989351,5.35383068154,16.2370448835,16.6389616967,11.8203172697
1273,40.0,40.0,40.0,100.0,72.0851011632,0.260438112705,4.8904569822,42.3094155157,43.7858116608,32.7489485102
1274,40.0,100.0,40.0,100.0,63.3288588309,-17.598674495,-20.97313762,26.3200023591,31.9830334989,40.4857896435
1275,100.0,0.0,40.0,100.0,75.879962847,-6.22612448601,-4.15146664041,45.6933618792,49.6922275246,44.3099985811
1276,100.0,40.0,40.0,100.0,59.8634540025,36.0936932289,-1.13172378356,36.9273275055,27.9720224426,23.6841300253
1277,100.0,100.0,40.0,100.0,74.3572070518,12.7910591757,1.37615971169,50.2141964228,47.2622537373,37.9719805487
1278,0.0,0.0,100.0,100.0,65.7044671401,17.4158887541,20.8892384077,38.9459190458,34.9432614919,17.8135869608
1279,0.0,40.0,100.0,100.0,68.1445882842,20.9212678477,3.33624154898,43.5493536116,38.16845684,29.369878039
1280,0.0,100.0,100.0,100.0,53.9451789926,-4.23285873724,19.4522195766,20.2622482442,21.9229700216,10.6714993392
1281,40.0,0.0,100.0,100.0,65.7820049476,9.04587544525,-6.01910094321,36.4604129521,35.0428397419,32.7771315646
1282,40.0,40.0,100.0,100.0,38.4993525992,1.65972136671,5.42746919388,10.213702487,10.3705087489,7.15801206757
1283,40.0,100.0,100.0,100.0,56.4932841384,-2.53297320037,-18.5298197785,22.968097225,24.4072785161,30.4887998081
1284,100.0,0.0,100.0,100.0,54.2654774655,-3.34850525043,9.3682026247,20.7289542176,22.2255254606,14.4046161946
1285,100.0,40.0,100.0,100.0,66.9151960658,5.34636434684,11.016999371,36.8200674757,36.519803191,23.6892212809
1286,100.0,100.0,100.0,100.0,37.2290947543,1.68593890675,5.32247282623,9.52406459241,9.66213883172,6.66410102302
1287,100.0,0.0,0.0,0.0,59.6172338949,-8.131089013,-6.55174461474,24.7618715095,27.7005500114,26.4776542221
1288,98.0,0.0,0.0,0.0,53.7959783874,37.9527496831,10.4489629937,29.9999641966,21.7829768936,13.6861364567
1289,95.0,0.0,0.0,0.0,70.6028155844,-9.40921553243,30.9085408182,37.168103856,41.6123332362,17.1217202969
1290,90.0,0.0,0.0,0.0,49.4006134167,21.5271166415,-1.26636578646,21.5506276722,17.9213820215,15.2908347706
1291,85.0,0.0,0.0,0.0,58.9592880777,-22.5574620542,11.747231896,20.9420745303,26.983755431,16.7283888107
1292,80.0,0.0,0.0,0.0,43.726693373,9.51350049293,-11.1785665115,14.6764145389,13.6499621618,15.3430238548
1293,75.0,0.0,0.0,0.0,55.6347824899,-0.65572110259,21.1816521553,22.5651528333,23.550377442,11.0505672627
1294,70.0,0.0,0.0,0.0,44.4250318155,-2.51935830227,8.16279551757,13.2380122516,14.1343778034,9.13021440935
1295,60.0,0.0,0.0,0.0,48.2959665875,12.1102474551,13.9142673162,18.6685873397,17.0285324472,9.39592321781
1296,50.0,0.0,0.0,0.0,38.1885414622,1.65128431303,5.35255001363,10.0400818789,10.1940889189,7.04678990531
1297,40.0,0.0,0.0,0.0,47.8350978367,12.357193205,13.7897934269,18.3337864644,16.6649731139,9.20241221897
1298,30.0,0.0,0.0,0.0,53.8739483449,40.6611789158,17.1537190184,30.8160119202,21.8560605807,11.3750845355
1299,25.0,0.0,0.0,0.0,73.6194989144,-9.17806072276,17.3500025099,41.3727428073,46.1140818749,26.6171778252
1300,20.0,0.0,0.0,0.0,50.2103975439,19.9337005644,7.21539084455,21.9573660605,18.5953612097,12.6137799808
1301,15.0,0.0,0.0,0.0,62.6281100138,-21.3678163228,0.291051455785,24.7014243357,31.1429352095,25.5310297766
1302,10.0,0.0,0.0,0.0,44.067816834,6.98934899478,-5.40108977911,14.5032971783,13.8851819699,13.3442918297
1303,7.0,0.0,0.0,0.0,46.3425590891,1.15414703954,5.28862516159,15.1626128874,15.5231519656,11.0091343011
1304,5.0,0.0,0.0,0.0,73.4158578313,0.224842544066,4.74049973752,44.242509141,45.8004425624,34.4101710557
1305,3.0,0.0,0.0,0.0,61.8954667395,-18.931145937,-22.3804041656,24.5334859809,30.2804680614,39.6720005088
1306,2.0,0.0,0.0,0.0,77.6264520243,-5.30755026537,-2.71835039022,48.7285037827,52.5801390918,45.612959063
1307,0.0,100.0,0.0,0.0,58.8176138189,35.9582237889,0.325375600369,35.5286305291,26.8310452259,21.9713171299
1308,0.0,98.0,0.0,0.0,75.6532250192,10.5448382978,2.06530489413,51.4754278036,49.3252489457,39.1235081955
1309,0.0,95.0,0.0,0.0,79.275501284,-1.63241502369,55.4713181494,52.7947447698,55.4076536776,13.2821150732
1310,0.0,90.0,0.0,0.0,81.4609052964,-1.33774125941,18.9005005334,56.6463633388,59.3085567468,34.2107427145
1311,0.0,85.0,0.0,0.0,62.7716568331,0.0247501698454,8.40978698635,30.2023796524,31.3138143927,21.3285938767
1312,0.0,80.0,0.0,0.0,79.8236175394,-0.0611748085216,4.51175255082,54.3326581624,56.3694398695,42.8033588894
1313,0.0,75.0,0.0,0.0,71.1788145811,16.9139731876,0.860633797313,46.7124055679,42.4481639901,34.4259904277
1314,0.0,70.0,0.0,0.0,58.4639744225,5.51440429542,26.9575790782,26.8453579261,26.4523749267,10.7621764119
1315,0.0,60.0,0.0,0.0,42.5981890697,3.5852640114,0.966629345406,12.9673965487,12.8907627792,10.3338492283
1316,0.0,50.0,0.0,0.0,60.5253730841,27.7673408465,35.8265480745,35.2824417518,28.7106086287,9.15747188025
1317,0.0,40.0,0.0,0.0,69.411214707,16.5874098339,19.577621634,43.9338750392,39.91817957,21.4693655208
1318,0.0,30.0,0.0,0.0,57.3468707366,6.09000765111,16.6178191725,25.813079375,25.2796351666,13.668721974
1319,0.0,25.0,0.0,0.0,36.6344685851,1.70373913727,5.16232800733,9.21286375521,9.34193325038,6.46604489696
1320,0.0,20.0,0.0,0.0,62.2970553608,26.5241962801,29.7890005689,37.2087887887,30.7512178429,12.0099054612
1321,0.0,15.0,0.0,0.0,46.0920747929,12.5783479871,3.41401201284,16.9739059259,15.336792724,11.4819974026
1322,0.0,10.0,0.0,0.0,37.9002133794,1.62862770467,5.29232898335,9.87891121478,10.0322301257,6.94244350098
1323,0.0,7.0,0.0,0.0,46.9384799231,13.3002966825,3.34419929479,17.7805292366,15.9725693142,11.9977515184
1324,0.0,5.0,0.0,0.0,44.9955236391,-2.52202907647,8.04372979681,13.6198292848,14.5385108329,9.44839420657
1325,0.0,3.0,0.0,0.0,54.3361573388,0.871838202317,6.15492279448,21.6827071865,22.292662755,15.7328358663
1326,0.0,2.0,0.0,0.0,41.8765198091,2.92194373041,1.96711651903,12.4026673773,12.4203335181,9.65387829973
1327,0.0,0.0,100.0,0.0,62.035622402,-19.0904039646,-10.4712790169,24.6369751803,30.4442113416,31.4529870777
1328,0.0,0.0,98.0,0.0,49.7364253065,21.0541057658,14.4584686645,21.7589248316,18.1988641764,9.97118959094
1329,0.0,0.0,95.0,0.0,74.6146758555,-8.11563172269,5.28345983081,43.1593455507,47.667421062,35.4737824797
1330,0.0,0.0,90.0,0.0,52.7550492628,41.5838477206,22.7187596007,29.7732344582,20.8228334304,9.0750231146
1331,0.0,0.0,85.0,0.0,54.8643549261,42.6316148329,7.86678896931,32.5343949578,22.798671799,15.4066213632
1332,0.0,0.0,80.0,0.0,46.3397636207,-3.32978032865,-0.340484252868,14.4173557736,15.5210638639,12.9285930764
1333,0.0,0.0,75.0,0.0,65.8934684608,22.7150276214,12.5089076712,40.910808733,35.1863183984,21.9796258078
1334,0.0,0.0,70.0,0.0,53.6409918852,-21.0318135516,6.11488946375,16.7798929433,21.6381873408,15.2625875398
1335,0.0,0.0,60.0,0.0,81.0765047566,-1.2795004549,22.4427931125,56.0000657279,58.6095552444,31.3977345044
1336,0.0,0.0,50.0,0.0,44.0525654039,1.36372593129,5.36953626491,13.5918043579,13.8746081654,9.7576902842
1337,0.0,0.0,40.0,0.0,76.7683907437,0.130352539525,4.8196165928,49.3697560844,51.1476990495,38.5009846514
1338,0.0,0.0,30.0,0.0,61.0735931771,-19.6720806553,-23.4694618285,23.5517968197,29.3320793522,39.4233995829
1339,0.0,0.0,25.0,0.0,78.6524951705,-4.13996501148,-0.876659731282,50.809404501,54.3278143621,45.5524201939
1340,0.0,0.0,20.0,0.0,57.3203038233,39.2243513779,0.47955003858,34.5891323421,25.2521755638,20.5994654442
1341,0.0,0.0,15.0,0.0,77.1492429393,7.95531118072,2.91575079888,52.9586347336,51.7802354651,40.4391178392
1342,0.0,0.0,10.0,0.0,77.8480834618,-1.22748570032,56.8724441951,50.6002822661,52.9544249632,11.9172242123
1343,0.0,0.0,7.0,0.0,81.2862325969,-0.904006190474,15.9700817604,56.5169379324,58.9902435737,36.052235709
1344,0.0,0.0,5.0,0.0,78.2656631761,-1.55232663898,3.49629293985,51.1575414435,53.6644415076,41.4822244552
1345,0.0,0.0,3.0,0.0,70.1545675916,-11.8065474128,-5.20918033663,35.8571461149,40.969527331,37.4867190352
1346,0.0,0.0,2.0,0.0,58.2882527426,-18.7719728306,26.168002487,21.1293247304,26.2655478589,10.9178167926
1347,0.0,0.0,0.0,100.0,42.4618164566,3.51616826783,0.975507662126,12.8678909844,12.8009720011,10.2584374849
1348,0.0,0.0,0.0,98.0,68.7615603843,-6.21839556063,46.4256978371,35.7327729045,39.0142139773,10.2258520292
1349,0.0,0.0,0.0,95.0,46.3590184707,17.005006329,-16.0674804607,18.0077302256,15.535450255,19.4668433865
1350,0.0,0.0,0.0,90.0,58.9018309622,-18.878768539,16.0474216745,21.6675252974,26.9217529484,14.9187993006
1351,0.0,0.0,0.0,85.0,36.9206058308,1.64024876888,5.13505194431,9.35504394332,9.49511992352,6.58476113597
1352,0.0,0.0,0.0,80.0,69.8661240107,-6.4366123663,35.0741968876,37.1059965458,40.5594082647,14.8702458451
1353,0.0,0.0,0.0,75.0,48.0650209093,11.2102289181,-8.08011008315,18.3039752634,16.8456956088,17.1783436652
1354,0.0,0.0,0.0,70.0,50.8715524814,-4.31205302596,14.4027109984,17.6572111623,19.1580035697,10.5926109778
1355,0.0,0.0,0.0,60.0,45.1169861053,1.35717230816,-3.0698438764,14.3224408068,14.6255369984,13.1533113774
1356,0.0,0.0,0.0,50.0,43.8202917441,5.5027235585,9.31893707902,14.0894578007,13.7142358071,8.5172289732
1357,0.0,0.0,0.0,40.0,42.8641918689,6.41288183172,-3.42407408069,13.5803458442,13.0671113093,11.9102288108
1358,0.0,0.0,0.0,30.0,44.210392189,5.67538730642,9.26340226174,14.3891522759,13.9842893204,8.7170755224
1359,0.0,0.0,0.0,25.0,58.9664801476,33.5426298522,4.63728259387,35.003752079,26.9915231546,19.9587254734
1360,0.0,0.0,0.0,20.0,69.427767441,-1.58773399366,39.1571902689,38.0192371104,39.9413925547,13.0401473938
1361,0.0,0.0,0.0,15.0,53.0183513096,18.7367346783,-8.01070505338,24.3953963849,21.062978025,21.130552061
1362,0.0,0.0,0.0,10.0,58.6147733484,-15.4196323815,19.1521377059,22.1461260121,26.6134087723,13.5391145879
1363,0.0,0.0,0.0,7.0,45.1074509583,5.22514511747,-18.7583630006,14.9524373876,14.6186926709,19.719809898
1364,0.0,0.0,0.0,5.0,72.5619131132,-10.0857165498,37.7819447316,39.5996124331,44.5007162491,15.6496250202
1365,0.0,0.0,0.0,3.0,61.2855474003,-10.7438079566,-9.95048662022,25.8475171787,29.574737203,30.287337073
1366,0.0,0.0,0.0,2.0,63.5296608078,8.67379326259,25.6960141275,33.4950032037,32.2265209221,14.2677771914
1367,0.0,0.0,0.0,0.0,50.5303905961,9.55758256018,-9.4732013986,20.0729736321,18.8662789657,19.7506813599
1368,100.0,85.0,85.0,0.0,50.6570869747,29.3153880331,14.3212307111,24.4882702653,18.9742676913,10.5020694699
1369,80.0,65.0,65.0,0.0,41.1961200868,1.53772890263,5.32949726204,11.7770706611,11.9874205084,8.37235292691
1370,60.0,45.0,45.0,0.0,77.2190268028,0.115931761239,5.60038863938,50.087090879,51.896698009,38.4981454132
1371,40.0,27.0,27.0,0.0,59.4828513958,-20.2208231903,-22.8782644642,21.9170355518,27.553128947,36.9549893138
1372,20.0,12.0,12.0,0.0,78.4742315643,-3.13869961253,1.93686538202,50.8973569349,54.0214375277,43.0021200435
1373,10.0,6.0,6.0,0.0,56.8834032422,40.5699254405,-0.00531971597826,34.4323378049,24.8034425939,20.4680338945
1374,5.0,3.0,3.0,0.0,77.7907402667,5.55507124832,3.86584833944,53.1003213898,52.8574153885,40.5592043658
1375,40.0,27.0,27.0,10.0,77.9545625287,-1.6098978182,58.3174525932,50.6291013859,53.1348741764,11.4925972608
1376,20.0,12.0,12.0,10.0,81.4332637021,-1.07876519609,12.668957931,56.7031289472,59.2581082676,38.6452719784
1377,10.0,6.0,6.0,10.0,76.8033701206,-2.06248586549,2.61927794601,48.617476646,51.2055783332,40.2088567611
1378,60.0,45.0,45.0,20.0,80.287070196,-2.78437369962,7.44405593908,54.0467866182,57.1912974544,41.1212937309
1379,40.0,27.0,27.0,20.0,42.626905554,5.93141523246,4.28261104194,13.3461196128,12.9097237145,9.35452377043
1380,20.0,12.0,12.0,20.0,63.1189768296,-19.6818624101,32.6556455419,25.5992865892,31.7298500165,11.5202923279
1381,10.0,6.0,6.0,20.0,50.8747584773,17.6836661409,-13.9853492873,22.0900115379,19.1607591552,22.2884640119
1382,80.0,65.0,65.0,40.0,46.9950316232,0.444866046488,11.8231360552,15.5198671731,16.0156631962,9.35183556786
1383,60.0,45.0,45.0,40.0,43.7442552398,5.6240780779,9.57468551537,14.0563576181,13.6620064906,8.41230554513
1384,40.0,27.0,27.0,40.0,63.5063838961,-19.9590960769,23.5865566766,25.933549326,32.1982328212,15.0775584683
1385,20.0,12.0,12.0,40.0,52.7092703167,10.9851589907,-4.89232640922,22.3529053371,20.781267924,19.3600307325
1386,10.0,6.0,6.0,40.0,46.6031281947,0.43918473196,11.6572994664,15.2315171664,15.7186099375,9.20482367031
1387,100.0,85.0,85.0,60.0,43.0648050254,6.08513267013,-3.7034873626,13.6646150339,13.2011679508,12.1244589626
1388,80.0,65.0,65.0,60.0,37.1716240136,1.68558956408,5.23050337823,9.49343032535,9.63087636404,6.66245508658
1389,60.0,45.0,45.0,60.0,42.905261633,6.28820490892,-3.71234093576,13.5885458732,13.0944813121,12.0329389824
1390,40.0,27.0,27.0,60.0,44.3838830574,-2.46606345629,7.4330198281,13.2189182881,14.1055214126,9.31944782299
1391,20.0,12.0,12.0,60.0,48.6284760705,-5.18838053637,-2.31681776919,15.7620605506,17.2940925448,15.1781395892
1392,10.0,6.0,6.0,60.0,51.6646846267,-13.029702398,8.0775781707,16.6869301436,19.847792836,13.2049445869
1393,100.0,85.0,85.0,80.0,54.4081474105,0.586469593818,-13.6088922417,21.6880419422,22.3611834247,25.377102931
1394,80.0,65.0,65.0,80.0,61.8942243617,-1.02204551082,24.8955138306,28.932097597,30.2790192282,13.5060707892
1395,60.0,45.0,45.0,80.0,62.1915554565,12.0124227894,-2.57938995159,32.8053314951,30.6270797989,26.7489851679
1396,40.0,27.0,27.0,80.0,63.8150261153,22.3171365098,35.0057333963,37.9297188833,32.5746690853,11.1414605677
1397,20.0,12.0,12.0,80.0,49.2782400259,24.3294933523,-4.42080710377,22.0389912298,17.8209701533,16.5058117434
1398,10.0,6.0,6.0,80.0,54.752394108,11.0347964358,13.1171024707,24.34275632,22.690781427,13.3088676288
1399,100.0,85.0,85.0,100.0,60.3895794084,4.83967163357,-3.15722580706,28.7706399531,28.5580394311,25.2988807917
1400,80.0,65.0,65.0,100.0,63.5435046973,-7.24883667399,22.6790881207,29.1614520389,32.2433530595,15.4680603257
1401,60.0,45.0,45.0,100.0,67.7186100006,-12.8558699459,4.26984569882,32.5116279023,37.5917080738,28.3451302068
1402,40.0,27.0,27.0,100.0,58.5984234339,-20.8453961083,-23.0733075241,20.974830753,26.5959176671,35.9998641393
1403,20.0,12.0,12.0,100.0,78.1426421975,-2.49989583659,2.74207564594,50.5992432369,53.4546119709,41.9078924907
1404,10.0,6.0,6.0,100.0,54.5877758969,41.9924740299,1.10839125986,32.023591505,22.5327670553,18.0885339692
1405,100.0,0.0,0.0,70.0,78.0831965308,4.09318742492,4.14004639267,53.0221149947,53.3534153539,40.7367939423
1406,0.0,100.0,0.0,70.0,76.7442491247,-1.82148250537,57.8724888871,48.6124085654,51.1077781149,10.9552027211
1407,0.0,0.0,100.0,70.0,80.2763964803,-0.925057284091,11.5426643816,54.7631201616,57.1722800728,38.0007554863
1408,100.0,100.0,0.0,70.0,37.3725100961,1.50742876226,4.90101973201,9.5785205204,9.7404476474,6.81994448028
1409,100.0,0.0,100.0,70.0,78.2626092705,-0.149892296342,4.7548684736,51.6861138586,53.6592260084,40.5010669867
1410,0.0,100.0,100.0,70.0,71.5300417096,-3.05030484678,1.04444225438,40.4325541251,42.9632808625,34.7182740063
1411,40.0,40.0,0.0,70.0,64.564456327,20.0055248771,-0.537157874215,38.2157846112,33.5008999926,27.9636694561
1412,40.0,0.0,40.0,70.0,52.3414867224,-10.4677892397,15.5264108406,17.6908495893,20.449340169,11.0431644218
1413,0.0,40.0,40.0,70.0,41.3517066642,3.53209347642,1.38817598332,12.1607189977,12.0855124651,9.55770710188
1414,3.0,3.0,0.0,0.0,61.9716923775,4.12403968491,32.1740490832,30.3764695752,30.3694491344,11.0289750865
1415,3.0,0.0,3.0,0.0,55.5470051618,-8.52754518793,-22.1819778131,20.8006218079,23.4639114619,31.7948029156
1416,0.0,3.0,3.0,0.0,53.2884023394,-10.0239754102,6.51151801096,18.54974083,21.3111887029,14.8625074517
1417,3.0,3.0,3.0,0.0,35.5233647855,1.66102706883,4.90510581621,8.64086636175,8.76271494789,6.09739062217
1418,3.0,0.0,0.0,3.0,62.4273158896,4.73083001952,22.4926053843,31.0702773513,30.9049530385,14.7741250248
1419,0.0,3.0,0.0,3.0,57.7251678284,-14.9919735677,-6.4970184823,21.415102279,25.6728061697,24.5997015204
1420,3.0,3.0,0.0,3.0,49.1053026017,-7.31028552089,9.50953286372,15.7505406043,17.6797092137,11.1853672247
1421,0.0,0.0,3.0,3.0,47.7070452404,4.26306316479,-0.465318649205,16.7290034441,16.5648848284,13.8422035624
1422,3.0,0.0,3.0,3.0,37.021495391,1.67140037521,5.18178212756,9.41208717274,9.54952893315,6.61398978335
1423,0.0,3.0,3.0,3.0,44.0851527781,9.35564282158,-0.719065166523,14.9064015729,13.8972074886,11.7070849673
1424,3.0,3.0,3.0,3.0,37.0367692101,1.69475734367,5.24842802791,9.42303113772,9.55778406421,6.60471867463
1425,7.0,7.0,0.0,0.0,72.6991628421,12.49748888,9.41304294047,47.479100098,44.7079333723,30.4877211387
1426,7.0,0.0,7.0,0.0,55.602900489,20.7901844555,21.7833191067,27.5780432432,23.5189472201,10.8391930168
1427,0.0,7.0,7.0,0.0,64.1892983053,-0.994350540379,-6.6490582169,31.5814410227,33.0350730842,31.3821248066
1428,7.0,7.0,7.0,0.0,49.3965410088,0.465576535105,10.4628277614,17.3640388603,17.9180344091,11.0386606465
1429,7.0,0.0,0.0,7.0,53.6128801213,-12.2804077047,-19.9256529248,18.3848416067,21.6119940564,28.2694792583
1430,0.0,7.0,0.0,7.0,60.377626029,-23.9615611402,15.3667047817,21.9420514869,28.5446353122,16.2319017146
1431,7.0,7.0,0.0,7.0,71.7505954314,0.27703114347,5.08208085943,41.8350594499,43.2888699212,32.2380314277
1432,0.0,0.0,7.0,7.0,56.553395588,-6.90892484613,10.3002750146,22.0649573551,24.46804444,15.6009651039
1433,7.0,0.0,7.0,7.0,56.7179420907,21.7233841802,1.48490130724,29.0447469073,24.6348982043,19.6126751598
1434,0.0,7.0,7.0,7.0,44.7665898351,8.83315103927,3.68590724697,15.3124475755,14.3754228026,10.6528852638
1435,7.0,7.0,7.0,7.0,58.5161092928,-20.9807123261,-23.1019783564,20.8724354475,26.5079745743,35.919293683
1436,40.0,3.0,0.0,0.0,78.7865135826,-2.17350115427,3.49501423398,51.7757290438,54.5589094217,42.1899401423
1437,3.0,40.0,0.0,0.0,54.3724437805,41.8358320412,0.738433882984,31.7235448847,22.3271829292,18.0879467954
1438,40.0,0.0,3.0,0.0,79.0934957511,3.35216134146,4.79110030567,54.4378172983,55.0907228664,41.5859887008
1439,40.0,3.0,3.0,0.0,78.0667678904,-2.01256685971,58.8729561457,50.6595984698,53.3254707988,11.3726143686
1440,0.0,40.0,3.0,0.0,80.2830948446,-0.792592714032,10.5018141677,54.8271598942,57.1842140698,38.7828490772
1441,3.0,40.0,3.0,0.0,36.135940988,1.54476232262,4.8237070566,8.93662099973,9.07899300653,6.34869852957
1442,40.0,40.0,3.0,0.0,79.3199143703,-0.226140148122,4.78673381982,53.4158165936,55.4851753545,41.8961711116
1443,3.0,0.0,40.0,0.0,64.2196555095,-3.42701231652,1.19338504559,30.9528878821,33.0726054798,26.5880755961
1444,0.0,3.0,40.0,0.0,67.9632948742,-7.77779932922,-9.73523506907,34.2609368563,37.9222808796,38.0365015986
1445,3.0,3.0,40.0,0.0,69.9619779125,8.01815482565,-2.81648316897,41.8455266192,40.6953915477,35.5288374683
1446,40.0,3.0,40.0,0.0,58.0337240392,-5.35081930811,23.4660493243,23.8283069188,25.9964963097,11.6614042929
1447,3.0,40.0,40.0,0.0,61.4806262969,-2.63296761282,-15.169998476,28.0609990544,29.7992545529,33.9510925473
1448,40.0,0.0,0.0,3.0,42.8731878352,5.62397167466,8.45092714456,13.4632032834,13.0731031996,8.31059522694
1449,40.0,3.0,0.0,3.0,70.4170474576,6.43885546675,15.3234720985,41.9724061073,41.3451245374,24.6339965484
1450,0.0,40.0,0.0,3.0,58.2282295735,-4.69135319112,13.6518574449,24.1711988889,26.2019334421,15.4125719595
1451,3.0,40.0,0.0,3.0,63.495447305,-9.02733918329,1.58926731066,28.6469063221,32.1849474553,25.6428442859
1452,40.0,40.0,0.0,3.0,42.7890679389,5.52074987942,8.82639550664,13.3908019359,13.0171454244,8.17191736387
1453,40.0,0.0,3.0,3.0,43.0217916793,5.82379562204,-2.91793650604,13.594480914,13.1723480982,11.8305725255
1454,40.0,3.0,3.0,3.0,46.8999730553,11.4813245161,11.7430153185,17.4110687187,15.9432703516,9.32757382003
1455,0.0,40.0,3.0,3.0,42.9825603222,6.2623103152,-3.38286656549,13.6367477244,13.1460988607,11.9657858231
1456,3.0,40.0,3.0,3.0,49.9965719391,6.2823100772,14.5832851663,18.9609759682,18.4157819885,10.0694410379
1457,40.0,40.0,3.0,3.0,48.8813071241,-5.06980869217,-2.20433449805,15.9719923138,17.497854648,15.3079843372
1458,0.0,0.0,40.0,3.0,55.1277503965,-29.9354291466,10.2683353128,16.3339351183,23.0538387904,14.6325664763
1459,3.0,0.0,40.0,3.0,45.9284297561,18.4030636105,-11.8071172138,17.9213072973,15.2158506607,17.1971448333
1460,40.0,0.0,40.0,3.0,66.5101328086,-15.6469342421,31.0780996895,30.3205926267,35.9871861866,14.1745023585
1461,0.0,3.0,40.0,3.0,50.5259608335,32.0571443833,-3.0352668513,24.9967560811,18.8625107221,16.8320879928
1462,3.0,3.0,40.0,3.0,78.018495563,-2.21227365586,52.236541677,50.5061439443,53.2434176819,13.6769403443
1463,40.0,3.0,40.0,3.0,42.8303286656,11.3150877443,-12.9459243429,14.3389389733,13.0445726628,15.4326715135
1464,0.0,40.0,40.0,3.0,58.0989451825,32.0737397532,22.0634307012,33.4926273173,26.0652628901,12.1776160095
1465,3.0,40.0,40.0,3.0,51.4323680012,-6.32242553831,-15.2805425546,17.7332410277,19.6440605946,23.4760316319
1466,40.0,40.0,40.0,3.0,69.7794231486,10.2472479098,35.1941387719,42.3256344968,40.4366711721,14.7641064588
1467,3.0,0.0,0.0,40.0,57.8007511161,-24.5830601387,-12.2497088672,19.5087478961,25.7518466862,27.9943575517
1468,0.0,3.0,0.0,40.0,58.4890583633,-21.1469133287,-22.9487734825,20.813504957,26.4791161806,35.7774101232
1469,3.0,3.0,0.0,40.0,79.956885634,-2.02524814461,2.91347715503,53.7860166052,56.6049569784,44.28075859
1470,40.0,3.0,0.0,40.0,55.1498791869,42.8295368525,0.411199286715,32.9366339606,23.0753625541,18.8487658665
1471,3.0,40.0,0.0,40.0,79.1312683138,3.16832050284,4.66072764563,54.4295073356,55.1563975305,41.7394153317
1472,0.0,0.0,3.0,40.0,78.0673434737,-2.16612617476,57.6268643611,50.6027085371,53.3264496813,11.789447398
1473,3.0,0.0,3.0,40.0,80.7999852356,-0.610804240812,9.67260141841,55.7896223943,58.1101378287,40.0843571794
1474,40.0,0.0,3.0,40.0,35.0015223576,1.52680532165,4.53124128039,8.36764518697,8.49914916245,5.98349520869
1475,0.0,3.0,3.0,40.0,79.3005481363,-0.249763511909,5.35646777057,53.374033102,55.4513633038,41.4228660861
1476,3.0,3.0,3.0,40.0,55.4848304252,-2.57499262273,1.64996205738,22.0061457707,23.4027938043,18.5445808363
1477,40.0,3.0,3.0,40.0,77.4816629688,1.30615054188,2.00867258096,50.9603136161,52.3365777463,41.58865826
1478,0.0,40.0,3.0,40.0,57.6766518974,-27.0371250537,17.3307888588,18.9188186083,25.6221564121,13.6148925121
1479,3.0,40.0,3.0,40.0,53.7637015775,22.8090829431,-8.37289959984,26.1205451372,21.7527705724,21.9634462351
1480,40.0,40.0,3.0,40.0,69.3790036493,-12.9878225254,40.768050547,34.5205312607,39.8730336743,12.4365083827
1481,3.0,0.0,40.0,40.0,46.5407447449,10.0021408391,-18.0700934343,16.857455496,15.6716663905,20.5819011744
1482,0.0,3.0,40.0,40.0,57.687489035,-27.0279945677,9.42841628635,18.9297295942,25.6334644048,16.7822904732
1483,3.0,3.0,40.0,40.0,55.8386662946,17.0608672939,1.85961291252,26.902252826,23.7520344843,18.7283788797
1484,40.0,3.0,40.0,40.0,69.6995313589,-12.580917,30.4409170566,35.0448703732,40.3237926976,16.6533155006
1485,3.0,40.0,40.0,40.0,48.4365381912,5.16989074785,-9.37703420864,17.4687421676,17.140466314,18.034519264
