SAMPLE_ID,CMYK_C,CMYK_M,CMYK_Y,CMYK_K,LAB_L,LAB_A,LAB_B,XYZ_X,XYZ_Y,XYZ_Z
1,0.0,0.0,0.0,0.0,63.4154846393,4.36618150995,6.86224850928,32.1414279331,32.0879227917,22.6913480833
2,0.0,10.0,0.0,0.0,47.2703163007,-1.98290772541,-2.03226878684,15.3083532611,16.2265446478,14.1509058784
3,0.0,20.0,0.0,0.0,36.1019577573,-0.847671935962,-0.890062596585,8.63915597183,9.06125097811,7.70092434866
4,0.0,30.0,0.0,0.0,82.4693249237,3.1316506189,4.44491006572,60.2999561259,61.1686525718,46.6092752415
5,0.0,40.0,0.0,0.0,36.8632722312,-0.761706333395,-1.21311113209,9.03515677696,9.4642926216,8.12501209912
6,0.0,55.0,0.0,0.0,73.6583843618,-0.924775718896,0.252593803983,44.2066400657,46.1741339245,37.9120333041
7,0.0,70.0,0.0,0.0,42.5481820482,5.97610333615,-4.41961745375,13.3005595525,12.8577884485,12.0643841119
8,0.0,85.0,0.0,0.0,67.84613717,-0.855675881145,0.982642720895,36.1573858198,37.7637583645,30.5279617803
9,0.0,100.0,0.0,0.0,37.601279841,0.00592494728333,0.0733818913583,9.51470093051,9.8662362553,8.12130029712
10,10.0,0.0,0.0,0.0,78.5405147391,2.86706597401,4.48240174237,53.3119721188,54.1352217357,41.0826801003
11,10.0,10.0,0.0,0.0,38.3669731613,-0.0531753468714,-0.218253264772,9.92078501604,10.2951219724,8.55402638716
12,10.0,20.0,0.0,0.0,49.627248446,0.202426926894,3.0143610597,17.4993071281,18.1083391692,13.7786832646
13,10.0,30.0,0.0,0.0,40.5782622457,-0.350608426624,-0.91476645471,11.1406516327,11.6031216445,9.84565825101
14,10.0,40.0,0.0,0.0,73.9002664565,6.05947003268,0.546535794953,47.0256827828,46.5488513989,38.0028229463
15,10.0,55.0,0.0,0.0,52.3189519233,-8.21278889423,-16.3521661936,18.0970181539,20.4291180524,24.8958844799
16,10.0,70.0,0.0,0.0,78.2862673982,3.54435882553,0.431629842297,53.1489944167,53.6996384944,43.9558218378
17,10.0,85.0,0.0,0.0,38.5262538558,-0.147092430118,1.25308092391,9.99626051791,10.3858731945,8.2313100233
18,10.0,100.0,0.0,0.0,68.6064238099,-1.56506308011,0.151458950978,36.9354007501,38.8003861359,31.9147598472
19,20.0,0.0,0.0,0.0,40.1381291052,-0.39570768113,1.19642456207,10.8762122081,11.3344339814,9.00955775279
20,20.0,10.0,0.0,0.0,63.564891555,-1.33307955559,0.433141252443,30.7557560368,32.2693678585,26.3741926335
21,20.0,20.0,0.0,0.0,82.0679061792,0.134566998685,1.23322856982,58.3218998137,60.4236200783,48.7728524708
22,20.0,30.0,0.0,0.0,54.4554510447,-0.70586450576,2.36385521158,21.4559730925,22.4062837192,17.4291133979
23,20.0,40.0,0.0,0.0,48.8080284574,-1.44912294662,-0.258427431692,16.5556518028,17.4386339623,14.4887626899
24,20.0,55.0,0.0,0.0,46.6458918811,-0.238413525382,2.94204477603,15.1482749303,15.750843709,11.96277207
25,20.0,70.0,0.0,0.0,82.2173956254,0.491136580851,0.676872565699,58.7370478982,60.7003610571,49.4859685754
26,20.0,85.0,0.0,0.0,40.2331261634,0.130004028773,3.23795695533,11.0030112393,11.3920718643,8.48899359625
27,20.0,100.0,0.0,0.0,62.1627696778,-9.39236146757,-7.84991457308,27.1018090804,30.5932666917,29.9157026103
28,30.0,0.0,0.0,0.0,74.3892759644,-2.84932318258,-1.39685560983,44.6296619989,47.3125935094,40.0969862229
29,30.0,10.0,0.0,0.0,81.0384757395,-0.409588638117,7.01607894206,56.2848718139,58.5407026188,42.4767834315
30,30.0,20.0,0.0,0.0,59.311299356,-2.44449264545,0.141041657132,25.7969490425,27.3656932262,22.5060606483
31,30.0,30.0,0.0,0.0,48.4861630939,-1.61582357891,1.6800855316,16.2794541743,17.1800982948,13.5424278734
32,30.0,40.0,0.0,0.0,55.5169427649,-2.72626863027,1.12787426671,22.0033671326,23.434346909,18.8100314129
33,30.0,55.0,0.0,0.0,85.043991482,0.162304925729,2.09161975844,63.8047734033,66.0933116486,52.5931732413
34,30.0,70.0,0.0,0.0,38.5354363675,3.39724693406,-12.8852455656,10.4608625214,10.3911211874,12.6036599805
35,30.0,85.0,0.0,0.0,47.0357490253,19.4547003883,16.0805162036,19.0413459647,16.046738875,8.18987823817
36,30.0,100.0,0.0,0.0,42.4808135406,-4.91001665891,-14.4132874015,11.6479020541,12.8134550294,15.7853605616
37,40.0,0.0,0.0,0.0,72.8069946317,3.84973969714,18.6105935517,44.5877472715,44.8711863109,25.0976743717
38,40.0,10.0,0.0,0.0,56.3031333043,-27.5190689008,-0.849323150086,17.6954796027,24.2157200224,20.3916773398
39,40.0,20.0,0.0,0.0,55.3060063082,-28.9172382061,4.65398522157,16.6524245642,23.2276017968,17.0700398585
40,40.0,30.0,0.0,0.0,73.1008923582,13.9250217647,20.4004774847,48.6279418317,45.3181521382,24.3862169102
41,40.0,40.0,0.0,0.0,47.5138848032,-10.1705966762,-3.06607879582,14.1291939235,16.4146664942,14.713607221
42,40.0,55.0,0.0,0.0,47.2597679183,21.2506592384,4.64211712753,19.5883029042,16.2184301666,11.7449330034
43,40.0,70.0,0.0,0.0,38.4861784272,1.79964395001,-4.05206193903,10.2244743867,10.3629899527,9.70541566559
44,40.0,85.0,0.0,0.0,44.7621739908,8.55499855335,-16.5965601366,15.2620816975,14.3722890897,18.4346216639
45,40.0,100.0,0.0,0.0,47.1575518614,20.8533584641,8.22491046018,19.4212581671,16.1399392012,10.5216982295
46,55.0,0.0,0.0,0.0,41.9336656693,-7.54425997262,-4.64602247377,10.9562073526,12.4571604569,11.7804661646
47,55.0,10.0,0.0,0.0,56.0552123561,5.84652758104,15.5608734777,24.4416454818,23.9674726045,13.2365564126
48,55.0,20.0,0.0,0.0,55.3766195628,-29.8349656941,9.43477498723,16.5426172209,23.2966759783,15.1314052739
49,55.0,30.0,0.0,0.0,46.8894905677,29.7919914764,4.37464340631,21.009974582,15.9353006845,11.6202187432
50,55.0,40.0,0.0,0.0,72.7252461143,-14.6726153775,23.0588937331,38.3713524486,44.7473860156,22.6153659757
51,55.0,55.0,0.0,0.0,48.9889109376,28.7580663262,-2.87528626841,22.7342633815,17.5850582045,15.6553962519
52,55.0,70.0,0.0,0.0,60.1306872837,-28.8542076493,4.56366888057,20.6823520174,28.2686639939,20.9753463335
53,55.0,85.0,0.0,0.0,43.8642238078,7.99285025441,-13.4708586583,14.523915477,13.7444732354,16.3856824671
54,55.0,100.0,0.0,0.0,59.434717693,-1.97072994779,33.6929722751,26.0392974947,27.5004525352,9.23001690468
55,70.0,0.0,0.0,0.0,41.3380796025,20.5362063914,-2.93412659161,14.7966387854,12.0768997713,10.8785568681
56,70.0,10.0,0.0,0.0,52.3259037128,-11.5738496002,21.1058093332,17.4725891323,20.4353549768,9.32533401009
57,70.0,20.0,0.0,0.0,39.3533446796,8.80834595604,-10.3603558858,11.6815676862,10.8656981464,12.2135247165
58,70.0,30.0,0.0,0.0,46.4800063368,-21.4838701905,8.76955095614,11.7420370726,15.6260506276,9.99371494806
59,70.0,40.0,0.0,0.0,53.4342994718,34.4395119632,10.6378854918,28.6726310594,21.4460940889,13.3847941471
60,70.0,55.0,0.0,0.0,62.5325523393,-4.93635239487,25.4385930131,28.6316020135,31.0295280109,13.7135902971
61,70.0,70.0,0.0,0.0,47.6018707241,13.3976155818,-1.92527547405,18.3405083682,16.4829788583,14.3291683395
62,70.0,85.0,0.0,0.0,52.7734206654,-17.3523565579,10.5402449568,16.7690617881,20.8395295226,13.004924874
63,70.0,100.0,0.0,0.0,52.2250817331,24.0478649698,-3.53412715857,24.8358622886,20.3450249221,18.3457426206
64,85.0,0.0,0.0,0.0,66.2265369191,1.84060437762,40.5057872319,34.883567923,35.6173850677,10.7099044406
65,85.0,10.0,0.0,0.0,35.0298957362,7.84031892843,-1.52835379143,9.11890874015,8.51334190112,7.39685779314
66,85.0,20.0,0.0,0.0,49.3485766254,-22.2498706566,4.7783307478,13.4690146824,17.8786379544,12.9533551522
67,85.0,30.0,0.0,0.0,48.6823240894,-16.1382455156,14.0038516368,13.9799690692,17.3373565427,9.56456715428
68,85.0,40.0,0.0,0.0,53.0950926261,2.36283042906,-2.79902296931,20.8676576076,21.1333157787,18.6953948115
69,85.0,55.0,0.0,0.0,43.5332160299,-5.55122256129,7.21569045133,12.2073005149,13.5177392425,8.96279698164
70,85.0,70.0,0.0,0.0,54.1365049564,18.6906902818,1.56200422009,25.5169251211,22.1033648917,17.5399457825
71,85.0,85.0,0.0,0.0,43.5963206292,4.99177080332,-1.74743375225,13.8538252795,13.5607708187,11.7696700235
72,85.0,100.0,0.0,0.0,47.7532577251,19.455764762,-13.9548048933,19.6547993124,16.6009590133,19.6047706604
73,100.0,0.0,0.0,0.0,53.4063289821,28.9281987134,3.1793423412,27.2453711181,21.4201868868,16.3022864552
74,100.0,10.0,0.0,0.0,51.5402415687,-0.413110491572,-6.49869547951,18.9528243167,19.7384870569,19.1680061877
75,100.0,20.0,0.0,0.0,52.6811304339,-0.515466866952,17.1856460654,19.9103082613,20.7557454737,10.6991178084
76,100.0,30.0,0.0,0.0,48.9361823357,-12.5562585599,-3.67722995315,14.7399936571,17.5422901346,15.9477736587
77,100.0,40.0,0.0,0.0,59.512394324,-22.9429958082,-3.8108566234,21.3626395317,27.5854933341,24.8186715233
78,100.0,55.0,0.0,0.0,52.3243059666,0.311593020598,9.66337456259,19.7669519866,20.4339214173,13.0419886083
79,100.0,70.0,0.0,0.0,44.1831750775,-3.59868557018,-0.836604572289,12.9139964701,13.9653337918,11.8038257439
80,100.0,85.0,0.0,0.0,44.7982711584,14.5529717628,3.87999445477,16.3276981615,14.3979188767,10.608853175
81,100.0,100.0,0.0,0.0,46.3376863185,18.9193879479,-10.983736141,18.354423361,15.5195123246,17.1459584028
82,0.0,0.0,10.0,0.0,43.3686883285,-0.575943915428,-2.88610541959,12.8402345028,13.4059746538,12.023606126
83,0.0,10.0,10.0,0.0,56.1164266386,-20.0779326097,0.64634854749,18.9645840995,24.0286089898,19.5185345743
84,0.0,20.0,10.0,0.0,49.1003690516,9.56885292789,-1.04687399003,18.8484312875,17.6756903189,14.9961916791
85,0.0,30.0,10.0,0.0,66.6957642458,-3.98342899445,17.4901870769,33.77877358,36.2306251536,20.1870767808
86,0.0,40.0,10.0,0.0,56.6009711678,29.7301629576,12.5352606712,31.039227748,24.5162094453,14.7395215531
87,0.0,55.0,10.0,0.0,52.1687255181,-17.5074527008,-9.54227373051,16.2761821657,20.2946495297,21.1638588971
88,0.0,70.0,10.0,0.0,59.7741617245,19.2146378534,-0.88331847096,31.9064451433,27.8733683417,23.4680973203
89,0.0,85.0,10.0,0.0,57.255438843,-8.85318090572,16.320850281,22.299940118,25.1852145807,13.7208015869
90,0.0,100.0,10.0,0.0,51.7768332004,1.58540271094,-13.6920923038,19.5493122434,19.9466446797,22.9475692862
91,10.0,0.0,10.0,0.0,67.8475935646,8.75802685942,34.1936947297,39.1294823886,37.7657262509,13.8670918543
92,10.0,10.0,10.0,0.0,34.2207694031,-1.58012966943,-4.33383914222,7.65492546254,8.11476819422,7.75205727844
93,10.0,20.0,10.0,0.0,53.3370653668,-17.4651234286,16.0297062791,17.1901475753,21.3561224344,11.4407245062
94,10.0,30.0,10.0,0.0,35.7170769034,6.95971395141,3.48842000066,9.37115843344,8.8619224015,6.48696402883
95,10.0,40.0,10.0,0.0,61.1738593104,2.39274661388,32.7286909568,29.01249641,29.4467038971,10.4161541134
96,10.0,55.0,10.0,0.0,48.8822933643,-5.16747168671,-4.27220936804,15.9556975232,17.4986525981,16.1564022883
97,10.0,70.0,10.0,0.0,63.7163520089,-16.8664574373,10.5645123317,26.9092238664,32.4540036769,21.0655398165
98,10.0,85.0,10.0,0.0,57.8414601126,12.1409744448,9.39367635099,27.8298925417,25.7944848787,16.9111226538
99,10.0,100.0,10.0,0.0,76.0064359646,-1.85904283964,30.5806009596,47.4426563627,49.8977147385,21.6555805064
100,20.0,0.0,10.0,0.0,40.8858712018,14.8286620303,-6.37400981473,13.5628965733,11.7934066368,11.7539272917
101,20.0,10.0,10.0,0.0,43.0081585209,7.46627884945,7.08388625581,13.8441980965,13.1632223554,8.74662114926
102,20.0,20.0,10.0,0.0,46.7285399085,4.17533122188,-7.0768193322,15.9660549873,15.8132657273,15.7801005014
103,20.0,30.0,10.0,0.0,61.626473164,-11.0838389781,1.00184303459,26.1201418233,29.9678507915,24.1754883576
104,20.0,40.0,10.0,0.0,67.3299864383,-20.2211480725,4.56470461189,30.0431107118,37.0706299154,27.7633839962
105,20.0,55.0,10.0,0.0,67.8712891256,-11.5456051419,7.73357733504,33.0664326065,37.797753395,26.4462289422
106,20.0,70.0,10.0,0.0,62.7207030137,-1.99746039689,3.70175631682,29.6081111171,31.2530872237,23.7341494722
107,20.0,85.0,10.0,0.0,55.2389087611,9.49494190494,0.262154303103,24.471750792,23.1620933308,18.9890405713
108,20.0,100.0,10.0,0.0,43.2104639017,10.3187669454,-2.75863680381,14.4434793646,13.2990746387,11.886943316
109,30.0,0.0,10.0,0.0,41.2637670562,13.9299125489,1.4725041007,13.6774649107,12.0300041028,9.48848228581
110,30.0,10.0,10.0,0.0,49.817248085,29.3432678166,-5.74996637993,23.6642446634,18.2660731225,17.480489277
111,30.0,20.0,10.0,0.0,43.4874944365,9.48640349275,0.0686537135573,14.5025878251,13.4866182276,11.1055397323
112,30.0,30.0,10.0,0.0,46.7167050766,1.87052622683,2.80306362394,15.5585844335,15.8043170716,12.0521689939
113,30.0,40.0,10.0,0.0,49.8545155396,-3.73109831437,5.43845656788,16.9571876066,18.297118886,13.0299288232
114,30.0,55.0,10.0,0.0,64.6896666077,-15.7942634581,3.20249763993,28.2317692894,33.657340432,25.8968105292
115,30.0,70.0,10.0,0.0,66.0406121664,14.0544371577,18.8782835555,38.3444320424,35.376324523,18.992525508
116,30.0,85.0,10.0,0.0,61.3010828428,5.58549971127,11.2992441405,29.99527267,29.5925755573,18.71840013
117,30.0,100.0,10.0,0.0,56.332460796,-2.87053488667,4.18609555488,22.7397024449,24.2451990117,18.0572211124
118,40.0,0.0,10.0,0.0,51.786544463,-10.8768374424,-2.37995481249,17.1727446237,19.9552199488,17.4916315275
119,40.0,10.0,10.0,0.0,50.4575917346,-0.682819088439,-20.2646605925,18.0036548235,18.8044151476,25.2894939371
120,40.0,20.0,10.0,0.0,51.0830095223,11.8105533605,21.3728388422,21.0296888172,19.3403195867,8.64533237034
121,40.0,30.0,10.0,0.0,49.5047502259,8.43044092757,-2.64157932624,18.9664954965,18.0071265737,15.9248794894
122,40.0,40.0,10.0,0.0,46.3843603629,0.652967740057,11.7925725541,15.1085713621,15.5543981665,9.05862276449
123,40.0,55.0,10.0,0.0,43.971549155,-0.899176198807,-10.5173384362,13.1865783766,13.8185296492,15.246832213
124,40.0,70.0,10.0,0.0,42.0678850581,-10.3297942554,2.52023672349,10.6593824287,12.5439425931,9.5879518414
125,40.0,85.0,10.0,0.0,68.7463445063,8.8047990078,22.3050524573,40.3860309541,38.9932069681,19.5739823107
126,40.0,100.0,10.0,0.0,63.6820377736,1.1755246783,14.1630821554,31.5768799265,32.412111832,19.2956718051
127,55.0,0.0,10.0,0.0,59.2406845963,-7.37781823663,6.32968819327,24.559118562,27.2887880133,19.378419909
128,55.0,10.0,10.0,0.0,54.0532764742,-11.4282352776,-28.42277541,18.9170394515,22.0247704128,34.2580724801
129,55.0,20.0,10.0,0.0,64.3769423736,5.64820335167,-1.80628054599,33.6744324032,33.2675237597,28.5365656314
130,55.0,30.0,10.0,0.0,43.8755195634,-0.543810213414,16.8246705203,13.1775881176,13.7522550204,6.65419796708
131,55.0,40.0,10.0,0.0,35.8073550639,-2.09832741859,0.664261251559,8.35045197927,8.90841200261,7.18760249312
132,55.0,55.0,10.0,0.0,39.0860922819,-11.72897944,5.68124696765,8.87071865774,10.7090742149,7.34339945613
133,55.0,70.0,10.0,0.0,55.3769804122,-6.79941784461,25.7333299051,21.0084240771,23.2970293139,9.50965893478
134,55.0,85.0,10.0,0.0,46.2053967075,-5.4097716217,-10.9851531735,13.9882836197,15.4209178849,17.047724357
135,55.0,100.0,10.0,0.0,49.0586288821,5.6115329015,16.5905674663,18.0536612499,17.641712937,9.00560812008
136,70.0,0.0,10.0,0.0,46.6283361964,0.512068292462,-11.102299302,15.2622293777,15.7376055211,17.4164426478
137,70.0,10.0,10.0,0.0,48.3257485909,26.9961125219,8.8627773843,21.729238701,17.0522063471,10.9591641508
138,70.0,20.0,10.0,0.0,53.6365719521,39.5370133768,-2.22923212102,30.2389238858,21.6340676434,18.8632371813
139,70.0,30.0,10.0,0.0,46.7588632493,9.77129222658,-8.3931528645,16.9860901514,15.8362094885,16.3490802629
140,70.0,40.0,10.0,0.0,59.1523394851,18.0341031039,6.12448837478,30.8497238766,27.1927760718,19.4033442002
141,70.0,55.0,10.0,0.0,46.1333871289,-9.56294555148,6.16433136795,13.2873458922,15.3674256375,10.6143991547
142,70.0,70.0,10.0,0.0,56.0345264955,-4.66501249958,5.87263297338,22.0665607739,23.9468365341,17.0862458755
143,70.0,85.0,10.0,0.0,70.439009698,-8.00510673861,11.3416106826,37.3824193964,41.3766552035,26.9238549976
144,70.0,100.0,10.0,0.0,46.5788005948,-8.60858266722,-0.0721179348847,13.7359490678,15.7002922838,12.9803773753
145,85.0,0.0,10.0,0.0,49.1035062445,6.87910581849,6.8440964995,18.3317185967,17.6782458215,12.077637594
146,85.0,10.0,10.0,0.0,40.2451985219,3.9944179553,-3.71828708169,11.5447413552,11.3994105299,10.5296479768
147,85.0,20.0,10.0,0.0,52.0119862514,40.3285957182,1.08551286128,28.6104095879,20.1549816638,16.1723917033
148,85.0,30.0,10.0,0.0,43.8815472278,-13.7883964463,1.69788813856,11.2508787085,13.7564087542,10.7996460623
149,85.0,40.0,10.0,0.0,40.1473999061,4.55243731836,-6.3829068388,11.5639324589,11.3400503051,11.3322543614
150,85.0,55.0,10.0,0.0,48.9591631795,-4.48107556378,11.7455397583,16.1338291166,17.5609213184,10.3922929764
151,85.0,70.0,10.0,0.0,43.8948684154,15.8857680578,0.965762729659,15.8783486969,13.7655915065,11.0423590966
152,85.0,85.0,10.0,0.0,54.8460247815,5.26242179736,22.1440127174,23.1229848673,22.7809847038,10.3151398866
153,85.0,100.0,10.0,0.0,49.8928509829,-0.185979234265,-2.91738677999,17.6399654122,18.3290910243,16.3186695975
154,100.0,0.0,10.0,0.0,66.6576359745,-12.4864736145,15.3456446241,31.347602608,36.1805340409,21.2103403214
155,100.0,10.0,10.0,0.0,58.0189767001,18.5905223281,11.1575175739,29.692962491,25.9809640861,16.2916521674
156,100.0,20.0,10.0,0.0,78.764296342,2.90557112884,34.2791496393,53.7038658373,54.5205538284,22.1959698278
157,100.0,30.0,10.0,0.0,57.8553518632,11.9873469976,11.4187700123,27.8062111761,25.8090457216,16.0646826347
158,100.0,40.0,10.0,0.0,54.940031927,-12.2194525653,-11.6825650215,19.5153128967,22.8717908561,24.812185169
159,100.0,55.0,10.0,0.0,38.6905547696,1.04231256384,6.47935227163,10.2405030711,10.4800418926,6.98426650097
160,100.0,70.0,10.0,0.0,64.5841966319,-1.70638436246,0.418675897717,31.8544068399,33.5255316997,27.41275307
161,100.0,85.0,10.0,0.0,50.1574111556,22.0707932005,16.8642537482,22.3717395616,18.5507528355,9.47155193466
162,100.0,100.0,10.0,0.0,57.4482765088,-24.2120349375,1.95519960385,19.2806882329,25.3846313322,19.9897284463
163,0.0,0.0,20.0,0.0,52.0969573799,4.24704923628,1.53292628277,20.3674239812,20.2306182753,16.0470514737
164,0.0,10.0,20.0,0.0,69.8248092595,-9.16806766637,20.2797195347,36.2225193677,40.5008905754,21.4749128679
165,0.0,20.0,20.0,0.0,61.1676666246,22.3360803204,16.6129943912,34.5001770114,29.439615763,16.2804491841
166,0.0,30.0,20.0,0.0,43.8423422541,26.6744740387,0.665097948411,17.7859197365,13.7294071161,11.1105340562
167,0.0,40.0,20.0,0.0,39.1838717215,-3.4487882542,-0.820866219057,9.93673647765,10.7662022673,9.11515467039
168,0.0,55.0,20.0,0.0,52.1828756215,14.0009218177,0.805881897106,22.5163543255,20.3072901212,16.4134025259
169,0.0,70.0,20.0,0.0,51.3637332224,-19.0791570033,-5.99281232968,15.4014638031,19.5841386038,18.7915536185
170,0.0,85.0,20.0,0.0,79.8820730632,-6.6204208902,22.770612712,51.8810310113,56.4726643902,29.8716703133
171,0.0,100.0,20.0,0.0,79.6451832913,3.07622010777,24.8682343943,55.2727786436,56.0551273562,28.3236866606
172,10.0,0.0,20.0,0.0,51.3348181607,-19.9245906176,-1.06533628134,15.2368331478,19.5589306685,16.5865265231
173,10.0,10.0,20.0,0.0,63.764000368,27.6949475977,14.1502408824,39.5544388138,32.5122340579,19.3681829516
174,10.0,20.0,20.0,0.0,39.3463936498,-0.0238510998586,-9.43535058681,10.4706578385,10.8616052605,11.8918839001
175,10.0,30.0,20.0,0.0,43.6324085679,26.7130468109,9.00592508911,17.6240030776,13.5854204948,8.51425403258
176,10.0,40.0,20.0,0.0,46.8588095037,31.345146977,1.10070385327,21.3090546951,15.9119896274,12.7330799156
177,10.0,55.0,20.0,0.0,38.8325119357,-0.930821682268,-6.47966541965,10.0648964576,10.5618612476,10.6321599033
178,10.0,70.0,20.0,0.0,51.3864216171,12.5137330996,11.0951957571,21.4540658906,19.6039333353,11.9696649996
179,10.0,85.0,20.0,0.0,43.4982174943,-12.2997381821,-4.11907650577,11.2282893146,13.4939127283,12.5296594651
180,10.0,100.0,20.0,0.0,76.115556976,-1.07808600185,19.5469293378,47.8952831196,50.0754636965,27.8624807549
181,20.0,0.0,20.0,0.0,59.9434408066,-0.386022347221,11.2154172763,26.9630933253,28.0605928566,17.6984817078
182,20.0,10.0,20.0,0.0,41.5493090858,20.2189263094,4.66556568505,14.8952259968,12.2108634418,8.71977597601
183,20.0,20.0,20.0,0.0,52.2808843574,-8.08399938505,1.52825385097,18.0903252153,20.3949875428,16.1811116024
184,20.0,30.0,20.0,0.0,38.0036555608,7.38461784578,-1.92397578341,10.6855475308,10.0901008787,8.85222214776
185,20.0,40.0,20.0,0.0,45.7872811663,-16.2873479517,-8.05342700372,12.0590688207,15.1120467446,15.5160837264
186,20.0,55.0,20.0,0.0,50.3609396537,23.6225401423,6.65218612242,22.9065692976,18.7224902459,12.9071627876
187,20.0,70.0,20.0,0.0,62.864305322,-3.46914031506,13.7894367488,29.3841382884,31.424435064,18.8129431953
188,20.0,85.0,20.0,0.0,51.3363665854,30.7563402748,6.50239404112,25.5159922355,19.5602800251,13.5765288204
189,20.0,100.0,20.0,0.0,53.6560574304,-15.042497095,-0.176256725225,17.895539453,21.6522334482,17.9441318523
190,30.0,0.0,20.0,0.0,45.4145277874,9.41345890174,-6.3276851972,15.8919010005,14.8401873291,14.5736879423
191,30.0,10.0,20.0,0.0,67.1266457238,2.14345667686,31.8521686492,36.1266704257,36.7999138284,14.2852798258
192,30.0,20.0,20.0,0.0,50.2539525585,25.2002706925,3.33183021508,23.1552541293,18.6320829709,14.0670603816
193,30.0,30.0,20.0,0.0,58.2424336458,-10.2333157367,17.1646423569,22.9323439851,26.2169780706,14.0444044101
194,30.0,40.0,20.0,0.0,44.0186645406,4.7120224232,-7.16531560992,14.0997893629,13.8511239538,13.9708712124
195,30.0,55.0,20.0,0.0,69.4104966431,4.64344552757,1.60834433546,39.9668978537,39.9171727855,31.8684265383
196,30.0,70.0,20.0,0.0,38.981511798,16.364581251,8.09658812455,12.5453494613,10.6481966742,6.72145226961
197,30.0,85.0,20.0,0.0,59.8986036637,-5.78226927225,-9.74501746059,25.6037497574,28.0109211222,28.6693826984
198,30.0,100.0,20.0,0.0,35.1286177919,0.67258668573,-0.772411140301,8.33294740099,8.56284709335,7.25259758345
199,40.0,0.0,20.0,0.0,81.6395996772,-4.32759265318,3.91169719116,55.750359188,59.635381619,45.8544541539
200,40.0,10.0,20.0,0.0,47.3717338065,4.11694145453,-20.1944790675,16.4442244251,16.3046995418,22.3762069829
201,40.0,20.0,20.0,0.0,68.5927001946,-16.7765397682,-13.4003543897,32.4687539519,38.7815083066,41.6539331866
202,40.0,30.0,20.0,0.0,54.749912415,21.6363127898,-8.8818309976,26.873247495,22.6883938225,23.1144711819
203,40.0,40.0,20.0,0.0,58.5364222474,-19.2408324672,-30.6582193503,21.2559246457,26.5296585599,41.5907620394
204,40.0,55.0,20.0,0.0,46.1554426444,-7.20523787917,-16.5599389349,13.6695446929,15.3837963926,19.5337711106
205,40.0,70.0,20.0,0.0,47.8210521306,-5.76348453228,3.86204517529,15.0709674708,16.6539750976,12.3445893644
206,40.0,85.0,20.0,0.0,52.9239399052,4.317449919,-7.36990760322,21.1224669008,20.976658967,20.7320068119
207,40.0,100.0,20.0,0.0,54.7332003131,7.50739326567,15.6922389223,23.517946918,22.6723196885,12.3750658939
208,55.0,0.0,20.0,0.0,60.2886701376,16.7056406822,3.05140537583,31.8258891708,28.4450148852,21.8742696779
209,55.0,10.0,20.0,0.0,77.7528602728,1.22358343315,1.8713119571,51.3722787696,52.7933974477,42.0646590152
210,55.0,20.0,20.0,0.0,44.8101375008,8.32322608406,-18.5436918625,15.2578442268,14.406350892,19.3751817573
211,55.0,30.0,20.0,0.0,66.0190183561,-11.9459278725,-14.4480133926,30.7463807285,35.3483977961,39.0502655387
212,55.0,40.0,20.0,0.0,50.8636707093,27.5998438629,-8.13301310636,24.297329107,19.1512302312,19.3876432077
213,55.0,55.0,20.0,0.0,57.3455057348,-22.9602412931,-18.561594095,19.4411433969,25.2782238137,31.4555293814
214,55.0,70.0,20.0,0.0,43.5320989909,2.56066385413,-15.465117371,13.4284825232,13.516978345,16.9919126929
215,55.0,85.0,20.0,0.0,71.3473498285,-6.04266394011,36.5057689295,39.2197615213,42.6948242939,15.3178311903
216,55.0,100.0,20.0,0.0,49.5273238632,12.6278028965,-10.8610341958,19.8193473376,18.0257493349,19.5881406126
217,70.0,0.0,20.0,0.0,59.1773486861,-22.0124392001,16.758441155,21.2540260957,27.219932749,14.8256023042
218,70.0,10.0,20.0,0.0,57.1786803286,31.9585916406,1.58291200414,32.339210138,25.1061287912,19.9452542247
219,70.0,20.0,20.0,0.0,80.2475862003,4.03131806653,13.0874338368,56.7028870684,57.1209697849,36.8359854763
220,70.0,30.0,20.0,0.0,46.1339682764,11.3041915097,-13.7894976513,16.7759519656,15.3678568465,18.2339780533
221,70.0,40.0,20.0,0.0,68.4745744734,-9.43725393311,-2.88086223532,34.4191669925,38.6192709194,33.7934433083
222,70.0,55.0,20.0,0.0,52.263848581,32.1018114384,-2.09246440822,26.8115095928,20.3797259755,17.7283034554
223,70.0,70.0,20.0,0.0,55.7876881866,-26.148313024,-9.2309640506,17.5369588522,23.7015056474,24.2661997675
224,70.0,85.0,20.0,0.0,34.9683679091,2.01017378268,-3.50499580942,8.40631384571,8.48258486492,7.87034480122
225,70.0,100.0,20.0,0.0,63.5425364803,-2.24447063195,5.5550237505,30.484377014,32.2421756592,23.4996155543
226,85.0,0.0,20.0,0.0,36.6782592672,14.5671424206,5.25255313524,10.8829151983,9.36526948354,6.46270830516
227,85.0,10.0,20.0,0.0,53.9692928654,-13.5232659321,-6.99923774561,18.4411322318,21.9456519274,21.4455932182
228,85.0,20.0,20.0,0.0,45.0123679527,7.39776367269,-15.0077763608,15.2487434192,14.5505588746,17.9121962382
229,85.0,30.0,20.0,0.0,68.8021110406,-9.76997550875,31.9671038806,34.7342754623,39.0702349718,15.3784565926
230,85.0,40.0,20.0,0.0,51.6719322836,25.7377147011,-4.7503530372,24.6735773128,19.8541712919,18.4652479764
231,85.0,55.0,20.0,0.0,56.4086970184,-26.4508063683,11.5271977569,17.9816129314,24.3219409543,15.0067151573
232,85.0,70.0,20.0,0.0,39.9055765828,1.64753866394,-10.0467971555,11.0174022086,11.1941578107,12.4360155913
233,85.0,85.0,20.0,0.0,55.9339933424,-16.6443499238,-6.69711439161,19.4872893328,23.8467140194,23.0386754938
234,85.0,100.0,20.0,0.0,43.7443724444,17.9393865383,-1.97586358203,16.1238028636,13.662086896,11.9338603715
235,100.0,0.0,20.0,0.0,66.2828750722,-6.34643784958,6.36202665945,32.6016557725,35.6906458274,25.6616736644
236,100.0,10.0,20.0,0.0,48.4820738511,33.6248784295,7.48928643256,23.3316569178,17.1768301919,11.497097586
237,100.0,20.0,20.0,0.0,65.2058446051,28.9650649687,1.55661365005,41.9937195396,34.3074070586,27.3735102878
238,100.0,30.0,20.0,0.0,58.1104759393,-6.88052230658,-18.435389233,23.5562056946,26.0774330624,32.2380464377
239,100.0,40.0,20.0,0.0,56.4478168904,11.878798403,-11.3294476148,26.2756727383,24.3613831234,26.0812212588
240,100.0,55.0,20.0,0.0,68.0591848441,7.67310796934,-4.02414331736,39.0746818492,38.05235632,34.0858039831
241,100.0,70.0,20.0,0.0,48.8593009342,-4.55920101197,-23.1343587008,16.0446509542,17.4800561229,25.353701424
242,100.0,85.0,20.0,0.0,53.3740046454,28.4849275197,-1.10995761991,27.1004886895,21.3902730045,18.1451287286
243,100.0,100.0,20.0,0.0,58.8057979492,-0.607399835083,28.8150756023,25.7149323961,26.8183350342,10.3635290499
244,0.0,0.0,30.0,0.0,47.1356028747,14.7758411958,-9.71991688894,18.2199264606,16.1231178298,17.1945922111
245,0.0,10.0,30.0,0.0,50.852109589,-13.6679749274,13.7650304038,15.9539684149,19.1412978691,10.7840417468
246,0.0,20.0,30.0,0.0,43.0923786256,0.69564343009,-18.2855392638,12.8523980596,13.2196649399,17.8976425226
247,0.0,30.0,30.0,0.0,66.8168569064,15.9832082576,4.23805639631,40.0184710433,36.3900174866,27.4305878057
248,0.0,40.0,30.0,0.0,56.760399324,-15.8718449684,-15.9089294569,20.3637610938,24.6780735356,29.1325982453
249,0.0,55.0,30.0,0.0,57.0349682346,0.139818799423,-9.78995135239,24.0994606966,24.9585049227,25.779634443
250,0.0,70.0,30.0,0.0,67.7778762226,-1.00637590796,-0.553998920453,36.0236934532,37.6716005642,31.4420292536
251,0.0,85.0,30.0,0.0,47.4102920205,-6.80260635715,-15.3423187117,14.6042068388,16.3344791921,19.9852308495
252,0.0,100.0,30.0,0.0,42.671893542,-8.5655573916,-13.6825286942,11.2520964673,12.9394657728,15.621025153
253,10.0,0.0,30.0,0.0,39.797631749,2.1570652334,2.34592258045,11.0234311112,11.1294404813,8.52741721783
254,10.0,10.0,30.0,0.0,49.3407757919,-1.21206069394,-5.72320404512,17.0125718331,17.872236057,17.1100343809
255,10.0,20.0,30.0,0.0,44.810762455,15.2187657575,11.0669037746,16.4554636081,14.4067950648,8.50626927774
256,10.0,30.0,30.0,0.0,56.0462138141,7.36942301323,1.95988468758,24.7871676851,23.9584942655,18.8472484887
257,10.0,40.0,30.0,0.0,61.9142264393,24.2684478108,3.08196563076,36.0238348664,30.302350823,23.3209276145
258,10.0,55.0,30.0,0.0,59.3446597742,-4.40935208318,-9.17579930087,25.3619699123,27.4020756324,27.7470410345
259,10.0,70.0,30.0,0.0,54.101915927,6.30721015591,-10.2324670075,22.6434039242,22.0706790475,23.2383679693
260,10.0,85.0,30.0,0.0,70.1325292516,11.0226112344,6.80364042582,43.0979796825,40.9380953552,29.3450731737
261,10.0,100.0,30.0,0.0,58.4589961822,13.1752905467,0.99128047601,28.77429287,26.4470699128,21.3199992183
262,20.0,0.0,30.0,0.0,37.9530291442,-4.24183903154,5.6453512879,9.18120463491,10.0617501912,6.88037473854
263,20.0,10.0,30.0,0.0,36.0255519271,1.77806537608,3.10865467142,8.90791731492,9.02144531742,6.6962376759
264,20.0,20.0,30.0,0.0,63.4539710189,5.06679656303,2.76134929754,32.3830411614,32.1345968086,24.9431250689
265,20.0,30.0,30.0,0.0,67.5409950403,16.8039433277,-1.41729434525,41.3008886173,37.3529549097,31.7388718039
266,20.0,40.0,30.0,0.0,57.4823198476,-14.4076850957,-21.6629269999,21.3171258612,25.4199450899,33.677471629
267,20.0,55.0,30.0,0.0,57.8500620307,0.698970229103,-15.2286329595,25.0464742794,25.8035004599,29.8798564004
268,20.0,70.0,30.0,0.0,68.4066031613,-0.768331255539,-6.95397260637,36.9157023823,38.5261225044,36.5662039857
269,20.0,85.0,30.0,0.0,49.4389961247,-3.40564502762,-26.9778679088,16.6924236566,17.952953971,28.1822222922
270,20.0,100.0,30.0,0.0,42.479198226,-0.380445684556,-15.8708417892,12.2990774589,12.8123932869,16.390741711
271,30.0,0.0,30.0,0.0,51.114982211,-13.1366674748,7.78208424952,16.2459464055,19.367986359,12.9684067786
272,30.0,10.0,30.0,0.0,47.4805089419,13.5771797344,-7.59014230969,18.2748490978,16.3888028995,16.5353777686
273,30.0,20.0,30.0,0.0,59.3930700315,-0.493516116354,22.2031401419,26.3542346186,27.4549285105,12.9149560538
274,30.0,30.0,30.0,0.0,53.2908215469,27.3448267955,1.68778620654,26.7301630794,21.313421024,16.8509442653
275,30.0,40.0,30.0,0.0,62.8162653391,24.0401162088,-2.42105059541,37.1333698752,31.3670437036,27.2891949844
276,30.0,55.0,30.0,0.0,56.0897415484,-10.5068503618,-21.3686965241,20.8756436172,24.0019450911,31.8751365446
277,30.0,70.0,30.0,0.0,54.0815098723,7.43185783104,-15.2391629731,22.8724680105,22.0514109123,25.9836391473
278,30.0,85.0,30.0,0.0,65.7420156056,4.43011809607,-7.35847715016,35.0309581853,34.9914596737,33.6341812534
279,30.0,100.0,30.0,0.0,48.5853987913,-5.64859626744,-18.6210520515,15.6506059832,17.2595341249,22.6464631256
280,40.0,0.0,30.0,0.0,52.771256362,-16.6505767516,-13.9478324569,16.8941913515,20.8375621211,24.0023143833
281,40.0,10.0,30.0,0.0,57.7147371568,17.4603964057,20.7327955056,29.0534680685,25.661911109,12.4100448105
282,40.0,20.0,30.0,0.0,38.746583288,0.245050890498,2.48255256855,10.1685632645,10.5122841861,8.00719682893
283,40.0,30.0,30.0,0.0,49.1203551875,-1.85357938115,4.95143771728,16.7245424929,17.6919748909,12.7503515784
284,40.0,40.0,30.0,0.0,73.2637803533,5.87093543723,7.37051556692,45.982475612,45.567149174,32.4504990757
285,40.0,55.0,30.0,0.0,64.0813563877,29.4088432603,6.32796617081,40.5469946893,32.9018481506,23.5833236531
286,40.0,70.0,30.0,0.0,57.0483378141,-8.38118426288,-12.5829839097,22.2083643792,24.9722139367,27.417977777
287,40.0,85.0,30.0,0.0,55.1264679003,12.1377170397,-6.57445058583,24.9756731054,23.0525917697,22.2469259906
288,40.0,100.0,30.0,0.0,67.3981326904,7.13759746044,2.39119125028,38.0120531202,37.1616520461,29.1578303861
289,55.0,0.0,30.0,0.0,47.2821233673,-7.84949514563,-12.2026278342,14.3428671807,16.235630598,18.4122137121
290,55.0,10.0,30.0,0.0,36.0010151602,-8.02481979283,0.663659546637,7.78699566574,9.0086870067,7.26926359051
291,55.0,20.0,30.0,0.0,37.3090989041,6.9173529318,7.41033023121,10.2301901348,9.70577137721,6.22326919817
292,55.0,30.0,30.0,0.0,39.144916923,0.453491206371,10.0583261896,10.4192411806,10.743418477,6.33824160184
293,55.0,40.0,30.0,0.0,35.2294333358,-3.55420049661,-1.18578644095,7.9114021289,8.61359976988,7.39722048849
294,55.0,55.0,30.0,0.0,54.7237559843,-11.7728907282,-15.9150377777,19.418614232,22.663239246,27.0186357838
295,55.0,70.0,30.0,0.0,55.9262554314,12.5617438207,17.5544428271,25.8968943745,23.8390193025,12.4432447878
296,55.0,85.0,30.0,0.0,64.3924246089,3.53455191928,-0.895431676198,33.0905464527,33.2867514697,28.0007863248
297,55.0,100.0,30.0,0.0,47.1434584931,-7.06082281125,2.32936534284,14.3739087568,16.1291369132,12.4721347102
298,70.0,0.0,30.0,0.0,40.6660268147,-5.82248411656,-0.415245302129,10.4561055861,11.6572019612,9.74157365544
299,70.0,10.0,30.0,0.0,52.753270329,-8.02108570649,-16.8213953484,18.4912455714,20.8212171934,25.5802425129
300,70.0,20.0,30.0,0.0,46.0517941095,9.16865475249,9.60165252187,16.3310273564,15.3069639988,9.52542840893
301,70.0,30.0,30.0,0.0,61.6641180196,3.08205614722,-5.46789976169,29.7466445387,30.0114705471,27.9216723752
302,70.0,40.0,30.0,0.0,52.1540130498,25.6075581869,20.3833707436,25.1305718284,20.2815121292,9.44914784581
303,70.0,55.0,30.0,0.0,80.8507023812,4.90692159903,6.25099755006,58.1258969015,58.2015239397,42.8286069106
304,70.0,70.0,30.0,0.0,47.9115255139,10.9016801153,-17.5742199369,18.1192054798,16.7249020913,21.5114690896
305,70.0,85.0,30.0,0.0,69.4869015932,-8.67177960835,-9.54505777513,35.9340605713,40.0243937534,39.8647440435
306,70.0,100.0,30.0,0.0,53.8653435967,30.8968482713,-5.76248364941,28.2405832124,21.8479870679,20.7397380809
307,85.0,0.0,30.0,0.0,57.8309208234,-21.4264755285,-24.9949923217,20.1714398802,25.7834416218,36.4275928686
308,85.0,10.0,30.0,0.0,60.0443489473,15.9682221178,7.36752120301,31.3336945565,28.1725961937,19.5427385742
309,85.0,20.0,30.0,0.0,55.9747760678,8.03928163457,8.45267655858,24.8719230005,23.8872964515,15.9500906837
310,85.0,30.0,30.0,0.0,53.0488873071,3.76875860842,-3.27919541478,21.1203382967,21.0909472667,18.8802313286
311,85.0,40.0,30.0,0.0,48.3137493572,-4.85660004706,-2.99938234149,15.5854675456,17.042665444,15.2342261478
312,85.0,55.0,30.0,0.0,45.733199345,-8.82665066158,-13.1869054113,13.1353284243,15.0723991743,17.6550136901
313,85.0,70.0,30.0,0.0,80.886997731,-5.25658844477,10.9458937747,54.0915103092,58.2669825176,39.2313443755
314,85.0,85.0,30.0,0.0,47.3563119306,1.88977958475,-16.8382749671,16.0395021245,16.2927989111,20.6675186781
315,85.0,100.0,30.0,0.0,67.8156532717,-18.4391932057,-6.97466895391,31.0853904639,37.7225840855,35.8527847188
316,100.0,0.0,30.0,0.0,53.7109940877,21.922300474,-4.74853535827,25.8516476975,21.7035042103,20.1151155343
317,100.0,10.0,30.0,0.0,56.0776936238,-24.8331364535,-14.1027688914,18.0176935615,23.9899132003,27.3267932344
318,100.0,20.0,30.0,0.0,43.5314497109,0.565634674583,-13.6725258206,13.1203209302,13.5165360856,16.2294314545
319,100.0,30.0,30.0,0.0,74.1350112561,-3.30797053676,5.33573237194,44.0936432534,46.9144451363,34.8574792325
320,100.0,40.0,30.0,0.0,46.5448915922,13.1666426657,2.56597226777,17.439695023,15.6747839892,12.0318797294
321,100.0,55.0,30.0,0.0,61.8984922036,-17.614067261,-11.8109757794,24.8437800638,30.2839964834,32.1763374995
322,100.0,70.0,30.0,0.0,52.940163772,35.0172870624,16.7198744315,28.2744289052,20.991475414,10.9910245474
323,100.0,85.0,30.0,0.0,77.0081290144,0.185684977587,9.58926604504,49.7739718153,51.5452625911,35.3476195921
324,100.0,100.0,30.0,0.0,48.0855139928,15.7290080867,-11.0383820831,19.1985667052,16.8618665559,18.5129854128
325,0.0,0.0,40.0,0.0,65.3137258349,-13.655189305,-7.08863712913,29.4816560111,34.4443200248,32.952780766
326,0.0,10.0,40.0,0.0,54.6150270125,36.1895228428,1.62969619931,30.4718531312,22.5588741307,17.8759361013
327,0.0,20.0,40.0,0.0,68.3514688743,3.6720024575,12.0436228758,38.2126029732,38.450676163,24.4786968977
328,0.0,30.0,40.0,0.0,35.571686576,7.78456548156,1.2844039054,9.39541487454,8.787392722,6.94083324344
329,0.0,40.0,40.0,0.0,59.1343884703,-7.79919376652,-0.500847206954,24.3552185914,27.1732947885,22.6818734516
330,0.0,55.0,40.0,0.0,51.9631871525,23.2451511934,-0.429256739541,24.3862084983,20.1116287432,16.7772344288
331,0.0,70.0,40.0,0.0,35.9036327249,1.5878957278,-7.10403715761,8.82356754834,8.95816995412,9.29515815881
332,0.0,85.0,40.0,0.0,43.5136139014,-12.4182669396,6.91301118194,11.2210940032,13.504390935,9.0387728402
333,0.0,100.0,40.0,0.0,38.0609214423,10.5235741002,-2.08260973619,11.1438875704,10.1222337846,8.92433727133
334,10.0,0.0,40.0,0.0,48.0293503252,-4.63253915451,15.7277385364,15.4141181707,16.8175728695,8.75032945266
335,10.0,10.0,40.0,0.0,40.435768358,20.2923904838,3.87569083923,14.1217764106,11.5156739247,8.41087593008
336,10.0,20.0,40.0,0.0,56.005498655,-34.7177017797,12.7625733649,16.1576466149,23.9178985412,14.2527036967
337,10.0,30.0,40.0,0.0,46.1511187456,13.7866552111,-19.8469715522,17.2411212641,15.3805860534,21.1286606445
338,10.0,40.0,40.0,0.0,68.038541806,-18.9161638014,35.4821067261,31.2171648794,38.024328805,13.5086848477
339,10.0,55.0,40.0,0.0,51.979456967,34.7971130608,-8.30326855369,27.1753285667,20.1260758647,20.391351277
340,10.0,70.0,40.0,0.0,81.6207899469,-3.03656337134,58.7803995665,56.2376061687,59.6009229761,13.5529499798
341,10.0,85.0,40.0,0.0,58.1909574145,-30.4047722263,-8.28134957946,18.6948945661,26.1624829931,26.0567154793
342,10.0,100.0,40.0,0.0,44.3036283601,11.8789754718,-9.13185528563,15.4913357769,14.0493542499,14.9227421234
343,20.0,0.0,40.0,0.0,70.6431070263,-16.8115237464,9.45558890501,34.9967261663,41.670439929,28.2580991018
344,20.0,10.0,40.0,0.0,50.5481121034,33.3075351949,1.66550965133,25.3146721368,18.88135905,14.910469788
345,20.0,20.0,40.0,0.0,83.4251926328,-2.52620737264,28.8704325785,59.6516915463,62.9673412014,29.8773332338
346,20.0,30.0,40.0,0.0,59.9911590527,-23.08373644,-31.703782881,21.772565508,28.1135208167,44.4391794271
347,20.0,40.0,40.0,0.0,43.5522403714,9.30712376421,-0.180265561223,14.5189234085,13.530702507,11.2231503692
348,20.0,55.0,40.0,0.0,72.468323802,-11.7358280367,-15.6327769964,38.9468161558,44.3597846148,49.0479629026
349,20.0,70.0,40.0,0.0,49.5065072503,32.3984800457,11.942789204,24.0555037207,18.0085756202,10.6261572481
350,20.0,85.0,40.0,0.0,84.9343915051,0.241906502444,1.27048097555,63.6323550976,65.8784753888,53.1747996357
351,20.0,100.0,40.0,0.0,35.4731637264,0.876192133322,-3.0563000499,8.52538541405,8.73712641516,7.97979153752
352,30.0,0.0,40.0,0.0,41.9878518264,-9.11154525852,-1.5013996705,10.7761820656,12.4921472224,10.7786962669
353,30.0,10.0,40.0,0.0,37.6496662945,10.6856087803,2.05656343322,10.9242553183,9.89297945583,7.63030506692
354,30.0,20.0,40.0,0.0,47.9019984814,-3.06884557639,6.19100337879,15.5876935962,16.7174238658,11.5965634292
355,30.0,30.0,40.0,0.0,40.6172237438,21.4138171788,8.26960901966,14.4299870315,11.6271089341,7.35611739994
356,30.0,40.0,40.0,0.0,33.3779928382,2.21795564118,-4.7068650446,7.67261804239,7.71305324459,7.47907036864
357,30.0,55.0,40.0,0.0,57.2666347139,-10.9498637879,23.8860561731,21.8563908231,25.1967637644,11.0859622435
358,30.0,70.0,40.0,0.0,35.2432850164,12.6988608021,3.27159252219,9.83059438611,8.62058862892,6.35162141339
359,30.0,85.0,40.0,0.0,65.7087432187,-5.51953743409,39.6204517072,32.14115433,34.9487481425,10.7075528121
360,30.0,100.0,40.0,0.0,46.4178122072,20.148854778,-15.7574851943,18.657574991,15.579433401,19.3684208406
361,40.0,0.0,40.0,0.0,62.3120878096,-18.3705447391,20.9957866913,25.0849694785,30.7689332548,15.2904366066
362,40.0,10.0,40.0,0.0,53.5568474954,39.6721905153,-4.19931702794,30.1832872554,21.5598484348,19.7240423854
363,40.0,20.0,40.0,0.0,74.6516251372,-2.03857073818,42.7767376513,45.3051764835,47.7257558261,15.087824308
364,40.0,30.0,40.0,0.0,77.4065180076,11.4032801029,-1.35001332669,54.7465252628,52.2104673596,44.1715737277
365,40.0,40.0,40.0,0.0,54.5620842477,22.1983301207,18.9772041123,26.8121767755,22.5081724312,11.1659690633
366,40.0,55.0,40.0,0.0,66.0191366442,-2.70498899489,-16.6781059861,33.3100033753,35.348550735,40.7507498447
367,40.0,70.0,40.0,0.0,47.135657608,0.862426345495,4.11644178461,15.6957766425,16.1231597621,11.8504160471
368,40.0,85.0,40.0,0.0,55.4320112041,-15.529391757,-30.6748246828,19.2790748258,23.3509560561,37.5466753147
369,40.0,100.0,40.0,0.0,43.3281817803,16.7343432869,10.780869742,15.6028864342,13.3785531617,7.90336170607
370,55.0,0.0,40.0,0.0,46.5111928949,1.45716146333,4.52039828442,15.3368666164,15.6494612856,11.3549205369
371,55.0,10.0,40.0,0.0,39.7363035093,6.37943829532,3.98399189125,11.5716773929,11.0927830618,8.06088971189
372,55.0,20.0,40.0,0.0,41.7546334188,-5.81212716278,-2.87913727879,11.0870815196,12.3420279967,11.0925750343
373,55.0,30.0,40.0,0.0,37.3084814433,-2.73265826649,-2.02723757959,9.02895803143,9.70543412536,8.54965661467
374,55.0,40.0,40.0,0.0,76.1391314831,8.85385677622,23.1144937223,51.629184939,50.1139199537,25.7988824043
375,55.0,55.0,40.0,0.0,55.8926792932,24.1015832974,4.39126448211,28.7393205275,23.8056497654,17.6276538404
376,55.0,70.0,40.0,0.0,64.1756224181,-6.9295811674,4.76880019612,29.962129434,33.0181740629,24.5200585647
377,55.0,85.0,40.0,0.0,48.2422758733,4.88300753495,-8.5295904082,17.2613206618,16.9859087403,17.508722391
378,55.0,100.0,40.0,0.0,53.8145888308,-21.7603458194,-10.3912671462,16.7834512879,21.80040622,23.0598348272
379,70.0,0.0,40.0,0.0,41.6175657769,16.5989581944,4.79770879448,14.3481070429,12.2543632901,8.71577645689
380,70.0,10.0,40.0,0.0,46.0902049964,0.0995598042453,13.1487458375,14.8043765268,15.335407242,8.54008173657
381,70.0,20.0,40.0,0.0,38.9438755007,7.8076050933,-1.0278144368,11.2941653769,10.6263447235,9.05634279782
382,70.0,30.0,40.0,0.0,41.0634159457,-7.44014441783,4.81125503111,10.468638555,11.9041757534,8.45052788169
383,70.0,40.0,40.0,0.0,36.7252409787,-0.270269896011,-6.53870522314,9.02280595213,9.390349408,9.54307311281
384,70.0,55.0,40.0,0.0,73.8663788488,8.58109350544,47.0206891174,47.8823829077,46.4962319324,12.9640605492
385,70.0,70.0,40.0,0.0,56.3858721852,27.0936989994,-8.48732492021,30.0808685436,24.2989477522,24.4240190653
386,70.0,85.0,40.0,0.0,62.5472438851,-8.84546990041,26.5191619103,27.6526664127,31.0469458971,13.3225650933
387,70.0,100.0,40.0,0.0,48.780387839,8.25190253557,-20.8419116467,18.3279016828,17.4163307498,24.0095263929
388,85.0,0.0,40.0,0.0,51.173801312,-25.3253816809,7.21983502495,14.2292435864,19.418952903,13.2091013364
389,85.0,10.0,40.0,0.0,56.9619230835,41.2839414173,4.31315228473,34.7397308133,24.8836938398,18.491341059
390,85.0,20.0,40.0,0.0,62.5005005083,0.0540083921781,24.2828431398,29.8993311858,30.9915508676,14.1294557412
391,85.0,30.0,40.0,0.0,50.0775247905,21.057433283,-8.30636081313,22.0764575718,18.4836327613,18.8358748607
392,85.0,40.0,40.0,0.0,52.2238859302,-17.5738722067,6.42779217257,16.3064782597,20.3439551595,14.1817121735
393,85.0,55.0,40.0,0.0,58.4759379359,14.2305297679,-2.72984917134,29.0667760412,26.4651266308,23.259006801
394,85.0,70.0,40.0,0.0,61.5703103567,-4.94507121366,31.9146678121,27.5746123448,29.9028525579,10.889577361
395,85.0,85.0,40.0,0.0,34.2178713875,2.62310279428,-0.479104394088,8.11157340342,8.11336347451,6.80611954722
396,85.0,100.0,40.0,0.0,48.2992058643,-22.9208310136,7.6766331072,12.6760897529,17.0311063058,11.3307052737
397,100.0,0.0,40.0,0.0,49.1084761235,-18.42816643,3.44077014594,13.9077535353,17.6822947026,13.288868196
398,100.0,10.0,40.0,0.0,55.567394522,-2.3431624837,-23.6097139045,22.1333735773,23.483977312,32.7632325908
399,100.0,20.0,40.0,0.0,57.4173839277,-0.226433168107,19.2672056968,24.3949750959,25.3526142299,12.7465933079
400,100.0,30.0,40.0,0.0,65.1640793993,13.1554179759,-10.123114751,36.8996452897,34.2545000622,34.8517120759
401,100.0,40.0,40.0,0.0,67.5552312523,18.8593658666,38.5699732152,42.0006897812,37.3720541031,12.1077212459
402,100.0,55.0,40.0,0.0,50.6761119889,-14.3647516029,-11.8645135489,15.7015384592,18.9905190205,21.0385813676
403,100.0,70.0,40.0,0.0,54.6542900363,-7.25778209072,-6.02440904649,20.268708836,22.5965242833,21.5496998281
404,100.0,85.0,40.0,0.0,59.00894554,2.26954390943,1.9103581576,26.6249761339,27.0374178673,21.3346189731
405,100.0,100.0,40.0,0.0,64.0399922075,10.1698115745,9.24290537511,34.5627442653,32.8508904052,22.0156945855
406,0.0,0.0,55.0,0.0,69.1405292282,19.1019902062,16.9314163536,44.3972268251,39.5398546511,22.5876629865
407,0.0,10.0,55.0,0.0,39.6382598776,-5.55305276953,-6.58961421511,9.91822000899,11.0343472843,11.1125807669
408,0.0,20.0,55.0,0.0,41.6142393831,-4.20543426168,3.2630217907,11.2246624575,12.2522409954,9.14550739528
409,0.0,30.0,55.0,0.0,42.2855582818,2.31967543256,-0.12420020845,12.5745883065,12.6855386931,10.5057529951
410,0.0,40.0,55.0,0.0,45.2130053717,5.3107358001,10.6183634703,15.042889533,14.6945787275,8.82084251495
411,0.0,55.0,55.0,0.0,45.9703056084,11.169585426,6.42667924632,16.6249406517,15.2467383001,10.443894736
412,0.0,70.0,55.0,0.0,51.9348594964,-8.46630708226,-28.3647807706,17.7373632335,20.0864911107,31.7652970534
413,0.0,85.0,55.0,0.0,52.0917078527,-9.93321241665,10.5429134074,17.5897841667,20.2259399609,12.5841205119
414,0.0,100.0,55.0,0.0,60.8576464127,5.78741100115,-16.2736887116,29.5434995883,29.0862193873,33.9713546207
415,10.0,0.0,55.0,0.0,61.6864420077,9.70265775008,28.0264157588,31.5563862113,30.0373577261,12.2546344355
416,10.0,10.0,55.0,0.0,70.1394530989,21.9379945628,-2.21378226821,46.9068170287,40.9479686948,35.3198473397
417,10.0,20.0,55.0,0.0,38.8681590943,-7.25577421367,0.0255326143781,9.293928355,10.5824737537,8.72457969287
418,10.0,30.0,55.0,0.0,39.3979349283,-2.02039297931,-3.34724389978,10.2387317001,10.8919781076,9.96536084589
419,10.0,40.0,55.0,0.0,42.4045368691,0.880949630214,6.91264907086,12.4373353681,12.7633825315,8.50779046834
420,10.0,55.0,55.0,0.0,43.9340092109,6.17869171543,3.2626198385,14.2774555662,13.7925962429,10.3360638449
421,10.0,70.0,55.0,0.0,45.8804187957,10.2195562671,14.4601806036,16.3863845291,15.180489128,8.09167490946
422,10.0,85.0,55.0,0.0,34.4944488573,-5.70556417356,-3.68743885135,7.34441080531,8.24815742135,7.70749871677
423,10.0,100.0,55.0,0.0,40.7554208735,-6.30857682992,10.3730325433,10.4428530994,11.7124588482,6.90497872397
424,20.0,0.0,55.0,0.0,35.8693458537,1.57378120578,4.67493471589,8.80455999252,8.94042872387,6.27934834054
425,20.0,10.0,55.0,0.0,56.6120763077,10.424075503,26.0665685539,26.0945078703,24.5274612609,10.0459387777
426,20.0,20.0,55.0,0.0,49.4694910623,-2.1500334393,-16.5420767311,16.9429314925,17.9780641992,22.3577625422
427,20.0,30.0,55.0,0.0,52.0236469702,1.66989564719,9.6354801769,19.7794979267,20.1653502127,12.8653266946
428,20.0,40.0,55.0,0.0,57.616542239,14.701193096,-3.97227139901,28.2337722721,25.5594954671,23.1319118366
429,20.0,55.0,55.0,0.0,60.2526084058,21.6196770979,25.40329321,33.1589641674,28.4046959877,12.3071205706
430,20.0,70.0,55.0,0.0,61.2726139171,35.8878745957,-3.15732074788,38.7468364332,29.5598919814,26.165441641
431,20.0,85.0,55.0,0.0,67.651914727,-0.614467947016,37.3814868924,35.978387024,37.5019361913,12.580365102
432,20.0,100.0,55.0,0.0,52.9870396137,17.7400310817,-15.0958120012,24.1344264774,21.0343239761,24.8377586125
433,30.0,0.0,55.0,0.0,55.9938223773,-18.2538426499,16.3770310915,19.219225693,23.9062649821,12.9025000201
434,30.0,10.0,55.0,0.0,46.6701546932,-0.0970063656225,-26.2060498652,15.1897487202,15.7691517471,24.9597331456
435,30.0,20.0,55.0,0.0,49.901602747,4.39500836567,18.8827790557,18.5151946297,18.3363953002,8.77058238108
436,30.0,30.0,55.0,0.0,41.4974358456,11.8301482106,1.51689359155,13.5062582949,12.1778736654,9.59379145713
437,30.0,40.0,55.0,0.0,45.2981937009,-4.03152386313,10.1893918993,13.5877051012,14.756014178,8.98235552995
438,30.0,55.0,55.0,0.0,38.4576519167,3.19107124798,-4.72769687684,10.3897672036,10.3467216878,9.8927415201
439,30.0,70.0,55.0,0.0,41.9624078235,-11.6548583523,1.70659161897,10.4239680537,12.4757104633,9.77536111554
440,30.0,85.0,55.0,0.0,60.0667625167,35.0272617296,12.2314238059,36.8693563664,28.1975145965,17.3445740548
441,30.0,100.0,55.0,0.0,69.8815188485,0.31961939056,13.5448424545,39.2337526525,40.581227724,25.1098948367
442,40.0,0.0,55.0,0.0,52.2260334515,15.1077390169,-1.67991913073,22.8011857688,20.3458763541,17.5170352196
443,40.0,10.0,55.0,0.0,58.7901205693,-15.1088154853,-3.24753030146,22.3783692684,26.8014772587,23.827260028
444,40.0,20.0,55.0,0.0,45.4787291543,-3.70005931232,-13.0163834168,13.7622938498,14.8867767935,17.3866248482
445,40.0,30.0,55.0,0.0,48.4982202359,5.5463865774,7.86850731512,17.5880029947,17.1897367167,11.3806062385
446,40.0,40.0,55.0,0.0,41.2593885,12.0079377049,7.31537731445,13.3743224911,12.0272447653,7.87711991089
447,40.0,55.0,55.0,0.0,43.7554484898,-1.63275686931,1.43401897993,12.9325242512,13.6696867724,10.8144754143
448,40.0,70.0,55.0,0.0,38.0011487856,2.01810277221,0.700624683874,9.98372930607,10.0886958382,8.1377187658
449,40.0,85.0,55.0,0.0,40.0428285372,-8.55130179811,-5.86340234305,9.75974575043,11.2768076231,11.1032570161
450,40.0,100.0,55.0,0.0,57.8543770135,35.6755849913,25.6937741148,34.2262542533,25.8080237398,10.8300486592
451,55.0,0.0,55.0,0.0,71.963642258,4.02038778857,-8.09413009998,43.3998637852,43.6049349775,42.0520478615
452,55.0,10.0,55.0,0.0,50.0637057821,14.2297401218,11.2211628314,20.6185218262,18.4720385591,11.1660396403
453,55.0,20.0,55.0,0.0,60.2790555168,-9.85562075691,-23.8956063544,25.0265083674,28.4342615099,38.7138288815
454,55.0,30.0,55.0,0.0,44.0008265729,-7.08577745672,-1.34728735472,12.2775999229,13.8387776707,11.8704020533
455,55.0,40.0,55.0,0.0,72.8038311943,15.2950108998,10.503860892,48.6607758107,44.8663913463,29.9112236515
456,55.0,55.0,55.0,0.0,50.2516095941,23.4161840946,10.4025634976,22.7565243244,18.6301063599,11.5429464309
457,55.0,70.0,55.0,0.0,63.0024484802,-0.847366835447,-4.81217666162,30.2351258008,31.5898589217,28.9262138998
458,55.0,85.0,55.0,0.0,44.1353944178,0.693979953326,-1.9232409141,13.5428588983,13.9320980956,12.1470806632
459,55.0,100.0,55.0,0.0,69.2492236957,4.15076047537,6.69070057337,39.5860744405,39.6914834658,28.4777616777
460,70.0,0.0,55.0,0.0,42.1687092223,7.75203553289,12.9721289638,13.3222372215,12.6093968337,6.8665966582
461,70.0,10.0,55.0,0.0,59.8809090129,-6.82989862393,-5.41507185572,25.3360602032,27.9913346779,26.0839485156
462,70.0,20.0,55.0,0.0,36.9926069064,-6.23938004386,2.070692011,8.46053198609,9.53392840332,7.34367020563
463,70.0,30.0,55.0,0.0,41.0806969301,-12.5250573134,-5.00349759506,9.82268491462,11.9149941479,11.408108129
464,70.0,40.0,55.0,0.0,37.3842340043,4.07864527022,-0.468638192544,9.90756364163,9.74686787385,8.16565438329
465,70.0,55.0,55.0,0.0,46.1025590253,-6.53604709267,2.48332424133,13.7390691843,15.3445628775,11.8002219692
466,70.0,70.0,55.0,0.0,39.6759520541,14.9608321176,5.33573296991,12.7829604525,11.0567881579,7.6847047995
467,70.0,85.0,55.0,0.0,51.8912246557,0.133861137874,10.4988196871,19.3585590532,20.0478110572,12.477877499
468,70.0,100.0,55.0,0.0,41.5749383672,-1.42338088781,-2.47907385625,11.5889055054,12.2271848393,10.8635991461
469,85.0,0.0,55.0,0.0,66.0150503906,-18.4059089589,-24.5451332012,29.0303075193,35.3432677261,47.1361247322
470,85.0,10.0,55.0,0.0,46.9937013,20.5394067699,7.33262139731,19.2191514824,16.0146485657,10.7140628323
471,85.0,20.0,55.0,0.0,78.6727475238,-6.44262458566,-7.93633787985,49.977810348,54.3626946319,51.7208360705
472,85.0,30.0,55.0,0.0,53.4443333109,43.8181104153,20.9491151104,31.1703250934,21.4553928543,9.9416617667
473,85.0,40.0,55.0,0.0,42.3074686451,-15.9715152086,4.69750581296,10.0568910176,12.6998500903,9.07734843383
474,85.0,55.0,55.0,0.0,37.4323693004,5.84050053582,-5.4961540691,10.1596208937,9.77325721214,9.59506293756
475,85.0,70.0,55.0,0.0,46.7822593454,-8.61672865919,12.8495718191,13.8735137026,15.8539269996,8.95376022048
476,85.0,85.0,55.0,0.0,39.6354161993,16.6632576358,0.686024641986,13.0141389488,11.0326554702,8.90917731157
477,85.0,100.0,55.0,0.0,52.6930825405,-1.1129251506,23.2231165111,19.8001671441,20.7665833001,8.90247893288
478,100.0,0.0,55.0,0.0,42.6560630546,1.98585915309,-13.3520886636,12.7634657205,12.9289948586,15.4754991532
479,100.0,10.0,55.0,0.0,63.2532308679,-24.5162272159,0.597394378895,24.5956455429,31.891647849,25.9703247443
480,100.0,20.0,55.0,0.0,47.3753978728,23.0719982345,-3.50091745029,20.0557678252,16.3075278511,14.7906213012
481,100.0,30.0,55.0,0.0,76.4796513696,-10.0241920838,19.9964758707,45.2680528394,50.6715960569,27.9695693664
482,100.0,40.0,55.0,0.0,53.9665624894,44.5896000174,9.2557718602,32.0012561228,21.9430829057,14.2494004278
483,100.0,55.0,55.0,0.0,43.6753109343,5.1164299837,-23.5529326275,13.927777457,13.6147635716,20.8490805714
484,100.0,70.0,55.0,0.0,60.833132223,-27.6760723208,22.7013751723,21.5665927533,29.058396611,13.6415771828
485,100.0,85.0,55.0,0.0,48.4451937747,25.3809446706,-12.872825029,21.4943488001,17.1473745374,19.6575259926
486,100.0,100.0,55.0,0.0,74.37994613,-11.0688110635,47.4985430241,41.8309367759,47.2979444342,13.1115074892
487,0.0,0.0,70.0,0.0,54.8839784719,45.9176374023,-0.477452352743,33.4887058829,22.8176170648,19.0484373433
488,0.0,10.0,70.0,0.0,55.1780155059,-11.3746921874,-16.9667736928,19.8907516599,23.1027489343,28.1119883775
489,0.0,20.0,70.0,0.0,36.5836453137,8.2322276011,3.7441875939,9.99702753858,9.31489796424,6.77231657823
490,0.0,30.0,70.0,0.0,64.5981907347,-0.879074261148,-4.16435810805,32.1004516621,33.5430006788,30.2399804473
491,0.0,40.0,70.0,0.0,46.7949328952,28.4665874781,13.119544273,20.6490126901,15.8635300036,8.88407635504
492,0.0,55.0,70.0,0.0,58.7419316799,-20.792729374,-15.5541347646,21.1156077812,26.7497043201,31.0668229613
493,0.0,70.0,70.0,0.0,45.6463825726,13.9923530001,4.78103678404,16.8819242408,15.008898609,10.7867839245
494,0.0,85.0,70.0,0.0,71.4553340015,-6.77191869599,1.36531180475,39.1360343889,42.8533660448,34.4066992458
495,0.0,100.0,70.0,0.0,52.3020943506,36.6731758207,17.1189853577,27.9958814879,20.4139992443,10.5141200768
496,10.0,0.0,70.0,0.0,44.6639322633,9.2416723376,-22.1456210129,15.3066851821,14.3026893654,20.9964473797
497,10.0,10.0,70.0,0.0,58.0042132779,28.8802753091,8.49544646659,32.4734544896,25.9654211216,17.4233916247
498,10.0,20.0,70.0,0.0,47.04839116,-10.2428086462,-7.35744442889,13.7975655086,16.0563955727,16.1244278611
499,10.0,30.0,70.0,0.0,55.6662692049,5.31057036742,28.7643526928,23.9325424835,23.5814454502,8.78656299491
500,10.0,40.0,70.0,0.0,46.151800981,-14.5918340122,-15.4286107419,12.5379239002,15.381092559,18.9998899847
501,10.0,55.0,70.0,0.0,46.2010413869,-20.7888374266,4.4799507067,11.6700623566,15.4176790177,11.1926310178
502,10.0,70.0,70.0,0.0,56.7978803804,6.51636552028,9.40478066994,25.3496738323,24.7162304245,16.1441246427
503,10.0,85.0,70.0,0.0,42.6855509519,-10.5716352905,0.281268096353,10.9852115981,12.9485038683,10.5950197522
504,10.0,100.0,70.0,0.0,57.0724073095,40.1453563587,10.2899438902,34.5460629513,24.9969071748,15.9729423901
505,20.0,0.0,70.0,0.0,44.2908219409,8.95900475259,-18.8620172253,14.98818662,14.0404053499,19.104618088
506,20.0,10.0,70.0,0.0,38.2681042657,1.32903180152,-7.2790974116,10.0427315436,10.2390575625,10.5774133817
507,20.0,20.0,70.0,0.0,54.7375216795,34.5200955838,6.53984977467,30.1664914037,22.6764753631,15.8590794156
508,20.0,30.0,70.0,0.0,46.4450296491,-11.9801226094,0.205057426806,13.1222766163,15.599822641,12.7980800404
509,20.0,40.0,70.0,0.0,69.2204845769,9.75876921229,15.7272080279,41.3646998598,39.6513547573,23.2952203254
510,20.0,55.0,70.0,0.0,46.1508055872,-18.5347856312,-2.29213282677,11.9608736401,15.3803535619,13.5223065132
511,20.0,70.0,70.0,0.0,44.35850665,27.1952138886,3.90089650089,18.3056245487,14.0877452925,10.3650986046
512,20.0,85.0,70.0,0.0,55.7466299384,-6.62400409621,22.1823279085,21.3811269098,23.6608613871,10.7909060836
513,20.0,100.0,70.0,0.0,40.5256230328,14.8126352192,-3.56665482927,13.318887084,11.5707658729,10.6341007641
514,30.0,0.0,70.0,0.0,48.3795554744,-15.7803274215,9.58905231208,13.8292864684,17.095033386,10.7563196447
515,30.0,10.0,70.0,0.0,37.9206131841,2.59520043279,-9.99306398811,10.013094319,10.0436252384,11.2569321677
516,30.0,20.0,70.0,0.0,67.8522204443,2.69190056449,21.2186647053,37.2432618672,37.7719785632,19.358874201
517,30.0,30.0,70.0,0.0,55.3634118041,40.5543871779,14.3239140991,32.5551154337,23.2837456962,13.2527139287
518,30.0,40.0,70.0,0.0,58.9617841925,-9.20698836145,7.9193432502,23.8611505176,26.9864511661,18.4192154597
519,30.0,55.0,70.0,0.0,48.7714812141,19.4456817947,1.0543747743,20.5453733536,17.4091480482,13.9613356247
520,30.0,70.0,70.0,0.0,50.0618672917,-20.7869778402,-5.63602344075,14.188179009,18.470496424,17.6162287664
521,30.0,85.0,70.0,0.0,51.5644532641,37.8207989342,12.5026327911,27.4835975283,19.7597221116,11.5975496875
522,30.0,100.0,70.0,0.0,35.6963995345,0.851241510257,3.65275732602,8.63345980635,8.85129720787,6.44164523556
523,40.0,0.0,70.0,0.0,46.1516044583,15.6083298849,0.201038531708,17.5781835597,15.3809466554,12.6195958322
524,40.0,10.0,70.0,0.0,61.8956840774,-15.6618125151,-18.2238501066,25.3010587311,30.2807215208,36.5979790119
525,40.0,20.0,70.0,0.0,51.8309791774,37.3016568389,15.751952396,27.6416805919,19.9944881786,10.6889479411
526,40.0,30.0,70.0,0.0,74.3543455636,-11.8238395023,3.26292491862,41.5446742945,47.2577636881,36.5934268361
527,40.0,40.0,70.0,0.0,46.1263890636,14.0210614078,2.80449503546,17.2646015215,15.3622337363,11.7056752143
528,40.0,55.0,70.0,0.0,61.1071050445,-25.5021585632,-15.0420982481,22.2897033951,29.3703570622,33.4253130538
529,40.0,70.0,70.0,0.0,60.1771688311,-27.7809874529,-4.46603038348,20.9475018676,28.3204738632,25.8330492524
530,40.0,85.0,70.0,0.0,66.6675405786,-3.13892440815,10.0112010013,33.9870257997,36.1935417977,24.0023563642
531,40.0,100.0,70.0,0.0,51.7473837686,-10.7288998746,-8.74626707007,17.1689248943,19.920655173,20.412254673
532,55.0,0.0,70.0,0.0,45.2564612818,16.0841886015,-3.58742762153,16.9564770986,14.7258965686,13.431081711
533,55.0,10.0,70.0,0.0,39.6851206591,4.9914263101,1.18036588751,11.3467174172,11.0622514872,8.79498604776
534,55.0,20.0,70.0,0.0,39.2642165967,7.40324876718,-7.05395988197,11.4299430154,10.8132958748,11.0539688855
535,55.0,30.0,70.0,0.0,45.8367748947,14.2107677575,9.36514931816,17.0707640879,15.1483916437,9.48609745791
536,55.0,40.0,70.0,0.0,44.2518439363,-2.79070809511,-5.75950146711,13.0819114792,14.0131915933,13.5940781671
537,55.0,55.0,70.0,0.0,66.6711265846,5.40890192926,11.6277623497,36.5195736845,36.1982520826,23.13791294
538,55.0,70.0,70.0,0.0,60.7182923637,-20.0253253415,-1.47010650039,23.128289233,28.928293486,24.6735955823
539,55.0,85.0,70.0,0.0,49.2473261353,-14.7696120384,2.33433164733,14.5961934783,17.79566365,13.7880649451
540,55.0,100.0,70.0,0.0,63.9150144465,1.63680193579,8.20123244372,31.981420019,32.697246336,22.4422233548
541,70.0,0.0,70.0,0.0,48.5273847222,-4.91819779836,-9.52224838729,15.7334421885,17.2130655728,18.1704144
542,70.0,10.0,70.0,0.0,51.0142858102,24.6382705515,-0.219073481292,23.7675023542,19.2809404361,15.9994561093
543,70.0,20.0,70.0,0.0,38.8678714431,7.01346282906,-4.83073186452,11.1395121449,10.5823073159,10.1386008733
544,70.0,30.0,70.0,0.0,39.3019764655,-2.79082410073,-2.54233472232,10.0858883045,10.8354759238,9.67479106342
545,70.0,40.0,70.0,0.0,46.1030295373,-7.82531244166,-4.79383499085,13.5369027705,15.3449116484,14.4389935249
546,70.0,55.0,70.0,0.0,42.4884866562,9.10687350189,4.46216290268,13.7493343115,12.8184993516,9.23380158875
547,70.0,70.0,70.0,0.0,52.8673123476,1.582766924,5.06163339606,20.50237633,20.9249984861,15.1500893908
548,70.0,85.0,70.0,0.0,46.051537502,22.0465864668,12.6928948549,18.7193778418,15.3067740994,8.64670567261
549,70.0,100.0,70.0,0.0,59.8189980766,-20.9908804791,5.63430290829,22.0636407539,27.9228765023,20.1867818275
550,85.0,0.0,70.0,0.0,54.1824702907,9.31586495654,4.90838576594,23.3904900247,22.146851,16.1387305796
551,85.0,10.0,70.0,0.0,72.5262830638,-5.33578988032,25.0394085913,41.0871056989,44.4470275409,21.4235048012
552,85.0,20.0,70.0,0.0,62.5688372459,28.7084464396,20.557362963,38.2473578469,31.072558211,15.6476397198
553,85.0,30.0,70.0,0.0,68.3071648207,-4.91168178306,20.7262883819,35.5385427037,38.3901214535,19.9662330631
554,85.0,40.0,70.0,0.0,45.5688051294,-2.04307158161,-0.54108310421,14.0879973484,14.9523070965,12.5268362572
555,85.0,55.0,70.0,0.0,62.8721560099,-7.53093766898,-14.0074771896,28.3414078111,31.4338206026,34.8048908234
556,85.0,70.0,70.0,0.0,52.8763097651,18.4808322408,13.3312292467,24.195028201,20.9332010225,12.0837233905
557,85.0,85.0,70.0,0.0,42.0172789331,0.76241598012,3.9227687901,12.1751536486,12.5111750525,9.15554897154
558,85.0,100.0,70.0,0.0,45.1793862526,6.63812940057,1.33315642888,15.2420228178,14.67038056,11.6514139307
559,100.0,0.0,70.0,0.0,59.8711133005,-3.49901681104,-14.7886189628,26.1246511644,27.9804956011,31.8354542783
560,100.0,10.0,70.0,0.0,52.2878906922,27.6125403439,14.3382556094,25.7450301482,20.4012664058,11.4018198401
561,100.0,20.0,70.0,0.0,70.7076957466,11.3941577527,0.394184765457,44.0693404228,41.7636999932,34.1875557796
562,100.0,30.0,70.0,0.0,50.2894008863,29.8630999642,-11.2764093859,24.2484192424,18.6620055461,20.4202442725
563,100.0,40.0,70.0,0.0,50.1896705838,9.3063227724,-4.85242475853,19.7254873528,18.5779030152,17.3683792745
564,100.0,55.0,70.0,0.0,56.3218642172,-2.30681498232,-2.3557581371,22.8542994963,24.2345449351,21.1509050526
565,100.0,70.0,70.0,0.0,49.4648259588,-5.71297232139,16.1358435219,16.3008879985,17.9742213305,9.33606392553
566,100.0,85.0,70.0,0.0,53.5269169577,-6.97781844602,-6.11825217617,19.3464053082,21.5320285904,20.6276847794
567,100.0,100.0,70.0,0.0,52.7157764317,-11.1747377036,15.3280800757,17.8607040838,20.7871718489,11.3186292589
568,0.0,0.0,85.0,0.0,49.9140071171,-2.85351925364,0.239538133313,17.1639621326,18.3467513874,15.0424680545
569,0.0,10.0,85.0,0.0,46.4739368211,0.651850637552,8.76010017553,15.1734006546,15.6214971703,9.99340776053
570,0.0,20.0,85.0,0.0,49.722921828,19.6551719642,-3.31122626653,21.4479443178,18.1876513294,16.3610798727
571,0.0,30.0,85.0,0.0,48.2989147937,27.112866623,7.58964419074,21.7294724859,17.0308750169,11.3592207554
572,0.0,40.0,85.0,0.0,41.047564678,13.9612369804,-1.07281593463,13.5362390039,11.8942581629,10.1386546673
573,0.0,55.0,85.0,0.0,48.3765165173,13.731689435,-6.651621232,19.0523662197,17.0926126507,16.7936948784
574,0.0,70.0,85.0,0.0,52.6806950263,4.54698926877,-4.0092678372,20.9507614944,20.7553507299,18.9243720473
575,0.0,85.0,85.0,0.0,58.6212019496,-6.55615547614,-0.456675721642,24.1318980468,26.6202881767,22.1992462061
576,0.0,100.0,85.0,0.0,52.4643920969,-9.97239337762,7.71692348423,17.8830459179,20.5598670227,13.849764481
577,10.0,0.0,85.0,0.0,51.7157309264,13.3007960032,6.96702893524,21.9262274619,19.8927463108,13.6470542652
578,10.0,10.0,85.0,0.0,48.9438034426,6.14975525506,13.6114856345,18.061858518,17.5484673084,9.81482110945
579,10.0,20.0,85.0,0.0,46.2989016845,2.74630195271,-0.999610698547,15.4004910534,15.4905630217,13.1415080374
580,10.0,30.0,85.0,0.0,44.1465823351,-5.09615345621,3.32592116803,12.6649399508,13.9398755533,10.4302993539
581,10.0,40.0,85.0,0.0,41.7168909379,-6.78097907457,-9.2667957523,10.9330020776,12.3178473699,13.2754831643
582,10.0,55.0,85.0,0.0,62.458192463,3.8375334001,15.3526445331,30.8640148459,30.9414689426,17.7866836357
583,10.0,70.0,85.0,0.0,71.481579875,14.2185015563,28.1943762073,46.2179516835,42.8919592858,19.0227040328
584,10.0,85.0,85.0,0.0,66.0914306047,5.14155258679,18.9966896319,35.6882468956,35.442104751,18.9782171572
585,10.0,100.0,85.0,0.0,60.5586812624,-2.75418961001,10.7157826926,27.0333496026,28.7481143995,18.3995612569
586,20.0,0.0,85.0,0.0,55.1844665465,-11.9837689487,2.05542056772,19.7735737732,23.1090310824,18.1253440082
587,20.0,10.0,85.0,0.0,64.3932978465,14.6586791199,30.5980833697,36.3476846387,33.2878361824,12.9964157806
588,20.0,20.0,85.0,0.0,60.1339501944,20.2508928251,-4.69830767606,32.6278728633,28.2722988782,25.9231826961
589,20.0,30.0,85.0,0.0,54.5240144532,-4.21644893228,13.9768200671,20.7801626166,22.4717611227,12.854443866
590,20.0,40.0,85.0,0.0,51.0500500031,2.5322112293,-18.0263629866,19.1161018553,19.311826478,24.6110378467
591,20.0,55.0,85.0,0.0,62.2260545173,28.0278782154,29.3425053474,37.5772633036,30.6676368029,12.1212348895
592,20.0,70.0,85.0,0.0,61.5990562973,8.06501916788,-2.21753414442,31.00617532,29.9361090011,25.9490860323
593,20.0,85.0,85.0,0.0,54.0860099704,7.38578402015,13.7342677699,22.8665542977,22.0556591036,12.6716219501
594,20.0,100.0,85.0,0.0,36.0654082349,-0.14320480351,1.38278490653,8.70266840375,9.04219494995,7.12126397602
595,30.0,0.0,85.0,0.0,73.4695445054,-13.1930958813,14.7567268637,39.8574365442,45.8829900031,27.9996110435
596,30.0,10.0,85.0,0.0,55.9361278897,-18.7007655363,-6.62283504862,19.0822299252,23.8488369426,23.0013679097
597,30.0,20.0,85.0,0.0,61.2888390486,6.79501297656,4.93526354117,30.3035727711,29.5785161934,21.7929407657
598,30.0,30.0,85.0,0.0,40.909162267,4.4389587833,-10.7237827239,12.0157048895,11.8078984681,13.2990576516
599,30.0,40.0,85.0,0.0,42.6975580523,18.5807596447,8.14334644131,15.4535912379,12.9564533105,8.31187349823
600,30.0,55.0,85.0,0.0,42.4624789661,19.7208621392,-0.222671816349,15.4752516984,12.8014072011,10.6326557134
601,30.0,70.0,85.0,0.0,41.1092796484,1.6879055051,0.585466291816,11.7451774706,11.9329021362,9.67130435468
602,30.0,85.0,85.0,0.0,49.56411122,7.28881129402,2.93392736329,18.7936969386,18.0561256107,13.7680181323
603,30.0,100.0,85.0,0.0,56.692405808,-10.8742777418,-4.83939748607,21.3443414597,24.6089542837,22.7490394497
604,40.0,0.0,85.0,0.0,73.085975789,-4.67025568021,15.4295566941,42.1037650143,45.2953955247,27.2039248176
605,40.0,10.0,85.0,0.0,56.6389143714,-5.67423583946,13.3836890611,22.413814457,24.5546680123,14.4342679368
606,40.0,20.0,85.0,0.0,54.4640026875,-14.9526566837,-7.65054436157,18.5764687154,22.4144435048,22.2128062598
607,40.0,30.0,85.0,0.0,57.2542308429,13.7595685273,3.5813054446,27.599945989,25.1839686702,19.0614277992
608,40.0,40.0,85.0,0.0,44.8994123303,4.29900526143,-11.0870717042,14.6500954614,14.4698935994,16.1346377665
609,40.0,55.0,85.0,0.0,42.5990241921,19.9662199632,2.08383102095,15.6181741231,12.891313932,9.9920097016
610,40.0,70.0,85.0,0.0,50.6141285156,-21.7471889338,6.23162392987,14.4184279109,18.9376063185,13.2175900479
611,40.0,85.0,85.0,0.0,46.2313252891,-0.828495654182,-6.67788440373,14.7513925017,15.44020926,15.2696147974
612,40.0,100.0,85.0,0.0,60.3510896975,-12.1669464724,7.56675584119,24.5584445617,28.5148933523,19.6993292711
613,55.0,0.0,85.0,0.0,52.5524727122,20.3006762896,5.16828597258,24.2927480803,20.6393210192,14.8918914124
614,55.0,10.0,85.0,0.0,71.8718544038,4.27052585557,26.0998553601,43.3504430322,43.4685753968,20.3397847828
615,55.0,20.0,85.0,0.0,38.7348447437,0.796773613678,-12.9017389129,10.233416044,10.5055236296,12.7315157023
616,55.0,30.0,85.0,0.0,45.6073857039,-11.0555854907,9.43429993266,12.7154063357,14.980433198,9.35077562628
617,55.0,40.0,85.0,0.0,43.0501101215,11.0425797814,-6.7403987517,14.4488050589,13.1913173316,13.1922754229
618,55.0,55.0,85.0,0.0,52.3141897887,-0.587872578375,22.3168697847,19.5778620957,20.4248463491,8.97362981267
619,55.0,70.0,85.0,0.0,46.5264740579,22.7685092182,0.586979294072,19.2616646413,15.6609408506,12.711987457
620,55.0,85.0,85.0,0.0,54.4475573985,-21.4190516381,8.81429392636,17.3431980114,22.398753537,14.7427347259
621,55.0,100.0,85.0,0.0,51.5575275757,11.9539252743,-14.4027929949,21.491841678,19.7536463287,23.1234010427
622,70.0,0.0,85.0,0.0,65.2446866511,-4.67159206736,28.6157250616,31.8217190024,34.3566599435,14.2820838645
623,70.0,10.0,85.0,0.0,58.3301282342,31.411922367,-1.59014614716,33.5883922275,26.309989724,22.5266355562
624,70.0,20.0,85.0,0.0,54.0623851444,-13.313776807,11.2989579922,18.558675082,22.0333628355,13.5406854699
625,70.0,30.0,85.0,0.0,48.332262527,16.0755839395,-13.9728109715,19.4780961403,17.057387238,20.0912652605
626,70.0,40.0,85.0,0.0,65.3314860081,4.21888820345,29.7411487866,34.4507197915,34.4668944687,13.9102675406
627,70.0,55.0,85.0,0.0,55.8591642181,35.4272548304,-1.90054025662,31.7234623155,23.7723719854,20.5312742089
628,70.0,70.0,85.0,0.0,47.7711762378,30.8300154096,-3.3691803567,22.0399769293,16.6149605617,15.0083445041
629,70.0,85.0,85.0,0.0,43.3010377309,-1.93398797421,-9.36324125855,12.5929574213,13.3601985464,14.3379293342
630,70.0,100.0,85.0,0.0,66.1170419245,14.6945466038,13.0685314033,38.6485697355,35.4752873486,21.8905111797
631,85.0,0.0,85.0,0.0,43.6744045089,-15.5295098234,4.70297932859,10.8909089635,13.6141431854,9.76203119252
632,85.0,10.0,85.0,0.0,60.7670419499,0.677529253594,3.32894281493,28.1206725702,28.9834747968,22.1549708255
633,85.0,20.0,85.0,0.0,59.6072606489,-1.6042581198,27.2229186202,26.3085727383,27.6895910825,11.3143603632
634,85.0,30.0,85.0,0.0,44.1573929008,-11.6281003455,-8.98273333694,11.7199488501,13.9473934382,14.7644829178
635,85.0,40.0,85.0,0.0,52.0605958888,11.8302016374,18.1077650861,21.9296531401,20.198228162,10.0798533154
636,85.0,55.0,85.0,0.0,43.7409710554,-2.33292815513,-7.48249858359,12.8172680748,13.6597535837,13.9097469163
637,85.0,70.0,85.0,0.0,47.6608994232,30.6236282834,-1.43024779708,21.8928592645,16.5289148698,14.1782008907
638,85.0,85.0,85.0,0.0,44.127064988,26.629163978,6.28836183898,18.0084236854,13.9263096397,9.52390032023
639,85.0,100.0,85.0,0.0,43.5412930815,-3.16669777857,-4.63344237549,12.5636228057,13.5232419668,12.7381691209
640,100.0,0.0,85.0,0.0,61.4593106949,22.9034558969,10.8251351876,35.034906416,29.7746672071,19.0643673024
641,100.0,10.0,85.0,0.0,50.9709552163,-21.0142059127,3.21835542216,14.7917644584,19.2435641732,14.586941617
642,100.0,20.0,85.0,0.0,59.6715819869,-0.77502043372,18.9144613285,26.5787897154,27.7603202878,14.3176564074
643,100.0,30.0,85.0,0.0,78.7896704612,-7.11251031037,32.2675873535,49.9159005291,54.5643608805,23.2729718712
644,100.0,40.0,85.0,0.0,52.3314235423,39.3443668632,2.7868297862,28.7115894821,20.4403080963,15.696641126
645,100.0,55.0,85.0,0.0,65.9956629071,-21.9045744562,12.3764273664,28.109238822,35.3182093355,22.1381714314
646,100.0,70.0,85.0,0.0,46.3607684036,17.8514090073,-9.03458118004,18.169633068,15.5367581697,16.330182553
647,100.0,85.0,85.0,0.0,59.8891020636,-18.7705454019,-21.9346157222,22.614130505,28.0004025392,36.7790569842
648,100.0,100.0,85.0,0.0,43.588695046,26.6772979898,11.2940186057,17.5822658331,13.5555660232,7.88679393568
649,0.0,0.0,100.0,0.0,56.9811653695,-3.23093120219,-1.38614710803,23.2818648817,24.9033868012,21.2344782551
650,0.0,10.0,100.0,0.0,40.2534986221,13.3206926091,4.03309660968,12.9111369906,11.4044579054,8.2841321305
651,0.0,20.0,100.0,0.0,48.5530643785,-11.0025706185,-11.0285319798,14.7238422186,17.2336243577,18.8792672102
652,0.0,30.0,100.0,0.0,37.859619851,-0.168853766704,-2.72195405572,9.63114948388,10.0095806612,9.00670638608
653,0.0,40.0,100.0,0.0,78.3734658366,-7.53769223642,47.0144096284,49.092708546,53.8487648713,15.9735625178
654,0.0,55.0,100.0,0.0,48.9569836697,26.9016758309,5.52468362156,22.2968129417,17.5591537657,12.4480751646
655,0.0,70.0,100.0,0.0,64.8208740681,-23.1534232787,25.0847557841,26.5339281478,33.8217956518,15.385785896
656,0.0,85.0,100.0,0.0,35.7622446961,-0.010678624329,0.0630213539148,8.56669285525,8.88516171725,7.31566783452
657,0.0,100.0,100.0,0.0,77.907100815,2.90927661382,48.9543801587,52.2711989261,53.0543906406,14.863758729
658,10.0,0.0,100.0,0.0,50.3978425179,29.2303746706,-7.85568163637,24.2103359894,18.7537419643,18.8828796191
659,10.0,10.0,100.0,0.0,65.4356087817,-13.6842025165,27.6268984229,29.6121765204,34.5994403712,14.7947448424
660,10.0,20.0,100.0,0.0,44.8464919326,3.33005062885,-24.7312743419,14.4537832001,14.4322042065,22.4711982453
661,10.0,30.0,100.0,0.0,69.2892991525,-3.01365999708,4.69715084102,37.393432229,39.7474863996,29.7524158098
662,10.0,40.0,100.0,0.0,66.7228424794,0.989598002581,2.88553858965,35.2633508155,36.2662273135,28.1437343782
663,10.0,55.0,100.0,0.0,35.9893321093,-1.3529088613,-1.45020834475,8.52489888467,9.00261643459,7.79449610815
664,10.0,70.0,100.0,0.0,66.602371151,1.89155872763,-1.94432732204,35.3766985954,36.1080117301,31.0298428396
665,10.0,85.0,100.0,0.0,35.3651629974,2.25294314399,-7.86096674152,8.63044469963,8.68224514605,9.24574527129
666,10.0,100.0,100.0,0.0,41.1515358602,-14.7673253308,5.82256006343,9.58027657699,11.9594098647,8.21983307677
667,20.0,0.0,100.0,0.0,41.1396377669,20.2422905538,9.58787329869,14.6068725364,11.9519421099,7.25346452777
668,20.0,10.0,100.0,0.0,40.1059123962,3.07295343874,-2.56403375068,11.3321753433,11.3149312665,10.0982314818
669,20.0,20.0,100.0,0.0,44.064593615,-6.57382387613,6.3312000157,12.3931735604,13.8829468671,9.47979686557
670,20.0,30.0,100.0,0.0,43.895748592,9.38104328041,9.74119828894,14.7749707643,13.7661983863,8.43790602508
671,20.0,40.0,100.0,0.0,50.731775561,-26.6406383348,10.7482429799,13.7152391485,19.0381206049,11.7045217203
672,20.0,55.0,100.0,0.0,42.5088797398,10.7282917377,-14.5471385991,14.0210227603,12.8319122419,15.8603667493
673,20.0,70.0,100.0,0.0,58.5160419533,-14.5805410433,25.8190185909,22.2359739217,26.5079027094,11.1579306974
674,20.0,85.0,100.0,0.0,46.4480123912,27.2722220281,-5.49943274317,20.0969998743,15.6020581658,14.9484022524
675,20.0,100.0,100.0,0.0,69.020481451,-2.45621968961,44.2857872414,37.2087485867,39.3728372953,11.0423584371
676,30.0,0.0,100.0,0.0,63.7232719505,-1.55004791733,35.6664692736,30.8817092092,32.4624561199,10.8768139263
677,30.0,10.0,100.0,0.0,64.5046340266,-1.50085096426,28.2638308656,31.8164307924,33.4263281563,13.9298081412
678,30.0,20.0,100.0,0.0,35.0087135989,2.56119458072,-7.05931459818,8.48904527751,8.50274482281,8.84430107564
679,30.0,30.0,100.0,0.0,57.136602256,17.4240005037,22.0990228684,28.4009713155,25.0628452757,11.6011513067
680,30.0,40.0,100.0,0.0,53.5875150305,31.9749835882,-8.44293166323,28.210128272,21.5883781478,21.8439554632
681,30.0,55.0,100.0,0.0,47.4780240446,-7.63377209938,3.20667200512,14.515744541,16.3868783924,12.3669070821
682,30.0,70.0,100.0,0.0,34.9169446419,1.67007549684,-4.12937442647,8.3425754957,8.45693588112,8.00957594435
683,30.0,85.0,100.0,0.0,58.0478456585,17.5501827477,16.8066387231,29.4519746154,26.011375312,14.052961727
684,30.0,100.0,100.0,0.0,52.8008655683,30.4275851434,0.538909077226,26.9696859208,20.8644883132,16.9818174835
685,40.0,0.0,100.0,0.0,47.3986592156,-6.56028776954,-1.27353600912,14.63582148,16.3254910162,13.9465653887
686,40.0,10.0,100.0,0.0,43.7840243186,6.61723888128,-11.727287225,14.2438108177,13.6893072156,15.6056155619
687,40.0,20.0,100.0,0.0,64.1789404497,-15.020630708,-1.46069420342,27.8691060079,33.0222735587,28.1196908579
688,40.0,30.0,100.0,0.0,49.5891100779,27.8135839778,-0.130261900732,23.0988857733,18.0767872794,14.9668422414
689,40.0,40.0,100.0,0.0,76.5687682752,-0.43840423041,16.2560951938,48.8424430579,50.8182244882,30.3786699007
690,40.0,55.0,100.0,0.0,43.0167572996,5.55425808069,-7.20723270346,13.5488886843,13.1689777018,13.3420770869
691,40.0,70.0,100.0,0.0,65.7212136754,-10.7271819771,-20.0109384567,30.7288602547,34.9647523062,42.9699401226
692,40.0,85.0,100.0,0.0,49.0982698595,26.8125972247,3.67972691915,22.4103270661,17.6739804911,13.1950960898
693,40.0,100.0,100.0,0.0,77.9256684033,2.11080319799,-3.82054604765,51.9953391804,53.0858670742,46.9752258179
694,55.0,0.0,100.0,0.0,78.6477722006,-1.92061241989,-1.19738589099,51.6439261594,54.3196822204,45.8132724207
695,55.0,10.0,100.0,0.0,37.3636838466,1.13160007911,4.14174755053,9.52725278772,9.73561609248,6.99617862759
696,55.0,20.0,100.0,0.0,76.5377766434,1.59290706645,-2.05081822256,49.5434453651,50.7672003953,43.524389012
697,55.0,30.0,100.0,0.0,43.5117136402,-0.764959805903,1.97556210538,12.9048353788,13.5030973965,10.5102325594
698,55.0,40.0,100.0,0.0,78.5732612323,-2.61263503696,2.925193071,51.2582928831,54.1914945234,42.3501212779
699,55.0,55.0,100.0,0.0,57.8001215884,-0.0249659620053,2.30284112321,24.825912754,25.7511876944,20.114556882
700,55.0,70.0,100.0,0.0,76.3987377959,0.840394768057,2.07735920512,49.04341459,50.5387095139,40.0896230801
701,55.0,85.0,100.0,0.0,38.9838016672,-9.03163506031,-7.59907311198,9.13942921838,10.6495271574,11.0739548479
702,55.0,100.0,100.0,0.0,39.1764768085,18.9199472357,2.07970417118,13.0565812582,10.7618746735,8.3099477383
703,70.0,0.0,100.0,0.0,50.7521044354,-1.02528202383,23.4425496495,18.179424543,19.0555249736,7.93922010224
704,70.0,10.0,100.0,0.0,66.7471442985,8.8388593289,0.494015590201,37.6694593636,36.2981989266,29.6397648976
705,70.0,20.0,100.0,0.0,49.1260298191,17.1333120194,14.7849830572,20.3839554224,17.6966003657,9.55982430586
706,70.0,30.0,100.0,0.0,57.1201737308,-1.91872375745,-8.94922943449,23.7132952014,25.0459596225,25.3862648128
707,70.0,40.0,100.0,0.0,43.7800703145,1.55552120912,3.01251110503,13.4383865953,13.6865912393,10.3313227461
708,70.0,55.0,100.0,0.0,49.4828006506,-12.3706128909,-21.2982574254,15.1644272749,17.9890309538,24.9271745207
709,70.0,70.0,100.0,0.0,70.1403420147,-2.31934961702,-0.905598944098,38.7517960678,40.9492363953,34.4092436761
710,70.0,85.0,100.0,0.0,58.7367345192,12.0791797597,5.06489260525,28.8004046892,26.744124607,19.5655466018
711,70.0,100.0,100.0,0.0,67.8877111876,17.3483653556,-6.11060388513,41.9747981758,37.819960229,35.3300470725
712,85.0,0.0,100.0,0.0,59.6908731214,-4.23597000432,22.8917141218,25.7596415755,27.7815567121,12.8521086848
713,85.0,10.0,100.0,0.0,35.7628260621,3.30239436767,-4.95819782641,8.95433202473,8.88546110086,8.62250138817
714,85.0,20.0,100.0,0.0,43.8597613682,9.11469206886,14.4141199553,14.7052567738,13.741399815,7.22014460993
715,85.0,30.0,100.0,0.0,66.5266002222,15.4474933769,9.6544457403,39.4460348829,36.0087375091,24.06422047
716,85.0,40.0,100.0,0.0,60.3839837708,-3.69814587975,16.4288846822,26.6149677858,28.5517641485,15.7957850954
717,85.0,55.0,100.0,0.0,36.2652757638,2.50493700062,-1.36642645519,9.11765166577,9.1467281341,7.89555809349
718,85.0,70.0,100.0,0.0,42.2143602431,8.86844328026,12.2231865046,13.526317645,12.6391078443,7.06370842534
719,85.0,85.0,100.0,0.0,53.6439065815,34.6395974784,13.5205712661,28.9580170959,21.6409043347,12.4779174815
720,85.0,100.0,100.0,0.0,64.216938545,2.197791107,4.00340406358,32.5004882331,33.0692451792,24.9840699948
721,100.0,0.0,100.0,0.0,35.9561845546,4.57670120705,-0.328428805003,9.20673756609,8.98540764474,7.49574604753
722,100.0,10.0,100.0,0.0,36.6186776681,-4.65050713163,-1.90618959334,8.45791717292,9.33352772578,8.19684180909
723,100.0,20.0,100.0,0.0,53.1969944425,34.2403000759,19.4974731734,28.3587916866,21.22695633,10.2544183341
724,100.0,30.0,100.0,0.0,65.488438583,5.44060571371,-12.5189909611,35.0066567901,34.6668212497,36.9515024873
725,100.0,40.0,100.0,0.0,37.0146339441,3.80282365501,0.930668513685,9.67224627921,9.54582203427,7.63815672422
726,100.0,55.0,100.0,0.0,35.2466232855,-2.06022681423,-5.83909026351,8.08394061179,8.62227351615,8.6199994792
727,100.0,70.0,100.0,0.0,46.9572472339,3.60620735949,-6.51911025858,16.0388583986,15.9868619171,15.7130709054
728,100.0,85.0,100.0,0.0,58.897893695,-1.7202891505,17.9256319541,25.543702635,26.9175076892,14.1851827129
729,100.0,100.0,100.0,0.0,59.3818901829,-0.266283692768,18.4357167288,26.3978848196,27.4427166548,14.3096782542
730,0.0,0.0,0.0,20.0,59.9122315162,-1.03149667489,18.0650183079,26.7705813896,28.0260122001,14.8100260605
731,0.0,10.0,0.0,20.0,52.2640829279,-9.14531434977,6.84302440875,17.8762125185,20.3799358645,14.04977125
732,0.0,20.0,0.0,20.0,51.2892614164,11.3045246465,11.2170279189,21.1100749269,19.5192585415,11.8710652748
733,0.0,40.0,0.0,20.0,80.4846467466,1.55988894296,-2.83922210871,56.1162438076,57.5440819398,49.9527000246
734,0.0,70.0,0.0,20.0,82.8467453665,-3.04786735365,2.81222241073,58.3941895646,61.874706966,48.5672686591
735,0.0,100.0,0.0,20.0,43.6992248075,-3.42881097576,-5.2467076747,12.6259736315,13.6311377914,13.0561960796
736,10.0,0.0,0.0,20.0,80.2859003362,0.726748387554,1.52398346046,55.4375226524,57.189212907,45.8994352929
737,10.0,10.0,0.0,20.0,45.3409292784,-14.0502334507,2.46747558567,12.1044393519,14.7868982789,11.3665458621
738,10.0,20.0,0.0,20.0,49.836510366,-1.87624511459,-16.0777300314,17.2819932443,18.2821152343,22.4451743824
739,10.0,40.0,0.0,20.0,51.2943382091,-0.15440857844,15.3896656721,18.7965473419,19.5236769005,10.5115531943
740,10.0,70.0,0.0,20.0,57.1615438024,10.2034169236,-5.72670533822,26.6178461812,25.088495332,23.6499564874
741,10.0,100.0,0.0,20.0,58.6058175753,15.218397889,28.8604251799,29.4712039496,26.6038269549,10.2428966036
742,20.0,0.0,0.0,20.0,62.0030509586,2.54366441938,25.1965193514,29.9909936031,30.4061057414,13.4641263034
743,20.0,10.0,0.0,20.0,66.6450639115,-5.58393501073,31.2167646926,33.2584781693,36.1640275888,14.2104754743
744,20.0,20.0,0.0,20.0,55.8839490622,-9.01675280387,-26.6631189513,21.0016950761,23.7969783574,35.2291579017
745,20.0,40.0,0.0,20.0,44.4278180081,-7.94898605145,13.0659716866,12.4212586,14.1363330981,7.80295374457
746,20.0,70.0,0.0,20.0,68.9356454947,0.552104077836,-12.4011517093,38.0250308231,39.2550927104,41.3346633543
747,20.0,100.0,0.0,20.0,55.7619773601,-26.381160338,14.1555751042,17.473210061,23.6760486189,13.5680506773
748,40.0,0.0,0.0,20.0,54.1897506609,-13.3406051686,-11.9410767627,18.6595637351,22.1537439178,24.2416037827
749,40.0,10.0,0.0,20.0,42.3888983049,-6.61964518808,9.87312729431,11.3527123343,12.7531325982,7.72038706219
750,40.0,20.0,0.0,20.0,67.1097598777,-2.36021896496,5.5882528304,34.7680113054,36.7774924451,26.9316412628
751,40.0,40.0,0.0,20.0,56.6223408826,-25.7484079043,6.90266423533,18.2899071447,24.5378644708,17.0790738162
752,40.0,70.0,0.0,20.0,35.6613874964,-0.717119107259,-3.80597182224,8.43590811433,8.83332542723,8.26319844445
753,40.0,100.0,0.0,20.0,62.8125897195,0.62462061222,20.0478338422,30.4100018728,31.3626554744,16.0305721014
754,70.0,0.0,0.0,20.0,57.3400170883,14.0883351544,0.449665060193,27.7758471124,25.2725493208,20.6308251241
755,70.0,10.0,0.0,20.0,37.1961950404,-5.99619068444,0.330585157455,8.5892109247,9.64423404658,7.87176604575
756,70.0,20.0,0.0,20.0,35.3790811537,0.900093466068,-7.15606845449,8.48164071118,8.68930480974,9.05125285335
757,70.0,40.0,0.0,20.0,61.6208696542,0.0493652417218,27.5686779182,28.9044018856,29.9613615225,12.3746651545
758,70.0,70.0,0.0,20.0,58.6588461756,16.1944175118,-12.4537986686,29.7885589192,26.6605959873,29.020250297
759,70.0,100.0,0.0,20.0,38.3355998049,-6.86777367276,1.94328014371,9.06385315449,10.2773093468,7.96302398999
760,100.0,0.0,0.0,20.0,82.4311141439,-0.821965115777,0.179350440911,58.5742666591,61.0974711644,50.2521459951
761,100.0,10.0,0.0,20.0,51.883107,12.304568532,0.386468936272,21.8670545618,20.0406206536,16.3723454547
762,100.0,20.0,0.0,20.0,83.7459674102,1.44855665014,2.37343902973,61.9305022737,63.5787628182,50.3170010385
763,100.0,40.0,0.0,20.0,60.1082456418,-0.10473284025,3.50846696005,27.2091744828,28.2436724326,21.4842765208
764,100.0,70.0,0.0,20.0,53.2936674289,-7.40434846682,-5.76768633316,19.0638656559,21.316047258,20.2601789036
765,100.0,100.0,0.0,20.0,69.4261262316,20.9171436453,-2.37695359173,45.4564043481,39.9390905772,34.5752758505
766,0.0,0.0,10.0,20.0,37.098082482,0.0271282193471,2.33468415054,9.25182027529,9.59097029058,7.32342388879
767,0.0,10.0,10.0,20.0,68.7502758007,19.7505474001,-3.27271500598,44.0416213065,38.9986337822,34.3888335026
768,0.0,20.0,10.0,20.0,52.0458847454,13.3062971686,1.542626858,22.2355887348,20.1851335892,16.0064721178
769,0.0,40.0,10.0,20.0,51.8978121189,12.4700398545,0.978928264654,21.9163305549,20.0536473211,16.1347238965
770,0.0,70.0,10.0,20.0,52.6915035188,-15.8075917373,-19.289486799,16.9847886704,20.7651512724,26.9426010167
771,0.0,100.0,10.0,20.0,58.6170651656,14.8881348762,-8.98423918148,29.3972939646,26.6158611663,26.8905413737
772,10.0,0.0,10.0,20.0,59.958920405,-4.54027588352,19.6613481661,25.9644246043,28.0777551782,14.2210456163
773,10.0,10.0,10.0,20.0,46.3892187344,-11.8844504082,0.447614280212,13.1001102716,15.5580324875,12.6774167146
774,10.0,20.0,10.0,20.0,70.9069916467,13.2650332529,38.8673440324,45.0131158805,42.0523414957,14.0949242492
775,10.0,40.0,10.0,20.0,50.298609859,-16.8329277904,-17.8258530514,15.0055388282,18.6697842456,23.7936357129
776,10.0,70.0,10.0,20.0,47.0587659539,28.9972686314,8.87568674972,20.9963420757,16.0643232551,10.2663308762
777,10.0,100.0,10.0,20.0,81.7556376706,-3.37000252113,-3.29025722962,56.3377444017,59.8482521308,52.3298886755
778,20.0,0.0,10.0,20.0,48.1280950107,13.7456235832,-8.63366525436,18.8456904752,16.89550002,17.4678978615
779,20.0,10.0,10.0,20.0,69.260245783,-7.39430215941,-16.4464719818,36.0241729453,39.7068808926,45.0348844445
780,20.0,20.0,10.0,20.0,57.8711782084,29.6303252265,5.20519261762,32.5229433897,25.8256410146,18.8015842624
781,20.0,40.0,10.0,20.0,78.7782568821,-7.45967587835,40.5236301053,49.7682016743,54.5446530475,19.1398495661
782,20.0,70.0,10.0,20.0,46.9881543442,11.7287922977,4.36220031707,17.5273180886,16.010418394,11.6814849863
783,20.0,100.0,10.0,20.0,66.1379496384,-13.616766401,21.6886711417,30.4346864128,35.5023911994,17.7904137192
784,40.0,0.0,10.0,20.0,56.021553694,28.9084580557,22.1838739993,30.145961292,23.9339010033,10.9422684381
785,40.0,10.0,10.0,20.0,68.3758329585,9.13846143064,29.241107184,39.9782391215,38.4840040756,16.1965981355
786,40.0,20.0,10.0,20.0,51.681519486,24.4269989463,-2.46711088008,24.3787504005,19.8626108141,17.4503359086
787,40.0,40.0,10.0,20.0,57.4193587193,-8.39705667117,11.548798403,22.5543456375,25.3546601001,15.7008718516
788,40.0,70.0,10.0,20.0,44.8364586913,4.14576798113,-13.3236907956,14.5802627015,14.4250660179,17.0383395509
789,40.0,100.0,10.0,20.0,67.3464520545,8.66461594948,38.1352542263,38.4191922904,37.0926092079,12.1334794943
790,70.0,0.0,10.0,20.0,52.3784202331,26.1697808433,-11.416138565,25.4933566875,20.4825121498,22.3005215823
791,70.0,10.0,10.0,20.0,57.083451392,-9.20751036963,17.4700628916,22.0619570174,25.0082429022,13.1867906527
792,70.0,20.0,10.0,20.0,45.8435943821,7.20959528795,-22.4078909423,15.8303382561,15.1534039843,22.1584489655
793,70.0,40.0,10.0,20.0,69.2423503978,20.8346485746,-1.37817302289,45.1505835317,39.6818837516,33.671452374
794,70.0,70.0,10.0,20.0,80.6650150436,-0.979459791018,26.4426714222,55.4086884007,57.8674041441,28.4354152195
795,70.0,100.0,10.0,20.0,70.8609039131,-11.7941533461,-15.100664083,36.7795340536,41.9854745107,46.2137885913
796,100.0,0.0,10.0,20.0,70.0640155903,-10.6020279652,-15.5355514394,36.1012965607,40.8404810739,45.4285681029
797,100.0,10.0,10.0,20.0,67.8299768097,18.6292300461,16.7569878897,42.3186830371,37.7419270074,21.5170001575
798,100.0,20.0,10.0,20.0,67.3182229718,17.4536442879,15.5321859211,41.1988892469,37.054932653,21.6904731681
799,100.0,40.0,10.0,20.0,82.9241861177,1.6546356328,1.15361084668,60.5047911961,62.0202467725,50.1418368632
800,100.0,70.0,10.0,20.0,61.0875303312,0.0490995753032,2.5595618105,28.3126916799,29.3479945167,22.8429327786
801,100.0,100.0,10.0,20.0,60.7556839779,1.58396119836,3.144786541,28.3394064179,28.9706120584,22.2398541295
802,0.0,0.0,20.0,20.0,59.9387509486,0.837051913442,2.30072476107,27.2617778735,28.0553945643,21.9496275613
803,0.0,10.0,20.0,20.0,40.10588766,-0.66049656795,-3.34193953748,10.8217697546,11.3149163007,10.3374117307
804,0.0,20.0,20.0,20.0,56.5986479087,-14.6389102038,-17.261253952,20.4738780271,24.513855936,29.8013317193
805,0.0,40.0,20.0,20.0,43.587135066,15.876196746,4.64469563719,15.6472583762,13.5545014324,9.73456148526
806,0.0,70.0,20.0,20.0,67.138167576,-4.71420906762,-4.28335250569,34.1180507171,36.8152180165,33.1817233094
807,0.0,100.0,20.0,20.0,48.0260424757,33.3229835226,15.0271511386,22.8259368929,16.8149665433,8.94443602327
808,10.0,0.0,20.0,20.0,50.7533905358,21.7116730814,13.5184068823,22.8579438913,19.0566264126,10.8084183231
809,10.0,10.0,20.0,20.0,50.0346098508,-18.2038755195,-13.4943679735,14.5894900118,18.4476428119,21.3003454527
810,10.0,20.0,20.0,20.0,35.7035129875,-0.245129327517,-1.32498244131,8.51064636668,8.85495154078,7.63691514775
811,10.0,40.0,20.0,20.0,40.3926986997,-3.53866858575,-1.01821634632,10.6022476964,11.4893290512,9.78085931269
812,10.0,70.0,20.0,20.0,51.7798253398,27.5833767258,15.1394701612,25.2163450563,19.9492865459,10.8559418052
813,10.0,100.0,20.0,20.0,59.7884644422,-16.7842347462,-28.2698786004,22.9574503265,27.8891549963,41.411001871
814,20.0,0.0,20.0,20.0,36.0068237606,0.57565086606,-2.65380984921,8.75706749272,9.01170620017,8.11553130645
815,20.0,10.0,20.0,20.0,40.9488619968,-5.4130007891,5.9952949176,10.671836459,11.8326272174,8.08173041893
816,20.0,20.0,20.0,20.0,51.9552532729,28.9848315309,10.2077539179,25.7302817767,20.1045861976,12.6194456369
817,20.0,40.0,20.0,20.0,58.7628261819,-21.9909327864,-9.82787828084,20.8835368099,26.7721446559,27.5374443871
818,20.0,70.0,20.0,20.0,38.7370313281,-11.1115538589,0.247357746192,8.76653132231,10.506782725,8.60120659265
819,20.0,100.0,20.0,20.0,50.5279784409,23.2194663718,7.32417855773,22.9769721267,18.8642269677,12.769676926
820,40.0,0.0,20.0,20.0,70.2861619694,-7.33611221567,7.5119602593,37.3855472887,41.1575474912,29.0704384799
821,40.0,10.0,20.0,20.0,43.9880329358,1.47655740452,-4.46610560327,13.5659140516,13.8299272651,12.9541186143
822,40.0,20.0,20.0,20.0,37.0348458453,-7.97177364206,-6.38505984899,8.2846547176,9.55674427017,9.6551996163
823,40.0,40.0,20.0,20.0,50.3919622025,21.9683895089,12.1136133138,22.5708102072,18.7487598076,11.0598659767
824,40.0,70.0,20.0,20.0,72.2233685172,-4.15959624936,-11.761659173,41.0447036841,43.9923275105,45.3862875751
825,40.0,100.0,20.0,20.0,44.2700602682,-0.162064281363,-1.07817377024,13.4998232937,14.0259055345,11.9368167609
826,70.0,0.0,20.0,20.0,72.2587493029,0.431628177374,2.4475709098,42.6174011574,44.0452763187,34.6163964576
827,70.0,10.0,20.0,20.0,45.4371087822,23.3625140642,9.82125450124,18.4620974641,14.8565627421,9.15491242662
828,70.0,20.0,20.0,20.0,61.993341721,-9.45301658466,-10.4745584263,26.9059311273,30.3947529793,31.4077094289
829,70.0,40.0,20.0,20.0,41.04855323,6.28632544957,0.176235410286,12.3725527001,11.8948765046,9.76185644067
830,70.0,70.0,20.0,20.0,52.4362932007,-18.6205289574,-22.3834523911,16.2832926468,20.5345631028,28.5303738642
831,70.0,100.0,20.0,20.0,48.7817940394,33.4213629389,12.3776407624,23.5770237776,17.4174649534,10.1033401532
832,100.0,0.0,20.0,20.0,66.6466054631,-5.72412838138,0.489537031442,33.2204915492,36.1660512942,29.5342778233
833,100.0,10.0,20.0,20.0,44.2706940571,16.0126933796,2.00928025687,16.1839222953,14.0263480207,10.9147696275
834,100.0,20.0,20.0,20.0,56.5215863276,-15.9749553226,-12.456887196,20.1322866367,24.4358763019,26.8084224055
835,100.0,40.0,20.0,20.0,40.0400447979,-0.196894424278,-6.10999554922,10.8459907675,11.2751272939,11.1820275189
836,100.0,70.0,20.0,20.0,71.4416697391,-0.881025329476,13.3747458354,41.014977595,42.8332825991,26.7456777756
837,100.0,100.0,20.0,20.0,45.8689043178,24.9215368134,2.15346075764,19.1272772295,15.1720165181,11.7755344139
838,0.0,0.0,40.0,20.0,61.5096744586,-11.5498960909,-0.28130153874,25.8860153086,29.8327831202,24.7709360328
839,0.0,10.0,40.0,20.0,41.936252253,8.05147871129,-7.14787996068,13.2139057673,12.4588290684,12.6483133216
840,0.0,20.0,40.0,20.0,51.3349263719,-21.4747411425,-12.8712956176,14.9762765113,19.5590249659,22.1230333928
841,0.0,40.0,40.0,20.0,69.2413283804,-3.89521921847,9.44550653988,37.0595845001,39.680456465,26.8249186527
842,0.0,70.0,40.0,20.0,66.3769528034,0.204712827678,7.99189590162,34.5942854877,35.8132060363,24.8368409988
843,0.0,100.0,40.0,20.0,64.3129929938,13.746153314,34.388410884,35.9690074499,33.1881821499,11.6291841495
844,10.0,0.0,40.0,20.0,63.254481014,1.63319837941,-16.5643390958,31.1976405656,31.8931570563,37.0920064401
845,10.0,10.0,40.0,20.0,37.9519853956,0.997293736068,2.11367592256,9.82729496003,10.0611662536,7.74837866192
846,10.0,20.0,40.0,20.0,39.5265780597,8.53157374973,3.10629404282,11.7482596957,10.96803335,8.1971438525
847,10.0,40.0,40.0,20.0,65.1786650714,14.2971075029,26.6336914266,37.2682021188,34.2729705987,15.0123340327
848,10.0,70.0,40.0,20.0,61.8791135053,-1.49620291195,-0.179491479819,28.7924830284,30.2614009839,25.0690865035
849,10.0,100.0,40.0,20.0,37.22421719,1.58932352902,0.919839536158,9.50952894213,9.65948295048,7.73280752452
850,20.0,0.0,40.0,20.0,41.8130955417,8.71031765367,9.25512087835,13.2335984103,12.3795455987,7.62518574512
851,20.0,10.0,40.0,20.0,55.8840511714,39.5955317532,17.9740849206,32.9169978241,23.7970797664,12.2713755477
852,20.0,20.0,40.0,20.0,39.6627956634,-8.41387416107,2.57064431833,9.57239373085,11.0489517556,8.40340644233
853,20.0,40.0,40.0,20.0,49.8390810641,17.7941158086,4.64225960538,21.1603035596,18.2842568864,13.3101928701
854,20.0,70.0,40.0,20.0,79.7469834423,3.60216041672,21.1420942401,55.6588297832,56.2343051055,30.7576865543
855,20.0,100.0,40.0,20.0,55.4466975904,39.9090627868,23.7315004139,32.4748584054,23.3653618527,10.1453170875
856,40.0,0.0,40.0,20.0,38.4928096758,-5.95221163418,-3.95196943978,9.25575140663,10.366774101,9.67909672554
857,40.0,10.0,40.0,20.0,48.897543706,16.7787859436,9.56275776657,20.1101998133,17.5109944781,11.0515280354
858,40.0,20.0,40.0,20.0,81.0623566986,5.67537465653,0.670041389511,58.8225761668,58.5839334771,47.7595806312
859,40.0,40.0,40.0,20.0,46.789390817,-20.3333802442,5.65220324107,12.0986704558,15.8593301824,11.1411304321
860,40.0,70.0,40.0,20.0,44.7958388221,5.27153452463,-15.4226822774,14.7369313389,14.3961909076,17.9307911053
861,40.0,100.0,40.0,20.0,54.9125821028,-7.12378012245,20.8601018865,20.5249059661,22.8452508171,10.7540253907
862,70.0,0.0,40.0,20.0,50.5854863067,19.3732240495,-6.08869387474,22.1860440485,18.9131889,18.2223211715
863,70.0,10.0,40.0,20.0,63.7517350745,6.27493192735,36.836848321,33.0845310799,32.4972381659,10.5212977742
864,70.0,20.0,40.0,20.0,53.0946272059,-14.0366257365,-24.8462922259,17.6306658286,21.1328887236,30.7808012498
865,70.0,40.0,40.0,20.0,60.1882021836,4.49208504281,20.7886959264,28.4577480072,28.3327812921,13.942291947
866,70.0,70.0,40.0,20.0,63.4226821924,0.35326772954,-11.0553255378,31.0465740364,32.0966481226,33.4291089371
867,70.0,100.0,40.0,20.0,50.8365967485,-13.8301263259,4.48763781481,15.914068439,19.1279759109,14.0095831867
868,100.0,0.0,40.0,20.0,73.8551057698,15.5889179542,3.77542546631,50.4518574841,46.4787362921,35.6138634223
869,100.0,10.0,40.0,20.0,48.0776933726,-16.8403566541,-6.26782588915,13.4583589363,16.8556941394,16.4116343223
870,100.0,20.0,40.0,20.0,44.8304057977,3.92134129781,-10.144959536,14.5391641543,14.4207608017,15.6962317883
871,100.0,40.0,40.0,20.0,56.219268277,-5.48059398922,5.59466726219,22.0623875341,24.1315536563,17.3459505583
872,100.0,70.0,40.0,20.0,50.5510481712,19.1390589966,-0.33900568993,22.103030352,18.8838582672,15.7196691438
873,100.0,100.0,40.0,20.0,64.9869062022,7.05972997762,18.7171701036,34.8471240156,34.0306667733,18.233253165
874,0.0,0.0,70.0,20.0,57.4134045185,10.4909174124,20.0946224252,26.9560704563,25.3484919246,12.4516170573
875,0.0,10.0,70.0,20.0,50.8119668677,-15.4180990228,-22.1407430734,15.6209757804,19.1068372145,26.7147573155
876,0.0,20.0,70.0,20.0,52.3051557193,-18.0968879852,10.156778851,16.2759393573,20.4167442954,12.8524453978
877,0.0,40.0,70.0,20.0,61.0887732404,20.3238724599,-9.56174713015,33.8188211423,29.3494141036,29.8277584814
878,0.0,70.0,70.0,20.0,65.0496178556,-4.98035244347,32.0339632642,31.5051548946,34.1097822419,12.886882652
879,0.0,100.0,70.0,20.0,50.7789625231,-0.236581591687,-24.8086818039,18.3520231757,19.0785355251,28.2676395146
880,10.0,0.0,70.0,20.0,53.1492105523,-16.9873064294,4.02497220163,17.1293939824,21.1830119525,15.7670930417
881,10.0,10.0,70.0,20.0,59.5898558668,18.4983488617,3.74824276224,31.4901291927,27.6704730628,20.9172689681
882,10.0,20.0,70.0,20.0,66.0252262394,-4.34841456498,23.8745238033,32.8514830345,35.3564247883,16.7520461074
883,10.0,40.0,70.0,20.0,49.2446554096,-3.81259731523,-12.557777405,16.469751526,17.793478485,20.1676425157
884,10.0,70.0,70.0,20.0,51.5818196329,-0.0160991529525,-10.199786436,19.0657496904,19.7749627958,20.987282724
885,10.0,100.0,70.0,20.0,65.1979193357,4.69475010366,24.9072416824,34.4216389017,34.2973633636,15.722529117
886,20.0,0.0,70.0,20.0,37.8623036617,6.07411714423,1.60481579906,10.4313370287,10.01107706,7.83931119143
887,20.0,10.0,70.0,20.0,54.5747187513,-13.0368748527,7.37735407003,19.0421275984,22.5202652079,15.4026035872
888,20.0,20.0,70.0,20.0,50.9503010433,3.91589710072,-21.863312586,19.3043227593,19.2257652332,26.6920491783
889,20.0,40.0,70.0,20.0,64.6840102787,4.24744556501,33.454832764,33.6522904287,33.6502628102,12.164540783
890,20.0,70.0,70.0,20.0,36.8057812289,6.4945994102,-1.94355270095,9.89774616747,9.43344775806,8.2927731787
891,20.0,100.0,70.0,20.0,53.8497077677,-14.3030314585,12.5451606232,18.1935029776,21.8333216447,12.9511009577
892,40.0,0.0,70.0,20.0,61.2724271739,16.6102094633,-0.951295224332,32.9849912672,29.5596776715,24.9160202674
893,40.0,10.0,70.0,20.0,54.7170092919,6.34519126781,23.057040657,23.2407971286,22.6567539858,9.96775385735
894,40.0,20.0,70.0,20.0,53.6765020768,4.41059081938,-10.6522117786,21.8318256671,21.6713043896,23.0719331998
895,40.0,40.0,70.0,20.0,47.564189644,-8.05588261033,9.0402984639,14.5074441246,16.453700071,10.4859028412
896,40.0,70.0,70.0,20.0,46.0363603229,-7.33906431018,-20.9150164043,13.568007478,15.2955451995,21.5659406773
897,40.0,100.0,70.0,20.0,59.2993960879,14.1711386739,23.6625326496,29.9840328301,27.3527194877,12.3410182325
898,70.0,0.0,70.0,20.0,57.2950034383,9.42695187167,-2.52313274188,26.5685234934,25.2260435391,22.0859147633
899,70.0,10.0,70.0,20.0,52.4080695394,0.129610451427,10.5775105026,19.8029927964,20.5091677367,12.7654691556
900,70.0,20.0,70.0,20.0,49.7580314442,-3.44006695,-13.1914164565,16.9345248293,18.2168147913,20.9114383791
901,70.0,40.0,70.0,20.0,45.0322832395,-12.8981652659,-1.00078602227,12.0785949622,14.5648120413,12.3636468695
902,70.0,70.0,70.0,20.0,44.9687646261,0.45683128337,-18.9937888809,14.0741227551,14.5193848939,19.7180518478
903,70.0,100.0,70.0,20.0,72.0194863301,-5.63548045196,-6.28671811156,40.2786295944,43.6880360174,40.7152210601
904,100.0,0.0,70.0,20.0,49.3125465524,17.3854717029,7.16482194839,20.601557108,17.849081984,12.091285978
905,100.0,10.0,70.0,20.0,53.813762162,-30.300996458,10.3932187328,15.2890944559,21.7996318188,13.7184461787
906,100.0,20.0,70.0,20.0,56.4669818045,38.6128281472,21.0988283172,33.3512472992,24.3807214839,11.5495830611
907,100.0,40.0,70.0,20.0,65.4391137812,-0.83002465194,16.6680988003,33.132255832,34.6039080572,19.5430896924
908,100.0,70.0,70.0,20.0,52.0912052846,22.4896347953,2.51504750399,24.3391043913,20.2254921161,15.6384220779
909,100.0,100.0,70.0,20.0,77.8194303695,-7.63753849067,52.6383298157,48.1806381774,52.9059366587,13.4005875708
910,0.0,0.0,100.0,20.0,48.0190140416,11.0366096081,1.15576303596,18.2329938772,16.8094295818,13.4384003878
911,0.0,10.0,100.0,20.0,64.9404621602,-13.790360365,31.5820760323,29.0260722437,33.9721530367,12.9817635859
912,0.0,20.0,100.0,20.0,57.2039650091,27.8116921815,17.6511171732,31.2245562197,25.1321617752,13.1965351049
913,0.0,40.0,100.0,20.0,80.2755606107,-6.12700286671,18.2132475931,52.7235347791,57.1707909804,33.2857279638
914,0.0,70.0,100.0,20.0,49.4940208123,15.538237022,-17.9137994439,20.3821267819,17.9982795391,23.0986239516
915,0.0,100.0,100.0,20.0,67.571447877,-11.0502403237,2.87840010572,32.8410200991,37.3938181339,29.041442129
916,10.0,0.0,100.0,20.0,59.2835159632,30.7007270047,-5.74947551481,34.5711711104,27.3354176358,25.6864759587
917,10.0,10.0,100.0,20.0,71.5596529037,13.5579250372,34.6156559134,46.1032189727,43.0068987262,16.2446340156
918,10.0,20.0,100.0,20.0,56.1849418648,9.43143613987,-2.97729799106,25.4145699994,24.0971602312,21.3440059249
919,10.0,40.0,100.0,20.0,38.8947086436,-3.05550177097,3.13352252553,9.82864153345,10.5978430983,7.90424994099
920,10.0,70.0,100.0,20.0,64.617176978,28.4888176765,11.6914918404,40.9999027454,33.5667110971,21.2785238562
921,10.0,100.0,100.0,20.0,70.2283698085,13.8958770932,44.1954984573,44.2190618019,41.0749041984,11.7610202164
922,20.0,0.0,100.0,20.0,57.1240545023,12.1654339044,-15.6478852104,27.061909176,25.049947693,29.3594399694
923,20.0,10.0,100.0,20.0,39.1185620301,-3.70833786518,4.40841902165,9.86808909514,10.7280223338,7.67613724007
924,20.0,20.0,100.0,20.0,66.0009860505,29.1760949294,-2.4068113325,43.2148056566,35.3250883371,30.660930917
925,20.0,40.0,100.0,20.0,43.058504862,3.20868167848,-3.38753460909,13.2130597773,13.1969440829,12.0121729252
926,20.0,70.0,100.0,20.0,75.3599671863,-10.4709472915,-4.6537617103,43.4501712886,48.8532923271,43.9884011699
927,20.0,100.0,100.0,20.0,49.0649589746,6.27006710637,5.55319930925,18.1838325649,17.6468629628,12.5034520886
928,40.0,0.0,100.0,20.0,61.7689240316,-23.1155108068,-22.8490553454,23.4510438338,30.1331340317,39.8625643785
929,40.0,10.0,100.0,20.0,57.1305395124,27.6273660265,20.4559158672,31.0881200491,25.0566129513,12.1561464906
930,40.0,20.0,100.0,20.0,48.8858780754,-13.8526172482,-18.0429641901,14.491116473,17.5015531312,22.6151044615
931,40.0,40.0,100.0,20.0,44.0537046613,1.47321789497,0.00216556087476,13.6097392754,13.8753978261,11.4479362759
932,40.0,70.0,100.0,20.0,58.007258213,-3.23935553905,-6.65115025779,24.2862808488,25.9686263286,24.9551771356
933,40.0,100.0,100.0,20.0,49.9310063705,17.4843252616,10.1759677164,21.1785035534,18.360949956,11.434499934
934,70.0,0.0,100.0,20.0,66.4646707974,8.18686198124,4.91783168496,37.0943779533,35.9277335401,26.6732551717
935,70.0,10.0,100.0,20.0,42.8759062348,-3.43449236568,-9.77691361901,12.1030819897,13.0749141883,14.2152159351
936,70.0,20.0,100.0,20.0,52.7449781044,-10.3054810737,-7.99846523512,18.0484399267,20.8136844586,20.8901108646
937,70.0,40.0,100.0,20.0,47.7355554417,10.6408837126,-0.467420305741,17.9264244083,16.5871341532,13.8615093513
938,70.0,70.0,100.0,20.0,61.5546827337,1.31726862551,3.67912845143,29.1597829461,29.8847831561,22.6781823404
939,70.0,100.0,100.0,20.0,53.0203594835,26.723214272,9.76560261618,26.2929160049,21.0648166383,13.4432621189
940,100.0,0.0,100.0,20.0,51.2558417376,-23.3495939466,-4.89553432502,14.6089183691,19.4901898577,18.205425746
941,100.0,10.0,100.0,20.0,42.0301431148,9.47227211128,-10.0383696917,13.4966289652,12.5194992132,13.7615283288
942,100.0,20.0,100.0,20.0,60.9220005454,-12.7595080807,8.71171885874,24.9953126803,29.1593436469,19.6229157482
943,100.0,40.0,100.0,20.0,46.8113340294,25.7338418692,-1.44396188495,20.1026261791,15.8759632288,13.6303295365
944,100.0,70.0,100.0,20.0,71.3440652139,-1.82839623739,23.1011304651,40.568931121,42.6900079794,21.3731580755
945,100.0,100.0,100.0,20.0,40.9220718506,3.9903911532,-15.2891648717,11.9590794835,11.8159359946,15.0525643468
946,0.0,0.0,0.0,40.0,54.6327169052,-20.4552708591,11.740683635,17.6700310401,22.575832166,13.7426074979
947,0.0,20.0,0.0,40.0,44.8210393462,18.8103623572,-7.79559171385,17.1111866708,14.4141004536,14.7476198229
948,0.0,40.0,0.0,40.0,64.7388026139,-8.71018049945,27.7366895859,30.1341593334,33.7188648365,14.2847062869
949,0.0,70.0,0.0,40.0,49.5849693765,35.0501246503,1.88937796302,24.7475443035,18.0733638824,14.1773349288
950,0.0,100.0,0.0,40.0,61.4454302413,-18.5438243137,-6.02174050805,24.1745970696,29.758663508,28.0280631659
951,20.0,0.0,0.0,40.0,37.2746904867,8.8299506131,2.41134964869,10.4606590896,9.68698970217,7.3796742427
952,20.0,20.0,0.0,40.0,73.8055551087,-4.04467631731,11.4482531082,43.35713718,46.4018864914,30.4064501528
953,20.0,40.0,0.0,40.0,45.701582706,6.31924734115,-1.50063893504,15.5711387069,15.0492530589,12.9501315244
954,20.0,70.0,0.0,40.0,62.7077141886,-13.6575727681,-24.0792542248,26.6288651764,31.2376196062,42.073078593
955,20.0,100.0,0.0,40.0,37.6983222029,8.66442363027,3.61353969189,10.6807047373,9.91992027102,7.26350920776
956,40.0,0.0,0.0,40.0,75.0490740052,-1.12542328046,-7.92700142884,46.2297187782,48.3562519915,46.2535944608
957,40.0,20.0,0.0,40.0,45.2908009911,4.41505061709,1.71989744052,14.9491324171,14.7506759893,11.586208816
958,40.0,40.0,0.0,40.0,49.4670055123,34.8573073588,-0.773531919442,24.5840472146,17.9760166647,15.1391237396
959,40.0,70.0,0.0,40.0,63.3626231489,-8.80839153512,34.4015499358,28.5559243795,32.0238891858,11.0842841456
960,40.0,100.0,0.0,40.0,44.3858017666,18.4857640883,-10.1050521703,16.7122711006,14.106866072,15.3683916528
961,70.0,0.0,0.0,40.0,53.7274084438,-21.8508105737,16.1665145045,16.6994998192,21.7188389336,11.6194289457
962,70.0,20.0,0.0,40.0,40.6117976037,3.15786541268,-18.1086064148,11.6495674279,11.6237662618,15.980476903
963,70.0,40.0,0.0,40.0,69.7445343619,-2.35857184822,35.128342301,38.2044934432,40.3873512089,14.7663244555
964,70.0,70.0,0.0,40.0,47.0693873479,25.8247484564,-3.99614079586,20.348374732,16.0724420747,14.7778838015
965,70.0,100.0,0.0,40.0,59.6255666061,-14.0513122883,18.0911337186,23.411749725,27.709708484,14.6060394109
966,100.0,0.0,0.0,40.0,42.2568595777,9.77954936659,-12.6601432968,13.697964556,12.6668095617,14.9224952612
967,100.0,20.0,0.0,40.0,50.5880003612,-25.9779126921,3.55128660185,13.7220199384,18.915331285,14.2031537106
968,100.0,40.0,0.0,40.0,49.3213422658,34.4511741657,3.43744269097,24.3442981437,17.8562942225,13.4250111426
969,100.0,70.0,0.0,40.0,65.7530863237,-7.57335542258,14.6839986119,31.625847494,35.0056787892,20.7642104197
970,100.0,100.0,0.0,40.0,44.6905592649,18.0741055025,-6.24965882361,16.8750129055,14.3215311172,14.0630391149
971,0.0,0.0,20.0,40.0,55.522536764,-18.7657443861,0.257431234952,18.7215003785,23.4398463877,19.2194534999
972,0.0,20.0,20.0,40.0,41.1556164671,2.5957487875,-13.6894559594,11.9033405961,11.9619717452,14.581021891
973,0.0,40.0,20.0,40.0,65.5956327117,7.65980930075,9.941329689,35.8020572651,34.8038089095,23.0490162346
974,0.0,70.0,20.0,40.0,49.8938946933,17.8272086844,4.81316561621,21.21705207,18.3299620095,13.2821920345
975,0.0,100.0,20.0,40.0,57.2616867255,-4.21200907782,-1.48728840983,23.3330658625,25.191659195,21.5286651721
976,20.0,0.0,20.0,40.0,44.6556864305,3.22780648146,-5.78771505507,14.303346065,14.2968578169,13.8653441423
977,20.0,20.0,20.0,40.0,48.1648340966,-14.5148556023,-13.2021707991,13.8832456227,16.9245550345,19.5843524228
978,20.0,40.0,20.0,40.0,52.3822301045,25.6691132292,16.4292630741,25.3781220666,20.4859360408,10.7757264999
979,20.0,70.0,20.0,40.0,62.3758629681,2.46063923007,-0.559932739865,30.3975590709,30.8441665471,25.7673388519
980,20.0,100.0,20.0,40.0,47.3702669552,10.2461771514,5.59147873585,17.5578609868,16.3035673644,11.4907449101
981,40.0,0.0,20.0,40.0,52.9613817131,-9.00007240349,-11.9862446237,18.4754821648,21.0108632263,23.125462789
982,40.0,20.0,20.0,40.0,42.2452155046,-4.34092371863,-4.07900492735,11.5849019289,12.6592157549,11.7703726992
983,40.0,40.0,20.0,40.0,39.3446435001,17.970023028,7.46747752572,13.0222749853,10.8605749043,7.01763171062
984,40.0,70.0,20.0,40.0,67.2864136028,-19.5638182773,-0.0088059998598,30.1681278666,37.0125081734,30.5448095712
985,40.0,100.0,20.0,40.0,49.9065138801,8.027795245,3.71639259387,19.2277629927,18.3404950118,13.6960764881
986,70.0,0.0,20.0,40.0,45.3288274015,0.0484733197724,12.7349308931,14.2583450982,14.7781481382,8.29716797941
987,70.0,20.0,20.0,40.0,39.8971707248,18.127361148,8.78864026507,13.4127737861,11.1891091719,6.92978893659
988,70.0,40.0,20.0,40.0,68.9930871433,-15.0455772763,-19.9771418775,33.4463903806,39.3347907878,47.6205431066
989,70.0,70.0,20.0,40.0,49.0710374483,6.14116100589,7.339046035,18.1642988763,17.6518092203,11.8892407871
990,70.0,100.0,20.0,40.0,43.5570840142,1.23876188741,4.41297698767,13.2406246615,13.5340043083,9.78822119316
991,100.0,0.0,20.0,40.0,54.3081046005,43.0036601105,14.966837806,31.9697129147,22.2659999032,12.3724378926
992,100.0,20.0,20.0,40.0,45.3455534393,-3.05184894394,-19.42674731,13.7740178303,14.7902426438,20.2385494324
993,100.0,40.0,20.0,40.0,67.9774906724,18.7852916827,29.109776494,42.5838278083,37.9415188598,15.9655029948
994,100.0,70.0,20.0,40.0,54.121978797,-19.4189449031,-20.476470981,17.453441171,22.0896340746,29.1440629143
995,100.0,100.0,20.0,40.0,82.3778705214,-3.42549404736,45.419384797,57.4064683632,60.9983777613,19.7587280225
996,0.0,0.0,40.0,40.0,43.7407432207,3.15891693735,-21.8366434343,13.6626196482,13.6595973013,20.0659000801
997,0.0,20.0,40.0,40.0,60.9297068759,-27.2171427965,16.7790760853,21.7537045687,29.1681083976,16.0398770626
998,0.0,40.0,40.0,40.0,48.4270311391,24.0374312457,-11.6904521567,21.1933455621,17.1328806521,19.0858777025
999,0.0,70.0,40.0,40.0,75.1807503129,-11.850694242,39.055221971,42.7223954097,48.5663557996,17.0119043358
1000,0.0,100.0,40.0,40.0,55.6118831034,45.2988649712,1.18680210302,34.2138877582,23.5277997164,18.8584596206
1001,20.0,0.0,40.0,40.0,40.7506175633,20.397909378,9.44686094524,14.3581991644,11.7094853625,7.12461731454
1002,20.0,20.0,40.0,40.0,36.7677169975,-0.226679389147,-9.56624449622,9.04986358177,9.41306259434,10.4833799196
1003,20.0,40.0,40.0,40.0,45.7059144636,9.28566742792,15.8309747301,16.0889186856,15.0524228784,7.6596188253
1004,20.0,70.0,40.0,40.0,38.8517140392,-6.48084554199,-9.41974368701,9.37982066313,10.5729612854,11.5988414213
1005,20.0,100.0,40.0,40.0,52.0155866447,-1.36039591179,24.5880859489,19.1691021991,20.158182704,8.21068600565
1006,40.0,0.0,40.0,40.0,45.783480327,-10.6010842562,-8.4030054038,12.8981719571,15.1092580674,15.6558517714
1007,40.0,20.0,40.0,40.0,49.1717117143,-4.05757543578,-9.14455009248,16.3703212845,17.7338657156,18.5033548533
1008,40.0,40.0,40.0,40.0,52.1380102112,1.60654896179,3.24905854786,19.8660730864,20.2672289397,15.3731415421
1009,40.0,70.0,40.0,40.0,56.7300231022,8.62531812949,1.9927207862,25.7834080939,24.6471784171,19.3823025978
1010,40.0,100.0,40.0,40.0,59.829568938,15.5448519854,14.3614923578,30.9662015847,27.9345573482,16.257153087
1011,70.0,0.0,40.0,40.0,45.014271344,2.66841990714,-21.5523937225,14.4638351315,14.5519207102,21.0018182462
1012,70.0,20.0,40.0,40.0,72.0623571507,-15.1453516085,35.9563329772,37.3384308082,43.7519032728,16.0469253246
1013,70.0,40.0,40.0,40.0,50.7137906146,21.6000687249,-11.0089978166,22.7954432718,19.0227318053,20.647597047
1014,70.0,70.0,40.0,40.0,58.7513371479,-30.4964780509,14.1458076409,19.1488751026,26.7598040784,15.5781528009
1015,70.0,100.0,40.0,40.0,58.1568879369,40.6425298343,1.13328112912,36.0774784582,26.1264570579,20.9889010783
1016,100.0,0.0,40.0,40.0,52.8080261086,-9.62541885011,-12.2264048134,18.2292325998,20.8710034882,23.1126134345
1017,100.0,20.0,40.0,40.0,39.8466579665,0.860245537258,5.95950290167,10.8761598173,11.1588026914,7.60123002633
1018,100.0,40.0,40.0,40.0,61.9807121832,7.00921091078,2.38724862151,31.1664656994,30.3799898144,23.7550063131
1019,100.0,70.0,40.0,40.0,54.3267792294,-20.8476371849,4.67673296638,17.352568111,22.2837469215,16.3399307532
1020,100.0,100.0,40.0,40.0,53.0729344171,-5.35846806537,-25.7141283268,19.2795672661,21.112990474,31.3165020346
1021,0.0,0.0,70.0,40.0,40.353448704,0.460722303613,7.16813438033,11.1190231209,11.4653556117,7.51700745755
1022,0.0,20.0,70.0,40.0,63.1836014838,9.60815477997,-12.6682058323,33.335933443,31.8076646953,34.2493735421
1023,0.0,40.0,70.0,40.0,53.2927142682,-22.5322735372,9.28817562775,16.2443880643,21.3151676392,13.7959378601
1024,0.0,70.0,70.0,40.0,77.4605924382,-8.5162374238,5.65687125098,47.3024289329,52.3011961253,38.766809363
1025,0.0,100.0,70.0,40.0,56.3359609194,-17.6417352993,6.7406316174,19.6341488228,24.2487188129,16.9358116173
1026,20.0,0.0,70.0,40.0,64.2889194175,11.1642933287,-0.441168516195,35.1698338357,33.1583469236,27.6215164657
1027,20.0,20.0,70.0,40.0,47.3410393685,1.29699414008,-2.68561265353,15.9245262977,16.2810192101,14.4491709085
1028,20.0,40.0,70.0,40.0,51.5399543564,33.6580137219,-2.7170081623,26.4278630848,19.7382352465,17.4528927373
1029,20.0,70.0,70.0,40.0,59.079633332,34.228326046,23.9080890086,35.3503675109,27.1139294234,12.1245267095
1030,20.0,100.0,70.0,40.0,71.2000284417,2.77937922231,-3.73600715659,41.877918357,42.4791592008,37.7281321948
1031,40.0,0.0,70.0,40.0,51.1503228178,12.6127063842,7.83431510222,21.259493585,19.3985981623,12.9715434395
1032,40.0,20.0,70.0,40.0,59.270377254,-11.7127468784,-19.4556530233,23.5940630202,27.3211081517,34.2772795253
1033,40.0,40.0,70.0,40.0,45.0211280561,-7.40612364681,-5.00631644232,12.8844002732,14.5568272447,13.8083887217
1034,40.0,70.0,70.0,40.0,49.0922764464,-2.3199699934,0.0989564534307,16.6190655823,17.6690993607,14.5403247318
1035,40.0,100.0,70.0,40.0,41.6368324201,-8.4997368147,6.06015276605,10.6556610857,12.2666605504,8.38021576015
1036,70.0,0.0,70.0,40.0,43.1930112805,6.1937453895,-0.597124858436,13.7688637228,13.2873181708,11.1569932753
1037,70.0,20.0,70.0,40.0,38.8830511939,0.784593312493,1.66604464216,10.3148994946,10.5910928527,8.28525817718
1038,70.0,40.0,70.0,40.0,38.8815244108,15.1491342569,-1.16253384717,12.3023565096,10.5902089814,9.06406726135
1039,70.0,70.0,70.0,40.0,53.6018515507,26.6416984205,4.84455431842,26.8872827766,21.6017239034,15.7510163414
1040,70.0,100.0,70.0,40.0,59.946657367,0.469383673,11.4167927746,27.1787238367,28.0641585002,17.6117749531
1041,100.0,0.0,70.0,40.0,47.8418798235,12.0797772396,-4.86042980996,18.2863491259,16.6702852528,15.6584629677
1042,100.0,20.0,70.0,40.0,51.4759433929,-11.8167802083,-2.00714635565,16.7587895396,19.6821677055,17.0949778399
1043,100.0,40.0,70.0,40.0,43.1401331153,-1.48664701982,-13.7702455576,12.5563251976,13.251740582,15.9891118815
1044,100.0,70.0,70.0,40.0,64.1915221757,6.47793944275,28.6516457269,33.6831872862,33.0378216216,13.5820334026
1045,100.0,100.0,70.0,40.0,50.8423219853,19.6799787541,-2.95113527997,22.4945995524,19.1328918512,17.0307224317
1046,0.0,0.0,100.0,40.0,55.6249465839,-6.42145647121,14.5584393354,21.3129609594,23.5406779292,13.3320089289
1047,0.0,20.0,100.0,40.0,45.5365174998,5.20962664153,-12.7998499258,15.2607808493,14.9287957702,17.3354425534
1048,0.0,40.0,100.0,40.0,48.1639800064,-18.8595721921,1.18806324167,13.2035439846,16.9238792015,13.5188947311
1049,0.0,70.0,100.0,40.0,71.6853176013,3.71544960882,32.2125666298,42.8906126153,43.1923337592,17.3668328802
1050,0.0,100.0,100.0,40.0,57.0570005744,-1.76482992735,-5.71289806061,23.6864158315,24.9810993118,23.5457011421
1051,20.0,0.0,100.0,40.0,60.3591499995,-12.8022525228,13.0529678677,24.4190997343,28.5239251652,17.2060510986
1052,20.0,20.0,100.0,40.0,39.4884431702,13.5435580151,6.69009576468,12.4511116095,10.9454507835,7.26592424226
1053,20.0,40.0,100.0,40.0,70.8763870809,3.51516420551,42.0098153981,41.6595686211,42.0079305525,12.9121334706
1054,20.0,70.0,100.0,40.0,57.6250780384,1.93565021894,-19.6514548357,25.1093957857,25.5683873283,32.4895068011
1055,20.0,100.0,100.0,40.0,59.2216104587,-13.976821919,18.8508152006,23.0384606007,27.2680394718,14.0451886442
1056,40.0,0.0,100.0,40.0,38.1558651002,12.643471384,2.76348816661,11.4946828442,10.1756585512,7.67235378989
1057,40.0,20.0,100.0,40.0,47.0193524574,20.3365098627,1.38773040871,19.2009297193,16.0342201211,12.7294381292
1058,40.0,40.0,100.0,40.0,52.4016055844,14.8546983267,-9.0242560138,22.9128128982,20.5033544834,21.1057039647
1059,40.0,70.0,100.0,40.0,57.4404969681,-0.02964429087,11.2864659339,24.4636388246,25.3765660705,15.823527007
1060,40.0,100.0,100.0,40.0,64.4986881918,-5.63451294163,-5.37364774563,30.6811511334,33.4189223933,30.9025215219
1061,70.0,0.0,100.0,40.0,68.7198640739,-18.951910896,22.7168580006,32.0152096658,38.9566661221,19.3578120669
1062,70.0,20.0,100.0,40.0,50.7831010822,-10.6419571763,-24.5935226391,16.4344887801,19.0820828641,28.1417698464
1063,70.0,40.0,100.0,40.0,52.4935314353,-10.187029314,5.77386529773,17.8662987084,20.5861298402,14.6141008001
1064,70.0,70.0,100.0,40.0,59.5584596434,4.77599385588,-11.9287222164,27.8389593696,27.6360086142,29.6575643413
1065,70.0,100.0,100.0,40.0,62.491156488,8.96434808364,23.1644981688,32.312507246,30.9804852867,14.554324613
1066,100.0,0.0,100.0,40.0,70.2559476513,20.6276443346,2.39439926569,46.6181827916,41.1143269396,32.3113127758
1067,100.0,20.0,100.0,40.0,38.6412327523,9.76551367781,3.09050812021,11.3849067434,10.4517135574,7.80259214452
1068,100.0,40.0,100.0,40.0,39.0808866858,7.76354330457,-3.87348409174,11.3700266858,10.7060385023,9.95919464701
1069,100.0,70.0,100.0,40.0,42.3366342768,0.129406376969,8.33384320756,12.2837423972,12.7189171738,8.09598270812
1070,100.0,100.0,100.0,40.0,43.3088203952,-0.977896976462,-3.45572452969,12.7409167086,13.3654594115,12.1841638097
1071,0.0,0.0,0.0,60.0,46.524699778,-8.9720629046,14.644345677,13.6420046334,15.6596076822,8.33803202675
1072,0.0,20.0,0.0,60.0,53.4247260984,-15.711232615,-3.09764605867,17.5837830204,21.4372245606,19.0970306078
1073,0.0,40.0,0.0,60.0,62.6171367304,8.54584000213,-8.42131924059,32.3472738607,31.1298981711,30.7764060199
1074,0.0,70.0,0.0,60.0,58.9442332714,-13.2744551259,17.5930134614,22.9287594885,26.9675004622,14.3436233348
1075,0.0,100.0,0.0,60.0,52.9207223484,-6.55039836755,-21.1526892205,18.9162850783,20.9737213618,28.2898826334
1076,20.0,0.0,0.0,60.0,70.793080697,3.55334613312,37.1345225176,41.5535549616,41.8872012868,14.6885043013
1077,20.0,20.0,0.0,60.0,51.6582419029,-19.9377976048,-17.4384410416,15.4715356478,19.8421239259,24.8664536514
1078,20.0,40.0,0.0,60.0,41.2961326053,7.55998733968,-2.13331603832,12.7202912014,12.0504137519,10.6010172424
1079,20.0,70.0,0.0,60.0,61.7046778162,-10.2894464315,-4.67183242949,26.3951657925,30.0585152438,27.4875199511
1080,20.0,100.0,0.0,60.0,45.5094841575,25.1771851863,6.75031615155,18.8738494796,14.9091294975,10.0988883906
1081,40.0,0.0,0.0,60.0,72.1283786637,-0.290319104839,8.35347129842,42.1878560014,43.8503812064,30.5358377535
1082,40.0,20.0,0.0,60.0,61.5256403441,-26.3385115004,-9.08604501501,22.5012425636,29.8512222992,30.0023983161
1083,40.0,40.0,0.0,60.0,53.1602100887,18.4642895139,9.51586855373,24.4739400405,21.1931222795,13.625302626
1084,40.0,70.0,0.0,60.0,73.9094040994,-12.723903076,9.29300296063,40.6215758949,46.5630467968,31.9157621354
1085,40.0,100.0,0.0,60.0,45.493804932,-1.83811930977,-3.64965928466,14.0690157198,14.8977310592,13.6057870059
1086,70.0,0.0,0.0,60.0,62.2036990733,-20.7321581032,-28.4413854547,24.4239023929,30.6413517219,44.8932335663
1087,70.0,20.0,0.0,60.0,52.6281401007,17.4561743514,13.5393635926,23.7161758887,20.7077407818,11.8663341433
1088,70.0,40.0,0.0,60.0,75.4283865185,-9.03807930863,-11.0225354822,44.0403631435,48.9631330013,49.4808811232
1089,70.0,70.0,0.0,60.0,44.58120053,-4.03580359696,-0.359042551158,13.1085926284,14.2442523384,11.8746161957
1090,70.0,100.0,0.0,60.0,63.4017315267,-22.404436602,-12.5904391418,25.2415770587,32.0712547933,34.4552369883
1091,100.0,0.0,0.0,60.0,68.2164124754,-0.775475286611,26.4219354596,36.6640262525,38.2662798593,17.2836537076
1092,100.0,20.0,0.0,60.0,53.5855026438,-5.40207542466,-14.9795153518,19.7111909464,21.5865052727,25.3501962836
1093,100.0,40.0,0.0,60.0,54.5441583415,22.7496913504,12.6387704756,26.9291998819,22.4910225597,13.3526691095
1094,100.0,70.0,0.0,60.0,45.1678637665,10.7909904343,-14.6899585016,15.9466296498,14.662093091,17.88997717
1095,100.0,100.0,0.0,60.0,74.2650861238,8.69321231875,42.7179231793,48.5496379466,47.1178467055,14.8468378321
1096,0.0,0.0,20.0,60.0,56.9700794455,25.0563234472,-6.02599870917,30.2089908473,24.8920399646,23.6333792691
1097,0.0,20.0,20.0,60.0,62.4231633969,-9.04337938262,21.9619659774,27.4687177717,30.9000443229,14.9809060549
1098,0.0,40.0,20.0,60.0,48.6990531567,5.85802560705,-18.5171101723,17.8079851148,17.3508121272,22.6945938225
1099,0.0,70.0,20.0,60.0,51.6110237329,-25.5862789897,3.20524847316,14.4931862857,19.8006099117,15.0266281836
1100,0.0,100.0,20.0,60.0,41.8453914405,-8.02353663474,-6.82717100249,10.8399285623,12.4003037989,12.4798409201
1101,20.0,0.0,20.0,60.0,46.2261751138,-0.169719072651,15.4034749531,14.8569918965,15.4363761485,8.00064503624
1102,20.0,20.0,20.0,60.0,39.3390635818,-0.905313084091,-6.88492460377,10.3508812816,10.857290304,11.0410157604
1103,20.0,40.0,20.0,60.0,41.5911454898,11.1376339106,8.44186593434,13.4612753021,12.237513462,7.73463612738
1104,20.0,70.0,20.0,60.0,36.4140454169,5.83357913907,-6.9920154776,9.60271914299,9.2250573418,9.51863982577
1105,20.0,100.0,20.0,60.0,69.7570947098,20.1483680198,-2.35373541013,45.687320445,40.4051023167,34.9560586093
1106,40.0,0.0,20.0,60.0,60.5352472617,5.68258894224,-15.2812306798,29.1522770243,28.7217237746,32.921805869
1107,40.0,20.0,20.0,60.0,81.7137869563,-2.39368918993,27.2077221973,56.660186459,59.7714191211,29.0747850001
1108,40.0,40.0,20.0,60.0,59.7106519133,5.9178150386,-15.2626753426,28.2957992545,27.8033412102,31.9651129302
1109,40.0,70.0,20.0,60.0,60.4077207218,1.33591324423,3.74290610421,27.8947304641,28.5783905075,21.6268560261
1110,40.0,100.0,20.0,60.0,69.130249847,-16.3323677084,9.31609684977,33.2481147518,39.5255349314,26.788592691
1111,70.0,0.0,20.0,60.0,71.571273655,-11.0374370098,-13.7465116095,37.9538045079,43.0240243814,46.1050730299
1112,70.0,20.0,20.0,60.0,52.4414211595,-6.32849698466,-5.85136281082,18.5583599612,20.5391794377,19.5950857307
1113,70.0,40.0,20.0,60.0,81.5442838294,-2.50501038195,28.8320359365,56.3191400976,59.4609037474,27.907377914
1114,70.0,70.0,20.0,60.0,80.6261597641,-3.70306770976,27.8380634842,54.2605953272,57.797651385,27.5549919111
1115,70.0,100.0,20.0,60.0,55.7829045087,36.3050266815,-5.2220750545,31.8750941621,23.6967678093,22.1331767869
1116,100.0,0.0,20.0,60.0,61.9497663385,-18.3152066706,25.1675974128,24.7314739905,30.3438362046,13.4408750975
1117,100.0,20.0,20.0,60.0,35.0893177997,5.08147319933,-4.83822476556,8.8216408501,8.54311677951,8.27546243864
1118,100.0,40.0,20.0,60.0,74.2593078977,-1.85580702826,47.3087342593,44.7798336224,47.1087986841,13.10490442
1119,100.0,70.0,20.0,60.0,55.0658206519,35.0736486771,4.5910182847,30.6944333217,22.9936734284,16.9184690877
1120,100.0,100.0,20.0,60.0,62.1104944875,-17.8346992704,15.6926307661,25.0065169428,30.5319254869,17.3719222284
1121,0.0,0.0,40.0,60.0,35.8726903498,4.01242995358,-2.16940302881,9.09549229526,8.94215825156,7.92825557131
1122,0.0,20.0,40.0,60.0,75.1377725818,-1.83017786389,35.8616044325,46.1155403826,48.497713413,18.3952572765
1123,0.0,40.0,40.0,60.0,41.3610903837,-1.1397335212,-7.56499137338,11.4992268672,12.091445625,12.4457278442
1124,0.0,70.0,40.0,60.0,60.329993962,34.9568322229,5.1016742866,37.194660787,28.4912639664,20.8789552282
1125,0.0,100.0,40.0,60.0,48.6911722671,-17.1697295554,-3.05004552681,13.8219599053,17.3444724742,15.5174354541
1126,20.0,0.0,40.0,60.0,76.3463956575,10.0252371322,11.6334020487,52.4208860546,50.4528704876,33.1544217181
1127,20.0,20.0,40.0,60.0,55.6455059657,-33.6919181539,3.67499066197,16.0653423393,23.5609552521,17.7562844629
1128,20.0,40.0,40.0,60.0,58.4813115522,-25.5666099155,-25.6966639342,19.9001308165,26.4708556099,37.7515219836
1129,20.0,70.0,40.0,60.0,44.0701019243,7.53273903681,-2.24520540959,14.5940128541,13.8867666839,12.2194789331
1130,20.0,100.0,40.0,60.0,71.3133931218,-13.9980413378,-9.71707980917,36.7024486071,42.6450501877,42.4495806287
1131,40.0,0.0,40.0,60.0,49.6348568979,31.4845918224,10.2610268378,23.9729073595,18.1146380345,11.2382075388
1132,40.0,20.0,40.0,60.0,84.4270423359,-0.8247329314,8.46126651145,62.2162155538,64.8900412008,46.0692634861
1133,40.0,40.0,40.0,60.0,36.6700161207,-0.437696318479,-1.96042132159,8.97454164999,9.36087371139,8.23479595913
1134,40.0,70.0,40.0,60.0,41.8614132056,16.2982214038,1.6795391777,14.4703524445,12.4106103998,9.73151732027
1135,40.0,100.0,40.0,60.0,38.8043483082,-8.4084692219,1.66196044164,9.1213593273,10.5455949364,8.25011775899
1136,70.0,0.0,40.0,60.0,47.5859333598,6.06598792659,2.76040280725,16.9605864999,16.4705910426,12.5890439875
1137,70.0,20.0,40.0,60.0,42.3250765869,-16.7398809922,6.15175159139,9.96838230393,12.7113590323,8.67871494364
1138,70.0,40.0,40.0,60.0,68.6025596029,19.3192447522,-2.23059086419,43.6761663492,38.7950700191,33.5010522085
1139,70.0,70.0,40.0,60.0,59.8380115536,5.45833757978,-14.3996985535,28.3186680782,27.9438888131,31.5438024063
1140,70.0,100.0,40.0,60.0,79.8854834252,-2.24977565371,26.1903559862,53.5776033334,56.4786905139,27.7764130817
1141,100.0,0.0,40.0,60.0,57.9992829686,2.46706183031,2.47244434765,25.6187159101,25.9602318619,20.1986062511
1142,100.0,20.0,40.0,60.0,60.0341790885,0.697281713379,3.00013298301,27.3295128049,28.1612946434,21.6769439361
1143,100.0,40.0,40.0,60.0,68.2841623269,-15.1123872121,9.63807223251,32.5624420476,38.3587067707,25.7609121477
1144,100.0,70.0,40.0,60.0,70.6226937592,-10.7323084236,-12.7953148477,36.7902087815,41.6409939827,43.9671174002
1145,100.0,100.0,40.0,60.0,52.8811760314,-6.30956030219,-4.85805078621,18.9300359998,20.9376382693,19.4837043018
1146,0.0,0.0,70.0,60.0,43.8255194197,-0.994105863391,0.765161521891,13.0756489013,13.7178315689,11.0686202184
1147,0.0,20.0,70.0,60.0,83.4575202994,-0.0219357171009,3.85009974468,60.769052492,63.028781841,48.5804679515
1148,0.0,40.0,70.0,60.0,36.9900089136,-2.97000450366,0.0518048803026,8.83823265307,9.53252625321,7.85195927579
1149,0.0,70.0,70.0,60.0,54.6283529609,7.47555605907,-19.1850584529,23.4088573909,22.5716479752,28.8861030811
1150,0.0,100.0,70.0,60.0,55.9687535941,11.64256015,19.5676658054,25.7200433843,23.8813006602,11.7753073437
1151,20.0,0.0,70.0,60.0,62.7673494878,25.2816522978,-5.98949833509,37.4499058273,31.3086778229,29.403855841
1152,20.0,20.0,70.0,60.0,35.9472227564,-2.24866413127,-1.51083095222,8.40180598579,8.98075883216,7.79142112532
1153,20.0,40.0,70.0,60.0,52.8050995977,4.07799195875,-7.22352114947,20.9648222997,20.8683405741,20.5593686166
1154,20.0,70.0,70.0,60.0,56.4223368445,12.077405197,12.9840309422,26.297267734,24.3356883171,14.4444319524
1155,20.0,100.0,70.0,60.0,61.6386731981,22.7291189961,7.16993428028,35.2115980489,29.9819825529,20.9722225972
1156,40.0,0.0,70.0,60.0,83.4788456957,-2.18586086162,23.3490770585,59.8921197064,63.0693338869,33.5479682603
1157,40.0,20.0,70.0,60.0,49.7516905867,31.8050489903,5.89134517483,24.1619066587,18.2115455145,12.8033872133
1158,40.0,40.0,70.0,60.0,69.7603055407,-16.5640971933,3.42748686629,33.9598127828,40.4096409083,31.0768750924
1159,40.0,70.0,70.0,60.0,43.7515888067,8.87967513647,-6.8995693514,14.5897468462,13.6670381143,13.6975800939
1160,40.0,100.0,70.0,60.0,57.2874911426,-29.4737966248,-13.6210723517,18.1264510702,25.2182877823,28.2882425521
1161,70.0,0.0,70.0,60.0,40.5858110084,-13.3832731945,-1.47574856225,9.4500078513,11.6077665857,10.0188510502
1162,70.0,20.0,70.0,60.0,48.1914383096,4.92391989906,12.268612729,17.2285910849,16.9456156913,9.82850535984
1163,70.0,40.0,70.0,60.0,38.0020057941,-6.27145101079,-3.52032831033,8.96356462917,10.0891761744,9.30502785724
1164,70.0,70.0,70.0,60.0,42.0865298647,16.3590841252,7.25178437389,14.6394868008,12.5560295403,8.26855788407
1165,70.0,100.0,70.0,60.0,36.4451165744,0.605721616759,-5.97628395033,8.98334011104,9.24147296996,9.23921854905
1166,100.0,0.0,70.0,60.0,82.9764542586,-3.11354097375,39.1366862587,58.5987654767,62.1186068264,23.4595060387
1167,100.0,20.0,70.0,60.0,51.5630639301,32.6023920615,-0.71194364637,26.1951718099,19.7585031738,16.6035781215
1168,100.0,40.0,70.0,60.0,69.1593086101,-18.2735032109,17.2524069663,32.7341865766,39.5660242497,22.4373979825
1169,100.0,70.0,70.0,60.0,44.8508817357,10.7296354376,-12.0201608601,15.6990604464,14.4353280895,16.4914129278
1170,100.0,100.0,70.0,60.0,57.4182314648,-32.5260014564,-1.19602094337,17.6580498832,25.3534922589,21.5178709813
1171,0.0,0.0,100.0,60.0,67.0945576529,27.2179850483,-3.05469169668,44.1552005325,36.7573144017,32.3102651302
1172,0.0,20.0,100.0,60.0,70.4220552383,21.3567326372,-2.67613866902,47.1350891084,41.3523126787,35.9916082157
1173,0.0,40.0,100.0,60.0,82.790361648,-2.94286376137,36.3992259402,58.3370462842,61.7688844708,24.7766589843
1174,0.0,70.0,100.0,60.0,83.0051609287,-2.65795663831,30.1189785877,58.8395671025,62.172672279,28.6540291461
1175,0.0,100.0,100.0,60.0,55.4578829305,0.847143680208,3.69075073425,22.7282088595,23.3763374658,17.605929942
1176,20.0,0.0,100.0,60.0,61.2076635376,0.677624847166,3.0953927852,28.6066955729,29.4854161954,22.6705584713
1177,20.0,20.0,100.0,60.0,70.1264618192,-14.1283020366,-18.2956032587,35.1312238624,40.9294445598,47.8547625848
1178,20.0,40.0,100.0,60.0,72.5691297382,-12.0047920749,-14.7578174378,38.9991735541,44.5115957955,48.4370054022
1179,20.0,70.0,100.0,60.0,82.4463175089,1.38685502722,3.41326651795,59.5231527175,61.1257863158,47.4532833799
1180,20.0,100.0,100.0,60.0,69.5812709743,-15.7321740724,10.9650526392,33.9771920051,40.1570894622,26.2823921331
1181,40.0,0.0,100.0,60.0,71.147890065,12.5428402375,-5.11038319984,45.1232811402,42.4030077208,38.6795720701
1182,40.0,20.0,100.0,60.0,51.4102966345,1.96688814023,11.9607909286,19.3110020845,19.6247777467,11.6901585256
1183,40.0,40.0,100.0,60.0,60.8843778281,-2.32575784519,-19.77362667,27.4899956599,29.1165788754,36.4586129494
1184,40.0,70.0,100.0,60.0,59.5129933103,22.5438441351,28.2802335436,32.5202264737,27.5861497879,10.917620949
1185,40.0,100.0,100.0,60.0,69.5161531762,10.2910835001,12.1999862246,41.9621265852,40.0654939983,25.5123505652
1186,70.0,0.0,100.0,60.0,51.7515080208,2.09090567045,5.46386338559,19.6285561235,19.924293519,14.2389819435
1187,70.0,20.0,100.0,60.0,59.0329458117,-6.41420251603,-4.46907727902,24.5749739481,27.0633792917,24.7252140481
1188,70.0,40.0,100.0,60.0,60.538696679,22.0114163899,21.3164017176,33.6225417811,28.7256073844,13.9712866481
1189,70.0,70.0,100.0,60.0,52.1956702402,-23.7020142958,-3.22046207968,15.2255306738,20.3187243468,18.1807267219
1190,70.0,100.0,100.0,60.0,47.7818392193,3.53453299081,-11.6745635864,16.656016201,16.6232963641,18.5644927668
1191,100.0,0.0,100.0,60.0,62.6082333568,-8.1835023163,12.235903385,27.8860138839,31.1193230062,19.3312997234
1192,100.0,20.0,100.0,60.0,55.1343299984,24.1167377036,1.6537294134,27.9075609283,23.0602370996,18.2677645451
1193,100.0,40.0,100.0,60.0,74.7186504318,8.80744397515,30.8742318343,49.311276605,47.8316954125,20.4050044365
1194,100.0,70.0,100.0,60.0,36.5947443219,4.59148034188,-3.11018108143,9.54525366157,9.32079759056,8.50940888667
1195,100.0,100.0,100.0,60.0,40.6746355802,11.4294857201,4.08617805025,12.8996379523,11.6625156935,8.46537408417
1196,0.0,0.0,0.0,80.0,39.9812564462,-3.18322550871,-0.791742322079,10.4150672123,11.2396802645,9.50400896782
1197,0.0,40.0,0.0,80.0,45.3654348632,0.960586871816,8.3950958783,14.4321392839,14.8046273732,9.53223153392
1198,0.0,70.0,0.0,80.0,42.5142322167,-10.8754069972,2.08316138341,10.8441153969,12.8354342097,9.9479890101
1199,0.0,100.0,0.0,80.0,54.1059276443,-21.0237054426,-14.3861043876,17.145374988,22.0744683758,25.5218232494
1200,40.0,0.0,0.0,80.0,47.6065465061,2.51417520935,-4.45875296506,16.3393596779,16.4866144345,15.3307647611
1201,40.0,40.0,0.0,80.0,64.4345423603,-6.5345034066,0.160882236775,30.3650036907,33.3390958697,27.4126159595
1202,40.0,70.0,0.0,80.0,54.9326920112,23.1970657847,9.08439525761,27.4571797265,22.8646921991,14.9662137021
1203,40.0,100.0,0.0,80.0,75.9634181326,9.75471307,18.4532557195,51.6839373077,49.827758065,28.3644254372
1204,70.0,0.0,0.0,80.0,82.7444001365,-3.13093779762,41.566345182,58.1773670088,61.682711975,21.9775214365
1205,70.0,40.0,0.0,80.0,83.699179014,-2.24377507232,23.6516150383,60.26851312,63.4893350472,33.6005347371
1206,70.0,70.0,0.0,80.0,51.8757654959,0.966696431295,4.03823281209,19.5109463641,20.0341192252,14.8773962522
1207,70.0,100.0,0.0,80.0,66.9535601528,0.56230085559,2.73585758749,35.4314284628,36.5705187653,28.4758144663
1208,100.0,0.0,0.0,80.0,67.9780863471,-16.274139307,-21.8275969112,31.871297386,37.9423262534,47.7067783702
1209,100.0,40.0,0.0,80.0,75.6677335427,-9.13901674169,-11.7489193411,44.3604948324,49.3486769207,50.4901933419
1210,100.0,70.0,0.0,80.0,64.0147615841,32.0983261278,-2.29917997636,41.3321605006,32.8198339104,28.4564199891
1211,100.0,100.0,0.0,80.0,73.7119203042,16.1713091941,-1.31704616717,50.4387900083,46.2568964723,39.1500606889
1212,0.0,0.0,40.0,80.0,82.4500038361,-3.92800637068,29.047190405,57.3280574159,61.1326531472,28.7241750224
1213,0.0,40.0,40.0,80.0,82.2031370187,-1.09226769751,30.1273385422,58.0558507484,60.6739285623,27.8117482915
1214,0.0,70.0,40.0,80.0,41.5204162147,-14.8526073949,6.48232973444,9.76824335951,12.1924811288,8.21351278804
1215,0.0,100.0,40.0,80.0,46.1201021105,15.7497078853,-3.06101783494,17.5792237541,15.3575704103,13.78941071
1216,40.0,0.0,40.0,80.0,68.2724911398,-9.90018869243,36.985727575,34.0322620623,38.3427738964,13.105234309
1217,40.0,40.0,40.0,80.0,51.8609234961,38.3007516249,10.1426423003,27.9264252686,20.0209798649,12.5849568055
1218,40.0,70.0,40.0,80.0,40.3877834058,-13.191399817,3.59607975585,9.36886454913,11.4863250183,8.46416048752
1219,40.0,100.0,40.0,80.0,46.0177965661,15.6337383171,-6.44074983664,17.4758260754,15.2818181938,15.0276236031
1220,70.0,0.0,40.0,80.0,68.5177214907,-9.61348955285,27.1436711505,34.4220035302,38.6784777615,17.195520463
1221,70.0,40.0,40.0,80.0,52.395765435,38.5687461104,5.99009539605,28.583231665,20.4981031843,14.4644152593
1222,70.0,70.0,40.0,80.0,68.551193752,20.1718723972,13.4701059825,43.8919147678,38.7244504483,23.8877644287
1223,70.0,100.0,40.0,80.0,62.4134230163,9.58903801024,16.1743029659,32.3934187431,30.8885321318,17.3897199153
1224,100.0,0.0,40.0,80.0,57.992450918,2.57466889925,-2.36775476429,25.637408743,25.9530421201,22.6285692434
1225,100.0,40.0,40.0,80.0,52.2205913942,-9.15077257613,-0.269109542594,17.8399471381,20.3410080691,16.8989209856
1226,100.0,70.0,40.0,80.0,49.2307577354,-12.9761626543,-15.0927896693,14.8810063791,17.7821104138,21.4071378252
1227,100.0,100.0,40.0,80.0,45.3980056251,-7.50275837918,6.69276026861,13.1168172614,14.8282133206,10.0578627139
1228,0.0,0.0,70.0,80.0,44.1759494209,-3.08257852938,4.7910127706,12.9875820157,13.9603043168,9.99554088873
1229,0.0,40.0,70.0,80.0,41.6966078061,1.58507850355,2.96278955851,12.0938581003,12.3048655516,9.27238796014
1230,0.0,70.0,70.0,80.0,39.8500998844,6.99981124907,0.863911866905,11.7287517569,11.1608660226,8.96324171113
1231,0.0,100.0,70.0,80.0,38.2812939145,10.564891785,-0.265834365588,11.2805050711,10.2465250649,8.52670348656
1232,40.0,0.0,70.0,80.0,68.0549964583,19.6315955274,24.7633058978,42.9810975358,38.0466685414,17.8932422774
1233,40.0,40.0,70.0,80.0,63.449153658,11.1600699089,5.35567252456,34.1103399798,32.1287521202,23.5201658841
1234,40.0,70.0,70.0,80.0,57.9373028543,1.10469372392,7.82426864834,25.2310567686,25.8950553856,17.6684699431
1235,40.0,100.0,70.0,80.0,53.8450319268,-6.01718531652,-9.71854701731,19.8124612575,21.8289372754,22.7332537699
1236,70.0,0.0,70.0,80.0,49.5937209963,-15.810763674,-5.95294994825,14.670584684,18.0805999451,17.4003812848
1237,70.0,40.0,70.0,80.0,82.3125099021,-3.18032641891,47.4366606124,57.3915007037,60.8768795985,18.7594868039
1238,70.0,70.0,70.0,80.0,84.1885018776,-1.98785116506,20.2009236619,61.2743484594,64.4287462403,36.6059834224
1239,70.0,100.0,70.0,80.0,47.676614579,1.09802775096,4.07153671293,16.1427685735,16.5411587401,12.1853458339
1240,100.0,0.0,70.0,80.0,69.932179531,0.434074968823,2.46377017209,39.3395792449,40.6530855242,31.897334835
1241,100.0,40.0,70.0,80.0,65.6288585975,-18.1538671942,-24.8897576106,28.6647383506,34.8463427421,46.8629357057
1242,100.0,70.0,70.0,80.0,77.372681165,-7.57040416358,-9.42788593496,47.5067336475,52.1537476302,51.0439791504
1243,100.0,100.0,70.0,80.0,60.9529099842,36.8868435569,-2.25090865303,38.6275347667,29.1945089243,25.3354458536
1244,0.0,0.0,100.0,80.0,75.4483930722,13.9990457005,-0.768700262902,52.4606319253,48.9952826855,41.0204010411
1245,0.0,40.0,100.0,80.0,82.7059786629,-1.03548394323,2.79405068372,58.9782366452,61.6107377062,48.3723523404
1246,0.0,70.0,100.0,80.0,71.1463702374,-11.9320010222,-12.4114666533,37.1130107734,42.4007892802,44.3907003573
1247,0.0,100.0,100.0,80.0,57.2607815784,42.0999514685,-1.77719280958,35.3597768883,25.1907254788,21.6747132252
1248,40.0,0.0,100.0,80.0,41.8725831747,-11.129006178,9.3284874108,10.4421860468,12.4177992787,7.6325748719
1249,40.0,40.0,100.0,80.0,50.9515788538,22.1474684094,-14.3809775319,23.1450200132,19.2268660805,22.5626957833
1250,40.0,70.0,100.0,80.0,77.3565729685,3.50540029937,54.8773709392,51.590715792,52.126760361,12.3125225324
1251,40.0,100.0,100.0,80.0,56.4510767687,41.2740240577,8.61399488099,34.0958233966,24.3646717822,16.2247010792
1252,70.0,0.0,100.0,80.0,41.1512225174,-10.4480022101,6.20517658494,10.126234636,11.9592131574,8.11834459886
1253,70.0,40.0,100.0,80.0,50.2749726672,19.3507190145,-5.23467057522,21.8917068388,18.6498225621,17.6012321149
1254,70.0,70.0,100.0,80.0,78.4445437623,3.06266468969,43.2856825212,53.2270276984,53.9705260635,17.6223939641
1255,70.0,100.0,100.0,80.0,43.8791400239,-5.86955628687,-8.4907780433,12.3791658892,13.7547498217,14.3858751163
1256,100.0,0.0,100.0,80.0,57.4625362579,-15.0434839434,-7.46619573341,21.1649601794,25.3994192389,24.886018845
1257,100.0,40.0,100.0,80.0,50.3094950203,13.4479740546,2.73668457404,20.6760206614,18.6789815869,14.3316177786
1258,100.0,70.0,100.0,80.0,69.6138239684,0.804883765795,9.13157785162,39.0217348435,40.2029311791,27.3883412776
1259,100.0,100.0,100.0,80.0,58.900987707,35.0503141633,17.5120148421,35.3657696785,26.9208436921,14.3461051098
1260,0.0,0.0,0.0,100.0,39.4364834638,15.5033091673,2.68750934738,12.7094383362,10.9147314127,8.26728412193
1261,0.0,40.0,0.0,100.0,38.0190840857,1.90389443123,-2.68964646205,9.97902256955,10.0987513959,9.07546905328
1262,0.0,100.0,0.0,100.0,43.5836729859,5.4357362584,6.61641120899,13.9157263657,13.552138974,9.15756023422
1263,40.0,0.0,0.0,100.0,41.8304689852,-7.32807569386,0.634677463291,10.9252058493,12.390709504,10.0296396218
1264,40.0,40.0,0.0,100.0,48.5601635905,-4.25579306801,11.3780335554,15.8726950757,17.2393107775,10.2929650027
1265,40.0,100.0,0.0,100.0,45.3566373957,-3.22146447444,-15.2575171542,13.7547640803,14.7982610258,18.2918521292
1266,100.0,0.0,0.0,100.0,56.7858548147,-17.1594846959,3.36623007831,20.1230354231,24.7039837401,18.7866813065
1267,100.0,40.0,0.0,100.0,51.7792678425,15.1970209641,-4.51452542961,22.3973057607,19.9487942941,18.4420975881
1268,100.0,100.0,0.0,100.0,68.6542742605,0.123517097882,21.7857300761,37.5166354706,38.866255822,19.745501852
1269,0.0,0.0,40.0,100.0,60.191109503,34.9806486201,9.13212538301,37.018710422,28.3360249277,18.8352872106
1270,0.0,40.0,40.0,100.0,82.1490007152,-3.34414364124,50.0044864863,57.0366534841,60.5736409773,17.4760684553
1271,0.0,100.0,40.0,100.0,84.0465834685,-1.69375681909,16.6656076197,61.1386219419,64.1553412374,39.0265093449
1272,40.0,0.0,40.0,100.0,45.1770341144,1.19745117431,4.39337006418,14.3385286312,14.6686885471,10.6529484115
1273,40.0,40.0,40.0,100.0,72.8987302586,0.352291230658,2.12120802098,43.5231398073,45.0103827757,35.617605836
1274,40.0,100.0,40.0,100.0,64.8935231872,-19.150365842,-25.5813438541,27.6044818328,33.9130839373,46.3755188305
1275,100.0,0.0,40.0,100.0,78.6980620255,-6.22056968265,-7.77596284489,50.1015419723,54.4063143399,51.615092221
1276,100.0,40.0,40.0,100.0,59.637412535,38.5098708084,-2.49945241761,37.3689997235,27.7227318042,24.2147550473
1277,100.0,100.0,40.0,100.0,77.4308914111,11.5074421579,-0.244073536933,54.8295641117,52.2513492669,43.3090942059
1278,0.0,0.0,100.0,100.0,67.6478988502,18.6130909869,17.9933312437,42.0516264602,37.4965353851,20.7432930939
1279,0.0,40.0,100.0,100.0,69.9233165114,21.7381346533,-0.576833988168,46.5030695677,40.6405079797,33.9259006245
1280,0.0,100.0,100.0,100.0,49.3339825689,-3.21354985103,8.19644222418,16.6456445812,17.8666623185,11.7523262719
1281,40.0,0.0,100.0,100.0,68.5595811128,8.87450602346,-9.13126872848,40.1483520817,38.7359758263,38.3506018194
1282,40.0,40.0,100.0,100.0,39.327321559,6.00398247844,5.56289454626,11.2732868413,10.8503805646,7.47599988386
1283,40.0,100.0,100.0,100.0,57.8752242054,-5.55690197037,-23.527609437,23.6262751216,25.8298847342,35.4385050978
1284,100.0,0.0,100.0,100.0,49.0905095852,-2.23095852203,2.75652358115,16.6336544249,17.6676605726,13.5296462083
1285,100.0,40.0,100.0,100.0,66.8345205889,6.1245667819,7.75683284765,36.9513063392,36.4133069055,25.4104208711
1286,100.0,100.0,100.0,100.0,38.8649869839,5.75884405264,3.70511338655,10.96653126,10.580638436,7.74395667135
1287,100.0,0.0,0.0,0.0,55.5179543439,-10.7797432822,-8.43163553769,20.3097932485,23.4353413319,23.5807005933
1288,98.0,0.0,0.0,0.0,53.9599015078,44.8727847622,7.29456898798,32.0718815877,21.9368164026,15.0109140287
1289,95.0,0.0,0.0,0.0,75.483259042,-11.2432939687,29.2778306557,43.3682980206,49.0513444502,21.8595333806
1290,90.0,0.0,0.0,0.0,46.9856236783,22.2265604137,-6.12949904406,19.5471943433,16.0084887268,15.5739145101
1291,85.0,0.0,0.0,0.0,60.8148846711,-26.9335458391,7.81351910335,21.7084257027,29.0376977798,19.9638516849
1292,80.0,0.0,0.0,0.0,42.0748612323,2.30773317662,-15.3620604464,12.4381872872,12.5484641582,15.8878427194
1293,75.0,0.0,0.0,0.0,51.1506384955,-0.462302510784,16.0082958224,18.6167573932,19.3988717455,10.2423952965
1294,70.0,0.0,0.0,0.0,39.5735062846,-10.0789111069,-2.65709912981,9.32036445986,10.9958657223,9.84865678826
1295,60.0,0.0,0.0,0.0,45.5356946118,10.4046072127,10.3504932915,16.1565639871,14.9281968788,9.05262585041
1296,50.0,0.0,0.0,0.0,36.6070700362,-1.51151464738,-4.97648839013,8.8156569153,9.32735218541,9.0335785765
1297,40.0,0.0,0.0,0.0,40.4093884794,20.992822978,5.99418132377,14.216302013,11.4995330917,7.83986784059
1298,30.0,0.0,0.0,0.0,53.5291713538,44.2995435328,13.2410822375,31.4017424501,21.5341231733,12.5066307499
1299,25.0,0.0,0.0,0.0,76.5377712028,-10.0631946112,13.097838185,45.3420118924,50.767191441,32.3957124201
1300,20.0,0.0,0.0,0.0,47.1873928531,21.8473923727,0.228995345548,19.6452935155,16.1628276465,13.2521048035
1301,15.0,0.0,0.0,0.0,62.8862136681,-23.890420917,-5.29863951821,24.3738178285,31.4506312754,29.1025969085
1302,10.0,0.0,0.0,0.0,42.06684329,0.97804103677,-9.97182130168,12.2377677712,12.5432674706,13.7603012596
1303,7.0,0.0,0.0,0.0,43.32989339,1.22895561564,4.39374193809,13.088899683,13.3797111032,9.6773434527
1304,5.0,0.0,0.0,0.0,75.7848327199,0.395735757628,1.96300908371,47.9128068096,49.5380371544,39.3717851852
1305,3.0,0.0,0.0,0.0,63.5110644447,-19.9358569177,-27.2557344261,25.9440161975,32.2039196954,45.7803186063
1306,2.0,0.0,0.0,0.0,80.1812977529,-4.91872968039,-5.72496671553,53.0343957313,57.0030285469,52.0747953102
1307,0.0,100.0,0.0,0.0,58.7393938658,40.7478292602,-2.06431482645,36.8690975809,26.7469796057,23.1467564081
1308,0.0,98.0,0.0,0.0,79.4646942621,9.0912339718,-0.664274394228,57.3900650335,55.7383861968,46.5490725212
1309,0.0,95.0,0.0,0.0,82.0134204608,-2.94932896423,54.4144005591,56.9593983848,60.3229634306,15.512441378
1310,0.0,90.0,0.0,0.0,84.5075072063,-1.27477210488,14.3452395443,62.1716397374,65.046141189,41.4140668239
1311,0.0,85.0,0.0,0.0,61.2133990692,0.504663734132,4.45965717565,28.5685624383,29.4919878396,21.9694641244
1312,0.0,80.0,0.0,0.0,83.3342212004,0.371977533642,2.46818851179,60.710574503,62.7946589217,49.604225701
1313,0.0,75.0,0.0,0.0,73.4740754297,16.7573104155,-1.40349775033,50.2740070971,45.889961187,38.9069013056
1314,0.0,70.0,0.0,0.0,52.9218713768,7.9448145866,16.447997101,21.8923833084,20.9747703846,11.0687920712
1315,0.0,60.0,0.0,0.0,37.1262782516,-0.140676294237,-4.69398689434,9.24621073295,9.60625719364,9.20823431654
1316,0.0,50.0,0.0,0.0,61.6200719678,28.6378237542,33.7145834296,36.9626579448,29.9604378203,10.3488502039
1317,0.0,40.0,0.0,0.0,71.9345461466,15.1107322831,16.5656266632,47.2332976226,43.5616791143,25.4015908128
1318,0.0,30.0,0.0,0.0,53.68455819,7.73359528039,10.7724397569,22.5614569141,21.6788222757,13.4943996593
1319,0.0,25.0,0.0,0.0,38.0174786712,-2.54447062565,-0.211358286832,9.42155430675,10.0978510364,8.38863689205
1320,0.0,20.0,0.0,0.0,63.0855951151,27.5470976087,25.6758579577,38.5812927949,31.6897047819,13.9833164634
1321,0.0,15.0,0.0,0.0,39.6472566862,20.4296177159,1.62743423018,13.6039510972,11.0397009724,8.65319893467
1322,0.0,10.0,0.0,0.0,37.594059399,-4.27033460963,0.0574781494809,8.99241323511,9.86224965325,8.12221182872
1323,0.0,7.0,0.0,0.0,45.210102028,11.1691936162,2.04954939885,16.0444915037,14.6924879273,11.4301679134
1324,0.0,5.0,0.0,0.0,40.411477525,-12.9279351563,4.31459607162,9.41363960819,11.5008107481,8.28169352371
1325,0.0,3.0,0.0,0.0,52.0517640928,0.963373381931,3.78302923417,19.6619445969,20.1903661908,15.0991633358
1326,0.0,2.0,0.0,0.0,41.4148787441,-1.44191869045,-5.14321569426,11.4893700243,12.1254925246,11.6466628598
1327,0.0,0.0,100.0,0.0,63.9463729018,-20.8202731313,-18.8676991211,26.1839291858,32.7357523992,39.689732209
1328,0.0,0.0,98.0,0.0,46.2319274624,20.7881079984,5.13558545763,18.6262425785,15.4406574799,10.9969538765
1329,0.0,0.0,95.0,0.0,77.6752505403,-7.87490905896,-0.846509635794,47.8684336691,52.6623969449,44.1388017465
1330,0.0,0.0,90.0,0.0,53.1586463407,44.1036571446,18.4950449514,30.9132780445,21.1916847497,10.5457288278
1331,0.0,0.0,85.0,0.0,54.1445021846,45.0436717183,4.67818456515,32.3410886188,22.1109266804,16.2075302327
1332,0.0,0.0,80.0,0.0,44.1192296138,-6.43813849555,-5.54027457772,12.4479473242,13.9208659866,13.4281679847
1333,0.0,0.0,75.0,0.0,69.2662686315,21.3953207726,8.70465475786,45.3825483714,39.7152962598,27.2862296163
1334,0.0,0.0,70.0,0.0,51.8581023865,-24.8930226471,1.82452750999,14.7826631718,20.0184830363,15.7565821934
1335,0.0,0.0,60.0,0.0,84.4698389601,-1.81698442149,16.6404796032,61.8678998837,64.9730345336,39.5964288026
1336,0.0,0.0,50.0,0.0,42.6234433998,1.32174641279,4.47983630562,12.6429241746,12.9074367365,9.29573757527
1337,0.0,0.0,40.0,0.0,78.2781424975,0.300992274972,1.64305797772,51.8840620507,53.6857573649,42.9666402203
1338,0.0,0.0,30.0,0.0,62.6787594504,-20.7359460171,-28.5650223897,24.9003599834,31.2031575051,45.675335084
1339,0.0,0.0,25.0,0.0,81.8861324328,-3.29817671654,-3.52551647681,56.5946124542,60.0882479121,52.7515051006
1340,0.0,0.0,20.0,0.0,57.5074219434,41.9770397047,-2.18318530208,35.6391933012,25.4460049054,22.0994325688
1341,0.0,0.0,15.0,0.0,81.1355510982,6.14373050821,-0.222548589149,59.1493788471,58.7165672924,48.6407037114
1342,0.0,0.0,10.0,0.0,81.8452550993,-3.07566781458,55.3888783067,56.6133981386,60.0130006313,15.0045118709
1343,0.0,0.0,7.0,0.0,84.5189601322,-0.894925269355,9.62019148478,62.3571581872,65.0683799317,45.234773381
1344,0.0,0.0,5.0,0.0,82.7132877051,-0.30821420039,1.05752193475,59.2951237857,61.6244252913,49.9046561748
1345,0.0,0.0,3.0,0.0,72.7055003647,-12.5286232268,-13.3043933437,39.0194192154,44.7175171532,47.3875334187
1346,0.0,0.0,2.0,0.0,58.3067905452,-22.7159730418,20.8322607505,20.3271286542,26.285215587,12.7353381248
1347,0.0,0.0,0.0,100.0,36.0102628503,9.67509063385,-2.07495347699,9.86626478744,9.01349408761,7.9653761765
1348,0.0,0.0,0.0,98.0,70.586310404,-5.70148886847,43.3301972106,38.2936455658,41.5885457356,12.2688084657
1349,0.0,0.0,0.0,95.0,46.3325923492,12.4031737083,-19.6977399346,17.1309490279,15.5157080707,21.2104433453
1350,0.0,0.0,0.0,90.0,58.412710332,-22.2421245239,12.874328568,20.5183920696,26.3977797912,15.8599258377
1351,0.0,0.0,0.0,85.0,36.6415635236,9.13876480824,0.381479477662,10.1453812577,9.3457115374,7.61436485761
1352,0.0,0.0,0.0,80.0,71.6839613822,-5.87153629195,32.2745074179,39.7371930592,43.1903296372,17.3386981271
1353,0.0,0.0,0.0,75.0,46.174999034,7.83895815436,-10.9468694691,16.1899921764,15.3983218873,17.0085247723
1354,0.0,0.0,0.0,70.0,49.2799236343,-5.65769003496,20.7918972351,16.1700408536,17.8223490649,7.96846941552
1355,0.0,0.0,0.0,60.0,40.197814209,-4.2154543653,-7.29811467684,10.4021094558,11.3706241631,11.6656344533
1356,0.0,0.0,0.0,50.0,44.0187551209,5.02164740246,13.1403388053,14.1496308187,13.8511866664,7.60436974625
1357,0.0,0.0,0.0,40.0,37.1833940261,3.43470158981,-7.82076121022,9.71719238098,9.63727342064,10.164856867
1358,0.0,0.0,0.0,30.0,40.2565131472,16.4982250782,6.94199375257,13.4003136063,11.4062914376,7.5318043519
1359,0.0,0.0,0.0,25.0,60.433468316,37.0907630071,1.43685551567,37.9912351298,28.6072909686,22.8403111539
1360,0.0,0.0,0.0,20.0,67.3314346618,-0.78080218937,33.2206886812,35.5162851282,37.0725627427,13.8984289222
1361,0.0,0.0,0.0,15.0,52.0217326422,16.5870537111,-12.248239732,22.9338992971,20.163647775,22.4130437901
1362,0.0,0.0,0.0,10.0,55.4761285841,-18.7067445656,12.2579194174,18.6941540875,23.3942483855,14.0966345358
1363,0.0,0.0,0.0,7.0,46.1454958555,-1.21266892279,-23.0065039366,14.6269421183,15.376411928,22.7400118581
1364,0.0,0.0,0.0,5.0,75.1395328449,-11.8331884327,35.837792026,42.6685661668,48.5005235667,18.4074770256
1365,0.0,0.0,0.0,3.0,58.5261102888,-13.7097612031,-13.6478640254,22.4354620337,26.5186491143,29.6195575591
1366,0.0,0.0,0.0,2.0,61.7618521818,10.1487942272,21.2902345494,31.7687467278,30.1249143877,14.7957683976
1367,0.0,0.0,0.0,0.0,48.2084321797,5.75641888111,-14.6184784825,17.3953637343,16.9590776658,20.3005572399
1368,100.0,85.0,85.0,0.0,49.892621277,32.049963544,9.1097477153,24.3584445875,18.3288993365,11.7691663453
1369,80.0,65.0,65.0,0.0,40.3106674522,1.44782787413,4.61907054318,11.2294104723,11.4392633315,8.15450233427
1370,60.0,45.0,45.0,0.0,80.6093488977,0.296231266142,1.46531282416,55.8239070512,57.7674900013,46.4173356692
1371,40.0,27.0,27.0,0.0,61.8381732194,-21.5874897349,-29.8611988755,23.8651932968,30.2137017029,45.547696786
1372,20.0,12.0,12.0,0.0,82.9094562009,-2.22078319677,-2.01309268193,58.8498290653,61.992546255,52.9832417161
1373,10.0,6.0,6.0,0.0,56.1867194593,44.2059564714,-1.65076045554,34.6170242365,24.0989404931,20.6858809814
1374,5.0,3.0,3.0,0.0,82.4295615101,4.29735780175,0.0362332333204,60.7216190387,61.0945799901,50.377137932
1375,40.0,27.0,27.0,10.0,81.6360924008,-3.02475563337,56.8429346851,56.2690194364,59.6289554276,14.2950940574
1376,20.0,12.0,12.0,10.0,84.9805740856,-0.49189584637,7.14675790714,63.3981397697,65.968944957,47.9996673679
1377,10.0,6.0,6.0,10.0,79.0694522783,-0.740776890912,0.274876275858,52.7960984219,55.048945958,45.1930125442
1378,60.0,45.0,45.0,20.0,84.2938134163,-1.13031952448,2.7816044964,61.8368884307,64.6321296069,50.7959209882
1379,40.0,27.0,27.0,20.0,37.4182294674,16.8705746282,2.53569104739,11.6421217499,9.76550036024,7.41019635502
1380,20.0,12.0,12.0,20.0,63.8369155563,-23.4851793737,29.8301449773,25.4302774365,32.6014774535,12.9274686701
1381,10.0,6.0,6.0,20.0,50.8560562685,13.1686632206,-18.0567455199,21.1094181883,19.1446881448,24.4434045821
1382,80.0,65.0,65.0,40.0,48.2573863577,-0.859232544111,21.8791756893,16.2389251656,16.9978973731,7.24873754858
1383,60.0,45.0,45.0,40.0,38.3660704324,18.151252712,5.79148670833,12.4171295228,10.2946091491,7.01495021351
1384,40.0,27.0,27.0,40.0,64.7673280718,-23.3189628874,19.9609601983,26.4370344236,33.7546166397,17.5091269124
1385,20.0,12.0,12.0,40.0,49.5665570117,9.03511740194,-7.93353193507,19.1374604019,18.0581463734,18.2621724172
1386,10.0,6.0,6.0,40.0,46.689129893,-0.587941489328,17.6057513919,15.1208081928,15.7834797831,7.63944406276
1387,100.0,85.0,85.0,60.0,37.5611891717,10.6224719847,-4.37812499064,10.8641527406,9.84411468028,9.33330109549
1388,80.0,65.0,65.0,60.0,39.9009838739,6.18003151475,5.62054755717,11.6436742883,11.1913991976,7.71097109412
1389,60.0,45.0,45.0,60.0,40.9459326448,2.72039027544,-4.30750209757,11.7919269336,11.830801361,11.1036391661
1390,40.0,27.0,27.0,60.0,43.9515041293,-4.4836509772,11.6339868697,12.6308334079,13.8046780705,7.96091150939
1391,20.0,12.0,12.0,60.0,45.2521372934,-5.41392592101,-3.60098393823,13.3415243609,14.7227783615,13.433333038
1392,10.0,6.0,6.0,60.0,48.4313137156,-17.662403784,0.65238847543,13.5679660781,17.136297436,13.891591741
1393,100.0,85.0,85.0,80.0,53.6654835624,-3.90284444738,-19.4175171007,20.0837267551,21.6610248342,28.0172641842
1394,80.0,65.0,65.0,80.0,56.7224318498,-0.00715264994361,16.294995399,23.7580997662,24.6394615177,13.3892430756
1395,60.0,45.0,45.0,80.0,64.616480183,12.5691258204,-5.19581927381,36.0083284152,33.5658407275,30.9187690165
1396,40.0,27.0,27.0,80.0,66.9935759651,20.1818870489,34.9545390559,41.6365823186,36.6234678509,13.0422347661
1397,20.0,12.0,12.0,80.0,48.3940066969,22.5584846995,-8.67110617836,20.8535531817,17.1065478919,17.6868231237
1398,10.0,6.0,6.0,80.0,50.7447153035,13.0575724157,5.96758910888,20.9854584341,19.0491976134,13.3969764519
1399,100.0,85.0,85.0,100.0,58.955738466,3.63319159606,-6.38513960225,26.9042242143,26.9799222575,25.7265934123
1400,80.0,65.0,65.0,100.0,62.5481448567,-8.49625156039,18.0487824792,27.7416024254,31.048014276,16.6797997375
1401,60.0,45.0,45.0,100.0,70.8711588954,-15.4505807717,-2.27386712226,35.6912722938,42.0003469486,36.2571027027
1402,40.0,27.0,27.0,100.0,60.980146591,-22.5665425478,-30.9957297128,22.8142334915,29.2255190901,45.2611087575
1403,20.0,12.0,12.0,100.0,83.2002449903,-1.70119238356,-1.16736900262,59.5909781165,62.5409201255,52.6666470443
1404,10.0,6.0,6.0,100.0,56.0952421895,44.8747469878,-1.7005554635,34.6973052473,24.0074397492,20.6328180026
1405,100.0,0.0,0.0,70.0,83.4069529311,3.05159515413,0.154751764086,61.9915799242,62.9326931969,51.7855273336
1406,0.0,100.0,0.0,70.0,82.0536978052,-3.1650380822,57.781477337,56.9422521484,60.3973608141,14.211202461
1407,0.0,0.0,100.0,70.0,85.2039872073,-0.202611363635,4.84608082042,63.9475389423,66.4077707329,50.3536661763
1408,100.0,100.0,0.0,70.0,38.7322201285,1.52337605359,4.79481069463,10.3264615019,10.5040124367,7.41178039917
1409,100.0,0.0,100.0,70.0,82.246573813,0.272583856837,2.39789560213,58.6984813676,60.7544752816,48.0299200829
1410,0.0,100.0,100.0,70.0,73.5079418467,-1.28653029082,-0.0559307346783,43.8600460184,45.9420897015,37.9482598526
1411,40.0,40.0,0.0,70.0,69.2720890027,20.9733103565,-2.97153428394,45.2437418799,39.7234298471,34.8037939656
1412,40.0,0.0,40.0,70.0,50.0628649235,-13.6058703762,7.21124290868,15.3786686324,18.4713332319,12.5254460509
1413,0.0,40.0,40.0,70.0,37.822380055,2.95915735438,-1.80029174026,10.0054958183,9.98883244175,8.73087926393
1414,3.0,3.0,0.0,0.0,59.3326302802,4.94794388151,24.4552061898,27.6368992142,27.3889527192,12.0863404853
1415,3.0,0.0,3.0,0.0,57.4075819445,-12.4795722235,-27.1271664345,21.6586451558,25.3424610737,37.4431600633
1416,0.0,3.0,3.0,0.0,50.0932706259,-12.8213982566,1.51150272099,15.5349735088,18.4968494912,14.6625492424
1417,3.0,3.0,3.0,0.0,39.3345231842,1.75932417036,3.07437401935,10.7003981105,10.8546181028,8.11796538004
1418,3.0,0.0,0.0,3.0,59.8733411951,5.07717168602,17.1365205746,28.2602001732,27.982960548,15.1518778443
1419,0.0,3.0,0.0,3.0,55.1960744211,-18.0764463123,-10.4707144206,18.582585556,23.1203379233,24.3866651023
1420,3.0,3.0,0.0,3.0,43.1871695568,-13.4445547903,9.43357124876,10.8888548619,13.2833846061,8.19292007241
1421,0.0,0.0,3.0,3.0,45.0206927733,2.35481286268,-0.628796338475,14.417183498,14.5565157317,12.2272896103
1422,3.0,0.0,3.0,3.0,40.0252113652,-4.81905433613,4.41698392503,10.2264270505,11.2661763066,8.07799921487
1423,0.0,3.0,3.0,3.0,39.5859933611,12.2200964204,-1.41448900969,12.3181206782,11.0032795286,9.4868082124
1424,3.0,3.0,3.0,3.0,36.7148594515,4.0374876932,0.310948020715,9.54076572826,9.38480365958,7.66423988933
1425,7.0,7.0,0.0,0.0,76.792687371,10.6532966905,4.89876969276,53.4104380672,51.187897292,38.4732466677
1426,7.0,0.0,7.0,0.0,54.4462068898,22.7811506618,15.8417271974,26.8327256594,22.3974653816,12.1513237302
1427,0.0,7.0,7.0,0.0,65.1581094172,-4.22534356725,-10.943055236,31.8419122386,34.2469419019,35.418883114
1428,7.0,7.0,7.0,0.0,46.6107841767,1.62158159437,0.687307257778,15.4379219013,15.7243775141,12.7280123751
1429,7.0,0.0,0.0,7.0,54.2561177512,-17.144134026,-25.3061785163,17.9869603312,22.216644989,32.3873334964
1430,0.0,7.0,0.0,7.0,61.0935862104,-27.3760303339,12.4615320188,21.8713025151,29.3549116617,18.0273035563
1431,7.0,7.0,0.0,7.0,70.0266128424,1.8537526124,2.9098006648,39.9238087693,40.7872573505,31.7116820681
1432,0.0,0.0,7.0,7.0,51.7152707513,-8.71102719863,4.73789839806,17.5153801192,19.8923407589,14.4950357037
1433,7.0,0.0,7.0,7.0,55.9476540601,25.3201652125,-2.03392709624,29.1167088267,23.8603025224,20.671606265
1434,0.0,7.0,7.0,7.0,43.8791365974,9.47188017345,-3.05936402255,14.7781573669,13.7547474604,12.3882420241
1435,7.0,7.0,7.0,7.0,60.4962604374,-23.0146826254,-31.6420194395,22.2580169752,28.6778538508,45.105370278
1436,40.0,3.0,0.0,0.0,84.3916428757,-0.831099847269,0.0432935195462,62.1475730202,64.8214462454,53.4443506129
1437,3.0,40.0,0.0,0.0,55.259429729,45.6192763007,-1.45111543991,33.8674496504,23.1821152055,19.8134586198
1438,40.0,0.0,3.0,0.0,84.2768695335,1.72360028252,0.516449167907,63.0410948117,64.5993778092,52.8250153585
1439,40.0,3.0,3.0,0.0,81.7581304559,-3.3652191794,58.0696503518,56.3440233789,59.8528306692,13.9077367796
1440,0.0,40.0,3.0,0.0,84.9481388099,-0.109194254271,2.99075924941,63.5044558738,65.9053970799,51.6234866785
1441,3.0,40.0,3.0,0.0,37.6385168774,1.49256331919,4.72321833988,9.71964803405,9.88681289183,6.97050234809
1442,40.0,40.0,3.0,0.0,83.5856281043,0.226520456246,2.28769534096,61.1101881983,63.2726512978,50.1474602923
1443,3.0,0.0,40.0,0.0,62.4508459657,-2.48736110644,-0.667911551439,29.1749411884,30.9327780668,25.9027405265
1444,0.0,3.0,40.0,0.0,71.761701924,-11.0780696342,-15.5310430629,38.1967506909,43.3053090702,47.9019638769
1445,3.0,3.0,40.0,0.0,74.3946685963,7.74216257251,-4.57937079158,48.4060576678,47.3210620346,42.5886650167
1446,40.0,3.0,40.0,0.0,54.3970098673,-4.62979614226,15.5715251561,20.5809949265,22.350573463,12.2154201771
1447,3.0,40.0,40.0,0.0,63.2837952038,-6.43153013019,-20.0562514761,29.0827658984,31.9285595178,39.7248289549
1448,40.0,0.0,0.0,3.0,40.4119019103,14.9058419708,10.592013148,13.2576110046,11.5010703129,6.71465508738
1449,40.0,3.0,0.0,3.0,72.4942018895,5.258170794,14.8675088953,44.6085729185,44.3987233725,26.9341435231
1450,0.0,40.0,0.0,3.0,54.4944970271,-4.11817838763,8.25432830183,20.7741406272,22.4435566464,14.995801858
1451,3.0,40.0,0.0,3.0,61.029940913,-10.7563287359,-2.89505470414,25.5804276692,29.2822690383,25.7756382834
1452,40.0,40.0,0.0,3.0,40.0398717826,13.6426555209,8.66660172903,12.8206693882,11.2750228634,7.01752286131
1453,40.0,0.0,3.0,3.0,35.204707518,2.11583153549,-9.0244548235,8.53486192527,8.60113376111,9.50321300522
1454,40.0,3.0,3.0,3.0,42.5348832567,15.8846077444,11.506290074,14.8808802817,12.8490287805,7.37332889124
1455,0.0,40.0,3.0,3.0,37.1860414351,-3.31895299905,-9.27314402959,8.89670071637,9.63871268988,10.6178743613
1456,3.0,40.0,3.0,3.0,46.633480457,4.46668292345,18.6887148999,15.945410491,15.741483877,7.34469978555
1457,40.0,40.0,3.0,3.0,39.6739621691,-9.91748308435,-9.2934153784,9.3929862132,11.0556026757,12.0363232598
1458,0.0,0.0,40.0,3.0,55.8050333748,-34.7404618694,8.29430847707,16.0021987726,23.7186899206,15.8945879276
1459,3.0,0.0,40.0,3.0,45.658555017,12.2708472271,-17.1912821055,16.5815184932,15.0177911532,19.4272252704
1460,40.0,0.0,40.0,3.0,68.1893106089,-19.917385649,28.3664795547,31.1214189781,38.2293480833,16.4288874993
1461,0.0,3.0,40.0,3.0,51.4776934283,33.7623069606,-5.60640209006,26.3878305327,19.6836991572,18.7040255119
1462,3.0,3.0,40.0,3.0,82.2585140408,-3.58792078916,52.64626804,57.1297633712,60.7766290448,16.4193765026
1463,40.0,3.0,40.0,3.0,43.1095506173,3.24724993478,-18.1869320019,13.2528652454,13.231193023,17.8668300251
1464,0.0,40.0,40.0,3.0,59.1347789745,34.5018037162,20.8970753792,35.5020748562,27.173718483,13.2268373843
1465,3.0,40.0,40.0,3.0,50.5338875958,-11.7603018607,-18.8711002784,16.0476170095,18.8692540951,24.5860735786
1466,40.0,40.0,40.0,3.0,74.3893515796,8.78726768606,36.6588591753,48.7805717389,47.3127122476,17.4615258101
1467,3.0,0.0,0.0,40.0,58.91579449,-28.0831069804,-18.1878172464,19.7703492517,26.9368123693,32.9986211959
1468,0.0,3.0,0.0,40.0,60.3505775608,-23.1268377758,-31.4160584008,22.0972783829,28.5143195521,44.7117086789
1469,3.0,3.0,0.0,40.0,84.5692873963,-0.344553188293,0.314835529671,62.689726736,65.1661630775,53.4765464492
1470,40.0,3.0,0.0,40.0,55.3772023315,45.5302226079,-1.55839783106,33.9881505299,23.297246614,19.9622190177
1471,3.0,40.0,0.0,40.0,84.890659112,0.851159892888,0.670084736546,63.8170488643,65.7928819083,53.6610645581
1472,0.0,0.0,3.0,40.0,82.0957421636,-3.44404333669,57.3977401262,56.9024422279,60.4750873259,14.3867153261
1473,3.0,0.0,3.0,40.0,85.1137436459,0.054072030708,2.09290785713,63.8893477863,66.2302817334,52.7023089794
1474,40.0,0.0,3.0,40.0,37.3194255639,1.51912964446,4.6878096921,9.55160333186,9.71141286904,6.84856153509
1475,0.0,3.0,3.0,40.0,84.2973344818,0.279265917603,2.43459317759,62.4519187096,64.6389370643,51.1128219163
1476,3.0,3.0,3.0,40.0,54.5594283583,-1.37872715657,-1.37366056744,21.4082746034,22.5056309686,19.2056627512
1477,40.0,3.0,3.0,40.0,83.1211118071,0.585093940008,0.385007023997,60.411241964,62.3913706395,51.132265593
1478,0.0,40.0,3.0,40.0,58.5394455035,-31.4667619274,17.1202439204,18.780321664,26.5328868825,14.2570048301
1479,3.0,40.0,3.0,40.0,55.2096574084,22.0295945723,-12.5075931709,27.4637774505,23.1335733373,25.5356780862
1480,40.0,40.0,3.0,40.0,71.7050681132,-15.7307636079,40.224451659,36.6889378728,43.2215266579,14.1021218837
1481,3.0,0.0,40.0,40.0,47.8559527737,4.42863892831,-23.5123192709,16.8747361267,16.681311799,24.5993771618
1482,0.0,3.0,40.0,40.0,58.9776194997,-30.6201555426,9.53644904695,19.3170880251,27.0035570433,17.7045844388
1483,3.0,3.0,40.0,40.0,53.6168042134,20.2711885825,-1.46302825185,25.3599530732,21.6156490798,18.4953297279
1484,40.0,3.0,40.0,40.0,72.4241740417,-15.4119818074,29.9809718369,37.7372462983,44.2934050373,18.947680588
1485,3.0,40.0,40.0,40.0,46.7536774029,0.222594425845,-13.0736610834,15.3047251855,15.8322841132,18.3939696709
