SAMPLE_ID,CMYK_C,CMYK_M,CMYK_Y,CMYK_K,LAB_L,LAB_A,LAB_B,XYZ_X,XYZ_Y,XYZ_Z
1,0.0,0.0,0.0,0.0,63.4067757316,4.2792462392,6.94959934883,32.1068191519,32.0773674153,22.6378116826
2,0.0,10.0,0.0,0.0,47.4134374283,-2.49222654126,-2.80303027881,15.3266099309,16.336910082,14.5432179829
3,0.0,20.0,0.0,0.0,36.1983205514,-1.16264823322,-1.0462203405,8.65078955182,9.11162048948,7.78329246242
4,0.0,30.0,0.0,0.0,82.3638940947,2.99538302008,4.43401452364,60.0503774685,60.9723835543,46.4649011645
5,0.0,40.0,0.0,0.0,36.9264476424,-1.03728245246,-1.19293141356,9.03476668912,9.49826471887,8.14845602075
6,0.0,55.0,0.0,0.0,73.417953072,-0.844757908145,0.525646674689,43.8784891336,45.8036623,37.4075595405
7,0.0,70.0,0.0,0.0,42.8745965984,5.36962091401,-4.47069618574,13.4245804953,13.074041692,12.2764788366
8,0.0,85.0,0.0,0.0,68.1379545576,-0.749468256135,0.681420010719,36.569314618,38.159430265,31.043908945
9,0.0,100.0,0.0,0.0,36.9869804987,-0.199641800183,-0.00181177779925,9.16651797178,9.53089197562,7.86445071695
10,10.0,0.0,0.0,0.0,78.3881646395,2.82630939114,4.36359084758,53.0406167102,53.8739298577,40.9709291901
11,10.0,10.0,0.0,0.0,38.9538342177,-0.614750122668,-0.0796022343981,10.1728929074,10.6321239268,8.79474382357
12,10.0,20.0,0.0,0.0,49.2142435525,0.0824404953662,2.82510546988,17.1492721315,17.7686083775,13.5833888354
13,10.0,30.0,0.0,0.0,40.8934595502,-0.529360369937,-0.668090815772,11.3033663836,11.7981268467,9.93495098555
14,10.0,40.0,0.0,0.0,74.0997149777,6.13727098589,0.56455472061,47.3625407396,46.8593525502,38.2438591411
15,10.0,55.0,0.0,0.0,52.8249973266,-8.01544089438,-16.2368849521,18.5518808523,20.8864505402,25.3198644237
16,10.0,70.0,0.0,0.0,78.447111618,3.60412868558,0.376026864948,53.4424308704,53.9749284022,44.2271557076
17,10.0,85.0,0.0,0.0,38.1917762238,-0.265363912484,1.608258766,9.79840600748,10.195914623,7.98571352097
18,10.0,100.0,0.0,0.0,68.6039635042,-1.46608792315,0.111168511951,36.9623737343,38.7970013561,31.9384508624
19,20.0,0.0,0.0,0.0,40.5701140657,-0.426432565835,1.29675617656,11.1254318912,11.5981092579,9.19301038179
20,20.0,10.0,0.0,0.0,63.9767139784,-1.3825071283,0.708516969462,31.224197231,32.7730379545,26.626489991
21,20.0,20.0,0.0,0.0,82.0436293709,0.136675869474,1.12840741753,58.2794835719,60.378757403,48.8277608922
22,20.0,30.0,0.0,0.0,54.6511948177,-0.791367858579,2.12884229234,21.6174591285,22.5935546922,17.681640126
23,20.0,40.0,0.0,0.0,49.1903169073,-1.47617472251,-0.288417099511,16.8470119634,17.7490580215,14.7578573034
24,20.0,55.0,0.0,0.0,46.9307365977,-0.268574553149,2.9916369661,15.3509070047,15.9666747208,12.1142173185
25,20.0,70.0,0.0,0.0,82.0189187469,0.390647515238,-0.602660514618,58.3404922787,60.3331158623,50.3156032034
26,20.0,85.0,0.0,0.0,40.2098774711,0.226796018416,3.27315181945,11.0025460306,11.377948092,8.46855321711
27,20.0,100.0,0.0,0.0,62.2324331352,-9.51851700234,-8.18481164688,27.1450566145,30.6751394089,30.2029544778
28,30.0,0.0,0.0,0.0,74.7079103528,-2.73206976862,-2.44843524716,45.1476983474,47.8147092017,41.3342451695
29,30.0,10.0,0.0,0.0,80.4820198479,-0.521247827636,5.56460937612,55.2766058759,57.5393819685,42.8691708806
30,30.0,20.0,0.0,0.0,59.4050266279,-2.55162093706,-0.000566150551307,25.8683270734,27.4679928238,22.6642633872
31,30.0,30.0,0.0,0.0,48.2464579476,-1.77043051162,1.52712940358,16.0704299412,16.9892262266,13.4460713863
32,30.0,40.0,0.0,0.0,55.6287639646,-2.56965997815,1.30845133284,22.1416223104,23.5444420585,18.8156751648
33,30.0,55.0,0.0,0.0,85.0868153909,0.0899878861843,0.807887908278,63.8541090685,66.1773811801,53.8474568013
34,30.0,70.0,0.0,0.0,38.9584632898,3.02885471218,-13.290645478,10.6535157962,10.6348109648,13.0092583662
35,30.0,85.0,0.0,0.0,47.5193960396,19.7652149491,16.4264741695,19.5151469658,16.4189398728,8.32001821827
36,30.0,100.0,0.0,0.0,41.955303138,-5.23534300146,-14.6635110344,11.2854895138,12.4711234316,15.5173940331
37,40.0,0.0,0.0,0.0,72.8660692749,3.96068344008,18.8808892298,44.7143431941,44.9607911785,25.0035016413
38,40.0,10.0,0.0,0.0,56.5379414182,-28.0198632547,-1.83189622269,17.7911831676,24.4524123897,21.0754227894
39,40.0,20.0,0.0,0.0,55.1757500963,-29.0748544035,4.19724566692,16.5237421194,23.1005431047,17.1707461388
40,40.0,30.0,0.0,0.0,72.7139111298,13.8976797114,21.1103974562,48.0091323139,44.730238265,23.6377577943
41,40.0,40.0,0.0,0.0,47.523440933,-10.9744245187,-2.83367885377,14.0069124394,16.42207673,14.6291037821
42,40.0,55.0,0.0,0.0,46.5280533684,20.7848679385,4.77943575482,18.8734725208,15.6621275853,11.2792228004
43,40.0,70.0,0.0,0.0,38.4436862014,1.01492462367,-3.77235545351,10.0995374851,10.3387634499,9.60091759543
44,40.0,85.0,0.0,0.0,45.4484895539,7.91098959231,-16.7702175473,15.6572218663,14.8648204779,19.0599351419
45,40.0,100.0,0.0,0.0,47.27235534,20.664589982,8.45614069201,19.4821678409,16.2281135175,10.511262326
46,55.0,0.0,0.0,0.0,42.4791666796,-7.66632815909,-4.58015588608,11.2615643459,12.8123725521,12.0786610754
47,55.0,10.0,0.0,0.0,56.0193330263,5.56086835386,15.3711917109,24.3397557243,23.9316871826,13.2833180853
48,55.0,20.0,0.0,0.0,55.2892612652,-29.613364784,9.56837619088,16.5149549051,23.2112417784,15.0181443605
49,55.0,30.0,0.0,0.0,47.3487732359,29.0316317847,4.47769809849,21.2664487239,16.286983619,11.852515349
50,55.0,40.0,0.0,0.0,72.9298216685,-14.4242890889,22.8703739067,38.7261796146,45.0576250395,22.8991959763
51,55.0,55.0,0.0,0.0,49.1506707632,28.7094079828,-2.73706467652,22.8777744053,17.7166949093,15.7129558388
52,55.0,70.0,0.0,0.0,60.572708506,-28.9584042641,4.3959955071,21.0579835471,28.763919166,21.4405358947
53,55.0,85.0,0.0,0.0,43.1211032001,8.2607146784,-13.2354647316,14.048448496,13.2389523949,15.7550228454
54,55.0,100.0,0.0,0.0,59.2172864112,-1.99473612361,33.902133914,25.8076468917,27.2633373049,9.06321303745
55,70.0,0.0,0.0,0.0,42.1542715848,20.2383278085,-3.19395996137,15.3370930363,12.6000101004,11.4218317365
56,70.0,10.0,0.0,0.0,52.6536078272,-11.6158612219,21.1747876922,17.7277275111,20.7308031063,9.46957983664
57,70.0,20.0,0.0,0.0,39.0501244589,8.67959900194,-9.98592127864,11.4793718129,10.6881108124,11.9054168178
58,70.0,30.0,0.0,0.0,46.2150562984,-21.5571844297,8.92871276763,11.5701341252,15.4281029314,9.80824772785
59,70.0,40.0,0.0,0.0,53.8659028327,34.7946908706,9.71908531989,29.2474868922,21.8485117176,14.0063554203
60,70.0,55.0,0.0,0.0,62.5309710599,-4.95901357852,25.6107095253,28.6240122084,31.0276536787,13.6482794156
61,70.0,70.0,0.0,0.0,46.9729173988,14.2170255094,-1.90633851042,17.9809270527,15.9988023592,13.9082970772
62,70.0,85.0,0.0,0.0,53.3119682242,-17.653932555,10.630376571,17.1357784153,21.3329407349,13.3100533243
63,70.0,100.0,0.0,0.0,51.9912453056,24.2186816247,-3.62130828788,24.6403198607,20.1365478875,18.2025838368
64,85.0,0.0,0.0,0.0,66.4597038068,1.81645003691,41.1078733117,35.1724878966,35.9212419614,10.6465489763
65,85.0,10.0,0.0,0.0,35.1382519835,7.94573669042,-1.55687257178,9.18783118569,8.56768851044,7.45037104238
66,85.0,20.0,0.0,0.0,49.3035079097,-22.340250332,4.08225327557,13.4247286626,17.8416725739,13.1773576688
67,85.0,30.0,0.0,0.0,48.6542325846,-16.3335848552,13.8844539571,13.9295063338,17.3147775327,9.5854629481
68,85.0,40.0,0.0,0.0,53.5634391755,2.33635752418,-2.84610107165,21.2859013062,21.5659784894,19.0912531095
69,85.0,55.0,0.0,0.0,44.0583211683,-6.13846604026,7.36406712352,12.4534361491,13.8785980014,9.17778444212
70,85.0,70.0,0.0,0.0,54.2425694515,18.6126405567,1.41371453704,25.6074431867,22.2037945896,17.6863391247
71,85.0,85.0,0.0,0.0,43.5783251732,4.28059978271,-1.5521785003,13.7290222924,13.5484902666,11.6933779326
72,85.0,100.0,0.0,0.0,48.0996613874,19.0557105069,-14.3421911738,19.8746487298,16.8730362009,20.0759914135
73,100.0,0.0,0.0,0.0,53.5755169369,28.9346458495,3.22327455092,27.4290647065,21.5772134415,16.4065343904
74,100.0,10.0,0.0,0.0,52.2281601519,-0.455429627308,-6.80037725342,19.5302585969,20.3477790413,19.8722986104
75,100.0,20.0,0.0,0.0,52.528006144,-0.469222782364,17.2778115689,19.7865104059,20.6172302122,10.5865817996
76,100.0,30.0,0.0,0.0,49.0311252481,-12.5649803495,-3.75892255269,14.8063407666,17.6193482117,16.0495158184
77,100.0,40.0,0.0,0.0,59.2994110572,-22.6606186422,-4.37980095995,21.2282704457,27.3527358006,24.9309271082
78,100.0,55.0,0.0,0.0,52.9847067824,0.296413354253,10.1685146391,20.3419630752,21.0321901897,13.2725391274
79,100.0,70.0,0.0,0.0,44.0953682126,-3.70086668411,-0.949958316221,12.8413386189,13.9042969346,11.7909532596
80,100.0,85.0,0.0,0.0,45.0564563365,14.4683640754,4.08618643742,16.5104607987,14.582124981,10.6843711096
81,100.0,100.0,0.0,0.0,47.1134258844,18.3691140796,-11.1115113894,18.8944282021,16.1061335945,17.7900930833
82,0.0,0.0,10.0,0.0,43.3261260701,-1.08403951064,-2.25599981317,12.736182053,13.3771625169,11.7841081826
83,0.0,10.0,10.0,0.0,56.2914464231,-19.7952791176,0.460516573226,19.1682246308,24.2039794315,19.7502695414
84,0.0,20.0,10.0,0.0,49.9792905969,9.09603649719,-1.06010524066,19.5019503664,18.4013191417,15.6114525727
85,0.0,30.0,10.0,0.0,66.9032172619,-3.88337134293,17.9663266758,34.0654364338,36.5039773696,20.1297781551
86,0.0,40.0,10.0,0.0,57.4627194297,29.2766970936,12.7782294817,31.933839577,25.3996092324,15.2328113944
87,0.0,55.0,10.0,0.0,52.9360960704,-17.4869630312,-9.54343930788,16.8713997884,20.9877599303,21.8324104555
88,0.0,70.0,10.0,0.0,60.5135480165,18.879780264,-1.07357218201,32.7024025477,28.6973011825,24.2610782377
89,0.0,85.0,10.0,0.0,57.3033566739,-8.74068419274,16.1267768156,22.369557722,25.2346693564,13.8246181948
90,0.0,100.0,10.0,0.0,51.8287122653,1.3865655008,-14.2348944949,19.5542603296,19.9924835975,23.2825926042
91,10.0,0.0,10.0,0.0,68.0572344503,8.61360217669,34.4646106461,39.3707341925,38.0497076377,13.9012440433
92,10.0,10.0,10.0,0.0,34.3321389003,-1.76208886843,-4.48605592744,7.68682514006,8.16887389228,7.84044016307
93,10.0,20.0,10.0,0.0,53.5867766704,-17.8219951335,16.3166660524,17.3223371059,21.5876909631,11.4883950656
94,10.0,30.0,10.0,0.0,35.1040618851,6.81445777096,3.51979461446,9.03436438075,8.55051539848,6.24289765839
95,10.0,40.0,10.0,0.0,61.354838177,2.33445825639,33.6508142603,29.2004104907,29.654354715,10.2272897186
96,10.0,55.0,10.0,0.0,48.9982577019,-5.66118555507,-5.06659125258,15.9567669221,17.592646593,16.5749355399
97,10.0,70.0,10.0,0.0,63.6439067181,-16.7475427978,10.5204462074,26.8614810278,32.3656026037,21.0252999557
98,10.0,85.0,10.0,0.0,57.095535118,12.6538357467,9.77631576761,27.15264962,25.020649653,16.203288429
99,10.0,100.0,10.0,0.0,75.7546539166,-2.19969027044,29.7544843033,46.9303562675,49.4891889798,21.8550760138
100,20.0,0.0,10.0,0.0,40.6511613919,14.7515918877,-6.52553364895,13.3932422592,11.6480301281,11.6686752285
101,20.0,10.0,10.0,0.0,43.4776562392,7.46360884574,7.03398216365,14.1672856019,13.4799279777,8.98702693978
102,20.0,20.0,10.0,0.0,46.9960134196,4.06326423525,-6.91617459715,16.1483245271,16.0164120345,15.9038854635
103,20.0,30.0,10.0,0.0,60.8200110342,-11.1460491002,0.575333823167,25.2724345101,29.0435117981,23.653003518
104,20.0,40.0,10.0,0.0,67.5116382576,-20.3422155353,4.69546567839,30.2194575326,37.3135906207,27.8727575496
105,20.0,55.0,10.0,0.0,68.0842738101,-11.4954742253,7.2221831098,33.3416217717,38.0864387078,26.9587959912
106,20.0,70.0,10.0,0.0,62.2801190631,-2.05678787797,3.80392941459,29.0954010868,30.7312669342,23.27239387
107,20.0,85.0,10.0,0.0,55.5199997793,9.48337370102,0.0652433289897,24.7511139487,23.4373521632,19.3075878292
108,20.0,100.0,10.0,0.0,42.6329806242,10.0643108137,-2.48982688419,14.0003849281,12.9137373464,11.4620287794
109,30.0,0.0,10.0,0.0,40.7115781947,13.2253751193,2.08394365342,13.1977849202,11.6853367342,9.03819805778
110,30.0,10.0,10.0,0.0,50.1323636378,28.6417469012,-5.63369009131,23.8134958881,18.529690596,17.6689869114
111,30.0,20.0,10.0,0.0,43.6577219437,9.18681383421,0.280356762516,14.5737419318,13.6027284752,11.1321478935
112,30.0,30.0,10.0,0.0,47.0773789706,1.68247771676,2.93807892027,15.7940975445,16.0785525432,12.2200596104
113,30.0,40.0,10.0,0.0,49.7492956992,-3.79970550906,5.3166803199,16.8625416855,18.2095556183,13.0083761851
114,30.0,55.0,10.0,0.0,64.934619291,-15.6866577313,2.96032857353,28.5296051417,33.9647964991,26.2784990851
115,30.0,70.0,10.0,0.0,66.209453277,14.1232169935,19.2253971459,38.5941823765,35.5951897422,18.9665017843
116,30.0,85.0,10.0,0.0,61.4426287013,5.5074997066,11.4956221715,30.1368328467,29.7554341217,18.7403529438
117,30.0,100.0,10.0,0.0,56.0411418399,-2.59110892074,4.56707681431,22.5247859614,23.9534346667,17.6631318824
118,40.0,0.0,10.0,0.0,52.1316187848,-10.9638216181,-2.62833788597,17.430492471,20.2615262041,17.865355417
119,40.0,10.0,10.0,0.0,51.1955600237,-1.18120661444,-20.6691797659,18.5154232176,19.4378293818,26.2447328693
120,40.0,20.0,10.0,0.0,52.0265695582,11.6095347896,22.2430825998,21.8505649108,20.1679494945,8.85512297241
121,40.0,30.0,10.0,0.0,49.540885269,8.17317118902,-2.90454336758,18.9466379458,18.0369433719,16.0597049043
122,40.0,40.0,10.0,0.0,46.7029080641,0.384887775456,12.5068549353,15.2951377269,15.7938890177,9.01186347187
123,40.0,55.0,10.0,0.0,44.1122149074,-1.12600530336,-10.798881979,13.2449427726,13.9159936989,15.458229944
124,40.0,70.0,10.0,0.0,42.2843015055,-11.0187700435,2.53810745679,10.6919121252,12.684718119,9.69303642938
125,40.0,85.0,10.0,0.0,69.0573247776,9.05279804546,22.2668408144,40.9026692767,39.4240457216,19.8476748992
126,40.0,100.0,10.0,0.0,63.8956152559,0.864792764984,13.8883330448,31.7448117753,32.6734405661,19.5993172357
127,55.0,0.0,10.0,0.0,59.0009738492,-7.50731464471,5.97525455067,24.2898109151,27.0287984542,19.3507021291
128,55.0,10.0,10.0,0.0,54.1629878278,-12.1120284151,-29.528772346,18.8758723693,22.1284124026,35.1579612624
129,55.0,20.0,10.0,0.0,64.125227685,5.69511752212,-2.40562278927,33.3774727038,32.9559520422,28.6375175783
130,55.0,30.0,10.0,0.0,43.869870149,-0.61174159017,16.7713043278,13.1634277434,13.7483627023,6.66428169112
131,55.0,40.0,10.0,0.0,35.4796565323,-2.03343725474,0.641756698277,8.19876730292,8.74043312598,7.0564678039
132,55.0,55.0,10.0,0.0,39.0230559729,-12.0954092697,5.31028074631,8.7956923784,10.6723523333,7.40829836671
133,55.0,70.0,10.0,0.0,55.9681744428,-6.88994120987,26.3788556477,21.527495154,23.8807241277,9.61963894148
134,55.0,85.0,10.0,0.0,46.748883577,-5.76695936842,-11.1263261776,14.3078269247,15.828656051,17.5183765242
135,55.0,100.0,10.0,0.0,48.871346478,5.64724493265,16.6712658903,17.9079640636,17.4897970183,8.89200646186
136,70.0,0.0,10.0,0.0,46.7534854182,-0.0799282691677,-11.3991994744,15.2533331392,15.8321388048,17.6423571802
137,70.0,10.0,10.0,0.0,48.6156176193,26.6338496395,9.64110436149,21.9198688046,17.2837721249,10.8696618885
138,70.0,20.0,10.0,0.0,53.1521774716,39.7736641961,-2.15903591148,29.7472280802,21.1857387074,18.4473838988
139,70.0,30.0,10.0,0.0,46.1304220332,9.25429822029,-8.62001442353,16.4063338831,15.3652256747,15.9913663786
140,70.0,40.0,10.0,0.0,59.3654841128,18.3767283459,6.54153956354,31.1923544356,27.4248027042,19.3799841983
141,70.0,55.0,10.0,0.0,46.4014697887,-10.2495877862,5.82883647782,13.3598511424,15.567199443,10.8679866263
142,70.0,70.0,10.0,0.0,56.2844696977,-4.61792339412,5.8771327688,22.3108510333,24.1969724523,17.2716463754
143,70.0,85.0,10.0,0.0,70.6331172565,-8.16050944399,11.314078133,37.5923756202,41.656028046,27.1368864351
144,70.0,100.0,10.0,0.0,46.5999802958,-8.69799148144,-0.217803212663,13.7362462212,15.7162389007,13.0462045157
145,85.0,0.0,10.0,0.0,49.1677234879,6.76669494701,7.12470328855,18.3631821266,17.7306102075,12.0193320398
146,85.0,10.0,10.0,0.0,41.0776324947,3.58178108156,-3.81934851875,11.9968043678,11.913075245,11.0189984361
147,85.0,20.0,10.0,0.0,53.3093891263,39.4162537482,0.28280647661,29.8318963123,21.3305594276,17.4752820537
148,85.0,30.0,10.0,0.0,43.7484835746,-13.5127370273,2.12068551122,11.2097757483,13.664907437,10.592885693
149,85.0,40.0,10.0,0.0,40.5611114989,4.22085421848,-6.44242978684,11.7693842564,11.5925729704,11.5887803366
150,85.0,55.0,10.0,0.0,48.7371345955,-4.62246400012,11.8321562677,15.9416332016,17.3814678869,10.2469929381
151,85.0,70.0,10.0,0.0,44.2532907795,15.468584795,0.816746590997,16.0751766261,14.0142011247,11.2925902838
152,85.0,85.0,10.0,0.0,55.2678796744,5.17509319833,22.5748411589,23.5117032374,23.1903629913,10.4071637586
153,85.0,100.0,10.0,0.0,50.5752683393,-0.704755206719,-2.92257057942,18.0955305901,18.9044831878,16.8202174892
154,100.0,0.0,10.0,0.0,66.7718120033,-12.3544151249,14.9736586604,31.5186568459,36.330671112,21.4962474225
155,100.0,10.0,10.0,0.0,58.5819669048,18.3476443055,11.003381486,30.2728493312,26.5783202463,16.7682705964
156,100.0,20.0,10.0,0.0,78.8043901665,2.66613242447,33.4211613474,53.6777785326,54.5897844115,22.6775764759
157,100.0,30.0,10.0,0.0,57.6754231306,11.7679299201,11.2623361649,27.5557052918,25.6208744674,16.0008285323
158,100.0,40.0,10.0,0.0,54.7178137532,-12.2921683667,-12.2963591871,19.3105035763,22.6575272095,24.9405431242
159,100.0,55.0,10.0,0.0,39.1451944146,1.0860176572,6.98726139162,10.5026412421,10.7435806618,7.05031651324
160,100.0,70.0,10.0,0.0,64.4902862395,-1.62525023081,-0.0615001782932,31.7650064747,33.4084593077,27.6021375555
161,100.0,85.0,10.0,0.0,49.5823659079,22.7337832096,16.6193035939,21.977447228,18.0712116407,9.25499638583
162,100.0,100.0,10.0,0.0,57.599357667,-24.4705805958,1.48421699458,19.3584757127,25.5416003126,20.3436219254
163,0.0,0.0,20.0,0.0,51.9275967281,3.95201453348,0.818173492483,20.1578088579,20.08004959,16.2233274941
164,0.0,10.0,20.0,0.0,69.6199549333,-9.27932507667,19.940514157,35.9238628441,40.2115688173,21.4678544739
165,0.0,20.0,20.0,0.0,60.599808516,22.5095663996,15.9594973688,33.8412946363,28.7944696749,16.1442630511
166,0.0,30.0,20.0,0.0,43.7064101048,27.273598896,0.54340304922,17.7883964496,13.6360602456,11.0739393332
167,0.0,40.0,20.0,0.0,40.2118452558,-4.49404702416,-1.38048024796,10.3735387399,11.379143085,9.79593380148
168,0.0,55.0,20.0,0.0,52.2729965633,13.8195875911,0.588440866683,22.5618248775,20.3879202845,16.5711446194
169,0.0,70.0,20.0,0.0,51.3846786519,-19.2867537891,-6.49725028099,15.3814915299,19.602412194,19.0421606231
170,0.0,85.0,20.0,0.0,80.2777865511,-6.6714857328,23.3830770288,52.5168766615,57.1747565262,29.9155743022
171,0.0,100.0,20.0,0.0,79.642318283,3.11224666327,25.0977749965,55.2822320275,56.050090189,28.1816480659
172,10.0,0.0,20.0,0.0,50.686872842,-19.9491873138,-0.825179546083,14.7653403617,18.9997151401,16.016711456
173,10.0,10.0,20.0,0.0,63.9085658384,28.1315626632,13.9842993623,39.8938998426,32.6893316264,19.5643819971
174,10.0,20.0,20.0,0.0,39.0349632739,-0.360528477865,-9.47582414122,10.2511043698,10.6792825053,11.7237709283
175,10.0,30.0,20.0,0.0,43.7624751441,26.2163007,9.18993823454,17.6359098033,13.6745096025,8.52521540576
176,10.0,40.0,20.0,0.0,47.3394739981,30.5206721812,1.17457601369,21.5739321455,16.2798121635,13.0037676166
177,10.0,55.0,20.0,0.0,38.9070043022,-1.16398924858,-6.53405505516,10.076177394,10.6049660061,10.6899911657
178,10.0,70.0,20.0,0.0,51.6231288019,12.2323828611,11.1426824246,21.6114262446,19.8112471119,12.0933164694
179,10.0,85.0,20.0,0.0,43.1785812875,-12.0024169112,-4.17328098769,11.079889442,13.2776030457,12.3554284423
180,10.0,100.0,20.0,0.0,76.1478669176,-1.05588164518,19.7430675607,47.9538999558,50.1281747562,27.7782830128
181,20.0,0.0,20.0,0.0,59.8084792028,-0.352482151149,10.9748512094,26.8276977233,27.9112563355,17.7019738298
182,20.0,10.0,20.0,0.0,41.7275303017,19.4250819675,4.90017700846,14.8909540827,12.3246605341,8.73989467562
183,20.0,20.0,20.0,0.0,52.6767605564,-8.24849693549,1.46275124686,18.3842498954,20.7517839361,16.4956367476
184,20.0,30.0,20.0,0.0,38.2750599729,6.94226088363,-1.60105218551,10.7829479647,10.2429951802,8.89280769359
185,20.0,40.0,20.0,0.0,45.9365572705,-16.101215297,-7.83441252258,12.1794949049,15.2218422518,15.5316715306
186,20.0,55.0,20.0,0.0,51.2275640671,22.9075622846,6.23774934388,23.5834292334,19.4656162834,13.605185207
187,20.0,70.0,20.0,0.0,63.2425388686,-3.36896078911,13.6189668281,29.8398593618,31.8787421489,19.1954797965
188,20.0,85.0,20.0,0.0,51.8608894664,30.6802580385,6.31485925697,26.0405488035,20.0209497456,13.9863708407
189,20.0,100.0,20.0,0.0,53.7430905595,-15.2091003374,-0.526747267697,17.934824187,21.7334963242,18.1691033563
190,30.0,0.0,20.0,0.0,44.9572154121,9.45514617966,-6.92070625558,15.55868951,14.5111353064,14.497669951
191,30.0,10.0,20.0,0.0,67.1682796296,2.00383712987,31.8673623408,36.1386499789,36.8552351381,14.3070471564
192,30.0,20.0,20.0,0.0,50.2133931434,25.3309979273,2.71692812927,23.1453986756,18.5978852895,14.275462996
193,30.0,30.0,20.0,0.0,58.1830759394,-10.3080655757,17.3668883808,22.8590003854,26.1541459775,13.9289402921
194,30.0,40.0,20.0,0.0,43.5806987521,4.56525778131,-8.20597056113,13.775594839,13.5501096319,14.0793137038
195,30.0,55.0,20.0,0.0,69.3098878501,4.77619690194,1.14863378965,39.8701955198,39.7762782839,32.0566884031
196,30.0,70.0,20.0,0.0,38.3325232841,17.5360634527,7.96206768215,12.3053692086,10.2755637197,6.49508590302
197,30.0,85.0,20.0,0.0,60.2930946843,-5.71302398995,-10.3494823605,26.0290516702,28.4499643853,29.4623896093
198,30.0,100.0,20.0,0.0,35.1732004601,0.442543154392,-1.15484832095,8.32866467834,8.58526629198,7.36555930278
199,40.0,0.0,20.0,0.0,81.5982774511,-4.38585963157,3.90223830528,55.6554989837,59.5596984749,45.8027834363
200,40.0,10.0,20.0,0.0,47.436050559,3.77609431678,-20.1859474209,16.4329076522,16.3543934634,22.4293267206
201,40.0,20.0,20.0,0.0,68.713453636,-16.809983267,-13.928763478,32.6053304146,38.9478236719,42.2346173884
202,40.0,30.0,20.0,0.0,54.2863285397,22.1473256149,-8.88966753634,26.507801577,22.245317411,22.6976251474
203,40.0,40.0,20.0,0.0,58.0076458619,-18.9523373054,-31.1888854459,20.8383977072,25.9690344006,41.2927982074
204,40.0,55.0,20.0,0.0,45.6280951135,-7.47618049972,-16.9113136358,13.2732711794,14.9955453581,19.2707408359
205,40.0,70.0,20.0,0.0,47.8658355283,-6.24668612674,3.59357031998,15.0223081365,16.6890581165,12.4655588236
206,40.0,85.0,20.0,0.0,52.8085991948,4.36181412832,-7.29979783268,21.0274138985,20.8715249818,20.5997337636
207,40.0,100.0,20.0,0.0,55.213470872,7.43962752445,15.7291506125,23.9730870669,23.1372901267,12.6535342858
208,55.0,0.0,20.0,0.0,59.9072896426,16.6702937998,2.97849928317,31.364140321,28.0205390902,21.5770125742
209,55.0,10.0,20.0,0.0,77.6640361064,1.07590745363,1.51676109797,51.1708186473,52.6434856017,42.2239379642
210,55.0,20.0,20.0,0.0,46.3610243114,7.46190982004,-19.6184316193,16.2649050832,15.5369494435,21.195291804
211,55.0,30.0,20.0,0.0,66.214309586,-11.7992025333,-14.2977493068,31.0140812697,35.6014981938,39.1905728335
212,55.0,40.0,20.0,0.0,51.6243072045,27.0581032841,-8.53943378553,24.9345236034,19.8122828241,20.208556329
213,55.0,55.0,20.0,0.0,57.9708569477,-23.0224485504,-18.6236576573,19.9697019427,25.9303263292,32.2033624255
214,55.0,70.0,20.0,0.0,44.5582742335,1.81613302191,-16.0332665572,14.0084579515,14.2280867105,18.0208571512
215,55.0,85.0,20.0,0.0,71.5070384051,-6.01226214035,37.1610356081,39.4484741113,42.9294169101,15.1653104677
216,55.0,100.0,20.0,0.0,50.3244463691,11.8207706418,-11.1006045834,20.3537991814,18.6916195482,20.3640051131
217,70.0,0.0,20.0,0.0,59.7068838863,-22.0491637581,16.4104996655,21.7316686628,27.7991902014,15.3281043286
218,70.0,10.0,20.0,0.0,57.9226683626,31.0344880778,1.4181200805,32.9809342712,25.8796821184,20.6485710159
219,70.0,20.0,20.0,0.0,80.2967351177,4.254240526,13.377273201,56.8796276421,57.2085211032,36.6879071105
220,70.0,30.0,20.0,0.0,46.3104242654,11.0736420697,-14.2973611706,16.8717029321,15.4991598481,18.6038378885
221,70.0,40.0,20.0,0.0,68.7807834191,-9.5021058415,-3.68040834904,34.7858347399,39.0407640439,34.7076768565
222,70.0,55.0,20.0,0.0,52.7529260834,31.7720907335,-2.79584077412,27.2522226702,20.8209044413,18.4238870742
223,70.0,70.0,20.0,0.0,55.6076200489,-26.2232596412,-9.81679824384,17.3793669662,23.5235981376,24.4172358006
224,70.0,85.0,20.0,0.0,33.7896976446,1.77797528076,-3.47943052025,7.81635339776,7.90759647633,7.35054722835
225,70.0,100.0,20.0,0.0,63.7878307453,-2.2435177189,5.13390679647,30.7693992959,32.5413829332,23.9547218694
226,85.0,0.0,20.0,0.0,36.3329313469,14.6680669899,5.17294123079,10.6965036052,9.18229449886,6.34655032824
227,85.0,10.0,20.0,0.0,53.9417871163,-13.5479207476,-7.19906941349,18.4136417197,21.9197808212,21.5225084658
228,85.0,20.0,20.0,0.0,44.0487656093,7.29433455393,-15.7519533081,14.539795921,13.8719746063,17.5052761756
229,85.0,30.0,20.0,0.0,68.534032447,-9.72442735802,32.7686875578,34.4101750186,38.7008755986,14.8737210191
230,85.0,40.0,20.0,0.0,50.8830557474,26.6065873267,-4.78145710646,24.0879626587,19.1678919684,17.8655447846
231,85.0,55.0,20.0,0.0,56.239750419,-26.7250331968,11.1696101925,17.7929690781,24.1520913651,15.0330716582
232,85.0,70.0,20.0,0.0,40.1382441282,1.28537745534,-10.6257076346,11.1049179513,11.3345036519,12.7827215023
233,85.0,85.0,20.0,0.0,55.624067316,-16.807848119,-7.00470594557,19.190067104,23.5398109837,22.9189869803
234,85.0,100.0,20.0,0.0,43.8407808325,17.8620493803,-1.73432488472,16.1832677458,13.7283324506,11.9081939738
235,100.0,0.0,20.0,0.0,65.9872532965,-6.45515413717,6.36540928191,32.2148779718,35.3073435683,25.3712803542
236,100.0,10.0,20.0,0.0,48.3965334901,33.1950360554,7.81446113409,23.1527169497,17.1085617317,11.3405839245
237,100.0,20.0,20.0,0.0,64.8852881519,29.1325216381,1.2308764108,41.5913785689,33.9027278419,27.2391227604
238,100.0,30.0,20.0,0.0,57.6343820298,-6.95025996057,-18.3749616635,23.0797110609,25.5780817744,31.6586178325
239,100.0,40.0,20.0,0.0,56.4458149354,11.940961326,-11.6603137523,26.2886931205,24.3593636404,26.2697108613
240,100.0,55.0,20.0,0.0,68.2500440187,7.50671422703,-4.06951697591,39.2829746789,38.3121427031,34.3435062242
241,100.0,70.0,20.0,0.0,49.3807422185,-4.90720845011,-23.5632963202,16.3794337576,17.9050513883,26.1095088863
242,100.0,85.0,20.0,0.0,53.6041506266,28.2675406273,-0.943852632379,27.2932363641,21.603864607,18.2493545388
243,100.0,100.0,20.0,0.0,59.6572855716,-0.872487998325,28.8978564199,26.5398246469,27.7445892268,10.7995122466
244,0.0,0.0,30.0,0.0,47.956982134,14.5120052003,-10.206302402,18.8513077449,16.7606138837,18.0356183844
245,0.0,10.0,30.0,0.0,51.7111551176,-14.1679401766,13.6243477372,16.5189794608,19.8887138984,11.3092913775
246,0.0,20.0,30.0,0.0,42.3674411389,1.02046322253,-18.3058620655,12.4343252724,12.7390779298,17.353858321
247,0.0,30.0,30.0,0.0,67.179872206,15.6841018365,4.25609923514,40.4272634061,36.8706487075,27.7932048673
248,0.0,40.0,30.0,0.0,57.2107573905,-15.8723184409,-15.6825934985,20.7645524164,25.1391582433,29.4740626832
249,0.0,55.0,30.0,0.0,57.5108716513,-0.311999664181,-10.1183211292,24.4685045527,25.4495876213,26.4399168292
250,0.0,70.0,30.0,0.0,68.2371137813,-1.33076266487,-0.458403102848,36.5226872155,38.294505594,31.8971024088
251,0.0,85.0,30.0,0.0,47.7505957407,-7.09030956148,-15.0703787296,14.7989007926,16.5988796067,20.1370004811
252,0.0,100.0,30.0,0.0,42.771480622,-8.9587627038,-14.1767634097,11.2570777179,13.0054663051,15.8943522952
253,10.0,0.0,30.0,0.0,40.3004866806,1.87276698629,2.65220493478,11.2820678925,11.4330599169,8.68116256695
254,10.0,10.0,30.0,0.0,49.5745208035,-1.41300454783,-5.89955403826,17.1597904516,18.0647272643,17.3624789708
255,10.0,20.0,30.0,0.0,43.9677646356,15.270495387,11.0226515065,15.8260760639,13.8159137491,8.12853919798
256,10.0,30.0,30.0,0.0,56.4775055275,7.30882662882,1.81136562863,25.2102109226,24.3913448,19.2628566483
257,10.0,40.0,30.0,0.0,61.4417491061,24.2812923342,2.39463941728,35.4199090529,29.7544202445,23.2531430571
258,10.0,55.0,30.0,0.0,59.7495642807,-4.5121332321,-9.4683001021,25.7540781787,27.8462327961,28.3441660525
259,10.0,70.0,30.0,0.0,53.2311990393,6.55640428542,-10.3040941601,21.8805210436,21.2584498267,22.4863918806
260,10.0,85.0,30.0,0.0,70.0593979138,10.7813719139,6.2997040841,42.9100502947,40.8339076641,29.5804473776
261,10.0,100.0,30.0,0.0,58.2343254314,13.313032062,0.927038931743,28.5602152993,26.2083893303,21.1581726114
262,20.0,0.0,30.0,0.0,37.1631800169,-3.95194640111,5.55745925195,8.81056137475,9.6262887569,6.58380315827
263,20.0,10.0,30.0,0.0,36.0411827753,1.84742938353,3.19890078643,8.92409408556,9.02957912139,6.68156386727
264,20.0,20.0,30.0,0.0,63.3910046586,5.12253423093,2.10159199879,32.3227919473,32.0582584401,25.2516677848
265,20.0,30.0,30.0,0.0,67.5982815549,16.7268076159,-1.16346204309,41.3567312519,37.4298496702,31.6374731572
266,20.0,40.0,30.0,0.0,57.6802180898,-15.06834646,-22.1632385826,21.3578393566,25.6258771823,34.2538094305
267,20.0,55.0,30.0,0.0,57.3506095541,0.442560148536,-15.261378244,24.4832966685,25.2835012113,29.3619913318
268,20.0,70.0,30.0,0.0,68.2904706623,-0.824564131631,-7.03793957155,36.7461131841,38.3673204067,36.4826272265
269,20.0,85.0,30.0,0.0,48.8532865549,-3.26814406392,-27.0048431599,16.2671052034,17.4751938161,27.5919987901
270,20.0,100.0,30.0,0.0,42.5300755753,-0.629453207337,-16.2569061594,12.2947226679,12.8458630291,16.59119
271,30.0,0.0,30.0,0.0,50.8467443632,-13.5103216287,7.8218180032,15.9774371932,19.136689676,12.7882222671
272,30.0,10.0,30.0,0.0,47.4443137277,13.198028609,-7.49781213502,18.1728799713,16.3607852571,16.4698809891
273,30.0,20.0,30.0,0.0,59.5837553428,-0.702157389644,22.2559382604,26.5039499758,27.6637741178,13.014411607
274,30.0,30.0,30.0,0.0,53.4778376784,27.133016108,1.74927655136,26.8766103761,21.4864621817,16.9631973689
275,30.0,40.0,30.0,0.0,63.2198633598,24.2156766605,-2.40619002915,37.722979422,31.8513833637,27.6942716307
276,30.0,55.0,30.0,0.0,55.6454112237,-10.196918581,-21.2459087063,20.5425682313,23.5608617831,31.2951518312
277,30.0,70.0,30.0,0.0,54.9246356419,7.17447360874,-14.8938764604,23.6292931318,22.8569023291,26.623789329
278,30.0,85.0,30.0,0.0,65.6787300871,4.59951942982,-7.38935611671,35.0005139886,34.9102503235,33.580976813
279,30.0,100.0,30.0,0.0,48.9181720956,-6.08719586698,-18.6196402976,15.8226547729,17.5276979662,22.946948067
280,40.0,0.0,30.0,0.0,52.9299271134,-16.917951196,-14.1838971913,16.9697633849,20.9821259732,24.2803015215
281,40.0,10.0,30.0,0.0,58.2700173964,16.8913076837,21.2455756092,29.5304393521,26.246210597,12.56632108
282,40.0,20.0,30.0,0.0,38.7313932581,-0.0137376853255,2.53581318974,10.126745391,10.5035363739,7.98644921566
283,40.0,30.0,30.0,0.0,49.6906548122,-2.2039524338,5.16441005673,17.1066939016,18.1608765083,13.026865637
284,40.0,40.0,30.0,0.0,73.6141786672,5.8702406518,7.23733668795,46.5176570769,46.1058696971,32.9428155444
285,40.0,55.0,30.0,0.0,64.47201297,28.5824910495,6.35815086753,40.8260956381,33.3857108536,23.9305171254
286,40.0,70.0,30.0,0.0,57.1049331511,-8.29301218389,-12.9639329522,22.2806404717,25.0303017525,27.7030952674
287,40.0,85.0,30.0,0.0,55.6859873602,11.907666008,-6.79100609453,25.4920792832,23.6009153021,22.8626863248
288,40.0,100.0,30.0,0.0,67.3447980809,7.02338758725,1.88506431404,37.9051197958,37.0904009923,29.4148000886
289,55.0,0.0,30.0,0.0,46.8655323572,-8.22464730318,-12.9710992159,13.9931619229,15.9170956142,18.4350860409
290,55.0,10.0,30.0,0.0,35.3776132642,-7.98165361623,0.703154729487,7.50468697088,8.68856007622,6.99960300859
291,55.0,20.0,30.0,0.0,36.9306312454,7.05130698286,7.2416358612,10.0372645146,9.50051728516,6.11698161374
292,55.0,30.0,30.0,0.0,38.3859468077,0.443436736452,9.86926804301,9.99444217516,10.3059044845,6.09114282619
293,55.0,40.0,30.0,0.0,34.8027063442,-3.62665982861,-1.39037210161,7.70438535672,8.40014103542,7.26631896998
294,55.0,55.0,30.0,0.0,54.0974087133,-11.8601525686,-16.2714289238,18.8698666951,22.0664222079,26.5954434479
295,55.0,70.0,30.0,0.0,55.1792601013,13.2334738795,17.4606710195,25.2880623945,23.1039608567,12.0291860474
296,55.0,85.0,30.0,0.0,64.7373608354,3.29821227835,-1.51986947727,33.446430846,33.7170584833,28.7413402971
297,55.0,100.0,30.0,0.0,47.4505207888,-7.27154107176,1.22905146624,14.5556779505,16.3655876888,13.0532969514
298,70.0,0.0,30.0,0.0,41.3238254334,-6.27051922868,-1.09921453262,10.7733423532,12.0678951073,10.2932131263
299,70.0,10.0,30.0,0.0,52.8170164604,-8.24549484754,-16.8314046769,18.5009361306,20.8791854776,25.6482871893
300,70.0,20.0,30.0,0.0,45.9545589615,9.42225145149,9.40961795892,16.3017304502,15.2351186702,9.5325865107
301,70.0,30.0,30.0,0.0,61.7968470241,3.05258263557,-5.55025419584,29.8902104163,30.1656036625,28.1091260975
302,70.0,40.0,30.0,0.0,52.0951619728,25.6198718551,20.8298348503,25.0736406015,20.2290181493,9.29012365468
303,70.0,55.0,30.0,0.0,80.9665909852,4.99172643689,6.730662587,58.3674741446,58.410700553,42.6052855973
304,70.0,70.0,30.0,0.0,47.8125261923,10.6257398282,-17.9905411522,17.9861618032,16.6473015099,21.6357759831
305,70.0,85.0,30.0,0.0,69.2671847682,-8.73269810082,-9.98548191504,35.6329050221,39.7165764272,39.9117066709
306,70.0,100.0,30.0,0.0,54.0304611098,31.0411711931,-6.14393134885,28.4595686034,22.0032579491,21.06983953
307,85.0,0.0,30.0,0.0,57.7859504324,-21.5077545342,-25.2664488344,20.1154004245,25.7363562542,36.5669277283
308,85.0,10.0,30.0,0.0,60.2450501706,15.7644027796,7.14531081667,31.5148749295,28.3962503188,19.8132057044
309,85.0,20.0,30.0,0.0,56.3299937278,7.74013887811,8.7986756377,25.16186218,24.2427182782,16.0605946316
310,85.0,30.0,30.0,0.0,53.0741001693,3.32197957704,-3.42751360879,21.0493396313,21.1140594715,18.9691724791
311,85.0,40.0,30.0,0.0,49.3721739842,-5.35768038549,-3.14654395601,16.2930938343,17.8980128675,16.0393949479
312,85.0,55.0,30.0,0.0,46.0447272817,-8.99314705764,-13.4295886964,13.3163302469,15.3017348497,18.0025373928
313,85.0,70.0,30.0,0.0,80.9916961472,-5.21422884308,10.8836863925,54.2860057289,58.456080816,39.4146322714
314,85.0,85.0,30.0,0.0,46.962196647,1.90352080415,-16.2489177067,15.7464402954,15.9906326571,20.0497525666
315,85.0,100.0,30.0,0.0,67.9051462121,-18.4336522417,-7.0150469837,31.1919475987,37.8435463649,35.9911882149
316,100.0,0.0,30.0,0.0,54.344444614,21.087977864,-4.6698399181,26.3104429467,22.3005435039,20.6085932627
317,100.0,10.0,30.0,0.0,56.1379474774,-25.1517312749,-13.9865931587,18.0065617635,24.0501271172,27.3195127739
318,100.0,20.0,30.0,0.0,43.4917838637,-0.0735822407213,-13.4138825686,12.9967065169,13.4895358511,16.0929210007
319,100.0,30.0,30.0,0.0,74.3782021794,-3.17697288177,4.45812728506,44.4998379836,47.2952065362,35.7690262972
320,100.0,40.0,30.0,0.0,46.1724681126,13.0323322109,3.14192128899,17.1197922156,15.3964415324,11.6190383426
321,100.0,55.0,30.0,0.0,61.9486202206,-17.3617194907,-12.6868702147,24.953673435,30.3424977617,32.8162631458
322,100.0,70.0,30.0,0.0,52.8244181673,35.5772791723,16.1087186921,28.2900312865,20.885923269,11.1244293044
323,100.0,85.0,30.0,0.0,76.9600725454,0.241479052041,8.67815165235,49.7176474598,51.4654049376,35.9333761975
324,100.0,100.0,30.0,0.0,47.6223618341,16.0124985887,-11.3974734374,18.8626455093,16.4989153406,18.3128854855
325,0.0,0.0,40.0,0.0,65.2377063005,-13.4775040237,-7.79410886996,29.4422909707,34.3478051764,33.3398292812
326,0.0,10.0,40.0,0.0,54.4244818231,36.5989030009,1.22904806824,30.3614136956,22.3767501548,17.9081543258
327,0.0,20.0,40.0,0.0,68.3393808189,3.56129747665,12.0874339434,38.1618052728,38.4341479162,24.4431205343
328,0.0,30.0,40.0,0.0,35.1636774699,8.15750649309,1.13447616764,9.2266732895,8.58047420206,6.81013535106
329,0.0,40.0,40.0,0.0,59.3186487133,-7.78277055012,-0.695226413717,24.543104979,27.3737055651,22.9508728226
330,0.0,55.0,40.0,0.0,51.2310574024,24.0187242277,-0.725289389266,23.8391772536,19.4686509073,16.3670975629
331,0.0,70.0,40.0,0.0,35.9732519142,1.19937129027,-7.40456853386,8.81318100944,8.99426554496,9.41710041535
332,0.0,85.0,40.0,0.0,43.1408994815,-12.4240523156,6.73811083869,11.0002142891,13.2522557559,8.9068904144
333,0.0,100.0,40.0,0.0,37.6192234304,10.1952393139,-2.04602217431,10.8402701274,9.87614805014,8.70196577995
334,10.0,0.0,40.0,0.0,48.1165469006,-4.83244875298,16.4313007113,15.4441195299,16.8863740998,8.5978175043
335,10.0,10.0,40.0,0.0,39.9163910035,19.9358963294,3.98744957561,13.7086974197,11.2006552886,8.14176611985
336,10.0,20.0,40.0,0.0,55.2727196088,-34.8785923505,12.4842416424,15.5809305266,23.1950880143,13.8778881566
337,10.0,30.0,40.0,0.0,46.5311552721,13.3358448706,-19.7263745058,17.4600553568,15.6644586105,21.3966161024
338,10.0,40.0,40.0,0.0,68.0703495748,-18.77531551,35.2190609483,31.2930464584,38.067520662,13.6267721697
339,10.0,55.0,40.0,0.0,52.487643006,34.4035440543,-8.80344214571,27.6246639384,20.5808208914,21.0695802806
340,10.0,70.0,40.0,0.0,81.3487113575,-3.02340607166,58.6340928041,55.7705818091,59.1039699876,13.4334790901
341,10.0,85.0,40.0,0.0,58.1745314726,-30.8395146289,-8.52568649317,18.5970875658,26.1451096512,26.1808947913
342,10.0,100.0,40.0,0.0,45.2119659899,11.3577046002,-9.70030285661,16.0789168498,14.6938302092,15.7836754082
343,20.0,0.0,40.0,0.0,70.5612908261,-16.7068170718,8.95426470349,34.9237859078,41.5525044532,28.4769216547
344,20.0,10.0,40.0,0.0,50.9992531989,32.7886201067,1.57844271318,25.6543632892,19.2679680736,15.2552457206
345,20.0,20.0,40.0,0.0,83.43981214,-2.67707553476,28.6423056593,59.6147962992,62.9951214905,30.0369035444
346,20.0,30.0,40.0,0.0,60.192302797,-23.0806532883,-31.4250913742,21.9597608834,28.3373563326,44.4950031127
347,20.0,40.0,40.0,0.0,43.8009998256,9.06437266231,0.210286854963,14.655174901,13.7009716488,11.2357064556
348,20.0,55.0,40.0,0.0,72.4103756458,-11.5304595753,-15.7336573812,38.9327790023,44.2726726106,49.0488114573
349,20.0,70.0,40.0,0.0,49.6799501696,32.16659691,12.1061547048,24.1739403374,18.1519997199,10.6690376021
350,20.0,85.0,40.0,0.0,85.0424600273,0.165778187735,0.951113010368,63.8033992633,66.0903065007,53.6431337334
351,20.0,100.0,40.0,0.0,36.5889136478,0.600430124216,-3.13299883548,9.05660489729,9.31769801231,8.51288373574
352,30.0,0.0,40.0,0.0,42.1167269826,-9.07252996689,-1.48389868733,10.8561832848,12.5756220197,10.8440534735
353,30.0,10.0,40.0,0.0,38.0400445881,10.605031806,2.06215162574,11.1427168625,10.1105115203,7.800492272
354,30.0,20.0,40.0,0.0,47.8336005344,-3.0929325191,5.85685380785,15.5330050694,16.6638004714,11.6690542876
355,30.0,30.0,40.0,0.0,40.3733296189,21.4730810847,8.12155819587,14.2688156199,11.4774944704,7.28902626012
356,30.0,40.0,40.0,0.0,33.0349163248,1.92186464932,-4.96881384351,7.4842122957,7.55339763477,7.39706613225
357,30.0,55.0,40.0,0.0,57.8189624664,-11.1498841805,24.8101187865,22.3287869497,25.7709152579,11.0951291259
358,30.0,70.0,40.0,0.0,35.0537201914,12.7019877587,3.42842229854,9.72817910535,8.5252714047,6.24391092173
359,30.0,85.0,40.0,0.0,66.6478926936,-5.76125010296,40.6547999249,33.2115150622,36.1677411919,10.8941722836
360,30.0,100.0,40.0,0.0,46.5481715931,19.9750578448,-16.0939751062,18.7327917133,15.6772501859,19.6339541279
361,40.0,0.0,40.0,0.0,61.9534629469,-18.3772231907,21.5841187542,24.7207126978,30.3481533926,14.8101300644
362,40.0,10.0,40.0,0.0,53.3826615639,40.5100696225,-4.34386385595,30.2065191117,21.3982816365,19.6498759634
363,40.0,20.0,40.0,0.0,74.4864017236,-1.91319630727,43.1488797258,45.1003037509,47.4652734936,14.8273681073
364,40.0,30.0,40.0,0.0,77.3547428956,11.3803196196,-1.24190435829,54.6489446073,52.1236948918,44.0107104956
365,40.0,40.0,40.0,0.0,54.8211446552,22.1527674852,18.6164188914,27.0770398067,22.7569920485,11.4314581523
366,40.0,55.0,40.0,0.0,66.3829692935,-2.77120111695,-16.7090274507,33.739679985,35.8210535786,41.2618768095
367,40.0,70.0,40.0,0.0,47.2616528355,0.527952907636,3.73717801313,15.7317854693,16.2198799652,12.0540401649
368,40.0,85.0,40.0,0.0,55.5849009669,-15.8316562275,-30.75639405,19.349733293,23.5012151142,37.799985177
369,40.0,100.0,40.0,0.0,43.2853915626,16.3445304869,10.9247572983,15.5044371591,13.3496263486,7.84709887192
370,55.0,0.0,40.0,0.0,46.1073175973,1.5298458926,4.62792345749,15.055284071,15.3480904521,11.0917848662
371,55.0,10.0,40.0,0.0,40.2118800701,6.14299542527,4.11165750296,11.8288247778,11.3791642277,8.24400871045
372,55.0,20.0,40.0,0.0,41.2898346054,-5.73261068455,-2.90867326777,10.8259574946,12.0464404385,10.8437649207
373,55.0,30.0,40.0,0.0,37.8535087974,-2.99971607857,-1.95777492536,9.27965276165,10.006173908,8.78947510128
374,55.0,40.0,40.0,0.0,76.0502892532,8.5033651242,22.2851413194,51.3498919105,49.9690974192,26.1863328876
375,55.0,55.0,40.0,0.0,56.2728166633,23.3278878528,3.57268553218,28.9631545004,24.1852719016,18.2876798447
376,55.0,70.0,40.0,0.0,64.8274185608,-6.75216765248,4.74984037162,30.7619248994,33.830012505,25.1552991883
377,55.0,85.0,40.0,0.0,48.3503685423,4.45136209075,-8.87756156689,17.267619395,17.0717934582,17.7450550156
378,55.0,100.0,40.0,0.0,53.6801002107,-21.891980581,-10.5107642488,16.6554823859,21.6746619181,23.0004311324
379,70.0,0.0,40.0,0.0,41.910985286,16.5239396244,4.85540618797,14.5422603322,12.4425356661,8.84032130319
380,70.0,10.0,40.0,0.0,46.4819677589,0.0227811441122,13.5144309875,15.0733766308,15.6275223101,8.62487679376
381,70.0,20.0,40.0,0.0,38.8583888559,7.64375517392,-1.17636757621,11.2205971296,10.5768215749,9.05667259484
382,70.0,30.0,40.0,0.0,41.7802750796,-7.98001086102,5.05531993109,10.8080010397,12.3584739821,8.72211747281
383,70.0,40.0,40.0,0.0,36.6619968444,-0.621251941463,-6.66508588116,8.94864900268,9.35659864127,9.54816824672
384,70.0,55.0,40.0,0.0,73.8591384117,8.62820551995,48.4866537757,47.8881528932,46.4849943844,12.4385300231
385,70.0,70.0,40.0,0.0,57.1030942922,26.3746190567,-9.27470872236,30.7166433869,25.0284129866,25.5536115636
386,70.0,85.0,40.0,0.0,62.5848948406,-8.71048444422,27.1986072617,27.7275283698,31.0916135724,13.098309668
387,70.0,100.0,40.0,0.0,49.4156846815,7.865764466,-21.7754771084,18.7814824581,17.9337745723,25.1291616174
388,85.0,0.0,40.0,0.0,51.1388678214,-25.8782566921,7.00672550601,14.1158941834,19.3886723887,13.2649659178
389,85.0,10.0,40.0,0.0,56.8968976241,41.7464259022,3.77370566836,34.7931317183,24.8172222373,18.6871656349
390,85.0,20.0,40.0,0.0,62.4647558142,0.367212568406,24.5786265468,29.9415291297,30.9492347364,13.9934839279
391,85.0,30.0,40.0,0.0,49.7879130994,21.2396651795,-8.66885268441,21.8464253589,18.2416602421,18.7726859938
392,85.0,40.0,40.0,0.0,51.4283373957,-17.9104964364,5.97477755512,15.6492538714,19.6405382777,13.8331419175
393,85.0,55.0,40.0,0.0,58.7947094697,14.1561255487,-3.21652721395,29.4061264958,26.8064109393,23.8147762091
394,85.0,70.0,40.0,0.0,61.6296624299,-5.00293030536,32.1532705864,27.6243576404,29.9715446103,10.8459164949
395,85.0,85.0,40.0,0.0,34.3438772559,2.73588817002,-0.467217959444,8.18464882245,8.17459060811,6.85439702482
396,85.0,100.0,40.0,0.0,48.0573798803,-23.5831940839,7.59664443368,12.4228015404,16.8396687742,11.2200644276
397,100.0,0.0,40.0,0.0,48.4255277779,-18.8341262442,3.40421851097,13.3815274094,17.1316813275,12.875227853
398,100.0,10.0,40.0,0.0,55.7731292948,-2.78561252603,-24.0497503358,22.229888951,23.6870882304,33.2975049057
399,100.0,20.0,40.0,0.0,57.1571066187,0.00909411933336,20.0771097364,24.1904188595,25.0839308229,12.3033306951
400,100.0,30.0,40.0,0.0,65.2923602275,13.1433478772,-10.2626870892,37.0648306405,34.4171758817,35.1036667219
401,100.0,40.0,40.0,0.0,67.56484287,19.2079068183,39.2769982003,42.1304686415,37.384952657,11.8715332364
402,100.0,55.0,40.0,0.0,50.4784663105,-14.7209722599,-12.3932901287,15.4940259881,18.8221403235,21.1322855423
403,100.0,70.0,40.0,0.0,53.7421748913,-7.39430727173,-5.67562307932,19.4479746048,21.7326403078,20.5925889527
404,100.0,85.0,40.0,0.0,59.4984742054,2.23945387718,1.78584251073,27.1385125967,27.5702406371,21.8248429823
405,100.0,100.0,40.0,0.0,63.9017735729,10.3030131439,9.29137220438,34.4278778872,32.6809965095,21.868918299
406,0.0,0.0,55.0,0.0,69.2593325713,19.1410360621,17.3542125703,44.5876260293,39.7056050203,22.4741195998
407,0.0,10.0,55.0,0.0,39.0379448784,-5.33997008042,-6.36757624249,9.61967945418,10.6810182995,10.7087878364
408,0.0,20.0,55.0,0.0,41.2958974852,-4.34471275994,3.44983401434,11.0174718343,12.0502654024,8.93701490129
409,0.0,30.0,55.0,0.0,42.4801843126,2.18510932399,-0.139123866539,12.6796727031,12.8130414323,10.6159224981
410,0.0,40.0,55.0,0.0,45.0315569759,4.80882213108,10.9634545684,14.8286300154,14.5642920984,8.63868978255
411,0.0,55.0,55.0,0.0,46.1329239943,10.5123496791,6.60028837996,16.6327749433,15.3670819994,10.4772427184
412,0.0,70.0,55.0,0.0,51.9930149532,-8.51005047066,-28.4815696053,17.776113961,20.1381202453,31.9076776515
413,0.0,85.0,55.0,0.0,52.2795639273,-9.97715419488,10.9822010728,17.7326755947,20.393804358,12.543394528
414,0.0,100.0,55.0,0.0,60.9724234415,5.58067953539,-16.1931693266,29.6192913069,29.2167236896,34.0518140089
415,10.0,0.0,55.0,0.0,62.1137630264,9.40327557508,29.011925283,31.982101672,30.5357584787,12.1684949239
416,10.0,10.0,55.0,0.0,70.4524385496,21.2384573792,-2.49540556188,47.1396442348,41.3959425816,35.9003195295
417,10.0,20.0,55.0,0.0,39.2208073039,-7.6605684551,0.170007756506,9.43022988054,10.7878347928,8.8534947852
418,10.0,30.0,55.0,0.0,39.8557409312,-2.09450012821,-3.37141676218,10.4871025291,11.1642482185,10.2133955763
419,10.0,40.0,55.0,0.0,42.5306941013,0.952136813919,7.18198045428,12.5283858898,12.8462702856,8.49369583517
420,10.0,55.0,55.0,0.0,44.1320372056,6.25204203245,3.23233238461,14.4280762969,13.9297648409,10.4516715252
421,10.0,70.0,55.0,0.0,46.3269034986,10.5604004445,14.8358104195,16.7917926472,15.5114602855,8.19586499824
422,10.0,85.0,55.0,0.0,34.1520049691,-5.50500405948,-3.49480173641,7.21260926193,8.08148054752,7.5096906402
423,10.0,100.0,55.0,0.0,41.7612232992,-6.78872752033,11.2622170133,10.9578695821,12.3462532041,7.10699766152
424,20.0,0.0,55.0,0.0,35.1906088209,1.47530465151,4.42846234808,8.45453025117,8.59403101219,6.07625786486
425,20.0,10.0,55.0,0.0,56.324538504,10.8920943128,26.3990320166,25.9082364428,24.2372334383,9.79623078019
426,20.0,20.0,55.0,0.0,49.1768027083,-2.55404087691,-17.14023979,16.6424178081,17.7380219693,22.4062692488
427,20.0,30.0,55.0,0.0,51.871770228,1.88364727555,9.12049577546,19.6909092088,20.0305817198,12.9562975767
428,20.0,40.0,55.0,0.0,57.8460246306,14.9016936242,-4.33751237596,28.5383568374,25.7992686412,23.5376555278
429,20.0,55.0,55.0,0.0,60.3124240112,21.8356645091,25.1030290973,33.293700019,28.4715937871,12.4480751437
430,20.0,70.0,55.0,0.0,60.9754778582,36.4441131589,-3.32335912251,38.5190245934,29.2202019582,25.9666558322
431,20.0,85.0,55.0,0.0,67.916454479,-0.7498985202,37.1356227262,36.280534421,37.8588494526,12.8299529201
432,20.0,100.0,55.0,0.0,53.2879736422,17.9652956558,-15.2287497698,24.4859353672,21.3107931392,25.2018580806
433,30.0,0.0,55.0,0.0,56.0674392775,-18.6192289228,16.1112227881,19.2097371458,23.979675669,13.0440980835
434,30.0,10.0,55.0,0.0,47.0007972401,-0.416718617527,-26.4328034434,15.3770665756,16.0200610968,25.4067870572
435,30.0,20.0,55.0,0.0,49.3247173336,4.4444402855,19.2770985196,18.049844296,17.8590621992,8.39046553229
436,30.0,30.0,55.0,0.0,41.2172374973,12.005511322,1.7517143495,13.3458008165,12.0007030573,9.38367178302
437,30.0,40.0,55.0,0.0,45.1431488115,-4.1618115034,10.4059531608,13.4629746031,14.6443275577,8.84650654932
438,30.0,55.0,55.0,0.0,38.2707526785,2.77434547998,-4.86277498257,10.2304561918,10.2405567069,9.83652484513
439,30.0,70.0,55.0,0.0,41.4197755991,-12.0419129499,1.96084409692,10.0701441731,12.128595301,9.42442490964
440,30.0,85.0,55.0,0.0,60.2769168702,34.746972073,12.1077172028,37.060344968,28.4318699308,17.5581164217
441,30.0,100.0,55.0,0.0,69.9423006484,0.237360121491,13.3757585555,39.2908779938,40.6674516132,25.2635693628
442,40.0,0.0,55.0,0.0,52.1768570444,14.8018699835,-1.56438473484,22.6868125007,20.3019129556,17.4289508007
443,40.0,10.0,55.0,0.0,58.7936975085,-15.1934033464,-3.39705333558,22.3632594094,26.8053228938,23.9115448882
444,40.0,20.0,55.0,0.0,45.9853867178,-4.08557276765,-12.9447693443,14.0484104022,15.2578723596,17.740458522
445,40.0,30.0,55.0,0.0,48.4566308622,5.40668768991,8.26386141513,17.5287171125,17.1565055905,11.2269868492
446,40.0,40.0,55.0,0.0,42.2031891549,11.6469112415,7.74609305812,13.9572843084,12.6318330674,8.19052123693
447,40.0,55.0,55.0,0.0,44.0325086092,-1.95259160041,1.58843906342,13.0655283147,13.8607109788,10.9180399048
448,40.0,70.0,55.0,0.0,38.7538315814,1.28696529586,1.03466691812,10.3077814103,10.5164601293,8.39498727323
449,40.0,85.0,55.0,0.0,39.9932386029,-8.5824086628,-5.78211046218,9.72901057767,11.2468989898,11.0491364704
450,40.0,100.0,55.0,0.0,58.233987423,35.0722498242,26.9513068534,34.5267184303,26.2080313308,10.6384279725
451,55.0,0.0,55.0,0.0,72.199589678,4.03093430552,-8.95600338851,43.7499583922,43.9567653492,43.0618784182
452,55.0,10.0,55.0,0.0,50.4226835596,13.8218763998,11.4832924351,20.8551559179,18.7747985279,11.2828434936
453,55.0,20.0,55.0,0.0,60.4180517244,-9.71020448198,-24.0874555718,25.2021881292,28.5899842317,39.0371908254
454,55.0,30.0,55.0,0.0,43.893574843,-7.93428946446,-2.08842892299,12.0866572882,13.7646996235,12.0604185315
455,55.0,40.0,55.0,0.0,72.6646147032,15.4849286416,9.75811714919,48.5105171981,44.655712777,30.2305702917
456,55.0,55.0,55.0,0.0,49.759411301,24.0617892166,9.46147669009,22.4319723511,18.2179615922,11.5738153839
457,55.0,70.0,55.0,0.0,62.826811459,-0.657507047495,-5.38286187851,30.0839192718,31.3796367211,29.0913564507
458,55.0,85.0,55.0,0.0,43.2022087434,1.35737813811,-2.17381497517,13.024527754,13.2935129194,11.6843505806
459,55.0,100.0,55.0,0.0,69.299009964,3.97148136328,6.32259193664,39.5973621665,39.7610645731,28.7550987057
460,70.0,0.0,55.0,0.0,41.8469084913,7.55270984054,13.0000643171,13.0784467717,12.401279454,6.73002944349
461,70.0,10.0,55.0,0.0,59.9160933911,-7.21456228829,-5.91127842663,25.2807973385,28.0302897108,26.4050953401
462,70.0,20.0,55.0,0.0,37.5438721222,-6.87926062992,2.12544841867,8.66043745233,9.83456956481,7.56688091588
463,70.0,30.0,55.0,0.0,40.9738305824,-12.8193817104,-5.14134739501,9.72772117648,11.8481976875,11.3927590116
464,70.0,40.0,55.0,0.0,37.3351690201,3.81727193067,-0.159309685403,9.84766896248,9.72001778271,8.06178616889
465,70.0,55.0,55.0,0.0,45.7507954529,-6.73931919953,2.05900112986,13.4694623289,15.0852913216,11.7386715136
466,70.0,70.0,55.0,0.0,39.325937905,15.1196871465,5.49029683557,12.5809910871,10.8495665294,7.49354374415
467,70.0,85.0,55.0,0.0,51.6703106254,0.107378293802,10.2762947145,19.1650655838,19.8527439981,12.422326549
468,70.0,100.0,55.0,0.0,42.1524182472,-2.74869377245,-2.81687882866,11.7536650614,12.5988054772,11.2963481171
469,85.0,0.0,55.0,0.0,65.5098720128,-18.5023393195,-25.0430253142,28.4433392845,34.6941830821,46.8189115462
470,85.0,10.0,55.0,0.0,47.0726866724,19.8651571618,7.93310055138,19.1533309502,16.074964581,10.5673839692
471,85.0,20.0,55.0,0.0,78.7276694627,-6.35883874104,-7.87191638665,50.0975594408,54.4573608507,51.7482822629
472,85.0,30.0,55.0,0.0,53.850361521,43.0448867457,21.4526145315,31.4372980035,21.8339346926,10.0011232045
473,85.0,40.0,55.0,0.0,42.5559144349,-16.1370186943,4.8147000306,10.1734017767,12.8628834584,9.1660560437
474,85.0,55.0,55.0,0.0,37.2223006615,5.67843353096,-5.17162254814,10.0224620428,9.65843951523,9.39399331751
475,85.0,70.0,55.0,0.0,46.842559702,-8.72216919338,12.9395474603,13.8980679129,15.8996524622,8.95770020529
476,85.0,85.0,55.0,0.0,39.6522396546,16.0841954507,0.8445561868,12.9371798032,11.0426669088,8.87287640714
477,85.0,100.0,55.0,0.0,52.244948735,-1.12677891926,23.0472805335,19.4109817468,20.362803385,8.73612048756
478,100.0,0.0,55.0,0.0,43.367537136,1.39216408016,-13.3224910522,13.1386977313,13.4051948206,15.966046716
479,100.0,10.0,55.0,0.0,62.8278564555,-24.5775112499,0.268139059585,24.1573592873,31.3808847246,25.7395633972
480,100.0,20.0,55.0,0.0,47.6879201414,22.7495579921,-2.93271837723,20.2645945728,16.5499707808,14.7790688663
481,100.0,30.0,55.0,0.0,76.7643824753,-9.96803687926,20.0099492234,45.7180673669,51.1410694795,28.2578342726
482,100.0,40.0,55.0,0.0,54.2361784046,44.4666785734,9.16402809935,32.2903296587,22.1977344789,14.4641024536
483,100.0,55.0,55.0,0.0,43.4517018567,5.12130593242,-23.9605879435,13.7755991159,13.4622888886,20.8600258685
484,100.0,70.0,55.0,0.0,61.1370183071,-27.6275464199,22.8691804821,21.8574673914,29.4045525134,13.7747845934
485,100.0,85.0,55.0,0.0,48.8112663985,24.9564155104,-13.6816876502,21.7406070251,17.4412479019,20.3504469964
486,100.0,100.0,55.0,0.0,74.3464188519,-11.1359255937,47.4544337752,41.7608098688,47.2453271261,13.1065349185
487,0.0,0.0,70.0,0.0,55.1886256178,46.112858917,-1.31434791413,33.921737811,23.1130818702,19.6899490573
488,0.0,10.0,70.0,0.0,54.95647097,-11.246856493,-16.9337934484,19.7241564692,22.8876948871,27.8622046881
489,0.0,20.0,70.0,0.0,36.29716096,8.69803329599,3.78484935169,9.89915477559,9.16347863478,6.64812055714
490,0.0,30.0,70.0,0.0,64.8423118627,-0.850149801592,-4.6763341554,32.4018521768,33.8487165578,30.8351391027
491,0.0,40.0,70.0,0.0,46.2949044241,29.4946088257,13.2699809881,20.4164468384,15.4875814679,8.60345263687
492,0.0,55.0,70.0,0.0,58.9718495974,-20.6548396096,-15.4915398028,21.3537908494,26.9973233472,31.2827473862
493,0.0,70.0,70.0,0.0,45.1962383803,14.5302828472,3.50718507079,16.6292783694,14.6825069598,10.9462445818
494,0.0,85.0,70.0,0.0,71.3178447835,-6.87910294799,1.09764727193,38.9145048993,42.6515732768,34.4278520307
495,0.0,100.0,70.0,0.0,51.5749821756,37.621228343,17.120809773,27.4449801957,19.7689613245,10.1255353695
496,10.0,0.0,70.0,0.0,45.8616475829,8.176797168,-22.9208327857,16.0123062361,15.1666784703,22.4399221005
497,10.0,10.0,70.0,0.0,57.8862389981,29.1246457859,8.4856497559,32.399537612,25.841440161,17.3385586379
498,10.0,20.0,70.0,0.0,47.0350760722,-10.8077537453,-8.05318757014,13.6992968149,16.0462249482,16.4064669034
499,10.0,30.0,70.0,0.0,55.8589562875,5.44580692436,29.124668132,24.153900307,23.7721656239,8.77875281256
500,10.0,40.0,70.0,0.0,46.0709053485,-14.620119781,-15.9482523763,12.4820293069,15.3211114618,19.1772060944
501,10.0,55.0,70.0,0.0,46.3387877735,-20.8820087958,4.39909066639,11.7410649586,15.5203349896,11.2969757417
502,10.0,70.0,70.0,0.0,56.69101639,6.44595369077,9.43010417697,25.2237995234,24.6075432091,16.0568638306
503,10.0,85.0,70.0,0.0,42.3881097498,-10.4419739376,0.291513874481,10.8292676515,12.7526159035,10.431096807
504,10.0,100.0,70.0,0.0,56.9211795186,40.136071494,10.8147499887,34.353474176,24.8420302857,15.6497936296
505,20.0,0.0,70.0,0.0,44.9307791819,8.28781377597,-19.3926987948,15.3400130301,14.4922637078,19.8773919827
506,20.0,10.0,70.0,0.0,38.8073619053,0.770447164547,-7.62401423462,10.2705839873,10.5473346846,10.9835979025
507,20.0,20.0,70.0,0.0,55.1207043149,34.3663515363,6.60008966724,30.5676388542,23.0469881673,16.107864974
508,20.0,30.0,70.0,0.0,47.3626641378,-12.3110204351,0.356883713745,13.684927684,16.2977000303,13.3159487521
509,20.0,40.0,70.0,0.0,69.0644121899,9.66446604711,15.7670592677,41.1127953247,39.4339015835,23.1310509543
510,20.0,55.0,70.0,0.0,46.0046590552,-18.2746872504,-2.38588177947,11.9077317463,15.2721086006,13.4637444584
511,20.0,70.0,70.0,0.0,44.4951170738,27.2649772648,3.82163164495,18.4317768925,14.1836170466,10.4631323419
512,20.0,85.0,70.0,0.0,55.7723344242,-6.52879112859,21.9349096317,21.4248209048,23.6863012522,10.8842037684
513,20.0,100.0,70.0,0.0,40.4691074523,14.2599386351,-3.26529770155,13.1961609755,11.5360944308,10.5086619342
514,30.0,0.0,70.0,0.0,49.0636388082,-16.1108750971,9.87516947884,14.2484748028,17.6457888214,11.0430929972
515,30.0,10.0,70.0,0.0,38.1517023616,2.2546092205,-10.0002904528,10.0971123044,10.1733122485,11.3905124207
516,30.0,20.0,70.0,0.0,67.9721450268,2.66539312188,21.1797817304,37.3939443928,37.9342737397,19.474759438
517,30.0,30.0,70.0,0.0,56.4765591228,40.4796852885,13.7900649493,33.8981771886,24.3903893126,14.1702075435
518,30.0,40.0,70.0,0.0,59.289702065,-9.08115103387,7.60446243324,24.2138948832,27.3421567036,18.8230449687
519,30.0,55.0,70.0,0.0,48.7151477013,19.4740500089,0.935977994948,20.5011441863,17.3637639191,13.9693905944
520,30.0,70.0,70.0,0.0,49.5950140416,-20.887182173,-5.8371568153,13.8502521216,18.0816692317,17.350631396
521,30.0,85.0,70.0,0.0,51.5767941062,37.9642633945,11.6237303576,27.5329044209,19.7705516,11.9013501377
522,30.0,100.0,70.0,0.0,35.6114774731,0.799426977735,3.58110680297,8.58516560777,8.80774854804,6.4247568628
523,40.0,0.0,70.0,0.0,45.1281477815,16.0575776129,0.00201268207107,16.8514247363,14.633551562,12.0735190196
524,40.0,10.0,70.0,0.0,61.9011071,-16.1078662723,-18.4683669896,25.2009626273,30.2870463052,36.7810253698
525,40.0,20.0,70.0,0.0,51.1072855563,38.4570319982,15.1606180576,27.1506054543,19.3613238403,10.4822950266
526,40.0,30.0,70.0,0.0,74.4745489399,-11.7746632254,2.78000874474,41.7321847748,47.4466235556,37.0924399391
527,40.0,40.0,70.0,0.0,44.9959819136,14.6226609096,2.20910556384,16.491491909,14.5388385297,11.255863593
528,40.0,55.0,70.0,0.0,60.8353342624,-25.7027079196,-15.7059084017,21.9920616213,29.0608951256,33.5577835633
529,40.0,70.0,70.0,0.0,60.5101846746,-27.8582705027,-5.17402281741,21.232742731,28.6935169667,26.5716559606
530,40.0,85.0,70.0,0.0,66.8518963327,-3.30211645379,10.2447345077,34.1696430202,36.4362263725,24.0482032831
531,40.0,100.0,70.0,0.0,51.2308107848,-10.4695467244,-8.69197401711,16.8112105359,19.4684366628,19.9548316769
532,55.0,0.0,70.0,0.0,45.1348594215,16.2676008146,-3.8793458724,16.8946756717,14.6383722175,13.4614567413
533,55.0,10.0,70.0,0.0,39.1780035801,4.34025021247,1.27947184073,10.9571108143,10.762768064,8.52690652295
534,55.0,20.0,70.0,0.0,39.349768775,6.84666311531,-7.02223862983,11.4037405882,10.8635924639,11.0915301858
535,55.0,30.0,70.0,0.0,45.6031160162,14.071547354,9.52833018008,16.8625034578,14.977318766,9.32141893891
536,55.0,40.0,70.0,0.0,44.2912701789,-3.02173690684,-5.77383873303,13.0725820396,14.0407185065,13.6247183548
537,55.0,55.0,70.0,0.0,66.7383120881,5.52702828077,11.9366440314,36.6431937128,36.2865770471,23.0357027647
538,55.0,70.0,70.0,0.0,60.3256346027,-20.0271941145,-1.943382821,22.7519163871,28.4863826651,24.5610174224
539,55.0,85.0,70.0,0.0,48.8503052789,-14.6576658644,2.30189777867,14.3349479708,17.4727839468,13.5446611773
540,55.0,100.0,70.0,0.0,64.2632240378,1.53196706955,7.9941405915,32.3699971281,33.1265214735,22.8643656785
541,70.0,0.0,70.0,0.0,49.7830816057,-5.48879405223,-10.0654890087,16.5848268829,18.2376415102,19.420364197
542,70.0,10.0,70.0,0.0,51.034984864,24.4883504888,-0.225187998945,23.7536990951,19.2988121706,16.016795104
543,70.0,20.0,70.0,0.0,38.7058615918,6.62745157315,-4.49932566035,10.9913656249,10.4888438352,9.95292260563
544,70.0,30.0,70.0,0.0,39.824815151,-3.78036979788,-2.77284819928,10.2491170205,11.1457144767,10.014310913
545,70.0,40.0,70.0,0.0,46.2186708936,-8.00241919706,-4.77991810776,13.5871847716,15.4307921319,14.5109273969
546,70.0,55.0,70.0,0.0,42.8265978754,8.47402630359,5.08640464194,13.8799469056,13.0420911122,9.22193877401
547,70.0,70.0,70.0,0.0,52.9824848051,1.47143756602,4.88063119437,20.5818510014,21.030157933,15.3023608392
548,70.0,85.0,70.0,0.0,46.6639151062,21.3863113605,13.2806839468,19.1059429792,15.7644421752,8.77610331187
549,70.0,100.0,70.0,0.0,60.0314145935,-21.0161464354,5.52707855408,22.2569045618,28.1582230408,20.4168720363
550,85.0,0.0,70.0,0.0,55.0395660166,8.73095029927,4.87020638499,24.0972248388,22.9681984178,16.7792195632
551,85.0,10.0,70.0,0.0,72.2669014377,-5.1827450203,24.4542089071,40.771778052,44.0574823445,21.4930881152
552,85.0,20.0,70.0,0.0,62.859500605,28.7150640338,19.9675798266,38.6420882413,31.4186919214,16.0975637122
553,85.0,30.0,70.0,0.0,68.5679832734,-4.85190696831,20.7723289524,35.891837199,38.7475238341,20.1608580487
554,85.0,40.0,70.0,0.0,45.1571698874,-2.35398870623,-0.811995134862,13.7559806617,14.654404385,12.3729127369
555,85.0,55.0,70.0,0.0,62.9806755703,-7.60292479849,-14.6328854698,28.4427510927,31.5637478217,35.3735701547
556,85.0,70.0,70.0,0.0,52.1144358684,19.1182589197,13.0659389641,23.5909919485,20.2462000903,11.726821685
557,85.0,85.0,70.0,0.0,41.1371873077,0.810765689273,3.64638724369,11.637907964,11.9504044825,8.8054357778
558,85.0,100.0,70.0,0.0,44.6595177748,6.90473736606,0.540518799843,14.910535811,14.2995671909,11.6166491141
559,100.0,0.0,70.0,0.0,60.037831441,-3.76035681178,-15.2365212829,26.2355798627,28.165353078,32.3202428578
560,100.0,10.0,70.0,0.0,51.7919875203,28.52626305,13.5118356145,25.4525662083,19.9600273687,11.392366128
561,100.0,20.0,70.0,0.0,70.6755413069,11.0453008628,-0.268409656735,43.9022201278,41.7172546197,34.6069029166
562,100.0,30.0,70.0,0.0,50.6873350745,30.3375492748,-11.2775406013,24.7566582002,19.000110226,20.7573568537
563,100.0,40.0,70.0,0.0,50.0265307938,9.1162547148,-5.07150957112,19.5466058811,18.4408726655,17.3411565173
564,100.0,55.0,70.0,0.0,56.2325815124,-2.32655784117,-2.22989693135,22.7647688007,24.1449016847,21.0114718037
565,100.0,70.0,70.0,0.0,48.7585437076,-5.44878387846,16.1020184852,15.8140480157,17.3987181811,8.99745877794
566,100.0,85.0,70.0,0.0,53.3827606946,-7.03230385078,-6.17625777098,19.2127043721,21.3983733553,20.5342397056
567,100.0,100.0,70.0,0.0,52.3541176283,-11.211884711,15.7141201362,17.5623320463,20.4606806348,10.9895170433
568,0.0,0.0,85.0,0.0,49.9642773758,-3.03512582978,0.0292339519612,17.1703844529,18.3887606458,15.1609539542
569,0.0,10.0,85.0,0.0,46.5780867259,0.59710668778,8.89708880386,15.2399693039,15.6997549858,10.0063139377
570,0.0,20.0,85.0,0.0,49.9043322162,19.2713329999,-3.05091223869,21.5326105921,18.3386737288,16.3831690697
571,0.0,30.0,85.0,0.0,48.437319736,26.3849658177,8.12244409042,21.7013476555,17.1410900069,11.2624252945
572,0.0,40.0,85.0,0.0,41.1859935144,13.6648323942,-0.897020666459,13.5832178587,11.9810545176,10.1579004114
573,0.0,55.0,85.0,0.0,48.2423138528,13.7115253787,-6.12048038769,18.9351156695,16.9859388661,16.4692598231
574,0.0,70.0,85.0,0.0,52.9821633224,4.03113308503,-4.22270251915,21.1150349425,21.0298639105,19.2664307413
575,0.0,85.0,85.0,0.0,58.6517546953,-6.86033464274,-0.668914086472,24.0922885665,26.6529996283,22.3361717843
576,0.0,100.0,85.0,0.0,52.7406286453,-10.0079759402,7.60662721759,18.1012638705,20.8097340954,14.0718463862
577,10.0,0.0,85.0,0.0,51.7110747509,13.0710549013,6.79134511269,21.8724269631,19.8886430804,13.7096726984
578,10.0,10.0,85.0,0.0,49.1467925031,5.95233743816,13.8149345605,18.19049264,17.7135312031,9.8587512362
579,10.0,20.0,85.0,0.0,46.4030944734,2.45447343108,-1.07006267995,15.4272929185,15.5684153975,13.2326665184
580,10.0,30.0,85.0,0.0,43.2848267696,-5.02886728699,3.74925657704,12.1274959467,13.3492448193,9.84639847562
581,10.0,40.0,85.0,0.0,41.8455118042,-7.14481326792,-9.51623144174,10.9588505682,12.4003812061,13.4487474714
582,10.0,55.0,85.0,0.0,62.7387775347,3.37454762778,15.4662597984,31.0665316336,31.2746195883,17.9518966651
583,10.0,70.0,85.0,0.0,71.5987000553,13.6524141518,27.2110745693,46.1962481396,43.0644610566,19.5795948204
584,10.0,85.0,85.0,0.0,66.0882319838,4.94497211126,18.547266305,35.6255428061,35.4379620004,19.185213942
585,10.0,100.0,85.0,0.0,61.1929980719,-2.9351053706,10.5461773896,27.6710620568,29.4686172712,18.9805119659
586,20.0,0.0,85.0,0.0,55.3161516207,-12.0560319359,1.77831287026,19.8734009332,23.2375175735,18.3534615931
587,20.0,10.0,85.0,0.0,64.1195097965,14.853229946,30.6571917546,36.0509458045,32.9488971477,12.805623008
588,20.0,20.0,85.0,0.0,59.5302447822,20.578275477,-5.39595491669,31.9929548233,27.6050608546,25.7273579641
589,20.0,30.0,85.0,0.0,54.4243483188,-3.76796548983,13.5450241944,20.7840908876,22.3766228957,12.9478225648
590,20.0,40.0,85.0,0.0,51.2204014852,2.6061813939,-18.5707770922,19.2755306286,19.4593952093,25.0770278852
591,20.0,55.0,85.0,0.0,61.6649469191,29.1862630356,29.5155517717,37.189614238,30.0124314834,11.7324804289
592,20.0,70.0,85.0,0.0,61.5869102477,8.160610121,-2.65412261686,31.0179179871,29.922054118,26.1877170188
593,20.0,85.0,85.0,0.0,53.7639809659,7.49744169046,13.2441857608,22.5847923646,21.7530319187,12.6485153841
594,20.0,100.0,85.0,0.0,36.276650603,-0.18368957282,1.26246337079,8.80434332692,9.15270142354,7.23902472625
595,30.0,0.0,85.0,0.0,73.6597678768,-13.218192127,14.5718600152,40.1131554073,46.1762714912,28.3095466924
596,30.0,10.0,85.0,0.0,56.1466044181,-19.0840200342,-6.77703943414,19.1853625762,24.0587865891,23.2755577801
597,30.0,20.0,85.0,0.0,61.0926200766,7.00507304542,5.32579387142,30.1338794439,29.3538080516,21.4237076357
598,30.0,30.0,85.0,0.0,40.9305833803,4.21959233677,-10.9740235639,11.9973780851,11.8212372807,13.4046011929
599,30.0,40.0,85.0,0.0,42.4756075176,18.426967513,8.32266916939,15.2648038664,12.8100333327,8.1621920103
600,30.0,55.0,85.0,0.0,41.7206248709,19.3161834231,0.231062449822,14.867873853,12.3202381948,10.09484259
601,30.0,70.0,85.0,0.0,41.0425925232,0.983927192877,0.49141839453,11.6047943464,11.8911483927,9.66510149419
602,30.0,85.0,85.0,0.0,49.3038966631,7.46775335887,2.68405617167,18.6109526018,17.8419912115,13.6935874778
603,30.0,100.0,85.0,0.0,56.6662435742,-11.1523180021,-5.35793836851,21.2617099109,24.5823933168,22.9981586923
604,40.0,0.0,85.0,0.0,73.1410804548,-4.52543822146,15.5657421532,42.2312091713,45.3795007445,27.1796095934
605,40.0,10.0,85.0,0.0,56.262629513,-5.55179083464,13.3333309234,22.08743937,24.175046303,14.2038427322
606,40.0,20.0,85.0,0.0,54.1480806388,-14.8344420276,-7.82060010571,18.3375166629,22.1143108504,22.0200476025
607,40.0,30.0,85.0,0.0,57.7752557914,13.2955828952,3.13996177083,28.0501073611,25.7251670835,19.6925192741
608,40.0,40.0,85.0,0.0,45.0476853359,3.94128221949,-11.2086282798,14.696497828,14.5758415446,16.29242873
609,40.0,55.0,85.0,0.0,41.6428149254,19.1861249671,2.39755451066,14.7905756876,12.2704806587,9.40923575107
610,40.0,70.0,85.0,0.0,50.757519929,-22.0386357686,6.13089270658,14.4717298785,19.0601631845,13.3450223449
611,40.0,85.0,85.0,0.0,46.5220637967,-1.11118340244,-6.46937419097,14.9125852093,15.6576271837,15.3875864635
612,40.0,100.0,85.0,0.0,60.5359021431,-12.1649968106,7.81796028813,24.7445477799,28.7224610618,19.7314683931
613,55.0,0.0,85.0,0.0,53.0556566027,19.588747531,5.93461135014,24.6305466197,21.0971509084,14.931941681
614,55.0,10.0,85.0,0.0,72.0376541248,4.00260952607,26.0720468973,43.5023027757,43.7150940862,20.4927939302
615,55.0,20.0,85.0,0.0,39.1413672507,0.190661329656,-13.3289430691,10.3827781407,10.7413439525,13.1374194235
616,55.0,30.0,85.0,0.0,46.6502775954,-11.7652806765,9.86184098893,13.2913040396,15.7541519963,9.75366808213
617,55.0,40.0,85.0,0.0,42.5203627564,10.6528447365,-6.55628298996,14.0168714069,12.8394689401,12.7961769652
618,55.0,55.0,85.0,0.0,52.5430603599,-0.293104700354,22.3688689914,19.8350599568,20.6308207618,9.07058952655
619,55.0,70.0,85.0,0.0,46.6439462401,23.0960073795,0.511894035856,19.4269903156,15.7493761969,12.8109908746
620,55.0,85.0,85.0,0.0,54.6322505875,-21.8699630122,8.71499178333,17.4069094476,22.5753850315,14.9073589919
621,55.0,100.0,85.0,0.0,50.1205342085,12.3375210136,-15.0332240943,20.2796028206,18.5197488769,22.1581230348
622,70.0,0.0,85.0,0.0,65.5847967291,-4.56057812162,29.3190158029,32.259426856,34.7899448077,14.2371963529
623,70.0,10.0,85.0,0.0,57.8885800935,31.4031048376,-1.74637256723,33.0437026231,25.8438966074,22.2129466212
624,70.0,20.0,85.0,0.0,54.356683458,-13.2575334771,11.2965307781,18.8153507992,22.3121853769,13.7307090713
625,70.0,30.0,85.0,0.0,48.3590346898,16.3184922325,-14.6636993759,19.5495517243,17.0786916287,20.449077319
626,70.0,40.0,85.0,0.0,64.9118814892,4.28934561477,29.9005275946,33.9468486248,33.9361782932,13.5794748686
627,70.0,55.0,85.0,0.0,55.3854363774,36.1730603822,-2.40687296046,31.3674295001,23.3053102277,20.3796473214
628,70.0,70.0,85.0,0.0,47.4942493338,30.894134303,-3.41718756651,21.7965764203,16.3994473,14.8383565461
629,70.0,85.0,85.0,0.0,43.5235356233,-2.64975560993,-9.89226433471,12.6292223694,13.5111461532,14.6925504854
630,70.0,100.0,85.0,0.0,65.9278906889,15.274931386,13.5418021626,38.5747298513,35.2307065776,21.4845468076
631,85.0,0.0,85.0,0.0,43.5401735904,-15.7611877798,4.36232220708,10.7817402767,13.5224791921,9.79464670268
632,85.0,10.0,85.0,0.0,60.7411658444,0.585601741422,3.11341999521,28.0689369647,28.954176025,22.24312605
633,85.0,20.0,85.0,0.0,59.2668802485,-1.60829294859,27.2185858526,25.952134969,27.3173003738,11.1237218803
634,85.0,30.0,85.0,0.0,43.4733036149,-11.6999072878,-8.91727038437,11.2963655843,13.4769687772,14.280595556
635,85.0,40.0,85.0,0.0,51.5196746421,11.7672420216,18.3730993872,21.417521233,19.7204606301,9.71920392897
636,85.0,55.0,85.0,0.0,44.074897916,-3.35626684377,-7.33755818668,12.8800576307,13.8900931041,14.0730911946
637,85.0,70.0,85.0,0.0,47.5872363515,30.4906337085,-1.25288275495,21.7959979445,16.4716036006,14.0620859864
638,85.0,85.0,85.0,0.0,44.134234445,26.1952413843,6.3646594004,17.9323468865,13.9312918877,9.50515322353
639,85.0,100.0,85.0,0.0,43.5932427256,-3.5187338456,-4.20099407378,12.5445822768,13.558669854,12.6164331186
640,100.0,0.0,85.0,0.0,61.4987847341,22.5487800413,10.7093337214,34.980573593,29.820210813,19.1501791567
641,100.0,10.0,85.0,0.0,50.7970586412,-21.3305945778,3.34138138899,14.6157407519,19.0940497372,14.4227123181
642,100.0,20.0,85.0,0.0,60.0776822404,-1.12425158887,19.0151597288,26.9236268393,28.2096599776,14.5497222982
643,100.0,30.0,85.0,0.0,78.9556335916,-7.20331865365,32.4409017319,50.1492230053,54.8514661063,23.3330831878
644,100.0,40.0,85.0,0.0,52.8802173899,39.1275809382,3.23839365958,29.2694961196,20.9367640939,15.9000083039
645,100.0,55.0,85.0,0.0,66.0420467395,-21.8466858965,12.6267925468,28.1748694331,35.378180341,22.0505587737
646,100.0,70.0,85.0,0.0,46.5967794442,17.5058015199,-9.34117857484,18.2976594256,15.7138282238,16.631931742
647,100.0,85.0,85.0,0.0,59.3397013715,-18.5421071022,-22.186105831,22.1466066337,27.3966660286,36.2788649267
648,100.0,100.0,85.0,0.0,44.3829354655,26.8876660098,11.6659047135,18.2670000172,14.1048573578,8.14770965238
649,0.0,0.0,100.0,0.0,56.8025778633,-3.22694917611,-1.5794225166,23.1104920998,24.7210153809,21.1771268108
650,0.0,10.0,100.0,0.0,40.2898278377,12.5532664561,4.30691618589,12.8188620353,11.4265676043,8.22779896047
651,0.0,20.0,100.0,0.0,48.4174899063,-10.8718968354,-10.9651949933,14.6489794847,17.1252699679,18.742049084
652,0.0,30.0,100.0,0.0,38.4439135456,-1.05114897922,-3.23999347438,9.83637870353,10.3388929673,9.44484680991
653,0.0,40.0,100.0,0.0,78.372049894,-7.42045286336,47.2588404864,49.1337172119,53.8463411301,15.8715295487
654,0.0,55.0,100.0,0.0,48.072345104,27.8229393799,5.52244516958,21.6724204297,16.8514738912,11.9214900324
655,0.0,70.0,100.0,0.0,64.9174796394,-22.9375912573,25.1345447005,26.6889805454,33.9432227334,15.4330057606
656,0.0,85.0,100.0,0.0,36.0328103253,-0.125370764555,-0.0821597728565,8.68839573296,9.02522175284,7.46723039465
657,0.0,100.0,100.0,0.0,77.6719650069,2.99966529002,49.544664863,51.9169235195,52.656855951,14.4741421129
658,10.0,0.0,100.0,0.0,49.4277922503,30.1635069772,-7.59284933231,23.4700935886,17.9437343213,18.0008021069
659,10.0,10.0,100.0,0.0,65.5139403652,-13.760539452,27.4738970682,29.6810432281,34.69937835,14.9083988278
660,10.0,20.0,100.0,0.0,44.7839594137,2.81302570679,-25.4397933849,14.3257502759,14.3877535793,22.7850202217
661,10.0,30.0,100.0,0.0,69.5735490203,-3.00929197517,4.45068902875,37.7730149754,40.1462203824,30.2166336436
662,10.0,40.0,100.0,0.0,66.6922686966,0.893827364925,3.32797919516,35.1960667676,36.2260309431,27.8456202177
663,10.0,55.0,100.0,0.0,35.5042720662,-1.44577162465,-1.20462059363,8.27662538986,8.75297710946,7.52004136454
664,10.0,70.0,100.0,0.0,66.7089980649,1.85064051188,-1.93625018187,35.5009849768,36.2480219191,31.1433182743
665,10.0,85.0,100.0,0.0,35.3611924452,1.88443073132,-7.83362100163,8.58587958561,8.68023187631,9.23591301323
666,10.0,100.0,100.0,0.0,41.2586028293,-15.3194590727,5.78258204632,9.56903187636,12.0267496853,8.27970891473
667,20.0,0.0,100.0,0.0,40.2813332966,18.3764875325,9.51388947301,13.71084376,11.4213953304,6.91486972241
668,20.0,10.0,100.0,0.0,39.4546774156,3.11134331551,-2.54011187273,10.9521780329,10.9254814061,9.75239988491
669,20.0,20.0,100.0,0.0,43.4467070946,-6.36614851716,6.22133274362,12.0348525383,13.4588961204,9.20306312264
670,20.0,30.0,100.0,0.0,43.5045235143,9.23025112988,9.71966543901,14.4727055754,13.4982037091,8.26240069772
671,20.0,40.0,100.0,0.0,50.4853104114,-26.731381591,10.6956740694,13.5342575363,18.8279542613,11.5796144001
672,20.0,55.0,100.0,0.0,42.4277982527,10.2113554634,-14.5274684077,13.8828655035,12.7786388223,15.7947213964
673,20.0,70.0,100.0,0.0,59.1375019864,-14.7862252886,26.3780639578,22.7783723216,27.1766730551,11.325858903
674,20.0,85.0,100.0,0.0,46.6056439112,27.151069638,-5.61258454688,20.2107597941,15.7205049781,15.101457855
675,20.0,100.0,100.0,0.0,68.9321229877,-2.52205612248,44.0691666678,37.0719358991,39.2502088739,11.0631860757
676,30.0,0.0,100.0,0.0,64.1478093432,-1.5531459408,35.8010106207,31.379100431,32.9838237809,11.0694576014
677,30.0,10.0,100.0,0.0,64.3119886695,-1.55576494904,28.309414396,31.5724865281,33.186937098,13.7874917118
678,30.0,20.0,100.0,0.0,34.5025591556,2.38409162299,-6.54572562436,8.22182352365,8.25213245801,8.46276841196
679,30.0,30.0,100.0,0.0,57.4681177767,16.7553056361,23.2521300581,28.5961321966,25.4052090516,11.4076270359
680,30.0,40.0,100.0,0.0,53.7621798052,31.384104721,-8.75958513181,28.251450357,21.7513471083,22.1607300676
681,30.0,55.0,100.0,0.0,47.6766732487,-7.76824527365,4.39329104137,14.6342376415,16.5412044618,12.0744576482
682,30.0,70.0,100.0,0.0,34.9340332192,1.20110587988,-4.07992710396,8.29791555708,8.46545360613,8.00435285388
683,30.0,85.0,100.0,0.0,57.9840547039,17.3488320342,17.0032994764,29.3271670066,25.9442081417,13.9366722366
684,30.0,100.0,100.0,0.0,52.7463108804,30.2119463438,0.291510464718,26.8582960503,20.8148950423,17.0480594102
685,40.0,0.0,100.0,0.0,48.1063011499,-7.21594494059,-2.1219548694,15.0335729353,16.8782801237,14.743931628
686,40.0,10.0,100.0,0.0,43.3468637088,6.51285990503,-12.4488467619,13.9247051642,13.391195512,15.5925020542
687,40.0,20.0,100.0,0.0,64.4515764609,-14.7900598586,-2.09507197608,28.2261454267,33.3602816105,28.7919018505
688,40.0,30.0,100.0,0.0,48.3267054338,28.4346040292,-0.338526367723,22.0397846549,17.052967311,14.199718062
689,40.0,40.0,100.0,0.0,76.5587702104,-0.538744318442,15.8614602978,48.7897299041,50.8017601114,30.6192434865
690,40.0,55.0,100.0,0.0,42.9409373265,5.51351711599,-8.50345358102,13.4914954491,13.1182875567,13.7748148565
691,40.0,70.0,100.0,0.0,65.9270133408,-10.8961806105,-20.6442061103,30.9230969221,35.2295747555,43.7664052829
692,40.0,85.0,100.0,0.0,48.64974627,27.2820808312,2.61730672948,22.0917108768,17.3111733998,13.300797053
693,40.0,100.0,100.0,0.0,77.8918765731,1.92494963878,-4.73040732274,51.8683779488,53.0285912519,47.7029579024
694,55.0,0.0,100.0,0.0,79.0939933053,-1.9173220758,-1.16837894197,52.3825630771,55.0915876184,46.4350580906
695,55.0,10.0,100.0,0.0,36.0070511615,1.13286093447,3.93270834242,8.82247901156,9.01182441229,6.49961636421
696,55.0,20.0,100.0,0.0,76.8659004891,1.40918039387,-2.20289840637,50.0015833899,51.3091541491,44.1069666512
697,55.0,30.0,100.0,0.0,43.450224879,-0.921018741944,2.12914969354,12.8411964481,13.4612855697,10.4291008139
698,55.0,40.0,100.0,0.0,78.8799686053,-2.6981730187,2.90394103785,51.7291709273,54.7204461032,42.7880432057
699,55.0,55.0,100.0,0.0,57.9389205486,-0.102653509367,2.4325334441,24.9480063103,25.8967551176,20.1675464549
700,55.0,70.0,100.0,0.0,76.4385235126,0.793071549477,2.04934264743,49.0892023649,50.6040215974,40.1635693501
701,55.0,85.0,100.0,0.0,38.3057410306,-8.8684352449,-7.4799886125,8.8115406419,10.2603757382,10.6612661111
702,55.0,100.0,100.0,0.0,38.9076970046,18.5162859569,2.16951596631,12.8196998117,10.6053673854,8.1626111743
703,70.0,0.0,100.0,0.0,50.6274027003,-1.1565758536,24.0935073933,18.0524962734,18.9489296542,7.71629054742
704,70.0,10.0,100.0,0.0,66.6818301654,8.70972656809,0.459010377176,37.542633518,36.2123138632,29.591254808
705,70.0,20.0,100.0,0.0,49.362229269,16.800059609,15.0426113942,20.5248863929,17.8898459264,9.60389945685
706,70.0,30.0,100.0,0.0,57.966331489,-2.15372810627,-10.3974469917,24.4966815485,25.9255674507,27.061615118
707,70.0,40.0,100.0,0.0,43.8216303051,1.17351924023,3.30180385034,13.4068618693,13.7151564521,10.2640528962
708,70.0,55.0,100.0,0.0,49.1306425428,-12.3954185689,-21.4673996668,14.9058581897,17.7003608579,24.6838838525
709,70.0,70.0,100.0,0.0,69.7653950559,-2.34965406924,-1.20923144576,38.2353482867,40.4168357645,34.1729473999
710,70.0,85.0,100.0,0.0,58.6342228041,11.975149565,4.92230812879,28.6595136167,26.6342257457,19.5493539311
711,70.0,100.0,100.0,0.0,67.8952214673,16.9938279899,-6.36280742406,41.867829462,37.8301189485,35.5168066196
712,85.0,0.0,100.0,0.0,59.6909314305,-3.94896211449,23.5524353266,25.8286405348,27.7816209174,12.6168600368
713,85.0,10.0,100.0,0.0,35.8863920434,3.10015776004,-4.92350653784,8.9935860928,8.94924608977,8.67156807532
714,85.0,20.0,100.0,0.0,44.1665769206,8.68441762669,14.5621728331,14.8530943311,13.9537823136,7.31347205378
715,85.0,30.0,100.0,0.0,66.7436843947,15.0197322775,9.77400774594,39.6082043554,36.2936459105,24.2031327883
716,85.0,40.0,100.0,0.0,60.5108450627,-3.81856403066,16.2755403796,26.7196860063,28.6942599666,15.9492402939
717,85.0,55.0,100.0,0.0,36.1255588032,2.45345180921,-1.29470327309,9.03937773742,9.07357020152,7.81488904191
718,85.0,70.0,100.0,0.0,42.7427594591,8.88495544129,12.3076583115,13.8878233576,12.9864086125,7.26428979619
719,85.0,85.0,100.0,0.0,53.4231302686,34.6125677857,13.0578553284,28.7048394368,21.4357462959,12.5067705928
720,85.0,100.0,100.0,0.0,64.3221983202,2.30400964153,3.54711082542,32.6576364115,33.1995953618,25.3416981632
721,100.0,0.0,100.0,0.0,35.7498590301,4.40559322014,-0.340163754466,9.0791636256,8.87878512082,7.41003602631
722,100.0,10.0,100.0,0.0,36.4906982712,-5.03737812241,-2.03740604799,8.35117612119,9.26559008134,8.1731211687
723,100.0,20.0,100.0,0.0,52.7634509491,34.7012631031,18.6913385239,28.0001164394,20.8304678497,10.2725050976
724,100.0,30.0,100.0,0.0,65.8748577179,5.30913623685,-13.0766224424,35.4603029591,35.1623349942,37.845261489
725,100.0,40.0,100.0,0.0,36.8677386114,4.02676274601,0.529204244916,9.62122215328,9.46669171833,7.67575220406
726,100.0,55.0,100.0,0.0,34.8053373838,-2.34153325075,-6.14065465724,7.84437207167,8.4014462168,8.49452623796
727,100.0,70.0,100.0,0.0,47.1026529354,3.74367710253,-6.51694499856,16.1729580343,16.0978874438,15.8151081882
728,100.0,85.0,100.0,0.0,60.0557956223,-1.77415092477,18.8374877568,26.7401000075,28.1853202594,14.6042524369
729,100.0,100.0,100.0,0.0,59.4089984461,-0.332349597204,18.7084392551,26.4102735992,27.4723335273,14.2228731579
730,0.0,0.0,0.0,20.0,59.2865674606,-1.01359932809,17.8569685603,26.116372912,27.3387417634,14.4697735053
731,0.0,10.0,0.0,20.0,52.1555281165,-9.17054382804,6.84628325672,17.783610134,20.282864736,13.9774922663
732,0.0,20.0,0.0,20.0,51.5207757826,11.5190314559,11.4477414287,21.3659009805,19.7214254757,11.9284004132
733,0.0,40.0,0.0,20.0,80.6457847456,1.60372875432,-3.00341360169,56.4145577009,57.832875021,50.3452292256
734,0.0,70.0,0.0,20.0,82.9334730141,-3.13133374971,2.82575670957,58.5145181405,62.0377155949,48.6855825086
735,0.0,100.0,0.0,20.0,43.2932536501,-3.77666199072,-4.70888864095,12.3155984461,13.3549381048,12.6131321993
736,10.0,0.0,0.0,20.0,79.9691857419,0.673723581139,1.55394046256,54.8721461407,56.6267272658,45.4189142153
737,10.0,10.0,0.0,20.0,45.2368921758,-14.2493928895,2.3099754878,12.0107484292,14.7117879877,11.35932614
738,10.0,20.0,0.0,20.0,49.7779033443,-1.87324757654,-16.2566243296,17.2361252108,18.2333349998,22.4856490186
739,10.0,40.0,0.0,20.0,51.0110943931,-0.225050336985,15.3866152447,18.5464523003,19.2781859223,10.3602130977
740,10.0,70.0,0.0,20.0,57.1229127658,10.209897124,-6.0075119446,26.5786119026,25.0487743448,23.7653926823
741,10.0,100.0,0.0,20.0,59.141417298,14.7107061511,29.1760572177,29.9465060625,27.1809216933,10.4312432302
742,20.0,0.0,0.0,20.0,61.8391876597,2.3218555994,24.7564777361,29.7451679702,30.2148830152,13.5224266201
743,20.0,10.0,0.0,20.0,66.6932989534,-5.59680181009,30.6878392408,33.3140081923,36.2273849723,14.4462706255
744,20.0,20.0,0.0,20.0,55.7433813424,-8.76868952814,-26.8162842668,20.9268401953,23.6576475316,35.1666019779
745,20.0,40.0,0.0,20.0,44.2828696734,-7.75692037505,12.8439546317,12.3575126588,14.0348503585,7.79578995664
746,20.0,70.0,0.0,20.0,68.6155538747,0.507151870563,-12.5275164336,37.5835048461,38.8129485957,41.0033614782
747,20.0,100.0,0.0,20.0,56.0327811779,-26.7032294697,14.1906740234,17.6302656806,23.9450959595,13.7290916801
748,40.0,0.0,0.0,20.0,54.5015355878,-13.6330719111,-12.3504474152,18.8638232207,22.4502799844,24.7632501167
749,40.0,10.0,0.0,20.0,42.0399097943,-6.34107885951,9.76124313528,11.1832150925,12.5258215059,7.59611352226
750,40.0,20.0,0.0,20.0,67.4200914527,-2.5855327555,5.09165658142,35.0950470885,37.19101381,27.5414847489
751,40.0,40.0,0.0,20.0,56.6426499548,-25.748551291,6.84160036686,18.3066046371,24.5584565075,17.1207179565
752,40.0,70.0,0.0,20.0,35.717779456,-1.15050566621,-4.02262579587,8.41422694082,8.8622835618,8.34725900985
753,40.0,100.0,0.0,20.0,63.1156818984,0.381632989075,19.5066576333,30.6959605796,31.7258859871,16.4762778192
754,70.0,0.0,0.0,20.0,57.4597977264,14.0873743535,-0.171817123764,27.9060938381,25.3965788313,21.0402304128
755,70.0,10.0,0.0,20.0,37.6913174658,-6.59086079377,0.348443057683,8.76808790021,9.91603873246,8.08972667804
756,70.0,20.0,0.0,20.0,34.6031647971,0.801798147215,-6.60429729551,8.09375223531,8.30154773799,8.52584797736
757,70.0,40.0,0.0,20.0,61.7313072644,-0.0393622361146,28.0099719599,29.0048812806,30.0894290591,12.2872209462
758,70.0,70.0,0.0,20.0,58.7192553465,16.2558147799,-13.1945031744,29.8737176051,26.7253645211,29.544383849
759,70.0,100.0,0.0,20.0,37.7140037519,-6.72344723512,1.79458154967,8.76401710743,9.92861356769,7.72507719055
760,100.0,0.0,0.0,20.0,82.7251339426,-0.796757046521,0.0137451040335,59.1122800674,61.646613951,50.8525837085
761,100.0,10.0,0.0,20.0,52.0229643616,12.3298121627,0.339562794052,22.0024660263,20.1647431487,16.4939245373
762,100.0,20.0,0.0,20.0,84.1971831295,1.34923584035,2.20195648251,62.7287652694,64.4454957863,51.1667699947
763,100.0,40.0,0.0,20.0,60.0507253579,-0.0935320371956,3.36740253024,27.1502936426,28.1796837067,21.505424882
764,100.0,70.0,0.0,20.0,53.1933024047,-7.3823146434,-5.84769094722,18.983363445,21.2235587889,20.2150595066
765,100.0,100.0,0.0,20.0,69.1031259069,20.8511353055,-2.3913540571,44.9472823586,39.4877664522,34.2006538748
766,0.0,0.0,10.0,20.0,36.5250474883,0.0868631726001,2.51159946098,8.96262846717,9.28379182512,7.04027705285
767,0.0,10.0,10.0,20.0,68.5883214404,19.7534079367,-3.52375633714,43.8034987443,38.7754863011,34.3693698648
768,0.0,20.0,10.0,20.0,51.7447690488,13.3309093507,1.54173841463,21.9597132524,19.9183487406,15.7924752851
769,0.0,40.0,10.0,20.0,51.7160278414,12.4423115154,1.05738305223,21.7419828944,19.8930079848,15.9718754253
770,0.0,70.0,10.0,20.0,52.4451619214,-15.9515987564,-19.7227142129,16.7665111668,20.5425474147,26.9475901641
771,0.0,100.0,10.0,20.0,58.3815720104,14.9340231341,-9.09780519954,29.1440295855,26.3646548598,26.7194877302
772,10.0,0.0,10.0,20.0,60.0796066247,-4.43889569304,19.8729667067,26.1146717532,28.211800721,14.2196891871
773,10.0,10.0,10.0,20.0,46.9493825024,-12.3727287045,-0.0299145774626,13.3968401063,15.9808713437,13.1967966062
774,10.0,20.0,10.0,20.0,71.0698495639,13.4794643802,38.6864272358,45.3329271889,42.2891946548,14.2715853322
775,10.0,40.0,10.0,20.0,50.4452477353,-16.9740139004,-18.0046450799,15.0878716932,18.7939387565,24.0275643963
776,10.0,70.0,10.0,20.0,47.013532261,28.5793245862,9.16404039926,20.868256538,16.0297779765,10.1537414424
777,10.0,100.0,10.0,20.0,81.4440092383,-3.43253154059,-3.76130735678,55.7712409884,59.2777164696,52.269394231
778,20.0,0.0,10.0,20.0,47.9695729457,13.6305473471,-8.36776379076,18.6905590257,16.7705145047,17.2319129629
779,20.0,10.0,10.0,20.0,69.2409158998,-7.30155666295,-16.8162178654,36.0270021897,39.6798804296,45.3135396047
780,20.0,20.0,10.0,20.0,58.0347099053,29.4342015025,5.08495048381,32.6657748832,25.9975348663,18.9879021304
781,20.0,40.0,10.0,20.0,78.8075651813,-7.43296271449,40.593203759,49.8251961039,54.5952692581,19.1309534407
782,20.0,70.0,10.0,20.0,46.6953505534,11.3747086241,4.20713589247,17.2289828643,15.7881788471,11.5642878334
783,20.0,100.0,10.0,20.0,66.1422131783,-13.4364423944,21.8938503483,30.4880102581,35.5079199612,17.7025202234
784,40.0,0.0,10.0,20.0,56.1017228294,29.0159875905,22.3644194305,30.2668728825,24.013914416,10.9286521153
785,40.0,10.0,10.0,20.0,68.4230012211,8.74787411885,28.6973611923,39.9180246789,38.548580809,16.4593057088
786,40.0,20.0,10.0,20.0,51.1842074908,24.8477246745,-2.54226962253,23.9823717331,19.4279791185,17.108905337
787,40.0,40.0,10.0,20.0,57.5533404795,-8.67114553991,11.2885453138,22.6210536785,25.4937214482,15.9028811666
788,40.0,70.0,10.0,20.0,44.41075969,4.18110780489,-13.5851627445,14.286748207,14.1243647361,16.8348526618
789,40.0,100.0,10.0,20.0,67.4915082895,8.83762912901,39.0885670973,38.6698055441,37.2866144879,11.8926126822
790,70.0,0.0,10.0,20.0,52.2183080123,26.5470003987,-11.6592904226,25.4188523592,20.3389656621,22.2835024098
791,70.0,10.0,10.0,20.0,56.8134948849,-9.36936747272,17.669983542,21.7763287771,24.7321380776,12.9457554415
792,70.0,20.0,10.0,20.0,46.3418182015,6.46281374999,-23.308470376,16.0745636658,15.5225985344,23.077359319
793,70.0,40.0,10.0,20.0,69.2593171722,20.671386937,-1.62723203523,45.1191475339,39.705583506,33.861319039
794,70.0,70.0,10.0,20.0,81.0285936002,-1.25999154034,27.1065597927,55.9247871377,58.5228195535,28.4128939875
795,70.0,100.0,10.0,20.0,71.2313000292,-11.7360198668,-15.1818866115,37.2853394072,42.5248770937,46.8217892934
796,100.0,0.0,10.0,20.0,70.2788399137,-10.5842607353,-15.3368740215,36.3856704433,41.1470707608,45.5714780343
797,100.0,10.0,10.0,20.0,67.8321716175,18.7374950443,17.2366661276,42.3580302576,37.7448915236,21.2774808303
798,100.0,20.0,10.0,20.0,67.1083699402,17.2772669488,15.5335065387,40.8451445906,36.7756472624,21.5065605094
799,100.0,40.0,10.0,20.0,82.585006043,1.56352434837,0.680344928487,59.8485920689,61.3844875346,50.0428700201
800,100.0,70.0,10.0,20.0,60.4889774305,-0.0354707246779,2.47668004289,27.6371105679,28.6696636025,22.347584273
801,100.0,100.0,10.0,20.0,60.8627874212,1.50954566135,2.81805273134,28.4385576396,29.0920565099,22.5050030931
802,0.0,0.0,20.0,20.0,59.7187403895,0.816370263575,2.4067189633,27.0209909646,27.8122531936,21.7021115117
803,0.0,10.0,20.0,20.0,40.157075666,-1.59643507977,-3.22182717184,10.7257663349,11.3459139344,10.3275427738
804,0.0,20.0,20.0,20.0,56.5673143236,-14.6578022952,-17.5883975258,20.4421936321,24.4821290839,29.9730978921
805,0.0,40.0,20.0,20.0,43.6697925287,15.4234858598,4.67166287947,15.6306663411,13.6109868921,9.76900204205
806,0.0,70.0,20.0,20.0,66.9202862003,-4.80803609846,-4.49635459827,33.8199499893,36.5265294173,33.0721637582
807,0.0,100.0,20.0,20.0,48.7991859055,33.0933092515,15.1358721243,23.5198142259,17.4314968379,9.29336928851
808,10.0,0.0,20.0,20.0,50.9265072672,21.5229960801,13.4221966391,22.9817148749,19.2052743173,10.9349042013
809,10.0,10.0,20.0,20.0,50.0140700046,-18.4108224573,-13.4669792555,14.5410026159,18.4304339315,21.2688476922
810,10.0,20.0,20.0,20.0,35.4430476453,-0.199565391083,-1.36483205087,8.38770575536,8.72179954965,7.53374844738
811,10.0,40.0,20.0,20.0,39.9504172512,-3.46073243078,-1.12768715877,10.3613032725,11.2211152054,9.58710227898
812,10.0,70.0,20.0,20.0,52.2414761085,27.5651867889,14.9324972981,25.6857223706,20.3596950753,11.1802178096
813,10.0,100.0,20.0,20.0,60.4865881411,-16.9695942024,-27.9824346604,23.5907679222,28.6669770199,42.1312870879
814,20.0,0.0,20.0,20.0,35.4536450117,0.508513195194,-2.32562094779,8.47361202802,8.72719078238,7.78213257389
815,20.0,10.0,20.0,20.0,41.3223122484,-5.46950532274,6.04394121532,10.8803240819,12.0669394589,8.23928056189
816,20.0,20.0,20.0,20.0,52.5747007546,28.4451068313,9.54888658122,26.2445199596,20.6594043419,13.240614615
817,20.0,40.0,20.0,20.0,58.8190292706,-22.0186168526,-10.4878755521,20.9283395532,26.8325680798,27.9906361755
818,20.0,70.0,20.0,20.0,38.6543563025,-10.966207571,0.129298660444,8.74187063762,10.45924614,8.5944963585
819,20.0,100.0,20.0,20.0,50.469452205,23.5446361596,6.85577547039,22.9931873137,18.814484833,12.9012353662
820,40.0,0.0,20.0,20.0,70.4242560354,-7.45487957939,6.68903111919,37.5323124182,41.3554719544,29.7304393998
821,40.0,10.0,20.0,20.0,43.6853339085,1.57303644647,-4.72898964958,13.3776961225,13.6216248687,12.86104903
822,40.0,20.0,20.0,20.0,36.8043907057,-7.60488782164,-6.11519283455,8.21428368061,9.43270255088,9.45898653623
823,40.0,40.0,20.0,20.0,49.8089649276,22.2533705655,12.3270979602,22.0847626988,18.2591775873,10.6695110557
824,40.0,70.0,20.0,20.0,72.3183434829,-4.14636950113,-12.6206504064,41.1832128221,44.1345574911,46.2413886439
825,40.0,100.0,20.0,20.0,43.5415087718,-0.201489482895,-1.28753433052,13.0098555029,13.5233889325,11.5833370864
826,70.0,0.0,20.0,20.0,72.41164784,0.316983705187,2.29748202591,42.8004156462,44.2745838425,34.9041415287
827,70.0,10.0,20.0,20.0,45.4792346367,23.7904291271,10.1947374654,18.5794866918,14.8871439969,9.06920404302
828,70.0,20.0,20.0,20.0,62.4466485241,-9.31598283823,-10.4127843938,27.4258135434,30.9278132415,31.8779413615
829,70.0,40.0,20.0,20.0,41.3850530951,5.66514946158,0.0691732529084,12.4950075472,12.1066056338,9.96827893565
830,70.0,70.0,20.0,20.0,51.9290693436,-18.4771795953,-22.6494090835,15.9248428303,20.0813555761,28.1609227474
831,70.0,100.0,20.0,20.0,48.3261845195,33.374010416,12.8401738103,23.1249565393,17.0525530323,9.72720873247
832,100.0,0.0,20.0,20.0,66.8461189913,-5.61855487009,0.649853438106,33.4957837756,36.428604706,29.6490273113
833,100.0,10.0,20.0,20.0,43.9170550041,15.7057823448,2.20081261176,15.8636910975,13.7808945536,10.6593296998
834,100.0,20.0,20.0,20.0,56.1131618098,-15.7669098717,-12.8308359822,19.8178400873,24.025345694,26.6157216924
835,100.0,40.0,20.0,20.0,40.3395806159,-0.857588525282,-6.09695364974,10.9312006785,11.456893125,11.3472161578
836,100.0,70.0,20.0,20.0,71.5482517458,-1.03505562331,13.3441442862,41.114985802,42.990101106,26.87106652
837,100.0,100.0,20.0,20.0,46.8644433559,25.017003072,1.58608259729,20.003537759,15.9162684469,12.5644540464
838,0.0,0.0,40.0,20.0,61.6537091983,-11.5238985925,-0.653901527106,26.0420652331,29.9994054321,25.1170995734
839,0.0,10.0,40.0,20.0,42.2410588694,7.80510774447,-7.39469540756,13.3787424135,12.656505696,12.9240895115
840,0.0,20.0,40.0,20.0,51.5180722004,-21.4713339954,-13.1684270307,15.1092047227,19.7190565888,22.4399483273
841,0.0,40.0,40.0,20.0,69.2503992356,-3.98988213241,9.35047135164,37.0425935134,39.6931254597,26.8897349081
842,0.0,70.0,40.0,20.0,66.3484247703,0.228873810958,8.11714277784,34.5654309392,35.7760114141,24.740000832
843,0.0,100.0,40.0,20.0,64.5872190252,13.4844740599,33.0938760764,36.2456338739,33.52930407,12.2316979422
844,10.0,0.0,40.0,20.0,63.5570211735,1.70706531404,-16.3844363563,31.5748667845,32.2597927641,37.3407494633
845,10.0,10.0,40.0,20.0,38.3351441444,0.653039672163,2.08553510566,9.99324551506,10.2770507912,7.92583381546
846,10.0,20.0,40.0,20.0,39.8772029191,8.86550166068,3.05252967685,12.0125935053,11.177122403,8.37315329611
847,10.0,40.0,40.0,20.0,65.4622607895,13.9915772709,25.9910111072,37.5503728182,34.6334223012,15.4665511367
848,10.0,70.0,40.0,20.0,62.1898678196,-1.68120885239,-0.817718200696,29.0919044028,30.6250967353,25.731524164
849,10.0,100.0,40.0,20.0,36.8233785618,1.56772294686,0.950881908219,9.29511886206,9.44288188683,7.54986315158
850,20.0,0.0,40.0,20.0,41.510150904,8.35269460042,9.26092455227,12.9791864689,12.185954545,7.49235769083
851,20.0,10.0,40.0,20.0,56.3430719776,39.9079292965,17.8907451457,33.5686639185,24.2558708988,12.5777997759
852,20.0,20.0,40.0,20.0,39.1884425973,-8.63309671345,2.56082038394,9.29431875555,10.76887778,8.18718737492
853,20.0,40.0,40.0,20.0,49.5169662402,18.1306881034,4.05035623196,20.9396679305,18.0172029273,13.3235962627
854,20.0,70.0,40.0,20.0,79.6918513487,3.56710844551,20.6188928854,55.5495275007,56.1372201632,31.0329698041
855,20.0,100.0,40.0,20.0,55.0486839489,40.1635376287,24.1102028589,32.0673770393,22.9770434617,9.82288751479
856,40.0,0.0,40.0,20.0,38.0797940549,-5.94501465012,-4.01763355324,9.04235828556,10.1328384703,9.48863712312
857,40.0,10.0,40.0,20.0,48.5153406403,16.8293748308,9.13791589607,19.7870388945,17.2034288792,10.9758441313
858,40.0,20.0,40.0,20.0,81.2997026591,5.64511495077,-0.360028586442,59.2366916724,59.014749989,49.0075200089
859,40.0,40.0,40.0,20.0,46.9016135359,-20.7548965419,5.90760463733,12.1076922776,15.9445178231,11.1209743157
860,40.0,70.0,40.0,20.0,45.2590358088,4.87300657035,-15.8652511134,15.0027992707,14.7277533758,18.491802974
861,40.0,100.0,40.0,20.0,55.5761752284,-7.41050208546,21.4692809043,21.0603169243,23.4926222213,10.925122049
862,70.0,0.0,40.0,20.0,50.4708329138,19.9263809,-5.74732923601,22.1988552854,18.8156573053,17.9796515156
863,70.0,10.0,40.0,20.0,64.2090357348,6.52758910928,37.465542407,33.7191107018,33.0594723971,10.5714686317
864,70.0,20.0,40.0,20.0,52.9301056153,-14.2118208385,-25.2687552876,17.4663552155,20.9822889804,30.8699137055
865,70.0,40.0,40.0,20.0,59.7902425175,4.85306500795,21.7914996058,28.1118175789,27.8911179671,13.3131033057
866,70.0,70.0,40.0,20.0,63.1882856285,0.506277391771,-11.6002185445,30.8141470002,31.8133098232,33.524587561
867,70.0,100.0,40.0,20.0,50.7908946711,-14.088247867,4.89256312983,15.8349749488,19.0887642819,13.8268116221
868,100.0,0.0,40.0,20.0,73.5018402919,15.6689155033,3.69885921615,49.9118178816,45.9326950357,35.2387704964
869,100.0,10.0,40.0,20.0,48.6190542058,-17.2352703119,-6.47463159883,13.7624001653,17.2865299877,16.8971902453
870,100.0,20.0,40.0,20.0,45.1038103226,3.66794557639,-10.7061206606,14.6913118231,14.6160799864,16.122740192
871,100.0,40.0,40.0,20.0,56.106961039,-5.46286283505,5.70418657649,21.9616075775,24.0191486483,17.213634295
872,100.0,70.0,40.0,20.0,51.0110385008,19.1733906159,-0.574962684594,22.5430092309,19.2781376839,16.1451381915
873,100.0,100.0,40.0,20.0,64.6672990326,7.00360711078,18.9144407924,34.427957284,33.6293582459,17.8968197652
874,0.0,0.0,70.0,20.0,57.5952155619,10.6899221699,20.2191445082,27.1998737091,25.5372881809,12.5180195604
875,0.0,10.0,70.0,20.0,50.5954366029,-15.5571916952,-22.4452102449,15.4373167816,18.9216691244,26.6745921261
876,0.0,20.0,70.0,20.0,52.3687194494,-18.1602713437,9.75398288994,16.3131817623,20.473795881,13.0369117464
877,0.0,40.0,70.0,20.0,61.3422270019,20.2150563827,-10.1122549703,34.1026446239,29.6398534129,30.4522844322
878,0.0,70.0,70.0,20.0,65.2066224873,-4.66471751343,32.7010742575,31.7783067949,34.3083929744,12.7451156822
879,0.0,100.0,70.0,20.0,51.0685306102,-0.390655060953,-24.9769712392,18.562258032,19.3277992919,28.674086878
880,10.0,0.0,70.0,20.0,53.4394311489,-17.287338649,3.32238178943,17.3038400403,21.4508494864,16.2662200197
881,10.0,10.0,70.0,20.0,60.3262015041,18.1900742295,2.97860108345,32.2829354112,28.4870174096,21.9445812583
882,10.0,20.0,70.0,20.0,66.2643014653,-4.29345188606,23.5732080607,33.1587770531,35.6664820729,17.0589547156
883,10.0,40.0,70.0,20.0,50.0247952131,-4.54281607484,-13.3613155875,16.9430712016,18.4394184873,21.2251790761
884,10.0,70.0,70.0,20.0,51.6285341503,-0.255935682419,-10.6243292191,19.0581945152,19.8159982343,21.2392395506
885,10.0,100.0,70.0,20.0,65.548730251,4.26668757891,24.9242332592,34.7382210509,34.7438260617,15.964685377
886,20.0,0.0,70.0,20.0,37.6884532897,6.10970896375,1.67803815821,10.3378609782,9.91445189673,7.74359087017
887,20.0,10.0,70.0,20.0,54.7567002425,-13.2219694851,7.19993596616,19.1599538981,22.6949247004,15.6020204915
888,20.0,20.0,70.0,20.0,52.2123788297,2.96947778881,-22.7000694064,20.2077730673,20.3336628499,28.4880542726
889,20.0,40.0,70.0,20.0,64.9629079599,3.93601236131,33.4966213456,33.9083848488,34.0004235803,12.3168273286
890,20.0,70.0,70.0,20.0,36.6350029749,6.57720901803,-2.16968848428,9.81508898561,9.342217795,8.2745108549
891,20.0,100.0,70.0,20.0,53.6124232845,-14.6567852583,13.1695398606,17.9327683011,21.611568571,12.582458914
892,40.0,0.0,70.0,20.0,61.0815168794,16.6134142088,-0.976519873795,32.7535750194,29.3411269085,24.747091222
893,40.0,10.0,70.0,20.0,55.6432644171,6.52612851484,23.680867577,24.1885438773,23.5587438905,10.2649979353
894,40.0,20.0,70.0,20.0,53.5818092277,4.44999575391,-10.9999629582,21.7526681157,21.5830681898,23.1697086957
895,40.0,40.0,70.0,20.0,47.6129450271,-8.39582342801,9.04573836928,14.4862130404,16.4915903638,10.510518424
896,40.0,70.0,70.0,20.0,45.9459537092,-7.56359645239,-21.1294087642,13.4720982848,15.2287712521,21.5955617872
897,40.0,100.0,70.0,20.0,59.9534849402,14.4151283939,24.0074399035,30.8048842395,28.0717280495,12.6160368162
898,70.0,0.0,70.0,20.0,56.9923748161,9.54781555313,-2.48312675896,26.2796244752,24.9148635731,21.7983894045
899,70.0,10.0,70.0,20.0,52.4163415864,0.0638717890485,11.104939731,19.7969348856,20.5166086709,12.5833033518
900,70.0,20.0,70.0,20.0,49.4517461348,-3.04166180585,-13.0640042601,16.7678238303,17.9634497743,20.5882180506
901,70.0,40.0,70.0,20.0,44.9401807115,-13.280829015,-0.996766059037,11.9660182482,14.4989731478,12.3068845163
902,70.0,70.0,70.0,20.0,45.1623685413,0.0425118139037,-19.153199174,14.1416217682,14.6581417875,19.9540599802
903,70.0,100.0,70.0,20.0,71.9078272135,-5.47673865106,-6.46818571254,40.1744402566,43.5219824985,40.7066830492
904,100.0,0.0,70.0,20.0,49.2917641567,16.5182136691,7.24807363482,20.4043442849,17.8320487179,12.0503658868
905,100.0,10.0,70.0,20.0,53.8941332568,-30.3723809448,10.3318560218,15.335758659,21.8750071318,13.7934020899
906,100.0,20.0,70.0,20.0,56.9117366473,38.6292659177,21.0392596842,33.905482013,24.8323808373,11.8275161742
907,100.0,40.0,70.0,20.0,65.4185456215,-0.777734616751,17.1864811894,33.1219352621,34.5776961204,19.2818539819
908,100.0,70.0,70.0,20.0,52.0660576513,22.7875287455,2.19701345861,24.3829196133,20.2030911863,15.7508605575
909,100.0,100.0,70.0,20.0,78.0665520547,-7.60883506239,52.1093192215,48.5802491745,53.3251037345,13.7555480822
910,0.0,0.0,100.0,20.0,47.1372954306,11.8485133057,1.366929865,17.6692719102,16.124414563,12.8094057188
911,0.0,10.0,100.0,20.0,65.4613340503,-13.6917356916,31.1470835764,29.6394026024,34.6322403139,13.4685591466
912,0.0,20.0,100.0,20.0,57.3930575234,28.1729546085,17.7884889163,31.5465864972,25.327421275,13.265449787
913,0.0,40.0,100.0,20.0,80.2480297459,-6.10408045892,17.9180110836,52.6865031704,57.1217594942,33.4534314505
914,0.0,70.0,100.0,20.0,50.0794454608,15.2716676736,-18.273504559,20.8489686436,18.4852445952,23.8313529599
915,0.0,100.0,100.0,20.0,68.1832566751,-10.8823878103,2.65501133717,33.6388489909,38.2211016219,29.8372493253
916,10.0,0.0,100.0,20.0,59.3795465261,30.6951272089,-6.45856315202,34.6905339727,27.4401571152,26.1869344252
917,10.0,10.0,100.0,20.0,71.5114648581,13.3205489817,34.2054206943,45.9459454998,42.93593186,16.3820503056
918,10.0,20.0,100.0,20.0,55.6644680457,9.50749310697,-3.23063583841,24.9025711792,23.5796675062,21.0220314145
919,10.0,40.0,100.0,20.0,38.8101417622,-3.36167195394,3.28587245527,9.74421356774,10.5489396643,7.82724340526
920,10.0,70.0,100.0,20.0,64.4872446215,27.9613165094,11.3566950249,40.6451405303,33.4046720707,21.3341198558
921,10.0,100.0,100.0,20.0,70.5009011041,13.8725607952,44.6971930659,44.6163863974,41.4655974562,11.7502795595
922,20.0,0.0,100.0,20.0,57.0010773881,12.0907885908,-15.975255228,26.9122127479,24.9237761169,29.4311799696
923,20.0,10.0,100.0,20.0,39.5007089781,-4.29659234528,4.87567946309,10.0027399577,10.9527109156,7.7249313095
924,20.0,20.0,100.0,20.0,66.1240323818,28.8241677931,-2.93144558217,43.275295607,35.4843479377,31.1346791553
925,20.0,40.0,100.0,20.0,43.4717923367,2.48982159875,-3.71900136307,13.377129781,13.4759414122,12.3733259578
926,20.0,70.0,100.0,20.0,74.9933562946,-10.3541287558,-4.67454333755,42.9544321262,48.2675311152,43.4928288817
927,20.0,100.0,100.0,20.0,49.2881065389,6.33118870884,5.82087714668,18.3791558737,17.8290520537,12.544677373
928,40.0,0.0,100.0,20.0,61.5797027545,-23.0707607515,-22.9887524596,23.2777042006,29.9137159988,39.7205796072
929,40.0,10.0,100.0,20.0,57.3575826587,27.7049240305,21.0148959545,31.3763226124,25.2907126548,12.0984008575
930,40.0,20.0,100.0,20.0,48.8143676486,-14.2585433973,-18.4290381019,14.3746365021,17.4437517379,22.7526132881
931,40.0,40.0,100.0,20.0,44.8139230938,0.624004228906,-0.00414460337805,13.994041986,14.4090415606,11.8903764164
932,40.0,70.0,100.0,20.0,57.5587839865,-3.25710011408,-6.6607895855,23.838917266,25.4993820553,24.531771223
933,40.0,100.0,100.0,20.0,50.1601148604,17.2110344312,10.770790256,21.3292893234,18.5530273112,11.3684032491
934,70.0,0.0,100.0,20.0,66.356148715,8.1387992372,5.16978015966,36.9367436502,35.786079288,26.4181175639
935,70.0,10.0,100.0,20.0,42.7971588469,-3.70582957288,-10.0446737698,12.0147130013,13.0225206596,14.2658545641
936,70.0,20.0,100.0,20.0,52.8341035507,-10.5386352178,-8.44821338676,18.0770427047,20.8947420858,21.1904224703
937,70.0,40.0,100.0,20.0,47.8285627832,10.4657247666,-0.0728587644704,17.9689998401,16.6598554586,13.7734436063
938,70.0,70.0,100.0,20.0,61.5019788332,1.35825474531,3.42337180045,29.1112783087,29.8238980695,22.7645608438
939,70.0,100.0,100.0,20.0,53.0808342125,26.5277501673,9.98765963411,26.3087820108,21.1202353109,13.3998206033
940,100.0,0.0,100.0,20.0,51.2803263803,-23.6673578942,-5.31107864127,14.574050864,19.5114839522,18.4130808111
941,100.0,10.0,100.0,20.0,42.6625867517,8.91774775954,-10.9153900821,13.8381605883,12.9333092068,14.5125950658
942,100.0,20.0,100.0,20.0,61.1000457759,-12.6704717132,8.72792713994,25.1973074523,29.3622911028,19.7613784017
943,100.0,40.0,100.0,20.0,47.1260143602,26.0757455738,-1.44019540527,20.4500708719,16.1157730071,13.8320787377
944,100.0,70.0,100.0,20.0,71.6201355619,-1.8652031282,23.4573163894,40.9446872755,43.0960825684,21.4334643172
945,100.0,100.0,100.0,20.0,41.2254930251,3.47812525055,-16.2505660557,12.0739188605,12.0058983325,15.6513411841
946,0.0,0.0,0.0,40.0,54.9386278121,-20.7214323498,11.4139880355,17.8672023348,22.87043278,14.0651077401
947,0.0,20.0,0.0,40.0,44.841943454,18.9394249391,-8.3139699409,17.1512598956,14.428967882,14.9664210606
948,0.0,40.0,0.0,40.0,64.8531291053,-8.60491109056,27.6015110835,30.2937844283,33.8623059306,14.4128381672
949,0.0,70.0,0.0,40.0,49.7450022698,35.4704638217,1.13717474997,25.0078410602,18.205988599,14.5742627815
950,0.0,100.0,0.0,40.0,61.3939026413,-18.57893864,-6.77183837694,24.1154766035,29.699304066,28.4283915248
951,20.0,0.0,0.0,40.0,37.5832767941,9.07782812707,2.55408216299,10.6697022199,9.85629828382,7.47645895702
952,20.0,20.0,0.0,40.0,73.5379342496,-4.21656763589,11.1878096945,42.9086176031,45.9882881305,30.2787775186
953,20.0,40.0,0.0,40.0,45.307777589,6.267205448,-1.35613494794,15.2729097474,14.7629365076,12.6558407406
954,20.0,70.0,0.0,40.0,63.0551369976,-13.7265703128,-24.4633710587,26.9808941715,31.6531050547,42.8544793355
955,20.0,100.0,0.0,40.0,37.5216300227,8.98299159206,3.74615356311,10.6216947301,9.82231882831,7.15694178976
956,40.0,0.0,0.0,40.0,75.172825172,-1.21282804722,-8.76105824512,46.3879663994,48.5536932006,47.1405489597
957,40.0,20.0,0.0,40.0,45.5700662834,4.29365200814,1.44544227546,15.1305757227,14.9532259489,11.8408141768
958,40.0,40.0,0.0,40.0,49.4540822364,35.0566492073,-1.14242213638,24.6174762023,17.9653732956,15.2780629256
959,40.0,70.0,0.0,40.0,64.2490220781,-9.0031580058,35.4865995274,29.4981465194,33.1089401357,11.2287951486
960,40.0,100.0,0.0,40.0,44.4865955966,18.5512530309,-10.6066776294,16.8023478263,14.177624083,15.6426405829
961,70.0,0.0,0.0,40.0,53.9957475044,-22.0320191242,16.5718006087,16.8754555611,21.9705535867,11.638657903
962,70.0,20.0,0.0,40.0,40.9912334506,2.62734996343,-18.2670640095,11.806503889,11.8590582322,16.3195354152
963,70.0,40.0,0.0,40.0,70.4246431934,-2.47471300517,36.693133153,39.0899294696,41.3560277419,14.612712045
964,70.0,70.0,0.0,40.0,46.8248532418,25.9008470601,-3.80052289914,20.1484865897,15.8862166355,14.5364850086
965,70.0,100.0,0.0,40.0,59.8851438124,-14.0074059067,18.8051398444,23.674548722,27.9960214024,14.5023146539
966,100.0,0.0,0.0,40.0,42.1026418988,9.56215713589,-12.752821095,13.5594850499,12.5664808083,14.8540397915
967,100.0,20.0,0.0,40.0,50.4456626186,-25.9890642623,3.58201279081,13.6237436597,18.7942908059,14.0976594268
968,100.0,40.0,0.0,40.0,49.5884623969,34.045117895,3.30269661896,24.5169567678,18.0762517693,13.6457967878
969,100.0,70.0,0.0,40.0,65.6769594532,-7.68118429669,14.7965896511,31.506040512,34.9079800165,20.6441467904
970,100.0,100.0,0.0,40.0,45.0782138036,17.5536803612,-6.8025010859,17.0841298505,14.5977195567,14.5328022479
971,0.0,0.0,20.0,40.0,55.1398086968,-18.8458450606,-0.0539994801827,18.3879373193,23.0655657426,19.0566517004
972,0.0,20.0,20.0,40.0,40.8727482663,2.26085249034,-14.2217114636,11.6818028192,11.7852466977,14.5983928181
973,0.0,40.0,20.0,40.0,66.0093782011,7.8409120702,10.1179911785,36.3924142876,35.3359351751,23.3340326418
974,0.0,70.0,20.0,40.0,49.710776883,18.2706683281,4.27148175566,21.1442086242,18.1775704989,13.3651224944
975,0.0,100.0,20.0,40.0,57.2681781867,-4.2861828426,-1.68507135054,23.3226893664,25.1983562221,21.6344467858
976,20.0,0.0,20.0,40.0,44.3863435084,3.13357959603,-5.84883624672,14.1008139495,14.1072457481,13.71391292
977,20.0,20.0,20.0,40.0,48.6502598614,-14.8988919704,-13.2848868556,14.1565279707,17.311585974,20.0239423004
978,20.0,40.0,20.0,40.0,52.6687801127,26.2946426,16.3708017551,25.8228016387,20.7445505198,10.9527090495
979,20.0,70.0,20.0,40.0,62.2873991721,2.42723634336,-0.742971177116,30.2865569233,30.7398418233,25.784726735
980,20.0,100.0,20.0,40.0,47.5548718332,10.285095459,5.73383599569,17.7134483356,16.4464653374,11.5493446535
981,40.0,0.0,20.0,40.0,53.1335010555,-9.21750811397,-12.5383887002,18.5765126669,21.1685779974,23.5783523125
982,40.0,20.0,20.0,40.0,42.6819351855,-4.83924140006,-4.40973336449,11.7809742065,12.9461106448,12.1403627618
983,40.0,40.0,20.0,40.0,40.368824045,18.7600643527,7.77552815543,13.8310900433,11.4747427134,7.37238320362
984,40.0,70.0,20.0,40.0,67.4845870889,-19.6817403833,-0.515082410886,30.364871813,37.2773424043,31.0890871763
985,40.0,100.0,20.0,40.0,50.0308196706,7.5879196014,3.06576596248,19.2467118221,18.444466483,14.0219588991
986,70.0,0.0,20.0,40.0,45.0652902142,-0.00963574289231,13.0250053686,14.0660394472,14.5884552868,8.09951584583
987,70.0,20.0,20.0,40.0,40.2014911317,19.1894224484,9.28422032407,13.784864516,11.372856188,6.93670085466
988,70.0,40.0,20.0,40.0,68.8976489231,-15.3200279907,-20.5271306487,33.2508884659,39.2024331314,47.9519938167
989,70.0,70.0,20.0,40.0,49.2122416197,6.33595783197,7.60978243757,18.3174787068,17.766972057,11.8799630246
990,70.0,100.0,20.0,40.0,42.4457116348,1.20641846345,4.25874941378,12.5117672197,12.790395837,9.27111941524
991,100.0,0.0,20.0,40.0,54.7958914042,43.1442455007,15.0399742791,32.5954290161,22.7326568106,12.6426199875
992,100.0,20.0,20.0,40.0,46.532400518,-4.11696220938,-20.2604873427,14.4243896087,15.6653944555,21.6676504729
993,100.0,40.0,20.0,40.0,67.7435165116,18.9307707048,30.0829981067,42.2949201347,37.6252689581,15.4022719731
994,100.0,70.0,20.0,40.0,53.7555631875,-19.7112484694,-20.5431886749,17.1092259598,21.7451586535,28.7960210146
995,100.0,100.0,20.0,40.0,82.4113253342,-3.30500120696,46.5387042743,57.514914378,61.0606290585,19.256355292
996,0.0,0.0,40.0,40.0,43.7939225736,2.99381813119,-22.2087887681,13.6727050888,13.6961078295,20.2903959924
997,0.0,20.0,40.0,40.0,61.1288016982,-27.4589561115,17.1400783177,21.886124344,29.3951570255,16.0325121611
998,0.0,40.0,40.0,40.0,48.9423751645,23.8847760249,-11.5809900248,21.6322296129,17.5473095286,19.4515235881
999,0.0,70.0,40.0,40.0,75.1285375039,-11.5772780179,40.3405798832,42.7386587173,48.4829719474,16.4247030929
1000,0.0,100.0,40.0,40.0,55.7517139725,44.859849285,0.800210622835,34.2613791918,23.6658916366,19.1503569675
1001,20.0,0.0,40.0,40.0,42.0540528877,21.2019396642,9.97550748059,15.4275652795,12.5349805675,7.54829968077
1002,20.0,20.0,40.0,40.0,36.6013879386,-0.190563829647,-9.07618883156,8.96875880812,9.32433016569,10.2422628333
1003,20.0,40.0,40.0,40.0,45.6190393568,9.35389764312,16.061285577,16.0352807026,14.9889359023,7.56357539422
1004,20.0,70.0,40.0,40.0,38.7813544389,-6.77802873245,-9.70000934414,9.30653281899,10.5323268848,11.6521108372
1005,20.0,100.0,40.0,40.0,51.996504685,-1.25402088301,24.681623487,19.1738569676,20.1412211629,8.17712792838
1006,40.0,0.0,40.0,40.0,46.0994346003,-11.166679865,-8.70538833173,13.0190429894,15.3422470056,16.0046119898
1007,40.0,20.0,40.0,40.0,48.9447361992,-4.26928051576,-9.22466393748,16.1601262722,17.5492234398,18.3615404163
1008,40.0,40.0,40.0,40.0,52.7401000533,1.43796974412,2.65527808106,20.3598503905,20.8092540399,16.0414496596
1009,40.0,70.0,40.0,40.0,56.6897769896,8.981155853,1.86940469698,25.8272239216,24.6062845359,19.4077233121
1010,40.0,100.0,40.0,40.0,59.8590662702,15.6650855024,14.1246502578,31.0333681802,27.9671692502,16.3780187606
1011,70.0,0.0,40.0,40.0,45.1851001538,2.19410987914,-22.036394297,14.5066743382,14.6744914022,21.3911986203
1012,70.0,20.0,40.0,40.0,72.074121888,-14.8578842534,35.3525460072,37.4424722255,43.7694407917,16.307596516
1013,70.0,40.0,40.0,40.0,50.8883126281,21.3725552395,-11.8544181202,22.9117125401,19.172412003,21.2161322581
1014,70.0,70.0,40.0,40.0,59.4101988697,-30.9056051434,13.5608479525,19.6315769429,27.4736455311,16.2896917883
1015,70.0,100.0,40.0,40.0,57.9859424028,40.7925164687,0.591686561178,35.9014715058,25.9461940874,21.111801138
1016,100.0,0.0,40.0,40.0,52.9066201061,-9.8346817918,-12.5345667476,18.2703727622,20.9608493558,23.3668931972
1017,100.0,20.0,40.0,40.0,40.2373227534,0.615331711486,6.27634235349,11.0716744786,11.394622572,7.69164192465
1018,100.0,40.0,40.0,40.0,61.9683480593,6.74610031232,1.85838797655,31.0803290204,30.3655415338,24.0299468125
1019,100.0,70.0,40.0,40.0,54.6063565746,-21.4303765778,4.64561772172,17.4675895392,22.5505655038,16.5566570307
1020,100.0,100.0,40.0,40.0,53.2892271998,-5.7169892491,-26.3280954378,19.3932985771,21.3119498244,31.9611655359
1021,0.0,0.0,70.0,40.0,40.6268133739,0.309733748934,7.70904411319,11.2604281438,11.6330180137,7.4995822934
1022,0.0,20.0,70.0,40.0,63.1986467717,9.56933067566,-13.2261873045,33.3433512231,31.8257989958,34.6530957003
1023,0.0,40.0,70.0,40.0,53.6637032085,-22.5958289089,9.53656625502,16.5168856356,21.6593641852,13.9434243712
1024,0.0,70.0,70.0,40.0,77.4872102918,-8.50534786451,5.77139942628,47.3476506016,52.3458954601,38.7154928744
1025,0.0,100.0,70.0,40.0,56.6665107249,-17.8224629525,6.49635621806,19.8843204807,24.5826644425,17.2888732286
1026,20.0,0.0,70.0,40.0,64.4151837825,11.2418369171,-0.203251024054,35.3537974247,33.315030009,27.6094526729
1027,20.0,20.0,70.0,40.0,46.8841171652,0.799180778054,-1.79711665767,15.4986894341,15.9312164025,13.8094600942
1028,20.0,40.0,70.0,40.0,51.8113847417,33.2925557848,-3.01286062782,26.6247413352,19.9771656711,17.7906619599
1029,20.0,70.0,70.0,40.0,59.4394587769,33.5739305583,24.0316053262,35.6167417186,27.5056380844,12.2965782916
1030,20.0,100.0,70.0,40.0,70.8106337879,2.85893167992,-3.51722090422,41.3496473349,41.912620314,37.0780134798
1031,40.0,0.0,70.0,40.0,51.0343793297,12.5780407486,7.98212951684,21.1468502031,19.2982891905,12.8465900116
1032,40.0,20.0,70.0,40.0,59.3021985849,-11.7615574467,-19.5629372168,23.6140656638,27.3557736463,34.3891331458
1033,40.0,40.0,70.0,40.0,44.8087297059,-7.79422448869,-4.75452081309,12.6882771787,14.4053503655,13.5774090678
1034,40.0,70.0,70.0,40.0,48.7674894128,-2.42415103942,0.0235120629787,16.351008921,17.4059295216,14.3526427593
1035,40.0,100.0,70.0,40.0,42.8284937425,-9.15973216166,6.35225330557,11.2632669569,13.0433521168,8.86409195113
1036,70.0,0.0,70.0,40.0,43.5130738361,6.25785989628,-0.835372474578,13.9983159689,13.5040232954,11.4165913703
1037,70.0,20.0,70.0,40.0,39.1161018048,0.347990163707,1.38439556873,10.3891206994,10.7265858573,8.46934984761
1038,70.0,40.0,70.0,40.0,39.0240584884,15.2960956623,-1.37718855285,12.4143262818,10.6729356921,9.19539820499
1039,70.0,70.0,70.0,40.0,53.5446517746,27.1508095827,4.5854824729,26.9521707488,21.548509862,15.8169462051
1040,70.0,100.0,70.0,40.0,60.5559793199,0.464211030043,11.2962354931,27.8358941088,28.7450707338,18.1345439811
1041,100.0,0.0,70.0,40.0,47.6996728972,12.0778102185,-4.94214090458,18.1691655203,16.5591347005,15.5917429917
1042,100.0,20.0,70.0,40.0,51.9429368235,-12.0173109613,-2.01871717209,17.087475823,20.0936567008,17.4513577536
1043,100.0,40.0,70.0,40.0,42.5386351685,-1.58351129737,-14.0404552594,12.1607868537,12.8514996924,15.6733860991
1044,100.0,70.0,70.0,40.0,64.4208698258,6.63253672472,28.6534837714,34.0123025838,33.322097484,13.7288715461
1045,100.0,100.0,70.0,40.0,51.2055153568,20.0473933958,-3.64784380945,22.921056071,19.4464700748,17.6089911596
1046,0.0,0.0,100.0,40.0,56.5362425585,-6.72145309652,14.552295565,22.0895413576,24.4506943821,13.9195763783
1047,0.0,20.0,100.0,40.0,45.4238041746,4.91320653918,-12.895661194,15.1287435791,14.8469129748,17.2923841678
1048,0.0,40.0,100.0,40.0,48.2168914177,-19.2633263797,0.950955386785,13.176558696,16.9657814477,13.6409361091
1049,0.0,70.0,100.0,40.0,72.1288024503,3.52121207234,32.1981930799,43.4721851095,43.8510138049,17.7102228081
1050,0.0,100.0,100.0,40.0,56.8531257557,-1.73682344018,-6.05520049434,23.4938778877,24.7725436265,23.5407629266
1051,20.0,0.0,100.0,40.0,60.1627947537,-12.8815267929,13.3321528793,24.2053649542,28.3044452861,16.9385973065
1052,20.0,20.0,100.0,40.0,39.4242397138,13.9570033326,6.85965159535,12.4713286129,10.9075010986,7.19748569397
1053,20.0,40.0,100.0,40.0,70.9743813256,3.59323360513,42.6393457515,41.8252628428,42.1502424276,12.7473036334
1054,20.0,70.0,100.0,40.0,58.1060873744,1.66819359902,-20.4364953888,25.5378622312,26.0728006918,33.574763793
1055,20.0,100.0,100.0,40.0,59.2679583081,-14.0596204391,19.9379964007,23.0645293403,27.3184742008,13.6657515902
1056,40.0,0.0,100.0,40.0,38.0717126134,12.8186439612,2.67122956212,11.4684196746,10.1282965315,7.65894088316
1057,40.0,20.0,100.0,40.0,47.1188708292,20.5109722529,1.78126690016,19.3202242193,16.1103024971,12.6505831099
1058,40.0,40.0,100.0,40.0,52.5791004186,15.0436934947,-8.62158147518,23.1252283579,20.6633810389,21.0575394306
1059,40.0,70.0,100.0,40.0,57.5083086897,0.273697259336,11.8201157413,24.6020054787,25.4469258092,15.6526235253
1060,40.0,100.0,100.0,40.0,64.5355028034,-5.626617185,-5.22660171608,30.7260914071,33.4647939753,30.8488098341
1061,70.0,0.0,100.0,40.0,68.7204426613,-18.714179642,23.3382675097,32.0818973074,38.9574642817,19.0671918903
1062,70.0,20.0,100.0,40.0,50.7205152656,-10.8088968196,-25.0760238524,16.3569420112,19.0284847745,28.3686973405
1063,70.0,40.0,100.0,40.0,52.058138751,-10.0994797374,6.74400467634,17.531980029,20.1960406391,13.9526369578
1064,70.0,70.0,100.0,40.0,59.890430855,4.87220680994,-11.692066333,28.2266954326,28.0018733965,29.8681060622
1065,70.0,100.0,100.0,40.0,62.5111156825,9.11124603334,23.845580039,32.3775676121,31.0041249989,14.3040413958
1066,100.0,0.0,100.0,40.0,70.285320736,21.1110772648,2.25062283004,46.835933165,41.1563437258,32.4402805352
1067,100.0,20.0,100.0,40.0,38.6177606928,9.54416111099,3.36473457754,11.3400562898,10.438250215,7.72202771857
1068,100.0,40.0,100.0,40.0,39.3596829541,7.77659207515,-4.3321890239,11.5398647146,10.8694311276,10.2458608665
1069,100.0,70.0,100.0,40.0,42.3055765174,0.249469184066,8.6011854582,12.2817200964,12.6986137671,8.01178789069
1070,100.0,100.0,100.0,40.0,43.4662635651,-1.04488916757,-3.60423203895,12.8329394525,13.4721834049,12.3299528262
1071,0.0,0.0,0.0,60.0,46.5556938702,-9.08224185435,14.4877967043,13.6456833554,15.6829070805,8.39454408079
1072,0.0,20.0,0.0,60.0,53.1778584598,-16.0790557029,-3.30722039083,17.3187198198,21.2093506658,18.9964037577
1073,0.0,40.0,0.0,60.0,62.647544596,8.65025159757,-8.85772577206,32.413094401,31.1660338016,31.0909692463
1074,0.0,70.0,0.0,60.0,59.7936782923,-13.4391673424,16.8726528466,23.7140407703,27.8949112764,15.2025232958
1075,0.0,100.0,0.0,60.0,53.2356436246,-6.77059739867,-21.7149599126,19.1392938999,21.2625444139,28.9652843595
1076,20.0,0.0,0.0,60.0,71.5121247962,3.5052895316,36.5812190412,42.5688955004,42.9369032278,15.4020211597
1077,20.0,20.0,0.0,60.0,52.1136817227,-20.0887879742,-17.577905289,15.7831772642,20.2455276154,25.3844559553
1078,20.0,40.0,0.0,60.0,41.4270061973,8.00783621514,-3.00427599223,12.8726173885,12.1331777663,10.9503610266
1079,20.0,70.0,0.0,60.0,62.1361663014,-10.2998126938,-5.15021768477,26.8488600186,30.5620392718,28.2209577962
1080,20.0,100.0,0.0,60.0,46.2131208435,25.3647301173,6.63715060322,19.5089688325,15.4266631127,10.5089824611
1081,40.0,0.0,0.0,60.0,72.0462485799,-0.349853621095,7.54587082066,42.050115738,43.7278980652,30.9626980605
1082,40.0,20.0,0.0,60.0,61.3249077774,-26.4288646604,-9.13551641435,22.2923400286,29.6199461377,29.8157625699
1083,40.0,40.0,0.0,60.0,53.5079728585,18.5456459182,9.41598952391,24.8422999204,21.5144327971,13.8875390564
1084,40.0,70.0,0.0,60.0,74.2581938663,-12.5645686552,8.79320009167,41.1645864988,47.1070543753,32.644762243
1085,40.0,100.0,0.0,60.0,46.0343394094,-2.04996976659,-3.59622835203,14.4113794685,15.2940504326,13.9353752746
1086,70.0,0.0,0.0,60.0,62.2667986248,-20.9598826379,-28.6866668889,24.4341542008,30.715581561,45.1859295249
1087,70.0,20.0,0.0,60.0,52.2244696016,17.6280511719,14.6335383792,23.3618162715,20.344477306,11.2684879774
1088,70.0,40.0,0.0,60.0,75.5531593142,-9.05148861975,-11.8881731734,44.2205457926,49.1638674241,50.4382142638
1089,70.0,70.0,0.0,60.0,45.0958245773,-4.26595230784,-0.405667923129,13.4150536248,14.6103501455,12.194880765
1090,70.0,100.0,0.0,60.0,63.402251939,-22.5403342438,-12.52994868,25.209946925,32.0718853985,34.4140473493
1091,100.0,0.0,0.0,60.0,68.4515794984,-0.878928750028,27.0248540072,36.9411079864,38.5877416413,17.1975997423
1092,100.0,20.0,0.0,60.0,53.9132497471,-5.84317991214,-15.2211130398,19.9069019588,21.8929609024,25.8075047225
1093,100.0,40.0,0.0,60.0,54.8028393296,22.9044540216,13.1642541433,27.244299015,22.7393504323,13.3234774922
1094,100.0,70.0,0.0,60.0,45.0427011435,10.8227907087,-14.6209790315,15.8582947875,14.5722717351,17.7630729407
1095,100.0,100.0,0.0,60.0,74.272780755,8.26149867824,43.3871599184,48.403849497,47.1298973901,14.589575943
1096,0.0,0.0,20.0,60.0,56.8496997029,25.2346257206,-6.19821128076,30.1181898863,24.7690488671,23.6143796131
1097,0.0,20.0,20.0,60.0,62.8052152797,-9.2516765941,21.9788442206,27.8306115021,31.3538525519,15.2370593402
1098,0.0,40.0,20.0,60.0,48.9601965258,5.46198176538,-18.9873986611,17.9452247616,17.5617593897,23.179867283
1099,0.0,70.0,20.0,60.0,51.8271608036,-25.8732329341,2.69878653103,14.5988814297,19.9911117509,15.3789257589
1100,0.0,100.0,20.0,60.0,41.5564237808,-7.97979198805,-6.8188603178,10.6787743103,12.2153928086,12.3027185388
1101,20.0,0.0,20.0,60.0,46.8583924766,-0.281305550045,15.7692190328,15.2958155523,15.9116729326,8.19134027421
1102,20.0,20.0,20.0,60.0,38.7833588551,-0.911254148317,-7.07907262618,10.0402521366,10.5334830412,10.7954927413
1103,20.0,40.0,20.0,60.0,41.3065372054,10.9898589891,8.34659778816,13.2483972003,12.0569797712,7.63408077189
1104,20.0,70.0,20.0,60.0,36.4798671271,5.85746231896,-7.12232563771,9.6410054218,9.25985556622,9.59032415637
1105,20.0,100.0,20.0,60.0,69.7415179136,20.1860336928,-2.48587433746,45.6769567111,40.3830889404,35.0296119888
1106,40.0,0.0,20.0,60.0,60.5020728955,6.12365999152,-15.6185560761,29.2300303088,28.6843914837,33.1100694072
1107,40.0,20.0,20.0,60.0,81.4858068161,-2.55650378731,26.6886712512,56.1965168758,59.3540288435,29.1526424404
1108,40.0,40.0,20.0,60.0,59.8105498529,5.95424315811,-15.4704966449,28.4152854088,27.9135435212,32.2157399348
1109,40.0,70.0,20.0,60.0,60.3242119419,1.32009146026,3.70288658205,27.7997425063,28.4847897913,21.5742008104
1110,40.0,100.0,20.0,60.0,69.431746749,-16.445891376,9.19900219141,33.5866708874,39.9469743407,27.1626926872
1111,70.0,0.0,20.0,60.0,72.0360466907,-10.9699433838,-14.4517665441,38.6009279756,43.712699616,47.381669736
1112,70.0,20.0,20.0,60.0,52.5329348591,-6.28463586422,-6.20514084586,18.6430232252,20.6216790689,19.8388939875
1113,70.0,40.0,20.0,60.0,81.8850102917,-2.56117562841,28.2960054386,56.8920797776,60.0861814278,28.5878436362
1114,70.0,70.0,20.0,60.0,80.8448685717,-3.88049987866,26.6933752124,54.5629397342,58.1910072533,28.4715606657
1115,70.0,100.0,20.0,60.0,55.7523202807,36.0624266695,-5.74614881954,31.7716385196,23.6664915781,22.3767031169
1116,100.0,0.0,20.0,60.0,61.9545446207,-18.4104478574,24.9040053829,24.7140443875,30.3494167332,13.5414734989
1117,100.0,20.0,20.0,60.0,35.0917685998,4.96919010555,-4.92112855357,8.80969744476,8.54434630127,8.29876268505
1118,100.0,40.0,20.0,60.0,73.9533877525,-1.83192584909,47.8720313039,44.3321142715,46.631416117,12.7129585906
1119,100.0,70.0,20.0,60.0,54.9076034416,34.7131664999,4.45092914467,30.4141111986,22.8404393673,16.8614245095
1120,100.0,100.0,20.0,60.0,62.2465569076,-17.7518895452,15.631369299,25.1643191059,30.6917563116,17.5018334242
1121,0.0,0.0,40.0,60.0,35.8683580258,3.9728008725,-2.34558512191,9.08850432627,8.93991793448,7.97214161248
1122,0.0,20.0,40.0,60.0,75.2141655102,-2.13959545957,36.1084070823,46.122568469,48.6197700069,18.3429342489
1123,0.0,40.0,40.0,60.0,42.3584463273,-1.91655520883,-8.63776256378,12.0000363612,12.733189307,13.4509268388
1124,0.0,70.0,40.0,60.0,60.6322781485,34.8385152786,5.18379811538,37.5590269225,28.8311019682,21.0971074369
1125,0.0,100.0,40.0,60.0,48.5637260976,-17.714030821,-2.53950325788,13.649379409,17.2421647924,15.2226375126
1126,20.0,0.0,40.0,60.0,76.5644832846,9.8622230315,11.7767855366,52.7209052892,50.8111677172,33.3114476452
1127,20.0,20.0,40.0,60.0,55.633654268,-33.901345124,3.6349995966,16.0197494049,23.5492647296,17.7649781578
1128,20.0,40.0,40.0,60.0,58.8670318778,-25.7657118551,-25.7928811453,20.1972949415,26.8842471698,38.3137199858
1129,20.0,70.0,40.0,60.0,44.4301143832,7.2242912132,-2.15615933764,14.7992625295,14.1379447842,12.4045965707
1130,20.0,100.0,40.0,60.0,71.6213974134,-13.9411536872,-9.39705808623,37.1247607398,43.0979445253,42.6174889473
1131,40.0,0.0,40.0,60.0,50.120861354,31.5324238713,10.5475355551,24.4664015206,18.5200237696,11.4198460301
1132,40.0,20.0,40.0,60.0,84.7180410863,-0.888256459552,8.1984894726,62.7320601124,65.4557560336,46.7138182863
1133,40.0,40.0,40.0,60.0,36.4998831714,-0.869888610925,-2.03931090141,8.83676311991,9.27045485257,8.17782275962
1134,40.0,70.0,40.0,60.0,41.398147214,16.3244842576,1.63070771945,14.1507757774,12.1148949793,9.51000646662
1135,40.0,100.0,40.0,60.0,39.560868464,-8.6156219995,1.70736761431,9.49309181992,10.988365808,8.59035506832
1136,70.0,0.0,40.0,60.0,47.6150133802,6.07566157547,2.84002477432,16.985121422,16.4931990714,12.5786274666
1137,70.0,20.0,40.0,60.0,42.6623231297,-16.7077183791,6.00797242825,10.1589349994,12.9331348458,8.88026246633
1138,70.0,40.0,40.0,60.0,68.6066914627,19.5223848683,-2.24220030006,43.7516051187,38.8007543726,33.5137668228
1139,70.0,70.0,40.0,60.0,59.9562667572,5.66143964929,-14.5414173876,28.501274448,28.0748125665,31.7696523183
1140,70.0,100.0,40.0,60.0,79.8402998509,-2.27866337332,25.7918973271,53.4901991743,56.3988857295,27.9688473626
1141,100.0,0.0,40.0,60.0,57.8528551811,2.51630325951,2.50442172225,25.4798280309,25.8064283837,20.0611566773
1142,100.0,20.0,40.0,60.0,59.9643389462,0.717179463398,3.01763529893,27.2593905325,28.0837643997,21.6070014523
1143,100.0,40.0,40.0,60.0,68.7413249409,-15.0811088826,9.20413941595,33.1273130876,38.9862786211,26.4633322791
1144,100.0,70.0,40.0,60.0,70.8392911361,-10.6782467464,-13.3034555563,37.0916278838,41.9541417629,44.6881739279
1145,100.0,100.0,40.0,60.0,52.58910404,-6.28291403272,-5.38807522432,18.6902316561,20.6724248493,19.4962143995
1146,0.0,0.0,70.0,60.0,43.9128973481,-1.04771168062,0.57380225238,13.1250393762,13.7780259759,11.1799162796
1147,0.0,20.0,70.0,60.0,83.4707072942,-0.098704969567,2.72627820775,60.7605775578,63.0538559759,49.584155312
1148,0.0,40.0,70.0,60.0,37.5683929941,-3.35068590544,0.383113277807,9.08901361309,9.84808722791,8.02500290264
1149,0.0,70.0,70.0,60.0,54.3549866702,7.69694959266,-19.3175398645,23.1940681224,22.310571111,28.678291267
1150,0.0,100.0,70.0,60.0,55.5439928167,11.6853455278,19.9787677489,25.2937508274,23.460947882,11.3930414496
1151,20.0,0.0,70.0,60.0,62.6427902553,25.0357477669,-6.59970695485,37.2093371236,31.1603820682,29.6505548779
1152,20.0,20.0,70.0,60.0,36.0302967928,-2.38866176069,-1.27861285785,8.42662853395,9.02391388043,7.76860505436
1153,20.0,40.0,70.0,60.0,52.7967321352,4.08164009114,-7.25136219182,20.9580412787,20.8607280355,20.5659434451
1154,20.0,70.0,70.0,60.0,56.074237774,12.168732523,13.0562211702,25.9559060807,23.9864626919,14.1855801156
1155,20.0,100.0,70.0,60.0,62.0418751511,22.8407097924,7.23261831647,35.7611206654,30.4515301248,21.2879012023
1156,40.0,0.0,70.0,60.0,83.1413003783,-2.36996606942,22.796788401,59.2044368838,62.4295012407,33.5278076589
1157,40.0,20.0,70.0,60.0,50.3143398271,32.0016612167,5.30562559039,24.769835823,18.6830761439,13.3675064955
1158,40.0,40.0,70.0,60.0,70.3111813428,-16.4301845406,3.71348493148,34.6887206419,41.1933597687,31.5073119685
1159,40.0,70.0,70.0,60.0,44.1067607842,8.6363295961,-6.78618716602,14.8022932865,13.9122061497,13.8849699891
1160,40.0,100.0,70.0,60.0,57.3914686636,-29.930958393,-13.6928042979,18.1247456638,25.325776398,28.4406910912
1161,70.0,0.0,70.0,60.0,40.6703423961,-13.4804868211,-1.22596434853,9.48290015737,11.6598655379,9.98730932696
1162,70.0,20.0,70.0,60.0,48.0212592414,5.04058329141,12.6820606894,17.1156216152,16.8111982056,9.61822626199
1163,70.0,40.0,70.0,60.0,38.1072999106,-6.11192502023,-3.31696290553,9.03658549705,10.1483075107,9.29872449663
1164,70.0,70.0,70.0,60.0,42.1626575993,16.3323348904,7.70768548692,14.6891675151,12.6054617604,8.18217266697
1165,70.0,100.0,70.0,60.0,36.1781773603,0.636066485845,-5.58473993517,8.8507996045,9.10107611025,8.99646207096
1166,100.0,0.0,70.0,60.0,82.845002753,-3.14920503416,39.2564644654,58.3491237855,61.8714345732,23.274608815
1167,100.0,20.0,70.0,60.0,51.4099427885,32.4601097461,-0.114573611829,26.0009540493,19.6244687087,16.2401735855
1168,100.0,40.0,70.0,60.0,69.5058282539,-18.0020477899,17.3912466882,33.2336626146,40.0509836461,22.6764837405
1169,100.0,70.0,70.0,60.0,45.2434922427,10.6081339842,-12.3339943861,15.9715920361,14.7165453773,16.9141501981
1170,100.0,100.0,70.0,60.0,56.6876943199,-32.4555979966,-1.57072039835,17.0898952026,24.604169577,21.0739374656
1171,0.0,0.0,100.0,60.0,66.7280713299,27.3441099292,-3.05676774405,43.6574606986,36.2731048335,31.8948478963
1172,0.0,20.0,100.0,60.0,70.6610417492,21.5977450559,-2.59418223803,47.5929222553,41.6963220515,36.2270975785
1173,0.0,40.0,100.0,60.0,82.9462085059,-3.05565043806,36.1345033244,58.5686849553,62.0616766216,25.0738876223
1174,0.0,70.0,100.0,60.0,83.4356187966,-2.7814997778,29.5655887685,59.5633763471,62.9871523772,29.453565131
1175,0.0,100.0,100.0,60.0,55.634003566,0.8390164442,3.43846282903,22.8944102964,23.5496092222,17.8527706375
1176,20.0,0.0,100.0,60.0,61.1612202278,0.692434746079,3.23532178532,28.5590143913,29.4322384403,22.5556733081
1177,20.0,20.0,100.0,60.0,70.4444197048,-14.1249211188,-18.7850514491,35.5382649833,41.3844246814,48.7534906104
1178,20.0,40.0,100.0,60.0,72.7285647505,-11.6487551482,-15.5630519056,39.330208812,44.7524073322,49.3803063015
1179,20.0,70.0,100.0,60.0,82.2968154975,1.27150941356,1.89907180952,59.2050447709,60.847729477,48.5368466443
1180,20.0,100.0,100.0,60.0,69.6309608924,-15.319537505,10.133540925,34.1584335943,40.2270777173,26.8154082131
1181,40.0,0.0,100.0,60.0,71.050330314,12.296077057,-5.85239072462,44.8909810604,42.2607599556,39.1097152209
1182,40.0,20.0,100.0,60.0,51.5859843085,1.896384217,12.0660808572,19.4473312302,19.7786188699,11.7567565476
1183,40.0,40.0,100.0,60.0,61.0172721026,-2.01167104284,-19.9906976421,27.7128660993,29.2678235967,36.7799255719
1184,40.0,70.0,100.0,60.0,59.6788590458,22.0347960063,28.5566868538,32.5779762088,27.768329883,10.9206814044
1185,40.0,100.0,100.0,60.0,69.6772949077,10.1732817392,11.7728261982,42.1540494717,40.2924124067,25.9134079363
1186,70.0,0.0,100.0,60.0,51.4483404152,2.15291762334,5.9303878816,19.3804020822,19.6580229129,13.8628453043
1187,70.0,20.0,100.0,60.0,58.4637579809,-6.30309230855,-4.85776056592,24.0342482543,26.4521442631,24.3981900356
1188,70.0,40.0,100.0,60.0,60.6358738855,21.4677393778,21.5154537061,33.586781345,28.8351605944,13.959355686
1189,70.0,70.0,100.0,60.0,52.4289856519,-24.445795898,-3.75483516039,15.2698377544,20.5279858338,18.60691808
1190,70.0,100.0,100.0,60.0,48.0477983917,2.99929591972,-12.1389103049,16.7659238691,16.8321134404,18.9902483494
1191,100.0,0.0,100.0,60.0,62.9772516007,-8.45260825397,12.7142989918,28.2217082616,31.5596429456,19.4056385076
1192,100.0,20.0,100.0,60.0,55.7467529741,24.3041255681,1.47137933952,28.6293727938,23.6609831127,18.8343914903
1193,100.0,40.0,100.0,60.0,75.018923495,8.75087522912,31.9634285358,49.7706318389,48.3082290015,20.1276013292
1194,100.0,70.0,100.0,60.0,36.7083225112,4.2172498917,-3.16115574457,9.55953956825,9.38131278652,8.57676025695
1195,100.0,100.0,100.0,60.0,40.4557512567,11.5950929102,4.33158853206,12.7822781922,11.5279107406,8.29756594691
1196,0.0,0.0,0.0,80.0,39.933400194,-3.20447499331,-0.645846999465,10.3852399871,11.2108797703,9.43724326472
1197,0.0,40.0,0.0,80.0,45.2574702814,0.978485840273,8.32211890175,14.3592826309,14.7266242634,9.49904619652
1198,0.0,70.0,0.0,80.0,42.9328897239,-11.272203237,2.28102391903,11.0349882305,13.1129149063,10.1070941729
1199,0.0,100.0,0.0,80.0,53.7802224171,-21.1332704468,-14.4455767348,16.8699823509,21.7682281443,25.238660724
1200,40.0,0.0,0.0,80.0,47.9519608561,2.27881866083,-4.44004565214,16.5624433999,16.7566665542,15.5644052359
1201,40.0,40.0,0.0,80.0,64.2388832282,-6.41351562335,0.422907955045,30.1719664985,33.0963925374,27.0583127969
1202,40.0,70.0,0.0,80.0,55.3189547923,23.5948228117,8.53824906901,27.9769501072,23.2402578212,15.4520851615
1203,40.0,100.0,0.0,80.0,75.9144728635,9.32328057153,17.566989145,51.439080319,49.7482416019,28.8542440344
1204,70.0,0.0,0.0,80.0,82.235420901,-3.41119175488,40.4483167642,57.1612724066,60.7337871588,22.100964527
1205,70.0,40.0,0.0,80.0,83.8803191495,-2.36558622816,23.2300725947,60.5476475815,63.8360191725,34.1020093271
1206,70.0,70.0,0.0,80.0,51.3298332613,0.900845321318,3.8051214637,19.0325438291,19.5545870576,14.599416343
1207,70.0,100.0,0.0,80.0,66.8399658144,0.546971139975,2.64995987278,35.2817617177,36.4204883933,28.4089105864
1208,100.0,0.0,0.0,80.0,68.3671555612,-16.3831958981,-21.5816923332,32.3069356985,38.4721319563,48.0726925906
1209,100.0,40.0,0.0,80.0,75.6292544342,-9.06689880018,-11.7117625007,44.3281821484,49.2865581346,50.3979202448
1210,100.0,70.0,0.0,80.0,64.0619869957,31.5732269576,-3.06543177272,41.2264917828,32.8779798736,28.9754979328
1211,100.0,100.0,0.0,80.0,73.9326539498,16.1130617682,-2.14288079162,50.7750210588,46.5991786293,40.0654345432
1212,0.0,0.0,40.0,80.0,82.0902481969,-4.02077406699,28.3253956325,56.6583976805,60.4649269609,28.7864029164
1213,0.0,40.0,40.0,80.0,82.1008724706,-1.40795081118,29.3187217372,57.7443420097,60.4845761777,28.1924984455
1214,0.0,70.0,40.0,80.0,41.5968930205,-15.3493706894,6.69936286624,9.74724650638,12.2411776974,8.19089060285
1215,0.0,100.0,40.0,80.0,46.2808966524,15.7199509873,-2.70304610826,17.7029025486,15.4771361003,13.7591141135
1216,40.0,0.0,40.0,80.0,68.0551638395,-9.77178264132,37.5914418864,33.7992274223,38.0468958323,12.7525676991
1217,40.0,40.0,40.0,80.0,52.0937419748,38.5331572534,10.008631849,28.2406074763,20.22775266,12.7750787388
1218,40.0,70.0,40.0,80.0,40.3491888223,-13.6580764788,4.21011260312,9.29167198608,11.4627557335,8.28091546435
1219,40.0,100.0,40.0,80.0,46.4150823312,15.4708640661,-7.02755881423,17.7645164502,15.5773893662,15.5390669488
1220,70.0,0.0,40.0,80.0,68.782245691,-9.6153606168,27.3746728145,34.7544864258,39.0427841667,17.2936248165
1221,70.0,40.0,40.0,80.0,52.8060396047,37.891318148,5.9380634595,28.8647708503,20.869195888,14.7608136785
1222,70.0,70.0,40.0,80.0,69.0002119544,19.8314283276,13.8852016355,44.4402326988,39.3446837024,24.0827816336
1223,70.0,100.0,40.0,80.0,62.5273754193,9.7307221538,16.3667576875,32.5706836768,31.0233919518,17.3914797947
1224,100.0,0.0,40.0,80.0,58.7226982133,2.27794114171,-2.26199609935,26.3254743148,26.7290589949,23.2364510125
1225,100.0,40.0,40.0,80.0,52.5723728519,-9.29150058741,-0.265293078908,18.0996013286,20.6573004413,17.1594296652
1226,100.0,70.0,40.0,80.0,50.3835832255,-14.0247400204,-15.5357195294,15.5431984091,18.7416621592,22.6542970895
1227,100.0,100.0,40.0,80.0,45.7719081193,-7.72876138995,6.96441807302,13.3300058544,15.1007696467,10.1717848273
1228,0.0,0.0,70.0,80.0,44.200479335,-3.34441790271,5.08058191907,12.9638647486,13.9773834662,9.92079939084
1229,0.0,40.0,70.0,80.0,41.4919377833,1.36826316992,3.24468707646,11.9352376362,12.1743805545,9.09063412561
1230,0.0,70.0,70.0,80.0,39.2354019104,6.54064764692,1.11398067308,11.2927280465,10.7963905796,8.59918819917
1231,0.0,100.0,70.0,80.0,38.4713776449,10.5906077057,-0.551859029443,11.3978556991,10.3545471493,8.6950796188
1232,40.0,0.0,70.0,80.0,68.1559679413,19.7842853095,24.6358222715,43.1798839748,38.1839445631,18.0283047599
1233,40.0,40.0,70.0,80.0,63.8017796238,11.4533282546,5.18769238011,34.637750615,32.5584530235,23.9385892945
1234,40.0,70.0,70.0,80.0,58.2689624246,1.34593636915,8.12684010115,25.6285889604,26.2450921665,17.7880158986
1235,40.0,100.0,70.0,80.0,53.5492857761,-6.20409876282,-9.76519277512,19.5194531605,21.552817705,22.4913470648
1236,70.0,0.0,70.0,80.0,49.6902292699,-15.7563039461,-6.16242915553,14.7482914991,18.1605235736,17.5657213729
1237,70.0,40.0,70.0,80.0,82.4505991236,-3.29917604687,47.0699658416,57.5867318526,61.1337620875,19.0397000377
1238,70.0,70.0,70.0,80.0,84.1381137517,-2.06557447965,19.8997700142,61.1483194644,64.3315850516,36.7604669898
1239,70.0,100.0,70.0,80.0,47.6239451447,1.08711856613,4.03989125595,16.1009901292,16.5001471508,12.1648986591
1240,100.0,0.0,70.0,80.0,69.802765985,0.433917703873,2.34628159366,39.1622685177,40.4696918006,31.8280023617
1241,100.0,40.0,70.0,80.0,65.8058093343,-18.2238221509,-25.0063450004,28.8436367377,35.0734485341,47.2217723938
1242,100.0,70.0,70.0,80.0,77.427641603,-7.56314002797,-9.47271698289,47.59490734,52.2458970782,51.1695152392
1243,100.0,100.0,70.0,80.0,61.3367097278,36.7832994165,-2.66358063051,39.1171534397,29.6335107122,25.9454944802
1244,0.0,0.0,100.0,80.0,75.4673761545,13.6923259767,-1.91481512444,52.3739650906,49.0258007035,41.9428548604
1245,0.0,40.0,100.0,80.0,82.7296427334,-1.01524961642,1.87605642382,59.0292090569,61.6550605656,49.2083462711
1246,0.0,70.0,100.0,80.0,71.4495597523,-12.0247593702,-13.1063601056,37.4859227696,42.8448784089,45.3950522854
1247,0.0,100.0,100.0,80.0,57.7296558826,41.7074046831,-2.33418310133,35.8446710409,25.6774949874,22.375268625
1248,40.0,0.0,100.0,80.0,42.3105354626,-11.718703097,10.0423895792,10.6137382934,12.7018541306,7.64300628751
1249,40.0,40.0,100.0,80.0,51.1338101176,22.0805907041,-14.6483302944,23.3059679252,19.3842909575,22.8672856008
1250,40.0,70.0,100.0,80.0,77.2938381196,3.34577702116,55.0055836007,51.4269173678,52.0217447001,12.2304001978
1251,40.0,100.0,100.0,80.0,56.6198044825,40.8190110132,8.19825576198,34.1746506144,24.5352935401,16.5222455588
1252,70.0,0.0,100.0,80.0,41.6086748037,-10.8593208354,6.69207835159,10.3285250311,12.2486912488,8.19821582843
1253,70.0,40.0,100.0,80.0,50.3421786571,19.2400849243,-5.28930639328,21.9302809671,18.7066155483,17.6766812844
1254,70.0,70.0,100.0,80.0,78.1412661665,2.63659136448,43.05842158,52.5550611326,53.4522680557,17.4919830946
1255,70.0,100.0,100.0,80.0,44.8220413007,-6.95549727709,-9.57084161467,12.8228770418,14.4148128309,15.4565273325
1256,100.0,0.0,100.0,80.0,57.9265371431,-15.5898592532,-7.92350824438,21.4724597536,25.8837456101,25.5924552778
1257,100.0,40.0,100.0,80.0,50.7173472412,13.3751188558,2.36978991463,21.0272645908,19.0257743709,14.7478815546
1258,100.0,70.0,100.0,80.0,69.8342424774,0.742561473662,9.82357743221,39.3034188143,40.5142467037,27.2036545951
1259,100.0,100.0,100.0,80.0,59.1468814299,34.8914286031,18.1351384705,35.633539496,27.1868517495,14.2694519452
1260,0.0,0.0,0.0,100.0,39.4846877028,15.4951223772,2.94514840952,12.7393691488,10.9432285639,8.22077346285
1261,0.0,40.0,0.0,100.0,37.5657343816,1.66000626789,-2.34536266194,9.70132976014,9.84662101173,8.75931249898
1262,0.0,100.0,0.0,100.0,43.5177127175,5.34043737771,6.91024203034,13.8553869331,13.5071813467,9.04156024743
1263,40.0,0.0,0.0,100.0,41.1546204654,-7.0660217324,0.67056525078,10.5699858361,11.9613464032,9.66925170307
1264,40.0,40.0,0.0,100.0,48.3051615695,-4.26460413724,11.3474138042,15.6809366558,17.0358392559,10.1670897468
1265,40.0,100.0,0.0,100.0,45.3647096079,-3.87131485042,-15.730967535,13.6578436202,14.8041024682,18.5136907527
1266,100.0,0.0,0.0,100.0,57.1386578288,-17.4334423456,3.06868954244,20.3778860536,25.0649585794,19.2078158392
1267,100.0,40.0,0.0,100.0,51.8926764482,15.1991805429,-4.59101329679,22.5048163457,20.0490971977,18.5663700333
1268,100.0,100.0,0.0,100.0,68.6087804937,0.189661996775,22.0383674558,37.4765806023,38.8036285417,19.5879799895
1269,0.0,0.0,40.0,100.0,60.0239122578,35.667819115,9.04642140899,37.0084711742,28.1498883966,18.7417987177
1270,0.0,40.0,40.0,100.0,82.1779585111,-3.32379787085,50.0992698721,57.095854984,60.6272715807,17.4563495857
1271,0.0,100.0,40.0,100.0,84.41006456,-1.73472087431,16.4159531263,61.79244627,64.857136647,39.6886492792
1272,40.0,0.0,40.0,100.0,45.0577121454,1.13398788995,4.11731919877,14.2449074358,14.5830247747,10.6751973359
1273,40.0,40.0,40.0,100.0,72.6568034116,0.317008803043,1.99171101324,43.1571570095,44.6439114039,35.4146691684
1274,40.0,100.0,40.0,100.0,64.7346265984,-19.2381100911,-26.0503917385,27.4107646686,33.7136330318,46.5401572228
1275,100.0,0.0,40.0,100.0,78.8129674435,-6.40282162929,-7.89234824898,50.2186840395,54.6046025248,51.9003221935
1276,100.0,40.0,40.0,100.0,59.9979775591,38.7544573756,-2.24022567398,37.9249125951,28.1210891742,24.4133938328
1277,100.0,100.0,40.0,100.0,77.3917631807,11.3049705405,-1.23781996595,54.6823219604,52.1857292125,44.0593607537
1278,0.0,0.0,100.0,100.0,67.6590610426,18.5309593463,17.8728733776,42.040308822,37.5115482928,20.8122428043
1279,0.0,40.0,100.0,100.0,70.1906947936,21.6586568388,-1.44679268002,46.8858967132,41.0210882119,34.8449235202
1280,0.0,100.0,100.0,100.0,49.4927572684,-3.32472220146,8.16515059448,16.7486727899,17.9972378634,11.8555951841
1281,40.0,0.0,100.0,100.0,68.2988816446,8.6435579827,-9.50333486301,39.7129227204,38.3788070808,38.2931388894
1282,40.0,40.0,100.0,100.0,39.4237845009,6.07807104927,6.10090458929,11.341188246,10.9072323428,7.38358076891
1283,40.0,100.0,100.0,100.0,57.5580384465,-5.54818429383,-23.9819113655,23.3198586895,25.4986067319,35.3733249512
1284,100.0,0.0,100.0,100.0,49.2656313581,-2.65710185484,2.74787305474,16.6926539083,17.8106456427,13.6451324101
1285,100.0,40.0,100.0,100.0,66.4902238955,6.09564635143,7.81463067862,36.4914125819,35.9611423708,25.044521095
1286,100.0,100.0,100.0,100.0,38.341598547,5.61921277644,3.84275157825,10.64438769,10.2807136196,7.48114948245
1287,100.0,0.0,0.0,0.0,56.2998676718,-11.0214450863,-8.60057951647,20.9573379118,24.2124389998,24.4047680691
1288,98.0,0.0,0.0,0.0,53.9552154036,45.0343774704,7.06763825329,32.1111683096,21.9324085353,15.098047791
1289,95.0,0.0,0.0,0.0,75.0801611463,-11.1450317442,30.4028719019,42.8139496689,48.4058001377,20.9434524822
1290,90.0,0.0,0.0,0.0,47.274896452,22.1351469179,-6.25322185964,19.7787934275,16.2300688317,15.8287919513
1291,85.0,0.0,0.0,0.0,60.9939664525,-26.9016400374,8.33854694083,21.8809859785,29.2412620507,19.8601007944
1292,80.0,0.0,0.0,0.0,43.2322187388,1.12988492453,-16.3968489519,13.00958577,13.3137388803,17.1715281273
1293,75.0,0.0,0.0,0.0,50.7753205447,-0.53669500832,16.2760395617,18.2916336355,19.0754141907,9.96321350889
1294,70.0,0.0,0.0,0.0,39.4641604155,-10.284447797,-2.43272430744,9.23812935224,10.9310872844,9.72528841785
1295,60.0,0.0,0.0,0.0,45.3874777564,10.5133190029,10.4502794614,16.0635202559,14.8205868815,8.95221065238
1296,50.0,0.0,0.0,0.0,36.6629165074,-1.63826609382,-4.83483977153,8.82904504337,9.3570888468,9.02073606627
1297,40.0,0.0,0.0,0.0,40.7788103971,20.7743353151,6.02622918661,14.4392865549,11.72694531,7.99678939057
1298,30.0,0.0,0.0,0.0,54.3653361308,44.2007609126,13.2987051831,32.3715296713,22.3204184448,12.9999496892
1299,25.0,0.0,0.0,0.0,76.6938356796,-10.0029518693,13.5871131651,45.5989166087,51.0244806949,32.2498040915
1300,20.0,0.0,0.0,0.0,47.2867078916,21.2682482858,-0.541751840029,19.6150481182,16.2391594636,13.599574379
1301,15.0,0.0,0.0,0.0,63.0599240479,-24.0362578101,-5.07407151858,24.5135364407,31.6588555038,29.1489185016
1302,10.0,0.0,0.0,0.0,42.1592007295,0.492645438429,-10.308701859,12.2250160546,12.6032142952,13.9471771066
1303,7.0,0.0,0.0,0.0,43.1972140982,1.22008568028,4.33314133666,13.000352635,13.2901486473,9.62756210907
1304,5.0,0.0,0.0,0.0,75.9124151455,0.288990820504,1.67903762129,48.0738421264,49.7449004885,39.7538735225
1305,3.0,0.0,0.0,0.0,63.621594056,-20.1325137247,-27.4715813162,26.011533364,32.338408039,46.1207975655
1306,2.0,0.0,0.0,0.0,80.3364913124,-4.98045161485,-5.9901491931,53.2705775143,57.2794061301,52.5614530143
1307,0.0,100.0,0.0,0.0,58.1408043641,41.0419200827,-2.01596161889,36.1767234807,26.1094613752,22.5784466041
1308,0.0,98.0,0.0,0.0,79.1885892453,8.76083948736,-0.865279837893,56.7698696728,55.2561603595,46.3170460673
1309,0.0,95.0,0.0,0.0,82.0434402947,-3.28043538429,53.6721578862,56.8772779116,60.3784080841,15.837185731
1310,0.0,90.0,0.0,0.0,84.5726501045,-1.38944245508,13.3118208798,62.2433971194,65.1727001264,42.316129694
1311,0.0,85.0,0.0,0.0,60.9859843926,0.425191171113,3.91610343652,28.2969486788,29.2321685599,22.0471391601
1312,0.0,80.0,0.0,0.0,83.2375589424,0.243272938658,0.957984898955,60.4790900269,62.6115205601,50.7981523026
1313,0.0,75.0,0.0,0.0,73.7140968098,16.4558060324,-2.12254275969,50.5492526505,46.260263277,39.7625274882
1314,0.0,70.0,0.0,0.0,53.2096700413,7.75977536066,16.5798369867,22.1204343739,21.2386236145,11.1873895321
1315,0.0,60.0,0.0,0.0,36.4920368085,-0.144230319763,-4.67208855177,8.91837497684,9.26629893003,8.89192716514
1316,0.0,50.0,0.0,0.0,61.9314031767,28.5318000196,33.7314884983,37.3412729796,30.3223963384,10.5109090588
1317,0.0,40.0,0.0,0.0,71.9080163911,15.2204123578,16.7801233295,47.2316178613,43.5222634768,25.2550244011
1318,0.0,30.0,0.0,0.0,53.354626171,7.83029183809,10.9224194951,22.2715325837,21.3723529601,13.2300791229
1319,0.0,25.0,0.0,0.0,37.5004167092,-2.42841900948,0.0944841895549,9.16462728334,9.81064422007,8.06995847533
1320,0.0,20.0,0.0,0.0,63.1695809174,27.5649130865,25.7796829735,38.7007379007,31.7907717084,13.998853931
1321,0.0,15.0,0.0,0.0,39.8184779171,20.1394857464,1.65612125551,13.6742988757,11.1419191226,8.7267640254
1322,0.0,10.0,0.0,0.0,37.3136131095,-4.51867449895,0.254651741972,8.82015285464,9.70823723519,7.94392110325
1323,0.0,7.0,0.0,0.0,44.7691688101,10.8510582079,2.09035832342,15.6592817968,14.3772531881,11.1667875405
1324,0.0,5.0,0.0,0.0,40.8052084241,-13.3940063582,4.77673313735,9.56545659567,11.7433094518,8.33975616526
1325,0.0,3.0,0.0,0.0,51.1943875895,0.927034746914,3.87578403402,18.9233834416,19.4368119405,14.4810799055
1326,0.0,2.0,0.0,0.0,41.0945619992,-1.74267803714,-4.48012348986,11.2554176355,11.9236788184,11.243615703
1327,0.0,0.0,100.0,0.0,63.9047597011,-20.8499313862,-18.8043842907,26.1332499489,32.6846607569,39.5871974815
1328,0.0,0.0,98.0,0.0,46.028956986,20.6707483567,5.80969464395,18.4350696269,15.2900698028,10.6695579734
1329,0.0,0.0,95.0,0.0,77.8984460122,-7.95749360095,-0.607152606659,48.1881540976,53.0397229649,44.2575467827
1330,0.0,0.0,90.0,0.0,53.3741135043,44.137382181,18.9599246134,31.1748490263,21.3903736989,10.5164299441
1331,0.0,0.0,85.0,0.0,54.4221591418,45.3851883492,5.19031873259,32.7726319614,22.3745361941,16.1935592901
1332,0.0,0.0,80.0,0.0,44.4209324095,-7.2371541059,-5.71335593988,12.5221961232,14.1315012494,13.6855560438
1333,0.0,0.0,75.0,0.0,68.8196364757,21.518908681,8.69700931225,44.7548074282,39.0944630615,26.8374680823
1334,0.0,0.0,70.0,0.0,51.3033220001,-24.9420160899,1.59862964268,14.3819215418,19.5314971743,15.4586144623
1335,0.0,0.0,60.0,0.0,84.0084757009,-1.7735324949,16.6257258809,61.0344779835,64.0820588033,39.0071120864
1336,0.0,0.0,50.0,0.0,42.301740321,1.35028073659,4.38019488257,12.4412117256,12.6961074286,9.16499038468
1337,0.0,0.0,40.0,0.0,78.213459004,0.242742030666,1.32108994855,51.7551611958,53.5753330307,43.1354462149
1338,0.0,0.0,30.0,0.0,62.8471194774,-20.8524307808,-28.2336223894,25.0435631316,31.4038958185,45.6410291186
1339,0.0,0.0,25.0,0.0,82.0192653954,-3.28564774429,-3.6404571697,56.8327660804,60.3337559773,53.0685469264
1340,0.0,0.0,20.0,0.0,57.3249032611,42.3900166357,-1.85745561004,35.5279453157,25.2569281258,21.7717257977
1341,0.0,0.0,15.0,0.0,80.9500789905,5.9646161256,-0.440182600009,58.7415829205,58.3808661655,48.5518759371
1342,0.0,0.0,10.0,0.0,81.7072976915,-2.98951516204,55.5463590733,56.4073714577,59.7595114827,14.8480068275
1343,0.0,0.0,7.0,0.0,84.6289479235,-0.960282762301,8.50741365386,62.5341650898,65.282207088,46.3231399616
1344,0.0,0.0,5.0,0.0,82.2994376893,-0.481111206205,0.0130505225137,58.4802342702,60.8525991772,50.1981617169
1345,0.0,0.0,3.0,0.0,72.3414642192,-12.2443293521,-13.9474145316,38.6141499764,44.1692283391,47.400680405
1346,0.0,0.0,2.0,0.0,58.5080582249,-22.7043065762,21.1582989095,20.507835805,26.4993833671,12.7428093154
1347,0.0,0.0,0.0,100.0,35.7842066473,9.67433496225,-2.47627680734,9.74335792884,8.89647604265,7.96839034185
1348,0.0,0.0,0.0,98.0,70.6861930006,-5.6314385434,43.1293028023,38.4503337633,41.7326366071,12.3988722004
1349,0.0,0.0,0.0,95.0,47.2411250634,11.6043423699,-20.8090061125,17.7072587236,16.2040955229,22.5787042938
1350,0.0,0.0,0.0,90.0,58.7462915867,-22.4689473198,12.6782670013,20.7691366779,26.7543857494,16.1799588851
1351,0.0,0.0,0.0,85.0,37.0995186435,9.4609028488,0.567821681961,10.4443360031,9.59174854214,7.76784980566
1352,0.0,0.0,0.0,80.0,71.5417863158,-6.04400154456,33.0311992401,39.4861208752,42.9805773649,16.9041232896
1353,0.0,0.0,0.0,75.0,45.9164561291,7.53840630918,-11.6545902833,15.9421165622,15.207026586,17.1219122058
1354,0.0,0.0,0.0,70.0,49.5821348822,-5.61176647164,21.3596757524,16.4084671708,18.0710206641,7.9563028215
1355,0.0,0.0,0.0,60.0,40.1524128917,-4.48152219989,-7.35570351877,10.3416850946,11.3430879837,11.6586864628
1356,0.0,0.0,0.0,50.0,44.1623763701,4.76405199763,13.6906646251,14.2078914876,13.9508599531,7.52818574681
1357,0.0,0.0,0.0,40.0,37.1694839665,3.09616255439,-7.73931654116,9.66735039469,9.62971354273,10.132585133
1358,0.0,0.0,0.0,30.0,40.2974322959,15.8005937524,7.09547632888,13.3195638839,11.4311992366,7.5110145312
1359,0.0,0.0,0.0,25.0,60.4147451595,36.8398665369,1.4503451373,37.8882206786,28.5862731761,22.816258327
1360,0.0,0.0,0.0,20.0,67.3255898962,-0.450697391204,33.6250746409,35.6070079869,37.0647626162,13.7425598302
1361,0.0,0.0,0.0,15.0,52.5043840871,16.5804115744,-11.8155839551,23.397560492,20.5959168739,22.6210705162
1362,0.0,0.0,0.0,10.0,55.529845241,-18.6185957114,12.8856450713,18.756178416,23.4470326716,13.8937016465
1363,0.0,0.0,0.0,7.0,46.1280340006,-1.6894015979,-23.3950170377,14.5362931491,15.3634540185,22.9283880078
1364,0.0,0.0,0.0,5.0,74.6851791389,-11.6928088389,36.2911006252,42.0606786633,47.7787714087,17.850191008
1365,0.0,0.0,0.0,3.0,58.6870232748,-13.7445959999,-13.5973323173,22.5799502219,26.6907934194,29.7616320563
1366,0.0,0.0,0.0,2.0,61.8720242878,9.86647668756,21.6363231766,31.8219209682,30.2531377879,14.7344030851
1367,0.0,0.0,0.0,0.0,47.9002075157,5.8481606971,-14.2086679604,17.1679002768,16.7160182997,19.8465836611
1368,100.0,85.0,85.0,0.0,49.9674003332,32.0668254903,9.09140284325,24.4369484271,18.3913725157,11.8189970349
1369,80.0,65.0,65.0,0.0,39.7834588955,1.42113381283,4.56574066432,10.915169311,11.1209618491,7.93021882752
1370,60.0,45.0,45.0,0.0,81.1129389822,0.190853065767,1.30939773506,56.6580272812,58.6755710733,47.2865215761
1371,40.0,27.0,27.0,0.0,61.7451758336,-21.8297660714,-29.8407640491,23.7188167738,30.1055373094,45.397302276
1372,20.0,12.0,12.0,0.0,82.9466922458,-2.21216031319,-1.87553593367,58.920259576,62.0625868694,52.9156943772
1373,10.0,6.0,6.0,0.0,56.2557918805,44.2987676467,-1.64429176579,34.7312824276,24.1681844806,20.7413503778
1374,5.0,3.0,3.0,0.0,82.5808554248,4.14264253617,-0.0289089428426,60.93329518,61.3767346463,50.6680711838
1375,40.0,27.0,27.0,10.0,82.0639954089,-3.13501572984,57.2853630637,56.9725592524,60.4163916131,14.4089924777
1376,20.0,12.0,12.0,10.0,84.7053406378,-0.570379448487,5.96531921717,62.8464325141,65.4309974317,48.6119437382
1377,10.0,6.0,6.0,10.0,79.6360898388,-0.790503064408,-0.480000761138,53.7280168263,56.039140576,46.6431327148
1378,60.0,45.0,45.0,20.0,84.2833824347,-1.18570173497,1.69752713075,61.793725869,64.6119656581,51.7567814756
1379,40.0,27.0,27.0,20.0,37.5427563295,16.9348713982,2.48351642797,11.7272766347,9.83395475428,7.47663445291
1380,20.0,12.0,12.0,20.0,64.2425269461,-23.4251104266,29.8910610391,25.8629860343,33.1009015505,13.1584665074
1381,10.0,6.0,6.0,20.0,50.8238144756,13.0416404534,-18.7464128616,21.0535672404,19.1170035277,24.7938135765
1382,80.0,65.0,65.0,40.0,48.5782470862,-0.978459264651,22.4545288236,16.4629289264,17.2538011837,7.24332249206
1383,60.0,45.0,45.0,40.0,38.5156585383,17.7130137837,5.82986003804,12.4476264459,10.3798199504,7.06761687739
1384,40.0,27.0,27.0,40.0,64.3849364331,-23.4050334496,20.6315500623,26.0158208218,33.2774508237,16.9300524661
1385,20.0,12.0,12.0,40.0,50.035254561,9.21841890302,-7.93024993699,19.5745235431,18.4481831422,18.6290707737
1386,10.0,6.0,6.0,40.0,46.7119100928,-0.638630447666,17.6062539286,15.1288014237,15.800692408,7.64926964827
1387,100.0,85.0,85.0,60.0,37.2825492992,10.4811175589,-4.52702396682,10.6839836203,9.69127726155,9.23766296289
1388,80.0,65.0,65.0,60.0,40.3142311671,5.83992976693,5.92808783542,11.8485623229,11.4414353278,7.81464674357
1389,60.0,45.0,45.0,60.0,40.4325833027,2.51724437822,-4.08153358717,11.4509055949,11.5137243107,10.7464296837
1390,40.0,27.0,27.0,60.0,45.0110752072,-4.9602039718,12.5981964017,13.2511353703,14.5496339914,8.18762393968
1391,20.0,12.0,12.0,60.0,44.6661871608,-5.16688924966,-3.59894436369,12.9919581585,14.3042843312,13.0632264717
1392,10.0,6.0,6.0,60.0,47.6926586346,-17.7957373906,1.09351496696,13.0553601532,16.5536650964,13.2545288709
1393,100.0,85.0,85.0,80.0,54.0873428812,-4.18732598198,-19.6175328385,20.397166405,22.0569175053,28.579617684
1394,80.0,65.0,65.0,80.0,56.4722820917,0.125617856417,16.7864482397,23.5437635516,24.3860715457,13.0523427052
1395,60.0,45.0,45.0,80.0,64.2131369256,12.6206558762,-5.37392716064,35.5045494742,33.064543776,30.5871784591
1396,40.0,27.0,27.0,80.0,67.0865204152,19.4812946971,35.1850096022,41.5375134147,36.7466494904,13.0168435429
1397,20.0,12.0,12.0,80.0,48.279040338,22.8066222851,-8.88045202304,20.8020229538,17.0150874366,17.6917565772
1398,10.0,6.0,6.0,80.0,51.169308803,13.0516803708,6.25652430602,21.3696520725,19.4150570098,13.5608662465
1399,100.0,85.0,85.0,100.0,59.2681128176,3.69286354749,-6.73189897658,27.2530883465,27.3186424387,26.2337271833
1400,80.0,65.0,65.0,100.0,62.6769640183,-8.78075319739,17.3850084361,27.8099262892,31.2010214061,17.0603114246
1401,60.0,45.0,45.0,100.0,70.9393972088,-15.6111962247,-2.19943439956,35.7311094436,42.0994000095,36.2880289049
1402,40.0,27.0,27.0,100.0,60.5480278326,-22.863173675,-31.654945125,22.3396805615,28.7361148431,45.1899727153
1403,20.0,12.0,12.0,100.0,83.4382800115,-1.70546152551,-1.24181149599,60.0209023028,62.992209725,53.1127607823
1404,10.0,6.0,6.0,100.0,55.832968434,45.3515440164,-1.13674576965,34.5063225658,23.7463832777,20.1377218213
1405,100.0,0.0,0.0,70.0,83.3612253307,3.10824182756,0.286395973364,61.9310682555,62.8458852611,51.5947968124
1406,0.0,100.0,0.0,70.0,81.654512425,-3.34379837987,57.6259534559,56.1722535858,59.6627105893,14.0080734907
1407,0.0,0.0,100.0,70.0,84.6787096943,-0.327819026928,4.48285462722,62.9020193131,65.3791026134,49.8722007856
1408,100.0,100.0,0.0,70.0,37.9630627286,1.48247771364,4.63842322651,9.89472276415,10.0673647524,7.12517554415
1409,100.0,0.0,100.0,70.0,82.0466445196,0.212372930542,1.1480577789,58.3161735538,60.3843280821,48.8151544973
1410,0.0,100.0,100.0,70.0,73.763616893,-1.3561534693,-0.604535416905,44.2142807893,46.3369093183,38.6825791158
1411,40.0,40.0,0.0,70.0,69.5343177566,20.9268271625,-3.68999711141,45.6234288373,40.091030489,35.6250247225
1412,40.0,0.0,40.0,70.0,50.6022292216,-13.8263694441,7.67722220246,15.7395108391,18.927459647,12.689564235
1413,0.0,40.0,40.0,70.0,37.6776022558,3.01406356865,-1.78903106444,9.93296141576,9.90844164846,8.65884517065
1414,3.0,3.0,0.0,0.0,58.7956427826,4.9999612113,25.3692016557,27.0717435646,26.8074144494,11.4645620326
1415,3.0,0.0,3.0,0.0,57.3975543047,-12.6597299246,-27.5747181267,21.6109250798,25.3320769818,37.758509089
1416,0.0,3.0,3.0,0.0,50.2343851113,-13.2555878869,2.21259256702,15.5648097848,18.6155794437,14.4841895992
1417,3.0,3.0,3.0,0.0,39.1383146977,1.53541726895,3.16226783239,10.5581254982,10.7395601716,8.00606875569
1418,3.0,0.0,0.0,3.0,59.9724871272,4.72986867065,17.641875851,28.2806397351,28.0928024356,15.0185528715
1419,0.0,3.0,0.0,3.0,55.8800208482,-18.3277758201,-10.820491002,19.1080090355,23.7930772982,25.2359955095
1420,3.0,3.0,0.0,3.0,43.9314375209,-14.3849733738,10.258746443,11.198252891,13.7908208523,8.31508356935
1421,0.0,0.0,3.0,3.0,44.5194903294,2.22473288818,-0.665514483137,14.047094749,14.2007675328,11.9427499515
1422,3.0,0.0,3.0,3.0,40.4225867723,-5.33231308475,5.11642973481,10.3827157474,11.5076067328,8.07423612233
1423,0.0,3.0,3.0,3.0,39.3872530715,11.700674553,-1.25928771011,12.1172823495,10.8856787328,9.34185746659
1424,3.0,3.0,3.0,3.0,36.8751428321,3.52315404924,0.643915583953,9.56263287606,9.47066975637,7.64987678544
1425,7.0,7.0,0.0,0.0,76.6600904553,10.7724445665,5.32157412262,53.2341023104,50.9687745379,37.9904817945
1426,7.0,0.0,7.0,0.0,53.9991123261,23.2007521173,17.1941174511,26.4626788452,21.9737222313,11.4331165735
1427,0.0,7.0,7.0,0.0,65.3075670709,-4.21147770322,-10.8829355254,32.0241588339,34.4364940999,35.5582088701
1428,7.0,7.0,7.0,0.0,46.3412396634,1.24445911225,1.7213819982,15.1768811687,15.5221663847,12.2018768613
1429,7.0,0.0,0.0,7.0,54.3087279063,-17.6012392407,-25.7655267312,17.9434885684,22.2665920959,32.7536707657
1430,0.0,7.0,0.0,7.0,61.3933747494,-27.6773178319,12.5529327802,22.0852202379,29.6986963471,18.2190039305
1431,7.0,7.0,0.0,7.0,70.3464657432,1.8781825335,2.90449133489,40.3764637808,41.2439005184,32.0773490958
1432,0.0,0.0,7.0,7.0,52.316631194,-9.42863794738,4.2034646045,17.865525947,20.4270362504,15.1136219813
1433,7.0,0.0,7.0,7.0,55.8226870077,25.3475946312,-1.6922130534,28.9837868724,23.7361883038,20.3987623133
1434,0.0,7.0,7.0,7.0,44.4799524613,8.92745541176,-3.24489731595,15.1196440433,14.1729532863,12.8202058476
1435,7.0,7.0,7.0,7.0,59.9190984537,-23.1127217657,-32.1376859618,21.699793136,28.0336184954,44.6933647835
1436,40.0,3.0,0.0,0.0,84.580663973,-0.915371003367,-0.314562502649,62.4634445136,65.1882807163,54.0803800296
1437,3.0,40.0,0.0,0.0,55.6485739608,45.7893462118,-1.33387969798,34.402317685,23.5639821547,20.07939473
1438,40.0,0.0,3.0,0.0,84.044381166,1.65725818964,0.538655976508,62.5765933063,64.1511046202,52.4370333909
1439,40.0,3.0,3.0,0.0,81.717479642,-3.26857247388,57.6978043135,56.3122565036,59.7781958129,14.0220097872
1440,0.0,40.0,3.0,0.0,84.6993388077,-0.189038858513,2.84772100873,63.001160263,65.4192994723,51.3650493308
1441,3.0,40.0,3.0,0.0,37.0177568219,1.51283068298,4.53462613198,9.39067786152,9.54750905105,6.7625107107
1442,40.0,40.0,3.0,0.0,83.328589007,0.188889794897,1.18672334827,60.6224855078,62.7839782638,50.7338775214
1443,3.0,0.0,40.0,0.0,62.4643161773,-2.72486085641,-1.24136845292,29.1281772143,30.9487145149,26.245354915
1444,0.0,3.0,40.0,0.0,71.8464161764,-10.7783342891,-16.1910984578,38.404610382,43.4308348678,48.5996441895
1445,3.0,3.0,40.0,0.0,73.9307642619,7.32933414378,-5.71664592906,47.529795372,46.5962412294,42.8579631951
1446,40.0,3.0,40.0,0.0,54.6728246075,-4.72015764765,15.7567591253,20.8088153479,22.6143120255,12.3162489161
1447,3.0,40.0,40.0,0.0,63.2810175692,-6.23156496888,-20.7687532418,29.13170951,31.9252038725,40.2653159678
1448,40.0,0.0,0.0,3.0,41.1140190216,15.3392015575,11.3374005221,13.7980118522,11.9358732384,6.82334951808
1449,40.0,3.0,0.0,3.0,72.8600107028,5.10422970064,14.4375209337,45.1027858655,44.9515960055,27.5613253999
1450,0.0,40.0,0.0,3.0,54.4727736954,-4.34221230613,8.70380193561,20.7081597925,22.4228146614,14.8032694537
1451,3.0,40.0,0.0,3.0,60.9777133226,-11.1379966926,-3.2059979618,25.4357586549,29.222747806,25.9017129578
1452,40.0,40.0,0.0,3.0,40.6168441842,14.4705963979,9.29579286699,13.3267971618,11.6268750926,7.10539416086
1453,40.0,0.0,3.0,3.0,35.1733524694,1.83537848834,-8.6882048708,8.48719447869,8.58534279947,9.3893170784
1454,40.0,3.0,3.0,3.0,41.9730913744,15.7301110046,11.8894132795,14.456185378,12.4826102521,7.04396346706
1455,0.0,40.0,3.0,3.0,36.9240913355,-3.45634326522,-9.24445847846,8.74792315309,9.49699617559,10.4670682041
1456,3.0,40.0,3.0,3.0,46.8552430974,4.06894737193,19.2837470511,16.042895144,15.909281396,7.29234683243
1457,40.0,40.0,3.0,3.0,38.9457194543,-9.78477318521,-9.31089492397,9.02954804737,10.6274146413,11.6166616108
1458,0.0,0.0,40.0,3.0,55.1715340902,-34.8701628347,9.37445308835,15.5076330385,23.0964383529,15.01454536
1459,3.0,0.0,40.0,3.0,45.7717937708,12.2207908157,-17.6047506264,16.6600125868,15.1006857859,19.7159046451
1460,40.0,0.0,40.0,3.0,68.147100881,-19.7049645057,29.4683708006,31.1297178499,38.1718761261,15.9381241243
1461,0.0,3.0,40.0,3.0,51.6770299496,33.7242318517,-5.9339132735,26.5885868785,19.8586584207,19.0145680394
1462,3.0,3.0,40.0,3.0,82.0163745843,-3.58644795443,52.8300282942,56.7054543581,60.3284179956,16.1670420436
1463,40.0,3.0,40.0,3.0,43.4154297203,2.4439695021,-18.6666878556,13.3324030241,13.4376634479,18.3200925776
1464,0.0,40.0,40.0,3.0,59.3661562521,34.3605865289,20.8787741327,35.7571205872,27.4255364666,13.3798068293
1465,3.0,40.0,40.0,3.0,50.5234330109,-12.1817108955,-19.6780936139,15.9660996024,18.860360617,25.0242769151
1466,40.0,40.0,40.0,3.0,74.3135668338,8.73309737091,37.3218955872,48.6408168388,47.1938074295,17.1149938536
1467,3.0,0.0,0.0,40.0,59.0364869616,-27.9653899841,-18.5383758608,19.8989624628,27.0672112087,33.3753620211
1468,0.0,3.0,0.0,40.0,60.5354849377,-23.0703668954,-31.6412310152,22.2827115874,28.7219913567,45.1607002597
1469,3.0,3.0,0.0,40.0,84.6294815781,-0.459269435829,0.175993284503,62.7525938553,65.2832457057,53.7017531291
1470,40.0,3.0,0.0,40.0,55.7062373587,45.5461260781,-1.73153398151,34.4038686369,23.6209214511,20.3201505072
1471,3.0,40.0,0.0,40.0,84.7533551814,0.809801969307,0.727031958997,63.5392405084,65.5246311229,53.388688368
1472,0.0,0.0,3.0,40.0,81.9891497723,-3.51448031821,57.1560082853,56.6870270484,60.2781618923,14.4091125716
1473,3.0,0.0,3.0,40.0,85.0502060186,-0.0241483632283,1.69523070551,63.7346529476,66.1055072643,52.9672371094
1474,40.0,0.0,3.0,40.0,36.5554556589,1.52510106763,4.49982190153,9.15022523958,9.29992507604,6.58605988685
1475,0.0,3.0,3.0,40.0,84.3032868608,0.225206442403,1.51060661503,62.4396184063,64.6504461923,51.9576880828
1476,3.0,3.0,3.0,40.0,54.5026709727,-1.91552080841,-1.80853898087,21.2429330733,22.4513646467,19.3639307305
1477,40.0,3.0,3.0,40.0,83.3771153818,0.505292055467,-0.886680411857,60.8459140071,62.876041412,52.6889096744
1478,0.0,40.0,3.0,40.0,58.8865923112,-31.2734446388,17.3017271152,19.1107015113,26.9053247356,14.4177316791
1479,3.0,40.0,3.0,40.0,55.2851724855,21.8715807853,-12.5450852399,27.5057454247,23.2072481806,25.630754432
1480,40.0,40.0,3.0,40.0,71.4316405732,-15.5095072441,40.6118860984,36.3988811487,42.8185459353,13.7772775554
1481,3.0,0.0,40.0,40.0,48.0956941805,4.29648021964,-23.7032241209,17.0383940727,16.8699035158,24.9346444208
1482,0.0,3.0,40.0,40.0,58.7583059635,-30.6256205388,10.0628402171,19.1293648628,26.7672889557,17.3063699845
1483,3.0,3.0,40.0,40.0,53.6959060661,19.8444070272,-1.45628935279,25.3395754956,21.6894149519,18.5546017987
1484,40.0,3.0,40.0,40.0,71.8611503442,-15.3757473295,30.5361017829,37.0020584173,43.452692033,18.2482823779
1485,3.0,40.0,40.0,40.0,47.2867435357,-0.198687126649,-13.1555436941,15.6251857299,16.2391869021,18.8532120652
