SAMPLE_ID,CMYK_C,CMYK_M,CMYK_Y,CMYK_K,LAB_L,LAB_A,LAB_B,XYZ_X,XYZ_Y,XYZ_Z
1,0.0,0.0,0.0,0.0,61.0595707799,5.45369613496,6.85164169351,29.6848327331,29.3160726544,20.6362520434
2,0.0,10.0,0.0,0.0,43.1315775775,-0.932937026704,-1.07322034173,12.6333029173,13.2459902044,11.2781269705
3,0.0,20.0,0.0,0.0,32.772943002,0.309927346045,0.42914772342,7.19933677612,7.43297921868,6.03956731683
4,0.0,30.0,0.0,0.0,78.5595565952,3.62417834828,7.2464518048,53.6397041782,54.1679392243,38.995535952
5,0.0,40.0,0.0,0.0,33.9073375282,0.411138470624,0.371503386727,7.72355392125,7.9637796891,6.48620912435
6,0.0,55.0,0.0,0.0,72.0899709596,-1.47664161288,2.78131741804,41.7386959148,43.7930741755,34.1848734828
7,0.0,70.0,0.0,0.0,42.1487286888,2.68267679238,-2.42524200486,12.5408774818,12.5964075849,11.1660046051
8,0.0,85.0,0.0,0.0,66.8012233896,-1.45848159507,2.6498062429,34.6426704464,36.3694131103,28.3684110894
9,0.0,100.0,0.0,0.0,33.9890509977,0.181656671857,0.99840195248,7.7367558037,8.00296114944,6.37645090145
10,10.0,0.0,0.0,0.0,75.596457763,3.47853303425,6.8232302951,48.7417589926,49.2336539649,35.5817289658
11,10.0,10.0,0.0,0.0,35.570279569,-0.332117242336,0.708901933353,8.43502966325,8.78667351427,7.07789552629
12,10.0,20.0,0.0,0.0,44.4146373001,0.22082902776,3.43069266012,13.6573727264,14.1270847297,10.5421098687
13,10.0,30.0,0.0,0.0,38.2882387756,-0.260544561315,0.316846968737,9.85149241002,10.250458453,8.37210032394
14,10.0,40.0,0.0,0.0,69.224773113,7.42482304301,2.31109991267,40.6073859363,39.6573411639,31.2016558578
15,10.0,55.0,0.0,0.0,50.4041696113,-7.3833190683,-14.4433799798,16.7252520318,18.7591036438,22.1062255418
16,10.0,70.0,0.0,0.0,76.7496274816,3.71832430544,3.52470949359,50.6797778942,51.1166700456,39.4487254676
17,10.0,85.0,0.0,0.0,34.7756074224,-0.283741878782,1.35282840429,8.05585078268,8.38670592266,6.60403936684
18,10.0,100.0,0.0,0.0,65.7962799509,-3.46702281929,0.451951762443,32.8217328913,35.0611930694,28.651914921
19,20.0,0.0,0.0,0.0,36.9903564883,-0.957257917055,0.909168416649,9.07726231154,9.53271383314,7.63300188438
20,20.0,10.0,0.0,0.0,61.7478135017,-2.91896370469,0.751867500995,28.2815174076,30.1086015937,24.4270613169
21,20.0,20.0,0.0,0.0,79.8364216133,-0.0301866029057,5.3573846878,54.3666793835,56.3920393582,42.1486546502
22,20.0,30.0,0.0,0.0,53.6413747684,-1.75701086346,1.73937326874,20.5016958091,21.6385442403,17.0893374188
23,20.0,40.0,0.0,0.0,45.9196506564,-3.92436412785,-1.48328319285,14.0288542631,15.2093804885,13.0797077486
24,20.0,55.0,0.0,0.0,42.5382434989,-0.519057997091,2.53641151225,12.3160753159,12.8512417341,9.82410552782
25,20.0,70.0,0.0,0.0,79.3291143233,0.0583100654353,4.56103041465,53.5423960661,55.5012426246,42.0867475517
26,20.0,85.0,0.0,0.0,37.471755705,0.330310318174,2.91501907718,9.48583244481,9.7948855218,7.33917874696
27,20.0,100.0,0.0,0.0,57.37570861,-12.8818643145,-8.81283509035,21.5434754746,25.3094645611,25.5582297244
28,30.0,0.0,0.0,0.0,70.053884741,-5.27834932148,-0.212021787431,37.7115184805,40.8260604107,33.8303896323
29,30.0,10.0,0.0,0.0,78.5400943602,-0.77865557107,8.02094994386,51.902993059,54.1344995943,38.3918795206
30,30.0,20.0,0.0,0.0,56.5249470322,-3.99833808242,-0.643414446617,22.6739288738,24.4392735898,20.4778406519
31,30.0,30.0,0.0,0.0,47.4492343203,-2.16236243099,1.15473176091,15.408951291,16.364592265,13.0794171076
32,30.0,40.0,0.0,0.0,52.8310690901,-3.17986925472,0.0465398383122,19.5051885016,20.8919788562,17.2177953838
33,30.0,55.0,0.0,0.0,80.9377691349,-0.169739686504,5.32660000568,56.2064206045,58.3586309453,43.6932996522
34,30.0,70.0,0.0,0.0,37.4255822863,4.31494920819,-10.4339883794,9.96026918752,9.76953346877,11.1221482679
35,30.0,85.0,0.0,0.0,43.8907937045,21.3304045806,14.4645899439,16.8404685193,13.7627822347,7.22088477333
36,30.0,100.0,0.0,0.0,41.2802662172,-2.97777078487,-11.9891319947,11.1954629823,12.040405558,14.0097114043
37,40.0,0.0,0.0,0.0,68.921641816,4.89472060165,18.1548308612,39.3729670901,39.2356794804,21.7626081525
38,40.0,10.0,0.0,0.0,54.9595801428,-26.4650046461,3.60473321507,16.8250856269,22.8907037,17.2664576973
39,40.0,20.0,0.0,0.0,54.2407066624,-27.6306299634,9.66782526337,16.066414243,22.2020281441,14.2726758999
40,40.0,30.0,0.0,0.0,67.8944783812,16.8154577173,19.9222605313,41.8076217931,37.829113738,20.0107221395
41,40.0,40.0,0.0,0.0,44.8594530968,-7.36066713692,-0.899609171117,12.7861462845,14.4414289627,12.2247989817
42,40.0,55.0,0.0,0.0,44.9298611141,23.2043124126,4.55798906003,18.0151307722,14.4916086359,10.467256877
43,40.0,70.0,0.0,0.0,37.6472402191,0.998229524235,-1.4356416502,9.66252671895,9.89163741421,8.54760103887
44,40.0,85.0,0.0,0.0,43.1271098918,6.71978672091,-14.0094236815,13.8071469113,13.2429880293,16.0791026045
45,40.0,100.0,0.0,0.0,45.1590300178,23.0665339295,8.63747485989,18.176330956,14.655741592,9.35767495919
46,55.0,0.0,0.0,0.0,41.5273884273,-6.33561859143,-3.20271707975,10.8827338394,12.1969153217,11.0704313185
47,55.0,10.0,0.0,0.0,54.4923915014,6.71564222892,15.3521287471,23.1071195451,22.4415456778,12.3488541972
48,55.0,20.0,0.0,0.0,54.0845469468,-27.9384748802,11.7588473889,15.8951775272,22.0542779173,13.3848510009
49,55.0,30.0,0.0,0.0,46.777562485,28.0415321107,6.40286425597,20.5456567414,15.8503690784,10.8918444189
50,55.0,40.0,0.0,0.0,68.6464972013,-17.7842898909,25.4735293134,32.2519753831,38.855545055,18.0319117165
51,55.0,55.0,0.0,0.0,48.0959693968,24.0634628329,-1.96369681378,20.8995163051,16.8701208265,14.6749055763
52,55.0,70.0,0.0,0.0,57.3679144155,-29.9279778839,7.55232858794,18.1060434065,25.3014000692,17.3559131713
53,55.0,85.0,0.0,0.0,43.1310736395,5.85048179908,-11.3077430879,13.6726352681,13.2456515477,14.9838767646
54,55.0,100.0,0.0,0.0,58.6901431858,-2.08028279714,34.4738240864,25.2452666777,26.6941384334,8.64939376509
55,70.0,0.0,0.0,0.0,41.5566926344,19.445472597,-2.64855213217,14.772037235,12.2155639885,10.9078690044
56,70.0,10.0,0.0,0.0,50.6816438772,-13.3021485916,19.4375134123,15.8897235201,18.9952461473,8.99186517175
57,70.0,20.0,0.0,0.0,37.9630379504,6.33639271608,-9.99708540847,10.5230905149,10.0673508845,11.2822621318
58,70.0,30.0,0.0,0.0,44.8042218508,-18.7624715709,9.21191120809,11.1137020944,14.4021469232,9.01790157565
59,70.0,40.0,0.0,0.0,51.3389670005,32.1502069443,12.1109358189,25.8525261606,19.5625462662,11.5985292271
60,70.0,55.0,0.0,0.0,60.6162203031,-7.1262505508,27.5445713621,26.0241116807,28.8129815996,11.7874685259
61,70.0,70.0,0.0,0.0,44.2661919611,8.19840198978,-1.33065196363,14.843679751,14.023205038,12.0208530577
62,70.0,85.0,0.0,0.0,51.4450288035,-20.0456489398,11.1349679462,15.2967719044,19.6551275174,11.9906149601
63,70.0,100.0,0.0,0.0,50.0136666033,26.3013492139,-2.77259848503,23.1698673401,18.4300960574,16.345368516
64,85.0,0.0,0.0,0.0,65.6928102906,1.89185740506,40.1949392621,34.2270149655,34.9283074664,10.5177207175
65,85.0,10.0,0.0,0.0,33.8526747407,7.10655077436,-0.45195912695,8.43904335537,7.93764050056,6.65324219779
66,85.0,20.0,0.0,0.0,48.3155541638,-20.7957662723,7.69858954216,13.007345204,17.0441002653,11.3327578529
67,85.0,30.0,0.0,0.0,46.546915321,-17.6260225165,12.0184320972,12.3413007582,15.6763055782,9.0740708809
68,85.0,40.0,0.0,0.0,51.600879048,2.71275161825,-2.30107329542,19.6230675744,19.7916983112,17.3166492861
69,85.0,55.0,0.0,0.0,41.6589737601,-6.30114559244,6.0035949721,10.9642303527,12.2808027911,8.40576458729
70,85.0,70.0,0.0,0.0,49.7468809794,19.429246739,1.22693490384,21.4219039262,18.2075493903,14.5405776205
71,85.0,85.0,0.0,0.0,41.9067034815,2.32005764832,-0.362937432205,12.3332455716,12.4397759531,10.376460821
72,85.0,100.0,0.0,0.0,46.1275522292,14.0787170861,-12.4638828368,17.2761221793,15.3630966139,17.635935722
73,100.0,0.0,0.0,0.0,50.4309066915,26.9702822981,3.82975835303,23.7260056054,18.7817723544,13.9938071925
74,100.0,10.0,0.0,0.0,47.2583046349,-0.573212878386,-6.93111770725,15.5398568696,16.2173047304,16.0975985972
75,100.0,20.0,0.0,0.0,50.5684815827,-1.0733550283,18.7035214528,18.0201855749,18.8987023452,9.14489310731
76,100.0,30.0,0.0,0.0,47.7988446956,-14.1063739124,-4.35069460031,13.6982707082,16.6365961899,15.4210074921
77,100.0,40.0,0.0,0.0,56.3208339513,-22.7611035188,-2.60543133166,18.6141530957,24.2335092454,21.2749555191
78,100.0,55.0,0.0,0.0,51.020095479,-0.538203214003,9.36568700298,18.4936123971,19.285955438,12.348758068
79,100.0,70.0,0.0,0.0,42.4087628409,-4.1828797396,-1.79469254139,11.7068963373,12.7661532887,11.1066658165
80,100.0,85.0,0.0,0.0,42.8631871949,16.5067299234,4.14207949755,15.2225771168,13.0664422458,9.51427473098
81,100.0,100.0,0.0,0.0,45.1479377802,14.222007751,-9.74577179524,16.5368709311,14.647768829,15.7570131388
82,0.0,0.0,10.0,0.0,42.0249585818,-0.227014752644,-0.675659239172,12.0364286585,12.5161439592,10.5377828427
83,0.0,10.0,10.0,0.0,53.3623836239,-20.2150067202,3.69099142277,16.7107230618,21.3795253828,16.0569015459
84,0.0,20.0,10.0,0.0,45.8160562468,7.10472054704,0.278827686109,15.7915874624,15.1331701651,12.3887052561
85,0.0,30.0,10.0,0.0,62.208026831,-6.10059855437,19.037256629,27.9766596916,30.6464390395,16.0173846615
86,0.0,40.0,10.0,0.0,52.8778479047,30.8428143085,13.3413266998,27.1549593696,20.934603489,12.0811632884
87,0.0,55.0,10.0,0.0,51.2720344904,-15.1889171698,-6.41084480158,16.0044276674,19.5042708271,18.9117851602
88,0.0,70.0,10.0,0.0,55.2030159838,20.5536718503,-1.89203004527,27.088677604,23.1271012284,19.9782306736
89,0.0,85.0,10.0,0.0,53.8676432458,-12.3188773479,13.7058179497,18.5886806741,21.8501445477,12.5484896949
90,0.0,100.0,10.0,0.0,47.9282451316,0.448415433057,-13.5125504608,16.2193370685,16.7380315133,19.538113578
91,10.0,0.0,10.0,0.0,63.6576399127,8.72273057433,32.5654091563,33.6669976875,32.382348132,11.863050384
92,10.0,10.0,10.0,0.0,32.7301986219,-0.443111434095,-2.81883267393,7.10361333049,7.41345365568,6.75343465053
93,10.0,20.0,10.0,0.0,50.7041019251,-20.3861556434,13.8292780648,14.7053591989,19.0144451268,10.682542861
94,10.0,30.0,10.0,0.0,34.6099331839,6.55874853318,3.26180598355,8.75262831178,8.30487928465,6.11231443469
95,10.0,40.0,10.0,0.0,59.7601905063,2.74486509948,30.8595667765,27.5464192305,27.8579533333,10.2401731153
96,10.0,55.0,10.0,0.0,46.1402860139,-5.0961041911,-2.35699331567,13.993558365,15.3725451013,13.5396317939
97,10.0,70.0,10.0,0.0,59.2680337777,-20.7417884911,13.2098334322,21.606731296,27.3185563759,16.3341722968
98,10.0,85.0,10.0,0.0,52.6430737165,14.864756611,9.71223449424,23.1468556082,20.7212618567,13.2240054613
99,10.0,100.0,10.0,0.0,69.9525942888,-2.2748922834,31.5780142806,38.5113247311,40.6820660555,16.3566633971
100,20.0,0.0,10.0,0.0,39.9869814616,13.2993922909,-5.47480094579,12.7347666628,11.2431289504,10.9464083103
101,20.0,10.0,10.0,0.0,40.8284948269,8.83453852569,6.82034502249,12.6094976258,11.7577573286,7.81320785017
102,20.0,20.0,10.0,0.0,45.5028329955,4.80985092421,-6.39529578058,15.1687144702,14.904293545,14.6595179768
103,20.0,30.0,10.0,0.0,57.3674154469,-13.7742528994,0.974557247228,21.346363182,25.3008838551,20.3970826385
104,20.0,40.0,10.0,0.0,62.5555330038,-23.941301893,4.14887488308,24.0339622199,31.0567761203,23.3416111863
105,20.0,55.0,10.0,0.0,64.7497632167,-13.3888616398,8.85700632984,28.9169416375,33.7325990974,22.8517399341
106,20.0,70.0,10.0,0.0,58.0620230115,-3.45945777134,4.78396287215,24.2899620637,26.0263187473,19.1501415775
107,20.0,85.0,10.0,0.0,50.9428815633,9.07987382639,-0.560340645863,20.3383731566,19.2193741026,16.0900816361
108,20.0,100.0,10.0,0.0,40.9486560914,10.8293514785,-2.48402878563,12.9877618433,11.832498871,10.5229357476
109,30.0,0.0,10.0,0.0,39.8228981867,12.1401879036,4.57143227654,12.4567655209,11.1445663205,7.94641022656
110,30.0,10.0,10.0,0.0,48.8093418657,24.1363597188,-4.62147210087,21.5635549956,17.4396942249,16.2498509611
111,30.0,20.0,10.0,0.0,40.698546136,8.94186582664,0.489137589261,12.5421253797,11.677282876,9.49107205575
112,30.0,30.0,10.0,0.0,44.8445316499,1.89509650463,2.93642762773,14.2194136675,14.4308093707,10.9347768523
113,30.0,40.0,10.0,0.0,48.4332373669,-3.88838931347,5.24714530734,15.8414894822,17.1378323378,12.2299779247
114,30.0,55.0,10.0,0.0,60.5641694409,-18.630753468,3.00178133851,23.2917731639,28.7542973466,22.1433215178
115,30.0,70.0,10.0,0.0,61.3452304677,15.691036778,20.8251888999,32.813977493,29.6433066006,14.6963141431
116,30.0,85.0,10.0,0.0,56.4531885684,4.98300107788,13.1613323697,24.6395821404,24.3668023843,14.3964163952
117,30.0,100.0,10.0,0.0,52.1889971887,-5.9622916619,5.13411111834,18.4194940416,20.3127602749,14.6589165562
118,40.0,0.0,10.0,0.0,49.1272032878,-11.1690008876,0.24900080585,15.1086773299,17.6975569778,14.5054083317
119,40.0,10.0,10.0,0.0,47.4744997878,0.781765646238,-17.6363134627,15.9349833604,16.3841491788,21.1641322484
120,40.0,20.0,10.0,0.0,49.9894940351,13.0029624409,21.7534049546,20.3001962688,18.4098575372,8.03689227959
121,40.0,30.0,10.0,0.0,48.3470765002,9.683738617,-3.61326175643,18.2446595325,17.069173511,15.5052294964
122,40.0,40.0,10.0,0.0,45.0874574509,-0.040820882511,11.561595227,14.0763610468,14.6043482669,8.50147247565
123,40.0,55.0,10.0,0.0,42.846760409,-1.66005117925,-11.0944219121,12.3438029192,13.0555060512,14.7063845438
124,40.0,70.0,10.0,0.0,41.2637894726,-9.11196313616,3.6906163334,10.3625922233,12.0300182306,8.85399070886
125,40.0,85.0,10.0,0.0,64.4394399847,8.81349928652,24.5882680624,34.6695421666,33.3451862498,15.3207762378
126,40.0,100.0,10.0,0.0,60.3623908178,-1.6475598131,16.1279048864,27.0979733107,28.5275571379,15.9044631435
127,55.0,0.0,10.0,0.0,54.7625570418,-11.7046414609,7.09309668504,19.4654629606,22.7005608008,15.6497488555
128,55.0,10.0,10.0,0.0,54.1302814319,-9.22760573451,-22.6111721501,19.4160709926,22.0974814237,30.4933949397
129,55.0,20.0,10.0,0.0,61.4385782099,6.60437818176,-1.5632865582,30.4253627424,29.7507654595,25.4198876339
130,55.0,30.0,10.0,0.0,41.0023342572,-0.452028731979,14.8570582827,11.37928492,11.865989338,5.9878891635
131,55.0,40.0,10.0,0.0,35.4057840906,-1.74343008507,0.417404777739,8.19558960235,8.70285997061,7.0797936749
132,55.0,55.0,10.0,0.0,36.4057037171,-8.85087018671,4.71738726962,7.88668034226,9.22065353677,6.47750162539
133,55.0,70.0,10.0,0.0,53.3471574045,-7.82144929632,25.613794897,19.0272620544,21.3654489683,8.55289449234
134,55.0,85.0,10.0,0.0,45.1041348643,-6.39882881127,-10.6586677818,13.091926832,14.6163128796,16.1032047895
135,55.0,100.0,10.0,0.0,46.6519448215,6.0957253258,16.3771115742,16.2450926848,15.7554097608,7.93823189849
136,70.0,0.0,10.0,0.0,44.3685760388,1.97529329479,-8.64214642619,13.9034348029,14.0947970898,14.7737292682
137,70.0,10.0,10.0,0.0,47.0735769093,22.9787078719,9.51097744044,19.7739249818,16.0756452589,10.0793898659
138,70.0,20.0,10.0,0.0,52.7450192209,36.2011746739,-0.406257691387,28.3620427305,20.8137218047,17.3506945456
139,70.0,30.0,10.0,0.0,44.6213948101,6.00766006918,-8.00447229149,14.7343203656,14.2726233882,14.6945361322
140,70.0,40.0,10.0,0.0,54.8659580866,18.3917301077,4.76108463745,26.2014700741,22.8002191534,16.6979448841
141,70.0,55.0,10.0,0.0,44.4084843491,-11.1528149309,7.47381058052,11.9424588099,14.1227688349,9.31991784688
142,70.0,70.0,10.0,0.0,56.8972572325,-5.19521088184,6.78193566748,22.7639574028,24.8175895173,17.3379344425
143,70.0,85.0,10.0,0.0,66.5571065061,-10.5726724461,12.2048887266,31.7543239178,36.0486845884,22.7300751759
144,70.0,100.0,10.0,0.0,44.647081115,-9.63622967088,0.159690000414,12.3120618863,14.2907737286,11.7374422511
145,85.0,0.0,10.0,0.0,47.3867870018,7.03010706951,6.68840550557,16.9797971769,16.3163212595,11.1391080426
146,85.0,10.0,10.0,0.0,39.454117828,3.76062062414,-3.06042793619,11.0401873227,10.9251506656,9.90802956075
147,85.0,20.0,10.0,0.0,51.7210495441,36.1742276616,2.19269677991,27.2408605788,19.8974340055,15.509792473
148,85.0,30.0,10.0,0.0,44.0126997701,-14.139707265,4.95881361112,11.2804686099,13.8469947101,9.86002340634
149,85.0,40.0,10.0,0.0,39.125070912,4.37713943309,-6.48799213842,10.931169826,10.7318233587,10.7948797577
150,85.0,55.0,10.0,0.0,47.8895914911,-6.09252434289,13.5923650914,15.0653256902,16.7076883651,9.28622429813
151,85.0,70.0,10.0,0.0,42.9853919009,16.7905029659,0.681186141765,15.3599637425,13.1479922679,10.6319345579
152,85.0,85.0,10.0,0.0,53.8537355973,5.76376552457,25.0808688767,22.2900086127,21.8370988675,8.94275600336
153,85.0,100.0,10.0,0.0,46.6393638086,-1.39156653527,-0.805607108603,14.950159894,15.7459202288,13.2849436841
154,100.0,0.0,10.0,0.0,62.5821236955,-15.1301127246,17.5175598653,26.1378057589,31.0883245306,16.9325034896
155,100.0,10.0,10.0,0.0,53.6093065782,18.5571339146,11.3276298382,24.9474561987,21.6086659039,13.2424640003
156,100.0,20.0,10.0,0.0,74.396944207,3.41460636812,36.820657145,46.8452444934,47.3246359298,17.3962469596
157,100.0,30.0,10.0,0.0,55.235421789,13.3216744321,11.067294894,25.3664338405,23.1586923121,14.3942676587
158,100.0,40.0,10.0,0.0,52.941064555,-14.277886324,-11.116278886,17.4628679871,20.9922982585,22.6490743699
159,100.0,55.0,10.0,0.0,36.7777980679,0.32977150937,6.28414551199,9.12173293385,9.41845861388,6.26981492631
160,100.0,70.0,10.0,0.0,62.4586897502,-3.40220155945,0.762039911128,28.9458128646,30.9420572901,25.1013963428
161,100.0,85.0,10.0,0.0,48.1515924573,23.6283038151,15.7422602665,20.858750377,16.914079081,8.80485909016
162,100.0,100.0,10.0,0.0,55.2528559315,-25.042803278,6.80493862721,17.3150746981,23.1757000346,16.1174459136
163,0.0,0.0,20.0,0.0,47.7700439684,2.4145107884,2.66038016185,16.4467908166,16.6140755721,12.7371459477
164,0.0,10.0,20.0,0.0,65.8505008174,-11.0119791261,22.6860469573,30.8024683236,35.1309630653,17.1342375689
165,0.0,20.0,20.0,0.0,55.1603990702,25.7365901614,16.0862063998,28.3483641263,23.0855995082,12.4951420213
166,0.0,30.0,20.0,0.0,43.9454095252,26.3422744337,1.6063216826,17.8069354664,13.8004683932,10.864119249
167,0.0,40.0,20.0,0.0,38.5185622504,-1.34360986878,0.266416460707,9.84008020823,10.3814786452,8.49317805365
168,0.0,55.0,20.0,0.0,51.6045333641,15.4055797531,1.31951122362,22.2784559011,19.7949081377,15.7844371439
169,0.0,70.0,20.0,0.0,50.3668888517,-16.9615892693,0.810560555446,15.0332826914,18.7275260601,15.1261116296
170,0.0,85.0,20.0,0.0,75.983606368,-7.53604460138,24.6161351945,45.3904870895,49.8605805299,24.8029227518
171,0.0,100.0,20.0,0.0,75.5798685232,4.20216122759,26.1094156782,48.9815663025,49.2069083572,23.6067304993
172,10.0,0.0,20.0,0.0,50.595022434,-18.2963668238,5.88324891028,14.9744599877,18.9213160949,13.3330764478
173,10.0,10.0,20.0,0.0,59.1311145727,32.3806722886,13.3901589067,34.870747845,27.1697428048,16.1597467195
174,10.0,20.0,20.0,0.0,38.4396801344,2.16241670824,-7.57449807639,10.2455313814,10.3364813819,10.7645422695
175,10.0,30.0,20.0,0.0,43.1897250912,24.5246570608,11.5998533897,16.8716532402,13.2851052972,7.63246560348
176,10.0,40.0,20.0,0.0,47.8609051141,29.2141631495,2.40596397376,21.7752091497,16.6851932511,12.884114558
177,10.0,55.0,20.0,0.0,38.5190402273,0.728112242194,-4.39740144507,10.1044220067,10.3817516981,9.82534931772
178,10.0,70.0,20.0,0.0,50.1977615944,13.7457269532,11.8682366914,20.6379364262,18.5847167243,11.030894452
179,10.0,85.0,20.0,0.0,44.4208130747,-10.5388152574,-1.30231487258,12.0386192907,14.131417518,12.1026810872
180,10.0,100.0,20.0,0.0,71.8756040368,-1.52948781592,21.2358798082,41.4161319188,43.4741402559,22.8029003897
181,20.0,0.0,20.0,0.0,61.1285499294,-0.420054434963,12.2480948471,28.2380371352,29.3948691658,18.1504741142
182,20.0,10.0,20.0,0.0,40.9421180745,17.819673998,7.66878442015,14.0751825507,11.8284240322,7.64662126507
183,20.0,20.0,20.0,0.0,52.8792604105,-10.004246729,1.73286339888,18.2155558549,20.9358914585,16.5290999753
184,20.0,30.0,20.0,0.0,38.1786524069,4.43985930049,0.271172090027,10.3958213844,10.1885088731,8.33358531932
185,20.0,40.0,20.0,0.0,46.662615545,-15.3063165729,-6.15043662007,12.7600770335,15.7634613987,15.3566584737
186,20.0,55.0,20.0,0.0,48.8669978577,25.7519124054,6.86871171661,21.9633418761,17.486279993,11.9296108917
187,20.0,70.0,20.0,0.0,61.3319379258,-4.89939458006,14.2891040802,27.3287918087,29.6280257419,17.3987374206
188,20.0,85.0,20.0,0.0,49.6448776484,26.7589323035,8.04600897384,22.9176488414,18.122936216,11.9855696967
189,20.0,100.0,20.0,0.0,51.9333557934,-17.3325315096,-0.186783290775,16.1282678124,20.085157328,16.6517667857
190,30.0,0.0,20.0,0.0,42.9859739064,4.45481473797,-3.9346915714,13.3571306622,13.1483814632,12.1573291103
191,30.0,10.0,20.0,0.0,65.1317465979,2.36303594548,36.4082345959,33.6653377186,34.2135791472,11.4265160386
192,30.0,20.0,20.0,0.0,48.9547121156,20.9662779911,5.34594162135,21.0259218515,17.5573116925,12.5094956862
193,30.0,30.0,20.0,0.0,56.3948110913,-12.530225657,19.9795380713,20.728215461,24.3079508696,11.8847184159
194,30.0,40.0,20.0,0.0,43.2930110904,2.70523797529,-4.27998162073,13.2912333844,13.3547742064,12.4618279082
195,30.0,55.0,20.0,0.0,67.8128870368,5.0799694094,2.92874147428,37.9281634109,37.7188492431,29.267802097
196,30.0,70.0,20.0,0.0,36.0143950241,13.2203945499,8.1175189457,10.3241464375,9.01564260297,5.59616060705
197,30.0,85.0,20.0,0.0,58.2868058482,-6.48657096817,-8.97904263587,23.8180828241,26.2640131855,26.5551498291
198,30.0,100.0,20.0,0.0,33.6787472516,0.920915883725,0.474982019948,7.67254477575,7.85485078649,6.37384949756
199,40.0,0.0,20.0,0.0,77.6931476284,-5.245668277,7.25871983946,48.8568553735,52.6925868926,37.8754639639
200,40.0,10.0,20.0,0.0,45.5408136753,5.11627241489,-16.1091328167,15.2481160724,14.9319227527,18.827026226
201,40.0,20.0,20.0,0.0,64.6258326022,-19.3324650223,-10.3668580301,27.270108111,33.5775241289,34.3771187137
202,40.0,30.0,20.0,0.0,50.3803632641,21.3950206422,-7.27111137292,22.4341058129,18.7389350767,18.5996597156
203,40.0,40.0,20.0,0.0,58.4645660997,-16.6809638134,-22.7069680966,21.7345360537,26.453005489,35.5763984928
204,40.0,55.0,20.0,0.0,46.5128198522,-5.16119979375,-13.6958591516,14.2411613216,15.6506832269,18.4882891463
205,40.0,70.0,20.0,0.0,45.9592814836,-7.98452696056,5.73444255932,13.4155541916,15.238602853,10.6553608549
206,40.0,85.0,20.0,0.0,51.3011006052,3.99876028303,-7.01273562088,19.6218385964,19.5295632845,19.2156250773
207,40.0,100.0,20.0,0.0,52.4908789723,8.20794158164,18.1951070169,21.5508269158,20.5837382932,10.28061686
208,55.0,0.0,20.0,0.0,58.0219546169,19.4715095801,3.69757405944,29.9294043932,25.9840999953,19.6295988471
209,55.0,10.0,20.0,0.0,74.164401424,0.861553549998,4.49273180393,45.5854930302,46.9603520388,35.4839306084
210,55.0,20.0,20.0,0.0,44.7362367394,6.65890654185,-16.2397137414,14.9246838094,14.3538918592,18.2522309907
211,55.0,30.0,20.0,0.0,62.5835975238,-13.749610826,-11.11528113,26.4753196754,31.0900737724,32.4981498186
212,55.0,40.0,20.0,0.0,50.0217182521,25.5679918444,-6.08568668119,23.0139881649,18.4368406044,17.7849635958
213,55.0,55.0,20.0,0.0,57.392116829,-20.3207521667,-12.5966783825,20.0116787705,25.3264474068,27.7796281733
214,55.0,70.0,20.0,0.0,43.3795002667,4.51416598324,-11.3724023652,13.630907007,13.4133002815,15.1803920231
215,55.0,85.0,20.0,0.0,67.1660474124,-8.11712032716,36.2551240045,33.1767185739,36.85226766,12.6826041395
216,55.0,100.0,20.0,0.0,47.0614068997,11.1329200159,-9.65560553808,17.4753632499,16.0663416953,17.1110989597
217,70.0,0.0,20.0,0.0,56.7421061088,-24.1527551552,16.4818139858,18.6962451132,24.6594647392,13.3330232261
218,70.0,10.0,20.0,0.0,54.3236641755,32.0637873566,1.67403926767,29.0500090715,22.2807859441,17.6329738864
219,70.0,20.0,20.0,0.0,76.5305729804,5.32813272803,14.5300398039,50.9309930615,50.7553453017,31.4464646226
220,70.0,30.0,20.0,0.0,45.1613249885,8.80948898687,-12.8482438243,15.598870948,14.6573915083,17.0749753785
221,70.0,40.0,20.0,0.0,64.8945016274,-12.1213820157,-2.19498072917,29.409979947,33.9143145299,29.3249105891
222,70.0,55.0,20.0,0.0,51.0183970076,27.6412990561,-2.25604874919,24.4611992212,19.2844891995,16.8620469509
223,70.0,70.0,20.0,0.0,56.2502919983,-23.8604862321,-3.33993110341,18.3442545122,24.1626660835,21.5837254763
224,70.0,85.0,20.0,0.0,33.3391224215,2.0908409472,-1.32313636888,7.64112298257,7.69485240482,6.64994915729
225,70.0,100.0,20.0,0.0,62.6593937069,-4.250417714,5.21582089041,28.9501933509,31.1801224333,22.8712550971
226,85.0,0.0,20.0,0.0,35.3830139653,12.9270391675,5.87577269272,9.9358234079,8.69130033088,5.83689363462
227,85.0,10.0,20.0,0.0,53.8881477198,-15.1298850399,-6.62531042817,18.0679559322,21.8693876708,21.1876295544
228,85.0,20.0,20.0,0.0,44.2604037239,5.50520148818,-12.7653115312,14.3965402926,14.0191648703,16.3762146352
229,85.0,30.0,20.0,0.0,65.0696033247,-11.1189100628,32.2145705992,29.8730460158,34.1350211559,12.8344943334
230,85.0,40.0,20.0,0.0,49.7472841551,24.6726323914,-3.14769449609,22.5544339647,18.2078843516,16.309987222
231,85.0,55.0,20.0,0.0,54.9431807654,-24.345080354,13.7142012601,17.198020699,22.8748366442,13.2107667676
232,85.0,70.0,20.0,0.0,40.5407877792,3.43666770325,-7.07362788592,11.645711425,11.5800810188,11.7892898191
233,85.0,85.0,20.0,0.0,55.2066865999,-18.2319632007,-6.42395452002,18.5614037619,23.130678117,22.2406309611
234,85.0,100.0,20.0,0.0,43.7952565001,16.3340634365,-0.585380876698,15.8816399136,13.6970244783,11.4950844239
235,100.0,0.0,20.0,0.0,65.0170377371,-8.180671126,6.86553051273,30.5971256479,34.0686646851,24.1657239835
236,100.0,10.0,20.0,0.0,48.58400095,33.5848404597,9.04398259967,23.4214778167,17.2584134892,11.0444612668
237,100.0,20.0,20.0,0.0,59.8909552696,33.7957497695,2.50210284636,36.2663578964,28.0024538923,21.8046694847
238,100.0,30.0,20.0,0.0,54.4455280235,-8.55619443641,-15.7931131603,19.8224019795,22.3968178775,26.6664262169
239,100.0,40.0,20.0,0.0,51.7741943762,12.3475190598,-10.4529572573,21.7754198477,19.9443149616,21.2792136725
240,100.0,55.0,20.0,0.0,63.7677443323,7.89584243374,-2.85416378995,33.5660331016,32.5168124526,28.5350666157
241,100.0,70.0,20.0,0.0,47.4626579115,-0.218234565972,-17.6349399257,15.752560983,16.3749809519,21.1532465761
242,100.0,85.0,20.0,0.0,51.6959870116,31.0773626841,0.242439612833,25.9647976698,19.8753509652,16.2972644255
243,100.0,100.0,20.0,0.0,57.0213826109,-2.07938401767,26.9517756154,23.5803542495,24.9445795197,9.99146156729
244,0.0,0.0,30.0,0.0,46.1218502439,15.628766521,-9.05651325993,17.5581366022,15.3588669875,16.166804316
245,0.0,10.0,30.0,0.0,49.5732650128,-15.5107969482,12.4256083001,14.7055345299,18.0636894337,10.5105159529
246,0.0,20.0,30.0,0.0,42.3198513351,4.04023915362,-15.4438039829,12.8546229218,12.7079429664,16.096812426
247,0.0,30.0,30.0,0.0,62.6572220948,18.043221625,3.84969306116,35.1242960411,31.1775400618,23.5956071815
248,0.0,40.0,30.0,0.0,55.8558848332,-15.0260657661,-12.382389622,19.7437615056,23.7691174861,26.0998157935
249,0.0,55.0,30.0,0.0,53.4602919841,-1.25420627693,-9.42139416953,20.4445095903,21.4701879403,22.2336154838
250,0.0,70.0,30.0,0.0,64.0326951456,-2.34206171321,-0.426643206557,31.0286494562,32.841906404,27.3501390514
251,0.0,85.0,30.0,0.0,47.2285085441,-2.03227777542,-11.3663899745,15.2694429287,16.1943993719,17.9925828329
252,0.0,100.0,30.0,0.0,45.1484396952,-7.58675976848,-11.9353540446,12.940146218,14.6481295277,16.6732546075
253,10.0,0.0,30.0,0.0,38.8126060266,1.55959886368,2.55543946761,10.3764760371,10.5503625696,8.01790330646
254,10.0,10.0,30.0,0.0,48.9764740311,-1.62045881267,-6.68093940488,16.6549926901,17.5749643959,17.2533616523
255,10.0,20.0,30.0,0.0,43.1051439321,15.1168370279,10.4257099111,15.1640143355,13.2282340415,7.895749648
256,10.0,30.0,30.0,0.0,56.2774815818,8.46490258193,2.15111696887,25.2798003582,24.1899553889,18.9433784787
257,10.0,40.0,30.0,0.0,57.6048323777,26.5433523662,2.14977491175,31.3500976032,25.5473004957,20.0259919561
258,10.0,55.0,30.0,0.0,56.677205235,-7.26743011268,-9.03491339661,22.1028917312,24.5935197145,25.0057173917
259,10.0,70.0,30.0,0.0,50.0039919066,5.3172371229,-10.2991723635,18.7790096665,18.4219941233,19.7117658452
260,10.0,85.0,30.0,0.0,66.0127746391,11.8393714186,6.81353925311,37.6185061607,35.3403256954,25.1440985101
261,10.0,100.0,30.0,0.0,55.6143825665,15.9721364489,1.00163721117,26.3976806922,23.5302633684,18.9462583376
262,20.0,0.0,30.0,0.0,37.3243551761,-4.05302702012,5.35625492175,8.88042070967,9.71410670484,6.69431592998
263,20.0,10.0,30.0,0.0,35.7736928357,2.0602290685,3.34888496364,8.81326193311,8.89105835508,6.5409785935
264,20.0,20.0,30.0,0.0,59.6890970464,7.36937431931,3.62621001676,28.6443385113,27.7796010878,21.0629295632
265,20.0,30.0,30.0,0.0,62.7756034124,18.3981009578,0.0794038289823,35.3802134005,31.3185212371,25.7957604925
266,20.0,40.0,30.0,0.0,55.9004868399,-13.4559335396,-16.6917080996,20.1001054028,23.8134064902,28.7020512759
267,20.0,55.0,30.0,0.0,53.5697260239,0.982609127904,-12.7553344652,21.0067770266,21.5718261427,24.1025282277
268,20.0,70.0,30.0,0.0,64.04429175,-1.38177332313,-4.89925705807,31.303934266,32.8561846856,30.1006863969
269,20.0,85.0,30.0,0.0,47.4662996403,1.35138714122,-21.0992820812,16.0282515366,16.3778000898,22.93451254
270,20.0,100.0,30.0,0.0,41.4794400641,3.5060302918,-12.7413054499,12.2371948409,12.1664428024,14.4296111966
271,30.0,0.0,30.0,0.0,49.0334228828,-14.8448486884,10.2163941621,14.4329315552,17.6212158215,10.9162116189
272,30.0,10.0,30.0,0.0,44.7863293663,14.0249093633,-7.09663380197,16.225288427,14.3894365705,14.4516305271
273,30.0,20.0,30.0,0.0,57.7428928082,-0.679677063337,24.4482321924,24.6154518652,25.6913273638,11.1702512652
274,30.0,30.0,30.0,0.0,50.8550711528,30.7896894972,2.85427299391,25.0323205726,19.1438418734,14.6510817774
275,30.0,40.0,30.0,0.0,58.0016358644,27.4303968926,-0.866759536614,32.06601634,25.9627082506,21.8615043808
276,30.0,55.0,30.0,0.0,53.6839856886,-9.28648506483,-16.7669213961,19.0246757004,21.6782879656,26.4692077759
277,30.0,70.0,30.0,0.0,50.2335891411,7.33090606717,-13.2485943945,19.3688887355,18.6149083149,21.3492036277
278,30.0,85.0,30.0,0.0,62.1975618282,4.66516175065,-5.7285056956,30.7840101536,30.6341383011,28.637102594
279,30.0,100.0,30.0,0.0,47.018768873,-0.183501557191,-13.830710032,15.4299860933,16.0337746754,18.9519782895
280,40.0,0.0,30.0,0.0,52.380464898,-13.8135374555,-9.7185616499,17.1038487979,20.484349621,21.4354960378
281,40.0,10.0,30.0,0.0,53.4796275728,18.3845120124,17.9751049168,24.7759927517,21.4881228331,10.8864046515
282,40.0,20.0,30.0,0.0,35.7678467611,0.350599235239,2.50866799728,8.61116823981,8.88804686884,6.73241694191
283,40.0,30.0,30.0,0.0,46.3034725205,-1.98642286941,4.68146148793,14.6116729887,15.493972874,11.1844951552
284,40.0,40.0,30.0,0.0,69.130430804,6.87428975035,7.34126698037,40.2970425543,39.5257869842,27.960026753
285,40.0,55.0,30.0,0.0,58.9137963417,33.9740633111,5.92310083571,35.0639503149,26.934657057,19.3045405796
286,40.0,70.0,30.0,0.0,54.9445043034,-9.71986417625,-11.7806584995,20.0219898912,22.8761169482,24.8710087121
287,40.0,85.0,30.0,0.0,51.9566386827,12.191737046,-7.26395910145,21.9110000916,20.1058158446,19.8701146566
288,40.0,100.0,30.0,0.0,63.4800552837,6.32779431085,1.40480582761,32.7684793314,32.1662559893,25.7326267182
289,55.0,0.0,30.0,0.0,46.4543642115,-3.51330770705,-8.3731296478,14.4680118614,15.6068194807,16.1208857506
290,55.0,10.0,30.0,0.0,35.0929340676,-5.96924387258,1.60704053048,7.58781864254,8.54493103662,6.67159567037
291,55.0,20.0,30.0,0.0,36.2903963471,6.20400073385,7.21595290592,9.58252792315,9.15992321993,5.88450030749
292,55.0,30.0,30.0,0.0,37.6941641496,0.407795511094,9.35811639133,9.61415583545,9.91761604463,5.94389726082
293,55.0,40.0,30.0,0.0,34.36982634,-2.09790805241,0.203141689319,7.66826056645,8.18723757764,6.70803319617
294,55.0,55.0,30.0,0.0,53.0943116205,-11.742113616,-11.7355389119,18.0615275473,21.1325991555,23.1140598783
295,55.0,70.0,30.0,0.0,51.9643856608,14.7925694879,15.5817580257,22.4834354419,20.1126927477,10.816264152
296,55.0,85.0,30.0,0.0,61.3604407369,4.21360588427,-0.273114595286,29.6998082853,29.6607984878,24.6239068059
297,55.0,100.0,30.0,0.0,45.6058093685,-3.66584670704,2.76842724928,13.8544556621,14.9792833238,11.4180366544
298,70.0,0.0,30.0,0.0,40.6048803323,-1.69425740685,0.5328539724,10.9728393627,11.6195059348,9.43112729224
299,70.0,10.0,30.0,0.0,52.6390345833,-8.39171923707,-14.531445659,18.3256977124,20.7176041965,24.1960803901
300,70.0,20.0,30.0,0.0,44.5945074347,12.3900376409,8.90882350618,15.7950549241,14.2536408225,9.00136398612
301,70.0,30.0,30.0,0.0,60.2267277947,2.86932829876,-4.61930376151,28.0857938656,28.3757836098,25.9695169256
302,70.0,40.0,30.0,0.0,49.2498557987,28.8950851863,19.1720692349,23.014010428,17.797733564,8.38398441897
303,70.0,55.0,30.0,0.0,77.1470955936,5.38002368887,8.56790671953,51.9621159819,51.7766545179,36.2419440147
304,70.0,70.0,30.0,0.0,45.2316936755,9.02446564752,-15.2965488934,15.6880676618,14.7080415822,18.2120030539
305,70.0,85.0,30.0,0.0,65.5143236347,-11.086817015,-7.85609214219,30.392304538,34.6998678101,33.7057057281
306,70.0,100.0,30.0,0.0,51.7908712139,29.8889160315,-3.83700075673,25.7772012319,19.959041361,18.1440026826
307,85.0,0.0,30.0,0.0,57.8863793882,-18.8769969495,-17.4992230351,20.7453282953,25.8415874641,31.3711222029
308,85.0,10.0,30.0,0.0,57.8408500651,19.4065710918,7.37055787235,29.7056971395,25.7938455739,17.7960969347
309,85.0,20.0,30.0,0.0,53.4230714446,8.85509335238,8.14479362782,22.5602267102,21.4356918068,14.3162601579
310,85.0,30.0,30.0,0.0,51.0914098803,4.32549197014,-3.17350254825,19.5065502442,19.3475860744,17.3140418018
311,85.0,40.0,30.0,0.0,47.0074695016,-4.93642584123,-2.90970201865,14.6255675489,16.0251515732,14.3136086996
312,85.0,55.0,30.0,0.0,46.5417787041,-6.01207682467,-11.1385140528,14.1241142769,15.6724436821,17.3668992488
313,85.0,70.0,30.0,0.0,76.9718992635,-6.12715566054,12.357366616,47.4042170781,51.485050284,33.3939013225
314,85.0,85.0,30.0,0.0,45.027583638,5.02292393548,-13.1874674356,14.8613655818,14.561447746,17.1220589952
315,85.0,100.0,30.0,0.0,64.684574089,-21.2700405475,-5.23772305425,26.8523851613,33.6509682473,31.0213634597
316,100.0,0.0,30.0,0.0,50.8299924083,21.7062332622,-4.36179266881,22.9299835746,19.1223061798,17.6383981853
317,100.0,10.0,30.0,0.0,56.2765504787,-22.1042135786,-7.94460112721,18.704354849,24.1890205312,24.0242619588
318,100.0,20.0,30.0,0.0,43.0387831307,3.73951651686,-9.48012493957,13.2817362381,13.1837277131,14.2090984092
319,100.0,30.0,30.0,0.0,70.1569675444,-4.7748612735,5.2126005274,38.0055433871,40.9729512124,30.3714644273
320,100.0,40.0,30.0,0.0,44.6545275394,9.07025938312,3.24886654163,15.2707624026,14.2960383628,10.7301604031
321,100.0,55.0,30.0,0.0,59.8034538692,-18.9619720842,-9.7249960517,22.4910079037,27.9057060035,28.5569323746
322,100.0,70.0,30.0,0.0,51.6988535367,33.5485685989,17.0498449366,26.5685923196,19.8778758832,10.2127494189
323,100.0,85.0,30.0,0.0,73.6736606065,-0.370089709004,9.88481181627,44.4204408342,46.1977397777,31.2643373279
324,100.0,100.0,30.0,0.0,46.7379431202,12.4426428867,-10.2148943645,17.4597081441,15.8203781729,17.1117895817
325,0.0,0.0,40.0,0.0,62.2210898971,-16.6016856077,-6.13296819722,25.4109450137,30.6617982045,28.9099849737
326,0.0,10.0,40.0,0.0,53.2680942115,34.5246866522,2.02821433442,28.5102393888,21.2924555457,16.6885323606
327,0.0,20.0,40.0,0.0,67.4410127867,4.15771680961,12.9016091443,37.1492528628,37.2190027788,23.1663156034
328,0.0,30.0,40.0,0.0,34.7679865709,7.41159138855,1.98659096302,8.93312299164,8.38293023677,6.45645437662
329,0.0,40.0,40.0,0.0,57.5421072139,-8.69981707781,0.446768876621,22.6040924577,25.4820428212,20.8038842309
330,0.0,55.0,40.0,0.0,48.7999025491,25.3539149988,0.39139181256,21.8153879481,17.4320751927,14.2326516764
331,0.0,70.0,40.0,0.0,34.8463657142,3.16434918304,-4.02183842772,8.47798730052,8.42181666021,7.94980224083
332,0.0,85.0,40.0,0.0,40.6317427368,-10.5125415425,7.67426577457,9.83245163797,11.63605624,7.51041542946
333,0.0,100.0,40.0,0.0,35.7617870817,9.97126404975,-0.00486142559118,9.76851922804,8.88492606624,7.33219148207
334,10.0,0.0,40.0,0.0,44.9290426027,-4.40528677891,15.9167673948,13.2821786225,14.4910246175,7.30363512519
335,10.0,10.0,40.0,0.0,38.159397464,17.4473754835,4.6796589676,12.1833331935,10.1776498299,7.1972982825
336,10.0,20.0,40.0,0.0,56.2475947439,-32.2654958719,16.7887048765,16.780194976,24.1599600561,12.9117937457
337,10.0,30.0,40.0,0.0,44.7942602514,11.1773893014,-16.6342664006,15.7342253715,14.3950695405,18.4770472166
338,10.0,40.0,40.0,0.0,65.389912368,-22.2995375275,32.7528867248,27.3515462076,34.5412281222,12.8394853863
339,10.0,55.0,40.0,0.0,51.4522391035,31.8047582479,-5.87154163371,25.8868916833,19.6614319635,18.8060162573
340,10.0,70.0,40.0,0.0,78.8015743247,-3.29842779425,56.3533622378,51.3716354173,54.5849203446,12.6694738342
341,10.0,85.0,40.0,0.0,58.1911902125,-27.9943468079,-2.16802418744,19.1661521989,26.1627292735,22.7033195881
342,10.0,100.0,40.0,0.0,44.1059451963,8.04556805382,-7.78523549341,14.703937816,13.9116398337,14.2647367896
343,20.0,0.0,40.0,0.0,67.4486412687,-18.4585766999,10.9742617755,30.6518362336,37.2292118033,24.2114328892
344,20.0,10.0,40.0,0.0,50.1225685448,30.4442508302,4.35428499437,24.2166342906,18.5214583258,13.5971107885
345,20.0,20.0,40.0,0.0,79.6779414808,-2.59340710559,31.0244909756,53.0948834606,56.1127432258,24.7813730244
346,20.0,30.0,40.0,0.0,59.8070436357,-20.6560254409,-21.8781796688,22.1250212118,27.9096707191,36.6363057993
347,20.0,40.0,40.0,0.0,42.8004667317,5.89441391517,0.23123768899,13.4565071256,13.0247186955,10.6733861901
348,20.0,55.0,40.0,0.0,69.2108224617,-13.862240472,-11.1225566878,34.0560997469,39.6378695304,40.710054475
349,20.0,70.0,40.0,0.0,48.3834678821,28.8690450876,12.6147735071,22.1869917337,17.0981502205,9.82398903069
350,20.0,85.0,40.0,0.0,81.293541527,0.222721966456,5.19136338646,56.9875585433,59.0035400478,44.3025794211
351,20.0,100.0,40.0,0.0,34.7720584046,1.83729586963,0.00958063591067,8.29092822345,8.38494745104,6.91618740158
352,30.0,0.0,40.0,0.0,40.30728174,-7.82165933522,-0.884408730715,9.99655129554,11.4372000781,9.69715206249
353,30.0,10.0,40.0,0.0,36.174012782,9.50048964304,3.87355035285,9.93365267393,9.098897089,6.57886056715
354,30.0,20.0,40.0,0.0,44.7738876876,-2.74754578627,5.60602047143,13.4353741781,14.3806027369,10.0611110013
355,30.0,30.0,40.0,0.0,38.3111587589,17.8963600441,8.83312924986,12.3447440657,10.2634468762,6.29087486204
356,30.0,40.0,40.0,0.0,32.5538739861,3.30716848066,-3.14196924879,7.41200141041,7.33327029527,6.75789863327
357,30.0,55.0,40.0,0.0,56.8867201354,-13.0170609562,23.5362141909,21.0692026485,24.8068291308,10.9871730983
358,30.0,70.0,40.0,0.0,34.7001816142,11.8992202331,3.73056767654,9.43936172958,8.34938673158,6.0442042343
359,30.0,85.0,40.0,0.0,66.0670687922,-6.81916164215,39.0097872931,32.2093139133,35.4105602514,11.1020188174
360,30.0,100.0,40.0,0.0,46.2831446641,16.1290943489,-14.1649526064,17.7812933688,15.4788120896,18.5216866891
361,40.0,0.0,40.0,0.0,59.8971691306,-21.3758082456,20.6066937881,22.0532567739,28.0093328781,13.8216744412
362,40.0,10.0,40.0,0.0,52.7528394073,37.02204936,-2.61862060572,28.5812807882,20.8208256954,18.3432082977
363,40.0,20.0,40.0,0.0,70.4854193375,-2.208966423,41.3935947324,39.257403704,41.4433371397,12.8913484447
364,40.0,30.0,40.0,0.0,73.3335363226,12.6192494931,1.45505293751,48.5169599037,45.6740592294,36.6278831974
365,40.0,40.0,40.0,0.0,51.1891213895,25.367513378,15.694643083,24.1063662076,19.4322423572,10.3598764611
366,40.0,55.0,40.0,0.0,63.3881378387,-2.66552438798,-12.3393462442,30.1935671369,32.0547856815,34.2657598178
367,40.0,70.0,40.0,0.0,44.2809960839,2.69485350575,3.07774789205,13.957923365,14.0335417912,10.5806262879
368,40.0,85.0,40.0,0.0,55.9214778164,-13.3348967947,-22.8798376463,20.1431585323,23.8342691835,32.683471206
369,40.0,100.0,40.0,0.0,39.4325892284,15.1792174722,10.0267164306,12.6584283848,10.9124313995,6.45697356125
370,55.0,0.0,40.0,0.0,42.5428603593,1.71199259155,4.12713168928,12.6493319292,12.8542826728,9.35758965463
371,55.0,10.0,40.0,0.0,37.3102940213,6.63739709385,4.61271208467,10.1945999745,9.70642416225,6.86254890636
372,55.0,20.0,40.0,0.0,38.8669140498,-4.09296115579,-1.72464352537,9.68326455261,10.5817533714,9.21734681665
373,55.0,30.0,40.0,0.0,35.24564121,0.333006004137,0.416444315267,8.35160183424,8.62177782139,7.01375186607
374,55.0,40.0,40.0,0.0,71.8792897129,10.7731430504,21.8630407348,45.6072545929,43.4796106588,22.4784567855
375,55.0,55.0,40.0,0.0,52.047250228,24.9817024575,4.29551484999,24.875071664,20.186348784,14.8925625416
376,55.0,70.0,40.0,0.0,61.8591111313,-7.31489632579,6.21074350844,27.2930591195,30.2380900711,21.6443791826
377,55.0,85.0,40.0,0.0,46.1097572379,5.39525638341,-6.59424398953,15.7149032661,15.3498991904,15.1520567399
378,55.0,100.0,40.0,0.0,53.4746102794,-19.1690085209,-3.55452264292,16.987341892,21.4834680399,19.3514383483
379,70.0,0.0,40.0,0.0,38.7871427346,15.6987449745,4.97189839591,12.3233057002,10.5356658309,7.39134563486
380,70.0,10.0,40.0,0.0,42.8418944254,0.330849161228,12.982176852,12.6355643965,13.0522676762,7.1416367524
381,70.0,20.0,40.0,0.0,37.1153364478,8.34855191781,0.27430467003,10.3076651164,9.60032294763,7.85030374376
382,70.0,30.0,40.0,0.0,39.7837756427,-7.1933649008,5.75262370643,9.79010147655,11.1211512898,7.62611417651
383,70.0,40.0,40.0,0.0,35.5463714547,2.00284417926,-4.38823317384,8.69205864348,8.7744586055,8.36610366261
384,70.0,55.0,40.0,0.0,70.4132865111,10.0611657047,43.4055471191,43.1821535389,41.339726643,12.1394639341
385,70.0,70.0,40.0,0.0,52.1604267478,27.0846980074,-6.82077540686,25.4874681058,20.2872385008,19.8261569795
386,70.0,85.0,40.0,0.0,60.1107162379,-9.95355368534,24.9270408508,24.8331420833,28.2464230269,12.3879194172
387,70.0,100.0,40.0,0.0,46.952934878,7.72425675062,-18.3803803201,16.7669551146,15.9835770062,21.0866905476
388,85.0,0.0,40.0,0.0,51.8798818737,-22.5235379657,11.1068001423,15.1946750251,20.0377643997,12.2587145259
389,85.0,10.0,40.0,0.0,55.4179040824,40.8195582386,5.44011607744,32.6955926531,23.3371240337,16.8145101923
390,85.0,20.0,40.0,0.0,59.4473171439,-1.40795135434,24.1793492184,26.1887429059,27.5142345902,12.2499513434
391,85.0,30.0,40.0,0.0,48.586284758,19.0603422706,-6.79026630877,20.302052165,17.2602444209,17.0088642475
392,85.0,40.0,40.0,0.0,51.6295919468,-16.9996281887,9.12455013919,15.9573799612,19.8169280913,12.8050155584
393,85.0,55.0,40.0,0.0,57.121453273,15.7764965245,-2.96481972215,27.9645434433,25.0472744957,22.159228471
394,85.0,70.0,40.0,0.0,60.7373987774,-6.15279308918,31.3663681928,26.3872020883,28.9499123303,10.6072392307
395,85.0,85.0,40.0,0.0,34.6220911299,2.94161706889,0.268580457217,8.3426458079,8.31086592753,6.79422320962
396,85.0,100.0,40.0,0.0,49.4716279166,-21.8049225164,10.7498877431,13.6215020036,17.9798246111,10.987716823
397,100.0,0.0,40.0,0.0,48.6261319079,-14.0103738412,6.09726888357,14.2832211787,17.2922107724,12.0514515593
398,100.0,10.0,40.0,0.0,53.266400973,-1.70724114575,-19.3278033987,20.1805302833,21.2908941202,27.5513395344
399,100.0,20.0,40.0,0.0,55.3465487472,0.916731446949,18.6357234337,22.6377487889,23.2672438637,11.7277735646
400,100.0,30.0,40.0,0.0,61.4094730486,13.9419929511,-8.08162149866,32.4005724788,29.7172327382,29.249196798
401,100.0,40.0,40.0,0.0,63.7219353439,21.4074122368,35.0471974106,37.5239787605,32.4608233919,11.0757990762
402,100.0,55.0,40.0,0.0,50.0742672152,-10.4690149101,-7.37725223641,15.9271640793,18.480899206,18.4070532018
403,100.0,70.0,40.0,0.0,51.44409028,-6.78175824027,-4.41062827075,17.6568623066,19.6543070027,18.133061178
404,100.0,85.0,40.0,0.0,55.7856516446,2.1088031267,2.06458590613,23.3237641675,23.6994885435,18.5922184518
405,100.0,100.0,40.0,0.0,60.5460344961,12.0416270969,8.63696722856,30.853737633,28.7338700072,19.3517305772
406,0.0,0.0,55.0,0.0,64.42608254,23.3425610043,15.9631905495,39.0777010428,33.328577512,19.0536826515
407,0.0,10.0,55.0,0.0,36.6054666656,-2.12014736506,-3.55011229721,8.74358002783,9.32649936772,8.63479318609
408,0.0,20.0,55.0,0.0,37.7661551093,-3.58459981573,3.53509816162,9.1633312332,9.95756096659,7.31147059564
409,0.0,30.0,55.0,0.0,38.9772846001,2.92293762358,0.727157501988,10.6502136616,10.6457408355,8.58324397444
410,0.0,40.0,55.0,0.0,40.5136789921,5.01045542383,10.4372067089,11.8528834873,11.5634326058,6.79171321645
411,0.0,55.0,55.0,0.0,41.2480134106,10.1759161398,5.7598951716,13.0848261326,12.0200782301,8.28089274422
412,0.0,70.0,55.0,0.0,50.1640147525,-4.31039511329,-21.7184961136,17.0946226519,18.5563084001,25.8264341316
413,0.0,85.0,55.0,0.0,49.9199091729,-9.86908230225,9.00159193616,15.9157752362,18.3516802296,11.8216840204
414,0.0,100.0,55.0,0.0,56.2255048474,7.26907301073,-13.2177690747,24.9447913968,24.1378059128,26.9551552981
415,10.0,0.0,55.0,0.0,57.9630027408,9.94982026641,24.3192005211,27.4107387771,25.9220673797,11.3370155052
416,10.0,10.0,55.0,0.0,65.1186722337,25.8525470115,-1.3891050349,40.8448172386,34.1970412789,29.0652528274
417,10.0,20.0,55.0,0.0,36.7623676952,-4.28729845504,2.22668384745,8.57063945308,9.41020015029,7.20808837079
418,10.0,30.0,55.0,0.0,36.8639070331,-0.358640853984,-2.36328048994,9.08367834059,9.46463357796,8.43266018466
419,10.0,40.0,55.0,0.0,39.3198801604,1.41463133972,7.1634348769,10.6460053518,10.8460030991,7.08037429118
420,10.0,55.0,55.0,0.0,39.774820681,5.93178878731,2.98600970403,11.5320802249,11.115796319,8.34356827464
421,10.0,70.0,55.0,0.0,42.0783061524,8.82832636005,13.4009673348,13.428686787,12.5506973631,6.72957751053
422,10.0,85.0,55.0,0.0,34.244917256,-3.60163467774,-1.93082768608,7.45183718663,8.12647939265,7.16360742859
423,10.0,100.0,55.0,0.0,38.8283925995,-5.13094108114,9.61298309123,9.53354292394,10.5594810217,6.3158159803
424,20.0,0.0,55.0,0.0,35.8012502686,1.32156708794,3.92325040224,8.74069186963,8.9052631665,6.42138369102
425,20.0,10.0,55.0,0.0,55.1144055166,12.7204285216,24.4096925386,25.1006471856,23.0408652467,9.76723004234
426,20.0,20.0,55.0,0.0,47.6340281527,0.894120946967,-13.1949914825,16.0747700494,16.5079931346,19.1499793236
427,20.0,30.0,55.0,0.0,49.0071265559,2.01216008677,7.11972906984,17.3397101378,17.599848997,11.926400834
428,20.0,40.0,55.0,0.0,54.4273001451,17.3325811328,-3.9014359281,25.4919694656,22.3794367523,20.3030569173
429,20.0,55.0,55.0,0.0,56.9355425091,24.1400602633,21.879000817,29.9256223619,24.8567122806,11.558824853
430,20.0,70.0,55.0,0.0,57.2687423989,38.3058632956,-0.0321258600591,34.2570053509,25.1989383574,20.8076267301
431,20.0,85.0,55.0,0.0,65.5440778453,-1.14721317725,34.2596077584,33.1706563553,34.7378799304,12.400264291
432,20.0,100.0,55.0,0.0,50.8553075734,19.4390497882,-11.3946531573,22.4540721275,19.1440449701,20.9586071114
433,30.0,0.0,55.0,0.0,55.2180639806,-19.3320051692,14.6702423788,18.3594199686,23.1417673248,13.0356108476
434,30.0,10.0,55.0,0.0,46.0289534779,4.70993792564,-19.2813217413,15.5371539022,15.2900672086,20.7435934499
435,30.0,20.0,55.0,0.0,44.2085031978,3.68398998162,16.2283235405,14.0661321541,13.9829731671,6.92828147133
436,30.0,30.0,55.0,0.0,37.7925616586,11.4909679404,2.29114168218,11.1179183174,9.97223975402,7.6332902592
437,30.0,40.0,55.0,0.0,40.8555085874,-3.31389369144,9.28054716421,10.8997258111,11.7745326584,7.20888671064
438,30.0,55.0,55.0,0.0,35.6346903688,3.74190970347,-2.96033818025,8.94095646771,8.81963807305,8.02748494372
439,30.0,70.0,55.0,0.0,38.5811948937,-8.11157385888,4.0748620382,9.04171956112,10.4172994758,7.52644907593
440,30.0,85.0,55.0,0.0,56.6433115637,37.7408398989,11.4871578415,33.3193441563,24.5591275282,15.1840275571
441,30.0,100.0,55.0,0.0,65.5609339856,-0.62874362492,14.8427737823,33.338847394,34.7594265947,20.5233799787
442,40.0,0.0,55.0,0.0,49.8971122153,16.1748465277,-0.562178967929,20.8734177399,18.3326472326,15.3520034064
443,40.0,10.0,55.0,0.0,56.6180714355,-15.8213483151,-0.496146317342,20.2484682008,24.5335370026,20.4843378592
444,40.0,20.0,55.0,0.0,44.2526983537,1.5282898375,-8.27959889371,13.7534051703,14.0137877552,14.5537327645
445,40.0,30.0,55.0,0.0,43.5219714242,5.42522326554,7.29212619868,13.8717642199,13.5100810165,8.9358243352
446,40.0,40.0,55.0,0.0,38.1215720703,10.568542081,6.96305537601,11.1859994255,10.1563402424,6.64058052078
447,40.0,55.0,55.0,0.0,40.6123423848,-0.672528135705,1.65871581234,11.1166480036,11.624101835,9.11039636624
448,40.0,70.0,55.0,0.0,35.9865230593,2.40540599054,1.57069776485,8.96230993413,9.00115724487,7.04325465017
449,40.0,85.0,55.0,0.0,38.3926386704,-5.29193150821,-2.98961654307,9.28349514559,10.3097091907,9.34634102656
450,40.0,100.0,55.0,0.0,54.228572051,35.3517085679,21.8232776778,29.8047645249,22.1905234288,10.086673616
451,55.0,0.0,55.0,0.0,65.3074687636,3.77604495988,-6.43939034716,34.2918036217,34.4363691906,32.5117439758
452,55.0,10.0,55.0,0.0,47.3778322031,13.6558460038,9.26591676711,18.2054699128,16.3094071025,10.3157284078
453,55.0,20.0,55.0,0.0,56.9883267616,-10.2670093371,-19.7931730605,21.7454350102,24.910718573,31.8579142264
454,55.0,30.0,55.0,0.0,43.6403495781,-2.13964938038,-0.0533317811396,12.7810710849,13.5908485664,11.2313289596
455,55.0,40.0,55.0,0.0,69.1208928165,17.3732260743,9.71085346096,43.7745753931,39.5125031013,26.5490845184
456,55.0,55.0,55.0,0.0,49.0293825644,21.3345618703,10.0224892269,21.1709070459,17.6179317763,10.976394306
457,55.0,70.0,55.0,0.0,59.9215411805,-1.48939625947,-4.52404559861,26.6678485729,28.0363245605,25.6152596629
458,55.0,85.0,55.0,0.0,43.3735510006,3.53325787583,-0.155573212089,13.4734865837,13.4092690267,11.1145697837
459,55.0,100.0,55.0,0.0,68.3284583309,4.48072378694,8.20942346833,38.4345112436,38.4192174478,26.6277133974
460,70.0,0.0,55.0,0.0,38.603832941,6.2527259841,11.009936097,10.8809520415,10.430266862,5.92603908357
461,70.0,10.0,55.0,0.0,59.1998359124,-8.03630564088,-3.96517564254,24.3656206462,27.2443663281,24.6056056943
462,70.0,20.0,55.0,0.0,35.6780117311,-4.41200846303,2.70421735909,8.02949886731,8.84185565891,6.65115328991
463,70.0,30.0,55.0,0.0,39.0978105248,-8.76088090812,-2.49143451229,9.23140454553,10.7159099637,9.55581988161
464,70.0,40.0,55.0,0.0,35.9947723682,3.64961804526,0.183167759896,9.1150963427,9.00544288113,7.38497911056
465,70.0,55.0,55.0,0.0,42.9643087007,-5.24510930649,2.79289072573,11.8969198609,13.1338988114,9.96801791703
466,70.0,70.0,55.0,0.0,37.3013458349,13.0331462802,5.95320393967,11.039278261,9.70153728347,6.54773357497
467,70.0,85.0,55.0,0.0,46.8755732458,0.331620350725,8.70976286092,15.4125815202,15.9247236724,10.2201536366
468,70.0,100.0,55.0,0.0,41.3942210859,2.31180609872,-1.24887219382,12.0104542795,12.1124091128,10.377189171
469,85.0,0.0,55.0,0.0,63.4490406873,-19.3790150095,-19.0917052344,26.0138846841,32.1286150665,39.2103546613
470,85.0,10.0,55.0,0.0,45.6890031355,18.0230578835,7.0347007501,17.6565649269,15.0400503187,10.1065577824
471,85.0,20.0,55.0,0.0,75.0017793293,-7.59589011234,-3.89802758199,43.9044070325,48.2809363815,42.8803272883
472,85.0,30.0,55.0,0.0,52.6748367593,41.8589746357,19.7910266327,29.7545740304,20.7500400666,9.89083496652
473,85.0,40.0,55.0,0.0,40.0847888054,-12.0569754724,5.45911549972,9.34789902301,11.3021560352,7.83353274021
474,85.0,55.0,55.0,0.0,35.5364811995,4.84337903882,-3.51481870252,9.02157589548,8.76940888138,8.12874370124
475,85.0,70.0,55.0,0.0,43.1476851931,-7.18629090147,12.1186151817,11.7326762288,13.2568178933,7.48377074431
476,85.0,85.0,55.0,0.0,37.0448251141,13.8263388797,2.2497665773,10.996704741,9.5621400019,7.32172343967
477,85.0,100.0,55.0,0.0,46.3472045958,-0.933058053058,19.3491736012,14.8168446832,15.5266223853,7.06361385274
478,100.0,0.0,55.0,0.0,42.2871323795,4.75349552511,-8.39289566786,12.9412129817,12.6865665027,13.3155314658
479,100.0,10.0,55.0,0.0,59.9754647963,-25.7852375489,2.91624858873,21.1838781338,28.0961057768,21.6681382716
480,100.0,20.0,55.0,0.0,46.8922137019,20.3571392075,-0.585062676549,19.0970707815,15.9373707843,13.3640018354
481,100.0,30.0,55.0,0.0,72.4348643663,-12.2452572755,20.4544643034,38.7405410189,44.3094719601,23.7319092612
482,100.0,40.0,55.0,0.0,52.7938296358,41.9720695205,10.9874016541,29.9202651468,20.8580878362,12.8567162907
483,100.0,55.0,55.0,0.0,43.4251463703,8.09664791465,-17.3446280321,14.2329040905,13.4442572112,17.7340856583
484,100.0,70.0,55.0,0.0,57.6314637431,-27.7440831542,19.3001380337,18.7432093294,25.5750407541,12.866757963
485,100.0,85.0,55.0,0.0,47.1390221928,21.09783701,-10.6370231314,19.4540001107,16.1257375746,17.5992620861
486,100.0,100.0,55.0,0.0,69.7482936482,-13.7879565262,40.1010414953,34.7519676709,40.3926635336,12.8991218085
487,0.0,0.0,70.0,0.0,54.4483867387,42.4971854437,0.997970293025,31.9969338515,22.3995446108,18.0301417435
488,0.0,10.0,70.0,0.0,54.7468478422,-12.4223065944,-15.1204311433,19.3095151234,22.6854456681,26.5772506558
489,0.0,20.0,70.0,0.0,34.7796073859,6.91179094175,3.95233616773,8.879957902,8.38868812408,6.0258423714
490,0.0,30.0,70.0,0.0,63.228677581,-2.02617008036,-3.47020946457,30.1807700134,31.8620161659,28.3443970847
491,0.0,40.0,70.0,0.0,46.7108705935,28.9549011604,13.0871273919,20.6751117874,15.7999066943,8.85259564091
492,0.0,55.0,70.0,0.0,58.6030215806,-20.5827383815,-11.3425495631,21.0339976061,26.6008359802,28.2819579176
493,0.0,70.0,70.0,0.0,44.1651297092,11.4007420619,3.07945494575,15.3082217671,13.9527754296,10.5173425592
494,0.0,85.0,70.0,0.0,68.0578004777,-7.99285129553,2.36253715421,34.3167798544,38.0504763041,29.885125392
495,0.0,100.0,70.0,0.0,50.528874298,34.8771768582,16.1501446619,25.6689798546,18.8649890476,9.87307670847
496,10.0,0.0,70.0,0.0,44.416773434,8.88894975515,-17.6898387926,15.0674120586,14.1285832943,18.6623852038
497,10.0,10.0,70.0,0.0,54.1739554255,31.2684152805,7.75001181535,28.6770325131,22.1387910996,14.9766133279
498,10.0,20.0,70.0,0.0,46.2458077144,-5.50863417385,-4.4789096298,14.0003186919,15.450991469,14.412386493
499,10.0,30.0,70.0,0.0,53.8583140142,5.00266741675,26.7915962994,22.1288415195,21.8413929498,8.47217374159
500,10.0,40.0,70.0,0.0,47.4943074201,-13.1298397598,-11.4237490266,13.6453927187,16.3994923081,18.2247796111
501,10.0,55.0,70.0,0.0,46.7856391869,-18.9574998418,7.48789001678,12.2969066287,15.8564875945,10.5517630909
502,10.0,70.0,70.0,0.0,55.7398913965,7.087271048,8.40917221393,24.4142197005,23.6541952316,15.8009889068
503,10.0,85.0,70.0,0.0,41.3340445297,-8.35598820743,2.13977698439,10.5016770764,12.074350275,9.32954446167
504,10.0,100.0,70.0,0.0,54.4746474322,40.9206891223,10.6569942622,31.5928630198,22.4246032487,14.0487630158
505,20.0,0.0,70.0,0.0,43.8461762133,9.03166650737,-15.3538996576,14.6818873297,13.7320461184,17.1783086275
506,20.0,10.0,70.0,0.0,37.5877816095,3.06269322801,-5.54108562082,9.88998389265,9.85878438807,9.6876180571
507,20.0,20.0,70.0,0.0,52.8032413813,34.1379585307,7.12793310302,27.9008341583,20.8666498486,14.2963208878
508,20.0,30.0,70.0,0.0,45.879811989,-7.03992192694,0.94778376125,13.5092985874,15.1800425474,12.1942755764
509,20.0,40.0,70.0,0.0,65.98558007,10.6427891012,16.0849212571,37.2141267692,35.3051819161,20.2747420212
510,20.0,55.0,70.0,0.0,46.305937371,-16.4727439118,0.756122126579,12.3581444378,15.4958118648,12.5175793621
511,20.0,70.0,70.0,0.0,44.2778820637,25.9293439805,4.99881017288,17.9990215939,14.0313670523,9.98583193647
512,20.0,85.0,70.0,0.0,54.5539546434,-7.29735662145,23.105293091,20.1723093855,22.5003936876,9.86846278419
513,20.0,100.0,70.0,0.0,40.0545945403,13.7375746047,-2.63641168103,12.844554626,11.2839116977,10.0933200236
514,30.0,0.0,70.0,0.0,47.7312758514,-17.4012186215,10.4267243318,13.1411239261,16.5837930963,10.1460285771
515,30.0,10.0,70.0,0.0,37.8531335584,4.51599932159,-7.32082904128,10.2228820043,10.0059647472,10.3668263069
516,30.0,20.0,70.0,0.0,64.8679166579,3.21102494701,21.6111648214,33.5824420831,33.8808889672,16.8668862083
517,30.0,30.0,70.0,0.0,52.7127257106,37.9888663465,15.2821095321,28.785964183,20.7844033559,11.3320364121
518,30.0,40.0,70.0,0.0,55.5686134204,-10.3744417885,7.93061598603,20.437795047,23.485177233,15.8764604288
519,30.0,55.0,70.0,0.0,47.1884733524,16.1668218486,2.13761063734,18.5300818795,16.1636568098,12.5669756851
520,30.0,70.0,70.0,0.0,51.2567861695,-18.9517340949,-2.33719785081,15.3447227995,19.491010935,17.0742695146
521,30.0,85.0,70.0,0.0,50.8051005789,35.1654692209,13.6168527929,26.0246941457,19.1009469712,10.8054527449
522,30.0,100.0,70.0,0.0,34.9340299357,0.822424577165,3.04460039827,8.25528259615,8.46545196892,6.28328784398
523,40.0,0.0,70.0,0.0,44.3093862342,10.8672408676,0.586101649304,15.3232040555,14.0533789897,11.4005336348
524,40.0,10.0,70.0,0.0,59.8463768602,-17.1647948939,-14.3032725863,22.9283620398,27.9531368793,31.4903720431
525,40.0,20.0,70.0,0.0,50.1591704459,35.2915332102,15.3002853914,25.3876908575,18.552232807,9.93705986363
526,40.0,30.0,70.0,0.0,71.2195863569,-14.0459557824,4.4400632598,36.5651946441,42.5077483021,32.057448981
527,40.0,40.0,70.0,0.0,44.811352484,12.1530286152,2.11518506352,15.9162052447,14.4072144235,11.182423278
528,40.0,55.0,70.0,0.0,59.9799119498,-23.4863474515,-10.3246083517,21.6759350811,28.1010398042,29.1119297693
529,40.0,70.0,70.0,0.0,59.5891494594,-26.7025681117,-2.37975961403,20.6445253432,27.6696973061,24.1040220079
530,40.0,85.0,70.0,0.0,64.5825672967,-3.38480197426,9.49503196723,31.3906806179,33.5234981785,22.3680874748
531,40.0,100.0,70.0,0.0,50.6302543104,-9.26117237851,-7.33115197363,16.5632259591,18.9513627645,18.8256013657
532,55.0,0.0,70.0,0.0,42.9949520338,16.7326288455,-2.37651023015,15.3571303739,13.1543862371,11.6324284669
533,55.0,10.0,70.0,0.0,37.8277098192,4.07239723899,0.590393552276,10.1513566491,9.99180016973,8.087939633
534,55.0,20.0,70.0,0.0,38.0498880681,6.97107715603,-6.31139018971,10.6569730657,10.1160374639,10.1601337735
535,55.0,30.0,70.0,0.0,42.9636930768,15.0598965834,8.57047048452,15.0519199549,13.1334874375,8.32037842909
536,55.0,40.0,70.0,0.0,42.5213247198,-3.00064155386,-6.49995507698,11.9450270896,12.8401021198,12.7766558752
537,55.0,55.0,70.0,0.0,62.8815767981,5.37850173505,10.4225628037,31.7842339474,31.4450856707,20.4259411066
538,55.0,70.0,70.0,0.0,58.984534112,-20.5349235046,-1.39910441651,21.3907858591,27.0110287267,23.0183482088
539,55.0,85.0,70.0,0.0,47.9859609716,-14.8598013633,1.56745210501,13.7066379436,16.7834068547,13.2661468495
540,55.0,100.0,70.0,0.0,60.4929041428,-0.0546045881709,6.99786165334,27.6365551491,28.6740792701,20.0893111513
541,70.0,0.0,70.0,0.0,47.4077583648,-1.70178323784,-7.99813398879,15.4570131743,16.3325212626,16.6554276912
542,70.0,10.0,70.0,0.0,49.6817886598,23.9526415797,0.699481228463,22.3350055752,18.1535240759,14.7027113328
543,70.0,20.0,70.0,0.0,37.6107708387,6.04069026887,-3.57992493666,10.2852191935,9.87147812678,9.12850139621
544,70.0,30.0,70.0,0.0,37.9312267294,-0.86330136959,-0.734171047766,9.58317870468,10.0495572623,8.4899001433
545,70.0,40.0,70.0,0.0,45.2826330775,-7.75053762376,-4.81066219736,13.0031292997,14.7447795323,13.9045359839
546,70.0,55.0,70.0,0.0,41.1131950642,9.08141056141,5.33011043021,12.8304908708,11.935356666,8.33375119494
547,70.0,70.0,70.0,0.0,51.4157800246,1.8548000274,4.0724455475,19.2934899866,19.6295671811,14.5529917633
548,70.0,85.0,70.0,0.0,44.8867659726,22.9389019192,13.3010061339,17.9299588619,14.4608810271,7.94673077546
549,70.0,100.0,70.0,0.0,55.9418917081,-22.903710187,6.94906845241,18.2730523779,23.8545700026,16.5563159938
550,85.0,0.0,70.0,0.0,50.0480035835,9.00796981822,5.25844985235,19.543465604,18.4588702386,13.2165301685
551,85.0,10.0,70.0,0.0,66.4780677701,-7.64048021317,25.2282912074,32.4747089637,35.945246533,16.5082575246
552,85.0,20.0,70.0,0.0,57.939342999,30.5693020827,18.3221894494,32.8697664274,25.8971990038,13.41537685
553,85.0,30.0,70.0,0.0,67.1384916533,-5.86887340806,21.0267944999,33.78534742,36.8156485416,18.8739494881
554,85.0,40.0,70.0,0.0,44.234883525,-1.32187869096,-0.537656821895,13.2962789832,14.0013611206,11.7329441018
555,85.0,55.0,70.0,0.0,59.5625331942,-10.5513462843,-13.0608739181,24.1462086237,27.6404786399,30.3760468405
556,85.0,70.0,70.0,0.0,50.0647592662,18.3244492521,11.1070133842,21.4782705075,18.4729222656,11.203914179
557,85.0,85.0,70.0,0.0,38.3991967547,0.94264501463,3.59398746211,10.0656312625,10.3134387448,7.56843110171
558,85.0,100.0,70.0,0.0,43.5925748699,3.82976692745,-0.0221382714965,13.6676825152,13.558214007,11.1941775693
559,100.0,0.0,70.0,0.0,57.182467327,-6.00172074251,-12.8455766094,22.8575326104,25.1100267211,27.7122577356
560,100.0,10.0,70.0,0.0,50.0852755086,26.7678559046,12.3073224786,23.3436397587,18.4901377674,10.8273155344
561,100.0,20.0,70.0,0.0,65.2566614391,12.0179567242,1.35442247481,36.6749238467,34.3718538366,27.5457624334
562,100.0,30.0,70.0,0.0,49.1158943296,25.9974524371,-8.5750509289,22.2490556708,17.6883393465,18.2008852806
563,100.0,40.0,70.0,0.0,47.0103572237,8.84515698854,-5.39753326968,17.0148123448,16.0273550408,15.2948726402
564,100.0,55.0,70.0,0.0,52.9936855385,-3.56852602258,-2.72166633986,19.5675125463,21.0404036399,18.5796261449
565,100.0,70.0,70.0,0.0,47.3731674526,-6.50867840474,15.2303125455,14.6262309743,16.3058061408,8.57571929631
566,100.0,85.0,70.0,0.0,52.0641663294,-7.71183624997,-4.20642752692,17.9839820547,20.2014071097,18.5256886109
567,100.0,100.0,70.0,0.0,50.9164489115,-11.2421050853,16.9185483285,16.4299765926,19.1966165616,9.84300217205
568,0.0,0.0,85.0,0.0,48.5713462487,-2.96453121726,-0.542382720918,16.1066005193,17.2482705463,14.4406455238
569,0.0,10.0,85.0,0.0,44.2810896083,-0.349559123782,9.01428439127,13.4780030447,14.0336071093,8.82009755928
570,0.0,20.0,85.0,0.0,47.29792422,18.9676616092,-1.78636305213,19.1677829757,16.247795212,14.0752787892
571,0.0,30.0,85.0,0.0,47.6216526493,25.1969670863,8.96759306002,20.7099203823,16.4983636171,10.5397353549
572,0.0,40.0,85.0,0.0,40.2738673035,12.4806346018,-0.353391020388,12.7975603785,11.4168506221,9.52340405277
573,0.0,55.0,85.0,0.0,45.8232097379,9.84057902687,-6.05125941831,16.2755938421,15.1384245052,14.7411597263
574,0.0,70.0,85.0,0.0,49.5685178638,3.85310848092,-4.35614288892,18.1369842824,18.059766578,16.6909962451
575,0.0,85.0,85.0,0.0,55.8053804302,-8.5976667232,-0.84397492499,21.0185443785,23.719033841,19.9736654623
576,0.0,100.0,85.0,0.0,50.5574971654,-9.84972620146,8.49918264065,16.4024607285,18.889348505,12.3728188794
577,10.0,0.0,85.0,0.0,49.6438824164,13.6619359244,6.51964944902,20.1305795022,18.1221119512,12.5146048717
578,10.0,10.0,85.0,0.0,46.9504239628,5.6135435326,13.8209519581,16.3874635161,15.9816645391,8.76324913134
579,10.0,20.0,85.0,0.0,44.8243703187,3.08063214047,-1.71553993036,14.3975695714,14.4164688249,12.4884647009
580,10.0,30.0,85.0,0.0,42.2466204864,-6.22517136597,4.29988200235,11.3223315271,12.6601318677,9.16078089827
581,10.0,40.0,85.0,0.0,41.3579040687,-4.04561004074,-7.75102693576,11.0948095815,12.0894307567,12.5091521101
582,10.0,55.0,85.0,0.0,60.3864311533,4.63996176017,15.4386280917,28.7155768843,28.5545086764,16.2081588144
583,10.0,70.0,85.0,0.0,65.7773598441,14.9931194402,27.0019883744,38.2831351697,35.0368689282,15.2777298382
584,10.0,85.0,85.0,0.0,59.7538114648,3.67519412826,18.022888385,27.7736126526,27.8509169699,14.719236529
585,10.0,100.0,85.0,0.0,56.0022261335,-5.15827831834,10.1805155594,21.9299345774,23.9146376119,15.2647844767
586,20.0,0.0,85.0,0.0,52.114110601,-14.4539401615,2.49366092534,16.7792597118,20.2459100462,15.6632963455
587,20.0,10.0,85.0,0.0,60.9215458285,14.8959695234,28.4999950266,32.0802901494,29.1588265321,11.6429636901
588,20.0,20.0,85.0,0.0,55.8139515397,20.6786208582,-5.22338390488,27.7789806229,23.7275285821,22.1614185212
589,20.0,30.0,85.0,0.0,51.3324702168,-6.70733559984,10.5751443499,17.5810952377,19.5568846986,12.1161768242
590,20.0,40.0,85.0,0.0,48.5352341947,2.40977414633,-15.663742045,17.0398266068,17.219348018,21.0924050062
591,20.0,55.0,85.0,0.0,58.7328089175,30.7030839115,25.4750103419,33.8833704271,26.7399105641,11.3936089021
592,20.0,70.0,85.0,0.0,58.0540212169,7.94126816911,-2.95532620516,27.0084526019,26.0178838673,22.9929349934
593,20.0,85.0,85.0,0.0,50.7547773279,8.84612755644,11.0822752878,20.1249873026,19.0578141334,11.6057035714
594,20.0,100.0,85.0,0.0,34.4518410458,0.0862959986474,1.2969793187,7.94299383416,8.22729535735,6.48923556497
595,30.0,0.0,85.0,0.0,69.8840311696,-15.5700106807,14.0353870685,34.4024260831,40.5847892373,24.8386174951
596,30.0,10.0,85.0,0.0,54.2122517806,-18.1986683501,-4.61289229962,17.7530840912,22.1750565962,20.4690791017
597,30.0,20.0,85.0,0.0,57.2791991076,6.91206991225,4.98353736226,25.9407462427,25.2097288619,18.4350683899
598,30.0,30.0,85.0,0.0,38.8113582411,5.30991695225,-9.09565953099,10.874427394,10.5496420625,11.4676162965
599,30.0,40.0,85.0,0.0,40.7337906712,17.2419086384,8.02657889026,13.8398075499,11.6990726565,7.46633227245
600,30.0,55.0,85.0,0.0,41.1582950208,18.6865543639,0.897327623751,14.3656569473,11.9636535897,9.60406750226
601,30.0,70.0,85.0,0.0,39.0787156267,1.48049317641,0.413668011756,10.5168892735,10.7047725899,8.71763315701
602,30.0,85.0,85.0,0.0,46.9797070369,7.27307012669,1.40555780339,16.7065043549,16.0039778121,12.6987809281
603,30.0,100.0,85.0,0.0,53.4123819263,-11.8315918694,-4.17999291775,18.3053414643,21.4257915559,19.5963674582
604,40.0,0.0,85.0,0.0,69.8725483527,-5.84858222798,16.5528752694,37.2947826187,40.5685126819,23.4546203593
605,40.0,10.0,85.0,0.0,54.2014394616,-6.78924418418,13.4196580162,19.9668091176,22.1648136461,12.8548015911
606,40.0,20.0,85.0,0.0,52.2464502991,-15.1238736637,-3.46240345253,16.7613225153,20.3641475165,18.3299027102
607,40.0,30.0,85.0,0.0,52.8774763585,14.8427709833,3.29766200581,23.3684284014,20.9342647096,15.8735988393
608,40.0,40.0,85.0,0.0,42.8620736068,4.53206201429,-8.54011842864,13.2864997881,13.0657006773,13.7375836898
609,40.0,55.0,85.0,0.0,40.4743124935,17.2581234463,3.68144974892,13.6657276333,11.5392847441,8.481480837
610,40.0,70.0,85.0,0.0,49.4545734205,-19.3859556508,7.71934168906,13.9928985269,17.9657777488,11.9850760342
611,40.0,85.0,85.0,0.0,43.6880420275,0.414290337504,-4.38903073584,13.2006279067,13.6234791259,12.7412338349
612,40.0,100.0,85.0,0.0,56.635541514,-16.0567580642,7.53547467316,20.2157596757,24.5512477154,16.8162316243
613,55.0,0.0,85.0,0.0,49.5603680033,18.8152971068,5.84624593665,21.1224022387,18.0530331811,12.7018832404
614,55.0,10.0,85.0,0.0,66.649619857,4.46003504477,26.3493462706,36.205034203,36.1700087235,16.1613131745
615,55.0,20.0,85.0,0.0,38.7344725712,3.3887742693,-10.5502496131,10.5730504564,10.5053093324,11.9122620832
616,55.0,30.0,85.0,0.0,42.8781175122,-11.781138995,7.47749888277,10.9336969792,13.0763874573,8.57646556404
617,55.0,40.0,85.0,0.0,40.1105577822,10.7887847005,-5.45418015037,12.4402886903,11.317742017,11.0084800495
618,55.0,55.0,85.0,0.0,49.2177817146,-1.25151328441,19.2880137815,16.9091159653,17.771500612,8.33791834136
619,55.0,70.0,85.0,0.0,45.1705275992,23.7409915069,1.54565036439,18.31439165,14.664008757,11.5751378681
620,55.0,85.0,85.0,0.0,52.3667231674,-22.0576231839,10.1975778335,15.63164007,20.4720025048,12.8758754172
621,55.0,100.0,85.0,0.0,47.5462958596,8.9338809213,-14.1383769035,17.4551749443,16.4398084715,19.5226240185
622,70.0,0.0,85.0,0.0,61.897059834,-7.05007941532,26.2651594552,27.4000452834,30.2823259603,13.0069104296
623,70.0,10.0,85.0,0.0,54.7303957192,31.8993553409,-1.1488584549,29.4650491751,22.6696229014,19.2384497001
624,70.0,20.0,85.0,0.0,51.6227409105,-15.9959922696,9.75178057077,16.1278606895,19.8109061974,12.5779632059
625,70.0,30.0,85.0,0.0,46.6815981748,11.8399832885,-13.4302020148,17.3036065545,15.7777915989,18.4998615111
626,70.0,40.0,85.0,0.0,62.0780030823,2.8489808491,26.8725010321,30.15819774,30.4938404929,12.9005231844
627,70.0,55.0,85.0,0.0,53.3339687091,34.6180028953,-0.797072313916,28.6072201357,21.3532612094,17.9734602758
628,70.0,70.0,85.0,0.0,47.2439955278,28.2116661132,-1.19252075656,20.9990227246,16.2063020962,13.815431393
629,70.0,85.0,85.0,0.0,42.8017576837,0.67647747508,-7.0769722122,12.6613483936,13.0255765793,13.1588995245
630,70.0,100.0,85.0,0.0,61.5164964814,16.3142817208,11.4165778115,33.1994188883,29.8406610209,18.8356096715
631,85.0,0.0,85.0,0.0,42.9430666964,-14.2959892373,5.86175148736,10.6335688983,13.1197093883,9.05792927957
632,85.0,10.0,85.0,0.0,59.6266549721,0.576245640869,5.29371272611,26.863467191,27.7109048548,20.1911220508
633,85.0,20.0,85.0,0.0,57.1739130399,-1.86055597853,29.4067909802,23.7791701248,25.1012224291,9.34202443353
634,85.0,30.0,85.0,0.0,43.8315121197,-9.18711801242,-6.88450849825,11.8676837872,13.7219543121,13.7435161728
635,85.0,40.0,85.0,0.0,49.292654231,12.3957322542,18.7789523004,19.5698176635,17.8327780012,8.51044723439
636,85.0,55.0,85.0,0.0,42.203063455,0.774473011616,-3.63247478285,12.2939006284,12.6317512256,11.5958033531
637,85.0,70.0,85.0,0.0,46.9135603245,29.5434068082,0.992826563309,20.9796469666,15.9536044881,12.8052423695
638,85.0,85.0,85.0,0.0,42.7119536728,25.5723254456,7.6450511732,16.6892066998,12.9659883886,8.4528337458
639,85.0,100.0,85.0,0.0,41.7690575299,-0.303493230038,-1.45841302471,11.8667868611,12.3512775012,10.6453501625
640,100.0,0.0,85.0,0.0,56.7051127438,24.9481831238,9.64599721851,29.8765572023,24.6218617833,15.977366265
641,100.0,10.0,85.0,0.0,49.0765057977,-17.1808225819,5.58300022562,14.0850522686,17.656259789,12.4999723143
642,100.0,20.0,85.0,0.0,56.1145652051,-0.63133492954,18.9807405787,23.0280032485,24.0267483941,12.0609348955
643,100.0,30.0,85.0,0.0,74.2340090747,-9.08929339998,34.148912302,42.2802915895,47.0691973454,18.4656435399
644,100.0,40.0,85.0,0.0,50.7414902955,35.3624324859,4.08254562586,26.0060404275,19.046436458,14.1012857485
645,100.0,55.0,85.0,0.0,60.7615179632,-26.0642273195,11.968351922,21.8455929197,28.9772184866,17.9917008467
646,100.0,70.0,85.0,0.0,44.3717998026,12.2919319638,-7.76757621684,15.6124993136,14.0970552542,14.4346812976
647,100.0,85.0,85.0,0.0,56.5602317063,-18.5578396566,-16.81892992,19.6442789944,24.4749613681,29.4832483157
648,100.0,100.0,85.0,0.0,43.3986278947,24.691824147,12.6381589251,17.0656209271,13.4262667398,7.46208401929
649,0.0,0.0,100.0,0.0,52.6279532275,-3.84328699561,0.629703997378,19.1999840224,20.7075716218,16.814575333
650,0.0,10.0,100.0,0.0,38.8127475042,9.79672311178,4.3436058114,11.4925306713,10.5504442648,7.55922164172
651,0.0,20.0,100.0,0.0,46.8693172876,-11.7780838539,-10.0502936831,13.4356052584,15.9199707378,17.1386484626
652,0.0,30.0,100.0,0.0,37.1571133659,0.933190069072,-1.12774647852,9.39325408689,9.6229936566,8.23669957989
653,0.0,40.0,100.0,0.0,74.2745642234,-9.43009952075,45.951952909,42.2248847382,47.1326908017,13.6133757267
654,0.0,55.0,100.0,0.0,47.3482221147,21.9489373861,6.50728160609,19.8049342287,16.2865585425,11.1764865188
655,0.0,70.0,100.0,0.0,60.2578616684,-27.2342912644,20.6763818082,21.1350818953,28.410567037,14.030396204
656,0.0,85.0,100.0,0.0,34.4087978962,-0.350454892863,0.128619511822,7.87502836316,8.2062558874,6.74100293899
657,0.0,100.0,100.0,0.0,73.9367057158,2.83080657791,47.3681025232,45.9331986406,46.6054772583,12.8827286918
658,10.0,0.0,100.0,0.0,48.2874062982,24.8331571157,-6.88934719964,21.2342276022,17.0217318764,16.8297306982
659,10.0,10.0,100.0,0.0,62.5322993814,-16.9420884709,24.6517927056,25.6497438884,31.0292281682,14.0099056303
660,10.0,20.0,100.0,0.0,44.0858180157,6.54012024252,-18.9738106011,14.4425706906,13.8976690858,18.9920610271
661,10.0,30.0,100.0,0.0,67.6091078667,-3.86809247967,6.21440128282,34.9572497386,37.4443934992,27.0696376732
662,10.0,40.0,100.0,0.0,64.4853787975,0.475086317133,4.74179408755,32.3422501,33.4023490023,24.8305973456
663,10.0,55.0,100.0,0.0,32.8111629839,0.519676164117,0.273800918422,7.23782214111,7.45046705056,6.08760878856
664,10.0,70.0,100.0,0.0,64.8827963794,1.17293010437,0.611371546583,33.0202800443,33.8995946906,27.6044457237
665,10.0,85.0,100.0,0.0,32.8241502825,3.27668070334,-4.01096086556,7.53129861836,7.45641572189,7.07432300284
666,10.0,100.0,100.0,0.0,37.1413360573,-9.81585089128,5.22401603042,8.12960202802,9.61442773533,6.6518864354
667,20.0,0.0,100.0,0.0,36.7205497253,14.8473181338,8.33051715274,10.9455225473,9.38784309862,5.80548169494
668,20.0,10.0,100.0,0.0,35.2627773581,2.53265186137,-1.32338748597,8.61174960617,8.6304298824,7.44569232611
669,20.0,20.0,100.0,0.0,38.4666886558,-4.1235113544,4.97907548354,9.46546454658,10.3518733682,7.25352933899
670,20.0,30.0,100.0,0.0,38.0914893989,7.59037257686,7.87198537667,10.763736892,10.1394139019,6.42137312853
671,20.0,40.0,100.0,0.0,49.5515512933,-25.2670794455,11.4374786175,13.1380833988,18.0457507195,10.8112251125
672,20.0,55.0,100.0,0.0,40.3484791778,8.57767408852,-12.3850489335,12.2659733624,11.4623226636,13.5552857526
673,20.0,70.0,100.0,0.0,57.0511859028,-16.0691822093,24.6083318549,20.5812073206,24.9751349828,10.7346351875
674,20.0,85.0,100.0,0.0,44.668886464,24.205418066,-3.29008809964,17.9917355874,14.3061937961,12.9533506625
675,20.0,100.0,100.0,0.0,65.3582964929,-2.48493118576,41.3549218705,32.5669215661,34.5009911824,9.98263160455
676,30.0,0.0,100.0,0.0,60.9922318087,-2.62166091865,33.4765186709,27.5323672743,29.2392857128,10.0891862383
677,30.0,10.0,100.0,0.0,61.7620987604,-2.42762556839,30.1075163469,28.4229671608,30.125200962,11.5899442006
678,30.0,20.0,100.0,0.0,32.9437683636,3.19508758985,-3.94813116791,7.57727216037,7.51135425796,7.10889024389
679,30.0,30.0,100.0,0.0,52.542197824,16.5678750942,17.0595288182,23.4314408202,20.6300419259,10.6631950917
680,30.0,40.0,100.0,0.0,50.0762519949,27.8520794343,-7.32457619282,23.5793487248,18.4825646781,18.3846393926
681,30.0,55.0,100.0,0.0,44.728880686,-5.61037110978,2.012045994,12.965632033,14.3486770873,11.1696750898
682,30.0,70.0,100.0,0.0,32.9542580716,2.01421829553,-1.95289492857,7.45736697059,7.5161848301,6.642146753
683,30.0,85.0,100.0,0.0,51.8866180487,15.3141616457,14.1253976712,22.5243120554,20.0437304362,11.2440981546
684,30.0,100.0,100.0,0.0,49.3265584154,25.3743959073,-0.0435125984044,22.311139389,17.8605722366,14.7539266011
685,40.0,0.0,100.0,0.0,45.1562300955,-5.48859729458,-0.173590275625,13.2661282554,14.6537288201,12.1506735118
686,40.0,10.0,100.0,0.0,41.8195733315,5.04463131327,-9.98208280739,12.6814772121,12.3837073416,13.6048720247
687,40.0,20.0,100.0,0.0,59.5355759936,-18.8704023456,-3.94761011192,22.258756993,27.6109066771,24.9169917552
688,40.0,30.0,100.0,0.0,48.1646725786,22.834164495,-1.16679589472,20.7053144567,16.9244272255,14.410945536
689,40.0,40.0,100.0,0.0,72.4737717845,-1.39072080708,15.193016316,42.3174824681,44.3679803012,26.7230333045
690,40.0,55.0,100.0,0.0,41.5277742956,4.3065023035,-5.33545761869,12.3851831673,12.197160758,11.7769579319
691,40.0,70.0,100.0,0.0,61.3372176926,-14.0581614477,-18.7542886885,25.1109978371,29.6340946347,36.2875796678
692,40.0,85.0,100.0,0.0,47.4319261508,24.6646760466,4.85763456237,20.431047647,16.3512037404,11.7723884103
693,40.0,100.0,100.0,0.0,73.712648259,0.733683633614,-2.09759271209,44.8607925502,46.2580225167,39.7416503421
694,55.0,0.0,100.0,0.0,76.2556027023,-2.72139857304,3.00073210747,47.5190098426,50.3042042745,39.2011919652
695,55.0,10.0,100.0,0.0,34.3231635878,0.948633419473,3.25076520122,7.97674401825,8.16450460915,6.00739395185
696,55.0,20.0,100.0,0.0,73.2365469507,0.748360242157,0.981625826979,44.1567359614,45.525455781,36.8488622381
697,55.0,30.0,100.0,0.0,38.0251185634,-0.265144223623,1.76798738489,9.70820902534,10.1021361719,7.8696411418
698,55.0,40.0,100.0,0.0,75.5091371298,-3.52785418246,5.24410006682,46.0812397041,49.0929820388,36.6005133226
699,55.0,55.0,100.0,0.0,56.6078089068,-0.421917375958,3.60019687909,23.5520439456,24.5231370894,18.5381466163
700,55.0,70.0,100.0,0.0,73.0806339773,0.26079200738,4.01090132799,43.7593407053,45.2872479472,34.5150287945
701,55.0,85.0,100.0,0.0,35.1880277797,-5.25822616879,-3.98973805915,7.70753070281,8.59273113923,8.09556082689
702,55.0,100.0,100.0,0.0,35.2115640172,13.8880826457,3.33657107808,9.96408457816,8.60458939442,6.32485698097
703,70.0,0.0,100.0,0.0,42.1767093993,-0.459410141654,16.3669435283,12.0974702418,12.6146002127,6.09944963276
704,70.0,10.0,100.0,0.0,63.6024627937,10.0868931515,2.39533140902,33.9911471111,32.3151030827,25.2915075165
705,70.0,20.0,100.0,0.0,45.7796795673,17.3632148595,11.718853441,17.6064277006,15.1064697916,8.78646707777
706,70.0,30.0,100.0,0.0,54.3963056116,-1.96234772722,-9.86233408374,21.1364733733,22.3499026804,23.3115299535
707,70.0,40.0,100.0,0.0,40.2634395702,2.17173374493,1.35542009278,11.3013558455,11.4105050579,9.02570002503
708,70.0,55.0,100.0,0.0,47.4742460054,-9.09451287373,-16.3749692356,14.2752594119,16.3839526593,20.539928941
709,70.0,70.0,100.0,0.0,66.7598821798,-2.99445950174,1.62590665868,34.1438770454,36.3149644595,28.9509891917
710,70.0,85.0,100.0,0.0,54.9028573986,14.1298253991,3.49261681889,25.2181890809,22.8358533519,17.2727048413
711,70.0,100.0,100.0,0.0,62.1325298168,19.1247932258,-5.30774763367,34.7772253567,30.5577723663,28.3126156181
712,85.0,0.0,100.0,0.0,55.4113556875,-7.16234387063,18.7113794179,20.9634681393,23.3307051939,11.7399397957
713,85.0,10.0,100.0,0.0,32.5743817939,3.31467318226,-2.91338173951,7.42203665773,7.34256632962,6.71289561554
714,85.0,20.0,100.0,0.0,38.0314452281,6.91455821573,11.1485989042,10.6388604522,10.1056856493,5.68858967256
715,85.0,30.0,100.0,0.0,59.5355468936,16.8185620995,7.46580453934,30.9679309261,27.6108747659,19.084178595
716,85.0,40.0,100.0,0.0,54.9410644517,-7.17117671649,14.9617790787,20.540455928,22.8727895601,12.7593936368
717,85.0,55.0,100.0,0.0,33.8957292864,1.73036172616,-1.24624551414,7.86080430532,7.95822395418,6.85589545475
718,85.0,70.0,100.0,0.0,37.3845667324,6.24208004975,9.96160023954,10.1848782605,9.74705012301,5.70352131952
719,85.0,85.0,100.0,0.0,50.9462964129,32.9323743908,15.0491684186,25.6341434471,19.2223154737,10.4304233367
720,85.0,100.0,100.0,0.0,60.1787450284,0.482521934031,2.75072946422,27.4315837635,28.3222318537,21.9310896767
721,100.0,0.0,100.0,0.0,34.157953544,2.5420222827,0.30930805629,8.07393805356,8.08435654387,6.59912150886
722,100.0,10.0,100.0,0.0,34.4161756005,-2.327947796,-0.854641467772,7.66502360073,8.20985955539,6.9757696152
723,100.0,20.0,100.0,0.0,50.3735177494,32.4006085845,16.7233364722,24.9230589033,18.7331382829,9.62246276828
724,100.0,30.0,100.0,0.0,61.0667507485,3.7376129325,-11.7633139365,29.2425402443,29.3242679281,31.207389237
725,100.0,40.0,100.0,0.0,34.3853539953,2.61238682466,0.786300803814,8.19082728759,8.19481162386,6.57962984354
726,100.0,55.0,100.0,0.0,33.9050306111,-0.849670473915,-4.19364750995,7.58774426006,7.96267538675,7.57827104397
727,100.0,70.0,100.0,0.0,43.8563307395,3.9504535131,-5.49237140081,13.8664331149,13.7390373462,13.2441182701
728,100.0,85.0,100.0,0.0,56.855821406,-1.22571373577,17.2190745124,23.6120534609,24.775293567,13.1352906837
729,100.0,100.0,100.0,0.0,57.526412735,-0.473814406849,17.7195159873,24.446521081,25.465732082,13.3751283311
730,0.0,0.0,0.0,20.0,56.8555102175,-0.821972540421,17.2135723563,23.7032951992,24.7749761008,13.1370959772
731,0.0,10.0,0.0,20.0,49.7964214396,-9.94888447144,6.70735877251,15.8094565498,18.2487387304,12.5411250863
732,0.0,20.0,0.0,20.0,49.1948116501,13.1194652804,10.5497952317,19.6302212224,17.7527295615,10.898500609
733,0.0,40.0,0.0,20.0,76.461005053,0.69376189013,0.894375651378,49.0883146856,50.640952079,41.0847518316
734,0.0,70.0,0.0,20.0,78.4821159376,-4.00140891687,5.34548404745,50.5848419233,54.0349637788,40.3378960993
735,0.0,100.0,0.0,20.0,41.6495914328,0.425911549127,-2.99114221783,11.8975129326,12.2748087321,11.0701458695
736,10.0,0.0,0.0,20.0,75.5884035922,0.612444879791,4.00715846264,47.6845187008,49.2206676093,37.5982600793
737,10.0,10.0,0.0,20.0,42.9744546412,-10.6183270929,3.91159322904,11.1489840175,13.1406797958,9.63864293621
738,10.0,20.0,0.0,20.0,45.7869622333,-1.04791121759,-14.7505863199,14.4009176708,15.1118127301,18.3986000126
739,10.0,40.0,0.0,20.0,48.0496367057,1.15894569254,12.3834692219,16.4378199657,16.833562839,9.72122824773
740,10.0,70.0,0.0,20.0,51.5178061207,13.206387199,-4.62808127306,21.7226283801,19.7188234592,18.2888007234
741,10.0,100.0,0.0,20.0,53.7005570648,16.2672321763,25.3519469213,24.5045732673,21.6937574238,8.79302864198
742,20.0,0.0,0.0,20.0,57.6701518306,2.52202449054,25.5967816166,25.2940252428,25.6153755243,10.7596739337
743,20.0,10.0,0.0,20.0,65.065793661,-7.11527318288,33.7192831763,30.941737508,34.1302091116,12.3010665451
744,20.0,20.0,0.0,20.0,53.1472637558,-8.32742798619,-22.1917291227,18.7603391313,21.1812228711,29.1655371503
745,20.0,40.0,0.0,20.0,38.3602181279,-5.78268674419,9.30290976026,9.20707909491,10.2912849782,6.20554350832
746,20.0,70.0,0.0,20.0,62.6171916835,0.202477438432,-11.546536954,30.0723306007,31.1299634503,32.8245478321
747,20.0,100.0,0.0,20.0,52.7180267577,-25.9176520665,11.7212230883,15.2315990938,20.7892141504,12.5493704031
748,40.0,0.0,0.0,20.0,49.9833269402,-11.8395950844,-8.90218195653,15.6221415368,18.4046965007,19.0369494142
749,40.0,10.0,0.0,20.0,38.1671445813,-5.55432124014,8.04395518559,9.13428733955,10.1820179763,6.41200839962
750,40.0,20.0,0.0,20.0,61.3862334874,-4.56207057082,4.64418820817,27.4716694172,29.6904760076,22.0276338586
751,40.0,40.0,0.0,20.0,53.1700607547,-24.9592014819,9.29854479425,15.7283517335,21.2021793415,13.7127752035
752,40.0,70.0,0.0,20.0,33.2881664402,0.941111682739,-1.61438768943,7.49588711494,7.67103597312,6.69702932824
753,40.0,100.0,0.0,20.0,57.9544356615,-1.79817553208,20.3973620139,24.5673642554,25.913060822,12.673966521
754,70.0,0.0,0.0,20.0,52.3147289888,14.9127768342,-1.43709814969,22.8426589694,20.4253299894,17.4774692005
755,70.0,10.0,0.0,20.0,34.8118523136,-3.79257778999,1.65151854464,7.69081679275,8.40467866367,6.54989483047
756,70.0,20.0,0.0,20.0,33.3152012396,2.06784552581,-4.23180973137,7.62767058119,7.68366569988,7.33433513575
757,70.0,40.0,0.0,20.0,58.8991253537,-1.65879053154,25.0560790272,25.559648916,26.9188356462,11.6285396892
758,70.0,70.0,0.0,20.0,53.3534022981,18.6209886859,-11.1774363531,24.7041353395,21.3712215324,23.0550842728
759,70.0,100.0,0.0,20.0,35.5818603102,-4.66573537331,2.29752933011,7.95600700202,8.7925943108,6.70694765335
760,100.0,0.0,0.0,20.0,79.9315350398,-0.594761906494,5.4503524859,54.3056554298,56.5601058908,42.2048493849
761,100.0,10.0,0.0,20.0,48.9082753519,13.6971486716,1.40392570304,19.4988939902,17.5196829211,13.9183302928
762,100.0,20.0,0.0,20.0,80.5195440935,0.588552597605,6.27528323865,55.7858297649,57.606543552,42.354540673
763,100.0,40.0,0.0,20.0,60.0812695154,0.0756822832904,5.54508267718,27.2251419771,28.2136506583,20.4500381874
764,100.0,70.0,0.0,20.0,51.5549141187,-8.20656531661,-4.0788117594,17.4807519228,19.7513539132,18.0697001484
765,100.0,100.0,0.0,20.0,64.4770676677,24.0237847406,-0.593182904565,39.3638659621,33.3920024301,27.9067675388
766,0.0,0.0,10.0,20.0,34.4929999058,0.546002208509,2.24613467605,8.01298339606,8.24744739255,6.29175660881
767,0.0,10.0,10.0,20.0,64.5460638879,23.5559827694,-1.20283461061,39.3096365876,33.4779609955,28.3468138081
768,0.0,20.0,10.0,20.0,48.2318660979,14.4719307231,2.12756246152,19.0752895577,16.9776529224,13.2163899444
769,0.0,40.0,10.0,20.0,47.9173392117,14.0606016941,1.85802944553,18.7302938474,16.7294666376,13.1170743624
770,0.0,70.0,10.0,20.0,51.2898213612,-12.6917372302,-15.6734806159,16.4583963968,19.5197458316,23.5549133827
771,0.0,100.0,10.0,20.0,52.593522219,17.1281956978,-8.36141616556,23.6079617407,20.6764199601,20.9405852493
772,10.0,0.0,10.0,20.0,56.1356695639,-3.99824805233,18.2658689778,22.3061185902,24.047848883,12.3207897094
773,10.0,10.0,10.0,20.0,43.6764147583,-4.88058102528,1.23320478803,12.3961293114,13.6155190891,10.8351021698
774,10.0,20.0,10.0,20.0,64.9099065719,15.8843648848,35.5819863611,37.3999960482,33.9336933858,11.5741608414
775,10.0,40.0,10.0,20.0,50.0911970316,-14.5002408075,-13.1707731957,15.2476437327,18.4951085988,21.1871275757
776,10.0,70.0,10.0,20.0,45.6669671281,28.2068771132,11.2986171788,19.6064419268,15.0239386488,8.84943167995
777,10.0,100.0,10.0,20.0,78.1496629835,-4.70504664059,0.172233613808,49.785019958,53.4665721637,43.9752402294
778,20.0,0.0,10.0,20.0,44.5938813155,11.217802827,-7.37172834994,15.5924194175,14.2531989812,14.4296689424
779,20.0,10.0,10.0,20.0,64.4728316982,-8.86897939546,-13.3254519314,29.7877354713,33.38672987,36.2714018507
780,20.0,20.0,10.0,20.0,52.9172288696,30.8488383661,5.24714693436,27.1986743966,20.9705321525,15.1103612421
781,20.0,40.0,10.0,20.0,71.7607701276,-8.85737297084,41.0375688908,38.8926734417,43.3039297223,13.8305557885
782,20.0,70.0,10.0,20.0,42.5688513568,7.29661775896,3.16187106433,13.5194700695,12.8714108405,9.65355870586
783,20.0,100.0,10.0,20.0,60.4431995389,-16.7352581885,21.8077709978,23.6014779697,28.6182188791,13.7242520167
784,40.0,0.0,10.0,20.0,51.5349886172,29.2751903686,18.6084909832,25.3672350437,19.7338819246,9.65718222303
785,40.0,10.0,10.0,20.0,64.1551647554,9.03538232364,29.7453486872,34.3768221877,32.9929056967,13.1566787306
786,40.0,20.0,10.0,20.0,48.1850146265,22.3303286444,-1.84106951611,20.6190973444,16.9405289208,14.6870034111
787,40.0,40.0,10.0,20.0,53.370530484,-12.4409161846,10.5656852248,18.1548362885,21.3870595729,13.3709033959
788,40.0,70.0,10.0,20.0,43.5171405677,4.41843637222,-12.2048037408,13.7091721596,13.5067918127,15.6127009995
789,40.0,100.0,10.0,20.0,63.8060570722,8.79834382903,34.2303500332,33.8726279241,32.5636887927,11.3908448543
790,70.0,0.0,10.0,20.0,49.5824328313,25.1608134435,-9.04834245865,22.5056248172,18.071266963,18.7843183358
791,70.0,10.0,10.0,20.0,53.6530201726,-12.8955383419,14.4096212055,18.3002370038,21.6494012229,12.173614363
792,70.0,20.0,10.0,20.0,44.3709613521,7.7025254735,-18.4867869224,14.8363217385,14.0964679178,18.9942006831
793,70.0,40.0,10.0,20.0,64.3972651577,24.6367533806,0.572787380587,39.4495713119,33.2927645679,27.1308846415
794,70.0,70.0,10.0,20.0,78.319148631,-1.28157467384,27.9618320483,51.3478493871,53.7558394516,25.1831236286
795,70.0,100.0,10.0,20.0,68.3276670095,-13.861252606,-10.8137373017,32.9677475146,38.4181359031,39.3110261903
796,100.0,0.0,10.0,20.0,67.4490849379,-13.8200519292,-12.1106465231,31.9194213502,37.2298056133,39.1467542143
797,100.0,10.0,10.0,20.0,63.5826670901,23.2486382289,15.2604487406,37.9079665014,32.2910005193,18.7057710449
798,100.0,20.0,10.0,20.0,62.9564829953,22.4315365495,14.4444816389,36.8266922659,31.5347518254,18.5847063919
799,100.0,40.0,10.0,20.0,80.0270292821,0.780727536057,4.92726992093,55.0138389837,56.7291809332,42.7515947018
800,100.0,70.0,10.0,20.0,59.9271198107,0.230367363459,4.57928398563,27.0984099517,28.0425052483,20.7937970415
801,100.0,100.0,10.0,20.0,59.4498510947,1.20705074908,4.5619354155,26.8310813474,27.5170069377,20.3985588775
802,0.0,0.0,20.0,20.0,59.6351665705,0.904625081948,4.47123811085,26.9536633002,27.7202622952,20.5991978057
803,0.0,10.0,20.0,20.0,38.7077320894,1.22459153613,-1.4739739152,10.273796098,10.4899197726,9.06741699171
804,0.0,20.0,20.0,20.0,54.5706324108,-15.2245437091,-14.3059069578,18.6127207051,22.5163536028,25.9321479554
805,0.0,40.0,20.0,20.0,41.8123002336,14.6696007523,5.92709668854,14.1717537308,12.3790347066,8.49812055465
806,0.0,70.0,20.0,20.0,63.9587851875,-5.20730753779,-0.67115122075,30.1716702261,32.7510021942,27.4195998377
807,0.0,100.0,20.0,20.0,46.561421953,32.3916680707,15.8499890649,21.2593281666,15.6872156195,8.03504439998
808,10.0,0.0,20.0,20.0,47.4885055054,23.9025912182,13.1759642179,20.3246747778,16.3949971132,9.20707474987
809,10.0,10.0,20.0,20.0,50.5661868052,-16.2393126621,-10.3695159782,15.2998619575,18.8967479599,20.2113358165
810,10.0,20.0,20.0,20.0,32.9464273749,1.31468889802,0.635255240487,7.38062131757,7.51257855242,6.0597314705
811,10.0,40.0,20.0,20.0,35.7840006986,-2.12228607357,0.142003483051,8.33634659082,8.89636989768,7.30546672012
812,10.0,70.0,20.0,20.0,48.2875387225,25.0872086219,12.6642708153,21.2879936686,17.0218370647,9.7597609345
813,10.0,100.0,20.0,20.0,56.718086098,-16.0734901226,-20.6314469114,20.2850689711,24.635044562,32.1028904918
814,20.0,0.0,20.0,20.0,33.3130719262,1.3023350548,-0.257123009035,7.54537536116,7.68267045546,6.39669164219
815,20.0,10.0,20.0,20.0,36.6207246806,-3.94579828803,4.78186871496,8.53967662839,9.3346170685,6.54724230557
816,20.0,20.0,20.0,20.0,47.7341407178,24.4867243357,10.1235652026,20.6631903451,16.586029635,10.240614391
817,20.0,40.0,20.0,20.0,55.5136964137,-20.3594475962,-6.97237605557,18.4067249847,23.431155805,22.801887094
818,20.0,70.0,20.0,20.0,36.1740356715,-7.39240320587,0.915554287415,7.93692217137,9.09890906449,7.28064387956
819,20.0,100.0,20.0,20.0,46.9474731186,21.7128508914,8.30457280938,19.4121111615,15.9794171901,10.3837544484
820,40.0,0.0,20.0,20.0,66.9163788372,-9.45816662437,6.50319039056,32.4947613243,36.5213660601,26.2058185094
821,40.0,10.0,20.0,20.0,42.7504473917,3.35060065407,-2.14943617193,13.031531523,12.9915080513,11.4163233573
822,40.0,20.0,20.0,20.0,35.0337104815,-4.9019979773,-3.30410734182,7.67441209123,8.51525129117,7.84757034283
823,40.0,40.0,20.0,20.0,47.4309768159,22.2107666986,10.957942207,19.9297707694,16.3504696052,9.82836453886
824,40.0,70.0,20.0,20.0,68.5708260338,-5.65235058383,-9.57669141254,35.6563878621,38.75143147,38.6968232697
825,40.0,100.0,20.0,20.0,42.0009344363,1.76029042842,-0.716324762966,12.3106998563,12.5006041712,10.537545736
826,70.0,0.0,20.0,20.0,71.5973277388,0.27014000773,5.69103157489,41.6141141459,43.0624371516,31.6638796305
827,70.0,10.0,20.0,20.0,44.5470633933,23.9410639808,10.2058280421,17.8430064592,14.2201862569,8.61734313984
828,70.0,20.0,20.0,20.0,61.2172500339,-10.9893877785,-7.34521845729,25.7178574136,29.4964007369,28.5922119692
829,70.0,40.0,20.0,20.0,39.2627719519,5.34463863557,0.598466755809,11.1440872547,10.8124478959,8.75434572636
830,70.0,70.0,20.0,20.0,53.496504133,-17.2118676619,-17.5071038515,17.36308146,21.5037849936,26.7117656269
831,70.0,100.0,20.0,20.0,47.5671978891,33.9720487483,14.0741614638,22.5330243668,16.4560362498,8.99006302484
832,100.0,0.0,20.0,20.0,65.557786639,-7.16142578806,2.74174661818,31.5077099864,34.7554027661,27.0319140662
833,100.0,10.0,20.0,20.0,41.8534813433,14.9955454079,3.65192580051,14.2530282904,12.4055072185,9.15224371042
834,100.0,20.0,20.0,20.0,54.9548282344,-17.1768865974,-10.4103428104,18.5555176168,22.8861052832,24.1260287892
835,100.0,40.0,20.0,20.0,39.7920719085,2.03751905459,-3.76895807224,11.0038849774,11.1261139021,10.3021116112
836,100.0,70.0,20.0,20.0,69.8994138865,-0.945846480036,15.3264851842,38.8574487818,40.6066006082,24.142225383
837,100.0,100.0,20.0,20.0,44.3957213852,23.7028169993,4.08406634925,17.6762114727,14.1138192489,10.3281981945
838,0.0,0.0,40.0,20.0,58.734998698,-12.200943117,1.72124708003,22.9668951462,26.7422611884,21.192671154
839,0.0,10.0,40.0,20.0,39.8733202856,7.35107637675,-5.19358165644,11.7929756454,11.1747926342,10.7935001909
840,0.0,20.0,40.0,20.0,50.6993642355,-19.5977515994,-8.94408441904,14.8325545688,19.0103938854,19.6374418076
841,0.0,40.0,40.0,20.0,66.5995792031,-4.30907539618,10.8798915291,33.566395833,36.1043505176,23.4706406097
842,0.0,70.0,40.0,20.0,64.6092163311,0.439215645962,8.79102683879,32.4815153869,33.5567683147,22.7591329506
843,0.0,100.0,40.0,20.0,60.6995615338,15.7437864067,29.7041442088,32.0500174563,28.9071100636,11.1187054323
844,10.0,0.0,40.0,20.0,58.6220893477,1.10119755068,-13.2486897877,25.9353090928,26.6212378963,29.4737058069
845,10.0,10.0,40.0,20.0,35.3448075335,1.24289224989,1.37196828218,8.50398196012,8.67192719378,6.82770025348
846,10.0,20.0,40.0,20.0,37.0002188936,7.25164788092,3.35183778103,10.101450686,9.53803742361,7.0352462991
847,10.0,40.0,40.0,20.0,58.0438673255,14.8003566985,23.462162937,28.7318698257,26.0071830353,11.6685836612
848,10.0,70.0,40.0,20.0,55.6662734508,-2.11768734531,0.47674397417,22.2750213983,23.5814496415,19.2328145194
849,10.0,100.0,40.0,20.0,33.9071517271,1.4262295597,1.1524304562,7.8331101884,7.96369074383,6.31038547784
850,20.0,0.0,40.0,20.0,36.7453018074,6.98507089418,7.21949431687,9.92691990923,9.40107196921,6.05225590636
851,20.0,10.0,40.0,20.0,52.436170354,38.5643364956,18.1467933957,28.6269159479,20.5344525211,10.2664173237
852,20.0,20.0,40.0,20.0,36.887877628,-6.192038624,2.23479051566,8.41445386597,9.47751433909,7.25896221307
853,20.0,40.0,40.0,20.0,46.3054723579,16.8254581077,5.1497608105,17.9302736164,15.4954649138,11.0333644308
854,20.0,70.0,40.0,20.0,75.4327796091,4.9657458011,20.3740852304,49.0293109022,48.9701913064,26.6767548989
855,20.0,100.0,40.0,20.0,53.4072981648,40.6379991354,21.3989553303,30.2690406443,21.4210842271,9.78736945768
856,40.0,0.0,40.0,20.0,35.6231246286,-4.07975308978,-2.50008456931,8.04005877505,8.81371282424,7.9024219885
857,40.0,10.0,40.0,20.0,46.7672782827,16.9470403404,7.23029599288,18.3313334218,15.8425805457,10.6229017444
858,40.0,20.0,40.0,20.0,77.3529879892,6.42979102621,2.58508518068,52.7078676315,52.1207554432,40.966054256
859,40.0,40.0,40.0,20.0,47.8048853021,-19.0326647186,7.50033473693,12.9407970623,16.6413221993,11.1094721438
860,40.0,70.0,40.0,20.0,42.2787999894,7.80780477148,-13.0781180805,13.40440164,12.6811264867,15.1036354603
861,40.0,100.0,40.0,20.0,53.9031590537,-7.8779542124,20.2378620493,19.489839717,21.8834827302,10.4021879929
862,70.0,0.0,40.0,20.0,47.7508530234,22.5603961717,-4.92431725351,20.2813895551,16.5990805752,15.6204600863
863,70.0,10.0,40.0,20.0,61.6919622385,6.9729011549,35.8538001643,30.8187320908,30.0437613503,9.73638206603
864,70.0,20.0,40.0,20.0,52.9889262384,-10.8835905569,-18.5610430275,18.1382075682,21.0360497334,26.8162394175
865,70.0,40.0,40.0,20.0,56.3092446682,5.1825927873,20.046570216,24.5416629793,24.2218609839,11.811898959
866,70.0,70.0,40.0,20.0,58.9646738482,-0.815487933807,-9.84655917155,25.8293746553,26.9895721387,27.756385869
867,70.0,100.0,40.0,20.0,49.3000497113,-12.3599120695,4.81738468902,15.0338244656,17.8388382647,12.909204136
868,100.0,0.0,40.0,20.0,68.3644982128,18.3893150505,4.35003169287,43.0120897855,38.4684967512,28.9771362352
869,100.0,10.0,40.0,20.0,48.0861568147,-14.833211457,-4.10361525717,13.7790116775,16.8623739695,15.5216770828
870,100.0,20.0,40.0,20.0,42.7399717256,5.4178165127,-9.74891096715,13.3420571809,12.9845598266,14.1149106295
871,100.0,40.0,40.0,20.0,54.5750164229,-5.40368466092,5.51577745763,20.5796272796,22.5205501685,16.1676952064
872,100.0,70.0,40.0,20.0,47.505772215,22.581846518,-0.103017672589,20.0703554354,16.4083773928,13.5768776656
873,100.0,100.0,40.0,20.0,62.7185787358,9.64542168892,17.7076923957,32.7784544244,31.2505571987,16.9519460085
874,0.0,0.0,70.0,20.0,54.8285698472,13.0632894514,20.8212747688,24.8914951899,22.7641506205,10.7203291208
875,0.0,10.0,70.0,20.0,51.5870771116,-14.4368579733,-17.7672077055,16.3759584968,19.7795782916,24.9812732991
876,0.0,20.0,70.0,20.0,51.1751476733,-17.2416931629,9.81539967914,15.5766315599,19.4201205658,12.285238047
877,0.0,40.0,70.0,20.0,54.3001166065,21.6081417136,-6.93271820621,26.3906233981,22.2584115689,21.7005783621
878,0.0,70.0,70.0,20.0,57.3882309972,-4.3860344682,24.3776480713,23.4166114487,25.3224248042,10.9946752679
879,0.0,100.0,70.0,20.0,44.9975400141,1.70521912808,-14.754967055,14.2953904253,14.5399527121,17.7880356467
880,10.0,0.0,70.0,20.0,47.7225697821,-14.3787690798,5.59486357601,13.6037938701,16.576997692,11.6927748178
881,10.0,10.0,70.0,20.0,51.6015021154,18.3454005183,2.56210513606,22.9221320943,19.7922455679,15.2772269457
882,10.0,20.0,70.0,20.0,59.2722438077,-5.58614692099,23.0931862463,25.0099788679,27.3231407274,12.5241415878
883,10.0,40.0,70.0,20.0,45.732869802,-0.886851828992,-10.2293805645,14.3891790306,15.0721577981,16.37739533
884,10.0,70.0,70.0,20.0,47.5868750617,0.934934182881,-10.0271541885,16.0463209423,16.4713228373,17.6710649604
885,10.0,100.0,70.0,20.0,62.1664869857,3.21259073385,24.6613310546,30.3572365079,30.5976318134,13.7683296331
886,20.0,0.0,70.0,20.0,35.021442751,6.09447438389,2.11670305705,8.90654023304,8.5091119552,6.52618943352
887,20.0,10.0,70.0,20.0,52.6324439409,-14.3449445068,8.21308499063,17.2053661051,20.7116369268,13.7721716269
888,20.0,20.0,70.0,20.0,48.5053960775,4.28352879526,-19.3419496685,17.3597607924,17.1954747612,22.9525521746
889,20.0,40.0,70.0,20.0,61.1160997587,3.24025393994,29.0861275755,29.1682660858,29.3806366124,11.5590687468
890,20.0,70.0,70.0,20.0,34.6797862928,7.06025752693,-0.500307687988,8.846751453,8.33931458227,6.99967767326
891,20.0,100.0,70.0,20.0,51.7636817563,-15.7412718585,10.9502590167,16.279770055,19.9350355676,12.2435128746
892,40.0,0.0,70.0,20.0,58.4957139883,20.2845423378,0.682035755182,30.6930622183,26.4862145714,21.5076028715
893,40.0,10.0,70.0,20.0,53.3664441992,7.95366289638,21.528485361,22.3095187841,21.3832803686,9.72774178944
894,40.0,20.0,70.0,20.0,51.5925554018,5.84320504916,-9.96992840713,20.2490499973,19.7843883999,20.8824479128
895,40.0,40.0,70.0,20.0,45.6435416557,-8.39082692888,7.49969267845,13.1428917424,15.0068236908,9.94159584053
896,40.0,70.0,70.0,20.0,46.3895614921,-4.47983315406,-17.4820128899,14.2654361459,15.5582889099,20.1684455794
897,40.0,100.0,70.0,20.0,57.2440522823,17.3079826577,24.4749914463,28.4899707439,25.1734723098,10.8833579787
898,70.0,0.0,70.0,20.0,54.0702206017,11.4216509277,-2.35187447087,23.757385452,22.0407559944,19.2688397167
899,70.0,10.0,70.0,20.0,49.8324014484,-0.370544647324,11.2555986265,17.5571039387,18.2786924367,11.0252994032
900,70.0,20.0,70.0,20.0,47.7097222585,-2.67299219887,-12.6695022774,15.5134834663,16.566973123,18.9659497977
901,70.0,40.0,70.0,20.0,44.3392320639,-10.876977821,1.08023062854,11.9392010692,14.0742534698,11.2547313169
902,70.0,70.0,70.0,20.0,44.0229463178,3.66886267807,-15.684113206,13.9358798301,13.8540886145,17.4558571119
903,70.0,100.0,70.0,20.0,67.7314229663,-7.72459477506,-4.21422675124,33.9870343391,37.6089707226,33.8289965458
904,100.0,0.0,70.0,20.0,46.8854074733,17.6410077319,6.73498906937,18.5624431325,15.9321970922,10.8450053446
905,100.0,10.0,70.0,20.0,54.176882879,-28.0364450891,12.687464115,15.9474216458,22.1415619132,13.1035975233
906,100.0,20.0,70.0,20.0,53.6223261103,40.5681679318,20.9415411142,30.4986394138,21.620793047,10.0369073522
907,100.0,40.0,70.0,20.0,64.4878112013,-0.871044342164,17.5923608048,31.9706389462,33.4053775197,18.3530791278
908,100.0,70.0,70.0,20.0,49.4766190335,26.4411157098,2.41388905536,22.6868761766,17.9839369076,13.9069750507
909,100.0,100.0,70.0,20.0,74.8159898206,-9.40215473088,49.7121944111,43.0177252064,47.9858281777,12.5878359942
910,0.0,0.0,100.0,20.0,43.8478505247,9.42291041461,1.80820103756,14.747720202,13.7331986915,10.7460026493
911,0.0,10.0,100.0,20.0,56.7624860772,-13.0787886913,23.0826346998,20.9441021449,24.6801968828,11.0646125248
912,0.0,20.0,100.0,20.0,48.9176397478,24.085503546,13.7120256331,21.6523385658,17.5272667731,9.77128504027
913,0.0,40.0,100.0,20.0,69.0147033872,-6.64352955602,16.647998236,35.9319372519,39.3648104069,22.6223688019
914,0.0,70.0,100.0,20.0,44.2462366494,12.2484785592,-12.7386085072,15.5122261894,14.0092795799,16.3546927481
915,0.0,100.0,100.0,20.0,61.4212455528,-12.7104912225,3.80750052183,25.5165823039,29.7307930729,22.4911655491
916,10.0,0.0,100.0,20.0,53.2655387998,32.8354021585,-3.35861609099,28.0758673972,21.2900990936,19.0907370577
917,10.0,10.0,100.0,20.0,66.9146420659,15.3285079894,34.6423609887,39.9434456009,36.5190711721,13.1060501363
918,10.0,20.0,100.0,20.0,51.8812261,10.5473911577,-4.00685201521,21.4894422843,20.0389548477,18.2912291124
919,10.0,40.0,100.0,20.0,35.8060137245,-2.4006647028,3.02132277148,8.31560691396,8.90772007991,6.62891131397
920,10.0,70.0,100.0,20.0,59.2318856588,33.6883492313,9.6604067686,35.3848402209,27.2792153626,17.844430991
921,10.0,100.0,100.0,20.0,66.8987572206,15.783863976,39.59633499,40.0679600276,36.4980861451,11.3796930723
922,20.0,0.0,100.0,20.0,52.5449649841,14.2358998324,-13.5477409041,22.9126197836,20.6325406318,23.5754715889
923,20.0,10.0,100.0,20.0,36.2862644758,-3.23201939908,3.51022791065,8.45628080747,9.15775200097,6.70736369431
924,20.0,20.0,100.0,20.0,59.8506549677,34.7552584721,-1.34035319033,36.5037583183,27.957867228,23.7847467034
925,20.0,40.0,100.0,20.0,42.2150046499,2.73923943654,-2.05611945165,12.5917735398,12.6395275767,11.0830694537
926,20.0,70.0,100.0,20.0,71.8624667605,-12.5913285796,-1.2961367319,37.8610481518,43.4546452065,36.7828510423
927,20.0,100.0,100.0,20.0,45.8428349875,6.76020672779,4.20577541745,15.7519465014,15.1528457726,11.080792448
928,40.0,0.0,100.0,20.0,60.3904256087,-23.27400432,-16.9771678045,22.1026069969,28.5589884907,33.9014852654
929,40.0,10.0,100.0,20.0,53.1483260369,30.525904714,18.575683759,27.366531206,21.1821990815,10.514847747
930,40.0,20.0,100.0,20.0,49.3264319353,-11.9620207404,-14.3919736592,15.1197317915,17.8604684961,21.1384841934
931,40.0,40.0,100.0,20.0,41.9280688758,2.38112061855,0.550390750244,12.3557534879,12.4535504616,10.1065396461
932,40.0,70.0,100.0,20.0,55.2838835678,-4.33001766517,-6.68205660249,21.4446466324,23.2059893624,22.4432775181
933,40.0,100.0,100.0,20.0,46.7918411507,20.6079037503,10.8608170327,19.0613405132,15.861186969,9.53035276516
934,70.0,0.0,100.0,20.0,64.6858540968,10.1235890082,5.68648696498,35.3681542625,33.6525698242,24.4991332458
935,70.0,10.0,100.0,20.0,41.0511043,-0.0716310372572,-8.29472385684,11.4616949477,11.8964723042,12.514336871
936,70.0,20.0,100.0,20.0,49.9122870024,-11.5351017886,-9.62098244946,15.6218469451,18.3453150754,19.3159337533
937,70.0,40.0,100.0,20.0,44.8908117483,13.292922739,0.104000130711,16.1756763161,14.4637638884,11.8986865015
938,70.0,70.0,100.0,20.0,59.1545214257,2.18484955296,3.20021601921,26.7583594347,27.1951446505,20.8170151083
939,70.0,100.0,100.0,20.0,50.2446147106,30.9110769586,9.75433416808,24.4460183842,18.6242060505,11.7564325812
940,100.0,0.0,100.0,20.0,51.6164136217,-22.8702344573,-2.45374979698,14.9458411627,19.8053457486,17.3952079377
941,100.0,10.0,100.0,20.0,41.2032478917,8.20627421142,-9.6887083065,12.7571976683,11.9919026992,13.1064419424
942,100.0,20.0,100.0,20.0,60.0005855747,-15.577798962,9.17569700875,23.4320151067,28.1239843601,18.663812212
943,100.0,40.0,100.0,20.0,46.0071370673,24.3384157737,-0.155452357909,19.129778421,15.2739397202,12.6576529028
944,100.0,70.0,100.0,20.0,67.05406819,-1.76863739193,24.3940860858,34.8711450266,36.7036083992,17.2940485725
945,100.0,100.0,100.0,20.0,38.8323910392,5.08282538759,-9.75324553606,10.8560126272,10.5617913864,11.6995766317
946,0.0,0.0,0.0,40.0,49.8704422603,-19.8347576841,11.19010638,14.2086860183,18.3103974098,11.0677561883
947,0.0,20.0,0.0,40.0,42.1887599097,15.9802607918,-5.29725721027,14.6496686233,12.6224406627,12.1532066753
948,0.0,40.0,0.0,40.0,60.9282193049,-10.2243097964,29.5420525399,25.6027836573,29.1664163805,11.3006684566
949,0.0,70.0,0.0,40.0,47.3535469335,33.414951957,3.99877722064,22.2101566681,16.2906658525,12.0186589062
950,0.0,100.0,0.0,40.0,57.2061819931,-20.9288378929,-6.03665944765,19.7271792948,25.1344452289,23.8587444263
951,20.0,0.0,0.0,40.0,35.1884303298,7.29347172402,3.39375562488,9.13531020228,8.59293386427,6.30320233466
952,20.0,20.0,0.0,40.0,69.2378454382,-6.22033312676,10.3885121084,36.348487235,39.6755926592,26.2734038108
953,20.0,40.0,0.0,40.0,43.1572219947,5.19173492728,-0.669785843643,13.5869111876,13.2632314002,11.1605657059
954,20.0,70.0,0.0,40.0,59.7593755888,-15.4274403676,-21.0671755769,23.2322175168,27.8570543774,35.9966672758
955,20.0,100.0,0.0,40.0,35.503723605,7.83651491797,4.13514654274,9.36592198844,8.75269748504,6.25923377569
956,40.0,0.0,0.0,40.0,71.6685937946,-2.54060045355,-6.38605221235,40.7923909947,43.1676248628,40.3256728897
957,40.0,20.0,0.0,40.0,43.6675850415,4.64953828414,1.08756725825,13.8482619577,13.6094763305,10.8768560764
958,40.0,40.0,0.0,40.0,48.8937603544,34.1651335429,1.56042611557,23.8555564889,17.5079321256,13.849853264
959,40.0,70.0,0.0,40.0,63.1417056488,-10.5031657809,35.2248091352,27.8808997767,31.7572033488,10.6979483069
960,40.0,100.0,0.0,40.0,44.1075028795,17.7874717282,-8.43007799778,16.3732591614,13.9127214483,14.5148963013
961,70.0,0.0,0.0,40.0,53.0217809393,-23.632762082,16.1625008541,15.8473617203,21.0661181379,11.217922737
962,70.0,20.0,0.0,40.0,40.1936151551,5.39089692571,-15.3982796376,11.7105461582,11.3680755428,14.6005963821
963,70.0,40.0,0.0,40.0,68.7644410634,-2.74137715521,39.6837013253,36.7844937647,39.018191886,12.4451890459
964,70.0,70.0,0.0,40.0,46.0074790277,24.9936057922,-2.37488046514,19.2593019739,15.2741924223,13.4614756449
965,70.0,100.0,0.0,40.0,58.1771495008,-17.7358299284,20.9037749583,21.246723657,26.1478781642,12.6305583807
966,100.0,0.0,0.0,40.0,41.6288541757,8.56515559818,-11.4410717693,13.0895314785,12.2615673037,14.0298169562
967,100.0,20.0,0.0,40.0,50.533684614,-25.0276371121,8.43827285776,13.8352682954,18.8690813965,12.3797557206
968,100.0,40.0,0.0,40.0,48.9405123226,34.6201761438,4.74264805648,24.0055698835,17.5457995627,12.7142875409
969,100.0,70.0,0.0,40.0,64.0798374909,-9.89217782047,15.7700708504,29.0751085618,32.8999760458,18.866165222
970,100.0,100.0,0.0,40.0,43.5617028305,17.2809482884,-5.04780297829,15.8712444204,13.5371533506,12.8989601681
971,0.0,0.0,20.0,40.0,53.8484460737,-20.984510316,-0.374992623738,16.9502523606,21.8321385414,18.1825978707
972,0.0,20.0,20.0,40.0,40.4095211914,4.0837228881,-12.356136676,11.6572009772,11.4996142553,13.583643997
973,0.0,40.0,20.0,40.0,64.4464051937,9.76493207666,9.70474894815,34.9574513686,33.3538490265,22.1384517373
974,0.0,70.0,20.0,40.0,47.6351021583,20.2470926534,4.28281269696,19.7113696561,16.5088290071,12.087799301
975,0.0,100.0,20.0,40.0,55.1018672532,-4.96553702132,-2.74868304197,21.1444722683,23.0286803102,20.3080601281
976,20.0,0.0,20.0,40.0,42.4417837753,2.19662081698,-6.06113734947,12.6566455423,12.7878172645,12.5722006445
977,20.0,20.0,20.0,40.0,48.4847685994,-13.0954542859,-10.684017109,14.3327760685,17.178983775,18.6660440885
978,20.0,40.0,20.0,40.0,48.9574967864,27.3232635019,16.2946033546,22.3893132339,17.5595698857,9.04002329596
979,20.0,70.0,20.0,40.0,59.0557875571,1.79877080918,-0.720032463736,26.5590697224,27.0881029521,22.7256805232
980,20.0,100.0,20.0,40.0,44.4012673674,10.5529029791,5.76549731804,15.3370763609,14.117707712,9.8190214906
981,40.0,0.0,20.0,40.0,50.1498212742,-10.4476318531,-12.6174039195,15.9876867394,18.5443688858,20.9617818164
982,40.0,20.0,20.0,40.0,40.243089758,-1.73611619421,-1.29244921249,10.7567167416,11.3981284064,9.78572424079
983,40.0,40.0,20.0,40.0,36.2756401459,14.0483977693,7.70972343858,10.5811651706,9.1521706952,5.77467796682
984,40.0,70.0,20.0,40.0,62.4455241009,-23.1611440472,-1.1960450697,24.104143677,30.9264833394,26.2005559761
985,40.0,100.0,20.0,40.0,45.6483868386,5.81631352115,2.45030303506,15.4458500394,15.0103625783,11.5481735154
986,70.0,0.0,20.0,40.0,41.4388688722,0.176995086472,10.9767376233,11.7323492556,12.1406983574,7.04194856482
987,70.0,20.0,20.0,40.0,36.976285019,15.071455327,8.65930720902,11.1264254133,9.52512167777,5.82916682049
988,70.0,40.0,20.0,40.0,65.2894838917,-18.1438169967,-17.4551853581,28.2919818143,34.4135227026,40.3799643707
989,70.0,70.0,20.0,40.0,45.8805901567,5.71228026642,4.57167598057,15.5993986652,15.1806152431,10.9834465416
990,70.0,100.0,20.0,40.0,40.9192939765,1.11103571374,4.17605547502,11.5478619292,11.8142061781,8.55573205133
991,100.0,0.0,20.0,40.0,52.6430747652,41.9224164502,17.9661206068,29.7351696397,20.7212628064,10.4330820155
992,100.0,20.0,20.0,40.0,44.6987180478,1.33878486196,-15.5630507517,14.0289356347,14.3273077309,17.9186787211
993,100.0,40.0,20.0,40.0,64.085469529,21.8654367682,30.079731338,38.1519244443,32.9069181285,12.9919451005
994,100.0,70.0,20.0,40.0,53.7334258237,-17.2082896641,-15.3648011708,17.5528322951,21.7244623371,25.7127523088
995,100.0,100.0,20.0,40.0,78.6926537718,-3.43769360771,48.7303403441,51.1405225332,54.3969933568,15.4956319279
996,0.0,0.0,40.0,40.0,42.5065081859,5.88358880922,-16.7569286335,13.2585700005,12.8303519486,16.7871022247
997,0.0,20.0,40.0,40.0,58.5924863904,-29.2676642562,17.2641780164,19.2562283446,26.5895681273,14.2368627419
998,0.0,40.0,40.0,40.0,46.9894488441,19.4123895319,-9.59971658833,18.9939297781,16.0114055278,17.033184981
999,0.0,70.0,40.0,40.0,71.4632057185,-14.1021493636,40.6431480686,36.8672804658,42.8649385785,13.7859714179
1000,0.0,100.0,40.0,40.0,54.2388015264,43.3656855971,3.6974718285,31.9872611563,22.2002216388,16.6903985144
1001,20.0,0.0,40.0,40.0,38.2407749685,17.8348242475,9.79119171871,12.2911926322,10.2235962513,6.05371007053
1002,20.0,20.0,40.0,40.0,34.8912138875,2.02898926303,-6.74426042772,8.37067526501,8.44412128308,8.70052192326
1003,20.0,40.0,40.0,40.0,42.1122783999,8.3958820355,15.0713847059,13.3842766366,12.5727344133,6.36132408802
1004,20.0,70.0,40.0,40.0,38.1371584983,-4.3498986538,-6.48703787788,9.26416352611,10.1651175184,10.2603610374
1005,20.0,100.0,40.0,40.0,47.2668483248,-0.9657834236,22.0389022657,15.4789841545,16.2238765634,6.80148385767
1006,40.0,0.0,40.0,40.0,45.2474778724,-8.32156015036,-6.26786397069,12.8935070149,14.7194187528,14.438583043
1007,40.0,20.0,40.0,40.0,46.7857996208,-4.11875892518,-9.80381030571,14.602903246,15.8566091474,16.9697039087
1008,40.0,40.0,40.0,40.0,50.3305527804,1.25391313852,1.69874683509,18.267482587,18.6967827677,14.7495137811
1009,40.0,70.0,40.0,40.0,53.7655291858,9.92682061007,0.474004863328,23.1245682515,21.7544801972,17.738355147
1010,40.0,100.0,40.0,40.0,57.4321765969,18.4157943274,14.2940930768,28.9852549568,25.3679420059,14.6120233845
1011,70.0,0.0,40.0,40.0,43.6130709182,4.56107908456,-17.1112366758,13.7970072499,13.5722083039,17.7743575899
1012,70.0,20.0,40.0,40.0,67.7234012561,-18.1223739823,35.1435946845,31.0634117595,37.5981626167,13.4329566165
1013,70.0,40.0,40.0,40.0,48.2236493555,18.0156003776,-10.2747646368,19.7727382234,16.9711382515,18.2738924903
1014,70.0,70.0,40.0,40.0,55.2489808211,-30.6644211931,14.4882783848,16.2973952852,23.1719189857,13.1208929134
1015,70.0,100.0,40.0,40.0,54.6783822958,40.5651868036,2.93585149814,31.7367967553,22.6196475918,17.3468764096
1016,100.0,0.0,40.0,40.0,49.2025784735,-8.8385257773,-10.8716100792,15.559599509,17.7590751006,19.3286260051
1017,100.0,20.0,40.0,40.0,36.9095493225,0.226034673876,5.84288581331,9.17759991284,9.48916982498,6.41940422589
1018,100.0,40.0,40.0,40.0,57.6400768113,6.67733162062,0.959230385878,26.2604976225,25.584016754,20.6346465367
1019,100.0,70.0,40.0,40.0,52.8737372694,-21.8424337235,7.73440216462,16.0482169259,20.9308555764,14.1105998954
1020,100.0,100.0,40.0,40.0,51.5817005508,-4.90868787315,-22.4791966854,18.1209806201,19.774858263,27.6985808734
1021,0.0,0.0,70.0,40.0,37.1404637239,0.347109402971,7.3303978129,9.31290503845,9.61395427062,6.17680731092
1022,0.0,20.0,70.0,40.0,59.1669189096,10.4874876272,-11.5758401519,28.8683315792,27.2086051974,29.0190348052
1023,0.0,40.0,70.0,40.0,53.0501399413,-22.0223774668,11.5572134604,16.150035158,21.0920951369,12.8109344307
1024,0.0,70.0,70.0,40.0,73.4751671951,-10.9324950293,6.90191707834,40.595472528,45.8916410596,33.0071087294
1025,0.0,100.0,70.0,40.0,54.3733616439,-19.5107639654,9.44632863928,17.6376836389,22.3280565768,14.4463633477
1026,20.0,0.0,70.0,40.0,60.3697938254,12.3347912951,-0.653077657349,30.7276478503,28.5358548166,23.8971477929
1027,20.0,20.0,70.0,40.0,44.5754528207,1.40686925553,-0.423581781876,13.9549290437,14.2401984048,11.8931939547
1028,20.0,40.0,70.0,40.0,49.546512587,29.8732970807,-1.61200461202,23.5200905754,18.0415897082,15.5323434961
1029,20.0,70.0,70.0,40.0,55.8248452488,37.0226248335,22.3062257381,32.1242335763,23.7383281551,10.7944002039
1030,20.0,100.0,70.0,40.0,66.7878265092,1.58942819523,-2.23941348957,35.5243397218,36.3517627244,31.4280008868
1031,40.0,0.0,70.0,40.0,47.7121382855,11.2667033923,7.24853501225,18.0255255681,16.5688579737,11.139375445
1032,40.0,20.0,70.0,40.0,56.190022688,-12.3530707414,-16.4201146112,20.5820754147,24.1022489114,28.8416097785
1033,40.0,40.0,70.0,40.0,42.6993786147,-2.62264936943,-1.26717435818,12.1104729613,12.9576589193,11.0980676915
1034,40.0,70.0,70.0,40.0,44.0703118143,-2.31851064689,0.847174293815,13.0345728849,13.8869122489,11.1792738035
1035,40.0,100.0,70.0,40.0,39.2048714597,-8.2280822388,5.9599916874,9.35231296445,10.7784978966,7.32516937374
1036,70.0,0.0,70.0,40.0,39.8872038133,6.56634584723,-0.22572730832,11.6899436947,11.1831249168,9.29224735789
1037,70.0,20.0,70.0,40.0,35.9296625094,1.12027234524,1.78986664642,8.78187599334,8.97165433934,6.96741721562
1038,70.0,40.0,70.0,40.0,36.3283049402,13.5595143353,0.413293052699,10.5464751847,9.17985947723,7.47072879791
1039,70.0,70.0,70.0,40.0,50.8172714686,31.4094654407,4.92246857973,25.1400366948,19.1113885935,13.8326704232
1040,70.0,100.0,70.0,40.0,58.0158262711,0.0256752671213,10.7964639738,25.0561809373,25.9776467868,16.4413509349
1041,100.0,0.0,70.0,40.0,45.6091777158,12.9108533105,-5.19152960767,16.6580619851,14.9817404713,14.2639971617
1042,100.0,20.0,70.0,40.0,49.430745734,-13.4744499731,-2.35343576458,14.9416349625,17.9461644317,15.7536542256
1043,100.0,40.0,70.0,40.0,41.3322833612,0.792773534308,-12.4543244789,11.7545758298,12.0732376213,14.2213450554
1044,100.0,70.0,70.0,40.0,61.8369471861,7.64178950883,31.267703412,31.1699814326,30.2122740325,11.2485017858
1045,100.0,100.0,70.0,40.0,48.190909777,21.0934560679,-3.04145556807,20.3694749793,16.9451971197,15.1662184601
1046,0.0,0.0,100.0,40.0,52.9818729142,-9.08515113262,16.0835877834,18.4761062254,21.0295983106,11.2212302139
1047,0.0,20.0,100.0,40.0,43.1827418613,3.60693071404,-12.9505732087,13.3571699604,13.2804037042,15.6818317298
1048,0.0,40.0,100.0,40.0,46.2269908015,-17.9520803061,5.02249863297,12.0924598321,15.4369831966,11.0307590343
1049,0.0,70.0,100.0,40.0,67.2190326599,3.23515777584,33.3132020741,36.5765162412,36.9227484945,13.790629869
1050,0.0,100.0,100.0,40.0,52.2952170814,-4.3022574343,-6.90741709877,18.828909699,20.40783347,19.9791637647
1051,20.0,0.0,100.0,40.0,56.0599067115,-16.5151271322,13.7806691117,19.6214798828,23.9721573107,13.9008263779
1052,20.0,20.0,100.0,40.0,36.608404263,12.538483471,6.44502489565,10.5711448319,9.32806188769,6.16978152591
1053,20.0,40.0,100.0,40.0,67.6907725025,3.49844984571,39.3585659222,37.2772255583,37.5542213842,11.9176579923
1054,20.0,70.0,100.0,40.0,54.53902354,0.0780069967918,-18.6820102087,21.6999538243,22.4861116556,28.4840325645
1055,20.0,100.0,100.0,40.0,56.1062961938,-17.3884158071,17.3136902358,19.4870141401,24.0184842658,12.6375183463
1056,40.0,0.0,100.0,40.0,36.1445240037,12.6934601605,3.10111550128,10.3285781225,9.08347770371,6.74569612718
1057,40.0,20.0,100.0,40.0,44.7670450677,17.9009289263,4.60556465596,16.9033584473,14.3757458853,10.3650080892
1058,40.0,40.0,100.0,40.0,49.4294419604,16.9716393261,-6.95712744368,20.6201776482,17.9450916668,17.7184287808
1059,40.0,70.0,100.0,40.0,55.0225131855,-0.170611145202,13.7151642454,22.0952054167,22.9516620501,13.2603928797
1060,40.0,100.0,100.0,40.0,61.4032163604,-7.40579011362,-5.44557721163,26.7834769566,29.7100275567,27.6388594883
1061,70.0,0.0,100.0,40.0,65.5942877716,-22.1722604238,25.4727021679,27.6041406623,34.8020879252,15.7709119015
1062,70.0,20.0,100.0,40.0,49.8978136364,-7.19013814329,-19.3167401738,16.3698222872,18.3332326471,24.2283540503
1063,70.0,40.0,100.0,40.0,49.5767583487,-10.8672560733,6.95521485054,15.4883911664,18.0665765506,12.3215514048
1064,70.0,70.0,100.0,40.0,55.855625595,3.1259310762,-10.8911367351,23.6212160026,23.7688602278,25.2520589095
1065,70.0,100.0,100.0,40.0,58.1885162408,9.42957459418,23.0201691699,27.523902406,26.1599005329,11.9023993239
1066,100.0,0.0,100.0,40.0,64.580331776,25.8540957228,3.13729564233,40.0927782998,33.5207082304,25.8263926232
1067,100.0,20.0,100.0,40.0,35.8256230863,7.99052833559,4.03430077697,9.55564117827,8.9178390305,6.40582322605
1068,100.0,40.0,100.0,40.0,36.3036846618,7.8488562377,-3.04413669434,9.7953693411,9.16690830048,8.35577806567
1069,100.0,70.0,100.0,40.0,39.0556450296,0.41471920141,8.03099380618,10.3637455106,10.6913266302,6.76653576711
1070,100.0,100.0,100.0,40.0,40.4198655191,-0.234611259396,-2.46637237801,11.0630495424,11.5059417825,10.2341852377
1071,0.0,0.0,0.0,60.0,43.4026869437,-8.7400597645,13.0691188702,11.6682087514,13.4290194094,7.35686160714
1072,0.0,20.0,0.0,60.0,51.0223019277,-16.187819347,0.0444421346583,15.6445246442,19.2878603087,15.8961474632
1073,0.0,40.0,0.0,60.0,57.5202568956,8.97526797493,-7.73210764378,26.6959297609,25.459336428,25.0899820161
1074,0.0,70.0,0.0,60.0,55.3947620517,-17.1353151183,15.0866421236,18.9317299672,23.3144451215,12.995233393
1075,0.0,100.0,0.0,60.0,49.6209786632,-6.24430908445,-18.0207693378,16.3259719511,18.1031496552,23.2716457939
1076,20.0,0.0,0.0,60.0,66.2182126847,3.06180283776,35.8377934587,35.2329073831,35.6065689445,12.255335608
1077,20.0,20.0,0.0,60.0,52.6001184414,-19.2278126788,-13.7739761261,16.3007732661,20.6823855109,23.7484165382
1078,20.0,40.0,0.0,60.0,40.0032793693,4.4543373751,-1.31941858416,11.4630211839,11.2529504921,9.67070790944
1079,20.0,70.0,0.0,60.0,59.8798801216,-13.0034118398,-4.25240618384,23.8978582804,27.9901960654,25.4208525516
1080,20.0,100.0,0.0,60.0,44.5700491103,22.4204673143,7.88536915114,17.5772699882,14.2363877997,9.28150717316
1081,40.0,0.0,0.0,60.0,71.650551923,-0.587424838083,10.2065173439,41.406914135,43.1409791355,28.8597020569
1082,40.0,20.0,0.0,60.0,58.7042278172,-26.5121697961,-7.60975057437,19.9032195288,26.7092427559,26.1793596062
1083,40.0,40.0,0.0,60.0,49.5383324484,17.9760780519,10.3251528823,20.9266035025,18.0348358346,11.1628408644
1084,40.0,70.0,0.0,60.0,70.1654597308,-16.0784456827,9.33787951045,34.6079036677,40.9850680816,27.8326398546
1085,40.0,100.0,0.0,60.0,43.8813800252,-1.11523382263,-2.09697473207,13.0939290755,13.7562935217,12.0561331459
1086,70.0,0.0,0.0,60.0,60.8703713784,-21.4115273702,-23.3310004165,22.9654742536,29.1006687926,39.0547826794
1087,70.0,20.0,0.0,60.0,49.4123237592,18.9593456492,12.967708514,21.0186981093,17.9310105138,10.2557962793
1088,70.0,40.0,0.0,60.0,72.3783526166,-11.9107762035,-8.66658703652,38.7691816956,44.224582159,43.0769594152
1089,70.0,70.0,0.0,60.0,43.3461095946,-0.871004837574,0.5805789356,12.7811265476,13.390685037,10.8617064221
1090,70.0,100.0,0.0,60.0,60.5246911626,-23.0526187433,-10.6176467241,22.2764425497,28.7098411105,29.8801351503
1091,100.0,0.0,0.0,60.0,64.6087277446,-1.73065827461,27.9659725013,31.8769354216,33.5561581381,14.1110467562
1092,100.0,20.0,0.0,60.0,51.4833695891,-5.81004195479,-13.2080442979,17.8705941047,19.6886668985,22.4294478031
1093,100.0,40.0,0.0,60.0,50.6055210099,22.8449891894,12.7657676652,22.9680245371,18.9302662318,10.9680757154
1094,100.0,70.0,0.0,60.0,43.5874293987,9.3128089973,-12.2454906042,14.5447064752,13.5547022922,15.6788266867
1095,100.0,100.0,0.0,60.0,70.8569306726,9.45094702644,42.1138903717,43.6245986987,41.9797132045,12.8627341004
1096,0.0,0.0,20.0,60.0,52.2901593877,25.4671979782,-5.13682449458,25.2361148268,20.4032998175,19.1357945475
1097,0.0,20.0,20.0,60.0,59.3268421732,-12.8984682564,21.1287693236,23.3814186319,27.3826399962,13.2631924574
1098,0.0,40.0,20.0,60.0,45.922657341,6.05775077458,-16.1944916504,15.6900638776,15.2115962002,19.1728268934
1099,0.0,70.0,20.0,60.0,51.4318309631,-23.6809042238,7.5634877211,14.6792837337,19.6435912566,13.246073369
1100,0.0,100.0,20.0,60.0,39.8580988341,-7.21541866343,-5.7257115072,9.82771075652,11.1656621461,10.9556503184
1101,20.0,0.0,20.0,60.0,42.7882210231,-0.915114331602,14.1408703783,12.4163368038,13.0165828573,6.84288680895
1102,20.0,20.0,20.0,60.0,36.9152507243,-0.306740944219,-5.88204948392,9.11644348924,9.49223774374,9.4467232212
1103,20.0,40.0,20.0,60.0,38.2172168295,10.8532395446,8.03704641665,11.2821870765,10.2102809376,6.43304625003
1104,20.0,70.0,20.0,60.0,34.86334209,5.31553109956,-5.51154106008,8.73500234868,8.43025500159,8.35149126851
1105,20.0,100.0,20.0,60.0,64.6631979661,25.2819622961,-1.0262263211,40.0235384882,33.6242294307,28.3622048924
1106,40.0,0.0,20.0,60.0,56.0661206308,5.15776135602,-14.5013358465,24.2932371607,23.978359396,27.5517179836
1107,40.0,20.0,20.0,60.0,78.6455283251,-2.55453539063,29.8605225653,51.3987425156,54.3158189374,24.440992752
1108,40.0,40.0,20.0,60.0,54.7417621528,6.32202515491,-14.8080450421,23.2595183184,22.6805537397,26.390914438
1109,40.0,70.0,20.0,60.0,59.9473008343,1.05834805583,5.59988632376,27.3261655838,28.0648718372,20.3107951548
1110,40.0,100.0,20.0,60.0,65.2036346722,-19.9118688742,9.02373439225,27.7492831973,34.3046062132,23.1771040153
1111,70.0,0.0,20.0,60.0,67.3676702917,-14.7938652833,-11.976173874,31.5540590672,37.1209453929,38.940195466
1112,70.0,20.0,20.0,60.0,52.6438170056,-8.31051083286,-6.27054411388,18.3451778356,20.7219349933,19.9619369215
1113,70.0,40.0,20.0,60.0,78.9127163487,-2.67450297346,30.3268346708,51.7921566227,54.7771258131,24.4378893398
1114,70.0,70.0,20.0,60.0,78.3523860651,-3.56179893883,29.61285292,50.5398573565,53.8126890701,24.2995125565
1115,70.0,100.0,20.0,60.0,52.8602846591,35.526640415,-3.24066326543,28.3165959837,20.9185931527,18.7123271703
1116,100.0,0.0,20.0,60.0,58.1162058153,-23.1498896381,20.9197133848,20.0709429813,26.0834820862,12.5877476461
1117,100.0,20.0,20.0,60.0,33.3207902579,4.53869157189,-3.54414766548,7.8967707688,7.68627842457,7.16846132732
1118,100.0,40.0,20.0,60.0,71.3519942139,-3.08275161424,44.5711743039,40.1738448476,42.7016350935,12.2963296249
1119,100.0,70.0,20.0,60.0,52.5442848376,34.6938013882,5.10432561164,27.7592475831,20.6319264506,14.9116016915
1120,100.0,100.0,20.0,60.0,59.3751788792,-21.5117111429,17.3118346137,21.5410384478,27.4353875732,14.7420902063
1121,0.0,0.0,40.0,60.0,33.6358542608,3.6444971461,-1.39773442734,7.94748735799,7.83452254267,6.78623978905
1122,0.0,20.0,40.0,60.0,70.7382879517,-2.93560564228,38.0218320002,39.3729814294,41.8079207915,14.307323137
1123,0.0,40.0,40.0,60.0,41.1216205079,0.798508443888,-3.96574692668,11.6266987387,11.9406396226,11.0910186912
1124,0.0,70.0,40.0,60.0,56.4380334672,37.9479298387,5.79714818359,33.1266347979,24.3515151019,17.4225087218
1125,0.0,100.0,40.0,60.0,47.649173957,-14.045401611,2.06525364922,13.6064604985,16.5197833524,12.875379879
1126,20.0,0.0,40.0,60.0,72.5893748937,11.6511578808,11.6002316288,47.0046416801,44.5421261908,28.9981309908
1127,20.0,20.0,40.0,60.0,55.6981216624,-32.235152112,10.6904014676,16.3620742136,23.6129021266,14.8529585296
1128,20.0,40.0,40.0,60.0,58.86416958,-23.7166222256,-18.5243847077,20.6157644506,26.8811637921,33.1652178462
1129,20.0,70.0,40.0,60.0,42.1961177016,4.80220827949,-1.34166411612,12.8891737138,12.6272294761,10.8423406501
1130,20.0,100.0,40.0,60.0,67.6817212707,-17.6697378921,-7.45541374141,31.1376906924,37.5420381342,36.0304622661
1131,40.0,0.0,40.0,60.0,48.3635997636,29.1135399689,11.9415688339,22.2215207007,17.0823261309,10.0166245995
1132,40.0,20.0,40.0,60.0,81.1405073023,-0.701192952758,11.8133982278,56.344774497,58.7255555402,38.9077186
1133,40.0,40.0,40.0,60.0,35.3146891633,0.426895570451,-0.222684311485,8.39602189453,8.65667553652,7.19673202949
1134,40.0,70.0,40.0,60.0,39.2802592673,16.4848021804,2.62251580139,12.7556630773,10.8227155961,8.21284140294
1135,40.0,100.0,40.0,60.0,36.8786448024,-5.99919968733,3.13283400552,8.43188596524,9.47255163501,7.03749869006
1136,70.0,0.0,40.0,60.0,44.3034580839,5.95762349995,3.20573616241,14.5006742561,14.049235239,10.5525583203
1137,70.0,20.0,40.0,60.0,40.0122764398,-13.5923881468,6.86436881262,9.12408232888,11.2583748095,7.44595009827
1138,70.0,40.0,40.0,60.0,64.4577361641,23.9573154941,-0.633995142872,39.3161927764,33.3679447978,27.9112630434
1139,70.0,70.0,40.0,60.0,55.0367139245,5.37840446802,-14.1844649296,23.3330689049,22.9654321515,26.3243783678
1140,70.0,100.0,40.0,60.0,77.5325236947,-2.37401281509,28.4462193202,49.6625982444,52.4220487819,24.1644878305
1141,100.0,0.0,40.0,60.0,53.8207487306,1.58288859938,1.32395897641,21.3611417596,21.8061772273,17.4052358678
1142,100.0,20.0,40.0,60.0,60.7725813591,0.705446051462,5.0829360231,28.1338525701,28.9897494783,21.2684678305
1143,100.0,40.0,40.0,60.0,64.7994663359,-18.9163445598,8.93627745031,27.5614308615,33.7949267451,22.8551182076
1144,100.0,70.0,40.0,60.0,66.9463840285,-14.3204297475,-11.4459211181,31.1866660883,36.5610286884,38.0050406919
1145,100.0,100.0,40.0,60.0,52.6054994986,-8.91186390062,-5.63639729819,18.1988708756,20.6872529294,19.6273444528
1146,0.0,0.0,70.0,60.0,42.3768074914,-2.44769741485,-0.361230408042,11.9349693572,12.7452117181,10.6297665147
1147,0.0,20.0,70.0,60.0,80.0313741083,-0.0430160440402,6.5077512491,54.6940743752,56.7368815646,41.5079523018
1148,0.0,40.0,70.0,60.0,34.6412649916,-1.29600022553,0.814909130091,7.88117972959,8.32031309305,6.67469533173
1149,0.0,70.0,70.0,60.0,50.0522039381,6.69656794791,-18.2799291728,19.0892237811,18.4623921648,23.8094342454
1150,0.0,100.0,70.0,60.0,52.0894968714,12.1312645909,15.8905857965,22.0215329071,20.2239697772,10.7865507997
1151,20.0,0.0,70.0,60.0,58.1514366254,28.6697738524,-5.26721437392,32.5923647788,26.120695773,24.327378002
1152,20.0,20.0,70.0,60.0,34.1106524076,-0.884403687115,0.121192602076,7.67857660997,8.06150640435,6.62363414768
1153,20.0,40.0,70.0,60.0,49.227591867,4.18501462069,-8.07403337829,17.9217740916,17.7795214623,18.0618756746
1154,20.0,70.0,70.0,60.0,52.348735934,14.6204331953,12.903942648,22.8103870067,20.4558482504,11.9186243092
1155,20.0,100.0,70.0,60.0,57.06383982,26.8991957927,5.8805227448,30.8126448102,24.9881158003,17.8631101883
1156,40.0,0.0,70.0,60.0,80.235420939,-2.04552156645,24.0946624991,54.2500776374,57.0993130227,29.4245168936
1157,40.0,20.0,70.0,60.0,48.6823412599,29.7270625127,7.69096995577,22.6565350258,17.3373703497,11.5449338951
1158,40.0,40.0,70.0,60.0,67.6045759504,-18.3367664821,4.93233590186,30.8662855963,37.4383049642,27.8267788431
1159,40.0,70.0,70.0,60.0,42.7473744493,6.27940236666,-4.16458304084,13.4808268437,12.9894695952,12.0947755576
1160,40.0,100.0,70.0,60.0,57.4858715072,-27.1094237137,-8.70135175495,18.7445890651,25.4236311747,25.6027072953
1161,70.0,0.0,70.0,60.0,39.2179476921,-10.8138985009,0.0389083555512,9.04677165414,10.7861589341,8.88880225757
1162,70.0,20.0,70.0,60.0,44.5747848415,4.68504186546,11.1816546852,14.4838174106,14.2397273204,8.36511929863
1163,70.0,40.0,70.0,60.0,36.6227030053,-4.08257057226,-1.91330019902,8.52494311934,9.33566993874,8.20057253665
1164,70.0,70.0,70.0,60.0,38.6065392909,15.7152876856,6.83487984454,12.2117989356,10.4318178163,6.86555321809
1165,70.0,100.0,70.0,60.0,34.4122101725,2.42630307449,-2.8389250534,8.18296757444,8.20792249574,7.45791051818
1166,100.0,0.0,70.0,60.0,79.1416691094,-2.97735794538,42.197304292,52.0540899182,55.174490419,18.654744064
1167,100.0,20.0,70.0,60.0,48.6784447937,28.9920440492,0.471662266594,22.4913128076,17.3342373274,14.1218430963
1168,100.0,40.0,70.0,60.0,65.4794202673,-21.0278499925,20.0179707043,27.7676338106,34.6553128047,18.0297030212
1169,100.0,70.0,70.0,60.0,43.2381775672,8.59201574058,-10.7560808495,14.1827838497,13.3177574162,14.838687193
1170,100.0,100.0,70.0,60.0,55.8155931397,-30.9701212948,5.35125734099,16.678204825,23.7291557868,17.1486615924
1171,0.0,0.0,100.0,60.0,61.9392213333,32.4188790904,-1.27387527354,38.5594681494,30.3315231737,25.7451910649
1172,0.0,20.0,100.0,60.0,65.3257638967,25.988386282,-1.12519783542,41.1813512629,34.4596201812,29.1227925015
1173,0.0,40.0,100.0,60.0,79.3074470296,-3.06737110887,40.5306100522,52.294022363,55.4634066995,19.566034163
1174,0.0,70.0,100.0,60.0,79.7058783166,-2.78165878544,32.0405705536,53.0685221421,56.1619103664,24.2479909635
1175,0.0,100.0,100.0,60.0,54.0811666835,0.852246666079,4.81659823997,21.4442515838,22.051086957,16.104193836
1176,20.0,0.0,100.0,60.0,61.8538248317,0.617620417481,4.96779522572,29.3137805153,30.2319313795,22.2761987063
1177,20.0,20.0,100.0,60.0,65.3374263364,-17.6101270789,-17.0125656562,28.4815336038,34.4744472492,40.1039273992
1178,20.0,40.0,100.0,60.0,68.5922904867,-15.6009239236,-13.3360218958,32.798572982,38.7809448178,41.6029186447
1179,20.0,70.0,100.0,60.0,79.5701461241,0.836168686477,5.52324782751,54.2556477989,55.9232989018,41.6563098199
1180,20.0,100.0,100.0,60.0,65.8346617104,-19.3847134652,10.8900404136,28.5762404936,35.1105721549,22.7663832422
1181,40.0,0.0,100.0,60.0,66.0953252697,13.7414618949,-4.81827245075,38.3203018296,35.4471494312,32.3372783842
1182,40.0,20.0,100.0,60.0,47.3327657197,-0.754963222899,7.51664598051,15.5637197136,16.2746401307,10.8416943406
1183,40.0,40.0,100.0,60.0,56.4542801143,-4.54294155279,-19.3475025086,22.4872673891,24.3679036976,30.9695684151
1184,40.0,70.0,100.0,60.0,56.1509728839,25.1691866049,23.4965805369,29.3060143489,24.0631571212,10.5953134322
1185,40.0,100.0,100.0,60.0,65.3425521363,11.3917555341,11.2710240762,36.5972327749,34.4809652913,22.127541406
1186,70.0,0.0,100.0,60.0,47.6673447317,1.30363915617,5.95437631212,16.1718984989,16.5339357575,11.5404644942
1187,70.0,20.0,100.0,60.0,55.6046978848,-7.51678792944,-4.82561344938,21.0638121565,23.5207184018,21.7728900183
1188,70.0,40.0,100.0,60.0,55.9381016285,25.2549386817,20.2179231358,29.0890103005,23.8508000452,11.5392569401
1189,70.0,70.0,100.0,60.0,51.9836614915,-21.8060377105,1.46946058186,15.3921362858,20.1298104847,15.9923268478
1190,70.0,100.0,100.0,60.0,44.8301309018,5.46370683335,-9.93214731359,14.7932305251,14.420565298,15.6090789159
1191,100.0,0.0,100.0,60.0,60.1057314556,-9.46857307418,14.4953007297,24.9418479453,28.2408734912,16.401038699
1192,100.0,20.0,100.0,60.0,51.7801724416,24.7673661849,0.773642187008,24.5562835947,19.9495930295,16.1357492606
1193,100.0,40.0,100.0,60.0,70.6091039213,10.4630108861,32.3096601041,43.6054546831,41.6213984625,16.5256675418
1194,100.0,70.0,100.0,60.0,34.6335034624,4.18794777213,-1.77376905572,8.49012939449,8.31648804311,7.2887992439
1195,100.0,100.0,100.0,60.0,37.1958808156,10.8001912409,3.99245371861,10.676711622,9.64406314492,6.96278440204
1196,0.0,0.0,0.0,80.0,36.5140412459,-2.46460661606,-0.504038553121,8.65762138611,9.27795699439,7.78384753756
1197,0.0,40.0,0.0,80.0,42.5503751283,0.930815002761,7.48249508473,12.5378142712,12.859233372,8.42143213536
1198,0.0,70.0,0.0,80.0,40.0931411131,-9.48228905809,1.97072592023,9.67028727532,11.3072062357,8.77083577528
1199,0.0,100.0,0.0,80.0,52.9917917946,-18.6332180225,-10.3955202837,16.7079195447,21.0386711317,22.3196278977
1200,40.0,0.0,0.0,80.0,43.6363404673,2.16615299415,-3.35040813761,13.4370035388,13.5881079611,12.3436940829
1201,40.0,40.0,0.0,80.0,60.5217510761,-7.0728971827,0.547983765279,25.9387089453,28.7065321325,23.3919801995
1202,40.0,70.0,0.0,80.0,50.7919051777,25.2183217955,10.0956354615,23.6815213798,19.0896307,11.9609645973
1203,40.0,100.0,0.0,80.0,71.4158512123,12.5483271028,17.5200950459,45.5291897139,42.7953522017,24.3725670994
1204,70.0,0.0,0.0,80.0,78.8790672663,-3.25841515043,45.8336233239,51.5139825212,54.7188866211,16.8388552152
1205,70.0,40.0,0.0,80.0,80.1334883406,-2.07373309978,25.3025804209,54.0659233283,56.9180662858,28.5717037036
1206,70.0,70.0,0.0,80.0,48.6454508551,1.01100859242,4.73768036099,16.8720895905,17.3077230971,12.5359252364
1207,70.0,100.0,0.0,80.0,67.2603047596,0.477443354519,4.9592113935,35.7999486072,36.97771075,27.4563794795
1208,100.0,0.0,0.0,80.0,62.8893575597,-19.9183253745,-20.1722070662,25.3073579306,31.4543916782,39.2974940396
1209,100.0,40.0,0.0,80.0,71.3132782355,-12.1561849101,-9.11854219627,37.2648271655,42.6448818518,41.9755699694
1210,100.0,70.0,0.0,80.0,59.0881606137,36.499577381,-1.40483851745,36.0387858487,27.123168988,23.1159261737
1211,100.0,100.0,0.0,80.0,68.7174987267,19.6129781523,-0.378952648278,43.9460078061,38.9534032461,32.3914405069
1212,0.0,0.0,40.0,80.0,79.240817612,-3.88945829594,32.0724847286,51.8683753065,55.3471646318,23.7947271918
1213,0.0,40.0,40.0,80.0,78.6987076833,-1.54150275867,31.8419553076,51.8726899445,54.4074271853,23.4163492416
1214,0.0,70.0,40.0,80.0,37.5575631991,-10.8632731525,5.53394787755,8.21294495694,9.84211554201,6.7464986412
1215,0.0,100.0,40.0,80.0,44.3754863978,10.9884233529,-2.06189473568,15.39223893,14.0996379158,12.3387685466
1216,40.0,0.0,40.0,80.0,65.1743390613,-12.5878753641,33.9362734244,29.6043200253,34.2674916722,12.2906846542
1217,40.0,40.0,40.0,80.0,50.9236801293,36.0747962154,11.7352211755,26.369422902,19.2028405881,11.4850370384
1218,40.0,70.0,40.0,80.0,38.0040506423,-11.0620266835,4.90625111248,8.40775162579,10.0903223326,7.07760854228
1219,40.0,100.0,40.0,80.0,44.5864792142,11.5692858135,-6.87963914129,15.647362848,14.2479761402,14.2351477377
1220,70.0,0.0,40.0,80.0,65.6652311289,-11.6900632002,29.4274141975,30.4049584204,34.8929444423,14.2488154998
1221,70.0,40.0,40.0,80.0,51.5331697648,36.6370679371,7.19983718018,27.1545186925,19.7322875487,13.4438695507
1222,70.0,70.0,40.0,80.0,64.1484070722,23.80732307,12.4102413875,38.8461960641,32.98456175,20.5219805866
1223,70.0,100.0,40.0,80.0,58.6193971029,10.3664467013,16.6510037223,28.2306864977,26.6183566461,14.4913715606
1224,100.0,0.0,40.0,80.0,55.5227452035,2.88143621274,-1.98175223895,23.2428686433,23.440051322,20.2880018146
1225,100.0,40.0,40.0,80.0,49.6245818043,-9.73027761773,1.01331585129,15.7191452928,18.1061318623,14.5416507469
1226,100.0,70.0,40.0,80.0,49.0225513353,-10.2993262033,-11.8105579171,15.179173796,17.6123801558,19.6257592766
1227,100.0,100.0,40.0,80.0,42.4971178705,-6.61310290753,6.26504715703,11.4185779863,12.8241751119,8.72937140352
1228,0.0,0.0,70.0,80.0,40.5528561738,-2.7683163317,4.46576500282,10.7973919964,11.5874977612,8.30646724667
1229,0.0,40.0,70.0,80.0,38.9665846102,0.969547402604,2.62426746648,10.3861193118,10.6395262425,8.06945730716
1230,0.0,70.0,70.0,80.0,36.9716043796,7.0334965324,1.59345930655,10.0576085049,9.52259716775,7.45301696462
1231,0.0,100.0,70.0,80.0,35.6503011959,9.29585129303,1.22607034876,9.62390004148,8.82763987224,6.987002534
1232,40.0,0.0,70.0,80.0,63.527176914,23.6097774969,25.3850885767,37.9458451667,32.2235014917,14.3858979262
1233,40.0,40.0,70.0,80.0,58.7838322142,10.6918018139,3.43214624988,28.4953099126,26.7947174206,20.3895316744
1234,40.0,70.0,70.0,80.0,54.0339846783,0.779208918395,9.22412893105,21.3856039835,22.0065793846,14.3062379373
1235,40.0,100.0,70.0,80.0,50.6763989144,-6.26333336923,-8.61504303883,17.1413360102,18.9907641857,19.4627427723
1236,70.0,0.0,70.0,80.0,47.8240872512,-13.7086277285,-1.09795034132,13.7782168239,16.6563512365,14.1587236437
1237,70.0,40.0,70.0,80.0,78.6105826537,-3.24530098019,51.8093101925,51.0793776597,54.2556765709,14.2249083118
1238,70.0,70.0,70.0,80.0,80.0140142014,-1.87341170493,22.3991330953,53.9422323744,56.7061175891,30.2498154493
1239,70.0,100.0,70.0,80.0,44.3009846466,1.16371133602,4.46861339477,13.7287104267,14.0475065582,10.1594442754
1240,100.0,0.0,70.0,80.0,69.9998731381,0.376634928467,4.91105244791,39.4142070042,40.7492353873,30.3909811992
1241,100.0,40.0,70.0,80.0,61.0994838119,-20.8104138681,-22.331807805,23.3204473509,29.3616490631,38.6023861767
1242,100.0,70.0,70.0,80.0,72.3376877508,-11.0460206426,-7.85819031928,38.9868905228,44.1635640716,42.3758286827
1243,100.0,100.0,70.0,80.0,56.708079291,40.0016058891,-0.189917551685,34.0482119444,24.6248758037,20.4105836224
1244,0.0,0.0,100.0,80.0,70.4799872562,17.0259751071,0.0190170489583,45.6850430625,41.4355285597,34.1755654572
1245,0.0,40.0,100.0,80.0,80.0648352535,-0.911511556668,5.76037252054,54.40744568,56.7962103819,42.1414016357
1246,0.0,70.0,100.0,80.0,67.421191082,-15.4178010597,-11.2159581429,31.4461420996,37.192484566,38.4412360279
1247,0.0,100.0,100.0,80.0,55.1478641147,41.838867351,0.326683200999,32.6549135674,23.0734020221,18.8862729467
1248,40.0,0.0,100.0,80.0,38.108256284,-9.83542069999,7.03639965451,8.59983962215,10.1488456494,6.618387408
1249,40.0,40.0,100.0,80.0,48.1423701174,20.1438011456,-12.2416116197,20.1325809108,16.9067854991,19.1140441139
1250,40.0,70.0,100.0,80.0,74.0499351341,3.88905914941,51.0213756699,46.4810395227,46.7817264657,11.6811714486
1251,40.0,100.0,100.0,80.0,55.0217817126,41.1871834539,9.06344377297,32.3201152921,22.9509529082,15.0355460382
1252,70.0,0.0,100.0,80.0,38.3940017212,-9.5348175049,6.28326318926,8.77801901249,10.3104842778,6.90932645357
1253,70.0,40.0,100.0,80.0,47.3717636808,19.0411832002,-4.24773808675,19.2450945637,16.3047226006,15.0839297899
1254,70.0,70.0,100.0,80.0,74.8294347235,3.48127764013,45.534347282,47.5390103218,48.0071435977,14.1314706211
1255,70.0,100.0,100.0,80.0,43.7292618589,-3.05267651298,-6.70586531166,12.7015536067,13.6517232459,13.6109572686
1256,100.0,0.0,100.0,80.0,55.8541414638,-15.9938714023,-7.75673778461,19.5483799014,23.7673874672,23.529581433
1257,100.0,40.0,100.0,80.0,47.9723952209,14.1542579584,3.17275270555,18.7945919625,16.7727342989,12.6790060286
1258,100.0,70.0,100.0,80.0,65.6540039064,-0.106162521925,6.97061400834,33.6028143881,34.8785553202,24.7118740535
1259,100.0,100.0,100.0,80.0,55.4301738559,37.861676878,17.2357475625,31.8851246583,23.349154228,12.2560225509
1260,0.0,0.0,0.0,100.0,37.1865938029,13.3082148471,3.43200964326,11.0093560587,9.63901300381,7.09322687829
1261,0.0,40.0,0.0,100.0,35.3063156989,2.25815300883,-1.86743672385,8.60171574864,8.65243847278,7.60091782036
1262,0.0,100.0,0.0,100.0,40.1927494157,4.82722272994,5.66201842737,11.6302235841,11.3675501287,7.82921560366
1263,40.0,0.0,0.0,100.0,38.8234458476,-6.15729861529,0.53867519278,9.40452503836,10.5566231728,8.56224853401
1264,40.0,40.0,0.0,100.0,44.8363493201,-3.73760237726,9.98674162664,13.3235996142,14.4249882183,8.81588523321
1265,40.0,100.0,0.0,100.0,44.2328640044,-0.0336034395137,-12.98507966,13.4948527192,13.999952879,16.4488744186
1266,100.0,0.0,0.0,100.0,53.4269687112,-18.8396797879,4.41291357364,17.0098932132,21.4393020746,15.8044682657
1267,100.0,40.0,0.0,100.0,48.5957923708,15.1139925067,-4.76381176111,19.5128369784,17.2678680771,16.1554153657
1268,100.0,100.0,0.0,100.0,64.600528316,-0.852484626121,22.6530939614,32.1106422207,33.5459192964,16.2295896065
1269,0.0,0.0,40.0,100.0,55.7166738758,38.4027383816,9.86020286814,32.3789945583,23.6312367058,15.1957644878
1270,0.0,40.0,40.0,100.0,78.2630227466,-3.12508783928,52.3341962534,50.5592384805,53.6599321284,13.7982801933
1271,0.0,100.0,40.0,100.0,80.0334824316,-1.55317880533,18.5283707874,54.1011382655,56.7406185407,32.7932133733
1272,40.0,0.0,40.0,100.0,41.0412370607,1.16613472219,4.21141832832,11.6296849625,11.8903007302,8.60359397463
1273,40.0,40.0,40.0,100.0,71.8184698471,0.304374146839,4.91042306569,41.9412216231,43.3893984705,32.429362048
1274,40.0,100.0,40.0,100.0,60.478196284,-21.2667870605,-23.24747813,22.6235836163,28.6575423157,38.48650637
1275,100.0,0.0,40.0,100.0,73.8785560049,-9.00717298357,-5.56827602491,41.7979472176,46.5151356183,42.6676004953
1276,100.0,40.0,40.0,100.0,56.2240096542,41.0116925961,-0.498761995151,33.7380351749,24.1363068605,20.1552366054
1277,100.0,100.0,40.0,100.0,71.6961714865,13.3748044641,0.804624307926,46.2467542735,43.2083750765,35.0852869473
1278,0.0,0.0,100.0,100.0,63.1466826125,22.7700008564,17.1985368742,37.180580796,31.7631950464,17.4951314857
1279,0.0,40.0,100.0,100.0,64.4196682579,25.9292592161,-0.315703755332,39.8941324904,33.3206039103,27.6812085409
1280,0.0,100.0,100.0,100.0,45.1312529326,-5.06903634741,4.23961828705,13.3142777692,14.6357817144,10.6766206361
1281,40.0,0.0,100.0,100.0,62.546993374,9.2249544726,-8.77251522906,32.4526307953,31.0466488436,30.9243114807
1282,40.0,40.0,100.0,100.0,35.4741673909,5.15631152961,4.85779494605,9.02686369898,8.73763751536,6.08921848535
1283,40.0,100.0,100.0,100.0,54.3146218279,-6.7749611688,-21.5578985351,20.0686652662,22.2721923345,30.0270350081
1284,100.0,0.0,100.0,100.0,46.3039426736,-4.24725167831,1.82522067864,14.2433624191,15.4943236375,12.1437733549
1285,100.0,40.0,100.0,100.0,62.2790772072,5.36385585707,6.56730062546,31.0686637677,30.7300399128,21.8313128408
1286,100.0,100.0,100.0,100.0,35.4802082294,5.46308966874,4.1863118478,9.06662130809,8.74071413735,6.2389156605
1287,100.0,0.0,0.0,0.0,53.3625556345,-12.0966373019,-7.04962244374,18.2137993984,21.3796844394,20.9475942036
1288,98.0,0.0,0.0,0.0,53.6936800699,42.096522012,8.18732582571,30.9943928863,21.6873368235,14.480142277
1289,95.0,0.0,0.0,0.0,71.6230397476,-13.3257686346,28.8783732531,37.3156820432,43.1003679935,18.8186391091
1290,90.0,0.0,0.0,0.0,46.4025975577,19.8240444292,-4.37204374399,18.5821171192,15.5680434867,14.4756959103
1291,85.0,0.0,0.0,0.0,58.7177262438,-28.4459819333,8.30876167921,19.5266103292,26.7237237797,18.0526641604
1292,80.0,0.0,0.0,0.0,42.3287914326,3.32638947492,-13.4333532963,12.7529313302,12.7137880258,15.2804541932
1293,75.0,0.0,0.0,0.0,47.0365946578,-0.346088205466,13.2219776206,15.4153676137,16.0473846907,8.97238633752
1294,70.0,0.0,0.0,0.0,38.2501074167,-7.13180870534,-0.655081892982,8.98840649159,10.228874251,8.6184656135
1295,60.0,0.0,0.0,0.0,41.9427707283,9.12180342488,8.98002083109,13.3835453236,12.4630348137,7.75204075868
1296,50.0,0.0,0.0,0.0,35.1171973865,0.29761555479,-3.12232368729,8.28506737666,8.55711042288,7.83781602176
1297,40.0,0.0,0.0,0.0,38.1680890844,17.9957851471,6.33244660709,12.2688824767,10.1825506118,6.80592469556
1298,30.0,0.0,0.0,0.0,52.6074260635,42.122599965,15.1100027573,29.7474577218,20.6889957834,11.3289251867
1299,25.0,0.0,0.0,0.0,71.6128383086,-13.2464803751,11.9093351713,37.3265338608,43.0853159733,27.7870991677
1300,20.0,0.0,0.0,0.0,45.3454004994,18.4373195831,2.21055887235,17.4582893471,14.790132024,11.4541297305
1301,15.0,0.0,0.0,0.0,59.2327421239,-24.9390994436,-5.23267329214,20.6916108341,27.2801470405,25.3444361913
1302,10.0,0.0,0.0,0.0,40.9917605138,2.01557939335,-6.14716616569,11.7197660828,11.8593872581,11.7389867643
1303,7.0,0.0,0.0,0.0,40.9600809924,1.2239550589,4.18522073779,11.5884952949,11.8396217213,8.57244920992
1304,5.0,0.0,0.0,0.0,74.4097043695,0.221026319274,4.71430825145,45.7319955412,47.3446793715,35.6261090354
1305,3.0,0.0,0.0,0.0,60.1347410207,-21.2803581066,-22.8335560663,22.2963671323,28.273179906,37.7424341374
1306,2.0,0.0,0.0,0.0,75.1604504708,-7.42786858492,-3.39371753419,44.1967786001,48.5339256033,42.6959966484
1307,0.0,100.0,0.0,0.0,55.3402736029,40.7002475428,0.214653979769,32.5680567298,23.2611051307,19.0925371161
1308,0.0,98.0,0.0,0.0,74.7889993143,10.8870316201,1.59370630453,50.1981497791,47.9430567368,38.3620404172
1309,0.0,95.0,0.0,0.0,76.8281016696,-3.16254111659,52.5471737892,48.2542765503,51.2465271949,12.8132676145
1310,0.0,90.0,0.0,0.0,80.5280459171,-1.14484788844,14.6935812283,55.1070122364,57.6217675302,36.0303487335
1311,0.0,85.0,0.0,0.0,61.4570668806,0.447860122873,5.57336265121,28.824776902,29.7720797755,21.616091725
1312,0.0,80.0,0.0,0.0,80.4216106887,0.126958377091,4.91295076211,55.431589809,57.4313702431,43.3086015387
1313,0.0,75.0,0.0,0.0,69.2214751153,18.675299261,-0.191941322652,44.370397653,39.6527374054,32.8460422538
1314,0.0,70.0,0.0,0.0,49.848486408,6.24636409238,12.6343782236,18.8293709505,18.2920939168,10.5940049979
1315,0.0,60.0,0.0,0.0,34.2559528938,0.154983368594,-3.26759755647,7.85833639573,8.13183519299,7.49768080691
1316,0.0,50.0,0.0,0.0,57.6832706808,31.0943028893,28.3842473292,32.7066376963,25.6290623749,9.90348104891
1317,0.0,40.0,0.0,0.0,67.4220509741,17.2030971801,15.3283932497,41.2635752869,37.1936347002,21.8854800116
1318,0.0,30.0,0.0,0.0,50.2193700733,8.43653798215,10.1908803585,19.5768658447,18.6029221085,11.5950884892
1319,0.0,25.0,0.0,0.0,35.2136280665,-1.87808347237,0.106434168723,8.08836582765,8.60562984376,7.07489919215
1320,0.0,20.0,0.0,0.0,57.8186542903,31.9375064753,24.0660977952,33.1097598817,25.7705924975,11.3384082868
1321,0.0,15.0,0.0,0.0,37.2152324581,17.2795258534,2.65297003748,11.5763797621,9.65459195048,7.29481974374
1322,0.0,10.0,0.0,0.0,34.6662641797,-1.21017713806,0.714279691537,7.90229156536,8.33264120743,6.70802430524
1323,0.0,7.0,0.0,0.0,41.248481814,10.2413192638,2.46582814125,13.0951295879,12.0203732774,9.19316157804
1324,0.0,5.0,0.0,0.0,38.633205709,-10.2690629823,4.49426060738,8.81281519467,10.4471080226,7.44405783443
1325,0.0,3.0,0.0,0.0,48.4680755702,0.879922322172,4.33138161523,16.7105025147,17.1656459719,12.5713671567
1326,0.0,2.0,0.0,0.0,41.9398411882,0.152683394581,-3.64427607627,12.0382802866,12.4611445461,11.4485497473
1327,0.0,0.0,100.0,0.0,61.6237964763,-22.4217350759,-15.5309189245,23.4664268135,29.964750877,34.3689287091
1328,0.0,0.0,98.0,0.0,44.4151766333,16.0220247784,5.04830112361,16.2954523838,14.1274630788,10.0426343156
1329,0.0,0.0,95.0,0.0,73.4207522934,-10.328015773,1.28309931687,40.7158163851,45.8079640739,36.860521555
1330,0.0,0.0,90.0,0.0,52.0725633898,42.2962156406,19.2278340315,29.1878764419,20.2088847608,9.74853425076
1331,0.0,0.0,85.0,0.0,52.9393408098,41.8989487258,5.63018621984,30.0674342963,20.9907236759,14.97311399
1332,0.0,0.0,80.0,0.0,42.8352050742,-2.88702362855,-2.32642264699,12.1571215328,13.0478167007,11.5236395783
1333,0.0,0.0,75.0,0.0,64.6715574684,24.2187609879,7.48970945528,39.6937691622,33.6346844199,23.5059928247
1334,0.0,0.0,70.0,0.0,51.9829509435,-23.0397131703,5.92355585784,15.182540173,20.1291793163,14.2157262712
1335,0.0,0.0,60.0,0.0,80.1340221924,-1.69340298179,17.3042928487,54.2165911266,56.919014529,33.7370538734
1336,0.0,0.0,50.0,0.0,39.1680105409,1.21515916995,4.1031463519,10.5326875003,10.7569215339,7.77580298411
1337,0.0,0.0,40.0,0.0,77.1422709166,0.0512590186074,4.91898647185,49.939369622,51.7686094138,38.9083939926
1338,0.0,0.0,30.0,0.0,59.5065913326,-21.4218087775,-23.7077671977,21.6811468221,27.5791341366,37.5892192324
1339,0.0,0.0,25.0,0.0,77.4736654337,-5.00182087993,-0.465026067769,48.5991055414,52.3231464124,43.5468629616
1340,0.0,0.0,20.0,0.0,55.1531934901,41.7214602138,0.205958255589,32.6283753248,23.0785873936,18.9465021645
1341,0.0,0.0,15.0,0.0,77.0078945604,6.40246228712,2.44831194391,52.1241311638,51.5448727876,40.6114944023
1342,0.0,0.0,10.0,0.0,77.3503149216,-3.4896439927,53.1939159331,48.9592593586,52.1162782974,12.9041719751
1343,0.0,0.0,7.0,0.0,81.2698009018,-1.05932956947,11.8910556209,56.4253507038,58.9603581738,39.0167396767
1344,0.0,0.0,5.0,0.0,79.2516699383,-1.62855468024,3.51409550303,52.7564738968,55.3660865798,42.8125811011
1345,0.0,0.0,3.0,0.0,68.1487705282,-16.0170035545,-11.6434108007,32.1466876643,38.1741483909,39.7058615288
1346,0.0,0.0,2.0,0.0,55.1108043056,-26.0995885614,16.3862314402,17.0095298522,23.0373650776,12.3600658729
1347,0.0,0.0,0.0,100.0,33.3029311301,7.11381059563,-0.98875247457,8.17248441174,7.67793181081,6.55874184686
1348,0.0,0.0,0.0,98.0,67.2063745548,-9.10521089703,37.9410387836,32.9459373158,36.9059025545,12.1171779789
1349,0.0,0.0,0.0,95.0,44.7925115143,9.1753264278,-18.1730629957,15.3895874477,14.3938273607,19.1868846623
1350,0.0,0.0,0.0,90.0,55.6718865036,-25.2461969461,12.7476976485,17.6119049166,23.5869909212,14.0386906749
1351,0.0,0.0,0.0,85.0,34.6221154897,7.19734651517,1.49463846112,8.83363630857,8.3108779253,6.51105149756
1352,0.0,0.0,0.0,80.0,68.1078942351,-7.79516352471,33.7071900297,34.437095654,38.1185447332,14.2226222292
1353,0.0,0.0,0.0,75.0,44.026910937,7.70834586396,-10.4224336828,14.59227758,13.8568340552,15.2470516863
1354,0.0,0.0,0.0,70.0,44.8820589282,-5.16283011006,17.2072577615,13.1345797077,14.4575274536,6.97165243678
1355,0.0,0.0,0.0,60.0,38.0856086061,-3.57109000778,-5.3964135488,9.33188072158,10.1361072092,9.90094807282
1356,0.0,0.0,0.0,50.0,40.5364176631,3.73421287367,11.3894040195,11.6851545963,11.5773961047,6.58012948389
1357,0.0,0.0,0.0,40.0,34.9150408191,3.75925449745,-5.1449280275,8.58031511818,8.45598728304,8.27712587824
1358,0.0,0.0,0.0,30.0,37.3269403025,12.8297435576,6.81891509194,11.0265857829,9.71551957207,6.3617470833
1359,0.0,0.0,0.0,25.0,56.7803728338,38.560134575,2.69179402653,33.7226851599,24.6984023025,19.0952380276
1360,0.0,0.0,0.0,20.0,63.2304159288,-3.41164468228,30.6652989995,29.814736425,31.8641134549,12.2626684699
1361,0.0,0.0,0.0,15.0,48.8359935698,14.5719106502,-10.9482528172,19.6113697983,17.4612183783,19.0685842697
1362,0.0,0.0,0.0,10.0,53.344255614,-21.0264596351,11.4802745593,16.5512495817,21.362767007,13.0208820924
1363,0.0,0.0,0.0,7.0,43.6129553019,2.87286603593,-17.8243865557,13.5314493436,13.5721293365,18.0933372209
1364,0.0,0.0,0.0,5.0,69.8995476782,-15.7608124618,35.9385827246,34.3663733678,40.6067903476,14.5539367838
1365,0.0,0.0,0.0,3.0,55.1467330152,-14.5050644624,-12.7851333995,19.2384861238,23.0723015859,25.631526151
1366,0.0,0.0,0.0,2.0,57.9951355861,8.83393752853,20.7456641371,27.1669915138,25.9558671853,12.5754924231
1367,0.0,0.0,0.0,0.0,45.7459552026,5.04570694037,-13.6853223028,15.3861918534,15.0817442808,17.886436614
1368,100.0,85.0,85.0,0.0,48.1904559937,27.3082956292,9.53689119364,21.6712344967,16.9448377514,10.6694079195
1369,80.0,65.0,65.0,0.0,36.5882543504,1.20756772615,3.81888172377,9.12903771774,9.31734757398,6.7567262961
1370,60.0,45.0,45.0,0.0,78.1357056894,-0.144974767223,4.81717346628,51.4794388044,53.4427971009,40.2849617425
1371,40.0,27.0,27.0,0.0,59.2723685689,-21.5445469345,-23.9486816103,21.4398083658,27.3232765891,37.4699636118
1372,20.0,12.0,12.0,0.0,78.5293102935,-3.61726441769,1.12263779751,50.8062836051,54.1159765495,43.7349899812
1373,10.0,6.0,6.0,0.0,54.5650948064,42.1437754291,0.898251571896,32.0384485102,22.5110535139,18.1656057991
1374,5.0,3.0,3.0,0.0,78.6770406072,3.98166843273,3.29092023919,53.9784815716,54.3700904508,42.2020874241
1375,40.0,27.0,27.0,10.0,77.9800518342,-3.38976319773,55.5234100364,50.0028653509,53.1781314213,12.4624776346
1376,20.0,12.0,12.0,10.0,81.0013090727,-0.667887160815,8.9124740066,56.1159279063,58.473463427,40.9372082854
1377,10.0,6.0,6.0,10.0,74.9503698956,-2.36699015838,2.43099686501,45.6414301349,48.199156871,37.9482726192
1378,60.0,45.0,45.0,20.0,81.009706937,-1.17979943142,5.87772380018,55.92429789,58.4886517187,43.3482248745
1379,40.0,27.0,27.0,20.0,34.3796198335,12.3428831572,3.40740548852,9.32455112953,8.19201408302,5.9946056731
1380,20.0,12.0,12.0,20.0,59.6121926672,-28.1845775822,23.7994875599,20.3595511865,27.6950101843,12.4818638433
1381,10.0,6.0,6.0,20.0,47.791851443,10.4685284192,-17.0439115419,17.9396763253,16.6311259732,21.1415344263
1382,80.0,65.0,65.0,40.0,41.7523691896,-0.672624982319,16.4629845848,11.8037625399,12.3405764724,5.92079330625
1383,60.0,45.0,45.0,40.0,35.3089744974,13.5904432539,5.63039197798,9.97966558809,8.65378370379,5.86185150377
1384,40.0,27.0,27.0,40.0,60.7118575696,-27.2430295043,19.9704722704,21.5474778821,28.9210149611,14.6035332887
1385,20.0,12.0,12.0,40.0,47.1559345269,8.56642458223,-8.38740030626,17.0783699792,16.1386993014,16.6363071073
1386,10.0,6.0,6.0,40.0,41.595271574,-0.534872993042,14.9331945988,11.7269917046,12.2401438991,6.19394996755
1387,100.0,85.0,85.0,60.0,35.5764631547,9.17406385763,-2.13311711981,9.56922305266,8.78983461774,7.78707058208
1388,80.0,65.0,65.0,60.0,37.1194302066,6.00751845216,5.32794428806,10.0078473282,9.60254289607,6.61921218903
1389,60.0,45.0,45.0,60.0,38.5071613991,3.04744549104,-2.67186391703,10.3989111289,10.3749671229,9.31152763351
1390,40.0,27.0,27.0,60.0,41.1494749456,-4.70551574112,10.6418138575,10.8828913106,11.9581161234,7.00266837516
1391,20.0,12.0,12.0,60.0,42.470046668,-4.84838382293,-2.02187034464,11.6500545345,12.8063790964,11.2152153218
1392,10.0,6.0,6.0,60.0,47.2542106546,-14.8852586394,4.44561350673,13.2116755969,16.2141562571,11.8081158468
1393,100.0,85.0,85.0,80.0,51.2605225569,-4.55829004024,-16.9792800489,17.9254161748,19.4942595297,24.2349367551
1394,80.0,65.0,65.0,80.0,53.6279365112,-3.46069356281,14.6601452997,20.1407651148,21.6260202967,12.0723765149
1395,60.0,45.0,45.0,80.0,60.2734141871,12.5234654351,-4.38804957921,30.6664818626,28.4279532836,25.8832767888
1396,40.0,27.0,27.0,80.0,62.8834817235,22.2088764946,33.2111503882,36.663291805,31.4473638448,11.2029688094
1397,20.0,12.0,12.0,80.0,45.6593851961,18.4974401614,-7.69219021871,17.7213288323,15.0183977661,15.2809528081
1398,10.0,6.0,6.0,80.0,46.487120977,10.760402886,4.96244268249,16.9529873707,15.631389282,11.1961435229
1399,100.0,85.0,85.0,100.0,54.7826779622,2.62956965989,-7.56663135261,22.4801066944,22.7199306236,22.4538927163
1400,80.0,65.0,65.0,100.0,58.6350451209,-12.0180275731,18.4906611592,22.9118247412,26.6351061199,13.7991045733
1401,60.0,45.0,45.0,100.0,66.027152043,-19.9178703971,-3.2497273143,28.6525710367,35.358915161,31.2325298879
1402,40.0,27.0,27.0,100.0,59.3339994068,-22.1568878941,-24.3954779152,21.3662756847,27.390446081,37.8758277349
1403,20.0,12.0,12.0,100.0,79.7574958834,-2.4541129456,2.8121274247,53.2825249398,56.2528297016,44.0829090648
1404,10.0,6.0,6.0,100.0,54.8212501436,43.286842182,0.770336339571,32.6662025307,22.7570937386,18.4238409986
1405,100.0,0.0,0.0,70.0,79.8739288914,2.47992846706,4.02956913257,55.4284989447,56.458275339,43.2595772439
1406,0.0,100.0,0.0,70.0,78.2955519891,-3.43581005554,56.2054066482,50.4951193308,53.7155038465,12.4140889653
1407,0.0,0.0,100.0,70.0,80.9882491611,-0.655620611543,8.04881677278,56.0981746827,58.4498486286,41.5931218325
1408,100.0,100.0,0.0,70.0,35.4864053867,1.23429701423,3.7266611046,8.57314685207,8.7438711235,6.34358539123
1409,100.0,0.0,100.0,70.0,80.1495259675,-0.125511117443,5.12438261909,54.8634432102,56.9465573876,42.7628441566
1410,0.0,100.0,100.0,70.0,69.0449657393,-3.9958633626,-1.24060127493,36.7707012132,39.4068629864,33.3470900356
1411,40.0,40.0,0.0,70.0,65.0455576938,24.1421946668,-1.67587696199,40.1874111367,34.1046563339,29.1645767122
1412,40.0,0.0,40.0,70.0,47.8326539089,-15.4418544734,6.46408814603,13.5117161281,16.6630591309,11.4656937826
1413,0.0,40.0,40.0,70.0,34.7009905835,2.49346067219,-0.976695180346,8.3304204857,8.34978640499,7.12296476631
1414,3.0,3.0,0.0,0.0,55.9861895896,2.71933928625,21.9122365511,23.6566110878,23.8986621589,11.0102129934
1415,3.0,0.0,3.0,0.0,55.7209082222,-12.4933731724,-22.9467045405,20.1384738897,23.6354227093,32.4976181242
1416,0.0,3.0,3.0,0.0,48.7247851572,-14.1969382891,3.08376005876,14.3219130181,17.3715225709,13.177611005
1417,3.0,3.0,3.0,0.0,36.0539697763,1.51169332737,2.8600684462,8.89091661905,9.03623671082,6.76551332178
1418,3.0,0.0,0.0,3.0,56.6922013025,4.96857423927,17.9831488389,24.8769972245,24.6087465873,12.7586204991
1419,0.0,3.0,0.0,3.0,54.0788581824,-17.3319589159,-9.30980560459,17.8077656363,22.0489079145,22.7303230708
1420,3.0,3.0,0.0,3.0,40.5832680665,-11.7418605667,8.38192353684,9.65194619919,11.606201712,7.31399627995
1421,0.0,0.0,3.0,3.0,42.347756867,2.27649237865,0.324462669585,12.6080812068,12.7261936106,10.3991674067
1422,3.0,0.0,3.0,3.0,37.801249354,-4.28002956592,4.70511027274,9.09792559621,9.97707219394,7.04191727057
1423,0.0,3.0,3.0,3.0,37.4865850286,10.7759418427,-0.194904307768,10.8414810857,9.80303702972,8.13992504417
1424,3.0,3.0,3.0,3.0,35.1021300276,2.74016878354,1.10249097819,8.55581456797,8.54954574449,6.79275752788
1425,7.0,7.0,0.0,0.0,72.4590043064,12.367334559,6.34166223818,47.0599342624,44.3457671478,32.2127788299
1426,7.0,0.0,7.0,0.0,50.3451626566,21.3700830027,13.7418456883,22.3954637758,18.7091398719,10.5150977845
1427,0.0,7.0,7.0,0.0,60.7595219835,-7.95225471298,-10.366991553,25.9738080973,28.9749581182,29.9772178995
1428,7.0,7.0,7.0,0.0,43.1401800622,1.00596637185,0.866476979629,12.9305088098,13.2517721407,10.6577154786
1429,7.0,0.0,0.0,7.0,54.4400907143,-15.1532488115,-18.9173435186,18.5179274217,22.3916322101,28.5234933439
1430,0.0,7.0,0.0,7.0,57.613508244,-29.8604469992,13.6554928506,18.3205286062,25.5563354089,14.9864483619
1431,7.0,7.0,0.0,7.0,64.6011261611,-0.361418443691,1.50408226678,32.248052382,33.5466657708,26.7904522887
1432,0.0,0.0,7.0,7.0,49.3978345503,-11.0129774932,4.963267143,15.3321594056,17.9190976847,12.9173676282
1433,7.0,0.0,7.0,7.0,51.0429492809,25.03497638,-2.25857002067,23.8860284669,19.3056916552,16.8813143224
1434,0.0,7.0,7.0,7.0,41.8153089016,4.21223004075,-2.95157661729,12.5546052175,12.3809674965,11.1501810117
1435,7.0,7.0,7.0,7.0,59.6941233689,-21.9666827084,-23.3567186957,21.7375569277,27.7851357756,37.5689123084
1436,40.0,3.0,0.0,0.0,80.7418813569,-0.92817150654,4.58241032008,55.5618303999,58.0055593587,44.0233934554
1437,3.0,40.0,0.0,0.0,54.4067911585,42.3559101651,0.889163306577,31.9081209185,22.3598912384,18.0468010297
1438,40.0,0.0,3.0,0.0,80.9398142104,0.797717049264,5.01641390097,56.6014815174,58.3623245622,43.9479301941
1439,40.0,3.0,3.0,0.0,78.1207595825,-3.45205271827,56.461190387,50.2063689956,53.4173454954,12.2200452512
1440,0.0,40.0,3.0,0.0,80.8145099576,-0.341037457859,6.62842604996,55.923250007,58.1362998239,42.4779798975
1441,3.0,40.0,3.0,0.0,34.9345053011,1.21611416738,3.58999135415,8.2998376898,8.46568899436,6.16297439445
1442,40.0,40.0,3.0,0.0,80.3668647215,-0.206346885778,5.12718205238,55.204190007,57.333601152,43.0605332225
1443,3.0,0.0,40.0,0.0,59.408646375,-5.77989779946,-2.68616227664,25.1028485453,27.4719487389,24.1014013552
1444,0.0,3.0,40.0,0.0,67.2500055358,-14.846413474,-13.7720455489,31.4005291806,36.9639901201,40.1475771266
1445,3.0,3.0,40.0,0.0,69.8870788584,6.93210758662,-3.7362831893,41.3800336823,40.5891099776,36.0897714239
1446,40.0,3.0,40.0,0.0,50.9386458352,-9.40785592749,12.0686156357,16.7755498167,19.215726087,11.3830916834
1447,3.0,40.0,40.0,0.0,58.3624412214,-9.20877297524,-19.059571694,23.2764662949,26.3443172847,32.9433586698
1448,40.0,0.0,0.0,3.0,37.2109413249,12.9252762905,9.42222495192,10.9715468486,9.65225657786,5.75370260837
1449,40.0,3.0,0.0,3.0,68.5041063094,4.82887798132,12.8940878992,38.7818897092,38.6597883204,24.1567896724
1450,0.0,40.0,0.0,3.0,51.3942899912,-7.66703952253,8.58168724247,17.4524463129,19.6108012957,12.8541056545
1451,3.0,40.0,0.0,3.0,57.922367087,-13.3123325055,-4.82313511442,21.9563337267,25.8793656978,23.8702617313
1452,40.0,40.0,0.0,3.0,36.6828378967,12.5054361392,8.50598976489,10.609330156,9.36771169556,5.75490039701
1453,40.0,0.0,3.0,3.0,33.7703491311,3.54139751713,-6.02691658891,7.99982700196,7.89838126948,7.98885127638
1454,40.0,3.0,3.0,3.0,39.3734285495,14.8051058065,10.641729079,12.5646444099,10.8775296513,6.29597228609
1455,0.0,40.0,3.0,3.0,35.8733127254,-1.63802217573,-6.5033860044,8.43506072717,8.94248012313,9.10793575933
1456,3.0,40.0,3.0,3.0,44.6058027249,3.53258091039,18.4540885184,14.3179029707,14.261613279,6.56901359202
1457,40.0,40.0,3.0,3.0,39.2830654514,-7.76205060157,-6.63330641323,9.45073838766,10.8243638558,10.9286652071
1458,0.0,0.0,40.0,3.0,56.1084808861,-32.2293048155,13.5195343664,16.6787910052,24.0206674837,14.0314380924
1459,3.0,0.0,40.0,3.0,43.7470338208,9.86493162786,-15.0744693167,14.7489556691,13.6639127538,16.9832514713
1460,40.0,0.0,40.0,3.0,63.8230646133,-24.4953404028,27.4950058877,25.1765696418,32.5845122615,13.7767693395
1461,0.0,3.0,40.0,3.0,49.5197798048,29.9619690256,-3.69817849205,23.514093135,18.0195242226,16.3765333203
1462,3.0,3.0,40.0,3.0,78.5120280062,-3.99326252123,53.4067874539,50.6364458522,54.0863007736,13.5580278915
1463,40.0,3.0,40.0,3.0,42.1954630647,4.22323219566,-15.5992652497,12.801375022,12.626803357,16.0722618732
1464,0.0,40.0,40.0,3.0,54.9519746949,36.7166145039,20.7667362681,31.0062789261,22.8833442119,10.805420663
1465,3.0,40.0,40.0,3.0,49.9023310892,-9.09111751562,-16.0152977735,16.0383338112,18.3370032665,22.4717117564
1466,40.0,40.0,40.0,3.0,70.2896427304,9.88435408714,38.3938768769,42.9422358058,41.162528546,13.8709546993
1467,3.0,0.0,0.0,40.0,58.2674095234,-26.1111417416,-13.6574229758,19.6052881901,26.2434459128,29.3475337565
1468,0.0,3.0,0.0,40.0,59.2809012466,-22.0120894613,-23.9145941115,21.3484692844,27.3325695268,37.4557972334
1469,3.0,3.0,0.0,40.0,81.7562283234,-0.225620140089,5.19583913652,57.6197995732,59.8493369711,44.9543280822
1470,40.0,3.0,0.0,40.0,53.9328262132,43.4717629791,1.25998519237,31.6521933462,21.91135685,17.5182869416
1471,3.0,40.0,0.0,40.0,81.4911396262,-0.104850491266,5.14748043155,57.2013878767,59.363769987,44.6177521407
1472,0.0,0.0,3.0,40.0,77.6576355621,-3.49089224586,56.6251971821,49.4481881658,52.6326941404,11.8896105498
1473,3.0,0.0,3.0,40.0,81.0513491155,-0.272961568566,5.8036183968,56.362540345,58.5640041942,43.4659031828
1474,40.0,0.0,3.0,40.0,35.7714014856,1.22545809058,3.75473227479,8.7144768142,8.88987793172,6.44782791179
1475,0.0,3.0,3.0,40.0,81.2267212405,-0.24031324096,5.10114145822,56.6820888927,58.8820542972,44.2821541621
1476,3.0,3.0,3.0,40.0,49.6789148036,-6.2176583028,-3.55425187574,16.3749581938,18.1511412996,16.4315277573
1477,40.0,3.0,3.0,40.0,80.3804597186,-0.075602105199,3.94772010098,55.2797546675,57.3578696631,44.0327973843
1478,0.0,40.0,3.0,40.0,55.7158053864,-32.6642135075,15.9665876999,16.2995853779,23.6303781928,12.8777660011
1479,3.0,40.0,3.0,40.0,51.2677435895,20.8854342992,-11.4710947745,23.1675394227,19.5005388653,21.3519805008
1480,40.0,40.0,3.0,40.0,67.378945742,-19.5789753183,36.2531533659,30.2705490325,37.1360092174,12.8141158991
1481,3.0,0.0,40.0,40.0,45.6125619373,5.41288715642,-20.1662273196,15.350851667,14.9842094693,20.8260286822
1482,0.0,3.0,40.0,40.0,56.44970968,-31.7658379091,12.8079283548,17.0286253679,24.3632925879,14.5310903935
1483,3.0,3.0,40.0,40.0,50.2798063797,19.9896406475,-2.23714514883,22.0340698586,18.6539034897,16.3131761043
1484,40.0,3.0,40.0,40.0,69.0359410216,-18.1070533481,32.3880366987,32.6314420414,39.3943191018,15.3712784807
1485,3.0,40.0,40.0,40.0,44.9844814373,2.05709682418,-12.4733733721,14.3433484366,14.5306164121,16.782312912
