SAMPLE_ID,CMYK_C,CMYK_M,CMYK_Y,CMYK_K,LAB_L,LAB_A,LAB_B,XYZ_X,XYZ_Y,XYZ_Z
1,0.0,0.0,0.0,0.0,57.9928744625,5.75699984901,11.0183996731,26.4067031386,25.9534878006,16.3311806087
2,0.0,10.0,0.0,0.0,43.0639143944,3.60300022383,4.51037673416,13.2773864524,13.2005707834,9.5077623165
3,0.0,20.0,0.0,0.0,30.9104799408,2.12999146388,2.16377217775,6.58110400448,6.61356552915,5.03053443248
4,0.0,30.0,0.0,0.0,77.6852743426,5.01609594557,10.027616,52.7150520134,52.6793043118,35.8629412955
5,0.0,40.0,0.0,0.0,31.9706247654,2.63526023609,1.79289980605,7.08373912124,7.07216128502,5.46395769867
6,0.0,55.0,0.0,0.0,68.5408921808,0.466832252356,5.24664580087,37.4718197121,38.7102978126,28.6136525451
7,0.0,70.0,0.0,0.0,39.8227109529,9.48946500942,-0.853182944245,12.068831858,11.144454182,9.44205368114
8,0.0,85.0,0.0,0.0,63.8283558714,0.583005349513,4.44772427758,31.587370876,32.5909925122,24.3673427559
9,0.0,100.0,0.0,0.0,31.4336604258,1.38613256105,1.19876748471,6.72820839652,6.83732073433,5.39704297474
10,10.0,0.0,0.0,0.0,71.9081078777,4.86274157239,9.19075978989,43.6050748488,43.5223993589,29.7659478414
11,10.0,10.0,0.0,0.0,32.3964460562,1.45043987608,1.2915693473,7.14997143139,7.26217056447,5.71808897982
12,10.0,20.0,0.0,0.0,43.725087897,1.07615558207,3.70611841233,13.3272861022,13.6488614431,10.0890223464
13,10.0,30.0,0.0,0.0,35.4954345168,1.94245505111,1.45599544311,8.65953744445,8.7484721475,6.86907110691
14,10.0,40.0,0.0,0.0,68.920270704,8.22674778221,5.98109236861,40.4416430868,39.2337790587,28.5645967227
15,10.0,55.0,0.0,0.0,47.8493069807,-5.9258065726,-12.6082305196,15.0641639294,16.6761040305,19.0493848266
16,10.0,70.0,0.0,0.0,72.6834917612,5.35013842884,4.78636789222,44.9235006006,44.6842409999,33.5140368778
17,10.0,85.0,0.0,0.0,33.2094270893,1.67538641153,1.19304160116,7.53757785889,7.63433053108,6.03711280623
18,10.0,100.0,0.0,0.0,63.4162936177,0.0549733256359,3.22113126607,30.9581011207,32.0889034078,24.6517342112
19,20.0,0.0,0.0,0.0,34.7668698394,2.10305310976,0.885853747729,8.31839092586,8.38237705689,6.70846190381
20,20.0,10.0,0.0,0.0,58.1247436254,0.615249062287,2.82354376304,25.3065149118,26.0924971783,20.13339464
21,20.0,20.0,0.0,0.0,76.0349694902,0.989176534674,6.04120039848,48.5220971172,49.9441527717,36.679400562
22,20.0,30.0,0.0,0.0,50.5915942865,0.554242817269,2.94209912933,18.3488078517,18.9183941773,14.4401438241
23,20.0,40.0,0.0,0.0,43.1836029719,1.35292758942,0.583434214583,13.0116392686,13.2809834034,10.771307345
24,20.0,55.0,0.0,0.0,41.7005629803,0.745140711,3.04573853842,11.9749593052,12.3073962666,9.25046326434
25,20.0,70.0,0.0,0.0,76.4101955602,1.08727625841,4.02060053059,49.1527135785,50.5575127718,38.6362371549
26,20.0,85.0,0.0,0.0,37.4814123899,1.16592856542,2.99708860959,9.59440179001,9.80019317656,7.32305675611
27,20.0,100.0,0.0,0.0,58.5634292247,-8.40104710762,-4.4598398105,23.653982197,26.5585066922,24.2742117014
28,30.0,0.0,0.0,0.0,70.023884088,-1.4577809869,2.93932817514,38.8652063623,40.783376172,31.6892910538
29,30.0,10.0,0.0,0.0,75.826792369,-0.249729045258,10.9234023958,47.7443729889,49.6060075034,33.0293152795
30,30.0,20.0,0.0,0.0,55.0112560875,-0.337483478788,2.8242434236,22.0485736577,22.9407502357,17.6485946996
31,30.0,30.0,0.0,0.0,44.3219010536,-0.37306981278,2.47408433141,13.5017649031,14.0621294683,10.7942340307
32,30.0,40.0,0.0,0.0,51.1691148453,-0.518414911685,3.00525392027,18.6213047598,19.4148888219,14.8042869886
33,30.0,55.0,0.0,0.0,81.1215083317,-0.114619486878,6.50397628105,56.5491043944,58.691105229,42.9998432435
34,30.0,70.0,0.0,0.0,32.1421631363,6.56047842012,-9.49414814811,7.56774396418,7.14830102472,8.16233334941
35,30.0,85.0,0.0,0.0,41.4837171855,20.3910900697,17.0733446374,14.8768180695,12.1691589679,5.69430326061
36,30.0,100.0,0.0,0.0,38.6866129422,-2.36126508224,-11.9827284809,9.80307023843,10.4777760057,12.3780139686
37,40.0,0.0,0.0,0.0,67.843014241,6.9842758076,22.34292266,38.5634816121,37.7595388806,18.8270329106
38,40.0,10.0,0.0,0.0,53.5347687231,-24.5344586995,5.54199962107,16.0757596821,21.5393243345,15.4197249993
39,40.0,20.0,0.0,0.0,52.432631761,-25.351887681,8.01395815448,15.1195510084,20.5312673934,13.7176982195
40,40.0,30.0,0.0,0.0,67.0655178294,17.3004661254,22.9360308978,40.792463344,36.7187901125,17.9474762773
41,40.0,40.0,0.0,0.0,43.1963237823,-5.19722534498,0.272084590263,12.0478160604,13.2895490117,10.8778060501
42,40.0,55.0,0.0,0.0,42.0448905247,22.2739091994,5.81142774086,15.6042846039,12.5290465158,8.63940515254
43,40.0,70.0,0.0,0.0,32.549767334,2.66271386283,-1.81941015871,7.34295861261,7.33140972429,6.45226307639
44,40.0,85.0,0.0,0.0,40.2064176856,10.1108917162,-12.8828419284,12.4012273976,11.3758472422,13.6493767227
45,40.0,100.0,0.0,0.0,41.8233688732,21.6956635109,9.2586664335,15.3423640518,12.3861462715,7.62877036493
46,55.0,0.0,0.0,0.0,37.1913803488,-5.6700799385,-4.19742548701,8.62449615009,9.64161563696,9.09841815477
47,55.0,10.0,0.0,0.0,51.1255185609,6.78434316979,15.4913085427,20.0307272977,19.3771095046,10.3889741264
48,55.0,20.0,0.0,0.0,50.6546898985,-26.5986997196,11.1435841431,13.6695203572,18.9722207464,11.5275925169
49,55.0,30.0,0.0,0.0,42.0228172652,31.1345653117,7.18514941344,17.1592639358,12.5147583466,8.2570240586
50,55.0,40.0,0.0,0.0,69.135287498,-12.7302924432,25.7159709947,34.2897362999,39.5325522127,18.3028183135
51,55.0,55.0,0.0,0.0,44.9328328943,32.3381905896,0.789641652903,19.8005223308,14.4937291713,11.6912040879
52,55.0,70.0,0.0,0.0,56.3791182078,-28.0415724714,5.18415008406,17.6590746637,24.2921467331,17.6479202337
53,55.0,85.0,0.0,0.0,38.7577036134,10.9146229785,-9.62998414801,11.616367865,10.5186913677,11.614961474
54,55.0,100.0,0.0,0.0,54.725261798,-1.16991997044,31.0614257599,21.6048007275,22.6646868787,7.74114255214
55,70.0,0.0,0.0,0.0,37.1093366526,22.3764828766,-1.22347000625,12.2421339699,9.59707001905,8.2402556452
56,70.0,10.0,0.0,0.0,48.5604262807,-9.44119430004,20.0087896421,14.9887332146,17.2395212145,7.84989840665
57,70.0,20.0,0.0,0.0,34.0779249351,10.2299155039,-7.96553950854,8.91464720041,8.04572170927,8.65063329239
58,70.0,30.0,0.0,0.0,41.3844113293,-17.5671224311,9.01183236171,9.35909644629,12.1061994557,7.50043678632
59,70.0,40.0,0.0,0.0,49.6555681438,36.2835556367,12.8299291913,25.1085864835,18.1317918065,10.428504887
60,70.0,55.0,0.0,0.0,57.4420150324,-2.78809373419,25.184648032,23.8310992856,25.3781397549,10.7656566689
61,70.0,70.0,0.0,0.0,43.4460399931,15.7409735919,1.22030168362,15.5196497329,13.4584430247,10.7126862385
62,70.0,85.0,0.0,0.0,49.0485329804,-15.0543466259,11.6191569435,14.4093977013,17.633501204,10.4797579101
63,70.0,100.0,0.0,0.0,47.1181233258,24.071226068,-2.14441187692,20.0334929083,16.1097301312,14.0935775863
64,85.0,0.0,0.0,0.0,62.0382321779,3.12604298974,41.9996838093,30.1863667331,30.4472659168,8.17587243432
65,85.0,10.0,0.0,0.0,30.0351918848,7.10734782201,-0.948133187616,6.69818176589,6.25022865311,5.34412236513
66,85.0,20.0,0.0,0.0,45.1066267161,-20.2141976434,9.2246912291,11.093399858,14.6181011302,9.16256389268
67,85.0,30.0,0.0,0.0,43.7567500147,-14.5124975084,17.8608047864,11.0774317662,13.6705800044,6.37161475915
68,85.0,40.0,0.0,0.0,49.1574541603,3.57989965008,-0.941542474725,17.7513329138,17.7222293983,14.9934482217
69,85.0,55.0,0.0,0.0,39.5745899879,-2.28219340911,10.4881145158,10.30368912,10.9965090048,6.40805837783
70,85.0,70.0,0.0,0.0,49.0861884656,24.344628567,7.26084211226,21.8636933275,17.6641421331,11.9247648914
71,85.0,85.0,0.0,0.0,39.1375400204,9.70783482899,3.16654216089,11.6772190026,10.7391075148,8.004602729
72,85.0,100.0,0.0,0.0,42.8230941155,22.654576963,-8.99386567582,16.2548338084,13.0397608585,13.8828801967
73,100.0,0.0,0.0,0.0,48.4206917963,32.7405740799,7.28088057504,23.0745040087,17.1278237444,11.531252748
74,100.0,10.0,0.0,0.0,46.3277592452,4.20046187839,-2.74375467839,15.6709032619,15.51209921,13.8047246749
75,100.0,20.0,0.0,0.0,47.1516284132,1.45513797134,16.6770841711,15.8101589138,16.135398408,8.08505384463
76,100.0,30.0,0.0,0.0,45.1006622994,-12.2262590154,-3.00817396142,12.2191486685,14.6138210738,13.120657311
77,100.0,40.0,0.0,0.0,54.4231592789,-21.1570405225,-2.45802198642,17.3721286346,22.3754894987,19.6062175531
78,100.0,55.0,0.0,0.0,48.1574618425,1.92153398008,10.9216892458,16.6571043929,16.9187220364,10.2196081865
79,100.0,70.0,0.0,0.0,39.3664246101,-1.59488532142,-0.471477352384,10.2763598486,10.8734026219,9.10528681401
80,100.0,85.0,0.0,0.0,39.1893345209,17.2785692703,5.18675938877,12.8161190109,10.7693999095,7.51056460967
81,100.0,100.0,0.0,0.0,41.8197231276,21.4673558126,-6.80412155349,15.3009462074,12.3838035911,12.4562085293
82,0.0,0.0,10.0,0.0,37.5985128761,2.19406045882,-0.651847811813,9.78609655977,9.86470841189,8.3128748966
83,0.0,10.0,10.0,0.0,50.6052158154,-16.7208895909,1.62013532666,15.2467892773,18.9300060108,14.9674407978
84,0.0,20.0,10.0,0.0,44.7529435014,12.6374077424,0.840358421579,15.9567364375,14.365740125,11.5702329849
85,0.0,30.0,10.0,0.0,61.7605279081,-0.445628815352,18.254145973,28.9321336086,30.1233753445,16.0221822114
86,0.0,40.0,10.0,0.0,51.4514408129,33.0618851956,14.5276940721,26.1899203068,19.6607338984,10.8705465094
87,0.0,55.0,10.0,0.0,47.1123745254,-14.569547206,-8.23601946156,13.1662666603,16.1053287081,16.5401094124
88,0.0,70.0,10.0,0.0,54.0184333081,22.9035295408,2.55425145747,26.4104406417,21.9919226515,17.018046077
89,0.0,85.0,10.0,0.0,53.1651477721,-5.6089350618,15.4924293888,19.3086633636,21.1976618434,11.5207726316
90,0.0,100.0,10.0,0.0,46.6203133315,3.89475610273,-10.8521481968,15.8360784805,15.7315582021,17.300871936
91,10.0,0.0,10.0,0.0,62.9946041819,11.081251619,32.7535120483,33.5239384259,31.5804500106,11.4165784248
92,10.0,10.0,10.0,0.0,31.2182861099,-0.51606073767,-4.0506498349,6.45444849788,6.74460764434,6.43769463551
93,10.0,20.0,10.0,0.0,48.7079718829,-14.813677919,16.466671158,14.2103698221,17.3579885139,8.87041830354
94,10.0,30.0,10.0,0.0,32.7796948626,6.87727019269,2.7501320831,7.89745498847,7.4360665895,5.55311131524
95,10.0,40.0,10.0,0.0,56.8954145506,3.67690930649,32.5839988492,24.7796447315,24.8157075631,8.32216999876
96,10.0,55.0,10.0,0.0,45.4595788514,-4.68952940486,-0.063480947857,13.5935998896,14.8728696668,12.2937414193
97,10.0,70.0,10.0,0.0,59.9490521218,-15.6291241705,15.2741020247,23.3704603297,28.0668133464,15.9628280039
98,10.0,85.0,10.0,0.0,54.0214433797,14.3539463905,15.5221328895,24.3817176075,21.9947590521,12.0094161352
99,10.0,100.0,10.0,0.0,71.2953372935,-0.00255877215,36.0298190149,41.0960928439,42.6185995209,15.4739384605
100,20.0,0.0,10.0,0.0,35.014640708,17.1838446522,-3.72260766114,10.279096464,8.50570917238,7.94743504911
101,20.0,10.0,10.0,0.0,37.5816931309,10.194106108,10.2091033561,10.8183312753,9.85542439579,5.72279845453
102,20.0,20.0,10.0,0.0,42.571318438,6.73267795342,-4.57846821488,13.4332580984,12.8730374468,12.1327812002
103,20.0,30.0,10.0,0.0,57.6091922054,-8.67518360955,5.87487475507,22.673184995,25.5518404868,18.2885440548
104,20.0,40.0,10.0,0.0,64.1853219152,-19.0897543995,11.1682619801,26.8593771924,33.0301589439,21.1677233206
105,20.0,55.0,10.0,0.0,64.0943694472,-8.72992909174,12.3752358001,29.394936977,32.9178902098,20.493523896
106,20.0,70.0,10.0,0.0,57.516684377,1.37418366446,8.76813877542,24.8674826701,25.455625225,16.9393531321
107,20.0,85.0,10.0,0.0,50.6376979333,14.1597744416,4.26631932124,21.1199090555,18.9577149491,13.9634827372
108,20.0,100.0,10.0,0.0,38.1496778388,11.7834083645,-0.888296981069,11.3708661436,10.1721712687,8.63496297329
109,30.0,0.0,10.0,0.0,36.0506151253,14.7551582927,4.21146622838,10.5463038442,9.03448978545,6.45341018596
110,30.0,10.0,10.0,0.0,45.790830612,32.1934257458,-1.18518874546,20.5247639609,15.1146512841,12.8920328923
111,30.0,20.0,10.0,0.0,37.4811279785,11.8560255847,2.20141795263,10.9845050349,9.80003682662,7.52062633475
112,30.0,30.0,10.0,0.0,41.8159104484,4.21410548614,4.73839471495,12.5552693304,12.3813539586,8.82723058856
113,30.0,40.0,10.0,0.0,45.0062574704,-1.82233090367,6.50226745734,13.7372192414,14.54618753,9.91103000643
114,30.0,55.0,10.0,0.0,59.8424409937,-13.5467254462,6.21342991064,23.7373551846,27.9487854213,19.927092439
115,30.0,70.0,10.0,0.0,59.6365417107,18.3874262393,21.9731825232,31.5149139565,27.7217742879,13.1499240602
116,30.0,85.0,10.0,0.0,55.3059153403,10.773692509,13.6177004945,24.8370995862,23.2275128998,13.4759687687
117,30.0,100.0,10.0,0.0,51.0199795449,0.504901917179,5.85012018162,18.6949501451,19.2858553532,13.6162506144
118,40.0,0.0,10.0,0.0,46.3582970609,-7.13569478771,-1.33172341142,13.8185592301,15.5349110885,13.300157601
119,40.0,10.0,10.0,0.0,44.0298498189,2.34298584506,-16.0021136531,13.730381072,13.858869422,17.6012276482
120,40.0,20.0,10.0,0.0,46.1530445864,12.2416246051,20.4875451655,16.9604760643,15.3820158657,6.71535001462
121,40.0,30.0,10.0,0.0,44.2192927279,10.4034315783,-2.30574232618,15.1790147161,13.9904918766,12.3298958179
122,40.0,40.0,10.0,0.0,41.0280400496,3.0022344066,11.3030304611,11.8827814659,11.8820498504,6.79663385674
123,40.0,55.0,10.0,0.0,39.0624243071,0.611168882494,-9.69043846712,10.3932884165,10.6952765463,11.8122754242
124,40.0,70.0,10.0,0.0,36.6350242176,-6.87204663521,3.04423062377,8.21459880147,9.34222910615,6.95831573202
125,40.0,85.0,10.0,0.0,63.490356177,10.8496896543,24.4459131264,34.0719287072,32.1787641883,14.7268050036
126,40.0,100.0,10.0,0.0,59.5544749631,3.40299730926,17.5531601,27.4890972753,27.6316365748,14.7687277714
127,55.0,0.0,10.0,0.0,54.2935580951,-6.00051138315,8.95469964721,20.2078978115,22.2521824856,14.5839326956
128,55.0,10.0,10.0,0.0,51.0341043269,-11.5158824866,-23.1150984872,16.4715071315,19.2980516828,27.5147252528
129,55.0,20.0,10.0,0.0,59.009505243,6.30395892142,-0.0285333703716,27.627653571,27.0380231165,22.3239668158
130,55.0,30.0,10.0,0.0,38.1169892302,-0.259127099307,15.2231275902,9.75863289051,10.1537604425,4.9098954825
131,55.0,40.0,10.0,0.0,32.8511057684,-1.78773221857,0.257353903954,7.0202168757,7.46877245275,6.10620195802
132,55.0,55.0,10.0,0.0,33.1487830326,-8.50047160798,6.29298134777,6.48661616062,7.60614041721,4.97893448622
133,55.0,70.0,10.0,0.0,50.3703458313,-5.36855632277,28.9029071231,17.0638205452,18.7304527024,6.45290089904
134,55.0,85.0,10.0,0.0,42.7588298785,-4.5094932062,-9.11335089602,11.8754149014,12.9970697119,13.8861564329
135,55.0,100.0,10.0,0.0,44.1570671106,7.49010936919,19.0374176265,14.6486689545,13.9471668377,6.26306857013
136,70.0,0.0,10.0,0.0,42.3839045472,4.94794895084,-4.51320909575,13.0341862417,12.7498607121,11.9993574451
137,70.0,10.0,10.0,0.0,44.5247544437,31.0350260643,13.9371669387,19.1902659669,14.2044734943,7.62347263678
138,70.0,20.0,10.0,0.0,48.1278231907,41.9434959322,2.9364492905,24.8909504944,16.8952851759,12.85890745
139,70.0,30.0,10.0,0.0,41.8510187314,12.7570619497,-4.9962019318,13.8923379888,12.4039231143,11.8508224774
140,70.0,40.0,10.0,0.0,54.1218288477,22.0551130348,9.9133104106,26.3122889872,22.089492365,14.1002967286
141,70.0,55.0,10.0,0.0,41.1893796197,-8.03054325733,7.07743933085,10.4623918745,11.9831829154,7.90746669811
142,70.0,70.0,10.0,0.0,52.3718728522,-4.19265474378,7.42897950739,18.9147249931,20.4766289793,13.8981877932
143,70.0,85.0,10.0,0.0,65.6090028207,-5.39908801258,15.7310360416,32.0551564736,34.8209203757,20.1316562495
144,70.0,100.0,10.0,0.0,41.3308204011,-7.50705602287,1.23511959256,10.6122417545,12.0723134187,9.59217168959
145,85.0,0.0,10.0,0.0,43.9620303328,8.48319646233,8.08327796899,14.6737889038,13.811950767,8.92670821504
146,85.0,10.0,10.0,0.0,35.1221853406,5.18004509677,-1.67961302526,8.84989182694,8.5596156447,7.47407074492
147,85.0,20.0,10.0,0.0,47.997378855,41.8886999074,5.04897155834,24.7464958275,16.7923931312,12.0391809407
148,85.0,30.0,10.0,0.0,38.6023819946,-11.8763483058,2.55125019829,8.61011370327,10.4294354173,7.92454626372
149,85.0,40.0,10.0,0.0,34.9591914881,6.44347678771,-5.11954406724,8.91608145774,8.47800403804,8.2906907827
150,85.0,55.0,10.0,0.0,44.3238072167,-2.59841426041,11.5180451578,13.1588192757,14.0634625941,8.1598560718
151,85.0,70.0,10.0,0.0,38.4899744818,17.7500221483,1.48493420449,12.4367385,10.3651560736,8.15318238547
152,85.0,85.0,10.0,0.0,49.439989312,6.50787747403,20.6219822771,18.5389200868,17.9537714154,8.08519897904
153,85.0,100.0,10.0,0.0,44.851348121,3.05589341844,-1.25140327104,14.4124814211,14.4356600062,12.3422417701
154,100.0,0.0,10.0,0.0,62.6941736526,-10.3566220748,16.9559191165,27.4323897911,31.2215004232,17.2596183553
155,100.0,10.0,10.0,0.0,53.2337387008,22.0343615165,13.5414279521,25.3865685314,21.2607894329,12.2238932593
156,100.0,20.0,10.0,0.0,73.9221724994,5.55089226938,35.5797687027,46.8773795183,46.5828874369,17.5820598909
157,100.0,30.0,10.0,0.0,51.8287390461,13.5218662794,11.718119579,22.0792227746,19.9925072784,12.0174618179
158,100.0,40.0,10.0,0.0,50.3235936561,-11.7225689331,-9.2702518099,15.8960299129,18.6908986203,19.4849224602
159,100.0,55.0,10.0,0.0,33.2113968082,1.51714160786,5.89062594105,7.521748917,7.63524731196,5.07673509602
160,100.0,70.0,10.0,0.0,58.9424644132,-0.733320748766,3.12489060466,25.8261139928,26.9655910201,20.6738927354
161,100.0,85.0,10.0,0.0,45.6500661441,21.7496529568,18.393330043,18.3288550462,15.011589261,7.00461031889
162,100.0,100.0,10.0,0.0,54.3632056107,-23.1605655842,6.77145088241,16.9580124002,22.3183910547,15.500326453
163,0.0,0.0,20.0,0.0,48.6311248652,4.84040873028,6.00815220861,17.5632449807,17.2962190243,12.0850276442
164,0.0,10.0,20.0,0.0,65.4097128055,-6.93108108593,26.121449304,31.3958838569,34.5664436977,15.3771207901
165,0.0,20.0,20.0,0.0,56.7413245819,23.0912485368,21.9476540407,29.428236245,24.6586699385,11.4246396363
166,0.0,30.0,20.0,0.0,38.2189058948,27.889380152,2.7227409411,13.8092913828,10.2112352305,7.71037779475
167,0.0,40.0,20.0,0.0,34.2495531924,0.010217928816,3.59784187163,7.83960765447,8.12872901231,5.90568605581
168,0.0,55.0,20.0,0.0,47.4455289668,15.5045703029,2.28531012466,18.616095099,16.3617254191,12.6715695854
169,0.0,70.0,20.0,0.0,48.4181946174,-15.2210504256,1.57485941934,13.9446646406,17.1258320125,13.5379906738
170,0.0,85.0,20.0,0.0,75.4283639583,-5.58058195815,27.9193971734,45.2373754895,48.963096756,22.5111035198
171,0.0,100.0,20.0,0.0,74.0224908468,5.86881562214,28.1660100439,47.1462921049,46.7389668603,21.1491838386
172,10.0,0.0,20.0,0.0,48.1825648199,-16.6438999216,3.85275416922,13.5595644119,16.9385892421,12.5665546834
173,10.0,10.0,20.0,0.0,57.9977120361,31.9208467713,16.8048175699,33.324455427,25.9585785658,14.0208082612
174,10.0,20.0,20.0,0.0,34.2814654164,2.03995708285,-7.31835341915,8.07729523953,8.1442259022,8.56936413661
175,10.0,30.0,20.0,0.0,38.2126051657,25.2668903332,10.3494308491,13.3939064395,10.2076757295,5.92304029467
176,10.0,40.0,20.0,0.0,42.8230866035,31.1776248299,3.59690957214,17.8065136225,13.0397558627,9.65453519532
177,10.0,55.0,20.0,0.0,33.9454680661,0.860438417652,-4.21253052927,7.78971361721,7.98204725959,7.60061609449
178,10.0,70.0,20.0,0.0,46.6618102416,12.9637501543,12.2984366034,17.4954614738,15.7628536581,9.05082066317
179,10.0,85.0,20.0,0.0,39.0678841398,-10.8597964278,-2.90788953992,8.96427198668,10.6984584011,9.66351291107
180,10.0,100.0,20.0,0.0,70.6529822908,1.67393508448,23.6182031671,40.7392364987,41.6846898862,20.5253205712
181,20.0,0.0,20.0,0.0,56.3901863237,-0.0300707808715,12.6924004918,23.4287850046,24.303292603,14.5361078016
182,20.0,10.0,20.0,0.0,36.8842659542,20.0187223195,6.42442231275,11.7621816885,9.4755728345,6.27943161139
183,20.0,20.0,20.0,0.0,49.3471373191,-7.74743464816,2.19068692863,15.8554083616,17.8774566463,13.906959111
184,20.0,30.0,20.0,0.0,33.2562548456,8.51302915887,0.00486762436444,8.30695411034,7.65614579461,6.31603495906
185,20.0,40.0,20.0,0.0,42.5424340747,-15.3633795354,-7.68896879431,10.2661154523,12.8540018763,13.2190058577
186,20.0,55.0,20.0,0.0,44.8668762504,25.6135771949,8.03189880991,18.4223732058,14.4467139603,9.38724451419
187,20.0,70.0,20.0,0.0,58.2733322933,-1.80658267521,13.8064352602,24.8863919346,26.2497250986,15.3815266673
188,20.0,85.0,20.0,0.0,47.2186609428,32.5522364866,9.89619336305,21.8976845373,16.1868339007,10.0382886433
189,20.0,100.0,20.0,0.0,49.0077200504,-13.8347749643,0.392080429584,14.5801037272,17.6003310445,14.3702451227
190,30.0,0.0,20.0,0.0,40.5306558566,11.482288216,-2.71621741826,12.8139005736,11.5738567974,10.3704922326
191,30.0,10.0,20.0,0.0,61.6645945038,3.44654894789,31.1900172798,29.8435720285,30.0120229288,11.1767035991
192,30.0,20.0,20.0,0.0,46.632566528,26.649845419,7.58423977564,20.1322286868,15.7407948021,10.4389871557
193,30.0,30.0,20.0,0.0,53.2392461304,-7.84684109923,18.5751695676,18.9312329888,21.2658636185,10.5642176365
194,30.0,40.0,20.0,0.0,40.7659758524,5.19723960869,-4.04260321379,12.0360825212,11.7189946688,10.9177472065
195,30.0,55.0,20.0,0.0,64.20703205,5.52810770421,4.52522507274,33.4304374158,33.0569949041,24.6845206596
196,30.0,70.0,20.0,0.0,32.2445220138,11.6842980707,7.37911694363,8.17341984033,7.19399375011,4.49205881294
197,30.0,85.0,20.0,0.0,55.6778843365,-4.66701946772,-7.13864670332,21.7350471279,23.5929130202,23.0386570201
198,30.0,100.0,20.0,0.0,29.7496188799,0.493031817396,1.65435472831,5.96008018179,6.13463140854,4.74986141503
199,40.0,0.0,20.0,0.0,76.61589956,-4.82814487836,10.9115496892,47.31940774,50.8958861425,33.9605083518
200,40.0,10.0,20.0,0.0,42.2013158698,7.25135038404,-14.4986401992,13.2666291309,12.6306134299,15.6229720064
201,40.0,20.0,20.0,0.0,65.1738649663,-17.2329956681,-6.50518914189,28.3974824843,34.2668912625,32.4024058441
202,40.0,30.0,20.0,0.0,48.9735504736,25.9992604274,-2.57108831499,22.1161740703,17.572592194,15.5206458724
203,40.0,40.0,20.0,0.0,54.9949901633,-18.1303559864,-24.0016119126,18.4054377374,22.9249893385,32.3670022095
204,40.0,55.0,20.0,0.0,41.5022527644,-5.52861221858,-13.3781166896,10.9774090381,12.1809345711,14.6928959625
205,40.0,70.0,20.0,0.0,43.4886292888,-3.31687547747,6.24790692087,12.5076217134,13.4873901014,9.21617677059
206,40.0,85.0,20.0,0.0,47.7745946295,6.56974602425,-3.96278369792,17.2009078027,16.6176325912,15.2478040148
207,40.0,100.0,20.0,0.0,50.3283555218,9.75216332917,17.6541083007,19.9358587133,18.6949247865,9.32754814517
208,55.0,0.0,20.0,0.0,54.5338657252,18.8966044179,5.93906976685,25.9772189173,22.4811794615,15.9622086622
209,55.0,10.0,20.0,0.0,72.0445856184,2.81668528153,6.66949446708,43.1100538325,43.7254203979,31.5285654681
210,55.0,20.0,20.0,0.0,40.3852644281,9.18951348163,-14.394644869,12.3790571061,11.4847857219,14.3395512847
211,55.0,30.0,20.0,0.0,60.8257050593,-11.1481707943,-8.41392765692,25.277747612,29.0499705349,28.833239033
212,55.0,40.0,20.0,0.0,46.1977048849,30.8634936297,-2.91056623902,20.6123069471,15.4151981095,13.7831579746
213,55.0,55.0,20.0,0.0,52.3751600143,-21.8418384279,-14.796534588,15.6750529996,20.4795825287,24.0925057206
214,55.0,70.0,20.0,0.0,37.9627083905,4.68680930081,-12.4006778328,10.306456185,10.0671664375,12.0901897406
215,55.0,85.0,20.0,0.0,66.2638940855,-3.22340793701,36.7442334359,33.4630750784,35.6659522052,11.9702721896
216,55.0,100.0,20.0,0.0,44.2369855556,15.6911881032,-7.2013124128,16.1018858942,14.0028269979,14.1276760038
217,70.0,0.0,20.0,0.0,54.8615853046,-19.4529930353,16.3316776827,18.0438579741,22.7959987531,12.2295710222
218,70.0,10.0,20.0,0.0,51.1985613409,35.1097749293,4.86555485484,26.4230395482,19.4404340939,14.1032084883
219,70.0,20.0,20.0,0.0,75.2371404626,6.71617637803,16.655088217,49.3644268965,48.65651819,28.6973143802
220,70.0,30.0,20.0,0.0,40.8762692869,13.2691714926,-10.9040811216,13.3139317244,11.7874357249,13.3444105543
221,70.0,40.0,20.0,0.0,63.6486865078,-8.07897821843,0.645478933981,29.0633484986,32.3714301702,26.3349460471
222,70.0,55.0,20.0,0.0,47.2670959624,34.212057413,2.32087627747,22.3025639252,16.2240670735,12.5501428137
223,70.0,70.0,20.0,0.0,51.9429609239,-23.6768717479,-5.72912332023,15.0463808473,20.0936780834,19.132842436
224,70.0,85.0,20.0,0.0,29.1645280518,2.77879637754,-1.84536961241,5.93874427515,5.90226169765,5.22448140195
225,70.0,100.0,20.0,0.0,58.5316995973,-0.880190465576,6.85014988826,25.3679134993,26.524616098,18.5688556888
226,85.0,0.0,20.0,0.0,31.8718914899,12.3065562132,4.56347208704,8.06406668156,7.02858327356,4.88959632821
227,85.0,10.0,20.0,0.0,49.8131802081,-12.5425542809,-5.43084107028,15.3764718994,18.2626864931,17.3374317475
228,85.0,20.0,20.0,0.0,41.3261540596,7.10065029845,-12.4894103035,12.6708885446,12.0693658444,14.2307452433
229,85.0,30.0,20.0,0.0,64.2951327796,-7.37473771079,36.2891168909,29.9807059767,33.1660456482,10.9937009977
230,85.0,40.0,20.0,0.0,48.097675865,26.9399947978,-0.402750336078,21.5073534701,16.8714682946,14.0734780098
231,85.0,55.0,20.0,0.0,52.5194713048,-24.4353186162,18.2737821182,15.3377619891,20.6095278359,10.2715490755
232,85.0,70.0,20.0,0.0,34.0000366795,5.12038586537,-4.12975961359,8.28590358224,8.00823854351,7.60347229366
233,85.0,85.0,20.0,0.0,52.7249806711,-16.6400985156,-3.08930366574,16.8599790425,20.795526076,18.5358455321
234,85.0,100.0,20.0,0.0,39.205453831,20.9511920577,2.15738674838,13.3882932198,10.7788390161,8.30252282608
235,100.0,0.0,20.0,0.0,62.9911255571,-5.83900156949,10.2298817425,28.9090429363,31.5762781422,20.6126917113
236,100.0,10.0,20.0,0.0,43.8088445813,34.7584482996,9.61440838134,19.3162864565,13.7063642782,8.43167040816
237,100.0,20.0,20.0,0.0,58.6478430604,32.5317380937,5.77858813827,34.3064453644,26.6488101216,19.157345123
238,100.0,30.0,20.0,0.0,53.399834031,-4.86908506439,-11.8164812497,19.657573013,21.4141740325,23.4375689973
239,100.0,40.0,20.0,0.0,51.3392928201,15.1871851986,-6.18197105801,21.9831388424,19.5628302277,18.859495168
240,100.0,55.0,20.0,0.0,62.9999144787,9.86965891515,0.946459178886,33.1850456269,31.5868192876,25.5228968088
241,100.0,70.0,20.0,0.0,43.8649936836,-1.60369455119,-17.3773212571,13.0086572173,13.745003519,18.0877046519
242,100.0,85.0,20.0,0.0,48.0151423699,29.666331296,1.45457913145,22.0157388517,16.8063800195,13.3259546468
243,100.0,100.0,20.0,0.0,54.4066888872,1.44181971001,29.2923164181,21.8702302316,22.3597938002,8.05706872769
244,0.0,0.0,30.0,0.0,42.4811180988,17.1060829134,-7.11285409622,15.0462382067,12.8136552214,12.9716387995
245,0.0,10.0,30.0,0.0,46.506055895,-11.4160390838,14.6275603196,13.2492938595,15.6456035121,8.33390849932
246,0.0,20.0,30.0,0.0,37.0151925642,2.89652362232,-15.7961404139,9.5597861278,9.54612379307,12.7064247702
247,0.0,30.0,30.0,0.0,60.424598089,19.9815751069,7.28949998486,32.9049511147,28.5973323578,19.8923855689
248,0.0,40.0,30.0,0.0,52.1066579733,-14.5118841738,-12.9874462189,16.7630230263,20.2392652238,22.8759357245
249,0.0,55.0,30.0,0.0,51.4618767838,2.74685656298,-6.79603253477,19.5101800658,19.6698609351,19.2439811583
250,0.0,70.0,30.0,0.0,62.8237431887,1.50868649041,2.82686802611,30.6605567885,31.3759725823,24.3063408453
251,0.0,85.0,30.0,0.0,42.1166014642,-2.65930669352,-12.6974111072,11.7444228975,12.5755405388,14.8416757536
252,0.0,100.0,30.0,0.0,39.526933842,-7.84162176381,-13.3135209172,9.57073676311,10.9682441818,13.3749269167
253,10.0,0.0,30.0,0.0,35.0817885472,4.0478247713,2.77696521928,8.69699925958,8.53934022856,6.40016287609
254,10.0,10.0,30.0,0.0,44.9394551194,0.0710816568143,-5.26985997625,13.992150899,14.4984552524,13.854568362
255,10.0,20.0,30.0,0.0,38.3836758727,14.9037996967,10.3037672435,11.9550578152,10.304613541,5.99615372813
256,10.0,30.0,30.0,0.0,51.4340640969,8.10419109855,3.15472051511,20.5732821423,19.6455429264,14.9256234211
257,10.0,40.0,30.0,0.0,56.764760245,26.2800588488,6.05553596917,30.2994828677,24.6825110696,17.5566777946
258,10.0,55.0,30.0,0.0,55.2598873552,-3.50272588277,-5.41892497294,21.5987430052,23.1825618332,21.7722844101
259,10.0,70.0,30.0,0.0,48.8230116326,7.09394222261,-6.98701331685,18.1421974291,17.4507318394,17.2714557929
260,10.0,85.0,30.0,0.0,65.0751690598,11.944820265,9.35343229763,36.4157288424,34.1420521337,22.8857373962
261,10.0,100.0,30.0,0.0,53.2916585023,13.6660796459,2.9876050235,23.505559863,21.31419336,16.2997799137
262,20.0,0.0,30.0,0.0,34.6777005107,-3.38906713367,5.40971092277,7.67210060041,8.33828498378,5.67955673966
263,20.0,10.0,30.0,0.0,32.1314211008,1.6103022073,3.4570358164,7.05011302989,7.14351705785,5.18778583353
264,20.0,20.0,30.0,0.0,58.4155478714,5.57962489146,5.67229400307,26.8099713049,26.400799743,19.0201172086
265,20.0,30.0,30.0,0.0,60.3414866363,20.3857522258,4.63281528797,32.9179316401,28.5041353202,21.1218561826
266,20.0,40.0,30.0,0.0,53.7771502249,-12.5991007233,-14.0985910446,18.4595682375,21.7653531217,25.0412395226
267,20.0,55.0,30.0,0.0,52.988296232,3.86956268415,-8.542322499,21.0866433089,21.0354734354,21.3709328975
268,20.0,70.0,30.0,0.0,63.8823133022,1.97700450557,-0.230277324817,32.0366871294,32.6571237168,27.0809256232
269,20.0,85.0,30.0,0.0,44.5508376168,0.401467873058,-20.4365517718,13.7784162232,14.2228456843,20.0642716217
270,20.0,100.0,30.0,0.0,38.040730832,3.38802307623,-11.623300865,10.1815479729,10.1108966993,11.870397422
271,30.0,0.0,30.0,0.0,47.53506559,-10.44308276,9.73170916958,14.1000777524,16.4310939971,10.2555950928
272,30.0,10.0,30.0,0.0,43.0913044663,16.5132820752,-4.40723115133,15.3904669894,13.2189440465,12.3845838771
273,30.0,20.0,30.0,0.0,54.7591121586,2.04575944906,21.8081308741,22.3302342616,22.6972456164,10.3728130971
274,30.0,30.0,30.0,0.0,47.8746813514,29.4716173055,4.03635448576,21.8432569109,16.695993698,12.3160636355
275,30.0,40.0,30.0,0.0,56.3504194993,27.6352552579,2.5640075771,30.1844404288,24.2632622897,18.8104450407
276,30.0,55.0,30.0,0.0,50.1018370232,-9.08569694635,-16.428513468,16.1902335382,18.5040425941,22.8677692073
277,30.0,70.0,30.0,0.0,48.7319486836,10.0498345256,-9.84413039655,18.6335283091,17.3772910783,18.4765825935
278,30.0,85.0,30.0,0.0,60.122691142,7.59678540204,-1.74018852103,29.1877189742,28.259757605,24.2570971686
279,30.0,100.0,30.0,0.0,43.082356112,-2.57605406753,-14.7704312411,12.3584302022,13.2129396157,16.3652693412
280,40.0,0.0,30.0,0.0,47.2447519555,-13.8722371736,-11.9540805399,13.3617392448,16.2068836079,18.2700697955
281,40.0,10.0,30.0,0.0,51.9692038699,22.3479126715,20.2625440042,24.1851649644,20.1169706071,9.3915306267
282,40.0,20.0,30.0,0.0,35.2778944617,1.45903637927,1.97530112391,8.49569976173,8.63806732932,6.6601781736
283,40.0,30.0,30.0,0.0,44.4962637136,3.29912480776,4.84550320883,14.2037345752,14.1844235815,10.1471346767
284,40.0,40.0,30.0,0.0,67.6717092366,8.40766219482,9.96668446086,38.7790103186,37.528564683,24.9802867897
285,40.0,55.0,30.0,0.0,57.7965355135,33.8684365039,9.92542529961,33.6332510635,25.7474339933,16.6503709433
286,40.0,70.0,30.0,0.0,51.780819124,-6.8562547728,-9.61678794638,17.9149954565,19.9501640449,20.8683141741
287,40.0,85.0,30.0,0.0,49.9695892124,15.8441992662,-2.96384732771,20.8696120379,18.3932033212,16.3938906819
288,40.0,100.0,30.0,0.0,61.7891567425,9.10238733087,5.09114144926,31.5131225521,30.1566588634,22.1550059821
289,55.0,0.0,30.0,0.0,42.4104571505,-3.48879450053,-8.10197847995,11.8066749492,12.7672642749,13.2868313033
290,55.0,10.0,30.0,0.0,32.8087665701,-7.12299669454,0.323181530683,6.47818760171,7.44936974877,6.07596567563
291,55.0,20.0,30.0,0.0,34.1580839972,6.89214485818,6.64670692915,8.56534949902,8.0844196226,5.24761860258
292,55.0,30.0,30.0,0.0,36.7116047413,0.513416759623,9.32834374658,9.10952594095,9.38306546294,5.59436198339
293,55.0,40.0,30.0,0.0,30.9169307601,-2.19639880342,-0.603204946788,6.17443206388,6.61629426589,5.58217387345
294,55.0,55.0,30.0,0.0,51.1688270883,-11.9440092859,-11.3938928791,16.4986985418,19.4146392989,21.2277052501
295,55.0,70.0,30.0,0.0,52.3847717558,14.0444907754,21.9941132264,22.7174323962,20.488220408,9.09954628251
296,55.0,85.0,30.0,0.0,60.5723718888,3.96483424189,3.93284175912,28.7481862412,28.763539825,21.6745121449
297,55.0,100.0,30.0,0.0,44.4089494529,-6.25243311779,9.16609434921,12.6611451419,14.1230950442,8.83924550271
298,70.0,0.0,30.0,0.0,35.5526858228,-0.47767017666,3.63927372238,8.40981421791,8.77768358222,6.38882046138
299,70.0,10.0,30.0,0.0,49.3898905027,-5.56829771106,-12.2870543305,16.2693653417,17.9125684375,20.1578136692
300,70.0,20.0,30.0,0.0,42.0054729565,13.7639622816,13.1071220792,14.1599950725,12.5035388834,6.76882125708
301,70.0,30.0,30.0,0.0,56.937339311,5.00704430304,-2.07931576815,25.1346492169,24.8585493968,21.5452493002
302,70.0,40.0,30.0,0.0,47.1546899842,26.8291021307,21.2777898649,20.6310409928,16.1377452388,6.93544311764
303,70.0,55.0,30.0,0.0,74.8517444347,7.04015384983,11.7417982975,48.8709747855,48.042527125,31.3773635553
304,70.0,70.0,30.0,0.0,42.2977241986,15.5114585948,-11.1455269461,14.6498121798,12.6934838907,14.3581475088
305,70.0,85.0,30.0,0.0,65.1323048859,-7.06081146024,-3.79833374943,31.0343408694,34.2142854488,30.5930412878
306,70.0,100.0,30.0,0.0,48.7283116951,34.1566354548,-0.86526829212,23.6913959621,17.3743621942,14.6717027384
307,85.0,0.0,30.0,0.0,53.4935824594,-20.6636561432,-19.6944360499,16.731748408,21.5010730126,28.0055419381
308,85.0,10.0,30.0,0.0,54.2479735476,18.2970940248,9.39295574735,25.5376473565,22.2089197155,14.3833897954
309,85.0,20.0,30.0,0.0,50.2459616658,11.1307299336,10.2972871641,20.1436056477,18.6253421344,11.5748410063
310,85.0,30.0,30.0,0.0,47.7629042592,6.02163379833,-1.06370881297,17.0914120742,16.6084958493,14.1053878445
311,85.0,40.0,30.0,0.0,43.7496331948,-2.50488708912,-1.07448740709,12.7969925423,13.6656962313,11.6321440369
312,85.0,55.0,30.0,0.0,41.0175960779,-5.88543464793,-10.9005071065,10.6483589813,11.8755228998,13.4328127403
313,85.0,70.0,30.0,0.0,76.6226650499,-4.99371242867,14.8560669327,47.2703247924,50.9070406233,31.3377800361
314,85.0,85.0,30.0,0.0,41.2962151932,6.09737609632,-12.7691618435,12.5023136335,12.0504658611,14.3184096744
315,85.0,100.0,30.0,0.0,64.2796100958,-17.9774184241,-2.5326570842,27.2358989744,33.146814351,28.87854018
316,100.0,0.0,30.0,0.0,48.2034000456,25.7012836927,-0.751634784483,21.3411700514,16.955090635,14.2766380101
317,100.0,10.0,30.0,0.0,52.6792026886,-22.6052984846,-11.2847915778,15.7695184351,20.753997803,22.5014717113
318,100.0,20.0,30.0,0.0,38.1165496114,4.8320435309,-10.0005126464,10.4121464999,10.1535129926,11.3705610716
319,100.0,30.0,30.0,0.0,69.018852297,-1.54857443146,7.89679222836,37.4856138637,39.3705739636,27.5125204854
320,100.0,40.0,30.0,0.0,42.1423631435,16.9176721764,5.07533836255,14.7714809073,12.5922712489,8.89038993195
321,100.0,55.0,30.0,0.0,57.118393653,-16.4176461395,-8.42909893499,20.5690647203,25.044130469,25.0922899375
322,100.0,70.0,30.0,0.0,48.8100336017,36.5504225802,18.0565568983,24.3201162356,17.4402526534,8.48061879415
323,100.0,85.0,30.0,0.0,71.4670711324,1.95212802712,12.4568756858,41.9854458117,42.8706220446,27.3112531483
324,100.0,100.0,30.0,0.0,43.0997881185,18.7207799982,-6.51978422914,15.7756612286,13.2246383374,13.1431301877
325,0.0,0.0,40.0,0.0,60.0448108304,-12.4316154052,-3.2372156796,24.19186676,28.1731095464,25.0104746982
326,0.0,10.0,40.0,0.0,50.9394875416,35.5129104659,4.17156959487,26.2492513714,19.2164509688,14.1976889513
327,0.0,20.0,40.0,0.0,62.551308588,4.27252642839,13.7279775936,31.0909885218,31.0517660462,18.5929215258
328,0.0,30.0,40.0,0.0,30.3553745939,7.04899995839,1.64413691174,6.82823818573,6.3815520685,4.94713251455
329,0.0,40.0,40.0,0.0,55.2057354111,-6.33381949361,2.37590940897,20.9513858738,23.129751181,17.9977577767
330,0.0,55.0,40.0,0.0,47.5515920666,23.1461300026,1.90358628614,20.2255483617,16.4439192957,12.8730205574
331,0.0,70.0,40.0,0.0,30.5211075247,4.62956961607,-3.38632213606,6.66077610172,6.45024437224,6.02506764605
332,0.0,85.0,40.0,0.0,39.2267008977,-10.203619925,9.90595811327,9.12440271062,10.7912892462,6.40408226684
333,0.0,100.0,40.0,0.0,33.1327707938,12.5674524882,-0.096507991717,8.71081714968,7.59870879908,6.29118244152
334,10.0,0.0,40.0,0.0,44.3381811665,-3.81160726819,17.6493218108,12.9830592779,14.0735181104,6.64797174974
335,10.0,10.0,40.0,0.0,36.4423750945,20.3828735,3.90957832215,11.5443162521,9.24002379854,6.67717106596
336,10.0,20.0,40.0,0.0,54.4972007699,-31.0333194496,18.1373198768,15.6673418757,22.4461391429,11.4051583703
337,10.0,30.0,40.0,0.0,41.3796900419,17.7729978342,-14.6623851629,14.3722808087,12.1032115984,15.1172367534
338,10.0,40.0,40.0,0.0,65.7411264816,-16.2230593357,36.942667302,29.2915338478,34.9903178591,11.5983880142
339,10.0,55.0,40.0,0.0,47.6836318214,36.964097066,-4.02013371808,23.3086727427,16.5466279118,15.2078923873
340,10.0,70.0,40.0,0.0,77.3446345633,-1.28773463898,58.0266520868,49.7654226295,52.1067650638,11.2414362093
341,10.0,85.0,40.0,0.0,54.5907750975,-29.5471656741,-4.62709626688,15.9951104599,22.5356393583,20.796654253
342,10.0,100.0,40.0,0.0,40.0941995635,13.8781213745,-5.18542595011,12.891581985,11.3078463323,10.9127947976
343,20.0,0.0,40.0,0.0,67.1466564541,-14.9481698572,14.5670962329,31.2509094953,36.8264962952,22.0321784285
344,20.0,10.0,40.0,0.0,46.1821236536,36.1817417607,6.55165981707,21.7176427632,15.403615965,10.5190262724
345,20.0,20.0,40.0,0.0,78.6106590217,-1.34271682989,32.54425677,51.8035555144,54.2558079537,22.962795643
346,20.0,30.0,40.0,0.0,55.9602555084,-24.0022001843,-26.6092881573,18.0791706343,23.872841932,35.2837362011
347,20.0,40.0,40.0,0.0,39.0981867573,13.2360981439,1.51089249628,12.1593450697,10.7161294843,8.42671866617
348,20.0,55.0,40.0,0.0,68.9904329632,-11.948648212,-8.98381543935,34.3354282322,39.3311058403,38.7944645627
349,20.0,70.0,40.0,0.0,45.4211400464,34.499124181,13.4461912843,20.6720112242,14.8449811978,8.15028037884
350,20.0,85.0,40.0,0.0,80.6780429684,0.118404993619,6.5826610383,55.8714509877,57.8908043513,42.3274862145
351,20.0,100.0,40.0,0.0,30.770513252,3.08108427815,-1.70691498279,6.61476608089,6.55454334451,5.7589364923
352,30.0,0.0,40.0,0.0,38.9453482989,-8.51108718717,-2.1900270672,9.18216852366,10.6271992799,9.39084686364
353,30.0,10.0,40.0,0.0,32.3149278871,10.9935511663,2.83713546971,8.1302604369,7.22553550326,5.37318008046
354,30.0,20.0,40.0,0.0,43.4193132015,-2.69260612065,5.66830066695,12.5559392393,13.4402985374,9.34888033202
355,30.0,30.0,40.0,0.0,34.6861513309,18.2650605978,7.44866930117,10.2356237973,8.34245706128,5.26904338736
356,30.0,40.0,40.0,0.0,29.0564060803,3.74946437771,-4.1808904438,5.98439306734,5.85997379961,5.65852792715
357,30.0,55.0,40.0,0.0,52.6166896753,-8.13258705708,24.2141007938,18.3568538178,20.6973774141,8.59125991914
358,30.0,70.0,40.0,0.0,31.5524341604,13.1596486383,1.87007349541,8.00624190824,6.88881133969,5.30384884986
359,30.0,85.0,40.0,0.0,61.4925512749,-4.87296236145,39.1492279261,27.5086035862,29.8130158053,8.69248198994
360,30.0,100.0,40.0,0.0,43.4508907987,20.6895698128,-13.0234447925,16.3860135664,13.4617379263,15.9018164433
361,40.0,0.0,40.0,0.0,58.6078876461,-15.9550536377,26.7588875616,22.0237365135,26.6060415275,10.9050339627
362,40.0,10.0,40.0,0.0,50.0574550148,39.8384059469,-1.92950149127,26.3767071904,18.4667957338,16.0246457577
363,40.0,20.0,40.0,0.0,69.4101688786,0.0416186205059,48.5200103026,38.5045697311,39.9167132383,9.92850587611
364,40.0,30.0,40.0,0.0,71.2476795027,14.3501830869,3.33255811105,45.908058517,42.548836357,32.8252550229
365,40.0,40.0,40.0,0.0,49.4601002898,26.9116029442,22.064766563,22.7750317844,17.9703291293,7.72040958417
366,40.0,55.0,40.0,0.0,62.4502687828,-0.114396854844,-9.40257740548,29.7974235194,30.9320953307,31.2233407968
367,40.0,70.0,40.0,0.0,42.9226797785,6.84443024067,8.13620823333,13.68769636,13.106100768,8.41824063907
368,40.0,85.0,40.0,0.0,52.8609862685,-13.9166696091,-22.6032849927,17.4658408647,20.9192325705,29.1148138852
369,40.0,100.0,40.0,0.0,36.9544830355,15.6984553681,10.071759303,11.1996781954,9.51336654469,5.52781527988
370,55.0,0.0,40.0,0.0,40.3434796539,2.79949373287,4.46304844924,11.4366792637,11.4592719475,8.2108760632
371,55.0,10.0,40.0,0.0,34.5895782282,8.00370495599,4.82535641739,8.9121859454,8.2948628239,5.76992134471
372,55.0,20.0,40.0,0.0,36.9155845124,-3.94329578789,-2.01731257795,8.68689997552,9.49241737533,8.3633566896
373,55.0,30.0,40.0,0.0,32.2368244142,0.122435274766,-0.424930690295,6.9460735221,7.19055081115,6.02436302867
374,55.0,40.0,40.0,0.0,69.2516525011,11.8732561763,24.3638082985,42.1091784843,39.6948760704,19.0161273797
375,55.0,55.0,40.0,0.0,50.713928803,28.0425967398,8.55377314123,24.2505764671,19.0228500144,12.4481194387
376,55.0,70.0,40.0,0.0,60.2486992577,-3.55162486515,9.42747396455,26.5080274251,28.4003276464,18.7447989517
377,55.0,85.0,40.0,0.0,43.2723039179,8.06873660808,-4.85252198215,14.1222253067,13.3407872436,12.65121313
378,55.0,100.0,40.0,0.0,49.2040594251,-18.8383205823,-6.76434633328,13.9080467704,17.7602852181,17.4616523936
379,70.0,0.0,40.0,0.0,36.3559587721,16.8780055399,4.54519518707,11.0079219433,9.19442095428,6.4971326619
380,70.0,10.0,40.0,0.0,40.6115681589,1.49926154157,11.6911238874,11.4164846513,11.6236249307,6.5407331678
381,70.0,20.0,40.0,0.0,34.3217552804,9.90425126298,-0.738328825557,9.00072374499,8.16381917066,6.90943956133
382,70.0,30.0,40.0,0.0,37.2249494933,-5.19849233326,4.27544590477,8.69600391323,9.6598816657,6.90748122373
383,70.0,40.0,40.0,0.0,31.5479882687,2.65807833462,-5.12436884328,6.90274475462,6.88687932211,6.81597861291
384,70.0,55.0,40.0,0.0,68.7772023233,11.2095535092,44.3465928121,41.2135332905,39.0358170687,10.8875725855
385,70.0,70.0,40.0,0.0,50.0446541891,30.4831075885,-4.32836540074,24.1483034295,18.4560621492,17.0315613919
386,70.0,85.0,40.0,0.0,58.3901168635,-5.68887257619,26.0853286705,24.1023225993,26.37374211,11.0010401994
387,70.0,100.0,40.0,0.0,43.1343141913,11.4204648007,-16.2117913378,14.5700622665,13.2478293657,17.0181844112
388,85.0,0.0,40.0,0.0,48.4268480415,-22.0054275764,8.74794560797,12.8965805572,17.1327345808,11.0525868657
389,85.0,10.0,40.0,0.0,51.9121506015,42.8002729367,8.17181997589,29.1390302741,20.0663546348,13.3265929094
390,85.0,20.0,40.0,0.0,58.4604802836,2.67368959509,25.6955925587,26.1470389872,26.448651357,11.1669425744
391,85.0,30.0,40.0,0.0,45.7171768926,23.2506106602,-3.85142361414,18.6734071643,15.0606663891,13.8253811923
392,85.0,40.0,40.0,0.0,49.0648140027,-15.1825607125,9.57726451767,14.3999441027,17.6467450057,11.1405057089
393,85.0,55.0,40.0,0.0,53.7694115194,13.7809213573,-0.954147433377,23.9998384894,21.7581121993,18.3833146575
394,85.0,70.0,40.0,0.0,57.3605667351,-3.03335674204,33.2811089505,23.6954823004,25.2937991451,8.35032695266
395,85.0,85.0,40.0,0.0,31.5682424024,2.61718322708,-0.706628000414,6.90737479638,6.89568393441,5.83799629659
396,85.0,100.0,40.0,0.0,44.6679653654,-21.2290304731,13.5552014264,10.7004809823,14.3055421994,7.78365514717
397,100.0,0.0,40.0,0.0,43.1842132308,-11.9673278291,10.3166773913,11.0880092534,13.2813942396,7.95945207203
398,100.0,10.0,40.0,0.0,51.1929956595,0.737188572809,-16.6690272136,18.8851442375,19.4356040663,24.0023446025
399,100.0,20.0,40.0,0.0,53.5430504915,5.40728380074,25.1202217391,21.9225344185,21.5470214166,8.78195049953
400,100.0,30.0,40.0,0.0,59.8639675017,16.526547914,-4.26949939165,31.2737954194,27.9725904516,25.4150139785
401,100.0,40.0,40.0,0.0,61.3727707645,21.6249152573,37.3845583233,34.5506183632,29.6749831313,9.12977988989
402,100.0,55.0,40.0,0.0,46.599711754,-9.70495125628,-5.90102082426,13.5777690498,15.7160366427,15.2127268194
403,100.0,70.0,40.0,0.0,50.0097106703,-3.87091113722,-1.04889171026,17.0534613252,18.4267829318,15.6282784254
404,100.0,85.0,40.0,0.0,54.8158727546,6.34667597505,5.98381128553,23.3367468485,22.7519103598,16.1456742677
405,100.0,100.0,40.0,0.0,58.9118922019,13.4835931408,12.5805429378,29.3622590978,26.9326032544,16.3405855666
406,0.0,0.0,55.0,0.0,63.2428526102,22.4800950311,20.4339266158,37.2187900584,31.8791207989,16.1787189646
407,0.0,10.0,55.0,0.0,33.8035250484,-2.71822919014,-4.79287694686,7.34536883519,7.91418650824,7.68565484332
408,0.0,20.0,55.0,0.0,34.8744858322,-1.60180875544,3.94676476734,7.95764079136,8.43579721542,6.06249478326
409,0.0,30.0,55.0,0.0,36.9195752571,3.79744076586,0.843558076855,9.62048931145,9.49456521162,7.61872604878
410,0.0,40.0,55.0,0.0,38.2857013086,5.7815494168,10.4048645688,10.6339265138,10.2490211812,5.93814438813
411,0.0,55.0,55.0,0.0,39.3080800456,10.9810933662,5.72441682167,11.9639494027,10.839063996,7.42749426243
412,0.0,70.0,55.0,0.0,45.947765268,-5.77375701416,-22.7566513512,13.7540805456,15.2301073501,22.4317651227
413,0.0,85.0,55.0,0.0,47.3800418894,-4.79207637854,10.7921325353,14.9154672991,16.3111130584,9.85175126749
414,0.0,100.0,55.0,0.0,54.8443670396,10.2364644672,-10.3345758993,24.2499957574,22.7793855693,23.9811683624
415,10.0,0.0,55.0,0.0,56.4656007463,13.7402770633,25.7899470775,26.749807276,24.3793275848,10.053260891
416,10.0,10.0,55.0,0.0,63.6054790329,25.6124431984,1.95385056226,38.6775736832,32.3187766037,25.5436694802
417,10.0,20.0,55.0,0.0,33.6767690848,-3.98570464996,0.335267045102,7.1583981518,7.85391250275,6.40449734253
418,10.0,30.0,55.0,0.0,34.4189051053,0.246152778812,-3.23041509319,7.94495370335,8.21119305983,7.55882689761
419,10.0,40.0,55.0,0.0,36.9434821736,2.5603418083,6.09699257714,9.48003767312,9.50743880336,6.37538574594
420,10.0,55.0,55.0,0.0,38.1641273085,6.97731760872,2.95077036872,10.7235529148,10.180316564,7.6284815931
421,10.0,70.0,55.0,0.0,39.6537084688,9.78106961827,12.2151404777,12.0057008526,11.04354127,6.05634446976
422,10.0,85.0,55.0,0.0,32.5246144401,-5.40445624978,-4.08136237595,6.5255117149,7.32002075214,6.96752596034
423,10.0,100.0,55.0,0.0,35.6392410805,-4.14231502403,9.50632916967,8.04082133081,8.82197017773,5.18752597864
424,20.0,0.0,55.0,0.0,36.8951335666,1.35279145438,4.3199918598,9.30660072334,9.48141566963,6.76326148934
425,20.0,10.0,55.0,0.0,51.8599511128,11.4842173637,26.2291454094,21.6696756664,20.0201192317,7.71359949358
426,20.0,20.0,55.0,0.0,46.1803912632,-1.55100618726,-12.192878461,14.5960388434,15.4023285693,17.5564582914
427,20.0,30.0,55.0,0.0,48.7232848259,4.07793698225,14.1585457914,17.495434242,17.3703145745,9.53985091489
428,20.0,40.0,55.0,0.0,54.4458240435,16.3232915498,1.02955515607,25.2711068496,22.3971002205,18.0139805698
429,20.0,55.0,55.0,0.0,56.4005593489,23.1639768014,30.6340552491,29.0636157675,24.3137415936,8.61976833441
430,20.0,70.0,55.0,0.0,54.0707904413,40.7731985232,2.72456131146,31.0764946188,22.041293732,16.9834886689
431,20.0,85.0,55.0,0.0,63.1635987373,2.80440109526,39.913765851,31.410660571,31.7835657683,9.29000264022
432,20.0,100.0,55.0,0.0,48.7930568664,22.0359208727,-9.16130131851,21.1041687207,17.4265510248,18.214278566
433,30.0,0.0,55.0,0.0,53.8888182396,-14.0446891455,21.853031282,18.2748784869,21.8700171337,9.90018580428
434,30.0,10.0,55.0,0.0,42.9690284373,4.721072179,-18.9445427149,13.3870808064,13.1370529316,18.0978100585
435,30.0,20.0,55.0,0.0,43.6626137245,4.9092614542,16.5615877005,13.886105789,13.6060749166,6.63020119623
436,30.0,30.0,55.0,0.0,35.8835655449,12.2605843486,2.0376522691,10.126642695,8.94778364548,6.88974749177
437,30.0,40.0,55.0,0.0,39.5179992091,-1.83418375794,9.42564351484,10.3303003755,10.9629504553,6.62790993009
438,30.0,55.0,55.0,0.0,33.0874248469,4.78348522207,-2.82146329281,7.81402074096,7.57768905658,6.89877968492
439,30.0,70.0,55.0,0.0,35.4032594412,-8.24753713579,2.71752780645,7.48831594183,8.70157778469,6.5393066204
440,30.0,85.0,55.0,0.0,54.968244442,37.013631099,15.1618727975,31.106085058,22.8990897188,12.7048334201
441,30.0,100.0,55.0,0.0,64.8323998555,3.2892852679,17.0520835975,33.5610160192,33.8362675971,18.8733433337
442,40.0,0.0,55.0,0.0,47.6358533216,19.080701809,2.46360535955,19.4787642184,16.5094136359,12.724831
443,40.0,10.0,55.0,0.0,54.1313454924,-12.8358059443,0.181605500584,18.7085882641,22.0984872694,18.1515311965
444,40.0,20.0,55.0,0.0,39.6771157284,1.00034779692,-8.62010879151,10.7965749113,11.057481461,11.8087137031
445,40.0,30.0,55.0,0.0,42.9100328429,5.96113300084,7.56179051667,13.5405801404,13.0976634513,8.56846078188
446,40.0,40.0,55.0,0.0,35.6370510644,11.7608831483,6.1979250649,9.92677622605,8.82084780817,5.86145157429
447,40.0,55.0,55.0,0.0,39.6460814962,0.0314444731665,0.99655502484,10.6490486008,11.0390015594,8.82744125452
448,40.0,70.0,55.0,0.0,33.0060801606,3.97937906279,0.671072768829,7.68957933975,7.54007959733,6.07429254942
449,40.0,85.0,55.0,0.0,35.3746897763,-5.87643391552,-5.12145008965,7.72755617844,8.68707697178,8.48431838789
450,40.0,100.0,55.0,0.0,53.3253750529,38.1449464031,24.808690718,29.5148081938,21.3453222505,8.76423626585
451,55.0,0.0,55.0,0.0,65.894061894,5.44292907532,-4.43625389324,35.5246570315,35.1870833269,31.8564682422
452,55.0,10.0,55.0,0.0,46.3004162571,18.0320357413,12.3745439191,18.1545173066,15.4916928403,8.85396603003
453,55.0,20.0,55.0,0.0,55.1993111258,-9.0097035253,-19.1025050647,20.3911259769,23.1234913461,29.4441024477
454,55.0,30.0,55.0,0.0,39.8010314299,-1.42858087028,-0.813193941445,10.5439022231,11.1314749146,9.41950171919
455,55.0,40.0,55.0,0.0,67.274938009,17.7382865771,13.1256665141,41.231084408,36.997211009,22.8965146628
456,55.0,55.0,55.0,0.0,46.1588182483,26.9034759154,11.8622321679,19.7702720701,15.3863029675,8.92912825961
457,55.0,70.0,55.0,0.0,58.7831349773,1.46419327604,-0.807167196871,26.1909972193,26.7939679768,22.5256288218
458,55.0,85.0,55.0,0.0,40.515903142,3.78855824639,0.907584613454,11.6803268811,11.5647979294,9.27801144826
459,55.0,100.0,55.0,0.0,64.3842577946,4.79252387883,9.54961156899,33.4385243034,33.2766080101,22.1631675433
460,70.0,0.0,55.0,0.0,35.9458544408,5.94399197837,11.7747111601,9.36753744499,8.98004917797,4.85447064786
461,70.0,10.0,55.0,0.0,56.5948597906,-5.79188169818,-1.65497969149,22.3466158368,24.5100188177,21.0361945149
462,70.0,20.0,55.0,0.0,31.7722152218,-4.49284668097,3.3923440599,6.30405660348,6.98477101386,5.08000231411
463,70.0,30.0,55.0,0.0,37.0824335087,-10.5361293509,-2.82518995696,8.02171467047,9.58249288793,8.66160068246
464,70.0,40.0,55.0,0.0,31.7277743761,6.34007987755,2.17120213692,7.35692648735,6.96529606658,5.30408361836
465,70.0,55.0,55.0,0.0,42.7084662141,-5.04648064997,3.59400078,11.7677478122,12.9636780074,9.59699856502
466,70.0,70.0,55.0,0.0,34.591703609,15.5149898122,6.34651852727,9.83155255552,8.29590832474,5.45696813171
467,70.0,85.0,55.0,0.0,47.1681427218,0.346020909374,10.237613611,15.6309468321,16.1480600595,9.90863247565
468,70.0,100.0,55.0,0.0,37.7236515936,4.56163018023,0.0259628946554,10.1566084125,9.93396451295,8.18966940465
469,85.0,0.0,55.0,0.0,62.9590764293,-18.5658130879,-17.5302179053,25.7014271474,31.5378593341,37.424594315
470,85.0,10.0,55.0,0.0,43.9604420882,24.2949364966,10.1798336491,17.437553415,13.8108532638,8.34968515447
471,85.0,20.0,55.0,0.0,74.7957955218,-6.12414920059,-1.50816585193,44.1046431836,47.9538241873,40.7215493242
472,85.0,30.0,55.0,0.0,50.0126558026,43.2626702093,22.6710185732,27.1723358332,18.429249466,7.80911684346
473,85.0,40.0,55.0,0.0,36.7731466198,-12.4230791703,4.5603204628,7.67189545746,9.41596861167,6.65856053944
474,85.0,55.0,55.0,0.0,32.3495569266,6.62640834251,-3.06960621889,7.67000024087,7.24108304177,6.65926501173
475,85.0,70.0,55.0,0.0,41.5306070925,-6.23396007179,12.0263942886,10.898351772,12.1989626935,6.83022604021
476,85.0,85.0,55.0,0.0,34.1402611899,15.4033363238,1.44414054517,9.57402901627,8.07580470855,6.33499223444
477,85.0,100.0,55.0,0.0,45.5167053166,-0.558172260192,19.8543977234,14.2912403938,14.9143810698,6.60807771315
478,100.0,0.0,55.0,0.0,37.6891325397,5.3707536757,-10.5489593326,10.2420557173,9.91482820541,11.308437954
479,100.0,10.0,55.0,0.0,59.7703131905,-23.3469772786,1.91600436669,21.5129119234,27.8691215317,21.997943525
480,100.0,20.0,55.0,0.0,43.0907364336,27.6038834749,0.231782355275,17.3563123285,13.2185628371,10.8324267565
481,100.0,30.0,55.0,0.0,72.7243136085,-8.91465062873,20.7071314151,40.2007254983,44.7459751401,23.8650275061
482,100.0,40.0,55.0,0.0,49.3420905403,46.7590656483,12.2929013209,27.3233211137,17.8733149223,10.4274293097
483,100.0,55.0,55.0,0.0,38.1616553785,8.43432411705,-18.9102369153,10.9182371699,10.1789228068,14.6039430431
484,100.0,70.0,55.0,0.0,58.0149292823,-26.1068548628,21.6376670269,19.3892353956,25.9767023385,12.274970205
485,100.0,85.0,55.0,0.0,44.0541212705,27.5704349391,-8.75891077889,18.1271809307,13.8756866006,14.6071027021
486,100.0,100.0,55.0,0.0,71.1239099995,-9.81738971722,45.6597152202,37.7341526192,42.368013857,11.7879970182
487,0.0,0.0,70.0,0.0,50.9112621261,46.8598104149,2.87958032041,29.0727379518,19.1921530397,14.6790847272
488,0.0,10.0,70.0,0.0,50.8992405353,-10.4737688761,-13.6308519371,16.55372151,19.1818104417,22.1273430598
489,0.0,20.0,70.0,0.0,31.2832738777,7.79598783377,3.51705609,7.30915071588,6.77249433244,4.89553553957
490,0.0,30.0,70.0,0.0,60.2802273175,0.162133094815,-1.72085316374,27.46088313,28.4355719535,24.3954084931
491,0.0,40.0,70.0,0.0,42.8577185132,28.2980836535,13.9727460198,17.299163607,13.0628007724,6.91088546688
492,0.0,55.0,70.0,0.0,56.2081913245,-19.8351269805,-10.6007044155,19.0897609743,24.1204515052,25.4309034687
493,0.0,70.0,70.0,0.0,42.5407830642,16.1646267932,8.09658718067,14.931782965,12.8529143834,8.25211818228
494,0.0,85.0,70.0,0.0,67.5494098596,-5.24347986554,6.55821043591,34.4791734929,37.3642433804,26.8074813809
495,0.0,100.0,70.0,0.0,49.0899142134,37.1701706964,22.0027205603,24.7443170965,17.6671757677,7.57435791772
496,10.0,0.0,70.0,0.0,38.2271527458,14.3730974551,-15.3816657079,11.7824971664,10.2158954137,13.311424951
497,10.0,10.0,70.0,0.0,51.9898559951,32.4841619599,13.372810196,26.6151450159,20.1353135222,11.5518640131
498,10.0,20.0,70.0,0.0,43.4029547752,-4.01330821515,-0.050994044897,12.3502895868,13.4292010542,11.0970546725
499,10.0,30.0,70.0,0.0,50.4374893385,5.67576703416,27.9966413139,19.2152576053,18.7873561723,6.68700412465
500,10.0,40.0,70.0,0.0,44.8172197651,-13.4632645622,-12.1554463055,11.8637608848,14.4113849935,16.524117201
501,10.0,55.0,70.0,0.0,43.1877490367,-17.2551796663,6.91373979017,10.3821836251,13.2837747681,8.88030149598
502,10.0,70.0,70.0,0.0,51.6002876444,7.07082715046,9.84366244562,20.5078895125,19.7911788751,12.5318956959
503,10.0,85.0,70.0,0.0,37.7052331433,-6.1272861911,1.67021450883,8.82948275022,9.9237508265,7.75298899446
504,10.0,100.0,70.0,0.0,52.6201563718,41.5647604376,13.6492550807,29.6147953451,20.7005146312,11.8243734054
505,20.0,0.0,70.0,0.0,39.9362479389,10.9397383645,-14.6685557929,12.3518103973,11.2125922007,14.1475982008
506,20.0,10.0,70.0,0.0,33.3256193587,3.60052264389,-4.58054945024,7.79710292403,7.688536384,7.42510277485
507,20.0,20.0,70.0,0.0,50.2170459559,36.7108527354,9.99571581202,25.7863755666,18.6009634433,11.659155288
508,20.0,30.0,70.0,0.0,42.1349580874,-7.2810044251,2.37604247214,11.1104165889,12.5874605776,9.66473551664
509,20.0,40.0,70.0,0.0,64.0638814829,11.9930910339,18.6713842607,35.1281490494,32.8803138797,17.5429376537
510,20.0,55.0,70.0,0.0,42.3516718217,-16.5609269762,-1.51810185189,10.0058439578,12.7287554476,10.9852006078
511,20.0,70.0,70.0,0.0,39.0236990862,26.5454544234,4.96966822885,14.148567395,10.6727265553,7.49342551292
512,20.0,85.0,70.0,0.0,51.8243436053,-5.26440519436,21.6333664073,18.2523024984,19.9886208644,8.92828873697
513,20.0,100.0,70.0,0.0,35.753586874,16.6303597447,-2.03172626982,10.6252172625,8.88070403091,7.83952340064
514,30.0,0.0,70.0,0.0,44.9986748924,-14.5374764173,8.76098995656,11.8220075557,14.5407642883,9.24216330251
515,30.0,10.0,70.0,0.0,32.5443621234,5.12232811789,-7.60380323611,7.59912296503,7.32896130463,7.84956030485
516,30.0,20.0,70.0,0.0,62.6779429573,4.68025748857,21.1905467731,31.3511264798,31.2021860777,15.4665172261
517,30.0,30.0,70.0,0.0,51.111080781,43.3783314762,16.5075284963,28.3964268753,19.364608941,10.0686260881
518,30.0,40.0,70.0,0.0,54.2668132894,-6.73065455068,8.26521953535,20.0358143968,22.2267930797,14.8361592158
519,30.0,55.0,70.0,0.0,43.9642628952,23.5564524752,4.00047869536,17.3043091748,13.8134936029,10.1250467503
520,30.0,70.0,70.0,0.0,46.0844694324,-17.7000605364,-3.9787965008,12.0400193891,15.3311578236,14.1134845843
521,30.0,85.0,70.0,0.0,47.4273865795,39.4076032078,13.8326531963,23.6105841897,16.3476934193,8.99019128752
522,30.0,100.0,70.0,0.0,35.0151724096,1.03504222154,3.23181402465,8.3186460776,8.50597512816,6.27277334554
523,40.0,0.0,70.0,0.0,41.4470061497,18.4755398135,3.18263488397,14.5343426196,12.1458589515,9.08624986631
524,40.0,10.0,70.0,0.0,59.3010922756,-15.8558926783,-13.0512914081,22.697871765,27.3545679643,30.0843259387
525,40.0,20.0,70.0,0.0,49.054668611,37.8829457276,19.4307880557,24.8755838579,17.6384914559,8.22458504247
526,40.0,30.0,70.0,0.0,71.2393800196,-10.7670972264,7.65116661745,37.5944177294,42.5366950681,30.0090920225
527,40.0,40.0,70.0,0.0,42.6185267427,16.1450458717,7.93141252262,14.9844858624,12.9041894289,8.33216688353
528,40.0,55.0,70.0,0.0,58.2299355241,-25.3656448771,-9.64743610749,19.7223433134,26.2037400419,26.8880398642
529,40.0,70.0,70.0,0.0,56.6911855869,-26.7596109665,5.96661850517,18.1537860116,24.6077150404,17.5399490851
530,40.0,85.0,70.0,0.0,62.1480336873,-0.190920157454,16.269000335,29.4341668318,30.5759667508,17.1487736096
531,40.0,100.0,70.0,0.0,48.2392510167,-7.28899195574,-2.15110086842,15.1175287105,16.9835095016,14.8456128518
532,55.0,0.0,70.0,0.0,40.6960143595,18.2303116517,-1.86501532705,13.9711584237,11.6757186587,10.1956827851
533,55.0,10.0,70.0,0.0,35.0779441901,7.60704847396,4.0713526175,9.11576686987,8.53741239067,6.11174006771
534,55.0,20.0,70.0,0.0,35.0612410637,10.1792541619,-4.57749033731,9.4192619566,8.52903960745,8.19314301542
535,55.0,30.0,70.0,0.0,39.7190033832,15.0727034738,9.86423725569,12.8277535564,11.0824569203,6.60672627493
536,55.0,40.0,70.0,0.0,40.221350577,-0.954811794098,-3.86778710018,10.8491690499,11.3849166386,10.5636860419
537,55.0,55.0,70.0,0.0,62.1125236294,7.83418977294,14.3483227024,31.5476197823,30.5343050092,17.9689998552
538,55.0,70.0,70.0,0.0,56.9626454469,-17.2285117497,1.5753760872,20.2644298422,24.8844329342,19.7704975893
539,55.0,85.0,70.0,0.0,45.4640981029,-13.0563730811,3.26215588329,12.3269556318,14.8761508079,11.1753884401
540,55.0,100.0,70.0,0.0,59.6824512641,4.45837524587,12.1782539315,27.8937942635,27.7722842755,17.079274198
541,70.0,0.0,70.0,0.0,45.1371047792,-1.51960627154,-6.08999714005,13.8744571748,14.6399851887,14.2964952714
542,70.0,10.0,70.0,0.0,46.7169306391,28.7882367815,3.67036154476,20.6459961255,15.8044875942,11.7570263883
543,70.0,20.0,70.0,0.0,34.112448119,9.00486987384,-2.52078445764,8.78794124318,8.06237308582,7.25170618006
544,70.0,30.0,70.0,0.0,33.5714853932,0.100724510682,-1.26749125335,7.53609017522,7.80408210915,6.72993277461
545,70.0,40.0,70.0,0.0,42.1449869758,-5.93756673771,-4.64442594874,11.3014691397,12.5939761074,11.9035356079
546,70.0,55.0,70.0,0.0,37.9226913137,11.6430107746,4.93449444882,11.2159197234,10.0447865434,7.03711973168
547,70.0,70.0,70.0,0.0,48.1909856563,3.05144675717,4.59851671663,16.8868516051,16.9452572119,12.3102102478
548,70.0,85.0,70.0,0.0,41.6397252257,21.3261781909,12.6046970245,15.1459651613,12.2685076425,6.73891487912
549,70.0,100.0,70.0,0.0,55.6207517504,-18.7214253155,6.76646162152,18.8123687756,23.5365420752,16.3994012609
550,85.0,0.0,70.0,0.0,49.7140770937,12.5952865572,7.1654263772,19.9754068352,18.1803094481,12.3308011143
551,85.0,10.0,70.0,0.0,67.5447473401,-2.87002005277,25.7927690922,35.1696647975,37.3579883348,17.0538074495
552,85.0,20.0,70.0,0.0,58.1336586899,30.5358604201,21.4092040857,33.0973159747,26.1019128307,12.4261077545
553,85.0,30.0,70.0,0.0,63.9634391575,-4.0724037474,20.3046920318,30.48069944,32.756721305,16.7584712825
554,85.0,40.0,70.0,0.0,42.0045807904,2.18128548274,2.52160771225,12.374873715,12.5029619519,9.55541721202
555,85.0,55.0,70.0,0.0,58.8301325438,-6.82361268323,-9.15608712124,24.2776555339,26.8445158511,27.2078256671
556,85.0,70.0,70.0,0.0,49.4817378532,20.9827393357,16.7537567627,21.5091683787,17.9881550726,9.16663326215
557,85.0,85.0,70.0,0.0,38.9148341654,1.11154505572,3.49847307826,10.3755054485,10.6095035297,7.81898356983
558,85.0,100.0,70.0,0.0,42.4396579311,7.33108041867,4.54580661103,13.4380630582,12.7864218288,9.18564776772
559,100.0,0.0,70.0,0.0,57.0335513661,-3.78304565779,-9.37782520648,23.2087377371,24.957052376,25.5441033374
560,100.0,10.0,70.0,0.0,49.377019239,28.4253082609,19.647312581,23.031454597,17.9019928572,8.3151821643
561,100.0,20.0,70.0,0.0,66.6908268103,11.5921417647,5.48219301201,38.4510152852,36.224135981,26.57169301
562,100.0,30.0,70.0,0.0,44.6200603681,34.0209226107,-4.97380165695,19.8679737657,14.271680871,13.538047705
563,100.0,40.0,70.0,0.0,44.9755611922,13.9482312501,1.06456941552,16.3559483082,14.5242411328,11.6236348583
564,100.0,55.0,70.0,0.0,52.1977198994,1.65321558776,4.50168718087,19.9274966068,20.3205564739,14.9136244544
565,100.0,70.0,70.0,0.0,45.5149109158,-2.85747334677,18.7400258223,13.9206761867,14.9130759806,6.86693081489
566,100.0,85.0,70.0,0.0,51.697102632,-6.0108389728,-2.96454883487,18.0064331718,19.8763336104,17.681697184
567,100.0,100.0,70.0,0.0,49.5849517314,-8.9599669739,17.4520423821,15.8228765736,18.0733492949,9.01861074922
568,0.0,0.0,85.0,0.0,46.0034055379,-0.8501119761,1.53553188009,14.5858569412,15.2711823734,12.0651166631
569,0.0,10.0,85.0,0.0,42.3170992656,3.17689392334,9.89585432719,12.7229338774,12.7061440167,7.6830724975
570,0.0,20.0,85.0,0.0,45.4698150782,22.8069256142,1.29410005699,18.3825255175,14.8803022311,11.8335202863
571,0.0,30.0,85.0,0.0,45.2919620493,29.2517432003,11.2074344353,19.4923244231,14.7515142905,8.69517207184
572,0.0,40.0,85.0,0.0,36.6815600703,15.5688469536,1.0850434095,11.0207654522,9.36703006836,7.45509504719
573,0.0,55.0,85.0,0.0,42.9379092262,17.3184889053,-1.73869854238,15.4149977275,13.1162657981,11.3873684319
574,0.0,70.0,85.0,0.0,48.5440637585,7.38169401615,0.413772356393,17.9690045926,17.2264167211,14.0556373751
575,0.0,85.0,85.0,0.0,53.7524820866,-4.01316140476,3.07633307962,20.13758113,21.742277332,16.5978761095
576,0.0,100.0,85.0,0.0,49.3482461403,-8.30246039381,9.29006957213,15.7600502992,17.8783667047,11.3951498398
577,10.0,0.0,85.0,0.0,46.5381610012,14.7468944964,7.42263406498,17.7283020137,15.6697241416,10.4386245803
578,10.0,10.0,85.0,0.0,43.7899351797,8.35111118998,12.3171629417,14.5301486489,13.6933680125,7.71313090226
579,10.0,20.0,85.0,0.0,42.5693041561,5.44981572152,-0.630125975684,13.2334472393,12.8717093717,10.8205660557
580,10.0,30.0,85.0,0.0,39.4428273854,-1.69965527881,2.99540587872,10.3055908116,10.9184789515,8.18825086982
581,10.0,40.0,85.0,0.0,37.2415671021,-4.39312740402,-8.91973747129,8.79844195518,9.66893236048,10.5367946432
582,10.0,55.0,85.0,0.0,56.6950245266,5.40713010072,15.0658407301,24.9828282604,24.6116139665,13.8291654478
583,10.0,70.0,85.0,0.0,66.443682115,17.2781977962,28.4623693309,39.9176312652,35.9003078362,15.1528076294
584,10.0,85.0,85.0,0.0,61.0244832376,8.19426563156,19.6612908675,30.3731021062,29.2760454143,14.936961966
585,10.0,100.0,85.0,0.0,56.8409807903,0.360552966262,12.4541025564,23.9584621649,24.7601565864,14.9346859048
586,20.0,0.0,85.0,0.0,51.3862757585,-9.24745551785,4.11242431803,17.1551849668,19.6038060368,14.5176576982
587,20.0,10.0,85.0,0.0,60.0842671579,16.2911154502,29.604211431,31.4692404184,28.2169856882,10.809029264
588,20.0,20.0,85.0,0.0,55.3422388728,22.0492170344,-0.641862260303,27.6120856114,23.2630275627,19.4964846134
589,20.0,30.0,85.0,0.0,51.5966323109,-1.89785818645,15.7787979994,18.7110043673,19.7879685582,10.552990778
590,20.0,40.0,85.0,0.0,48.3094856174,3.37347309205,-13.1465074144,17.0381222005,17.0392760907,19.6764163603
591,20.0,55.0,85.0,0.0,59.1981314854,28.4018929437,32.501039454,33.7983104809,27.2425138647,9.45713655504
592,20.0,70.0,85.0,0.0,58.7427491947,9.47487020065,2.0026057282,28.1389806727,26.7505820811,21.0589305008
593,20.0,85.0,85.0,0.0,51.2854385981,9.32615528056,19.9665717237,20.6936091548,19.5159319628,9.13720842085
594,20.0,100.0,85.0,0.0,32.6138165333,0.157006011343,2.67875606427,7.1136298708,7.36046387026,5.50927728928
595,30.0,0.0,85.0,0.0,69.1646562621,-11.9519105429,24.0575238184,34.5532124522,39.5734784652,19.088932671
596,30.0,10.0,85.0,0.0,52.2176713456,-16.0455577961,1.89160177353,16.5735847104,20.33839621,15.9845867325
597,30.0,20.0,85.0,0.0,56.5930958903,10.9031886454,12.1209953238,26.1907962331,24.5082322375,14.897379361
598,30.0,30.0,85.0,0.0,36.9289492392,7.51794770187,-8.14878438539,10.0961934249,9.49961160421,10.1309807328
599,30.0,40.0,85.0,0.0,37.640762019,20.3726364093,10.1396582539,12.2840941455,9.88805443759,5.75866023349
600,30.0,55.0,85.0,0.0,37.4863002401,21.4628703679,1.53335432044,12.3463733264,9.80288044222,7.69160268019
601,30.0,70.0,85.0,0.0,36.2451139681,4.20520058392,2.54147191508,9.31276193503,9.13614692136,6.91805070384
602,30.0,85.0,85.0,0.0,44.6409933747,8.77600865281,3.77770562103,15.2111281139,14.2864706466,10.5556965523
603,30.0,100.0,85.0,0.0,52.6666454754,-9.13817545587,-0.901792959269,18.2059625973,20.742615985,17.5089099673
604,40.0,0.0,85.0,0.0,68.7357950886,-2.11436298786,19.037483828,36.9379442261,38.9786468915,21.1559433298
605,40.0,10.0,85.0,0.0,52.5687922317,-4.57234863087,14.0631026234,19.0064986383,20.6540646446,11.6549077197
606,40.0,20.0,85.0,0.0,49.7421460274,-12.636003108,-3.58657805125,15.3085810936,18.2036158654,16.4912570141
607,40.0,30.0,85.0,0.0,53.1884803906,17.4593826724,7.27721091277,24.2697043821,21.2191219505,14.4953090503
608,40.0,40.0,85.0,0.0,40.1689104416,7.55770101025,-7.51829083852,12.0053156173,11.3530887014,11.7229446131
609,40.0,55.0,85.0,0.0,36.7881919836,20.8881342575,3.95497154089,11.827091159,9.42402424651,6.80553589499
610,40.0,70.0,85.0,0.0,45.8381185632,-17.8007691298,7.26966839255,11.8727685116,15.1493791559,10.1133139513
611,40.0,85.0,85.0,0.0,41.0093696216,3.49277098533,-4.42527580842,11.9416292778,11.8703834666,11.1776295374
612,40.0,100.0,85.0,0.0,56.3531994432,-9.30497210157,9.76137175807,21.3670468679,24.266059223,15.6800891231
613,55.0,0.0,85.0,0.0,47.8526631392,24.401666628,8.30931646803,20.7515372998,16.6787338439,10.8749015451
614,55.0,10.0,85.0,0.0,66.7205403553,6.87960780433,26.6028178847,37.0318708795,36.2631995997,16.1066109508
615,55.0,20.0,85.0,0.0,33.7763684131,2.94619798208,-10.9079997665,7.93734131376,7.90124733341,9.33455220753
616,55.0,30.0,85.0,0.0,40.7088956679,-8.3862593921,9.01947799298,10.1462297144,11.6836786206,7.21090667854
617,55.0,40.0,85.0,0.0,37.4921891783,13.0988818248,-4.90049800239,11.1609007552,9.80611874324,9.45056700922
618,55.0,55.0,85.0,0.0,46.3383110466,1.25190296471,20.2076984421,15.1760076165,15.5199789238,6.85560869976
619,55.0,70.0,85.0,0.0,41.7785161456,22.0846255968,1.69511148348,15.3756224665,12.3573453749,9.68441555723
620,55.0,85.0,85.0,0.0,51.0817258355,-18.8962164929,11.1398821548,15.2262597163,19.3392093307,11.775940662
621,55.0,100.0,85.0,0.0,46.588834184,13.8101115051,-10.452671342,17.5942583654,15.7078454268,17.1034185805
622,70.0,0.0,85.0,0.0,62.163238858,-1.73569000912,31.0013080711,29.0478751966,30.5938176129,11.5224620481
623,70.0,10.0,85.0,0.0,54.909396642,30.6497799133,1.69474354889,29.3397575629,22.8421722641,18.0742130848
624,70.0,20.0,85.0,0.0,51.7959449958,-12.5937966916,15.2087478145,16.8675489784,19.963523177,10.8426651689
625,70.0,30.0,85.0,0.0,45.1528754627,17.047727147,-9.81774669496,17.0505455372,14.6513175278,15.790071317
626,70.0,40.0,85.0,0.0,62.1054786697,5.52586787918,35.1536065115,30.909522867,30.5260440976,10.1632462846
627,70.0,55.0,85.0,0.0,52.7856372021,35.2511291226,2.32245144444,28.1642011579,20.8506369578,16.212910175
628,70.0,70.0,85.0,0.0,41.6513220783,31.1223809695,0.41471014308,16.8656226558,12.2759142376,10.0026624982
629,70.0,85.0,85.0,0.0,38.8349687025,4.66905655734,-1.75735123084,10.8017858755,10.5632809815,9.21092626057
630,70.0,100.0,85.0,0.0,60.905288521,17.7934294623,18.3763547769,32.8721310629,29.140342355,15.3685800678
631,85.0,0.0,85.0,0.0,40.4946517146,-12.3258520363,9.38878606933,9.53196457195,11.5517568535,7.03235417863
632,85.0,10.0,85.0,0.0,58.1819856469,0.692019371821,5.16278903186,25.3833147358,26.1529928069,19.0698602735
633,85.0,20.0,85.0,0.0,55.7438819577,-1.06284049835,28.0367081914,22.5790273959,23.6581427744,9.02828477234
634,85.0,30.0,85.0,0.0,40.6541355005,-9.04328381368,-6.45266302535,10.0315039993,11.6498647415,11.6459317763
635,85.0,40.0,85.0,0.0,47.0310252287,11.8962907486,19.0429553022,17.5928020101,16.0431315957,7.426719735
636,85.0,55.0,85.0,0.0,39.2430978135,1.87857875298,-2.64922887568,10.6637228475,10.800903965,9.67638608466
637,85.0,70.0,85.0,0.0,43.1053415021,30.6813149821,1.54669986854,17.9419980053,13.2283666954,10.4253056084
638,85.0,85.0,85.0,0.0,38.8832010722,25.848394925,7.53392409729,13.9399365576,10.5911796215,6.81330879547
639,85.0,100.0,85.0,0.0,38.5539008912,1.06112009257,-0.91628894288,10.1666962236,10.4016793906,8.8357484977
640,100.0,0.0,85.0,0.0,56.0558303655,26.2483907478,13.5245551455,29.4813562028,23.9680893088,13.995076641
641,100.0,10.0,85.0,0.0,46.7498025348,-17.7981796228,7.44540973145,12.4447902791,15.8293514935,10.5456988437
642,100.0,20.0,85.0,0.0,55.8499195636,-0.564560737776,19.3549695092,22.789660994,23.7631982456,11.7779472872
643,100.0,30.0,85.0,0.0,75.2983236114,-5.81796558477,35.4210393721,44.9592267487,48.7544702659,18.7236389389
644,100.0,40.0,85.0,0.0,48.2560611205,41.4978850574,6.61122871883,24.9160891468,16.9968457065,11.6603233812
645,100.0,55.0,85.0,0.0,62.6374489462,-20.0130504799,14.4981674587,25.0284056159,31.1540333897,18.3094559044
646,100.0,70.0,85.0,0.0,41.7096480448,21.234600274,-5.01506186402,15.1813315355,12.3132106515,11.7746526374
647,100.0,85.0,85.0,0.0,55.2138346968,-17.8661241057,-17.155854983,18.6380161617,23.137644749,28.2637036014
648,100.0,100.0,85.0,0.0,38.7847162316,25.2529036938,11.4879819988,13.778015256,10.5342660303,5.89057330661
649,0.0,0.0,100.0,0.0,52.8159191302,-3.08515003446,0.342058684451,19.5110540219,20.8781866987,17.0781251349
650,0.0,10.0,100.0,0.0,35.0406721391,14.0152367647,5.02879774697,9.8866404941,8.51873653754,5.891411649
651,0.0,20.0,100.0,0.0,45.3802272839,-10.3131078043,-9.19040185921,12.6799671514,14.8153361249,15.6935343065
652,0.0,30.0,100.0,0.0,32.6937051594,2.58400973186,-0.506542554418,7.39941129376,7.39681058555,6.21428070995
653,0.0,40.0,100.0,0.0,74.3605327321,-6.30816783157,46.6750604515,43.4008386015,47.2674725218,13.4004596366
654,0.0,55.0,100.0,0.0,45.1577232301,30.1021607299,9.14663836726,19.5465393012,14.6548021625,9.21015478031
655,0.0,70.0,100.0,0.0,62.4570204835,-20.7664397035,27.9064551844,24.6696820212,30.9400823866,12.7643394975
656,0.0,85.0,100.0,0.0,31.2755715599,0.426115559609,1.15533315101,6.56853101683,6.76918520835,5.35113553494
657,0.0,100.0,100.0,0.0,73.8503427416,4.84640490188,50.4663548944,46.5155620061,46.4713454668,11.7522161737
658,10.0,0.0,100.0,0.0,46.9095396386,30.9906976032,-4.10372129411,21.2803521233,15.9505459901,14.7119086994
659,10.0,10.0,100.0,0.0,62.2898687778,-10.6595963792,34.3343160879,26.9236125063,30.742751015,10.5156777916
660,10.0,20.0,100.0,0.0,41.1858372429,3.63663950568,-21.5665471195,12.0721210605,11.9809562964,17.8949026062
661,10.0,30.0,100.0,0.0,64.8727078266,-3.14443066766,8.87620253614,31.8006713071,33.886911331,22.953264613
662,10.0,40.0,100.0,0.0,61.7027272588,2.17152241533,6.88104335921,29.5505210722,30.0562516971,21.1711629532
663,10.0,55.0,100.0,0.0,30.9209777442,2.08498105225,1.2923745142,6.58112707271,6.61800654842,5.20300432426
664,10.0,70.0,100.0,0.0,62.5344046826,3.09760091356,1.43063734486,30.7527653685,31.0317237384,24.8013782963
665,10.0,85.0,100.0,0.0,31.1438365389,4.99467401303,-5.93203747047,6.96222094254,6.71275503692,6.84203547643
666,10.0,100.0,100.0,0.0,37.6634143329,-12.0962740884,7.62922377734,8.12625569222,9.90058680512,6.31027877824
667,20.0,0.0,100.0,0.0,35.0756211549,16.8764226268,9.02698191795,10.2732994597,8.53624759393,5.09176161633
668,20.0,10.0,100.0,0.0,35.9959558463,4.33000544894,-2.05302220473,9.19764350491,9.00605782683,7.95324554747
669,20.0,20.0,100.0,0.0,40.0578044564,-4.51122494814,6.44159663032,10.2846523079,11.2858502979,7.5714671666
670,20.0,30.0,100.0,0.0,39.0049378794,8.35753316872,8.23213469593,11.4071603322,10.6618131688,6.69934512534
671,20.0,40.0,100.0,0.0,46.7465523682,-24.4666762701,12.9443425837,11.4832902219,15.8268919464,8.90981204339
672,20.0,55.0,100.0,0.0,37.9677826213,12.6793542048,-11.099186665,11.3864438133,10.0700066171,11.6509251853
673,20.0,70.0,100.0,0.0,56.5179799152,-12.0036378881,29.4317320201,20.9485438379,24.4322309818,9.01120191606
674,20.0,85.0,100.0,0.0,41.3966119972,28.4565104726,-1.80329058884,16.19370016,12.1139229012,10.5516859397
675,20.0,100.0,100.0,0.0,64.4586349373,-1.39284416732,42.7685039493,31.791500413,33.3690630451,9.11168092846
676,30.0,0.0,100.0,0.0,58.9156296299,0.541517100963,34.2565999095,26.1057775061,26.9366345378,8.81721263338
677,30.0,10.0,100.0,0.0,59.6183496826,0.907777475091,26.6887110276,26.9365176007,27.7017762553,11.4974471959
678,30.0,20.0,100.0,0.0,30.8998040728,4.47134432455,-5.28907795354,6.80539041391,6.60905121899,6.59473129186
679,30.0,30.0,100.0,0.0,51.9781903961,22.5358832042,20.8590364674,24.2373679176,20.1249509384,9.22365501272
680,30.0,40.0,100.0,0.0,47.6116958093,35.4182986473,-2.66110830887,22.8944922575,16.4906188077,14.6211341376
681,30.0,55.0,100.0,0.0,42.7102092551,-2.18384884361,2.86499172404,12.1810525378,12.9648327076,9.81449713157
682,30.0,70.0,100.0,0.0,31.8698915249,3.38987969895,-3.21443828732,7.1163067694,7.02770240175,6.5028265976
683,30.0,85.0,100.0,0.0,54.1382012141,21.1898386084,16.7395461232,26.119328786,22.1049686461,11.6647911185
684,30.0,100.0,100.0,0.0,48.6675022796,32.7153330686,4.20792791365,23.3068895034,17.3254408242,12.7370726378
685,40.0,0.0,100.0,0.0,45.0678755473,-2.23428244907,0.916232073071,13.7141346535,14.5903082681,11.7269784071
686,40.0,10.0,100.0,0.0,40.884329502,9.81815418506,-7.2714019676,12.7928675753,11.7924478012,12.058570642
687,40.0,20.0,100.0,0.0,61.9261189696,-12.5334630409,2.19680402317,26.0818787415,30.3162286467,23.8070207045
688,40.0,30.0,100.0,0.0,46.1945189903,30.2015077437,3.81599366865,20.4728556099,15.4128294362,11.4072620677
689,40.0,40.0,100.0,0.0,72.5835206119,1.19080910058,17.4141234807,43.3463042419,44.5332962969,25.554494242
690,40.0,55.0,100.0,0.0,41.2660632745,7.44409447232,-3.53095895122,12.6835187835,12.0314513334,11.0308024804
691,40.0,70.0,100.0,0.0,63.9473300545,-10.2607946065,-13.6973710245,28.8313055639,32.7369281932,35.8905568175
692,40.0,85.0,100.0,0.0,46.9408632999,27.9395472026,8.45529736685,20.6701366348,15.9743839478,10.3334468895
693,40.0,100.0,100.0,0.0,75.0737441731,2.21387925394,0.835716675882,47.4616610099,48.3955696935,39.2972218442
694,55.0,0.0,100.0,0.0,73.4771364999,-1.99135617235,3.42602104041,43.5740489414,45.8946712842,35.4006267636
695,55.0,10.0,100.0,0.0,35.3556553929,1.35720603191,3.89816375446,8.52245918126,8.67742483191,6.25517429486
696,55.0,20.0,100.0,0.0,70.9052386353,2.61899670456,2.50683860955,41.4048936178,42.0497968183,32.9830369484
697,55.0,30.0,100.0,0.0,38.9186989431,1.32979458509,3.17893176244,10.4062820733,10.6117437035,7.90320141794
698,55.0,40.0,100.0,0.0,73.8445235016,-2.53472745532,8.27654379566,43.9294054033,46.4623167735,32.5138232797
699,55.0,55.0,100.0,0.0,54.1528212175,1.03025134021,4.55149089836,21.5478128932,22.1187945818,16.266586332
700,55.0,70.0,100.0,0.0,70.6097547531,1.95853918441,6.65566534655,40.7712600054,41.6223367727,29.9523351409
701,55.0,85.0,100.0,0.0,36.4568494172,-8.05787048976,-7.00815446932,7.99767833395,9.24767677019,9.54504323461
702,55.0,100.0,100.0,0.0,33.6618793932,17.055877989,1.94014032915,9.52332420281,7.84685242482,6.04425864391
703,70.0,0.0,100.0,0.0,44.006014704,-0.630280774574,20.9998159735,13.2507911544,13.8423678013,5.78269822385
704,70.0,10.0,100.0,0.0,61.1849331213,10.2601787307,3.73437979252,31.1176847773,29.4593817919,22.3176637426
705,70.0,20.0,100.0,0.0,43.8593715808,20.8519148822,15.8445000842,16.7297325982,13.7411313781,6.87664302906
706,70.0,30.0,100.0,0.0,53.5940241619,-0.238426505982,-6.71370225876,20.7738086428,21.5944367663,20.9789535036
707,70.0,40.0,100.0,0.0,38.3913612748,5.68688749481,4.76985002278,10.6819993292,10.3089828461,7.2729634739
708,70.0,55.0,100.0,0.0,44.6541092536,-10.8739247892,-18.1378259976,12.1357793984,14.2957425997,19.0589973075
709,70.0,70.0,100.0,0.0,65.6241156464,-2.37306453493,2.46296485916,32.9210787674,34.8402689748,27.2638133854
710,70.0,85.0,100.0,0.0,52.0910609305,14.9510488116,6.1777416334,22.6381984627,20.2253634816,14.1897643676
711,70.0,100.0,100.0,0.0,61.3501847166,21.034895542,-1.55023697611,34.3503816535,29.6490032567,25.3265943488
712,85.0,0.0,100.0,0.0,55.6289343621,0.677601769699,23.2708462581,22.853778814,23.5446100884,10.3843024743
713,85.0,10.0,100.0,0.0,30.8829964533,5.11988025904,-3.91074269428,6.8624712222,6.60194825027,6.27679781346
714,85.0,20.0,100.0,0.0,37.3554011772,8.56890470973,12.0839380735,10.4720921813,9.73108355078,5.26249835084
715,85.0,30.0,100.0,0.0,60.3858795495,19.1429898583,10.999517195,32.6216924086,28.5538900851,18.1360958686
716,85.0,40.0,100.0,0.0,56.3616900128,0.301507341771,17.1551261355,23.475843336,24.2746030128,12.8508966415
717,85.0,55.0,100.0,0.0,30.9668499116,3.73782187869,-0.992835209356,6.76156175863,6.63743575975,5.68049802363
718,85.0,70.0,100.0,0.0,37.0540264833,7.81153824775,10.5011074518,10.2035983057,9.56711692714,5.47536651019
719,85.0,85.0,100.0,0.0,49.3410146089,36.7614982571,16.2643488595,24.9020409974,17.8724320239,9.23739979043
720,85.0,100.0,100.0,0.0,60.4660572028,4.96044982956,6.87031924868,28.8871583294,28.643898387,20.1285486512
721,100.0,0.0,100.0,0.0,30.5156429219,4.97381658004,0.800801977413,6.6920613006,6.44797160499,5.16246675235
722,100.0,10.0,100.0,0.0,32.4621617518,-3.04338539039,-1.11056267012,6.72856900712,7.29179382898,6.2595968643
723,100.0,20.0,100.0,0.0,50.3941091611,33.0998182115,23.0576490569,25.1084989631,18.7505787377,7.87899351115
724,100.0,30.0,100.0,0.0,62.5687140062,5.96523373824,-7.02448371348,31.5743785588,31.072411994,29.836777591
725,100.0,40.0,100.0,0.0,31.3184270954,3.35158332223,2.88540760868,6.8732632441,6.78761079907,5.02703091302
726,100.0,55.0,100.0,0.0,31.8195981413,-1.31148126792,-5.15162025685,6.62731516905,7.00557519123,6.93297271644
727,100.0,70.0,100.0,0.0,41.3186707497,6.28640295262,-4.0822632608,12.5447229864,12.0646398856,11.2398582914
728,100.0,85.0,100.0,0.0,55.7608285146,-1.42775623148,21.3583731827,22.5149354832,23.6749115396,11.0637259476
729,100.0,100.0,100.0,0.0,56.1679044643,0.731234937153,20.3969442455,23.3844767176,24.0801017118,11.6118333729
730,0.0,0.0,0.0,20.0,55.5658750196,0.0206506827779,19.4488663114,22.6486034113,23.4824815247,11.5817542992
731,0.0,10.0,0.0,20.0,49.4967634831,-7.04239018661,10.2203385537,16.0909894566,18.0005407572,11.1736548365
732,0.0,20.0,0.0,20.0,46.6945249513,12.5920872187,12.393220141,17.4527274802,15.7875551367,9.03994044515
733,0.0,40.0,0.0,20.0,75.3665098539,2.53211203013,1.99288030914,48.0338680041,48.8637888418,38.8068438665
734,0.0,70.0,0.0,20.0,78.5060700179,-2.88307730427,9.01058723126,51.0459532923,54.076072703,37.6180740339
735,0.0,100.0,0.0,20.0,38.6970660832,2.33905307011,-0.661068826067,10.4133582191,10.483785517,8.83340886536
736,10.0,0.0,0.0,20.0,73.8380208219,2.25890255667,6.58912049701,45.5821702608,46.4522290903,33.6416883065
737,10.0,10.0,0.0,20.0,40.085043521,-9.80882373588,6.00910574573,9.62521886302,11.302310026,7.69283440407
738,10.0,20.0,0.0,20.0,44.8604150622,0.351446494375,-12.8682181638,13.9825153666,14.442113772,16.8598824798
739,10.0,40.0,0.0,20.0,46.8361040457,4.3898121423,18.0035707059,16.0846495584,15.894752973,7.60292192616
740,10.0,70.0,0.0,20.0,52.0801076641,13.0875375793,-2.82359616149,22.2200915507,20.2156045724,17.9129016648
741,10.0,100.0,0.0,20.0,52.4251918706,17.4655791229,28.2675534526,23.5201769465,20.524571738,7.44555012629
742,20.0,0.0,0.0,20.0,55.8878761092,5.50189520078,26.1059404919,24.1954775715,23.8008786839,9.65941199771
743,20.0,10.0,0.0,20.0,62.7026088447,-4.49370233053,31.3568812712,28.9354061874,31.231541354,11.7148694709
744,20.0,20.0,0.0,20.0,50.6850772406,-7.53267474359,-21.4436497864,16.9169817329,18.9981804304,26.18383777
745,20.0,40.0,0.0,20.0,38.5439984212,-5.38681467108,11.7050887791,9.35141859683,10.3960161683,5.75695547439
746,20.0,70.0,0.0,20.0,63.7357353702,2.610383695,-7.10510866974,32.0371250166,32.4776834103,31.1708266657
747,20.0,100.0,0.0,20.0,51.8806453381,-23.8443319203,13.8395003783,14.9733756623,20.0384405187,11.3346682647
748,40.0,0.0,0.0,20.0,49.4208950318,-11.3095020889,-9.44355608428,15.2987102913,17.9380601816,18.8382210983
749,40.0,10.0,0.0,20.0,38.6554211622,-5.24893909064,9.39732304675,9.42711330489,10.459857501,6.29741126265
750,40.0,20.0,0.0,20.0,63.314653549,-0.335465807909,8.19688041857,30.7338845263,31.9658551354,21.9109308856
751,40.0,40.0,0.0,20.0,53.0688464215,-22.6922909084,8.09593394701,16.0466643397,21.1092420577,14.1010169053
752,40.0,70.0,0.0,20.0,30.4903582982,1.02803963207,-2.51653454431,6.3036473269,6.43746249964,5.8277306714
753,40.0,100.0,0.0,20.0,58.9348627235,3.68305832558,22.6790086882,26.894315418,26.9573861953,12.4652397954
754,70.0,0.0,0.0,20.0,53.6704752086,17.2778697455,3.83022813398,24.7096376495,21.6656813117,16.2203598342
755,70.0,10.0,0.0,20.0,32.4077558285,-4.48490786873,1.6152540331,6.56554775976,7.26726304733,5.65480549967
756,70.0,20.0,0.0,20.0,30.5868894274,1.3964877303,-4.99935167762,6.37759359964,6.47764545764,6.40612798933
757,70.0,40.0,0.0,20.0,59.2457202033,2.57863203075,34.0404286852,26.9525153511,27.2942674214,9.03789551233
758,70.0,70.0,0.0,20.0,55.4516267758,17.2979585863,-8.28572569766,26.5502564009,23.3701981916,23.4412156252
759,70.0,100.0,0.0,20.0,32.3947392262,-4.59088386293,4.2879874449,6.54992376656,7.26140223203,5.11436632025
760,100.0,0.0,0.0,20.0,77.2130840629,-0.779672091651,5.51092083457,49.7434757029,51.8867733533,38.5571591903
761,100.0,10.0,0.0,20.0,47.2361435134,14.2102573823,1.74962770634,18.1947489517,16.200266599,12.7336681811
762,100.0,20.0,0.0,20.0,79.1666159067,2.2141989851,8.34516036201,54.113294351,55.2179031879,38.9564592459
763,100.0,40.0,0.0,20.0,57.7543924762,-0.0526402782903,5.90981520266,24.7733174298,25.7033483654,18.3863597366
764,100.0,70.0,0.0,20.0,51.3099225317,-6.40293171228,-2.17577967235,17.6196719378,19.5372441822,17.0440622395
765,100.0,100.0,0.0,20.0,62.6100920462,23.240922191,2.22450786334,36.6188678874,31.1215305049,24.4347845249
766,0.0,0.0,10.0,20.0,34.0097834919,1.61362733606,2.73141903599,7.90165260682,8.01292274104,6.0028709794
767,0.0,10.0,10.0,20.0,62.2427315717,21.4832296401,1.10083541216,35.6144696459,30.6872551345,24.7053784116
768,0.0,20.0,10.0,20.0,48.1435691395,14.398760602,3.17128030707,18.9862973196,16.9077336394,12.7846125037
769,0.0,40.0,10.0,20.0,47.3332588247,13.3034585145,2.59529950735,18.1019857961,16.2750202737,12.4936784116
770,0.0,70.0,10.0,20.0,48.5225410077,-13.294165042,-14.4085151974,14.3269488568,17.2091895944,20.4621297676
771,0.0,100.0,10.0,20.0,52.7430694132,19.9235898365,-2.69807635617,24.3954647181,20.8119508428,18.3716607071
772,10.0,0.0,10.0,20.0,56.5681873434,0.362598645917,24.5800975208,23.6910624785,24.48301269,10.4810028333
773,10.0,10.0,10.0,20.0,41.9944810263,-7.04784311592,3.73962443755,11.0594850364,12.4964320376,9.1967182088
774,10.0,20.0,10.0,20.0,65.0390193625,16.9952293215,39.4051184805,37.9154098212,34.0964028444,10.4123054463
775,10.0,40.0,10.0,20.0,46.4285208795,-15.7079345665,-14.6208690308,12.549310443,15.5874534036,18.8465661174
776,10.0,70.0,10.0,20.0,42.0543168795,31.0170740593,10.6675474062,17.1626107237,12.5351515709,7.37584752499
777,10.0,100.0,10.0,20.0,77.5976403197,-3.58738276842,2.02035233885,49.3166831989,52.5316125078,41.7364209452
778,20.0,0.0,10.0,20.0,42.3624004162,19.424523095,-4.86787659612,15.3512457803,12.7357777022,12.1083873822
779,20.0,10.0,10.0,20.0,64.5827791042,-5.58529726577,-10.3423282318,30.7922941504,33.5237625241,34.308978888
780,20.0,20.0,10.0,20.0,51.7063175471,33.9071308236,7.38165370243,26.6644301807,19.8844514021,13.4870079996
781,20.0,40.0,10.0,20.0,74.3135036882,-5.67075231306,40.4545201904,43.5487175766,47.1937084384,15.7919942267
782,20.0,70.0,10.0,20.0,41.4816908134,16.6256187139,6.02744295738,14.2574812083,12.1678720796,8.31712131762
783,20.0,100.0,10.0,20.0,62.4847996593,-9.75717180496,24.1156636053,27.3566239195,30.9729587692,14.1829974225
784,40.0,0.0,10.0,20.0,51.9099529862,31.480610219,22.32568285,26.2859005681,20.0644066755,8.77607385896
785,40.0,10.0,10.0,20.0,63.2091949803,11.1195419453,29.6119361151,33.8002421083,31.8385170116,12.6191502857
786,40.0,20.0,10.0,20.0,47.288967837,28.4102152642,2.14920724971,21.0813058748,16.2408992092,12.6241280303
787,40.0,40.0,10.0,20.0,54.8724791528,-5.90533959456,14.9252783332,20.7413210182,22.8065139425,12.7302661247
788,40.0,70.0,10.0,20.0,41.7574237729,7.07604655785,-9.55861668509,12.9471778219,12.3438169592,13.4083528116
789,40.0,100.0,10.0,20.0,63.7875649033,10.0529435738,41.7479867107,34.2121729962,32.5410576641,9.07285026435
790,70.0,0.0,10.0,20.0,49.4723604094,27.929652569,-7.49627396215,23.0125944146,17.9804280896,17.9919524478
791,70.0,10.0,10.0,20.0,53.7605896187,-7.46806261846,24.9577344361,19.4490925777,21.749859716,8.93222031201
792,70.0,20.0,10.0,20.0,42.4416633788,7.90150906965,-18.8104992925,13.5283203041,12.7877382318,17.6322352235
793,70.0,40.0,10.0,20.0,61.489611114,24.4543244102,3.9415116642,35.5325945055,29.8096225086,22.4827689285
794,70.0,70.0,10.0,20.0,74.3670439768,1.13653148734,32.1885888522,45.9899070776,47.2776913279,19.482739863
795,70.0,100.0,10.0,20.0,68.0682486647,-10.5581429842,-7.57642257017,33.5897074255,38.064666822,36.5943261202
796,100.0,0.0,10.0,20.0,66.7200190622,-8.81826975056,-7.79502788973,32.4369445913,36.2625140275,35.0993413419
797,100.0,10.0,10.0,20.0,60.9870243909,21.8440099321,19.9401363802,34.130981434,29.233353262,14.8013531092
798,100.0,20.0,10.0,20.0,60.6798760868,19.8015447287,18.700708681,33.1656491415,28.8848581759,15.0825642659
799,100.0,40.0,10.0,20.0,77.0083082126,2.49116770596,5.83597601085,50.6375301971,51.5455605275,38.053963818
800,100.0,70.0,10.0,20.0,56.7743021137,0.026552922562,4.20998863517,23.8166504757,24.6922224257,18.3909163009
801,100.0,100.0,10.0,20.0,56.7753091085,2.00623187098,4.57024484363,24.2713921868,24.6932474558,18.2282770888
802,0.0,0.0,20.0,20.0,56.0884572139,1.36646423009,4.02508106423,23.4504136209,24.0006622743,17.9407550059
803,0.0,10.0,20.0,20.0,34.9071595896,2.02567605788,-0.95377143658,8.37809785881,8.45206113903,7.20365945133
804,0.0,20.0,20.0,20.0,54.3706839962,-14.3881520254,-13.2922055391,18.6078022554,22.3255079819,25.1626964968
805,0.0,40.0,20.0,20.0,39.3538058437,19.4961554195,8.19040819042,13.2621665334,10.8659697242,6.84972820751
806,0.0,70.0,20.0,20.0,63.9572378775,-4.20312347764,-0.162403152656,30.4384476803,32.7491009032,27.117044437
807,0.0,100.0,20.0,20.0,42.7729437575,34.0384636625,15.9966527596,18.3073306108,13.0064376554,6.40937976115
808,10.0,0.0,20.0,20.0,45.0842256367,24.3813602034,14.0063086169,18.365744892,14.6020304731,7.85222817719
809,10.0,10.0,20.0,20.0,46.3787344609,-16.3320572242,-11.2346474924,12.4251034146,15.5501903989,17.2860171929
810,10.0,20.0,20.0,20.0,30.2699600225,2.85248854517,-0.271049859878,6.38610635127,6.34634101942,5.28995097903
811,10.0,40.0,20.0,20.0,39.4262936959,-2.95140630545,-0.553741968932,10.1341642181,10.9087138157,9.15820562008
812,10.0,70.0,20.0,20.0,46.5643356992,33.1247727397,16.0156992307,21.4171628675,15.6894075787,7.99302268453
813,10.0,100.0,20.0,20.0,55.6686996458,-16.6060781183,-22.9056118849,19.2679043719,23.5838447066,32.4105082242
814,20.0,0.0,20.0,20.0,30.4606258725,3.17216286622,-0.784354415255,6.49482568894,6.4251193601,5.45865337961
815,20.0,10.0,20.0,20.0,39.2327504442,-3.58524839294,6.45222174959,9.94617851606,10.7948358761,7.21631368711
816,20.0,20.0,20.0,20.0,47.1479828678,32.7491203106,12.4181979515,21.8744855033,16.1326042315,9.25611720776
817,20.0,40.0,20.0,20.0,55.3759258537,-20.0608960985,-7.30716193912,18.3501438937,23.2959967239,22.8529913628
818,20.0,70.0,20.0,20.0,34.8148589166,-9.00330887032,0.00143272573956,7.14695379898,8.40617069908,6.93562986483
819,20.0,100.0,20.0,20.0,47.0039785316,27.1340776038,11.2656392074,20.5597933074,16.0224880689,9.51888933324
820,40.0,0.0,20.0,20.0,67.4516186149,-5.08375729268,10.986227076,34.4029256537,37.2331968247,24.2076992705
821,40.0,10.0,20.0,20.0,42.1326485781,5.99317722352,0.814356250418,13.0284312418,12.5859604629,10.1336577134
822,40.0,20.0,20.0,20.0,34.5059784895,-6.4269201668,-5.11289757315,7.27480726972,8.25380873189,8.08167062964
823,40.0,40.0,20.0,20.0,48.3455491892,23.6235893973,18.7090523722,21.0325478237,17.067958103,8.09203103739
824,40.0,70.0,20.0,20.0,69.0088017539,-3.48107641472,-6.09665749994,36.8800049985,39.3566129819,36.6965430865
825,40.0,100.0,20.0,20.0,41.1475199966,1.74467293881,6.14456016807,11.7767090375,11.9568889884,8.13265843452
826,70.0,0.0,20.0,20.0,68.298056521,0.624646685074,5.93125827591,37.198619377,38.3776801281,27.9449184223
827,70.0,10.0,20.0,20.0,40.7567482563,25.7699911045,13.7553305844,15.2536571,11.7132806524,6.13514096525
828,70.0,20.0,20.0,20.0,59.5895911518,-8.47806740453,-5.76276093849,24.6530757867,27.6701823586,25.995264443
829,70.0,40.0,20.0,20.0,37.0679749581,10.8409066894,4.74066261842,10.6087382198,9.57466480539,6.73465370273
830,70.0,70.0,20.0,20.0,50.6948511248,-18.0856311121,-17.436339644,15.0818681166,19.0065352187,23.9526292711
831,70.0,100.0,20.0,20.0,43.4840565966,33.8068008977,14.3256465963,18.8542203299,13.4842801486,7.08456547963
832,100.0,0.0,20.0,20.0,63.1531074475,-4.96789243392,5.13905426926,29.3176633665,31.7709309304,23.3630165876
833,100.0,10.0,20.0,20.0,39.3728255341,19.7661977087,5.58598193746,13.3165076367,10.877174287,7.4898323058
834,100.0,20.0,20.0,20.0,53.3831966049,-15.105315295,-8.25489377957,17.6633294159,21.3987766758,21.5693997719
835,100.0,40.0,20.0,20.0,35.1832852021,3.61450322194,-2.64476912627,8.69748379229,8.59034300746,7.7444987765
836,100.0,70.0,20.0,20.0,67.2342659372,-0.153618388227,15.4277079518,35.5782613942,36.9430283781,21.6700238684
837,100.0,100.0,20.0,20.0,41.3618393782,27.6065247249,5.00393685051,16.0182503753,12.0919192846,8.5380232077
838,0.0,0.0,40.0,20.0,58.4725502675,-9.87147702278,2.87075649002,23.2343014959,26.4615153573,20.4015706905
839,0.0,10.0,40.0,20.0,36.8133240562,11.7046086257,-3.64454084643,10.5776930084,9.43749078308,8.759845006
840,0.0,20.0,40.0,20.0,47.8972017139,-20.238776565,-10.7622471383,12.8186151283,16.7136594963,18.2397725177
841,0.0,40.0,40.0,20.0,64.4162436448,-3.3233983772,11.9313640358,31.2115489682,33.3163472905,20.9858750543
842,0.0,70.0,40.0,20.0,61.0772567283,2.06912399162,9.40814048766,28.8206776057,29.3362622901,19.4199330767
843,0.0,100.0,40.0,20.0,59.4059545664,17.6571698618,31.6469991134,31.0439706471,27.4690069043,9.81562283065
844,10.0,0.0,40.0,20.0,58.8317566387,4.76091797372,-10.3753803164,27.0510651568,26.8462637694,27.9361587661
845,10.0,10.0,40.0,20.0,31.9474374242,3.04722183984,2.60020892939,7.11545088548,7.06191092666,5.29410428784
846,10.0,20.0,40.0,20.0,36.5245127469,9.20428433075,2.55074257832,10.0888789279,9.28350828169,7.03067075899
847,10.0,40.0,40.0,20.0,60.0905047905,16.9700966698,24.7566574254,31.6632213069,28.2239262146,12.4353656571
848,10.0,70.0,40.0,20.0,62.334004409,8.96828343998,9.8955788616,32.1248950766,30.7947736766,20.2230860351
849,10.0,100.0,40.0,20.0,31.2093718756,3.17790882199,1.16723117563,6.80943327938,6.74078846738,5.32599529345
850,20.0,0.0,40.0,20.0,36.5983229677,8.44624714789,7.62649202616,10.0324741463,9.32270033403,5.91015764276
851,20.0,10.0,40.0,20.0,51.6096797266,42.0578306529,19.6107469004,28.6091626338,19.7994291154,9.40081455552
852,20.0,20.0,40.0,20.0,36.1549052012,-6.80735296389,2.62652915576,7.99207158588,9.0889039389,6.86116548726
853,20.0,40.0,40.0,20.0,45.8573682986,21.9821419802,8.39006103973,18.5450750571,15.1635312196,9.78491173529
854,20.0,70.0,40.0,20.0,75.2294493858,5.37596802019,22.5649899139,48.8576817395,48.6442143364,25.2222908015
855,20.0,100.0,40.0,20.0,52.9897595849,38.743609883,27.4358304206,29.2925484994,21.0368120526,7.90412143686
856,40.0,0.0,40.0,20.0,35.3386361877,-4.79869445077,-3.19501656945,7.82717211867,8.6688006247,7.95550540933
857,40.0,10.0,40.0,20.0,46.2839442729,18.6377657432,15.9015361687,18.256334831,15.4794082615,7.8970091683
858,40.0,20.0,40.0,20.0,77.8578507994,6.43313258572,5.17804296509,53.5553616634,52.9709605458,39.6438296709
859,40.0,40.0,40.0,20.0,42.2981161072,-15.6435140269,13.1897701332,10.0938157288,12.6937398896,6.86788817234
860,40.0,70.0,40.0,20.0,39.6858342544,9.39592768827,-11.6667053035,11.9701515356,11.0626767752,12.8761199221
861,40.0,100.0,40.0,20.0,51.1832309676,-3.1073344868,25.5007845796,18.1368945031,19.4271319732,7.60237467343
862,70.0,0.0,40.0,20.0,45.3697534011,23.1909541368,-2.92133626005,18.373467726,14.8077531806,13.2581288678
863,70.0,10.0,40.0,20.0,58.1969775435,8.19687025789,35.4123212687,27.2249526918,26.1688522722,8.16647029881
864,70.0,20.0,40.0,20.0,49.861602915,-11.4455097789,-17.2874322303,15.5996988792,18.3030270233,23.102540916
865,70.0,40.0,40.0,20.0,55.4627343622,10.0637096532,24.2993191975,24.8291279104,23.3810990008,9.98090256744
866,70.0,70.0,40.0,20.0,58.9372161843,3.05617819346,-4.99224637865,26.7422814177,26.9599262071,24.9242242643
867,70.0,100.0,40.0,20.0,46.8198216621,-8.44381820811,8.53199576832,13.9267704544,15.8824000075,10.2452827605
868,100.0,0.0,40.0,20.0,67.7607773437,17.8414170925,8.29892639566,41.9568302941,37.648539201,26.0104902546
869,100.0,10.0,40.0,20.0,44.1719307451,-14.0001488342,-4.17516908759,11.3951515737,13.9575076086,12.963532206
870,100.0,20.0,40.0,20.0,39.8894595058,7.35755008775,-7.18272915056,11.8038184469,11.1844790752,11.4496484931
871,100.0,40.0,40.0,20.0,52.5423579693,-2.61447422755,8.52974639367,19.3701209577,20.6301865293,13.5958420137
872,100.0,70.0,40.0,20.0,44.6487432451,22.4289406169,2.11956098733,17.6420177383,14.2919487452,11.0896995898
873,100.0,100.0,40.0,20.0,58.925297371,8.96512162109,19.2766383712,28.2095725747,26.9470642713,13.6921072893
874,0.0,0.0,70.0,20.0,51.0058507334,13.4301948104,20.0556552536,21.3006444011,19.2736606863,8.97516889335
875,0.0,10.0,70.0,20.0,46.7083745765,-14.3991529493,-19.1570513834,12.9267242313,15.7980201666,21.2641345238
876,0.0,20.0,70.0,20.0,48.9250421209,-13.8585736636,10.2607547065,14.517765868,17.5332632093,10.8420767387
877,0.0,40.0,70.0,20.0,54.5637025944,25.2910883785,-4.77219565043,27.5834690692,22.5097211467,20.8452975809
878,0.0,70.0,70.0,20.0,61.1807963009,-1.02143912831,31.1616423657,28.1421662402,29.4546453115,10.9157293049
879,0.0,100.0,70.0,20.0,44.5771500984,3.11896737076,-19.3851723532,14.2309412979,14.2413954367,19.5830901412
880,10.0,0.0,70.0,20.0,48.2822732274,-13.4161590687,3.71180390817,14.1398831848,17.0176548674,12.6773092891
881,10.0,10.0,70.0,20.0,53.4805696397,23.5039977999,5.54113778924,25.9934698087,21.4889969105,15.3822995538
882,10.0,20.0,70.0,20.0,61.9663453582,-1.01052241411,24.1266497597,29.0157747684,30.3632016788,13.8395804034
883,10.0,40.0,70.0,20.0,44.7519807677,-0.357563983282,-9.79723752099,13.7954959584,14.3650571871,15.4993566595
884,10.0,70.0,70.0,20.0,47.2133944163,3.57481533334,-7.13272612595,16.2272975908,16.1827888315,16.1493522511
885,10.0,100.0,70.0,20.0,61.4578671789,7.54711528005,26.1601580134,30.7012825994,29.7730026141,12.7727654299
886,20.0,0.0,70.0,20.0,33.1018391216,6.40486534956,2.16198474942,7.99784168912,7.58436646751,5.79059724748
887,20.0,10.0,70.0,20.0,52.4192082894,-10.686776476,10.7305289762,17.7125313983,20.5191877691,12.7177991995
888,20.0,20.0,70.0,20.0,49.2658798841,4.29110237179,-17.5527052045,17.9729092769,17.8108491078,22.7013378419
889,20.0,40.0,70.0,20.0,61.5830401096,6.02297940667,37.3331791058,30.4364338247,29.9175766859,9.24836056295
890,20.0,70.0,70.0,20.0,32.093555086,6.34211540583,-1.72297501956,7.52245562533,7.12667044706,6.2544710858
891,20.0,100.0,70.0,20.0,50.8193449767,-12.3010059238,20.8201308374,16.168654658,19.1131678721,8.6723490127
892,40.0,0.0,70.0,20.0,53.7513828857,19.8183742632,2.02925376038,25.3901901014,21.7412494652,17.045957037
893,40.0,10.0,70.0,20.0,49.1373461335,9.87237454491,24.313424656,18.9387802541,17.7058268652,7.02673687787
894,40.0,20.0,70.0,20.0,49.0141751677,7.68346364919,-7.29833245987,18.4120450657,17.6055745825,17.5526157143
895,40.0,40.0,70.0,20.0,43.6900915507,-3.77934192423,11.8675808342,12.5678950993,13.6248825526,7.78407353596
896,40.0,70.0,70.0,20.0,42.9921007451,-4.05359345013,-16.2484781828,12.0859373708,13.1524790329,16.9282565726
897,40.0,100.0,70.0,20.0,53.6402294127,16.3641768735,24.095532727,24.4667361079,21.6374766239,9.11753584163
898,70.0,0.0,70.0,20.0,51.5398488603,12.181959642,0.938218591298,21.524150474,19.7381427545,15.8955471259
899,70.0,10.0,70.0,20.0,47.206122127,4.44654335962,12.2365296966,16.3759540034,16.1772043006,9.33751077813
900,70.0,20.0,70.0,20.0,44.5347918122,-0.0976050379416,-9.22494610606,13.6887549165,14.211541636,15.1181916072
901,70.0,40.0,70.0,20.0,40.7206650528,-8.96392890385,0.641389644613,10.0784319652,11.6909546353,9.45770576004
902,70.0,70.0,70.0,20.0,39.2085564394,5.76322362998,-14.2942968682,11.1694879085,10.7806564668,13.534455893
903,70.0,100.0,70.0,20.0,67.4020387802,-3.35717712462,0.349402453996,34.8451124641,37.1668738734,30.4435571432
904,100.0,0.0,70.0,20.0,44.6512265572,23.7349944036,10.3387611294,17.8886817713,14.2937044035,8.63015630566
905,100.0,10.0,70.0,20.0,50.5649604617,-26.2588758317,14.3136484783,13.6621379676,18.8957035794,10.4547719149
906,100.0,20.0,70.0,20.0,50.190098932,42.1188126521,22.4984818118,27.0781912893,18.5782636997,7.93274888752
907,100.0,40.0,70.0,20.0,60.3774681001,1.24936178859,18.2002139386,27.8398633431,28.5444582441,15.0742349466
908,100.0,70.0,70.0,20.0,45.3234388672,26.5428713239,3.76013248038,18.9840214,14.7742531235,10.9354194034
909,100.0,100.0,70.0,20.0,74.3587560366,-6.03118746348,49.3722971955,43.492417926,47.2646844156,12.4300363631
910,0.0,0.0,100.0,20.0,42.0080027168,18.0922655973,2.39135742373,14.870332782,12.5051748843,9.59550867685
911,0.0,10.0,100.0,20.0,61.7978337248,-9.78018988092,30.0560403708,26.6179446585,30.166751452,11.6278062343
912,0.0,20.0,100.0,20.0,51.2861029449,32.4070473655,17.0460080143,25.8594977603,19.5165100437,9.9967197093
913,0.0,40.0,100.0,20.0,76.0750569268,-5.2994305428,19.5236971683,46.317785538,50.0094433432,27.8345248985
914,0.0,70.0,100.0,20.0,43.2163235223,20.2466237128,-12.3423594592,16.129276029,13.3030233619,15.4577587325
915,0.0,100.0,100.0,20.0,63.8595382029,-8.48484582332,4.78540029449,29.1943622997,32.6291992425,24.2118442845
916,10.0,0.0,100.0,20.0,53.5614003514,33.8032354045,-1.71056008801,28.6498447435,21.5640823232,18.5648393899
917,10.0,10.0,100.0,20.0,66.4742401046,16.3772088453,33.6515471555,39.6709241198,35.9402422937,13.1902648347
918,10.0,20.0,100.0,20.0,51.51808664,14.1282798059,0.279327096652,21.9209619443,19.7190692403,16.1534538308
919,10.0,40.0,100.0,20.0,34.0064683627,-1.41600108202,3.44349363052,7.57403678854,8.01132932599,5.84937670017
920,10.0,70.0,100.0,20.0,60.2347342247,30.0970002187,13.5165038043,35.6021436554,28.3847258507,16.9126316407
921,10.0,100.0,100.0,20.0,66.7974742267,14.9796056664,45.3003538471,39.6695311178,36.3644730138,9.54589944593
922,20.0,0.0,100.0,20.0,53.5469845122,14.4598644864,-10.7769361423,23.9358435731,21.550678341,23.0197993837
923,20.0,10.0,100.0,20.0,34.6236741687,-2.70145259033,6.43710737172,7.72087377003,8.3116456366,5.44979242201
924,20.0,20.0,100.0,20.0,62.0106264397,30.1417724975,1.07968150504,37.9443350682,30.4149655199,24.4960177983
925,20.0,40.0,100.0,20.0,37.051846241,7.92547054211,3.76988132427,10.217134897,9.56593750059,6.9566516824
926,20.0,70.0,100.0,20.0,71.3458851516,-9.83739444066,3.07149972906,38.0248645334,42.6926765559,33.1142255846
927,20.0,100.0,100.0,20.0,44.5283391716,12.3067787086,12.3329564759,15.7313193009,14.2069975287,8.03811442188
928,40.0,0.0,100.0,20.0,60.6789783905,-22.5824436602,-13.475733693,22.5246411376,28.883843717,31.8879493489
929,40.0,10.0,100.0,20.0,52.0156392909,30.9310367377,23.2466642978,26.2630354888,20.1582295132,8.57241196983
930,40.0,20.0,100.0,20.0,46.300558605,-12.0440081317,-13.0582007578,13.0174572705,15.4917990297,18.0338201002
931,40.0,40.0,100.0,20.0,39.4774209272,6.02793517162,3.20079177581,11.3663530355,10.938929455,8.14964776342
932,40.0,70.0,100.0,20.0,53.5050263639,-0.749250494842,-2.6619592651,20.5883910219,21.5116968747,18.9586874872
933,40.0,100.0,100.0,20.0,44.8714122243,20.003099582,12.4509816259,17.3700647744,14.4499440324,8.16282348431
934,70.0,0.0,100.0,20.0,60.977037903,9.79177469907,8.04273095696,30.7477385312,29.2219785921,19.9880642896
935,70.0,10.0,100.0,20.0,37.2712279081,-0.108109360822,-6.3484965759,9.32611574142,9.68510101262,9.76546663752
936,70.0,20.0,100.0,20.0,48.5046908654,-8.73619826956,-5.93112692551,15.0666040122,17.1949107933,16.5806919696
937,70.0,40.0,100.0,20.0,42.2143075003,15.7634277732,2.30905325231,14.6320966211,12.6390734909,9.72524537891
938,70.0,70.0,100.0,20.0,56.2533651982,3.96977257569,5.9983394424,24.2054363039,24.1657495256,17.1954725314
939,70.0,100.0,100.0,20.0,46.9839518932,28.7648558387,11.8698622298,20.8803610178,16.0072140529,9.33276713263
940,100.0,0.0,100.0,20.0,47.5688164369,-22.4002305439,-3.92114385513,12.2870930247,16.4572932925,15.089173549
941,100.0,10.0,100.0,20.0,36.2714327067,12.9454155289,-6.95420874028,10.4331887232,9.14996101768,9.43567577927
942,100.0,20.0,100.0,20.0,57.7392358598,-11.0637379925,10.0404818853,22.2726542345,25.6875054146,16.5594789388
943,100.0,40.0,100.0,20.0,41.5298326747,27.5140294243,1.26675312537,16.128933283,12.1984700705,9.68429502642
944,100.0,70.0,100.0,20.0,66.846357833,-0.805368371076,23.6952284996,34.8911086094,36.428919773,17.4432783266
945,100.0,100.0,100.0,20.0,35.5266417806,6.84717611566,-11.7177065629,9.25747158002,8.76438703596,10.4870329336
946,0.0,0.0,0.0,40.0,51.1842641594,-18.4173421265,11.2675665116,15.3824370379,19.4280282799,11.7925465456
947,0.0,20.0,0.0,40.0,39.7777300912,21.3670299755,-3.9721568757,13.8404690189,11.1175359264,10.3573900628
948,0.0,40.0,0.0,40.0,60.5662362123,-7.15478371313,27.5059208505,25.9652045172,28.7566259879,11.7714002683
949,0.0,70.0,0.0,40.0,43.8332715585,34.9764813822,4.15660155812,19.3804003155,13.723164894,10.0087543466
950,0.0,100.0,0.0,40.0,57.7481365498,-16.6112372209,-3.4489197057,21.0941524906,25.6968083637,22.9750954963
951,20.0,0.0,0.0,40.0,31.9601873918,9.08872546622,3.27629367984,7.75420116823,7.06754603994,5.16541313343
952,20.0,20.0,0.0,40.0,69.5698129604,-1.96567184504,13.6432672574,38.0921813025,40.1409623744,24.7555247873
953,20.0,40.0,0.0,40.0,42.496280815,9.31678231035,2.54944888501,13.7878218881,12.8236246031,9.79855086192
954,20.0,70.0,0.0,40.0,60.0066297641,-13.7645168336,-18.5244020393,23.8488648439,28.1306948428,34.5108178321
955,20.0,100.0,0.0,40.0,32.4103763846,7.45668486128,5.08002365305,7.78749435476,7.26844335212,4.96748885247
956,40.0,0.0,0.0,40.0,70.8563728488,-0.489400010609,-3.20130920947,40.321533758,41.978904387,36.9061532995
957,40.0,20.0,0.0,40.0,42.4124012367,6.23620208091,9.45302465795,13.250399713,12.7685391231,7.83848322315
958,40.0,40.0,0.0,40.0,42.9948146409,35.8237347888,2.39166382013,18.8363203673,13.1542943319,10.1059119839
959,40.0,70.0,0.0,40.0,59.5421577231,-6.92781168865,38.6796606161,24.9680609973,27.6181248661,7.91796845319
960,40.0,100.0,0.0,40.0,40.092389939,22.5401462563,-5.75202534602,14.245539213,11.3067519788,11.0948328821
961,70.0,0.0,0.0,40.0,51.5552286674,-18.6991967015,22.9145621708,15.6076748356,19.7516298128,8.4467422986
962,70.0,20.0,0.0,40.0,36.5691012832,8.17595083513,-13.5176036356,9.98184514857,9.30717092144,11.6532401806
963,70.0,40.0,0.0,40.0,65.2858594678,-1.41618991981,36.8898259137,32.7796531243,34.4089197591,11.3551472304
964,70.0,70.0,0.0,40.0,41.9005938464,27.6502160984,-0.272297555725,16.4354677245,12.4358388714,10.3450613056
965,70.0,100.0,0.0,40.0,56.4467092477,-12.0445414771,21.7139986035,20.87584445,24.360265769,11.334017747
966,100.0,0.0,0.0,40.0,37.7001175549,12.7132703625,-8.86346960087,11.2312141791,9.92091529338,10.7689565601
967,100.0,20.0,0.0,40.0,47.0033706877,-23.2412786891,7.10515362002,11.8130326413,16.0220243326,10.7917318147
968,100.0,40.0,0.0,40.0,44.0252249888,35.2501481968,6.10528604963,19.5998000518,13.8556665165,9.52609798737
969,100.0,70.0,0.0,40.0,61.6053564894,-6.09404280299,17.7688779805,27.3247679429,29.9434010441,16.112716267
970,100.0,100.0,0.0,40.0,39.7300490897,21.2189403434,-2.13971448653,13.784459595,11.0890491686,9.77458841162
971,0.0,0.0,20.0,40.0,51.9788490725,-17.649220739,3.21977813198,16.1070958388,20.1255359477,15.2743826322
972,0.0,20.0,20.0,40.0,34.6482838504,5.63856977758,-10.5289121764,8.66471356017,8.32377314865,9.66381574058
973,0.0,40.0,20.0,40.0,60.1325676931,9.43733831578,12.0181052592,29.6816514357,28.2707587329,17.4879510116
974,0.0,70.0,20.0,40.0,44.0341435648,21.8629096434,5.74103117698,17.0492810291,13.8618434784,9.63793665706
975,0.0,100.0,20.0,40.0,52.6028188192,-1.27352462468,0.115939166576,19.6896853062,20.6848280338,17.0170081647
976,20.0,0.0,20.0,40.0,38.8262875838,7.42593997862,-3.64793680746,11.1715510469,10.5582648441,9.75967315313
977,20.0,20.0,20.0,40.0,44.7678072062,-12.2869083389,-10.9516366656,12.0021741939,14.3762867925,15.9840252983
978,20.0,40.0,20.0,40.0,46.5057870629,28.1066786445,15.841954935,20.3181657978,15.6454016426,8.01204225797
979,20.0,70.0,20.0,40.0,56.4463014783,3.89376643919,2.21216282619,24.3798193634,24.359854433,19.0503215087
980,20.0,100.0,20.0,40.0,41.9219136403,13.8408269717,6.66705639334,14.1144210415,12.4495810703,8.34916726255
981,40.0,0.0,20.0,40.0,48.4021404092,-7.73432313883,-9.49435505513,15.1607648614,17.1130309789,18.060585301
982,40.0,20.0,20.0,40.0,37.0974942262,-0.574048767009,-1.38136329524,9.1788089231,9.59065152872,8.27693508605
983,40.0,40.0,20.0,40.0,33.0958903876,15.1055793577,6.53888523251,8.99089685939,7.58161024207,4.91502373403
984,40.0,70.0,20.0,40.0,64.0344413588,-18.1713958972,2.93344385677,26.9255675543,32.8440561587,25.4079748564
985,40.0,100.0,20.0,40.0,45.7690180236,11.1437745549,6.45773074172,16.465330653,15.0986502062,10.3263674785
986,70.0,0.0,20.0,40.0,40.8085465041,0.221432286574,11.6811925148,11.3567733145,11.7453798118,6.62089222916
987,70.0,20.0,20.0,40.0,33.737916667,14.5015008605,8.42008175499,9.25071679744,7.88295057142,4.77030776283
988,70.0,40.0,20.0,40.0,66.0784128613,-15.8360624193,-13.779708197,29.7754497147,35.4252466065,38.6264539564
989,70.0,70.0,20.0,40.0,45.4332588453,8.23179836669,14.1036031722,15.7012011842,14.8537699718,7.98309712349
990,70.0,100.0,20.0,40.0,40.1660864092,1.1477494397,4.25709917398,11.1025052999,11.3513763728,8.18435305041
991,100.0,0.0,20.0,40.0,48.3921436542,45.2662943544,22.5875019717,25.9523092617,17.1050631587,7.13293902706
992,100.0,20.0,20.0,40.0,40.6764405839,3.44416809576,-12.3172732571,11.7296281515,11.6636300308,13.7408884341
993,100.0,40.0,20.0,40.0,62.4976965528,22.6059531335,34.3464588774,36.2802740327,30.9882300292,10.6245578956
994,100.0,70.0,20.0,40.0,52.5890034355,-16.6127411944,-11.7934064799,16.7590979466,20.6723338843,22.6857523861
995,100.0,100.0,20.0,40.0,77.5765282717,-1.31453249926,49.683846937,50.1284097946,52.4960731571,14.3566624989
996,0.0,0.0,40.0,40.0,39.0259119582,9.18776138359,-15.1224144528,11.5360014595,10.6740142728,13.7256848303
997,0.0,20.0,40.0,40.0,59.0118947347,-24.5583090819,22.656011644,20.5733984297,27.0406071566,12.5200204872
998,0.0,40.0,40.0,40.0,44.4478445763,27.8488920939,-5.72533052348,18.5048569463,14.1503926529,13.7073779416
999,0.0,70.0,40.0,40.0,71.0185194725,-8.98973596103,42.4783474397,37.8498464948,42.2144467783,12.8319798072
1000,0.0,100.0,40.0,40.0,50.5982332042,46.3081203344,5.85670294082,28.5810172259,18.9240530078,13.3448597638
1001,20.0,0.0,40.0,40.0,35.1100769309,17.6568797223,9.2267503495,10.394563548,8.55353498992,5.06468148556
1002,20.0,20.0,40.0,40.0,32.4445683464,2.45213689262,-6.83737974458,7.27415324357,7.28385520763,7.60998325385
1003,20.0,40.0,40.0,40.0,39.9142859115,9.05021015259,15.877752884,12.0623858482,11.1993903185,5.38555481075
1004,20.0,70.0,40.0,40.0,34.9624770139,-5.41787124228,-8.39279025834,7.58665616657,8.47964396775,9.19908895085
1005,20.0,100.0,40.0,40.0,45.6633553056,-0.672842791761,23.3032375682,14.3752466314,15.0212989557,5.90004955137
1006,40.0,0.0,40.0,40.0,39.9652044758,-7.45025312388,-6.42783966228,9.85637282619,11.2300144961,11.2437953157
1007,40.0,20.0,40.0,40.0,44.0757668542,-2.04595272443,-7.63674942289,13.0797428159,13.8906958421,14.1878578062
1008,40.0,40.0,40.0,40.0,47.266160281,5.30506128207,3.94610577864,16.5749975143,16.2233472522,11.9851135881
1009,40.0,70.0,40.0,40.0,50.7070605384,11.5215148194,3.21551626276,20.6319422939,19.0169753559,14.4113768647
1010,40.0,100.0,40.0,40.0,53.7654053567,17.4826346805,14.4815963449,24.8532203609,21.7543643592,12.2157511372
1011,70.0,0.0,40.0,40.0,39.0716466734,5.90787047936,-16.6542919565,11.1083544314,10.7006514793,14.3375428334
1012,70.0,20.0,40.0,40.0,68.1834448554,-12.8313179717,35.7721316806,33.0833819656,38.2213579367,13.4938032038
1013,70.0,40.0,40.0,40.0,45.7337264136,24.9372597994,-6.71289010844,19.0159291218,15.0727852351,14.9412427314
1014,70.0,70.0,40.0,40.0,55.6968893024,-28.9228169189,15.0891647461,16.955539959,23.6116845593,13.1832458757
1015,70.0,100.0,40.0,40.0,52.809417339,43.2926771561,5.37628190069,30.2897839875,20.8722694871,14.9849779777
1016,100.0,0.0,40.0,40.0,48.5139902963,-7.23488561991,-9.37574473296,15.3267972322,17.2023486681,18.0939756485
1017,100.0,20.0,40.0,40.0,34.6552820946,1.92242798941,6.13968584441,8.24388120736,8.32722399684,5.52127136119
1018,100.0,40.0,40.0,40.0,58.2469442098,9.58244833374,5.33192847259,27.6255385347,26.2217567613,19.0432379956
1019,100.0,70.0,40.0,40.0,51.821348649,-19.5613405035,8.40945203999,15.6566863573,19.9859730362,13.1824244996
1020,100.0,100.0,40.0,40.0,50.7072856078,-6.1719742712,-21.3820984512,17.1824318208,19.0171678462,26.1704459892
1021,0.0,0.0,70.0,40.0,35.2198120847,1.06653741128,8.98249375321,8.42226906146,8.60874759578,5.14861918573
1022,0.0,20.0,70.0,40.0,59.6545283529,10.2149428054,-8.25192910949,29.3445519455,27.7415560048,27.5145054392
1023,0.0,40.0,70.0,40.0,50.259554518,-20.242319112,19.320709841,14.4146034151,18.6368095568,8.82045234403
1024,0.0,70.0,70.0,40.0,73.2356074333,-8.26333596235,13.5105216131,41.1296726398,45.5240178665,28.5102044727
1025,0.0,100.0,70.0,40.0,53.4282932591,-14.3449547099,16.0231384363,17.842094257,21.4405291738,11.4951392229
1026,20.0,0.0,70.0,40.0,59.3960531311,14.8560087939,5.85268252185,30.2774882465,27.458187591,19.7314783346
1027,20.0,20.0,70.0,40.0,43.5153005436,8.36704944407,5.05324524424,14.3396578467,13.5055391288,9.57691447046
1028,20.0,40.0,70.0,40.0,46.9181337663,36.4538120163,2.7272563012,22.4637495558,15.9570839377,12.1979907206
1029,20.0,70.0,70.0,40.0,53.9384555041,36.3379182156,26.9478959325,29.7349159742,21.9166485851,8.46725587861
1030,20.0,100.0,70.0,40.0,66.2413013554,5.05089483711,2.29483528934,35.8541290389,35.6365746772,27.9992518007
1031,40.0,0.0,70.0,40.0,47.299771663,17.7218257837,13.0836504473,18.9248788311,16.2492179009,9.14037162883
1032,40.0,20.0,70.0,40.0,55.6333057322,-9.92865429334,-12.8400389537,20.5871952171,23.5489209923,26.1422960357
1033,40.0,40.0,70.0,40.0,39.8377928016,-1.63972580236,0.165668238222,10.5369328425,11.1534894501,9.15536773538
1034,40.0,70.0,70.0,40.0,43.9587861038,-1.74484927492,1.16075137143,13.0487420964,13.8097090131,11.014926624
1035,40.0,100.0,70.0,40.0,37.5335287159,-5.95534984768,8.7226520661,8.76286955338,9.82887124887,6.02104833788
1036,70.0,0.0,70.0,40.0,38.3306884688,7.62032309194,-0.157194767704,10.9066757198,10.2745227341,8.52030651476
1037,70.0,20.0,70.0,40.0,32.8379946579,3.44361259329,3.30706831718,7.55527955875,7.46276045241,5.46016966182
1038,70.0,40.0,70.0,40.0,33.6185025679,15.412042205,-0.393223720579,9.29879254691,7.82630904169,6.5469788944
1039,70.0,70.0,70.0,40.0,46.8592914769,29.2548607494,6.99968535964,20.8704891963,15.9123556483,10.7462110196
1040,70.0,100.0,70.0,40.0,55.6662954928,2.37876788892,12.4845055458,23.2688908915,23.5814713998,14.1352675181
1041,100.0,0.0,70.0,40.0,42.0194733003,16.3438943215,-2.23158412121,14.5894518118,12.5125947236,11.0306756237
1042,100.0,20.0,70.0,40.0,47.6637500251,-9.32824604314,-0.456425972242,14.369877317,16.5311353599,13.8107771707
1043,100.0,40.0,70.0,40.0,36.8557007132,2.72481319127,-10.6141676287,9.45370084872,9.46022653969,10.8631113552
1044,100.0,70.0,70.0,40.0,58.7339408009,8.5579657334,28.6226939481,27.8966244286,26.7411255694,10.384803431
1045,100.0,100.0,70.0,40.0,44.3392523771,22.0451627722,-0.497193652205,17.3236522248,14.0742676841,11.7800383025
1046,0.0,0.0,100.0,40.0,51.2535034499,-4.23388816783,15.6772366945,17.9809059529,19.4881570786,10.3997776671
1047,0.0,20.0,100.0,40.0,38.9218868599,8.25574455444,-9.22877047596,11.3431774414,10.6135917801,11.5754393849
1048,0.0,40.0,100.0,40.0,44.2982967171,-16.0153225354,3.18639454611,11.1914979098,14.04562813,10.5558394565
1049,0.0,70.0,100.0,40.0,67.3941427519,5.55453039575,33.6115833606,37.516454154,37.1563186312,13.7919565507
1050,0.0,100.0,100.0,40.0,52.7943486597,0.645049101401,-2.74617020183,20.2453683596,20.8585599394,18.4337955198
1051,20.0,0.0,100.0,40.0,57.198403718,-11.2650045233,16.5674896493,21.7256151234,25.126434354,13.5920933757
1052,20.0,20.0,100.0,40.0,34.7479457845,12.104599157,6.10283738037,9.48999158073,8.37300660876,5.56147679316
1053,20.0,40.0,100.0,40.0,67.230021551,4.94764055155,44.1892896148,37.1126520734,36.9373771304,10.1020095694
1054,20.0,70.0,100.0,40.0,54.7403213037,1.64535605601,-14.959681857,22.2253668746,22.6791679138,26.4773451715
1055,20.0,100.0,100.0,40.0,56.3367079463,-11.9350218882,27.7261862657,20.7998756974,24.2494700837,9.41088508444
1056,40.0,0.0,100.0,40.0,34.0694413084,11.549540173,2.02908114653,9.06728631775,8.04163336073,6.17822547251
1057,40.0,20.0,100.0,40.0,41.7331320748,25.1901364786,10.4039661028,15.8760091287,12.3282487693,7.30427691738
1058,40.0,40.0,100.0,40.0,47.8451667937,20.5739080271,-1.43760099376,19.9598085044,16.6728602499,14.302910987
1059,40.0,70.0,100.0,40.0,53.9819417781,5.43018242107,18.9784621211,22.3377734021,21.9575559559,10.8424238559
1060,40.0,100.0,100.0,40.0,61.588673624,-2.5262011349,1.87504648488,28.2067035936,29.9240943478,23.6667637916
1061,70.0,0.0,100.0,40.0,66.0817635759,-15.5054137629,30.439549945,29.866756783,35.4295853138,14.136282731
1062,70.0,20.0,100.0,40.0,47.4333578416,-7.25906299993,-17.4418648135,14.5455927287,16.3523109303,21.0318117557
1063,70.0,40.0,100.0,40.0,48.7762033016,-4.95314713666,12.6952611628,15.9133674317,17.4129559052,10.0037924019
1064,70.0,70.0,100.0,40.0,56.4988069926,7.95726289879,-5.20943896669,25.3857299801,24.4128572995,22.7680503907
1065,70.0,100.0,100.0,40.0,57.6305671455,13.1585734083,27.184432256,27.8573363955,25.574106497,10.2412109399
1066,100.0,0.0,100.0,40.0,64.6716833937,23.3485526259,7.4720123144,39.415985962,33.6348419276,23.51559356
1067,100.0,20.0,100.0,40.0,33.0681660667,10.2894442756,4.94963881909,8.41641282856,7.56877354719,5.21179055655
1068,100.0,40.0,100.0,40.0,33.9828861534,9.51619298895,-2.80644729682,8.78241979888,8.00000064565,7.26695401266
1069,100.0,70.0,100.0,40.0,36.8047940574,2.29462511231,9.88484264926,9.37401401908,9.43291871049,5.51329863649
1070,100.0,100.0,100.0,40.0,39.3729716982,0.858649294462,-2.10369936124,10.6025056856,10.8772604226,9.58133208065
1071,0.0,0.0,0.0,60.0,41.9052016733,-6.96845986026,15.6625258184,11.0178211418,12.4388081029,6.15110818084
1072,0.0,20.0,0.0,60.0,48.591624819,-13.3242309219,0.713192931555,14.3704425214,17.2645260596,13.9731084227
1073,0.0,40.0,0.0,60.0,56.8749265239,12.1470690442,-2.99602852913,26.791942836,24.7947892928,21.9569476655
1074,0.0,70.0,0.0,60.0,56.0164877454,-10.7767941163,18.7843488788,20.7537061926,23.9288508741,12.0703106485
1075,0.0,100.0,0.0,60.0,48.3948589986,-4.29128391196,-15.9991837527,15.7430636928,17.1072271539,21.1390083297
1076,20.0,0.0,0.0,60.0,66.2097032706,5.95037624424,36.5212203145,36.0829633922,35.5955144712,12.0146064296
1077,20.0,20.0,0.0,60.0,48.6468563759,-19.3100660576,-14.7906407471,13.4558028384,17.3088520347,20.7549073263
1078,20.0,40.0,0.0,60.0,36.0081751006,9.95271883284,-0.238424239735,9.90030366937,9.01240869619,7.49565458311
1079,20.0,70.0,0.0,60.0,58.5277553908,-9.78944735674,-1.79685748094,23.306061247,26.5204052846,22.8129867816
1080,20.0,100.0,0.0,60.0,40.7312377714,25.7001903157,8.41856580591,15.2232570411,11.6974934275,7.36788549603
1081,40.0,0.0,0.0,60.0,67.7241588688,-0.0782487784934,10.6438512239,36.2331506197,37.5991833027,24.6542974544
1082,40.0,20.0,0.0,60.0,58.2864163806,-25.5972419398,-6.37965267319,19.7247244038,26.2636001002,25.0723621135
1083,40.0,40.0,0.0,60.0,49.3575741256,22.0710120608,13.15527801,21.6270791791,17.8860238168,10.1691249241
1084,40.0,70.0,0.0,60.0,70.8664207404,-11.260117625,12.4458078719,36.9495346201,41.9934749336,26.708976663
1085,40.0,100.0,0.0,60.0,42.6448119439,-0.242440462308,0.751048825293,12.4243836034,12.9215563615,10.4258150125
1086,70.0,0.0,0.0,60.0,59.7153857672,-21.6818084533,-22.3176531235,21.8183467581,27.8085567981,36.8394133744
1087,70.0,20.0,0.0,60.0,49.8941088154,19.3935374462,21.5442310988,21.5492546912,18.3301406997,8.04861421441
1088,70.0,40.0,0.0,60.0,72.501601072,-9.14259541135,-4.98911534554,39.8183883685,44.4098611098,40.3558462445
1089,70.0,70.0,0.0,60.0,42.7515416347,-3.13254266987,8.9195759847,12.0691593929,12.9922339758,8.13016007946
1090,70.0,100.0,0.0,60.0,60.672165119,-22.3527633717,-3.75307011809,22.5686274577,28.8761450236,25.9132995571
1091,100.0,0.0,0.0,60.0,63.8522243995,2.89240042444,33.7950624844,32.2552431486,32.6202351902,11.561913783
1092,100.0,20.0,0.0,60.0,50.9195743208,-2.12077730986,-7.41192659618,18.1084398516,19.1993064871,19.0947227989
1093,100.0,40.0,0.0,60.0,50.318461475,27.1322812329,17.5957179166,23.6527747601,18.6865599989,9.33951301428
1094,100.0,70.0,0.0,60.0,41.0086783087,16.0052247908,-9.23943440537,13.8315899034,11.8699516402,12.8236335526
1095,100.0,100.0,0.0,60.0,69.4501210747,11.2744394411,44.2569689299,42.1947067558,39.9727548013,11.293441131
1096,0.0,0.0,20.0,60.0,51.7407855922,28.7294430791,-0.677771119514,25.4483958989,19.9148352938,16.7195525789
1097,0.0,20.0,20.0,60.0,59.6358453566,-5.19364319309,26.3701330439,25.4739572438,27.7210086266,11.6138492167
1098,0.0,40.0,20.0,60.0,44.3418821335,9.94928531418,-12.6615568597,15.1915433409,14.0761079542,16.3916851894
1099,0.0,70.0,20.0,60.0,48.6708625585,-22.0769084893,8.51671306347,13.0454812005,17.3281417792,11.2651786865
1100,0.0,100.0,20.0,60.0,39.3004206045,-7.23710680999,-5.71200705116,9.52469298071,10.8345614165,10.6445043731
1101,20.0,0.0,20.0,60.0,40.4945035375,0.972338181246,15.7407279373,11.2731917394,11.5516659581,5.61699972625
1102,20.0,20.0,20.0,60.0,35.2349833107,0.821118225155,-5.41224835186,8.40178150899,8.6163995534,8.49788762468
1103,20.0,40.0,20.0,60.0,35.5779393172,11.0803436778,8.65254050319,9.80838366413,8.7905893571,5.33530202158
1104,20.0,70.0,20.0,60.0,31.5044401297,7.3552568378,-5.03335794823,7.36239490704,6.8679740314,6.77706170369
1105,20.0,100.0,20.0,60.0,63.3133462484,23.1146389282,2.3376498132,37.5073490014,31.9642745338,25.0443006372
1106,40.0,0.0,20.0,60.0,55.3446613187,9.06410844731,-9.40691784458,24.477548354,23.2653973512,23.9458429898
1107,40.0,20.0,20.0,60.0,76.7019325717,-0.620086969216,27.1311487526,48.9868096552,51.0378529694,24.1006928491
1108,40.0,40.0,20.0,60.0,54.0111962499,9.13927514569,-9.55805640304,23.1852236012,21.9851041453,22.7993471903
1109,40.0,70.0,20.0,60.0,56.4044834739,1.86988134265,5.5353374412,23.8734718932,24.3176952371,17.5121763976
1110,40.0,100.0,20.0,60.0,64.5523057483,-14.272845224,11.9372797687,28.4695111846,33.4857446515,21.0996935363
1111,70.0,0.0,20.0,60.0,68.1008862867,-10.7139070584,-8.07136047594,33.5853868397,38.1090173087,36.9925147387
1112,70.0,20.0,20.0,60.0,49.022775765,-5.31961823089,-4.26306124148,16.034889101,17.6125625274,16.2538642398
1113,70.0,40.0,20.0,60.0,76.4986985553,-1.34618780091,29.3803318717,48.3990211157,50.7029115976,22.7118621612
1114,70.0,70.0,20.0,60.0,75.5842508245,-2.80038319709,28.4840727599,46.4540078124,49.2139726765,22.3573989209
1115,70.0,100.0,20.0,60.0,50.6036835876,38.508449237,-0.867556803877,26.6272646078,18.9286996079,15.974818164
1116,100.0,0.0,20.0,60.0,59.0004270397,-16.3151475967,26.4769169581,22.3129201044,27.0282072819,11.2158266898
1117,100.0,20.0,20.0,60.0,30.4266989691,5.64772045705,-3.7094673422,6.72048790704,6.41105420753,6.05981031754
1118,100.0,40.0,20.0,60.0,70.8559994117,-0.160474150389,48.1127510735,40.4275226493,41.9783629272,10.8292857836
1119,100.0,70.0,20.0,60.0,51.6534567734,35.1070809483,7.57729148824,26.9038628522,19.8379142207,13.3811777939
1120,100.0,100.0,20.0,60.0,59.4194139257,-16.1596085457,21.0079405641,22.7434036592,27.4837185235,13.3660678972
1121,0.0,0.0,40.0,60.0,30.8585669588,4.27682505121,-0.217071879727,6.7686740151,6.59163332297,5.48274441564
1122,0.0,20.0,40.0,60.0,70.6548009671,-0.237774806815,41.661333911,40.1221751818,41.6873145811,12.9000740791
1123,0.0,40.0,40.0,60.0,36.2668630195,5.50663611223,1.08172093488,9.4837147794,9.14756149641,7.27914283618
1124,0.0,70.0,40.0,60.0,54.7568011777,38.2850862938,10.210581529,31.2041735132,22.6950218242,14.4064452559
1125,0.0,100.0,40.0,60.0,46.0194548891,-11.5979455366,6.1377321583,12.9012395989,15.2830441098,10.5609235061
1126,20.0,0.0,40.0,60.0,71.380450798,11.918709245,15.9393723821,45.255329137,42.743381315,25.2163453269
1127,20.0,20.0,40.0,60.0,54.9912912243,-30.0768280111,12.7197102594,16.2050472887,22.9214062525,13.6078738131
1128,20.0,40.0,40.0,60.0,57.2728230754,-25.3879393877,-17.8045011838,18.9009581784,25.2031489295,30.8848182242
1129,20.0,70.0,40.0,60.0,39.81706532,13.0513759518,3.02231867779,12.5882283133,11.141073239,8.35338443758
1130,20.0,100.0,40.0,60.0,69.0127248094,-12.9788096055,-2.26378076154,34.0646461487,39.3620620167,34.0060065661
1131,40.0,0.0,40.0,60.0,46.3330648685,34.1721695128,14.6859993346,21.4278887938,15.5160609292,8.23852683957
1132,40.0,20.0,40.0,60.0,80.2818497234,-0.470516050555,13.7564340888,54.9530172554,57.1819956006,36.3967962822
1133,40.0,40.0,40.0,60.0,30.7490983464,1.84963557173,0.316184793604,6.48725148815,6.54554404191,5.33744929166
1134,40.0,70.0,40.0,60.0,37.1643475337,16.5704080064,2.21939133567,11.4461453847,9.62692297971,7.38009797457
1135,40.0,100.0,40.0,60.0,33.4334502754,-4.78179669206,3.28258018314,6.97151006876,7.73907050846,5.67578914133
1136,70.0,0.0,40.0,60.0,43.1079096562,6.21606478213,3.52838749776,13.7144843639,13.2300911061,9.82117242805
1137,70.0,20.0,40.0,60.0,37.4078833514,-13.3007759312,6.7869382333,7.87249887973,9.75982727261,6.40028336946
1138,70.0,40.0,40.0,60.0,60.9306938931,21.7176059856,2.57191016086,34.0242060127,29.1692311028,22.6946018937
1139,70.0,70.0,40.0,60.0,53.2923009723,8.14555655203,-8.81609397998,22.2816882413,21.3147862389,21.7747176716
1140,70.0,100.0,40.0,60.0,73.8456860692,-0.593471314214,25.0764176831,44.5994790101,46.4641204321,22.5706240958
1141,100.0,0.0,40.0,60.0,52.7040811566,6.38778409067,4.89849188976,21.3593780069,20.7765598615,15.1028425377
1142,100.0,20.0,40.0,60.0,55.7456157906,1.12557520335,4.98431781357,23.0651278879,23.6598580534,17.2558370116
1143,100.0,40.0,40.0,60.0,63.8537050713,-12.6649316851,10.942936177,28.1110361625,32.6220498206,20.9950846279
1144,100.0,70.0,40.0,60.0,65.7446932271,-10.2094191835,-7.40906092996,30.8962416539,34.99489843,33.6717550545
1145,100.0,100.0,40.0,60.0,49.2931059533,-5.67082164989,-3.19066901067,16.1777286214,17.8331481279,16.0011329673
1146,0.0,0.0,70.0,60.0,38.6279219389,0.739733528952,1.01051942181,10.1663953253,10.4440771857,8.34305214608
1147,0.0,20.0,70.0,60.0,78.1458968615,0.0696449684117,8.35963623621,51.5779443092,53.4601562008,37.6400454886
1148,0.0,40.0,70.0,60.0,31.037447832,-0.392205790305,1.00507764725,6.39211666464,6.66741183044,5.29929980889
1149,0.0,70.0,70.0,60.0,49.6562899513,10.226688549,-14.4179601452,19.4498495921,18.1323898277,21.4367785754
1150,0.0,100.0,70.0,60.0,52.0004820362,14.7867451439,22.1961207562,22.5162762395,20.1447557591,8.85567734364
1151,20.0,0.0,70.0,60.0,58.6028313499,25.8597072205,-2.39664754808,32.3502981698,26.6006324919,23.1981777762
1152,20.0,20.0,70.0,60.0,30.8514093421,-0.974461355138,0.778736628364,6.26184233037,6.58861318079,5.28058140288
1153,20.0,40.0,70.0,60.0,49.7022537198,6.03979867898,-2.79420434122,18.6668706498,18.1704981291,16.1295903607
1154,20.0,70.0,70.0,60.0,53.6497070494,13.6874363474,19.7393552834,23.8605896452,21.6463120365,10.4213436628
1155,20.0,100.0,70.0,60.0,58.2099117465,23.4341003833,11.46829727,31.2132040896,26.1825401176,16.2993830852
1156,40.0,0.0,70.0,60.0,79.2330059475,-1.04644110511,30.6419046908,52.9508689701,55.3335470033,24.5685380496
1157,40.0,20.0,70.0,60.0,46.1543105275,34.8935930092,11.8629552122,21.4174748746,15.3829557934,8.92674086732
1158,40.0,40.0,70.0,60.0,68.5027330711,-14.1893525881,11.5467673115,33.0885450048,38.6579036224,24.8981881715
1159,40.0,70.0,70.0,60.0,40.6204863537,14.3398803544,-0.758957338185,13.3090167924,11.6291191125,9.82077830672
1160,40.0,100.0,70.0,60.0,57.1180373442,-27.3824768848,-5.95010217021,18.3860619469,25.0437643477,23.7298837867
1161,70.0,0.0,70.0,60.0,38.3715173589,-11.2882045417,0.414665312187,8.56316137625,10.2977037041,8.38442856321
1162,70.0,20.0,70.0,60.0,42.8393011536,5.28455083609,11.8879219169,13.3877492975,13.0505420391,7.40881751436
1163,70.0,40.0,70.0,60.0,33.5963948647,-2.7016666059,-1.60214836842,7.25464457582,7.81585258115,6.81821254996
1164,70.0,70.0,70.0,60.0,36.6490714542,14.9685513795,6.62325823425,10.9201965553,9.34971086554,6.14606163459
1165,70.0,100.0,70.0,60.0,31.0257660037,2.97689803956,-3.10758469711,6.71180664689,6.66244547566,6.15384078518
1166,100.0,0.0,70.0,60.0,78.2415774026,-1.27711493843,41.3880027853,51.2225553908,53.6233166916,18.3157324687
1167,100.0,20.0,70.0,60.0,46.7691410981,35.330479511,4.00985743314,22.0792230749,15.843991122,11.6729926545
1168,100.0,40.0,70.0,60.0,66.1983566518,-15.2667873902,22.1490042752,30.0634954952,35.5807777804,17.6323734335
1169,100.0,70.0,70.0,60.0,39.7088743132,14.3320963992,-7.64959674147,12.7098707486,11.0764140317,11.5013151194
1170,100.0,100.0,70.0,60.0,53.1065219779,-30.5557832082,2.47910277033,14.7360370316,21.143804804,16.379378999
1171,0.0,0.0,100.0,60.0,60.1284064118,31.6735219226,2.18230013549,35.9361459789,28.2661232864,22.1784412385
1172,0.0,20.0,100.0,60.0,63.9153213719,25.7103228729,2.29983907283,39.1303852077,32.6976230734,25.6504253701
1173,0.0,40.0,100.0,60.0,78.8444441801,-1.4346170073,35.9691735254,52.1544990033,54.6590047467,21.4051828827
1174,0.0,70.0,100.0,60.0,79.1554424105,-1.3532208617,30.509512073,52.7025255919,55.1984560975,24.567799848
1175,0.0,100.0,100.0,60.0,52.1599520036,0.985145765788,4.87120695922,19.7599389044,20.2868145958,14.7423184414
1176,20.0,0.0,100.0,60.0,57.4597000181,0.79584178609,5.10990290488,24.6748369791,25.3964774921,18.51943195
1177,20.0,20.0,100.0,60.0,66.3468351388,-14.8551548541,-13.5063283984,30.3441176979,35.7739396229,38.7679681244
1178,20.0,40.0,100.0,60.0,69.4176844373,-12.1594185294,-9.62215148012,34.8116276901,39.9272514263,39.8325587224
1179,20.0,70.0,100.0,60.0,76.4967947736,2.25636178007,7.55115546073,49.72434248,50.6997810037,36.1672920481
1180,20.0,100.0,100.0,60.0,66.6011522872,-13.3289044245,12.0739027196,31.0515018097,36.1064133464,22.838676656
1181,40.0,0.0,100.0,60.0,66.5303999594,13.0416983413,-1.13946783392,38.6891148469,36.0137115432,30.4346729014
1182,40.0,20.0,100.0,60.0,47.826233277,4.21089866679,12.8455336928,16.8122112786,16.6580314561,9.47139052526
1183,40.0,40.0,100.0,60.0,57.0096911578,-2.70448902245,-15.3250235962,23.4278526348,24.9325998087,29.0374308915
1184,40.0,70.0,100.0,60.0,56.1918604513,23.1742731253,30.3939211974,28.8329404386,24.104089693,8.58695101144
1185,40.0,100.0,100.0,60.0,65.9526232832,10.9240383552,14.2960325887,37.2568319152,35.2626228091,21.127423396
1186,70.0,0.0,100.0,60.0,48.7381549358,3.073751348,10.6236606332,17.3216951483,17.3822897625,10.6243845158
1187,70.0,20.0,100.0,60.0,55.9396156919,-6.05237814551,0.290388053912,21.6799778381,23.8523060225,19.5427418181
1188,70.0,40.0,100.0,60.0,57.0273391318,21.7185820712,28.2117441385,29.3915758002,24.9506843766,9.6176475522
1189,70.0,70.0,100.0,60.0,48.3515111644,-19.9575438279,5.56013048359,13.1590743551,17.0727028681,12.0733146267
1190,70.0,100.0,100.0,60.0,43.2636380086,8.65696375362,-4.53707092889,14.2109647156,13.3349366283,12.5344324105
1191,100.0,0.0,100.0,60.0,60.2400518647,-4.76362636651,19.5932062054,26.2036159803,28.3906660675,14.4340126655
1192,100.0,20.0,100.0,60.0,51.1768872448,28.2753479805,6.49883661356,24.7678634719,19.4216293186,13.4759132704
1193,100.0,40.0,100.0,60.0,69.625007711,11.4837778047,33.4240718305,42.5167097653,40.2186883763,15.36304313
1194,100.0,70.0,100.0,60.0,31.943806734,7.03097964002,-0.920234281066,7.52704067805,7.06030681572,6.02222298973
1195,100.0,100.0,100.0,60.0,35.1454523863,11.4649035519,4.24220863417,9.62302614869,8.57130808052,6.09985903883
1196,0.0,0.0,0.0,80.0,35.5215296319,-0.368670893196,0.861011988725,8.40693643562,8.76177865298,7.0211963862
1197,0.0,40.0,0.0,80.0,40.8672509726,1.81658923039,7.69004820005,11.6156400744,11.7818295584,7.60857827412
1198,0.0,70.0,0.0,80.0,38.7993550043,-9.45292866993,2.43983269579,8.99391788837,10.5427127256,8.04219369421
1199,0.0,100.0,0.0,80.0,50.2206302315,-17.8054506111,-10.457804795,14.7875530163,18.6039841725,19.9664314833
1200,40.0,0.0,0.0,80.0,42.6425620195,6.66257661662,-0.199024285275,13.4701380119,12.9200692013,10.7234855345
1201,40.0,40.0,0.0,80.0,60.5404596339,-2.99769084643,4.95947352294,26.9536161431,28.7275923849,21.1300398259
1202,40.0,70.0,0.0,80.0,50.1928829666,28.0585966787,12.5549738565,23.7401731406,18.5806080702,10.807473645
1203,40.0,100.0,0.0,80.0,69.5570799839,12.6590432546,19.0203052063,42.8131720621,40.12304585,21.8799483595
1204,70.0,0.0,0.0,80.0,78.3236293387,-1.30366730103,43.5670558503,51.3467929963,53.7635009599,17.4066608499
1205,70.0,40.0,0.0,80.0,79.6336833234,-0.896350968349,25.1537321016,53.682498834,56.0349103006,28.1388266764
1206,70.0,70.0,0.0,80.0,47.4621428827,1.18769008894,4.81466140891,15.9965065797,16.3745822835,11.8045457599
1207,70.0,100.0,0.0,80.0,62.7387618886,0.645133358294,5.07907240002,30.3302672913,31.2746009446,23.0155105632
1208,100.0,0.0,0.0,80.0,63.4575914495,-17.1593286569,-16.8967537774,26.5627910567,32.1389897814,37.589992861
1209,100.0,40.0,0.0,80.0,71.6551366559,-9.29525763366,-6.56770876832,38.6112466648,43.1477492086,40.4474755914
1210,100.0,70.0,0.0,80.0,57.3294975426,36.2878392991,2.22223451635,33.7498668359,25.2616759552,19.7636444941
1211,100.0,100.0,0.0,80.0,68.7701970054,19.1269546683,2.87465794116,43.8573670631,39.0261410343,30.3377597713
1212,0.0,0.0,40.0,80.0,78.1922370852,-2.84763589487,29.6279301265,50.5488339354,53.5391370786,24.1403304827
1213,0.0,40.0,40.0,80.0,77.6426380486,1.05456251124,29.6746468079,51.1277585441,52.6074137731,23.6020384001
1214,0.0,70.0,40.0,80.0,35.2509143876,-10.623632567,5.54415030874,7.17344994415,8.62443963867,5.85890909488
1215,0.0,100.0,40.0,80.0,41.4368111666,18.7953039708,0.394628967788,14.5795866395,12.1393936091,9.89700204675
1216,40.0,0.0,40.0,80.0,64.867076777,-7.21723185717,37.8572604786,30.6825433415,33.8798333341,10.8068504095
1217,40.0,40.0,40.0,80.0,48.7160631679,38.4247440987,12.6862739799,24.6610371524,17.3645008179,9.97510766596
1218,40.0,70.0,40.0,80.0,35.3026831653,-9.52747675285,4.33666758332,7.30931397325,8.65060080148,6.1384467211
1219,40.0,100.0,40.0,80.0,42.9111874367,17.8269240758,-2.15657709535,15.4821128664,13.0984335804,11.5107039592
1220,70.0,0.0,40.0,80.0,65.1080124904,-7.44716191011,32.2140587456,30.9011030516,34.1835616285,12.8583981337
1221,70.0,40.0,40.0,80.0,49.487891887,37.4581884252,11.1319700091,25.2153485688,17.9932271792,10.8738458494
1222,70.0,70.0,40.0,80.0,62.2451658298,24.4058594941,19.0107655824,36.4952113395,30.6901194142,16.0549762692
1223,70.0,100.0,40.0,80.0,57.17799603,13.2865876943,21.8357599348,27.3990137347,25.1054244906,11.7134975313
1224,100.0,0.0,40.0,80.0,55.4133448992,6.74700545314,4.45310294529,24.0117454448,23.3326549261,17.2376742965
1225,100.0,40.0,40.0,80.0,49.7856426492,-4.25822014447,5.91113118763,16.8079883991,18.2397716572,12.8172418513
1226,100.0,70.0,40.0,80.0,46.8893927695,-9.3708754124,-9.56796174847,13.8271206883,15.9352263425,16.9450323238
1227,100.0,100.0,40.0,80.0,41.9921513322,-6.0697940453,7.21688581523,11.1922201898,12.494926117,8.23447322868
1228,0.0,0.0,70.0,80.0,39.313718826,-1.08920784055,5.32188132114,10.3126213201,10.8423795333,7.5304507408
1229,0.0,40.0,70.0,80.0,37.0027770649,3.48682030131,3.63168737226,9.62646548372,9.53941861293,6.96941291094
1230,0.0,70.0,70.0,80.0,34.2602216052,7.88253826089,1.9269492745,8.73119270185,8.13390750905,6.27348977227
1231,0.0,100.0,70.0,80.0,33.0425855636,10.4830217173,1.32645687473,8.42590140276,7.55694232549,5.9464038881
1232,40.0,0.0,70.0,80.0,62.4541920401,22.5914319662,26.7461788632,36.2193861873,30.936736257,13.180880108
1233,40.0,40.0,70.0,80.0,58.4779071502,14.481143859,8.87541268632,29.134222489,26.4672259753,17.6157766722
1234,40.0,70.0,70.0,80.0,53.5959500732,5.75607396201,12.2536867053,22.0470810331,21.5962295979,12.8985782317
1235,40.0,100.0,70.0,80.0,49.3483633111,-3.6220788821,-5.743379351,16.5835617405,17.8784628738,17.124458955
1236,70.0,0.0,70.0,80.0,44.5015143991,-11.197453518,-2.73974596096,11.9937589325,14.1881172515,12.6535364498
1237,70.0,40.0,70.0,80.0,78.0429593285,-1.451366906,47.0738398486,50.8325408705,53.284990569,15.714343061
1238,70.0,70.0,70.0,80.0,79.6183401999,-0.971428407574,21.8040665071,53.6272277842,56.0079445102,30.1946103434
1239,70.0,100.0,70.0,80.0,44.6056753263,1.1787427254,4.61314576588,13.9393286022,14.2615233417,10.2765365118
1240,100.0,0.0,70.0,80.0,65.4806977493,0.51347525713,5.46357644593,33.5663344974,34.6569428689,25.3873313014
1241,100.0,40.0,70.0,80.0,61.5953996635,-18.8613167513,-19.1649931374,24.2503409141,29.9318772398,36.9036116944
1242,100.0,70.0,70.0,80.0,73.1462338222,-8.20178059753,-4.50372011113,41.0236509462,45.387371552,40.83874782
1243,100.0,100.0,70.0,80.0,55.2125890431,39.6269332651,2.24189348276,32.1145790091,23.1364306174,18.0632395213
1244,0.0,0.0,100.0,80.0,70.8878144399,15.5071622335,3.27575770778,45.7691533725,42.024509379,32.4493463482
1245,0.0,40.0,100.0,80.0,77.3171447936,-1.23420549163,7.08765643591,49.7412444419,52.0607426701,37.5250846803
1246,0.0,70.0,100.0,80.0,66.3139219556,-11.7374597376,-6.82779532131,31.1476563254,35.7310613382,33.9449753228
1247,0.0,100.0,100.0,80.0,52.2300747908,43.0742777895,2.55470508722,29.5695539307,20.3494921056,15.7201456082
1248,40.0,0.0,100.0,80.0,35.9600340021,-8.46641560255,8.07618541098,7.72035880528,8.98740498644,5.58538330526
1249,40.0,40.0,100.0,80.0,46.8376534524,24.0998363268,-9.7891061336,19.7949003046,15.8959287959,17.0019368483
1250,40.0,70.0,100.0,80.0,73.4009258069,4.34486133858,53.0894395923,45.653102038,45.7775010235,10.6421433961
1251,40.0,100.0,100.0,80.0,53.5701396986,40.3989823664,10.7749039125,30.3929068894,21.5722109554,13.420604243
1252,70.0,0.0,100.0,80.0,35.4486048257,-7.67008773452,6.79638226374,7.57000716317,8.72462639517,5.66760687445
1253,70.0,40.0,100.0,80.0,46.4896648084,20.5221164754,-0.514317909723,18.7900759702,15.6332984068,13.0847175287
1254,70.0,70.0,100.0,80.0,73.897102929,4.98851243214,49.0269490174,46.637966245,46.5439375073,12.272807567
1255,70.0,100.0,100.0,80.0,39.0770386345,-0.0589201903637,-0.628575471733,10.3139398596,10.7037948289,9.00829498446
1256,100.0,0.0,100.0,80.0,54.6194482887,-12.922031367,-1.16314687488,19.1025508983,22.5631116957,19.1555810526
1257,100.0,40.0,100.0,80.0,46.836985471,19.0975409137,8.92820134525,18.8041774457,15.8954218671,10.1327649798
1258,100.0,70.0,100.0,80.0,65.9811574914,3.53025351876,13.4609413604,35.0695373432,35.2994687826,21.5718221378
1259,100.0,100.0,100.0,80.0,54.1055650407,36.9873850299,19.837686635,30.0981101669,22.0741258553,10.6370541714
1260,0.0,0.0,0.0,100.0,33.9403345472,15.274395918,3.5824025388,9.45165271518,7.9795862688,5.79591887626
1261,0.0,40.0,0.0,100.0,33.43721246,4.08610706974,-0.639827000409,7.90214392805,7.74083761317,6.53191487709
1262,0.0,100.0,0.0,100.0,38.4174653947,6.405210274,6.16184175488,10.7932602013,10.3238327832,6.94774466952
1263,40.0,0.0,0.0,100.0,36.6702106386,-4.53004108671,1.17801710684,8.49710721123,9.36097742486,7.42708384595
1264,40.0,40.0,0.0,100.0,43.195200392,-2.9945639209,9.85461698999,12.3684173058,13.2887924241,8.08532731057
1265,40.0,100.0,0.0,100.0,40.730289557,0.487173285735,-11.9288688598,11.3468265246,11.6969068964,13.6304590368
1266,100.0,0.0,0.0,100.0,53.5729874741,-14.3074552376,7.09694859317,17.9665973017,21.5748601665,14.8251297155
1267,100.0,40.0,0.0,100.0,47.5171150028,19.6179422494,-0.308272555403,19.4838314604,16.417171081,13.660599058
1268,100.0,100.0,0.0,100.0,63.9511812802,2.80594305087,24.0772208494,32.3501496393,32.7416594345,15.1879169428
1269,0.0,0.0,40.0,100.0,54.521324672,38.1254531669,11.988743262,30.8849416813,22.4691900063,13.5783714199
1270,0.0,40.0,40.0,100.0,77.989177943,-1.24396398445,50.0360204246,50.8233239792,53.1936248116,14.4957026536
1271,0.0,100.0,40.0,100.0,79.640715731,-0.737817974798,19.109993372,53.7564732527,56.0472727642,31.9582140647
1272,40.0,0.0,40.0,100.0,43.0507172954,1.25591677148,4.7211497014,12.9099560935,13.191724249,9.43948544066
1273,40.0,40.0,40.0,100.0,68.0406726325,0.548065080092,5.66179768704,36.8361765722,38.0272212387,27.8402307439
1274,40.0,100.0,40.0,100.0,61.1460269034,-19.8035787476,-20.2890261573,23.5926744433,29.4148559197,37.1569908488
1275,100.0,0.0,40.0,100.0,74.5852875139,-6.64938712995,-2.6441884686,43.6144283424,47.6210573083,41.3220168129
1276,100.0,40.0,40.0,100.0,53.9611088421,41.4604926512,2.95278570913,31.1348749191,21.9379521473,16.8040607475
1277,100.0,100.0,40.0,100.0,72.6087698329,12.8531236124,3.48607091811,47.4668386805,44.5713875207,34.3155404966
1278,0.0,0.0,100.0,100.0,62.3637478292,21.5463588928,18.1687113464,35.7889116405,30.8298653227,16.4938350282
1279,0.0,40.0,100.0,100.0,64.4305778854,23.9914234821,3.60106399505,39.2898088066,33.3341664392,25.4166526042
1280,0.0,100.0,100.0,100.0,45.1581842333,-0.248112797744,8.25998732118,14.0920166386,14.655133566,9.46714124508
1281,40.0,0.0,100.0,100.0,63.5481129528,9.97056915583,-4.35951282514,33.8900277642,32.2489573215,29.2276297568
1282,40.0,40.0,100.0,100.0,32.3204487645,5.33536606547,5.43108706312,7.51941813453,7.22801274097,4.87188892429
1283,40.0,100.0,100.0,100.0,54.0849368691,-6.61687964566,-18.765932409,19.9000983661,22.0546460229,28.060423908
1284,100.0,0.0,100.0,100.0,46.8231580783,-1.77027139525,5.19279304384,15.0193124479,15.8849307268,11.3105988055
1285,100.0,40.0,100.0,100.0,62.6585029402,7.07503156841,10.7809598689,31.9875834364,31.1790631612,20.0655257931
1286,100.0,100.0,100.0,100.0,32.7495618476,4.49474126836,5.30505239352,7.6264760199,7.4222945035,5.03620204993
1287,100.0,0.0,0.0,0.0,52.3544062926,-11.2133374129,-4.27177191533,17.5622932941,20.4609398566,18.7855615301
1288,98.0,0.0,0.0,0.0,48.4088153905,46.7474926931,13.7986841753,26.3286787248,17.1183525877,9.48639527726
1289,95.0,0.0,0.0,0.0,71.5162323942,-9.59251769493,34.3117714361,38.3303099729,42.9429495607,16.3407506256
1290,90.0,0.0,0.0,0.0,43.1322501291,27.3366418836,0.437586818644,17.3400306018,13.2464421818,10.7895701368
1291,85.0,0.0,0.0,0.0,60.0158570337,-24.4684306899,13.9400082018,21.4994908831,28.1409413576,16.5703772618
1292,80.0,0.0,0.0,0.0,38.2633812422,7.88541324506,-9.69183920934,10.9032894859,10.2363844398,11.3522395022
1293,75.0,0.0,0.0,0.0,47.5702625077,0.00240857493772,15.2734291253,15.8711983306,16.4584164353,8.65715197911
1294,70.0,0.0,0.0,0.0,36.2927038869,-7.04991597823,-0.486743597873,8.03078177364,9.16113593705,7.6819815907
1295,60.0,0.0,0.0,0.0,40.4784403515,9.8068554832,9.55321311064,12.5296916123,11.5418152403,6.98634266899
1296,50.0,0.0,0.0,0.0,31.9894707793,1.05728144063,-2.80051426123,6.93292687859,7.08049978922,6.45567567841
1297,40.0,0.0,0.0,0.0,34.8401507437,18.7061846739,5.76701004092,10.3796091448,8.41872883213,5.66352124416
1298,30.0,0.0,0.0,0.0,49.6924902377,44.8749856644,16.2043936211,27.2301428139,18.1623988192,9.43018091252
1299,25.0,0.0,0.0,0.0,72.5638537872,-8.04183654816,16.3638206488,40.2592526554,44.5036417711,26.1346698288
1300,20.0,0.0,0.0,0.0,43.3377016694,24.9169122567,3.87968771031,17.0587781684,13.3849944233,9.83462315549
1301,15.0,0.0,0.0,0.0,60.1498099745,-22.4867921805,-2.16080630477,22.048493712,28.2899711199,24.51374867
1302,10.0,0.0,0.0,0.0,37.2602610548,4.61099556176,-7.28482569474,9.90730778814,9.67912068021,10.0417423444
1303,7.0,0.0,0.0,0.0,40.2394172474,1.2764000521,4.35310884142,11.1635143097,11.395895758,8.1924240234
1304,5.0,0.0,0.0,0.0,71.2206301259,0.487061178712,5.9524597984,41.1510349685,42.5092744087,31.072245957
1305,3.0,0.0,0.0,0.0,60.1982959065,-20.8309559456,-21.8987590106,22.4543996682,28.3440437104,37.1393341145
1306,2.0,0.0,0.0,0.0,76.0467100618,-5.46992762143,-0.650613268906,46.2140029948,49.9632688005,41.7340228942
1307,0.0,100.0,0.0,0.0,52.4229273964,43.0131795453,3.16601971387,29.7726456053,20.5225340752,15.6061675433
1308,0.0,98.0,0.0,0.0,74.2571891085,10.2093988359,4.22156250117,49.0943755765,47.1054812,35.7888241808
1309,0.0,95.0,0.0,0.0,77.9522085881,-1.42932753963,50.8920877381,50.6933014791,53.1308805479,14.1415316549
1310,0.0,90.0,0.0,0.0,80.7870529685,-0.648671284703,16.550884048,55.7520259915,58.0868507767,35.0346931321
1311,0.0,85.0,0.0,0.0,56.8389271109,0.649207254228,6.03850111745,24.0224992623,24.758062381,17.6206774188
1312,0.0,80.0,0.0,0.0,78.4623154853,0.736383020351,6.30005348656,52.355972216,54.0009988583,39.5832505542
1313,0.0,75.0,0.0,0.0,69.0288496948,17.8891266241,2.80593696423,43.8153114093,39.3844643972,30.6658609697
1314,0.0,70.0,0.0,0.0,49.8411439806,10.0500694301,17.0279252824,19.5735177644,18.2859756259,9.26580891717
1315,0.0,60.0,0.0,0.0,32.8797168587,0.291651977432,-3.93193988767,7.24477005896,7.48190306041,7.07836269646
1316,0.0,50.0,0.0,0.0,58.6679618787,27.8923289769,34.1351880212,33.00083425,26.6703628039,8.7323132072
1317,0.0,40.0,0.0,0.0,68.27043342,15.9349226452,18.4826657569,42.0533467435,38.339965266,21.0325391002
1318,0.0,30.0,0.0,0.0,51.2537494707,9.07272819318,15.5097287799,20.6128303019,19.488370949,10.4521141366
1319,0.0,25.0,0.0,0.0,33.6489588061,-1.7738633215,1.28463214048,7.37432345703,7.84072944481,6.182509389
1320,0.0,20.0,0.0,0.0,59.6225742602,27.5280576743,32.2010811668,34.0739223501,27.7064193681,9.76165613097
1321,0.0,15.0,0.0,0.0,34.2343410613,18.708684725,2.26928421667,10.0418020937,8.12134877587,6.18792841243
1322,0.0,10.0,0.0,0.0,32.1950824546,0.04071707133,2.99041978306,6.91989935844,7.17189983074,5.30140004275
1323,0.0,7.0,0.0,0.0,40.5639253618,10.9707539418,2.77452429414,12.7585165119,11.5943032158,8.77302963205
1324,0.0,5.0,0.0,0.0,36.1939555712,-8.5915430387,7.35386716566,7.81566664096,9.10933485747,5.81999127308
1325,0.0,3.0,0.0,0.0,47.309321076,1.12454798812,4.90393234344,15.8707451332,16.2565730887,11.685521057
1326,0.0,2.0,0.0,0.0,38.1157566986,4.39832758413,-1.28708937253,10.3549022984,10.1530666929,8.72883585395
1327,0.0,0.0,100.0,0.0,62.2688735952,-20.1963759536,-11.1540978691,24.6135518392,30.7180245744,32.1642567239
1328,0.0,0.0,98.0,0.0,43.2346735729,24.4082705657,9.0080257474,16.8856581164,13.3153942821,8.32833188355
1329,0.0,0.0,95.0,0.0,74.229882797,-7.2974591206,5.1171284206,42.8754586636,47.0627404107,35.1244682333
1330,0.0,0.0,90.0,0.0,49.678468338,44.5009049175,21.3032808342,27.1220768482,18.1507711441,8.01434714222
1331,0.0,0.0,85.0,0.0,50.9966793729,46.0439669683,8.05536700813,28.9564363462,19.2657475791,12.7971376527
1332,0.0,0.0,80.0,0.0,40.3377075349,-1.49133005879,-2.04123989482,10.8444530744,11.455750466,10.060707421
1333,0.0,0.0,75.0,0.0,63.7014470756,23.0336682764,11.7101174419,38.0002595204,32.435802857,20.4874927441
1334,0.0,0.0,70.0,0.0,48.8373909638,-21.0438472986,4.99747557291,13.3142657045,17.4623474144,12.5610100463
1335,0.0,0.0,60.0,0.0,79.5881001138,-0.539385714833,19.7841304546,53.7453600532,55.9548223956,31.457856471
1336,0.0,0.0,50.0,0.0,39.4329149793,1.44089797256,4.53808526664,10.7145231657,10.9126237821,7.78138995342
1337,0.0,0.0,40.0,0.0,73.8376876069,0.350327775447,5.80331347945,44.9148682827,46.4517122092,34.1788955249
1338,0.0,0.0,30.0,0.0,59.7898750539,-21.4431371013,-22.2727676702,21.9388201321,27.8907122848,36.8998486482
1339,0.0,0.0,25.0,0.0,77.3440949988,-3.72848970555,1.36167198698,48.8615038762,52.1058614833,41.9107274477
1340,0.0,0.0,20.0,0.0,51.7756118995,44.7023052599,3.15427167237,29.4825895299,19.9455664167,15.1601350688
1341,0.0,0.0,15.0,0.0,75.5491844679,7.40825393545,4.5399841975,50.1225131418,49.1574642481,37.1599139984
1342,0.0,0.0,10.0,0.0,77.8748390956,-1.71551526539,51.2813444295,50.4601239936,52.9997290266,13.9428794553
1343,0.0,0.0,7.0,0.0,80.6842182038,-0.430832947831,13.5437041993,55.6615619233,57.9018982513,37.0507881602
1344,0.0,0.0,5.0,0.0,77.8029948167,-0.0585305315652,5.29617669751,50.968017721,52.8781368951,39.4825490512
1345,0.0,0.0,3.0,0.0,68.7994350854,-12.3850857326,-7.06421161145,33.970584482,39.0665364708,37.1357017724
1346,0.0,0.0,2.0,0.0,55.3319129758,-21.0467178533,20.578379935,18.1260452576,23.2529279276,11.076857431
1347,0.0,0.0,0.0,100.0,31.6266404362,9.44393561521,-1.96042807518,7.63810337183,6.92111196838,6.12949496888
1348,0.0,0.0,0.0,98.0,67.33991944,-4.2997624624,41.5633945759,34.4910497329,37.0838880428,10.985745697
1349,0.0,0.0,0.0,95.0,43.598923613,11.7313169318,-16.5526816205,14.9530884617,13.5625477745,17.5163459971
1350,0.0,0.0,0.0,90.0,56.1397568104,-20.6505600989,14.5883813487,18.8723663132,24.0519368074,13.6493957723
1351,0.0,0.0,0.0,85.0,31.6257085746,7.83159514619,1.56818367316,7.46691439017,6.92070572143,5.38935151065
1352,0.0,0.0,0.0,80.0,67.2643671951,-4.3156396085,35.5721475738,34.3915762241,36.9831236618,12.9877742903
1353,0.0,0.0,0.0,75.0,42.8882132592,7.44557062938,-7.6829170461,13.7590727954,13.0831151794,13.4356218365
1354,0.0,0.0,0.0,70.0,43.7141018593,-4.2190345388,21.4203038235,12.5179586278,13.6413309731,5.59051678476
1355,0.0,0.0,0.0,60.0,37.4152833041,-2.87367666655,-5.73369965284,9.06710876269,9.76388466618,9.65655179705
1356,0.0,0.0,0.0,50.0,39.4124799172,5.44760440799,14.3974071997,11.247118687,10.9005595809,5.50992554568
1357,0.0,0.0,0.0,40.0,33.6305917583,6.23840387199,-5.68797367337,8.23256919323,7.83203090686,7.83846969658
1358,0.0,0.0,0.0,30.0,34.8462905589,15.6541798484,8.06041656538,9.98852037028,8.42177931573,5.20295308199
1359,0.0,0.0,0.0,25.0,55.9390238253,37.7233373378,5.92734993217,32.4570414846,23.8517173093,16.9913871777
1360,0.0,0.0,0.0,20.0,64.133105437,1.73448692731,34.2434106,32.2699604713,32.9656734877,11.57391474
1361,0.0,0.0,0.0,15.0,48.9237288332,18.8255336213,-6.97745663936,20.552823341,17.5321992554,17.3431535164
1362,0.0,0.0,0.0,10.0,53.0762156564,-15.589351383,15.4181966467,17.3282229481,21.1159994702,11.4944445582
1363,0.0,0.0,0.0,7.0,41.4696781553,1.47660564115,-17.7764184422,11.9370189407,12.1602450627,16.4603760148
1364,0.0,0.0,0.0,5.0,70.9943342191,-9.43570859819,37.3967112459,37.6794422426,42.1792582909,14.7217424113
1365,0.0,0.0,0.0,3.0,55.1220288864,-11.9752075652,-8.75421456315,19.7211961132,23.0482758915,23.3878850642
1366,0.0,0.0,0.0,2.0,57.6931508415,12.3199279018,23.736727029,27.7137454858,25.63937353,11.3756869582
1367,0.0,0.0,0.0,0.0,43.9527993428,8.13903507386,-10.4223635376,14.6105623489,13.8055728133,15.195774146
1368,100.0,85.0,85.0,0.0,45.2487935852,34.5474809522,11.6169977682,20.5284125814,14.7203673768,8.56221113975
1369,80.0,65.0,65.0,0.0,38.5343484364,1.47146720203,4.7557391042,10.2088578311,10.3904993203,7.3370423506
1370,60.0,45.0,45.0,0.0,76.011572761,0.452495637306,6.25659832908,48.2891175531,49.9060726988,36.4953480777
1371,40.0,27.0,27.0,0.0,59.0096533777,-22.665362845,-23.4026272736,20.9649083808,27.0381833073,36.7442003928
1372,20.0,12.0,12.0,0.0,78.8352120927,-2.72104181249,2.88746348666,51.646788392,54.6430449003,42.7395790395
1373,10.0,6.0,6.0,0.0,51.0258143574,45.0813859121,2.33691409179,28.7398204412,19.2908929173,14.970769019
1374,5.0,3.0,3.0,0.0,76.5582317104,5.49409728625,4.98680888543,51.0388810585,50.8008734341,38.1080498297
1375,40.0,27.0,27.0,10.0,78.1477495673,-1.70712225328,53.2602040195,50.9065502642,53.4633124049,13.3800377948
1376,20.0,12.0,12.0,10.0,81.0000991435,-0.256044677328,11.3218601421,56.2800743837,58.4712753782,39.095062475
1377,10.0,6.0,6.0,10.0,74.5436357412,-0.371225232442,4.26832446896,45.7267315326,47.5553979848,36.1068461036
1378,60.0,45.0,45.0,20.0,79.8897567768,-1.57630721196,7.04288718743,53.8486080342,56.486242149,40.9008539101
1379,40.0,27.0,27.0,20.0,32.6974905904,15.563224384,1.85793451267,8.8418786189,7.39853579578,5.70821295062
1380,20.0,12.0,12.0,20.0,61.4471342433,-22.3546594641,28.7393996144,23.3101736023,29.7606278564,11.868075803
1381,10.0,6.0,6.0,20.0,46.9065442388,13.2500218795,-14.1985817013,17.7453280581,15.9482676717,19.0330397498
1382,80.0,65.0,65.0,40.0,42.7081295544,-0.396418430742,19.3972659647,12.4419472138,12.9634549907,5.65009203085
1383,60.0,45.0,45.0,40.0,33.8060558833,14.9223028738,5.31265345587,9.33761927833,7.9153930805,5.39231280625
1384,40.0,27.0,27.0,40.0,61.1841670724,-21.448608215,23.7453113572,23.2591491537,29.4585046606,13.4786706816
1385,20.0,12.0,12.0,40.0,46.8617364985,9.32886605885,-4.07822755871,16.9862706908,15.9142125368,14.6696388457
1386,10.0,6.0,6.0,40.0,42.0798895867,-0.281253889869,18.641828907,12.0628249961,12.5517239295,5.58247120244
1387,100.0,85.0,85.0,60.0,32.5315434152,11.7803247215,-2.36653328321,8.32316359656,7.32315694299,6.56968549163
1388,80.0,65.0,65.0,60.0,34.5805719815,7.27023599555,7.67057006395,8.82115840345,8.29043351541,5.18957464023
1389,60.0,45.0,45.0,60.0,37.6157294405,4.53449910949,-3.12811914174,10.0932133009,9.87421749739,9.00265450834
1390,40.0,27.0,27.0,60.0,40.535858774,-2.48875886688,13.8626676159,10.8251437034,11.577052764,6.02892215838
1391,20.0,12.0,12.0,60.0,43.6494717433,-4.627559739,-1.75121917612,12.4163135204,13.5970858,11.8019423593
1392,10.0,6.0,6.0,60.0,45.5858539425,-12.6856939906,5.98651304559,12.4589013002,14.9647317173,10.374569721
1393,100.0,85.0,85.0,80.0,50.795251514,-2.36520547653,-13.2300398094,17.9607941421,19.0925000683,21.8301095402
1394,80.0,65.0,65.0,80.0,53.7439663744,3.58179095004,18.7474667402,21.7164003414,21.7343151047,10.7851649415
1395,60.0,45.0,45.0,80.0,59.7073239067,13.812470135,-0.29739468186,30.3572468279,27.7996749241,23.0947781489
1396,40.0,27.0,27.0,80.0,62.4387163888,22.3170669902,34.7881455603,36.1167543638,30.9184323897,10.4539900851
1397,20.0,12.0,12.0,80.0,44.0295272614,25.6136995582,-4.55703668033,17.7383548124,13.8586460202,13.0127281001
1398,10.0,6.0,6.0,80.0,46.6943768795,16.3481182525,9.42623497162,18.1572140532,15.7874432759,9.90698800023
1399,100.0,85.0,85.0,100.0,55.1733091706,5.59755534258,-2.59153915521,23.515052315,23.0981665322,20.2915534013
1400,80.0,65.0,65.0,100.0,59.00791356,-5.6936978421,19.735363936,24.7177222715,27.0363019328,13.574237888
1401,60.0,45.0,45.0,100.0,67.1158874566,-14.6709277088,1.11051294072,31.2904036162,36.7856277207,29.6518164768
1402,40.0,27.0,27.0,100.0,56.1523148252,-23.6209897101,-26.0449720195,18.3092895595,24.0644998035,35.1201819377
1403,20.0,12.0,12.0,100.0,79.1990632162,-2.18005226747,3.58026810608,52.455844635,55.2744025178,42.6873337843
1404,10.0,6.0,6.0,100.0,50.2860655863,47.6069192808,3.81070986927,28.5689944617,18.6591887946,13.9065130804
1405,100.0,0.0,0.0,70.0,78.2633675145,4.47022564632,5.11306699774,53.4713613027,53.6605209158,40.226830683
1406,0.0,100.0,0.0,70.0,77.614183151,-1.65334328315,54.1474421415,50.0624148096,52.5594713898,12.7258770252
1407,0.0,0.0,100.0,70.0,79.911358445,-0.170837705976,10.3356035882,54.4387148855,56.5244257465,38.4287485833
1408,100.0,100.0,0.0,70.0,37.2786236808,1.41402983777,4.49329097314,9.51684401602,9.68913539032,6.87784555895
1409,100.0,0.0,100.0,70.0,77.1220985863,0.480470445544,6.39514972739,50.0671836454,51.7349812665,37.7864207314
1410,0.0,100.0,100.0,70.0,68.3855260697,-1.275630348,2.46431173638,36.7335413531,38.4972687477,30.1774117579
1411,40.0,40.0,0.0,70.0,63.2418146872,22.3450733039,0.96637575331,37.1760216226,31.877868157,25.7483794099
1412,40.0,0.0,40.0,70.0,46.3520072157,-11.9413990669,7.99136889986,13.066906817,15.5302107198,10.1635771748
1413,0.0,40.0,40.0,70.0,34.5476692935,3.20413566855,-1.34975049637,8.33605328204,8.27426524368,7.1492774225
1414,3.0,3.0,0.0,0.0,56.1538716805,5.99790633058,26.2780426222,24.5755103835,24.0660575811,9.74452065555
1415,3.0,0.0,3.0,0.0,54.5938835257,-14.0780839137,-21.9296731424,18.8546686635,22.538616525,30.5685494338
1416,0.0,3.0,3.0,0.0,47.9453989349,-12.1805861063,4.53680397815,14.10508453,16.7515090278,12.1847075195
1417,3.0,3.0,3.0,0.0,34.9015277783,1.59555374943,3.42016387753,8.32663080473,8.44925631855,6.18780565451
1418,3.0,0.0,0.0,3.0,56.9908128054,5.3439516055,22.4011812705,25.2688415863,24.9132640998,11.4168983759
1419,0.0,3.0,0.0,3.0,52.5499607003,-18.0466021736,-6.95495859345,16.4720671424,20.637052203,20.214118349
1420,3.0,3.0,0.0,3.0,39.3582369618,-11.3371586279,13.0377340944,9.05650324494,10.8685794227,5.77190630242
1421,0.0,0.0,3.0,3.0,41.2071043972,2.9707846622,0.289894765882,11.9891743761,11.9943282585,9.80956978639
1422,3.0,0.0,3.0,3.0,35.6588783673,-2.225357008,7.49397751666,8.2638903738,8.83203841895,5.59833897802
1423,0.0,3.0,3.0,3.0,36.5669798807,13.0822395849,-0.841473730735,10.619617768,9.30604420679,7.89432222876
1424,3.0,3.0,3.0,3.0,32.7002400384,6.28702086516,3.26608233701,7.79611821129,7.39978902493,5.42047299578
1425,7.0,7.0,0.0,0.0,71.3114814087,12.0750314186,10.240517529,45.2060943789,42.6422491289,28.4812937409
1426,7.0,0.0,7.0,0.0,50.4746058334,24.4023008478,18.6603923047,23.1894971584,18.8188614472,9.11103046277
1427,0.0,7.0,7.0,0.0,61.637786251,-3.27701711114,-4.52649279427,28.0694767897,29.9809550188,27.332771811
1428,7.0,7.0,7.0,0.0,43.3161318954,4.43414338482,5.4019707177,13.575535082,13.3704030407,9.37453123676
1429,7.0,0.0,0.0,7.0,51.9338934238,-16.3101301923,-18.4989225466,16.308915433,20.0856341987,25.7306646612
1430,0.0,7.0,0.0,7.0,58.6585087063,-25.6389173274,16.0812770706,20.0401701559,26.6602344592,14.7400955424
1431,7.0,7.0,0.0,7.0,65.7137778328,2.99227652012,6.989059145,34.5735641495,34.9552088086,24.7587818355
1432,0.0,0.0,7.0,7.0,48.7824897688,-6.88928290663,7.2424446403,15.583364641,17.4180261283,11.7533889004
1433,7.0,0.0,7.0,7.0,50.805364622,27.8398130439,1.45121234882,24.294709436,19.101173458,15.1722260409
1434,0.0,7.0,7.0,7.0,38.7408259056,11.692815358,-0.869001559168,11.716207725,10.508967986,8.91272204954
1435,7.0,7.0,7.0,7.0,57.1265418768,-23.5371197026,-25.61955633,19.1401976994,25.0525040633,36.005931874
1436,40.0,3.0,0.0,0.0,80.173558379,-1.06704500727,4.99590645494,54.5312321969,56.9892691488,42.8986714268
1437,3.0,40.0,0.0,0.0,50.0310823066,47.3294591936,3.85623950126,28.2165092092,18.4446865712,13.7241042448
1438,40.0,0.0,3.0,0.0,78.9939917974,2.79189245609,5.45439272937,54.047829827,54.9179662324,40.9350282637
1439,40.0,3.0,3.0,0.0,76.9390793325,-2.08011579429,53.4762663443,48.8257015869,51.430545448,12.5512720575
1440,0.0,40.0,3.0,0.0,79.8404828891,-0.0116445436354,8.92501844312,54.3809143663,56.3992088661,39.3948335312
1441,3.0,40.0,3.0,0.0,37.4815922436,1.3963346951,4.43182435607,9.62315056508,9.80029204868,6.9754681003
1442,40.0,40.0,3.0,0.0,77.622866076,0.26804528257,6.12448779736,50.7980646534,52.5740977722,38.6264790928
1443,3.0,0.0,40.0,0.0,57.9879826668,-1.7999689714,0.709981636375,24.6005844081,25.9483406524,21.0545995472
1444,0.0,3.0,40.0,0.0,66.7817870928,-10.7791761143,-10.5826093613,31.9650117468,36.3438076629,37.1645617591
1445,3.0,3.0,40.0,0.0,69.0931017696,7.11514570035,-0.488100545346,40.3229053197,39.4738145262,32.8961827831
1446,40.0,3.0,40.0,0.0,50.9606068528,-3.85608933459,16.1077681898,17.8143579749,19.234644995,10.1114134874
1447,3.0,40.0,40.0,0.0,59.9187195139,-7.65117806844,-14.6553778429,25.1801359813,28.0331987196,31.8019069099
1448,40.0,0.0,0.0,3.0,35.4787129167,11.1597809489,9.76142818799,9.76454286775,8.73995250169,5.0841387481
1449,40.0,3.0,0.0,3.0,68.4814870394,4.90199032712,15.3733621625,38.774203257,38.628752356,22.8084627474
1450,0.0,40.0,0.0,3.0,52.1810104891,-4.68067517032,12.366775485,18.6598670865,20.3056236581,12.0033204504
1451,3.0,40.0,0.0,3.0,58.0219341862,-11.0900757578,-0.0629899936495,22.5333303545,25.9840784798,21.4713435173
1452,40.0,40.0,0.0,3.0,35.4271536327,10.8241963786,9.25164410909,9.69459427461,8.71371789978,5.16583806152
1453,40.0,0.0,3.0,3.0,30.4673509619,5.06402479996,-6.02674229653,6.68054362881,6.42790983633,6.59290704413
1454,40.0,3.0,3.0,3.0,37.9318251699,15.5460483422,13.132086349,11.768254431,10.0498918066,5.25177483369
1455,0.0,40.0,3.0,3.0,35.7222764527,-1.67264034777,-7.82920984291,8.35713183237,8.86459555926,9.41474909218
1456,3.0,40.0,3.0,3.0,44.2526845191,4.58585439235,21.1068795521,14.241984403,14.0137781021,5.84990756267
1457,40.0,40.0,3.0,3.0,39.0431267474,-9.27643546135,-7.75239535049,9.14074159578,10.6840354642,11.1570901662
1458,0.0,0.0,40.0,3.0,54.152289881,-30.549162132,15.0456469845,15.4952668957,22.1182920032,12.2514591531
1459,3.0,0.0,40.0,3.0,41.4137901768,14.8229272492,-12.1217438038,13.9211786929,12.1248028516,14.1478559019
1460,40.0,0.0,40.0,3.0,65.5696761377,-17.6498764004,31.6674986233,28.7289270042,34.7706049157,13.3456081537
1461,0.0,3.0,40.0,3.0,47.3666504944,34.4584563024,-1.38270275409,22.4501506336,16.3007762519,13.9669989921
1462,3.0,3.0,40.0,3.0,76.8732203943,-1.41701586771,53.2526334594,48.9652197347,51.3212880243,12.5901366424
1463,40.0,3.0,40.0,3.0,39.0322402901,6.77901411607,-14.0432783697,11.2046935124,10.6776974362,13.3296604789
1464,0.0,40.0,40.0,3.0,54.2204133305,36.1543756089,23.6580041421,30.0082230339,22.1827904546,9.53349279913
1465,3.0,40.0,40.0,3.0,46.8523941332,-9.13777478259,-14.6186403435,13.8387936912,15.9071181913,19.1855270188
1466,40.0,40.0,40.0,3.0,69.5661663952,11.393039007,39.2644634198,42.401394383,40.135830761,13.0877239126
1467,3.0,0.0,0.0,40.0,56.2632243977,-26.8940627853,-14.1461026137,17.7802489563,24.1756433536,27.5425457455
1468,0.0,3.0,0.0,40.0,56.9162758101,-23.902387656,-25.8729238404,18.8909466756,24.8370189892,35.9282603121
1469,3.0,3.0,0.0,40.0,79.9604750836,-0.903637326318,5.21285190805,54.2330351397,56.6113094639,42.4327603126
1470,40.0,3.0,0.0,40.0,50.6858770644,47.0269652827,3.41814945094,28.8639981666,18.9988640337,14.3190877294
1471,3.0,40.0,0.0,40.0,79.5319212239,2.1372680015,5.94693321152,54.7049653619,55.8562233225,41.2732982987
1472,0.0,0.0,3.0,40.0,77.4329258561,-1.66412896016,54.8275566819,49.7669755404,52.2547626393,12.3758135984
1473,3.0,0.0,3.0,40.0,81.2391903773,0.215760435397,9.04131341703,56.8893242764,58.9047117276,41.1557907727
1474,40.0,0.0,3.0,40.0,38.5470741227,1.56012666293,4.88637723649,10.2274511296,10.3977749417,7.31027339521
1475,0.0,3.0,3.0,40.0,79.3678068801,0.382921525163,6.60400491928,53.7346897922,55.5688512482,40.5445006581
1476,3.0,3.0,3.0,40.0,48.7474061017,-0.665784715029,-0.966324013458,16.6491279258,17.3897426824,14.724199093
1477,40.0,3.0,3.0,40.0,77.6865675959,0.708931169615,4.27962927208,51.0685486334,52.6814859339,40.1034897115
1478,0.0,40.0,3.0,40.0,55.0330336396,-30.0642849311,17.2480474882,16.2389823014,22.9618629427,12.0156522113
1479,3.0,40.0,3.0,40.0,50.8292429206,22.5898812166,-7.86120633851,23.126054352,19.1216628262,19.2319906758
1480,40.0,40.0,3.0,40.0,67.4615059771,-14.0131089297,40.4338973295,31.8808101623,37.2464325796,11.4235889706
1481,3.0,0.0,40.0,40.0,44.2943080998,3.20532147665,-19.7568179499,14.0486927048,14.0428410398,19.5281004178
1482,0.0,3.0,40.0,40.0,55.7443479985,-28.8338009585,11.6795902269,17.0089073866,23.6586038199,14.4969741853
1483,3.0,3.0,40.0,40.0,51.0616456442,18.8133030314,1.74166032975,22.5118556446,19.3218475774,15.232905711
1484,40.0,3.0,40.0,40.0,67.7019431396,-13.7929419226,33.8831720251,32.2296766631,37.5692610557,13.8894935413
1485,3.0,40.0,40.0,40.0,43.7126222318,-0.682933737771,-9.18799330529,13.0488739116,13.640316962,14.5448705182
