SAMPLE_ID,CMYK_C,CMYK_M,CMYK_Y,CMYK_K,LAB_L,LAB_A,LAB_B,XYZ_X,XYZ_Y,XYZ_Z
1,0.0,0.0,0.0,0.0,53.3126138589,2.79344703434,7.82333230392,21.1542957014,21.3335368836,14.366763368
2,0.0,10.0,0.0,0.0,44.5708043612,-6.29086992031,-4.5048251747,12.7599296675,14.236920349,13.3336239971
3,0.0,20.0,0.0,0.0,31.5136951018,-1.28170812271,-0.836592725558,6.50299136984,6.87198893772,5.8456042295
4,0.0,30.0,0.0,0.0,75.4131302225,6.56538060063,9.72790348655,49.5898010475,48.9386262337,33.3545929737
5,0.0,40.0,0.0,0.0,32.4718983554,-1.15732133976,-1.05556237012,6.91941315166,7.29618972687,6.25112509335
6,0.0,55.0,0.0,0.0,61.2905021996,-2.69685373617,1.11080309106,27.8371531684,29.5804257032,23.8016763289
7,0.0,70.0,0.0,0.0,42.3439283379,-3.37955205924,-6.1770110269,11.781367851,12.7236886605,12.5535524092
8,0.0,85.0,0.0,0.0,56.8669250671,-2.54250502956,2.21483491245,23.325864999,24.7866230004,19.388864094
9,0.0,100.0,0.0,0.0,32.964531826,-2.33601436422,-1.17134346905,7.01422888575,7.52091796139,6.46744893043
10,10.0,0.0,0.0,0.0,68.4922946231,6.37366025248,8.19841209542,39.2547252123,38.6435793991,26.7989785175
11,10.0,10.0,0.0,0.0,33.1755083222,-1.58183430674,-1.35472992289,7.18328739502,7.61855497849,6.59226978909
12,10.0,20.0,0.0,0.0,39.5064708255,-0.0854933109481,2.90222156344,10.5536198715,10.9561224613,8.24220017932
13,10.0,30.0,0.0,0.0,35.1803624087,-2.50452532314,-2.40652802974,8.00331850899,8.58887145102,7.68247846103
14,10.0,40.0,0.0,0.0,62.399015355,4.43522337113,-0.267439253604,30.9568614122,30.8715089082,25.6237160658
15,10.0,55.0,0.0,0.0,47.5153256795,-10.9117742683,-13.4981655504,14.011336784,16.4157836692,19.1960638637
16,10.0,70.0,0.0,0.0,68.6172591508,7.66717109441,2.2963499184,39.8398601579,38.8152952611,30.5380496822
17,10.0,85.0,0.0,0.0,32.2037960081,-1.26777243885,-0.394653938751,6.79369219912,7.17579052016,6.00552469225
18,10.0,100.0,0.0,0.0,56.4165784686,-2.40777449296,-0.765911501333,22.9224572307,24.3298839104,20.4464057953
19,20.0,0.0,0.0,0.0,34.1747888653,-0.627179458428,-0.636910350137,7.73586877721,8.09249972462,6.82572744016
20,20.0,10.0,0.0,0.0,51.6997242142,-0.664995773711,-0.0269030814362,19.0381374201,19.8786428434,16.4133035448
21,20.0,20.0,0.0,0.0,69.3636792186,0.372400572346,3.10139140676,38.5454938367,39.8515674407,30.8465289848
22,20.0,30.0,0.0,0.0,43.2831812529,0.856634440423,0.489793633413,13.0014322489,13.3481332805,10.8560347078
23,20.0,40.0,0.0,0.0,41.4522913463,-3.70940113194,-2.82701574348,11.1968203284,12.1492115626,10.9073748347
24,20.0,55.0,0.0,0.0,38.509258006,0.0499515946286,1.58310334116,10.0120734937,10.376164382,8.1360205465
25,20.0,70.0,0.0,0.0,71.3800397304,0.992569413123,0.0216724174966,41.5433954577,42.7427780794,35.2520450552
26,20.0,85.0,0.0,0.0,34.636942604,-0.28779168866,1.71649955548,7.9895003423,8.31818278199,6.46645698485
27,20.0,100.0,0.0,0.0,53.7800912355,-13.8249335077,-7.70008997324,18.2274071833,21.7681053766,21.6349921425
28,30.0,0.0,0.0,0.0,63.9260198354,-6.39498905046,-2.39217020773,29.8186911893,32.7107567686,28.4199077023
29,30.0,10.0,0.0,0.0,72.9958548853,-0.596212993728,9.80817494295,43.3430045366,45.1580697387,30.5619669271
30,30.0,20.0,0.0,0.0,49.4892711875,-3.79363281022,-2.16132089602,16.6616612892,17.9943641187,15.7162539255
31,30.0,30.0,0.0,0.0,42.0250036514,-0.116057500879,-0.664536150484,12.0524978855,12.5161731241,10.5343163239
32,30.0,40.0,0.0,0.0,48.609852617,-1.66165565847,-1.22267535234,16.3657297081,17.2791463657,14.7317286245
33,30.0,55.0,0.0,0.0,80.5334300991,3.50159896634e-05,5.36294671588,55.5737337337,57.6314102218,43.1017960946
34,30.0,70.0,0.0,0.0,34.7199470259,2.09092099056,-9.1727960055,8.29419800168,8.35915553747,9.3032211354
35,30.0,85.0,0.0,0.0,40.4159658771,16.1035876433,9.25307675016,13.4457932355,11.503556136,7.03236474493
36,30.0,100.0,0.0,0.0,37.2595272779,-3.35564788991,-10.0221849786,8.92982562191,9.67872063241,10.8965438141
37,40.0,0.0,0.0,0.0,62.9854469177,0.329913048663,13.4660565098,30.5308870383,31.5694686149,19.0598695958
38,40.0,10.0,0.0,0.0,53.6418946216,-25.0669705687,-0.167960612928,16.0633614634,21.6390288207,17.9294931916
39,40.0,20.0,0.0,0.0,52.8525462113,-25.5534535681,4.45497579764,15.3917578061,20.9115415154,15.3836579041
40,40.0,30.0,0.0,0.0,65.4377941048,21.1689759377,19.5532449243,39.7748120938,34.6022258721,18.2067195163
41,40.0,40.0,0.0,0.0,45.1329967898,-9.68404518802,-4.22487333431,12.6147606845,14.6370342706,13.5883511597
42,40.0,55.0,0.0,0.0,40.2994428575,17.3918121571,3.16249106896,13.5684432211,11.4324240145,8.54067711083
43,40.0,70.0,0.0,0.0,35.3088186696,-2.14782984088,-4.70481892242,8.10395882064,8.65370485818,8.34110383633
44,40.0,85.0,0.0,0.0,42.8764147482,1.02245754573,-15.4835695707,12.7614207059,13.0752529768,16.5164536047
45,40.0,100.0,0.0,0.0,40.4416362513,17.2911031508,5.74021255869,13.648770646,11.5192663152,7.91991802087
46,55.0,0.0,0.0,0.0,36.3868341536,-5.18792823463,-4.20148164634,8.28360615108,9.21069696402,8.71043641205
47,55.0,10.0,0.0,0.0,46.6255985459,6.4451199516,10.7787587788,16.2867487623,15.735541814,9.47043027051
48,55.0,20.0,0.0,0.0,52.1771567071,-26.0405284156,4.43186704394,14.8204357349,20.3021806602,14.9272258
49,55.0,30.0,0.0,0.0,43.298088864,21.4312503431,2.39397954705,16.4007598048,13.3582055549,10.2656464671
50,55.0,40.0,0.0,0.0,64.0251644955,-23.2483505035,15.8574608121,25.680506607,32.8326365312,18.7822226095
51,55.0,55.0,0.0,0.0,46.5678267148,15.1618119425,-6.06473716821,17.8300340287,15.6920340761,15.2563661741
52,55.0,70.0,0.0,0.0,56.1552722138,-31.651097118,3.5560826054,16.8192605286,24.0674590015,18.2034721633
53,55.0,85.0,0.0,0.0,42.7440562309,-0.635177753031,-13.1937291968,12.4295560165,12.9872686732,15.4728037072
54,55.0,100.0,0.0,0.0,49.6839400638,-1.38312991298,22.5332799907,17.2517540424,18.1553079878,7.69936296831
55,70.0,0.0,0.0,0.0,37.876505856,13.3680571894,-3.84198553527,11.4276112091,10.0189981892,9.33547525524
56,70.0,10.0,0.0,0.0,44.1013878461,-12.0441219668,10.780481015,11.6268673873,13.9084756504,8.25393274311
57,70.0,20.0,0.0,0.0,34.9978145321,3.27228950923,-9.1108286474,8.56531181363,8.49729562536,9.42422855641
58,70.0,30.0,0.0,0.0,41.1451250599,-15.5485347699,4.4926443182,9.48024140766,11.9553857845,8.57562739665
59,70.0,40.0,0.0,0.0,49.977559899,25.62855602,5.82103427825,22.9851110562,18.3998711288,12.9683984952
60,70.0,55.0,0.0,0.0,53.7196998105,-4.99464028944,16.986028003,19.9097865403,21.7116364263,11.342662688
61,70.0,70.0,0.0,0.0,44.6057858471,3.73464725315,-5.81126329859,14.3506981355,14.261601364,13.8418066515
62,70.0,85.0,0.0,0.0,47.5297052887,-15.7621879572,4.03243511558,13.2594847622,16.4269355918,12.1114297337
63,70.0,100.0,0.0,0.0,46.0181248974,20.7362234106,-4.58551903433,18.4386767234,15.2820609077,14.3020821158
64,85.0,0.0,0.0,0.0,56.7276588698,5.52882524835,25.992860459,25.0445689479,24.6447748802,10.129165138
65,85.0,10.0,0.0,0.0,34.4075729641,5.1877549765,-2.63483139259,8.49310334868,8.20565766668,7.40516766822
66,85.0,20.0,0.0,0.0,49.7233213204,-14.0192779092,1.056864313,15.0615085691,18.1879829887,14.5909957831
67,85.0,30.0,0.0,0.0,42.7723039008,-14.9656047508,6.61431874206,10.447643078,13.0060128597,8.76407574038
68,85.0,40.0,0.0,0.0,44.4217119026,1.76365889908,-3.29033214279,13.9062030296,14.1320481898,12.8005493405
69,85.0,55.0,0.0,0.0,38.4951281097,-5.92544610359,0.952651478425,9.26021063728,10.3680973418,8.29717848591
70,85.0,70.0,0.0,0.0,48.4242509251,10.217321854,-3.40346534586,18.4103340884,17.1306627467,15.4740912666
71,85.0,85.0,0.0,0.0,42.8405727688,-2.76805597212,-6.26475214211,12.1778052422,13.0513881891,12.8894881693
72,85.0,100.0,0.0,0.0,44.9137351073,7.59320723527,-15.5224314705,15.2099135793,14.4801054125,18.0666924977
73,100.0,0.0,0.0,0.0,49.1423401994,19.3779569579,-0.999718993674,20.862944917,17.7098996829,15.0062047677
74,100.0,10.0,0.0,0.0,46.2404465802,-2.91073829702,-8.00673529235,14.4158810368,15.4469995036,15.816436202
75,100.0,20.0,0.0,0.0,44.6827640785,-1.93452950708,10.637411016,13.5008264366,14.3160133892,8.56321525874
76,100.0,30.0,0.0,0.0,42.7274544267,-12.1217738694,-3.14592391023,10.8000549983,12.9762606916,11.736063793
77,100.0,40.0,0.0,0.0,53.1985279828,-22.4064131228,-5.23337603257,16.195004105,21.2283676535,19.9231489449
78,100.0,55.0,0.0,0.0,44.0204365921,-0.233572478688,6.22973648656,13.3216149496,13.8523508537,9.48720805332
79,100.0,70.0,0.0,0.0,38.4761927265,-3.07338676697,-3.14595908345,9.60043214645,10.3572933106,9.4336524829
80,100.0,85.0,0.0,0.0,39.0328512867,11.2896266926,1.25531911869,11.8380561466,10.6780530882,8.4654273446
81,100.0,100.0,0.0,0.0,43.8846157029,7.35670100506,-12.8889114185,14.4343041455,13.7585235974,16.1564091441
82,0.0,0.0,10.0,0.0,42.1622525201,-3.38174960035,-5.80723776954,11.6698521607,12.6051983865,12.3141751051
83,0.0,10.0,10.0,0.0,50.9749188428,-19.5103419788,-0.824176330748,15.0453637568,19.2469811238,16.2232445261
84,0.0,20.0,10.0,0.0,44.9585264315,2.80309982863,-4.36425726315,14.4465939223,14.5120716085,13.5284122682
85,0.0,30.0,10.0,0.0,57.731487825,-8.60444296509,9.21752968134,22.8052180238,25.679409042,16.9053319943
86,0.0,40.0,10.0,0.0,51.4528884507,23.0465639477,6.66542045998,23.835532832,19.6619997972,13.5906088599
87,0.0,55.0,10.0,0.0,49.6505743153,-14.1758943388,-5.83265009095,14.9827483482,18.1276547543,17.3906147584
88,0.0,70.0,10.0,0.0,52.9985067741,13.3066947949,-2.74764701469,23.141040829,21.0448148189,18.5953399737
89,0.0,85.0,10.0,0.0,51.4920454381,-12.5745170121,4.04863036022,16.6350688796,19.6962615635,14.6135289379
90,0.0,100.0,10.0,0.0,45.8590496788,-4.11916606211,-12.5391521631,13.9559991441,15.1647677588,17.46496999
91,10.0,0.0,10.0,0.0,58.1347668086,6.75010610831,19.3653377412,26.8001677016,26.1030833294,13.1566840026
92,10.0,10.0,10.0,0.0,31.5768815277,-0.951928163336,-4.06942147904,6.56088202129,6.89944170399,6.58273232404
93,10.0,20.0,10.0,0.0,46.8541846801,-16.8134104383,6.39872821057,12.6579812064,15.908477722,10.9356192564
94,10.0,30.0,10.0,0.0,34.4213620323,7.76626931361,1.72951660899,8.79883366199,8.21239351934,6.37965109774
95,10.0,40.0,10.0,0.0,54.0988439354,3.55325766871,19.1633559321,22.0394734168,22.0677776445,10.8477547563
96,10.0,55.0,10.0,0.0,45.1013656481,-7.09064884532,-6.9907131693,12.9846623045,14.6143257524,14.6217000882
97,10.0,70.0,10.0,0.0,56.3091498456,-20.7933724645,3.46675235401,18.9871462914,24.2217656941,18.3641987393
98,10.0,85.0,10.0,0.0,51.9973197907,6.47451996884,1.43180201929,20.7386067063,20.1419454981,16.017711348
99,10.0,100.0,10.0,0.0,66.2166711211,-3.06621382074,18.6146064255,33.449833072,35.6045661488,19.257425083
100,20.0,0.0,10.0,0.0,36.9093686298,9.12990834789,-6.44697564299,10.2938011296,9.48907260523,9.60954709151
101,20.0,10.0,10.0,0.0,38.0547390735,4.68181048077,1.99763877216,10.3575789936,10.1187614671,7.82359232956
102,20.0,20.0,10.0,0.0,40.3353871642,2.58017313321,-6.7259243976,11.4012128337,11.4543350468,11.5534734842
103,20.0,30.0,10.0,0.0,54.7382003788,-16.0135116478,-1.50665961351,18.5998361489,22.6771280855,19.4130420981
104,20.0,40.0,10.0,0.0,60.4618363726,-28.1735250528,1.31548509762,21.1224580869,28.6391553273,22.9299429312
105,20.0,55.0,10.0,0.0,59.1111854577,-17.1821019289,4.58372911444,22.2280799844,27.1481275799,20.1046896209
106,20.0,70.0,10.0,0.0,54.0576890711,-6.69150247326,-0.0429621909257,19.8613158607,22.0289326401,18.1955752758
107,20.0,85.0,10.0,0.0,50.1345788356,2.32954592177,-4.40615617846,18.3115867751,18.5315526935,17.1324086652
108,20.0,100.0,10.0,0.0,37.0700170514,5.735656625,-3.97998259592,9.94602305834,9.57577016757,8.97752074483
109,30.0,0.0,10.0,0.0,36.5389550948,5.83024314315,-0.718693097421,9.66938373736,9.29116827803,7.85010688926
110,30.0,10.0,10.0,0.0,47.1292849436,16.0645820286,-8.9516433407,18.4613153818,16.1182780303,16.8578515604
111,30.0,20.0,10.0,0.0,38.0819744456,6.04833438379,-1.75629051547,10.552793457,10.1340641279,8.84310065801
112,30.0,30.0,10.0,0.0,40.3996710172,1.27321040868,0.0962532340451,11.2582739906,11.4935911537,9.45528152233
113,30.0,40.0,10.0,0.0,42.9212194799,-4.54936754699,2.02277493536,11.9701991536,13.1051263548,10.1799609342
114,30.0,55.0,10.0,0.0,56.3934962973,-20.5324292902,-0.707663908822,19.1097008382,24.3066264915,20.3985696456
115,30.0,70.0,10.0,0.0,56.7642782609,12.4466001598,11.877993891,26.7482633529,24.6820205919,15.111158241
116,30.0,85.0,10.0,0.0,52.7543239661,1.02972943917,4.78545279015,20.2887606115,20.8221744575,15.18264775
117,30.0,100.0,10.0,0.0,49.44229304,-7.18193722004,-1.19892083102,16.0254336678,17.9556675983,15.2926115762
118,40.0,0.0,10.0,0.0,48.7739040895,-12.75760934,-4.86166645277,14.5914925994,17.411101768,16.3249979534
119,40.0,10.0,10.0,0.0,46.6249123084,-3.66329504164,-16.3002202758,14.5638132584,15.7350245399,19.7952971098
120,40.0,20.0,10.0,0.0,43.386815305,14.4782277614,11.5400813512,15.2612283258,13.4182580982,7.73406583915
121,40.0,30.0,10.0,0.0,40.6701137293,9.91145218339,-4.43169889348,12.668352779,11.6597243946,10.9898348996
122,40.0,40.0,10.0,0.0,39.5023012486,1.14696973362,2.99078382665,10.7152119173,10.9536536159,8.21671316166
123,40.0,55.0,10.0,0.0,37.5592441069,0.0389471316755,-9.29992780721,9.49640775686,9.84304225752,10.8307178582
124,40.0,70.0,10.0,0.0,37.1088203866,-5.97961806105,-1.06478406256,8.5477304982,9.59679014779,8.19781564607
125,40.0,85.0,10.0,0.0,59.2415059521,7.71793455301,14.7765743946,28.2391033103,27.2896817072,15.6656263254
126,40.0,100.0,10.0,0.0,56.1325095867,-4.10173440061,6.30906889797,22.2805962252,24.0446886991,16.9706258892
127,55.0,0.0,10.0,0.0,52.2145712166,-11.2606869251,-0.102383715323,17.4417202142,20.3356235214,16.822874428
128,55.0,10.0,10.0,0.0,51.4041089909,-9.58345794903,-23.0178786816,17.1078032468,19.6193741218,27.8377989933
129,55.0,20.0,10.0,0.0,54.7518524492,7.74815752227,-3.53077046578,23.5905559543,22.6902602899,20.3950041816
130,55.0,30.0,10.0,0.0,41.7099336068,-0.683779901097,13.6734882863,11.776102874,12.3133934391,6.52051157069
131,55.0,40.0,10.0,0.0,37.0248508791,-4.42462332922,-1.75686152968,8.68569643332,9.55134208597,8.34398305056
132,55.0,55.0,10.0,0.0,42.6791735972,-8.8960852618,3.31967366199,11.2108172281,12.944282988,9.66315678141
133,55.0,70.0,10.0,0.0,48.6419791512,-8.1331160766,16.2095007064,15.2680386719,17.3049347773,8.91060325924
134,55.0,85.0,10.0,0.0,40.7023392919,-6.02526815163,-9.10521752748,10.4500200275,11.6796266778,12.5881091843
135,55.0,100.0,10.0,0.0,42.3710767654,3.72234214918,7.68974199012,12.8399684035,12.7414585763,8.28262203195
136,70.0,0.0,10.0,0.0,45.0954936335,-2.99063335667,-10.4206790218,13.6139145188,14.6101127227,15.9981257708
137,70.0,10.0,10.0,0.0,46.9259009311,12.3871412364,1.58009965577,17.5998247324,15.9629943133,12.6040040967
138,70.0,20.0,10.0,0.0,51.2225729134,28.2110559298,-5.286369021,24.7988828569,19.4612810674,18.3565458091
139,70.0,30.0,10.0,0.0,44.6921006355,0.303136602158,-10.4362694978,13.8593102637,14.3226223255,15.7178785009
140,70.0,40.0,10.0,0.0,52.4713523493,11.752244308,1.25558997248,22.2965316259,20.5661381547,16.4335139261
141,70.0,55.0,10.0,0.0,40.9699172849,-10.7121389739,2.0284908075,9.9921735535,11.8457564437,9.18085974482
142,70.0,70.0,10.0,0.0,48.3896117183,-6.8033646345,4.29780527102,15.3090474561,17.1030454954,12.5354928964
143,70.0,85.0,10.0,0.0,60.9731792099,-14.7100756458,4.90422644748,24.590606267,29.2175843078,21.5325112918
144,70.0,100.0,10.0,0.0,40.7927360077,-8.54193212326,-1.719299343,10.1727790796,11.7355759028,10.2021461055
145,85.0,0.0,10.0,0.0,42.1220026013,5.47957459775,3.08403247203,12.9433837817,12.5790470342,9.44995592035
146,85.0,10.0,10.0,0.0,37.4447115654,0.167094377823,-5.46048976117,9.45137865854,9.78003130788,9.59082203638
147,85.0,20.0,10.0,0.0,50.6853677389,27.2024198603,-3.08204969684,24.0292001139,18.9984287152,16.9704079893
148,85.0,30.0,10.0,0.0,40.0260260516,-11.1398593767,-0.40056767961,9.42918351597,11.2666677925,9.41230813991
149,85.0,40.0,10.0,0.0,37.0300416396,1.25134717967,-7.81158932864,9.36516274105,9.55414738852,10.0812568197
150,85.0,55.0,10.0,0.0,42.0741510473,-4.71505424482,5.12886380537,11.4290332571,12.5480038065,8.84251669369
151,85.0,70.0,10.0,0.0,39.762245088,12.1269869462,-2.41601495441,12.416204256,11.1082791519,9.87398008774
152,85.0,85.0,10.0,0.0,46.7976110624,8.2643037532,13.4218383287,16.7436331338,15.865559801,8.80095340644
153,85.0,100.0,10.0,0.0,46.8400170735,-6.08804569798,-5.65922710345,14.3194617118,15.8977226264,15.2820020116
154,100.0,0.0,10.0,0.0,59.4529329357,-18.8804984636,8.04757698269,22.1790996304,27.5203789723,18.7484331125
155,100.0,10.0,10.0,0.0,52.4034478164,10.2355674824,4.56738407799,21.9044797268,20.505011153,15.0282637075
156,100.0,20.0,10.0,0.0,72.5784352943,7.9850682539,31.566483328,45.6864944831,44.5256271632,18.3418266375
157,100.0,30.0,10.0,0.0,49.6418110156,11.5613695365,6.15301409652,19.704119535,18.1203964689,12.642837829
158,100.0,40.0,10.0,0.0,48.6729290978,-12.9798620868,-10.839979275,14.4837374579,17.3298029801,18.8876537265
159,100.0,55.0,10.0,0.0,34.2944170332,-0.674897423822,2.18041132208,7.78633587471,8.15052094937,6.23038429122
160,100.0,70.0,10.0,0.0,55.68724984,-2.33733883046,-2.27835649835,22.2468829158,23.6021622488,20.5711621615
161,100.0,85.0,10.0,0.0,46.9148326145,17.9991986179,9.17780762561,18.6561569269,15.9545723887,10.0975225486
162,100.0,100.0,10.0,0.0,53.3876395201,-25.3609687704,-0.448500876291,15.8211241131,21.402887716,17.8589815827
163,0.0,0.0,20.0,0.0,48.1932925152,-2.57501693906,-4.15641032472,15.8899807592,16.9470841844,15.6183871465
164,0.0,10.0,20.0,0.0,61.5259588992,-13.9346598847,9.93028020452,25.3327306331,29.8515902793,19.5388257759
165,0.0,20.0,20.0,0.0,56.9342914953,16.8543403091,7.53715763316,28.0333237717,24.8554332516,17.0372516686
166,0.0,30.0,20.0,0.0,41.1404416329,20.5414121359,-0.202945368337,14.6566770467,11.9524465528,9.92309105698
167,0.0,40.0,20.0,0.0,36.7328163034,-3.09183371785,-2.57635703921,8.694304711,9.39439747866,8.42915930693
168,0.0,55.0,20.0,0.0,45.1899398901,14.4181372544,0.388096258596,16.604321731,14.6779739308,11.9777003443
169,0.0,70.0,20.0,0.0,49.637533302,-17.067269164,-4.51518578274,14.4952448139,18.1168541163,16.8098583338
170,0.0,85.0,20.0,0.0,72.2016998995,-14.1387659883,19.4401892631,37.8346148106,43.9599204907,24.0636277777
171,0.0,100.0,20.0,0.0,73.2328631966,8.26238562153,26.5083248629,46.7845554027,45.519818035,21.2974832374
172,10.0,0.0,20.0,0.0,50.0301139546,-17.6976842485,-1.92901671131,14.6696091612,18.4438751039,16.0048864337
173,10.0,10.0,20.0,0.0,59.7014062021,31.7597773324,13.6565030011,35.4130863773,27.7931565031,16.4608376356
174,10.0,20.0,20.0,0.0,36.929695026,-2.03061729722,-8.28773880811,8.91838336098,9.50001316806,10.1739192646
175,10.0,30.0,20.0,0.0,40.8314801649,19.7967648679,7.02847034078,14.3171814054,11.759610416,7.76113286248
176,10.0,40.0,20.0,0.0,44.5965357193,21.2578192706,-1.21084410721,17.3829685905,14.2550722101,12.1756315688
177,10.0,55.0,20.0,0.0,36.7051352401,-2.22209975099,-6.0309366412,8.78189739936,9.37961102611,9.38459111739
178,10.0,70.0,20.0,0.0,45.4858249177,13.1264819724,8.26783816382,16.6014049848,14.8919320028,9.63086769133
179,10.0,85.0,20.0,0.0,40.2758723947,-10.2519899283,-4.18635375477,9.67252715182,11.4180710452,10.6939262225
180,10.0,100.0,20.0,0.0,66.7382696463,-4.71718438509,15.3816887388,33.6207350959,36.2865212059,21.2619100597
181,20.0,0.0,20.0,0.0,54.716012982,-0.0101310429514,8.31326633143,21.8447081872,22.6557963875,15.1244278461
182,20.0,10.0,20.0,0.0,39.5913792242,12.1724868182,2.26911260758,12.3145410555,11.0064782427,8.45165175184
183,20.0,20.0,20.0,0.0,46.1528276464,-9.77243931566,-2.06215370966,13.2679534754,15.3818547973,13.4385310524
184,20.0,30.0,20.0,0.0,36.3080876327,0.76862847159,-3.76591286223,8.93257854707,9.16922353099,8.55344106548
185,20.0,40.0,20.0,0.0,42.693201868,-13.4058373668,-7.3714882203,10.6087280786,12.9535688715,13.1980114395
186,20.0,55.0,20.0,0.0,45.6017857424,18.3065395129,2.34343603224,17.6393217864,14.9763485145,11.5570238339
187,20.0,70.0,20.0,0.0,53.9730724291,-4.23396661574,6.79316448848,20.2866177877,21.9492084648,15.2201473885
188,20.0,85.0,20.0,0.0,49.3822812903,17.5129984993,0.652809736622,20.6902038528,17.9063158803,14.5193877892
189,20.0,100.0,20.0,0.0,47.6532255615,-15.0713306545,-3.14490362708,13.4489309322,16.5229382663,14.839071466
190,30.0,0.0,20.0,0.0,43.9211559078,-0.944282789706,-8.62895855559,13.1463347975,13.783724365,14.467384318
191,30.0,10.0,20.0,0.0,59.0345811401,5.37333800378,23.3956233372,27.421343258,27.0651488535,12.274992491
192,30.0,20.0,20.0,0.0,47.7829023411,11.9748143056,-1.1636852468,18.2178417861,16.6241276141,14.156708248
193,30.0,30.0,20.0,0.0,51.5942477842,-11.6776142111,9.13327585909,16.8760190834,19.7858745216,12.7801322882
194,30.0,40.0,20.0,0.0,43.670870588,-3.81818521172,-9.59293526212,12.5498045883,13.6117246382,14.6748107522
195,30.0,55.0,20.0,0.0,62.1724588936,8.25290808626,1.88753308232,31.7339769288,30.6046453127,24.2058929575
196,30.0,70.0,20.0,0.0,36.1410501447,12.3314184781,5.73335272509,10.2794589741,9.08166240561,6.14913112989
197,30.0,85.0,20.0,0.0,51.7719054249,-6.88357849488,-10.567245151,17.9026133641,19.9422942799,21.334592821
198,30.0,100.0,20.0,0.0,34.8945701087,1.11259146255,-2.12607166862,8.26878533133,8.44579203559,7.48756358752
199,40.0,0.0,20.0,0.0,74.3422951765,-10.7646092593,5.43940690296,41.8780061801,47.2388581758,35.0345713196
200,40.0,10.0,20.0,0.0,45.8399369248,-3.33392673397,-17.7063155679,14.0683969168,15.1507156063,19.8204860636
201,40.0,20.0,20.0,0.0,61.8380169647,-24.4711513696,-11.0778794959,23.2133939624,30.2135197476,31.6263218309
202,40.0,30.0,20.0,0.0,50.3005614186,9.69968219374,-10.4045319831,19.9010275445,18.6714329801,20.0070897822
203,40.0,40.0,20.0,0.0,55.7263073911,-18.5276527928,-24.0549106095,18.9389107899,23.6407609537,33.2464567947
204,40.0,55.0,20.0,0.0,43.227036543,-7.34421719984,-12.8664362636,11.7588505367,13.3102447499,15.6786543303
205,40.0,70.0,20.0,0.0,43.6787173611,-8.52262187679,-1.08187500985,11.8685281255,13.6170952063,11.5936727657
206,40.0,85.0,20.0,0.0,45.4555715932,0.457780643581,-7.57617842867,14.4135078087,14.8699606553,15.0937632614
207,40.0,100.0,20.0,0.0,47.6401877211,4.16340577625,8.80527195667,16.6593013647,16.5127873599,10.6008401601
208,55.0,0.0,20.0,0.0,52.8526060002,18.4695422364,4.0406449244,24.1689227837,20.9115959918,15.5516660497
209,55.0,10.0,20.0,0.0,67.0640989887,-2.43215481909,1.10129821526,34.68930158,36.7169085657,29.6017494875
210,55.0,20.0,20.0,0.0,44.396882019,0.489341130688,-18.0678245631,13.687575274,14.1146329468,18.8207397516
211,55.0,30.0,20.0,0.0,57.2572846963,-17.9272840867,-13.6218163819,20.3814745976,25.1871184414,28.257130542
212,55.0,40.0,20.0,0.0,48.154552406,13.6971120555,-11.6078136648,18.8584615498,16.9164204312,18.8293957339
213,55.0,55.0,20.0,0.0,54.0225599585,-21.9004331689,-12.4655552067,16.9202352878,21.99581127,24.3710394497
214,55.0,70.0,20.0,0.0,43.465030008,-2.58552586853,-13.6876071432,12.6011986541,13.4713450289,16.1878436311
215,55.0,85.0,20.0,0.0,62.5342427691,-12.2952751655,20.9401410464,26.7799374682,31.0315318056,15.4675901876
216,55.0,100.0,20.0,0.0,46.7795260489,0.689540910606,-13.0537450125,15.4030281042,15.851856434,18.4051888129
217,70.0,0.0,20.0,0.0,54.6745173306,-25.8098465321,5.37268391781,16.721679279,22.6159370073,16.2994274742
218,70.0,10.0,20.0,0.0,53.8493695304,22.0698001142,-0.487366074766,26.0310204045,21.8330044719,18.2341067043
219,70.0,20.0,20.0,0.0,72.9253286577,9.40048488442,16.486949486,46.7176123499,45.0507960312,26.4233328418
220,70.0,30.0,20.0,0.0,44.4091910874,1.25255797332,-14.392701751,13.8164891501,14.1232645211,17.1824467254
221,70.0,40.0,20.0,0.0,59.4421932951,-15.9598170903,-3.59688957567,22.8092798647,27.5086292536,24.6330010354
222,70.0,55.0,20.0,0.0,49.7312617215,18.6516718554,-5.40319846343,21.2430963083,18.1945759603,17.263661336
223,70.0,70.0,20.0,0.0,53.304515602,-23.9117673769,-4.91741786093,16.0110413144,21.3260601372,19.8592823209
224,70.0,85.0,20.0,0.0,32.2619074219,-0.222886262014,-2.99590987306,6.92234104695,7.20177384128,6.60743564631
225,70.0,100.0,20.0,0.0,54.9052928332,-3.87706630592,1.67539938514,21.1952513407,22.8382065915,18.0797314126
226,85.0,0.0,20.0,0.0,35.2295059101,10.5522907539,3.61243894158,9.5546861902,8.61363637735,6.27031171626
227,85.0,10.0,20.0,0.0,48.2098707518,-13.9790176206,-9.29873450025,13.9995843868,16.9602175816,17.824669186
228,85.0,20.0,20.0,0.0,44.6346512982,-2.44304068177,-16.2047544913,13.3894537245,14.2819887075,18.1572820954
229,85.0,30.0,20.0,0.0,60.5015513389,-15.6483655492,15.6483579787,23.9057720303,28.683804816,16.2034555001
230,85.0,40.0,20.0,0.0,48.8119353464,13.0638499339,-8.12838831973,19.2906363748,17.4417879657,17.7657800389
231,85.0,55.0,20.0,0.0,54.2851556214,-24.5663221951,4.30219017416,16.6435802387,22.2442037589,16.4675783959
232,85.0,70.0,20.0,0.0,39.3018392198,-1.68000748143,-8.73048735358,10.2291577411,10.8353952512,11.6279169405
233,85.0,85.0,20.0,0.0,50.8229993531,-18.8741783643,-5.61443913645,15.0422347064,19.1163039638,18.193057167
234,85.0,100.0,20.0,0.0,42.5067236789,6.84003211515,-4.73921302512,13.406677386,12.8304937206,12.149813527
235,100.0,0.0,20.0,0.0,57.9435733874,-11.3166274962,3.5700255587,22.4096892463,25.9016443292,19.625991629
236,100.0,10.0,20.0,0.0,47.2451451596,28.1826678216,5.68783282505,20.993988016,16.2071858932,11.3872816627
237,100.0,20.0,20.0,0.0,61.0347220486,31.8093445164,4.87551672113,37.1609882002,29.2877218994,21.6007237217
238,100.0,30.0,20.0,0.0,51.5904939567,-12.7240613753,-15.6793378213,16.6843886175,19.7825782957,23.8373504133
239,100.0,40.0,20.0,0.0,50.8498119624,2.62965781066,-12.494149726,18.9658882658,19.1393243468,21.5043686732
240,100.0,55.0,20.0,0.0,57.9284856075,2.13347224761,-5.56263353217,25.4662892591,25.8857922995,24.2786263829
241,100.0,70.0,20.0,0.0,46.1507400091,-6.06975485524,-18.5492159115,13.8457172689,15.3803048765,20.4872451391
242,100.0,85.0,20.0,0.0,49.3128281588,26.7591841967,-1.72411886206,22.6014466181,17.8493128633,15.4144302153
243,100.0,100.0,20.0,0.0,51.8645899144,-3.31871147311,15.1823343531,18.6594958137,20.0242251458,10.8890424571
244,0.0,0.0,30.0,0.0,43.4548736788,8.25419534799,-11.9630660413,14.279117703,13.464443693,15.4707294126
245,0.0,10.0,30.0,0.0,45.3998288354,-15.4488257436,3.07051476101,11.9391564974,14.8295343286,11.2017939543
246,0.0,20.0,30.0,0.0,39.5830449816,-1.39035130643,-16.6550441653,10.4251015162,11.0015287212,14.6803436628
247,0.0,30.0,30.0,0.0,57.6834019145,12.9974166919,1.89160592987,27.8741737862,25.6291993152,20.216151801
248,0.0,40.0,30.0,0.0,51.8704664121,-18.0406102866,-12.9640247919,15.9569038569,20.0294273802,22.6500608349
249,0.0,55.0,30.0,0.0,50.4676562717,-7.2154832401,-10.7855079745,16.8048203251,18.8129598327,20.3308200227
250,0.0,70.0,30.0,0.0,58.8065154996,-7.91714727218,-3.25657122941,24.0029489059,26.8191067803,23.8474391422
251,0.0,85.0,30.0,0.0,45.9586292436,-8.71249270213,-12.1566509662,13.3023524496,15.2381216117,17.3724645927
252,0.0,100.0,30.0,0.0,39.9288574478,-6.91305433033,-11.5352267687,9.90458192514,11.2081484481,12.979544089
253,10.0,0.0,30.0,0.0,36.7782529566,-0.839188662104,-1.37146996261,8.98227272188,9.41870214735,8.12811988937
254,10.0,10.0,30.0,0.0,41.9368367387,-1.73273470016,-7.57998206235,11.7660051123,12.4592061422,12.8024727749
255,10.0,20.0,30.0,0.0,39.7265940366,9.17841812991,4.30090292647,11.9641313801,11.0869868586,7.97361228076
256,10.0,30.0,30.0,0.0,48.8531366833,10.2625019076,1.25461658659,18.7760321718,17.4750726644,13.938835844
257,10.0,40.0,30.0,0.0,55.2980291821,18.4272987187,0.227355842669,26.6648436162,23.2198071332,19.0526632371
258,10.0,55.0,30.0,0.0,52.4867366738,-10.5350056816,-10.2955899807,17.7954527674,20.5800038325,21.8208805234
259,10.0,70.0,30.0,0.0,48.4107821564,-1.95422218989,-12.3166517247,16.1625062712,17.1199207964,19.3662175597
260,10.0,85.0,30.0,0.0,60.9089970812,8.51239227188,2.26235938333,30.3250071875,29.1445582129,22.8373533941
261,10.0,100.0,30.0,0.0,50.7142052683,13.3160998408,-2.62037167339,21.012058612,19.0230865099,16.793372964
262,20.0,0.0,30.0,0.0,37.006290736,-6.21602318247,2.83684871697,8.46994190098,9.54131590602,7.16198466285
263,20.0,10.0,30.0,0.0,34.9014871424,-0.0561427031579,0.599714541842,8.14130882113,8.44923608286,6.8295590409
264,20.0,20.0,30.0,0.0,55.6528736087,7.68376086945,-1.82679784669,24.4655244137,23.5682246497,20.3217345292
265,20.0,30.0,30.0,0.0,58.7014357888,13.6431190655,-1.27883274146,29.1669184248,26.7062481392,22.6983680418
266,20.0,40.0,30.0,0.0,52.3274245543,-16.4466881256,-16.1836182426,16.5864554943,20.4367195966,24.8102729598
267,20.0,55.0,30.0,0.0,51.5829521063,-6.69613573825,-14.0269841004,17.784811393,19.7759569239,22.9478930959
268,20.0,70.0,30.0,0.0,59.0725637708,-6.71709273974,-6.52797552111,24.5442591291,27.1062709336,25.9230060968
269,20.0,85.0,30.0,0.0,47.6831733216,-4.7751311964,-23.231858554,15.137214529,16.5462705247,24.2813058313
270,20.0,100.0,30.0,0.0,40.4241628406,-1.69656630202,-13.6385418015,10.8670365676,11.5085710956,14.0756084748
271,30.0,0.0,30.0,0.0,45.9800186601,-14.6552114623,1.75520875745,12.4189411027,15.2539086167,11.976022688
272,30.0,10.0,30.0,0.0,43.0001290709,6.53721819335,-8.87999203744,13.6918879492,13.1578495871,13.95518749
273,30.0,20.0,30.0,0.0,51.4660054597,-3.32579265736,13.0620194599,18.3275656036,19.6734725506,11.3553029323
274,30.0,30.0,30.0,0.0,48.4891572392,26.181142828,2.02608137095,21.7055467107,17.1824914639,13.4163665724
275,30.0,40.0,30.0,0.0,54.7806229684,19.40880383,-4.30002455624,26.3593719876,22.7179518361,20.7967788031
276,30.0,55.0,30.0,0.0,50.4289937237,-11.5874899756,-17.8236409806,15.9987722793,18.7801498616,23.9140840142
277,30.0,70.0,30.0,0.0,48.5619286292,-0.49629234087,-15.9595483649,16.5363669029,17.2407247555,21.263272357
278,30.0,85.0,30.0,0.0,55.861911475,-1.78893043624,-9.63144887206,22.5312896195,23.7750986234,24.5565989396
279,30.0,100.0,30.0,0.0,46.0816676894,-8.27242938122,-15.9472884727,13.4528127684,15.3290823275,19.1854378341
280,40.0,0.0,30.0,0.0,49.0064546857,-15.4923178787,-10.666073971,14.3087271515,17.5993033018,19.0740472367
281,40.0,10.0,30.0,0.0,51.4298926879,9.86972004098,8.37137620561,20.93640824,19.6418973864,12.9517093983
282,40.0,20.0,30.0,0.0,35.376363889,-1.35229022204,-0.222376896624,8.22518842629,8.68792623937,7.22257200412
283,40.0,30.0,30.0,0.0,46.3666602633,-9.48303718045,-3.48608595165,13.4555845123,15.5411623352,14.111129874
284,40.0,40.0,30.0,0.0,63.6890734903,2.67040188095,5.69346489317,31.9979773066,32.4206983056,23.5608569156
285,40.0,55.0,30.0,0.0,60.0382690731,32.3501134421,8.63010025927,36.0225271507,28.1658393939,18.9457605875
286,40.0,70.0,30.0,0.0,50.8432192412,-13.7148050379,-12.2207093583,15.9391254727,19.1336623509,21.36086566
287,40.0,85.0,30.0,0.0,49.9802362127,2.23890862888,-8.1890140051,18.1674755946,18.4021103366,18.7043886196
288,40.0,100.0,30.0,0.0,58.5997874214,1.68872763595,0.193903355903,26.0539531879,26.597376565,21.8465141104
289,55.0,0.0,30.0,0.0,46.3044397118,-8.90811632573,-10.4226841593,13.5033841395,15.4946944647,16.8788520968
290,55.0,10.0,30.0,0.0,34.6595307204,-7.78780341186,-0.113606359761,7.20283680339,8.32931946792,6.89941166647
291,55.0,20.0,30.0,0.0,35.8581558091,6.21835921944,6.01679624901,9.3548710305,8.93464367611,5.98164428428
292,55.0,30.0,30.0,0.0,38.1494094392,0.322803216714,8.73774657069,9.84958901601,10.1720200106,6.25012867921
293,55.0,40.0,30.0,0.0,32.7671169153,-3.32821567741,-1.8780758848,6.83004318017,7.43031585618,6.55085240103
294,55.0,55.0,30.0,0.0,49.4852037367,-14.6405348403,-14.9612399373,14.7867199082,17.9910115095,21.5621489558
295,55.0,70.0,30.0,0.0,50.2859088589,3.00841731029,4.82347745108,18.5672162639,18.6590564411,13.5274510609
296,55.0,85.0,30.0,0.0,56.4089276264,-2.41038705264,-4.99054123856,22.9145563132,24.3221733374,22.5724924682
297,55.0,100.0,30.0,0.0,47.2066656041,-8.89465624269,-3.69265283498,14.1214316389,16.1776216027,14.7516297263
298,70.0,0.0,30.0,0.0,40.6656060602,-6.66463898123,-3.83906822128,10.3454629136,11.6569422933,10.7971672514
299,70.0,10.0,30.0,0.0,46.7648050903,-8.85692175188,-15.3662346465,13.8234655407,15.8407079041,19.4660808193
300,70.0,20.0,30.0,0.0,42.7112510816,3.83596073054,1.3154912922,13.0798008501,12.9655229119,10.2862335295
301,70.0,30.0,30.0,0.0,51.2996488445,0.728024650652,-7.89671462652,18.9731916065,19.5282994875,19.6315501995
302,70.0,40.0,30.0,0.0,48.7716115042,25.3423662598,13.3142630289,21.7867243214,17.4092531057,9.81492287554
303,70.0,55.0,30.0,0.0,74.1676659891,10.3099677349,10.7812897441,48.9892010404,46.9654530768,31.2353483733
304,70.0,70.0,30.0,0.0,45.1782699014,1.0528286141,-17.6542524639,14.3159203459,14.6695774955,19.2554327629
305,70.0,85.0,30.0,0.0,59.2480151345,-15.2516347731,-10.1886382037,22.7807912001,27.2967648542,28.2565948038
306,70.0,100.0,30.0,0.0,49.5358141942,19.0214085182,-8.95383439495,21.143491359,18.0327569952,18.7037331719
307,85.0,0.0,30.0,0.0,53.7302261211,-21.3092607755,-17.5708279207,16.7992292645,21.7214720081,26.9850211915
308,85.0,10.0,30.0,0.0,52.9637015628,19.3603367796,6.06518589842,24.4853128178,21.0129837037,14.8177495705
309,85.0,20.0,30.0,0.0,48.2552579481,5.99521662136,3.05883046135,17.4768837926,16.9962083553,12.8938258166
310,85.0,30.0,30.0,0.0,45.4770080113,0.701886312807,-6.1007464605,14.4684124011,14.8855265292,14.5272891001
311,85.0,40.0,30.0,0.0,42.4530696321,-6.9156002815,-6.08876559605,11.350022639,12.7952271691,12.5888331396
312,85.0,55.0,30.0,0.0,41.8658554163,-9.01432331642,-12.2947491673,10.7187481281,12.4134690292,14.5148037245
313,85.0,70.0,30.0,0.0,72.6383256431,-13.0148350631,9.95963212364,38.7743868236,44.6160032939,30.0744139152
314,85.0,85.0,30.0,0.0,44.398592769,-3.5488354634,-15.8452678945,13.0627361672,14.1158323775,17.8136939246
315,85.0,100.0,30.0,0.0,60.6089861691,-26.3886600708,-7.94445782467,21.6351519983,28.8048207707,28.3186280981
316,100.0,0.0,30.0,0.0,48.7244486617,11.1652527531,-7.65936266178,18.8437652562,17.3712516356,17.4916017507
317,100.0,10.0,30.0,0.0,53.9886258457,-24.2416488264,-8.90123639656,16.4731530425,21.9638481422,22.435992156
318,100.0,20.0,30.0,0.0,43.1965961612,-3.55874380866,-12.6155068086,12.2864644804,13.2897324593,15.5548637478
319,100.0,30.0,30.0,0.0,64.3415347461,-9.3003049852,2.17063124855,29.5248461078,33.2235781243,26.1443195203
320,100.0,40.0,30.0,0.0,44.4055313476,0.218606009748,-4.70246335647,13.6508540341,14.1206978087,13.301588223
321,100.0,55.0,30.0,0.0,55.1106496432,-21.6366895007,-10.5342041835,17.8345432983,23.0372147626,24.3406778618
322,100.0,70.0,30.0,0.0,50.7490359281,24.9030731206,8.38166332855,23.5682474457,19.0528972214,12.529895937
323,100.0,85.0,30.0,0.0,67.0100070613,-3.34081869861,7.0197659322,34.3562176952,36.6452243373,26.0017367824
324,100.0,100.0,30.0,0.0,45.3717901045,3.32193451456,-14.0422815375,14.8252481917,14.8092275226,17.7580485639
325,0.0,0.0,40.0,0.0,56.5516760158,-19.2446201264,-9.11352967691,19.4996760951,24.4663047459,24.9288398155
326,0.0,10.0,40.0,0.0,51.530606126,25.8216230733,-1.95475273231,24.5512955557,19.7300404513,17.1131210701
327,0.0,20.0,40.0,0.0,60.4980200819,8.11962498031,7.90031375106,29.7496254431,28.6798329276,19.661139301
328,0.0,30.0,40.0,0.0,34.318048771,3.21692537562,-1.48633547918,8.22603069636,8.16201535577,7.08661806041
329,0.0,40.0,40.0,0.0,51.4243435706,-8.64534196796,-5.7832547053,17.2957927102,19.637048518,18.7431043155
330,0.0,55.0,40.0,0.0,46.8856124636,21.4931999699,-3.86030852148,19.315629279,15.9323528973,14.6005789361
331,0.0,70.0,40.0,0.0,34.1489115078,0.356501414934,-6.99893884634,7.83010888802,8.07998520122,8.42039200378
332,0.0,85.0,40.0,0.0,39.1939156621,-12.2755607775,2.95080803214,8.86107464404,10.7720819624,8.08665379335
333,0.0,100.0,40.0,0.0,34.8025126772,5.67206150375,-3.63545921683,8.7460156383,8.40004496827,7.83023681167
334,10.0,0.0,40.0,0.0,42.3881328692,-6.44748300541,9.96176557505,11.376197188,12.7526310521,7.69746274509
335,10.0,10.0,40.0,0.0,36.5865272846,15.9230396285,2.16159023782,11.0132141972,9.31642962312,7.15023028759
336,10.0,20.0,40.0,0.0,55.3720667023,-33.634201375,7.48141171733,15.8697833049,23.2922182265,15.92201595
337,10.0,30.0,40.0,0.0,43.9310137566,4.40685632178,-21.3715890858,13.9904007071,13.7905283171,19.9999093977
338,10.0,40.0,40.0,0.0,61.16415597,-27.9168310681,18.2370537332,21.8204256707,29.435597981,15.606187823
339,10.0,55.0,40.0,0.0,47.9383883034,22.3957448976,-13.1291996898,20.4133883606,16.7459999942,19.3653114102
340,10.0,70.0,40.0,0.0,78.228697826,-3.51202077051,47.6457059899,50.3582801822,53.6013343165,15.6114783939
341,10.0,85.0,40.0,0.0,56.2539071434,-30.9760566399,-4.94127416677,17.0187576251,24.1662933041,22.4077944272
342,10.0,100.0,40.0,0.0,43.1171216046,0.732825584184,-12.421300464,12.874124086,13.2362777863,15.4204692067
343,20.0,0.0,40.0,0.0,62.5026492302,-25.8506510423,4.63400646489,23.5475366115,30.9940958468,23.0355814692
344,20.0,10.0,40.0,0.0,47.098995141,21.2517340442,-2.36661043255,19.4502919585,16.0950882264,14.1657957875
345,20.0,20.0,40.0,0.0,79.4992488638,-2.64221751526,31.7357525098,52.7771776591,55.7989336581,24.2198606471
346,20.0,30.0,40.0,0.0,57.7384589295,-24.9336372647,-25.4368697435,19.3855689151,25.6866934781,36.6306620509
347,20.0,40.0,40.0,0.0,42.2915514561,-1.74746269192,-6.56500710884,11.9828473339,12.6894522421,12.6588491372
348,20.0,55.0,40.0,0.0,64.5353004103,-20.9430172345,-17.674143623,26.7743981409,33.4645416757,39.5545133413
349,20.0,70.0,40.0,0.0,46.787599664,19.5792598437,4.3320108185,18.8565337189,15.857972994,11.5757042095
350,20.0,85.0,40.0,0.0,81.5736355428,0.0272743138739,5.23938044765,57.4008338851,59.5145964257,44.6591137825
351,20.0,100.0,40.0,0.0,34.124938922,-1.63096556903,-4.87408538184,7.60545641519,8.06840336099,7.84837767012
352,30.0,0.0,40.0,0.0,38.9337690855,-10.0648983901,-4.04467987596,8.99003943844,10.62048195,9.93429080359
353,30.0,10.0,40.0,0.0,35.6369848309,4.83202676997,-1.26658688926,9.07196976087,8.82081386536,7.59316257603
354,30.0,20.0,40.0,0.0,42.4788969241,-4.53628868803,2.29685636292,11.6996479939,12.8121952484,9.8652699397
355,30.0,30.0,40.0,0.0,37.6454813038,17.2495431985,5.59992342487,11.8351800166,9.890664504,6.7664782069
356,30.0,40.0,40.0,0.0,31.8154485957,0.357816173556,-6.73867695789,6.78892414695,7.00375162314,7.31489942765
357,30.0,55.0,40.0,0.0,50.5568126266,-13.2459829503,11.7128747894,15.8060684663,18.8887656845,11.2833936335
358,30.0,70.0,40.0,0.0,33.4486455142,11.426960393,1.36256381341,8.73658944694,7.74620938965,6.08986132907
359,30.0,85.0,40.0,0.0,60.3733270022,-9.46818664399,28.47538354,25.2138353345,28.5398155535,11.3368667011
360,30.0,100.0,40.0,0.0,45.0918570582,6.1071418007,-20.6495570713,15.0889126196,14.6075039732,20.6218395633
361,40.0,0.0,40.0,0.0,54.581247143,-23.6341314845,7.40212518092,17.0428320568,22.5265153801,15.3971406001
362,40.0,10.0,40.0,0.0,50.6752857515,29.1390385169,-9.01444784501,24.4655609513,18.9898130488,19.6511573508
363,40.0,20.0,40.0,0.0,66.595811906,-4.78196716105,25.8136070088,33.4265515334,36.099410676,16.3469248272
364,40.0,30.0,40.0,0.0,69.842989411,18.7925185756,-0.147962433749,45.3416253448,40.5266337719,33.5390995218
365,40.0,40.0,40.0,0.0,49.24904793,15.507113991,6.67133532679,20.1597715242,17.7970725026,12.2238711247
366,40.0,55.0,40.0,0.0,57.9716619418,-7.88523334818,-18.2014187238,23.1956199291,25.9311729054,31.9259842116
367,40.0,70.0,40.0,0.0,43.6091034663,-4.50917131389,-5.18324116948,12.4081107235,13.5694986549,12.9771155982
368,40.0,85.0,40.0,0.0,51.9354263486,-14.3890698801,-24.550679426,16.6523898339,20.0869939233,29.3326522087
369,40.0,100.0,40.0,0.0,38.583818039,14.8464926301,6.48693506409,12.0712889772,10.4188014989,6.93864719159
370,55.0,0.0,40.0,0.0,39.7960313007,0.48488031156,1.07446168177,10.7961850957,11.1284828287,8.87791830335
371,55.0,10.0,40.0,0.0,35.7107959098,3.38224817889,-0.257631496634,8.93720917762,8.85869397556,7.3728969023
372,55.0,20.0,40.0,0.0,36.2017571266,-5.79955665846,-4.19429547802,8.12586321786,9.11342025028,8.62054518543
373,55.0,30.0,40.0,0.0,33.6349623693,-2.53498113879,-4.22028027668,7.28902645451,7.83410022184,7.4682033775
374,55.0,40.0,40.0,0.0,68.3734230919,15.9189961812,22.2595509017,42.1959129902,38.4807067333,19.2919732357
375,55.0,55.0,40.0,0.0,48.9640806173,16.9394570683,-1.02142635266,20.2013833191,17.5649097293,14.8930098194
376,55.0,70.0,40.0,0.0,54.8452342807,-12.9259066092,-0.0686649867546,19.2937717856,22.7802221409,18.827782618
377,55.0,85.0,40.0,0.0,43.4741558409,-3.24174112463,-11.5820527103,12.509511861,13.4775481425,15.3301555375
378,55.0,100.0,40.0,0.0,49.7963611105,-20.2308159623,-7.02366220205,14.093531795,18.2486885333,18.0305452548
379,70.0,0.0,40.0,0.0,37.4390324473,15.284152922,2.85585078637,11.4318601248,9.77691391518,7.33985669315
380,70.0,10.0,40.0,0.0,39.7877451782,-0.235716109097,7.50622552949,10.6948548526,11.1235255794,7.19265694981
381,70.0,20.0,40.0,0.0,34.869427158,4.74602879395,-3.84611067802,8.67175668097,8.43328104024,7.91448771951
382,70.0,30.0,40.0,0.0,36.9302861362,-7.0453861921,0.69986685705,8.33835863166,9.50033145543,7.65980005334
383,70.0,40.0,40.0,0.0,34.1516264137,-0.953185045067,-7.13535536364,7.69012980397,8.08129754798,8.45858557397
384,70.0,55.0,40.0,0.0,67.2007883927,15.8760702387,33.999092262,40.518767153,36.8984698844,13.5229917465
385,70.0,70.0,40.0,0.0,50.406112529,19.4086140227,-13.359782018,22.0261553757,18.7607503082,21.5552270348
386,70.0,85.0,40.0,0.0,54.866849065,-14.2477221086,11.4823392441,19.0516125102,22.801079147,13.9921370526
387,70.0,100.0,40.0,0.0,44.831368541,1.46444463688,-22.2010507009,14.1408508628,14.4214455108,21.16793697
388,85.0,0.0,40.0,0.0,49.7789400085,-22.1789897133,0.946633988646,13.7712171584,18.2341970892,14.6715171722
389,85.0,10.0,40.0,0.0,54.655001509,41.5838604632,5.41286920883,31.9906271836,22.5972069158,16.2684519104
390,85.0,20.0,40.0,0.0,54.497407109,-5.88973376971,10.1279532354,20.4105430354,22.4463362371,14.2659370818
391,85.0,30.0,40.0,0.0,45.6299516014,9.85172723534,-11.7289908644,16.1307994,14.9969005787,16.940543139
392,85.0,40.0,40.0,0.0,47.7476109415,-17.662338006,-0.909951430122,13.1119254565,16.5965482401,14.0368305376
393,85.0,55.0,40.0,0.0,49.4924482578,15.2917820406,-5.49251018589,20.3301823437,17.9969831187,17.1233974159
394,85.0,70.0,40.0,0.0,52.6800640681,-6.30398261963,18.0575436468,18.7622144971,20.7547787072,10.4244637591
395,85.0,85.0,40.0,0.0,32.3356254896,0.982272356795,-3.20001191806,7.07565304498,7.23482551009,6.68388553703
396,85.0,100.0,40.0,0.0,45.7415313509,-19.6800662963,0.88848812114,11.5470753118,15.0785028724,12.1324115767
397,100.0,0.0,40.0,0.0,46.1393122414,-13.8299535809,-2.84694075164,12.6433582668,15.3718224239,13.7215709101
398,100.0,10.0,40.0,0.0,48.165140298,-4.70900742809,-22.654941291,15.5009922296,16.924797333,24.4206883193
399,100.0,20.0,40.0,0.0,50.4255468369,-5.19694594102,5.00840401144,17.1386159177,18.7772266038,13.5481596063
400,100.0,30.0,40.0,0.0,54.9265666759,9.36037305364,-13.9188864605,24.129916727,22.8587693246,26.0620403684
401,100.0,40.0,40.0,0.0,60.9373710318,26.1507708943,25.8600384164,35.3296072036,29.1768269231,12.5608236477
402,100.0,55.0,40.0,0.0,47.2182385246,-12.5192315611,-8.46272284373,13.5545725169,16.1865094285,16.7141974078
403,100.0,70.0,40.0,0.0,47.9229785947,-11.1103182713,-7.65188212887,14.2620493839,16.7338951164,16.8873537777
404,100.0,85.0,40.0,0.0,50.3543073652,-2.99880166497,-2.45224189307,17.4868190704,18.7168772807,16.4579040305
405,100.0,100.0,40.0,0.0,54.0490870141,6.07586979352,4.23943133263,22.5424638086,22.0208191467,16.322495637
406,0.0,0.0,55.0,0.0,60.9867969412,27.6645748984,16.6061400718,35.8436454851,29.2330941625,16.1528486066
407,0.0,10.0,55.0,0.0,34.8020818254,-4.00040326334,-6.58613738948,7.66405386171,8.39983124989,8.61467357388
408,0.0,20.0,55.0,0.0,35.5624857849,-3.97657325613,-1.27558021805,8.02260306164,8.78269034285,7.56306721467
409,0.0,30.0,55.0,0.0,36.1117890132,1.61520569143,-2.72901273031,8.9326333285,9.0663813201,8.18327741553
410,0.0,40.0,55.0,0.0,37.8821730124,4.20180394898,4.82073265479,10.1984039684,10.0221601538,7.04765304226
411,0.0,55.0,55.0,0.0,38.7479835397,10.9844559495,3.97931779886,11.6203107717,10.5130908239,7.62294128478
412,0.0,70.0,55.0,0.0,46.8343218808,-7.557027154,-25.0180352989,14.078507647,15.8934005848,24.4584035923
413,0.0,85.0,55.0,0.0,46.686480203,-12.7284859741,-1.45841209611,13.1670812776,15.7814785002,13.5556388655
414,0.0,100.0,55.0,0.0,51.2261043449,1.63083124362,-19.193273803,19.0880798122,19.4643483314,25.4324645362
415,10.0,0.0,55.0,0.0,53.1815502227,5.32832846922,12.3276156557,21.571590861,21.2127464376,12.6174789054
416,10.0,10.0,55.0,0.0,62.4835311811,30.4534165585,-2.17223228238,38.6791443178,30.9714570305,26.8052406844
417,10.0,20.0,55.0,0.0,34.9195565234,-5.54135697792,-2.77689310342,7.55393208145,8.45823739173,7.6623339661
418,10.0,30.0,55.0,0.0,35.0846022065,-1.39677568198,-5.0812713433,8.08007171817,8.54075138419,8.33838401916
419,10.0,40.0,55.0,0.0,37.1440490713,0.0804633572468,1.37116864255,9.28234586925,9.61590034083,7.58323507156
420,10.0,55.0,55.0,0.0,36.9103617377,5.44815806771,-0.383070462908,9.82238617106,9.48960694444,7.92897118231
421,10.0,70.0,55.0,0.0,40.1632748018,11.2041923756,8.65302331434,12.5354610944,11.349671749,7.0718395026
422,10.0,85.0,55.0,0.0,32.7645307164,-4.85593241727,-3.39430429333,6.67875580762,7.42913379398,6.90259686202
423,10.0,100.0,55.0,0.0,36.2902144194,-7.0534919149,5.29063673526,8.02920333228,9.15982761316,6.30381437871
424,20.0,0.0,55.0,0.0,35.3965067076,1.25836533442,3.70505320264,8.53132948561,8.69814891351,6.31378247403
425,20.0,10.0,55.0,0.0,48.6297467605,12.0013265322,13.9085722614,18.9272533579,17.295112646,9.5659292082
426,20.0,20.0,55.0,0.0,45.5498212112,-6.73834277068,-16.2963812864,13.3351338488,14.9384803286,18.9208957921
427,20.0,30.0,55.0,0.0,46.2351179711,-4.98567940785,-1.7986078489,14.0766744883,15.4430324382,13.3936722722
428,20.0,40.0,55.0,0.0,50.9566876684,7.19841725371,-6.95443064223,19.9671457428,19.2312677986,18.9117315864
429,20.0,55.0,55.0,0.0,54.002864611,18.5197593657,13.0064427526,25.3392074629,21.9772561084,12.8802053834
430,20.0,70.0,55.0,0.0,57.4819877473,39.3614761271,-1.82638741815,34.833317674,25.4196004383,21.8940344822
431,20.0,85.0,55.0,0.0,59.0399752326,-4.9141245335,18.9426786577,24.9326117783,27.0709862584,13.891782514
432,20.0,100.0,55.0,0.0,48.465385027,9.09174640065,-18.0318896864,18.2290200569,17.1634968624,22.2328858904
433,30.0,0.0,55.0,0.0,50.4454720018,-21.0035825709,3.17931789459,14.4211400466,18.7941290574,14.2515531016
434,30.0,10.0,55.0,0.0,44.3563587272,-0.943695812098,-23.1095647056,13.4360204606,14.0862413631,21.2127078264
435,30.0,20.0,55.0,0.0,41.6624175789,6.31887981549,11.7826720336,12.7709905301,12.2830034226,6.94154425596
436,30.0,30.0,55.0,0.0,35.7202665975,8.23151742662,-1.34780987435,9.52925884306,8.86356220214,7.65001864601
437,30.0,40.0,55.0,0.0,37.7100510043,-4.19011969487,3.74517718568,9.06161939686,9.92642182549,7.23625543725
438,30.0,55.0,55.0,0.0,33.7604620056,0.69486742673,-5.55382284907,7.68605698062,7.89367504726,7.86162274437
439,30.0,70.0,55.0,0.0,36.0151388769,-7.98964544954,-0.592468760601,7.79738296522,9.016029404,7.58758147962
440,30.0,85.0,55.0,0.0,55.9753230469,38.2457534424,11.7258556128,32.6474705647,23.887841057,14.6340556973
441,30.0,100.0,55.0,0.0,59.8632208087,-3.77492209922,8.38157329625,26.0496453357,27.971764497,18.9210444428
442,40.0,0.0,55.0,0.0,46.4642043697,6.37346733816,-6.16889719717,16.1514752124,15.6141975609,15.2264598843
443,40.0,10.0,55.0,0.0,51.1914943866,-19.6826361693,-5.26847691936,15.1733691277,19.4343013639,18.3240851326
444,40.0,20.0,55.0,0.0,42.3867241127,-3.92456766809,-11.3083900873,11.7300792763,12.7517080091,14.4805163663
445,40.0,30.0,55.0,0.0,41.0941505874,6.82142728734,4.98343190052,12.4805515088,11.9234210614,8.41827841704
446,40.0,40.0,55.0,0.0,35.5026612802,8.40059460122,2.73821152845,9.43448856153,8.75215589224,6.57378022349
447,40.0,55.0,55.0,0.0,36.8179866983,-1.97244465984,-2.28647411175,8.86838644641,9.43999057994,8.39053131121
448,40.0,70.0,55.0,0.0,32.9579653007,-0.29453760328,-2.35218962886,7.21915841672,7.51789252605,6.73619753218
449,40.0,85.0,55.0,0.0,35.3797724642,-6.01707852834,-5.78225750761,7.71479391554,8.68965556076,8.66750839036
450,40.0,100.0,55.0,0.0,55.310272806,37.1115517862,18.7185926029,31.5358955739,23.2317714222,11.6788251426
451,55.0,0.0,55.0,0.0,61.3604744527,0.641321041561,-12.0793576578,28.7671633441,29.6608372688,31.7427953156
452,55.0,10.0,55.0,0.0,45.4976774238,5.15767180218,1.117250419,15.2236761691,14.9005457316,11.9099454022
453,55.0,20.0,55.0,0.0,53.4023698347,-13.4155769229,-23.1800584482,17.9961433489,21.4165214787,30.0581547075
454,55.0,30.0,55.0,0.0,42.5807554605,-6.87438724688,-6.78419250025,11.4324268792,12.8792607685,12.9151657601
455,55.0,40.0,55.0,0.0,64.7606156584,23.6117700516,11.7544893861,39.6223776819,33.7462015002,21.3710790259
456,55.0,55.0,55.0,0.0,46.5485026928,12.7112701455,1.04149886916,17.3584430114,15.6774991506,12.564404088
457,55.0,70.0,55.0,0.0,53.6496915772,-5.0612996182,-7.48418333484,19.8354162479,21.6462976107,21.4122962661
458,55.0,85.0,55.0,0.0,41.2083625265,-3.17335931812,-7.2961237895,11.1260001514,11.995119633,12.2600174234
459,55.0,100.0,55.0,0.0,60.0516026707,8.81036527978,4.45411670475,29.4249730164,28.1806589511,20.9620381203
460,70.0,0.0,55.0,0.0,35.9110257333,6.8962301633,7.68263124753,9.46595124132,8.96199842947,5.64915784888
461,70.0,10.0,55.0,0.0,50.2513320688,-8.28678106852,-8.92941709845,16.4457081549,18.6298722386,19.2656727332
462,70.0,20.0,55.0,0.0,33.6512156231,-4.58458789559,-0.892827619693,7.086182925,7.84179870565,6.67487013329
463,70.0,30.0,55.0,0.0,37.5085826716,-9.50348757685,-3.57264134982,8.3422688491,9.81513720829,9.07627031501
464,70.0,40.0,55.0,0.0,33.4581572204,0.769163507061,-2.41250776274,7.5551381745,7.75068032149,6.95340945468
465,70.0,55.0,55.0,0.0,39.676961338,-6.61212520258,-0.407341260506,9.8053241431,11.0573894754,9.24013967158
466,70.0,70.0,55.0,0.0,35.9490976333,8.79149834327,1.81532943636,9.72177289834,8.98173126673,6.96933410795
467,70.0,85.0,55.0,0.0,44.6632222664,0.411580295128,6.73468625478,13.8567653221,14.302187185,9.66486363061
468,70.0,100.0,55.0,0.0,41.9009555863,-1.6480697953,-5.4347113179,11.7560452522,12.4360719554,12.0297873431
469,85.0,0.0,55.0,0.0,60.4893205967,-23.8100027447,-22.5705219811,22.0788381678,28.6700494818,37.9989384951
470,85.0,10.0,55.0,0.0,44.2414623736,9.32271322549,-0.717418952245,15.01344871,14.0059493039,11.7974994741
471,85.0,20.0,55.0,0.0,70.822417944,-14.5897118835,-9.77137962363,35.8857260356,41.9296909846,41.8231575851
472,85.0,30.0,55.0,0.0,52.6214528981,40.907849273,15.9221870638,29.44358977,20.7016880154,11.0713373729
473,85.0,40.0,55.0,0.0,37.6283078855,-11.994212618,1.90115311621,8.12077872627,9.88116870988,7.66035819374
474,85.0,55.0,55.0,0.0,33.009315158,2.74225978794,-5.40268164502,7.55921031796,7.54157290682,7.49410630545
475,85.0,70.0,55.0,0.0,39.7961319964,-8.62112967892,7.13758896218,9.61804779775,11.1285430799,7.28627730032
476,85.0,85.0,55.0,0.0,35.2891137926,10.5588942344,-0.732550059659,9.58737232141,8.64373845972,7.31070491333
477,85.0,100.0,55.0,0.0,43.9039191737,-0.673282603223,15.3317850298,13.176504386,13.771832836,7.01679699924
478,100.0,0.0,55.0,0.0,41.4887015131,-0.540119644908,-12.9025262674,11.6611334062,12.1723247514,14.4983003578
479,100.0,10.0,55.0,0.0,58.0315556631,-29.8648138147,-0.875185860959,18.666396505,25.9942121399,21.8921585773
480,100.0,20.0,55.0,0.0,45.0591309681,11.365112603,-6.62268234036,15.9650175519,14.5840414133,14.4502342845
481,100.0,30.0,55.0,0.0,68.0313648094,-19.4151606,15.4959823322,31.0728315325,38.0145876613,22.339717249
482,100.0,40.0,55.0,0.0,53.9182409446,41.701182882,10.5462645315,31.1501031829,21.8976501377,13.7285863991
483,100.0,55.0,55.0,0.0,43.719414088,2.05609097803,-22.4078091202,13.4756089174,13.6449719381,20.3246918755
484,100.0,70.0,55.0,0.0,57.548069791,-31.7779226409,11.4520860116,17.9031624395,25.4882413502,15.8316985691
485,100.0,85.0,55.0,0.0,45.6875355925,14.0420053466,-17.0405005745,16.9230660366,15.0389769639,19.3796875023
486,100.0,100.0,55.0,0.0,67.3635482484,-19.7844857232,31.0990278596,30.1979502183,37.1154394247,14.7365383018
487,0.0,0.0,70.0,0.0,54.8607050496,43.5445344311,-1.31827801172,32.7866182681,22.795149236,19.4238143516
488,0.0,10.0,70.0,0.0,47.5821565466,-11.3152513726,-15.0213975312,13.9928892429,16.4676563062,19.9734012521
489,0.0,20.0,70.0,0.0,32.6375371617,3.37978063722,0.444427716871,7.4574075096,7.37124352385,5.9858580749
490,0.0,30.0,70.0,0.0,55.1576780215,-0.821428265782,-5.90890911134,22.0804311813,23.0829513512,21.9324335339
491,0.0,40.0,70.0,0.0,43.8202798562,22.1640341532,8.20879706618,16.9364017766,13.7142276309,8.82316094956
492,0.0,55.0,70.0,0.0,53.65975684,-21.8923671819,-12.0466316724,16.6396832173,21.6556834597,23.8022043769
493,0.0,70.0,70.0,0.0,43.4740722924,2.76103796193,-3.34630535029,13.4207520954,13.4774913433,12.2449470844
494,0.0,85.0,70.0,0.0,61.3176195797,-12.0390812857,-1.02555016065,25.5702153953,29.6115715137,25.0008880922
495,0.0,100.0,70.0,0.0,49.7549744709,27.8476647299,9.18009957209,23.2664387365,18.214274308,11.6655163108
496,10.0,0.0,70.0,0.0,43.9043655505,5.07812572895,-20.650453141,14.0794751264,13.7721407026,19.6330947507
497,10.0,10.0,70.0,0.0,52.0341410453,24.2415922336,5.68362061075,24.6887662549,20.1746844379,14.3418657737
498,10.0,20.0,70.0,0.0,45.8739603819,-7.12082451318,-5.22684144793,13.4927427867,15.1757364946,14.4537358031
499,10.0,30.0,70.0,0.0,46.2111660928,8.81349627621,15.7600826977,16.3898594151,15.4252090304,7.90114651064
500,10.0,40.0,70.0,0.0,41.9144204226,-11.5902846538,-9.43372100448,10.4053002669,12.4447499789,13.4621566896
501,10.0,55.0,70.0,0.0,42.7015373289,-16.2962010387,3.43793470632,10.2340435181,12.9590885551,9.63956320016
502,10.0,70.0,70.0,0.0,47.2649288238,9.82891538706,6.34231280828,17.3964114224,16.2223999226,11.1834605318
503,10.0,85.0,70.0,0.0,37.2791537709,-4.94894982154,-1.32905126373,8.75234351565,9.68942459632,8.34684255014
504,10.0,100.0,70.0,0.0,54.9216084057,40.3963697492,11.5082226871,31.9800025196,22.8539756892,14.0181383406
505,20.0,0.0,70.0,0.0,42.8257644963,2.79637564229,-17.8056814359,12.9965825229,13.0415368297,17.481119581
506,20.0,10.0,70.0,0.0,35.8552653954,0.32792212916,-7.2538935368,8.65216757588,8.93314979089,9.31435899809
507,20.0,20.0,70.0,0.0,50.3842360147,27.9380529976,3.05060151019,23.9005895669,18.7422150582,14.2604362747
508,20.0,30.0,70.0,0.0,44.254684737,-7.43618205498,-2.52825349915,12.3868387096,14.0151738012,12.4289779772
509,20.0,40.0,70.0,0.0,59.698777383,8.38891846305,12.2069388188,28.9185719708,27.7902611549,17.0790418891
510,20.0,55.0,70.0,0.0,42.2927746248,-14.8555632283,-2.01044805868,10.1924332342,12.6902510714,11.1117949332
511,20.0,70.0,70.0,0.0,39.6947177473,21.6383103692,1.80980732463,13.8267490792,11.0679720656,8.62555475077
512,20.0,85.0,70.0,0.0,49.5850842053,-8.28888798015,15.1384894647,15.9396345287,18.0734588133,9.68922937311
513,20.0,100.0,70.0,0.0,36.9139970392,8.84441831124,-5.38108817936,10.2592669759,9.49156308031,9.30066123612
514,30.0,0.0,70.0,0.0,43.8565498933,-15.2955023043,5.38817672411,11.0292607429,13.7391882562,9.65174223821
515,30.0,10.0,70.0,0.0,35.3245475681,1.51259592919,-8.94741437043,8.52490510577,8.66166576893,9.54122831151
516,30.0,20.0,70.0,0.0,58.2584877385,7.64815858551,15.6013866556,27.1544019118,26.23398913,14.6578852859
517,30.0,30.0,70.0,0.0,54.9287187755,39.1637560666,13.3086276359,31.6479629494,22.8608501743,13.3501619247
518,30.0,40.0,70.0,0.0,51.1681446933,-10.0581465479,3.03159198339,16.836734299,19.4140475816,14.7932613781
519,30.0,55.0,70.0,0.0,46.016913698,9.83998193089,-3.05196222507,16.4234693932,15.28116556,13.7193214228
520,30.0,70.0,70.0,0.0,45.5253601707,-16.0942319657,-4.64206262239,11.9241688027,14.9206769184,13.9991100939
521,30.0,85.0,70.0,0.0,49.2449857159,28.2848752483,7.79144122785,22.8737828285,17.7937487291,11.8374454516
522,30.0,100.0,70.0,0.0,33.780188352,-0.129936475704,2.0966916082,7.60705638882,7.90306654599,6.05454163156
523,40.0,0.0,70.0,0.0,43.3654296518,5.3853983905,-3.87905425099,13.758566457,13.403767261,12.3651772105
524,40.0,10.0,70.0,0.0,55.6541583687,-19.0743040218,-14.4445356359,18.7717452765,23.5694924309,27.097290899
525,40.0,20.0,70.0,0.0,49.5887656319,26.7581929702,9.39886678159,22.8638357555,18.0765024862,11.4966015893
526,40.0,30.0,70.0,0.0,66.0510422027,-21.3918357126,1.27622572383,28.3008116332,35.3898186908,28.4171320442
527,40.0,40.0,70.0,0.0,44.0412685744,4.22208488425,-2.58814264794,14.0368538451,13.866779544,12.3213457338
528,40.0,55.0,70.0,0.0,58.7439996094,-27.9525228514,-9.70081182595,19.6479068085,26.7519246815,27.4425569239
529,40.0,70.0,70.0,0.0,59.1952632145,-29.5154754125,1.6264040324,19.7245656793,27.2393966623,21.6400675904
530,40.0,85.0,70.0,0.0,59.0135880644,-7.00872444477,8.37492952658,24.4176389692,27.0424384541,18.2529008532
531,40.0,100.0,70.0,0.0,48.5832828017,-8.93361269791,-4.17605013088,15.0903397801,17.2578377756,15.9024594352
532,55.0,0.0,70.0,0.0,38.1950378009,11.0447310732,-4.62634303938,11.295464202,10.1977556827,9.72691786467
533,55.0,10.0,70.0,0.0,35.6780419079,1.5499915904,-0.597827511696,8.70540594542,8.84187114821,7.44330552399
534,55.0,20.0,70.0,0.0,35.329105478,4.06520717427,-6.41525173307,8.82367339135,8.6639735885,8.81872629367
535,55.0,30.0,70.0,0.0,38.6737720358,9.98095723868,3.31626051685,11.4345073168,10.4703969117,7.75909116664
536,55.0,40.0,70.0,0.0,37.8505262333,-1.09181690527,-5.44811400725,9.51180982897,10.0045114869,9.79485578163
537,55.0,55.0,70.0,0.0,57.5722117374,2.72432142297,8.65167972458,25.2419363487,25.5133489199,17.0309140072
538,55.0,70.0,70.0,0.0,55.4909832665,-20.563665435,-0.42329497484,18.3488361218,23.4088372992,19.5144129381
539,55.0,85.0,70.0,0.0,43.9036605048,-13.3529210409,0.178287736011,11.3243660514,13.7716544338,11.304311584
540,55.0,100.0,70.0,0.0,55.4824317041,-1.98751544332,4.46625477325,22.1310806235,23.4004379944,17.2838900592
541,70.0,0.0,70.0,0.0,46.0241485888,-6.34678137242,-8.13479563554,13.7156114221,15.2865142845,15.7158955946
542,70.0,10.0,70.0,0.0,47.3536265847,14.7847124959,-3.18184583532,18.4012484395,16.290727297,14.6507476475
543,70.0,20.0,70.0,0.0,36.0694086395,2.79968486791,-5.20425010631,9.05182501445,9.04427935989,8.83696369882
544,70.0,30.0,70.0,0.0,35.6959142452,-1.65491526577,-3.18123280927,8.34626975114,8.85104794102,8.11325618359
545,70.0,40.0,70.0,0.0,40.6698451113,-5.56084550912,-5.59388682058,10.492735597,11.6595585931,11.36911081
546,70.0,55.0,70.0,0.0,37.714328478,6.13553699668,1.02024341024,10.3558062517,9.92879363803,7.9245151253
547,70.0,70.0,70.0,0.0,44.4406778004,3.32375211789,0.479999061429,14.1690735419,14.1453601822,11.5108624906
548,70.0,85.0,70.0,0.0,41.7269859064,19.120337076,7.82447733605,14.8398714324,12.3243118569,7.9541788254
549,70.0,100.0,70.0,0.0,55.5618838812,-22.6085536477,5.21070345759,18.0179327623,23.4785529788,17.0200636912
550,85.0,0.0,70.0,0.0,50.0833062707,2.5172384339,1.37360687903,18.3052203554,18.488484885,14.7098242162
551,85.0,10.0,70.0,0.0,63.7864507808,-10.4409191547,19.5408734146,28.6059024763,32.5396945112,16.9553840668
552,85.0,20.0,70.0,0.0,59.2667989948,31.9894613875,18.490217299,34.927644109,27.3172119034,14.2125447932
553,85.0,30.0,70.0,0.0,60.1810656534,-7.41406767835,14.2505057164,25.5048562027,28.3248202638,16.5594906214
554,85.0,40.0,70.0,0.0,43.7288866957,-3.53469276965,-3.40198704132,12.6292517304,13.6514660056,12.4174835561
555,85.0,55.0,70.0,0.0,55.5852753102,-11.3188504132,-11.5178702308,20.2588515913,23.5015838052,25.3424422516
556,85.0,70.0,70.0,0.0,48.6514343493,11.0185496739,4.2803571852,18.7540075025,17.3125294792,12.7014430517
557,85.0,85.0,70.0,0.0,36.5620517005,0.809828657031,2.56802845869,9.06780063112,9.30342711352,7.04204541777
558,85.0,100.0,70.0,0.0,43.8326254915,-1.38181632435,-4.21753234642,13.0211953526,13.7227203594,12.7689630271
559,100.0,0.0,70.0,0.0,52.3005311422,-7.63500526862,-13.2111709296,18.1917026898,20.4125976502,23.1708274018
560,100.0,10.0,70.0,0.0,48.9444454384,18.4146484738,6.63429370427,20.4865045832,17.5489877346,12.0554995758
561,100.0,20.0,70.0,0.0,61.234702994,10.6782076665,0.343577792237,31.2901856904,29.516405951,24.1660983852
562,100.0,30.0,70.0,0.0,49.939655641,18.4667762909,-13.9071987044,21.3939990792,18.3681770408,21.4255933979
563,100.0,40.0,70.0,0.0,48.6264779661,3.15566944297,-5.71889962102,17.2482222887,17.2924885614,16.579736796
564,100.0,55.0,70.0,0.0,52.4493816641,-5.19368241532,-0.671957363168,18.784755113,20.5463470818,17.2441151287
565,100.0,70.0,70.0,0.0,41.9228957453,-4.05881151515,5.85753920171,11.4296307986,12.4502143541,8.56908719508
566,100.0,85.0,70.0,0.0,45.7834349384,-7.81752828309,-4.40854655134,13.3239614109,15.1092247678,14.0794648656
567,100.0,100.0,70.0,0.0,45.9786269293,-10.4175930845,9.82297314985,13.0538463928,15.2528810827,9.42383038551
568,0.0,0.0,85.0,0.0,42.8782401923,-1.98897924047,-1.2997899452,12.3154270109,13.0764691964,11.209229323
569,0.0,10.0,85.0,0.0,40.4495577164,1.3101043963,3.03443979674,11.2931278666,11.5241171104,8.64666969499
570,0.0,20.0,85.0,0.0,47.1704046803,10.5786071311,-4.08364436894,17.4597123463,16.1497948366,14.8810251909
571,0.0,30.0,85.0,0.0,47.1363378939,14.3686118452,1.85659883956,18.1430568969,16.1236809482,12.6345587895
572,0.0,40.0,85.0,0.0,38.1564229717,7.81683056872,-3.06694211307,10.8317964129,10.1759730196,9.25106597909
573,0.0,55.0,85.0,0.0,45.9705321016,6.50471624436,-7.14551765882,15.8029925563,15.2469054751,15.2768465221
574,0.0,70.0,85.0,0.0,48.3380080494,0.186904572521,-4.16720554408,16.4860606045,17.0619578384,15.7248385133
575,0.0,85.0,85.0,0.0,53.1470037043,-9.85303415796,-0.707264325222,18.4653183541,21.1809838947,17.7894136862
576,0.0,100.0,85.0,0.0,45.8582700773,-10.2563955345,4.37537293625,12.9993772029,15.1641944073,11.0344484955
577,10.0,0.0,85.0,0.0,43.1828560246,14.1398178155,3.40351938556,15.0560447123,13.2804805579,9.89746314312
578,10.0,10.0,85.0,0.0,42.2608065174,5.91797190249,6.22288725716,13.1012634796,12.6693842896,8.62863427487
579,10.0,20.0,85.0,0.0,40.4908526319,3.37379232921,-3.20806098772,11.606441089,11.5494265553,10.5024770486
580,10.0,30.0,85.0,0.0,38.8623487741,-3.18820191573,0.312196770582,9.79431968084,10.5791121839,8.64272970289
581,10.0,40.0,85.0,0.0,38.5529527955,-2.63575188995,-6.8280036128,9.69626113839,10.4011370857,10.5900126104
582,10.0,55.0,85.0,0.0,53.1947169563,4.79940404568,8.98899699209,21.4710753199,21.2248604654,13.8449095524
583,10.0,70.0,85.0,0.0,66.1360847104,19.2399552317,25.0122912776,40.1223379587,35.4999730273,16.3505771477
584,10.0,85.0,85.0,0.0,58.9618995835,-0.156679849689,13.1645563507,25.9852002665,26.9865757895,16.1321526209
585,10.0,100.0,85.0,0.0,55.55741683,-7.96752247216,6.00686229503,20.9267557586,23.4741565036,16.6750855899
586,20.0,0.0,85.0,0.0,52.9995239508,-14.8318836724,-0.0443147386538,17.4069952923,21.0457455612,17.3843542479
587,20.0,10.0,85.0,0.0,58.0301094157,12.2819935106,18.203714063,28.0716824927,25.9926887357,13.5170111792
588,20.0,20.0,85.0,0.0,54.5836540112,13.7163651839,-5.20774292062,24.797181352,22.5288199668,21.0786045843
589,20.0,30.0,85.0,0.0,51.4072039064,-7.61569588562,4.22456664581,17.4722632085,19.6220767654,14.4881195732
590,20.0,40.0,85.0,0.0,49.9481108653,-2.70458204005,-15.2345792733,17.2181981621,18.3752438189,22.108741449
591,20.0,55.0,85.0,0.0,59.8906333861,29.7491915894,22.1706175111,35.0597156685,28.0020975854,13.2376712463
592,20.0,70.0,85.0,0.0,54.8274483404,2.27133420269,-3.69580866117,22.4439084715,22.7630692879,20.5393287249
593,20.0,85.0,85.0,0.0,50.8837788712,1.32173467328,5.06986967619,18.7395149215,19.1685136912,13.8203566642
594,20.0,100.0,85.0,0.0,34.0425228124,-1.04568155149,0.506504122085,7.62996085629,8.02867022519,6.50850993449
595,30.0,0.0,85.0,0.0,67.9796241212,-20.4663873929,12.713833678,30.7275976354,37.944410647,23.7638393276
596,30.0,10.0,85.0,0.0,54.3141095312,-17.2797008242,-1.69419045985,18.008576794,22.2717055273,19.1577304887
597,30.0,20.0,85.0,0.0,56.0638097057,0.837181942177,4.30647162625,23.3074472332,23.976052747,17.7961964449
598,30.0,30.0,85.0,0.0,36.6993964319,3.52889349095,-7.83322653036,9.46974545068,9.37654745777,9.91504386966
599,30.0,40.0,85.0,0.0,39.0681740264,9.74008778981,4.24091270818,11.6394851264,10.6986273574,7.69664452441
600,30.0,55.0,85.0,0.0,38.1691261747,12.2336156257,-2.12794021622,11.4453279176,10.1831354816,8.98964792612
601,30.0,70.0,85.0,0.0,36.8135843225,1.70311225864,-0.794509860306,9.30645652189,9.43763030882,7.99264906229
602,30.0,85.0,85.0,0.0,40.55003959,7.47005599196,-0.438148429247,12.2310577223,11.5857665207,9.68892509339
603,30.0,100.0,85.0,0.0,52.3472055896,-11.8454403824,-2.055655643,17.4393048077,20.4544742473,17.7758128099
604,40.0,0.0,85.0,0.0,64.5173026322,-8.98445238088,11.9466987114,29.8078897853,33.4421110344,21.0649236685
605,40.0,10.0,85.0,0.0,48.2444571897,-6.80449590719,6.80019822952,15.202965527,16.9876390448,11.5902918678
606,40.0,20.0,85.0,0.0,52.3256461593,-13.3278030658,-4.48783896992,17.1494504516,20.4351238853,18.862492161
607,40.0,30.0,85.0,0.0,51.9341642203,7.90949554082,0.81922375403,20.9810330918,20.0858743944,16.2276270465
608,40.0,40.0,85.0,0.0,44.8454712046,0.198286192913,-9.57346318111,13.9477997897,14.431477898,15.4739647377
609,40.0,55.0,85.0,0.0,38.9425209844,11.8945853291,0.0471807832435,11.8688957122,10.6255588378,8.75410416637
610,40.0,70.0,85.0,0.0,50.7021574914,-16.1490463647,2.00990744108,15.4148361849,19.0127823543,14.8793174031
611,40.0,85.0,85.0,0.0,46.3611708539,-3.43830361687,-6.82497521429,14.4147073261,15.5370589749,15.4192001534
612,40.0,100.0,85.0,0.0,55.8558242127,-14.7536232673,4.16138503323,19.7985177645,23.7690573284,17.7013279318
613,55.0,0.0,85.0,0.0,50.2491717671,10.5196874258,1.24008256055,20.0222027656,18.6280498678,14.8748992356
614,55.0,10.0,85.0,0.0,63.7463068172,1.33983897333,19.8701688038,31.6983472776,32.4906028984,16.7842103695
615,55.0,20.0,85.0,0.0,36.3101165041,2.30085305145,-9.14338562246,9.11635425752,9.17029051112,10.1088755123
616,55.0,30.0,85.0,0.0,40.4315248057,-7.34248795254,4.06204623276,10.1266685003,11.5130764396,8.35867787106
617,55.0,40.0,85.0,0.0,38.5061924139,7.39267217228,-6.61917026802,10.9783917855,10.3744138188,10.4991205701
618,55.0,55.0,85.0,0.0,44.4900789356,0.478545225294,10.6133880202,13.7492118768,14.1800736331,8.47925319806
619,55.0,70.0,85.0,0.0,41.7416390444,18.5813709627,-0.394548387148,14.7609551544,12.33369927,10.2980658874
620,55.0,85.0,85.0,0.0,52.8112733454,-19.5417812814,5.43530701728,16.4064570643,20.8739585049,14.9628310335
621,55.0,100.0,85.0,0.0,48.2777484456,5.50051282056,-13.179052324,17.4032839921,17.0140615398,19.6658644387
622,70.0,0.0,85.0,0.0,59.9772277178,-8.36657943874,15.9805753104,25.0708051987,28.0980616337,15.6920054872
623,70.0,10.0,85.0,0.0,54.7898004622,24.2870421496,-3.1833582724,27.5760632872,22.7267898862,20.2578551385
624,70.0,20.0,85.0,0.0,52.8409790779,-14.975874876,4.33602427189,17.2545430999,20.901003955,15.4236844473
625,70.0,30.0,85.0,0.0,47.6121957411,6.02139552474,-14.4304507563,16.9730505722,16.4910076158,19.715336075
626,70.0,40.0,85.0,0.0,59.3480861588,0.175519844122,16.3895379995,26.4701779062,27.4058142246,15.0885370966
627,70.0,55.0,85.0,0.0,54.2952770377,26.6892691358,-3.5274096637,27.6440918299,22.2538149749,20.012056071
628,70.0,70.0,85.0,0.0,45.3363979032,20.1460512833,-5.47887555291,17.7693283362,14.7836215091,14.1938396473
629,70.0,85.0,85.0,0.0,45.3330814663,0.558909196029,-7.20405335451,14.3440629115,14.7812236036,14.8623104307
630,70.0,100.0,85.0,0.0,59.2747728805,12.7263940513,10.4411625221,29.5740779332,27.3258949112,17.5310971357
631,85.0,0.0,85.0,0.0,39.3106119442,-7.44854706508,0.721124195413,9.50399855979,10.8405526393,8.74320675685
632,85.0,10.0,85.0,0.0,53.4087359682,0.665764412237,4.20929261035,20.7957593134,21.4224154968,15.8753865906
633,85.0,20.0,85.0,0.0,50.1552204124,-1.0763479718,17.4812822096,17.684850033,18.548910022,9.2912277743
634,85.0,30.0,85.0,0.0,39.3610188333,-4.72338256705,-5.04315438649,9.87189059426,10.8702180141,10.4671603968
635,85.0,40.0,85.0,0.0,42.7431634507,13.6696524309,9.52107054387,14.6626963934,12.9866765486,7.96861283696
636,85.0,55.0,85.0,0.0,45.1032114796,-2.70432408697,-5.66538002047,13.6641083405,14.6156502595,14.1114860771
637,85.0,70.0,85.0,0.0,44.2713443533,21.2718755915,-3.47753760805,17.1280259636,14.0268020413,12.7748207297
638,85.0,85.0,85.0,0.0,40.2220194661,19.1916369252,3.48959263742,13.7992163676,11.3853229968,8.4156209035
639,85.0,100.0,85.0,0.0,44.03843751,0.196762293417,-4.41283737931,13.400303568,13.8648180983,12.9662378529
640,100.0,0.0,85.0,0.0,54.7775734043,18.7278190401,6.04205557487,26.1905784368,22.715015572,16.0938865814
641,100.0,10.0,85.0,0.0,49.576260332,-15.4472588683,1.53128354371,14.7181635874,18.0661649389,14.3089757551
642,100.0,20.0,85.0,0.0,51.6856293729,-0.189861679433,11.9633893765,19.1195431327,19.8662294404,11.8496799454
643,100.0,30.0,85.0,0.0,71.5824653901,-12.3091549472,24.552425326,37.5748939609,43.0405220868,20.8542382629
644,100.0,40.0,85.0,0.0,51.991379086,26.9866041572,-0.484251076361,25.2909695921,20.1366667505,16.8216111087
645,100.0,55.0,85.0,0.0,61.3021766336,-25.4664420462,7.24048194077,22.4812629096,29.5938317575,20.6507221462
646,100.0,70.0,85.0,0.0,46.3424743566,6.00572844907,-10.5479990224,15.9950883974,15.5230886712,16.9610095309
647,100.0,85.0,85.0,0.0,56.4357304508,-18.3964777756,-13.4577965923,19.5692005848,24.3491925586,27.3104048825
648,100.0,100.0,85.0,0.0,40.1274380502,17.6272650119,7.71845990897,13.4894054547,11.3279595593,7.28390825055
649,0.0,0.0,100.0,0.0,48.4816594879,-3.9965214328,-0.28237142761,15.8589519948,17.176499058,14.2806714231
650,0.0,10.0,100.0,0.0,37.1862998704,6.37000926452,1.28689409305,10.0912243118,9.63885319641,7.62290730429
651,0.0,20.0,100.0,0.0,43.9264198449,-10.2041297563,-7.14462208155,11.7808701665,13.7873572905,13.9028977203
652,0.0,30.0,100.0,0.0,36.3105408691,-0.191433415942,-2.36747670423,8.82058202393,9.17051369445,8.17827697252
653,0.0,40.0,100.0,0.0,72.5063385952,-13.5004966453,32.9150408361,38.4429361229,44.4169933201,17.6809895495
654,0.0,55.0,100.0,0.0,48.8950065642,14.6879688869,0.652773879626,19.6855816767,17.5089408039,14.1953260889
655,0.0,70.0,100.0,0.0,62.1682291553,-28.0146948768,14.1703596895,22.7419140028,30.5996777331,18.0920344214
656,0.0,85.0,100.0,0.0,32.7777306407,-0.918358389946,-0.792741650734,7.07615957273,7.43516833687,6.30991594163
657,0.0,100.0,100.0,0.0,72.3450555758,7.23779225625,36.5209102145,45.0727859159,44.1746154097,16.0148877382
658,10.0,0.0,100.0,0.0,48.7654755743,15.9239039424,-10.5464695307,19.821820325,17.4043059459,18.8256853826
659,10.0,10.0,100.0,0.0,60.1542817092,-16.797253977,15.2820341073,23.3067532911,28.2949552167,16.1064644246
660,10.0,20.0,100.0,0.0,47.3996327803,3.20270307384,-20.5892555266,16.3033611182,16.3262431219,22.6066451379
661,10.0,30.0,100.0,0.0,60.4343747268,-5.9557122004,2.98823493259,26.1176643695,28.6083087268,22.0352382394
662,10.0,40.0,100.0,0.0,54.5622577015,2.28799004021,-0.277086416615,22.1982165343,22.5083384186,18.6989178411
663,10.0,55.0,100.0,0.0,31.9409073955,0.376413859875,-0.140825448237,6.84425440034,7.05902600494,5.85425553304
664,10.0,70.0,100.0,0.0,55.247405461,2.61082770908,-3.50150969059,22.9178091598,23.1703819822,20.799881563
665,10.0,85.0,100.0,0.0,31.1752456794,2.38110586884,-4.1050725645,6.71655754074,6.72618090875,6.43322456171
666,10.0,100.0,100.0,0.0,35.832163119,-8.24165339209,3.82202645745,7.68533104801,8.92121556412,6.45630757703
667,20.0,0.0,100.0,0.0,35.5429009922,11.8448327223,5.61333328497,9.88592765053,8.77268645091,5.9515520894
668,20.0,10.0,100.0,0.0,33.0389211411,3.1065726948,-2.23116243142,7.61146225613,7.55524850612,6.74051952394
669,20.0,20.0,100.0,0.0,36.4970789338,-4.98438129246,2.54693051559,8.3602963409,9.268969411,7.02025374904
670,20.0,30.0,100.0,0.0,35.7702579053,7.90506037069,4.72928385903,9.51554098498,8.88928883827,6.22942930689
671,20.0,40.0,100.0,0.0,48.9948699564,-22.0144278602,6.75756763182,13.2692170216,17.5898959206,12.0430287755
672,20.0,55.0,100.0,0.0,39.5295524981,7.032456655,-12.9534050161,11.538187304,10.9697960457,13.2445098221
673,20.0,70.0,100.0,0.0,53.4762877744,-17.5588469467,15.0648992502,17.2831140271,21.4850242609,11.8448718204
674,20.0,85.0,100.0,0.0,42.2314076913,17.630855663,-7.68712505293,14.9539357453,12.6502147759,13.0235268317
675,20.0,100.0,100.0,0.0,62.7083898219,-2.2339349435,31.8123303948,29.5319306167,31.2384240517,11.5654546364
676,30.0,0.0,100.0,0.0,54.2473510742,-0.444256878834,18.9578418919,21.3212715631,22.2083293352,10.9961270166
677,30.0,10.0,100.0,0.0,55.0669883205,-0.705587562168,16.4567460206,22.0209195894,22.9948068606,12.3091476094
678,30.0,20.0,100.0,0.0,31.2439123794,1.60586957264,-4.50830334502,6.6697253924,6.75559488891,6.55176986237
679,30.0,30.0,100.0,0.0,53.1591379133,11.249287661,9.16920411038,22.8373885183,21.1921366379,13.7541601171
680,30.0,40.0,100.0,0.0,51.299311481,21.9918975275,-12.3763852368,23.4464834002,19.5280058113,21.8379729063
681,30.0,55.0,100.0,0.0,47.639929338,-7.36168408213,-2.51703223226,14.675130068,16.512586232,14.5839163864
682,30.0,70.0,100.0,0.0,32.2396426656,0.856029153248,-2.5767467252,7.02103849826,7.19181121526,6.50278346331
683,30.0,85.0,100.0,0.0,54.2091472311,10.6788783534,8.34953083439,23.7246688146,22.1721152072,14.7638331766
684,30.0,100.0,100.0,0.0,51.0535215974,19.6678314546,-2.46137449064,22.6921044852,19.3148263101,16.9764775258
685,40.0,0.0,100.0,0.0,47.9822844607,-7.39632725973,-3.77878557116,14.9140706349,16.7805139935,15.3178146923
686,40.0,10.0,100.0,0.0,45.1473864437,1.34642957602,-10.8649108375,14.3419694051,14.6473726205,16.2204260913
687,40.0,20.0,100.0,0.0,59.1953229938,-19.0265065442,-1.68526900414,21.9073338879,27.2394616274,23.3633138343
688,40.0,30.0,100.0,0.0,49.062630577,16.4697499844,-4.26824004569,20.1922166911,17.6449685126,16.2848467724
689,40.0,40.0,100.0,0.0,68.4720106084,-2.66861681143,13.0392490883,36.424230107,38.6157546571,24.0475427391
690,40.0,55.0,100.0,0.0,44.4654949938,-0.28918800059,-8.40041765284,13.6117080837,14.1627917686,14.7444070472
691,40.0,70.0,100.0,0.0,60.1611261765,-14.2333048965,-18.9422084885,23.893835006,28.3025850425,34.9865760292
692,40.0,85.0,100.0,0.0,48.1103687212,15.3474976359,-1.31598383774,19.1444902423,16.881493129,14.4324422468
693,40.0,100.0,100.0,0.0,70.1644899945,0.481715740515,-5.09637857072,39.6743666933,40.9836843162,37.4167679613
694,55.0,0.0,100.0,0.0,70.2131800097,-4.99355629028,-0.108997060549,38.0128839203,41.0532010293,33.9477552342
695,55.0,10.0,100.0,0.0,32.9455558118,0.581408106017,2.46458330553,7.30401506732,7.51217724205,5.67096982259
696,55.0,20.0,100.0,0.0,65.5893521101,1.70453507251,-2.53510277863,34.0436678013,34.7957727428,30.2904901048
697,55.0,30.0,100.0,0.0,35.5100253828,0.249290339966,-0.758684300691,8.47175910233,8.75591070731,7.41128065205
698,55.0,40.0,100.0,0.0,69.0318297516,-6.40008683995,3.350832759,36.0270731477,39.3886055347,30.3218290582
699,55.0,55.0,100.0,0.0,46.9663647043,1.9117671803,0.616933617367,15.75097157,15.9938085765,12.9728631813
700,55.0,70.0,100.0,0.0,64.5007220772,0.468624331988,1.36089351431,32.3589194804,33.4214555517,26.7729616142
701,55.0,85.0,100.0,0.0,34.3780416941,-5.51155221097,-3.85528439202,7.31246478226,8.19124426371,7.69912984686
702,55.0,100.0,100.0,0.0,33.9591264529,11.456393643,1.18863586909,8.99942459489,7.98859750587,6.32230236734
703,70.0,0.0,100.0,0.0,39.5978950444,-0.466586140648,12.4315399634,10.5553378701,11.0103488773,5.98876591219
704,70.0,10.0,100.0,0.0,56.1201060305,14.0024918134,0.51328177553,26.4489874605,24.0322870081,19.5846055574
705,70.0,20.0,100.0,0.0,43.2464832148,12.9719109921,4.87225205148,14.9066204103,13.3233599574,9.4939646945
706,70.0,30.0,100.0,0.0,48.0117090075,-1.82511770271,-11.1407310131,15.884279504,16.8036760046,18.5016080795
707,70.0,40.0,100.0,0.0,39.2882777312,-0.0850637936697,-2.21191255315,10.4296635211,10.8274258205,9.57019785262
708,70.0,55.0,100.0,0.0,45.1547685974,-8.09035303343,-14.7007593004,12.8680467599,14.6526782705,17.8847170482
709,70.0,70.0,100.0,0.0,60.9846259401,-4.8400121716,-0.424506518465,26.9714754235,29.2306211428,24.3504680092
710,70.0,85.0,100.0,0.0,49.0366361043,12.7571727149,-0.0394545385475,19.4219172403,17.6238278784,14.5568565097
711,70.0,100.0,100.0,0.0,59.3323995157,16.1765024711,-9.19123826574,30.5579589608,27.3887010203,27.7436300142
712,85.0,0.0,100.0,0.0,54.1682090034,-8.71210729655,8.79178063754,19.5513378109,22.1333528246,14.563205014
713,85.0,10.0,100.0,0.0,31.3418187645,1.93859414181,-3.78084848576,6.74357537566,6.79768205826,6.42486400786
714,85.0,20.0,100.0,0.0,36.0274835519,7.03556812658,6.74425928049,9.54512963918,9.02245020984,5.88841664419
715,85.0,30.0,100.0,0.0,59.2519490746,12.4546042531,6.16291875448,29.4767842909,27.3010462742,19.4662722931
716,85.0,40.0,100.0,0.0,55.739543433,-8.76546957407,7.53243299433,20.9240566476,23.6538510399,16.1640001574
717,85.0,55.0,100.0,0.0,32.3698029667,0.801660187527,-1.84489650675,7.0722772071,7.25018331061,6.38802032465
718,85.0,70.0,100.0,0.0,35.6252323338,7.14652311271,6.17940772262,9.34561266776,8.8147924257,5.8610567692
719,85.0,85.0,100.0,0.0,51.7007245927,26.1961297747,7.41300480793,24.8096643876,19.8795240786,13.4718457538
720,85.0,100.0,100.0,0.0,56.9802213744,-2.96657129858,1.22196220981,23.3403064616,24.9024204544,19.9542747012
721,100.0,0.0,100.0,0.0,32.5337715063,1.37738201445,-1.62825165714,7.20308618793,7.32416561134,6.40288346062
722,100.0,10.0,100.0,0.0,32.9679802799,-2.16301132668,-1.65880462131,7.03318646039,7.52250711364,6.57994114894
723,100.0,20.0,100.0,0.0,51.3152787739,24.9755463687,9.50111209563,24.1412400098,19.54190863,12.4795278238
724,100.0,30.0,100.0,0.0,58.0871754638,0.873688223707,-14.9798406948,25.3294095908,26.0528444102,29.9805926561
725,100.0,40.0,100.0,0.0,32.050556656,0.721312889609,-0.88800648177,6.92565990957,7.10757256062,6.05510012403
726,100.0,55.0,100.0,0.0,31.9410597843,-0.150695534849,-3.57124437202,6.7921717479,7.05909332031,6.6125298968
727,100.0,70.0,100.0,0.0,38.0881068493,4.55350281436,-5.41562065849,10.359608004,10.1375118507,9.90802997635
728,100.0,85.0,100.0,0.0,50.0722562877,-1.852450877,10.2451981399,17.47396035,18.4792118947,11.4923686784
729,100.0,100.0,100.0,0.0,49.7747811331,3.40060830299,9.62924516669,18.2200284721,18.230738735,11.5266777713
730,0.0,0.0,0.0,20.0,47.7319642482,1.25468749384,8.9643785666,16.2123274362,16.5843304944,10.6005656167
731,0.0,10.0,0.0,20.0,42.4301888774,-7.38671382841,1.19855331555,11.271036582,12.7802074342,10.1730969477
732,0.0,20.0,0.0,20.0,42.0622224035,13.0183522291,5.08228360193,14.0794677972,12.5402731764,8.84978272331
733,0.0,40.0,0.0,20.0,71.7915935525,0.158083729494,-3.49255201827,41.8542169967,43.3495734973,38.3013999022
734,0.0,70.0,0.0,20.0,76.0789598354,-8.20703038995,5.79623476688,45.2995278953,50.0158030643,36.9111600556
735,0.0,100.0,0.0,20.0,41.9163377157,-2.42347865444,-5.23517171208,11.6554607841,12.4459859935,11.9705659582
736,10.0,0.0,0.0,20.0,70.423946593,-1.29775306593,2.68610154414,39.4631457887,41.3550277357,32.3099554467
737,10.0,10.0,0.0,20.0,40.9077010265,-7.66167907494,-1.32731838374,10.3515349922,11.8069889272,10.1427415123
738,10.0,20.0,0.0,20.0,41.854902238,-0.591314502682,-13.6932655792,11.8785571447,12.4064212872,15.0575129621
739,10.0,40.0,0.0,20.0,43.3056701869,0.325638994855,4.30721610558,12.9355102838,13.3633297917,9.6906236151
740,10.0,70.0,0.0,20.0,46.2078564518,10.2316498028,-8.06375192416,16.6403569114,15.4227472928,15.8167763857
741,10.0,100.0,0.0,20.0,49.9745676831,18.5745038145,16.4032728381,21.4487965146,18.397367828,9.51421828857
742,20.0,0.0,0.0,20.0,51.2995322898,4.19482111206,14.0169800575,19.6597537835,19.5281980259,10.950470726
743,20.0,10.0,0.0,20.0,58.5848051721,-8.86976207697,20.8020393754,23.5687070837,26.5813547297,12.9176668458
744,20.0,20.0,0.0,20.0,51.8057434368,-9.1384462596,-22.7452507088,17.5084314402,19.9721803175,28.0903887055
745,20.0,40.0,0.0,20.0,36.4976176902,-6.27438772778,6.02508701609,8.21520251282,9.26925478503,6.22020696548
746,20.0,70.0,0.0,20.0,59.8716828157,-3.75511413239,-14.6159290536,26.0632556676,27.9811257,31.7229558317
747,20.0,100.0,0.0,20.0,54.799682182,-25.4654370892,5.65239994953,16.8812158383,22.7363086779,16.2726108567
748,40.0,0.0,0.0,20.0,51.0292231083,-15.1675052148,-8.33623427966,15.8259581979,19.2938363143,19.6188494642
749,40.0,10.0,0.0,20.0,36.3896322223,-5.59914670094,4.4719795882,8.23872545293,9.21217291915,6.52702661044
750,40.0,20.0,0.0,20.0,59.5024258647,-8.00133520595,3.06411195735,24.6766269998,27.5745700187,21.1828135403
751,40.0,40.0,0.0,20.0,54.3749545653,-25.1563460066,3.39043389514,16.6072045133,22.3295728171,16.922530303
752,40.0,70.0,0.0,20.0,31.3095590343,0.175038580449,-2.62298585554,6.55844414378,6.78379526647,6.1548714081
753,40.0,100.0,0.0,20.0,55.6635538545,-4.22415292653,10.2369388074,21.8168134824,23.5787651323,15.0089120752
754,70.0,0.0,0.0,20.0,51.2613834111,8.21024636207,-2.53922374272,20.4417116323,19.4950080489,17.1653404794
755,70.0,10.0,0.0,20.0,33.2113069228,-3.59272926629,-1.04635182719,6.99478592304,7.63520547433,6.53580222146
756,70.0,20.0,0.0,20.0,30.9046153443,0.188084504683,-5.17201361953,6.39284984444,6.61108541949,6.56978443374
757,70.0,40.0,0.0,20.0,54.7267779084,-4.93175667495,12.3916748776,20.8131782223,22.6661444727,13.5602783495
758,70.0,70.0,0.0,20.0,51.5900427442,10.4064288853,-15.8091189469,21.1939078187,19.7821821119,23.9071935365
759,70.0,100.0,0.0,20.0,32.6400648913,-3.26146413876,-0.421627628431,6.78252392585,7.37239285088,6.17520638991
760,100.0,0.0,0.0,20.0,74.5177821147,-3.52306976351,1.86518072635,44.588188211,47.5146730307,37.8156711844
761,100.0,10.0,0.0,20.0,39.7257616414,14.6558804464,-0.817833564092,12.7693889696,11.0864900429,9.3831017411
762,100.0,20.0,0.0,20.0,77.3920812064,3.87254241203,7.39173297517,51.7893214169,52.1862623363,37.397231576
763,100.0,40.0,0.0,20.0,50.1552068472,-0.988538998154,3.25643719053,17.7012435702,18.5488986116,14.0309942257
764,100.0,70.0,0.0,20.0,43.0712346183,-8.5514233766,-4.81170117754,11.493567785,13.2054795223,12.5143230124
765,100.0,100.0,0.0,20.0,59.2649983859,28.2218721591,-1.72048259585,33.8294400399,27.3152514199,23.4463162609
766,0.0,0.0,10.0,20.0,32.2602353612,-1.06818101316,1.05711568272,6.83749418505,7.2010253388,5.71800704934
767,0.0,10.0,10.0,20.0,56.8462381988,23.0320848415,-4.87545928198,29.5314376915,24.7655182791,22.9073680064
768,0.0,20.0,10.0,20.0,41.3279133913,16.1575785746,0.89382608557,14.0753133411,12.0704771,9.6916519928
769,0.0,40.0,10.0,20.0,40.6283018174,13.956221094,-0.334610280204,13.2550122669,11.6339353642,9.69824621639
770,0.0,70.0,10.0,20.0,49.3965774984,-13.3356876786,-12.2571825081,14.9402138242,17.9180644026,20.1489430932
771,0.0,100.0,10.0,20.0,50.7690665572,9.72208537088,-8.86839159936,20.3164472854,19.0700550448,19.6585932486
772,10.0,0.0,10.0,20.0,52.3289327121,-8.28016627166,7.93567070917,18.0923992229,20.4380728956,13.6801229972
773,10.0,10.0,10.0,20.0,44.385630937,-9.38923709179,-3.30845218196,12.1834206992,14.1067463487,12.7848012697
774,10.0,20.0,10.0,20.0,64.0803530276,20.6200654597,30.0783060522,37.758083508,32.9006114588,12.9892760305
775,10.0,40.0,10.0,20.0,44.8766323645,-13.0060762861,-13.1770780131,11.9661387915,14.4536618961,17.0049167345
776,10.0,70.0,10.0,20.0,42.982698546,19.9609273891,4.84659891571,15.9032857806,13.1461912834,9.36886705965
777,10.0,100.0,10.0,20.0,74.2877220836,-8.69994075017,-3.71056847875,42.4879549854,47.1533031112,41.755411078
778,20.0,0.0,10.0,20.0,44.4564470842,4.95240193758,-10.321488662,14.4441732465,14.1564348629,15.5053290414
779,20.0,10.0,10.0,20.0,60.33151714,-12.2498208204,-17.5286236716,24.5195881105,28.4929696444,34.2101540652
780,20.0,20.0,10.0,20.0,53.0587525658,23.8058774304,2.231993701,25.629100772,21.099988573,16.4488642325
781,20.0,40.0,10.0,20.0,71.2885710055,-14.7205073981,30.8833129172,36.4509795611,42.6086901475,17.650926089
782,20.0,70.0,10.0,20.0,44.8057712086,3.15221104265,-2.91377163535,14.3961709178,14.4032478985,12.9028805716
783,20.0,100.0,10.0,20.0,59.1994071898,-19.3630045609,12.3733027839,21.8387103729,27.2439003612,16.637968971
784,40.0,0.0,10.0,20.0,51.7318110324,23.5490836869,11.2684850453,24.2261292335,19.9069211605,12.1145157731
785,40.0,10.0,10.0,20.0,60.215277895,7.19871128156,19.3902026432,29.1879815539,28.3629986818,14.4961539838
786,40.0,20.0,10.0,20.0,47.2127364869,15.1598113545,-5.77765518898,18.3567574614,16.1822835419,15.5901000761
787,40.0,40.0,10.0,20.0,51.7830725537,-12.4923464714,3.02591294417,16.8758684015,19.9521538905,15.2166944188
788,40.0,70.0,10.0,20.0,43.1516690519,-0.567187300176,-13.4389366046,12.7009342755,13.2594967902,15.8603896032
789,40.0,100.0,10.0,20.0,59.2653342117,7.21445115837,22.3933612509,28.1369704925,27.3156170563,12.767973029
790,70.0,0.0,10.0,20.0,48.1651598428,16.2640083879,-15.4189956804,19.3723534271,16.9248127989,20.6553668113
791,70.0,10.0,10.0,20.0,51.0493651356,-13.6730513511,4.77034433473,16.1017921426,19.3112347153,14.04153683
792,70.0,20.0,10.0,20.0,44.7306514314,0.04723162079,-22.7509686176,13.8450692096,14.3499322691,21.3565169061
793,70.0,40.0,10.0,20.0,58.4498640221,28.2172413037,0.792971669766,32.827001401,26.437340158,21.4117949344
794,70.0,70.0,10.0,20.0,71.038589102,3.11277682265,25.9071594535,41.7577682188,42.243662067,19.7404732457
795,70.0,100.0,10.0,20.0,60.9513934909,-18.3314308954,-14.8507193837,23.7362785244,29.19278297,33.1146846859
796,100.0,0.0,10.0,20.0,58.9823156769,-14.6779959916,-15.4452927481,22.6546367315,27.0086314148,31.2644666283
797,100.0,10.0,10.0,20.0,57.9272184601,25.0291059418,14.721973353,31.3160107905,25.884461261,14.7787821294
798,100.0,20.0,10.0,20.0,55.7524002528,20.3695097084,12.0774436694,27.6342685112,23.6665707112,14.3484077968
799,100.0,40.0,10.0,20.0,73.9383377479,5.30498825299,3.2515753552,46.8143700157,46.6080144765,36.0876823316
800,100.0,70.0,10.0,20.0,51.5177413713,-0.761818460709,2.80605913378,18.865786956,19.7187667284,15.121610754
801,100.0,100.0,10.0,20.0,49.64404117,4.3393979661,2.82331086615,18.2916123901,18.1222434315,13.8614194659
802,0.0,0.0,20.0,20.0,48.2653302951,2.4110833734,1.37468604861,16.8289814431,17.0042023413,13.514492309
803,0.0,10.0,20.0,20.0,36.6076663974,-2.01033259788,-4.43534762036,8.75751818546,9.32766939756,8.88145454709
804,0.0,20.0,20.0,20.0,49.0125059324,-16.5190279156,-14.4654957996,14.1470737464,17.604218551,20.9058332322
805,0.0,40.0,20.0,20.0,39.4739526593,7.16075247537,-0.13724639617,11.5225495614,10.9368779844,9.062971668
806,0.0,70.0,20.0,20.0,55.753509403,-9.98588793918,-6.32840499006,20.682595333,23.6676682434,22.6810655253
807,0.0,100.0,20.0,20.0,44.7474056346,27.5184106409,11.313280138,18.6904061535,14.361812004,8.40986806125
808,10.0,0.0,20.0,20.0,43.3269834761,18.394925048,5.27362076056,15.889019449,13.3777425223,9.41729209841
809,10.0,10.0,20.0,20.0,44.4599721485,-13.7130560846,-11.0264966662,11.6094632664,14.1589112862,15.7958627521
810,10.0,20.0,20.0,20.0,31.0298387026,-0.988679580472,-1.79991516346,6.33266854512,6.66417664262,5.87300153552
811,10.0,40.0,20.0,20.0,32.6720270289,-2.83748078778,-1.16597046786,6.83805563565,7.38693594268,6.35259786164
812,10.0,70.0,20.0,20.0,47.6393011561,19.4822115733,5.14975783038,19.5618179375,16.5120972557,11.7945101183
813,10.0,100.0,20.0,20.0,55.0983232728,-18.1490298966,-23.5757981941,18.4874060961,23.0252369777,32.2030294658
814,20.0,0.0,20.0,20.0,31.3364893203,-0.350257967769,-1.84765568195,6.5190735544,6.79538659581,5.99639109182
815,20.0,10.0,20.0,20.0,34.8273808677,-4.79052979126,2.04067153621,7.59144084481,8.41238665252,6.46740216326
816,20.0,20.0,20.0,20.0,47.4139024364,19.57935865,4.45120677143,19.3876730912,16.3372694783,11.899690469
817,20.0,40.0,20.0,20.0,53.4334002014,-23.3372502885,-7.08340548704,16.2093697197,21.4452608298,21.0250662083
818,20.0,70.0,20.0,20.0,33.5135182653,-7.07546781349,-0.421752442815,6.77768268412,7.77673666463,6.51219379035
819,20.0,100.0,20.0,20.0,46.1415965886,13.7428424915,1.1271259738,17.2255441882,15.3735177695,12.2886238688
820,40.0,0.0,20.0,20.0,61.1547816988,-13.6156604307,4.31294361711,25.029955406,29.424871352,21.9928557526
821,40.0,10.0,20.0,20.0,42.0104196086,-2.32722598638,-6.42198220465,11.7265767577,12.5067380262,12.4374965169
822,40.0,20.0,20.0,20.0,32.0796702356,-4.64907336149,-3.4965281149,6.41445715303,7.12049971249,6.65039311351
823,40.0,40.0,20.0,20.0,45.4937305604,12.3255931862,3.36667151196,16.4644820962,14.8976770065,11.1579587582
824,40.0,70.0,20.0,20.0,61.9975090248,-9.74026651353,-15.2417484495,26.8394582111,30.3996253544,34.614680339
825,40.0,100.0,20.0,20.0,41.7506491676,-4.60873189708,-6.27163026919,11.2501547049,12.3394738978,12.2289629177
826,70.0,0.0,20.0,20.0,65.5000507761,0.492187171686,4.79627381873,33.584125603,34.6816435434,25.7846181564
827,70.0,10.0,20.0,20.0,41.0969441136,13.1619936615,3.48722170718,13.4448064401,11.9251713293,8.83045970844
828,70.0,20.0,20.0,20.0,51.4918051378,-14.1969560785,-10.8229100555,16.3456805293,19.6960511832,21.2206348705
829,70.0,40.0,20.0,20.0,37.446227276,-1.31874848132,-4.30023734093,9.27059714021,9.78086342676,9.25360436916
830,70.0,70.0,20.0,20.0,47.1632783996,-17.2946627883,-15.9520844198,12.7855875095,16.1443298571,20.0737918061
831,70.0,100.0,20.0,20.0,44.4289059021,28.527064323,9.52747213564,18.6199235769,14.1370966095,8.74827862021
832,100.0,0.0,20.0,20.0,56.1205842381,-10.7100929202,-2.4417642438,20.8609824762,24.0327650647,21.0208056486
833,100.0,10.0,20.0,20.0,38.4152235406,7.90221503813,-1.37126105505,10.994360044,10.3225568928,8.89613530151
834,100.0,20.0,20.0,20.0,48.0817976467,-17.2719573236,-11.5892988228,13.3940267182,16.8589332457,18.7629402424
835,100.0,40.0,20.0,20.0,36.6656035795,-2.13871387354,-7.19266212449,8.77171123204,9.35852122789,9.70591425755
836,100.0,70.0,20.0,20.0,64.1800795254,-0.455599827093,10.9470083777,31.718819234,33.0236809883,21.2739445848
837,100.0,100.0,20.0,20.0,40.1240157474,15.4550873544,-2.46078328884,13.1512989569,11.3258875596,10.0762695905
838,0.0,0.0,40.0,20.0,51.3111732643,-15.9272095115,-5.58548195095,15.905106054,19.5383333079,18.5626509551
839,0.0,10.0,40.0,20.0,37.3546464768,0.811388867078,-9.40681463078,9.48291038024,9.73067062448,10.7523117965
840,0.0,20.0,40.0,20.0,46.4316969286,-19.6392078514,-11.5251418774,11.9761791693,15.5898325583,17.4532413087
841,0.0,40.0,40.0,20.0,58.3425621218,-7.668884528,3.96006357084,23.6041725133,26.3231952783,19.7678617298
842,0.0,70.0,40.0,20.0,53.3294229489,1.24808711663,1.52874829624,20.8458306057,21.3490615173,16.9479578291
843,0.0,100.0,40.0,20.0,55.8978069989,12.2827931265,18.0765716082,25.8003017843,23.8107439032,12.2440295999
844,10.0,0.0,40.0,20.0,53.9760953706,-3.30069404118,-19.3753826426,20.4809026737,21.9520533037,28.3155377896
845,10.0,10.0,40.0,20.0,31.9407350061,-0.983964061538,-0.910064120672,6.71013953559,7.05894985512,6.01888050102
846,10.0,20.0,40.0,20.0,33.390117201,7.73873890668,1.68680028154,8.28470825981,7.71873627145,5.99774514291
847,10.0,40.0,40.0,20.0,56.3808611064,11.7879881581,16.7530847782,26.1835159369,24.2939016496,13.0074114552
848,10.0,70.0,40.0,20.0,53.1588351929,-8.30905120943,-2.0871963396,18.7736011624,21.1918583552,18.419878198
849,10.0,100.0,40.0,20.0,31.7981178598,-0.810091702666,-1.45252477667,6.66707942093,6.99613884206,6.08318937227
850,20.0,0.0,40.0,20.0,34.7815520961,6.96071435258,5.13260202777,8.88672086891,8.38965194755,5.77491076246
851,20.0,10.0,40.0,20.0,53.4486135,41.0451249089,15.9572924694,30.4256962335,21.4593602968,11.5287260038
852,20.0,20.0,40.0,20.0,34.1411830467,-6.72141492905,0.0904298790381,7.08365585374,8.07625015136,6.64286152744
853,20.0,40.0,40.0,20.0,44.9829651676,8.50442049194,-2.06735640506,15.4151388151,14.5295326059,12.709538156
854,20.0,70.0,40.0,20.0,72.1941008261,9.8842291598,23.2011140566,45.7718331149,43.9485592851,22.0673382055
855,20.0,100.0,40.0,20.0,53.3893132841,40.3903221097,19.162708958,30.1822207294,21.4044365905,10.461178048
856,40.0,0.0,40.0,20.0,32.6470986093,-4.24781180209,-3.10943429627,6.68870859912,7.3755916232,6.78786641676
857,40.0,10.0,40.0,20.0,43.3528854496,7.90799557903,0.497747641702,14.1522417966,13.3952722138,10.8920051868
858,40.0,20.0,40.0,20.0,73.3096643179,11.365011833,1.21022026037,48.0219389555,45.6374534909,36.7747704629
859,40.0,40.0,40.0,20.0,41.0981531761,-13.67083071,-0.864881351503,9.68820786739,11.9259289136,10.1017732196
860,40.0,70.0,40.0,20.0,37.8977659871,1.36716608633,-14.6831419153,9.84449405415,10.0308636179,12.8522997987
861,40.0,100.0,40.0,20.0,45.0433455783,-6.64719448534,6.74011610044,13.014076277,14.5727332634,9.85872420489
862,70.0,0.0,40.0,20.0,41.3595681744,14.7120565384,-8.29724858842,13.8663847456,12.090483027,12.7033708797
863,70.0,10.0,40.0,20.0,52.1004219646,12.1773847977,21.7461874297,22.0416880813,20.233706266,9.03074636543
864,70.0,20.0,40.0,20.0,47.6799136513,-12.7932068834,-16.8217760719,13.8247569015,16.5437298554,20.9349404045
865,70.0,40.0,40.0,20.0,50.9928894869,-0.373157375215,9.69395014151,18.5028071803,19.2624782742,12.2183305425
866,70.0,70.0,40.0,20.0,52.737772315,-5.49626113273,-10.9783406285,18.9682053941,20.8071401271,22.3946992378
867,70.0,100.0,40.0,20.0,45.1412869165,-13.521569441,-0.80219903817,12.056366341,14.6429897773,12.3599288173
868,100.0,0.0,40.0,20.0,64.2370928788,24.3800641529,8.15608791473,39.1483649727,33.0941771731,22.7556438881
869,100.0,10.0,40.0,20.0,41.2778665082,-12.0222524353,-7.02394962801,9.99437604037,12.0388923532,12.2072000577
870,100.0,20.0,40.0,20.0,37.5373619414,1.75259212648,-11.1390493095,9.69761203911,9.83098276545,11.4168315123
871,100.0,40.0,40.0,20.0,44.9218582859,-6.49321223792,-1.55545198237,12.9578829405,14.485899188,12.4912751214
872,100.0,70.0,40.0,20.0,40.7998974481,13.4588459815,-5.36189300012,13.2923802501,11.7400159543,11.3665469717
873,100.0,100.0,40.0,20.0,52.5877613651,13.0602486307,12.6804683839,22.6933217592,20.6712108458,12.1365028693
874,0.0,0.0,70.0,20.0,45.4564771592,11.494496594,8.25090108255,16.2885273361,14.8706180047,9.62092047974
875,0.0,10.0,70.0,20.0,44.0008172416,-13.3032477377,-17.4568672002,11.3894878867,13.838771214,18.2292387212
876,0.0,20.0,70.0,20.0,47.3319608893,-19.8887219113,-0.539575058558,12.5067675046,16.274019686,13.6278129064
877,0.0,40.0,70.0,20.0,50.8738472631,16.4739744598,-13.8897734468,21.8281668119,19.1599759306,22.2382586316
878,0.0,70.0,70.0,20.0,56.5380051479,-11.9511358123,14.7089637891,20.977582018,24.4524768393,13.8616048113
879,0.0,100.0,70.0,20.0,44.3662028285,-2.46032059135,-23.7662221632,13.2080821766,14.0931348705,21.5515869963
880,10.0,0.0,70.0,20.0,47.7141666718,-18.2011266966,-0.325988732356,13.0077183607,16.570440519,13.7944274452
881,10.0,10.0,70.0,20.0,51.3510957731,12.0102634344,0.234680612118,21.3150653109,19.5731187069,16.0521527195
882,10.0,20.0,70.0,20.0,56.1119517069,-11.0240678384,14.0734001443,20.7878453681,24.0241362343,13.8243286263
883,10.0,40.0,70.0,20.0,44.2853363166,-7.64959443991,-12.2447277875,12.3748682483,14.0365732552,16.1759126353
884,10.0,70.0,70.0,20.0,44.9552471267,-5.92956950453,-11.388145529,13.0655807114,14.5097296746,16.3008829754
885,10.0,100.0,70.0,20.0,56.4473273222,-0.164831127973,14.8207314305,23.4539209724,24.3608892585,13.7608207145
886,20.0,0.0,70.0,20.0,31.5964951441,2.63660938226,-0.665016577412,6.92147556206,6.90797812713,5.83949970869
887,20.0,10.0,70.0,20.0,47.7956455628,-16.9556195935,0.393860900758,13.2522204985,16.6340936362,13.5779566003
888,20.0,20.0,70.0,20.0,45.2021396277,-1.87805159682,-23.327017722,13.8620498044,14.6867549396,22.0623384807
889,20.0,40.0,70.0,20.0,55.1433705854,-0.847696767691,17.4970956444,22.0613935105,23.0690305153,11.9955157727
890,20.0,70.0,70.0,20.0,30.8068162361,3.01738366875,-2.66811311625,6.62376530553,6.56981798288,5.97641754978
891,20.0,100.0,70.0,20.0,48.3537355096,-19.2542363724,1.81799882111,13.2687051895,17.0744733112,13.4070023568
892,40.0,0.0,70.0,20.0,48.5753123682,23.9192763018,-0.878287731231,21.3033132947,17.251449026,14.5737779919
893,40.0,10.0,70.0,20.0,43.0417243642,6.57516424305,6.16027411559,13.7261245411,13.1856981984,9.02153711935
894,40.0,20.0,70.0,20.0,41.60603008,3.49265808863,-12.0653712582,12.3151295978,12.2470043717,14.2531930178
895,40.0,40.0,70.0,20.0,40.0910576,-7.4265042897,-1.86873376983,9.92816362352,11.3059463043,9.87988322335
896,40.0,70.0,70.0,20.0,38.7865533194,-3.67506310341,-16.0626504653,9.69220659873,10.5353257978,13.9241240171
897,40.0,100.0,70.0,20.0,48.3252017781,20.7656339545,13.768871587,20.421031899,17.0517714845,9.45297197806
898,70.0,0.0,70.0,20.0,44.4166517759,8.56010295392,-5.77527221273,15.012195656,14.1284979446,13.7059421207
899,70.0,10.0,70.0,20.0,41.4739879491,-0.0348683941607,1.40165987574,11.7237582848,12.1629810487,9.61586432524
900,70.0,20.0,70.0,20.0,39.9252007881,-2.84597292924,-12.3784760831,10.4276211476,11.205950207,13.2837444016
901,70.0,40.0,70.0,20.0,38.3508419707,-8.19130542797,-4.90867396878,8.91423612957,10.2859607135,9.89178518473
902,70.0,70.0,70.0,20.0,41.5592285394,-2.34878523493,-16.9050765346,11.4495357764,12.2171786856,16.1592793262
903,70.0,100.0,70.0,20.0,60.3970529248,-12.140455895,-7.38531438509,24.6106947755,28.5664221133,27.7613994123
904,100.0,0.0,70.0,20.0,44.1258893243,6.61791927175,-2.19889930501,14.4834876542,13.9254927528,12.2367672382
905,100.0,10.0,70.0,20.0,49.6343882352,-27.9608946778,1.95172254651,12.7833466009,18.1142499971,14.1860813302
906,100.0,20.0,70.0,20.0,53.4367705565,40.9478998625,16.5738174558,30.3859540005,21.4483838938,11.3177588622
907,100.0,40.0,70.0,20.0,51.2435420574,0.126720059189,7.55084014982,18.8086444586,19.4794987746,13.1323428216
908,100.0,70.0,70.0,20.0,43.209776862,18.3168011137,-2.75402750294,15.7877981241,13.2986117026,11.8849727796
909,100.0,100.0,70.0,20.0,70.1988163926,-15.7007856533,36.2313963462,34.7604887189,41.0326853417,14.6409813259
910,0.0,0.0,100.0,20.0,42.0461310848,2.04689138306,-4.98038059242,12.381455127,12.5298498613,11.959972528
911,0.0,10.0,100.0,20.0,56.9123704721,-21.4801137465,12.911656249,19.3642914438,24.8330284497,14.8026186864
912,0.0,20.0,100.0,20.0,51.4439463413,22.3757909083,9.17533633321,23.6742594772,19.6541811648,12.6729172655
913,0.0,40.0,100.0,20.0,72.3219842966,-14.008816698,16.6946766399,38.0360354796,44.1400158925,25.7069278696
914,0.0,70.0,100.0,20.0,43.9991255537,6.19626970427,-21.0029717803,14.3258053628,13.8376007189,19.879296134
915,0.0,100.0,100.0,20.0,57.5455921862,-19.2951238015,0.0900206642777,20.355795795,25.4856655793,20.9835860097
916,10.0,0.0,100.0,20.0,52.0409202135,26.7933290316,-9.63973005899,25.2957738057,20.1807158748,21.1025136424
917,10.0,10.0,100.0,20.0,63.7744386049,21.171544646,29.2656107178,37.5210305396,32.5249997723,13.0924808668
918,10.0,20.0,100.0,20.0,47.6782992516,1.89855021845,-6.19365145464,16.2851459641,16.5424716479,16.092046426
919,10.0,40.0,100.0,20.0,32.772286595,-3.48778497696,-0.778324234057,6.81645455265,7.43267911411,6.30460954906
920,10.0,70.0,100.0,20.0,58.3130997318,34.3028998909,12.4082130095,34.4019039949,26.291911573,15.9815818827
921,10.0,100.0,100.0,20.0,63.5031506585,22.2527134885,31.9825506512,37.4938464099,32.1943048233,11.9708805628
922,20.0,0.0,100.0,20.0,48.5821160125,4.52649103107,-19.7934327286,17.4657953688,17.2569024301,23.261810994
923,20.0,10.0,100.0,20.0,31.1588697786,-3.78775336046,-0.525541127663,6.12377784977,6.71917878046,5.65222398548
924,20.0,20.0,100.0,20.0,59.86681971,36.2889691104,-2.35233750242,36.991370987,27.9757455722,24.3507855822
925,20.0,40.0,100.0,20.0,41.9148204963,-4.5503274251,-7.31659179027,11.3563093856,12.4450078862,12.6950799236
926,20.0,70.0,100.0,20.0,65.4495733006,-21.6310005793,-5.73993731202,27.5834106783,34.6172426842,32.2103814586
927,20.0,100.0,100.0,20.0,44.0306194045,-1.41992980098,-2.51369711801,13.1457491145,13.8594024429,12.2890436934
928,40.0,0.0,100.0,20.0,56.5707658484,-28.1493233035,-17.0140927417,17.7934379895,24.4856225863,29.6163976932
929,40.0,10.0,100.0,20.0,50.4907494933,20.9592381145,9.23931947775,22.4428656514,18.832575515,12.0764605214
930,40.0,20.0,100.0,20.0,41.6830083889,-9.32886630107,-13.6774270165,10.5719325722,12.2961666228,14.933535237
931,40.0,40.0,100.0,20.0,38.8638687778,-2.18641218832,-5.18006504026,9.92187177869,10.5799915156,10.2437120298
932,40.0,70.0,100.0,20.0,44.824557842,-3.62237363311,-9.17692498905,13.3335609922,14.4166021645,15.2992074103
933,40.0,100.0,100.0,20.0,41.5522306821,11.5763494448,2.04871667541,13.5035099178,12.2127232569,9.46541986403
934,70.0,0.0,100.0,20.0,53.2558649712,15.345085332,2.9719003815,23.8514815249,21.2811800261,16.2804729583
935,70.0,10.0,100.0,20.0,37.147178878,-3.07855204363,-10.0687698661,8.90531425558,9.61759936541,10.8493923196
936,70.0,20.0,100.0,20.0,42.3049073449,-9.16732404568,-10.7803837081,10.9531016442,12.6981765466,14.2224939291
937,70.0,40.0,100.0,20.0,39.1298257706,5.28000393803,-6.23656457945,11.0567803595,10.7346006452,10.7174843938
938,70.0,70.0,100.0,20.0,47.4279195936,0.812947232883,-3.77039004401,15.9054531009,16.3481055579,14.9327362465
939,70.0,100.0,100.0,20.0,45.0865858973,26.8812360209,5.72984800856,18.8506905938,14.6037231816,10.1880354127
940,100.0,0.0,100.0,20.0,44.8719004485,-21.1273869106,-7.01973509381,10.832039693,14.4502917262,14.4790157197
941,100.0,10.0,100.0,20.0,37.5135625053,0.998750484847,-12.5296384533,9.59084919554,9.81787783217,11.8695230004
942,100.0,20.0,100.0,20.0,50.6138259442,-17.8473968192,0.571125248312,15.0632308142,18.9373482673,15.3933492981
943,100.0,40.0,100.0,20.0,41.3143650708,14.5884970068,-6.11568798476,13.8158826693,12.0619212654,11.9168707488
944,100.0,70.0,100.0,20.0,62.3405144825,-1.40592264802,17.7639482017,29.3332089031,30.8024520624,16.6486352527
945,100.0,100.0,100.0,20.0,37.8771266978,-1.26573327344,-15.4134683758,9.50449213192,10.0193445527,13.1028369961
946,0.0,0.0,0.0,40.0,46.6580557813,-21.8876116832,3.52217401138,11.7938112265,15.7600204749,11.7727943778
947,0.0,20.0,0.0,40.0,39.7620938403,7.72332828706,-10.9879322925,11.777704706,11.108188763,12.6807789778
948,0.0,40.0,0.0,40.0,54.128106302,-13.7608682952,15.7473325817,18.5270997249,22.0954253902,11.9952787706
949,0.0,70.0,0.0,40.0,45.6215859125,28.9933371132,0.155171818368,19.724883597,14.9907943411,12.3148570643
950,0.0,100.0,0.0,40.0,53.2383753888,-23.9866733604,-7.51898590079,15.9482027576,21.2650613204,21.0745173525
951,20.0,0.0,0.0,40.0,31.7933978115,2.70299366234,-0.287705260351,7.0133232281,6.99406644755,5.8314937545
952,20.0,20.0,0.0,40.0,63.2812419874,-10.7677123343,7.56433495978,27.9662176641,31.9254749822,22.2062315238
953,20.0,40.0,0.0,40.0,42.0673268614,-3.34630226944,-7.67980750208,11.6170300607,12.5435808482,12.9189021776
954,20.0,70.0,0.0,40.0,53.8313542813,-18.37646184,-24.9715397657,17.4145542578,21.8161156046,31.6845261198
955,20.0,100.0,0.0,40.0,32.0274722371,2.34647867022,0.510724931729,7.0793002011,7.09733363428,5.74835411831
956,40.0,0.0,0.0,40.0,64.3416577713,-7.04725228487,-12.5901316583,30.1211316565,33.2237307481,35.5877583859
957,40.0,20.0,0.0,40.0,42.450520839,-3.47765114437,-5.5093657258,11.8329200499,12.7935534693,12.3836524129
958,40.0,40.0,0.0,40.0,45.1604357896,28.9450374162,-0.859259023595,19.3187453653,14.6567522246,12.3913999315
959,40.0,70.0,0.0,40.0,53.1667539251,-14.2327370992,18.2297952088,17.6520671738,21.1991386339,10.6336596861
960,40.0,100.0,0.0,40.0,40.063693459,7.97254358897,-11.8934448053,11.999736778,11.289407486,13.1937527357
961,70.0,0.0,0.0,40.0,46.6627424905,-21.841076797,4.92443170266,11.8033275488,15.7635572024,11.3078951978
962,70.0,20.0,0.0,40.0,37.4347169164,0.280391394992,-15.5749365141,9.46001753056,9.77454546845,12.8858064282
963,70.0,40.0,0.0,40.0,61.8069143206,-2.05894121861,28.6873649176,28.5671869469,30.1773159126,12.0979853105
964,70.0,70.0,0.0,40.0,41.2323233243,14.5500751386,-7.2144176883,13.7538675343,12.0101978324,12.245997564
965,70.0,100.0,0.0,40.0,50.4411610218,-18.905478564,9.49141303349,14.7627913336,18.7904712073,11.9607907981
966,100.0,0.0,0.0,40.0,37.8177792552,1.4782825784,-13.5994201579,9.81499403324,9.98627108962,12.4195386853
967,100.0,20.0,0.0,40.0,45.3572156154,-23.3765096534,-0.335130231115,10.8108726196,14.7986794024,12.326872234
968,100.0,40.0,0.0,40.0,45.0063999755,28.5333392859,1.87163460847,19.1064475867,14.5462894659,11.3728413139
969,100.0,70.0,0.0,40.0,54.1265970354,-13.0613111009,5.1157882776,18.6609342265,22.0939988366,16.0123928755
970,100.0,100.0,0.0,40.0,39.6015341537,7.14027884079,-9.66144579545,11.5970243374,11.0125110358,12.1199108525
971,0.0,0.0,20.0,40.0,46.4591986794,-21.2869320092,-5.1488253122,11.7572882088,15.6104440396,14.81749392
972,0.0,20.0,20.0,40.0,37.1272005493,-1.32301243755,-13.1314678307,9.10411839261,9.60675751005,11.8476835651
973,0.0,40.0,20.0,40.0,52.9361876506,15.4327710978,5.34825155814,23.5585405772,20.9878435758,15.083070606
974,0.0,70.0,20.0,40.0,41.6448842751,11.4835995126,-2.66406836494,13.5514057361,12.2718022194,10.9617786661
975,0.0,100.0,20.0,40.0,44.8377725171,-4.13238085616,-7.21007226377,13.2635927113,14.4260006104,14.5300868873
976,20.0,0.0,20.0,40.0,38.5140180478,-1.63913371504,-9.22400783819,9.80032158189,10.3788829269,11.3404683077
977,20.0,20.0,20.0,40.0,42.5069795615,-11.3105232683,-12.5450692065,10.7813699308,12.830662066,15.0479880922
978,20.0,40.0,20.0,40.0,46.2824567371,24.8382365239,9.95003305319,19.4636156983,15.4782991976,9.53990626846
979,20.0,70.0,20.0,40.0,48.1630932286,1.17157970408,-5.8178965694,16.5272167484,16.9231775221,16.2843139757
980,20.0,100.0,20.0,40.0,40.085570372,4.056343351,-1.13759425544,11.4569666674,11.3026285436,9.65887296145
981,40.0,0.0,20.0,40.0,42.9515035224,-8.91669457296,-13.3935591852,11.3705074122,13.1253438703,15.6999627326
982,40.0,20.0,20.0,40.0,36.9690693205,-3.68653006404,-5.78636729479,8.7436816364,9.52123006598,9.44587944705
983,40.0,40.0,20.0,40.0,33.3779478934,10.0838174295,4.54235179086,8.54567041527,7.71303218292,5.39877823176
984,40.0,70.0,20.0,40.0,59.18548221,-28.5851289721,-3.1029635205,19.9035050981,27.2287685725,24.1188605692
985,40.0,100.0,20.0,40.0,44.4692885024,-0.578682396857,-3.87907167864,13.5689093566,14.1654575887,13.041739926
986,70.0,0.0,20.0,40.0,35.8449930757,0.4149432923,6.64937702362,8.65712506664,8.92784197926,5.84174525627
987,70.0,20.0,20.0,40.0,33.5714800416,10.0353850812,5.35659410072,8.6363558319,7.8040795816,5.30277506619
988,70.0,40.0,20.0,40.0,59.6954990236,-23.6175449439,-22.6357977754,21.386944853,27.7866506929,37.0450223838
989,70.0,70.0,20.0,40.0,43.8497918437,-3.30907700369,-2.31991080239,12.7410057815,13.7345351497,12.1140706028
990,70.0,100.0,20.0,40.0,35.1026070825,1.09841648051,3.26432416848,8.36847545623,8.54978518503,6.29907209454
991,100.0,0.0,20.0,40.0,55.2399935351,39.509449726,14.3863757371,32.1147567178,23.1631514331,13.1523076465
992,100.0,20.0,20.0,40.0,44.1243433397,-6.41239476755,-16.7064408913,12.4550104906,13.9244186044,17.9872214841
993,100.0,40.0,20.0,40.0,62.5916018134,24.7072289931,23.7284648315,37.0411865351,31.0995749651,14.4027314462
994,100.0,70.0,20.0,40.0,50.6505377619,-18.7343999474,-13.1250683754,14.9412634676,18.9686754439,21.6497989931
995,100.0,100.0,20.0,40.0,78.2565503913,-3.2509312518,43.093924902,50.501422598,53.648879577,17.5639227
996,0.0,0.0,40.0,40.0,42.9794535326,-1.21157926316,-19.3581653053,12.4943685647,13.1440216359,18.2927839059
997,0.0,20.0,40.0,40.0,56.333792585,-32.374734209,8.04508247717,16.8275426956,24.2465382479,16.3786545777
998,0.0,40.0,40.0,40.0,45.7514004433,10.3063044618,-14.1262559746,16.3032110432,15.0857347108,18.0883166919
999,0.0,70.0,40.0,40.0,66.8820762766,-21.8867493762,26.4077657806,29.0969786538,36.4760580695,16.3046476412
1000,0.0,100.0,40.0,40.0,55.1398183871,41.9466460917,2.37745637353,32.6754656339,23.0655751682,17.946144024
1001,20.0,0.0,40.0,40.0,35.8605874443,13.0463789393,6.09810492697,10.2153435971,8.93590057462,5.96506552749
1002,20.0,20.0,40.0,40.0,31.3055555325,0.0562326605168,-6.28630344862,6.54533612407,6.78207320615,6.99211908268
1003,20.0,40.0,40.0,40.0,36.2909833265,9.11702963349,7.38743495554,9.94900976629,9.16023169416,5.84829081862
1004,20.0,70.0,40.0,40.0,31.5829053408,-2.66216340542,-5.80032947253,6.39981020624,6.90206269606,6.99026041895
1005,20.0,100.0,40.0,40.0,40.7570548006,-0.602675291556,14.018692017,11.2119770466,11.7134704444,6.07779990286
1006,40.0,0.0,40.0,40.0,39.1448600382,-7.05758028481,-9.2272346318,9.46412061973,10.7433852298,11.7038609305
1007,40.0,20.0,40.0,40.0,40.44459399,-4.98396646507,-12.0332260784,10.4408603228,11.5210773593,13.4863105669
1008,40.0,40.0,40.0,40.0,41.8924250983,0.414521743724,-4.31084843317,12.0465861778,12.4305761843,11.6436395194
1009,40.0,70.0,40.0,40.0,44.548798945,6.50199050229,-4.305984944,14.7643406376,14.2214091358,13.246868923
1010,40.0,100.0,40.0,40.0,49.6829901008,18.9568239282,8.29744083905,21.263591743,18.1545202784,11.9221642769
1011,70.0,0.0,40.0,40.0,43.4031431653,-2.96983029828,-19.2456931576,12.5044449887,13.4293288224,18.5744084823
1012,70.0,20.0,40.0,40.0,63.4422433624,-25.4293855042,20.7790004634,24.5727436655,32.1203694056,16.1781773116
1013,70.0,40.0,40.0,40.0,46.526495401,8.39191163874,-14.0710838397,16.5568743798,15.6609568879,18.6709767426
1014,70.0,70.0,40.0,40.0,54.7239974921,-33.7214848759,5.5816490202,15.3744959199,22.6634714184,16.2475724046
1015,70.0,100.0,40.0,40.0,55.9023642829,40.8035187926,3.1839496068,33.28201987,23.8152719635,18.174604969
1016,100.0,0.0,40.0,40.0,46.701752927,-12.9977444876,-11.0446048994,13.1358961061,15.7930161504,17.4466851086
1017,100.0,20.0,40.0,40.0,32.7777012982,-0.578847223559,1.09457500585,7.11063285019,7.43515491889,5.89834772028
1018,100.0,40.0,40.0,40.0,53.3748500879,0.420096767487,-0.961918581325,20.7143599448,21.3910550468,18.0791122536
1019,100.0,70.0,40.0,40.0,49.8334862481,-23.0080579503,-0.759163951477,13.6775395452,18.2795960516,15.3872385526
1020,100.0,100.0,40.0,40.0,48.0360486027,-8.87944383356,-25.0279363065,14.7064297057,16.8228514123,25.6218778932
1021,0.0,0.0,70.0,40.0,32.0466391702,-1.25541966818,1.32165885318,6.72826698999,7.10583429494,5.5868828963
1022,0.0,20.0,70.0,40.0,54.2069084236,3.36801376022,-17.1468388868,22.1002075612,22.1699942222,27.2194503764
1023,0.0,40.0,70.0,40.0,49.7524954096,-23.3228803799,0.14095200999,13.5733309858,18.2122142691,14.9710009047
1024,0.0,70.0,70.0,40.0,69.1255682531,-17.8089654455,3.90273796688,32.8241128989,39.5190143706,30.0746765671
1025,0.0,100.0,70.0,40.0,51.8349252533,-20.9052625709,0.913003727113,15.4363875692,19.9979779274,16.1170088197
1026,20.0,0.0,70.0,40.0,56.0302816262,4.3404417456,-1.42578972818,24.0696481547,23.9426033474,20.4434026011
1027,20.0,20.0,70.0,40.0,44.0582428497,-5.66871199534,-6.96335509936,12.5229565334,13.8785437067,13.9202785004
1028,20.0,40.0,70.0,40.0,48.897430154,18.3697453977,-5.77430299058,20.4355505988,17.5109025607,16.8026076734
1029,20.0,70.0,70.0,40.0,57.1718567942,35.9744187702,18.8527137045,33.4653639293,25.0991063951,12.7434469073
1030,20.0,100.0,70.0,40.0,60.6299202611,-2.88263484228,-4.01455300939,27.0776410899,28.8284407501,26.0213255644
1031,40.0,0.0,70.0,40.0,46.4009159935,2.92632897352,0.534076396998,15.5062819747,15.5667849834,12.6538938793
1032,40.0,20.0,70.0,40.0,53.3810806777,-17.0307538117,-16.0276023607,17.3047740624,21.3968189883,25.7442300799
1033,40.0,40.0,70.0,40.0,43.0494973098,-8.42807347695,-7.09898858679,11.4977237228,13.1909066443,13.3230590873
1034,40.0,70.0,70.0,40.0,36.703423111,-3.20383714381,-0.867557384582,8.66656525375,9.37869696431,7.96217504854
1035,40.0,100.0,70.0,40.0,33.2856995647,-5.53219232577,-0.250804992101,6.83314313446,7.6698842234,6.38465770426
1036,70.0,0.0,70.0,40.0,33.3923907882,4.64075702385,-2.2867061906,7.9416647375,7.71980227588,6.896660983
1037,70.0,20.0,70.0,40.0,32.5084371465,-2.25212701877,-1.35487249308,6.82618999086,7.31270207571,6.33175614626
1038,70.0,40.0,70.0,40.0,32.7303979271,6.63729328601,-2.03469662121,7.84818778906,7.41354461852,6.57220917386
1039,70.0,70.0,70.0,40.0,46.0648244741,25.9191104457,1.97036985528,19.4920595414,15.3166090322,11.9524713623
1040,70.0,100.0,70.0,40.0,47.5020089171,0.27911599281,1.39556841431,15.8681595404,16.4054605263,13.025171628
1041,100.0,0.0,70.0,40.0,40.3679130908,5.31171727853,-9.07542049436,11.8061674466,11.4741864061,12.3750389314
1042,100.0,20.0,70.0,40.0,42.6468980574,-11.4020941514,-5.81354988095,10.8502024537,12.9229353475,12.609684338
1043,100.0,40.0,70.0,40.0,38.1064658949,-2.68866353883,-12.6218246938,9.45096435045,10.1478382367,12.2522427665
1044,100.0,70.0,70.0,40.0,52.7192555447,11.0751380797,17.967147272,22.3819597398,20.7903294024,10.4737677773
1045,100.0,100.0,70.0,40.0,42.1168287404,11.7650729785,-6.98590950917,13.9167980354,12.5756880766,12.7013382884
1046,0.0,0.0,100.0,40.0,45.9071928915,-7.55945810506,3.92488834559,13.4467323533,15.2002022988,11.2084620105
1047,0.0,20.0,100.0,40.0,38.4146409173,0.702648696884,-12.96866176,10.0434027088,10.3222253258,12.559555809
1048,0.0,40.0,100.0,40.0,41.7455523355,-13.0809295278,-2.62170059669,10.1170732014,12.3362070942,11.0041104483
1049,0.0,70.0,100.0,40.0,63.3063449542,-0.134208352678,21.9901227063,30.7785695964,31.9558104525,15.5818787408
1050,0.0,100.0,100.0,40.0,50.3034589634,-9.4010452063,-7.97037652575,16.2879299713,18.6738810896,18.8606449634
1051,20.0,0.0,100.0,40.0,53.0660062454,-18.2440776289,3.47100546301,16.8357414363,21.1066380689,15.9362540338
1052,20.0,20.0,100.0,40.0,32.8824429516,7.79834773752,3.72909203913,8.04721828887,7.48315496006,5.39053091113
1053,20.0,40.0,100.0,40.0,62.3500276566,-0.673603616605,23.3444273094,29.5360492231,30.813674787,14.3901834163
1054,20.0,70.0,100.0,40.0,50.510646869,-4.56348187982,-22.2951489145,17.3222142579,18.8494875357,26.5022541706
1055,20.0,100.0,100.0,40.0,53.1966831472,-19.528295731,5.45675007391,16.7057752329,21.2266698513,15.2192699732
1056,40.0,0.0,100.0,40.0,32.4041073646,7.73823010183,1.53005906794,7.81504039912,7.26561998323,5.67117591967
1057,40.0,20.0,100.0,40.0,47.653959466,5.21266168337,-3.00224959999,16.8590582663,16.5235097879,14.7833867511
1058,40.0,40.0,100.0,40.0,47.6359798629,6.25412723636,-9.74650708027,17.0340438814,16.5095121241,17.5843798638
1059,40.0,70.0,100.0,40.0,52.4995320781,-6.25163512916,3.42046590715,18.6215631661,20.5915408986,15.5563172853
1060,40.0,100.0,100.0,40.0,56.7847041979,-11.6471702577,-5.72807168071,21.2650367387,24.7028121785,23.3028268372
1061,70.0,0.0,100.0,40.0,61.9595625185,-27.3390152733,13.3686090306,22.6925346012,30.355277844,18.2916738663
1062,70.0,20.0,100.0,40.0,48.7328946281,-10.9520644723,-17.3290687645,14.8607302161,17.3780529057,22.1083757526
1063,70.0,40.0,100.0,40.0,48.3942452715,-13.1248180503,-0.211398640187,14.2647715663,17.1067380277,14.1956289151
1064,70.0,70.0,100.0,40.0,51.6374257526,-1.43838407863,-11.6374456184,18.8344729524,19.8238153107,21.7584873641
1065,70.0,100.0,100.0,40.0,54.4951153728,2.95098981227,11.8333830716,22.279504893,22.4441472457,13.619360304
1066,100.0,0.0,100.0,40.0,63.1466877786,27.3747431968,6.00824263293,38.6098801128,31.7632012663,22.8963835888
1067,100.0,20.0,100.0,40.0,33.2672513824,1.99613850948,0.428284311839,7.5980289462,7.66127467948,6.2262177245
1068,100.0,40.0,100.0,40.0,32.4524348597,3.32752870746,-3.83173807109,7.36848349449,7.28740407907,6.87879355978
1069,100.0,70.0,100.0,40.0,33.8054436917,-0.545712778594,1.1716894178,7.57444031063,7.9151012077,6.26708582531
1070,100.0,100.0,100.0,40.0,32.9835378498,-0.355867806813,-3.90302659515,7.22418480242,7.52967929734,7.11455659845
1071,0.0,0.0,0.0,60.0,36.1910948203,-7.63235704934,4.96086742724,7.91871662123,9.10783709153,6.33928433374
1072,0.0,20.0,0.0,60.0,48.5118010661,-17.8335666084,-4.29653723773,13.595495139,17.200597484,15.9013208332
1073,0.0,40.0,0.0,60.0,54.3647691838,1.45025069748,-9.43463728757,21.8331858184,22.3198789294,23.0555799006
1074,0.0,70.0,0.0,60.0,53.5341345369,-19.1492779986,4.86668751127,17.0376280137,21.5387349969,15.6940956743
1075,0.0,100.0,0.0,60.0,48.5905283981,-10.9266499764,-17.9722395962,14.7631165013,17.2636468961,22.3135893905
1076,20.0,0.0,0.0,60.0,62.8635116134,-0.454093515653,23.6046300686,30.1802593506,31.4234862852,14.6330448873
1077,20.0,20.0,0.0,60.0,46.6619853379,-17.5036942088,-13.1257491562,12.4323774036,15.7629857971,18.3457773648
1078,20.0,40.0,0.0,60.0,38.2144864869,-1.37765195379,-4.9193524973,9.67115998761,10.2087384666,9.82440822927
1079,20.0,70.0,0.0,60.0,51.7059446697,-14.1989333745,-8.03842423856,16.5094421918,19.8841228765,20.0345184003
1080,20.0,100.0,0.0,60.0,41.357624235,11.6463916446,1.60045092561,13.3839183434,12.0892538143,9.49840051551
1081,40.0,0.0,0.0,60.0,63.2752715605,0.0271580561098,6.52389074311,30.7859822025,31.9182628968,22.741951979
1082,40.0,20.0,0.0,60.0,56.9912282699,-30.1689880173,-7.39998500519,17.7545871777,24.913689522,24.4000468758
1083,40.0,40.0,0.0,60.0,48.711393895,7.94605926214,2.43032288734,18.2127681521,17.3607425357,13.4085975705
1084,40.0,70.0,0.0,60.0,65.9234109954,-22.279676372,5.02537461207,27.9349716711,35.2249278079,26.0711198734
1085,40.0,100.0,0.0,60.0,44.0872850188,-8.22509835338,-7.00271392184,12.165680351,13.8986870509,13.9541006807
1086,70.0,0.0,0.0,60.0,58.4801468556,-24.9421677833,-24.8363387236,20.0255474915,26.4696138205,37.1213486061
1087,70.0,20.0,0.0,60.0,48.3055534129,6.39100887341,4.15620813952,17.5906383596,17.0361506814,12.5343191332
1088,70.0,40.0,0.0,60.0,67.428314942,-17.8713587039,-13.9946291632,30.7866665995,37.2020136801,40.5547541899
1089,70.0,70.0,0.0,60.0,45.9721737249,-10.2054233697,-6.17943005642,13.0819877559,15.2481171964,14.8928293877
1090,70.0,100.0,0.0,60.0,59.48512015,-27.9513334857,-9.56984055816,20.2951039728,27.5556134778,28.1295667388
1091,100.0,0.0,0.0,60.0,60.1433538153,-6.04146004949,16.1721479651,25.7944206769,28.2827762599,15.7308607248
1092,100.0,20.0,0.0,60.0,49.4118250374,-9.63319782171,-11.6557779595,15.5779987544,17.9306003839,19.8721311694
1093,100.0,40.0,0.0,60.0,51.458929044,12.01867431,4.40387054815,21.4153140221,19.6672826301,14.4531717648
1094,100.0,70.0,0.0,60.0,45.4194097156,-0.77717955663,-15.5961177237,14.1880508595,14.8437266132,18.4951701935
1095,100.0,100.0,0.0,60.0,68.6427269475,14.0910522699,34.1450248453,41.9738229084,38.8503532723,14.4090776173
1096,0.0,0.0,20.0,60.0,51.4336681877,15.967027326,-7.63105973713,22.2403462604,19.6451969081,19.6151182264
1097,0.0,20.0,20.0,60.0,54.7151827965,-14.4406872096,9.77462735989,18.8859179619,22.6549984795,14.5477155883
1098,0.0,40.0,20.0,60.0,46.0519165535,-1.96552351048,-17.2380026691,14.4374996581,15.3070546126,19.7713461556
1099,0.0,70.0,20.0,60.0,50.4066179969,-23.411397406,-0.896417088091,14.0053959846,18.7611787188,15.846383417
1100,0.0,100.0,20.0,60.0,34.1874910068,-5.83748363649,-4.57251595077,7.19418606264,8.0986473201,7.7985233962
1101,20.0,0.0,20.0,60.0,35.8014647407,1.1775010363,4.45193731923,8.72399092903,8.90537377799,6.30292919387
1102,20.0,20.0,20.0,60.0,31.9445004688,-0.649034792879,-5.16822636865,6.74457096518,7.06061330272,6.98819237346
1103,20.0,40.0,20.0,60.0,33.7416612218,4.51987982439,2.48387643733,8.09427400972,7.88473112627,5.95667295705
1104,20.0,70.0,20.0,60.0,31.4994491242,0.107329859567,-6.0423028655,6.63108811986,6.86580952881,7.013702889
1105,20.0,100.0,20.0,60.0,61.6719633256,21.5145593775,-2.11760201319,34.8959572286,30.0205663674,25.9638385554
1106,40.0,0.0,20.0,60.0,53.2450716778,-1.05691883154,-16.3573912581,20.2946237158,21.2712317758,25.798522109
1107,40.0,20.0,20.0,60.0,73.5482223683,-4.12541328903,24.4341477881,42.9543274864,46.0041424385,22.6381797789
1108,40.0,40.0,20.0,60.0,49.8035443034,1.08120493731,-16.8146619246,17.8049676686,18.2546659837,22.8004147596
1109,40.0,70.0,20.0,60.0,48.5648036262,3.3027555868,3.2644090645,17.2264197528,17.2430280899,13.0120042104
1110,40.0,100.0,20.0,60.0,59.7142924839,-23.1972307288,3.55214971282,21.4933971729,27.8073522004,21.1215050764
1111,70.0,0.0,20.0,60.0,63.3339940629,-18.1614738193,-13.0592176158,26.1885961785,31.9892450188,34.6991958634
1112,70.0,20.0,20.0,60.0,41.0695487575,-6.39034760541,-5.94241634197,10.6109845296,11.9080143205,11.7151787409
1113,70.0,40.0,20.0,60.0,75.1902102154,-2.24855240738,25.91973694,46.0475158906,48.5814734859,23.3485796951
1114,70.0,70.0,20.0,60.0,71.7139079384,-7.6111233678,21.6361958484,39.2234244246,43.2345969146,22.4481493281
1115,70.0,100.0,20.0,60.0,52.2419820129,27.071280386,-9.7819114983,25.5681221384,20.3601478851,21.3472253552
1116,100.0,0.0,20.0,60.0,56.3834804168,-23.5563954578,8.65755438965,18.5128308355,24.2965391799,16.1577868001
1117,100.0,20.0,20.0,60.0,30.7185568393,0.879834005509,-3.65789247105,6.38240901504,6.53272367449,6.15836740401
1118,100.0,40.0,20.0,60.0,66.4003677104,-5.41765482162,27.8379358817,33.0063125697,35.8437534614,15.3737044511
1119,100.0,70.0,20.0,60.0,52.2995232818,23.3872408786,0.743595181106,24.7563727687,20.4116940227,16.52474498
1120,100.0,100.0,20.0,60.0,55.5175964217,-23.3277979795,7.0831698893,17.84637306,23.4349894767,16.1918179666
1121,0.0,0.0,40.0,60.0,30.7588013306,-0.231884800304,-2.20026164241,6.29399645947,6.54962055858,5.85877951686
1122,0.0,20.0,40.0,60.0,67.2445602678,-6.21941543792,25.6212511252,33.8160235301,36.9567373036,16.9045266106
1123,0.0,40.0,40.0,60.0,43.4195383386,-4.01395252999,-6.15528327456,12.3607060179,13.440451312,13.2111811616
1124,0.0,70.0,40.0,60.0,58.0818149801,36.2629756484,6.90037825651,34.682977474,26.0471897577,18.1932297065
1125,0.0,100.0,40.0,60.0,48.3687587406,-15.3387284595,-2.6820331772,13.8920067133,17.0864340922,15.1451079706
1126,20.0,0.0,40.0,60.0,69.7904162181,14.6237957133,13.6833883924,43.8212218651,40.4522196601,24.9447230713
1127,20.0,20.0,40.0,60.0,56.8529805147,-32.87240699,5.14995886768,17.1439194467,24.7723954662,18.0273861756
1128,20.0,40.0,40.0,60.0,58.7068644409,-27.4958833596,-15.0873020693,19.7073820822,26.7120708974,30.7277775209
1129,20.0,70.0,40.0,60.0,44.1390762357,-2.45384025682,-5.1423469366,13.0591333401,13.9346572502,13.2944327518
1130,20.0,100.0,40.0,60.0,64.4503836989,-22.9323674413,-7.7362810353,26.1985774017,33.3587978502,32.3915954564
1131,40.0,0.0,40.0,60.0,48.1905389127,17.8977377789,5.08208092232,19.7203593157,16.9449034178,12.1423560773
1132,40.0,20.0,40.0,60.0,80.3940708208,-1.31916964989,13.9245694889,54.8080097628,57.3821737829,36.4149796281
1133,40.0,40.0,40.0,60.0,31.9723445999,-1.67549126526,-2.0407957881,6.65593356747,7.07292196197,6.27862885804
1134,40.0,70.0,40.0,60.0,34.1130847684,10.7760070074,1.11372126093,8.99742803753,8.06268037294,6.39860189518
1135,40.0,100.0,40.0,60.0,32.4176082724,-4.1788087714,-1.10125218494,6.59923216493,7.27170127468,6.240513493
1136,70.0,0.0,40.0,60.0,35.6126402039,7.88249114053,1.66652876572,9.42907737358,8.80834383835,6.86707626658
1137,70.0,20.0,40.0,60.0,34.5548809706,-9.26392863774,2.06942251071,7.00687561403,8.27780723744,6.35504121534
1138,70.0,40.0,40.0,60.0,57.0567526509,21.1526408902,-3.66737993371,29.2766481468,24.9808449879,22.4651038852
1139,70.0,70.0,40.0,60.0,49.9861656306,0.887994267169,-15.3211433784,17.9166294372,18.4070719864,22.1871135661
1140,70.0,100.0,40.0,60.0,68.7479088956,-2.78718660522,18.5671855986,36.7488788335,38.9953664128,21.4022472425
1141,100.0,0.0,40.0,60.0,49.5038075091,-2.99617487081,-2.57768252485,16.816518142,18.0063491319,15.897811638
1142,100.0,20.0,40.0,60.0,47.086366844,1.42315314287,1.96691677996,15.7559229468,16.0854266044,12.5650866935
1143,100.0,40.0,40.0,60.0,58.4521331333,-19.6969262812,3.3765961597,21.0833951771,26.4397575335,20.1389105525
1144,100.0,70.0,40.0,60.0,59.9157431757,-15.5750406164,-12.8521394528,23.350339455,28.0299017853,30.631213146
1145,100.0,100.0,40.0,60.0,40.4484487631,-6.34572353466,-5.23544568141,10.2650572177,11.5234379489,11.126475058
1146,0.0,0.0,70.0,60.0,35.6041419064,-2.20002844932,-4.18495246515,8.2402277112,8.80399353184,8.33823343886
1147,0.0,20.0,70.0,60.0,76.4233627177,-0.162548027019,6.79653950309,48.7135556464,50.5791270619,36.6176571719
1148,0.0,40.0,70.0,60.0,30.7885007403,-1.82843545261,-0.86329588939,6.15725979181,6.56210869579,5.5901219665
1149,0.0,70.0,70.0,60.0,49.7774970731,0.23392901561,-20.9960608938,17.6255557769,18.2329971523,25.0420869623
1150,0.0,100.0,70.0,60.0,51.4604882969,3.87248840651,5.27451551045,19.734292257,19.6686464367,14.119467665
1151,20.0,0.0,70.0,60.0,57.2645334524,20.1777889994,-9.82692689454,29.2559417302,25.1945959235,26.0270504434
1152,20.0,20.0,70.0,60.0,30.9088723878,-1.87563380939,-1.18030440454,6.20095690181,6.61288564101,5.69871024496
1153,20.0,40.0,70.0,60.0,49.0252004224,-4.25380895896,-8.24693524389,16.2239267026,17.6145328841,17.9828499755
1154,20.0,70.0,70.0,60.0,51.1178023903,3.27033311275,4.55848045101,19.3194585187,19.3704279967,14.1672819493
1155,20.0,100.0,70.0,60.0,56.4199784132,16.5453849074,4.80640356253,27.3968832518,24.3333109215,17.8470564041
1156,40.0,0.0,70.0,60.0,80.1827798112,-1.98855571583,26.2618504711,54.1831004313,57.0056636677,28.0414322396
1157,40.0,20.0,70.0,60.0,49.7341006205,18.2738941618,1.54023289614,21.1660455559,18.1969335049,14.4105130502
1158,40.0,40.0,70.0,60.0,64.1948150464,-24.3772137539,2.52535199364,25.5853997715,33.0418916431,25.7963126185
1159,40.0,70.0,70.0,60.0,44.628198696,-1.44282957393,-8.50224390983,13.540880991,14.2774296221,14.8950492425
1160,40.0,100.0,70.0,60.0,57.7651092614,-30.3863945933,-5.57468066953,18.3449198194,25.7145543674,24.1312906889
1161,70.0,0.0,70.0,60.0,34.9273909775,-7.3541091409,-1.02620804187,7.3670537941,8.46214213127,7.2298309584
1162,70.0,20.0,70.0,60.0,36.7698306702,6.3778427303,5.09491597675,9.86332254612,9.41419379339,6.53445958672
1163,70.0,40.0,70.0,60.0,32.2526744262,-3.1060455013,-2.95516439806,6.63432109606,7.19764131333,6.59441473822
1164,70.0,70.0,70.0,60.0,34.2491801563,9.80957664066,3.52644071667,8.95229702663,8.12854797862,5.9207956683
1165,70.0,100.0,70.0,60.0,31.459633586,-0.58512412861,-3.5439687911,6.54752879415,6.84855858209,6.41724997756
1166,100.0,0.0,70.0,60.0,78.9303569114,-2.83422812845,36.795080839,51.7601697072,54.8076742675,21.0657761261
1167,100.0,20.0,70.0,60.0,49.5878615428,19.2429311943,-4.11976202034,21.2374314456,18.0757549857,16.6045543872
1168,100.0,40.0,70.0,60.0,63.2543370382,-25.9991750736,10.3992517474,24.2532763714,31.8929832427,20.752648133
1169,100.0,70.0,70.0,60.0,44.6213587504,-0.856859013614,-12.9340198299,13.6280518617,14.2725979186,16.7116012133
1170,100.0,100.0,70.0,60.0,56.2461244473,-32.0733236962,1.94780237855,16.8137302507,24.1584850624,19.0127228231
1171,0.0,0.0,100.0,60.0,61.666417822,32.0216594849,-2.45780843719,38.0675704136,30.0141367395,26.1536216823
1172,0.0,20.0,100.0,60.0,64.2761725307,27.4462265453,-2.17849000052,40.1834460276,33.1425565033,28.657765033
1173,0.0,40.0,100.0,60.0,79.2944387137,-2.81965228082,35.5301050625,52.3677956095,55.4406995427,22.0226562481
1174,0.0,70.0,100.0,60.0,79.4517208797,-2.47592915075,32.1039809216,52.7622462182,55.7156652167,23.9746063538
1175,0.0,100.0,100.0,60.0,44.0378188146,0.847064744298,3.61439867749,13.5010850524,13.8643894724,10.2826135796
1176,20.0,0.0,100.0,60.0,50.0361617094,0.755562648222,4.01721343535,17.9322833469,18.4489434392,13.6672044906
1177,20.0,20.0,100.0,60.0,63.7886555649,-21.3006661109,-18.2062983053,25.9034566776,32.5423921491,38.9847830312
1178,20.0,40.0,100.0,60.0,65.3237428241,-19.4970109439,-16.0997643008,27.9851290115,34.4570511185,39.3917493301
1179,20.0,70.0,100.0,60.0,73.3790841352,4.46100283681,4.73555304729,45.6608331782,45.7439573141,34.369802203
1180,20.0,100.0,100.0,60.0,61.9102658884,-22.1571682868,5.89969695945,23.8061873312,30.2977300532,21.8474979813
1181,40.0,0.0,100.0,60.0,62.7079979755,10.5473660058,-8.53805556629,33.0203663743,31.2379574966,30.9520712214
1182,40.0,20.0,100.0,60.0,48.1396935115,-4.83055964666,1.02022656476,15.4614724179,16.9046690707,13.5656286893
1183,40.0,40.0,100.0,60.0,54.5218047366,-6.7835572659,-20.7772083182,20.2489094497,22.4696488776,29.7606692343
1184,40.0,70.0,100.0,60.0,54.9534081464,16.7598857578,14.1795116926,25.8980587512,22.884731185,13.0480672488
1185,40.0,100.0,100.0,60.0,61.2078183694,6.2258913846,9.42401841969,30.0586376735,29.4855935854,19.5188147003
1186,70.0,0.0,100.0,60.0,47.8649368922,-5.60479058107,-1.37405492716,15.1294381162,16.6883536469,14.2915785324
1187,70.0,20.0,100.0,60.0,54.0197949124,-12.7196928612,-5.75401606545,18.6379596919,21.9932056656,20.8670921977
1188,70.0,40.0,100.0,60.0,55.3597494226,16.1641275542,12.7217870763,26.1774016829,23.2801611037,13.844918782
1189,70.0,70.0,100.0,60.0,52.8168838893,-20.9001652306,-0.867345842848,16.1705762673,20.879064811,17.6079850398
1190,70.0,100.0,100.0,60.0,46.4309511333,-2.40952336425,-11.5089597271,14.6324648203,15.5892738668,17.4455672588
1191,100.0,0.0,100.0,60.0,57.0381883456,-14.0603249925,6.72680862713,20.9873721059,24.9618063289,17.4686698672
1192,100.0,20.0,100.0,60.0,51.6585959159,14.6808945785,-2.32764103378,22.1715231509,19.8424353915,17.3718157994
1193,100.0,40.0,100.0,60.0,69.2759926802,13.582820935,28.4141724125,42.716334393,39.7288856026,17.2115625852
1194,100.0,70.0,100.0,60.0,31.8866989794,0.214277633173,-2.99873985889,6.80507331234,7.03510742781,6.46043881912
1195,100.0,100.0,100.0,60.0,32.7929126585,5.09491556955,0.668820406324,7.71068418006,7.44211306314,5.9952269752
1196,0.0,0.0,0.0,80.0,32.8213624776,-2.58977872382,-2.6006737313,6.92679433856,7.45513853559,6.73921707244
1197,0.0,40.0,0.0,80.0,34.4380720971,1.64646861086,1.79560796679,8.10851992109,8.2205611951,6.37128052367
1198,0.0,70.0,0.0,80.0,34.8601972274,-7.49942709364,-1.39955530465,7.32183745108,8.42869137916,7.29288434252
1199,0.0,100.0,0.0,80.0,52.2843315665,-20.0257186599,-8.92343238734,15.9218412023,20.3980766651,20.9549407317
1200,40.0,0.0,0.0,80.0,46.371641993,-4.09367796678,-6.72605410971,14.3154886282,15.5448868278,15.3865086258
1201,40.0,40.0,0.0,80.0,56.9237911304,-12.0555323868,-1.12059910131,21.3054306272,24.8446994716,21.0524922957
1202,40.0,70.0,0.0,80.0,50.8376189681,14.0774990493,3.77773468457,21.2841931108,19.1288535719,14.2813990623
1203,40.0,100.0,0.0,80.0,68.8053584773,14.7379181286,19.8617568034,42.4233234712,39.0747236445,20.8060630612
1204,70.0,0.0,0.0,80.0,78.955502069,-2.81237079447,40.365843955,51.8099557352,54.851238183,19.3571839209
1205,70.0,40.0,0.0,80.0,80.0762714114,-2.28413155403,26.5673212188,53.886328522,56.8164969234,27.7476619794
1206,70.0,70.0,0.0,80.0,39.419601593,0.898476970866,3.21656069364,10.6345157769,10.9047629785,8.11915246642
1207,70.0,100.0,0.0,80.0,56.4028436306,0.538371756415,4.07706047905,23.5694143837,24.3160430063,18.1609688349
1208,100.0,0.0,0.0,80.0,62.1583538723,-22.6315099919,-19.9159747565,23.9419219592,30.588081885,38.1638413669
1209,100.0,40.0,0.0,80.0,68.4202075441,-16.5234998365,-12.23729145,32.3316051415,38.5447540537,40.518399064
1210,100.0,70.0,0.0,80.0,60.3737646669,34.6706648752,-2.81757012301,37.1647772296,28.5403062067,25.0929502943
1211,100.0,100.0,0.0,80.0,68.1015461928,21.8247306717,-1.05103085239,43.7943206998,38.1099143945,32.1334002607
1212,0.0,0.0,40.0,80.0,76.692605373,-8.20024899696,25.7453862196,46.2330365361,51.022449009,24.8546992303
1213,0.0,40.0,40.0,80.0,77.1028088915,2.00304579861,28.7159918775,50.6071109971,51.7028381348,23.6170406696
1214,0.0,70.0,40.0,80.0,32.4284869725,-6.19686264239,1.78058039027,6.41025313345,7.27660389809,5.62798915073
1215,0.0,100.0,40.0,80.0,46.6426147242,1.80198880819,-6.79172827141,15.4921652386,15.748371945,15.6027795574
1216,40.0,0.0,40.0,80.0,61.6001116392,-15.3643623044,18.1487328015,25.0701939408,29.9373304049,15.9512485475
1217,40.0,40.0,40.0,80.0,52.1400433663,24.7388997753,5.29613022226,24.9119390259,20.2690432419,14.5627428052
1218,40.0,70.0,40.0,80.0,31.6391994053,-6.01323426987,0.842443602353,6.10950557439,6.92658862728,5.54110294255
1219,40.0,100.0,40.0,80.0,46.3331489452,1.14025128195,-9.29150134899,15.1534358771,15.5161237149,16.4183154458
1220,70.0,0.0,40.0,80.0,61.6633645365,-16.3886183799,16.0691253314,24.8934688607,30.010597058,16.8741669136
1221,70.0,40.0,40.0,80.0,53.2878809162,24.9524402769,2.55930033649,26.1429341358,21.3107075806,16.4774925773
1222,70.0,70.0,40.0,80.0,63.9545102119,25.1454481009,13.4823589843,39.0049514222,32.7457494036,19.8412253837
1223,70.0,100.0,40.0,80.0,56.277235434,3.77283685855,9.53070603811,24.1837903041,24.1897082462,15.7209087495
1224,100.0,0.0,40.0,80.0,53.6463931099,-3.8797811284,-3.96433748789,20.071689652,21.643222383,19.6856486537
1225,100.0,40.0,40.0,80.0,49.9683270313,-12.6972898988,-3.15380257708,15.4640870488,18.3921476025,16.4731520222
1226,100.0,70.0,40.0,80.0,49.5713403174,-11.8538567182,-9.80430268369,15.3163711105,18.0620988732,19.1263864986
1227,100.0,100.0,40.0,80.0,35.8656664607,-4.87826622106,1.29844342666,8.0673559766,8.93852626975,7.05859360737
1228,0.0,0.0,70.0,80.0,33.4359604646,-1.11045209966,0.115512051816,7.34780682656,7.74024951889,6.36058512507
1229,0.0,40.0,70.0,80.0,32.2576714964,0.352071352185,-0.680350843717,6.97812470019,7.19987771855,6.08757745788
1230,0.0,70.0,70.0,80.0,32.4112162436,2.08250777397,-0.940842026813,7.22125194137,7.26882165366,6.20264456332
1231,0.0,100.0,70.0,80.0,31.595369318,2.37040934909,-1.57406090608,6.89442512566,6.90748794408,6.03370215834
1232,40.0,0.0,70.0,80.0,63.1937627194,24.3127838261,21.718928781,37.7182150737,31.8199114224,15.6133039539
1233,40.0,40.0,70.0,80.0,56.8031197367,5.34122710784,2.46846627562,25.0770058098,24.7215673845,19.2179854031
1234,40.0,70.0,70.0,80.0,52.5251891781,-4.87154152797,2.03388650788,18.9112014667,20.6146877926,16.1458704717
1235,40.0,100.0,70.0,80.0,49.8415988742,-11.286817411,-9.02593926424,15.6121505487,18.2863546396,18.9808552228
1236,70.0,0.0,70.0,80.0,48.4309376832,-14.7743110026,-3.97640215953,14.0247841558,17.1359974066,15.7123079073
1237,70.0,40.0,70.0,80.0,78.5659877646,-3.07767488901,43.155354861,51.0700628341,54.1789921596,17.773049233
1238,70.0,70.0,70.0,80.0,79.1810717053,-2.1612394845,23.5388896739,52.4332017406,55.2430697908,28.6459776609
1239,70.0,100.0,70.0,80.0,34.8726047751,0.902889115332,2.81048277755,8.23458741651,8.43486152266,6.31183995079
1240,100.0,0.0,70.0,80.0,59.1811212671,0.477936707353,4.36184099659,26.3683404433,27.2240308406,20.2704960833
1241,100.0,40.0,70.0,80.0,61.2224977417,-22.944466613,-20.72711092,22.9621058725,29.5024148988,37.5729562388
1242,100.0,70.0,70.0,80.0,69.9091024724,-15.2508531371,-10.4853491585,34.5269135453,40.6203422006,41.1495857071
1243,100.0,100.0,70.0,80.0,59.1321151688,36.6793969892,-2.77746751928,36.1497547112,27.1708283591,23.89198018
1244,0.0,0.0,100.0,80.0,69.4330534631,18.8946219807,-0.543041772571,44.7616583425,39.9488073855,33.3278508179
1245,0.0,40.0,100.0,80.0,73.3966688059,-4.03784078185,2.95541543602,42.7637156443,45.7709619776,35.6347919502
1246,0.0,70.0,100.0,80.0,61.8771641362,-17.7893756285,-11.8715762123,24.7812288282,30.2591286482,32.1920812662
1247,0.0,100.0,100.0,80.0,58.4130304955,38.5407923963,-2.82870861753,35.778597748,26.3981205251,23.2538981904
1248,40.0,0.0,100.0,80.0,32.2803438335,-6.1551956313,2.29135908441,6.35374919031,7.21003038984,5.47116041797
1249,40.0,40.0,100.0,80.0,49.2073935971,10.0882355906,-17.9951061189,19.0401829778,17.7630098433,22.8806343912
1250,40.0,70.0,100.0,80.0,72.5654816695,6.54400917268,39.4462992622,45.1621678024,44.5060958656,14.9818673731
1251,40.0,100.0,100.0,80.0,58.0837746528,36.0868556024,8.73676393372,34.6339366562,26.049256877,17.3777250601
1252,70.0,0.0,100.0,80.0,32.307761566,-5.4455879681,1.43389006363,6.43220152459,7.22232079323,5.65666286896
1253,70.0,40.0,100.0,80.0,48.4869293265,6.62931858478,-7.81928159707,17.7811614216,17.1807107102,17.38200164
1254,70.0,70.0,100.0,80.0,72.8667841297,6.49515334088,36.7272945354,45.5996868667,44.9618762056,16.3041996486
1255,70.0,100.0,100.0,80.0,46.8028195825,-6.16003240989,-5.72774370909,14.281801801,15.8695078624,15.2837646747
1256,100.0,0.0,100.0,80.0,54.3235851977,-17.3913167817,-6.34405999093,17.9952016545,22.2807108761,21.42325634
1257,100.0,40.0,100.0,80.0,49.7412064051,3.55054090875,-0.0944413833319,18.2210218065,18.2028353488,15.0568169088
1258,100.0,70.0,100.0,80.0,61.8106023098,-4.29188013589,4.7728779582,28.0009280051,30.1816072623,22.3385009453
1259,100.0,100.0,100.0,80.0,58.2298891487,32.9578343506,16.2166486139,33.9084393795,26.2036909293,14.3994930228
1260,0.0,0.0,0.0,100.0,32.8689370597,5.52898773898,0.621974235954,7.79277697434,7.47695403672,6.03365266298
1261,0.0,40.0,0.0,100.0,31.5845640478,-0.146382998486,-2.04243549033,6.64208368721,6.90278452451,6.13156465954
1262,0.0,100.0,0.0,100.0,33.7598215745,3.10524500272,1.2763775995,7.94694933129,7.89337026973,6.22647535062
1263,40.0,0.0,0.0,100.0,31.9251481467,-2.94973134257,-1.24237593992,6.51310787684,7.05206691372,6.08511955074
1264,40.0,40.0,0.0,100.0,35.0328984021,-3.05255251917,2.46192172714,7.87372054454,8.51484479811,6.45224691135
1265,40.0,100.0,0.0,100.0,46.0494270217,-5.57523900656,-12.1490395526,13.8548925669,15.3052123228,17.4377846397
1266,100.0,0.0,0.0,100.0,53.8902783318,-19.2343755468,1.812137619,17.3031534545,21.871387864,17.2442064943
1267,100.0,40.0,0.0,100.0,49.1030220843,5.43492648459,-6.44819262986,18.0564530901,17.677851417,17.2470137184
1268,100.0,100.0,0.0,100.0,61.130643532,-5.15256463272,14.8960615274,27.0499525779,29.3972629425,16.9837735604
1269,0.0,0.0,40.0,100.0,58.6049813898,34.995898053,10.1068317841,34.9728719735,26.6029324341,17.1719986142
1270,0.0,40.0,40.0,100.0,78.5676154419,-2.97856564293,45.7629635511,51.1102663725,54.1817898072,16.6395870159
1271,0.0,100.0,40.0,100.0,80.1518228186,-1.91711442328,20.9674165735,54.1586802753,56.9506385587,31.3205206839
1272,40.0,0.0,40.0,100.0,32.9050116105,0.924799259278,2.62076636202,7.32149531948,7.49352449646,5.62414867537
1273,40.0,40.0,40.0,100.0,63.4821058479,0.470615957831,4.62971076347,31.1481933982,32.1687456959,23.9422886765
1274,40.0,100.0,40.0,100.0,61.0149922267,-23.7808687636,-21.4776259231,22.5795273573,29.2652245031,37.8614027533
1275,100.0,0.0,40.0,100.0,72.4293337729,-12.7958900655,-7.74206614511,38.5598552715,44.3011593218,42.4090837391
1276,100.0,40.0,40.0,100.0,59.0114725724,36.9687691821,-3.11221777245,36.0804206816,27.0401506106,23.9607047139
1277,100.0,100.0,40.0,100.0,71.9975957395,15.3518113576,0.365168046862,47.4179142843,43.6554482646,35.7608497613
1278,0.0,0.0,100.0,100.0,61.9805477219,16.8975071449,14.005952157,33.9390902367,30.3797976006,18.0204908172
1279,0.0,40.0,100.0,100.0,65.0847416839,25.892523193,1.34067474705,40.810146826,34.1541471176,27.3777458878
1280,0.0,100.0,100.0,100.0,48.4834410927,-9.13876901178,-0.0112295652281,14.9838150015,17.1779228386,14.1778784364
1281,40.0,0.0,100.0,100.0,61.50950825,3.73753901404,-11.5669754943,29.7437552396,29.832591204,31.575867423
1282,40.0,40.0,100.0,100.0,30.5892945036,1.09979171875,1.24904676784,6.35053886878,6.47864874648,5.1000554738
1283,40.0,100.0,100.0,100.0,54.2408131145,-10.4161058383,-22.1303329425,19.2748835167,22.2021290879,30.3087583917
1284,100.0,0.0,100.0,100.0,48.9104512397,-10.7602975662,-2.5878378546,15.0204726973,17.5214448911,15.4832773627
1285,100.0,40.0,100.0,100.0,59.2964940728,-0.812432487771,5.79931716355,26.1755016449,27.3495571139,19.6751282143
1286,100.0,100.0,100.0,100.0,31.0066298926,0.980817585263,0.892407438939,6.51036564676,6.65431537373,5.31112589718
1287,100.0,0.0,0.0,0.0,52.8851003594,-14.9004151435,-6.70099847191,17.3033921382,20.9412170776,20.3714637702
1288,98.0,0.0,0.0,0.0,56.5542365177,38.3515745085,8.17576028064,33.3839975113,24.46889524,16.4839155369
1289,95.0,0.0,0.0,0.0,68.1609583791,-18.6201174384,22.644317872,31.4423966753,38.1907378745,18.9413145448
1290,90.0,0.0,0.0,0.0,48.2204596621,8.57136528808,-7.14676996242,17.9303043023,16.9686097419,16.8907007928
1291,85.0,0.0,0.0,0.0,58.4386026645,-29.9486541331,5.51811704149,18.9917277698,26.4253451606,19.1104947226
1292,80.0,0.0,0.0,0.0,44.8512700053,-2.29369558491,-12.6878200984,13.5581837513,14.4356044125,16.775795329
1293,75.0,0.0,0.0,0.0,37.9242777459,0.26798342155,6.0481390547,9.72054378082,10.0456731372,6.77406606267
1294,70.0,0.0,0.0,0.0,31.4470323757,-2.97302933953,-1.29537972679,6.31515821999,6.84310486015,5.91877220822
1295,60.0,0.0,0.0,0.0,33.8592276514,7.04646752973,3.78305996317,8.43541285788,7.94077101382,5.72446994148
1296,50.0,0.0,0.0,0.0,30.1166542434,-0.200589054952,-1.87195939199,6.04079661512,6.283467999,5.55938854066
1297,40.0,0.0,0.0,0.0,32.7080280612,8.38848968897,2.80577937096,8.02937137482,7.40333966095,5.5164935227
1298,30.0,0.0,0.0,0.0,54.9847280396,38.9337305719,13.2752134836,31.6510995995,22.9150495496,13.3979866558
1299,25.0,0.0,0.0,0.0,69.4665795639,-17.00670791,10.8075996219,33.4691836815,39.995856625,26.2591407621
1300,20.0,0.0,0.0,0.0,47.2981000634,8.43354928728,-2.99116403397,17.1660872101,16.2479306228,14.5390460186
1301,15.0,0.0,0.0,0.0,58.9416579343,-28.696615804,-3.8548568666,19.6695278246,26.9647204745,24.3000259735
1302,10.0,0.0,0.0,0.0,43.8044884316,-3.73825903153,-8.38865047879,12.6475097517,13.7033696061,14.2968949195
1303,7.0,0.0,0.0,0.0,31.0951449839,0.880883127928,2.31180103631,6.53741677816,6.69197711324,5.06326664559
1304,5.0,0.0,0.0,0.0,65.8596195273,0.235447566528,4.67784614089,33.9558435581,35.1427058677,26.2077459895
1305,3.0,0.0,0.0,0.0,60.3282153121,-23.7863161482,-21.8084184,21.9339157231,28.4892722931,37.2365771417
1306,2.0,0.0,0.0,0.0,73.2928866195,-10.9250729043,-5.363111478,40.3430657121,45.6117379897,41.7061579202
1307,0.0,100.0,0.0,0.0,57.4376315426,39.3542563456,-2.4849616725,34.7751243093,25.3735958364,22.1928752278
1308,0.0,98.0,0.0,0.0,72.9742020821,13.4177288149,0.785482833737,48.2428388225,45.1251167122,36.6639267043
1309,0.0,95.0,0.0,0.0,78.6323029436,-3.02857530072,47.0661982919,51.1970207944,54.2930525035,16.1375092606
1310,0.0,90.0,0.0,0.0,80.4717313295,-1.45950310605,18.5947592936,54.8852256579,57.5209765123,33.2564871278
1311,0.0,85.0,0.0,0.0,48.2827320148,0.661562187179,3.90608875109,16.5282284274,17.0180192388,12.6087349878
1312,0.0,80.0,0.0,0.0,75.5384116279,-0.720835190217,4.14574710489,47.1263627805,49.1401128149,37.433760083
1313,0.0,75.0,0.0,0.0,67.883199373,21.6889728781,-1.1064292719,43.4272123466,37.8138582337,31.9219546203
1314,0.0,70.0,0.0,0.0,50.2042112051,-0.910675531549,5.62293697672,17.7553228267,18.5901493491,13.1818221586
1315,0.0,60.0,0.0,0.0,28.5385740226,-0.519154802526,-2.44991864726,5.41398524129,5.66024144622,5.13170507085
1316,0.0,50.0,0.0,0.0,60.1949924774,29.0834525782,23.4448738046,35.250502685,28.3403574674,12.9656677091
1317,0.0,40.0,0.0,0.0,66.958893861,18.9869385964,18.7270230281,41.1937897888,36.5775733999,19.8102797422
1318,0.0,30.0,0.0,0.0,50.5298538665,-0.474218560913,3.80894081933,18.1021280297,18.8658223619,14.0665205235
1319,0.0,25.0,0.0,0.0,30.6350976075,-1.87648116081,-0.420614410927,6.09193471424,6.49777550436,5.44592377898
1320,0.0,20.0,0.0,0.0,59.6435333345,29.7783918426,21.0932563456,34.7552925036,27.7294625612,13.4771136532
1321,0.0,15.0,0.0,0.0,31.8261446712,8.00342994475,1.23149881501,7.57631678034,7.00845278673,5.52746777006
1322,0.0,10.0,0.0,0.0,30.236690662,-0.773848987128,0.181516293614,6.03570007859,6.33266128449,5.18949697435
1323,0.0,7.0,0.0,0.0,31.9241885429,6.31808594863,1.36186876035,7.44308401199,7.05164331226,5.53536617894
1324,0.0,5.0,0.0,0.0,31.5010989625,-3.17008217919,1.32756064913,6.31854227376,6.86652498145,5.39452783391
1325,0.0,3.0,0.0,0.0,35.7073446413,0.757553854023,2.65535001308,8.62807539363,8.85692035996,6.67414611116
1326,0.0,2.0,0.0,0.0,43.5987075923,-1.71742462197,-3.25448615293,12.8176145073,13.5624002997,12.2876921931
1327,0.0,0.0,100.0,0.0,61.8136849666,-25.4116115099,-11.7353184523,22.9801319481,30.1851945583,32.0299836763
1328,0.0,0.0,98.0,0.0,45.8117140512,9.72677540346,2.5609316406,16.2467456314,15.1299813544,11.605308835
1329,0.0,0.0,95.0,0.0,70.6148956704,-15.4916428417,1.14969552623,35.3506607488,41.6297489755,33.5616622799
1330,0.0,0.0,90.0,0.0,54.3121300636,38.7100690957,17.1716402773,30.7991407044,22.2698246156,11.6204389974
1331,0.0,0.0,85.0,0.0,55.5809457939,41.0615467737,5.68018471065,32.9621001298,23.4973198975,16.8321050411
1332,0.0,0.0,80.0,0.0,45.2369660762,-6.02257853524,-4.12064452199,13.2374728104,14.7118412501,13.6162699127
1333,0.0,0.0,75.0,0.0,63.5639430825,26.0787963026,12.2028017461,38.7680559051,32.2682138478,20.1327528966
1334,0.0,0.0,70.0,0.0,50.7329769657,-21.8396633104,3.52309042296,14.4869608561,19.0391488811,14.3099503668
1335,0.0,0.0,60.0,0.0,79.8427311027,-1.6533392092,22.7213490413,53.7389316353,56.4031779752,29.859998831
1336,0.0,0.0,50.0,0.0,30.0635358143,0.873038591616,2.14373413708,6.11821010323,6.26178058527,4.75943654265
1337,0.0,0.0,40.0,0.0,69.480014115,0.263640735989,5.04984536949,38.6689111806,40.0147205194,29.7374480189
1338,0.0,0.0,30.0,0.0,61.0385372332,-24.2378529033,-21.5894323719,22.5014785729,29.2920735838,37.9737277334
1339,0.0,0.0,25.0,0.0,75.7081479458,-8.29132131677,-2.47850914461,44.7137658474,49.4139761267,42.7192126947
1340,0.0,0.0,20.0,0.0,57.0317147775,40.5182121462,-2.51022120864,34.6037220126,24.9551696241,21.8467953228
1341,0.0,0.0,15.0,0.0,75.0878766082,10.553284305,1.8008012869,50.5563784211,48.4181026439,38.5914298447
1342,0.0,0.0,10.0,0.0,78.4529402436,-2.88008719953,50.4587674066,50.9604279187,53.9849219021,14.6424965628
1343,0.0,0.0,7.0,0.0,80.7677895324,-1.25223743925,15.9028324559,55.4767837883,58.0521747653,35.466340888
1344,0.0,0.0,5.0,0.0,74.7660741286,-2.1939464635,2.70554999789,45.4234449343,47.9067475152,37.513161721
1345,0.0,0.0,3.0,0.0,66.850749681,-20.0498553156,-10.5502240597,29.5422047039,36.4347135858,37.2275153228
1346,0.0,0.0,2.0,0.0,55.2589205249,-24.8742433013,11.2168752032,17.3509534743,23.1816182462,14.3521643286
1347,0.0,0.0,0.0,100.0,28.6219123601,2.49403361074,-0.810975219079,5.70514622827,5.69207441272,4.84664900361
1348,0.0,0.0,0.0,98.0,63.5159454951,-9.99785210576,26.0846374926,28.4202657496,32.2098508928,14.109989616
1349,0.0,0.0,0.0,95.0,46.8700310033,2.98329495034,-21.2923756786,15.8647086118,15.9205129322,22.4971888999
1350,0.0,0.0,0.0,90.0,55.5655404147,-24.583363209,9.28893247799,17.650009968,23.4821521505,15.3205783474
1351,0.0,0.0,0.0,85.0,29.5850858146,1.91069793665,0.36992327647,6.02438854868,6.06868174073,4.93692589823
1352,0.0,0.0,0.0,80.0,64.0067384898,-10.5575195734,24.0151603648,28.8207895938,32.8099623486,15.2512217531
1353,0.0,0.0,0.0,75.0,45.5416814296,0.815817604308,-11.145461258,14.5326614679,14.932554403,16.625613239
1354,0.0,0.0,0.0,70.0,33.3098705741,-2.42848795293,6.33339179251,7.15592097265,7.68117430023,5.02426023861
1355,0.0,0.0,0.0,60.0,29.9809986977,-0.313640592528,-2.07923632834,5.97734074548,6.22818109284,5.5539366552
1356,0.0,0.0,0.0,50.0,31.581121822,2.56474716383,3.62367449946,6.90768202888,6.90128660866,4.97254763905
1357,0.0,0.0,0.0,40.0,29.2687618429,1.21593211885,-2.37964071019,5.83883146784,5.94322101244,5.36612465409
1358,0.0,0.0,0.0,30.0,31.0340905308,4.12323631333,2.87735482451,6.82821205041,6.66598427136,4.93519414413
1359,0.0,0.0,0.0,25.0,58.2885983196,35.9729827493,3.89956646781,34.8592298059,26.2659144098,19.7523286703
1360,0.0,0.0,0.0,20.0,60.4629863809,-4.5041365095,21.8451723252,26.5009685665,28.6404475704,13.7230219777
1361,0.0,0.0,0.0,15.0,48.7954918607,9.5051337302,-10.4413513284,18.5812077612,17.4285158255,18.8010342813
1362,0.0,0.0,0.0,10.0,53.249217585,-19.5319025712,8.98665933699,16.7458738187,21.2750527192,13.881201665
1363,0.0,0.0,0.0,7.0,46.5518808362,-0.963448410637,-16.1178401014,14.9586833158,15.6800394368,19.6483391723
1364,0.0,0.0,0.0,5.0,68.4158635747,-19.2972763418,28.0662971072,31.5580878985,38.5388042242,16.7221428887
1365,0.0,0.0,0.0,3.0,55.0243762608,-15.971516314,-8.05101784989,18.847290285,22.9534683139,22.9255009798
1366,0.0,0.0,0.0,2.0,55.6278597251,5.080409813,13.8575314813,23.8422357737,23.5435503966,13.5928832407
1367,0.0,0.0,0.0,0.0,46.8114145415,-0.499999914264,-12.0556053322,15.2245192307,15.8760242787,17.979173798
1368,100.0,85.0,85.0,0.0,49.0791351803,19.344122177,6.24712784597,20.7991479626,17.6584000516,12.2694103935
1369,80.0,65.0,65.0,0.0,29.4780778148,0.777906118184,1.85976638282,5.88034295343,6.02604448836,4.62665095229
1370,60.0,45.0,45.0,0.0,72.3950376725,0.204423543042,5.20065987972,42.7384484097,44.2496345249,32.8990204965
1371,40.0,27.0,27.0,0.0,61.8940006974,-24.100652314,-21.2094626534,23.3506452371,30.2787584008,38.7872951458
1372,20.0,12.0,12.0,0.0,77.3235575408,-5.93084285996,-0.525839616236,48.0239052716,52.0714762386,43.3870236555
1373,10.0,6.0,6.0,0.0,57.1649707956,39.8134064782,-2.55537569755,34.5656292728,25.092021042,21.9873892829
1374,5.0,3.0,3.0,0.0,76.2279527608,7.52900998819,2.7513127986,51.2706544594,50.2589877857,39.353420301
1375,40.0,27.0,27.0,10.0,78.5182885355,-2.84003723675,50.4567606086,51.0821974387,54.0970496056,14.6873629339
1376,20.0,12.0,12.0,10.0,81.1780457915,-0.88417606894,12.6474440195,56.3362104376,58.7936626777,38.3337173871
1377,10.0,6.0,6.0,10.0,71.6321729976,-3.64524325823,2.65133873535,40.3824275294,43.1138468959,33.7333677362
1378,60.0,45.0,45.0,20.0,78.1288239558,-4.66671466244,6.26877679382,49.7658494831,53.431077248,39.1722972616
1379,40.0,27.0,27.0,20.0,29.7763808835,4.85668898023,1.39733897856,6.37443657577,6.14540337257,4.80602047078
1380,20.0,12.0,12.0,20.0,61.5267589446,-28.6033664373,20.1970132891,22.009261902,29.852514468,15.0681534428
1381,10.0,6.0,6.0,20.0,48.8809579776,6.10356402966,-18.9296381596,18.0018684468,17.4975721653,23.0768273478
1382,80.0,65.0,65.0,40.0,32.4430732,-0.177282865181,6.69575764602,7.00526639161,7.28318082278,4.67688785448
1383,60.0,45.0,45.0,40.0,29.8086767356,5.566565711,2.64253213902,6.45508985672,6.15841954542,4.58817967279
1384,40.0,27.0,27.0,40.0,61.6040180785,-28.1807857768,17.1425047146,22.1729386731,29.9418518256,16.3740952946
1385,20.0,12.0,12.0,40.0,47.4508375843,2.41602291403,-7.64212928435,16.2034432083,16.3658328201,16.5357293315
1386,10.0,6.0,6.0,40.0,32.1654015159,-0.0785676397399,5.82992689694,6.8952283118,7.15865754709,4.74793716686
1387,100.0,85.0,85.0,60.0,29.8060831427,3.16527293313,-1.20841677602,6.22769489271,6.15737357358,5.31727393437
1388,80.0,65.0,65.0,60.0,30.924915331,1.71284794178,1.70808828025,6.54686938483,6.61967282841,5.12323405867
1389,60.0,45.0,45.0,60.0,29.9916934525,2.04884646057,-0.755038433039,6.19827555442,6.23252795559,5.29078739533
1390,40.0,27.0,27.0,60.0,31.2403193271,-1.06913285215,2.56693494344,6.41085296869,6.75405365163,5.06233603786
1391,20.0,12.0,12.0,60.0,30.8613915996,-1.90063667614,-0.72660869537,6.17965342268,6.59282542849,5.58785697173
1392,10.0,6.0,6.0,60.0,49.9120113198,-12.6521996692,4.1983549209,15.4303569123,18.3450848848,13.5202123582
1393,100.0,85.0,85.0,80.0,51.5234453549,-4.95524448765,-12.9076291697,18.0645380851,19.7237647491,22.3095230179
1394,80.0,65.0,65.0,80.0,52.4568713403,-3.01695688213,10.1276562446,19.2175293935,20.553092314,12.9568864026
1395,60.0,45.0,45.0,80.0,57.2161129079,8.49695666746,-3.70127945876,26.2586002576,25.1446755902,22.6259628543
1396,40.0,27.0,27.0,80.0,62.7053125292,23.9973462115,26.8757931128,36.974041852,31.2347601725,13.2917255067
1397,20.0,12.0,12.0,80.0,47.6946508424,11.3496656937,-9.6776756896,18.0269604059,16.5552184641,17.5986581034
1398,10.0,6.0,6.0,80.0,48.3529884116,6.71373926926,2.31812382155,17.6889303266,17.0738786531,13.2230603597
1399,100.0,85.0,85.0,100.0,53.5398348088,-0.607643027229,-4.62419876131,20.6487274428,21.5440325409,19.9132080469
1400,80.0,65.0,65.0,100.0,57.2870492663,-13.3214533803,12.5988008497,21.3688972041,25.217831635,15.1833266606
1401,60.0,45.0,45.0,100.0,65.9486129668,-22.1496685662,0.300545403216,27.9954645803,35.2574463785,28.9058333081
1402,40.0,27.0,27.0,100.0,61.2357168022,-23.9960933349,-21.4731333683,22.7417266622,29.5175682925,38.1389790225
1403,20.0,12.0,12.0,100.0,77.4475572676,-5.62102939471,-0.274135400634,48.3314762814,52.2793154615,43.3564624305
1404,10.0,6.0,6.0,100.0,57.5899989646,40.174188532,-2.6290941081,35.2097913312,25.5318581415,22.403344821
1405,100.0,0.0,0.0,70.0,77.2180136567,6.14771743557,2.98045449377,52.3744437435,51.8950059178,40.4805746489
1406,0.0,100.0,0.0,70.0,78.7909448125,-2.6705574066,51.7517705325,51.5932627604,54.5665615981,14.3666547651
1407,0.0,0.0,100.0,70.0,80.5333005443,-0.729118622831,12.0781416789,55.2818628914,57.6311781856,37.9324920438
1408,100.0,100.0,0.0,70.0,29.0710997012,0.727073642488,1.72340245709,5.72002237186,5.86570876549,4.52490343529
1409,100.0,0.0,100.0,70.0,73.1228438247,0.322466759152,5.15877358183,43.8426280392,45.3516550015,33.7761237107
1410,0.0,100.0,100.0,70.0,65.7491068551,-5.42540572115,0.925017611182,32.2157847448,35.0005671576,28.3142610412
1411,40.0,40.0,0.0,70.0,63.1378589149,21.28074782,-5.11508413154,36.7144276423,31.7525728356,29.2575282616
1412,40.0,0.0,40.0,70.0,49.7581746793,-12.9290659614,4.13935426741,15.2706190801,18.216933832,13.4439236621
1413,0.0,40.0,40.0,70.0,29.1234661392,1.14397877386,-0.334114135474,5.77676022062,5.88617797741,4.9195542253
1414,3.0,3.0,0.0,0.0,54.5138888635,0.343232612211,12.9687966884,21.7335536301,22.4620832633,13.2126813417
1415,3.0,0.0,3.0,0.0,56.1429164207,-13.0989755634,-21.3692186529,20.3866067857,24.0550972593,31.9357052967
1416,0.0,3.0,3.0,0.0,49.5304048444,-13.3661575539,1.69520202626,15.0315895914,18.0282920729,14.2156596207
1417,3.0,3.0,3.0,0.0,29.7139644242,0.0987942064649,1.1843494609,5.91066017813,6.12029971367,4.8256440764
1418,3.0,0.0,0.0,3.0,54.5290241796,0.321700488923,11.8661908425,21.7429202232,22.4765503581,13.6289172098
1419,0.0,3.0,0.0,3.0,54.2904293476,-17.9296819329,-4.13812437338,17.8667870468,22.2492113018,20.3033992139
1420,3.0,3.0,0.0,3.0,31.8533365247,-5.00640657478,2.96428418745,6.28868009008,7.02041368351,5.19038813956
1421,0.0,0.0,3.0,3.0,30.270262596,2.61030196267,0.170663226052,6.363320432,6.34646552224,5.20296287704
1422,3.0,0.0,3.0,3.0,29.8139523275,-1.22303193349,1.17696435919,5.8308944664,6.16054750802,4.85924669216
1423,0.0,3.0,3.0,3.0,29.9117002212,3.73869453673,-0.149620522113,6.32399047488,6.2000638275,5.14476435977
1424,3.0,3.0,3.0,3.0,29.935211613,0.227138571317,0.468992684228,6.00851578876,6.20959386834,5.0330813766
1425,7.0,7.0,0.0,0.0,70.8840318705,15.4435204931,9.49617475774,45.7410142521,42.0190211398,28.4857768818
1426,7.0,0.0,7.0,0.0,51.3564171497,14.952680312,9.78602955276,21.9484611723,19.5777584607,12.4044959417
1427,0.0,7.0,7.0,0.0,59.1386109368,-7.538221195,-7.20516069284,24.4198146611,27.17787637,26.3781178588
1428,7.0,7.0,7.0,0.0,46.5730377431,-1.62510178428,0.591762943671,14.8635966855,15.6959551862,12.7388603475
1429,7.0,0.0,0.0,7.0,54.6246133221,-15.0957992093,-13.7120789079,18.6826486628,22.5680627858,25.6467086671
1430,0.0,7.0,0.0,7.0,59.828217086,-30.3533229603,12.3357763185,20.1067130721,27.9330633645,17.1199289861
1431,7.0,7.0,0.0,7.0,62.6342218491,-1.38729546262,3.42252926291,29.6706692566,31.150198081,23.804395332
1432,0.0,0.0,7.0,7.0,49.7883156791,-10.2572308214,2.79279960192,15.7500352017,18.2419951258,13.9669165977
1433,7.0,0.0,7.0,7.0,52.3833857599,17.2976044968,-2.32701549176,23.4416244795,20.4869746915,17.9246677061
1434,0.0,7.0,7.0,7.0,44.7106500983,0.783018878632,-2.6740755519,13.9483748826,14.3357587051,12.7583985384
1435,7.0,7.0,7.0,7.0,61.5171717919,-23.4021125033,-21.0056706953,23.1431805585,29.841440928,38.1521541448
1436,40.0,3.0,0.0,0.0,78.9354966049,-3.77604725081,1.84489517518,51.409526885,54.8165768959,43.7172106595
1437,3.0,40.0,0.0,0.0,56.7052939162,40.2798710883,-2.33971781241,34.1252282662,24.622045848,21.4747026369
1438,40.0,0.0,3.0,0.0,78.2361856542,4.69823840006,3.75326449441,53.5146611794,53.6141135278,41.24183089
1439,40.0,3.0,3.0,0.0,78.8596648096,-2.50397661512,52.4643229982,51.769931682,54.6853239892,14.1386083594
1440,0.0,40.0,3.0,0.0,81.3419744031,-0.40475670651,10.5507411933,56.8171226453,59.0917000812,40.1274523869
1441,3.0,40.0,3.0,0.0,32.1257701952,0.821094325217,2.24151081464,6.96813074291,7.14100128329,5.42734848406
1442,40.0,40.0,3.0,0.0,75.169037966,0.267605580353,5.6394747066,46.9099863477,48.5476428716,35.8983209804
1443,3.0,0.0,40.0,0.0,56.5899390241,-7.00290999941,-0.59690655357,22.0787111786,24.5050349976,20.5098958218
1444,0.0,3.0,40.0,0.0,66.0814545501,-14.7073767946,-14.1914759094,30.0782679374,35.4291851537,38.9384614817
1445,3.0,3.0,40.0,0.0,66.8046076783,6.66314842094,-6.24705630977,37.0764879132,36.3738728134,34.1269070327
1446,40.0,3.0,40.0,0.0,51.6336671672,-6.93399792604,8.51598118643,17.7812005336,19.8205106894,13.026305323
1447,3.0,40.0,40.0,0.0,58.7331973384,-8.3112777807,-17.7869027315,23.8407288604,26.7403275053,32.5201007444
1448,40.0,0.0,0.0,3.0,29.9794903294,4.42040187007,3.39618257158,6.41606974205,6.2275681821,4.50588805394
1449,40.0,3.0,0.0,3.0,64.5909438381,2.46409461633,14.1206062169,33.0296769559,33.5339535476,20.0617399367
1450,0.0,40.0,0.0,3.0,51.4151156382,-7.69856911442,6.20964494021,17.463229342,19.6289868353,13.7364078778
1451,3.0,40.0,0.0,3.0,56.6982729849,-13.8680709096,0.126753546943,20.7220249742,24.6149135063,20.2483248413
1452,40.0,40.0,0.0,3.0,29.9849339526,4.17169244449,3.25123568455,6.39469468322,6.2297803346,4.53343804455
1453,40.0,0.0,3.0,3.0,28.9001642498,1.26848715495,-1.82617441082,5.70284624632,5.7992231636,5.1316442973
1454,40.0,3.0,3.0,3.0,30.8501362663,6.28715014336,4.15318579666,6.96488243195,6.5880761056,4.63975414429
1455,0.0,40.0,3.0,3.0,28.7714903465,0.370505958197,-1.59004808093,5.57622040187,5.74950805003,5.04318082189
1456,3.0,40.0,3.0,3.0,31.8336170196,2.83683742834,4.85888747707,7.04433793043,7.01173829827,4.82192204944
1457,40.0,40.0,3.0,3.0,30.2109264164,-2.11065528906,-1.36039683549,5.9046024567,6.32208102838,5.48816818883
1458,0.0,0.0,40.0,3.0,58.9880202706,-31.157870983,15.6785210942,19.2196199457,27.014796268,15.1245376924
1459,3.0,0.0,40.0,3.0,47.1835387651,5.66417314565,-14.7430356632,16.5755313655,16.1598702926,19.5127849692
1460,40.0,0.0,40.0,3.0,63.409109619,-25.4243467522,23.8101652795,24.5407165115,32.080195908,14.9221343024
1461,0.0,3.0,40.0,3.0,51.0093464148,21.1422617484,-7.50100666137,22.9764511834,19.2766773525,19.2087141222
1462,3.0,3.0,40.0,3.0,78.5745805164,-3.17029104002,47.6892651273,51.0490163847,54.1937624469,15.8380505952
1463,40.0,3.0,40.0,3.0,45.9931075451,0.168729771207,-14.4827860786,14.7464985886,15.263574578,18.4385069006
1464,0.0,40.0,40.0,3.0,57.1917678832,35.5284251468,18.8059805428,33.3625590002,25.1196014282,12.7723493297
1465,3.0,40.0,40.0,3.0,49.5186918655,-8.81169966081,-9.99846779574,15.7990729339,18.0186266086,19.1747148049
1466,40.0,40.0,40.0,3.0,68.9119787211,14.0088711133,34.8440327631,42.3331999066,39.2222873127,14.3184831379
1467,3.0,0.0,0.0,40.0,59.9816334384,-27.960009899,-6.56242048016,20.7345810035,28.1029499163,26.8500514646
1468,0.0,3.0,0.0,40.0,61.7492701874,-23.1077275703,-20.1312930562,23.4337060386,30.1102939729,37.8022813392
1469,3.0,3.0,0.0,40.0,79.7939961784,-2.45702630687,3.2230461641,53.3427067862,56.3171806206,43.7999396821
1470,40.0,3.0,0.0,40.0,56.9697522998,40.846186313,-2.31251226622,34.6215166518,24.8917051718,21.6917466745
1471,3.0,40.0,0.0,40.0,78.9483995263,3.21246986481,4.25193331505,54.1360034273,54.8389307091,41.812929941
1472,0.0,0.0,3.0,40.0,78.9226909109,-2.57734605199,51.7461866502,51.8457538615,54.7943975326,14.4566582779
1473,3.0,0.0,3.0,40.0,81.1844588994,-0.412486323523,8.78958678337,56.5383516717,58.8053034238,41.2784063389
1474,40.0,0.0,3.0,40.0,28.5572986887,0.627872896118,1.53488437845,5.51880750123,5.6673833921,4.40146316991
1475,0.0,3.0,3.0,40.0,76.6917977719,0.145118176656,5.23612801716,49.2530709626,51.0211153937,38.0939767746
1476,3.0,3.0,3.0,40.0,51.5354624801,-6.61885869541,-1.38228338029,17.760935331,19.734297319,16.8696600959
1477,40.0,3.0,3.0,40.0,76.1485494899,0.823411705357,0.674511418113,48.64071504,50.1292887165,40.8373343628
1478,0.0,40.0,3.0,40.0,59.2696863509,-31.0124850584,17.6900463941,19.4892523614,27.3203558212,14.5232798732
1479,3.0,40.0,3.0,40.0,51.8625682691,15.4901798883,-14.371445271,22.540193695,20.0224356703,23.3865344703
1480,40.0,40.0,3.0,40.0,66.9731364425,-21.6028883079,29.7750418152,29.2733824414,36.5964158104,14.993491621
1481,3.0,0.0,40.0,40.0,48.7420970372,2.70466831727,-20.2918029479,17.2569220536,17.385465336,23.6762279823
1482,0.0,3.0,40.0,40.0,58.4434497016,-31.2633034626,12.5361304085,18.7394663784,26.4305075211,16.0217319988
1483,3.0,3.0,40.0,40.0,50.6470864319,11.3457249908,-0.987610411137,20.5421844083,18.9657288614,16.0556775399
1484,40.0,3.0,40.0,40.0,66.801327258,-21.7307241576,25.0630387094,29.0470240337,36.3695499791,16.8160827897
1485,3.0,40.0,40.0,40.0,48.1109203523,-1.68818505227,-8.50230585583,15.9826375742,16.8819288981,17.3972256437
