SAMPLE_ID,CMYK_C,CMYK_M,CMYK_Y,CMYK_K,LAB_L,LAB_A,LAB_B,XYZ_X,XYZ_Y,XYZ_Z
1,0.0,0.0,0.0,0.0,66.1118014181,4.42531344536,8.44501276664,35.5011482752,35.4684959469,24.3342537617
2,0.0,10.0,0.0,0.0,50.6380152951,0.561047402167,4.71139082758,18.3884377156,18.9579858085,13.795831784
3,0.0,20.0,0.0,0.0,35.6533626091,-0.288118258245,2.89765048755,8.48095825863,8.82920965911,6.59681259522
4,0.0,30.0,0.0,0.0,80.4152451324,2.60265567691,6.9635924162,56.4166710224,57.4199964914,41.6694338113
5,0.0,40.0,0.0,0.0,37.882765259,0.228876012349,3.10976650333,9.69324487213,10.0224906336,7.46664443266
6,0.0,55.0,0.0,0.0,74.8469826273,-0.249727640114,4.1218832962,46.2313533627,48.0349733702,36.5865288596
7,0.0,70.0,0.0,0.0,45.874769933,9.64424811246,0.0342616462623,16.2801728977,15.1763321747,12.5100006125
8,0.0,85.0,0.0,0.0,70.656759573,-0.130878881509,4.08060127503,40.1593787815,41.6901413442,31.6565345613
9,0.0,100.0,0.0,0.0,37.7402761879,1.45469796922,3.48946707959,9.76995315403,9.94318945773,7.31171960996
10,10.0,0.0,0.0,0.0,77.7066711244,2.35892575302,6.56333874701,51.7290876714,52.7154068382,38.4072462653
11,10.0,10.0,0.0,0.0,40.8586052098,1.15483028495,3.55388627713,11.5172737954,11.7764566549,8.69788656223
12,10.0,20.0,0.0,0.0,53.2281721926,0.515832351642,4.4746731859,20.603223178,21.2556616362,15.6386924588
13,10.0,30.0,0.0,0.0,44.047130128,1.35256200512,4.0239851571,13.5863844905,13.8708411907,10.16157274
14,10.0,40.0,0.0,0.0,74.2931420639,5.22534637463,4.11288820385,47.334385402,47.1617954724,35.9099916138
15,10.0,55.0,0.0,0.0,56.9832829809,-5.4200057537,-10.4606152193,22.7962394965,24.9055546437,26.112467567
16,10.0,70.0,0.0,0.0,77.5371695642,2.89671193764,3.75875849442,51.6554670539,52.4298607627,40.3052676431
17,10.0,85.0,0.0,0.0,37.6194646077,0.728375006247,3.64388879754,9.61398151278,9.87628131839,7.22285244561
18,10.0,100.0,0.0,0.0,70.8024270393,-0.616099849752,3.68622365649,40.2054258583,41.9007346565,32.08025512
19,20.0,0.0,0.0,0.0,42.1366216984,0.674855822208,3.74985639896,12.237414734,12.5885412305,9.26419856624
20,20.0,10.0,0.0,0.0,66.6743228553,-0.550772489988,3.80134100734,34.7482495559,36.2024507874,27.5441693714
21,20.0,20.0,0.0,0.0,79.7480358362,0.17511659478,4.64739367764,54.2973438229,56.236159408,42.5911968161
22,20.0,30.0,0.0,0.0,57.4503730256,-0.10131282967,3.89905446267,24.4568923272,25.3868051405,19.0709479714
23,20.0,40.0,0.0,0.0,52.5320925757,0.105933339881,3.85117585078,19.9060631889,20.6209187448,15.4043860031
24,20.0,55.0,0.0,0.0,49.5799558782,0.343264520618,4.05012685135,17.4876243578,18.0692194639,13.3635784526
25,20.0,70.0,0.0,0.0,80.096774551,0.230220367791,3.37584645649,54.9144494111,56.8528794296,44.1002233572
26,20.0,85.0,0.0,0.0,43.079179808,0.655211805329,4.17930209475,12.8377112394,13.2108087228,9.61289101697
27,20.0,100.0,0.0,0.0,66.086663699,-7.23601221493,-3.2295217278,32.1168212868,35.4359309265,31.28592613
28,30.0,0.0,0.0,0.0,75.7961236374,-1.80666028512,2.5153250919,47.1353386288,49.5563211786,38.9704503333
29,30.0,10.0,0.0,0.0,79.5187701174,-0.613316132898,7.71717869943,53.5994252704,55.8331586752,39.8907270853
30,30.0,20.0,0.0,0.0,63.6187849818,-2.08819005272,1.76236435091,30.6147668831,32.334985433,25.6653119017
31,30.0,30.0,0.0,0.0,53.2778841665,-0.755755958745,2.74115130529,20.3853630579,21.3014848823,16.3934516434
32,30.0,40.0,0.0,0.0,60.3299140928,-1.28931615769,2.11086310061,27.1521865026,28.4911745295,22.3950602867
33,30.0,55.0,0.0,0.0,82.7789518579,-0.298476777819,4.35665604638,59.4176973176,61.7474849556,47.1373936618
34,30.0,70.0,0.0,0.0,39.095131961,5.43281010617,-11.4889271405,11.0572260648,10.7143471872,12.4517296756
35,30.0,85.0,0.0,0.0,49.0806271128,18.5115432669,21.9800248065,20.6277078115,17.6596145305,7.57604134752
36,30.0,100.0,0.0,0.0,44.5602961188,-4.95308372063,-12.6848945775,12.9551009601,14.2295118759,16.5607799734
37,40.0,0.0,0.0,0.0,72.935525409,4.14741403151,19.5131862312,44.8830501315,45.066295252,24.7183984106
38,40.0,10.0,0.0,0.0,58.4350400691,-25.0983821842,2.69823923804,19.9544875415,26.4215512295,20.4541975803
39,40.0,20.0,0.0,0.0,57.9114543331,-25.7897877436,8.96711932059,19.363641066,25.8679061029,17.1476592587
40,40.0,30.0,0.0,0.0,72.6215182623,10.7353955149,20.1979615873,46.726672051,44.5906281764,24.0451549915
41,40.0,40.0,0.0,0.0,50.640078549,-8.78410466963,2.19530331354,16.656260151,18.959746801,14.7640928841
42,40.0,55.0,0.0,0.0,50.897894968,18.6779639229,4.82457427346,22.3278402318,19.1806530341,13.9220071231
43,40.0,70.0,0.0,0.0,39.5671347019,3.5847844087,-1.07794549085,11.0827095295,10.9920840803,9.37921446452
44,40.0,85.0,0.0,0.0,48.016885447,12.5441261163,-11.7985747153,18.5200738968,16.8077529266,18.8078679425
45,40.0,100.0,0.0,0.0,50.3079194962,17.9017120112,9.73492871276,21.6114953081,18.6776501719,11.7998892659
46,55.0,0.0,0.0,0.0,45.4293950066,-6.84595670748,-1.81432721169,13.2384053845,14.850967469,12.8941777783
47,55.0,10.0,0.0,0.0,58.1838471152,4.90270300926,15.819696623,26.3991064368,26.1549616483,14.5225853022
48,55.0,20.0,0.0,0.0,57.5634774159,-25.9736835978,16.3989107901,19.0314900057,25.5042633427,13.891058724
49,55.0,30.0,0.0,0.0,49.0425766517,29.8938040887,6.42095112971,23.0374537585,17.6286576831,12.1873144179
50,55.0,40.0,0.0,0.0,73.7209575918,-10.7060864605,25.9055885332,41.0147994117,46.2708771892,22.0303871833
51,55.0,55.0,0.0,0.0,52.5099368952,29.3100898277,0.337612687771,26.387125307,20.6009256531,16.8525842161
52,55.0,70.0,0.0,0.0,62.844751375,-25.1722332944,8.84250554045,24.037559818,31.40106634,21.1749337886
53,55.0,85.0,0.0,0.0,46.5966095363,11.6679553348,-9.7149911729,17.2047008869,15.7137002669,16.7913673921
54,55.0,100.0,0.0,0.0,59.1686319396,-1.39618740947,37.3353480471,25.9011886008,27.2104654661,8.10103394044
55,70.0,0.0,0.0,0.0,43.9212875436,21.871419441,-1.7491916412,16.9623200812,13.7838152061,11.9606007372
56,70.0,10.0,0.0,0.0,53.6403231118,-9.36798622151,26.9550743223,18.9718415897,21.637563962,8.32664876722
57,70.0,20.0,0.0,0.0,41.1447850939,11.8818184778,-7.08833075163,13.2784215432,11.955172412,12.1501406211
58,70.0,30.0,0.0,0.0,47.7233900601,-19.476329258,15.1069372662,12.8206133949,16.5776378696,8.77622212685
59,70.0,40.0,0.0,0.0,57.3843251727,29.4820346218,12.7116605469,31.897139796,25.3183819346,15.2053027316
60,70.0,55.0,0.0,0.0,64.5797328532,-3.3097939635,27.5103237053,31.4078753574,33.5199607961,14.2663019091
61,70.0,70.0,0.0,0.0,51.577979979,12.8069628892,2.83069691688,21.6926418745,19.7715924501,15.1532680847
62,70.0,85.0,0.0,0.0,57.2455829732,-13.9194684273,14.9645138087,21.2047470016,25.1750506063,14.228201798
63,70.0,100.0,0.0,0.0,57.0300122813,19.7173487611,-2.38769111032,28.8732660615,24.9534244197,21.7828288345
64,85.0,0.0,0.0,0.0,67.410694121,1.56605371043,43.2207655335,36.3215436945,37.1784464445,10.4976840798
65,85.0,10.0,0.0,0.0,33.1671970772,7.01688769971,0.419460304692,8.09658903809,7.6146927525,6.19011219155
66,85.0,20.0,0.0,0.0,52.4526327744,-21.3069431176,6.16850967452,15.8252555552,20.5492748634,14.4332817424
67,85.0,30.0,0.0,0.0,50.2759051971,-14.8901240655,22.3045183438,15.3164814502,18.6506098168,8.02188811753
68,85.0,40.0,0.0,0.0,56.5411203973,2.62187472987,-0.387144007247,24.180677977,24.4556274154,20.3664122668
69,85.0,55.0,0.0,0.0,46.1361467565,-4.06834511648,14.9629847397,14.1555381602,15.3694733412,8.07539535079
70,85.0,70.0,0.0,0.0,57.6613496749,18.0395092882,6.62641188709,29.1443108789,25.6061949982,17.9902760781
71,85.0,85.0,0.0,0.0,44.7291900411,8.12141930524,6.33051517236,15.1648202568,14.3488963664,9.81913110491
72,85.0,100.0,0.0,0.0,50.3888718605,21.6972122694,-9.58580346817,22.5083509066,18.7461418378,19.6880530496
73,100.0,0.0,0.0,0.0,56.8751868725,26.9745585629,6.26382278031,30.6135593621,24.7950550349,17.5487846784
74,100.0,10.0,0.0,0.0,55.8868612219,2.06094326149,-0.748289616049,23.4111071261,23.7998706613,19.9952092493
75,100.0,20.0,0.0,0.0,55.5403451552,0.592510906949,20.6738059845,22.7504710329,23.4573596046,11.1627249663
76,100.0,30.0,0.0,0.0,54.1088473946,-11.0438571164,-1.03094550818,19.0391752486,22.0772265429,18.686093278
77,100.0,40.0,0.0,0.0,62.9399966196,-19.2908962654,0.805773238688,25.508459819,31.5150022673,25.5440624741
78,100.0,55.0,0.0,0.0,56.009811058,1.14259062002,11.8478814817,23.3237623395,23.9221961211,14.6096259733
79,100.0,70.0,0.0,0.0,47.8747797799,-1.82948475039,2.35650697144,15.7811300459,16.6960708819,12.910467596
80,100.0,85.0,0.0,0.0,47.7709377503,13.4807107151,6.98317910919,18.4962916398,16.6147741556,11.259252969
81,100.0,100.0,0.0,0.0,50.4285444822,20.8769009133,-7.19113440181,22.3662319504,18.7797688488,18.6010781487
82,0.0,0.0,10.0,0.0,45.4454343559,-1.28386699188,5.84495428805,14.124530287,14.8626033668,10.3433692479
83,0.0,10.0,10.0,0.0,58.5273924382,-17.7684532915,5.409883343,21.5600031283,26.5200178207,19.2327322054
84,0.0,20.0,10.0,0.0,54.2531682165,8.80835851865,5.27752207057,23.3448887103,22.2138469687,16.0358405711
85,0.0,30.0,10.0,0.0,68.9366344752,-1.86528216796,21.182574715,37.2791791442,39.2564639713,20.2700672337
86,0.0,40.0,10.0,0.0,60.0159825605,24.1844036961,16.3986121129,33.5995912842,28.1410807672,15.5486888562
87,0.0,55.0,10.0,0.0,55.4926607048,-16.3236467743,-4.38866065615,19.1738593575,23.4104851072,21.4536185188
88,0.0,70.0,10.0,0.0,62.8855484988,17.1989286951,1.9323697805,35.165587717,31.449835706,24.8590074776
89,0.0,85.0,10.0,0.0,60.2912362957,-6.81213725207,23.9980233707,25.7624266966,28.447885437,12.8266146565
90,0.0,100.0,10.0,0.0,55.7394658179,3.40252499845,-8.31273590849,23.5704923999,23.6537742666,23.7222198422
91,10.0,0.0,10.0,0.0,69.3537850356,6.73075494877,37.1029409043,40.5625505169,39.837711911,13.7496878436
92,10.0,10.0,10.0,0.0,33.2362594129,-0.676103919716,-1.86373606455,7.30355112953,7.64682560912,6.73418621735
93,10.0,20.0,10.0,0.0,56.4276908401,-14.7805772689,25.0546013108,20.2935034752,24.3410859391,10.2584375206
94,10.0,30.0,10.0,0.0,34.9917610412,5.82140605352,3.5886795179,8.85921694594,8.49427007244,6.18495777541
95,10.0,40.0,10.0,0.0,63.0225564585,2.40730380165,38.1264787055,31.1361751889,31.6139861444,9.74277013997
96,10.0,55.0,10.0,0.0,53.5140175966,-4.87171322936,0.0564186268522,19.7558429104,21.5200462721,17.7312254132
97,10.0,70.0,10.0,0.0,66.5186138589,-13.4949577515,13.3643989013,30.9098775386,35.9982844783,22.0937523385
98,10.0,85.0,10.0,0.0,61.2564495429,11.4209782779,11.8900812379,31.5192826142,29.5413452861,18.4126493569
99,10.0,100.0,10.0,0.0,75.7118320521,-0.917009758063,27.4004862697,47.3245525442,49.4199315513,23.0397970779
100,20.0,0.0,10.0,0.0,42.4550920095,17.3674849023,-4.91812178099,15.0712748462,12.7965552948,12.1808625813
101,20.0,10.0,10.0,0.0,45.6014842772,8.29773078844,15.0227436251,15.8380687263,14.976128643,7.82012494102
102,20.0,20.0,10.0,0.0,50.5074186335,4.70292217821,-4.61732309597,19.083031329,18.8467429692,17.5057069494
103,20.0,30.0,10.0,0.0,64.3388451851,-8.77622106282,6.03833656156,29.6597505557,33.2202415993,23.9794726939
104,20.0,40.0,10.0,0.0,69.479722468,-16.8569505856,9.44047512706,33.5281991516,40.0143109454,27.0691217988
105,20.0,55.0,10.0,0.0,70.334178984,-8.87187584271,11.6793802992,36.9782630761,41.2262964938,26.6208324468
106,20.0,70.0,10.0,0.0,65.8217440709,-1.35710111966,8.79038488746,33.4517871465,35.0939481188,23.8735618344
107,20.0,85.0,10.0,0.0,59.5000071623,8.88483521392,4.62689081854,28.8251320088,27.571920069,20.4090524232
108,20.0,100.0,10.0,0.0,47.474203972,10.3832159602,-0.751718396608,17.6668258757,16.3839201104,13.7989355098
109,30.0,0.0,10.0,0.0,42.8420729334,15.8861306786,5.51401656411,15.102633434,13.0523864661,9.10728108632
110,30.0,10.0,10.0,0.0,53.1719270588,29.3371600618,-2.72224288759,27.0958241352,21.2038955803,18.7210249096
111,30.0,20.0,10.0,0.0,46.9994733845,9.30582951304,3.62128676291,17.0902337454,16.0190512143,11.9390080291
112,30.0,30.0,10.0,0.0,50.5242864684,2.8330569765,6.27802951307,18.7320979867,18.8610865291,13.1442378185
113,30.0,40.0,10.0,0.0,53.2227274244,-2.51803378878,8.17269121436,19.9774674302,21.2506467827,14.1730065053
114,30.0,55.0,10.0,0.0,67.4406938879,-12.2200735287,9.1390770644,32.3543360754,37.2185760444,25.2206194601
115,30.0,70.0,10.0,0.0,66.835021231,13.0462620918,21.9784732804,39.1052908777,36.4139671427,18.1993917875
116,30.0,85.0,10.0,0.0,63.2009831125,7.17777202603,16.1345156034,32.6691459449,31.8286156388,18.0095569213
117,30.0,100.0,10.0,0.0,59.395217425,-0.3902321084,9.59525296939,26.3816658844,27.4572745437,17.9995074715
118,40.0,0.0,10.0,0.0,54.7471617567,-8.72797534819,3.16733816408,20.0506644562,22.6857476457,17.2975179004
119,40.0,10.0,10.0,0.0,54.3831692574,-0.0397130546411,-14.5853106375,21.5313938001,22.3373931551,25.9070922536
120,40.0,20.0,10.0,0.0,52.1893812492,10.2170937957,26.7541931147,21.7023766643,20.3131034992,7.72455045159
121,40.0,30.0,10.0,0.0,52.6080342027,8.49364764647,-1.16479867548,21.719740901,20.6895459527,17.5803172063
122,40.0,40.0,10.0,0.0,47.4471924479,1.76398152135,18.8113243454,16.0860821525,16.3630124193,7.66516547727
123,40.0,55.0,10.0,0.0,47.3654372628,0.342318326367,-7.64945554301,15.7770383682,16.2998399753,16.4764972598
124,40.0,70.0,10.0,0.0,43.5135783023,-9.23300892666,9.37714304611,11.6660900871,13.5043667013,8.3583520384
125,40.0,85.0,10.0,0.0,70.2182256329,7.44026732443,24.613363651,42.0204156017,41.0604093623,19.6829940171
126,40.0,100.0,10.0,0.0,66.8349156392,1.07837734416,18.8564020697,35.4328168819,36.4138278895,19.646678552
127,55.0,0.0,10.0,0.0,62.0868153346,-6.14561352557,11.5282345188,27.8330149518,30.5041666951,19.241445444
128,55.0,10.0,10.0,0.0,58.2612097738,-12.1857848982,-21.1060312956,22.5192086122,26.2368741523,34.2155992922
129,55.0,20.0,10.0,0.0,67.2250994968,4.71038828824,0.48495721591,37.0335840683,36.9308243138,30.1638803082
130,55.0,30.0,10.0,0.0,41.0565995353,-0.0714940838187,16.2638968866,11.4650274065,11.8999102856,5.70952590784
131,55.0,40.0,10.0,0.0,34.9516380088,-1.12553699211,1.86861858976,8.04667242908,8.47423461389,6.55536222093
132,55.0,55.0,10.0,0.0,36.3810726361,-8.3822765743,6.94876664732,7.92625594238,9.20765831379,5.97510732795
133,55.0,70.0,10.0,0.0,57.332892227,-5.19852516474,33.9728167261,23.1807170973,25.2651844772,8.15315770307
134,55.0,85.0,10.0,0.0,50.3959809922,-5.12620397046,-8.1465831905,17.128248329,18.7521646723,19.0164125842
135,55.0,100.0,10.0,0.0,50.7447841956,6.36698726383,23.8581340175,19.6158966782,19.0492565998,7.82845550839
136,70.0,0.0,10.0,0.0,50.3630832887,1.58209256609,-5.1935152021,18.3570182841,18.7243046633,17.6502182365
137,70.0,10.0,10.0,0.0,50.0308802279,27.9183055813,15.8973549864,23.5500981005,18.4445172297,9.69212289202
138,70.0,20.0,10.0,0.0,55.4110832336,36.7340294436,-1.0258486901,31.5515539125,23.3304381559,19.7352424441
139,70.0,30.0,10.0,0.0,50.8561486032,11.6811250722,-3.64495895338,20.7984287094,19.144767467,17.3428299779
140,70.0,40.0,10.0,0.0,62.396793921,16.0768563831,9.75413030571,34.2206435852,30.8688847525,20.3443657758
141,70.0,55.0,10.0,0.0,50.0723134483,-7.94159010709,10.9824319476,16.3699468825,18.4792598552,11.2489673832
142,70.0,70.0,10.0,0.0,60.3476169521,-3.54241785974,7.35068859574,26.6147162634,28.5110026236,19.7995631548
143,70.0,85.0,10.0,0.0,72.5788959852,-5.38279431574,14.715948307,41.146030227,44.5263218919,27.1091330597
144,70.0,100.0,10.0,0.0,50.342343606,-6.91231983658,3.84079651581,16.762078906,18.7067550814,13.9318090092
145,85.0,0.0,10.0,0.0,52.343861572,6.87131687776,9.3978220241,21.1337229652,20.4514720715,13.1505694917
146,85.0,10.0,10.0,0.0,44.2107297408,4.47112072647,0.53480146399,14.1942555526,13.9845245182,11.3612825587
147,85.0,20.0,10.0,0.0,55.2615838851,35.6960269939,1.52291905325,31.0916069977,23.1842176391,18.4268537433
148,85.0,30.0,10.0,0.0,45.6679459916,-13.7059711773,6.57652500483,12.3606168301,15.0246541024,10.2358836422
149,85.0,40.0,10.0,0.0,43.5974075367,5.54391587484,-4.0797770402,13.9423871739,13.5615127893,12.5761182384
150,85.0,55.0,10.0,0.0,51.3566743538,-3.44465164604,15.928953128,18.2149318776,19.5779827377,10.3768220266
151,85.0,70.0,10.0,0.0,47.8481097432,14.6529489794,2.28398532163,18.787392216,16.6751659679,12.9200075055
152,85.0,85.0,10.0,0.0,56.1406316602,4.30358934853,23.9627223875,24.1704342564,24.0528118625,10.4435832826
153,85.0,100.0,10.0,0.0,54.6183180854,1.55172276257,3.88918882537,22.0908973717,22.5620284037,16.8884790351
154,100.0,0.0,10.0,0.0,68.9145552659,-9.63342685099,18.8839386082,34.9165524412,39.2258578707,21.3874351856
155,100.0,10.0,10.0,0.0,61.3281837724,15.9495863847,15.7705143845,32.8661969839,29.6237109883,16.754466223
156,100.0,20.0,10.0,0.0,77.0751458929,2.34451755805,32.1102112562,50.6908151179,51.6567654984,21.8147659131
157,100.0,30.0,10.0,0.0,60.0794621446,10.9091942444,13.0741288154,30.0107045197,28.2116399933,16.9878948658
158,100.0,40.0,10.0,0.0,59.7991418605,-10.3515746086,-6.77215467021,24.4276345205,27.9009441043,26.7886712104
159,100.0,55.0,10.0,0.0,36.8585036701,1.17036355812,9.0343442758,9.26523388041,9.46173165718,5.70774382103
160,100.0,70.0,10.0,0.0,67.5173473397,-1.04249016836,3.14688048244,35.6769595771,37.3212437187,28.8188154924
161,100.0,85.0,10.0,0.0,53.6886557149,18.4464621602,24.5189241713,25.0018426921,21.6826467128,9.02100739826
162,100.0,100.0,10.0,0.0,61.3682107521,-20.7686150658,6.13774431304,23.5910115748,29.6697366996,21.2545045441
163,0.0,0.0,20.0,0.0,57.1602750903,3.88493175713,5.85470254796,25.0966155257,25.0871901575,17.9489641102
164,0.0,10.0,20.0,0.0,71.8911272792,-6.36503466189,20.8688702896,39.8653149969,43.4971834717,23.0103024784
165,0.0,20.0,20.0,0.0,63.5322386709,18.2202113606,16.6426403278,36.3024386651,32.2296547812,18.0378405824
166,0.0,30.0,20.0,0.0,45.7171967454,27.8037841222,0.980854978774,19.569137763,15.0606809229,12.0861567663
167,0.0,40.0,20.0,0.0,40.4404963239,-4.60799862391,6.18158377448,10.4880251714,11.5185683803,7.80544476214
168,0.0,55.0,20.0,0.0,55.1928367468,12.8726188127,1.87456106163,25.2164629177,23.1171838427,18.2134833304
169,0.0,70.0,20.0,0.0,54.6059875184,-18.2095307586,0.655542929775,18.0707014526,22.5502118934,18.3073135556
170,0.0,85.0,20.0,0.0,79.1733362734,-4.72530115078,23.9374523369,51.4384118098,55.2296019574,28.394892227
171,0.0,100.0,20.0,0.0,78.3707527609,2.74739420311,24.141573142,52.9808366437,53.8441208251,27.4406822689
172,10.0,0.0,20.0,0.0,55.2576491283,-18.2286265172,6.14508925418,18.6044505605,23.1803774541,16.3974342828
173,10.0,10.0,20.0,0.0,65.5083100144,22.4848880038,14.4074453907,40.2963985578,34.6921885549,20.6925258814
174,10.0,20.0,20.0,0.0,42.8241794267,-0.0233910133732,-7.81267616734,12.5714011319,13.0404826392,13.4427666544
175,10.0,30.0,20.0,0.0,45.6081034475,24.9180963102,11.2650963806,18.9062438629,14.980956783,8.83045587152
176,10.0,40.0,20.0,0.0,50.8787509925,30.4510784358,1.56183435576,24.9766691432,19.1641911312,15.1785928447
177,10.0,55.0,20.0,0.0,42.3210160918,-1.20420842788,-3.60156709944,12.0796756009,12.7087043859,11.6535952934
178,10.0,70.0,20.0,0.0,54.8906031161,10.7373370265,12.9195035203,24.411751578,22.8240150998,13.4693657325
179,10.0,85.0,20.0,0.0,47.0041235557,-12.1257014428,-0.404139963841,13.4719381334,16.022598712,13.3684246239
180,10.0,100.0,20.0,0.0,76.0157179725,-0.391924502098,21.760527403,47.9881725943,49.9128179551,26.4550225013
181,20.0,0.0,20.0,0.0,62.4703522239,-0.312084483752,11.3189121593,29.7680474208,30.9558574659,19.6525656938
182,20.0,10.0,20.0,0.0,42.9775153913,20.1771870448,9.00306055028,15.9370512029,13.1427258897,8.21125582079
183,20.0,20.0,20.0,0.0,55.9071145692,-6.93157775235,3.7866304412,21.4626568008,23.8199923994,17.9075647487
184,20.0,30.0,20.0,0.0,40.239462415,9.28941739252,2.92330248653,12.3013982089,11.3959232152,8.57777651531
185,20.0,40.0,20.0,0.0,48.9072821975,-15.4423794683,-5.49419039913,14.2475926546,17.5188787332,16.6901373024
186,20.0,55.0,20.0,0.0,54.6382401996,20.262750194,9.70029188889,26.4179573268,22.5811286939,14.5250301653
187,20.0,70.0,20.0,0.0,65.496950317,-2.45985456448,16.198499997,32.7419640346,34.6776855731,19.8140716811
188,20.0,85.0,20.0,0.0,55.3011963996,26.9724267977,10.3880505922,28.822356463,23.2229016975,14.7027366782
189,20.0,100.0,20.0,0.0,57.8614192956,-12.3846919993,5.29366413316,22.1000984143,25.8154071091,18.7530069937
190,30.0,0.0,20.0,0.0,49.8177023393,10.5299651762,1.0467940143,19.6493229909,18.2664513289,14.658477591
191,30.0,10.0,20.0,0.0,67.9015137199,1.90711278414,32.9266201649,37.067924905,37.8386315138,14.3860634114
192,30.0,20.0,20.0,0.0,55.0221638458,22.7989860419,8.79112902314,27.4540683792,22.9513233735,15.1443988106
193,30.0,30.0,20.0,0.0,61.055909494,-8.06782671226,21.8384523227,26.2552129396,29.3118942211,14.1117985495
194,30.0,40.0,20.0,0.0,48.1899724615,5.34711546217,-1.61750617806,17.30521637,16.9444548294,14.6029564054
195,30.0,55.0,20.0,0.0,71.1910225534,3.46007832659,3.30809189805,42.0912564102,42.4659990083,32.7762618292
196,30.0,70.0,20.0,0.0,36.4561547019,11.771405924,8.64779335934,10.3836362071,9.24730935863,5.643922187
197,30.0,85.0,20.0,0.0,64.0669990597,-4.82960210183,-5.85068445282,30.3973281668,32.8841549711,30.730976864
198,30.0,100.0,20.0,0.0,33.3105505353,0.890216319258,2.41338900589,7.50069231502,7.68149206456,5.813462824
199,40.0,0.0,20.0,0.0,79.4399067465,-3.51370649098,7.37176876287,52.341982543,55.6949798646,40.0506135268
200,40.0,10.0,20.0,0.0,51.1003500955,3.41751964667,-15.2845052179,19.3337175291,19.355321549,23.1729805135
201,40.0,20.0,20.0,0.0,70.318888546,-14.7133816446,-6.71392027552,35.2033876126,41.2043959035,38.8098419107
202,40.0,30.0,20.0,0.0,59.0770388987,19.5597506766,-4.16737555919,31.1759237775,27.1111186937,24.6003473704
203,40.0,40.0,20.0,0.0,61.6885529809,-18.5580277154,-21.7985219555,24.4131740067,30.0398064074,38.9632819116
204,40.0,55.0,20.0,0.0,49.9375602967,-7.37598791129,-14.0300725748,16.3672453785,18.3664260565,21.4857275557
205,40.0,70.0,20.0,0.0,52.1815111319,-3.98834403998,9.60183648689,18.7946189969,20.3060709647,12.97528936
206,40.0,85.0,20.0,0.0,57.0928610855,4.84381889059,-3.67363950636,25.2545649176,25.0179037842,22.5007450215
207,40.0,100.0,20.0,0.0,58.5227341931,7.63019810824,19.8376080403,27.4340109496,26.515045326,13.2283778751
208,55.0,0.0,20.0,0.0,63.5357771795,14.4446953636,4.27436423103,35.179905972,32.2339568097,24.1860722634
209,55.0,10.0,20.0,0.0,77.5383952111,0.874283152768,5.02302854959,50.8894995125,52.4319218046,39.3441037299
210,55.0,20.0,20.0,0.0,49.9097745432,9.127481631,-14.6059196144,19.4485361022,18.343217283,21.7532786246
211,55.0,30.0,20.0,0.0,68.8265650723,-10.2285800507,-6.78116671087,34.6309243091,39.1040442824,36.9642300294
212,55.0,40.0,20.0,0.0,55.6577522925,25.7431161068,-4.73625056044,28.9019812929,23.5730391005,21.7739645225
213,55.0,55.0,20.0,0.0,60.4375853637,-21.575787752,-13.1412022689,22.5172178336,28.6119139666,31.3975080732
214,55.0,70.0,20.0,0.0,47.1103413404,3.08531389161,-12.0391580182,16.0631928786,16.1037722436,18.2037126686
215,55.0,85.0,20.0,0.0,71.7842020275,-3.93975035764,41.4628545283,40.4993837779,43.3386250978,13.6862437484
216,55.0,100.0,20.0,0.0,54.5484017061,10.8374387735,-7.05667078089,24.0947919672,22.4950814365,21.982248639
217,70.0,0.0,20.0,0.0,62.0234140589,-17.4722347821,24.5091136615,25.0034861087,30.4299249725,13.732925221
218,70.0,10.0,20.0,0.0,61.3803551804,25.5433393716,3.41707277398,35.7167150344,29.6837105998,22.658040422
219,70.0,20.0,20.0,0.0,78.7680488722,3.35536809361,13.4538498091,53.8865677276,54.527030892,34.7668856337
220,70.0,30.0,20.0,0.0,50.3044509781,13.1702717781,-9.08553985869,20.6140175645,18.6747192831,19.3821555944
221,70.0,40.0,20.0,0.0,70.6120050176,-7.75623505211,1.24991496743,37.6891849181,41.6255811082,33.4902327686
222,70.0,55.0,20.0,0.0,56.0751116385,28.3265867748,-0.230639492329,30.0525095112,23.9873351745,19.9024670952
223,70.0,70.0,20.0,0.0,59.0262458397,-23.7383012527,-2.98756369071,20.7561141421,27.0561301684,23.906914205
224,70.0,85.0,20.0,0.0,32.977002217,2.18606264561,-0.353976085291,7.48574604691,7.52666575513,6.28871287899
225,70.0,100.0,20.0,0.0,66.6130132452,-1.64716091123,6.96061578534,34.3511228419,36.1219694786,25.6449824464
226,85.0,0.0,20.0,0.0,34.9826692539,10.9760581256,5.38561368624,9.47559380184,8.48972731928,5.7946373879
227,85.0,10.0,20.0,0.0,58.5762513421,-11.5588326628,-4.07843624581,22.9575271392,26.572210254,24.0780397011
228,85.0,20.0,20.0,0.0,49.3211832698,6.60885334528,-12.9388008737,18.4597988421,17.856163833,20.4168541591
229,85.0,30.0,20.0,0.0,70.5650274,-7.16962091915,34.6622727268,37.8081156176,41.5578857515,15.5179331641
230,85.0,40.0,20.0,0.0,56.0349028542,24.2760791515,-2.66391361122,28.9431008413,23.9472118811,21.0578442853
231,85.0,55.0,20.0,0.0,59.4977015145,-22.8579660922,17.0218189298,21.3672363247,27.569394141,14.9397701239
232,85.0,70.0,20.0,0.0,41.4884136961,3.63744276489,-7.48025733611,12.262063568,12.1721419303,12.4930587737
233,85.0,85.0,20.0,0.0,60.5633090969,-15.1607092818,-3.3403248388,24.0783102733,28.75332803,25.5714637718
234,85.0,100.0,20.0,0.0,45.9451954899,20.7485598079,0.753602497732,18.380740943,15.2282120578,12.3007645371
235,100.0,0.0,20.0,0.0,69.7717636958,-5.17835041381,8.07730216725,37.3672550647,40.4258400739,28.1830240422
236,100.0,10.0,20.0,0.0,50.2469345559,33.2019227675,7.96613038169,24.9831342686,18.6261627434,12.3719803181
237,100.0,20.0,20.0,0.0,66.7757724959,23.3151673082,2.90703227891,42.3661309044,36.3358864469,28.1859075465
238,100.0,30.0,20.0,0.0,62.6963250148,-5.63592377897,-10.3513256814,28.6332359942,31.2240611182,32.1208269403
239,100.0,40.0,20.0,0.0,60.0552603673,10.9674400864,-6.45704130725,29.9984644186,28.1847251873,26.8626799483
240,100.0,55.0,20.0,0.0,70.7729048501,6.19879155562,0.749515042028,42.4038070808,41.8579968855,34.0207436902
241,100.0,70.0,20.0,0.0,52.9464442135,-3.58355223037,-17.1906777974,19.5238599745,20.9972129002,25.9804913577
242,100.0,85.0,20.0,0.0,58.3023575944,23.8070206071,-0.150640783205,31.4240823431,26.2805115439,21.7607558391
243,100.0,100.0,20.0,0.0,62.2279823727,0.0562524151974,35.2091101016,29.589660202,30.6699042403,10.2110297442
244,0.0,0.0,30.0,0.0,53.0139823349,13.5954556711,-7.17683387134,23.2205537889,21.0589783152,20.7133699166
245,0.0,10.0,30.0,0.0,54.892270832,-11.2591501847,23.1453879026,19.6661620314,22.8256259564,10.0325668801
246,0.0,20.0,30.0,0.0,47.2498496676,0.852712286899,-15.7822047458,15.7791450753,16.2108028906,20.0638482831
247,0.0,30.0,30.0,0.0,68.1756252255,13.8643545796,5.95636321773,41.2338232831,38.2107080122,27.8031233251
248,0.0,40.0,30.0,0.0,60.6115937107,-14.0700304731,-9.82375902242,24.3775174004,28.8077621616,29.4769766337
249,0.0,55.0,30.0,0.0,60.5592008676,0.958283989819,-5.38328979544,27.9644585317,28.7486997454,26.742850191
250,0.0,70.0,30.0,0.0,70.2433199764,-0.0993212032506,3.36355030662,39.5972020928,41.0962724506,31.6592950186
251,0.0,85.0,30.0,0.0,51.7551530194,-5.83867787572,-11.3830033854,18.0863889291,19.9275094443,21.7323048771
252,0.0,100.0,30.0,0.0,46.7081964973,-9.52447535057,-12.1544903449,13.6795075929,15.7978855773,17.9437572462
253,10.0,0.0,30.0,0.0,42.5150885372,2.68371419588,10.1713777539,12.7770256516,12.8359977345,7.69982471015
254,10.0,10.0,30.0,0.0,53.4252084398,-0.749347129281,-3.74856722163,20.517345433,21.4376713813,19.4027273122
255,10.0,20.0,30.0,0.0,46.2221511452,12.7295285425,17.2644144205,17.1035949475,15.4333816782,7.52256494075
256,10.0,30.0,30.0,0.0,59.4856252907,5.95660835088,3.27824376636,28.0585685949,27.5561666818,21.0615115845
257,10.0,40.0,30.0,0.0,64.9361330208,19.5933782279,4.41220549184,38.5884361333,33.9667022776,25.4508238668
258,10.0,55.0,30.0,0.0,64.2701742658,-3.84438021694,-3.88299865488,30.8987757583,33.1351277867,29.7063453963
259,10.0,70.0,30.0,0.0,58.1416416106,6.12119552234,-6.04970008875,26.6527747679,26.1103459206,24.7495478389
260,10.0,85.0,30.0,0.0,71.612924947,8.11873692307,7.36783412708,44.2847295927,43.0854437917,30.5977141006
261,10.0,100.0,30.0,0.0,61.7567409876,11.7737252726,2.210526793,32.2131822577,30.1189745537,23.6421674052
262,20.0,0.0,30.0,0.0,35.7459544232,-2.19305606393,5.70059648943,8.30981849457,8.87677551823,6.00809670188
263,20.0,10.0,30.0,0.0,34.485120015,1.8783916252,4.05087737644,8.1568906566,8.24358672812,5.8956882654
264,20.0,20.0,30.0,0.0,66.7329254476,4.41137053408,4.13214770141,36.2985845034,36.2794902448,27.407548514
265,20.0,30.0,30.0,0.0,67.9361283568,14.8070301635,2.05688501519,41.2043938667,37.8854832643,29.9454578387
266,20.0,40.0,30.0,0.0,60.3310429492,-13.4099792821,-14.5705073038,24.2506922317,28.492438631,32.2140292471
267,20.0,55.0,30.0,0.0,60.0344226855,1.70110157501,-9.26640305966,27.5811339642,28.1615653123,28.5201158449
268,20.0,70.0,30.0,0.0,70.5919805242,0.379378715312,-0.838617028611,40.2339716422,41.5967165709,34.9032638761
269,20.0,85.0,30.0,0.0,52.952897034,-3.09886826288,-20.6816951506,19.6262792494,21.0031089516,28.0387030562
270,20.0,100.0,30.0,0.0,46.7512532035,-0.050603004076,-13.5146061146,15.2566677321,15.8304493619,18.5934297538
271,30.0,0.0,30.0,0.0,55.7232633271,-10.8609664859,13.6041495688,20.4748529092,23.6377511402,13.7488977379
272,30.0,10.0,30.0,0.0,52.3268630092,13.1871652021,-4.83688824077,22.4740116949,20.4362157266,19.0254453029
273,30.0,20.0,30.0,0.0,63.0938844862,0.260844404336,24.5388178497,30.6380726725,31.699670513,14.4242551973
274,30.0,30.0,30.0,0.0,57.7060955175,23.3188105158,2.72221514966,30.5935727994,25.6528870661,19.835011428
275,30.0,40.0,30.0,0.0,65.4285497048,19.8270447099,0.626761482248,39.3334602341,34.5904436089,28.1601947411
276,30.0,55.0,30.0,0.0,60.1649327763,-9.53671503828,-13.9432595462,24.9858042218,28.3068290186,31.6137532866
277,30.0,70.0,30.0,0.0,58.5481251883,6.93803691118,-9.46923248775,27.2884307608,26.5421567628,27.1057132841
278,30.0,85.0,30.0,0.0,69.1600083938,3.96063201544,-1.16875550151,39.4027015642,39.5669996411,33.43274924
279,30.0,100.0,30.0,0.0,52.1409106676,-5.16225303748,-14.3879486826,18.5334802773,20.2698172182,23.6526356609
280,40.0,0.0,30.0,0.0,56.2639828649,-15.5125875977,-9.71073887009,20.0006316588,24.1764045966,24.9852701173
281,40.0,10.0,30.0,0.0,60.2106295389,15.0023876356,26.9290814826,31.2656225929,28.3578094357,11.7591463017
282,40.0,20.0,30.0,0.0,39.7260851319,0.542053844577,3.51510694725,10.7633817874,11.0866831167,8.17994328552
283,40.0,30.0,30.0,0.0,53.3572170167,-0.471079821666,13.7757354815,20.5142939007,21.3747482381,12.216474326
284,40.0,40.0,30.0,0.0,74.2972559189,4.83151578988,9.22560139493,47.1991076087,47.1682419961,32.4018708058
285,40.0,55.0,30.0,0.0,65.7368157303,23.2691686338,7.00148699518,40.8712658521,34.984782337,24.7739249384
286,40.0,70.0,30.0,0.0,61.180100965,-6.45028300094,-6.58660241923,26.7819506152,29.4538492317,28.0928249185
287,40.0,85.0,30.0,0.0,59.4840567601,10.6921835688,-2.75339987292,29.2771866494,27.5544489325,24.2090388681
288,40.0,100.0,30.0,0.0,69.6859802094,5.63043570125,4.58398069333,40.6703408982,40.3046672486,30.2550126416
289,55.0,0.0,30.0,0.0,51.2830306597,-7.17359697069,-6.77432490957,17.4550152833,19.5138367927,19.0896135472
290,55.0,10.0,30.0,0.0,35.0434711768,-5.98479909183,2.70743958604,7.56354077442,8.52013810053,6.40094204711
291,55.0,20.0,30.0,0.0,36.118667003,5.24961185008,7.22294627084,9.37371342028,9.06997168096,5.82022644426
292,55.0,30.0,30.0,0.0,37.3810889733,0.693592593773,9.1575706986,9.48243950625,9.74514532059,5.87150212101
293,55.0,40.0,30.0,0.0,33.8833247459,-2.34018798407,0.857124693188,7.42068983643,7.95228996509,6.3672466654
294,55.0,55.0,30.0,0.0,58.9611207873,-10.9454046651,-10.806840775,23.4662644453,26.9857346893,28.3315138273
295,55.0,70.0,30.0,0.0,59.5109837958,11.0775852844,22.558332565,29.4084461454,27.5839475195,12.8604328549
296,55.0,85.0,30.0,0.0,68.5379755786,2.81819552733,1.8825679033,38.1970293564,38.7062915155,30.7151724745
297,55.0,100.0,30.0,0.0,51.76756979,-6.67802842966,8.32913864188,17.9378210688,19.9384671641,13.1779031272
298,70.0,0.0,30.0,0.0,42.6503331324,-6.1780011189,6.65087012337,11.5721043433,12.9252062529,8.69573309558
299,70.0,10.0,30.0,0.0,57.2941846845,-7.17573799447,-12.1003720993,22.7044212975,25.2251981736,27.3831157928
300,70.0,20.0,30.0,0.0,48.9409070858,10.4923810967,17.8787205482,18.8944947913,17.5461195391,8.59066388703
301,70.0,30.0,30.0,0.0,65.4889275776,3.02168453509,-1.65985125913,34.2998747043,34.6674453378,29.630089123
302,70.0,40.0,30.0,0.0,54.5105869394,22.6869143946,27.2865731043,26.8779444231,22.4589279435,8.6441996601
303,70.0,55.0,30.0,0.0,79.324435956,3.58932474119,8.1054405834,54.92639885,55.4930716962,39.3418138055
304,70.0,70.0,30.0,0.0,51.7305171127,13.4323338447,-11.9167539406,21.9683434607,19.9057803022,21.9831000405
305,70.0,85.0,30.0,0.0,71.3832471474,-6.79282378594,-3.33887594545,39.0309520432,42.7474850677,37.6684888353
306,70.0,100.0,30.0,0.0,56.5755558145,28.4400636735,-2.90347760877,30.6604314712,24.4904713587,21.6467340729
307,85.0,0.0,30.0,0.0,61.2803113763,-20.4408669408,-17.3319072779,23.5794421696,29.5687266274,35.2101161526
308,85.0,10.0,30.0,0.0,63.1715527651,14.0529451881,7.79747033013,34.6035911069,31.7931471708,21.9890959038
309,85.0,20.0,30.0,0.0,59.7041068091,8.28761312472,11.0677679585,28.8982708789,27.796131127,17.5812184897
310,85.0,30.0,30.0,0.0,57.5549306255,4.19231336116,-0.363907879143,25.5732979664,25.4953749264,21.2179633637
311,85.0,40.0,30.0,0.0,53.2034946078,-2.97521507515,1.78435815199,19.868261114,21.2329388884,16.745091828
312,85.0,55.0,30.0,0.0,49.9682205958,-8.06731878858,-10.8292228379,16.2682667343,18.3920585792,19.9357980661
313,85.0,70.0,30.0,0.0,79.4838727168,-3.92133555789,12.2878173077,52.2580521751,55.7719857663,36.463388366
314,85.0,85.0,30.0,0.0,51.5433366704,2.77693301353,-11.5955575778,19.5862900791,19.7412007913,21.654769332
315,85.0,100.0,30.0,0.0,70.1892906219,-15.2587232694,-0.954756929681,34.8781360841,41.0190833652,34.5015893649
316,100.0,0.0,30.0,0.0,58.5035665597,18.9739099496,-1.17441307904,30.3499727898,26.4945911667,22.4659045054
317,100.0,10.0,30.0,0.0,59.3531597718,-22.8222748671,-9.20510920297,21.2430439217,27.411350763,27.7733629261
318,100.0,20.0,30.0,0.0,45.8340690101,1.19128931956,-8.97940990418,14.802335385,15.1464031179,15.9286287567
319,100.0,30.0,30.0,0.0,74.9733804425,-2.17340381627,7.84982316202,45.7443849339,48.2357494517,34.1181213702
320,100.0,40.0,30.0,0.0,49.4010143765,13.4480785769,10.9452023708,19.8749814649,17.9217116421,10.8857024619
321,100.0,55.0,30.0,0.0,65.6502577145,-13.9365308048,-5.60999421018,29.7897345033,34.8737549763,32.3534299925
322,100.0,70.0,30.0,0.0,55.7879657677,30.3774599817,21.8156475758,30.2692969557,23.701780588,10.9311643932
323,100.0,85.0,30.0,0.0,76.9614065758,0.478301565361,10.838862147,49.8079429912,51.4676206437,34.4202948836
324,100.0,100.0,30.0,0.0,52.3975493038,15.4757955961,-7.21980825635,23.0470518657,20.4997070942,20.2151221181
325,0.0,0.0,40.0,0.0,67.9857630107,-11.1031662924,-2.29969161449,33.3324142319,37.9527324361,32.83078235
326,0.0,10.0,40.0,0.0,58.6186038218,30.3694850719,2.04615958339,33.6459946732,26.6175077134,20.9309104037
327,0.0,20.0,40.0,0.0,70.4248252776,2.61537013545,11.1892440887,40.7255560331,41.356289136,26.9989589291
328,0.0,30.0,40.0,0.0,33.989598285,6.84216662724,2.66707372813,8.47625479844,8.00322400504,6.00924546575
329,0.0,40.0,40.0,0.0,63.4017379883,-6.2921541239,1.46016460547,29.2516380237,32.0712626229,25.6244132045
330,0.0,55.0,40.0,0.0,55.7550105957,20.4916507425,0.602164544785,27.6678289129,23.6691537654,19.2457434082
331,0.0,70.0,40.0,0.0,35.8503698771,3.88044781103,-5.43132898775,9.06816256815,8.93061996469,8.79500151671
332,0.0,85.0,40.0,0.0,45.944283327,-11.0395250279,12.2852673959,12.9367487915,15.2275393468,8.70811762226
333,0.0,100.0,40.0,0.0,39.0363263376,13.5033308419,-0.578991509045,12.1594313383,10.6800760138,8.9744739243
334,10.0,0.0,40.0,0.0,51.4530664108,-3.70214981857,20.3945460137,18.2450407313,19.6621554196,9.09760489965
335,10.0,10.0,40.0,0.0,42.0514649959,21.6748136704,4.01842157878,15.5064275881,12.5333043162,9.14506117156
336,10.0,20.0,40.0,0.0,58.5742674971,-31.0636381922,22.6508964311,18.8880712106,26.5700897233,12.2580020833
337,10.0,30.0,40.0,0.0,49.0415278552,18.4991272654,-14.2136698379,20.5902842987,17.6278049227,20.8059922243
338,10.0,40.0,40.0,0.0,69.7739582236,-14.7720129202,41.8922445463,34.4966755252,40.4289431197,12.2817858359
339,10.0,55.0,40.0,0.0,54.4263282215,34.0723624933,-5.24496088667,29.6919827381,22.3785102308,20.9622012278
340,10.0,70.0,40.0,0.0,79.0576518793,-1.85487150988,58.2914183454,52.3462887081,55.0284498192,12.1457451023
341,10.0,85.0,40.0,0.0,62.1714648223,-27.1379684699,-1.41050546225,22.9391907811,30.603477786,26.0521813592
342,10.0,100.0,40.0,0.0,48.2152432027,16.1328746333,-4.32418262869,19.3891764761,16.9644751308,15.7024345403
343,20.0,0.0,40.0,0.0,72.2672866784,-13.277016664,14.2579649987,38.1906026784,44.0580592134,27.0624434829
344,20.0,10.0,40.0,0.0,52.9674111037,32.2978013205,5.13564777258,27.6151667585,21.0163747361,15.1895343
345,20.0,20.0,40.0,0.0,81.3017710462,-2.03788146681,27.8277255707,56.085727442,59.0185136574,28.2610497943
346,20.0,30.0,40.0,0.0,63.2136789424,-22.7278400025,-22.3086725878,24.9740536675,31.8439243681,41.3675082796
347,20.0,40.0,40.0,0.0,45.6839519987,13.7196447406,9.39550736906,16.8618753506,15.0363561531,9.40036882371
348,20.0,55.0,40.0,0.0,74.1274349506,-10.0685946979,-7.37205233599,41.8017026339,46.9026159385,44.4729091092
349,20.0,70.0,40.0,0.0,50.6838365328,32.4527876682,18.5257355396,25.2507432735,18.9971200394,9.25288232666
350,20.0,85.0,40.0,0.0,82.7361299667,-0.170619125202,4.26536635462,59.3939377011,61.6672148801,47.1522723909
351,20.0,100.0,40.0,0.0,35.7003132608,2.44544601852,0.742756246948,8.82135586843,8.8533076483,7.12381545056
352,30.0,0.0,40.0,0.0,46.1506211456,-8.12088147232,0.713348676921,13.5227749347,15.380216632,12.4385298364
353,30.0,10.0,40.0,0.0,38.6855812023,11.814163975,5.87139960591,11.6996414516,10.4771829829,7.1282577721
354,30.0,20.0,40.0,0.0,50.7717254393,-2.37484726057,6.96901908376,17.9398476794,19.0723333624,13.0483187334
355,30.0,30.0,40.0,0.0,41.2550697913,19.26768802,10.0276429693,14.528581301,12.0245235565,7.19471387257
356,30.0,40.0,40.0,0.0,32.4551316928,3.16457153283,-2.1660759085,7.35272806397,7.28862098424,6.49388337522
357,30.0,55.0,40.0,0.0,60.0005514702,-8.66191746719,32.1977420427,25.0249205289,28.123946499,9.95833662519
358,30.0,70.0,40.0,0.0,33.9509383726,10.2862593565,3.10776055968,8.85669018625,7.98467026199,5.90040237848
359,30.0,85.0,40.0,0.0,67.3294992826,-4.4344553735,44.4857955747,34.438714199,37.069979763,10.0639143511
360,30.0,100.0,40.0,0.0,51.0907606426,21.1421680559,-12.2951519411,23.0545535909,19.3470244051,21.6138483964
361,40.0,0.0,40.0,0.0,64.9447381974,-14.8250723026,26.5292313045,28.7627771791,33.9775375079,14.8938795691
362,40.0,10.0,40.0,0.0,55.9113645465,36.4884606899,-3.60142008133,32.0794240676,23.8242161989,21.4206928832
363,40.0,20.0,40.0,0.0,74.4303435973,-1.14759946389,42.2665110717,45.2832110657,47.3771110905,15.1392017027
364,40.0,30.0,40.0,0.0,76.6806338996,9.08376252348,1.92797906929,52.6135068404,51.0026825453,40.577625635
365,40.0,40.0,40.0,0.0,56.0646506458,20.5662690854,26.8989595272,28.0240513853,23.9768921139,9.51552498748
366,40.0,55.0,40.0,0.0,68.4078340042,-2.17574842735,-9.43874319271,36.489646658,38.527807928,38.3846554337
367,40.0,70.0,40.0,0.0,50.0611751948,3.349781067,14.123091476,18.4464548586,18.4699159118,10.2444956916
368,40.0,85.0,40.0,0.0,59.1803120646,-15.1354507761,-21.8007702294,22.7419782988,27.2231517828,35.8084843433
369,40.0,100.0,40.0,0.0,44.8153840897,14.8724951603,13.29436224,16.3974406032,14.4100800755,7.91649227733
370,55.0,0.0,40.0,0.0,49.5377178786,1.90674835812,5.35097553965,17.7449522191,18.0343284875,12.8647602034
371,55.0,10.0,40.0,0.0,41.5510904104,7.21993017079,7.66621324435,12.8344118412,12.211997366,7.91650691852
372,55.0,20.0,40.0,0.0,45.6133436166,-4.40826641759,-0.730542591479,13.7420829655,14.9847797911,12.6208507397
373,55.0,30.0,40.0,0.0,39.1768177033,-2.15014532779,1.34688339139,10.0988921046,10.7620741438,8.50798985519
374,55.0,40.0,40.0,0.0,75.5255250501,7.03518563425,21.3645770512,49.9450392028,49.1193622229,26.1954314784
375,55.0,55.0,40.0,0.0,59.4618923892,20.8230641844,7.6546850728,31.9791387501,27.5301836342,18.9372515091
376,55.0,70.0,40.0,0.0,67.116726639,-4.98788873905,10.510436789,34.0122006282,36.786741954,24.1522154672
377,55.0,85.0,40.0,0.0,52.9035342609,6.20261527437,-1.73032080231,21.5025719282,20.9580334127,18.0592321137
378,55.0,100.0,40.0,0.0,56.9600224493,-20.4953929651,-3.94583765092,19.6013794215,24.8817492543,22.5232189332
379,70.0,0.0,40.0,0.0,43.3123927252,14.1637530029,5.07671241529,15.1539414688,13.3678746698,9.46739717799
380,70.0,10.0,40.0,0.0,47.2601328236,0.561275251468,15.8166527424,15.7364104169,16.2187108296,8.36375027633
381,70.0,20.0,40.0,0.0,40.7369094843,8.2374946914,0.353035162427,12.4622383922,11.7010021536,9.5503992817
382,70.0,30.0,40.0,0.0,43.0848959142,-5.93571727373,8.99247408233,11.8724410103,13.2146436623,8.26338702622
383,70.0,40.0,40.0,0.0,37.3643238461,0.0517224755006,-5.16157174797,9.39468496228,9.73596637925,9.46242782445
384,70.0,55.0,40.0,0.0,72.8580675047,7.92775663436,51.4867598239,46.0913500164,44.9486470543,10.8541832944
385,70.0,70.0,40.0,0.0,59.8844738376,22.9932774009,-5.21677255868,33.0984601443,27.9952798951,25.9737410266
386,70.0,85.0,40.0,0.0,64.0086230572,-6.28842998415,35.7905129297,29.9412525906,32.81228093,10.9951932532
387,70.0,100.0,40.0,0.0,53.3907233162,9.07737466665,-15.3658534795,22.5784317439,21.4057414696,25.3786716735
388,85.0,0.0,40.0,0.0,54.2488480844,-23.3608997346,18.3159965072,16.8324222888,22.2097491812,11.2055370454
389,85.0,10.0,40.0,0.0,59.3659916399,35.4466612494,4.83492613741,36.0822207052,27.4253567611,20.1956580183
390,85.0,20.0,40.0,0.0,65.2187395083,1.13088352984,32.1165689638,33.4200406435,34.3237529613,12.9620415265
391,85.0,30.0,40.0,0.0,53.7201605985,20.4151301726,-4.92304468497,25.5002003674,21.7120669156,20.2071761628
392,85.0,40.0,40.0,0.0,55.8588321522,-15.9331821899,15.0408981603,19.5645385351,23.7720424259,13.3029479415
393,85.0,55.0,40.0,0.0,62.5912036148,11.6878746504,-0.778104733008,33.2011103345,31.0991022526,26.1046044862
394,85.0,70.0,40.0,0.0,63.8384772862,-3.73011499801,37.57483312,30.4280173454,32.6033906923,10.3378720171
395,85.0,85.0,40.0,0.0,33.4114927237,2.61491426351,0.855435067053,7.73070675179,7.72876237277,6.18685990387
396,85.0,100.0,40.0,0.0,50.9285419526,-22.7714894395,14.4854282606,14.4724341528,19.2070259945,10.5975064359
397,100.0,0.0,40.0,0.0,48.8226980725,-16.5147259313,13.1245857562,14.0164983652,17.4504786039,9.89830581978
398,100.0,10.0,40.0,0.0,58.4085642947,-0.878454017424,-16.3440748412,25.2424554373,26.3933676385,31.2058880727
399,100.0,20.0,40.0,0.0,58.4203698588,2.0849822727,28.8471788826,25.9628745248,26.4059322419,10.1487887436
400,100.0,30.0,40.0,0.0,67.0274941501,12.2111475246,-4.79284000578,39.1035506574,36.6683885312,33.3970710188
401,100.0,40.0,40.0,0.0,66.784974334,16.698216439,42.0378348842,40.2046863408,36.3480057219,10.5303106197
402,100.0,55.0,40.0,0.0,53.9690653942,-12.2533940632,-6.49291769599,18.6858970997,21.9454378911,21.191190106
403,100.0,70.0,40.0,0.0,58.5456855436,-3.66045603237,0.491001308826,24.7272675859,26.5395510107,21.6478988939
404,100.0,85.0,40.0,0.0,62.4818012386,3.63352832699,6.21063294433,30.8363436995,30.9694090469,22.1935197066
405,100.0,100.0,40.0,0.0,65.940084,9.83652379933,11.6902996057,36.9075604325,35.2464390552,22.4434869911
406,0.0,0.0,55.0,0.0,69.9910369521,16.4717037465,17.4501310316,44.7554785615,40.7366761539,23.0857837734
407,0.0,10.0,55.0,0.0,41.265839444,-4.23293830407,-4.86250442205,11.0150489982,12.0313102552,11.4671875975
408,0.0,20.0,55.0,0.0,42.9059765572,-1.97813820498,7.70663139507,12.3345697717,13.0949580951,8.52701011123
409,0.0,30.0,55.0,0.0,44.9990735343,3.26228994936,1.68857580995,14.5503064745,14.541049373,11.4292173956
410,0.0,40.0,55.0,0.0,45.9744979768,5.10677114383,14.4383321763,15.5649429806,15.249832892,8.1402147098
411,0.0,55.0,55.0,0.0,47.6087202728,8.92308568078,6.77532686394,17.5030361752,16.4883047924,11.2357048979
412,0.0,70.0,55.0,0.0,55.4431440418,-8.13732822192,-21.4792281697,20.7886666124,23.3618756529,31.2203631247
413,0.0,85.0,55.0,0.0,55.1908881682,-5.69101312092,21.403862683,21.07265072,23.1152857128,10.7337007301
414,0.0,100.0,55.0,0.0,63.4664810453,6.22121304061,-9.64530735094,32.7219875136,32.1497779738,32.5329021961
415,10.0,0.0,55.0,0.0,62.9714445323,9.41070877696,35.8690561681,33.0200515473,31.5526818705,10.4033645579
416,10.0,10.0,55.0,0.0,70.1967014221,18.2635770826,0.272814490135,45.6908598902,41.0296650871,33.6676701479
417,10.0,20.0,55.0,0.0,39.4654192911,-6.1691295994,3.99920747444,9.74634940981,10.9318316133,7.93494323286
418,10.0,30.0,55.0,0.0,42.3603773352,0.255213347804,-1.05716092749,12.3171915466,12.7344533247,10.8419257739
419,10.0,40.0,55.0,0.0,43.1378958486,2.07084339475,10.5251669456,13.0910868724,13.2502367019,7.88462374846
420,10.0,55.0,55.0,0.0,45.5755103725,6.28656695876,3.95438746938,15.4725084325,14.9571928389,11.0129287104
421,10.0,70.0,55.0,0.0,46.8842785684,8.26008419783,16.2165588734,16.8102316084,15.9313390737,8.08494264821
422,10.0,85.0,55.0,0.0,33.2595042247,-3.88101820263,-1.26048617202,6.9866839281,7.65766109629,6.60388847408
423,10.0,100.0,55.0,0.0,38.3121588133,-3.71095694197,11.763584111,9.43428606293,10.2640138422,5.66137337653
424,20.0,0.0,55.0,0.0,34.8644825512,1.39286897894,4.34808166415,8.28573942274,8.43082208554,5.97207048811
425,20.0,10.0,55.0,0.0,58.3398513133,9.75181156236,31.8339233179,27.7690611968,26.3203158562,9.22178657647
426,20.0,20.0,55.0,0.0,54.4234269817,-2.11341252465,-12.2368567955,21.1292886826,22.3757446706,24.6257715136
427,20.0,30.0,55.0,0.0,55.5508295957,2.24255168673,15.6993024054,23.1270230056,23.4676743439,12.8716119494
428,20.0,40.0,55.0,0.0,61.9726876859,13.3530036191,-0.576290121589,32.9174485048,30.3706121469,25.382578315
429,20.0,55.0,55.0,0.0,63.2727527526,17.8977733389,28.122569541,35.8695115441,31.915220583,13.1936087573
430,20.0,70.0,55.0,0.0,63.1600290842,30.2905504798,-0.732763482043,39.5519724865,31.7792663988,26.6458283642
431,20.0,85.0,55.0,0.0,68.2257813536,0.545999624045,44.3787915352,37.0791189032,38.2790523816,10.5752984908
432,20.0,100.0,55.0,0.0,57.0060808509,16.4650732296,-10.1966697821,28.0130593785,24.9289012633,25.9835649973
433,30.0,0.0,55.0,0.0,59.4886001403,-14.3841701864,27.7676208557,23.2044805629,27.5594247332,11.0695453215
434,30.0,10.0,55.0,0.0,50.3809670566,0.413106101228,-20.6354394174,18.1487500327,18.7394464266,25.4240125559
435,30.0,20.0,55.0,0.0,50.3893971995,3.82614390669,19.6261419965,18.8121016034,18.7465868592,8.79773341291
436,30.0,30.0,55.0,0.0,43.8812060505,12.0231455936,2.91182904232,15.206431402,13.7561736227,10.4167591321
437,30.0,40.0,55.0,0.0,46.5289107742,-2.57499471417,13.2606286893,14.6747699243,15.6627718873,8.7171362096
438,30.0,55.0,55.0,0.0,40.8007961958,4.65593222699,-2.66567056664,11.979638405,11.7405732518,10.4999702832
439,30.0,70.0,55.0,0.0,42.8735017241,-10.8434600941,5.67244820488,11.0585652614,13.0733123027,9.07762598103
440,30.0,85.0,55.0,0.0,62.8206040824,27.6829936061,12.6214433768,38.2660226712,31.3722241461,19.3221838052
441,30.0,100.0,55.0,0.0,71.4081035506,0.945532359204,15.4555191242,41.5677987334,42.7839743617,25.516001261
442,40.0,0.0,55.0,0.0,56.4124677421,13.9361938522,3.53693046426,26.7416612013,24.3257408885,18.4133132608
443,40.0,10.0,55.0,0.0,62.7877082897,-11.7056518975,4.25216902756,27.1963551888,31.3329609278,23.5003799855
444,40.0,20.0,55.0,0.0,49.5298756181,-3.26064575653,-7.66627025482,16.7890626905,18.0278552847,18.1129087183
445,40.0,30.0,55.0,0.0,50.3126398458,4.56096435506,7.99325998383,18.8908303389,18.6816393476,12.4021003145
446,40.0,40.0,55.0,0.0,42.3075015024,10.3333211799,10.4315038295,13.8199361593,12.6998715601,7.54352232714
447,40.0,55.0,55.0,0.0,45.7876101879,-0.998407223991,2.59339852462,14.40943643,15.112288164,11.5805477541
448,40.0,70.0,55.0,0.0,39.3603267477,2.69520718017,5.09182661814,10.8409067146,10.8698103431,7.60859756566
449,40.0,85.0,55.0,0.0,41.232980657,-8.03070492395,-4.08412335421,10.4871253784,12.0106116607,11.1921252532
450,40.0,100.0,55.0,0.0,59.8607181028,28.3142139938,33.8172699331,34.6007950417,27.9689962469,9.40646014995
451,55.0,0.0,55.0,0.0,73.1337105263,3.17933153871,-3.3593014669,44.8435047228,45.3682461347,39.9424062487
452,55.0,10.0,55.0,0.0,53.5653582634,12.9568913414,21.5549803383,23.6119570578,21.567763399,9.82221794412
453,55.0,20.0,55.0,0.0,64.1605637939,-8.09448493076,-15.0419710277,29.6368946719,32.9995730887,37.1209522844
454,55.0,30.0,55.0,0.0,46.9033036957,-6.44125389528,8.65729020893,14.3064177301,15.9458031402,10.2510257709
455,55.0,40.0,55.0,0.0,73.3436782096,11.3794192645,10.3253097818,48.0804945106,45.6896168941,30.6146984894
456,55.0,55.0,55.0,0.0,53.346049179,22.6065382809,17.24863161,25.6384316001,21.3644246715,11.0463329499
457,55.0,70.0,55.0,0.0,65.9174647069,-0.240045484178,-0.742106683761,33.8906352919,35.2172581181,29.518372919
458,55.0,85.0,55.0,0.0,47.3444588479,2.1595919532,4.71512975878,16.0778068285,16.2836561553,11.7695834447
459,55.0,100.0,55.0,0.0,70.8401272806,3.14113024128,7.63513901937,41.4844637958,41.955353659,29.5870999089
460,70.0,0.0,55.0,0.0,38.3567853109,5.11759943752,12.3484142897,10.5864246953,10.2893354349,5.55667338218
461,70.0,10.0,55.0,0.0,63.5135796952,-5.53693907153,-1.88451599625,29.5760213924,32.2069760054,27.6851470204
462,70.0,20.0,55.0,0.0,34.9185478038,-3.98271066215,4.40456674231,7.71977203061,8.45773472704,5.97996939245
463,70.0,30.0,55.0,0.0,42.7446183157,-12.763506978,-4.159260069,10.7239103091,12.9876414778,12.0913093078
464,70.0,40.0,55.0,0.0,37.7648192186,7.18640250429,2.97191591088,10.5225116487,9.95681875902,7.4503151726
465,70.0,55.0,55.0,0.0,48.7622272792,-5.68842940698,3.76341951483,15.775290167,17.4016873523,12.9547829761
466,70.0,70.0,55.0,0.0,40.4100598262,17.3681389528,7.87835128601,13.6394906377,11.4999436758,7.36453794698
467,70.0,85.0,55.0,0.0,55.0360488415,0.135231696614,10.0665823352,22.1741993359,22.9647871142,14.6496245311
468,70.0,100.0,55.0,0.0,43.3448450857,2.60039884985,3.292608948,13.3095489771,13.3898290949,10.0153910322
469,85.0,0.0,55.0,0.0,69.2535260388,-15.6157282319,-13.9217174148,33.6044234188,39.6974931979,42.970719379
470,85.0,10.0,55.0,0.0,48.9064578967,23.3378269413,12.7937637864,21.4826714029,17.51821129,10.0420646083
471,85.0,20.0,55.0,0.0,78.3958443563,-4.92054032983,-1.31420608535,50.1005574193,53.887080983,45.5482931717
472,85.0,30.0,55.0,0.0,54.314595298,39.8313874209,22.8809999183,31.1061675464,22.2721671244,9.8119690599
473,85.0,40.0,55.0,0.0,44.7583398717,-14.4791151778,7.71042718389,11.6829746192,14.3695685686,9.42633700863
474,85.0,55.0,55.0,0.0,38.7878928191,9.61189577548,-2.83827228667,11.4516699729,10.5360985646,9.50078824315
475,85.0,70.0,55.0,0.0,49.1675655177,-6.76511366538,16.1842794644,15.8916078156,17.7304812679,9.17458724412
476,85.0,85.0,55.0,0.0,40.6085798394,17.1043537991,1.9640568581,13.7326710892,11.6217843207,9.02185987821
477,85.0,100.0,55.0,0.0,52.0815764713,-0.673789693001,23.1203717414,19.3611044416,20.2169130369,8.63821934126
478,100.0,0.0,55.0,0.0,44.6725185908,5.23948952419,-9.51109585858,14.6439178406,14.3087634009,15.3282155634
479,100.0,10.0,55.0,0.0,66.8889024441,-19.6232989191,6.93839265825,29.6978745596,36.4850713157,25.9287708779
480,100.0,20.0,55.0,0.0,50.5408263935,24.8440847125,0.64334829527,23.3525875731,18.8751583161,15.313443155
481,100.0,30.0,55.0,0.0,76.6080011767,-7.53880935449,21.0151188526,46.3382974025,50.8828658857,27.4925364666
482,100.0,40.0,55.0,0.0,55.5849258447,40.2025130634,9.58843840466,32.7245432314,23.5012396162,15.213644642
483,100.0,55.0,55.0,0.0,45.834325599,8.37033086094,-18.8478306085,16.0255533414,15.1465916749,20.3667510176
484,100.0,70.0,55.0,0.0,64.1004836085,-21.4208381786,34.4328324618,26.1993878445,32.9254293411,11.4920243205
485,100.0,85.0,55.0,0.0,51.4213366142,26.2009792618,-9.67434583948,24.530004477,19.6344213461,20.5912532783
486,100.0,100.0,55.0,0.0,74.3185899777,-8.12559912715,51.8571540087,42.7253836302,47.2016824747,11.5563607328
487,0.0,0.0,70.0,0.0,56.8878019837,40.945734724,-0.762342713028,34.5474246507,24.8079337611,20.8439200992
488,0.0,10.0,70.0,0.0,59.6655235623,-9.76965437065,-10.9877139256,24.4290195763,27.7536531742,29.1868045326
489,0.0,20.0,70.0,0.0,34.8157557552,7.06591750468,6.12395357651,8.91657636705,8.40661579199,5.58113692615
490,0.0,30.0,70.0,0.0,67.5639710889,-0.651943302723,-1.10367035599,35.8536277877,37.3837826259,31.5598372817
491,0.0,40.0,70.0,0.0,48.6707222924,27.717910781,17.7320547065,22.2059043761,17.3280290293,8.50353541583
492,0.0,55.0,70.0,0.0,62.7131151577,-18.1041476394,-10.059167016,25.5582771702,31.2440506783,31.9474578399
493,0.0,70.0,70.0,0.0,47.964722007,16.41416828,10.1085051858,19.2310373712,16.7666995706,10.3682045484
494,0.0,85.0,70.0,0.0,73.3965329417,-4.7209652576,4.25767905307,42.5340842355,45.7707532911,34.7216457874
495,0.0,100.0,70.0,0.0,53.2213149596,34.4066605826,20.6302175607,28.4282367675,21.2493459739,9.92186350286
496,10.0,0.0,70.0,0.0,45.7393916954,12.4859399192,-17.1905552018,16.6825442016,15.0769352881,19.4927288536
497,10.0,10.0,70.0,0.0,59.6899364652,25.3712539248,11.7923798415,33.537025943,27.7805253547,17.2525627423
498,10.0,20.0,70.0,0.0,48.7741299257,-9.30943666464,-1.96942256808,15.1655332739,17.4112838816,15.1396343039
499,10.0,30.0,70.0,0.0,56.4476073191,4.50786857421,33.2602633869,24.5234660818,24.3611717119,7.93977076246
500,10.0,40.0,70.0,0.0,50.3082218811,-14.5082124054,-11.8121247909,15.4050964353,18.6779057008,20.698689591
501,10.0,55.0,70.0,0.0,48.9998756646,-19.2726884292,8.49958972782,13.6999315109,17.5939603953,11.4580417989
502,10.0,70.0,70.0,0.0,59.044557607,5.40343281477,9.13626736302,27.4396358617,27.0759458937,17.9342838476
503,10.0,85.0,70.0,0.0,44.286033251,-8.4439234393,3.60831733044,12.2587483815,14.0370600742,10.4172231181
504,10.0,100.0,70.0,0.0,58.7435295952,34.6889017894,10.3127602654,35.0583296542,26.7514200106,17.1863233881
505,20.0,0.0,70.0,0.0,47.3152533597,13.2699091645,-13.9794948163,18.0809084834,16.2611433939,19.2599821169
506,20.0,10.0,70.0,0.0,39.6083039829,4.64807842156,-4.94169499756,11.2532720147,11.0165340487,10.5690099076
507,20.0,20.0,70.0,0.0,57.4422297967,31.0100124396,8.41475611487,32.3915783445,25.3783623932,17.0364549048
508,20.0,30.0,70.0,0.0,49.6703812292,-10.3239896204,6.83336371897,15.6508220482,18.1440671576,12.4204971594
509,20.0,40.0,70.0,0.0,71.1250866358,7.67994196573,17.6186183084,43.4151869223,42.3697304609,24.0447680614
510,20.0,55.0,70.0,0.0,48.6118846031,-17.4875135941,0.823415916621,13.7177086602,17.2807767094,13.9446040538
511,20.0,70.0,70.0,0.0,45.3965324048,26.4811900964,3.68638433137,19.0336759592,14.8271459552,10.9998168465
512,20.0,85.0,70.0,0.0,57.7624892063,-4.80830990354,24.4690552846,23.6858302038,25.7118144071,11.174482074
513,20.0,100.0,70.0,0.0,42.0099611013,16.8936615684,-1.48495996641,14.6731908773,12.5064414734,10.7856058499
514,30.0,0.0,70.0,0.0,52.1766091089,-12.8896934524,14.7658094014,17.1120976847,20.3016914635,11.1981357882
515,30.0,10.0,70.0,0.0,38.2307208746,5.04022773726,-7.44483651302,10.5042925644,10.2179121541,10.6093161527
516,30.0,20.0,70.0,0.0,68.9705294229,2.3763891558,21.3262193175,38.642706697,39.3034799683,20.2287306854
517,30.0,30.0,70.0,0.0,57.9977266457,35.1957500043,15.8674161432,34.2663105631,25.9585939411,14.3797716598
518,30.0,40.0,70.0,0.0,61.8176832544,-6.97296738847,11.1346533145,27.3338239795,30.1898478001,19.2084347572
519,30.0,55.0,70.0,0.0,52.4317887811,19.3480873888,5.93483173512,23.9544371282,20.5305086663,14.5099648617
520,30.0,70.0,70.0,0.0,53.8036727813,-19.2512559044,-1.50000339663,17.2314342175,21.7901818339,18.6598463127
521,30.0,85.0,70.0,0.0,53.8225783442,35.8438033221,14.9321268359,29.4733027907,21.8078915282,12.0942488656
522,30.0,100.0,70.0,0.0,35.345989604,1.05616693515,4.09821473187,8.48317845958,8.67252614816,6.20725253832
523,40.0,0.0,70.0,0.0,48.6166806045,17.6773597483,5.01556473343,20.0467754306,17.2846251399,12.42087323
524,40.0,10.0,70.0,0.0,66.0700869386,-13.0527784112,-10.3295953913,30.5075558649,35.4144672333,36.0985379807
525,40.0,20.0,70.0,0.0,53.6978543353,34.3397087001,17.9999741921,28.9405447194,21.6912339109,10.9995048952
526,40.0,30.0,70.0,0.0,75.9795055202,-8.69733676671,5.62678529904,44.9789747211,49.8539121175,36.9096952007
527,40.0,40.0,70.0,0.0,48.4498236449,16.7661468693,7.17536930545,19.717550964,17.1510705068,11.5832395396
528,40.0,55.0,70.0,0.0,64.7336397285,-21.9570112851,-9.95328457911,26.7352437666,33.7123967382,34.2201524302
529,40.0,70.0,70.0,0.0,61.9052161682,-25.0140543337,1.4313235922,23.1567380833,30.2918392321,24.2034046528
530,40.0,85.0,70.0,0.0,69.0595286178,-1.64959565411,14.2524675975,37.5085183346,39.4271102389,23.9387570375
531,40.0,100.0,70.0,0.0,54.2379228813,-8.86535795817,-3.06384523404,19.5807537711,22.1993885151,19.7425428298
532,55.0,0.0,70.0,0.0,48.6604505635,15.8129119522,-2.17853136479,19.708443474,17.3197736454,15.1448741742
533,55.0,10.0,70.0,0.0,40.3079908163,8.72995659335,6.29944846844,12.2627196436,11.4376321688,7.71679276516
534,55.0,20.0,70.0,0.0,41.5505117617,11.6469775775,-4.69289861028,13.5133758717,12.2116290124,11.5741830056
535,55.0,30.0,70.0,0.0,47.6281041815,13.5748906242,12.4023493407,18.3961230718,16.5033831591,9.5011169466
536,55.0,40.0,70.0,0.0,48.1121558024,-0.823877348708,-3.53250631094,16.134936666,16.8829048869,15.3088092152
537,55.0,55.0,70.0,0.0,69.072232346,4.67906767109,14.353330227,39.5111520077,39.4447783159,23.8959539742
538,55.0,70.0,70.0,0.0,65.4095235679,-15.3427633455,4.44551494988,29.1482270592,34.5662026483,25.8957332964
539,55.0,85.0,70.0,0.0,53.4330639736,-12.0865630786,5.82365901916,18.2736697809,21.4449492885,15.2355758365
540,55.0,100.0,70.0,0.0,67.6325319332,2.21594922306,11.9042061581,36.8083599974,37.4758737675,23.8780162971
541,70.0,0.0,70.0,0.0,53.6612163691,-3.65387236955,-4.51896830464,20.1306378009,21.6570446945,19.9631676209
542,70.0,10.0,70.0,0.0,54.7642755499,24.0504078604,4.39289372072,27.4890970967,22.7022147282,16.7803640263
543,70.0,20.0,70.0,0.0,40.8463408508,10.6677289157,-1.1147904474,12.8963621456,11.7688377796,10.0456519217
544,70.0,30.0,70.0,0.0,40.8198226251,-2.90722243133,1.70247778268,10.9339620755,11.752375341,9.20012216257
545,70.0,40.0,70.0,0.0,49.8282521067,-5.91871533522,-2.1588680417,16.5427732366,18.2752363986,15.955921348
546,70.0,55.0,70.0,0.0,44.8072844611,8.49002369453,9.46501734231,15.284009589,14.4043232713,8.94796811646
547,70.0,70.0,70.0,0.0,55.5910499833,1.79353973887,5.52426065422,23.065514161,23.5072717729,16.9065617758
548,70.0,85.0,70.0,0.0,48.5815373466,17.6348878117,16.0978664106,20.0074210514,17.2564385606,8.91268721102
549,70.0,100.0,70.0,0.0,63.797237103,-16.6510860562,12.2511645268,27.0488161691,32.5528934094,20.304254085
550,85.0,0.0,70.0,0.0,57.7934699795,8.6158318505,9.85774944853,26.8975206567,25.7442254542,16.6769512056
551,85.0,10.0,70.0,0.0,73.4383716222,-3.67620846056,26.163141538,42.9461311145,45.8350472039,21.6503868164
552,85.0,20.0,70.0,0.0,64.9024170341,22.7439153562,21.2181498457,39.5403659516,33.9242708999,17.0619761308
553,85.0,30.0,70.0,0.0,69.5022204104,-3.71612138685,20.4317081574,37.4597134779,40.0459141115,21.1195987354
554,85.0,40.0,70.0,0.0,49.3974564174,-1.97042166678,8.32380668515,16.9191872359,17.9187868596,11.7462760473
555,85.0,55.0,70.0,0.0,66.4100077154,-6.66253534165,-7.90476906934,32.6668108902,35.856334997,34.8028276859
556,85.0,70.0,70.0,0.0,57.1774684299,15.6889964856,21.1370264319,28.0035849238,25.1048814779,11.9501072797
557,85.0,85.0,70.0,0.0,43.0662091587,0.855949873629,4.30784707281,12.8595713098,13.2021094577,9.56840687324
558,85.0,100.0,70.0,0.0,49.316032179,8.41184062641,7.71433602013,18.8041474576,17.8519398678,11.9052750421
559,100.0,0.0,70.0,0.0,64.1621813335,-3.3205749993,-8.66733500107,30.9145783662,33.0015707989,32.6805386854
560,100.0,10.0,70.0,0.0,55.1619302111,25.2132614947,18.0637428965,28.2163883418,23.0870897219,11.8134905346
561,100.0,20.0,70.0,0.0,72.3894214713,8.25068000852,2.59786702754,45.493687946,44.2412008253,34.6684437917
562,100.0,30.0,70.0,0.0,52.2210140402,31.2848531485,-7.01304395618,26.5654018972,20.3413861264,19.9684389525
563,100.0,40.0,70.0,0.0,53.2917922221,9.7330666567,0.452905731383,22.6288604375,21.3143167572,17.3872863072
564,100.0,55.0,70.0,0.0,58.8483657541,-0.623941181222,3.37002530446,25.7549697533,26.8641435449,20.4741528006
565,100.0,70.0,70.0,0.0,52.0249366463,-4.18142344919,24.2121220993,18.626307485,20.1664971931,8.31533368568
566,100.0,85.0,70.0,0.0,57.7857470725,-6.11468556875,-2.6827969853,23.4131841119,25.7361434605,22.6069767059
567,100.0,100.0,70.0,0.0,55.9569579184,-8.85049608545,20.0031771436,21.1025859045,23.8695601522,11.6219041955
568,0.0,0.0,85.0,0.0,54.3438850663,-1.79579934684,1.80276405001,21.1239815174,22.300011346,17.5914826523
569,0.0,10.0,85.0,0.0,49.3317477659,2.29621801544,12.7882507258,17.6518351584,17.8648289493,10.2682959733
570,0.0,20.0,85.0,0.0,53.3748114816,20.1733973036,1.64668051182,25.0899680554,21.3910193351,16.9308686029
571,0.0,30.0,85.0,0.0,50.8002633816,28.5574744919,12.9359580849,24.4556223364,19.0967981101,11.0215370546
572,0.0,40.0,85.0,0.0,43.449666441,16.9024813611,1.44939267516,15.7220364538,13.4609062327,10.6421258807
573,0.0,55.0,85.0,0.0,52.0171352406,15.3357105207,-1.5194403467,22.6527372429,20.159559635,17.2887125246
574,0.0,70.0,85.0,0.0,57.5991342651,4.88839627263,1.9898261311,25.7856286365,25.541367728,20.0983740069
575,0.0,85.0,85.0,0.0,63.4185462234,-5.38557306963,5.66706447067,29.5081155148,32.0916340451,23.3254885634
576,0.0,100.0,85.0,0.0,56.1572670514,-8.0909921854,11.048322565,21.4454131958,24.0694551965,15.0247499409
577,10.0,0.0,85.0,0.0,54.8949173682,11.1574935846,7.1641973409,24.5134800409,22.8281824171,15.7140256883
578,10.0,10.0,85.0,0.0,50.8058229275,6.37570660898,16.7679396471,19.6703434273,19.1015665807,9.83097235398
579,10.0,20.0,85.0,0.0,49.7358363167,3.97734333824,0.747052732537,18.2980337703,18.1983750025,14.720595461
580,10.0,30.0,85.0,0.0,45.6041557326,-2.60669246936,8.35114778057,14.0220983004,14.978077125,9.66659337352
581,10.0,40.0,85.0,0.0,44.5345673331,-6.00096534896,-7.18181435,12.7800289336,14.2113835361,14.3168765373
582,10.0,55.0,85.0,0.0,65.2069486798,3.3250141855,16.8637706531,34.0356306342,34.3088064081,19.2620866273
583,10.0,70.0,85.0,0.0,72.316138195,10.7748591085,27.383000576,46.2723977653,44.1312514856,20.0891892389
584,10.0,85.0,85.0,0.0,68.4749202504,4.49442811292,21.8805176427,38.6369810051,38.6197451585,19.5533871635
585,10.0,100.0,85.0,0.0,63.9577503695,-2.00475559577,15.6360849798,31.0325260763,32.7497306308,18.8307797412
586,20.0,0.0,85.0,0.0,60.3772904867,-9.02181580297,9.0724145365,25.3236391367,28.5442591069,19.0118333652
587,20.0,10.0,85.0,0.0,66.1443983535,12.6042000162,34.0915005484,38.0315207107,35.5107538181,12.8259639806
588,20.0,20.0,85.0,0.0,64.589211241,16.3477480302,-1.52103895939,37.1179496875,33.5317907892,28.5858296336
589,20.0,30.0,85.0,0.0,58.5749141435,-2.50514396315,20.5017478193,25.0276948054,26.5707809108,13.0197629696
590,20.0,40.0,85.0,0.0,57.2968396454,2.94760795832,-11.9910077468,25.0144691618,25.2279394965,27.3209963535
591,20.0,55.0,85.0,0.0,65.0356653683,21.5230083055,31.7160111931,39.3342547199,34.0921695353,12.9926628674
592,20.0,70.0,85.0,0.0,65.8829983371,7.93125171736,1.1139528907,36.2552876863,35.172824355,28.3396942132
593,20.0,85.0,85.0,0.0,58.012396209,7.06188213551,18.9749769402,26.7470577312,25.9740353641,13.2220738176
594,20.0,100.0,85.0,0.0,34.9210677037,0.767717994567,3.2700876786,8.24286146515,8.45899047965,6.2283405571
595,30.0,0.0,85.0,0.0,74.0210806891,-10.2438426526,19.316152043,41.5920562593,46.7367704665,25.8825177807
596,30.0,10.0,85.0,0.0,58.6024561945,-16.7021608757,-0.680012835304,21.8575854444,26.6002311939,22.2979196851
597,30.0,20.0,85.0,0.0,63.2707991762,7.75348326814,10.6478970146,32.9162581509,31.9128611109,20.6442158039
598,30.0,30.0,85.0,0.0,45.3299718935,6.27782241989,-8.220269319,15.2909177893,14.7789755038,15.2649237286
599,30.0,40.0,85.0,0.0,43.7909270594,21.0556434181,13.0841922552,16.7133078185,13.6940495184,7.51967124164
600,30.0,55.0,85.0,0.0,44.7836776322,22.5116709117,0.994377283635,17.7661818078,14.3875534845,11.5365162145
601,30.0,70.0,85.0,0.0,44.0488078818,3.36488603743,5.42351376193,13.905229661,13.8720039027,9.73967404698
602,30.0,85.0,85.0,0.0,52.9817051303,7.80994129053,3.73838128813,21.9188849277,21.0294448607,15.7661849811
603,30.0,100.0,85.0,0.0,61.6764964319,-8.18899274882,1.93345389478,26.8808166676,30.0258228726,23.7168665639
604,40.0,0.0,85.0,0.0,74.3839613461,-3.24276675085,17.6043809196,44.4856839944,47.3042484844,27.2412027421
605,40.0,10.0,85.0,0.0,60.4520517284,-4.3219648477,14.6137401565,26.5340083479,28.628162075,16.6036449448
606,40.0,20.0,85.0,0.0,59.1374727236,-12.84877818,-1.6864473641,23.2093856168,27.1766413027,23.3107515817
607,40.0,30.0,85.0,0.0,61.3971242272,12.5866063669,7.4367784693,32.0082702685,29.7030129955,20.6347054286
608,40.0,40.0,85.0,0.0,48.8767123955,6.26465034385,-6.17704889165,18.0288667735,17.494137451,16.9603309266
609,40.0,55.0,85.0,0.0,43.7732428122,21.3783656227,4.33267796192,16.7576814724,13.6819023241,9.9242035299
610,40.0,70.0,85.0,0.0,52.8474377724,-20.4158870837,15.7717818844,16.2791951307,20.9068873343,11.2474420434
611,40.0,85.0,85.0,0.0,49.9684533463,0.414205591744,-0.118191087648,17.8131890223,18.3922532536,15.2228907542
612,40.0,100.0,85.0,0.0,64.2783882071,-9.24992984374,13.2720360975,29.4665859705,33.1453008497,20.2114203578
613,55.0,0.0,85.0,0.0,57.3317036091,18.035366748,11.3618359125,28.774565825,25.2639559631,15.715548552
614,55.0,10.0,85.0,0.0,72.6507256877,3.76930659208,26.768118286,44.3273962167,44.6347305597,20.669812974
615,55.0,20.0,85.0,0.0,41.8179870703,0.868210582175,-11.2563802825,12.0658027019,12.3826881406,14.0835982894
616,55.0,30.0,85.0,0.0,48.1553050798,-8.55508445054,17.7314849992,14.8453303547,16.9170158385,8.26420749787
617,55.0,40.0,85.0,0.0,46.540434432,11.0450887265,-4.62975021966,17.0465758753,15.6714331139,14.668681515
618,55.0,55.0,85.0,0.0,53.5203057423,0.275419644707,27.7834231136,20.8146074907,21.5258868248,8.05199048061
619,55.0,70.0,85.0,0.0,50.1524530572,18.9858837779,0.890183604369,21.7000063515,18.5465823474,14.9473522885
620,55.0,85.0,85.0,0.0,57.9144706158,-18.35245944,18.455698028,20.8797329514,25.8710731939,13.3504476943
621,55.0,100.0,85.0,0.0,56.2368002371,10.8411766722,-9.32399339118,25.8050013947,24.1491324614,24.7440489475
622,70.0,0.0,85.0,0.0,67.7235574749,-2.83058656451,34.1696647717,35.4094887107,37.5983730794,13.7956655313
623,70.0,10.0,85.0,0.0,62.8541171288,24.4087376796,-0.124419722524,37.2964599288,31.4122578113,25.9896213949
624,70.0,20.0,85.0,0.0,59.4690132819,-10.8307984886,18.8190470244,23.9896594277,27.5379779518,14.2201386078
625,70.0,30.0,85.0,0.0,53.4560338866,15.8538009242,-9.98176348769,24.1655283756,21.4662396465,22.5203890857
626,70.0,40.0,85.0,0.0,67.7701417135,3.23998387472,32.1241174013,37.3029124449,37.661167818,14.6097025599
627,70.0,55.0,85.0,0.0,58.9431586706,30.6876769723,-0.973513068111,34.1407968347,26.9663404445,22.7567599166
628,70.0,70.0,85.0,0.0,49.1547840654,31.8431337892,-1.31496377284,23.5836950887,17.7200507637,15.1403702349
629,70.0,85.0,85.0,0.0,44.5588741171,-0.326317082065,-4.99096726848,13.6690979555,14.2285095403,13.5053101744
630,70.0,100.0,85.0,0.0,66.9047460538,13.758225619,15.5032053222,39.4271221955,36.5059968816,21.3449695304
631,85.0,0.0,85.0,0.0,45.46402491,-15.6526703389,12.3652688091,11.9496318551,14.8760976633,8.45953747917
632,85.0,10.0,85.0,0.0,63.9179509202,0.407061334141,4.64299191595,31.6452089367,32.7008508452,24.3449594913
633,85.0,20.0,85.0,0.0,61.1580542266,-1.30871761352,28.3928088104,28.044196348,29.4286156874,11.8165660597
634,85.0,30.0,85.0,0.0,47.0682221206,-11.3004609796,-7.11189258354,13.6442621985,16.0715512604,16.0364952643
635,85.0,40.0,85.0,0.0,53.638220118,10.4111712106,20.3350966364,23.1101901426,21.6356037921,10.2307372853
636,85.0,55.0,85.0,0.0,46.4155636122,-0.0204705840191,-1.65342658403,15.0181280109,15.5777497194,13.4548769063
637,85.0,70.0,85.0,0.0,50.721429169,30.6930409674,-0.228086713094,24.8742727739,19.0292667125,15.794713978
638,85.0,85.0,85.0,0.0,45.6309905973,25.921052052,6.8453788301,19.1221662294,14.9976590726,10.1338416815
639,85.0,100.0,85.0,0.0,45.6802486078,-1.02024478093,2.39673526086,14.3306269206,15.0336480503,11.5844112207
640,100.0,0.0,85.0,0.0,64.2495104995,18.8062024112,12.2397999664,37.4231719216,33.1095446744,20.6911976904
641,100.0,10.0,85.0,0.0,54.0491309169,-19.7629751225,11.9382693129,17.3319037402,22.0208605509,13.2965162265
642,100.0,20.0,85.0,0.0,61.5143705234,-0.881165309101,19.1028374815,28.5458029396,29.8382058692,15.4995990075
643,100.0,30.0,85.0,0.0,78.4284986679,-5.16608193571,32.5303355745,50.0613840674,53.9430237312,22.8048110342
644,100.0,40.0,85.0,0.0,54.1995539911,37.2461181235,4.22208143887,30.2751913301,22.1630277861,16.4390721375
645,100.0,55.0,85.0,0.0,68.1014833688,-17.8506617681,17.3393748719,31.5832431484,38.10982899,21.4593233812
646,100.0,70.0,85.0,0.0,48.582254856,20.7696946357,-5.257248155,20.6504791387,17.2570137309,16.3523926694
647,100.0,85.0,85.0,0.0,63.1681700246,-16.4278074279,-13.5305704938,26.4366029349,31.7890720946,34.82818999
648,100.0,100.0,85.0,0.0,44.4952432286,24.7998529824,15.124478435,17.962652963,14.1837057811,7.31454496102
649,0.0,0.0,100.0,0.0,59.7480579327,-2.69216149914,1.41614018685,26.1916756631,27.8445715871,22.2353924665
650,0.0,10.0,100.0,0.0,42.2059634382,14.3983584103,9.5178232951,14.4026978043,12.6336394608,7.7305692343
651,0.0,20.0,100.0,0.0,52.7168873459,-9.50310195145,-6.44532287779,18.1777262254,20.7881800513,20.1068141757
652,0.0,30.0,100.0,0.0,38.6674412326,1.88261991722,3.35174429258,10.3369060966,10.466760158,7.74722196692
653,0.0,40.0,100.0,0.0,78.0865383051,-5.22123817085,48.318293489,49.4920784706,53.3591007923,15.2401336816
654,0.0,55.0,100.0,0.0,51.7810814844,27.9750796689,10.7932312251,25.3104186153,19.9503957102,12.3085064212
655,0.0,70.0,100.0,0.0,67.0933807297,-18.4593912185,31.9840819423,30.2408150713,36.7557525694,14.2126374391
656,0.0,85.0,100.0,0.0,34.0405208066,0.71783115784,3.11955166499,7.81862823018,8.02770667658,5.93087439461
657,0.0,100.0,100.0,0.0,76.8074030239,2.1704813273,46.860971116,50.1919594391,51.2122542584,14.9418144826
658,10.0,0.0,100.0,0.0,52.8671301257,30.0310478466,-5.11859574647,26.9422504913,20.9248323848,19.5956619004
659,10.0,10.0,100.0,0.0,67.3733723926,-10.5882256259,31.2436569859,32.730604446,37.1285628009,14.6864742997
660,10.0,20.0,100.0,0.0,47.7446734015,4.59417660353,-20.0511398495,16.8179407267,16.5942539998,22.6363038146
661,10.0,30.0,100.0,0.0,71.6360751804,-2.65479998511,7.08349798221,40.7095130905,43.1196066162,30.8053235057
662,10.0,40.0,100.0,0.0,69.0050355019,0.903240880736,5.79951607668,38.2276928795,39.351382217,28.7650434695
663,10.0,55.0,100.0,0.0,34.9398208368,-0.272907296469,2.49390641218,8.13557203296,8.46833971422,6.40878537859
664,10.0,70.0,100.0,0.0,69.7006052268,1.46507642374,1.17764942927,39.3500304845,40.3253085626,32.4833702919
665,10.0,85.0,100.0,0.0,36.3492175657,4.82428854898,-6.34477895368,9.44341545414,9.190869868,9.29775416508
666,10.0,100.0,100.0,0.0,43.4795637325,-14.6945929435,11.5427460712,10.8902446674,13.4812249536,7.7742941298
667,20.0,0.0,100.0,0.0,40.6526793097,18.5916557723,11.8164109825,13.9990365865,11.6489664492,6.52831525201
668,20.0,10.0,100.0,0.0,42.9554716605,3.59915893285,-1.47316706912,13.2048142429,13.1279945245,11.3097878202
669,20.0,20.0,100.0,0.0,46.9054936956,-5.14103040772,8.61090258364,14.5198279663,15.9474686739,10.2664917878
670,20.0,30.0,100.0,0.0,46.2199473931,7.96093542852,10.3908512439,16.2456490046,15.4317419016,9.3796704365
671,20.0,40.0,100.0,0.0,54.9045225215,-25.3607917872,18.678008558,16.9821845063,22.8374622601,11.4587078545
672,20.0,55.0,100.0,0.0,46.4198892771,15.4367457448,-11.0233512402,17.7620066836,15.5809887575,17.2248209432
673,20.0,70.0,100.0,0.0,62.8664866043,-12.0082985469,34.988646521,27.2055416341,31.427042611,10.6225562665
674,20.0,85.0,100.0,0.0,50.2900475216,27.9983831777,-3.8083431222,23.8217656236,18.66255168,16.9896948221
675,20.0,100.0,100.0,0.0,69.289249716,-1.5825789601,48.464622237,37.8353969883,39.7474172829,9.88239542625
676,30.0,0.0,100.0,0.0,65.0693748718,-0.764271445593,42.5130328785,32.7004704362,34.1347325808,9.48954259387
677,30.0,10.0,100.0,0.0,66.6975289201,-0.632677321986,30.7385854361,34.7535590723,36.2329446176,14.4294457959
678,30.0,20.0,100.0,0.0,34.3233890048,3.98113878673,-4.30846077553,8.31461085872,8.16461432556,7.79088639977
679,30.0,30.0,100.0,0.0,60.3836355242,15.2512341959,31.4679419374,31.5379897669,28.5513736343,10.3845091555
680,30.0,40.0,100.0,0.0,57.457139164,28.8192331732,-5.29344472294,31.8006729123,25.3938215702,23.6910793172
681,30.0,55.0,100.0,0.0,51.2007116443,-5.55924321761,14.1359527274,17.6892453737,19.4423003914,10.8575572876
682,30.0,70.0,100.0,0.0,34.837134178,3.1024084843,-0.967680479232,8.46635476187,8.41723036245,7.17767118656
683,30.0,85.0,100.0,0.0,61.4307923592,15.4609104335,21.0170081779,32.8531003886,29.7417927329,14.6789646301
684,30.0,100.0,100.0,0.0,56.6935981582,27.7261946758,2.805496516,30.6051933296,24.610165262,18.97265793
685,40.0,0.0,100.0,0.0,52.5373615553,-4.73332106544,5.72962885261,18.9484670783,20.6256753288,14.6609155462
686,40.0,10.0,100.0,0.0,47.6776538335,10.0893803429,-7.1434805368,17.7758771454,16.5419686491,16.4901710512
687,40.0,20.0,100.0,0.0,68.0050649236,-11.7817923777,2.1755948445,33.1630228064,37.9789057545,29.9455499797
688,40.0,30.0,100.0,0.0,52.7942990008,28.21948723,3.19275161131,26.4200842311,20.8585147694,15.8577250462
689,40.0,40.0,100.0,0.0,77.2298207881,-0.17155705517,15.2235521652,49.9970592327,51.9147277101,31.7808025417
690,40.0,55.0,100.0,0.0,47.3128815543,8.81940145534,-3.628877558,17.2485305921,16.2593160227,14.7985604563
691,40.0,70.0,100.0,0.0,69.233530892,-9.1126142437,-11.5853267351,35.4767248266,39.6695680989,41.0991688736
692,40.0,85.0,100.0,0.0,53.0912500049,27.6210520963,5.77240524703,26.5867722496,21.1297900807,15.0206473091
693,40.0,100.0,100.0,0.0,77.8434552815,1.48705599092,0.368168201786,51.6213351899,52.9465909022,43.3889326953
694,55.0,0.0,100.0,0.0,77.9090784569,-1.61557211188,2.86688702358,50.5531795258,53.0577426171,41.493654136
695,55.0,10.0,100.0,0.0,36.2657043839,1.29254873748,4.32550456815,8.97305907928,9.14695316899,6.51171363507
696,55.0,20.0,100.0,0.0,76.4818820635,1.0937312148,1.55781873978,49.2692668371,50.6752628812,40.5988232052
697,55.0,30.0,100.0,0.0,46.4091260068,-0.179945925062,3.26848599866,14.9867934519,15.5729301012,11.7135839754
698,55.0,40.0,100.0,0.0,78.3177309488,-2.07990352935,6.09323662198,51.0426849634,53.7534155254,39.5510497172
699,55.0,55.0,100.0,0.0,61.1791967983,0.186119527874,4.26803944539,28.4489171655,29.4528140863,22.0374820279
700,55.0,70.0,100.0,0.0,76.216459995,0.559541858342,4.98630522211,48.6512921295,50.2402014161,37.6743187872
701,55.0,85.0,100.0,0.0,42.110925869,-9.3556142893,-6.5489756316,10.8146756347,12.5718565635,12.5430568436
702,55.0,100.0,100.0,0.0,40.3006671904,18.915391114,1.81890093556,13.8091520181,11.4331698868,8.91313724423
703,70.0,0.0,100.0,0.0,49.9799724515,-0.850792979393,26.4778653333,17.5860833624,18.4018896458,6.85762609584
704,70.0,10.0,100.0,0.0,68.6203765636,7.16097236908,2.71713014335,39.6819190212,38.819585441,30.2737863325
705,70.0,20.0,100.0,0.0,52.466796235,16.7009173333,22.0063716923,23.3882185148,20.5620329879,9.13635893517
706,70.0,30.0,100.0,0.0,62.4327833446,-1.55985654834,-5.80307443988,29.3970501544,30.911416981,28.9315779332
707,70.0,40.0,100.0,0.0,47.0592821715,3.1011244319,12.1859006183,16.027438512,16.0647177801,9.27898374159
708,70.0,55.0,100.0,0.0,53.6842450881,-12.5524618543,-16.6450077002,18.39165657,21.6785300596,26.3988207592
709,70.0,70.0,100.0,0.0,71.5223371139,-1.93742846404,2.34184116335,40.7835086995,42.9519366806,33.8153311749
710,70.0,85.0,100.0,0.0,61.0260182725,11.5733284596,5.95303904171,31.2889884216,29.277795792,21.052077696
711,70.0,100.0,100.0,0.0,69.473513778,14.7212785556,-2.23164850094,43.3888480906,40.0055924423,34.5312142305
712,85.0,0.0,100.0,0.0,62.4575426355,-2.83311187124,33.2983628631,29.0923904982,30.9407001337,10.9364900866
713,85.0,10.0,100.0,0.0,35.8680721351,4.34955010093,-2.35051911752,9.13357516709,8.9397701088,7.97329902259
714,85.0,20.0,100.0,0.0,41.8298834143,6.3847817367,15.6898549178,12.8897753165,12.390333116,6.11671240641
715,85.0,30.0,100.0,0.0,67.9866618811,13.6474431274,9.99944998192,40.896045192,37.9539510339,25.2661094345
716,85.0,40.0,100.0,0.0,63.5394574622,-1.89859935108,21.9783721013,30.5737662734,32.2384316096,15.7510103969
717,85.0,55.0,100.0,0.0,36.4634283723,3.10330021812,1.75514240168,9.29318109039,9.25115664067,7.19740342646
718,85.0,70.0,100.0,0.0,41.4234377545,6.73439997788,12.9217499333,12.6788272161,12.1309160851,6.57944137407
719,85.0,85.0,100.0,0.0,56.7067948106,30.3471005091,17.6854821661,31.3317445946,24.6235707378,12.8740738454
720,85.0,100.0,100.0,0.0,67.945178878,2.38642217818,6.74096734441,37.2724825863,37.8977397388,27.1007738056
721,100.0,0.0,100.0,0.0,36.1052258901,5.65400481435,3.22229331083,9.41615578708,9.06295620552,6.70174452347
722,100.0,10.0,100.0,0.0,36.4211898359,-3.84367831562,0.111055830787,8.45284560536,9.22883018506,7.5867149325
723,100.0,20.0,100.0,0.0,56.3124493143,29.4346351188,25.4983852283,30.6228451935,24.2250815652,10.0616305217
724,100.0,30.0,100.0,0.0,69.5126428358,4.06070649611,-5.95095271004,39.9210981389,40.0605602726,37.2203804531
725,100.0,40.0,100.0,0.0,36.6844071856,4.81105117331,4.57785034498,9.6204837018,9.36854884207,6.61922467855
726,100.0,55.0,100.0,0.0,35.7984317277,-1.88147379862,-4.74644534933,8.3706705762,8.90380962149,8.58127912183
727,100.0,70.0,100.0,0.0,50.1660681725,4.49879759082,-4.23694479189,18.7557248056,18.5580361555,17.0825839095
728,100.0,85.0,100.0,0.0,62.0430374982,-1.40436938513,20.4882163777,28.9993382163,30.4528907703,15.3080196453
729,100.0,100.0,100.0,0.0,61.6498606675,-0.121755675987,19.8262076215,28.8924418278,29.9949453266,15.3016263115
730,0.0,0.0,0.0,20.0,62.0529773516,-0.628753338378,18.8666555737,29.212416061,30.4645280349,15.9772825305
731,0.0,10.0,0.0,20.0,56.2663346925,-7.5056387414,10.8422160743,21.6703550035,24.178765133,15.1820181812
732,0.0,20.0,0.0,20.0,54.5470685372,10.3293938898,12.6276763222,23.9770544715,22.4938061769,13.3585917143
733,0.0,40.0,0.0,20.0,79.3175613208,1.10662453776,1.94308560875,53.9336242462,55.4810663661,44.1730452581
734,0.0,70.0,0.0,20.0,81.543980549,-2.3873625337,5.8633292627,56.3661848157,59.4603491293,44.106500036
735,0.0,100.0,0.0,20.0,45.6706975661,-0.288982917278,2.52166019795,14.4429417862,15.0266653563,11.5372036508
736,10.0,0.0,0.0,20.0,79.1937039741,0.654669959117,4.96866510719,53.5473580133,55.2650680068,41.5822326657
737,10.0,10.0,0.0,20.0,48.3075411479,-12.1148267778,11.892387688,14.3679878484,17.0377305325,10.0022266308
738,10.0,20.0,0.0,20.0,55.0562387463,-0.139400912994,-11.343773416,22.1334828754,22.9843738734,24.7353603631
739,10.0,40.0,0.0,20.0,54.852789975,1.7973671522,24.1276161622,22.3641548659,22.7875114985,9.71689440604
740,10.0,70.0,0.0,20.0,61.2596072366,9.94741468926,-2.56697982541,31.120163835,29.5449677538,25.8143489633
741,10.0,100.0,0.0,20.0,60.3651572556,13.0686947042,34.9710240919,30.9207543407,28.5306577181,9.32405159798
742,20.0,0.0,0.0,20.0,63.8747641591,2.9547446927,28.9270346274,32.2997312741,32.6478659728,13.2789247724
743,20.0,10.0,0.0,20.0,68.419225358,-4.20371238168,33.4971084088,35.8939318835,38.5434087237,14.5108464048
744,20.0,20.0,0.0,20.0,60.0495247557,-8.58862583638,-18.3967009082,25.0919235732,28.1783491215,34.4736294715
745,20.0,40.0,0.0,20.0,42.7553689774,-5.15615054405,16.3901130207,11.7809194787,12.994773261,6.31437002038
746,20.0,70.0,0.0,20.0,71.4333879931,1.27128230556,-5.37296807792,41.7114964939,42.8211133173,39.246074663
747,20.0,100.0,0.0,20.0,59.7571962985,-22.0973173752,25.4110417801,21.7678373075,27.8546504428,12.0095258183
748,40.0,0.0,0.0,20.0,59.0441524432,-11.0496803416,-6.28082629133,23.5235070279,27.0755073489,25.7539904439
749,40.0,10.0,0.0,20.0,42.670486095,-4.71131593392,12.7178207644,11.7921712296,12.9385346025,7.13408953763
750,40.0,20.0,0.0,20.0,70.3026274004,-0.798826694931,7.804039824,39.4554918138,41.1811134745,28.9079411823
751,40.0,40.0,0.0,20.0,61.0168800611,-21.3635119765,14.0677158089,23.1168622005,29.2673766524,17.2580124928
752,40.0,70.0,0.0,20.0,36.184907671,-0.319620735205,-0.414283266071,8.74215222865,9.10459832821,7.61649445362
753,40.0,100.0,0.0,20.0,66.4284892119,1.19115057688,25.4778476109,34.948534451,35.8804641305,16.3668162097
754,70.0,0.0,0.0,20.0,62.0192329816,12.5253975859,3.52970014366,32.7405817681,30.4250332466,23.1790610307
755,70.0,10.0,0.0,20.0,37.5182900383,-5.25136329896,3.5242971595,8.83772868194,9.82048007581,7.20947765831
756,70.0,20.0,0.0,20.0,36.0727693552,0.827688014714,-5.35430668606,8.81990597271,9.04603070759,8.88053676375
757,70.0,40.0,0.0,20.0,65.4292114171,0.63678681141,35.8005431141,33.538109545,34.591286892,11.801777512
758,70.0,70.0,0.0,20.0,63.1065409851,14.0477525523,-7.47191560349,34.5202681684,31.7148905665,30.7087305419
759,70.0,100.0,0.0,20.0,37.3567558664,-5.92648098812,5.33123252618,8.6774176622,9.73182478379,6.71309506399
760,100.0,0.0,0.0,20.0,80.6505875881,-0.773044707757,3.63631551646,55.4663835744,57.841497518,44.6686519872
761,100.0,10.0,0.0,20.0,55.2766953384,11.910533271,1.58045005505,25.0746228625,23.198969831,18.4125173719
762,100.0,20.0,0.0,20.0,81.8363028727,0.824137115544,5.09435861113,58.1942490531,59.9965296999,45.152385079
763,100.0,40.0,0.0,20.0,63.7236585843,-0.199727761432,4.90932598057,31.2493101184,32.4629284215,24.0166044322
764,100.0,70.0,0.0,20.0,58.3912303059,-6.29340673241,-1.86795132373,23.9648996405,26.3749263835,22.7267967695
765,100.0,100.0,0.0,20.0,70.1695769079,16.964107462,0.354997734549,45.1945990078,40.9909434351,33.5799474005
766,0.0,0.0,10.0,20.0,34.7728461318,0.819022196734,3.66134597353,8.17706802059,8.38533773384,6.08644783683
767,0.0,10.0,10.0,20.0,69.4467381037,16.0998839129,-0.22700233614,43.8194151726,39.9680074241,33.130464227
768,0.0,20.0,10.0,20.0,56.0333364358,11.7874194593,2.43163216268,25.821641797,23.9456496993,18.6197283069
769,0.0,40.0,10.0,20.0,56.1332192274,11.4849352733,2.12173531577,25.8524320097,24.0453983622,18.8417726578
770,0.0,70.0,10.0,20.0,57.2319181148,-14.4115221195,-13.7114734407,21.0888250733,25.160963095,28.2849600534
771,0.0,100.0,10.0,20.0,62.8680349503,13.8824465746,-3.30625665406,34.1733361611,31.4288936213,27.8700620519
772,10.0,0.0,10.0,20.0,63.6313451785,-2.95821504446,27.1680189628,30.3956046772,32.3502907852,13.775431939
773,10.0,10.0,10.0,20.0,49.5145265754,-11.08808626,10.2541916224,15.4049304664,18.0151902746,11.1726016238
774,10.0,20.0,10.0,20.0,71.0543969867,10.328627381,41.7006404425,44.2167264892,42.2666830363,13.1348314617
775,10.0,40.0,10.0,20.0,54.8288226802,-16.5688802425,-12.7286617164,18.5680318688,22.7643944012,25.2898350048
776,10.0,70.0,10.0,20.0,48.707901706,29.2323013243,12.472971522,22.5719156239,17.3579320388,10.0355170142
777,10.0,100.0,10.0,20.0,80.6293828893,-2.61442960348,1.52385846873,54.6965365242,57.8034353863,46.3970927439
778,20.0,0.0,10.0,20.0,52.1184669399,15.7985673437,-4.72259798481,22.8514834486,20.2497948662,18.8058892771
779,20.0,10.0,10.0,20.0,71.7389679652,-5.79752408525,-7.77216506888,39.8369544592,43.2716641173,41.4943824635
780,20.0,20.0,10.0,20.0,61.5490508861,24.8149687786,6.82687352541,35.7163468279,29.8782731305,21.0659944443
781,20.0,40.0,10.0,20.0,77.9708542421,-5.41535044711,39.8267306882,49.2355886101,53.162519718,18.8168605648
782,20.0,70.0,10.0,20.0,50.2171785878,12.9906673566,14.1708125857,20.4992663649,18.601075216,10.312797854
783,20.0,100.0,10.0,20.0,68.5211826384,-10.2207706949,25.8216623505,34.2498269586,38.6832298088,17.7797491243
784,40.0,0.0,10.0,20.0,59.7712532021,23.5752339063,30.3095186511,33.1251109821,27.8701587831,10.41643004
785,40.0,10.0,10.0,20.0,69.9891751761,7.08772875452,31.0438678806,41.5764250602,40.7340302645,16.6092508141
786,40.0,20.0,10.0,20.0,56.3582974073,23.4004066658,1.00466696985,29.0777320968,24.2711889014,19.546336251
787,40.0,40.0,10.0,20.0,62.0425982685,-6.81900574322,17.3912823123,27.6152620271,30.4523766025,16.5886804526
788,40.0,70.0,10.0,20.0,49.7204487359,5.8061409106,-10.0184224906,18.6368319623,18.1855982537,19.3473001023
789,40.0,100.0,10.0,20.0,69.3625333308,6.68944883988,42.1748270221,40.5613818577,39.849962608,11.9401882212
790,70.0,0.0,10.0,20.0,57.109787688,24.3978105614,-8.08106534563,30.1939622101,25.0352884991,24.8897386496
791,70.0,10.0,10.0,20.0,60.9903621298,-8.01333467353,26.5294832578,26.1998265338,29.2371556246,12.3579424061
792,70.0,20.0,10.0,20.0,50.2593505496,8.06057250498,-17.8433300139,19.5361962358,18.6366374469,23.7665209194
793,70.0,40.0,10.0,20.0,69.3570040205,17.8597877534,1.30948117524,44.2906719646,39.8422193325,32.004253764
794,70.0,70.0,10.0,20.0,78.7876394148,-0.528170217001,27.0614115064,52.4090152931,54.5608535244,26.1536951172
795,70.0,100.0,10.0,20.0,72.8870724164,-9.92970235995,-7.6185320213,40.0995852484,44.9926776253,42.9399226323
796,100.0,0.0,10.0,20.0,72.1462824208,-8.72114125978,-7.45857318363,39.4632966807,43.8771119631,41.7993362133
797,100.0,10.0,10.0,20.0,68.2720272379,16.0117456712,17.8536583287,42.081199809,38.3421406938,21.3484511215
798,100.0,20.0,10.0,20.0,67.5678368865,14.8373237907,16.6850806099,40.6953881784,37.3889711595,21.325571767
799,100.0,40.0,10.0,20.0,81.1510635399,0.989737653258,4.07205985628,57.0498748736,58.7447027005,45.0207330121
800,100.0,70.0,10.0,20.0,63.4343084357,-0.0609154908692,4.35467786285,30.9477291985,32.1107455338,24.0469322209
801,100.0,100.0,10.0,20.0,63.7985334492,1.06933998035,4.5174575159,31.6858420012,32.5544799495,24.300907438
802,0.0,0.0,20.0,20.0,63.2238394175,0.660887806731,4.15436580579,30.897476427,31.8561794826,23.9585977827
803,0.0,10.0,20.0,20.0,41.6196331439,2.65019116611,2.70235313389,12.2004767398,12.2556824281,9.30924840415
804,0.0,20.0,20.0,20.0,62.4820227013,-12.6660956399,-10.1181830319,26.6334459156,30.9696712194,31.7248143564
805,0.0,40.0,20.0,20.0,45.268458105,18.9326183738,11.6562524573,17.4886090167,14.73455028,8.56074893371
806,0.0,70.0,20.0,20.0,70.1709423295,-3.79283541948,0.400835760462,38.3306284551,40.9928920628,33.5504003017
807,0.0,100.0,20.0,20.0,48.8492271574,31.9694509163,19.2140800711,23.3152900146,17.4719125183,8.18805361444
808,10.0,0.0,20.0,20.0,53.5207495586,19.4859633353,18.2127324479,25.0762017397,21.52629909,10.8330121909
809,10.0,10.0,20.0,20.0,54.0102405797,-17.1052781645,-9.25932786722,17.7948066431,21.9842038512,22.6419949314
810,10.0,20.0,20.0,20.0,34.7215645171,1.39086469397,2.93357421318,8.21630606208,8.35995529922,6.22669214124
811,10.0,40.0,20.0,20.0,40.9604541238,-2.45986851267,0.777899762285,11.0773811051,11.8398543981,9.53880971111
812,10.0,70.0,20.0,20.0,53.9408170862,26.7906046197,22.5219967338,27.2868050549,21.9188688105,9.72678561261
813,10.0,100.0,20.0,20.0,63.9627850592,-15.5117607875,-18.3784413403,27.5108002574,32.755917465,39.3405122517
814,20.0,0.0,20.0,20.0,34.470537133,2.21162647845,1.2349649713,8.18707233217,8.23644518637,6.51067158768
815,20.0,10.0,20.0,20.0,41.4388402289,-3.63597299146,7.75531932554,11.1989479003,12.1406801946,7.84341933083
816,20.0,20.0,20.0,20.0,54.8157036602,26.72291288,15.2101086815,28.2207990967,22.751747379,12.5944924211
817,20.0,40.0,20.0,20.0,62.7814561731,-18.395999376,-4.82082680876,25.5589269076,31.3255023361,28.6976799794
818,20.0,70.0,20.0,20.0,39.2168581984,-8.99694275568,2.71091328497,9.26499294651,10.7855204884,8.16039797213
819,20.0,100.0,20.0,20.0,54.4364001603,22.3424925066,13.2508477998,26.7143020219,22.3881129132,13.061561338
820,40.0,0.0,20.0,20.0,72.9416212577,-5.14176318965,9.44267298313,41.7406111183,45.0755627348,30.7359202254
821,40.0,10.0,20.0,20.0,47.9535028743,3.43563389997,1.79761305375,16.7713119985,16.7578787004,13.1617147338
822,40.0,20.0,20.0,20.0,38.3701827043,-7.25090960733,-4.46113487994,9.03588492799,10.2969453912,9.76767098326
823,40.0,40.0,20.0,20.0,53.8991261592,21.598350344,19.9011160127,25.9689660926,21.8796954041,10.5051505405
824,40.0,70.0,20.0,20.0,73.9628018434,-3.04451985349,-4.80390778406,43.9294150088,46.6460583116,42.1758369635
825,40.0,100.0,20.0,20.0,47.1141082961,2.50172512637,7.2421853304,15.9640185786,16.1066560412,10.8089281401
826,70.0,0.0,20.0,20.0,73.5603397157,0.057597374657,4.34595808349,44.3994742047,46.0228203172,34.8567554349
827,70.0,10.0,20.0,20.0,46.6760949964,26.1434418693,16.083630438,20.0673889448,15.7736362942,8.02563566088
828,70.0,20.0,20.0,20.0,66.0972974419,-8.41021760356,-5.37650027239,31.8041557737,35.4497041283,32.7109678442
829,70.0,40.0,20.0,20.0,43.1599338803,11.4848636327,6.98410442407,14.5987762183,13.2650555232,8.84720841179
830,70.0,70.0,20.0,20.0,57.0320550152,-18.7042858422,-16.8292642056,20.024757573,24.9555184067,29.9996608611
831,70.0,100.0,20.0,20.0,50.4196973696,32.6062855159,13.5858718994,25.0181929963,18.7722664443,10.6045143761
832,100.0,0.0,20.0,20.0,69.985023386,-4.37119571102,4.52872117958,37.9006796833,40.7281303017,30.618408065
833,100.0,10.0,20.0,20.0,46.0035790634,20.0079117184,5.900173295,18.2871940633,15.2713105897,10.6271308554
834,100.0,20.0,20.0,20.0,62.0901046649,-13.5405614547,-6.08121595912,26.0092882394,30.5080217315,28.739570603
835,100.0,40.0,20.0,20.0,41.9529710068,3.68082081161,-2.34605105205,12.5638165199,12.4696179718,11.0306134311
836,100.0,70.0,20.0,20.0,73.6193365025,-0.777392380506,13.0894389729,44.1994419756,46.1138311662,29.1751342613
837,100.0,100.0,20.0,20.0,48.9237254263,27.0992746361,4.17785333681,22.3086382947,17.5321964953,12.9058610943
838,0.0,0.0,40.0,20.0,65.9170280742,-9.14663377117,3.38225350666,31.3879850182,35.216694981,27.0194905528
839,0.0,10.0,40.0,20.0,44.7797866471,13.4169856627,-2.59545857706,16.1133727559,14.3847906619,12.772874378
840,0.0,20.0,40.0,20.0,56.639335714,-20.3270397992,-8.0221138051,19.3595697529,24.5550953034,24.4085175663
841,0.0,40.0,40.0,20.0,70.6929081698,-2.9719047736,11.0794284562,39.2991820906,41.742335848,27.3365392975
842,0.0,70.0,40.0,20.0,68.5659933092,0.63603653606,9.31788365097,37.5573511755,38.7447886015,26.2228007285
843,0.0,100.0,40.0,20.0,65.4155146093,12.9832743143,38.8902093559,37.1783500394,34.5738345364,10.7789871953
844,10.0,0.0,40.0,20.0,67.0960639219,1.58217505786,-8.70538422798,35.9186686802,36.7593133561,36.2018570391
845,10.0,10.0,40.0,20.0,36.8980274964,2.16627810201,7.03617362208,9.40751154548,9.48297195942,6.14963799345
846,10.0,20.0,40.0,20.0,40.3908915867,7.72911958252,3.27411967364,12.168807903,11.4882245545,8.55324568345
847,10.0,40.0,40.0,20.0,66.0656733502,13.0896197537,26.8488719004,38.076995514,35.4087539528,15.5406523438
848,10.0,70.0,40.0,20.0,65.1800686835,-0.149806307775,3.55638632341,33.0085601938,34.2747484102,26.1788448752
849,10.0,100.0,40.0,20.0,36.9997793113,2.41706935269,4.52873420238,9.49229175256,9.53780010096,6.75665005108
850,20.0,0.0,40.0,20.0,41.2726923274,7.08695894303,9.16870751636,12.6344162487,12.0356300574,7.41332647568
851,20.0,10.0,40.0,20.0,58.5631850281,33.8919421002,20.075161673,34.5963875371,26.5582457543,13.1671784058
852,20.0,20.0,40.0,20.0,40.9256637223,-6.40514682924,5.30631391025,10.5268431828,11.8181729478,8.25360754703
853,20.0,40.0,40.0,20.0,52.9213396716,17.9188789591,10.2388034276,24.1104587963,20.974284952,13.2069225411
854,20.0,70.0,40.0,20.0,78.7803962455,2.81047388151,17.4780035008,53.6938007752,54.548346726,32.0560907364
855,20.0,100.0,40.0,20.0,57.6421214873,33.4211467333,27.2755286985,33.3152196155,25.5861478956,10.2193074288
856,40.0,0.0,40.0,20.0,41.153755986,-4.96917277312,-1.78932937474,10.8497930819,11.9608036554,10.4163412404
857,40.0,10.0,40.0,20.0,52.1302088667,16.9015355344,16.2223864854,23.1080283899,20.2602683519,10.7033655057
858,40.0,20.0,40.0,20.0,80.0277227073,4.21184985415,3.19000051387,56.3919212379,56.7304098912,44.1546884643
859,40.0,40.0,40.0,20.0,48.9773664171,-19.9052196809,14.6963215327,13.5853249975,17.5756885289,9.51059433524
860,40.0,70.0,40.0,20.0,48.3919757915,7.41033647846,-12.3578858975,17.8509304222,17.1049293864,19.3703664799
861,40.0,100.0,40.0,20.0,57.7728708178,-5.3394666897,30.0413136053,23.5756238259,25.7226722689,9.45783157598
862,70.0,0.0,40.0,20.0,54.8337774148,19.6699777821,-3.79395635737,26.4790327947,22.7691720929,20.592788432
863,70.0,10.0,40.0,20.0,64.666913332,5.57774837703,41.1505191055,34.0139616639,33.6288758645,9.68659528428
864,70.0,20.0,40.0,20.0,57.3732366664,-12.8196115117,-17.2086196395,21.5544690129,25.3069067067,30.6138583653
865,70.0,40.0,40.0,20.0,62.34803862,6.51946996449,26.9329041182,31.4653983771,30.8113280883,13.0466088901
866,70.0,70.0,40.0,20.0,66.7620521064,0.449380624557,-4.81187643411,35.1536340888,36.3178210202,33.1009047259
867,70.0,100.0,40.0,20.0,54.0529613606,-10.248539961,12.2440674929,19.1481500697,22.0244731987,13.1871597347
868,100.0,0.0,40.0,20.0,73.9616997012,11.4332805933,5.52830371663,49.0760141946,46.6443439377,34.5161893363
869,100.0,10.0,40.0,20.0,52.9600960293,-16.283935101,-3.00325363376,17.1089657446,21.009688098,18.6822779354
870,100.0,20.0,40.0,20.0,49.5431798166,6.48061647815,-6.39789601502,18.6195053553,18.0388378264,17.5577502852
871,100.0,40.0,40.0,20.0,60.6192291539,-3.66089102142,9.05554068589,26.8736363453,28.816376339,19.2144363497
872,100.0,70.0,40.0,20.0,54.5547606999,18.4528417646,1.72094070403,25.8919534081,22.501164876,17.788951862
873,100.0,100.0,40.0,20.0,66.8689425415,5.85760375074,19.6042866027,36.9151189914,36.45872051,19.3207970127
874,0.0,0.0,70.0,20.0,59.0280054242,10.6530718458,23.5090692744,28.7563166906,27.0580338487,12.2316826074
875,0.0,10.0,70.0,20.0,54.6149859503,-15.4241485293,-16.9514350105,18.6110925659,22.5588347772,27.520838267
876,0.0,20.0,70.0,20.0,55.328605851,-15.5925087197,19.7426104402,19.1785912289,23.2496938869,11.3483976556
877,0.0,40.0,70.0,20.0,63.8832634118,17.6137302042,-5.16535918591,36.5765940667,32.658288989,30.0933993744
878,0.0,70.0,70.0,20.0,67.1566325709,-2.29187158823,40.4442419743,34.8473198843,36.8397534553,11.2469717734
879,0.0,100.0,70.0,20.0,54.2204298941,0.716943354943,-18.1432447935,21.5431492012,22.182806152,27.8264591104
880,10.0,0.0,70.0,20.0,56.4532347281,-14.0308640873,10.2877419384,20.4700204853,24.3668489565,15.5357565396
881,10.0,10.0,70.0,20.0,62.2654574525,16.8560377516,5.33647607031,34.2824749962,30.7140025705,22.4529761754
882,10.0,20.0,70.0,20.0,68.3535764735,-1.93036960176,28.1701038586,36.4931308031,38.4535584117,16.6321175043
883,10.0,40.0,70.0,20.0,54.0610809412,-1.74310167126,-7.89087842502,20.8797161602,22.0321324129,21.9791738545
884,10.0,70.0,70.0,20.0,56.1772775421,2.23693684142,-4.91858586295,23.7340701588,24.0894854115,22.3275400509
885,10.0,100.0,70.0,20.0,67.8484795012,3.91374693376,27.3991919116,37.6144585848,37.7669233654,16.5896278619
886,20.0,0.0,70.0,20.0,38.5802411529,5.87967454749,3.71454641915,10.8169390242,10.416753396,7.61676131179
887,20.0,10.0,70.0,20.0,59.5372093654,-9.87936923064,13.9172067921,24.2758073911,27.6126978802,16.232112602
888,20.0,20.0,70.0,20.0,57.2164373248,4.00838420121,-15.4385839711,25.1829238888,25.1450098361,29.328364268
889,20.0,40.0,70.0,20.0,67.5695371569,3.2314416519,37.9373237338,37.0353260707,37.3912533529,12.3354647112
890,20.0,70.0,70.0,20.0,37.5217062827,6.69528424181,-0.998982375715,10.3204838499,9.82236081423,8.37054460408
891,20.0,100.0,70.0,20.0,58.3164827538,-10.9855704359,22.6434637181,22.8362981313,26.2955024675,12.1069061684
892,40.0,0.0,70.0,20.0,62.6489427181,15.5990110504,1.11948459915,34.3975647367,31.1676959525,25.0849283157
893,40.0,10.0,70.0,20.0,56.8758566379,8.13985901586,30.2731215102,25.8177942086,24.7957386842,8.94790588546
894,40.0,20.0,70.0,20.0,57.4176148185,5.71595297291,-7.15188757859,25.7964715621,25.3528534255,24.6685914252
895,40.0,40.0,70.0,20.0,50.9746213382,-4.91917932437,18.246058783,17.6268434568,19.2467246379,9.47949914238
896,40.0,70.0,70.0,20.0,50.5929055567,-6.40467803368,-16.8442883604,17.0498165427,18.9195117784,23.5384054778
897,40.0,100.0,70.0,20.0,61.1049072284,13.0269373505,24.5234208747,31.7815773736,29.3678456671,13.1431679044
898,70.0,0.0,70.0,20.0,60.8865711139,9.57637647558,0.647556053737,30.5845609293,29.1190707783,23.6758992168
899,70.0,10.0,70.0,20.0,55.9382261545,2.32789584958,15.1412190138,23.521239855,23.8509239037,13.3163583463
900,70.0,20.0,70.0,20.0,54.4385671611,-0.607459851988,-8.74223730011,21.4614184555,22.3901793114,22.7579068893
901,70.0,40.0,70.0,20.0,49.4312362775,-10.9495525118,3.76874331807,15.3674041041,17.9465680695,13.3727632217
902,70.0,70.0,70.0,20.0,48.591693394,3.76017462405,-14.3135744803,17.331850698,17.2645810473,20.4739973485
903,70.0,100.0,70.0,20.0,73.4403474748,-3.69910929656,0.211603639903,42.9412777719,45.838085004,37.6657335566
904,100.0,0.0,70.0,20.0,52.6787188224,18.6775119717,13.564895309,24.0445819873,20.7535591511,11.8872988668
905,100.0,10.0,70.0,20.0,57.0579722812,-26.5879141214,20.8163669765,18.4889217758,24.9820961209,11.9892772979
906,100.0,20.0,70.0,20.0,57.3449629541,34.3331306789,24.8549598264,33.2102488068,25.2776626165,10.8174317328
907,100.0,40.0,70.0,20.0,67.4267131153,-0.129108022091,18.6884565838,35.8330510278,37.1998708811,20.217102507
908,100.0,70.0,70.0,20.0,55.5358744438,20.7915347672,3.54542733469,27.5058872941,23.4529621755,17.7298717418
909,100.0,100.0,70.0,20.0,76.8824776115,-4.90848408518,54.9897183591,47.7051359005,51.3366360331,11.9916139063
910,0.0,0.0,100.0,20.0,50.3370756972,15.0767635202,7.15775437391,21.0403769267,18.7022992099,12.7117127773
911,0.0,10.0,100.0,20.0,67.2851683165,-10.0382805379,39.4418818139,32.7784187908,37.0108479814,11.6529887153
912,0.0,20.0,100.0,20.0,59.822282768,24.4505275274,20.3644510911,33.4369017495,27.9265057512,13.8642654672
913,0.0,40.0,100.0,20.0,79.318185218,-4.35743699488,17.5878538327,51.8169242745,55.4821558204,32.5977396814
914,0.0,70.0,100.0,20.0,52.9063114533,18.0040003518,-12.1985981304,24.1151307869,20.9605676878,23.1877496599
915,0.0,100.0,100.0,20.0,70.2594344989,-8.05044297183,5.986610718,37.1309403627,41.119313211,29.9933260931
916,10.0,0.0,100.0,20.0,62.5593801787,25.1816463137,-3.08294823017,37.1438646874,31.061339263,27.4190237158
917,10.0,10.0,100.0,20.0,71.8788969589,10.6126165602,33.6207237658,45.5503038759,43.4790276984,16.9005538572
918,10.0,20.0,100.0,20.0,60.1387049078,9.47232116106,0.353341121373,29.6978590037,28.2775961893,23.1440777162
919,10.0,40.0,100.0,20.0,39.2372090181,-1.48965558651,6.55130674936,10.2177232012,10.7974502738,7.19404849591
920,10.0,70.0,100.0,20.0,66.527179987,22.2226682562,10.320472179,41.6466488532,36.0094964187,23.7040551341
921,10.0,100.0,100.0,20.0,71.1743056262,10.2240685092,46.3566208024,44.3587231532,42.4415779763,11.5828684108
922,20.0,0.0,100.0,20.0,60.9824020463,10.8899724834,-10.141113674,31.0515360232,29.2280880168,30.0771458623
923,20.0,10.0,100.0,20.0,39.1224259093,-2.25500642635,8.7764962376,10.055336926,10.7302786348,6.62033775018
924,20.0,20.0,100.0,20.0,67.3970508291,23.2777954639,-0.600289505258,43.25521343,37.1602058543,31.0466757419
925,20.0,40.0,100.0,20.0,43.555408103,7.30196871642,3.6840974149,14.1952533281,13.5328618169,10.0067616751
926,20.0,70.0,100.0,20.0,76.0755254335,-8.16848690535,1.66376265068,45.3078287891,50.0102067381,39.9798304695
927,20.0,100.0,100.0,20.0,51.9270399424,8.09650324785,14.5782042768,21.0137638578,20.0795558205,11.1189990938
928,40.0,0.0,100.0,20.0,65.5577141746,-20.8366088555,-13.1255526634,27.901241265,34.7553101253,37.4799631125
929,40.0,10.0,100.0,20.0,58.9452188552,24.3690227379,25.2584167405,32.3461427428,26.9685644166,11.5874060424
930,40.0,20.0,100.0,20.0,54.139923842,-13.406465222,-13.0134088237,18.6052966875,22.106597412,24.7851670403
931,40.0,40.0,100.0,20.0,48.2764305768,4.56820107202,6.05001461821,17.2305416231,17.0130150576,11.8617148806
932,40.0,70.0,100.0,20.0,62.1817086489,-2.08370524464,-2.02492955354,28.9781474699,30.615510481,26.416611124
933,40.0,100.0,100.0,20.0,53.7231571426,16.8422599263,14.5672943647,24.6609945963,21.7148665633,12.1609198626
934,70.0,0.0,100.0,20.0,68.4664292815,6.54965034815,6.24464547149,39.2752271571,38.6081007759,27.9310358821
935,70.0,10.0,100.0,20.0,46.5763474574,-1.89457371059,-5.92645015664,14.8211886805,15.6984459654,15.2067722472
936,70.0,20.0,100.0,20.0,57.8967622448,-7.64601840378,-3.78141083809,23.1769103845,25.8524831341,23.2872100709
937,70.0,40.0,100.0,20.0,51.9060696565,12.0512975143,3.77410130841,21.8338744708,20.0609648125,15.0027209928
938,70.0,70.0,100.0,20.0,64.7572300097,1.92099500547,5.82605712883,33.0788866546,33.7419575506,24.4900409146
939,70.0,100.0,100.0,20.0,56.6549286523,22.8692893738,11.3776130046,29.2726360922,24.5709118694,15.2359711951
940,100.0,0.0,100.0,20.0,55.5036890706,-22.5967254907,-0.187819079649,17.9727734843,23.4213205923,19.4134984879
941,100.0,10.0,100.0,20.0,45.0015612466,14.5448071077,-6.62496751935,16.4819023344,14.5428285192,14.4126979591
942,100.0,20.0,100.0,20.0,64.4740472953,-10.3798221198,12.5059939848,29.3914384446,33.3882428809,20.7507774261
943,100.0,40.0,100.0,20.0,48.5726757923,27.5089569731,0.410488958684,22.0689029307,17.2493360097,14.0756577749
944,100.0,70.0,100.0,20.0,71.4073148221,-1.43791495896,22.7578022392,40.7847239444,42.7828161864,21.6014810008
945,100.0,100.0,100.0,20.0,42.7815756151,7.793452539,-12.2940254325,13.7414235238,13.0121691809,15.1366822095
946,0.0,0.0,0.0,40.0,58.778618279,-16.9972901091,17.7383762742,21.9575807827,26.7891134213,14.1781460786
947,0.0,20.0,0.0,40.0,47.3078713299,21.4314541088,-4.92558265987,19.6660070997,16.2554563164,15.3113776245
948,0.0,40.0,0.0,40.0,67.0854719543,-6.58303168243,29.6985372402,33.5150048159,36.7452584005,15.10102959
949,0.0,70.0,0.0,40.0,51.5278187771,33.3209407741,1.28085439265,26.3329228006,19.7275974596,15.7460031944
950,0.0,100.0,0.0,40.0,65.8414615325,-14.3104717135,-0.485977906721,29.9089307499,35.1193251263,29.2775462112
951,20.0,0.0,0.0,40.0,37.088528967,9.13916270344,5.0560428892,10.3958863197,9.58579434131,6.66967003621
952,20.0,20.0,0.0,40.0,74.7954121614,-2.81186846818,12.0622890078,45.2515148601,47.9532167742,31.1068456405
953,20.0,40.0,0.0,40.0,49.9631586334,9.26144072077,4.06700054957,19.5210678537,18.3878250514,13.6017390757
954,20.0,70.0,0.0,40.0,67.2386292417,-11.7312323977,-14.2600813541,32.2476994249,36.948838562,40.5072960062
955,20.0,100.0,0.0,40.0,37.9236296159,8.98363323061,6.8109037452,10.8538183746,10.0453109169,6.59704233876
956,40.0,0.0,0.0,40.0,75.9352123114,-1.00683376084,-2.58201468033,47.6395196168,49.7819245634,43.11544438
957,40.0,20.0,0.0,40.0,48.374441902,8.55558958978,9.95354323369,18.0527097607,17.0909602103,10.63796908
958,40.0,40.0,0.0,40.0,50.334549616,35.1950894945,0.27601400893,25.5447557185,18.7001627698,15.3181489943
959,40.0,70.0,0.0,40.0,65.4420259271,-6.75917952702,42.9269685043,31.4811698003,34.6076203482,9.5566015273
960,40.0,100.0,0.0,40.0,46.4912086192,22.4716008415,-7.20129029127,19.173048323,15.6344571001,15.6634159733
961,70.0,0.0,0.0,40.0,57.9320673351,-18.6032568157,27.7256992665,20.8432549718,25.8895548687,10.2346099616
962,70.0,20.0,0.0,40.0,42.8900845781,7.36722737032,-15.2092390342,13.7479730782,13.0843624642,16.4104788458
963,70.0,40.0,0.0,40.0,70.693370235,-1.77365993727,35.5964047556,39.6821383665,41.7430033,15.2301196182
964,70.0,70.0,0.0,40.0,49.1689743335,28.0450709843,-2.00093919169,22.7482078457,17.7316312045,15.426080277
965,70.0,100.0,0.0,40.0,63.5714730144,-11.5466775496,23.8637536639,28.0860479377,32.2773763066,15.0119036441
966,100.0,0.0,0.0,40.0,45.316680668,15.3420642228,-9.07379135775,16.8689962576,14.7693690363,15.6011363301
967,100.0,20.0,0.0,40.0,54.8888659503,-24.5138480669,9.00261522318,17.1242702965,22.8223372415,14.9686797436
968,100.0,40.0,0.0,40.0,51.4571278336,33.3342147076,3.3558484265,26.2620147257,19.665707273,14.8618362866
969,100.0,70.0,0.0,40.0,68.1927206649,-5.97695691957,17.1570600301,35.0770223494,38.2339936671,21.6310431819
970,100.0,100.0,0.0,40.0,47.2763084863,21.7439888866,-3.29860961758,19.7014074696,16.2311554202,14.6442803139
971,0.0,0.0,20.0,40.0,60.523143594,-15.5955240766,6.69723712512,23.9391029941,28.7080993373,20.2600287572
972,0.0,20.0,20.0,40.0,42.4715282877,6.56266630202,-11.1979102093,13.3401637436,12.8073526546,14.4943841316
973,0.0,40.0,20.0,40.0,67.7287591616,6.41745820309,10.7542096649,38.2317601826,37.6053813974,24.5976816972
974,0.0,70.0,20.0,40.0,53.1582385539,17.7273960171,7.74449431464,24.3014680034,21.1913098882,14.2945910946
975,0.0,100.0,20.0,40.0,60.8133339426,-2.46472412702,1.61224440858,27.3785759322,29.035939188,23.0933349315
976,20.0,0.0,20.0,40.0,47.9979296451,5.21509891043,-0.670677494908,17.1291395428,16.7928267035,14.1100335606
977,20.0,20.0,20.0,40.0,52.5835951721,-14.2810438029,-9.96561965512,17.1784879649,20.6674442108,21.7378814793
978,20.0,40.0,20.0,40.0,55.1363401103,22.7130907164,18.8401323584,27.5559154986,23.0621920615,11.537737532
979,20.0,70.0,20.0,40.0,64.6331519336,2.51568042817,2.31137827803,33.0958629937,33.5866696099,26.3531320234
980,20.0,100.0,20.0,40.0,50.320499379,10.9546616366,10.993730186,20.173199626,18.6882827131,11.386104199
981,40.0,0.0,20.0,40.0,57.3527764842,-6.99404686738,-7.29998514599,22.8003549041,25.2857420597,24.6886886511
982,40.0,20.0,20.0,40.0,45.0832664353,-3.32145895361,2.03458123527,13.5538384283,14.6013425999,11.3627987047
983,40.0,40.0,20.0,40.0,38.0240198341,14.8618235738,8.39384123521,11.7274703289,10.1015198315,6.27847012874
984,40.0,70.0,20.0,40.0,70.1406331434,-15.7903121036,3.6138312402,34.6608535629,40.9496515853,31.3808466459
985,40.0,100.0,20.0,40.0,53.636404218,7.2570684536,9.40036894107,22.4115070272,21.6339113134,13.977169798
986,70.0,0.0,20.0,40.0,45.2123107997,0.249237822946,12.378512271,14.2096290888,14.6940785237,8.33886278564
987,70.0,20.0,20.0,40.0,39.1901788396,15.3611065054,10.660300934,12.5298993644,10.7698941868,6.22178251879
988,70.0,40.0,20.0,40.0,71.4140650189,-13.0617999715,-10.8927149935,37.1203760881,42.7927289059,43.5307816528
989,70.0,70.0,20.0,40.0,52.5745969986,6.95912561763,16.3176761724,21.3621782944,20.6593105667,10.9175583161
990,70.0,100.0,20.0,40.0,44.0796441159,1.02245978922,4.51770886677,13.5566478087,13.8933855126,10.0280776759
991,100.0,0.0,20.0,40.0,53.0899931846,41.4876725462,17.6576127085,30.1308203588,21.1286370028,10.7731562135
992,100.0,20.0,20.0,40.0,48.5739526921,-1.87908926426,-15.1653319169,16.2998111493,17.2503593268,20.8779498654
993,100.0,40.0,20.0,40.0,67.6046805147,17.2077825112,31.2039075596,41.5242938367,37.4384454368,14.8588952611
994,100.0,70.0,20.0,40.0,58.027974661,-18.1056410549,-13.6042435046,21.0336719759,25.9904402013,29.058955277
995,100.0,100.0,20.0,40.0,79.613916355,-2.10914649721,42.8411466654,53.1758824134,56.0001711376,18.7331120393
996,0.0,0.0,40.0,40.0,45.6975502356,8.72319344857,-16.3641767555,15.9841950436,15.0463026467,19.0708284783
997,0.0,20.0,40.0,40.0,65.6346150317,-21.2642874042,27.3470739151,27.876897119,34.8537153121,15.0412586266
998,0.0,40.0,40.0,40.0,51.2854596521,26.2358800477,-7.38110060745,24.4022902349,19.5159502828,19.3760095832
999,0.0,70.0,40.0,40.0,74.8729057882,-8.47174444274,41.8549656756,43.4161067898,48.0761054033,15.6134739297
1000,0.0,100.0,40.0,40.0,56.3206473504,40.6760573287,1.27881557132,33.7612831143,24.2333216653,19.386112412
1001,20.0,0.0,40.0,40.0,41.9793280512,19.9953598796,12.6245386839,15.1683751924,12.4866392789,6.87156882433
1002,20.0,20.0,40.0,40.0,38.9801221423,1.36797099327,-7.94910377154,10.4460606112,10.6473892963,11.1858339376
1003,20.0,40.0,40.0,40.0,47.2610336419,8.08047310509,21.0668320172,17.0723605594,16.2194036982,7.02950931605
1004,20.0,70.0,40.0,40.0,42.4658101332,-6.90039928863,-7.84958736677,11.3597687885,12.803595582,13.2294165399
1005,20.0,100.0,40.0,40.0,51.9148580875,-0.92131071617,28.6994205565,19.1700699084,20.0687547151,7.12368186388
1006,40.0,0.0,40.0,40.0,49.5361018043,-9.5594922972,-3.66352605849,15.6828136514,18.0329944116,16.3737915185
1007,40.0,20.0,40.0,40.0,53.2049807012,-1.49230583524,-5.08392448091,20.1703741283,21.2343068023,19.8568375499
1008,40.0,40.0,40.0,40.0,55.9587428519,3.35043740024,6.27385807758,23.7730710336,23.8713364905,16.8568649141
1009,40.0,70.0,40.0,40.0,59.3950012619,9.16825641793,3.70718063815,28.7813907245,27.4570383789,20.7714150359
1010,40.0,100.0,40.0,40.0,61.5008137665,13.88975939,15.4467138735,32.4961546917,29.8225530854,17.0215863447
1011,70.0,0.0,40.0,40.0,47.9138404779,4.84214148614,-16.7618279419,16.9950366444,16.7267195545,21.1057268474
1012,70.0,20.0,40.0,40.0,73.1304024055,-10.8926542785,41.0022340218,40.12727557,45.3631949123,14.7521054235
1013,70.0,40.0,40.0,40.0,53.8662954198,21.7641975397,-6.66114853614,25.9748382195,21.84888003,21.1867104054
1014,70.0,70.0,40.0,40.0,61.961467798,-26.2679587183,22.4257298749,22.9313838427,30.3575034863,14.4865065176
1015,70.0,100.0,40.0,40.0,59.9588862594,35.0500753862,1.79034674115,36.7347521772,28.0777173131,22.2298629369
1016,100.0,0.0,40.0,40.0,56.6408492269,-6.42363119437,-6.68566412115,22.2521174738,24.5566302249,23.6829049384
1017,100.0,20.0,40.0,40.0,39.7350927213,1.75692719767,8.64634881622,10.9324155765,11.0920601551,6.89728515603
1018,100.0,40.0,40.0,40.0,65.5502947848,7.37130626162,4.72652030444,35.6576175784,34.7458258083,25.8738498934
1019,100.0,70.0,40.0,40.0,58.8524991771,-17.9489045042,10.5217852963,21.8212611506,26.8685944236,17.1771285785
1020,100.0,100.0,40.0,40.0,57.737382393,-4.90260291864,-18.4308726184,23.6399050794,25.6855684644,31.8114574394
1021,0.0,0.0,70.0,40.0,40.5393147054,0.785036639551,11.8033686365,11.2740010008,11.5791759447,6.48679469285
1022,0.0,20.0,70.0,40.0,66.2315691544,8.95803112781,-6.8522908656,37.0229422315,35.6239247824,33.8646023613
1023,0.0,40.0,70.0,40.0,57.7071676029,-19.0451525212,19.8477450886,20.5505450525,25.6540064777,12.7177832305
1024,0.0,70.0,70.0,40.0,77.1225047273,-6.7094570744,9.94109827983,47.428316486,51.7356581775,35.2389711172
1025,0.0,100.0,70.0,40.0,59.5722046435,-13.9746370421,16.2846707052,23.3772406513,27.6510933332,15.2852796055
1026,20.0,0.0,70.0,40.0,66.0416522737,10.9194892526,3.89222425506,37.3733361692,35.3776700386,26.8463414113
1027,20.0,20.0,70.0,40.0,51.1952289947,4.50790392479,7.29834499486,19.632409134,19.4375421104,13.1939397308
1028,20.0,40.0,70.0,40.0,53.2554804018,33.8656199848,-0.69570164622,28.3274377625,21.2808255126,17.8676119664
1029,20.0,70.0,70.0,40.0,61.1317341477,27.7147916472,27.2152005116,36.0459071735,29.3985099788,12.2043115648
1030,20.0,100.0,70.0,40.0,72.8875671427,2.47711398844,1.41252305266,44.2339591121,44.9934288881,36.1072104486
1031,40.0,0.0,70.0,40.0,55.009643831,12.8406261267,16.6889155317,25.0225691314,22.9391877144,12.1942609117
1032,40.0,20.0,70.0,40.0,64.40990835,-9.15306964119,-10.374605017,29.6411572922,33.3084737971,34.1260528655
1033,40.0,40.0,70.0,40.0,48.2193314157,-6.13767417365,3.70666873363,15.2974681926,16.967715427,12.6406386822
1034,40.0,70.0,70.0,40.0,52.3098230171,-1.79367711239,1.94663984144,19.334123558,20.4209298157,16.0276559302
1035,40.0,100.0,70.0,40.0,44.7808359258,-6.69675012371,14.2934531766,12.8351111643,14.3855356751,7.64505253804
1036,70.0,0.0,70.0,40.0,46.4115256558,6.99976676973,0.410668986924,16.2217643304,15.5747265213,12.7042077907
1037,70.0,20.0,70.0,40.0,40.0848916544,2.27031076018,8.23219811919,11.2086324058,11.3022182134,7.14079539804
1038,70.0,40.0,70.0,40.0,39.9826760268,17.176419597,-0.212060440694,13.3225197478,11.2405353384,9.33588140201
1039,70.0,70.0,70.0,40.0,56.8638577,23.0756431424,5.24356217403,29.5628632036,24.7834929189,17.9938019495
1040,70.0,100.0,70.0,40.0,63.5053753002,1.10566068961,13.8667137956,31.3489166712,32.1970074633,19.2918094229
1041,100.0,0.0,70.0,40.0,51.6868132364,12.9729991931,-1.75155517021,21.828852003,19.8672718766,17.1418127245
1042,100.0,20.0,70.0,40.0,55.7685845221,-9.53786831744,3.69718994457,20.7891285448,23.6825888188,17.8408673738
1043,100.0,40.0,70.0,40.0,45.5314966653,-0.666779628186,-11.0267320755,14.2839742304,14.925141896,16.567705626
1044,100.0,70.0,70.0,40.0,64.884216266,5.68819010758,30.3527903731,34.3173025945,33.9013800304,13.3944897264
1045,100.0,100.0,70.0,40.0,54.322857539,18.39462917,-0.958592317106,25.6380659989,22.2800192482,18.822827654
1046,0.0,0.0,100.0,40.0,58.6203500274,-4.85018076268,19.6955070405,24.5251431366,26.6193764456,13.3420794153
1047,0.0,20.0,100.0,40.0,49.3091561866,7.25489271787,-8.76839807127,18.5742269519,17.8463024978,18.4398456343
1048,0.0,40.0,100.0,40.0,51.3791046405,-17.403368596,7.52157647161,15.7000761476,19.5975481047,13.2281692748
1049,0.0,70.0,100.0,40.0,71.9289036823,3.17802513346,32.7744671348,43.0636286031,43.5532940327,17.3047535247
1050,0.0,100.0,100.0,40.0,60.7438544834,0.0356321848664,-1.67657140913,27.9323459188,28.9572193741,24.8125168206
1051,20.0,0.0,100.0,40.0,63.7246637918,-9.98314482348,18.5759303828,28.6552008145,32.4641563778,17.3280482193
1052,20.0,20.0,100.0,40.0,39.7417598754,10.6419109572,7.52716603143,12.1855277129,11.0960412009,7.16829710653
1053,20.0,40.0,100.0,40.0,71.6141007849,2.94629548261,45.8721408065,42.5288421906,43.0871785419,12.0033077066
1054,20.0,70.0,100.0,40.0,61.5325200515,1.91097663345,-13.0872831733,29.289832129,29.8591700917,32.6045352307
1055,20.0,100.0,100.0,40.0,62.1612278972,-11.334418678,28.7708673679,26.6209189467,30.5914563475,12.2803884877
1056,40.0,0.0,100.0,40.0,39.2878858655,11.3600088817,2.7930757374,12.0060063545,10.8271955981,8.17106931556
1057,40.0,20.0,100.0,40.0,47.8235703858,23.8469476024,7.89373908976,20.6105477891,16.6559465763,10.9924522909
1058,40.0,40.0,100.0,40.0,55.1832405264,15.6401544291,-3.71676024982,25.8669845816,23.1078370727,20.8515963556
1059,40.0,70.0,100.0,40.0,59.7426144492,2.52571524168,18.171021425,27.4724762906,27.8385690343,14.6536633263
1060,40.0,100.0,100.0,40.0,67.8872051302,-3.68736700805,0.339837650878,35.3645882472,37.8192757799,30.9854131545
1061,70.0,0.0,100.0,40.0,70.4489112006,-14.6297087578,28.5356987353,35.3940904651,41.3908757964,18.0523243818
1062,70.0,20.0,100.0,40.0,54.8306166876,-9.17857859046,-17.8034451285,20.0322145864,22.7661242278,28.2557483091
1063,70.0,40.0,100.0,40.0,56.6854820765,-5.52121300556,16.1013533041,22.491276565,24.6019231684,13.437143966
1064,70.0,70.0,100.0,40.0,63.2641537463,5.42708166024,-5.57697647555,32.2552135787,31.9048358264,29.6809596192
1065,70.0,100.0,100.0,40.0,64.4232390126,8.79809558307,28.841062595,34.6446132722,33.3250425627,13.6602835528
1066,100.0,0.0,100.0,40.0,70.7770366553,17.06687041,4.48735448798,46.1512052928,41.8639765398,31.526421822
1067,100.0,20.0,100.0,40.0,39.2840285925,12.3670462705,8.05411012971,12.1494531687,10.8249296116,6.85349557425
1068,100.0,40.0,100.0,40.0,42.4534600991,9.37836994936,-2.47140508574,13.7683743692,12.7954835875,11.3535060931
1069,100.0,70.0,100.0,40.0,44.6940313131,1.48287733046,15.2576381924,14.0487729201,14.3239892206,7.36623645328
1070,100.0,100.0,100.0,40.0,47.424856375,-0.130111996282,-1.20832164058,15.73962918,16.3457371023,13.9389818269
1071,0.0,0.0,0.0,60.0,47.9275953578,-6.99402367815,21.3296312118,14.9418569304,16.7375211369,7.24407652327
1072,0.0,20.0,0.0,60.0,57.0549899838,-13.7751409168,4.93762824452,21.0623235158,24.9790368655,18.2802615492
1073,0.0,40.0,0.0,60.0,64.9269206114,9.3296259807,-2.71454647336,35.4408708274,33.9551050018,29.6837200351
1074,0.0,70.0,0.0,60.0,62.7675006768,-10.0769160275,25.9980360836,27.5817596213,31.3088581084,13.6559199451
1075,0.0,100.0,0.0,60.0,56.6830942203,-4.97120189588,-14.3979535145,22.6098059837,24.5994985883,28.127775175
1076,20.0,0.0,0.0,60.0,71.4552587623,3.60125792947,41.5042836177,42.5188861337,42.8532554426,13.460115142
1077,20.0,20.0,0.0,60.0,56.392952707,-19.2918317294,-12.183603281,19.3542562612,24.3060789528,26.5198818404
1078,20.0,40.0,0.0,60.0,43.7182059167,12.1072489359,3.04425073708,15.1022221653,13.6441438089,10.2885098846
1079,20.0,70.0,0.0,60.0,65.5966953278,-8.89036673238,-0.562964533403,31.0811343308,34.8051686723,29.0640411975
1080,20.0,100.0,0.0,60.0,47.5569929902,26.2149751181,10.3523386034,20.8637007984,16.4481121049,10.0769873856
1081,40.0,0.0,0.0,60.0,73.130042192,-0.491273602774,9.06815760322,43.5754071307,45.3626449192,31.1862320301
1082,40.0,20.0,0.0,60.0,64.6521754918,-22.7345522657,-3.61433842957,26.4585428752,33.610447251,29.9512741594
1083,40.0,40.0,0.0,60.0,57.5237854034,16.7809624523,15.5543107441,28.664524284,25.4630022658,14.1860127207
1084,40.0,70.0,0.0,60.0,75.5265273574,-9.25590028023,11.2951554991,44.110810352,49.1209759772,32.4349872371
1085,40.0,100.0,0.0,60.0,50.0976200128,-1.22897999117,3.52842225275,17.6100809049,18.5005013871,13.8904250025
1086,70.0,0.0,0.0,60.0,65.7902110997,-19.2688979858,-18.2005915359,28.5567558738,35.0533895833,41.6291100452
1087,70.0,20.0,0.0,60.0,56.9189076837,15.7943499389,22.9069324411,27.7483220461,24.8397085227,11.2096627045
1088,70.0,40.0,0.0,60.0,76.4671758114,-7.17416437649,-3.76042652928,46.2523218149,50.6510919407,44.8200605053
1089,70.0,70.0,0.0,60.0,48.9040024188,-2.7440345899,9.03524701517,16.398652669,17.5162231695,11.2269687331
1090,70.0,100.0,0.0,60.0,66.0799341093,-19.1024371881,-5.0425951514,28.9221053779,35.4272163662,32.4685525746
1091,100.0,0.0,0.0,60.0,69.1607939183,0.742064315784,31.6773794339,38.3872122661,39.5680945612,15.748118599
1092,100.0,20.0,0.0,60.0,57.781689326,-2.61216142208,-8.09642692564,24.2067417358,25.7318977218,25.5489150471
1093,100.0,40.0,0.0,60.0,57.5713792047,20.7342819291,17.7102644581,29.7495793678,25.5124828134,13.4070847224
1094,100.0,70.0,0.0,60.0,48.0979210599,17.9478973667,-8.88580699884,19.6503411498,16.8716619122,17.5560235291
1095,100.0,100.0,0.0,60.0,73.4579397215,6.8018147899,42.6562721863,46.6095802259,45.865138349,14.328352261
1096,0.0,0.0,20.0,60.0,60.4610591611,22.0820448899,-2.04518302023,33.5469259553,28.638282011,24.7464859091
1097,0.0,20.0,20.0,60.0,65.6072604997,-6.33726361744,28.9909936925,31.7933097964,34.8186901833,14.3783461774
1098,0.0,40.0,20.0,60.0,54.1651369254,7.97623566349,-11.7376644385,23.073656818,22.1304458496,24.1073782736
1099,0.0,70.0,20.0,60.0,55.5047481151,-23.1995864075,11.5912577266,17.8600613192,23.4223612906,14.3712468651
1100,0.0,100.0,20.0,60.0,48.2163199579,-7.29513691541,-3.81920806512,15.0998749863,16.9653285213,15.4973144866
1101,20.0,0.0,20.0,60.0,48.5855487462,0.426035657884,21.477932165,16.7199391631,17.2596543452,7.48784645082
1102,20.0,20.0,20.0,60.0,43.1458827491,0.663737999774,-4.91936831012,12.8824206163,13.2556059807,12.5977081102
1103,20.0,40.0,20.0,60.0,42.5867798893,10.2086527617,13.8642994869,13.9916284142,12.883234676,6.82624980052
1104,20.0,70.0,20.0,60.0,37.4646227348,10.0725008864,-4.60368356559,10.7342706119,9.79096622052,9.35040956219
1105,20.0,100.0,20.0,60.0,70.219286973,17.0769961104,0.592967721933,45.3089043623,41.0619257331,33.4765612527
1106,40.0,0.0,20.0,60.0,63.3536341691,6.34502561432,-8.71539130329,32.620029911,32.0130088944,31.7902931925
1107,40.0,20.0,20.0,60.0,79.6751577056,-1.63602173481,25.4736412394,53.4631824903,56.1078455228,27.9890260365
1108,40.0,40.0,20.0,60.0,62.7282525208,6.16047122152,-8.89205134449,31.8176754691,31.2620798276,31.2031144903
1109,40.0,70.0,20.0,60.0,61.9423033727,1.05458240948,5.08429519259,29.5283610735,30.3351216179,22.2948412669
1110,40.0,100.0,20.0,60.0,71.1831932757,-12.7040749173,13.8297692303,36.9255614113,42.454560391,26.2231051515
1111,70.0,0.0,20.0,60.0,73.3387513365,-9.17677758337,-6.50107335738,40.9761556809,45.6820586247,42.6692746974
1112,70.0,20.0,20.0,60.0,56.6215989545,-5.11091948748,-2.54605114187,22.5208712109,24.5371124235,21.5060141082
1113,70.0,40.0,20.0,60.0,79.7375643359,-1.97319295895,27.0628004324,53.4365655695,56.2177105942,27.1065870676
1114,70.0,70.0,20.0,60.0,79.1885789383,-2.70080927172,25.5077243454,52.237944244,55.2561424102,27.4667677929
1115,70.0,100.0,20.0,60.0,58.7903550263,31.6091915879,-3.42347941032,34.216972177,26.8017293165,23.922746079
1116,100.0,0.0,20.0,60.0,64.1026227252,-14.9152214685,33.4786779644,27.8126065717,32.9280672733,11.8135081569
1117,100.0,20.0,20.0,60.0,35.532359589,7.27439309755,-2.73884725418,9.31239357323,8.76730505925,7.92375601574
1118,100.0,40.0,20.0,60.0,73.9070443041,-1.02352260888,50.2366829689,44.5422100061,46.5593805604,11.8630887904
1119,100.0,70.0,20.0,60.0,58.3753771377,30.5158704229,4.42068162163,33.3880027676,26.3580680639,19.5755914491
1120,100.0,100.0,20.0,60.0,65.9409863191,-14.1667272087,19.8492746076,30.0610229866,35.2476034628,18.4662469371
1121,0.0,0.0,40.0,60.0,35.385462738,6.11171456514,0.31946364051,9.09539226135,8.69254300031,7.09495014758
1122,0.0,20.0,40.0,60.0,74.8426958423,-1.19151289927,34.1566908447,45.8918560273,48.0281738305,18.9449638278
1123,0.0,40.0,40.0,60.0,42.0033877327,2.36469087333,-1.77508064203,12.401133011,12.5021904723,10.8747218892
1124,0.0,70.0,40.0,60.0,61.9934266283,29.5605074971,6.09677954532,37.7410759504,30.3948522471,21.8201030059
1125,0.0,100.0,40.0,60.0,50.6295298345,-14.9257002372,4.86644516441,15.5704874182,18.9507445924,13.7321914366
1126,20.0,0.0,40.0,60.0,75.9829270936,7.75373624827,12.0117664825,50.9555929286,49.8594759168,32.4816899127
1127,20.0,20.0,40.0,60.0,59.1887989007,-30.2422827006,11.1747613517,19.5733706686,27.2323721958,17.1453475456
1128,20.0,40.0,40.0,60.0,62.9054259972,-24.1134385255,-16.9421667327,24.34140299,31.4736157877,36.9295598299
1129,20.0,70.0,40.0,60.0,46.3240111445,14.4233875689,5.00848924845,17.4961302826,15.5093009024,11.0895257453
1130,20.0,100.0,40.0,60.0,73.8946929888,-10.9154362236,-2.26754004815,41.1915946716,46.5401943911,40.1107237279
1131,40.0,0.0,40.0,60.0,51.732102355,31.9771158144,14.4997586015,26.2202578822,19.9071780277,11.035390827
1132,40.0,20.0,40.0,60.0,82.039374541,-0.836987430252,9.72031779072,57.8701676643,60.3708969169,41.7035838601
1133,40.0,40.0,40.0,60.0,37.1071682828,2.08206544696,2.68003199139,9.50807430203,9.59589456771,7.24253405665
1134,40.0,70.0,40.0,60.0,44.8580573218,15.7891807464,1.72710371596,16.5936717534,14.4404353689,11.3361466
1135,40.0,100.0,40.0,60.0,40.8261199247,-7.34500640675,7.77179123961,10.3469656218,11.7562832957,7.5700791625
1136,70.0,0.0,40.0,60.0,50.6196803138,4.94463816822,3.65281861253,19.2259534432,18.9423416442,14.1851948242
1137,70.0,20.0,40.0,60.0,43.3085158975,-14.9294182885,11.9153005842,10.7593637745,13.3652535536,7.60449293733
1138,70.0,40.0,40.0,60.0,69.1455057889,16.478189401,0.665541120605,43.5055098407,39.5467885047,32.1884509065
1139,70.0,70.0,40.0,60.0,62.3470356098,6.10408875104,-8.57429236276,31.3504443534,30.8101447652,30.5762896109
1140,70.0,100.0,40.0,60.0,78.4082455721,-1.45317830099,24.6230925525,51.4286391534,53.9083219534,27.1937613653
1141,100.0,0.0,40.0,60.0,60.8750316754,3.94731117549,6.79464001284,29.0817875187,29.1059618325,20.5082049719
1142,100.0,20.0,40.0,60.0,61.7677846573,0.604988733247,5.01516400429,29.2135808664,30.1318096306,22.1751682572
1143,100.0,40.0,40.0,60.0,70.6964071637,-11.6343483107,13.7259259706,36.6126593436,41.7473903125,25.8014825835
1144,100.0,70.0,40.0,60.0,72.1807035523,-8.8962016275,-6.34814912047,39.4547841914,43.9285340871,40.9780858079
1145,100.0,100.0,40.0,60.0,56.3441877305,-5.20760904646,-1.79346117385,22.2384741554,24.2569932168,20.8903732761
1146,0.0,0.0,70.0,60.0,46.3430133904,0.669977861804,3.84448396354,15.0814797597,15.523491328,11.482722225
1147,0.0,20.0,70.0,60.0,81.2929673883,-0.380734283083,5.25699500103,56.7410281106,59.002495497,44.2481312371
1148,0.0,40.0,70.0,60.0,35.8898166767,-1.72067013518,4.51829274838,8.43374850133,8.95101822548,6.32210574446
1149,0.0,70.0,70.0,60.0,58.5114340058,7.83056974951,-12.7471376843,27.4719858639,26.5029854003,29.0444186908
1150,0.0,100.0,70.0,60.0,58.9837637664,11.4795846602,28.319108236,28.9208301038,27.0101962506,10.6147287233
1151,20.0,0.0,70.0,60.0,66.0140955983,19.5356087022,-3.00490527921,40.0481652748,35.3420333762,31.0597144874
1152,20.0,20.0,70.0,60.0,36.1792878936,-1.77041453459,1.83054583798,8.57105531291,9.10165723042,7.06066613767
1153,20.0,40.0,70.0,60.0,57.9827338717,5.43199117786,-2.99189034947,26.316843367,25.9428186261,22.9473724802
1154,20.0,70.0,70.0,60.0,60.1158636416,11.7022279039,16.9916102438,30.2638190532,28.2521543713,15.3781355541
1155,20.0,100.0,70.0,60.0,64.2166535772,19.357290483,6.99311691996,37.5493598019,33.0688927486,23.3521512704
1156,40.0,0.0,70.0,60.0,81.2830775068,-1.53437738894,20.8515962528,56.2563997907,58.9845044215,32.6804420656
1157,40.0,20.0,70.0,60.0,51.1445714677,32.7202185247,8.58879087787,25.78813364,19.3936141844,12.6979163945
1158,40.0,40.0,70.0,60.0,72.3189299299,-12.8246715502,7.78903131564,38.4015912782,44.1354366771,31.109080985
1159,40.0,70.0,70.0,60.0,46.4270925472,14.9611910631,-0.510622130846,17.6788784946,15.5863835295,13.0442998028
1160,40.0,100.0,70.0,60.0,61.6325374755,-26.5237350894,-7.97793780579,22.5617207634,29.9748747579,29.4236849432
1161,70.0,0.0,70.0,60.0,44.4470854945,-13.3896941943,1.35325184869,11.6472846057,14.1498595733,11.2262011654
1162,70.0,20.0,70.0,60.0,51.3447954885,4.24340127764,13.381240765,19.7086324988,19.5676263828,11.1819338509
1163,70.0,40.0,70.0,60.0,40.4763389813,-5.6571752746,-1.60647115624,10.3705199868,11.5405269934,10.0012523792
1164,70.0,70.0,70.0,60.0,45.2458778851,14.442250883,8.61884739242,16.6518623688,14.7182652228,9.40658299647
1165,70.0,100.0,70.0,60.0,37.2171449212,3.65366057032,-3.47039624925,9.76292411667,9.65563289576,8.90552599948
1166,100.0,0.0,70.0,60.0,80.4113904918,-2.38464484372,33.7993829846,54.4155997924,57.4131098854,23.9524610987
1167,100.0,20.0,70.0,60.0,52.9629123767,33.5658336552,1.26799650214,27.9302329633,21.0122623258,16.7885399137
1168,100.0,40.0,70.0,60.0,71.8028361999,-13.858570526,21.4264835559,37.3901405303,43.3662297522,22.6373320214
1169,100.0,70.0,70.0,60.0,48.174524373,16.6275541125,-7.26506139495,19.4526246389,16.9322241131,16.9075119885
1170,100.0,100.0,70.0,60.0,59.6961182784,-29.28519465,5.12855930206,20.208349769,27.7873326551,20.3293967829
1171,0.0,0.0,100.0,60.0,68.5133322432,22.0036981335,-0.224161667804,44.4656617352,38.6724520217,32.0563086475
1172,0.0,20.0,100.0,60.0,70.476493575,18.1336300234,0.302698072406,46.0702969761,41.430506935,33.9767198789
1173,0.0,40.0,100.0,60.0,80.8963796812,-2.11302038796,33.0630062309,55.3542016526,58.2839108221,24.8159365251
1174,0.0,70.0,100.0,60.0,81.0012042987,-1.97800728789,27.3100755828,55.5890515726,58.4732739504,28.2607053275
1175,0.0,100.0,100.0,60.0,58.1919970565,0.490030223536,4.64969063659,25.3455874736,26.1635828575,19.3181382454
1176,20.0,0.0,100.0,60.0,62.8322984639,0.411201726845,4.60823294964,30.375577877,31.3861900321,23.351118835
1177,20.0,20.0,100.0,60.0,72.2718145312,-12.1266548424,-10.0546521506,38.5568007242,44.0648397087,44.050673046
1178,20.0,40.0,100.0,60.0,74.027117269,-10.0990915883,-7.96008306509,41.6484855833,46.7461732364,44.8140120843
1179,20.0,70.0,100.0,60.0,80.433972352,0.836592607308,5.14076805182,55.7373167533,57.4534619178,43.1425091808
1180,20.0,100.0,100.0,60.0,71.4762570525,-12.1876402049,13.0866768659,37.4711919117,42.8841304699,26.94925828
1181,40.0,0.0,100.0,60.0,72.9510487337,9.46473095096,-1.0583586622,46.7801357413,45.0898977724,37.9794377254
1182,40.0,20.0,100.0,60.0,55.0156142716,2.97061507996,20.718926708,22.7761798339,22.9449743329,10.8557784863
1183,40.0,40.0,100.0,60.0,65.1056605061,-2.29226618635,-12.3943768845,32.3160800913,34.180587932,36.3860161314
1184,40.0,70.0,100.0,60.0,62.1255162988,18.3119914443,33.4554188905,34.5306783226,30.5495441066,10.7034467841
1185,40.0,100.0,100.0,60.0,71.4500511721,7.76430880778,11.1297063152,43.9218816527,42.8456007089,28.0870935018
1186,70.0,0.0,100.0,60.0,56.3939538176,3.38192877523,10.529419038,24.2096133041,24.3070873414,15.3963575429
1187,70.0,20.0,100.0,60.0,63.1663136486,-4.68594321431,-0.657635220605,29.4064024382,31.7868359275,26.6083909408
1188,70.0,40.0,100.0,60.0,63.0519323555,18.0515144567,22.6683018932,35.6312161923,31.6492558642,15.1313137942
1189,70.0,70.0,100.0,60.0,53.9276651728,-22.5930025639,2.61120891313,16.721257129,21.9065060357,16.9259896506
1190,70.0,100.0,100.0,60.0,51.4216317978,6.29721002445,-5.58432305179,20.1913126316,19.634679237,18.6494437512
1191,100.0,0.0,100.0,60.0,65.4878959377,-5.99827115934,18.2419845027,31.7448710485,34.6661286976,18.8457049888
1192,100.0,20.0,100.0,60.0,59.1078716859,21.7131462438,3.9839696029,31.803197037,27.1445345572,20.3928778968
1193,100.0,40.0,100.0,60.0,74.2629549061,7.14627363196,30.2596621522,47.9820632951,47.1145093347,20.3216796096
1194,100.0,70.0,100.0,60.0,38.0349225384,8.9283501925,-0.470329634864,10.9111653067,10.1076368945,8.46680586694
1195,100.0,100.0,100.0,60.0,43.5925784877,11.4177831242,6.48553900775,14.8962341617,13.5582164763,9.19942038692
1196,0.0,0.0,0.0,80.0,42.7346328147,-1.32928439032,2.09070187756,12.3213995534,12.9810196253,10.0609168086
1197,0.0,40.0,0.0,80.0,49.2866438669,1.24407198651,10.2318122407,17.4203343298,17.8278537893,11.0521137929
1198,0.0,70.0,0.0,80.0,47.049786062,-9.68825998147,5.18245599539,13.8864808203,16.0574613061,11.4430832436
1199,0.0,100.0,0.0,80.0,58.1806787442,-18.4349563835,-9.95301401478,21.102700049,26.1516105785,27.0175702967
1200,40.0,0.0,0.0,80.0,52.5215452431,4.99318964506,1.8121923728,20.9006613219,20.6113993119,16.2358981843
1201,40.0,40.0,0.0,80.0,68.1186776295,-4.25335900037,4.40715428634,35.4927251048,38.1332080419,28.6818446103
1202,40.0,70.0,0.0,80.0,58.7305678488,20.726676526,13.4065539386,31.0870276862,26.7375050272,15.8664417868
1203,40.0,100.0,0.0,80.0,76.4952010534,7.40053272966,16.3772610217,51.6602669296,50.6971603765,30.2212654112
1204,70.0,0.0,0.0,80.0,80.0959904507,-2.08666872877,39.2687579774,53.9972783105,56.8514877703,20.8355217456
1205,70.0,40.0,0.0,80.0,81.3878402367,-1.60774175473,20.3946313482,56.4093146002,59.1752683673,33.1078853209
1206,70.0,70.0,0.0,80.0,52.6620435627,0.740603994821,4.68079127056,20.1484988219,20.7384458682,15.1608594276
1207,70.0,100.0,0.0,80.0,68.7921613826,0.29299063318,4.75211475187,37.7526472419,39.0564844934,29.1841760267
1208,100.0,0.0,0.0,80.0,70.5847121238,-14.0644016739,-12.3807052467,35.7364762885,41.586242753,43.5777253651
1209,100.0,40.0,0.0,80.0,76.8284456008,-7.09652420157,-4.05036846177,46.8343326453,51.2470968072,45.5764088239
1210,100.0,70.0,0.0,80.0,65.3924822296,26.6826411229,-0.686125109365,41.5043432074,34.5445001117,28.9229503872
1211,100.0,100.0,0.0,80.0,74.1068875099,12.5655453404,0.948404438859,49.7272665291,46.8705443825,37.9691549696
1212,0.0,0.0,40.0,80.0,80.5055422643,-2.8882514202,26.9854916108,54.3769763724,57.5814767124,27.9408028908
1213,0.0,40.0,40.0,80.0,80.3854877134,-0.82715824291,26.8211843698,54.9888466416,57.3668469013,27.9151454989
1214,0.0,70.0,40.0,80.0,39.8599040193,-11.6040561347,9.81655387325,9.28498947666,11.1667447146,6.67377140584
1215,0.0,100.0,40.0,80.0,49.2445041876,18.7830847708,1.3630038391,20.8307437292,17.7933547618,14.1541533729
1216,40.0,0.0,40.0,80.0,69.3724599866,-6.69207150874,42.9813059254,36.3812534312,39.8638664665,11.6729224138
1217,40.0,40.0,40.0,80.0,54.3274250647,35.4749808804,10.6038617609,29.9503026112,22.2843608453,13.9725939407
1218,40.0,70.0,40.0,80.0,40.3818429563,-10.7455668727,6.25942242305,9.66793045097,11.4826951499,7.75954878179
1219,40.0,100.0,40.0,80.0,49.0251309479,18.9851586693,-3.05719751594,20.6762554097,17.6144764248,15.7554705834
1220,70.0,0.0,40.0,80.0,70.8404268349,-6.9103188188,27.9032514738,38.2581776119,41.9557878343,18.6462782039
1221,70.0,40.0,40.0,80.0,54.5997017663,35.6419926663,6.30167351282,30.3074484356,22.5441897799,15.8593084878
1222,70.0,70.0,40.0,80.0,69.0258492578,17.4105196314,12.973165225,43.6474405776,39.3802952321,24.6072969958
1223,70.0,100.0,40.0,80.0,64.2298078192,10.2355274263,18.8465492069,34.8214287403,33.0851637173,17.5918842704
1224,100.0,0.0,40.0,80.0,61.8221001728,4.40411062171,1.85609048137,30.2788784345,30.1949888037,23.8943351432
1225,100.0,40.0,40.0,80.0,56.7175443758,-4.72228319777,5.68056737975,22.6973483924,24.6344940008,17.6864921937
1226,100.0,70.0,40.0,80.0,53.3280783199,-11.2751668174,-11.1569568542,18.3422586837,21.3478193602,23.021171368
1227,100.0,100.0,40.0,80.0,49.9136803043,-5.84622518971,8.9688021069,16.6216241832,18.3464784899,11.8291580558
1228,0.0,0.0,70.0,80.0,47.0654636687,-1.84265804661,7.54359209681,15.1827070668,16.06944256,10.6863986686
1229,0.0,40.0,70.0,80.0,45.000842604,2.55161554561,5.63837802022,14.435321561,14.54231455,10.1707476691
1230,0.0,70.0,70.0,80.0,42.2429124185,8.06141922747,3.31318839317,13.419766624,12.6577141322,9.4439178637
1231,0.0,100.0,70.0,80.0,39.6166791224,13.3654332803,1.72471761939,12.5065644574,11.0215123828,8.61197760025
1232,40.0,0.0,70.0,80.0,68.5911954811,16.3608077842,23.2282420178,42.6579519577,38.7794388365,19.0146606511
1233,40.0,40.0,70.0,80.0,66.4915929998,10.3518512918,7.27764464378,37.7968241651,35.9629329601,25.3472209344
1234,40.0,70.0,70.0,80.0,61.8386977336,3.32280380726,12.9657019682,30.0097802846,30.2143124941,18.3800003158
1235,40.0,100.0,70.0,80.0,58.5042961666,-2.46524057836,-3.45164010222,24.9654826617,26.4953695519,23.6714980973
1236,70.0,0.0,70.0,80.0,52.5847713703,-13.5730746628,-0.427625872927,17.3094337255,20.6685075596,17.2393641856
1237,70.0,40.0,70.0,80.0,80.0358304247,-2.02987114865,44.6504114148,53.9177158045,56.7447805214,18.2392160799
1238,70.0,70.0,70.0,80.0,81.6545900099,-1.4178000803,17.8611740298,56.9532261012,59.6628527926,35.1645268183
1239,70.0,100.0,70.0,80.0,48.6090173487,0.837010070332,4.69426512399,16.8122439031,17.2784762262,12.5290895764
1240,100.0,0.0,70.0,80.0,72.0628502371,0.160714642671,4.52300582868,42.2440928845,43.7526382152,32.9694149846
1241,100.0,40.0,70.0,80.0,69.2099861281,-15.7606244585,-14.1785702624,33.5092265794,39.6367024196,43.1165187418
1242,100.0,70.0,70.0,80.0,77.7660900662,-6.00451031882,-2.67766461405,48.6936144985,52.8157501836,45.7799513786
1243,100.0,100.0,70.0,80.0,63.1647245018,30.0289575604,-0.721359301268,39.474934339,31.7849217445,26.6439009048
1244,0.0,0.0,100.0,80.0,75.4740259977,10.647801642,1.5210068881,51.2209675238,49.0364942732,39.3008834209
1245,0.0,40.0,100.0,80.0,80.3692404325,-1.05592895891,4.48225096635,54.8700488514,57.3378415543,43.5833217387
1246,0.0,70.0,100.0,80.0,73.2267522759,-9.79097028019,-5.84865832639,40.618476832,45.5104666948,41.9986122774
1247,0.0,100.0,100.0,80.0,60.0109686701,35.1938077292,-1.13498404602,36.8468234696,28.1355127149,23.8231314274
1248,40.0,0.0,100.0,80.0,41.3039858759,-8.20914008956,12.8712029967,10.5039579092,12.0553694859,6.54387279625
1249,40.0,40.0,100.0,80.0,54.3882180222,21.2461678712,-10.0539219523,26.394958386,22.342200455,23.4063235754
1250,40.0,70.0,100.0,80.0,75.9962127941,2.71070052722,54.4204137863,49.093303353,49.8810836357,11.6665912371
1251,40.0,100.0,100.0,80.0,59.3087968523,34.4028032686,6.62200122236,35.6959303182,27.3629653298,19.2961464718
1252,70.0,0.0,100.0,80.0,41.4400174177,-7.60184274613,8.97652188053,10.6622645623,12.1414266668,7.53330905907
1253,70.0,40.0,100.0,80.0,53.9572184787,19.9455961472,-2.36574123432,25.6320705931,21.9342926058,19.1840285481
1254,70.0,70.0,100.0,80.0,76.9696254946,2.17754851331,37.8573006912,50.456848249,51.4812729412,18.9294262492
1255,70.0,100.0,100.0,80.0,46.6994044494,-5.72454136092,-2.91600136,14.2801395262,15.7912416471,14.1125073936
1256,100.0,0.0,100.0,80.0,61.8137473081,-11.4996608299,-1.90018800666,26.215058999,30.1852671082,25.9793249902
1257,100.0,40.0,100.0,80.0,55.129538004,13.6900565367,8.57678682252,25.3455332923,23.0555770255,15.3046391992
1258,100.0,70.0,100.0,80.0,71.3906957053,1.50998265959,10.950498539,41.7295945257,42.7584174009,28.1335021628
1259,100.0,100.0,100.0,80.0,61.7343992465,28.2116721936,18.2380922702,36.9830065468,30.0930198777,16.0101512469
1260,0.0,0.0,0.0,100.0,41.2209960922,17.5858076648,4.38294179848,14.2310478145,12.0030681877,8.64159895382
1261,0.0,40.0,0.0,100.0,41.0185312202,3.76851288632,0.738064219963,11.9870000248,11.8761072187,9.57997940966
1262,0.0,100.0,0.0,100.0,47.1182955755,6.14945931947,8.11608050454,16.612058984,16.1098620221,10.53460539
1263,40.0,0.0,0.0,100.0,45.2944753684,-5.4213859218,3.87785729216,13.3686326591,14.753329053,10.8815670594
1264,40.0,40.0,0.0,100.0,52.4253510561,-3.21695858583,12.658286913,19.1513049624,20.5247149845,12.0477996001
1265,40.0,100.0,0.0,100.0,50.3759336905,-1.85766935633,-11.3105107382,17.7166240193,18.7351839695,20.5097988857
1266,100.0,0.0,0.0,100.0,61.8395023156,-12.5635463454,9.35838877924,25.9843780201,30.2152494371,20.0705898328
1267,100.0,40.0,0.0,100.0,56.6883967269,14.6020497322,-0.49406581721,27.2007261903,24.6048828604,20.5426538285
1268,100.0,100.0,0.0,100.0,70.1403446694,0.561721340469,23.4569101729,39.6666637035,40.9492401812,20.1736247018
1269,0.0,0.0,40.0,100.0,62.7380032511,28.5108495698,9.33815504637,38.4136257836,31.2736969734,20.8370243414
1270,0.0,40.0,40.0,100.0,79.7826903151,-2.10888198558,46.236823141,53.4595286726,56.2972428617,17.3391399759
1271,0.0,100.0,40.0,100.0,81.8673311104,-1.31387089047,15.3918688571,57.3700446038,60.0536304996,37.1900796387
1272,40.0,0.0,40.0,100.0,47.487489572,0.926060876092,4.67978622624,15.9699045699,16.3942100751,11.8651066597
1273,40.0,40.0,40.0,100.0,73.1327039871,0.11760783598,4.45289078008,43.7871088321,45.3667091943,34.2717806936
1274,40.0,100.0,40.0,100.0,68.5880658092,-16.1736104452,-14.8514349766,32.6322698423,38.7751347564,42.7966044799
1275,100.0,0.0,40.0,100.0,78.8020354087,-4.97816095316,-1.37443482152,50.7363568851,54.5857167983,46.1846779524
1276,100.0,40.0,40.0,100.0,62.8067103527,30.808791151,-0.760253882358,39.2319442847,31.3556370984,26.3083944468
1277,100.0,100.0,40.0,100.0,76.5227892271,8.65023959062,1.72100225821,52.1843562158,50.7425376261,40.5273935022
1278,0.0,0.0,100.0,100.0,68.5576735016,15.8912118639,16.9139983135,42.4520070004,38.7333543075,22.0762857661
1279,0.0,40.0,100.0,100.0,70.4685181848,17.6249383005,1.07646037836,45.8785391911,41.4190450693,33.4400930668
1280,0.0,100.0,100.0,100.0,53.2817320153,-0.653649744848,18.1893171845,20.4097426972,21.3050344758,10.7092194032
1281,40.0,0.0,100.0,100.0,70.4806221203,6.57185973008,-3.99611787316,42.1078085796,41.4364411219,37.0126372368
1282,40.0,40.0,100.0,100.0,38.4308623418,5.02333969542,9.12556305134,10.6163049642,10.3314594832,6.27174537766
1283,40.0,100.0,100.0,100.0,62.5114978801,-5.07286193313,-15.0595837642,28.573120976,31.0045777919,35.1052814814
1284,100.0,0.0,100.0,100.0,54.2931100788,-0.179001736539,7.89036803369,21.4192653772,22.2517570152,15.002450962
1285,100.0,40.0,100.0,100.0,69.6511879506,4.69876571172,8.05236110044,40.3193995519,40.2555908035,28.0725282931
1286,100.0,100.0,100.0,100.0,38.1437667564,5.09067046989,5.97696056529,10.4615458796,10.1688403914,6.8797248125
1287,100.0,0.0,0.0,0.0,60.6801193027,-7.65971002606,-3.85566303349,25.9618147612,28.8851330308,25.9798657197
1288,98.0,0.0,0.0,0.0,54.1853387314,41.7041287044,6.95445302731,31.4655649692,22.149566615,15.3023866987
1289,95.0,0.0,0.0,0.0,75.5699647194,-8.37845392833,29.5843671887,44.4775309237,49.1909458032,21.7794556499
1290,90.0,0.0,0.0,0.0,49.4648308542,25.4629073291,-2.23902033463,22.4607351128,17.9742253627,15.7308286706
1291,85.0,0.0,0.0,0.0,65.2937797477,-21.0232515836,13.5854895978,27.5673947316,34.4189788826,20.9158336426
1292,80.0,0.0,0.0,0.0,44.9333828458,6.66819890943,-12.1833515108,15.06842149,14.4941216159,16.6209768294
1293,75.0,0.0,0.0,0.0,53.698136299,-0.349551315919,15.4957268732,20.844089095,21.6914971686,11.828479805
1294,70.0,0.0,0.0,0.0,42.7759254253,-9.35706425492,0.255927202008,11.2047617759,13.0084172829,10.6521897377
1295,60.0,0.0,0.0,0.0,48.4883165486,9.10381999416,10.9735366539,18.2501659969,17.1818194919,10.379920363
1296,50.0,0.0,0.0,0.0,39.1916881962,-0.690209569374,-2.26534721759,10.2960753947,10.7707778253,9.53694491516
1297,40.0,0.0,0.0,0.0,42.2456519327,21.0718135381,6.24502823721,15.5464996781,12.6595003213,8.61538048913
1298,30.0,0.0,0.0,0.0,54.9697129987,40.2192817603,12.686123918,31.9883914229,22.9005113112,13.6065273902
1299,25.0,0.0,0.0,0.0,77.3027302892,-6.93301908455,13.4579433947,47.6280544991,52.036621254,33.0361589015
1300,20.0,0.0,0.0,0.0,49.8795156018,24.0605470249,3.78103526289,22.545183548,18.3179649637,13.654553341
1301,15.0,0.0,0.0,0.0,67.8096319234,-18.9426895911,0.792051011634,30.9415945046,37.7144546553,30.6094582047
1302,10.0,0.0,0.0,0.0,44.4830189965,3.82395654809,-5.4815526563,14.2793479922,14.1751092435,13.6389964476
1303,7.0,0.0,0.0,0.0,43.9173217868,1.06926407219,4.57242036516,13.454776352,13.781078634,9.92681827681
1304,5.0,0.0,0.0,0.0,75.6460742553,0.0310894872835,4.4090112855,47.5642208188,49.313704812,37.3770539298
1305,3.0,0.0,0.0,0.0,67.2435551468,-17.8002249224,-17.0936052603,30.5910710545,36.955398638,42.7359496835
1306,2.0,0.0,0.0,0.0,79.6527196461,-3.80254495314,0.0345738026058,52.5843087568,56.0683789786,46.2331881324
1307,0.0,100.0,0.0,0.0,61.5570910289,32.9456562346,-0.987028785077,38.2087144955,29.8875672671,25.2104911298
1308,0.0,98.0,0.0,0.0,78.3758629465,6.31470046055,1.8648025773,54.3861781536,53.8528682923,42.9239873799
1309,0.0,95.0,0.0,0.0,79.8195970161,-2.08498672721,48.7425569,53.5310044142,56.362344798,16.2925910134
1310,0.0,90.0,0.0,0.0,81.9365164299,-1.0338417868,12.4981847107,57.6070279794,60.1810816346,39.4256014094
1311,0.0,85.0,0.0,0.0,62.7320774723,0.244125409167,5.2984775717,30.2153964569,31.2666365811,22.8937086686
1312,0.0,80.0,0.0,0.0,81.502410776,0.138321243102,4.34189293032,57.3206432157,59.3843618677,45.2989311421
1313,0.0,75.0,0.0,0.0,74.4203592576,12.2014759393,1.3815853145,50.0954365724,47.3614202197,38.0483564007
1314,0.0,70.0,0.0,0.0,56.7355078068,7.39154837799,24.2452959619,25.4939089947,24.6527549045,10.6771457147
1315,0.0,60.0,0.0,0.0,38.5777719927,0.845570527343,-2.57209810187,10.1521564219,10.4153397268,9.317880951
1316,0.0,50.0,0.0,0.0,63.695761976,22.7954898521,36.6196765181,37.9186263452,32.4288624204,10.559178142
1317,0.0,40.0,0.0,0.0,73.0081283076,10.9057802674,13.6802486618,47.3853773415,45.1767555695,28.169112217
1318,0.0,30.0,0.0,0.0,57.6621822657,7.62719197769,13.2537420948,26.5153753608,25.6070632849,15.1800594599
1319,0.0,25.0,0.0,0.0,38.1661417443,-0.699879556595,2.26929033369,9.72990233859,10.1814524647,7.8031304415
1320,0.0,20.0,0.0,0.0,64.5002644424,22.7481892264,25.6003149731,38.9907541785,33.4208855667,14.958241719
1321,0.0,15.0,0.0,0.0,41.5966062006,22.3341438211,1.64630803532,15.2848551171,12.2409948231,9.60605289827
1322,0.0,10.0,0.0,0.0,38.7717594198,-3.64822968831,5.57839117208,9.68758789633,10.5267936055,7.23560016672
1323,0.0,7.0,0.0,0.0,49.2104646211,10.3343615119,2.47831868601,19.0911118114,17.7655196752,13.7102823009
1324,0.0,5.0,0.0,0.0,42.7098561944,-12.3192857717,10.8099291878,10.7633472561,12.9645988125,7.62299276554
1325,0.0,3.0,0.0,0.0,55.8659210645,0.685360512747,4.85580781332,23.0825981363,23.7790784942,17.402740632
1326,0.0,2.0,0.0,0.0,44.2125460675,4.06613253861,0.485086609015,14.1302907822,13.9857901347,11.3787320948
1327,0.0,0.0,100.0,0.0,69.2607680503,-16.4679586163,-8.41764163635,33.3697361581,39.7076105786,38.719618298
1328,0.0,0.0,98.0,0.0,49.2108068736,24.185832858,10.2650736053,21.9451898781,17.7657993999,10.999056559
1329,0.0,0.0,95.0,0.0,78.2583545555,-5.63906135562,3.94430578962,49.6118849897,53.6519603148,41.1228221529
1330,0.0,0.0,90.0,0.0,54.9129106539,39.3263102953,18.7422540848,31.6739614681,22.8455683574,11.4421923317
1331,0.0,0.0,85.0,0.0,56.5431676944,39.9587616358,3.31164279836,33.8308389295,24.4576980761,18.619273586
1332,0.0,0.0,80.0,0.0,48.5883730046,-5.09033667728,0.441953246652,15.7491237048,17.261918684,14.0739827488
1333,0.0,0.0,75.0,0.0,70.0612901168,16.9060865901,7.99112139149,45.0116494828,40.8366011902,28.5385156201
1334,0.0,0.0,70.0,0.0,56.1909875084,-22.106303338,8.09527923608,18.6325404404,24.1032153047,16.2541346277
1335,0.0,0.0,60.0,0.0,81.9090907425,-1.26371521689,15.299569198,57.4642916631,60.1305372992,37.3097479663
1336,0.0,0.0,50.0,0.0,41.3742133882,1.2007365297,4.69233081562,11.8385117425,12.0997463249,8.62916932844
1337,0.0,0.0,40.0,0.0,78.3962567191,-0.0903747187649,4.23529454852,51.92914192,53.8877871939,41.0814255941
1338,0.0,0.0,30.0,0.0,66.3019236914,-18.9236236442,-17.9640317977,29.2175193603,35.7154388936,42.1376426398
1339,0.0,0.0,25.0,0.0,80.4626831682,-2.57509385917,1.40060198729,54.427706501,57.5047932143,46.2588162183
1340,0.0,0.0,20.0,0.0,59.9833772641,35.4875574384,-1.31940099882,36.9001109006,28.1048849012,23.8971954107
1341,0.0,0.0,15.0,0.0,79.3759768124,4.40449921051,3.10289906287,55.3398398761,55.583133824,43.31442814
1342,0.0,0.0,10.0,0.0,79.8650780448,-2.10095850894,52.5374068891,53.60140609,56.4426405128,14.7821103161
1343,0.0,0.0,7.0,0.0,82.284348928,-0.810874313739,10.1888927413,58.3167282916,60.8245812324,41.6673087134
1344,0.0,0.0,5.0,0.0,80.7263160527,-0.38635609862,3.80894241418,55.7522340436,57.9775654153,44.6340825208
1345,0.0,0.0,3.0,0.0,74.5580846733,-10.0908278836,-5.76026674376,42.4124432816,47.5781682557,43.7641492001
1346,0.0,0.0,2.0,0.0,62.1510352435,-17.202651649,30.8182202874,25.196821985,30.5794900259,11.5765304704
1347,0.0,0.0,0.0,100.0,36.6582035004,10.4910786254,-1.03925141592,10.3301120232,9.354576866,7.98660563602
1348,0.0,0.0,0.0,98.0,71.7015102974,-4.06403624476,46.7825103044,40.3436016558,43.2162669394,11.7451158683
1349,0.0,0.0,0.0,95.0,52.1969814915,13.0830723604,-15.4545950092,22.3288480214,20.3198964211,24.2841337928
1350,0.0,0.0,0.0,90.0,63.6582151556,-17.2083466387,16.2866868988,26.7631046347,32.3830496787,18.2964949798
1351,0.0,0.0,0.0,85.0,37.276157774,9.64003292825,2.36301280766,10.5684676718,9.68779011914,7.39227217098
1352,0.0,0.0,0.0,80.0,72.9367554469,-4.0029442254,30.6029452575,42.1117974277,45.0681651691,19.0694417292
1353,0.0,0.0,0.0,75.0,50.6555860681,11.761190232,-7.43864332534,20.6356271994,18.9729859988,18.8955458799
1354,0.0,0.0,0.0,70.0,50.883589028,-4.13135555793,26.8604025567,17.7006384313,19.1683504677,7.13843206685
1355,0.0,0.0,0.0,60.0,44.9138803635,-3.95255739923,-5.35568849593,13.3420450993,14.4802090015,13.8702953313
1356,0.0,0.0,0.0,50.0,45.8208042095,5.15169330365,19.1266619737,15.4592595369,15.1366574749,6.9001942667
1357,0.0,0.0,0.0,40.0,40.5996207076,5.47830671266,-5.65850265239,11.9731916478,11.6162672444,11.3504790307
1358,0.0,0.0,0.0,30.0,40.7436365642,17.4331054324,10.9513550421,13.8768957113,11.7051646772,6.76419262058
1359,0.0,0.0,0.0,25.0,63.4259905471,28.2507191725,2.5596913771,39.2672926613,32.1006592509,25.0287488371
1360,0.0,0.0,0.0,20.0,69.7867413406,0.480831167416,37.0596818222,39.1552381732,40.4470215065,14.0478027692
1361,0.0,0.0,0.0,15.0,57.4844025815,15.6116732645,-6.75426635755,28.3208331296,25.4221066091,24.5126080242
1362,0.0,0.0,0.0,10.0,61.1500051642,-13.5770289825,21.6757038022,25.0342034907,29.4194067439,14.2360914817
1363,0.0,0.0,0.0,7.0,50.8543754937,-0.459653165323,-17.0117772606,18.3715529884,19.1432442771,23.8715879886
1364,0.0,0.0,0.0,5.0,75.7938937103,-8.00375638553,35.7591513822,44.9419347054,49.5527097745,18.9623886654
1365,0.0,0.0,0.0,3.0,63.9935505046,-10.0446416871,-6.16083670959,28.9388979435,32.7937402409,30.8487035158
1366,0.0,0.0,0.0,2.0,64.7282264877,8.53635174602,23.2123480667,34.9533823243,33.7056158815,16.0880620643
1367,0.0,0.0,0.0,0.0,54.5257159413,7.01942827977,-8.9361527424,23.2071345513,22.4733876476,22.9388764682
1368,100.0,85.0,85.0,0.0,52.0797791789,31.67916533,13.2784133631,26.5129022455,20.2153119542,11.6353023317
1369,80.0,65.0,65.0,0.0,37.1621512698,1.37352766478,4.57438651285,9.44996441567,9.62572994015,6.81148078211
1370,60.0,45.0,45.0,0.0,79.1258104188,-0.0811553388691,4.6379950321,53.1463518931,55.1469047352,41.7498845013
1371,40.0,27.0,27.0,0.0,64.5074583887,-20.8230215201,-20.3462193754,26.7743949399,33.4298463898,41.5773509486
1372,20.0,12.0,12.0,0.0,81.1554093247,-1.88083553529,2.40021593574,55.8949268391,58.7525863998,46.4228859662
1373,10.0,6.0,6.0,0.0,57.7955176301,39.2951127414,-1.24644298655,35.2117955044,25.7463685967,21.873917029
1374,5.0,3.0,3.0,0.0,81.027598491,2.94593906643,3.5807585441,57.6324891603,58.5210189709,45.2512267805
1375,40.0,27.0,27.0,10.0,79.2775835757,-1.93866170273,57.0979298422,52.67972149,55.4112866394,12.6965140506
1376,20.0,12.0,12.0,10.0,82.2968669781,-0.743268800714,7.82082974972,58.3670406894,60.8478250798,43.5711232761
1377,10.0,6.0,6.0,10.0,78.2857772388,-0.52389654517,3.82614369525,51.5815246639,53.6988010053,41.2516717931
1378,60.0,45.0,45.0,20.0,81.9119598889,-1.04144527245,5.20236747823,57.5604806325,60.1358236838,45.1709639555
1379,40.0,27.0,27.0,20.0,37.5482291665,15.0661230445,2.15549011932,11.4671722908,9.83697057581,7.56121178705
1380,20.0,12.0,12.0,20.0,66.5784489058,-18.6664116215,37.4619125043,29.597385485,36.0766493892,11.9104547738
1381,10.0,6.0,6.0,20.0,56.3338743647,11.521172236,-12.7322970315,26.0698136752,24.2466204865,26.7802199667
1382,80.0,65.0,65.0,40.0,45.6152583509,-0.56806652771,21.6538925384,14.3585735495,14.9861768633,6.24038608133
1383,60.0,45.0,45.0,40.0,38.1935683921,15.065429815,5.98517022793,11.8606801805,10.1969262193,6.89808448482
1384,40.0,27.0,27.0,40.0,68.2767697305,-18.3733579093,22.6682961921,31.6472990771,38.348614285,19.0229577791
1385,20.0,12.0,12.0,40.0,55.1831390287,9.72289528713,-4.29419691195,24.4688673977,23.1077382269,21.1384812496
1386,10.0,6.0,6.0,40.0,45.261359298,-0.184903250092,16.7919440912,14.1737082837,14.7294292628,7.22959525256
1387,100.0,85.0,85.0,60.0,38.8126435433,14.2795636964,-3.0337886546,12.1321119495,10.5503842332,9.57073275603
1388,80.0,65.0,65.0,60.0,41.9900344785,6.64894640404,12.3236373509,13.0346863228,12.4935578819,6.94722308028
1389,60.0,45.0,45.0,60.0,44.9243696923,4.01875670878,-2.53762558676,14.6216687415,14.4876907361,12.8413094113
1390,40.0,27.0,27.0,60.0,47.1747482484,-3.1029025144,19.7453398593,15.0499577067,16.1531264232,7.31429270072
1391,20.0,12.0,12.0,60.0,50.494238692,-4.52489913316,-0.963467469998,17.3162943389,18.8355404709,15.9364157058
1392,10.0,6.0,6.0,60.0,52.2903485647,-14.961546465,8.96957415527,16.8247513476,20.4034693813,13.2731874994
1393,100.0,85.0,85.0,80.0,60.0672269849,-0.924180786987,-10.7857536225,26.9619559589,28.1980311268,29.4915799201
1394,80.0,65.0,65.0,80.0,60.8080333525,2.53129292352,23.1319981332,28.6404543454,29.0299286302,13.4656586694
1395,60.0,45.0,45.0,80.0,67.0783044207,11.149765225,-0.81276572231,38.8371425626,36.7357495122,30.829739819
1396,40.0,27.0,27.0,80.0,68.1309568691,16.0150758035,34.9008727907,41.8802210347,38.1499099861,13.7848520959
1397,20.0,12.0,12.0,80.0,51.5828638157,25.5726658559,-5.16157631025,24.5457856581,19.7758794179,18.5830431326
1398,10.0,6.0,6.0,80.0,55.8816578693,13.0452362626,11.6865810287,25.9671037367,23.7947029511,14.5863580521
1399,100.0,85.0,85.0,100.0,63.4636524195,4.49393959801,-2.13998155268,32.2348004777,32.146344962,27.786497824
1400,80.0,65.0,65.0,100.0,66.0083689609,-6.24759172879,23.6419190447,32.2981228371,35.3346306166,16.8392177894
1401,60.0,45.0,45.0,100.0,73.1157432624,-11.7397660341,3.08050689167,39.8344301734,45.3408161441,35.2055584951
1402,40.0,27.0,27.0,100.0,63.8782724309,-22.020259955,-21.2797424561,25.8232522682,32.6521680557,41.4589009785
1403,20.0,12.0,12.0,100.0,81.4974099917,-1.47811616736,2.72063200769,56.6532516076,59.3752250735,46.6503592211
1404,10.0,6.0,6.0,100.0,56.9347915238,40.4771532612,-1.01003816705,34.4698379635,24.8559444725,21.0069214758
1405,100.0,0.0,0.0,70.0,81.2536113134,2.03337417618,3.53471270873,57.6577924338,58.9309229824,45.6135091218
1406,0.0,100.0,0.0,70.0,79.0115057334,-1.87568678876,59.0953500929,52.261738177,54.9483473249,11.8434423121
1407,0.0,0.0,100.0,70.0,82.3366033833,-0.514074869733,7.26711274686,58.5329927229,60.9216479225,44.0761878514
1408,100.0,100.0,0.0,70.0,36.003035572,1.42784584906,4.62582929577,8.85513948166,9.00973709954,6.34169991414
1409,100.0,0.0,100.0,70.0,80.9028059794,-0.0483869072343,4.35843842923,56.1945721078,58.2955079932,44.4329058825
1410,0.0,100.0,100.0,70.0,74.6395856305,-0.896901964522,3.21291253782,45.6873026884,47.706742877,36.9847915419
1411,40.0,40.0,0.0,70.0,70.6680369923,16.5455024639,-0.31236946254,45.8012056447,41.7064199957,34.6284201543
1412,40.0,0.0,40.0,70.0,53.2291439614,-10.2119984189,17.510966085,18.4643743085,21.2565567579,10.8967591181
1413,0.0,40.0,40.0,70.0,39.5093368695,3.23172703461,-0.300525590254,11.0005534569,10.9578196877,9.12678737949
1414,3.0,3.0,0.0,0.0,61.9121155474,6.13144091607,32.2868588928,30.8478089591,30.2998879895,10.9593861756
1415,3.0,0.0,3.0,0.0,61.5639090954,-11.6371273621,-18.4753078966,25.9213131218,29.8954502344,36.3677078932
1416,0.0,3.0,3.0,0.0,54.9112566832,-9.9539956409,6.35427127909,19.9455147109,22.8439698465,16.0598904669
1417,3.0,3.0,3.0,0.0,39.4834172885,2.2568947806,4.68910968902,10.8533441857,10.9424768908,7.76500251162
1418,3.0,0.0,0.0,3.0,63.4471027479,6.03590069027,19.7124722561,32.6463728514,32.126264058,16.6313491369
1419,0.0,3.0,0.0,3.0,60.408481046,-15.0109209309,-6.69368451314,23.959761532,28.5792436565,27.3610456417
1420,3.0,3.0,0.0,3.0,45.9394293806,-11.9122234114,17.8329814686,12.8017258788,15.223959943,7.26090447105
1421,0.0,0.0,3.0,3.0,50.1232875428,2.49770458155,0.966636981333,18.334436529,18.5220625235,14.8971881479
1422,3.0,0.0,3.0,3.0,42.135932676,-2.84465370978,11.972282434,11.7299253565,12.588093646,7.09155636441
1423,0.0,3.0,3.0,3.0,44.2047472286,13.006287824,-0.56223971048,15.6115199542,13.9803564433,11.7237157201
1424,3.0,3.0,3.0,3.0,38.4845415181,7.98554781608,5.74873662688,11.046425395,10.3620559858,7.07422620011
1425,7.0,7.0,0.0,0.0,76.3852731293,7.92001140414,6.7259280507,51.677691503,50.5166187018,36.6212143601
1426,7.0,0.0,7.0,0.0,58.1379300047,20.560183034,22.1302231815,30.3527177961,26.1064247857,12.1777621266
1427,0.0,7.0,7.0,0.0,68.8761088973,-2.48425505399,-4.21313004091,37.0096768532,39.1726016624,35.1942820132
1428,7.0,7.0,7.0,0.0,52.1829888785,4.6622241225,10.6502303798,20.5291378694,20.3073913172,12.6018164165
1429,7.0,0.0,0.0,7.0,59.6057261142,-15.8770373598,-16.7192537291,22.9840263156,27.6879051422,32.8115182923
1430,0.0,7.0,0.0,7.0,66.4603433089,-20.7308648879,19.4026729384,28.9250264057,35.922077711,19.0853145313
1431,7.0,7.0,0.0,7.0,72.2695471762,1.8778206367,5.69372938863,43.1204727,44.0614442398,32.4256521185
1432,0.0,0.0,7.0,7.0,57.4530536363,-4.86914707627,10.681494631,23.3707668616,25.3895847571,16.0828406031
1433,7.0,0.0,7.0,7.0,60.3860496185,21.284394563,0.948996490721,33.2271363822,28.5540808066,23.0544606948
1434,0.0,7.0,7.0,7.0,47.0871994782,15.1356360366,3.24382475793,18.2487391194,16.0860635147,12.1202722862
1435,7.0,7.0,7.0,7.0,63.6298636408,-22.2114169816,-21.6054050463,25.5211087094,32.3484851916,41.3786728286
1436,40.0,3.0,0.0,0.0,82.1661897214,-0.860129842663,3.45274266873,58.085921813,60.6054716545,47.007501434
1437,3.0,40.0,0.0,0.0,56.6267348208,40.4986992713,-0.879210037888,34.0905646838,24.5423186532,20.6795320879
1438,40.0,0.0,3.0,0.0,81.4831033411,0.993205296471,3.84453808138,57.6368609681,59.3490909653,45.6851168773
1439,40.0,3.0,3.0,0.0,78.8760236967,-1.73427551538,58.6479973607,52.091712656,54.7136209054,11.9161195413
1440,0.0,40.0,3.0,0.0,82.4307417899,-0.329570916154,5.54609384104,58.7781699229,61.096777792,45.6286452361
1441,3.0,40.0,3.0,0.0,35.6148424467,1.41161676962,4.49631239869,8.65766390215,8.80947140745,6.22169756912
1442,40.0,40.0,3.0,0.0,81.053848204,-0.0916889934961,4.57231028459,56.4402514493,58.5685284096,44.4710477439
1443,3.0,0.0,40.0,0.0,66.3490936651,-1.59344587342,2.32040815398,34.0369537228,35.7768832188,28.0958700365
1444,0.0,3.0,40.0,0.0,73.919444402,-8.82768773376,-7.50603250512,41.9159388751,46.5786478106,44.2890373392
1445,3.0,3.0,40.0,0.0,74.690269792,5.65424071713,-0.183248888709,48.1092755032,47.7868181086,39.5679128332
1446,40.0,3.0,40.0,0.0,57.8383524714,-1.97050435974,24.7757293276,24.4112826721,25.7912283085,11.117175183
1447,3.0,40.0,40.0,0.0,66.7505315566,-5.26808244372,-11.8619882699,33.4781918661,36.3026567143,38.0629353858
1448,40.0,0.0,0.0,3.0,40.0703633204,10.5439471859,12.9223533912,12.3786303254,11.2934372459,6.05876564854
1449,40.0,3.0,0.0,3.0,73.8713498341,4.17230429399,12.4499806629,46.3082041302,46.5039482178,29.844843592
1450,0.0,40.0,0.0,3.0,58.9044027332,-2.04585906381,12.9572191262,25.4727696161,26.9245261368,16.1773077199
1451,3.0,40.0,0.0,3.0,65.5160726374,-7.71109600256,-0.00240205391626,31.3079136328,34.7021014592,28.6343317487
1452,40.0,40.0,0.0,3.0,39.7414769667,10.6385676101,9.75766993378,12.1848629411,11.0958722531,6.6401940716
1453,40.0,0.0,3.0,3.0,36.0051250939,4.58147511413,-8.32367585493,9.23283520522,9.01082319768,9.70361394733
1454,40.0,3.0,3.0,3.0,44.2214868557,15.0076278607,17.5728353624,15.9705971199,13.9920211893,6.61922005835
1455,0.0,40.0,3.0,3.0,40.1192424935,-3.21738584236,-8.69077598278,10.4888027285,11.3229980619,12.0930314822
1456,3.0,40.0,3.0,3.0,51.1590867115,3.93317715133,27.0743638762,19.4864989311,19.4061943778,7.20181543974
1457,40.0,40.0,3.0,3.0,44.5062981779,-11.2691821236,-8.29778015129,11.9863923588,14.1914830275,14.7317329171
1458,0.0,0.0,40.0,3.0,59.8963857508,-29.8077189024,17.7944295244,20.2779764603,28.0084655843,14.9060368732
1459,3.0,0.0,40.0,3.0,48.777382542,18.2347370485,-11.6735081093,20.3016615079,17.4139069227,19.3610029426
1460,40.0,0.0,40.0,3.0,70.5771596309,-14.4829209164,35.0509300019,35.6019943923,41.5753614184,15.3690098172
1461,0.0,3.0,40.0,3.0,54.2669684074,33.7127867792,-3.2204601711,29.4167533811,22.2269402806,19.8413023771
1462,3.0,3.0,40.0,3.0,79.7233015512,-2.49842531629,49.1169249027,53.2078741687,56.1925887418,16.0668474431
1463,40.0,3.0,40.0,3.0,46.1517609198,8.32053232904,-13.8543676326,16.257245138,15.3810628164,18.2772369245
1464,0.0,40.0,40.0,3.0,61.6759465413,27.5565019172,21.9601212606,36.7066498113,30.0251851971,14.476159542
1465,3.0,40.0,40.0,3.0,54.7792930536,-9.70971295888,-14.0450659768,19.8799166473,22.7166713003,25.9887824581
1466,40.0,40.0,40.0,3.0,74.0032122687,6.93879070074,36.5766827969,47.5015447747,46.7089454337,17.2062819273
1467,3.0,0.0,0.0,40.0,62.3310575984,-25.4871802705,-12.2800520663,23.4626143991,30.7912984444,32.985602538
1468,0.0,3.0,0.0,40.0,63.1963248606,-22.4939614314,-22.13345638,25.0114678947,31.8229999136,41.2074847882
1469,3.0,3.0,0.0,40.0,81.995069158,-0.651818614675,3.75872096093,57.8677790511,60.2890865073,46.4981531269
1470,40.0,3.0,0.0,40.0,56.3242804124,41.3575965738,-0.293668664743,33.9620611971,24.236973966,20.139661359
1471,3.0,40.0,0.0,40.0,82.1336419255,0.543995483027,4.10437364564,58.6090291527,60.5452089333,46.4080843955
1472,0.0,0.0,3.0,40.0,78.9844492519,-1.72361489761,59.2998371523,52.2753731367,54.9014176738,11.758436843
1473,3.0,0.0,3.0,40.0,82.492156621,-0.241768999375,4.82876440182,58.9249199278,61.2112112471,46.3185297077
1474,40.0,0.0,3.0,40.0,35.0754826141,1.40262960795,4.37747857179,8.38973486455,8.5361781313,6.04423885868
1475,0.0,3.0,3.0,40.0,81.3435289328,-0.10944067987,4.31532009874,56.9400224376,59.0945311703,45.0939745083
1476,3.0,3.0,3.0,40.0,57.3219140538,0.304216791341,3.21488632369,24.4225586135,25.2538393342,19.2874353964
1477,40.0,3.0,3.0,40.0,81.6694053254,0.280126040169,3.34434097366,57.6737954547,59.690011519,46.3740436448
1478,0.0,40.0,3.0,40.0,61.5050894021,-26.3780098054,27.8345172801,22.4731671542,29.8274891913,12.212759398
1479,3.0,40.0,3.0,40.0,60.1811521388,19.3563985662,-7.39828038555,32.4341174451,28.3249167322,27.5468492963
1480,40.0,40.0,3.0,40.0,72.2404021289,-11.1922235656,46.5395146314,38.8082565811,44.0178137142,12.1450635919
1481,3.0,0.0,40.0,40.0,52.3477386016,4.57123392816,-17.9947500778,20.6571220207,20.4549527993,25.8500027596
1482,0.0,3.0,40.0,40.0,62.3639282235,-25.9612202968,13.4645596657,23.387749138,30.8300782354,18.5655959669
1483,3.0,3.0,40.0,40.0,58.9889315898,17.8582248367,1.08274777344,30.6121147999,27.0157812014,21.7354991483
1484,40.0,3.0,40.0,40.0,73.4895605693,-11.0746978242,29.8944482444,40.5694259423,45.9137916243,19.8544629428
1485,3.0,40.0,40.0,40.0,50.9407110478,1.91249131545,-9.83430384385,18.9022944295,19.2175046912,20.2649334943
