SAMPLE_ID,CMYK_C,CMYK_M,CMYK_Y,CMYK_K,LAB_L,LAB_A,LAB_B,XYZ_X,XYZ_Y,XYZ_Z
1,0.0,0.0,0.0,0.0,55.939059892,5.53079025528,9.05710774027,24.2529532378,23.8517531835,15.6760927084
2,0.0,10.0,0.0,0.0,43.8743103771,5.21060632011,2.34112719561,14.0799455742,13.7514218568,10.5917836726
3,0.0,20.0,0.0,0.0,31.8862654359,2.90116495177,1.325387686,7.07382746079,7.03491635197,5.52946204966
4,0.0,30.0,0.0,0.0,77.5291518294,5.91245171112,9.09656173481,52.8015206431,52.4163795118,36.3350389271
5,0.0,40.0,0.0,0.0,32.9575909561,4.02887626897,0.861435612269,7.67249426492,7.51772007643,6.01492723145
6,0.0,55.0,0.0,0.0,66.9230915416,0.0650365464413,2.53657082916,35.245181797,36.5302368158,28.5652735677
7,0.0,70.0,0.0,0.0,40.4128768961,8.42284091621,-2.25919044041,12.2839440798,11.5016666538,10.1668497426
8,0.0,85.0,0.0,0.0,60.9545988437,0.0687047843352,3.45748079451,28.171490436,29.1964311325,22.2554863551
9,0.0,100.0,0.0,0.0,32.4097453197,1.61317752919,1.11915266903,7.17246668782,7.26815910727,5.75897730721
10,10.0,0.0,0.0,0.0,72.2389815048,4.52774416062,8.39163351472,43.9780765211,44.0156877575,30.633252342
11,10.0,10.0,0.0,0.0,33.6360773388,2.12866266557,1.14549959664,7.78264947235,7.83462817503,6.20826508394
12,10.0,20.0,0.0,0.0,41.5237949437,0.891099514319,3.51397648751,11.8864696646,12.1946298011,9.02979689732
13,10.0,30.0,0.0,0.0,35.5015495955,2.33144773959,1.26648555524,8.70781791964,8.75158915872,6.91638617251
14,10.0,40.0,0.0,0.0,67.865018646,7.2189122977,4.34927541037,38.6670499388,37.7892763945,28.4502843527
15,10.0,55.0,0.0,0.0,49.6621902867,-3.57900799093,-9.05510549912,16.8345574904,18.1372787788,18.8509731176
16,10.0,70.0,0.0,0.0,73.2569848318,5.61022342562,1.29655173322,45.8801393227,45.5567430841,36.64698394
17,10.0,85.0,0.0,0.0,32.1802991219,0.668522783828,1.82494676837,6.97641176614,7.16530214126,5.53097233652
18,10.0,100.0,0.0,0.0,61.0302587012,-1.19147365631,3.27309771212,27.9342191003,29.2826314531,22.4185489289
19,20.0,0.0,0.0,0.0,34.2639788879,1.26589358496,2.10407109431,7.98357310524,8.13573183497,6.23566156116
20,20.0,10.0,0.0,0.0,56.3122143089,-0.710665791815,3.18502796487,23.2004933569,24.2248453814,18.4949655395
21,20.0,20.0,0.0,0.0,77.1929927054,0.179619562212,5.14620306126,50.0689504995,51.8532292095,38.8036894248
22,20.0,30.0,0.0,0.0,46.9189210627,-0.212254187378,3.7736456522,15.3518232582,15.9576829595,11.8399349775
23,20.0,40.0,0.0,0.0,42.046119484,1.26573422461,2.86350697206,12.2667746148,12.5298423489,9.47616015193
24,20.0,55.0,0.0,0.0,38.6529401759,0.3521052128,3.43333665462,10.130310994,10.4584331454,7.72000023569
25,20.0,70.0,0.0,0.0,77.0398845635,1.04003244485,1.39395915389,50.1439145967,51.5980775567,41.4735564671
26,20.0,85.0,0.0,0.0,34.3713477381,0.701509829825,3.21259126717,7.97241333794,8.18797947563,6.03359773523
27,20.0,100.0,0.0,0.0,55.994381079,-9.00672896099,-1.16549611015,21.1036519854,23.9068215538,20.2865004564
28,30.0,0.0,0.0,0.0,67.8182527643,-3.43703181428,2.95574116869,35.3506950502,37.7260940248,29.256796167
29,30.0,10.0,0.0,0.0,75.7128909079,-1.45294732843,11.549432855,47.1335260271,49.4216432995,32.4795320393
30,30.0,20.0,0.0,0.0,51.2512186834,-0.309874217134,4.4364731644,18.7302345113,19.4861709646,14.3023065473
31,30.0,30.0,0.0,0.0,41.3596152576,0.0410151517469,3.91879293905,11.6646325097,12.0905128003,8.83640625859
32,30.0,40.0,0.0,0.0,48.5031688195,-0.653215841538,4.59360874545,16.4632191977,17.1936936341,12.5002816389
33,30.0,55.0,0.0,0.0,82.3083991906,-0.400949768584,3.53820584926,58.5294900699,60.8692436375,47.1434887629
34,30.0,70.0,0.0,0.0,35.4088338848,9.12075489777,-7.69574874865,9.47332866124,8.70440902819,9.21990147478
35,30.0,85.0,0.0,0.0,41.2798339226,18.8441498743,12.8399302467,14.4767451351,12.040132953,6.54150424348
36,30.0,100.0,0.0,0.0,39.144469262,0.232910645882,-8.84294409104,10.390063148,10.7431568371,11.5747498214
37,40.0,0.0,0.0,0.0,67.8046741818,5.49890336269,22.6135675369,38.0474122089,37.7077620788,18.6718333259
38,40.0,10.0,0.0,0.0,58.2764621393,-22.5408870624,12.8473155396,20.336220719,26.2530436946,15.774380673
39,40.0,20.0,0.0,0.0,58.0465359511,-22.6672652954,17.829107153,20.1080146652,26.0099951226,13.6668671707
40,40.0,30.0,0.0,0.0,66.6781306424,18.9072389072,24.6400676823,40.7719262334,36.20745322,16.9064969424
41,40.0,40.0,0.0,0.0,46.4886656217,-0.764067886989,3.4875704493,14.9464763066,15.6325485068,11.6860048598
42,40.0,55.0,0.0,0.0,40.6956742821,20.4881713155,4.85152529343,14.3343903675,11.675508558,8.26915394913
43,40.0,70.0,0.0,0.0,35.6415375019,5.34104088152,0.27501561757,9.13538442614,8.82314718156,7.21276848743
44,40.0,85.0,0.0,0.0,43.0946582857,11.3188408466,-12.3833504145,14.525372866,13.2211949598,15.3894676871
45,40.0,100.0,0.0,0.0,41.1176115188,19.9886622772,8.21453160073,14.5496394951,11.9381256953,7.58515256845
46,55.0,0.0,0.0,0.0,38.6477186272,-3.05093238153,0.0852529810121,9.69542204218,10.4554358318,8.60343204809
47,55.0,10.0,0.0,0.0,48.1744575011,6.36560193889,15.7309278764,17.4809805299,16.9321711814,8.81899919645
48,55.0,20.0,0.0,0.0,56.5100745099,-24.6065575597,18.3302702893,18.4158611268,24.4242415577,12.5243370812
49,55.0,30.0,0.0,0.0,43.6179453259,25.1621878922,6.04736861268,17.3251154502,13.5755378701,9.33827796451
50,55.0,40.0,0.0,0.0,69.6279573461,-17.4562392734,31.4201127728,33.5395450537,40.2228449147,16.1881676985
51,55.0,55.0,0.0,0.0,47.180316162,26.6401176245,-1.04145335666,20.6147927583,16.1573977725,13.7175840713
52,55.0,70.0,0.0,0.0,62.1322999332,-29.7480903696,18.9479704974,22.3274268198,30.5575026435,16.0002629534
53,55.0,85.0,0.0,0.0,42.9012863326,10.6318658409,-8.75723950099,14.2777441899,13.0918303952,13.8445113167
54,55.0,100.0,0.0,0.0,52.2736390642,-1.53495467475,29.6748290323,19.3544972032,20.3884958876,7.03776213492
55,70.0,0.0,0.0,0.0,37.3575704586,17.6196293599,-3.17288601076,11.7111707294,9.73227051494,8.88999249479
56,70.0,10.0,0.0,0.0,46.9715616395,-9.98071852831,18.782857152,13.786635819,15.9977690551,7.4659579081
57,70.0,20.0,0.0,0.0,36.3450379037,8.84025549624,-7.58375672568,9.94343869668,9.18866859369,9.65797515886
58,70.0,30.0,0.0,0.0,44.7105594343,-15.7055251732,14.1278316247,11.4812344216,14.335694479,7.65632408869
59,70.0,40.0,0.0,0.0,49.2074548502,33.7787525188,12.886353307,24.0764323006,17.7630599008,10.1722205263
60,70.0,55.0,0.0,0.0,54.8777346048,-3.87215079703,25.0315020966,21.1712652779,22.8115878765,9.46314708387
61,70.0,70.0,0.0,0.0,44.58917921,15.4450585868,-0.0519285058948,16.3260741063,14.2498810796,11.7751851513
62,70.0,85.0,0.0,0.0,48.5975616108,-13.7202937626,14.1843938536,14.3102765198,17.2692869856,9.46876457608
63,70.0,100.0,0.0,0.0,44.2856632025,25.9440524219,-3.92812711275,18.0081404086,14.0368015884,12.9451797013
64,85.0,0.0,0.0,0.0,59.1971320353,3.40097278788,35.7493690046,27.1043942705,27.2414276473,8.53940700267
65,85.0,10.0,0.0,0.0,30.4778308872,6.20681302137,-0.323957628723,6.79715504401,6.43225993637,5.37191498381
66,85.0,20.0,0.0,0.0,48.9315575558,-16.5204128899,13.8747055448,14.0907710329,17.5385422957,9.7299510447
67,85.0,30.0,0.0,0.0,46.1222025381,-14.0245550439,14.415049437,12.6033294615,15.3591282903,8.21388354111
68,85.0,40.0,0.0,0.0,47.7272788485,3.41947701676,-2.55785127796,16.5932476086,16.5806730594,14.6586601942
69,85.0,55.0,0.0,0.0,40.2344351707,-2.62351231881,6.92718914205,10.6332151326,11.3928674444,7.52596935477
70,85.0,70.0,0.0,0.0,50.6623419102,20.5379418032,2.81577887047,22.5126238577,18.9787555749,14.5365075694
71,85.0,85.0,0.0,0.0,43.1846818492,7.31991148995,0.189714105363,13.9419099157,13.2817097268,10.8977906893
72,85.0,100.0,0.0,0.0,45.7449073347,18.5223295415,-12.3281614408,17.7950263053,15.0809764537,17.2863265328
73,100.0,0.0,0.0,0.0,50.3654954052,28.337230765,3.53396115569,23.9733517975,18.7263464693,14.0633254832
74,100.0,10.0,0.0,0.0,48.6924056417,2.39422770579,-1.92887335026,17.1607078499,17.3454645404,15.0672337102
75,100.0,20.0,0.0,0.0,46.0740604116,0.77786628153,15.3561919479,14.9055852052,15.3234478961,7.94461770051
76,100.0,30.0,0.0,0.0,46.6691694329,-12.4486116073,0.675033451139,13.1985971507,15.7684080211,12.7682592442
77,100.0,40.0,0.0,0.0,58.2772327218,-22.5766924652,3.81228343339,20.3295625328,26.253860791,19.7846445676
78,100.0,55.0,0.0,0.0,46.6554597415,1.48877798282,10.1746310903,15.4481190482,15.7580616552,9.66336663538
79,100.0,70.0,0.0,0.0,40.3542224298,-1.54142647117,0.786304185641,10.8472960708,11.4658278718,9.23267863567
80,100.0,85.0,0.0,0.0,40.3638036293,12.4822653167,4.2684850172,12.8562514991,11.4716770376,8.27205148341
81,100.0,100.0,0.0,0.0,46.1832602769,16.132748576,-9.13254652804,17.7013983463,15.4044606657,16.2428754425
82,0.0,0.0,10.0,0.0,44.237051235,3.35918179717,1.16089016349,14.0338101255,14.002872802,11.1707108142
83,0.0,10.0,10.0,0.0,55.4109518794,-17.1846737719,9.4246331147,18.9357221396,23.3303094135,15.1591215282
84,0.0,20.0,10.0,0.0,47.7163699446,9.88598096357,2.94626827233,17.7690341617,16.5721596247,12.6028401974
85,0.0,30.0,10.0,0.0,62.1167036129,-3.1050983522,21.084626698,28.6415950354,30.5392071573,15.1198159663
86,0.0,40.0,10.0,0.0,54.3326977296,28.4630703519,15.5858470802,28.1337266399,22.2893734037,12.1721049535
87,0.0,55.0,10.0,0.0,53.5465434792,-11.841435854,1.911826458,18.4141882392,21.5502683519,16.9441956311
88,0.0,70.0,10.0,0.0,55.2103992453,20.8552477777,1.48848409471,27.1715013074,23.1342963369,18.4023480063
89,0.0,85.0,10.0,0.0,54.7239572362,-5.95940790236,15.6867131699,20.5974563914,22.6634327185,12.3714290448
90,0.0,100.0,10.0,0.0,49.0902584749,4.5341011308,-8.67660163187,17.8760503078,17.6674560951,18.2268113099
91,10.0,0.0,10.0,0.0,62.1693669852,12.2021182913,31.3958894305,32.8318583449,30.6010139947,11.3950046418
92,10.0,10.0,10.0,0.0,31.5191319077,1.06023136067,-1.06523853428,6.73237778228,6.87434821198,5.89618767818
93,10.0,20.0,10.0,0.0,49.977646593,-14.1073051004,15.3940693457,15.2313224215,18.3999436607,9.81479251508
94,10.0,30.0,10.0,0.0,31.5287542565,6.20735858101,2.64215328626,7.25431269051,6.87852510464,5.1440346725
95,10.0,40.0,10.0,0.0,55.4397827599,3.20935122584,27.4236014711,23.2362180221,23.3585783951,9.05345011475
96,10.0,55.0,10.0,0.0,47.4291402534,-0.866619516033,2.25411170777,15.6158751263,16.3490494258,12.6726138357
97,10.0,70.0,10.0,0.0,61.4578600491,-16.8905694377,19.2873215404,24.5693577692,29.7729943925,15.3854361526
98,10.0,85.0,10.0,0.0,51.9300948623,16.3767193767,10.6247004663,22.799721867,20.0822650888,12.4572098122
99,10.0,100.0,10.0,0.0,70.2994442414,-0.808453889522,35.2196156972,39.448047182,41.1765569088,15.1091112456
100,20.0,0.0,10.0,0.0,38.3041746133,11.7842355837,-6.39565943923,11.4638843756,10.2594879002,10.3210949321
101,20.0,10.0,10.0,0.0,40.0349413153,6.82628150233,6.11801770031,11.8174896432,11.2720471478,7.64324286826
102,20.0,20.0,10.0,0.0,43.1466877094,4.283660993,-6.47407613479,13.4380821437,13.2561472042,13.1559190919
103,20.0,30.0,10.0,0.0,58.2698890557,-11.221993577,5.0107731478,22.7395975875,26.2460745346,19.2117105427
104,20.0,40.0,10.0,0.0,65.2622342986,-22.9448023783,11.1414143139,27.0540047665,34.3789263392,22.1229767545
105,20.0,55.0,10.0,0.0,63.8902426999,-11.0243541815,13.3484297092,28.5709026578,32.666849663,19.8522942288
106,20.0,70.0,10.0,0.0,58.2165926208,-1.52601213771,7.08048720221,24.8948366216,26.1896121381,18.2168495515
107,20.0,85.0,10.0,0.0,52.4656684414,9.77090299403,2.14588567812,21.8621871116,20.5610169035,16.0565046623
108,20.0,100.0,10.0,0.0,39.3933546692,9.52228629518,-2.12575459627,11.8075778362,10.8892767096,9.59819175249
109,30.0,0.0,10.0,0.0,39.7934930136,10.0774004299,3.01446870802,12.1358365234,11.1269641186,8.34457157768
110,30.0,10.0,10.0,0.0,50.3277222362,23.0939315486,-5.25420266748,22.7578100919,18.6943893091,17.6500943442
111,30.0,20.0,10.0,0.0,40.1559674635,7.42302541571,1.40713197408,11.9778607557,11.3452422476,8.95877285988
112,30.0,30.0,10.0,0.0,42.7686961899,1.82687375372,3.43514331219,12.8125915174,13.0036179023,9.67467985884
113,30.0,40.0,10.0,0.0,44.6083962156,-2.92159035406,6.40138589407,13.2978629224,14.2634442395,9.73578361803
114,30.0,55.0,10.0,0.0,60.8752972126,-16.4535830868,8.10183628405,24.0902199233,29.1062634419,19.875481665
115,30.0,70.0,10.0,0.0,61.4219338322,13.8927931132,22.8142188218,32.401833766,29.7315860054,13.9807610869
116,30.0,85.0,10.0,0.0,57.1426587069,5.15726808988,13.9430769454,25.3798432577,25.0690721631,14.5542753017
117,30.0,100.0,10.0,0.0,53.5254961172,-3.1189638351,7.1291447871,20.1204403219,21.5307085425,14.7802184286
118,40.0,0.0,10.0,0.0,51.2768438114,-9.258060455,3.92155620141,17.067069518,19.5084542448,14.5185097046
119,40.0,10.0,10.0,0.0,48.8902785649,0.798530636317,-15.5913064194,17.0250951209,17.5051141815,21.3626041509
120,40.0,20.0,10.0,0.0,46.8176958519,11.2283911995,19.107920262,17.299011848,15.8807876904,7.31966109662
121,40.0,30.0,10.0,0.0,44.2057249757,9.01736229392,-4.39590013524,14.9366567181,13.9810375926,13.0643332203
122,40.0,40.0,10.0,0.0,42.0643450702,1.1541731963,9.14144707198,12.2619455357,12.5416485868,7.76437211554
123,40.0,55.0,10.0,0.0,40.9710897339,0.370989063687,-9.58820471665,11.4753697133,11.8464878208,12.9254947794
124,40.0,70.0,10.0,0.0,41.0127802435,-6.74258273779,5.20356078884,10.5318746777,11.8725140538,8.32125443028
125,40.0,85.0,10.0,0.0,63.0088015087,11.5554725145,26.2195809421,33.677333283,31.5974804861,13.7286103133
126,40.0,100.0,10.0,0.0,58.2442705873,1.78033187994,17.4670737752,25.7071080364,26.2189241375,13.9309525607
127,55.0,0.0,10.0,0.0,54.4673159544,-6.62612978747,10.1235154169,20.2330849557,22.4176054821,14.247721093
128,55.0,10.0,10.0,0.0,54.1999662548,-6.70744738975,-21.9961658252,19.9820910576,22.1634182615,30.1790675152
129,55.0,20.0,10.0,0.0,58.1480607049,7.398733217,-3.12737654714,26.9744872994,26.117128315,23.1698471974
130,55.0,30.0,10.0,0.0,37.0011158451,-0.19127614421,12.1658393183,9.17487113491,9.53852168398,5.12681678286
131,55.0,40.0,10.0,0.0,32.7716110344,-1.38254423125,1.19703705376,7.02652738342,7.43237026111,5.87429905496
132,55.0,55.0,10.0,0.0,35.7131234526,-7.11443336517,6.92240804964,7.75132241605,8.8598902393,5.73639452782
133,55.0,70.0,10.0,0.0,50.3425426724,-7.17404654098,22.9503015167,16.7151123101,18.7069234761,7.88376241527
134,55.0,85.0,10.0,0.0,42.8144373134,-4.81972445614,-9.51777982219,11.8653148335,13.034004649,14.0757610961
135,55.0,100.0,10.0,0.0,44.0454956544,4.7575112362,13.3932580728,14.1256813785,13.8697085351,7.55226343879
136,70.0,0.0,10.0,0.0,46.4016653207,-0.1698320307,-7.64205799397,14.983106904,15.5673457807,15.7807832312
137,70.0,10.0,10.0,0.0,48.4652586497,20.9126140437,8.90058796733,20.5757297576,17.1633959211,11.0246097156
138,70.0,20.0,10.0,0.0,52.7362793572,36.0251094006,-2.99415762248,28.3073855719,20.8057843875,18.5012597916
139,70.0,30.0,10.0,0.0,45.4652215312,5.73525134234,-7.00585767827,15.2977669812,14.8769665325,14.8740106417
140,70.0,40.0,10.0,0.0,54.4050081556,17.7043005978,8.28598246927,25.5577142925,22.3581925354,14.9220828249
141,70.0,55.0,10.0,0.0,42.0760996435,-9.24640136643,6.23413847772,10.8091732889,12.5492669405,8.53837282031
142,70.0,70.0,10.0,0.0,52.6561995842,-6.0291210174,8.1220956119,18.7956486646,20.7331510338,13.8217375971
143,70.0,85.0,10.0,0.0,64.9786844,-9.33194695807,15.6668708107,30.2441198203,34.0203034311,19.6415119013
144,70.0,100.0,10.0,0.0,42.8219231703,-7.88225973882,1.9404077062,11.4368458458,13.0389821571,10.1527372677
145,85.0,0.0,10.0,0.0,44.1677611283,6.39149288448,6.98728467772,14.4759778556,13.9546062512,9.34060704182
146,85.0,10.0,10.0,0.0,38.7239805041,0.688441557145,-2.78760547947,10.2133066624,10.4992691929,9.4537448701
147,85.0,20.0,10.0,0.0,53.4436258741,33.8870927314,0.610728871914,28.5408087817,21.454737156,17.4328889766
148,85.0,30.0,10.0,0.0,43.5696294612,-11.5706006421,6.32635295519,11.3719585392,13.5425587517,9.23375826523
149,85.0,40.0,10.0,0.0,38.8312952484,2.56174650933,-5.56594269061,10.5188422448,10.5611581868,10.3456041935
150,85.0,55.0,10.0,0.0,45.2478572457,-3.77059394758,10.7608575969,13.5945938528,14.7196922753,8.79788935499
151,85.0,70.0,10.0,0.0,41.3967807572,11.9308742438,0.608192052662,13.4543419761,12.1140297552,9.81218270659
152,85.0,85.0,10.0,0.0,50.9767479811,5.86072508952,22.9154991055,19.7148388117,19.248558118,8.17922814534
153,85.0,100.0,10.0,0.0,49.5079212936,-3.24788631564,0.910715381078,16.7742973619,18.009741861,14.503348262
154,100.0,0.0,10.0,0.0,62.0610483061,-13.6555946244,20.3064369356,25.9512971657,30.4739794325,15.3938659758
155,100.0,10.0,10.0,0.0,54.9406345002,15.6384473508,13.8202201651,25.6157405533,22.8723736882,13.17051584
156,100.0,20.0,10.0,0.0,73.8900314696,5.18259780891,40.3661886979,46.6963141389,46.5329546947,15.5296569255
157,100.0,30.0,10.0,0.0,51.2317759604,11.4917686576,12.3362009482,21.0973548549,19.4692751502,11.4618566087
158,100.0,40.0,10.0,0.0,50.9511614162,-12.2447579435,-7.83635193493,16.2787575791,19.226506449,19.3190048375
159,100.0,55.0,10.0,0.0,34.5233036682,0.324284014094,4.84939091058,8.00295078039,8.26230561328,5.74091651695
160,100.0,70.0,10.0,0.0,57.5119303256,-2.17350753633,1.80210109086,24.0404080229,25.4506871816,20.1164205628
161,100.0,85.0,10.0,0.0,47.3531705106,18.2527159521,15.0237567363,19.073974359,16.2903754753,8.62288525131
162,100.0,100.0,10.0,0.0,56.8043523874,-24.6389377261,9.99829080752,18.6540482117,24.7228231098,15.9024251466
163,0.0,0.0,20.0,0.0,48.7028904183,3.18319020138,3.49426750803,17.3138563022,17.3538995087,13.0149748265
164,0.0,10.0,20.0,0.0,64.9285461069,-10.450763348,24.0638795767,29.8889800423,33.9571511063,15.8783379758
165,0.0,20.0,20.0,0.0,56.5895565437,23.4186634952,17.6486947233,29.3426241918,24.5046476445,12.8148537929
166,0.0,30.0,20.0,0.0,41.3670951727,23.7332769492,-0.469910772841,15.354414694,12.0952433656,10.1227590217
167,0.0,40.0,20.0,0.0,37.0978663479,-1.2384731805,0.409843214191,9.09909272447,9.5908531718,7.80765105061
168,0.0,55.0,20.0,0.0,48.503848242,14.2293288389,0.280930951561,19.2584984158,17.1942369518,14.0798038447
169,0.0,70.0,20.0,0.0,50.3369620546,-16.0644027237,2.47691462556,15.1623945104,18.7022030928,14.4502775991
170,0.0,85.0,20.0,0.0,76.2379423363,-9.28373710321,29.2029489794,45.1628047987,50.2753208057,22.569606307
171,0.0,100.0,20.0,0.0,75.4165225375,5.75396323979,31.0296079792,49.294476955,48.9440747309,20.9202392128
172,10.0,0.0,20.0,0.0,49.8980795884,-18.6824559958,3.94146660452,14.4148937398,18.3334546171,13.606699258
173,10.0,10.0,20.0,0.0,59.2416226872,30.8539862032,17.2640574384,34.563196011,27.2898087249,14.6705570615
174,10.0,20.0,20.0,0.0,37.6501070222,1.03770676916,-6.57062179694,9.66899806677,9.8932232679,10.0289649983
175,10.0,30.0,20.0,0.0,41.8895078458,22.9839432794,10.7454416759,15.611206366,12.4286971145,7.28662483579
176,10.0,40.0,20.0,0.0,45.0175536736,24.9196665037,1.37633771921,18.4138458179,14.5542693461,11.543610652
177,10.0,55.0,20.0,0.0,37.0688656093,-0.299784039652,-3.97348709182,9.19701805156,9.57514689442,8.97512874664
178,10.0,70.0,20.0,0.0,47.4033333057,12.8438364314,12.7059741789,18.0721118693,16.3291020914,9.30008368885
179,10.0,85.0,20.0,0.0,41.9204511384,-10.7480065494,0.701328349899,10.5195785331,12.4486380554,10.0565386695
180,10.0,100.0,20.0,0.0,71.4516478482,-1.28846098237,25.2613354602,40.8958427792,42.8479475959,20.3953184821
181,20.0,0.0,20.0,0.0,57.9759073315,-0.967546409495,14.5767337621,24.7826477598,25.9356378958,14.8690965716
182,20.0,10.0,20.0,0.0,40.2164488853,13.821681031,5.6399598529,12.9628860155,11.3819390961,7.84542721282
183,20.0,20.0,20.0,0.0,48.7389389139,-10.2243932722,3.94822360672,14.9864338162,17.382921268,12.8739217472
184,20.0,30.0,20.0,0.0,36.9554943755,2.06145468372,-0.956094773005,9.4250412548,9.51391162214,8.09917176338
185,20.0,40.0,20.0,0.0,45.1737839523,-15.9198451761,-1.94049455155,11.7326236696,14.666350754,12.781562026
186,20.0,55.0,20.0,0.0,47.0232591086,20.4269340087,7.42498086985,19.222099334,16.0372022521,10.7009298684
187,20.0,70.0,20.0,0.0,56.8349527719,-4.18198597832,15.8171294148,22.9289244494,24.7540099505,13.6381597564
188,20.0,85.0,20.0,0.0,49.7549361495,24.5469269871,8.42955641383,22.5340745877,18.2142424626,11.9194140185
189,20.0,100.0,20.0,0.0,48.9510954048,-15.7046855461,3.24971256583,14.2357179584,17.5543790562,13.2594746228
190,30.0,0.0,20.0,0.0,43.9877240063,3.19645573045,-3.59457994276,13.8366550736,13.8297135999,12.6425430297
191,30.0,10.0,20.0,0.0,61.2312947283,3.30702021719,34.774337709,29.3153710447,29.512498563,9.8215514057
192,30.0,20.0,20.0,0.0,48.0627486486,18.7956458435,4.90652647751,19.7901475739,16.843903221,12.126916548
193,30.0,30.0,20.0,0.0,51.695099987,-10.4616277533,16.7061061268,17.1766004423,19.8745696917,10.3167730887
194,30.0,40.0,20.0,0.0,42.7432453942,0.583634110845,-5.46043166341,12.60984505,12.9867308958,12.5436427969
195,30.0,55.0,20.0,0.0,65.0792674567,6.54007447909,1.64631696522,34.8114574994,34.1472300972,27.1912687266
196,30.0,70.0,20.0,0.0,33.6987618125,11.6559129496,6.50615108869,8.8900264431,7.86434829259,5.12021321044
197,30.0,85.0,20.0,0.0,54.5924213775,-6.03283765728,-9.98754934368,20.4653428809,22.5372160871,23.5593173444
198,30.0,100.0,20.0,0.0,32.4925836407,1.28225862837,0.194295226747,7.1751421998,7.30553461657,5.98590385006
199,40.0,0.0,20.0,0.0,78.0658463778,-7.45354918111,7.22019428682,48.6360406697,53.3239036263,38.37931148
200,40.0,10.0,20.0,0.0,45.5595459688,0.908534560943,-18.502563895,14.5604880326,14.9455622039,19.9704722235
201,40.0,20.0,20.0,0.0,64.2629921796,-21.7310875339,-10.2844123522,26.2942107563,33.1262343943,33.8905990857
202,40.0,30.0,20.0,0.0,51.289205489,17.7747896257,-9.7308006769,22.4992113304,19.5192098713,20.507301877
203,40.0,40.0,20.0,0.0,58.4314709722,-17.6755878088,-24.324457487,21.4917466676,26.417750739,36.6900697602
204,40.0,55.0,20.0,0.0,44.6394441585,-6.72988058827,-12.561424448,12.7384349089,14.2853757305,16.5662927777
205,40.0,70.0,20.0,0.0,43.4680244299,-7.29596660913,3.80792290898,11.9141821801,13.4733802211,9.92375614294
206,40.0,85.0,20.0,0.0,47.6979439388,2.17531327152,-7.64419103232,16.3491220885,16.5577863759,16.7178461004
207,40.0,100.0,20.0,0.0,49.3922827704,6.27035392258,14.9274456201,18.4536428684,17.9145344857,9.65325150228
208,55.0,0.0,20.0,0.0,56.2860136247,17.5898927197,5.21259385506,27.5138397036,24.1985229578,17.5644059696
209,55.0,10.0,20.0,0.0,72.6990574986,0.418147413015,4.99004289305,43.2531212578,44.7077740804,33.394141833
210,55.0,20.0,20.0,0.0,43.7416330787,4.40558106429,-18.7302010895,13.860199532,13.6602077029,18.6056212844
211,55.0,30.0,20.0,0.0,60.4001714538,-15.6023559832,-11.4689344245,23.8166136357,28.5699205017,30.282221698
212,55.0,40.0,20.0,0.0,49.4936514004,20.3564190237,-10.3818366122,21.3870472102,17.9979749888,19.3343063564
213,55.0,55.0,20.0,0.0,56.4174397931,-22.8512377347,-9.42666851413,18.677275658,24.3307520613,24.9743945125
214,55.0,70.0,20.0,0.0,45.1509547896,3.04375138292,-11.5192469809,14.6219409543,14.6499370772,16.4983752009
215,55.0,85.0,20.0,0.0,67.0740493535,-7.5038423735,35.0498974061,33.2383270523,36.7301052562,13.0579401371
216,55.0,100.0,20.0,0.0,46.7098360463,7.2131195545,-11.2533145762,16.4875278246,15.7991247495,17.5446707756
217,70.0,0.0,20.0,0.0,56.4991146201,-23.7112610719,16.3954743023,18.5790606258,24.4131680673,13.2112672921
218,70.0,10.0,20.0,0.0,54.1272663636,29.8904392471,2.16422874276,28.2718686802,22.0946314757,17.2688487383
219,70.0,20.0,20.0,0.0,75.6972366321,6.69844202119,21.0883190832,50.0957161997,49.3963405974,26.5264596219
220,70.0,30.0,20.0,0.0,44.6356488804,5.18271732411,-13.7688497805,14.6084246457,14.2826936357,17.0811542841
221,70.0,40.0,20.0,0.0,62.0967979316,-13.5775418227,1.01958763244,26.007324619,30.5158671236,24.6111298408
222,70.0,55.0,20.0,0.0,49.0808363103,27.1345863828,-2.53459574837,22.4643559108,17.6597848281,15.581055594
223,70.0,70.0,20.0,0.0,54.9081931988,-26.2146298075,1.66402940724,16.8303034869,22.8410092819,18.0870965247
224,70.0,85.0,20.0,0.0,31.9514885644,0.603094209157,-2.54016242276,6.87129645496,7.06370108749,6.38218442162
225,70.0,100.0,20.0,0.0,56.7789142761,-3.7802655254,7.19959452607,22.9645119077,24.6969174246,17.0673935797
226,85.0,0.0,20.0,0.0,32.7098593135,11.1319085219,4.47740173672,8.33675215177,7.40417471172,5.18327465129
227,85.0,10.0,20.0,0.0,49.0170539015,-15.2704555473,-4.08429263308,14.3521578585,17.6079133344,16.1749514187
228,85.0,20.0,20.0,0.0,42.245170479,4.63270570722,-14.8467735101,12.895517077,12.6591863968,15.7965424376
229,85.0,30.0,20.0,0.0,63.6981717692,-11.8248981727,30.5444873655,28.1542080329,32.4318042035,12.5875021459
230,85.0,40.0,20.0,0.0,47.6784522856,22.3483604685,-5.62242656966,20.1743342786,16.5425909146,15.8555623514
231,85.0,55.0,20.0,0.0,55.3451712372,-25.8023921174,14.725085571,17.2485571732,23.265896206,13.0951311419
232,85.0,70.0,20.0,0.0,39.0358011996,-1.04993534843,-7.76508165818,10.1623196759,10.6797702997,11.1571084427
233,85.0,85.0,20.0,0.0,51.1400784008,-20.5449316261,-5.69428453553,14.9913180411,19.3897211977,18.4775419217
234,85.0,100.0,20.0,0.0,41.4274494527,9.1491622638,-2.99057733676,13.0461616318,12.1334587215,10.9461964405
235,100.0,0.0,20.0,0.0,61.2136446571,-9.34652442663,8.27815448904,26.1099412849,29.4922692506,20.0711538003
236,100.0,10.0,20.0,0.0,46.984846135,30.2393447684,9.46682990946,21.190311223,16.0078958706,10.0462628604
237,100.0,20.0,20.0,0.0,61.0993599776,32.2089045747,3.83706644321,37.369163137,29.3615075846,22.188387212
238,100.0,30.0,20.0,0.0,51.5962178108,-10.9739014195,-17.7511129088,17.0052732993,19.7876045431,24.9810863703
239,100.0,40.0,20.0,0.0,51.1435213395,7.36927130698,-12.7813556871,20.1654767228,19.3927042615,21.9076203934
240,100.0,55.0,20.0,0.0,61.4943046251,5.91930080838,-3.52375262739,30.3062245448,29.8150395033,26.5986974971
241,100.0,70.0,20.0,0.0,46.4521308108,-5.33101057118,-18.9708766306,14.1715375638,15.6051452165,20.9509333338
242,100.0,85.0,20.0,0.0,50.2752984679,29.0595375514,-2.17202160173,24.049729276,18.6500976051,16.2825763861
243,100.0,100.0,20.0,0.0,52.9169150643,-1.61077940995,23.2082685017,19.8943452514,20.9702456943,9.01536820184
244,0.0,0.0,30.0,0.0,43.566208154,9.92140548582,-13.4265558159,14.6296501174,13.5402254859,16.1516794089
245,0.0,10.0,30.0,0.0,46.2103232663,-15.8836250993,8.4903350039,12.3841924617,15.4245821044,9.93754074548
246,0.0,20.0,30.0,0.0,41.2783451085,-0.874442790721,-18.8746965489,11.4864239431,12.0391941381,16.7872072749
247,0.0,30.0,30.0,0.0,62.0362767239,14.520597548,6.0319473271,33.3265517158,30.4449771642,21.8909107971
248,0.0,40.0,30.0,0.0,53.7608375681,-18.7741114886,-11.6404711988,17.2851819904,21.7500916327,23.6771267366
249,0.0,55.0,30.0,0.0,51.970066162,-6.17537160316,-9.88872302023,18.1984055356,20.1177362594,21.1658241226
250,0.0,70.0,30.0,0.0,61.0238420433,-5.03771030567,0.804664655484,26.9643832748,29.2753142905,23.7187657308
251,0.0,85.0,30.0,0.0,46.9725600351,-9.05163005364,-9.89236756041,13.9348217931,15.9985299869,17.147365843
252,0.0,100.0,30.0,0.0,41.7116038405,-8.16550189073,-12.4755471403,10.7433707962,12.3144625882,14.4817410196
253,10.0,0.0,30.0,0.0,37.7774260357,-2.86008136535,-0.475936153428,9.25679213535,9.96382444951,8.34844816579
254,10.0,10.0,30.0,0.0,43.8744778217,-2.62561015605,-8.77569646768,12.8599272137,13.7515372288,14.4930894163
255,10.0,20.0,30.0,0.0,40.3053844633,10.2217856368,7.93459529032,12.480626175,11.436043986,7.30617911667
256,10.0,30.0,30.0,0.0,52.0758045786,8.81396464088,1.4046989381,21.2997225841,20.2117715595,16.0852026097
257,10.0,40.0,30.0,0.0,56.7731023301,23.0727853017,4.20670596518,29.4593274837,24.6910011909,18.3914686927
258,10.0,55.0,30.0,0.0,53.026792384,-9.07108553838,-9.41742271075,18.5160710151,21.0707070959,21.8478991347
259,10.0,70.0,30.0,0.0,47.4438707008,-0.0651048206544,-11.3712624512,15.7650388997,16.360442521,18.1617890449
260,10.0,85.0,30.0,0.0,63.2972382606,10.8994309302,8.52260709812,33.8461070364,31.9448033247,21.7295265386
261,10.0,100.0,30.0,0.0,52.0476947514,12.9356856142,0.547850307045,22.1567477411,20.1867443928,16.4239322503
262,20.0,0.0,30.0,0.0,34.3971664858,-4.86427515295,4.45208606998,7.38836533677,8.20057662238,5.77864930507
263,20.0,10.0,30.0,0.0,33.3265480143,0.233869188924,1.68554149021,7.43893503259,7.68897064943,5.97442000051
264,20.0,20.0,30.0,0.0,57.2348693531,4.1137671204,3.40291589523,25.2266410672,25.1640051698,19.1290779228
265,20.0,30.0,30.0,0.0,62.1147815263,15.5550202832,-1.03944785176,33.7192466421,30.5369529318,25.7840770238
266,20.0,40.0,30.0,0.0,52.2786944327,-17.448320442,-19.0875246644,16.3705735119,20.3930252634,26.4099116284
267,20.0,55.0,30.0,0.0,51.5602873315,-5.65081422957,-16.195734129,17.9630509792,19.756067264,24.0893718217
268,20.0,70.0,30.0,0.0,60.9257841467,-4.34705393776,-6.53355972005,27.0307414428,29.1636466846,27.7972485976
269,20.0,85.0,30.0,0.0,47.2167093767,-5.25011907249,-25.4947234056,14.7225696667,16.1853348797,25.0887947962
270,20.0,100.0,30.0,0.0,40.1546193444,-2.14498045486,-14.6529549348,10.6511194417,11.344425182,14.2859064413
271,30.0,0.0,30.0,0.0,45.6040093951,-16.535813199,4.02441586465,11.9094443174,14.9779703863,11.0061768442
272,30.0,10.0,30.0,0.0,43.1593811232,7.37953581307,-10.1830323493,13.934033119,13.264683703,14.5608978502
273,30.0,20.0,30.0,0.0,52.9126138633,-2.2394561169,19.3402653815,19.7638868117,20.9663195924,10.1520896706
274,30.0,30.0,30.0,0.0,50.6328425714,27.8103009643,2.55576122126,24.1167075999,18.9535713548,14.6180122822
275,30.0,40.0,30.0,0.0,58.3564766736,22.5756412208,-1.62540814629,31.1514065304,26.3379786277,22.5686904729
276,30.0,55.0,30.0,0.0,50.5613384485,-13.6060958187,-19.2006048031,15.7471188601,18.8926192195,24.7947281244
277,30.0,70.0,30.0,0.0,49.0555549269,0.362753051699,-16.1968231851,17.0755140535,17.6392123952,21.8134377458
278,30.0,85.0,30.0,0.0,58.4015279661,-0.445604922677,-8.00592466064,25.337876237,26.3858808049,26.1070417936
279,30.0,100.0,30.0,0.0,46.2609468431,-7.20994114563,-15.0653239565,13.740460049,15.4622679607,18.9185873639
280,40.0,0.0,30.0,0.0,51.066755054,-17.7633523016,-8.08944327416,15.4075494813,19.326264294,19.5324848914
281,40.0,10.0,30.0,0.0,54.0109959107,12.5803490641,17.7317577818,23.9633982663,21.9849154127,11.2625804297
282,40.0,20.0,30.0,0.0,34.1824239476,-1.90903355278,0.746844578229,7.60223403724,8.09619458645,6.50870761856
283,40.0,30.0,30.0,0.0,46.2394164668,-9.21314091498,0.349134107553,13.4122711798,15.4462325475,12.6207655175
284,40.0,40.0,30.0,0.0,67.7293192077,4.21827628449,10.8191241812,37.5499108088,37.6061360088,24.5623783646
285,40.0,55.0,30.0,0.0,60.9044164126,30.8577728436,10.5388159263,36.6992688021,29.139351009,18.7536499899
286,40.0,70.0,30.0,0.0,51.0462281303,-13.6765627009,-12.1977236196,16.0988040103,19.3085243267,21.5256974415
287,40.0,85.0,30.0,0.0,50.3633172513,3.91851006506,-8.018880448,18.8082003172,18.7245027013,18.9309271711
288,40.0,100.0,30.0,0.0,59.7177275711,4.82035810697,3.00543767746,28.0240793724,27.8111371534,21.398456862
289,55.0,0.0,30.0,0.0,46.5506683923,-11.9558173151,-8.86281740081,13.1958335277,15.6791276753,16.3956940078
290,55.0,10.0,30.0,0.0,33.931529291,-8.8369567145,1.08509649369,6.78165288813,7.97536623817,6.33480476056
291,55.0,20.0,30.0,0.0,34.4992847857,6.04291398788,7.1522425271,8.63713036135,8.25052746318,5.26395199954
292,55.0,30.0,30.0,0.0,35.8693343304,0.319627691936,9.67104958907,8.6582391641,8.94042276525,5.23305698325
293,55.0,40.0,30.0,0.0,32.6179116492,-4.706612147,-1.32864443682,6.63176960071,7.3623241125,6.36814907226
294,55.0,55.0,30.0,0.0,50.3129335266,-16.4472485848,-13.987092369,15.0805557561,18.6818875565,21.7921158419
295,55.0,70.0,30.0,0.0,51.2648802627,6.07950010942,11.3945064802,20.0096000657,19.4980487845,11.7966249394
296,55.0,85.0,30.0,0.0,57.5319936703,-1.10395593129,-1.78844052713,24.3063253683,25.4715313609,21.9187130804
297,55.0,100.0,30.0,0.0,44.8501316292,-11.193628309,-0.399756850662,12.2122541615,14.4347942648,12.0468800889
298,70.0,0.0,30.0,0.0,40.2795365149,-8.94171154545,-1.57735268158,9.83910797911,11.4203014811,9.88998405626
299,70.0,10.0,30.0,0.0,46.9479133019,-10.164141123,-18.5294315688,13.7415432427,15.9797524183,21.1567435499
300,70.0,20.0,30.0,0.0,43.1960398804,2.00770945025,4.98210662085,13.119761173,13.2893578051,9.43645217262
301,70.0,30.0,30.0,0.0,55.9135664038,2.39835218315,-7.92780030547,23.5131465207,23.8264046901,23.6765508926
302,70.0,40.0,30.0,0.0,50.0628448503,24.3404589774,20.6844062961,22.7809774881,18.4713163944,8.35420430914
303,70.0,55.0,30.0,0.0,76.765585197,6.86586178027,10.3945671891,51.9013740334,51.1430586893,34.4940565324
304,70.0,70.0,30.0,0.0,43.6896414111,1.06620535545,-20.1079103512,13.3021328103,13.6245743078,19.2024960223
305,70.0,85.0,30.0,0.0,61.7523647248,-13.14562409,-9.77587382193,25.7539029389,30.1138894203,30.6889929599
306,70.0,100.0,30.0,0.0,51.1812554113,23.4445458298,-8.02501505479,23.6598498067,19.4254182301,19.5955379077
307,85.0,0.0,30.0,0.0,55.7393818764,-22.0210174292,-18.1038196664,18.2749241326,23.6536912357,29.4020740401
308,85.0,10.0,30.0,0.0,55.9558110759,17.0188619362,9.98758184126,27.0167716141,23.8684188787,15.3102004579
309,85.0,20.0,30.0,0.0,49.5732667575,5.80957447568,7.57354569663,18.5150646067,18.0636908755,12.1053250563
310,85.0,30.0,30.0,0.0,45.9097438035,-0.189040769773,-4.72120873203,14.6281690305,15.2020813684,14.2824011682
311,85.0,40.0,30.0,0.0,43.3059072122,-9.50215964167,-3.54070064692,11.5020873575,13.3634900189,12.2118304685
312,85.0,55.0,30.0,0.0,43.2406092437,-9.29151251701,-10.0396852638,11.4921629061,13.3193975312,14.5596134407
313,85.0,70.0,30.0,0.0,75.8997472279,-9.74504501414,16.4548318211,44.4964906648,49.724334906,29.5270393667
314,85.0,85.0,30.0,0.0,45.2468891672,-3.94622610314,-16.3667298989,13.5664337926,14.7189943117,18.7121074759
315,85.0,100.0,30.0,0.0,60.7950488347,-25.6647975285,-5.42154581894,21.9627598884,29.0152084549,27.0035004197
316,100.0,0.0,30.0,0.0,50.411600531,13.0514225514,-6.61521339065,20.6850502574,18.7654020281,18.3250346203
317,100.0,10.0,30.0,0.0,54.5652316458,-25.8032973871,-4.97468077392,16.6382447578,22.5111844741,20.946918176
318,100.0,20.0,30.0,0.0,42.8113193315,-2.12819722684,-8.85279061397,12.2527812217,13.0319318092,13.8220966834
319,100.0,30.0,30.0,0.0,65.9881560323,-7.78719426128,7.10657723207,31.8463174365,35.3085098553,24.9565384953
320,100.0,40.0,30.0,0.0,44.3257295554,1.10666154992,-1.42695672182,13.7365378737,14.064807118,12.0891595229
321,100.0,55.0,30.0,0.0,55.3182119963,-22.7278590831,-9.83306196667,17.7976623824,23.2395316781,24.1528877617
322,100.0,70.0,30.0,0.0,51.1822639487,27.9090239883,15.523935127,24.687727617,19.4262930972,10.4092622244
323,100.0,85.0,30.0,0.0,70.6099644883,-1.93040138844,13.2069807246,39.5171167202,41.6226391527,26.0129767818
324,100.0,100.0,30.0,0.0,45.0154030371,3.1249937403,-14.0376639254,14.5393369616,14.5527304525,17.4842961037
325,0.0,0.0,40.0,0.0,56.5436036295,-20.2673962883,-7.63025696374,19.2896290999,24.4581390011,24.1037802147
326,0.0,10.0,40.0,0.0,53.0965712114,28.3825639782,1.16005487608,26.7794991824,21.1346725211,16.9338401768
327,0.0,20.0,40.0,0.0,63.512362904,4.75201815896,16.4497896288,32.3654088372,32.2054974442,18.1091603184
328,0.0,30.0,40.0,0.0,32.9853560988,2.9724457239,-0.683485646503,7.57266808889,7.53051782438,6.3655393064
329,0.0,40.0,40.0,0.0,52.1484526982,-11.4822881619,-0.341358729253,17.3481444588,20.2765485269,16.8765142689
330,0.0,55.0,40.0,0.0,46.8099153479,20.0707030051,-1.47994554218,18.971308551,15.8748875108,13.6428301282
331,0.0,70.0,40.0,0.0,34.8046013493,-0.152870784016,-6.38464579525,8.08417213398,8.40108107811,8.56068496399
332,0.0,85.0,40.0,0.0,40.7433562124,-14.7831047913,5.68078793813,9.36164426925,11.7049911839,8.07126464053
333,0.0,100.0,40.0,0.0,36.4027853572,5.215633264,-4.0716280373,9.52011113907,9.21911318798,8.68217167937
334,10.0,0.0,40.0,0.0,45.4760500533,-7.20987701954,15.7867993351,13.213351142,14.8848306843,7.57061110706
335,10.0,10.0,40.0,0.0,38.1210305658,19.6516316879,3.80420158614,12.4827769528,10.1560353927,7.3961109753
336,10.0,20.0,40.0,0.0,55.9558142092,-34.2335115426,15.1716893279,16.2051782229,23.8684219968,13.3163047527
337,10.0,30.0,40.0,0.0,43.5080956556,6.88291015061,-23.1419079203,14.0949981077,13.5006348042,20.5050517068
338,10.0,40.0,40.0,0.0,62.7953091912,-24.4382053647,27.9930598308,24.1571330303,31.3420301746,12.9422981993
339,10.0,55.0,40.0,0.0,50.2490313241,27.0315489556,-12.9271137747,23.5622054457,18.627931398,21.2013652835
340,10.0,70.0,40.0,0.0,79.4528278722,-3.02628045567,58.3606735681,52.551359645,55.7176037111,12.3581683066
341,10.0,85.0,40.0,0.0,57.4342102919,-32.4602031958,2.25249305983,17.6831881171,25.3700497503,19.835468141
342,10.0,100.0,40.0,0.0,42.2790546267,2.2151516106,-9.80040000749,12.5548765418,12.6812927102,13.8333496768
343,20.0,0.0,40.0,0.0,63.7226480515,-23.6787472835,12.4694773214,25.2673803404,32.4616939911,20.1361136399
344,20.0,10.0,40.0,0.0,48.9045240327,22.1171379926,2.62053939896,21.2224087025,17.5166454906,13.4612854522
345,20.0,20.0,40.0,0.0,80.6090859017,-3.45184601473,38.2743677718,54.3306721929,57.7670182278,21.7785080853
346,20.0,30.0,40.0,0.0,60.6465081547,-24.2656603479,-25.8044257974,22.1269179067,28.8471660716,40.6450278236
347,20.0,40.0,40.0,0.0,42.3655873719,0.179634238322,-2.16406684325,12.3093978105,12.7378641779,11.2028175346
348,20.0,55.0,40.0,0.0,65.9172769739,-17.8094754327,-17.6971347568,29.0758110329,35.217015993,41.4064484703
349,20.0,70.0,40.0,0.0,49.0328787114,21.7690285309,9.95882054553,21.2657036501,17.6207734852,10.9988887329
350,20.0,85.0,40.0,0.0,82.7991919878,-0.443618810671,3.36043945465,59.3934432064,61.7854495179,48.0215044215
351,20.0,100.0,40.0,0.0,34.3041352206,-1.69031211429,-2.58375267413,7.68158288523,8.15524653926,7.3483955656
352,30.0,0.0,40.0,0.0,39.3636156645,-11.9558297926,-2.04822898973,8.98550259582,10.8717477608,9.56025479424
353,30.0,10.0,40.0,0.0,35.744508203,4.29654544753,0.0581167045634,9.06335329882,8.87603126221,7.30935112403
354,30.0,20.0,40.0,0.0,44.2912832395,-5.87914859121,6.24087987802,12.6411428372,14.0407276313,9.62123542624
355,30.0,30.0,40.0,0.0,39.2205178693,18.8415703495,9.2187289621,13.0735922685,10.7876651634,6.55765604883
356,30.0,40.0,40.0,0.0,32.3409275719,1.02666426078,-6.82757838132,7.08247438582,7.23720660156,7.56246021185
357,30.0,55.0,40.0,0.0,51.1189262537,-13.8607764649,15.8331508523,16.1214686561,19.3714010654,10.2795425839
358,30.0,70.0,40.0,0.0,33.1931198166,12.7087791731,1.85708186702,8.75766297407,7.62674333492,5.8884897658
359,30.0,85.0,40.0,0.0,61.8899794466,-8.28804129998,36.5274696429,27.0840632297,30.2740692517,9.63778448783
360,30.0,100.0,40.0,0.0,44.7905771926,9.56942292634,-21.9593923851,15.4553491191,14.3924534379,21.0124174666
361,40.0,0.0,40.0,0.0,56.3031601438,-23.2255146487,14.4315939522,18.509879775,24.2157469896,13.8136021671
362,40.0,10.0,40.0,0.0,52.5557677686,33.6095693018,-9.38646091456,27.499055294,20.6422973231,21.4204557275
363,40.0,20.0,40.0,0.0,68.7966945303,-3.23848095735,40.2896165114,36.6756301858,39.0627489266,12.2531958519
364,40.0,30.0,40.0,0.0,73.397131496,14.8954452336,-0.867996084534,49.4563788892,45.7716726711,38.4080595833
365,40.0,40.0,40.0,0.0,50.4160641368,18.6657677611,13.8379608017,21.8751751569,18.76918602,10.5232893891
366,40.0,55.0,40.0,0.0,60.0614995961,-5.36211141488,-18.5996970695,25.8729321887,28.1916621976,34.6285548607
367,40.0,70.0,40.0,0.0,44.8461433221,-2.59277648686,-0.520721594934,13.5079996946,14.4319561468,12.0860743389
368,40.0,85.0,40.0,0.0,55.3825967224,-13.5424816359,-24.8023809597,19.6321314644,23.3025291392,33.3511298992
369,40.0,100.0,40.0,0.0,40.6025285263,16.5880438868,11.345314753,13.6472687552,11.6180577017,6.61644343773
370,55.0,0.0,40.0,0.0,41.8372503175,0.391874061401,2.93007162103,12.0089647102,12.3950689035,9.35193355482
371,55.0,10.0,40.0,0.0,36.7105339022,3.33431163201,1.41838209665,9.45170562541,9.38249362215,7.38469612531
372,55.0,20.0,40.0,0.0,38.3992174934,-7.12715908561,-3.86609826554,9.06562692098,10.3134505402,9.60595467735
373,55.0,30.0,40.0,0.0,35.4164307814,-1.49012645118,-1.48811556532,8.2290979287,8.70826845832,7.55318740498
374,55.0,40.0,40.0,0.0,70.5899955859,11.2908244357,28.1507327187,43.8600460713,41.593856086,18.3361074888
375,55.0,55.0,40.0,0.0,50.1721849453,20.7302589302,4.51710699012,22.0939668309,18.5631834668,13.5683831519
376,55.0,70.0,40.0,0.0,57.0891974738,-11.0739423146,6.6246554949,21.6657613243,25.0141420779,17.5523794431
377,55.0,85.0,40.0,0.0,45.2660052141,-2.65380151645,-8.70163769865,13.7827415279,14.7327806518,15.4145264363
378,55.0,100.0,40.0,0.0,52.5186310564,-20.6137984517,-2.01491330541,15.9954094708,20.6087696466,17.8893926946
379,70.0,0.0,40.0,0.0,39.8396220948,16.8441560757,4.99250379323,13.1763381213,11.1545856792,7.84484831358
380,70.0,10.0,40.0,0.0,42.3708395111,-1.29146223308,11.4858800439,12.0981539946,12.7413032107,7.3085999724
381,70.0,20.0,40.0,0.0,36.4449843697,5.11996264892,-3.47313736486,9.53077123666,9.24140308188,8.53795173456
382,70.0,30.0,40.0,0.0,39.315580121,-9.80199694705,3.35219184743,9.21900514107,10.8434741015,8.03634554171
383,70.0,40.0,40.0,0.0,35.4974975161,-0.688608853944,-6.51796848105,8.3588493287,8.749523628,8.92873848439
384,70.0,55.0,40.0,0.0,70.7335180221,11.2364867591,46.1551191852,44.0534252069,41.8010238417,11.397170017
385,70.0,70.0,40.0,0.0,51.6677672412,23.5518952769,-13.9449640772,24.1632398183,19.85050559,22.981771724
386,70.0,85.0,40.0,0.0,56.1627080279,-12.380348497,18.8922416949,20.5521244142,24.0749004367,12.1199317218
387,70.0,100.0,40.0,0.0,45.5129308272,4.55928563515,-23.3276958562,15.1338345694,14.9116359268,22.3390915418
388,85.0,0.0,40.0,0.0,50.9801309934,-24.1673020673,8.05783078308,14.281539908,19.2514750138,12.7860669373
389,85.0,10.0,40.0,0.0,54.2813442679,42.8746141565,6.59610173262,31.9020276023,22.2405852454,15.5142182047
390,85.0,20.0,40.0,0.0,56.6188171755,-3.88177023282,17.2136978036,22.7889984721,24.5342928404,12.9892367933
391,85.0,30.0,40.0,0.0,46.1113324545,13.5194762664,-10.8294778312,17.1606956033,15.3510671242,16.9106047169
392,85.0,40.0,40.0,0.0,50.1565242115,-18.989621528,5.68379291124,14.5467777108,18.5500067395,13.1297544319
393,85.0,55.0,40.0,0.0,52.669882996,14.9604788371,-6.55609986262,23.1941019878,20.7455500652,20.1211754987
394,85.0,70.0,40.0,0.0,56.2204198107,-7.36644772616,25.7789999022,21.6577999358,24.132708005,9.9285251014
395,85.0,85.0,40.0,0.0,33.4526723099,0.985593128181,-3.32700125325,7.57558003147,7.74810195573,7.17094680879
396,85.0,100.0,40.0,0.0,48.2317984016,-21.6911064956,10.3270695273,12.8170926848,16.9775992423,10.4435001177
397,100.0,0.0,40.0,0.0,48.2076956741,-14.8940857519,4.04629000055,13.8523588644,16.958494083,12.5136106508
398,100.0,10.0,40.0,0.0,51.2690960082,-4.2706414075,-23.836354462,17.9866579119,19.5017150646,28.1905875619
399,100.0,20.0,40.0,0.0,53.0543860914,-3.91745337802,12.613475691,19.5500784616,21.0959864705,12.4395521225
400,100.0,30.0,40.0,0.0,58.5586986846,12.3813913049,-12.549625768,28.6803145134,26.5534521455,28.9728895835
401,100.0,40.0,40.0,0.0,63.4615261059,22.2409936932,34.2334770556,37.4349652623,32.1437644848,11.1945687783
402,100.0,55.0,40.0,0.0,48.3393987023,-11.9700445653,-6.88706659062,14.4139093425,17.0630642345,16.8672240719
403,100.0,70.0,40.0,0.0,48.0866488465,-10.5826066932,-6.25164896156,14.462525211,16.8627623632,16.411323743
404,100.0,85.0,40.0,0.0,52.0447285876,-1.98630219068,1.41328887045,19.0706776562,20.1841047186,16.0593470122
405,100.0,100.0,40.0,0.0,57.0328383128,7.42050713637,8.85736186478,25.8075312439,24.9563213886,16.5447164296
406,0.0,0.0,55.0,0.0,64.0785153053,22.6656828095,21.5686255295,38.3926119293,32.8983464537,16.3069212138
407,0.0,10.0,55.0,0.0,36.1377740942,-4.74604193179,-4.90621522823,8.21265942534,9.07995069581,8.7867711989
408,0.0,20.0,55.0,0.0,36.9258495264,-5.68335354985,0.564677587191,8.49121733214,9.49794270595,7.69220890183
409,0.0,30.0,55.0,0.0,37.2282921014,0.438493011587,-2.21927049621,9.37025806953,9.66170174594,8.56434787981
410,0.0,40.0,55.0,0.0,39.6920044367,2.63356370871,7.87670334403,11.0263216386,11.0663545308,7.06312998015
411,0.0,55.0,55.0,0.0,42.2328581438,11.2346457656,7.16183905229,13.9119750777,12.6511600902,8.36027943964
412,0.0,70.0,55.0,0.0,50.5167057368,-7.79439447199,-25.9512904413,16.7385703316,18.8546393555,28.6880968334
413,0.0,85.0,55.0,0.0,48.568489195,-12.6008041946,4.11378982459,14.4721145549,17.2459811227,12.7098197378
414,0.0,100.0,55.0,0.0,53.5678119112,2.54688871379,-19.5221274403,21.3344114977,21.5700456367,27.9788558286
415,10.0,0.0,55.0,0.0,56.3927570188,6.69391729429,19.1953252995,24.979045144,24.3058818452,12.1521945031
416,10.0,10.0,55.0,0.0,64.8000248476,26.8387269803,-2.85753920392,40.7185631059,33.7956275539,29.6362953405
417,10.0,20.0,55.0,0.0,37.2710642473,-6.49195033063,1.00220014142,8.56925742812,9.68501174871,7.73240155645
418,10.0,30.0,55.0,0.0,36.7816569108,-3.57124123845,-5.176665391,8.66306110517,9.42052465362,9.17628445027
419,10.0,40.0,55.0,0.0,37.8022695763,-1.50614499051,3.48791794819,9.43514767091,9.9776397844,7.3384272347
420,10.0,55.0,55.0,0.0,38.4650676277,4.97971783167,1.41556041276,10.6301082967,10.3509491238,8.16017622682
421,10.0,70.0,55.0,0.0,42.8395560328,10.3429574618,15.0152845407,14.1880634437,13.0507116363,6.65956887441
422,10.0,85.0,55.0,0.0,33.8631534579,-5.60130437187,-2.7887872749,7.07571343761,7.94264687832,7.21218916461
423,10.0,100.0,55.0,0.0,37.8949390556,-8.1255798402,7.96409852358,8.69144360553,10.0292853478,6.32462945681
424,20.0,0.0,55.0,0.0,36.5753391465,1.40540170292,4.56500995124,9.14613399579,9.31048448861,6.5789711734
425,20.0,10.0,55.0,0.0,51.3433917825,9.87078284467,20.5922543538,20.8587993177,19.5664028307,8.98796999972
426,20.0,20.0,55.0,0.0,46.8505497463,-4.36018264734,-15.1879349167,14.609096565,15.9057178619,19.451688588
427,20.0,30.0,55.0,0.0,47.0472764531,-1.98493234748,3.10157704475,15.1455103923,16.0555439478,12.1455859822
428,20.0,40.0,55.0,0.0,51.0075037938,11.4316835763,-5.67079237277,20.8823897877,19.2750871877,18.3627331805
429,20.0,55.0,55.0,0.0,55.6007574291,20.6021223976,19.2716219464,27.5285215044,23.5168355317,11.6612892312
430,20.0,70.0,55.0,0.0,57.7176746334,38.5972525088,-2.72265015432,34.9072248048,25.6649790546,22.5665310502
431,20.0,85.0,55.0,0.0,61.8309625734,-3.13196107476,28.547110297,28.3186699864,30.2053058175,12.1606294217
432,20.0,100.0,55.0,0.0,48.0230985927,12.3605122448,-18.0844765071,18.4898847166,16.8126472205,21.8683171788
433,30.0,0.0,55.0,0.0,51.0499438604,-21.8915145757,7.38863466695,14.7029381164,19.3117347642,13.0700727381
434,30.0,10.0,55.0,0.0,45.1142832228,-0.238289444341,-24.1972189228,14.0632376345,14.6235966527,22.4335984328
435,30.0,20.0,55.0,0.0,44.2150278247,5.14622345572,17.0409371906,14.3064309216,13.9875195466,6.73983210457
436,30.0,30.0,55.0,0.0,36.5933914172,9.09491419822,-0.511020300161,10.1129878652,9.32007832705,7.82078599519
437,30.0,40.0,55.0,0.0,39.1946483494,-5.37947714379,5.92524588751,9.69903932085,10.7725109592,7.32938685727
438,30.0,55.0,55.0,0.0,34.2283593491,-0.273149484636,-6.71993402873,7.79899078704,8.11844794437,8.38206341167
439,30.0,70.0,55.0,0.0,37.9372997718,-11.2427927855,1.26065935873,8.35456701982,10.052952601,7.96195549679
440,30.0,85.0,55.0,0.0,55.7978662849,37.4832669944,14.766156488,32.2200733466,23.7115883147,13.3652353983
441,30.0,100.0,55.0,0.0,62.1771489064,-1.93144346986,14.4556102247,29.0125831873,30.6101540862,17.9708525593
442,40.0,0.0,55.0,0.0,46.122977063,9.35417016368,-3.19905035018,16.4183781432,15.3597027794,13.8431747554
443,40.0,10.0,55.0,0.0,50.9683585584,-19.9282582603,-3.53558828719,14.9706685393,19.2413258738,17.3796499683
444,40.0,20.0,55.0,0.0,42.2443969224,-4.99513599269,-11.9845287127,11.4924932896,12.6586820219,14.6482713314
445,40.0,30.0,55.0,0.0,43.7223040116,5.68601781452,8.93633657962,14.0511216166,13.6469529438,8.57555071544
446,40.0,40.0,55.0,0.0,36.6587000973,8.5245250202,4.31384212363,10.0758626498,9.35484152548,6.66992837982
447,40.0,55.0,55.0,0.0,38.4446501589,-3.4837458103,-0.761484390024,9.53269346318,10.3393126213,8.74031672998
448,40.0,70.0,55.0,0.0,34.8342885491,-1.84420098298,-3.22477516729,7.91214382182,8.41581696806,7.73895006155
449,40.0,85.0,55.0,0.0,37.2105187316,-9.17071138397,-4.936866052,8.23499299754,9.6520266094,9.32003095021
450,40.0,100.0,55.0,0.0,55.6850415288,36.8540102855,23.7548553747,31.9102799522,23.5999811365,10.264393936
451,55.0,0.0,55.0,0.0,63.4966890267,1.95087395072,-12.3525078314,31.5704022035,32.1864556689,34.4039484977
452,55.0,10.0,55.0,0.0,45.4356018542,9.06110061195,2.51085735314,15.8464616555,14.8554695646,11.4061563523
453,55.0,20.0,55.0,0.0,54.4244262399,-13.0079341037,-25.0577800082,18.9209630479,22.3766971717,32.4150683279
454,55.0,30.0,55.0,0.0,42.1583795326,-5.93743849254,-5.23293776283,11.3094875181,12.6026804377,12.1129680091
455,55.0,40.0,55.0,0.0,66.9643635188,20.3005421009,14.7556110247,41.6341825313,36.5848087904,21.7751335081
456,55.0,55.0,55.0,0.0,45.8158195011,17.1713804278,2.53973499175,17.5997140478,15.1329962929,11.6147759917
457,55.0,70.0,55.0,0.0,55.2600892503,-4.5459771565,-6.16942355711,21.3770722311,23.1827588778,22.1568357862
458,55.0,85.0,55.0,0.0,41.4962282589,-2.40708130396,-6.53565990808,11.40349471,12.1771063861,12.1685334287
459,55.0,100.0,55.0,0.0,64.0723253775,5.59705251791,10.1816461497,33.2845488478,32.8907180912,21.5658541194
460,70.0,0.0,55.0,0.0,35.8824253302,6.95781525298,9.24710985779,9.45835765203,8.94719373787,5.32143790509
461,70.0,10.0,55.0,0.0,52.6064579449,-10.1748456487,-5.28326171364,17.9602816567,20.6881199692,19.4608087541
462,70.0,20.0,55.0,0.0,34.0451286359,-5.44217352279,0.710555887844,7.17182356342,8.02992450172,6.46318793314
463,70.0,30.0,55.0,0.0,36.6607900323,-11.5680015015,-3.57909676008,7.71164728008,9.35595540333,8.66902127705
464,70.0,40.0,55.0,0.0,32.8718546619,-0.452181788853,-3.91014680419,7.16494721674,7.47829329728,7.06985626166
465,70.0,55.0,55.0,0.0,40.0162248482,-7.9941909655,1.3339105919,9.81544621821,11.260755848,8.91161369871
466,70.0,70.0,55.0,0.0,35.5247274802,10.4013713161,3.06755259896,9.69431304632,8.76341023757,6.50725271684
467,70.0,85.0,55.0,0.0,47.0381757196,-0.175484785492,10.6122416547,15.4456232536,16.0485922057,9.7293595135
468,70.0,100.0,55.0,0.0,40.196088092,-2.90067709797,-7.09303209694,10.5744575271,11.3695764484,11.5958886516
469,85.0,0.0,55.0,0.0,59.454172922,-21.967361725,-25.4585272007,21.5165177868,27.5217357964,38.8190787373
470,85.0,10.0,55.0,0.0,43.4146686674,12.5067756074,0.975666489493,14.9499585429,13.437147085,10.7732684093
471,85.0,20.0,55.0,0.0,72.7184606331,-10.7066885903,-8.79866795708,39.6168129396,44.7371203019,43.6560833166
472,85.0,30.0,55.0,0.0,52.4361353434,42.4927513422,18.9779326848,29.6503104943,20.534421006,10.0121492644
473,85.0,40.0,55.0,0.0,37.0006614155,-14.0329462578,2.1481892092,7.60475147639,9.5382763373,7.32798754291
474,85.0,55.0,55.0,0.0,33.5284574137,1.22158189556,-5.78788434917,7.63545010841,7.78377794651,7.81885519056
475,85.0,70.0,55.0,0.0,40.5325640072,-9.34648559826,8.09930473292,9.92601121384,11.575028838,7.36213077634
476,85.0,85.0,55.0,0.0,34.832189173,9.13981297854,-0.259732390358,9.1727330248,8.41477433115,7.004980976
477,85.0,100.0,55.0,0.0,46.0286413899,-0.904292546166,20.3213287926,14.5948260317,15.2898364217,6.70413605046
478,100.0,0.0,55.0,0.0,40.6531964999,-0.90810293833,-12.429749315,11.1084984925,11.6492854873,13.7680296146
479,100.0,10.0,55.0,0.0,56.7136955848,-30.4024200312,0.359979887006,17.4882163458,24.6305826476,20.1482460563
480,100.0,20.0,55.0,0.0,44.5148249538,13.7680630364,-6.48147387102,15.9749289515,14.1974836251,14.0359769033
481,100.0,30.0,55.0,0.0,70.1897789734,-15.7747288717,21.9531684415,34.7274143016,41.0197806157,20.9523897207
482,100.0,40.0,55.0,0.0,52.230493418,44.3946574403,12.1888310109,29.9187840574,20.3498666722,12.0936714613
483,100.0,55.0,55.0,0.0,43.3565909447,-0.236943560505,-26.0251311543,12.8835612183,13.397781235,21.8147163801
484,100.0,70.0,55.0,0.0,55.6867705414,-31.7046088106,12.9229053764,16.4476274791,23.6016888422,13.9819362854
485,100.0,85.0,55.0,0.0,45.5591914168,14.8803380609,-18.4889304686,16.9748289068,14.9453039687,19.9636258983
486,100.0,100.0,55.0,0.0,68.850305243,-15.7202948803,37.8557403573,33.0792483677,39.1368852864,13.1511033393
487,0.0,0.0,70.0,0.0,53.5680543204,44.7513416622,-2.25520522556,31.5716742913,21.5702711201,18.8206227152
488,0.0,10.0,70.0,0.0,47.7373349345,-13.3800086724,-17.7545472095,13.7710526274,16.5885235273,21.4509137642
489,0.0,20.0,70.0,0.0,32.8600276498,3.53394911906,-0.14261147594,7.57492769389,7.47286535945,6.1972631945
490,0.0,30.0,70.0,0.0,55.7152248397,-2.27582240177,-6.74310904559,22.2865379123,23.6298043265,22.864007953
491,0.0,40.0,70.0,0.0,43.5876056367,22.3348675323,8.9413835824,16.7858662977,13.5548225622,8.51079512733
492,0.0,55.0,70.0,0.0,53.5028908182,-24.0667759847,-11.6310917877,16.1337118539,21.5097140916,23.4334483131
493,0.0,70.0,70.0,0.0,43.0366328149,3.84655631625,-3.89845071315,13.2968289258,13.1822872288,12.1749814292
494,0.0,85.0,70.0,0.0,62.5605341853,-11.3290448778,1.94653036264,27.0466903069,31.06270812,24.5408071771
495,0.0,100.0,70.0,0.0,49.3321417873,32.1628539362,13.7739326426,23.8298683369,17.8651521842,9.96740715735
496,10.0,0.0,70.0,0.0,42.0694431884,3.43515214482,-24.4920072112,12.6019760476,12.5449523916,19.9570281781
497,10.0,10.0,70.0,0.0,53.3623070396,27.544035585,8.01292399829,26.8551487822,21.3794545663,14.3266979866
498,10.0,20.0,70.0,0.0,43.9402516094,-10.0227996003,-7.84873298123,11.8152276416,13.7969063759,14.1795685707
499,10.0,30.0,70.0,0.0,49.2062856639,5.7513768239,22.9473762178,18.2010519516,17.7621044294,7.38851175037
500,10.0,40.0,70.0,0.0,42.536885017,-13.7725566653,-12.0231837968,10.4711072074,12.8503470485,14.8615612462
501,10.0,55.0,70.0,0.0,42.992275328,-19.8889438751,4.20104029139,9.93360552672,13.1525958047,9.56232592615
502,10.0,70.0,70.0,0.0,50.2271106238,7.15941333777,9.91416689803,19.3293437289,18.6094464996,11.6923948581
503,10.0,85.0,70.0,0.0,37.5531581892,-8.84849374868,-1.57102911699,8.43850907615,9.83968725467,8.54028056357
504,10.0,100.0,70.0,0.0,52.7673358276,42.946097744,12.3794646433,30.148849923,20.8339985804,12.3483065244
505,20.0,0.0,70.0,0.0,41.7584259169,2.07905772884,-19.9323877779,12.2044304305,12.3444594998,17.6074259815
506,20.0,10.0,70.0,0.0,34.6429945553,-0.335637576623,-6.29730725776,7.98710786538,8.32116561934,8.46106320167
507,20.0,20.0,70.0,0.0,51.3935826182,32.0211678526,7.23863588348,25.8781237001,19.6101837951,13.3409507174
508,20.0,30.0,70.0,0.0,42.0238050631,-9.91704859982,-4.45822920701,10.6890937324,12.5153975225,11.7695219354
509,20.0,40.0,70.0,0.0,62.1127806786,10.0248318695,17.332022826,32.1535416764,30.534606453,16.6653656679
510,20.0,55.0,70.0,0.0,41.5935988654,-16.2222233867,-0.260617919922,9.63630268278,12.2390774783,10.1782408184
511,20.0,70.0,70.0,0.0,40.6028795241,21.325626841,4.4165634641,14.4055358951,11.6182738371,8.34279836446
512,20.0,85.0,70.0,0.0,47.9892651485,-8.16180627007,17.4515961895,14.7918120879,16.7860070286,8.26250275993
513,20.0,100.0,70.0,0.0,36.9309222598,7.22274777863,-4.7822429457,10.059390227,9.50067398847,9.13710811906
514,30.0,0.0,70.0,0.0,42.4373250924,-16.7808942628,5.48166453545,10.0249212245,12.7848906356,8.91907009577
515,30.0,10.0,70.0,0.0,34.7569068203,0.201165830814,-8.6149192903,8.10063629341,8.37744289051,9.16121029088
516,30.0,20.0,70.0,0.0,61.5526703021,4.57740997407,24.5194799687,30.0155541979,29.8824568161,13.4273939246
517,30.0,30.0,70.0,0.0,53.7226475412,41.2914212766,16.5622089782,30.8100852441,21.7143904297,11.4846441531
518,30.0,40.0,70.0,0.0,50.6064876362,-11.5735818152,5.09825708558,16.1352398729,18.931090432,13.6307577985
519,30.0,55.0,70.0,0.0,45.6583789126,12.0767730633,-1.85948519323,16.5466850663,15.0176624756,13.0528034688
520,30.0,70.0,70.0,0.0,44.7739376063,-19.7229256964,-2.87903141169,10.9648805635,14.380638173,12.8707101414
521,30.0,85.0,70.0,0.0,50.1757467145,32.8497954431,10.7806360459,24.8285064151,18.5661811614,11.3740518328
522,30.0,100.0,70.0,0.0,31.6821455614,0.0170191295915,2.02716713214,6.69902353348,6.94533822467,5.31707628458
523,40.0,0.0,70.0,0.0,42.3050257229,6.38880054562,-5.46284459291,13.2026616654,12.6982538911,12.279999407
524,40.0,10.0,70.0,0.0,56.1179248174,-21.2585135455,-16.9468801825,18.7357737276,24.030106564,29.0894863555
525,40.0,20.0,70.0,0.0,48.6951964913,34.8871243408,10.6311114744,23.8250421596,17.3477095027,10.5986788781
526,40.0,30.0,70.0,0.0,67.2964072718,-19.5010888116,5.28243391595,30.196348344,37.0258333411,27.3015666398
527,40.0,40.0,70.0,0.0,42.1612898702,6.74178210422,-5.4896951087,13.1617333836,12.6045725068,12.203353806
528,40.0,55.0,70.0,0.0,56.4235305911,-30.3011858481,-10.2672707979,17.2759960687,24.3368917216,25.4522791256
529,40.0,70.0,70.0,0.0,56.5577614518,-31.3985769765,0.367165312485,17.1807766975,24.4724617623,20.0150695407
530,40.0,85.0,70.0,0.0,59.7401714328,-6.00741252098,9.52416922902,25.3873277781,27.83587539,18.2997915249
531,40.0,100.0,70.0,0.0,47.8104255952,-12.0666336776,-8.33164571278,14.0300742131,16.6456575636,17.0969891384
532,55.0,0.0,70.0,0.0,40.6162430317,14.5108050606,-5.47768146361,13.3326158467,11.6265047372,11.3003676465
533,55.0,10.0,70.0,0.0,35.6921158167,1.43988554433,-3.44795958084,8.69965039787,8.84909705555,8.18205030879
534,55.0,20.0,70.0,0.0,36.1560752644,3.2332595122,-8.86042958866,9.1486233895,9.0895156645,9.94232699646
535,55.0,30.0,70.0,0.0,40.0865096494,11.8632237364,5.23391318406,12.5842453045,11.3031964158,7.89244995195
536,55.0,40.0,70.0,0.0,39.0845034481,-4.47812213246,-6.73191851181,9.75251835194,10.7081476045,10.8504687689
537,55.0,55.0,70.0,0.0,58.9944376946,5.29307656229,11.7670649228,27.3580190203,27.0217325855,16.7458089862
538,55.0,70.0,70.0,0.0,53.5891500321,-22.9466389394,-0.685183382162,16.3972315069,21.5898998804,18.1208646808
539,55.0,85.0,70.0,0.0,43.5379520138,-15.7115316286,1.69591150308,10.7871231988,13.520965587,10.6123592127
540,55.0,100.0,70.0,0.0,56.1994205697,0.760539346257,7.21593221643,23.4216542764,24.1116632139,16.6315773162
541,70.0,0.0,70.0,0.0,44.2797779971,-6.22639340075,-9.01139417547,12.581985087,14.032691089,14.8588765399
542,70.0,10.0,70.0,0.0,47.8079967487,16.189847195,-0.341418726294,19.0538660595,16.6437568613,13.8610938074
543,70.0,20.0,70.0,0.0,34.9756282444,2.24848857038,-5.10321967855,8.43701971187,8.48621035967,8.29390515181
544,70.0,30.0,70.0,0.0,36.5476705059,-2.94850032492,-2.79829594812,8.61836120995,9.29579283433,8.40287601755
545,70.0,40.0,70.0,0.0,40.7674214384,-8.21141128639,-5.06449161973,10.2014062224,11.7198899892,11.250280885
546,70.0,55.0,70.0,0.0,38.428230451,5.02487281182,0.811826442013,10.6150010679,10.3299608871,8.30400090921
547,70.0,70.0,70.0,0.0,47.0097032537,1.02912418758,3.77448101401,15.6309768535,16.0268560133,11.8928267339
548,70.0,85.0,70.0,0.0,42.2747384563,18.963380198,12.3966944964,15.2091007276,12.6784753738,7.0470353926
549,70.0,100.0,70.0,0.0,55.0870487022,-24.0586438765,5.9358215806,17.3647454904,23.0142848842,16.3616887623
550,85.0,0.0,70.0,0.0,49.1853252867,5.03878111315,2.32105395791,18.0486161923,17.7449811992,13.7529414695
551,85.0,10.0,70.0,0.0,64.2794187299,-7.40910797131,25.248869092,29.9536025333,33.1465773113,14.9466199806
552,85.0,20.0,70.0,0.0,57.9204687378,32.240942277,23.4681933221,33.3207943518,25.8773719787,11.5952368081
553,85.0,30.0,70.0,0.0,61.4848997637,-7.45871200678,22.7971588421,26.8572283473,29.804185585,14.0284231828
554,85.0,40.0,70.0,0.0,42.3721116961,-2.36352103528,-5.58489977578,11.9441588518,12.742136314,12.3628127757
555,85.0,55.0,70.0,0.0,54.340296966,-11.5157044478,-13.0785312408,19.1425088649,22.2965990836,25.0137960402
556,85.0,70.0,70.0,0.0,47.559192004,13.9428910185,6.46924183369,18.4097330585,16.4498194329,11.308155917
557,85.0,85.0,70.0,0.0,35.844909629,0.551340862527,2.96438042297,8.67291550503,8.92779887011,6.6575277936
558,85.0,100.0,70.0,0.0,42.6006853376,1.311011543,-4.47296265293,12.6266805821,12.892410279,12.1138708058
559,100.0,0.0,70.0,0.0,51.9109007974,-6.96569128251,-14.1757873051,18.0001379531,20.0652467968,23.3265994703
560,100.0,10.0,70.0,0.0,47.9290516166,26.027385486,8.03714083621,21.1603844156,16.7386649958,11.0048742775
561,100.0,20.0,70.0,0.0,63.0148220871,13.0778457759,1.53067788231,34.123554226,31.6047043498,25.2080335761
562,100.0,30.0,70.0,0.0,49.0920901508,22.8844259184,-15.015669295,21.5564808024,17.668947653,21.2483362337
563,100.0,40.0,70.0,0.0,45.7510686164,5.27801302675,-5.96392558484,15.4295238517,15.0854915183,14.6581968191
564,100.0,55.0,70.0,0.0,50.9029376697,-4.46432952461,-2.40672339677,17.654040541,19.1849908209,16.841275181
565,100.0,70.0,70.0,0.0,44.1005459631,-5.9103900087,10.3734297969,12.5141544982,13.9078911808,8.36258241334
566,100.0,85.0,70.0,0.0,49.4820654512,-8.54064998377,-5.98560389512,15.8186876029,17.9884250523,17.330379138
567,100.0,100.0,70.0,0.0,48.9074093935,-12.6162604563,14.634868171,14.7095759516,17.5189817264,9.49326242953
568,0.0,0.0,85.0,0.0,44.0612628889,-3.70142418474,-1.09896359618,12.8190873257,13.8806374669,11.8214946715
569,0.0,10.0,85.0,0.0,40.8631466779,0.0810412686739,5.23616724741,11.3699784248,11.7792787435,8.24357265949
570,0.0,20.0,85.0,0.0,45.822889561,14.7749436502,-3.8662561421,17.162925117,15.1381893048,13.8996544298
571,0.0,30.0,85.0,0.0,46.6701900766,18.8019275087,6.13147032754,18.6074729199,15.7691784567,10.9195490013
572,0.0,40.0,85.0,0.0,38.3952043027,7.27010891792,-0.894915606365,10.8969184561,10.3111681476,8.75367339157
573,0.0,55.0,85.0,0.0,44.8414651775,8.06976946299,-6.40688106024,15.2378088309,14.4286276077,14.2224452171
574,0.0,70.0,85.0,0.0,47.0603141759,1.4621482111,-3.91525311855,15.7432509958,16.0655065204,14.7399554185
575,0.0,85.0,85.0,0.0,52.067842324,-9.18078957778,-0.430630521884,17.7109382782,20.204680386,16.8551646213
576,0.0,100.0,85.0,0.0,47.0115572261,-11.797550391,8.37776450956,13.5281264208,16.0282707585,10.3953514574
577,10.0,0.0,85.0,0.0,47.9587548425,13.5072837933,8.28412927434,18.6576568882,16.7620075942,10.9417429776
578,10.0,10.0,85.0,0.0,43.6347828719,5.30854969013,10.2042876851,13.9305537375,13.5870432971,8.19319360335
579,10.0,20.0,85.0,0.0,41.6220819144,1.7961819938,-1.95506502532,12.0779002508,12.2572450533,10.7224034351
580,10.0,30.0,85.0,0.0,40.0731605147,-5.37809945862,1.46803500492,10.1808177583,11.2951275247,8.90152393151
581,10.0,40.0,85.0,0.0,39.490143945,-4.96236551377,-5.78609049093,9.91215726192,10.9464572805,10.771782519
582,10.0,55.0,85.0,0.0,55.5612453586,4.19129243896,16.2317444709,23.5751466801,23.4779245108,12.6879675594
583,10.0,70.0,85.0,0.0,65.2599272399,19.8051987327,31.4166507072,39.0956990509,34.3759983389,13.241826599
584,10.0,85.0,85.0,0.0,57.934563289,6.28374544893,18.7032490515,26.4739548286,25.892177059,13.2723564389
585,10.0,100.0,85.0,0.0,53.9892887851,-3.14677190709,9.99442595024,20.5243481777,21.9644722796,13.9826134718
586,20.0,0.0,85.0,0.0,50.0569279834,-12.9101115859,2.53368307798,15.4929803648,18.466353732,14.2422394436
587,20.0,10.0,85.0,0.0,58.993229696,15.3755420364,24.4959250083,29.9534306918,27.020426821,11.8723589777
588,20.0,20.0,85.0,0.0,53.6234714244,19.1072586648,-5.46162313838,25.0913054429,21.6218600758,20.3878724965
589,20.0,30.0,85.0,0.0,49.3153864024,-5.90184129317,5.81418315669,16.1539839104,17.8514103691,12.5636293751
590,20.0,40.0,85.0,0.0,46.4988890951,-0.555711891315,-16.9813250987,14.9886573218,15.6402224629,20.0177688459
591,20.0,55.0,85.0,0.0,57.8086416553,33.5591406445,25.4366324695,33.5595948583,25.7601074835,10.8871391605
592,20.0,70.0,85.0,0.0,55.170952073,5.74111891126,-2.81251890675,23.545191986,23.0958717325,20.3971169276
593,20.0,85.0,85.0,0.0,49.2145265893,7.09468512655,7.51924892258,18.4648160741,17.7688397315,11.9121122551
594,20.0,100.0,85.0,0.0,33.3910144314,-1.15511052126,-0.0616386319499,7.32304429273,7.71915693925,6.38295228132
595,30.0,0.0,85.0,0.0,69.1156832801,-18.0189498875,18.3772114693,32.7529169204,39.5052488579,21.8197567358
596,30.0,10.0,85.0,0.0,52.3148553669,-18.9259044395,-1.81949254393,16.137230726,20.4254433465,17.6462793523
597,30.0,20.0,85.0,0.0,55.0263803213,4.36982697818,6.95126832643,23.0972685007,22.9554113694,15.8948087401
598,30.0,30.0,85.0,0.0,37.1508192958,2.68787110053,-10.2185982538,9.60645388989,9.61957582847,10.899428142
599,30.0,40.0,85.0,0.0,39.4377125144,12.6761454769,6.44675510441,12.2912709994,10.9154573816,7.30417638724
600,30.0,55.0,85.0,0.0,39.4878802257,14.3613139607,-0.593867958985,12.5720117844,10.9451176537,9.20009157797
601,30.0,70.0,85.0,0.0,37.2699933411,-0.871904164318,-1.18607121666,9.23267040497,9.68442766817,8.30425185935
602,30.0,85.0,85.0,0.0,43.0275127539,7.15194027374,2.30905139154,13.8075990979,13.1761789184,10.1483965331
603,30.0,100.0,85.0,0.0,50.336897449,-11.5126008415,-1.75675745971,15.9425730503,18.7021484506,16.1532666639
604,40.0,0.0,85.0,0.0,66.0284003784,-5.76976171057,19.4365624206,32.4558077198,35.3605295212,18.7244911114
605,40.0,10.0,85.0,0.0,49.9658268305,-7.06025222951,14.153037407,16.4449791409,18.3900564936,10.1847504599
606,40.0,20.0,85.0,0.0,50.3737235033,-12.7788263074,-2.18324137838,15.7503315357,18.7333124982,16.3585914512
607,40.0,30.0,85.0,0.0,51.7780568407,10.8694501429,4.24597114033,21.4633719039,19.947725047,14.7292857122
608,40.0,40.0,85.0,0.0,45.1682184317,-1.43399254289,-7.85974209896,13.9093932604,14.6623481349,15.0094186891
609,40.0,55.0,85.0,0.0,39.6822243116,11.4737308169,3.25140403374,12.2695251016,11.0605254359,8.22990696539
610,40.0,70.0,85.0,0.0,50.6853652249,-16.7375735417,6.81728240017,15.3024801167,18.9984265665,13.0493465699
611,40.0,85.0,85.0,0.0,44.9889249013,-2.65155476312,-2.52867777981,13.5950564243,14.5337928419,12.8779970364
612,40.0,100.0,85.0,0.0,55.0923111951,-13.3104606225,9.53290397847,19.4287596348,23.0193964261,14.89758951
613,55.0,0.0,85.0,0.0,51.1399156409,12.7071968487,6.67489922079,21.2699750641,19.3895801853,13.38742722
614,55.0,10.0,85.0,0.0,65.801053405,5.0589667755,29.3796550633,35.2918035895,35.0673317139,14.3572985965
615,55.0,20.0,85.0,0.0,37.56491286,0.392228564598,-10.8397333628,9.54308833172,9.84616797467,11.3336588005
616,55.0,30.0,85.0,0.0,40.6147675482,-9.18742395576,5.58705039048,9.99139459669,11.6255957612,8.03768699462
617,55.0,40.0,85.0,0.0,38.4195715782,6.85917047365,-7.57668042547,10.8556013129,10.3250315561,10.7542026909
618,55.0,55.0,85.0,0.0,44.6740144113,-0.308227768563,14.7455378924,13.7501676159,14.3098217319,7.48493993788
619,55.0,70.0,85.0,0.0,41.8557005504,20.1683434137,0.113916240278,15.1077794234,12.4069348653,10.2019869593
620,55.0,85.0,85.0,0.0,51.2226511596,-19.9511928857,8.19718469697,15.1507396673,19.4613490255,12.8858707504
621,55.0,100.0,85.0,0.0,47.0838739548,6.82157659098,-15.3900716658,16.7060551599,16.0835198088,19.738564488
622,70.0,0.0,85.0,0.0,58.4448630965,-5.43696961374,22.7730008175,24.2145014899,26.4320129909,12.1385442155
623,70.0,10.0,85.0,0.0,55.0385552972,28.0766901874,-1.92905536413,28.8151640002,22.9672180878,19.859934154
624,70.0,20.0,85.0,0.0,51.0058487435,-12.6503416456,7.89673964616,16.2487567958,19.2736589693,12.8595607483
625,70.0,30.0,85.0,0.0,46.6323031753,8.99533607852,-15.6812651621,16.7469644493,15.7405962457,19.5070222568
626,70.0,40.0,85.0,0.0,59.1596060422,5.76189973436,23.7380104613,27.6540458092,27.2006647271,12.2309741734
627,70.0,55.0,85.0,0.0,53.3202477008,32.0052554111,-2.55198205824,27.9250815799,21.3405864569,18.7604013913
628,70.0,70.0,85.0,0.0,46.800134025,24.5878625773,-5.46437706568,19.8606701888,15.8674721264,15.1762363202
629,70.0,85.0,85.0,0.0,42.86468525,-2.34014591225,-5.46238843824,12.2554248344,13.0674398853,12.6182950227
630,70.0,100.0,85.0,0.0,60.1504363387,15.5102428708,16.6634459681,31.3335014911,28.2906692164,15.5352611259
631,85.0,0.0,85.0,0.0,41.7975711921,-13.2981017099,5.99501980561,10.1179802074,12.3695755673,8.47276872447
632,85.0,10.0,85.0,0.0,59.3942086918,0.354347539447,4.44490503825,26.5625694654,27.4561724833,20.4088449729
633,85.0,20.0,85.0,0.0,56.1090490356,-1.64428805694,30.1319015246,22.7978914875,24.0212352716,8.61964472365
634,85.0,30.0,85.0,0.0,41.4609886023,-10.2748798098,-5.95427692899,10.3217230653,12.1547299221,11.9480335925
635,85.0,40.0,85.0,0.0,46.7175916542,13.6921750553,17.9169664896,17.6757297055,15.8049873213,7.57323537588
636,85.0,55.0,85.0,0.0,41.2662582407,0.00467407856541,-4.32040546859,11.6026540944,12.0315742195,11.2883493513
637,85.0,70.0,85.0,0.0,45.8820000278,24.7742438288,-1.58494577863,19.1094057546,15.1816528801,13.0930338768
638,85.0,85.0,85.0,0.0,42.7328445726,21.6461799721,8.54522569828,16.0093634156,12.9798339961,8.22082484642
639,85.0,100.0,85.0,0.0,42.8612618554,-2.69183687611,-2.34524070237,12.2019086896,13.0651601279,11.5448894826
640,100.0,0.0,85.0,0.0,54.7706645401,23.2954153197,12.3532792565,27.3071940552,22.708364328,13.6026784885
641,100.0,10.0,85.0,0.0,48.3617146617,-16.2301657028,5.46016649031,13.7459551212,17.0808252368,12.1137605972
642,100.0,20.0,85.0,0.0,55.653445741,-1.41613983258,22.304838982,22.416086298,23.5687892154,10.7008582059
643,100.0,30.0,85.0,0.0,74.3436649096,-10.1761622053,39.811092323,42.075522615,47.2410068574,16.079572939
644,100.0,40.0,85.0,0.0,53.9826701614,29.0724140408,6.54842742309,27.905440973,21.9582415763,15.3251783723
645,100.0,55.0,85.0,0.0,61.6448312907,-26.5923764215,18.2696264178,22.5582826843,29.9891173917,15.9331347786
646,100.0,70.0,85.0,0.0,46.3060460164,6.78902687324,-7.360447591,16.1047287541,15.495892927,15.5980617137
647,100.0,85.0,85.0,0.0,56.1185088787,-19.7932231531,-15.2399866883,19.0221064555,24.0306904065,28.048493811
648,100.0,100.0,85.0,0.0,43.1136117358,19.9668696286,13.9305429793,16.0027103358,13.2339203556,7.02604998859
649,0.0,0.0,100.0,0.0,52.8131555199,-5.32949274818,-1.75712143601,19.0645889552,20.8756714295,18.0012978808
650,0.0,10.0,100.0,0.0,37.8672709094,6.76426599427,3.40259679694,10.5250836483,10.0138470169,7.38721226955
651,0.0,20.0,100.0,0.0,45.461582251,-12.3103843622,-9.79846375291,12.4352065433,14.8743241483,16.0018459459
652,0.0,30.0,100.0,0.0,37.3036368936,-1.89143554557,-0.396633637551,9.12718009734,9.70278834459,8.1099176609
653,0.0,40.0,100.0,0.0,74.1452967044,-10.0322137874,48.0567260748,41.8392849548,46.930507413,12.7650276905
654,0.0,55.0,100.0,0.0,47.6984430125,16.2401396357,6.91197158165,18.9711710149,16.55817557,11.2416187852
655,0.0,70.0,100.0,0.0,60.6642582763,-27.0497646524,22.2455942345,21.5449417007,28.8672123584,13.7030431868
656,0.0,85.0,100.0,0.0,33.7271890199,-1.05808446262,-0.547913852476,7.48463180955,7.8778510048,6.62546825458
657,0.0,100.0,100.0,0.0,72.1611975259,7.02189690224,47.9504209102,44.7223066058,43.8993888803,11.6189226148
658,10.0,0.0,100.0,0.0,48.6574143336,20.955222147,-10.1013197982,20.7561731893,17.3173339309,18.5353747741
659,10.0,10.0,100.0,0.0,60.5542820717,-14.5935875307,24.5223508897,24.199698186,28.743158939,12.8012973081
660,10.0,20.0,100.0,0.0,44.8977222146,4.90199590566,-23.1506961829,14.7484473471,14.4686889023,21.7041111247
661,10.0,30.0,100.0,0.0,66.0135291236,-5.40800475948,7.86623825422,32.5392085261,35.3413010547,24.5594138003
662,10.0,40.0,100.0,0.0,61.3398306581,1.78997701801,5.03503705409,29.0417641289,29.6370984465,21.7869002944
663,10.0,55.0,100.0,0.0,33.9826008369,0.389185388692,-1.01373932597,7.75611559975,7.99986364761,6.83641752999
664,10.0,70.0,100.0,0.0,63.1449743507,2.8789336008,-2.52371462781,31.4090869847,31.7611384087,27.6873416457
665,10.0,85.0,100.0,0.0,33.9785174646,3.41766202931,-8.5210570763,8.08526121346,7.99790314022,8.75677032492
666,10.0,100.0,100.0,0.0,41.4575330429,-15.7577304653,8.79238462593,9.62111056936,12.1525371893,7.58722464684
667,20.0,0.0,100.0,0.0,39.4061846405,20.3642856354,9.9079332596,13.431515175,10.8968448449,6.47357607935
668,20.0,10.0,100.0,0.0,36.7648795472,3.18789762001,-5.63003043889,9.46251312336,9.41154418519,9.29830569837
669,20.0,20.0,100.0,0.0,40.9834869936,-8.24154378741,7.47711078978,10.3184807518,11.8542231097,7.71347464569
670,20.0,30.0,100.0,0.0,40.1996770179,10.4919333989,10.0458634334,12.4531867088,11.3717549189,6.75663506292
671,20.0,40.0,100.0,0.0,50.2828476719,-26.6833224192,14.1713439288,13.4058111705,18.6564714472,10.3477031506
672,20.0,55.0,100.0,0.0,40.3532100341,7.536703978,-15.789242496,12.1172296625,11.465209937,14.8619961804
673,20.0,70.0,100.0,0.0,56.0084739744,-17.7340124044,24.748890528,19.3345448815,23.9208635784,10.1303867973
674,20.0,85.0,100.0,0.0,45.3503007173,20.6073374913,-8.40663366909,17.8671597886,14.7936765763,15.3540705851
675,20.0,100.0,100.0,0.0,66.5936342121,-2.37643602411,45.602252842,34.1153435943,36.0965553959,9.35519180474
676,30.0,0.0,100.0,0.0,59.2243355785,-0.795094948398,32.9904592126,26.1043288882,27.2710031692,9.32799542771
677,30.0,10.0,100.0,0.0,58.7859163583,-0.420054652692,30.1708153932,25.7393058519,26.7969577019,9.93801665762
678,30.0,20.0,100.0,0.0,34.4493115165,2.76239867214,-6.97265227099,8.23851154122,8.22605793128,8.55397448197
679,30.0,30.0,100.0,0.0,52.2140955383,18.0798285222,18.5312241115,23.4534635403,20.3351981073,10.0315402494
680,30.0,40.0,100.0,0.0,50.9158901979,28.1699255009,-12.0000033426,24.481326218,19.1961357237,21.3129348587
681,30.0,55.0,100.0,0.0,44.3487356881,-4.80605982988,1.65276563139,12.8393634214,14.0809047386,11.073321398
682,30.0,70.0,100.0,0.0,34.3362962022,0.789068653074,-3.11631037623,7.96544008917,8.17089824178,7.49448820067
683,30.0,85.0,100.0,0.0,51.9491995578,18.4280489327,15.8341985204,23.2750170833,20.0992136949,10.7275202476
684,30.0,100.0,100.0,0.0,48.5130721776,27.8758908541,2.26165270837,22.0927284981,17.2016142426,13.3448395622
685,40.0,0.0,100.0,0.0,44.2547731718,-2.95331712391,0.521352790571,13.0590138433,14.0152355108,11.3908075199
686,40.0,10.0,100.0,0.0,42.1320393741,3.37609351202,-9.95744639232,12.6334038389,12.5855647814,13.7970944984
687,40.0,20.0,100.0,0.0,57.1966055329,-18.179245494,3.40193272759,20.2762353098,25.1245826385,19.0987390127
688,40.0,30.0,100.0,0.0,46.9564397385,21.1903359551,-0.599009860644,19.3161098029,15.9862467782,13.4099059227
689,40.0,40.0,100.0,0.0,69.4806773225,-0.739157396728,22.5956383234,38.3551556877,40.0156519046,20.0403129992
690,40.0,55.0,100.0,0.0,41.3160944701,2.9212624637,-5.62917315675,12.0498479284,12.0630131649,11.7528901258
691,40.0,70.0,100.0,0.0,59.7477172408,-11.8392833802,-21.3864697672,24.0338165688,27.8441958795,36.2100918465
692,40.0,85.0,100.0,0.0,46.6936872339,20.8131278143,4.87156139878,19.0186010289,15.7869222904,11.3428775696
693,40.0,100.0,100.0,0.0,71.3502772313,3.12558502124,-5.61318572655,42.2085386508,42.6991171249,39.3192148207
694,55.0,0.0,100.0,0.0,75.8735632563,-3.60209754482,-0.571758574594,46.6125230164,49.6818448114,41.4382157821
695,55.0,10.0,100.0,0.0,37.6475601917,1.12148887616,4.00247998486,9.67809236756,9.89181440773,7.14743793211
696,55.0,20.0,100.0,0.0,70.9262707406,2.88434160154,-2.07995349399,41.5222345549,42.0803338661,36.1864047307
697,55.0,30.0,100.0,0.0,40.1046695861,-0.800982849357,1.71377038873,10.8021635729,11.3141793671,8.84794504293
698,55.0,40.0,100.0,0.0,74.4843096398,-4.84606239047,7.49350119883,44.082485155,47.4619813184,33.7847405114
699,55.0,55.0,100.0,0.0,55.2374904961,0.420881425139,3.3460618195,22.4257364533,23.1607099856,17.5903348034
700,55.0,70.0,100.0,0.0,69.5702997141,1.53604947514,4.51029004345,39.1940455561,40.1416473896,30.1753450818
701,55.0,85.0,100.0,0.0,38.0579857172,-9.41173309907,-6.80500942555,8.62376890032,10.1205848403,10.3164170651
702,55.0,100.0,100.0,0.0,35.851495797,19.4643793072,1.40470818573,11.0641071511,8.93120175694,7.02723470355
703,70.0,0.0,100.0,0.0,46.619475856,-0.967274242928,23.9256658947,15.0067636889,15.7309270354,6.12154207757
704,70.0,10.0,100.0,0.0,61.7719726451,13.0219070927,0.676886703332,32.5805449486,30.1366779104,24.491238705
705,70.0,20.0,100.0,0.0,44.2068212875,19.5185673035,9.89195378604,16.7593165194,13.9818013666,8.54269543745
706,70.0,30.0,100.0,0.0,51.1283255111,-0.989785081559,-12.2822939252,18.4964846831,19.3795404515,21.640161241
707,70.0,40.0,100.0,0.0,40.6267907681,1.91123351471,1.26105165132,11.4832379891,11.6330040817,9.23129861727
708,70.0,55.0,100.0,0.0,47.3095165837,-8.7537649783,-17.1757072636,14.2155501677,16.2567236966,20.7940453871
709,70.0,70.0,100.0,0.0,67.6020766594,-4.51490022874,-1.34540392345,34.7584496262,37.4349475013,31.7607559747
710,70.0,85.0,100.0,0.0,51.2616119436,16.0460010091,5.97760995253,22.0964686983,19.4952067628,13.7241912277
711,70.0,100.0,100.0,0.0,59.6757824958,22.2921098464,-7.72569150691,32.6465185501,27.7649434479,27.2241458463
712,85.0,0.0,100.0,0.0,53.3830043788,-2.12156936593,18.8677461239,20.198538267,21.3985988204,10.5501645818
713,85.0,10.0,100.0,0.0,32.8897245264,3.27844134263,-6.39406348649,7.56140472124,7.48649955168,7.69218469376
714,85.0,20.0,100.0,0.0,40.8955347973,10.8707050014,14.3977242688,12.9592604281,11.79941794,6.04734379437
715,85.0,30.0,100.0,0.0,57.4427721175,20.2431650292,13.0193898211,29.4742597675,25.3789246031,15.1225050855
716,85.0,40.0,100.0,0.0,53.1359651586,-2.30662818709,14.3391726558,19.9445532906,21.1708415925,11.8920880504
717,85.0,55.0,100.0,0.0,34.4619452735,1.48174180436,-2.50029868409,8.10165621698,8.23223950492,7.39505315111
718,85.0,70.0,100.0,0.0,39.8306624508,11.4819643138,12.8691142526,12.3646225919,11.149217175,5.98096247667
719,85.0,85.0,100.0,0.0,49.6675949595,33.9613641516,14.2544625703,24.5767589658,18.1417578005,9.99702712629
720,85.0,100.0,100.0,0.0,54.9441632366,3.42854704414,7.16496965553,22.8093470347,22.875787018,15.748519679
721,100.0,0.0,100.0,0.0,34.2508977067,3.89915196763,-1.62615482393,8.270147931,8.12938152467,7.09241194042
722,100.0,10.0,100.0,0.0,35.9698609741,-4.44495936427,-0.764901410479,8.16541088292,8.99250519566,7.6114013072
723,100.0,20.0,100.0,0.0,49.2661669175,34.2504774004,16.1538508863,24.2430918259,17.8110841003,9.23206788562
724,100.0,30.0,100.0,0.0,55.9532593453,8.8749037054,-15.2142587221,25.046488372,23.8658796697,27.8616440895
725,100.0,40.0,100.0,0.0,34.7812096294,3.12015116626,-0.381618525754,8.44085750915,8.38948221125,7.01311033043
726,100.0,55.0,100.0,0.0,34.3057055909,-0.841792436508,-6.05074526342,7.77356283917,8.1560103228,8.23850506536
727,100.0,70.0,100.0,0.0,40.1562556429,5.62020479277,-6.87910244857,11.7202361627,11.345416912,11.5015988833
728,100.0,85.0,100.0,0.0,55.6424314815,-2.27565361702,23.3290261992,22.2182764033,23.5579222073,10.3734557354
729,100.0,100.0,100.0,0.0,54.9537989969,0.138034983679,22.8254944524,22.0979058801,22.8851093723,10.1625201029
730,0.0,0.0,0.0,20.0,54.8121778809,-1.02389488466,22.2761917346,21.716116384,22.7483492494,10.2562926031
731,0.0,10.0,0.0,20.0,47.6950429646,-11.1989008632,10.1693340178,14.0894400586,16.5555242218,10.2058006805
732,0.0,20.0,0.0,20.0,45.5950895394,14.9531636144,13.1742052385,17.0162166045,14.9714651933,8.30246788338
733,0.0,40.0,0.0,20.0,74.3327330879,3.09734295396,-3.30685780754,46.6331704468,47.223860073,41.4996279049
734,0.0,70.0,0.0,20.0,78.5199737009,-6.20960988123,7.73978136647,49.8191365555,54.099943144,38.5753454719
735,0.0,100.0,0.0,20.0,39.5475246726,4.21244130268,-2.62719736159,11.1571586801,10.9804506374,9.82626151336
736,10.0,0.0,0.0,20.0,73.6565602075,1.79948861875,5.01009238287,45.1476553429,46.1713156593,34.5107267465
737,10.0,10.0,0.0,20.0,41.4515117619,-8.74247127309,3.56404272159,10.5174974927,12.1487170024,8.98041963751
738,10.0,20.0,0.0,20.0,43.330169975,1.10137037101,-16.0996754456,13.0695948357,13.3798982253,17.1158271043
739,10.0,40.0,0.0,20.0,44.0344091005,2.45398801322,9.72283549623,13.7510040105,13.8620274153,8.50777362554
740,10.0,70.0,0.0,20.0,49.0571271666,12.3995501226,-7.91551077838,19.3684298057,17.6404913209,17.8592534312
741,10.0,100.0,0.0,20.0,51.9093752734,19.3763414463,25.9909951452,23.4496456283,20.0638946136,7.7963309483
742,20.0,0.0,0.0,20.0,54.8580581807,4.42289496648,26.5191160377,22.9475347518,22.7925949211,9.02554138311
743,20.0,10.0,0.0,20.0,62.3355200092,-7.33569361996,37.4026073431,27.8031882232,30.7965611559,9.60618528846
744,20.0,20.0,0.0,20.0,50.3542392824,-5.59735408962,-23.2413787694,17.0094932797,18.7168196675,26.8969237003
745,20.0,40.0,0.0,20.0,38.0524192291,-7.38503967335,10.3726565507,8.85757329714,10.1174587352,5.85926448417
746,20.0,70.0,0.0,20.0,60.7674027046,1.79559388945,-14.7648736057,28.4065026673,28.9838834087,32.8439964398
747,20.0,100.0,0.0,20.0,52.7280622377,-24.2933239369,16.6850641014,15.5152709654,20.7983235597,10.8845566859
748,40.0,0.0,0.0,20.0,48.607890532,-9.9027243761,-4.02066376331,14.9457974475,17.2775722036,15.8558578309
749,40.0,10.0,0.0,20.0,37.9353170131,-7.21980281444,9.75678160347,8.8176430632,10.051843989,5.94756548815
750,40.0,20.0,0.0,20.0,58.7954328919,-2.60364791677,10.1165228839,25.2288070411,26.80718877,17.310883407
751,40.0,40.0,0.0,20.0,52.6509583732,-24.0075182037,14.7158877221,15.5073069446,20.728403093,11.4841725748
752,40.0,70.0,0.0,20.0,32.7345615052,1.42033549718,-2.29976651588,7.29671214624,7.41544504478,6.63478509419
753,40.0,100.0,0.0,20.0,54.1772695919,2.93141335963,19.630428891,21.9781487226,22.1419279516,10.7419058711
754,70.0,0.0,0.0,20.0,48.6276025254,17.0355940435,1.23552056696,19.9262713905,17.2933912921,13.799453674
755,70.0,10.0,0.0,20.0,33.6995387786,-4.10522279449,1.79936239664,7.15621415788,7.86471714046,6.08894151479
756,70.0,20.0,0.0,20.0,31.7915212587,3.04081150734,-5.42034379385,7.04661579762,6.99324263796,6.98541440883
757,70.0,40.0,0.0,20.0,54.2649808059,2.51421737138,21.7719963959,21.9697022737,22.2250541718,10.1214837869
758,70.0,70.0,0.0,20.0,47.9127171318,22.0449661335,-12.5181740259,20.3187069114,16.7258376063,19.0583624624
759,70.0,100.0,0.0,20.0,33.7378850682,-4.26910400679,2.32659757802,7.15635766517,7.88293554719,5.9890839758
760,100.0,0.0,0.0,20.0,79.062621379,-1.72722765088,3.18050531047,52.4037017301,55.0370807339,42.8186906053
761,100.0,10.0,0.0,20.0,45.7154161482,16.1766941455,0.201600703043,17.3353101602,15.0593774176,12.3550694992
762,100.0,20.0,0.0,20.0,80.5822277343,1.87530542976,6.52354463762,56.4135961211,57.718852418,42.2434052603
763,100.0,40.0,0.0,20.0,58.2155200023,-0.84271191347,5.43067732483,25.0543814321,26.1884766351,18.972110892
764,100.0,70.0,0.0,20.0,49.5838073995,-9.32520900518,-4.29176889724,15.758770771,18.0724032754,16.6747891891
765,100.0,100.0,0.0,20.0,61.7310397042,28.5068141716,-1.83004219914,37.0687907497,30.0891183462,25.85765227
766,0.0,0.0,10.0,20.0,33.1741404162,0.110325468248,1.94640261312,7.35740337267,7.6179192244,5.86253958545
767,0.0,10.0,10.0,20.0,59.9345371764,26.9736645318,-2.49731297095,34.3029658664,28.0507245184,24.494657482
768,0.0,20.0,10.0,20.0,45.6684204237,16.195446558,2.00590123368,17.3014563187,15.0250008741,11.70870296
769,0.0,40.0,10.0,20.0,45.8374136476,15.8261765915,1.31282005087,17.3676430385,15.1488610817,12.0433229477
770,0.0,70.0,10.0,20.0,48.525543425,-12.2637375515,-10.4614080272,14.4969577588,17.2115920837,18.5961444984
771,0.0,100.0,10.0,20.0,49.6462402316,17.8644428579,-8.15218176011,21.0005473016,18.1240647665,18.4238807283
772,10.0,0.0,10.0,20.0,51.9524641003,-1.60590666388,17.4563976156,19.0672809522,20.1021107661,10.2221913175
773,10.0,10.0,10.0,20.0,43.9505594384,-7.27212903483,0.805983664961,12.2186801361,13.8040254956,11.125398632
774,10.0,20.0,10.0,20.0,63.7518804783,21.2380507819,40.9031228053,37.5115560211,32.4974159136,9.29719654802
775,10.0,40.0,10.0,20.0,48.2215565806,-15.35757316,-10.6560024665,13.7883846781,16.9694792544,18.4455129102
776,10.0,70.0,10.0,20.0,43.5246747046,26.5482590149,11.1754442618,17.5070296101,13.5119218424,7.88891434509
777,10.0,100.0,10.0,20.0,77.8687142006,-6.30892409944,-3.05051961202,48.7442377803,52.9893557487,46.2409460328
778,20.0,0.0,10.0,20.0,42.1362681218,12.8408343806,-6.06534289465,14.1022037345,12.5883115481,12.3886032673
779,20.0,10.0,10.0,20.0,62.2206024457,-7.76228415383,-16.7892169306,27.5710390056,30.6612249815,35.9721369329
780,20.0,20.0,10.0,20.0,49.8478674827,32.9773280383,8.88539014916,24.5286466252,18.2915781266,11.8189704614
781,20.0,40.0,10.0,20.0,71.6206873675,-9.24162041155,49.0021984957,38.5814413017,43.0968967925,10.9669844216
782,20.0,70.0,10.0,20.0,40.3828816134,10.8930880422,1.12216503845,12.630049307,11.4833297586,9.15059918054
783,20.0,100.0,10.0,20.0,57.7241488637,-12.8403105231,24.7378389416,21.8739456866,25.6717417032,11.0655318244
784,40.0,0.0,10.0,20.0,48.7057822697,31.6224188856,18.4999714568,23.0991953993,17.3562264747,8.31251184956
785,40.0,10.0,10.0,20.0,59.6232002208,13.743381864,32.2204082881,30.2418083409,27.7071073876,9.75621434314
786,40.0,20.0,10.0,20.0,44.7774610889,24.3450581762,-0.180885421248,18.1067720555,14.383139551,11.9291580176
787,40.0,40.0,10.0,20.0,48.9497341321,-6.85793102422,10.3256238529,15.7128478278,17.5532753428,10.8349457756
788,40.0,70.0,10.0,20.0,40.353853907,3.97482102137,-10.8688422184,11.6079245025,11.4656029344,13.0034952187
789,40.0,100.0,10.0,20.0,59.6208663089,14.4354938111,32.5467540724,30.4243305194,27.704542145,9.65804263236
790,70.0,0.0,10.0,20.0,44.825066145,27.125851154,-11.8540260106,18.6792050437,14.4169636006,16.4024517798
791,70.0,10.0,10.0,20.0,50.3416303734,-8.22384264252,13.9478920288,16.5262927383,18.7061517508,10.4487485163
792,70.0,20.0,10.0,20.0,39.4364527089,9.93787932712,-19.2625539252,11.8935810831,10.914713247,15.6217102979
793,70.0,40.0,10.0,20.0,59.6312205194,28.5664837615,1.47542761698,34.3859400732,27.7159238425,22.1010313162
794,70.0,70.0,10.0,20.0,75.3708678782,0.175639278805,39.578190616,47.1889609057,48.8707813295,16.9277364023
795,70.0,100.0,10.0,20.0,66.6693918523,-15.2218510842,-12.9263288872,30.61894239,36.1959734287,38.7501178344
796,100.0,0.0,10.0,20.0,65.0540315476,-13.1469432619,-13.4079981215,29.3214796588,34.1153550605,37.0530414253
797,100.0,10.0,10.0,20.0,59.7589680749,24.9074664441,23.4634546292,33.489482074,27.8566048459,12.6900077434
798,100.0,20.0,10.0,20.0,57.4012794735,25.2063888212,21.1652324274,30.7482414239,25.3359342379,12.0726090336
799,100.0,40.0,10.0,20.0,78.7697386847,2.45391658493,2.92684339693,53.536339793,54.5299477645,42.6181461435
800,100.0,70.0,10.0,20.0,56.8963641221,-0.495414713661,3.40043648246,23.8175983543,24.8166773606,18.8589167665
801,100.0,100.0,10.0,20.0,56.6080174789,1.89663310096,3.50117972272,24.080299804,24.5233484244,18.5836396505
802,0.0,0.0,20.0,20.0,56.310381166,1.20880380375,2.8787558444,23.6309632211,24.2230031003,18.633741897
803,0.0,10.0,20.0,20.0,35.6409008089,2.77076226258,-2.58002657675,8.82949030248,8.82282084155,7.93110847549
804,0.0,20.0,20.0,20.0,52.3633745902,-16.4672206493,-15.6377859239,16.6105219516,20.4689945184,24.5424652795
805,0.0,40.0,20.0,20.0,38.8176822399,15.0271366192,1.65485881429,12.2442111872,10.5532940585,8.25814341974
806,0.0,70.0,20.0,20.0,62.1023350223,-7.41238242048,-4.10956182632,27.5309137896,30.5223583412,27.5609476823
807,0.0,100.0,20.0,20.0,43.2565645277,33.5911287913,14.421735324,18.6220244899,13.3301623772,6.96758897475
808,10.0,0.0,20.0,20.0,44.7573857373,22.9839077378,13.5160321378,17.8335027718,14.3688916105,7.83334856927
809,10.0,10.0,20.0,20.0,47.4967313038,-16.052212387,-5.03131225975,13.1929855472,16.4013705227,15.4857221371
810,10.0,20.0,20.0,20.0,32.2135528415,1.20495367698,-1.208207913,7.04492140029,7.18014871414,6.1864702417
811,10.0,40.0,20.0,20.0,35.2631132633,-3.46354887159,-0.975314383758,7.93719199614,8.63059953916,7.35950140471
812,10.0,70.0,20.0,20.0,45.6103382647,29.6584374703,13.0621469567,19.8489983163,14.9825871326,8.33956624674
813,10.0,100.0,20.0,20.0,55.5688661456,-14.9645090002,-24.8786041571,19.5084203568,23.4854260285,33.6207202207
814,20.0,0.0,20.0,20.0,31.9715058698,2.86704877378,-0.826332298856,7.10767421222,7.0725509877,6.01225405061
815,20.0,10.0,20.0,20.0,37.1799376918,-6.29001283253,6.71292538882,8.54728712702,9.63539459315,6.32874237345
816,20.0,20.0,20.0,20.0,44.6362965173,30.3867236693,9.63733155175,19.1572477838,14.2831512921,8.81713696689
817,20.0,40.0,20.0,20.0,52.6494572441,-22.1689285601,1.64229072058,15.8228963252,20.7270433744,16.3999278813
818,20.0,70.0,20.0,20.0,35.7078437811,-9.58521243533,3.30191338752,7.48570327167,8.85717685451,6.52578800654
819,20.0,100.0,20.0,20.0,43.625174235,23.7407874616,6.50902403003,17.0702639591,13.5804767301,9.20880298271
820,40.0,0.0,20.0,20.0,61.9623697818,-9.24493512167,13.331047456,26.9243608259,30.358557172,18.3109032392
821,40.0,10.0,20.0,20.0,39.1419411031,3.53019667858,-3.11293898482,10.8265830414,10.7416793092,9.76242678427
822,40.0,20.0,20.0,20.0,32.8865685331,-5.2534668092,-3.01932505273,6.69130151237,7.48504981044,6.86371021352
823,40.0,40.0,20.0,20.0,44.3177734736,22.8187269599,8.10999073529,17.4493993973,14.0592430245,9.09257608943
824,40.0,70.0,20.0,20.0,62.9722470607,-3.36329783045,-15.1748766409,29.5340212573,31.5536438199,35.7460366479
825,40.0,100.0,20.0,20.0,39.6755311539,3.75031750074,-0.242213061028,11.1694763486,11.0565373978,9.19203174868
826,70.0,0.0,20.0,20.0,70.0711297693,0.100439222621,3.99524520416,39.424068644,40.8506097151,31.0563180436
827,70.0,10.0,20.0,20.0,41.5322309908,22.1499879426,8.23143032941,15.2067606911,12.1999957315,7.76247200939
828,70.0,20.0,20.0,20.0,58.0329553879,-11.7941638496,-10.1066574929,22.3895162141,25.9956865963,26.9581978682
829,70.0,40.0,20.0,20.0,37.6436882999,5.72669841025,-0.967578210387,10.2628399667,9.88967280405,8.41880192937
830,70.0,70.0,20.0,20.0,52.6292980713,-18.3423195996,-17.1588248109,16.4803074186,20.7087890119,25.6504270857
831,70.0,100.0,20.0,20.0,44.5478367301,34.8801878812,14.2822089126,19.9787743455,14.2207311454,7.54652222615
832,100.0,0.0,20.0,20.0,62.066608989,-8.90353104259,4.20867070076,27.1202692387,30.4804923431,22.8634201364
833,100.0,10.0,20.0,20.0,39.1417852411,13.9517369222,2.42867573322,12.2912772791,10.7415882235,8.20090961271
834,100.0,20.0,20.0,20.0,52.4115619195,-18.8051352032,-7.51641406469,16.2318733282,20.5123090093,20.370962075
835,100.0,40.0,20.0,20.0,36.5545991839,4.13783474616,-3.14350865059,9.4678755104,9.29947041209,8.49964448037
836,100.0,70.0,20.0,20.0,68.32201362,-1.48558587039,21.1073144965,36.5866687935,38.41040968,19.7958995049
837,100.0,100.0,20.0,20.0,41.1533099426,24.4121918473,3.27767277443,15.3132209945,11.9605236215,8.91631034036
838,0.0,0.0,40.0,20.0,56.5108337877,-15.7128407188,4.91556553862,20.1762527964,24.4250088295,17.8682417499
839,0.0,10.0,40.0,20.0,38.0106462595,5.76161142183,-5.99643939253,10.4743363275,10.0940198348,10.04337807
840,0.0,20.0,40.0,20.0,50.6821888902,-23.2035297204,-4.16344245891,14.2297012839,18.995711916,17.4386292535
841,0.0,40.0,40.0,20.0,64.1186808909,-6.56387293374,15.760608171,29.9940632048,32.9478745037,18.9015602018
842,0.0,70.0,40.0,20.0,59.8278574245,0.530196583465,12.3065511972,27.0666427794,27.9326658977,17.1323400592
843,0.0,100.0,40.0,20.0,56.3893791858,19.5200232316,28.3631992089,28.1138690786,24.3024796798,9.25278989138
844,10.0,0.0,40.0,20.0,55.5877435886,3.66300599493,-17.3473753651,23.4816012347,23.5040149107,28.7734000186
845,10.0,10.0,40.0,20.0,33.0821383015,2.02144004358,0.0743952454793,7.51616797862,7.57524104775,6.23389621693
846,10.0,20.0,40.0,20.0,36.3052869527,10.3948396376,2.22248177937,10.1204648489,9.16775079394,7.01876295577
847,10.0,40.0,40.0,20.0,56.7586147302,19.3617702225,26.2350693012,28.4800609958,24.6762577434,10.0715454318
848,10.0,70.0,40.0,20.0,53.2894109122,-0.518806294988,4.68201885626,20.4442717066,21.3121193433,15.5971721373
849,10.0,100.0,40.0,20.0,33.1035709204,2.3013421334,-0.501520455606,7.55553962128,7.58516898691,6.37044216698
850,20.0,0.0,40.0,20.0,37.4901169125,9.78704414448,9.18940152221,10.7107815986,9.80497913216,5.90475142388
851,20.0,10.0,40.0,20.0,50.2212000153,45.8802287786,20.1458771168,28.0562193575,18.6044644008,8.57430663908
852,20.0,20.0,40.0,20.0,36.6500804287,-9.49248694266,4.14067605512,7.93165019728,9.35024841351,6.70662532727
853,20.0,40.0,40.0,20.0,42.1831690894,18.6985553708,3.35150823085,15.0979809896,12.6188026912,9.40274437993
854,20.0,70.0,40.0,20.0,73.5273139763,7.22040577052,30.9440345477,46.8657681996,45.9719257832,19.3867946163
855,20.0,100.0,40.0,20.0,50.3298101935,46.0648972442,21.2848581663,28.2223896978,18.6961548294,8.3165752863
856,40.0,0.0,40.0,20.0,34.3629804292,-5.22279168534,-2.99960390929,7.33569196971,8.18389977696,7.47682124521
857,40.0,10.0,40.0,20.0,43.2949827922,17.7008382803,4.62987308554,15.7447742621,13.3561065308,9.58973483479
858,40.0,20.0,40.0,20.0,75.1841580681,11.3708783063,0.38467541755,51.0214872993,48.5718013056,39.7833530797
859,40.0,40.0,40.0,20.0,45.9206211416,-16.3463282011,10.0403495278,12.1338469425,15.2100956432,9.33166251253
860,40.0,70.0,40.0,20.0,39.9815485894,8.02767357547,-15.1121432257,11.9566771508,11.2398562312,14.3478152774
861,40.0,100.0,40.0,20.0,49.928613935,-6.71727887342,17.9081480203,16.4774853177,18.3589512396,9.05726258858
862,70.0,0.0,40.0,20.0,43.9170927448,22.2820340216,-7.07062354176,17.0337198231,13.7809205946,13.8689140113
863,70.0,10.0,40.0,20.0,58.6241895225,9.39368191921,35.244518545,27.9885042249,26.6234856554,8.40831562008
864,70.0,20.0,40.0,20.0,50.5946544124,-9.93452456598,-16.0902921945,16.4158502667,18.9210024041,23.1379124495
865,70.0,40.0,40.0,20.0,52.7920485733,5.87502903067,18.0946243098,21.3310957873,20.8564678394,10.4731513894
866,70.0,70.0,40.0,20.0,55.1779545588,0.553710180377,-8.46764106156,22.3986614194,23.1026895882,23.2864809279
867,70.0,100.0,40.0,20.0,45.8552820865,-11.5255729572,5.25812484246,12.8053318172,15.1619970478,10.7495535277
868,100.0,0.0,40.0,20.0,66.2898195984,20.9718556006,7.81560082643,40.8994539916,35.6996832685,24.8513334175
869,100.0,10.0,40.0,20.0,45.3470136069,-14.2019072746,0.748775922855,12.0862521951,14.7912987961,11.9470064237
870,100.0,20.0,40.0,20.0,39.5265937873,4.83425514588,-8.26023679258,11.2303486297,10.9680426699,11.6002063032
871,100.0,40.0,40.0,20.0,49.3452023915,-6.00833641897,7.69445002103,16.1578561946,17.8758686397,11.9291854956
872,100.0,70.0,40.0,20.0,44.7846047685,18.3750419111,-0.106835061464,17.0031886934,14.3882118567,11.9081234242
873,100.0,100.0,40.0,20.0,58.6463725367,9.92273771844,23.6167893659,28.1472416098,26.6472352496,11.9681489779
874,0.0,0.0,70.0,20.0,50.5594744894,11.8283740884,20.0452867243,20.5638635273,18.8910320782,8.7627401189
875,0.0,10.0,70.0,20.0,49.5273551036,-13.7785904642,-18.0323084959,14.9603835101,18.0257751164,23.1919573755
876,0.0,20.0,70.0,20.0,48.098832213,-15.0827720775,8.18044525466,13.7482097673,16.8723814154,11.0532206008
877,0.0,40.0,70.0,20.0,53.2234917961,23.2295997438,-11.0983070609,25.6611165446,21.2513507526,22.8951152098
878,0.0,70.0,70.0,20.0,58.2675156212,-4.79484621305,27.5399958757,24.1863469253,26.2435583865,10.4716162772
879,0.0,100.0,70.0,20.0,45.1651414166,3.40290204786,-22.8001764081,14.6911987092,14.6601355155,21.7603297676
880,10.0,0.0,70.0,20.0,48.3577580326,-14.3489026742,7.74424604378,14.0423894272,17.0776753051,11.341691776
881,10.0,10.0,70.0,20.0,51.07011767,21.0721404376,5.89577068914,23.0191334761,19.3291714003,13.6314466198
882,10.0,20.0,70.0,20.0,58.4169245745,-4.2656755848,24.3859833168,24.4573113983,26.4022650309,11.5745639777
883,10.0,40.0,70.0,20.0,44.7384404477,-1.69136325498,-7.73237557487,13.5763389091,14.3554543336,14.6670142722
884,10.0,70.0,70.0,20.0,45.2357832531,0.636225798733,-6.92870356589,14.2885714193,14.7109887666,14.6880813663
885,10.0,100.0,70.0,20.0,58.1746751537,6.69060978774,25.593622761,26.8279031446,26.1452615862,11.039929472
886,20.0,0.0,70.0,20.0,34.1330599264,5.71928081918,0.380731914478,8.41867808272,8.07232560949,6.57288607697
887,20.0,10.0,70.0,20.0,49.8173351262,-12.5309027462,9.08329948539,15.3815017374,18.2661455915,11.73427948
888,20.0,20.0,70.0,20.0,44.32696262,6.93627202333,-20.2151024303,14.6780868298,14.0656695942,19.7727983181
889,20.0,40.0,70.0,20.0,57.8621294866,7.12460728007,28.1474074294,26.6033662935,25.8161517759,10.0685835248
890,20.0,70.0,70.0,20.0,32.8317274511,6.71543317327,-3.10131192429,7.90427016019,7.45988781229,6.86074679552
891,20.0,100.0,70.0,20.0,48.7813425315,-11.5886003857,11.3401852964,14.7897119972,17.4171007739,10.4230380431
892,40.0,0.0,70.0,20.0,56.0984469241,20.7442709304,-1.06685006111,28.1062963681,24.0106413846,20.325762339
893,40.0,10.0,70.0,20.0,48.7538186737,7.52514090191,17.6344235355,18.1674660451,17.3949100255,8.56924278881
894,40.0,20.0,70.0,20.0,47.630060106,5.28462243852,-12.3222174505,16.8534412067,16.5049051452,18.74176566
895,40.0,40.0,70.0,20.0,43.7770358957,-7.48101918888,6.72913461937,12.0795505461,13.684507163,9.22077757425
896,40.0,70.0,70.0,20.0,44.7567757137,-3.13397756074,-17.1689203584,13.3639430758,14.36845881,18.6923999237
897,40.0,100.0,70.0,20.0,54.6050862093,17.9112104934,25.90791108,25.8138402411,22.5493483213,9.07518432018
898,70.0,0.0,70.0,20.0,50.2591950402,9.71523162381,-1.8807162438,19.868160255,18.6365062277,16.1490896146
899,70.0,10.0,70.0,20.0,45.4425757988,0.320887289676,9.34802987783,14.3820950483,14.8605291545,9.29353770187
900,70.0,20.0,70.0,20.0,44.5009036386,-2.91366207359,-10.8316256635,13.2276573734,14.1876875704,15.7448172642
901,70.0,40.0,70.0,20.0,42.9858668711,-8.19307773334,4.49919323443,11.4922199778,13.1483098865,9.47164810863
902,70.0,70.0,70.0,20.0,42.4261531021,4.57418478542,-13.4259554017,13.0050020809,12.7775594289,15.3450714949
903,70.0,100.0,70.0,20.0,64.2943310226,-7.83475370574,-3.56123805869,29.8578079596,33.1650521567,29.5312390133
904,100.0,0.0,70.0,20.0,43.7723152435,15.3427851083,4.64589866214,15.6928779887,13.6812653815,9.82956500098
905,100.0,10.0,70.0,20.0,52.559042318,-27.738583666,13.2850419632,14.8118055694,20.6452553871,11.9123211806
906,100.0,20.0,70.0,20.0,53.0358819469,41.4654284025,21.1504894997,30.0628067826,21.0790320693,9.67073647207
907,100.0,40.0,70.0,20.0,59.1888956503,-1.00085704711,21.5314409506,26.0176203056,27.2324773202,13.0302088547
908,100.0,70.0,70.0,20.0,47.4302185615,23.0828234564,2.59716473335,20.1060005328,16.3498832513,12.5518911886
909,100.0,100.0,70.0,20.0,73.6223880185,-9.47913876801,50.9835712255,41.277821059,46.1185418199,11.4476320706
910,0.0,0.0,100.0,20.0,42.1021240092,8.79171053191,0.626147612215,13.4389561398,12.5661447826,10.1751747574
911,0.0,10.0,100.0,20.0,59.2027733625,-15.3726200407,26.6127791607,22.7109946763,27.2475591047,11.2856685773
912,0.0,20.0,100.0,20.0,51.7726299272,28.3510612102,17.7804248657,25.3910408666,19.9429338543,10.0283973379
913,0.0,40.0,100.0,20.0,75.2341042533,-10.5771235127,27.9967241571,43.2299545779,48.6516607453,22.2971531514
914,0.0,70.0,100.0,20.0,44.5394561453,13.630595163,-19.4639939746,15.9694672561,14.2148269767,19.5896533574
915,0.0,100.0,100.0,20.0,60.8458915267,-14.2422990657,8.79319760265,24.5717936326,29.072875774,19.5220382795
916,10.0,0.0,100.0,20.0,53.2762223436,33.4721175803,-8.0393695683,28.2497579304,21.2999519928,21.3676498707
917,10.0,10.0,100.0,20.0,65.7315739144,19.289963447,38.30361112,39.5786987536,34.9780520029,11.143582997
918,10.0,20.0,100.0,20.0,48.4733250577,9.90266925833,-1.03082051118,18.3905579092,17.1698395909,14.5646988212
919,10.0,40.0,100.0,20.0,34.8848024443,-4.1352234091,1.75994670901,7.68779351307,8.44093023025,6.55386143541
920,10.0,70.0,100.0,20.0,58.0774607944,33.4566937133,15.9391065852,33.8628713511,26.0425972284,14.4051887916
921,10.0,100.0,100.0,20.0,65.0828830222,19.2702439893,39.8304218702,38.685731057,34.1517984802,10.3038019319
922,20.0,0.0,100.0,20.0,49.6578046097,13.5468332084,-17.9541850567,20.1193642254,18.1336447726,23.2700003906
923,20.0,10.0,100.0,20.0,35.796001709,-3.67540552928,3.41717134961,8.16766035258,8.9025565676,6.53416953235
924,20.0,20.0,100.0,20.0,58.8504331877,38.2095105923,-2.93574466682,36.2448839527,26.8663697004,23.7150746456
925,20.0,40.0,100.0,20.0,41.1827384536,0.513003103124,-1.69927262605,11.6235831353,11.9790087277,10.4038606777
926,20.0,70.0,100.0,20.0,69.8287723917,-16.1252561533,-0.680575625862,34.1720253513,40.5065014633,33.8853581295
927,20.0,100.0,100.0,20.0,44.9101554881,3.6995573073,4.21623196285,14.5591634194,14.4775527755,10.5637260751
928,40.0,0.0,100.0,20.0,59.4928947738,-27.0859455557,-14.4171973286,20.4796785122,27.5641286631,31.1687869134
929,40.0,10.0,100.0,20.0,52.9633236177,27.1459855121,19.6381043547,26.3359830314,21.0126382302,10.0878048239
930,40.0,20.0,100.0,20.0,47.7522283669,-11.5074630242,-11.2687550187,14.0794794315,16.6001549105,18.3561065416
931,40.0,40.0,100.0,20.0,39.821448926,-0.750792984735,-0.310836374947,10.6455406615,11.1436983454,9.28409264896
932,40.0,70.0,100.0,20.0,50.5407617514,-3.98827277225,-5.72021255491,17.4524029419,18.8751033065,18.0215662024
933,40.0,100.0,100.0,20.0,44.8749480269,14.7306361072,9.97606263022,16.4178503524,14.4524622154,8.83742474186
934,70.0,0.0,100.0,20.0,60.7928139684,10.395648125,8.24061187737,30.6964065581,29.0126753532,19.7411496266
935,70.0,10.0,100.0,20.0,39.8838112878,-1.72306524295,-5.49942766901,10.5521499367,11.18108849,10.8971441181
936,70.0,20.0,100.0,20.0,46.9652461541,-11.1881369952,-5.76420015989,13.592242418,15.9929562376,15.4114075008
937,70.0,40.0,100.0,20.0,41.9643716716,8.16190284082,-0.179188193039,13.249558351,12.4769785902,10.3502870878
938,70.0,70.0,100.0,20.0,53.9250165242,0.575206562271,5.24142641145,21.243109821,21.9040168732,15.8168875099
939,70.0,100.0,100.0,20.0,48.9833145437,27.5561305879,12.5636563244,22.4646169719,17.5805156862,10.152688265
940,100.0,0.0,100.0,20.0,51.222864632,-24.1136893275,4.73829354874,14.4604166101,19.4615344306,14.1677899724
941,100.0,10.0,100.0,20.0,39.8088726297,5.55504229113,-9.93681695712,11.4998130907,11.1361681818,12.3392742294
942,100.0,20.0,100.0,20.0,55.5971402431,-17.0523346792,13.5474496385,19.1190488792,23.5132715832,13.6887389299
943,100.0,40.0,100.0,20.0,43.3256243678,20.9743307646,-1.08641701371,16.3407602003,13.3768231405,11.3927214815
944,100.0,70.0,100.0,20.0,67.5548838899,-2.48098641865,32.5086774359,35.2976241651,37.3715880069,14.3167645613
945,100.0,100.0,100.0,20.0,38.7889570863,3.9464477397,-13.0805762013,10.6784412829,10.5367125748,12.8286559276
946,0.0,0.0,0.0,40.0,50.1821005319,-23.0264218289,14.2960701926,13.9124379331,18.571529531,10.2554386033
947,0.0,20.0,0.0,40.0,41.2493832379,13.3414311349,-8.67211981769,13.575361027,12.020941098,12.7692204303
948,0.0,40.0,0.0,40.0,58.8252966184,-11.220634454,30.0055797942,23.2726993248,26.8393116767,10.0085544339
949,0.0,70.0,0.0,40.0,46.6292693125,33.3900136903,2.95706228417,21.5330429435,15.7383089678,11.9478593974
950,0.0,100.0,0.0,40.0,56.1946663067,-21.9428609434,0.850208891151,18.6672341403,24.1069003376,19.4859052329
951,20.0,0.0,0.0,40.0,33.9164621413,5.00080281947,1.72455003296,8.23196331522,7.96814856743,6.18719485836
952,20.0,20.0,0.0,40.0,66.0066068308,-6.53151523391,16.6245343522,32.2168444844,35.3323529389,20.0313178793
953,20.0,40.0,0.0,40.0,43.0508543549,2.66497157049,-0.982988183989,13.1245771473,13.1918161051,11.2029535911
954,20.0,70.0,0.0,40.0,58.0143065416,-15.020663563,-24.2706100036,21.6744906145,25.9760466621,36.1354537715
955,20.0,100.0,0.0,40.0,34.3762649142,5.40552896293,2.2179282025,8.50259316901,8.19037760487,6.25331918318
956,40.0,0.0,0.0,40.0,68.1261915345,-2.28454741186,-11.0261943783,36.0907157567,38.1434277067,39.2092560343
957,40.0,20.0,0.0,40.0,42.2688384472,3.6281060253,0.618025868582,12.7594352439,12.6746248779,10.2660733664
958,40.0,40.0,0.0,40.0,47.0128373805,33.4892898464,-1.16473838566,21.9084287742,16.0292476781,13.6557564931
959,40.0,70.0,0.0,40.0,58.951995378,-11.0521883124,32.190026057,23.4333275752,26.9758805451,9.42407037951
960,40.0,100.0,0.0,40.0,41.7700465503,13.6197601701,-12.8841845661,13.9741747701,12.3519118827,14.6802781856
961,70.0,0.0,0.0,40.0,49.8091991025,-22.8378653307,15.427677089,13.6878502364,18.2593725086,9.71811146517
962,70.0,20.0,0.0,40.0,39.3601175582,3.85601961436,-17.0348401317,10.9979823298,10.8696871227,14.6785577631
963,70.0,40.0,0.0,40.0,65.872598494,-2.43364712124,41.1502181946,33.207483456,35.1594243059,10.3167269386
964,70.0,70.0,0.0,40.0,43.7961318707,20.494021567,-4.90490996008,16.6165181472,13.6976260385,12.993036701
965,70.0,100.0,0.0,40.0,54.0161194207,-17.0507921289,20.4689159364,17.809781026,21.9897424335,10.3908979406
966,100.0,0.0,0.0,40.0,39.3188406376,5.10221677317,-12.0720839457,11.143984782,10.8453916848,12.7947248528
967,100.0,20.0,0.0,40.0,47.922938359,-24.1702678105,11.2695548303,12.2514315512,16.7338635175,9.99002207857
968,100.0,40.0,0.0,40.0,46.3240161137,30.8569708554,5.59207225559,20.7237722528,15.5093046121,10.9010930522
969,100.0,70.0,0.0,40.0,59.3387506223,-10.8029236059,20.1243006132,23.8677461239,27.3956288453,13.6417839364
970,100.0,100.0,0.0,40.0,40.4515196061,11.4253145654,-6.09997020389,12.7540181309,11.5253187053,11.4119751962
971,0.0,0.0,20.0,40.0,50.621584637,-22.5797173189,5.1425505384,14.2883637241,18.9439660909,13.6239532199
972,0.0,20.0,20.0,40.0,39.0362074762,2.23759635273,-10.3595392164,10.5928651307,10.680006817,12.0248534364
973,0.0,40.0,20.0,40.0,60.8721088899,9.35071650361,14.8395108021,30.5071306524,29.1026421363,16.816398953
974,0.0,70.0,20.0,40.0,45.209918155,16.0777442221,4.20333128841,16.9189029088,14.6923555205,10.7311469381
975,0.0,100.0,20.0,40.0,51.1557423744,-6.14172628966,-0.472216138228,17.5446307546,19.4032953974,16.2064288935
976,20.0,0.0,20.0,40.0,40.7467802819,-0.603865304015,-4.16750141537,11.2057101707,11.7071102578,10.9472770685
977,20.0,20.0,20.0,40.0,46.7585403277,-14.6230727953,-6.20735059401,12.9255591498,15.8359650373,15.4465212295
978,20.0,40.0,20.0,40.0,48.7665428264,27.0429469233,18.6131496576,22.1490141018,17.4051663621,8.31025613529
979,20.0,70.0,20.0,40.0,53.7985011721,0.870953873736,0.339657312747,21.1904822734,21.7853390247,17.8234116871
980,20.0,100.0,20.0,40.0,41.5149281452,7.36160950552,5.04752135583,12.8322713835,12.1889915782,8.5982774076
981,40.0,0.0,20.0,40.0,47.1442796632,-10.6047154255,-9.92589016678,13.8057035501,16.1297661916,17.2908846586
982,40.0,20.0,20.0,40.0,39.6328482131,-3.72667885596,-1.29533563099,10.1489953124,11.0311278246,9.47558410415
983,40.0,40.0,20.0,40.0,36.1111708871,13.2060485376,8.14304381664,10.3767813767,9.06605870021,5.62530184003
984,40.0,70.0,20.0,40.0,60.7660676196,-27.2030887413,5.34727031224,21.6058225076,28.9823712326,21.1306300247
985,40.0,100.0,20.0,40.0,45.4980597315,0.546016363566,2.10085363897,14.4577748491,14.9008236265,11.5783150487
986,70.0,0.0,20.0,40.0,40.1301757464,-0.0374564852952,12.8154675948,10.9200275441,11.3296172525,6.10445836292
987,70.0,20.0,20.0,40.0,35.2893678424,12.3916175461,8.06031121637,9.81688733902,8.64386690513,5.35420485683
988,70.0,40.0,20.0,40.0,63.4846364136,-20.6184443769,-22.5246251482,25.7524316138,32.1718183769,41.903383658
989,70.0,70.0,20.0,40.0,44.5937486223,1.9747711403,4.02413268061,14.0583292044,14.2531053431,10.4529994926
990,70.0,100.0,20.0,40.0,40.0189577631,1.15180069397,4.07338392622,11.0164450833,11.2624040949,8.16581460335
991,100.0,0.0,20.0,40.0,52.4384359517,42.7257527221,20.1651273906,29.7143841331,20.5364919842,9.65748766645
992,100.0,20.0,20.0,40.0,43.5071109735,-2.74552604633,-15.0999346127,12.6043848595,13.4999646292,16.8163105846
993,100.0,40.0,20.0,40.0,62.2056072474,21.8487300414,33.6259487023,35.6757038856,30.6435947282,10.6931608263
994,100.0,70.0,20.0,40.0,52.3316257952,-18.9851321876,-10.3937221666,16.1395252392,20.4404895994,21.7346632799
995,100.0,100.0,20.0,40.0,78.6323006599,-2.97634043041,53.5239934318,51.2168354171,54.2930485729,13.5915321327
996,0.0,0.0,40.0,40.0,42.0464697364,3.07887383124,-17.633773978,12.5342586482,12.5300691668,16.8229519504
997,0.0,20.0,40.0,40.0,56.1313076761,-30.7645824957,18.2122038854,16.9611204111,24.0434867826,12.3368713246
998,0.0,40.0,40.0,40.0,45.4100255712,17.1357960408,-12.7481985907,17.2695571938,14.836923826,17.2177238917
999,0.0,70.0,40.0,40.0,68.8869118971,-15.484276275,42.5249194858,33.1910279577,39.1875611891,11.5454399587
1000,0.0,100.0,40.0,40.0,55.0764046558,42.3663628637,2.65076794414,32.7166474091,23.003948468,17.7754089705
1001,20.0,0.0,40.0,40.0,36.5138439077,15.2524289938,8.52498192272,10.8797536639,9.27785240016,5.69005957813
1002,20.0,20.0,40.0,40.0,33.2500355242,0.629415539985,-7.58010126823,7.44583106413,7.65324606017,8.16129510143
1003,20.0,40.0,40.0,40.0,41.4113310188,9.62634820081,14.8029451992,13.1084276022,12.123244923,6.15287960341
1004,20.0,70.0,40.0,40.0,35.983374567,-5.0961164251,-7.43283583822,8.09943964574,8.99952191576,9.43042084002
1005,20.0,100.0,40.0,40.0,46.389214819,-1.07236556228,23.3972820827,14.823778965,15.5580295583,6.15029726565
1006,40.0,0.0,40.0,40.0,42.9831770472,-9.491380195,-2.64144339347,11.3096566445,13.1465112341,11.7146351434
1007,40.0,20.0,40.0,40.0,43.4717971204,-6.05942661872,-7.66191194222,12.0948979612,13.475944664,13.8025018546
1008,40.0,40.0,40.0,40.0,45.6916843668,-0.759049269294,2.90012179176,14.3810874018,15.0420114919,11.4234565943
1009,40.0,70.0,40.0,40.0,49.4946240562,7.80638191241,2.529958523,18.8361386383,17.9987768724,13.8748900664
1010,40.0,100.0,40.0,40.0,53.6352755112,16.7288146521,18.8361370962,24.5464249359,21.6328593659,10.6974014841
1011,70.0,0.0,40.0,40.0,44.3319012372,-0.415053782142,-19.104659455,13.5019396756,14.0691243005,19.2512815457
1012,70.0,20.0,40.0,40.0,65.5296203962,-20.6428174401,35.847047528,27.9196455467,34.7194065314,11.8446884815
1013,70.0,40.0,40.0,40.0,46.4768133635,13.789784902,-12.3029572014,17.5007715869,15.6236550926,17.8318855819
1014,70.0,70.0,40.0,40.0,54.5654652388,-32.9730308992,15.6819913281,15.385577694,22.511408032,12.2778628969
1015,70.0,100.0,40.0,40.0,56.1783430314,41.6110258115,3.66124436867,33.8537947669,24.0905522626,18.1739417057
1016,100.0,0.0,40.0,40.0,47.3134400883,-12.1375872076,-7.1872057531,13.6788303774,16.2597463362,16.2442346236
1017,100.0,20.0,40.0,40.0,35.4618601528,-1.20090237811,4.25814434165,8.28361391847,8.73137162618,6.21604539411
1018,100.0,40.0,40.0,40.0,53.3800532981,5.06242054864,3.41104808304,21.6975676519,21.3958684843,16.1862609613
1019,100.0,70.0,40.0,40.0,50.0896453093,-21.8947357123,8.38557785012,14.0294533596,18.493805917,12.1322938215
1020,100.0,100.0,40.0,40.0,48.8778103127,-5.1632208483,-25.4946955008,15.9530692859,17.4950256328,26.7259633328
1021,0.0,0.0,70.0,40.0,34.8161186958,-0.846178154752,4.98469072655,8.01304653129,8.4067959206,5.81863820612
1022,0.0,20.0,70.0,40.0,55.7732431687,8.19256690182,-17.3130413016,24.7045850221,23.687200975,28.9488139171
1023,0.0,40.0,70.0,40.0,50.8136363478,-22.201008259,10.8060528867,14.4847249642,19.1082695603,11.7325959881
1024,0.0,70.0,70.0,40.0,71.7793136548,-13.1392447163,11.9122840692,37.5805718595,43.3313854049,27.9576339627
1025,0.0,100.0,70.0,40.0,50.5922268056,-19.4464757802,8.4641620586,14.7810369,18.9189332705,12.4059999761
1026,20.0,0.0,70.0,40.0,56.3592470593,11.0517153511,2.22939430705,25.9828022931,24.272144541,18.972488283
1027,20.0,20.0,70.0,40.0,42.5055422337,-2.35002861751,-3.01260547461,12.028983414,12.8297164653,11.5629300436
1028,20.0,40.0,70.0,40.0,48.4125102272,27.6391185789,-1.94586006668,21.9478538659,17.1212987596,14.8825174446
1029,20.0,70.0,70.0,40.0,54.723656097,36.5753102563,24.6626302509,30.7016665018,22.6631432202,9.4933354712
1030,20.0,100.0,70.0,40.0,63.8926554088,1.28919397821,-1.9155194963,31.858498184,32.6698093978,28.0962860289
1031,40.0,0.0,70.0,40.0,45.9436702251,9.30878802837,6.30903663412,16.2733737022,15.2270872014,10.4662879728
1032,40.0,20.0,70.0,40.0,52.2076145557,-13.8120560458,-15.7344381241,16.968396899,20.3294025509,24.447785937
1033,40.0,40.0,70.0,40.0,41.1412681135,-4.60921306391,-1.94344479109,10.8911259921,11.9529652017,10.4576908362
1034,40.0,70.0,70.0,40.0,42.5475611638,-2.92450665072,-0.408933213316,11.9722530407,12.8573793948,10.7381360194
1035,40.0,100.0,70.0,40.0,37.7865922398,-8.31652552177,3.90751361259,8.61514111208,9.9689202317,7.22883865111
1036,70.0,0.0,70.0,40.0,37.3413120537,5.90981736843,-2.66197071747,10.1179680508,9.72337676374,8.73981223775
1037,70.0,20.0,70.0,40.0,34.028194078,-2.24422145745,-0.0849729867713,7.49635514692,8.02177562394,6.6383844342
1038,70.0,40.0,70.0,40.0,35.7165428069,11.1707232892,-2.7464998196,9.89535303488,8.86164784579,8.00846312224
1039,70.0,70.0,70.0,40.0,48.8825287668,28.5451420319,6.70225369197,22.5863220407,17.4988430619,11.9956140146
1040,70.0,100.0,70.0,40.0,52.1831937787,-0.715402983496,12.5972639406,19.439849115,20.3075743982,11.9258701269
1041,100.0,0.0,70.0,40.0,42.0162327052,7.98445978168,-5.24202042339,13.2566611351,12.5104982212,12.0318660577
1042,100.0,20.0,70.0,40.0,45.610650635,-13.4427692134,0.0684202910445,12.3630056013,14.9828150232,12.3385169619
1043,100.0,40.0,70.0,40.0,39.3996242053,-3.50611220396,-10.9644233611,10.0481239911,10.8929745416,12.451899068
1044,100.0,70.0,70.0,40.0,57.8348162569,8.55303044539,31.8280510873,26.926038258,25.7875229599,8.97564345447
1045,100.0,100.0,70.0,40.0,44.1708908627,17.2303980123,-3.88909534602,16.322953006,13.9567839864,12.8600714737
1046,0.0,0.0,100.0,40.0,48.2443813528,-8.01503628492,13.0926939458,14.9994230426,16.987578886,9.61056715287
1047,0.0,20.0,100.0,40.0,39.6353368048,1.40816084512,-12.8344025057,10.8272118525,11.0326082379,13.2676936925
1048,0.0,40.0,100.0,40.0,44.4267978772,-17.58948795,5.26072064538,11.0516309157,14.1356171695,9.98426975121
1049,0.0,70.0,100.0,40.0,64.0813110181,5.1362359354,34.5603746857,33.1645269022,32.9017922296,11.4386998037
1050,0.0,100.0,100.0,40.0,49.469352984,-5.7389248906,-4.76317107659,16.299748957,17.9779504496,16.7918751832
1051,20.0,0.0,100.0,40.0,51.5491988723,-15.6620143674,11.1067653288,16.1308442366,19.7463413553,12.061846398
1052,20.0,20.0,100.0,40.0,34.1299515079,9.22595784584,6.0981954306,8.82273160206,8.07082416848,5.34683784995
1053,20.0,40.0,100.0,40.0,63.8726682864,4.48366149997,38.0459709727,32.7257188249,32.6452960506,10.2106623046
1054,20.0,70.0,100.0,40.0,50.1981399146,-0.485829755609,-23.0185611198,17.830082857,18.5850353611,26.6095583024
1055,20.0,100.0,100.0,40.0,52.8688530068,-15.7301104149,14.067425831,17.1383100504,20.926402883,11.8279720631
1056,40.0,0.0,100.0,40.0,32.3212896862,9.49269096187,1.96728780163,7.96744292819,7.22839011528,5.55157367607
1057,40.0,20.0,100.0,40.0,45.03200847,14.8987822166,3.47840105874,16.5685156437,14.5646153283,10.8645571647
1058,40.0,40.0,100.0,40.0,46.3427166966,14.2111502815,-8.34693725277,17.4717370531,15.5232696976,16.0299237365
1059,40.0,70.0,100.0,40.0,50.8517438825,0.233135552211,11.9773885814,18.5024042705,19.1409837402,11.3637372131
1060,40.0,100.0,100.0,40.0,57.0833816777,-5.92314820731,-2.48615048294,22.7803865656,25.0081713362,21.8799888694
1061,70.0,0.0,100.0,40.0,63.4145549144,-22.68272342,26.8701749884,25.188814303,32.0867958355,13.7469572885
1062,70.0,20.0,100.0,40.0,46.5731395262,-7.11471068816,-18.5215645277,13.9691497038,15.6960317808,20.8317164555
1063,70.0,40.0,100.0,40.0,46.4189073834,-10.2174219369,4.00905408164,13.3764845731,15.5802534806,11.4715188233
1064,70.0,70.0,100.0,40.0,51.2403666757,5.1446678926,-10.9873956916,19.7993388553,19.476739316,21.0862614866
1065,70.0,100.0,100.0,40.0,54.6540492514,10.1070267642,21.2973515693,24.0317187673,22.5962932619,10.4755331335
1066,100.0,0.0,100.0,40.0,63.6973052792,27.099546583,5.47584538936,39.2731058825,32.4307464053,23.6854868058
1067,100.0,20.0,100.0,40.0,34.5538810685,5.18542390243,1.67404192414,8.56526897589,8.27731607818,6.44364758704
1068,100.0,40.0,100.0,40.0,34.4469531584,6.63664729042,-4.79043845292,8.6798432667,8.22490435259,7.97061856528
1069,100.0,70.0,100.0,40.0,36.1839613062,0.334565981868,4.22248090666,8.81827977415,9.10410300598,6.50308417429
1070,100.0,100.0,100.0,40.0,36.8369329208,-0.657369693796,-4.4873608389,9.03405935624,9.45015281841,9.00731515232
1071,0.0,0.0,0.0,60.0,41.4462374861,-9.56725937469,11.9015522627,10.4059553586,12.1453714088,6.82537915441
1072,0.0,20.0,0.0,60.0,47.6418196151,-16.3989841311,0.947462108914,13.2358319731,16.5140576803,13.2758992352
1073,0.0,40.0,0.0,60.0,54.9280995817,7.96515213554,-8.28594979433,23.8122845335,22.8602514672,22.9618500082
1074,0.0,70.0,0.0,60.0,53.0334937701,-15.6074584018,13.4833816849,17.2909859664,21.0768445672,12.124640018
1075,0.0,100.0,0.0,60.0,47.7363103123,-7.10188619788,-18.0147254203,14.7867721075,16.5877235238,21.5814554058
1076,20.0,0.0,0.0,60.0,64.7998707318,5.17033351112,36.6220010198,34.0618385975,33.7954341716,11.1681089815
1077,20.0,20.0,0.0,60.0,49.6755059102,-21.5776732464,-11.1088368087,13.7958096174,18.1483151829,19.8279341958
1078,20.0,40.0,0.0,60.0,38.1577635567,0.984452547972,-2.9197803282,9.93805411394,10.1767287246,9.209443995
1079,20.0,70.0,0.0,60.0,55.3672821402,-15.3241921493,-2.89702027367,19.2644781218,23.2875342262,20.6040253061
1080,20.0,100.0,0.0,60.0,42.4790402038,19.0004258595,6.19616345597,15.3646178818,12.8122894224,8.73981717231
1081,40.0,0.0,0.0,60.0,68.1419268649,-1.22068918571,13.6466947483,36.431835109,38.1648352504,23.4130966515
1082,40.0,20.0,0.0,60.0,57.3396850327,-31.8529630337,-0.194013727969,17.7205278031,25.2722060489,20.9483439857
1083,40.0,40.0,0.0,60.0,47.7164138195,13.6485603595,8.3164348927,18.4833694985,16.5721938593,10.7975060371
1084,40.0,70.0,0.0,60.0,66.6110767479,-19.8604296175,15.136390483,29.3209342717,36.1194293779,21.2749435412
1085,40.0,100.0,0.0,60.0,42.1031073159,-3.48651172684,-3.07560480679,11.6190083355,12.5667827929,11.3535533306
1086,70.0,0.0,0.0,60.0,59.37196904,-24.3280309599,-25.5034330814,20.9437946507,27.4318827284,38.7466338065
1087,70.0,20.0,0.0,60.0,48.2606359604,13.3274264581,10.1780704575,18.875537466,17.0004763391,10.5056237525
1088,70.0,40.0,0.0,60.0,69.5921337018,-14.7463874241,-13.9179655992,34.2761095182,40.1723826759,43.4371024317
1089,70.0,70.0,0.0,60.0,42.7572249961,-4.6557934371,-1.22206128885,11.8534853894,12.9960047724,11.1158242506
1090,70.0,100.0,0.0,60.0,59.6868539383,-27.1131941697,-6.45412602305,20.6467024109,27.7771313476,26.4906601843
1091,100.0,0.0,0.0,60.0,61.5986637225,0.592327052498,26.6929253209,29.0204553264,29.9356546618,12.6695612179
1092,100.0,20.0,0.0,60.0,47.9588502601,-5.65317699214,-13.1948525442,15.1895043051,16.7620826141,19.4128808954
1093,100.0,40.0,0.0,60.0,49.3838918221,22.561717952,12.3372478421,21.7563669005,17.9076391472,10.4360729867
1094,100.0,70.0,0.0,60.0,41.7724724846,8.56784816436,-13.427967929,13.184773325,12.3534680275,14.8958628928
1095,100.0,100.0,0.0,60.0,68.3973458918,13.9534899448,42.7689318868,41.5778872558,38.5134478709,11.1862636525
1096,0.0,0.0,20.0,60.0,50.1493190187,25.7184486616,-6.06000206599,23.1702716711,18.5439464837,17.8715620115
1097,0.0,20.0,20.0,60.0,55.0434438327,-8.54992275163,18.9287210648,20.3476081627,22.9719598982,11.4549932055
1098,0.0,40.0,20.0,60.0,44.2721006816,5.05098348251,-17.1071284692,14.3308907297,14.0273301032,18.2826599448
1099,0.0,70.0,20.0,60.0,49.4096722476,-20.7067275034,7.10748534531,13.7523499002,17.9288300827,12.1687834499
1100,0.0,100.0,20.0,60.0,39.1512469109,-8.1786522847,-6.40610105054,9.33013763457,10.7471185559,10.7831589274
1101,20.0,0.0,20.0,60.0,40.742020984,0.552228769353,12.1328447359,11.3628977723,11.7041649126,6.49134239477
1102,20.0,20.0,20.0,60.0,34.0158699898,0.0636906363816,-7.20879048885,7.73650105725,8.01584876291,8.4151144383
1103,20.0,40.0,20.0,60.0,36.9592275788,9.20233738397,5.62109307551,10.3312574149,9.51592387056,6.48900076028
1104,20.0,70.0,20.0,60.0,33.6242070832,3.57466167086,-8.20738722942,7.93434146713,7.82900866565,8.50276669548
1105,20.0,100.0,20.0,60.0,63.1007354772,26.4651558618,-1.05651891383,38.2627812722,31.7079085571,26.7750903792
1106,40.0,0.0,20.0,60.0,52.9264225533,7.13731542498,-16.2111499502,21.7231747746,20.9789257935,25.4039325307
1107,40.0,20.0,20.0,60.0,77.7705958967,-2.68865905334,37.0525422243,49.9275721785,52.8233645648,19.9614305486
1108,40.0,40.0,20.0,60.0,52.1967945957,6.34635867282,-17.3855578456,20.8909304926,20.3197293598,25.3568004266
1109,40.0,70.0,20.0,60.0,58.6922936022,1.44312401875,5.46858806574,26.0909987502,26.6964441659,19.3386830661
1110,40.0,100.0,20.0,60.0,63.1675819401,-22.1129790671,14.679814363,25.0720136247,31.788363684,18.64370421
1111,70.0,0.0,20.0,60.0,64.9941583476,-16.1517772425,-14.7794769192,28.4760802006,34.039809638,37.9811655641
1112,70.0,20.0,20.0,60.0,47.0333035574,-8.11734029643,-7.77934133811,14.1262651419,16.0448713508,16.2899916657
1113,70.0,40.0,20.0,60.0,77.9027782214,-3.21581588839,39.8780025884,49.9434642999,53.0470646128,18.7390572736
1114,70.0,70.0,20.0,60.0,76.7883274048,-5.15662874088,37.0776064575,47.468852149,51.1806822725,19.1469109995
1115,70.0,100.0,20.0,60.0,51.5105686163,36.1955059007,-7.85479043825,27.0207642424,19.7124829197,19.7848411956
1116,100.0,0.0,20.0,60.0,54.7665177612,-19.1916509956,16.8636311325,18.0157771871,22.7043727992,11.9899451077
1117,100.0,20.0,20.0,60.0,31.9818410051,1.84033932268,-5.89379625573,7.00824370882,7.0771231719,7.17844792612
1118,100.0,40.0,20.0,60.0,68.1633393301,-0.989548136295,41.3191224788,36.5297207845,38.1939792652,11.5315212521
1119,100.0,70.0,20.0,60.0,51.106103404,33.0412759088,5.38019168867,25.8254357247,19.3603006594,13.8478268264
1120,100.0,100.0,20.0,60.0,55.3506302881,-19.6072773054,14.6566621917,18.4161826806,23.2712372583,13.1233901917
1121,0.0,0.0,40.0,60.0,32.3525634403,2.37047521388,-1.55719174863,7.22486608689,7.2424339395,6.31692099101
1122,0.0,20.0,40.0,60.0,67.9920281208,-0.725219817681,37.3404461853,36.386302939,37.9612265824,12.8033002984
1123,0.0,40.0,40.0,60.0,41.5669976902,-1.92255180589,-5.35029483039,11.5139111698,12.2221264543,11.8048547955
1124,0.0,70.0,40.0,60.0,55.5731005483,40.0304728278,7.95550250703,32.6618068309,23.4895948511,15.8693869665
1125,0.0,100.0,40.0,60.0,46.7480928844,-11.8655999119,1.24724146308,13.3409688082,15.8280576924,12.6133053228
1126,20.0,0.0,40.0,60.0,69.919370915,15.2158585762,15.9884549323,44.2149641322,40.6349096037,23.8015185573
1127,20.0,20.0,40.0,60.0,56.9223665963,-33.25151599,13.7963246541,17.1292832012,24.8432435093,14.4637389816
1128,20.0,40.0,40.0,60.0,60.7201678765,-27.0451626709,-14.5102168358,21.5973037473,28.930415146,32.6194173787
1129,20.0,70.0,40.0,60.0,41.2894657318,3.65775711608,-2.18425460854,12.1399802385,12.0462077488,10.6134521588
1130,20.0,100.0,40.0,60.0,66.5245640834,-18.6834758125,-3.76521196911,29.5317955308,36.0060722965,32.1302628618
1131,40.0,0.0,40.0,60.0,46.776475594,26.0315166202,10.6086783314,20.1326295925,15.8495458229,9.59674250702
1132,40.0,20.0,40.0,60.0,80.4731792616,-1.97914371331,15.1840093149,54.681470372,57.5235665265,35.6151977921
1133,40.0,40.0,40.0,60.0,34.6487391581,-0.184950616358,-1.29989667623,8.00641181196,8.32399763277,7.17946876043
1134,40.0,70.0,40.0,60.0,37.8823508511,17.8326829098,0.802313749824,12.0658784173,10.0222593889,8.05700696694
1135,40.0,100.0,40.0,60.0,36.5280940655,-4.26821940916,2.01358881802,8.45698532988,9.28540736456,7.16168935365
1136,70.0,0.0,40.0,60.0,44.3176983075,7.65900975548,2.35230692413,14.7909991953,14.059190464,10.8308049715
1137,70.0,20.0,40.0,60.0,40.4574678792,-14.5433352257,8.09025177073,9.24086856536,11.5289623433,7.33241038664
1138,70.0,40.0,40.0,60.0,62.2314163026,25.0580360105,-1.19997392911,36.6749935677,30.6739433164,25.9907284307
1139,70.0,70.0,40.0,60.0,52.0909013003,7.25343878736,-14.6471326108,20.9851218777,20.2252212351,23.745824664
1140,70.0,100.0,40.0,60.0,76.187702888,-2.37407111863,35.210705544,47.538741471,50.1932148253,19.5380884823
1141,100.0,0.0,40.0,60.0,50.8082671062,3.24188038034,2.68662688597,19.0507714758,19.103663225,14.685105114
1142,100.0,20.0,40.0,60.0,58.4668006174,0.493768413761,4.86055235588,25.6287283662,26.4553869498,19.4420225799
1143,100.0,40.0,40.0,60.0,62.4792365848,-18.665311212,14.3170468028,25.1854732198,30.9663730609,18.2679070692
1144,100.0,70.0,40.0,60.0,63.0263404852,-14.6824322866,-11.6464078374,26.714469232,31.618527907,33.3666234427
1145,100.0,100.0,40.0,60.0,47.8306681617,-8.43064737165,-5.57034873699,14.6344630127,16.6615040838,15.942420404
1146,0.0,0.0,70.0,60.0,39.2518279492,-1.48473135914,-1.04521427046,10.2265273543,10.8060254153,9.21281616525
1147,0.0,20.0,70.0,60.0,79.9127088232,-1.04579466383,7.99796023596,54.0959465086,56.5268132769,40.1952513954
1148,0.0,40.0,70.0,60.0,34.5395448341,-0.856966071527,-0.149375635572,7.88124349527,8.27027615009,6.85899661121
1149,0.0,70.0,70.0,60.0,47.3564966163,7.61566848878,-21.3883495115,17.0626343752,16.2929413937,22.9871352878
1150,0.0,100.0,70.0,60.0,49.9247818073,12.0787114926,11.409914344,20.0548411082,18.355750061,11.0269042151
1151,20.0,0.0,70.0,60.0,55.0379825404,29.5145470453,-8.29774932136,29.18795743,22.9666625645,23.068185162
1152,20.0,20.0,70.0,60.0,32.7571849446,0.767908572798,-0.774075164524,7.23942503186,7.42577697905,6.29786231635
1153,20.0,40.0,70.0,60.0,46.2233196525,3.65514589889,-5.57937578767,15.5000064365,15.4342511929,14.8268966042
1154,20.0,70.0,70.0,60.0,48.4132091234,13.9020859126,10.5331597135,19.1169243475,17.1218560802,10.4768220992
1155,20.0,100.0,70.0,60.0,54.0705690949,25.7162126234,8.70352435734,27.1585484078,22.0410848542,14.5320382487
1156,40.0,0.0,70.0,60.0,79.8912911471,-2.94145339433,31.9950904427,53.3173478327,56.4889537691,24.4483075835
1157,40.0,20.0,70.0,60.0,48.298755621,27.7608692429,6.06310843933,21.8684553014,17.0307485368,11.870343165
1158,40.0,40.0,70.0,60.0,66.7820069101,-20.8857147252,10.076340511,29.245516773,36.3440971838,24.0742705987
1159,40.0,70.0,70.0,60.0,43.3524305058,4.29009387419,-4.85581484099,13.577478289,13.3949641893,12.7014282999
1160,40.0,100.0,70.0,60.0,59.7377931028,-30.556079259,-1.08556359714,19.9864091577,27.8332532352,23.5428696288
1161,70.0,0.0,70.0,60.0,41.8744208887,-13.8923111511,3.02273653069,10.0841718722,12.4189822786,9.34365233113
1162,70.0,20.0,70.0,60.0,44.733029937,7.1663996291,12.8357292876,15.0071723846,14.3516183731,7.99890997144
1163,70.0,40.0,70.0,60.0,37.8379547857,-1.79557697364,-1.0184548693,9.41849653897,9.99750643936,8.5234994185
1164,70.0,70.0,70.0,60.0,39.339505638,17.5362654972,7.13421292917,12.9529675105,10.8575504948,7.09556888439
1165,70.0,100.0,70.0,60.0,36.3425832392,2.40914303187,-3.37196585226,9.14619212905,9.18737597599,8.46241466522
1166,100.0,0.0,70.0,60.0,80.7256762174,-3.26940551515,48.1185428256,54.6014746348,57.9764148748,17.2274406266
1167,100.0,20.0,70.0,60.0,49.0517200724,28.607909856,0.912560868601,22.7608967794,17.636093223,14.1993114002
1168,100.0,40.0,70.0,60.0,65.7211489871,-22.2669437798,23.8914929075,27.7179205112,34.9646692749,16.5217101709
1169,100.0,70.0,70.0,60.0,44.4424311575,6.43571269118,-9.62445224788,14.6776167272,14.1465912696,15.2143234156
1170,100.0,100.0,70.0,60.0,58.0545683242,-32.6624521876,10.8307506593,18.1488087935,26.0184605279,16.4550815458
1171,0.0,0.0,100.0,60.0,60.0003352463,35.7067218539,-2.45603871164,36.9893093949,28.1237064592,24.5344288866
1172,0.0,20.0,100.0,60.0,62.9346240143,30.5495334666,-2.34078186929,39.3248081275,31.5085680329,27.3625376824
1173,0.0,40.0,100.0,60.0,80.5038149921,-3.1796758965,48.3619723099,54.2590351737,57.5783849593,16.9562214265
1174,0.0,70.0,100.0,60.0,80.2543557358,-3.59324258344,39.5574394105,53.6740500363,57.1330233744,20.8277904281
1175,0.0,100.0,100.0,60.0,54.1375947856,0.539049471111,4.14889714149,21.4293948599,22.1043952794,16.4248727981
1176,20.0,0.0,100.0,60.0,60.9652584296,0.282435449651,4.02213570892,28.2376919872,29.2085654943,21.9744295317
1177,20.0,20.0,100.0,60.0,63.7621709827,-19.1572195655,-18.8866749218,26.3953443124,32.5099971073,39.4632704096
1178,20.0,40.0,100.0,60.0,67.7132106577,-17.4702499408,-16.0510492872,31.2290663848,37.584435231,42.5503889815
1179,20.0,70.0,100.0,60.0,78.2265357206,2.17795969952,6.08803062358,52.5199045087,53.5976447056,39.4359169659
1180,20.0,100.0,100.0,60.0,63.8640944047,-19.6012374085,15.3216019875,26.3941996946,32.6347843123,18.9015898416
1181,40.0,0.0,100.0,60.0,61.0988272832,19.5387821624,-8.29897598289,33.6058407851,29.3608989959,29.052355089
1182,40.0,20.0,100.0,60.0,45.8534166153,3.58845223704,3.97416893259,15.2176162678,15.1606252936,11.1620844244
1183,40.0,40.0,100.0,60.0,52.3769593558,0.156163546445,-21.6407747727,19.781342504,20.4811993761,28.0182667018
1184,40.0,70.0,100.0,60.0,54.1000398924,24.4356623024,20.7004662523,26.8727969567,22.0689071595,10.3639119086
1185,40.0,100.0,100.0,60.0,59.9231198196,16.0389101966,12.2315032923,31.2102931165,28.0380734775,17.2363991452
1186,70.0,0.0,100.0,60.0,46.3601822586,3.83841952085,2.55187152007,15.6326343467,15.5363200718,11.9278191133
1187,70.0,20.0,100.0,60.0,50.0712400121,-4.40196168691,-2.57976394925,17.0050476076,18.4783592063,16.3060456089
1188,70.0,40.0,100.0,60.0,52.7416375868,26.722237804,17.453177224,26.0014833389,20.8106504143,10.6474521559
1189,70.0,70.0,100.0,60.0,51.2569989519,-21.8454427826,0.37359559689,14.8584654916,19.4911959286,15.927336355
1190,70.0,100.0,100.0,60.0,43.2597480644,3.98555919636,-10.7402725866,13.4675318073,13.3323109665,14.8471204156
1191,100.0,0.0,100.0,60.0,55.5810849923,-7.36625654917,12.7171876177,21.0740444375,23.4974569784,13.9908451662
1192,100.0,20.0,100.0,60.0,48.8522318895,25.2279598095,2.41409433032,21.8367909495,17.474341268,13.5043026557
1193,100.0,40.0,100.0,60.0,68.2831838765,13.6796344923,33.8195786982,41.3254774672,38.3573708736,14.2955171291
1194,100.0,70.0,100.0,60.0,35.054986465,2.45411543382,-4.09321291151,8.49962608077,8.52590577142,8.06245674317
1195,100.0,100.0,100.0,60.0,37.7559306005,11.1418108261,2.58432713892,11.0485679298,9.95188127031,7.54343206834
1196,0.0,0.0,0.0,80.0,36.5619514673,-2.27331635058,-2.12388289888,8.70385129827,9.30337389009,8.22871081217
1197,0.0,40.0,0.0,80.0,41.8114155818,1.52264594871,7.32453790726,12.1566536813,12.3784664382,8.12333171274
1198,0.0,70.0,0.0,80.0,41.1511083979,-12.7712852165,2.76674539114,9.82991383865,11.9591415171,9.05946813169
1199,0.0,100.0,0.0,80.0,50.0287774916,-17.1774842687,-7.77548968343,14.7545933203,18.4427552032,18.5530296467
1200,40.0,0.0,0.0,80.0,42.1661217242,4.20202402716,-3.65095395457,12.7791524476,12.6077142105,11.5806837478
1201,40.0,40.0,0.0,80.0,56.9331378961,-4.95598423387,2.38238320665,22.8511157609,24.8542538577,19.3637131901
1202,40.0,70.0,0.0,80.0,50.1340903865,22.5018833465,8.95339424291,22.4440306215,18.531142092,11.9637236761
1203,40.0,100.0,0.0,80.0,69.4884214613,15.5854818648,22.5866064987,43.7050434752,40.0265285675,20.0510993718
1204,70.0,0.0,0.0,80.0,80.1816981012,-3.37934965738,50.5493450267,53.6351888185,57.0037403639,15.8013479794
1205,70.0,40.0,0.0,80.0,79.6915520216,-3.31852837446,33.1394931263,52.8362681489,56.136693368,23.6384675874
1206,70.0,70.0,0.0,80.0,49.5604517542,0.680874132488,4.05382248047,17.5346654667,18.0531023674,13.3498577731
1207,70.0,100.0,0.0,80.0,65.560867647,0.117115201312,4.13439961519,33.5517924278,34.7593417787,26.224087759
1208,100.0,0.0,0.0,80.0,62.0442154358,-20.9093045024,-21.5023972186,24.2242013376,30.4542697074,39.2017477206
1209,100.0,40.0,0.0,80.0,70.4664382892,-14.5283573595,-13.6456110471,35.4465851822,41.4160562861,44.4413542184
1210,100.0,70.0,0.0,80.0,57.6533343182,39.6525992195,-2.28461105399,35.1363655104,25.5978370009,22.2814628035
1211,100.0,100.0,0.0,80.0,65.2332217549,25.8627146487,-2.27324014423,41.0094765995,34.3421172094,29.738093454
1212,0.0,0.0,40.0,80.0,78.9352392892,-5.67218024291,37.5498056423,50.6911716794,54.8161311682,20.6962263245
1213,0.0,40.0,40.0,80.0,78.2726002567,-0.172013638789,37.6244085037,51.6941098157,53.6762899986,20.102875535
1214,0.0,70.0,40.0,80.0,38.09314783,-12.2499799343,5.919437599,8.31662576436,10.1403465459,6.8726995486
1215,0.0,100.0,40.0,80.0,43.6291988702,7.25297495597,-4.71976180161,14.2387001226,13.5832269185,12.8230848498
1216,40.0,0.0,40.0,80.0,60.6424158225,-10.0380097488,26.5614795121,25.3536861868,28.8425456699,12.1386840133
1217,40.0,40.0,40.0,80.0,50.4918138142,31.6156236917,11.6466680746,24.858535272,18.8334798916,11.2683346119
1218,40.0,70.0,40.0,80.0,37.8387581532,-11.6907020129,5.32986196608,8.25609782705,9.99795399303,6.90839899599
1219,40.0,100.0,40.0,80.0,43.4986401879,9.17874664667,-6.99381557746,14.4601496179,13.494200325,13.5701704346
1220,70.0,0.0,40.0,80.0,61.503173344,-10.5191993958,25.0869240486,26.128178165,29.8252770865,13.1880114095
1221,70.0,40.0,40.0,80.0,50.1144087505,34.2288982407,7.19837390843,25.0904493122,18.5146023017,12.5613122681
1222,70.0,70.0,40.0,80.0,62.8200207812,27.1324289506,15.7687546699,38.0934799189,31.3715276535,17.8792768808
1223,70.0,100.0,40.0,80.0,55.4393739648,11.7408552037,14.6162532727,25.2001167865,23.3581774077,13.1937877018
1224,100.0,0.0,40.0,80.0,51.1524125231,2.98741809285,-2.2538775203,19.2929780284,19.4004092607,16.960524711
1225,100.0,40.0,40.0,80.0,46.5556671651,-9.86963340023,-2.24754909884,13.5223276815,15.6828869953,13.7659565346
1226,100.0,70.0,40.0,80.0,44.7204739399,-10.9735995289,-12.8909997277,12.1628806044,14.3427190167,16.766240886
1227,100.0,100.0,40.0,80.0,43.8507184438,-9.86317622146,6.607273564,11.7829578582,13.7351730777,9.29243353771
1228,0.0,0.0,70.0,80.0,39.9982411965,-3.33480493658,2.06789371802,10.4047870719,11.249913748,8.69860641669
1229,0.0,40.0,70.0,80.0,38.0854302795,1.45234338908,-0.0699898785357,9.95792149701,10.1360069497,8.38211141437
1230,0.0,70.0,70.0,80.0,36.3408635146,5.44861803277,-1.48472090904,9.51591962192,9.18647044726,7.96010797421
1231,0.0,100.0,70.0,80.0,36.2089103065,6.42409427834,-1.92245214228,9.56625888285,9.11716718552,8.01496357842
1232,40.0,0.0,70.0,80.0,62.2034666451,26.2216045269,26.7856813367,36.9927118055,30.6410785165,13.0097153692
1233,40.0,40.0,70.0,80.0,54.8473915782,14.0394911658,5.12001573411,25.1403278535,22.7823032355,16.5317176329
1234,40.0,70.0,70.0,80.0,49.6275024155,1.8467367469,5.79340438182,17.8062303995,18.1085494012,12.7619115029
1235,40.0,100.0,70.0,80.0,45.4007501886,-6.69012338703,-10.1089146769,13.2433892408,14.8302019255,16.0872412988
1236,70.0,0.0,70.0,80.0,43.5840761577,-13.2944088781,-6.92740429364,11.1423390018,13.5524140767,13.6002458203
1237,70.0,40.0,70.0,80.0,79.3086256922,-3.28820615566,52.6343305532,52.211052647,55.4654644646,14.3705117003
1238,70.0,70.0,70.0,80.0,81.9656142616,-2.92268183826,28.6778715736,56.8863513893,60.234738617,28.4398031832
1239,70.0,100.0,70.0,80.0,45.9512804068,0.856597700999,4.06313968488,14.8306396583,15.2327001302,11.1881187619
1240,100.0,0.0,70.0,80.0,69.4056330724,0.0311955693481,3.74183187291,38.4951666255,39.910354106,30.4830763876
1241,100.0,40.0,70.0,80.0,59.7038196514,-23.1422574458,-26.0810518494,21.4954884113,27.7958148228,39.6127402522
1242,100.0,70.0,70.0,80.0,71.6084775527,-12.9217181276,-12.1665045091,37.4206369857,43.0788828341,44.8439696669
1243,100.0,100.0,70.0,80.0,56.5272079445,41.5192043546,-2.35601938608,34.2619601115,24.4415592906,21.3283503892
1244,0.0,0.0,100.0,80.0,67.7899719074,23.2352177131,-1.80429398849,43.8173975963,37.6879197746,32.2762220015
1245,0.0,40.0,100.0,80.0,79.7011668922,-2.76102752724,5.45331074277,53.0686477968,56.153616532,41.8888889826
1246,0.0,70.0,100.0,80.0,64.9709978222,-17.9180948406,-13.6969524005,27.9999587824,34.0106166268,37.1589568589
1247,0.0,100.0,100.0,80.0,55.6649035636,44.4101684608,-2.63798175697,34.022816531,23.5800974025,20.7289877276
1248,40.0,0.0,100.0,80.0,38.1519994595,-12.6377978845,4.66543488546,8.30148421179,10.173479694,7.19765586308
1249,40.0,40.0,100.0,80.0,46.0304933099,16.3663659562,-17.8793147126,17.6221195566,15.2912059374,20.0613273031
1250,40.0,70.0,100.0,80.0,72.5988342364,7.34687575914,48.6147399913,45.4932801515,44.5563959911,11.6491744055
1251,40.0,100.0,100.0,80.0,54.306958186,42.8180705002,10.9070524249,31.9169364318,22.2649107407,13.8447596453
1252,70.0,0.0,100.0,80.0,37.6153110762,-11.6644725595,3.49180351597,8.15124370416,9.87398635325,7.25827248375
1253,70.0,40.0,100.0,80.0,44.5083706296,15.1830686337,-6.30533707541,16.2182466698,14.1929413304,13.9649409189
1254,70.0,70.0,100.0,80.0,72.8169662128,7.3652931626,44.1562905359,45.8302400296,44.8863029214,13.3480096293
1255,70.0,100.0,100.0,80.0,41.3048613473,-9.50102492397,-12.1701655926,10.3348884406,12.0559220282,14.0946780752
1256,100.0,0.0,100.0,80.0,50.0728885898,-18.1937716152,-9.45838223268,14.6182738786,18.4797424302,19.3697173804
1257,100.0,40.0,100.0,80.0,45.5639150867,9.37155815057,0.09653637251,15.9968300329,14.948744662,12.3006553146
1258,100.0,70.0,100.0,80.0,61.997000428,0.153137680879,9.21548825729,29.3537295566,30.3990306796,20.2711353735
1259,100.0,100.0,100.0,80.0,55.6238422853,37.6008837257,18.8923454761,32.0441871295,23.5395891101,11.8025861369
1260,0.0,0.0,0.0,100.0,38.158789746,12.7979857351,1.33304119323,11.5181185216,10.1773072261,8.04281459395
1261,0.0,40.0,0.0,100.0,35.645937945,-2.49820401192,-6.84193871719,8.22698720842,8.8254028696,9.09271516858
1262,0.0,100.0,0.0,100.0,40.0382743482,5.26983243433,3.75886768494,11.5987237037,11.2740586965,8.25826622254
1263,40.0,0.0,0.0,100.0,37.2908611462,-8.8956733505,-3.20657803236,8.30490506865,9.69581336098,8.86722180059
1264,40.0,40.0,0.0,100.0,45.4178116602,-6.55871838854,10.0664430095,13.2749784057,14.8425679984,9.0755649115
1265,40.0,100.0,0.0,100.0,40.5249522666,-5.23179253474,-16.0053708527,10.4538180827,11.5703539613,15.0651150306
1266,100.0,0.0,0.0,100.0,49.6839412139,-19.5188787607,-0.885560586543,14.1300637905,18.1553089415,15.334199627
1267,100.0,40.0,0.0,100.0,45.5933626138,11.0025409519,-6.22451714104,16.3058716328,14.9702059753,14.6537715599
1268,100.0,100.0,0.0,100.0,60.9084450157,-0.748050264022,20.6187959025,27.9135454063,29.143930604,14.4831606744
1269,0.0,0.0,40.0,100.0,56.3599376952,38.1427997828,11.5959419562,33.0864230701,24.2728395472,14.9460848633
1270,0.0,40.0,40.0,100.0,80.0322563711,-3.37815403145,54.5797917744,53.3839891873,56.7384453442,14.1028388814
1271,0.0,100.0,40.0,100.0,82.2051663048,-2.68660945698,24.7567766815,57.4042041081,60.6776899687,31.1591608269
1272,40.0,0.0,40.0,100.0,44.4606337124,1.01056425762,4.20518439286,13.8132800123,14.1593760794,10.3253491246
1273,40.0,40.0,40.0,100.0,72.102636811,-0.0133275245642,3.99564531527,42.2432424347,43.8119670069,33.3711810532
1274,40.0,100.0,40.0,100.0,57.9916039626,-24.5119323416,-28.4144566238,19.6875014969,25.952150915,39.1451042438
1275,100.0,0.0,40.0,100.0,72.8720927525,-11.6244287546,-10.6937313156,39.5351630399,44.9699343311,45.4283122171
1276,100.0,40.0,40.0,100.0,56.743275867,41.5578640524,-3.24713130272,34.5442645351,24.6606543972,21.9692999563
1277,100.0,100.0,40.0,100.0,70.7707612795,18.6117777718,-1.26086243825,46.6906235488,41.8548948796,35.4152161293
1278,0.0,0.0,100.0,100.0,61.6459771958,24.0925963994,19.1823064371,35.6255351622,29.9904451757,15.5595292654
1279,0.0,40.0,100.0,100.0,63.7932239845,29.8681357785,-0.709816961896,40.293370234,32.5479822601,27.2733217829
1280,0.0,100.0,100.0,100.0,42.792627543,-7.74769828282,-4.1357459858,11.4380033289,13.0195100829,12.1117072078
1281,40.0,0.0,100.0,100.0,57.702157222,10.4250575922,-12.6313278669,27.2486995355,25.6487751979,28.1219650653
1282,40.0,40.0,100.0,100.0,34.9910923176,2.90454019143,0.106084924767,8.519697642,8.49393588642,6.98304583667
1283,40.0,100.0,100.0,100.0,48.812117173,-8.67990779066,-26.2894643527,15.2996516769,17.4419347623,27.1257593808
1284,100.0,0.0,100.0,100.0,42.0489234713,-6.70735885605,-5.28700537095,11.1382234837,12.5316582437,12.0666504375
1285,100.0,40.0,100.0,100.0,58.1086493063,5.97053935628,6.32347376952,26.580941507,26.0755048846,18.4761814448
1286,100.0,100.0,100.0,100.0,34.7198484799,3.6168503321,0.617466547962,8.46737201395,8.35910681344,6.75206554536
1287,100.0,0.0,0.0,0.0,47.8478311294,-12.4544659114,-10.3337894501,13.9938374183,16.6749476726,18.0083694717
1288,98.0,0.0,0.0,0.0,53.7124324874,42.8461078188,8.99382681472,31.2203839414,21.7048477125,14.1818747566
1289,95.0,0.0,0.0,0.0,69.7291004313,-15.7960584846,28.9949346129,34.1429375377,40.3655460855,17.2989733812
1290,90.0,0.0,0.0,0.0,45.0276431784,12.5353510591,-7.88121098391,16.1461681956,14.5614903658,14.9218147889
1291,85.0,0.0,0.0,0.0,54.8203377856,-32.5287789681,4.29672404497,15.6496685285,22.756214242,16.8630335352
1292,80.0,0.0,0.0,0.0,40.5504090932,-5.13499612582,-16.433464325,10.4810086455,11.5859936296,15.2539035984
1293,75.0,0.0,0.0,0.0,51.588374905,-0.996372070114,18.3625634485,18.8794200459,19.7807177238,9.75761508645
1294,70.0,0.0,0.0,0.0,38.1432957921,-12.7051866772,-5.83864036616,8.28965615743,10.1685750356,10.0649479447
1295,60.0,0.0,0.0,0.0,43.3351085138,12.5947988364,10.4348695814,14.9074359216,13.3832396609,7.99646823367
1296,50.0,0.0,0.0,0.0,35.12821856,-4.10244449994,-8.43235801993,7.80433824838,8.56264650889,9.29267561147
1297,40.0,0.0,0.0,0.0,39.4647954824,19.6135006716,6.85053234896,13.3542177703,10.9314627729,7.21674460649
1298,30.0,0.0,0.0,0.0,53.448017557,41.9478183314,15.8547890779,30.6677056609,21.4588078691,11.5625768329
1299,25.0,0.0,0.0,0.0,70.7934698478,-15.5449403624,15.9260854336,35.5634040069,41.8877647135,24.6596531989
1300,20.0,0.0,0.0,0.0,43.637796309,12.6885713031,-2.57709599107,15.1417158139,13.5891031236,12.0767970196
1301,15.0,0.0,0.0,0.0,55.8069112637,-30.3055957799,-6.06228590307,16.7910901375,23.720550886,22.590118569
1302,10.0,0.0,0.0,0.0,39.541386236,-5.23860473501,-12.8265690639,9.90512949614,10.9768107622,13.2056409162
1303,7.0,0.0,0.0,0.0,43.8823239805,1.11470070326,4.4514466821,13.4383754063,13.7569440844,9.94511784245
1304,5.0,0.0,0.0,0.0,75.2948028473,-0.161272251529,3.57931917682,46.9505138355,48.7488300846,37.5408534581
1305,3.0,0.0,0.0,0.0,56.8174269557,-25.2136486257,-29.7216408444,18.553913353,24.7361450451,38.6075899777
1306,2.0,0.0,0.0,0.0,75.2260750519,-9.11579063003,-6.85710227382,43.71528338,48.638816877,45.613101532
1307,0.0,100.0,0.0,0.0,56.9045642974,42.0334923165,-3.71462687245,34.8870845841,24.8250532514,22.3534311785
1308,0.0,98.0,0.0,0.0,73.7883783412,13.9473115182,-0.721826688763,49.730571212,46.3752662458,38.8021962279
1309,0.0,95.0,0.0,0.0,79.5316529322,-3.45194336121,55.4134617848,52.5182075477,55.8557527242,13.4658948795
1310,0.0,90.0,0.0,0.0,81.9654449227,-2.58568816192,21.0930650459,57.0233096792,60.2344262606,33.308556402
1311,0.0,85.0,0.0,0.0,61.3339400551,-0.0627813622603,6.36290505651,28.5562550746,29.6303270164,21.1123953637
1312,0.0,80.0,0.0,0.0,79.2502235356,-0.180722353986,4.53952284775,53.3163767747,55.3635644054,41.9963353066
1313,0.0,75.0,0.0,0.0,66.4265965152,23.8766897857,-2.05237938631,42.0514150502,35.8779925598,30.904265239
1314,0.0,70.0,0.0,0.0,46.7257050084,4.18607434921,3.87475369286,15.9657974443,15.8111218704,11.6932382377
1315,0.0,60.0,0.0,0.0,34.4885269865,-2.99888979016,-8.89644517281,7.62667945629,8.24525578784,9.10950155448
1316,0.0,50.0,0.0,0.0,58.3417007298,31.7591650003,28.4677842339,33.7022677835,26.3222802846,10.2235873615
1317,0.0,40.0,0.0,0.0,64.9107961734,21.3291455858,19.0601008829,39.1017438618,33.9348126973,18.0195948187
1318,0.0,30.0,0.0,0.0,46.3232934672,4.54981629239,3.86364854243,15.72784909,15.5087651276,11.4650609248
1319,0.0,25.0,0.0,0.0,35.0450117604,-4.58580274054,-4.2343677469,7.71354159586,8.52090958298,8.09504752324
1320,0.0,20.0,0.0,0.0,57.406440183,32.1681451964,24.2488462432,32.6730530629,25.341278583,11.0464817848
1321,0.0,15.0,0.0,0.0,39.4663652616,22.0960052855,0.129115273175,13.7434524514,10.9323909545,8.98387937193
1322,0.0,10.0,0.0,0.0,36.1721544969,-4.8106853914,-5.65272320886,8.22202018647,9.09792489569,9.01274199431
1323,0.0,7.0,0.0,0.0,43.8467145092,13.6598344327,1.46745295634,15.4591116385,13.7324166669,10.854097736
1324,0.0,5.0,0.0,0.0,38.8868897665,-14.1040149885,0.0973067493356,8.49489363713,10.5933152613,8.7136581237
1325,0.0,3.0,0.0,0.0,53.4734379074,0.563326011282,4.39753328921,20.8324943028,21.4823804689,15.8437757624
1326,0.0,2.0,0.0,0.0,39.1952280428,-3.98987181627,-8.30976219223,9.87428322954,10.7728503845,11.4264701052
1327,0.0,0.0,100.0,0.0,57.8279441667,-25.61451345,-16.7386138859,19.3270226365,25.7803231983,30.8149435067
1328,0.0,0.0,98.0,0.0,43.9622823185,12.3016487493,0.773571532136,15.3127283619,13.8121248986,11.1425333893
1329,0.0,0.0,95.0,0.0,71.5640688232,-12.8436875265,1.4412828488,37.3857453658,43.0134059899,34.4837835643
1330,0.0,0.0,90.0,0.0,52.7986836681,39.4203876336,19.755500957,29.2541774174,20.862503333,9.96596396033
1331,0.0,0.0,85.0,0.0,53.0058249639,41.7029025065,6.09537413994,30.0915238688,21.0515117589,14.83447474
1332,0.0,0.0,80.0,0.0,41.5344749532,-7.96962907429,-9.61590450043,10.6675113599,12.2014233173,13.2881544982
1333,0.0,0.0,75.0,0.0,63.4241348828,26.801892423,10.95085639,38.8060376138,32.098409358,20.6252586493
1334,0.0,0.0,70.0,0.0,48.1300371027,-25.6400950551,-1.95400407247,12.167231691,16.8970350856,14.6941110828
1335,0.0,0.0,60.0,0.0,81.8614893626,-2.73874281322,24.2207505387,56.7786237894,60.0428772517,31.1226277584
1336,0.0,0.0,50.0,0.0,43.4636259877,1.19471666842,4.66345476024,13.1719283447,13.4703908414,9.66574129819
1337,0.0,0.0,40.0,0.0,77.0032182543,-0.299398620233,4.16623285454,49.5857340127,51.5370983674,39.2943259287
1338,0.0,0.0,30.0,0.0,56.3513200966,-25.387674317,-28.1570203939,18.1361170142,24.2641683673,36.8678011918
1339,0.0,0.0,25.0,0.0,77.8637553463,-6.5036195149,-3.26959269311,48.6649520061,52.9809582987,46.4182832935
1340,0.0,0.0,20.0,0.0,55.0494243007,43.5211569156,-2.42066494982,33.0098038498,22.9777617554,20.1053451091
1341,0.0,0.0,15.0,0.0,76.7971372463,9.61898508023,0.536833654389,53.0152958257,51.1952617953,41.8176712902
1342,0.0,0.0,10.0,0.0,78.9037388241,-3.30268451353,55.7275862679,51.5376314332,54.7615836444,12.9562082088
1343,0.0,0.0,7.0,0.0,81.5396827434,-2.13004800539,16.7062981353,56.4628263219,59.4524899742,35.8394042436
1344,0.0,0.0,5.0,0.0,77.6996665003,-1.49358936708,2.81300312205,50.2600868836,52.7035862069,41.2537026205
1345,0.0,0.0,3.0,0.0,65.5492922422,-18.8205298918,-13.5810977314,28.4053420664,34.7445443755,37.8034338235
1346,0.0,0.0,2.0,0.0,51.9621954499,-26.1706982231,7.03901103917,14.6457020006,20.1107483638,13.7791038941
1347,0.0,0.0,0.0,100.0,34.7766938084,5.49127123338,-6.65309950515,8.71194635726,8.38724425568,8.62103891524
1348,0.0,0.0,0.0,98.0,64.4181857389,-7.17751224973,30.1408543246,30.174328903,33.3187611702,13.1777905962
1349,0.0,0.0,0.0,95.0,42.6082740493,3.01330745227,-24.049295515,12.8873035811,12.8974195781,20.1915927884
1350,0.0,0.0,0.0,90.0,51.7277951348,-25.0085532453,5.09281681432,14.670717559,19.9033804571,14.366018324
1351,0.0,0.0,0.0,85.0,35.4721236727,5.12866249989,-1.87689223582,9.0225155517,8.73659680539,7.67571760246
1352,0.0,0.0,0.0,80.0,64.2213479826,-6.96038282715,28.6009513413,30.006288429,33.07469882,13.620030036
1353,0.0,0.0,0.0,75.0,41.1306758197,2.18581257929,-13.9975697405,11.8292738232,11.9463192597,14.6845938468
1354,0.0,0.0,0.0,70.0,49.109241633,-7.31958159138,21.0627334308,15.7518688155,17.6829184058,7.82214930634
1355,0.0,0.0,0.0,60.0,40.8266712549,-6.15676738346,-10.4594610208,10.503295739,11.7566254794,13.1505907245
1356,0.0,0.0,0.0,50.0,43.1446939646,6.2296740066,11.2835169613,13.7416424251,13.2548067158,7.6930502475
1357,0.0,0.0,0.0,40.0,36.7009555924,2.19972326443,-11.385465143,9.3078129865,9.37737972396,11.0255063963
1358,0.0,0.0,0.0,30.0,39.0445149407,17.3496082766,4.73313406323,12.7329452733,10.684843842,7.56175496408
1359,0.0,0.0,0.0,25.0,55.8140883232,39.1705842705,3.07762932466,32.7121141386,23.7276641633,18.1539023152
1360,0.0,0.0,0.0,20.0,61.9946449772,-0.494495563387,28.2565718086,29.1818469658,30.3962766792,12.3594900333
1361,0.0,0.0,0.0,15.0,48.0056174019,13.8862589541,-11.4790483517,18.7703293617,16.7988791498,18.6517608458
1362,0.0,0.0,0.0,10.0,50.2059902256,-18.0265340224,7.58200335896,14.740495574,18.5916480368,12.481826521
1363,0.0,0.0,0.0,7.0,42.2656662331,0.534611190885,-19.1649221846,12.2982946792,12.6725549327,17.6547973596
1364,0.0,0.0,0.0,5.0,69.8999182697,-13.8392250144,36.1026581219,34.9287390214,40.6073159124,14.4904089778
1365,0.0,0.0,0.0,3.0,52.8040256835,-14.2550279554,-11.2700015784,17.3579197243,20.8673634463,22.6059480667
1366,0.0,0.0,0.0,2.0,56.7934507784,9.77957548401,17.9149512532,26.1277533716,24.7117189029,12.8453764121
1367,0.0,0.0,0.0,0.0,44.6405884023,0.952203138568,-15.2187908336,13.927212347,14.2861844251,17.7206565723
1368,100.0,85.0,85.0,0.0,48.592783206,26.2227983973,9.31137219752,21.8102602179,17.2654549429,10.9629695613
1369,80.0,65.0,65.0,0.0,42.44138019,1.30803838214,4.80318202201,12.5240715674,12.7875523373,9.11297373486
1370,60.0,45.0,45.0,0.0,78.6153539609,-0.397657148625,4.27969458135,52.1735137924,54.2638854905,41.3411481691
1371,40.0,27.0,27.0,0.0,58.3111520093,-25.1323108985,-26.9645221526,19.8397493143,26.2898443196,38.4721866912
1372,20.0,12.0,12.0,0.0,79.2703921431,-4.47445375037,-0.361900786837,51.6934939508,55.398740463,46.0125490019
1373,10.0,6.0,6.0,0.0,54.5676277455,44.3997187557,-2.11327464844,32.6717351136,22.5134777085,19.5608301261
1374,5.0,3.0,3.0,0.0,78.0741655979,7.50571905533,1.12148731038,54.3429811784,53.3380528382,43.1028783955
1375,40.0,27.0,27.0,10.0,79.2138587879,-3.13466503167,57.4530083243,52.1131283119,55.3001783018,12.531987138
1376,20.0,12.0,12.0,10.0,82.6854849157,-1.5492351073,12.3034316261,58.7275920524,61.5723700378,40.5604621675
1377,10.0,6.0,6.0,10.0,72.7862173746,-1.26412684693,0.910761545904,42.8116654285,44.8396995319,36.3410045602
1378,60.0,45.0,45.0,20.0,81.9871421321,-2.54863323393,5.4979050632,57.0765522903,60.2744569602,45.0336839847
1379,40.0,27.0,27.0,20.0,36.5164500507,18.3600279928,0.92772756935,11.3065495486,9.27923378506,7.4234017017
1380,20.0,12.0,12.0,20.0,59.5688825067,-28.2271768854,20.8700260441,20.312550909,27.6474468863,13.5121001468
1381,10.0,6.0,6.0,20.0,45.4009558522,8.34603462755,-21.9366328876,15.6968884072,14.8303509486,21.5285683894
1382,80.0,65.0,65.0,40.0,46.5718814069,-0.8265440189,22.0102436618,14.9959828885,15.6950850287,6.53098170713
1383,60.0,45.0,45.0,40.0,38.3324273271,17.8869161963,6.35308522632,12.3568329646,10.2755092766,6.86772076131
1384,40.0,27.0,27.0,40.0,59.2382015076,-27.8052041471,18.1604931145,20.1077197827,27.2860863534,14.3202596428
1385,20.0,12.0,12.0,40.0,44.4448107903,5.86465883352,-9.32197360107,14.5853132758,14.1482621993,15.0950013302
1386,10.0,6.0,6.0,40.0,46.1825186768,-0.786502561042,20.2315935305,14.7235444837,15.4039095297,6.78690739693
1387,100.0,85.0,85.0,60.0,36.8091432942,12.6799215864,-6.83912675641,10.7051202925,9.43524971344,9.67443639898
1388,80.0,65.0,65.0,60.0,38.7746892038,8.24489408628,3.21363264621,11.2537761297,10.5284829549,7.83010506378
1389,60.0,45.0,45.0,60.0,40.1504436608,4.63131180138,-6.05688662261,11.5768807889,11.34189464,11.226900287
1390,40.0,27.0,27.0,60.0,44.249873435,-4.51357534244,12.1882068955,12.8192117076,14.0118167585,7.95055634357
1391,20.0,12.0,12.0,60.0,47.5364876792,-6.79086273977,-3.98488830802,14.6957469445,16.4321973408,15.0923658822
1392,10.0,6.0,6.0,60.0,47.5074484744,-11.1503419972,3.76167680759,13.9678032092,16.4096767434,12.1916383943
1393,100.0,85.0,85.0,80.0,50.2636747214,-1.47821208438,-15.9233315322,17.6971065828,18.640286439,22.7489948493
1394,80.0,65.0,65.0,80.0,51.4891221885,3.15554948912,13.0455247627,19.615279439,19.6937023911,11.3739037912
1395,60.0,45.0,45.0,80.0,57.2739821532,16.4610022821,-4.2838815716,28.3060967298,25.2043449885,22.9843083165
1396,40.0,27.0,27.0,80.0,62.3137912029,25.1365886499,32.6834276338,36.8068477529,30.7709410956,11.0550247761
1397,20.0,12.0,12.0,80.0,45.9010536516,20.8315952559,-7.96125459247,18.3601999124,15.195680606,15.5583657393
1398,10.0,6.0,6.0,80.0,46.9443945317,13.914095904,5.0310082804,17.9006246562,15.9770727774,11.4330511621
1399,100.0,85.0,85.0,100.0,53.646439935,4.9835252379,-4.69457242165,21.9272514768,21.6432660369,20.0353997749
1400,80.0,65.0,65.0,100.0,57.6258196171,-7.85662286015,18.7734742376,22.86996656,25.5691599385,13.053005847
1401,60.0,45.0,45.0,100.0,67.4791500654,-19.2983667947,4.17498636031,30.4613634379,37.2700596977,28.1525148436
1402,40.0,27.0,27.0,100.0,60.7235362124,-24.3988763777,-23.8579877015,22.1700569191,28.9342258115,39.2609770171
1403,20.0,12.0,12.0,100.0,81.894781713,-2.58394288406,0.906319947162,56.8999558788,60.1041776256,48.7976295002
1404,10.0,6.0,6.0,100.0,54.5188514448,45.6447520485,-2.68502223453,32.9635745049,22.4668260634,19.7929278936
1405,100.0,0.0,0.0,70.0,80.7840168434,3.6053486207,1.85589850591,57.4723255629,58.0813845472,46.3419453875
1406,0.0,100.0,0.0,70.0,79.9185046039,-2.90919102138,58.9234062923,53.3756626837,56.5370612456,12.4421870182
1407,0.0,0.0,100.0,70.0,82.8983019807,-1.17601189409,8.68406369898,59.2657074235,61.9715755441,43.7117444095
1408,100.0,100.0,0.0,70.0,39.7917743786,1.38512422855,4.76108963345,10.9151467035,11.1259359018,7.88330510861
1409,100.0,0.0,100.0,70.0,80.3832053218,-0.191225879005,3.95142865817,55.2383251993,57.3627716868,44.0336322321
1410,0.0,100.0,100.0,70.0,66.2694196376,-1.26469699143,1.58075022852,34.0327136312,35.6731395861,28.460931235
1411,40.0,40.0,0.0,70.0,62.6550902653,28.128345483,-4.22064487735,38.1823286465,31.1750051363,28.1998521935
1412,40.0,0.0,40.0,70.0,48.1423631968,-11.326271277,4.47185228012,14.3804445112,16.9067800267,12.3251286095
1413,0.0,40.0,40.0,70.0,36.5048016717,3.22998821842,-4.14922852259,9.33032651563,9.27306063019,8.75228608583
1414,3.0,3.0,0.0,0.0,53.786936135,7.07277067104,16.7685181394,22.5132616576,21.7745118648,11.4529393743
1415,3.0,0.0,3.0,0.0,53.7879694153,-10.5955226859,-24.1709960113,18.8563826578,21.7754790733,31.1156023697
1416,0.0,3.0,3.0,0.0,47.500214125,-9.83662077553,1.72372499655,14.1734696003,16.404069536,12.9057887
1417,3.0,3.0,3.0,0.0,37.3332544946,1.53992408063,2.66327245329,9.56156555032,9.7189710876,7.34237327533
1418,3.0,0.0,0.0,3.0,54.8799343187,6.6932924857,15.521139693,23.4769503126,22.8137118379,12.5238243358
1419,0.0,3.0,0.0,3.0,52.9309854937,-16.9884204243,-4.07462868896,16.9577913076,20.9830924942,19.155739569
1420,3.0,3.0,0.0,3.0,43.106493403,-14.1769841225,11.2331032751,10.7435011122,13.2291401314,7.68911930917
1421,0.0,0.0,3.0,3.0,42.8823173347,3.81308584045,-1.51362947796,13.1892349193,13.0791859039,11.2816249509
1422,3.0,0.0,3.0,3.0,38.2121008953,-3.18415296661,3.47050766989,9.44602515047,10.2073908853,7.51842279094
1423,0.0,3.0,3.0,3.0,37.1874836193,15.3318961046,-2.78434404152,11.2877451152,9.6394967965,8.70029246638
1424,3.0,3.0,3.0,3.0,35.2381553148,5.42198839165,-0.628359513003,8.93750496889,8.61799999973,7.26356606777
1425,7.0,7.0,0.0,0.0,70.5821595933,16.6556406395,8.39064539413,45.7096830681,41.5825649552,28.8436175661
1426,7.0,0.0,7.0,0.0,49.2530640034,25.480948129,12.6030910548,22.2653278689,17.8003589298,10.2835738453
1427,0.0,7.0,7.0,0.0,59.7107254206,-2.1521678277,-7.78930122189,26.2837700951,27.8034221929,27.2974064441
1428,7.0,7.0,7.0,0.0,43.2229245573,7.83925011006,-0.691322049701,14.0512393164,13.3074726509,11.2045905928
1429,7.0,0.0,0.0,7.0,54.5059738327,-11.1235325125,-14.6362614012,19.3611532059,22.4545201521,26.0575717376
1430,0.0,7.0,0.0,7.0,61.0168688172,-29.1369941823,20.8262431675,21.4243006257,29.2673638339,14.47520429
1431,7.0,7.0,0.0,7.0,63.3507452719,4.69059589593,5.63198118967,32.1540475518,32.0095126867,23.2818996039
1432,0.0,0.0,7.0,7.0,47.9386929135,-4.03256279785,4.99199883193,15.4497978633,16.7462393352,12.0240222032
1433,7.0,0.0,7.0,7.0,50.6334679537,26.5089942603,-1.0721065946,23.8196863055,18.9541050259,16.0810494243
1434,0.0,7.0,7.0,7.0,41.9838287512,11.7808431575,-2.63395964964,13.8282375557,12.4895473661,11.1413620571
1435,7.0,7.0,7.0,7.0,63.6413351374,-23.4111711491,-22.9204092816,25.2477425723,32.3624675965,42.4302284839
1436,40.0,3.0,0.0,0.0,83.1249631011,-0.966586448014,2.64542641906,59.7632967204,62.3986434649,49.1314087575
1437,3.0,40.0,0.0,0.0,53.8004970691,46.4982995019,-2.05479160346,32.3332263935,21.7872079417,18.9133450176
1438,40.0,0.0,3.0,0.0,82.6007517176,0.77812824687,3.35117125231,59.5470384316,61.4139046209,47.7348928943
1439,40.0,3.0,3.0,0.0,79.7487425814,-2.8158031291,59.185825439,53.1270651521,56.2374047055,12.2485568851
1440,0.0,40.0,3.0,0.0,83.1986137798,-0.921190290365,6.90526826477,59.9160351253,62.5378349801,45.599252466
1441,3.0,40.0,3.0,0.0,35.501148187,1.41857224539,4.32321879585,8.60174051858,8.75138452788,6.21663343738
1442,40.0,40.0,3.0,0.0,81.8978634694,-0.173622193652,3.73141931623,57.8921539058,60.1098540956,46.3797882732
1443,3.0,0.0,40.0,0.0,56.502520321,-0.342554173596,1.37455192437,23.4674900944,24.4166087102,19.488950553
1444,0.0,3.0,40.0,0.0,67.8243319978,-13.5848173508,-16.1892681087,32.435103804,37.7343033001,42.813425689
1445,3.0,3.0,40.0,0.0,66.2256904382,12.2417049505,-6.79018905423,38.0277563747,35.6162850897,33.8152497612
1446,40.0,3.0,40.0,0.0,49.494780855,-1.76125971533,9.64391245016,17.0334402908,17.9989061438,11.3617188462
1447,3.0,40.0,40.0,0.0,56.0834647911,-4.32781343023,-20.7916504439,22.1854239717,23.9956761853,31.4907617397
1448,40.0,0.0,0.0,3.0,37.497709735,13.3617872234,9.76828069769,11.2003429226,9.80915512047,5.78486962846
1449,40.0,3.0,0.0,3.0,66.0309019056,7.96592596279,17.5136837473,36.4582596535,35.3637646699,19.625997174
1450,0.0,40.0,0.0,3.0,50.5627414568,-1.33051590163,7.64499693209,17.9669258983,18.8938139248,12.6768295458
1451,3.0,40.0,0.0,3.0,55.8528010497,-9.27517749078,1.47241351667,20.9195591742,23.7660573749,18.9185605621
1452,40.0,40.0,0.0,3.0,37.092389494,12.9516428338,8.87575555664,10.9058400504,9.58788569192,5.82572659861
1453,40.0,0.0,3.0,3.0,32.5444631994,6.57969866631,-8.16746588225,7.7552148075,7.32900708439,7.99588711898
1454,40.0,3.0,3.0,3.0,37.2804260132,25.1733583974,8.86491333181,12.7659678386,9.69011872842,5.89685135005
1455,0.0,40.0,3.0,3.0,34.239986454,1.86054742761,-8.83286449566,8.03768469098,8.12408714299,8.97005312159
1456,3.0,40.0,3.0,3.0,42.476073429,10.344653786,16.8321729706,13.9371920822,12.8103395315,6.11055588613
1457,40.0,40.0,3.0,3.0,40.061984934,-9.75171379742,-7.44682089654,9.61995598979,11.2883753931,11.6369452099
1458,0.0,0.0,40.0,3.0,57.5050630402,-33.6247187163,20.0994050508,17.5232325868,25.4435552452,12.5054566197
1459,3.0,0.0,40.0,3.0,38.8986480324,14.7111781057,-13.7515235313,12.249039923,10.6001248494,13.1389098163
1460,40.0,0.0,40.0,3.0,64.2121460943,-22.6771500593,32.358418718,26.0117378542,33.0633185036,12.2625012658
1461,0.0,3.0,40.0,3.0,44.6015632906,35.5308484534,-3.49111320818,20.1580337589,14.2586206475,12.9839720173
1462,3.0,3.0,40.0,3.0,79.2457761148,-2.76986719407,58.1199083758,52.3062128783,55.3558096655,12.3176450072
1463,40.0,3.0,40.0,3.0,37.5922669148,11.8676667491,-12.5611690017,11.0513537318,9.86126014045,11.9264368264
1464,0.0,40.0,40.0,3.0,50.5315503878,45.6320010302,19.5532914689,28.3339077699,18.8672656427,8.88651266648
1465,3.0,40.0,40.0,3.0,42.0439051297,4.69539808793,-12.3051162112,12.7741267882,12.5284084312,14.6384654254
1466,40.0,40.0,40.0,3.0,65.5768223406,19.1875064286,38.5095764793,39.3333227332,34.7797443256,10.9902628234
1467,3.0,0.0,0.0,40.0,60.3982681279,-29.4942396783,-4.34146069448,20.7889541016,28.567785303,25.9797782842
1468,0.0,3.0,0.0,40.0,61.989036221,-23.6147664231,-24.4758920173,23.5525178503,30.3897195734,41.4110821379
1469,3.0,3.0,0.0,40.0,83.1584897012,-0.294120945263,3.24299505914,60.1075563285,62.4619793378,48.6600945619
1470,40.0,3.0,0.0,40.0,51.8987601499,48.6295572314,-0.729902047999,30.6687584205,20.0544873368,16.858492059
1471,3.0,40.0,0.0,40.0,83.0959249528,-0.161663518147,3.4785590236,60.0496428572,62.3438214425,48.3617874997
1472,0.0,0.0,3.0,40.0,79.2540906103,-2.54418342639,60.559061022,52.4069161907,55.3703078142,11.492250478
1473,3.0,0.0,3.0,40.0,83.2443127185,-0.438131518203,4.37207887324,60.2029862331,62.6243048217,47.8111376289
1474,40.0,0.0,3.0,40.0,35.0490375524,1.3765816555,4.20212485849,8.37383659801,8.52292581028,6.07239881628
1475,0.0,3.0,3.0,40.0,82.9074495152,-0.208975302937,3.41666852266,59.6876471216,61.9887731971,48.1341137213
1476,3.0,3.0,3.0,40.0,44.5692906652,5.76082732807,-2.07622484825,14.6565018642,14.2358530114,12.4606784854
1477,40.0,3.0,3.0,40.0,80.2794316481,1.00702797545,1.02833100919,55.5385499847,57.1776874087,46.306226098
1478,0.0,40.0,3.0,40.0,57.0838938527,-32.4696900746,20.7475668563,17.4009412321,25.0086971185,12.0281423025
1479,3.0,40.0,3.0,40.0,45.6755397965,26.7154748378,-12.6011636333,19.3169057757,15.0302052038,17.3533855679
1480,40.0,40.0,3.0,40.0,66.7199317223,-18.8798596538,37.376582946,29.7018635413,36.2623991642,12.0229467641
1481,3.0,0.0,40.0,40.0,42.2690389158,9.48402603426,-20.9987937132,13.6597196328,12.674755696,18.4819299922
1482,0.0,3.0,40.0,40.0,58.5231628366,-32.5874764306,18.8156631593,18.5497643158,26.5155028603,13.60544749
1483,3.0,3.0,40.0,40.0,46.7394273113,21.5943844357,-0.967481471073,19.211052554,15.8215009872,13.4078095795
1484,40.0,3.0,40.0,40.0,67.8502967788,-19.0168418008,36.2421252529,30.9690258218,37.7693790261,13.1109271321
1485,3.0,40.0,40.0,40.0,42.371623272,3.90525714623,-9.5795459284,12.8679401105,12.7418164602,13.8103123693
