SAMPLE_ID,CMYK_C,CMYK_M,CMYK_Y,CMYK_K,LAB_L,LAB_A,LAB_B,XYZ_X,XYZ_Y,XYZ_Z
1,0.0,0.0,0.0,0.0,59.591016312,4.3323243386,9.98626295448,27.7623668666,27.6717474624,17.9755563708
2,0.0,10.0,0.0,0.0,46.4680870356,-1.15461460233,-1.41934950946,14.866609698,15.6171093957,13.4019283315
3,0.0,20.0,0.0,0.0,34.3436237302,0.925242011502,0.522368970413,7.98386382655,8.17446710999,6.62374892103
4,0.0,30.0,0.0,0.0,78.8731055621,3.22507213833,8.96198983938,54.0132720408,54.7085725236,38.1198689123
5,0.0,40.0,0.0,0.0,34.9873303649,0.632410578205,0.409498522125,8.25974838038,8.49205606235,6.90937226
6,0.0,55.0,0.0,0.0,70.5343567554,-0.795594734178,4.33896377996,39.7758930902,41.5137285797,31.3507765853
7,0.0,70.0,0.0,0.0,44.5139892194,2.68457417596,-4.37733327824,14.1170705141,14.1968954141,13.2510121458
8,0.0,85.0,0.0,0.0,64.4216807056,-0.658894413315,4.25306247009,31.9504399257,33.3231054495,25.0417902192
9,0.0,100.0,0.0,0.0,34.4844431605,-0.146902485584,1.37805208787,7.93284752102,8.24325516701,6.48358874476
10,10.0,0.0,0.0,0.0,74.742279024,2.82772271761,8.3194466747,47.1683580156,47.8690798978,33.5252753733
11,10.0,10.0,0.0,0.0,35.5878169482,-0.327040352328,1.13524299593,8.44423014283,8.79564075094,6.98296889638
12,10.0,20.0,0.0,0.0,43.269030489,0.34585790119,3.69512406255,12.914642415,13.3385770524,9.85446978235
13,10.0,30.0,0.0,0.0,37.7122627247,-0.997937491683,0.655915684758,9.4499281247,9.92764815318,8.01852596793
14,10.0,40.0,0.0,0.0,70.6108205025,5.75443156553,4.42013722659,42.0225384951,41.6238733037,31.3836805832
15,10.0,55.0,0.0,0.0,50.8485558454,-7.23074527485,-11.1911071508,17.1001478514,19.1382454756,20.8519686908
16,10.0,70.0,0.0,0.0,75.1823618771,3.81444567726,2.82613234153,48.2117239119,48.5689309875,37.9518497943
17,10.0,85.0,0.0,0.0,34.9837948802,0.158284274806,2.69317087223,8.20485315615,8.49028965575,6.38101187269
18,10.0,100.0,0.0,0.0,64.5307086386,-1.21240751493,4.29511301581,31.9272948112,33.4588179952,25.1234452946
19,20.0,0.0,0.0,0.0,36.7674660076,-0.112007926659,2.52700789152,9.06344270432,9.41292827513,7.13728251952
20,20.0,10.0,0.0,0.0,59.1799289157,-0.864711858198,4.37529543128,26.0411806621,27.2227355647,20.2629671317
21,20.0,20.0,0.0,0.0,79.880560922,0.0271788703354,4.04313467003,54.4645136954,56.4699925675,43.2578623897
22,20.0,30.0,0.0,0.0,49.7069823595,-0.475089197136,4.03605518959,17.437469129,18.174421644,13.4494760986
23,20.0,40.0,0.0,0.0,44.8016370388,-1.72887820288,0.51263948601,13.6131508683,14.4003102781,11.7083014736
24,20.0,55.0,0.0,0.0,42.2552307651,0.157730634979,3.49512136054,12.2365557404,12.6657471315,9.39711084037
25,20.0,70.0,0.0,0.0,80.4988160685,0.0558043953022,2.53696705791,55.5363067047,57.5694376952,45.3608560858
26,20.0,85.0,0.0,0.0,37.3415258289,0.543887081622,3.66267190495,9.44302078661,9.72349366891,7.10202066162
27,20.0,100.0,0.0,0.0,60.2049119455,-9.07894758101,-3.70815744359,25.1342650884,28.3514274024,25.4299720545
28,30.0,0.0,0.0,0.0,71.8290364792,-2.6007259338,2.44538516134,40.9986130426,43.4050626575,34.106551414
29,30.0,10.0,0.0,0.0,77.7561325876,-0.865180091855,9.28497061984,50.5874726051,52.7989256836,36.4806135065
30,30.0,20.0,0.0,0.0,55.9342417776,-1.96918898269,2.00514427463,22.5601668969,23.8469610951,18.7372473661
31,30.0,30.0,0.0,0.0,45.1568313043,-0.950545985591,2.36861161059,13.9786294644,14.6541609938,11.2945505464
32,30.0,40.0,0.0,0.0,52.1527297429,-1.84056268519,2.5855080831,19.1909789362,20.2803664777,15.6529712031
33,30.0,55.0,0.0,0.0,82.3925819928,-0.316885340621,3.6847987509,58.7150541757,61.0257470288,47.1422529635
34,30.0,70.0,0.0,0.0,36.9827086793,3.74035650385,-9.64854483652,9.64727769522,9.52858701506,10.6257083916
35,30.0,85.0,0.0,0.0,42.9553645502,17.3473129426,13.5432327905,15.4327387142,13.1279229718,7.05350737024
36,30.0,100.0,0.0,0.0,39.9150089246,-1.87562842913,-10.4852902475,10.5497555052,11.1998247733,12.5960994482
37,40.0,0.0,0.0,0.0,69.3495578189,4.80602992623,22.1057872191,39.9347169352,39.8317932173,20.167671652
38,40.0,10.0,0.0,0.0,55.1577159401,-24.852080567,4.83505819368,17.2747103995,23.0829882526,16.8816568476
39,40.0,20.0,0.0,0.0,54.2259341101,-26.4286943455,6.60029197165,16.2666482902,22.1880229469,15.47374445
40,40.0,30.0,0.0,0.0,69.4560071293,14.0976082113,24.1011641148,43.1517624122,39.9810156916,19.3036769615
41,40.0,40.0,0.0,0.0,47.3179628852,-8.26379506007,-1.84048633552,14.3007081516,16.2632311311,14.1090621383
42,40.0,55.0,0.0,0.0,44.2414820371,16.9882098931,6.08495587337,16.3339472559,14.0059630191,9.64194615904
43,40.0,70.0,0.0,0.0,37.3491666959,0.445351816868,-1.53287702175,9.43495935641,9.72767277127,8.43435149929
44,40.0,85.0,0.0,0.0,45.217529849,4.12756148087,-13.5946381644,14.8486248336,14.6978373587,17.4427442142
45,40.0,100.0,0.0,0.0,43.3130368269,16.7692158671,9.57492240016,15.5976630097,13.368310179,8.21301635695
46,55.0,0.0,0.0,0.0,38.479893097,-5.04489528833,-1.1772159597,9.35943272399,10.3594040542,8.87301214309
47,55.0,10.0,0.0,0.0,49.7561350894,5.34553249742,15.6517027063,18.5775603596,18.2152388067,9.62458436473
48,55.0,20.0,0.0,0.0,53.6014923734,-26.3778611032,10.8857972965,15.8046373943,21.6013894809,13.3996543872
49,55.0,30.0,0.0,0.0,44.9391861027,23.5878628647,7.44093067509,18.0953713204,14.4982632433,9.59674461678
50,55.0,40.0,0.0,0.0,70.8114564329,-15.1536237102,28.7538179505,35.7030903466,41.9138118571,18.235822868
51,55.0,55.0,0.0,0.0,49.8625936062,23.2504834513,0.628452196288,22.3518500026,18.3038529789,14.8532323713
52,55.0,70.0,0.0,0.0,58.0843260458,-29.4353525957,7.5402553061,18.7938719826,26.0498385219,17.907648792
53,55.0,85.0,0.0,0.0,44.4552380858,3.62794084139,-9.43320507682,14.2282739497,14.1555855854,15.1465960433
54,55.0,100.0,0.0,0.0,53.009220176,-1.54289503753,26.3204879552,19.9885803951,21.0546192297,8.20557336083
55,70.0,0.0,0.0,0.0,40.9339899023,15.5766921112,-1.98098113781,13.7129526939,11.8233594291,10.3581272128
56,70.0,10.0,0.0,0.0,46.5411855391,-9.4477471504,15.0132542135,13.5785420001,15.6719977598,8.24694019959
57,70.0,20.0,0.0,0.0,37.7666023851,6.11206626268,-7.60340475271,10.3822143312,9.95780947682,10.4082937081
58,70.0,30.0,0.0,0.0,42.4371495073,-15.140880818,7.31677167891,10.2360821224,12.7847753927,8.41346254229
59,70.0,40.0,0.0,0.0,53.473432038,30.230502881,10.9615504291,27.6437895699,21.4823750241,13.2907022453
60,70.0,55.0,0.0,0.0,57.0172768224,-3.5473483281,22.7472767285,23.2458182069,24.9403720641,11.3177020433
61,70.0,70.0,0.0,0.0,47.089104662,10.9603787958,-0.809849659006,17.4655164362,16.0875209181,13.5725817814
62,70.0,85.0,0.0,0.0,49.6529278063,-13.8987701842,9.01545982729,15.0308360906,18.1296043855,11.6617202333
63,70.0,100.0,0.0,0.0,49.7726728605,19.9462664885,-2.92047307957,21.5554976778,18.2289857469,16.2330638223
64,85.0,0.0,0.0,0.0,61.0422333194,2.41486074379,33.84531444,28.8710826836,29.2962898329,10.0032692211
65,85.0,10.0,0.0,0.0,33.9307572808,6.01354686895,-0.162449966626,8.35306721692,7.97499631349,6.61752769785
66,85.0,20.0,0.0,0.0,48.1081680806,-17.3397549855,4.84225811386,13.4011456611,16.8797547757,12.1761279892
67,85.0,30.0,0.0,0.0,44.1770680611,-13.9679087226,11.5882446294,11.4027303635,13.9610828761,8.07461162389
68,85.0,40.0,0.0,0.0,50.6381979913,2.7882790581,-1.21540467707,18.8188268616,18.9581417358,16.1441427031
69,85.0,55.0,0.0,0.0,40.0062104429,-3.15064291463,5.46712306415,10.4334674231,11.2547174396,7.79663240909
70,85.0,70.0,0.0,0.0,52.2895305863,18.8033441208,5.04797073391,23.6906674507,20.4027362148,14.7606407569
71,85.0,85.0,0.0,0.0,43.1024958563,2.55778418258,-1.48170008217,13.1422523924,13.2264561354,11.3962195172
72,85.0,100.0,0.0,0.0,47.4411177948,15.014806988,-11.893866493,18.5179407249,16.3583129155,18.396448568
73,100.0,0.0,0.0,0.0,52.1962423607,27.0240421075,5.36832140453,25.5098075817,20.3192357366,14.5723651198
74,100.0,10.0,0.0,0.0,49.6932234964,-1.72458026636,-2.85664177281,17.1964394265,18.1630070114,16.1491365607
75,100.0,20.0,0.0,0.0,46.9166597244,0.111907373125,15.228459598,15.4053208461,15.9559624394,8.36267355269
76,100.0,30.0,0.0,0.0,44.2038729373,-11.1122071107,-0.96953527435,11.8219217152,13.9797473854,11.8610012283
77,100.0,40.0,0.0,0.0,55.8308232774,-22.6934685808,0.203214458266,18.2218484961,23.7442559179,19.4952122497
78,100.0,55.0,0.0,0.0,46.5407781933,0.503692757076,10.8097628918,15.1970133695,15.6716915353,9.41871423678
79,100.0,70.0,0.0,0.0,39.3560827373,-2.60992311427,0.633487326326,10.139170781,10.8673106441,8.789303354
80,100.0,85.0,0.0,0.0,40.8151464241,11.280337987,5.91673386621,12.9688462005,11.749473962,8.04182705781
81,100.0,100.0,0.0,0.0,46.75699397,13.5534233928,-8.87551723463,17.6815340157,15.8347944812,16.5514615502
82,0.0,0.0,10.0,0.0,43.2965087673,-0.839292376605,-0.975419143806,12.7537594044,13.3571377282,11.3395074762
83,0.0,10.0,10.0,0.0,53.1235755001,-18.7927936259,4.04729159334,16.7814757756,21.1594617343,15.739796006
84,0.0,20.0,10.0,0.0,48.4930428852,7.02817133455,1.07769311329,17.8609806941,17.1855975257,13.7716063982
85,0.0,30.0,10.0,0.0,63.3253481197,-3.53170344924,20.123480526,29.8912918036,31.9787874442,16.3685522203
86,0.0,40.0,10.0,0.0,55.8517318249,26.5324689126,14.285622731,29.3252281568,23.7649964192,13.5772289211
87,0.0,55.0,10.0,0.0,51.2552509482,-15.9182186458,-5.66963594432,15.8647601209,19.4896762445,18.5570370042
88,0.0,70.0,10.0,0.0,58.5417982759,16.7759163404,2.11166536,29.808917267,26.5353994238,20.8328974222
89,0.0,85.0,10.0,0.0,54.7732921858,-9.24772854247,10.7535495634,19.9681047618,22.7108938401,14.2084232785
90,0.0,100.0,10.0,0.0,50.395725896,0.0826826288805,-10.67509862,18.0980999864,18.7519485333,20.2169978938
91,10.0,0.0,10.0,0.0,65.5923612212,8.39989320962,30.0617395432,36.0194758256,34.7996228117,13.9591217112
92,10.0,10.0,10.0,0.0,33.3744966768,0.146043931515,-2.39398123273,7.45140322632,7.71141501458,6.91475872834
93,10.0,20.0,10.0,0.0,49.1642010656,-14.0582347467,13.2776975306,14.6542916309,17.7277352573,10.0300482885
94,10.0,30.0,10.0,0.0,34.118589749,5.80729443773,3.07549169887,8.42159812277,8.06533774926,5.96918367691
95,10.0,40.0,10.0,0.0,56.275904876,2.73721101449,26.8460176424,23.9449704413,24.1883723394,9.6383798532
96,10.0,55.0,10.0,0.0,48.5973191715,-4.5210634256,-3.61098899469,15.854435329,17.2690925478,15.6801518737
97,10.0,70.0,10.0,0.0,61.0624788024,-16.3843216797,10.4510497501,24.2918394406,29.3193917106,18.9202143368
98,10.0,85.0,10.0,0.0,55.8675144112,11.0125040412,8.94300077158,25.46522596,23.7806601543,15.6723106065
99,10.0,100.0,10.0,0.0,73.0103443767,-1.40772726084,28.9264452751,43.089199223,45.1801300019,19.9224208329
100,20.0,0.0,10.0,0.0,38.982703513,12.0513243815,-3.91158765968,11.9161932625,10.6488890828,9.9195947436
101,20.0,10.0,10.0,0.0,39.5220401552,7.43760624512,6.57678503421,11.5906369839,10.9653444852,7.30795367478
102,20.0,20.0,10.0,0.0,44.0239745302,4.25933529464,-4.61262243025,14.0308839656,13.8548006017,13.0293582657
103,20.0,30.0,10.0,0.0,58.4013698185,-11.0377375137,5.54507138308,22.9058478276,26.3857125481,19.0679801322
104,20.0,40.0,10.0,0.0,64.2082884312,-21.6879692672,10.8241955777,26.2473625968,33.0585483654,21.360019971
105,20.0,55.0,10.0,0.0,64.9632880691,-11.4775129126,13.2689078112,29.6571860889,34.0009024638,20.7905504311
106,20.0,70.0,10.0,0.0,59.3787409234,-2.55255218631,8.71336186623,25.8408460436,27.4392773423,18.3850196554
107,20.0,85.0,10.0,0.0,54.104212678,7.31176808553,4.13652490893,22.8675393742,22.0728484254,16.4058150978
108,20.0,100.0,10.0,0.0,40.0194924685,7.42786614722,-0.560736177473,11.8940239627,11.2627265996,9.45572219678
109,30.0,0.0,10.0,0.0,38.3695049649,8.36310458374,3.75482205026,11.030290211,10.2965603332,7.51518325468
110,30.0,10.0,10.0,0.0,50.2267008551,23.3077087026,-3.15306027772,22.7088678659,18.6091010736,16.6618901238
111,30.0,20.0,10.0,0.0,39.1416632994,6.30211985048,2.31143210308,11.2039711497,10.7415169611,8.23202872716
112,30.0,30.0,10.0,0.0,41.5747635006,1.46780222593,4.5736788322,12.0009614097,12.2270734304,8.75739179215
113,30.0,40.0,10.0,0.0,43.3050406997,-2.7721468724,6.77360592844,12.471097824,13.3629042698,8.97652004865
114,30.0,55.0,10.0,0.0,60.8828106807,-16.1814045297,8.47666532623,24.160184892,29.1147984471,19.702592612
115,30.0,70.0,10.0,0.0,62.1270631887,15.4615994863,22.5524274632,33.7076225685,30.551358791,14.5482230623
116,30.0,85.0,10.0,0.0,57.3450633556,7.26001576448,15.2267910182,26.0933864749,25.277766424,14.1934296654
117,30.0,100.0,10.0,0.0,52.9470419637,-2.6183543205,5.77657424669,19.717563119,20.9977590282,14.9203704068
118,40.0,0.0,10.0,0.0,49.9312002805,-10.2597482904,-0.706261905737,15.8563112026,18.3611119609,15.433974811
119,40.0,10.0,10.0,0.0,49.4417993252,-2.30994451053,-16.4703011784,16.8922937192,17.9552612138,22.2958775023
120,40.0,20.0,10.0,0.0,45.7254987774,9.71230920862,16.8633594799,16.1786990267,15.0667595079,7.40900742958
121,40.0,30.0,10.0,0.0,45.6032570104,7.20996356247,-1.85328557626,15.651380748,14.9774216043,13.0161880093
122,40.0,40.0,10.0,0.0,41.6527663449,0.667867732825,8.44940789454,11.934207533,12.2768368602,7.75987172886
123,40.0,55.0,10.0,0.0,40.7871349051,-0.00356765598603,-7.75508765449,11.312722516,11.7321040319,12.1674462428
124,40.0,70.0,10.0,0.0,38.7747274078,-5.7824475542,2.37530584811,9.42474900844,10.528504985,8.04797902229
125,40.0,85.0,10.0,0.0,65.9254605462,8.57261185226,23.7480400848,36.5043215293,35.2275716339,16.7325895927
126,40.0,100.0,10.0,0.0,61.4465192701,1.06735102776,16.5181219582,28.9735107495,29.7599189145,16.5231164682
127,55.0,0.0,10.0,0.0,56.642188896,-6.92597078769,7.75664597563,22.1442041456,24.557988897,16.7265040826
128,55.0,10.0,10.0,0.0,54.2259473433,-8.96566798014,-23.2137710836,19.5504016109,22.1880354901,30.9852301961
129,55.0,20.0,10.0,0.0,61.3001462204,5.0347361836,-1.21284839091,29.8481491476,29.5914998906,25.0887459092
130,55.0,30.0,10.0,0.0,38.1418326981,-0.107491143788,12.3093075267,9.79117601373,10.1677507132,5.48903621313
131,55.0,40.0,10.0,0.0,34.0311062567,-1.3941057864,0.434857785221,7.58763740168,8.02317656621,6.52034587459
132,55.0,55.0,10.0,0.0,35.6530887322,-7.24022148623,4.64239385688,7.70995484311,8.82906921693,6.20401133713
133,55.0,70.0,10.0,0.0,50.095002954,-5.8991549181,24.1597215575,16.7525371751,18.4983039563,7.46804830998
134,55.0,85.0,10.0,0.0,43.4823061614,-4.29470344783,-8.59750487907,12.3592057657,13.4830897793,14.1639698489
135,55.0,100.0,10.0,0.0,44.4803205131,5.55285787394,14.2633201263,14.5592558797,14.1732120371,7.52204799671
136,70.0,0.0,10.0,0.0,46.0957948095,0.172682619446,-6.94893987826,14.8205094815,15.3395494305,15.2846446252
137,70.0,10.0,10.0,0.0,48.6916394747,22.7966065827,9.75976424953,21.1722242537,17.3448482687,10.8736396862
138,70.0,20.0,10.0,0.0,53.5173197687,34.7682642048,-0.151311113128,28.8499665428,21.5231132624,17.826162324
139,70.0,30.0,10.0,0.0,46.2789563821,6.34051967293,-5.85304260767,16.0057466857,15.4756896427,14.9730375847
140,70.0,40.0,10.0,0.0,57.6000192866,16.2820562707,10.4739295538,28.6206569718,25.5422891355,16.2753945144
141,70.0,55.0,10.0,0.0,41.3646359644,-7.80801253882,5.44476606192,10.5916337547,12.0936879384,8.41963505734
142,70.0,70.0,10.0,0.0,51.4587777799,-4.57588460234,7.8330437719,18.0836048818,19.6671503298,13.164680593
143,70.0,85.0,10.0,0.0,66.6839461801,-8.62799821761,16.4549256911,32.4466798998,36.215094199,20.682427011
144,70.0,100.0,10.0,0.0,41.0975094918,-6.90921332205,1.89952672701,10.5581486125,11.9255255846,9.28113373392
145,85.0,0.0,10.0,0.0,43.5041491763,5.85901443463,8.08488230132,13.9285448893,13.4979489625,8.70625403404
146,85.0,10.0,10.0,0.0,37.5815337956,1.93247005115,-0.783688083507,9.74401499501,9.85533647515,8.34039037345
147,85.0,20.0,10.0,0.0,52.6109850973,34.3257481341,3.08130183436,27.7389334854,20.6922156967,15.7735386139
148,85.0,30.0,10.0,0.0,39.5924625834,-9.27023563294,3.68009917573,9.42928368449,11.0071217346,8.07557184675
149,85.0,40.0,10.0,0.0,37.4617423839,3.27958686444,-3.26260260996,9.8486663327,9.78938387146,8.96568118951
150,85.0,55.0,10.0,0.0,44.753601398,-3.22518295219,10.7688045746,13.3476978183,14.366206832,8.5606844147
151,85.0,70.0,10.0,0.0,41.7154897547,12.3416937049,2.61862740581,13.7340128076,12.3169502768,9.38138922407
152,85.0,85.0,10.0,0.0,49.8724596761,4.89716092915,19.6490373066,18.5877963085,18.3120798405,8.54576816876
153,85.0,100.0,10.0,0.0,49.4580562349,-2.22565503882,-1.22623517435,16.9202703071,17.9686457592,15.3145459086
154,100.0,0.0,10.0,0.0,64.7050616556,-12.4569654151,16.45667466,29.1089796205,33.676608893,19.0478667996
155,100.0,10.0,10.0,0.0,57.0033238798,15.7562948284,13.0911435242,27.8305657259,24.926077156,14.7936951348
156,100.0,20.0,10.0,0.0,75.9278193771,3.2388899533,33.9109852464,49.1794501878,49.769915947,19.9443074148
157,100.0,30.0,10.0,0.0,53.3188724375,10.3330096463,12.2122020923,22.786981593,21.339316337,12.7425331314
158,100.0,40.0,10.0,0.0,51.3340082773,-10.7250329467,-7.13608753899,16.8454191675,19.5582249298,19.3001180526
159,100.0,55.0,10.0,0.0,35.4604141968,1.21275032445,6.16682162422,8.55776098131,8.73063565446,5.80359360399
160,100.0,70.0,10.0,0.0,60.4969668231,-1.50894806106,2.73574775928,27.2767597419,28.6786483137,22.2207384644
161,100.0,85.0,10.0,0.0,47.6540335835,17.8246175126,14.4681243837,19.2451172724,16.5235675071,8.92127919941
162,100.0,100.0,10.0,0.0,56.5467381086,-22.6909272571,4.39601373061,18.8166153875,24.4613095152,18.1290170047
163,0.0,0.0,20.0,0.0,51.7560121711,1.9569588946,1.33425146998,19.6056348251,19.9282675108,15.885914498
164,0.0,10.0,20.0,0.0,67.555800545,-8.57498594061,21.0786518988,33.5251088827,37.3728179972,19.1847015085
165,0.0,20.0,20.0,0.0,59.9476164856,19.7027061019,16.4857893923,32.2496951686,28.0652217674,15.4654219098
166,0.0,30.0,20.0,0.0,42.3508031537,21.6568783575,1.76732431255,15.725130512,12.7281869858,9.95828136684
167,0.0,40.0,20.0,0.0,38.2239114015,-1.71056835208,0.236604835191,9.63470051375,10.2140636051,8.36384601106
168,0.0,55.0,20.0,0.0,48.8314493131,12.2497299585,1.38826058454,19.1465259527,17.4575471445,13.8742465085
169,0.0,70.0,20.0,0.0,51.0043623107,-16.1155469046,-1.02250146669,15.6436549234,19.2723763186,16.3277097531
170,0.0,85.0,20.0,0.0,77.4434272151,-7.06115448302,29.6161739576,47.8011839948,52.2723840837,23.4492383251
171,0.0,100.0,20.0,0.0,76.135276784,3.47213038341,30.3326595394,49.5970248791,50.1076305738,21.8949524788
172,10.0,0.0,20.0,0.0,50.9775647027,-17.1565547077,2.62559448235,15.4454619961,19.2492622834,14.8237454311
173,10.0,10.0,20.0,0.0,62.413074212,25.6804091434,17.2264336916,37.103488755,30.8881199319,16.9323577518
174,10.0,20.0,20.0,0.0,38.3184449597,0.0381297131202,-5.14484094162,9.90581932037,10.267578158,9.94614247691
175,10.0,30.0,20.0,0.0,40.9796744825,18.2620987609,9.91782450606,14.1723328172,11.8518439292,7.10624806422
176,10.0,40.0,20.0,0.0,46.1538373787,23.1264101047,2.89173538445,19.0159239137,15.3826044885,11.6922423352
177,10.0,55.0,20.0,0.0,37.4024163972,-1.10338896058,-2.9061779853,9.27381753535,9.75683046404,8.83702430122
178,10.0,70.0,20.0,0.0,45.8873510386,10.2533817989,12.4564380092,16.3976952311,15.1855915479,8.63388583194
179,10.0,85.0,20.0,0.0,40.0995999488,-8.84290843711,0.169751300749,9.7538534233,11.3111125848,9.28379930249
180,10.0,100.0,20.0,0.0,72.752621996,-0.938008804433,26.7496411869,42.8727444144,44.7888187716,20.76545481
181,20.0,0.0,20.0,0.0,54.294625861,-0.625176616707,12.8226280335,21.3261062249,22.2531965393,13.1282363656
182,20.0,10.0,20.0,0.0,38.8756149411,13.7638844048,6.5785361614,12.0966639641,10.5867883887,7.03686315795
183,20.0,20.0,20.0,0.0,48.4955775844,-7.49586402798,4.08865420461,15.2690903961,17.1876238853,12.6740843084
184,20.0,30.0,20.0,0.0,37.7470242747,3.70485905778,0.208470612699,10.059363607,9.94693558276,8.15199600388
185,20.0,40.0,20.0,0.0,42.5174440982,-12.8562669775,-2.70577854484,10.5811204324,12.8375479599,11.4675904659
186,20.0,55.0,20.0,0.0,48.6822027528,18.5401313248,8.42925508393,20.2801973752,17.3372589742,11.3003316572
187,20.0,70.0,20.0,0.0,58.6608650265,-3.18631382588,14.7049843555,24.9546243108,26.6627588344,15.2886628275
188,20.0,85.0,20.0,0.0,52.4081333828,25.3322500765,6.88058265618,25.3246477223,20.5092251587,14.130076907
189,20.0,100.0,20.0,0.0,49.6222243453,-13.2689752491,1.87818390605,15.1143510465,18.1041806302,14.2062069621
190,30.0,0.0,20.0,0.0,45.6469176422,5.85670878588,-4.23643966193,15.4516633984,15.0092894288,13.9248812802
191,30.0,10.0,20.0,0.0,61.1212541256,2.3590554918,28.7834171929,28.9448916224,29.3865283278,11.6634057957
192,30.0,20.0,20.0,0.0,50.5998025491,21.0432787413,4.62623466318,22.564383884,18.9253908391,13.8030722241
193,30.0,30.0,20.0,0.0,53.5870150585,-8.67090233727,16.1527544663,19.0634485288,21.587912827,11.5431159024
194,30.0,40.0,20.0,0.0,45.2194399237,2.62931479611,-5.98059243359,14.602331756,14.6992131824,14.3090206533
195,30.0,55.0,20.0,0.0,66.2841540337,4.088836868,2.52709964071,35.6220743411,35.6923101229,27.9039940737
196,30.0,70.0,20.0,0.0,35.9423956984,11.3221003698,7.26184958128,10.0386930209,8.97825552519,5.74809079773
197,30.0,85.0,20.0,0.0,57.8664845354,-4.85954979278,-7.5875699889,23.7760368942,25.8207185503,25.344030608
198,30.0,100.0,20.0,0.0,34.1858861626,1.10545035337,0.717933292805,7.92906909092,8.09787043419,6.51665123472
199,40.0,0.0,20.0,0.0,78.3489349919,-5.04309055991,8.8390381019,49.9792253488,53.8067844583,37.5452656471
200,40.0,10.0,20.0,0.0,46.6768414373,2.37221371957,-16.7113719469,15.6152160737,15.7741998692,20.0355203931
201,40.0,20.0,20.0,0.0,65.8676711902,-17.6813065959,-7.57049115068,29.0535341257,35.1530767339,33.9266980621
202,40.0,30.0,20.0,0.0,52.8071825568,20.2743369453,-5.79528895473,24.5408843216,20.8702358936,19.8690534546
203,40.0,40.0,20.0,0.0,58.5388426508,-17.0206245271,-24.6060875593,21.7303571197,26.5322431176,37.0276483512
204,40.0,55.0,20.0,0.0,46.7881186249,-5.30448565762,-11.5692192588,14.4104886101,15.8583662119,17.7442212922
205,40.0,70.0,20.0,0.0,46.446848459,-4.97508048389,3.98538762122,14.2252863677,15.601185789,11.4953976712
206,40.0,85.0,20.0,0.0,50.0214578761,3.33900309027,-4.84918967427,18.411522335,18.4366224721,17.2402609553
207,40.0,100.0,20.0,0.0,51.6385095344,6.09263503177,15.3431323924,20.3406606181,19.824768261,10.7133579929
208,55.0,0.0,20.0,0.0,56.7802734194,14.4281089108,5.08866798186,27.2560285972,24.6983010923,17.9986377611
209,55.0,10.0,20.0,0.0,74.2192702606,0.38099691883,5.83375065811,45.4998580619,47.0461362786,34.6122549368
210,55.0,20.0,20.0,0.0,45.3393972775,3.55943690874,-16.614608503,14.8415061885,14.7857903901,18.9002356854
211,55.0,30.0,20.0,0.0,62.5454209448,-13.0738282233,-9.69907299524,26.6004646604,31.0447843159,31.5225030867
212,55.0,40.0,20.0,0.0,50.8439303988,22.8439186656,-6.66055717438,23.1970009661,19.1342730573,18.6862976463
213,55.0,55.0,20.0,0.0,56.0107176526,-21.1251921044,-11.1514902289,18.6720336557,23.923099665,25.5498575869
214,55.0,70.0,20.0,0.0,44.3979870053,1.98789468578,-10.1838590988,13.9256190618,14.1154076604,15.4087183521
215,55.0,85.0,20.0,0.0,68.4930024646,-5.66506282212,36.9515196956,35.5527141391,38.6445506271,13.2562322044
216,55.0,100.0,20.0,0.0,51.3440712207,8.42595086817,-7.55442406631,20.5596217839,19.5669950623,19.5055538787
217,70.0,0.0,20.0,0.0,58.3502295856,-21.3565004073,13.8872878702,20.6457461449,26.3313407992,15.4024288028
218,70.0,10.0,20.0,0.0,58.3398742601,26.2216523164,4.58111727513,32.1352646875,26.3203402294,19.4706478347
219,70.0,20.0,20.0,0.0,76.6389243095,4.09164864502,17.6776163192,50.6406593329,50.9338544523,29.5592779575
220,70.0,30.0,20.0,0.0,48.0099960075,6.13851869126,-11.3499994715,17.3080960251,16.8023270049,18.5960145924
221,70.0,40.0,20.0,0.0,66.1702974556,-10.1702850934,1.29605975676,31.406612942,35.5443526996,28.5302552933
222,70.0,55.0,20.0,0.0,53.8609904764,25.6550280119,-0.249734150651,26.9194733946,21.8439034556,18.135844609
223,70.0,70.0,20.0,0.0,56.1624692291,-22.9453967781,-2.44816255707,18.4471278102,24.0746614336,21.0599313342
224,70.0,85.0,20.0,0.0,34.6804981913,1.90198900333,0.0387132321155,8.25379416366,8.33966601406,6.87195498358
225,70.0,100.0,20.0,0.0,59.6217280272,-2.3432609657,7.22938275494,26.1442341398,27.705489256,19.2642907944
226,85.0,0.0,20.0,0.0,37.0810871293,10.7825586402,5.75616602273,10.6084951143,9.58176375725,6.50606131155
227,85.0,10.0,20.0,0.0,51.4101352802,-11.9443565027,-3.47650477018,16.6848012391,19.6246368245,17.6893146934
228,85.0,20.0,20.0,0.0,48.2779129363,5.0627057159,-12.4440841201,17.3226442654,17.0141921602,19.3183856747
229,85.0,30.0,20.0,0.0,66.952006618,-9.2385300735,27.4142691531,32.5994363137,36.5684641515,15.9354750442
230,85.0,40.0,20.0,0.0,52.6066278094,21.2262448509,-3.19896018092,24.5612086784,20.6882736364,18.4927031023
231,85.0,55.0,20.0,0.0,57.2081621182,-23.0297343251,10.4848789344,19.309848914,25.1364848392,15.9891524677
232,85.0,70.0,20.0,0.0,38.4561137179,1.82815830938,-5.42070067986,10.2113793568,10.3458449589,10.101949872
233,85.0,85.0,20.0,0.0,52.6803296646,-16.634062943,-2.83537876341,16.8262755099,20.755019494,18.384908527
234,85.0,100.0,20.0,0.0,42.0339122515,14.2713604035,1.21194882967,14.2616888748,12.5219388472,9.9610055595
235,100.0,0.0,20.0,0.0,62.9145217462,-6.45533834219,9.50908296028,28.6644293769,31.484501317,20.9030651057
236,100.0,10.0,20.0,0.0,46.9300905576,28.7063304105,9.26162658374,20.8197733676,15.9661829893,10.0799872866
237,100.0,20.0,20.0,0.0,62.8826048193,27.3709979554,4.16108470361,38.2520424415,31.4463151075,23.6371041083
238,100.0,30.0,20.0,0.0,55.1308979834,-7.56398420734,-14.5340492275,20.6283754814,23.0568995018,26.6213425059
239,100.0,40.0,20.0,0.0,54.8574042184,10.0150849081,-8.8395062711,24.2119384043,22.7919638556,23.1903310769
240,100.0,55.0,20.0,0.0,65.2263471339,6.3544904843,-0.634661984792,34.9431504923,34.3333990131,28.7155353485
241,100.0,70.0,20.0,0.0,49.0338059333,-3.76372819987,-17.8078593887,16.317060656,17.6215271932,22.6255209694
242,100.0,85.0,20.0,0.0,51.0068229918,24.6463431957,-0.198677182534,23.7620225539,19.2744996841,15.9856680231
243,100.0,100.0,20.0,0.0,53.0777960542,-0.761752615804,25.6076022958,20.2075722586,21.117448845,8.42835880843
244,0.0,0.0,30.0,0.0,44.9170306736,11.729886167,-9.11990291128,15.9218407723,14.4824557558,15.3404604036
245,0.0,10.0,30.0,0.0,45.9558989412,-12.0813154849,11.1833710178,12.7869604151,15.2361072266,9.02191691288
246,0.0,20.0,30.0,0.0,41.083592763,2.37228449429,-14.6398757282,11.8269210213,11.9168076637,14.9054259106
247,0.0,30.0,30.0,0.0,63.1150934555,16.4985742032,8.06225461879,35.2510244113,31.7251780845,21.8040105666
248,0.0,40.0,30.0,0.0,53.9033095765,-15.4625847525,-9.80615623841,18.017354448,21.883624096,22.8319628493
249,0.0,55.0,30.0,0.0,54.2000319812,-0.229085226218,-6.25348782543,21.3236432291,22.1634805147,21.2706946995
250,0.0,70.0,30.0,0.0,65.1192130219,-1.64733501501,4.70124872162,32.512815602,34.1977252206,25.4658630515
251,0.0,85.0,30.0,0.0,47.2133312423,-6.45426291814,-9.87712491338,14.5220639099,16.1827403134,17.3215949947
252,0.0,100.0,30.0,0.0,40.4208215832,-6.49556454394,-10.6994763936,10.2301486794,11.506526715,12.9840397752
253,10.0,0.0,30.0,0.0,37.6572523054,0.515825213602,1.59980442303,9.60780362192,9.89717662241,7.74983906992
254,10.0,10.0,30.0,0.0,46.1746156734,-0.893236310023,-5.00016174678,14.7002850832,15.3980370587,14.5670548622
255,10.0,20.0,30.0,0.0,40.5181170811,10.8129985558,8.5452173348,12.7052286771,11.5661570916,7.24638746374
256,10.0,30.0,30.0,0.0,52.6557968026,6.04806519541,2.15623485148,21.2435496273,20.7327861338,16.188807976
257,10.0,40.0,30.0,0.0,60.1996425011,21.0789430229,5.08371889801,32.9410521632,28.3455464452,20.77673197
258,10.0,55.0,30.0,0.0,57.641339764,-4.63118187343,-5.33622654792,23.6076122929,25.5853331008,23.8857276186
259,10.0,70.0,30.0,0.0,52.504036396,5.0096144197,-7.56105412306,20.8883372384,20.5956032743,20.4705269335
260,10.0,85.0,30.0,0.0,67.6537683172,9.8695974781,8.2316787721,39.2171100175,37.5044291921,25.9433317163
261,10.0,100.0,30.0,0.0,55.2403267257,11.6829511634,1.76049589825,24.9841384323,23.1634764379,18.3022043215
262,20.0,0.0,30.0,0.0,35.120274713,-2.90189045774,4.83869496759,7.93127883905,8.55865596584,5.96141679113
263,20.0,10.0,30.0,0.0,34.6013255147,1.78568647334,3.20127835441,8.20248359094,8.30064255729,6.12229354559
264,20.0,20.0,30.0,0.0,60.3107180011,4.29793006412,3.80893184659,28.5434741469,28.4696843311,21.5088256736
265,20.0,30.0,30.0,0.0,63.928194907,17.0436357268,1.89978591547,36.4625911423,32.7134273697,25.8909975018
266,20.0,40.0,30.0,0.0,55.1256883674,-14.3258421435,-16.7956038887,19.2559767516,23.0518338215,27.9544705535
267,20.0,55.0,30.0,0.0,54.9856627148,0.832444567379,-11.1202261173,22.2786080048,22.9159547476,24.5444653854
268,20.0,70.0,30.0,0.0,65.9558066953,-0.691992567227,-2.13131026845,33.8080976357,35.26673225,30.4354141145
269,20.0,85.0,30.0,0.0,48.5654935217,-1.35198863163,-23.0325469782,16.3867489594,17.2435808376,25.0123763229
270,20.0,100.0,30.0,0.0,41.577752164,0.581946190005,-12.3426295496,11.8754989941,12.2289776243,14.3410923166
271,30.0,0.0,30.0,0.0,47.258294342,-11.9059895578,7.55021833663,13.6778705193,16.2172968142,10.7899648285
272,30.0,10.0,30.0,0.0,45.0122962324,10.9450769633,-5.70565628388,15.8567718522,14.5505075619,14.0671167033
273,30.0,20.0,30.0,0.0,54.5401886485,-0.283064071398,20.5981210661,21.6238286175,22.4872258981,10.6335539148
274,30.0,30.0,30.0,0.0,50.1577645202,23.3904530342,3.4745344226,22.6615965025,18.5510500908,13.9499738164
275,30.0,40.0,30.0,0.0,60.4372047403,21.5744686315,0.491447726309,33.3725386623,28.6114865469,23.3443511536
276,30.0,55.0,30.0,0.0,52.6956443621,-11.070141253,-17.8095485024,17.8640544755,20.7689067771,26.0874460704
277,30.0,70.0,30.0,0.0,51.729997644,4.79400573918,-12.8264888357,20.1558262501,19.9053222952,22.4521337205
278,30.0,85.0,30.0,0.0,62.6240749721,3.76043476391,-3.73650938859,31.0370337654,31.1381408709,27.875844385
279,30.0,100.0,30.0,0.0,47.1058101594,-4.09338959321,-13.6630749407,14.835030366,16.1003038483,18.9438264397
280,40.0,0.0,30.0,0.0,50.4551514418,-14.2114866757,-7.74404912206,15.5640688641,18.8023437547,18.8769419148
281,40.0,10.0,30.0,0.0,55.0253544953,16.9913742209,19.4087226599,26.0287185602,22.9544167565,11.2861976229
282,40.0,20.0,30.0,0.0,35.627337794,0.348411425018,3.26031853384,8.54109862429,8.81587096522,6.50364538939
283,40.0,30.0,30.0,0.0,48.1379863188,-2.84800181336,3.08995576181,15.8012178584,16.9033192625,12.8102291458
284,40.0,40.0,30.0,0.0,70.4495742462,5.16297639101,11.8967158734,41.5961502412,41.3918281825,26.6101339997
285,40.0,55.0,30.0,0.0,62.9127226825,25.9208780557,10.5104419718,37.841111199,31.4823480505,20.4092675547
286,40.0,70.0,30.0,0.0,53.9561109737,-10.3693856079,-8.90133311602,19.0423387905,21.9332508854,22.4069335806
287,40.0,85.0,30.0,0.0,54.3755628733,8.40491864416,-4.33419173015,23.3727954318,22.3301518601,20.4704816807
288,40.0,100.0,30.0,0.0,64.5939167686,6.39354917906,5.62375008055,34.1589230036,33.5376648005,24.4464136758
289,55.0,0.0,30.0,0.0,47.562943299,-6.19001522179,-7.24642898445,14.814072286,16.4527322343,16.4500846637
290,55.0,10.0,30.0,0.0,33.8158155764,-5.52252188226,2.21149210963,7.06301877961,7.92004714985,6.04297065416
291,55.0,20.0,30.0,0.0,34.5107389223,5.33569687986,6.81541937815,8.56115944032,8.25614283606,5.33472789164
292,55.0,30.0,30.0,0.0,36.5903590388,0.277392473393,8.93113626517,9.01878489359,9.31846631606,5.63317382201
293,55.0,40.0,30.0,0.0,33.3360206966,-1.39281481281,0.876267038251,7.27389659348,7.69340127558,6.15369737099
294,55.0,55.0,30.0,0.0,53.7903071226,-10.4824440633,-11.5931636188,18.8803984209,21.7776674047,23.6790124435
295,55.0,70.0,30.0,0.0,55.1169098861,10.618410617,14.3600961503,24.6106084736,23.0432995583,13.0847706214
296,55.0,85.0,30.0,0.0,63.5729925148,2.66299410922,0.933251452781,31.8573763644,32.2792254526,26.0939078035
297,55.0,100.0,30.0,0.0,48.5682066034,-6.62123686651,1.2760207323,15.4710988383,17.2457546865,13.745833842
298,70.0,0.0,30.0,0.0,39.459110706,-2.94290019198,-0.0548742398662,10.1534984857,10.9281019085,9.03235991239
299,70.0,10.0,30.0,0.0,49.8847655179,-6.85547915618,-14.1295434515,16.4192590332,18.3223445698,21.4899901734
300,70.0,20.0,30.0,0.0,43.6089822616,9.26822874107,7.59866846955,14.5526296128,13.5694158815,8.8918819246
301,70.0,30.0,30.0,0.0,58.6455920092,3.06550426269,-3.42959711703,26.4364664282,26.646399361,23.7909847514
302,70.0,40.0,30.0,0.0,48.2693568027,23.5422675493,17.6286605894,20.9467657144,17.0073987073,8.34440135165
303,70.0,55.0,30.0,0.0,77.7479441638,4.55848133626,10.1113570789,52.6425615443,52.7850929174,35.8802083741
304,70.0,70.0,30.0,0.0,46.4888594197,8.46389092256,-15.4115380866,16.5407498183,15.6326939524,19.2633728705
305,70.0,85.0,30.0,0.0,66.2410668694,-9.0049199998,-4.90697776299,31.8110592452,35.6362698574,32.5631509039
306,70.0,100.0,30.0,0.0,53.0992782255,27.1473382627,-4.05422984733,26.4792945496,21.1371566139,19.2821332964
307,85.0,0.0,30.0,0.0,56.1814924952,-19.6605414615,-17.0901180866,19.1014575599,24.0937059356,29.245934279
308,85.0,10.0,30.0,0.0,55.671008749,14.5220107206,9.01083382308,26.1045811166,23.586124333,15.506599475
309,85.0,20.0,30.0,0.0,50.4842233011,7.24746804238,10.1390191806,19.5673819804,18.8270307011,11.7660351913
310,85.0,30.0,30.0,0.0,47.8403387575,2.85211951628,-1.58396920479,16.5789266612,16.6690780802,14.3560931039
311,85.0,40.0,30.0,0.0,43.7006022054,-4.12538279557,-0.438185283512,12.5232198552,13.6320813179,11.392153392
312,85.0,55.0,30.0,0.0,42.6638404679,-5.58005574843,-8.41117264642,11.6647159313,12.934138443,13.5620161242
313,85.0,70.0,30.0,0.0,78.0347944686,-6.21723257577,16.1829790867,49.0413284839,53.27111308,32.0623541006
314,85.0,85.0,30.0,0.0,45.5835625221,2.02862158945,-12.6263295597,14.7621581072,14.9630614044,17.2950540815
315,85.0,100.0,30.0,0.0,64.8871706414,-19.9021251323,-0.724028780437,27.4091394413,33.9050950096,28.4132278005
316,100.0,0.0,30.0,0.0,52.5992848497,19.7395683379,-1.81033449106,24.2099144367,20.6816315564,17.860142281
317,100.0,10.0,30.0,0.0,54.9205541543,-23.8707925148,-6.0789055138,17.2671802626,22.8529565297,21.8104554603
318,100.0,20.0,30.0,0.0,44.0886118717,-1.03924075465,-9.5492446081,13.2426367571,13.8996078074,14.9412229707
319,100.0,30.0,30.0,0.0,71.110639837,-3.77742179045,9.24193664844,39.6164947106,42.3486571225,28.880411134
320,100.0,40.0,30.0,0.0,46.6442372636,8.81922965082,0.475318797994,16.7245221501,15.7495956973,12.8242516977
321,100.0,55.0,30.0,0.0,58.9892058961,-17.8922174665,-7.07015210217,21.9603376864,27.0160776702,26.1515855128
322,100.0,70.0,30.0,0.0,52.9320817022,31.1556179564,14.3043259294,27.2910486725,20.9840935917,11.784671816
323,100.0,85.0,30.0,0.0,74.1226682253,-0.031940584287,12.7495770988,45.2096602446,46.8951744732,29.9289344569
324,100.0,100.0,30.0,0.0,47.9958829378,13.3921781859,-8.489815783,18.6663542936,16.7912156091,17.3049518941
325,0.0,0.0,40.0,0.0,62.9281032428,-13.6602632618,-3.20550006122,26.861954779,31.5007599309,27.8717485259
326,0.0,10.0,40.0,0.0,54.067936291,32.2849622095,2.0666718513,28.8215182169,22.0386004585,17.2667824299
327,0.0,20.0,40.0,0.0,64.4395690493,3.23546111306,11.9114172297,33.0633627388,33.3453467564,21.0157803519
328,0.0,30.0,40.0,0.0,33.4565249481,5.53792161298,2.19509480481,8.07089329374,7.7499129575,5.91325429988
329,0.0,40.0,40.0,0.0,56.1793644907,-7.03381450763,1.27573420432,21.6910960329,24.0915750569,19.2729920396
330,0.0,55.0,40.0,0.0,49.2980272344,20.1356506774,0.73489009106,21.1622835721,17.8371807995,14.431208664
331,0.0,70.0,40.0,0.0,33.8686829215,2.27494946424,-3.02397014206,7.90745329411,7.94528951788,7.27200721894
332,0.0,85.0,40.0,0.0,38.4615204342,-9.2032009869,6.45426732292,8.85112083087,10.3489268499,6.8964019501
333,0.0,100.0,40.0,0.0,35.2854623515,8.22001358045,0.884203238486,9.29795828463,8.64189246241,6.91869014239
334,10.0,0.0,40.0,0.0,41.9281855612,-3.40364390681,13.7673006881,11.5245419532,12.4536257179,6.58510742315
335,10.0,10.0,40.0,0.0,37.0688394288,14.3960675087,5.11363578317,11.0885599988,9.57513272328,6.64851160978
336,10.0,20.0,40.0,0.0,55.8460057334,-32.5358941238,14.922863934,16.4218517094,23.7593151491,13.3381458362
337,10.0,30.0,40.0,0.0,46.7861988743,10.9504950947,-18.3359474504,17.2229954342,15.8569116448,20.9216911552
338,10.0,40.0,40.0,0.0,66.2382000282,-19.5648567022,34.6607701231,28.9791144559,35.6325432534,12.6806925199
339,10.0,55.0,40.0,0.0,52.5924382222,29.6404555899,-7.67816409917,26.554764305,20.6754397152,20.6025187031
340,10.0,70.0,40.0,0.0,79.2124145958,-3.16286533086,57.8907753963,52.0999145441,55.297661981,12.3775135688
341,10.0,85.0,40.0,0.0,56.9014997285,-29.7993038688,-0.8264914416,17.7513896895,24.8219227936,20.8873583789
342,10.0,100.0,40.0,0.0,44.4800408727,6.31444362772,-6.01546191865,14.6843541857,14.1730154417,13.8370626026
343,20.0,0.0,40.0,0.0,67.3784197718,-18.4205282118,15.8042045024,30.5805790739,37.135306439,21.6051416954
344,20.0,10.0,40.0,0.0,50.3961081363,27.9999804021,5.61808619454,23.9264189501,18.7522724001,13.3045326765
345,20.0,20.0,40.0,0.0,80.4522938558,-2.9757729122,36.0309256668,54.2518700088,57.4862149133,22.7988836968
346,20.0,30.0,40.0,0.0,59.9040350655,-22.6843222201,-25.4568491435,21.7776889166,28.0169350453,39.4013977321
347,20.0,40.0,40.0,0.0,43.1873254938,5.97783847652,0.989857590014,13.7308989038,13.2834895973,10.6444081575
348,20.0,55.0,40.0,0.0,70.8649007301,-12.1298093288,-11.3208616386,36.6827235698,41.9912705354,43.1129797549
349,20.0,70.0,40.0,0.0,49.9786474268,27.498518213,12.4670749433,23.4046085793,18.4007810154,10.7178733851
350,20.0,85.0,40.0,0.0,82.5427999563,-0.198915927573,4.44684746309,59.0337879083,61.3056817375,46.7148569617
351,20.0,100.0,40.0,0.0,34.1378274531,0.477272298452,-0.593496217918,7.83803094755,8.0746288015,6.80058268931
352,30.0,0.0,40.0,0.0,38.0135043998,-7.22156583022,0.433049984176,8.85707124017,10.0956223884,8.21427843751
353,30.0,10.0,40.0,0.0,35.0468276166,6.29111384216,2.77165712433,8.94277156254,8.52181897429,6.38779687909
354,30.0,20.0,40.0,0.0,42.0836802291,-2.5104648654,6.28823957402,11.7454095051,12.5541816926,8.52718442173
355,30.0,30.0,40.0,0.0,37.2141835202,13.7673253981,7.58255406666,11.0882509392,9.65402104999,6.14935658602
356,30.0,40.0,40.0,0.0,32.430442325,2.85838336266,-2.08667049652,7.3098851448,7.27748533588,6.46619842229
357,30.0,55.0,40.0,0.0,52.9996885628,-9.31465744881,20.8504282464,18.4467559327,21.045896188,9.74135338886
358,30.0,70.0,40.0,0.0,32.8426614325,8.89264872656,3.33322814124,8.14961185346,7.4648999966,5.45650269197
359,30.0,85.0,40.0,0.0,61.1821117545,-5.61163112753,35.0008506399,26.9911806243,29.4561513939,9.72861182025
360,30.0,100.0,40.0,0.0,47.9795419969,16.3011039124,-15.4385508072,19.221325187,16.7783563035,20.5080033582
361,40.0,0.0,40.0,0.0,60.6916159938,-18.0475974333,17.8980203175,23.5468304398,28.8981272688,15.4129986759
362,40.0,10.0,40.0,0.0,54.4016228027,34.339695069,-4.78222909221,29.7344373677,22.354967478,20.7123251837
363,40.0,20.0,40.0,0.0,72.1352613441,-1.96038603586,39.5950632231,41.6432473512,43.8606559353,14.6312252861
364,40.0,30.0,40.0,0.0,74.7507206791,10.4807682713,1.10739910206,49.9845693803,47.8824407655,38.6750869665
365,40.0,40.0,40.0,0.0,52.3306247659,23.0643632256,16.2214211391,24.7122697644,20.4395912791,10.813640188
366,40.0,55.0,40.0,0.0,64.5954873503,-2.36101104254,-12.6927912757,31.6871631004,33.5396255442,35.9708585449
367,40.0,70.0,40.0,0.0,46.0726647952,1.37471503986,1.81644780883,15.0042604247,15.3224143642,12.0097224393
368,40.0,85.0,40.0,0.0,55.6208121021,-13.5571978493,-24.5332595735,19.8354789347,23.5366015749,33.4470252765
369,40.0,100.0,40.0,0.0,38.4244468223,12.4119631941,9.39699364228,11.6249628304,10.3278067466,6.20921704362
370,55.0,0.0,40.0,0.0,40.9339023783,1.63838259373,5.20728860827,11.6310406139,11.8233049014,8.28384283331
371,55.0,10.0,40.0,0.0,36.3010880623,5.04328001871,4.22566407755,9.4448336773,9.16554310367,6.5484095448
372,55.0,20.0,40.0,0.0,37.1176492903,-3.87519776775,-0.508117857927,8.79654257553,9.60157710527,8.05490248465
373,55.0,30.0,40.0,0.0,34.9898861501,-1.30983376834,0.453433315073,8.04452546571,8.49333314192,6.90001249626
374,55.0,40.0,40.0,0.0,72.5037591092,8.49586408413,27.0573201473,45.7529541947,44.4131098806,20.4040943209
375,55.0,55.0,40.0,0.0,53.8100584736,21.3017918028,8.14825517791,25.8051266504,21.7961625274,14.5733421703
376,55.0,70.0,40.0,0.0,61.1324113439,-7.8069387976,10.7508062645,26.3990300267,29.399284319,18.8372535251
377,55.0,85.0,40.0,0.0,46.4147113933,2.97869222132,-4.7942175833,15.5254222653,15.5771116348,14.648226855
378,55.0,100.0,40.0,0.0,52.2452738545,-19.417193293,-2.34869665121,15.9986133689,20.3630944121,17.8280353045
379,70.0,0.0,40.0,0.0,36.8529720479,12.2493716185,5.77693723281,10.6728599948,9.45876146825,6.41227959486
380,70.0,10.0,40.0,0.0,39.4319132708,0.976188095998,10.9845344463,10.6519261072,10.9120321984,6.24224961025
381,70.0,20.0,40.0,0.0,36.4227577788,6.2835835966,0.924856784206,9.66345197405,9.22965832602,7.38404227879
382,70.0,30.0,40.0,0.0,37.5161351061,-5.068504214,4.37543012306,8.85815823661,9.81929384861,7.00314755234
383,70.0,40.0,40.0,0.0,34.248823164,0.250488339003,-2.45874285765,7.86538280773,8.12837473351,7.2941354845
384,70.0,55.0,40.0,0.0,71.4649758777,9.10024200645,43.1243532646,44.4032360653,42.867541249,12.8763225848
385,70.0,70.0,40.0,0.0,55.8617904478,23.7149614414,-7.81475074013,28.6053522436,23.7749785002,23.5677808882
386,70.0,85.0,40.0,0.0,60.0604717932,-8.93850567089,21.5176515726,25.0206104119,28.1905193691,13.5863064243
387,70.0,100.0,40.0,0.0,48.6058537587,6.71184759201,-19.3172989904,17.8929466143,17.2759382211,23.0309892615
388,85.0,0.0,40.0,0.0,52.5779960551,-21.6117371719,7.57513712425,15.8661445169,20.6623827967,13.9773176343
389,85.0,10.0,40.0,0.0,56.039178685,38.1870328404,7.2166917194,32.7083616812,23.9514764931,16.5139800811
390,85.0,20.0,40.0,0.0,60.8016487835,0.384770956388,23.1649214641,28.0841542617,29.0226900055,13.4494276958
391,85.0,30.0,40.0,0.0,49.7194201345,18.6703509461,-5.00296880705,21.236267287,18.1847443898,17.0808259305
392,85.0,40.0,40.0,0.0,52.4544973243,-15.0753482111,6.84711784963,16.9322417623,20.550954106,14.1734037582
393,85.0,55.0,40.0,0.0,55.8282305525,11.8716274025,-2.11169886702,25.6298553877,23.7416848726,20.608647536
394,85.0,70.0,40.0,0.0,57.2214047604,-4.15130416549,27.0289324804,23.3077049046,25.1501281413,10.0727791118
395,85.0,85.0,40.0,0.0,33.2647542258,2.53972310608,0.107021714975,7.65482903581,7.66010978192,6.29653122801
396,85.0,100.0,40.0,0.0,47.4829511824,-18.1776697797,8.99295013941,12.8601846911,16.3906945166,10.456923069
397,100.0,0.0,40.0,0.0,47.6271761205,-13.5483428941,3.81852454141,13.6696349448,16.502661029,12.2434532804
398,100.0,10.0,40.0,0.0,53.42086177,-1.08040742345,-20.1341509397,20.4452997707,21.4336450349,28.1952679877
399,100.0,20.0,40.0,0.0,54.8531771828,1.86141462476,17.9585878687,22.3785105357,22.7878850993,11.6693849735
400,100.0,30.0,40.0,0.0,63.1493235287,13.1206257864,-7.19159051412,34.3040693879,31.7663747149,30.5766428391
401,100.0,40.0,40.0,0.0,64.6764211648,19.7928075741,35.2385569417,38.3000964742,33.6407683023,11.5544141978
402,100.0,55.0,40.0,0.0,49.5946191565,-11.9239597658,-5.39015516718,15.3215025895,18.0813426761,17.1554348647
403,100.0,70.0,40.0,0.0,51.8542344462,-7.04375755978,-1.75628020352,17.9392965063,20.0150600456,17.269498112
404,100.0,85.0,40.0,0.0,56.5901728263,1.44265042441,6.05700046899,23.9586973783,24.5052717805,17.4235870247
405,100.0,100.0,40.0,0.0,60.7609348189,9.34363369454,12.9310855558,30.3766869277,28.9765580865,17.5630335763
406,0.0,0.0,55.0,0.0,65.8819282494,18.9058066119,21.7799024288,39.6630930976,35.1714454052,17.5544232083
407,0.0,10.0,55.0,0.0,35.3799445695,-2.75368387452,-2.56886356256,8.07078218236,8.6897428835,7.81196250182
408,0.0,20.0,55.0,0.0,35.9381004916,-2.56310719972,3.00820399847,8.36164333104,8.97602842676,6.68456861696
409,0.0,30.0,55.0,0.0,37.5036241505,1.96270044063,1.56222694535,9.70570798674,9.81240882049,7.69185616432
410,0.0,40.0,55.0,0.0,38.5534847321,4.14188138464,8.92961239478,10.5694705082,10.4014413478,6.36265167482
411,0.0,55.0,55.0,0.0,39.6860283229,8.38152260105,7.10051214432,11.8248149791,11.0627924379,7.24885006882
412,0.0,70.0,55.0,0.0,50.1213218817,-4.6073744645,-23.8608320967,17.0069503401,18.5204107447,27.0248472605
413,0.0,85.0,55.0,0.0,49.6021658505,-7.75511235421,9.02001481745,16.0457173563,18.0875841969,11.6308270006
414,0.0,100.0,55.0,0.0,58.1885312241,6.51970091024,-13.6223210883,26.8004973835,26.1599163829,29.2413564901
415,10.0,0.0,55.0,0.0,59.2223560582,9.78296575214,25.0362240591,28.74795328,27.2688503254,11.8230631174
416,10.0,10.0,55.0,0.0,67.8335957414,21.1582661666,-0.398979886835,43.1746167682,37.7468151639,31.4036954584
417,10.0,20.0,55.0,0.0,35.070726815,-3.88849593562,0.786335617844,7.80067325598,8.53379386201,6.85431109314
418,10.0,30.0,55.0,0.0,35.8006445209,-1.0717823768,-1.05427017307,8.46394009398,8.90495076399,7.61079899918
419,10.0,40.0,55.0,0.0,37.3274155663,1.21623289515,5.2134447237,9.51839021391,9.71577933622,6.72872374841
420,10.0,55.0,55.0,0.0,38.8811507217,4.86667923704,3.96431868099,10.8552066247,10.5899926562,7.68497618211
421,10.0,70.0,55.0,0.0,39.9550780375,7.57238348041,11.1982672141,11.8749479479,11.2239196658,6.39586908682
422,10.0,85.0,55.0,0.0,32.737384225,-3.02878073145,-1.83569308125,6.84702151152,7.41673363351,6.52946576666
423,10.0,100.0,55.0,0.0,35.9885059325,-3.96393646948,8.4591021645,8.22820427473,9.00218725223,5.517038615
424,20.0,0.0,55.0,0.0,34.4640396708,1.06321693381,3.33082256496,8.0562924393,8.23326457217,6.04260176815
425,20.0,10.0,55.0,0.0,51.6289877928,9.39267513859,21.1685187963,21.016165951,19.8163970056,8.96431827997
426,20.0,20.0,55.0,0.0,49.3310046837,-1.84364338352,-12.689818567,16.8902538086,17.8642193734,20.3038667606
427,20.0,30.0,55.0,0.0,51.2118570432,1.03369980654,6.65442829953,18.958958501,19.4519756521,13.4407024787
428,20.0,40.0,55.0,0.0,57.178916049,12.7273244829,-1.55170134879,27.2603903358,25.1063714047,21.4891217466
429,20.0,55.0,55.0,0.0,59.4942648635,19.604280898,22.3065867635,31.6808994229,27.5656294407,12.9405046612
430,20.0,70.0,55.0,0.0,59.3278823821,34.465395161,-1.52834511864,35.7391566938,27.3837744148,23.4015607288
431,20.0,85.0,55.0,0.0,65.2660279372,-0.295844418605,34.6587197101,33.0721548792,34.3837413918,12.0954506151
432,20.0,100.0,55.0,0.0,52.6928906184,16.9891942932,-13.0306053521,23.6735299099,20.7664092409,23.435032012
433,30.0,0.0,55.0,0.0,55.1535488,-17.3449055686,14.5504776691,18.6886136177,23.0789331303,13.0386969853
434,30.0,10.0,55.0,0.0,47.4952084905,1.76490728437,-22.451770957,16.1225591837,16.4001905112,23.6816990282
435,30.0,20.0,55.0,0.0,42.9975669049,3.53360985693,15.0068320571,13.2226369243,13.1561354655,6.72470633846
436,30.0,30.0,55.0,0.0,37.5989126453,9.06150726514,3.17365072958,10.6765144721,9.86492914394,7.32946735685
437,30.0,40.0,55.0,0.0,39.1074079379,-2.09356082278,7.90401110036,10.0677386553,10.7215107088,6.81717645563
438,30.0,55.0,55.0,0.0,35.1904255995,1.9203118016,-1.55099209808,8.50535533669,8.59393873326,7.47133379469
439,30.0,70.0,55.0,0.0,36.5323227824,-7.1993998845,2.91490159336,8.12864469609,9.28765007988,6.94695869811
440,30.0,85.0,55.0,0.0,58.6674681741,31.7747378992,15.1001355728,34.1114844299,26.6698337741,15.1348077793
441,30.0,100.0,55.0,0.0,66.6310271858,-0.298746605695,18.7332191342,34.767416144,36.1456040447,19.5383060772
442,40.0,0.0,55.0,0.0,50.9507432988,11.977475176,2.067645005,20.9452830076,19.2261462363,15.0263056619
443,40.0,10.0,55.0,0.0,55.7520693868,-15.3264945053,2.45386505095,19.5938203839,23.6662433176,18.3880288323
444,40.0,20.0,55.0,0.0,45.425848623,-2.0593057714,-7.4753224364,13.9867414112,14.8483955315,15.0331807891
445,40.0,30.0,55.0,0.0,42.3034664017,4.70084268139,8.62470468034,12.9439055027,12.6972351044,8.00468928563
446,40.0,40.0,55.0,0.0,36.9932394531,8.50425861851,6.91380884744,10.2594491631,9.53426981285,6.21265602939
447,40.0,55.0,55.0,0.0,39.2545918804,-0.680488311369,2.87434477311,10.3326913004,10.8076471864,8.13438734004
448,40.0,70.0,55.0,0.0,35.485821944,1.48036390387,1.71174731568,8.60124733944,8.74357387085,6.80501027769
449,40.0,85.0,55.0,0.0,36.5511048522,-5.50301145851,-1.64354959391,8.32795117709,9.29761558259,8.09659937615
450,40.0,100.0,55.0,0.0,57.7577645595,31.2501091233,23.4659243865,32.8410173677,25.7068740318,11.5023982439
451,55.0,0.0,55.0,0.0,69.6684862347,3.2134411497,-6.43754809233,39.8647134441,40.2799860271,37.7729231038
452,55.0,10.0,55.0,0.0,50.3380041648,11.3570998796,8.24170516462,20.2707954905,18.7030845047,12.3306120458
453,55.0,20.0,55.0,0.0,59.2577103436,-9.23503638815,-20.1918123559,24.146764486,27.3073172366,34.7718577804
454,55.0,30.0,55.0,0.0,45.5655364856,-3.90362304093,-0.895365424466,13.7892687101,14.9499258011,12.6500405487
455,55.0,40.0,55.0,0.0,70.4945021195,14.4395571193,13.8367123003,44.8033451611,41.4563957685,25.5407041258
456,55.0,55.0,55.0,0.0,50.2535558321,20.6148579704,8.49799790581,22.1449889861,18.631748268,12.1910665233
457,55.0,70.0,55.0,0.0,60.8213180489,-0.341128911883,-0.790747764037,27.9214894851,29.0449942612,24.3969518335
458,55.0,85.0,55.0,0.0,44.920303,2.9339165305,-1.66481054391,14.4410555626,14.4847897764,12.5288159864
459,55.0,100.0,55.0,0.0,65.6121964358,3.64284066368,7.73133278754,34.635713812,34.8250084897,24.2533451429
460,70.0,0.0,55.0,0.0,36.1394951287,5.73963329963,9.23031719939,9.44481302573,9.08084989554,5.41352712564
461,70.0,10.0,55.0,0.0,56.9530063127,-6.08550718395,-2.43486658847,22.6206115772,24.8745717497,21.7392621545
462,70.0,20.0,55.0,0.0,34.355830716,-2.56647671694,2.77462388323,7.61181198958,8.18041482255,6.12303390687
463,70.0,30.0,55.0,0.0,38.2264524408,-9.43422463767,-1.27456700087,8.70544226494,10.2154996258,8.77829885778
464,70.0,40.0,55.0,0.0,35.7064383412,3.74415884997,0.681454077847,8.97792881501,8.85645464932,7.14120382425
465,70.0,55.0,55.0,0.0,42.417383766,-5.09038167285,4.18020594622,11.5838660948,12.7718068392,9.27968202843
466,70.0,70.0,55.0,0.0,36.9741931146,11.3786742753,5.77623095402,10.6264870307,9.52399335081,6.45966207544
467,70.0,85.0,55.0,0.0,47.177460185,-0.135482678908,10.3673252165,15.5551559512,16.1552067544,9.87443496647
468,70.0,100.0,55.0,0.0,43.0070264491,-0.673746657947,-2.48281077119,12.5919077107,13.1624647604,11.6750975721
469,85.0,0.0,55.0,0.0,64.6640563785,-18.5682689075,-19.243689079,27.5023293986,33.6253029226,40.9282779717
470,85.0,10.0,55.0,0.0,47.5783223343,16.4541712062,7.33258537565,18.9117894841,16.464677325,11.0371658472
471,85.0,20.0,55.0,0.0,76.2113984998,-6.73888529362,-4.40322869559,46.0161841657,50.2319292514,44.9865481409
472,85.0,30.0,55.0,0.0,54.3072955444,37.6307861251,20.9887336227,30.5026878176,22.2652312478,10.3853670836
473,85.0,40.0,55.0,0.0,37.3697316977,-10.5286870375,4.20175309769,8.15985581319,9.73892655902,6.98434238053
474,85.0,55.0,55.0,0.0,34.8361526919,3.41306427373,-1.62715783988,8.50142528224,8.4167428506,7.33869385387
475,85.0,70.0,55.0,0.0,40.2668942792,-6.12686658959,10.3677893106,10.1919745642,11.4126070834,6.70866287239
476,85.0,85.0,55.0,0.0,36.3499284752,10.4681625763,3.00813062186,10.1547132154,9.19124431286,6.85047689862
477,85.0,100.0,55.0,0.0,43.6610454829,-0.678878615,18.1068883977,13.0156177771,13.6050020311,6.27979536922
478,100.0,0.0,55.0,0.0,43.2048213741,2.68668206422,-8.15040513529,13.229778497,13.2952729503,13.8130970373
479,100.0,10.0,55.0,0.0,61.1783183875,-25.9342305396,7.72734771021,22.2624492073,29.451808451,20.3083562169
480,100.0,20.0,55.0,0.0,48.5096027082,17.6817590921,0.225885711743,19.9540996483,17.1988391183,14.1045554864
481,100.0,30.0,55.0,0.0,74.0160928286,-10.8306617633,25.3067226764,41.3914583339,46.7290021669,22.6037581427
482,100.0,40.0,55.0,0.0,55.1708454308,38.8219290864,11.8211772146,31.841558708,23.0957679125,14.0625151723
483,100.0,55.0,55.0,0.0,45.1897781802,4.57609634249,-21.5882419322,14.9033637494,14.6778575603,21.170504998
484,100.0,70.0,55.0,0.0,59.8566800622,-27.5900590219,18.6229179392,20.6995807801,27.9645301437,14.5540830679
485,100.0,85.0,55.0,0.0,49.9813095645,20.7556393341,-12.9154985164,21.921677523,18.4030084355,20.9655338318
486,100.0,100.0,55.0,0.0,73.0575952478,-12.2633176433,40.8260200278,39.5864951732,45.2521194084,14.7720228563
487,0.0,0.0,70.0,0.0,56.493556611,39.126156151,-1.6073767843,33.5305605237,24.407553728,20.9257834466
488,0.0,10.0,70.0,0.0,52.5086406909,-9.23429989141,-12.9411572045,18.0583779404,20.59975637,23.2179876044
489,0.0,20.0,70.0,0.0,34.1089541023,5.58225406281,4.24450857255,8.39127464183,8.0606867921,5.71801816144
490,0.0,30.0,70.0,0.0,61.5437394287,-0.551177605297,-2.75066694707,28.663299697,29.8721343203,26.2004526993
491,0.0,40.0,70.0,0.0,45.2461599322,22.4081218726,11.3035328006,18.1225837011,14.7184685636,8.64692026471
492,0.0,55.0,70.0,0.0,58.8601648141,-19.316990989,-9.74373816032,21.5356778558,26.8768500993,27.5873083525
493,0.0,70.0,70.0,0.0,46.7507658898,11.2700038923,1.98448253614,17.2536171396,15.8300805564,12.3558386843
494,0.0,85.0,70.0,0.0,69.5371429889,-6.51983259937,4.74663947953,36.6483740045,40.095003288,29.98994798
495,0.0,100.0,70.0,0.0,52.6161980633,32.3553194477,14.6663496638,27.2506987478,20.6969325513,11.4807181206
496,10.0,0.0,70.0,0.0,46.0987647607,11.3464729385,-18.0125761067,16.7562236768,15.3417505405,20.1825721865
497,10.0,10.0,70.0,0.0,55.397863505,28.101452821,11.3814085379,29.2239972315,23.3174836555,14.381117434
498,10.0,20.0,70.0,0.0,46.6897599276,-7.35493127022,-4.72401717211,14.0110761218,15.7839556665,14.8067460438
499,10.0,30.0,70.0,0.0,49.2812805904,4.6932877858,23.3781355045,18.0615129297,17.8234604931,7.31408519181
500,10.0,40.0,70.0,0.0,43.3697155823,-11.4779061392,-10.7386052548,11.2652964159,13.4066705548,14.9213787865
501,10.0,55.0,70.0,0.0,42.1240442861,-15.4231535753,5.28785805494,10.0258668957,12.5803726949,8.82215577484
502,10.0,70.0,70.0,0.0,52.0176258112,5.3214330186,9.96512600086,20.5180905987,20.159995838,12.7437969724
503,10.0,85.0,70.0,0.0,38.9910384317,-6.42105300049,0.884752643254,9.46085910229,10.6537326649,8.54664536188
504,10.0,100.0,70.0,0.0,56.0872226686,36.3333190952,13.4515368933,32.2471820192,23.9994292309,14.0433493794
505,20.0,0.0,70.0,0.0,45.7846678363,5.5059672764,-16.3548315253,15.4931794758,15.1101293065,19.1365618149
506,20.0,10.0,70.0,0.0,36.674196704,0.7598758222,-3.25631384405,9.11975674876,9.36310289346,8.58670200307
507,20.0,20.0,70.0,0.0,53.6332910453,30.2675020416,9.59927685028,27.8268271562,21.6310099391,13.8999098041
508,20.0,30.0,70.0,0.0,45.8712197907,-9.47467907805,0.893043557063,13.1271946769,15.1737200415,12.2080937971
509,20.0,40.0,70.0,0.0,66.1690231044,9.42949648177,20.3719944844,37.0846749812,35.5426989894,18.4072045267
510,20.0,55.0,70.0,0.0,41.5059542956,-13.8437497275,2.13852625053,9.88773165716,12.1832870534,9.4159493841
511,20.0,70.0,70.0,0.0,40.5379430259,20.0997815126,5.77097099422,14.1616472619,11.5783332107,7.95507200727
512,20.0,85.0,70.0,0.0,48.3046800102,-5.2576926554,19.5924133589,15.5100219339,17.0354565321,7.84356389006
513,20.0,100.0,70.0,0.0,38.3651921323,10.4241024598,-0.163479604326,11.3110950184,10.2941102197,8.53823688029
514,30.0,0.0,70.0,0.0,43.2403179998,-12.392318736,8.21149918613,11.0629696668,13.3192010862,8.54653550042
515,30.0,10.0,70.0,0.0,36.0452458907,1.85158422772,-4.98032178303,8.92665933724,9.0316942397,8.76303889732
516,30.0,20.0,70.0,0.0,62.2865565646,2.75205798653,22.5472349847,30.3725031032,30.738849275,14.6575324696
517,30.0,30.0,70.0,0.0,55.4379359451,37.0546844451,15.6173647877,31.671596676,23.3567668897,12.8312309046
518,30.0,40.0,70.0,0.0,53.4580562185,-7.86336317976,9.22559651615,19.1129080399,21.4681147805,13.926939088
519,30.0,55.0,70.0,0.0,48.7116815705,16.2165790065,2.2289085287,19.834076112,17.360974069,13.4831528286
520,30.0,70.0,70.0,0.0,46.7747640275,-16.187001791,-0.0197234541406,12.7004810852,15.8482494704,13.0836137533
521,30.0,85.0,70.0,0.0,52.2960183378,32.9374139945,12.6865542216,27.0523569975,20.4085517677,11.9617774038
522,30.0,100.0,70.0,0.0,33.8959461447,0.851955885566,3.4622150095,7.76574239927,7.95832771942,5.80512225906
523,40.0,0.0,70.0,0.0,46.6709715172,11.9190227847,0.488584034495,17.309724775,15.7697683463,12.8360005825
524,40.0,10.0,70.0,0.0,61.5166647416,-15.0959805797,-11.8059323173,25.0486815792,29.8408553411,31.7400904548
525,40.0,20.0,70.0,0.0,52.0003551277,32.8813302714,13.7282499088,26.7238047202,20.1446429716,11.4396580885
526,40.0,30.0,70.0,0.0,73.0805986012,-11.9899547074,6.99983059991,39.7056647645,45.2871939932,32.4869561854
527,40.0,40.0,70.0,0.0,46.1299936394,11.7626409838,0.822335465782,16.8556504967,15.3649078438,12.3879233502
528,40.0,55.0,70.0,0.0,61.235151305,-25.3825993703,-8.29091068684,22.4363512459,29.5169199404,29.1926557729
529,40.0,70.0,70.0,0.0,58.8038646353,-28.2801778236,3.62868219417,19.6339632944,26.8162557735,20.3106796559
530,40.0,85.0,70.0,0.0,64.4076920675,-2.75403854197,15.5925880735,31.3570136697,33.305719698,19.2119934999
531,40.0,100.0,70.0,0.0,50.1386565645,-9.04566246264,-4.32153363367,16.2252538695,18.5349807628,17.0987570845
532,55.0,0.0,70.0,0.0,42.4039757841,14.0888760191,-1.89242242255,14.4914859532,12.7630146865,11.1357777228
533,55.0,10.0,70.0,0.0,37.0153278205,4.20416878333,1.81883784163,9.72283700718,9.54619685762,7.41570672341
534,55.0,20.0,70.0,0.0,37.4626979597,5.4328610733,-4.0562946616,10.1239232537,9.78990880752,9.19170277928
535,55.0,30.0,70.0,0.0,41.1747451471,11.2719799319,8.37068326498,13.2043954854,11.9739859618,7.57062951909
536,55.0,40.0,70.0,0.0,39.9264801502,-1.88112931155,-3.13820081841,10.5555724667,11.2067192769,10.1792346365
537,55.0,55.0,70.0,0.0,64.1885022272,4.5795706763,15.9116747276,33.1376568867,33.0340892284,18.8873453466
538,55.0,70.0,70.0,0.0,58.3986312037,-19.7156856825,3.5932880229,21.0310751049,26.3827989871,19.9899468908
539,55.0,85.0,70.0,0.0,43.8147690677,-11.8600306849,4.37713839496,11.4790402047,13.7104378168,9.93238941261
540,55.0,100.0,70.0,0.0,61.4005280879,0.935728266423,11.7866729775,28.8879795243,29.7069321087,18.5733128943
541,70.0,0.0,70.0,0.0,47.6073992129,-4.61726548101,-5.31493196816,15.1088212316,16.4872775001,15.6790000544
542,70.0,10.0,70.0,0.0,49.818525251,21.8779728527,3.20573592201,22.0124633049,18.2671364879,13.8306973698
543,70.0,20.0,70.0,0.0,36.7202853165,4.80481167314,-0.821735995104,9.63896588853,9.38770185107,7.9578147605
544,70.0,30.0,70.0,0.0,36.7941482227,-0.578485909935,-0.24861139454,9.02147020453,9.42721462337,7.84234724882
545,70.0,40.0,70.0,0.0,40.6869252259,-5.0716512132,-1.64371963987,10.5671293974,11.6701042347,10.1230957951
546,70.0,55.0,70.0,0.0,39.0328189765,7.16248497706,4.65098326815,11.2579520976,10.6780342807,7.57735995384
547,70.0,70.0,70.0,0.0,46.4580715517,2.05617293722,6.47301076574,15.3998009606,15.6095989449,10.6937992899
548,70.0,85.0,70.0,0.0,41.9586067542,16.1228101915,10.7627538455,14.5101770614,12.473256221,7.31164506366
549,70.0,100.0,70.0,0.0,57.7308317807,-20.9386011674,7.749677339,20.1829524568,25.6787235813,17.5441085532
550,85.0,0.0,70.0,0.0,53.2200245125,7.89483795824,6.69603699604,22.1594170932,21.2481575836,14.7434496789
551,85.0,10.0,70.0,0.0,69.6348296255,-4.92114357666,26.0639192309,37.264934311,40.2325302378,18.5366180863
552,85.0,20.0,70.0,0.0,61.5746896887,26.4538351723,20.9981251108,36.2409093116,29.9079174562,14.783734589
553,85.0,30.0,70.0,0.0,63.0879245614,-4.90292025897,21.4268299528,29.261196645,31.6925051013,15.6580641689
554,85.0,40.0,70.0,0.0,46.5130629283,-0.488761494125,-0.642429009374,15.0100844644,15.6508657969,13.1458948871
555,85.0,55.0,70.0,0.0,61.5871130976,-7.42759752025,-8.67450962535,26.9737872004,29.922288811,29.8101566078
556,85.0,70.0,70.0,0.0,51.7426975942,17.6413500985,11.7398469562,22.9009470262,19.9165216463,11.9592862837
557,85.0,85.0,70.0,0.0,36.5767712792,0.908259733255,3.50024349135,9.08718202668,9.31124535172,6.8267132544
558,85.0,100.0,70.0,0.0,45.6605527584,7.84228290084,0.249889866842,15.8032435855,15.0192509329,12.3052711301
559,100.0,0.0,70.0,0.0,58.8870046363,-3.38326668352,-11.3088454343,25.1378173533,26.9057691597,28.5592291615
560,100.0,10.0,70.0,0.0,51.3657165279,26.7693046394,11.128273369,24.6064084629,19.5858684281,11.9461793897
561,100.0,20.0,70.0,0.0,68.8469180556,10.1867746668,3.20274052166,40.9768757528,39.132198491,30.2135526374
562,100.0,30.0,70.0,0.0,50.5020170962,26.9907106862,-9.1659014897,23.800357251,18.8421513107,19.5812005357
563,100.0,40.0,70.0,0.0,48.070064798,8.59034637835,-2.24702374968,17.8119563806,16.849674746,14.768522057
564,100.0,55.0,70.0,0.0,53.4327210865,-1.61983012225,1.68903352818,20.3450084624,21.4446315798,16.9556348142
565,100.0,70.0,70.0,0.0,43.975346776,-3.79356125989,13.3802923939,12.7495180044,13.8211549371,7.52515291259
566,100.0,85.0,70.0,0.0,50.4742733687,-6.09597536479,-4.152342941,17.0129086685,18.8185790878,17.2768374239
567,100.0,100.0,70.0,0.0,47.2671189884,-9.0374453924,14.9674466502,14.1403737086,16.2240847877,8.59763201266
568,0.0,0.0,85.0,0.0,44.9256214638,-2.12569123423,1.97152840198,13.6347473615,14.4885837606,11.2940395596
569,0.0,10.0,85.0,0.0,42.1222699978,1.08722732182,8.37015938103,12.2886994686,12.5792206487,7.98957876534
570,0.0,20.0,85.0,0.0,48.7128627977,16.0785024773,0.433005134468,19.8072780714,17.3619247921,14.1592648884
571,0.0,30.0,85.0,0.0,48.6760181761,21.6861970327,8.60641166819,20.9251925905,17.3322863534,11.238680967
572,0.0,40.0,85.0,0.0,38.3166822329,9.27743284983,1.69310453012,11.1241700514,10.2665785888,8.01981153278
573,0.0,55.0,85.0,0.0,46.6588808093,10.2509065019,-3.58364873886,16.9949377235,15.7606430267,14.3417035995
574,0.0,70.0,85.0,0.0,50.5521939461,2.68022837703,-0.178539915313,18.7257842818,18.8848336248,15.6548115288
575,0.0,85.0,85.0,0.0,55.3103971442,-6.93116772619,3.70137248289,20.9208254849,23.2318929446,17.4891150245
576,0.0,100.0,85.0,0.0,46.6720998824,-8.32872401508,9.79089994226,13.8438566894,15.7706201462,9.78606813576
577,10.0,0.0,85.0,0.0,45.5756552015,11.1892066363,7.85942590278,16.3254012069,14.9572983796,9.79833830891
578,10.0,10.0,85.0,0.0,42.173597658,5.86971445351,11.7464242711,13.0365133526,12.6125761412,7.16188137724
579,10.0,20.0,85.0,0.0,41.5722528627,3.01117983698,1.19873707491,12.2233496547,12.225473958,9.72623481915
580,10.0,30.0,85.0,0.0,39.077474568,-2.68246595468,3.3222488497,9.97591976761,10.7040489918,7.93704471209
581,10.0,40.0,85.0,0.0,38.0835467399,-3.60172384733,-4.14082013253,9.32706173116,10.1349480192,9.52663599524
582,10.0,55.0,85.0,0.0,57.2236491678,3.12037620738,17.0665462504,24.9809003498,25.1524409431,13.4233747321
583,10.0,70.0,85.0,0.0,68.6649748436,14.7806881761,28.4486110346,42.2354027182,38.8809961589,16.742301655
584,10.0,85.0,85.0,0.0,63.4816330343,5.13695461565,19.7663746427,32.4360110159,32.1681716146,16.6337458069
585,10.0,100.0,85.0,0.0,58.5916857548,-2.59186424209,12.4997512622,25.0242981827,26.5887119421,16.1432058474
586,20.0,0.0,85.0,0.0,53.8983010926,-11.4126627312,3.99511180576,18.7898810942,21.8789206309,16.3159178474
587,20.0,10.0,85.0,0.0,62.2029731496,14.4900915104,27.7144468079,33.5229764609,30.6404984473,12.6767994077
588,20.0,20.0,85.0,0.0,59.2350704009,17.8286353979,-1.85364886504,30.8906437723,27.2826798887,23.4899769705
589,20.0,30.0,85.0,0.0,53.5079797332,-3.00605175292,11.5352471946,20.1280557402,21.5144391808,13.1032112087
590,20.0,40.0,85.0,0.0,51.4327680833,3.05133014549,-13.8382574588,19.5458957469,19.6444102465,22.7126308949
591,20.0,55.0,85.0,0.0,61.0422280902,26.7381017335,26.8719517602,35.6383874224,29.2962838676,12.2698266841
592,20.0,70.0,85.0,0.0,60.3717471018,7.74106124105,-0.24931897754,29.5065074768,28.5380444194,23.6808786871
593,20.0,85.0,85.0,0.0,53.083472692,7.30597860362,11.4305407118,21.9048142054,21.1226554078,12.876884277
594,20.0,100.0,85.0,0.0,33.7289392993,0.655485616016,2.47695822657,7.66729227624,7.87868287921,5.95345131923
595,30.0,0.0,85.0,0.0,71.2782885507,-13.8812276651,22.4048098232,36.6919664292,42.5936342134,21.6676641908
596,30.0,10.0,85.0,0.0,53.9774886749,-18.370831971,-0.581469611711,17.5322971395,21.9533646014,18.37698188
597,30.0,20.0,85.0,0.0,58.3038014012,7.49104742379,9.73060345829,27.1638999592,26.2820435835,17.1098977636
598,30.0,30.0,85.0,0.0,38.1409728921,4.59146737634,-7.42728901825,10.3944055569,10.1672663102,10.5550878228
599,30.0,40.0,85.0,0.0,39.5083043341,14.5052461347,7.93933421341,12.6065511937,10.9572082162,6.97232675189
600,30.0,55.0,85.0,0.0,40.037185317,15.4526169944,2.42996060544,13.0936304133,11.2734014192,8.61740231252
601,30.0,70.0,85.0,0.0,38.2491575863,1.64131738934,1.29415507323,10.0722964435,10.228336988,8.09395934005
602,30.0,85.0,85.0,0.0,44.3880501167,6.39471083629,3.96962006987,14.6322387204,14.1084418574,10.3595779403
603,30.0,100.0,85.0,0.0,53.583218086,-11.0201204793,-0.147948126115,18.6027372571,21.5843792264,17.8753393899
604,40.0,0.0,85.0,0.0,70.2111055048,-5.28752810362,21.7827477712,37.9187379311,41.0502375724,21.055388055
605,40.0,10.0,85.0,0.0,49.7244719096,-5.04804555772,13.7898978115,16.6185110013,18.1889382324,10.168500441
606,40.0,20.0,85.0,0.0,51.8898359438,-14.6203090358,-2.89098778988,16.5757605897,20.0465808512,17.7966206184
607,40.0,30.0,85.0,0.0,55.0656145381,11.838301751,7.11264286927,24.8438527104,22.9934733618,15.8561464501
608,40.0,40.0,85.0,0.0,44.3173139116,3.15717605606,-7.3054376757,14.0568669785,14.0589216743,14.2204701952
609,40.0,55.0,85.0,0.0,39.1038924688,14.4610074198,4.87484341866,12.3420405794,10.7194589663,7.55186355784
610,40.0,70.0,85.0,0.0,49.4669115068,-17.3932172357,8.41431117335,14.3223254201,17.9759392283,11.7561474195
611,40.0,85.0,85.0,0.0,45.0333702314,-0.0927429814746,-3.37088226338,14.0306863368,14.565590258,13.210476025
612,40.0,100.0,85.0,0.0,58.1362618697,-11.6766386848,10.9560234273,22.5127536689,26.1046626082,16.4616637098
613,55.0,0.0,85.0,0.0,51.7622873173,18.3637579336,7.62657967458,23.0804392416,19.9338049253,13.4321643777
614,55.0,10.0,85.0,0.0,69.0782972655,3.98561227546,27.8807868568,39.2985419785,39.4532151391,17.2955113086
615,55.0,20.0,85.0,0.0,36.8851828993,1.4194164606,-8.87407468234,9.30949030453,9.47606572577,10.3309661694
616,55.0,30.0,85.0,0.0,40.5293612211,-7.70166078665,6.2511464264,10.1347243234,11.5730616404,7.82695958958
617,55.0,40.0,85.0,0.0,39.5625053114,8.91551427018,-4.51583680645,11.8250384593,10.9893370027,10.4110385071
618,55.0,55.0,85.0,0.0,45.1024769288,0.278772493102,16.4116823268,14.1380995209,14.6151231607,7.25558679713
619,55.0,70.0,85.0,0.0,43.1424899925,17.3133055046,1.41506718418,15.5648749541,13.2533249868,10.486406905
620,55.0,85.0,85.0,0.0,53.8226107909,-19.376859801,9.96336904069,17.2233636796,21.8079219308,13.885690285
621,55.0,100.0,85.0,0.0,50.4125999843,11.0373974715,-11.4109723034,20.2711700866,18.7662492637,20.5899902278
622,70.0,0.0,85.0,0.0,63.6828858868,-4.15265869971,27.1456314946,30.1357997066,32.4131467993,13.8172219716
623,70.0,10.0,85.0,0.0,57.3583769329,28.0801272034,-0.288951248131,31.4800703718,25.2915341641,21.0115120323
624,70.0,20.0,85.0,0.0,54.1456268643,-11.0782435151,10.007996887,19.0635404837,22.1119902609,14.0798566136
625,70.0,30.0,85.0,0.0,48.2511373618,14.9538216537,-11.7489508289,19.1864778808,16.9929387465,18.9719520655
626,70.0,40.0,85.0,0.0,63.1894136303,4.64305116861,26.7128347698,31.9477941668,31.8146693417,13.6606353321
627,70.0,55.0,85.0,0.0,54.8303926955,33.1682251468,-0.82548864686,29.9134890406,22.7659082443,19.1677571431
628,70.0,70.0,85.0,0.0,46.1858746566,26.1531555557,-1.67266084272,19.6430649069,15.4064037033,13.3161678373
629,70.0,85.0,85.0,0.0,43.3331659803,0.843018224405,-6.59839539055,13.0321616572,13.3819252684,13.3188356516
630,70.0,100.0,85.0,0.0,62.8557517879,15.7441909368,17.6068211845,34.7001068817,31.414211396,17.0977478667
631,85.0,0.0,85.0,0.0,40.2936080159,-10.8195716605,5.24107562703,9.6113113133,11.4288698335,7.9833737737
632,85.0,10.0,85.0,0.0,58.8183082138,0.358240095654,3.92892261379,25.9601025739,26.8317923032,20.17712617
633,85.0,20.0,85.0,0.0,52.8001455591,-1.36757670895,24.8649703439,19.8418456561,20.8638332721,8.49993922828
634,85.0,30.0,85.0,0.0,40.3782250948,-8.06224468062,-3.85641839309,10.0048789512,11.4804848566,10.6453559807
635,85.0,40.0,85.0,0.0,46.0740676285,9.67125549838,16.4149268732,16.4372731545,15.3234532407,7.6725150012
636,85.0,55.0,85.0,0.0,43.7677261885,-1.32090429406,-4.57840450577,12.9878999479,13.6781144616,12.8579917602
637,85.0,70.0,85.0,0.0,46.0936893897,24.0626327509,0.508658349645,19.1489310823,15.3379891753,12.4759140989
638,85.0,85.0,85.0,0.0,41.2493383077,19.4235875667,8.20134143305,14.5500844043,12.0209127954,7.64589463306
639,85.0,100.0,85.0,0.0,44.1718608646,-2.23847539696,-2.5522062552,13.1136308835,13.9574589801,12.3873817061
640,100.0,0.0,85.0,0.0,58.914386557,20.872586253,14.2934349849,31.3429484623,26.9352936836,15.6325904963
641,100.0,10.0,85.0,0.0,49.8261848088,-17.7865563988,5.89177569367,14.5106039149,18.2735146833,12.8491906188
642,100.0,20.0,85.0,0.0,53.231094662,-1.00003226219,19.7174922832,20.2939360594,21.2583536751,10.204804747
643,100.0,30.0,85.0,0.0,76.5638892498,-7.95359762653,39.4249575715,46.1239034409,50.8101894778,17.8971976093
644,100.0,40.0,85.0,0.0,51.994441018,34.5648651441,7.33633175273,27.1336529176,20.1393873842,13.6885773118
645,100.0,55.0,85.0,0.0,63.2500009735,-22.5204417798,17.2555211652,25.0597104944,31.8877488614,17.5485026291
646,100.0,70.0,85.0,0.0,46.194468299,13.3122915704,-5.03039472513,17.1883807388,15.4127917499,14.5921771758
647,100.0,85.0,85.0,0.0,57.4937467772,-19.0672514566,-15.1359077165,20.3566985023,25.4318057835,29.4374566572
648,100.0,100.0,85.0,0.0,40.3488284949,18.4187991473,10.2298208414,13.7634343408,11.4625358376,6.77373364707
649,0.0,0.0,100.0,0.0,53.2087102434,-2.96061107115,0.0278714005345,19.8757471107,21.2377400167,17.5110808574
650,0.0,10.0,100.0,0.0,37.7852963613,9.02817760325,4.35255823148,10.7795731413,9.96819970654,7.12018865905
651,0.0,20.0,100.0,0.0,44.3522183812,-8.73675342934,-7.3717370823,12.2576441083,14.0833426836,14.2690046951
652,0.0,30.0,100.0,0.0,36.1302456674,1.04381047449,0.0370106020712,8.87450057081,9.076017969,7.4794169798
653,0.0,40.0,100.0,0.0,76.5587464822,-8.41242974633,46.0457684152,45.9539035131,50.8017210412,15.095445112
654,0.0,55.0,100.0,0.0,49.207928352,23.2395474389,6.35650818939,21.7390814503,17.7634468613,12.3085941891
655,0.0,70.0,100.0,0.0,63.9607890001,-23.0792973142,25.266128081,25.6545479027,32.7534645321,14.7232255972
656,0.0,85.0,100.0,0.0,33.1062178543,1.14509584638,1.86936382549,7.43490200143,7.58639569137,5.85403635314
657,0.0,100.0,100.0,0.0,75.1930916645,3.18651202687,45.4754238918,48.0000305526,48.5860788969,14.3949039581
658,10.0,0.0,100.0,0.0,50.5875396945,25.6232276846,-6.25200495767,23.5736873339,18.9149387096,18.2978754737
659,10.0,10.0,100.0,0.0,64.4978969631,-13.0875159753,25.5839957026,28.7141211384,33.4179369703,14.9630936849
660,10.0,20.0,100.0,0.0,46.2194165943,6.98775921104,-20.011711256,16.0740996768,15.4313469601,21.2699636468
661,10.0,30.0,100.0,0.0,66.0289812172,-3.35250757915,7.99664829222,33.1379466619,35.3612806847,24.5022043737
662,10.0,40.0,100.0,0.0,62.8096768923,0.972075271809,5.81115675642,30.4998634234,31.3591782146,22.6948004209
663,10.0,55.0,100.0,0.0,33.5671947426,0.64332816156,0.460334780618,7.59165565373,7.80205584195,6.33404435698
664,10.0,70.0,100.0,0.0,64.2929134287,1.95858924281,-0.0712417751725,32.5252302145,33.1632956039,27.4054544001
665,10.0,85.0,100.0,0.0,33.7119133162,2.8036449634,-4.62404695721,7.89140702306,7.87059323958,7.60284683834
666,10.0,100.0,100.0,0.0,36.4085810509,-9.44865870062,5.77509905558,7.82303674204,9.22217239936,6.24153978425
667,20.0,0.0,100.0,0.0,36.8660753212,13.2484176654,8.71761098686,10.8142608803,9.46579824185,5.77680201851
668,20.0,10.0,100.0,0.0,35.8324299928,2.86340505879,-0.953590103432,8.93785399379,8.92135336566,7.59921316509
669,20.0,20.0,100.0,0.0,38.5529915553,-4.68448042406,6.6260590156,9.44221782597,10.4011592557,6.89307052296
670,20.0,30.0,100.0,0.0,38.9710749327,6.92087565634,9.16243998428,11.1879239465,10.6421339435,6.47251099687
671,20.0,40.0,100.0,0.0,47.3183865422,-22.4321474733,10.8231026404,12.1249913117,16.2635575824,9.81061283714
672,20.0,55.0,100.0,0.0,41.161728269,7.7536437708,-11.7838374326,12.662555216,11.9658095318,13.8548152117
673,20.0,70.0,100.0,0.0,53.8896980249,-13.6630798834,24.9821085509,18.3485478614,21.8708430667,8.98806286908
674,20.0,85.0,100.0,0.0,45.2910427108,21.7618917271,-3.81117127325,18.0367695619,14.7508505119,13.5359096436
675,20.0,100.0,100.0,0.0,63.2804226663,-2.2600313398,42.1896696215,30.1778837285,31.9244852041,8.70410850146
676,30.0,0.0,100.0,0.0,57.7072495282,-0.81718874768,33.0403383106,24.5477283627,25.6540920209,8.57773232524
677,30.0,10.0,100.0,0.0,58.184247676,-0.633036804207,27.9945151038,25.072026162,26.1553853271,10.2857877002
678,30.0,20.0,100.0,0.0,33.5099016348,2.81451565047,-3.40618903002,7.79800233834,7.7750326737,7.21422403967
679,30.0,30.0,100.0,0.0,55.7933642922,17.08537355,20.9521887214,26.8600920342,23.7071281806,11.2142920894
680,30.0,40.0,100.0,0.0,53.5153319103,29.323405942,-6.96038506665,27.4614443419,21.5212669451,21.0341416365
681,30.0,55.0,100.0,0.0,47.2491469745,-7.0188941937,0.398271523173,14.454979413,16.2102626003,13.2291512032
682,30.0,70.0,100.0,0.0,33.2920464823,0.859702718331,-0.924771018104,7.48907252761,7.67284774383,6.53982648595
683,30.0,85.0,100.0,0.0,56.8501445551,16.2558139201,14.9428154474,27.7899706934,24.7695026218,13.9765957929
684,30.0,100.0,100.0,0.0,52.0191247634,27.3275501533,3.62189650041,25.4003039291,20.1613287073,15.1410329411
685,40.0,0.0,100.0,0.0,47.5418939764,-5.09918665144,-1.45479373309,14.9806696429,16.4363923272,14.1092129351
686,40.0,10.0,100.0,0.0,44.1968349308,5.75247693673,-6.75619640039,14.3921886927,13.97484514,13.9322961143
687,40.0,20.0,100.0,0.0,62.4184476697,-14.5179096129,3.33290196884,26.1152039503,30.8944704308,23.6521195009
688,40.0,30.0,100.0,0.0,49.7421414742,23.7202376402,2.4757819939,22.3410587787,18.2036120831,14.0570224312
689,40.0,40.0,100.0,0.0,73.692566944,-0.295888461986,18.5116802006,44.4741923144,46.2269662267,26.0187861632
690,40.0,55.0,100.0,0.0,44.3727399694,5.63174229257,-6.04936643995,14.4962159124,14.0977138625,13.7802709681
691,40.0,70.0,100.0,0.0,64.5598003494,-9.91988696451,-16.2070015596,29.6093532789,33.4950920804,38.4841033971
692,40.0,85.0,100.0,0.0,49.7071276713,23.4409879205,3.4307754203,22.2473047205,18.1745422231,13.6743497575
693,40.0,100.0,100.0,0.0,75.8364735626,2.0158177691,-1.45659276637,48.5847351034,49.6216988714,42.0834518767
694,55.0,0.0,100.0,0.0,76.8159188348,-1.9562731343,1.8199795625,48.6762522159,51.2263529363,40.8413371064
695,55.0,10.0,100.0,0.0,34.6086557008,1.00600443557,3.58966152587,8.1190530578,8.30425041154,6.04054368657
696,55.0,20.0,100.0,0.0,74.0525341951,1.44732326537,0.293243321887,45.6218715212,46.7857772871,38.3848450623
697,55.0,30.0,100.0,0.0,38.6183022239,0.365314487634,3.50461137795,10.112790245,10.4385607015,7.68663443446
698,55.0,40.0,100.0,0.0,76.3688826975,-2.95174887201,7.63216161097,47.6121730002,50.4897364204,35.9523637276
699,55.0,55.0,100.0,0.0,53.7356470457,0.0698605117457,4.25097539222,20.9654182843,21.7265383741,16.0916619336
700,55.0,70.0,100.0,0.0,73.2968183317,0.488767506015,6.11353781251,44.1568039169,45.6177633338,33.3312891781
701,55.0,85.0,100.0,0.0,34.756730252,-5.45482737946,-4.2674790453,7.48894214482,8.37735546285,7.97352140027
702,55.0,100.0,100.0,0.0,35.7978836672,12.2645180633,2.98704222816,10.0796595043,8.90352700049,6.63358184006
703,70.0,0.0,100.0,0.0,41.6309119087,-0.532487947361,17.2598686947,11.7491616077,12.2628808089,5.70832065219
704,70.0,10.0,100.0,0.0,63.276734598,7.76605284742,1.5305359337,32.9270411876,31.9200300991,25.4624863699
705,70.0,20.0,100.0,0.0,45.4719579904,14.1680157686,13.4480768191,16.7778149036,14.8818585215,8.17297482572
706,70.0,30.0,100.0,0.0,53.8897217321,-2.13001375985,-8.07334763658,20.6457792119,21.870865323,21.9213358591
707,70.0,40.0,100.0,0.0,41.0440983558,0.954048768435,3.25586275537,11.6014962712,11.8920901391,8.8696441431
708,70.0,55.0,100.0,0.0,46.2449693801,-8.90319525818,-16.0441397554,13.4641958445,15.4503671898,19.3630757103
709,70.0,70.0,100.0,0.0,66.4990894916,-2.46640117709,1.08831401312,33.9715662434,35.972738335,29.0051739138
710,70.0,85.0,100.0,0.0,52.5357531451,11.8694200007,7.17930054523,22.3826859481,20.624223255,14.1000667467
711,70.0,100.0,100.0,0.0,64.3756113587,17.3833932036,-4.09398299442,37.1531553865,33.2658710903,29.9530438468
712,85.0,0.0,100.0,0.0,57.5696948305,-3.35698711518,20.8075155894,23.826873033,25.5107305729,12.2967031155
713,85.0,10.0,100.0,0.0,33.148539174,3.14390531551,-2.38102013984,7.66586895379,7.60602720099,6.81978746065
714,85.0,20.0,100.0,0.0,36.8190207919,6.39464646759,9.95581145097,9.89230765537,9.44054505158,5.50383963835
715,85.0,30.0,100.0,0.0,63.3761328984,15.3824901365,13.0875145721,35.2537121291,32.0402460685,19.5543305474
716,85.0,40.0,100.0,0.0,58.8145097036,-2.93031012606,13.363660758,25.1709996859,26.8277057769,15.9439295768
717,85.0,55.0,100.0,0.0,33.4393584122,1.97688637679,1.21491832819,7.67512690009,7.74184569117,6.11857217713
718,85.0,70.0,100.0,0.0,36.2933900725,6.32529879116,8.63857061019,9.59919599998,9.16149657948,5.58792592109
719,85.0,85.0,100.0,0.0,52.9048068005,31.4630650279,13.6941510883,27.3384333984,20.9591946196,11.976141495
720,85.0,100.0,100.0,0.0,61.839189303,2.40817846479,7.96894448188,29.7679768905,30.2148849288,20.7479129862
721,100.0,0.0,100.0,0.0,33.5743358415,3.27904008572,1.66581237352,7.87858752238,7.80542843223,6.07103465826
722,100.0,10.0,100.0,0.0,33.3898059221,-1.55345124584,0.792145313075,7.2812530839,7.71859033146,6.19256136352
723,100.0,20.0,100.0,0.0,52.7093224061,31.3937062692,16.1424493146,27.1113554068,20.7813151878,11.0490466203
724,100.0,30.0,100.0,0.0,64.5159386631,4.88383025614,-9.73198289883,33.6270414422,33.4404115277,33.8111158243
725,100.0,40.0,100.0,0.0,33.5760573918,2.94328759547,2.06114666027,7.84287317327,7.80624162944,5.98616365091
726,100.0,55.0,100.0,0.0,33.0290549658,-0.00998832650193,-2.61383998736,7.28006468794,7.55068928611,6.82608610775
727,100.0,70.0,100.0,0.0,42.8552515366,4.65381621713,-4.86396522253,13.3007585317,13.0611582892,12.4019810589
728,100.0,85.0,100.0,0.0,54.5117629655,-1.13453317476,19.0326854858,21.4164936407,22.4600517205,11.1196295008
729,100.0,100.0,100.0,0.0,54.7006654389,-0.808064536782,19.1418064841,21.6594498767,22.6410485812,11.1902356042
730,0.0,0.0,0.0,20.0,54.6576759635,-0.865402060549,18.759202651,21.6076180488,22.5997730819,11.2913212769
731,0.0,10.0,0.0,20.0,48.1163889099,-7.90358091026,9.68016249917,14.9258736836,16.88624927,10.5838782773
732,0.0,20.0,0.0,20.0,47.0685735175,10.2598886185,12.5476649417,17.3197916642,16.0718198993,9.17964305964
733,0.0,40.0,0.0,20.0,78.1767800579,1.39925822026,0.22014449357,52.1376063867,53.5127839481,43.9742986784
734,0.0,70.0,0.0,20.0,80.149656311,-3.70268637978,7.99156379466,53.4548221009,56.946788984,40.5140330189
735,0.0,100.0,0.0,20.0,44.1240162109,-2.01076031854,-3.87097267677,13.1169189309,13.9241913227,12.8246390922
736,10.0,0.0,0.0,20.0,76.9065031311,0.240165189939,6.33935644744,49.6313092115,51.3764834332,37.5545874776
737,10.0,10.0,0.0,20.0,42.2622297603,-9.59175795629,3.81111313265,10.8707505916,12.6703128067,9.30900716469
738,10.0,20.0,0.0,20.0,45.8810561279,-1.34289005499,-13.4366961498,14.4189372337,15.1809581834,17.8794284025
739,10.0,40.0,0.0,20.0,46.8822564659,0.461016598581,13.900661279,15.4395551946,15.929802262,8.70861548556
740,10.0,70.0,0.0,20.0,53.2861553549,9.62243459574,-3.88813307504,22.5991726332,21.30911544,19.3555280748
741,10.0,100.0,0.0,20.0,52.3783293436,14.0670822111,25.7111720201,22.7162897444,20.482430473,8.07912743422
742,20.0,0.0,0.0,20.0,55.7602951081,3.42195131781,25.2762515613,23.5952023703,23.6743836085,9.84112947724
743,20.0,10.0,0.0,20.0,61.458390544,-5.60113207796,31.730587422,27.2896972256,29.7736061263,10.8867271419
744,20.0,20.0,0.0,20.0,53.0171111047,-6.82626282882,-22.0960057019,18.9435676984,21.0618425905,28.9679116268
745,20.0,40.0,0.0,20.0,37.2764652537,-4.734752139,9.62349040097,8.77604024212,9.68795785735,5.73520905489
746,20.0,70.0,0.0,20.0,66.844407152,1.30435066199,-9.23667042886,35.5120924875,36.4263465931,36.271503239
747,20.0,100.0,0.0,20.0,54.3163307185,-25.1186621083,10.120484823,16.5687277325,22.2738162499,14.1492047323
748,40.0,0.0,0.0,20.0,52.1060182416,-13.1121399747,-6.82793932094,17.0160426378,20.2386949016,19.7847390494
749,40.0,10.0,0.0,20.0,36.407431602,-4.16526543487,7.15205491238,8.40943348048,9.22156561801,5.94123143195
750,40.0,20.0,0.0,20.0,64.8643571686,-2.13850599699,10.5267292887,32.0692912636,33.8764152516,22.0862991967
751,40.0,40.0,0.0,20.0,55.5127085386,-24.0122921459,6.87298311549,17.7141275222,23.4301847993,16.2762898404
752,40.0,70.0,0.0,20.0,33.2716018463,0.786592648388,0.547293822713,7.47210440948,7.66330440762,6.2016057685
753,40.0,100.0,0.0,20.0,60.647217943,0.60973858312,19.30403235,27.9722764872,28.8479675003,14.8211361208
754,70.0,0.0,0.0,20.0,55.6063306422,13.3015420032,3.44282361655,25.7432602928,23.5223274235,17.8295528969
755,70.0,10.0,0.0,20.0,33.7773564615,-2.02521928594,2.07507631375,7.40585747207,7.90171785604,6.05817214923
756,70.0,20.0,0.0,20.0,32.9476238341,1.87796048827,-2.30639090038,7.44006718223,7.51312948417,6.72138805831
757,70.0,40.0,0.0,20.0,60.6267716988,-0.0730428213681,25.1910324744,27.7772773835,28.824887396,12.6079862054
758,70.0,70.0,0.0,20.0,58.2445886165,14.8466397823,-10.3365133648,28.967765593,26.2192610694,27.3088875055
759,70.0,100.0,0.0,20.0,34.6538617125,-2.93814284685,2.81065638125,7.70942500296,8.32652352647,6.22806010592
760,100.0,0.0,0.0,20.0,82.2108574619,-0.395885590779,3.36949290794,58.3573753858,60.6882397074,47.1439468626
761,100.0,10.0,0.0,20.0,49.2083137493,11.9725983428,1.61869249044,19.413055192,17.7637618241,14.0329584772
762,100.0,20.0,0.0,20.0,81.6954018376,0.0932957619942,4.48594821373,57.6430891541,59.7376869961,45.4556894741
763,100.0,40.0,0.0,20.0,58.9043902875,0.140316788586,4.38259974494,25.9970567731,26.9245127159,20.0297446843
764,100.0,70.0,0.0,20.0,50.5834719319,-6.13129127446,-3.53432593978,17.0922690646,18.9114724403,17.0899669207
765,100.0,100.0,0.0,20.0,67.9085591116,20.1687846482,-0.502118177186,42.9493685225,37.8481644896,31.5549888247
766,0.0,0.0,10.0,20.0,34.1679234304,0.24772514062,3.28831574388,7.82719857489,8.08917827998,5.94177087509
767,0.0,10.0,10.0,20.0,67.4288831732,19.4205682194,-0.950309934749,42.0062082061,37.2027738353,31.3085986447
768,0.0,20.0,10.0,20.0,48.6683621224,11.0036828221,2.11237258511,18.7652932411,17.3261319296,13.4986393872
769,0.0,40.0,10.0,20.0,48.6122062486,10.8883382427,1.79163028402,18.6959391923,17.2810347878,13.5817084736
770,0.0,70.0,10.0,20.0,51.5737178201,-14.0419691117,-13.0264734856,16.4358794143,19.7678516893,22.4160518729
771,0.0,100.0,10.0,20.0,56.5732069858,13.4829977105,-5.31112410321,26.8006679764,24.4880936135,22.8888964361
772,10.0,0.0,10.0,20.0,57.1921506071,-4.46550588062,19.9589394889,23.2089967952,25.1199954857,12.3655893708
773,10.0,10.0,10.0,20.0,46.0068554087,-9.40118925515,2.02288153064,13.228218193,15.273731582,11.9005012794
774,10.0,20.0,10.0,20.0,67.4826319373,15.285037549,38.9414411949,40.7215826499,37.2747234366,11.937519506
775,10.0,40.0,10.0,20.0,47.1080938555,-13.9208579981,-10.8704206491,13.2631904431,16.1020518427,17.6789439766
776,10.0,70.0,10.0,20.0,44.3481435824,22.8521897672,10.0909071574,17.479841816,14.0804902824,8.55490109162
777,10.0,100.0,10.0,20.0,78.0485782513,-3.70011854484,-0.390175462658,49.997270398,53.2945422293,44.2917670472
778,20.0,0.0,10.0,20.0,46.9009882462,11.4739287574,-4.52256255454,17.4105105511,15.9440423261,14.8709162864
779,20.0,10.0,10.0,20.0,66.9532552087,-6.64156580476,-12.3216624531,33.3355877086,36.570115458,38.6640019305
780,20.0,20.0,10.0,20.0,55.8127513535,27.2433151831,8.04399331084,29.4674865734,23.7263389674,16.0036648683
781,20.0,40.0,10.0,20.0,76.1231974282,-7.76175263658,37.8884941549,45.5222458706,50.0879251395,18.2464559317
782,20.0,70.0,10.0,20.0,46.0678527435,9.10686001345,1.81656063232,16.3323421311,15.3188511274,12.006842722
783,20.0,100.0,10.0,20.0,63.8153799407,-12.9816261482,19.7618814741,27.9886342636,32.5751023044,16.8817357551
784,40.0,0.0,10.0,20.0,55.0201604248,26.5951692139,19.1424031484,28.4134140601,22.9493811685,11.3709707869
785,40.0,10.0,10.0,20.0,65.4420320451,9.33676950685,27.178979415,36.1062420638,34.6076281475,14.976117655
786,40.0,20.0,10.0,20.0,50.4294142904,22.6547524139,0.370201728629,22.7576219882,18.7805065592,15.3461074881
787,40.0,40.0,10.0,20.0,56.1168268193,-7.97180199346,10.6264846042,21.4337087675,24.0290090028,15.165191817
788,40.0,70.0,10.0,20.0,44.8846244456,4.72554300791,-10.144484374,14.709941524,14.4593552138,15.7343368945
789,40.0,100.0,10.0,20.0,65.6506762305,8.05816640408,34.3683535055,35.9923641247,34.8742912378,12.4265371483
790,70.0,0.0,10.0,20.0,52.1717564207,24.0561843989,-9.79837482724,24.784013378,20.2973566586,21.2946970033
791,70.0,10.0,10.0,20.0,56.0102159364,-8.73537762468,15.0098227306,21.1750889913,23.9225996342,13.410321097
792,70.0,20.0,10.0,20.0,46.9541053678,7.66874775218,-19.4733555413,16.7578610354,15.9844685752,21.6371848178
793,70.0,40.0,10.0,20.0,67.2146387512,21.0002571722,-0.0818210717302,42.2247657823,36.9169003149,30.5124474266
794,70.0,70.0,10.0,20.0,79.3467680191,-1.97541966741,32.9326617723,52.7808758912,55.5320826315,23.430590402
795,70.0,100.0,10.0,20.0,71.0765867075,-11.7257350771,-10.9079375105,37.0840813443,42.2990119596,43.0744930905
796,100.0,0.0,10.0,20.0,70.5773843651,-11.0399244041,-11.2302920134,36.6373577393,41.5756851792,42.6439554745
797,100.0,10.0,10.0,20.0,65.4754033635,19.6382473755,20.1379719158,39.3376475692,34.6501875768,17.9727719526
798,100.0,20.0,10.0,20.0,65.3606980132,18.8931906483,20.4473757495,38.9445086324,34.5040464556,17.7464842417
799,100.0,40.0,10.0,20.0,81.4301642379,0.467300792923,3.31738924213,57.3278311286,59.2524532417,46.0498353036
800,100.0,70.0,10.0,20.0,57.7505014765,0.253133996934,3.82810084107,24.8409528491,25.6992805489,19.3465448477
801,100.0,100.0,10.0,20.0,58.1428460464,0.891524523871,3.71201863866,25.3906347572,26.1116184341,19.7219250804
802,0.0,0.0,20.0,20.0,57.6247049598,0.569044873114,3.50115486501,24.7879777077,25.567998644,19.3983845118
803,0.0,10.0,20.0,20.0,39.2716386491,-0.61806225724,-0.84105245054,10.3504403918,10.8176531768,9.1641136014
804,0.0,20.0,20.0,20.0,53.2119655621,-13.2735159667,-13.2830130957,17.8682190477,21.2407369891,24.0539847362
805,0.0,40.0,20.0,20.0,41.2994341958,11.0605443956,6.00031380455,13.2545708125,12.0524970246,8.2403947928
806,0.0,70.0,20.0,20.0,63.2747493486,-4.74100507929,-2.02670645738,29.5146196677,31.9176321332,27.5243492195
807,0.0,100.0,20.0,20.0,44.861871818,26.2387174308,14.8594463384,18.538452706,14.4431508568,7.53753193473
808,10.0,0.0,20.0,20.0,46.5165729611,19.1339144639,12.7745884229,18.5437588309,15.6535022764,8.846321473
809,10.0,10.0,20.0,20.0,46.7344872582,-14.507331343,-5.92090655926,12.9273874526,15.8177639639,15.3140879483
810,10.0,20.0,20.0,20.0,34.2662729417,0.83660029204,1.17536063575,7.93756682017,8.13684583301,6.44428193572
811,10.0,40.0,20.0,20.0,36.0724800358,-2.03718398839,0.0798361656632,8.48753647927,9.04587992761,7.4439035229
812,10.0,70.0,20.0,20.0,50.7636851629,25.7546656019,12.1754493501,23.7757413409,19.065444442,11.2486404571
813,10.0,100.0,20.0,20.0,58.1642969815,-16.6043961091,-23.6741558868,21.4746470488,26.1342887549,35.8948472864
814,20.0,0.0,20.0,20.0,33.7579685912,0.803017954554,-0.563109320755,7.69649920113,7.89248848972,6.64120585988
815,20.0,10.0,20.0,20.0,36.4434794229,-3.89865546068,6.06754816656,8.45753875762,9.24060753844,6.19026075334
816,20.0,20.0,20.0,20.0,51.4783672636,26.0918702517,8.79202297388,24.5617744008,19.6842888501,12.8306937829
817,20.0,40.0,20.0,20.0,56.69597777,-21.3052174506,-3.74377846814,19.2143217597,24.612582169,22.1826159838
818,20.0,70.0,20.0,20.0,35.0488578993,-6.68528905769,2.47796341209,7.49196614221,8.52283582829,6.45484428317
819,20.0,100.0,20.0,20.0,49.6242581184,22.0323388167,6.87123753836,21.8651941169,18.1058639443,12.3794267392
820,40.0,0.0,20.0,20.0,67.9949731588,-7.35650701348,11.6641886134,34.423097372,37.9652198605,24.3494313752
821,40.0,10.0,20.0,20.0,44.6340228916,3.37847376801,-3.93146460997,14.3126361346,14.2815446642,13.1638394354
822,40.0,20.0,20.0,20.0,33.8906217118,-3.84991071228,-2.37246966463,7.26702217919,7.95578027436,7.1226231232
823,40.0,40.0,20.0,20.0,49.9518330157,21.3207974976,9.18401272312,22.0162296182,18.3783553234,11.7785699926
824,40.0,70.0,20.0,20.0,70.4996474666,-3.90603560617,-8.3802880029,38.7398383862,41.4637946285,40.3094037118
825,40.0,100.0,20.0,20.0,44.9734684701,2.47645493391,-0.966185763096,14.4038375458,14.522745739,12.3162200326
826,70.0,0.0,20.0,20.0,70.0687446147,0.103549903943,3.71342514302,39.4217834875,40.8472137219,31.2358398222
827,70.0,10.0,20.0,20.0,43.8926486836,20.2401057482,9.59276472609,16.6455782551,13.7640610855,8.47669314868
828,70.0,20.0,20.0,20.0,60.2958024573,-8.66970994004,-7.03011113816,25.3238442213,28.4529937072,27.4454215723
829,70.0,40.0,20.0,20.0,40.1844941076,5.02838816264,0.921533925036,11.653625501,11.3625408254,9.11025748571
830,70.0,70.0,20.0,20.0,50.9508390505,-16.5350827416,-16.5466470058,15.5320155113,19.226228727,23.7101765456
831,70.0,100.0,20.0,20.0,46.6550526237,27.5580490271,12.2846446126,20.3375846971,15.7577544826,9.05142786182
832,100.0,0.0,20.0,20.0,63.6056249504,-5.76255001143,4.51545163915,29.6210763465,32.3189543258,24.1202346456
833,100.0,10.0,20.0,20.0,42.9544144216,12.3241380949,3.7126456105,14.5911213389,13.1272882706,9.68734621608
834,100.0,20.0,20.0,20.0,53.1390244199,-15.1647547448,-7.20469488106,17.456647409,21.1736521414,20.8335069973
835,100.0,40.0,20.0,20.0,40.2293836366,0.152595930893,-3.13625376867,11.0038905884,11.3897974595,10.3396549506
836,100.0,70.0,20.0,20.0,67.1485359082,-1.28834353023,15.7446267604,35.1324253477,36.8289936394,21.4349936401
837,100.0,100.0,20.0,20.0,44.6425837606,19.1004271291,4.7476558184,17.023796351,14.2875947178,10.2546752176
838,0.0,0.0,40.0,20.0,57.1267266874,-11.2189137704,3.49838330439,21.6693522572,25.0526940072,18.9977008123
839,0.0,10.0,40.0,20.0,40.8164715505,5.34197890856,-3.64372236559,12.0885255536,11.7502960967,10.8178416068
840,0.0,20.0,40.0,20.0,48.8346451781,-18.5274568811,-5.46106147586,13.7051356145,17.46012898,16.6226884489
841,0.0,40.0,40.0,20.0,64.5161280732,-4.31370016704,13.1928525162,31.0591217099,33.4406475294,20.4493242497
842,0.0,70.0,40.0,20.0,60.1280366247,0.674650134394,11.4327392685,27.4249668378,28.2657113876,17.7432884146
843,0.0,100.0,40.0,20.0,59.4826858385,14.0650094158,29.0084968152,30.166013509,27.5529476498,10.6686977976
844,10.0,0.0,40.0,20.0,59.6710370808,2.37264053969,-11.9747620491,27.3570049617,27.7597205914,29.808067943
845,10.0,10.0,40.0,20.0,34.7361808409,1.18923215962,2.37923688437,8.20078483045,8.36718459291,6.35566220741
846,10.0,20.0,40.0,20.0,36.5971525913,6.65969023533,3.20178290021,9.80491799507,9.32207802378,6.90541006837
847,10.0,40.0,40.0,20.0,60.8486767696,13.3130758346,21.3158312681,31.5562106495,29.0760370864,14.1749373558
848,10.0,70.0,40.0,20.0,59.2099321591,-1.19188627742,4.24678256041,25.9933838641,27.2553411968,20.3505754315
849,10.0,100.0,40.0,20.0,33.9162381907,1.55943257869,1.50656172067,7.85183058961,7.96804132042,6.23520947147
850,20.0,0.0,40.0,20.0,36.1257711639,6.30034263395,7.51780794483,9.50660702164,9.07368109979,5.76071592646
851,20.0,10.0,40.0,20.0,55.0779529886,38.3049667927,17.0872117096,31.5886651891,23.0054518591,12.0974676402
852,20.0,20.0,40.0,20.0,35.55766682,-5.37940099788,3.95230876508,7.86665367009,8.78022811548,6.3206125739
853,20.0,40.0,40.0,20.0,48.6174984503,17.0034523235,4.29927031142,19.9109680022,17.2852814566,12.673939577
854,20.0,70.0,40.0,20.0,76.5288237861,4.00702324271,22.8767051469,50.4303541708,50.7524669249,26.321022077
855,20.0,100.0,40.0,20.0,54.8219115117,37.9473065348,19.6739574017,31.1885958674,22.7577312996,11.0850073387
856,40.0,0.0,40.0,20.0,34.7261438126,-3.40428566407,-1.72535195615,7.6928386855,8.36221978944,7.31615817734
857,40.0,10.0,40.0,20.0,48.6856698252,16.677491959,6.3677168023,19.904476867,17.3400470404,11.9939458558
858,40.0,20.0,40.0,20.0,78.3221795078,5.39581924838,2.33954188065,53.9331355992,53.7610218317,42.4714315379
859,40.0,40.0,40.0,20.0,44.9638784093,-15.4997467131,6.53214365546,11.6639044547,14.5158942946,9.88004491545
860,40.0,70.0,40.0,20.0,43.1106674548,6.28623794624,-12.4695295328,13.7274246408,13.2319430222,15.4354840844
861,40.0,100.0,40.0,20.0,51.1012326107,-5.48914985727,18.6106188248,17.6223280691,19.3560852525,9.43678182071
862,70.0,0.0,40.0,20.0,48.2909212209,18.7180154626,-4.25983683687,19.9730646044,17.0245240256,15.7295308657
863,70.0,10.0,40.0,20.0,58.7183482322,6.0727210639,32.2216771337,27.2556256344,26.7243911709,9.29804596675
864,70.0,20.0,40.0,20.0,52.6322931518,-11.5416195897,-17.2253919292,17.7244294104,20.7115004135,25.6911896124
865,70.0,40.0,40.0,20.0,58.3599355459,5.27257788877,20.2007830076,26.6754418473,26.341654324,12.99459351
866,70.0,70.0,40.0,20.0,61.2646666177,-0.00684854876148,-6.18784516504,28.4939241795,29.5507724316,27.9404500814
867,70.0,100.0,40.0,20.0,49.4781648925,-11.6882876429,3.35526088332,15.2763506255,17.9852107037,13.5554816334
868,100.0,0.0,40.0,20.0,70.6258993528,14.7340609733,7.73098235529,45.102800149,41.6456171029,29.2974447399
869,100.0,10.0,40.0,20.0,45.3681183218,-13.1897624437,-1.05392511356,12.2468042144,14.8065696396,12.5856902077
870,100.0,20.0,40.0,20.0,41.684225701,2.8536204996,-6.25946933887,12.2708725975,12.2969451149,12.1851041554
871,100.0,40.0,40.0,20.0,51.032358277,-4.88402003097,8.89794278233,17.6798255977,19.2965437421,12.5201075906
872,100.0,70.0,40.0,20.0,46.9155883668,16.5101627833,1.97340154262,18.3700751399,15.9551473492,12.45917439
873,100.0,100.0,40.0,20.0,58.9119122777,6.96384872827,21.1697905079,27.6878516067,26.9326249076,12.9883417609
874,0.0,0.0,70.0,20.0,50.9137620081,10.921629635,19.0518983078,20.6922446049,19.194304243,9.21559164848
875,0.0,10.0,70.0,20.0,48.1410123767,-11.8257504414,-15.9117931014,14.2983856124,16.9057118931,20.8779559877
876,0.0,20.0,70.0,20.0,49.7260522218,-14.169389186,7.73047641304,15.0383065699,18.1902502958,12.1420253286
877,0.0,40.0,70.0,20.0,58.0269607826,18.3930389673,-6.89244718572,29.6499607657,25.98937233,25.1089969075
878,0.0,70.0,70.0,20.0,62.1231106172,-3.87483904807,26.4895541188,28.4508750073,30.5467221011,13.0667204527
879,0.0,100.0,70.0,20.0,48.9946309814,0.0480171879652,-20.9884599613,16.9703966035,17.5897018962,24.2910185052
880,10.0,0.0,70.0,20.0,50.3636604327,-14.1204814531,0.641333099603,15.5120971458,18.7247931901,15.1915727875
881,10.0,10.0,70.0,20.0,57.4048081406,17.18025236,7.52119940933,28.6352739477,25.3395883857,17.3974182079
882,10.0,20.0,70.0,20.0,63.7346293503,-3.80736651345,20.6442347114,30.287481443,32.4763319285,16.4465173209
883,10.0,40.0,70.0,20.0,48.4592781391,-3.34772890284,-8.10248525922,15.9550699868,17.1586195648,17.4854121803
884,10.0,70.0,70.0,20.0,49.5008876023,0.848251124387,-5.3656351517,17.5180753174,18.0039412787,17.0747137681
885,10.0,100.0,70.0,20.0,62.9934109771,4.73205190671,23.4951389734,31.7388669587,31.5790189745,14.76370513
886,20.0,0.0,70.0,20.0,34.5516589856,5.03193718102,3.23033132213,8.54650070009,8.2762246442,6.09726413938
887,20.0,10.0,70.0,20.0,53.988215328,-11.4928462458,7.1665894711,18.8497181677,21.9634616582,15.08127793
888,20.0,20.0,70.0,20.0,51.9130354344,4.15689858852,-18.7684959471,20.1867853818,20.0671389835,25.8638541788
889,20.0,40.0,70.0,20.0,62.5743920104,4.35907402886,28.9087978664,31.1416290525,31.0791491046,12.481136474
890,20.0,70.0,70.0,20.0,33.9081870847,5.44374306356,-0.0148256894294,8.27773299506,7.96418639059,6.57468401864
891,20.0,100.0,70.0,20.0,54.0204217289,-12.4569141315,11.5251404473,18.6893543918,21.9937963197,13.4302362371
892,40.0,0.0,70.0,20.0,57.9325187578,15.7992623303,0.54945545692,28.8660231933,25.8900291096,21.0869304191
893,40.0,10.0,70.0,20.0,50.5446588509,7.3670333322,19.6658664062,19.6434135783,18.8784198809,8.86132881427
894,40.0,20.0,70.0,20.0,50.3695942782,5.28094800424,-8.64407957746,19.0798790369,18.7298164196,19.2274795558
895,40.0,40.0,70.0,20.0,44.0724364392,-5.40204547388,6.83814970621,12.5716634958,13.8883857983,9.3362001549
896,40.0,70.0,70.0,20.0,44.9725968812,-4.03784092115,-16.0571132026,13.3680340881,14.5221229592,18.3542390272
897,40.0,100.0,70.0,20.0,54.3666047534,13.9598616245,21.4710236014,24.6356135678,22.3216257166,10.2676836168
898,70.0,0.0,70.0,20.0,53.813429309,8.73757023516,0.579343140816,22.9057817204,21.7993200161,17.7282516692
899,70.0,10.0,70.0,20.0,48.2676630015,0.986578394764,9.75690708039,16.5747004554,17.0060540668,10.6419287998
900,70.0,20.0,70.0,20.0,46.1659688838,-2.32072227254,-8.83213763183,14.4597638146,15.3916136138,16.1049613964
901,70.0,40.0,70.0,20.0,43.356415636,-8.91458199575,1.28493846597,11.6153559781,13.3976625249,10.6432876444
902,70.0,70.0,70.0,20.0,45.0777222669,1.47957980353,-13.7341980064,14.3148426266,14.5973671271,17.3982078994
903,70.0,100.0,70.0,20.0,68.7063645035,-6.17461484732,-1.44607249844,35.6748572349,38.9380465999,33.0917894278
904,100.0,0.0,70.0,20.0,48.0478749887,14.3868856787,6.78661493986,18.9033240199,16.8321738308,11.4818200495
905,100.0,10.0,70.0,20.0,53.144207273,-26.7106315457,12.7056676243,15.4087857043,21.1784142055,12.4615371925
906,100.0,20.0,70.0,20.0,54.4807229785,38.1824218648,20.243337992,30.8529826669,22.4304033541,10.7134095337
907,100.0,40.0,70.0,20.0,59.1775275921,-0.227680072075,20.2082882572,26.1929615172,27.2201270822,13.5072802533
908,100.0,70.0,70.0,20.0,47.0845931033,20.3258217174,5.01793507101,19.2543501024,16.0840698656,11.5177014611
909,100.0,100.0,70.0,20.0,75.2641572165,-8.36729466622,50.2305472235,44.0276342517,48.699754874,12.6779293154
910,0.0,0.0,100.0,20.0,46.3859615457,10.4869742875,0.679639247985,16.8244942214,15.5555958741,12.5932309529
911,0.0,10.0,100.0,20.0,62.9503685909,-13.3255435266,27.0155331442,26.9683817256,31.527426222,13.395608347
912,0.0,20.0,100.0,20.0,55.1895960194,27.0522070092,15.032956417,28.7186972959,23.114027075,12.8872305428
913,0.0,40.0,100.0,20.0,77.2562587717,-6.89099614252,23.6579671845,47.5708544249,51.9589059557,26.5952431326
914,0.0,70.0,100.0,20.0,48.486250327,14.3670396673,-16.0225528729,19.2707292369,17.1801680155,21.2294713967
915,0.0,100.0,100.0,20.0,64.8422725986,-10.8925614458,8.65599476302,29.6738849396,33.8486672381,23.041844314
916,10.0,0.0,100.0,20.0,57.4600726763,28.5152745047,-4.66777456885,31.7202880535,25.3968640001,23.358348085
917,10.0,10.0,100.0,20.0,68.216461299,14.5943150854,32.8329832336,41.5320538674,38.2663464129,14.6333849469
918,10.0,20.0,100.0,20.0,53.6259538767,9.4956589298,0.923982085598,22.8946889057,21.624172966,17.4333743044
919,10.0,40.0,100.0,20.0,34.262961411,-0.838183526175,3.32552159536,7.75407624974,8.13523777825,5.968944463
920,10.0,70.0,100.0,20.0,61.9819913433,27.7467119416,13.3479572349,37.1672465552,30.3814848574,18.3185805297
921,10.0,100.0,100.0,20.0,67.9543959861,14.6057350891,39.0966946909,41.1641801318,37.9102245268,12.1634127768
922,20.0,0.0,100.0,20.0,56.1953387776,11.7370012441,-13.2072221805,25.9776819422,24.1075739887,26.9184465159
923,20.0,10.0,100.0,20.0,35.0841758435,-1.39122750513,4.1329177294,8.08048279862,8.54053753713,6.10065299457
924,20.0,20.0,100.0,20.0,64.3346650992,26.8092245698,-1.02564545919,40.0593391564,33.2150564523,28.0192334081
925,20.0,40.0,100.0,20.0,43.3616485142,3.41256189656,-2.96075680927,13.4467083873,13.4012062624,12.0450441348
926,20.0,70.0,100.0,20.0,73.3293036844,-10.9909620702,1.80361434435,40.3725506717,45.6675674028,36.3721815841
927,20.0,100.0,100.0,20.0,47.3658912442,7.42379958697,3.87001771794,17.035045238,16.3001903182,12.0701421425
928,40.0,0.0,100.0,20.0,60.5613842487,-23.9565352333,-14.6333072825,22.1143886203,28.7511594559,32.5190701441
929,40.0,10.0,100.0,20.0,55.1516501471,27.359106022,18.7397509101,28.7556985067,23.077085673,11.580061115
930,40.0,20.0,100.0,20.0,46.9343253999,-11.061785733,-11.2419366576,13.59115682,15.9694065101,17.7108334185
931,40.0,40.0,100.0,20.0,42.052303341,1.80673985837,1.14349288251,12.3500359492,12.5338473198,9.99131778706
932,40.0,70.0,100.0,20.0,53.66962666,-3.02004988824,-2.95665753407,20.267378047,21.6648896927,19.2285523639
933,40.0,100.0,100.0,20.0,46.4260302135,14.1885126534,10.0523529703,17.5341456596,15.5855878336,9.58262636677
934,70.0,0.0,100.0,20.0,61.6702894652,6.88431726701,7.24759234097,30.7695348887,30.0186255453,20.9607293155
935,70.0,10.0,100.0,20.0,40.8043716318,-1.9499073818,-5.00176583696,11.0551361529,11.7427904906,11.2506026763
936,70.0,20.0,100.0,20.0,48.3982273641,-9.44209553242,-4.72012071264,14.8719484969,17.1099118282,15.9955595484
937,70.0,40.0,100.0,20.0,43.9504540242,9.04049318758,2.62006417367,14.7576236816,13.8039526787,10.5453479477
938,70.0,70.0,100.0,20.0,56.4949260353,1.43141088726,6.86195805804,23.8623796758,24.4089369515,17.0016802784
939,70.0,100.0,100.0,20.0,48.4559001059,23.5641325456,11.980983531,21.1199210642,17.1559220781,10.0529977328
940,100.0,0.0,100.0,20.0,48.0285120401,-20.9246713917,1.98684412568,12.8005542904,16.8169123411,13.1399196494
941,100.0,10.0,100.0,20.0,39.5562671974,7.39928913176,-5.28531789445,11.6060336618,10.9856360335,10.6490634355
942,100.0,20.0,100.0,20.0,55.8394718112,-12.1166039943,12.9017984336,20.3198287986,23.7528334777,14.0899953695
943,100.0,40.0,100.0,20.0,44.4006616879,20.6611392561,1.94789671578,17.1182772302,14.1172830162,11.0067525486
944,100.0,70.0,100.0,20.0,65.1677913272,-2.20059870171,24.1463656137,32.416529916,34.259200025,16.0148674367
945,100.0,100.0,100.0,20.0,39.9667165976,2.79664195521,-10.563012263,11.2109691368,11.2309247907,12.6551851876
946,0.0,0.0,0.0,40.0,50.6529902853,-18.4282499326,8.12154919953,14.9941894361,18.9707694779,12.5632226612
947,0.0,20.0,0.0,40.0,42.4754023327,14.508527816,-4.34473665425,14.6107929204,12.8098984858,11.9956895144
948,0.0,40.0,0.0,40.0,60.3548070263,-8.02191324564,23.9643278225,25.5384946027,28.5190584951,12.877959226
949,0.0,70.0,0.0,40.0,47.237044741,28.9731743209,3.3659220982,21.1525972631,16.2009592568,12.1672819606
950,0.0,100.0,0.0,40.0,58.993848744,-18.5138678435,-0.0608420031284,21.8307809554,27.0210959646,22.3267185252
951,20.0,0.0,0.0,40.0,34.5218039901,6.19820924493,3.39970116328,8.66639294548,8.26156988762,6.04925839623
952,20.0,20.0,0.0,40.0,70.394367739,-4.03952284815,15.3405587507,38.5551329719,41.3125806212,24.6029444467
953,20.0,40.0,0.0,40.0,45.1993896179,6.91631248619,-1.80062862851,15.3037417943,14.6847752585,12.7474224771
954,20.0,70.0,0.0,40.0,61.4433148284,-13.1247884132,-20.0408106461,25.4405447975,29.7562250113,37.3495433132
955,20.0,100.0,0.0,40.0,34.7772476949,6.57774690586,4.08570153029,8.83940739516,8.38751872991,5.99617228456
956,40.0,0.0,0.0,40.0,72.7803337207,-1.03838574834,-4.88816958238,42.8791720495,44.8307858582,40.6482182122
957,40.0,20.0,0.0,40.0,45.5342368565,6.32847038046,0.784642888047,15.4492855795,14.9271359755,12.045195895
958,40.0,40.0,0.0,40.0,47.4864656027,30.0611070396,0.488561220052,21.6110589347,16.3934168371,13.3459712352
959,40.0,70.0,0.0,40.0,60.012683372,-8.15154211587,33.632225262,25.1576053827,28.1374168522,9.53714903984
960,40.0,100.0,0.0,40.0,43.5914358216,16.7725702282,-7.29866224461,15.8052674167,13.5574365696,13.7436020099
961,70.0,0.0,0.0,40.0,50.7679980659,-19.3844983694,16.0033544672,14.9172741466,19.0691395372,10.0420528559
962,70.0,20.0,0.0,40.0,40.536990877,4.87858761871,-13.6596519702,11.8483948745,11.5777482525,14.1578608195
963,70.0,40.0,0.0,40.0,64.8370742744,-2.5280719781,33.8880552963,31.9286453111,33.8421380414,12.1061513171
964,70.0,70.0,0.0,40.0,45.360983244,21.5289519463,-1.15053226435,18.0497403445,14.8014057004,12.615501196
965,70.0,100.0,0.0,40.0,55.3750905743,-13.1374563399,19.0515738535,19.7068466584,23.2951788667,11.6046186286
966,100.0,0.0,0.0,40.0,41.5567839257,6.93073159891,-9.18747357129,12.7945363585,12.2156221143,13.1457988378
967,100.0,20.0,0.0,40.0,47.7770962033,-20.9853874054,6.89019307546,12.6290255662,16.6195881598,11.2932740139
968,100.0,40.0,0.0,40.0,47.0981878412,27.4743783394,5.64226290581,20.714298294,16.094470464,11.3187344709
969,100.0,70.0,0.0,40.0,60.5688331334,-7.69115101651,18.5878613683,25.8387079215,28.7595521298,15.0512506713
970,100.0,100.0,0.0,40.0,42.5863811953,13.5889823374,-2.43131938098,14.5383645302,12.8829716593,11.4159957332
971,0.0,0.0,20.0,40.0,50.6256126044,-17.6297295555,5.89732962644,15.1083296216,18.9474023777,13.3472770871
972,0.0,20.0,20.0,40.0,39.4696121614,3.32933689432,-8.3473515608,10.9905378048,10.9343109536,11.5964824099
973,0.0,40.0,20.0,40.0,60.2448277303,7.70772532805,12.8287592668,29.3542843812,28.3960017865,17.2178489648
974,0.0,70.0,20.0,40.0,45.4308318342,16.7465385217,7.33909515743,17.214545736,14.8520095814,9.87948585017
975,0.0,100.0,20.0,40.0,52.1024865133,-3.14415149218,2.42733903457,18.8927313451,20.2355465515,15.6822236144
976,20.0,0.0,20.0,40.0,41.9248741653,2.52143596361,-2.18332494517,12.3743713847,12.4514901498,10.9624224434
977,20.0,20.0,20.0,40.0,45.2690941236,-11.6486324533,-6.89284181616,12.4104218066,14.7350091562,14.6965313046
978,20.0,40.0,20.0,40.0,48.3405929867,22.0368507299,13.6108091206,20.6972169218,17.0640144391,9.50696790552
979,20.0,70.0,20.0,40.0,56.919172538,2.06470482424,2.66895187198,24.4282410822,24.8399791902,19.2178005427
980,20.0,100.0,20.0,40.0,43.6880385457,9.71627770558,4.68225430032,14.6823794984,13.6234767418,9.77523056102
981,40.0,0.0,20.0,40.0,48.3821350666,-7.68497623516,-7.46228355592,15.1545494597,17.0970883854,17.1474604085
982,40.0,20.0,20.0,40.0,40.2807425106,-1.54362852462,-2.33583786193,10.8043538284,11.4210356625,10.1205911555
983,40.0,40.0,20.0,40.0,35.6479872278,11.8346322417,7.22513493717,9.94214714097,8.82645347285,5.6499826207
984,40.0,70.0,20.0,40.0,64.887123494,-20.4002507567,6.35342288812,27.2846853626,33.9050357219,24.32332981
985,40.0,100.0,20.0,40.0,48.0675539636,8.05825534295,3.01475095711,17.7102695212,16.8476938638,12.7937080561
986,70.0,0.0,20.0,40.0,37.8452018764,0.200408330542,9.7413940907,9.66945107771,10.0015442556,5.9176083906
987,70.0,20.0,20.0,40.0,35.4489569029,11.4172077745,7.60483100587,9.78078783012,8.7248055116,5.50156028628
988,70.0,40.0,20.0,40.0,67.4483719245,-15.2523434995,-15.9078827617,31.523675137,37.2288513144,42.0747978203
989,70.0,70.0,20.0,40.0,48.2353715084,6.74291552513,5.41261213514,17.599832927,16.9804327057,12.0552044169
990,70.0,100.0,20.0,40.0,38.8901035117,1.01847553409,3.66361528904,10.3493936889,10.5951761543,7.76565284324
991,100.0,0.0,20.0,40.0,53.1143515837,39.8901321747,17.176973117,29.7349270361,21.1509922478,10.9404929823
992,100.0,20.0,20.0,40.0,45.5764774649,0.689277199668,-12.7514323821,14.5365029051,14.9578975939,17.3444017003
993,100.0,40.0,20.0,40.0,64.8435490681,20.0671268991,30.1141018838,38.6119045926,33.8502706371,13.4566724333
994,100.0,70.0,20.0,40.0,53.7049750812,-17.490037902,-11.820592501,17.4777927798,21.6978829053,23.722281273
995,100.0,100.0,20.0,40.0,79.7230536707,-3.40817909271,46.4884988496,52.8541424761,56.1921522021,17.1845206652
996,0.0,0.0,40.0,40.0,44.5785589643,5.13476051219,-16.0264814678,14.5601326287,14.2423891125,18.0335128499
997,0.0,20.0,40.0,40.0,60.1121846558,-27.789850141,19.4527226057,20.8871431546,28.2480579487,14.4030735825
998,0.0,40.0,40.0,40.0,49.6314342874,19.6075222586,-8.33197993783,21.3542040324,18.111804352,18.4942447223
999,0.0,70.0,40.0,40.0,72.3844782593,-12.3317896788,41.5666719872,38.6449452036,44.2337786225,14.0371094634
1000,0.0,100.0,40.0,40.0,55.8806622708,38.7251469038,2.92156167103,32.6675342088,23.7937142576,18.2763481878
1001,20.0,0.0,40.0,40.0,37.5520585239,13.7096363108,9.47438438782,11.2807110713,9.83908112012,5.86681942863
1002,20.0,20.0,40.0,40.0,34.0963532103,1.39979201995,-4.92174192653,7.91905443666,8.05460726164,7.84795751959
1003,20.0,40.0,40.0,40.0,39.4286552687,7.4325829542,13.7402430863,11.5333023655,10.9101082524,5.65066315252
1004,20.0,70.0,40.0,40.0,35.1596174855,-3.37254582882,-5.58065834312,7.89837934295,8.57843170849,8.50835303759
1005,20.0,100.0,40.0,40.0,43.6691458195,-0.730501456926,20.224036935,13.0130743639,13.6105443439,5.82381416616
1006,40.0,0.0,40.0,40.0,42.3247916711,-6.89073493795,-2.58338000683,11.2768025439,12.7111727497,11.317302353
1007,40.0,20.0,40.0,40.0,43.9332302207,-1.89397440204,-4.3467392002,13.0092421025,13.7920584435,12.8772429625
1008,40.0,40.0,40.0,40.0,47.5654666155,2.15360579691,6.04905578324,16.2442940085,16.4546917297,11.4505475414
1009,40.0,70.0,40.0,40.0,51.5650944518,8.36041037797,5.49437458306,20.7433527309,19.7602846772,14.1044031323
1010,40.0,100.0,40.0,40.0,54.1715013135,13.7881124873,15.224287322,24.4004540149,22.1364684784,12.2010274609
1011,70.0,0.0,40.0,40.0,45.1715925418,2.74703803071,-17.150809775,14.5877868435,14.6647746454,19.0148588497
1012,70.0,20.0,40.0,40.0,69.8630070263,-16.0872004116,32.7250556064,34.2258339434,40.554991443,15.8151037475
1013,70.0,40.0,40.0,40.0,49.8538098638,18.6819384555,-7.871092871,21.3611789195,18.2965306941,18.458882763
1014,70.0,70.0,40.0,40.0,57.4456113514,-30.2407475379,11.9331425219,18.1102423203,25.3818680985,15.5624410425
1015,70.0,100.0,40.0,40.0,56.3004413072,38.1071605771,3.72570747115,33.0036655401,24.2130153172,18.23994877
1016,100.0,0.0,40.0,40.0,50.5745851727,-7.74644658013,-6.9443858148,16.7921761717,18.9039012249,18.603391419
1017,100.0,20.0,40.0,40.0,34.9586079371,1.57138362627,5.37709009143,8.35173380722,8.47771278786,5.78769603092
1018,100.0,40.0,40.0,40.0,59.0825780801,7.40811906209,6.02400628703,27.9860313369,27.1171199088,19.3940111392
1019,100.0,70.0,40.0,40.0,53.9024108712,-19.1198600784,7.0057357568,17.333875687,21.8827800726,15.0864266196
1020,100.0,100.0,40.0,40.0,52.6339548657,-3.57384942021,-21.7472107658,19.2583018134,20.7130048403,28.3506127253
1021,0.0,0.0,70.0,40.0,35.2257619992,1.39533053955,6.07571083033,8.46270271408,8.61174803217,5.73773784375
1022,0.0,20.0,70.0,40.0,61.361587982,9.73147153034,-9.7459554341,31.1810792514,29.6621181045,30.2407713338
1023,0.0,40.0,70.0,40.0,54.0308829209,-20.483281689,11.2664620575,17.1850963651,22.003655545,13.5325928723
1024,0.0,70.0,70.0,40.0,75.3191072209,-9.17439096733,12.9249926871,43.8322956835,48.7877739846,31.132830197
1025,0.0,100.0,70.0,40.0,55.303200762,-15.9413141323,9.5163504911,19.0883836415,23.2248602237,15.0483983224
1026,20.0,0.0,70.0,40.0,61.8471924325,12.0029756772,4.88545349422,32.3859510039,30.2242056258,22.3128773227
1027,20.0,20.0,70.0,40.0,46.7790452141,2.94356651224,-0.649730435921,15.7897969012,15.8514922038,13.3160861906
1028,20.0,40.0,70.0,40.0,51.3618859748,29.9609123633,0.0815862476993,25.352887938,19.5825275398,16.1236065276
1029,20.0,70.0,70.0,40.0,57.3125542982,32.8437493486,22.5176299675,32.7492958622,25.2441693906,11.5626280856
1030,20.0,100.0,70.0,40.0,69.1364223114,2.08845754246,1.54881917707,38.7771863903,39.5341330848,31.5980906979
1031,40.0,0.0,70.0,40.0,50.3072485354,11.6156684214,8.06899180114,20.2965800961,18.6770831878,12.3723744225
1032,40.0,20.0,70.0,40.0,57.938439081,-11.5780267085,-13.2614056354,22.3477389531,25.8962492256,28.7531413236
1033,40.0,40.0,70.0,40.0,45.298824682,-4.91643571918,-2.04455540449,13.4499603049,14.7564698617,12.8960116615
1034,40.0,70.0,70.0,40.0,43.1050155531,-1.64347570007,1.11390535298,12.5105710444,13.2281478447,10.5605876086
1035,40.0,100.0,70.0,40.0,37.5561734725,-6.02393495018,6.48936028435,8.76626395388,9.84134940403,6.52563486182
1036,70.0,0.0,70.0,40.0,38.4475440497,5.40157729447,0.348087988312,10.6762428623,10.3409614021,8.43781243081
1037,70.0,20.0,70.0,40.0,35.1146475428,1.0114256291,3.03705509977,8.36449625959,8.55582994155,6.35447712348
1038,70.0,40.0,70.0,40.0,35.5606656325,11.1788013917,0.839909143645,9.81140998453,8.78176029048,7.04242727855
1039,70.0,70.0,70.0,40.0,48.8891354236,24.7003504751,6.86668976296,21.7576667468,17.5041890599,11.9433185909
1040,70.0,100.0,70.0,40.0,54.4761213195,1.0751579563,14.8186292183,21.8557341301,22.426010224,12.5260365036
1041,100.0,0.0,70.0,40.0,44.5189225618,10.5285418528,-1.56547609565,15.4192186315,14.2003678602,12.2521078204
1042,100.0,20.0,70.0,40.0,47.3457723049,-9.84561841612,2.44528105523,14.0650264568,16.2846691085,12.5541086067
1043,100.0,40.0,70.0,40.0,40.5552150429,-0.0811024842864,-7.78655607207,11.16402211,11.5889477957,12.0406253775
1044,100.0,70.0,70.0,40.0,58.0259483843,6.21942968924,24.0418658976,26.554587128,25.9883060467,11.4646538203
1045,100.0,100.0,70.0,40.0,47.2760023254,16.1188246092,-0.290759240327,18.5935960782,16.2309198192,13.4995691989
1046,0.0,0.0,100.0,40.0,51.1108107976,-4.76674245208,12.5097685881,17.765003941,19.3643752343,11.3354692724
1047,0.0,20.0,100.0,40.0,41.9616046583,4.67582134151,-8.88049602064,12.7179296674,12.4751918556,13.2885289351
1048,0.0,40.0,100.0,40.0,44.685397247,-13.8163439449,2.29247636366,11.7323943968,14.317877087,11.0541072357
1049,0.0,70.0,100.0,40.0,68.7135420717,3.99634852723,31.3377649489,38.8040271695,38.9479456495,15.5717416439
1050,0.0,100.0,100.0,40.0,54.4535139725,-0.696423895294,-1.5983685759,21.4562049088,22.4044356835,19.2253845651
1051,20.0,0.0,100.0,40.0,57.922735974,-11.764354058,14.2803341838,22.292335009,25.879753129,14.9500822015
1052,20.0,20.0,100.0,40.0,35.4480437552,9.54910667507,6.61053907926,9.54710488341,8.72434096021,5.70607084154
1053,20.0,40.0,100.0,40.0,68.4333750234,3.69237672923,38.383151636,38.3292828193,38.5627929724,12.7028650064
1054,20.0,70.0,100.0,40.0,56.2887988213,2.540664423,-16.6631207529,23.9127626903,24.2013201894,29.0961890839
1055,20.0,100.0,100.0,40.0,57.9070883524,-13.3076066261,18.7648714765,21.9431481073,25.8633222894,13.2324977517
1056,40.0,0.0,100.0,40.0,35.4452312889,9.58592308265,3.32443278252,9.55016286682,8.72291026012,6.41799837541
1057,40.0,20.0,100.0,40.0,47.0718605664,19.0732017628,4.155591858,18.9970707359,16.074332955,11.7998638495
1058,40.0,40.0,100.0,40.0,51.5608782563,15.6039204363,-4.16878155325,22.2806719043,19.7565856655,18.1148184219
1059,40.0,70.0,100.0,40.0,55.6771090588,2.46350696194,12.7855827856,23.2983588029,23.592147476,14.027718139
1060,40.0,100.0,100.0,40.0,63.1658143884,-4.82502440148,0.848088771029,29.3693965898,31.7862345428,25.7411212037
1061,70.0,0.0,100.0,40.0,67.6592917514,-18.698378212,26.2459126257,30.8322483939,37.5118586335,16.9434367636
1062,70.0,20.0,100.0,40.0,50.5313443707,-7.60083009902,-17.6737875482,16.7848220572,18.8670903739,23.9285122929
1063,70.0,40.0,100.0,40.0,51.1658505808,-8.52232409975,6.4657774574,17.1140438802,19.4120584025,13.4811023814
1064,70.0,70.0,100.0,40.0,58.4516525154,4.29305140446,-7.51646554345,26.53219853,26.4392454996,25.8761049865
1065,70.0,100.0,100.0,40.0,59.763501427,8.62204666405,24.3305757309,29.0515258939,27.8616058916,12.38715688
1066,100.0,0.0,100.0,40.0,67.102204086,19.3425794436,5.73912891283,41.5140504133,36.7674626552,26.8355891677
1067,100.0,20.0,100.0,40.0,35.6754825542,6.20629664185,4.67229286034,9.25755353283,8.84055753294,6.20593217422
1068,100.0,40.0,100.0,40.0,36.0335053479,6.46819118535,-1.74031060259,9.47825513684,9.02558341788,7.8889002746
1069,100.0,70.0,100.0,40.0,36.7593805277,0.722264267701,7.68662143523,9.15939424862,9.40860195136,5.95672002025
1070,100.0,100.0,100.0,40.0,37.7012731427,0.060915039978,-1.77441725277,9.57486867273,9.92155577997,8.66606107359
1071,0.0,0.0,0.0,60.0,39.5735459623,-6.15280800614,12.4646988859,9.80703358671,10.9958892744,5.97259877838
1072,0.0,20.0,0.0,60.0,50.6111538503,-13.8870979078,1.62183147235,15.7356645387,18.9350694456,14.9708288007
1073,0.0,40.0,0.0,60.0,59.30023985,9.71053993424,-4.05256259018,28.8159862955,27.3536389949,24.7497950056
1074,0.0,70.0,0.0,60.0,56.339772312,-12.7731391698,15.8005311465,20.6286880281,24.2525520208,13.3284721259
1075,0.0,100.0,0.0,60.0,50.606100383,-5.42910385907,-16.0975132422,17.2386879786,18.9307602351,23.1522084163
1076,20.0,0.0,0.0,60.0,67.6021057023,4.11891901114,33.9741621739,37.3504344654,37.4349865154,13.7904461066
1077,20.0,20.0,0.0,60.0,48.81734141,-17.4842216298,-10.5992593513,13.8583342876,17.4461528692,18.8914826866
1078,20.0,40.0,0.0,60.0,40.4305127155,4.50635678934,-1.81051263647,11.729934219,11.5124569952,10.0392009642
1079,20.0,70.0,0.0,60.0,57.9978136556,-9.96445355393,-0.145125154891,22.7583301794,25.9586855111,21.4918052077
1080,20.0,100.0,0.0,60.0,43.5788841774,19.2367227904,6.4009519788,16.2265772036,13.5488716335,9.21691360224
1081,40.0,0.0,0.0,60.0,68.2228162217,-0.860541414241,10.343235286,36.6465798187,38.2750097318,25.3017620529
1082,40.0,20.0,0.0,60.0,60.1129811686,-26.9204565296,-1.76424554507,21.0698117447,28.2489448044,24.2611006028
1083,40.0,40.0,0.0,60.0,51.5707089442,17.9245290063,9.5790008151,22.7994414381,19.765211179,12.6073248389
1084,40.0,70.0,0.0,60.0,71.7243316643,-13.2401563813,14.6812416664,37.476359213,43.2500124567,26.2701233577
1085,40.0,100.0,0.0,60.0,46.183601127,-0.3829522921,-2.98518221623,14.7911189806,15.4047139802,13.8020488636
1086,70.0,0.0,0.0,60.0,62.4796164579,-20.895529406,-22.3142593119,24.6622929941,30.9668227346,40.391090939
1087,70.0,20.0,0.0,60.0,51.6792231299,16.8227856824,12.1716186143,22.6594690006,19.8605891361,11.775410436
1088,70.0,40.0,0.0,60.0,74.0397350345,-9.11491275453,-7.3559126256,41.9927675823,46.7658311442,44.3358752486
1089,70.0,70.0,0.0,60.0,46.0176776746,-1.54712518767,0.0174810106317,14.4817246815,15.2817303058,12.6028428448
1090,70.0,100.0,0.0,60.0,62.1138528606,-22.8782537037,-4.88151978783,23.8418263023,30.5358638312,28.0354341885
1091,100.0,0.0,0.0,60.0,66.2635574084,0.394940797905,28.0031090068,34.5071484509,35.6655143024,15.2123468765
1092,100.0,20.0,0.0,60.0,52.0130722195,-4.11976557937,-8.7004779404,18.6283410539,20.1559471413,20.6140081687
1093,100.0,40.0,0.0,60.0,53.7021155704,22.5067893297,12.3051865716,25.9832659649,21.6952126746,12.94588141
1094,100.0,70.0,0.0,60.0,45.8821698603,9.94566666025,-10.719453847,16.3391530148,15.1817778767,16.6942116138
1095,100.0,100.0,0.0,60.0,71.5180656923,8.49165166001,41.3011344575,44.2723458205,42.9456483358,13.5755226453
1096,0.0,0.0,20.0,60.0,55.7073546341,23.428927038,-3.01697769822,28.3611316561,23.6220256014,20.9526125646
1097,0.0,20.0,20.0,60.0,60.5695654461,-8.79569619956,21.9377618407,25.5747562682,28.7603773162,13.7571748616
1098,0.0,40.0,20.0,60.0,48.6142468025,4.98546592545,-14.7525189737,17.5766906322,17.2826721254,20.7084126483
1099,0.0,70.0,20.0,60.0,52.0791523719,-22.1590229652,7.06742020845,15.4021173715,20.2147535953,13.8442279008
1100,0.0,100.0,20.0,60.0,38.9997403953,-5.99464651735,-4.4112323587,9.51807105613,10.6587911109,10.0799389646
1101,20.0,0.0,20.0,60.0,40.3143436073,0.170390659176,13.263144873,11.056243305,11.4415038618,6.07611499709
1102,20.0,20.0,20.0,60.0,35.2822106669,0.242885860528,-4.42974746207,8.3592498373,8.64024878451,8.25519982277
1103,20.0,40.0,20.0,60.0,36.9384742005,7.88737316807,8.07901130295,10.1490431536,9.50474110622,5.93879708633
1104,20.0,70.0,20.0,60.0,34.4405001767,4.91200790129,-3.54512656165,8.47778576778,8.22174846118,7.64769216596
1105,20.0,100.0,20.0,60.0,66.4967826015,22.0401546714,0.153865981795,41.5430862683,35.9697207442,29.5825697399
1106,40.0,0.0,20.0,60.0,57.3600948889,7.01440320891,-12.6678461952,26.0496427841,25.2933110884,27.7891875259
1107,40.0,20.0,20.0,60.0,78.8538156403,-2.50142854877,32.7174955551,51.7612703855,54.6752087102,23.0928200095
1108,40.0,40.0,20.0,60.0,57.2228988368,6.54360148722,-13.3178566042,25.793674511,25.1516677312,28.0376384207
1109,40.0,70.0,20.0,60.0,56.7913791336,0.61541918019,4.1544044274,23.9678536175,24.7096091343,18.4296295492
1110,40.0,100.0,20.0,60.0,67.4602780661,-17.2267383719,14.1699962999,30.9986076093,37.2447886613,22.5169984257
1111,70.0,0.0,20.0,60.0,69.824818496,-11.8303626152,-10.7882576733,35.4265164857,40.5009036516,41.2723677814
1112,70.0,20.0,20.0,60.0,48.5022320962,-5.49840787395,-3.91932552896,15.6147763103,17.1929445779,15.7392971505
1113,70.0,40.0,20.0,60.0,79.4866670966,-2.8096622256,32.5723551136,52.6914074882,55.7768824887,23.753697402
1114,70.0,70.0,20.0,60.0,78.9334587062,-3.36960422109,32.4695025253,51.5609482286,54.8130468707,23.2974642345
1115,70.0,100.0,20.0,60.0,55.1175822586,32.7216094259,-4.20019813072,30.1237728347,23.0439531508,21.0352929293
1116,100.0,0.0,20.0,60.0,59.7970709735,-18.1496299597,22.4646284671,22.6635028244,27.8986573452,13.0719786676
1117,100.0,20.0,20.0,60.0,33.3306113545,4.42414788691,-1.6824774691,7.88889459127,7.6908709736,6.72985971848
1118,100.0,40.0,20.0,60.0,71.6617106487,-1.83883908551,43.8884882428,41.0119143126,43.1574579699,12.7244782999
1119,100.0,70.0,20.0,60.0,53.3998352736,32.1963592655,5.25434266914,28.0605750329,21.4141751828,15.4419915794
1120,100.0,100.0,20.0,60.0,60.558568128,-17.5299247185,14.8097025137,23.5342177825,28.7479869523,16.598412211
1121,0.0,0.0,40.0,60.0,33.7983983539,3.43105910052,0.230460286921,8.00098961015,7.91174273903,6.47558956792
1122,0.0,20.0,40.0,60.0,72.7116334755,-1.75871790692,35.4091120667,42.5374685819,44.7267931209,16.749352806
1123,0.0,40.0,40.0,60.0,42.3924993987,2.39788431544,-4.74798816933,12.6549766238,12.7554923649,12.0849896692
1124,0.0,70.0,40.0,60.0,58.4223086817,33.3126142187,7.88718693414,34.2509168071,26.4079961026,18.013251914
1125,0.0,100.0,40.0,60.0,48.7972016143,-11.5848014012,0.448789717252,14.8016773071,17.4298955165,14.2088659005
1126,20.0,0.0,40.0,60.0,73.5753935834,9.26813381209,15.0591793137,47.6768928847,46.0460316375,27.9274443215
1127,20.0,20.0,40.0,60.0,57.4158310119,-31.120948827,9.44816254649,17.9195452488,25.3510054975,16.5742154126
1128,20.0,40.0,40.0,60.0,59.3549421676,-25.2724430885,-16.63262917,20.7317385536,27.4132959648,32.4653760395
1129,20.0,70.0,40.0,60.0,44.9804615934,6.74374198146,-1.24195047298,15.1152120828,14.5277432078,12.4167311136
1130,20.0,100.0,40.0,60.0,69.982822587,-14.4572973804,-3.10113495056,34.8521423045,40.7250030548,35.7555737326
1131,40.0,0.0,40.0,60.0,50.4257925332,26.0893753479,11.0233283575,23.5214634124,18.7774349654,11.4363955309
1132,40.0,20.0,40.0,60.0,81.4031354337,-1.51224391494,12.2379178049,56.4746669817,59.2031539701,38.9289327496
1133,40.0,40.0,40.0,60.0,34.8032394393,0.353366259735,1.0635529552,8.13975310236,8.40040547732,6.68178690243
1134,40.0,70.0,40.0,60.0,37.6868118295,11.9159071498,2.57764109846,11.113686645,9.91354255703,7.51521427776
1135,40.0,100.0,40.0,60.0,35.5046405171,-4.39115795969,3.13009478974,7.94961964881,8.75316496178,6.48515972138
1136,70.0,0.0,40.0,60.0,42.5972056422,4.69103093412,2.91387990323,13.1354000112,12.8901137701,9.7417206395
1137,70.0,20.0,40.0,60.0,37.8510019619,-10.8810843248,6.8847727639,8.35340422414,10.0047766361,6.55141721497
1138,70.0,40.0,40.0,60.0,66.2606152542,20.9809805351,-0.0262046655158,40.861331902,35.6616877105,29.4409354086
1139,70.0,70.0,40.0,60.0,57.0182604523,6.92080881626,-12.3384365147,25.6726010133,24.9413800074,27.2423578877
1140,70.0,100.0,40.0,60.0,77.3635987556,-2.30923813732,31.3828106203,49.4164114761,52.1385300438,22.4451518167
1141,100.0,0.0,40.0,60.0,55.5250883828,2.49370293107,6.4000911856,23.1583489959,23.4423551782,16.4844551402
1142,100.0,20.0,40.0,60.0,57.0382822903,0.506965946562,4.00018815782,24.1871276106,24.9619026497,18.6951150189
1143,100.0,40.0,40.0,60.0,66.5279118891,-16.3247975732,13.5461991314,30.1600273007,36.0104544907,22.0086282748
1144,100.0,70.0,40.0,60.0,68.8075779696,-11.8243997305,-10.9272618964,34.1428156798,39.0777916695,40.0257209106
1145,100.0,100.0,40.0,60.0,48.706820159,-5.6861876351,-3.61596791327,15.7343817961,17.3570616765,15.7595580578
1146,0.0,0.0,70.0,60.0,38.8833284689,-0.693661639444,1.8581520982,10.1235221214,10.5912533755,8.23412554079
1147,0.0,20.0,70.0,60.0,81.3298491015,-0.52030625271,5.06757216742,56.7489105776,59.0696207435,44.4551492129
1148,0.0,40.0,70.0,60.0,33.3719604118,0.0699780099389,1.74083437964,7.44227515479,7.7102267177,5.97936752398
1149,0.0,70.0,70.0,60.0,53.076091732,7.51284357988,-17.0508569388,21.9425418954,21.1158858226,26.0284720978
1150,0.0,100.0,70.0,60.0,54.2848152209,11.4056304831,16.8890513341,23.964664579,22.2438805654,11.6995139634
1151,20.0,0.0,70.0,60.0,61.5847035369,22.5912645155,-4.70218122936,35.1022034993,29.9195010801,27.3826740656
1152,20.0,20.0,70.0,60.0,33.5172872906,0.309369518089,0.921138851783,7.53344993699,7.77851272191,6.21257857385
1153,20.0,40.0,70.0,60.0,52.1610807631,3.2241819988,-4.97290946856,20.2146308448,20.2878224889,18.9558101801
1154,20.0,70.0,70.0,60.0,55.098327803,11.645134228,12.5402302946,24.8316351572,23.025241379,13.7438179748
1155,20.0,100.0,70.0,60.0,60.7216499195,20.7264707984,8.90875981156,33.4804767374,28.9320917696,19.36632236
1156,40.0,0.0,70.0,60.0,80.8457362438,-2.33634070951,27.7977190756,55.1779093646,58.1925713371,27.8053187648
1157,40.0,20.0,70.0,60.0,50.3581822005,29.0999544456,8.48511452453,24.1410083054,18.7201564523,12.2580429112
1158,40.0,40.0,70.0,60.0,69.0105661949,-16.2313619323,10.7151653401,33.130227683,39.3590636882,25.8609073543
1159,40.0,70.0,70.0,60.0,44.8566999091,8.31870008096,-3.85536983852,15.2910724122,14.4394691275,13.276229276
1160,40.0,100.0,70.0,60.0,58.3747276734,-28.4739071959,-4.21319181117,19.2276087831,26.3573775743,23.962407884
1161,70.0,0.0,70.0,60.0,37.1044894156,-8.84933749973,2.52391522023,8.21978241239,9.59444251343,7.27963073117
1162,70.0,20.0,70.0,60.0,42.0937286111,4.03389081342,11.1320833623,12.7070746246,12.5606983788,7.27815138388
1163,70.0,40.0,70.0,60.0,35.3240467522,-2.93594473866,0.189599179532,8.02402268419,8.66141221441,7.10073244796
1164,70.0,70.0,70.0,60.0,38.2524556944,11.884359929,7.88966235751,11.4467146066,10.2302026139,6.48017507899
1165,70.0,100.0,70.0,60.0,34.5377755078,1.53747785891,-1.1020285864,8.14419286345,8.26940758442,7.08530082309
1166,100.0,0.0,70.0,60.0,80.2120694929,-3.19815994342,42.0686737283,53.7574098065,57.057757803,19.5762922507
1167,100.0,20.0,70.0,60.0,51.1233795246,27.746354264,2.77477576459,24.5906985854,19.3752571382,14.8640645151
1168,100.0,40.0,70.0,60.0,67.1118616182,-18.9247417825,22.9811510906,30.1379272576,36.7802826841,17.9630510285
1169,100.0,70.0,70.0,60.0,44.932157077,8.52321265627,-7.84252115242,15.3810445702,14.4932469188,14.8414849821
1170,100.0,100.0,70.0,60.0,56.9834707996,-30.558997084,7.54264375873,17.6754136157,24.9057469237,17.0715645177
1171,0.0,0.0,100.0,60.0,64.4939349264,26.8473675749,-0.958745061489,40.2932206979,33.4130028075,28.1445437713
1172,0.0,20.0,100.0,60.0,67.0787960489,21.8684546245,-0.941691083643,42.3191429527,36.7364016839,30.9131366771
1173,0.0,40.0,100.0,60.0,80.2531425393,-3.17692687579,40.3301369063,53.8351509577,57.130863076,20.4471264384
1174,0.0,70.0,100.0,60.0,80.4793281097,-3.05251978663,34.3972629954,54.2675569642,57.5345662537,23.6925453192
1175,0.0,100.0,100.0,60.0,51.9269378522,0.490446243992,3.92044482238,19.4600064632,20.0794652856,14.958923952
1176,20.0,0.0,100.0,60.0,57.6967708285,0.327114088465,3.84783470695,24.8040503176,25.643152121,19.2937089523
1177,20.0,20.0,100.0,60.0,67.4251548929,-14.9633354056,-15.7147912955,31.5755785328,37.1977864915,41.890908605
1178,20.0,40.0,100.0,60.0,70.5845061316,-12.3322207884,-12.2967524238,36.2557841754,41.5859459424,43.5095836872
1179,20.0,70.0,100.0,60.0,80.8914222629,0.534212126469,4.8829235106,56.4102135155,58.2749655051,43.9886504116
1180,20.0,100.0,100.0,60.0,67.541425693,-16.971135317,15.4831115262,31.1632631254,37.3535325746,21.9115992378
1181,40.0,0.0,100.0,60.0,68.9137622555,11.7489190795,-3.30832761765,41.5849416121,39.2247588993,34.6085450227
1182,40.0,20.0,100.0,60.0,50.231002034,1.91058576964,9.1039530464,18.3109477873,18.6127270857,11.9693711309
1183,40.0,40.0,100.0,60.0,59.0626431928,-1.70381986395,-16.8771169104,25.7174905088,27.0955263555,32.2932409999
1184,40.0,70.0,100.0,60.0,58.0525944497,21.0686511575,24.9535914885,30.3903866487,26.01638007,11.1795894112
1185,40.0,100.0,100.0,60.0,67.0020211589,9.6881316963,13.3289468285,38.2749239506,36.6346490931,22.5435400541
1186,70.0,0.0,100.0,60.0,51.0456692779,2.02060347242,4.22025929152,19.0119402281,19.308041502,14.249204601
1187,70.0,20.0,100.0,60.0,57.4497988944,-6.14938970719,-1.48996241941,23.0808827535,25.3862098307,21.6943456222
1188,70.0,40.0,100.0,60.0,59.309524518,20.2378156145,19.5368662664,31.6360838678,27.3637585154,13.8429902883
1189,70.0,70.0,100.0,60.0,52.5436401859,-20.4245409915,2.43231873009,16.0473522569,20.6313443329,15.9934138675
1190,70.0,100.0,100.0,60.0,47.2192454563,5.38686335631,-5.96812156271,16.5534685417,16.1872828905,15.6724389356
1191,100.0,0.0,100.0,60.0,61.9420945414,-7.29111653174,16.3429654917,27.3883133385,30.3348777874,16.9631358804
1192,100.0,20.0,100.0,60.0,54.695596345,22.7509257988,5.06710351479,27.091184265,22.636178979,16.4433887614
1193,100.0,40.0,100.0,60.0,72.3418869813,8.24480437976,32.2660676053,45.4198261076,44.1698624638,17.8434453877
1194,100.0,70.0,100.0,60.0,35.0765937981,3.89677965664,0.171493349597,8.67683394881,8.5367352756,7.002629121
1195,100.0,100.0,100.0,60.0,37.1788470429,8.46010569694,5.35778714967,10.3579579392,9.63480177841,6.63593978988
1196,0.0,0.0,0.0,80.0,36.429023221,-1.20341826673,1.5393836779,8.76183252071,9.23296804138,7.23555305528
1197,0.0,40.0,0.0,80.0,40.7943234412,0.853309256806,8.25461855184,11.4362753165,11.7365600058,7.43552345161
1198,0.0,70.0,0.0,80.0,38.7761777578,-7.93936273452,3.91545250804,9.16318460446,10.5293413427,7.65142583566
1199,0.0,100.0,0.0,80.0,53.6482918275,-18.6041089375,-6.63047070848,17.2272864523,21.6449925602,20.9840867849
1200,40.0,0.0,0.0,80.0,47.1541183445,1.45411851933,-1.17046152476,15.8118424202,16.1373070342,13.7489813856
1201,40.0,40.0,0.0,80.0,61.9801278216,-6.62882858584,6.15915695681,27.5953851041,30.3793068468,21.7766327973
1202,40.0,70.0,0.0,80.0,53.8743459121,21.5451259689,11.6647686013,25.9303715175,21.8564336511,13.286310521
1203,40.0,100.0,0.0,80.0,72.3470973826,9.78592306462,21.5173431757,45.9696817262,44.1776783354,23.0831159898
1204,70.0,0.0,0.0,80.0,80.3315423419,-3.31092169198,46.3732793998,53.9151908082,57.2705789601,17.6958373353
1205,70.0,40.0,0.0,80.0,80.4410140927,-2.73455823998,29.2846488326,54.3278464195,57.4660488283,26.5163527118
1206,70.0,70.0,0.0,80.0,47.4813162523,0.631946093169,3.94867068773,15.9140086412,16.389428179,12.1115451255
1207,70.0,100.0,0.0,80.0,64.5833368402,0.16237083579,3.94035640257,32.3728477743,33.5244586109,25.3738218152
1208,100.0,0.0,0.0,80.0,66.1277357475,-16.7283281435,-17.5969703872,29.5961624722,35.4891486315,41.6121053874
1209,100.0,40.0,0.0,80.0,73.9965950734,-8.9651775784,-7.62605812514,41.9807312774,46.6986438182,44.4962090441
1210,100.0,70.0,0.0,80.0,62.2737463968,29.4845496688,-1.84180350347,38.092697987,30.7237621871,26.402457286
1211,100.0,100.0,0.0,80.0,71.4592495896,16.1098121254,-0.119573706843,46.8569475691,42.859122251,35.4474519958
1212,0.0,0.0,40.0,80.0,80.2412746429,-3.47579530427,31.9363557472,53.6979598036,57.1097331819,24.8143581718
1213,0.0,40.0,40.0,80.0,80.0662647805,-1.59368491108,31.521497778,54.1408190155,56.7987459483,24.8772542275
1214,0.0,70.0,40.0,80.0,36.1854927846,-8.11070344139,5.46116290921,7.86391625928,9.10490458253,6.22590214983
1215,0.0,100.0,40.0,80.0,46.3759763641,12.892660417,-0.771439835024,17.2549370515,15.5481278195,13.1068880474
1216,40.0,0.0,40.0,80.0,65.9439910947,-9.36752315815,34.2147607637,31.359337645,35.2514811934,12.6589557132
1217,40.0,40.0,40.0,80.0,52.4489255015,32.9505702185,10.6784539636,27.2193788509,20.5459363077,12.7545925727
1218,40.0,70.0,40.0,80.0,36.1082888113,-7.675281262,4.15647818497,7.87508995094,9.06455455301,6.48842806318
1219,40.0,100.0,40.0,80.0,46.7660873246,13.9002260736,-4.14682674244,17.7537128536,15.8416787625,14.6319811017
1220,70.0,0.0,40.0,80.0,67.269322188,-9.14786059892,26.4175948905,33.0106408232,36.989726559,16.582429052
1221,70.0,40.0,40.0,80.0,53.0343815579,33.2653575777,7.69469809322,27.932153072,21.077657738,14.2317004203
1222,70.0,70.0,40.0,80.0,66.0847519345,20.2623228536,16.8356975732,40.3812190554,35.4334551195,19.994527578
1223,70.0,100.0,40.0,80.0,60.7878291786,10.2769984033,17.882058942,30.6586217318,29.0070258909,15.4866612882
1224,100.0,0.0,40.0,80.0,57.4358052916,3.61266469869,2.58495300204,25.3131213283,25.3717029076,19.6781172068
1225,100.0,40.0,40.0,80.0,52.0128382566,-6.99331890165,2.44974774227,18.0780622489,20.1557391345,15.6099285642
1226,100.0,70.0,40.0,80.0,50.3101288708,-10.0514442463,-8.16239266712,16.1782736614,18.6795172475,18.954968422
1227,100.0,100.0,40.0,80.0,40.9079200997,-5.2823222778,7.55064793428,10.6657300713,11.8071252851,7.66162935893
1228,0.0,0.0,70.0,80.0,39.492991921,-1.65533962729,5.7569920348,10.3395761251,10.9481428148,7.49887863169
1229,0.0,40.0,70.0,80.0,37.5297036897,1.62225581788,4.15941073908,9.67718833061,9.82676455024,7.06053111486
1230,0.0,70.0,70.0,80.0,36.4929924674,5.14100971784,2.41151633371,9.55899590471,9.26680504009,7.05103278794
1231,0.0,100.0,70.0,80.0,36.0806551323,6.86622116558,2.41713193947,9.55254023136,9.05014105851,6.88037197305
1232,40.0,0.0,70.0,80.0,65.7154403321,19.1083744584,26.4578730961,39.4985061061,34.9573423848,15.4542530867
1233,40.0,40.0,70.0,80.0,61.3053934566,9.94658277298,8.60539712171,31.173691337,29.5975264302,19.9897304262
1234,40.0,70.0,70.0,80.0,55.4180167228,0.984371193419,11.6824386177,22.7205691079,23.3372344559,14.2785292177
1235,40.0,100.0,70.0,80.0,51.9173210084,-5.54571344049,-5.03555901639,18.275096643,20.0709381644,18.7902651276
1236,70.0,0.0,70.0,80.0,48.6954675511,-11.1283714323,-0.976867003683,14.8046500346,17.3479275538,14.6932268978
1237,70.0,40.0,70.0,80.0,80.1407352149,-3.35392978659,50.5305358581,53.5760662473,56.9309392973,15.7800504193
1238,70.0,70.0,70.0,80.0,81.1238570967,-2.45006717558,25.2571932557,55.6117438894,58.69536345,29.6549392436
1239,70.0,100.0,70.0,80.0,43.6339764559,0.827572144812,4.00624597817,13.2283466765,13.5864921089,9.95025728143
1240,100.0,0.0,70.0,80.0,66.9917405444,0.192504649572,4.13590235743,35.3705501002,36.6210380972,27.671051962
1241,100.0,40.0,70.0,80.0,64.2391678613,-18.7980081033,-20.4045710123,26.988850786,33.0967447493,41.261357645
1242,100.0,70.0,70.0,80.0,75.7087070885,-7.7486534228,-5.93111353914,44.9029649243,49.4148799603,45.5348954578
1243,100.0,100.0,70.0,80.0,60.2089387268,33.0234651736,-1.51379207218,36.4470283968,28.3559220351,24.2146072766
1244,0.0,0.0,100.0,80.0,73.2849410577,12.7724801458,0.424609260074,48.4963818885,45.5995630454,37.3139307029
1245,0.0,40.0,100.0,80.0,81.2268664138,-0.869640653777,4.01301047662,56.4272233618,58.8823180554,45.177724024
1246,0.0,70.0,100.0,80.0,70.4291884538,-12.1209097103,-9.44387687335,36.1178706718,41.3625530961,41.0370059553
1247,0.0,100.0,100.0,80.0,57.2842486402,38.6886095676,-1.28692121534,34.3876472722,25.2149406868,21.4471681871
1248,40.0,0.0,100.0,80.0,36.7470057674,-7.05714510686,7.30258492175,8.24797761118,9.40198311582,6.03488956551
1249,40.0,40.0,100.0,80.0,50.3989152357,20.5108186344,-12.4049512702,22.2585528946,18.7546509304,21.0697069857
1250,40.0,70.0,100.0,80.0,74.7440589825,3.42978705954,49.8779067911,47.3877072231,47.8718968862,12.4857313691
1251,40.0,100.0,100.0,80.0,55.6803762788,37.3984005237,8.77114255603,32.0556241587,23.5953737884,15.6107225507
1252,70.0,0.0,100.0,80.0,36.7838262273,-6.54619927151,5.52643686533,8.32342137951,9.4216862469,6.44191519238
1253,70.0,40.0,100.0,80.0,49.393647975,17.8115006059,-3.27400627543,20.7623454249,17.9156565225,16.1078070274
1254,70.0,70.0,100.0,80.0,75.7807379514,2.83055292201,40.9655084328,48.7955015271,49.5314073746,16.6363924815
1255,70.0,100.0,100.0,80.0,45.0137745446,-1.84630848807,-4.53372337365,13.7385486714,14.5515652526,13.6267977838
1256,100.0,0.0,100.0,80.0,56.8961361532,-14.0562541396,-1.47460923229,20.8603017161,24.8164445336,21.2053778978
1257,100.0,40.0,100.0,80.0,50.8076339574,13.4265975102,5.21075701756,21.1197631457,19.103120088,13.7182523514
1258,100.0,70.0,100.0,80.0,67.6654417893,0.752432812872,13.6985044652,36.4074412317,37.5201320592,22.9494445197
1259,100.0,100.0,100.0,80.0,58.1414501879,31.8363529256,18.3076278638,33.4771418529,26.110143682,13.5496655885
1260,0.0,0.0,0.0,100.0,36.8342431083,10.7786844663,4.79281141993,10.4672739532,9.44870963215,6.62921564404
1261,0.0,40.0,0.0,100.0,36.2076362364,1.94285352992,0.379816853101,9.02066783583,9.11649973472,7.42724746042
1262,0.0,100.0,0.0,100.0,39.5355570101,4.50117322041,7.22766031738,11.1897696952,10.9733549828,7.15470627673
1263,40.0,0.0,0.0,100.0,37.6359778976,-4.67937353938,2.15094388657,8.96527093552,9.88540898111,7.60048320258
1264,40.0,40.0,0.0,100.0,43.5373760602,-3.25391644802,10.4979996671,12.5481496032,13.5205731966,8.07128142305
1265,40.0,100.0,0.0,100.0,46.3685833505,-1.64755223728,-9.73188562006,14.7137871811,15.5426000231,16.6307682686
1266,100.0,0.0,0.0,100.0,55.4899296319,-16.4243031953,7.10615803155,19.151707884,23.4078023158,16.1622912313
1267,100.0,40.0,0.0,100.0,51.231931094,12.5522072445,-1.15179911274,21.3210524337,19.4694099234,16.5479376945
1268,100.0,100.0,0.0,100.0,65.901732485,-0.516118720276,24.9744864847,33.7916439709,35.1969716265,16.1969870041
1269,0.0,0.0,40.0,100.0,57.9620511095,32.7303290214,12.1559509629,33.5116502781,25.9210668282,15.835773376
1270,0.0,40.0,40.0,100.0,79.9712396688,-3.42149378456,52.9746965489,53.264577851,56.6303631095,14.6823317682
1271,0.0,100.0,40.0,100.0,81.4167361308,-2.19456431572,22.1379570947,56.2224450203,59.2279575846,31.9806711346
1272,40.0,0.0,40.0,100.0,41.9854065176,0.878485000961,3.89685476561,12.1720505667,12.4905669327,9.1472525231
1273,40.0,40.0,40.0,100.0,70.1808983459,0.0138449688624,3.88425776209,39.5473931206,41.0071024121,31.2504382229
1274,40.0,100.0,40.0,100.0,63.3327772258,-19.680742484,-21.4241353133,25.8204267326,31.9877730734,40.8392608356
1275,100.0,0.0,40.0,100.0,76.4804929466,-6.45300753165,-4.24262708788,46.5288875875,50.6729794241,45.2375858693
1276,100.0,40.0,40.0,100.0,58.8714830805,34.9829132275,-1.80134365631,35.3081200315,26.8890426457,23.1280755176
1277,100.0,100.0,40.0,100.0,74.7880194243,10.3018231919,0.680803070784,49.9777842562,47.9415043985,39.0428630193
1278,0.0,0.0,100.0,100.0,65.8640766475,18.3715079176,19.0133742174,39.4678178874,35.148446566,18.7889715225
1279,0.0,40.0,100.0,100.0,68.1732217183,20.2271067904,-0.256682948159,43.3552641466,38.2074349593,31.6927007608
1280,0.0,100.0,100.0,100.0,48.6852172867,-1.94300556914,5.84271941168,16.3734454994,17.339683112,12.1742102814
1281,40.0,0.0,100.0,100.0,66.1855170792,7.88768566766,-6.85545862974,36.6364920285,35.5641069865,33.8125218933
1282,40.0,40.0,100.0,100.0,35.235058312,4.52018774443,5.20148803259,8.82950257046,8.61643739332,5.92608526306
1283,40.0,100.0,100.0,100.0,56.9666676708,-4.92412186779,-19.7641604626,22.8902185462,24.8885485858,31.8143877146
1284,100.0,0.0,100.0,100.0,49.2021626415,-1.45749021642,1.99346748992,16.85962588,17.7587353252,13.8870528513
1285,100.0,40.0,100.0,100.0,64.7275280645,5.30547894768,9.19346192649,34.0107847871,33.7047410729,22.6552161978
1286,100.0,100.0,100.0,100.0,35.4397368625,4.66451975579,4.00308998693,8.95071383354,8.72011569965,6.26405552435
1287,100.0,0.0,0.0,0.0,56.0249917564,-9.13309327207,-3.4281509846,21.1048240912,23.9373287344,21.4320980392
1288,98.0,0.0,0.0,0.0,54.4093811441,39.9975500435,9.84249695445,31.2628323327,22.3623589234,14.3173500312
1289,95.0,0.0,0.0,0.0,73.946915543,-10.8391740774,31.2633892114,41.2905697675,46.6213513517,19.5778551873
1290,90.0,0.0,0.0,0.0,47.8433091946,20.6492209333,-2.41664221666,19.9734379523,16.6714049829,14.6816877465
1291,85.0,0.0,0.0,0.0,61.2607054126,-25.5008757563,10.8587141183,22.4345720043,29.5462276373,18.8896773615
1292,80.0,0.0,0.0,0.0,44.0398282179,3.90045088278,-10.9105630523,13.9844304791,13.8657815991,15.4529125021
1293,75.0,0.0,0.0,0.0,45.4882342825,-0.299500487974,13.3432143239,14.3132802801,14.8936827236,8.2082453256
1294,70.0,0.0,0.0,0.0,37.2452501458,-5.8651788553,0.67605780657,8.62878958972,9.67093907625,7.80454052481
1295,60.0,0.0,0.0,0.0,40.1263144497,7.59694328244,9.04189636952,11.9845025441,11.3272792585,6.96350570229
1296,50.0,0.0,0.0,0.0,35.2058855476,0.112234355202,-1.50736054721,8.30726850315,8.60172741494,7.46709777215
1297,40.0,0.0,0.0,0.0,37.8545468827,13.8712906201,6.60776927266,11.4847407276,10.006752559,6.61636198681
1298,30.0,0.0,0.0,0.0,54.8390317635,38.1967302595,14.5467844596,31.2767933567,22.7742394229,12.8448315811
1299,25.0,0.0,0.0,0.0,74.3365507884,-10.5364154438,17.2277959607,41.9455420481,47.2298477422,27.4158900643
1300,20.0,0.0,0.0,0.0,47.5664203806,17.0579356098,2.40404549987,19.0198926745,16.4554324218,12.7034331799
1301,15.0,0.0,0.0,0.0,61.5957454097,-24.7365389448,0.644671224064,22.9213984218,29.9322773489,24.3419526222
1302,10.0,0.0,0.0,0.0,43.2468173518,2.73859264117,-6.72614578062,13.2656599289,13.323585381,13.3110853928
1303,7.0,0.0,0.0,0.0,38.4398807899,0.881769464861,3.40396676916,10.0803232803,10.3365956779,7.63411114304
1304,5.0,0.0,0.0,0.0,72.3774363386,-0.0491937579327,4.04759242795,42.6277280342,44.223206655,33.6575327817
1305,3.0,0.0,0.0,0.0,62.3941473887,-20.4656435665,-21.6515292384,24.6766289945,30.8657586269,39.7715296266
1306,2.0,0.0,0.0,0.0,77.849590011,-5.02817127632,-2.19977340021,49.1855195358,52.9569752464,45.5014600276
1307,0.0,100.0,0.0,0.0,57.7437309083,36.7996981607,-1.29391457699,34.4143100049,25.6922033323,21.8525663517
1308,0.0,98.0,0.0,0.0,76.3743556456,7.76883705751,1.26745686804,51.6020570772,50.4987116535,40.6798502458
1309,0.0,95.0,0.0,0.0,79.648822541,-3.72858262209,42.9044480138,52.6063877372,56.0615262054,18.7316757672
1310,0.0,90.0,0.0,0.0,81.6172101072,-1.82974529748,14.7005221196,56.7201428521,59.5943663627,37.3796462532
1311,0.0,85.0,0.0,0.0,57.9657127289,0.218624287649,4.13385363456,25.050749087,25.9249168207,19.3772926139
1312,0.0,80.0,0.0,0.0,81.1949433516,-0.0363588906636,3.79093001867,56.709286934,58.8243375753,45.3162324148
1313,0.0,75.0,0.0,0.0,71.1349462973,15.6733279139,0.398944774505,46.2040329618,42.3841166209,34.6934684237
1314,0.0,70.0,0.0,0.0,52.0836875972,7.20096640413,12.830098329,20.9676339816,20.2187938,11.7885541815
1315,0.0,60.0,0.0,0.0,33.7264442189,1.12593309309,-2.06772887489,7.71657695628,7.87749703283,6.98146803348
1316,0.0,50.0,0.0,0.0,60.6156660768,26.9700424232,29.0861549159,35.1617893187,28.8123563222,11.2734001129
1317,0.0,40.0,0.0,0.0,70.0091320272,14.0929286505,16.3609814665,43.9622286665,40.7623981954,23.6840455087
1318,0.0,30.0,0.0,0.0,53.1352590435,7.25946956474,7.87560740318,21.9428993343,21.1701929187,14.2290227565
1319,0.0,25.0,0.0,0.0,34.6394330959,-0.501341259201,1.07828470237,7.96721959961,8.31941018937,6.61318298793
1320,0.0,20.0,0.0,0.0,61.5199391952,26.2198669203,23.2739028597,36.0994871529,29.844637107,13.8708776078
1321,0.0,15.0,0.0,0.0,37.0883235389,15.2824624672,2.47178356637,11.2218541946,9.58568306396,7.28558278
1322,0.0,10.0,0.0,0.0,35.4745988777,-0.314277353465,1.33305192351,8.39012359023,8.73785724931,6.88962581851
1323,0.0,7.0,0.0,0.0,41.7828147599,8.60808062228,2.42429596634,13.1978009761,12.3601036708,9.4718438241
1324,0.0,5.0,0.0,0.0,37.5622318682,-7.46108350478,4.34757809747,8.60224017384,9.8446896091,7.02883403066
1325,0.0,3.0,0.0,0.0,47.6222336189,0.56531593029,3.63394483628,16.0083303185,16.4988155923,12.3046284161
1326,0.0,2.0,0.0,0.0,43.452222227,1.39559118147,-3.07646199428,13.1952246647,13.4626423908,12.1385724989
1327,0.0,0.0,100.0,0.0,63.9511952914,-20.7905347933,-11.6278393668,26.1961889184,32.7416766482,34.44469443
1328,0.0,0.0,98.0,0.0,48.008966121,17.3655788736,5.10437008405,19.4574831809,16.8015159966,12.0270349232
1329,0.0,0.0,95.0,0.0,75.6645781796,-8.09714684118,4.09921878949,44.715975132,49.3435810939,37.6270518458
1330,0.0,0.0,90.0,0.0,54.7629739415,37.5597018269,18.6139472685,31.0139995176,22.7009620263,11.3990721161
1331,0.0,0.0,85.0,0.0,55.5532578011,38.6670515467,6.04019013246,32.2561473992,23.4700636774,16.6578300106
1332,0.0,0.0,80.0,0.0,45.3442960761,-3.69290446447,-3.14358643291,13.6720635079,14.7893332221,13.3234802009
1333,0.0,0.0,75.0,0.0,67.105247994,19.6438837968,11.4547316242,41.6178581246,36.7715030128,23.629990395
1334,0.0,0.0,70.0,0.0,51.9804489725,-21.2682282332,5.14711538842,15.481513353,20.1269569604,14.5136729598
1335,0.0,0.0,60.0,0.0,81.0873820426,-2.06831615847,20.8097348822,55.7017992365,58.629258807,32.4835620035
1336,0.0,0.0,50.0,0.0,37.4443640573,0.922015394881,3.44159045493,9.54434854539,9.77984053402,7.19857692369
1337,0.0,0.0,40.0,0.0,75.4434403975,0.0557953559943,4.38663000264,47.2583270775,48.9873226369,37.1388564372
1338,0.0,0.0,30.0,0.0,61.5704504413,-21.0328117311,-23.0795775867,23.7287729431,29.9030145633,39.7775264764
1339,0.0,0.0,25.0,0.0,79.1386810114,-3.74484053665,-0.579722441003,51.7553305963,55.169292015,46.0047793197
1340,0.0,0.0,20.0,0.0,57.4018067207,37.834298842,-1.26307043712,34.2866125873,25.3364802118,21.5374436687
1341,0.0,0.0,15.0,0.0,78.0247895757,5.51446287834,2.34778135101,53.4775644694,53.2541114451,42.0586361651
1342,0.0,0.0,10.0,0.0,79.6735416382,-3.71885886288,45.3201619265,52.6513150927,56.1050023857,17.6597801275
1343,0.0,0.0,7.0,0.0,81.6382764498,-1.39025501849,11.2226354136,56.9358074081,59.6329570872,40.0043271691
1344,0.0,0.0,5.0,0.0,80.5625186179,-0.974579087563,2.60553019032,55.234154603,57.6835243204,45.395141824
1345,0.0,0.0,3.0,0.0,71.139241028,-12.5240523676,-10.3827405017,36.9226853898,42.3903840492,42.7406075017
1346,0.0,0.0,2.0,0.0,57.6497031323,-21.2712965183,16.8685306584,20.0440924945,25.5940511877,13.7702961687
1347,0.0,0.0,0.0,100.0,33.8890952941,6.79908440959,0.0930967648577,8.42189307027,7.95505006864,6.54245919235
1348,0.0,0.0,0.0,98.0,68.6132924241,-5.90016870004,39.1189020241,35.637084599,38.8098367133,12.552174706
1349,0.0,0.0,0.0,95.0,47.3898644507,11.4741054776,-17.8941196828,17.802924346,16.3186978628,21.2200833363
1350,0.0,0.0,0.0,90.0,58.0587131129,-20.8140182072,10.3571194106,20.4982425951,26.0228294842,16.6590317031
1351,0.0,0.0,0.0,85.0,34.1691632816,6.07944248178,2.12630345845,8.47754313667,8.08977804319,6.19466714674
1352,0.0,0.0,0.0,80.0,69.6736210402,-5.68829214952,29.3005010885,37.0810759132,40.2872293775,17.1243146438
1353,0.0,0.0,0.0,75.0,45.8765261533,8.63329181681,-8.76459856735,16.1034805682,15.177624482,15.8701578713
1354,0.0,0.0,0.0,70.0,42.6287014273,-3.6778662728,16.1915082269,11.9142293678,12.910910112,6.30995663947
1355,0.0,0.0,0.0,60.0,37.7103721799,-2.53536337164,-4.58761126,9.26112234999,9.92659990078,9.46905359493
1356,0.0,0.0,0.0,50.0,39.3752085107,4.31071758723,10.5033867672,11.0688559107,10.8785786492,6.32751098276
1357,0.0,0.0,0.0,40.0,35.5388813307,3.72307745198,-4.09079613592,8.88987461762,8.770634152,8.2828601739
1358,0.0,0.0,0.0,30.0,37.2918146518,10.8112187052,6.6432292724,10.7334479537,9.69633381667,6.38759345688
1359,0.0,0.0,0.0,25.0,59.770973858,32.7535327203,3.12190256005,35.7983020766,27.8698505395,21.3860467736
1360,0.0,0.0,0.0,20.0,66.5885292972,-1.03495568516,31.8613164255,34.498646601,36.0898626844,13.9280832579
1361,0.0,0.0,0.0,15.0,53.3456800968,14.4124514801,-9.12197490515,23.7273341031,21.3640835481,21.9779680907
1362,0.0,0.0,0.0,10.0,55.6430013389,-17.3774834197,10.7093412477,19.0939826464,23.5584843642,14.8080315977
1363,0.0,0.0,0.0,7.0,47.717867566,0.887010202941,-17.2488485835,16.1369341539,16.5733282131,21.180192259
1364,0.0,0.0,0.0,5.0,72.859559185,-11.8287328952,36.014411379,39.4527340481,44.9509107814,16.6000679195
1365,0.0,0.0,0.0,3.0,57.2279771573,-13.4475750741,-7.76755764506,21.2883294587,25.1569012207,24.8287022715
1366,0.0,0.0,0.0,2.0,60.0897933819,8.69373224633,22.1182404304,29.4375576296,28.2231345827,13.3828190615
1367,0.0,0.0,0.0,0.0,48.2344090051,4.65747243134,-11.0412558378,17.213686951,16.9796694124,18.631870122
1368,100.0,85.0,85.0,0.0,50.1417055588,27.6189971859,10.2304297599,23.5904466127,18.5375442707,11.5371586082
1369,80.0,65.0,65.0,0.0,35.7090669763,1.00526755686,3.25252659141,8.65763965658,8.85780544265,6.53753828429
1370,60.0,45.0,45.0,0.0,77.9220671679,-0.189844881106,3.68912278041,51.1126101333,53.0797611594,40.8707803686
1371,40.0,27.0,27.0,0.0,61.7034597769,-21.4127931372,-23.6276463276,23.7727253432,30.0571017429,40.3720180786
1372,20.0,12.0,12.0,0.0,80.6280039023,-2.64658874853,0.942350959286,54.6814317461,57.8009607028,46.8871199224
1373,10.0,6.0,6.0,0.0,57.2174232214,38.734050371,-1.65028628917,34.3171103976,25.1460256208,21.572500734
1374,5.0,3.0,3.0,0.0,79.2601622243,3.7526027997,2.48703053082,54.8811826608,55.3808966056,43.650494916
1375,40.0,27.0,27.0,10.0,79.5793185624,-3.9313812747,46.1310943177,52.412559986,55.9394023273,17.2322193657
1376,20.0,12.0,12.0,10.0,81.7372848187,-1.11102781967,8.59558617672,57.2237721687,59.8145503435,42.1796247253
1377,10.0,6.0,6.0,10.0,76.2602783898,-0.906302783542,2.9886360275,48.1845557093,50.3118531972,39.2163842203
1378,60.0,45.0,45.0,20.0,81.939401019,-0.941545548015,3.94986771885,57.650019549,60.186399451,46.2561230541
1379,40.0,27.0,27.0,20.0,34.9340259318,11.116937796,3.09998246765,9.46712113147,8.4654499725,6.27097972312
1380,20.0,12.0,12.0,20.0,63.1172763808,-23.2819820521,26.2636199037,24.7467972673,31.7278042182,13.7822153123
1381,10.0,6.0,6.0,20.0,50.9759093426,11.6030199341,-16.3415969881,20.8897252255,19.2478350739,23.6230671909
1382,80.0,65.0,65.0,40.0,39.0993333899,-0.180362109752,13.6461805664,10.3106361868,10.7167985291,5.55308674427
1383,60.0,45.0,45.0,40.0,35.0998146691,11.0458625852,5.85231049515,9.54658093091,8.54838369705,5.73904597552
1384,40.0,27.0,27.0,40.0,64.1052990627,-23.0523120473,17.9732200773,25.8103968006,32.931367898,17.88442632
1385,20.0,12.0,12.0,40.0,49.64030047,8.30610491474,-6.4620030023,19.0566373945,18.1191455411,17.6600966031
1386,10.0,6.0,6.0,40.0,39.4713121145,-0.0683298636565,12.3446600202,10.5358402842,10.9353162816,5.96052016657
1387,100.0,85.0,85.0,60.0,35.4993002167,9.24513693529,-1.88420314782,9.53682669196,8.75044250704,7.689489743
1388,80.0,65.0,65.0,60.0,36.6618455975,5.90227181186,5.868115669,9.7447215011,9.35651802417,6.31792285706
1389,60.0,45.0,45.0,60.0,38.2900535546,3.65865479041,-2.15776512169,10.3564195263,10.2514864623,9.05710077853
1390,40.0,27.0,27.0,60.0,39.4337952482,-2.2096292325,9.66475445583,10.2342350292,10.9131436643,6.53975718429
1391,20.0,12.0,12.0,60.0,42.3463409034,-3.62347910857,-1.57712587418,11.7481313451,12.7252671282,11.0012895185
1392,10.0,6.0,6.0,60.0,49.1699931317,-12.9169301491,2.9788565093,14.8472931386,17.7324628228,13.4980459877
1393,100.0,85.0,85.0,80.0,53.9549944912,-3.37914707775,-13.9750784384,20.4460314465,21.9322007542,25.1437294848
1394,80.0,65.0,65.0,80.0,56.2725401091,0.189705681801,15.9762461269,23.3641175232,24.1849942656,13.2217009818
1395,60.0,45.0,45.0,80.0,63.0634886807,10.8558715657,-1.32581739226,33.544406188,31.663137975,26.8951284832
1396,40.0,27.0,27.0,80.0,65.68162665,18.2294895389,34.1479577693,39.1724356763,34.9139645092,12.5226936901
1397,20.0,12.0,12.0,80.0,49.3177342671,18.6812667894,-5.87798614042,20.8753162406,17.8533355297,17.1599715152
1398,10.0,6.0,6.0,80.0,50.5032858539,10.9974707273,7.7309456059,20.3430451399,18.8432297704,12.6100383716
1399,100.0,85.0,85.0,100.0,57.4517479762,3.22134313763,-2.6410677613,25.2366762933,25.3882308483,22.2860620439
1400,80.0,65.0,65.0,100.0,60.6449752251,-8.43117189294,20.1859692698,25.7398017669,28.8454352769,14.4748467031
1401,60.0,45.0,45.0,100.0,69.1706966578,-15.4553525474,4.1482878495,33.5481118021,39.5818994382,29.9688663873
1402,40.0,27.0,27.0,100.0,61.0087695122,-22.2372497309,-24.7065306271,22.9145656364,29.2581312963,40.2807440857
1403,20.0,12.0,12.0,100.0,81.3716757762,-1.68876225839,2.19542675246,56.3483519389,59.1458074758,46.9118478457
1404,10.0,6.0,6.0,100.0,56.2699285239,39.3378085552,-1.01898475521,33.3157998974,24.182372569,20.4465173789
1405,100.0,0.0,0.0,70.0,80.6231902189,2.42199232206,3.02438908896,56.7068088305,57.7923227825,45.1344985837
1406,0.0,100.0,0.0,70.0,79.4980669996,-3.79252469841,52.2700976072,52.3311543657,55.7968620414,14.6388278066
1407,0.0,0.0,100.0,70.0,82.1382499336,-1.00595986325,7.97682232153,57.9761137578,60.5537382993,43.2247809717
1408,100.0,100.0,0.0,70.0,36.0264831879,1.02894723915,3.44745592731,8.82011150324,9.02192977951,6.61831369262
1409,100.0,0.0,100.0,70.0,79.2830539697,-0.136210952364,3.74631979908,53.3889131723,55.4208315596,42.6703946319
1410,0.0,100.0,100.0,70.0,70.8862814243,-1.69968984859,2.99460401448,39.9726893568,42.0222850248,32.6347272978
1411,40.0,40.0,0.0,70.0,67.5794695488,20.2114687638,-1.35457919281,42.4867917872,37.4045869934,31.741241719
1412,40.0,0.0,40.0,70.0,49.9032405198,-10.7763930185,5.34502177697,15.745921643,18.3377624109,13.094196818
1413,0.0,40.0,40.0,70.0,34.4109562346,2.94240749326,-0.067149039335,8.24015971725,8.20731002693,6.78759686355
1414,3.0,3.0,0.0,0.0,57.5530761704,5.79226283284,22.0785375628,25.9553835811,25.4934466191,11.8500666784
1415,3.0,0.0,3.0,0.0,57.1337110321,-11.3560588632,-22.5903453203,21.6464692857,25.0598730526,33.9002214612
1416,0.0,3.0,3.0,0.0,50.5398481045,-10.5456712316,1.46098101568,16.2657158951,18.8743258157,14.9858712467
1417,3.0,3.0,3.0,0.0,35.100898346,1.84136987592,3.51082038812,8.45217619122,8.54892756686,6.24367699869
1418,3.0,0.0,0.0,3.0,58.5689219871,5.50835699839,16.2195001707,26.9556050131,26.5643764724,14.6254924647
1419,0.0,3.0,0.0,3.0,55.618410504,-16.7200041053,-5.59259219332,19.2025852986,23.5342339574,22.177944994
1420,3.0,3.0,0.0,3.0,39.9687816144,-9.97652100156,9.07631806075,9.54219134878,11.2321680066,6.89088489893
1421,0.0,0.0,3.0,3.0,42.910397542,2.40164453579,0.143098405716,12.9920303981,13.097906707,10.7615298607
1422,3.0,0.0,3.0,3.0,37.1465888049,-2.3324558477,4.60953811141,8.99349910969,9.61727902722,6.79694667222
1423,0.0,3.0,3.0,3.0,38.1166585335,10.188735373,0.0110139160306,11.1309077759,10.1535743016,8.37479444026
1424,3.0,3.0,3.0,3.0,35.5129619398,3.510229275,2.06310842556,8.85160664129,8.75740830103,6.73383800818
1425,7.0,7.0,0.0,0.0,74.5782060474,9.35738774723,8.2531241794,49.2907748305,47.6098899133,33.3784539005
1426,7.0,0.0,7.0,0.0,54.2119036989,20.9470549373,15.7398854574,26.1374745471,22.1747267952,12.0473413232
1427,0.0,7.0,7.0,0.0,64.2663011411,-4.43670251449,-5.58767212187,30.7340714929,33.1303315983,30.782652741
1428,7.0,7.0,7.0,0.0,47.1927761503,1.06339184634,2.16690155506,15.7730310477,16.166959011,12.5592568166
1429,7.0,0.0,0.0,7.0,55.377489479,-15.5164780386,-17.4364638649,19.2351727448,23.2975277868,28.6060704707
1430,0.0,7.0,0.0,7.0,60.4476851737,-26.7551511693,16.0610001366,21.4091217259,28.6232570674,15.9929920321
1431,7.0,7.0,0.0,7.0,68.0213704344,0.781562240249,6.84416005077,36.8819771423,38.0010253375,27.1173756285
1432,0.0,0.0,7.0,7.0,51.2817981775,-8.41375803788,5.58301516505,17.2254415676,19.5127644562,13.8855554053
1433,7.0,0.0,7.0,7.0,55.1408780375,22.5435575865,1.09074298052,27.5182872966,23.0666058909,18.5291200745
1434,0.0,7.0,7.0,7.0,44.4740391122,7.41244816499,-1.611934959,14.8619570742,14.1687964662,12.2413777163
1435,7.0,7.0,7.0,7.0,60.5008275718,-22.6241187002,-25.4251899519,22.3474521116,28.6829907072,40.1603118505
1436,40.0,3.0,0.0,0.0,82.2890702796,-0.682756721962,3.15514829375,58.37818031,60.8333472679,47.442159133
1437,3.0,40.0,0.0,0.0,55.7242813918,39.910817345,-0.718531109993,32.8115950931,23.6387577217,19.8464140603
1438,40.0,0.0,3.0,0.0,81.6058682629,0.634334029945,3.09207409806,57.7067991254,59.5735965161,46.4944469889
1439,40.0,3.0,3.0,0.0,79.7793660662,-3.56619025282,53.9033221457,52.8869763864,56.2913814826,14.1946934167
1440,0.0,40.0,3.0,0.0,82.312509104,-0.431846435695,4.6983855936,58.5240229757,60.8768781158,46.1676329136
1441,3.0,40.0,3.0,0.0,36.0385372408,1.09087988963,3.59188259976,8.83349516583,9.02820212452,6.58989250578
1442,40.0,40.0,3.0,0.0,81.4397786505,-0.208711371435,3.75402820319,57.068638469,59.2699960762,45.6983139143
1443,3.0,0.0,40.0,0.0,60.6789959127,-2.46083439251,2.84790742995,27.2350758947,28.8838635181,22.3249978457
1444,0.0,3.0,40.0,0.0,70.6550880112,-11.0818905993,-11.9184192981,36.7263465253,41.6877288503,43.3025922858
1445,3.0,3.0,40.0,0.0,72.1357069606,6.7968059779,-2.91277957235,44.6062883338,43.861321224,38.3114374697
1446,40.0,3.0,40.0,0.0,52.7492802508,-3.60088673763,12.5995244444,19.3513726247,20.8175923421,12.2608805213
1447,3.0,40.0,40.0,0.0,61.8337583087,-5.63857336345,-16.170261692,27.6857721327,30.2085609132,35.064802788
1448,40.0,0.0,0.0,3.0,36.6524900466,10.1419327541,8.85842161116,10.2814098161,9.35153226096,5.67043564224
1449,40.0,3.0,0.0,3.0,70.67845333,4.80996964429,15.5048328043,41.8057671216,41.7214594629,24.783204393
1450,0.0,40.0,0.0,3.0,53.5126124959,-3.57720298514,7.69358969843,20.0160490625,21.5187413315,14.5506891756
1451,3.0,40.0,0.0,3.0,60.0138196031,-10.5950720479,-0.532937032674,24.5859143489,28.1386786583,23.5017405215
1452,40.0,40.0,0.0,3.0,36.696977326,10.2006846955,7.85922724779,10.3140337164,9.37525625781,5.89679594788
1453,40.0,0.0,3.0,3.0,34.7362324896,3.89633340678,-5.85418328005,8.50745264724,8.36721014596,8.38472935701
1454,40.0,3.0,3.0,3.0,39.4426234396,12.8959304006,10.9238096974,12.3266137318,10.9183584614,6.2597979056
1455,0.0,40.0,3.0,3.0,36.024724999,-0.962802523934,-6.41051533741,8.58735876148,9.02101514601,9.1559189592
1456,3.0,40.0,3.0,3.0,43.7584711243,3.58845258117,17.2559229737,13.7423322104,13.6717612556,6.50901443629
1457,40.0,40.0,3.0,3.0,38.576962067,-7.4800296964,-6.55984267705,9.1151540037,10.4148760475,10.5187613411
1458,0.0,0.0,40.0,3.0,56.8019966541,-31.8599749487,12.0542963719,17.2893357964,24.7204233153,15.0667890364
1459,3.0,0.0,40.0,3.0,46.7252085932,10.3632990873,-13.9753965887,17.0674784735,15.8107464828,18.7846900101
1460,40.0,0.0,40.0,3.0,67.5401464243,-19.1749102714,30.1119239918,30.565168623,37.3518166185,15.2493419324
1461,0.0,3.0,40.0,3.0,53.0163554492,28.6711322693,-3.94916076862,26.7654172701,21.0611507915,19.1658965178
1462,3.0,3.0,40.0,3.0,80.006055761,-3.4894235882,51.1346387337,53.2965780713,56.6920179334,15.4389538293
1463,40.0,3.0,40.0,3.0,44.7833067997,3.98558145322,-13.4150571694,14.5164310518,14.3872901569,17.0382207214
1464,0.0,40.0,40.0,3.0,58.9333497442,30.9617352958,22.0044020841,34.2079543665,26.9557533715,12.7026501402
1465,3.0,40.0,40.0,3.0,50.6850725064,-9.01389131213,-13.2222863265,16.6498282607,18.9981763842,21.729414696
1466,40.0,40.0,40.0,3.0,71.6861899289,8.38247135675,38.6936703593,44.484617652,43.1936228544,14.6809448017
1467,3.0,0.0,0.0,40.0,58.6946548931,-27.1688366528,-9.87719604926,19.7625212154,26.6989761566,27.4968404589
1468,0.0,3.0,0.0,40.0,60.7031411766,-22.3922981611,-24.8133774496,22.589284674,28.911157621,39.9592412914
1469,3.0,3.0,0.0,40.0,82.4050820782,-0.354642271489,3.65768348672,58.7217557456,61.0490086595,47.183738587
1470,40.0,3.0,0.0,40.0,55.6437227932,40.0916388165,-1.21515981689,32.7646897837,23.5591960823,20.018148879
1471,3.0,40.0,0.0,40.0,82.2612932622,-0.0727437400061,3.48314820719,58.5814190334,60.7817863532,47.1211991434
1472,0.0,0.0,3.0,40.0,79.84221373,-3.58927282929,52.8989280592,52.9831021948,56.4022645629,14.6249696612
1473,3.0,0.0,3.0,40.0,82.3558116341,-0.354573693899,3.51745558495,58.6335504488,60.957354674,47.2308897979
1474,40.0,0.0,3.0,40.0,36.3137478909,1.01161954989,3.48624505758,8.96428849542,9.17220045815,6.72395282793
1475,0.0,3.0,3.0,40.0,82.4414298244,-0.204370409786,3.969670451,58.8494368128,61.1166824082,46.9714673539
1476,3.0,3.0,3.0,40.0,52.1817172791,-1.99588597847,-0.389199169502,19.1849885797,20.3062551518,16.9217510041
1477,40.0,3.0,3.0,40.0,81.2942806851,0.157155658859,2.6319292742,56.9621454547,59.0048848425,46.4293980848
1478,0.0,40.0,3.0,40.0,58.5810587196,-30.1464316633,17.3257999849,19.0733698389,26.5773493249,14.2056898939
1479,3.0,40.0,3.0,40.0,54.4232365391,20.3041611301,-10.1387838347,26.2024770075,22.3755631422,23.484015961
1480,40.0,40.0,3.0,40.0,70.4234789969,-15.7402350249,39.6785235378,35.0334233254,41.3543564861,13.4774265315
1481,3.0,0.0,40.0,40.0,48.3179927445,5.32537409617,-20.5955717768,17.4029750659,17.0460390649,23.4468199295
1482,0.0,3.0,40.0,40.0,59.3325453385,-29.0959092934,11.0780375831,19.9283931376,27.3888600715,17.2953928275
1483,3.0,3.0,40.0,40.0,53.6686546597,18.4449277738,0.569775443048,24.981205863,21.663982928,17.6218884688
1484,40.0,3.0,40.0,40.0,71.1286455034,-14.9407395045,30.2550525117,36.1765472061,42.3749228032,17.8074488015
1485,3.0,40.0,40.0,40.0,47.3673824042,1.43215452941,-9.75880308756,15.9678789535,16.3013410996,17.3860631627
