SAMPLE_ID,CMYK_C,CMYK_M,CMYK_Y,CMYK_K,LAB_L,LAB_A,LAB_B,XYZ_X,XYZ_Y,XYZ_Z
1,0.0,0.0,0.0,0.0,64.301080493,3.56579011106,8.41207654308,32.9878554035,33.1734163346,22.6793441008
2,0.0,10.0,0.0,0.0,48.4529468498,-5.48497350098,-0.195735155452,15.5805952508,17.1535640235,14.2284055996
3,0.0,20.0,0.0,0.0,35.6691522435,-1.36036044542,0.0975714858493,8.3665734929,8.83730899317,7.26777149021
4,0.0,30.0,0.0,0.0,78.4235104316,2.55312969462,7.29949298499,52.993699723,53.9344754749,38.7799619448
5,0.0,40.0,0.0,0.0,37.6545740894,-2.83525911065,0.330999159717,9.19570531661,9.89569469111,8.07765195482
6,0.0,55.0,0.0,0.0,71.7189669248,-0.934767518246,3.97407749437,41.3896441521,43.2420781405,32.9398983139
7,0.0,70.0,0.0,0.0,44.2005087361,-0.897177484369,-3.66562825072,13.3390275417,13.9774039453,12.7983737495
8,0.0,85.0,0.0,0.0,68.2349712973,-0.613524226455,4.4447798236,36.7375436107,38.2915837247,28.7816234469
9,0.0,100.0,0.0,0.0,37.2198291127,-3.01156101623,0.42078209431,8.95032605709,9.65709401557,7.85899497018
10,10.0,0.0,0.0,0.0,75.5339644341,2.4251314127,7.84281162969,48.2577391924,49.1329510677,34.7912592289
11,10.0,10.0,0.0,0.0,39.5149823007,-4.10043558951,0.603648972542,10.0356900858,10.9611633365,8.87406779517
12,10.0,20.0,0.0,0.0,51.5610769687,0.717787086713,5.3158490687,19.1925808668,19.7567599922,14.1699194682
13,10.0,30.0,0.0,0.0,41.7729206746,-5.18325564828,0.0961767626637,11.1841793837,12.3537555386,10.1636431563
14,10.0,40.0,0.0,0.0,72.757929062,4.12396140544,4.52567942116,44.6094539085,44.79685385,33.7788059076
15,10.0,55.0,0.0,0.0,53.3416271606,-12.3980347827,-14.0411129011,18.1393127346,21.3603378696,24.5921161527
16,10.0,70.0,0.0,0.0,76.048306888,3.00609930615,5.01711795885,49.2853573856,49.9658691337,37.439430203
17,10.0,85.0,0.0,0.0,37.3052240808,-1.05979593399,1.08902807869,9.22830761884,9.70365511094,7.72527137468
18,10.0,100.0,0.0,0.0,67.6435958099,-1.26860994104,3.47808743092,35.771881476,37.4907489588,28.7491796302
19,20.0,0.0,0.0,0.0,40.6351133774,-1.69607590558,0.426651132127,10.9903065013,11.6381340482,9.47735525644
20,20.0,10.0,0.0,0.0,63.4289625636,-0.936853983119,3.61235023138,30.7045554294,32.1042628795,24.4479858244
21,20.0,20.0,0.0,0.0,77.3015901514,0.448709679082,5.54932111167,50.3449903457,52.0347136509,38.6423323928
22,20.0,30.0,0.0,0.0,56.2885264809,-0.20183580819,4.15474395386,23.291643493,24.2010466628,18.0372735128
23,20.0,40.0,0.0,0.0,49.6434893365,-3.56633203823,0.0898614960195,16.8222834183,18.1217864039,14.9167819574
24,20.0,55.0,0.0,0.0,49.3737492297,0.458751013121,4.29547944777,17.3446617568,17.8993067411,13.143825078
25,20.0,70.0,0.0,0.0,77.3460220669,0.618565727505,4.52105456418,50.4806771236,52.1090886917,39.4728868019
26,20.0,85.0,0.0,0.0,42.6434794891,1.04200677195,4.47368010076,12.6140709572,12.9206756187,9.30749305117
27,20.0,100.0,0.0,0.0,62.1306829042,-10.2177477432,-5.68442218277,26.8632772762,30.5556054251,28.53978585
28,30.0,0.0,0.0,0.0,72.5477754155,-2.21998122123,2.19537527732,42.1472173306,44.4794078596,35.1395762094
29,30.0,10.0,0.0,0.0,77.1894161327,0.245764957421,8.25782647283,50.0879137411,51.8472593487,36.5165736491
30,30.0,20.0,0.0,0.0,60.2072790253,-3.24511362344,1.22953551454,26.5393438073,28.3540694436,22.7444224844
31,30.0,30.0,0.0,0.0,50.8125288894,-2.04128488037,1.6259993815,18.0360756172,19.1073193982,15.1073099174
32,30.0,40.0,0.0,0.0,56.8967089045,-3.04612705077,1.12666145862,23.2416796792,24.8170294931,19.9308941367
33,30.0,55.0,0.0,0.0,80.745927359,0.461505483207,5.6514641609,56.1274664376,58.0128375021,43.1643276931
34,30.0,70.0,0.0,0.0,38.6929180814,3.51539188695,-12.9921283751,10.5660939618,10.4814005556,12.7379620971
35,30.0,85.0,0.0,0.0,48.2245299101,17.7791833527,19.670707608,19.7259747867,16.9718363223,7.78788822426
36,30.0,100.0,0.0,0.0,43.7655197284,-7.65346343203,-12.7131412392,12.0474101391,13.6765996424,15.9978785648
37,40.0,0.0,0.0,0.0,71.0789069598,2.62959690917,17.4861942853,41.6553904471,42.3023933622,24.0735054211
38,40.0,10.0,0.0,0.0,55.2032137675,-26.6281917477,-0.912486568346,16.9858317292,23.1272939524,19.5111174575
39,40.0,20.0,0.0,0.0,54.5852288078,-28.0820778409,4.78888233575,16.2481612866,22.5303279264,16.4805477491
40,40.0,30.0,0.0,0.0,71.2895892009,9.69211824852,20.1646621802,44.3466437829,42.6101812182,22.8348670969
41,40.0,40.0,0.0,0.0,47.9250528167,-15.2958430794,-0.927532768694,13.5968487404,16.7355241521,14.1601228754
42,40.0,55.0,0.0,0.0,50.4595682164,19.6417083503,5.54414100818,22.1265156061,18.8060929554,13.3718759935
43,40.0,70.0,0.0,0.0,39.2620453503,-3.33420081123,-2.54454228524,9.99426974027,10.8120214114,9.65504611497
44,40.0,85.0,0.0,0.0,44.6410773547,2.96666730173,-15.8156468111,14.2508645899,14.2865300015,17.9872782551
45,40.0,100.0,0.0,0.0,49.5998807252,18.7971132933,10.2247764572,21.1544022326,18.0856941241,11.2303286201
46,55.0,0.0,0.0,0.0,43.4955608746,-11.3001746886,-5.01457874855,11.3651650754,13.4921052829,12.8461406296
47,55.0,10.0,0.0,0.0,57.6535160021,4.63095526302,15.780300484,25.780096824,25.5980264312,14.1851263424
48,55.0,20.0,0.0,0.0,54.2400663382,-29.2895105267,10.8688184703,15.7770717761,22.2014209592,13.8157516691
49,55.0,30.0,0.0,0.0,48.0892342509,29.7589028545,5.62003124265,22.1048890184,16.8648032946,11.8981727301
50,55.0,40.0,0.0,0.0,70.8966243855,-12.0130318549,21.5106876046,36.7597856318,42.0372938362,21.7877051614
51,55.0,55.0,0.0,0.0,48.8208569483,28.5219490595,-1.73324138458,22.5228417979,17.4489917366,15.0775281839
52,55.0,70.0,0.0,0.0,57.4747534833,-27.7991496217,1.1448474094,18.6017386506,25.4120935375,20.4042864752
53,55.0,85.0,0.0,0.0,42.8941544409,4.70169055733,-14.1235662325,13.3340808057,13.0870754119,15.9597945066
54,55.0,100.0,0.0,0.0,59.0323053923,-1.83877832615,34.0741606915,25.6538431201,27.0626863255,8.92455869982
55,70.0,0.0,0.0,0.0,41.9926250656,24.4777252837,-2.03479680066,15.9466926016,12.4952323297,10.9522049248
56,70.0,10.0,0.0,0.0,52.6599560516,-10.3806090109,22.8287199291,17.964967757,20.7365544119,8.99742249543
57,70.0,20.0,0.0,0.0,39.3741722177,9.31447254192,-10.2845066796,11.7661815326,10.8779679147,12.1996976946
58,70.0,30.0,0.0,0.0,45.6427869668,-19.917173447,9.56294235227,11.4541707106,15.0062725214,9.33119441052
59,70.0,40.0,0.0,0.0,54.0320570518,30.4063736424,11.3007810165,28.298828577,22.0047622969,13.520620414
60,70.0,55.0,0.0,0.0,62.917660061,-3.73427938624,23.9310984815,29.374926972,31.4882577437,14.5421634455
61,70.0,70.0,0.0,0.0,47.2325983464,10.9244330402,-0.871172389339,17.5736377764,16.1975420765,13.6876171899
62,70.0,85.0,0.0,0.0,53.6836595467,-17.7808965324,8.92932858256,17.4069671041,21.6779835844,14.1875723903
63,70.0,100.0,0.0,0.0,53.4491299718,23.1083547093,-1.56746996053,25.8654410424,21.4598390639,18.4111264531
64,85.0,0.0,0.0,0.0,65.3165243098,1.04383422191,40.5852263076,33.5156030302,34.4478764311,10.1953491672
65,85.0,10.0,0.0,0.0,33.4832998728,7.35112420837,0.522413117933,8.28628940499,7.76250678784,6.28794261809
66,85.0,20.0,0.0,0.0,50.400015013,-22.1808176167,2.73332052368,14.198452208,18.7555828559,14.3931339993
67,85.0,30.0,0.0,0.0,49.1341989433,-15.8709894321,15.947994212,14.3366294647,17.7032605534,9.2258404682
68,85.0,40.0,0.0,0.0,55.662026319,2.1798351991,0.908177238071,23.220187022,23.5772573938,19.0278729247
69,85.0,55.0,0.0,0.0,44.8036394617,-7.6767267494,9.87559179395,12.7025852881,14.4017330914,8.83115271823
70,85.0,70.0,0.0,0.0,55.110178246,16.4488616276,3.93205322902,25.9859954682,23.03675662,17.2369546892
71,85.0,85.0,0.0,0.0,43.0234041163,-1.31024473564,1.22473485968,12.5078218306,13.1734277077,10.4817184609
72,85.0,100.0,0.0,0.0,47.1930277486,15.8213285702,-12.8714379107,18.4673700163,16.1671521152,18.6477989098
73,100.0,0.0,0.0,0.0,54.3076786728,24.6819035914,5.56386982232,27.1554945357,22.2655952422,15.9560916143
74,100.0,10.0,0.0,0.0,51.0066156188,-5.79175132965,-5.27747015452,17.4902900515,19.2743207322,18.1838486032
75,100.0,20.0,0.0,0.0,54.4321147046,-1.11535550046,19.9104181249,21.3477900291,22.3840267832,10.7926613832
76,100.0,30.0,0.0,0.0,50.5450581058,-13.5312558667,-3.69122089862,15.7479254385,18.8787596834,17.1292787931
77,100.0,40.0,0.0,0.0,56.1768585238,-23.351808305,-4.68098750841,18.3810528652,24.0890658663,22.2043667843
78,100.0,55.0,0.0,0.0,54.4412414451,0.0424363975827,11.5630889277,21.6022675674,22.3927296177,13.6855373706
79,100.0,70.0,0.0,0.0,45.6660435841,-6.64135985064,-1.38714759003,13.4278628315,15.0232636491,12.8872973131
80,100.0,85.0,0.0,0.0,46.8800478315,13.9136897317,5.4594151854,17.848378909,15.9281237978,11.2552338485
81,100.0,100.0,0.0,0.0,46.9188054344,16.0416725542,-10.1781973327,18.2831269073,15.9575949817,17.2313751081
82,0.0,0.0,10.0,0.0,43.6795109303,-6.6631799977,2.2401084544,12.1372164676,13.6176384277,10.5179923161
83,0.0,10.0,10.0,0.0,54.3465619525,-22.2101426732,-1.84520940407,17.118090428,22.3025572758,19.2546620001
84,0.0,20.0,10.0,0.0,50.6487464905,4.98158460889,0.548967203755,19.2580055645,18.9671461029,15.4266568984
85,0.0,30.0,10.0,0.0,66.0633826272,-4.27957929643,17.3028624002,32.9173701869,35.405788911,19.753046628
86,0.0,40.0,10.0,0.0,57.4419591287,24.8981490482,13.4058910476,30.7123674745,25.3780818018,14.9681280275
87,0.0,55.0,10.0,0.0,52.7414624651,-19.71986201,-8.87496940835,16.3215117053,20.8104913672,21.3242337295
88,0.0,70.0,10.0,0.0,60.2062573293,16.5448527284,1.25911121287,31.6835178748,28.3529290467,22.7279989322
89,0.0,85.0,10.0,0.0,57.2993285005,-11.0033564142,17.2468579359,21.8752007174,25.2305094907,13.4050039037
90,0.0,100.0,10.0,0.0,51.8886829302,-2.22986725837,-11.5956604985,18.8913099548,20.0455594795,21.9583098669
91,10.0,0.0,10.0,0.0,66.8758657199,5.32480468397,35.1666001313,36.7619089458,36.4678589632,12.8926504244
92,10.0,10.0,10.0,0.0,34.4620311528,-2.29014895834,-3.15900336973,7.69023566532,8.23228153543,7.55956726389
93,10.0,20.0,10.0,0.0,52.9121208856,-18.7696606721,17.1569191448,16.6217814077,20.9658696375,10.8350755974
94,10.0,30.0,10.0,0.0,36.8855429086,6.73004384653,4.68462796391,9.97139769968,9.47625924845,6.6746318667
95,10.0,40.0,10.0,0.0,60.7821231303,1.1296076871,34.2156649606,28.2524404618,29.0005598978,9.75707493842
96,10.0,55.0,10.0,0.0,48.105169253,-9.9157606871,-4.36378887345,14.5848185101,16.8773861022,15.6410196573
97,10.0,70.0,10.0,0.0,62.1300477352,-16.0263076097,8.54523772465,25.4544788619,30.5548602192,20.7110465386
98,10.0,85.0,10.0,0.0,57.5443295118,10.3150338962,10.4411074237,27.0522704207,25.4843529427,16.2489058333
99,10.0,100.0,10.0,0.0,72.848155958,-1.69221739015,25.2824676527,42.7574388416,44.9336075334,21.580996052
100,20.0,0.0,10.0,0.0,41.5128208313,17.6529620406,-5.38804022558,14.446215765,12.1876518344,11.7860196038
101,20.0,10.0,10.0,0.0,43.9635667642,6.82973211731,11.130285663,14.4038786881,13.8130125219,8.09825081618
102,20.0,20.0,10.0,0.0,50.0036681562,3.19990142725,-3.79021287431,18.3701570092,18.4217230443,16.7697355124
103,20.0,30.0,10.0,0.0,61.4955029609,-11.7098394508,2.71191651368,25.8328355203,29.8164226622,23.1338604193
104,20.0,40.0,10.0,0.0,65.4394523387,-18.6018736828,5.04477511228,28.3401281105,34.6043396236,25.5839601445
105,20.0,55.0,10.0,0.0,66.4914469724,-10.8806248615,8.9860584569,31.5915530286,35.9627419747,24.3965553048
106,20.0,70.0,10.0,0.0,62.3453764578,-4.05207363786,7.08438035992,28.6515596971,30.808187411,21.6265070245
107,20.0,85.0,10.0,0.0,56.8364159942,4.77128387405,3.28154568029,24.976621175,24.7555018721,18.8661038641
108,20.0,100.0,10.0,0.0,46.4070652292,8.56977528379,-2.33620005877,16.4967280563,15.5713874765,13.7032028502
109,30.0,0.0,10.0,0.0,42.4675777383,12.2799152855,4.99925430604,14.2419254156,12.8047568958,9.07004788666
110,30.0,10.0,10.0,0.0,50.9108486262,25.903117817,-3.8956843498,23.9542665427,19.1917972294,17.4942318435
111,30.0,20.0,10.0,0.0,44.8282004581,7.86420530682,2.04109361006,15.1934200586,14.419192432,11.2161375116
112,30.0,30.0,10.0,0.0,48.6111545605,0.691900322386,4.74886405768,16.7877172092,17.2801909552,12.5111626994
113,30.0,40.0,10.0,0.0,51.7834228055,-4.19972106449,6.61684275311,18.4222585168,19.9524631851,13.8219126005
114,30.0,55.0,10.0,0.0,62.921302267,-15.174804431,3.67555525021,26.4827577785,31.492617681,23.9353744311
115,30.0,70.0,10.0,0.0,65.4279713771,10.1684503248,20.3260848141,36.3384986707,34.5897066019,17.8521146685
116,30.0,85.0,10.0,0.0,61.3633593299,3.70161448223,13.7766921356,29.5682233224,29.6641556713,17.6483527576
117,30.0,100.0,10.0,0.0,55.9490693573,-5.62249117699,5.20839441972,21.7808142442,23.8617106329,17.3111478449
118,40.0,0.0,10.0,0.0,50.9780080615,-15.2838787449,-3.09168439521,15.767560652,19.2496445481,17.1931148967
119,40.0,10.0,10.0,0.0,49.1667952303,-6.40543087138,-18.1485382425,15.9536646722,17.7298525469,22.9245749316
120,40.0,20.0,10.0,0.0,52.1915844129,9.49976769347,25.5300644792,21.5512026435,20.3150724804,8.04214622876
121,40.0,30.0,10.0,0.0,51.7184181147,8.25807497618,-0.583138590781,20.8595884424,19.8951146384,16.6627441093
122,40.0,40.0,10.0,0.0,47.5225103094,-0.614272966847,15.641078676,15.728703855,16.4213549862,8.53385141845
123,40.0,55.0,10.0,0.0,45.0590628124,-2.93138790926,-9.58444196861,13.598580789,14.5839925761,15.6282582211
124,40.0,70.0,10.0,0.0,42.8705370662,-11.5719418536,5.88900603914,10.9576402556,13.0713374272,9.01478015734
125,40.0,85.0,10.0,0.0,67.6148267925,6.63487470193,22.9028119977,38.1463696295,37.4520776987,18.3898864304
126,40.0,100.0,10.0,0.0,63.9507993344,-0.089928502286,15.161086401,31.5474780079,32.7411901927,19.0456014432
127,55.0,0.0,10.0,0.0,58.7784481999,-9.30509221441,7.03867259551,23.6591429175,26.7889306314,18.6775497295
128,55.0,10.0,10.0,0.0,54.6894119677,-13.872412655,-20.645262589,18.975268459,22.6302389304,29.8592571921
129,55.0,20.0,10.0,0.0,64.7515761422,4.32912060921,1.76768519178,33.7593499193,33.7348711559,26.7879929849
130,55.0,30.0,10.0,0.0,38.1011733543,0.194817398591,9.64293865592,9.80718382028,10.14486063,6.03368137006
131,55.0,40.0,10.0,0.0,35.8526157288,-1.35391385389,1.91795797361,8.45730066351,8.93178048005,6.90544338209
132,55.0,55.0,10.0,0.0,36.4249372019,-7.34274189763,2.7165905369,8.06140035936,9.23080951501,6.95008881673
133,55.0,70.0,10.0,0.0,55.8307042359,-5.58652189086,30.0920846269,21.6792099275,23.7441378678,8.49939171125
134,55.0,85.0,10.0,0.0,47.8707965336,-7.35421642672,-8.14312044922,14.8410991465,16.6929475639,17.0604213089
135,55.0,100.0,10.0,0.0,50.4252391397,4.01669833002,21.6812289928,18.8793330735,18.7769656647,8.25458456832
136,70.0,0.0,10.0,0.0,47.5929233262,-4.585011249,-9.15205929771,15.103753315,16.4760234485,17.2907504694
137,70.0,10.0,10.0,0.0,48.9111429131,22.5176287438,14.826263996,21.3130193955,17.5220050125,9.43921354906
138,70.0,20.0,10.0,0.0,53.2554341842,35.9622135425,-1.88703525268,28.8668268294,21.2807829074,18.4045738606
139,70.0,30.0,10.0,0.0,47.0891301062,2.28550811605,-7.50262606141,15.9075868518,16.0875403827,16.2143799826
140,70.0,40.0,10.0,0.0,60.3901197923,12.6981876752,9.30127144194,30.849546478,28.5586454986,18.9158276984
141,70.0,55.0,10.0,0.0,47.3893897683,-12.8237655775,8.04858927979,13.6224424264,16.3183312676,10.7033563634
142,70.0,70.0,10.0,0.0,58.8322049617,-3.91501089709,7.33210802829,24.9569356868,26.8467462866,18.585416304
143,70.0,85.0,10.0,0.0,68.2926740017,-7.01670676515,13.2332416353,34.8978023717,38.3703292322,23.7748161912
144,70.0,100.0,10.0,0.0,47.5615844323,-11.2490819191,0.120635392419,13.9892941933,16.4516770633,13.5295758855
145,85.0,0.0,10.0,0.0,51.8198572079,5.42153363415,9.01397663737,20.3633381155,19.9846545467,12.962427495
146,85.0,10.0,10.0,0.0,41.5846686916,-0.192301736161,-3.63816168638,11.769203245,12.2333851715,11.2446152577
147,85.0,20.0,10.0,0.0,52.5004693135,36.1876028602,0.93384493932,28.0897182844,20.592386133,16.5910128325
148,85.0,30.0,10.0,0.0,44.5871632382,-16.5098376712,2.67464851061,11.2951450808,14.2484587265,10.8763426503
149,85.0,40.0,10.0,0.0,41.6999654185,1.62450273143,-7.57594351554,12.1016729428,12.3070138949,12.6556431205
150,85.0,55.0,10.0,0.0,50.4442624267,-5.27374296236,13.4580649048,17.1393243994,18.7931026897,10.6582396892
151,85.0,70.0,10.0,0.0,46.4776772181,15.599729274,1.50459902293,17.8393012029,15.6243031772,12.3589943769
152,85.0,85.0,10.0,0.0,56.6402664082,3.86660962382,23.8319418702,24.5674252948,24.5560391547,10.7562291165
153,85.0,100.0,10.0,0.0,50.6060951971,-6.07551620599,-1.06531691792,17.1202698064,18.9307558133,16.0586002316
154,100.0,0.0,10.0,0.0,65.3040720899,-11.5830552952,15.2270943486,30.0180442297,34.4320535641,20.121122568
155,100.0,10.0,10.0,0.0,59.3074557205,14.1758770234,14.2672135518,29.9945175148,27.3615034811,15.92174799
156,100.0,20.0,10.0,0.0,75.4650405831,2.05058358327,30.8684494502,48.0132104433,49.0220452552,21.0418507391
157,100.0,30.0,10.0,0.0,59.2872237055,10.0688580814,12.7144747536,28.8942122576,27.3394566745,16.5573372696
158,100.0,40.0,10.0,0.0,54.9711145196,-14.0871463813,-9.66089091958,19.1715841814,22.9018680666,23.7348439908
159,100.0,55.0,10.0,0.0,36.0852627798,0.58552546877,5.28373905686,8.79780670392,9.05254330647,6.22692179705
160,100.0,70.0,10.0,0.0,65.379862264,-1.4217834112,3.32443962418,32.8923911567,34.5284341508,26.5121174904
161,100.0,85.0,10.0,0.0,51.4720811904,19.4619011073,21.2270661947,23.0463875882,19.6787881826,8.8719044567
162,100.0,100.0,10.0,0.0,56.7395491772,-24.5159450575,0.418133746436,18.6238105333,24.6568644428,20.141681126
163,0.0,0.0,20.0,0.0,53.3115363566,-0.204051526285,2.46737936009,20.5287568908,21.3325419747,16.5336713867
164,0.0,10.0,20.0,0.0,67.7534838658,-7.64454522824,18.8424991899,34.0376202929,37.6387053066,20.416136375
165,0.0,20.0,20.0,0.0,60.8711988833,17.4025606724,16.30406773,32.7205200637,29.1016086034,16.1957684329
166,0.0,30.0,20.0,0.0,44.5885100387,29.0997880281,0.816682890265,18.8646619168,14.2494089405,11.4836513271
167,0.0,40.0,20.0,0.0,40.2057567421,-6.27484620518,3.16461711387,10.1388440276,11.3754459337,8.49610209035
168,0.0,55.0,20.0,0.0,54.8314337824,11.6209631811,3.41293350665,24.5575819755,22.76691212,17.2537476584
169,0.0,70.0,20.0,0.0,52.3826821014,-21.6001884938,-2.76859068573,15.7223313816,20.4863422709,18.122347012
170,0.0,85.0,20.0,0.0,75.8198276408,-5.22471760844,20.9239030739,45.954862656,49.5947210538,26.7453220299
171,0.0,100.0,20.0,0.0,76.1756137962,2.16494253843,23.4000309858,49.1772830037,50.1734710594,25.6721524786
172,10.0,0.0,20.0,0.0,51.9189270421,-22.9344083924,2.04655585112,15.1537678046,20.0723620441,15.7085462186
173,10.0,10.0,20.0,0.0,64.6887388388,20.4620907887,15.5499668648,38.5263723399,33.65617947,19.4600009493
174,10.0,20.0,20.0,0.0,41.0640816554,-4.62870193544,-10.7649974394,10.8435837737,11.9045923855,13.4123938832
175,10.0,30.0,20.0,0.0,45.6978506601,25.2229890743,12.5403609888,19.0416373908,15.0465224431,8.52151828016
176,10.0,40.0,20.0,0.0,49.6131308704,29.8122582987,1.45892013092,23.5711974642,18.096655416,14.3613585157
177,10.0,55.0,20.0,0.0,40.8641954376,-5.62466337577,-6.27779534798,10.595121157,11.7799305116,11.7088881742
178,10.0,70.0,20.0,0.0,54.226019031,10.1194220029,13.5804287733,23.6142683884,22.1881034399,12.8124226891
179,10.0,85.0,20.0,0.0,45.4683797579,-14.9912994221,-3.35331860666,12.0477105979,14.8792598903,13.4795749625
180,10.0,100.0,20.0,0.0,72.5820132223,-1.43986898793,19.5214451144,42.4571002696,44.5310229208,24.3776584129
181,20.0,0.0,20.0,0.0,61.8761848219,0.289132356504,12.1114849763,29.2531076833,30.2579871264,18.8010724168
182,20.0,10.0,20.0,0.0,42.5484092659,20.336999396,7.47966009652,15.6444247091,12.8579381472,8.42128227203
183,20.0,20.0,20.0,0.0,55.0721553074,-7.77709288916,2.66191711036,20.5320232279,22.9998227974,17.7671927333
184,20.0,30.0,20.0,0.0,38.6835534449,4.94920395151,-1.71021071276,10.7517810469,10.476017535,9.12277261484
185,20.0,40.0,20.0,0.0,47.080090253,-17.2292371757,-8.00761090479,12.7415370943,16.0806259665,16.4199772928
186,20.0,55.0,20.0,0.0,52.4209920073,21.951690724,7.86795383476,24.5438444637,20.5207926428,13.7648786023
187,20.0,70.0,20.0,0.0,63.8236743963,-2.85948637477,14.2150290031,30.6448931123,32.5852590243,19.3861313073
188,20.0,85.0,20.0,0.0,52.1047099116,27.5309125409,8.82401133555,25.536600666,20.2375285561,13.2094073151
189,20.0,100.0,20.0,0.0,54.2460715868,-16.6251644704,0.0541164889044,18.0769555038,22.2071158478,18.2986427923
190,30.0,0.0,20.0,0.0,45.2239303754,5.44089270341,-3.82176556743,15.072627282,14.7024479857,13.4969596893
191,30.0,10.0,20.0,0.0,66.8794283463,1.56174364384,32.168910327,35.6336165567,36.4725621517,14.0015324988
192,30.0,20.0,20.0,0.0,51.3559250776,22.9685879974,6.2934728314,23.7227011719,19.577329388,13.6669038768
193,30.0,30.0,20.0,0.0,59.5469239425,-9.65587923208,18.468140401,24.3370719652,27.6233527688,14.4069376312
194,30.0,40.0,20.0,0.0,44.5618439322,-0.0140890872682,-7.28404108639,13.7202871042,14.2306029468,14.3744210599
195,30.0,55.0,20.0,0.0,69.3394960172,3.93628400649,5.32334626541,39.6419088348,39.8177076485,29.4153305192
196,30.0,70.0,20.0,0.0,35.0297693429,12.2149853419,5.94347438368,9.65436006656,8.51327864251,5.69479762033
197,30.0,85.0,20.0,0.0,60.5856561311,-5.95310602003,-5.08600073489,26.2765505093,28.7785126455,26.5961447328
198,30.0,100.0,20.0,0.0,33.5743754936,0.106305774519,-1.2095414591,7.53799808583,7.80544716179,6.7176109859
199,40.0,0.0,20.0,0.0,78.3369175504,-3.55074945309,7.20316331387,50.5189392723,53.7862265942,38.7403461757
200,40.0,10.0,20.0,0.0,48.3099821921,-1.36754784661,-17.7423095775,16.1892891922,17.0396708072,21.9462658923
201,40.0,20.0,20.0,0.0,66.5300884976,-15.7199365978,-7.44718626794,30.3240743321,36.0133038078,34.6287135155
202,40.0,30.0,20.0,0.0,55.7917014967,18.3609074428,-5.45155254535,27.1743046607,23.7054809869,22.2593545201
203,40.0,40.0,20.0,0.0,57.7151159038,-20.8068769581,-21.9821374364,20.1960052994,25.6623066644,34.1705836613
204,40.0,55.0,20.0,0.0,48.3570553882,-10.9785017185,-14.7149891844,14.5885923454,17.0771159598,20.4724659335
205,40.0,70.0,20.0,0.0,48.8482686901,-10.6958454708,5.0720474987,14.9863998381,17.4711378285,12.5413243008
206,40.0,85.0,20.0,0.0,55.5232779335,1.71862272819,-4.35619822915,22.9837818086,23.4405750985,21.4638682749
207,40.0,100.0,20.0,0.0,57.3793015047,4.58739725051,20.2183860571,25.4869555611,25.313182632,12.3876813456
208,55.0,0.0,20.0,0.0,63.0391080818,13.0584174561,5.9419503543,34.1482375484,31.6338553724,22.8336815506
209,55.0,10.0,20.0,0.0,74.7792675844,0.023105557224,5.52470583201,46.2246049203,47.9276412501,35.5037772836
210,55.0,20.0,20.0,0.0,46.0757442795,0.20640177859,-18.6608055093,14.8117616407,15.3246949563,20.478585689
211,55.0,30.0,20.0,0.0,64.2097356747,-12.9347992963,-9.2044549349,28.4339836833,33.0603378799,33.095541459
212,55.0,40.0,20.0,0.0,53.4220087547,23.1066333726,-6.45196379349,25.8369060647,21.4347074447,20.7028433667
213,55.0,55.0,20.0,0.0,56.9694489937,-23.5412834576,-14.2683926469,19.0063836689,24.8913947784,28.348288436
214,55.0,70.0,20.0,0.0,45.2595540378,-2.23894337277,-14.5414352248,13.8440503757,14.7281271532,17.8942493307
215,55.0,85.0,20.0,0.0,69.7316882677,-6.13640454818,36.8760263977,37.0205842037,40.369201644,14.0815663856
216,55.0,100.0,20.0,0.0,50.7590807077,7.79526016863,-9.15633195235,19.9155698642,19.0615000852,19.7876466816
217,70.0,0.0,20.0,0.0,57.8121029489,-23.0729021771,14.8113877979,19.8212716714,25.7637317533,14.6658537803
218,70.0,10.0,20.0,0.0,57.9423362025,26.0837228729,2.61877849116,31.6231102727,25.9003442329,20.0804099081
219,70.0,20.0,20.0,0.0,77.0472851459,3.36566705478,13.2564196209,51.0311428277,51.6103911854,32.8757984066
220,70.0,30.0,20.0,0.0,45.6755329143,7.25001588796,-13.6907722047,15.7119866441,15.0302001723,17.834692403
221,70.0,40.0,20.0,0.0,67.0988260272,-9.18391569143,-0.0342578221197,32.7928394815,36.7629791062,30.3550672093
222,70.0,55.0,20.0,0.0,52.7617433064,29.2135897483,-0.758038322959,26.6290119878,20.828916003,17.5178090542
223,70.0,70.0,20.0,0.0,56.5125667737,-25.0724424567,-5.97824849788,18.3286691313,24.4267601213,23.1863329386
224,70.0,85.0,20.0,0.0,33.6080649201,2.50089124994,-2.58731004531,7.80985503909,7.82137110096,7.05699266674
225,70.0,100.0,20.0,0.0,65.1995599194,-2.03189238949,6.41197609041,32.5021004286,34.2994423147,24.5874901734
226,85.0,0.0,20.0,0.0,35.4103965211,14.2163671279,4.87192395397,10.1158622193,8.70520279681,6.06223962143
227,85.0,10.0,20.0,0.0,55.0898955548,-14.7854614591,-7.00252486847,19.1348846554,23.0170499828,22.4360074022
228,85.0,20.0,20.0,0.0,45.3649412591,1.63822837633,-15.9929876519,14.542593103,14.8042701248,18.6338774715
229,85.0,30.0,20.0,0.0,67.1158840167,-8.80404707056,31.2129870672,32.9208112797,36.7856231534,14.5252182506
230,85.0,40.0,20.0,0.0,51.9263333037,24.4004943293,-3.40155887308,24.6174994213,20.0789291697,18.0531236098
231,85.0,55.0,20.0,0.0,55.0059618165,-26.8301074826,8.92752808499,16.7952616882,22.9356195494,15.0788053447
232,85.0,70.0,20.0,0.0,40.8260227265,0.787705306201,-9.86433874329,11.4461984906,11.7562229702,12.9348548555
233,85.0,85.0,20.0,0.0,56.6105008029,-16.8095077475,-5.30478322614,20.0405333814,24.5258647375,22.919421499
234,85.0,100.0,20.0,0.0,45.0502313197,18.3931875462,-0.644230281003,17.2156701446,14.5776652699,12.2503045175
235,100.0,0.0,20.0,0.0,66.8734321839,-5.27285931739,7.71112075682,33.6284518874,36.4646465716,25.4741411938
236,100.0,10.0,20.0,0.0,49.6584388605,32.8794832426,7.94274280755,24.3168783301,18.1341702878,12.0289360883
237,100.0,20.0,20.0,0.0,65.6279654678,22.2008684459,4.04662577751,40.3713873189,34.8451989567,26.3415379061
238,100.0,30.0,20.0,0.0,56.9758042407,-11.8459930077,-14.2397005174,21.3972768251,24.8978990651,28.3375225368
239,100.0,40.0,20.0,0.0,57.9035276761,6.64094862825,-7.49882398432,26.528598342,25.8595843605,25.3300157339
240,100.0,55.0,20.0,0.0,68.2047009822,3.93805322918,0.746252795418,38.0982936146,38.2503176635,31.0763311109
241,100.0,70.0,20.0,0.0,49.6708203229,-10.5713627234,-19.2418876263,15.6086000547,18.1444311116,23.9743285139
242,100.0,85.0,20.0,0.0,56.8442522217,24.6191188824,0.365207279074,29.9483207207,24.7634928179,20.2547459588
243,100.0,100.0,20.0,0.0,60.4506499907,-2.65987555005,33.9748651538,26.9414251579,28.6265874237,9.65879797952
244,0.0,0.0,30.0,0.0,50.3493723148,11.7165594352,-9.04689814474,20.3544613248,18.7127014315,19.400447678
245,0.0,10.0,30.0,0.0,51.6497966726,-17.9973951539,16.7135392122,15.7990904464,19.8346946585,10.2903226638
246,0.0,20.0,30.0,0.0,44.3810840501,-4.40793227423,-18.4915736814,12.9206323969,14.1035599805,19.0045413623
247,0.0,30.0,30.0,0.0,66.321524726,11.5417063678,5.64168695742,37.9385541489,35.7409629493,26.1113839282
248,0.0,40.0,30.0,0.0,55.6855368506,-19.2603111795,-14.6643958172,18.7618833625,23.600470346,27.2590103457
249,0.0,55.0,30.0,0.0,57.1832155376,-3.75025311193,-7.64458436709,23.3608270844,25.1107968966,24.7176313141
250,0.0,70.0,30.0,0.0,67.4206519035,-2.4769657191,2.2706084796,35.127789384,37.191763409,29.2565568139
251,0.0,85.0,30.0,0.0,47.9654561358,-10.8794242226,-13.7280990798,14.3291421428,16.7672768759,19.6709136864
252,0.0,100.0,30.0,0.0,44.7562237451,-12.2484949464,-12.7790418638,12.0005133944,14.368067206,16.744724212
253,10.0,0.0,30.0,0.0,40.7843212285,-1.68642583408,4.26286773506,11.0793294279,11.7303602191,8.4687443179
254,10.0,10.0,30.0,0.0,51.8587494576,-2.09480003866,-3.26729992728,18.8924894686,20.0190557095,17.9406571813
255,10.0,20.0,30.0,0.0,45.9499374139,13.1282975609,14.6550838538,16.9625123652,15.2317094987,8.07193948
256,10.0,30.0,30.0,0.0,59.0309848992,6.28979020548,5.29467834783,27.6473759231,27.0612575225,19.6974406134
257,10.0,40.0,30.0,0.0,62.0974350555,19.4126424985,4.23663241671,34.8172782962,30.516613987,22.8766719844
258,10.0,55.0,30.0,0.0,60.2502334468,-7.28506538142,-6.74600468761,25.606821095,28.4020419977,27.2304967936
259,10.0,70.0,30.0,0.0,53.8237322448,2.6386845176,-8.64122147743,21.5883070764,21.8089727496,22.1544251442
260,10.0,85.0,30.0,0.0,69.5755848812,7.60805554144,6.95692663307,41.1609668022,40.1490857794,28.658683089
261,10.0,100.0,30.0,0.0,60.3997127836,10.9974023292,3.23282400216,30.4026174389,28.5694059442,21.8793951492
262,20.0,0.0,30.0,0.0,36.8739024679,-2.46752450587,3.77579275759,8.83847037753,9.47000327282,6.88249991886
263,20.0,10.0,30.0,0.0,35.0431045116,1.40342617344,2.38224703682,8.37398081229,8.51995449139,6.47428703684
264,20.0,20.0,30.0,0.0,64.1226806047,3.80285468992,4.86572762187,32.8375549397,32.9528092572,24.4164735054
265,20.0,30.0,30.0,0.0,67.3167714456,13.2458540098,2.88232651325,39.8312377267,37.0529960321,28.7689607854
266,20.0,40.0,30.0,0.0,56.9508210409,-16.5837091954,-16.1783167358,20.3861168466,24.8723364996,29.5037052168
267,20.0,55.0,30.0,0.0,58.2074948684,-2.40404063738,-10.0295439035,24.6802874991,26.1799820517,27.0898170386
268,20.0,70.0,30.0,0.0,68.2353895415,-1.75431380138,-1.55141190414,36.3923087137,38.2921541046,32.6183999164
269,20.0,85.0,30.0,0.0,50.0905790807,-8.51587540906,-22.3343338638,16.282199736,18.4945898173,26.1065745669
270,20.0,100.0,30.0,0.0,44.2854133357,-4.69366387205,-15.8824012407,12.8151582643,14.0366270536,17.7434095899
271,30.0,0.0,30.0,0.0,52.2877690256,-16.1413367596,8.06680754434,16.6105215639,20.4011573609,13.6047689059
272,30.0,10.0,30.0,0.0,50.5176662837,10.8766147586,-6.32445972136,20.3309767282,18.8554561892,18.2761110343
273,30.0,20.0,30.0,0.0,61.796280722,-2.07017364615,24.1278977905,28.5525165139,30.1649449191,13.7290334255
274,30.0,30.0,30.0,0.0,56.0709158222,24.7494576155,3.14599522807,29.1064482743,23.9831461865,18.3233241796
275,30.0,40.0,30.0,0.0,63.5549400542,17.9055109437,0.771735493074,36.2370639731,32.2572611942,26.1688886324
276,30.0,55.0,30.0,0.0,54.892790432,-15.2558444288,-17.6081281813,18.8762400262,22.8261278567,28.2023979665
277,30.0,70.0,30.0,0.0,54.9796390397,1.84492773205,-11.5892703986,22.4942075667,22.9101214618,24.7982960056
278,30.0,85.0,30.0,0.0,66.1714526788,1.61417665513,-2.48747885153,34.7474893513,35.5458518632,30.9011761195
279,30.0,100.0,30.0,0.0,49.1488465611,-10.5901857189,-16.7623900001,15.2219761182,17.7152067622,22.1858725242
280,40.0,0.0,30.0,0.0,52.8802998577,-19.3620402061,-12.7362716925,16.4913899345,20.9368392945,23.4504292725
281,40.0,10.0,30.0,0.0,59.181473217,12.0330842611,24.1917835281,29.2867695263,27.2244131788,12.0873059068
282,40.0,20.0,30.0,0.0,39.5891753213,-0.334362472454,2.4812879538,10.5678724507,11.0051692494,8.39326829878
283,40.0,30.0,30.0,0.0,50.2854330602,-8.29635577468,6.50066760521,16.4701704541,18.6586546412,12.9148303036
284,40.0,40.0,30.0,0.0,71.7209043678,3.43798491713,8.6077387153,42.848797447,43.2449434585,29.9294797336
285,40.0,55.0,30.0,0.0,63.7540230499,23.2554218309,7.43476695271,38.1398697837,32.5000351588,22.6971941733
286,40.0,70.0,30.0,0.0,56.6417478553,-12.081156255,-11.1025586554,21.0440240148,24.5575415947,26.1429937767
287,40.0,85.0,30.0,0.0,56.4061429207,8.24367522392,-3.9952128634,25.3588839618,24.3193672957,22.0548612287
288,40.0,100.0,30.0,0.0,66.854408539,4.39003292266,4.76887108252,36.4503053621,36.4395408926,27.1546946926
289,55.0,0.0,30.0,0.0,48.078390437,-10.1292531511,-10.0743227921,14.5308624147,16.8562442356,18.0703767701
290,55.0,10.0,30.0,0.0,36.174695592,-6.53802848338,0.467773943161,8.03113828784,9.09925433004,7.39132215502
291,55.0,20.0,30.0,0.0,36.802698879,6.10028101532,6.36217567635,9.84613686313,9.43179592247,6.2620250629
292,55.0,30.0,30.0,0.0,39.5518365757,1.18678474774,8.18146511292,10.7491248196,10.9830079241,6.93258338315
293,55.0,40.0,30.0,0.0,34.857222741,-3.23144809365,-1.11644636678,7.77222122574,8.42721264553,7.22232764763
294,55.0,55.0,30.0,0.0,54.3211551418,-15.1273140654,-13.7038611742,18.4243521279,22.2784012029,25.3460896284
295,55.0,70.0,30.0,0.0,56.8322758161,8.52892151338,19.3580324571,25.8661851074,24.7512806446,12.3587579755
296,55.0,85.0,30.0,0.0,64.8468010302,1.33001171433,1.22596173029,33.0208263861,33.854355721,27.202815097
297,55.0,100.0,30.0,0.0,48.0731946929,-12.5830277592,2.07381082139,14.1289346121,16.8521442435,13.1363100228
298,70.0,0.0,30.0,0.0,42.3596150139,-7.39005371997,4.56745136093,11.2285535372,12.7339543071,9.13999698115
299,70.0,10.0,30.0,0.0,54.464238616,-10.1170659417,-12.8473843308,19.5255963379,22.4146686506,25.0040484765
300,70.0,20.0,30.0,0.0,48.5280465469,7.95393989265,14.4947363261,18.0641559442,17.2135952153,9.34358529069
301,70.0,30.0,30.0,0.0,63.5151461373,1.87926765566,-0.567837467263,31.5725872651,32.2088795051,26.9072879331
302,70.0,40.0,30.0,0.0,53.9456536162,20.5945846618,25.2316641166,25.7756463794,21.9234163095,8.94491807474
303,70.0,55.0,30.0,0.0,77.2792246335,3.34299299458,8.63778448589,51.4018950935,51.9973025723,36.3550069261
304,70.0,70.0,30.0,0.0,48.5598796955,4.28252080123,-15.6661490224,17.4029312515,17.2390833556,21.1147958645
305,70.0,85.0,30.0,0.0,67.1876773094,-8.78314170917,-4.18222022694,33.0142654302,36.8810288472,33.1710901101
306,70.0,100.0,30.0,0.0,55.1121139739,25.2809453212,-3.11136074273,28.1789080773,23.0386379585,20.4934990409
307,85.0,0.0,30.0,0.0,56.6708820361,-22.5517055416,-17.2784664295,18.9481765127,24.587101078,29.8903991842
308,85.0,10.0,30.0,0.0,62.7179316648,12.3517658826,9.2167573909,33.5462447431,31.2497865612,20.8799707232
309,85.0,20.0,30.0,0.0,57.9092201132,5.80316559588,10.6107667337,26.3300650846,25.865560343,16.4421504552
310,85.0,30.0,30.0,0.0,55.2084300723,1.25311955966,-1.76256758112,22.5807809486,23.1323771999,19.920528702
311,85.0,40.0,30.0,0.0,49.8463463725,-8.58727666884,-3.20934752578,16.0843153382,18.2903105291,16.4078067788
312,85.0,55.0,30.0,0.0,47.6354403629,-11.9807660994,-12.4354103297,13.9233704067,16.5090922293,18.7982503232
313,85.0,70.0,30.0,0.0,77.0020990513,-4.40645347382,10.8296086787,48.0743765407,51.5352377938,34.4751974345
314,85.0,85.0,30.0,0.0,46.5460927427,-2.61576338493,-16.4740334214,14.6802609931,15.6756870911,19.8134218868
315,85.0,100.0,30.0,0.0,65.70486451,-17.1916356883,-4.58376553904,28.9984216799,34.9437713344,31.7393489581
316,100.0,0.0,30.0,0.0,55.2970782294,18.467634066,-3.09116035016,26.6737432923,23.2188780482,20.6399223131
317,100.0,10.0,30.0,0.0,56.6246504361,-24.3701735562,-11.1517297076,18.5563319133,24.5402056228,26.1543229987
318,100.0,20.0,30.0,0.0,44.2468692797,-1.65643883562,-11.6838023394,13.2526413366,14.0097209081,15.9153377101
319,100.0,30.0,30.0,0.0,72.1833087956,-3.0979792831,6.62991425265,41.3364199985,43.9324277246,31.7105879937
320,100.0,40.0,30.0,0.0,46.3869539175,10.007940956,5.74847244259,16.7388729854,15.5563382133,10.8857261859
321,100.0,55.0,30.0,0.0,60.4218377875,-17.8699095016,-9.68282158423,23.3248531466,28.5942338368,29.1862459778
322,100.0,70.0,30.0,0.0,53.606883106,29.5734786159,19.1192998894,27.6232170614,21.6064090428,10.5924529896
323,100.0,85.0,30.0,0.0,74.242090923,-0.0312739873748,9.92331161384,45.3898703912,47.0818457976,31.8785149394
324,100.0,100.0,30.0,0.0,47.9234790208,13.5318629108,-9.66828948245,18.6329956131,16.7342881273,17.7693727283
325,0.0,0.0,40.0,0.0,63.9200704489,-13.2326660084,-4.97631645385,28.039445829,32.7034527223,30.0141269985
326,0.0,10.0,40.0,0.0,54.8675940208,32.004615469,1.92612949066,29.64827822,22.8017982128,17.9380766918
327,0.0,20.0,40.0,0.0,68.5498146357,3.04663338457,11.8965586698,38.2843072085,38.7225555732,24.7489195746
328,0.0,30.0,40.0,0.0,33.6701353276,7.0419141923,1.34460945366,8.34231073623,7.85076652576,6.17734890712
329,0.0,40.0,40.0,0.0,59.8435781674,-7.37287411481,0.72671691667,25.1693634736,27.9500426238,22.6793497458
330,0.0,55.0,40.0,0.0,52.4335199894,22.2963594951,0.765267385323,24.6366003491,20.5320668669,16.6135997791
331,0.0,70.0,40.0,0.0,36.2990465305,2.97975637375,-6.86291342153,9.19235136207,9.16446983628,9.4229432137
332,0.0,85.0,40.0,0.0,44.4734026615,-11.6220036184,7.7664199439,11.9152572014,14.1683491182,9.26776194264
333,0.0,100.0,40.0,0.0,39.029796815,12.4055625966,-1.10295802349,11.9963579049,10.6762752046,9.11984161177
334,10.0,0.0,40.0,0.0,49.6606633367,-3.88630025487,16.3223556697,16.7778957594,18.136013481,9.37989246098
335,10.0,10.0,40.0,0.0,41.8290223607,20.8042591159,3.87555702499,15.1955403929,12.3897796694,9.07650773656
336,10.0,20.0,40.0,0.0,54.903903154,-32.454705386,14.5732734808,15.7245443716,22.8368637937,12.8754279332
337,10.0,30.0,40.0,0.0,46.2204270532,8.7308744964,-18.7901544845,16.3822793748,15.4320987991,20.6643011677
338,10.0,40.0,40.0,0.0,65.8090507237,-16.8314875547,34.7893179945,29.2090854141,35.0776178424,12.374791545
339,10.0,55.0,40.0,0.0,52.394034339,31.5901436729,-6.76581559877,26.8237063551,20.4965468035,19.9930015236
340,10.0,70.0,40.0,0.0,75.8345969508,-2.89791872439,54.6860294079,46.8038721759,49.6186569832,11.4847206993
341,10.0,85.0,40.0,0.0,57.2579033947,-28.4270832303,-5.73058157506,18.3015257747,25.1877566043,23.7415485031
342,10.0,100.0,40.0,0.0,45.2448199432,6.4575818141,-8.19665637279,15.2591961242,14.71750252,15.1965411879
343,20.0,0.0,40.0,0.0,68.2599045964,-14.3530910727,10.5568223732,32.7464836062,38.3255963724,25.2176357375
344,20.0,10.0,40.0,0.0,50.6487883235,30.7469058152,3.43529387048,24.8135422661,18.967181818,14.2878850267
345,20.0,20.0,40.0,0.0,79.1079706186,-1.87007629001,25.5187271731,52.4239795449,55.1158839659,27.3777034724
346,20.0,30.0,40.0,0.0,58.7948421062,-24.2763189968,-23.6387322301,20.4386755295,26.8065535502,36.6473838967
347,20.0,40.0,40.0,0.0,42.9974087653,4.76322854199,2.33545103825,13.4126126237,13.156029673,10.1244470533
348,20.0,55.0,40.0,0.0,69.785443878,-11.5850778985,-8.16082331495,35.4489481472,40.4451863381,39.2057958725
349,20.0,70.0,40.0,0.0,49.0315053451,30.016619006,15.4542192734,23.054185969,17.6196571607,9.31711782469
350,20.0,85.0,40.0,0.0,80.8731365216,0.154470365256,5.46111376304,56.2248407377,58.2419780695,43.494359348
351,20.0,100.0,40.0,0.0,35.7242662593,0.457937843194,-3.14360140515,8.60186543269,8.86561868765,8.11622317578
352,30.0,0.0,40.0,0.0,44.8728190306,-10.5693584726,-2.39752679473,12.3179132873,14.4509459187,12.7594870747
353,30.0,10.0,40.0,0.0,38.1293836092,12.5209846143,2.96970922189,11.4615539585,10.160738568,7.60854745655
354,30.0,20.0,40.0,0.0,51.4124184389,-2.35881233151,6.85463598907,18.4686941266,19.6266309317,13.4945186361
355,30.0,30.0,40.0,0.0,40.8384638149,22.7843683792,8.86691645068,14.8123394354,11.7639461343,7.30292936817
356,30.0,40.0,40.0,0.0,32.8242510835,3.53576415943,-3.23063473875,7.5587667549,7.45646190488,6.88823598741
357,30.0,55.0,40.0,0.0,58.003079176,-10.6033795459,26.078787163,22.6224390238,25.964227393,10.7889834751
358,30.0,70.0,40.0,0.0,35.1035329937,13.8830493784,3.81009286616,9.90423822145,8.55024992561,6.17864433371
359,30.0,85.0,40.0,0.0,65.7145043302,-5.36491567624,38.574686829,32.1910934132,34.9561411517,11.0459661266
360,30.0,100.0,40.0,0.0,46.0812982187,19.1482488887,-13.9320448457,18.1871765842,15.3288086422,18.257393377
361,40.0,0.0,40.0,0.0,61.1448223311,-17.7247339266,20.7917393085,24.0651203301,29.4134780742,14.5743787419
362,40.0,10.0,40.0,0.0,51.7846730279,39.0393991656,-3.33132485194,28.0303855681,19.9535672372,17.9121678734
363,40.0,20.0,40.0,0.0,71.5547648113,-2.55557196937,38.7923738856,40.6277614569,42.9996964377,14.5539490388
364,40.0,30.0,40.0,0.0,75.0122599156,8.27632916251,3.56540945593,49.5835099123,48.2976197081,37.1954429648
365,40.0,40.0,40.0,0.0,55.1144076768,18.5156715605,24.1542188713,26.4925538283,23.0408673464,9.84365884158
366,40.0,55.0,40.0,0.0,65.9991573873,-4.05878587931,-7.93388472611,32.9015359872,35.3227250882,34.332142958
367,40.0,70.0,40.0,0.0,48.1450512886,-2.83154023519,8.45917501028,15.8093472668,16.9089057146,10.9888502461
368,40.0,85.0,40.0,0.0,56.0641836503,-18.1617873809,-21.4101194314,19.2973764789,23.9764259896,31.873401841
369,40.0,100.0,40.0,0.0,44.2275035598,14.0145837645,12.2215532667,15.8024404427,13.9962154197,7.9318636384
370,55.0,0.0,40.0,0.0,49.4400892001,1.28069237264,5.5371774077,17.5497143616,17.9538536299,12.7380688048
371,55.0,10.0,40.0,0.0,41.8967169506,4.97207824852,6.36224918636,12.7204136242,12.4333410099,8.41960745959
372,55.0,20.0,40.0,0.0,44.4934716772,-8.29417001153,-3.38667823762,12.4120828841,14.1824597445,12.879349952
373,55.0,30.0,40.0,0.0,38.9812346179,-5.30366104427,0.0039488834633,9.59380069058,10.6480356317,8.78464529047
374,55.0,40.0,40.0,0.0,73.5260959769,5.68538836052,21.8166432607,46.3170468211,45.9700494948,24.0130369664
375,55.0,55.0,40.0,0.0,57.1371104568,19.0519060249,7.46944863559,28.8205205956,25.0633677382,17.21836164
376,55.0,70.0,40.0,0.0,64.5675626814,-7.52619033629,8.25265055094,30.2531161832,33.5047752627,23.0046946821
377,55.0,85.0,40.0,0.0,49.4903536081,-1.10704337803,-6.53513721504,17.1493902726,17.9952563774,17.5781217187
378,55.0,100.0,40.0,0.0,54.3437877787,-22.9753492582,-7.45136989178,16.9764558306,22.2999188215,22.0037352819
379,70.0,0.0,40.0,0.0,43.9755385412,16.444118817,5.14273310408,16.0363595193,13.8212875128,9.78574641065
380,70.0,10.0,40.0,0.0,47.7761702858,-0.155150458011,14.3145025848,15.9983802215,16.6188643195,9.02397374924
381,70.0,20.0,40.0,0.0,40.2612829945,7.61767192831,-0.803890808055,12.0715252234,11.4091930154,9.64976831631
382,70.0,30.0,40.0,0.0,42.0679911164,-9.23749885488,4.33722336492,10.8056699859,12.544011326,9.06240688913
383,70.0,40.0,40.0,0.0,37.7737922936,-1.58501933402,-7.4652534178,9.41039948735,9.96180481837,10.3691951199
384,70.0,55.0,40.0,0.0,71.5902191457,4.69217778532,46.9824787783,43.0819883781,43.0519543489,11.6133949535
385,70.0,70.0,40.0,0.0,56.672752901,25.1622334124,-5.60226403683,29.8963158753,24.5890000639,23.1333802037
386,70.0,85.0,40.0,0.0,62.5262719757,-9.40585890102,30.459671121,27.4892510665,31.0220841754,11.9158126341
387,70.0,100.0,40.0,0.0,48.852845284,4.75704388473,-18.4344746387,17.7259145377,17.4748371075,22.790269931
388,85.0,0.0,40.0,0.0,52.8389538045,-26.1835395103,11.7228170145,15.2748104068,20.8991593123,12.6224752512
389,85.0,10.0,40.0,0.0,55.8947060667,37.7558805481,4.79582713485,32.4126933951,23.8076631841,17.4508529153
390,85.0,20.0,40.0,0.0,62.7391192286,-1.10600684125,26.8859218621,29.8644941962,31.2750267469,13.3093797229
391,85.0,30.0,40.0,0.0,49.946943632,20.1993228733,-5.65973386167,21.7702115908,18.3742681511,17.5392212686
392,85.0,40.0,40.0,0.0,52.4969311189,-20.0369383691,7.22230454115,16.0799805954,20.5891953764,14.0582071852
393,85.0,55.0,40.0,0.0,60.1988215272,11.4269183389,0.640035456163,30.2858062942,28.3446302715,23.0471373437
394,85.0,70.0,40.0,0.0,61.7873728255,-4.68842961879,32.8464372317,27.8751055066,30.1545841883,10.7116873091
395,85.0,85.0,40.0,0.0,34.9700231152,2.38220787585,1.05292032673,8.4495187757,8.48341131177,6.7511048797
396,85.0,100.0,40.0,0.0,49.2748059722,-23.9744456446,8.62241424424,13.1533729165,17.8181578096,11.5749969039
397,100.0,0.0,40.0,0.0,50.4207204608,-18.2857367897,11.5439858118,14.8509931496,18.7731339296,11.2618067259
398,100.0,10.0,40.0,0.0,56.434100653,-5.6788342656,-16.8165259525,22.2202740709,24.3475490314,29.3464313257
399,100.0,20.0,40.0,0.0,58.0363854607,-1.67231344298,25.4079812007,24.6789316634,25.9993000369,11.0228467409
400,100.0,30.0,40.0,0.0,66.5305695104,9.63417610687,-4.03323764664,37.6267480312,36.0139335039,32.3143411061
401,100.0,40.0,40.0,0.0,65.8784226748,12.4818342259,40.3170926906,37.6380815091,35.1669282602,10.5798702036
402,100.0,55.0,40.0,0.0,51.6209849015,-16.730467479,-8.75164250443,15.9978840625,19.8093629047,20.3087591981
403,100.0,70.0,40.0,0.0,54.5780945907,-10.8428590322,-3.9379463157,19.4787428864,22.5234970352,20.4474971409
404,100.0,85.0,40.0,0.0,60.2444778843,-0.780511924097,5.13717233863,27.1871347405,28.395610907,20.7885043314
405,100.0,100.0,40.0,0.0,64.3773253893,6.40394514687,11.5994253945,33.8922083138,33.2679993456,21.1177311773
406,0.0,0.0,55.0,0.0,68.5154143457,13.4139304275,17.9834192758,41.5677690572,38.6753103398,21.4944553873
407,0.0,10.0,55.0,0.0,41.2304771306,-7.3269137561,-6.03088974073,10.5787444818,12.0090355991,11.8388743877
408,0.0,20.0,55.0,0.0,41.6329399535,-6.43894894377,4.07587820044,10.9303149932,12.2641754551,8.92438353683
409,0.0,30.0,55.0,0.0,44.2648666539,1.46168660333,1.00024882483,13.7511698478,14.0222799101,11.2389198828
410,0.0,40.0,55.0,0.0,45.444024223,3.70072090799,13.09091792,14.9401372201,14.8615801289,8.25512055434
411,0.0,55.0,55.0,0.0,47.8763142639,8.78362676838,7.10945488524,17.6917804515,16.6972741957,11.2774390491
412,0.0,70.0,55.0,0.0,52.9625354051,-12.5785807931,-22.276750382,17.7968183732,21.01191775,29.0213148566
413,0.0,85.0,55.0,0.0,52.723531195,-14.4650722851,14.0925794082,17.255381193,20.7942103107,11.7347525746
414,0.0,100.0,55.0,0.0,60.9317410564,2.78226739871,-10.1508761546,28.842905592,29.1704222541,30.028173023
415,10.0,0.0,55.0,0.0,61.9304544611,5.52286117603,32.5330919367,30.7047249945,30.3212889423,10.8903839308
416,10.0,10.0,55.0,0.0,69.24187675,17.2049430498,1.96945792618,43.8953906406,39.68122228,31.4424729137
417,10.0,20.0,55.0,0.0,39.5072611246,-8.46220158375,0.485307551073,9.48351698856,10.9565904465,8.90349834298
418,10.0,30.0,55.0,0.0,41.3162708303,-3.40721894748,-4.28927061897,11.1577419514,12.063124518,11.3064634086
419,10.0,40.0,55.0,0.0,43.829804285,0.726901690104,8.28848895213,13.3430848125,13.7207793045,8.80553083181
420,10.0,55.0,55.0,0.0,46.2303475028,6.13390052813,3.9422299877,15.9331382538,15.439481476,11.3859436421
421,10.0,70.0,55.0,0.0,47.4841487206,8.54331876306,15.711974422,17.3335542587,16.391622113,8.49653560754
422,10.0,85.0,55.0,0.0,36.1621897598,-5.70672388897,-1.92550295706,8.1172236495,9.0927128559,7.99471126886
423,10.0,100.0,55.0,0.0,38.2796939436,-3.85992379855,7.33100234111,9.3988401641,10.2456190257,6.61861288305
424,20.0,0.0,55.0,0.0,39.4339780159,1.99658640367,6.06732495329,10.7896184788,10.9132516081,7.39625453892
425,20.0,10.0,55.0,0.0,57.8752788174,7.73409666503,29.0177375123,26.7670420603,25.8299420182,9.81267897966
426,20.0,20.0,55.0,0.0,49.904803081,-6.52327133311,-14.4394929675,16.4937701594,18.339066803,21.6643479887
427,20.0,30.0,55.0,0.0,52.7143212763,-1.59913351941,10.7936309302,19.7207992626,20.7858512821,12.8770427853
428,20.0,40.0,55.0,0.0,59.1594461294,11.8737601266,-1.06502752447,29.2203494219,27.2004911075,23.0011765676
429,20.0,55.0,55.0,0.0,60.2234335517,16.223128224,26.4577721051,31.6153302961,28.3721048731,11.9265430843
430,20.0,70.0,55.0,0.0,61.2671310415,31.3308272727,-0.175191460717,37.321537907,29.5536001646,24.4811406818
431,20.0,85.0,55.0,0.0,66.8534320308,-1.98494999296,39.2892052019,34.554609771,36.4382524967,11.455512365
432,20.0,100.0,55.0,0.0,54.9954466539,15.1941111048,-10.24287893,25.5660238772,22.9254315575,24.0729442333
433,30.0,0.0,55.0,0.0,56.7260684,-19.9206905288,18.6997076375,19.514753504,24.6431580573,12.5253816431
434,30.0,10.0,55.0,0.0,48.143644978,-5.31298011956,-22.1150387092,15.3821383504,16.9077936108,24.104921482
435,30.0,20.0,55.0,0.0,50.6832620672,3.00321467396,18.4404012459,18.8985909044,18.9966290765,9.27717891965
436,30.0,30.0,55.0,0.0,44.0246969444,11.4179826244,2.4826069759,15.208683038,13.8553008531,10.6289303468
437,30.0,40.0,55.0,0.0,46.7607033831,-4.25780155087,10.8933874427,14.5623036948,15.8376025156,9.50505555336
438,30.0,55.0,55.0,0.0,40.2535427959,0.352845290752,-5.48168466764,11.0453750196,11.404484772,11.0972723383
439,30.0,70.0,55.0,0.0,41.9058592471,-13.097020552,2.47549672105,10.2041825233,12.4392318745,9.51897194293
440,30.0,85.0,55.0,0.0,61.0040606734,27.2922947601,12.7647450611,35.754624443,29.2527645023,17.8226500763
441,30.0,100.0,55.0,0.0,69.6166034063,-1.21344055776,14.9920674306,38.3900900746,40.2068468497,24.0587615097
442,40.0,0.0,55.0,0.0,54.0020020255,11.5767969198,0.960812598495,23.7258163472,21.9764436975,17.7032473192
443,40.0,10.0,55.0,0.0,57.8590577975,-17.2029115921,-2.95179297906,21.0703066715,25.8129310769,22.8140418616
444,40.0,20.0,55.0,0.0,46.059816529,-8.40754674649,-12.1967134784,13.4171575468,15.3129016884,17.4666013531
445,40.0,30.0,55.0,0.0,50.1412057516,4.65055819264,8.44712617251,18.7643877101,18.5371240308,12.1417259573
446,40.0,40.0,55.0,0.0,42.2174945603,10.7336193718,8.32830899189,13.8218910852,12.6411494594,8.0434697312
447,40.0,55.0,55.0,0.0,45.7801824013,-1.95287858541,1.68004028363,14.2493103961,15.106838656,11.8841789954
448,40.0,70.0,55.0,0.0,38.369896625,-0.172591664545,0.37879599377,9.90722208211,10.2967828539,8.39334578702
449,40.0,85.0,55.0,0.0,40.6462061098,-9.66823557434,-5.92627010202,9.94738669663,11.6449738328,11.4656708743
450,40.0,100.0,55.0,0.0,57.9798611251,28.2283249828,28.6584480008,32.2619386147,25.9397966676,9.97507481013
451,55.0,0.0,55.0,0.0,70.7075366875,2.11257111367,-2.76585761121,40.9591222967,41.7634701561,36.4074515412
452,55.0,10.0,55.0,0.0,51.1144739216,10.9808605739,16.2133778071,20.8845295441,19.3675463171,10.1602501886
453,55.0,20.0,55.0,0.0,59.0201262205,-13.0629783117,-17.9135424655,23.0485707336,27.0495100967,32.935246291
454,55.0,30.0,55.0,0.0,44.9845647797,-9.41174453547,2.72429282498,12.5600473061,14.5306759855,11.0813462941
455,55.0,40.0,55.0,0.0,71.1638464866,11.4095657302,10.5429995252,44.7530769664,42.4263034366,28.1433975522
456,55.0,55.0,55.0,0.0,50.0316701281,21.4580879698,12.2136577233,22.1204424223,18.4451791701,10.8277123832
457,55.0,70.0,55.0,0.0,62.7751741883,-1.98126371933,-1.87660275946,29.6742517145,31.3180093049,26.9266144905
458,55.0,85.0,55.0,0.0,43.6230305117,-1.79289722104,-1.08408986803,12.8220405011,13.5790119928,11.5623251024
459,55.0,100.0,55.0,0.0,69.0032547681,3.2138923868,8.54184044673,38.9512668516,39.3489092034,27.114560429
460,70.0,0.0,55.0,0.0,37.3615308113,5.31986772373,8.09863400703,10.0533898839,9.73443774733,6.09210110544
461,70.0,10.0,55.0,0.0,60.4797939767,-6.58801466303,-2.13970414331,26.0120786179,28.6593383924,24.8168813256
462,70.0,20.0,55.0,0.0,34.3676664739,-4.79756585605,0.0625379225347,7.38205822803,8.18618441269,6.73987638503
463,70.0,30.0,55.0,0.0,42.9461484454,-12.4624162325,-4.26330422541,10.8811864416,13.1217673283,12.247301223
464,70.0,40.0,55.0,0.0,38.2231471331,4.37628559267,0.736993276897,10.4126337811,10.2136317195,8.22957701439
465,70.0,55.0,55.0,0.0,48.9601999664,-5.1068151975,3.37096811057,16.0249325539,17.5617621801,13.2208958815
466,70.0,70.0,55.0,0.0,40.8916503912,15.8939091173,6.88591028671,13.7341995832,11.7970013742,7.82435280974
467,70.0,85.0,55.0,0.0,54.3956754733,0.662592029548,10.0377169423,21.6928277066,22.3493025039,14.2332496733
468,70.0,100.0,55.0,0.0,42.5521727605,-4.91511906146,0.138852980074,11.6907189471,12.8604178332,10.5674651229
469,85.0,0.0,55.0,0.0,62.770125948,-19.2623779579,-15.7469650678,25.3410547373,31.3119887264,35.9047207712
470,85.0,10.0,55.0,0.0,48.2462602236,16.5618418017,12.2274207569,19.5011224557,16.9890693697,9.86922506346
471,85.0,20.0,55.0,0.0,75.1165969039,-5.4709264258,0.138437819095,44.8076278359,48.4639162289,39.8821790978
472,85.0,30.0,55.0,0.0,53.1282902802,34.9952521942,23.5041917708,28.4763486745,21.1637917626,9.03476326624
473,85.0,40.0,55.0,0.0,43.2639083649,-15.6209707165,3.59758559801,10.641281774,13.3351191281,9.88111994158
474,85.0,55.0,55.0,0.0,37.1708820547,4.73027962798,-5.28493045093,9.87358955534,9.6304732008,9.40116320309
475,85.0,70.0,55.0,0.0,48.0310031972,-7.52839917498,13.0579999516,14.9270646048,16.8188753041,9.51254699182
476,85.0,85.0,55.0,0.0,40.2517493152,17.0715017112,1.04761171712,13.4862969562,11.4033940102,9.10737496475
477,85.0,100.0,55.0,0.0,52.5103650809,-0.679562855626,20.4382367555,19.728923947,20.6013119215,9.61340166031
478,100.0,0.0,55.0,0.0,43.2423333142,-1.10443439721,-13.2205806434,12.6790116317,13.3205604623,15.8348294739
479,100.0,10.0,55.0,0.0,61.6464082104,-23.6132657333,-1.2053181192,23.2205562114,29.9909446114,25.420090395
480,100.0,20.0,55.0,0.0,47.5116784825,22.3035194499,-2.24925394655,20.01901617,16.4129559347,14.3941710692
481,100.0,30.0,55.0,0.0,73.8507031992,-8.01935987655,17.4688083249,42.0861636659,46.4719047642,26.7804091598
482,100.0,40.0,55.0,0.0,52.3470850612,42.390487395,8.8802385297,29.5223698234,20.4543660348,13.3418202284
483,100.0,55.0,55.0,0.0,42.7894493248,4.69731706075,-21.5158679346,13.2637035031,13.0173987668,19.1350979075
484,100.0,70.0,55.0,0.0,59.7065728464,-26.8099524368,21.7821105705,20.7271998931,27.7988475659,13.2636925764
485,100.0,85.0,55.0,0.0,47.2163945561,26.8857212107,-10.3746196414,20.6978780663,16.1850930709,17.5423259932
486,100.0,100.0,55.0,0.0,71.6139872687,-9.770838019,44.8840788963,38.4063791685,43.0870110658,12.3446829276
487,0.0,0.0,70.0,0.0,53.0328791909,44.6960507924,0.0315418852843,30.9269101686,21.0762816546,17.376315063
488,0.0,10.0,70.0,0.0,55.6925027057,-13.0843349016,-12.7091588494,19.993532128,23.6073509571,26.125724197
489,0.0,20.0,70.0,0.0,35.0022844222,7.89375242064,3.29914245027,9.11103523358,8.49953015094,6.25290464708
490,0.0,30.0,70.0,0.0,65.4210977697,-0.940465401384,0.0994441333662,33.0788975869,34.5809478428,28.4723052162
491,0.0,40.0,70.0,0.0,46.7505125855,28.9600648477,14.5635666023,20.7116185014,15.8298888547,8.4649025255
492,0.0,55.0,70.0,0.0,57.4532031974,-21.0687625732,-13.464632971,19.9135389907,25.3897398481,28.3666879053
493,0.0,70.0,70.0,0.0,44.5818297499,13.2463909628,5.49716547261,15.9343247776,14.244696182,9.99361412622
494,0.0,85.0,70.0,0.0,69.9361082613,-5.58394616479,3.26697674888,37.4604470565,40.6586616301,31.3770951039
495,0.0,100.0,70.0,0.0,50.4809143001,34.8799369394,18.1233008638,25.6201777461,18.8242197081,9.26802061221
496,10.0,0.0,70.0,0.0,44.1021694963,8.20974560176,-19.6302263859,14.7283755607,13.9090183187,19.3120790425
497,10.0,10.0,70.0,0.0,58.2557604341,24.5793030443,9.15737030046,31.5809075292,26.2310987354,17.3234206067
498,10.0,20.0,70.0,0.0,49.4500262232,-12.6900268746,-4.20333437495,15.0869038933,17.9620337051,16.5391551281
499,10.0,30.0,70.0,0.0,56.81404025,2.95162602433,30.9075907152,24.5288567752,24.7326938048,8.74095047119
500,10.0,40.0,70.0,0.0,48.7813236294,-15.5554330674,-11.9973678769,14.1417825819,17.4170855278,19.5171083096
501,10.0,55.0,70.0,0.0,46.7645322854,-19.5234085879,3.63221584884,12.2008689385,15.8405013518,11.7976638572
502,10.0,70.0,70.0,0.0,59.3654689639,5.1277527567,9.67294891563,27.7178005667,27.4247861666,17.9417182882
503,10.0,85.0,70.0,0.0,43.9937166284,-12.8936919097,1.24371765917,11.4423498251,13.8338586743,11.0075764162
504,10.0,100.0,70.0,0.0,57.719501159,32.8742448474,10.7834946267,33.2544737699,25.6668868292,16.2320006148
505,20.0,0.0,70.0,0.0,45.0850709912,3.41639352015,-17.9779375764,14.6365323899,14.6026367212,19.3320015424
506,20.0,10.0,70.0,0.0,39.7402390006,-0.398905744055,-7.21387068281,10.6457862486,11.0951329827,11.3747956368
507,20.0,20.0,70.0,0.0,55.8684455982,28.8283583945,8.16363577431,29.9491635763,23.781584544,15.9938723745
508,20.0,30.0,70.0,0.0,48.6734721681,-15.8576368605,3.84874944974,14.0187176066,17.3302395482,12.8691158911
509,20.0,40.0,70.0,0.0,69.4547565742,5.83559012147,15.9258407217,40.4133368601,39.979260482,23.4047355217
510,20.0,55.0,70.0,0.0,46.8911227655,-17.9699463859,-3.10639213516,12.5095267542,15.9365414436,14.3121044029
511,20.0,70.0,70.0,0.0,44.4361845877,28.0947503119,3.5476113434,18.5425337795,14.1422056814,10.5170853891
512,20.0,85.0,70.0,0.0,57.2613406685,-5.52995359624,21.5630394382,23.0378879909,25.1913022127,11.8543119704
513,20.0,100.0,70.0,0.0,41.1506582688,16.1078085864,-3.36954550611,13.9451860988,11.9588589444,10.914594096
514,30.0,0.0,70.0,0.0,48.6485988003,-15.7327181891,7.97775484015,14.0215501306,17.3102516471,11.4302465345
515,30.0,10.0,70.0,0.0,37.8782049823,3.18067072694,-10.0709662879,10.0646528112,10.0199461393,11.2585016273
516,30.0,20.0,70.0,0.0,67.9256219306,2.31847725937,19.1858385772,37.2257628797,37.8712584762,20.3934378088
517,30.0,30.0,70.0,0.0,55.3243396295,36.920923172,13.7282374387,31.5002074782,23.2455223875,13.4468602171
518,30.0,40.0,70.0,0.0,59.7064557332,-7.93029077111,7.94459541126,24.8989526146,27.7987185571,18.9984431384
519,30.0,55.0,70.0,0.0,49.2965962882,18.5273773462,2.98099740361,20.8242511419,17.836008169,13.5782203256
520,30.0,70.0,70.0,0.0,52.5943696737,-20.3588118267,-4.08103183039,16.0971857571,20.6771863246,18.888652737
521,30.0,85.0,70.0,0.0,50.2278300988,36.7855089562,12.4587878149,25.8154781106,18.6100530115,10.8574877852
522,30.0,100.0,70.0,0.0,38.0942108045,1.36466193869,4.41104829073,9.95157641741,10.1409443559,7.23539389114
523,40.0,0.0,70.0,0.0,45.416805597,15.1225975792,0.760144052559,16.9074109309,14.8418386179,11.9842309727
524,40.0,10.0,70.0,0.0,60.2603227154,-16.4139016298,-12.9318548173,23.4959353055,28.4133177828,31.0640065214
525,40.0,20.0,70.0,0.0,50.3095068058,34.9747259671,15.2228404437,25.4664864187,18.6789915466,10.0390172142
526,40.0,30.0,70.0,0.0,71.8765173311,-9.22463258666,4.16099267682,38.9342687741,43.4754957548,32.9967830686
527,40.0,40.0,70.0,0.0,45.7394063782,13.2780725496,3.68076285865,16.8252570548,15.0769460449,11.1936980278
528,40.0,55.0,70.0,0.0,58.8778905134,-24.5414194329,-13.6753666166,20.4577822325,26.8959466554,30.0176819736
529,40.0,70.0,70.0,0.0,59.427005301,-25.4733731547,-2.13332044953,20.7545223215,27.4920185173,23.8185377119
530,40.0,85.0,70.0,0.0,67.1371741789,-3.16084008592,11.8695691182,34.5683704365,36.8138983448,23.43704427
531,40.0,100.0,70.0,0.0,52.4976536594,-13.7410526165,-6.34186772157,17.2095655133,20.5898469393,19.8752377697
532,55.0,0.0,70.0,0.0,48.2583761508,15.7721253092,-1.66252303743,19.3544797997,16.99868287,14.6666238254
533,55.0,10.0,70.0,0.0,39.9045573856,2.9201722562,3.35618078344,11.1910798623,11.1935455902,8.30427858505
534,55.0,20.0,70.0,0.0,40.7138901811,6.26859538656,-8.23269477904,12.1588702222,11.6867659366,12.2892172238
535,55.0,30.0,70.0,0.0,47.2751653439,12.3616372003,11.6352105132,17.876776177,16.2302757456,9.54765979464
536,55.0,40.0,70.0,0.0,46.7932269982,-5.63605248629,-6.10533771215,14.3601120698,15.8622371853,15.4294321453
537,55.0,55.0,70.0,0.0,67.2300242895,2.49681417639,13.1934365602,36.3674341712,36.9373807765,22.8201405751
538,55.0,70.0,70.0,0.0,59.4043993458,-20.300191326,-1.38231442608,21.8271901699,27.4673073242,23.3940257739
539,55.0,85.0,70.0,0.0,49.9783739625,-15.1705695611,1.23027840317,15.0527967622,18.4005522171,14.6950925541
540,55.0,100.0,70.0,0.0,64.696008151,-0.588410168247,10.25468681,32.2988075972,33.665276625,22.0769372922
541,70.0,0.0,70.0,0.0,50.0835634434,-10.2391157551,-8.90172546673,15.974231638,18.4887007377,19.1173116221
542,70.0,10.0,70.0,0.0,52.4553381167,21.5585304241,2.43775507454,24.4869303469,20.5517113666,15.9281393845
543,70.0,20.0,70.0,0.0,39.9806719083,5.36210929941,-5.00346997495,11.5767431819,11.239328185,10.7918983616
544,70.0,30.0,70.0,0.0,39.9453983265,-6.13354901146,-2.0487679727,10.0129374486,11.2180957706,9.85851999396
545,70.0,40.0,70.0,0.0,47.9759354359,-10.0463353244,-5.41775128822,14.4721730247,16.7755190487,15.9829356173
546,70.0,55.0,70.0,0.0,43.6171777952,7.587522008,6.51633733505,14.2844483748,13.5750135561,9.2027506532
547,70.0,70.0,70.0,0.0,54.7446625357,1.32626175955,5.34919106994,22.1600985638,22.6833435339,16.3601356107
548,70.0,85.0,70.0,0.0,47.8757952787,19.8752665148,14.4496075419,19.8453134123,16.6968672107,9.03435489567
549,70.0,100.0,70.0,0.0,58.6357609393,-21.1955808455,3.84984048799,20.9352537315,26.6358724923,20.0632871676
550,85.0,0.0,70.0,0.0,55.6134173831,6.3706464324,7.30824373461,24.1232170488,23.5293119932,16.1668101342
551,85.0,10.0,70.0,0.0,70.5852753892,-4.64147037948,22.5715353882,38.6245487948,41.5870543597,20.9839326258
552,85.0,20.0,70.0,0.0,62.5577008339,22.0851073668,19.8364558417,36.2012674696,31.0593473335,15.9360639262
553,85.0,30.0,70.0,0.0,67.8783506753,-3.76609630814,18.0058459295,35.3299474397,37.8073013533,20.9335859813
554,85.0,40.0,70.0,0.0,45.9487914622,-5.80651105875,1.55979465676,13.7496062911,15.2308642445,12.0244813406
555,85.0,55.0,70.0,0.0,62.5558738159,-9.22969873026,-8.88480385045,27.5654449074,31.0571803402,31.0064780113
556,85.0,70.0,70.0,0.0,52.9420807609,15.6284180666,15.7240345374,23.6085572192,20.993226565,11.3167283856
557,85.0,85.0,70.0,0.0,44.013904034,1.25161038596,5.22092481662,13.548169166,13.8478283222,9.78214848406
558,85.0,100.0,70.0,0.0,45.0183010178,3.07173808061,1.55269926231,14.532656622,14.5548041355,11.485314206
559,100.0,0.0,70.0,0.0,59.9151110722,-6.47282656234,-10.3030873397,25.4559884079,28.0292016281,29.0296635135
560,100.0,10.0,70.0,0.0,51.8559277231,25.3878682313,15.6532308069,24.7770800913,20.016558488,10.7339231845
561,100.0,20.0,70.0,0.0,69.6453306283,8.13431160105,3.18421188413,41.432783824,40.2473326397,31.1059583152
562,100.0,30.0,70.0,0.0,49.3864964277,30.851783734,-6.74683792335,23.5853718266,17.9097793162,17.5925340043
563,100.0,40.0,70.0,0.0,50.7069469033,7.41358243633,-1.83105211412,19.7932363258,19.0168781702,16.4523314204
564,100.0,55.0,70.0,0.0,57.1552077823,-4.11815013509,1.24461509991,23.251136215,25.0819776683,20.0886344132
565,100.0,70.0,70.0,0.0,51.4195022215,-5.86684782671,20.7924838179,17.8082102921,19.6328187558,8.96850447711
566,100.0,85.0,70.0,0.0,56.2263550301,-6.51847487148,-2.12820525044,21.8450847107,24.1386583175,20.9556182731
567,100.0,100.0,70.0,0.0,54.7615618857,-9.92207864117,16.9855203841,19.8216625426,22.6996030788,11.9453804501
568,0.0,0.0,85.0,0.0,53.7481135918,-3.48128685881,1.69598233664,20.2422455487,21.7381925278,17.188059418
569,0.0,10.0,85.0,0.0,49.3718004735,-1.04188176692,12.050302709,17.067942253,17.8977060828,10.5192770474
570,0.0,20.0,85.0,0.0,51.4608064592,15.7854874984,0.00539244738293,22.2263002983,19.6689247264,16.226663206
571,0.0,30.0,85.0,0.0,49.5217825624,22.7764205271,13.1750431085,21.9303123408,18.0211766935,10.2500599857
572,0.0,40.0,85.0,0.0,43.3343439433,13.8654920302,0.168686447641,15.1196556294,13.382722313,10.9876126409
573,0.0,55.0,85.0,0.0,49.271456242,9.5974533858,-3.41221680716,18.9981025988,17.8154148083,16.0776440104
574,0.0,70.0,85.0,0.0,54.2147497329,-0.113614619736,-1.02642852106,21.3615181616,22.1774234568,18.7680981242
575,0.0,85.0,85.0,0.0,59.5021433529,-9.10115206741,1.6463641382,24.4207454711,27.5742604878,21.8992862977
576,0.0,100.0,85.0,0.0,55.3142908497,-8.52962123278,8.56372146903,20.5921493684,23.2356986908,15.4385120138
577,10.0,0.0,85.0,0.0,55.0420303779,10.5637546672,7.80604675319,24.5228540791,22.9705888,15.5555184368
578,10.0,10.0,85.0,0.0,51.2219635444,4.4162783388,15.8479309094,19.6371369381,19.4607518258,10.3299073707
579,10.0,20.0,85.0,0.0,49.229000644,1.80920337098,-0.175920739303,17.4789505711,17.7806734866,14.7398699236
580,10.0,30.0,85.0,0.0,44.2660572083,-7.40611083908,3.43453711101,12.3984921829,14.0231109722,10.4606845329
581,10.0,40.0,85.0,0.0,42.9975679386,-8.59480629321,-9.5787018805,11.4430681327,13.1561361571,14.2196423303
582,10.0,55.0,85.0,0.0,63.6073684385,2.57172112191,14.9030716796,31.8731115376,32.3210778798,18.8904245508
583,10.0,70.0,85.0,0.0,70.3745163273,10.0826907624,25.2233485783,43.1328682601,41.2841091604,19.5213340129
584,10.0,85.0,85.0,0.0,65.8523200357,2.82881794853,18.955131684,34.7003613843,35.1333055915,18.8065022779
585,10.0,100.0,85.0,0.0,62.0306001004,-3.98358855777,11.9942689478,28.3209397662,30.4383336347,18.9786765679
586,20.0,0.0,85.0,0.0,56.1950504409,-13.8701168161,2.62003062962,20.2746151958,24.1072851444,18.6612387724
587,20.0,10.0,85.0,0.0,63.9801902349,10.0848251563,31.0909408971,34.4627773618,32.7773116649,12.5662364727
588,20.0,20.0,85.0,0.0,60.1592000703,16.7355847053,-1.37561242044,31.6801842434,28.3004377893,24.0924166842
589,20.0,30.0,85.0,0.0,55.3625649172,-6.28748456725,15.2088013585,21.1027902826,23.2829167645,12.931207806
590,20.0,40.0,85.0,0.0,52.411289994,-1.78326444988,-14.5501236373,19.4230076329,20.5120644104,23.9923500754
591,20.0,55.0,85.0,0.0,62.2743518529,20.325781864,29.6473689762,35.3112017023,30.7244751477,12.0450384453
592,20.0,70.0,85.0,0.0,62.3302629139,5.87140306379,0.338918596059,31.2670879325,30.790361302,25.2144819357
593,20.0,85.0,85.0,0.0,55.1667485968,4.6689632116,16.1092726224,23.2996216894,23.091779731,12.4908811608
594,20.0,100.0,85.0,0.0,34.231995871,-0.285274613255,0.855980362761,7.79937487038,8.12021139343,6.50332145033
595,30.0,0.0,85.0,0.0,71.4170365952,-10.1992287834,15.5475850471,38.0077095481,42.7970931756,25.4726353336
596,30.0,10.0,85.0,0.0,55.953809572,-19.3887171851,-4.86163748364,18.9622909379,23.8664271812,22.099334943
597,30.0,20.0,85.0,0.0,62.0158931329,4.79725878277,8.94980913784,30.6084214175,30.4211261078,20.4162789289
598,30.0,30.0,85.0,0.0,43.7693226896,2.57834597392,-10.4658425521,13.5908244141,13.6792105903,15.0867203142
599,30.0,40.0,85.0,0.0,43.3279024287,18.8178515961,11.7946443356,15.9633685479,13.3783641806,7.64346902233
600,30.0,55.0,85.0,0.0,44.0988829259,21.759938875,0.189659116494,17.0813932317,13.9067366805,11.4116204046
601,30.0,70.0,85.0,0.0,42.8114869199,-1.5840003427,2.59042295705,12.3326390909,13.0320432166,9.94957383076
602,30.0,85.0,85.0,0.0,53.6232133815,6.24099279909,4.55084808123,22.1776639425,21.6216196677,15.8870352607
603,30.0,100.0,85.0,0.0,56.1120970474,-13.848291161,-3.13971260211,20.206009727,24.0242814954,21.362512326
604,40.0,0.0,85.0,0.0,71.1789953344,-4.24145741528,16.2278548249,39.5623544353,42.448428022,24.8609883703
605,40.0,10.0,85.0,0.0,58.6270400948,-4.52297854032,13.4200311577,24.6079273639,26.6265367467,15.7874165505
606,40.0,20.0,85.0,0.0,54.1363689027,-17.9440102727,-6.05203773754,17.7395268431,22.1032362609,21.1150579106
607,40.0,30.0,85.0,0.0,59.2103080637,9.2893288571,6.71208290759,28.6073166206,27.2557498713,19.1743089244
608,40.0,40.0,85.0,0.0,45.1115035293,-1.42374059706,-10.1381979283,13.8721561955,14.621601345,15.8926832461
609,40.0,55.0,85.0,0.0,42.8547419653,20.7227316024,3.54385733866,15.9399000593,13.0608190398,9.68643794067
610,40.0,70.0,85.0,0.0,50.6794177113,-24.0417272559,10.1699878518,14.092788078,18.9933437426,11.869565152
611,40.0,85.0,85.0,0.0,46.9545026493,-6.00691118684,-5.85514752508,14.4128915043,15.9847711944,15.4407151208
612,40.0,100.0,85.0,0.0,60.1358393397,-13.1413885356,8.78400545713,24.1188903057,28.2744035295,18.9524068561
613,55.0,0.0,85.0,0.0,54.1067337226,16.8493522443,8.25747906131,25.0500889961,22.0752298216,14.7306403625
614,55.0,10.0,85.0,0.0,69.0949817432,1.96479925461,24.5436181653,38.6819810701,39.4764308853,18.807568886
615,55.0,20.0,85.0,0.0,39.3059073675,-0.680407710877,-12.2139741372,10.361599446,10.837786667,12.8374941036
616,55.0,30.0,85.0,0.0,45.8763511534,-12.1948811646,11.509069231,12.7184101069,15.1774957057,8.89156127519
617,55.0,40.0,85.0,0.0,43.9624189498,11.3516612655,-4.86881199736,15.1522137529,13.8122193167,13.0836926959
618,55.0,55.0,85.0,0.0,53.4316362098,-0.971526187812,25.0365452786,20.4772699482,21.4436263873,8.75184891998
619,55.0,70.0,85.0,0.0,48.5312408413,21.6191997848,2.45148566771,20.781145879,17.2161516856,13.286688867
620,55.0,85.0,85.0,0.0,54.4147241867,-22.5211771242,10.3531775238,17.1149415188,22.367450238,14.1251327094
621,55.0,100.0,85.0,0.0,51.1916849989,9.88470843675,-11.4779928419,20.7256549146,19.4344667611,21.289600014
622,70.0,0.0,85.0,0.0,64.9212950785,-4.87883595381,29.292466659,31.3813724677,33.9480244551,13.8128429947
623,70.0,10.0,85.0,0.0,58.2328963626,26.9053700751,0.118165628676,32.1972123928,26.2068757634,21.5635771635
624,70.0,20.0,85.0,0.0,54.5575153257,-16.0403035803,11.6675204619,18.4446669338,22.503800476,13.7214519026
625,70.0,30.0,85.0,0.0,48.9990646005,13.9868155736,-12.4935533839,19.6349493698,17.5933017947,19.9326159666
626,70.0,40.0,85.0,0.0,64.8593254193,1.85318662561,30.7664687845,33.1845427317,33.8700918096,13.227025207
627,70.0,55.0,85.0,0.0,54.5539136514,33.0541630636,-0.822391145588,29.5686152293,22.5003544693,18.9442320065
628,70.0,70.0,85.0,0.0,48.1916569486,32.9182901125,-1.99403222956,22.894453205,16.9457888445,14.7514884553
629,70.0,85.0,85.0,0.0,44.5322919027,-3.07838111927,-6.63440394851,13.2231297118,14.2097810237,14.1056447291
630,70.0,100.0,85.0,0.0,65.8173029367,11.1906227247,14.5141821404,37.1597169889,35.0882339235,20.9029144539
631,85.0,0.0,85.0,0.0,45.1097154469,-16.5866688715,8.03574992307,11.5991690132,14.6203179272,9.50831038006
632,85.0,10.0,85.0,0.0,63.6479378195,0.816155838693,5.88488093633,31.4379013349,32.3705173159,23.4203427351
633,85.0,20.0,85.0,0.0,61.0100093419,-1.43758557384,27.2693324076,27.8498535268,29.2595444737,12.1131539463
634,85.0,30.0,85.0,0.0,45.3118138555,-13.4869526741,-8.65518159491,12.1680509276,14.7658525032,15.4276851281
635,85.0,40.0,85.0,0.0,54.2154456061,8.86600430656,20.4949067234,23.3213096978,22.1780828408,10.4899936657
636,85.0,55.0,85.0,0.0,44.6139241325,-6.62872565953,-2.51649161935,12.7371075436,14.2673473782,12.6430983937
637,85.0,70.0,85.0,0.0,49.4493358279,29.7741758107,-0.488760022284,23.4032898454,17.9614652971,15.0134937794
638,85.0,85.0,85.0,0.0,45.1106239581,25.8199334907,7.07764222216,18.6646688121,14.6209700127,9.79236088162
639,85.0,100.0,85.0,0.0,44.417767648,-7.40831167752,1.3901311152,12.4947978144,14.1292808026,11.1976015233
640,100.0,0.0,85.0,0.0,62.9721083149,16.5913975516,12.289337122,35.0964005961,31.5534775111,19.602518128
641,100.0,10.0,85.0,0.0,51.365162988,-23.7065337729,6.83296238694,14.6277156248,19.5853856245,13.4723958865
642,100.0,20.0,85.0,0.0,61.682310032,-0.607826467134,17.6270882391,28.8028451339,30.0325651125,16.2273271314
643,100.0,30.0,85.0,0.0,75.9486100276,-5.46459370543,28.372786071,46.0662255302,49.8036918912,22.742836928
644,100.0,40.0,85.0,0.0,52.0712255181,37.8205153384,2.97515267558,28.0345130151,20.2076932516,15.4373285027
645,100.0,55.0,85.0,0.0,64.3038447534,-19.3486192402,12.1809274245,26.92161256,33.1768423078,20.766370702
646,100.0,70.0,85.0,0.0,46.0662954886,17.9624050637,-7.99430018956,17.9502628585,15.3176981268,15.6881213388
647,100.0,85.0,85.0,0.0,57.4497185052,-20.2959236601,-17.242546752,20.0671180732,25.3861264768,30.7199314138
648,100.0,100.0,85.0,0.0,43.3243726489,26.2981612437,13.6871347658,17.3012833985,13.3759764405,7.17241290072
649,0.0,0.0,100.0,0.0,58.6202859907,-2.76540863612,2.30298736515,25.0124673614,26.6193079141,20.8052231033
650,0.0,10.0,100.0,0.0,40.3367037602,14.3242745306,6.48035261739,13.1185123744,11.4551381521,7.68333355306
651,0.0,20.0,100.0,0.0,50.0672597758,-11.8667163544,-8.29889240633,15.6797539777,18.4750199105,18.8242428413
652,0.0,30.0,100.0,0.0,37.1139682219,0.57215847915,-0.101735574975,9.32641128702,9.59958106746,7.94708607806
653,0.0,40.0,100.0,0.0,74.3547394658,-6.44390572934,42.8791470144,43.346253042,47.2583817554,14.8442150955
654,0.0,55.0,100.0,0.0,48.1231793065,27.4534249996,7.94434909707,21.6402692652,16.8916149718,11.1435702828
655,0.0,70.0,100.0,0.0,63.1985977616,-20.4551456898,23.8385115215,25.4966385177,31.8257399121,14.7677918177
656,0.0,85.0,100.0,0.0,33.9219113286,-0.400475946125,-0.0775305560932,7.64333316263,7.97075840826,6.5944975962
657,0.0,100.0,100.0,0.0,73.9253280668,1.15550714067,43.3196250655,45.3273793651,46.5877916977,14.3833140928
658,10.0,0.0,100.0,0.0,48.9251071085,30.3798359762,-5.61299542326,23.0329314289,17.5333158599,16.7539936988
659,10.0,10.0,100.0,0.0,64.7822970411,-12.2714887558,26.7335985382,29.24415527,33.7733877993,14.7031980849
660,10.0,20.0,100.0,0.0,44.5760784106,1.84189833737,-20.8131591605,14.0248540192,14.2406396042,20.2675308167
661,10.0,30.0,100.0,0.0,69.7159125661,-2.2583603948,7.23579948992,38.1972661119,40.3469204324,28.6361053636
662,10.0,40.0,100.0,0.0,66.8556793285,0.635775413424,5.6663595346,35.3281124074,36.4412176059,26.6299202712
663,10.0,55.0,100.0,0.0,33.544051124,-1.01746545966,-0.162222437674,7.40607986414,7.79113227594,6.46519374971
664,10.0,70.0,100.0,0.0,67.6682525821,1.14796265679,2.17657701344,36.5307858969,37.5239137231,29.5807363816
665,10.0,85.0,100.0,0.0,35.5340867226,1.6221054625,-7.96579938209,8.64171141613,8.76818661102,9.36015291727
666,10.0,100.0,100.0,0.0,40.0871380567,-13.8257875228,5.0946531776,9.13481246353,11.3035763516,7.92883535723
667,20.0,0.0,100.0,0.0,40.0019441965,15.8974923335,10.3083604333,13.1384621331,11.2521456673,6.61678040484
668,20.0,10.0,100.0,0.0,43.1263310637,2.09569484356,-0.804526440828,13.0872670196,13.2424647224,11.1871596469
669,20.0,20.0,100.0,0.0,45.997403969,-4.97712105277,6.78781909144,13.9143185421,15.2667483179,10.3460996862
670,20.0,30.0,100.0,0.0,46.4584797566,7.22091838523,10.1188639977,16.2965549919,15.6099050041,9.57951455677
671,20.0,40.0,100.0,0.0,50.1771309201,-25.9943689831,12.9356463036,13.4420644953,18.5673462385,10.677811716
672,20.0,55.0,100.0,0.0,43.4300330038,7.80150645084,-13.7629211862,14.188661428,13.4475741182,16.1941019605
673,20.0,70.0,100.0,0.0,59.7653816986,-13.1692013808,29.8719237402,23.7476675832,27.8636803213,10.5501398323
674,20.0,85.0,100.0,0.0,48.0314931097,27.6492925729,-4.40063777202,21.5977073787,16.8192613597,15.604217907
675,20.0,100.0,100.0,0.0,67.5966823085,-2.51701818278,44.7867436569,35.340314141,37.427701597,10.112608457
676,30.0,0.0,100.0,0.0,64.8428356851,-2.69683088978,39.2815097003,31.8888072755,33.8493745361,10.3456138424
677,30.0,10.0,100.0,0.0,65.8709142947,-2.06796323985,28.921652276,33.3094725226,35.1572545595,14.5815964783
678,30.0,20.0,100.0,0.0,33.8239733928,1.94140092286,-6.60073248713,7.85012154193,7.92393873755,8.16398993122
679,30.0,30.0,100.0,0.0,59.4128022658,11.475119459,28.0125131039,29.4017195592,27.4764910579,10.9481727797
680,30.0,40.0,100.0,0.0,53.9384461908,29.2546364791,-6.06035691258,27.9033151919,21.9166398296,20.9494051116
681,30.0,55.0,100.0,0.0,47.4080967027,-11.3030506922,6.31137993668,13.8753013873,16.3327827105,11.2744191327
682,30.0,70.0,100.0,0.0,33.6773680397,1.62294782684,-3.60847912675,7.74728989019,7.85419659106,7.33460504614
683,30.0,85.0,100.0,0.0,58.7278472314,13.7274735689,18.448430813,29.2186197538,26.734584942,13.8752211349
684,30.0,100.0,100.0,0.0,53.1192223648,28.8923298243,1.65040003305,26.9293662575,21.155464363,16.7402458684
685,40.0,0.0,100.0,0.0,48.0194716505,-9.50941005852,-0.0298402995476,14.5908905235,16.8097900465,13.881087117
686,40.0,10.0,100.0,0.0,42.4927934625,5.8738233591,-11.0934659407,13.2479562955,12.8213312351,14.4680874694
687,40.0,20.0,100.0,0.0,62.9891839322,-13.933099666,-1.3118591093,26.8595962139,31.573949737,26.811933501
688,40.0,30.0,100.0,0.0,48.1267812759,28.2534041005,0.687130157072,21.8149807279,16.8944616725,13.6814124008
689,40.0,40.0,100.0,0.0,73.7988290254,-0.668055287869,13.8561256188,44.5038527602,46.3914613152,28.893088086
690,40.0,55.0,100.0,0.0,42.534018925,3.37220550627,-8.21579170046,12.8931775019,12.8484595989,13.4069273264
691,40.0,70.0,100.0,0.0,64.2990982777,-11.805660599,-12.7932029551,28.8239012405,33.1709597588,35.6794684023
692,40.0,85.0,100.0,0.0,48.3578081215,27.3716003324,3.85697550763,21.8394787672,17.0777151791,12.672006057
693,40.0,100.0,100.0,0.0,74.9042008516,0.970534834465,1.62750086073,46.7531937358,48.1257922583,38.4846027588
694,55.0,0.0,100.0,0.0,76.5758760467,-1.41268426017,4.02484596598,48.4963453725,50.8299314193,38.8466398243
695,55.0,10.0,100.0,0.0,37.3329162314,1.56036070189,4.97122030878,9.56391810772,9.71878616268,6.78747810793
696,55.0,20.0,100.0,0.0,74.0333344104,0.777544953443,3.25184760624,45.3580208444,46.7558585728,36.2044150137
697,55.0,30.0,100.0,0.0,45.964891097,-1.13047633163,3.2248086503,14.5126619858,15.2427422043,11.4720033556
698,55.0,40.0,100.0,0.0,75.5436175092,-2.10030491732,6.26849661141,46.6408995996,49.1484972343,35.9102643705
699,55.0,55.0,100.0,0.0,60.3621266095,-0.0361401463916,4.95881146909,27.4996541464,28.527261029,20.9772787986
700,55.0,70.0,100.0,0.0,73.839295646,0.442194741231,6.25725948177,44.9492246845,46.4542066248,33.86953733
701,55.0,85.0,100.0,0.0,40.6630208632,-10.6552890874,-6.92657838839,9.83145053213,11.6553469278,11.810849264
702,55.0,100.0,100.0,0.0,40.5285373934,18.9255520549,2.31686230041,13.9669065225,11.5725556696,8.88367069843
703,70.0,0.0,100.0,0.0,48.4941172022,-0.753254423794,21.7663198558,16.4384717287,17.1864563666,7.37691937438
704,70.0,10.0,100.0,0.0,67.1056913291,6.42171633295,4.95990599299,37.4005932833,36.7720915021,27.2978409985
705,70.0,20.0,100.0,0.0,50.9904842065,13.6168582739,21.1546536738,21.3261157466,19.2604035765,8.66147788057
706,70.0,30.0,100.0,0.0,59.6018098548,-3.50514472571,-5.67435730046,25.8429892011,27.6836027934,25.9566963033
707,70.0,40.0,100.0,0.0,45.1623142518,-3.27297027121,8.1485682552,13.6148060363,14.6581027545,9.50182562429
708,70.0,55.0,100.0,0.0,49.8203885943,-15.5894462175,-18.1943955649,14.8690625454,18.2686879771,23.5481583624
709,70.0,70.0,100.0,0.0,69.945260013,-1.76733009176,3.5635573027,38.6608571076,40.6716528259,31.1950297923
710,70.0,85.0,100.0,0.0,61.1512373107,9.88847948518,6.49719478652,30.9771842235,29.4208163198,20.8890659169
711,70.0,100.0,100.0,0.0,67.8354989647,12.8662590615,-0.19578587084,40.4298998486,37.7493860515,31.2739309952
712,85.0,0.0,100.0,0.0,60.6881554577,-5.99978019865,28.0835628883,26.3727574551,28.894215557,11.6476724435
713,85.0,10.0,100.0,0.0,35.5804315396,2.28217248876,-3.99738521737,8.74171936036,8.79186369042,8.27704105913
714,85.0,20.0,100.0,0.0,41.1588907359,5.74193760152,12.8790339072,12.3624299105,11.9640276563,6.48510707091
715,85.0,30.0,100.0,0.0,65.6657117073,11.8469173776,9.95169563103,37.16060067,34.8935604534,23.1074863691
716,85.0,40.0,100.0,0.0,60.5151470371,-4.62901451116,17.9499602373,26.5254210307,28.6991004142,15.2693874027
717,85.0,55.0,100.0,0.0,35.7676589833,1.5563935966,-1.18605079001,8.75120772209,8.88795015023,7.62974169243
718,85.0,70.0,100.0,0.0,41.2076884001,6.58262845502,11.023093872,12.5176852045,11.9946955972,6.93573879243
719,85.0,85.0,100.0,0.0,53.4891948444,29.8742680665,15.5239181487,27.5713339626,21.4970007312,11.6972841483
720,85.0,100.0,100.0,0.0,65.2523226277,1.22421592734,5.69807393993,33.488053305,34.3663481331,25.0345971253
721,100.0,0.0,100.0,0.0,34.8800828039,3.77625426192,-0.0849851220099,8.56490873095,8.43858172197,6.98296814121
722,100.0,10.0,100.0,0.0,36.4057182307,-4.61490815532,-1.60693596307,8.35753996496,9.22066119766,8.0211917543
723,100.0,20.0,100.0,0.0,52.8865213565,28.6970460516,21.8646116915,26.6342365636,20.9425130628,9.38557702276
724,100.0,30.0,100.0,0.0,65.8742654553,2.84581669926,-5.52197319628,34.7330359422,35.1615719327,32.5515516958
725,100.0,40.0,100.0,0.0,34.3311152308,2.58040104715,0.501414103202,8.16114985397,8.16837547974,6.62360807928
726,100.0,55.0,100.0,0.0,35.5799963544,-3.88619361737,-5.52725782065,8.04090483934,8.79164116087,8.69239003551
727,100.0,70.0,100.0,0.0,49.7832415982,3.05654332263,-2.63942251026,18.1614904901,18.2377745791,16.1232764889
728,100.0,85.0,100.0,0.0,60.563762234,-1.05076633541,17.3499293184,27.4631956833,28.7538385595,15.5458944551
729,100.0,100.0,100.0,0.0,60.4761503649,0.206992646603,17.346078259,27.6842129115,28.6552424663,15.4860946656
730,0.0,0.0,0.0,20.0,60.2774406923,-0.432447308979,16.8254729676,27.3092503651,28.4324556916,15.5584254217
731,0.0,10.0,0.0,20.0,54.415624051,-7.85367731626,8.48030398805,19.9382248341,22.3683077829,14.8525224039
732,0.0,20.0,0.0,20.0,55.1845021633,9.21090547377,12.8515979207,24.3516880099,23.1090657699,13.6829128268
733,0.0,40.0,0.0,20.0,77.3152375483,0.825797536244,3.66567174527,50.5086953526,52.0575506336,40.0833965368
734,0.0,70.0,0.0,20.0,78.8452616319,-1.96499010039,6.83011152218,51.9524109174,54.6604180552,39.682080168
735,0.0,100.0,0.0,20.0,44.5603122014,-7.80508384662,0.745754418981,12.5270699516,14.2295232125,11.4910690405
736,10.0,0.0,0.0,20.0,77.0659012908,0.459436158504,6.32816784937,49.968851152,51.641374747,37.7644311445
737,10.0,10.0,0.0,20.0,46.7808061957,-17.1369595661,7.68519694121,12.5626052811,15.8528261665,10.4872920683
738,10.0,20.0,0.0,20.0,51.2445035844,-5.63516885964,-13.1789666044,17.7103301207,19.4803344086,22.2012297588
739,10.0,40.0,0.0,20.0,53.365540821,-2.4340715441,21.7030743663,20.1195101267,21.3824449386,9.67541836693
740,10.0,70.0,0.0,20.0,59.5621639291,7.9726305568,-1.74091152585,28.658799155,27.6400734147,23.7324834561
741,10.0,100.0,0.0,20.0,60.1068301757,9.91461065897,34.1304558565,29.778381769,28.2420966289,9.43883940951
742,20.0,0.0,0.0,20.0,63.7594577002,1.01844287838,27.1895942855,31.6254544251,32.506679527,13.8503596196
743,20.0,10.0,0.0,20.0,67.7055765302,-4.33033907515,31.0899542369,34.9435928009,37.5741537639,14.9728200671
744,20.0,20.0,0.0,20.0,54.8392984232,-13.9590642516,-20.1910466714,19.0849783634,22.7744966115,29.7363691682
745,20.0,40.0,0.0,20.0,41.384699432,-5.16535481612,10.8881019652,10.9579272715,12.1063817968,7.04080665158
746,20.0,70.0,0.0,20.0,69.2095912195,-1.21500881872,-5.34774252367,37.8429061601,39.6361513293,36.4068922481
747,20.0,100.0,0.0,20.0,54.9787206264,-27.2289538963,15.1890298931,16.7022761097,22.9092321636,12.7016000244
748,40.0,0.0,0.0,20.0,52.5595941383,-15.8284670999,-10.7007779709,16.8778516088,20.6457539018,22.0926733649
749,40.0,10.0,0.0,20.0,41.5944176102,-4.83082810455,8.41074431967,11.1268999498,12.2395994542,7.74402924808
750,40.0,20.0,0.0,20.0,66.2375988925,-2.40078706925,7.18900525886,33.6661356965,35.6317618706,25.1509155605
751,40.0,40.0,0.0,20.0,55.6304007113,-24.4563836157,5.38356830306,17.7259469872,23.5460560959,16.9964256464
752,40.0,70.0,0.0,20.0,34.9677527687,-0.573126201209,-2.49204451766,8.11557487547,8.4822777381,7.6112422057
753,40.0,100.0,0.0,20.0,62.9987036632,-0.795326793695,21.3548789668,30.2447128683,31.5853669357,15.6246232482
754,70.0,0.0,0.0,20.0,58.2607428402,11.8169533915,2.25516673013,28.2063531107,26.2363792451,20.5239040483
755,70.0,10.0,0.0,20.0,36.768320937,-5.27687378878,0.707043348325,8.46004720326,9.4133858025,7.58734890918
756,70.0,20.0,0.0,20.0,34.7514616803,0.307666558372,-5.06635694727,8.10985426421,8.37474701372,8.18114347771
757,70.0,40.0,0.0,20.0,62.56887141,-1.79378893975,30.7465431725,29.489568489,31.0725987449,11.8432514239
758,70.0,70.0,0.0,20.0,59.6910506969,13.1605526938,-6.8488058022,30.1643251861,27.7817522444,26.7245788547
759,70.0,100.0,0.0,20.0,35.9905007083,-6.50873571897,1.2729381022,7.94706060418,9.00322352174,7.11659895327
760,100.0,0.0,0.0,20.0,78.4740907105,-0.257326034195,5.93686898274,51.9937140436,54.0211959025,39.8748245265
761,100.0,10.0,0.0,20.0,54.1746330111,10.8456368008,3.45746097808,23.7287559319,22.139432409,16.7456362494
762,100.0,20.0,0.0,20.0,78.6646166649,1.03317086119,6.90948923718,52.807315637,54.3486892043,39.3858928264
763,100.0,40.0,0.0,20.0,61.7015253127,0.271211331722,6.34684630083,29.0522320777,30.0548569416,21.438210126
764,100.0,70.0,0.0,20.0,55.5150775469,-6.48181033852,-1.10482493851,21.2002328961,23.4325133984,19.8586697184
765,100.0,100.0,0.0,20.0,69.067198204,15.5155211079,1.9274361808,43.0644934947,39.4377763062,31.274188547
766,0.0,0.0,10.0,20.0,36.8211454855,0.258654003414,2.82294585855,9.13564056916,9.44168436116,7.08816074952
767,0.0,10.0,10.0,20.0,69.5225889712,14.8318071647,1.82318728431,43.4983549555,40.0745404546,31.8542633372
768,0.0,20.0,10.0,20.0,57.0271051105,11.0312223905,3.98574045832,26.6788037249,24.9504445087,18.6928964472
769,0.0,40.0,10.0,20.0,56.5380061835,10.819084504,3.81629501167,26.1128459882,24.4524778867,18.3846777359
770,0.0,70.0,10.0,20.0,53.3362766087,-18.4817392745,-15.759682646,17.0038933786,21.3553936197,25.5482075542
771,0.0,100.0,10.0,20.0,60.0174618328,11.5465133271,-3.97378055043,30.1091443918,28.142723677,25.3974774367
772,10.0,0.0,10.0,20.0,60.7267805079,-6.24639156945,24.2730329993,26.3532299146,28.9378964641,12.9976679523
773,10.0,10.0,10.0,20.0,47.6014159867,-15.8269535594,6.7902945693,13.2971809671,16.4826253134,11.2266785679
774,10.0,20.0,10.0,20.0,69.5626685374,7.89733363662,38.7636824315,41.2376373336,40.1309088266,13.2679728928
775,10.0,40.0,10.0,20.0,51.3179474917,-18.8314215087,-14.8967020143,15.4100466056,19.5442329421,23.1662745919
776,10.0,70.0,10.0,20.0,47.8724642291,29.5601826453,11.5966289543,21.8602479851,16.6942551794,9.86511415971
777,10.0,100.0,10.0,20.0,77.6033697499,-2.19314458428,2.96793959524,49.8435728623,52.5412600149,41.0039657824
778,20.0,0.0,10.0,20.0,48.690509406,13.1679329422,-6.99059675486,19.2077736562,17.3439393169,17.1735248634
779,20.0,10.0,10.0,20.0,68.7757719205,-7.63694007664,-7.88108705209,35.3291627696,39.0338412074,37.7026681102
780,20.0,20.0,10.0,20.0,57.6766359765,26.2346381401,5.74002475696,31.3503120844,25.6221398019,18.402617303
781,20.0,40.0,10.0,20.0,74.8780302901,-6.17344961981,35.833248041,44.2095367405,48.0842391803,18.2050320955
782,20.0,70.0,10.0,20.0,46.2042185962,10.0188650438,8.88565300839,16.5994189136,15.4200417287,9.81554270887
783,20.0,100.0,10.0,20.0,65.079207661,-11.6472341309,21.7592263128,29.7442471186,34.1471545468,16.9599263509
784,40.0,0.0,10.0,20.0,55.4234996409,23.8415206119,25.4047630881,28.1541389192,23.3426098209,9.62998003522
785,40.0,10.0,10.0,20.0,67.1686923031,5.82583112706,28.4750650201,37.3008829576,36.8557837579,15.6529849673
786,40.0,20.0,10.0,20.0,51.8094855593,24.3695996901,-0.358757734781,24.4932467353,19.9754872264,16.6340607707
787,40.0,40.0,10.0,20.0,57.6656388016,-9.6076496583,12.5325489323,22.521626375,25.6106682238,15.4730422839
788,40.0,70.0,10.0,20.0,44.2074361385,2.76333927593,-12.8758897436,13.9183111988,13.9822297307,16.384324502
789,40.0,100.0,10.0,20.0,66.4966461728,5.04010695174,39.0958502698,36.1811617223,35.9695422901,11.3161110994
790,70.0,0.0,10.0,20.0,52.2648708751,25.3316369961,-8.08604719884,25.1782659047,20.3806415869,20.5256191888
791,70.0,10.0,10.0,20.0,56.8383397077,-11.7751958779,21.1441712821,21.2868305479,24.7574634081,11.7492270319
792,70.0,20.0,10.0,20.0,45.2482280985,2.92734509034,-20.6405950368,14.6718272954,14.7199596581,20.7500993422
793,70.0,40.0,10.0,20.0,68.8316184808,15.9254479186,2.74517765833,42.8601336188,39.1110333835,30.4875206118
794,70.0,70.0,10.0,20.0,76.9967493875,-0.748356876988,23.3160526038,49.4088660096,51.5263450804,26.5338982265
795,70.0,100.0,10.0,20.0,69.9026549562,-10.0165229804,-5.94051699945,36.0682426796,40.6111971629,37.7043802045
796,100.0,0.0,10.0,20.0,69.2650738911,-9.07831604319,-7.42307838116,35.527326842,39.7136268258,37.9865145157
797,100.0,10.0,10.0,20.0,67.2606165473,13.9093295687,17.0715208616,39.9666275222,36.9781261667,20.8688077177
798,100.0,20.0,10.0,20.0,67.2605730614,13.3234237589,16.6222400529,39.7784201005,36.9780682271,21.0919488251
799,100.0,40.0,10.0,20.0,78.8676693106,1.04567626044,5.62636348191,53.1518571428,54.6991686198,40.6334538952
800,100.0,70.0,10.0,20.0,64.2411631554,0.753314740879,6.36927258426,32.1264363458,33.0992138445,23.7093316473
801,100.0,100.0,10.0,20.0,63.8506018722,1.25217865383,6.1169038403,31.7981803627,32.6182467867,23.4831540441
802,0.0,0.0,20.0,20.0,63.4047734034,1.07924838153,5.83670815209,31.2232408328,32.0749408794,23.2225427735
803,0.0,10.0,20.0,20.0,40.6565398844,-3.50482366412,1.72358020308,10.7585141088,11.6513480544,9.1136264542
804,0.0,20.0,20.0,20.0,56.4941066395,-15.3041066999,-12.3991795061,20.2449753127,24.4081092927,26.7470005073
805,0.0,40.0,20.0,20.0,44.8283425204,14.6141051893,9.95636094836,16.361499851,14.4192934589,8.82050538849
806,0.0,70.0,20.0,20.0,67.6855956767,-4.01768763553,0.910064716,35.010252358,37.5472528872,30.3978844538
807,0.0,100.0,20.0,20.0,48.6536578773,31.3646498101,18.5458634775,22.9916998483,17.314315807,8.27618515538
808,10.0,0.0,20.0,20.0,53.5322773093,19.19723149,16.532039262,25.0198967342,21.5370091713,11.3858527131
809,10.0,10.0,20.0,20.0,52.0013509624,-19.9136720206,-12.0532827745,15.7297313349,20.1455280123,22.293809218
810,10.0,20.0,20.0,20.0,34.2356402072,0.0858447807268,-0.568641804456,7.84130782805,8.12197888806,6.83434242648
811,10.0,40.0,20.0,20.0,41.8214051708,-2.43772705966,1.38516585736,11.5956716173,12.3848844004,9.79876147336
812,10.0,70.0,20.0,20.0,51.9013408262,24.6358513252,19.1090013753,24.6472284587,20.0567740991,9.69606730885
813,10.0,100.0,20.0,20.0,58.5414701503,-19.0305517128,-21.1164201654,21.3049517035,26.5350490068,34.5564406011
814,20.0,0.0,20.0,20.0,33.8304850456,1.26557694715,-1.50651856618,7.77993532068,7.92704595749,6.89078243204
815,20.0,10.0,20.0,20.0,41.7476073597,-3.95471098727,5.28261352752,11.3389239622,12.3375241881,8.64387575777
816,20.0,20.0,20.0,20.0,51.929742564,26.436728042,12.5989731662,25.0981243825,20.0819526392,11.776957007
817,20.0,40.0,20.0,20.0,57.1856994973,-21.5025746574,-9.50570559772,19.5944922906,25.1133538896,25.7657523756
818,20.0,70.0,20.0,20.0,38.9512403077,-9.22234048966,-0.0585978713592,9.09966997136,10.6306184375,8.78765727321
819,20.0,100.0,20.0,20.0,50.6997379581,21.9693531787,9.83471070845,22.863798969,19.0107134381,11.9958406457
820,40.0,0.0,20.0,20.0,69.190162651,-6.22964598664,7.36284297361,36.2836626198,39.6090452922,28.0090291147
821,40.0,10.0,20.0,20.0,43.6717963639,-0.572120510846,-3.49010425131,13.0389394778,13.6123581936,12.4138720775
822,40.0,20.0,20.0,20.0,38.4425571163,-7.33527379022,-3.90772610066,9.06307844344,10.3381202292,9.64032972165
823,40.0,40.0,20.0,20.0,50.762758665,20.249166508,16.2408017821,22.5442397349,19.0646507238,9.96731995737
824,40.0,70.0,20.0,20.0,70.27462717,-4.48709746097,-4.33899488852,38.2533137326,41.1410437813,37.0037268942
825,40.0,100.0,20.0,20.0,42.9664042892,-4.10462095412,0.884387654729,12.0625090806,13.1352991954,10.5576120474
826,70.0,0.0,20.0,20.0,72.2584958517,0.421369217351,5.55224309905,42.6135906457,44.0448968674,32.5070186107
827,70.0,10.0,20.0,20.0,46.7277430608,24.0544182864,14.0229079018,19.6905561236,15.8126631019,8.60162850658
828,70.0,20.0,20.0,20.0,63.4261166816,-8.26834638794,-3.87741376701,28.7656038794,32.100812186,28.8006796996
829,70.0,40.0,20.0,20.0,41.782013802,4.65494931913,4.25389092158,12.5991270341,12.3595896883,8.94660102072
830,70.0,70.0,20.0,20.0,53.0305339753,-19.6072000968,-17.4440256229,16.5632269102,21.0741336891,26.2093355146
831,70.0,100.0,20.0,20.0,49.4567686425,31.3862562017,13.8339579811,23.7753613615,17.9675854236,10.0143140029
832,100.0,0.0,20.0,20.0,68.6493749944,-4.16955836062,4.52163499826,36.2020354127,38.8595081967,29.1744564889
833,100.0,10.0,20.0,20.0,45.8874967716,17.0936088474,6.14280630616,17.6427865421,15.1856988258,10.487981024
834,100.0,20.0,20.0,20.0,57.6858315546,-16.2440426132,-9.32011921894,21.1148786311,25.6317346942,26.1531792296
835,100.0,40.0,20.0,20.0,41.3063848994,-3.36709343342,-3.50395252003,11.1574003808,12.0568836384,11.0445653037
836,100.0,70.0,20.0,20.0,71.479246875,-0.355700175319,13.0095898316,41.2402908537,42.8885277884,26.9975617027
837,100.0,100.0,20.0,20.0,48.073388071,24.5392290814,3.77897639425,20.9786172233,16.8522968274,12.5261976649
838,0.0,0.0,40.0,20.0,61.4269277671,-9.70715706682,2.22075038371,26.2454644601,29.7373396921,23.3321472626
839,0.0,10.0,40.0,20.0,42.4581360765,6.14461548213,-6.19775261922,13.2666674858,12.7985545526,12.6304805681
840,0.0,20.0,40.0,20.0,51.3107024477,-21.0257526695,-11.3471557043,15.0339528494,19.5379233207,21.3269247642
841,0.0,40.0,40.0,20.0,68.8113280539,-2.32356165471,10.6561307512,36.9734691636,39.082975811,25.6987893427
842,0.0,70.0,40.0,20.0,68.2291307453,-0.0746231560546,10.0132636732,36.8939694741,38.2836192721,25.4940858392
843,0.0,100.0,40.0,20.0,64.9140841235,8.12144851247,37.5224323596,35.067102703,33.9389498649,10.9401412982
844,10.0,0.0,40.0,20.0,64.5909285363,-1.12709858209,-7.75331768568,32.0228880439,33.5339344463,32.5639991611
845,10.0,10.0,40.0,20.0,35.6473811178,-0.437359686084,2.55829863516,8.46094706691,8.8261427305,6.67267998447
846,10.0,20.0,40.0,20.0,40.9978351926,7.54958465117,4.32383316936,12.5269459059,11.8631798931,8.55235562631
847,10.0,40.0,40.0,20.0,64.6393599741,10.015113372,25.7574720972,35.2766629766,33.5944278378,14.9910367694
848,10.0,70.0,40.0,20.0,62.2073105222,-2.40016767259,1.53957386552,28.9246788267,30.6455969733,24.4295517583
849,10.0,100.0,40.0,20.0,35.8021101493,0.720155964723,0.913746761148,8.67109618305,8.9057066456,7.12490863703
850,20.0,0.0,40.0,20.0,41.7980103639,7.5634034158,8.16219362397,13.0479131531,12.3698575381,7.89829724691
851,20.0,10.0,40.0,20.0,54.3535950046,34.4274218046,18.3016554708,29.7029470428,22.3092471861,11.2694033475
852,20.0,20.0,40.0,20.0,40.0970699222,-7.33985112914,1.56345437431,9.94247755086,11.3095822998,8.88633154981
853,20.0,40.0,40.0,20.0,48.8692853097,17.3310167215,6.32769382904,20.1979057637,17.4881299524,12.1163766241
854,20.0,70.0,40.0,20.0,76.2062044287,2.78639682909,17.0026427176,49.456017291,50.2234413577,29.5149157874
855,20.0,100.0,40.0,20.0,54.8385984294,33.0271329593,25.0763191866,29.8854670879,22.7738214841,9.43037759389
856,40.0,0.0,40.0,20.0,39.3637093988,-5.91423832846,-2.5480560889,9.72332925321,10.8718029807,9.70808365834
857,40.0,10.0,40.0,20.0,49.0387582978,14.8103685458,12.6718285529,19.8348024987,17.6255531703,10.1488371031
858,40.0,20.0,40.0,20.0,77.6719332775,4.08778553693,4.72503690172,52.3346359288,52.6568024419,39.7444823596
859,40.0,40.0,40.0,20.0,49.275047015,-20.3776365254,12.9175419821,13.712716839,17.8183552037,10.1984090864
860,40.0,70.0,40.0,20.0,46.5412050337,4.21573200248,-13.3876839107,15.8326071595,15.6720124151,18.3701775943
861,40.0,100.0,40.0,20.0,56.7812914678,-7.05601929071,26.3554446075,22.2462335373,24.6993375442,10.0468126626
862,70.0,0.0,40.0,20.0,53.3627661229,19.4851751555,-3.33767144671,24.9158426008,21.3798790772,19.1592424441
863,70.0,10.0,40.0,20.0,63.9262527841,3.60800768783,38.7802826916,32.5445739348,32.7110427812,10.014636133
864,70.0,20.0,40.0,20.0,53.8417072004,-16.6729127422,-19.3119621241,17.7397147367,21.8258201551,28.1368753012
865,70.0,40.0,40.0,20.0,60.503563202,2.48039890459,25.4137634827,28.2907677148,28.6860678842,12.4546759727
866,70.0,70.0,40.0,20.0,64.3628481158,-1.2743036858,-4.47228801649,31.710298684,33.2500262475,30.1780118848
867,70.0,100.0,40.0,20.0,51.0780902911,-17.0797303576,8.03842946489,15.5326747961,19.3360651923,12.8534197715
868,100.0,0.0,40.0,20.0,72.3166565836,10.4041618971,7.16464768824,46.1418546144,44.1320286008,31.5115811037
869,100.0,10.0,40.0,20.0,50.414585539,-18.5752797156,-5.08740252443,14.7985267268,18.7679324922,17.6425539566
870,100.0,20.0,40.0,20.0,46.4330438069,0.419532394499,-9.39898301593,15.1046044994,15.5908415679,16.5365926709
871,100.0,40.0,40.0,20.0,57.9520596787,-5.79915244307,7.71855486959,23.6464289236,25.9105633244,17.726634657
872,100.0,70.0,40.0,20.0,52.9834483901,17.4217365203,1.63542753617,24.0578130313,21.0310392275,16.6467823886
873,100.0,100.0,40.0,20.0,66.0448629796,4.77128053687,18.0558338697,35.518222014,35.381823724,19.3808681697
874,0.0,0.0,70.0,20.0,59.8716420293,7.89994700813,23.3734748696,28.9850186738,27.9810805745,12.7912620513
875,0.0,10.0,70.0,20.0,52.6886768679,-18.8526174656,-17.6065471892,16.4350274005,20.7625879241,25.9641364434
876,0.0,20.0,70.0,20.0,52.9163441139,-21.8815922672,12.7492121913,16.0735240856,20.9697245072,12.3089827954
877,0.0,40.0,70.0,20.0,62.270983177,15.7875665537,-3.39165197631,33.9800436168,30.7205084711,27.3072283306
878,0.0,70.0,70.0,20.0,65.8044967133,-5.61360315556,36.3794282311,32.2298690371,35.0717602406,11.8248642296
879,0.0,100.0,70.0,20.0,50.9453634089,-5.276492138,-20.5115438814,17.5369089544,19.2215118035,25.9065100905
880,10.0,0.0,70.0,20.0,53.1492164863,-19.5017866527,4.27864529657,16.673774665,21.1830174059,15.6631659159
881,10.0,10.0,70.0,20.0,59.2971945659,16.0449355869,4.92074036003,30.481831372,27.3503204305,20.0968177088
882,10.0,20.0,70.0,20.0,65.5160571455,-3.93470694075,23.7601770297,32.3514079872,34.7020816741,16.4277247896
883,10.0,40.0,70.0,20.0,49.6408896325,-6.48680556868,-11.3414132701,16.2982457878,18.1196334373,19.9107591002
884,10.0,70.0,70.0,20.0,50.7532202327,-1.70356477652,-8.60483594495,18.0516116888,19.0564805596,19.5205593152
885,10.0,100.0,70.0,20.0,64.4137799976,3.03394149602,23.9186616945,32.9748177998,33.3132853266,15.5740711545
886,20.0,0.0,70.0,20.0,37.4594870971,6.16706612682,2.10531686961,10.2169623672,9.78814502647,7.53537247147
887,20.0,10.0,70.0,20.0,54.8667279485,-14.3934506819,7.42292833614,19.0229230686,22.8009622412,15.5884510527
888,20.0,20.0,70.0,20.0,51.847394624,-0.318026262253,-17.15530588,19.2317213623,20.0090079995,24.8903783086
889,20.0,40.0,70.0,20.0,63.8216762744,1.64272493196,34.6578612158,31.8716579321,32.5828120926,11.2589265682
890,20.0,70.0,70.0,20.0,36.8313829592,6.80145927735,-0.909437497115,9.95075841673,9.44717521505,8.03072193764
891,20.0,100.0,70.0,20.0,53.6942905416,-16.8011148763,15.1051147799,17.5971882431,21.6879067297,11.9591317882
892,40.0,0.0,70.0,20.0,62.4431892969,14.1627154288,2.3663277389,33.7259226151,30.9237219916,24.1993263936
893,40.0,10.0,70.0,20.0,56.3266643513,4.86364030126,27.6513827194,24.485042022,24.2393707283,9.42762840629
894,40.0,20.0,70.0,20.0,56.0106199323,3.18172108646,-5.93481713142,23.7855600516,23.9230022724,22.707083855
895,40.0,40.0,70.0,20.0,49.8017249999,-10.2381277831,12.7245427893,15.7633336582,18.253151938,10.5402990656
896,40.0,70.0,70.0,20.0,48.2758787643,-10.4722791839,-17.4677738067,14.6142869582,17.0125768916,21.776080353
897,40.0,100.0,70.0,20.0,61.2895899518,10.7819173811,25.5651121219,31.3832481415,29.579378316,12.8818740324
898,70.0,0.0,70.0,20.0,60.5505024375,7.61838774412,1.68833220683,29.6770337951,28.7389018319,22.8141976655
899,70.0,10.0,70.0,20.0,55.5290742876,-1.27890765745,15.2773096905,22.3289546926,23.4462745387,13.010003848
900,70.0,20.0,70.0,20.0,52.5307230468,-6.65899733954,-10.5848703997,18.5688578189,20.6196825189,22.0075950644
901,70.0,40.0,70.0,20.0,47.7404625655,-16.6150988906,1.56883584067,13.2680451313,16.5909656749,13.1113488528
902,70.0,70.0,70.0,20.0,46.3845037779,-1.74350921164,-16.4253907433,14.7092717063,15.5545054405,19.6573604349
903,70.0,100.0,70.0,20.0,70.7988497182,-5.44084951013,-0.429507663993,38.662664905,41.8955544025,34.8667042119
904,100.0,0.0,70.0,20.0,50.2922715209,13.8076260854,12.0791572555,20.7352340908,18.664430102,11.0153781131
905,100.0,10.0,70.0,20.0,54.6557248042,-29.9149259465,15.2870894921,15.9797787189,22.5979009057,12.4701888622
906,100.0,20.0,70.0,20.0,55.6318598638,32.0238477664,23.2770080068,30.5301986684,23.5474950654,10.3839550468
907,100.0,40.0,70.0,20.0,68.0174056443,-0.895797670604,17.2026634102,36.3678187302,37.9956460282,21.4551632746
908,100.0,70.0,70.0,20.0,55.5722750458,21.1923299855,3.86938363553,27.6459439293,23.4887820948,17.6141491116
909,100.0,100.0,70.0,20.0,74.2501932369,-5.49603198892,50.2537488595,43.5152926418,47.0945285538,12.0593262736
910,0.0,0.0,100.0,20.0,48.1330748416,11.2238548393,4.41565459223,18.3626971279,16.8994363572,12.3391351781
911,0.0,10.0,100.0,20.0,65.8054634259,-13.2400266224,34.4185759623,30.1522352921,35.0730036215,12.502594469
912,0.0,20.0,100.0,20.0,57.0978389773,23.9614484826,19.3101084873,30.0639920472,25.0230155652,12.5361560024
913,0.0,40.0,100.0,20.0,76.7185107018,-4.50099112282,15.6881122716,47.5969129315,51.0652395663,30.9069585705
914,0.0,70.0,100.0,20.0,48.3796773745,15.6045892986,-13.873688524,19.4250381518,17.0951304925,20.0828821289
915,0.0,100.0,100.0,20.0,67.0398833271,-9.50723346448,4.61893606865,32.6303527479,36.6848057054,27.4327549776
916,10.0,0.0,100.0,20.0,58.032268267,28.4659494794,-2.98621324974,32.391356443,25.9949627829,22.9894406572
917,10.0,10.0,100.0,20.0,69.7263306528,9.52343980329,32.021535992,42.0080908754,40.3616337613,16.0083876528
918,10.0,20.0,100.0,20.0,56.3790522189,8.61641430548,-1.33921983063,25.4197220351,24.2920802909,20.6957575878
919,10.0,40.0,100.0,20.0,37.5419998881,-3.16653522577,2.50318932609,9.09745073675,9.83353796367,7.47139793557
920,10.0,70.0,100.0,20.0,63.9176673097,22.8106950015,10.3620030339,38.2211810705,32.7005027029,21.340480891
921,10.0,100.0,100.0,20.0,68.5250475185,8.44867194583,42.8087898606,39.9632427707,38.6885366282,11.2452634061
922,20.0,0.0,100.0,20.0,57.8555055441,9.32344474416,-10.0506480707,27.1390665444,25.8092068351,26.746245964
923,20.0,10.0,100.0,20.0,36.6706890656,-3.98615326029,3.41324297725,8.55980999377,9.36123251702,6.88537863404
924,20.0,20.0,100.0,20.0,64.4299411258,24.583603033,1.19246518135,39.4775390296,33.3333747372,26.8000833111
925,20.0,40.0,100.0,20.0,42.2319499416,1.93565924547,0.691425396929,12.4832962884,12.6505681752,10.2238723448
926,20.0,70.0,100.0,20.0,72.9001926641,-8.32004438773,0.942765678772,40.6390735417,45.0126041071,36.4589933372
927,20.0,100.0,100.0,20.0,50.2253311506,4.51181250531,10.55216608,18.8079151992,18.607946474,11.4780594121
928,40.0,0.0,100.0,20.0,59.8225790767,-22.1145561606,-16.5048212413,21.8246403641,27.9268331575,32.9183529973
929,40.0,10.0,100.0,20.0,57.6182454454,21.4747679423,24.2634341838,29.9992489004,25.5612695563,11.1604284158
930,40.0,20.0,100.0,20.0,50.9117154334,-16.5617852985,-15.0932928095,15.4985819025,19.1925431086,22.8999408947
931,40.0,40.0,100.0,20.0,46.2411216333,-2.44377982784,2.32331645153,14.4925924945,15.4475021185,11.9357565327
932,40.0,70.0,100.0,20.0,60.5039769994,-3.79386873697,-2.27905303219,26.7184789948,28.6865333638,24.9176044618
933,40.0,100.0,100.0,20.0,52.8159267308,14.6463231272,14.8859201515,23.2647386414,20.8781936166,11.5222396891
934,70.0,0.0,100.0,20.0,67.7436047532,6.1278748817,7.75555344766,38.1613615211,37.6253878969,26.3061299136
935,70.0,10.0,100.0,20.0,44.7193629201,-6.58280079483,-8.26635744639,12.8123462102,14.3419317326,14.8639560589
936,70.0,20.0,100.0,20.0,53.4581989482,-12.557918517,-7.03305860169,18.2044632022,21.4682471256,21.0212905506
937,70.0,40.0,100.0,20.0,49.4892187582,9.44509969821,1.81428396477,19.1525488439,17.994320901,14.1429383041
938,70.0,70.0,100.0,20.0,63.206621425,0.565390263299,5.70349221776,30.8515210423,31.8354137535,23.1119328814
939,70.0,100.0,100.0,20.0,54.6938359492,22.8050857567,10.5943838119,27.102744333,22.6344880261,14.2169187528
940,100.0,0.0,100.0,20.0,52.1230667756,-23.3645035109,-4.95727491748,15.2296829792,20.2538973668,18.9181488938
941,100.0,10.0,100.0,20.0,42.4034434631,10.0463856143,-10.4875698624,13.8400067946,12.7626657054,14.1754249234
942,100.0,20.0,100.0,20.0,62.9496960902,-9.82027285911,9.83033666606,27.8443003397,31.5266205753,20.7741923438
943,100.0,40.0,100.0,20.0,46.9536320975,30.3738421806,-0.217933623861,21.1903015622,15.9841080784,13.2681627469
944,100.0,70.0,100.0,20.0,71.0004027687,-1.10569689219,20.763491522,40.3229966876,42.1880859271,22.2628967714
945,100.0,100.0,100.0,20.0,40.3505076786,4.7894207843,-15.3236014797,11.7211602674,11.4635606119,14.6771212594
946,0.0,0.0,0.0,40.0,54.7221535227,-19.8875914792,11.073216502,17.8485477468,22.6616987673,14.0527602784
947,0.0,20.0,0.0,40.0,43.5304900753,22.0237226126,-5.75749748002,16.6855362411,13.5158824443,13.1359679012
948,0.0,40.0,0.0,40.0,64.5720711221,-7.25631350889,26.9388062653,30.3304674782,33.5104002094,14.4818362127
949,0.0,70.0,0.0,40.0,48.3878235109,37.6372045403,2.2360669278,24.1511965313,17.1016205943,13.2750237592
950,0.0,100.0,0.0,40.0,60.1499225413,-17.849232715,-5.70107736223,23.0671952694,28.2900965772,26.5169830965
951,20.0,0.0,0.0,40.0,36.4878549431,9.60053804756,2.80514781526,10.1195160429,9.26408446114,6.95482771171
952,20.0,20.0,0.0,40.0,71.7568016625,-3.28141545545,10.4621485828,40.6749301951,43.2980554908,28.8152161102
953,20.0,40.0,0.0,40.0,45.5769125404,4.23154228614,-0.765052923793,15.1250892911,14.9582146562,12.6108349115
954,20.0,70.0,0.0,40.0,61.2068671695,-15.9442473146,-16.9516696812,24.5378529063,29.4845038117,34.8557361182
955,20.0,100.0,0.0,40.0,35.8904957156,8.25140864738,3.68354014953,9.62276459049,8.95136963366,6.51058717737
956,40.0,0.0,0.0,40.0,72.9514204907,-1.56382868807,-1.41539267423,42.9506704094,45.0904631134,38.2439549959
957,40.0,20.0,0.0,40.0,45.0657838625,1.22563674029,4.23238326236,14.2653603797,14.5888090864,10.6432060618
958,40.0,40.0,0.0,40.0,48.1979147096,35.9911293951,0.346057788052,23.5890261512,16.9507452379,13.8553654679
959,40.0,70.0,0.0,40.0,63.7049691291,-7.26274004765,36.9187320076,29.3396084836,32.4401031184,10.4704234935
960,40.0,100.0,0.0,40.0,45.9153295672,19.9528910815,-8.26799496057,18.2041664758,15.2061965314,15.6936093145
961,70.0,0.0,0.0,40.0,54.0550990653,-20.687190641,19.1802076692,17.1668664184,22.026489527,10.8182535988
962,70.0,20.0,0.0,40.0,42.10555135,2.56460928951,-16.8590288587,12.4957565906,12.5683686773,16.536106061
963,70.0,40.0,0.0,40.0,68.9960916803,-2.02310085685,33.4884899488,37.309419476,39.3389624335,14.9040940539
964,70.0,70.0,0.0,40.0,48.5013560619,27.3216367863,-2.50364810564,21.9619786117,17.1922440717,15.1651961037
965,70.0,100.0,0.0,40.0,60.9669996784,-12.0190230346,20.8081389779,25.2157511148,29.2105479679,14.448893296
966,100.0,0.0,0.0,40.0,43.4860107734,7.94298492299,-12.4451499271,14.2504735957,13.4856091534,15.6889737896
967,100.0,20.0,0.0,40.0,51.9337728145,-24.4459445216,6.49805140369,14.9111801546,20.0855272192,13.9645732421
968,100.0,40.0,0.0,40.0,50.4343262725,33.3284457876,3.36711276583,25.2034536858,18.7846729214,14.1722379026
969,100.0,70.0,0.0,40.0,65.3439445307,-5.97080203938,15.6681125194,31.5815707449,34.4827360222,19.9418162567
970,100.0,100.0,0.0,40.0,45.6500288086,18.8569329327,-4.91304925041,17.781085485,15.0115619878,14.1842394092
971,0.0,0.0,20.0,40.0,55.8770578548,-18.2981682022,0.540653555588,19.1113200777,23.7901350692,19.3735574102
972,0.0,20.0,20.0,40.0,41.3041922277,1.74703692377,-13.5935615618,11.8734873743,12.0554997206,14.6435766591
973,0.0,40.0,20.0,40.0,67.3644755889,5.12968965329,10.3882931531,37.3462851566,37.1166780609,24.4531703104
974,0.0,70.0,20.0,40.0,53.6285361597,17.2994598586,7.16234173387,24.6725005876,21.6265790431,14.837105513
975,0.0,100.0,20.0,40.0,60.273768539,-4.38386866089,1.31255599265,26.3312789731,28.4283494982,22.7610004687
976,20.0,0.0,20.0,40.0,46.8076605828,0.916693855233,-4.66204516776,15.4624512842,15.8731779308,14.8624563296
977,20.0,20.0,20.0,40.0,50.876581918,-17.3237382253,-12.436664618,15.3428853066,19.1623265385,21.4986476912
978,20.0,40.0,20.0,40.0,53.9434929486,22.6769225621,18.6526212603,26.2765541241,21.9213846857,10.9256654946
979,20.0,70.0,20.0,40.0,63.5027143896,1.47389019804,2.46588196755,31.4466096092,32.1937748332,25.1552911685
980,20.0,100.0,20.0,40.0,48.2620761494,10.3717377259,8.4971321225,18.3060553921,17.0016193926,11.0418083268
981,40.0,0.0,20.0,40.0,53.276122506,-10.595499242,-10.2420672919,18.4296046425,21.2998599035,22.4944188467
982,40.0,20.0,20.0,40.0,43.1435976945,-5.81786834136,-1.87233169937,11.9256258991,13.2540696803,11.5495190326
983,40.0,40.0,20.0,40.0,37.2069921072,16.0149607276,6.87227827949,11.3942908802,9.65010761943,6.30359368812
984,40.0,70.0,20.0,40.0,65.4177985732,-16.6861560028,0.0859294331268,28.8087695507,34.5767443358,28.4770709595
985,40.0,100.0,20.0,40.0,49.4909049278,6.3081633426,4.75153824699,18.5427266686,17.9957108515,13.051637818
986,70.0,0.0,20.0,40.0,44.1052244031,0.79577576095,10.4487811581,13.538443612,13.9111393527,8.34449291186
987,70.0,20.0,20.0,40.0,37.3535182552,15.5071427805,8.01243995737,11.4115418366,9.73005335189,6.10788065554
988,70.0,40.0,20.0,40.0,66.4913068552,-14.6097354765,-11.6779294092,30.577089521,35.9625587196,37.5985813249
989,70.0,70.0,20.0,40.0,48.5610292715,3.63478578087,11.2566838828,17.2844334622,17.2400042676,10.3309695898
990,70.0,100.0,20.0,40.0,43.0856212722,1.69057950093,5.86845585042,12.9987539402,13.2151303585,9.12593928327
991,100.0,0.0,20.0,40.0,52.0042564823,38.874664819,17.7223466954,28.2293296579,20.1481104198,10.1679530926
992,100.0,20.0,20.0,40.0,46.6669434507,-4.23783720168,-14.9035743215,14.4993615148,15.7667278193,19.1692413059
993,100.0,40.0,20.0,40.0,65.9992582244,13.6610336667,30.322160075,38.1658600005,35.3228554009,14.1267934234
994,100.0,70.0,20.0,40.0,55.1851407656,-19.8862984661,-14.2669192716,18.2264320943,23.1096877157,26.5203938217
995,100.0,100.0,20.0,40.0,76.1146082015,-2.66285922849,39.7794336776,47.3210444846,50.0739164063,17.3974364906
996,0.0,0.0,40.0,40.0,44.4808758445,1.94707574389,-19.0681201739,13.9760783408,14.1736024568,19.3548081544
997,0.0,20.0,40.0,40.0,59.5495638176,-25.3061792129,18.0826725627,20.8993700536,27.6262486411,14.5582621285
998,0.0,40.0,40.0,40.0,49.8194154673,22.6524629324,-9.23911179585,22.181093371,18.2678777042,19.0622526096
999,0.0,70.0,40.0,40.0,71.8037956844,-9.15590693433,40.3950305902,38.8569695587,43.3676514493,14.1019850519
1000,0.0,100.0,40.0,40.0,55.2313636132,40.0153706289,1.11128702251,32.2452318861,23.1547345889,18.5911322432
1001,20.0,0.0,40.0,40.0,41.119586062,17.8075087947,12.2037196769,14.1962707313,11.9393638332,6.62405823738
1002,20.0,20.0,40.0,40.0,37.8539010781,-1.28122226563,-8.86849820184,9.49022799356,10.0063925711,10.8552227706
1003,20.0,40.0,40.0,40.0,46.6288902291,6.65086846551,19.4721887887,16.3256611353,15.7380231863,7.15115624852
1004,20.0,70.0,40.0,40.0,41.3236391447,-8.64940276867,-7.90888663298,10.4571077688,12.0677774544,12.5439452754
1005,20.0,100.0,40.0,40.0,52.0047584178,-1.16240772961,25.6617011339,19.1989374067,20.1485565593,7.92379215705
1006,40.0,0.0,40.0,40.0,47.1740036485,-14.0740498808,-7.27275298249,13.2833812355,16.1525552705,16.1794573444
1007,40.0,20.0,40.0,40.0,50.9781866917,-6.70018049685,-8.0278198254,17.2998544647,19.2497985648,19.4311502405
1008,40.0,40.0,40.0,40.0,56.3901806799,0.586589882318,6.0822321581,23.5679751045,24.3032869188,17.2616828797
1009,40.0,70.0,40.0,40.0,60.1121937062,7.77363443495,4.68171774118,29.2220578221,28.2480680255,20.9009666923
1010,40.0,100.0,40.0,40.0,62.340227331,11.835930184,14.9963147511,32.9364285054,30.8021133511,17.8548238837
1011,70.0,0.0,40.0,40.0,44.831837201,1.57684010182,-18.5982034069,14.1592675644,14.4217788325,19.4185176505
1012,70.0,20.0,40.0,40.0,70.4618975107,-10.875099424,36.4483709637,36.5363934937,41.4095317455,14.7336489344
1013,70.0,40.0,40.0,40.0,50.0103179845,21.585915454,-7.96280924228,22.1282035576,18.4272915365,18.6242826175
1014,70.0,70.0,40.0,40.0,57.1990821836,-28.9643867723,13.3593882087,18.1508278018,25.1271330405,14.8209716141
1015,70.0,100.0,40.0,40.0,56.1866005327,38.1410360953,2.36756630115,32.8745124565,24.0988213852,18.7707491064
1016,100.0,0.0,40.0,40.0,52.5101923617,-11.5964170256,-10.9731850317,17.6159631921,20.6011561102,22.1890790981
1017,100.0,20.0,40.0,40.0,40.2337760951,1.0998306172,6.46320047773,11.1359290223,11.392466871,7.64264383534
1018,100.0,40.0,40.0,40.0,62.2468907191,5.90290157911,3.44525355339,31.1776422714,30.6921491202,23.4331897923
1019,100.0,70.0,40.0,40.0,54.2467304341,-21.7693868918,4.71787012116,17.1199997855,22.2077407042,16.2647137688
1020,100.0,100.0,40.0,40.0,53.213553037,-9.8639265007,-20.4378885478,18.5184131141,21.2421985821,28.1628005196
1021,0.0,0.0,70.0,40.0,38.6676845724,0.0148776238629,7.18571219908,10.0950982598,10.4668999299,6.80782590279
1022,0.0,20.0,70.0,40.0,63.0555306228,7.43397362733,-6.51275514568,32.5650107439,31.6535778711,30.0430548777
1023,0.0,40.0,70.0,40.0,52.5361260078,-23.9773505302,11.638293262,15.4279164434,20.6245598697,12.468192795
1024,0.0,70.0,70.0,40.0,75.4733219797,-6.23786365974,8.64067193884,45.0756611945,49.0353620728,34.1669993191
1025,0.0,100.0,70.0,40.0,57.2952212623,-17.5499787266,11.4576996217,20.4927050121,25.2262684462,15.6505903244
1026,20.0,0.0,70.0,40.0,64.7840083165,9.02473525743,3.72148744851,35.1681934374,33.7755341902,25.693665054
1027,20.0,20.0,70.0,40.0,48.5334370385,-1.16648390758,2.47059977807,16.3951518621,17.2179095017,13.2810747164
1028,20.0,40.0,70.0,40.0,51.9815842951,31.73925243,-1.49287608325,26.4241566099,20.1279653814,17.2503799765
1029,20.0,70.0,70.0,40.0,59.1341274614,25.2826195727,27.4518001302,32.8311734713,27.173011598,10.9740281066
1030,20.0,100.0,70.0,40.0,70.1982561299,0.97671034086,1.96827517745,39.8797290851,41.0318852518,32.5281948917
1031,40.0,0.0,70.0,40.0,52.2068808517,8.66944857533,15.520358464,21.3887398259,20.3287465126,10.970130742
1032,40.0,20.0,70.0,40.0,58.3863306403,-14.0869925353,-13.1590457513,22.2217150537,26.3697152931,29.165655062
1033,40.0,40.0,70.0,40.0,45.7072297368,-10.5368542721,3.02877073453,12.8581978541,15.0533854346,11.3897554356
1034,40.0,70.0,70.0,40.0,50.7100498727,-1.43870419022,3.25593824506,18.06653192,19.0195320858,14.3977423021
1035,40.0,100.0,70.0,40.0,42.0409916849,-9.7378337293,9.04450075169,10.7229469551,12.5265219802,7.77889478702
1036,70.0,0.0,70.0,40.0,46.2693871813,5.8038276983,1.43714149822,15.9049669572,15.4685571904,12.2574619117
1037,70.0,20.0,70.0,40.0,39.2204653827,-1.97195024796,4.79994752981,10.1460570969,10.7876344027,7.62142229121
1038,70.0,40.0,70.0,40.0,40.0595972252,17.5376819306,-0.192637038654,13.4299341152,11.2869331214,9.36869469973
1039,70.0,70.0,70.0,40.0,55.3082828663,23.7436474442,5.73887856156,28.003030952,23.2298266028,16.6063203368
1040,70.0,100.0,70.0,40.0,63.2658730887,-0.29489574345,13.6477163823,30.6880976026,31.9069120434,19.2008556368
1041,100.0,0.0,70.0,40.0,50.2664449616,12.1352636508,-2.75691569749,20.367028907,18.6426243819,16.5227129486
1042,100.0,20.0,70.0,40.0,53.7638793168,-14.0636047224,-0.912731925275,18.168672227,21.7529368336,18.3601476061
1043,100.0,40.0,70.0,40.0,44.216590058,-3.98039881188,-13.655325242,12.8780334144,13.9886082617,16.7216035487
1044,100.0,70.0,70.0,40.0,65.5135316835,3.96674364042,30.3584561872,34.6060848862,34.6988564418,13.79597328
1045,100.0,100.0,70.0,40.0,51.7321200792,19.8617220396,-0.805965740224,23.3868902832,19.9071936558,16.767956795
1046,0.0,0.0,100.0,40.0,57.1230891,-6.61079046462,17.6697492101,22.6663796915,25.0489555588,13.1389743115
1047,0.0,20.0,100.0,40.0,45.0595235364,3.967123472,-11.1540124354,14.7091909272,14.5843227112,16.2780777308
1048,0.0,40.0,100.0,40.0,48.9541566069,-20.005181973,4.33985970421,13.5540180512,17.556861233,12.8665442411
1049,0.0,70.0,100.0,40.0,69.2895878017,1.86707150148,30.6458353967,38.915669992,39.7478899597,16.2680658281
1050,0.0,100.0,100.0,40.0,56.5909364517,-2.65079190568,-3.77539658455,23.0355464256,24.5060451514,22.1056371065
1051,20.0,0.0,100.0,40.0,58.3315865937,-12.1019969747,13.846528755,22.6042570912,26.3115383629,15.4059121235
1052,20.0,20.0,100.0,40.0,38.4821616853,12.2302934191,6.25931437832,11.6344396776,10.3606982309,6.95109127203
1053,20.0,40.0,100.0,40.0,68.69137798,1.95874547989,43.0417053,38.1352017984,38.9173831214,11.2629269337
1054,20.0,70.0,100.0,40.0,57.5521787602,-1.22714299221,-13.3544954285,24.2979729026,25.4925135052,28.4034568563
1055,20.0,100.0,100.0,40.0,57.7661121111,-14.4044022542,22.8227807405,21.5776278301,25.7156031635,11.722584474
1056,40.0,0.0,100.0,40.0,37.9462430231,11.5960470932,3.69539119846,11.2234420948,10.0579540188,7.34848253195
1057,40.0,20.0,100.0,40.0,47.19824003,22.932605903,7.17637477573,19.8729244462,16.1711529377,10.8763844112
1058,40.0,40.0,100.0,40.0,54.2415548045,14.630898639,-4.45971302036,24.6663824956,22.2028324086,20.4189573618
1059,40.0,70.0,100.0,40.0,58.5389341128,-0.442264101124,16.7601506506,25.4795110302,26.5323407859,14.3953709583
1060,40.0,100.0,100.0,40.0,65.4194524203,-5.30426076971,-0.731854279172,31.8550604657,34.5788514602,28.979736636
1061,70.0,0.0,100.0,40.0,67.1296414099,-14.9931763333,24.1967394909,31.2186142915,36.8038925152,17.437529148
1062,70.0,20.0,100.0,40.0,52.5205452697,-12.7466900437,-18.6413641182,17.4108080756,20.6104969439,26.3930184845
1063,70.0,40.0,100.0,40.0,52.304422706,-13.0998339221,11.2119267724,17.1744363951,20.4160869986,12.4776327605
1064,70.0,70.0,100.0,40.0,59.8769045082,1.6849336823,-5.83938000747,27.4069094412,27.9869033057,26.3244195451
1065,70.0,100.0,100.0,40.0,62.0537013987,4.67235355777,29.5052350331,30.6186696491,30.465375842,11.9634547371
1066,100.0,0.0,100.0,40.0,68.9240340668,14.8647980548,5.85736291325,42.6373436966,39.2389953923,28.6441308211
1067,100.0,20.0,100.0,40.0,38.6602213132,8.63447752172,6.82000977406,11.2394382182,10.4626136762,6.89092506033
1068,100.0,40.0,100.0,40.0,41.0645479235,7.035303543,-2.42680747774,12.4933284895,11.9048842037,10.567713569
1069,100.0,70.0,100.0,40.0,43.3669065314,-1.16046629752,12.5036349923,12.7510958922,13.4047676534,7.48200896326
1070,100.0,100.0,100.0,40.0,45.4535878779,-1.34585064945,-0.302055530974,14.1202158037,14.8685207459,12.3733060564
1071,0.0,0.0,0.0,60.0,46.6920369231,-7.37269818847,16.7055620614,14.0098045302,15.7856756269,7.87103328876
1072,0.0,20.0,0.0,60.0,52.5663494622,-18.4130059131,-1.24167705103,16.4194411711,20.6518573144,17.5825284646
1073,0.0,40.0,0.0,60.0,63.7203901689,5.88058395218,-1.57681913438,32.9346281137,32.4589359561,27.7143647518
1074,0.0,70.0,0.0,60.0,60.1148657252,-13.7606896632,21.1910560289,23.9562511552,28.251043187,13.7432100879
1075,0.0,100.0,0.0,60.0,53.0234404877,-11.3028533095,-17.9657305001,18.0868782159,21.0676377053,26.5039865613
1076,20.0,0.0,0.0,60.0,70.3135577652,1.25142157467,39.0203437828,40.1280831281,41.1967624165,13.6514939729
1077,20.0,20.0,0.0,60.0,53.0455742512,-19.9690411662,-13.4614694911,16.5101838952,21.0879114987,23.9950333591
1078,20.0,40.0,0.0,60.0,40.2523387676,7.51445219023,-0.995350923162,12.0510100567,11.4037524965,9.70196736715
1079,20.0,70.0,0.0,60.0,62.2868316741,-9.15920096794,-1.04893270263,27.2928891152,30.7391733375,25.9589424181
1080,20.0,100.0,0.0,60.0,45.3579130918,27.0041955035,9.17311159465,19.1036945371,14.7991840788,9.30189626909
1081,40.0,0.0,0.0,60.0,71.7098374129,0.181528148767,9.10474359051,41.7452060253,43.2285780507,29.6057792693
1082,40.0,20.0,0.0,60.0,59.1621031389,-24.0089658003,-8.52350201568,20.8216258064,27.2033759552,27.1722661294
1083,40.0,40.0,0.0,60.0,53.3086508528,16.5647475997,12.1946117708,24.182936103,21.3298778049,12.7425213391
1084,40.0,70.0,0.0,60.0,71.6521702271,-9.90504205552,9.20960482473,38.4158942836,43.143368733,29.4782932808
1085,40.0,100.0,0.0,60.0,45.3385721987,-4.42352028361,-1.94281422622,13.5535873218,14.7851937453,12.8840888419
1086,70.0,0.0,0.0,60.0,60.005901924,-21.1666961504,-19.0243232051,22.2002371359,28.1298867113,34.8571463217
1087,70.0,20.0,0.0,60.0,53.693079452,14.7876425389,19.8978335716,24.1553164501,21.686776126,10.3952882674
1088,70.0,40.0,0.0,60.0,72.5606829424,-7.98930426056,-3.02562595822,40.2718149024,44.498861861,38.9423878009
1089,70.0,70.0,0.0,60.0,45.2164765794,-8.69322754608,3.16791397095,12.8172135571,14.697078727,11.0671444272
1090,70.0,100.0,0.0,60.0,63.7066400492,-19.6710398923,-7.29176457859,26.2120583938,32.4421433659,31.2591907021
1091,100.0,0.0,0.0,60.0,67.6254801213,-1.39675604303,29.3881543178,35.7103136624,37.4663947817,15.6017485983
1092,100.0,20.0,0.0,60.0,55.1334467609,-7.32185114916,-9.93319935276,20.6808027544,23.0593781298,24.0339029477
1093,100.0,40.0,0.0,60.0,55.7496759145,18.703909276,16.9809459618,27.2145769584,23.6638750538,12.537827674
1094,100.0,70.0,0.0,60.0,44.9928452292,9.89941484453,-12.9868058667,15.6614309802,14.53659569,17.0092763489
1095,100.0,100.0,0.0,60.0,71.1949154993,4.42587390446,42.2200435854,42.4192306924,42.4716873881,13.0343429548
1096,0.0,0.0,20.0,60.0,57.550119884,21.2186455548,-2.64987134143,29.8534451515,25.4903728021,22.3784543154
1097,0.0,20.0,20.0,60.0,62.4919135007,-9.26900553457,26.9304681432,27.4864334388,30.9813816748,13.1374744289
1098,0.0,40.0,20.0,60.0,50.572550883,1.21285038834,-15.4331709919,18.4593804643,18.9021683638,22.7712237616
1099,0.0,70.0,20.0,60.0,52.7036344889,-25.2884088015,10.1870167165,15.3276949813,20.7761546384,13.0892166302
1100,0.0,100.0,20.0,60.0,44.2573675402,-8.66011972699,-4.84550314021,12.2091160447,14.0170459358,13.2604190177
1101,20.0,0.0,20.0,60.0,47.2267415095,-1.09929520042,19.0294835857,15.4266849096,16.1930416648,7.51429033324
1102,20.0,20.0,20.0,60.0,41.3984175704,-2.90714877022,-5.68233132172,11.2755012245,12.1150661706,11.8188702972
1103,20.0,40.0,20.0,60.0,42.0728743695,8.44213125572,12.1421138701,13.3651158179,12.5471762745,7.0246257836
1104,20.0,70.0,20.0,60.0,37.2036389685,6.20637051063,-6.77059061748,10.0798061914,9.64828326656,9.85691419812
1105,20.0,100.0,20.0,60.0,69.1466560231,15.2219005596,2.96920729077,43.0810156188,39.5483912441,30.691359471
1106,40.0,0.0,20.0,60.0,61.4990035339,2.87219110006,-7.63237523753,29.5038786828,29.820463385,29.0667727571
1107,40.0,20.0,20.0,60.0,78.5984012328,-1.50183729086,23.8154390925,51.7225564942,54.2347224835,27.8698372062
1108,40.0,40.0,20.0,60.0,61.6448945723,3.29623325716,-8.49897321697,29.7813452035,29.9891907163,29.762521978
1109,40.0,70.0,20.0,60.0,61.8177709854,0.960450001984,6.482156198,29.3628342783,30.1899499075,21.4710408448
1110,40.0,100.0,20.0,60.0,67.3432065805,-12.7710454927,10.4167527689,32.083778513,37.0882762673,24.4173560947
1111,70.0,0.0,20.0,60.0,69.6421189908,-10.1150184705,-6.26909727116,35.7026003906,40.2428050725,37.6158821953
1112,70.0,20.0,20.0,60.0,54.5097195974,-5.73137690663,-2.58024758726,20.4540202296,22.4580991603,19.7353967974
1113,70.0,40.0,20.0,60.0,77.3231032107,-1.44643798285,24.4839613302,49.6718553043,52.0707157386,26.1838492093
1114,70.0,70.0,20.0,60.0,76.6690902711,-2.42196642772,23.9151206672,48.2744026523,50.9836273446,25.8634181653
1115,70.0,100.0,20.0,60.0,54.7088770183,34.301748325,-2.8168726584,30.0754457941,22.6489384799,20.0132914218
1116,100.0,0.0,20.0,60.0,61.0636744172,-17.298911376,27.4190023306,24.0825651847,29.3207563919,12.0934826058
1117,100.0,20.0,20.0,60.0,34.7354291736,6.03349915853,-4.31163023479,8.7544609135,8.36681271358,7.97545679943
1118,100.0,40.0,20.0,60.0,70.5275771153,-2.5711498775,45.2511037704,39.2000766162,41.5039720125,11.5796820993
1119,100.0,70.0,20.0,60.0,54.1144904463,31.7360324621,4.50121873381,28.7315359563,22.082557951,16.2599568598
1120,100.0,100.0,20.0,60.0,61.7308598151,-16.4868802692,15.7212828705,24.9386904922,30.0889094453,17.0743851016
1121,0.0,0.0,40.0,60.0,34.578685191,3.72337608335,-2.18729984691,8.41012913727,8.28950578406,7.36739503352
1122,0.0,20.0,40.0,60.0,71.6924698614,-2.09479372073,33.4026889769,40.9715589277,43.2029038757,16.856128488
1123,0.0,40.0,40.0,60.0,41.758139528,-0.298197434147,-3.82757251186,11.8608094696,12.3442758747,11.4054871609
1124,0.0,70.0,40.0,60.0,60.6375725341,29.4857409987,5.46565721626,35.9382136108,28.8370780472,20.9614187227
1125,0.0,100.0,40.0,60.0,50.7006623062,-17.2374848627,2.86382440965,15.2290008557,19.0115038202,14.54351929
1126,20.0,0.0,40.0,60.0,73.7903135783,6.54798257066,11.632223061,47.0309085536,46.3782649324,30.2728929651
1127,20.0,20.0,40.0,60.0,55.7486335633,-29.7742910912,6.96496600065,16.8416766332,23.6628437303,16.4086685378
1128,20.0,40.0,40.0,60.0,58.7378171693,-24.1043852058,-17.2972858682,20.4234871577,26.7452868848,32.2007009689
1129,20.0,70.0,40.0,60.0,44.7258404289,3.55732884942,2.45748433418,14.4060384675,14.3465221909,11.0232611645
1130,20.0,100.0,40.0,60.0,69.5916097217,-11.709744737,-2.88732963617,35.1646317219,40.1716448955,35.1296761797
1131,40.0,0.0,40.0,60.0,50.9097789647,27.1420981322,15.3352570852,24.2375967939,19.1908768227,10.321987754
1132,40.0,20.0,40.0,60.0,79.5767368611,-0.390654410881,10.1673304897,53.7844568504,55.9348694975,38.1256509025
1133,40.0,40.0,40.0,60.0,36.9715269472,-1.88218281873,0.947001041049,8.95733883411,9.52255540822,7.61521939452
1134,40.0,70.0,40.0,60.0,44.0110596476,15.1305308637,2.80127590483,15.8341685178,13.8458594431,10.5212742982
1135,40.0,100.0,40.0,60.0,39.6349288143,-8.82722520861,4.16298381457,9.50637386777,11.0323655234,7.96836833521
1136,70.0,0.0,40.0,60.0,50.9809060182,4.89041173949,5.03068198434,19.5242223744,19.252143296,13.8982175556
1137,70.0,20.0,40.0,60.0,42.0192488333,-14.4303708685,7.09141904658,10.0952459506,12.5124494971,8.28040959655
1138,70.0,40.0,40.0,60.0,68.4274754331,14.9295862501,2.34651768835,41.9441633736,38.5547100746,30.2979121462
1139,70.0,70.0,40.0,60.0,61.1284867285,3.17636664597,-7.94753849384,29.1655299468,29.3947969053,28.8674222186
1140,70.0,100.0,40.0,60.0,77.6272574577,-1.36754008085,23.5056466247,50.1903997612,52.5814960853,27.0587042974
1141,100.0,0.0,40.0,60.0,60.0488609511,1.03957985107,5.00532060806,27.4308862383,28.1776112568,20.6872507793
1142,100.0,20.0,40.0,60.0,61.8389171515,0.865941240231,6.33757484422,29.3619540109,30.2145680063,21.5624985809
1143,100.0,40.0,40.0,60.0,66.8559844155,-12.1981625387,10.0927681787,31.6613738232,36.4416201534,24.1348211425
1144,100.0,70.0,40.0,60.0,67.7492699763,-9.56161825573,-5.72479534053,33.4814418546,37.6330244433,34.8927707539
1145,100.0,100.0,40.0,60.0,54.3747006712,-5.85634440515,-1.48524263705,20.3088882576,22.3293311405,19.1089227112
1146,0.0,0.0,70.0,60.0,45.608072461,-1.88574014496,1.42845449668,14.1404771013,14.9809341785,11.8688293905
1147,0.0,20.0,70.0,60.0,78.4040533919,0.148430224465,6.78654265466,52.0335365095,53.9011409061,39.1397434291
1148,0.0,40.0,70.0,60.0,35.399893335,-2.02974487308,0.963828779199,8.16077693394,8.69986844656,6.946627812
1149,0.0,70.0,70.0,60.0,54.3178012696,5.93459201162,-13.2428465905,22.766489731,22.2752137404,25.0839737854
1150,0.0,100.0,70.0,60.0,56.5619839314,8.83056436552,24.4256342456,25.6589663172,24.4767345162,10.5260304004
1151,20.0,0.0,70.0,60.0,62.4147504045,20.5096221707,-2.28017719486,35.5453734269,30.8901008085,26.7990163981
1152,20.0,20.0,70.0,60.0,34.9411554851,-1.71612882464,-0.558959998368,7.97663372924,8.46900535562,7.12208053476
1153,20.0,40.0,70.0,60.0,54.1986310797,2.13774698853,-5.158794542,21.827035877,22.1621536677,20.7254186731
1154,20.0,70.0,70.0,60.0,57.0392650303,9.72037730192,15.1461845586,26.37085154,24.9629102606,14.0231390675
1155,20.0,100.0,70.0,60.0,61.7239115223,18.6087833433,7.50389083503,34.1139067726,30.0808413036,20.8794947391
1156,40.0,0.0,70.0,60.0,78.6433851954,-1.17074156576,19.5125412002,51.923337152,54.3121292794,30.5828803281
1157,40.0,20.0,70.0,60.0,50.9074648386,30.5986803554,7.67650716744,25.0405209934,19.1888856979,12.8777079546
1158,40.0,40.0,70.0,60.0,68.9358327851,-12.114706727,6.36044304275,34.218888831,39.2553523936,28.3500251568
1159,40.0,70.0,70.0,60.0,45.2005632036,6.42234452266,-4.7390305361,15.2209735883,14.6856200794,13.824212729
1160,40.0,100.0,70.0,60.0,57.1134653566,-26.9564185858,-11.03217816,18.4640560992,25.0390667672,26.5726693456
1161,70.0,0.0,70.0,60.0,42.4378524646,-13.6944635601,-1.88052230022,10.4252449543,12.7852367735,11.1509295616
1162,70.0,20.0,70.0,60.0,51.2009045929,3.7173753549,12.5819998441,19.4794163367,19.4424678618,11.3628757351
1163,70.0,40.0,70.0,60.0,40.5652518932,-8.48156109501,-3.62423520569,10.0543785378,11.5951189602,10.6739098623
1164,70.0,70.0,70.0,60.0,44.9500158775,13.9290754232,8.18514369427,16.3330422839,14.5059942703,9.38436772614
1165,70.0,100.0,70.0,60.0,37.5676742944,-0.647363345213,-5.10038426276,9.41643659378,9.847690853,9.54723107943
1166,100.0,0.0,70.0,60.0,77.5226494161,-2.19861157265,32.546718386,49.7119966308,52.4054478634,21.986032065
1167,100.0,20.0,70.0,60.0,51.5094455997,30.5888807595,0.990214162822,25.6542115138,19.7114992036,15.8524797795
1168,100.0,40.0,70.0,60.0,67.5938798296,-14.7516408337,17.3537241861,31.8343704651,37.4239375663,21.013870704
1169,100.0,70.0,70.0,60.0,45.8638549105,8.20906019138,-11.1907052867,16.0196097355,15.1683020461,16.8824583886
1170,100.0,100.0,70.0,60.0,56.0327847464,-28.3651854439,-0.28289539485,17.3223275179,23.9450995183,19.8925310309
1171,0.0,0.0,100.0,60.0,67.0432064737,20.3801085298,1.14553611275,41.7729556457,36.6892101143,29.5516242009
1172,0.0,20.0,100.0,60.0,69.4554545931,15.945083304,1.88634469616,43.7793373952,39.9802401761,31.7370083306
1173,0.0,40.0,100.0,60.0,78.1513718958,-1.84310905778,29.8257065487,50.8610719213,53.4694836348,23.9943173309
1174,0.0,70.0,100.0,60.0,78.614439708,-1.63413165664,24.8732150339,51.6984350531,54.2623124763,27.2560414302
1175,0.0,100.0,100.0,60.0,57.697315159,1.083529168,6.10428295478,24.9820328831,25.6437203326,18.2534488711
1176,20.0,0.0,100.0,60.0,61.7913025596,0.810413057334,5.94920162143,29.293722021,30.1591545503,21.717815055
1177,20.0,20.0,100.0,60.0,67.3278690738,-13.7631800688,-10.6644183132,31.7906865936,37.0678041604,37.9137508855
1178,20.0,40.0,100.0,60.0,69.5022049223,-10.9419442214,-7.57209300479,35.2776931688,40.0458923494,38.3996646992
1179,20.0,70.0,100.0,60.0,78.234267502,1.26157140876,6.41411152185,52.1798968188,53.6108396919,39.1997689441
1180,20.0,100.0,100.0,60.0,68.3762623285,-12.6730745718,10.0991369517,33.3647056117,38.4845915884,25.5891221447
1181,40.0,0.0,100.0,60.0,70.0311003012,8.82306509517,0.0790968387642,42.2123320476,40.7936405153,33.6052031361
1182,40.0,20.0,100.0,60.0,52.4437433088,-1.06991920415,15.7462035609,19.5931303121,20.5412701304,11.0290874026
1183,40.0,40.0,100.0,60.0,60.1479158627,-4.82633719307,-13.427405176,26.09215393,28.2878601611,31.2591318899
1184,40.0,70.0,100.0,60.0,60.1224213563,15.9161063056,29.4119047093,31.4115321615,28.2594571407,10.8916316552
1185,40.0,100.0,100.0,60.0,68.6656855903,7.35691211978,11.0544787372,39.8072851232,38.8819753633,25.3312221648
1186,70.0,0.0,100.0,60.0,53.3625389125,-0.752111369893,7.15267212142,20.4611248902,21.3796689767,14.6607889289
1187,70.0,20.0,100.0,60.0,59.3361558623,-7.54755514593,-3.13525709807,24.6153669038,27.3927983244,24.278429954
1188,70.0,40.0,100.0,60.0,60.2866872649,16.821150834,21.1853315174,31.8554541464,28.4427969394,13.8566604736
1189,70.0,70.0,100.0,60.0,54.3207354368,-23.201046499,0.130761344471,16.9174474923,22.2780023059,18.3222719024
1190,70.0,100.0,100.0,60.0,50.0649703634,2.68725024261,-8.58080178791,18.3226121286,18.4730993461,18.9529824888
1191,100.0,0.0,100.0,60.0,63.6348503892,-6.85623273417,14.4080822665,29.3669081441,32.3545629564,19.1427589784
1192,100.0,20.0,100.0,60.0,56.8823245149,20.3946715615,3.27042399466,28.8838164131,24.8023412833,18.907912607
1193,100.0,40.0,100.0,60.0,71.9381430893,5.02052110258,27.4146587933,43.7030580831,43.5670249749,19.7612080124
1194,100.0,70.0,100.0,60.0,39.3146330116,3.87905118647,-2.81793407689,10.9744559011,10.8429171274,9.76324403954
1195,100.0,100.0,100.0,60.0,44.1357762336,10.1478201034,5.47092015003,15.0754156716,13.9323634733,9.77024438987
1196,0.0,0.0,0.0,80.0,44.5283525936,-4.87581172801,-0.149497284789,12.9459339312,14.2070069798,11.7727163964
1197,0.0,40.0,0.0,80.0,50.1665950332,0.280075129117,9.64530031378,17.948636007,18.5584794753,11.7478308403
1198,0.0,70.0,0.0,80.0,45.8845817979,-10.2229531565,1.96607796672,13.0217287235,15.1835531342,11.8481544205
1199,0.0,100.0,0.0,80.0,55.7559248979,-20.8621040827,-10.5439300586,18.5107727182,23.6700585539,24.9614070504
1200,40.0,0.0,0.0,80.0,49.5418539338,-1.62578194595,-1.82060362499,17.0951495014,18.0377431175,15.6140213745
1201,40.0,40.0,0.0,80.0,65.2965911655,-6.44329046682,3.61008106964,31.3959378941,34.4225499851,26.2636890954
1202,40.0,70.0,0.0,80.0,56.5313149304,18.881543874,11.4976886222,28.1070806022,24.4457116698,15.1026359346
1203,40.0,100.0,0.0,80.0,73.7039123097,5.64627933546,15.5091990166,46.5756256057,46.2445104291,27.7903560245
1204,70.0,0.0,0.0,80.0,76.6117863349,-2.13943221644,33.860532308,48.2873661296,50.8891053326,20.5407306858
1205,70.0,40.0,0.0,80.0,77.9572061794,-1.11414294164,18.8645954115,50.8203083712,53.1393595573,30.2424092289
1206,70.0,70.0,0.0,80.0,53.2917294987,1.28797512333,6.28827984624,20.8202944032,21.3142588757,14.9530785887
1207,70.0,100.0,0.0,80.0,66.3331859436,0.68236610105,6.04598545456,34.6787770174,35.7561537097,25.8911899487
1208,100.0,0.0,0.0,80.0,64.0158195695,-15.5448642635,-12.816651658,27.5598474124,32.8211357963,35.3514066555
1209,100.0,40.0,0.0,80.0,72.1903687413,-7.4247356071,-3.40693357607,39.9392525741,43.942980245,38.7497666458
1210,100.0,70.0,0.0,80.0,62.7617993643,26.3389560253,0.380907788882,37.7690683308,31.302060051,25.6107450101
1211,100.0,100.0,0.0,80.0,71.3261112716,12.8094343441,2.664906742,45.485105189,42.6636880548,33.3656996359
1212,0.0,0.0,40.0,80.0,78.1450292072,-2.08200959014,21.1730353943,50.7605799015,53.4586781382,29.0017742354
1213,0.0,40.0,40.0,80.0,77.3822777325,-0.742843854486,21.7871925202,50.0291251549,52.1698299058,27.8287277153
1214,0.0,70.0,40.0,80.0,42.3001409285,-9.35306761887,4.86724933272,10.9251321685,12.6950625797,9.02562212797
1215,0.0,100.0,40.0,80.0,45.673158406,16.6287268773,-1.98716141028,17.3850961098,15.0284642508,13.1083279992
1216,40.0,0.0,40.0,80.0,66.7397580548,-7.86678498288,32.4264499302,32.7278861729,36.288479555,13.8133308637
1217,40.0,40.0,40.0,80.0,51.7642366175,32.7910581116,7.52611995247,26.4522280291,19.9355252666,13.4705104788
1218,40.0,70.0,40.0,80.0,39.7945280143,-8.87624425781,2.23943542739,9.58547888347,11.1275833644,8.55501319524
1219,40.0,100.0,40.0,80.0,46.4943571839,15.6098407837,-5.64017525678,17.8547106594,15.6368204043,15.0360086723
1220,70.0,0.0,40.0,80.0,67.920602108,-7.70355547199,25.1269071681,34.2290853753,37.8644633298,17.6286071491
1221,70.0,40.0,40.0,80.0,51.6074865652,36.9872332624,5.41457617884,27.3215254477,19.7975023823,14.1627659508
1222,70.0,70.0,40.0,80.0,68.2476330548,15.192190745,13.1938586327,41.7741402277,38.3088536883,23.7541569286
1223,70.0,100.0,40.0,80.0,64.2345222599,7.74903667095,18.3666498062,34.1028674746,33.0909964825,17.8083320076
1224,100.0,0.0,40.0,80.0,60.9425594675,1.73976092666,1.58054373538,28.5859696127,29.1827301258,23.2283731543
1225,100.0,40.0,40.0,80.0,54.5877297529,-9.86296762636,1.89768790951,19.6829065498,22.5327228656,17.7356477652
1226,100.0,70.0,40.0,80.0,50.8897360695,-14.8295396716,-12.5568139673,15.7803417885,19.1736360457,21.5708420635
1227,100.0,100.0,40.0,80.0,48.4924922111,-5.78225819343,7.3030905432,15.5588365839,17.1851573116,11.5651445705
1228,0.0,0.0,70.0,80.0,46.9628844667,-3.15774530069,6.10117878134,14.8881822086,15.9911567236,11.0923889658
1229,0.0,40.0,70.0,80.0,44.4360166426,0.329710710598,4.96234497934,13.6890006445,14.1420877831,10.0797295459
1230,0.0,70.0,70.0,80.0,41.7767074334,5.75358279148,2.38122499841,12.7600696127,12.3561848995,9.48135997876
1231,0.0,100.0,70.0,80.0,38.6564866908,10.1883341387,1.38684546013,11.4530724638,10.4604692698,8.25549973218
1232,40.0,0.0,70.0,80.0,66.3259039585,13.5145108776,24.1895921485,38.5606447022,35.7466671553,16.8391324278
1233,40.0,40.0,70.0,80.0,63.9025464471,7.6807725517,7.52050572833,33.6709204352,32.6819448692,22.7864803477
1234,40.0,70.0,70.0,80.0,59.778154508,-0.226094411733,10.6657233035,26.8266320163,27.8777747853,17.8161413886
1235,40.0,100.0,70.0,80.0,54.8519666911,-9.22555996051,-7.48785279342,20.041357442,22.7867171597,22.4750449795
1236,70.0,0.0,70.0,80.0,51.1482665642,-17.4953478878,-4.01315596937,15.5133047884,19.3968161656,17.7270932976
1237,70.0,40.0,70.0,80.0,76.5573149544,-2.26238120774,39.6650066356,48.1569636699,50.7993639559,17.785112863
1238,70.0,70.0,70.0,80.0,79.1681341195,-0.835832110283,16.957949297,52.9240989802,55.2205459382,32.8457217478
1239,70.0,100.0,70.0,80.0,48.6862915316,1.59268655835,6.14044577368,17.0096044109,17.3405470208,12.0722466052
1240,100.0,0.0,70.0,80.0,69.0111024045,0.654926808923,5.86975947932,38.158368876,39.3598084722,28.7284082189
1241,100.0,40.0,70.0,80.0,62.3813716745,-18.653718579,-17.4162051678,25.088615558,30.8506707205,36.6193964275
1242,100.0,70.0,70.0,80.0,74.2431719961,-6.29790721298,-2.3629627337,43.2326511546,47.083537897,40.6458467332
1243,100.0,100.0,70.0,80.0,59.0611750737,32.61895711,-0.493452287753,34.8521973844,27.0939365362,22.6120253435
1244,0.0,0.0,100.0,80.0,73.2080625248,10.512692192,3.17309720861,47.5544444681,45.4818743349,35.2522828118
1245,0.0,40.0,100.0,80.0,78.3005405278,-0.247291372485,6.07847396786,51.7113522158,53.7240294675,39.5397739895
1246,0.0,70.0,100.0,80.0,69.0661081692,-10.5109814236,-5.47129359615,34.850662954,39.4362602812,36.3181354663
1247,0.0,100.0,100.0,80.0,56.1038627297,37.9577728904,-0.71559726186,32.7223072974,24.0160525996,20.1599211847
1248,40.0,0.0,100.0,80.0,39.4892165699,-8.61202684558,7.39296027029,9.45548730404,10.945908464,7.09541816799
1249,40.0,40.0,100.0,80.0,49.8055197547,21.3951379022,-10.6676378933,21.8962104523,18.2563100723,19.7242876158
1250,40.0,70.0,100.0,80.0,72.8650751694,1.38794313728,49.8805639767,43.8270317236,44.9592823258,11.3805276664
1251,40.0,100.0,100.0,80.0,55.121851695,37.1014093864,7.01857918731,31.3106000616,23.0481036265,15.9350082313
1252,70.0,0.0,100.0,80.0,39.2545520001,-7.7670694493,4.13823508911,9.43501420052,10.8076237849,7.80508942072
1253,70.0,40.0,100.0,80.0,49.9156490597,19.8023730965,-4.05501831612,21.6563216535,18.3481224949,16.8181483121
1254,70.0,70.0,100.0,80.0,74.2204887794,1.69066327459,36.939117161,45.9625157469,47.0480425467,17.2115837094
1255,70.0,100.0,100.0,80.0,46.9428236173,-6.13680688786,-4.53100818879,14.3835418644,15.9758765793,14.9027582074
1256,100.0,0.0,100.0,80.0,59.1853518713,-14.1999517234,-4.60335615683,22.9540411886,27.2286269644,24.9459221933
1257,100.0,40.0,100.0,80.0,53.551296268,12.1096326718,6.85936643322,23.4069641133,21.5546868694,14.9041596683
1258,100.0,70.0,100.0,80.0,70.0861142185,0.539540529303,10.5189197969,39.584817469,40.8719489421,27.04973295
1259,100.0,100.0,100.0,80.0,60.1772770309,26.6712882401,17.7068429438,34.5195091554,28.3205945401,15.133373953
1260,0.0,0.0,0.0,100.0,40.5294253287,15.5336840134,3.77775939439,13.4332180868,11.573101014,8.48113116943
1261,0.0,40.0,0.0,100.0,39.5967425874,0.0256606852885,-1.50511528369,10.6199824176,11.0096642099,9.51878903395
1262,0.0,100.0,0.0,100.0,46.0462061599,4.15770767506,8.07528461941,15.4554308193,15.3028290576,9.97746440638
1263,40.0,0.0,0.0,100.0,42.6839726485,-7.89382901483,1.25562196806,11.3523910618,12.9474591759,10.2901990746
1264,40.0,40.0,0.0,100.0,50.1825773466,-2.75874097134,11.020685712,17.394271435,18.5719309346,11.2988263209
1265,40.0,100.0,0.0,100.0,47.8317762671,-6.21059773193,-12.3004936975,15.0037690529,16.6623718339,18.892401743
1266,100.0,0.0,0.0,100.0,57.6692027631,-17.7482143291,4.5071980542,20.7853789391,25.6143855546,18.9635431743
1267,100.0,40.0,0.0,100.0,54.8516465324,12.2269639072,-2.4610209663,24.7190571861,22.7864082622,19.9605335305
1268,100.0,100.0,0.0,100.0,69.0506609375,-0.997376850287,21.0603829835,37.6981324017,39.4147803835,20.4252246878
1269,0.0,0.0,40.0,100.0,60.7552413069,28.2856594976,8.59947959905,35.7309996042,28.970110817,19.5397624265
1270,0.0,40.0,40.0,100.0,77.263967239,-2.5918570265,43.0611867533,49.1530521491,51.9717916313,16.8336138137
1271,0.0,100.0,40.0,100.0,80.1624519988,-0.598890429048,14.4632270085,54.6976886425,56.9695276084,35.7461647144
1272,40.0,0.0,40.0,100.0,45.5803924714,1.71474578385,5.92629384788,14.7079929428,14.9607508257,10.3903585314
1273,40.0,40.0,40.0,100.0,71.7088128857,0.713087052298,6.05498566103,41.9199863312,43.2270632262,31.5517662115
1274,40.0,100.0,40.0,100.0,61.8888791553,-19.8444468589,-18.8106099621,24.3153737989,30.2727862949,37.0134655993
1275,100.0,0.0,40.0,100.0,75.5062597941,-5.06258337413,-0.981455798121,45.5362629109,49.0883512701,41.263623147
1276,100.0,40.0,40.0,100.0,58.8711467164,34.4770054328,-0.560868695339,35.1580931363,26.888680246,22.4764162407
1277,100.0,100.0,40.0,100.0,74.3701737542,8.3267521387,3.49215474572,48.581319612,47.282603753,36.4482680958
1278,0.0,0.0,100.0,100.0,67.1839320918,14.3403867502,17.054659738,39.9989664599,36.8760477756,20.8117614615
1279,0.0,40.0,100.0,100.0,68.9028578494,17.3222979724,2.72924469806,43.4368688272,39.209649413,30.5760372192
1280,0.0,100.0,100.0,100.0,50.2692128654,-5.98315355528,11.5751675793,16.872960561,18.6449605482,11.1661433203
1281,40.0,0.0,100.0,100.0,67.9473939992,6.59640110108,-3.09928766511,38.5829682411,37.9007399219,33.3243099323
1282,40.0,40.0,100.0,100.0,37.3545428275,5.01475894523,5.81082473405,10.0104870191,9.73061391481,6.60138344207
1283,40.0,100.0,100.0,100.0,56.9785521968,-8.99920106532,-17.610941453,22.0092242907,24.9007118157,30.4364365787
1284,100.0,0.0,100.0,100.0,50.7713377786,-5.3608701898,3.79570482979,17.3823845468,19.0720011761,14.2306242097
1285,100.0,40.0,100.0,100.0,67.1971438269,4.83051106477,8.24483698063,37.0334691889,36.8936211438,25.4879426664
1286,100.0,100.0,100.0,100.0,36.5213833663,5.02191094429,3.98497253601,9.55940186646,9.28184906209,6.69126581224
1287,100.0,0.0,0.0,0.0,55.772218607,-12.1083882824,-7.46314162952,20.2621748733,23.6861865864,23.2971827513
1288,98.0,0.0,0.0,0.0,53.6805705374,41.9933817821,5.95629907772,30.9510716065,21.6751008199,15.3539097981
1289,95.0,0.0,0.0,0.0,73.8102204317,-7.28609564097,26.4762212137,42.2724524159,46.409118484,21.8172173906
1290,90.0,0.0,0.0,0.0,48.621664951,24.33798699,-3.39782844879,21.4343577354,17.2886253085,15.6102245472
1291,85.0,0.0,0.0,0.0,61.7115549465,-22.4832543074,7.34450495816,23.5379329382,30.066496795,20.94794107
1292,80.0,0.0,0.0,0.0,43.9331985952,1.97620646422,-14.0850257201,13.607161923,13.7920366102,16.6964624521
1293,75.0,0.0,0.0,0.0,53.169922198,0.141111157068,14.4414834667,20.4740903734,21.2020519295,11.8772045879
1294,70.0,0.0,0.0,0.0,41.9507239746,-11.0684984793,-1.77149310088,10.4944996744,12.4681675605,10.844495729
1295,60.0,0.0,0.0,0.0,48.3780593373,8.06057611213,11.2477959697,17.9620867283,17.0938415829,10.2362956337
1296,50.0,0.0,0.0,0.0,38.1364222057,-3.23052894672,-3.78124628407,9.40029161062,10.164702772,9.44808458945
1297,40.0,0.0,0.0,0.0,40.7708508129,19.5589499389,6.3763273415,14.2363580364,11.722014147,7.90215722745
1298,30.0,0.0,0.0,0.0,54.0602005754,38.0069612604,13.1807575773,30.318022896,22.0313018766,12.8531479301
1299,25.0,0.0,0.0,0.0,73.8516188289,-6.84283739378,13.2013734795,42.4803666432,46.4733255039,29.3540766006
1300,20.0,0.0,0.0,0.0,48.4251391073,21.0223179333,2.78459687704,20.5626703662,17.1313712699,13.0985413296
1301,15.0,0.0,0.0,0.0,61.9472245226,-20.9737568648,-4.5845059747,24.1132236832,30.340867911,27.6847750702
1302,10.0,0.0,0.0,0.0,43.346388093,0.605134180986,-7.3412655179,13.0046185747,13.3908735566,13.601754331
1303,7.0,0.0,0.0,0.0,45.1235803181,1.68750675509,5.97954639948,14.3807345956,14.630271573,10.1310857539
1304,5.0,0.0,0.0,0.0,73.3063211874,0.652076014881,6.1168193191,44.2270549276,45.6323286396,33.3401518063
1305,3.0,0.0,0.0,0.0,60.7311926792,-20.5890806515,-19.1093212911,23.0149799633,28.9428889699,35.796058558
1306,2.0,0.0,0.0,0.0,76.6080957208,-4.0730106782,0.666666978228,47.5795891784,50.8830217257,41.4601226562
1307,0.0,100.0,0.0,0.0,57.5778620007,35.7627027329,-0.267217395988,33.9068271245,25.519227561,21.1893713093
1308,0.0,98.0,0.0,0.0,75.9494920468,6.57265150622,3.93893168115,50.456087871,49.8051251342,38.106811963
1309,0.0,95.0,0.0,0.0,76.7133118969,-2.6953649456,44.6026093339,48.2442094105,51.0566502352,15.7876832946
1310,0.0,90.0,0.0,0.0,80.0540662378,-0.472962039034,12.5674827048,54.5625071509,56.7771116955,36.9708326677
1311,0.0,85.0,0.0,0.0,63.2935318975,0.897549365777,6.84648964114,31.043203804,31.9403242214,22.5896964349
1312,0.0,80.0,0.0,0.0,79.3738038707,0.792983433871,5.74576606747,53.9056581289,55.579334875,41.2176001239
1313,0.0,75.0,0.0,0.0,71.9369422027,12.1187722519,2.84622358843,46.1694371072,43.5652401404,33.9592470939
1314,0.0,70.0,0.0,0.0,54.9846183517,5.00336042473,21.4145550426,23.1986200553,22.9149433226,10.6177174203
1315,0.0,60.0,0.0,0.0,37.9386415716,-1.04195233066,-3.57198302028,9.56498081315,10.0537028825,9.28839919323
1316,0.0,50.0,0.0,0.0,61.7538379067,20.0673486242,34.1578693452,34.5754229217,30.1156011654,10.283042753
1317,0.0,40.0,0.0,0.0,70.8076085263,11.0663749384,14.8014412843,44.1046648051,41.9082386312,25.300823556
1318,0.0,30.0,0.0,0.0,55.6486763516,5.61379705338,12.3600390176,23.984539272,23.5640831785,14.1712177941
1319,0.0,25.0,0.0,0.0,37.1959198008,-2.37148887627,-0.180710700052,9.01417150195,9.6440843482,8.00450651355
1320,0.0,20.0,0.0,0.0,62.4752610436,21.5158900254,25.7130628788,35.9235994609,30.9616672867,13.5744186234
1321,0.0,15.0,0.0,0.0,40.6463288404,21.9823558263,1.99195350323,14.5434587863,11.6450495236,9.0323882559
1322,0.0,10.0,0.0,0.0,38.0892816357,-5.1067328883,2.34739258652,9.14775611186,10.1381724213,7.74914604797
1323,0.0,7.0,0.0,0.0,48.9049328334,9.02250192389,4.16144353605,18.5791032438,17.5169764782,12.9001163666
1324,0.0,5.0,0.0,0.0,41.9252918643,-12.7621412893,6.0699453553,10.258467956,12.4517595166,8.51225971297
1325,0.0,3.0,0.0,0.0,54.3895492689,1.32102782627,6.17691270367,21.8283691011,22.3434681478,15.7615810612
1326,0.0,2.0,0.0,0.0,43.6408763464,-4.77950407505,-1.79625828235,12.3884520038,13.5912086897,11.8121747089
1327,0.0,0.0,100.0,0.0,63.2960155862,-20.2252399532,-12.2360160814,25.6518327287,31.9433256884,34.0854689525
1328,0.0,0.0,98.0,0.0,49.0517487612,17.0787867051,9.59742190021,20.3071214112,17.6361165564,11.126607937
1329,0.0,0.0,95.0,0.0,75.3891790865,-6.20826406214,3.87417736221,44.959685939,48.9001691124,37.4441905296
1330,0.0,0.0,90.0,0.0,53.9969588804,36.5828748603,20.7846803678,29.8663894823,21.9716943015,10.2828141269
1331,0.0,0.0,85.0,0.0,55.0279587047,40.0287286979,3.48826284111,32.0051700877,22.956941783,17.3688997817
1332,0.0,0.0,80.0,0.0,47.13018153,-10.616302504,-2.19661245133,13.7942499647,16.118964794,14.1214063695
1333,0.0,0.0,75.0,0.0,69.2691542466,14.5749123195,9.1914529458,43.0407983586,39.719328579,27.0020473644
1334,0.0,0.0,70.0,0.0,52.9750837393,-25.085833853,2.89658344665,15.561913008,21.0233897417,16.1095978613
1335,0.0,0.0,60.0,0.0,79.6831432738,-0.680898020055,14.5683080584,53.8505045657,56.1218958918,35.0901562795
1336,0.0,0.0,50.0,0.0,42.8896536698,1.85809100312,6.04583394446,12.8960209348,13.0840752451,8.97978873687
1337,0.0,0.0,40.0,0.0,75.7624917776,0.459463655533,5.82756294864,47.9009865233,49.5018724517,36.4950502001
1338,0.0,0.0,30.0,0.0,59.5854955839,-21.998402128,-20.8838348602,21.6305935908,27.6656849548,35.6538053628
1339,0.0,0.0,25.0,0.0,77.9937278421,-2.84623186825,2.08882415209,50.2281914514,53.201350297,42.2210644472
1340,0.0,0.0,20.0,0.0,56.4470821988,37.4367752547,-0.271937748039,32.9928207159,24.3606419863,20.2316429352
1341,0.0,0.0,15.0,0.0,77.7994016239,4.04374532431,4.54900517761,52.5294322798,52.8720605198,40.046261425
1342,0.0,0.0,10.0,0.0,76.5620413703,-2.94599915739,45.802460927,47.9158202805,50.8071465234,15.1949755522
1343,0.0,0.0,7.0,0.0,79.9307442488,-0.155943839473,10.146180492,54.4776337894,56.5587071791,38.5947056723
1344,0.0,0.0,5.0,0.0,79.1650230803,-0.201666619153,5.49274938632,53.1652206081,55.2151306486,41.1343205934
1345,0.0,0.0,3.0,0.0,70.569807049,-10.820212756,-5.36540449806,36.6941585626,41.5647699313,38.1282737864
1346,0.0,0.0,2.0,0.0,58.4350769491,-21.7641856653,21.274817395,20.6370580829,26.4215905025,12.656664381
1347,0.0,0.0,0.0,100.0,36.1064549222,10.8484117712,-1.12206472002,10.0686149039,9.06359753813,7.76214143149
1348,0.0,0.0,0.0,98.0,68.9348139924,-5.66684211933,40.4118891386,36.1217184129,39.2539398241,12.2934538456
1349,0.0,0.0,0.0,95.0,47.0051814731,8.612296091,-17.1109454343,16.9684099091,16.0234058435,20.5043158453
1350,0.0,0.0,0.0,90.0,59.0958955111,-20.7445479832,10.2202999432,21.4481628068,27.1315517959,17.4925444437
1351,0.0,0.0,0.0,85.0,35.4751338769,8.68717925633,1.06006945031,9.45513366258,8.73812970182,6.95459158196
1352,0.0,0.0,0.0,80.0,70.0117044974,-4.72427519109,29.063353837,37.8268183943,40.7660558253,17.48256017
1353,0.0,0.0,0.0,75.0,46.2723638576,5.85317110214,-11.2093660111,15.9157883489,15.4707756363,17.1950733573
1354,0.0,0.0,0.0,70.0,49.4127836166,-3.66536723312,23.0293723596,16.6255347158,17.9313886887,7.45660447466
1355,0.0,0.0,0.0,60.0,44.1328787627,-5.55618467723,-4.52785701112,12.5874963148,13.9303496967,13.0666371301
1356,0.0,0.0,0.0,50.0,46.0751262636,3.03844754076,16.8794429765,15.2862564948,15.3242372504,7.55557652287
1357,0.0,0.0,0.0,40.0,40.2807145052,2.12740815888,-6.0532333335,11.3055319492,11.4210186131,11.2993990361
1358,0.0,0.0,0.0,30.0,40.5684131385,14.2958209157,9.29472267518,13.2675692136,11.5970631076,7.08551759151
1359,0.0,0.0,0.0,25.0,61.3858754717,29.6361626341,2.59906021502,36.9592604076,29.690063934,23.0935069137
1360,0.0,0.0,0.0,20.0,67.737231969,-2.47025663193,34.7736374595,35.5340276378,37.6167988149,13.578799912
1361,0.0,0.0,0.0,15.0,54.5831387454,13.0761515979,-8.30990970291,24.6471758099,22.5283265843,22.6620375107
1362,0.0,0.0,0.0,10.0,56.488874637,-19.9476412781,15.248584458,19.3062282745,24.4028249705,13.6276723749
1363,0.0,0.0,0.0,7.0,48.3912705966,-5.10364987795,-19.1303147165,15.6004238928,17.1043674138,22.7378294743
1364,0.0,0.0,0.0,5.0,72.2287876503,-8.63360387457,32.8825432551,39.6047997255,44.0004347137,17.4840416031
1365,0.0,0.0,0.0,3.0,58.6838297334,-14.71178947,-10.3530837651,22.3650166437,26.687369752,27.7697441475
1366,0.0,0.0,0.0,2.0,63.8432712463,5.70405887005,23.6416076361,33.0345595976,32.6092641288,15.2880835224
1367,0.0,0.0,0.0,0.0,50.0025412044,1.81803194664,-12.678287452,18.10579896,18.4207794586,20.8660883833
1368,100.0,85.0,85.0,0.0,50.6724956117,29.4512449074,11.2953536195,24.5352318717,18.9874291662,11.4872945605
1369,80.0,65.0,65.0,0.0,40.014171911,1.82220964901,5.62985079568,11.1051970806,11.2595178079,7.75843700454
1370,60.0,45.0,45.0,0.0,77.2790486426,0.391606713542,5.65809655753,50.2871418401,51.9970082613,38.5322389895
1371,40.0,27.0,27.0,0.0,58.40884385,-22.8227200139,-22.4894122361,20.3954750447,26.3936651218,35.3553184179
1372,20.0,12.0,12.0,0.0,78.3726123052,-1.86191152238,3.17786064415,51.2149694771,53.8473038293,41.8769485296
1373,10.0,6.0,6.0,0.0,55.4923174225,39.3569663394,-0.558822100631,32.3754097772,23.4101478823,19.5797235879
1374,5.0,3.0,3.0,0.0,78.9005900256,2.77699983807,4.74439984022,53.8837925036,54.7561330433,41.362295504
1375,40.0,27.0,27.0,10.0,76.7159902251,-2.66053007942,50.2765900314,48.2611226646,51.0610751796,13.5705001849
1376,20.0,12.0,12.0,10.0,80.077591183,0.0868986699168,8.50326979961,54.8246581836,56.8188383703,40.0261225021
1377,10.0,6.0,6.0,10.0,76.3985171873,-0.734702303473,4.41025524355,48.4647035392,50.5383475204,38.3312097164
1378,60.0,45.0,45.0,20.0,79.8723612625,-0.497026917121,5.8932698944,54.243604454,56.4555059467,41.774945229
1379,40.0,27.0,27.0,20.0,37.3216045447,17.411405723,3.14200229477,11.6597045218,9.71260353344,7.22000641172
1380,20.0,12.0,12.0,20.0,62.9748837172,-20.3143126393,29.0534907177,25.3008743563,31.556804382,12.673901283
1381,10.0,6.0,6.0,20.0,51.5548700475,11.1830311572,-13.697304338,21.3258767506,19.7513152572,22.74908484
1382,80.0,65.0,65.0,40.0,44.3096175352,-0.305845619361,16.0413605133,13.5039925144,14.0535406846,7.01438098034
1383,60.0,45.0,45.0,40.0,37.1069249109,15.9479847048,5.17015191828,11.3250086992,9.59576264426,6.65062415458
1384,40.0,27.0,27.0,40.0,63.608935375,-19.6573593501,17.5696192763,26.1132574923,32.3229864747,17.6832371861
1385,20.0,12.0,12.0,40.0,51.1938031185,8.47500333558,-6.64841108028,20.4362533952,19.4363047484,18.9594230197
1386,10.0,6.0,6.0,40.0,43.308972327,0.221185070306,13.1530583588,12.9218362662,13.3655621269,7.29638195664
1387,100.0,85.0,85.0,60.0,38.801935593,14.7713815824,-3.00095590003,12.1969690806,10.544202215,9.55564115008
1388,80.0,65.0,65.0,60.0,41.9227561571,5.17835719423,9.88839299593,12.7682286799,12.4501243431,7.5133604835
1389,60.0,45.0,45.0,60.0,45.5594339447,2.621328194,-1.08097951559,14.8432219424,14.9454806117,12.7122180405
1390,40.0,27.0,27.0,60.0,46.4686654089,-4.45391707559,15.7984832257,14.3248935471,15.6175431821,8.00667516404
1391,20.0,12.0,12.0,60.0,48.6749923469,-4.52385842042,-0.431573453306,15.9121549803,17.331461642,14.4669518646
1392,10.0,6.0,6.0,60.0,50.9066423922,-19.6153693501,6.02429526635,14.9785033464,19.1881780802,13.4790945166
1393,100.0,85.0,85.0,80.0,55.3786217417,-7.77592069772,-14.7350857312,20.8059983043,23.2986365119,26.9887339201
1394,80.0,65.0,65.0,80.0,58.4006727138,-2.19982957672,21.6231661042,24.9229104702,26.3849708911,12.5126329649
1395,60.0,45.0,45.0,80.0,65.6364137311,8.53741357869,-0.375667958103,36.1178140185,34.8560192148,28.9907570748
1396,40.0,27.0,27.0,80.0,66.6620510345,12.5664856701,37.1914429816,38.7181561985,36.1863319721,12.0522198517
1397,20.0,12.0,12.0,80.0,49.9787140624,21.9648900644,-6.41736168903,22.1808889801,18.4008367674,17.8997938109
1398,10.0,6.0,6.0,80.0,52.8439516167,9.57101489117,10.8892440598,22.1713954968,20.9037115745,12.9229783088
1399,100.0,85.0,85.0,100.0,60.839167387,1.5911018082,-2.67997758476,28.4333658373,29.065244671,25.4669015709
1400,80.0,65.0,65.0,100.0,63.6954724888,-8.68830172253,20.5318366224,28.9574504215,32.4285090375,16.4654810531
1401,60.0,45.0,45.0,100.0,69.4151223495,-12.7108339761,1.12271764675,34.6468966687,39.9236587022,32.1935257555
1402,40.0,27.0,27.0,100.0,57.4766268385,-23.3677608501,-23.3475369953,19.4725232564,25.4140373517,34.8309486536
1403,20.0,12.0,12.0,100.0,78.7944482936,-1.23751722294,3.89465795424,52.1474324507,54.5726121754,41.8852225229
1404,10.0,6.0,6.0,100.0,54.6273272808,41.7756525173,-0.636980650901,32.0107353096,22.5706646185,18.9169417237
1405,100.0,0.0,0.0,70.0,79.3752888802,2.04212207609,5.19924463628,54.4001180847,55.581931095,41.6469271754
1406,0.0,100.0,0.0,70.0,75.8032281133,-2.66174813011,51.5003399592,46.839958043,49.5678281658,12.557466993
1407,0.0,0.0,100.0,70.0,79.8290690812,0.112645107518,7.48980103534,54.4105758442,56.3790612295,40.4747801274
1408,100.0,100.0,0.0,70.0,40.1937185146,2.04531765948,6.0813408029,11.2423019728,11.3681382724,7.72217120867
1409,100.0,0.0,100.0,70.0,78.487346885,0.551320348911,6.01291950997,52.3262629992,54.0439391187,39.8342938206
1410,0.0,100.0,100.0,70.0,72.0249769838,-1.14266886655,3.33035461463,41.7565184806,43.6962123036,33.732162646
1411,40.0,40.0,0.0,70.0,68.494624691,16.6249223351,1.23126445269,42.6068675898,38.6467765421,31.0859218237
1412,40.0,0.0,40.0,70.0,51.2619265707,-16.2665950038,11.2347112876,15.8093043688,19.49548034,11.8490540792
1413,0.0,40.0,40.0,70.0,39.3654362203,2.94527053402,-0.291588466105,10.8776176689,10.8728203032,9.05367686365
1414,3.0,3.0,0.0,0.0,60.1166781732,3.29514717496,28.8856955836,28.0734575501,28.2530613775,11.058138095
1415,3.0,0.0,3.0,0.0,56.8926785965,-15.3825208857,-20.5084733809,20.5819181862,24.8129134742,32.2204768634
1416,0.0,3.0,3.0,0.0,51.2229691911,-14.7473573413,1.73652509879,16.0446630165,19.4616252428,15.3468635199
1417,3.0,3.0,3.0,0.0,39.301713634,1.77444221271,3.3172558766,10.6835323984,10.8353214326,8.03923527686
1418,3.0,0.0,0.0,3.0,60.9923664671,3.61200646443,18.368763864,29.1261602847,29.2394391305,15.4323355754
1419,0.0,3.0,0.0,3.0,54.992835523,-18.1214390481,-10.9726083684,18.4053667126,22.9229021375,24.4699470328
1420,3.0,3.0,0.0,3.0,44.2228206388,-11.3154077799,11.8218,11.8045777098,13.9929508941,8.03402742808
1421,0.0,0.0,3.0,3.0,49.024731797,1.97532809797,2.81592346963,17.3469094893,17.6141520521,13.4656725295
1422,3.0,0.0,3.0,3.0,41.1000038196,-6.1233904096,7.46341520068,10.6639809215,11.9270885671,7.7683094964
1423,0.0,3.0,3.0,3.0,43.1478935553,11.5359612573,0.188674733427,14.598644686,13.256957995,10.8777770253
1424,3.0,3.0,3.0,3.0,37.8226958036,2.29616734646,2.14139579475,9.92120672281,9.98900824104,7.68446773817
1425,7.0,7.0,0.0,0.0,74.8328916997,7.27124310003,7.42207349848,48.9260991119,48.0126252744,34.2457261848
1426,7.0,0.0,7.0,0.0,56.5362926205,16.4950964325,20.4469827112,27.509825881,24.4507450073,11.8088677354
1427,0.0,7.0,7.0,0.0,65.175231769,-5.2194342103,-5.20192435039,31.5882121848,34.2686222458,31.5466251147
1428,7.0,7.0,7.0,0.0,48.7298955882,-4.53698752327,6.23928757127,15.9510938258,17.3756376704,12.0641167886
1429,7.0,0.0,0.0,7.0,54.6781216941,-20.2932652006,-20.10780765,17.7368856601,22.6193973867,29.51059168
1430,0.0,7.0,0.0,7.0,60.5802809489,-24.8723570741,12.8782274349,21.9340124997,28.7724535908,17.449173391
1431,7.0,7.0,0.0,7.0,69.9417984292,0.153678978744,5.15418769108,39.2635860361,40.6667386748,30.1732041366
1432,0.0,0.0,7.0,7.0,53.9925782521,-12.8728909801,6.20688102912,18.5856880812,21.9675693879,15.4701249348
1433,7.0,0.0,7.0,7.0,57.6697213389,21.2226752382,-0.0902133632403,29.9912235818,25.6149264765,21.1800589636
1434,0.0,7.0,7.0,7.0,44.3593304587,6.35409676849,-1.71131025952,14.605194304,14.0883221341,12.2072795168
1435,7.0,7.0,7.0,7.0,56.5314633123,-23.932356655,-24.5819591265,18.5633039218,24.4458617005,34.5564474808
1436,40.0,3.0,0.0,0.0,80.2135718718,-0.594103928552,4.68528457841,54.7869928094,57.0604307643,43.2031709513
1437,3.0,40.0,0.0,0.0,54.3413771564,42.9621351661,-0.696009748591,31.9979603192,22.2976263018,18.7164488409
1438,40.0,0.0,3.0,0.0,80.1281134094,1.45957553997,5.2967975396,55.4586112442,56.9085197607,42.5958976833
1439,40.0,3.0,3.0,0.0,76.4875700053,-2.80409522229,52.8336588554,47.8508436876,50.6846135455,12.5034184225
1440,0.0,40.0,3.0,0.0,79.8846046252,0.111019553538,6.06608851338,54.5045591145,56.4771376297,41.6557833877
1441,3.0,40.0,3.0,0.0,38.5475603262,2.01449807996,5.85213387771,10.2867408999,10.3980529849,7.07549108334
1442,40.0,40.0,3.0,0.0,79.1591303309,0.478768226921,5.68792862325,53.4204503588,55.2048742928,40.9747425564
1443,3.0,0.0,40.0,0.0,63.671921925,-3.17114292885,0.665880952752,30.3854152107,32.3997689852,26.3463111692
1444,0.0,3.0,40.0,0.0,69.6051812045,-9.76091979783,-7.91741542313,35.7607705107,40.1907568823,38.7896085011
1445,3.0,3.0,40.0,0.0,71.8996597998,5.1810392262,0.479711017065,43.7012289894,43.5098528955,35.5603489079
1446,40.0,3.0,40.0,0.0,54.9857545142,-6.55705001991,19.057583418,20.7073893154,22.9160436531,11.3793930012
1447,3.0,40.0,40.0,0.0,62.4482729782,-8.18746716489,-11.7745235305,27.7109288016,30.9297346182,32.782220765
1448,40.0,0.0,0.0,3.0,39.138794855,11.2035829851,9.74415761578,11.8911004963,10.7398407418,6.4063882059
1449,40.0,3.0,0.0,3.0,70.9119501965,3.69048067689,12.4684507496,41.7683155962,42.059539899,26.7415813722
1450,0.0,40.0,0.0,3.0,55.7670175179,-6.05705384395,9.40501107799,21.5202208406,23.681037587,15.4139378867
1451,3.0,40.0,0.0,3.0,61.2028853202,-10.7371014496,-2.74712439206,25.7635205056,29.4799421658,25.8613476426
1452,40.0,40.0,0.0,3.0,38.6109941468,11.03594052,8.0114979157,11.5443953672,10.4343711389,6.5934865578
1453,40.0,0.0,3.0,3.0,36.1984500927,4.21269026182,-8.38694607132,9.28919773457,9.11168832697,9.82191284029
1454,40.0,3.0,3.0,3.0,43.0418044066,12.9709304008,14.2006114479,14.7599155205,13.1857518258,6.93211794322
1455,0.0,40.0,3.0,3.0,40.2011209269,-4.92043227475,-7.39943300079,10.3118111238,11.3726314471,11.7016184182
1456,3.0,40.0,3.0,3.0,48.782275763,2.62378286276,21.4372807233,17.2738863074,17.41785351,7.58318365434
1457,40.0,40.0,3.0,3.0,43.027520501,-10.1149303147,-6.62593323819,11.2498172719,13.1761841063,13.136421199
1458,0.0,0.0,40.0,3.0,56.0498902075,-30.9451833318,11.6448810507,16.8647594277,23.962162134,14.7160740593
1459,3.0,0.0,40.0,3.0,47.0464170292,8.72665145888,-15.8437931611,17.0215340562,16.0548873772,19.9247467649
1460,40.0,0.0,40.0,3.0,66.513368374,-15.6229124147,30.2839644409,30.3307515721,35.9914199742,14.4825757364
1461,0.0,3.0,40.0,3.0,53.0251129823,31.2062885199,-3.82924678491,27.4038508996,21.0691692008,19.1169187176
1462,3.0,3.0,40.0,3.0,76.4216521563,-2.75258361705,46.6847621499,47.7665359618,50.5763187751,14.7489791732
1463,40.0,3.0,40.0,3.0,44.7969945578,1.61936688306,-16.1802974633,14.1419382931,14.3970119428,18.2727631961
1464,0.0,40.0,40.0,3.0,60.0259670516,26.0759816843,22.8372960317,34.1568936956,28.1521709854,13.0799455381
1465,3.0,40.0,40.0,3.0,52.5508942395,-13.8034931068,-15.0783957898,17.240219843,20.637895344,24.4124987735
1466,40.0,40.0,40.0,3.0,72.6854450527,4.79992130036,35.5489636865,44.735381138,44.687193633,16.6703897698
1467,3.0,0.0,0.0,40.0,58.3761615299,-25.70859313,-13.7975740094,19.7801095788,26.3589020206,29.5515799988
1468,0.0,3.0,0.0,40.0,59.0048964042,-22.9596455703,-21.601756703,20.8991256561,27.0330394989,35.4539073276
1469,3.0,3.0,0.0,40.0,80.3912352279,-0.217567392786,5.2338440873,55.2416256283,57.3771099539,43.0086929604
1470,40.0,3.0,0.0,40.0,53.2615710728,43.0912776906,0.351056303651,30.7594005074,21.2864406309,17.4090970769
1471,3.0,40.0,0.0,40.0,79.9104809964,1.2599892432,5.66541119109,55.0046453534,56.5228744133,42.0061878034
1472,0.0,0.0,3.0,40.0,75.9771628515,-2.77546444936,53.0465816613,47.0677090445,49.8501029574,12.1228652332
1473,3.0,0.0,3.0,40.0,79.7630455826,0.248196285045,6.27267846469,54.3517182822,56.2626107962,41.3300583302
1474,40.0,0.0,3.0,40.0,37.9563078557,1.98763098998,5.64478518065,9.95521241675,10.0635846524,6.88184397323
1475,0.0,3.0,3.0,40.0,79.0228139562,0.507181296737,6.05005708787,53.202527715,54.9679694363,40.5130124156
1476,3.0,3.0,3.0,40.0,55.0527324865,-3.671403873,0.330266327702,21.373002242,22.9809715594,18.8087591673
1477,40.0,3.0,3.0,40.0,78.9726972244,0.850578517729,4.63334687493,53.2521185564,54.8810420285,41.5464019219
1478,0.0,40.0,3.0,40.0,57.1010592896,-28.6085084039,18.8415379256,18.1381683608,25.0263228644,12.7039807649
1479,3.0,40.0,3.0,40.0,55.1613943351,20.7319662339,-7.00823680244,27.0884023179,23.0865681625,22.5030779387
1480,40.0,40.0,3.0,40.0,68.893775779,-11.8408940014,40.4334748623,34.2457303158,39.1970679742,12.2613620219
1481,3.0,0.0,40.0,40.0,47.7823589321,0.803419875527,-20.1621204744,16.1711122827,16.6237027217,22.7283747264
1482,0.0,3.0,40.0,40.0,57.5768060062,-27.350843419,7.20885268657,18.7738315533,25.5181288157,17.6657544105
1483,3.0,3.0,40.0,40.0,55.0507979388,18.2761822789,0.435332181115,26.3671528607,22.9790945067,18.7587384349
1484,40.0,3.0,40.0,40.0,70.2272672221,-11.2700103558,27.9260371429,36.112023448,41.0733285667,18.154759639
1485,3.0,40.0,40.0,40.0,46.8464344013,-2.79405621205,-13.2691302958,14.8651734571,15.90259363,18.5561611759
