SAMPLE_ID,CMYK_C,CMYK_M,CMYK_Y,CMYK_K,LAB_L,LAB_A,LAB_B,XYZ_X,XYZ_Y,XYZ_Z
1,0.0,0.0,0.0,0.0,61.0903543372,5.33680332691,9.23953572015,29.6889993413,29.351220017,19.5102750706
2,0.0,10.0,0.0,0.0,44.8283362053,0.336471097768,2.94680753481,13.9580577072,14.4192889679,10.9224589097
3,0.0,20.0,0.0,0.0,34.3019112843,2.14589079966,3.5405608403,8.09880944659,8.15416496134,5.9372236912
4,0.0,30.0,0.0,0.0,78.3501208683,3.72679553337,7.1559955028,53.327199143,53.8088133841,38.7926550676
5,0.0,40.0,0.0,0.0,36.0022873644,1.60573013413,3.26278423003,8.87572425442,9.00934821516,6.65127547656
6,0.0,55.0,0.0,0.0,70.5244673606,-0.230955211491,3.18048660051,39.943486942,41.4994972818,32.0977273792
7,0.0,70.0,0.0,0.0,39.8677987319,9.12734723129,0.981666521252,12.0445602886,11.1714799912,8.93868218844
8,0.0,85.0,0.0,0.0,65.5967107063,-0.177674691049,3.78539318878,33.5116536502,34.8051883514,26.4615911779
9,0.0,100.0,0.0,0.0,35.4660401179,1.59184002746,4.29244619609,8.6042750021,8.73349940352,6.21006558699
10,10.0,0.0,0.0,0.0,74.4081964165,3.613922262,7.66629196658,46.9339062214,47.3423104103,33.5776843637
11,10.0,10.0,0.0,0.0,37.5275420985,1.69821810455,4.22905637307,9.68551772571,9.82557415007,7.04291172053
12,10.0,20.0,0.0,0.0,48.654914203,0.566503077299,4.11178288801,16.7991244777,17.3153251625,12.7636038306
13,10.0,30.0,0.0,0.0,39.3301357666,0.814280941121,4.20072974748,10.5721253964,10.8520363529,7.82252920525
14,10.0,40.0,0.0,0.0,70.5222096816,6.8229050908,3.89445984617,42.2512680075,41.496248833,31.6265874495
15,10.0,55.0,0.0,0.0,51.1178177519,-5.6168505266,-11.5231871866,17.611856442,19.3704412969,21.2484122241
16,10.0,70.0,0.0,0.0,75.3991132574,4.54665985658,3.58401680918,48.8216552472,48.9161174594,37.6692331602
17,10.0,85.0,0.0,0.0,37.0383424676,1.54928839151,3.60351458644,9.40601772779,9.55863464215,6.99075749026
18,10.0,100.0,0.0,0.0,65.3734286481,-0.328261384067,2.40685339051,33.1943500951,34.5202456955,27.0419347717
19,20.0,0.0,0.0,0.0,39.8470990978,1.48761474967,3.7703199147,10.9613729669,11.1590671228,8.16760375255
20,20.0,10.0,0.0,0.0,61.6032941939,-0.908584224254,3.07920295693,28.637356374,29.9410139472,23.0377974414
21,20.0,20.0,0.0,0.0,79.306308629,0.329010487432,5.1114759949,53.6098083957,55.4614192737,41.6224815351
22,20.0,30.0,0.0,0.0,53.3215174871,-0.412263361021,3.48378399323,20.4946999377,21.3417592087,16.1138048146
23,20.0,40.0,0.0,0.0,47.0906826747,-0.0389022456343,3.91381832377,15.5076338063,16.088728113,11.8929228115
24,20.0,55.0,0.0,0.0,46.9087346962,0.273550616416,4.03385901482,15.4270475408,15.949933725,11.7459548599
25,20.0,70.0,0.0,0.0,78.4752271526,0.6564746464,3.27019369584,52.346633201,54.0231454116,41.9435968079
26,20.0,85.0,0.0,0.0,41.0613720685,0.875232168794,4.14229559845,11.600881373,11.9028966606,8.63209653722
27,20.0,100.0,0.0,0.0,59.7224641328,-7.90730522402,-3.81119992263,24.920539761,27.8163567002,25.0206483034
28,30.0,0.0,0.0,0.0,71.0554993012,-2.0153262731,1.02020031631,40.1059242051,42.2682886449,34.1694306888
29,30.0,10.0,0.0,0.0,76.6841650451,0.285351954888,8.98547720789,49.2927624936,51.0085123961,35.3794415697
30,30.0,20.0,0.0,0.0,56.1107638123,-0.688484971128,1.80025354351,23.011630607,24.0229490107,18.9728233814
31,30.0,30.0,0.0,0.0,47.3441603762,0.684066428385,2.89479891155,15.8203535638,16.2834259763,12.3952414057
32,30.0,40.0,0.0,0.0,52.1725041828,0.725678272894,2.48518304309,19.7186691483,20.2980245786,15.7079624648
33,30.0,55.0,0.0,0.0,80.4452651233,1.4632306089,3.93960286132,56.0088741206,57.4736483139,44.1304625792
34,30.0,70.0,0.0,0.0,37.6635115311,6.69702043619,-9.75059793905,10.4006353728,9.90064060275,11.033502397
35,30.0,85.0,0.0,0.0,45.4165061126,18.8102757136,17.8209832307,17.584400478,14.8416215009,7.04524781413
36,30.0,100.0,0.0,0.0,42.4079416267,-1.56140919297,-11.2881988073,12.0822075413,12.7656148285,14.4868761614
37,40.0,0.0,0.0,0.0,69.2876531469,5.29433649296,21.773366015,40.0059540997,39.7451851735,20.2770652987
38,40.0,10.0,0.0,0.0,52.6277656798,-24.9220424081,5.16859408962,15.3343758437,20.7074018522,14.9431404951
39,40.0,20.0,0.0,0.0,51.8030455865,-25.6334869419,11.2715719683,14.621211612,19.9697964572,12.1558045458
40,40.0,30.0,0.0,0.0,68.6166265345,16.0741680736,25.059459672,42.5985159739,38.8144246938,18.195211367
41,40.0,40.0,0.0,0.0,44.6533735919,-7.93742467489,3.4959573614,12.5670020033,14.2952224354,10.6512253458
42,40.0,55.0,0.0,0.0,46.3699663503,20.2849397029,6.0148576204,18.644001344,15.5436339999,10.7911640403
43,40.0,70.0,0.0,0.0,36.8122310251,3.89291394113,1.19303350847,9.57485884792,9.43690483676,7.48436660382
44,40.0,85.0,0.0,0.0,42.0911359528,11.7150950989,-10.9859377077,13.8912283649,12.5590167439,14.1600951985
45,40.0,100.0,0.0,0.0,46.313071239,19.5616835835,10.7136676713,18.4572679804,15.5011351649,9.332623492
46,55.0,0.0,0.0,0.0,40.7927580856,-5.43630977844,-1.07207701208,10.5792594639,11.7355895892,10.0046345019
47,55.0,10.0,0.0,0.0,54.0736130334,6.0045014014,17.0409966055,22.5500059636,22.043957442,11.5266870013
48,55.0,20.0,0.0,0.0,51.5498952522,-25.9619565144,14.9991373719,14.3888992077,19.74695207,10.7741545544
49,55.0,30.0,0.0,0.0,45.7097123546,29.47447196,7.30205462501,19.8983296636,15.0552024003,10.036010708
50,55.0,40.0,0.0,0.0,68.7871657853,-13.9842092424,27.5865721693,33.4960487019,39.0495817689,17.2049445152
51,55.0,55.0,0.0,0.0,47.2578520149,28.5239557262,0.089342400216,21.0770271308,16.2169566232,13.3478295265
52,55.0,70.0,0.0,0.0,57.9450398936,-26.2018832957,11.1929415494,19.3106506349,25.9031854641,16.2233835523
53,55.0,85.0,0.0,0.0,41.5725431189,10.8359887497,-9.27829357407,13.4019135311,12.2256588667,13.1887630736
54,55.0,100.0,0.0,0.0,56.5371118137,-1.07445953556,33.8747952728,23.3362971063,24.4515734247,7.82076264549
55,70.0,0.0,0.0,0.0,41.537655254,20.9980503863,-1.06584939583,15.0169647037,12.2034467828,10.3971717511
56,70.0,10.0,0.0,0.0,50.484909231,-9.45314222421,23.0058927624,16.4173329672,18.8276134329,7.93297815641
57,70.0,20.0,0.0,0.0,39.0136678755,11.5291311721,-6.14379762299,11.8604816964,10.6668904781,10.6247320704
58,70.0,30.0,0.0,0.0,44.1590328312,-16.3564590864,12.6735006146,11.0624010373,13.948534115,7.78474033654
59,70.0,40.0,0.0,0.0,50.6425208542,34.8932657316,14.5069168813,25.7903037755,18.9618314557,10.4361918088
60,70.0,55.0,0.0,0.0,58.7186725431,-3.48836467261,28.30175654,24.9422017169,26.7247391597,10.4766481179
61,70.0,70.0,0.0,0.0,45.9262389554,13.9978439141,2.8101515013,17.1022857287,15.2142358749,11.587990621
62,70.0,85.0,0.0,0.0,49.793634815,-14.5067130294,14.4662874706,15.0305935906,18.2464202047,9.99868948346
63,70.0,100.0,0.0,0.0,49.4635306407,23.5628058327,-2.34792766549,22.0459083459,17.9731544121,15.7745998938
64,85.0,0.0,0.0,0.0,61.9933715374,4.3151837823,40.2145806762,30.45276418,30.3947878386,8.63687033977
65,85.0,10.0,0.0,0.0,34.7882858626,6.00586330717,3.73940605929,8.77787876349,8.39298985943,6.07525680122
66,85.0,20.0,0.0,0.0,47.0219313697,-17.8482806061,8.77216875184,12.6114396489,16.0361886849,10.2786774945
67,85.0,30.0,0.0,0.0,46.7798292888,-13.7781384694,17.0852431888,13.0680243694,15.8520861397,7.81218538406
68,85.0,40.0,0.0,0.0,52.3374560756,3.2767857122,-1.85807409791,20.3810459346,20.4457221965,17.6806259319
69,85.0,55.0,0.0,0.0,42.1454623229,-3.06366635098,10.6073338161,11.7046689578,12.5942849848,7.42976201436
70,85.0,70.0,0.0,0.0,51.5060529731,19.907857059,5.78580096663,23.1786359348,19.7085276018,13.9550334473
71,85.0,85.0,0.0,0.0,40.8820580995,7.32326391139,3.459295119,12.4196061952,11.7910352333,8.73523265261
72,85.0,100.0,0.0,0.0,44.614280316,21.0843625106,-9.98859630882,17.3650708322,14.2675988958,15.4806679382
73,100.0,0.0,0.0,0.0,49.3209327335,30.01485893,7.89780289941,23.3329490618,17.8559583743,11.8457850012
74,100.0,10.0,0.0,0.0,48.9324372545,1.53676374931,-0.97092305974,17.1931571421,17.5392551466,14.8515189116
75,100.0,20.0,0.0,0.0,49.8139693952,0.221415633395,19.7428199875,17.652532625,18.2633434822,8.49275301122
76,100.0,30.0,0.0,0.0,48.6016957234,-10.7347117428,-0.622550850018,14.802903411,17.2726027956,14.4920142091
77,100.0,40.0,0.0,0.0,55.6258944193,-21.2568326885,1.93341861695,18.3274730012,23.5416125051,18.5261752434
78,100.0,55.0,0.0,0.0,50.1973007409,0.794890190835,12.1957670626,18.0709782115,18.5843285794,10.9249909683
79,100.0,70.0,0.0,0.0,43.1419334746,-1.84250075294,2.12228462492,12.5046563198,13.2529508576,10.2664057337
80,100.0,85.0,0.0,0.0,43.8677780244,14.1879849029,6.5123151811,15.5650329113,13.7469214624,9.32837759272
81,100.0,100.0,0.0,0.0,44.0054664086,19.6095305124,-7.59290667799,16.6197097775,13.8419883574,14.1247847208
82,0.0,0.0,10.0,0.0,39.8745929673,-0.58217654514,3.62906452404,10.6985793586,11.1755562694,8.21767087564
83,0.0,10.0,10.0,0.0,52.85826649,-17.7199431785,6.29601608802,16.7687243733,20.9167539494,14.6557906628
84,0.0,20.0,10.0,0.0,47.085892187,10.353243113,4.3717763122,17.3507535798,16.0850635306,11.7350007148
85,0.0,30.0,10.0,0.0,62.3235123706,-2.90389074074,20.8562631245,28.9239391591,30.7824013994,15.3545793793
86,0.0,40.0,10.0,0.0,54.2429826841,29.1254845568,17.3980940081,28.2039565237,22.2041864625,11.5050144098
87,0.0,55.0,10.0,0.0,50.234808341,-15.624118992,-3.69219114678,15.1623887798,18.6159362999,16.8986275852
88,0.0,70.0,10.0,0.0,57.6300497498,18.4439967448,2.3466476687,29.2146101291,25.5735673796,19.9522129634
89,0.0,85.0,10.0,0.0,55.0497235503,-7.42772942398,22.8942195345,20.5841953701,22.9780520933,10.1921643079
90,0.0,100.0,10.0,0.0,50.4403452439,3.49705559847,-8.77493614869,18.7908021301,18.7897790763,19.346224526
91,10.0,0.0,10.0,0.0,64.2676579395,10.6218775429,38.7024980675,34.9828972841,33.1320117035,10.2181909647
92,10.0,10.0,10.0,0.0,33.665880656,1.68730076934,0.561987230745,7.74888847946,7.84874924279,6.34936915436
93,10.0,20.0,10.0,0.0,50.9896307461,-14.8400253595,20.6234894502,15.8531722699,19.2596674518,8.80818424367
94,10.0,30.0,10.0,0.0,35.8437198346,4.18824621629,4.46570413071,9.1016011086,8.92718422916,6.31610413539
95,10.0,40.0,10.0,0.0,57.2748805702,4.10141089117,33.6409805473,25.2645509466,25.2052720962,8.21463433823
96,10.0,55.0,10.0,0.0,45.9439307292,-2.81159637055,1.45512571913,14.2245974843,15.2272793148,12.0575139513
97,10.0,70.0,10.0,0.0,59.6812840119,-15.4252501719,14.9198676669,23.1573840284,27.7709992976,15.9183912467
98,10.0,85.0,10.0,0.0,53.1364925833,14.3686952397,11.4463580908,23.5131910702,21.1713261208,12.9040240642
99,10.0,100.0,10.0,0.0,70.4040641611,0.42181525616,32.293186992,39.9865166707,41.3264922635,16.3832811996
100,20.0,0.0,10.0,0.0,40.570632993,16.041241756,-4.67253413406,13.5400313076,11.5984284351,11.0122249192
101,20.0,10.0,10.0,0.0,41.4216838443,7.585162013,10.4400775986,12.8053917125,12.1298045587,7.16429425715
102,20.0,20.0,10.0,0.0,46.723228923,5.49841806802,-5.42712344932,16.1939578658,15.8092495212,15.1083497849
103,20.0,30.0,10.0,0.0,58.7711601142,-10.2435950219,6.44233609267,23.4398916338,26.7810986558,18.9471963087
104,20.0,40.0,10.0,0.0,64.0275716172,-20.2488863977,10.9183162954,26.408103499,32.835599394,21.1567130218
105,20.0,55.0,10.0,0.0,64.0819802454,-11.1914290808,14.1675207718,28.7407916527,32.9026171024,19.6193238368
106,20.0,70.0,10.0,0.0,58.5794630573,-1.40638345622,10.0730493225,25.2919003287,26.5756434937,17.1675591749
107,20.0,85.0,10.0,0.0,52.8512346071,10.8576804651,5.64794525317,22.4588385919,20.9103464771,14.9059071249
108,20.0,100.0,10.0,0.0,42.1839437818,10.6197448258,-0.0672460040383,13.7809699588,12.6193067452,10.4332011705
109,30.0,0.0,10.0,0.0,38.4627764415,13.393998517,6.52344625013,11.7877008731,10.3496428762,6.8805589262
110,30.0,10.0,10.0,0.0,46.8707217847,29.4383849359,-2.04842663851,20.9190794615,15.9210377155,13.8954183418
111,30.0,20.0,10.0,0.0,41.9338001878,9.09245573867,3.76074369427,13.3729993884,12.4572472314,9.16072170702
112,30.0,30.0,10.0,0.0,45.8897364651,2.54999981147,6.02891492244,15.069095399,15.1873475857,10.5248676564
113,30.0,40.0,10.0,0.0,47.7967422178,-3.02381170484,8.19160554227,15.5176368995,16.6349514773,10.8817289777
114,30.0,55.0,10.0,0.0,59.9340027549,-15.7145023628,8.33482218747,23.3366854717,28.050132266,18.9994175392
115,30.0,70.0,10.0,0.0,61.9961406031,15.6248075658,23.1633855942,33.5925921836,30.3980253504,14.2250366885
116,30.0,85.0,10.0,0.0,57.2540757991,6.86138441408,16.0126884519,25.9024349997,25.1838087637,13.835575129
117,30.0,100.0,10.0,0.0,52.3759268616,-1.42263237158,9.37775184384,19.4644296733,20.4802715899,13.17800452
118,40.0,0.0,10.0,0.0,48.6622023189,-9.12318163835,3.76483312965,15.1156575652,17.3211813449,12.8922551384
119,40.0,10.0,10.0,0.0,48.5955485105,0.166880774012,-16.3144051135,16.6811002497,17.2676725103,21.4708521811
120,40.0,20.0,10.0,0.0,48.5340264078,11.1454124888,23.3698222621,18.6804561759,17.2183812478,7.0036189761
121,40.0,30.0,10.0,0.0,48.4757390111,8.39285624932,-2.05257227366,18.1046190329,17.1717682371,14.9679150916
122,40.0,40.0,10.0,0.0,43.7523025336,1.44507974062,15.0110586523,13.4026285269,13.6675278745,7.03100399802
123,40.0,55.0,10.0,0.0,43.878199073,1.12843321502,-8.21816643267,13.4377459866,13.7541013985,14.280207978
124,40.0,70.0,10.0,0.0,39.9242099186,-6.68335881058,7.83912505857,9.93121100492,11.2053545844,7.16893077249
125,40.0,85.0,10.0,0.0,64.9638185517,10.3938718944,27.7748319121,35.805263031,34.001570804,14.4196162193
126,40.0,100.0,10.0,0.0,59.9100772318,1.75268080059,20.8099012284,27.4596492974,28.0236262491,13.7537303044
127,55.0,0.0,10.0,0.0,55.25542116,-6.4411294758,12.2879986682,20.9737371925,23.178203223,13.9407419475
128,55.0,10.0,10.0,0.0,51.6778034436,-8.86012007287,-23.8427358841,17.457808041,19.8593393339,28.6228726144
129,55.0,20.0,10.0,0.0,60.6688163591,6.59785713297,-0.856790418264,29.5425854709,28.8723615754,24.2889571017
130,55.0,30.0,10.0,0.0,36.487366866,-0.924903316193,8.03926264867,8.8239548321,9.26382602731,5.78214438159
131,55.0,40.0,10.0,0.0,35.3420608896,0.478213644509,2.11607211566,8.41527902196,8.67053557762,6.6532135329
132,55.0,55.0,10.0,0.0,35.0331705427,-3.58047022992,5.09337438787,7.81649985065,8.51498101888,5.87491629877
133,55.0,70.0,10.0,0.0,53.0487052077,-5.83998443974,27.6076731841,19.1638820138,21.0907804006,7.88594213916
134,55.0,85.0,10.0,0.0,46.6807754098,-3.95498117819,-8.82744378152,14.5554633875,15.7771703044,16.4754557411
135,55.0,100.0,10.0,0.0,46.431548399,5.73307480693,18.8043683342,16.0145343682,15.5897212905,7.23085106993
136,70.0,0.0,10.0,0.0,45.0519019441,2.41565208554,-5.00781026209,14.4490474977,14.5788620452,13.8289027297
137,70.0,10.0,10.0,0.0,45.6724907274,26.962890109,14.1302073816,19.3633483016,15.027976158,8.08416984818
138,70.0,20.0,10.0,0.0,50.7008716392,40.1193308197,0.576741617931,27.128370267,19.0116828176,15.4517996003
139,70.0,30.0,10.0,0.0,44.2841121779,10.5853918072,-2.28351273321,15.2569666717,14.0357182033,12.3611249154
140,70.0,40.0,10.0,0.0,57.40329925,18.1042629897,11.8861829801,28.8722069062,25.3380257953,15.5518632919
141,70.0,55.0,10.0,0.0,44.6749576441,-8.02851398446,11.0766025624,12.5672913294,14.3104891199,8.44008759336
142,70.0,70.0,10.0,0.0,54.621089871,-4.29565041719,8.52313135261,20.8507893499,22.5646852028,14.9757412172
143,70.0,85.0,10.0,0.0,66.2864683911,-8.32864324992,17.6380347722,32.0525342021,35.6953218966,19.776656596
144,70.0,100.0,10.0,0.0,44.5642207212,-7.13170953686,4.4916449759,12.6297830744,14.2322784804,10.2919861022
145,85.0,0.0,10.0,0.0,47.443295589,6.41412585212,9.81637264232,16.9121961298,16.3599976082,10.1809073037
146,85.0,10.0,10.0,0.0,39.6996198669,3.69367229132,0.912949855107,11.1759647151,11.0708948544,8.87659829939
147,85.0,20.0,10.0,0.0,50.1401167261,39.0873983727,3.24508320771,26.280594281,18.5362083958,14.0254245177
148,85.0,30.0,10.0,0.0,41.5175255881,-11.1292654486,6.37095858138,10.2422730759,12.1906430611,8.2418268235
149,85.0,40.0,10.0,0.0,40.3712614133,5.76303408851,-3.3691199973,11.8727346864,11.4762312694,10.4883488862
150,85.0,55.0,10.0,0.0,47.0803823787,-3.43790140517,14.5829491366,14.9258960528,16.0808493771,8.61478257137
151,85.0,70.0,10.0,0.0,44.0340792338,14.3043629411,2.64681074192,15.7083822741,13.8617989165,10.5822687623
152,85.0,85.0,10.0,0.0,52.4316828231,5.0771458247,24.41791031,20.8373892349,20.5304132997,8.44884956892
153,85.0,100.0,10.0,0.0,48.7597199555,-1.55625531291,4.71118844446,16.4993532345,17.399666268,12.6148536561
154,100.0,0.0,10.0,0.0,63.8352718064,-12.6311394333,21.9862202715,28.099422674,32.5994638146,15.9579683469
155,100.0,10.0,10.0,0.0,56.3961318128,16.9350787154,17.8101852667,27.4686861315,24.3092812669,12.6386597709
156,100.0,20.0,10.0,0.0,75.176444993,4.04266368674,40.7738028197,48.2856439916,48.5594765903,16.2772017155
157,100.0,30.0,10.0,0.0,55.2442885972,11.9384750162,15.2884039228,25.0482932877,23.1673412078,12.8294722635
158,100.0,40.0,10.0,0.0,53.4773268637,-11.1995672166,-7.81769416826,18.4801756737,21.4859882672,21.4305953354
159,100.0,55.0,10.0,0.0,34.4245324653,0.350711876907,5.64130605664,7.95907384257,8.21394277225,5.54180556243
160,100.0,70.0,10.0,0.0,61.3865008688,-1.53807100776,2.93274870673,28.2364657411,29.6907837643,22.9178149797
161,100.0,85.0,10.0,0.0,47.2530471414,20.9693676382,19.5315402061,19.5263368576,16.2132615322,7.40045429141
162,100.0,100.0,10.0,0.0,54.3101373194,-22.2321294489,8.90427190823,17.0854008653,22.2679311952,14.6147536524
163,0.0,0.0,20.0,0.0,49.2080728137,4.40759103333,6.37709793303,17.9478729984,17.7635649211,12.3015144829
164,0.0,10.0,20.0,0.0,65.165453481,-8.44367981362,23.7865721808,30.6986336357,34.2562398447,16.1629272217
165,0.0,20.0,20.0,0.0,56.5548626477,23.8325365482,19.2172091205,29.4118671646,24.469528732,12.241329856
166,0.0,30.0,20.0,0.0,43.8620414331,25.9340693981,1.3983049675,17.6633149994,13.7429701091,10.8847222994
167,0.0,40.0,20.0,0.0,37.97755871,-1.98888946773,4.57254128991,9.46870326595,10.0754800556,7.14717180229
168,0.0,55.0,20.0,0.0,51.4261099201,13.4005718334,1.69149417907,21.6795892939,19.6385918835,15.5068222319
169,0.0,70.0,20.0,0.0,49.2048519437,-16.4220985293,3.16145834902,14.2966298512,17.7609328248,13.4527465603
170,0.0,85.0,20.0,0.0,76.1329507722,-6.58922557641,30.5384721042,45.9496245715,50.1038356757,21.7878908133
171,0.0,100.0,20.0,0.0,76.1273079198,4.4668404914,31.4288713833,49.9545724874,50.0946301342,21.3325618557
172,10.0,0.0,20.0,0.0,48.1836721871,-18.1546830324,8.62876503588,13.3253060863,16.9394660017,10.9556375213
173,10.0,10.0,20.0,0.0,61.7581819216,28.6079501503,19.6872504673,37.1355532848,30.1206490165,15.4330985392
174,10.0,20.0,20.0,0.0,38.9686755481,1.58953059143,-5.51834879077,10.4687203965,10.6407404766,10.404397942
175,10.0,30.0,20.0,0.0,41.9594926587,23.8712849688,12.3684141439,15.8164428105,12.4738281956,6.92408284748
176,10.0,40.0,20.0,0.0,46.3627650878,29.5461510171,3.45983222351,20.4872400104,15.538250598,11.6224513923
177,10.0,55.0,20.0,0.0,38.8434827734,0.247186871554,-1.45868447455,10.2228734723,10.5682021381,9.12967800068
178,10.0,70.0,20.0,0.0,50.2116053142,11.7229824774,14.0369551487,20.2342151332,18.5963788446,10.3512873349
179,10.0,85.0,20.0,0.0,41.9224439966,-10.2462528383,0.374279062562,10.5871365597,12.4499230535,10.1574233695
180,10.0,100.0,20.0,0.0,72.2840521806,-0.612211609309,25.8597502728,42.3043704142,44.0831691662,20.8059416848
181,20.0,0.0,20.0,0.0,58.4900467935,-0.145317398078,12.9375053393,25.5000589475,26.480170286,15.888865537
182,20.0,10.0,20.0,0.0,40.1372581523,17.4431843633,9.03036648216,13.4673164019,11.3339064466,6.97074694718
183,20.0,20.0,20.0,0.0,51.2751263907,-7.70481268335,3.4402853937,17.3505669992,19.5069602671,14.7051922407
184,20.0,30.0,20.0,0.0,38.0905998319,6.83883929571,3.6848909108,10.6627360419,10.1389136639,7.41269344568
185,20.0,40.0,20.0,0.0,45.28468709,-13.1153320525,-3.62728935899,12.2051614087,14.7462621861,13.4637727698
186,20.0,55.0,20.0,0.0,49.3829726222,21.5016314874,10.7537770082,21.5290031099,17.9068838937,10.9372055886
187,20.0,70.0,20.0,0.0,60.3124239602,-3.71424746277,17.6915376779,26.5354460389,28.4715937301,15.2328015538
188,20.0,85.0,20.0,0.0,50.2469031663,28.2482556019,12.4834404979,23.8363256827,18.6261362666,10.8601238126
189,20.0,100.0,20.0,0.0,51.9398617962,-14.0848760727,5.80667674146,16.7104660808,20.0909285697,14.2320525968
190,30.0,0.0,20.0,0.0,44.0091655492,9.44677733136,2.0567503585,14.8670409583,13.8445484551,10.7554118104
191,30.0,10.0,20.0,0.0,64.1580592024,3.06466256708,36.6460542779,32.6725816311,32.9964800016,10.8032636916
192,30.0,20.0,20.0,0.0,48.3740715715,23.3559810585,9.57864188383,21.0022338131,17.0906652516,10.7566236655
193,30.0,30.0,20.0,0.0,55.2868430163,-9.01513074024,22.0815928879,20.4675875616,23.2088797681,10.5717387113
194,30.0,40.0,20.0,0.0,42.8293217589,4.2563477591,-1.89304859866,13.2222589635,13.0439028836,11.3765074858
195,30.0,55.0,20.0,0.0,66.0262739675,5.23085747627,3.15875667527,35.6311509472,35.357779654,27.2623846003
196,30.0,70.0,20.0,0.0,34.6002551744,5.68318401317,7.12317249095,8.64587659206,8.30011583251,5.30419935851
197,30.0,85.0,20.0,0.0,57.604190585,-4.6267876981,-7.47239963972,23.5723684555,25.5466322274,25.0256785418
198,30.0,100.0,20.0,0.0,32.6326463288,1.95270336656,4.02766726853,7.30635071267,7.36902006247,5.24544473902
199,40.0,0.0,20.0,0.0,78.6449707802,-5.03722009148,8.60203077279,50.4593080661,54.3148590401,38.0951869887
200,40.0,10.0,20.0,0.0,46.4643729005,4.37420303072,-16.9135909733,15.8026652445,15.6143239444,19.956571159
201,40.0,20.0,20.0,0.0,66.5855404512,-17.1923406515,-7.71343352732,29.9952711178,36.0859445929,34.8803658929
202,40.0,30.0,20.0,0.0,53.1417128688,21.324816363,-6.44211425321,25.1245728298,21.1761222296,20.461000528
203,40.0,40.0,20.0,0.0,56.1340234021,-16.7549831778,-25.918390067,19.637419371,24.046202579,35.0095638885
204,40.0,55.0,20.0,0.0,44.7307103743,-4.97485484415,-12.6405293059,13.0635788902,14.3499740517,16.6668421802
205,40.0,70.0,20.0,0.0,46.2581337702,-4.9275498717,10.5649158161,14.1019271869,15.4601722078,9.34827265251
206,40.0,85.0,20.0,0.0,50.8836938678,4.53903995369,-3.3475211379,19.3709345889,19.1684406068,17.23370088
207,40.0,100.0,20.0,0.0,52.0491610432,7.34121699756,20.9047446162,20.9658409227,20.1880493729,9.24568846149
208,55.0,0.0,20.0,0.0,58.0434007178,16.5619006944,5.5399540441,29.1884118878,26.0066913644,18.7841241416
209,55.0,10.0,20.0,0.0,73.8514257932,0.731485807378,5.94099530115,45.0681405039,46.4730259771,34.100554769
210,55.0,20.0,20.0,0.0,44.2407371503,8.25963220637,-15.5916183061,14.8356232738,14.0054434737,17.5805138588
211,55.0,30.0,20.0,0.0,62.5525009752,-12.6178122744,-9.66163350372,26.7199301359,31.0531801394,31.506063399
212,55.0,40.0,20.0,0.0,49.8979387518,24.9155681685,-5.98223520344,22.7509879668,18.3333370712,17.6443518392
213,55.0,55.0,20.0,0.0,53.9369843398,-20.8501838572,-12.4290331467,17.0440989854,21.9152655558,24.2701410896
214,55.0,70.0,20.0,0.0,41.5787580133,2.85873363677,-10.0406428169,12.20519546,12.2296185345,13.4725782328
215,55.0,85.0,20.0,0.0,66.0186292352,-4.70010310748,41.8298651027,32.7443203301,35.3478946908,10.1848786621
216,55.0,100.0,20.0,0.0,47.8931678443,11.7905056482,-7.03424546885,18.2733273544,16.7104942654,16.6014084644
217,70.0,0.0,20.0,0.0,55.3065817985,-19.7048364213,23.7522517948,18.361088029,23.2281641914,10.0652463565
218,70.0,10.0,20.0,0.0,56.0401783665,28.4523312304,5.34721447476,30.0459063292,23.9524736247,17.3191305735
219,70.0,20.0,20.0,0.0,76.5571015195,4.41325908975,19.4111461261,50.6289575726,50.7990125304,28.4043484624
220,70.0,30.0,20.0,0.0,45.3772687791,10.9411711433,-9.49512582842,16.1308510094,14.8131939466,15.8164991349
221,70.0,40.0,20.0,0.0,65.457020231,-10.3391153518,1.73650399002,30.5266688448,34.6267387106,27.5239477225
222,70.0,55.0,20.0,0.0,51.277954607,29.6687476849,0.675111478793,25.1979269191,19.5094205622,15.8178812697
223,70.0,70.0,20.0,0.0,53.8275675613,-23.974781467,0.207561148714,16.3971461315,21.8125667528,17.9047236517
224,70.0,85.0,20.0,0.0,33.0690325005,2.86469271082,3.3277741974,7.59953505477,7.56917449698,5.53699361
225,70.0,100.0,20.0,0.0,61.1959107493,-2.55452805674,8.27041438713,27.7701363901,29.4719531624,20.0601424097
226,85.0,0.0,20.0,0.0,34.519084683,5.83866916678,6.10145725512,8.62336607885,8.26023593666,5.48126400775
227,85.0,10.0,20.0,0.0,52.6745317198,-11.7399124173,-2.67278795566,17.7213939064,20.7497635656,18.3065128106
228,85.0,20.0,20.0,0.0,43.3774084534,7.59814632214,-11.9706436806,14.1194037328,13.4118827654,15.4197060587
229,85.0,30.0,20.0,0.0,63.8482366658,-8.64417168723,36.5785506644,29.1401251227,32.6153483765,10.6550187439
230,85.0,40.0,20.0,0.0,49.6556022217,24.8766215808,-2.43220833076,22.5124669157,18.1318200399,15.9458529437
231,85.0,55.0,20.0,0.0,54.0046322898,-23.0151882207,19.2911705659,16.704992544,21.9789210278,10.7551391726
232,85.0,70.0,20.0,0.0,38.1983857667,3.30199912304,-4.94869346695,10.2584536659,10.1996457365,9.82488185305
233,85.0,85.0,20.0,0.0,54.4575910292,-16.1799057333,-2.86500654666,18.3353418704,22.4083254586,19.8284815142
234,85.0,100.0,20.0,0.0,42.9839423012,18.3843573687,1.80218242743,15.631461106,13.1470229334,10.2811276852
235,100.0,0.0,20.0,0.0,63.6061588393,-6.76292388857,9.45866978396,29.3589573104,32.3196045881,21.52502009
236,100.0,10.0,20.0,0.0,47.3922152484,32.5836852688,10.3703928873,22.0659884987,16.3205134549,9.98521336757
237,100.0,20.0,20.0,0.0,62.6276764754,28.1608363209,4.51692520004,38.1556067416,31.1424200661,23.2118927376
238,100.0,30.0,20.0,0.0,54.4745006771,-6.25694004994,-13.757248199,20.3149464032,22.4244631593,25.525567723
239,100.0,40.0,20.0,0.0,53.4271169438,11.1466699044,-7.19449247148,23.0712738721,21.4394393993,21.0749772475
240,100.0,55.0,20.0,0.0,63.6827898591,7.28088883202,-0.147848578831,33.2859165252,32.4130296138,26.83057654
241,100.0,70.0,20.0,0.0,46.9975651108,-2.35720362204,-17.7829552927,15.0469353847,16.0175955922,20.8283344616
242,100.0,85.0,20.0,0.0,52.4026163946,27.148391906,0.00560534561416,25.7523137117,20.5042634668,16.9157499678
243,100.0,100.0,20.0,0.0,55.9277295095,-0.469106516754,31.4479297679,22.8850803155,23.8404850244,8.1802208058
244,0.0,0.0,30.0,0.0,46.4094327705,12.7843932561,-7.71599345189,17.2615411724,15.5731597423,15.8166887033
245,0.0,10.0,30.0,0.0,46.9318672077,-11.8508519578,17.4266291996,13.4662373924,15.9675353053,7.79182715174
246,0.0,20.0,30.0,0.0,40.4811678343,2.54957599122,-14.6043020806,11.4847305601,11.543487469,14.4845787082
247,0.0,30.0,30.0,0.0,63.0075266056,16.2786331347,7.91999485816,35.0492024924,31.5959509195,21.7820002642
248,0.0,40.0,30.0,0.0,53.9999658965,-14.5182797049,-9.84685096588,18.2759273076,21.9745260849,22.941107984
249,0.0,55.0,30.0,0.0,53.5152804565,0.367779226628,-5.98277522519,20.8293299929,21.5212191563,20.5513832162
250,0.0,70.0,30.0,0.0,63.8555275973,-1.33806516155,3.80137172176,31.0939925836,32.6242835011,24.7498005959
251,0.0,85.0,30.0,0.0,46.6022867754,-5.74651451144,-8.21815609848,14.2089065156,15.7179761467,16.1626218325
252,0.0,100.0,30.0,0.0,43.0553805644,-6.45347513904,-10.4727173994,11.7803252849,13.1948497699,14.6039187368
253,10.0,0.0,30.0,0.0,38.4030626765,1.27922831333,7.98944559476,10.1110092263,10.315637699,6.51653314838
254,10.0,10.0,30.0,0.0,48.5765037273,-0.990679963298,-3.84478247751,16.4594151873,17.252403867,15.76125383
255,10.0,20.0,30.0,0.0,43.0441328961,11.25725174,14.83675921,14.4796607527,13.1873119455,6.78312160782
256,10.0,30.0,30.0,0.0,55.1923549128,6.76405170692,3.4884543634,23.7981523377,23.1167144737,17.4932499184
257,10.0,40.0,30.0,0.0,60.0708718868,23.3175357783,6.19859143505,33.4193462938,28.2020848035,20.1238975434
258,10.0,55.0,30.0,0.0,57.4183205695,-4.52160042623,-4.18640584671,23.4152896493,25.3535845704,23.0643158096
259,10.0,70.0,30.0,0.0,51.7961596365,6.0323317755,-7.04876324177,20.467878557,19.96371279,19.6354005666
260,10.0,85.0,30.0,0.0,66.1329183972,11.3958955222,8.78170048139,37.6414886412,35.4958676563,24.1699611081
261,10.0,100.0,30.0,0.0,55.3677257568,13.3021390596,1.81483568053,25.4974789647,23.2879684925,18.377279834
262,20.0,0.0,30.0,0.0,34.4017878474,-1.14346770078,4.12697427354,7.78571276038,8.20283277929,5.8489749023
263,20.0,10.0,30.0,0.0,34.0382892951,1.49984816915,4.26716896526,7.90264491727,8.02663275966,5.68789847398
264,20.0,20.0,30.0,0.0,59.9304195449,5.61747949919,4.14116500392,28.4614059144,28.0461615242,21.0137198417
265,20.0,30.0,30.0,0.0,64.765029178,16.2541110802,1.59696166207,37.3216703267,33.751734432,26.9015252507
266,20.0,40.0,30.0,0.0,55.864679309,-13.3772448433,-16.8090582598,20.0847211915,23.777845895,28.7361091764
267,20.0,55.0,30.0,0.0,55.2567482381,1.65356073765,-10.878278882,22.7148457046,23.1794982764,24.6690115918
268,20.0,70.0,30.0,0.0,65.3946949325,-0.339951514839,-3.27148337825,33.2170827516,34.5473175264,30.5455073113
269,20.0,85.0,30.0,0.0,47.6036335659,-1.37565168333,-23.4312004795,15.6576993053,16.4843494637,24.3153832399
270,20.0,100.0,30.0,0.0,41.2135588214,1.6052521745,-12.2606890978,11.7974046945,11.9983885174,14.0692042663
271,30.0,0.0,30.0,0.0,48.8798007414,-11.477689595,14.3484046394,14.8786306898,17.4966359061,9.5633678697
272,30.0,10.0,30.0,0.0,46.2453435596,12.0743086116,-4.30493063181,17.002379946,15.4506458266,14.3448981165
273,30.0,20.0,30.0,0.0,56.0177814519,-0.132010296195,26.1961492812,23.0463038535,23.9301404732,9.69908550263
274,30.0,30.0,30.0,0.0,52.0796061742,26.2240864359,3.51688194906,25.2004652677,20.2151578408,15.2248344484
275,30.0,40.0,30.0,0.0,60.1749997918,23.4884014005,0.456669694137,33.5965593876,28.3180547734,23.1224724684
276,30.0,55.0,30.0,0.0,52.5672183891,-9.1113965106,-16.5570224318,18.1295643315,20.6526424743,25.2499332684
277,30.0,70.0,30.0,0.0,50.6008368007,6.02142087117,-10.2658408123,19.4232079844,18.9262725498,20.1900558713
278,30.0,85.0,30.0,0.0,59.8466525289,3.02108653513,-4.0445819283,27.709586524,27.953441673,25.2714700507
279,30.0,100.0,30.0,0.0,46.1669089788,-4.08871297502,-13.2501333574,14.1736150883,15.3923118961,18.0165372076
280,40.0,0.0,30.0,0.0,48.6789367079,-13.3252792973,-7.07538322917,14.4315634616,17.3346328388,17.2017219696
281,40.0,10.0,30.0,0.0,54.1570635446,17.3831376346,25.0115510657,25.2273430513,22.1228075709,9.11043404183
282,40.0,20.0,30.0,0.0,37.3719045845,1.04652398336,4.20947062396,9.52111580733,9.74011613478,6.98339488591
283,40.0,30.0,30.0,0.0,47.1788936491,-1.36536308857,12.790417917,15.3462941031,16.1563064394,9.16460774104
284,40.0,40.0,30.0,0.0,69.8303131451,5.64109078584,12.0076317297,40.8765898913,40.5086829573,25.9300058179
285,40.0,55.0,30.0,0.0,62.593306984,27.4683765364,10.3971204425,37.8940755428,31.1015992743,20.196695611
286,40.0,70.0,30.0,0.0,55.1120658322,-8.53874261575,-7.4248178024,20.4106215743,23.0385911682,22.676082328
287,40.0,85.0,30.0,0.0,54.2454467854,9.52553344167,-3.53947504746,23.4989251166,22.2065232916,19.9765304285
288,40.0,100.0,30.0,0.0,64.7905803829,6.39273195493,6.03870265854,34.404816532,33.7837781402,24.4047008586
289,55.0,0.0,30.0,0.0,46.0526619001,-7.54269184989,-4.06773986752,13.5471445561,15.3076062087,14.1264944792
290,55.0,10.0,30.0,0.0,33.8976373528,-2.03847136626,2.90719124319,7.45879539065,7.95913698225,5.92360466392
291,55.0,20.0,30.0,0.0,34.8712582279,2.58607683489,5.94334527549,8.42422276436,8.43419175321,5.63810070563
292,55.0,30.0,30.0,0.0,35.6290486315,-0.0697280256321,5.83828201146,8.49396218625,8.81674742077,5.93517840151
293,55.0,40.0,30.0,0.0,33.2693359097,0.258121543656,2.84496416907,7.4156461731,7.66224718015,5.70798572209
294,55.0,55.0,30.0,0.0,53.1006481837,-10.015264564,-10.8005273323,18.3958156322,21.1384138309,22.6278534746
295,55.0,70.0,30.0,0.0,52.600869586,12.4150316794,21.1254312081,22.5637339832,20.6830649106,9.45743407231
296,55.0,85.0,30.0,0.0,61.7558628901,3.62102351638,1.52575917893,29.9941524771,30.1179541753,24.0116122649
297,55.0,100.0,30.0,0.0,45.424613384,-5.24637710405,8.77100406714,13.483015606,14.847499771,9.45205325914
298,70.0,0.0,30.0,0.0,40.4463917648,-4.55694909847,6.07652288349,10.4981083096,11.5221782423,7.83509012489
299,70.0,10.0,30.0,0.0,51.8893220801,-7.0903340996,-14.169612065,17.9590379283,20.046125652,23.3034802164
300,70.0,20.0,30.0,0.0,44.801739041,9.55656536166,13.8199989372,15.4613682918,14.4003827531,7.77489888004
301,70.0,30.0,30.0,0.0,59.8608346841,3.15707726565,-3.16098290898,27.7592800383,27.9691251937,24.7913924099
302,70.0,40.0,30.0,0.0,50.4363352313,24.4713363324,24.2518758699,23.1680414825,18.7863771056,7.59257191744
303,70.0,55.0,30.0,0.0,77.0740968931,5.21287549334,10.6774183387,51.7777434195,51.6550189314,34.6666908935
304,70.0,70.0,30.0,0.0,45.5557655242,11.3074132052,-13.3314482036,16.331152075,14.942808899,17.5836577431
305,70.0,85.0,30.0,0.0,64.4710494072,-9.02558477466,-4.37934048716,29.7443204349,33.3845115978,30.2373013934
306,70.0,100.0,30.0,0.0,52.2210608453,28.4312833129,-3.06312630504,25.8725471192,20.3414279939,18.129501818
307,85.0,0.0,30.0,0.0,54.5859839382,-18.9816592548,-18.9006068401,17.9085580302,22.5310510318,28.6668749148
308,85.0,10.0,30.0,0.0,57.5907270167,16.0887196163,10.0492478794,28.5606154295,25.5326159364,16.4473838451
309,85.0,20.0,30.0,0.0,53.1098140734,7.53935517229,12.3638209911,21.9796254799,21.1468266927,12.5609752263
310,85.0,30.0,30.0,0.0,49.8700088495,2.86429088824,0.498604029342,18.1960625489,18.3100359789,14.909584487
311,85.0,40.0,30.0,0.0,46.7466604269,-4.0822733364,2.33859761811,14.581180135,15.8269737152,12.230205465
312,85.0,55.0,30.0,0.0,43.7218130762,-6.42976778443,-9.23794286235,12.1977299793,13.6466164004,14.5704870735
313,85.0,70.0,30.0,0.0,76.5406242497,-5.75901880114,16.3911979839,46.8689806082,50.7718872201,30.26207306
314,85.0,85.0,30.0,0.0,45.2799085366,3.39210731379,-11.3977179086,14.7712055612,14.7428130224,16.5410735703
315,85.0,100.0,30.0,0.0,64.4213884965,-18.8454628913,-1.14833302247,27.1719561862,33.3227422161,28.1835383145
316,100.0,0.0,30.0,0.0,52.3643081367,19.6075272207,-1.43763667618,23.9472529454,20.4698330823,17.5153272685
317,100.0,10.0,30.0,0.0,54.3421517476,-22.5689270521,-4.39921082358,17.0491412464,22.2983629266,20.4741047267
318,100.0,20.0,30.0,0.0,41.0488312746,0.932006899689,-5.763672717,11.6012648352,11.895050426,11.6430867323
319,100.0,30.0,30.0,0.0,70.0248673778,-4.12293335254,9.04513191105,38.0312177098,40.7847747024,27.8628459385
320,100.0,40.0,30.0,0.0,45.6720380664,11.4071757198,10.718455549,16.437812856,15.0276452554,9.01498512389
321,100.0,55.0,30.0,0.0,60.5507417824,-17.3850129177,-6.01401433094,23.5593478002,28.7391714003,27.1042808802
322,100.0,70.0,30.0,0.0,52.2508710725,32.1827923651,23.0831750178,26.8176825786,20.3681051339,8.72900817843
323,100.0,85.0,30.0,0.0,74.163917283,-0.0816981151543,14.3761927443,45.2543832949,46.959595577,28.9604053144
324,100.0,100.0,30.0,0.0,47.8391711248,14.7571584219,-7.17282456982,18.8001665006,16.6681634702,16.620744126
325,0.0,0.0,40.0,0.0,62.2176803738,-13.9375984196,-3.07119163495,26.0462258016,30.6577888936,27.0637674476
326,0.0,10.0,40.0,0.0,53.7857372506,33.8877324087,2.85817949118,28.9215717951,21.7733896773,16.7152097301
327,0.0,20.0,40.0,0.0,65.0268965785,4.28135548795,14.4618660874,34.087744331,34.0811034923,20.2602531616
328,0.0,30.0,40.0,0.0,33.4279884439,3.87557561004,4.58985734953,7.8748545001,7.73650555525,5.40657372021
329,0.0,40.0,40.0,0.0,56.1376672222,-7.00570204884,2.3861269132,21.6586664958,24.0498468148,18.7233156986
330,0.0,55.0,40.0,0.0,50.3692629955,22.4038999577,1.09512603211,22.6450927035,18.7295359523,15.0143662382
331,0.0,70.0,40.0,0.0,35.4509402465,3.81245428,-2.99424263418,8.85571503796,8.72581456726,7.95364582019
332,0.0,85.0,40.0,0.0,42.6312672867,-9.58294819431,9.95317173797,11.0881449637,12.9126053072,7.80688466752
333,0.0,100.0,40.0,0.0,37.8682163391,10.4347900629,1.46049817142,11.0181550638,10.0143742881,7.87919621751
334,10.0,0.0,40.0,0.0,46.1816379798,-4.08269082939,16.409170613,14.184818885,15.4032550377,7.72119393238
335,10.0,10.0,40.0,0.0,40.1506888992,16.4001089513,5.51659538574,13.3144627608,11.3420432486,7.8480020045
336,10.0,20.0,40.0,0.0,52.655125554,-30.569842513,20.4649995038,14.4143123358,20.7321780256,9.67933905425
337,10.0,30.0,40.0,0.0,44.046860675,15.9071633324,-16.246401765,15.9962322049,13.8706544612,17.7224065253
338,10.0,40.0,40.0,0.0,63.775055195,-17.3151305807,40.2791662541,26.8609152606,32.5257539517,9.49021025353
339,10.0,55.0,40.0,0.0,48.8004523271,32.3644570585,-4.90759158332,23.3568048951,17.4325188903,16.3635633382
340,10.0,70.0,40.0,0.0,76.0005602698,-0.695244536971,61.2965632841,47.854350832,49.8881556783,9.50809464621
341,10.0,85.0,40.0,0.0,54.4824587057,-28.2386701923,1.1447857381,16.1425642026,22.4320605741,17.9906256384
342,10.0,100.0,40.0,0.0,42.7559993018,11.6643042456,-3.4656950568,14.3436214721,12.9951914871,11.860942108
343,20.0,0.0,40.0,0.0,65.9874187556,-17.3831370276,16.4972797627,29.2657959582,35.3075573308,20.0767101719
344,20.0,10.0,40.0,0.0,48.8264126199,30.5694298657,6.85076075955,22.9804475692,17.4534786802,11.9118827376
345,20.0,20.0,40.0,0.0,79.2844330257,-1.90713564145,35.9651404076,52.7033297686,55.4232379539,21.7914170612
346,20.0,30.0,40.0,0.0,56.7513101507,-21.3478666475,-24.8894873115,19.2530051842,24.6688263929,35.0342984195
347,20.0,40.0,40.0,0.0,41.7126178385,8.9379913832,6.48211091346,13.2020021023,12.3151116982,8.3019799419
348,20.0,55.0,40.0,0.0,66.970363026,-12.397455808,-9.93452981267,31.7423221947,36.5927461754,36.9301936306
349,20.0,70.0,40.0,0.0,46.7854447807,29.0973841768,17.3217668733,20.7714146811,15.8563403034,7.75400840239
350,20.0,85.0,40.0,0.0,80.4872356391,0.0293056800618,5.51218329488,55.5057081308,57.548714162,42.9183172802
351,20.0,100.0,40.0,0.0,34.6336619588,1.72176071208,2.77604257659,8.21093037278,8.31656614184,6.22801294288
352,30.0,0.0,40.0,0.0,41.8752562079,-6.73739104255,0.929317840974,11.0317219592,12.4195200273,9.96375269329
353,30.0,10.0,40.0,0.0,36.9099543735,8.36621020592,6.41139901749,10.19501538,9.48938776072,6.29217915121
354,30.0,20.0,40.0,0.0,47.0145584801,-2.6023445943,7.21020602445,15.0181280813,16.0305611574,10.764405026
355,30.0,30.0,40.0,0.0,39.0144359845,15.7755964254,10.2113478058,12.4790537149,10.6673372825,6.25407882438
356,30.0,40.0,40.0,0.0,32.569278482,3.61339721287,1.47352115067,7.45104479581,7.34025230307,5.74235308835
357,30.0,55.0,40.0,0.0,54.1100643464,-9.71347028296,28.5200275485,19.3024026573,22.0783762146,8.12572729656
358,30.0,70.0,40.0,0.0,34.4963775169,6.41761396029,5.09542196858,8.67914636172,8.24910258435,5.67990246546
359,30.0,85.0,40.0,0.0,62.055752648,-4.68397434235,41.3411032912,28.1698788583,30.4677777931,8.35977914326
360,30.0,100.0,40.0,0.0,45.3887802063,19.1270499759,-14.4968264536,17.621128214,14.8215302407,17.973977031
361,40.0,0.0,40.0,0.0,57.8609270321,-17.1057821177,26.7512411292,21.0923924984,25.8148909575,10.4990644307
362,40.0,10.0,40.0,0.0,52.198632172,38.7128540805,-4.53037192305,28.4021238112,20.3213719616,18.7809582501
363,40.0,20.0,40.0,0.0,69.6566141399,-0.394875506844,46.7493022027,38.7012294634,40.2632421263,10.6056704434
364,40.0,30.0,40.0,0.0,74.6785372305,12.046989778,1.55106994237,50.4546169636,47.768274027,38.2523502587
365,40.0,40.0,40.0,0.0,52.4421197691,21.4098252575,23.4317805541,24.4392408769,20.5398083995,8.72378614028
366,40.0,55.0,40.0,0.0,62.5438415451,-1.93804547101,-12.0371181092,29.4233991307,31.0429115981,33.0689136298
367,40.0,70.0,40.0,0.0,45.4285859225,2.72829968469,10.4040616074,14.767403318,14.8503806722,8.98521836587
368,40.0,85.0,40.0,0.0,54.1902259188,-12.6690816074,-25.0106269761,18.7902462572,22.1541939327,32.1166127269
369,40.0,100.0,40.0,0.0,40.7234716662,11.6483438471,11.691744178,12.964724124,11.6926901728,6.58475494173
370,55.0,0.0,40.0,0.0,44.9540507689,1.27128386836,6.03519336228,14.1949222234,14.5088753517,10.0250756167
371,55.0,10.0,40.0,0.0,38.5628425759,4.97963438475,7.7174209855,10.6862557157,10.4067949065,6.64206769281
372,55.0,20.0,40.0,0.0,40.1583930385,-2.97039071471,0.783832825464,10.5437093218,11.3467124346,9.13668829536
373,55.0,30.0,40.0,0.0,35.9048287976,-0.373246984682,3.54614573595,8.59575667299,8.95878926739,6.54756677982
374,55.0,40.0,40.0,0.0,71.241014027,10.1483192798,28.5017824618,44.4317829094,42.53908527,18.6886180788
375,55.0,55.0,40.0,0.0,53.6776180699,21.7097558933,9.52563111392,25.766007201,21.6723457197,13.9566412857
376,55.0,70.0,40.0,0.0,60.361370233,-6.9810792157,11.8663294541,25.7944463235,28.5264133391,17.7293914134
377,55.0,85.0,40.0,0.0,45.5405544968,4.11162893271,-1.95246828452,15.0785872364,14.9317340966,13.0129632838
378,55.0,100.0,40.0,0.0,50.231575498,-19.5332543455,-2.01957121207,14.5107145201,18.6132105672,16.1871841431
379,70.0,0.0,40.0,0.0,41.3756105497,13.5021559953,6.29954002164,13.6860156112,12.1006302958,8.19574777845
380,70.0,10.0,40.0,0.0,42.4177760052,0.216933124105,13.0587526606,12.3479054442,12.772064107,6.9477866012
381,70.0,20.0,40.0,0.0,38.9551246001,7.25149175398,1.91816232966,11.2240037496,10.6328729097,8.25111957292
382,70.0,30.0,40.0,0.0,39.6131317982,-4.90752248152,7.6408052319,9.98660978886,11.0194036062,7.08717528904
383,70.0,40.0,40.0,0.0,36.9722215712,1.51060217697,-1.88483421148,9.36638898216,9.52293002544,8.35398932041
384,70.0,55.0,40.0,0.0,69.0476792335,9.83341035403,51.1875643954,41.1445358324,39.4106351216,8.96803318911
385,70.0,70.0,40.0,0.0,55.6481787181,24.733092671,-7.07401596005,28.6304228739,23.5635921913,22.9774595527
386,70.0,85.0,40.0,0.0,59.6807242668,-8.16919954979,33.4494848087,24.8169722657,27.7703831123,9.42318771349
387,70.0,100.0,40.0,0.0,49.0441722249,8.61959064433,-18.4812626749,18.6172013619,17.6299550718,22.9885600652
388,85.0,0.0,40.0,0.0,49.8270725375,-22.9318113941,16.623643062,13.6851888455,18.2742540004,9.3757179825
389,85.0,10.0,40.0,0.0,55.8825074647,40.5109991861,7.50001075433,33.1744946777,23.7955466758,16.2807177571
390,85.0,20.0,40.0,0.0,59.3089114984,0.62794252214,30.6370384361,26.5395353219,27.3630902978,10.070051463
391,85.0,30.0,40.0,0.0,48.7770588396,19.9010880687,-5.21049450824,20.6444875143,17.4136458643,16.4743279031
392,85.0,40.0,40.0,0.0,49.0480225083,-15.534583965,14.4659052408,14.3309398343,17.6330860675,9.6142210866
393,85.0,55.0,40.0,0.0,55.9239865336,13.816828582,-2.07360665022,26.1979667937,23.836763384,20.6710521739
394,85.0,70.0,40.0,0.0,57.4621478721,-4.08028927138,33.3043898447,23.5574979669,25.3990163919,8.3912101198
395,85.0,85.0,40.0,0.0,34.3454830579,2.73866785619,2.49832349017,8.18573291926,8.17537285968,6.17969690892
396,85.0,100.0,40.0,0.0,46.7083557786,-19.0054131569,14.5384852713,12.2411382041,15.7980059594,8.45199764224
397,100.0,0.0,40.0,0.0,45.7243066324,-15.5480480883,11.4590336704,12.1268886759,15.0658865422,8.83224514019
398,100.0,10.0,40.0,0.0,53.6475735739,-0.964292425687,-20.231367549,20.6710472762,21.6443229199,28.4915701594
399,100.0,20.0,40.0,0.0,54.446129006,2.09648608399,24.4106741972,22.0481576274,22.3973910953,9.42716393893
400,100.0,30.0,40.0,0.0,62.7097284089,14.2329285217,-7.50582079734,34.0772682129,31.2400178867,30.2942020939
401,100.0,40.0,40.0,0.0,63.8219529127,21.6376739517,42.4280260467,37.7283060069,32.583150861,8.89765462172
402,100.0,55.0,40.0,0.0,47.7758185976,-11.6187598935,-4.02286098846,14.0779370021,16.6185893911,15.2727886595
403,100.0,70.0,40.0,0.0,51.3414404433,-5.85479695928,2.41601458601,17.7474083709,19.5647020143,15.1560096589
404,100.0,85.0,40.0,0.0,54.622433799,2.33136819536,8.86357098488,22.2640769582,22.5659734534,14.8419903914
405,100.0,100.0,40.0,0.0,59.8306321082,10.2486232719,14.6573404525,29.5525527345,27.9357323359,16.1342500827
406,0.0,0.0,55.0,0.0,65.1728547321,20.4106122461,22.8630561253,39.168672094,34.2656118918,16.5569378002
407,0.0,10.0,55.0,0.0,37.9604893945,-1.69502345155,-1.99046192284,9.49585685129,10.0659245752,8.85000402173
408,0.0,20.0,55.0,0.0,38.5397587316,-1.9574541644,6.77530990804,9.77421561241,10.3935921185,6.85245334396
409,0.0,30.0,55.0,0.0,41.1256300997,2.48521444921,2.69893509965,11.8689790618,11.9431542809,9.06624733299
410,0.0,40.0,55.0,0.0,41.2650133228,3.7709169591,11.7257278425,12.1411082859,12.0307895691,6.79332529184
411,0.0,55.0,55.0,0.0,43.8761241401,8.68938900192,7.37495200856,14.6467448393,13.7526716036,9.08506058619
412,0.0,70.0,55.0,0.0,49.0307677744,-5.11904466301,-23.6199985392,16.0760430429,17.6190576546,25.7965642948
413,0.0,85.0,55.0,0.0,48.0434741043,-7.01221487272,15.5343100129,15.0223340626,16.8287043311,8.81085800546
414,0.0,100.0,55.0,0.0,56.5368843063,7.50087230838,-12.5299797473,25.3163351229,24.4513433536,26.8666471527
415,10.0,0.0,55.0,0.0,57.0577155786,10.7004518179,30.6141790724,26.6299894695,24.9818327842,8.94016595625
416,10.0,10.0,55.0,0.0,66.3149472351,21.7539502338,0.275964247311,41.1909608395,35.7323965235,29.3113124734
417,10.0,20.0,55.0,0.0,36.3077223369,-4.32903910804,4.19763935687,8.34207943648,9.16903143132,6.55743375114
418,10.0,30.0,55.0,0.0,39.8445903086,-0.457228899441,-0.13288530945,10.6979950279,11.157563312,9.24432689176
419,10.0,40.0,55.0,0.0,41.4560932784,0.586017343545,9.85734600345,11.8011369111,12.1516236614,7.3212446214
420,10.0,55.0,55.0,0.0,43.0883671423,5.11346540881,4.71047529699,13.5282379115,13.2169728736,9.46154941192
421,10.0,70.0,55.0,0.0,43.7070167497,7.45503522743,14.6054633817,14.3257527557,13.636475896,7.10979088595
422,10.0,85.0,55.0,0.0,33.64625576,-0.00832218999197,0.0723977671897,7.55866473209,7.83944889234,6.4519664483
423,10.0,100.0,55.0,0.0,35.3349763174,-2.41746693731,6.30454860306,8.08655546117,8.66694679142,5.72925786701
424,20.0,0.0,55.0,0.0,35.1589842996,1.17470227186,3.62168108799,8.40473857934,8.57811319508,6.24130531256
425,20.0,10.0,55.0,0.0,52.7592424153,11.1351408708,27.9386775431,22.4327729285,20.8266434186,7.67312793136
426,20.0,20.0,55.0,0.0,47.8215832061,-1.23555290119,-12.4767843183,15.8443351506,16.6543908503,18.9660174841
427,20.0,30.0,55.0,0.0,48.4703117915,2.2988390424,12.9072052772,16.9687296451,17.1674323219,9.7813065649
428,20.0,40.0,55.0,0.0,55.1330381037,14.4979237475,-1.60459093114,25.5414086714,23.0589807081,19.7826618183
429,20.0,55.0,55.0,0.0,57.0119355599,22.4631270449,27.3137379086,29.5696376191,24.9348992499,9.87731444121
430,20.0,70.0,55.0,0.0,59.8863291217,35.4801154203,-1.30227412251,36.7704264236,27.9973332981,23.7974020465
431,20.0,85.0,55.0,0.0,63.6600439464,0.225059662385,40.2537200919,31.2904337162,32.385280077,9.43970461018
432,20.0,100.0,55.0,0.0,51.6843487981,17.8567197149,-12.9333027483,22.8929304901,19.8651018874,22.4667455867
433,30.0,0.0,55.0,0.0,53.7632648281,-15.6729053429,21.7767237364,17.863875529,21.7523620311,9.85804443689
434,30.0,10.0,55.0,0.0,45.2506453615,2.33680748669,-22.4306038856,14.5763756958,14.7217025698,21.647453611
435,30.0,20.0,55.0,0.0,45.9620654339,3.58217933153,17.2275033754,15.2958166118,15.240657045,7.41986557502
436,30.0,30.0,55.0,0.0,40.1165391224,9.2307779186,3.76527153089,12.215317106,11.3213617894,8.2926070442
437,30.0,40.0,55.0,0.0,41.6364678656,-2.56897118897,10.8525572815,11.4653009544,12.266427791,7.15406693804
438,30.0,55.0,55.0,0.0,37.8987385082,3.80155156078,0.13692562007,10.155912439,10.0314066127,8.24042669811
439,30.0,70.0,55.0,0.0,38.128465149,-6.9553314658,5.36984644247,8.94709606137,10.1602213586,7.0178164653
440,30.0,85.0,55.0,0.0,56.8460382769,33.04456752,16.5850513243,32.2421662615,24.7653143775,13.3609322853
441,30.0,100.0,55.0,0.0,65.0778579319,0.838739707182,19.1786627117,33.1639488288,34.1454492276,18.095769265
442,40.0,0.0,55.0,0.0,49.9663660506,12.9057647168,3.86021736714,20.2599104955,18.3905074712,13.6808934265
443,40.0,10.0,55.0,0.0,53.6904215977,-14.1134808311,3.43770055133,18.09906938,21.6842950435,16.3996565462
444,40.0,20.0,55.0,0.0,43.0064532493,-2.32196794638,-6.70190621555,12.3476850867,13.1620811799,13.1508417692
445,40.0,30.0,55.0,0.0,46.4307092994,4.57865262473,8.39528291291,15.8129503207,15.5890927067,10.0816150364
446,40.0,40.0,55.0,0.0,39.2691209131,8.3072929865,9.13284607579,11.559595294,10.8161749456,6.59655314807
447,40.0,55.0,55.0,0.0,42.3687848949,-0.552280911397,3.09397236893,12.2043602813,12.7399578008,9.57176813644
448,40.0,70.0,55.0,0.0,37.5683199297,1.78220745646,5.15541996196,9.71802799218,9.84804693119,6.83950294744
449,40.0,85.0,55.0,0.0,39.0877093934,-4.71733332198,-1.84024522804,9.72423799017,10.7100173717,9.36055360127
450,40.0,100.0,55.0,0.0,55.7805709609,31.3572287842,31.3805944027,30.5233126275,23.6944568521,8.1309060646
451,55.0,0.0,55.0,0.0,68.1149683596,2.73548132686,-6.25197469293,37.605314368,38.1281637355,35.7062687568
452,55.0,10.0,55.0,0.0,49.0875123894,12.0988402643,18.6411829252,19.3347672066,17.6652200786,8.45180702611
453,55.0,20.0,55.0,0.0,58.7682768128,-9.3923353337,-20.2027459829,23.6294313121,26.7780006029,34.1956221631
454,55.0,30.0,55.0,0.0,42.4101978656,-6.54714570912,6.97326015744,11.3755632756,12.7670942534,8.4939590315
455,55.0,40.0,55.0,0.0,70.2725710549,15.1530557955,13.3131373212,44.7190229645,41.1381024053,25.6206055805
456,55.0,55.0,55.0,0.0,48.5628923169,21.4418097518,16.3791506357,20.7726283242,17.2414968012,8.82499146404
457,55.0,70.0,55.0,0.0,59.7790283975,-0.334576613995,-1.61639356597,26.8008210974,27.8787392734,23.8672294186
458,55.0,85.0,55.0,0.0,42.6494405087,1.12749475436,4.6183095721,12.6306547173,12.9246161197,9.26872662235
459,55.0,100.0,55.0,0.0,66.2754759464,4.47091068595,8.67065093938,35.7248410852,35.6810184597,24.3652823056
460,70.0,0.0,55.0,0.0,35.6586330383,2.24665937507,7.46855919887,8.77697640553,8.83191258903,5.60348682686
461,70.0,10.0,55.0,0.0,56.8565389546,-6.6179931762,-3.00900826014,22.4125632987,24.7760256013,21.947362038
462,70.0,20.0,55.0,0.0,33.9412118237,-1.04662350642,4.36274984989,7.58338921936,7.98000679623,5.63335807639
463,70.0,30.0,55.0,0.0,41.1679539319,-9.10329502821,-2.31861481776,10.309793552,11.969719659,10.5897713421
464,70.0,40.0,55.0,0.0,36.6184956402,4.50754547182,3.38454755614,9.54753703644,9.33343086153,6.87090244852
465,70.0,55.0,55.0,0.0,45.3311139206,-5.14714741012,3.94225425764,13.4357218075,14.7798011183,10.8811735895
466,70.0,70.0,55.0,0.0,37.754635674,11.6950956731,7.60051251296,11.1234911482,9.95116209511,6.35184424883
467,70.0,85.0,55.0,0.0,49.4445911711,0.0479881208849,10.2667783955,17.3252357485,17.9575593074,11.1291981809
468,70.0,100.0,55.0,0.0,39.4395227576,0.0663625640411,3.15294121201,10.5355321009,10.9165267048,8.14502300943
469,85.0,0.0,55.0,0.0,62.2138802334,-17.3471586269,-18.0654794428,25.2267187034,30.6533206618,36.8796087916
470,85.0,10.0,55.0,0.0,44.6977521804,19.0509769582,12.0734635334,17.0581129329,14.3266237926,8.18351833867
471,85.0,20.0,55.0,0.0,72.8238537761,-6.99932855979,-2.74590708304,40.9624429327,44.8967462378,39.0730962249
472,85.0,30.0,55.0,0.0,51.2783970707,39.9866665916,23.2070715589,27.718013587,19.5098054847,8.23995538823
473,85.0,40.0,55.0,0.0,39.6743719661,-10.0214701931,6.897991298,9.3804710507,11.055846807,7.29356085682
474,85.0,55.0,55.0,0.0,35.847596283,6.14138791827,-0.0840023949881,9.33991660075,8.9291868839,7.38830256113
475,85.0,70.0,55.0,0.0,43.1944425982,-6.59587919133,12.6220363004,11.8455446633,13.2882820769,7.37863035675
476,85.0,85.0,55.0,0.0,38.4403488031,12.4511858131,3.17169880917,11.6401853129,10.3368622677,7.69327374196
477,85.0,100.0,55.0,0.0,47.9767852016,-0.910274145905,19.7268990934,16.0175333204,16.7761875243,7.66453493797
478,100.0,0.0,55.0,0.0,40.1426847188,3.57061355185,-7.94839862097,11.4235033488,11.337193576,11.8531285008
479,100.0,10.0,55.0,0.0,58.7360152291,-23.4558498636,6.73054130799,20.5554978214,26.7433524326,18.7857741788
480,100.0,20.0,55.0,0.0,45.5121276181,20.7569531064,1.0720041613,18.0269338704,14.9110518054,11.9338555988
481,100.0,30.0,55.0,0.0,70.7960391977,-10.3163109347,24.6265414909,37.1453604744,41.8914848381,20.1546975397
482,100.0,40.0,55.0,0.0,52.2972725545,40.2842552868,12.509968902,28.9165756851,20.4096761619,12.0229331604
483,100.0,55.0,55.0,0.0,41.1893007718,7.35450127657,-18.5072772296,12.6207042066,11.9831333512,16.5651596093
484,100.0,70.0,55.0,0.0,57.3435770143,-25.1473449879,27.8030591084,19.0076690093,25.2762296896,9.90212878171
485,100.0,85.0,55.0,0.0,47.2761026289,25.2319643476,-11.8206397213,20.4095948575,16.2309970058,18.2341315185
486,100.0,100.0,55.0,0.0,70.7647697474,-10.494279268,50.4125192468,37.0496449804,41.8462252208,10.0627444322
487,0.0,0.0,70.0,0.0,54.1641842371,44.2190605968,-0.517853372496,32.1349154965,22.1295444135,18.494682942
488,0.0,10.0,70.0,0.0,54.1448414653,-10.3822264131,-13.2138718343,19.1998601198,22.1112475257,24.9013362887
489,0.0,20.0,70.0,0.0,34.1651884907,3.0754212014,5.60280735201,8.13661781302,8.08785539031,5.45865644889
490,0.0,30.0,70.0,0.0,62.0967898569,-1.01910445902,-2.67759618009,29.1598599849,30.5158576582,26.7109318672
491,0.0,40.0,70.0,0.0,45.3494198647,25.5905167655,16.1542073661,18.8199520868,14.7930393734,7.42409218621
492,0.0,55.0,70.0,0.0,56.7321326739,-19.0455532843,-10.620058175,19.6950500396,24.6493231915,25.9555408246
493,0.0,70.0,70.0,0.0,43.120588809,12.9447323946,8.80804032412,14.8118597994,13.2386068361,8.3292139905
494,0.0,85.0,70.0,0.0,67.0652292714,-6.779246146,3.50263443375,33.4339957287,36.718407446,28.1275607036
495,0.0,100.0,70.0,0.0,49.7933267162,34.7666821893,20.4884580347,24.8914385559,18.2461638726,8.28215866733
496,10.0,0.0,70.0,0.0,43.4332284582,10.7798416547,-19.9511872118,14.6766464629,13.4497433961,18.9234499131
497,10.0,10.0,70.0,0.0,55.5696016234,28.3443772158,12.8544587164,29.4814016084,23.4861500802,13.9313748197
498,10.0,20.0,70.0,0.0,44.998721353,-6.93804135807,-0.763623350235,12.9406589182,14.5407975139,12.2609205257
499,10.0,30.0,70.0,0.0,51.933376444,5.50017059949,27.5089280368,20.4800874207,20.0851756446,7.42332891751
500,10.0,40.0,70.0,0.0,45.3859661872,-10.9769747494,-11.6154367364,12.5845856854,14.8194921081,16.7114755456
501,10.0,55.0,70.0,0.0,43.2169043728,-15.3430475047,8.84617243879,10.6513108937,13.3034148322,8.36358796706
502,10.0,70.0,70.0,0.0,52.9288465387,5.65240306699,10.8480361502,21.4088601631,20.9811392146,12.9905514972
503,10.0,85.0,70.0,0.0,39.0430774073,-6.96733885012,4.81172178318,9.42128625318,10.684006733,7.54137865829
504,10.0,100.0,70.0,0.0,53.9700476839,38.4770844814,15.388283429,30.3398398302,21.9463621745,12.024914348
505,20.0,0.0,70.0,0.0,43.3930884911,10.2068577211,-14.6246056546,14.5539502592,13.4225107654,16.5299475547
506,20.0,10.0,70.0,0.0,36.6215542978,3.35538891132,-1.08400039751,9.4071947146,9.33505858358,7.98179547499
507,20.0,20.0,70.0,0.0,52.0458966829,32.194218256,10.9908456013,26.6032785122,20.1851442126,12.3988775435
508,20.0,30.0,70.0,0.0,44.0717191918,-10.15209019,6.8564390516,11.8777650179,13.8878883344,9.33054775542
509,20.0,40.0,70.0,0.0,65.546152133,9.59183049078,20.5124846862,36.318211703,34.7405309454,17.8598593077
510,20.0,55.0,70.0,0.0,44.2604195495,-14.8188041657,1.18155887363,11.3343410774,14.0191759155,11.1771149868
511,20.0,70.0,70.0,0.0,43.4179893988,23.8074372354,5.6354099197,16.9199659174,13.4394002483,9.35775347803
512,20.0,85.0,70.0,0.0,51.7478787215,-5.84782665954,22.0419916869,18.0787114172,19.9210917888,8.77725550231
513,20.0,100.0,70.0,0.0,40.0813628504,12.9236374226,0.11959405132,12.7394277819,11.3000849756,9.28919848912
514,30.0,0.0,70.0,0.0,45.0734885942,-12.9105015463,12.906576314,12.1025494972,14.5943318376,8.13447952033
515,30.0,10.0,70.0,0.0,37.1649195744,4.1768360196,-4.86479629153,9.80043373871,9.62723373594,9.27651882602
516,30.0,20.0,70.0,0.0,63.633852722,2.98943014516,24.7401526329,32.0204470269,32.3533469554,14.7084385359
517,30.0,30.0,70.0,0.0,54.4715068271,37.7898561795,19.7485739986,30.7361280185,22.4216054182,10.8661025994
518,30.0,40.0,70.0,0.0,56.6075319798,-8.64564943382,12.2178649417,21.7411488555,24.5228564959,14.8689390095
519,30.0,55.0,70.0,0.0,47.8030425537,17.7430830593,8.07964028847,19.3561286291,16.6398803872,10.9211638509
520,30.0,70.0,70.0,0.0,47.9701826854,-17.8415138419,0.689193899475,13.2316492505,16.7709940645,13.5800354511
521,30.0,85.0,70.0,0.0,50.7237231159,36.2251585162,17.1632487834,26.196365361,19.0312295135,9.67096174154
522,30.0,100.0,70.0,0.0,34.9405102275,1.06107097453,3.50425061037,8.28527836376,8.46868353604,6.18409208657
523,40.0,0.0,70.0,0.0,44.169147464,13.9444449262,5.03138354154,15.7467720061,13.9555708648,9.91934558603
524,40.0,10.0,70.0,0.0,59.4711564186,-15.0820639171,-14.110675945,23.0318643695,27.5403240535,30.9468307536
525,40.0,20.0,70.0,0.0,50.4556668448,34.9520444432,18.4278126547,25.6113989355,18.8027812314,9.1681012172
526,40.0,30.0,70.0,0.0,70.3094428591,-12.8073067979,5.50252139202,35.7575522537,41.1908706632,30.3542837358
527,40.0,40.0,70.0,0.0,43.9485179988,13.5479716608,7.19856286286,15.5150026785,13.8026153775,9.17096995841
528,40.0,55.0,70.0,0.0,59.3722711016,-24.0132039791,-8.83214256975,21.0099521771,27.4322125388,27.5702281987
529,40.0,70.0,70.0,0.0,57.5697359116,-27.2967601451,4.42288827038,18.7784203405,25.5107733083,18.9230850703
530,40.0,85.0,70.0,0.0,63.8899760351,-3.18243867723,14.5961722658,30.6348793326,32.6665225491,19.2606582427
531,40.0,100.0,70.0,0.0,49.6167253018,-8.15158523151,-1.90334462561,15.9873757813,18.0996297025,15.7005962021
532,55.0,0.0,70.0,0.0,44.5480613121,14.9509228393,-1.85834951345,16.2074839487,14.2208893872,12.3715738466
533,55.0,10.0,70.0,0.0,37.6118846433,5.06524152774,5.7345298663,10.1594291081,9.872093402,6.72159929043
534,55.0,20.0,70.0,0.0,38.2638401,7.59562177794,-2.58733472934,10.8643980516,10.2366441224,9.16660136189
535,55.0,30.0,70.0,0.0,43.1362848245,10.7281653858,12.0828707406,14.4581152705,13.2491538496,7.48779116485
536,55.0,40.0,70.0,0.0,41.9168301655,-1.15933807063,-1.75389048452,11.8354808336,12.4463034726,10.8201856862
537,55.0,55.0,70.0,0.0,61.8569254223,5.35782532066,16.9765435141,30.574877722,30.2355435555,16.6289000651
538,55.0,70.0,70.0,0.0,56.7520770603,-18.0909878059,5.97110024693,19.9045813297,24.6696065421,17.5842922689
539,55.0,85.0,70.0,0.0,45.9114639537,-12.0804942447,5.8409615352,12.7582892348,15.2033485643,10.5957208389
540,55.0,100.0,70.0,0.0,59.3964659541,1.55215398094,13.966334626,26.8594482261,27.4586386265,16.11026327
541,70.0,0.0,70.0,0.0,46.4058733117,-3.87942102165,-3.03430475086,14.374259336,15.5704952961,13.9651393639
542,70.0,10.0,70.0,0.0,49.2608324785,21.426454608,4.99589839877,21.4011490731,17.806717165,12.8209573515
543,70.0,20.0,70.0,0.0,37.743721194,6.91217627312,0.182940866922,10.4743397226,9.94510179684,8.15724356409
544,70.0,30.0,70.0,0.0,37.4721296449,-1.0955116529,2.92144945908,9.3113186234,9.79509101669,7.33775198831
545,70.0,40.0,70.0,0.0,44.2571179558,-4.99211858096,-1.7154840284,12.7519167338,14.0168717619,12.1478092211
546,70.0,55.0,70.0,0.0,39.9541844815,7.17202160329,8.41162179222,11.8171542303,11.2233819645,7.04322382415
547,70.0,70.0,70.0,0.0,49.248584966,1.82434341034,6.32075574453,17.4974056137,17.7966936766,12.3454798559
548,70.0,85.0,70.0,0.0,44.566913397,16.4612971976,15.2685583312,16.4895672827,14.2341768595,7.30949914052
549,70.0,100.0,70.0,0.0,55.1126171475,-19.1325773229,13.1657752538,18.310619281,23.0391270109,13.5198941698
550,85.0,0.0,70.0,0.0,51.6489386528,7.22990961829,11.8602217588,20.5840059618,19.8339399624,11.8632304285
551,85.0,10.0,70.0,0.0,68.3750318552,-5.34693341943,30.8935002378,35.4961129683,38.4829079311,15.5150561651
552,85.0,20.0,70.0,0.0,61.7112185663,27.3078914992,26.4287066809,36.6773091086,30.0661063615,12.8328997748
553,85.0,30.0,70.0,0.0,64.4797635312,-4.74762234171,24.0425979768,30.8988190742,33.3953582916,15.5699291381
554,85.0,40.0,70.0,0.0,44.1921545639,-2.31526191078,8.28242035612,13.1152660043,13.971585717,8.98235765019
555,85.0,55.0,70.0,0.0,60.4542009707,-8.2890963894,-9.87916204047,25.5769868348,28.6305765525,29.3426065099
556,85.0,70.0,70.0,0.0,50.1135717891,16.4697340453,19.7086828094,21.1305892326,18.5138991655,8.64332769766
557,85.0,85.0,70.0,0.0,39.093023143,1.02517254254,3.93539434581,10.4649844634,10.7131169292,7.78566552535
558,85.0,100.0,70.0,0.0,42.6652128878,6.41024344977,7.18539791248,13.446055544,12.9350462331,8.55596768471
559,100.0,0.0,70.0,0.0,56.6765324303,-2.74965370746,-11.0528636862,23.095760921,24.5928367019,26.1489065458
560,100.0,10.0,70.0,0.0,49.0581066506,26.1084783704,18.108486814,22.2190204224,17.6412881055,8.58307927394
561,100.0,20.0,70.0,0.0,66.0830505723,12.4580539077,2.20643477902,37.9039088114,35.4312518885,27.8883378964
562,100.0,30.0,70.0,0.0,48.8436525143,29.4793335607,-9.95037915111,22.7552801724,17.4674070842,18.6133086272
563,100.0,40.0,70.0,0.0,48.1591443984,8.86896790738,0.89288185896,17.9365840205,16.9200531727,13.6254738562
564,100.0,55.0,70.0,0.0,53.3229127675,-0.498696567684,4.64701912125,20.4781336826,21.3430479141,15.6350173066
565,100.0,70.0,70.0,0.0,46.4022490503,-3.95764054652,17.7179794487,14.3590005923,15.5677826539,7.48675749789
566,100.0,85.0,70.0,0.0,51.4557642689,-6.22010790898,-3.99728610503,17.7712806563,19.6645147412,17.9564076569
567,100.0,100.0,70.0,0.0,48.44985475,-9.05962167379,17.5847399342,14.9728441013,17.1510953395,8.44017040537
568,0.0,0.0,85.0,0.0,47.1344488776,-2.16339866953,3.10790614568,15.1787613651,16.1222337474,12.1953289528
569,0.0,10.0,85.0,0.0,43.0739427143,1.06009343242,12.134483587,12.895468939,13.2072958046,7.44809677092
570,0.0,20.0,85.0,0.0,47.1988890015,17.8734903161,3.13306731708,18.8696022813,16.171651119,12.2250878931
571,0.0,30.0,85.0,0.0,45.171148807,24.1427760699,13.4932432423,18.3918209394,14.6644555157,8.02449765553
572,0.0,40.0,85.0,0.0,39.9284223819,11.9583572357,3.09989634035,12.4971747328,11.2078868884,8.38418276533
573,0.0,55.0,85.0,0.0,45.8071953398,12.3026370532,-0.0570179514681,16.7021240838,15.12666339,12.501124596
574,0.0,70.0,85.0,0.0,49.9264441076,3.65030166242,2.73797140184,18.3926813518,18.3571386225,14.0781708166
575,0.0,85.0,85.0,0.0,55.0791128418,-6.83340333199,5.92248979987,20.7335535783,23.0065780894,16.3615411484
576,0.0,100.0,85.0,0.0,50.1178395562,-8.79207859417,10.6494643016,16.2541651603,18.5174847278,11.3844029764
577,10.0,0.0,85.0,0.0,49.9458222215,11.9204275004,8.37895327912,20.0411164811,18.3733308181,12.0492698517
578,10.0,10.0,85.0,0.0,45.1659497461,5.52158559963,14.8976039679,15.0442348873,14.6607167474,7.66022709857
579,10.0,20.0,85.0,0.0,44.1169298694,3.86758005661,1.39605555999,14.0323108255,13.9192685006,11.0270080513
580,10.0,30.0,85.0,0.0,41.364478287,-3.00067109903,8.3172349364,11.2423557641,12.0935882133,7.66685413078
581,10.0,40.0,85.0,0.0,40.0195009789,-3.57122254983,-4.19425017599,10.3858131819,11.2627317326,10.556911255
582,10.0,55.0,85.0,0.0,58.3946486345,3.26622864356,19.1368807083,26.2219540594,26.378562389,13.4044364999
583,10.0,70.0,85.0,0.0,67.6915091805,14.5097930098,33.345874426,40.7623331515,37.5552130927,14.0863656819
584,10.0,85.0,85.0,0.0,62.6485250608,4.55109842492,24.8491207388,31.2811574144,31.1671994163,14.0110673541
585,10.0,100.0,85.0,0.0,58.754889318,-2.96615118988,18.3262726169,25.1018645006,26.763619123,13.9389611379
586,20.0,0.0,85.0,0.0,53.2701032177,-11.1449430094,10.8588192524,18.3193680936,21.2943082566,13.200101027
587,20.0,10.0,85.0,0.0,61.8056010487,14.5663359448,36.8405071763,33.057004148,30.1757878858,9.50281676284
588,20.0,20.0,85.0,0.0,58.8218063,18.538042447,-2.23945943776,30.6011981437,26.8355559934,23.3154197445
589,20.0,30.0,85.0,0.0,52.123554489,-3.39438611237,19.8113862967,18.8616332263,20.2543323811,9.6015778078
590,20.0,40.0,85.0,0.0,49.2890102481,3.90658328947,-14.034837857,17.9191933509,17.8297924259,20.9286743053
591,20.0,55.0,85.0,0.0,59.265920954,28.397141417,33.5725869141,33.8810524759,27.3162558903,9.181070994
592,20.0,70.0,85.0,0.0,58.6674870959,8.4731336447,0.23595504744,27.8027691968,26.6698540496,21.8846433931
593,20.0,85.0,85.0,0.0,50.995568972,7.767634017,18.2986119479,20.1167238317,19.2647896652,9.47469235151
594,20.0,100.0,85.0,0.0,33.7691260745,1.08147574954,3.89867880874,7.73157645865,7.89779899927,5.66803252293
595,30.0,0.0,85.0,0.0,70.0712848411,-14.271476138,21.2175586485,35.0188966177,40.8508305135,21.2171898803
596,30.0,10.0,85.0,0.0,53.5277624445,-16.9360051112,1.05409473981,17.4389425974,21.5328141251,17.3022488785
597,30.0,20.0,85.0,0.0,57.2794650162,7.17151383442,10.9477431452,26.003627048,25.2100032989,15.8486807573
598,30.0,30.0,85.0,0.0,40.233311508,6.50155779257,-7.38777940699,11.8933538105,11.3921845096,11.7163828944
599,30.0,40.0,85.0,0.0,39.861482416,15.2423762545,11.025058544,12.946293191,11.1676913355,6.39853283127
600,30.0,55.0,85.0,0.0,40.2966044941,16.7538540947,2.8864916764,13.4669282022,11.4306949882,8.61486179637
601,30.0,70.0,85.0,0.0,38.5011411227,1.96678618764,5.87873708669,10.2545269055,10.3715297798,7.04985734644
602,30.0,85.0,85.0,0.0,46.116853127,6.69945980903,5.13863262729,15.9464450088,15.3551608577,10.9320273183
603,30.0,100.0,85.0,0.0,52.1873004799,-9.08570798472,3.09132461535,17.8252177833,20.3112440193,15.4713447367
604,40.0,0.0,85.0,0.0,67.1380712102,-4.57550230026,21.4494810083,34.1580921044,36.8150899985,18.6786230147
605,40.0,10.0,85.0,0.0,52.9004998737,-5.36948620766,15.43242784,19.1307366105,20.9552646728,11.3892704175
606,40.0,20.0,85.0,0.0,51.0619672248,-12.8736118682,0.489857660901,16.2520435859,19.3221255408,15.7410005651
607,40.0,30.0,85.0,0.0,53.038448588,12.2632764436,8.8978666743,22.9469207931,21.0813832085,13.7778853316
608,40.0,40.0,85.0,0.0,42.6212387957,4.14983108829,-4.28667742562,13.0684839308,12.9059805929,12.0619865763
609,40.0,55.0,85.0,0.0,40.5804857199,16.4775073905,5.71035096858,13.6149969183,11.6044896746,7.98998581441
610,40.0,70.0,85.0,0.0,46.0836114956,-17.8596087559,13.1251952718,12.0164400192,15.3305222549,8.54340598635
611,40.0,85.0,85.0,0.0,42.4982433868,0.53598327598,0.889136716328,12.4460428399,12.8249153584,10.3044980812
612,40.0,100.0,85.0,0.0,54.9318417828,-10.8439271575,14.2521888996,19.7838246736,22.8638700122,13.0083457371
613,55.0,0.0,85.0,0.0,50.0315818546,16.5960619972,11.3364023171,21.0828720388,18.4451051957,11.110468503
614,55.0,10.0,85.0,0.0,66.7386548509,4.57471798794,31.4045491802,36.3553343697,36.2870280259,14.2003555757
615,55.0,20.0,85.0,0.0,39.6706488375,2.45507612806,-8.9401520179,10.9894873914,11.0536289327,11.9136243751
616,55.0,30.0,85.0,0.0,43.4200458066,-8.26636071815,13.9517300517,11.7460209212,13.4407956764,7.14824031373
617,55.0,40.0,85.0,0.0,42.5952503566,10.4863115098,-4.51170976456,14.0418800145,12.888823452,12.1239921109
618,55.0,55.0,85.0,0.0,48.7087915226,-0.248663628216,23.1539197425,16.6941395267,17.3586481302,7.12798614692
619,55.0,70.0,85.0,0.0,46.1649671373,18.4283416825,1.16907081838,18.1189004039,15.3908695614,12.2880498191
620,55.0,85.0,85.0,0.0,51.9979237935,-19.7676957046,19.1433108048,15.7524051505,20.1424822501,9.73537865706
621,55.0,100.0,85.0,0.0,50.2598366632,11.0314324508,-11.3539392177,20.1355625224,18.6370476346,20.4332033163
622,70.0,0.0,85.0,0.0,61.4218629691,-3.96600771579,34.5381951506,27.6598835597,29.7315043668,9.99164804359
623,70.0,10.0,85.0,0.0,56.501334575,29.3985005157,-0.390556232462,30.8328532417,24.4154107619,20.3346835317
624,70.0,20.0,85.0,0.0,51.8490643671,-10.8822472772,18.0591608078,17.2211520452,20.0104853175,9.98383708182
625,70.0,30.0,85.0,0.0,48.0816550099,15.6255604975,-11.7020721332,19.1748877057,16.8588206692,18.814874431
626,70.0,40.0,85.0,0.0,60.1642936274,5.88169221973,32.7785584968,28.7889757914,28.3061164022,9.86838251913
627,70.0,55.0,85.0,0.0,54.0807308034,33.7436119545,-0.84225859067,29.2148258752,22.0506755097,18.5772479383
628,70.0,70.0,85.0,0.0,47.6440196502,29.7616817146,-2.49443884236,21.6922124215,16.5157703637,14.5778592675
629,70.0,85.0,85.0,0.0,42.2192865068,-0.650491582467,-3.13141771931,12.096374201,12.6423167869,11.4382511598
630,70.0,100.0,85.0,0.0,62.3436444635,15.4273310068,18.2211522713,33.9664672591,30.8061442111,16.4570069149
631,85.0,0.0,85.0,0.0,41.6027590448,-11.1827902912,9.64583636256,10.2830547216,12.2449182303,7.43617940331
632,85.0,10.0,85.0,0.0,59.5224464091,0.66313316296,4.78481590781,26.7741570878,27.5965112065,20.3509572094
633,85.0,20.0,85.0,0.0,55.4632712084,-1.08910358986,28.6973937715,22.3084898337,23.381625939,8.70809597868
634,85.0,30.0,85.0,0.0,42.4521937654,-7.60574311196,-3.81236784958,11.2538694745,12.7946520028,11.8008850065
635,85.0,40.0,85.0,0.0,48.394484498,10.0218278427,19.964601371,18.3482880334,17.1069286845,7.78766536595
636,85.0,55.0,85.0,0.0,41.1499584583,0.00173968403763,1.63265856361,11.5316966718,11.9584196407,9.38456005953
637,85.0,70.0,85.0,0.0,46.5319150101,28.0670541548,1.44944171223,20.3331241275,15.6650295752,12.4109640056
638,85.0,85.0,85.0,0.0,43.0378520939,22.6376712808,9.11375911082,16.4158097578,13.1831040039,8.20948321104
639,85.0,100.0,85.0,0.0,41.3743828285,-1.66912377116,4.3643407803,11.433178309,12.0998535259,8.71967303742
640,100.0,0.0,85.0,0.0,57.6728329849,21.2192136654,15.8656806678,29.9938664991,25.618172367,14.165208484
641,100.0,10.0,85.0,0.0,47.9728217412,-18.4607318773,12.4740359554,13.1383099453,16.7730697854,9.65504663126
642,100.0,20.0,85.0,0.0,57.143406198,-0.663680165843,20.8975850887,24.0223898678,25.0698407611,12.0118965035
643,100.0,30.0,85.0,0.0,72.8200072945,-6.86949125714,37.8675659453,40.9994834399,44.8909137833,15.7969109825
644,100.0,40.0,85.0,0.0,49.3867808788,36.2927937955,7.2192254323,24.8384090513,17.9100130562,12.1166185045
645,100.0,55.0,85.0,0.0,61.1820461202,-20.4940165187,18.3933165768,23.4717545051,29.4560762469,15.5550969509
646,100.0,70.0,85.0,0.0,45.0431966788,16.5246530847,-3.72491893828,16.8696800853,14.5726266244,13.3463193786
647,100.0,85.0,85.0,0.0,57.5086581104,-16.2022951642,-13.6658614004,20.9634985458,25.4472886958,28.5473676256
648,100.0,100.0,85.0,0.0,41.8356137946,21.3886069708,14.3913707844,15.2992073314,12.3940167663,6.40694564521
649,0.0,0.0,100.0,0.0,55.2563785767,-3.0876924678,0.726281250739,21.6841920201,23.1791375307,18.788029269
650,0.0,10.0,100.0,0.0,38.9636184692,11.2075015793,8.96076053951,11.7837545276,10.6378039252,6.51543065506
651,0.0,20.0,100.0,0.0,49.0735198422,-8.83586714859,-7.36732504109,15.4648547545,17.6538294931,17.6282810641
652,0.0,30.0,100.0,0.0,36.6063991835,1.49660857081,4.61595027377,9.17324574021,9.32699535888,6.57956994845
653,0.0,40.0,100.0,0.0,74.7072826381,-5.94037658164,53.8828545897,44.0367591516,47.81371655,11.109772511
654,0.0,55.0,100.0,0.0,46.7932322871,26.092404484,12.0450259776,20.159746709,15.8622411934,9.18763660416
655,0.0,70.0,100.0,0.0,62.1400792476,-21.531630266,33.1836517503,24.1760626069,30.56663101,10.7978798659
656,0.0,85.0,100.0,0.0,33.654120782,1.23212347545,4.22427623701,7.69451361907,7.84317528853,5.55997151602
657,0.0,100.0,100.0,0.0,73.3131027996,5.6499520856,52.7845043305,45.9795140134,45.6427249112,10.6907200653
658,10.0,0.0,100.0,0.0,49.1347882508,27.972455102,-6.35194702381,22.699652204,17.7037410733,17.2289397994
659,10.0,10.0,100.0,0.0,61.7730972201,-12.0841056497,33.1362315029,26.031042855,30.1379852495,10.6122285068
660,10.0,20.0,100.0,0.0,44.5797259521,6.84050400237,-19.7134861862,14.8426065158,14.2432122262,19.7413871855
661,10.0,30.0,100.0,0.0,66.8571713689,-3.42396730605,7.31735329922,34.1409356556,36.4431863091,25.6814722015
662,10.0,40.0,100.0,0.0,63.8405049452,1.28115406503,5.36793066355,31.7941635991,32.6058748419,23.8770946489
663,10.0,55.0,100.0,0.0,34.1638453149,1.52744202826,4.1661957451,7.96489695746,8.08720574933,5.75420908611
664,10.0,70.0,100.0,0.0,64.6150539287,2.10242042861,0.203255716975,32.9567247329,33.564059234,27.5725420698
665,10.0,85.0,100.0,0.0,35.4875326434,4.3685062858,-2.70600492394,8.94004338569,8.7444454578,7.89520648543
666,10.0,100.0,100.0,0.0,37.8708271845,-7.76596672686,7.44258819891,8.72121590617,10.0158304669,6.43242165068
667,20.0,0.0,100.0,0.0,37.5300444447,10.713227438,9.61897234882,10.8582843316,9.82695221469,5.8281288924
668,20.0,10.0,100.0,0.0,38.4120083836,3.63422633176,0.307558676644,10.4220826376,10.320727257,8.43220056453
669,20.0,20.0,100.0,0.0,41.1117698335,-3.88196534215,7.59409561374,10.9724535988,11.934463166,7.74006734681
670,20.0,30.0,100.0,0.0,40.8144619792,6.23662053786,9.40167841476,12.2173793919,11.7490493338,7.16222312291
671,20.0,40.0,100.0,0.0,48.0141212297,-21.9535012253,16.8099527256,12.637016877,16.8055757693,8.44653965253
672,20.0,55.0,100.0,0.0,41.706636678,11.6754291346,-10.4441511185,13.6231595337,12.3112831926,13.704610395
673,20.0,70.0,100.0,0.0,55.3837112835,-13.1108629271,31.0155678821,19.7196468989,23.3036206866,8.04690831114
674,20.0,85.0,100.0,0.0,45.5348854372,25.0124076002,-3.71022457857,18.8630677911,14.9276079836,13.6547466538
675,20.0,100.0,100.0,0.0,65.0055620149,-0.44520819674,46.460055292,32.712853899,34.054189687,8.35088602785
676,30.0,0.0,100.0,0.0,58.8984006112,0.0209687239006,36.684016711,25.9620214548,26.9180542338,8.14997114343
677,30.0,10.0,100.0,0.0,59.3009634488,-0.040545243941,30.5719899839,26.3678722469,27.3544275682,10.0856950958
678,30.0,20.0,100.0,0.0,34.4715840878,4.21712832153,-0.483397556345,8.41378329175,8.23695776451,6.91024367641
679,30.0,30.0,100.0,0.0,53.3302379306,16.2569622571,26.4042395152,24.1335611965,21.349814414,8.33099691191
680,30.0,40.0,100.0,0.0,52.617674115,29.4356649738,-6.66358649385,26.5312574337,20.6982682591,20.129616933
681,30.0,55.0,100.0,0.0,45.1856582244,-6.75433355751,12.3623523309,13.0912985434,14.6748929449,8.33086497922
682,30.0,70.0,100.0,0.0,34.234466195,3.08139676151,2.26169809884,8.17056710739,8.12140946686,6.18964577934
683,30.0,85.0,100.0,0.0,55.9165514043,16.145401917,24.0536458127,26.7592911189,23.8293717846,10.2953800074
684,30.0,100.0,100.0,0.0,51.4283163633,28.8795609166,5.03664953189,25.1645797824,19.6405198987,14.1891631024
685,40.0,0.0,100.0,0.0,47.2568049351,-5.50352902539,8.54667312973,14.709255018,16.2161513398,10.4745355076
686,40.0,10.0,100.0,0.0,42.8640032455,8.15318245914,-4.28691212127,13.8545983978,13.0669856937,12.2063972187
687,40.0,20.0,100.0,0.0,62.4355431168,-14.2323361675,4.38187621303,26.2023087785,30.9146800861,23.1077847575
688,40.0,30.0,100.0,0.0,47.8202472686,26.6415721998,4.49808723018,21.1909631895,16.6533450242,12.123584886
689,40.0,40.0,100.0,0.0,72.8235382852,0.0467356716272,20.0553819201,43.3091333098,44.8962678371,24.3131975096
690,40.0,55.0,100.0,0.0,41.982176938,6.59907433291,-1.57235797988,13.0219292711,12.4884800093,10.7982007243
691,40.0,70.0,100.0,0.0,63.5902949513,-9.98022043541,-16.0833382901,28.5069880753,32.3002865192,37.163220934
692,40.0,85.0,100.0,0.0,47.4678862345,25.9304054107,8.50726076231,20.7245837661,16.3790284065,10.6011362784
693,40.0,100.0,100.0,0.0,73.6101094874,2.44119835929,-1.61602071266,45.3018468734,46.0995892885,39.2430737672
694,55.0,0.0,100.0,0.0,75.6341670454,-2.32423519809,1.96064291648,46.7002363258,49.2944859089,39.1775708974
695,55.0,10.0,100.0,0.0,35.8709347302,1.19463524332,3.57153127317,8.76095548528,8.94125034629,6.52842759348
696,55.0,20.0,100.0,0.0,72.8296403183,1.61362033789,1.37130570816,43.8519835377,44.9055213753,36.065381991
697,55.0,30.0,100.0,0.0,42.3239590976,0.672034006458,3.88846335023,12.3553618601,12.7106284099,9.31741304857
698,55.0,40.0,100.0,0.0,75.4509479075,-2.96237786606,6.58892620677,46.1926083157,48.9993892107,35.5700209272
699,55.0,55.0,100.0,0.0,55.1354864672,0.196196402353,4.41905927112,22.2806871497,23.0613618256,17.0444778424
700,55.0,70.0,100.0,0.0,72.1240397573,0.577632012594,6.06912250013,42.4716605094,43.8439047456,32.0115675864
701,55.0,85.0,100.0,0.0,37.6818981997,-4.34549162658,-3.82220405651,9.02856692149,9.91082082605,9.23298117208
702,55.0,100.0,100.0,0.0,38.4770293595,13.3629514645,4.24040474675,11.7920319426,10.3577705128,7.44022105728
703,70.0,0.0,100.0,0.0,44.4748633154,-0.982983821874,17.9987497572,13.5094741407,14.1693757954,6.62173928293
704,70.0,10.0,100.0,0.0,63.0847323526,9.2247722013,2.79818154188,33.105753656,31.688667663,24.5695712574
705,70.0,20.0,100.0,0.0,46.6793650167,15.3592847587,19.1256283134,17.9576996718,15.7761053123,7.25676812992
706,70.0,30.0,100.0,0.0,55.1314857387,-1.05446955254,-7.76230861103,22.0056025081,23.0574710647,22.8707172737
707,70.0,40.0,100.0,0.0,41.328430945,1.23165106422,10.4501021727,11.8147427897,12.070804018,7.12292220855
708,70.0,55.0,100.0,0.0,48.5196097999,-9.60639442452,-17.0112413955,14.9317468741,17.2068443014,21.7575972283
709,70.0,70.0,100.0,0.0,66.355953938,-2.45854357238,1.78202611558,33.796080465,35.7858253801,28.4292408983
710,70.0,85.0,100.0,0.0,54.5970293846,13.2926856387,6.97329071827,24.7116413292,22.5416298088,15.5821927005
711,70.0,100.0,100.0,0.0,62.8665946632,18.5419450789,-3.79801597008,35.5394032416,31.4271717904,28.1647969291
712,85.0,0.0,100.0,0.0,54.9200139733,-2.04822801495,27.3073516765,21.5965081217,22.852434341,8.83401701216
713,85.0,10.0,100.0,0.0,35.7464823216,3.96318745767,0.403699214182,9.02455542977,8.87704719649,7.22551482184
714,85.0,20.0,100.0,0.0,38.390393347,3.56577367618,10.4665834338,10.4008798081,10.3084324918,5.96361709195
715,85.0,30.0,100.0,0.0,63.6821263331,15.2212559901,13.9456474114,35.5972916681,32.4122199017,19.3980721326
716,85.0,40.0,100.0,0.0,57.9153942051,-2.82865721688,24.4838343806,24.2896804922,25.8720430126,11.255902938
717,85.0,55.0,100.0,0.0,35.8087363811,2.72721633255,3.35303640666,8.90964376913,8.90912458507,6.5538385312
718,85.0,70.0,100.0,0.0,39.0729021245,4.08524974706,10.4647891767,10.8612893043,10.7013833142,6.22030490192
719,85.0,85.0,100.0,0.0,52.7680991729,32.3697082869,20.4939563533,27.4177586422,20.8346923856,9.7286046905
720,85.0,100.0,100.0,0.0,61.3767736078,2.02529565186,8.97566207333,29.1444528101,29.6795890326,19.8710683778
721,100.0,0.0,100.0,0.0,35.1167764148,3.48430643153,4.70281868092,8.64906513159,8.55689901036,5.98933762568
722,100.0,10.0,100.0,0.0,35.345998592,-0.846660614827,2.47659349501,8.26727335871,8.67253070248,6.57183484056
723,100.0,20.0,100.0,0.0,51.0910750018,32.8779188993,24.6731015421,25.7706328328,19.3472963625,7.77248494225
724,100.0,30.0,100.0,0.0,62.4138186159,5.93806201655,-10.6138420125,31.3837841029,30.8889996368,31.9728740134
725,100.0,40.0,100.0,0.0,34.6526861293,3.0802992172,5.34948428795,8.37330406331,8.32594380991,5.68311182254
726,100.0,55.0,100.0,0.0,35.9824158569,1.15014755888,-1.67930774319,8.81203952931,8.99902400039,7.85038139673
727,100.0,70.0,100.0,0.0,46.3499197784,4.70631584358,-4.98276335273,15.7747481533,15.5286509983,14.678286214
728,100.0,85.0,100.0,0.0,58.234170827,-1.50867419522,21.2265001508,24.9166839927,26.2082255816,12.5512452333
729,100.0,100.0,100.0,0.0,57.704260188,-0.222352364471,20.5256973264,24.6832201044,25.6509707933,12.4763308999
730,0.0,0.0,0.0,20.0,57.3246815785,-0.747646819837,20.3181318165,24.1824949916,25.2566990493,12.3200086747
731,0.0,10.0,0.0,20.0,50.8694590948,-8.143874491,10.816748741,16.9502840797,19.1562044257,11.7614651525
732,0.0,20.0,0.0,20.0,49.0477961283,10.6077353877,13.7618933865,19.0071603221,17.6329019683,9.82347193079
733,0.0,40.0,0.0,20.0,76.2446147698,1.17370496233,1.06398450702,48.9214893784,50.2862322483,40.6642350639
734,0.0,70.0,0.0,20.0,78.2055002922,-3.24562109286,7.41323788559,50.4207439655,53.5617567978,38.4147927859
735,0.0,100.0,0.0,20.0,40.773118755,-1.09524069411,3.28969607793,11.1537315518,11.7234190534,8.73018504808
736,10.0,0.0,0.0,20.0,76.6875625047,1.02388397075,5.96850822688,49.5718827168,51.0141219534,37.5497282687
737,10.0,10.0,0.0,20.0,43.0321835605,-9.72333207045,9.7294956789,11.3067849226,13.1793070319,8.04437407076
738,10.0,20.0,0.0,20.0,49.0162751373,0.202460102098,-12.4754324094,17.0154495889,17.6072806274,19.9381624149
739,10.0,40.0,0.0,20.0,49.3334659182,1.11539878086,20.6518277708,17.4338621711,17.8662384618,8.02916391713
740,10.0,70.0,0.0,20.0,55.0196522074,10.7236514702,-4.67544218927,24.5375900856,22.9488884976,21.1881303563
741,10.0,100.0,0.0,20.0,55.5305871422,15.6712162576,32.3165120186,26.2365020176,23.4477622508,7.7752835418
742,20.0,0.0,0.0,20.0,58.2840015935,3.6854940495,29.0759544124,26.2079536754,26.2610389749,10.0074499633
743,20.0,10.0,0.0,20.0,62.7032142428,-4.87137751014,35.4152644357,28.8382519607,31.2322620796,10.40066533
744,20.0,20.0,0.0,20.0,53.1545220882,-5.80250085439,-20.6624296264,19.2613013554,21.1878936988,28.2370731994
745,20.0,40.0,0.0,20.0,38.0625945478,-3.76901172061,9.35994183614,9.29569220547,10.1231736181,6.08065569556
746,20.0,70.0,0.0,20.0,65.1290441042,0.750429748871,-8.44951171781,33.2015431272,34.2101603042,33.6574484756
747,20.0,100.0,0.0,20.0,53.1692272604,-23.7414578735,22.8611918616,15.9389936975,21.2014128965,9.23841284918
748,40.0,0.0,0.0,20.0,53.3099167699,-12.0844920908,-4.08280542317,18.1729277136,21.3310465919,19.4666696617
749,40.0,10.0,0.0,20.0,38.4581070809,-3.63008719138,8.8953918679,9.52177041701,10.3469811277,6.33349675422
750,40.0,20.0,0.0,20.0,65.373322081,-2.67647888336,11.0008733149,32.5313606685,34.5201100719,22.2943091779
751,40.0,40.0,0.0,20.0,55.1816640438,-23.1794572353,17.9569913137,17.6032852391,23.1063018112,11.861238788
752,40.0,70.0,0.0,20.0,34.6311447125,1.25532815957,2.37545336967,8.1575990133,8.31532583232,6.31601577557
753,40.0,100.0,0.0,20.0,59.3526185221,0.910521648231,26.6575560987,26.6549976243,27.4107600932,11.3559865458
754,70.0,0.0,0.0,20.0,55.0161728344,13.6088388185,4.27424777255,25.2104863666,22.9455157481,17.0181516044
755,70.0,10.0,0.0,20.0,35.2118447658,-1.63772698959,4.29159248863,8.11418824342,8.6047309097,6.11405931686
756,70.0,20.0,0.0,20.0,34.9366710198,3.24841102827,-0.794823106255,8.5322479951,8.46676891534,7.1773693695
757,70.0,40.0,0.0,20.0,58.1220838425,1.90870578404,33.0313351092,25.6117723979,26.0896884851,8.77744039673
758,70.0,70.0,0.0,20.0,56.0437208984,17.1179660633,-10.7159145206,27.1353655975,23.9560073434,25.3359453734
759,70.0,100.0,0.0,20.0,35.0588277304,-1.9727315569,4.99624200661,8.00419234207,8.52783032767,5.90502484146
760,100.0,0.0,0.0,20.0,80.4905539772,-0.717303974015,3.8841029786,55.2130406854,57.5546519212,44.2394890699
761,100.0,10.0,0.0,20.0,51.6034352768,12.8785569293,1.43073120986,21.7314678737,19.7939435789,15.7380033586
762,100.0,20.0,0.0,20.0,80.3339300877,1.1596725479,5.54782260691,55.6939144833,57.2748377201,42.6786503489
763,100.0,40.0,0.0,20.0,59.6289640231,0.140254473043,5.17883521746,26.7584618604,27.71344316,20.2487293958
764,100.0,70.0,0.0,20.0,52.080359197,-6.51679062292,-3.28814419081,18.2239223343,20.2158286426,18.121584305
765,100.0,100.0,0.0,20.0,65.5375428781,20.8884906589,0.551673688295,39.8227498658,34.7295288869,28.3194653886
766,0.0,0.0,10.0,20.0,34.4209762627,1.02286948983,3.75610527263,8.03133281433,8.21220502379,5.93502713102
767,0.0,10.0,10.0,20.0,65.7190032263,19.819085198,-0.282092242278,39.7306557378,34.9619151342,29.0208535055
768,0.0,20.0,10.0,20.0,51.2634734104,12.6305933055,3.08615606526,21.3664305972,19.4968253985,14.8365106296
769,0.0,40.0,10.0,20.0,50.763973674,12.5088148278,2.48913678714,20.888113958,19.06569161,14.7325879409
770,0.0,70.0,10.0,20.0,50.5795750809,-11.8108989582,-11.472150124,16.0732459832,18.9081522075,20.7617056133
771,0.0,100.0,10.0,20.0,55.3595644199,15.2434540974,-4.83920856347,25.9545150954,23.2799800403,21.5652738344
772,10.0,0.0,10.0,20.0,57.0628885244,-2.64718032112,27.4035298425,23.4924770149,24.9871397726,9.876730647
773,10.0,10.0,10.0,20.0,43.0080413659,-9.5235461903,9.04870289235,11.3200580911,13.1631439526,8.21311345387
774,10.0,20.0,10.0,20.0,65.3679362329,15.3034059593,42.6776402667,37.8303649667,34.5132561882,9.59240237385
775,10.0,40.0,10.0,20.0,48.9970399446,-13.7746824709,-12.4408018306,14.582412216,17.5916578046,19.9056279441
776,10.0,70.0,10.0,20.0,45.3075486702,26.6412573592,13.374602574,18.9898752194,14.762771137,8.11746191875
777,10.0,100.0,10.0,20.0,77.6620381032,-3.76994179949,0.950070830076,49.3518493295,52.6401167651,42.6715062447
778,20.0,0.0,10.0,20.0,46.4953875555,14.2710409926,-3.23491211011,17.6050822507,15.6375938503,14.0999864139
779,20.0,10.0,10.0,20.0,65.669416762,-6.53225538769,-10.7849864991,31.8134502359,34.8983098793,35.9308804966
780,20.0,20.0,10.0,20.0,56.7834530931,27.3775253837,10.0595576459,30.6155956754,24.7015383418,15.8622783732
781,20.0,40.0,10.0,20.0,75.0686437906,-6.51118739612,48.3673088547,44.3762003799,48.3874392901,13.2275485857
782,20.0,70.0,10.0,20.0,45.2427146934,11.9406264238,12.3676796954,16.2046469835,14.7159848592,8.35585990585
783,20.0,100.0,10.0,20.0,64.0794703975,-12.1102034443,30.6633796783,28.5014763327,32.8995235983,12.7787552149
784,40.0,0.0,10.0,20.0,55.0972863331,26.4455544941,29.1251021875,28.4602784944,23.0242295517,8.41872896399
785,40.0,10.0,10.0,20.0,65.1699363766,9.61126447664,36.0478117083,35.8369048908,34.261916236,11.5683151173
786,40.0,20.0,10.0,20.0,50.5311497672,23.6321236471,1.9525953197,23.071906388,18.8669248163,14.7856793067
787,40.0,40.0,10.0,20.0,55.0935112098,-7.54107255867,18.5075446621,20.599780351,23.0205621252,11.6242266839
788,40.0,70.0,10.0,20.0,44.411240235,6.55195875392,-8.22483441254,14.6746154315,14.1247018009,14.6389853363
789,40.0,100.0,10.0,20.0,62.346999164,11.4367944597,41.6303759849,32.8319520369,30.810101768,8.41717003593
790,70.0,0.0,10.0,20.0,50.652572358,25.9568580674,-10.1287700069,23.7128386666,18.9704126289,20.1668856208
791,70.0,10.0,10.0,20.0,53.6682015891,-6.84750455312,24.2489696991,19.4933672783,21.6635602738,9.08758403849
792,70.0,20.0,10.0,20.0,45.3181278322,9.61258565139,-19.1553868026,15.8542970492,14.7704147977,20.0844090129
793,70.0,40.0,10.0,20.0,66.777064419,21.7131553499,0.682638711349,41.8345589503,36.3375878108,29.5541408657
794,70.0,70.0,10.0,20.0,78.0807490208,-0.282097582551,33.8258852851,51.33716637,53.3492516045,21.82400767
795,70.0,100.0,10.0,20.0,69.0621537112,-11.7128174541,-9.7559692074,34.4940726392,39.4307607307,39.4687171889
796,100.0,0.0,10.0,20.0,68.4798613394,-10.8313277477,-11.2686091746,34.0214849768,38.6265223685,39.8550477426
797,100.0,10.0,10.0,20.0,64.4396867591,20.6717946528,22.2526022699,38.2559023566,33.3454931427,16.2812068275
798,100.0,20.0,10.0,20.0,63.0045075083,17.7266321568,21.3197576362,35.4737565481,31.5923289504,15.6430486502
799,100.0,40.0,10.0,20.0,78.4279561754,1.19067920679,4.52030534606,52.4739654801,53.9420940272,40.9025872721
800,100.0,70.0,10.0,20.0,57.7309879787,0.206839729285,4.78292775893,24.8104190894,25.678886782,18.885076866
801,100.0,100.0,10.0,20.0,58.3705594453,1.39221453936,5.2123894449,25.7445681161,26.352946335,19.1985758344
802,0.0,0.0,20.0,20.0,58.0686366502,1.02882817759,4.52507850841,25.3472664531,26.0332917153,19.2767577211
803,0.0,10.0,20.0,20.0,38.3867129221,1.8208607624,3.97712956698,10.1717461895,10.3063400169,7.46702168579
804,0.0,20.0,20.0,20.0,55.2642983463,-12.6714285154,-12.0260521522,19.7045332503,23.1868671054,25.3169695327
805,0.0,40.0,20.0,20.0,41.6151362792,14.9528023067,10.6228952809,14.0806477287,12.2528132059,7.20093429088
806,0.0,70.0,20.0,20.0,63.5187104779,-5.00746821159,-0.861717673878,29.7214014584,32.2132110784,27.0835986552
807,0.0,100.0,20.0,20.0,44.7696090429,30.5593469714,18.4400426776,19.3048248981,14.3775656518,6.63715401932
808,10.0,0.0,20.0,20.0,48.1142489108,20.9579452182,17.0210879439,20.2740057587,16.8845585002,8.43611623883
809,10.0,10.0,20.0,20.0,49.0317500655,-14.8565168311,-7.55244780251,14.4298526543,17.6198560753,17.6783571406
810,10.0,20.0,20.0,20.0,34.4362972785,1.54587925554,4.26768718856,8.09650594898,8.21969342851,5.83177530578
811,10.0,40.0,20.0,20.0,38.3907719883,-0.99104390286,1.13220284284,9.81505328646,10.3086477812,8.20134048553
812,10.0,70.0,20.0,20.0,49.8381700452,26.5277537053,20.7416473697,23.0515423053,18.2834978962,8.23523401441
813,10.0,100.0,20.0,20.0,58.8857892785,-15.6227391452,-21.6874901258,22.3561866325,26.904459202,35.3696689649
814,20.0,0.0,20.0,20.0,34.3935222748,2.15129015814,3.56779277072,8.14330536408,8.1987978039,5.96525657029
815,20.0,10.0,20.0,20.0,38.9055658202,-2.8799359969,6.31524640546,9.85674078661,10.6041325249,7.11265328296
816,20.0,20.0,20.0,20.0,50.9465664191,27.8327026811,16.9409957108,24.4338022788,19.2225480556,9.85184641483
817,20.0,40.0,20.0,20.0,57.2533251889,-20.5403295542,-2.23744999282,19.8462797662,25.1830346212,21.902630116
818,20.0,70.0,20.0,20.0,37.0070073531,-4.84060150402,3.34141684784,8.6285197516,9.54170289196,7.04055240985
819,20.0,100.0,20.0,20.0,49.4540623496,21.7674272564,13.794641522,21.6510753921,17.9653569204,10.0248304507
820,40.0,0.0,20.0,20.0,67.6184705656,-7.67584185127,11.9454903875,33.8607133933,37.4569741804,23.8425509149
821,40.0,10.0,20.0,20.0,43.348730747,3.3319508317,2.60053155342,13.4255147991,13.3924594032,10.2289112536
822,40.0,20.0,20.0,20.0,36.455332244,-2.28635330309,-1.70437951083,8.64894658775,9.2468744009,8.06916871925
823,40.0,40.0,20.0,20.0,47.3458850141,22.2921591679,17.2015308155,19.8721077206,16.2847560331,8.03530133555
824,40.0,70.0,20.0,20.0,68.6020416087,-3.71418807697,-9.05453312446,36.2777686297,38.7943574343,38.3479819705
825,40.0,100.0,20.0,20.0,42.4496580617,2.33314093313,6.46471812358,12.6821343836,12.7929869478,8.6516694087
826,70.0,0.0,20.0,20.0,70.8011461226,0.364302856467,4.83191530914,40.5210444478,41.8988797352,31.3293750594
827,70.0,10.0,20.0,20.0,44.0503549759,22.7772448466,13.5745198595,17.2292936369,13.8730761229,7.50888908849
828,70.0,20.0,20.0,20.0,60.616771344,-9.31204331744,-6.98284679965,25.5001042964,28.8136032923,27.747246509
829,70.0,40.0,20.0,20.0,39.8707913002,8.05796052532,5.54123728775,11.8924672489,11.1732752942,7.7179196735
830,70.0,70.0,20.0,20.0,52.2400068385,-16.4720012209,-18.1964861082,16.5146025965,20.3583800431,25.8591336124
831,70.0,100.0,20.0,20.0,46.7134139018,30.9413715659,15.9428166646,21.0918733055,15.8018291201,8.07945866687
832,100.0,0.0,20.0,20.0,63.3805082416,-5.76396134139,4.52290056241,29.3658524673,32.0455446939,23.9052259783
833,100.0,10.0,20.0,20.0,41.08561061,16.2481882188,7.51314145808,13.9228814707,11.9180714495,7.74923185923
834,100.0,20.0,20.0,20.0,54.4312055681,-14.4367523751,-6.78366512294,18.6488436968,22.3831599965,21.7397027635
835,100.0,40.0,20.0,20.0,38.3499621625,2.24186274332,0.55881739966,10.205702331,10.2854612074,8.33565671343
836,100.0,70.0,20.0,20.0,68.1146189933,-0.633630615613,17.0299627283,36.5739385878,38.1276886487,21.6272103602
837,100.0,100.0,20.0,20.0,44.4902169128,23.3486271777,6.08678529629,17.6861306205,14.180170667,9.76882370246
838,0.0,0.0,40.0,20.0,58.9858984167,-11.6654521681,4.12369637392,23.3282367593,27.0125031086,20.2227399211
839,0.0,10.0,40.0,20.0,40.1376090636,9.04259096898,-1.66864365881,12.2011132349,11.3341189911,9.84389758112
840,0.0,20.0,40.0,20.0,50.1237336371,-18.777391904,-7.60655643915,14.5584039414,18.5224373979,18.5506427381
841,0.0,40.0,40.0,20.0,64.6542024946,-3.90755348993,12.9579037092,31.3321311462,33.6129814735,20.68117919
842,0.0,70.0,40.0,20.0,62.2202873176,1.02880806317,11.0010608185,29.8376126962,30.6608544074,19.5987361015
843,0.0,100.0,40.0,20.0,60.2275895824,16.8021178626,36.2665188666,31.7798213642,28.3767460351,8.88765622882
844,10.0,0.0,40.0,20.0,61.0643347146,3.12027733393,-12.2903278978,29.078906593,29.3215100772,31.5470489024
845,10.0,10.0,40.0,20.0,35.5521501399,1.27363928512,5.97239457211,8.61039532346,8.77740995884,5.87827035988
846,10.0,20.0,40.0,20.0,38.9286378941,5.93307617381,4.24821881464,11.0275674267,10.6175061501,7.63371431632
847,10.0,40.0,40.0,20.0,62.2619282092,14.9141614048,31.939001852,33.7173496477,30.7098477758,11.2686519737
848,10.0,70.0,40.0,20.0,59.5348123994,-0.814935888829,5.65033156914,26.424847246,27.6100693241,19.9427939444
849,10.0,100.0,40.0,20.0,35.2879009973,1.64257915032,4.72893548719,8.52169331288,8.64312529817,6.04744234157
850,20.0,0.0,40.0,20.0,38.7541382828,4.7685532712,8.22205531912,10.7683551398,10.5166368529,6.60181203553
851,20.0,10.0,40.0,20.0,54.9589503573,38.9458924384,23.8777753724,31.6238663206,22.8900942218,9.84618262968
852,20.0,20.0,40.0,20.0,37.6019001619,-3.94731914222,4.33963291365,9.03493337638,9.86657880142,7.04714192648
853,20.0,40.0,40.0,20.0,47.7422909309,17.9514701875,10.5879930552,19.3455240988,16.5923934282,10.1025469744
854,20.0,70.0,40.0,20.0,75.8931576372,5.1524010705,25.3139362156,49.8338630322,49.7136393536,24.3317773152
855,20.0,100.0,40.0,20.0,53.3157288376,40.4526668122,27.8802831296,30.1143035964,21.3364132647,7.93462327653
856,40.0,0.0,40.0,20.0,36.9213116083,-1.86424983413,-0.84641036465,8.93380202374,9.4954998246,8.0548445626
857,40.0,10.0,40.0,20.0,46.3177082471,17.6106469292,13.8330160432,18.0886758843,15.5045959591,8.4606546949
858,40.0,20.0,40.0,20.0,77.1541127494,7.08714941935,2.71864239797,52.6306012579,51.7883570478,40.5974306947
859,40.0,40.0,40.0,20.0,44.6904074746,-16.8986570156,11.629704663,11.3029310061,14.3214236608,8.29837300173
860,40.0,70.0,40.0,20.0,43.711173811,7.18564429587,-13.8766010414,14.2849792782,13.6393243859,16.4455192032
861,40.0,100.0,40.0,20.0,51.9484155851,-5.28601008255,23.4600953488,18.350361126,20.098518011,8.48264620563
862,70.0,0.0,40.0,20.0,49.5150902163,20.8270640109,-4.65615225097,21.5066329439,18.0156552487,16.7798189219
863,70.0,10.0,40.0,20.0,60.4136229812,8.13271960123,38.456510261,29.6570825229,28.5850137952,8.37413353211
864,70.0,20.0,40.0,20.0,50.920348283,-11.7177593325,-19.7243409887,16.3485197241,19.1999726468,25.4346679915
865,70.0,40.0,40.0,20.0,56.7828112146,5.24859475465,27.1524421662,25.0345594755,24.7008848178,9.80721177938
866,70.0,70.0,40.0,20.0,60.5059969933,0.481822689225,-7.46038098573,27.785930294,28.6888057223,27.919100592
867,70.0,100.0,40.0,20.0,47.9357019287,-11.8818506848,11.684832278,14.1463946944,16.7438893307,9.87137142944
868,100.0,0.0,40.0,20.0,70.2161955181,17.3922830762,6.76818806137,45.4145779037,41.0575089763,29.4568608985
869,100.0,10.0,40.0,20.0,46.5715220656,-14.4816396241,-1.16297406166,12.8250964315,15.6948146264,13.3731957543
870,100.0,20.0,40.0,20.0,42.7526090639,5.67498385441,-6.84338245463,13.390349462,12.9929421381,13.043374899
871,100.0,40.0,40.0,20.0,53.5186213432,-4.67382570914,9.17077019911,19.7996549268,21.5243222184,13.9872228276
872,100.0,70.0,40.0,20.0,48.7460567196,18.6827261931,1.12548231684,20.3658110704,17.3886554611,13.9178602868
873,100.0,100.0,40.0,20.0,62.4400357105,7.92092392559,21.6098506795,31.9610364355,30.9199925394,15.1326948919
874,0.0,0.0,70.0,20.0,54.1015649763,12.2827694772,22.7694986467,23.9846282655,22.0703475723,9.73561080706
875,0.0,10.0,70.0,20.0,49.2501483944,-12.5956807988,-18.6136932866,14.9583878639,17.7979729927,23.2469359017
876,0.0,20.0,70.0,20.0,48.8080127079,-14.8879065937,14.3366318655,14.2680718653,17.4386212486,9.53045345682
877,0.0,40.0,70.0,20.0,57.4789150947,21.2491053644,-8.08434745233,29.7803047261,25.4164118064,25.2475545713
878,0.0,70.0,70.0,20.0,60.8403882938,-4.20984774763,36.4721888372,26.9735665544,29.0666301565,9.12820213816
879,0.0,100.0,70.0,20.0,48.6558354,0.321329164627,-22.485467354,16.7556313764,17.3160652944,24.7944574155
880,10.0,0.0,70.0,20.0,49.8843638464,-15.9500298534,10.7793185474,14.8549540698,18.3220094612,11.2093650749
881,10.0,10.0,70.0,20.0,56.8309314883,17.9353768733,6.58418275514,28.194995023,24.7499101031,17.374442354
882,10.0,20.0,70.0,20.0,62.2347701476,-4.10513988768,29.8509611698,28.5152824428,30.6778885369,11.952002101
883,10.0,40.0,70.0,20.0,47.5137112937,-3.06750175017,-7.53502379644,15.3023359118,16.4145319681,16.5362792628
884,10.0,70.0,70.0,20.0,49.7908739245,0.110202265846,-4.89839632241,17.6132472531,18.244123284,17.0888933496
885,10.0,100.0,70.0,20.0,61.8210821142,5.19931823712,29.5793544759,30.4907480731,30.1938037984,11.8018709542
886,20.0,0.0,70.0,20.0,35.71574286,4.30932132284,4.22553997686,9.05005827675,8.86123663862,6.3204593639
887,20.0,10.0,70.0,20.0,51.0455437375,-11.4591547738,11.8418388444,16.4904012901,19.3079330415,11.5194738447
888,20.0,20.0,70.0,20.0,49.5076842913,5.67876517766,-19.3475943007,18.4355556149,18.0095463885,23.8791334938
889,20.0,40.0,70.0,20.0,60.1252537068,6.32883367807,34.8217678449,28.8611081225,28.2626116776,9.24778122929
890,20.0,70.0,70.0,20.0,35.3925972619,5.7883808078,1.34988014577,9.06036086889,8.69616420543,6.85228591031
891,20.0,100.0,70.0,20.0,50.2606075492,-11.5671848604,18.203316309,15.8758420148,18.6376981285,9.13615396392
892,40.0,0.0,70.0,20.0,59.0266905196,17.8207992957,0.768762007902,30.6458714628,27.0566112556,21.9288725833
893,40.0,10.0,70.0,20.0,51.7046691749,8.12115467546,24.1869260239,20.8187123635,19.882999122,8.17488389819
894,40.0,20.0,70.0,20.0,51.3479352073,6.32933989923,-8.766412977,20.1331163673,19.5703633297,20.0879053318
895,40.0,40.0,70.0,20.0,45.4362227338,-5.00902352607,12.2536636845,13.5278596107,14.8559199656,8.47681141087
896,40.0,70.0,70.0,20.0,45.5602952766,-3.92169096507,-17.3510585012,13.7828367754,14.9461079663,19.4226777588
897,40.0,100.0,70.0,20.0,56.5341148205,15.5054162195,27.7492488409,27.2600853205,24.4485427759,9.50354598701
898,70.0,0.0,70.0,20.0,54.5510768595,9.7727137903,-0.379952207936,23.8538613407,22.4976405338,18.737399106
899,70.0,10.0,70.0,20.0,49.3254985803,1.62576498622,15.0060093196,17.5220706784,17.8597029597,9.59601595601
900,70.0,20.0,70.0,20.0,47.760088086,-1.19720546493,-9.81401412634,15.8050166833,16.6062953378,17.7089727221
901,70.0,40.0,70.0,20.0,43.3182595945,-10.2298574179,5.12428128835,11.4077896172,13.3718419013,9.45645575107
902,70.0,70.0,70.0,20.0,42.8157687187,3.25182790812,-14.3901010623,13.0594013416,13.0348898365,16.01424371
903,70.0,100.0,70.0,20.0,67.7900390642,-6.10338830271,-2.703355465,34.530872826,37.6880103942,32.8751322584
904,100.0,0.0,70.0,20.0,46.5673790241,16.4781332415,12.3966594562,18.0779949895,15.6916972356,8.97699044501
905,100.0,10.0,70.0,20.0,50.0769833814,-27.508889469,17.2846081257,13.1416046489,18.4831784257,9.30907020421
906,100.0,20.0,70.0,20.0,53.8382790628,40.5068432056,25.8121136694,30.7327688656,21.8226063916,8.73121528753
907,100.0,40.0,70.0,20.0,62.3630478216,-0.154744250261,19.6593711013,29.6874693444,30.8290391392,15.8705981874
908,100.0,70.0,70.0,20.0,49.2736933763,23.5412084261,4.01115444507,21.8647239694,17.8172467044,13.184534005
909,100.0,100.0,70.0,20.0,73.5642043259,-6.42848541163,56.0925877039,42.2047759604,46.0287783542,9.80520455875
910,0.0,0.0,100.0,20.0,44.9457500288,11.5932034905,6.35836175014,15.9195958812,14.5029486905,9.92296121815
911,0.0,10.0,100.0,20.0,61.4144931568,-13.0025413658,35.5379558503,25.4400725432,29.7230147204,9.68806192197
912,0.0,20.0,100.0,20.0,55.2048758459,27.7865368961,22.5334464309,28.9256631094,23.1289135536,10.3862497295
913,0.0,40.0,100.0,20.0,77.2505256543,-6.68542091724,23.0723592298,47.6362173864,51.9493237078,26.9316251429
914,0.0,70.0,100.0,20.0,47.3621315993,17.1286518455,-15.070218354,18.86156761,16.2972891063,19.8149273806
915,0.0,100.0,100.0,20.0,64.8492211757,-11.3284665566,7.63894158061,29.5669567022,33.8573960979,23.5902677935
916,10.0,0.0,100.0,20.0,57.8406307512,30.4304790449,-4.2265976623,32.7107046341,25.7936157446,23.4732390957
917,10.0,10.0,100.0,20.0,67.9115865994,15.9720150751,40.4550762932,41.5530386313,37.8522614134,11.6754369247
918,10.0,20.0,100.0,20.0,52.672362649,9.27450547471,0.981799525459,21.9471679467,20.7477974968,16.6967606339
919,10.0,40.0,100.0,20.0,35.7333418366,-0.438587207541,4.5542403075,8.50320677478,8.87028621016,6.25408960243
920,10.0,70.0,100.0,20.0,61.0094236252,30.5540052209,13.8148388326,36.7445153945,29.2588768589,17.3628979282
921,10.0,100.0,100.0,20.0,65.7908513616,17.9245594969,45.8497334906,39.2250972616,35.054212794,8.89007057163
922,20.0,0.0,100.0,20.0,53.8314933117,13.2536749031,-14.237136903,23.9404465525,21.816245909,25.1712725312
923,20.0,10.0,100.0,20.0,35.2901251584,-0.81905300242,5.51555608583,8.24330987767,8.64424980526,5.87934906941
924,20.0,20.0,100.0,20.0,62.4597095303,31.8706153431,-0.481677562699,39.0942768701,30.9432638297,25.8051324178
925,20.0,40.0,100.0,20.0,42.0709336055,4.23463871805,2.6034367378,12.7224369372,12.545918357,9.56499845723
926,20.0,70.0,100.0,20.0,71.8157141744,-11.8467337885,-1.17024421344,38.0297760661,43.3853140257,36.6339063547
927,20.0,100.0,100.0,20.0,47.0600268863,8.05080337338,10.7413663599,16.9094149182,16.0652869481,9.70216818391
928,40.0,0.0,100.0,20.0,60.16798368,-22.2302390597,-16.2726845832,22.1210234105,28.3102307757,33.1626936018
929,40.0,10.0,100.0,20.0,54.5606962023,27.7543512411,25.2863364194,28.20352862,22.5068441648,9.23092220635
930,40.0,20.0,100.0,20.0,47.42898981,-11.2279034311,-13.7681957983,13.9015643269,16.3489330943,19.252850252
931,40.0,40.0,100.0,20.0,42.4599301311,2.11805681039,5.88287877717,12.6565936973,12.7997329348,8.81772140808
932,40.0,70.0,100.0,20.0,55.829952846,-2.57065174085,-3.66484555606,22.3300774833,23.7433927442,21.3819637726
933,40.0,100.0,100.0,20.0,47.5239221042,16.7578622655,14.8041743376,18.9253091253,16.4224499099,8.76479459326
934,70.0,0.0,100.0,20.0,63.6597836784,9.27899113642,7.61561664869,33.8294858085,32.3849626472,22.5179373533
935,70.0,10.0,100.0,20.0,40.9448774282,-0.559972243101,-4.13136890583,11.3298577271,11.8301436936,11.0459021442
936,70.0,20.0,100.0,20.0,50.0910507119,-8.51074500892,-5.32377017183,16.2834658925,18.4949857597,17.5006757979
937,70.0,40.0,100.0,20.0,45.5823971058,10.5435559497,3.32488938181,16.2164682983,14.962211931,11.2215514652
938,70.0,70.0,100.0,20.0,58.6362982512,1.64886730336,5.67277642615,26.0823793123,26.6364477611,19.1975380075
939,70.0,100.0,100.0,20.0,51.5669373192,26.2687155393,12.8700867119,24.6918723802,19.7619016324,11.4764623577
940,100.0,0.0,100.0,20.0,49.1321916853,-20.9635688678,0.218434035072,13.5241664224,17.7016239055,14.5206263492
941,100.0,10.0,100.0,20.0,40.6927073599,10.9743487181,-6.82807908346,12.8426322663,11.6736756926,11.7948319227
942,100.0,20.0,100.0,20.0,57.775208878,-12.9127335108,12.7479485238,21.9057380059,25.725118008,15.4623051469
943,100.0,40.0,100.0,20.0,45.0947747539,24.7377819052,0.306431280196,18.4428251222,14.6095969995,11.9495491019
944,100.0,70.0,100.0,20.0,68.7320998306,-1.37133735977,27.7753566831,37.1602745019,38.9735476341,17.0817600594
945,100.0,100.0,100.0,20.0,38.8520255074,5.73153297841,-12.4202178334,10.9552384665,10.5731413979,12.6322632424
946,0.0,0.0,0.0,40.0,51.4693816417,-19.3953717008,16.5157648484,15.4251786259,19.6764262402,10.2553632478
947,0.0,20.0,0.0,40.0,43.7360743509,18.6808758364,-5.56478463932,16.2480477729,13.6563949693,13.1948579379
948,0.0,40.0,0.0,40.0,61.6537662631,-8.24355128793,31.3984344596,26.8431741703,29.9994715685,11.1027372241
949,0.0,70.0,0.0,40.0,48.0090614288,33.8163640425,3.57888015836,22.9190917572,16.8015910479,12.5576373112
950,0.0,100.0,0.0,40.0,59.0957547722,-18.7104082951,0.0498183664018,21.8829845534,27.1313992526,22.3604116212
951,20.0,0.0,0.0,40.0,34.7275805421,5.29373012771,5.39533032167,8.66436029499,8.36293034541,5.70044901183
952,20.0,20.0,0.0,40.0,69.6299202042,-4.38039145661,14.5832357269,37.4246579349,40.2256110748,24.2945181501
953,20.0,40.0,0.0,40.0,43.5133517129,7.21949589524,3.43878169499,14.1527513433,13.5042124542,10.0592549155
954,20.0,70.0,0.0,40.0,60.7322808181,-13.2552674607,-19.9641591933,24.687628326,28.9441203203,36.4071535371
955,20.0,100.0,0.0,40.0,34.6437816991,4.83352415281,6.01771486914,8.56937042674,8.32155363288,5.54213422387
956,40.0,0.0,0.0,40.0,70.9446047451,-0.968532196016,-6.13438446438,40.2895703708,42.1069655308,39.184784037
957,40.0,20.0,0.0,40.0,43.0493363437,6.01251486957,6.95634038479,13.6427214293,13.1907987713,8.80177609022
958,40.0,40.0,0.0,40.0,48.8093343717,34.7489767166,0.166055416703,23.9057390002,17.4396881752,14.3255099346
959,40.0,70.0,0.0,40.0,61.4028297272,-8.79601302461,37.664395455,26.4421139795,29.7095823494,9.064892669
960,40.0,100.0,0.0,40.0,43.3472523606,19.6100470121,-7.41680491796,16.1165929551,13.3914586032,13.6304370119
961,70.0,0.0,0.0,40.0,52.5419856183,-19.4882956792,22.0243724398,16.2105417041,20.6298503155,9.1682561299
962,70.0,20.0,0.0,40.0,40.3127666707,6.90274448467,-14.0729073523,12.0002836864,11.4405427201,14.1680527161
963,70.0,40.0,0.0,40.0,67.0853019092,-1.53042118944,40.3492985534,34.9807543388,36.7450327893,11.2377824168
964,70.0,70.0,0.0,40.0,46.3248270966,25.8751869221,-1.23306718343,19.7074261773,15.5099100583,13.2429207692
965,70.0,100.0,0.0,40.0,57.5939183504,-13.4165349918,24.6298315208,21.6300558604,25.5359378209,11.0277880977
966,100.0,0.0,0.0,40.0,42.1095589182,11.7206844024,-9.41666917609,13.904747053,12.5709693962,13.5805332921
967,100.0,20.0,0.0,40.0,48.9567544755,-22.9678545363,11.0622191004,13.0975968146,17.5589678992,10.6049359523
968,100.0,40.0,0.0,40.0,47.7980286924,33.8364249433,6.00669956571,22.7221754642,16.6359578393,11.5982515775
969,100.0,70.0,0.0,40.0,62.4741487799,-8.00759073997,19.5148528359,27.7844157279,30.9603508062,16.0095994056
970,100.0,100.0,0.0,40.0,42.9984295389,17.6197714441,-2.93953502106,15.510996443,13.156712562,11.8242398351
971,0.0,0.0,20.0,40.0,52.7850208672,-18.4754846698,5.59978019429,16.5763651894,20.8500764835,14.8798195136
972,0.0,20.0,20.0,40.0,39.2168927113,4.74293994778,-9.44965760832,11.034703847,10.7855407126,11.8209293101
973,0.0,40.0,20.0,40.0,62.6894683263,8.80943127593,12.0098075106,32.5082553372,31.2159003175,19.5040387321
974,0.0,70.0,20.0,40.0,47.9008483469,18.7161958438,7.02441491629,19.6340862053,16.7165212208,11.3193090702
975,0.0,100.0,20.0,40.0,54.1417350892,-2.34319126733,0.312936217489,20.8270940621,22.1083100548,18.1004247608
976,20.0,0.0,20.0,40.0,42.6349407135,4.2694475373,-1.60503742457,13.095778371,12.915032501,11.1719078332
977,20.0,20.0,20.0,40.0,47.5521498899,-12.6372207006,-9.18811216408,13.7622933686,16.4443523085,17.2758010776
978,20.0,40.0,20.0,40.0,51.2205285451,25.0672685729,20.4209471672,24.0685317217,19.4595055559,8.97653460212
979,20.0,70.0,20.0,40.0,59.0804013318,2.12041206483,1.09496498859,26.6639697732,27.1147614882,21.8095785747
980,20.0,100.0,20.0,40.0,44.9088845172,9.72575488886,10.2987481875,15.5693724885,14.4766465146,8.76388982483
981,40.0,0.0,20.0,40.0,50.6349431761,-7.92272104815,-9.63677498176,16.8073163119,18.955363949,19.9151954464
982,40.0,20.0,20.0,40.0,39.9815820878,-3.39497264487,2.09220953631,10.3874905655,11.2398764085,8.68396530224
983,40.0,40.0,20.0,40.0,36.4819995182,9.43851208876,7.90644976612,10.0954296064,9.26098436688,5.80817660758
984,40.0,70.0,20.0,40.0,64.6202783552,-20.3896143832,5.77280212887,27.0015058092,33.5705852233,24.389471905
985,40.0,100.0,20.0,40.0,47.4603490127,7.41446334918,8.79353382857,17.1076125097,16.3731937529,10.507105926
986,70.0,0.0,20.0,40.0,41.3468476845,-0.0976756388751,9.77539388323,11.6372392376,12.082440981,7.29507781954
987,70.0,20.0,20.0,40.0,36.0939063729,8.88922514757,8.41085197098,9.81252917689,9.05705088594,5.56406145629
988,70.0,40.0,20.0,40.0,65.8960256005,-15.9355185036,-16.3027902206,29.5419803701,35.1896146006,40.2980603971
989,70.0,70.0,20.0,40.0,46.6569485145,7.66447400769,12.2784879698,16.5273758509,15.7591849763,9.0541013758
990,70.0,100.0,20.0,40.0,41.4210895071,1.17702753029,4.46425287709,11.8640184471,12.1294279178,8.71431177181
991,100.0,0.0,20.0,40.0,52.8363134427,43.2329654005,20.6171801719,30.3048169992,20.8967546029,9.72693437383
992,100.0,20.0,20.0,40.0,44.5790423681,-0.707229346256,-14.6984573635,13.6229085105,14.2427300687,17.4440525239
993,100.0,40.0,20.0,40.0,63.7202545983,20.7964023464,32.3693624881,37.3336407951,32.4587703596,11.9666113038
994,100.0,70.0,20.0,40.0,52.6285485601,-16.2320995797,-13.9299587438,16.8585939145,20.7081105276,23.8591924685
995,100.0,100.0,20.0,40.0,79.1068903523,-1.82355941719,51.6808127043,52.4401141184,55.1140059166,14.6055751734
996,0.0,0.0,40.0,40.0,41.9003111769,6.72252917634,-17.098839057,12.9870229124,12.4356567379,16.4878116688
997,0.0,20.0,40.0,40.0,58.3331228686,-25.5171332899,26.7916834782,19.7813066328,26.3131698063,10.743180672
998,0.0,40.0,40.0,40.0,47.2295123236,24.7158450488,-8.15526454835,20.2626295649,16.1951706631,16.5915449361
999,0.0,70.0,40.0,40.0,71.094353661,-10.9580835711,46.7603837117,37.3429920904,42.3249090908,11.4027487932
1000,0.0,100.0,40.0,40.0,54.276459812,44.7504699494,3.4676247257,32.4181171583,22.2359484983,16.8164320953
1001,20.0,0.0,40.0,40.0,39.4185556251,15.8399716974,11.4481437894,12.7483455696,10.9041455534,6.13513179999
1002,20.0,20.0,40.0,40.0,37.1341010872,2.73498763464,-5.41534081666,9.60335269942,9.61050137785,9.4206642148
1003,20.0,40.0,40.0,40.0,43.3024371569,7.49861876836,16.5277565992,14.0515750263,13.3611444177,6.49579703143
1004,20.0,70.0,40.0,40.0,39.3385413023,-3.51211348912,-7.18067258251,10.0136625181,10.8569828998,11.1367606373
1005,20.0,100.0,40.0,40.0,48.3596807128,-1.04052896906,22.7842600372,16.2847764885,17.0792059313,7.07195922379
1006,40.0,0.0,40.0,40.0,43.6563648379,-7.86327021596,-3.2645818664,11.9493099927,13.6018001836,12.32580954
1007,40.0,20.0,40.0,40.0,46.8799990395,-1.06370015775,-6.54779731234,15.1792559143,15.9280867194,15.6702993871
1008,40.0,40.0,40.0,40.0,49.5707369748,3.53899235849,5.24557320628,18.0792017891,18.0616002926,12.9230492725
1009,40.0,70.0,40.0,40.0,53.4750285265,10.7207265368,3.13220807304,23.0223800611,21.483856043,16.3719046814
1010,40.0,100.0,40.0,40.0,57.4141529269,15.9643685598,17.4898036665,28.3335901159,25.3492671734,13.3884382824
1011,70.0,0.0,40.0,40.0,44.0265631447,3.9025109248,-18.532621407,13.9756298792,13.8565931996,18.7406037398
1012,70.0,20.0,40.0,40.0,67.7427616762,-14.9956130713,41.204843121,31.9444245704,37.6242515435,11.3291115821
1013,70.0,40.0,40.0,40.0,48.6776954317,21.1955993661,-8.95844425766,20.8243648329,17.3336348329,18.0332611282
1014,70.0,70.0,40.0,40.0,55.2197821857,-28.8314471942,21.0732142624,16.6011871117,23.1434423182,10.8550504858
1015,70.0,100.0,40.0,40.0,56.4147825849,40.4418295862,3.57761870858,33.8106057126,24.3280738598,18.3966081378
1016,100.0,0.0,40.0,40.0,50.5348886149,-8.36248841994,-6.44925895242,16.650556381,18.870105786,18.3461994654
1017,100.0,20.0,40.0,40.0,36.7078296453,1.04686398075,6.30063624744,9.17173336325,9.38104962019,6.23941677395
1018,100.0,40.0,40.0,40.0,58.7198017867,7.39531230998,5.23048498163,27.5881022635,26.7259508728,19.473332338
1019,100.0,70.0,40.0,40.0,52.0410816741,-18.6656776962,10.5454792981,15.9761542923,20.1808595412,12.5524024009
1020,100.0,100.0,40.0,40.0,51.2592239393,-2.59503004378,-21.9104782861,18.2968784064,19.4931304082,27.0316379709
1021,0.0,0.0,70.0,40.0,36.3587486708,0.806798253782,7.38247146238,8.96300003556,9.19589086546,5.87414718574
1022,0.0,20.0,70.0,40.0,59.1035595928,10.7364665123,-11.1277712543,28.8620864097,27.1398595596,28.6767165003
1023,0.0,40.0,70.0,40.0,50.3199628387,-19.1858650205,16.7028677127,14.630265831,18.6878291458,9.60124676436
1024,0.0,70.0,70.0,40.0,74.3483983349,-9.60546115742,10.8222925017,42.2725748921,47.2484326184,31.4109408586
1025,0.0,100.0,70.0,40.0,54.8227763512,-15.7934374733,14.583905852,18.7129851195,22.7585650257,12.8215121621
1026,20.0,0.0,70.0,40.0,61.2035858303,12.6464914755,3.43432720024,31.7939721678,29.480744643,22.4900718259
1027,20.0,20.0,70.0,40.0,46.1095248972,4.31468571519,5.07834930619,15.5289386766,15.349726928,10.9473609979
1028,20.0,40.0,70.0,40.0,50.9633115951,32.3820555926,-0.256218121772,25.5202180384,19.2369759264,15.9784260221
1029,20.0,70.0,70.0,40.0,57.6511693501,32.7347106704,29.9017067345,33.1311231797,25.5955797966,9.43733778686
1030,20.0,100.0,70.0,40.0,68.7149545408,2.09389654964,0.757185681431,38.2090579224,38.9498938747,31.6405110903
1031,40.0,0.0,70.0,40.0,49.3263605236,12.3050215638,15.8304132811,19.5807242122,17.8604099236,9.35538838838
1032,40.0,20.0,70.0,40.0,57.7203925666,-10.6956874702,-13.5415994589,22.3351857579,25.6678179235,28.6944977145
1033,40.0,40.0,70.0,40.0,43.0486345528,-5.30241996183,4.42243528677,11.9408737771,13.1903284659,9.5258262968
1034,40.0,70.0,70.0,40.0,47.5484392188,-1.84382981568,1.55543499749,15.5364240594,16.4414720273,12.9963394957
1035,40.0,100.0,70.0,40.0,40.079801035,-5.73565272061,9.63664427294,10.1383646935,11.2991409104,6.80401525111
1036,70.0,0.0,70.0,40.0,42.9159977808,6.26261010204,0.307240946465,13.5917864619,13.1016424676,10.7124307345
1037,70.0,20.0,70.0,40.0,36.9745041084,1.15990493694,5.94564203366,9.32477879932,9.52416108834,6.42148742798
1038,70.0,40.0,70.0,40.0,39.5250244294,13.9927067737,0.660712999267,12.5410200425,10.967112721,8.86294624904
1039,70.0,70.0,70.0,40.0,52.4096264625,26.6645119362,6.68320414541,25.6436157866,20.5105680944,14.2065308189
1040,70.0,100.0,70.0,40.0,57.7941079787,1.24566888886,14.1918955211,25.1185027495,25.7448931937,14.8973043599
1041,100.0,0.0,70.0,40.0,45.429026057,13.0555219037,-3.1111120781,16.5449269204,14.8506998824,13.3652198887
1042,100.0,20.0,70.0,40.0,49.5133361848,-10.1672921173,3.22396433345,15.5614355697,18.0142082913,13.6268637968
1043,100.0,40.0,70.0,40.0,41.5415114957,-0.00148623868426,-10.0461501765,11.7698856011,12.2059006156,13.4508822527
1044,100.0,70.0,70.0,40.0,61.546425173,7.17927035915,33.3957822851,30.7050246039,29.8752383113,10.4084516705
1045,100.0,100.0,70.0,40.0,49.3039722995,18.962749459,-1.73715237425,20.9216934646,17.8420532066,15.413526172
1046,0.0,0.0,100.0,40.0,52.7923126099,-5.79866686714,19.3444513508,18.9550348273,20.8567079932,10.0874409383
1047,0.0,20.0,100.0,40.0,44.0443765898,6.14201375051,-9.9317657464,14.3486670543,13.8689330825,15.0628716959
1048,0.0,40.0,100.0,40.0,45.7846028005,-16.4629408216,8.73613134424,12.032012648,15.1100815909,9.64472056067
1049,0.0,70.0,100.0,40.0,68.1734774987,4.36833338209,37.6546970394,38.1904843651,38.2077832676,12.802797422
1050,0.0,100.0,100.0,40.0,54.9692934974,-2.08900853169,-0.623182861044,21.6331506508,22.9001052195,19.1851510292
1051,20.0,0.0,100.0,40.0,56.5318832941,-12.5196140683,18.1964152734,20.8533354597,24.4462863525,12.584817596
1052,20.0,20.0,100.0,40.0,37.9561052534,8.23470971392,7.18278974494,10.7718920913,10.0634712886,6.52474739476
1053,20.0,40.0,100.0,40.0,66.0806736716,5.44262537689,44.6827665378,35.7642655081,35.428174001,9.36536386019
1054,20.0,70.0,100.0,40.0,54.7534632805,3.1361591749,-17.3411130654,22.5636348094,22.6918101156,27.8966121591
1055,20.0,100.0,100.0,40.0,56.0763190402,-12.0935978266,24.7737647629,20.5344550405,23.9885407017,10.1585710794
1056,40.0,0.0,100.0,40.0,37.8446418023,8.99462828895,4.15323680368,10.8094405913,10.0012321639,7.19334083501
1057,40.0,20.0,100.0,40.0,45.9629149944,20.1640599193,7.75216608516,18.2835412645,15.2412839465,10.0318927583
1058,40.0,40.0,100.0,40.0,50.9490026232,15.5879285807,-4.68597773114,21.7075951241,19.2246466736,17.8736781494
1059,40.0,70.0,100.0,40.0,55.0868729303,2.80472600038,17.8550932571,22.8074233965,23.0141141672,11.8403515662
1060,40.0,100.0,100.0,40.0,63.0515626722,-4.04312098807,-0.23630184746,29.4452687018,31.6488118467,26.2496386259
1061,70.0,0.0,100.0,40.0,66.3662831533,-17.7893735869,31.0313566388,29.5875222337,35.7992920153,14.0976601515
1062,70.0,20.0,100.0,40.0,49.6246605747,-7.73264069734,-19.181940146,16.0666312805,18.1061970618,23.8986489287
1063,70.0,40.0,100.0,40.0,50.6994959852,-7.92338307581,15.7710626989,16.8574786468,19.010506538,10.0767998739
1064,70.0,70.0,100.0,40.0,58.5175835154,5.32808963762,-7.42901538777,26.8564005992,26.5095479024,25.8910895002
1065,70.0,100.0,100.0,40.0,59.5231809173,10.2957446429,30.2768258479,29.2176888665,27.5973164,10.2938801929
1066,100.0,0.0,100.0,40.0,67.3016583263,22.6295557995,5.92325954162,42.8970261773,37.0328361735,26.9292079927
1067,100.0,20.0,100.0,40.0,37.3580906537,7.65792940863,7.28150081206,10.3540918871,9.73255516411,6.27051419064
1068,100.0,40.0,100.0,40.0,39.9793068807,7.7960748779,-1.71886141851,11.9220011589,11.2385060288,9.77724612238
1069,100.0,70.0,100.0,40.0,40.2771068664,0.206684356998,10.9807569837,11.0392911173,11.4188224646,6.57131873517
1070,100.0,100.0,100.0,40.0,43.7809736988,-0.24264384794,-2.18048232526,13.161268632,13.6872117356,12.0253931178
1071,0.0,0.0,0.0,60.0,44.0458054139,-7.26520384487,15.3723316573,12.2797156555,13.8699231871,7.06575664583
1072,0.0,20.0,0.0,60.0,50.2152840188,-13.7473764383,4.11868540345,15.4665435504,18.5994786509,13.7447561629
1073,0.0,40.0,0.0,60.0,58.4491358862,10.083976323,-6.12354648932,27.9722121183,26.4365644767,25.08603902
1074,0.0,70.0,0.0,60.0,55.8815610128,-11.7008180682,22.5927021807,20.4424303948,23.7946067651,10.7343285495
1075,0.0,100.0,0.0,60.0,50.998583966,-4.22735745508,-17.1599928322,17.7754304231,19.2673906957,24.0870867403
1076,20.0,0.0,0.0,60.0,67.1562935989,5.26962303705,42.8519190995,37.1139346373,36.8393029466,10.4758539597
1077,20.0,20.0,0.0,60.0,51.0310425105,-18.1092036494,-13.2921597177,15.3225610581,19.2954074589,22.0700315494
1078,20.0,40.0,0.0,60.0,39.7270828078,7.90655191697,2.86062922285,11.782307722,11.0872785891,8.35514474367
1079,20.0,70.0,0.0,60.0,59.7965488016,-10.7266216258,-2.0236013826,24.33827972,27.8980807611,24.1047995089
1080,20.0,100.0,0.0,60.0,44.3874623659,22.8736486648,11.1530934168,17.5152492746,14.1080299133,8.28614466325
1081,40.0,0.0,0.0,60.0,69.3891902062,-0.488280545585,10.8157565784,38.3102799968,39.8873071152,26.1775413125
1082,40.0,20.0,0.0,60.0,59.1439172697,-25.5824450662,-2.14470604991,20.47953169,27.1836347295,23.5617664524
1083,40.0,40.0,0.0,60.0,51.9129446112,16.5070867931,14.8141258567,22.8122111491,20.0670584734,11.0345588988
1084,40.0,70.0,0.0,60.0,70.853077374,-13.7131057618,13.2154615843,36.1885387268,41.9741263206,26.2491333618
1085,40.0,100.0,0.0,60.0,45.2175102175,-0.704610466628,2.53958012494,14.0598110775,14.6978232186,11.2727534023
1086,70.0,0.0,0.0,60.0,60.993428828,-20.064078832,-22.8913049186,23.3854577578,29.2406495076,38.8840001331
1087,70.0,20.0,0.0,60.0,50.1305637528,17.2329654388,18.8134146883,21.3069838619,18.5281777025,8.90011338927
1088,70.0,40.0,0.0,60.0,72.3666184017,-10.4804722728,-8.42450702637,39.2056584645,44.2069690726,42.8668072363
1089,70.0,70.0,0.0,60.0,43.2516812954,-1.29954491796,6.72954205063,12.6558643235,13.326867101,8.96300652935
1090,70.0,100.0,0.0,60.0,61.7472969012,-21.8043448742,-6.28168670132,23.7266682597,30.108001422,28.5009276525
1091,100.0,0.0,0.0,60.0,64.8453511004,0.335102412245,31.5059116541,32.738117507,33.8525342923,12.9501123096
1092,100.0,20.0,0.0,60.0,53.0612074694,-2.61546810626,-8.55822932992,19.8171280537,21.102238843,21.4422298248
1093,100.0,40.0,0.0,60.0,52.8785595577,22.8126830917,17.4833826448,25.2081194033,20.9352523911,10.7126493652
1094,100.0,70.0,0.0,60.0,44.3681471566,13.8622562375,-10.5006280254,15.8812138475,14.0944966869,15.5162536353
1095,100.0,100.0,0.0,60.0,70.5821937133,10.4075208484,47.7669937679,43.5470285511,41.5826141153,10.7889585756
1096,0.0,0.0,20.0,60.0,55.4216567827,24.056270541,-3.09243565036,28.2068317148,23.3408030202,20.7462705519
1097,0.0,20.0,20.0,60.0,59.2738024529,-7.91504687765,29.7016970804,24.4675288521,27.3248380847,10.3388039056
1098,0.0,40.0,20.0,60.0,47.8058413302,7.79226950868,-13.6983308571,17.4509390728,16.6420702522,19.5261497074
1099,0.0,70.0,20.0,60.0,50.0320162265,-21.9368043151,12.6790514975,13.9830157648,18.4454692073,10.6798374864
1100,0.0,100.0,20.0,60.0,42.6599757546,-5.98630379209,-4.664884034,11.6049704183,12.9315823483,12.215469873
1101,20.0,0.0,20.0,60.0,43.7080683245,-0.164285393883,15.9869548632,13.1251224391,13.6371964156,6.7818395151
1102,20.0,20.0,20.0,60.0,39.8609977145,1.03526401952,-4.66434154985,10.9081779967,11.167400637,10.6188810786
1103,20.0,40.0,20.0,60.0,39.3537830594,7.85712949797,10.6468988841,11.5476091742,10.8659563064,6.287283463
1104,20.0,70.0,20.0,60.0,36.7265573702,7.18650121438,-3.66551742604,9.94225886332,9.39105277237,8.72420145452
1105,20.0,100.0,20.0,60.0,66.8231290167,21.9929052649,-0.0146648651854,41.9933518239,36.3982860746,30.0416469532
1106,40.0,0.0,20.0,60.0,56.6874153295,7.07200608012,-12.9010357649,25.3685537794,24.6038862705,27.2377327254
1107,40.0,20.0,20.0,60.0,77.9085998444,-1.66822394839,31.832793453,50.532600111,53.0569313866,22.7005531861
1108,40.0,40.0,20.0,60.0,56.9667510185,6.91163281286,-13.3192580338,25.6172818265,24.8886338744,27.7731539025
1109,40.0,70.0,20.0,60.0,58.7328122177,1.2493252422,5.18424960444,26.0863641194,26.7399141066,19.5058070089
1110,40.0,100.0,20.0,60.0,66.6614545688,-16.7812405006,16.0040777425,30.1918084391,36.1855486471,20.8858424464
1111,70.0,0.0,20.0,60.0,69.2375157179,-12.0577536004,-10.7427512034,34.6140206469,39.6751322371,40.452654672
1112,70.0,20.0,20.0,60.0,52.0486123213,-5.87693128175,-3.98238000614,18.3199349709,20.1875610111,18.4112286454
1113,70.0,40.0,20.0,60.0,78.6236170046,-2.07620220219,34.947243582,51.5448946607,54.2781038176,21.7296050792
1114,70.0,70.0,20.0,60.0,77.8582429873,-3.19426079566,34.0208878067,49.8799052805,52.971624571,21.5302458343
1115,70.0,100.0,20.0,60.0,54.9637184464,34.8048981147,-4.74422496935,30.5036335975,22.8947088339,21.1743053788
1116,100.0,0.0,20.0,60.0,58.6520750467,-17.3684216185,30.7216235362,21.7604254042,26.653342756,9.70396036786
1117,100.0,20.0,20.0,60.0,34.7017862612,5.31896629701,-0.0327608413066,8.65438853779,8.35017952412,6.89752060967
1118,100.0,40.0,20.0,60.0,70.1985122144,-0.215196950645,50.5695871013,39.4985106665,41.0322509551,9.72170372763
1119,100.0,70.0,20.0,60.0,53.1432956557,33.8731081082,6.19785120791,28.2058923484,21.1775765495,14.8875814106
1120,100.0,100.0,20.0,60.0,58.4799182359,-16.8189952907,22.0062080711,21.7191416213,26.4693700727,12.426106084
1121,0.0,0.0,40.0,60.0,35.4406773443,3.93514834236,2.81161323071,8.86495823291,8.72059400265,6.53255600093
1122,0.0,20.0,40.0,60.0,71.2086484039,-0.457774167442,39.713001279,40.8251027833,42.4917579907,13.9712369977
1123,0.0,40.0,40.0,60.0,40.4909221682,1.03007051652,-1.41090972293,11.2790435129,11.549469205,9.94968227103
1124,0.0,70.0,40.0,60.0,59.0220202317,34.531312176,7.55686253676,35.3665670993,27.0515588816,18.6324260656
1125,0.0,100.0,40.0,60.0,47.2893130796,-12.7252650215,5.01315585915,13.5702705033,16.2411649939,11.6372583678
1126,20.0,0.0,40.0,60.0,73.5125944728,11.5096033555,14.9248010999,48.3934133553,45.9492542885,27.9431383659
1127,20.0,20.0,40.0,60.0,54.2609514923,-30.9738967464,12.7608003535,15.5027299983,22.221230934,13.1296059013
1128,20.0,40.0,40.0,60.0,57.7609348547,-24.0501981313,-19.2485968337,19.5808649586,25.7101890136,32.3775188739
1129,20.0,70.0,40.0,60.0,42.7541627819,10.377449019,4.99349184086,14.1343407107,12.9939729639,9.21275940615
1130,20.0,100.0,40.0,60.0,69.2983951836,-14.1137228506,-3.42597800116,34.0925328266,39.7602048626,35.1528704147
1131,40.0,0.0,40.0,60.0,47.8832720989,31.4024757918,15.8789764469,22.2690848868,16.7027311261,8.63902749585
1132,40.0,20.0,40.0,60.0,81.5771425335,-0.948316451208,13.181479456,57.0084957891,59.5210138757,38.4482098072
1133,40.0,40.0,40.0,60.0,35.6533147971,1.50460289821,3.8000737664,8.68772329735,8.82918514136,6.39167595467
1134,40.0,70.0,40.0,60.0,41.8516881772,14.1456597251,2.94886298861,14.1147644116,12.4043537299,9.35370227354
1135,40.0,100.0,40.0,60.0,37.1712300718,-4.9203909583,5.92903171601,8.70142139757,9.63066230383,6.50209151914
1136,70.0,0.0,40.0,60.0,48.0427779284,5.48785328144,3.79007458621,17.2144912732,16.8281555346,12.503713683
1137,70.0,20.0,40.0,60.0,39.7735247655,-11.6786113896,8.95781384287,9.23077869363,11.1150215178,6.83942845889
1138,70.0,40.0,40.0,60.0,65.8537143969,21.2145746531,0.0728159409566,40.3671010488,35.1351011185,28.9452835399
1139,70.0,70.0,40.0,60.0,56.4267807339,6.66189658161,-12.310582076,25.0060063057,24.3401683607,26.6276387206
1140,70.0,100.0,40.0,60.0,76.6876981972,-1.45574680374,31.1923759567,48.6571263793,51.0143460042,21.9423814789
1141,100.0,0.0,40.0,60.0,55.423227033,3.51753851605,6.60609030067,23.289317745,23.342342541,16.3235663037
1142,100.0,20.0,40.0,60.0,58.5148791657,0.805124297663,4.83448811946,25.7529597767,26.5066617989,19.4935136389
1143,100.0,40.0,40.0,60.0,65.7263344354,-15.4401090819,14.7753748683,29.4799665131,34.971325532,20.6964512299
1144,100.0,70.0,40.0,60.0,67.8594475393,-11.6709585114,-9.89319515898,33.0164583729,37.7817459327,38.020929363
1145,100.0,100.0,40.0,60.0,52.0611432558,-6.10223339904,-3.39980859128,18.2872027274,20.1987154895,18.1569891281
1146,0.0,0.0,70.0,60.0,43.2918712498,-0.741279887496,4.6766055912,12.7654814528,13.3540040303,9.5743869631
1147,0.0,20.0,70.0,60.0,80.5790957151,-0.241975870047,6.69362001136,55.5556343046,57.7132373883,42.104567775
1148,0.0,40.0,70.0,60.0,35.011382928,-0.197158775627,4.5842129596,8.17840761228,8.50407976015,5.97575666787
1149,0.0,70.0,70.0,60.0,52.961448091,7.59669094249,-16.1669400843,21.854178945,21.0109238976,25.4130638119
1150,0.0,100.0,70.0,60.0,53.3792800658,11.9643958226,24.4212708126,23.2079031914,21.3951531292,8.89825661963
1151,20.0,0.0,70.0,60.0,60.6822378853,25.4077134928,-5.08235091025,34.7865077675,28.8875272848,26.6910225546
1152,20.0,20.0,70.0,60.0,34.446593656,0.697317489617,3.34534917514,8.00761777378,8.22472851333,6.03294337681
1153,20.0,40.0,70.0,60.0,50.2728460003,5.63500177205,-3.39828254785,19.0675117391,18.6480272832,16.8006312127
1154,20.0,70.0,70.0,60.0,53.1206122307,12.6460106433,16.7877333244,23.1110319513,21.1567405861,11.0697392944
1155,20.0,100.0,70.0,60.0,58.0976484311,23.8126770277,8.95700707851,31.1844866783,26.0638944667,17.2918546286
1156,40.0,0.0,70.0,60.0,80.660474768,-1.81535377822,28.7257636201,55.0673008859,57.859250575,27.0643361495
1157,40.0,20.0,70.0,60.0,49.5126821036,30.8012645836,9.89043567705,23.6971920873,18.0136687384,11.2906928442
1158,40.0,40.0,70.0,60.0,67.5083966536,-15.8529316455,10.6347448917,31.4299050846,37.3092456746,24.4540989977
1159,40.0,70.0,70.0,60.0,43.4293564631,11.7685314443,-0.797357116536,14.8375451619,13.4471148692,11.3563207972
1160,40.0,100.0,70.0,60.0,56.5372701323,-27.221628167,-6.20824827096,17.9407348063,24.4517335281,23.3313764945
1161,70.0,0.0,70.0,60.0,41.0092078475,-9.8824960809,2.20088486675,10.12023125,11.870282414,9.15092858109
1162,70.0,20.0,70.0,60.0,46.6095247709,3.83048725892,12.8298189129,15.8168665441,15.7234286533,8.87569129264
1163,70.0,40.0,70.0,60.0,38.6707025455,-3.55243105344,0.736905996677,9.64516414842,10.4686335263,8.43671308783
1164,70.0,70.0,70.0,60.0,42.3100551362,13.3760757892,9.16837654917,14.3094735268,12.7015402429,7.86639461045
1165,70.0,100.0,70.0,60.0,36.0139594261,3.1953131772,-0.438726517723,9.07055484368,9.0154160986,7.54836997803
1166,100.0,0.0,70.0,60.0,78.9953413344,-2.04521197668,43.549629008,52.1697958174,54.9203068503,17.9273681952
1167,100.0,20.0,70.0,60.0,49.2376256953,32.1769286609,2.90002216379,23.7403648996,17.7877276878,13.5705289036
1168,100.0,40.0,70.0,60.0,65.8986869301,-18.0753806464,23.7147658625,28.9858791022,35.1930453241,16.7270847262
1169,100.0,70.0,70.0,60.0,43.6771788427,11.2522681579,-8.25982575947,14.9294305067,13.6160420866,14.1633231371
1170,100.0,100.0,70.0,60.0,54.1450981042,-29.9373448439,6.02407633714,15.5948048182,22.1114902219,15.6515613283
1171,0.0,0.0,100.0,60.0,65.350217755,27.4794044596,-0.621001305951,41.7073802232,34.4907145369,28.8381255218
1172,0.0,20.0,100.0,60.0,66.9950622003,23.8523493423,-0.327646295776,42.8637428498,36.6254354271,30.4278750994
1173,0.0,40.0,100.0,60.0,79.5661883127,-2.10926969073,40.1395340024,53.0958328992,55.9163513963,19.9656870236
1174,0.0,70.0,100.0,60.0,80.7431267423,-1.97491247651,34.8915700855,55.1456727859,58.007799553,23.6712833702
1175,0.0,100.0,100.0,60.0,55.583589059,0.740997926187,4.856844603,22.8245302092,23.4999230457,17.1896906945
1176,20.0,0.0,100.0,60.0,59.7978580822,0.57932383457,4.97020894448,27.0467602332,27.8995264885,20.492178418
1177,20.0,20.0,100.0,60.0,67.6487261046,-15.0723995297,-14.4694781714,31.8110639891,37.4976478869,41.2172829261
1178,20.0,40.0,100.0,60.0,70.0006457865,-12.4599861485,-11.2178599361,35.4645934575,40.750333707,41.8464766085
1179,20.0,70.0,100.0,60.0,79.9165988131,1.20485490508,6.06919461963,54.9931995396,56.5336913326,41.6966460137
1180,20.0,100.0,100.0,60.0,66.1835563916,-15.9774577662,15.0424926183,29.8579426761,35.5615617045,20.9540749795
1181,40.0,0.0,100.0,60.0,68.948767128,12.3701732213,-3.85726370451,41.8404630073,39.2732889758,35.0328124211
1182,40.0,20.0,100.0,60.0,50.0153493418,1.75207668798,16.8513048626,18.1037600321,18.4315054847,9.40389715008
1183,40.0,40.0,100.0,60.0,58.3102046868,-1.20159745155,-16.622597607,25.0659828776,26.2888388994,31.2764529687
1184,40.0,70.0,100.0,60.0,57.2029865214,22.4588718584,30.2914375941,29.7857028014,25.1311539945,9.10237645806
1185,40.0,100.0,100.0,60.0,65.3200938817,11.3984032205,12.9641707002,36.5698967227,34.4524131315,21.2480741189
1186,70.0,0.0,100.0,60.0,49.4137041601,3.24813622568,9.23502622369,17.8964106246,17.9321457359,11.4507618588
1187,70.0,20.0,100.0,60.0,55.8683907896,-4.8260173786,-1.41471185869,21.8772461228,23.7815301348,20.3020436134
1188,70.0,40.0,100.0,60.0,57.1997193787,22.2523110156,23.0715754583,29.727407458,25.1277892383,11.3144952803
1189,70.0,70.0,100.0,60.0,51.9518038797,-21.1513803545,2.95845722793,15.480381565,20.1015248403,15.3608532996
1190,70.0,100.0,100.0,60.0,48.0345058,5.08330390805,-6.62790559315,17.1338680882,16.8216355168,16.5323815076
1191,100.0,0.0,100.0,60.0,61.083448062,-6.32956092441,17.707391425,26.7091426607,29.3433322814,15.7659846778
1192,100.0,20.0,100.0,60.0,54.540254647,23.4994535149,4.32440188508,27.1107834507,22.4872890164,16.6447279935
1193,100.0,40.0,100.0,60.0,71.4043366005,10.2191248732,34.6370693355,44.6997415664,42.7784431302,16.1238008571
1194,100.0,70.0,100.0,60.0,37.5454402996,5.43267644053,1.26596045969,10.1698915387,9.83543368617,7.78597017607
1195,100.0,100.0,100.0,60.0,41.1675328909,8.72886636692,6.60651341923,12.8126557968,11.9694551907,8.02029580266
1196,0.0,0.0,0.0,80.0,39.7108767514,-1.40185959292,2.85878690274,10.4960988619,11.0776084895,8.34812908493
1197,0.0,40.0,0.0,80.0,45.6428587017,0.684498078806,9.9886445606,14.5826590122,15.0063249107,9.20855791289
1198,0.0,70.0,0.0,80.0,43.1649518793,-8.33392739364,4.68003774451,11.5808703312,13.2684312714,9.50909339651
1199,0.0,100.0,0.0,80.0,52.7772589928,-17.9815513014,-8.40220756752,16.6588691156,20.8430189551,21.1184887801
1200,40.0,0.0,0.0,80.0,45.8415361839,3.76985695867,1.82969922059,15.239624873,15.1518910868,11.8692639545
1201,40.0,40.0,0.0,80.0,61.4861075989,-6.36926088375,4.84707651446,27.1282446533,29.8055793703,22.011888412
1202,40.0,70.0,0.0,80.0,53.6782597574,21.4965876597,13.9497279137,25.7155388013,21.6729444916,12.3484095218
1203,40.0,100.0,0.0,80.0,73.2250824654,10.3097029275,21.4229729971,47.5076454729,45.5079116619,23.9449866243
1204,70.0,0.0,0.0,80.0,79.0948388574,-2.17235381925,46.7318221634,52.2857900012,55.0930572135,16.6141254626
1205,70.0,40.0,0.0,80.0,80.8875714453,-1.88018978076,27.3043226935,55.4321111618,58.2680176038,28.1456451429
1206,70.0,70.0,0.0,80.0,50.0759613961,0.920179643373,4.64024758643,17.9957256194,18.482320824,13.4612896666
1207,70.0,100.0,0.0,80.0,65.1277738885,0.467930799182,4.55251641474,33.1197613489,34.2085534713,25.558387403
1208,100.0,0.0,0.0,80.0,65.6578972093,-16.7862867282,-17.9702252147,29.0511475665,34.8835446379,41.2705120552
1209,100.0,40.0,0.0,80.0,72.6314505033,-10.6937144503,-8.49885588953,39.5011547102,44.605622317,43.2928961566
1210,100.0,70.0,0.0,80.0,62.7042038051,31.0867735628,-1.12700882,39.1799145172,31.233440176,26.4183100117
1211,100.0,100.0,0.0,80.0,71.118641614,16.6460353732,0.368433684021,46.5244793911,42.3603283365,34.6951352846
1212,0.0,0.0,40.0,80.0,79.583926406,-3.50033560538,33.5083836826,52.5865049126,55.9474931711,23.341499273
1213,0.0,40.0,40.0,80.0,79.708178962,-0.389235827218,34.4178291664,54.0074325809,56.1659606426,22.9726643291
1214,0.0,70.0,40.0,80.0,37.233319943,-6.76040867224,6.63020207182,8.5196776009,9.66443988162,6.36786952915
1215,0.0,100.0,40.0,80.0,44.8882634815,14.6515719844,1.65735672262,16.4139992159,14.4619480486,11.3763404114
1216,40.0,0.0,40.0,80.0,64.1954316031,-9.39444536543,39.2761931866,29.334990999,33.0426537506,10.0049883096
1217,40.0,40.0,40.0,80.0,51.2030994038,35.6091228304,12.0878219557,26.5499004269,19.4443729224,11.5280243366
1218,40.0,70.0,40.0,80.0,37.3693612881,-6.26419148854,4.86920592488,8.64453528476,9.73872378303,6.82614270439
1219,40.0,100.0,40.0,80.0,45.0946742784,15.0604055339,-2.86973828135,16.6458373752,14.6095249195,13.0666912541
1220,70.0,0.0,40.0,80.0,64.8600017654,-9.1009377063,28.6369627146,30.1692501173,33.8709417337,14.0205762156
1221,70.0,40.0,40.0,80.0,51.1633349797,36.044077365,8.39201844027,26.614488886,19.4098773313,12.7795270058
1222,70.0,70.0,40.0,80.0,66.391245617,21.4749631048,17.0079257639,41.2073334746,35.8318505824,20.1663765362
1223,70.0,100.0,40.0,80.0,59.6352182782,10.5024394178,19.6294820343,29.3980528219,27.7203191478,14.0202850989
1224,100.0,0.0,40.0,80.0,56.5949065082,4.05579169547,1.71750821698,24.5659523682,24.5100661371,19.4022186523
1225,100.0,40.0,40.0,80.0,50.7341382161,-5.59958127742,5.45302778719,17.3088126099,19.0401428247,13.5806326669
1226,100.0,70.0,40.0,80.0,48.5464418256,-10.649629538,-9.61532749427,14.7775253003,17.2283208659,18.2273137679
1227,100.0,100.0,40.0,80.0,44.6428861355,-6.07393131851,8.22240594266,12.8393661929,14.2878084405,9.22065522612
1228,0.0,0.0,70.0,80.0,43.2385308256,-2.25023420599,7.32617106607,12.5059362456,13.3179956733,8.78963495231
1229,0.0,40.0,70.0,80.0,41.3445577873,1.37049952947,5.73843152206,11.8445063134,12.0809936594,8.33122293849
1230,0.0,70.0,70.0,80.0,39.1569203434,6.18863999593,4.23138449552,11.1973987837,10.7504355793,7.73809514969
1231,0.0,100.0,70.0,80.0,38.551188124,8.96908217877,3.41683142988,11.2207606691,10.4001277546,7.67953182402
1232,40.0,0.0,70.0,80.0,64.7258253849,21.4559949661,28.1388196464,38.889619433,33.7026084485,14.1221254989
1233,40.0,40.0,70.0,80.0,60.2023914698,11.5758012579,8.51018419672,30.3297419547,28.348614327,19.1333516121
1234,40.0,70.0,70.0,80.0,55.4791319138,1.26365152636,12.8244931395,22.8405641332,23.397197493,13.8837840097
1235,40.0,100.0,70.0,80.0,51.9708950407,-5.81558165814,-5.20134284223,18.2676631204,20.1184722614,18.909666895
1236,70.0,0.0,70.0,80.0,46.7255352266,-13.5250323242,-0.644606497397,13.0709371354,15.8109934813,13.2803914177
1237,70.0,40.0,70.0,80.0,78.6202811091,-1.93377682145,51.2182058382,51.5937055342,54.2723633998,14.459210164
1238,70.0,70.0,70.0,80.0,80.8189636892,-1.60980725889,23.2616093962,55.4219755005,58.1443234782,30.5841123863
1239,70.0,100.0,70.0,80.0,45.69812338,1.02724406076,4.6127654363,14.6782761403,15.0467219721,10.8690775698
1240,100.0,0.0,70.0,80.0,68.0245577601,0.435501051798,5.05546757765,36.780758673,38.0053501744,28.1887155955
1241,100.0,40.0,70.0,80.0,63.1241613326,-18.5470293709,-20.0724941792,25.8768339657,31.7360879997,39.52825271
1242,100.0,70.0,70.0,80.0,73.6394490007,-9.16757051898,-6.66774593494,41.404505799,46.1448849277,43.2179152174
1243,100.0,100.0,70.0,80.0,60.2790313363,34.9002115981,-0.8313797012,37.1100213744,28.4342344689,23.9089687234
1244,0.0,0.0,100.0,80.0,72.8322412185,14.1392607419,1.01902982005,48.2828240099,44.9094659437,36.32029074
1245,0.0,40.0,100.0,80.0,79.9201710024,-1.31783405164,5.57638726957,54.001599134,56.540007963,42.0896760959
1246,0.0,70.0,100.0,80.0,67.2314044299,-13.2073328189,-10.2750077273,31.829372375,36.9392183207,37.5056598902
1247,0.0,100.0,100.0,80.0,56.9884314876,40.5795119472,-0.917211007182,34.5671358398,24.9108258013,21.0067502202
1248,40.0,0.0,100.0,80.0,37.6406472677,-5.72569784926,8.15143563216,8.84397145661,9.88799097849,6.18590156257
1249,40.0,40.0,100.0,80.0,49.8772266601,21.4148069295,-13.0339126569,21.9670814219,18.3160556921,20.9352416405
1250,40.0,70.0,100.0,80.0,73.6140929632,6.14078816203,56.4998445692,46.6138734994,46.1057374148,9.70941650238
1251,40.0,100.0,100.0,80.0,55.9744103401,40.6974205169,10.1794431803,33.3402557836,23.8869323156,15.2459515357
1252,70.0,0.0,100.0,80.0,38.127904868,-5.62399240495,6.51391137716,9.10560609831,10.1599058581,6.7472877197
1253,70.0,40.0,100.0,80.0,48.0495886788,18.0982000388,-2.42122139669,19.6387174995,16.8335249717,14.8231864019
1254,70.0,70.0,100.0,80.0,74.137219747,5.21341896826,45.2135044206,47.0885491557,46.9178937185,13.8009996436
1255,70.0,100.0,100.0,80.0,43.191935398,-5.3577482291,-2.72837442044,12.0218883819,13.2865936596,11.8657972227
1256,100.0,0.0,100.0,80.0,55.8457002155,-13.1470235179,-3.01967828452,20.1149086663,23.759012048,21.0725643466
1257,100.0,40.0,100.0,80.0,49.9668390512,13.9552288013,7.62437670369,20.4756810719,18.3909030721,12.3227327861
1258,100.0,70.0,100.0,80.0,66.3435810983,1.85608955673,11.5539850243,35.0365335737,35.7696988316,22.878560655
1259,100.0,100.0,100.0,80.0,58.7676172855,33.2877800903,21.446596562,34.6773738355,26.7772919869,12.7996170383
1260,0.0,0.0,0.0,100.0,39.261237766,12.2088033189,5.2099447681,12.1121968192,10.8115474066,7.53583400241
1261,0.0,40.0,0.0,100.0,38.3413465418,2.40491687304,2.02579716461,10.22201162,10.2805705921,7.94413137469
1262,0.0,100.0,0.0,100.0,43.2270984204,4.0619311511,8.58987278639,13.4575106776,13.3102864675,8.43749473752
1263,40.0,0.0,0.0,100.0,41.2575526357,-4.67990526564,3.85755821235,10.9494325706,12.0260879411,8.80442096098
1264,40.0,40.0,0.0,100.0,46.9824798118,-3.77634173652,11.437372974,14.7994187893,16.0060917018,9.45777848375
1265,40.0,100.0,0.0,100.0,44.8360876497,-0.998679062215,-10.5278831045,13.7514531334,14.424802084,15.8575522037
1266,100.0,0.0,0.0,100.0,54.307251544,-15.2830441054,9.54579116627,18.38299099,22.265189445,14.3638435589
1267,100.0,40.0,0.0,100.0,50.4260448151,13.2977282152,-0.848230446058,20.7490906629,18.7776489135,15.8403312565
1268,100.0,100.0,0.0,100.0,65.1314519671,-0.201311910408,25.5404217639,32.9347036113,34.2132064075,15.4180499198
1269,0.0,0.0,40.0,100.0,59.117771452,34.1207611211,12.2739677017,35.3672103151,27.1552695158,16.6203487546
1270,0.0,40.0,40.0,100.0,78.3773330517,-1.77436560859,53.6785698814,51.2559205654,53.855384951,13.3717466532
1271,0.0,100.0,40.0,100.0,80.8888108622,-1.51499780629,19.5865869554,55.5804577929,58.270253782,33.0726493097
1272,40.0,0.0,40.0,100.0,43.973313653,1.11647908926,4.57510317353,13.499739546,13.8197494018,9.95515419749
1273,40.0,40.0,40.0,100.0,70.4550510304,0.341134908045,4.9478195042,40.0312835629,41.3996954904,30.8691736354
1274,40.0,100.0,40.0,100.0,61.8642885456,-18.6225078414,-21.4788212577,24.5739874502,30.2441227188,38.950743242
1275,100.0,0.0,40.0,100.0,75.0133536482,-7.84760627714,-4.90795057295,43.8353335846,48.2993609675,43.7095369308
1276,100.0,40.0,40.0,100.0,59.1128141823,36.974462482,-0.760736985722,36.2135251603,27.149893673,22.7985982365
1277,100.0,100.0,40.0,100.0,74.4718119988,11.720225647,1.72950584114,49.9984833454,47.4423177696,37.8571924399
1278,0.0,0.0,100.0,100.0,64.9877767616,18.7352478665,21.4277329209,38.389103602,34.0317642112,17.0349792656
1279,0.0,40.0,100.0,100.0,68.4486458843,22.0102064476,1.14080711686,44.3716896781,38.583720487,31.0931425797
1280,0.0,100.0,100.0,100.0,47.9327739786,-3.50413249169,13.2168309412,15.5357923824,16.7415890654,9.41665375147
1281,40.0,0.0,100.0,100.0,65.0542636184,8.22165141477,-7.45115210993,35.2751583534,34.1156480947,32.8958727143
1282,40.0,40.0,100.0,100.0,36.0598709504,2.87820540554,6.67437912807,9.05629633434,9.03931027765,5.91522832397
1283,40.0,100.0,100.0,100.0,55.2895589007,-4.07633662427,-20.3716710835,21.5037712695,23.2115325032,30.3402050952
1284,100.0,0.0,100.0,100.0,47.4808105774,-1.28548701581,6.01796641825,15.5821819045,16.3890365209,11.4124818303
1285,100.0,40.0,100.0,100.0,62.2464434538,7.23072528274,8.97946101518,31.5404165169,30.691622807,20.5962431752
1286,100.0,100.0,100.0,100.0,36.5429438081,3.71430199632,5.78125855427,9.40965630891,9.29328457177,6.29159239849
1287,100.0,0.0,0.0,0.0,53.4680327491,-7.48719676101,-3.80597027453,19.1954710762,21.4773667556,19.4646748764
1288,98.0,0.0,0.0,0.0,53.2493801727,43.1425769732,9.48946219482,30.7590634927,21.2752025723,13.6925229125
1289,95.0,0.0,0.0,0.0,72.0832328028,-11.5774633984,32.1567775351,38.4740655772,43.7830255163,17.6937436926
1290,90.0,0.0,0.0,0.0,46.4699228776,21.885071563,-2.48244169152,19.0396715671,15.6184863254,13.7986365288
1291,85.0,0.0,0.0,0.0,59.8222902496,-24.6963717501,13.686337551,21.2742968702,27.9265140179,16.5364176557
1292,80.0,0.0,0.0,0.0,41.9813522262,3.75194757846,-11.1677608667,12.592605356,12.4879471257,14.1572444167
1293,75.0,0.0,0.0,0.0,49.6422185817,-0.495640466624,15.1387103528,17.3820774469,18.1207339964,9.7184294558
1294,70.0,0.0,0.0,0.0,38.7568624651,-6.5563745915,1.11854126531,9.32067154407,10.5182066335,8.37379065647
1295,60.0,0.0,0.0,0.0,44.7196919281,8.31160961171,11.2427570578,15.1899932274,14.3421648693,8.41601085164
1296,50.0,0.0,0.0,0.0,37.4544838923,0.443514864609,0.0907119685986,9.4906117222,9.78539710384,8.0501590463
1297,40.0,0.0,0.0,0.0,40.2714804022,16.2936378807,7.80844579247,13.3785823583,11.415397919,7.32283633515
1298,30.0,0.0,0.0,0.0,52.1728234839,43.0631266457,16.8562932574,29.5017464887,20.2983097909,10.5266021764
1299,25.0,0.0,0.0,0.0,73.0815730711,-10.6484012269,17.0765657596,40.1381707975,45.2886802256,26.2382510526
1300,20.0,0.0,0.0,0.0,45.2743781337,19.9432839246,4.24350523592,17.6813986361,14.7388218445,10.7537083822
1301,15.0,0.0,0.0,0.0,60.0158105654,-23.5169849729,-0.600021979149,21.7024901981,28.1408897502,23.5395433904
1302,10.0,0.0,0.0,0.0,41.4800694968,1.39240570084,-5.55902236695,11.9313562946,12.1668424953,11.8247906738
1303,7.0,0.0,0.0,0.0,42.3604818701,1.13096980787,4.51348794186,12.4462182233,12.7345217546,9.15583763909
1304,5.0,0.0,0.0,0.0,73.3073848857,0.230679246996,4.88048003729,44.0837864874,45.6339591941,34.1847544248
1305,3.0,0.0,0.0,0.0,60.6750450702,-19.1377503664,-22.5651525885,23.2852471636,28.8793990732,38.2317962388
1306,2.0,0.0,0.0,0.0,76.8477709009,-5.87745481131,-2.53658937133,47.3014610624,51.2791097869,44.3539706121
1307,0.0,100.0,0.0,0.0,57.9180886135,38.374567754,-1.00453122043,35.0959884299,25.8748724256,21.8583006137
1308,0.0,98.0,0.0,0.0,76.365100253,8.67686000545,2.44833678449,51.9338333984,50.4835341107,39.762387546
1309,0.0,95.0,0.0,0.0,78.1213036994,-1.70800008706,56.1309929614,50.8631510561,53.418271926,12.3351271386
1310,0.0,90.0,0.0,0.0,80.8719505619,-1.37289419905,16.5210811944,55.6082840674,58.2398390309,35.1580188759
1311,0.0,85.0,0.0,0.0,59.672169774,0.49539753952,5.77365976913,26.8919412316,27.7609671866,19.9973475391
1312,0.0,80.0,0.0,0.0,79.8838614513,0.0631498127861,4.42025706205,54.4843608103,56.4758244259,42.9596565835
1313,0.0,75.0,0.0,0.0,70.8584070582,16.9188121338,0.319685671105,46.2229909785,41.981853942,34.4180585586
1314,0.0,70.0,0.0,0.0,51.421103542,5.46023058176,20.2860835014,20.0205743742,19.6342177212,9.1127971407
1315,0.0,60.0,0.0,0.0,36.1812220441,1.73854830616,-0.843443787415,8.98278727151,9.10266939224,7.7238774166
1316,0.0,50.0,0.0,0.0,59.214306288,30.0726909931,34.6103950089,34.3013923795,27.2600968975,8.86220673121
1317,0.0,40.0,0.0,0.0,68.5088191123,16.9576682157,17.8731975343,42.7392228514,38.6662568625,21.5443967978
1318,0.0,30.0,0.0,0.0,51.3255866332,8.40402209976,12.6421365551,20.5386488145,19.5508872495,11.41405558
1319,0.0,25.0,0.0,0.0,36.161580416,-0.125254617077,2.82000867849,8.75311110331,9.09239420415,6.81834795419
1320,0.0,20.0,0.0,0.0,60.0629873839,28.9916498587,27.9330655955,35.0554019843,28.1933165443,11.3392559959
1321,0.0,15.0,0.0,0.0,41.737949834,17.8616759904,2.63484639992,14.639501905,12.3313353587,9.38792791792
1322,0.0,10.0,0.0,0.0,35.979414398,-1.89127737951,3.73337300164,8.45834944804,8.99746528247,6.53417572264
1323,0.0,7.0,0.0,0.0,45.4604869192,10.1957559829,3.02431687866,16.0630178249,14.8735289184,11.251160819
1324,0.0,5.0,0.0,0.0,39.1745528674,-7.50188824501,6.63377744796,9.42523330626,10.7607489497,7.14778892285
1325,0.0,3.0,0.0,0.0,50.2386007667,0.934115749809,4.80330126938,18.1311531689,18.6191341773,13.5047041699
1326,0.0,2.0,0.0,0.0,39.5755306405,0.0862438450604,0.566010108653,10.6158822338,10.9970673933,8.91388270144
1327,0.0,0.0,100.0,0.0,62.009197458,-20.1042676457,-12.7581994359,24.3751850486,30.4132941464,32.9340573975
1328,0.0,0.0,98.0,0.0,44.6191931404,19.7189830699,9.64324342836,17.118238803,14.2710683698,8.80727433417
1329,0.0,0.0,95.0,0.0,74.4147064499,-8.87615779579,3.41879830145,42.6124104827,47.3525380962,36.5561531121
1330,0.0,0.0,90.0,0.0,52.5645868625,42.805581629,22.8605631711,29.879287031,20.6502646955,8.942090768
1331,0.0,0.0,85.0,0.0,52.969648438,44.0447522777,6.84208730574,30.6771411491,21.0184201448,14.5177703626
1332,0.0,0.0,80.0,0.0,43.1453208783,-5.3277402031,0.890338004042,11.9972266508,13.2552282096,10.6529731368
1333,0.0,0.0,75.0,0.0,66.1602956414,20.7754566775,10.8694113103,40.6534569441,35.5313748444,23.0730757986
1334,0.0,0.0,70.0,0.0,49.0613922839,-22.4570637143,7.23034829488,13.2451896274,17.6439610575,11.920587189
1335,0.0,0.0,60.0,0.0,80.6228525822,-1.61677157849,19.9997268157,55.0818052947,57.7917169422,32.4896090421
1336,0.0,0.0,50.0,0.0,40.5818345111,1.18036179639,4.47455389659,11.3542326989,11.6053195936,8.3175000152
1337,0.0,0.0,40.0,0.0,75.9924732788,0.150744351484,5.02818025609,48.1491206069,49.8750010975,37.3610475455
1338,0.0,0.0,30.0,0.0,58.993392833,-20.3584939753,-24.4423465145,21.4363200655,27.0206031586,37.4792306194
1339,0.0,0.0,25.0,0.0,78.1405359851,-4.22641554673,-0.442844000917,49.948769924,53.4510243009,44.4646563142
1340,0.0,0.0,20.0,0.0,57.1264667894,39.5198177752,-1.32001298275,34.4316331043,25.0524268905,21.3269434351
1341,0.0,0.0,15.0,0.0,78.2585524989,5.93157381844,3.05861571684,54.0359071276,53.6522983245,41.8160186807
1342,0.0,0.0,10.0,0.0,78.0892453407,-1.52786793759,57.7630183021,50.8789974129,53.363706631,11.7561961422
1343,0.0,0.0,7.0,0.0,80.9840439453,-1.10000657535,12.7285319969,55.9118964718,58.442246154,38.0260150168
1344,0.0,0.0,5.0,0.0,79.2670941029,-0.975577368766,3.40043719318,53.0354130428,55.3929873342,42.9247645899
1345,0.0,0.0,3.0,0.0,68.610126771,-13.3963571256,-10.9623821855,33.4459702054,38.805480877,39.7928824641
1346,0.0,0.0,2.0,0.0,55.3362005864,-21.6838231434,23.8390512906,18.0088494916,23.2571212328,10.0543724498
1347,0.0,0.0,0.0,100.0,35.8472628457,7.22035101406,1.29644905904,9.47202002322,8.92901461142,7.05145068786
1348,0.0,0.0,0.0,98.0,66.4722245192,-5.48487450104,42.9201120901,33.0750162057,35.9376073307,10.090610175
1349,0.0,0.0,0.0,95.0,45.6988559255,11.4806849931,-18.214300546,16.4714727775,15.0472579304,19.9473731905
1350,0.0,0.0,0.0,90.0,55.3457517489,-20.6502481456,15.7596525792,18.2127800849,23.2664641309,12.7237209293
1351,0.0,0.0,0.0,85.0,35.708778184,5.80547769116,3.69664229546,9.22637593403,8.8576570324,6.43655021704
1352,0.0,0.0,0.0,80.0,66.9344357406,-5.37649562308,32.7349947639,33.6741395577,36.5452312991,13.8235239184
1353,0.0,0.0,0.0,75.0,45.0057495164,8.21058688138,-8.29283712096,15.3818244671,14.545824187,15.0702854492
1354,0.0,0.0,0.0,70.0,46.3954121536,-4.75789620683,19.2424478375,14.224555614,15.5626663161,7.10935145912
1355,0.0,0.0,0.0,60.0,41.3160128048,-2.58570765982,-5.83511352207,11.2708323078,12.0629616019,11.8224978194
1356,0.0,0.0,0.0,50.0,42.0614276484,3.92586752637,13.2750483132,12.6700660795,12.5397582301,6.75213864592
1357,0.0,0.0,0.0,40.0,38.1260402506,4.59355551365,-4.16234137493,10.3862466308,10.158855918,9.55447927617
1358,0.0,0.0,0.0,30.0,38.2930811813,10.2967245582,8.5604533188,11.2504511845,10.2532016607,6.34477238023
1359,0.0,0.0,0.0,25.0,59.7758566909,33.4587621593,3.78539062535,36.0157935111,27.8752388531,21.058151122
1360,0.0,0.0,0.0,20.0,63.2889502014,-0.789362999694,36.4372282539,30.5816933259,31.9347878656,10.396908897
1361,0.0,0.0,0.0,15.0,50.8555530725,14.9154041388,-9.26555142,21.4781746014,19.1442558672,19.9195802413
1362,0.0,0.0,0.0,10.0,53.3548867167,-16.4122089419,18.4355669952,17.3980175111,21.3725938307,10.6711534666
1363,0.0,0.0,0.0,7.0,45.203351041,0.241682669181,-19.1019892854,14.2021770987,14.68762707,19.9634052841
1364,0.0,0.0,0.0,5.0,70.886849332,-11.4510995197,39.8468173388,36.9181269194,42.0231090307,13.7119950497
1365,0.0,0.0,0.0,3.0,55.6629748967,-11.8555927945,-9.04548143583,20.2176111982,23.5781936702,24.0476440384
1366,0.0,0.0,0.0,2.0,58.5659800702,9.33347613943,24.4703485827,27.9096705832,26.5612325177,11.63234172
1367,0.0,0.0,0.0,0.0,46.5414388591,4.38979802821,-11.6501160926,15.8629988844,15.6721881965,17.591653451
1368,100.0,85.0,85.0,0.0,48.2297805303,29.1566060563,11.5736612627,22.1056488428,16.9759992155,10.0583098608
1369,80.0,65.0,65.0,0.0,38.7931004987,1.20059856235,4.26708243924,10.3185878485,10.5391032708,7.56995400941
1370,60.0,45.0,45.0,0.0,77.9239961776,0.060718181534,4.8341908613,51.2107727034,53.083031748,39.992498877
1371,40.0,27.0,27.0,0.0,57.9529822867,-20.7792091538,-25.6312346458,20.4116208933,25.9115330982,37.0385624807
1372,20.0,12.0,12.0,0.0,79.2627842055,-3.11893678381,1.14038171467,52.2001672964,55.3854697135,44.7535221495
1373,10.0,6.0,6.0,0.0,56.2785036177,41.8609987415,-0.274676588901,34.05045883,24.1909815737,20.0923662616
1374,5.0,3.0,3.0,0.0,79.1875861268,4.09962575878,3.62430515296,54.8947710553,55.254413473,42.6364461007
1375,40.0,27.0,27.0,10.0,77.4294279612,-1.51149523739,59.3526518993,49.8182002102,52.2488939965,10.8592305609
1376,20.0,12.0,12.0,10.0,81.8821017673,-0.759793076632,10.5688437409,57.6232413401,60.0808254411,40.8304446252
1377,10.0,6.0,6.0,10.0,75.812143755,-1.71375576738,2.96401680259,47.1935083117,49.5822711845,38.6552414809
1378,60.0,45.0,45.0,20.0,80.7939155549,-1.44828670394,5.82920347281,55.4433975446,58.099207418,43.0880349479
1379,40.0,27.0,27.0,20.0,37.7242353571,10.9465079814,4.2503067988,11.0033269458,9.93428834515,7.11945729706
1380,20.0,12.0,12.0,20.0,59.9412829366,-22.7550931865,31.1832008749,21.7969584476,28.058200969,10.2366612265
1381,10.0,6.0,6.0,20.0,49.5694543057,11.6368459311,-17.0864797816,19.6567059866,18.0605403715,22.7312871958
1382,80.0,65.0,65.0,40.0,41.9039630604,-0.900104100873,14.2968935997,11.8646224205,12.4380099083,6.45489332816
1383,60.0,45.0,45.0,40.0,36.8702945915,9.71667353942,6.60053434463,10.3483647332,9.46806483431,6.2350387045
1384,40.0,27.0,27.0,40.0,61.3140989081,-22.8465998571,22.1495448258,23.0717961333,29.6075265933,14.1629837929
1385,20.0,12.0,12.0,40.0,47.3056215039,8.54754853035,-5.47386311136,17.1929093294,16.2537233259,15.5316333851
1386,10.0,6.0,6.0,40.0,41.1899121916,-0.683615579824,12.2705141642,11.4597823965,11.9835176961,6.63660914595
1387,100.0,85.0,85.0,60.0,38.4412493605,9.61942184643,-2.15695755009,11.2451131781,10.3373752562,9.13103792696
1388,80.0,65.0,65.0,60.0,38.8972815082,4.10636420254,8.00981073163,10.762292829,10.5993333017,6.70786785559
1389,60.0,45.0,45.0,60.0,42.1452168915,3.59197685299,-2.17912820397,12.6741442937,12.5941255045,11.083941076
1390,40.0,27.0,27.0,60.0,42.495971337,-2.92752110871,12.138551586,11.9398287892,12.8234210718,7.20167089781
1391,20.0,12.0,12.0,60.0,44.3788032677,-4.00809501869,-2.00238949338,12.9798081726,14.1019618342,12.320023118
1392,10.0,6.0,6.0,60.0,46.1439876498,-15.5203640312,6.88345647025,12.3955850847,15.3752924472,10.39488441
1393,100.0,85.0,85.0,80.0,52.0170215251,-3.1879715272,-14.9539002867,18.8123948256,20.159458523,23.8427351677
1394,80.0,65.0,65.0,80.0,54.0298406392,-0.512136185697,20.8595768469,21.1092722656,22.002673107,10.2771939287
1395,60.0,45.0,45.0,80.0,60.8064743516,11.9732828052,-2.41500384873,31.1399607225,29.0281609727,25.2856931955
1396,40.0,27.0,27.0,80.0,63.994022532,21.4544532109,38.0401616759,37.9014152521,32.7943207741,10.2768973269
1397,20.0,12.0,12.0,80.0,46.29052571,22.033797587,-5.70217371737,18.9174106498,15.4843158272,14.9211603077
1398,10.0,6.0,6.0,80.0,48.5492236643,11.3701779826,10.7711272142,18.736740245,17.2305484934,10.4757404148
1399,100.0,85.0,85.0,100.0,55.8107923227,2.92603161858,-4.00870003655,23.5322758584,23.7243972777,21.5387081217
1400,80.0,65.0,65.0,100.0,59.1273354085,-9.32804963111,22.3141828359,23.9965257589,27.1656430218,12.7114252911
1401,60.0,45.0,45.0,100.0,67.0298275248,-16.4945822988,0.983847759469,30.6946394399,36.6714801634,29.6382343158
1402,40.0,27.0,27.0,100.0,57.3250836261,-20.9765501935,-26.9492625816,19.820693481,25.2571145077,37.2096633661
1403,20.0,12.0,12.0,100.0,79.6686461017,-2.28473072522,2.3982907537,53.199354694,56.0963902858,44.2956536292
1404,10.0,6.0,6.0,100.0,55.0811034732,44.1347939781,-0.593695325196,33.2226583973,23.0085111003,19.2616700254
1405,100.0,0.0,0.0,70.0,79.4148599982,3.49570432233,3.52870403141,55.0442174096,55.6511424762,43.0261179745
1406,0.0,100.0,0.0,70.0,77.162756091,-1.41318492594,59.6077290639,49.4276581318,51.8027739958,10.6319178427
1407,0.0,0.0,100.0,70.0,81.716292162,-0.645662454229,8.67040374375,57.3770755551,59.7760165339,42.0918444288
1408,100.0,100.0,0.0,70.0,36.6777886751,1.22565595346,3.91679493068,9.17767866634,9.36501849676,6.76991129139
1409,100.0,0.0,100.0,70.0,78.6809516667,0.103990458751,5.20365683296,52.4754344257,54.3768287301,40.7112874396
1410,0.0,100.0,100.0,70.0,69.2163520055,-2.8866970639,1.23329656816,37.3357847355,39.6455866332,31.8948970114
1411,40.0,40.0,0.0,70.0,66.8525856146,20.4236829158,-1.17252129037,41.5157531882,36.4371357677,30.8108576798
1412,40.0,0.0,40.0,70.0,47.3598444629,-12.9382608313,11.0825296238,13.5845231862,16.2955243562,9.7544737446
1413,0.0,40.0,40.0,70.0,37.6771142808,2.76555512277,0.602561684362,9.90113330457,9.90817142248,8.0166302783
1414,3.0,3.0,0.0,0.0,55.6520395948,4.84493734557,25.873675686,23.8123337921,23.5674016822,9.60786434686
1415,3.0,0.0,3.0,0.0,54.8507800136,-10.9498283416,-23.9175029855,19.6923304751,22.7855722361,32.1468163317
1416,0.0,3.0,3.0,0.0,47.4332961878,-10.8254677872,5.08536463113,13.9686413759,16.3522632496,11.6963920899
1417,3.0,3.0,3.0,0.0,37.5515197886,1.70711995193,4.29069733421,9.69955818424,9.83878417875,7.03804211073
1418,3.0,0.0,0.0,3.0,55.7080672704,5.7298772335,18.3451592223,24.0697813049,23.6227298839,12.0385301339
1419,0.0,3.0,0.0,3.0,52.3428781275,-15.6421149016,-7.41031474053,16.7428398344,20.4505892154,20.2617982021
1420,3.0,3.0,0.0,3.0,41.0120250088,-10.3624792312,10.4169082895,10.060125311,11.872042243,6.99978209185
1421,0.0,0.0,3.0,3.0,45.7057784172,2.24274922346,0.186675821805,14.885174175,15.0523233179,12.3544790382
1422,3.0,0.0,3.0,3.0,38.8130483612,-2.49442986156,6.74805980533,9.85506164763,10.5506179941,6.97055306011
1423,0.0,3.0,3.0,3.0,40.7099770258,10.2408496848,0.361376226759,12.7434437482,11.6843470067,9.53430675704
1424,3.0,3.0,3.0,3.0,35.6140968454,2.91396196032,4.11182142562,8.83274243509,8.80908964178,6.30673302063
1425,7.0,7.0,0.0,0.0,73.3143242119,11.1657257366,8.44222850436,47.956827574,45.6445975149,31.8007688838
1426,7.0,0.0,7.0,0.0,52.0021540162,20.4056883603,20.8128226013,23.7732959531,20.1462417393,9.24881729158
1427,0.0,7.0,7.0,0.0,61.6092611392,-4.97224559125,-7.56244868805,27.6099653319,29.9479210044,29.1410235298
1428,7.0,7.0,7.0,0.0,44.9967968447,1.01861758899,6.9343977742,14.183889362,14.5394212718,9.77652522176
1429,7.0,0.0,0.0,7.0,51.6008972942,-15.2424159009,-20.9111371246,16.2439544786,19.7917143372,26.7910554962
1430,0.0,7.0,0.0,7.0,57.576387702,-26.1529731332,18.5413896839,19.0072508664,25.5176935857,13.1062435251
1431,7.0,7.0,0.0,7.0,65.7934237785,1.68987101313,5.27382862334,34.2942604917,35.0575203847,25.800728631
1432,0.0,0.0,7.0,7.0,48.475094744,-8.90142410817,8.62485131335,15.0175143422,17.1712534809,11.119559723
1433,7.0,0.0,7.0,7.0,53.9612824827,22.0810282367,-0.160311573982,26.1504918122,21.938115495,18.1735073531
1434,0.0,7.0,7.0,7.0,41.7999673032,7.27364209953,-0.0122402598667,13.0050599916,12.3711140458,10.2112248313
1435,7.0,7.0,7.0,7.0,56.8380435421,-21.1056075456,-26.9458871392,19.3750334674,24.7571614128,36.5993950473
1436,40.0,3.0,0.0,0.0,80.9597619044,-1.25611770296,3.65013645998,55.8070504571,58.3983603244,45.0968837146
1437,3.0,40.0,0.0,0.0,54.4091463657,44.8733873214,0.0940966944828,32.6128774301,22.3621352239,18.408228064
1438,40.0,0.0,3.0,0.0,80.0065692849,1.75758618535,3.84328108767,55.3682764905,56.692927653,43.5943820009
1439,40.0,3.0,3.0,0.0,77.8264994987,-1.23456516426,61.3528430503,50.5626081829,52.9178966679,10.4433669543
1440,0.0,40.0,3.0,0.0,81.3184745988,-0.393265842214,6.23316303885,56.7806138483,59.0489135592,43.490947167
1441,3.0,40.0,3.0,0.0,36.15170752,1.25775689102,3.77407353678,8.91069201431,9.08723228586,6.59286087597
1442,40.0,40.0,3.0,0.0,80.2237157741,-0.012196702544,4.81054979644,55.0356764008,57.0784804982,43.1165741343
1443,3.0,0.0,40.0,0.0,58.4214101889,-3.66202441327,1.25433295628,24.6020195946,26.4070396511,21.1558077769
1444,0.0,3.0,40.0,0.0,67.272483219,-12.0895976392,-13.8408301733,32.1885164374,36.9939392789,40.2299715257
1445,3.0,3.0,40.0,0.0,70.7892226411,6.37983812467,-3.30956091277,42.487968352,41.8816157271,36.9007068013
1446,40.0,3.0,40.0,0.0,49.966118163,-5.51189269776,17.758073494,16.7222423992,18.3903001491,9.11832949601
1447,3.0,40.0,40.0,0.0,59.873404602,-6.43445218975,-18.1383453039,25.4223380077,27.9830307037,34.0863447976
1448,40.0,0.0,0.0,3.0,37.2122820361,7.00633546618,8.87494186416,10.1876772558,9.65298619554,5.8697132801
1449,40.0,3.0,0.0,3.0,68.0794949955,5.4394850259,15.1238821797,38.3986882587,38.0799453051,22.5762711834
1450,0.0,40.0,0.0,3.0,50.4364493004,-3.36014067537,10.201121997,17.4854698411,18.7864738726,11.7172976697
1451,3.0,40.0,0.0,3.0,56.5614589895,-10.0929505147,-1.56509786785,21.3902947592,24.476203297,20.9628947553
1452,40.0,40.0,0.0,3.0,37.5338649482,7.37936323163,7.99322121296,10.4168371203,9.82905644898,6.18020544306
1453,40.0,0.0,3.0,3.0,35.1401145088,3.34595421474,-6.6324448137,8.64468865313,8.56862468549,8.78847497532
1454,40.0,3.0,3.0,3.0,41.4358014687,12.1662972617,12.9701347875,13.5172597683,12.1387534149,6.57323685336
1455,0.0,40.0,3.0,3.0,38.1318998924,-0.868871305929,-7.19057660545,9.69025678662,10.162155644,10.4759907714
1456,3.0,40.0,3.0,3.0,45.3229238351,3.77925596664,18.1480173191,14.8662474337,14.7738808767,6.92868994361
1457,40.0,40.0,3.0,3.0,39.5778819251,-6.86594377741,-7.68663099683,9.71975141648,10.9984632412,11.4386050361
1458,0.0,0.0,40.0,3.0,51.0170525126,-31.0325213951,13.1415759324,13.2227318593,19.2833285908,11.0760103347
1459,3.0,0.0,40.0,3.0,43.4433653145,11.8620307056,-14.9562191562,14.8631251657,13.4566264837,16.7078350606
1460,40.0,0.0,40.0,3.0,63.3647764063,-19.0794318298,33.5069595539,25.9985184809,32.0264958617,11.3784723813
1461,0.0,3.0,40.0,3.0,49.5374985345,32.0587933834,-3.99269346565,24.0082794416,18.0341474141,16.5138072282
1462,3.0,3.0,40.0,3.0,78.8013568605,-1.53160283134,58.1863296366,52.0459936844,54.5845447104,12.0299041007
1463,40.0,3.0,40.0,3.0,40.8264779113,3.98870191649,-15.3456304542,11.8996477765,11.7565054797,15.0094698824
1464,0.0,40.0,40.0,3.0,56.7532974,34.2703823462,25.5286009343,32.472958309,24.6708479832,10.2854042698
1465,3.0,40.0,40.0,3.0,46.4512693807,-10.3956348322,-15.6875426906,13.3704820087,15.6044994792,19.3626484327
1466,40.0,40.0,40.0,3.0,70.6444053997,10.2649548883,42.2635287263,43.5898127605,41.6723132899,12.678614281
1467,3.0,0.0,0.0,40.0,54.0285454051,-25.7335388952,-15.3618713653,16.2391685102,22.0014522809,26.0016260834
1468,0.0,3.0,0.0,40.0,55.534313511,-21.0107769238,-28.1972073124,18.2990494203,23.4514269584,35.8867452202
1469,3.0,3.0,0.0,40.0,81.4820680001,-0.71249268899,4.22299750257,56.9376195024,59.3471999946,45.3685240275
1470,40.0,3.0,0.0,40.0,53.6254547612,44.9418053689,0.0984728027376,31.6921758399,21.623707929,17.7979496485
1471,3.0,40.0,0.0,40.0,81.174617762,1.12523702689,4.2742178989,57.1465762559,58.7874409237,44.8873584465
1472,0.0,0.0,3.0,40.0,77.9704559243,-1.1283188402,61.5847059223,50.8365179304,53.1618436949,10.4484651969
1473,3.0,0.0,3.0,40.0,81.8657793935,-0.250794947212,5.74935375963,57.8034808419,60.050774038,44.6539543221
1474,40.0,0.0,3.0,40.0,35.3973355131,1.22902940827,3.64639416784,8.52837019978,8.69856971196,6.32719619064
1475,0.0,3.0,3.0,40.0,81.4196290203,0.0424027686589,5.03705422208,57.1356568789,59.2332342453,44.607182163
1476,3.0,3.0,3.0,40.0,50.3866218592,-3.91239687758,1.6034816416,17.3436814275,18.7442359123,14.8250245465
1477,40.0,3.0,3.0,40.0,79.6703210027,0.421343272785,3.1032074931,54.2623369056,56.0993366288,43.724201728
1478,0.0,40.0,3.0,40.0,53.0604870758,-29.4241611118,19.4277721561,14.8909055436,21.1015784827,10.2034435058
1479,3.0,40.0,3.0,40.0,51.9206726063,19.8321648115,-11.1142447244,23.5635546326,20.0739097053,21.7407579989
1480,40.0,40.0,3.0,40.0,66.9077531869,-16.0568338281,41.7009302725,30.6707922865,36.5099694783,10.703359449
1481,3.0,0.0,40.0,40.0,46.0441684655,4.70301734251,-21.6927254931,15.5472057828,15.3013214006,21.9687146227
1482,0.0,3.0,40.0,40.0,54.874916808,-29.0764709822,12.9654202479,16.2930811859,22.80886731,13.442411125
1483,3.0,3.0,40.0,40.0,51.0273796411,17.6166710322,0.203353892279,22.2182459209,19.2922444753,15.8342361541
1484,40.0,3.0,40.0,40.0,67.343647628,-16.3673043014,32.227784194,31.0955599732,37.0888650775,14.2847130092
1485,3.0,40.0,40.0,40.0,43.9220253824,0.692526819945,-10.2757135956,13.3993703888,13.7843243921,15.1159053915
