SAMPLE_ID,CMYK_C,CMYK_M,CMYK_Y,CMYK_K,LAB_L,LAB_A,LAB_B,XYZ_X,XYZ_Y,XYZ_Z
1,0.0,0.0,0.0,0.0,61.3493136328,4.39001694167,8.48525430534,29.7337151555,29.6480015858,20.0840878653
2,0.0,10.0,0.0,0.0,44.3477360616,-6.21982955337,2.24010183206,12.6266134389,14.0802050348,10.8833136087
3,0.0,20.0,0.0,0.0,32.8629961802,-2.09936810985,3.14108404369,6.99398308359,7.47422750212,5.50261738108
4,0.0,30.0,0.0,0.0,80.3455915949,2.68097934863,7.96355274307,56.3269074069,57.2956401038,40.7964891763
5,0.0,40.0,0.0,0.0,34.797817601,-2.31555298946,3.06577249057,7.84367335655,8.39771623268,6.22653136281
6,0.0,55.0,0.0,0.0,70.9435774441,-1.43963789938,3.43540642821,40.1359984616,42.1054729936,32.4071745532
7,0.0,70.0,0.0,0.0,41.9949440518,-0.328609614027,0.676576706339,12.0030832195,12.4967313529,10.1032176381
8,0.0,85.0,0.0,0.0,67.3888705889,-1.222167494,3.50864988033,35.4587034346,37.149272029,28.4622632829
9,0.0,100.0,0.0,0.0,34.4931131312,-2.04597812604,3.94330737988,7.73084278205,8.24750287484,5.92158806041
10,10.0,0.0,0.0,0.0,76.6598784339,2.09364174242,7.49108864304,49.9256044954,50.9684246642,36.4115490531
11,10.0,10.0,0.0,0.0,36.5256354346,-3.0593159493,4.02264098141,8.59458159779,9.2841035868,6.68423361451
12,10.0,20.0,0.0,0.0,47.4060086295,0.0741084935004,4.31052009512,15.7608900804,16.3311692136,11.9429959897
13,10.0,30.0,0.0,0.0,39.1881464726,-4.31246283764,3.44816757708,9.82963350059,10.7687044332,7.9539187195
14,10.0,40.0,0.0,0.0,72.1327593965,4.65442284679,3.68453605148,43.8646460952,43.8569207464,33.617520741
15,10.0,55.0,0.0,0.0,50.2502898989,-11.2976520052,-13.5857422762,15.9149892602,18.628993078,21.5336376691
16,10.0,70.0,0.0,0.0,77.0745263885,2.86529340809,3.01614786525,50.8863165404,51.6557340293,40.2630227245
17,10.0,85.0,0.0,0.0,34.0693648091,-1.17292818554,3.7599064933,7.62872945308,8.0415965012,5.805397781
18,10.0,100.0,0.0,0.0,65.0757960941,-2.39565704939,2.61321671498,32.2513285643,34.1428443024,26.6208244053
19,20.0,0.0,0.0,0.0,37.0195718483,-1.31336881544,4.12152101454,9.0497311716,9.54848964182,6.86017821055
20,20.0,10.0,0.0,0.0,61.7810705933,-1.89921824692,2.70792128502,28.5796146574,30.1472555261,23.3980178929
21,20.0,20.0,0.0,0.0,79.2286056629,-0.0717045856918,4.52964868081,53.322549721,55.3258772222,41.9747223937
22,20.0,30.0,0.0,0.0,53.1625918398,-1.35911367863,3.16933796753,20.1602802383,21.1953119119,16.1306567178
23,20.0,40.0,0.0,0.0,45.8400915377,-4.56237931106,2.83136577137,13.8724463888,15.1508292466,11.5313207472
24,20.0,55.0,0.0,0.0,43.1676790859,-0.658513832569,3.59052992147,12.697591881,13.2702661798,9.83342880208
25,20.0,70.0,0.0,0.0,78.8865784083,-0.350327696585,1.87402522016,52.6422126399,54.7318831822,43.6253183526
26,20.0,85.0,0.0,0.0,35.6938424452,0.256432227203,3.74043641941,8.56349933108,8.84998382214,6.42084859147
27,20.0,100.0,0.0,0.0,58.3733880047,-12.8877356757,-7.34065167052,22.4713181732,26.3559533196,25.6989793176
28,30.0,0.0,0.0,0.0,71.880757711,-4.37240830033,0.551986146007,40.4940399527,43.4817896381,35.4863485634
29,30.0,10.0,0.0,0.0,75.7739489972,-0.852791781903,8.47593823375,47.444153525,49.5204167815,34.6388200321
30,30.0,20.0,0.0,0.0,55.49650764,-3.79893750873,2.44957600419,21.753542275,23.4142643817,18.1902376014
31,30.0,30.0,0.0,0.0,45.9396380275,-2.22749802011,3.15115587257,14.3161527303,15.2241137922,11.4820087463
32,30.0,40.0,0.0,0.0,53.0655129214,-3.26370730054,2.39979930577,19.690525618,21.1061857914,16.3830005825
33,30.0,55.0,0.0,0.0,82.9949435211,-0.232745521043,3.97199589904,59.8362591708,62.1534254648,47.7854524472
34,30.0,70.0,0.0,0.0,36.4760818331,1.99421301307,-11.8073304137,9.16551842232,9.25785201234,11.0365578596
35,30.0,85.0,0.0,0.0,44.9800429699,21.0278922694,21.5306434622,17.6470466281,14.5274440162,6.02771318735
36,30.0,100.0,0.0,0.0,41.1138133798,-5.65435539023,-13.2342777975,10.7345937826,11.9357443118,14.3764890681
37,40.0,0.0,0.0,0.0,70.0276547716,4.36995607313,22.4921765821,40.7394462067,40.7887393785,20.5487665246
38,40.0,10.0,0.0,0.0,52.6240310835,-28.2965230535,4.32693198771,14.7657517506,20.7040214604,15.2764848067
39,40.0,20.0,0.0,0.0,52.0632827334,-28.6696435548,10.4590554772,14.3085094126,20.2006203674,12.5964366934
40,40.0,30.0,0.0,0.0,70.0934489862,13.8217995461,25.0883161337,43.9938715115,40.882397031,19.3563016622
41,40.0,40.0,0.0,0.0,45.7538666387,-13.5871741743,3.69108261565,12.4327045131,15.0875422418,11.1984733932
42,40.0,55.0,0.0,0.0,46.8252255699,21.2836751107,7.31426523664,19.2227209147,15.8864990835,10.6279326143
43,40.0,70.0,0.0,0.0,37.0185521492,-2.61118272244,1.73533769521,8.89502730313,9.5479387283,7.43784482624
44,40.0,85.0,0.0,0.0,44.1622388218,2.42342259891,-13.4870511119,13.8333546845,13.9507642665,16.6099813143
45,40.0,100.0,0.0,0.0,45.7248582238,20.5478991626,12.7494584673,18.1611718896,15.0662904489,8.47731438164
46,55.0,0.0,0.0,0.0,40.2224579149,-9.78146738182,-2.14844386412,9.70257144491,11.3855893651,10.0328861011
47,55.0,10.0,0.0,0.0,54.0621685593,5.77388058512,19.0047106689,22.4885818567,22.0331584998,10.878315499
48,55.0,20.0,0.0,0.0,50.758874671,-29.1395600845,13.1825038958,13.343119008,19.0613235989,10.9190420208
49,55.0,30.0,0.0,0.0,45.4733147538,28.2685177129,9.9480096077,19.4521905411,14.8828439273,9.13654027294
50,55.0,40.0,0.0,0.0,69.6465131687,-14.3252810857,30.5457308855,34.4667692333,40.2489997974,16.5698920725
51,55.0,55.0,0.0,0.0,48.0447507986,26.702642913,2.25092992692,21.4084577486,16.829710782,13.0542585331
52,55.0,70.0,0.0,0.0,54.916245179,-30.612143469,7.81116496678,16.0542051642,22.8487912982,15.4653596112
53,55.0,85.0,0.0,0.0,42.2876715511,3.10900276122,-10.0060245601,12.6937557541,12.6869185683,13.9164850035
54,55.0,100.0,0.0,0.0,56.3001715485,-0.171475724688,38.0165417257,23.3097245037,24.2127442961,6.70746182585
55,70.0,0.0,0.0,0.0,39.5682393513,19.5432537722,-0.350021423914,13.412476343,10.9927396463,9.16993418841
56,70.0,10.0,0.0,0.0,47.9994463291,-10.805389982,22.4270602895,14.3649702923,16.7940206491,7.00865734029
57,70.0,20.0,0.0,0.0,36.6408769341,5.35200599512,-7.84012478988,9.66452442632,9.34534586155,9.88674127234
58,70.0,30.0,0.0,0.0,42.0439986773,-19.5427116492,10.290792677,9.46549402725,12.5284690063,7.46502656409
59,70.0,40.0,0.0,0.0,52.4661032892,31.6869184201,16.476226381,26.9242793568,20.5614086751,10.8068648773
60,70.0,55.0,0.0,0.0,58.7396198529,-4.66681688411,31.5765600088,24.6874871211,26.7472222284,9.4963062256
61,70.0,70.0,0.0,0.0,45.1785204213,7.51452281693,1.70830683824,15.3901028941,14.6697577083,11.525461861
62,70.0,85.0,0.0,0.0,49.2879000891,-18.7035610617,13.0317838554,13.9871436391,17.8288829206,10.1701568392
63,70.0,100.0,0.0,0.0,50.1201233656,22.4793728113,-1.8223779521,22.4259277845,18.5194036592,16.0250298409
64,85.0,0.0,0.0,0.0,64.0887142518,3.15336530783,45.5625811309,32.6135102989,32.9109180359,8.16856437547
65,85.0,10.0,0.0,0.0,31.2315783533,6.38491613661,0.491269907783,7.14114156159,6.75030519584,5.46951272524
66,85.0,20.0,0.0,0.0,45.5856754396,-22.1671279371,8.12183458169,11.1087258932,14.9646015945,9.72522217596
67,85.0,30.0,0.0,0.0,45.8901912478,-18.150150496,16.2547521102,11.8548883376,15.1876823905,7.63273834898
68,85.0,40.0,0.0,0.0,52.6662683457,2.43045136987,-1.8853836201,20.4984843604,20.7422742202,17.9452929094
69,85.0,55.0,0.0,0.0,41.4579834746,-7.57956509657,10.1713658462,10.6755611337,12.1528229968,7.24499633828
70,85.0,70.0,0.0,0.0,51.4929855291,18.6222046166,7.04152687983,22.8797658411,19.6970846177,13.476766333
71,85.0,85.0,0.0,0.0,41.6025504256,-0.79619285343,3.07283590245,11.6943654323,12.244785189,9.19415183224
72,85.0,100.0,0.0,0.0,45.8075690253,14.9671360273,-11.0035612643,17.1860306929,15.1269377585,16.7606219737
73,100.0,0.0,0.0,0.0,51.2389565989,28.0242702892,8.99927183353,24.7717123605,19.4755140197,12.6100637056
74,100.0,10.0,0.0,0.0,49.4440299956,-5.43686888042,-2.34058386559,16.3338935708,17.957097363,15.7577796839
75,100.0,20.0,0.0,0.0,51.3980632119,-0.214911734376,24.4433597608,18.8718424406,19.6140953444,7.9686002668
76,100.0,30.0,0.0,0.0,47.3835621747,-14.2625685907,-2.87995018188,13.3939884014,16.3138310888,14.5531069771
77,100.0,40.0,0.0,0.0,55.0949638714,-25.1229279876,-1.03393114077,17.1753705952,23.0219732991,19.4802792657
78,100.0,55.0,0.0,0.0,51.8513787793,-0.187874104959,14.1258166132,19.260832751,20.0125331316,11.2240594764
79,100.0,70.0,0.0,0.0,42.8946299027,-6.31522909094,0.936409011659,11.7014931783,13.0873923766,10.5024687717
80,100.0,85.0,0.0,0.0,43.3576199131,14.2315338935,8.95950187995,15.1982509878,13.3984780135,8.39842180105
81,100.0,100.0,0.0,0.0,45.4938034564,14.4387442349,-7.01790937698,16.843698065,14.8977299867,14.8982466588
82,0.0,0.0,10.0,0.0,41.5448038381,-6.43305097995,3.65657228417,10.8797120742,12.207995884,8.99970864476
83,0.0,10.0,10.0,0.0,51.5712432132,-22.2686719814,3.99197586648,15.0138669477,19.7656800222,14.689071257
84,0.0,20.0,10.0,0.0,46.9281074302,6.75245526387,5.56296508903,16.5732571586,15.9646736012,11.2484500507
85,0.0,30.0,10.0,0.0,63.6788859657,-3.86416273581,24.4156091197,30.2081323905,32.4082658194,14.8666668615
86,0.0,40.0,10.0,0.0,54.3653851259,29.4383261318,20.0394625682,28.4187559523,22.3204650696,10.7150018035
87,0.0,55.0,10.0,0.0,49.3571305502,-18.7162907494,-6.08971609612,14.0328232279,17.8856596473,17.2817540849
88,0.0,70.0,10.0,0.0,58.4551130615,17.2536938593,2.6298057092,29.8364709663,26.4429323949,20.5045654466
89,0.0,85.0,10.0,0.0,53.6335161325,-11.7386806392,18.6393449755,18.5059809559,21.6312197042,10.7589482725
90,0.0,100.0,10.0,0.0,49.152190674,-4.59734629313,-12.4864448868,16.2598953032,17.7179348854,20.0562012178
91,10.0,0.0,10.0,0.0,65.0993663051,8.07696876451,41.0660928801,35.2898760564,34.1726308009,9.93499272181
92,10.0,10.0,10.0,0.0,31.6272132133,-1.68339763779,-3.00520144782,6.51139339677,6.92136167962,6.36107468693
93,10.0,20.0,10.0,0.0,48.280909711,-19.2525204467,16.1834385414,13.2206214312,17.016571986,8.74423674997
94,10.0,30.0,10.0,0.0,32.4240102701,6.14691441087,4.01405202666,7.65304394976,7.27458614896,5.17750837912
95,10.0,40.0,10.0,0.0,58.953080716,2.93306528592,37.2048234904,26.7288171358,26.9770524301,8.03768914952
96,10.0,55.0,10.0,0.0,46.8469947901,-9.48366989731,0.488120046368,13.7803283577,15.9030190343,12.94512274
97,10.0,70.0,10.0,0.0,59.8842517174,-18.79705583,14.849596906,22.603699102,27.9950340622,16.0926696453
98,10.0,85.0,10.0,0.0,54.2089510043,11.4068500745,14.7764910972,23.8902351055,22.1719293019,12.3792133434
99,10.0,100.0,10.0,0.0,72.4864543342,-1.29943809173,35.9194159815,42.3662654984,44.3870632374,16.3681629203
100,20.0,0.0,10.0,0.0,39.4403414369,14.8231462015,-4.91438105999,12.6102709346,10.9170103273,10.4696571927
101,20.0,10.0,10.0,0.0,40.8145343185,7.80285016699,12.0605143476,12.447446705,11.7490942124,6.5362922455
102,20.0,20.0,10.0,0.0,45.5558676963,3.76144477879,-6.60270949277,15.0309153722,14.9428833067,14.7767245519
103,20.0,30.0,10.0,0.0,57.8814189797,-13.483939379,5.16365645401,21.8813191271,25.8363831398,18.8289286927
104,20.0,40.0,10.0,0.0,63.6140624829,-22.4184388878,8.97927847092,25.4555464502,32.3292320341,21.7751087894
105,20.0,55.0,10.0,0.0,64.9776867477,-13.5086732136,12.6998390751,29.1411198395,34.0190460626,21.0851649057
106,20.0,70.0,10.0,0.0,59.5226319644,-3.89599805015,8.60296053748,25.6673092013,27.5967146172,18.548574459
107,20.0,85.0,10.0,0.0,54.320236425,6.34320164472,5.79326656097,22.8592434722,22.2775280401,15.8702634574
108,20.0,100.0,10.0,0.0,42.0466840698,9.11093903279,-0.271940986371,13.4514428928,12.5302079671,10.4232393897
109,30.0,0.0,10.0,0.0,39.8280529808,11.8179064503,8.61881046399,12.4124535658,11.1476539379,6.94182085592
110,30.0,10.0,10.0,0.0,49.3996438451,26.2081736697,-1.05745335492,22.5625817187,17.9205849736,15.2062734653
111,30.0,20.0,10.0,0.0,42.1791311449,7.757973695,4.18757038182,13.3301029082,12.6161756176,9.1596232437
112,30.0,30.0,10.0,0.0,46.3847039618,0.320959889122,7.12926204828,15.0530605411,15.5546551782,10.4476072018
113,30.0,40.0,10.0,0.0,48.3787795531,-5.12014586724,9.0681209118,15.5883443986,17.0944152904,10.9225041313
114,30.0,55.0,10.0,0.0,60.6693732859,-18.2652158657,7.57786555288,23.4760411952,28.8729907716,19.9565343796
115,30.0,70.0,10.0,0.0,63.5647905056,13.4684026668,28.310590124,34.9290455119,32.2692449099,13.3089773713
116,30.0,85.0,10.0,0.0,58.3205762523,4.9297570683,20.3273533885,26.5497568759,26.2998479314,12.9245415901
117,30.0,100.0,10.0,0.0,52.7290643189,-5.73188277791,10.2401625854,18.9148012391,20.7992333154,13.0858434104
118,40.0,0.0,10.0,0.0,48.0890484125,-14.557012482,1.74195348089,13.8247103545,16.8646565874,13.2673309558
119,40.0,10.0,10.0,0.0,47.5334277739,-4.32119409359,-17.6241358299,15.1049925062,16.4298233405,21.2088430918
120,40.0,20.0,10.0,0.0,49.4309780662,11.648129506,28.1230936721,19.5395864697,17.9463556026,6.26468264003
121,40.0,30.0,10.0,0.0,48.2613326458,7.39216317052,-1.67472593172,17.7419114452,17.0010292801,14.6733940249
122,40.0,40.0,10.0,0.0,43.9201555705,-1.0611707744,16.2235676891,13.1277686527,13.7830340508,6.81207924746
123,40.0,55.0,10.0,0.0,41.5965874668,-3.59831198026,-10.324927464,11.2980696881,12.2409828787,13.5893911407
124,40.0,70.0,10.0,0.0,39.0647963657,-11.4315339845,5.62908412734,8.89498795926,10.6966588456,7.34721078391
125,40.0,85.0,10.0,0.0,66.7540833748,7.85112054327,29.3918401535,37.3740912337,36.3073314627,14.9956851046
126,40.0,100.0,10.0,0.0,60.7105972229,-0.920599139967,20.1828435108,27.6547523195,28.9195895006,14.5199884265
127,55.0,0.0,10.0,0.0,54.2603888684,-11.8534745807,9.6645578537,19.0085050641,22.2206971199,14.2869751091
128,55.0,10.0,10.0,0.0,52.4841851222,-12.9058473222,-24.8633701182,17.3524895286,20.5777037235,30.1214772144
129,55.0,20.0,10.0,0.0,63.1733867375,4.60663800575,-0.785835676587,31.9185786865,31.7953566426,26.6901879619
130,55.0,30.0,10.0,0.0,39.344651548,0.523349833615,17.8642977461,10.5418882413,10.8605796422,4.81161293478
131,55.0,40.0,10.0,0.0,33.2345532044,-1.8846051289,0.912539032826,7.17834442865,7.64603066898,6.10749598671
132,55.0,55.0,10.0,0.0,34.7978393586,-10.1725859497,7.05515552663,7.02084629389,8.39772702337,5.38578309727
133,55.0,70.0,10.0,0.0,54.4780480752,-6.22603499427,32.956985087,20.3244109427,22.427849597,7.1628540958
134,55.0,85.0,10.0,0.0,44.423342137,-7.13823518929,-11.5985013007,12.5384206423,14.1331921084,16.0059799403
135,55.0,100.0,10.0,0.0,47.0789567096,5.62831164814,22.6633364847,16.4886381496,16.0797590801,6.58157589075
136,70.0,0.0,10.0,0.0,44.4234173246,-3.30513380813,-6.90750340738,13.1163295536,14.1332448682,14.1382211588
137,70.0,10.0,10.0,0.0,46.9687050072,24.6524214771,15.7581278495,20.0207402975,15.9955919929,8.24486893352
138,70.0,20.0,10.0,0.0,51.9395184676,36.6606821922,1.43523092325,27.59815456,20.0906239875,15.9749738483
139,70.0,30.0,10.0,0.0,44.8818179461,4.12524183742,-4.52452363778,14.6090162518,14.4573557779,13.5388000315
140,70.0,40.0,10.0,0.0,58.644695888,15.1443862428,12.34676139,29.495773541,26.6454397016,16.2453575022
141,70.0,55.0,10.0,0.0,44.3728588495,-11.9631568437,11.1148089903,11.8044304103,14.0977971422,8.28964969802
142,70.0,70.0,10.0,0.0,56.6455600092,-4.85563980968,8.11384248372,22.599638462,24.5614080508,16.5768757628
143,70.0,85.0,10.0,0.0,68.241016421,-9.65431833342,16.9000120248,34.0641147369,38.2998283041,21.8040313662
144,70.0,100.0,10.0,0.0,44.3279551893,-10.8982535964,2.61029600397,11.9291598169,14.0663638799,10.7541682868
145,85.0,0.0,10.0,0.0,48.3747633029,5.53506398617,11.4850191249,17.4870689703,17.0912162007,10.1616960637
146,85.0,10.0,10.0,0.0,39.3382452445,0.166235703205,-0.735548150363,10.4910776276,10.8568086482,9.16678329726
147,85.0,20.0,10.0,0.0,51.5351198597,36.9643725888,4.98815954735,27.2380518259,19.7339969729,14.2783867455
148,85.0,30.0,10.0,0.0,41.2077330036,-15.2198530177,6.54239660187,9.55420011539,11.9947236532,8.05525778571
149,85.0,40.0,10.0,0.0,39.1541495084,2.28623594834,-4.47584256021,10.6669569211,10.7488155004,10.1810864559
150,85.0,55.0,10.0,0.0,46.8109096658,-5.21215698557,18.2570072196,14.4415602543,15.8756414491,7.528209356
151,85.0,70.0,10.0,0.0,42.6859203844,15.7025285505,3.75259742801,14.9590765823,12.948748407,9.53888142517
152,85.0,85.0,10.0,0.0,52.876116919,5.77808444955,29.4721978008,21.3873139365,20.9330251911,7.33968796433
153,85.0,100.0,10.0,0.0,47.4284552667,-5.12117578824,2.70009528898,14.8954000978,16.3485197594,12.5145528388
154,100.0,0.0,10.0,0.0,63.6497299252,-14.1362440279,21.9328273927,27.5173554157,32.3727024081,15.8479107425
155,100.0,10.0,10.0,0.0,56.917328122,15.0033733986,19.2543307258,27.5476216111,24.8380943322,12.446351214
156,100.0,20.0,10.0,0.0,76.8464933903,3.49191265523,41.8925923543,50.7518237323,51.2769931383,17.0268542378
157,100.0,30.0,10.0,0.0,55.396456675,9.99253002874,14.7230806868,24.7456563205,23.3161053332,13.1279658611
158,100.0,40.0,10.0,0.0,51.3030422828,-14.9505359116,-11.0735776714,16.0695235814,19.5312536525,21.1832241846
159,100.0,55.0,10.0,0.0,34.4737007378,-0.199300132439,8.63099599006,7.92205061483,8.23799411919,4.96872156148
160,100.0,70.0,10.0,0.0,62.4676896864,-2.96720098587,1.82141865581,29.0688818577,30.9527065307,24.5215301467
161,100.0,85.0,10.0,0.0,48.8314983555,21.3129249608,22.5190111826,20.9872854802,17.4575867623,7.33468407457
162,100.0,100.0,10.0,0.0,54.2999331022,-26.2146243352,6.02259946336,16.3609841862,22.2582372661,15.7615000292
163,0.0,0.0,20.0,0.0,50.0508627322,-0.179802571525,5.6321933348,17.7684131597,18.4612675377,13.0823553447
164,0.0,10.0,20.0,0.0,66.7077244176,-9.54564368659,25.6404357202,32.2190536716,36.24634738,16.5014061925
165,0.0,20.0,20.0,0.0,58.4445665272,21.2327199845,22.3876467671,30.889760803,26.431697097,12.2717645947
166,0.0,30.0,20.0,0.0,42.7320922279,27.9656157221,3.22870998942,17.1388206496,12.9793352028,9.71723679858
167,0.0,40.0,20.0,0.0,37.1169471177,-5.57531368883,3.3352035582,8.5983640401,9.60119633494,7.08761741992
168,0.0,55.0,20.0,0.0,52.4442360653,13.7045058666,1.96386291993,22.6989710653,20.5417137904,16.116874109
169,0.0,70.0,20.0,0.0,48.6057080551,-20.2019537279,1.06072078692,13.2900545818,17.2758213357,13.8510070136
170,0.0,85.0,20.0,0.0,77.2662849991,-6.47102973923,27.8460168426,47.7383655053,51.9756664764,24.2416226885
171,0.0,100.0,20.0,0.0,77.380726241,3.45846272314,29.7802043452,51.6125184125,52.1672296361,23.3039492821
172,10.0,0.0,20.0,0.0,48.2440726814,-20.6696889694,6.81805621959,12.979663821,16.9873340294,11.5840987492
173,10.0,10.0,20.0,0.0,62.6383573118,26.2876719466,20.2440499341,37.5886734659,31.155113012,15.825273926
174,10.0,20.0,20.0,0.0,38.4073389606,-2.07010104968,-7.53117734589,9.68850703265,10.3180704332,10.7330290784
175,10.0,30.0,20.0,0.0,42.8481623066,25.5425211423,16.2090309,16.7895458969,13.0564391315,6.39076565419
176,10.0,40.0,20.0,0.0,46.4789772081,29.1036748446,4.57847887048,20.4992808952,15.6252784949,11.3174768083
177,10.0,55.0,20.0,0.0,38.2961613254,-3.64369187785,-2.80374819397,9.43407850091,10.2549468074,9.24465990467
178,10.0,70.0,20.0,0.0,51.2295133663,11.3480613627,16.0236475521,21.0651332709,19.4673095804,10.279595295
179,10.0,85.0,20.0,0.0,41.6598123877,-13.536280241,-1.14069783793,10.0112739181,12.2813386575,10.486226802
180,10.0,100.0,20.0,0.0,73.6957243969,-1.64184042675,25.4826998334,44.0156172088,46.2318483908,22.2256558251
181,20.0,0.0,20.0,0.0,59.7339935574,-0.133353138722,13.306829142,26.8025725449,27.8290645046,16.6329365331
182,20.0,10.0,20.0,0.0,40.0613849179,18.4473970959,11.8245065648,13.5730569296,11.2880129477,6.29671914776
183,20.0,20.0,20.0,0.0,51.3742138985,-9.00824295679,3.36916376724,17.1894720403,19.5932809245,14.8002356829
184,20.0,30.0,20.0,0.0,36.7588867187,4.05789963236,3.97045201227,9.56680361825,9.40833777036,6.79006809862
185,20.0,40.0,20.0,0.0,43.5112667768,-16.3265172541,-6.27347338603,10.6893613229,13.5027932213,13.3122865863
186,20.0,55.0,20.0,0.0,48.4258161021,23.1488683279,11.8016320325,21.0055691616,17.1319113373,10.0918247109
187,20.0,70.0,20.0,0.0,60.7472595033,-3.88422148443,17.9222527732,26.954815306,28.9610739219,15.4420169718
188,20.0,85.0,20.0,0.0,50.1466095022,27.9657417266,12.6140913965,23.6738016251,18.541667863,10.7631961233
189,20.0,100.0,20.0,0.0,49.7974661744,-17.8083240763,1.03839061984,14.4867916476,18.2496080206,14.6481203717
190,30.0,0.0,20.0,0.0,43.6236431637,2.01449819014,-1.85336620336,13.4049343731,13.5794305875,11.8214559852
191,30.0,10.0,20.0,0.0,64.7618092634,2.60139363602,39.823312849,33.2777890066,33.7476977826,10.1357488262
192,30.0,20.0,20.0,0.0,48.5398052097,20.8278877268,9.37957955326,20.6246483957,17.2230072039,10.9116329398
193,30.0,30.0,20.0,0.0,53.7064343978,-11.8015385793,21.8873496011,18.5544261676,21.6992457094,9.79554609113
194,30.0,40.0,20.0,0.0,43.1168040309,-1.13736580692,-3.16361531029,12.5933314387,13.236064474,11.9699553511
195,30.0,55.0,20.0,0.0,69.1585854766,3.88546128628,2.66931088218,39.3768042122,39.5650163291,30.8969574117
196,30.0,70.0,20.0,0.0,34.5097284297,13.7589319612,10.1504961655,9.56759528102,8.25564734117,4.69672361003
197,30.0,85.0,20.0,0.0,58.4827188408,-7.22439198747,-9.01769368815,23.8423783215,26.4723561006,26.7745510076
198,30.0,100.0,20.0,0.0,32.6233659077,-0.64577379386,2.82349164969,7.03640186682,7.36480224389,5.4831897627
199,40.0,0.0,20.0,0.0,79.2140095532,-5.27473266069,6.36844714489,51.2961729834,55.3004409955,40.521684653
200,40.0,10.0,20.0,0.0,45.4976046854,-0.42126685788,-18.0352305652,14.3000851394,14.9004928594,19.695771161
201,40.0,20.0,20.0,0.0,65.2606037524,-19.7540013677,-11.1923836247,27.8511457982,34.3768569166,35.7197884224
202,40.0,30.0,20.0,0.0,52.7621720105,20.4458089666,-5.37903778494,24.5356477024,20.8293055873,19.6334106721
203,40.0,40.0,20.0,0.0,56.3808792554,-20.2678685257,-26.2179849426,19.1510647989,24.2939199242,35.5188270059
204,40.0,55.0,20.0,0.0,45.3140348248,-8.79931203011,-14.6095743165,12.8646526208,14.7674572033,17.9667533632
205,40.0,70.0,20.0,0.0,45.6464980793,-9.21168555949,8.83149960881,13.0194513319,15.0089829756,9.54638549213
206,40.0,85.0,20.0,0.0,52.4998304485,2.64362038744,-5.36343102171,20.3947469595,20.5918099778,19.4118689852
207,40.0,100.0,20.0,0.0,53.9863330759,6.26922465061,24.6489337014,22.5255319214,21.9616896601,9.12989034927
208,55.0,0.0,20.0,0.0,60.2730190659,14.9115309988,5.21832620424,31.3142707781,28.4275114877,20.7727366238
209,55.0,10.0,20.0,0.0,75.5914156187,-0.544507234453,4.80130238604,47.2718228169,49.2255238626,37.023004119
210,55.0,20.0,20.0,0.0,44.8762925734,2.29899868665,-16.8475679177,14.3069261762,14.4534198723,18.6394236961
211,55.0,30.0,20.0,0.0,63.0776594302,-15.1771476403,-11.5779920409,26.6472749182,31.6801662202,33.3802056478
212,55.0,40.0,20.0,0.0,51.1439757059,23.7732491108,-5.30893986638,23.6979689843,19.3930979608,18.3052710108
213,55.0,55.0,20.0,0.0,54.9404266899,-23.6081342105,-14.2881937021,17.3312833209,22.872172685,26.2884026492
214,55.0,70.0,20.0,0.0,43.2614531952,-1.28372866503,-10.8540280551,12.6645233132,13.3334618652,14.8932017167
215,55.0,85.0,20.0,0.0,69.1300925203,-5.07079233567,46.4396181841,36.5557155528,39.5253157939,10.418246078
216,55.0,100.0,20.0,0.0,48.2634688172,9.51295140296,-7.79698601581,18.1435627089,17.0027247781,17.204019175
217,70.0,0.0,20.0,0.0,55.1125322474,-23.5874987066,20.7370879114,17.4721594669,23.039044493,10.9035326993
218,70.0,10.0,20.0,0.0,55.2809629194,30.3613842426,5.48112554474,29.6848051957,23.2031370869,16.6960186485
219,70.0,20.0,20.0,0.0,78.3861015658,4.22161221804,16.2998430116,53.5809408559,53.8703973134,32.3856076449
220,70.0,30.0,20.0,0.0,44.5259395774,6.61956209167,-11.2749680598,14.7674936431,14.2053079229,15.9452380966
221,70.0,40.0,20.0,0.0,65.527808978,-12.2855254713,-1.1170680101,30.0877018883,34.7170924043,29.3336031539
222,70.0,55.0,20.0,0.0,51.6018931022,28.2189730017,1.13544691761,25.1852800772,19.792588987,15.8583154844
223,70.0,70.0,20.0,0.0,52.4736900275,-26.7593623442,-5.2940258236,14.9134824476,20.5682446702,19.3579245478
224,70.0,85.0,20.0,0.0,31.4329952331,0.0719626995915,0.120919088543,6.59988557471,6.83703308593,5.61628139622
225,70.0,100.0,20.0,0.0,61.6270450972,-3.66675946519,6.35679550691,27.9588145748,29.9685131842,21.3685576098
226,85.0,0.0,20.0,0.0,33.1839519697,12.1183089771,7.15815628307,8.68422393608,7.6224800689,4.82730959065
227,85.0,10.0,20.0,0.0,52.0369391015,-15.6320223567,-6.63464526219,16.5083024969,20.1771737274,19.6358848998
228,85.0,20.0,20.0,0.0,44.6959001725,2.08340210448,-13.4741419532,14.1464896541,14.3253124321,16.9986373116
229,85.0,30.0,20.0,0.0,66.55531223,-9.76552525644,36.8271505611,31.9753955584,36.0463342195,12.1142041031
230,85.0,40.0,20.0,0.0,49.6861108173,24.84598091,-1.46624385216,22.5345998732,18.1571080626,15.5709650432
231,85.0,55.0,20.0,0.0,52.8397801842,-27.0429319257,13.4065366227,15.1303046982,20.8999119754,12.0362321094
232,85.0,70.0,20.0,0.0,38.456713372,-0.726219767834,-5.87071980153,9.88446818495,10.3461867385,10.2402204112
233,85.0,85.0,20.0,0.0,53.6552514351,-19.3097918744,-6.35639932125,17.1035775907,21.6514818382,20.8541566628
234,85.0,100.0,20.0,0.0,42.892866329,16.6192182042,2.27662004257,15.2632428916,13.0862167232,10.0873862078
235,100.0,0.0,20.0,0.0,65.5685561851,-6.87828761304,8.51376505306,31.5982514361,34.7691727329,23.7870864877
236,100.0,10.0,20.0,0.0,47.34099461,34.1306625456,12.6187064365,22.3542992042,16.2809846963,9.29424761993
237,100.0,20.0,20.0,0.0,64.3208741301,26.5730607876,4.38341042833,39.9641921116,33.1979534053,24.8721693578
238,100.0,30.0,20.0,0.0,55.1649502709,-10.4644447068,-15.8318990532,20.0637333104,23.0900292438,27.4189843721
239,100.0,40.0,20.0,0.0,55.7090150402,8.07632167625,-8.35972647966,24.6129570663,23.6236665654,23.7192489154
240,100.0,55.0,20.0,0.0,67.542270208,5.2113958656,-0.806341752116,37.6075960643,37.3546653995,31.3420353589
241,100.0,70.0,20.0,0.0,48.8429162118,-7.50688176007,-18.9325104229,15.5221393213,17.4668120615,23.0436464151
242,100.0,85.0,20.0,0.0,52.866065103,26.8612781703,0.818164428902,26.1649140015,20.923861599,16.9099372301
243,100.0,100.0,20.0,0.0,58.0633558823,-0.846880465452,35.7740489692,24.8992067805,26.0277239348,8.01066929031
244,0.0,0.0,30.0,0.0,47.0225489945,12.4290658168,-9.01170750684,17.6853206304,16.036660161,16.8046858193
245,0.0,10.0,30.0,0.0,48.1855974736,-16.4035836868,16.6859007723,13.599246489,16.9409904223,8.56072224024
246,0.0,20.0,30.0,0.0,42.2301306563,-1.16565560924,-16.9198685125,12.0285867883,12.6493825233,16.653208984
247,0.0,30.0,30.0,0.0,65.2054417,14.4841180658,8.02443027034,37.3611190486,34.3068964096,23.7133154614
248,0.0,40.0,30.0,0.0,53.5134979251,-18.478169189,-12.9904623999,17.1439041341,21.5195636383,24.1779000873
249,0.0,55.0,30.0,0.0,54.4333667048,-2.47015048041,-6.91945650052,21.0633496794,22.3852204988,21.8107473666
250,0.0,70.0,30.0,0.0,65.7933214527,-2.43708820314,2.80174531317,33.109467864,35.0573888111,27.2359930044
251,0.0,85.0,30.0,0.0,46.3105418339,-8.49674356463,-10.8228978863,13.5717858075,15.4992475805,17.0559568967
252,0.0,100.0,30.0,0.0,42.1413077132,-9.74207974205,-13.507042124,10.7803322346,12.591585517,15.1803219649
253,10.0,0.0,30.0,0.0,38.0294225289,-0.956423667851,6.75313261486,9.6242185275,10.1045507548,6.65236386095
254,10.0,10.0,30.0,0.0,48.7086326175,-2.97372600275,-6.01389612041,16.2090431379,17.3585202478,16.7658268194
255,10.0,20.0,30.0,0.0,42.3909324883,12.8343912224,16.049208807,14.2781853454,12.7544655458,6.2504629391
256,10.0,30.0,30.0,0.0,56.0754177024,6.73120073091,2.60356507457,24.6675210849,23.9876407594,18.5741753445
257,10.0,40.0,30.0,0.0,61.4839051501,19.982210372,5.79427490789,34.2120856876,29.8030378799,21.5277169288
258,10.0,55.0,30.0,0.0,55.921258404,-8.66849791071,-7.87112162755,21.1084949284,23.8340510491,23.6531812086
259,10.0,70.0,30.0,0.0,51.2970396791,1.03363047418,-8.8321638239,19.030863699,19.5260282757,20.0772908664
260,10.0,85.0,30.0,0.0,68.2633735562,9.5787974205,8.57094839407,39.9639568969,38.3303301339,26.3528039476
261,10.0,100.0,30.0,0.0,57.8944334137,11.6466925441,2.5753048189,27.7627480135,25.8500390147,20.0615440774
262,20.0,0.0,30.0,0.0,34.4812178296,-3.51528928604,6.6195267273,7.56841898287,8.24167534211,5.36368825521
263,20.0,10.0,30.0,0.0,33.2373083759,1.26893194403,4.74763109897,7.50733799109,7.64731435915,5.30929205596
264,20.0,20.0,30.0,0.0,61.6346218869,4.53086339796,3.93083640336,30.0971277043,29.9772892732,22.6186517148
265,20.0,30.0,30.0,0.0,64.8488322619,16.0308337438,1.51886274766,37.3640729092,33.8569075015,27.0322368253
266,20.0,40.0,30.0,0.0,53.6894810207,-16.8333456247,-19.4470521813,17.5873316036,21.6834170688,28.0600014082
267,20.0,55.0,30.0,0.0,54.65936629,-2.05525764735,-12.8613611234,21.3561822504,22.6013950674,25.2002198472
268,20.0,70.0,30.0,0.0,66.4605468538,-1.97246303837,-3.75591739748,34.0662593703,35.9223437216,32.0513471896
269,20.0,85.0,30.0,0.0,48.175892154,-5.18383017149,-23.4166857523,15.4278156563,16.9333067889,24.8520992955
270,20.0,100.0,30.0,0.0,41.3117288884,-1.30499843394,-13.7640145241,11.4463182927,12.0602569726,14.7153966688
271,30.0,0.0,30.0,0.0,48.6363763394,-15.6709762336,12.017601857,14.0229994944,17.3004354772,10.1367399215
272,30.0,10.0,30.0,0.0,46.8431471359,12.1633654126,-5.78186142216,17.4919830683,15.9000983423,15.3335466858
273,30.0,20.0,30.0,0.0,58.6378420262,-0.719410620495,29.8587433114,25.5150684238,26.6381006378,9.95516310365
274,30.0,30.0,30.0,0.0,52.3924309027,27.3822333566,4.46732902017,25.7979140349,20.4951052683,15.0605228326
275,30.0,40.0,30.0,0.0,61.8869351652,20.2612208733,1.13786125874,34.8000459364,30.2705196608,24.3468132158
276,30.0,55.0,30.0,0.0,52.3554951013,-13.325174986,-18.2087048538,17.1734837651,20.4619176314,25.9800040408
277,30.0,70.0,30.0,0.0,52.9549582944,1.90868827491,-12.6002309297,20.6477566076,21.0049925927,23.446513585
278,30.0,85.0,30.0,0.0,63.9572169943,1.71163317598,-4.2188377637,32.0526451745,32.749075243,29.5789110683
279,30.0,100.0,30.0,0.0,46.8832997693,-8.79088637704,-14.4174658325,13.9150747839,15.9305951674,19.1163985804
280,40.0,0.0,30.0,0.0,50.4117519544,-17.8977487521,-9.84847220717,14.909140197,18.7655303879,19.8322520127
281,40.0,10.0,30.0,0.0,56.1603010038,15.7211994977,29.5390275984,26.9137879167,24.0724914251,8.8080200789
282,40.0,20.0,30.0,0.0,36.2561382084,-0.246050092287,4.57905981679,8.78666691869,9.14193159627,6.45041295064
283,40.0,30.0,30.0,0.0,45.9921666433,-5.20728082496,11.1284338564,13.8741294249,15.2628795988,9.055201655
284,40.0,40.0,30.0,0.0,70.7451847652,5.18883533412,10.0723011151,42.0270482585,41.8178943926,27.9919367708
285,40.0,55.0,30.0,0.0,62.6873836516,27.4816437615,10.2686069734,38.0242146143,31.2134194287,20.3378161177
286,40.0,70.0,30.0,0.0,53.7580915274,-11.1932412251,-9.84380633401,18.7151257332,21.7475232453,22.720344831
287,40.0,85.0,30.0,0.0,53.6549000064,7.27415458576,-3.91776468463,22.4326868731,21.6511541279,19.6704623808
288,40.0,100.0,30.0,0.0,64.8841843521,4.73400411552,4.56850928495,34.0407641598,33.9013399016,25.3121552791
289,55.0,0.0,30.0,0.0,45.8810157656,-10.9676613725,-7.62929682692,12.9063200677,15.1809284778,15.4096823208
290,55.0,10.0,30.0,0.0,33.4425183969,-7.93222431167,1.91719205287,6.66374677329,7.74333027827,5.96760643434
291,55.0,20.0,30.0,0.0,34.0219445835,5.98761169985,8.71385288445,8.3947195684,8.01876977206,4.80665718105
292,55.0,30.0,30.0,0.0,36.0700416587,0.870049013314,11.1277702507,8.82350095452,9.04460922373,5.01746998142
293,55.0,40.0,30.0,0.0,32.2789386628,-3.55458948163,0.875620643705,6.60179827424,7.20940087723,5.76275539226
294,55.0,55.0,30.0,0.0,52.2875852497,-14.6209538257,-13.699157098,16.884199755,20.4009926507,23.4188584546
295,55.0,70.0,30.0,0.0,54.5506789984,11.0306446102,23.00141657,24.1414213098,22.4972599208,9.89800428437
296,55.0,85.0,30.0,0.0,62.383511661,2.28615725441,1.38351797299,30.3596510631,30.8531976662,24.6832509177
297,55.0,100.0,30.0,0.0,44.9567816067,-9.64596509578,5.33902770832,12.5074961627,14.5108255007,10.2393787362
298,70.0,0.0,30.0,0.0,39.3761935869,-7.0550197682,3.55189310831,9.58772115357,10.8791592206,8.0114302443
299,70.0,10.0,30.0,0.0,50.8027659566,-9.24981397704,-16.0305845164,16.6985613121,19.0989444921,23.2968743736
300,70.0,20.0,30.0,0.0,44.4767421313,9.7995272323,13.7916137933,15.2644889439,14.1706964669,7.63936197873
301,70.0,30.0,30.0,0.0,60.8338290568,2.60724392322,-4.01632613304,28.6886805831,29.0591872487,26.2244677349
302,70.0,40.0,30.0,0.0,50.6082898118,26.758319325,26.8063684068,23.8517715402,18.9326271323,7.03708318322
303,70.0,55.0,30.0,0.0,79.051170046,4.21624162204,8.92445515868,54.707649792,55.0171936738,38.375279356
304,70.0,70.0,30.0,0.0,45.9444697393,7.67982844783,-14.336479581,15.9878517612,15.2276768224,18.3338037457
305,70.0,85.0,30.0,0.0,67.4574692388,-10.4149451157,-6.39990552077,32.8816704901,37.2410284058,35.0128471509
306,70.0,100.0,30.0,0.0,52.9748039307,29.1235331325,-2.27577019951,26.8327573076,21.0231338884,18.3613126686
307,85.0,0.0,30.0,0.0,55.9725213117,-22.4620020186,-19.8785322634,18.3827857415,23.8850515675,30.7770342214
308,85.0,10.0,30.0,0.0,59.4278244072,15.1971482093,9.78103036929,30.4054509585,27.492914183,17.9414622629
309,85.0,20.0,30.0,0.0,55.0121939384,7.17845512802,13.2335661158,23.7158068025,22.9416591883,13.4307994371
310,85.0,30.0,30.0,0.0,51.8863958952,1.46389951585,-1.3430612083,19.6194294997,20.0435336623,17.1138752607
311,85.0,40.0,30.0,0.0,46.5503011513,-7.77293641446,0.164410008136,13.8487420518,15.6788515159,12.8776168172
312,85.0,55.0,30.0,0.0,44.3232408143,-10.0117259211,-11.2224900677,12.0540204109,14.0630664567,15.7795267081
313,85.0,70.0,30.0,0.0,78.2542192074,-5.68833385925,14.0831007666,49.5869633094,53.6448990905,33.7235233539
314,85.0,85.0,30.0,0.0,45.1854911705,-1.03164905793,-13.4701194883,13.9854050906,14.6747727456,17.3639121174
315,85.0,100.0,30.0,0.0,65.0815734712,-20.53391336,-3.98816781341,27.4607356492,34.1501437734,30.6584760101
316,100.0,0.0,30.0,0.0,51.6320671222,21.6855251685,-1.00998880097,23.7016280667,19.8191040101,16.7814440084
317,100.0,10.0,30.0,0.0,53.5459026327,-24.8309488844,-9.30738194791,16.032248414,21.5496726234,22.2509650082
318,100.0,20.0,30.0,0.0,42.1555134303,-1.58566302776,-8.45877908236,11.9217804267,12.600817312,13.2565375973
319,100.0,30.0,30.0,0.0,72.1511858621,-4.20650267811,7.82793869688,40.9275986074,43.8844348179,30.8976184253
320,100.0,40.0,30.0,0.0,44.6563781672,8.81301436787,9.01338810173,15.2285867595,14.2973469603,9.00195997207
321,100.0,55.0,30.0,0.0,57.8390630727,-20.3425307016,-10.6202500079,20.4004536041,25.7919729401,27.0636015671
322,100.0,70.0,30.0,0.0,51.733976298,32.4216396521,23.5971923545,26.330319269,19.9088303882,8.34573128584
323,100.0,85.0,30.0,0.0,75.1512485921,-1.12696369284,10.5890263667,46.385430868,48.5192298154,32.4742525496
324,100.0,100.0,30.0,0.0,46.2932923361,9.82100057818,-9.80052476825,16.6327558952,15.4863791209,16.604754579
325,0.0,0.0,40.0,0.0,61.6495571086,-17.0354327837,-6.60575142166,24.7281503304,29.9945935475,28.5958085696
326,0.0,10.0,40.0,0.0,53.6676495869,34.647886494,4.47082438734,28.9867303133,21.6630453371,15.9517656806
327,0.0,20.0,40.0,0.0,67.6593710107,3.36871360938,12.7904990801,37.1958944228,37.5119652504,23.4260340228
328,0.0,30.0,40.0,0.0,32.5649674807,6.88570558712,3.82140819783,7.79780735963,7.33829791774,5.26312298173
329,0.0,40.0,40.0,0.0,57.7044996669,-8.52119843205,1.10208705589,22.7978985667,25.6512208286,20.6190363548
330,0.0,55.0,40.0,0.0,48.8003903424,24.5738513523,1.61584377845,21.6486971163,17.4324688653,13.7685145969
331,0.0,70.0,40.0,0.0,34.638618162,0.860010278587,-4.7786274523,8.11718088852,8.31900854628,8.0539363561
332,0.0,85.0,40.0,0.0,41.1362477363,-13.3142384963,10.5128859214,9.75347402327,11.9498149502,7.02806453091
333,0.0,100.0,40.0,0.0,36.1024218137,10.6963915205,0.714510643971,10.0468972375,9.06149309773,7.29968917904
334,10.0,0.0,40.0,0.0,46.4450998014,-4.05596672339,21.484792004,14.3730449568,15.5998752168,6.60124713065
335,10.0,10.0,40.0,0.0,37.8625460317,20.0775168846,6.30856639774,12.3811505048,10.0112122044,6.68865877153
336,10.0,20.0,40.0,0.0,53.1318624995,-32.6341620085,15.9856731693,14.4127774811,21.1670728627,11.3383256031
337,10.0,30.0,40.0,0.0,45.338566167,10.3291194671,-17.1451519277,15.9944247648,14.7851893836,19.1464586426
338,10.0,40.0,40.0,0.0,65.5564671236,-17.918353246,39.2654706498,28.6450238622,34.7537158807,10.7369039946
339,10.0,55.0,40.0,0.0,51.2302625567,32.5286849924,-4.92663020163,25.8308636353,19.4679604054,18.1995486359
340,10.0,70.0,40.0,0.0,79.0937921442,-0.579153499843,64.3562151076,52.8993735402,55.0912379982,10.1901062012
341,10.0,85.0,40.0,0.0,55.5482102172,-30.1389377572,-1.99847488659,16.6205587388,23.4650970793,20.3174665601
342,10.0,100.0,40.0,0.0,43.9694549535,6.63590155008,-4.61522006668,14.3764584856,13.817082074,12.9963368021
343,20.0,0.0,40.0,0.0,67.8700862029,-17.4074995716,14.9226738949,31.4311214103,37.7961270773,22.492995767
344,20.0,10.0,40.0,0.0,49.6644984929,31.6672574843,8.05883052025,24.0439898305,18.1391915714,11.9927558163
345,20.0,20.0,40.0,0.0,81.1327861314,-1.46638173571,34.1286487997,56.0225051404,58.7115533278,24.4521309773
346,20.0,30.0,40.0,0.0,57.821464937,-23.6746650365,-26.513633223,19.7083539258,25.7735362569,37.5163376008
347,20.0,40.0,40.0,0.0,42.6467962874,4.68253197675,6.30846394024,13.1668645398,12.9228680721,8.78893274847
348,20.0,55.0,40.0,0.0,70.5268016089,-13.3900875356,-12.5412197682,35.8634044669,41.5028560801,43.6268047435
349,20.0,70.0,40.0,0.0,47.7892833377,32.0086691372,19.1620653286,22.3129029788,16.6291174677,7.72601834744
350,20.0,85.0,40.0,0.0,83.2006677533,-0.26332246117,3.52733805446,60.1973586725,62.5417197233,48.4761348467
351,20.0,100.0,40.0,0.0,34.1924828463,-0.848694111668,1.74628519072,7.72024772995,8.10106412763,6.28768838382
352,30.0,0.0,40.0,0.0,39.7642330771,-9.37600704124,-0.510896498857,9.50743132748,11.1094672636,9.31337683218
353,30.0,10.0,40.0,0.0,35.9161966347,9.16086377739,6.82934993054,9.75031951041,8.9646768331,5.82963610822
354,30.0,20.0,40.0,0.0,44.9505772685,-3.02799075984,6.79534677478,13.5103300725,14.5063951041,9.79425985057
355,30.0,30.0,40.0,0.0,37.6547150688,18.3538698416,12.0567205113,11.9994193273,9.89577269524,5.37056509762
356,30.0,40.0,40.0,0.0,31.5030765024,1.64399050763,-2.98758589826,6.78298163432,6.86738260745,6.30928373163
357,30.0,55.0,40.0,0.0,54.1511305109,-12.1638860102,26.2504220409,18.8557952138,22.1171954091,8.75923643056
358,30.0,70.0,40.0,0.0,31.6528850365,11.5760941751,3.82964143779,7.88021503838,6.93255988457,4.95691880323
359,30.0,85.0,40.0,0.0,64.2996300599,-4.51733905369,43.4720384132,30.7510882891,33.171618789,8.83598876569
360,30.0,100.0,40.0,0.0,46.6883931099,15.4881302465,-14.7063796802,17.9893708724,15.7829232816,19.0944023322
361,40.0,0.0,40.0,0.0,58.8547960581,-19.7473566092,24.2527398781,21.4392369198,26.8710679226,11.8738905528
362,40.0,10.0,40.0,0.0,51.6765127408,38.6878103585,-1.49040735342,27.8232696703,19.858203126,17.0210121559
363,40.0,20.0,40.0,0.0,72.0023686035,-0.921265638871,48.7642669735,41.7975802777,43.6625520777,11.2583479792
364,40.0,30.0,40.0,0.0,75.0902322811,10.936253104,1.61563978589,50.7044107808,48.4218592413,38.7327133121
365,40.0,40.0,40.0,0.0,51.8214260155,22.9379368019,23.7913668065,24.1743634192,19.9860414326,8.33407620184
366,40.0,55.0,40.0,0.0,64.1914574076,-4.38494046924,-13.3548373656,30.6610130924,33.0377415709,35.9462736443
367,40.0,70.0,40.0,0.0,44.6778677687,-1.1706620057,7.22638964923,13.6170301981,14.3125483206,9.52731368686
368,40.0,85.0,40.0,0.0,54.1125242689,-16.28198155,-25.6780955406,18.032938673,22.0807002604,32.4699051808
369,40.0,100.0,40.0,0.0,40.4438750976,15.4015086014,15.0101256506,13.3554844423,11.520637159,5.7507933647
370,55.0,0.0,40.0,0.0,44.0782041746,1.24940307371,5.86447056135,13.5912071911,13.8923865795,9.62390363956
371,55.0,10.0,40.0,0.0,37.595554055,5.6762068301,8.53447297227,10.2293570025,9.86307480522,6.08505708297
372,55.0,20.0,40.0,0.0,39.3654347862,-6.23827512398,-1.4589405218,9.68369984025,10.8728194583,9.38887060472
373,55.0,30.0,40.0,0.0,35.6941563008,-3.96373342026,3.03082910759,8.08676863612,8.85014501931,6.5823880546
374,55.0,40.0,40.0,0.0,73.7546514774,8.61143854805,27.7119805481,47.7188583881,46.3230265837,21.1453074002
375,55.0,55.0,40.0,0.0,54.0037501815,22.609521962,9.95747713394,26.3233530286,21.978090188,14.0060807176
376,55.0,70.0,40.0,0.0,62.1634734665,-8.69491915214,10.4134529366,27.2760734309,30.5940930976,19.832091094
377,55.0,85.0,40.0,0.0,46.7319740492,0.108999820807,-4.52411006264,15.2696195052,15.8158630117,14.7567457505
378,55.0,100.0,40.0,0.0,51.4855110106,-22.3668071049,-4.41407934925,14.9356919839,19.6905412746,18.1668258941
379,70.0,0.0,40.0,0.0,39.2609077127,16.214329661,7.0402886083,12.702580987,10.8113536886,7.08554514293
380,70.0,10.0,40.0,0.0,43.5995874516,0.195868653849,18.4013519243,13.1086815618,13.5630009762,6.19121045873
381,70.0,20.0,40.0,0.0,36.4387440538,7.59866134421,1.35680599678,9.83724249819,9.23810463035,7.28435894165
382,70.0,30.0,40.0,0.0,38.5227827114,-8.21880181763,8.87618826877,8.99891709406,10.383889825,6.3627614583
383,70.0,40.0,40.0,0.0,34.6984117974,-0.169095882012,-3.58582477083,8.03176067299,8.34851239332,7.77138675372
384,70.0,55.0,40.0,0.0,71.9687941402,10.1811343183,54.4918313264,45.5348668455,43.6125970288,9.46519666174
385,70.0,70.0,40.0,0.0,54.303191053,26.3684312323,-6.05399621161,27.5720289121,22.2613319888,21.2598524078
386,70.0,85.0,40.0,0.0,59.7226290898,-9.84897339219,31.0963867708,24.4676844639,27.8165384896,10.1475847725
387,70.0,100.0,40.0,0.0,47.3147533365,4.78276767077,-19.1307830559,16.5191044142,16.2607581368,21.7790831371
388,85.0,0.0,40.0,0.0,48.7340530661,-25.2019860674,10.418474875,12.6153352326,17.3789858977,10.687030897
389,85.0,10.0,40.0,0.0,55.6559256484,39.4490839584,8.35027771155,32.59876522,23.5712364293,15.7657040201
390,85.0,20.0,40.0,0.0,60.2585406289,-1.14547483674,30.2482414209,27.1114926246,28.4113259026,10.6997218381
391,85.0,30.0,40.0,0.0,47.7484107844,17.7211279253,-5.11722567637,19.3051107388,16.5971729599,15.6975865496
392,85.0,40.0,40.0,0.0,49.4203655427,-19.924942885,8.91575448569,13.8835136168,17.937624636,11.5608429138
393,85.0,55.0,40.0,0.0,58.1232711679,11.6967894175,-1.61339824955,28.0250375113,26.090942259,22.3534260584
394,85.0,70.0,40.0,0.0,59.8407308993,-4.36214957454,36.0267659274,25.8845765748,27.9468948974,8.76848322744
395,85.0,85.0,40.0,0.0,32.1059269766,2.51603118793,0.459025930948,7.13092893728,7.13217179146,5.78762208283
396,85.0,100.0,40.0,0.0,45.8466009399,-22.7765962482,10.5827730907,11.179450135,15.155614163,9.13906152407
397,100.0,0.0,40.0,0.0,45.8109455726,-18.0904489283,7.82674809672,11.8146120168,15.1294170476,9.92999800685
398,100.0,10.0,40.0,0.0,52.9493964102,-4.2317850466,-20.8139088833,19.3973536323,20.9999102353,28.1148191265
399,100.0,20.0,40.0,0.0,54.8523663526,-0.949890790458,25.1034859443,21.7691067978,22.7871027676,9.42937814494
400,100.0,30.0,40.0,0.0,63.4847138497,11.9166177004,-7.30695710026,34.3743091697,32.1719124049,31.0216919405
401,100.0,40.0,40.0,0.0,65.9089630543,18.9721218003,45.8125125564,39.721631544,35.206294382,8.95774080154
402,100.0,55.0,40.0,0.0,48.4753713621,-15.0662320025,-5.95167989242,14.0087256567,17.1714744918,16.5679576519
403,100.0,70.0,40.0,0.0,51.3700900074,-9.93486887924,-1.68111767491,17.0169831037,19.5896833042,16.8755494221
404,100.0,85.0,40.0,0.0,57.0391063877,0.119424337793,7.38316452481,24.0988735844,24.9627476013,17.1823813966
405,100.0,100.0,40.0,0.0,62.3311153018,9.03658585514,14.6225563105,32.1404262415,30.7913664927,18.0150255408
406,0.0,0.0,55.0,0.0,67.4624835847,18.7609149931,22.8287201614,41.8352726964,37.2477414282,18.304227085
407,0.0,10.0,55.0,0.0,37.1678502232,-5.51111623095,-4.22353216213,8.63115599991,9.6288258909,9.09430271473
408,0.0,20.0,55.0,0.0,38.4409211301,-6.18182944351,7.43331262011,9.20088190386,10.3371882829,6.65913400973
409,0.0,30.0,55.0,0.0,40.5353951109,1.23406514791,1.53263317918,11.3338870365,11.5767679284,9.10852072234
410,0.0,40.0,55.0,0.0,42.4529834317,4.13982104718,16.3917148603,12.9565671646,12.795170562,6.1984205375
411,0.0,55.0,55.0,0.0,43.4917777993,9.69520386059,8.51588488785,14.5398057194,13.4895317259,8.58184285766
412,0.0,70.0,55.0,0.0,50.4556192091,-9.35394562919,-24.1414278282,16.4125252663,18.8027407976,27.531953654
413,0.0,85.0,55.0,0.0,49.6084085164,-11.3402335982,15.4203369949,15.4309253524,18.0927483019,9.61769110213
414,0.0,100.0,55.0,0.0,57.9960166066,4.93783267459,-13.3780156471,26.2106299567,25.9567943243,28.8856566448
415,10.0,0.0,55.0,0.0,59.5915239208,9.69260613466,35.0942568378,29.1372274558,27.6723049301,8.90885460038
416,10.0,10.0,55.0,0.0,68.2930761295,20.7225567496,0.285121948813,43.6998288183,38.3708783849,31.4740168355
417,10.0,20.0,55.0,0.0,36.1012537035,-6.98326761842,4.25651709376,7.9473730696,9.06088364899,6.46297993627
418,10.0,30.0,55.0,0.0,36.8813804643,-2.68952464935,-1.71277875445,8.81616915307,9.47402189053,8.26593269521
419,10.0,40.0,55.0,0.0,39.208349506,-0.000157019293678,11.1523021226,10.3956029459,10.7805352427,6.12057181592
420,10.0,55.0,55.0,0.0,40.4592953212,5.10374442796,4.89867443555,11.8327095942,11.5300819042,8.14832667236
421,10.0,70.0,55.0,0.0,42.2088014724,8.39482244836,18.2281988427,13.4487454394,12.635487542,5.71416930677
422,10.0,85.0,55.0,0.0,32.0248220305,-5.00081087457,-3.06118180261,6.35875274692,7.09615878399,6.52876617057
423,10.0,100.0,55.0,0.0,36.5034272169,-5.20417539025,11.9116321073,8.33850590047,9.27233240714,5.01045971906
424,20.0,0.0,55.0,0.0,33.9248415268,1.62643358324,4.76224888711,7.86314927366,7.97216203679,5.54538940815
425,20.0,10.0,55.0,0.0,54.8618758106,10.2987966575,30.3036147213,24.2817745833,22.7962791195,7.99777176436
426,20.0,20.0,55.0,0.0,47.914719263,-5.42702613087,-12.8692344141,15.1955685684,16.7274095175,19.2240170232
427,20.0,30.0,55.0,0.0,49.6178315441,-0.332093081948,12.9959672441,17.3928674385,18.1005451511,10.3566354799
428,20.0,40.0,55.0,0.0,55.3177186304,14.0786238667,-0.459871043684,25.6314134257,23.2390493814,19.3905892738
429,20.0,55.0,55.0,0.0,58.4141632275,21.8345190321,30.6012852754,31.0174494988,26.399326058,9.6181008577
430,20.0,70.0,55.0,0.0,58.8676817075,36.6452366233,0.00379165004858,35.7977651098,26.8849472243,22.1809389551
431,20.0,85.0,55.0,0.0,65.4638408734,-0.224708559952,42.6953671422,33.3347235946,34.6354376432,9.63599020092
432,20.0,100.0,55.0,0.0,51.4081265973,16.89258927,-12.7574708586,22.4182605744,19.6228825558,22.1294063598
433,30.0,0.0,55.0,0.0,53.5625633594,-19.5839365698,18.7176103696,16.9808299924,21.5651639411,10.695233382
434,30.0,10.0,55.0,0.0,45.6638733477,0.372883320987,-21.7406106567,14.5463892054,15.0216775467,21.658852308
435,30.0,20.0,55.0,0.0,46.7836772094,4.74548140833,23.1176676895,16.1073976661,15.8550011511,6.36308483027
436,30.0,30.0,55.0,0.0,38.7476645975,12.0197100304,3.76109400473,11.7668609972,10.5129070883,7.67813133834
437,30.0,40.0,55.0,0.0,42.4135249221,-3.8791820416,14.2443012633,11.7529498572,12.7692760265,6.66799708047
438,30.0,55.0,55.0,0.0,36.3569396864,2.42984013667,-2.13880943428,9.15613255441,9.19493774978,8.13893171735
439,30.0,70.0,55.0,0.0,38.8531330887,-11.5479636725,6.19509549451,8.7740234578,10.5737818947,7.11984076501
440,30.0,85.0,55.0,0.0,58.485332234,33.4006718889,17.3426856241,34.3554042677,26.4751427242,14.136118146
441,30.0,100.0,55.0,0.0,67.5305865675,-0.416992296394,18.4125979432,35.880874275,37.3389951007,20.438386044
442,40.0,0.0,55.0,0.0,49.8821338043,13.2688219884,3.81225257735,20.2599078873,18.3201490439,13.6445938648
443,40.0,10.0,55.0,0.0,54.9837539324,-17.6277162441,0.718345112932,18.492692999,22.9141061886,18.575568185
444,40.0,20.0,55.0,0.0,43.950103556,-5.44285406719,-7.24416623551,12.4873419358,13.8037105879,13.9559677182
445,40.0,30.0,55.0,0.0,45.7998755058,5.47905784561,9.5443176701,15.4997877843,15.1212896685,9.41522755618
446,40.0,40.0,55.0,0.0,38.299917133,10.5512490605,11.7295597219,11.2897285265,10.2570750392,5.66405341317
447,40.0,55.0,55.0,0.0,41.0129899245,-1.74222595567,3.19614145904,11.2069632706,11.8726450481,8.87134720248
448,40.0,70.0,55.0,0.0,35.2357582653,0.901913319508,4.81773658229,8.41135225798,8.61679054132,6.00878979424
449,40.0,85.0,55.0,0.0,37.2225070473,-7.39605463715,-3.06578292439,8.44161353085,9.65855187636,8.79505930107
450,40.0,100.0,55.0,0.0,55.9916796866,35.9357984048,32.0715401167,32.0221026225,23.9041305403,8.04487598656
451,55.0,0.0,55.0,0.0,69.5862966587,2.5139033286,-6.29239944853,39.5273142836,40.1641644462,37.5624313934
452,55.0,10.0,55.0,0.0,48.095936642,12.2203088905,16.2183060011,18.523332963,16.8700949632,8.64654472682
453,55.0,20.0,55.0,0.0,57.2188038557,-12.6282644227,-22.1010438058,21.4535520321,25.1474481561,33.666426087
454,55.0,30.0,55.0,0.0,42.3326463092,-8.26054547819,3.08757057336,11.0929674072,12.7163089073,9.55531939336
455,55.0,40.0,55.0,0.0,70.9840899077,14.339693507,12.6047474021,45.5047513328,42.1643591628,26.7346223931
456,55.0,55.0,55.0,0.0,48.2519909815,21.376529506,15.9787003336,20.4818006407,16.9936160434,8.78723426351
457,55.0,70.0,55.0,0.0,60.0622768726,-2.33501041042,-2.48457774084,26.6091965386,28.1925264826,24.60912449
458,55.0,85.0,55.0,0.0,42.4223378086,-2.18012464862,2.66312384307,12.0017417636,12.7750564254,9.72661477292
459,55.0,100.0,55.0,0.0,67.734939701,3.40282065698,7.44624569807,37.3063233894,37.6137096721,26.4765254395
460,70.0,0.0,55.0,0.0,36.9977408702,6.81718273766,14.2411033799,10.044325701,9.53669963438,4.73327624624
461,70.0,10.0,55.0,0.0,58.1113108547,-7.96669842168,-4.05444946553,23.3122868217,26.0783144235,23.6312771793
462,70.0,20.0,55.0,0.0,33.4200805162,-5.47624696932,4.78696541781,6.89626696049,7.73279288511,5.36429140818
463,70.0,30.0,55.0,0.0,38.7291368905,-12.1798482707,-3.51950204751,8.63821439595,10.5022373646,9.67168198646
464,70.0,40.0,55.0,0.0,35.2535445719,2.9304158786,3.55007786274,8.65319611653,8.62576751915,6.2933904825
465,70.0,55.0,55.0,0.0,44.6338588351,-6.57882921506,3.52317568123,12.7575000178,14.2814287405,10.6319960745
466,70.0,70.0,55.0,0.0,37.3405790492,14.878355668,9.88583380207,11.3163388781,9.72297591981,5.70350581103
467,70.0,85.0,55.0,0.0,49.6080884447,0.370255077662,11.0352919974,17.5151203117,18.0924835059,10.9715461307
468,70.0,100.0,55.0,0.0,41.2342472917,-3.35525737276,1.38052961066,11.1163595711,12.0114091062,9.50051014806
469,85.0,0.0,55.0,0.0,63.8072246543,-20.3313305299,-20.5615114877,26.1570487183,32.5651180578,40.8047226775
470,85.0,10.0,55.0,0.0,46.089776343,19.1171519886,12.7497960228,18.1882130214,15.3350896301,8.64918950058
471,85.0,20.0,55.0,0.0,76.8495938958,-6.91825260267,-3.52194143124,46.9307165896,51.2821303243,45.1677269241
472,85.0,30.0,55.0,0.0,52.5543075701,41.9447244714,27.0066844426,29.6401207674,20.6409783439,7.82107319179
473,85.0,40.0,55.0,0.0,39.848284873,-15.547456449,7.7474575298,8.8080050432,11.1597779435,7.15940847111
474,85.0,55.0,55.0,0.0,35.343345247,4.25404446466,-2.60665938566,8.85310298103,8.67118629233,7.80545803351
475,85.0,70.0,55.0,0.0,44.4812725955,-8.01638260997,17.1800456182,12.4453297047,14.1738813926,6.8146527187
476,85.0,85.0,55.0,0.0,36.9483412124,15.3022718856,3.54532108985,11.1415669364,9.51005676044,6.96762879104
477,85.0,100.0,55.0,0.0,49.2185464065,0.00754410971648,26.5703909821,17.1389637869,17.7721257428,6.5316817832
478,100.0,0.0,55.0,0.0,41.656263629,-0.463529565487,-7.51338937903,11.7745241639,12.2790711775,12.606800953
479,100.0,10.0,55.0,0.0,59.842928714,-26.1957584765,4.37772191461,20.9777363687,27.949324616,20.8216622108
480,100.0,20.0,55.0,0.0,45.9995242022,22.5231966869,2.56443793137,18.7683830928,15.2683146822,11.7128558232
481,100.0,30.0,55.0,0.0,74.0748346611,-9.85955478093,24.3417354516,41.7958419686,46.8205437611,23.1649876641
482,100.0,40.0,55.0,0.0,52.3022158631,43.8675640752,15.463699226,29.8610297575,20.4141081967,11.0415463757
483,100.0,55.0,55.0,0.0,42.8503874969,4.6628642823,-19.4490420738,13.2989178648,13.0579202735,18.233162968
484,100.0,70.0,55.0,0.0,57.0003248529,-27.7846262701,24.6222020807,18.2122853669,24.9230053409,10.702393799
485,100.0,85.0,55.0,0.0,47.4512769912,22.5444475115,-10.5540596848,20.0150763598,16.3661728303,17.8012432592
486,100.0,100.0,55.0,0.0,71.410786755,-10.0653877283,50.0402685095,38.0409690148,42.7879145572,10.521875134
487,0.0,0.0,70.0,0.0,53.7695999304,43.1236979049,1.95092505955,31.3635506343,21.7582884719,17.0934649784
488,0.0,10.0,70.0,0.0,51.1433489329,-13.4765248942,-15.8438214949,16.2075748998,19.392554876,23.5108337829
489,0.0,20.0,70.0,0.0,32.9688343942,6.00898934391,6.20175863311,7.89167072747,7.52290075005,4.93734508342
490,0.0,30.0,70.0,0.0,62.8942907063,-2.01509243058,-3.24529660576,29.8009122618,31.4602928099,27.8606438387
491,0.0,40.0,70.0,0.0,44.7969085608,27.9932986393,17.3503376623,18.8240925729,14.3969508493,6.90279503466
492,0.0,55.0,70.0,0.0,55.9816264716,-22.1693752769,-12.0055846129,18.4464606585,23.8941177246,26.0079852524
493,0.0,70.0,70.0,0.0,43.7580930599,12.5796835719,7.5985746528,15.210802134,13.6715017724,8.9641593417
494,0.0,85.0,70.0,0.0,68.5692301585,-7.42084773974,3.47421968162,35.1298216666,38.7492377601,29.7407755326
495,0.0,100.0,70.0,0.0,49.45170512,37.0157861444,20.926933694,25.0740421759,17.9634160045,8.01052328878
496,10.0,0.0,70.0,0.0,42.9980454985,5.79526352995,-19.6589860813,13.5739784742,13.1564556394,18.4441133918
497,10.0,10.0,70.0,0.0,55.1268729657,28.9249560572,13.2921408599,29.1341441627,23.0529856256,13.4822067453
498,10.0,20.0,70.0,0.0,45.3039422853,-11.355870252,-1.34668267097,12.4758675866,14.7601660531,12.650144343
499,10.0,30.0,70.0,0.0,54.0240711275,5.88201016814,34.0941052058,22.4762899698,21.997235387,6.70702646015
500,10.0,40.0,70.0,0.0,45.1435559484,-14.8257071707,-13.9620984414,11.8700849258,14.6446200984,17.5483310623
501,10.0,55.0,70.0,0.0,43.9158984366,-20.3340255827,9.2526345365,10.3900066617,13.780096539,8.58033549509
502,10.0,70.0,70.0,0.0,55.5744661399,6.193702053,10.3251761429,24.0440913796,23.4909393983,14.9130259612
503,10.0,85.0,70.0,0.0,40.363369396,-10.7464759074,4.94053845899,9.65787768525,11.4714119022,8.09364591597
504,10.0,100.0,70.0,0.0,55.2639065523,38.2366875608,15.6422118571,31.7906946492,23.18648468,12.7152978605
505,20.0,0.0,70.0,0.0,44.0674864742,4.60905073113,-16.2464178379,14.1170537609,13.8849528748,17.7382038699
506,20.0,10.0,70.0,0.0,37.4176492422,-0.417231004318,-3.2925490687,9.36542486651,9.76518214708,8.95270192497
507,20.0,20.0,70.0,0.0,53.2470839717,32.9400479469,11.7504643351,28.0822471144,21.2730862853,12.8633153658
508,20.0,30.0,70.0,0.0,45.2685905456,-13.6843644437,5.7000249646,12.1122830476,14.7346458328,10.2938557597
509,20.0,40.0,70.0,0.0,67.4420406988,8.39629238447,20.5638690961,38.464225801,37.2203783014,19.3342090195
510,20.0,55.0,70.0,0.0,44.4148087004,-18.657348778,0.466362612198,10.8995034129,14.1272049685,11.5005567183
511,20.0,70.0,70.0,0.0,42.0522827101,26.3872914071,7.09591616694,16.3273727848,12.5338339568,8.29443830349
512,20.0,85.0,70.0,0.0,52.9987460938,-5.59148784006,27.5841216551,19.1704155721,21.0450338,7.86976126069
513,20.0,100.0,70.0,0.0,38.7280845114,14.2293949521,0.148308839486,12.0719753532,10.501631538,8.62415119705
514,30.0,0.0,70.0,0.0,45.1643533424,-15.7664678611,13.8316706733,11.7486455931,14.659568863,7.93319890956
515,30.0,10.0,70.0,0.0,36.5794053848,2.11207846638,-6.00011119882,9.23355564602,9.312644907,9.31283700118
516,30.0,20.0,70.0,0.0,66.2649121271,3.13113092298,24.9454996745,35.3129903842,35.6672763537,16.4724156637
517,30.0,30.0,70.0,0.0,53.6477541349,40.6980857922,21.3628988369,30.5630155092,21.6444912588,9.92263502876
518,30.0,40.0,70.0,0.0,55.9698406537,-10.6521616441,10.4369462737,20.737828545,23.8823828294,15.1396458795
519,30.0,55.0,70.0,0.0,46.505654908,15.7769291429,6.43197405388,17.8952995784,15.6453024064,10.7328582298
520,30.0,70.0,70.0,0.0,46.3744431789,-20.3581593691,-2.71852281102,11.8376283496,15.5469813408,13.8255004115
521,30.0,85.0,70.0,0.0,50.3089721726,34.9672160507,19.8086080929,25.4641491078,18.6785397413,8.70866626708
522,30.0,100.0,70.0,0.0,32.987467493,0.711289402688,3.96770539489,7.33622653065,7.53149162008,5.37898799334
523,40.0,0.0,70.0,0.0,43.6692456071,10.846759091,5.82136255878,14.8561987997,13.6106126287,9.42963484457
524,40.0,10.0,70.0,0.0,59.2839246398,-18.5972533036,-15.3531312401,22.0825362797,27.3358628093,31.5425705419
525,40.0,20.0,70.0,0.0,50.282620799,36.2214844307,21.2505863433,25.7367641826,18.6562798758,8.30395917421
526,40.0,30.0,70.0,0.0,72.0135472609,-12.4696292756,5.25748911257,38.1013336573,43.6791931313,32.4222398698
527,40.0,40.0,70.0,0.0,43.6152257494,12.4298295328,7.88723037577,15.0818402406,13.5736801393,8.81424831154
528,40.0,55.0,70.0,0.0,58.104339802,-26.6148088787,-12.0251365759,19.3649072451,26.0709561861,28.1746734684
529,40.0,70.0,70.0,0.0,55.3584008876,-29.9743966037,-0.834397821951,16.5037133446,23.2788413043,19.6009292506
530,40.0,85.0,70.0,0.0,64.0908820831,-4.22276016495,14.0182531114,30.5879376861,32.9135905941,19.6976244118
531,40.0,100.0,70.0,0.0,48.620651211,-13.4009109016,-4.69031469448,14.3783207598,17.2878116852,16.1426331942
532,55.0,0.0,70.0,0.0,43.4512863885,16.9209524844,-2.10029251467,15.7264320504,13.4620066537,11.8044388132
533,55.0,10.0,70.0,0.0,37.6195144105,3.2324468907,5.31323443773,9.92889416438,9.87630883828,6.82315174611
534,55.0,20.0,70.0,0.0,38.4211550514,6.23610087384,-4.98112514502,10.7726860524,10.32593288,9.95018115614
535,55.0,30.0,70.0,0.0,43.5604455969,14.5707630489,14.8159145024,15.4040288785,13.5362961385,6.99854494502
536,55.0,40.0,70.0,0.0,42.578404821,-4.05904360887,-4.67104763359,11.8286103317,12.8777104325,12.1689512485
537,55.0,55.0,70.0,0.0,65.4442403277,3.94014657961,16.9625671482,34.5111341625,34.6104433583,19.4080722331
538,55.0,70.0,70.0,0.0,58.1398030838,-22.3308713361,2.75189698595,20.2586214915,26.1084035554,20.1806058486
539,55.0,85.0,70.0,0.0,47.0710175927,-15.8872862449,4.36369238701,12.9380910239,16.0736884492,11.7290794368
540,55.0,100.0,70.0,0.0,62.16193345,-0.222447511083,13.1099903981,29.4416127977,30.592284792,18.5684817465
541,70.0,0.0,70.0,0.0,47.5828294029,-8.76480162622,-5.41395588352,14.4048130429,16.4681791172,15.7021907477
542,70.0,10.0,70.0,0.0,49.5984080063,22.7906745049,6.2148992044,22.004667208,18.0844760787,12.5944472244
543,70.0,20.0,70.0,0.0,38.0435884351,5.00428188133,-0.23000771508,10.3934953323,10.1125007371,8.40581310413
544,70.0,30.0,70.0,0.0,37.4848312607,-4.24840200294,3.08819189685,8.93911157436,9.80207276809,7.30209352731
545,70.0,40.0,70.0,0.0,43.9162087894,-8.8716524951,-3.46784745089,11.9653711599,13.7803106749,12.5541396343
546,70.0,55.0,70.0,0.0,40.4768342197,8.10969549548,10.2987758249,12.2784566672,11.5408305911,6.80927091403
547,70.0,70.0,70.0,0.0,51.1998381999,1.43011873395,6.29555036515,19.0264544976,19.4415422947,13.5659212856
548,70.0,85.0,70.0,0.0,44.1924730736,21.0568371014,18.9171776674,17.0267603441,13.9718075121,6.30337827732
549,70.0,100.0,70.0,0.0,56.0539215679,-23.0145654776,10.5988279338,18.3441581517,23.9661845766,15.1328871099
550,85.0,0.0,70.0,0.0,52.72803692,6.14264316179,12.1853749182,21.32933975,20.798300575,12.3924329987
551,85.0,10.0,70.0,0.0,69.5526124717,-5.96193831101,31.1844011907,36.8383023554,40.1167608938,16.2324232339
552,85.0,20.0,70.0,0.0,62.1194250029,25.7924724926,27.887996363,36.7514967454,30.5423989966,12.5643759532
553,85.0,30.0,70.0,0.0,65.5009348649,-4.88047824499,22.196528316,32.0698181468,34.6827722048,17.0851621955
554,85.0,40.0,70.0,0.0,43.330117373,-6.5941684118,4.18366558399,11.9295993966,13.3798626376,9.73989044956
555,85.0,55.0,70.0,0.0,59.0713376851,-10.9676742996,-12.2912998187,23.5685285591,27.1049428558,29.3599367859
556,85.0,70.0,70.0,0.0,50.6977556733,17.1394041001,19.038330329,21.8080615582,19.0090185201,9.11296856004
557,85.0,85.0,70.0,0.0,36.7541998614,0.939664227704,4.33866665375,9.18291005262,9.40583061247,6.70233582895
558,85.0,100.0,70.0,0.0,43.5828370493,2.97688824591,5.58258389142,13.5274191631,13.5515685877,9.4558324246
559,100.0,0.0,70.0,0.0,57.2627918735,-5.33528332698,-11.8297751022,23.0826764344,25.192799256,27.190920354
560,100.0,10.0,70.0,0.0,49.7872647852,28.3220103156,19.5075273592,23.4042859605,18.2411209541,8.54430034329
561,100.0,20.0,70.0,0.0,68.0138994228,10.8323190594,2.46197200213,40.0212964162,37.9908893141,29.7751280609
562,100.0,30.0,70.0,0.0,48.6581429555,28.8711554221,-7.22935932771,22.4456571826,17.3179193826,17.2531755759
563,100.0,40.0,70.0,0.0,47.0550287348,7.52560428152,-0.753796004263,16.810504638,16.0614672364,13.529968733
564,100.0,55.0,70.0,0.0,53.4796189339,-4.65045002603,1.80361704953,19.7705234184,21.4881148178,16.941103655
565,100.0,70.0,70.0,0.0,47.021757351,-5.71100619497,20.7615994224,14.5085580692,16.036055846,7.00382512805
566,100.0,85.0,70.0,0.0,53.5376878183,-7.87073938099,-5.13117836854,19.1790436713,21.5420371347,20.1556365764
567,100.0,100.0,70.0,0.0,51.4559099626,-11.1796548509,22.4055034815,16.8582263337,19.6646421582,8.53856971611
568,0.0,0.0,85.0,0.0,49.0793996576,-3.48253700475,1.35046857726,16.4017643312,17.6586153402,14.050426238
569,0.0,10.0,85.0,0.0,45.5133310369,0.0420363887532,14.6502927775,14.3863470614,14.9119269787,7.87698243251
570,0.0,20.0,85.0,0.0,48.2947502828,17.8780937269,2.5320873267,19.806750783,17.027566065,13.1085956579
571,0.0,30.0,85.0,0.0,47.6852908675,24.9631885484,16.0451153098,20.7183300606,16.5479211327,8.50024930333
572,0.0,40.0,85.0,0.0,39.7925087869,13.0629352868,3.47161126334,12.5741950588,11.1263752724,8.22190748176
573,0.0,55.0,85.0,0.0,46.4658709215,10.2173392081,-1.47363954276,16.8380111539,15.6154473597,13.4205320289
574,0.0,70.0,85.0,0.0,51.117767086,0.514271196035,1.27476229265,18.778579908,19.3703974298,15.4602132074
575,0.0,85.0,85.0,0.0,56.2364735923,-9.43471029721,4.46376530277,21.2332473274,24.1488048659,17.8587659523
576,0.0,100.0,85.0,0.0,50.7331821023,-9.95974759435,11.0709570513,16.5176930851,19.0393244602,11.5970309559
577,10.0,0.0,85.0,0.0,51.1190986098,12.6894435225,9.26680029471,21.2472809365,19.3715502985,12.4430488118
578,10.0,10.0,85.0,0.0,47.2013360038,6.02908249995,20.4378505486,16.6546489403,16.1735296457,7.15632368897
579,10.0,20.0,85.0,0.0,45.2242173914,2.56065578625,1.37203347504,14.5944322471,14.7026547606,11.6643125095
580,10.0,30.0,85.0,0.0,40.7330743228,-6.07169688368,8.61888537956,10.4613407188,11.6986295076,7.3192445925
581,10.0,40.0,85.0,0.0,39.3220946569,-6.06204950632,-6.36747985673,9.68237672317,10.8473056723,10.8649421868
582,10.0,55.0,85.0,0.0,60.7656489928,3.64223505367,20.0521084993,28.8801984061,28.9818970883,14.607867362
583,10.0,70.0,85.0,0.0,69.6743877402,14.697155617,35.8169461386,43.6754360234,40.2883109881,14.4504161398
584,10.0,85.0,85.0,0.0,63.0486157477,4.20589503958,25.9129856087,31.6594423833,31.645272517,13.8695832439
585,10.0,100.0,85.0,0.0,57.481311082,-5.34567489977,15.853354196,23.29107663,25.4188982089,14.0440272804
586,20.0,0.0,85.0,0.0,51.4596267352,-15.7310935423,4.74989619687,16.0510242856,19.6678928606,14.3199751034
587,20.0,10.0,85.0,0.0,63.0347527841,13.0242480368,37.9600817005,34.1329077086,31.6286262927,9.79870807382
588,20.0,20.0,85.0,0.0,58.7621605463,17.5104476997,-2.61443832042,30.2566834017,26.7714295812,23.4607595459
589,20.0,30.0,85.0,0.0,51.6194617319,-6.75614771319,17.5292861582,17.8030687125,19.8080243111,10.024466908
590,20.0,40.0,85.0,0.0,49.9789774152,-1.43115181275,-15.9387337366,17.4775243389,18.4010571081,22.5006292479
591,20.0,55.0,85.0,0.0,61.890387173,25.839674196,37.1699673429,36.4663380908,30.2745446762,9.4492223713
592,20.0,70.0,85.0,0.0,59.8750170607,7.61944207045,0.446764720204,28.9160258049,27.9848148245,22.854635917
593,20.0,85.0,85.0,0.0,52.1308941977,6.51966872434,18.8129595002,20.8678266535,20.2608797604,9.9029464913
594,20.0,100.0,85.0,0.0,32.9346147172,-0.242741955276,3.52072880124,7.21413876814,7.50714064154,5.45064327249
595,30.0,0.0,85.0,0.0,70.5204489818,-14.4124137198,19.7333233183,35.5502280017,41.4937155777,22.3677949287
596,30.0,10.0,85.0,0.0,52.2533157695,-20.6426669113,-3.56234450106,15.7914871601,20.3702939248,18.3806942839
597,30.0,20.0,85.0,0.0,58.7950438855,5.70397483142,10.6453589393,27.2461173846,26.8067705046,17.0805224986
598,30.0,30.0,85.0,0.0,38.9033347885,4.4889395464,-10.1253811754,10.8171960577,10.602839913,11.8667714991
599,30.0,40.0,85.0,0.0,41.0281057302,19.517837742,13.7731133839,14.4096220904,11.882090905,6.23416733551
600,30.0,55.0,85.0,0.0,41.3517444177,20.6008585765,3.10222482856,14.8171369261,12.085536332,9.06243255922
601,30.0,70.0,85.0,0.0,39.2871360499,0.0865512694592,5.51205981877,10.4515726648,10.8267550881,7.47139418171
602,30.0,85.0,85.0,0.0,48.7209248993,7.34539853967,4.27232755868,18.1063981563,17.3684145857,12.7469436805
603,30.0,100.0,85.0,0.0,53.5886758546,-13.7650089303,0.0369719809505,18.0819881465,21.5894585454,17.7970989397
604,40.0,0.0,85.0,0.0,71.378220189,-5.61944521801,20.9419431953,39.3967060753,42.7401079969,22.5082128595
605,40.0,10.0,85.0,0.0,55.772944081,-5.51059105757,16.5369826296,21.6422153619,23.686904854,12.709208437
606,40.0,20.0,85.0,0.0,51.0821514646,-17.4991027087,-4.1948897844,15.4639426674,19.339577451,17.7571857724
607,40.0,30.0,85.0,0.0,56.5670915607,11.0297692768,9.20552206835,26.1943131732,24.4819036232,16.0614023027
608,40.0,40.0,85.0,0.0,43.3844092988,0.149759890586,-6.49741291012,12.9603173297,13.4166272764,13.3142012769
609,40.0,55.0,85.0,0.0,41.0845720563,19.8831667174,7.28497213941,14.5090256792,11.917420988,7.80726596269
610,40.0,70.0,85.0,0.0,47.861561939,-21.0929353409,11.2629245016,12.667341159,16.6857080902,9.96000679779
611,40.0,85.0,85.0,0.0,43.4935585661,-3.40989028095,-1.00513389707,12.4969848965,13.4907431083,11.4617174204
612,40.0,100.0,85.0,0.0,57.0233054379,-13.509892998,14.3442354144,21.0893367962,24.9465501223,14.3192859175
613,55.0,0.0,85.0,0.0,50.4620073396,20.552988243,13.0667964369,22.3270108506,18.8081636307,10.7922177701
614,55.0,10.0,85.0,0.0,68.7700640716,4.43679095682,33.5111145961,39.0201556838,39.025957436,14.7416182627
615,55.0,20.0,85.0,0.0,37.5249878932,1.3040964615,-10.8178368785,9.63495758403,9.82416765901,11.3037896667
616,55.0,30.0,85.0,0.0,42.5230324727,-11.9698579787,12.5683019064,10.702321112,12.8412262414,7.10877907155
617,55.0,40.0,85.0,0.0,40.4903436361,10.3378105408,-4.94471061914,12.6163143157,11.549114369,11.0555123467
618,55.0,55.0,85.0,0.0,49.2803985608,-0.644647373617,26.3194477609,17.0685369772,17.8227380529,6.61361573168
619,55.0,70.0,85.0,0.0,44.8021598787,21.7558246906,2.22193948705,17.6398106354,14.4006817708,11.1424346162
620,55.0,85.0,85.0,0.0,50.4976701452,-23.7293863487,11.1689537113,14.0173056092,18.8384566609,11.4292045009
621,55.0,100.0,85.0,0.0,48.1380907539,8.66297947404,-12.8045362625,17.8806982674,16.9034018331,19.3745669319
622,70.0,0.0,85.0,0.0,63.1222267589,-5.04152467842,32.8614780748,29.2636133897,31.7337602291,11.4537253282
623,70.0,10.0,85.0,0.0,56.0788347882,30.5657153612,0.839751243933,30.6562843438,23.9910526736,19.3965507238
624,70.0,20.0,85.0,0.0,51.5874163302,-15.2104274979,14.401979936,16.2393455359,19.7798761133,10.986367418
625,70.0,30.0,85.0,0.0,46.2846767802,14.8646527336,-10.9333243359,17.5465641043,15.4799544173,17.0844574974
626,70.0,40.0,85.0,0.0,62.9946142199,5.05483813657,34.9929564134,31.8294122196,31.5804620496,10.6910529374
627,70.0,55.0,85.0,0.0,52.3655636013,36.3225481381,2.07831321,27.9763392453,20.4709608472,16.0128950759
628,70.0,70.0,85.0,0.0,46.4166922189,30.3502438675,0.179362881255,20.7015142141,15.5785947717,12.7898058202
629,70.0,85.0,85.0,0.0,41.960734587,-3.56585283213,-2.96491901884,11.5214663148,12.4746300625,11.2364713163
630,70.0,100.0,85.0,0.0,63.7102319452,14.2299006816,18.2471346525,35.3388260265,32.4465294769,17.4612837616
631,85.0,0.0,85.0,0.0,41.66005799,-15.9961834348,9.19186822241,9.70029814399,12.2814955955,7.57454817413
632,85.0,10.0,85.0,0.0,63.109487247,0.380618085487,4.23965353649,30.6884851313,31.7184342881,23.8056375926
633,85.0,20.0,85.0,0.0,58.9569787522,-0.655098052028,35.7454314214,25.8599728201,26.9812615831,8.42800527018
634,85.0,30.0,85.0,0.0,42.9312172345,-11.6895940601,-6.97730503871,10.9771845008,13.1117985217,13.2039161005
635,85.0,40.0,85.0,0.0,51.3480648529,11.6013689482,26.2673038207,21.2259382661,19.5704763494,7.48124681664
636,85.0,55.0,85.0,0.0,42.530461385,-4.55013115456,1.06933314513,11.729226143,12.846117057,10.2660014198
637,85.0,70.0,85.0,0.0,47.3888247651,29.8570908485,1.6160264869,21.4779391069,16.3178949251,12.8755051641
638,85.0,85.0,85.0,0.0,43.0190667002,26.0082612829,10.7182041584,17.0073992104,13.1705237187,7.78213395644
639,85.0,100.0,85.0,0.0,42.0832856909,-5.44031027002,2.61184330214,11.3335492373,12.5539258684,9.56879188997
640,100.0,0.0,85.0,0.0,60.546060362,20.0114009493,15.8505791022,33.0615416505,28.7338991358,16.1510419857
641,100.0,10.0,85.0,0.0,48.3263444726,-21.6616243632,9.65308252885,12.88305779,17.0526802409,10.7068283059
642,100.0,20.0,85.0,0.0,59.6493813558,-0.511791878141,22.1730271766,26.61986466,27.7358943743,13.0853779845
643,100.0,30.0,85.0,0.0,76.833854569,-6.33239733244,41.3151621738,47.116399649,51.2560555936,17.2681317487
644,100.0,40.0,85.0,0.0,50.9486077614,37.5890152977,9.3472032345,26.7666919343,19.2243065175,12.3122416121
645,100.0,55.0,85.0,0.0,62.0764615014,-23.5221076458,19.6348197275,23.6588161998,30.4920343071,15.6777349818
646,100.0,70.0,85.0,0.0,44.6627965212,15.6424407475,-3.33737018113,16.417380877,14.3018860613,12.9666032657
647,100.0,85.0,85.0,0.0,56.2146227251,-20.3875847155,-18.24964871,18.9868218682,24.1268971217,30.0066083412
648,100.0,100.0,85.0,0.0,41.7387790025,25.9679213566,16.9080807503,16.0158266368,12.3318666333,5.82122249859
649,0.0,0.0,100.0,0.0,56.7573982902,-3.75903955972,-0.399687524061,22.9486182007,24.6750200886,20.5547006908
650,0.0,10.0,100.0,0.0,37.9090987314,11.0877313516,9.07452682214,11.131503308,10.0371923282,6.08517470935
651,0.0,20.0,100.0,0.0,45.8872863213,-12.4815932018,-11.1153166395,12.6825277706,15.185543908,16.8674259697
652,0.0,30.0,100.0,0.0,35.835543536,-2.52744040277,2.72413269925,8.31566428021,8.92296116337,6.70945190259
653,0.0,40.0,100.0,0.0,75.5942738226,-6.13756316577,53.9780559259,45.2926415801,49.2301324051,11.5826008707
654,0.0,55.0,100.0,0.0,46.9067011384,24.7414916282,12.9780439021,19.9846138803,15.9483870051,8.97802105772
655,0.0,70.0,100.0,0.0,60.2885361753,-24.9020946158,27.6701371383,21.657658295,28.4448650377,11.5554491511
656,0.0,85.0,100.0,0.0,32.4225513698,-1.10793460897,3.09436730133,6.90310939799,7.27392867079,5.35883430975
657,0.0,100.0,100.0,0.0,76.3783212809,4.19116391681,54.7429424492,50.2560774245,50.5052156685,11.7799158725
658,10.0,0.0,100.0,0.0,48.7882721221,28.5807512553,-4.06859691587,22.5049298604,17.4226906374,16.0042534009
659,10.0,10.0,100.0,0.0,62.9256704357,-13.8535557215,31.9584324398,26.8116972882,31.4978471695,11.6419405234
660,10.0,20.0,100.0,0.0,42.955547771,3.43563497025,-20.6027305322,13.1797448553,13.1280453686,18.8437807273
661,10.0,30.0,100.0,0.0,68.5646958689,-3.31244436926,6.83352071338,36.3504140629,38.7430053215,27.6796398822
662,10.0,40.0,100.0,0.0,65.6745161829,0.957388265902,5.27854177021,33.9339448335,34.9048474165,25.681330586
663,10.0,55.0,100.0,0.0,33.526089701,-1.60274981516,3.50397526822,7.3370169103,7.78266168711,5.66298435092
664,10.0,70.0,100.0,0.0,65.4791250734,1.67784285117,0.439166350782,33.8988461128,34.654936145,28.3266173237
665,10.0,85.0,100.0,0.0,33.4701397093,2.39093441815,-5.46644017314,7.73380620638,7.75631508118,7.71079914848
666,10.0,100.0,100.0,0.0,38.6044010301,-14.0724423219,9.24915116272,8.35975504343,10.4305924096,6.3108281338
667,20.0,0.0,100.0,0.0,37.9001902624,17.942610171,13.3249162524,12.0929394694,10.0322172177,5.20311869645
668,20.0,10.0,100.0,0.0,37.2684990912,2.84946350293,-1.70548569723,9.68985405933,9.68361273196,8.44342637276
669,20.0,20.0,100.0,0.0,41.5272101121,-6.0509341716,8.75164381978,10.9211410816,12.1968019033,7.62786039765
670,20.0,30.0,100.0,0.0,41.3023005553,7.98409514016,12.1718429859,12.7879830521,12.0543058653,6.70428053616
671,20.0,40.0,100.0,0.0,48.1034939197,-25.8556588037,14.2237625173,12.1192667373,16.876062909,9.21066862884
672,20.0,55.0,100.0,0.0,41.4473988425,8.51909591586,-12.3666697119,12.9633769871,12.1461080309,14.2638663014
673,20.0,70.0,100.0,0.0,57.3162204004,-14.3182466696,32.0821334195,21.1848746329,25.2479566955,8.65568496503
674,20.0,85.0,100.0,0.0,45.5489074637,26.4646359546,-2.58536762993,19.1595290456,14.9378150238,13.2482245013
675,20.0,100.0,100.0,0.0,67.4238513334,-0.430323587835,51.346288114,35.7393654081,37.1960428171,8.15970237863
676,30.0,0.0,100.0,0.0,61.6318831951,-0.960739882411,42.5790238905,28.6556643021,29.9741168873,7.84132801089
677,30.0,10.0,100.0,0.0,62.3386979763,-0.978230297339,36.956376349,29.4432218227,30.8003094336,9.74010014143
678,30.0,20.0,100.0,0.0,32.0826325995,2.51322788101,-3.88988967867,7.12041349967,7.12181595347,6.74283922977
679,30.0,30.0,100.0,0.0,55.3751150695,16.6081272041,29.9844817491,26.3013640985,23.2952028507,8.3163549276
680,30.0,40.0,100.0,0.0,51.6899535941,31.9757115086,-4.68799494577,26.1758246354,19.8700372557,18.4509782869
681,30.0,55.0,100.0,0.0,44.59091346,-9.96759671549,8.01959237371,12.228123189,14.2511047419,9.2531999003
682,30.0,70.0,100.0,0.0,31.9448109888,0.487020909075,0.152427861319,6.85690140178,7.06075049109,5.79368922802
683,30.0,85.0,100.0,0.0,56.0813369074,14.8778038544,25.105957918,26.6223407136,23.9935512111,10.059791643
684,30.0,100.0,100.0,0.0,50.3886249771,28.1442513774,5.35369967423,23.9520190266,18.7459327022,13.3969545703
685,40.0,0.0,100.0,0.0,45.0393421406,-11.583806926,3.57063208569,12.2744271642,14.5698662579,10.8390827975
686,40.0,10.0,100.0,0.0,41.7461179811,1.29069759069,-7.12760163381,12.0821233209,12.3365696151,12.5253142144
687,40.0,20.0,100.0,0.0,60.5213961652,-18.2107441114,-0.336675778069,23.3446912279,28.7061327083,23.8673521055
688,40.0,30.0,100.0,0.0,47.6086700678,25.7114482069,5.06772906895,20.80520696,16.4882657509,11.8043986312
689,40.0,40.0,100.0,0.0,73.6898308336,-1.33118488465,17.9794025352,44.113530885,46.2227358352,26.3224592551
690,40.0,55.0,100.0,0.0,42.1586555875,1.35192277322,-2.78734325958,12.3505648487,12.6028598985,11.2901745207
691,40.0,70.0,100.0,0.0,63.7779333908,-13.3672076595,-18.0862933701,27.8501278167,32.5292745584,38.8808960538
692,40.0,85.0,100.0,0.0,47.3436380968,26.5721911072,9.28094190326,20.7466448528,16.2830232038,10.2928518806
693,40.0,100.0,100.0,0.0,75.6661334712,1.01635618169,-2.02378906719,47.9523748818,49.3460928044,42.2999126775
694,55.0,0.0,100.0,0.0,77.6293736384,-2.51875416047,1.38016669856,49.7640468192,52.5850615363,42.2848048988
695,55.0,10.0,100.0,0.0,35.6826039344,1.27813362156,4.94573940792,8.67607492742,8.8442129791,6.14851499173
696,55.0,20.0,100.0,0.0,75.5728702338,0.224970652527,0.377807749796,47.5202937601,49.195628437,40.3008366899
697,55.0,30.0,100.0,0.0,41.0926493221,-0.589614626144,3.77837382331,11.4143573336,11.922480523,8.74742797923
698,55.0,40.0,100.0,0.0,77.2833150832,-2.97708529193,5.72692732728,49.0417015438,52.0041433778,38.4864596967
699,55.0,55.0,100.0,0.0,58.9533759882,-0.505784072068,3.34500762211,25.8921756278,26.9773712537,20.5750295682
700,55.0,70.0,100.0,0.0,75.178337075,-0.080883516953,4.64203031315,46.7997017851,48.5624997532,36.6233557382
701,55.0,85.0,100.0,0.0,37.4332797864,-8.86378837036,-6.72761654004,8.37798262524,9.7737568287,9.96325509975
702,55.0,100.0,100.0,0.0,36.4073390734,17.6538657743,3.50844574391,11.1442693893,9.22151677433,6.75637926942
703,70.0,0.0,100.0,0.0,46.7672270605,0.0905359718216,26.882015087,15.2922363776,15.84254176,5.54994845481
704,70.0,10.0,100.0,0.0,66.5311597176,8.24182894837,1.68492542742,37.1990019438,36.0147061572,28.6727463244
705,70.0,20.0,100.0,0.0,47.8448359583,17.7652256344,21.1542011638,19.3962800332,16.6726010631,7.25208421212
706,70.0,30.0,100.0,0.0,56.9454534091,-3.17696326438,-9.52286525648,23.2594467536,24.8668466756,25.5402220232
707,70.0,40.0,100.0,0.0,41.7867596837,-0.802433008229,8.4346176339,11.8063911042,12.3626353749,7.82295910836
708,70.0,55.0,100.0,0.0,47.8384596353,-12.6092222275,-19.3118524953,13.9626801032,16.6676061748,22.3358228272
709,70.0,70.0,100.0,0.0,69.9896633594,-2.83634790698,0.679584992995,38.3854279174,40.734724042,33.1503336136
710,70.0,85.0,100.0,0.0,56.2707797984,12.1546444978,7.41474764908,26.1573636378,24.1832271186,16.5993540026
711,70.0,100.0,100.0,0.0,65.1827933495,16.6960461256,-3.91154945665,38.0150306661,34.2781996408,30.7211422712
712,85.0,0.0,100.0,0.0,57.3903332677,-4.09642434366,29.4863991358,23.4839370781,25.3246010161,9.42730653168
713,85.0,10.0,100.0,0.0,32.9235405637,3.46868879845,-2.38155957156,7.59707599942,7.50204508194,6.72921633528
714,85.0,20.0,100.0,0.0,39.1111761251,7.31382981625,16.6022836855,11.3256829159,10.7237102364,4.97335490442
715,85.0,30.0,100.0,0.0,63.8330723396,14.969920418,12.7127395193,35.7163085424,32.5967695369,20.110568082
716,85.0,40.0,100.0,0.0,57.5051047919,-5.11741931363,23.0511231952,23.3653888873,25.4435986018,11.4954720512
717,85.0,55.0,100.0,0.0,32.8586732502,0.847321869333,1.63167456488,7.29277446731,7.47224393336,5.81401508982
718,85.0,70.0,100.0,0.0,37.5105463383,6.89783117074,14.3387317403,10.3406399945,9.8162178405,4.87954972128
719,85.0,85.0,100.0,0.0,52.2203047886,32.4877060853,21.6356648242,26.860391611,20.3407517027,9.12087702758
720,85.0,100.0,100.0,0.0,62.1875189111,0.879325451516,6.16482710661,29.7607278424,30.6223367849,21.9563262582
721,100.0,0.0,100.0,0.0,32.8538730546,1.88114691245,3.67252975765,7.39810708739,7.47004178339,5.3919973788
722,100.0,10.0,100.0,0.0,33.360735774,-4.13334209501,0.61454142664,7.00520422949,7.70496918926,6.22067709108
723,100.0,20.0,100.0,0.0,52.5190422848,32.7985427183,24.0088524395,27.2567906824,20.6091407118,8.60136920144
724,100.0,30.0,100.0,0.0,64.0755540439,4.08277572476,-10.3913554148,32.8592252332,32.894696898,33.7429411412
725,100.0,40.0,100.0,0.0,33.2468392703,2.67212742245,4.43532392916,7.6607279903,7.65175610408,5.37489415686
726,100.0,55.0,100.0,0.0,31.9915095422,-1.19780820281,-3.76001423022,6.71063010174,7.08140224178,6.67617228248
727,100.0,70.0,100.0,0.0,45.0818808765,4.01652943903,-5.78378102208,14.7332824164,14.6003490106,14.1426352924
728,100.0,85.0,100.0,0.0,59.9812104662,-1.44353014225,21.4739837686,26.7423471169,28.102480591,13.5517606669
729,100.0,100.0,100.0,0.0,59.6552853449,0.33445849741,22.1068732746,26.8342625689,27.7423887512,13.1130774507
730,0.0,0.0,0.0,20.0,58.5994190626,-0.526117459658,20.808215735,25.5216688904,26.5969825694,12.9245060284
731,0.0,10.0,0.0,20.0,51.5177124902,-9.8938461987,10.7889686295,17.1405748707,19.7187414239,12.1525767749
732,0.0,20.0,0.0,20.0,50.8874348615,11.0971556997,15.2763065515,20.7051143642,19.1716572217,10.3283125491
733,0.0,40.0,0.0,20.0,78.703260253,0.144547633798,0.147142046421,52.5281760169,54.4152743518,44.7770216002
734,0.0,70.0,0.0,20.0,80.6377358555,-3.3696370866,5.99840185258,54.4118995273,57.8184268476,42.7370735105
735,0.0,100.0,0.0,20.0,42.4999932689,-4.49816994372,3.09551654531,11.7179567367,12.8260663038,9.6380632111
736,10.0,0.0,0.0,20.0,78.5806330361,-0.363724989133,4.32008539145,52.1290677896,54.2041678794,41.262923166
737,10.0,10.0,0.0,20.0,43.1229946696,-14.478110142,8.69367667587,10.7127190605,13.2402231024,8.3610543053
738,10.0,20.0,0.0,20.0,47.9010134496,-3.29638831271,-15.1232834959,15.5479318977,16.7166507942,20.2883002855
739,10.0,40.0,0.0,20.0,49.8409331145,-0.551690599926,21.8946463602,17.5302844681,18.2857999358,7.93322303691
740,10.0,70.0,0.0,20.0,56.5257635164,9.52417274562,-4.19186092399,25.7878328485,24.4400990094,22.2624202274
741,10.0,100.0,0.0,20.0,57.4103784599,14.655116094,37.3733976658,27.995984548,25.3453575028,7.31911175012
742,20.0,0.0,0.0,20.0,59.6971151972,3.24230330104,34.4101777001,27.6030641842,27.7884305482,9.15413934694
743,20.0,10.0,0.0,20.0,64.8317285758,-4.43848852174,40.229811255,31.3962346881,33.8354246153,10.0485450417
744,20.0,20.0,0.0,20.0,52.6597185957,-10.4219088414,-23.9567169725,17.956981292,20.7363392646,29.741242101
745,20.0,40.0,0.0,20.0,39.231999391,-5.90605151649,15.1002623248,9.65336506474,10.7943955186,5.30592272208
746,20.0,70.0,0.0,20.0,66.4937639162,0.134890845581,-9.82138982386,34.7211240076,35.9657723249,36.2573101415
747,20.0,100.0,0.0,20.0,52.0728750156,-27.3957746179,16.0509287229,14.5228496488,20.2091623016,10.7264096291
748,40.0,0.0,0.0,20.0,50.3551136382,-15.2648051658,-9.03787340795,15.3108372795,18.7175595769,19.4008598052
749,40.0,10.0,0.0,20.0,38.0512132139,-5.59340375547,12.1009400573,9.06966327545,10.1167815295,5.49963526156
750,40.0,20.0,0.0,20.0,64.4937807738,-3.76477112893,7.76563419454,31.1823299235,33.4128108419,23.1952711501
751,40.0,40.0,0.0,20.0,52.1138468991,-27.8173106413,10.2887703477,14.4827718929,20.2456749026,12.6876775703
752,40.0,70.0,0.0,20.0,32.4673545431,-1.51831414766,0.137350236592,6.88145989857,7.29413805919,5.98879915853
753,40.0,100.0,0.0,20.0,59.9126288945,-0.788051206317,27.1444016181,26.8309900934,28.0264523263,11.5146498733
754,70.0,0.0,0.0,20.0,55.8352130628,11.6858662,3.1669367444,25.5926421783,23.7486094205,18.130057886
755,70.0,10.0,0.0,20.0,34.1876112864,-5.36211236544,3.91855150139,7.24309222777,8.098705548,5.81494323022
756,70.0,20.0,0.0,20.0,32.2161348011,1.06074010234,-3.56872000107,7.03147344807,7.18130232212,6.72165345845
757,70.0,40.0,0.0,20.0,60.32588379,0.613310009884,32.1489420332,27.6234788532,28.4866616724,10.1437711926
758,70.0,70.0,0.0,20.0,56.8457898344,15.4694633216,-10.180633838,27.5872263775,24.7650609909,25.8164161001
759,70.0,100.0,0.0,20.0,34.2004169138,-5.67693487318,5.28434854192,7.21638365605,8.10490640916,5.53578547813
760,100.0,0.0,0.0,20.0,81.2011310884,-1.23778919446,3.00435039351,56.2335271166,58.8355731195,45.9812031982
761,100.0,10.0,0.0,20.0,51.8841692723,13.1669785405,1.12027827156,22.0541210426,20.0415614884,16.0660751965
762,100.0,20.0,0.0,20.0,81.7571807971,0.891201339022,5.29447739968,58.0811191709,59.8510863883,44.8742946416
763,100.0,40.0,0.0,20.0,61.7730174496,-0.490547169654,4.7003451927,28.9344455876,30.1378925135,22.3425056862
764,100.0,70.0,0.0,20.0,53.2542970026,-8.07769930909,-4.05687769598,18.8988121107,21.2797346264,19.4091575117
765,100.0,100.0,0.0,20.0,67.8443786909,19.5625876451,0.225118198975,42.6521550976,37.7613823915,31.0117567161
766,0.0,0.0,10.0,20.0,34.3460230506,0.120264409015,4.26562649438,7.89684492961,8.17563592335,5.79934119171
767,0.0,10.0,10.0,20.0,66.9409081702,17.4428301181,-0.961643938688,40.6638943664,36.5537882355,30.7732656239
768,0.0,20.0,10.0,20.0,52.3882199447,13.0440671062,2.99407762877,22.5006166731,20.4913198181,15.6519284319
769,0.0,40.0,10.0,20.0,52.2364233849,11.7666127666,2.09986379364,22.0796572854,20.355173003,15.9117958525
770,0.0,70.0,10.0,20.0,50.9769448812,-15.8230684862,-14.1879416573,15.6736710534,19.2487278808,22.4849364747
771,0.0,100.0,10.0,20.0,57.2185848266,13.2322421543,-5.10101406684,27.429183607,25.147222476,23.3673571527
772,10.0,0.0,10.0,20.0,57.7549258342,-4.92912743852,27.8702067651,23.6510329717,25.703905994,10.0967344906
773,10.0,10.0,10.0,20.0,45.0980615813,-13.1317056763,7.35322153962,12.0858366889,14.611955064,9.703786053
774,10.0,20.0,10.0,20.0,68.7717993256,14.1861336966,48.2818134093,42.1906697379,39.0283540841,9.67060845761
775,10.0,40.0,10.0,20.0,48.5789031909,-17.2777759915,-14.7145007,13.7283660167,17.2543270767,20.6597205832
776,10.0,70.0,10.0,20.0,44.8854076793,28.58460405,16.8901610817,19.0141254021,14.4599132463,7.04888072238
777,10.0,100.0,10.0,20.0,79.3717849449,-4.0548152056,-0.817455809691,52.0212704093,55.5758053468,46.5431516466
778,20.0,0.0,10.0,20.0,44.8843968984,13.84590345,-3.36066736912,16.268300132,14.4591930954,13.1132559663
779,20.0,10.0,10.0,20.0,66.6523621451,-8.52616840339,-13.2826163703,32.4370779938,36.173609171,38.9951023404
780,20.0,20.0,10.0,20.0,54.4503823501,30.6621060827,9.53950339795,28.8281446869,22.4014482194,14.4617152926
781,20.0,40.0,10.0,20.0,74.9849955016,-6.09846209974,48.514205153,44.3941954536,48.2542273607,13.1215049518
782,20.0,70.0,10.0,20.0,44.0865771529,9.05085177917,9.22156651258,14.8566869144,13.8981958509,8.66968762794
783,20.0,100.0,10.0,20.0,62.1308076004,-14.9892923761,27.9997211366,25.702959906,30.5557517252,12.5318992891
784,40.0,0.0,10.0,20.0,54.1737866413,27.5503507847,28.0120686579,27.7290554754,22.1386313536,8.28988820813
785,40.0,10.0,10.0,20.0,65.8334905655,8.21344383427,36.8277704695,36.2760265524,35.1090647626,11.6903590669
786,40.0,20.0,10.0,20.0,49.2219776491,23.7590658186,2.16015960836,21.8636364159,17.7749309425,13.8371121097
787,40.0,40.0,10.0,20.0,54.3735273738,-11.0112896626,16.4361867635,19.2703069757,22.3282143255,11.9045833971
788,40.0,70.0,10.0,20.0,42.8393256164,2.3858179137,-9.44069138259,12.9431036156,13.0505583166,14.0627539234
789,40.0,100.0,10.0,20.0,65.7240562505,8.3566190034,42.5098364661,36.1770634047,34.968401055,9.82473885289
790,70.0,0.0,10.0,20.0,50.588722445,26.38190868,-7.91116990102,23.7468820492,18.9159466482,19.0615300753
791,70.0,10.0,10.0,20.0,54.4722763914,-9.78248874995,20.7628397509,19.5993514346,22.4223399727,10.5448133147
792,70.0,20.0,10.0,20.0,44.0347481325,5.94354891167,-18.9886718627,14.3097159168,13.8622622654,18.9580591467
793,70.0,40.0,10.0,20.0,66.5407703523,20.8804506855,1.27082977519,41.2237451012,36.0272892043,28.9370137171
794,70.0,70.0,10.0,20.0,77.9480586135,-0.0391029108206,31.1481125527,51.2122510828,53.123840307,23.0969152883
795,70.0,100.0,10.0,20.0,69.1167035985,-13.0953761718,-10.9071861488,34.1606162385,39.5066695743,40.4189110738
796,100.0,0.0,10.0,20.0,68.338641617,-11.7737964187,-11.3217858047,33.5753400329,38.4331373439,39.7102234622
797,100.0,10.0,10.0,20.0,65.2349957325,18.5289660244,22.1017904621,38.658791225,34.3443671562,16.928062964
798,100.0,20.0,10.0,20.0,65.0216756212,17.0150883329,20.6848317543,37.8983649457,34.0745158827,17.3837850903
799,100.0,40.0,10.0,20.0,80.2661265475,1.02186867154,3.5002612471,55.5215263255,57.1539860923,44.2369552041
800,100.0,70.0,10.0,20.0,61.9055318219,-0.331973881557,3.49843107561,29.124096754,30.2922074399,23.0917002711
801,100.0,100.0,10.0,20.0,62.0432498016,1.07126916092,3.83979622839,29.6472778629,30.4531392974,23.036714058
802,0.0,0.0,20.0,20.0,61.2296483963,0.566999586647,3.2494815704,28.6026133557,29.5106112581,22.6098391749
803,0.0,10.0,20.0,20.0,38.8887794858,-2.61160467808,3.47831607909,9.88154990888,10.5944094615,7.81261445488
804,0.0,20.0,20.0,20.0,55.0613080775,-16.3435637575,-15.5451713965,18.8058432816,22.9892935138,27.1435522131
805,0.0,40.0,20.0,20.0,42.1873973141,15.3014248525,11.8332417837,14.5371655759,12.6215539513,7.14660046038
806,0.0,70.0,20.0,20.0,67.1363947475,-5.17822430877,-2.33409833622,33.9817209093,36.8128629366,31.8825919806
807,0.0,100.0,20.0,20.0,46.4925405116,32.3222950206,21.9467329518,21.1820833791,15.6354567859,6.51427523754
808,10.0,0.0,20.0,20.0,48.3804583957,22.6418354955,20.8979039196,20.8587551292,17.0957526681,7.54458114192
809,10.0,10.0,20.0,20.0,47.8777310532,-18.3645857253,-9.54285568909,13.0903067028,16.6983852669,17.6786761849
810,10.0,20.0,20.0,20.0,32.9583156565,-0.740649202753,3.71331952481,7.17356172746,7.51805392711,5.4200137335
811,10.0,40.0,20.0,20.0,36.194438712,-2.73289899151,0.0904959954871,8.46808562766,9.10958782538,7.49370986347
812,10.0,70.0,20.0,20.0,48.9633482445,28.9794359653,21.1959831971,22.7588225417,17.5643156817,7.7235512301
813,10.0,100.0,20.0,20.0,56.3142820464,-18.2588448911,-24.3053670533,19.492207226,24.2269235388,34.1073588068
814,20.0,0.0,20.0,20.0,32.7602492413,-0.113665761719,2.15872245185,7.15038107879,7.42717715507,5.66813913189
815,20.0,10.0,20.0,20.0,37.0014910782,-4.73443306733,7.60973833917,8.63805987532,9.53872427564,6.06342341091
816,20.0,20.0,20.0,20.0,49.717837112,27.4586556844,17.8894139743,23.143530694,18.1834303414,8.95981516866
817,20.0,40.0,20.0,20.0,54.638647786,-24.3934186063,-7.50810640187,16.9497319551,22.581519579,22.2947853805
818,20.0,70.0,20.0,20.0,34.4364936637,-8.6796990312,2.01677659673,7.01432752997,8.21978944462,6.32116510322
819,20.0,100.0,20.0,20.0,48.6255513165,21.3951793161,14.6992346557,20.8191215003,17.2917447247,9.33304832723
820,40.0,0.0,20.0,20.0,67.7407253142,-8.94616190427,9.21728630529,33.6470964577,37.6215068979,25.4680173543
821,40.0,10.0,20.0,20.0,42.4908188237,-1.42694792445,1.54145512534,12.1535799898,12.8200327857,10.1001898914
822,40.0,20.0,20.0,20.0,33.6321210721,-6.03992522285,-3.80052742897,6.93124462573,7.83275493626,7.36275276631
823,40.0,40.0,20.0,20.0,48.4361905988,22.917291274,17.1712711652,20.9664530095,17.1401889311,8.54616127339
824,40.0,70.0,20.0,20.0,70.0180671289,-5.27031297397,-9.40911096143,37.6662541646,40.7751033816,40.4619959879
825,40.0,100.0,20.0,20.0,41.8732432196,-1.21705448706,3.19627929168,11.8004221676,12.4182241637,9.29288214848
826,70.0,0.0,20.0,20.0,73.4605454218,0.0349669130607,4.01822175898,44.2434533248,45.8691462979,34.9653465653
827,70.0,10.0,20.0,20.0,44.2555476425,24.5788585837,16.722259551,17.7270137833,14.0157759425,6.83076864511
828,70.0,20.0,20.0,20.0,61.7389130427,-10.6565065225,-8.4012015144,26.3416641043,30.098262408,29.8028844572
829,70.0,40.0,20.0,20.0,39.7652101435,4.16411031015,5.96577027075,11.2798697543,11.1100512335,7.5642563792
830,70.0,70.0,20.0,20.0,51.3048525036,-19.2408378669,-19.0489565643,15.3308085582,19.5328296659,25.4276393395
831,70.0,100.0,20.0,20.0,47.1900514603,33.3541980784,19.8019222406,22.0441589765,16.1648678835,7.30686478645
832,100.0,0.0,20.0,20.0,66.8895134226,-6.10183315628,3.20782737804,33.4111619133,36.485878122,28.1226378445
833,100.0,10.0,20.0,20.0,42.6027427809,15.4331116231,9.76463204085,14.8544293056,12.8937682666,7.84275317696
834,100.0,20.0,20.0,20.0,55.3047271017,-17.495155304,-10.0485179581,18.7859315326,23.2263517326,24.2579151927
835,100.0,40.0,20.0,20.0,38.8675142262,-1.80323284912,1.6232995943,9.97263456225,10.5821006291,8.28952556497
836,100.0,70.0,20.0,20.0,70.8137883317,-0.728182899285,15.2269488193,40.1850499927,41.91718957,25.0680637224
837,100.0,100.0,20.0,20.0,45.1195386591,24.8329991343,7.55295425998,18.4816406541,14.6273695836,9.65552871258
838,0.0,0.0,40.0,20.0,60.6586032826,-12.0008195058,2.4058693405,24.906825826,28.860824824,22.5363232959
839,0.0,10.0,40.0,20.0,40.4950756765,6.45922758079,-2.16426074797,12.0497164761,11.5520169246,10.1811968439
840,0.0,20.0,40.0,20.0,49.7630759508,-21.8137854425,-9.63533603331,13.8181917209,18.2210075213,19.2019643233
841,0.0,40.0,40.0,20.0,67.4301062863,-3.99684455675,12.3621048011,34.6930851021,37.2044100983,23.443740503
842,0.0,70.0,40.0,20.0,64.3137611547,-0.163050128834,10.515969632,31.9589384866,33.1891344531,21.6073406038
843,0.0,100.0,40.0,20.0,62.3985184904,14.2216833548,40.9613426481,33.6875722421,30.8709219546,8.62361823384
844,10.0,0.0,40.0,20.0,60.9950724256,0.706323415153,-13.2756785276,28.378863617,29.2425221695,32.1149932875
845,10.0,10.0,40.0,20.0,33.7182160857,0.6929390127,5.57558139459,7.66635435428,7.87358725981,5.30953073206
846,10.0,20.0,40.0,20.0,35.6786441954,7.97189598427,3.97236911847,9.47506771074,8.84218029753,6.3627910686
847,10.0,40.0,40.0,20.0,62.005183973,13.8261901433,34.1128517287,33.0910591566,30.4086001991,10.4314721372
848,10.0,70.0,40.0,20.0,58.9044078858,-3.29405838993,2.95536843606,25.1766111041,26.9245316931,20.7250468268
849,10.0,100.0,40.0,20.0,33.2059849353,-0.0790607604527,4.3303329767,7.35197945062,7.6327286,5.38182053347
850,20.0,0.0,40.0,20.0,36.6091270844,7.13603672752,10.3394605882,9.87161418533,9.32844638605,5.35346493145
851,20.0,10.0,40.0,20.0,54.0561228142,39.0709909084,25.6713188222,30.598831901,22.0274551922,8.87498089365
852,20.0,20.0,40.0,20.0,34.8741483792,-7.0850828863,3.88693110422,7.3711727156,8.43562935135,6.07536850841
853,20.0,40.0,40.0,20.0,46.799701233,16.61531576,11.0938589485,18.2946365991,15.867144073,9.46606879165
854,20.0,70.0,40.0,20.0,77.7790628458,3.73726236837,22.3405792631,52.3774712664,52.8376748009,27.9071954812
855,20.0,100.0,40.0,20.0,53.854028891,39.541703199,28.3325452469,30.491188018,21.8373739298,8.0588821554
856,40.0,0.0,40.0,20.0,33.920867748,-4.68288534721,-2.12933489543,7.19473567957,7.97025855032,7.07655314237
857,40.0,10.0,40.0,20.0,46.364805705,17.5235521191,13.1577674177,18.1106609685,15.539775963,8.66742229946
858,40.0,20.0,40.0,20.0,78.917176131,5.15209123516,2.20425687085,54.8498379664,54.7848478194,43.4011531294
859,40.0,40.0,40.0,20.0,44.4918570176,-20.3302467891,10.4195528607,10.719155952,14.1813241228,8.53283196159
860,40.0,70.0,40.0,20.0,42.768050393,4.89611296861,-14.3882996366,13.280138432,13.0031892249,15.9793874884
861,40.0,100.0,40.0,20.0,53.0672160419,-7.26772650763,26.4260588771,18.8995128108,21.1077472333,8.20409156018
862,70.0,0.0,40.0,20.0,49.152727428,21.3375755803,-4.2396606181,21.28368871,17.7183727947,16.3380867897
863,70.0,10.0,40.0,20.0,62.6987938309,7.58647144705,44.5248067935,32.1779074971,31.2269998405,7.81396647685
864,70.0,20.0,40.0,20.0,51.7258597646,-14.3109132672,-19.9708477831,16.5047796388,19.9016742459,26.3694861312
865,70.0,40.0,40.0,20.0,57.8204555615,4.01375420296,29.6520238512,25.8046837817,25.7724790514,9.59615249566
866,70.0,70.0,40.0,20.0,61.4676002289,-1.18160193177,-7.57310900062,28.4169798424,29.7842274986,28.9968163379
867,70.0,100.0,40.0,20.0,48.3570524144,-15.6843644045,10.6261361716,13.8291227274,17.0771135926,10.4175905794
868,100.0,0.0,40.0,20.0,72.1182586718,13.8174589994,5.91149758855,47.0532615044,43.8352766095,32.1088783052
869,100.0,10.0,40.0,20.0,47.0268193658,-17.5621301034,-2.10189019561,12.6572931054,16.0399202862,14.0175338042
870,100.0,20.0,40.0,20.0,43.6145193795,2.95758627121,-7.91103397332,13.5457441251,13.5731976489,13.9894089211
871,100.0,40.0,40.0,20.0,55.0494053375,-5.95775121367,9.67142662332,20.8891828857,22.977743357,14.8137316746
872,100.0,70.0,40.0,20.0,48.3607675207,20.0512362046,2.82472979259,20.3059094732,17.0800711684,13.0437825097
873,100.0,100.0,40.0,20.0,63.6819764154,7.39245441921,23.2944206035,33.3166910395,32.4120369564,15.3158928394
874,0.0,0.0,70.0,20.0,54.7912619557,10.8122279324,28.7632144037,24.3300399855,22.7281975356,8.37401772463
875,0.0,10.0,70.0,20.0,48.8793258961,-15.5630761463,-19.2165805643,14.2086260142,17.4962517434,23.2275468718
876,0.0,20.0,70.0,20.0,48.6177497832,-18.6263916838,12.9615837775,13.5428785371,17.2854831532,9.84110982418
877,0.0,40.0,70.0,20.0,58.7988331768,20.0227433974,-6.68927752706,30.9757163148,26.8108449915,25.7457262242
878,0.0,70.0,70.0,20.0,62.4774003891,-3.56289025479,37.9118153795,28.9250567963,30.964199531,9.52831847564
879,0.0,100.0,70.0,20.0,47.3931161095,-1.73109115156,-21.6929036598,15.4412396657,16.3212092529,23.1818009374
880,10.0,0.0,70.0,20.0,48.5727285067,-18.8955781684,7.98948533727,13.4705909281,17.2493782546,11.3830792886
881,10.0,10.0,70.0,20.0,57.936645844,16.9741812591,7.19803953147,29.1759276826,25.8943650778,17.9468302983
882,10.0,20.0,70.0,20.0,62.21071814,-5.22797023885,29.7405937671,28.2014665313,30.649602981,11.9755371713
883,10.0,40.0,70.0,20.0,46.5853225153,-7.14298061713,-9.56470065112,13.9730189552,15.7052016172,16.718784059
884,10.0,70.0,70.0,20.0,48.3228243715,-3.96621002503,-7.66594683437,15.7455836261,17.049880896,17.1915313095
885,10.0,100.0,70.0,20.0,63.025702426,3.64473121254,32.2454171644,31.4780764755,31.6177620485,11.6035699086
886,20.0,0.0,70.0,20.0,33.0858369464,4.91566492892,3.9400877017,7.82760792151,7.57695370164,5.41862276431
887,20.0,10.0,70.0,20.0,51.6656619495,-14.1481428085,12.0449997215,16.4875378388,19.8486528702,11.810338798
888,20.0,20.0,70.0,20.0,49.9310772234,1.29347011618,-17.8373506774,17.9483025409,18.361009151,23.4591041155
889,20.0,40.0,70.0,20.0,63.0909780783,4.86599395098,38.0368134894,31.8920485619,31.6961761042,9.80475211533
890,20.0,70.0,70.0,20.0,32.7643288718,6.58316388091,-0.0789411970149,7.85820226306,7.42904154305,6.14701861633
891,20.0,100.0,70.0,20.0,50.9222519894,-14.2358070779,15.9092766716,15.9077194437,19.2016112583,10.151884631
892,40.0,0.0,70.0,20.0,60.3145954966,16.9261574304,0.75522288996,31.917787829,28.4740243511,23.0918138689
893,40.0,10.0,70.0,20.0,52.8529470688,7.30877115219,28.6944127741,21.6920760564,20.9119067566,7.52316876954
894,40.0,20.0,70.0,20.0,51.5243913801,4.3338611125,-9.6737435645,19.8827083225,19.7245937697,20.6782478596
895,40.0,40.0,70.0,20.0,45.3297140885,-9.31276187599,12.2490229011,12.7974168524,14.7787891311,8.42830941993
896,40.0,70.0,70.0,20.0,45.750184506,-7.45255964098,-18.3879605587,13.3582655106,15.0848435758,20.0735541888
897,40.0,100.0,70.0,20.0,58.2694816759,14.3662438134,32.326330856,28.8710483392,26.2456426478,9.04666142939
898,70.0,0.0,70.0,20.0,55.8589206159,9.23291067849,-0.533361908318,25.0350371912,23.7721302216,19.8689050923
899,70.0,10.0,70.0,20.0,50.1456796216,0.195675224243,17.767892128,17.9157329516,18.5408859048,9.20403627346
900,70.0,20.0,70.0,20.0,47.8776730662,-3.97586216622,-10.9874631487,15.4146116382,16.6983397915,18.3265821361
901,70.0,40.0,70.0,20.0,44.2074481631,-13.2513968274,6.04692232682,11.5212650822,13.9822381083,9.63583994421
902,70.0,70.0,70.0,20.0,44.0367141562,-0.215004554514,-14.2397488787,13.3353388643,13.8636241982,16.8390051977
903,70.0,100.0,70.0,20.0,69.6605341668,-6.78846210659,-2.37847686321,36.7283403353,40.2687702533,34.8571960178
904,100.0,0.0,70.0,20.0,47.2931124383,16.4440700917,14.7080616644,18.6707512725,16.2440901189,8.6812714047
905,100.0,10.0,70.0,20.0,50.8250799028,-28.7571164973,15.0930841367,13.4467526492,19.1180895911,10.3517792059
906,100.0,20.0,70.0,20.0,53.968246822,39.2532611281,29.3014010438,30.5459692132,21.9446676772,7.85795302381
907,100.0,40.0,70.0,20.0,63.8654907474,-0.635613172824,21.7493580782,31.2972299437,32.6364961006,16.0778742884
908,100.0,70.0,70.0,20.0,49.4175399604,24.0115997012,5.57065627991,22.100154769,17.9353004952,12.7123144791
909,100.0,100.0,70.0,20.0,75.2751163302,-5.22231156359,58.1133662443,45.1318662086,48.7173007625,10.0857763767
910,0.0,0.0,100.0,20.0,44.6487330017,11.478121453,8.15554883372,15.6778785477,14.2919415036,9.24276525565
911,0.0,10.0,100.0,20.0,60.9389132624,-12.3444140777,35.0046872757,25.1102706675,29.1785815305,9.60322797485
912,0.0,20.0,100.0,20.0,52.6146754675,28.6507341797,24.0505828247,26.3364591537,20.6955547849,8.63517496351
913,0.0,40.0,100.0,20.0,75.9466456752,-5.69927406915,20.4512561481,45.9803091743,49.8005000025,27.15108774
914,0.0,70.0,100.0,20.0,46.6889844695,14.5660645877,-14.6588631035,17.8162326066,15.7833699419,19.0727190331
915,0.0,100.0,100.0,20.0,64.0144602379,-12.8939720882,5.14739058338,28.229197709,32.8194631004,24.1600248488
916,10.0,0.0,100.0,20.0,56.5906482975,29.5911104087,-3.41493889108,30.9893762541,24.5057533179,21.9204976339
917,10.0,10.0,100.0,20.0,68.04957822,13.3865658816,40.9559959291,40.8994137377,38.0393114787,11.5872696559
918,10.0,20.0,100.0,20.0,53.0416708945,7.34109711591,-0.124568487392,21.8735826367,21.0843352092,17.4514545886
919,10.0,40.0,100.0,20.0,34.8336101416,-3.37147928982,5.57867713657,7.74614536109,8.41548003344,5.70033707622
920,10.0,70.0,100.0,20.0,62.1999171288,27.1412183897,14.8745919524,37.2696388459,30.6369064735,17.8012602905
921,10.0,100.0,100.0,20.0,68.4213550603,14.2279896398,47.6869910936,41.7028291849,38.5463258811,9.66782483603
922,20.0,0.0,100.0,20.0,54.46434318,11.3722505341,-12.4085701535,24.1344051627,22.4147684362,24.7599203283
923,20.0,10.0,100.0,20.0,35.5383623649,-3.43527571648,7.0552079581,8.07091984226,8.77036920953,5.646030762
924,20.0,20.0,100.0,20.0,61.7973908659,28.5757418354,0.415009118105,37.1774632388,30.1662362884,24.659982555
925,20.0,40.0,100.0,20.0,41.547733924,-1.25471508417,3.22507217132,11.5961501055,12.2098608116,9.1236163724
926,20.0,70.0,100.0,20.0,73.411679214,-11.487175124,-1.39870232296,40.3268645993,45.7940217691,38.8227032741
927,20.0,100.0,100.0,20.0,47.2290983156,5.3091018226,10.536592508,16.5471622756,16.1948525417,9.85033859748
928,40.0,0.0,100.0,20.0,58.8173950345,-25.1250375688,-17.9190082325,20.2844955491,26.8308098455,32.7049249506
929,40.0,10.0,100.0,20.0,54.4346322032,28.449533455,27.2552992425,28.2422456766,22.3864271273,8.61681099834
930,40.0,20.0,100.0,20.0,48.4908731528,-14.0324911842,-14.3932402164,14.1854314796,17.1838630645,20.4280125631
931,40.0,40.0,100.0,20.0,42.5588482675,-0.00137463739913,5.9030149451,12.405284696,12.8648169661,8.85971052467
932,40.0,70.0,100.0,20.0,56.1062538472,-3.9840553693,-4.69582172998,22.2815782848,24.0184419491,22.1492653255
933,40.0,100.0,100.0,20.0,48.7311353326,17.3550119143,18.0808483413,20.0815138121,17.3766360543,8.43715460891
934,70.0,0.0,100.0,20.0,66.051255549,7.37091118884,6.74682252144,36.3050122127,35.3900947497,25.2187500335
935,70.0,10.0,100.0,20.0,41.6270927448,-4.19998707591,-4.52891534547,11.2330577571,12.2604430105,11.5635116668
936,70.0,20.0,100.0,20.0,50.4617238237,-11.7104426659,-6.53976069881,16.0019388821,18.8079229342,18.3300128606
937,70.0,40.0,100.0,20.0,45.9839135969,11.0831985986,4.55748153689,16.6199709764,15.2567845473,11.0456245587
938,70.0,70.0,100.0,20.0,59.7045646711,1.01936150118,6.34942521356,27.0561599007,27.7966354669,19.7482551353
939,70.0,100.0,100.0,20.0,51.0212348788,26.8668741607,14.8622698692,24.2849102967,19.2869390886,10.5292765658
940,100.0,0.0,100.0,20.0,49.1245751435,-23.3238760329,-0.192018766328,13.1538363779,17.6954145616,14.6756023708
941,100.0,10.0,100.0,20.0,41.2079273317,7.94192090074,-6.16587875003,12.7205518425,11.9948458877,11.8715057527
942,100.0,20.0,100.0,20.0,58.9945579453,-13.391868024,13.405664165,22.9508626396,27.0218625706,16.0552277307
943,100.0,40.0,100.0,20.0,44.7979570203,26.0334247678,3.25437989146,18.4459474605,14.3976957004,10.8071536417
944,100.0,70.0,100.0,20.0,67.3542976715,-0.731593516023,27.1847541456,35.5602289218,37.1030850635,16.3202668345
945,100.0,100.0,100.0,20.0,39.7664773328,2.96000945273,-10.7800586092,11.1148072222,11.1108086336,12.6097784784
946,0.0,0.0,0.0,40.0,50.9148605015,-20.6620664218,14.8280751339,14.810067655,19.1952495715,10.4825376129
947,0.0,20.0,0.0,40.0,42.2717140231,17.461693754,-4.21687960581,14.9546993441,12.6765014544,11.8325071739
948,0.0,40.0,0.0,40.0,60.6890830984,-7.76730587757,33.4003283047,25.9451828703,28.8952641065,9.95366352942
949,0.0,70.0,0.0,40.0,46.8286579284,33.3160109625,5.17314219482,21.7007392976,15.8891030284,11.3201876092
950,0.0,100.0,0.0,40.0,56.5203466436,-21.1091478002,-3.8191828121,19.1038114135,24.4346232028,22.065582609
951,20.0,0.0,0.0,40.0,34.4580056911,6.97481015532,5.57125022778,8.72475320592,8.23031157365,5.56797537157
952,20.0,20.0,0.0,40.0,70.9094486724,-4.96318654507,14.0372760475,38.9636849419,42.0559082951,25.8334055346
953,20.0,40.0,0.0,40.0,43.4126270166,3.22423709127,3.11276658497,13.4515958956,13.4357619211,10.1056871442
954,20.0,70.0,0.0,40.0,58.8787320688,-15.6016039282,-18.9985475721,22.3541595784,26.8968535192,33.5029095327
955,20.0,100.0,0.0,40.0,36.2450079248,8.19340075631,6.55871468942,9.80691534844,9.13609128984,6.00859716761
956,40.0,0.0,0.0,40.0,72.0362191009,-2.0001054661,-4.60292422747,41.4891896783,43.7129564379,39.4495333344
957,40.0,20.0,0.0,40.0,43.1936539314,3.95086364805,4.95672255573,13.4178195716,13.2877509517,9.44265614822
958,40.0,40.0,0.0,40.0,47.7722953924,35.5044370465,2.22460779189,23.0676029684,16.6158353316,12.8943747055
959,40.0,70.0,0.0,40.0,62.040515026,-7.85647459015,41.3457484373,27.3530462188,30.4499380115,8.35146579117
960,40.0,100.0,0.0,40.0,43.2593273667,18.7156210531,-7.16772604764,15.8940759431,13.3320270217,13.4816819881
961,70.0,0.0,0.0,40.0,51.2507055788,-22.5285365865,20.3705710401,14.7406743593,19.4857249489,9.0054495487
962,70.0,20.0,0.0,40.0,40.0039749908,3.45733501253,-15.2420844998,11.3245418155,11.2533698189,14.4129257349
963,70.0,40.0,0.0,40.0,68.8448402305,-0.958816161856,46.1043961665,37.4362369976,39.1293236239,10.3695437521
964,70.0,70.0,0.0,40.0,45.7134187031,26.2779545416,-0.394916722734,19.2626326953,15.0579152558,12.5632096722
965,70.0,100.0,0.0,40.0,58.5201669554,-14.3329566203,28.1247251022,22.2937583616,26.5123051657,10.425075006
966,100.0,0.0,0.0,40.0,41.633474402,8.62481605144,-9.99033259635,13.1016956649,12.264516647,13.4888637801
967,100.0,20.0,0.0,40.0,48.7976496762,-25.7707278805,11.5493733072,12.5714576188,17.4302570935,10.3667185813
968,100.0,40.0,0.0,40.0,48.2013549912,33.1109065485,7.0207505758,22.9464961525,16.9534704882,11.4919548728
969,100.0,70.0,0.0,40.0,64.5709513329,-7.40613877687,20.4521609585,30.2891025846,33.509003048,17.1462913236
970,100.0,100.0,0.0,40.0,43.0990638323,17.8320545894,-1.7073858248,15.6218151582,13.2241521272,11.4690516539
971,0.0,0.0,20.0,40.0,52.4329540519,-20.3481436835,4.47025776965,15.977313039,20.5315574775,15.0871968302
972,0.0,20.0,20.0,40.0,39.5010784361,1.61847054565,-9.83648593309,10.7776808627,10.9529296476,12.1205450628
973,0.0,40.0,20.0,40.0,64.0692455347,8.21919282372,12.579253702,34.0328236483,32.8869229843,20.3728065842
974,0.0,70.0,20.0,40.0,47.5555024747,19.635386953,9.76048147381,19.520293491,16.4469549266,10.2575876512
975,0.0,100.0,20.0,40.0,54.7573071984,-4.25484026625,0.687453412597,20.981950668,22.6955087414,18.4113789752
976,20.0,0.0,20.0,40.0,41.233500332,2.85134355696,-0.62579583842,11.9883578356,12.0109388325,10.1000252643
977,20.0,20.0,20.0,40.0,45.482462027,-14.4873348415,-9.90996794457,12.1295436035,14.8894886493,16.0630900258
978,20.0,40.0,20.0,40.0,49.0732351854,27.3053522371,23.4422364128,22.494599409,17.65359782,7.21054512815
979,20.0,70.0,20.0,40.0,59.3688860923,1.83693561587,1.33534893394,26.900408298,27.4285167185,21.9408492051
980,20.0,100.0,20.0,40.0,44.2539962121,9.73946645527,11.679253191,15.0924167531,14.0146933563,8.08555718586
981,40.0,0.0,20.0,40.0,49.2707039835,-11.1850071678,-11.6226150648,15.2102216375,17.8147988434,19.7399667493
982,40.0,20.0,20.0,40.0,39.2084357409,-5.92187434713,1.50966571793,9.6387291558,10.78058576,8.47855832958
983,40.0,40.0,20.0,40.0,34.7378080699,13.8228925084,9.90994470537,9.698019669,8.36798968478,4.81375723008
984,40.0,70.0,20.0,40.0,63.5944761066,-22.1062345447,2.07049288807,25.5098174093,32.3053773262,25.466936505
985,40.0,100.0,20.0,40.0,46.6465323696,5.42691419328,8.53470685485,16.1232475553,15.7513268215,10.1526927618
986,70.0,0.0,20.0,40.0,39.0014252655,0.688217045711,12.4638654447,10.3689506682,10.6597707099,5.76322754407
987,70.0,20.0,20.0,40.0,35.3735172074,14.6120559769,10.7440472234,10.1463579461,8.6864821674,4.86268973444
988,70.0,40.0,20.0,40.0,66.5713628314,-17.4893446994,-17.1958120798,29.9002501967,36.067362951,41.8979708045
989,70.0,70.0,20.0,40.0,45.8750931942,7.32674397238,11.501988645,15.874251763,15.1765700396,8.89293795536
990,70.0,100.0,20.0,40.0,38.3500622164,1.32961428624,4.46129423271,10.0881181374,10.2855180116,7.33130121751
991,100.0,0.0,20.0,40.0,52.0472899318,42.7762857619,25.1880982808,29.2847857943,20.1863841187,8.06659648315
992,100.0,20.0,20.0,40.0,43.8239922888,-2.53552357844,-14.441096716,12.840677675,13.7167810946,16.7681398494
993,100.0,40.0,20.0,40.0,65.8824239931,19.8207287582,40.3008711884,39.957273412,35.1720842321,10.5871481359
994,100.0,70.0,20.0,40.0,52.7227537945,-19.3379808834,-13.9723008757,16.3749001891,20.7935046464,23.9701847048
995,100.0,100.0,20.0,40.0,79.6009788941,-1.15012221233,57.1511964695,53.5280910374,55.977442166,12.8765910024
996,0.0,0.0,40.0,40.0,43.0897215572,3.26182187248,-16.8790003683,13.241943885,13.2178817671,17.2745120888
997,0.0,20.0,40.0,40.0,57.8898547159,-27.6492797773,24.3134458321,18.9788203317,25.8452340986,11.2973957583
998,0.0,40.0,40.0,40.0,48.2511064219,22.8259445844,-7.4781985038,20.7809938228,16.9929141979,17.0564335677
999,0.0,70.0,40.0,40.0,72.3979369365,-9.13786482014,50.3495356829,39.6767178542,44.2539886916,10.9646470408
1000,0.0,100.0,40.0,40.0,54.2865429814,42.4752256597,4.62398013595,31.7978089978,22.2455210212,16.3329431142
1001,20.0,0.0,40.0,40.0,39.3297002346,19.5608004776,15.0859156029,13.2561154774,10.851780089,5.34231922815
1002,20.0,20.0,40.0,40.0,35.6598655403,0.629932915288,-7.4556920847,8.58967409569,8.83254475498,9.27535846297
1003,20.0,40.0,40.0,40.0,44.775718605,8.77950448349,23.091282876,15.3100218078,14.3819024969,5.6233679945
1004,20.0,70.0,40.0,40.0,37.4318426219,-6.33392699398,-8.23487439471,8.66768548056,9.77296821235,10.4252057724
1005,20.0,100.0,40.0,40.0,49.838422713,0.123498969082,31.313177149,17.653928979,18.2837083972,5.72869617703
1006,40.0,0.0,40.0,40.0,43.7338053607,-11.248268604,-2.8146225346,11.5158713783,13.6548388719,12.2158747286
1007,40.0,20.0,40.0,40.0,45.7340519706,-4.60019303255,-6.37537874502,13.793982462,15.0730236985,14.8081593932
1008,40.0,40.0,40.0,40.0,49.3305924719,1.84370706308,7.68259894398,17.5666370204,17.8638812279,11.9246385688
1009,40.0,70.0,40.0,40.0,53.5361050542,9.37134161888,5.20528210167,22.7813825138,21.5405661976,15.5572852534
1010,40.0,100.0,40.0,40.0,57.1018880939,16.1319652237,19.5080178026,28.0333298772,25.0271741035,12.4689930485
1011,70.0,0.0,40.0,40.0,42.3644367893,2.65571795787,-16.5418884119,12.6754387529,12.7371108739,16.5909343337
1012,70.0,20.0,40.0,40.0,68.8064799131,-13.6745500121,44.2177338238,33.6085079776,39.0762737956,10.9452029019
1013,70.0,40.0,40.0,40.0,48.075293336,20.5025531319,-7.41786288879,20.1467618951,16.853800215,16.8996467725
1014,70.0,70.0,40.0,40.0,53.5837926462,-31.7843128998,16.0508851348,14.8735055047,21.5849139083,11.5752697324
1015,70.0,100.0,40.0,40.0,55.4314231163,40.3280128828,4.95611851656,32.5738517246,23.3503793273,17.032879321
1016,100.0,0.0,40.0,40.0,49.1591518557,-12.1247577367,-9.30603889664,14.9715369139,17.723614707,18.5673096811
1017,100.0,20.0,40.0,40.0,35.5278407207,0.549747341895,8.85006101594,8.51496735323,8.76499884875,5.27889607742
1018,100.0,40.0,40.0,40.0,59.0186850958,5.64000603994,5.50948904504,27.4709496426,27.0479512763,19.5852426964
1019,100.0,70.0,40.0,40.0,51.6406126041,-21.9898231329,9.57629996809,15.110836287,19.8266175404,12.6509636937
1020,100.0,100.0,40.0,40.0,51.0403429292,-6.80368481793,-22.9405366653,17.3301305002,19.3034401671,27.4173489117
1021,0.0,0.0,70.0,40.0,35.8824921592,0.759989610283,10.0064592301,8.7160347873,8.94722831216,5.17174366536
1022,0.0,20.0,70.0,40.0,60.3459287127,9.44067119569,-10.3852358842,29.925768614,28.5091113137,29.5414769294
1023,0.0,40.0,70.0,40.0,50.3043788425,-22.3425953412,13.7784832228,14.1060495063,18.6746583319,10.4816109761
1024,0.0,70.0,70.0,40.0,75.6764213711,-8.65207828443,9.98465001583,44.5415426187,49.3627093438,33.4882090846
1025,0.0,100.0,70.0,40.0,52.7079557123,-19.294381933,15.1317811098,16.371319033,20.780075132,11.3789182573
1026,20.0,0.0,70.0,40.0,62.2795977063,10.8990626419,3.817432727,32.5988464416,30.7306529144,23.2647284453
1027,20.0,20.0,70.0,40.0,44.8178807036,0.068902873173,6.40446564458,13.9082505583,14.411854851,9.84279519876
1028,20.0,40.0,70.0,40.0,49.8814194466,32.5759689776,2.23554795473,24.4690608273,18.3195531162,14.2405260314
1029,20.0,70.0,70.0,40.0,57.0345200215,33.7284201681,32.7034289151,32.6610110027,24.958045417,8.35450194038
1030,20.0,100.0,70.0,40.0,69.3405321519,1.78265782401,-0.162885226839,38.9583957549,39.8191579855,32.9642044027
1031,40.0,0.0,70.0,40.0,49.5510230081,12.4937424711,17.6854818584,19.8129182953,18.0453144266,8.93626325945
1032,40.0,20.0,70.0,40.0,57.7359519845,-13.2067803737,-14.9265362901,21.8061004987,25.6840736944,29.5672827804
1033,40.0,40.0,70.0,40.0,43.0751945991,-7.99291122285,4.82605459607,11.5744115476,13.2081354825,9.42120870996
1034,40.0,70.0,70.0,40.0,48.283822233,-2.27200467444,1.20860018412,16.010839092,17.0188851169,13.5879734127
1035,40.0,100.0,70.0,40.0,40.4804819258,-9.51912919128,11.9349410301,9.87562944166,11.543066921,6.43401454011
1036,70.0,0.0,70.0,40.0,42.451803418,6.53813769555,0.0467131611585,13.3232168975,12.7943956741,10.5420417861
1037,70.0,20.0,70.0,40.0,36.5112874789,-0.259900523124,7.21526824883,8.91450709865,9.27649749946,5.96608222589
1038,70.0,40.0,70.0,40.0,36.9234072053,16.1114844539,0.824829662223,11.2381597737,9.49662788786,7.62513365172
1039,70.0,70.0,70.0,40.0,51.1024660849,28.021755513,8.35998103976,24.6338270352,19.3571526994,12.7535200068
1040,70.0,100.0,70.0,40.0,58.2011525817,0.85490342282,16.7302940123,25.4417001892,26.1732700574,14.1829098717
1041,100.0,0.0,70.0,40.0,44.9827710696,13.4647690439,-1.10693894956,16.2758782574,14.5293938716,12.3709063337
1042,100.0,20.0,70.0,40.0,48.4842051523,-12.4489261006,3.00103217659,14.4375975383,17.1785334657,13.0570021821
1043,100.0,40.0,70.0,40.0,39.9178498727,-0.11690302424,-9.1922493914,10.7858794014,11.2015319932,12.146176582
1044,100.0,70.0,70.0,40.0,61.5297951573,7.5821832488,38.032350669,30.7944747152,29.8560219848,9.02264299449
1045,100.0,100.0,70.0,40.0,47.1942919743,21.170997271,0.0525772119327,19.5160387944,16.168122444,13.3210891026
1046,0.0,0.0,100.0,40.0,52.6537967206,-7.04583191322,21.7687813283,18.5965877931,20.7309742228,9.29711405988
1047,0.0,20.0,100.0,40.0,41.8251658935,3.89313968429,-10.41211864,12.5135400778,12.3873011081,13.7691573486
1048,0.0,40.0,100.0,40.0,44.7233938002,-19.0579826347,6.24624243714,11.0257051166,14.3447882075,9.84139006275
1049,0.0,70.0,100.0,40.0,69.0183642925,3.74586371984,40.3207535539,39.140348701,39.3698960113,12.3754426771
1050,0.0,100.0,100.0,40.0,53.506319322,-4.35466249192,-3.02662779701,19.853295145,21.5128974027,19.1295492821
1051,20.0,0.0,100.0,40.0,56.7153146539,-14.4815159516,19.3555341629,20.6101383421,24.6322279843,12.2893681312
1052,20.0,20.0,100.0,40.0,34.895423501,11.6898060557,8.48726736981,9.51725939267,8.44621689595,5.13615530552
1053,20.0,40.0,100.0,40.0,68.9940185583,4.28276542068,47.4603153799,39.2775182902,39.3360839783,10.0320901829
1054,20.0,70.0,100.0,40.0,55.8584000779,0.622133175116,-16.8082673088,23.0612705688,23.7716136173,28.7289924716
1055,20.0,100.0,100.0,40.0,56.0946648081,-14.2840173169,24.1211004656,20.1019137392,24.0068629564,10.3696166107
1056,40.0,0.0,100.0,40.0,33.6937078311,12.2282589213,3.84057056709,8.95519239332,7.86194930555,5.65311476705
1057,40.0,20.0,100.0,40.0,45.8031492322,20.0894007863,11.9869289627,18.1381723518,15.1236928572,8.72332971954
1058,40.0,40.0,100.0,40.0,50.244442531,15.7422530813,-4.45782580987,21.0962492276,18.6240608296,17.2372507943
1059,40.0,70.0,100.0,40.0,54.9343290997,-0.42804751225,21.6457936137,21.9573716421,22.8662753501,10.5177333027
1060,40.0,100.0,100.0,40.0,63.0519877666,-6.1345384516,-1.18299117227,28.9004395554,31.6493224174,26.7998930712
1061,70.0,0.0,100.0,40.0,65.8165315332,-18.6019769832,34.1400817567,28.7578247975,35.0872414587,12.6075661372
1062,70.0,20.0,100.0,40.0,49.9477993491,-10.2059105776,-19.2911423938,15.8780950835,18.3749834252,24.2614953493
1063,70.0,40.0,100.0,40.0,50.4132277079,-10.9535618966,14.8883051108,16.0978481042,18.7667813974,10.195834983
1064,70.0,70.0,100.0,40.0,59.2542965782,3.43320762627,-7.95538431711,27.1736279735,27.303601343,26.9314857258
1065,70.0,100.0,100.0,40.0,61.3056310779,8.47352921278,35.1391959989,30.7742383768,29.5977993617,9.75083508963
1066,100.0,0.0,100.0,40.0,68.9881901379,18.8291821191,5.13132527436,44.0773606539,39.327992179,29.1586620393
1067,100.0,20.0,100.0,40.0,36.9689726261,9.33271371245,9.35375596497,10.3537718467,9.52117792339,5.68089226375
1068,100.0,40.0,100.0,40.0,37.545939216,8.66640047147,-2.60896556358,10.5935597435,9.8357086174,8.82314252979
1069,100.0,70.0,100.0,40.0,41.0264571145,-0.117336648889,14.7664138711,11.4404559424,11.8810604428,6.01640896741
1070,100.0,100.0,100.0,40.0,42.0488522398,-0.836786014305,-2.65359261995,11.9633440436,12.5316121112,11.1843324806
1071,0.0,0.0,0.0,60.0,44.8193437324,-8.27112234151,20.5446041523,12.623853421,14.4128949464,6.18235812398
1072,0.0,20.0,0.0,60.0,50.1364708275,-18.0918180684,3.9905162263,14.6802136372,18.5331432027,13.7418653042
1073,0.0,40.0,0.0,60.0,60.3868424165,8.15311221119,-4.43160329731,29.6320351804,28.5549698899,26.0201503691
1074,0.0,70.0,0.0,60.0,56.097089728,-14.141215063,24.5657976194,20.1331038772,24.0092854662,10.233423992
1075,0.0,100.0,0.0,60.0,50.0110776657,-8.03030389917,-18.2809173722,16.3074693645,18.4279277565,23.7716660026
1076,20.0,0.0,0.0,60.0,68.5252774646,4.98084348888,47.2253785641,38.8586129537,38.6888523796,9.85897250764
1077,20.0,20.0,0.0,60.0,49.855438219,-20.3198659295,-14.3986316085,14.12013183,18.2978879727,21.6004811316
1078,20.0,40.0,0.0,60.0,39.0178256642,5.39543389544,3.94625442512,11.0066956035,10.6693091876,7.74967696956
1079,20.0,70.0,0.0,60.0,59.8766296221,-11.6247721716,-3.3752783718,24.2107260836,27.9865991348,24.9257344847
1080,20.0,100.0,0.0,60.0,43.7439006477,23.8023846359,13.6116927912,17.1750621538,13.6617632332,7.36816227224
1081,40.0,0.0,0.0,60.0,70.9738366165,-0.619506831839,9.08084373364,40.4433685412,42.1494504883,28.8344715057
1082,40.0,20.0,0.0,60.0,57.0517973648,-28.461357822,-6.95070059301,18.1257898672,24.9757621379,24.2110882706
1083,40.0,40.0,0.0,60.0,50.679542574,17.9609498894,16.920742335,21.9680312561,18.9934504426,9.72035001964
1084,40.0,70.0,0.0,60.0,71.373479654,-13.6894870895,11.7834644552,36.8751784078,42.7331520306,27.615625059
1085,40.0,100.0,0.0,60.0,43.7015371955,-4.19171576838,2.29763403097,12.5139778475,13.632721817,10.5118651159
1086,70.0,0.0,0.0,60.0,60.4204923755,-22.7746457132,-24.6624015378,22.2391795611,28.5927236527,39.4740287214
1087,70.0,20.0,0.0,60.0,50.7368577059,19.2745415664,19.8914762245,22.3065652917,19.04247064,8.89093816612
1088,70.0,40.0,0.0,60.0,73.8526146077,-10.0346611361,-8.44623048122,41.421541513,46.4748706403,44.9668367628
1089,70.0,70.0,0.0,60.0,42.4347815998,-3.11644107224,5.12718696657,11.8748839144,12.7832213159,9.01775514508
1090,70.0,100.0,0.0,60.0,60.8029416252,-24.4187400725,-9.21755005267,22.2401356075,29.0241556918,29.3051398985
1091,100.0,0.0,0.0,60.0,66.4888524387,-0.158542632823,38.2633816551,34.6290797382,35.9593487643,11.5878407148
1092,100.0,20.0,0.0,60.0,51.7561078583,-6.80057107917,-11.1129498554,17.9054217863,19.9283519409,21.5960926353
1093,100.0,40.0,0.0,60.0,52.8949647815,23.6916491406,22.3528405055,25.4334296104,20.9502147819,9.24861904752
1094,100.0,70.0,0.0,60.0,44.342993986,10.0583748381,-9.80800524941,15.2107710456,14.0768860627,15.2191793422
1095,100.0,100.0,0.0,60.0,72.846624452,9.24139926114,52.7206023237,46.5399866857,44.9312839657,10.4578033734
1096,0.0,0.0,20.0,60.0,55.4247010628,25.0559563118,-2.3692859435,28.4658372654,23.3437877858,20.3943213942
1097,0.0,20.0,20.0,60.0,60.6967302098,-8.87547485945,31.5856464615,25.6867760833,28.9039089094,10.5162667511
1098,0.0,40.0,20.0,60.0,48.0690655202,5.1547613636,-14.5763592921,17.174206605,16.8488863634,20.1636282868
1099,0.0,70.0,20.0,60.0,50.1566940981,-24.9661249324,12.3223241765,13.5888348768,18.5501496463,10.8619119884
1100,0.0,100.0,20.0,60.0,41.5177777316,-8.64772869691,-6.1807781694,10.567816165,12.1908033846,12.0590954647
1101,20.0,0.0,20.0,60.0,45.4627574859,0.130945388682,22.6142173991,14.3653494102,14.8751774208,5.9735219886
1102,20.0,20.0,20.0,60.0,38.1302559479,-1.11257679239,-6.5860877218,9.65892713125,10.1612298214,10.2872563745
1103,20.0,40.0,20.0,60.0,39.5475242404,11.0413796934,14.4342027734,12.1218594628,10.9804503811,5.54995845048
1104,20.0,70.0,20.0,60.0,35.4786745556,6.05965037037,-4.72300383359,9.1373821979,8.73993296306,8.42492270087
1105,20.0,100.0,20.0,60.0,67.8392159876,19.3830884999,0.704957937267,42.5844267956,37.7544073691,30.6977884104
1106,40.0,0.0,20.0,60.0,58.2102081419,5.23029369398,-11.523232843,26.5068824066,26.1828538392,27.9820076827
1107,40.0,20.0,20.0,60.0,78.43349025,-1.04607061001,31.5154359508,51.6251984777,53.9515786252,23.3465329347
1108,40.0,40.0,20.0,60.0,56.6792172288,5.67101211447,-11.9985460243,25.0288833638,24.59556231,26.6994425346
1109,40.0,70.0,20.0,60.0,60.166356047,1.3953466078,5.0477135792,27.6472243672,28.3084159313,20.7661795867
1110,40.0,100.0,20.0,60.0,65.9601817337,-16.210068281,15.2147022216,29.5425023718,35.2723804725,20.6786650152
1111,70.0,0.0,20.0,60.0,69.0454715064,-12.4661929061,-10.2515918537,34.2540183033,39.4075660548,39.8231865989
1112,70.0,20.0,20.0,60.0,51.6232618655,-6.85926237709,-5.24502185988,17.786802784,19.8113640613,18.6532726174
1113,70.0,40.0,20.0,60.0,78.536037694,-1.56072862345,32.0132159431,51.5974921127,54.1275312438,23.1757345764
1114,70.0,70.0,20.0,60.0,77.6261461729,-3.06415758174,30.6641968665,49.5561334717,52.5796237996,23.0592767864
1115,70.0,100.0,20.0,60.0,53.7479350397,34.4293930609,-2.58730137146,29.019862458,21.7380255817,19.1189261488
1116,100.0,0.0,20.0,60.0,58.3170269027,-19.8882321444,27.1785058095,20.9213574788,26.2960800826,10.6119080366
1117,100.0,20.0,20.0,60.0,31.8158408625,4.2530511354,-1.95355234454,7.18065007039,7.003923996,6.19960306522
1118,100.0,40.0,20.0,60.0,72.4795741787,-1.098923253,51.6021542674,42.4234222884,44.3767102578,10.6101852269
1119,100.0,70.0,20.0,60.0,52.7548833026,34.1234708413,9.077629263,27.8444482394,20.822682645,13.5284523396
1120,100.0,100.0,20.0,60.0,59.7341132826,-18.9490331774,22.8188906479,22.428379729,27.8291964868,12.9049853092
1121,0.0,0.0,40.0,60.0,32.5330462987,3.46780552634,1.59657101968,7.41941576011,7.32383729593,5.70359194962
1122,0.0,20.0,40.0,60.0,72.5876222524,-0.77742150931,45.1689890068,42.6874341253,44.5394825952,12.8372448829
1123,0.0,40.0,40.0,60.0,40.1288332123,-3.05644947241,1.07064819782,10.5154928328,11.328804319,9.04062448059
1124,0.0,70.0,40.0,60.0,58.5705425475,34.9067824482,8.12761121599,34.9030180557,26.5661084317,18.0200516954
1125,0.0,100.0,40.0,60.0,47.200580029,-17.7209637764,5.79615551551,12.7456840794,16.1729492797,11.3261910487
1126,20.0,0.0,40.0,60.0,74.6668707107,9.33507050025,14.0208786687,49.4240002655,47.7498390864,29.7197900655
1127,20.0,20.0,40.0,60.0,53.7145137262,-32.7384077577,12.890388009,14.8085958114,21.706791741,12.7439419121
1128,20.0,40.0,40.0,60.0,58.6770772224,-25.6166844378,-19.9437621502,20.0609377138,26.6801316203,33.9100673878
1129,20.0,70.0,40.0,60.0,43.0677403573,6.1319764254,5.94920589124,13.6739735465,13.2031362161,9.09415656396
1130,20.0,100.0,40.0,60.0,70.7427356035,-14.047421238,-4.92812672607,35.9452780044,41.8143524359,38.0254468256
1131,40.0,0.0,40.0,60.0,49.419825064,31.3314585632,19.379894881,23.7267021027,17.9371800577,8.40697361664
1132,40.0,20.0,40.0,60.0,82.3619983174,-0.895227229962,10.0001020161,58.4203718169,60.9688582414,41.9210715481
1133,40.0,40.0,40.0,60.0,34.9350316384,-1.67729846633,3.86445430219,7.97799963188,8.46595144048,6.10312101926
1134,40.0,70.0,40.0,60.0,40.4481502962,16.6312680457,3.01940446015,13.549737494,11.5232551619,8.6501388493
1135,40.0,100.0,40.0,60.0,37.0964452011,-8.58827728931,6.62533739936,8.24517807228,9.5900831044,6.3161572526
1136,70.0,0.0,40.0,60.0,47.2331249309,5.7358292407,3.6757907196,16.6266308841,16.1979467465,12.0582294253
1137,70.0,20.0,40.0,60.0,39.7055724395,-15.3264579312,10.3330892943,8.76183454512,11.0744446461,6.49424585668
1138,70.0,40.0,40.0,60.0,66.0138569132,18.3098665249,0.71174878214,39.6543635668,35.3417248101,28.7224951869
1139,70.0,70.0,40.0,60.0,57.0462725449,4.86877937947,-10.2572288466,25.2129396603,24.9700959056,26.0580267843
1140,70.0,100.0,40.0,60.0,76.3219516608,-0.882238989396,30.3564922033,48.2902506055,50.4128166217,22.0476187795
1141,100.0,0.0,40.0,60.0,54.6274402364,2.50664020315,8.41676268081,22.306968845,22.5707729118,15.0223355144
1142,100.0,20.0,40.0,60.0,59.7033504781,0.641096350506,4.13496005022,26.9611751712,27.7952980335,20.8227049428
1143,100.0,40.0,40.0,60.0,65.0749783899,-14.8711639312,14.4247922353,28.8960767323,34.1418112518,20.3185339699
1144,100.0,70.0,40.0,60.0,67.507826989,-11.7815619987,-9.58977406649,32.5581081378,37.3084821486,37.3532054782
1145,100.0,100.0,40.0,60.0,51.0058857954,-7.06586516707,-4.06294584087,17.2545660411,19.2736909423,17.6403530018
1146,0.0,0.0,70.0,60.0,40.6877954359,-2.8322375407,3.33932677676,10.8671278407,11.6706416918,8.67582680932
1147,0.0,20.0,70.0,60.0,81.262427962,-0.643383903404,5.44255454443,56.580990874,58.9469518065,44.0538097498
1148,0.0,40.0,70.0,60.0,32.7203742547,-2.76537946256,3.90366515911,6.86589692244,7.40897073889,5.29989724211
1149,0.0,70.0,70.0,60.0,51.9403687515,4.87827331486,-17.2312142177,20.3584525094,20.0913783179,25.0221055065
1150,0.0,100.0,70.0,60.0,54.324055704,10.3436271996,25.3463206945,23.7610448997,22.2811580925,9.09709460785
1151,20.0,0.0,70.0,60.0,61.332063145,22.839880022,-4.00471727884,34.8549081297,29.628169667,26.7159660504
1152,20.0,20.0,70.0,60.0,32.7307745292,-1.81046829035,3.27275720089,6.96574352828,7.41371650166,5.4297416194
1153,20.0,40.0,70.0,60.0,50.7806934796,3.20383479297,-2.61559293192,19.0199955228,19.0800191497,16.8404615766
1154,20.0,70.0,70.0,60.0,54.2513315372,12.2186022141,21.4271778385,24.117910263,22.2121047563,10.2199720863
1155,20.0,100.0,70.0,60.0,59.0042418832,22.6448741637,10.9824725231,31.937348672,27.0323318035,17.0907339952
1156,40.0,0.0,70.0,60.0,81.6888366203,-1.31618813467,26.4271929573,57.0547931114,59.7256445296,29.5325466512
1157,40.0,20.0,70.0,60.0,49.0963059083,31.8661318585,13.96361491,23.5319027065,17.6723809192,9.78814489305
1158,40.0,40.0,70.0,60.0,68.4553881505,-16.4550932182,8.22271831108,32.3930893662,38.5929626417,26.7475853363
1159,40.0,70.0,70.0,60.0,43.1262020051,7.30013084127,1.43021758012,13.8986272646,13.2423780071,10.4728869461
1160,40.0,100.0,70.0,60.0,56.3513538587,-28.7106532379,-7.38138862316,17.5123167335,24.2642023353,23.7889367236
1161,70.0,0.0,70.0,60.0,39.4793102047,-12.9975327251,2.07985380324,8.92108206881,10.9400470652,8.45057784948
1162,70.0,20.0,70.0,60.0,46.6764891338,4.60604441859,15.4078466709,16.0020822064,15.7739338727,8.20401652911
1163,70.0,40.0,70.0,60.0,37.1210099614,-6.36755294821,0.398123188702,8.50921018567,9.60339965114,7.82092587493
1164,70.0,70.0,70.0,60.0,40.5046786151,15.4333537139,10.7198544376,13.4010598503,11.5579087035,6.72212290232
1165,70.0,100.0,70.0,60.0,34.4398686655,0.47057154863,-0.799293830063,7.97948790568,8.22143965807,6.97231384779
1166,100.0,0.0,70.0,60.0,80.2432567131,-1.34293781017,46.6373311634,54.5409386401,57.1132617459,17.5118855101
1167,100.0,20.0,70.0,60.0,50.3592059891,32.0348843293,5.13719107994,24.822854484,18.7210229217,13.4581153603
1168,100.0,40.0,70.0,60.0,67.129166566,-17.9641685417,26.0663332105,30.4145981379,36.8032618375,16.6290197162
1169,100.0,70.0,70.0,60.0,44.108746614,9.0440450164,-6.28060309336,14.8714492232,13.9135851054,13.6963924509
1170,100.0,100.0,70.0,60.0,54.0523001995,-31.6826979443,6.9758110839,15.2292547586,22.0238496025,15.2016873574
1171,0.0,0.0,100.0,60.0,65.5769789718,24.8429120328,-0.344546662067,41.1607982718,34.779944662,28.9085050896
1172,0.0,20.0,100.0,60.0,68.4880616348,20.4189334105,0.213428102543,43.8833358286,38.6377716639,31.7402799042
1173,0.0,40.0,100.0,60.0,80.5172330509,-1.14495818719,43.594111226,55.0884003777,57.6024056962,19.1061119946
1174,0.0,70.0,100.0,60.0,81.0113884834,-1.39329567465,34.8022799047,55.8413515915,58.4916932623,23.969602358
1175,0.0,100.0,100.0,60.0,55.9213654393,0.647163781291,4.27025950299,23.1274137091,23.8341574608,17.7031587652
1176,20.0,0.0,100.0,60.0,60.8150330694,0.398757829314,4.03678355666,28.102379529,29.0378660735,21.8345281204
1177,20.0,20.0,100.0,60.0,67.8059150802,-16.1695719985,-15.2699951975,31.6952885915,37.7094371235,42.0578680591
1178,20.0,40.0,100.0,60.0,70.2673593484,-13.5946762637,-12.9008088131,35.4690299702,41.1306474255,43.5558493702
1179,20.0,70.0,100.0,60.0,80.0892942848,0.785370021459,5.05718296933,55.122571487,56.8396040131,42.7335852929
1180,20.0,100.0,100.0,60.0,65.9691904476,-16.9654677377,13.2669040965,29.3544896912,35.2840127202,21.6596908802
1181,40.0,0.0,100.0,60.0,69.0114703364,10.4062999572,-3.9495978236,41.2813681771,39.3603195276,35.1731415025
1182,40.0,20.0,100.0,60.0,48.9256236846,-1.44752978587,15.1704183587,16.6466943718,17.5337343743,9.34642334113
1183,40.0,40.0,100.0,60.0,58.0528434179,-4.3079946469,-17.8776757015,24.0855933536,26.0166424756,31.8053615131
1184,40.0,70.0,100.0,60.0,59.3088864579,20.7005607024,33.8297694651,31.762851564,27.3630630028,9.12874377732
1185,40.0,100.0,100.0,60.0,67.6384233323,9.53174820342,14.6990301183,39.088944799,37.483794162,22.4016558334
1186,70.0,0.0,100.0,60.0,50.3016522281,0.703024860471,11.7644906564,18.1388795454,18.6723545701,11.1226824
1187,70.0,20.0,100.0,60.0,56.3008255023,-6.81847563949,-0.940713406331,21.8495986347,24.2134013136,20.4343123307
1188,70.0,40.0,100.0,60.0,58.0882260561,21.9229577344,28.9522789574,30.6612466478,26.053952752,9.94273297238
1189,70.0,70.0,100.0,60.0,50.081078381,-24.4036185285,3.17362177052,13.62593506,18.4866150217,14.0139092301
1190,70.0,100.0,100.0,60.0,45.8916888817,3.44091117369,-7.19864429733,15.2205606999,15.1887849629,15.2435767075
1191,100.0,0.0,100.0,60.0,61.4742964253,-8.61355870404,20.6125422015,26.5620769238,29.7919516933,14.8674764503
1192,100.0,20.0,100.0,60.0,54.3231540402,24.4080488082,6.30909564805,27.1040343332,22.2803010662,15.6605415127
1193,100.0,40.0,100.0,60.0,73.1239573594,8.3455403742,39.3583330959,46.6467022057,45.3533549452,15.4027923152
1194,100.0,70.0,100.0,60.0,35.3432091364,4.56213917996,0.952928770124,8.88936066589,8.67111733087,6.92600458374
1195,100.0,100.0,100.0,60.0,39.1810363164,11.6148435489,7.71678759932,11.9763525649,10.7645428163,6.89120388244
1196,0.0,0.0,0.0,80.0,38.5836234412,-3.43037891471,2.80480384628,9.61362114283,10.4186900664,7.85056945654
1197,0.0,40.0,0.0,80.0,44.8834700597,0.93482548669,12.0147298504,14.0918281001,14.4585327717,8.28441984637
1198,0.0,70.0,0.0,80.0,41.1602119598,-11.0864183225,4.99423445788,10.0492046059,11.9648573185,8.44616950565
1199,0.0,100.0,0.0,80.0,52.8591173077,-21.1552621064,-8.63935106644,16.1577259418,20.9175293057,21.3077845639
1200,40.0,0.0,0.0,80.0,45.8258888812,-0.330510364193,2.78569006731,14.5455611058,15.1403926867,11.5383844606
1201,40.0,40.0,0.0,80.0,63.002215954,-7.0806091781,5.06598495571,28.6007525441,31.5895799894,23.2633135646
1202,40.0,70.0,0.0,80.0,53.8632108349,23.0970854247,17.3354890256,26.2945828079,21.8459862848,11.309060937
1203,40.0,100.0,0.0,80.0,73.8285356003,9.5805977115,21.4284843852,48.1864686566,46.4375171733,24.5108386301
1204,70.0,0.0,0.0,80.0,80.1911638893,-1.13372184833,50.6391234115,54.5348758696,57.0205722074,15.7711609962
1205,70.0,40.0,0.0,80.0,81.5969818332,-1.19746969169,26.7142559029,56.9418306875,59.55732654,29.2555032362
1206,70.0,70.0,0.0,80.0,49.929982047,0.999321282747,4.46973671197,17.8919910555,18.3600941859,13.431314202
1207,70.0,100.0,0.0,80.0,66.8968521379,0.251876902006,3.99869944603,35.26699624,36.4955699334,27.6552844526
1208,100.0,0.0,0.0,80.0,65.9474282076,-17.9621932441,-18.0161372299,29.0698913109,35.2559172137,41.6970817716
1209,100.0,40.0,0.0,80.0,74.2501434438,-9.64941345555,-7.6202925625,42.1166885525,47.0944506045,44.8508809523
1210,100.0,70.0,0.0,80.0,62.4082154464,30.5890136311,0.230240793755,38.6196873233,30.8823784594,25.3512205944
1211,100.0,100.0,0.0,80.0,72.2647697231,15.3398991852,0.516600641375,47.8299109322,44.0542903538,35.9804720376
1212,0.0,0.0,40.0,80.0,80.0068789785,-3.17530234033,31.9963602052,53.4204575518,56.6934762871,24.557396293
1213,0.0,40.0,40.0,80.0,79.7713018588,-0.166399575393,32.0444276365,54.2022277029,56.2771642088,24.307639033
1214,0.0,70.0,40.0,80.0,35.399888102,-10.630830207,7.05154839999,7.23862431145,8.69986578937,5.59749367556
1215,0.0,100.0,40.0,80.0,44.1200361294,12.153114899,2.78277436348,15.4030716015,13.9214262506,10.5861212434
1216,40.0,0.0,40.0,80.0,66.2712871531,-9.73190224042,41.1070667127,31.6465101823,35.6755689816,10.5444663424
1217,40.0,40.0,40.0,80.0,50.8137667017,36.8377599073,16.2548021588,26.4399796706,19.1083814017,9.98970084279
1218,40.0,70.0,40.0,80.0,35.4672949787,-10.1293751803,6.16819492117,7.32047355246,8.73413824771,5.80580616152
1219,40.0,100.0,40.0,80.0,45.0740164681,15.0928274724,-1.21284021894,16.6356832474,14.5947102685,12.4630766652
1220,70.0,0.0,40.0,80.0,66.4690568458,-9.37874214341,34.2137635874,31.9795514373,35.93346651,12.98314171
1221,70.0,40.0,40.0,80.0,50.410489051,38.0822167856,12.0523008413,26.3195794669,18.7644598574,11.0901232685
1222,70.0,70.0,40.0,80.0,67.3053168663,19.6441999363,16.8164782738,41.9035621459,37.0377157425,21.0336305047
1223,70.0,100.0,40.0,80.0,61.331441724,9.60301175174,24.4738490518,31.1106993796,29.6274554192,13.3038949114
1224,100.0,0.0,40.0,80.0,57.6768173386,1.98941997794,2.14274416314,25.1747534039,25.6223290164,20.089212422
1225,100.0,40.0,40.0,80.0,50.3088803611,-10.4698211619,7.24320759797,16.1038072788,18.6784621544,12.6640873684
1226,100.0,70.0,40.0,80.0,48.9787387403,-13.9116737346,-10.0109772466,14.5469886077,17.576802149,18.7482481784
1227,100.0,100.0,40.0,80.0,44.5745242604,-6.92248095599,10.3828384106,12.6676683749,14.2395435515,8.58180199621
1228,0.0,0.0,70.0,80.0,42.0939433035,-2.54189854016,8.20413613659,11.7472298703,12.560837638,8.02020072317
1229,0.0,40.0,70.0,80.0,40.1982301068,1.60014251682,6.62771713583,11.1836205675,11.3708766134,7.58557461446
1230,0.0,70.0,70.0,80.0,37.8682805705,7.22505194881,4.94952980472,10.5866672726,10.0144101111,7.01104998103
1231,0.0,100.0,70.0,80.0,36.768108674,10.1287028936,4.24392778099,10.3446509398,9.41327220559,6.72993287126
1232,40.0,0.0,70.0,80.0,66.6377462074,18.2649193193,33.0589309461,40.506415797,36.1544221431,13.5116523135
1233,40.0,40.0,70.0,80.0,62.5812659674,9.45673137043,9.27159646706,32.5589824617,31.0873065495,20.7364711498
1234,40.0,70.0,70.0,80.0,56.5268802061,0.359992972797,16.5768039399,23.6500854371,24.44122795,13.1626227043
1235,40.0,100.0,70.0,80.0,52.2320152538,-8.24025384563,-5.2036291142,18.0208484216,20.3512283733,19.1201742079
1236,70.0,0.0,70.0,80.0,47.2766305446,-16.1138458109,2.35894860441,13.0383836102,16.2314032572,12.5425150601
1237,70.0,40.0,70.0,80.0,79.5978547923,-0.556793271954,58.2197725865,53.7550151151,55.9719545597,12.4951343423
1238,70.0,70.0,70.0,80.0,81.5754944587,-1.22613541014,22.8138162884,56.8924543149,59.5179980026,31.7168176666
1239,70.0,100.0,70.0,80.0,43.6923710625,1.20306227374,4.58599636174,13.325103305,13.6264435788,9.80623086444
1240,100.0,0.0,70.0,80.0,69.7522201509,0.19196873241,3.93091271974,39.0165502572,40.3982126528,30.744118024
1241,100.0,40.0,70.0,80.0,62.5799144201,-20.1153320277,-21.0026720056,24.9460343421,31.0857025319,39.5220553619
1242,100.0,70.0,70.0,80.0,75.8498399839,-8.14388223628,-5.79128314823,44.9770786995,49.643368728,45.6211364999
1243,100.0,100.0,70.0,80.0,58.8159941171,36.2926685503,0.882661050446,35.6260919967,26.8293026942,21.6856534039
1244,0.0,0.0,100.0,80.0,73.862218119,12.6651777527,0.811318447272,49.3727994938,46.4897740346,37.7594754607
1245,0.0,40.0,100.0,80.0,80.3195856282,-1.70817064485,4.77318390503,54.5266040029,57.2492562581,43.2795044923
1246,0.0,70.0,100.0,80.0,68.3201963457,-13.595764398,-9.63065926292,33.033785619,38.407926316,38.4149932647
1247,0.0,100.0,100.0,80.0,56.4037828893,40.2797313525,1.17713875181,33.7503675893,24.3169893511,19.5018055239
1248,40.0,0.0,100.0,80.0,36.4404594312,-8.87473352368,9.74827101154,7.90041822327,9.23901125128,5.41371842576
1249,40.0,40.0,100.0,80.0,48.8790432234,21.0523008198,-10.9688364916,20.9756294494,17.4960230562,19.1128074579
1250,40.0,70.0,100.0,80.0,75.6785130016,4.1927430008,58.2693762991,49.1348699316,49.3660881048,10.2511316996
1251,40.0,100.0,100.0,80.0,54.849061205,40.2393392717,12.7036571433,31.8499648022,22.7839139726,13.5227522126
1252,70.0,0.0,100.0,80.0,36.2187786127,-8.22968120365,8.47043111284,7.86658179805,9.1223380273,5.59605220029
1253,70.0,40.0,100.0,80.0,47.6734470388,20.0288255956,-0.125753720653,19.7007332803,16.5386903844,13.6930977875
1254,70.0,70.0,100.0,80.0,75.8700583865,4.3830759797,51.4647985324,49.5108187165,49.6761591141,12.6107324329
1255,70.0,100.0,100.0,80.0,42.7879071521,-7.01885573779,-1.37136304428,11.5372488172,13.0163743713,11.1817209655
1256,100.0,0.0,100.0,80.0,55.9910271751,-16.7409449256,-5.34811093685,19.5170399836,23.9034805661,22.3837176327
1257,100.0,40.0,100.0,80.0,49.7490047657,14.0536230968,10.3848507833,20.3030770121,18.2093138934,11.262136307
1258,100.0,70.0,100.0,80.0,69.0219838126,0.889940876085,12.9910882542,38.2463525587,39.3749245553,24.5937157509
1259,100.0,100.0,100.0,80.0,57.8313642256,33.9317783874,25.0126691386,33.6944849632,25.7839061631,11.0363807446
1260,0.0,0.0,0.0,100.0,37.406578295,14.8758010306,6.80959818629,11.3554822963,9.75911182688,6.39467751917
1261,0.0,40.0,0.0,100.0,36.2333662887,1.7159183441,1.47228967213,9.00684083722,9.1299853274,7.16973489502
1262,0.0,100.0,0.0,100.0,42.0450492983,5.22270398861,10.0070411497,12.8543169268,12.5291493304,7.53648128019
1263,40.0,0.0,0.0,100.0,39.8335430502,-6.85336895843,3.84797534464,9.86008911832,11.1509430054,8.14087628508
1264,40.0,40.0,0.0,100.0,47.0510287457,-3.30621689799,14.1915125434,14.9267567665,16.0584107814,8.70865291896
1265,40.0,100.0,0.0,100.0,45.2833854486,-4.75125383819,-10.4009809706,13.4653144198,14.745322607,16.1246042665
1266,100.0,0.0,0.0,100.0,54.1563677957,-18.4611620663,10.1722582796,17.6589981029,22.1221494006,14.0244354802
1267,100.0,40.0,0.0,100.0,51.2098968431,14.4244537951,0.626696522303,21.6992608814,19.4502737804,15.7895358181
1268,100.0,100.0,0.0,100.0,67.0885410744,-0.0181236053571,30.8909720786,35.4318409894,36.7493305845,14.632338377
1269,0.0,0.0,40.0,100.0,58.0299112176,34.8063614374,13.874028298,34.1936028357,25.9924799685,15.1855566642
1270,0.0,40.0,40.0,100.0,79.0483225514,-0.51864474431,59.5735303234,52.8468618632,55.0122492906,11.703291485
1271,0.0,100.0,40.0,100.0,81.9502061081,-1.04147364495,19.4920140306,57.6281148902,60.2063217034,34.3845324801
1272,40.0,0.0,40.0,100.0,41.7950948641,1.32285067489,4.61481581566,12.1173991307,12.3679857178,8.8517115331
1273,40.0,40.0,40.0,100.0,72.3095456798,0.0916810732734,3.81636968033,42.5767958018,44.1213694561,33.7353128395
1274,40.0,100.0,40.0,100.0,61.8200337664,-20.9863567341,-22.1591286491,23.9846593439,30.1925835694,39.4057271997
1275,100.0,0.0,40.0,100.0,77.1489548998,-6.83207965212,-4.03277550472,47.4252114341,51.7797551164,46.0236386898
1276,100.0,40.0,40.0,100.0,57.5964002315,38.3214612842,0.983070549903,34.6730823234,25.5385214297,20.5859774745
1277,100.0,100.0,40.0,100.0,75.9005783224,10.2371529191,1.43606302765,51.764751879,49.7256839628,39.9234073109
1278,0.0,0.0,100.0,100.0,65.7876430933,17.9150420043,21.7789153111,39.2176821078,35.0500879228,17.4832525609
1279,0.0,40.0,100.0,100.0,68.724520072,19.916410836,1.69742779709,44.0604439729,38.9630893666,31.0408851947
1280,0.0,100.0,100.0,100.0,47.2471450588,-8.06246723252,10.9458317623,14.2838687146,16.2087234229,9.73730847007
1281,40.0,0.0,100.0,100.0,66.7200713633,7.03738395965,-6.81099230559,37.0795028838,36.2625828101,34.4150297859
1282,40.0,40.0,100.0,100.0,34.1985279186,4.29527483965,8.0466966519,8.2893351687,8.10399150325,4.98964111485
1283,40.0,100.0,100.0,100.0,55.6836290331,-7.72350334163,-21.0119635094,21.0918408517,23.5985861085,31.1862957107
1284,100.0,0.0,100.0,100.0,48.3445119361,-5.66134237812,8.67638704446,15.4703631347,17.0671327076,11.0297915535
1285,100.0,40.0,100.0,100.0,65.119576248,6.06879435622,10.382611716,34.7242517727,34.1981846023,22.3879475987
1286,100.0,100.0,100.0,100.0,33.9610092439,5.02268160527,7.08401360066,8.25597966525,7.98950072984,5.09586469199
1287,100.0,0.0,0.0,0.0,53.1137090211,-11.0527352268,-4.55868288202,18.2083311112,21.150402325,19.5317605347
1288,98.0,0.0,0.0,0.0,52.8447035028,43.9701719083,12.7821145941,30.5121194266,20.904396488,12.2546082055
1289,95.0,0.0,0.0,0.0,73.4858768206,-10.1324696422,36.4565441778,40.8710984141,45.9081218711,16.8725443331
1290,90.0,0.0,0.0,0.0,46.9381332781,22.0612212377,-0.641754760518,19.4734076488,15.9723054003,13.4140279434
1291,85.0,0.0,0.0,0.0,58.7501122482,-27.6473095172,14.7004063854,19.714406276,26.7584886155,15.3524906054
1292,80.0,0.0,0.0,0.0,42.5509252207,1.13163413453,-10.7653847449,12.5680105671,12.8595958206,14.3799201905
1293,75.0,0.0,0.0,0.0,49.2898273595,0.110149100771,17.8543576074,17.2140343175,17.8304618698,8.76326258871
1294,70.0,0.0,0.0,0.0,38.4092936809,-9.87080490902,1.1024536437,8.74643651156,10.319182581,8.21773278336
1295,60.0,0.0,0.0,0.0,44.1403486245,8.93030418236,13.7029520728,14.8751890748,13.9355417338,7.51558424177
1296,50.0,0.0,0.0,0.0,35.3130629321,-2.12476215107,-0.562872542302,8.10855117683,8.65585253773,7.27916995541
1297,40.0,0.0,0.0,0.0,38.9833356232,19.1727974813,9.61104778085,12.9683485525,10.6492563628,6.37604441409
1298,30.0,0.0,0.0,0.0,53.4569537982,41.9284950635,20.6781179702,30.6728803988,21.4670925876,10.0303147609
1299,25.0,0.0,0.0,0.0,75.2923553432,-9.36658053535,17.2442332802,43.7272009467,48.7449094968,28.3960304073
1300,20.0,0.0,0.0,0.0,46.8608158603,20.430103935,8.07009357866,19.0848127469,15.9135133348,10.4102176904
1301,15.0,0.0,0.0,0.0,61.2306749897,-24.5733802173,-1.27661356345,22.6096878286,29.5117881041,25.0574116058
1302,10.0,0.0,0.0,0.0,41.7893019088,-1.53134948829,-1.56616286691,11.7042636823,12.3642670627,10.6904939064
1303,7.0,0.0,0.0,0.0,39.6229980286,1.3770925245,4.79951752995,10.8158705079,11.0252694473,7.79840278861
1304,5.0,0.0,0.0,0.0,74.447043035,-0.0577331186921,3.50693667152,45.6905531788,47.4033628063,36.5328635433
1305,3.0,0.0,0.0,0.0,60.4287984579,-22.0932501177,-24.1850808488,22.3955980654,28.6020478272,39.1245425737
1306,2.0,0.0,0.0,0.0,78.7046653441,-5.23061785352,-2.10185867049,50.4833219295,54.4176964296,46.6566333298
1307,0.0,100.0,0.0,0.0,56.2065369879,40.4680327084,2.08455099672,33.5605305182,24.1187936975,18.9175183374
1308,0.0,98.0,0.0,0.0,77.3082483899,7.68279241641,2.06050632186,53.1189871402,52.0458544339,41.3142631351
1309,0.0,95.0,0.0,0.0,79.8864177839,-0.239796400075,61.9753764899,54.3690055128,56.4803416044,11.3841460984
1310,0.0,90.0,0.0,0.0,82.5325810353,-1.13301220708,13.9040731655,58.6266983489,61.2866114568,39.1402106102
1311,0.0,85.0,0.0,0.0,59.9807515968,0.240381638881,5.1343992591,27.1583230801,28.1019714405,20.5661782446
1312,0.0,80.0,0.0,0.0,80.9349771297,-0.47988662358,3.71676046523,56.0764503172,58.3535885482,45.0064676525
1313,0.0,75.0,0.0,0.0,72.4748044014,14.1304100186,0.616790616741,47.7197232463,44.3695338349,36.1672196915
1314,0.0,70.0,0.0,0.0,51.728928431,4.78590331957,20.7541326266,20.1532361326,19.9043796099,9.13066744315
1315,0.0,60.0,0.0,0.0,32.5389221915,-0.159877276654,-2.2888027163,7.04872625999,7.32649770757,6.55480560758
1316,0.0,50.0,0.0,0.0,61.7323365899,26.0595238756,39.2598983628,36.3269126482,30.0906244163,8.77633187226
1317,0.0,40.0,0.0,0.0,71.1630136814,14.5078043167,18.7335039237,45.8349637546,42.4250873645,23.4783382819
1318,0.0,30.0,0.0,0.0,52.7890510187,7.14184710853,17.0399929862,21.5975515371,20.85374155,10.8046433526
1319,0.0,25.0,0.0,0.0,34.1345408103,-1.86373078929,2.86096194515,7.58511058898,8.07304097754,6.02134360368
1320,0.0,20.0,0.0,0.0,60.9167730905,27.7598063749,33.8815567541,35.7818864324,29.1533992307,9.9268974267
1321,0.0,15.0,0.0,0.0,37.677273508,19.8485269065,3.76578089197,12.2304528245,9.90825959717,7.21743160944
1322,0.0,10.0,0.0,0.0,35.3297101018,-3.99283483701,4.57325726388,7.9107022458,8.66427976018,6.09694626916
1323,0.0,7.0,0.0,0.0,43.5900111899,10.1006463013,3.24087318109,14.6760844274,13.5564642541,10.160033617
1324,0.0,5.0,0.0,0.0,38.1237027088,-11.5977285463,8.2207580195,8.40548106242,10.157539783,6.35544572334
1325,0.0,3.0,0.0,0.0,49.8476296104,0.754183473016,4.66593668672,17.7792781545,18.291379895,13.3069149479
1326,0.0,2.0,0.0,0.0,41.085386526,-2.74577254601,2.99289498227,11.1119532804,11.9179311004,8.96347317513
1327,0.0,0.0,100.0,0.0,61.9031569273,-21.9580212043,-13.4859076483,23.8445751992,30.2894372154,33.3009996396
1328,0.0,0.0,98.0,0.0,46.0764219073,18.7906945074,13.4630189091,18.1152359494,15.3251968215,8.44818455041
1329,0.0,0.0,95.0,0.0,75.9189150326,-7.86932096274,3.71119150578,45.1765187096,49.7554548548,38.2363840773
1330,0.0,0.0,90.0,0.0,52.3632180497,40.4693601572,26.2749731606,29.0384075269,20.4688539072,7.92502813858
1331,0.0,0.0,85.0,0.0,54.4152154778,41.5811941908,8.24234197331,31.7041716957,22.3679184216,14.9463347434
1332,0.0,0.0,80.0,0.0,43.5243992617,-7.96316875728,2.23834642251,11.8534010411,13.5117342692,10.4349279104
1333,0.0,0.0,75.0,0.0,67.7253828711,18.879898271,11.9801522858,42.2518371567,37.6008323666,23.9236074479
1334,0.0,0.0,70.0,0.0,50.0548204442,-24.1148768137,9.2627173772,13.6535103146,18.4645862873,11.8120218367
1335,0.0,0.0,60.0,0.0,81.4433227123,-1.37269677772,18.7695131783,56.6014334283,59.2764635838,34.2800704191
1336,0.0,0.0,50.0,0.0,38.6250301184,1.40961864908,4.7734374019,10.251519061,10.4424186493,7.37128237436
1337,0.0,0.0,40.0,0.0,75.5059485024,-0.0973706050233,4.08669601326,47.3001536804,49.0878502963,37.4360109793
1338,0.0,0.0,30.0,0.0,59.0607176802,-22.3485024065,-24.4489133621,21.0774392108,27.0934412396,37.5689972011
1339,0.0,0.0,25.0,0.0,79.1876935682,-3.99769046291,-0.430640822599,51.7394405771,55.2546005756,45.9506575747
1340,0.0,0.0,20.0,0.0,55.0509759927,41.2427807777,2.01031097737,32.3707930297,22.9792672645,18.0420909988
1341,0.0,0.0,15.0,0.0,78.5758227944,5.02737851323,2.87766154729,54.218327214,54.1958980504,42.3913506921
1342,0.0,0.0,10.0,0.0,78.0979374288,-0.329237557418,61.6639863418,51.3474086785,53.3784974254,10.4923816191
1343,0.0,0.0,7.0,0.0,82.5546932787,-0.994075267708,10.970855118,58.7240182394,61.327881723,41.4199014113
1344,0.0,0.0,5.0,0.0,80.2669651219,-1.481562064,3.02241921873,54.5265233148,57.1554797107,44.6295953116
1345,0.0,0.0,3.0,0.0,70.1408076747,-14.4567614962,-10.4323319941,35.0525932631,40.9499004926,41.4198514347
1346,0.0,0.0,2.0,0.0,55.1230778178,-24.1614728274,21.617494623,17.3744278997,23.0492956775,10.6290098332
1347,0.0,0.0,0.0,100.0,31.8707604076,7.16673967441,0.211404965593,7.50813075267,7.02808508655,5.75445990648
1348,0.0,0.0,0.0,98.0,69.4676589847,-5.20650202512,47.3488592763,36.957004134,39.9973720561,10.3166461895
1349,0.0,0.0,0.0,95.0,45.9807634632,9.72860775469,-17.3158803728,16.376015397,15.254458534,19.7499629157
1350,0.0,0.0,0.0,90.0,56.5823381385,-23.2346275869,16.9177104979,18.7407559686,24.4973380441,13.0735279254
1351,0.0,0.0,0.0,85.0,32.7708775798,7.17953051057,3.85382725619,7.92632392123,7.43203494982,5.32712163022
1352,0.0,0.0,0.0,80.0,69.5687741851,-5.14303361602,39.7268510072,37.1096386802,40.1395005178,12.9223648296
1353,0.0,0.0,0.0,75.0,44.0542025127,7.64457432261,-6.23910085966,14.6011292992,13.8757429143,13.645785635
1354,0.0,0.0,0.0,70.0,46.7178537833,-4.07992232795,25.3052425529,14.5611851729,15.8051854936,5.86092400216
1355,0.0,0.0,0.0,60.0,38.6593847763,-4.45916095181,-6.34351313922,9.52653028111,10.4621333143,10.495510091
1356,0.0,0.0,0.0,50.0,42.7987645057,4.68318515292,19.011291121,13.2677153514,13.023587563,5.76316686802
1357,0.0,0.0,0.0,40.0,35.4904515458,3.9284119131,-5.16584875099,8.88947144919,8.74593274774,8.5507698114
1358,0.0,0.0,0.0,30.0,37.4708786727,14.6152278847,11.6086919147,11.3577876347,9.79440356887,5.39685662953
1359,0.0,0.0,0.0,25.0,59.1171229793,33.6251166565,4.35649420454,35.2196523113,27.1545662482,20.2195658816
1360,0.0,0.0,0.0,20.0,65.7864970762,-0.166589611469,41.3057378099,33.7493367705,35.0486145669,10.2229420748
1361,0.0,0.0,0.0,15.0,51.6099851576,15.0869835534,-8.02578784422,22.2142327143,19.7996974521,19.9488570956
1362,0.0,0.0,0.0,10.0,54.1329886709,-19.0568836222,18.9569493354,17.5293647458,22.1000406094,10.9328657882
1363,0.0,0.0,0.0,7.0,45.5257849646,-1.69151865566,-18.0532843989,14.1146753387,14.9209859742,19.7275263402
1364,0.0,0.0,0.0,5.0,72.0755009972,-9.92592094591,43.8150321146,38.9837221726,43.771496916,13.0066084329
1365,0.0,0.0,0.0,3.0,56.392707331,-14.9502643554,-9.48112757442,20.2279710464,24.3058317972,24.980988257
1366,0.0,0.0,0.0,2.0,60.7797130374,8.43069402138,30.824006415,30.1543686084,28.9978291117,10.8024062492
1367,0.0,0.0,0.0,0.0,47.0867486565,4.0412320486,-9.88122474267,16.2132867363,16.0857186637,17.2281448064
1368,100.0,85.0,85.0,0.0,48.8424719386,30.3749093386,17.5538471264,22.9525927619,17.4664530408,8.63323365257
1369,80.0,65.0,65.0,0.0,36.5541981038,1.55591855007,5.03150219013,9.15328255134,9.29925750185,6.46432896288
1370,60.0,45.0,45.0,0.0,78.4790678163,-0.180010903404,4.13233046155,52.0315795967,54.0297342237,41.2727822036
1371,40.0,27.0,27.0,0.0,58.3524972919,-22.9895696716,-25.0075697854,20.3114381789,26.3337502162,37.0858583943
1372,20.0,12.0,12.0,0.0,80.1417857499,-2.93503713604,1.02965522077,53.7418039719,56.9328055799,46.1055584789
1373,10.0,6.0,6.0,0.0,54.6215929799,42.2241718493,2.51197198407,32.1284363096,22.5651674628,17.4899101417
1374,5.0,3.0,3.0,0.0,80.1856722866,3.38826345471,3.16954907472,56.3341756304,57.0108067642,44.3939652344
1375,40.0,27.0,27.0,10.0,78.0508931989,-0.0823484692672,62.9475744395,51.3641776597,53.2984777629,10.0710337382
1376,20.0,12.0,12.0,10.0,82.8709022084,-0.855842514283,8.79041846851,59.3502596915,61.9200821422,43.5873998915
1377,10.0,6.0,6.0,10.0,77.5008745427,-2.31759359219,2.42209607287,49.6328650395,52.3688517126,41.2912640244
1378,60.0,45.0,45.0,20.0,82.0864810981,-1.86428770755,4.44691464776,57.5315287216,60.4579608678,46.0515597334
1379,40.0,27.0,27.0,20.0,32.9470562504,12.187697132,3.86313884564,8.57406079801,7.51286812641,5.38598601583
1380,20.0,12.0,12.0,20.0,60.7862167147,-23.8033552283,30.7445376087,22.358562689,29.0051985779,10.8313696999
1381,10.0,6.0,6.0,20.0,49.2644090452,10.9919356108,-15.9110111283,19.2665820379,17.8096449732,21.8513291624
1382,80.0,65.0,65.0,40.0,40.4370177946,0.370235069345,19.5546363504,11.156034378,11.5164387813,4.84763277228
1383,60.0,45.0,45.0,40.0,33.9499184028,12.9823653181,7.39333217524,9.17751558653,7.98418114468,5.03261511459
1384,40.0,27.0,27.0,40.0,62.1598097272,-23.0405109933,25.1771860282,23.8499941861,30.5897912086,13.5714442875
1385,20.0,12.0,12.0,40.0,48.1111284146,9.78355015002,-3.64086330321,18.0703222454,16.8820932618,15.3517621599
1386,10.0,6.0,6.0,40.0,38.9949857046,0.485465658701,16.5664239659,10.3388222519,10.6560270138,4.94212775457
1387,100.0,85.0,85.0,60.0,35.6356682609,11.226469285,-1.70465533451,9.85826113549,8.82013917905,7.70363557808
1388,80.0,65.0,65.0,60.0,37.7919675717,6.32967977179,10.8736592295,10.4250844244,9.97190935642,5.65993048499
1389,60.0,45.0,45.0,60.0,39.4305389768,3.40242373595,-2.80434501805,10.977576896,10.9112206098,9.81890799612
1390,40.0,27.0,27.0,60.0,42.0014632979,-3.62367716931,16.8031720553,11.53799822,12.5009461216,5.93989593533
1391,20.0,12.0,12.0,60.0,44.1373663727,-4.89912393906,-1.69768981526,12.6884707245,13.9334687212,12.0705838073
1392,10.0,6.0,6.0,60.0,47.3524181651,-17.359656275,8.86536223746,12.8987910435,16.289795117,10.4265159417
1393,100.0,85.0,85.0,80.0,53.2521118843,-5.09196698436,-14.7703627152,19.4858048043,21.2777204292,24.9109722204
1394,80.0,65.0,65.0,80.0,55.982910679,-0.584976373674,24.8560589823,22.9121437393,23.8953966156,10.0842168292
1395,60.0,45.0,45.0,80.0,63.4256114743,10.4066089238,-1.13890861108,33.8635305053,32.100199637,27.1523706714
1396,40.0,27.0,27.0,80.0,65.8491980753,18.4068467971,43.7761571558,39.4586352293,35.1292856466,9.51338797095
1397,20.0,12.0,12.0,80.0,47.6294960289,21.1031922075,-3.92448796821,19.8788696543,16.5044662037,15.1322655732
1398,10.0,6.0,6.0,80.0,49.540462455,12.0482162222,15.0139461782,19.7141571739,18.0365942972,9.70336633374
1399,100.0,85.0,85.0,100.0,58.2351026586,2.52610389854,-2.23806029048,25.8767387653,26.2092125378,22.7797161717
1400,80.0,65.0,65.0,100.0,60.9838864404,-8.76166604041,27.9054766603,26.0118759509,29.2297787995,11.8800463652
1401,60.0,45.0,45.0,100.0,69.3221144005,-15.1825435139,2.36690749733,33.8136776998,39.7933828559,31.2742140652
1402,40.0,27.0,27.0,100.0,56.9397859689,-23.4755240448,-24.2881000692,18.9942178202,24.8610510951,34.8413796383
1403,20.0,12.0,12.0,100.0,81.5534017777,-2.07540176866,1.96387138313,56.5089135378,59.4775796234,47.3761932141
1404,10.0,6.0,6.0,100.0,53.8559498773,44.1619052689,2.74205832514,31.7510719414,21.8391755632,16.8166675313
1405,100.0,0.0,0.0,70.0,80.5283425906,2.59879681251,3.05440085963,56.6126345212,57.6222988237,44.9744709611
1406,0.0,100.0,0.0,70.0,78.5958619745,0.0785956222933,65.0981798541,52.3243433339,54.2303552129,9.70671861425
1407,0.0,0.0,100.0,70.0,82.3677799914,-0.607667405322,7.91592034199,58.5499131347,60.9796100395,43.5930988857
1408,100.0,100.0,0.0,70.0,32.9870691716,1.60142399437,4.45508668633,7.42890386763,7.53130790392,5.28173438835
1409,100.0,0.0,100.0,70.0,80.29130745,-0.289321165306,3.70062842653,55.0413370619,57.1988481479,44.1088801537
1410,0.0,100.0,100.0,70.0,71.7180374701,-2.87179968718,1.89622640812,40.7539040356,43.2407035989,34.3528599457
1411,40.0,40.0,0.0,70.0,67.7624839239,17.9598581268,-0.949404839571,41.9986361883,37.6508404532,31.6825999272
1412,40.0,0.0,40.0,70.0,47.1618886072,-16.0929147706,10.3078141338,12.9663244013,16.1432642012,9.88425567608
1413,0.0,40.0,40.0,70.0,32.9722544905,2.46818927166,-0.0764623765516,7.51332970455,7.52447711034,6.22536275782
1414,3.0,3.0,0.0,0.0,57.9367329964,4.39140414725,30.3232791083,26.0164144327,25.8944566464,9.45799380843
1415,3.0,0.0,3.0,0.0,55.9358926743,-14.0709196127,-23.3493532321,20.0062044278,23.8486030019,33.0145959703
1416,0.0,3.0,3.0,0.0,48.8203535512,-14.7024378039,7.11945918692,14.306735868,17.4485852145,11.8170579483
1417,3.0,3.0,3.0,0.0,34.1283484378,1.56006456225,5.24713890175,7.95169433663,8.07004991978,5.51801636494
1418,3.0,0.0,0.0,3.0,58.3536982751,5.50312428136,24.5359262791,26.7255001779,26.3350263092,11.4882521412
1419,0.0,3.0,0.0,3.0,53.014304726,-17.9624538357,-6.96625720706,16.8463659168,21.0592734405,20.6101015503
1420,3.0,3.0,0.0,3.0,41.0835684585,-13.2696371382,13.5910079675,9.73057418682,11.9167924423,6.29580266673
1421,0.0,0.0,3.0,3.0,43.9061190956,2.38757025998,0.518239652864,13.6534197849,13.7733501693,11.1942480129
1422,3.0,0.0,3.0,3.0,38.2274969753,-5.336589376,9.53227292859,9.19186125856,10.2160899639,6.10505036123
1423,0.0,3.0,3.0,3.0,38.501716087,12.7723306965,0.528797942285,11.7231452342,10.3718580292,8.41420372804
1424,3.0,3.0,3.0,3.0,35.2044638996,2.61573487014,5.57589173328,8.59231285377,8.60101099597,5.83520784309
1425,7.0,7.0,0.0,0.0,74.7677301826,9.57600708122,7.66311129122,49.6747947708,47.9093697816,34.0029434633
1426,7.0,0.0,7.0,0.0,53.0355442209,22.672741145,24.4754224802,25.3352905107,21.0787227127,8.71811531815
1427,0.0,7.0,7.0,0.0,63.9529390944,-5.26197627116,-6.34297330009,30.150377972,32.7438190657,30.9207746341
1428,7.0,7.0,7.0,0.0,45.5184599537,-0.00176144678682,8.72541949881,14.3828172262,14.9156573121,9.51272563655
1429,7.0,0.0,0.0,7.0,54.0233545066,-17.8111360568,-19.1893828823,17.6733113324,21.9965600399,28.2521780974
1430,0.0,7.0,0.0,7.0,57.4289897191,-27.3354215492,20.2598976228,18.6532583452,25.3646393248,12.4031258914
1431,7.0,7.0,0.0,7.0,68.6182619409,0.954772949087,6.30865459915,37.72547251,38.8166752651,28.0500956397
1432,0.0,0.0,7.0,7.0,50.1801758887,-10.6725979791,11.6298350435,15.9712564565,18.5699093409,11.0983656121
1433,7.0,0.0,7.0,7.0,54.0984120846,23.9115229179,2.41077717282,26.7418952473,22.0673697949,17.1399011393
1434,0.0,7.0,7.0,7.0,42.6145097901,5.75769229401,4.82385976887,13.3109855611,12.901536754,9.19235604663
1435,7.0,7.0,7.0,7.0,57.106336844,-23.7195247538,-24.2417293313,19.0871903472,25.031743606,35.0093834104
1436,40.0,3.0,0.0,0.0,82.3636662122,-1.25911946141,2.58841538153,58.2727315612,60.9719597858,48.0397258953
1437,3.0,40.0,0.0,0.0,53.6562869848,44.8341183312,2.62639305652,31.6991229178,21.6524475164,16.7188798471
1438,40.0,0.0,3.0,0.0,81.6679436416,1.52452432888,3.33014982817,58.1837965355,59.6873316638,46.3838818615
1439,40.0,3.0,3.0,0.0,78.8964695065,-0.159278095467,64.8278942455,52.7325749643,54.7490009307,9.94293422865
1440,0.0,40.0,3.0,0.0,82.1645028307,-0.706671073449,6.00426758934,58.1462698371,60.6023473694,44.8681012747
1441,3.0,40.0,3.0,0.0,33.3938545533,1.60349378193,4.65303998203,7.61431652052,7.72048863538,5.38206242134
1442,40.0,40.0,3.0,0.0,81.3069978298,-0.266290884553,3.76990543718,56.8121230735,59.0280251052,45.4942769635
1443,3.0,0.0,40.0,0.0,59.9106521259,-4.28691866122,1.76051167812,25.9753559621,28.0242629527,22.2023425064
1444,0.0,3.0,40.0,0.0,69.1618468622,-12.1779787267,-12.6736380654,34.4837382852,39.5695622611,41.8540121006
1445,3.0,3.0,40.0,0.0,72.8281964017,5.39686494885,-2.66923683428,45.1570201916,44.9033316072,39.0210983149
1446,40.0,3.0,40.0,0.0,51.5556964781,-6.45490336765,19.0112851656,17.808020537,19.7520401476,9.54887993443
1447,3.0,40.0,40.0,0.0,61.0116609169,-8.09947574525,-17.4453879527,26.2012012759,29.2614270355,34.9653575543
1448,40.0,0.0,0.0,3.0,35.6267431129,10.9904322538,11.9441700435,9.82357687903,8.81556632593,4.72097925788
1449,40.0,3.0,0.0,3.0,70.9757146995,4.76907864246,16.3284957015,42.2182121876,42.1521810293,24.6108917697
1450,0.0,40.0,0.0,3.0,52.9743796295,-4.95795786178,14.8342878059,19.2747614684,21.0227459169,11.63078969
1451,3.0,40.0,0.0,3.0,58.890316124,-11.2124173602,-0.0789752009256,23.3374574495,26.9093386201,22.2437845697
1452,40.0,40.0,0.0,3.0,35.0769179494,11.317960628,10.6027563547,9.56806786428,8.53689780863,4.7936526231
1453,40.0,0.0,3.0,3.0,33.9359201189,2.29601500841,-6.73303248724,7.94145192165,7.9774704121,8.25042470781
1454,40.0,3.0,3.0,3.0,41.0470117349,15.7691565037,17.6445019234,13.8203623582,11.893912305,5.42300552087
1455,0.0,40.0,3.0,3.0,36.0480984602,-3.24407217269,-7.63950112592,8.33822070969,9.03317938675,9.52349258706
1456,3.0,40.0,3.0,3.0,45.8265193428,4.44429771302,25.1215956676,15.3429744698,15.1408558681,5.57834982766
1457,40.0,40.0,3.0,3.0,38.9394385903,-10.1157139417,-8.04861364902,8.9869019108,10.6237705877,11.1954280794
1458,0.0,0.0,40.0,3.0,53.0780620331,-32.2591539441,16.5568081684,14.4361096864,21.1176927795,11.1209240817
1459,3.0,0.0,40.0,3.0,44.7537535702,10.4863841422,-13.2430046401,15.5851542043,14.3663147833,16.9419764643
1460,40.0,0.0,40.0,3.0,65.8021946305,-17.7444202207,38.044558019,28.963828387,35.0687994319,11.2681108841
1461,0.0,3.0,40.0,3.0,50.686201699,31.6080120006,-1.2908264964,25.0536194964,18.9991415011,16.2102170379
1462,3.0,3.0,40.0,3.0,77.7700286266,-0.799639421254,60.1787927959,50.6346947172,52.8224058975,10.7829079475
1463,40.0,3.0,40.0,3.0,42.9093546939,1.22926090615,-13.6126150426,12.8138983016,13.0972111311,15.759975525
1464,0.0,40.0,40.0,3.0,56.8052847509,32.0318902816,29.6370000147,31.9120832577,24.723772955,9.0934815003
1465,3.0,40.0,40.0,3.0,49.0085745554,-12.5942231909,-14.3567268935,14.7853732684,17.6010251053,20.8486236799
1466,40.0,40.0,40.0,3.0,71.8199482283,9.06697737739,47.1808282318,44.9216468844,43.3915898255,11.6797401525
1467,3.0,0.0,0.0,40.0,55.1803550082,-27.0760915873,-12.097392774,16.8866802281,23.1050270552,25.275671279
1468,0.0,3.0,0.0,40.0,56.7385151609,-23.4181179814,-24.2493338671,18.8359767086,24.6558129417,34.5733275365
1469,3.0,3.0,0.0,40.0,81.9073092045,-1.03231927601,2.81818035833,57.5560015963,60.1272549823,47.1677730195
1470,40.0,3.0,0.0,40.0,53.8360930532,45.1247132893,2.61178803351,31.9936980488,21.820557246,16.8578648198
1471,3.0,40.0,0.0,40.0,82.2953731391,1.03263768416,3.68254017732,59.1026683153,60.8450509687,47.0014903657
1472,0.0,0.0,3.0,40.0,78.9368525861,0.0214216788718,64.7874726076,52.8699552966,54.8189257954,9.97620031732
1473,3.0,0.0,3.0,40.0,82.3406170496,-0.577772974151,5.4006233808,58.5137497675,60.9291078858,45.6203764632
1474,40.0,0.0,3.0,40.0,33.3630577297,1.62268016532,4.63770007559,7.60223007778,7.70605657819,5.37449352103
1475,0.0,3.0,3.0,40.0,81.352510337,-0.383536582733,3.56869009206,56.8442226896,59.1108897566,45.7274304962
1476,3.0,3.0,3.0,40.0,51.0275334523,-5.11587526187,2.27604469542,17.6326906703,19.2923772884,14.9961037413
1477,40.0,3.0,3.0,40.0,81.1884938343,-0.216049027481,1.98660108834,56.6250623199,58.812628219,46.8210154825
1478,0.0,40.0,3.0,40.0,53.9185976383,-30.8526596668,18.0018061439,15.2721879974,21.8979852774,11.1222910576
1479,3.0,40.0,3.0,40.0,53.3144573267,20.9629396898,-9.48327848589,25.2150097284,21.3352391163,22.1358846584
1480,40.0,40.0,3.0,40.0,69.1099264668,-13.6669414191,45.0202085924,33.9868838715,39.4972335679,10.855540411
1481,3.0,0.0,40.0,40.0,46.1654948224,2.51395199033,-20.5340404795,15.2633937513,15.3912614993,21.4859328365
1482,0.0,3.0,40.0,40.0,55.703532472,-30.5607152839,13.7433152759,16.6649867823,23.6182484825,13.6840942929
1483,3.0,3.0,40.0,40.0,52.5661386298,20.4521020977,2.82247991628,24.341321368,20.6516668099,15.8482021647
1484,40.0,3.0,40.0,40.0,69.8601509452,-13.8034173139,37.5840895595,34.8888872256,40.5509446073,13.8970906832
1485,3.0,40.0,40.0,40.0,44.248932829,-0.203824951363,-8.88006470403,13.4791137,14.0111605218,14.7861716418
