SAMPLE_ID,CMYK_C,CMYK_M,CMYK_Y,CMYK_K,LAB_L,LAB_A,LAB_B,XYZ_X,XYZ_Y,XYZ_Z
1,0.0,0.0,0.0,0.0,64.5599522738,5.5190038424,6.4961726693,33.8640474244,33.4952815819,23.9378917284
2,0.0,10.0,0.0,0.0,48.0401800084,0.386374280211,-0.60266759425,16.2935715149,16.8261076958,14.1118774918
3,0.0,20.0,0.0,0.0,34.7330704093,0.640560871786,-0.298891547742,8.13805447093,8.36564581176,6.97353368415
4,0.0,30.0,0.0,0.0,79.5358947643,3.64230129667,5.07806978882,55.310718641,55.8631934386,41.9600443157
5,0.0,40.0,0.0,0.0,36.4905286196,0.638365983781,-0.128438360362,9.01052244696,9.2655002416,7.67760235571
6,0.0,55.0,0.0,0.0,73.7915186132,0.492364286044,1.77431381749,44.895066081,46.3801322223,36.9676969033
7,0.0,70.0,0.0,0.0,42.4665020596,5.82253516928,-3.35971442424,13.2226142626,12.8040501682,11.6566115349
8,0.0,85.0,0.0,0.0,69.5994799549,0.238979938933,1.63681487155,38.8233711211,40.182727382,32.0640139715
9,0.0,100.0,0.0,0.0,36.1581768834,-0.031437151446,1.09957657336,8.76236342519,9.09061448964,7.2289178398
10,10.0,0.0,0.0,0.0,77.2815498272,3.31018124243,5.34586572288,51.3932271669,52.0011911172,38.7685382918
11,10.0,10.0,0.0,0.0,37.9712243379,-0.141398591826,1.08331478939,9.69462267562,10.07193334,8.02352024069
12,10.0,20.0,0.0,0.0,51.8669400231,0.54880615872,2.39393087277,19.4201716909,20.0263054973,15.5302302692
13,10.0,30.0,0.0,0.0,41.606135595,-0.374860845643,0.0740288204257,11.7563913756,12.2470716691,10.0825365051
14,10.0,40.0,0.0,0.0,73.2211298622,6.76545357421,1.95217642031,46.2339034832,45.5018640323,36.1325092312
15,10.0,55.0,0.0,0.0,52.2190410557,-7.19366467644,-15.2640676332,18.2088534865,20.3396213295,24.200721542
16,10.0,70.0,0.0,0.0,77.1660422946,4.15310583204,1.34823229063,51.5245701298,51.8082560297,41.6798628723
17,10.0,85.0,0.0,0.0,37.4219583167,0.21567989573,1.67391419767,9.44529312419,9.76754553964,7.62778683423
18,10.0,100.0,0.0,0.0,69.7816244905,-0.154444455818,0.831949735258,38.9470637199,40.4397844091,32.8071339332
19,20.0,0.0,0.0,0.0,41.0077973305,0.107849508026,1.98183923646,11.4606896811,11.8694013552,9.2129538916
20,20.0,10.0,0.0,0.0,65.9466103888,-0.0930963179487,0.860807632553,33.9692371151,35.2548616833,28.5604988626
21,20.0,20.0,0.0,0.0,79.5303548553,0.945662765606,2.15425688324,54.2311956026,55.8534758639,44.3002324952
22,20.0,30.0,0.0,0.0,58.5295379795,0.0222890036488,1.05348019378,25.5806710508,26.5223083113,21.3498496552
23,20.0,40.0,0.0,0.0,50.1627750528,-0.888968482949,0.713741644526,17.7259588007,18.5552653639,15.0244516852
24,20.0,55.0,0.0,0.0,47.9462703813,0.286778181604,1.82470361616,16.2045428613,16.7521939046,13.1473188631
25,20.0,70.0,0.0,0.0,79.9184188317,0.937397675497,1.10273240804,54.8899676201,56.536909576,45.7219078052
26,20.0,85.0,0.0,0.0,41.5940844775,0.433792002973,1.99186533153,11.8643665896,12.2393870697,9.50316818386
27,20.0,100.0,0.0,0.0,61.9464903742,-8.04534672819,-7.83834892805,27.2049071967,30.3400106198,29.6744114689
28,30.0,0.0,0.0,0.0,73.8274125917,-1.37026152487,-0.706176707704,44.3040898161,46.4357755526,38.8408670557
29,30.0,10.0,0.0,0.0,79.5046512565,-0.316187676675,6.30166186655,53.6918926646,55.8084038311,40.96076785
30,30.0,20.0,0.0,0.0,61.0296552009,-1.3421822918,-0.196584763526,27.8954027502,29.2819432065,24.2681127246
31,30.0,30.0,0.0,0.0,52.3963203921,-1.1054798191,1.13558617885,19.5451835712,20.4986021477,16.4295626977
32,30.0,40.0,0.0,0.0,58.1615690275,-1.18681724922,0.800111323197,24.9187773113,26.1314050014,21.1589147192
33,30.0,55.0,0.0,0.0,82.5621810507,0.201305698125,2.54304975878,59.2358169883,61.3418610903,48.37501739
34,30.0,70.0,0.0,0.0,37.9443971785,5.83531123812,-13.0031039433,10.4464561712,10.056921614,12.2876249884
35,30.0,85.0,0.0,0.0,47.6473348756,21.2287093414,17.6752101004,19.9197651897,16.5183514242,8.04737450203
36,30.0,100.0,0.0,0.0,43.632048831,-4.03307088206,-15.858970166,12.493097367,13.5851746311,17.2374536652
37,40.0,0.0,0.0,0.0,71.0595687964,5.78213852118,17.5731060421,42.6784022894,42.2742165406,24.0080934134
38,40.0,10.0,0.0,0.0,55.1502549379,-26.2828113084,-0.266030345534,17.0071320705,23.0757281473,19.1640289651
39,40.0,20.0,0.0,0.0,53.6173933875,-27.8900243382,5.21344941848,15.5558059462,21.6161978908,15.6110595043
40,40.0,30.0,0.0,0.0,70.4721525511,14.3467075947,19.9677686788,44.737715492,41.4242679519,22.2034910704
41,40.0,40.0,0.0,0.0,45.8409933708,-9.6567170024,-2.47193451436,13.0794328632,15.1514921039,13.3913895319
42,40.0,55.0,0.0,0.0,49.233929557,23.7942605037,4.26275318071,21.8822960567,17.7847044857,13.0681967699
43,40.0,70.0,0.0,0.0,37.8838289347,0.985768051246,-3.45531216525,9.78880554598,10.0230841939,9.22759762354
44,40.0,85.0,0.0,0.0,43.720008126,9.43051718304,-14.5586131632,14.6579831762,13.6453791279,16.7417293663
45,40.0,100.0,0.0,0.0,48.844950148,21.7971221679,8.69523197976,21.1009917087,17.4684557643,11.3051406994
46,55.0,0.0,0.0,0.0,42.493098097,-8.98037723545,-6.4408338452,11.0891046121,12.8215315592,12.7382256596
47,55.0,10.0,0.0,0.0,59.0564928556,5.84175444005,15.8551127234,27.5624107022,27.0888665992,15.1011720619
48,55.0,20.0,0.0,0.0,53.4975078929,-29.2341214779,9.06866077857,15.2389314125,21.5047167649,14.0121468126
49,55.0,30.0,0.0,0.0,47.4373287244,32.8058081919,5.55974444797,22.156282221,16.3553820515,11.5398150579
50,55.0,40.0,0.0,0.0,72.680272576,-11.6350571071,25.654012242,39.2683640003,44.6793751013,21.2481350985
51,55.0,55.0,0.0,0.0,49.517385128,31.5548542838,-1.19817463768,23.8732903571,18.0175485126,15.3444591084
52,55.0,70.0,0.0,0.0,60.0058071834,-26.6816416005,6.55728396768,21.0230108243,28.1297815205,19.8972582138
53,55.0,85.0,0.0,0.0,43.9500526212,9.79276231707,-12.2903090912,14.8822157422,13.8036754042,15.9545201329
54,55.0,100.0,0.0,0.0,62.1710039144,-2.4045206077,39.3281773823,28.8829978632,30.6029364642,8.96889301248
55,70.0,0.0,0.0,0.0,43.5783952824,24.5270850697,-3.39854979792,17.1771346864,13.5485380965,12.3256484404
56,70.0,10.0,0.0,0.0,54.9242982889,-11.4980133003,26.7921133893,19.6459595219,22.8565761741,8.9806655553
57,70.0,20.0,0.0,0.0,38.4036936669,10.6894515654,-10.7299625072,11.3709967877,10.3159966389,11.7797160908
58,70.0,30.0,0.0,0.0,45.8018652233,-23.3733104559,9.7671612009,11.0711899212,15.122750257,9.35148524612
59,70.0,40.0,0.0,0.0,52.7390367793,35.9854450491,10.9803522727,28.3002870693,20.8082884203,12.8254114941
60,70.0,55.0,0.0,0.0,63.952460241,-4.12913086406,27.6163873702,30.4527730917,32.7432307422,13.8149763262
61,70.0,70.0,0.0,0.0,46.8163577222,14.7197876309,-1.84461365758,17.9484538883,15.8797728441,13.7834170923
62,70.0,85.0,0.0,0.0,54.4200273024,-17.4732744289,10.9704115254,18.0583326508,22.3725042708,13.8943637521
63,70.0,100.0,0.0,0.0,53.7033914616,25.0148429702,-3.69191983262,26.5946973096,21.6964040834,19.6028555168
64,85.0,0.0,0.0,0.0,67.844210466,1.17384241931,43.7076033742,36.7688868817,37.7611550993,10.5794858216
65,85.0,10.0,0.0,0.0,33.9164725877,7.76618004988,-1.43579314397,8.54608326316,7.9681535701,6.9091318522
66,85.0,20.0,0.0,0.0,50.5551712624,-22.8575781494,4.32867205277,14.1971642529,18.8873682657,13.886135666
67,85.0,30.0,0.0,0.0,50.5225867004,-17.1525076497,17.4020509518,15.1139036206,18.8596408022,9.49841791193
68,85.0,40.0,0.0,0.0,55.9868482097,4.10958339554,-3.17886504618,23.9738828866,23.8993181299,21.2737503215
69,85.0,55.0,0.0,0.0,45.1330513215,-4.71450368967,10.2605154463,13.370351309,14.6370734401,8.88231616618
70,85.0,70.0,0.0,0.0,52.8453678219,23.9410805353,3.12394207834,25.4419139121,20.9050016467,15.9224673789
71,85.0,85.0,0.0,0.0,42.3259919725,7.59678904513,0.0246883788457,13.4032214052,12.7119575387,10.4809715215
72,85.0,100.0,0.0,0.0,45.3328132467,22.455254653,-11.1539878592,18.2025514235,14.7810296822,16.476500706
73,100.0,0.0,0.0,0.0,52.033721285,30.724561995,4.44707662468,26.2318010189,20.1743110161,14.8235395269
74,100.0,10.0,0.0,0.0,49.8272858814,1.5152225747,-5.73139245291,17.9057806777,18.2744316802,17.4799318354
75,100.0,20.0,0.0,0.0,55.055847692,0.481113231477,20.673855404,22.2679767296,22.9839943955,10.8924586971
76,100.0,30.0,0.0,0.0,52.4826036737,-13.6932214944,-5.53474051868,17.2064406433,20.5762782049,19.4787380823
77,100.0,40.0,0.0,0.0,57.7431281832,-21.1045975345,-4.73825749096,20.1599148716,25.6915733719,23.6576425979
78,100.0,55.0,0.0,0.0,55.7747686101,1.25385066803,10.8219488563,23.1217868111,23.6887113236,14.8531962743
79,100.0,70.0,0.0,0.0,45.67163568,-3.71690634503,-2.08438306041,13.8914170977,15.0273511085,13.1427005936
80,100.0,85.0,0.0,0.0,46.6864256479,16.9345499115,4.7139959399,18.2623670193,15.7814372971,11.3907616067
81,100.0,100.0,0.0,0.0,46.1650701149,20.1059564054,-10.022198381,18.439275401,15.3909460475,16.6050099437
82,0.0,0.0,10.0,0.0,41.3922819724,-1.76756843772,-1.44702927175,11.4302052586,12.1111814696,10.4378317721
83,0.0,10.0,10.0,0.0,54.6935544847,-18.6763023094,1.68187417535,18.0537819066,22.6342176725,17.9131128852
84,0.0,20.0,10.0,0.0,49.3580773656,11.0931413853,1.89449832959,19.3666023584,17.8864369762,14.0262756922
85,0.0,30.0,10.0,0.0,66.3410023084,-1.62486001868,20.1457343315,34.0178011937,35.766338291,18.6462270728
86,0.0,40.0,10.0,0.0,56.6668093696,28.7593796888,14.6802859675,30.8529133767,24.5829675331,13.9563094008
87,0.0,55.0,10.0,0.0,52.2596582769,-16.9941435737,-8.93198940248,16.436673659,20.3759732421,20.9380778348
88,0.0,70.0,10.0,0.0,59.6648943804,19.4835835958,0.484424460979,31.8505580661,27.7529608397,22.6449483912
89,0.0,85.0,10.0,0.0,57.2862049442,-8.1569083094,18.5691639968,22.4811118926,25.2169600597,12.9154773323
90,0.0,100.0,10.0,0.0,49.8626944076,3.2196063068,-12.9745228766,18.2577632531,18.3039370201,20.893381646
91,10.0,0.0,10.0,0.0,66.4454687148,9.257032644,34.9650159132,37.3973714096,35.9026418249,12.6995629011
92,10.0,10.0,10.0,0.0,32.8931391428,-1.07242176634,-4.97281210961,7.11104006108,7.48806830524,7.3376164548
93,10.0,20.0,10.0,0.0,52.9584521991,-18.5954237491,18.5992408149,16.6888819625,21.0081856841,10.4052429255
94,10.0,30.0,10.0,0.0,36.2320570437,6.74784619774,2.2298552806,9.61886708746,9.12929880714,6.98682172128
95,10.0,40.0,10.0,0.0,62.8337301975,2.66942742093,37.2335355073,30.9861603901,31.387900149,9.91276378616
96,10.0,55.0,10.0,0.0,48.9142296425,-5.62191437019,-3.5199048592,15.9005198186,17.5245048111,15.8671583289
97,10.0,70.0,10.0,0.0,63.725287409,-15.2901571988,11.5227279414,27.3101731702,32.464918201,20.5994150205
98,10.0,85.0,10.0,0.0,57.2760232236,13.5362018717,10.3421537404,27.5674344262,25.2064512727,16.0970395399
99,10.0,100.0,10.0,0.0,74.6009654326,-0.808304307841,28.5310507755,45.6599272399,47.6457874264,21.4665493396
100,20.0,0.0,10.0,0.0,41.7751345456,18.5563537251,-6.56320239172,14.7807256073,12.3551757889,12.3450259754
101,20.0,10.0,10.0,0.0,43.6332540303,11.6772781604,10.1004511535,14.9687811701,13.5859983412,8.22008132211
102,20.0,20.0,10.0,0.0,50.0798054255,6.36849583524,-6.84480444822,19.0481602541,18.4855466893,18.1700278209
103,20.0,30.0,10.0,0.0,61.1549877218,-7.7735658193,2.67162217339,26.430921924,29.4251070684,22.8451648261
104,20.0,40.0,10.0,0.0,66.9681146995,-17.7608317052,6.76301114594,30.2831966332,36.589771491,26.107640233
105,20.0,55.0,10.0,0.0,67.2766334726,-8.70979017003,9.29427941111,33.1437743357,36.9994708258,24.9753987132
106,20.0,70.0,10.0,0.0,61.5114540066,0.455152969881,5.95647662418,28.8873458311,29.834837964,21.4698033451
107,20.0,85.0,10.0,0.0,54.5401291203,12.4503317781,1.76275716503,24.4586286822,22.4871689679,17.7591341796
108,20.0,100.0,10.0,0.0,45.1184044598,12.9943495222,-2.91587723513,16.2960676738,14.6265552756,13.0982537549
109,30.0,0.0,10.0,0.0,41.0373125904,16.7917062096,4.27624088178,13.9763474025,11.8878467202,8.58398012718
110,30.0,10.0,10.0,0.0,50.3167111411,30.0559748759,-3.75081424476,24.3200820618,18.6850804626,16.9847076032
111,30.0,20.0,10.0,0.0,45.1978774383,11.5313041793,1.12409987714,16.098709059,14.6836867443,11.7324645108
112,30.0,30.0,10.0,0.0,49.8256680623,2.7088108614,4.14353864724,18.1301681763,18.2730843363,13.4853859527
113,30.0,40.0,10.0,0.0,52.8461556553,-3.00318704243,5.95825545091,19.5534174619,20.9057193354,14.7800660985
114,30.0,55.0,10.0,0.0,63.3030336473,-13.9510166367,3.29670166299,27.1903502863,31.9518078316,24.5022247708
115,30.0,70.0,10.0,0.0,64.4477457374,14.9208226435,21.1495255819,36.4978880992,33.355516461,16.7542712119
116,30.0,85.0,10.0,0.0,60.0841737961,7.65597487156,14.437705243,29.1598626183,28.2168818145,16.4096511096
117,30.0,100.0,10.0,0.0,56.1951073836,-1.76854347782,7.39434067274,22.8525060286,24.1073421872,16.5526285029
118,40.0,0.0,10.0,0.0,51.7544314289,-10.2098702456,-0.131584916178,17.2697246029,19.9268727688,16.4973774995
119,40.0,10.0,10.0,0.0,50.2840280049,-0.569509972834,-18.1085887027,17.8839419867,18.6574681413,23.9330640799
120,40.0,20.0,10.0,0.0,53.8250392974,11.6131383295,27.2655634449,23.5611690551,21.8101975198,8.32879165093
121,40.0,30.0,10.0,0.0,53.1237567469,9.61085309975,-3.75480549723,22.4430373203,21.1596281795,19.1616032635
122,40.0,40.0,10.0,0.0,49.0476471165,1.02031170524,16.9789200484,17.1895177755,17.632780788,8.89097295343
123,40.0,55.0,10.0,0.0,45.6935804339,-0.648372929942,-12.8616956141,14.4004340682,15.0433984635,17.4813502474
124,40.0,70.0,10.0,0.0,41.5685600452,-12.1383772433,3.82550413429,10.140213029,12.2231215983,8.96359959388
125,40.0,85.0,10.0,0.0,67.8641233062,9.46767276716,24.0038685846,39.3776427615,37.7880660966,18.0861837307
126,40.0,100.0,10.0,0.0,62.9176432659,2.58969063772,15.9663788537,31.0627566605,31.4882376399,17.8661931735
127,55.0,0.0,10.0,0.0,58.2420436526,-6.75674643361,7.32474741914,23.7127555126,26.2165649219,18.1264064451
128,55.0,10.0,10.0,0.0,53.7233771,-11.7443260714,-26.5114410951,18.5795526287,21.7150720772,32.5779625909
129,55.0,20.0,10.0,0.0,66.0388040709,5.93449514768,-1.91250558812,35.8573503256,35.373985595,30.3872474321
130,55.0,30.0,10.0,0.0,41.4141554372,-1.06063547511,14.8578239154,11.5424301257,12.1250342631,6.14192061981
131,55.0,40.0,10.0,0.0,36.434579693,-1.89975737582,-0.611565036687,8.68344047122,9.23590390571,7.77628986738
132,55.0,55.0,10.0,0.0,37.8225116962,-11.3308512366,5.62817670161,8.28871465164,9.98890573536,6.83138967818
133,55.0,70.0,10.0,0.0,58.6330497469,-7.04523845544,31.6465041838,24.0313977572,26.6329699017,9.42221038956
134,55.0,85.0,10.0,0.0,49.5607758539,-4.86337919287,-11.7877776859,16.5253486347,18.0533701066,20.0589924278
135,55.0,100.0,10.0,0.0,50.6542945379,6.81008818808,21.1993801899,19.6265168924,18.9718831486,8.49065365736
136,70.0,0.0,10.0,0.0,46.2417350177,4.21200723289,-8.93093748365,15.6090863479,15.447958827,16.2006980595
137,70.0,10.0,10.0,0.0,47.5423199984,30.4196800394,11.9059953832,21.7392499542,16.436722927,9.60355762024
138,70.0,20.0,10.0,0.0,52.5839297006,40.342282398,-0.510916166238,29.2531929038,20.6677466395,17.2750532855
139,70.0,30.0,10.0,0.0,45.1493818281,11.7296020477,-7.16814949197,16.0968259977,14.6488066029,14.7235460655
140,70.0,40.0,10.0,0.0,58.1621253174,19.7163398814,8.03062560566,30.1551523347,26.1319930451,17.7488914882
141,70.0,55.0,10.0,0.0,48.1551034373,-11.0622194551,8.44627624724,14.4324046714,16.9168563266,10.9986105474
142,70.0,70.0,10.0,0.0,60.8327750629,-4.63090253076,5.90845581995,26.8614053845,29.0579913775,20.9087189479
143,70.0,85.0,10.0,0.0,70.041393652,-6.16716297482,13.5695803438,37.4206010223,40.80828476,25.2506558397
144,70.0,100.0,10.0,0.0,49.1796573469,-9.07993523015,-0.04078386142,15.5013327128,17.7403527614,14.6535891385
145,85.0,0.0,10.0,0.0,52.4134346869,7.60254160399,8.2287929619,21.3513240871,20.5139936297,13.6251282077
146,85.0,10.0,10.0,0.0,41.7310604537,4.53422624548,-3.89695032973,12.5484912601,12.3269217041,11.4129963895
147,85.0,20.0,10.0,0.0,52.8538931818,38.9541255,1.45157501969,29.1945830552,20.9127688243,16.6299633068
148,85.0,30.0,10.0,0.0,44.4167035685,-16.1839476358,3.49979507379,11.2386096837,14.1285342798,10.5215461173
149,85.0,40.0,10.0,0.0,41.9488644441,5.45493583644,-7.02899563463,12.8268040839,12.4669673585,12.6139087465
150,85.0,55.0,10.0,0.0,51.9499144777,-4.0300112112,16.4846796412,18.5930818885,20.0998481164,10.5226154092
151,85.0,70.0,10.0,0.0,47.2064130883,17.7254129397,0.753055704365,18.8470588188,16.1774277107,13.073262206
152,85.0,85.0,10.0,0.0,57.9086144439,4.97705604906,26.2080542244,26.1287758619,25.864924461,10.6961044075
153,85.0,100.0,10.0,0.0,51.3068779545,-1.37142019788,0.919405134219,18.571246995,19.5345931633,15.7380117031
154,100.0,0.0,10.0,0.0,67.3651978499,-10.4898631236,18.7332812931,32.7483798935,37.1176427941,20.1440675618
155,100.0,10.0,10.0,0.0,58.8258583764,17.572111623,14.5926297331,30.3465972702,26.8399161773,15.4488463681
156,100.0,20.0,10.0,0.0,76.6446289394,3.20631970435,34.2447023247,50.3171904135,50.9432644281,20.3807216582
157,100.0,30.0,10.0,0.0,58.3440223304,13.0588731456,11.8861670709,28.616467754,26.3247463996,16.2211552742
158,100.0,40.0,10.0,0.0,55.4172062433,-12.456746384,-13.5156685314,19.8804400898,23.3364399447,26.3169966281
159,100.0,55.0,10.0,0.0,36.8746325862,0.695703654449,7.28780643882,9.21614752467,9.47039558269,6.08586211576
160,100.0,70.0,10.0,0.0,66.3433699777,-1.05303742425,0.469325891911,34.1862047865,35.7694237027,29.2217871248
161,100.0,85.0,10.0,0.0,51.7083171078,22.4234857121,20.1849581007,23.9446038955,19.8862131879,9.28374818395
162,100.0,100.0,10.0,0.0,57.2734815296,-23.2888173932,2.37265990506,19.3142983194,25.2038283875,19.6459705622
163,0.0,0.0,20.0,0.0,53.2958288226,3.55325970871,2.82456191494,21.2993040382,21.3180419774,16.3713493949
164,0.0,10.0,20.0,0.0,69.6678225425,-7.08972421257,21.2171345767,36.6463651185,40.2790498612,20.8711547553
165,0.0,20.0,20.0,0.0,60.3955890319,22.691765324,16.4281261261,33.6407471269,28.5647800063,15.8043243545
166,0.0,30.0,20.0,0.0,45.8684234937,29.2387319198,-0.153328180824,19.989052754,15.1716627856,12.5722678512
167,0.0,40.0,20.0,0.0,39.539116155,-2.76133938749,0.957904553799,10.2215637295,10.9754648885,8.78684435298
168,0.0,55.0,20.0,0.0,54.9947924923,14.5810615965,0.184089665824,25.4192488096,22.9247978492,18.8301417424
169,0.0,70.0,20.0,0.0,51.032029199,-17.6603572644,-2.88115149763,15.3995973574,19.2962595494,17.1420985358
170,0.0,85.0,20.0,0.0,78.187264934,-4.95391991335,23.5214835832,49.7527083172,53.5306589713,27.6215239748
171,0.0,100.0,20.0,0.0,77.344982837,3.29928714071,24.5922675056,51.4931371494,52.107348305,26.1432276408
172,10.0,0.0,20.0,0.0,50.1940066289,-19.1107646714,2.15695345724,14.5534057344,18.5815543359,14.4787661221
173,10.0,10.0,20.0,0.0,62.3987605238,27.5068343896,14.6124073822,37.6462574044,30.8712078714,18.0719790707
174,10.0,20.0,20.0,0.0,39.8757198579,0.0216467294908,-11.4111356506,10.7800988199,11.176232456,12.9019018381
175,10.0,30.0,20.0,0.0,45.2668827986,27.9685033718,11.0873051547,19.2163707288,14.7334137653,8.7164207434
176,10.0,40.0,20.0,0.0,48.9391378324,32.2088553761,1.40545306404,23.4563559864,17.5446854961,13.9378681381
177,10.0,55.0,20.0,0.0,40.6880616475,-2.50354951976,-7.92492320648,10.9117127824,11.6708061121,12.1671075568
178,10.0,70.0,20.0,0.0,55.4159088413,12.7180727193,12.5748634002,25.4078729203,23.3351681423,13.936898535
179,10.0,85.0,20.0,0.0,45.5221140409,-14.2038450778,-5.57733235482,12.1956657438,14.9183153606,14.3547137658
180,10.0,100.0,20.0,0.0,74.7343815307,-0.199340589024,20.2691711418,46.0773673015,47.8565825424,26.0410063586
181,20.0,0.0,20.0,0.0,64.5158791092,-0.557942032746,11.1809786777,32.091098514,33.4403373248,21.4473841911
182,20.0,10.0,20.0,0.0,42.7394300957,21.8948466527,7.41577029589,16.0578331493,12.9842006456,8.52802189374
183,20.0,20.0,20.0,0.0,56.9939954285,-7.72311681743,1.74559871086,22.3006273878,24.9165231259,19.7150821743
184,20.0,30.0,20.0,0.0,39.6952424077,8.27279534507,0.719957101775,11.814962378,11.0682848591,8.92861639841
185,20.0,40.0,20.0,0.0,48.9174776586,-17.3042121521,-9.60159696555,13.9556535572,17.5271354849,18.5119046376
186,20.0,55.0,20.0,0.0,52.8919565271,23.658186256,7.7742228427,25.4223831693,20.9474705687,14.1073939246
187,20.0,70.0,20.0,0.0,65.1390232044,-2.8709126011,14.5444479994,32.1948470323,34.2227856943,20.3140444676
188,20.0,85.0,20.0,0.0,52.7578657234,29.3076996229,8.67921689541,26.6480058801,20.8253924756,13.6786265152
189,20.0,100.0,20.0,0.0,54.3360321084,-15.2646698849,-0.637157216131,18.410300269,22.2925436818,18.6851319948
190,30.0,0.0,20.0,0.0,44.1561348801,9.50586636083,-4.36946301455,14.9825530554,13.9465184464,13.0238279854
191,30.0,10.0,20.0,0.0,67.9239958492,1.9148277093,34.6925950722,37.0999356596,37.8690572215,13.7291565337
192,30.0,20.0,20.0,0.0,50.5273770648,25.9381501372,5.60102253796,23.5862668634,18.8637154059,13.3939729221
193,30.0,30.0,20.0,0.0,60.0095488338,-9.48466731439,20.3796135827,24.8408291174,28.1339360842,13.980555943
194,30.0,40.0,20.0,0.0,45.3175512892,3.09355603436,-7.08163831775,14.7486406514,14.7699981656,14.8034954531
195,30.0,55.0,20.0,0.0,70.6499424974,4.43941332252,1.55146315246,41.6424417639,41.6803031336,33.3302717329
196,30.0,70.0,20.0,0.0,36.4055313219,12.869906833,7.16275071427,10.4993422971,9.22056253952,5.93823892301
197,30.0,85.0,20.0,0.0,62.6103486424,-4.55813005374,-8.71851118267,28.8157381155,31.1218352633,30.9598578983
198,30.0,100.0,20.0,0.0,33.2757023786,0.451609973548,0.128967016547,7.43878599804,7.6652178572,6.29584783911
199,40.0,0.0,20.0,0.0,79.9951411382,-3.13655048775,4.84644783916,53.4158360538,56.6726847265,42.7722311011
200,40.0,10.0,20.0,0.0,47.8812152976,6.17088052927,-17.7905951524,17.2120400631,16.7011178825,21.5944701331
201,40.0,20.0,20.0,0.0,68.5918409889,-13.9584832692,-9.8148243178,33.2632395318,38.7803266106,38.9021634975
202,40.0,30.0,20.0,0.0,54.3335877208,24.1949648402,-5.68088676809,27.0623200919,22.2902195648,21.0995375548
203,40.0,40.0,20.0,0.0,57.7544370715,-17.7522760831,-26.2090954889,20.8610420968,25.7033949897,37.2097343066
204,40.0,55.0,20.0,0.0,46.7066294769,-7.34911699805,-18.1197175656,14.0236370697,15.7967012829,20.746947397
205,40.0,70.0,20.0,0.0,48.4676269201,-5.36072876701,7.04222338285,15.6128029259,17.1652875938,11.6380994601
206,40.0,85.0,20.0,0.0,55.2691554985,6.05249161655,-6.54104525467,23.7116348055,23.1916084621,22.3569281383
207,40.0,100.0,20.0,0.0,56.5304964909,8.90294009998,19.9408990226,25.6438069518,24.4448841468,11.9776596739
208,55.0,0.0,20.0,0.0,62.1205248809,17.2830756076,2.89506438102,34.2251112135,30.5436890746,23.6113449931
209,55.0,10.0,20.0,0.0,76.5782481992,2.04222856296,2.8894646843,49.7753154611,50.8338388986,39.7063986492
210,55.0,20.0,20.0,0.0,46.3291897589,6.9366383947,-18.3688029019,16.1481723435,15.5131673109,20.5495293507
211,55.0,30.0,20.0,0.0,65.3736167273,-10.1719386329,-11.4888781393,30.4750125996,34.520485057,36.0689254297
212,55.0,40.0,20.0,0.0,52.7342906953,27.3122973402,-6.76226980143,26.1365587742,20.8039785955,20.2748101981
213,55.0,55.0,20.0,0.0,56.4078732966,-21.6822651591,-17.7027540314,18.8965546319,24.3211109041,29.8720528863
214,55.0,70.0,20.0,0.0,43.6812744534,1.73971680275,-14.9877700441,13.400840436,13.6188456626,16.897072029
215,55.0,85.0,20.0,0.0,70.2401899173,-4.26731465642,39.7976508643,38.2756044265,41.0917980487,13.31713847
216,55.0,100.0,20.0,0.0,51.2625556906,12.7527080493,-9.10763702685,21.3914731874,19.4960273855,20.1816760479
217,70.0,0.0,20.0,0.0,59.779733665,-20.3473873361,21.789253028,22.1664471392,27.8795176741,13.3072820172
218,70.0,10.0,20.0,0.0,58.6851546042,29.2188791857,2.39990053223,33.3989180194,26.6887900572,20.8125987324
219,70.0,20.0,20.0,0.0,77.9410860342,3.89207610856,12.101225042,52.7067809418,53.1120130471,34.7160097793
220,70.0,30.0,20.0,0.0,47.2405463601,11.2071072382,-12.6935711437,17.6326463596,16.2036506884,18.603777715
221,70.0,40.0,20.0,0.0,68.9810193919,-7.11692167254,-0.823120235453,35.7469286257,39.3180383049,32.9913250273
222,70.0,55.0,20.0,0.0,52.4772111509,31.5608327406,-1.06823057875,26.904954088,20.5714178766,17.4384773497
223,70.0,70.0,20.0,0.0,53.5570200798,-24.9634772776,-10.6248917829,16.0174517465,21.560008918,22.9486699554
224,70.0,85.0,20.0,0.0,32.8937095813,1.82260566797,-3.0193354176,7.40993540707,7.48833039924,6.8666168738
225,70.0,100.0,20.0,0.0,65.8872595771,-1.74276327196,4.52957742166,33.422297391,35.1783158849,26.3207928125
226,85.0,0.0,20.0,0.0,35.4386529688,12.4413351031,4.34010651125,9.90458951129,8.71956448303,6.18915612395
227,85.0,10.0,20.0,0.0,55.8337582418,-13.3525207346,-9.08031217517,20.0626600475,23.7471665651,24.2272382336
228,85.0,20.0,20.0,0.0,45.4038717983,6.48062772321,-15.6829772492,15.3794566446,14.8324639397,18.5226178701
229,85.0,30.0,20.0,0.0,69.1435288846,-8.07950641359,34.2048199011,35.6687265298,39.5440339823,14.7220749133
230,85.0,40.0,20.0,0.0,51.6698354094,27.428085163,-3.69022389696,25.0677270634,19.8523257523,17.9841965553
231,85.0,55.0,20.0,0.0,56.251669765,-25.1505642366,12.9583696854,18.0995965431,24.1640484095,14.3406523916
232,85.0,70.0,20.0,0.0,40.508959927,4.26696411135,-10.4633061874,11.7439653519,11.5605361017,12.9536859738
233,85.0,85.0,20.0,0.0,58.9332853376,-16.2234002793,-7.17128372205,22.2698452475,26.9556838646,26.1542994178
234,85.0,100.0,20.0,0.0,44.4293987123,23.0845105747,-0.656279125028,17.5880216378,14.1374424851,11.8866896048
235,100.0,0.0,20.0,0.0,68.973837606,-5.27518927142,6.37468411062,36.2903035526,39.3080707896,28.3811739735
236,100.0,10.0,20.0,0.0,48.8730624175,36.3925386967,7.35298833421,24.3464068109,17.4911849451,11.7687944412
237,100.0,20.0,20.0,0.0,62.7078246677,29.193495998,1.78795113283,38.5869721463,31.2377511477,24.7690069667
238,100.0,30.0,20.0,0.0,57.2700980033,-5.2713986647,-16.1447055172,23.1039572054,25.2003370612,29.8271527524
239,100.0,40.0,20.0,0.0,56.2955067616,14.1876034994,-9.24546913727,26.6795259558,24.2080579999,24.7566350339
240,100.0,55.0,20.0,0.0,66.7579813626,9.17974220241,-2.13319408518,37.7894236983,36.3124622862,31.3255694031
241,100.0,70.0,20.0,0.0,48.1114582918,-4.0449391188,-21.483311402,15.5751208364,16.8823538584,23.7323777281
242,100.0,85.0,20.0,0.0,55.1038199399,29.541995028,-1.2254730803,29.2692107224,23.0305776879,19.5782187474
243,100.0,100.0,20.0,0.0,60.9115108979,-0.0536888508516,34.4669182412,28.093073916,29.1474161284,9.74867742976
244,0.0,0.0,30.0,0.0,49.9287883363,16.7631214834,-9.92622030885,21.0249677439,18.3590969351,19.4732309742
245,0.0,10.0,30.0,0.0,52.030405897,-14.4875774964,16.4167770469,16.708231676,20.1713617841,10.587558816
246,0.0,20.0,30.0,0.0,43.4587990831,1.29175410966,-19.7294836941,13.1836301375,13.4671107683,18.8412041477
247,0.0,30.0,30.0,0.0,66.1250051665,15.8553969145,5.22595891496,39.02569204,35.485608922,26.1556080364
248,0.0,40.0,30.0,0.0,56.7801040409,-13.862834124,-13.6732921184,20.7964168968,24.6981286547,27.792459852
249,0.0,55.0,30.0,0.0,58.3208813811,1.1511583824,-7.60702944152,25.6355280203,26.3001718608,25.7991117784
250,0.0,70.0,30.0,0.0,68.3364768307,0.74305885806,1.88673664529,37.2857670205,38.4301779391,30.4905469281
251,0.0,85.0,30.0,0.0,48.8235175302,-6.8097430513,-13.9063384841,15.6274161972,17.4511404143,20.4703129851
252,0.0,100.0,30.0,0.0,47.0571888577,-9.77014629449,-16.201227289,13.8785379709,16.0631179818,20.1057536213
253,10.0,0.0,30.0,0.0,41.8433690919,2.46803043711,6.27178588781,12.3148926816,12.399003253,8.41919780804
254,10.0,10.0,30.0,0.0,53.7548565187,-0.115498198995,-6.83872326209,20.9439704361,21.7444977828,21.1794305852
255,10.0,20.0,30.0,0.0,45.3374305293,16.5826837427,14.0167710654,17.1108478446,14.7843681886,7.96266750777
256,10.0,30.0,30.0,0.0,59.8153014793,8.05884582576,1.02747045379,28.9632295125,27.9187925153,22.4969733061
257,10.0,40.0,30.0,0.0,61.2248896723,24.3678937402,3.58841972453,35.1688224678,29.505156454,22.4290636091
258,10.0,55.0,30.0,0.0,59.3521655961,-3.62242957995,-9.12707186522,25.5570516638,27.4102658183,27.7256280174
259,10.0,70.0,30.0,0.0,53.4515760184,6.79014522588,-9.75005769947,22.1362802006,21.4621066351,22.3959512538
260,10.0,85.0,30.0,0.0,69.3089603382,10.523878471,5.54997161082,41.7431341162,39.774980923,29.2418901171
261,10.0,100.0,30.0,0.0,61.1328693013,12.9264632727,0.324480410805,31.7871132961,29.3998079783,24.0807870605
262,20.0,0.0,30.0,0.0,37.8689951859,-3.36125894047,4.59835330368,9.24388173303,10.0148086691,7.09568867321
263,20.0,10.0,30.0,0.0,35.534667596,1.78018728218,2.46594859734,8.66033111727,8.76848310973,6.64910348342
264,20.0,20.0,30.0,0.0,65.5594126436,6.31392897878,2.23010741998,35.3550164442,34.7574815463,27.3356306731
265,20.0,30.0,30.0,0.0,66.4853058756,17.2678992372,0.179477101801,39.9720032258,35.9547108061,29.5542217889
266,20.0,40.0,30.0,0.0,57.6220312873,-12.5414370573,-18.869500485,21.8435546869,25.5652132485,31.9688983576
267,20.0,55.0,30.0,0.0,57.3735971863,3.94943595499,-11.993921956,25.3294046771,25.3072797454,27.4011953789
268,20.0,70.0,30.0,0.0,68.0313577168,1.83989078098,-4.03873265794,37.2187606044,38.0145780355,34.0628877942
269,20.0,85.0,30.0,0.0,48.1266791037,-1.15901873364,-23.3644406697,16.087102861,16.8943809195,24.775935669
270,20.0,100.0,30.0,0.0,42.3465860045,2.16488498614,-16.419511305,12.5907023407,12.7254274976,16.5259608297
271,30.0,0.0,30.0,0.0,52.3432648153,-12.8637806178,10.2595322406,17.2484395611,20.450936349,12.839175509
272,30.0,10.0,30.0,0.0,48.6757538436,17.2761626275,-6.77989289587,20.017030173,17.3320738418,17.0710825262
273,30.0,20.0,30.0,0.0,61.827168672,0.846540912966,25.3816872088,29.3436166986,30.2008889237,13.2844221332
274,30.0,30.0,30.0,0.0,54.0383779808,29.3755315206,1.72563565598,28.0431777998,22.0107211292,17.3936363572
275,30.0,40.0,30.0,0.0,61.7685483299,24.8196654125,-0.815510100086,36.0008197035,30.1326973142,25.3190427167
276,30.0,55.0,30.0,0.0,55.3887210256,-9.39680089387,-19.3604062518,20.4794191298,23.3085274078,29.8095374179
277,30.0,70.0,30.0,0.0,53.2622219172,8.78114430727,-13.2212172177,22.3920958002,21.2870407166,24.067511046
278,30.0,85.0,30.0,0.0,65.4071936816,5.17394811228,-4.61418933778,34.8253485678,34.5632349482,31.4243425042
279,30.0,100.0,30.0,0.0,47.7785879665,-5.14084393345,-17.8879382978,15.1448860795,16.6207543968,21.5541859096
280,40.0,0.0,30.0,0.0,51.7577872686,-16.0448148227,-14.2423715092,16.2217025319,19.9298338166,23.2215164339
281,40.0,10.0,30.0,0.0,57.5902008428,17.412271309,24.3257060577,28.9016379081,25.5320682654,11.1243900314
282,40.0,20.0,30.0,0.0,39.7402050311,0.627528929251,2.28150730738,10.7830216193,11.0951126977,8.51799089558
283,40.0,30.0,30.0,0.0,50.0177617645,-1.82883774276,9.88189136924,17.4348453308,18.4335262061,11.5821763107
284,40.0,40.0,30.0,0.0,72.5679350703,6.10821865747,7.58921352935,45.0139599333,44.5097946311,31.5172317676
285,40.0,55.0,30.0,0.0,63.8219928998,26.1593978869,6.347836002,39.1452276283,32.5831998289,23.3333934069
286,40.0,70.0,30.0,0.0,57.365861043,-7.70745777235,-11.4354322757,22.6553111195,25.2992757723,27.0631993495
287,40.0,85.0,30.0,0.0,56.4592550001,12.0960209025,-4.98698105315,26.3405389267,24.3729235195,22.6159208622
288,40.0,100.0,30.0,0.0,66.6088600019,7.75696625182,2.21994422412,37.1530465668,36.1165218217,28.4281014989
289,55.0,0.0,30.0,0.0,45.5341862517,-6.97383142046,-12.4828657417,13.2883263212,14.927099148,17.19541257
290,55.0,10.0,30.0,0.0,35.1149781602,-7.27093780012,-0.353638044968,7.46033869334,8.55599596388,7.14491760563
291,55.0,20.0,30.0,0.0,37.1896814614,6.26167220902,6.19312770337,10.0791822448,9.64069183146,6.44939234122
292,55.0,30.0,30.0,0.0,39.0189220243,0.00461154803938,8.57615842237,10.2895840324,10.6699470339,6.62537733663
293,55.0,40.0,30.0,0.0,34.4656976023,-3.08120872601,-1.90717842474,7.60742983066,8.23407607895,7.25059178398
294,55.0,55.0,30.0,0.0,54.8776816716,-11.6767404096,-15.8239724603,19.5700017823,22.8115367678,27.1212660921
295,55.0,70.0,30.0,0.0,56.6338898293,13.1464110036,19.6265874705,26.782186157,24.5495729156,12.1468396792
296,55.0,85.0,30.0,0.0,65.9427969341,4.43790600393,-0.336612534263,35.2888145646,35.2499400682,29.2932747159
297,55.0,100.0,30.0,0.0,47.5220043469,-6.24064974232,2.86993668812,14.7764153905,16.4209625967,12.5115435553
298,70.0,0.0,30.0,0.0,41.8365173233,-4.36687980376,0.382466270194,11.3349061191,12.3945976467,10.109616004
299,70.0,10.0,30.0,0.0,55.3886560567,-6.62816679193,-16.1593704207,21.0548750702,23.3084637705,27.8446377312
300,70.0,20.0,30.0,0.0,47.4602192037,14.6794844592,12.4278187087,18.4692622538,16.3730932783,9.40916100395
301,70.0,30.0,30.0,0.0,64.5679202985,4.82467743761,-4.41117435059,33.6743333589,33.50522142,30.3635105631
302,70.0,40.0,30.0,0.0,52.7885924468,27.8635351615,23.0474699639,26.3273131373,20.8533244977,8.99828040986
303,70.0,55.0,30.0,0.0,78.5669209459,5.00217438464,6.16737167434,54.1932738628,54.1805960974,39.821152299
304,70.0,70.0,30.0,0.0,47.2171583409,12.5381617471,-15.6980400376,17.8629525247,16.1856797262,19.9961650778
305,70.0,85.0,30.0,0.0,69.066632474,-5.83396569516,-6.68878656954,36.2424327712,39.4369894818,37.1977090707
306,70.0,100.0,30.0,0.0,53.5636191408,31.6758223868,-3.96016284664,28.1077130016,21.5661458678,19.6157985346
307,85.0,0.0,30.0,0.0,56.2388733492,-20.0741223705,-23.3846968438,19.0687903553,24.1512116772,33.3908317863
308,85.0,10.0,30.0,0.0,62.2897420591,16.2004084724,6.88366886226,34.1227488775,30.7426017361,21.6796681749
309,85.0,20.0,30.0,0.0,58.6056703616,9.30895766854,8.95887872334,27.9467899127,26.6036694697,17.6763331547
310,85.0,30.0,30.0,0.0,55.5328870435,5.07083834522,-2.74570363257,23.7468784052,23.4500240499,20.6699639747
311,85.0,40.0,30.0,0.0,49.9067054481,-5.12266828892,-3.74049380928,16.7462077793,18.3406549411,16.6771103604
312,85.0,55.0,30.0,0.0,47.3959555846,-9.5134824515,-14.7893928654,14.1531349982,16.3234025073,19.7087192289
313,85.0,70.0,30.0,0.0,78.8355636018,-3.82836166569,10.980394438,51.2259854927,54.64365251,36.5997385235
314,85.0,85.0,30.0,0.0,47.2394643006,4.05901856003,-14.132207116,16.3327332667,16.2028189588,19.2703260067
315,85.0,100.0,30.0,0.0,68.0939900732,-15.1945223342,-4.29889245552,32.3100717421,38.0996433396,34.3161337779
316,100.0,0.0,30.0,0.0,55.3190102049,22.3971688414,-2.30566853374,27.674425325,23.2403119921,20.2747187598
317,100.0,10.0,30.0,0.0,57.0655300822,-22.9398700016,-12.4467888511,19.206081375,24.989850069,27.3547583801
318,100.0,20.0,30.0,0.0,43.9908682097,1.00576363733,-11.3723196597,13.4942728475,13.8318883304,15.6062924532
319,100.0,30.0,30.0,0.0,73.7728480321,-1.98126881097,5.75485470343,44.0132166309,46.3512064176,34.135356111
320,100.0,40.0,30.0,0.0,47.062833807,13.7069574334,7.38225129208,17.9578044622,16.0674323322,10.7361554438
321,100.0,55.0,30.0,0.0,61.1442812547,-15.8362547759,-11.6447817087,24.5002864503,29.4128591801,31.2171909262
322,100.0,70.0,30.0,0.0,52.0347057347,35.1322658699,18.2540738271,27.3181547797,20.1751867972,10.021780369
323,100.0,85.0,30.0,0.0,75.9978691862,1.0947990877,8.86880123109,48.5022272338,49.8837780114,34.6341060271
324,100.0,100.0,30.0,0.0,47.8089351755,16.6863606136,-10.8011946818,19.1522847776,16.6444912133,18.1885824682
325,0.0,0.0,40.0,0.0,64.8210089079,-11.8270014464,-6.7086959206,29.4041085815,33.8219649348,32.1344340816
326,0.0,10.0,40.0,0.0,55.2909877402,34.8123099618,1.57451310034,30.88612529,23.2129282007,18.4264447544
327,0.0,20.0,40.0,0.0,70.2029846728,3.19903400725,10.4346981876,40.6043435224,41.0386382309,27.2182123033
328,0.0,30.0,40.0,0.0,34.7285503726,7.78456231135,1.18479353653,8.95718962568,8.36341001226,6.6240349951
329,0.0,40.0,40.0,0.0,62.5967169167,-6.23059010366,-0.355624412709,28.3703468915,31.1056476709,25.868005804
330,0.0,55.0,40.0,0.0,53.1469505448,25.6992540119,-0.621322515185,26.1767225528,21.1809350436,17.7511554889
331,0.0,70.0,40.0,0.0,35.4133948797,3.26294554282,-7.2891021659,8.77220369576,8.70672600089,9.10587235218
332,0.0,85.0,40.0,0.0,44.7723476205,-11.9213047635,8.56576402635,12.0578143713,14.3795095109,9.18619809124
333,0.0,100.0,40.0,0.0,37.8395953212,13.8846308604,-1.82489527306,11.4775844856,9.9984203911,8.74591860587
334,10.0,0.0,40.0,0.0,50.9000646807,-4.69358928714,18.8540117555,17.6090014931,19.1825193644,9.26570488298
335,10.0,10.0,40.0,0.0,40.598377755,22.4491430473,3.13076044015,14.5861396981,11.6155019661,8.69083404575
336,10.0,20.0,40.0,0.0,55.4607669629,-33.4599827974,17.5437069389,15.9666822873,23.3791679794,12.167643508
337,10.0,30.0,40.0,0.0,44.9955192782,16.8200347275,-16.4371970235,16.8859508248,14.5385077146,18.5455598731
338,10.0,40.0,40.0,0.0,68.2267491084,-15.6773154285,41.3878926421,32.3350431838,38.2803718765,11.5450447161
339,10.0,55.0,40.0,0.0,51.4837642093,36.6863682103,-5.54717186391,27.1138592882,19.6890122987,18.6815968022
340,10.0,70.0,40.0,0.0,79.1846787377,-2.93662186862,59.973439297,52.1408745226,55.2493505909,11.6479009429
341,10.0,85.0,40.0,0.0,57.1925909475,-28.5628953322,-8.19741742316,18.2218983147,25.120448871,25.034263085
342,10.0,100.0,40.0,0.0,44.9383158527,12.277628929,-8.2032181975,16.0334573814,14.4976421191,14.9884057918
343,20.0,0.0,40.0,0.0,70.4318033294,-13.5595679006,11.2326554124,35.6904487666,41.3663074252,26.9805208465
344,20.0,10.0,40.0,0.0,50.9628772884,33.6580130301,3.02390064511,25.8252874453,19.2366016307,14.6574344495
345,20.0,20.0,40.0,0.0,81.2667394794,-1.92104476382,26.6096716749,56.0719567197,58.95479128,28.9682679142
346,20.0,30.0,40.0,0.0,59.0010469249,-21.4213459615,-27.4047844628,21.218404159,27.0288774591,39.6978334294
347,20.0,40.0,40.0,0.0,43.4895185273,11.5838257817,4.26150777206,14.8499445858,13.4879949406,9.79867642965
348,20.0,55.0,40.0,0.0,72.6631883883,-9.08519645996,-10.2069181019,40.0607520922,44.6535577317,44.7277512518
349,20.0,70.0,40.0,0.0,49.8245802991,32.8112413322,16.2080727439,24.4668059141,18.2721784681,9.49564132206
350,20.0,85.0,40.0,0.0,82.5095525666,0.454880674155,2.52022931737,59.246992627,61.2436508348,48.3161575483
351,20.0,100.0,40.0,0.0,35.3231589381,1.4305942445,-1.43218975706,8.51480648453,8.66096274142,7.49883224279
352,30.0,0.0,40.0,0.0,45.0777387669,-9.59463083061,-2.96881834341,12.5925927422,14.5973789575,13.0920236915
353,30.0,10.0,40.0,0.0,38.4235683829,12.2047048794,3.93879679735,11.5951900762,10.3273066658,7.49246614622
354,30.0,20.0,40.0,0.0,49.8968600178,-3.12564541285,4.75570392565,17.1006889084,18.3324367486,13.3051228759
355,30.0,30.0,40.0,0.0,39.535235026,21.0286637478,8.32029149213,13.6221778417,10.9731641199,6.89290277161
356,30.0,40.0,40.0,0.0,32.9823998059,2.9853722883,-5.24031716375,7.57268760333,7.52915449411,7.44201876129
357,30.0,55.0,40.0,0.0,59.2927417643,-10.4693303633,30.1066625922,23.8986144978,27.3454685226,10.2238480802
358,30.0,70.0,40.0,0.0,34.7321654186,12.0370682318,2.1473397239,9.47328418071,8.36519813357,6.40620371064
359,30.0,85.0,40.0,0.0,68.0139204258,-5.49233052533,44.9763125313,34.9927499555,37.9909178067,10.2752637733
360,30.0,100.0,40.0,0.0,46.5872437823,20.83655616,-13.8407619168,18.9333776698,15.7066480335,18.6133191224
361,40.0,0.0,40.0,0.0,62.4030365843,-16.5655437482,23.7450522569,25.6065451324,30.8762595209,14.2710451231
362,40.0,10.0,40.0,0.0,53.3470206265,40.3179284619,-2.56519359571,30.1143408946,21.365322547,18.7877885371
363,40.0,20.0,40.0,0.0,74.0927259081,-1.44120069843,43.9379347823,44.6746424239,46.8484487018,14.2563558937
364,40.0,30.0,40.0,0.0,75.5953870349,10.8394944116,0.336386636212,51.4926977042,49.2319274165,40.362463028
365,40.0,40.0,40.0,0.0,54.4071366179,24.5575051352,20.3832569234,27.2312064694,22.3602203746,10.6289644756
366,40.0,55.0,40.0,0.0,66.8854600652,0.14903622918,-10.7620450461,35.2220561567,36.4805258258,37.4256567372
367,40.0,70.0,40.0,0.0,46.9593685305,5.04340435906,7.06713016043,16.2932814941,15.9884779671,10.7796683798
368,40.0,85.0,40.0,0.0,55.3685641152,-14.2892616897,-26.4483886707,19.4709345016,23.2887891951,34.4605344255
369,40.0,100.0,40.0,0.0,42.4361416468,17.0770029562,11.0938642123,15.0088837345,12.7841139103,7.43340296513
370,55.0,0.0,40.0,0.0,48.5137192113,2.17657983142,3.75254965079,16.9805131915,17.2021318185,12.8049462605
371,55.0,10.0,40.0,0.0,40.0641489225,8.64914257502,6.41810814686,12.0978600767,11.2896826349,7.5801390871
372,55.0,20.0,40.0,0.0,43.3406476152,-5.49407081767,-4.27582354159,12.0949061101,13.3869881015,12.4892172986
373,55.0,30.0,40.0,0.0,36.5323827359,-2.3563985422,-0.996557128638,8.67936389714,9.28768187905,7.91905596688
374,55.0,40.0,40.0,0.0,73.5638713855,8.15442065423,21.2842038841,47.2572606418,46.0282650425,24.3393020553
375,55.0,55.0,40.0,0.0,54.8258683241,23.9076347791,5.41830299524,27.5198614324,22.7615459286,16.3899906172
376,55.0,70.0,40.0,0.0,64.6837591933,-4.21193224555,7.72571205215,31.2837607251,33.6499486563,23.390990904
377,55.0,85.0,40.0,0.0,48.679309664,5.20993273392,-7.57661893264,17.6707712392,17.334932709,17.4210416731
378,55.0,100.0,40.0,0.0,53.3081604628,-21.2126363706,-9.61831633429,16.4902545334,21.3294250525,22.1998776907
379,70.0,0.0,40.0,0.0,42.8081615203,16.8969265221,3.67677679353,15.2484512374,13.0298327147,9.62330241177
380,70.0,10.0,40.0,0.0,46.9604678349,0.50707982611,15.5426664375,15.5050180315,15.9893154839,8.29862337646
381,70.0,20.0,40.0,0.0,40.3373578913,9.68894345179,-1.07546665992,12.4222378857,11.455537177,9.76946536964
382,70.0,30.0,40.0,0.0,42.6042381355,-7.49718059077,7.44536021845,11.3597536502,12.894755315,8.45662105377
383,70.0,40.0,40.0,0.0,37.1768690027,0.215093653748,-7.20698393903,9.31593837048,9.63372669027,9.97453139011
384,70.0,55.0,40.0,0.0,72.6965584402,6.83109517506,51.1111880906,45.4601338996,44.703995319,10.8853000631
385,70.0,70.0,40.0,0.0,55.9448308222,25.4782300736,-6.02408572993,29.1547173484,23.8574937859,22.6944345213
386,70.0,85.0,40.0,0.0,62.670617362,-6.82326262154,32.5537613761,28.3002434591,31.1934713111,11.2981778506
387,70.0,100.0,40.0,0.0,47.3591190893,9.72537118766,-18.8623231874,17.4523412904,16.2949646858,21.6814648906
388,85.0,0.0,40.0,0.0,49.8764754338,-24.9543174493,9.49691685263,13.4023024853,18.3154291017,11.6295014165
389,85.0,10.0,40.0,0.0,55.6973001567,39.7681949316,4.5197391565,32.7386351674,23.6120904773,17.4226327595
390,85.0,20.0,40.0,0.0,62.7023723339,1.37783683405,27.8065196119,30.484621423,31.2312597913,12.9517693009
391,85.0,30.0,40.0,0.0,50.4263502419,22.2806552949,-6.75352310377,22.6721519969,18.7779079335,18.399456375
392,85.0,40.0,40.0,0.0,51.899647172,-16.9112236498,8.63718309126,16.1767940123,20.0552733161,13.148660252
393,85.0,55.0,40.0,0.0,60.8192961242,13.4221462949,-2.57846820244,31.5513833925,29.0427009428,25.3902337582
394,85.0,70.0,40.0,0.0,63.3025974965,-4.6478477565,36.7656963799,29.570676171,31.9512806489,10.3023387035
395,85.0,85.0,40.0,0.0,34.8157650512,2.93112424197,-0.610027332691,8.43628654975,8.40662040558,7.08223970689
396,85.0,100.0,40.0,0.0,49.1065681922,-24.4568269262,11.0962322664,12.9691077353,17.6807402683,10.6757904092
397,100.0,0.0,40.0,0.0,48.8551165808,-17.112441057,6.53451015497,13.9433725203,17.4766731996,12.0368895263
398,100.0,10.0,40.0,0.0,55.883001748,-0.473026617818,-19.1458493172,22.8414811483,23.7960375527,30.2116585886
399,100.0,20.0,40.0,0.0,58.0178877383,3.33406927624,24.6349628541,25.8458665389,25.9798174129,11.2642962414
400,100.0,30.0,40.0,0.0,63.5274197831,14.7851854016,-6.0755492057,35.2699236358,32.223796716,30.2812207288
401,100.0,40.0,40.0,0.0,65.0236215122,17.6243931518,39.2807918686,38.0904407817,34.0769710363,10.4427815343
402,100.0,55.0,40.0,0.0,49.7453119356,-12.6149304156,-10.7156472437,15.3144713241,18.2062458565,19.6977000091
403,100.0,70.0,40.0,0.0,54.2108758953,-4.55822847985,-4.01475125488,20.4303704074,22.1737529889,20.1770414935
404,100.0,85.0,40.0,0.0,59.5082314084,4.59143272705,4.40815478815,27.7377219341,27.5809313115,20.5228537105
405,100.0,100.0,40.0,0.0,63.3654798247,11.9895618138,10.4405605227,34.2461928037,32.027347432,20.8268647054
406,0.0,0.0,55.0,0.0,67.0074470858,18.7743335214,16.7387630662,41.1926989574,36.6418340961,20.817499372
407,0.0,10.0,55.0,0.0,38.7546340505,-4.86870727496,-7.68355119498,9.52665527393,10.5169225221,10.973477872
408,0.0,20.0,55.0,0.0,41.0583086401,-3.74409701971,4.75772926635,10.9598821665,11.9009796871,8.4626494866
409,0.0,30.0,55.0,0.0,44.056875154,3.23260292797,-0.253049347603,13.8897214115,13.8775955674,11.5346221915
410,0.0,40.0,55.0,0.0,45.591990743,5.23187768211,12.4920088478,15.3050666315,14.969205702,8.48501850012
411,0.0,55.0,55.0,0.0,47.5249285313,10.3843091369,5.22814059151,17.7078676365,16.4232304785,11.7015110143
412,0.0,70.0,55.0,0.0,51.0988923932,-8.54364804678,-25.081923293,17.05747419,19.354060139,28.7704257754
413,0.0,85.0,55.0,0.0,51.9303068376,-7.63537519936,15.9293893827,17.889618325,20.082453089,10.6869890296
414,0.0,100.0,55.0,0.0,61.2971717922,7.57135174301,-11.1244387651,30.5213173342,29.5880840728,31.0512665419
415,10.0,0.0,55.0,0.0,62.533697272,9.35830125442,33.9724509904,32.4739204584,31.0308851771,10.76277856
416,10.0,10.0,55.0,0.0,68.9390413989,19.7167422619,-0.934756417869,44.3097529821,39.2598014001,33.0177043591
417,10.0,20.0,55.0,0.0,39.3417639949,-7.33019968591,1.67962144824,9.53521913175,10.8588798105,8.49483863837
418,10.0,30.0,55.0,0.0,41.1083901333,-1.54606913229,-4.13251889457,11.2908596774,11.9323445561,11.1378385521
419,10.0,40.0,55.0,0.0,43.9103319245,1.50778893926,9.53391500071,13.5184418825,13.7762561586,8.50097020096
420,10.0,55.0,55.0,0.0,44.3103369585,6.68479341372,2.33502267051,14.6248514328,14.0540436176,10.832273048
421,10.0,70.0,55.0,0.0,45.9560100397,9.38448107861,15.3102737256,16.2961561769,15.2361891904,7.90370745391
422,10.0,85.0,55.0,0.0,34.1153397985,-4.6377983036,-4.31663968589,7.28569378941,8.06376885543,7.70127417979
423,10.0,100.0,55.0,0.0,39.2067037871,-5.28978978129,10.513928796,9.71677534678,10.7795711927,6.26049059587
424,20.0,0.0,55.0,0.0,36.7869386632,1.17244234559,3.05544307523,9.22809570942,9.42335301451,7.01815796642
425,20.0,10.0,55.0,0.0,58.6987873607,10.6413711091,29.9286829946,28.3884046172,26.7034077491,9.96578569699
426,20.0,20.0,55.0,0.0,49.5345926531,-2.15630927972,-15.4180772372,16.9927724181,18.0317486606,21.8375001287
427,20.0,30.0,55.0,0.0,51.8153568228,2.98030471238,11.284260015,19.8626440483,19.9806763899,12.1587524904
428,20.0,40.0,55.0,0.0,58.7974209321,15.6667679082,-2.76526106439,29.8069792952,26.8093264079,23.5741919537
429,20.0,55.0,55.0,0.0,59.442174117,21.4439510307,25.6091405118,32.1279208204,27.5086082747,11.7574639789
430,20.0,70.0,55.0,0.0,59.2437087603,34.2902859731,-1.65705177946,35.578811289,27.2920786168,23.3927890325
431,20.0,85.0,55.0,0.0,67.5143260348,0.456794211968,39.3125051972,36.1219719883,37.3171934903,11.8299167476
432,20.0,100.0,55.0,0.0,52.4346420515,20.8208249225,-10.8803349234,24.295577107,20.5330768383,22.0742318505
433,30.0,0.0,55.0,0.0,57.0212820852,-15.1206256819,21.0314856391,20.7510421693,24.9444764992,11.8943028164
434,30.0,10.0,55.0,0.0,45.8130206998,2.14901572026,-22.83268092,14.9466133733,15.1309408806,22.3506864387
435,30.0,20.0,55.0,0.0,49.2744148562,3.76239237223,18.4610995177,17.8802018903,17.817837521,8.5886465216
436,30.0,30.0,55.0,0.0,41.3632753333,13.4927082807,1.05981733886,13.6761605588,12.0928274086,9.66051029566
437,30.0,40.0,55.0,0.0,45.7382180601,-3.18449147001,12.3670548712,14.0221072373,15.0760754893,8.5878670074
438,30.0,55.0,55.0,0.0,38.835390298,4.27884717214,-5.35760433787,10.7496517438,10.5635246289,10.2833234042
439,30.0,70.0,55.0,0.0,40.7501992513,-12.5121869504,1.99661271804,9.64561196571,11.7092264306,9.08188040624
440,30.0,85.0,55.0,0.0,58.9999708412,32.6437394541,11.4792330813,34.7820733008,27.0277140787,16.8732364589
441,30.0,100.0,55.0,0.0,69.5456160902,2.04901530311,13.7643998245,39.3232609708,40.1069196088,24.6653042793
442,40.0,0.0,55.0,0.0,52.525720727,16.7895886882,0.441568756056,23.4654074796,20.6151675199,16.8196643107
443,40.0,10.0,55.0,0.0,58.2147059792,-13.3812974723,-3.12118644679,22.2143073357,26.18761491,23.2275940708
444,40.0,20.0,55.0,0.0,45.6776342206,-3.6491561855,-12.4847268128,13.9063053657,15.0317364767,17.3040477534
445,40.0,30.0,55.0,0.0,50.0306525994,4.8756347323,6.60620942012,18.7155774112,18.4443264788,12.7199768334
446,40.0,40.0,55.0,0.0,41.7266386716,12.1413445358,8.61252688099,13.7099960534,12.3240894616,7.75072418347
447,40.0,55.0,55.0,0.0,46.8390333337,-0.879578786444,0.872729834832,15.1805286242,15.8969760173,12.8022409109
448,40.0,70.0,55.0,0.0,38.8327966315,2.55516491674,2.40804137782,10.5188277,10.5620257631,8.06566350208
449,40.0,85.0,55.0,0.0,41.0300890984,-8.90771763271,-7.24994845785,10.2579212218,11.8833306822,12.1376739826
450,40.0,100.0,55.0,0.0,58.070426455,31.1063114779,29.4781933393,33.1818803426,26.0351789771,9.77561315191
451,55.0,0.0,55.0,0.0,71.6170136852,4.43250625246,-5.56921276468,43.0332557532,43.0914762346,39.6341059468
452,55.0,10.0,55.0,0.0,51.3964162192,14.9932821245,16.6967992669,21.9944370766,19.6126574627,10.1610730123
453,55.0,20.0,55.0,0.0,58.5828056265,-8.83783168011,-21.4494840189,23.5739799997,26.5792169268,34.8373230479
454,55.0,30.0,55.0,0.0,41.9114038947,-5.96735793626,-0.280997850436,11.1584412188,12.4428054901,10.3535395623
455,55.0,40.0,55.0,0.0,71.4042962016,14.6180707822,8.97749110233,46.241502004,42.7783838128,29.3567863768
456,55.0,55.0,55.0,0.0,49.5770569748,25.3783341592,12.3486605967,22.5482767114,18.0668233687,10.5366966945
457,55.0,70.0,55.0,0.0,62.3410069586,1.06962777202,-3.77555949694,29.9863911929,30.8030329712,27.6071510441
458,55.0,85.0,55.0,0.0,44.142868801,1.76906994354,-0.896520272161,13.7166971515,13.9372937105,11.8005835492
459,55.0,100.0,55.0,0.0,70.2317332805,3.87502400528,5.47046525015,40.8649001577,41.0797109579,30.2895620468
460,70.0,0.0,55.0,0.0,39.3414935167,5.24832574598,11.2007991334,11.1774784036,10.8587205957,6.16021946269
461,70.0,10.0,55.0,0.0,62.2413055116,-5.28883468144,-4.95498336409,28.2195639695,30.6855772378,28.2125086678
462,70.0,20.0,55.0,0.0,35.2504114428,-4.98700601694,2.48813820188,7.76566154027,8.62418573638,6.53151326537
463,70.0,30.0,55.0,0.0,42.1663739349,-12.0401319359,-6.67081858312,10.488947266,12.6078782139,12.6198683876
464,70.0,40.0,55.0,0.0,37.4930167475,6.56075998337,-0.398524417932,10.2868470211,9.80657387702,8.19679296056
465,70.0,55.0,55.0,0.0,48.2531746935,-5.19573987281,1.96100696245,15.4826500847,16.994555279,13.2907388011
466,70.0,70.0,55.0,0.0,39.8653736297,16.6565991402,5.3583463795,13.1645904637,11.1700252639,7.7622651399
467,70.0,85.0,55.0,0.0,53.5010773539,-0.0886442118221,8.63459423887,20.7216951482,21.5080304458,14.1798957021
468,70.0,100.0,55.0,0.0,40.991439745,0.566053510577,-2.21402340335,11.5149987714,11.8591870134,10.4615179961
469,85.0,0.0,55.0,0.0,63.964918022,-15.4422874601,-19.411673786,27.5305299621,32.7585387725,40.128962497
470,85.0,10.0,55.0,0.0,47.3841542878,23.7847271153,11.1966107418,20.2085766533,16.3142882921,9.73297466289
471,85.0,20.0,55.0,0.0,77.4510310969,-4.42144626613,-3.84444801707,48.7762302559,52.2851459885,46.3030484533
472,85.0,30.0,55.0,0.0,52.2431204174,39.9864991817,21.3491465327,28.7791091363,20.3611668387,9.21408449067
473,85.0,40.0,55.0,0.0,41.8047631363,-15.4015053958,4.25964332152,9.8535752687,12.3741937043,8.95602386659
474,85.0,55.0,55.0,0.0,37.2889423777,6.5294406289,-5.12130819172,10.168751136,9.69476608843,9.41278287088
475,85.0,70.0,55.0,0.0,48.454348897,-7.79356591554,14.4772854974,15.1887248611,17.1546834741,9.31186691668
476,85.0,85.0,55.0,0.0,40.255027993,17.4448842225,-0.0454339209264,13.5467966234,11.405388094,9.42386914734
477,85.0,100.0,55.0,0.0,53.1851686427,-1.6477094378,23.1908127784,20.1213207661,21.2160750986,9.1518165369
478,100.0,0.0,55.0,0.0,41.8723205883,3.08154726117,-12.8664497642,12.423539912,12.4176302489,14.742460248
479,100.0,10.0,55.0,0.0,61.9912556598,-20.3464746206,1.37025951553,24.3013477263,30.3923141705,24.3180059204
480,100.0,20.0,55.0,0.0,47.8580782671,26.7337669627,-0.842089767529,21.2447906935,16.6829776045,14.0834687391
481,100.0,30.0,55.0,0.0,72.9338908456,-6.38372625082,17.7727769638,41.3198177511,45.063810451,25.6937970201
482,100.0,40.0,55.0,0.0,53.7671585514,42.9085793624,8.82301476052,31.3018476928,21.7560044526,14.2835710816
483,100.0,55.0,55.0,0.0,43.7174373835,6.97284392016,-21.4416912795,14.254903266,13.6436170427,19.8568057025
484,100.0,70.0,55.0,0.0,61.1268373679,-25.1264242677,25.77168409,22.3902676056,29.3929111591,12.7078389413
485,100.0,85.0,55.0,0.0,48.2770309914,27.4255919692,-9.87403212615,21.7762979779,17.0134918244,18.1343939069
486,100.0,100.0,55.0,0.0,71.2332674134,-9.41243173905,47.075849528,38.0060575362,42.5277544322,11.3776378641
487,0.0,0.0,70.0,0.0,51.2519117323,42.4072538921,0.700271189899,28.3032989458,19.4867734076,15.7890692555
488,0.0,10.0,70.0,0.0,55.7545742522,-11.1526784577,-17.2439280013,20.4425914376,23.6687219704,28.8864906377
489,0.0,20.0,70.0,0.0,35.0927394851,7.92591286265,3.90385257207,9.16178546722,8.54483340934,6.15396928628
490,0.0,30.0,70.0,0.0,65.6841568078,0.0160605396847,-3.35679771408,33.6751216269,34.9172090787,30.9199270922
491,0.0,40.0,70.0,0.0,47.4907882135,29.9977811439,14.3391419374,21.6015194802,16.3967656068,8.87851804729
492,0.0,55.0,70.0,0.0,57.7722427022,-18.0408768153,-14.5326190417,20.8169014537,25.7220152521,29.3608692024
493,0.0,70.0,70.0,0.0,44.8363713938,15.243914598,5.47146799935,16.4796005792,14.4250039201,10.1350275518
494,0.0,85.0,70.0,0.0,71.6650198436,-4.33503277767,1.71148962152,40.2051479986,43.1623456853,34.4173038639
495,0.0,100.0,70.0,0.0,50.7455979386,38.0369218376,17.8290363053,26.6616696261,19.0499533458,9.48598070462
496,10.0,0.0,70.0,0.0,43.8422177518,12.1700845405,-19.117575764,15.2028659815,13.729321424,18.8639433596
497,10.0,10.0,70.0,0.0,57.4190707676,29.4060511723,8.37217592779,31.9175618384,25.3543617772,17.037601046
498,10.0,20.0,70.0,0.0,47.2771464872,-7.06996414257,-6.27527343332,14.4663486823,16.2318003015,15.8394695946
499,10.0,30.0,70.0,0.0,57.7515424269,4.5325731801,32.2681977445,25.8580059154,25.7003687606,8.81201722841
500,10.0,40.0,70.0,0.0,49.4584348514,-14.8991533986,-16.5724783994,14.7248134846,17.9689575588,22.3636397131
501,10.0,55.0,70.0,0.0,47.6625538021,-21.3598588806,6.01468689208,12.499924576,16.530203532,11.5176122523
502,10.0,70.0,70.0,0.0,59.3243695583,6.52339996699,7.84514549944,28.0259917076,27.3799435668,18.739572357
503,10.0,85.0,70.0,0.0,42.338146578,-10.5636811657,0.781766710035,10.783936682,12.7199063634,10.2524319419
504,10.0,100.0,70.0,0.0,55.5699149416,38.8728569899,10.0472053785,32.3336057965,23.4864585353,15.0201543997
505,20.0,0.0,70.0,0.0,43.5156510872,9.41522508728,-17.8856890099,14.5108011739,13.5057777721,18.0454642455
506,20.0,10.0,70.0,0.0,38.5121752648,2.35529999625,-8.29706190932,10.3112628905,10.3778304243,11.0366347114
507,20.0,20.0,70.0,0.0,54.235667562,32.6366296853,7.06156355408,29.1003616554,22.1972501359,15.2942026222
508,20.0,30.0,70.0,0.0,45.4991840793,-11.2334492139,0.21851433181,12.6190834709,14.9016409213,12.2195534211
509,20.0,40.0,70.0,0.0,68.7214151444,9.18044834977,14.7409174345,40.4729545638,38.9588058437,23.3623053856
510,20.0,55.0,70.0,0.0,47.924061352,-19.3460176234,-4.3979602278,12.9712033175,16.7347454704,15.5277201168
511,20.0,70.0,70.0,0.0,45.0655750474,29.9437177931,2.80600660751,19.4358171799,14.5886594272,11.1001693414
512,20.0,85.0,70.0,0.0,58.8676796298,-6.05257706892,25.1907817111,24.4934958546,26.884944986,11.565332592
513,20.0,100.0,70.0,0.0,41.8504474258,18.7201850918,-3.28168319929,14.861816049,12.4035556344,11.2780014415
514,30.0,0.0,70.0,0.0,51.2625628288,-15.8261654042,11.7484791186,15.8862360748,19.4960335925,11.675901991
515,30.0,10.0,70.0,0.0,38.8417167896,3.62310099165,-11.8477315639,10.665646685,10.567181269,12.4243445481
516,30.0,20.0,70.0,0.0,69.7625332636,2.37986849038,18.9444467291,39.7273856148,40.4127900512,22.1003943726
517,30.0,30.0,70.0,0.0,55.1793260999,35.891140736,12.141790538,31.0482498336,23.1040251239,13.9464202338
518,30.0,40.0,70.0,0.0,60.8391845752,-7.43975521073,7.73443616107,26.1808881184,29.0652641759,20.0220472435
519,30.0,55.0,70.0,0.0,48.2843901769,22.1082485287,3.25979259439,20.6617999964,17.0193362035,12.8397770274
520,30.0,70.0,70.0,0.0,49.5078227899,-20.7319471006,-8.51813852086,13.8152781503,18.0096606179,18.4819330321
521,30.0,85.0,70.0,0.0,50.6638606681,39.2654303291,13.597880541,26.8774011059,18.9800527746,10.733942962
522,30.0,100.0,70.0,0.0,35.8530599472,0.852863830783,2.26343084737,8.71207471127,8.93201003618,6.82413667771
523,40.0,0.0,70.0,0.0,44.9142929478,16.7834667667,0.953419440739,16.8160217359,14.4805032372,11.6254829762
524,40.0,10.0,70.0,0.0,61.7948196402,-13.8852647431,-16.1813686853,25.6205679095,30.1632453793,35.0256204699
525,40.0,20.0,70.0,0.0,50.9564344063,36.4748950535,15.6253092119,26.5015835153,19.2310495739,10.2572325086
526,40.0,30.0,70.0,0.0,73.4790244548,-8.57194485038,3.41630498415,41.3729476934,45.8975764586,35.4097598469
527,40.0,40.0,70.0,0.0,45.1530331241,16.6062843793,3.29482053631,16.9703340519,14.6514308481,10.9906909449
528,40.0,55.0,70.0,0.0,60.7214155712,-21.3881878809,-13.2672691275,22.8282094757,28.9318266488,31.7991867256
529,40.0,70.0,70.0,0.0,60.8532596998,-25.2090883707,-3.30512713793,22.1155875477,29.0812393125,25.8357717802
530,40.0,85.0,70.0,0.0,67.8264435132,-0.474395493777,10.9342313183,36.2466298045,37.7371549268,24.5912751498
531,40.0,100.0,70.0,0.0,52.2228740917,-7.57007401209,-6.55330162048,18.1404048195,20.3430500004,19.7498106882
532,55.0,0.0,70.0,0.0,46.8777901898,19.8543223143,-3.63564361111,18.9862225108,15.926408212,14.5078732564
533,55.0,10.0,70.0,0.0,39.1083447285,8.47076992967,2.33275550305,11.4852701996,10.7220574945,8.21107539141
534,55.0,20.0,70.0,0.0,39.6136281301,10.4669359975,-8.2346718009,12.0798738652,11.0196986443,11.6419163222
535,55.0,30.0,70.0,0.0,46.4650415493,16.5156859596,11.4457883578,18.0016206947,15.6148253795,9.19720524746
536,55.0,40.0,70.0,0.0,46.1645763793,-2.15380317854,-7.43803796454,14.4860580306,15.3905793304,15.5303552164
537,55.0,55.0,70.0,0.0,66.3531379704,7.01677639351,12.5074201468,36.5914688945,35.7821546701,22.3889965418
538,55.0,70.0,70.0,0.0,60.6797323529,-17.5431539247,-0.57321132388,23.6494230099,28.884695745,24.1442403692
539,55.0,85.0,70.0,0.0,51.8482900831,-15.0407883374,1.4079915377,16.4687492041,20.0098002548,15.9211659217
540,55.0,100.0,70.0,0.0,64.4247620788,3.30464335475,9.11631392359,33.0648817138,33.3269359411,22.423417183
541,70.0,0.0,70.0,0.0,49.781907115,-4.05448600672,-9.18316280159,16.8418857217,18.2366646835,19.0061007277
542,70.0,10.0,70.0,0.0,51.4997683164,26.0219016094,1.27793846786,24.5669538917,19.7030236599,15.7273662649
543,70.0,20.0,70.0,0.0,39.743290713,9.34720978846,-5.18208300725,11.9988167094,11.0969554188,10.7185054922
544,70.0,30.0,70.0,0.0,39.2262945932,-2.96178450561,-1.81768939756,10.0221661925,10.7910510724,9.42345462215
545,70.0,40.0,70.0,0.0,49.4284606823,-7.41430502639,-6.22145138976,15.9744221979,17.9442842843,17.393177712
546,70.0,55.0,70.0,0.0,44.1481984904,10.1286995714,8.15837296785,15.0811963698,13.9409992885,8.99598267886
547,70.0,70.0,70.0,0.0,56.2612463127,2.36232521182,3.83320379684,23.8449777789,24.1736581045,18.1608440266
548,70.0,85.0,70.0,0.0,48.6360451331,22.0010639692,13.9227821994,20.9549937494,17.3001695285,9.56494323958
549,70.0,100.0,70.0,0.0,60.6488255789,-18.7969776086,4.80734819619,23.3363838548,28.8497827521,21.2996709464
550,85.0,0.0,70.0,0.0,55.8232636452,9.85219261258,8.1004751496,25.1448254221,23.7367600153,15.987763169
551,85.0,10.0,70.0,0.0,71.7427699061,-4.31559652721,25.9061151955,40.3197480535,43.2772895575,20.3257649663
552,85.0,20.0,70.0,0.0,61.4114592824,28.0151419754,21.2973972486,36.4999702826,29.719520322,14.5564867545
553,85.0,30.0,70.0,0.0,70.5204065381,-4.46008621114,19.5921635277,38.5936770749,41.493654512,22.4410158969
554,85.0,40.0,70.0,0.0,44.1799371188,-1.2942632405,-0.20444523825,13.2639966689,13.9630798359,11.589238481
555,85.0,55.0,70.0,0.0,62.0076640346,-6.37153434258,-12.97209541,27.6899604817,30.4115006832,33.0760007598
556,85.0,70.0,70.0,0.0,52.4552381726,19.8369160774,14.969074027,24.0895638435,20.5516213508,11.2889622912
557,85.0,85.0,70.0,0.0,44.2119672541,0.797436715101,2.46781060098,13.6107407445,13.9853868092,10.7358864343
558,85.0,100.0,70.0,0.0,45.5797321152,6.03659448368,1.73717739903,15.4329451992,14.9602695368,11.7477426174
559,100.0,0.0,70.0,0.0,60.9138665806,-2.86789677802,-12.853546353,27.3861141107,29.1500944337,31.7455287338
560,100.0,10.0,70.0,0.0,52.2462692748,28.2032375947,14.0609594032,25.8438227923,20.3639854687,11.4699479165
561,100.0,20.0,70.0,0.0,69.3522996513,11.5105725189,0.818369527328,42.1328741782,39.8356320987,32.3232492077
562,100.0,30.0,70.0,0.0,50.3186014055,32.4040280425,-8.1865878835,24.868332339,18.6866782838,18.9729880672
563,100.0,40.0,70.0,0.0,50.3422712269,12.2031824716,-3.07336311343,20.4481395166,18.7066938547,16.7128755929
564,100.0,55.0,70.0,0.0,56.3677830704,0.51319650128,0.15632034764,23.5295617356,24.2807354985,19.9589417151
565,100.0,70.0,70.0,0.0,51.5056818906,-4.91547106307,21.1839980225,18.0575693924,19.7082025888,8.90020033149
566,100.0,85.0,70.0,0.0,58.3634236029,-6.59525314367,-6.19468149567,23.868584273,26.3453613809,25.0431725776
567,100.0,100.0,70.0,0.0,56.1286809572,-11.0637597167,20.8363431563,20.7945893056,24.0408601903,11.4428776156
568,0.0,0.0,85.0,0.0,53.1927950047,-1.58710310286,-0.178444743482,20.1403537988,21.2230918902,17.5899679925
569,0.0,10.0,85.0,0.0,49.3652761949,1.77108472079,12.7402159997,17.5809344597,17.8923479024,10.3009833175
570,0.0,20.0,85.0,0.0,49.7086410936,21.4532022412,-1.04043622609,21.8188818166,18.1757980865,15.4139260404
571,0.0,30.0,85.0,0.0,48.1652826335,29.1084192377,11.1114915595,22.0350326278,16.9249099644,10.1654813594
572,0.0,40.0,85.0,0.0,42.2060846692,16.8381752978,-0.530215206628,14.8038320116,12.6337184008,10.5902377201
573,0.0,55.0,85.0,0.0,48.2755259922,14.3824120998,-4.44621080586,19.0946777281,17.0122967774,15.7951454811
574,0.0,70.0,85.0,0.0,52.9403868043,5.46317231451,-2.43319587276,21.379283139,20.9916791469,18.405928362
575,0.0,85.0,85.0,0.0,58.5827606508,-6.1655785051,0.642344774638,24.183604695,26.5791688426,21.603586694
576,0.0,100.0,85.0,0.0,56.9575964874,-9.4710567584,9.15831782496,21.8879685891,24.8792673402,16.3627772127
577,10.0,0.0,85.0,0.0,55.6108834242,13.5458507362,6.70666216287,25.8066248436,23.5268144082,16.4174424308
578,10.0,10.0,85.0,0.0,51.7849630962,6.50440222268,17.5089525406,20.5552542961,19.9538233979,10.1175582865
579,10.0,20.0,85.0,0.0,50.5777928043,3.9603944689,-1.15049109089,18.9968688902,18.9066337844,16.0737252263
580,10.0,30.0,85.0,0.0,45.8142911049,-5.49476595346,5.39452380404,13.707329654,15.1318738306,10.6838244495
581,10.0,40.0,85.0,0.0,43.7702689045,-7.43268756255,-11.3308647263,12.0823266218,13.679860272,15.4349088551
582,10.0,55.0,85.0,0.0,64.8838820686,4.11068577406,14.4281871173,33.8605717802,33.9009598109,20.1571061113
583,10.0,70.0,85.0,0.0,70.0987653679,11.9003305222,27.9795968476,43.3460901822,40.8899711213,18.0309431901
584,10.0,85.0,85.0,0.0,65.4372610382,4.94015434971,20.6112900113,34.794785511,34.6015463902,17.7323110612
585,10.0,100.0,85.0,0.0,60.2334883313,-1.68714656379,13.4213016313,26.9504977935,28.3833342109,16.9527010686
586,20.0,0.0,85.0,0.0,53.6158166236,-11.7839430487,1.99952083917,18.4825918596,21.6147291686,16.9578737707
587,20.0,10.0,85.0,0.0,63.3735427945,14.4514263459,32.2163014057,34.9757180688,32.0371096776,11.8153177828
588,20.0,20.0,85.0,0.0,59.6225068631,20.2074705922,-3.91010311198,32.0004078149,27.7063452897,24.9796464232
589,20.0,30.0,85.0,0.0,54.3619541067,-3.97369963134,14.0159529277,20.685519636,22.3172001883,12.7406328865
590,20.0,40.0,85.0,0.0,51.9717137536,2.18259116941,-17.0524595609,19.8376799798,20.1191992542,24.9524994498
591,20.0,55.0,85.0,0.0,61.9688648238,24.3530050037,29.2926941868,36.1199758973,30.3661453149,11.9861061535
592,20.0,70.0,85.0,0.0,62.2930611987,8.26902013927,-1.693381328,31.8820134999,30.7465119538,26.3358565948
593,20.0,85.0,85.0,0.0,54.3134952506,8.34485551856,15.3558328983,23.2991898851,22.2711218198,12.2402718693
594,20.0,100.0,85.0,0.0,34.9027949085,0.505348825195,1.37354859864,8.20462110452,8.44988733545,6.64978799039
595,30.0,0.0,85.0,0.0,73.5004246928,-11.1707084776,15.6261209663,40.5534509327,45.9305155971,27.5110447115
596,30.0,10.0,85.0,0.0,56.2707717894,-16.642181677,-5.37366889107,19.778390197,24.1832190787,22.6481671729
597,30.0,20.0,85.0,0.0,61.1684245305,8.9715418387,7.97666428898,30.7490103079,29.4404831993,20.1791507601
598,30.0,30.0,85.0,0.0,42.3009324256,7.5392904622,-11.6107931012,13.37754204,12.6955796407,14.5405331432
599,30.0,40.0,85.0,0.0,42.5346111359,22.2066993477,9.9232775183,15.9580468565,12.8488495811,7.77179316505
600,30.0,55.0,85.0,0.0,42.7420268861,24.0686455218,-0.286682809138,16.4435253411,12.9859227633,10.8059903672
601,30.0,70.0,85.0,0.0,40.918308447,3.03619739374,1.91500372304,11.8199926059,11.8135925173,9.18787815477
602,30.0,85.0,85.0,0.0,52.3429440796,9.17899989833,2.05805535304,21.6219455885,20.4506484209,16.0051212046
603,30.0,100.0,85.0,0.0,54.584876426,-9.79846263087,-3.84663406674,19.6933797566,22.5299904944,20.4086435217
604,40.0,0.0,85.0,0.0,71.8996930174,-3.40860542851,16.7207867513,40.8341753179,43.5099022232,25.2803201654
605,40.0,10.0,85.0,0.0,59.4659065536,-5.57199292445,14.0721610797,25.2102628123,27.5345772384,16.1160534152
606,40.0,20.0,85.0,0.0,53.8775261497,-13.9917991225,-6.8773239809,18.2756835386,21.8594180862,21.304698124
607,40.0,30.0,85.0,0.0,56.9181063545,14.1165296412,5.02843153735,27.3264922905,24.8388896171,18.1325649115
608,40.0,40.0,85.0,0.0,44.3583934815,4.23276100026,-10.4971011519,14.258568822,14.0876660517,15.5079906831
609,40.0,55.0,85.0,0.0,43.0194210636,22.9389418888,2.88990630616,16.4552637166,13.1707609562,9.96741474539
610,40.0,70.0,85.0,0.0,49.4040702339,-22.0856667301,9.54945961592,13.5319445474,17.9242239313,11.3412873008
611,40.0,85.0,85.0,0.0,45.5082888095,0.893405058355,-3.59091937063,14.52179322,14.9082603022,13.5932234875
612,40.0,100.0,85.0,0.0,61.1312077418,-10.8075792901,9.78580384456,25.672561019,29.3979080692,19.2859467361
613,55.0,0.0,85.0,0.0,53.7220625691,20.4463635577,7.84550594057,25.5096007909,21.7138438839,14.6322655349
614,55.0,10.0,85.0,0.0,70.8347013163,4.29113397427,24.9955178292,41.857041197,41.9474897588,20.0088414745
615,55.0,20.0,85.0,0.0,40.4343411412,1.63249405242,-14.7010223719,11.3287305972,11.5148002795,14.4907820966
616,55.0,30.0,85.0,0.0,47.6271691395,-11.9538976374,14.7841096708,13.9219717948,16.5026555971,8.81989611192
617,55.0,40.0,85.0,0.0,45.2154487358,13.2559920046,-7.5062063496,16.4166118347,14.6963384339,14.9015582506
618,55.0,55.0,85.0,0.0,53.465149421,-0.568640583011,26.3368893723,20.590194694,21.4746925591,8.41175413807
619,55.0,70.0,85.0,0.0,48.4967074328,24.8616311582,0.254568593283,21.4311805628,17.1885271914,14.0851545263
620,55.0,85.0,85.0,0.0,52.5377513144,-21.4925006882,9.36585998845,15.8567247448,20.6260272138,13.284272101
621,55.0,100.0,85.0,0.0,50.3583947889,12.3788140635,-14.0687688587,20.4986145713,18.7203363714,21.8737639481
622,70.0,0.0,85.0,0.0,65.1426728477,-3.57000884212,30.9490425201,32.0049393984,34.2274039373,13.3390852805
623,70.0,10.0,85.0,0.0,58.5612575203,29.4841956824,-1.37777257198,33.3222969625,26.5561861627,22.6237207894
624,70.0,20.0,85.0,0.0,54.2631393353,-13.8429034417,11.132873204,18.6235903985,22.2233068273,13.7315982522
625,70.0,30.0,85.0,0.0,48.7107090679,16.2086918141,-13.4369837565,19.8316410519,17.3601913662,20.1476228123
626,70.0,40.0,85.0,0.0,65.2856006638,4.04197075149,31.5323799851,34.3416819032,34.4085910991,13.2157230733
627,70.0,55.0,85.0,0.0,55.0564710839,35.9347396453,-1.38826920984,30.9163572404,22.984599335,19.6167432736
628,70.0,70.0,85.0,0.0,48.3829133928,34.295105238,-2.33150286145,23.386248442,17.0977084614,15.0151166863
629,70.0,85.0,85.0,0.0,43.0500788534,2.15161546016,-8.09762156522,13.0456348914,13.1912963765,13.6933008861
630,70.0,100.0,85.0,0.0,65.3699233339,15.7813233217,13.8779998029,37.9814051876,34.5157848132,20.8360099208
631,85.0,0.0,85.0,0.0,44.9472705083,-16.2360945575,8.40808924095,11.5499477502,14.5040341798,9.31837445545
632,85.0,10.0,85.0,0.0,64.4256306554,0.461574797952,2.78095292685,32.2666063171,33.328015732,25.877558296
633,85.0,20.0,85.0,0.0,62.3698650751,-2.28465990854,31.9196577792,29.1367956025,30.8370858269,11.3362184147
634,85.0,30.0,85.0,0.0,45.2769388871,-11.9140344111,-11.07966205,12.3762974978,14.7406697979,16.4044445975
635,85.0,40.0,85.0,0.0,53.6226956425,12.8658870271,21.7883255124,23.6473328112,21.6211373168,9.78199358186
636,85.0,55.0,85.0,0.0,42.1064514918,-1.05308674286,-5.69872887497,11.9679460509,12.5689527948,12.2430240655
637,85.0,70.0,85.0,0.0,48.8400743082,34.1761735395,-0.667492535689,23.8053469645,17.4645155815,14.6697140727
638,85.0,85.0,85.0,0.0,45.0512933569,28.5223000395,6.79252947345,19.1423505328,14.5784260676,9.84710622355
639,85.0,100.0,85.0,0.0,42.5764138612,-2.36233922255,-1.97531599832,12.0713806116,12.8763974162,11.2600466728
640,100.0,0.0,85.0,0.0,61.242986937,22.7658065886,11.5043787919,34.7206134152,29.5259044708,18.5782007444
641,100.0,10.0,85.0,0.0,50.0530650155,-21.2115299919,5.49994660859,14.1137315691,18.4631142189,13.1317419564
642,100.0,20.0,85.0,0.0,63.6504225131,-1.49539195291,19.3076390073,30.8115239003,32.3735468982,16.9548250422
643,100.0,30.0,85.0,0.0,77.8349084954,-5.71574002099,34.7165833277,48.908708437,52.9321258986,21.1604528107
644,100.0,40.0,85.0,0.0,51.9584415525,39.2073708929,4.20178454794,28.2638385999,20.1074160914,14.8690998158
645,100.0,55.0,85.0,0.0,65.7803599796,-18.8364358528,13.9644799115,28.6571250622,35.0407252232,21.1446693354
646,100.0,70.0,85.0,0.0,46.3830472962,20.534569711,-7.38049114125,18.7032639529,15.5534160197,15.6604383325
647,100.0,85.0,85.0,0.0,59.9217105747,-17.0123972997,-18.7833467425,23.0344726959,28.0365122227,34.5887712264
648,100.0,100.0,85.0,0.0,44.4519496082,27.766056681,14.4037404961,18.4923206225,14.1532757214,7.47468159442
649,0.0,0.0,100.0,0.0,61.085571278,-3.07651977533,-1.97173608329,27.519190234,29.3457570801,25.3070396815
650,0.0,10.0,100.0,0.0,41.272520411,15.6154489519,7.22276821294,13.9504325187,12.0355216751,7.90695281466
651,0.0,20.0,100.0,0.0,51.6120166206,-11.7748724337,-13.1112736156,16.8722778945,19.8014822578,22.4944491558
652,0.0,30.0,100.0,0.0,35.8510672124,0.683219477264,-1.81345102017,8.69132809771,8.93098029308,7.82659232072
653,0.0,40.0,100.0,0.0,76.9932915051,-6.73855515336,48.8973663173,47.2173546143,51.520597608,14.2723122247
654,0.0,55.0,100.0,0.0,48.0111345098,29.3029077305,7.48725444577,21.9335617992,16.8032235756,11.229773348
655,0.0,70.0,100.0,0.0,64.2363220766,-21.7078344307,26.0672375563,26.2719061456,33.093223419,14.5956917405
656,0.0,85.0,100.0,0.0,34.3507368512,0.300406647459,0.923078872263,7.91873697948,8.17793254525,6.53468456839
657,0.0,100.0,100.0,0.0,76.3159067808,1.68109943295,48.5804256087,49.2219349646,50.4029147684,13.9478373885
658,10.0,0.0,100.0,0.0,50.2363682131,31.3555931563,-6.36918926903,24.5409214753,18.6172515825,18.0773557541
659,10.0,10.0,100.0,0.0,66.2970617058,-11.8099871608,30.2882959233,31.1081235691,35.7091095996,14.3366883688
660,10.0,20.0,100.0,0.0,44.7254056208,4.50848083124,-22.1414225871,14.5612285731,14.3462140219,21.0470779165
661,10.0,30.0,100.0,0.0,71.1343907527,-2.64817324846,4.67906600063,40.0116078248,42.3833059434,31.8038212025
662,10.0,40.0,100.0,0.0,68.3889969258,1.83725857843,3.35089235399,37.6927611037,38.5020192298,29.6234464873
663,10.0,55.0,100.0,0.0,33.7460343841,0.72312775303,-0.0774674865849,7.68242193694,7.88681092658,6.52509270143
664,10.0,70.0,100.0,0.0,69.2789530757,2.41459539941,-1.14734048854,39.074399597,39.7330233662,33.5573729094
665,10.0,85.0,100.0,0.0,34.2832134634,4.36038049372,-7.10924518916,8.33790277116,8.14507533954,8.51312909813
666,10.0,100.0,100.0,0.0,39.7522541248,-14.0000498872,6.83838986251,8.9416866083,11.1023093856,7.34128088869
667,20.0,0.0,100.0,0.0,38.6333455628,18.1645844715,9.31790054325,12.589861433,10.4471882525,6.30662649659
668,20.0,10.0,100.0,0.0,40.5095022347,4.16891977593,-3.12731610845,11.7303653307,11.5608689388,10.4872670426
669,20.0,20.0,100.0,0.0,45.0486962812,-5.80931536212,6.68170810455,13.1455769864,14.5765656812,9.87904467533
670,20.0,30.0,100.0,0.0,43.554476595,8.88886296759,8.8052740101,14.4521148789,13.5322268231,8.53231543284
671,20.0,40.0,100.0,0.0,50.4021717566,-28.2274214272,13.7870555169,13.2465549823,18.7574105196,10.5317438085
672,20.0,55.0,100.0,0.0,43.3017056298,13.3783559442,-13.9823825138,15.0142804466,13.3606499734,16.1933526148
673,20.0,70.0,100.0,0.0,61.4516148991,-13.7882900325,32.9615309408,25.291440004,29.7657935032,10.4929760694
674,20.0,85.0,100.0,0.0,47.788558112,30.2331874696,-4.63088269151,21.9272884682,16.6285503006,15.5274340592
675,20.0,100.0,100.0,0.0,70.8108135359,-2.771041249,49.5010848166,39.5251258857,41.9128806643,10.3673455239
676,30.0,0.0,100.0,0.0,66.0119769041,-1.46883237131,42.1475117359,33.6545033908,35.3392944437,10.0842292464
677,30.0,10.0,100.0,0.0,66.9477855918,-0.821707570677,31.5713664353,35.014894397,36.562882059,14.2746800152
678,30.0,20.0,100.0,0.0,33.6477909214,3.9562428189,-6.02374852951,7.9873507823,7.84017614905,7.93301113532
679,30.0,30.0,100.0,0.0,57.7162232804,16.8753899858,27.1294351833,28.9032752842,25.6634632087,10.3037553028
680,30.0,40.0,100.0,0.0,54.0263871717,32.1100110124,-6.27153682355,28.7300449327,21.999418133,21.1299654234
681,30.0,55.0,100.0,0.0,47.8942945933,-6.87351663224,8.9362199181,14.9380131237,16.7113783442,10.6979322853
682,30.0,70.0,100.0,0.0,34.1601583163,2.21130044288,-3.34343860142,8.0384206741,8.08542267282,7.47535849028
683,30.0,85.0,100.0,0.0,57.9396726263,16.8700641624,19.8933539665,29.1521867247,25.8975453605,12.8446034385
684,30.0,100.0,100.0,0.0,51.6143846567,31.975287113,1.71621134062,26.0967923062,19.8035629057,15.6289218469
685,40.0,0.0,100.0,0.0,45.767202539,-4.97010129516,-0.63418527408,13.7580877273,15.097318929,12.6807394435
686,40.0,10.0,100.0,0.0,42.178668815,7.76093837411,-11.3893175523,13.3302532421,12.6158748506,14.3730134742
687,40.0,20.0,100.0,0.0,63.802786612,-12.9520936144,-2.29550146154,27.982357507,32.5596855671,28.2323191529
688,40.0,30.0,100.0,0.0,48.8976035604,29.8060234231,0.800275626322,22.8790623731,17.5110429289,14.140640183
689,40.0,40.0,100.0,0.0,75.2865638052,0.198544613528,14.1030622179,47.0667366909,48.7356330326,30.3420227916
690,40.0,55.0,100.0,0.0,43.2450397247,6.40782834232,-7.90114048871,13.838264265,13.3223861442,13.745566777
691,40.0,70.0,100.0,0.0,66.1438494127,-9.28860099456,-15.9669564087,31.6173398331,35.5100419069,40.3682942233
692,40.0,85.0,100.0,0.0,49.3822261913,29.108453033,3.9581214889,23.1889644859,17.9062706102,13.2722534916
693,40.0,100.0,100.0,0.0,76.9950907015,2.68606243896,-1.45787386027,50.6894883743,51.5235880645,43.6825687018
694,55.0,0.0,100.0,0.0,78.2464325207,-1.3909464715,0.64171577413,51.18730762,53.6316047833,43.7294794423
695,55.0,10.0,100.0,0.0,36.7791117949,1.1486321294,2.82887689114,9.22113146521,9.41916195456,7.06928534511
696,55.0,20.0,100.0,0.0,75.9710223155,1.70004560797,-0.187330046978,48.6815796354,49.8401194167,41.2692291985
697,55.0,30.0,100.0,0.0,45.6964761656,0.5068607489,2.21330166687,14.5914424167,15.0455168537,11.6552367466
698,55.0,40.0,100.0,0.0,78.1130619546,-1.92029036545,4.34816627674,50.769606599,53.4042404199,40.6158203607
699,55.0,55.0,100.0,0.0,61.493455414,0.490692065062,1.99442852957,28.8764570646,29.8140593415,23.5144574572
700,55.0,70.0,100.0,0.0,75.5863396869,1.60165075792,3.42375797196,48.0400784273,49.2173401844,38.0248242016
701,55.0,85.0,100.0,0.0,39.5729564437,-8.97400043801,-9.52414621145,9.4553610931,10.9955393482,12.0557400043
702,55.0,100.0,100.0,0.0,38.8137613014,19.0711290183,1.02105815908,12.8423116112,10.5510296875,8.42656875356
703,70.0,0.0,100.0,0.0,48.7279749285,-1.70956030295,23.9075738701,16.4476701564,17.3740910111,6.95512015554
704,70.0,10.0,100.0,0.0,68.0884356368,8.82170739136,0.491315186917,39.4799243061,38.0920943554,31.1115100378
705,70.0,20.0,100.0,0.0,50.4437659623,19.1620909366,18.7603861938,22.0079515656,18.7926814326,9.06746840222
706,70.0,30.0,100.0,0.0,60.6127045744,-0.92856213212,-9.67843114543,27.5467209745,28.8090153124,29.3877013534
707,70.0,40.0,100.0,0.0,44.1719388564,2.71984069938,5.81870368959,13.8870509892,13.9575132531,9.68530527551
708,70.0,55.0,100.0,0.0,50.8827063537,-12.8312224123,-22.521925294,16.1234642486,19.1675915736,27.009457215
709,70.0,70.0,100.0,0.0,71.8868888453,-1.66767711165,0.0561194795328,41.386645645,43.490890992,35.8446791008
710,70.0,85.0,100.0,0.0,59.7811638128,13.8462179514,3.90153395534,30.4515986625,27.8810961668,21.0049161194
711,70.0,100.0,100.0,0.0,66.8351335104,16.8531505786,-3.47786819568,40.3246469618,36.4141152157,32.2942983512
712,85.0,0.0,100.0,0.0,60.5881903528,-2.34543319549,30.0204770238,27.1663921502,28.7813695857,10.9541520612
713,85.0,10.0,100.0,0.0,35.6853956381,4.17965576787,-4.71158996505,9.01897074416,8.84564625185,8.51854832993
714,85.0,20.0,100.0,0.0,41.2491499585,6.40454583856,13.7992949085,12.5177788024,12.0207941501,6.31300676139
715,85.0,30.0,100.0,0.0,66.4713861473,14.5568448636,9.77003311897,39.0872855168,35.9365113699,23.9496719413
716,85.0,40.0,100.0,0.0,61.3292064592,-2.37113641679,20.6987332099,27.9618145262,29.6248863493,14.7350691936
717,85.0,55.0,100.0,0.0,34.7399624067,2.9138336809,-1.34554374825,8.3971207528,8.36905564926,7.22889902816
718,85.0,70.0,100.0,0.0,40.9470109327,7.36126983079,11.4848436227,12.4665847523,11.8314734328,6.72157695885
719,85.0,85.0,100.0,0.0,52.6923240137,35.5033023924,15.8746236039,28.12600439,20.7658953778,11.1264947345
720,85.0,100.0,100.0,0.0,64.5319572887,3.96503283074,4.00795120561,33.3840505088,33.4603743831,25.285857123
721,100.0,0.0,100.0,0.0,35.087278836,4.44094843152,0.335009720391,8.74558668465,8.54209395847,6.96800593733
722,100.0,10.0,100.0,0.0,36.4142590834,-4.16814436121,-2.39457740991,8.41245468597,9.22517016046,8.23298413619
723,100.0,20.0,100.0,0.0,53.9227302856,32.6474613046,20.5886092449,28.7534484267,21.9018684502,10.303854491
724,100.0,30.0,100.0,0.0,66.3250331637,5.94481723827,-8.70658545533,36.2308464715,35.7455328459,35.2609827465
725,100.0,40.0,100.0,0.0,34.8725758106,4.28487597321,1.52349801174,8.6198810922,8.43484711542,6.6032388513
726,100.0,55.0,100.0,0.0,35.3723602953,-1.75718629232,-6.36185707359,8.17795075746,8.68589533177,8.82463203742
727,100.0,70.0,100.0,0.0,50.715750904,5.15572014062,-6.40103671161,19.3496659836,19.024408722,18.4662037924
728,100.0,85.0,100.0,0.0,63.1745029647,-2.08931563876,18.0577956435,30.1017173832,31.7967014635,17.1405150134
729,100.0,100.0,100.0,0.0,63.2327520992,-0.671259670234,18.1174851241,30.5483060851,31.8669321526,17.1582071881
730,0.0,0.0,0.0,20.0,63.2257648771,-1.03125523163,18.1729954519,30.4435355337,31.858502241,17.1288757555
731,0.0,10.0,0.0,20.0,56.51527129,-8.48572334879,8.73254884985,21.6902326267,24.4294933731,16.2214060078
732,0.0,20.0,0.0,20.0,54.1226578776,12.4685583283,11.7118464496,24.0480023223,22.0902758471,13.4263858146
733,0.0,40.0,0.0,20.0,78.3393270869,2.26469828557,-0.820932837447,52.7412810335,53.7903480936,45.0580738893
734,0.0,70.0,0.0,20.0,80.4565976773,-2.32298325868,4.18794146986,54.517013037,57.4939105762,43.9441409828
735,0.0,100.0,0.0,20.0,41.6721179306,-1.52582045674,-2.79959187406,11.6335493463,12.2892034487,11.0206859045
736,10.0,0.0,0.0,20.0,78.094685209,1.17628402517,2.9383599698,51.9164213654,53.3729630021,41.6884835644
737,10.0,10.0,0.0,20.0,44.6122517637,-15.4676450022,6.99532978069,11.4552285773,14.2661664808,9.56196504966
738,10.0,20.0,0.0,20.0,51.386088346,-1.64036752178,-16.6881902488,18.5852350259,19.6036424729,24.1941643003
739,10.0,40.0,0.0,20.0,53.4767034458,1.0148580874,21.7629786009,20.9296368428,21.485409893,9.71453791151
740,10.0,70.0,0.0,20.0,58.94714154,11.8783665688,-5.63908502472,28.9833321306,26.9706400679,25.2960093127
741,10.0,100.0,0.0,20.0,60.4188547884,14.2198830417,34.4505637449,31.2970405104,28.5908855827,9.5025242615
742,20.0,0.0,0.0,20.0,64.22778131,3.32310145779,28.4852512451,32.8300130154,33.0826567054,13.6673059687
743,20.0,10.0,0.0,20.0,69.6072984365,-5.10936084351,33.4470266287,37.1708104873,40.1937390123,15.3414673942
744,20.0,20.0,0.0,20.0,55.925643257,-8.25503145902,-23.2744561114,21.1994865441,23.8384106161,32.9524248337
745,20.0,40.0,0.0,20.0,42.2441064798,-6.1471844982,14.1573280854,11.3316500651,12.6584926508,6.62065457309
746,20.0,70.0,0.0,20.0,68.9535281313,2.00885062489,-8.47889367553,38.5042412269,39.2798926291,38.3705405406
747,20.0,100.0,0.0,20.0,56.3597780644,-26.0337412353,19.2083463855,18.0205824612,24.2726789051,12.1280896404
748,40.0,0.0,0.0,20.0,54.8075759762,-13.021644777,-10.4933720655,19.242740771,22.7439144642,24.0329928479
749,40.0,10.0,0.0,20.0,42.1508134601,-5.79217574181,10.888021888,11.3251111659,12.5977624677,7.36246888564
750,40.0,20.0,0.0,20.0,66.8680682935,-0.67780015495,5.92328441297,34.9561190791,36.4575666292,26.4929777712
751,40.0,40.0,0.0,20.0,55.1845950062,-25.4308252416,7.51117199096,17.1897422033,23.1091561905,15.7765733422
752,40.0,70.0,0.0,20.0,34.3844684725,-0.478711686875,-3.582551446,7.84966667724,8.19437955992,7.63270050169
753,40.0,100.0,0.0,20.0,62.8716470481,1.26887914685,23.3991341144,30.6515755082,31.4332120794,14.7189748731
754,70.0,0.0,0.0,20.0,57.1408066675,15.7569140176,0.71080738168,27.9807286433,25.0671678954,20.3352549238
755,70.0,10.0,0.0,20.0,35.8424682298,-5.51768838448,0.792503863809,7.98579905293,8.92653768778,7.17114901381
756,70.0,20.0,0.0,20.0,34.5342487993,0.921835700689,-7.03722331713,8.0741346871,8.26767649785,8.61173891397
757,70.0,40.0,0.0,20.0,62.7426493998,0.673834792631,32.9919285198,30.3424330735,31.2792334672,11.1952569877
758,70.0,70.0,0.0,20.0,58.7189885127,17.1812614609,-9.26786984407,30.1192326542,26.7250782012,27.1606860075
759,70.0,100.0,0.0,20.0,36.3688678693,-6.38954315766,2.9102686969,8.14036423001,9.2012236723,6.88126537664
760,100.0,0.0,0.0,20.0,81.2717291145,-0.371702293896,1.98245727485,56.7075120789,58.9638646175,46.9463827221
761,100.0,10.0,0.0,20.0,55.0931902181,14.16697416,-0.354253325244,25.4216372096,23.0202503087,19.1592759679
762,100.0,20.0,0.0,20.0,81.4135737967,1.37278167728,2.80735364168,57.6696611055,59.2221898124,46.4549237391
763,100.0,40.0,0.0,20.0,64.4710689524,-0.0250713338886,2.90595134345,32.185583399,33.3845359235,25.8509118236
764,100.0,70.0,0.0,20.0,57.9714102455,-6.60728175138,-5.5122279989,23.4825347399,25.9309082057,24.2915518045
765,100.0,100.0,0.0,20.0,67.4605333078,21.010878384,-0.954081014615,42.5829293599,37.245130373,31.3464586043
766,0.0,0.0,10.0,20.0,35.8513962677,0.910480322946,1.9475591926,8.71795261017,8.93115032651,6.89793853725
767,0.0,10.0,10.0,20.0,67.1966533236,20.3317755505,-1.74375302396,41.9763642211,36.8929686093,31.5642566045
768,0.0,20.0,10.0,20.0,54.6745969517,15.306683857,0.508569126238,25.2638767206,22.616013444,18.4279031802
769,0.0,40.0,10.0,20.0,54.7485870032,14.0869537832,-0.0342317446264,25.0510808194,22.6871187297,18.735010238
770,0.0,70.0,10.0,20.0,51.9833734873,-14.6672623631,-18.9447121485,16.6395602884,20.1295546536,26.0341265522
771,0.0,100.0,10.0,20.0,58.6783336387,16.9843263373,-6.52621717262,30.0202139251,26.6814782952,25.5351685916
772,10.0,0.0,10.0,20.0,60.7286915867,-2.43164983014,23.9202194821,27.2957400354,28.9400588373,13.1266466213
773,10.0,10.0,10.0,20.0,45.6478393446,-12.8421738269,2.39529155612,12.4752772644,15.0099626646,11.5662216527
774,10.0,20.0,10.0,20.0,69.8532160616,12.1638751736,40.3515053535,43.0767864839,40.5411195594,12.874152886
775,10.0,40.0,10.0,20.0,52.2345001708,-17.5705792909,-19.1481263726,16.3151570116,20.3534519463,26.4008810344
776,10.0,70.0,10.0,20.0,47.6934458408,32.7457579593,10.5058628189,22.3836307907,16.5542788867,10.1019105659
777,10.0,100.0,10.0,20.0,80.1390444025,-2.05884265726,-0.302172429932,54.0812041199,56.9279356428,47.2288552826
778,20.0,0.0,10.0,20.0,48.027889217,16.6319983118,-6.63261291615,19.3279927245,16.8164215976,16.5295420286
779,20.0,10.0,10.0,20.0,69.972521112,-5.35305635778,-11.5731735999,37.5800438283,40.710367201,42.0884437602
780,20.0,20.0,10.0,20.0,57.9798244213,29.2532042895,6.03077980278,32.5485117396,25.9397580589,18.5084131041
781,20.0,40.0,10.0,20.0,77.3949075132,-6.19104920956,42.301135901,48.0411150612,52.1910003886,17.2600004416
782,20.0,70.0,10.0,20.0,46.2665056319,13.3024638075,8.60184419588,17.2435389582,15.4664098423,9.93312150939
783,20.0,100.0,10.0,20.0,65.6035471896,-11.5934672055,24.4165256959,30.3596079598,34.8139374183,16.2153241939
784,40.0,0.0,10.0,20.0,54.677895027,30.0352834947,24.3435445871,28.9197723786,22.6191797639,9.56383107459
785,40.0,10.0,10.0,20.0,67.0818128707,9.13168888163,30.3812370771,38.2085549563,36.7404038314,14.8278056499
786,40.0,20.0,10.0,20.0,50.6633002791,27.1114497428,-1.44067677039,23.986590251,18.9795741289,16.2564229235
787,40.0,40.0,10.0,20.0,57.1757884198,-8.09272995173,12.1577935991,22.390991287,25.1031524421,15.2833189578
788,40.0,70.0,10.0,20.0,45.0811968912,5.44206446833,-13.4849805421,14.9697703934,14.5998585389,17.2917803043
789,40.0,100.0,10.0,20.0,67.2145144708,8.02838692947,40.8057468485,38.0429589744,36.9167349098,11.1613998858
790,70.0,0.0,10.0,20.0,52.2292596048,28.029359014,-8.76537990338,25.7844162306,20.3487627312,20.8296136224
791,70.0,10.0,10.0,20.0,57.0947698169,-9.08352154698,21.7696899515,22.0993718612,25.019863772,11.6874398521
792,70.0,20.0,10.0,20.0,45.678252546,8.35686609394,-20.8086557155,15.9058447328,15.0321885659,21.2018099291
793,70.0,40.0,10.0,20.0,67.7273830392,20.9975158583,-0.340102291178,42.9654999772,37.6035272404,31.2466555325
794,70.0,70.0,10.0,20.0,79.7506335224,-1.02765005891,25.5970729859,53.8285960605,56.2407366672,27.9930589151
795,70.0,100.0,10.0,20.0,72.2121289749,-9.27862391481,-10.2082496775,39.3760845788,43.9755159567,44.0919745521
796,100.0,0.0,10.0,20.0,71.2550037699,-8.04729288335,-10.693949804,38.4615924493,42.5595529242,43.1496667257
797,100.0,10.0,10.0,20.0,66.286327764,19.6812173911,16.7174253083,40.4744798627,35.6951388877,20.2194528583
798,100.0,20.0,10.0,20.0,65.5522491658,18.9943440114,15.4308420423,39.2382256262,34.7483239554,20.2295988143
799,100.0,40.0,10.0,20.0,80.5034417149,1.84778492968,2.32393487929,56.2651512682,57.5777168215,45.5446682846
800,100.0,70.0,10.0,20.0,64.260349962,0.0348404510718,2.10177139487,31.9499810778,33.1229630047,26.1034335918
801,100.0,100.0,10.0,20.0,64.7945910424,1.5449616055,2.3379131379,33.0179681732,33.7888097401,26.4990198437
802,0.0,0.0,20.0,20.0,63.7625549295,0.933301969806,1.82913287154,31.6057048647,32.5104665845,25.7683543983
803,0.0,10.0,20.0,20.0,39.0570321773,-0.21659356901,-1.71311766436,10.28217471,10.6921347665,9.3084373334
804,0.0,20.0,20.0,20.0,58.8500983053,-14.1818004836,-16.6613467372,22.6384037818,26.8660090999,31.9092113869
805,0.0,40.0,20.0,20.0,44.0225936939,20.277734132,7.30692212617,16.7530255743,13.8538444452,9.17650949451
806,0.0,70.0,20.0,20.0,69.5544106365,-4.09728873687,-3.11283476613,37.4116163612,40.1192904973,35.2428281795
807,0.0,100.0,20.0,20.0,48.2050094222,35.2007661639,16.7731162948,23.417500783,16.9563656988,8.54604298008
808,10.0,0.0,20.0,20.0,51.7050524652,25.0461115297,14.6348835849,24.5458137503,19.8833368094,10.9766618802
809,10.0,10.0,20.0,20.0,51.6354388296,-18.3561732852,-15.2003916996,15.7263272823,19.8220683236,23.6208707725
810,10.0,20.0,20.0,20.0,34.2761366374,0.891003385551,0.601419581406,7.94818252392,8.14163682608,6.57884463748
811,10.0,40.0,20.0,20.0,41.2151510268,-2.81743928663,-1.70836743313,11.1789013755,11.9993902606,10.4240959324
812,10.0,70.0,20.0,20.0,52.104165301,28.909485538,19.0855261506,25.8663721661,20.2370430617,9.80729708982
813,10.0,100.0,20.0,20.0,60.5400525869,-15.5846125778,-23.7125524572,23.9582585285,28.7271340618,38.9136613848
814,20.0,0.0,20.0,20.0,34.2566214068,1.34415884545,-1.28842341241,7.98869051805,8.13215971034,7.01367079344
815,20.0,10.0,20.0,20.0,41.6558412541,-4.74426415996,5.61972300355,11.1751467199,12.2788013195,8.50835425177
816,20.0,20.0,20.0,20.0,50.7677715512,30.4973388039,11.9376867373,24.8752221977,19.068945458,11.3290891928
817,20.0,40.0,20.0,20.0,57.0618128393,-20.6297500457,-11.27793855,19.6623282855,24.9860361522,26.6638973918
818,20.0,70.0,20.0,20.0,36.896137025,-9.55032171291,-1.16778478492,8.04188683639,9.4819552875,8.12800458328
819,20.0,100.0,20.0,20.0,49.3220144554,26.6493908474,9.41024559321,22.58601067,17.856845479,11.3405418573
820,40.0,0.0,20.0,20.0,70.2842432749,-5.57106353105,6.92669653983,37.9285872635,41.1548019639,29.4312163118
821,40.0,10.0,20.0,20.0,43.6702836298,3.15167913159,-4.23864723337,13.6137836761,13.611322963,12.6768636956
822,40.0,20.0,20.0,20.0,38.3868730696,-7.5921194138,-7.52993658235,9.00378241013,10.3064310615,10.721427137
823,40.0,40.0,20.0,20.0,50.1110880246,24.9306432042,14.4781930158,22.957905618,18.5118126451,10.161846006
824,40.0,70.0,20.0,20.0,72.1132506854,-2.7841434017,-7.99549364907,41.340321706,43.8278032211,42.1779769304
825,40.0,100.0,20.0,20.0,43.2869307123,3.39454336746,1.04527888888,13.3938670104,13.3506661127,10.6812040162
826,70.0,0.0,20.0,20.0,73.4433320033,0.31070586559,2.68954789737,44.3128569889,45.8426738605,35.8802538941
827,70.0,10.0,20.0,20.0,45.8250519068,28.4117984244,11.4765476127,19.7842917948,15.1397778011,8.8758961753
828,70.0,20.0,20.0,20.0,65.5839161682,-7.8013382078,-8.11339980997,31.3632060676,34.7888183355,33.9634452767
829,70.0,40.0,20.0,20.0,40.9015226103,10.8377520736,1.2650732931,12.9581760843,11.8031437233,9.36692021875
830,70.0,70.0,20.0,20.0,54.861436421,-19.0174216105,-22.2770814563,18.1263072706,22.795855067,31.0877611324
831,70.0,100.0,20.0,20.0,47.7053825429,36.3831332299,13.2786022689,23.1994607502,16.5635878757,9.28511682471
832,100.0,0.0,20.0,20.0,68.9967087275,-4.88515941339,1.67618932055,36.4378630376,39.3398192083,31.3583458647
833,100.0,10.0,20.0,20.0,43.5221523023,21.8531233127,4.78992072677,16.6484574092,13.5102041821,9.65816994616
834,100.0,20.0,20.0,20.0,58.3696374909,-15.567093773,-12.8737301295,21.8858903736,26.3519662732,28.9717418375
835,100.0,40.0,20.0,20.0,38.8656339019,1.65479716051,-5.30098188549,10.4189130269,10.5810127122,10.2819405458
836,100.0,70.0,20.0,20.0,73.224741143,-0.985445329405,12.5058827972,43.546117378,45.5073894048,29.1152801277
837,100.0,100.0,20.0,20.0,47.0366745166,29.09943569,2.76009246821,20.9977964884,16.0474456804,12.2574474105
838,0.0,0.0,40.0,20.0,64.7235247069,-10.2167660716,0.392688640924,29.7171425591,33.6997269677,27.5711031504
839,0.0,10.0,40.0,20.0,41.7842672504,11.5660429857,-7.04811193931,13.6585379654,12.3610357844,12.5204844095
840,0.0,20.0,40.0,20.0,53.4783559771,-21.3667196115,-14.3192340384,16.5937718789,21.4869430468,24.8769814012
841,0.0,40.0,40.0,20.0,71.4801484587,-3.11608079782,9.15322162005,40.3415981837,42.8898538627,29.328860986
842,0.0,70.0,40.0,20.0,68.5779254721,1.15127253659,7.79729348,37.7324783689,38.7611914489,27.1211741694
843,0.0,100.0,40.0,20.0,63.8933030784,13.825893785,38.2317602167,35.4530495305,32.670603942,10.1645645083
844,10.0,0.0,40.0,20.0,64.1176036693,3.41815644228,-11.945491759,32.7229745157,32.9465455371,34.8643307024
845,10.0,10.0,40.0,20.0,35.8420053563,1.55663664886,3.85853940846,8.78873272794,8.92629858914,6.45188350807
846,10.0,20.0,40.0,20.0,40.7369466396,8.48749358088,1.78214603393,12.4992721626,11.7010251415,9.13645797984
847,10.0,40.0,40.0,20.0,64.8421461844,13.9696318846,28.2971432671,36.7250511211,33.8485084494,14.1382434021
848,10.0,70.0,40.0,20.0,62.7410974969,0.31940552866,1.72282864338,30.2458776314,31.2773840993,24.8370362362
849,10.0,100.0,40.0,20.0,35.2493850876,2.21856688373,0.96262453544,8.56884068388,8.62366761565,6.88540093127
850,20.0,0.0,40.0,20.0,40.3007665703,8.12814309242,7.36178747535,12.1703441914,11.4332304311,7.44594464856
851,20.0,10.0,40.0,20.0,54.3140248166,40.5675999567,18.1684539148,31.3062757284,22.2716250284,11.2907450524
852,20.0,20.0,40.0,20.0,39.5500078784,-8.04615261104,1.45657929632,9.55771062987,10.981923319,8.65407548789
853,20.0,40.0,40.0,20.0,48.3894996844,21.7698034441,6.39313860477,20.6855538558,17.1029562209,11.8114582832
854,20.0,70.0,40.0,20.0,77.9313249671,3.50296231849,17.0494710643,52.5401815077,53.0954587551,31.3786296148
855,20.0,100.0,40.0,20.0,54.4953515996,37.8259997328,23.5309012458,30.773648703,22.4443728752,9.71107980048
856,40.0,0.0,40.0,20.0,39.455958921,-5.31674262583,-4.52555670648,9.84859445779,10.9262388564,10.3569624804
857,40.0,10.0,40.0,20.0,48.610388649,20.214793977,11.6914646054,20.5608046976,17.2795764356,10.2230322487
858,40.0,20.0,40.0,20.0,79.2276178917,5.17084096063,1.34660982892,55.3905447488,55.3241556154,44.5342157507
859,40.0,40.0,40.0,20.0,48.0404243012,-21.2764774849,8.8890149312,12.7553705331,16.8263002552,10.7930591836
860,40.0,70.0,40.0,20.0,46.0455670878,9.00096627577,-15.0212313862,16.2965995426,15.3023562078,18.72662453
861,40.0,100.0,40.0,20.0,58.045126529,-5.07691948988,26.1389680256,23.9019838551,26.0085099066,10.7929104068
862,70.0,0.0,40.0,20.0,51.4147422649,24.4723782543,-5.02709334545,24.1241345744,19.6286606963,18.389306409
863,70.0,10.0,40.0,20.0,65.3062534244,6.28501690899,41.53718363,35.024069677,34.4348250062,9.90051119973
864,70.0,20.0,40.0,20.0,52.2654516831,-11.8451955995,-22.4509108897,17.3742291551,20.3811617962,28.392132191
865,70.0,40.0,40.0,20.0,59.905231925,7.01435266548,25.3910670554,28.7931150702,28.0182603844,12.104020863
866,70.0,70.0,40.0,20.0,62.8293351766,2.8583933912,-8.3188220911,31.0323332732,31.382650767,30.9456139019
867,70.0,100.0,40.0,20.0,49.8465171523,-12.8640394602,7.6863980612,15.3462432651,18.2904528433,12.2290893467
868,100.0,0.0,40.0,20.0,71.6007597331,15.1769735444,4.18393911185,46.7415783935,43.0674988071,32.6630939482
869,100.0,10.0,40.0,20.0,49.2267970574,-18.0124204133,-8.12212359639,14.0555799739,17.7788715305,18.0828863165
870,100.0,20.0,40.0,20.0,45.8640754498,5.72499294355,-10.8068890069,15.5893568966,15.1684642677,16.7182114699
871,100.0,40.0,40.0,20.0,58.8715550983,-3.84397409908,6.62202980916,25.0135242072,26.8891202384,18.9441338274
872,100.0,70.0,40.0,20.0,51.4778604756,22.3237328428,-0.21736714023,23.6956178308,19.6838453441,16.3324349831
873,100.0,100.0,40.0,20.0,66.7514990165,7.16909999437,16.9622933438,37.1613054753,36.303930003,20.4906877955
874,0.0,0.0,70.0,20.0,59.1706731087,11.7260084486,22.3249561424,29.1944220035,27.2126821886,12.7341833577
875,0.0,10.0,70.0,20.0,52.1662331924,-16.0960162983,-22.984509836,16.5249527911,20.2924236251,28.6130324571
876,0.0,20.0,70.0,20.0,51.6153490841,-17.7636724881,14.5850202663,15.8138621308,19.8044103306,10.9428958286
877,0.0,40.0,70.0,20.0,60.5651688506,20.5977523752,-6.90990110765,33.2514341453,28.7554233707,27.6504506136
878,0.0,70.0,70.0,20.0,65.4280589893,-3.26479133801,37.8212798596,32.4326589813,34.5898182521,11.1302404033
879,0.0,100.0,70.0,20.0,50.9174719326,-0.199572912664,-22.1558667689,18.4736638621,19.1974970108,26.8299031189
880,10.0,0.0,70.0,20.0,53.2683716904,-17.2601879501,6.38625460345,17.1734471215,21.2927114311,14.8983510438
881,10.0,10.0,70.0,20.0,60.0781419989,18.7512980053,4.1263402905,32.141433192,28.210171417,21.1480297152
882,10.0,20.0,70.0,20.0,65.1243662354,-2.70950712194,26.3900348026,32.2222065086,34.2042430121,15.0720378837
883,10.0,40.0,70.0,20.0,47.936447731,-2.49573214258,-13.5136750503,15.711913195,16.744475284,19.5453466597
884,10.0,70.0,70.0,20.0,49.9788534801,1.38535708661,-10.6890981407,18.0045335395,18.4009534145,19.8773803492
885,10.0,100.0,70.0,20.0,65.0806030989,5.10046635656,26.4941176472,34.39254509,34.1489176765,15.0006143846
886,20.0,0.0,70.0,20.0,37.2939596108,7.10239636202,1.57040397255,10.2457298487,9.69750467615,7.59817443788
887,20.0,10.0,70.0,20.0,55.2721163313,-12.7134703706,8.44430213669,19.7028585303,23.1944990251,15.4574297257
888,20.0,20.0,70.0,20.0,52.5484839136,3.62356133317,-19.337440071,20.6400600794,20.6357184662,26.8261945256
889,20.0,40.0,70.0,20.0,64.9897036528,4.0501253299,36.8247319961,33.974611963,34.0341933581,11.2088011642
890,20.0,70.0,70.0,20.0,37.2413624135,7.84901967713,-2.19557076551,10.3133587372,9.66882084356,8.56402950689
891,20.0,100.0,70.0,20.0,54.7435651693,-13.270583382,17.4935796714,19.1392300852,22.6822879821,11.7623643122
892,40.0,0.0,70.0,20.0,62.3375554839,17.3602994108,-0.701707019093,34.519671405,30.7989618771,25.8105039894
893,40.0,10.0,70.0,20.0,56.5425931747,8.07798433214,26.7091915158,25.4593446816,24.4571169882,9.81591549982
894,40.0,20.0,70.0,20.0,55.6379122784,7.45208015401,-9.62596628814,24.3969138224,23.5534643887,24.34113617
895,40.0,40.0,70.0,20.0,48.5257054678,-6.4700983972,13.0399303299,15.4656232858,17.2117217542,9.7701946473
896,40.0,70.0,70.0,20.0,47.7437436044,-6.35546695548,-21.3459979755,14.9161823969,16.5935278656,23.3188470424
897,40.0,100.0,70.0,20.0,60.0845408288,15.2623275756,26.4748275738,31.1882600318,28.2172901741,11.8393116549
898,70.0,0.0,70.0,20.0,58.3452818062,11.8472123348,-1.97081084323,28.3070885207,26.3260843395,22.739184035
899,70.0,10.0,70.0,20.0,53.6451320133,3.03995092981,15.6201684542,21.5097804121,21.642046714,11.7554624473
900,70.0,20.0,70.0,20.0,50.184127375,-1.85713614169,-13.726784916,17.5625815802,18.5732358563,21.5472720119
901,70.0,40.0,70.0,20.0,44.9912758629,-14.1051418268,-0.474194826837,11.8792768688,14.5354736244,12.1562658695
902,70.0,70.0,70.0,20.0,43.7515854184,1.69991683817,-17.9737533459,13.4417485797,13.6670357893,18.2686981245
903,70.0,100.0,70.0,20.0,71.7305162154,-3.77288135185,-3.79017072577,40.4784470024,43.2591604581,38.4442734378
904,100.0,0.0,70.0,20.0,49.0376305045,20.4507399679,9.67985515948,20.9927949642,17.6246362876,11.0918926725
905,100.0,10.0,70.0,20.0,52.3757556797,-30.4568654439,11.9201879546,14.2372188724,20.4801177707,12.2731515244
906,100.0,20.0,70.0,20.0,54.8404737096,38.4192672127,21.0841144462,31.3393140773,22.7756301771,10.643579649
907,100.0,40.0,70.0,20.0,68.3300357977,0.220538256286,16.3614337045,37.1170416351,38.4213735231,22.1586560308
908,100.0,70.0,70.0,20.0,52.9355857523,26.0175239526,2.60559640914,26.0331956173,20.987293831,16.2026164189
909,100.0,100.0,70.0,20.0,76.5811353394,-6.04785642473,56.2633096145,46.8281394964,50.8385949509,11.3885432086
910,0.0,0.0,100.0,20.0,47.0415148297,14.6943056137,4.15961277286,18.1272885931,16.0511426057,11.7808046788
911,0.0,10.0,100.0,20.0,65.4767663019,-11.2644329507,37.6133236445,30.3014238924,34.6519265138,11.2255459011
912,0.0,20.0,100.0,20.0,56.6648189311,28.9591816334,20.0226397188,30.9046979637,24.58094751,12.0289596503
913,0.0,40.0,100.0,20.0,79.1655442587,-4.5034225346,17.1491955181,51.5100999536,55.216037823,32.7148180343
914,0.0,70.0,100.0,20.0,49.2212489974,17.8226256396,-15.3337900968,20.6105798087,17.7743352113,21.5204176575
915,0.0,100.0,100.0,20.0,67.7609573435,-8.80265986774,3.37512152325,33.7132981329,37.6487819187,28.936692996
916,10.0,0.0,100.0,20.0,57.064514214,32.7869300804,-3.30025575662,32.4332072763,24.9888077427,22.2816890915
917,10.0,10.0,100.0,20.0,69.8148355864,13.4548122539,34.9113742179,43.4584454285,40.4867724303,14.8996425705
918,10.0,20.0,100.0,20.0,55.2778483984,12.0452250142,-2.16920015667,25.1075569296,23.2000957348,20.174165141
919,10.0,40.0,100.0,20.0,38.0184900954,-2.88439244978,3.25704036387,9.38042893879,10.098418264,7.4883026373
920,10.0,70.0,100.0,20.0,63.5313059524,26.6072383463,9.83520787124,38.8903940645,32.2285208696,21.2705481648
921,10.0,100.0,100.0,20.0,69.484093849,11.9343903593,45.0945854576,42.4641856957,40.0204501819,11.0392932909
922,20.0,0.0,100.0,20.0,57.1924865649,13.131702988,-12.0549790574,27.3759082908,25.1203413957,27.2523700736
923,20.0,10.0,100.0,20.0,37.9122385351,-3.54254197805,5.88059709954,9.24450110055,10.0389462056,6.80844093947
924,20.0,20.0,100.0,20.0,64.3997683882,28.2764040109,-1.33083989226,40.6249892175,33.2958744519,28.2714610382
925,20.0,40.0,100.0,20.0,42.5790805261,5.85986992186,-2.32606151827,13.3031776829,12.8781560729,11.3770236231
926,20.0,70.0,100.0,20.0,74.9508997948,-8.34380777218,-2.02145898393,43.5740408993,48.1999993363,41.3279775248
927,20.0,100.0,100.0,20.0,48.2172849448,10.8562913824,7.57379323614,18.3618183519,16.9660933533,11.3180587803
928,40.0,0.0,100.0,20.0,61.8864087768,-21.0202136208,-19.3102397389,24.0424259174,30.2699059273,37.3739075532
929,40.0,10.0,100.0,20.0,55.3918380737,30.3269394454,22.468973531,29.8019368194,23.3115807041,10.5069622735
930,40.0,20.0,100.0,20.0,49.7463612792,-13.2592536291,-18.6330522638,15.2061683391,18.2071176257,23.7154152545
931,40.0,40.0,100.0,20.0,43.5568508288,3.87337957736,1.88333194095,13.6503303823,13.5338453387,10.5636053886
932,40.0,70.0,100.0,20.0,59.8202107896,-1.18787548069,-6.06191988159,26.6346465678,27.9242163898,26.3965995678
933,40.0,100.0,100.0,20.0,50.0653041403,20.601517637,13.9192177759,21.9665180576,18.4733793399,10.3096245127
934,70.0,0.0,100.0,20.0,67.4765524413,8.80437979534,4.30010529481,38.639069695,37.266580604,28.0742680504
935,70.0,10.0,100.0,20.0,42.6832832337,-3.22983877629,-10.6185010421,12.0125694527,12.9470028639,14.4113453484
936,70.0,20.0,100.0,20.0,53.9157606119,-9.51097747963,-9.77711950952,19.176951316,21.8953197789,22.8279848854
937,70.0,40.0,100.0,20.0,48.5946016051,14.9375409779,0.550113563757,19.4766479019,17.2669131416,14.0369307554
938,70.0,70.0,100.0,20.0,63.5961371796,2.79187093612,3.20744820826,31.9206366154,32.3073999305,24.8312480137
939,70.0,100.0,100.0,20.0,53.6821011735,29.1433991385,9.00647244661,27.5966090997,21.6765292276,14.1570425479
940,100.0,0.0,100.0,20.0,52.1622715034,-24.111026311,-7.63061024407,15.1322588345,20.288885762,20.2176181772
941,100.0,10.0,100.0,20.0,41.5875313703,13.3280633285,-9.85352058562,13.8027392195,12.2352097193,13.4090847773
942,100.0,20.0,100.0,20.0,63.9150198284,-11.3868514861,10.6274949167,28.5052024049,32.6972529421,21.2050874432
943,100.0,40.0,100.0,20.0,47.0248144655,30.1759881068,-0.619337648892,21.2132681158,16.0383896322,13.4609153634
944,100.0,70.0,100.0,20.0,72.3968236714,-1.67683462161,23.2135867481,42.1114036038,44.2523167363,22.2409543083
945,100.0,100.0,100.0,20.0,40.9575774716,5.15794992673,-16.4238937849,12.1501040925,11.8380606577,15.5337177294
946,0.0,0.0,0.0,40.0,56.286035516,-20.8440965705,14.7674748211,18.9577187469,24.1985449428,13.6766819636
947,0.0,20.0,0.0,40.0,45.4287559173,22.7166313113,-7.31268068191,18.331352171,14.8505039614,14.9705683134
948,0.0,40.0,0.0,40.0,66.3772408874,-8.48324048904,31.6293973827,32.1182834738,35.8135817694,13.8781033417
949,0.0,70.0,0.0,40.0,48.9669152875,38.0872439569,1.97256917894,24.834821961,17.5672091337,13.742416787
950,0.0,100.0,0.0,40.0,59.7422331971,-17.3662117142,-7.77455803008,22.7842568428,27.8381486583,27.3208459288
951,20.0,0.0,0.0,40.0,35.6629728285,9.71860429671,3.00688747863,9.68344879824,8.8341386565,6.57555024263
952,20.0,20.0,0.0,40.0,72.8520952162,-2.88074758179,9.63694619985,42.3645029595,44.9395844587,30.5130756734
953,20.0,40.0,0.0,40.0,44.7489610852,7.43881477501,-1.02282976751,15.0643420663,14.3629152443,12.2014974862
954,20.0,70.0,0.0,40.0,61.7529201901,-12.8058412136,-21.3152786397,25.836094854,30.1145348287,38.6845550828
955,20.0,100.0,0.0,40.0,36.2861217775,8.97465350056,4.51924533082,9.92823636719,9.15767702185,6.47567879079
956,40.0,0.0,0.0,40.0,74.1335759753,-0.181969010593,-5.27623433103,45.1737005582,46.9122040207,42.7854387839
957,40.0,20.0,0.0,40.0,44.4716276956,7.63388027103,4.1232110031,14.8970840942,14.1671015814,10.3566326828
958,40.0,40.0,0.0,40.0,49.4848382934,37.171678544,-0.202673090014,25.1445153593,17.990710312,14.9243010511
959,40.0,70.0,0.0,40.0,66.5786836447,-8.58918080805,41.245674729,32.3306881401,36.0769570464,10.6678436824
960,40.0,100.0,0.0,40.0,45.2673609564,24.1106329089,-8.14560704289,18.4652587101,14.7337587291,15.1916596712
961,70.0,0.0,0.0,40.0,55.4141915354,-21.4864822436,22.02885436,18.1098904207,23.3334847922,10.6576241972
962,70.0,20.0,0.0,40.0,40.2619922435,7.13688935968,-17.299666528,12.0024888356,11.4096245053,15.4025655585
963,70.0,40.0,0.0,40.0,71.3595565889,-2.64723504553,39.2964037877,40.3251122186,42.7127265541,14.2291785459
964,70.0,70.0,0.0,40.0,47.3163390976,30.1046582768,-2.69246289671,21.4641509574,16.2619799526,14.4353311446
965,70.0,100.0,0.0,40.0,62.4772418077,-13.2232041446,24.6484593392,26.4919372437,30.9640118208,13.9751741662
966,100.0,0.0,0.0,40.0,42.8338523605,12.4052175541,-12.9263020377,14.5191843832,13.0469167521,15.4271885876
967,100.0,20.0,0.0,40.0,51.1098615813,-27.1963184736,6.08302679819,13.8852516366,19.3635535759,13.5872501913
968,100.0,40.0,0.0,40.0,49.9204394132,36.3209073664,3.69173184307,25.3877766756,18.3521230797,13.7142782994
969,100.0,70.0,0.0,40.0,68.184456103,-6.88612135397,16.4117276521,34.799208519,38.2227353473,22.0037987145
970,100.0,100.0,0.0,40.0,45.5823880105,22.3904456413,-5.5134478338,18.3957037275,14.9622053015,14.3701615058
971,0.0,0.0,20.0,40.0,56.8926381353,-18.7110018425,-0.88679614713,19.9017225731,24.8128721548,20.9096667977
972,0.0,20.0,20.0,40.0,40.3208325333,4.29087922587,-14.8897771579,11.6324466315,11.4454594239,14.4880848008
973,0.0,40.0,20.0,40.0,67.4725738343,8.007594527,8.65018795839,38.3836804839,37.261252329,25.5272858351
974,0.0,70.0,20.0,40.0,50.5668722171,21.9480208909,5.5844585837,22.7323891983,18.8973316882,13.4251769643
975,0.0,100.0,20.0,40.0,59.854826218,-2.22761774676,-0.918450710755,26.4167167229,27.9624799374,23.5614711304
976,20.0,0.0,20.0,40.0,45.1533480391,5.19635721168,-5.37779503069,14.9806842292,14.6516571972,14.0349217484
977,20.0,20.0,20.0,40.0,50.2051153043,-15.1389927883,-14.5489614667,15.2226648502,18.5909109729,21.9842297143
978,20.0,40.0,20.0,40.0,53.348101831,26.8515095161,19.0897381339,26.6695961115,21.3663218968,10.4617767166
979,20.0,70.0,20.0,40.0,63.9991928301,3.09147191171,-0.749700266081,32.4879145724,32.8006800257,27.5077044727
980,20.0,100.0,20.0,40.0,48.2491446751,12.8930079651,8.62977905903,18.7812985156,16.991357737,10.9917126126
981,40.0,0.0,20.0,40.0,53.3755555701,-8.75444686576,-13.93427927,18.8687492327,21.3917076389,24.5654327148
982,40.0,20.0,20.0,40.0,40.8487492013,-4.07899679768,-4.55455006598,10.7926507496,11.7703336377,11.1294948157
983,40.0,40.0,20.0,40.0,37.3923666685,16.4154603298,6.8907322358,11.5622272324,9.75132312633,6.3709409825
984,40.0,70.0,20.0,40.0,65.9614320771,-17.7330307769,-1.44464592862,29.1452690524,35.2739947904,30.0065080346
985,40.0,100.0,20.0,40.0,48.7946307573,9.18830730665,4.54413729029,18.5194059136,17.4278209829,12.6954398307
986,70.0,0.0,20.0,40.0,45.9931247069,-0.439977859198,11.4045920257,14.6460259953,15.2635872545,8.9775471894
987,70.0,20.0,20.0,40.0,38.1502832285,16.8112482955,8.65687503058,12.085203986,10.1725124451,6.26839935322
988,70.0,40.0,20.0,40.0,68.5582862242,-13.5241135302,-15.8799774313,33.3457598005,38.7341963236,43.5821201637
989,70.0,70.0,20.0,40.0,48.2992473574,8.37406091253,10.8542872089,17.9571388546,17.031139277,10.3158139333
990,70.0,100.0,20.0,40.0,44.0489041575,0.8301214919,2.84580057931,13.5058965155,13.8720706254,10.5277737923
991,100.0,0.0,20.0,40.0,52.9250700136,43.1686484067,15.6675475773,30.3900112106,20.9776908126,11.3256701184
992,100.0,20.0,20.0,40.0,46.1232588371,0.573658585023,-17.1248696656,14.9068941387,15.3599117834,19.7760596662
993,100.0,40.0,20.0,40.0,65.9257720706,18.7341071389,30.093538843,39.668623705,35.2279734976,14.16572351
994,100.0,70.0,20.0,40.0,54.8534240606,-17.1840032684,-16.7080215881,18.4699879075,22.7881233035,27.6207751441
995,100.0,100.0,20.0,40.0,79.6883614713,-2.92015289471,45.8094345041,52.9854169114,56.1310784217,17.4552187977
996,0.0,0.0,40.0,40.0,42.0103360688,7.76977609328,-18.9523697145,13.2196925764,12.5066839941,17.3673474926
997,0.0,20.0,40.0,40.0,61.1194660289,-25.0052477499,23.4021663194,22.4098143782,29.3844843489,13.5645063722
998,0.0,40.0,40.0,40.0,48.3528125802,28.1115138751,-8.00654541875,21.9942752044,17.0737387009,17.3627407652
999,0.0,70.0,40.0,40.0,73.998900707,-9.4723806506,45.0677361428,41.815684949,46.7022330447,13.7661945879
1000,0.0,100.0,40.0,40.0,54.2107522927,44.2600844047,2.0550134122,32.2021933543,22.1736358818,17.3795326872
1001,20.0,0.0,40.0,40.0,41.3267406521,20.9409413699,11.4391206479,14.8557296041,12.0697363492,6.88580346755
1002,20.0,20.0,40.0,40.0,37.5062263186,1.14208922289,-10.2947408579,9.6047313114,9.81384058028,11.1220812123
1003,20.0,40.0,40.0,40.0,47.1108993546,8.78024747009,19.798770964,17.0819658941,16.1041994103,7.27413169426
1004,20.0,70.0,40.0,40.0,40.8664864966,-7.11112005678,-11.9395959225,10.4003451364,11.7813544095,13.7221608966
1005,20.0,100.0,40.0,40.0,53.5458339926,-2.0645083556,28.6611757922,20.3538017418,21.5496088165,7.83524270924
1006,40.0,0.0,40.0,40.0,46.4675989644,-10.9889229777,-9.36919575542,13.2895981496,15.6167433431,16.5492230008
1007,40.0,20.0,40.0,40.0,50.7426300415,-2.73032977281,-9.5514552786,17.8493263288,19.047412244,19.963379828
1008,40.0,40.0,40.0,40.0,55.2733075441,4.12898255013,5.28604948345,23.2815188687,23.1956620344,16.7737244653
1009,40.0,70.0,40.0,40.0,58.9266278188,10.7036201824,2.23763136999,28.6566373361,26.948499793,21.0997951038
1010,40.0,100.0,40.0,40.0,61.773794421,15.3764437717,14.6505874821,33.2481010636,30.1387957772,17.5748644873
1011,70.0,0.0,40.0,40.0,44.8100919757,4.34534539755,-19.6554063583,14.5943774097,14.4063185364,19.9035793556
1012,70.0,20.0,40.0,40.0,72.0966660433,-12.481949792,40.5549809174,38.2092128445,43.803060122,14.2338960363
1013,70.0,40.0,40.0,40.0,50.7642239653,23.9160239785,-8.84966180525,23.36042461,19.0659060368,19.6457156434
1014,70.0,70.0,40.0,40.0,57.6534156901,-29.9737172077,16.3364909877,18.331763536,25.5979218421,13.9732900046
1015,70.0,100.0,40.0,40.0,55.6522889784,41.7689813855,2.29125593199,33.2500180724,23.5676477607,18.3837409007
1016,100.0,0.0,40.0,40.0,50.4632519538,-7.71264106194,-12.2444758337,16.7118216275,18.8092202951,21.045032894
1017,100.0,20.0,40.0,40.0,38.8687041362,1.52611686099,6.3603211625,10.4037678877,10.5827891251,7.08644962538
1018,100.0,40.0,40.0,40.0,61.7206386826,8.55171543961,2.82983364564,31.281459734,30.0770414835,23.2774374523
1019,100.0,70.0,40.0,40.0,54.4503328638,-20.1166547371,6.75757158972,17.5866291229,22.4014010132,15.5670401973
1020,100.0,100.0,40.0,40.0,53.3881030522,-5.01588471946,-22.9436576521,19.6180468162,21.4033166538,29.8936871086
1021,0.0,0.0,70.0,40.0,39.1872847497,0.744179268627,8.9551587205,10.4814882282,10.7682000045,6.60496113451
1022,0.0,20.0,70.0,40.0,63.3210655151,10.6252533507,-9.05936648862,33.7967653494,31.9736083264,31.9792838808
1023,0.0,40.0,70.0,40.0,53.9939107564,-21.0069260047,16.0713906028,17.0602546041,21.968824054,11.8062181414
1024,0.0,70.0,70.0,40.0,76.6744564844,-6.81283570985,7.80539650028,46.6985970607,50.9924848244,36.2044935227
1025,0.0,100.0,70.0,40.0,57.6255095168,-15.4594819441,11.4981671384,21.2253266349,25.5688368601,15.8677257473
1026,20.0,0.0,70.0,40.0,64.0606654368,13.5831719297,2.12942048918,35.5953713019,32.87635178,25.8902904835
1027,20.0,20.0,70.0,40.0,47.3104342076,6.62322627988,1.50646906602,16.8463715816,16.2574305939,12.8663242628
1028,20.0,40.0,70.0,40.0,50.024142452,36.7585548582,-0.500908471195,25.5986092218,18.4388715829,15.4157219307
1029,20.0,70.0,70.0,40.0,57.3758917882,33.4946976665,25.8914849449,33.0102052855,25.3096541124,10.5064206008
1030,20.0,100.0,70.0,40.0,70.1362175971,4.45944528737,-1.09358686756,40.9213054609,40.9433547029,34.5343520253
1031,40.0,0.0,70.0,40.0,51.0408747417,15.9379153886,13.128750646,21.8677076445,19.3038995573,11.0935082029
1032,40.0,20.0,70.0,40.0,59.5719626147,-9.67225132691,-16.7238584954,24.3582328087,27.6508276664,32.775652169
1033,40.0,40.0,70.0,40.0,43.4147200677,-6.18010801136,-1.605406683,12.0418134688,13.4371819589,11.6165561786
1034,40.0,70.0,70.0,40.0,51.0878488735,-1.98056414845,-0.437484708961,18.2731569069,19.3445055058,16.1430332364
1035,40.0,100.0,70.0,40.0,42.821893193,-8.98670867026,10.6711606742,11.2832659367,13.038962222,7.70726000065
1036,70.0,0.0,70.0,40.0,45.2017566402,7.93481393067,-1.86193503351,15.4788713834,14.6864792233,12.7707374557
1037,70.0,20.0,70.0,40.0,38.8682543035,1.19984986605,3.42218956008,10.3607915684,10.5825288431,7.817947762
1038,70.0,40.0,70.0,40.0,39.2134638849,18.1313340245,-1.6445639236,12.9608275891,10.7835315747,9.36668550992
1039,70.0,70.0,70.0,40.0,54.5428071043,29.1432002113,4.73228444361,28.5392561573,22.4897301724,16.4735526445
1040,70.0,100.0,70.0,40.0,62.9802337124,1.79586181722,12.4433816767,30.920496405,31.5632180739,19.5361109324
1041,100.0,0.0,70.0,40.0,49.6977063026,15.8035234329,-4.28086122713,20.6177355431,18.1667255135,16.7539652142
1042,100.0,20.0,70.0,40.0,54.1561842187,-11.4251700597,-1.42021729808,19.0044187338,22.121975741,18.9034633499
1043,100.0,40.0,70.0,40.0,43.3973794066,-0.996641631623,-14.2946333427,12.7954737669,13.4254201454,16.3936335316
1044,100.0,70.0,70.0,40.0,66.0664792431,5.924114361,32.4002066157,35.8899440832,35.4097971153,13.3911635136
1045,100.0,100.0,70.0,40.0,52.1804915485,22.405747961,-3.21327997267,24.4087175387,20.3051600099,18.1656719617
1046,0.0,0.0,100.0,40.0,58.383862182,-5.4656885921,19.560615902,24.1473991063,26.3670901986,13.2421008107
1047,0.0,20.0,100.0,40.0,44.3253908173,7.47607456168,-13.7469172936,14.7661817279,14.0645701913,16.8411017907
1048,0.0,40.0,100.0,40.0,47.2786438938,-20.3313825017,1.91210082761,12.4073399959,16.2329526692,12.7019323079
1049,0.0,70.0,100.0,40.0,70.2213533209,4.31250864955,34.3420523432,40.9932369871,41.0648780977,15.4075594469
1050,0.0,100.0,100.0,40.0,55.870107802,0.215952196999,-5.42579776072,22.9820660778,23.7832346738,22.3159481369
1051,20.0,0.0,100.0,40.0,60.0320848635,-12.0448303496,15.4826088044,24.2683395193,28.1589677506,15.9357896463
1052,20.0,20.0,100.0,40.0,39.3875446489,12.8528460408,5.74332653342,12.2854777326,10.8858506515,7.45689136972
1053,20.0,40.0,100.0,40.0,69.0662273146,3.32178780019,43.6399275513,39.071317316,39.4364259874,11.2787067742
1054,20.0,70.0,100.0,40.0,58.2181965601,2.4376101082,-16.4410760114,25.8379160311,26.1913101731,31.0564661014
1055,20.0,100.0,100.0,40.0,60.0507341357,-12.6966068474,24.9619002907,24.1367981668,28.1796934642,12.3396382669
1056,40.0,0.0,100.0,40.0,38.2246675824,13.2263764958,1.43355716142,11.618369745,10.2144909325,8.04624033215
1057,40.0,20.0,100.0,40.0,47.3827987326,25.8017958148,4.71688666138,20.6219194283,16.3132416056,11.791338471
1058,40.0,40.0,100.0,40.0,53.0151550018,19.4400761048,-5.94509553399,24.5553330279,21.0600518188,20.1135881564
1059,40.0,70.0,100.0,40.0,59.0386484648,3.87640126561,16.5797235642,27.0528648357,27.0695503726,14.8018034596
1060,40.0,100.0,100.0,40.0,66.4685407102,-2.26342506474,-1.99091848347,33.9921477706,35.9327918415,30.9112476071
1061,70.0,0.0,100.0,40.0,69.6631305699,-15.1467320208,29.5255148319,34.2487324394,40.2724320492,17.0190625357
1062,70.0,20.0,100.0,40.0,50.3386824551,-9.2933194957,-22.813431535,16.3338599144,18.7036582143,26.6312074036
1063,70.0,40.0,100.0,40.0,51.938397009,-8.61373500038,11.2176508756,17.7126396578,20.0896291131,12.2552560238
1064,70.0,70.0,100.0,40.0,60.6139812004,7.20003348299,-8.50647910311,29.6388773966,28.8104555025,28.6662455093
1065,70.0,100.0,100.0,40.0,61.9410005161,10.2591169844,29.5840213911,32.0129317238,30.3336004291,11.8704107658
1066,100.0,0.0,100.0,40.0,68.4399881999,20.4894688036,2.66304139578,43.8365661534,38.5718548818,30.1111066245
1067,100.0,20.0,100.0,40.0,38.1003109203,11.1789330539,6.0011905069,11.2575398059,10.144375476,6.85632972256
1068,100.0,40.0,100.0,40.0,40.7139233841,10.021629038,-4.45836439816,12.713113824,11.6867864626,11.0228569853
1069,100.0,70.0,100.0,40.0,43.2092656778,0.602207343911,12.4426162953,12.9144519642,13.2982672672,7.42947887144
1070,100.0,100.0,100.0,40.0,45.9004703139,0.133593565985,-4.14305258571,14.674735818,15.1952510109,14.0552209971
1071,0.0,0.0,0.0,60.0,47.7007677,-8.64961548184,18.3885651572,14.5066202064,16.5599885181,7.88556082237
1072,0.0,20.0,0.0,60.0,53.1266208569,-16.0571322389,-1.42290920626,17.2821079361,21.1622585058,18.0939647498
1073,0.0,40.0,0.0,60.0,62.9681830071,10.393254634,-5.40552486418,33.295074573,31.5487726491,29.2562237576
1074,0.0,70.0,0.0,60.0,60.0001162488,-12.0682674376,23.4052769601,24.2311734723,28.1234633417,12.859137961
1075,0.0,100.0,0.0,60.0,53.5349328689,-6.08669896832,-19.3327087529,19.5305323012,21.5394768739,27.8310002469
1076,20.0,0.0,0.0,60.0,70.7590556579,3.56337389219,41.4712882574,41.5084710352,41.8379581328,13.0333566309
1077,20.0,20.0,0.0,60.0,54.1200828018,-20.0951652558,-19.1158473658,17.3270463036,22.0878423093,28.308694577
1078,20.0,40.0,0.0,60.0,41.4525016046,9.54971568183,-0.320095006737,13.123856508,12.1493449506,10.121975746
1079,20.0,70.0,0.0,60.0,65.1924365711,-8.96007764297,-4.53682159976,30.5908339403,34.2904162027,31.1341468421
1080,20.0,100.0,0.0,60.0,45.7783520014,28.5735372614,8.80299656423,19.7763320538,15.1054959567,9.62176567603
1081,40.0,0.0,0.0,60.0,73.5435350532,-0.306765202524,7.15056391933,44.2489541946,45.9969186896,32.9193158435
1082,40.0,20.0,0.0,60.0,59.5043982853,-24.7746636534,-11.1732307992,20.9697663212,27.5767311441,29.1297134991
1083,40.0,40.0,0.0,60.0,52.2573370844,21.1628046723,12.2343500999,24.1982475976,20.3738946375,12.0939340128
1084,40.0,70.0,0.0,60.0,73.9093983271,-10.2691041085,8.83337092846,41.4249390403,46.5630378284,32.2187098659
1085,40.0,100.0,0.0,60.0,45.9507564216,-1.83695480241,-2.2082068883,14.3873989506,15.232313618,13.3639805075
1086,70.0,0.0,0.0,60.0,61.6525833894,-19.5202244748,-24.4996352067,24.1553945316,29.9981006738,40.9777402313
1087,70.0,20.0,0.0,60.0,52.6799568806,19.3580236718,18.363762507,24.2021278176,20.7546815328,10.3292724297
1088,70.0,40.0,0.0,60.0,75.118929722,-7.22113189022,-7.28540331962,44.2063297759,48.4676387251,45.8164548847
1089,70.0,70.0,0.0,60.0,44.8624087045,-0.948061029591,3.85098692895,13.7773804699,14.4435330863,10.6529248676
1090,70.0,100.0,0.0,60.0,64.3590199556,-19.5498817955,-10.1711840675,26.9306496594,33.2452747847,33.9264038529
1091,100.0,0.0,0.0,60.0,68.3346562887,0.801371284792,29.6121207713,37.3012659874,38.4276892564,16.0125262072
1092,100.0,20.0,0.0,60.0,54.3094687643,-1.95652499361,-11.7886044329,21.0590654133,22.2672959868,24.2711186655
1093,100.0,40.0,0.0,60.0,54.0302860887,26.5729385719,15.4227120949,27.3287159012,22.003092977,12.048727669
1094,100.0,70.0,0.0,60.0,44.1275337275,16.127303375,-12.0916674911,16.0956303887,13.9266353431,15.9989931847
1095,100.0,100.0,0.0,60.0,72.1497786296,8.09276210295,44.9199269976,45.0774063807,43.8823331576,12.6569934256
1096,0.0,0.0,20.0,60.0,55.4616987119,28.1524953044,-3.69314710022,29.3092311444,23.3800824868,21.0782429983
1097,0.0,20.0,20.0,60.0,62.7534916544,-5.98452972192,28.6963622306,28.6069265906,31.2921559728,12.6651772343
1098,0.0,40.0,20.0,60.0,48.4131283579,9.09281042902,-16.2833457601,18.1863305112,17.1217916748,21.296993717
1099,0.0,70.0,20.0,60.0,51.0273912233,-24.7468996832,7.13935410021,14.2207477028,19.2922544763,13.1464556094
1100,0.0,100.0,20.0,60.0,44.9360592356,-8.06574052231,-8.34795647614,12.7298307364,14.4960315848,15.0443884874
1101,20.0,0.0,20.0,60.0,47.7151219828,-0.0635277172062,19.9798220623,15.9684364331,16.5711858867,7.48719020883
1102,20.0,20.0,20.0,60.0,40.3574788954,-0.0285991028585,-8.75301146066,11.0544598071,11.4678156677,12.2564925448
1103,20.0,40.0,20.0,60.0,41.9889100529,12.0195447211,10.6223550038,13.8695878766,12.4928311465,7.35913870003
1104,20.0,70.0,20.0,60.0,36.5717232318,8.28956227736,-7.19688152378,9.99778681477,9.30856361069,9.6591484433
1105,20.0,100.0,20.0,60.0,68.5012330467,19.6056969742,-0.968734120081,43.6248990449,38.6558449871,32.5355866436
1106,40.0,0.0,20.0,60.0,60.8498800289,8.19047051907,-11.6006537366,30.1709568653,29.0774028832,30.861356092
1107,40.0,20.0,20.0,60.0,79.4828344974,-1.43320602659,25.2701128853,53.2190549215,55.7701665189,27.912004479
1108,40.0,40.0,20.0,60.0,61.1190971705,8.10442197966,-11.8472478211,30.4583492093,29.3840627176,31.3202742328
1109,40.0,70.0,20.0,60.0,64.4134943215,1.39350192213,2.65695587057,32.5125201849,33.3129302839,25.9364898633
1110,40.0,100.0,20.0,60.0,70.5136586546,-13.058630088,11.5783465587,35.9456947053,41.4839467729,26.8605323386
1111,70.0,0.0,20.0,60.0,71.7911908129,-8.40212299073,-10.1463103539,39.0781675458,43.3489769079,43.4530997531
1112,70.0,20.0,20.0,60.0,57.763493744,-5.56594065026,-6.57357115355,23.5152990791,25.7128648938,24.6785683106
1113,70.0,40.0,20.0,60.0,80.7777977933,-2.19200323722,27.3399220345,55.1187117046,58.0701888609,28.009994098
1114,70.0,70.0,20.0,60.0,79.5969766712,-3.10175540916,25.7981828244,52.7623531576,55.9704121704,27.7134216791
1115,70.0,100.0,20.0,60.0,53.9236547004,37.5378481074,-2.93685269162,30.035954194,21.9027371239,19.4252161199
1116,100.0,0.0,20.0,60.0,60.8972279972,-17.4351737207,28.3138895397,23.887212665,29.1311806259,11.6913962497
1117,100.0,20.0,20.0,60.0,34.2409640736,6.02740073168,-4.79402203743,8.50702721897,8.12456141191,7.87936092736
1118,100.0,40.0,20.0,60.0,73.1705245143,-1.39856454341,50.3188647382,43.3262134874,45.4244833084,11.4097385701
1119,100.0,70.0,20.0,60.0,54.8262501064,34.980342149,4.00245587444,30.3917355941,22.7619140145,16.994114458
1120,100.0,100.0,20.0,60.0,62.7244278794,-16.178876842,18.8117812695,26.0324426087,31.2575238862,16.484862981
1121,0.0,0.0,40.0,60.0,34.9468257778,5.47871019741,-2.26208932278,8.79618029989,8.47183374173,7.54421884219
1122,0.0,20.0,40.0,60.0,73.9885906873,-1.23727179005,37.9892428092,44.5898490254,46.6861846558,16.5880765288
1123,0.0,40.0,40.0,60.0,41.3925578358,2.57077578808,-6.34312475666,12.0468252945,12.1113561123,12.0407156537
1124,0.0,70.0,40.0,60.0,59.0529034179,34.7095347157,4.69749484994,35.4589437473,27.0849803605,20.00142006
1125,0.0,100.0,40.0,60.0,49.1091267853,-13.5425940499,0.501859658689,14.7001855311,17.6828248321,14.3953719229
1126,20.0,0.0,40.0,60.0,74.1525845554,10.0281651928,10.019039647,48.8615569644,46.941890709,31.7146297627
1127,20.0,20.0,40.0,60.0,56.627745129,-32.0718574391,7.69340643187,17.1127859783,24.5433428896,16.7428829996
1128,20.0,40.0,40.0,60.0,58.6862884537,-23.9262480412,-23.3211985518,20.414449399,26.6900056213,36.284961638
1129,20.0,70.0,40.0,60.0,43.0005210628,11.8482092839,0.700734627452,14.5456283389,13.1581118477,10.6339984847
1130,20.0,100.0,40.0,60.0,71.9618941996,-11.1071724135,-5.9543915258,38.4575365035,43.6023354106,40.3825483866
1131,40.0,0.0,40.0,60.0,49.0320216549,34.0514818611,13.2417644146,23.9656937045,17.6200768314,9.97185975428
1132,40.0,20.0,40.0,60.0,82.1380124619,-0.632579680343,8.30968935716,58.1297155404,60.5532987225,42.9572816213
1133,40.0,40.0,40.0,60.0,35.6073148673,0.326691065629,-0.300943840479,8.5286854769,8.80561761336,7.33952642289
1134,40.0,70.0,40.0,60.0,42.994446388,17.8955704058,0.514511808324,15.5552967466,13.1540480012,10.6895941284
1135,40.0,100.0,40.0,60.0,38.8824889238,-8.67770649196,3.392526679,9.12947853993,10.5907673427,7.83189932691
1136,70.0,0.0,40.0,60.0,50.4902811461,6.21200477306,1.48887677895,19.3664142739,18.8321775594,14.9409216787
1137,70.0,20.0,40.0,60.0,41.7348955609,-16.8554212083,8.22608402915,9.63329277782,12.3293785206,7.85365169494
1138,70.0,40.0,40.0,60.0,67.696911505,19.0668466025,-1.0184387673,42.2732780218,37.5624861797,31.6538251002
1139,70.0,70.0,40.0,60.0,60.3057301835,8.13291274325,-11.3916089115,29.534705649,28.4641021934,30.1301145352
1140,70.0,100.0,40.0,60.0,78.8557753113,-1.35121261353,23.3767430736,52.2053076519,54.6785975344,28.4029099681
1141,100.0,0.0,40.0,60.0,59.3409595006,4.73554055764,5.26438163211,27.5925318715,27.3980385766,19.9676422699
1142,100.0,20.0,40.0,60.0,63.8788797038,0.917829155127,2.07631047638,31.7395434775,32.6529127736,25.74180509
1143,100.0,40.0,40.0,60.0,69.6805201733,-12.3036565037,11.3464476437,35.1024513761,40.2969629222,26.1611953266
1144,100.0,70.0,40.0,60.0,71.2489001903,-8.44825321459,-9.7352968503,38.3277984989,42.550622292,42.3757386729
1145,100.0,100.0,40.0,60.0,57.9371372005,-5.90958637348,-6.1421131359,23.6068389385,25.8948813352,24.6055342909
1146,0.0,0.0,70.0,60.0,45.3414017338,-0.648270716148,0.242446264011,14.1546444899,14.7872399531,12.1173032129
1147,0.0,20.0,70.0,60.0,81.7321524529,0.112641607305,4.12300713055,57.7161001042,59.8051279198,45.8111855325
1148,0.0,40.0,70.0,60.0,34.3100885119,-1.70130928548,0.540442665959,7.68315369779,8.15814230342,6.6062846676
1149,0.0,70.0,70.0,60.0,52.6995355176,9.14812803069,-16.7852447137,21.9451723311,20.7724362421,25.5072929519
1150,0.0,100.0,70.0,60.0,54.9685330146,13.5762895762,22.5984811917,25.1542520857,22.8993690583,10.2400521419
1151,20.0,0.0,70.0,60.0,62.4698552069,24.2105939105,-3.9951534044,36.7297844523,30.9552692633,27.8714907102
1152,20.0,20.0,70.0,60.0,34.7908463023,-1.29897003533,-0.770042995023,7.95131723593,8.39425929555,7.11046666329
1153,20.0,40.0,70.0,60.0,53.1448884033,5.83553545851,-6.42301063809,21.6461259368,21.1790400888,20.4543434819
1154,20.0,70.0,70.0,60.0,56.4086076193,14.0581821109,15.3696275449,26.7675903108,24.3218508675,13.5312430212
1155,20.0,100.0,70.0,60.0,61.4642891069,23.6683144677,6.91615189355,35.2670606274,29.7804085473,20.9489497615
1156,40.0,0.0,70.0,60.0,81.1843222433,-1.80247085066,19.9277674224,55.976614084,58.8050553565,33.1860310744
1157,40.0,20.0,70.0,60.0,49.8410190453,34.5457598344,6.62956653264,24.8878377654,18.2858715318,12.5957295859
1158,40.0,40.0,70.0,60.0,71.0441692126,-12.6222593316,5.98369197819,36.7679206055,42.2517874084,30.8562260056
1159,40.0,70.0,70.0,60.0,43.8055174353,14.2238042698,-4.49065898136,15.5251802082,13.7040769641,12.8498976917
1160,40.0,100.0,70.0,60.0,58.239628399,-27.2101990741,-13.0790750926,19.3624768779,26.2140063612,28.9601573476
1161,70.0,0.0,70.0,60.0,42.0016366051,-14.1066885758,-2.21903127702,10.127122172,12.5010581797,11.0166682252
1162,70.0,20.0,70.0,60.0,49.9007027926,4.77845457217,12.3086873763,18.5883815401,18.3356441032,10.7254939233
1163,70.0,40.0,70.0,60.0,38.4137291313,-6.25816681265,-4.44114108092,9.17751936809,10.3217064488,9.7841175427
1164,70.0,70.0,70.0,60.0,42.9246246075,17.1664825541,7.06883626518,15.3793621272,13.1073985688,8.71091595443
1165,70.0,100.0,70.0,60.0,35.6390141073,2.01789429625,-5.91160763848,8.74034552879,8.82185385096,8.82728109403
1166,100.0,0.0,70.0,60.0,79.9766234706,-2.81555133972,37.3392227452,53.5100106851,56.6398942071,21.6995106921
1167,100.0,20.0,70.0,60.0,51.4920831091,34.0110974589,0.809577274812,26.4637013617,19.6962945443,15.9146635634
1168,100.0,40.0,70.0,60.0,70.0721301073,-14.9377984733,19.4970048886,34.8240980426,40.8520340564,22.0907426053
1169,100.0,70.0,70.0,60.0,44.4979598239,13.4906464464,-11.84066667,15.9139051359,14.1856166645,16.1602678149
1170,100.0,100.0,70.0,60.0,55.7013407038,-31.287410389,-1.41462355041,16.5331900316,23.6160827255,20.1623508686
1171,0.0,0.0,100.0,60.0,65.3754974907,25.965933794,-1.11218629701,41.2443533975,34.5228786964,29.1677762923
1172,0.0,20.0,100.0,60.0,69.1932382155,20.6802514453,-0.905309981799,45.0229869638,39.6133353852,33.2932325046
1173,0.0,40.0,100.0,60.0,81.0786739107,-2.10018085263,29.4343004982,55.6739538682,58.6134841869,27.0716926952
1174,0.0,70.0,100.0,60.0,81.1918563817,-1.91336264367,26.5309828503,55.9450479569,58.8187328643,28.9372230372
1175,0.0,100.0,100.0,60.0,58.3804272204,0.666882230331,2.54546648367,25.5811188013,26.3634375612,20.4828378208
1176,20.0,0.0,100.0,60.0,65.3301818304,0.581795639615,2.41996567312,33.4004233111,34.4652364305,26.9903854665
1177,20.0,20.0,100.0,60.0,70.0954480512,-12.1264720653,-14.3180425753,35.6854647221,40.8852449295,44.4682276789
1178,20.0,40.0,100.0,60.0,72.2652050048,-9.35621835388,-10.8438229998,39.4242481627,44.0549421243,44.6872197066
1179,20.0,70.0,100.0,60.0,80.444667684,1.61725305207,3.19427349245,56.0698949815,57.4725802427,44.7402200089
1180,20.0,100.0,100.0,60.0,68.5706871207,-13.3159344396,10.1257687416,33.4203923667,38.751240515,25.7645074782
1181,40.0,0.0,100.0,60.0,69.5180053098,12.7909937522,-3.65092037153,42.8008913211,40.068097305,35.5775330042
1182,40.0,20.0,100.0,60.0,50.6398007103,2.6591863193,13.7750025408,18.7950521071,18.9595096587,10.6646286775
1183,40.0,40.0,100.0,60.0,59.6375922048,-1.45883938337,-17.4799730796,26.3758415741,27.7229293631,33.3604619706
1184,40.0,70.0,100.0,60.0,59.5311508712,21.3386850263,29.9887553007,32.2053552016,27.6060543484,10.3874266955
1185,40.0,100.0,100.0,60.0,68.9260799849,9.91381849824,10.3132048395,40.9992021997,39.2418313988,26.0075460694
1186,70.0,0.0,100.0,60.0,52.2967521196,2.72030756341,7.23967134852,20.2311561952,20.4092095916,13.9207697111
1187,70.0,20.0,100.0,60.0,59.8200419458,-4.78656317967,-3.83174076583,25.7611220612,27.9240298372,25.1262544197
1188,70.0,40.0,100.0,60.0,60.1439324902,21.8290855989,22.5358288111,33.0854612818,28.2834210958,13.2638206848
1189,70.0,70.0,100.0,60.0,53.6278705365,-22.587987128,-2.20486114233,16.4907375898,21.6259588227,18.8450233331
1190,70.0,100.0,100.0,60.0,48.4454342401,7.55698330803,-9.69215973902,17.9218870735,17.1475664849,18.1833336554
1191,100.0,0.0,100.0,60.0,64.329385946,-4.98511778803,15.8887703722,30.6594881642,33.2085087491,19.0107178445
1192,100.0,20.0,100.0,60.0,55.2672886412,26.3880760514,2.29561386516,28.6338260472,23.1897860346,18.0814931337
1193,100.0,40.0,100.0,60.0,73.1998959496,8.63427963395,30.569838756,46.866694257,45.4693845284,19.2972426753
1194,100.0,70.0,100.0,60.0,36.4996722652,7.19103135194,-3.2176952309,9.81893648419,9.27034312728,8.4940661444
1195,100.0,100.0,100.0,60.0,41.1405028874,13.079024273,4.06083705284,13.4611142117,11.9524849919,8.69210992494
1196,0.0,0.0,0.0,80.0,40.5199991555,-2.39904222457,-1.02473014435,10.828019379,11.5673126022,9.84851135204
1197,0.0,40.0,0.0,80.0,47.8242077771,1.45697346101,9.01870211736,16.3182849343,16.6564455986,10.6335986239
1198,0.0,70.0,0.0,80.0,44.7969519389,-11.2604958061,1.99231660737,12.1691025353,14.3969816657,11.2144689168
1199,0.0,100.0,0.0,80.0,53.6409591525,-19.421482064,-13.7469780325,17.0719453195,21.6381568296,24.7148913625
1200,40.0,0.0,0.0,80.0,47.9348381569,4.01767847996,-2.08858599922,16.8618987346,16.7432107098,14.6151294854
1201,40.0,40.0,0.0,80.0,65.0253990029,-3.74274219684,2.57221230403,31.8172002978,34.0792138202,26.5941176683
1202,40.0,70.0,0.0,80.0,55.3944944433,23.8122753971,10.7008508409,28.1148754262,23.3141829545,14.6432687023
1203,40.0,100.0,0.0,80.0,74.3974095585,9.02278924894,15.1085457839,48.8799107093,47.3253667965,28.757789683
1204,70.0,0.0,0.0,80.0,80.1445439934,-2.71861463995,39.7678782873,53.8313125892,56.9377058129,20.6307939857
1205,70.0,40.0,0.0,80.0,81.0605739105,-1.43915081365,18.2870540489,55.9081656819,58.5807054238,34.157931356
1206,70.0,70.0,0.0,80.0,52.8750067939,0.824172106611,2.66570874625,20.3532241428,20.9320130302,16.1339057887
1207,70.0,100.0,0.0,80.0,69.5880638262,0.79598345893,2.42237306759,38.9837830543,40.1666524008,31.5362166748
1208,100.0,0.0,0.0,80.0,67.2425914572,-14.3666037227,-17.7526130069,31.5233333053,36.9541151829,43.2628076228
1209,100.0,40.0,0.0,80.0,75.276656145,-6.81350077514,-7.2667604877,44.5814690894,48.7197663924,46.0285732248
1210,100.0,70.0,0.0,80.0,62.7996336234,30.0247307723,-1.72917654604,38.9737474095,31.3471907834,26.864913536
1211,100.0,100.0,0.0,80.0,72.598308972,15.0135604253,-0.509776978812,48.2339435651,44.5556035285,37.132320436
1212,0.0,0.0,40.0,80.0,80.5387834478,-3.04312273911,26.3438062338,54.3723993546,57.6409987594,28.3632170423
1213,0.0,40.0,40.0,80.0,79.8485968039,-0.763575095301,26.5614083441,54.0982585019,56.413534455,27.5168992184
1214,0.0,70.0,40.0,80.0,37.9077127092,-12.6317048926,5.67176228485,8.18395230734,10.0364181688,6.85570809881
1215,0.0,100.0,40.0,80.0,44.7419406644,18.1539782663,-1.52391644717,16.9296198989,14.3579362921,12.3715185436
1216,40.0,0.0,40.0,80.0,68.1911506152,-8.57152503193,40.8829196735,34.3156500037,38.2318547118,11.6936496852
1217,40.0,40.0,40.0,80.0,51.9313238686,38.456449336,10.1822702519,28.0428700016,20.0833551069,12.6138631175
1218,40.0,70.0,40.0,80.0,38.1549719591,-11.3015396829,3.10713951388,8.45459682034,10.1751551072,7.58499950679
1219,40.0,100.0,40.0,80.0,46.4048117513,18.6677156031,-5.76734560201,18.3616344692,15.5697007198,15.0251833736
1220,70.0,0.0,40.0,80.0,69.0836678951,-7.89496598944,28.8796434997,35.6468237273,39.4606871497,16.8669110918
1221,70.0,40.0,40.0,80.0,52.2184138817,39.5998050759,5.92245305784,28.651863168,20.3390603557,14.3722934073
1222,70.0,70.0,40.0,80.0,67.3974904722,19.4040532991,12.813062305,41.955748774,37.1607935482,23.1734849546
1223,70.0,100.0,40.0,80.0,62.1754885593,11.3836626307,17.4069199186,32.6089142377,30.6082038078,16.6795233662
1224,100.0,0.0,40.0,80.0,59.5063319955,6.18694973336,0.320024419771,28.1398422336,27.5788499653,22.5880319309
1225,100.0,40.0,40.0,80.0,53.2806780033,-5.14694476621,3.2886384447,19.4993862698,21.3040621234,16.1658251588
1226,100.0,70.0,40.0,80.0,49.906070635,-10.647530934,-13.5656313285,15.7703164495,18.3401249749,21.2249879419
1227,100.0,100.0,40.0,80.0,48.120744066,-6.86829827069,7.62097236536,15.1023751979,16.889690539,11.2478805395
1228,0.0,0.0,70.0,80.0,45.300665672,-1.698260015,5.25345552575,13.9582446085,14.7577994465,10.4497217131
1229,0.0,40.0,70.0,80.0,43.0001964445,2.63295395521,3.44327801645,13.0862853727,13.1578946629,9.79107451579
1230,0.0,70.0,70.0,80.0,39.5169455074,8.94725872208,1.44991904587,11.8015427765,10.9623262545,8.64022529348
1231,0.0,100.0,70.0,80.0,38.1235094653,12.8002287007,0.625530347546,11.4971064551,10.1574309839,8.21352969842
1232,40.0,0.0,70.0,80.0,66.3714221635,18.482478326,25.2905822812,40.2052383232,35.8059932186,16.4042567416
1233,40.0,40.0,70.0,80.0,63.3465792033,12.1688730144,5.85814501492,34.2745902512,32.0044712662,23.1578766403
1234,40.0,70.0,70.0,80.0,57.991727215,3.49591352639,10.9347619947,25.8576738022,25.9522806055,16.3655299027
1235,40.0,100.0,70.0,80.0,53.6205608773,-4.56876734643,-8.98372359281,19.9094934656,21.6191485414,22.1504109445
1236,70.0,0.0,70.0,80.0,48.7467246985,-15.6541390393,-5.34277359311,14.1019425831,17.389193658,16.5081659237
1237,70.0,40.0,70.0,80.0,79.9026273421,-2.61143552015,46.230074841,53.4651578347,56.5089903801,17.4327230535
1238,70.0,70.0,70.0,80.0,80.7750205589,-1.16075028698,17.7981187169,55.5258870299,58.0651896802,34.1555953552
1239,70.0,100.0,70.0,80.0,48.3520677106,0.880733405015,2.76775736311,16.6208840693,17.0731458335,13.0589762958
1240,100.0,0.0,70.0,80.0,70.9883989914,0.519176568609,2.16495393331,40.8341069672,42.170625783,33.3100233044
1241,100.0,40.0,70.0,80.0,64.9378043059,-16.4613681857,-20.8471034152,28.3345605798,33.9688065003,42.5590417033
1242,100.0,70.0,70.0,80.0,75.7235204758,-6.05701287836,-6.41218155224,45.5159300809,49.4388292676,45.9580541789
1243,100.0,100.0,70.0,80.0,59.8439488609,34.9426962582,-1.43311429713,36.5517781617,27.9504524521,23.8286277256
1244,0.0,0.0,100.0,80.0,72.9279698619,13.343626717,-0.251217385186,48.1432274134,45.0548103616,37.3579613283
1245,0.0,40.0,100.0,80.0,80.9497682434,-0.530552170704,2.86047039697,56.0817267065,58.3803047954,45.7389858591
1246,0.0,70.0,100.0,80.0,71.0790006911,-10.5249050993,-10.5859839041,37.4559195647,42.3025299645,42.8199901682
1247,0.0,100.0,100.0,80.0,55.9779456722,41.7270784559,-0.357095647757,33.6389542482,23.8904524161,19.8827763806
1248,40.0,0.0,100.0,80.0,39.7937965434,-10.6638496089,9.2889980311,9.36486200485,11.1271457195,6.76996369966
1249,40.0,40.0,100.0,80.0,50.2447350718,23.7245296788,-12.0389119959,22.8181614608,18.6243075667,20.7565025764
1250,40.0,70.0,100.0,80.0,75.9577791722,2.07660238904,53.9815343888,48.7988663346,49.818592697,11.7922045175
1251,40.0,100.0,100.0,80.0,56.461305125,38.7467479325,6.68740988318,33.3824591283,24.3749923629,17.052066539
1252,70.0,0.0,100.0,80.0,40.1837072146,-8.94310047104,5.97612104756,9.78684155835,11.3620634172,7.74463351021
1253,70.0,40.0,100.0,80.0,50.0963398914,22.1518571345,-3.88033505027,22.3319669602,18.499426503,16.8768798154
1254,70.0,70.0,100.0,80.0,76.4633080325,2.17252581643,41.4465243334,49.6394982586,50.6447362033,16.9342741719
1255,70.0,100.0,100.0,80.0,44.5896473877,-3.29902186722,-7.94070435465,13.2272197719,14.2502114123,14.6481583193
1256,100.0,0.0,100.0,80.0,58.5798854835,-11.8455439915,-6.40492533988,22.8973401478,26.5760950782,25.3707226114
1257,100.0,40.0,100.0,80.0,51.2239424057,17.79625056,5.77325677325,22.4422804388,19.4624705169,13.7764408261
1258,100.0,70.0,100.0,80.0,69.4735209882,2.95700965473,8.93590735387,39.513588801,40.0056025665,27.360919548
1259,100.0,100.0,100.0,80.0,57.5855451747,34.7993693078,16.9780802005,33.6394127217,25.5272227297,13.6878622148
1260,0.0,0.0,0.0,100.0,38.570466595,17.159017133,2.81837505412,12.4007279885,10.4111579136,7.8412212368
1261,0.0,40.0,0.0,100.0,37.5419083175,3.6807554051,-2.34974878355,9.94336542767,9.83348751013,8.74913456993
1262,0.0,100.0,0.0,100.0,44.3994188448,6.24460367799,6.82677163663,14.6156033576,14.1164115751,9.50371814574
1263,40.0,0.0,0.0,100.0,42.1414157232,-6.42689913237,0.462910916404,11.2316774217,12.591655692,10.2461661635
1264,40.0,40.0,0.0,100.0,50.3439971296,-4.07239856589,11.5457580164,17.280391301,18.7081538637,11.2178815701
1265,40.0,100.0,0.0,100.0,44.9490108911,-1.77097771954,-14.6615568037,13.7064049702,14.5052767272,17.7093533278
1266,100.0,0.0,0.0,100.0,56.9751400405,-14.9950408527,4.88804691142,20.7358157247,24.8972192354,18.2403715075
1267,100.0,40.0,0.0,100.0,52.3349033148,17.4026049412,-3.19152244281,23.4182001825,20.4434310186,18.2762152524
1268,100.0,100.0,0.0,100.0,67.605090632,1.17860007961,21.9672927765,36.4576456506,37.4389963949,18.811054819
1269,0.0,0.0,40.0,100.0,58.756998252,34.5942852658,8.31443870148,35.0475550694,26.7658842978,18.0805555702
1270,0.0,40.0,40.0,100.0,79.6118437618,-2.9100204312,48.5926977296,52.8614300219,55.9965295215,16.2053122802
1271,0.0,100.0,40.0,100.0,81.5240950416,-0.841609890593,14.6781249285,56.958810949,59.4239914317,37.2788837836
1272,40.0,0.0,40.0,100.0,46.1747613878,0.849264625328,2.77324300263,14.989974434,15.3981453209,11.7443166322
1273,40.0,40.0,40.0,100.0,73.3347847574,0.521045796136,2.33112194108,44.2241843949,45.6759741389,36.0020642118
1274,40.0,100.0,40.0,100.0,63.8441340041,-17.2716745768,-22.1884866505,26.9452053833,32.6103212323,42.1272738871
1275,100.0,0.0,40.0,100.0,77.3325967054,-4.83740572489,-4.30775918824,48.4367303734,52.086608374,46.5215762766
1276,100.0,40.0,40.0,100.0,58.8038106484,37.2634216123,-1.15173732348,35.9003334736,26.8161977126,22.7242459914
1277,100.0,100.0,40.0,100.0,75.2276308397,10.9038821631,0.288588567188,50.9157289737,48.6413054079,39.9136596133
1278,0.0,0.0,100.0,100.0,66.181559638,18.4166488557,16.7071645833,39.9203991759,35.5589697278,20.1369911274
1279,0.0,40.0,100.0,100.0,67.7987224696,21.8672379235,0.0574725701865,43.3640628077,37.6997287628,31.0691134766
1280,0.0,100.0,100.0,100.0,47.7600679324,-2.03410141276,8.35041544444,15.6604265229,16.6062795907,10.8106819417
1281,40.0,0.0,100.0,100.0,67.0734874861,9.39957867769,-6.91793184688,38.2810150976,36.7293599942,34.9122947278
1282,40.0,40.0,100.0,100.0,37.0805650192,6.1013952223,5.63914114547,9.99844015689,9.58148101891,6.53252510909
1283,40.0,100.0,100.0,100.0,57.4293750277,-5.73369166097,-21.1354106299,23.1540432788,25.3650386193,33.2578171297
1284,100.0,0.0,100.0,100.0,49.6074491996,-1.6517133826,3.11325997063,17.142081972,18.0919546647,13.7288129172
1285,100.0,40.0,100.0,100.0,67.025818107,6.15325957842,7.15986871413,37.2123649256,36.6661679453,25.9371156554
1286,100.0,100.0,100.0,100.0,36.8547104761,6.21077533147,4.05532874527,9.88849983048,9.45969484534,6.80889700186
1287,100.0,0.0,0.0,0.0,56.417478708,-8.7765729649,-8.02313703651,21.5381481533,24.3307912852,24.1994949878
1288,98.0,0.0,0.0,0.0,53.6412896375,43.9937424175,6.69083209892,31.4503682005,21.6384648862,15.0325439493
1289,95.0,0.0,0.0,0.0,74.9741865698,-9.43362586026,28.4780584213,43.2378050426,48.2370317334,21.8197673363
1290,90.0,0.0,0.0,0.0,47.6445290758,26.9655113363,-3.23133856174,21.0997648424,16.5161669583,14.8672609876
1291,85.0,0.0,0.0,0.0,63.2516960525,-23.29978875,10.0675784516,24.8782449235,31.8897950472,20.9143847537
1292,80.0,0.0,0.0,0.0,42.1825720365,6.0557724544,-14.7194769973,13.0707946763,12.6184142276,15.7000339229
1293,75.0,0.0,0.0,0.0,52.2959983785,-0.974736739452,15.2454532219,19.4850181016,20.4085338747,11.1088803932
1294,70.0,0.0,0.0,0.0,39.629757468,-9.29843615585,-2.85721129405,9.44557092546,11.0292893869,9.93806692561
1295,60.0,0.0,0.0,0.0,45.9264569375,10.1041429027,9.77175103378,16.4011266208,15.214396539,9.41255208892
1296,50.0,0.0,0.0,0.0,36.1982955539,-0.533344583938,-4.32813925959,8.72394802302,9.11160739897,8.65570077417
1297,40.0,0.0,0.0,0.0,39.7894287768,20.4324265941,5.63795995312,13.7007054644,11.1245326886,7.65763404049
1298,30.0,0.0,0.0,0.0,53.1221523056,42.1218824747,14.1206657099,30.3371839151,21.1581547963,11.9584501058
1299,25.0,0.0,0.0,0.0,75.8527358909,-7.74016569007,13.5179433026,45.1220612763,49.6480644503,31.344699585
1300,20.0,0.0,0.0,0.0,47.187607255,24.6113258426,2.72529957669,20.2043745214,16.1629921739,12.3601522016
1301,15.0,0.0,0.0,0.0,62.4974943611,-21.4198643619,-5.75892822707,24.5581717318,30.9879905746,28.9730925521
1302,10.0,0.0,0.0,0.0,41.3790700629,1.27101178149,-10.1120194264,11.8515519372,12.1028192824,13.3719235017
1303,7.0,0.0,0.0,0.0,43.9292267147,0.860305755401,2.83779826475,13.4302545534,13.7892947229,10.4656817888
1304,5.0,0.0,0.0,0.0,75.5598186217,0.538152517505,2.47850769244,47.6130969257,49.1745963098,38.6929296098
1305,3.0,0.0,0.0,0.0,63.325415841,-18.319536438,-23.2272551206,26.1413006835,31.9788693467,42.2415643473
1306,2.0,0.0,0.0,0.0,78.5779311758,-3.41661486598,-2.85898780178,50.9612699071,54.1995227031,47.1139680741
1307,0.0,100.0,0.0,0.0,58.0276979499,38.4765340366,-1.24789589676,35.2656778359,25.9901487515,22.079761939
1308,0.0,98.0,0.0,0.0,76.9423240024,8.16687073705,0.496078183246,52.6950955404,51.4359322337,42.0470933995
1309,0.0,95.0,0.0,0.0,79.7206424207,-2.85544614505,51.274508911,53.064578862,56.1879058922,15.1844882115
1310,0.0,90.0,0.0,0.0,81.7816757543,-0.548159262677,11.489169061,57.5324768633,59.8960882132,39.989591975
1311,0.0,85.0,0.0,0.0,63.76195949,0.315167877355,3.30143463987,31.4352935912,32.5097385033,24.9380686691
1312,0.0,80.0,0.0,0.0,80.6443231549,0.78272484043,2.24909769238,56.0803977692,57.8302512114,45.8097990796
1313,0.0,75.0,0.0,0.0,71.2290022618,16.7342873524,-0.455648323331,46.7254826216,42.5215167275,35.4045525682
1314,0.0,70.0,0.0,0.0,53.0303199954,8.86675566488,18.2931423081,22.1929112712,21.0739377138,10.5396535107
1315,0.0,60.0,0.0,0.0,36.2282623923,0.545729857715,-5.08134841524,8.86558812902,9.12730922494,8.87917392604
1316,0.0,50.0,0.0,0.0,61.7277960678,25.7784619448,33.7420856443,36.2362596363,30.0853517393,10.3979969324
1317,0.0,40.0,0.0,0.0,70.7405183691,13.9336636008,13.3734344052,44.9960835735,41.8111460631,26.04660957
1318,0.0,30.0,0.0,0.0,54.6270166295,9.22330608066,12.25189482,23.8032635653,22.5703667916,13.5483164523
1319,0.0,25.0,0.0,0.0,36.8706386252,-1.2604175549,0.0418214265312,8.97953676868,9.46824966516,7.80154873966
1320,0.0,20.0,0.0,0.0,61.3207436025,27.1315510611,25.0789797047,36.1154424021,29.6151610304,13.0765706583
1321,0.0,15.0,0.0,0.0,40.1693284062,20.9193799522,0.620247908619,14.0381183481,11.3533421455,9.18885529651
1322,0.0,10.0,0.0,0.0,36.6448679296,-1.94107809446,0.734157656375,8.78438618966,9.34747158945,7.52700325292
1323,0.0,7.0,0.0,0.0,45.759361221,10.9270599125,0.992851417962,16.4193699439,15.0915698658,12.1070448436
1324,0.0,5.0,0.0,0.0,40.5627819236,-11.7430768423,6.45671635232,9.64078501009,11.5936000945,7.78893532015
1325,0.0,3.0,0.0,0.0,53.195742962,0.716056973368,2.65125125675,20.6157242868,21.2258046337,16.3716646797
1326,0.0,2.0,0.0,0.0,40.4758622003,2.51892700564,-3.68549427855,11.4772366575,11.5402347158,10.6445393436
1327,0.0,0.0,100.0,0.0,64.2490799264,-18.6186950945,-15.4268986687,27.0438553309,33.1090117365,37.5129422167
1328,0.0,0.0,98.0,0.0,46.4594371185,23.8837131552,8.10736838165,19.4254807711,15.6106228197,10.184802474
1329,0.0,0.0,95.0,0.0,76.6729085762,-6.27421822334,1.40871799458,46.88865203,50.9899297395,40.9690160156
1330,0.0,0.0,90.0,0.0,52.076584489,43.1246815297,19.7584695173,29.4090416427,20.2124662359,9.59330071111
1331,0.0,0.0,85.0,0.0,53.6681351878,42.4936907452,4.71427664134,31.0723906737,21.6634983307,15.8515798415
1332,0.0,0.0,80.0,0.0,44.0933510148,-5.55499350876,-3.66085748869,12.5623238949,13.9028968212,12.730776014
1333,0.0,0.0,75.0,0.0,67.5713574132,20.2400880841,7.87908908887,42.4846655899,37.3936967006,26.063985104
1334,0.0,0.0,70.0,0.0,51.147300881,-24.2105945022,1.98540019655,14.391510424,19.3959793201,15.194391721
1335,0.0,0.0,60.0,0.0,81.6778666789,-1.07783117049,15.2655028217,57.1327424569,59.7055261637,37.0445385662
1336,0.0,0.0,50.0,0.0,41.1527303426,0.97468513916,2.92800384524,11.6705664784,11.960159745,9.01457267423
1337,0.0,0.0,40.0,0.0,77.6041308114,0.561583094674,2.52813418151,50.8784081166,52.5425416179,41.3474509257
1338,0.0,0.0,30.0,0.0,62.7471590644,-19.3069200911,-23.9000284837,25.3069976141,31.2846079471,41.9852840997
1339,0.0,0.0,25.0,0.0,80.0133435943,-2.10629193498,-0.910064380856,53.8496740796,56.7049294108,47.5633968259
1340,0.0,0.0,20.0,0.0,56.9495000275,40.45377858,-1.11571198957,34.4815029456,24.8709853389,21.0721343157
1341,0.0,0.0,15.0,0.0,78.691464468,5.61011188626,0.903122558426,54.6455859441,54.3949437657,44.1408087809
1342,0.0,0.0,10.0,0.0,79.5519634829,-2.97702930553,52.9003425782,52.735536357,55.8913860125,14.4298564808
1343,0.0,0.0,7.0,0.0,81.9654663934,-0.474727638492,8.2527850823,57.8881544437,60.2344658646,42.7648639804
1344,0.0,0.0,5.0,0.0,79.9990407571,0.536093044503,1.9385423389,54.8685922855,56.679591665,45.1425512104
1345,0.0,0.0,3.0,0.0,71.3587816659,-11.0905386011,-10.8980034688,37.6534921651,42.7115899144,43.4580719231
1346,0.0,0.0,2.0,0.0,56.9709838409,-22.2066803327,21.3847637723,19.2704142387,24.8929655163,11.7452127489
1347,0.0,0.0,0.0,100.0,35.1509627123,9.83890249275,-2.46972242936,9.4249545934,8.57407875445,7.68565837039
1348,0.0,0.0,0.0,98.0,69.8481387255,-5.31371025619,44.3045575337,37.4268985315,40.533927212,11.5046742647
1349,0.0,0.0,0.0,95.0,46.7848620935,12.7465804453,-17.7446750952,17.5536061789,15.855898838,20.6287606445
1350,0.0,0.0,0.0,90.0,59.2167445035,-20.825466056,13.4028106614,21.5417495443,27.2627480478,16.2161551716
1351,0.0,0.0,0.0,85.0,35.6081360628,9.48081072909,0.714560678407,9.62430004348,8.80603797524,7.09225540474
1352,0.0,0.0,0.0,80.0,70.8203778479,-4.8956771086,32.9569510772,38.863712102,41.9267353451,16.40604626
1353,0.0,0.0,0.0,75.0,46.3149812087,11.0055110335,-10.6686461836,16.8629283008,15.5025605932,16.9926039658
1354,0.0,0.0,0.0,70.0,49.2243774319,-5.33504042862,22.5224588383,16.1846880278,17.7768930516,7.50207745028
1355,0.0,0.0,0.0,60.0,42.2036217304,-3.40604301646,-7.86390537079,11.6916686651,12.6321147149,13.0701671283
1356,0.0,0.0,0.0,50.0,43.6019881719,4.98053920596,14.444026497,13.8559199397,13.5646400286,7.10504815019
1357,0.0,0.0,0.0,40.0,37.9193574998,5.33284839309,-7.72258272635,10.3664057068,10.0429235775,10.5278363441
1358,0.0,0.0,0.0,30.0,38.8765982019,15.6974562775,7.76895557416,12.3798037725,10.5873574808,6.75564028608
1359,0.0,0.0,0.0,25.0,58.75862026,36.0943152526,2.09445547655,35.4934975266,26.7676265597,21.0268336757
1360,0.0,0.0,0.0,20.0,67.2680740997,0.499613044028,35.5583733604,35.8165855249,36.9880633143,12.9950516297
1361,0.0,0.0,0.0,15.0,52.5483219868,19.0486327534,-9.5480679137,24.0008445026,20.6355722281,21.4954739512
1362,0.0,0.0,0.0,10.0,55.8971046569,-16.2186718533,15.6581609844,19.5404715075,23.8100461161,13.1018564064
1363,0.0,0.0,0.0,7.0,45.5855280745,0.722856237667,-20.1844090855,14.5484023012,14.9644941708,20.8119794554
1364,0.0,0.0,0.0,5.0,73.9598195586,-9.71082724493,37.038577827,41.6809538217,46.641419487,16.9737450325
1365,0.0,0.0,0.0,3.0,58.384491433,-11.360698374,-11.1356844224,22.8181456736,26.3677593623,27.9296402852
1366,0.0,0.0,0.0,2.0,61.4939988991,10.335525247,22.763855942,31.5023922581,29.814686631,14.0470401555
1367,0.0,0.0,0.0,0.0,48.1020395687,6.77788923707,-13.376246597,17.4995456438,16.8749143057,19.6155929911
1368,100.0,85.0,85.0,0.0,49.1854514459,33.5793365179,9.99367097124,24.0089890053,17.7450842299,11.0727568321
1369,80.0,65.0,65.0,0.0,40.7583067703,1.03813037334,2.97954597019,11.4404065702,11.7142456026,8.80922307766
1370,60.0,45.0,45.0,0.0,79.3719712391,0.45246184545,2.94436803092,53.768975198,55.5761310239,43.4366628408
1371,40.0,27.0,27.0,0.0,61.6042265935,-20.1209781966,-25.4028055417,23.969828633,29.9420931794,41.6173449585
1372,20.0,12.0,12.0,0.0,80.707052691,-1.57986884546,0.00713053567438,55.2412188481,57.9429330489,47.8028473009
1373,10.0,6.0,6.0,0.0,55.9109060458,42.0901516302,-1.17944043237,33.6602069234,23.8237604983,20.223431048
1374,5.0,3.0,3.0,0.0,79.8444360256,4.64794363036,1.62721803412,56.2488381017,56.4061880557,45.1796224261
1375,40.0,27.0,27.0,10.0,79.3641287788,-2.84499800054,55.404601718,52.4737917609,55.5624220352,13.3626765409
1376,20.0,12.0,12.0,10.0,82.3056245,-0.201773161132,6.85141050157,58.60717579,60.8640897987,44.3720501464
1377,10.0,6.0,6.0,10.0,77.3376011697,0.142634419628,1.73240304428,50.288419828,52.0949874257,41.6105219785
1378,60.0,45.0,45.0,20.0,81.7138912445,-1.00605653198,3.27439990777,57.2254624278,59.7716105001,46.4977575634
1379,40.0,27.0,27.0,20.0,36.2721233426,15.4467593421,1.73855317991,10.765653969,9.15032370382,7.12141796844
1380,20.0,12.0,12.0,20.0,63.1452089625,-22.214769907,31.7827446035,25.0253220536,31.7614208611,11.8288319004
1381,10.0,6.0,6.0,20.0,50.665106867,13.6898139437,-15.950788464,21.0460345896,18.9811172207,23.1283513282
1382,80.0,65.0,65.0,40.0,45.8320744183,-1.43726218216,20.3236166371,14.3691992395,15.1449374251,6.62522904719
1383,60.0,45.0,45.0,40.0,37.3225063361,14.9986993845,4.62169261607,11.3222262006,9.71309632941,6.86539689584
1384,40.0,27.0,27.0,40.0,64.8542974142,-21.0031711008,20.4543076112,27.0994763609,33.8637738591,17.3583549974
1385,20.0,12.0,12.0,40.0,50.4282530585,11.4264433645,-6.72731478954,20.364695568,18.7795216879,18.3890234198
1386,10.0,6.0,6.0,40.0,44.4955327918,-1.06312030085,15.5209358951,13.5108719474,14.1839094549,7.21754488221
1387,100.0,85.0,85.0,60.0,37.576625617,12.4667935375,-3.91366176364,11.1240962158,9.85262841601,9.20712578248
1388,80.0,65.0,65.0,60.0,40.0338592483,7.33464617947,7.36785725613,11.8895380618,11.2713941512,7.33044740441
1389,60.0,45.0,45.0,60.0,42.5861724752,4.74962053586,-4.35438934199,13.1370900232,12.8828339691,12.0644777596
1390,40.0,27.0,27.0,60.0,45.0200482064,-3.38131439803,14.7729341121,13.5019225322,14.5560544514,7.62807405811
1391,20.0,12.0,12.0,60.0,48.6179971708,-4.59813946416,-3.63477710225,15.8565283766,17.2856816852,15.7044811851
1392,10.0,6.0,6.0,60.0,47.8633146434,-15.6086474241,3.9927262079,13.5063108993,16.6870819644,12.3244344969
1393,100.0,85.0,85.0,80.0,53.6622069907,-1.79216547891,-16.531354652,20.5129591437,21.6579686337,26.3111184956
1394,80.0,65.0,65.0,80.0,56.8680356506,2.924670517,20.8653425746,24.5766865534,24.7877563556,11.8609623234
1395,60.0,45.0,45.0,80.0,63.381885727,13.7461383202,-2.89280890986,34.779130808,32.0472129763,28.1546580917
1396,40.0,27.0,27.0,80.0,65.2693572724,19.3452245384,36.3058875288,38.9629488692,34.3879675006,11.5393927953
1397,20.0,12.0,12.0,80.0,48.3026106234,25.2648352834,-6.39439238399,21.3393037188,17.0338119326,16.6295074386
1398,10.0,6.0,6.0,80.0,51.4412836324,15.1070308751,9.51970763111,22.0608429902,19.6518533963,12.5494529959
1399,100.0,85.0,85.0,100.0,59.4226836056,5.17003500948,-4.69387452951,27.7906652644,27.4872932074,25.2255596287
1400,80.0,65.0,65.0,100.0,62.6473632462,-6.58644781903,21.0327588452,28.3351563086,31.165818209,15.5091466684
1401,60.0,45.0,45.0,100.0,70.6974273471,-12.8511505294,0.191204558134,36.2460799349,41.7488640931,34.3151600406
1402,40.0,27.0,27.0,100.0,59.9171645684,-21.4837179055,-27.1468702322,22.0485569601,28.031476251,40.7106460127
1403,20.0,12.0,12.0,100.0,81.298951827,-1.008063287,0.830755365187,56.4969909396,59.0133838031,47.9723989004
1404,10.0,6.0,6.0,100.0,54.7537753703,43.913841099,-0.56301097209,32.7608083333,22.692110394,18.9838020491
1405,100.0,0.0,0.0,70.0,80.620534034,3.04985120048,1.91591508833,56.9575081982,57.7875567567,46.0545001408
1406,0.0,100.0,0.0,70.0,78.8313324948,-2.47921659554,58.2714380312,51.7327303404,54.6363390249,12.018447591
1407,0.0,0.0,100.0,70.0,81.9883284985,0.0307216281104,5.19994181366,58.1371938015,60.2766462818,45.2821212217
1408,100.0,100.0,0.0,70.0,38.0059443946,1.10338138587,3.06473071225,9.87010869112,10.0913838775,7.53104462823
1409,100.0,0.0,100.0,70.0,80.9159041728,0.454835947522,2.910382546,56.4207966331,58.3191503133,45.6485956632
1410,0.0,100.0,100.0,70.0,72.1850927969,-0.588844827526,0.311825828466,42.1698302482,43.9350941169,36.0284634527
1411,40.0,40.0,0.0,70.0,67.0757846906,20.5168674917,-2.0372662194,41.864838636,36.7324070741,31.6198051143
1412,40.0,0.0,40.0,70.0,48.3708806169,-13.6321873604,8.59717220504,14.1665910055,17.0881238791,11.0701832377
1413,0.0,40.0,40.0,70.0,37.7795129803,3.29959979963,-2.85366934272,10.0253968062,9.9649844952,9.0048973121
1414,3.0,3.0,0.0,0.0,59.2004840553,5.95184741257,28.1376362659,27.7462739792,27.2450707869,10.7907825273
1415,3.0,0.0,3.0,0.0,57.2140413018,-11.9203052224,-23.8806674345,21.5999162469,25.1425412899,34.8869728568
1416,0.0,3.0,3.0,0.0,50.6947776211,-12.3221222918,2.84601903527,16.0706770423,19.006472378,14.5464996111
1417,3.0,3.0,3.0,0.0,38.6698373447,1.7523235431,3.08000079868,10.3212507682,10.4681365145,7.81797105591
1418,3.0,0.0,0.0,3.0,60.496319303,6.23325866322,20.1371559825,29.2521751733,28.6779200557,14.3945195512
1419,0.0,3.0,0.0,3.0,56.4221246918,-15.5003797124,-9.52542697093,20.1416263528,24.3354744521,25.0340504217
1420,3.0,3.0,0.0,3.0,43.4957823342,-12.2152683644,11.4546159058,11.2384980299,13.4922559479,7.80408358137
1421,0.0,0.0,3.0,3.0,46.393398412,3.13335962132,-1.52143407461,15.5361782737,15.5611595622,13.3920973406
1422,3.0,0.0,3.0,3.0,40.1537844122,-3.07744597519,6.5741116921,10.5269270839,11.3439191674,7.57977129271
1423,0.0,3.0,3.0,3.0,40.8900752256,14.6922705452,-2.13285202065,13.5443981002,11.7960215265,10.38177637
1424,3.0,3.0,3.0,3.0,36.4850590975,5.51948648428,1.65734019408,9.60172484649,9.26260414327,7.23034040498
1425,7.0,7.0,0.0,0.0,74.2335066436,10.8443499879,5.60406232149,49.2912146043,47.0684110931,34.7888796441
1426,7.0,0.0,7.0,0.0,53.2929516481,24.4290698165,18.373967206,26.0215764591,21.3153867015,10.6568579358
1427,0.0,7.0,7.0,0.0,64.5890274708,-1.60793018746,-7.89304046069,31.8873961593,33.5315613988,32.6549446476
1428,7.0,7.0,7.0,0.0,46.274059713,4.34606973277,4.86197366351,15.6561150314,15.4720396117,11.1091491663
1429,7.0,0.0,0.0,7.0,54.4652336379,-15.5439050893,-22.3898342878,18.4636181758,22.4156182132,30.7209716319
1430,0.0,7.0,0.0,7.0,60.9593275467,-24.9658798613,15.876787006,22.2677678323,29.2018136466,16.4391044039
1431,7.0,7.0,0.0,7.0,69.1203788595,3.19173535879,4.19949631217,39.1040713364,39.5117873803,29.8820267395
1432,0.0,0.0,7.0,7.0,51.958234539,-8.01091433424,6.70240536018,17.8416396918,20.1072323397,13.9032484587
1433,7.0,0.0,7.0,7.0,55.3946447215,25.555155501,-0.912730646742,28.5607604023,23.3143301768,19.6678576018
1434,0.0,7.0,7.0,7.0,43.4640964251,10.6314326606,-2.34924935281,14.6741136743,13.4707105508,11.8964387878
1435,7.0,7.0,7.0,7.0,58.6541811044,-22.0163390586,-28.8539317728,20.780693414,26.6555986235,40.3481286941
1436,40.0,3.0,0.0,0.0,81.6683072643,-0.718915266819,1.32846731842,57.2625120289,59.6879983232,48.092432215
1437,3.0,40.0,0.0,0.0,54.7654329587,44.4433218772,-0.504785314948,32.924391096,22.7033286875,18.9660898142
1438,40.0,0.0,3.0,0.0,81.1292659972,2.1857260454,1.75835737578,57.5004068707,58.7051703628,46.9280916453
1439,40.0,3.0,3.0,0.0,78.9025029287,-2.9155904991,59.1870782649,51.6832369241,54.7594442543,11.7488064316
1440,0.0,40.0,3.0,0.0,82.1907460831,0.199716926091,4.58403500669,58.5682964849,60.6509645743,46.0873493178
1441,3.0,40.0,3.0,0.0,37.0960933233,1.11010319631,3.08024716405,9.38271116521,9.58989244107,7.14051701738
1442,40.0,40.0,3.0,0.0,81.1048739627,0.492243805012,2.66332034716,56.7663145508,58.6609536494,46.1280913676
1443,3.0,0.0,40.0,0.0,61.72134931,-0.660588607567,-0.335347736225,28.8327184575,30.0778665063,25.0041731211
1444,0.0,3.0,40.0,0.0,70.1790530504,-9.25393699524,-12.837571454,36.6583165898,41.0044683503,43.3818801373
1445,3.0,3.0,40.0,0.0,72.2190644738,8.3827046263,-3.17480714407,45.282836541,43.9858892282,38.613344327
1446,40.0,3.0,40.0,0.0,53.2881311089,-3.93739190939,17.3545528715,19.7479363379,21.3109384349,10.9798154769
1447,3.0,40.0,40.0,0.0,62.1980384501,-5.19131498891,-17.1727328616,28.1968785959,30.6346984589,36.2179222559
1448,40.0,0.0,0.0,3.0,39.3880167042,11.9640133599,10.6196076955,12.1560256527,10.8861289867,6.3065038953
1449,40.0,3.0,0.0,3.0,71.1316810278,5.32794540684,12.1873416482,42.6302476209,42.3793519295,27.1288255007
1450,0.0,40.0,0.0,3.0,55.6542773841,-4.14073662542,10.8076692248,21.8261449314,23.5696098758,14.776988988
1451,3.0,40.0,0.0,3.0,61.3228604667,-8.97163686097,-2.98497334947,26.3152536324,29.6175934821,26.1161395195
1452,40.0,40.0,0.0,3.0,38.5224053256,12.4000727425,8.30014116029,11.6829972434,10.3836742065,6.49265593406
1453,40.0,0.0,3.0,3.0,35.4916035106,4.4206181704,-9.08804690185,8.94830167856,8.74651976333,9.6677075653
1454,40.0,3.0,3.0,3.0,42.6550421091,16.4654227843,12.6276084889,15.064525865,12.9283197586,7.14948826727
1455,0.0,40.0,3.0,3.0,39.2965852448,-2.20801031663,-10.4131118511,10.157930593,10.8323072805,12.1979101823
1456,3.0,40.0,3.0,3.0,49.0305900292,3.83345011458,22.695822241,17.6964791482,17.6189131832,7.37579366247
1457,40.0,40.0,3.0,3.0,42.898986291,-10.8415365071,-11.4606104936,11.0738367806,13.090296783,14.8859451099
1458,0.0,0.0,40.0,3.0,55.5805095086,-33.1357799037,12.3174621207,16.1137368652,23.4968902522,14.1425744582
1459,3.0,0.0,40.0,3.0,44.0663734905,15.8089281941,-14.432700235,15.9937644794,13.8841810709,16.9439397475
1460,40.0,0.0,40.0,3.0,68.0391409739,-16.5899631176,33.771957694,31.8567356312,38.0251421147,14.1524692432
1461,0.0,3.0,40.0,3.0,50.9517373546,35.1177833301,-3.883835117,26.1661489094,19.2270026336,17.5200541601
1462,3.0,3.0,40.0,3.0,79.3605177774,-3.04320684087,53.1861675309,52.3913951457,55.5561105932,14.1927802438
1463,40.0,3.0,40.0,3.0,42.8992596404,4.63489179781,-17.1725795061,13.327151804,13.0904790395,17.2593289995
1464,0.0,40.0,40.0,3.0,58.5064728054,32.67950997,22.1041817312,34.1725325838,26.497691802,12.4078310623
1465,3.0,40.0,40.0,3.0,50.0644287475,-10.1083341312,-17.7599578839,15.9826630149,18.4726450097,23.540820521
1466,40.0,40.0,40.0,3.0,72.8422469963,8.57053366842,37.0097394315,46.294879278,44.9246430264,16.1682226228
1467,3.0,0.0,0.0,40.0,57.3165873098,-26.0666800208,-18.4294666414,18.8054375819,25.2483357559,31.3372559899
1468,0.0,3.0,0.0,40.0,58.9467758611,-22.0484236871,-28.5374827318,21.0373552167,26.9702452878,40.4927424202
1469,3.0,3.0,0.0,40.0,82.1927787946,-0.110277069926,2.1337641593,58.4433888627,60.6547313794,48.1779484168
1470,40.0,3.0,0.0,40.0,54.0704173471,44.9689447884,-0.0422553502826,32.2311563212,22.0409416552,18.2051715844
1471,3.0,40.0,0.0,40.0,81.2119329959,1.53903039132,2.12424839194,57.3814678862,58.8551903928,46.7385784828
1472,0.0,0.0,3.0,40.0,79.2741793024,-2.70145581908,59.5481938286,52.3796857473,55.4053473066,11.8434564703
1473,3.0,0.0,3.0,40.0,82.5943415625,0.373300739629,3.37682062258,59.3657805046,61.4019276211,47.7033618689
1474,40.0,0.0,3.0,40.0,37.0129336653,1.1426382213,3.05992244718,9.34287679171,9.54490360648,7.11076117782
1475,0.0,3.0,3.0,40.0,81.7918177465,0.501641829005,2.49652193579,57.9820322128,59.9147275543,47.2723106552
1476,3.0,3.0,3.0,40.0,52.712088658,-0.852397821181,-1.17423109709,19.8692073596,20.7838252693,17.6638232794
1477,40.0,3.0,3.0,40.0,80.3064377551,1.18750929923,0.868125284929,55.6575422421,57.2258154426,46.4805597986
1478,0.0,40.0,3.0,40.0,57.2923576208,-30.5037761418,19.3783759148,17.935557365,25.2233117937,12.6305214772
1479,3.0,40.0,3.0,40.0,54.0731975966,23.1483308808,-10.1815502784,26.527947058,22.0435653765,23.1850017073
1480,40.0,40.0,3.0,40.0,70.4428392752,-13.7800559842,42.9762488846,35.638899354,41.3821548771,12.3058702163
1481,3.0,0.0,40.0,40.0,48.1240159203,4.73498392669,-21.4469518902,17.1407262603,16.8922761341,23.7244465146
1482,0.0,3.0,40.0,40.0,59.216046132,-28.5155998798,10.4903193835,19.944204012,27.2619886684,17.4648964407
1483,3.0,3.0,40.0,40.0,54.2424681468,20.5444627651,-0.356728401581,26.0718961917,22.203698522,18.4827417199
1484,40.0,3.0,40.0,40.0,71.8677988993,-13.3475468133,31.2072309036,37.6340323184,43.4625571262,17.9513240007
1485,3.0,40.0,40.0,40.0,46.950148368,3.22208947672,-12.075448401,15.9663981681,15.9814546385,18.0955169611
