SAMPLE_ID,CMYK_C,CMYK_M,CMYK_Y,CMYK_K,LAB_L,LAB_A,LAB_B,XYZ_X,XYZ_Y,XYZ_Z
1,0.0,0.0,0.0,0.0,64.5424778062,5.5516342252,6.7870077258,33.8517543574,33.4734896651,23.7642234357
2,0.0,10.0,0.0,0.0,47.6098509055,0.819783358318,0.192705055213,16.0434999787,16.4891840374,13.5337099153
3,0.0,20.0,0.0,0.0,34.8887053249,0.942650745573,0.209126826755,8.24684101284,8.44287264536,6.91655938346
4,0.0,30.0,0.0,0.0,79.1943313917,3.54493026117,5.24261309445,54.6861472962,55.2661607631,41.3687294213
5,0.0,40.0,0.0,0.0,36.3355743862,0.463511716805,-0.266316089214,8.91048913569,9.18368580585,7.64479240313
6,0.0,55.0,0.0,0.0,73.800954626,0.498068474403,1.78186966553,44.9111863325,46.3947557474,36.9740114461
7,0.0,70.0,0.0,0.0,42.5656298294,6.45522695158,-2.95081740328,13.3863622343,12.8692870159,11.5768971767
8,0.0,85.0,0.0,0.0,69.6502331698,0.262140675718,2.01182660734,38.8997397017,40.2542445932,31.8748968185
9,0.0,100.0,0.0,0.0,36.1670621804,-0.295796271099,1.20695779721,8.73595414605,9.09526111891,7.20646495496
10,10.0,0.0,0.0,0.0,77.3774903259,3.41820402223,5.67122119922,51.5918462637,52.1618065831,38.6490221983
11,10.0,10.0,0.0,0.0,38.5821909308,-0.456364423943,1.00658376732,9.98756007227,10.4178697935,8.32294547819
12,10.0,20.0,0.0,0.0,51.5157358182,0.541659349012,2.48346728649,19.1193899236,19.7170095965,15.2494072105
13,10.0,30.0,0.0,0.0,41.7440248268,-0.594977868584,0.156244057661,11.8097086908,12.335228153,10.1300103291
14,10.0,40.0,0.0,0.0,72.8012041615,6.57150871196,1.70700797271,45.5272709544,44.8624096939,35.7918281252
15,10.0,55.0,0.0,0.0,52.1068300431,-6.89007180586,-15.2395977822,18.1745826652,20.2394186262,24.0818443509
16,10.0,70.0,0.0,0.0,76.9361507432,4.23522829906,1.39724214785,51.1791181448,51.4256837406,41.3312134184
17,10.0,85.0,0.0,0.0,37.6780671369,0.35874927401,1.75619525818,9.59943039445,9.90869909032,7.71906307025
18,10.0,100.0,0.0,0.0,69.6216154011,-0.184752918066,0.790518097511,38.719889518,40.2139083878,32.6504863745
19,20.0,0.0,0.0,0.0,41.1909447183,-0.128715133653,2.0336331888,11.5381875252,11.9841667716,9.28891946182
20,20.0,10.0,0.0,0.0,65.9292665517,-0.0398299071117,1.12302058585,33.9630352978,35.2324815568,28.3826341028
21,20.0,20.0,0.0,0.0,79.3027068796,1.09120515571,2.52434086049,53.9024265683,55.4551316339,43.6796803178
22,20.0,30.0,0.0,0.0,58.7521891775,-0.13468424011,1.37179266143,25.77289916,26.7607191285,21.3828191416
23,20.0,40.0,0.0,0.0,50.0702052038,-0.885334559612,0.947007592585,17.6521063036,18.4774909953,14.8687827572
24,20.0,55.0,0.0,0.0,48.3111072034,0.278472799878,1.77903605086,16.4817152294,17.040565077,13.3942791848
25,20.0,70.0,0.0,0.0,79.7354792124,0.998528834127,1.03370297001,54.6014127844,56.2140374807,45.5164902314
26,20.0,85.0,0.0,0.0,41.7326440587,0.601627557131,1.88426797583,11.9742057483,12.3279361412,9.60504610597
27,20.0,100.0,0.0,0.0,61.4858834675,-7.76313035277,-7.67557193454,26.7832265921,29.8053207298,29.0794769601
28,30.0,0.0,0.0,0.0,73.6744065405,-1.35844331796,-0.509565953923,44.0813375093,46.1988926498,38.4970586554
29,30.0,10.0,0.0,0.0,79.3463859392,-0.30688752436,6.18858024942,53.4288338829,55.5314150387,40.8369024718
30,30.0,20.0,0.0,0.0,60.9817253735,-1.14468712293,0.145489494082,27.8931001385,29.2273172818,24.0363776151
31,30.0,30.0,0.0,0.0,52.0977383221,-0.831920592795,1.27043895786,19.3435591002,20.2313143031,16.1569124054
32,30.0,40.0,0.0,0.0,57.775509255,-0.811482443045,1.30153487407,24.6174967518,25.72543223,20.5812417032
33,30.0,55.0,0.0,0.0,82.9740138064,0.169743381373,3.0141583498,59.9677974815,62.1140119835,48.5824759404
34,30.0,70.0,0.0,0.0,38.1399940063,5.95803047003,-12.8569259863,10.5739582114,10.1667148381,12.3541809794
35,30.0,85.0,0.0,0.0,47.8122947364,21.2435400679,17.8426832559,20.0668832068,16.6471203651,8.07807979028
36,30.0,100.0,0.0,0.0,43.6224478465,-3.56504775832,-15.4056786662,12.5564057696,13.5786138946,17.0335256164
37,40.0,0.0,0.0,0.0,71.2871001816,5.81130959416,17.7201112439,43.0186484476,42.6065362976,24.1416452791
38,40.0,10.0,0.0,0.0,55.0943426808,-26.2759719665,-0.14025949689,16.9645596214,23.0213698425,19.0603187181
39,40.0,20.0,0.0,0.0,53.924819227,-27.56159159,5.90361207751,15.8410398575,21.9038314637,15.5458390465
40,40.0,30.0,0.0,0.0,70.1026064264,14.153512593,19.8215406757,44.1212682566,40.8954439446,21.9512006844
41,40.0,40.0,0.0,0.0,45.3958238856,-10.0653959409,-1.95061338508,12.7271441667,14.826632643,12.9223518393
42,40.0,55.0,0.0,0.0,48.906187867,23.9114542022,4.27098631842,21.6046212236,17.5179926484,12.8615854334
43,40.0,70.0,0.0,0.0,37.2787923277,1.24110466482,-3.36827749728,9.49558278919,9.6892273999,8.90669597441
44,40.0,85.0,0.0,0.0,43.6898180226,9.29743569776,-14.8345585438,14.6146507056,13.6246952465,16.8375950165
45,40.0,100.0,0.0,0.0,48.6513384494,22.207024029,8.68166902028,21.0119029198,17.3124524384,11.200125656
46,55.0,0.0,0.0,0.0,42.6481705105,-8.57674681091,-6.23569803909,11.2364305327,12.9237765268,12.7604036159
47,55.0,10.0,0.0,0.0,58.5437378751,5.92952091515,15.0115396213,27.0330050499,26.5374708542,15.0850248449
48,55.0,20.0,0.0,0.0,52.9415736005,-29.0609248014,8.87407827153,14.8660522799,20.9927632694,13.7241977022
49,55.0,30.0,0.0,0.0,48.2434348026,32.6846665719,5.78821446174,22.8921365693,16.9868280332,11.9314481567
50,55.0,40.0,0.0,0.0,72.4094638727,-11.8332474937,25.3348794574,38.8359191841,44.2713028771,21.1741889234
51,55.0,55.0,0.0,0.0,49.2583111496,31.4636825123,-1.29759899511,23.5988100981,17.8046533762,15.2048580665
52,55.0,70.0,0.0,0.0,60.3120312769,-26.6453894073,6.67435684116,21.3085235738,28.4711542106,20.0949361883
53,55.0,85.0,0.0,0.0,43.4363059013,9.98257187428,-12.1157311138,14.5477180577,13.4518327811,15.5196989231
54,55.0,100.0,0.0,0.0,62.4178190398,-2.40228044823,40.0294747098,29.16000869,30.8937274538,8.89138379114
55,70.0,0.0,0.0,0.0,43.7414765527,24.4577841424,-3.61478253489,17.2934595311,13.660100332,12.4997811456
56,70.0,10.0,0.0,0.0,54.4320849265,-11.2699500001,26.485501173,19.2690695748,22.3839983919,8.8286025212
57,70.0,20.0,0.0,0.0,38.7112263337,10.7772111798,-10.3806151219,11.5687690401,10.4919299099,11.8409740566
58,70.0,30.0,0.0,0.0,45.5402004744,-23.0909344257,10.3479168161,10.9560355508,14.9314764061,9.05556054759
59,70.0,40.0,0.0,0.0,52.510301982,35.9555402746,11.0015813563,28.041520531,20.6012549994,12.6772834779
60,70.0,55.0,0.0,0.0,63.7052759616,-4.01031667193,27.754335263,30.1994854898,32.4404777644,13.6039610026
61,70.0,70.0,0.0,0.0,46.403143884,14.9289292906,-1.39707723306,17.65359208,15.5684523786,13.352527932
62,70.0,85.0,0.0,0.0,54.298007237,-17.3964155746,10.9376996423,17.9734163879,22.2564080244,13.8274170325
63,70.0,100.0,0.0,0.0,52.9723775568,25.2403022854,-3.24577564246,25.8839700014,21.0209153309,18.8037823061
64,85.0,0.0,0.0,0.0,66.9068796282,1.1983762128,43.6304436399,35.5606584619,36.508815427,10.1025297995
65,85.0,10.0,0.0,0.0,33.7992431177,8.02255809344,-0.924321075154,8.51748695743,7.91214538256,6.74146529663
66,85.0,20.0,0.0,0.0,50.3168482647,-22.5678305075,4.64124946318,14.0785214804,18.6851963687,13.6149754645
67,85.0,30.0,0.0,0.0,50.2913879293,-16.6295960706,17.5844822195,15.0343818281,18.6636837927,9.32925225037
68,85.0,40.0,0.0,0.0,56.0575594091,4.11974389956,-2.93978419892,24.0460031088,23.9698147568,21.2150615504
69,85.0,55.0,0.0,0.0,45.0533575874,-4.72867774371,10.1525318832,13.3149891958,14.5799048692,8.87407899064
70,85.0,70.0,0.0,0.0,53.3701969975,23.6073629787,3.03090227332,25.903668671,21.3867511309,16.3384805009
71,85.0,85.0,0.0,0.0,41.9504844848,7.9554402637,0.800214246859,13.2085713443,12.4680129817,10.0422141346
72,85.0,100.0,0.0,0.0,45.3444261558,22.1355129246,-10.9081382644,18.1512543061,14.7894273041,16.3811973504
73,100.0,0.0,0.0,0.0,51.8545470146,30.5890219699,5.01550110445,26.0118969745,20.0153366432,14.4804936311
74,100.0,10.0,0.0,0.0,50.1735644128,1.62444673427,-5.65010139447,18.2091204264,18.5643444308,17.7077541533
75,100.0,20.0,0.0,0.0,55.142844515,0.606010526171,20.8234077951,22.3770164955,23.0685187665,10.8926005696
76,100.0,30.0,0.0,0.0,52.1103055291,-13.4823224364,-5.6662012185,16.9521047808,20.242517232,19.2384243275
77,100.0,40.0,0.0,0.0,57.4637840441,-20.8868253794,-4.76606599299,19.9595703606,25.4007135142,23.4142562328
78,100.0,55.0,0.0,0.0,55.1472821184,1.47365237602,10.6528217292,22.5713225405,23.072835799,14.4959432351
79,100.0,70.0,0.0,0.0,45.7439650695,-3.62189664851,-2.15490856676,13.9561929333,15.0802860293,13.2138299258
80,100.0,85.0,0.0,0.0,46.5175717607,17.0630524844,4.52797809209,18.1482522864,15.6542525556,11.356048254
81,100.0,100.0,0.0,0.0,45.5620294713,20.8379691298,-9.28695112295,18.0830049643,14.9473711275,15.861959559
82,0.0,0.0,10.0,0.0,42.1073234094,-1.90003525931,-0.854228326729,11.8469723706,12.5695186143,10.6387255444
83,0.0,10.0,10.0,0.0,54.7155254264,-18.1734500405,2.19802369932,18.1671657935,22.6553277857,17.7001432415
84,0.0,20.0,10.0,0.0,49.5992389799,11.2834793385,2.31463340958,19.6116538469,18.0851633474,14.0246277278
85,0.0,30.0,10.0,0.0,66.7217609374,-1.65119888853,20.0555573068,34.4864108063,36.2648048672,18.9911870782
86,0.0,40.0,10.0,0.0,56.266719303,29.1041922916,14.6787895079,30.48098924,24.1791511823,13.6973753561
87,0.0,55.0,10.0,0.0,52.2654904756,-16.9157281337,-9.39245003871,16.4550995002,20.3811965416,21.1723601375
88,0.0,70.0,10.0,0.0,59.3503992195,19.5755833944,0.533011895282,31.5025032305,27.4083382406,22.3375357893
89,0.0,85.0,10.0,0.0,57.25099035,-8.03315569978,18.5315848056,22.4749683518,25.1806266846,12.9071624531
90,0.0,100.0,10.0,0.0,49.9476702535,3.34615172172,-12.7206752576,18.3519421968,18.374875516,20.8402544874
91,10.0,0.0,10.0,0.0,66.3768054626,9.32065011092,35.8145507875,37.3259264468,35.8130138684,12.3586069225
92,10.0,10.0,10.0,0.0,32.7574004113,-0.730824334273,-4.56594285801,7.08629577975,7.42587542697,7.18071247988
93,10.0,20.0,10.0,0.0,53.1236804168,-18.3540024601,18.9695654525,16.8608165626,21.1595580828,10.3786705965
94,10.0,30.0,10.0,0.0,35.1629945259,6.42354853506,2.31960487182,9.01803659863,8.58013060447,6.53557895345
95,10.0,40.0,10.0,0.0,62.7415964194,2.51692552476,37.3846416902,30.8372105844,31.2779786461,9.81965410039
96,10.0,55.0,10.0,0.0,48.4766834672,-5.47372390133,-3.81615459423,15.6000949147,17.1725228567,15.6789953834
97,10.0,70.0,10.0,0.0,63.5430049874,-15.1391249194,11.6662148453,27.1521171446,32.2427453836,20.3755966745
98,10.0,85.0,10.0,0.0,57.1773653854,13.8741713621,10.8591989002,27.5455256758,25.1047754241,15.8126602243
99,10.0,100.0,10.0,0.0,74.9414474293,-0.795401667772,29.5144544484,46.1822848746,48.1849728771,21.2672452218
100,20.0,0.0,10.0,0.0,41.7439014423,18.6665747273,-6.29484855763,14.7766818869,12.3351490814,12.2329787037
101,20.0,10.0,10.0,0.0,43.55586967,11.3937569854,10.2967882342,14.8658961454,13.533176467,8.13268456795
102,20.0,20.0,10.0,0.0,50.1204399833,6.27259239801,-6.73717650936,19.0637157159,18.5196697022,18.1530772204
103,20.0,30.0,10.0,0.0,61.1777822225,-7.72152667005,2.82205395153,26.4676302297,29.4511946418,22.7867860417
104,20.0,40.0,10.0,0.0,66.3759307305,-17.7451098,6.55038922796,29.6101236326,35.8118730208,25.6458136165
105,20.0,55.0,10.0,0.0,67.6193678114,-8.57375301289,9.5964698298,33.6039047536,37.4581799597,25.1368454218
106,20.0,70.0,10.0,0.0,61.3936222521,0.458357073804,6.05228572115,28.7568098219,29.6989812757,21.3193439286
107,20.0,85.0,10.0,0.0,54.3196210015,12.5380373349,2.27793227584,24.2591566971,22.2769431446,17.3641082659
108,20.0,100.0,10.0,0.0,44.8958098641,12.8580334351,-3.26498360546,16.1030447808,14.4673258791,13.0856748112
109,30.0,0.0,10.0,0.0,40.9930071001,16.9372045141,4.13594217209,13.9690891021,11.8601654797,8.60148867531
110,30.0,10.0,10.0,0.0,50.6228481144,29.883074365,-3.86384206294,24.585872714,18.9450439275,17.2627285531
111,30.0,20.0,10.0,0.0,45.0182960077,11.4159010824,1.37919862245,15.9431823085,14.5548005503,11.5430833186
112,30.0,30.0,10.0,0.0,49.7499542388,2.78736683368,4.2461863644,18.0831561469,18.2101027801,13.399296281
113,30.0,40.0,10.0,0.0,53.0032479232,-2.94038585923,6.05834860931,19.7015497749,21.0491533242,14.847324161
114,30.0,55.0,10.0,0.0,63.3450652745,-13.8750579447,3.3947107598,27.2543714613,32.00263937,24.4881573159
115,30.0,70.0,10.0,0.0,64.5484685093,14.8864369333,21.3431084933,36.6190455939,33.4809594371,16.7457541159
116,30.0,85.0,10.0,0.0,60.6283615711,7.4604663903,14.9006133301,29.7239185249,28.8266816321,16.6109175923
117,30.0,100.0,10.0,0.0,56.1553246064,-1.68164125836,7.06142430222,22.8337718259,24.0675114283,16.6649918188
118,40.0,0.0,10.0,0.0,51.2684048599,-10.3214776035,0.0336028453322,16.8672665318,19.5011139666,16.0764772913
119,40.0,10.0,10.0,0.0,50.6701764842,-0.481861571016,-18.7300482725,18.2156457012,18.9854478663,24.637972459
120,40.0,20.0,10.0,0.0,54.1148254917,11.7093784917,27.6880116128,23.866693172,22.0828745201,8.34951842079
121,40.0,30.0,10.0,0.0,52.7923528786,9.61628366174,-3.83895731786,22.1329527464,20.8567446197,18.9346703592
122,40.0,40.0,10.0,0.0,48.5208728424,0.48198728027,17.3340163779,16.6798839592,17.2078548501,8.54159227257
123,40.0,55.0,10.0,0.0,45.7566107055,-0.546014793846,-12.5776495731,14.4614348937,15.0895536006,17.4043246484
124,40.0,70.0,10.0,0.0,41.2422923515,-11.6971121398,3.88236812882,10.0163246938,12.0164749239,8.79019468279
125,40.0,85.0,10.0,0.0,67.6783269474,9.49440824605,24.0584575067,39.1316337402,37.5374699451,17.9180111549
126,40.0,100.0,10.0,0.0,62.648176534,2.945818582,16.1084385164,30.8443056466,31.1667850707,17.5968142864
127,55.0,0.0,10.0,0.0,58.0737526938,-6.65159582188,7.48282761666,23.5721799155,26.0386865758,17.9251750683
128,55.0,10.0,10.0,0.0,52.9004110885,-11.2736155037,-26.1851231263,17.992052217,20.9551836641,31.4292300054
129,55.0,20.0,10.0,0.0,65.8649073265,6.06405050303,-1.63204453107,35.6721753011,35.1495165362,30.0197373447
130,55.0,30.0,10.0,0.0,40.9291511956,-1.05835615596,14.6872493909,11.2514582955,11.8203451538,5.99728930456
131,55.0,40.0,10.0,0.0,36.0945188971,-1.60634322581,-0.140314727632,8.5478783804,9.05737037023,7.5083571963
132,55.0,55.0,10.0,0.0,37.1999732924,-10.013390745,5.32670054231,8.13574487689,9.64628913353,6.6515201612
133,55.0,70.0,10.0,0.0,58.3075578299,-6.93733133829,31.6540610519,23.7358822528,26.2860298512,9.25749432356
134,55.0,85.0,10.0,0.0,49.6138569137,-5.39898033557,-12.1550727504,16.4706425676,18.0972561692,20.280998993
135,55.0,100.0,10.0,0.0,50.4766050658,6.91205147026,21.4375559682,19.4939002681,18.8205594373,8.34351619276
136,70.0,0.0,10.0,0.0,45.9999340684,4.54952113882,-8.32020786874,15.4882939211,15.2686174914,15.7748307204
137,70.0,10.0,10.0,0.0,47.4609144351,30.2352560231,12.5172429601,21.6247270784,16.3736314051,9.38350666021
138,70.0,20.0,10.0,0.0,52.3857409676,40.5088450438,-0.450640806288,29.0739208055,20.489091554,17.1002266749
139,70.0,30.0,10.0,0.0,45.0505613279,11.8140296035,-7.24848952231,16.036994608,14.5779016708,14.6882528375
140,70.0,40.0,10.0,0.0,58.4110676715,19.7085082032,8.12780299602,30.4399834739,26.396031637,17.8968340634
141,70.0,55.0,10.0,0.0,47.6027671872,-10.2352471162,8.77680435285,14.1804663106,16.4836758468,10.5894836569
142,70.0,70.0,10.0,0.0,60.7867997005,-4.52891766046,5.99230942919,26.8376760455,29.0058592334,20.8279773851
143,70.0,85.0,10.0,0.0,70.1273636275,-6.01756736287,13.6735416434,37.5809432516,40.9307302587,25.2755419776
144,70.0,100.0,10.0,0.0,49.0074823958,-9.26657833438,-0.336358126969,15.3430036216,17.6001380159,14.6530889628
145,85.0,0.0,10.0,0.0,52.2373234374,7.64930521383,8.31188686697,21.2008367372,20.3559784805,13.4815675604
146,85.0,10.0,10.0,0.0,41.9315353561,4.61474360834,-4.05335498083,12.6893651126,12.4557862985,11.5799957788
147,85.0,20.0,10.0,0.0,52.4712648547,39.6748471995,1.92162698069,28.9530252846,20.5660593149,16.1539173738
148,85.0,30.0,10.0,0.0,44.8250044399,-15.9838925914,3.48259090135,11.5113568662,14.416919724,10.7492969025
149,85.0,40.0,10.0,0.0,42.3504105901,5.7010655672,-7.38477709622,13.1271706262,12.7279300953,12.9884335368
150,85.0,55.0,10.0,0.0,51.9935459982,-3.96246515194,16.5638445375,18.6424851969,20.1385921025,10.5213805507
151,85.0,70.0,10.0,0.0,47.4081448329,17.7680703494,0.373602307907,19.025365369,16.3328199029,13.3385959699
152,85.0,85.0,10.0,0.0,58.3777017026,4.708655316,26.6241502487,26.5559104981,26.3605395655,10.821071339
153,85.0,100.0,10.0,0.0,51.3071165134,-0.855445962468,0.850524382562,18.6711822512,19.5348008762,15.7664457719
154,100.0,0.0,10.0,0.0,66.9836688656,-10.1321535238,18.9958202125,32.3873083555,36.6103539794,19.7023859269
155,100.0,10.0,10.0,0.0,58.9755698609,17.487943499,14.6359660349,30.4970553728,27.0013425415,15.5360125178
156,100.0,20.0,10.0,0.0,76.3423071871,2.97054628219,33.7385240228,49.7423108134,50.4461696543,20.3733817726
157,100.0,30.0,10.0,0.0,58.2866214281,12.8833276803,11.7677092722,28.5077291793,26.2638175814,16.2293126333
158,100.0,40.0,10.0,0.0,55.1736982838,-12.3278204635,-13.7436479513,19.6951189076,23.0985453759,26.2063009627
159,100.0,55.0,10.0,0.0,37.6141438923,0.753739606964,7.68170502908,9.61428387021,9.87334150909,6.27968222533
160,100.0,70.0,10.0,0.0,66.3552956993,-1.07603128407,0.575602914973,34.1944391443,35.784967321,29.1687156237
161,100.0,85.0,10.0,0.0,50.9974867553,21.9786167684,20.5346151954,23.1515069462,19.2664441067,8.83674051783
162,100.0,100.0,10.0,0.0,57.2798286316,-22.8548983568,2.23141758965,19.4058052326,25.2103785797,19.7184169168
163,0.0,0.0,20.0,0.0,52.7014824288,4.27785240015,3.46977520688,20.9132428929,20.7742023342,15.6782616474
164,0.0,10.0,20.0,0.0,69.4990746521,-7.14873345266,21.5359796408,36.4081737573,40.0414942217,20.5707478469
165,0.0,20.0,20.0,0.0,60.2170762523,22.5193986156,16.7213593926,33.3714264839,28.3650064686,15.5584404614
166,0.0,30.0,20.0,0.0,45.65742862,29.0928613781,-0.12053697555,19.7759502875,15.0169681197,12.4327651668
167,0.0,40.0,20.0,0.0,39.4693900226,-3.07916340403,1.05028344253,10.141639656,10.9341795884,8.7278607821
168,0.0,55.0,20.0,0.0,55.1668412794,14.5629714364,0.10627350423,25.5917323763,23.0918699505,19.0037442639
169,0.0,70.0,20.0,0.0,51.3280772195,-17.4747561551,-2.67277884463,15.6498708922,19.5530570772,17.2735695092
170,0.0,85.0,20.0,0.0,78.3810185885,-4.89503907785,23.4302897043,50.0861990281,53.8616945302,27.8760515542
171,0.0,100.0,20.0,0.0,77.2882289169,3.25382522266,24.1422406127,51.3827434317,52.0123619914,26.3463295012
172,10.0,0.0,20.0,0.0,50.3131049282,-19.6324832659,2.03709777887,14.5520340402,18.6820324203,14.6052853821
173,10.0,10.0,20.0,0.0,62.9500636368,26.9471987433,14.8068000735,38.2105044974,31.5270608894,18.4141545172
174,10.0,20.0,20.0,0.0,39.5749242582,0.416892153761,-11.2719480725,10.6595377767,10.9967074316,12.6670447409
175,10.0,30.0,20.0,0.0,45.552710881,27.2946397006,11.4986422675,19.3267580754,14.9405844436,8.73897306311
176,10.0,40.0,20.0,0.0,48.8759773965,31.6671029915,1.42967399435,23.2733140301,17.4935428758,13.8875829948
177,10.0,55.0,20.0,0.0,40.1498675393,-2.4278652717,-7.31998404401,10.6107638721,11.3415455292,11.6452250305
178,10.0,70.0,20.0,0.0,55.2414203045,12.7342703607,12.4139234848,25.2332801097,23.1645431712,13.884056387
179,10.0,85.0,20.0,0.0,45.841709317,-14.1136020505,-5.6534617135,12.4108936648,15.1520183461,14.5979733034
180,10.0,100.0,20.0,0.0,74.6962411437,0.0854690255797,20.2666613077,46.1199612389,47.7962580634,26.0047357806
181,20.0,0.0,20.0,0.0,63.892091781,-0.547489916101,10.9191560466,31.352672872,32.6691179645,21.039826783
182,20.0,10.0,20.0,0.0,42.5623944942,22.2558864028,7.5080891062,15.9875282745,12.8671543236,8.42011556223
183,20.0,20.0,20.0,0.0,56.8775366977,-7.61810726336,2.15782254004,22.2142050401,24.797453626,19.4243784207
184,20.0,30.0,20.0,0.0,39.5364057219,8.33397825566,1.18846574546,11.726200603,10.9738580852,8.72159560346
185,20.0,40.0,20.0,0.0,49.3283658358,-17.0079491463,-9.10664733344,14.2879666729,17.8620547479,18.6096309062
186,20.0,55.0,20.0,0.0,53.092241059,23.5569081058,8.28245538372,25.6040861786,21.1306993593,14.0453716992
187,20.0,70.0,20.0,0.0,64.9483629226,-2.77930206484,14.3387811545,31.9919510559,33.9821022797,20.2542756708
188,20.0,85.0,20.0,0.0,52.6752405126,28.7596477023,9.18591996407,26.4266690811,20.7504060498,13.4375956438
189,20.0,100.0,20.0,0.0,54.3496757928,-15.1494782387,-0.0809462457395,18.4436999131,22.3055190271,18.441258267
190,30.0,0.0,20.0,0.0,44.0750926465,9.23633558261,-4.79526321018,14.8793092003,13.8902281772,13.1275118788
191,30.0,10.0,20.0,0.0,67.9306526669,2.05999419285,35.2328953029,37.1531722063,37.8780692115,13.5321059731
192,30.0,20.0,20.0,0.0,49.8442186492,26.0486995038,6.02395574942,22.9507403987,18.2885375167,12.8130108047
193,30.0,30.0,20.0,0.0,60.6446708384,-9.49321277793,20.4819974375,25.4855872926,28.8450916092,14.3601313121
194,30.0,40.0,20.0,0.0,44.3001698172,3.89276246987,-6.07743650403,14.1631733968,14.0469371064,13.7438753128
195,30.0,55.0,20.0,0.0,70.6185710771,4.51787539437,1.53153343047,41.6236823486,41.6350487367,33.3071746327
196,30.0,70.0,20.0,0.0,36.1471306932,12.5541892619,7.36106745366,10.3118796492,9.08484001301,5.80143184097
197,30.0,85.0,20.0,0.0,62.7009703103,-4.63141764872,-8.58473743744,28.8978781658,31.2295907367,30.9743280851
198,30.0,100.0,20.0,0.0,33.2658213584,0.550164938455,0.336648206064,7.44465523665,7.66060757373,6.24594604122
199,40.0,0.0,20.0,0.0,80.1770381922,-3.08249890524,5.05954520048,53.7435626798,56.9954554393,42.8525625255
200,40.0,10.0,20.0,0.0,47.4615429491,5.87152564842,-17.5615623348,16.8282300944,16.374117901,21.1156585519
201,40.0,20.0,20.0,0.0,68.7898770128,-13.9856478926,-9.89489902307,33.4989786172,39.053327938,39.2190471088
202,40.0,30.0,20.0,0.0,54.5729755748,24.0128120858,-5.87837753568,27.2735973206,22.5185965157,21.405279238
203,40.0,40.0,20.0,0.0,58.2954877566,-17.6491361401,-26.4479314955,21.3729304372,26.2732226973,38.0690550576
204,40.0,55.0,20.0,0.0,47.1072468965,-7.06934460026,-17.8331111673,14.3471511108,16.1014035457,20.9468367949
205,40.0,70.0,20.0,0.0,48.4082963781,-5.64820601299,6.96283984489,15.5196251736,17.1179387671,11.6304178081
206,40.0,85.0,20.0,0.0,55.4748554721,6.13321921102,-6.25864581443,23.9319917299,23.3929983332,22.3943952455
207,40.0,100.0,20.0,0.0,56.5921636258,9.05422515812,20.4350432999,25.7437312449,24.5072880211,11.8455693803
208,55.0,0.0,20.0,0.0,62.0323070807,17.4740795501,2.76510001711,34.1702527151,30.4403312653,23.5994502869
209,55.0,10.0,20.0,0.0,75.9172187184,1.99963042212,3.00925992917,48.7064082293,49.7527002752,38.7568036065
210,55.0,20.0,20.0,0.0,46.1578259646,7.91318500055,-17.6304237976,16.1900282729,15.3855661131,20.0471791157
211,55.0,30.0,20.0,0.0,65.5500253641,-10.127897584,-11.5825004323,30.6914640488,34.7454814362,36.3532350925
212,55.0,40.0,20.0,0.0,52.2417218022,27.3333156775,-6.45216477971,25.6304769731,20.3599149827,19.7170782466
213,55.0,55.0,20.0,0.0,56.6899062307,-21.4512745306,-18.0323999864,19.1803474167,24.6064157847,30.3879501184
214,55.0,70.0,20.0,0.0,43.8022300594,2.979591709,-13.7006972956,13.6761006588,13.7018172407,16.4375346222
215,55.0,85.0,20.0,0.0,70.6855012815,-4.64148120792,40.0696481909,38.7605220815,41.7316375887,13.4998645224
216,55.0,100.0,20.0,0.0,51.2394568453,13.2919608837,-8.20741632383,21.4848325691,19.4759487065,19.7300487256
217,70.0,0.0,20.0,0.0,59.968849449,-19.8492310744,21.7703026195,22.4528079886,28.0887672505,13.4342021324
218,70.0,10.0,20.0,0.0,58.502855543,29.0915786248,2.42570037507,33.1390507022,26.4938326291,20.645004147
219,70.0,20.0,20.0,0.0,77.9699226215,4.14377952543,12.3458870934,52.8523442033,53.1609385849,34.5807116354
220,70.0,30.0,20.0,0.0,47.5761623245,11.2340960679,-12.4999842932,17.9087476808,16.4629992693,18.7808829372
221,70.0,40.0,20.0,0.0,68.8024004617,-7.2291139812,-1.00690277488,35.4842052635,39.0706350016,32.9079792423
222,70.0,55.0,20.0,0.0,52.814436838,31.1949599403,-1.31660760212,27.1745571267,20.8768375818,17.8054174996
223,70.0,70.0,20.0,0.0,54.2760580929,-24.9302361679,-10.0768762694,16.5713810208,22.2355671806,23.3153770671
224,70.0,85.0,20.0,0.0,32.8001507329,1.92233823019,-2.87542632567,7.37823796655,7.44542550478,6.79486279912
225,70.0,100.0,20.0,0.0,65.6335919884,-1.72175543388,4.79832449305,33.1170839489,34.8524049703,25.9148948268
226,85.0,0.0,20.0,0.0,35.4832840463,13.0545159734,4.46038906655,10.007162898,8.74228094005,6.1796221993
227,85.0,10.0,20.0,0.0,55.8561514977,-13.217961992,-9.08472049139,20.1096405153,23.7693821159,24.2507660346
228,85.0,20.0,20.0,0.0,45.0350306573,6.9113403117,-15.2669772405,15.1830667309,14.5667790703,18.045872265
229,85.0,30.0,20.0,0.0,68.8779374119,-8.05227413682,34.6572954122,35.3365794878,39.1751334426,14.3678446108
230,85.0,40.0,20.0,0.0,51.661798062,27.6659569006,-3.61776496803,25.1156516152,19.8452528333,17.9455328406
231,85.0,55.0,20.0,0.0,56.754221627,-25.0303266616,13.843484918,18.5367345033,24.671788219,14.3334662062
232,85.0,70.0,20.0,0.0,40.5454935916,4.14751521562,-10.6520334278,11.7493714834,11.5829726424,13.04456159
233,85.0,85.0,20.0,0.0,58.7187117236,-15.9833399773,-7.44774897057,22.1210314763,26.724781201,26.1005442449
234,85.0,100.0,20.0,0.0,44.9888845358,22.8173149155,-1.12498203877,17.990072962,14.5337639844,12.3808931771
235,100.0,0.0,20.0,0.0,68.8711657374,-5.23165184021,6.54784593981,36.1700984876,39.1657578582,28.1689360686
236,100.0,10.0,20.0,0.0,49.0105063158,37.1959295623,7.36027912588,24.6704413254,17.6025942202,11.8465674759
237,100.0,20.0,20.0,0.0,62.6036322545,29.0666036888,1.77745137341,38.4062866419,31.1138588913,24.675271563
238,100.0,30.0,20.0,0.0,57.2241859511,-5.37298857645,-15.9078381894,23.0371785708,25.1529941049,29.6291089272
239,100.0,40.0,20.0,0.0,55.88623066,14.1620865195,-9.00370404877,26.2422883192,23.7992443789,24.2348179729
240,100.0,55.0,20.0,0.0,66.952079067,9.22937400493,-2.14979959293,38.06468643,36.5685599665,31.5540614931
241,100.0,70.0,20.0,0.0,48.1024915974,-3.82833176062,-21.785253037,15.6056777721,16.875271299,23.88720979
242,100.0,85.0,20.0,0.0,54.5419317558,29.3611075537,-1.10597493498,28.5943134738,22.4888929741,19.0665086323
243,100.0,100.0,20.0,0.0,61.3425508774,-0.131085984887,34.762917034,28.5482386061,29.6402257708,9.88254588222
244,0.0,0.0,30.0,0.0,49.7951715621,16.8427114698,-9.57635654131,20.9211085753,18.2476987838,19.2002588457
245,0.0,10.0,30.0,0.0,52.0427170674,-14.2945874191,16.4630517536,16.752516811,20.1823147401,10.5796738544
246,0.0,20.0,30.0,0.0,43.2340390512,1.67729321701,-18.9747909389,13.0942751667,13.3149663833,18.3179872039
247,0.0,30.0,30.0,0.0,65.7730146755,15.9029545006,4.93494129764,38.5623091859,35.0312842645,25.9742809785
248,0.0,40.0,30.0,0.0,57.0042703784,-14.0244343946,-13.5471024626,20.9642883792,24.9270466792,27.9487165387
249,0.0,55.0,30.0,0.0,58.0030375839,1.53388736628,-7.29974318966,25.4000816101,25.9641836148,25.3145233596
250,0.0,70.0,30.0,0.0,68.1683255754,0.844861609998,1.72900559876,37.0947877831,38.2007680583,30.4063777858
251,0.0,85.0,30.0,0.0,48.0930783137,-6.13079522799,-13.6362773208,15.2065464086,16.8678381219,19.7319896132
252,0.0,100.0,30.0,0.0,46.7392063636,-9.65730608747,-16.3038020468,13.6796386046,15.8213338334,19.8913304049
253,10.0,0.0,30.0,0.0,41.3550289715,2.52725284456,6.51396166541,12.0171675927,12.0876128793,8.1295881591
254,10.0,10.0,30.0,0.0,54.0011960991,-0.296610116701,-6.86607166813,21.1286245434,21.9756846681,21.4062193875
255,10.0,20.0,30.0,0.0,45.279874665,16.0259451821,14.4917919436,16.9642282288,14.7427885757,7.8140682028
256,10.0,30.0,30.0,0.0,59.423455841,7.86847803541,1.06108884535,28.4782884498,27.4881375242,22.1299074341
257,10.0,40.0,30.0,0.0,60.7197999253,24.4023465863,3.18677362623,34.5397915969,28.9299988957,22.1862623022
258,10.0,55.0,30.0,0.0,58.9289437071,-3.30812662162,-8.53186507745,25.1982880256,26.9509987035,26.9405971431
259,10.0,70.0,30.0,0.0,53.2882078109,7.00509344658,-9.84780199743,22.0303290634,21.3110092086,22.300657499
260,10.0,85.0,30.0,0.0,69.2601770451,10.6047502742,5.73166710222,41.7003055264,39.7067848562,29.0774487011
261,10.0,100.0,30.0,0.0,60.9136757218,13.3811681879,0.513509965933,31.6519934102,29.1498774297,23.7733696574
262,20.0,0.0,30.0,0.0,37.5999162456,-3.27830905251,4.88069327705,9.11399142376,9.86548329497,6.91725520409
263,20.0,10.0,30.0,0.0,35.6223959211,1.88660282834,2.53961596649,8.71667673131,8.81333958868,6.66703524352
264,20.0,20.0,30.0,0.0,65.3854079132,6.10768753813,2.31981918489,35.0723520152,34.5354934758,27.105340182
265,20.0,30.0,30.0,0.0,66.3584082061,17.150456785,-0.0772156660603,39.7586706173,35.7890248075,29.5778885001
266,20.0,40.0,30.0,0.0,57.7669283006,-12.5654427604,-19.1741159344,21.9729271202,25.7164567683,32.3349839922
267,20.0,55.0,30.0,0.0,57.5626315712,3.68185031853,-12.2803483874,25.4594835534,25.5033835964,27.7662496848
268,20.0,70.0,30.0,0.0,68.2558585878,2.22807122764,-3.82212356563,37.6361674056,38.3200756595,34.1799917532
269,20.0,85.0,30.0,0.0,48.0719978705,-0.780812968668,-23.1842244692,16.1121031951,16.8511999182,24.6239076258
270,20.0,100.0,30.0,0.0,42.7883476604,2.2332332107,-16.5813752674,12.8867145334,13.0166669755,16.9203354989
271,30.0,0.0,30.0,0.0,52.5920420902,-13.0990530701,10.3472860462,17.4026423528,20.6750815055,12.961722614
272,30.0,10.0,30.0,0.0,48.984004196,17.0222754054,-6.68674565874,20.2358309828,17.5810754256,17.2615555276
273,30.0,20.0,30.0,0.0,61.8113184386,0.780532628001,24.9618489555,29.3084694781,30.1824405979,13.4287132231
274,30.0,30.0,30.0,0.0,54.1229769699,29.5081128023,1.68842674611,28.1696466818,22.0905774131,17.4740144441
275,30.0,40.0,30.0,0.0,61.4230094663,24.8202827921,-1.06351310871,35.5560573762,29.7328252182,25.1237388785
276,30.0,55.0,30.0,0.0,55.3322125871,-9.42756401939,-19.2322546284,20.4229713879,23.2532209326,29.6681392874
277,30.0,70.0,30.0,0.0,53.5801220361,9.0893863682,-12.8456939092,22.7609963284,21.5814982154,24.1615781988
278,30.0,85.0,30.0,0.0,65.4991424591,5.17832034034,-4.89314587796,34.9430539685,34.6804839769,31.709695248
279,30.0,100.0,30.0,0.0,47.8342514174,-4.56787817821,-17.2492569783,15.2822083008,16.6643102168,21.2808658162
280,40.0,0.0,30.0,0.0,52.0349740322,-15.7844214988,-14.0552942602,16.4796225933,20.1754254829,23.3764427819
281,40.0,10.0,30.0,0.0,57.5051607509,17.3983219073,24.5072334107,28.8031539693,25.443656712,11.0179451665
282,40.0,20.0,30.0,0.0,39.6476273229,0.654098350585,2.39746804913,10.7330790672,11.0399215626,8.44315329502
283,40.0,30.0,30.0,0.0,50.0849302514,-1.95342024989,10.2515084586,17.4653760971,18.4898479682,11.4975378499
284,40.0,40.0,30.0,0.0,72.4270155027,6.14601908683,7.75355308739,44.8159317811,44.2976752053,31.252589552
285,40.0,55.0,30.0,0.0,63.8961050296,26.3965567894,6.34306305682,39.3220521761,32.674041451,23.4041454789
286,40.0,70.0,30.0,0.0,57.4406768435,-7.5678218939,-11.1048231021,22.75726514,25.3767525329,26.944694009
287,40.0,85.0,30.0,0.0,56.2619508713,12.1449004465,-5.03883584971,26.1457764249,24.1743652023,22.4656799676
288,40.0,100.0,30.0,0.0,66.7977448809,7.60959421113,2.44437846785,37.3576912037,36.3648296271,28.4897202313
289,55.0,0.0,30.0,0.0,45.7135988588,-7.11730735888,-12.3877697199,13.38578795,15.0580471288,17.2887837799
290,55.0,10.0,30.0,0.0,34.9138947862,-7.32160625098,-0.435027113677,7.36437998889,8.45541629531,7.08084033926
291,55.0,20.0,30.0,0.0,36.7329585043,6.24744141605,6.27859518173,9.82675486699,9.3944734785,6.25389501048
292,55.0,30.0,30.0,0.0,38.5477450741,0.00775323604749,8.51452013686,10.0278913818,10.3981586372,6.45394044585
293,55.0,40.0,30.0,0.0,34.4335819489,-3.09918160402,-1.53501716189,7.59079672664,8.21836593362,7.14650639693
294,55.0,55.0,30.0,0.0,54.4162473525,-11.5877516339,-15.8353011005,19.1928234974,22.3689017841,26.6615910441
295,55.0,70.0,30.0,0.0,56.4777797871,13.3027029068,20.1381967366,26.6551535219,24.3916216964,11.8794107624
296,55.0,85.0,30.0,0.0,65.4369985295,4.52492795895,-0.244921771164,34.6728333528,34.6012117824,28.6992814373
297,55.0,100.0,30.0,0.0,47.4500357016,-6.01032043117,3.93855301837,14.7631848443,16.3652123407,12.0964618286
298,70.0,0.0,30.0,0.0,41.515797951,-4.45126866405,1.10686008685,11.1324796137,12.1895445938,9.72461057379
299,70.0,10.0,30.0,0.0,55.6294658867,-6.5918586759,-16.1585274262,21.2810562935,23.5451342326,28.0939501254
300,70.0,20.0,30.0,0.0,47.4718323917,14.4512664379,12.4776616563,18.4350328811,16.3820837267,9.40048462155
301,70.0,30.0,30.0,0.0,64.5959960855,4.8084483047,-4.46242405728,33.7044073754,33.5402606751,30.4268929624
302,70.0,40.0,30.0,0.0,52.8358224765,27.7970853163,23.3353419566,26.3607173826,20.8963074759,8.94008468485
303,70.0,55.0,30.0,0.0,78.8477117677,5.06299383411,6.43669971101,54.695666917,54.6646542892,39.9849421238
304,70.0,70.0,30.0,0.0,46.7625372195,13.1218489289,-15.1720289674,17.6055133278,15.8389908567,19.3726114497
305,70.0,85.0,30.0,0.0,68.8873751081,-5.73447017422,-6.30251782919,36.0399704121,39.1882027088,36.6940221198
306,70.0,100.0,30.0,0.0,53.8881387355,31.3549760767,-3.92869830162,28.3827849535,21.8693792367,19.8676771318
307,85.0,0.0,30.0,0.0,56.7126656299,-20.126590962,-23.2037454291,19.4622160629,24.629536021,33.8233010335
308,85.0,10.0,30.0,0.0,62.2075384647,16.4575371016,6.79082819407,34.0946222005,30.6458649324,21.6548550954
309,85.0,20.0,30.0,0.0,58.7252400514,9.43293408187,9.62895946474,28.109106296,26.7317868107,17.4715536487
310,85.0,30.0,30.0,0.0,55.0365811481,5.25266475186,-2.61486614275,23.3047024847,22.9653033761,20.1885357403
311,85.0,40.0,30.0,0.0,50.1323391746,-4.79693604499,-4.23981652899,16.9811120048,18.5296700328,17.0586502843
312,85.0,55.0,30.0,0.0,46.8028868245,-9.01564769489,-15.0795451446,13.8243244182,15.8695588362,19.3618194372
313,85.0,70.0,30.0,0.0,79.0529924447,-3.7837243652,10.9744384777,51.5994970069,55.0203582382,36.8745690878
314,85.0,85.0,30.0,0.0,47.2472551756,4.3284583113,-14.6108132247,16.3864623055,16.208808084,19.5022006957
315,85.0,100.0,30.0,0.0,68.4091678436,-15.3187631483,-4.33480469998,32.6558022404,38.5296344428,34.7171828752
316,100.0,0.0,30.0,0.0,54.9519622437,22.8874344381,-2.26578990408,27.4004824965,22.8833321646,19.9498329106
317,100.0,10.0,30.0,0.0,57.10558812,-23.0191462307,-11.6264843486,19.2245149341,25.0309745204,26.9117943363
318,100.0,20.0,30.0,0.0,44.0197995899,1.05599179615,-11.0018086099,13.5215720836,13.8519098097,15.4759005653
319,100.0,30.0,30.0,0.0,73.8088306785,-1.87648409166,5.64370703559,44.1024128886,46.406964067,34.2545030981
320,100.0,40.0,30.0,0.0,47.0836305484,12.9964728317,7.40080032427,17.8409188786,16.0833336368,10.7416567597
321,100.0,55.0,30.0,0.0,60.5574627684,-15.2791892837,-11.2975914391,24.0453617577,28.7467417721,30.3456133876
322,100.0,70.0,30.0,0.0,52.4548068891,34.7690130559,18.7371625258,27.6810062182,20.5512329137,10.0951812568
323,100.0,85.0,30.0,0.0,75.7561507585,1.22659412383,9.12458167854,48.1699596231,49.4916110489,34.1695614179
324,100.0,100.0,30.0,0.0,47.4264954061,17.0761443612,-10.3108099583,18.9054519612,16.3470043593,17.6742280158
325,0.0,0.0,40.0,0.0,64.7438762935,-11.7085480376,-6.75780647929,29.3480475807,33.7252219832,32.0791033206
326,0.0,10.0,40.0,0.0,54.9171025453,34.7777168451,1.7583712144,30.4424014558,22.8496200231,18.0515815986
327,0.0,20.0,40.0,0.0,69.7204088447,3.06810016041,10.2473979376,39.8899117975,40.3532700298,26.8390293711
328,0.0,30.0,40.0,0.0,34.7707373878,8.23316150447,1.3654985831,9.03221151632,8.38429297486,6.59919809379
329,0.0,40.0,40.0,0.0,62.5303498827,-6.05524798402,-0.30085478814,28.3420184243,31.0269174016,25.7714857521
330,0.0,55.0,40.0,0.0,53.2121035937,25.6012924869,-0.397985611156,26.2211059604,21.2408640725,17.7018742201
331,0.0,70.0,40.0,0.0,35.5411722253,3.22781824067,-7.41549230807,8.83268671097,8.77180376362,9.20495385597
332,0.0,85.0,40.0,0.0,44.9148170994,-12.0158094711,8.42935686758,12.1331432658,14.4808770433,9.29606200753
333,0.0,100.0,40.0,0.0,37.3788713496,13.4599032598,-1.33277301224,11.1434013728,9.74393083611,8.39412922534
334,10.0,0.0,40.0,0.0,51.0128493527,-4.72044682074,18.8524563102,17.6946713606,19.2797005964,9.32228675734
335,10.0,10.0,40.0,0.0,40.5984223598,22.7538940745,3.0497004343,14.636285087,11.6155294285,8.71325014547
336,10.0,20.0,40.0,0.0,55.3412455288,-33.5806254093,18.0668019845,15.8560131127,23.2620558579,11.9174794776
337,10.0,30.0,40.0,0.0,45.0245933957,16.7306382427,-16.4849978896,16.8924571118,14.5593073963,18.5904013992
338,10.0,40.0,40.0,0.0,68.0047327538,-15.3024196626,41.6313203747,32.1727680933,37.9784552319,11.3374135306
339,10.0,55.0,40.0,0.0,51.2193486114,36.3961346262,-5.39795086941,26.760317329,19.4584808456,18.4047665287
340,10.0,70.0,40.0,0.0,78.884576687,-2.7616540881,59.9358866745,51.7125110967,54.7284193941,11.4876223826
341,10.0,85.0,40.0,0.0,56.9366419572,-28.529959658,-8.67439275441,18.018741243,24.8578363859,25.0542098557
342,10.0,100.0,40.0,0.0,44.8655939595,12.217431492,-8.47733557098,15.9681766143,14.4458009268,15.0475275443
343,20.0,0.0,40.0,0.0,70.4550982609,-13.5086302752,11.0636636427,35.7356079094,41.3997633406,27.10357305
344,20.0,10.0,40.0,0.0,50.6197209694,34.1951213347,3.75338934256,25.5994971127,18.9423763237,14.146771577
345,20.0,20.0,40.0,0.0,80.9424240753,-2.04589879018,26.6005793924,55.4604060193,58.367038473,28.6307723742
346,20.0,30.0,40.0,0.0,59.1414307356,-21.4984092299,-27.1215209449,21.3299505663,27.1809362757,39.6665155859
347,20.0,40.0,40.0,0.0,43.4081888514,11.9649357713,4.0867031343,14.8550236076,13.4327511633,9.80902062994
348,20.0,55.0,40.0,0.0,73.1579761894,-9.05479982289,-9.88178013362,40.7616047974,45.4053092269,45.1635698675
349,20.0,70.0,40.0,0.0,49.7518593108,33.0631931325,16.7648788937,24.4525475805,18.2116857117,9.29727634852
350,20.0,85.0,40.0,0.0,82.0452356686,0.426437827854,2.82576879814,58.4022745415,60.3817250975,47.3643028699
351,20.0,100.0,40.0,0.0,35.4793262011,1.39909217209,-1.12382393012,8.58863235856,8.74026487196,7.48905138447
352,30.0,0.0,40.0,0.0,45.5049976661,-9.41208433404,-2.78370924532,12.8964535454,14.9058673272,13.2931132242
353,30.0,10.0,40.0,0.0,38.7226599861,11.8871820212,4.11985987407,11.7326887887,10.4985091528,7.57644462136
354,30.0,20.0,40.0,0.0,49.6510331603,-2.93838935647,4.83083813892,16.9418702979,18.1280348504,13.1230023324
355,30.0,30.0,40.0,0.0,39.8675692917,20.9221520897,8.59522283329,13.8313289419,11.1713423534,6.96363934013
356,30.0,40.0,40.0,0.0,32.1842558237,3.2952712233,-4.95205536922,7.24538223507,7.16706759059,7.03536823008
357,30.0,55.0,40.0,0.0,59.870758162,-10.5166672367,30.6397708396,24.4609123828,27.9801026884,10.3670814717
358,30.0,70.0,40.0,0.0,34.6342072353,12.2181402287,2.10954923671,9.4436079283,8.31683482933,6.37671835728
359,30.0,85.0,40.0,0.0,68.1122930935,-5.54600999507,44.8510879552,35.1018753084,38.1245258668,10.3665306516
360,30.0,100.0,40.0,0.0,46.0960098575,21.5251661618,-13.6638339119,18.6554909867,15.3397088012,18.1476582526
361,40.0,0.0,40.0,0.0,62.2553532878,-16.6081905175,23.53921462,25.4445347162,30.702108462,14.2523083762
362,40.0,10.0,40.0,0.0,52.7484286886,39.9349930777,-2.42353794274,29.3320884305,20.816818781,18.2513021919
363,40.0,20.0,40.0,0.0,73.7142985194,-1.56036179683,43.2261641265,44.0710483071,46.2605753069,14.2791395342
364,40.0,30.0,40.0,0.0,75.4335786598,10.7191131411,0.314873635161,51.181879681,48.9714752006,40.1649521047
365,40.0,40.0,40.0,0.0,54.4503746139,24.5160054246,21.2629374233,27.2673008039,22.4014408397,10.3768163321
366,40.0,55.0,40.0,0.0,66.7243437278,-0.0125495674634,-11.1706149872,34.9695776637,36.2682018203,37.5212943182
367,40.0,70.0,40.0,0.0,46.517508442,5.08914711616,7.25041093838,15.9667872791,15.6542049911,10.4812936476
368,40.0,85.0,40.0,0.0,55.265099644,-14.1444849299,-26.6242428622,19.4110186776,23.1876492555,34.4587829371
369,40.0,100.0,40.0,0.0,42.8140164297,17.359197647,11.1292158361,15.3310809424,13.0337248319,7.58771211563
370,55.0,0.0,40.0,0.0,48.7683429579,2.18461971433,3.88019910676,17.1822637396,17.4066176882,12.9165543287
371,55.0,10.0,40.0,0.0,41.1742589281,8.33250673301,6.36526386695,12.7573899634,11.9736804809,8.0866351419
372,55.0,20.0,40.0,0.0,43.8480022902,-5.58211530719,-4.14853038926,12.4017401519,13.733303168,12.7538106088
373,55.0,30.0,40.0,0.0,37.0203859122,-2.50349330081,-0.965038418187,8.90868807989,9.54892947184,8.13103444267
374,55.0,40.0,40.0,0.0,73.2453431664,8.51308656815,21.0889555912,46.8934161961,45.5389196996,24.1457019939
375,55.0,55.0,40.0,0.0,54.8934363217,24.6549911442,5.95738500913,27.7811591798,22.8267517548,16.2125767181
376,55.0,70.0,40.0,0.0,64.7266179456,-4.18731081281,7.40779614442,31.3409858788,33.7036011281,23.6008834573
377,55.0,85.0,40.0,0.0,48.212527163,5.64505347386,-7.42014152038,17.3780586548,16.96232264,17.0025876753
378,55.0,100.0,40.0,0.0,53.1773191602,-20.92999561,-9.35844954602,16.4401570551,21.2088546355,21.9504125123
379,70.0,0.0,40.0,0.0,42.1112304516,17.1507256387,3.7258435051,14.7878624722,12.572054247,9.25850641275
380,70.0,10.0,40.0,0.0,46.7738831008,0.5336244505,15.5083798491,15.3723482353,15.8475822779,8.22192974193
381,70.0,20.0,40.0,0.0,40.3139857525,9.65093907525,-0.964168798337,12.4017732435,11.4412857448,9.72429488024
382,70.0,30.0,40.0,0.0,43.180778698,-7.95101642521,7.9965554996,11.6445221992,13.2790821667,8.57722431281
383,70.0,40.0,40.0,0.0,37.0159566207,0.407304544446,-6.7269155118,9.25499581387,9.54653653609,9.74706895459
384,70.0,55.0,40.0,0.0,72.1635547011,7.10397898687,50.7674364376,44.7542909795,43.902910202,10.701843695
385,70.0,70.0,40.0,0.0,56.1782819931,25.3984138572,-6.31030617835,29.3968438649,24.0904911453,23.0568574878
386,70.0,85.0,40.0,0.0,62.1955018949,-6.84724189029,32.1850447928,27.7741404629,30.6317174091,11.1507163076
387,70.0,100.0,40.0,0.0,47.3469045544,9.43391646721,-18.4945992759,17.388717753,16.2855423462,21.484657053
388,85.0,0.0,40.0,0.0,49.8000901763,-25.4230764581,9.21461901777,13.278800244,18.2517914899,11.6800550427
389,85.0,10.0,40.0,0.0,55.0982466891,40.0884802213,4.57553936585,32.1058766067,23.0251625727,16.9492095316
390,85.0,20.0,40.0,0.0,62.3909516778,1.53678955641,27.5931612484,30.167988908,30.8619840841,12.8355841836
391,85.0,30.0,40.0,0.0,49.6526321877,22.5534203141,-6.21244550621,22.0039046999,18.1293594874,17.559188641
392,85.0,40.0,40.0,0.0,51.7762841038,-16.1547866703,9.24390045456,16.2163706708,19.9461598881,12.8528147351
393,85.0,55.0,40.0,0.0,60.3081472212,13.6876568469,-2.63597338919,31.0220297285,28.4668071405,24.9283484243
394,85.0,70.0,40.0,0.0,62.54589038,-4.43224208612,36.7707797665,28.7764607243,31.0453409468,9.90266634297
395,85.0,85.0,40.0,0.0,34.4907986781,2.97713035783,-0.440386310563,8.28276044992,8.24636880436,6.90790260941
396,85.0,100.0,40.0,0.0,48.4999884107,-22.6434915193,11.0045708723,12.8477983782,17.1911504903,10.3765305135
397,100.0,0.0,40.0,0.0,48.3985858785,-17.2522011261,7.13863550144,13.6101340842,17.1101975899,11.5659953794
398,100.0,10.0,40.0,0.0,55.9817271091,-0.344171314345,-19.1539518491,22.9644991546,23.8942179438,30.3247549407
399,100.0,20.0,40.0,0.0,58.0487427523,3.56119858732,24.7807038952,25.9325801204,26.0123207114,11.233956235
400,100.0,30.0,40.0,0.0,63.6980592692,14.9840524847,-5.91819366279,35.5471385207,32.4316668638,30.3681243344
401,100.0,40.0,40.0,0.0,65.2050714764,18.4559616227,39.6213720594,38.5952861623,34.3064271861,10.4341307944
402,100.0,55.0,40.0,0.0,49.3156288305,-12.6763689986,-10.1802055068,14.9920801649,17.8516091446,19.0960550471
403,100.0,70.0,40.0,0.0,53.8599080576,-4.32689094455,-4.28237777919,20.1680047113,21.8428881299,20.0141412973
404,100.0,85.0,40.0,0.0,59.5517320607,4.73393473917,4.82308505128,27.8210049206,27.6286272971,20.3569076673
405,100.0,100.0,40.0,0.0,63.4501688528,12.1004965314,10.064412261,34.3844844937,32.1299837518,21.086049715
406,0.0,0.0,55.0,0.0,67.1087407943,19.1929397541,16.8895063792,41.4739951085,36.776139576,20.8293128667
407,0.0,10.0,55.0,0.0,39.3461101122,-5.40502872935,-8.22340392616,9.77774766187,10.8614383305,11.4841387016
408,0.0,20.0,55.0,0.0,40.948420208,-4.08560481335,4.91382002857,10.8495908087,11.8323518397,8.36928610863
409,0.0,30.0,55.0,0.0,44.2670597636,3.25949741928,-0.332020987587,14.0385590849,14.0238108278,11.682385654
410,0.0,40.0,55.0,0.0,45.6296836653,5.23181821379,12.5434507748,15.3326291031,14.9967049825,8.48869893508
411,0.0,55.0,55.0,0.0,47.2471151637,10.4776035681,5.20430913305,17.5022711142,16.2087004387,11.5489816112
412,0.0,70.0,55.0,0.0,51.0466677076,-8.17752088733,-24.7314887833,17.0831978265,19.3089041085,28.5011966019
413,0.0,85.0,55.0,0.0,51.4204184011,-7.44937766582,15.6640078021,17.5136607532,19.6336191518,10.4937137235
414,0.0,100.0,55.0,0.0,60.9076792801,7.94232682738,-10.8132560522,30.1712211229,29.1430601018,30.4215884957
415,10.0,0.0,55.0,0.0,62.0117418255,9.36714762523,33.9212803568,31.8503606119,30.4162701463,10.4948499308
416,10.0,10.0,55.0,0.0,68.7456233375,19.5897692844,-1.04465161392,43.9796009238,38.9922115112,32.8676641537
417,10.0,20.0,55.0,0.0,39.2089112889,-7.51388248886,1.93655983305,9.44195210718,10.7808643441,8.36339416222
418,10.0,30.0,55.0,0.0,41.2137041261,-1.20648849219,-3.92536985295,11.4010995697,11.9984799342,11.1295118782
419,10.0,40.0,55.0,0.0,43.4862950757,1.18772567126,9.74322223476,13.1858549871,13.4858025102,8.24773441878
420,10.0,55.0,55.0,0.0,45.0261865267,6.86330340942,2.36192779577,15.1685360672,14.5604476983,11.2228535095
421,10.0,70.0,55.0,0.0,46.3361953531,9.21341945317,15.5157961553,16.5570976171,15.5183987845,8.02087256371
422,10.0,85.0,55.0,0.0,33.5494483262,-4.46933721929,-4.25082196449,7.05340606083,7.79367879139,7.43907562058
423,10.0,100.0,55.0,0.0,39.6571874876,-5.54328224033,11.2508841794,9.92982769752,11.0456124576,6.26930998799
424,20.0,0.0,55.0,0.0,36.6976302148,1.12577656283,3.08619263994,9.17594738376,9.37560472609,6.9740313612
425,20.0,10.0,55.0,0.0,58.0762279672,10.5810121534,29.9955996628,27.6916481062,26.0412970156,9.62490665798
426,20.0,20.0,55.0,0.0,49.2083914284,-1.89200476799,-15.3950298351,16.7859840242,17.7638253072,21.5401640503
427,20.0,30.0,55.0,0.0,52.3136395211,2.65515799213,11.0832652724,20.2327171625,20.4243527896,12.5284834937
428,20.0,40.0,55.0,0.0,58.5306775623,16.1274964898,-2.56503862051,29.6250995663,26.5235249362,23.2215505413
429,20.0,55.0,55.0,0.0,59.5943864225,21.5719114737,25.8853208794,32.3464289919,27.6754487357,11.7528234343
430,20.0,70.0,55.0,0.0,59.1139767844,34.3179794186,-1.67116605078,35.4208544074,27.1511543772,23.2810338548
431,20.0,85.0,55.0,0.0,67.2030666243,0.43384227028,39.5707946629,35.7132527992,36.9015010658,11.5624420187
432,20.0,100.0,55.0,0.0,52.9570318942,20.3698507687,-10.5395833754,24.7135579352,21.0068876236,22.3632088861
433,30.0,0.0,55.0,0.0,57.0079094452,-15.362131834,21.6855214242,20.6889506887,24.9307745039,11.6653948697
434,30.0,10.0,55.0,0.0,46.5168191443,2.10262365498,-22.7211218263,15.4508936578,15.6536872023,22.9265033667
435,30.0,20.0,55.0,0.0,50.1549942087,3.71917031603,19.6010931703,18.595487327,18.5487197506,8.69265386645
436,30.0,30.0,55.0,0.0,41.5940701387,14.1262398963,1.10725781551,13.9339811768,12.2393779282,9.76469747763
437,30.0,40.0,55.0,0.0,46.780720254,-3.36796310957,12.8615408397,14.7230477339,15.852761063,8.94964344942
438,30.0,55.0,55.0,0.0,38.6531165982,4.22771924085,-5.52315621286,10.637899425,10.4585344267,10.2374684878
439,30.0,70.0,55.0,0.0,40.3458298723,-12.2756996885,2.11904572989,9.45900957922,11.4607059864,8.85088369162
440,30.0,85.0,55.0,0.0,59.1522465396,32.2257664859,11.1170613241,34.8520091485,27.192675179,17.1430371371
441,30.0,100.0,55.0,0.0,69.0467945129,2.20431832551,13.5801434441,38.6919942014,39.4094052102,24.2932600272
442,40.0,0.0,55.0,0.0,52.78208324,16.8391301543,0.647541315354,23.7267392995,20.847405242,16.9210508262
443,40.0,10.0,55.0,0.0,58.208283845,-13.1155160203,-2.83704350093,22.2661164614,26.1808171,23.0710062874
444,40.0,20.0,55.0,0.0,45.5393036898,-3.15350448601,-12.007135871,13.8903050072,14.9308236561,16.9930850769
445,40.0,30.0,55.0,0.0,49.8861857044,5.17881314405,6.65068908223,18.6536741097,18.3235294435,12.6158026605
446,40.0,40.0,55.0,0.0,41.2643708034,12.6333114975,8.43781220803,13.474851304,12.0303846135,7.59265564119
447,40.0,55.0,55.0,0.0,46.6137234094,-0.669893345594,1.06345711837,15.0524398355,15.7265921378,12.5963682576
448,40.0,70.0,55.0,0.0,38.7229738993,2.78874294046,2.59952116624,10.4871851234,10.498689826,7.96605686033
449,40.0,85.0,55.0,0.0,41.2112345368,-8.5590902539,-6.63290881972,10.4053292159,11.9969262834,12.0328812066
450,40.0,100.0,55.0,0.0,57.5654763911,30.3068244415,29.2966653389,32.3435272301,25.5063425174,9.57132634251
451,55.0,0.0,55.0,0.0,71.430891829,4.39359991382,-5.60805605882,42.7496745542,42.8174458805,39.4203782866
452,55.0,10.0,55.0,0.0,51.088964706,15.0459119213,17.0425880609,21.7207156605,19.345470759,9.89510120328
453,55.0,20.0,55.0,0.0,58.7581458026,-8.66390831062,-20.7430196098,23.78491254,26.7671169186,34.5565640288
454,55.0,30.0,55.0,0.0,41.9560952575,-5.95983017343,-0.00138661421661,11.1859643239,12.4716347958,10.2908316656
455,55.0,40.0,55.0,0.0,70.5321900241,14.6472931599,8.46477574752,44.9319510615,41.5106102745,28.7452861715
456,55.0,55.0,55.0,0.0,49.665628407,25.4632482564,12.7106612788,22.6509161365,18.1401279715,10.4711457441
457,55.0,70.0,55.0,0.0,62.8299274827,1.33864804953,-3.58182168415,30.6219271919,31.3833581791,27.9962279307
458,55.0,85.0,55.0,0.0,44.0477047729,2.32992874878,-0.0504770427494,13.7404653185,13.8712394221,11.461972253
459,55.0,100.0,55.0,0.0,70.6295389285,3.71442945361,5.2975406529,41.374300132,41.6508665288,30.8377737789
460,70.0,0.0,55.0,0.0,38.9577296727,5.53634713988,11.3702521529,10.9906221588,10.6343850918,5.97962974426
461,70.0,10.0,55.0,0.0,62.4333145575,-5.1172421397,-4.83753362418,28.4751604838,30.9120450597,28.3419740938
462,70.0,20.0,55.0,0.0,34.689690843,-4.74872923519,2.48748822321,7.53295985011,8.34420489314,6.31354087112
463,70.0,30.0,55.0,0.0,42.3171823786,-11.850619978,-6.46387863032,10.6000219393,12.7061983429,12.6386644297
464,70.0,40.0,55.0,0.0,37.1390549513,6.18117647348,-0.105159827451,10.0408813681,9.61318968283,7.9592309355
465,70.0,55.0,55.0,0.0,48.3998979905,-5.27889262008,1.93171490296,15.5767203547,17.1112434647,13.3944297158
466,70.0,70.0,55.0,0.0,39.9588325948,16.9134546615,5.81617429676,13.2660475416,11.2261791754,7.68655720154
467,70.0,85.0,55.0,0.0,53.3936786218,0.126924015304,8.61863130463,20.6703927622,21.4084765558,14.1152607164
468,70.0,100.0,55.0,0.0,41.4335046491,0.296734035627,-2.10953547695,11.746080257,12.1372972111,10.6683035985
469,85.0,0.0,55.0,0.0,63.5685626764,-15.6279084255,-19.509178465,27.0581173939,32.2738347871,39.6821970574
470,85.0,10.0,55.0,0.0,47.1529173982,23.2450510188,11.2075867516,19.8965700588,16.1363864448,9.61153326217
471,85.0,20.0,55.0,0.0,77.1717558624,-4.42582858869,-3.51408546274,48.33381336,51.8177883055,45.622777034
472,85.0,30.0,55.0,0.0,52.3586868809,38.9099423014,21.3265100884,28.6299092991,20.4647841009,9.27791548441
473,85.0,40.0,55.0,0.0,42.3978814172,-15.4497935837,4.14073806927,10.1741831238,12.7590196993,9.28136711438
474,85.0,55.0,55.0,0.0,37.2514231009,6.49402321411,-5.31345468261,10.1433135896,9.67430304925,9.44993732483
475,85.0,70.0,55.0,0.0,48.8132971015,-7.88661713647,14.7740590361,15.4354300013,17.4428873902,9.40527683206
476,85.0,85.0,55.0,0.0,40.1458612807,17.5781196387,-0.0556105850158,13.4941247373,11.3391180654,9.37209193446
477,85.0,100.0,55.0,0.0,52.9810615077,-1.66409271432,23.3485410019,19.9394640677,21.0288562308,9.00697665806
478,100.0,0.0,55.0,0.0,42.1958149983,3.00881080033,-13.117860242,12.6196203838,12.6270324379,15.062441283
479,100.0,10.0,55.0,0.0,62.1118619398,-20.4466867805,1.06885435466,24.3983461379,30.5335290493,24.5982615022
480,100.0,20.0,55.0,0.0,48.6026088694,26.6888904947,-1.11827022165,21.9196465513,17.2733352515,14.6859032455
481,100.0,30.0,55.0,0.0,72.7150873882,-6.33765731115,17.8444896184,41.0255273925,44.7320175242,25.4393592082
482,100.0,40.0,55.0,0.0,53.4358500494,42.4446879641,8.70464082792,30.7876660636,21.4475308965,14.1101885688
483,100.0,55.0,55.0,0.0,43.2208585476,7.48063209342,-21.1149631396,13.9924395286,13.3060799938,19.2957423097
484,100.0,70.0,55.0,0.0,61.2940663227,-24.8865350308,25.8097711736,22.6009074781,29.5845180484,12.7970344952
485,100.0,85.0,55.0,0.0,47.3712219471,26.9655070065,-9.56661184593,20.8532336981,16.3043044613,17.3048620494
486,100.0,100.0,55.0,0.0,69.6582794264,-9.00139788684,46.0097429733,36.0567649356,40.2655904962,10.8414282054
487,0.0,0.0,70.0,0.0,51.1574693903,42.7175729467,1.02357046875,28.2785808254,19.404792395,15.5901155496
488,0.0,10.0,70.0,0.0,55.4813969772,-10.8875236692,-17.3438652637,20.2554934078,23.3994218267,28.6589692489
489,0.0,20.0,70.0,0.0,35.4757581167,8.7438551109,4.089736419,9.46243921996,8.73844760803,6.25861140175
490,0.0,30.0,70.0,0.0,65.0321530015,0.0412159509348,-3.39974780071,32.8822950865,34.0877367088,30.2295869228
491,0.0,40.0,70.0,0.0,46.834785319,29.3548001531,14.8259521215,20.869302357,15.8937522556,8.43318419719
492,0.0,55.0,70.0,0.0,57.5044875165,-17.7818068538,-14.2041898022,20.6311004494,25.4429576024,28.8725702021
493,0.0,70.0,70.0,0.0,44.0992099162,15.745410423,5.34667441673,16.0073949121,13.906963676,9.78852072508
494,0.0,85.0,70.0,0.0,71.239788278,-4.18204918709,1.61791001564,39.6651310203,42.5372922541,33.9772770972
495,0.0,100.0,70.0,0.0,50.9166141443,37.8400957591,18.0938206716,26.7945655362,19.1967587652,9.49478308698
496,10.0,0.0,70.0,0.0,44.262344034,11.9649958426,-19.3676259997,15.4756229493,14.0205191129,19.3184548913
497,10.0,10.0,70.0,0.0,57.334979418,29.7188865689,8.79276450048,31.9038245944,25.2673418215,16.7942258893
498,10.0,20.0,70.0,0.0,46.8213333725,-7.60619774088,-6.19439043303,14.0616453108,15.8835466281,15.4851537375
499,10.0,30.0,70.0,0.0,58.1731010779,4.32618575183,32.3332570908,26.24746379,26.1435971198,8.99767258726
500,10.0,40.0,70.0,0.0,49.1209112467,-14.8111625237,-17.091594849,14.5000359028,17.6924281072,22.3310923924
501,10.0,55.0,70.0,0.0,47.2386595716,-21.4582637522,6.07586223272,12.2167405138,16.2022004188,11.2558402895
502,10.0,70.0,70.0,0.0,58.4643166466,6.87313658284,7.85132968964,27.1822939067,26.4527396407,18.0618866808
503,10.0,85.0,70.0,0.0,42.7748605962,-11.1011058089,0.545094213301,10.9655743164,13.0077102847,10.5604551049
504,10.0,100.0,70.0,0.0,55.7304940669,38.2836014081,10.1102323928,32.3623478056,23.6449009401,15.1053215415
505,20.0,0.0,70.0,0.0,43.0038898041,9.78584633461,-17.3376687008,14.2124625085,13.1603658349,17.4104427141
506,20.0,10.0,70.0,0.0,38.451261992,2.48459890398,-8.25083920744,10.2939030276,10.3430799397,10.9877478219
507,20.0,20.0,70.0,0.0,54.0952951827,32.2317278311,7.13508260986,28.8382534987,22.0644262716,15.1675935426
508,20.0,30.0,70.0,0.0,45.2586117094,-10.9052734465,1.02641193597,12.5136768529,14.727447495,11.8008416272
509,20.0,40.0,70.0,0.0,68.6531412059,9.56020388912,15.2030791596,40.500682497,38.8646952274,23.0542086501
510,20.0,55.0,70.0,0.0,48.0744402206,-19.4216509684,-4.09210033474,13.058365128,16.8531270362,15.508793277
511,20.0,70.0,70.0,0.0,44.6566041242,29.3172273645,3.04920905924,18.9644614704,14.2975067421,10.7948558451
512,20.0,85.0,70.0,0.0,57.9002727249,-5.73646065769,24.8318821032,23.6100603766,25.8561676909,11.1336445155
513,20.0,100.0,70.0,0.0,41.6818247951,18.412970389,-3.3923377257,14.6905010176,12.2954097257,11.2189666899
514,30.0,0.0,70.0,0.0,51.0033734734,-15.848529313,12.0138042255,15.6889186309,19.2715230774,11.4381701328
515,30.0,10.0,70.0,0.0,38.8088762267,3.9229663779,-11.4393785387,10.6867658927,10.5482089739,12.2621734978
516,30.0,20.0,70.0,0.0,69.5197088744,2.52272058178,18.9725247384,39.4385612546,40.0704918867,21.8714425743
517,30.0,30.0,70.0,0.0,54.6595796887,36.2548428684,12.8677243205,30.5409861326,22.6015998438,13.3416637087
518,30.0,40.0,70.0,0.0,60.502928678,-7.24717702102,7.6739063389,25.8771795641,28.6853541194,19.7730790331
519,30.0,55.0,70.0,0.0,48.371553823,21.5518046033,3.50429887694,20.6243784393,17.0886600197,12.8060678913
520,30.0,70.0,70.0,0.0,49.6570338604,-20.8737847049,-8.12719190934,13.8948456591,18.133006174,18.4209745465
521,30.0,85.0,70.0,0.0,50.356566615,38.6702180708,13.0675101058,26.4062391271,18.7187891781,10.7341187172
522,30.0,100.0,70.0,0.0,36.0749288691,0.883313449515,2.23267469623,8.82753482455,9.04715620023,6.92169654571
523,40.0,0.0,70.0,0.0,44.1524557427,17.1834654299,1.14260233306,16.3005855713,13.9439597039,11.1291345866
524,40.0,10.0,70.0,0.0,61.1546689159,-13.3320274583,-15.5887627865,25.0966757966,29.4247423146,33.8531173632
525,40.0,20.0,70.0,0.0,50.8126009238,36.377493686,15.450754523,26.3265226792,19.1073812003,10.2346107789
526,40.0,30.0,70.0,0.0,72.2427139755,-8.16573341072,3.3025847796,39.7737995973,44.0212735273,34.0077759016
527,40.0,40.0,70.0,0.0,44.9199813954,17.3414009741,4.13148906341,16.9214288405,14.4845603775,10.5957270718
528,40.0,55.0,70.0,0.0,61.1958214753,-21.763148618,-13.7786026195,23.1999445849,29.471850913,32.6784388101
529,40.0,70.0,70.0,0.0,61.1316184067,-25.3395016307,-3.26253095155,22.3482255509,29.3983776361,26.0861624684
530,40.0,85.0,70.0,0.0,67.4862780559,-0.38510802496,11.0221581797,35.8332739493,37.2796075902,24.2207220101
531,40.0,100.0,70.0,0.0,52.3294863913,-7.62344952236,-6.7073003,18.217666762,20.4385697376,19.9114300814
532,55.0,0.0,70.0,0.0,46.840194167,20.1481129311,-3.87207523971,19.0120306918,15.897857034,14.5746368905
533,55.0,10.0,70.0,0.0,39.4379511488,8.79436571228,2.46405641141,11.7313158225,10.9155983406,8.32776742839
534,55.0,20.0,70.0,0.0,39.285649128,10.8631593234,-8.1595995179,11.9330868304,10.8258815699,11.4283703804
535,55.0,30.0,70.0,0.0,46.5197103882,16.6782022567,11.4090138387,18.0769717448,15.6558591324,9.23481759522
536,55.0,40.0,70.0,0.0,46.2786030593,-2.32875925311,-7.73975666626,14.5378741337,15.4754262528,15.7337971626
537,55.0,55.0,70.0,0.0,66.406969845,6.89850134812,11.9178646594,36.6259776845,35.8523698397,22.7448381689
538,55.0,70.0,70.0,0.0,60.6550558428,-17.4801489971,-0.460398702033,23.6395951825,28.8568183342,24.059589857
539,55.0,85.0,70.0,0.0,51.8035309866,-15.3073389976,1.47883606139,16.3870520858,19.9702253499,15.8600724663
540,55.0,100.0,70.0,0.0,64.6781857718,3.40006175398,8.95011642596,33.4026886088,33.6429757886,22.7380690433
541,70.0,0.0,70.0,0.0,49.2089851299,-3.69465899163,-8.89363805926,16.4633738484,17.7643105134,18.4182182731
542,70.0,10.0,70.0,0.0,51.9406468908,25.6795954181,0.978241226071,24.931007237,20.0916250736,16.1658246364
543,70.0,20.0,70.0,0.0,39.5787580347,9.54855125754,-4.80333397325,11.9257309431,10.9989833768,10.5095865287
544,70.0,30.0,70.0,0.0,39.3237146805,-2.87800780716,-1.68814796917,10.0867251725,10.8482586409,9.4346535969
545,70.0,40.0,70.0,0.0,49.753997806,-7.34087679285,-5.90581220709,16.2335033205,18.213462705,17.501079154
546,70.0,55.0,70.0,0.0,44.5825325163,10.3322006726,7.88302670468,15.4324901835,14.2451919153,9.28839188204
547,70.0,70.0,70.0,0.0,55.2564204681,2.3980004597,3.78174601531,22.8792110741,23.1791784116,17.4129160981
548,70.0,85.0,70.0,0.0,48.3786323889,21.900641394,13.8311098478,20.7029738253,17.0942980618,9.46169910533
549,70.0,100.0,70.0,0.0,60.5406636341,-18.4207038442,4.45986685137,23.3161810411,28.7278220849,21.380556596
550,85.0,0.0,70.0,0.0,55.3011408083,10.126496482,7.9308362005,24.6810219375,23.222847379,15.6868980437
551,85.0,10.0,70.0,0.0,71.5586809367,-4.16802276725,26.1021099337,40.1111436274,43.0054665316,20.0770933188
552,85.0,20.0,70.0,0.0,61.5147221827,27.1834015329,20.8569898005,36.3830398964,29.8386119719,14.7985859468
553,85.0,30.0,70.0,0.0,70.3906061502,-4.56971445954,19.5595537107,38.3838108851,41.3071846384,22.3418338355
554,85.0,40.0,70.0,0.0,43.7551924983,-1.11352398207,-0.244323961561,13.0112277565,13.6695110909,11.3592089402
555,85.0,55.0,70.0,0.0,61.6041865596,-6.28760949445,-12.7878526782,27.2752233447,29.9420468405,32.4874654515
556,85.0,70.0,70.0,0.0,52.7328096837,19.7544909412,15.368248548,24.3461280558,20.8026338402,11.3150740337
557,85.0,85.0,70.0,0.0,43.1842034866,0.859281171252,2.48977137851,12.9370384487,13.2813876796,10.1757973947
558,85.0,100.0,70.0,0.0,45.1083766601,7.02825142665,1.94036837043,15.2562429227,14.619357046,11.4082436227
559,100.0,0.0,70.0,0.0,60.7787946485,-2.94869447027,-12.8811197402,27.2207092733,28.9967885648,31.6113002396
560,100.0,10.0,70.0,0.0,51.9067693457,28.7537424446,14.8385373131,25.624896383,20.0615849302,11.0232155415
561,100.0,20.0,70.0,0.0,69.8713098082,11.5802550754,0.661581822244,42.9060571222,40.5667573416,33.0251120421
562,100.0,30.0,70.0,0.0,49.7396580404,32.7425607004,-7.42709518049,24.3661380804,18.2015492165,18.1681456986
563,100.0,40.0,70.0,0.0,50.0249072939,11.8010321708,-3.16755014253,20.0861129803,18.4395123933,16.5202518887
564,100.0,55.0,70.0,0.0,56.2062595689,0.796516715795,0.492599993078,23.4364002138,24.1185157038,19.6650054117
565,100.0,70.0,70.0,0.0,51.8077608577,-4.87745698485,21.7974656172,18.3125403513,19.9739630645,8.87424389621
566,100.0,85.0,70.0,0.0,58.0779078679,-6.67925968025,-6.19435393754,23.5699737385,26.0430687493,24.7688348974
567,100.0,100.0,70.0,0.0,56.0385122751,-11.1555704086,20.6863725855,20.6947831563,23.9508117985,11.4410563279
568,0.0,0.0,85.0,0.0,53.5052358575,-1.65889557699,0.0874532408257,20.4011408328,21.5118913892,17.7107296214
569,0.0,10.0,85.0,0.0,48.7116711986,1.76529967431,12.6477094485,17.0609751654,17.3609657213,9.98448891675
570,0.0,20.0,85.0,0.0,49.8759091555,21.3343202261,-1.01422629787,21.9484913554,18.314956784,15.5202106328
571,0.0,30.0,85.0,0.0,48.0812766185,28.7908380216,11.3868870674,21.8883766415,16.8585220255,10.0372478032
572,0.0,40.0,85.0,0.0,41.5330410936,17.0484097181,-0.379589112418,14.3619403895,12.2005110977,10.1827073593
573,0.0,55.0,85.0,0.0,48.5288962237,13.7854292666,-4.46103694625,19.1921662076,17.2142752073,15.9815543561
574,0.0,70.0,85.0,0.0,52.7172717182,6.09068865137,-2.0078192224,21.3085331913,20.7885288933,18.0396214023
575,0.0,85.0,85.0,0.0,58.5227014686,-6.38220094115,0.344962693131,24.0743611414,26.5150103961,21.7019185447
576,0.0,100.0,85.0,0.0,56.6502856096,-9.44143374471,9.15366853038,21.6103509413,24.5662015281,16.1427224604
577,10.0,0.0,85.0,0.0,55.214306319,13.7155393538,6.45666097804,25.4384393299,23.1381044476,16.2351541108
578,10.0,10.0,85.0,0.0,51.5501824624,6.37349749133,17.4172450592,20.3201945801,19.7472039528,10.0222186395
579,10.0,20.0,85.0,0.0,50.3473225816,4.08882168459,-1.06066274899,18.8279325756,18.7109672088,15.8719452182
580,10.0,30.0,85.0,0.0,45.7621354534,-5.60052616371,5.55619514179,13.6553018929,15.0936036985,10.6043244974
581,10.0,40.0,85.0,0.0,43.7268707221,-7.31578896713,-11.4147076349,12.0721647935,13.6500837565,15.4385600085
582,10.0,55.0,85.0,0.0,65.1203487486,4.03929890504,14.5664132201,34.1342651572,34.1991616181,20.2877234082
583,10.0,70.0,85.0,0.0,70.0821942847,11.7780216628,28.1501882285,43.2803478484,40.8663658801,17.9416615885
584,10.0,85.0,85.0,0.0,64.8898877774,5.09905378083,20.8053739588,34.1534897371,33.9085119118,17.2318340458
585,10.0,100.0,85.0,0.0,59.9704843159,-1.73531663495,14.1532025126,26.6592639633,28.0905807195,16.4469932682
586,20.0,0.0,85.0,0.0,53.4996033691,-11.607312968,2.54969987234,18.4202891421,21.5066620425,16.6364177093
587,20.0,10.0,85.0,0.0,62.9176495073,14.6915379575,32.2981219162,34.4705856445,31.4882451109,11.523759394
588,20.0,20.0,85.0,0.0,59.026607719,20.503264605,-4.29636739651,31.3742463307,27.0565216754,24.6235767114
589,20.0,30.0,85.0,0.0,54.584692812,-3.82688386172,14.1720094372,20.9158640499,22.5298146716,12.8220156911
590,20.0,40.0,85.0,0.0,52.1969344365,2.34477658436,-16.8844458366,20.0669940539,20.3198543598,25.075543214
591,20.0,55.0,85.0,0.0,61.7437248111,24.96639926,29.685754003,36.0127411093,30.1038516873,11.7208927818
592,20.0,70.0,85.0,0.0,62.0994664975,8.50998119271,-1.39316575762,31.7181083307,30.51899541,25.9710756631
593,20.0,85.0,85.0,0.0,53.8781022028,8.76935131084,15.7552178837,22.9747648211,21.8599587016,11.8457082274
594,20.0,100.0,85.0,0.0,35.3329582003,0.482509761875,1.260093061,8.41130237837,8.66592466806,6.84921457837
595,30.0,0.0,85.0,0.0,72.9173972449,-11.0482623323,15.4403355198,39.7820036684,45.0387426174,27.0262649086
596,30.0,10.0,85.0,0.0,56.2561124527,-16.9268804716,-5.17897199853,19.7084694737,24.1685061579,22.5333744358
597,30.0,20.0,85.0,0.0,61.0410538473,9.12460273485,7.77375273734,30.6422082386,29.2949443257,20.1710720649
598,30.0,30.0,85.0,0.0,42.3434528001,7.81865810257,-11.5242783206,13.4494035298,12.7233775461,14.5353971006
599,30.0,40.0,85.0,0.0,42.0583868662,21.9309569922,9.96214079234,15.5554077217,12.5377881437,7.55353736128
600,30.0,55.0,85.0,0.0,42.7032964727,24.0464603564,-0.298173772889,16.4098994118,12.9602536481,10.7883538427
601,30.0,70.0,85.0,0.0,41.2108245763,3.20298967318,2.07038685496,12.0249882809,11.9966683849,9.28820441174
602,30.0,85.0,85.0,0.0,51.7703138822,9.2614648077,2.0365988214,21.1164732668,19.9408893496,15.6078906789
603,30.0,100.0,85.0,0.0,54.0475492722,-9.46002150176,-3.41628757923,19.2992325721,22.0193689525,19.7540944986
604,40.0,0.0,85.0,0.0,70.8309734084,-3.27254962631,16.4973876933,39.3929067863,41.9420874372,24.3804163915
605,40.0,10.0,85.0,0.0,59.244453095,-5.58843667237,13.8499792682,24.9812645263,27.2928885706,16.0496338708
606,40.0,20.0,85.0,0.0,52.780142772,-13.4820247879,-6.47442935763,17.4818080072,20.8456408617,20.173603868
607,40.0,30.0,85.0,0.0,56.2029075907,14.7958298172,5.11478786871,26.7309251232,24.1151569513,17.5443455067
608,40.0,40.0,85.0,0.0,44.7683251131,3.83923984497,-10.9156085108,14.4819248796,14.3766543708,15.96947085
609,40.0,55.0,85.0,0.0,42.7444696342,23.02087467,3.06780418252,16.259671692,12.9875428636,9.77153118842
610,40.0,70.0,85.0,0.0,49.0435415435,-21.4110875779,10.0946852097,13.3950070879,17.629442246,10.9609898571
611,40.0,85.0,85.0,0.0,45.3710966364,1.0630358607,-3.75856376569,14.4528383465,14.8087255194,13.5676150351
612,40.0,100.0,85.0,0.0,60.5803988483,-10.6179083005,9.33684349949,25.1530424793,28.7725864812,19.0517531281
613,55.0,0.0,85.0,0.0,53.510139316,20.1344769255,7.72924905195,25.2185573268,21.516444576,14.5351561221
614,55.0,10.0,85.0,0.0,70.5197864638,4.48389569322,24.7094198873,41.4719311138,41.4927623884,19.8854717942
615,55.0,20.0,85.0,0.0,40.9832846322,1.56450242879,-14.9013939414,11.6506808211,11.854096819,14.9404849101
616,55.0,30.0,85.0,0.0,47.5559538945,-11.666826461,14.8353229265,13.9188047997,16.4473053857,8.77148056235
617,55.0,40.0,85.0,0.0,45.1774019205,13.3462815231,-7.26460785138,16.4035161768,14.6689531202,14.7804098768
618,55.0,55.0,85.0,0.0,53.3496870542,-0.713097851462,26.5695272671,20.4577530894,21.3677871639,8.29568856342
619,55.0,70.0,85.0,0.0,48.1383192937,24.8867025348,0.180031782979,21.1101864811,16.9035825266,13.8792155242
620,55.0,85.0,85.0,0.0,51.8644332042,-21.2606465837,10.0435535688,15.3974957146,20.0240864287,12.6221408902
621,55.0,100.0,85.0,0.0,49.7463800974,12.9059369629,-13.4349704745,20.066674286,18.2071332597,21.0223968732
622,70.0,0.0,85.0,0.0,64.6991951373,-3.6580339854,30.4150703453,31.4535508968,33.6692654844,13.2545505524
623,70.0,10.0,85.0,0.0,58.0251830755,29.5933300986,-1.53025752771,32.6989809198,25.9875000237,22.2229626692
624,70.0,20.0,85.0,0.0,53.9066052125,-13.4914760988,11.7845912521,18.3953825406,21.886719394,13.2628053167
625,70.0,30.0,85.0,0.0,48.5106593391,16.5920404195,-12.799595537,19.7352510949,17.199684254,19.6763875022
626,70.0,40.0,85.0,0.0,65.0770543534,4.22833343628,31.4521708864,34.1349660252,34.1444339711,13.1140143485
627,70.0,55.0,85.0,0.0,55.18073809,36.167277566,-1.60586817203,31.125020635,23.1054001005,19.822581999
628,70.0,70.0,85.0,0.0,48.3317922456,34.1751808084,-2.53419898825,23.3097680643,17.0570131623,15.0606928358
629,70.0,85.0,85.0,0.0,42.4072175327,2.47816365796,-7.79527428947,12.6764626997,12.7651400613,13.1727575114
630,70.0,100.0,85.0,0.0,65.2767347272,15.7167303517,14.1192210631,37.836633044,34.3973333445,20.6379190515
631,85.0,0.0,85.0,0.0,44.8472669641,-16.2139779929,8.7818405421,11.4925528993,14.4327557037,9.16132832348
632,85.0,10.0,85.0,0.0,64.2048305066,0.478525504188,2.70782589597,32.0066341826,33.054272908,25.7022400907
633,85.0,20.0,85.0,0.0,62.4643160405,-2.20926536847,31.8275516042,29.2626825228,30.9487143532,11.4204429106
634,85.0,30.0,85.0,0.0,45.3858481547,-12.0544232564,-11.3169060993,12.4248010742,14.8194066239,16.5842862424
635,85.0,40.0,85.0,0.0,53.7872038174,12.7760293922,21.5547368934,23.7879764063,21.7747624278,9.93729482674
636,85.0,55.0,85.0,0.0,41.5461764429,-0.776137157586,-4.80202408791,11.6627916016,12.2088694895,11.6081812637
637,85.0,70.0,85.0,0.0,48.2006083094,33.9681886023,-0.230828216255,23.1367728857,16.9528789726,14.0755898272
638,85.0,85.0,85.0,0.0,45.2894497458,28.8667471122,6.65325979553,19.4135507691,14.7497004102,10.0129990267
639,85.0,100.0,85.0,0.0,42.3516668514,-1.41054059582,-1.7522173796,12.0689283258,12.7287521949,11.0609203447
640,100.0,0.0,85.0,0.0,60.7488478699,23.1942894137,11.4091137378,34.2247669125,28.9628721003,18.2337323491
641,100.0,10.0,85.0,0.0,50.0597955444,-21.3795951181,5.47672108166,14.0913990587,18.4687587346,13.1444058556
642,100.0,20.0,85.0,0.0,63.5643664857,-1.41546152389,19.1946657889,30.7329000325,32.268729001,16.9395732748
643,100.0,30.0,85.0,0.0,77.38660575,-5.73735938427,33.9477332147,48.1932282371,52.1770840361,21.1584117373
644,100.0,40.0,85.0,0.0,51.4354514501,40.5227134289,4.2488162316,28.0248128206,19.6467554827,14.4976117085
645,100.0,55.0,85.0,0.0,66.2376678223,-19.0302895433,13.6280642684,29.1175038091,35.631851468,21.7113520638
646,100.0,70.0,85.0,0.0,46.3760604231,20.6270437697,-7.74441713723,18.7153556404,15.5481906783,15.804711848
647,100.0,85.0,85.0,0.0,60.0540052325,-16.9804557835,-18.9954591126,23.1688648107,28.1833298185,34.894838935
648,100.0,100.0,85.0,0.0,44.6091579525,27.6992882171,14.528650528,18.6101008987,14.2639820426,7.51122380024
649,0.0,0.0,100.0,0.0,61.1495042222,-3.12616762592,-1.83512831245,27.5758891073,29.4188336789,25.2921944178
650,0.0,10.0,100.0,0.0,41.0537103457,15.4698253312,7.5595260855,13.7775517336,11.8981026407,7.72333444899
651,0.0,20.0,100.0,0.0,50.9518654832,-11.6629641048,-13.3179915625,16.3823312974,19.2271130206,22.0132125766
652,0.0,30.0,100.0,0.0,35.9926960832,0.744283175616,-1.59331783843,8.76966740263,9.00436409273,7.83278607653
653,0.0,40.0,100.0,0.0,76.0650453612,-6.69207328985,48.4741279621,45.8101494029,49.9931321379,13.8247641307
654,0.0,55.0,100.0,0.0,47.366810029,29.8920767787,8.18562416837,21.4652061808,16.3008993708,10.6476446296
655,0.0,70.0,100.0,0.0,63.8546314339,-21.8649965487,26.6754614365,25.8360815936,32.6231851541,14.1073653445
656,0.0,85.0,100.0,0.0,34.2835273953,0.612380423407,1.0861935067,7.92117241315,8.14522789633,6.47121105913
657,0.0,100.0,100.0,0.0,75.7930686973,1.58936624175,47.7190060952,48.3603149233,49.5513736967,13.9326978969
658,10.0,0.0,100.0,0.0,49.8429628381,31.6193058717,-5.63194772227,24.2096932063,18.2874911146,17.4481004812
659,10.0,10.0,100.0,0.0,65.9545145828,-11.9686998183,30.4246258776,30.6652247492,35.2650642339,14.0583626739
660,10.0,20.0,100.0,0.0,44.3865292783,5.52489890365,-21.379475287,14.4884626083,14.1073759452,20.3840177062
661,10.0,30.0,100.0,0.0,70.8539854188,-2.51321832597,4.29282279341,39.667015097,41.9754428469,31.7401386643
662,10.0,40.0,100.0,0.0,68.6169432846,1.73822459403,2.88653287999,37.9666949761,38.814860584,30.162712848
663,10.0,55.0,100.0,0.0,33.7416854502,0.773329527001,0.171317104916,7.68579216161,7.8847426479,6.46682772211
664,10.0,70.0,100.0,0.0,68.7510394362,2.45701892936,-0.920173657394,38.3711750057,38.9996879739,32.7905751105
665,10.0,85.0,100.0,0.0,34.0918762344,4.67980301268,-6.92735820847,8.28086601053,8.05244799911,8.37454999451
666,10.0,100.0,100.0,0.0,40.0198943395,-14.2550784534,7.27078997417,9.04862179002,11.26296899,7.34844849815
667,20.0,0.0,100.0,0.0,38.3683585647,18.4885599507,9.46036429056,12.4684205249,10.2959090271,6.1739704209
668,20.0,10.0,100.0,0.0,40.4507024523,4.13846133578,-3.2864783076,11.6900838463,11.5248182145,10.5053563006
669,20.0,20.0,100.0,0.0,45.4393467879,-6.07485885582,7.196060253,13.3641344964,14.8581863676,9.9269815018
670,20.0,30.0,100.0,0.0,43.8818084659,9.10096307915,8.9523239182,14.718687547,13.7565887954,8.64661180943
671,20.0,40.0,100.0,0.0,50.5589071806,-28.4906290694,14.4473189696,13.3101774864,18.8905490384,10.409842259
672,20.0,55.0,100.0,0.0,42.5257247331,13.9385225404,-13.7660884245,14.5528067872,12.8429985444,15.5523844329
673,20.0,70.0,100.0,0.0,61.949686297,-13.8005218507,33.2523336473,25.8008715445,30.3437427304,10.6717400891
674,20.0,85.0,100.0,0.0,47.5953562611,29.9188547587,-4.81896797757,21.6809613552,16.4779145376,15.468566454
675,20.0,100.0,100.0,0.0,70.878313809,-2.74840899348,49.693188509,39.6253227599,42.0107255463,10.3438522247
676,30.0,0.0,100.0,0.0,65.8247043349,-1.34474906641,42.1221010193,33.4589608479,35.0977572936,9.99382932899
677,30.0,10.0,100.0,0.0,66.0250486197,-0.756852558883,31.0585812369,33.8753420176,35.3561951033,13.8643761681
678,30.0,20.0,100.0,0.0,34.1294229963,3.89175289217,-6.09271580999,8.2105438579,8.07056890317,8.16892102161
679,30.0,30.0,100.0,0.0,57.663875242,16.8735462041,26.8857711778,28.8443677438,25.6088289052,10.3512641426
680,30.0,40.0,100.0,0.0,53.6519342267,31.9375075764,-6.35317044455,28.2714149152,21.6483886446,20.8497298172
681,30.0,55.0,100.0,0.0,47.6549103295,-6.51901271733,9.23473422046,14.8252628402,16.5242502841,10.4740126648
682,30.0,70.0,100.0,0.0,34.3506440707,2.38088661186,-3.08140991074,8.14829300268,8.17788733729,7.49194692642
683,30.0,85.0,100.0,0.0,57.937131532,16.8826546644,20.2909754149,29.1526134889,25.8948753794,12.7011602598
684,30.0,100.0,100.0,0.0,51.2795127464,31.4795765923,1.92313423626,25.630191892,19.5107760924,15.3109510995
685,40.0,0.0,100.0,0.0,45.774203621,-4.5984470913,-0.146274986708,13.8216654388,15.1024531852,12.5125156897
686,40.0,10.0,100.0,0.0,41.715262316,8.53554569938,-10.7818205473,13.1419929203,12.3168046656,13.8368740565
687,40.0,20.0,100.0,0.0,63.4222623909,-13.0937886216,-2.04211233843,27.5329046555,32.0961391692,27.6852382856
688,40.0,30.0,100.0,0.0,48.7348402803,30.2920608575,0.813525424457,22.8313040648,17.3796199296,14.0287165119
689,40.0,40.0,100.0,0.0,75.2564462514,0.248403031811,13.812881035,47.038063602,48.6874118997,30.4936300808
690,40.0,55.0,100.0,0.0,42.5615715543,7.88057939007,-7.1573973851,13.6059367935,12.8666118895,13.0378177393
691,40.0,70.0,100.0,0.0,65.9710116712,-9.31496130438,-15.9960938516,31.4056087082,35.2863646346,40.1620394042
692,40.0,85.0,100.0,0.0,48.7263731399,29.5656581871,3.89157141822,22.6627895709,17.372801201,12.8864757845
693,40.0,100.0,100.0,0.0,76.3702658816,2.43580885142,-1.59797562022,49.5883203735,50.4920046404,42.9278719968
694,55.0,0.0,100.0,0.0,78.3767565569,-1.36361771325,0.685422387406,51.4110741221,53.8543980458,43.8763440914
695,55.0,10.0,100.0,0.0,36.6302161922,1.136556776,2.85011414152,9.14224712139,9.3396692001,7.00263832524
696,55.0,20.0,100.0,0.0,75.7845563872,1.90711482754,-0.17189723667,48.4630337286,49.5375897296,41.0070343963
697,55.0,30.0,100.0,0.0,45.5218853685,0.61928105698,1.93502887993,14.4865263628,14.9181490109,11.6476028093
698,55.0,40.0,100.0,0.0,77.86944103,-1.96524913675,4.04758181131,50.357623937,52.9905866546,40.5237214397
699,55.0,55.0,100.0,0.0,61.6537544895,0.565390541124,2.21619737993,29.0751902629,29.9994579232,23.5437390195
700,55.0,70.0,100.0,0.0,75.7490127413,1.52805396915,3.36950962759,48.2686280204,49.4800615945,38.2725247192
701,55.0,85.0,100.0,0.0,39.5986696984,-9.0393458766,-9.49809187816,9.46095847601,11.0108091104,12.0620169458
702,55.0,100.0,100.0,0.0,39.0071850988,19.231551234,1.02628223999,12.9928994426,10.663119983,8.51564811135
703,70.0,0.0,100.0,0.0,49.4364921782,-1.70434548103,25.0669482753,16.9980680943,17.9508932035,6.96993208851
704,70.0,10.0,100.0,0.0,68.1786476177,9.07619912626,0.742587643123,39.6855114882,38.2148241168,31.0497099239
705,70.0,20.0,100.0,0.0,50.1351488904,19.2180230052,19.1157695266,21.7337488794,18.5320319023,8.81778970604
706,70.0,30.0,100.0,0.0,60.4129736972,-0.562818354579,-9.27100902777,27.422642014,28.5842851437,28.9226577375
707,70.0,40.0,100.0,0.0,43.5152256727,2.62132111121,6.01546852655,13.4266060091,13.5054881585,9.29629288262
708,70.0,55.0,100.0,0.0,50.6846328459,-12.704772303,-22.1923845197,15.9960839593,18.9978006168,26.6168951906
709,70.0,70.0,100.0,0.0,71.6353445415,-1.6757140635,-0.0508420731934,41.0281061961,43.1185281357,35.6132222996
710,70.0,85.0,100.0,0.0,59.4537829425,13.9950640867,4.07277689232,30.1141776374,27.5213090663,20.6412957048
711,70.0,100.0,100.0,0.0,66.588788112,17.3890998005,-3.62864714657,40.154738757,36.0902019792,32.1132158776
712,85.0,0.0,100.0,0.0,60.6143980371,-2.51114857489,29.730692496,27.1532780468,28.8109257556,11.0623979287
713,85.0,10.0,100.0,0.0,35.6460524585,4.25587786341,-4.76133513925,9.00784546712,8.82546157489,8.51362254325
714,85.0,20.0,100.0,0.0,41.6518560071,6.75265548055,14.4749348408,12.8294442889,12.2762553152,6.31717459531
715,85.0,30.0,100.0,0.0,66.1170273709,14.946111513,9.20118998889,38.7277253297,35.4752684867,23.9268257547
716,85.0,40.0,100.0,0.0,61.4877478715,-2.49087190475,20.7323776872,28.1049235941,29.8074722377,14.8293506107
717,85.0,55.0,100.0,0.0,34.5107869157,2.99714287535,-1.13762193793,8.29472446456,8.25616637014,7.08266603831
718,85.0,70.0,100.0,0.0,40.1705265238,7.10726939306,11.1549296382,11.9414561217,11.354068677,6.48965638264
719,85.0,85.0,100.0,0.0,52.5736340184,35.574360812,15.4919688647,28.0140525184,20.6584402344,11.1845330057
720,85.0,100.0,100.0,0.0,64.4291590616,3.79252293402,3.60695921409,33.2087479529,33.3324023909,25.4119440369
721,100.0,0.0,100.0,0.0,34.9745541271,4.50979002946,0.496976980681,8.69696992898,8.48567392728,6.88346333423
722,100.0,10.0,100.0,0.0,36.3230748906,-4.1439921083,-2.48917001022,8.37054292651,9.17710725805,8.21632204348
723,100.0,20.0,100.0,0.0,52.8353342905,32.8369354894,20.5737472649,27.6075854095,20.895862887,9.73936132511
724,100.0,30.0,100.0,0.0,66.2809240823,6.05589685368,-8.73724515044,36.2070384336,35.6881071301,35.2291194441
725,100.0,40.0,100.0,0.0,34.8295442881,4.46287399609,1.80495779262,8.61901559698,8.4134608946,6.5218313812
726,100.0,55.0,100.0,0.0,35.8265814156,-1.54028684544,-6.07940714708,8.42324413643,8.91833375014,8.96499396777
727,100.0,70.0,100.0,0.0,50.5128529606,5.33645651904,-6.45732487247,19.212402085,18.8513632539,18.3326087726
728,100.0,85.0,100.0,0.0,63.3110257652,-1.94426263396,17.9942344002,30.2974346157,31.9614690642,17.2706211074
729,100.0,100.0,100.0,0.0,63.289376778,-0.538938065897,18.1502683931,30.6496196703,31.9353032982,17.1863927228
730,0.0,0.0,0.0,20.0,63.3186295698,-0.999872427258,17.9981839284,30.5594787565,31.9706626939,17.2746182652
731,0.0,10.0,0.0,20.0,56.5842432195,-8.34262335766,8.77984905374,21.7846096971,24.4992670521,16.2513932341
732,0.0,20.0,0.0,20.0,53.6548233657,12.6088953937,11.4107751049,23.6204793534,21.6510826602,13.2407578262
733,0.0,40.0,0.0,20.0,77.9305939149,2.37988484985,-0.574663437775,52.1066932649,53.0942190649,44.2762912915
734,0.0,70.0,0.0,20.0,80.1839876927,-2.35097153519,4.14030799804,54.0424921958,57.0078113584,43.6015546027
735,0.0,100.0,0.0,20.0,41.3992825308,-1.31987770264,-2.07497483983,11.4970511053,12.1156138796,10.6387212414
736,10.0,0.0,0.0,20.0,77.7449571,1.43932638625,2.94005579959,51.4413880644,52.7800474495,41.2155382111
737,10.0,10.0,0.0,20.0,44.857985161,-15.2000196258,7.1993220331,11.6417427305,14.440384002,9.62673986897
738,10.0,20.0,0.0,20.0,50.6735766146,-0.948537702646,-16.6815346426,18.1296801168,18.9883527465,23.5257147458
739,10.0,40.0,0.0,20.0,53.5795746353,1.20122825034,21.8477074602,21.0615115631,21.5809888614,9.74210530514
740,10.0,70.0,0.0,20.0,59.4643954636,12.1400896424,-5.56490990982,29.6349105014,27.5329232575,25.7589115154
741,10.0,100.0,0.0,20.0,60.0033398112,14.0800425719,34.2529743113,30.772398088,28.127042083,9.3513368129
742,20.0,0.0,0.0,20.0,63.9565195924,3.35621078819,27.8480183024,32.5105555362,32.7482183197,13.7306918793
743,20.0,10.0,0.0,20.0,69.4287715904,-5.09439228246,33.2792697178,36.9400616274,39.9428010286,15.2850712383
744,20.0,20.0,0.0,20.0,55.9377989879,-7.79334041734,-23.1110552939,21.3080159279,23.8504990285,32.85690963
745,20.0,40.0,0.0,20.0,43.0039830621,-6.65582177249,14.962061206,11.7200460149,13.1604282364,6.73770449812
746,20.0,70.0,0.0,20.0,69.0676759631,2.19529110889,-8.961843798,38.7174881253,39.4384407878,38.8777455665
747,20.0,100.0,0.0,20.0,55.5361239463,-26.0030145997,19.7892731126,17.3631400862,23.4532075737,11.4513090288
748,40.0,0.0,0.0,20.0,54.8049501513,-12.4413372477,-10.8080790043,19.3553780579,22.7413842552,24.2020739907
749,40.0,10.0,0.0,20.0,41.558209968,-5.75606544381,10.9384103892,10.9792766375,12.2165301094,7.10067118544
750,40.0,20.0,0.0,20.0,66.1732091413,-0.453367598907,5.39448045863,34.1474473014,35.5481313515,26.1064930747
751,40.0,40.0,0.0,20.0,54.6341724664,-25.2068837531,8.19160776828,16.7989941942,22.5772278867,15.1166630308
752,40.0,70.0,0.0,20.0,33.9401861625,0.0683274500706,-3.42984340108,7.70194152693,7.97951514126,7.4024817959
753,40.0,100.0,0.0,20.0,62.3086092765,1.18307671794,22.9900689651,29.9794349284,30.7648332748,14.4997748663
754,70.0,0.0,0.0,20.0,57.3867816512,15.9182926837,0.671710108343,28.2916594077,25.3209245542,20.5614370994
755,70.0,10.0,0.0,20.0,36.4918400555,-5.92349764203,1.01904739273,8.25177404093,9.2661947334,7.39021395303
756,70.0,20.0,0.0,20.0,34.3239873831,0.985048209034,-6.97744486279,7.98113476211,8.16490557699,8.49639583237
757,70.0,40.0,0.0,20.0,62.5443681312,0.889414576878,33.3551888907,30.1716960577,31.0435359708,10.9663988418
758,70.0,70.0,0.0,20.0,58.4965081419,17.2522810375,-9.41001102218,29.8833474639,26.4870616408,27.0184701732
759,70.0,100.0,0.0,20.0,36.2542819436,-6.01049056065,3.02190547377,8.12758329446,9.14095740013,6.80847513637
760,100.0,0.0,0.0,20.0,81.1033812943,-0.309608091433,2.25473065503,56.4384643545,58.6582485327,46.4699534995
761,100.0,10.0,0.0,20.0,55.1806551147,14.2812901693,-0.479151836725,25.538691332,23.1053192987,19.2884744773
762,100.0,20.0,0.0,20.0,81.1646994669,1.53240298778,3.02398303152,57.2954623448,58.7694420359,45.9121370344
763,100.0,40.0,0.0,20.0,64.4932719946,-0.067115072573,2.81154043703,32.2005241438,33.4121772662,25.9267428837
764,100.0,70.0,0.0,20.0,57.9239291051,-6.69854402364,-5.75511589299,23.415830913,25.8810062659,24.3798557622
765,100.0,100.0,0.0,20.0,67.2517474207,21.491029096,-1.07544057031,42.4422393481,36.9663104213,31.1918011944
766,0.0,0.0,10.0,20.0,35.2429146314,1.12485043001,1.93322321857,8.44026519617,8.62040170217,6.65596446636
767,0.0,10.0,10.0,20.0,67.0358990202,20.5680241702,-1.83109132625,41.8247900037,36.6795254773,31.4406120068
768,0.0,20.0,10.0,20.0,54.7249494674,15.9062054813,0.370283547774,25.4578088722,22.6643866108,18.5306479207
769,0.0,40.0,10.0,20.0,54.5431993943,14.708603402,0.0246814152753,24.9890280788,22.490105372,18.545394706
770,0.0,70.0,10.0,20.0,51.5623587818,-13.9158599695,-18.6344897303,16.4496048935,19.7578845282,25.4443062507
771,0.0,100.0,10.0,20.0,58.1470799244,17.5318239953,-6.37706304922,29.5595254144,26.1160919495,24.936770417
772,10.0,0.0,10.0,20.0,60.3040242326,-2.36735912806,24.1897772255,26.8575669284,28.4621931385,12.7659857378
773,10.0,10.0,10.0,20.0,46.0389227931,-12.9180016941,3.11307896385,12.7150552134,15.2974406684,11.5516976866
774,10.0,20.0,10.0,20.0,69.306362651,12.4454083648,40.2635365994,42.3788241265,39.7713475481,12.5699289097
775,10.0,40.0,10.0,20.0,51.8897513476,-17.1807858888,-19.0667422843,16.1219098269,20.0465059124,26.0115397877
776,10.0,70.0,10.0,20.0,47.4085252483,32.2425634976,10.8282339408,22.0074196863,16.3331138696,9.85565546911
777,10.0,100.0,10.0,20.0,80.1803983028,-2.11597088073,-0.353176306857,54.1288765346,57.0014293514,47.3332852905
778,20.0,0.0,10.0,20.0,47.6624930727,16.6072823308,-6.82599833224,19.012728677,16.5301562262,16.3452223117
779,20.0,10.0,10.0,20.0,69.7531300034,-5.50199812239,-11.5954065349,37.2431627557,40.3994985717,41.8077591732
780,20.0,20.0,10.0,20.0,57.6673755782,29.4790605255,6.05571207147,32.2351262619,25.6124796948,18.2520685421
781,20.0,40.0,10.0,20.0,77.1434622707,-6.13888525052,41.8685463548,47.6669766326,51.7705959082,17.2595919018
782,20.0,70.0,10.0,20.0,46.2920227439,13.0213434965,8.91887939578,17.212130867,15.485432262,9.85095843581
783,20.0,100.0,10.0,20.0,65.0562318177,-11.6857167296,24.8465891851,29.707939227,34.1181333936,15.6473885179
784,40.0,0.0,10.0,20.0,54.5137918256,29.6151759179,24.4950010551,28.6284877129,22.4619905295,9.43658951748
785,40.0,10.0,10.0,20.0,66.7981516774,8.99676683802,30.2702670259,37.7863788598,36.3653656257,14.6792813279
786,40.0,20.0,10.0,20.0,50.4828851166,27.4712516741,-1.5766787496,23.891096167,18.825893881,16.1831729099
787,40.0,40.0,10.0,20.0,56.7471565845,-7.71798740368,12.932108602,22.0706102346,24.664601407,14.6827489283
788,40.0,70.0,10.0,20.0,44.1342578791,5.7991842592,-12.83750243,14.3559126075,13.9313081747,16.3151016274
789,40.0,100.0,10.0,20.0,67.1049233931,7.86060492591,40.561375805,37.8440752598,36.7710721368,11.17948473
790,70.0,0.0,10.0,20.0,52.5616854789,27.8388142542,-8.92551215031,26.083896872,20.6476432926,21.1942293588
791,70.0,10.0,10.0,20.0,56.8162273429,-9.11778619366,22.0444016818,21.8328834342,24.7349225366,11.435373858
792,70.0,20.0,10.0,20.0,45.3926463804,9.44449166078,-19.6758979655,15.8808975265,14.8243307309,20.3991797567
793,70.0,40.0,10.0,20.0,67.7229961381,21.391283123,-0.300651234856,43.0921468552,37.5976168332,31.2162077516
794,70.0,70.0,10.0,20.0,79.6557984937,-0.739443937669,25.1788147003,53.7813180259,56.0737933009,28.1467095212
795,70.0,100.0,10.0,20.0,72.0753595504,-9.4811019409,-10.3494000481,39.1244088253,43.771286029,44.0148707489
796,100.0,0.0,10.0,20.0,71.2470349876,-8.14846693313,-10.7603235997,38.4191216754,42.5478934151,43.1919652337
797,100.0,10.0,10.0,20.0,65.9554319441,20.1816959043,16.4882827228,40.1749432167,35.2662484701,20.0544552918
798,100.0,20.0,10.0,20.0,65.5621821797,19.2415253094,15.3404661883,39.3304316859,34.7610224755,20.281763211
799,100.0,40.0,10.0,20.0,80.8010533644,1.86457974174,2.52415955798,56.7918255126,58.1120614797,45.8057549097
800,100.0,70.0,10.0,20.0,65.0127380783,0.000647012711408,2.28278064271,32.8472184082,34.0632407941,26.7501167484
801,100.0,100.0,10.0,20.0,64.7136774241,1.51739348212,2.37367936817,32.9115144894,33.6873956084,26.3974171352
802,0.0,0.0,20.0,20.0,64.1788897162,0.92677494633,1.85899921452,32.1000395958,33.0222108739,26.1622764877
803,0.0,10.0,20.0,20.0,38.6615206862,1.22862584945,-1.08460888877,10.2484413638,10.46335984,8.93488167137
804,0.0,20.0,20.0,20.0,58.8393108016,-14.3290928055,-16.8726689175,22.5957611423,26.8543948704,32.0359900645
805,0.0,40.0,20.0,20.0,43.2959208897,20.3019583961,7.97749863222,16.1993582268,13.356740456,8.63689732578
806,0.0,70.0,20.0,20.0,69.6469036737,-4.17367078097,-3.3167623877,37.5108965884,40.2495503454,35.4985327375
807,0.0,100.0,20.0,20.0,47.7888006834,35.4245187711,17.0500088918,23.0656466168,16.6287400035,8.27744673824
808,10.0,0.0,20.0,20.0,51.535104185,24.5985131911,14.6582440186,24.2725895347,19.7339832323,10.8749363987
809,10.0,10.0,20.0,20.0,51.6448904193,-18.4919485781,-15.1129655966,15.7099198056,19.8303794801,23.5826518703
810,10.0,20.0,20.0,20.0,34.1842459706,0.836239422567,0.862398013644,7.89888106354,8.09707648816,6.48315114742
811,10.0,40.0,20.0,20.0,41.3667406957,-2.84429502347,-1.63409917685,11.2653100592,12.0950191538,10.4825059544
812,10.0,70.0,20.0,20.0,51.3550767993,28.8980731501,19.6947385735,25.0944304534,19.5765897287,9.24951754438
813,10.0,100.0,20.0,20.0,60.2317537578,-15.530396994,-23.6933978303,23.667974549,28.3813968002,38.5021546478
814,20.0,0.0,20.0,20.0,34.2038346474,1.46071843883,-1.18199236838,7.97649535179,8.10656191116,6.96653435215
815,20.0,10.0,20.0,20.0,41.6216453119,-4.73651282085,5.59922662366,11.1559526702,12.256966436,8.49789067948
816,20.0,20.0,20.0,20.0,50.3632232797,30.5364992492,12.2833856365,24.4777049495,18.7244231587,10.9889224959
817,20.0,40.0,20.0,20.0,56.7464104498,-20.8409994318,-11.5313501554,19.3491707387,24.6638424937,26.4950092142
818,20.0,70.0,20.0,20.0,37.0843635891,-9.54555244966,-1.01115955876,8.13235306206,9.58353818594,8.17240960409
819,20.0,100.0,20.0,20.0,49.0262630763,26.7528302843,9.77128096424,22.3294737887,17.6153964782,11.0558723666
820,40.0,0.0,20.0,20.0,70.5341898735,-5.6601741364,6.52736629,38.2363633938,41.5134884019,29.9510848329
821,40.0,10.0,20.0,20.0,43.6051495041,3.63079989928,-3.44219898304,13.6449257768,13.5667985778,12.3569573041
822,40.0,20.0,20.0,20.0,38.0732131711,-7.37606651084,-7.40854532481,8.86919244652,10.1291397736,10.5125458853
823,40.0,40.0,20.0,20.0,49.8296468814,25.1610834552,15.4518248117,22.7401989014,18.2763980751,9.72141488797
824,40.0,70.0,20.0,20.0,71.8534734887,-2.73968660704,-7.71970359777,40.9876127105,43.4413030098,41.6079454006
825,40.0,100.0,20.0,20.0,43.3236853468,3.02650524309,1.38950664599,13.3613663738,13.375511544,10.5924976937
826,70.0,0.0,20.0,20.0,73.4598593315,0.424351543472,2.92552312019,44.3765877272,45.8680909677,35.7330636575
827,70.0,10.0,20.0,20.0,45.3645461885,28.5722046782,11.7761592344,19.4193445237,14.8039841947,8.573260789
828,70.0,20.0,20.0,20.0,65.3719118104,-7.95462749871,-8.35122412047,31.0721173174,34.5183153122,33.8760633393
829,70.0,40.0,20.0,20.0,40.6216462583,11.3225148461,1.78992068321,12.8489507613,11.6298338155,9.07763112389
830,70.0,70.0,20.0,20.0,54.7107353031,-18.807863596,-22.3560067838,18.0428952908,22.6507242225,30.9711092257
831,70.0,100.0,20.0,20.0,47.4771056997,36.6351399708,13.3937424123,23.0360317229,16.3861671893,9.13913168234
832,100.0,0.0,20.0,20.0,69.1749539094,-5.09453637234,1.52976943018,36.607145462,39.5878352307,31.6539170899
833,100.0,10.0,20.0,20.0,43.742850024,21.4968965281,4.57490836499,16.7554343274,13.6610425009,9.83561567417
834,100.0,20.0,20.0,20.0,58.6069635243,-15.5605864371,-12.8214344169,22.1082591873,26.605052882,29.1921391103
835,100.0,40.0,20.0,20.0,39.2018703285,2.32307581395,-4.87685624514,10.6993255814,10.7767401208,10.3300586795
836,100.0,70.0,20.0,20.0,73.4562138072,-0.890917977363,12.5569693618,43.9191505056,45.8624837683,29.3308865646
837,100.0,100.0,20.0,20.0,47.0383365062,29.3558828789,2.78276662119,21.053048458,16.0487150077,12.2505719567
838,0.0,0.0,40.0,20.0,64.4921881295,-10.4138078313,0.291417119082,29.4030241359,33.4108275706,27.3941292061
839,0.0,10.0,40.0,20.0,41.6150504693,11.7752864736,-7.09182452617,13.5769279637,12.2527584593,12.4333504628
840,0.0,20.0,40.0,20.0,54.015467639,-21.6436546937,-14.1353377047,16.9612889006,21.9891283301,25.2922767461
841,0.0,40.0,40.0,20.0,71.029209629,-3.11932067637,8.95475837752,39.7147727416,42.2300067242,28.9707316215
842,0.0,70.0,40.0,20.0,68.4234635109,1.11777179373,7.17151767055,37.516444536,38.5492140741,27.3336209791
843,0.0,100.0,40.0,20.0,63.98635082,13.5986120169,37.9340847943,35.5046772263,32.784886402,10.3055844416
844,10.0,0.0,40.0,20.0,63.7208939752,3.70315896165,-11.6442789063,32.3235070713,32.4595513489,34.1822276245
845,10.0,10.0,40.0,20.0,35.7629453629,1.42213390452,3.98217308472,8.73315901427,8.88552253749,6.39323219369
846,10.0,20.0,40.0,20.0,40.5811404616,8.44079822275,1.78155211721,12.3931349285,11.6048925361,9.06017476722
847,10.0,40.0,40.0,20.0,64.4691480909,13.9853470066,27.9216514893,36.2432070788,33.3821452927,14.0363113031
848,10.0,70.0,40.0,20.0,62.5604970418,0.304483995302,1.09757894501,30.0344666396,31.0626640605,25.0119242066
849,10.0,100.0,40.0,20.0,35.6666699162,2.45506196478,1.22182794711,8.80546073143,8.83603534889,6.99475348885
850,20.0,0.0,40.0,20.0,40.6924673432,8.30495346685,7.58780621619,12.4438933715,11.6735274267,7.55839060488
851,20.0,10.0,40.0,20.0,53.8327952892,40.5723986342,18.317167644,30.7440862972,21.8174661947,10.9722237929
852,20.0,20.0,40.0,20.0,39.1372414447,-7.6623876988,1.51488059332,9.38584016587,10.7389330555,8.44386050771
853,20.0,40.0,40.0,20.0,48.1847894407,21.8814571217,6.47765000066,20.5261705421,16.9403506196,11.6639155337
854,20.0,70.0,40.0,20.0,77.9329912508,3.43960457976,16.818942568,52.5185026649,53.0982844471,31.5305046497
855,20.0,100.0,40.0,20.0,54.6166189536,38.2015090298,23.0857237252,31.0169781565,22.5603998629,9.90685224103
856,40.0,0.0,40.0,20.0,39.1148566896,-5.41097523371,-4.73075718992,9.65213652939,10.7258589082,10.2386091178
857,40.0,10.0,40.0,20.0,48.2654198575,20.4073465436,12.0801062487,20.2946746701,17.0042734343,9.92351130192
858,40.0,20.0,40.0,20.0,79.0981506782,5.25411142712,1.44386617826,55.2009443006,55.0988135097,44.2717957766
859,40.0,40.0,40.0,20.0,48.5248687182,-21.0547151253,9.39723997067,13.1054812988,17.2110521739,10.8976921064
860,40.0,70.0,40.0,20.0,45.4556917064,9.68722694435,-14.4409423262,15.9705007284,14.8700478442,18.0006423331
861,40.0,100.0,40.0,20.0,57.6575523815,-5.24643636594,26.2816428082,23.4843419787,25.6022351512,10.5363534717
862,70.0,0.0,40.0,20.0,51.4006837779,24.4551314883,-5.03862059796,24.1062571369,19.6163833344,18.3835238104
863,70.0,10.0,40.0,20.0,65.1592661376,6.72255036207,41.4445424476,34.9663635845,34.2484062547,9.85217891956
864,70.0,20.0,40.0,20.0,52.4301860448,-12.0333998871,-22.3098536632,17.4707259025,20.5290661691,28.4791096363
865,70.0,40.0,40.0,20.0,59.494701048,7.29346850449,25.2843254855,28.4096000854,27.5661072426,11.8982760863
866,70.0,70.0,40.0,20.0,62.2242006949,3.2075621567,-8.59438603228,30.4225439758,30.6654565446,30.454051834
867,70.0,100.0,40.0,20.0,49.8944476611,-12.6235487527,7.58791057979,15.4223340144,18.330423477,12.2919793315
868,100.0,0.0,40.0,20.0,71.5719170422,15.673742818,3.79583020564,46.8746749644,43.0249726824,32.8894042494
869,100.0,10.0,40.0,20.0,49.36838978,-17.5275352541,-7.67979088103,14.2318126236,17.8949048564,17.9938613655
870,100.0,20.0,40.0,20.0,45.1263855824,6.1285130014,-10.8376334634,15.1175256041,14.6322860326,16.1938754541
871,100.0,40.0,40.0,20.0,58.6018463062,-3.87343853464,6.5473529757,24.7340614757,26.5995788144,18.763568789
872,100.0,70.0,40.0,20.0,51.2409026169,22.4639567514,-0.441894381538,23.4961717622,19.4772050393,16.2552008501
873,100.0,100.0,40.0,20.0,66.5406669902,7.34338887775,16.9519693983,36.9367213837,36.0271538584,20.3184718024
874,0.0,0.0,70.0,20.0,58.875862945,11.8228430659,22.2516758556,28.8892585406,26.8937618224,12.579901415
875,0.0,10.0,70.0,20.0,52.4230553049,-15.852017822,-22.5373489609,16.7672850898,20.5226491687,28.6103664929
876,0.0,20.0,70.0,20.0,51.878530024,-17.6109243998,14.8334139727,16.0380349384,20.036567248,11.0091306373
877,0.0,40.0,70.0,20.0,60.4742982847,21.3263979658,-6.7512453748,33.3473948214,28.6531606202,27.4625880187
878,0.0,70.0,70.0,20.0,65.0859810082,-3.25009199592,37.8220105844,32.0258994986,34.1557132093,10.9391101357
879,0.0,100.0,70.0,20.0,50.2205041061,0.49298008429,-21.9301336576,18.0327518636,18.603877872,26.0031586035
880,10.0,0.0,70.0,20.0,52.7555029151,-16.9804217263,6.36519319446,16.8222404162,20.8232456062,14.5596565168
881,10.0,10.0,70.0,20.0,59.4580725896,19.0579126345,3.98865952768,31.4878059906,27.5260032013,20.6862963242
882,10.0,20.0,70.0,20.0,65.1716125757,-2.90934035409,26.3925547034,32.2232693451,34.2640388561,15.103513262
883,10.0,40.0,70.0,20.0,47.6631060738,-1.82415280872,-13.1614721608,15.6246331529,16.5306337335,19.1577465538
884,10.0,70.0,70.0,20.0,49.4824470498,2.15026701814,-10.3674794413,17.7459410106,17.9887395383,19.318469492
885,10.0,100.0,70.0,20.0,64.7266832912,5.23725842924,26.5610881968,33.9900336422,33.7036829741,14.7332495609
886,20.0,0.0,70.0,20.0,36.5930077169,7.07253848426,1.65261016236,9.85478690729,9.31987434187,7.27704086633
887,20.0,10.0,70.0,20.0,55.2883037393,-12.4548141979,8.57980945895,19.7688519351,23.2103065015,15.413870357
888,20.0,20.0,70.0,20.0,52.5103963431,3.95350995994,-19.1028353477,20.6743997708,20.6013401236,26.6508598046
889,20.0,40.0,70.0,20.0,65.4027773188,4.28286375789,37.2278012732,34.5589859493,34.5576100581,11.3102098979
890,20.0,70.0,70.0,20.0,36.78975818,7.99774220844,-2.21025009848,10.080756646,9.42486308814,8.35689973636
891,20.0,100.0,70.0,20.0,54.8758385926,-13.0228049825,17.9941670256,19.3007032887,22.8097572638,11.6705582799
892,40.0,0.0,70.0,20.0,62.3744348105,17.9630769084,-0.672539914092,34.7423460382,30.8424804594,25.8301385067
893,40.0,10.0,70.0,20.0,56.4531326448,8.28677672904,27.0300038669,25.4172660376,24.3667459612,9.67438200273
894,40.0,20.0,70.0,20.0,55.6015250096,7.82439051394,-9.18950678308,24.4468165885,23.5175918613,24.0683661057
895,40.0,40.0,70.0,20.0,48.7985546072,-6.55393746389,12.5416390362,15.6529187475,17.4309873701,10.062164762
896,40.0,70.0,70.0,20.0,46.9879176507,-5.33294107081,-20.1084178087,14.5465963015,16.0102379054,21.9906689315
897,40.0,100.0,70.0,20.0,59.9403963965,15.4804560151,26.5379623145,31.078475409,28.0572183245,11.7339055485
898,70.0,0.0,70.0,20.0,57.972486109,12.4437271295,-2.05135138448,28.0496691807,25.932039664,22.4457801149
899,70.0,10.0,70.0,20.0,53.5168821949,2.78596724402,15.2619169247,21.3385502526,21.522706836,11.8018206811
900,70.0,20.0,70.0,20.0,49.8969968257,-1.20301160287,-13.5497300847,17.4543305687,18.3325509282,21.2091999969
901,70.0,40.0,70.0,20.0,45.4247742976,-13.0538331013,0.664424806308,12.3024585544,14.847616459,12.0217025671
902,70.0,70.0,70.0,20.0,43.6789548273,2.16137732172,-17.7411864263,13.4648444283,13.6172577574,18.1071091132
903,70.0,100.0,70.0,20.0,71.2815357266,-3.95611794153,-3.8880209383,39.7951566992,42.59838846,37.9434364842
904,100.0,0.0,70.0,20.0,48.8318073755,20.3682216488,10.2327798934,20.7904159184,17.4578363987,10.799658676
905,100.0,10.0,70.0,20.0,52.3073711333,-30.1519733476,12.8218410914,14.2388563632,20.418730954,11.9222987671
906,100.0,20.0,70.0,20.0,54.869393739,38.1955211005,20.7637398307,31.3122211553,22.8035354463,10.7609943325
907,100.0,40.0,70.0,20.0,67.8054926135,0.228687803118,16.1096943003,36.4316020873,37.7088668452,21.8241258124
908,100.0,70.0,70.0,20.0,52.6817368385,26.0917085481,2.56303562881,25.7874618761,20.7562952531,16.0379676352
909,100.0,100.0,70.0,20.0,76.4939540595,-6.01363942431,56.4551794957,46.7061504047,50.6951099502,11.2758081881
910,0.0,0.0,100.0,20.0,46.7489553463,14.9402241144,4.40083697694,17.9352370279,15.8287103633,11.5304992805
911,0.0,10.0,100.0,20.0,65.5100118026,-11.8701056971,37.0470717951,30.1779433732,34.6943615844,11.4309373555
912,0.0,20.0,100.0,20.0,56.3243213662,29.0042764725,19.5099203477,30.5208402667,24.2370151388,12.0034897675
913,0.0,40.0,100.0,20.0,78.9027887446,-4.67461629643,16.5566800178,51.0150857148,54.7599390094,32.8080808865
914,0.0,70.0,100.0,20.0,48.7904429628,18.1820902624,-14.7290350795,20.3024085037,17.4244420263,20.846753517
915,0.0,100.0,100.0,20.0,67.1768636088,-8.73453188094,3.06656280086,33.0148314719,36.8666480431,28.5088934567
916,10.0,0.0,100.0,20.0,56.7831016326,33.0555674754,-3.33992211456,32.1696753372,24.7011805034,22.0521076301
917,10.0,10.0,100.0,20.0,69.2423929835,13.6430955204,34.4636455125,42.6879131364,39.6819432249,14.687438024
918,10.0,20.0,100.0,20.0,55.2422016419,12.033821982,-2.20869569324,25.0686384281,23.1653053482,20.1635375668
919,10.0,40.0,100.0,20.0,37.5882325905,-2.55453116748,3.32590689508,9.19507411213,9.8590332972,7.28749445456
920,10.0,70.0,100.0,20.0,63.2035761863,26.8792095893,9.66567952034,38.5312547365,31.8317419883,21.0728808304
921,10.0,100.0,100.0,20.0,69.8712594449,11.972299299,44.9082435604,43.0383208113,40.5666859646,11.3180549844
922,20.0,0.0,100.0,20.0,57.4465227033,13.4561895662,-12.0998249206,27.7321962495,25.3828129651,27.5389080655
923,20.0,10.0,100.0,20.0,37.8155574085,-3.36652397273,5.95773493295,9.21535932664,9.98503430236,6.75140322698
924,20.0,20.0,100.0,20.0,64.1652967952,28.4090373659,-1.38970589855,40.3401693905,33.0054187153,28.0626577515
925,20.0,40.0,100.0,20.0,41.9621319115,6.50149491348,-1.50310564699,12.9939309767,12.475532304,10.7651154281
926,20.0,70.0,100.0,20.0,74.3294863766,-8.14117036512,-1.9721510552,42.7359418016,47.2187683398,40.459318867
927,20.0,100.0,100.0,20.0,47.9848370703,11.2746810723,7.84221599808,18.2502977691,16.7825224781,11.0991948485
928,40.0,0.0,100.0,20.0,61.7872820405,-21.1715680889,-19.0269227488,23.910051158,30.1544786089,37.0433151779
929,40.0,10.0,100.0,20.0,55.0101606878,30.4704806508,22.2392368911,29.4065576552,22.9396886194,10.3733523816
930,40.0,20.0,100.0,20.0,49.7167109985,-13.2665799227,-18.6695881046,15.1833596734,18.1824956064,23.7075541583
931,40.0,40.0,100.0,20.0,43.6310380949,4.02765451441,1.88343105701,13.7249629818,13.5844838552,10.6038385628
932,40.0,70.0,100.0,20.0,59.7651809364,-1.12166345542,-6.39477261238,26.5927108453,27.8634588234,26.5346095531
933,40.0,100.0,100.0,20.0,50.2508272103,20.1591194226,13.686510205,22.0437091051,18.6294463433,10.4814992011
934,70.0,0.0,100.0,20.0,67.2356609089,9.24231888439,4.44729902734,38.4505764524,36.9448858586,27.7363147331
935,70.0,10.0,100.0,20.0,41.8929902562,-2.28426154298,-9.86718761406,11.6609186303,12.4309402375,13.6092213844
936,70.0,20.0,100.0,20.0,53.4204486451,-9.254348329,-9.57175305835,18.80906277,21.433262381,22.2758081243
937,70.0,40.0,100.0,20.0,48.2639104067,14.6309573738,0.415617267892,19.1337172541,17.0030752856,13.8720325658
938,70.0,70.0,100.0,20.0,63.1331574702,3.04932355487,2.67924429862,31.4418170679,31.7469140738,24.681460868
939,70.0,100.0,100.0,20.0,53.6168516945,28.7716948351,9.13739883969,27.4328725916,21.6156933077,14.0642192328
940,100.0,0.0,100.0,20.0,51.7669011093,-23.9938724955,-7.74582082085,14.8666858779,19.9378769554,19.9443316357
941,100.0,10.0,100.0,20.0,41.8757877907,13.3151574683,-10.1160985918,13.9983207848,12.4198622494,13.6909975943
942,100.0,20.0,100.0,20.0,63.3888375838,-11.5975127002,10.260835556,27.8735327663,32.0556333034,20.9358035002
943,100.0,40.0,100.0,20.0,47.1679496464,29.8446781062,-0.619581727147,21.2735529269,16.1479119888,13.5524052399
944,100.0,70.0,100.0,20.0,72.0612041517,-1.57281342138,22.7713016946,41.6658487506,43.7501847664,22.1706004429
945,100.0,100.0,100.0,20.0,40.0460287677,5.52910875194,-15.8237725509,11.6400379578,11.2787395622,14.667418082
946,0.0,0.0,0.0,40.0,55.7963067065,-20.8980713676,14.4666989961,18.5373727114,23.7100431736,13.4746759333
947,0.0,20.0,0.0,40.0,45.4210539372,22.7302816561,-7.07501092255,18.3276131864,14.8449187622,14.871247013
948,0.0,40.0,0.0,40.0,65.6471696708,-8.51925605626,30.9927454191,31.2415223215,34.86979831,13.644818891
949,0.0,70.0,0.0,40.0,48.4155996169,38.4614466101,2.39523950008,24.3688524692,17.1237624224,13.2343231214
950,0.0,100.0,0.0,40.0,59.5194500592,-17.4004021334,-7.91961304111,22.5650596184,27.5932266655,27.1794829969
951,20.0,0.0,0.0,40.0,35.8627580123,9.43013614255,3.18407258953,9.75520936915,8.93702262848,6.61396366121
952,20.0,20.0,0.0,40.0,72.5764435639,-2.92196656684,9.44593048346,41.9547700196,44.5226236877,30.3321839465
953,20.0,40.0,0.0,40.0,44.7559991294,8.02106274189,-1.08675454976,15.1673826355,14.3679078504,12.227840646
954,20.0,70.0,0.0,40.0,62.3242099349,-13.0449202642,-21.2454795994,26.374419774,30.7832238687,39.3721769459
955,20.0,100.0,0.0,40.0,36.2117409541,9.22770410601,4.85848672503,9.91965261237,9.11865020176,6.37019681698
956,40.0,0.0,0.0,40.0,74.1557970713,-0.12429868735,-5.40912028874,45.2272744061,46.9469090991,42.922344025
957,40.0,20.0,0.0,40.0,44.5755388145,7.71688473993,4.76184596432,14.9856959308,14.2402590517,10.2147235616
958,40.0,40.0,0.0,40.0,49.5445813414,36.812941073,-0.748924597771,25.1206190519,18.0399950369,15.1827832372
959,40.0,70.0,0.0,40.0,66.3558399082,-8.56711098022,40.8886114232,32.0693467888,35.7856767335,10.6592542238
960,40.0,100.0,0.0,40.0,45.1718931277,24.1206518678,-8.25565033873,18.3881948642,14.6649908264,15.1698171922
961,70.0,0.0,0.0,40.0,55.5235360662,-21.7584628278,22.3598309602,18.1477385689,23.4408288956,10.6126369288
962,70.0,20.0,0.0,40.0,40.2180615786,8.09108751032,-16.5963636658,12.1131436651,11.3829186726,15.0897734967
963,70.0,40.0,0.0,40.0,71.3892126933,-2.60236008775,39.2058103396,40.3810156967,42.7562406189,14.2835927596
964,70.0,70.0,0.0,40.0,47.1535669322,30.4961433835,-2.63943844473,21.3983173421,16.1368843429,14.3065374042
965,70.0,100.0,0.0,40.0,62.4440671737,-13.7436418658,24.4849686923,26.330052205,30.9247602278,14.0154849141
966,100.0,0.0,0.0,40.0,42.8492570114,12.6772735824,-12.5685192821,14.5746771921,13.0571677802,15.2935349226
967,100.0,20.0,0.0,40.0,51.4512231428,-26.795867513,6.94643772963,14.1849079577,19.6605435597,13.4853053324
968,100.0,40.0,0.0,40.0,49.1104620464,36.1323507944,3.90977094553,24.5232004073,17.6839127751,13.1190237225
969,100.0,70.0,0.0,40.0,67.3298616601,-7.12635553421,15.7050099725,33.6611044687,37.0704633871,21.6129810004
970,100.0,100.0,0.0,40.0,44.7043160644,22.7631262349,-4.87365722103,17.7492109018,14.3312721591,13.5547926956
971,0.0,0.0,20.0,40.0,57.1014444055,-18.8421898431,-1.09415205671,20.0574792697,25.0267184025,21.1921341672
972,0.0,20.0,20.0,40.0,40.2206818113,4.85042124826,-14.2765596811,11.6505164697,11.3845103649,14.1852218138
973,0.0,40.0,20.0,40.0,67.150759439,8.20139527499,8.61551894526,38.0112860045,36.831948325,25.2339156397
974,0.0,70.0,20.0,40.0,50.6274812541,21.9871754961,5.06835053342,22.7987799535,18.9489966768,13.6554041909
975,0.0,100.0,20.0,40.0,59.9066568732,-2.38215454753,-1.4201627985,26.4335281124,28.0198383516,23.8801253214
976,20.0,0.0,20.0,40.0,44.9669893373,5.44033107089,-5.04068123332,14.8873629985,14.5181166043,13.7862333375
977,20.0,20.0,20.0,40.0,50.5685190813,-14.8052801816,-14.3286714857,15.5460427056,18.8987342827,22.1930879403
978,20.0,40.0,20.0,40.0,53.1558098849,27.1028350842,18.9884386574,26.528007464,21.1890774049,10.3900226218
979,20.0,70.0,20.0,40.0,63.986012734,3.22207489172,-0.703609202198,32.5085908286,32.7844706787,27.4667752272
980,20.0,100.0,20.0,40.0,47.8315493009,13.1562236919,8.85282403256,18.4841267537,16.6621940957,10.6900759227
981,40.0,0.0,20.0,40.0,53.2428456572,-8.40230847247,-13.8228834649,18.8259021969,21.2691804235,24.378172424
982,40.0,20.0,20.0,40.0,40.9517212712,-3.07774791196,-3.93940889394,10.9879968826,11.8344095757,10.9876530545
983,40.0,40.0,20.0,40.0,37.1116291114,17.0821199777,7.0869487153,11.4859449142,9.59831284218,6.21949550984
984,40.0,70.0,20.0,40.0,66.2350641902,-17.8100908366,-2.16778074145,29.4334691627,35.6284672782,30.7663175784
985,40.0,100.0,20.0,40.0,48.533889302,9.17830555555,3.81314437887,18.3018849607,17.2182715041,12.7957203415
986,70.0,0.0,20.0,40.0,46.0635725886,-0.477380876783,11.5743951156,14.6899221892,15.3156822147,8.96391819509
987,70.0,20.0,20.0,40.0,37.9778308573,16.3909031979,8.6536197304,11.9173748209,10.0756324538,6.20333893195
988,70.0,40.0,20.0,40.0,68.1189787917,-13.9811441989,-16.2613790229,32.6802089828,38.1336176175,43.2787268101
989,70.0,70.0,20.0,40.0,48.6388762063,7.96782407813,10.5006883685,18.1574361434,17.302442882,10.6091807391
990,70.0,100.0,20.0,40.0,43.8361845688,0.843306433151,2.90627219928,13.3653715209,13.7251693474,10.3943287401
991,100.0,0.0,20.0,40.0,52.4706587578,43.1336357882,15.9426790688,29.8589426391,20.565513177,10.9806022128
992,100.0,20.0,20.0,40.0,45.9064239291,0.871571143673,-16.8250605969,14.8010343967,15.1996358909,19.4560921065
993,100.0,40.0,20.0,40.0,65.9002188017,18.4403966789,29.381794226,39.5395200389,35.1950201629,14.4225260051
994,100.0,70.0,20.0,40.0,54.8108526478,-16.858772927,-16.7059734319,18.4972494151,22.7470720834,27.5757807575
995,100.0,100.0,20.0,40.0,80.0926229202,-2.85662938231,46.2339138662,53.6895114317,56.8455111708,17.5752444161
996,0.0,0.0,40.0,40.0,42.2398123579,8.0699795909,-18.6289981177,13.4190205263,12.6556930662,17.3990199378
997,0.0,20.0,40.0,40.0,60.9306005641,-25.5391386369,22.6023204161,22.1163062974,29.1691249423,13.7414023635
998,0.0,40.0,40.0,40.0,48.2896735255,28.2609100838,-7.84347845082,21.9677723874,17.0235328589,17.2439453604
999,0.0,70.0,40.0,40.0,73.4803810096,-9.68666470632,44.8024355031,41.0090580755,45.8996639934,13.5317191831
1000,0.0,100.0,40.0,40.0,54.0601814839,44.354285918,2.26240892529,32.0479304205,22.0312838659,17.1757199163
1001,20.0,0.0,40.0,40.0,40.8520729909,20.5131893905,11.4931068781,14.4482030484,11.7723982953,6.68166399272
1002,20.0,20.0,40.0,40.0,36.7981394795,1.66780686509,-9.86413188844,9.29406004317,9.42935288758,10.5933472932
1003,20.0,40.0,40.0,40.0,46.8446896998,8.56908648907,19.6017353452,16.8352253567,15.9012692347,7.21010185965
1004,20.0,70.0,40.0,40.0,40.8183026381,-6.93181108949,-11.6499741669,10.3966250905,11.7514322029,13.5831358296
1005,20.0,100.0,40.0,40.0,53.9051371071,-2.06541187162,28.5220869492,20.6729265804,21.885340497,8.03228877228
1006,40.0,0.0,40.0,40.0,46.9025571623,-10.6166547133,-8.60538522932,13.6395077023,15.9452354149,16.5433363907
1007,40.0,20.0,40.0,40.0,50.6315544421,-2.19314278359,-9.20350137327,17.8603054267,18.9524721591,19.705254193
1008,40.0,40.0,40.0,40.0,55.3688962484,4.23125429123,4.43477693243,23.3970828539,23.2891143389,17.2122778294
1009,40.0,70.0,40.0,40.0,59.0752447816,10.6798947741,1.95742277035,28.8158695365,27.1091751158,21.3684153117
1010,40.0,100.0,40.0,40.0,61.4451646237,15.6944115414,14.9486978591,32.9365564161,29.7583573157,17.1959162417
1011,70.0,0.0,40.0,40.0,44.8373440932,4.68942713713,-19.475861078,14.6703482751,14.4256958458,19.8400714153
1012,70.0,20.0,40.0,40.0,71.4207536766,-12.647152674,39.6505790565,37.2563213648,42.802552765,14.1340403398
1013,70.0,40.0,40.0,40.0,50.2371790208,24.0248645762,-8.57992457555,22.8774821272,18.6179352792,19.0907363677
1014,70.0,70.0,40.0,40.0,57.3272164018,-29.6819016366,17.290043058,18.1194508578,25.2593185008,13.4068087068
1015,70.0,100.0,40.0,40.0,55.4856472107,41.8906683919,2.18757211083,33.080574901,23.4035960143,18.3003404811
1016,100.0,0.0,40.0,40.0,50.6838519358,-7.90875361638,-12.2295571852,16.8479290947,18.9971332036,21.2274550539
1017,100.0,20.0,40.0,40.0,39.2311886352,1.62919807477,6.96364071557,10.6236882341,10.7939201697,7.09166780678
1018,100.0,40.0,40.0,40.0,61.8191463438,8.78723661026,2.55989474824,31.4621238256,30.1915506757,23.5123510363
1019,100.0,70.0,40.0,40.0,54.7367659714,-19.9777142644,6.88380680919,17.843448635,22.6757485941,15.717186929
1020,100.0,100.0,40.0,40.0,53.0856266337,-4.72425017647,-22.5868049558,19.416176962,21.1246312083,29.3445972613
1021,0.0,0.0,70.0,40.0,39.7295069408,0.716477122294,9.73886243932,10.7887751144,11.0887255447,6.63977178801
1022,0.0,20.0,70.0,40.0,62.8851230975,10.7084280244,-9.4640180806,33.2828760808,31.4493269159,31.7515458118
1023,0.0,40.0,70.0,40.0,54.4061738111,-21.2991396327,15.988272416,17.3324221827,22.3593030694,12.0770719097
1024,0.0,70.0,70.0,40.0,76.9975448121,-6.83757586428,7.69813981935,47.1883585059,51.5276672451,36.6813277111
1025,0.0,100.0,70.0,40.0,57.4391568276,-15.5790347208,11.6126788742,21.0312817102,25.3751768829,15.6886953233
1026,20.0,0.0,70.0,40.0,63.7750933042,14.0143894071,1.93331757593,35.357811065,32.5258005652,25.7213440676
1027,20.0,20.0,70.0,40.0,46.5520224838,6.96976759204,2.30413876466,16.3234607709,15.6801459586,12.1261194468
1028,20.0,40.0,70.0,40.0,50.2004358145,36.6954619327,-0.180440130303,25.7654915128,18.5869691402,15.4090431053
1029,20.0,70.0,70.0,40.0,57.4065500567,33.0856230561,25.3860748296,32.9318608674,25.3413923745,10.6822730878
1030,20.0,100.0,70.0,40.0,69.7578648675,4.51729153287,-1.57441078779,40.4095144176,40.4061909233,34.41571621
1031,40.0,0.0,70.0,40.0,50.743973964,16.2646616359,13.127526952,21.6633029202,19.0485628771,10.9284573715
1032,40.0,20.0,70.0,40.0,58.7968990585,-9.58545569116,-16.4700445481,23.6136323375,26.808765253,31.7236364462
1033,40.0,40.0,70.0,40.0,43.5808382545,-5.32587045966,-0.694861536509,12.2702231581,13.5502048109,11.4087542602
1034,40.0,70.0,70.0,40.0,51.4639806142,-2.12951144167,-0.443247291938,18.555636827,19.6717012341,16.4174749212
1035,40.0,100.0,70.0,40.0,42.6419050211,-9.18431966923,10.382589653,11.1490669395,12.9196349585,7.70171862537
1036,70.0,0.0,70.0,40.0,45.2667024989,8.19607063788,-1.82510928162,15.5715401174,14.7332836907,12.797568466
1037,70.0,20.0,70.0,40.0,37.8860650289,1.64392105224,3.60813449189,9.87312440582,10.0243320724,7.3444110194
1038,70.0,40.0,70.0,40.0,39.8877233153,18.1518784643,-1.64530228239,13.4102570586,11.1834367794,9.7082971714
1039,70.0,70.0,70.0,40.0,54.3976366074,29.0964663604,4.54071865386,28.3668133481,22.3511704255,16.4487357539
1040,70.0,100.0,70.0,40.0,62.4280160245,1.76379140972,11.604784627,30.2712311487,30.9057807283,19.4823962552
1041,100.0,0.0,70.0,40.0,48.7270366907,15.9731686182,-4.05253852734,19.7983686493,17.3733355051,15.9538616404
1042,100.0,20.0,70.0,40.0,53.3461604327,-11.0373331862,-0.965043781644,18.402752282,21.3645274982,18.0582753986
1043,100.0,40.0,70.0,40.0,43.1491862633,-0.512021740133,-14.3007614514,12.7075951064,13.2578272271,16.2165256368
1044,100.0,70.0,70.0,40.0,65.8847577194,6.3455375402,32.316279457,35.781724506,35.1750916306,13.3068702497
1045,100.0,100.0,70.0,40.0,52.1707993592,22.33264272,-3.2879186062,24.3821299741,20.2965018084,18.1918251793
1046,0.0,0.0,100.0,40.0,57.996774557,-5.61688195665,19.1481780529,23.7315345103,25.9575919685,13.1491308662
1047,0.0,20.0,100.0,40.0,44.419635242,7.65380962284,-13.3046361149,14.8630983788,14.130591108,16.7213425466
1048,0.0,40.0,100.0,40.0,47.2312758104,-19.8389607973,2.2548401884,12.4498936958,16.1965257629,12.551651287
1049,0.0,70.0,100.0,40.0,69.6750549469,4.310762449,34.3129086624,40.2272259809,40.2892522556,15.0414340927
1050,0.0,100.0,100.0,40.0,55.6990797372,-0.155613171658,-6.03191888043,22.7363526743,23.61384873,22.4774404116
1051,20.0,0.0,100.0,40.0,59.6357214227,-12.3249103575,15.1136586006,23.8126058542,27.7208723591,15.8061137767
1052,20.0,20.0,100.0,40.0,39.4011653896,13.3740666155,5.77656670769,12.3706293258,10.8938836749,7.45445992968
1053,20.0,40.0,100.0,40.0,69.8295274246,3.44128068996,44.7912602978,40.1614773252,40.5075704759,11.332885224
1054,20.0,70.0,100.0,40.0,57.6196644465,2.98037927969,-16.3109471613,25.3511427136,25.562747675,30.3127070214
1055,20.0,100.0,100.0,40.0,59.2592204139,-12.9890548176,25.00160396,23.2955698521,27.3089610601,11.8563680347
1056,40.0,0.0,100.0,40.0,38.1459300811,13.3256381263,1.3820254287,11.5845114611,10.170059334,8.02417617158
1057,40.0,20.0,100.0,40.0,47.0527551532,25.7422975493,5.78809116441,20.316780907,16.0597299092,11.2451011468
1058,40.0,40.0,100.0,40.0,52.6290232017,19.7974903542,-5.68941160171,24.2527919977,20.7085401883,19.6718394321
1059,40.0,70.0,100.0,40.0,58.4974251056,4.05182007089,16.1794339081,26.5214463741,26.4880397259,14.5930217671
1060,40.0,100.0,100.0,40.0,65.8194393044,-1.89499359501,-2.20679234448,33.2955443118,35.0909826083,30.3339086675
1061,70.0,0.0,100.0,40.0,69.4181437519,-15.7300995148,29.2438493714,33.7752442214,39.9278955294,16.9583319902
1062,70.0,20.0,100.0,40.0,50.3841872481,-8.71184255343,-22.4914195793,16.4719832862,18.7421737536,26.4896232257
1063,70.0,40.0,100.0,40.0,52.1276709926,-8.41628247547,11.5894233543,17.9027580282,20.25800433,12.2394904795
1064,70.0,70.0,100.0,40.0,60.1437481094,7.58947182634,-9.09801297267,29.2094903044,28.2832156333,28.5323713275
1065,70.0,100.0,100.0,40.0,61.6289645495,10.4568880643,29.10294388,31.6957496879,29.9707362968,11.8510807136
1066,100.0,0.0,100.0,40.0,67.7084317442,21.7713726942,2.91237831908,43.1995458886,37.5779988808,29.1663753068
1067,100.0,20.0,100.0,40.0,38.7102258611,12.0432668916,6.2660292145,11.7472549592,10.4913543408,7.04342449918
1068,100.0,40.0,100.0,40.0,40.6084051727,10.3219726195,-4.56866814337,12.6899760911,11.6216767434,10.999707256
1069,100.0,70.0,100.0,40.0,43.4986021567,0.49542047417,12.4485959519,13.087930547,13.4941744488,7.55270140742
1070,100.0,100.0,100.0,40.0,45.7010781906,-0.0174754329144,-4.51973683805,14.5087132581,15.0488839022,14.0677391406
1071,0.0,0.0,0.0,60.0,48.2720270112,-8.71629009475,18.7069445211,14.9022255306,17.0095186222,8.05926527801
1072,0.0,20.0,0.0,60.0,52.9262552117,-15.8763441546,-1.24722766862,17.1568236983,20.9787729941,17.8604256924
1073,0.0,40.0,0.0,60.0,62.5514527198,10.7499465306,-5.62043761543,32.8868297577,31.0519369748,28.9450982021
1074,0.0,70.0,0.0,60.0,59.7368760728,-12.4914554857,22.7631509798,23.8740249478,27.8322422359,12.9267350483
1075,0.0,100.0,0.0,60.0,53.6117779128,-5.49085927432,-19.0765205771,19.7161044964,21.6109674987,27.7568830363
1076,20.0,0.0,0.0,60.0,70.5741080682,3.52869679026,40.9288560294,41.2346870627,41.5709653854,13.114375204
1077,20.0,20.0,0.0,60.0,54.0793855507,-19.954342536,-18.9212117585,17.3206732218,22.0494056958,28.148378939
1078,20.0,40.0,0.0,60.0,41.3874480107,9.92404349526,-0.481634653378,13.1382400537,12.1081214733,10.1370715474
1079,20.0,70.0,0.0,60.0,65.0177798203,-8.97597287303,-4.40101213354,30.3844190237,34.0696008591,30.852614156
1080,20.0,100.0,0.0,60.0,45.6078434216,28.5144432639,8.80897462807,19.6169913434,14.980767096,9.5334255787
1081,40.0,0.0,0.0,60.0,73.9081286613,-0.20241931524,7.1216514285,44.8283155605,46.5610652206,33.3623221289
1082,40.0,20.0,0.0,60.0,59.1701030716,-25.0285069185,-10.7710118659,20.6171699564,27.2120631126,28.5288962221
1083,40.0,40.0,0.0,60.0,52.2238050656,20.9037379965,12.0593523935,24.1054634349,20.3438828196,12.1342975976
1084,40.0,70.0,0.0,60.0,73.3104872933,-10.4734194708,8.19225311794,40.5140347077,45.6387151298,31.9605508787
1085,40.0,100.0,0.0,60.0,45.3103554521,-1.04455702634,-2.22292048927,14.069469793,14.7647988372,12.9673353779
1086,70.0,0.0,0.0,60.0,61.7169583785,-19.5151496573,-24.4781827163,24.220415526,30.072768973,41.0472773521
1087,70.0,20.0,0.0,60.0,53.0156588289,19.2283634928,18.1477134875,24.5066586669,21.0605130523,10.577415683
1088,70.0,40.0,0.0,60.0,75.1009938237,-7.46994622109,-7.22761698952,44.0942415618,48.4390231716,45.742321321
1089,70.0,70.0,0.0,60.0,44.861813749,-0.824816153938,4.74827962734,13.796471808,14.4431095157,10.3714290447
1090,70.0,100.0,0.0,60.0,63.9717786481,-19.7129761422,-9.88118937192,26.4802506721,32.7669710966,33.2752338384
1091,100.0,0.0,0.0,60.0,68.1608310124,0.90526643464,29.240908083,37.1033880819,38.1905644845,16.0422127557
1092,100.0,20.0,0.0,60.0,54.3957719472,-1.51944005009,-11.863079127,21.2292836443,22.3493943899,24.3935482444
1093,100.0,40.0,0.0,60.0,53.6559598966,26.6193521149,14.3643695416,26.9393902811,21.6521424946,12.1910119634
1094,100.0,70.0,0.0,60.0,44.0190399668,16.4875955564,-11.8485928539,16.0768080823,13.8513838784,15.8213109877
1095,100.0,100.0,0.0,60.0,71.9903512236,8.1967753326,44.5803383617,44.8744796995,43.6446671786,12.679958825
1096,0.0,0.0,20.0,60.0,55.3198630404,28.1680363668,-4.11373448964,29.1536695297,23.2411457278,21.166085616
1097,0.0,20.0,20.0,60.0,62.5525038157,-6.17920669704,28.4799936284,28.334738014,31.0531835081,12.6190498834
1098,0.0,40.0,20.0,60.0,47.7446119773,9.53205276836,-15.5846479205,17.725566846,16.5942060294,20.3815669262
1099,0.0,70.0,20.0,60.0,51.3323833783,-24.5392642836,7.62616832086,14.4680099187,19.5568090314,13.16065936
1100,0.0,100.0,20.0,60.0,45.1343465846,-8.15470670175,-8.31490800217,12.8450377727,14.6380038335,15.1676252476
1101,20.0,0.0,20.0,60.0,47.9289396079,-0.086392463768,19.8257854052,16.1257606447,16.7385770136,7.61858328132
1102,20.0,20.0,20.0,60.0,40.6827043635,0.0568691692526,-8.59666016356,11.2587757074,11.6674975893,12.3974065475
1103,20.0,40.0,20.0,60.0,41.5953009287,11.9628171859,10.5582454606,13.5929693143,12.2401626145,7.20835200221
1104,20.0,70.0,20.0,60.0,36.754912445,8.53800613233,-7.01123743152,10.130922484,9.40621176876,9.69776203665
1105,20.0,100.0,20.0,60.0,68.2566686066,20.1391419855,-0.95272339454,43.4475947389,38.3211808746,32.2451708027
1106,40.0,0.0,20.0,60.0,60.5301786205,8.24486929469,-11.6493271626,29.81938219,28.7160177577,30.5396031067
1107,40.0,20.0,20.0,60.0,79.4157743262,-1.30011559386,25.0672712185,53.1583645479,55.6527423492,27.9644465156
1108,40.0,40.0,20.0,60.0,60.9653980552,8.00247461996,-11.6990589155,30.2536753833,29.2087244597,31.0529416298
1109,40.0,70.0,20.0,60.0,64.213813647,1.35694399153,2.70007469097,32.2616887833,33.0653806341,25.715459352
1110,40.0,100.0,20.0,60.0,69.766750232,-13.3684986498,10.7646847881,34.8983856061,40.4187516699,26.5838040183
1111,70.0,0.0,20.0,60.0,71.4441392472,-8.5612384666,-10.2611396841,38.5561257442,42.8369117655,43.0639928892
1112,70.0,20.0,20.0,60.0,57.9517183145,-5.76680290804,-6.91000867129,23.6534288314,25.9102045151,25.0462417024
1113,70.0,40.0,20.0,60.0,79.9864086361,-2.07032343452,26.7420947708,53.8182407917,56.6572199025,27.5507918336
1114,70.0,70.0,20.0,60.0,79.6334473441,-3.10677426598,25.1555396126,52.8212777467,56.0344954977,28.1374889255
1115,70.0,100.0,20.0,60.0,53.8576246767,37.5615308798,-2.87218092323,29.966637543,21.8407463864,19.3410981226
1116,100.0,0.0,20.0,60.0,60.7551007194,-18.4760628898,28.088311814,23.5118519928,28.9699516293,11.6848482618
1117,100.0,20.0,20.0,60.0,34.4180428878,6.31934226771,-4.65135270704,8.62859084165,8.2107718063,7.92149032971
1118,100.0,40.0,20.0,60.0,73.0190492321,-1.36719005692,50.3479618761,43.1156014429,45.1933866059,11.3139424461
1119,100.0,70.0,20.0,60.0,54.5714029708,35.027458642,3.81712768459,30.1108895968,22.5170911783,16.8846850004
1120,100.0,100.0,20.0,60.0,62.4166157555,-16.8409479483,17.7378213652,25.554740538,30.8923053268,16.7157148261
1121,0.0,0.0,40.0,60.0,34.5691918993,5.71391118275,-1.70613862457,8.6339248431,8.28483900044,7.24506421697
1122,0.0,20.0,40.0,60.0,73.855109495,-1.09815320835,37.4953668895,44.4390938785,46.4787420729,16.7003485361
1123,0.0,40.0,40.0,60.0,40.9955640752,3.33818914653,-5.9230789514,11.9108812495,11.8617618602,11.6657671575
1124,0.0,70.0,40.0,60.0,59.069790128,35.0985290557,5.01418801503,35.5962536367,27.1032666269,19.8633640048
1125,0.0,100.0,40.0,60.0,49.1406056489,-13.3435398753,1.44863148555,14.7555231224,17.7084850316,14.0532267384
1126,20.0,0.0,40.0,60.0,73.8816360032,10.4085743329,9.87926835322,48.5725488441,46.5199177863,31.5009107164
1127,20.0,20.0,40.0,60.0,56.1670568073,-32.0935444476,8.22290665167,16.7486206024,24.0792532143,16.1834698087
1128,20.0,40.0,40.0,60.0,58.5079157059,-24.0410701049,-23.2659273799,20.2333787208,26.4992313034,36.0259086077
1129,20.0,70.0,40.0,60.0,42.7777753114,11.9599666781,0.95504925001,14.4069841847,13.0096455842,10.4336851535
1130,20.0,100.0,40.0,60.0,71.1271628018,-11.4169379372,-6.65455788852,37.2454995368,42.372759509,39.8171624358
1131,40.0,0.0,40.0,60.0,49.4252994345,33.654931124,13.3793371175,24.2639252545,17.9416834167,10.1362740913
1132,40.0,20.0,40.0,60.0,81.9090479918,-0.434333898527,8.66931461331,57.8046998802,60.1304585338,42.3558618068
1133,40.0,40.0,40.0,60.0,35.572732642,0.461320043824,0.227658826949,8.52702798556,8.78792745607,7.19540777815
1134,40.0,70.0,40.0,60.0,43.0331626912,18.0268989599,0.471614074393,15.6064810648,13.1799628341,10.7243782285
1135,40.0,100.0,40.0,60.0,39.1752333504,-8.57218824947,3.62878052956,9.29480187643,10.7611471005,7.90124589568
1136,70.0,0.0,40.0,60.0,50.1112096408,6.27468694701,1.70628701468,19.0563160427,18.5119148068,14.5985422901
1137,70.0,20.0,40.0,60.0,42.1014092455,-16.73205132,8.41481258483,9.84701363033,12.5656810278,7.96855687408
1138,70.0,40.0,40.0,60.0,67.6595586601,19.8905316531,-0.710428966153,42.4949245226,37.5122176709,31.4110964087
1139,70.0,70.0,40.0,60.0,59.9687721091,8.08025016942,-11.5421719903,29.1408004261,28.0886814636,29.8587886217
1140,70.0,100.0,40.0,60.0,78.7612157944,-1.65147284206,22.9072068291,51.9337381803,54.5152370253,28.5896423463
1141,100.0,0.0,40.0,60.0,59.1209095951,4.55996999967,4.77052651733,27.3110891921,27.1586729987,20.0227052618
1142,100.0,20.0,40.0,60.0,63.6316631342,0.802723497375,2.26061803168,31.4149998576,32.3506782959,25.395775183
1143,100.0,40.0,40.0,60.0,69.036353825,-12.503803566,10.3481175647,34.2317036646,39.3948928189,26.096620871
1144,100.0,70.0,40.0,60.0,71.0656717775,-8.72006180603,-10.2498206003,37.9967198767,42.2831075851,42.5335789697
1145,100.0,100.0,40.0,60.0,57.3342319623,-6.17405789314,-6.33238145137,22.9644715279,25.2665692287,24.1393671075
1146,0.0,0.0,70.0,60.0,44.3634068133,-0.447359318667,0.673909683145,13.5180922551,14.0911766824,11.4022971002
1147,0.0,20.0,70.0,60.0,81.7347580472,0.0463220728592,3.78869198941,57.6934663288,59.8099113626,46.095036152
1148,0.0,40.0,70.0,60.0,34.5388511867,-1.23060778472,0.949407191091,7.84027526825,8.26993563002,6.6029408724
1149,0.0,70.0,70.0,60.0,52.6385711391,9.40607268877,-16.7498726618,21.9441300719,20.7171845495,25.4278827073
1150,0.0,100.0,70.0,60.0,54.7692236096,13.4505206635,22.5677285711,24.9223358755,22.706977291,10.1440052493
1151,20.0,0.0,70.0,60.0,61.9824248658,24.7096262763,-4.17926099816,36.2449080035,30.3819915564,27.4793740254
1152,20.0,20.0,70.0,60.0,34.6851774716,-0.575103424792,-0.442852518265,7.98077239454,8.34197620671,6.98817598179
1153,20.0,40.0,70.0,60.0,53.1869556761,6.00566205063,-6.67298696631,21.7213185439,21.2177191567,20.612263397
1154,20.0,70.0,70.0,60.0,56.0096467276,14.1834348591,15.1271777863,26.376957739,23.9220323461,13.3667497185
1155,20.0,100.0,70.0,60.0,60.9836100671,23.8527419713,6.35393109572,34.7115165155,29.2294639946,20.8169587879
1156,40.0,0.0,70.0,60.0,81.3848930444,-1.77952436952,19.9358611502,56.3346879853,59.1698961684,33.4142991172
1157,40.0,20.0,70.0,60.0,50.4805654173,34.3435129693,6.84265760796,25.4917655175,18.8239233488,12.9128336276
1158,40.0,40.0,70.0,60.0,71.1647977363,-13.2788290028,5.15314830938,36.7263727524,42.4276924913,31.5282203808
1159,40.0,70.0,70.0,60.0,43.6898608096,14.2632265215,-3.81175439613,15.4467016569,13.624724546,12.537797962
1160,40.0,100.0,70.0,60.0,58.5756540484,-27.0774154985,-12.328573673,19.6778686873,26.5715717952,28.8548876218
1161,70.0,0.0,70.0,60.0,42.0223482778,-14.1497904057,-2.10745510197,10.1330698606,12.5144548858,10.9921575735
1162,70.0,20.0,70.0,60.0,49.8412189629,4.85936769708,12.1088225316,18.5545216056,18.2860381002,10.7564275932
1163,70.0,40.0,70.0,60.0,38.6983078715,-5.83891932007,-4.20055197122,9.3774581811,10.4844995738,9.85900880547
1164,70.0,70.0,70.0,60.0,42.5816917108,17.1595936488,7.09700801324,15.1280539462,12.8798782957,8.54078485171
1165,70.0,100.0,70.0,60.0,35.9426095823,2.17132091014,-5.78960157341,8.91214427308,8.97836643529,8.93972306301
1166,100.0,0.0,70.0,60.0,79.9767069521,-2.61058085567,36.887600694,53.5902735721,56.6400420052,21.9298340653
1167,100.0,20.0,70.0,60.0,51.1246464562,34.0920980492,0.850593339888,26.0982134005,19.3763542636,15.6375944957
1168,100.0,40.0,70.0,60.0,69.3634120178,-15.2775906745,18.5190220135,33.8375513886,39.8511932182,21.9655619154
1169,100.0,70.0,70.0,60.0,44.4368823842,14.1054325606,-11.1110758425,15.9751750572,14.1426955451,15.8142749173
1170,100.0,100.0,70.0,60.0,55.8274472485,-31.1003213077,-1.17077880875,16.6640011767,23.7409081548,20.1495730345
1171,0.0,0.0,100.0,60.0,65.1864552661,26.3080744807,-1.25156062139,41.0892927299,34.2828384158,29.0524902989
1172,0.0,20.0,100.0,60.0,68.5302492841,20.8564001103,-1.16602174701,44.0956741316,38.6956798748,32.7004599669
1173,0.0,40.0,100.0,60.0,80.7733856057,-2.14909536071,28.2088077641,55.1282321812,58.0622468052,27.4854039229
1174,0.0,70.0,100.0,60.0,80.811657488,-1.87723306394,25.9275139829,55.3025081722,58.1311613232,28.9051999541
1175,0.0,100.0,100.0,60.0,58.161248997,0.628001186177,2.83703722436,25.3468780813,26.1310667072,20.1573011351
1176,20.0,0.0,100.0,60.0,65.1715048248,0.558091577209,2.50159312774,33.1988948518,34.2639024055,26.7822095884
1177,20.0,20.0,100.0,60.0,69.7682322991,-12.4743816145,-14.8284011372,35.1636475304,40.4208470391,44.4241398348
1178,20.0,40.0,100.0,60.0,71.9713509257,-9.86152627842,-10.8924638947,38.8622100026,43.6163998988,44.3116431512
1179,20.0,70.0,100.0,60.0,80.258200202,1.77308260362,3.59485260842,55.8091508933,57.1398694463,44.1485889926
1180,20.0,100.0,100.0,60.0,68.2866326705,-13.6655702374,9.6287915075,32.9730689815,38.3620797161,25.7686252383
1181,40.0,0.0,100.0,60.0,69.0434812735,12.9880144932,-3.3896763988,42.1816417492,39.4047994737,34.8204969428
1182,40.0,20.0,100.0,60.0,50.1458589604,2.48426255295,13.7707732188,18.3504821052,18.5410367132,10.3987607981
1183,40.0,40.0,100.0,60.0,59.6986405061,-1.64075879765,-17.3595291946,26.3956475485,27.7901104058,33.3501847154
1184,40.0,70.0,100.0,60.0,59.2536442701,20.9693314751,29.865493299,31.7713124374,27.3028913422,10.2773919591
1185,40.0,100.0,100.0,60.0,68.6058845746,10.051488084,9.9266501221,40.594073763,38.799644263,25.9127885666
1186,70.0,0.0,100.0,60.0,52.3121342967,2.65154526264,7.56867017835,20.2306536979,20.4230027272,13.8067777828
1187,70.0,20.0,100.0,60.0,59.4888326495,-4.76626584636,-4.68033341996,25.424847436,27.5596793877,25.2820555219
1188,70.0,40.0,100.0,60.0,59.768102788,22.1958647063,22.2503161556,32.7313802997,27.8666825747,13.1316313066
1189,70.0,70.0,100.0,60.0,52.9880407335,-22.249799777,-2.19782274081,16.0631574096,21.0352397213,18.3362697947
1190,70.0,100.0,100.0,60.0,48.0318248747,8.50704357993,-9.34566789115,17.7654338549,16.8195227968,17.7090461354
1191,100.0,0.0,100.0,60.0,64.1943335362,-5.31653773169,15.0821950698,30.4139248259,33.0412964708,19.2788374947
1192,100.0,20.0,100.0,60.0,54.8393923794,27.3308901748,2.20924817546,28.4022834285,22.774587231,17.7900362645
1193,100.0,40.0,100.0,60.0,73.0176841494,8.66468638488,29.8580165878,46.5971870055,45.1913075533,19.4846736609
1194,100.0,70.0,100.0,60.0,36.6259937417,7.39883053506,-2.88249572677,9.91415333783,9.33742145364,8.46218922792
1195,100.0,100.0,100.0,60.0,41.106965765,13.3829708301,4.00242492971,13.485945728,11.9314517471,8.69227266571
1196,0.0,0.0,0.0,80.0,40.7251177012,-2.35320748225,-1.32556608976,10.9537365207,11.6937081183,10.0461901246
1197,0.0,40.0,0.0,80.0,47.9448400247,1.34429638704,8.5450061103,16.3904865609,16.7510697855,10.8503144228
1198,0.0,70.0,0.0,80.0,45.2079688873,-11.4397631578,1.71007952001,12.4023706787,14.6909519038,11.5417963556
1199,0.0,100.0,0.0,80.0,53.5395689206,-18.7060126771,-13.7849850416,17.12278969,21.5437854185,24.639169615
1200,40.0,0.0,0.0,80.0,48.0367348657,4.62574867341,-1.86149426912,17.0520857568,16.8233922807,14.5950712597
1201,40.0,40.0,0.0,80.0,65.0478278487,-3.86541953306,1.46300077275,31.8100175389,34.1075223152,27.2675783871
1202,40.0,70.0,0.0,80.0,55.2330212182,24.1929255845,10.5917771241,28.0347262987,23.1563511085,14.5771849112
1203,40.0,100.0,0.0,80.0,74.2945625821,9.37983650552,14.7685189567,48.8481894507,47.164021397,28.857636138
1204,70.0,0.0,0.0,80.0,80.0555890956,-2.53081670256,39.2506259303,53.7546111749,56.7798122008,20.8100548867
1205,70.0,40.0,0.0,80.0,81.3491702553,-1.2754210102,18.8979589301,56.4763738299,59.1048058326,34.080082772
1206,70.0,70.0,0.0,80.0,53.0660201371,0.810692449813,2.74778044827,20.5197816797,21.1066508049,16.2372220685
1207,70.0,100.0,0.0,80.0,69.4418943361,0.606686389893,2.4765725604,38.7251736948,39.9612107423,31.3370369682
1208,100.0,0.0,0.0,80.0,67.239280665,-14.5747807951,-17.5354201975,31.4622967225,36.9497060508,43.0836717769
1209,100.0,40.0,0.0,80.0,74.8212641,-6.9591819173,-7.26336260978,43.8560151962,47.9941892174,45.3703643753
1210,100.0,70.0,0.0,80.0,62.5911298427,30.2542574932,-1.58402028342,38.7624779729,31.0990146762,26.570396458
1211,100.0,100.0,0.0,80.0,72.0437387817,15.2916208824,-0.29758440696,47.4679275035,43.7241587213,36.2895944478
1212,0.0,0.0,40.0,80.0,80.1794672514,-3.14064203028,25.9577392312,53.7248847743,56.9997740011,28.2216736699
1213,0.0,40.0,40.0,80.0,79.9972436625,-0.35089558792,26.4442365729,54.5138932825,56.6764086119,27.7397801639
1214,0.0,70.0,40.0,80.0,38.3851134409,-12.7389913419,6.25100116262,8.40383274221,10.3054307334,6.91333957551
1215,0.0,100.0,40.0,80.0,44.5717083029,17.7997937621,-1.66714220997,16.7330256118,14.2375577619,12.3190992088
1216,40.0,0.0,40.0,80.0,67.6203428025,-9.06646613247,40.6323514874,33.4641332367,37.4594902476,11.4485827054
1217,40.0,40.0,40.0,80.0,51.4612677705,38.7862905086,10.0633194974,27.6142849648,19.6693282299,12.3707538489
1218,40.0,70.0,40.0,80.0,38.9899770854,-11.8308053266,3.70074442434,8.81000580031,10.6531158146,7.8002924082
1219,40.0,100.0,40.0,80.0,45.9074084051,19.0151804617,-6.19093733233,18.0197511472,15.2003610458,14.8532736842
1220,70.0,0.0,40.0,80.0,68.6630512662,-8.21281600874,28.1095505607,35.0155652542,38.8783461054,16.8861989639
1221,70.0,40.0,40.0,80.0,52.0632834373,39.509222494,6.48499609412,28.4567057509,20.2006209942,14.0542668595
1222,70.0,70.0,40.0,80.0,67.5637931366,19.6988018708,11.9577820237,42.2927028947,37.3835437963,23.7849513251
1223,70.0,100.0,40.0,80.0,62.4599519702,11.2465277132,17.4205717112,32.9156967501,30.9435506738,16.8836116332
1224,100.0,0.0,40.0,80.0,59.4571205623,6.48446595909,-0.0376985608547,28.1615856865,27.5249613574,22.7307208565
1225,100.0,40.0,40.0,80.0,53.0607547335,-5.320725361,2.68656927353,19.2766482875,21.1018238337,16.2590615261
1226,100.0,70.0,40.0,80.0,49.5934035942,-9.72837594935,-13.3387665922,15.6962820892,18.0803374751,20.8438582415
1227,100.0,100.0,40.0,80.0,48.0480044693,-7.13078945297,7.09034677664,15.0057485716,16.8322759159,11.381242749
1228,0.0,0.0,70.0,80.0,44.8205480886,-1.86723795413,4.96709705228,13.6042355511,14.413751184,10.2816362457
1229,0.0,40.0,70.0,80.0,43.2377094238,2.43997985697,3.3181247469,13.2136336237,13.3174416788,9.95173831182
1230,0.0,70.0,70.0,80.0,39.7405315989,9.30076878728,1.38014043752,11.9904066598,11.0953077092,8.76601473639
1231,0.0,100.0,70.0,80.0,38.458619418,13.224087043,0.381415799607,11.7609538057,10.3472731609,8.4339609773
1232,40.0,0.0,70.0,80.0,66.0903086185,19.1727249196,25.2986499137,40.0370939102,35.4406515538,16.1973916008
1233,40.0,40.0,70.0,80.0,62.775785443,12.850605352,5.53863039583,33.7608287547,31.3187383452,22.8070527299
1234,40.0,70.0,70.0,80.0,57.9158695281,3.81297399,10.6148296093,25.8552890507,25.8725421369,16.4452759712
1235,40.0,100.0,70.0,80.0,53.2161685163,-4.07344965425,-9.27786457513,19.6583693738,21.2446068083,21.9434491053
1236,70.0,0.0,70.0,80.0,48.1483631703,-15.0013282041,-4.34243114804,13.7948336541,16.9115249277,15.6627225958
1237,70.0,40.0,70.0,80.0,79.6881522331,-2.71044136248,46.4416422785,53.066506332,56.1307102033,17.1787296695
1238,70.0,70.0,70.0,80.0,81.3354104022,-1.23921490995,17.8478336119,56.4670171505,59.0797468055,34.789499262
1239,70.0,100.0,70.0,80.0,48.487034217,0.849291737694,2.8368604228,16.7196917022,17.1807945457,13.1183099498
1240,100.0,0.0,70.0,80.0,71.2888187098,0.545456191525,2.67182297447,41.2666838658,42.6090528887,33.3175252902
1241,100.0,40.0,70.0,80.0,64.9308026273,-16.7683444059,-20.6944437064,28.248430312,33.9599916544,42.428047259
1242,100.0,70.0,70.0,80.0,75.5675022667,-6.36317926812,-6.77645832038,45.1735283378,49.1869774565,46.0379310809
1243,100.0,100.0,70.0,80.0,59.3791850889,35.1876142426,-1.47415561916,36.0215132788,27.439762399,23.4198712928
1244,0.0,0.0,100.0,80.0,72.9869594634,14.0413920244,-0.0826159625053,48.4907137729,45.1445300091,37.3091648031
1245,0.0,40.0,100.0,80.0,80.5355633374,-0.684865023091,2.84954901106,55.303429562,57.6352309992,45.1541697049
1246,0.0,70.0,100.0,80.0,70.530724445,-10.8334061926,-10.7327701441,36.6389960615,41.5085011384,42.1849269127
1247,0.0,100.0,100.0,80.0,55.204993903,41.8869080591,-0.452190208769,32.7377069378,23.1290285966,19.2955212312
1248,40.0,0.0,100.0,80.0,40.0981550191,-10.6946811578,9.42821988646,9.52233631044,11.3102386031,6.8604618777
1249,40.0,40.0,100.0,80.0,50.1843194207,23.8855927538,-11.6367442474,22.7961778007,18.573397538,20.507775277
1250,40.0,70.0,100.0,80.0,75.4528022403,2.00433083124,53.1904257667,47.9772349242,49.0023699239,11.7653147942
1251,40.0,100.0,100.0,80.0,56.1571161995,39.2690428429,6.99799243977,33.1579367639,24.0693042381,16.6933493274
1252,70.0,0.0,100.0,80.0,40.4397104734,-9.31833878393,6.16714778092,9.87880248609,11.5180872499,7.80880651104
1253,70.0,40.0,100.0,80.0,50.0281446047,22.5382150507,-3.94308560964,22.3521367671,18.442224886,16.8533337201
1254,70.0,70.0,100.0,80.0,76.2600471621,2.47964703053,41.2365898477,49.4283419048,50.3114749153,16.8738359714
1255,70.0,100.0,100.0,80.0,44.2408332042,-2.49042926679,-7.16008134215,13.1205694231,14.0055104688,14.1144768227
1256,100.0,0.0,100.0,80.0,58.5745916331,-11.516653334,-6.44181574656,22.9653123501,26.5704361844,25.3863795347
1257,100.0,40.0,100.0,80.0,51.0905999762,18.267457956,5.51109568979,22.4196211327,19.3468854108,13.7885509468
1258,100.0,70.0,100.0,80.0,68.9263495729,2.99232683486,8.53682798181,38.7766768019,39.242205106,27.0394351265
1259,100.0,100.0,100.0,80.0,57.239025542,35.0181674938,17.419109308,33.2752220087,25.1682896983,13.3034731905
1260,0.0,0.0,0.0,100.0,38.8493073332,17.3902208846,2.78344452469,12.6131799646,10.57156963,7.97488818331
1261,0.0,40.0,0.0,100.0,37.8924233601,3.83683354885,-2.56359424987,10.1569526765,10.0278809794,8.97795897459
1262,0.0,100.0,0.0,100.0,44.8362543526,6.48670098735,6.71074465968,14.9679070222,14.4249206648,9.76066635282
1263,40.0,0.0,0.0,100.0,42.1156744243,-6.61604354273,0.508580185105,11.1903174025,12.5749387568,10.2184501443
1264,40.0,40.0,0.0,100.0,50.5316344224,-4.2977546223,11.5000642427,17.3879075796,18.8673371353,11.3391354222
1265,40.0,100.0,0.0,100.0,45.0168041199,-1.64811876823,-14.590704957,13.7719163697,14.5537329886,17.7297847802
1266,100.0,0.0,0.0,100.0,56.3359697146,-15.2189036704,5.36289943279,20.1233247,24.248727658,17.5361043317
1267,100.0,40.0,0.0,100.0,51.5257953061,17.9131986243,-3.49742347252,22.7541369048,19.7258241004,17.7871763883
1268,100.0,100.0,0.0,100.0,67.5177660903,1.31381304821,21.9397425811,36.3847319286,37.3218051005,18.7542954969
1269,0.0,0.0,40.0,100.0,58.4736037811,35.1126674471,8.67986191155,34.8407716486,26.4626383735,17.6990820227
1270,0.0,40.0,40.0,100.0,79.6404002231,-2.58338120346,48.6058118163,53.0359079547,56.0467180852,16.2204222245
1271,0.0,100.0,40.0,100.0,81.3037195573,-0.829107376932,15.2167755599,56.5778512866,59.0220593442,36.6134608431
1272,40.0,0.0,40.0,100.0,46.2283093632,0.909558165695,2.77376936612,15.0387205403,15.4379645253,11.7753164951
1273,40.0,40.0,40.0,100.0,73.434512763,0.43060200225,2.54223819631,44.3410747571,45.8291147381,35.9741814147
1274,40.0,100.0,40.0,100.0,63.8923638505,-17.4319462599,-21.7067695443,26.9569820229,32.669451726,41.8129461937
1275,100.0,0.0,40.0,100.0,77.1211175657,-5.01944574855,-4.3922808251,48.0380151673,51.7333462342,46.2853815977
1276,100.0,40.0,40.0,100.0,58.2726551031,37.5522711453,-1.31459857307,35.3046267459,26.2490071063,22.3320620436
1277,100.0,100.0,40.0,100.0,74.8266559093,11.3540615994,0.258316678402,50.4341504005,48.0027375749,39.4115995453
1278,0.0,0.0,100.0,100.0,66.2102462157,18.3433815544,16.2686779361,39.9365930138,35.596219736,20.3737595106
1279,0.0,40.0,100.0,100.0,67.3769539747,22.600520365,0.145784134764,42.9967398806,37.1333479513,30.5457756296
1280,0.0,100.0,100.0,100.0,46.9934283864,-1.48048616348,8.85320335957,15.1914264187,16.0144404213,10.2385425343
1281,40.0,0.0,100.0,100.0,66.6629961684,9.64722073181,-7.11936291625,37.8074156264,36.1875732184,34.560302336
1282,40.0,40.0,100.0,100.0,37.1984000152,6.63927779531,6.0026198126,10.1325787017,9.64543335276,6.4960095586
1283,40.0,100.0,100.0,100.0,56.8880555836,-5.3278445355,-20.9360532418,22.7259017341,24.8081927061,32.4987298606
1284,100.0,0.0,100.0,100.0,49.3428072632,-1.39659466139,3.27240436721,16.9806006053,17.873903074,13.4996777444
1285,100.0,40.0,100.0,100.0,66.3078213389,6.47004407068,6.64512665291,36.3668957328,35.7231174079,25.5255123286
1286,100.0,100.0,100.0,100.0,36.6368081512,6.41000266742,4.13967968569,9.79499442867,9.34317903337,6.7015436839
1287,100.0,0.0,0.0,0.0,56.4618807297,-8.59320615918,-7.7616540876,21.6180660139,24.3755732442,24.0986016124
1288,98.0,0.0,0.0,0.0,53.6098074976,43.9494243657,6.58809353934,31.4010442345,21.6091324052,15.0518270133
1289,95.0,0.0,0.0,0.0,74.9134533119,-9.48907744042,28.43640337,43.1303693633,48.14048885,21.7876294371
1290,90.0,0.0,0.0,0.0,48.0861519176,27.0131640336,-3.67508763952,21.5123537341,16.8623701038,15.3481972455
1291,85.0,0.0,0.0,0.0,62.5958482466,-23.7146145258,9.86067360901,24.1258412941,31.1046163207,20.4597526624
1292,80.0,0.0,0.0,0.0,41.7113641067,6.82916823262,-13.9681242906,12.8797234228,12.3143091261,15.0684178597
1293,75.0,0.0,0.0,0.0,52.5927998475,-0.941833838789,15.4067098813,19.7476228643,20.675766725,11.2232145509
1294,70.0,0.0,0.0,0.0,39.7785343548,-9.38775632946,-2.80975143534,9.51359359041,11.1180168473,10.0013035642
1295,60.0,0.0,0.0,0.0,46.0897648676,10.2756629113,9.89992697425,16.5571053188,15.3350811274,9.45727684322
1296,50.0,0.0,0.0,0.0,36.4089697945,-0.547913387127,-4.60639325296,8.82854609784,9.22237761884,8.83350118213
1297,40.0,0.0,0.0,0.0,40.3430675351,21.2458759993,5.71783193805,14.2110044926,11.4590204961,7.88169197741
1298,30.0,0.0,0.0,0.0,53.2064708609,42.4556296992,14.3783580064,30.5241569345,21.2356785181,11.920136525
1299,25.0,0.0,0.0,0.0,75.8843116503,-8.00531944875,12.8203027179,45.0770730611,49.6992838603,31.8354811664
1300,20.0,0.0,0.0,0.0,47.3701142953,24.2601689502,2.08994879688,20.2933945747,16.3034495381,12.6947737283
1301,15.0,0.0,0.0,0.0,62.445840032,-21.3920439591,-5.96889302504,24.5129095569,30.9268570004,29.0476359816
1302,10.0,0.0,0.0,0.0,41.4046776524,2.31117195841,-8.84277250792,12.0168676388,12.1190305436,12.9262620102
1303,7.0,0.0,0.0,0.0,43.8364348943,0.891036928617,2.84614869249,13.3729362751,13.7253416064,10.413174121
1304,5.0,0.0,0.0,0.0,75.7851954665,0.511434655891,2.72817962671,47.9553806991,49.5386245007,38.7967940114
1305,3.0,0.0,0.0,0.0,63.2097676956,-18.4239909043,-22.791058214,25.9954519827,31.8392076336,41.7401403794
1306,2.0,0.0,0.0,0.0,78.5562539139,-3.69644350361,-2.76282694809,50.8202335295,54.1622636523,47.0003080604
1307,0.0,100.0,0.0,0.0,57.5212968247,39.0984942684,-1.22034012946,34.8058726774,25.4604167947,21.6200912792
1308,0.0,98.0,0.0,0.0,76.8206910804,8.53683461448,0.718322377082,52.635440336,51.2342549421,41.7069335557
1309,0.0,95.0,0.0,0.0,79.3911385882,-2.75817455367,50.7456657339,52.5522103682,55.6096459401,15.1687699623
1310,0.0,90.0,0.0,0.0,81.8905907252,-0.681791662726,11.5239123051,57.6702911595,60.0964585699,40.1065751972
1311,0.0,85.0,0.0,0.0,63.6494798166,0.365046015183,3.36153464456,31.3162458009,32.3723974479,24.7967390896
1312,0.0,80.0,0.0,0.0,80.6184903196,1.00448382654,2.44446471003,56.1249176719,57.7838898727,45.6095175008
1313,0.0,75.0,0.0,0.0,70.710573974,17.3970748079,-0.45275096029,46.1666867369,41.7678591194,34.7769053668
1314,0.0,70.0,0.0,0.0,52.7564556319,8.84877072803,18.2190669309,21.9335258715,20.8241112357,10.4151758747
1315,0.0,60.0,0.0,0.0,36.5089903784,0.557393172854,-5.21168444375,9.01035609818,9.27528015462,9.05231230399
1316,0.0,50.0,0.0,0.0,61.4711804877,26.0234152571,32.6798312739,35.977423692,29.7883572316,10.5920126885
1317,0.0,40.0,0.0,0.0,70.4235563744,14.0739226691,13.2344771691,44.5707079895,41.3544675636,25.813467906
1318,0.0,30.0,0.0,0.0,53.9962233971,9.31902299688,11.6157053634,23.2110073139,21.9710017152,13.3814865745
1319,0.0,25.0,0.0,0.0,36.7302968343,-1.08161741649,-0.0520492535094,8.92898064588,9.39305100609,7.76356850089
1320,0.0,20.0,0.0,0.0,61.3645107259,27.1872153377,24.9568908999,36.1889381659,29.6654801625,13.1483046366
1321,0.0,15.0,0.0,0.0,40.0703308378,20.8538905063,0.567211080155,13.9594574938,11.2934176184,9.15519192129
1322,0.0,10.0,0.0,0.0,36.5979092535,-1.55408341293,1.08615634202,8.80602592974,9.32248035158,7.41893407054
1323,0.0,7.0,0.0,0.0,45.6192393056,11.317580304,0.796973123257,16.3814593307,14.9890818164,12.0913127114
1324,0.0,5.0,0.0,0.0,40.6468373884,-11.8489177352,7.03140300116,9.67278436367,11.6453631601,7.67918024395
1325,0.0,3.0,0.0,0.0,53.0593901189,0.747865074528,2.78533348128,20.5009376563,21.1005729661,16.216719529
1326,0.0,2.0,0.0,0.0,40.721287945,2.33319102167,-4.0643580939,11.599764559,11.691339801,10.8999868104
1327,0.0,0.0,100.0,0.0,63.8822495614,-18.7031576674,-15.4901531964,26.6330529599,32.6570455422,37.0979432684
1328,0.0,0.0,98.0,0.0,45.9030785581,24.1059664638,8.65946598415,18.9960739113,15.1971718976,9.72808328974
1329,0.0,0.0,95.0,0.0,76.2941616788,-6.55513835561,1.39232909484,46.2074096677,50.36730579,40.476938719
1330,0.0,0.0,90.0,0.0,52.5334454527,42.6421040323,19.7616596409,29.8004840134,20.6221399879,9.82645971517
1331,0.0,0.0,85.0,0.0,53.8458314264,43.0132702633,4.5087070634,31.4232837162,21.8296868961,16.063475581
1332,0.0,0.0,80.0,0.0,44.7322465334,-4.95330873,-3.06897445248,13.0678781321,14.3510630098,12.9130986815
1333,0.0,0.0,75.0,0.0,67.1860242669,20.9105252452,7.83667977483,42.1537188755,36.8788302753,25.7085736567
1334,0.0,0.0,70.0,0.0,51.1423770281,-23.8659656655,2.23616609261,14.4442215412,19.3917127623,15.0907691843
1335,0.0,0.0,60.0,0.0,81.6884027791,-0.949167015743,15.3926828705,57.2038206241,59.724848799,36.9654855869
1336,0.0,0.0,50.0,0.0,40.9267793575,1.02135021972,2.9752198125,11.5397922177,11.8188678029,8.8915906878
1337,0.0,0.0,40.0,0.0,77.662310927,0.571048111534,2.7302616395,50.9767865092,52.6405767654,41.2679995106
1338,0.0,0.0,30.0,0.0,62.425450639,-19.2397092175,-23.867347028,24.9953567115,30.9027480372,41.523656658
1339,0.0,0.0,25.0,0.0,79.8374501776,-2.28191071353,-0.744670689138,53.4841331507,56.3938550602,47.1627678543
1340,0.0,0.0,20.0,0.0,56.6981379413,40.7082135893,-1.20512615179,34.2404217126,24.6147763333,20.9012346815
1341,0.0,0.0,15.0,0.0,78.5528447856,5.90254436918,1.07874207788,54.5248049804,54.1564055698,43.8035001818
1342,0.0,0.0,10.0,0.0,79.4238860141,-2.6420696221,53.2695775872,52.6515807851,55.6669373624,14.2026762245
1343,0.0,0.0,7.0,0.0,81.565396759,-0.264678438776,8.573125909,57.2668683193,59.4995220723,41.9632657403
1344,0.0,0.0,5.0,0.0,79.6481554912,0.549194739505,1.97562614231,54.2750796871,56.0603533033,44.6130660936
1345,0.0,0.0,3.0,0.0,71.0356814762,-11.3593163328,-10.8799736969,37.1422777143,42.2394286116,42.9955099237
1346,0.0,0.0,2.0,0.0,56.780215072,-22.439602619,21.537161132,19.0624850511,24.698241691,11.5835578088
1347,0.0,0.0,0.0,100.0,35.151002613,10.3069320096,-2.46560002549,9.48255022295,8.57409881928,7.6846274998
1348,0.0,0.0,0.0,98.0,69.6577571847,-5.63315613361,44.1547056312,37.0770244118,40.2648540264,11.4454082675
1349,0.0,0.0,0.0,95.0,46.9636866406,13.4170809306,-17.8015238005,17.8228169597,15.9917679339,20.8086446341
1350,0.0,0.0,0.0,90.0,59.0028914608,-20.883559242,13.2139228407,21.3336959478,27.0308717098,16.1410385302
1351,0.0,0.0,0.0,85.0,35.5867447089,9.59876074211,0.718815875123,9.62750550375,8.79509231701,7.08234376077
1352,0.0,0.0,0.0,80.0,70.7634232036,-5.07127380538,32.0925826204,38.7309324893,41.8442769566,16.7312107798
1353,0.0,0.0,0.0,75.0,46.3273519803,11.8448299432,-9.78187931803,17.0249498078,15.5117951323,16.6217946441
1354,0.0,0.0,0.0,70.0,48.9107239657,-5.31625177843,22.0539581654,15.951123187,17.5216657448,7.48400329511
1355,0.0,0.0,0.0,60.0,42.5373469689,-3.40065112997,-8.14512246826,11.8975086028,12.8506512818,13.3830120381
1356,0.0,0.0,0.0,50.0,43.2806999411,4.96061044746,14.212834614,13.634138514,13.3464572826,7.02743744622
1357,0.0,0.0,0.0,40.0,37.8144525122,6.14101837954,-7.5907277657,10.4130428683,9.98441930169,10.4300448896
1358,0.0,0.0,0.0,30.0,38.6088519446,16.1018607473,7.98907638845,12.2697482963,10.4331432732,6.59778778026
1359,0.0,0.0,0.0,25.0,58.7327678813,36.1008254603,1.85129599003,35.4623281241,26.7398665151,21.1257815308
1360,0.0,0.0,0.0,20.0,66.668867852,0.237395775598,35.4315188102,34.9727628163,36.1952851481,12.6706748342
1361,0.0,0.0,0.0,15.0,52.1332825278,19.349062064,-9.31770082995,23.6616823743,20.2630105719,21.021441546
1362,0.0,0.0,0.0,10.0,55.5318406426,-16.4900276618,15.7670353495,19.1743517567,23.4489949665,12.8356100985
1363,0.0,0.0,0.0,7.0,45.6753983175,1.07385378997,-20.1195668738,14.6698089989,15.0301017696,20.856531626
1364,0.0,0.0,0.0,5.0,74.0056101635,-10.0817348028,37.0234945005,41.623581959,46.7126788377,17.0143336146
1365,0.0,0.0,0.0,3.0,58.0996324128,-11.2938136976,-11.8664312197,22.5621342876,26.0659881232,28.0739260436
1366,0.0,0.0,0.0,2.0,61.4498737133,10.3695002537,22.3077407656,31.4595384639,29.7637860584,14.1920169398
1367,0.0,0.0,0.0,0.0,47.6332402052,7.57088236834,-12.9847998914,17.2728493777,16.5073799122,19.0512668518
1368,100.0,85.0,85.0,0.0,49.0592030562,33.4118241779,10.1453949061,23.8463930977,17.6421800313,10.9533525879
1369,80.0,65.0,65.0,0.0,41.2299115878,1.0769071716,3.19725428324,11.7322404556,12.0086795883,8.9761090541
1370,60.0,45.0,45.0,0.0,79.2579968427,0.677642895675,2.74527552405,53.6647466253,55.3771200621,43.4387487102
1371,40.0,27.0,27.0,0.0,61.5451735448,-20.3531858414,-25.2452014688,23.858665273,29.8737917422,41.4142314153
1372,20.0,12.0,12.0,0.0,80.2814847578,-1.61996243012,-0.115994814334,54.4965335631,57.1813453416,47.2795631063
1373,10.0,6.0,6.0,0.0,55.661918345,42.4327779763,-1.09809298489,33.4510806902,23.5771508215,19.9769199934
1374,5.0,3.0,3.0,0.0,79.245197902,4.62280233131,1.36229362845,55.2019475709,55.3548015186,44.5462173216
1375,40.0,27.0,27.0,10.0,79.3728650586,-2.81548072353,55.3761241863,52.499700925,55.5776936055,13.3786937162
1376,20.0,12.0,12.0,10.0,81.8552182769,-0.0398835383446,7.04839337327,57.8715371785,60.031335125,43.5799965834
1377,10.0,6.0,6.0,10.0,76.7660038109,0.199069834211,1.34984590791,49.3913941774,51.1437510568,41.1395059098
1378,60.0,45.0,45.0,20.0,81.3706951523,-1.16513615247,3.22366211226,56.5586569678,59.144020533,46.0424479185
1379,40.0,27.0,27.0,20.0,36.801100746,16.4536486592,1.62498890878,11.2126383463,9.43093955671,7.37220811715
1380,20.0,12.0,12.0,20.0,63.225774334,-23.0914867913,31.0151409476,24.9008953819,31.8585136495,12.1388236908
1381,10.0,6.0,6.0,20.0,50.3857646605,13.9810416204,-16.1974035075,20.8551625959,18.7435098326,23.0039964825
1382,80.0,65.0,65.0,40.0,46.1948801168,-1.52178821436,20.8763895786,14.6111079539,15.4130979171,6.64200235155
1383,60.0,45.0,45.0,40.0,37.4107495692,15.4715857339,4.63046619033,11.4410113914,9.76139868621,6.89927161414
1384,40.0,27.0,27.0,40.0,64.8499416458,-21.8526860814,20.2169024424,26.884507909,33.8583012443,17.4591956581
1385,20.0,12.0,12.0,40.0,50.2330822342,11.4763286443,-7.12005395238,20.2027519634,18.6144809206,18.4146208272
1386,10.0,6.0,6.0,40.0,44.3665612333,-1.0906815222,15.6696748879,13.4200086916,14.0933858923,7.12741558137
1387,100.0,85.0,85.0,60.0,38.0390312876,13.0078254336,-4.53326852176,11.475181219,10.1099427868,9.61958234413
1388,80.0,65.0,65.0,60.0,39.3791051596,7.77400212263,7.10380713489,11.551267053,10.8808753259,7.11939046571
1389,60.0,45.0,45.0,60.0,42.623713521,4.80921186402,-4.43850579129,13.1710356791,12.9076151595,12.1156781499
1390,40.0,27.0,27.0,60.0,44.8906271986,-3.43496163605,15.0315020521,13.4067476411,14.4636323772,7.50682668791
1391,20.0,12.0,12.0,60.0,48.5260314804,-4.91100184682,-3.92228977916,15.7336776605,17.2119826394,15.7573486576
1392,10.0,6.0,6.0,60.0,47.9320116429,-15.8024010797,3.96980502889,13.522288893,16.7409901913,12.3737545696
1393,100.0,85.0,85.0,80.0,53.9918750068,-1.70414466464,-16.4701836364,20.8256565643,21.9669072419,26.6052194834
1394,80.0,65.0,65.0,80.0,56.6828868589,2.80840364525,20.5044224851,24.3646473364,24.5992880452,11.8751299131
1395,60.0,45.0,45.0,80.0,62.9062271197,14.5588336497,-3.10623193254,34.417592106,31.4745744471,27.7895965371
1396,40.0,27.0,27.0,80.0,65.4413398937,19.3596326203,36.0330267683,39.2024090919,34.6067457954,11.730304905
1397,20.0,12.0,12.0,80.0,47.8553592316,25.3108940339,-6.10470587299,20.9434529488,16.6808466442,16.1822579753
1398,10.0,6.0,6.0,80.0,51.0502663435,15.2220002843,8.9130930153,21.7227045141,19.3120134104,12.5256454448
1399,100.0,85.0,85.0,100.0,58.9051878448,5.36998171477,-5.06381991976,27.2812011679,26.9253727751,24.9333368068
1400,80.0,65.0,65.0,100.0,62.1212611871,-6.77634123729,20.4899340754,27.711330002,30.5445527294,15.3616887074
1401,60.0,45.0,45.0,100.0,70.5832977481,-13.1521761742,-0.397059802066,36.0076501344,41.5842048316,34.5858319049
1402,40.0,27.0,27.0,100.0,59.642726199,-21.5767184339,-27.4259810646,21.7736708566,27.7285749296,40.5608617643
1403,20.0,12.0,12.0,100.0,80.843205631,-0.931603435668,1.13419952978,55.7356067152,58.1880096799,47.0394354117
1404,10.0,6.0,6.0,100.0,54.5269831703,43.7161299588,-0.683622218636,32.4308473375,22.4745990968,18.8584166835
1405,100.0,0.0,0.0,70.0,80.4041076125,3.24038554731,1.92067172582,56.655683308,57.4000999757,45.7381544158
1406,0.0,100.0,0.0,70.0,78.7261642588,-2.76724927369,58.8675058543,51.4500523377,54.4547649418,11.7540518312
1407,0.0,0.0,100.0,70.0,82.1139437232,0.0996918622329,4.96881657328,58.3896058872,60.5087568349,45.6545608329
1408,100.0,100.0,0.0,70.0,38.3443721223,1.14980650602,3.16154438401,10.0618925365,10.2822878716,7.65381356236
1409,100.0,0.0,100.0,70.0,80.6087428756,0.672836937466,2.87964309118,55.9743442542,57.7664028966,45.2337739821
1410,0.0,100.0,100.0,70.0,72.1485516616,-0.633078101123,0.0471236426916,42.1026183096,43.8805007717,36.1723350292
1411,40.0,40.0,0.0,70.0,67.0770694279,21.1544546899,-1.83036121421,42.0785464594,36.734111261,31.486334759
1412,40.0,0.0,40.0,70.0,48.5456482652,-13.3602521112,9.09072331399,14.3323888001,17.2276854377,11.0079487858
1413,0.0,40.0,40.0,70.0,38.0125482194,3.51215183237,-3.02302379015,10.1818907449,10.0950862411,9.16729561198
1414,3.0,3.0,0.0,0.0,58.9561849357,5.71544762896,27.6447220513,27.4223928317,26.9804043737,10.8136653166
1415,3.0,0.0,3.0,0.0,57.4503720707,-11.5967516675,-23.7303654757,21.8876107302,25.3868041504,35.0665806821
1416,0.0,3.0,3.0,0.0,50.5039444088,-12.0168678731,3.25113236124,15.9802068952,18.8437895664,14.2626878536
1417,3.0,3.0,3.0,0.0,39.2685051502,1.80527093434,3.18001746153,10.668549878,10.8158134349,8.06021385019
1418,3.0,0.0,0.0,3.0,59.7909728393,5.79677730396,18.9180643034,28.35336713,27.8919242591,14.3956699862
1419,0.0,3.0,0.0,3.0,56.1565443471,-15.4924900718,-9.65562061302,19.9109569038,24.0687319877,24.8513652342
1420,3.0,3.0,0.0,3.0,43.2906322664,-12.498603239,11.6199200606,11.0780834155,13.3531668981,7.67149392621
1421,0.0,0.0,3.0,3.0,46.6868301646,3.35214179643,-1.54093703474,15.79171858,15.7817428129,13.5865242353
1422,3.0,0.0,3.0,3.0,39.8574965781,-3.47811564469,6.91013596651,10.3067513961,11.1653009891,7.36837496219
1423,0.0,3.0,3.0,3.0,40.5336847581,14.7228368681,-1.7014315651,13.3103784253,11.575717272,10.0601241614
1424,3.0,3.0,3.0,3.0,36.3767152978,5.81390793292,1.91434390614,9.58029024774,9.20536067786,7.12251547093
1425,7.0,7.0,0.0,0.0,74.0724330771,11.1429186469,5.48224768004,49.1449904595,46.8167988592,34.6805007565
1426,7.0,0.0,7.0,0.0,53.6768162297,24.4581473629,18.0833504657,26.4304862366,21.6715975214,10.9609058772
1427,0.0,7.0,7.0,0.0,64.6020109859,-1.83393720849,-8.17448509305,31.8403727586,33.547770591,32.8580661294
1428,7.0,7.0,7.0,0.0,46.2023088938,4.15752635633,4.11257343636,15.5705522194,15.4186215621,11.3138204256
1429,7.0,0.0,0.0,7.0,53.923312013,-15.0792210653,-21.8973430387,18.1062962363,21.9024150975,29.8160480254
1430,0.0,7.0,0.0,7.0,60.74776836,-25.3923319012,15.6867178635,21.9775809848,28.9616499867,16.3654622203
1431,7.0,7.0,0.0,7.0,68.6745307308,3.47559393475,3.75324615747,38.5871790526,38.8941627967,29.6797161022
1432,0.0,0.0,7.0,7.0,51.9232491825,-7.95277706637,6.20743007231,17.8242375208,20.0761943081,14.0680108962
1433,7.0,0.0,7.0,7.0,55.2934870545,25.7615804813,-0.871522862387,28.5017756911,23.2153696777,19.565443192
1434,0.0,7.0,7.0,7.0,43.1854398088,11.0519296036,-1.94603888684,14.545756856,13.2822200174,11.5982512422
1435,7.0,7.0,7.0,7.0,58.9117818186,-21.9722328315,-28.2102618906,21.0217077197,26.9324841984,40.1950424291
1436,40.0,3.0,0.0,0.0,81.8268025589,-0.751392733341,1.53452457337,57.5289007906,59.979053656,48.1504984791
1437,3.0,40.0,0.0,0.0,54.802346831,44.592089198,-0.441017904639,33.0114865634,22.7388759166,18.9660327819
1438,40.0,0.0,3.0,0.0,80.6894199849,2.35621477226,1.57759053109,56.7960764314,57.9112444262,46.4390791581
1439,40.0,3.0,3.0,0.0,79.0403927241,-2.64999752299,60.0595652755,52.0122233372,54.9984815176,11.5358873801
1440,0.0,40.0,3.0,0.0,81.9832785495,0.325588353361,4.24611245127,58.2500328355,60.2673274688,46.0707474037
1441,3.0,40.0,3.0,0.0,36.9535202426,1.11561869066,3.04599538202,9.30836525468,9.51284765175,7.08940968871
1442,40.0,40.0,3.0,0.0,80.7349300195,0.48113164789,2.67123386464,56.1162639381,57.9930563796,45.5878377812
1443,3.0,0.0,40.0,0.0,61.4206492168,-0.715660236664,-0.495983421036,28.4845633956,29.7301060751,24.8049065397
1444,0.0,3.0,40.0,0.0,69.6948850546,-9.50362549141,-13.4480336042,35.9534293226,40.3172344429,43.2012825223
1445,3.0,3.0,40.0,0.0,71.7516516023,8.74980848912,-3.32404734304,44.7093522713,43.2904330216,38.1255410711
1446,40.0,3.0,40.0,0.0,53.0405385363,-4.22345787188,17.5747320128,19.4771503017,21.0832978084,10.7723962278
1447,3.0,40.0,40.0,0.0,62.1102904653,-5.40317219585,-17.7008654048,28.0467391686,30.5316862422,36.4879737576
1448,40.0,0.0,0.0,3.0,39.913389653,12.8645490262,11.0403184118,12.6222599869,11.198851777,6.41525541422
1449,40.0,3.0,0.0,3.0,71.3017516937,5.70706468177,11.9633268729,43.0047691313,42.6279949657,27.4349278857
1450,0.0,40.0,0.0,3.0,54.8012141406,-3.89256783371,10.7381769498,21.0976012535,22.7377846097,14.2327681944
1451,3.0,40.0,0.0,3.0,60.9795793071,-8.81442703421,-2.98005577722,25.9946510877,29.2248729868,25.7745959452
1452,40.0,40.0,0.0,3.0,38.2155879788,12.0853562911,8.04242973549,11.4525966898,10.2093607212,6.43119611468
1453,40.0,0.0,3.0,3.0,35.4100832185,4.76705829108,-8.87264886974,8.94771580308,8.70504364537,9.56260369236
1454,40.0,3.0,3.0,3.0,42.3949981884,16.1134857681,12.7927804358,14.818698997,12.757129972,7.00182879583
1455,0.0,40.0,3.0,3.0,39.0205444489,-2.21258579004,-10.542760401,10.0045707105,10.6708909834,12.0784763794
1456,3.0,40.0,3.0,3.0,49.6043464261,3.99457847877,23.4100196544,18.1932438757,18.0893879174,7.4440580361
1457,40.0,40.0,3.0,3.0,42.9385780931,-10.6572360045,-11.1525198442,11.1224283161,13.1167123597,14.7913740807
1458,0.0,0.0,40.0,3.0,55.2808437165,-33.2714869794,12.2534961813,15.8644864537,23.2030206796,13.9703933663
1459,3.0,0.0,40.0,3.0,44.744607823,15.1849409384,-15.5299752242,16.3987504425,14.3598277319,17.939276083
1460,40.0,0.0,40.0,3.0,67.9241179512,-17.1800412229,33.2387526521,31.5574399829,37.8692225101,14.2808082739
1461,0.0,3.0,40.0,3.0,50.7666872754,35.1897815002,-3.80661364103,25.990576309,19.0680164622,17.3460727212
1462,3.0,3.0,40.0,3.0,79.3742255403,-2.83794432689,53.3127343257,52.4932976504,55.5800720655,14.1534139918
1463,40.0,3.0,40.0,3.0,42.6245593805,4.9437940286,-17.0473492859,13.1922582224,12.9081738849,16.9994705931
1464,0.0,40.0,40.0,3.0,58.0556271396,32.615044125,21.5680184732,33.5941002944,26.0195765621,12.3236193169
1465,3.0,40.0,40.0,3.0,49.9619644905,-10.0264376678,-17.9390280532,15.9199394004,18.3868264351,23.542111972
1466,40.0,40.0,40.0,3.0,72.781293048,8.71457133557,37.1635152052,46.2527862437,44.8322391484,16.0603741533
1467,3.0,0.0,0.0,40.0,57.5058413393,-26.1438700827,-17.7159884873,18.9495059132,25.4443634713,31.0866156962
1468,0.0,3.0,0.0,40.0,59.3616939663,-21.8702689778,-28.0890336938,21.4524029524,27.4206653145,40.6986344491
1469,3.0,3.0,0.0,40.0,81.9746325174,-0.263065744784,1.95514633386,57.9916311581,60.2513749326,48.0073902387
1470,40.0,3.0,0.0,40.0,53.8868668896,45.1318371571,-0.0152065488712,32.0563995499,21.8681853012,18.0503725458
1471,3.0,40.0,0.0,40.0,81.9800151984,1.59331112898,1.98403638953,58.7698910056,60.2613060261,47.9904773904
1472,0.0,0.0,3.0,40.0,79.0974344282,-2.76226394181,59.7644394512,52.063460336,55.0975685572,11.667568155
1473,3.0,0.0,3.0,40.0,82.2489053171,0.348572738359,3.23057525554,58.7342432261,60.7588007049,47.3184528136
1474,40.0,0.0,3.0,40.0,36.8477341491,1.13544409617,3.04344320298,9.25536485019,9.45594956623,7.04615867566
1475,0.0,3.0,3.0,40.0,81.5407763263,0.565950353904,2.65891992296,57.5635432616,59.454489682,46.7659518505
1476,3.0,3.0,3.0,40.0,52.417919744,-0.483933795463,-0.839108647939,19.6882031528,20.5180284715,17.2933743174
1477,40.0,3.0,3.0,40.0,80.2058110779,1.33759974195,0.598888131337,55.5438536485,57.0466240262,46.5614321435
1478,0.0,40.0,3.0,40.0,56.8067479507,-30.8705827456,19.7581938333,17.4757852627,24.7252636385,12.2043579236
1479,3.0,40.0,3.0,40.0,53.5568805549,23.6787892029,-9.86683578554,26.115273903,21.5598791761,22.551100195
1480,40.0,40.0,3.0,40.0,70.1095671564,-14.3391362997,42.800241145,35.0475742495,40.9053629878,12.167649675
1481,3.0,0.0,40.0,40.0,47.610363396,5.80056510097,-20.6746548041,16.9315207324,16.4895825897,22.841735135
1482,0.0,3.0,40.0,40.0,59.322944494,-28.4335052563,10.84529948,20.0542531876,27.37838959,17.3899795063
1483,3.0,3.0,40.0,40.0,54.4816530466,20.5025057185,-0.723330720562,26.3118895781,22.431291345,18.8406343396
1484,40.0,3.0,40.0,40.0,71.6048523586,-13.5597944925,30.4700091237,37.2197754808,43.0735353088,18.078712222
1485,3.0,40.0,40.0,40.0,46.8122381367,3.53885107583,-12.2245776604,15.9180036196,15.8766487952,18.0556463338
