SAMPLE_ID,CMYK_C,CMYK_M,CMYK_Y,CMYK_K,LAB_L,LAB_A,LAB_B,XYZ_X,XYZ_Y,XYZ_Z
1,0.0,0.0,0.0,0.0,58.1024108287,6.07015679746,6.80316731889,26.5987679075,26.0689203187,18.2532480684
2,0.0,10.0,0.0,0.0,42.1605772694,-1.76060499815,-1.5580371039,11.8998085897,12.6041092132,10.8920311733
3,0.0,20.0,0.0,0.0,33.6903063244,0.0174431447402,-0.668976695633,7.58153906863,7.86033497789,6.63871626867
4,0.0,30.0,0.0,0.0,75.7135721164,7.41330569327,11.3988258181,50.3899043361,49.4227445633,32.5805354446
5,0.0,40.0,0.0,0.0,34.04666872,-0.750631097456,0.463715327619,7.66337806523,8.03066586096,6.51988419412
6,0.0,55.0,0.0,0.0,66.2628324916,-0.224191478965,4.221221001,34.3259995967,35.6645714438,26.8770024468
7,0.0,70.0,0.0,0.0,39.5953633188,2.07514707683,-0.0112347755196,10.893962121,11.0088448323,9.08664284705
8,0.0,85.0,0.0,0.0,60.9367367641,-0.10980866419,4.08265830714,28.1064535516,29.1761053322,21.918277265
9,0.0,100.0,0.0,0.0,33.3409275073,-0.65195052486,1.00175591599,7.3528907111,7.69569699083,6.12806979912
10,10.0,0.0,0.0,0.0,68.487275759,6.23101642094,10.3126048574,39.2025417188,38.6366934925,25.5766116934
11,10.0,10.0,0.0,0.0,33.9762852249,-0.486663879392,1.63091897867,7.65916406993,7.99683153342,6.23060301933
12,10.0,20.0,0.0,0.0,42.789252845,0.698090914799,3.84575539516,12.6565232512,13.0172682512,9.56386939987
13,10.0,30.0,0.0,0.0,35.5426673478,-1.31088847327,1.49337529909,8.31048791113,8.77256715148,6.87947232805
14,10.0,40.0,0.0,0.0,66.4588395008,7.49067754532,4.54867969445,36.8740721862,35.9201124417,26.8831460886
15,10.0,55.0,0.0,0.0,45.9309995357,-7.62889319538,-13.9640550151,13.4518952636,15.2177449282,18.1547485682
16,10.0,70.0,0.0,0.0,68.2757323202,7.27198857704,3.10378053099,39.2435621141,38.3471981383,29.6558611079
17,10.0,85.0,0.0,0.0,32.3944021092,-0.2277718087,1.32160165887,6.97908053141,7.26125048464,5.71108477327
18,10.0,100.0,0.0,0.0,60.0150059708,-0.290658885255,2.86614808908,27.0631256384,28.1399961821,21.7282236855
19,20.0,0.0,0.0,0.0,34.118796841,-0.615195249309,0.920753243104,7.71121116034,8.06543772853,6.44435842865
20,20.0,10.0,0.0,0.0,55.1916786327,-0.0350711274506,2.5907201122,22.2830706198,23.1160556997,17.8907637083
21,20.0,20.0,0.0,0.0,73.0236984497,1.13706279557,5.85174996398,43.9752379139,45.2004679508,33.190061562
22,20.0,30.0,0.0,0.0,46.7784989626,0.579948951975,2.63150668988,15.3836153588,15.8510784276,12.1478844202
23,20.0,40.0,0.0,0.0,41.3226108117,-1.60685631593,0.138666307202,11.4107271945,12.0671280118,9.91479264731
24,20.0,55.0,0.0,0.0,41.265805967,0.77299441182,2.62695375562,11.7110583181,12.0312891551,9.15559812488
25,20.0,70.0,0.0,0.0,73.7117884076,1.46493930213,1.87130522985,45.1140003548,46.2566924487,36.7980520297
26,20.0,85.0,0.0,0.0,35.9828596645,0.790095922088,2.72635285668,8.77006691461,8.99925449389,6.76810933673
27,20.0,100.0,0.0,0.0,54.3492050309,-11.17158544,-7.69404305067,19.2179206833,22.3050712418,22.1332140288
28,30.0,0.0,0.0,0.0,67.20419129,-0.944087000482,2.3422293165,35.3051131442,36.9029974918,28.981617278
29,30.0,10.0,0.0,0.0,72.6364938185,-0.276401656293,12.9788699358,42.9270484468,44.6132372104,28.2057826592
30,30.0,20.0,0.0,0.0,51.0046171675,-2.91096253297,1.93742298619,18.0281839407,19.2725962319,15.1151982025
31,30.0,30.0,0.0,0.0,42.5608220392,-1.56354550987,1.98789198176,12.1776142207,12.8661178661,10.0011229939
32,30.0,40.0,0.0,0.0,48.6680870167,-2.10892680727,1.93922526729,16.3309464267,17.3259108093,13.5626665234
33,30.0,55.0,0.0,0.0,81.0210429381,0.375634963873,5.20131323037,56.5722996876,58.5091580657,43.9114665365
34,30.0,70.0,0.0,0.0,35.4008264662,4.81917645679,-13.6072882503,8.94916479578,8.7003422763,11.019109392
35,30.0,85.0,0.0,0.0,44.4691521918,23.8860558909,16.2398529983,17.7696799206,14.1653617931,7.03271854751
36,30.0,100.0,0.0,0.0,39.0141493001,-2.63645343314,-14.2426314814,9.94701185694,10.6671705184,13.3914912269
37,40.0,0.0,0.0,0.0,65.6771239674,5.83709983207,20.9049396733,35.3640709452,34.9081909524,17.7856098556
38,40.0,10.0,0.0,0.0,50.398992014,-25.0712679298,5.15192932363,13.736526187,18.7547159895,13.4780244244
39,40.0,20.0,0.0,0.0,50.1693823155,-25.6739131276,9.27898228689,13.4867651389,18.5608249141,11.8735188359
40,40.0,30.0,0.0,0.0,65.7685839316,19.3610801916,25.7287877563,39.6524447107,35.0255902258,15.7891632101
41,40.0,40.0,0.0,0.0,42.1757072388,-7.50580462939,1.59663419261,11.1036835894,12.6139483211,9.91867736723
42,40.0,55.0,0.0,0.0,42.4476031042,20.7568374666,5.87034032228,15.6418998446,12.791637678,8.81529259178
43,40.0,70.0,0.0,0.0,34.4583652146,0.112626861465,-0.427261180221,7.94895963717,8.23048750282,6.89156153751
44,40.0,85.0,0.0,0.0,40.1123908501,5.71457892716,-12.6676658174,11.7067975394,11.3188512664,13.5091428187
45,40.0,100.0,0.0,0.0,41.2970546734,19.4637768901,10.1502712005,14.5904390124,12.050995544,7.18249368467
46,55.0,0.0,0.0,0.0,36.8252289137,-5.94711104288,-2.17309363444,8.41159603977,9.44387424669,8.36335548997
47,55.0,10.0,0.0,0.0,48.7818265602,7.00067000078,15.6566676508,18.0908037299,17.4174911844,9.13530531982
48,55.0,20.0,0.0,0.0,49.533367979,-26.5395777304,10.9055397522,12.9322217549,18.0307377776,10.971844015
49,55.0,30.0,0.0,0.0,42.6550457897,24.5267110914,6.67795159015,16.4583230686,12.9283221924,8.690499553
50,55.0,40.0,0.0,0.0,67.0435975538,-15.7134524007,29.1939058066,30.9219018566,36.6897284645,15.2742124232
51,55.0,55.0,0.0,0.0,45.8987868547,24.8622926702,0.882186359335,19.1409687791,15.1940112842,12.2283199139
52,55.0,70.0,0.0,0.0,54.2499821372,-31.0852569375,7.85954607895,15.4756078206,22.2108248188,14.9851638273
53,55.0,85.0,0.0,0.0,39.80638486,3.33518713617,-10.2923608279,11.1899590083,11.1346790107,12.4621630075
54,55.0,100.0,0.0,0.0,51.6601883386,-1.26782172073,27.901754547,18.8868518327,19.8438364679,7.21072693236
55,70.0,0.0,0.0,0.0,37.5011197136,16.5319635758,-3.12064755532,11.6447612662,9.81103096568,8.94482437497
56,70.0,10.0,0.0,0.0,45.0895504309,-11.4229797085,15.6360459808,12.3297401422,14.605849442,7.44152952161
57,70.0,20.0,0.0,0.0,34.7555162825,5.71061837823,-9.55482995203,8.7268734575,8.37675438331,9.43187748228
58,70.0,30.0,0.0,0.0,40.3506845141,-18.3604853635,7.76584059719,8.73223941533,11.4636685348,7.36704456834
59,70.0,40.0,0.0,0.0,49.6145205208,31.229751487,14.600445238,23.8946451329,18.0978052723,9.86503277269
60,70.0,55.0,0.0,0.0,53.9494654535,-2.91362019086,24.15874262,20.5370352503,21.9270007946,9.25213046413
61,70.0,70.0,0.0,0.0,42.2908279985,7.54847195324,1.35026903853,13.3722133522,12.6889797808,10.0533870295
62,70.0,85.0,0.0,0.0,45.6639763736,-15.7449965802,10.9558321798,12.0606409453,15.02175284,8.94409589211
63,70.0,100.0,0.0,0.0,45.9147291908,22.3860112235,-3.49181675927,18.6708740467,15.2057541844,13.8182354876
64,85.0,0.0,0.0,0.0,59.3225907066,5.16073742787,36.7119667199,27.6795562389,27.3780038078,8.3374166423
65,85.0,10.0,0.0,0.0,31.5927641348,6.79991226883,-2.06694525527,7.34422521084,6.90635374007,6.14002328959
66,85.0,20.0,0.0,0.0,44.5096890388,-19.6985739975,5.71989999341,10.814209642,14.1938690952,9.88881481148
67,85.0,30.0,0.0,0.0,46.8502876689,-19.0579556183,12.822340073,12.3230465339,15.9055188894,8.9945160297
68,85.0,40.0,0.0,0.0,50.7871660604,4.43814042882,-2.62684846352,19.2685224396,19.0855675618,16.8500803858
69,85.0,55.0,0.0,0.0,39.8070196723,-4.43951913848,5.19557269545,10.1538840659,11.1350589947,7.77819033853
70,85.0,70.0,0.0,0.0,49.4318106549,18.9023721898,5.29792850352,21.0243610867,17.9470406967,12.818367593
71,85.0,85.0,0.0,0.0,39.8042321758,1.00761682194,2.45149998404,10.8713659656,11.1333905279,8.50176792594
72,85.0,100.0,0.0,0.0,43.9132568569,14.0028096892,-11.9559121884,15.5668947325,13.7782740035,15.7904379535
73,100.0,0.0,0.0,0.0,49.655172301,27.3582358671,8.9082683009,23.0608363132,18.1314638543,11.6990562948
74,100.0,10.0,0.0,0.0,46.1918517785,-0.4974817958,-1.41822094589,14.7780311016,15.4108465838,13.2268025444
75,100.0,20.0,0.0,0.0,46.1141369093,0.25365220229,17.123794893,14.8470917431,15.3531466152,7.5111353739
76,100.0,30.0,0.0,0.0,43.928162181,-12.7452245867,-2.27772702224,11.4236254708,13.7885599108,12.1461107447
77,100.0,40.0,0.0,0.0,51.9893282647,-22.5282617639,0.247822400012,15.2736414675,20.134844661,16.5082081813
78,100.0,55.0,0.0,0.0,45.3470255902,1.21347476603,11.1625374374,14.4604609764,14.7913074639,8.73384160692
79,100.0,70.0,0.0,0.0,37.6293089254,-2.70549168255,0.237660019019,9.19822543315,9.88172205355,8.09074560654
80,100.0,85.0,0.0,0.0,39.7310612418,12.350131044,5.65686864985,12.4292993431,11.0896533673,7.62734591321
81,100.0,100.0,0.0,0.0,42.9792821598,12.2095826262,-10.1685054953,14.5899110501,13.143907061,14.4346955408
82,0.0,0.0,10.0,0.0,39.6089318932,-4.03200582982,1.36473940741,10.0964113869,11.0169072379,8.70742891849
83,0.0,10.0,10.0,0.0,48.5723365374,-20.923117983,4.48621478702,13.1569672363,17.249064135,12.5801699936
84,0.0,20.0,10.0,0.0,43.8044701187,4.82744184698,2.84821259721,13.9704635844,13.7033570177,10.3953798812
85,0.0,30.0,10.0,0.0,59.2217126328,-3.51308806158,20.9992555641,25.4490729171,27.2681505871,13.2442684308
86,0.0,40.0,10.0,0.0,51.4795749697,27.2618928312,16.2473665038,24.8360113971,19.6853457782,10.3437655939
87,0.0,55.0,10.0,0.0,46.3811051513,-16.422635537,-4.91392117811,12.4132460343,15.5519634113,14.6723857001
88,0.0,70.0,10.0,0.0,53.6215657732,20.2783618681,1.61164091914,25.3665315876,21.6200847005,17.1299130977
89,0.0,85.0,10.0,0.0,49.7957012902,-10.1045130646,13.6448792976,15.7819619725,18.2481395333,10.2508110839
90,0.0,100.0,10.0,0.0,45.9716640328,0.0810026273391,-12.5602286602,14.7167108962,15.2477409737,17.5597561283
91,10.0,0.0,10.0,0.0,60.369365733,10.2929759515,33.1455501767,30.1793100582,28.5353749445,9.86435143394
92,10.0,10.0,10.0,0.0,30.6947190699,-0.926955606738,-4.74894701011,6.20333492603,6.5227289662,6.39161248565
93,10.0,20.0,10.0,0.0,45.77940104,-16.2061580886,12.9518145764,12.065902797,15.1062654746,8.44794059918
94,10.0,30.0,10.0,0.0,33.4432718398,7.40071942097,2.57908902682,8.27244597061,7.74368428003,5.82680163865
95,10.0,40.0,10.0,0.0,53.7137182403,2.55880060051,28.3764053709,21.4703252582,21.7060486856,7.98410190558
96,10.0,55.0,10.0,0.0,43.302151437,-8.11204494156,0.153013057452,11.6957850749,13.3609512961,10.9747623124
97,10.0,70.0,10.0,0.0,55.4928765388,-18.0910042107,12.8060028642,18.8277935398,23.4106971342,13.8997043877
98,10.0,85.0,10.0,0.0,51.4675300205,12.7871142649,12.1641955242,21.5866828218,19.6748062926,11.6549678576
99,10.0,100.0,10.0,0.0,67.9940260531,0.0514648542181,30.5513601532,36.624072997,37.9639356169,15.3875421195
100,20.0,0.0,10.0,0.0,38.7450615394,14.6611809401,-7.95721030476,12.1452369032,10.5114076049,11.0566118506
101,20.0,10.0,10.0,0.0,39.8767651102,7.90994785106,6.4386966948,11.8749491866,11.1768596802,7.49386938783
102,20.0,20.0,10.0,0.0,43.747224996,5.84804219598,-7.72455390288,14.0943337748,13.6640439172,14.0054610786
103,20.0,30.0,10.0,0.0,54.7885994766,-11.7011304194,4.17586425266,19.4885200952,22.7256331905,16.8914508689
104,20.0,40.0,10.0,0.0,61.1857096709,-23.7176145191,10.2317082247,22.7556279676,29.4602709641,19.1211392967
105,20.0,55.0,10.0,0.0,60.5245444236,-10.7089942077,12.1453286721,25.0747434711,28.7096759542,17.7304284542
106,20.0,70.0,10.0,0.0,55.0106147668,-1.30043567447,9.05375113514,21.8403074332,22.9401286901,15.0317430273
107,20.0,85.0,10.0,0.0,49.2082821291,10.6775308862,4.49824631983,19.1567832368,17.7637359826,12.9671178297
108,20.0,100.0,10.0,0.0,38.6844495111,9.26102267992,-1.49303332383,11.3406553301,10.4765325359,9.06143168859
109,30.0,0.0,10.0,0.0,36.7314256839,10.0599898362,4.86129458123,10.31504925,9.39365427801,6.57274362123
110,30.0,10.0,10.0,0.0,46.060365903,26.4516127423,-1.50892312317,19.5945249439,15.3133083565,13.1771945462
111,30.0,20.0,10.0,0.0,37.31130975,7.22165810355,2.67793673855,10.2709363329,9.70697898651,7.32942964034
112,30.0,30.0,10.0,0.0,40.0535459842,2.253789657,4.34510863863,11.1877501862,11.2832784797,8.10978066927
113,30.0,40.0,10.0,0.0,42.7894593284,-3.25724663461,6.03910808953,12.0747677599,13.017405412,8.93303123426
114,30.0,55.0,10.0,0.0,56.2592858344,-15.9055990793,6.43150524868,19.9169691025,24.171690633,17.0121212187
115,30.0,70.0,10.0,0.0,57.3318668848,16.9431003148,22.4862351315,28.4934688027,25.2641247168,11.5842431059
116,30.0,85.0,10.0,0.0,52.3576836717,7.74845152686,14.8844028666,21.3313412689,20.4638831112,11.2615359473
117,30.0,100.0,10.0,0.0,47.8915651545,-4.46855561017,4.91246308044,15.3409709413,16.7092368039,12.0234330464
118,40.0,0.0,10.0,0.0,44.3813713538,-11.8312380348,0.435910922628,11.8284979247,14.1037613031,11.4915095836
119,40.0,10.0,10.0,0.0,43.9015453761,-2.15523614932,-17.8037406726,12.9487891283,13.770195702,18.308832662
120,40.0,20.0,10.0,0.0,43.4269223786,11.924061254,17.2413169965,14.8616541937,13.4454626518,6.38302731794
121,40.0,30.0,10.0,0.0,42.3368885405,8.78007016733,-3.09016928702,13.5951243998,12.719083483,11.4918786558
122,40.0,40.0,10.0,0.0,39.1597514331,0.0439274031984,8.91635967344,10.3739427742,10.7520910566,6.60296774217
123,40.0,55.0,10.0,0.0,37.9529407177,-0.48164510699,-10.3294847908,9.64229515431,10.061700719,11.3860506489
124,40.0,70.0,10.0,0.0,36.7045135831,-8.15748225876,3.27551484925,8.10465529501,9.37927913251,6.93181717108
125,40.0,85.0,10.0,0.0,61.2295183455,9.98631684577,25.6827819042,31.0954553932,29.5104621752,12.8026443808
126,40.0,100.0,10.0,0.0,56.9830192983,0.861747786926,18.4146614653,24.2139641271,24.9052846996,12.7835593123
127,55.0,0.0,10.0,0.0,50.7231575172,-9.62966692289,10.0867480496,16.5689386796,19.03074555,11.9235564542
128,55.0,10.0,10.0,0.0,49.71188231,-10.9658155197,-25.2797734121,15.5712607423,18.1784878972,27.4463271436
129,55.0,20.0,10.0,0.0,56.6847309024,6.21849381101,-2.26093291498,25.1636092117,24.6011604244,21.4171185558
130,55.0,30.0,10.0,0.0,39.6861438572,-0.623085903743,15.0545562089,10.5850064726,11.0628612954,5.47226017766
131,55.0,40.0,10.0,0.0,34.9741752933,-2.54250023105,-0.395514062588,7.90173268625,8.48548473659,7.09636352702
132,55.0,55.0,10.0,0.0,35.2646333373,-10.3950445268,5.24889861311,7.20293529866,8.6313673157,5.92685105378
133,55.0,70.0,10.0,0.0,54.9992233134,-8.37370704879,26.6246793841,20.3446573869,22.929090362,9.06461312929
134,55.0,85.0,10.0,0.0,44.1962613524,-5.96290252515,-12.8299105257,12.5676282491,13.9744456709,16.3568545283
135,55.0,100.0,10.0,0.0,45.382857527,8.30306897113,15.0472908272,15.6760305682,14.8172407907,7.71728438632
136,70.0,0.0,10.0,0.0,42.0763278694,-0.816591871833,-6.63232733939,11.9833059291,12.5494148884,12.5514136628
137,70.0,10.0,10.0,0.0,45.7619902602,23.5689889743,12.6926330075,18.7726465055,15.0934972505,8.5101662184
138,70.0,20.0,10.0,0.0,50.1773774476,35.779460119,-0.0841344459978,25.5225451766,18.5675537443,15.3540894902
139,70.0,30.0,10.0,0.0,42.5601166214,6.2078781481,-4.15753746306,13.3443517277,12.8656529198,11.9816169615
140,70.0,40.0,10.0,0.0,53.6043852141,19.1979461901,10.9238918556,25.0932909051,21.6040830428,13.3874614004
141,70.0,55.0,10.0,0.0,41.7578735121,-9.63377151156,7.70962527708,10.5742904161,12.3441053139,7.99800211848
142,70.0,70.0,10.0,0.0,51.5813753963,-5.11359505983,7.41251623356,18.0818472603,19.7745728372,13.3960888402
143,70.0,85.0,10.0,0.0,62.4466042455,-7.03738980227,16.1854888037,27.9998822255,30.9277608707,17.4099005048
144,70.0,100.0,10.0,0.0,40.3466341261,-8.17004225379,1.88130257329,9.97374458736,11.4611967475,8.91786877716
145,85.0,0.0,10.0,0.0,42.7605253086,7.48612194812,7.97123806318,13.6786850447,12.9981947986,8.38730789998
146,85.0,10.0,10.0,0.0,35.7810722505,1.57542584515,-1.51003919027,8.76018989462,8.8948606815,7.71792904266
147,85.0,20.0,10.0,0.0,49.7785895436,34.1378786235,2.53946084412,24.7293992333,18.2339056397,14.0567039424
148,85.0,30.0,10.0,0.0,39.2588553136,-12.3402206198,3.93099912054,8.88645949452,10.810149127,7.86037485768
149,85.0,40.0,10.0,0.0,34.9230353591,2.26771140703,-5.10432574265,8.41338421806,8.45997111628,8.26996183849
150,85.0,55.0,10.0,0.0,41.3686709286,-4.63467119955,9.90200965687,11.0207035763,12.0962400872,7.27324118189
151,85.0,70.0,10.0,0.0,38.6772193133,12.6089372789,1.28991519206,11.8075579563,10.4723775674,8.29094050655
152,85.0,85.0,10.0,0.0,46.9541423806,6.02363181851,19.5172719212,16.4632209002,15.9844967686,7.27688478768
153,85.0,100.0,10.0,0.0,44.2785913941,-3.08067487134,0.690627441474,13.0552465717,14.0318624078,11.3484748016
154,100.0,0.0,10.0,0.0,58.5105933763,-13.1191528605,16.4501823784,22.5502828951,26.5020883994,14.4965069034
155,100.0,10.0,10.0,0.0,52.9736109746,17.688935272,14.1278562106,24.1093941766,21.0220430882,11.8687623245
156,100.0,20.0,10.0,0.0,72.342687742,7.93208354974,37.9541002576,45.3115889335,44.1710635864,15.4259341283
157,100.0,30.0,10.0,0.0,49.7878905855,11.4830402116,11.0527340988,19.8149891009,18.2416415141,11.0661482489
158,100.0,40.0,10.0,0.0,46.5754202791,-11.9195589294,-10.42743046,13.2178085938,15.6977481758,17.082459788
159,100.0,55.0,10.0,0.0,34.5234916473,-0.152798266076,5.77258798079,7.95063559681,8.26239783686,5.54985397813
160,100.0,70.0,10.0,0.0,55.9977469512,-0.651493359744,2.03201843907,22.9115738661,23.9101747767,18.7753332701
161,100.0,85.0,10.0,0.0,45.2928721774,17.7020983305,17.1244433461,17.2808338847,14.7521714387,7.16189118954
162,100.0,100.0,10.0,0.0,49.8741961893,-24.9447734392,5.30826847763,13.4022589681,18.313528094,13.0893640077
163,0.0,0.0,20.0,0.0,45.3078141393,0.267333061115,2.86771094013,14.279109613,14.7629629116,11.2162365936
164,0.0,10.0,20.0,0.0,62.0593315293,-8.51706869886,22.4575493896,27.2085564853,30.4719688573,14.5397017514
165,0.0,20.0,20.0,0.0,54.6456938325,22.9286180031,18.0495020154,27.0819020544,22.5882776208,11.5193046957
166,0.0,30.0,20.0,0.0,43.0186545769,29.5976608308,0.838011578136,17.6685972119,13.1702478158,10.6005564792
167,0.0,40.0,20.0,0.0,36.5528673956,-3.08572004847,-0.870797738418,8.60508839398,9.29855112906,7.89561477971
168,0.0,55.0,20.0,0.0,49.702520064,17.0050405816,1.10213972509,20.8716312121,18.1707191091,14.5593800402
169,0.0,70.0,20.0,0.0,47.3700800109,-17.6250829776,-0.798424101976,12.8701660578,16.3034230767,13.7490976713
170,0.0,85.0,20.0,0.0,74.0790018393,-8.52983808609,27.1090814264,42.2440114209,46.82704231,21.7309367633
171,0.0,100.0,20.0,0.0,73.0786628583,7.8297474646,29.1236503482,46.3936549826,45.2842417524,19.884333638
172,10.0,0.0,20.0,0.0,46.8826358046,-18.5886331123,4.69631232936,12.4126224578,15.9300905545,11.5088515216
173,10.0,10.0,20.0,0.0,58.7365319354,31.7182052366,18.7889914208,34.1813209435,26.7439071271,13.7528140984
174,10.0,20.0,20.0,0.0,35.4631565841,-0.923105011122,-7.40939682795,8.31557610499,8.73203152705,9.16468440733
175,10.0,30.0,20.0,0.0,40.4393101208,21.0552112124,11.3703265973,14.2472225281,11.5178421425,6.5461705278
176,10.0,40.0,20.0,0.0,43.6951307301,25.2299784771,1.91361357322,17.3989981456,13.6283335788,10.6291752545
177,10.0,55.0,20.0,0.0,34.9670843889,-2.02286766174,-3.14639717275,7.95523633498,8.48194403835,7.77748636581
178,10.0,70.0,20.0,0.0,45.3718039787,12.9428196251,12.0192335298,16.4808129454,14.8092375663,8.51034709844
179,10.0,85.0,20.0,0.0,38.2800017138,-10.5217562548,-1.80163051522,8.60607145983,10.2457933072,8.95154648663
180,10.0,100.0,20.0,0.0,68.3060877245,0.550372764373,22.1822137848,37.1864619576,38.3886500723,19.2737731281
181,20.0,0.0,20.0,0.0,53.4172946756,-0.0425974136621,11.5407719928,20.6563606075,21.4303411906,13.044545331
182,20.0,10.0,20.0,0.0,37.3443250148,13.5971287737,7.42838070023,11.1417980186,9.72502451911,6.23270458845
183,20.0,20.0,20.0,0.0,45.079900377,-9.0359078484,1.22209383595,12.6773771571,14.5989288654,11.6311325745
184,20.0,30.0,20.0,0.0,34.4585201176,2.14086022429,0.439249609911,8.17338159535,8.23056330378,6.68872984615
185,20.0,40.0,20.0,0.0,39.9411263355,-14.0499964095,-5.66905431583,9.03256967225,11.2155261252,10.9835354146
186,20.0,55.0,20.0,0.0,44.7406625339,18.8736444167,8.22899253682,17.0595033454,14.3570299532,9.26724917738
187,20.0,70.0,20.0,0.0,54.8425364271,-2.31305135125,13.2805703649,21.468995548,22.7776197626,13.3059155748
188,20.0,85.0,20.0,0.0,49.4889869335,24.7647341559,10.2902025265,22.3308708547,17.9941298079,11.146498555
189,20.0,100.0,20.0,0.0,45.6163140033,-13.9141218,0.101960026234,12.2973732518,14.9869471497,12.3302286688
190,30.0,0.0,20.0,0.0,41.8454590708,2.12497271919,-2.16161966859,12.265943827,12.4003472926,10.9113833628
191,30.0,10.0,20.0,0.0,58.4823942969,4.91237608985,30.2865049327,26.7166412329,26.4720100576,9.7463773747
192,30.0,20.0,20.0,0.0,47.3155818763,18.5627232054,8.22599326049,19.1030565481,16.2613965122,10.6070221189
193,30.0,30.0,20.0,0.0,49.2019744208,-10.2440229676,15.3900559889,15.3193815173,17.7585815319,9.42103745703
194,30.0,40.0,20.0,0.0,41.0206444325,-3.99479782251,-3.0865245152,10.9039042552,11.8774277192,10.7524377786
195,30.0,55.0,20.0,0.0,61.7944310276,6.8668934014,3.08046584293,30.9096049566,30.1627933534,23.2118020186
196,30.0,70.0,20.0,0.0,34.4943923453,10.8805188566,7.97670276893,9.20709884852,8.24812972801,5.10107545431
197,30.0,85.0,20.0,0.0,52.4280540066,-6.08763583635,-10.1338644865,18.5937233106,20.5271473935,21.6870934548
198,30.0,100.0,20.0,0.0,31.7682121351,-1.53758477627,0.335610046495,6.58395921523,6.98301528824,5.69156827914
199,40.0,0.0,20.0,0.0,75.433754126,-6.60166162351,7.36620180254,44.8897054497,48.9717571383,35.0031389848
200,40.0,10.0,20.0,0.0,42.1846490059,1.86334131923,-17.4865377663,12.4424462767,12.6197656114,16.861999293
201,40.0,20.0,20.0,0.0,63.2414290629,-20.1502994186,-9.46761548108,25.6134788728,31.8774027656,32.1578754222
202,40.0,30.0,20.0,0.0,49.3810646313,22.069890955,-4.73475856375,21.648471862,17.9053162758,16.714644047
203,40.0,40.0,20.0,0.0,54.5768787734,-16.9399979691,-25.1171653377,18.288333922,22.5223330487,32.6294656381
204,40.0,55.0,20.0,0.0,41.9629815321,-4.71861371009,-12.3268429175,11.3617739658,12.4760809186,14.5924818656
205,40.0,70.0,20.0,0.0,43.1100663448,-5.06940820655,6.20368765963,12.0125713209,13.2315393503,9.0426134018
206,40.0,85.0,20.0,0.0,46.6643821635,4.87568856425,-5.0931708906,16.0401063906,15.7647946724,14.9352457935
207,40.0,100.0,20.0,0.0,48.1284649603,8.9987711156,16.3414144067,17.9361248119,16.8957924279,8.62811927955
208,55.0,0.0,20.0,0.0,53.4532510589,19.4267103103,5.62514154517,24.9937444746,21.4636595487,15.3294069301
209,55.0,10.0,20.0,0.0,69.4694976495,2.47851588722,5.75967343774,39.3555330974,39.9999535007,29.2834913728
210,55.0,20.0,20.0,0.0,40.6673414763,6.36315486218,-14.8435890131,12.1434435352,11.6580133274,14.7030718688
211,55.0,30.0,20.0,0.0,58.6913575287,-12.6094299161,-9.57345180243,22.8345220427,26.6954404672,27.3131690898
212,55.0,40.0,20.0,0.0,47.5496909637,24.8948755546,-5.10352219817,20.5831369707,16.4424436137,15.5521584225
213,55.0,55.0,20.0,0.0,51.9956287365,-21.2721871349,-12.9679109573,15.4920216643,20.1404427797,22.7650979472
214,55.0,70.0,20.0,0.0,39.7228355642,0.938642835608,-10.2371630014,10.8147784925,11.0847437291,12.3923550017
215,55.0,85.0,20.0,0.0,63.9715548269,-3.90633620933,36.8188262986,30.5347079978,32.7666959774,10.6462756027
216,55.0,100.0,20.0,0.0,44.5537391235,7.1258209276,-9.96213385536,14.8714237778,14.2248903955,15.4276555289
217,70.0,0.0,20.0,0.0,52.1331848204,-22.1259536439,15.2125998252,15.4474624047,20.2629233967,11.0284914383
218,70.0,10.0,20.0,0.0,53.3377998539,27.9365245261,3.53163096437,26.9259894878,21.3568011174,16.1055682673
219,70.0,20.0,20.0,0.0,73.7924251297,8.59182002552,18.1872532777,47.7707119282,46.3815369689,26.3045708794
220,70.0,30.0,20.0,0.0,43.1605103779,6.74982477183,-11.5366355603,13.8347194151,13.2654433201,15.0951412906
221,70.0,40.0,20.0,0.0,61.0936869764,-10.3088001178,-1.28964921239,25.7533500424,29.3550267677,24.9328372491
222,70.0,55.0,20.0,0.0,50.4621746574,27.0253316075,-0.223035556223,23.769156285,18.8083056794,15.6096126128
223,70.0,70.0,20.0,0.0,50.7679393739,-24.4751142698,-2.60258954944,14.0844698155,19.0690892494,16.8254525765
224,70.0,85.0,20.0,0.0,30.8133234136,0.116115184203,-1.34540968943,6.348837371,6.57255841168,5.69878643092
225,70.0,100.0,20.0,0.0,55.9624575985,-0.896935733529,6.4061795909,22.8234499347,23.8750336318,16.8028643779
226,85.0,0.0,20.0,0.0,33.6430740337,10.5212108803,5.28494001378,8.72869093761,7.83794174649,5.34161034189
227,85.0,10.0,20.0,0.0,47.2714145971,-12.87140757,-5.80898796154,13.5353474423,16.2273896822,15.6441610312
228,85.0,20.0,20.0,0.0,41.5160457936,1.89475807215,-13.6034394652,12.0260536724,12.1897021732,14.7906963939
229,85.0,30.0,20.0,0.0,61.7980684285,-8.45903401521,33.4646957215,26.9435714116,30.1670244776,10.5224773411
230,85.0,40.0,20.0,0.0,48.4993610177,22.3430841197,-2.95807486416,20.9033531723,17.1906488389,15.3463488597
231,85.0,55.0,20.0,0.0,50.94421563,-25.772177888,13.0608113591,13.9984351576,19.2205231615,11.0614748779
232,85.0,70.0,20.0,0.0,36.9035441371,2.40635343207,-8.227607841,9.43990066794,9.48593915542,10.1416922342
233,85.0,85.0,20.0,0.0,52.3137697434,-18.985497104,-6.20582514717,16.1259406981,20.424469591,19.6589333009
234,85.0,100.0,20.0,0.0,40.4082947757,16.2939420281,-0.332689945703,13.470278692,11.4988642223,9.585465821
235,100.0,0.0,20.0,0.0,62.1140003057,-7.25781775111,8.83293827311,27.5823338854,30.536036747,20.5561192522
236,100.0,10.0,20.0,0.0,45.5148821402,33.7492054866,11.5575952452,20.6004179548,14.9130550524,8.70461475221
237,100.0,20.0,20.0,0.0,59.1908270345,33.9623932902,6.44771279568,35.4136334173,27.2345759437,19.2824750105
238,100.0,30.0,20.0,0.0,51.3516687777,-7.78027697445,-13.6583726859,17.3975320049,19.5736182793,22.5456003032
239,100.0,40.0,20.0,0.0,49.8513079099,11.933345451,-7.79657045533,19.9611442033,18.294445378,18.422948578
240,100.0,55.0,20.0,0.0,61.5134224431,8.75659192276,0.140544074361,31.0938228828,29.837111027,24.5411497591
241,100.0,70.0,20.0,0.0,43.7137679688,-2.25157618355,-16.9084574053,12.8118586497,13.6411021485,17.761389978
242,100.0,85.0,20.0,0.0,48.1397177702,28.2266461686,0.584596407382,21.8212114652,16.9046882515,13.7280986016
243,100.0,100.0,20.0,0.0,51.6395623435,0.148781534022,25.4878945051,19.1471141574,19.8256940068,7.80606758593
244,0.0,0.0,30.0,0.0,41.9886104753,12.346679733,-9.35284843116,13.9214057752,12.4926375291,13.479548189
245,0.0,10.0,30.0,0.0,44.5919629151,-13.2747885128,12.721301188,11.7521267253,14.2518452566,7.96531885829
246,0.0,20.0,30.0,0.0,37.6895676448,1.39894211998,-15.8469099272,9.73549908187,9.91506926129,13.1428244624
247,0.0,30.0,30.0,0.0,59.3650634723,18.1694288949,6.40747259514,31.135377085,27.4243435052,19.442876644
248,0.0,40.0,30.0,0.0,50.1023711749,-17.281515783,-13.2234875185,14.7899065526,18.5044911767,21.2231384699
249,0.0,55.0,30.0,0.0,48.9389045905,-1.6927918003,-8.92028454668,16.612990756,17.544496451,18.2190007271
250,0.0,70.0,30.0,0.0,60.8719384655,-1.72095657848,1.9361017589,27.6283611325,29.1024485763,22.9755408757
251,0.0,85.0,30.0,0.0,42.3218175542,-6.09008113374,-10.6412829861,11.3861592622,12.709228332,14.1803897433
252,0.0,100.0,30.0,0.0,37.3654439623,-6.93089599987,-12.3744308395,8.56555528228,9.73657946538,11.7305545482
253,10.0,0.0,30.0,0.0,35.2031988778,-0.0685685727941,3.06651896896,8.28557568324,8.60037353998,6.38212054401
254,10.0,10.0,30.0,0.0,43.3119662813,-0.970041221792,-6.10314066087,12.7441312724,13.3675863351,13.1246566272
255,10.0,20.0,30.0,0.0,39.1923395462,10.7625109739,10.0291430376,11.8609848686,10.7711591669,6.36308739546
256,10.0,30.0,30.0,0.0,49.7262511687,8.55062119053,2.4765635588,19.177615301,18.1904154772,14.0463072501
257,10.0,40.0,30.0,0.0,55.5413885236,24.0048271544,4.53596525253,28.3254587146,23.4583859495,17.2978364832
258,10.0,55.0,30.0,0.0,51.8861300048,-6.67995754863,-7.77268653095,18.0339787524,20.04329815,20.0561675444
259,10.0,70.0,30.0,0.0,46.8287229377,3.7607211128,-9.23501162068,15.9690581411,15.8891523501,16.7572266428
260,10.0,85.0,30.0,0.0,63.0018944722,11.3917873368,8.24557003144,33.6218547014,31.5891943508,21.6116776058
261,10.0,100.0,30.0,0.0,50.6042645798,13.5615796476,2.12116105666,20.9642428075,18.9291949645,14.768964345
262,20.0,0.0,30.0,0.0,35.5725044111,-4.77592763468,5.14835396835,7.93951359943,8.78781078582,6.06290538537
263,20.0,10.0,30.0,0.0,33.1569572629,1.47735934923,2.40651113756,7.49279885875,7.60993611761,5.7591741074
264,20.0,20.0,30.0,0.0,56.7580429052,5.45323657747,4.26935137468,25.05761368,24.6756759405,18.3511812003
265,20.0,30.0,30.0,0.0,58.3166441171,19.7962517391,0.380382399652,30.354428087,26.2956737541,21.5040234757
266,20.0,40.0,30.0,0.0,51.1797037586,-15.3052438383,-18.2455995473,15.9147285516,19.424072283,24.8564925358
267,20.0,55.0,30.0,0.0,49.8329614387,0.634219555352,-13.5249771737,17.7449658367,18.2791588929,21.1416446678
268,20.0,70.0,30.0,0.0,62.3773768975,-0.677742252537,-2.98449936284,29.5659630774,30.8459539646,27.1749651576
269,20.0,85.0,30.0,0.0,44.2623001736,-0.698755419676,-22.6507556149,13.4110803124,14.0204884996,20.9034793018
270,20.0,100.0,30.0,0.0,39.0716595868,0.523710695463,-12.3741754037,10.3870456867,10.7006590067,12.7504499027
271,30.0,0.0,30.0,0.0,45.9895362067,-12.7702798579,9.31784849488,12.7052923039,15.2609367889,9.57730329944
272,30.0,10.0,30.0,0.0,43.2778131008,11.6223082817,-5.69982315342,14.7051277135,13.3445075479,12.9574328676
273,30.0,20.0,30.0,0.0,52.7315863176,0.506090948175,21.4524120169,20.161792973,20.80152307,9.42779169342
274,30.0,30.0,30.0,0.0,48.9896468648,27.4271870217,4.39094768474,22.4423575464,17.5856556049,12.8701668556
275,30.0,40.0,30.0,0.0,55.0903056231,25.50633225,0.873211393452,28.2123961294,23.0174482933,18.5887823699
276,30.0,55.0,30.0,0.0,49.1717258882,-10.9085187758,-15.9672475436,15.1848759609,17.7338772861,21.7985133966
277,30.0,70.0,30.0,0.0,46.3998510364,5.88407621782,-11.7972736265,16.0170473548,15.5659879914,17.5488607714
278,30.0,85.0,30.0,0.0,58.6139033501,4.20905341338,-3.04771774313,26.683097728,26.6124778568,23.5559676485
279,30.0,100.0,30.0,0.0,42.7852897361,-4.89279678284,-14.7131097244,11.836895749,13.0146358633,16.1267163235
280,40.0,0.0,30.0,0.0,46.7350639857,-15.7138126887,-9.19052805615,12.7457766216,15.8182002131,16.6693054315
281,40.0,10.0,30.0,0.0,51.0088658886,18.9589351498,21.2205291544,22.4939019158,19.2762626544,8.6520667718
282,40.0,20.0,30.0,0.0,33.5081482571,-0.151870731157,1.70034620378,7.48063961408,7.77420665186,6.03878700285
283,40.0,30.0,30.0,0.0,43.0326209839,-2.77980060965,5.77373907752,12.2970380608,13.1796000067,9.12689093807
284,40.0,40.0,30.0,0.0,65.7989452597,6.26919697026,8.79878791334,35.6485748024,35.0646205584,23.8477390026
285,40.0,55.0,30.0,0.0,58.2458071103,33.9872582779,10.4114980831,34.2259270811,26.2205520132,16.773532188
286,40.0,70.0,30.0,0.0,50.4810968771,-9.73188466701,-10.7567951443,16.3649278981,18.8243747997,20.3281255595
287,40.0,85.0,30.0,0.0,48.4715294349,9.98712664047,-5.34304906708,18.4052684575,17.1684050582,16.3082139012
288,40.0,100.0,30.0,0.0,60.6217392242,7.78772700515,3.85434726725,29.8028532161,28.8192085327,21.7576744471
289,55.0,0.0,30.0,0.0,42.19056399,-6.87831388663,-7.39851050143,11.1986514861,12.623614735,12.8941748632
290,55.0,10.0,30.0,0.0,33.7655339221,-8.10606026318,0.845438243887,6.78317101521,7.89608902049,6.32440529138
291,55.0,20.0,30.0,0.0,35.0798880443,7.28215518544,6.83834508729,9.07781729547,8.53838714306,5.52809168914
292,55.0,30.0,30.0,0.0,38.0641610009,0.152381304449,10.2864176886,9.78174484017,10.1240535945,5.88189334736
293,55.0,40.0,30.0,0.0,32.1245548676,-3.20290969875,-0.641263565736,6.57146370054,7.14046029849,6.029286239
294,55.0,55.0,30.0,0.0,48.8781967512,-13.6331666339,-12.6912459051,14.5216120211,17.495338257,19.9274795132
295,55.0,70.0,30.0,0.0,50.3048394014,12.4503174227,18.51659124,20.4657954187,18.6750474845,9.06867992784
296,55.0,85.0,30.0,0.0,58.6993341297,2.98842861866,0.460245312239,26.4742259193,26.7039941323,21.7982167743
297,55.0,100.0,30.0,0.0,42.8568685486,-7.98611703622,3.97932737153,11.4433791973,13.0622348607,9.55887041002
298,70.0,0.0,30.0,0.0,37.9176116139,-3.25029171275,-1.29278045133,9.28277925684,10.0419480523,8.63616394338
299,70.0,10.0,30.0,0.0,48.2099842173,-8.09178984944,-16.5804919761,14.9617997869,16.9603074931,21.27036162
300,70.0,20.0,30.0,0.0,42.2540286217,9.27649751251,6.96543308104,13.6169638297,12.6649630441,8.42308643338
301,70.0,30.0,30.0,0.0,56.1461304251,3.93991189847,-4.64318917872,24.0923211407,24.0583124037,22.1575687582
302,70.0,40.0,30.0,0.0,48.8800067462,27.2510070843,19.4161121049,22.3006349638,17.4968025714,8.14859911626
303,70.0,55.0,30.0,0.0,74.4022657103,8.94312354467,11.3254908011,48.8583100354,47.3329941671,31.14494309
304,70.0,70.0,30.0,0.0,43.4299467276,9.40191237955,-13.8634871474,14.4482434798,13.4475155517,16.2361115867
305,70.0,85.0,30.0,0.0,62.4952603636,-9.29779983542,-5.77679404565,27.4828330505,30.985344944,28.9817262955
306,70.0,100.0,30.0,0.0,50.0167368756,28.5106660101,-2.59902715433,23.6704282232,18.4326677087,16.2746949283
307,85.0,0.0,30.0,0.0,53.8907839425,-19.8161852851,-17.1351816699,17.1966828488,21.8718625432,26.8918201883
308,85.0,10.0,30.0,0.0,52.7725492568,18.4361076999,9.04147582277,24.0819710553,20.8387373773,13.5531644373
309,85.0,20.0,30.0,0.0,48.4897289119,8.78296176889,9.15147073736,18.1901983685,17.1829484174,10.9572412179
310,85.0,30.0,30.0,0.0,45.711807723,2.73288534421,-2.40695802848,14.9712696894,15.0567360616,13.2857188909
311,85.0,40.0,30.0,0.0,42.0028507178,-4.56110852616,-1.08723285957,11.4076338809,12.5018432271,10.655437714
312,85.0,55.0,30.0,0.0,40.7281490314,-6.96461620588,-10.3712443232,10.3414927568,11.6955829167,13.0569174325
313,85.0,70.0,30.0,0.0,74.7808474761,-7.30983755149,13.4672901921,43.6766675793,47.9301436432,30.1922495597
314,85.0,85.0,30.0,0.0,42.314304012,-0.854541078054,-14.0068089211,12.1261944717,12.7043170127,15.5020687275
315,85.0,100.0,30.0,0.0,60.3788036996,-22.4455536436,-5.34830993596,22.2717028583,28.5459557263,26.5412954163
316,100.0,0.0,30.0,0.0,49.9906641536,17.538424992,-2.75597099454,21.2441234751,18.4108368793,16.3217063254
317,100.0,10.0,30.0,0.0,50.5638155385,-23.5219524735,-8.07905011914,14.0962380491,18.8947285728,19.11980748
318,100.0,20.0,30.0,0.0,40.6603136063,-1.6566219905,-9.06776475445,11.0104581191,11.6536763933,12.5493094785
319,100.0,30.0,30.0,0.0,67.006266635,-2.58114555246,6.1187301567,34.5728780544,36.6402708652,26.517839855
320,100.0,40.0,30.0,0.0,43.1237583526,5.32040348959,3.40362720243,13.5844718796,13.240736175,9.86678968875
321,100.0,55.0,30.0,0.0,55.1533725914,-17.7283262385,-10.678343355,18.6142721848,23.0787616689,24.4603288719
322,100.0,70.0,30.0,0.0,50.9397908793,28.3004125,18.2648669241,24.5355344351,19.2167122092,9.4564515299
323,100.0,85.0,30.0,0.0,69.0608985675,0.817088704408,9.41883275489,38.2759953499,39.4290152821,26.6588314674
324,100.0,100.0,30.0,0.0,43.9612803367,8.12309969597,-11.0479656423,14.6139534037,13.8114325001,15.4537127446
325,0.0,0.0,40.0,0.0,57.0519331585,-15.4568889506,-7.05255399507,20.7086556821,24.9759014182,24.2669237247
326,0.0,10.0,40.0,0.0,51.8361365088,30.8941685589,2.6210253004,26.0664743589,19.9990491938,15.4166093547
327,0.0,20.0,40.0,0.0,61.1729945901,5.76333960927,12.7382960657,29.8959712502,29.4457140717,17.9645869724
328,0.0,30.0,40.0,0.0,32.4080575912,4.813667305,1.11608663794,7.5042136509,7.26739895546,5.75901006988
329,0.0,40.0,40.0,0.0,51.6309413385,-7.70779651939,-0.77323897293,17.6343635796,19.8181143174,16.6794828942
330,0.0,55.0,40.0,0.0,47.1325544559,20.7556792809,0.136839063028,19.3804489263,16.1207824925,13.2512298354
331,0.0,70.0,40.0,0.0,33.5624225463,3.60985605588,-7.48089647058,7.90907170001,7.79980257598,8.27815946939
332,0.0,85.0,40.0,0.0,43.1104158587,-14.9186410203,7.78782741871,10.6467035573,13.2317740633,8.60116505654
333,0.0,100.0,40.0,0.0,35.7947166737,11.5252990449,-2.53415200076,9.98330999209,8.90189397884,7.98820521477
334,10.0,0.0,40.0,0.0,47.5782452172,-5.87932357585,17.7534390181,14.8766689055,16.4646174128,7.99573277861
335,10.0,10.0,40.0,0.0,38.5174586358,20.8668412735,4.59622687846,12.9207120966,10.3808482038,7.36924016278
336,10.0,20.0,40.0,0.0,53.9145586106,-33.2576876262,19.1941924106,14.8655762095,21.8941905162,10.7365932282
337,10.0,30.0,40.0,0.0,43.5771378524,12.6299084616,-17.774745688,15.0878717692,13.5476802698,18.0432486959
338,10.0,40.0,40.0,0.0,63.8566625356,-21.0336945363,35.3075209023,26.0386067919,32.6256745285,11.0667049104
339,10.0,55.0,40.0,0.0,49.8629260813,31.1342603834,-7.79368956135,24.1179372295,18.3041301745,18.4307619213
340,10.0,70.0,40.0,0.0,78.4555588304,-1.57559906274,59.7484133055,51.4596623513,53.989412015,11.305006581
341,10.0,85.0,40.0,0.0,55.3920998313,-30.6219166034,2.31730338705,16.4142956447,23.3118371202,18.1686830823
342,10.0,100.0,40.0,0.0,41.2523761035,8.1087069963,-3.66834180329,12.7743592132,12.0228264777,11.0676632496
343,20.0,0.0,40.0,0.0,64.4622810878,-20.0282888438,15.2472199786,26.9224147159,33.3735998163,19.4185976279
344,20.0,10.0,40.0,0.0,48.0361032006,28.7035415712,6.7184989124,21.8277180365,16.8228944425,11.4977205178
345,20.0,20.0,40.0,0.0,79.0561868966,-1.69310986768,35.5749129643,52.4061611002,55.0259056426,21.7897356699
346,20.0,30.0,40.0,0.0,57.0619920433,-23.8659191182,-26.5640912189,19.0209383046,24.9862200079,36.6025064715
347,20.0,40.0,40.0,0.0,39.9775146663,3.71329350349,3.78647896151,11.3442426934,11.2374266388,8.22300031611
348,20.0,55.0,40.0,0.0,66.4892469325,-15.59327591,-14.8281795185,30.3108642416,35.9598646816,39.9522551809
349,20.0,70.0,40.0,0.0,47.259335964,26.8893937654,15.2509118507,20.7370552698,16.2180979378,8.51652410174
350,20.0,85.0,40.0,0.0,81.451954885,0.578378552591,5.30664823677,57.4117327237,59.2922182807,44.4317578871
351,20.0,100.0,40.0,0.0,31.5298637377,-0.499984788741,-0.754777806988,6.58494861883,6.87900681971,5.83418179621
352,30.0,0.0,40.0,0.0,38.185606983,-8.53213987151,-1.23677394735,8.79025078755,10.192432883,8.74826132012
353,30.0,10.0,40.0,0.0,33.8900830314,5.80704203439,2.94302131925,8.30989214245,7.95552257603,5.91316619858
354,30.0,20.0,40.0,0.0,42.8843718015,-3.45566492957,5.35020395277,12.1053036831,13.0805549919,9.17486854082
355,30.0,30.0,40.0,0.0,37.0270767539,15.3466016429,8.87573366957,11.1943145441,9.55254497388,5.80195519391
356,30.0,40.0,40.0,0.0,30.489031149,1.89653395385,-4.65409637108,6.38500000964,6.43691120925,6.2910526054
357,30.0,55.0,40.0,0.0,48.8474227396,-10.333983342,19.0680020792,15.0463894674,17.4704541006,8.22603936176
358,30.0,70.0,40.0,0.0,32.4239113973,10.7178449741,2.10448456917,8.15186719674,7.274541589,5.55971349203
359,30.0,85.0,40.0,0.0,58.8674485468,-7.03583793418,34.7940162035,24.2658045962,26.8846960414,8.64540642929
360,30.0,100.0,40.0,0.0,44.0288963414,13.8014300659,-17.0804666648,15.6179080252,13.858209055,18.0812871325
361,40.0,0.0,40.0,0.0,55.0881138707,-19.2233056423,20.5272815145,18.2731149218,23.0153194379,10.9574715632
362,40.0,10.0,40.0,0.0,50.8768171331,35.5340102637,-5.23593230778,26.1887795997,19.1625287296,18.064299155
363,40.0,20.0,40.0,0.0,67.6396541519,-0.780398363461,40.5325332014,35.9128246165,37.4854490163,11.4927950049
364,40.0,30.0,40.0,0.0,71.9433606278,14.785106336,1.91742139606,47.1299641227,43.5747801801,34.606947527
365,40.0,40.0,40.0,0.0,50.4938283457,21.5675072148,17.0095541615,22.5792046159,18.8351917619,9.59920604448
366,40.0,55.0,40.0,0.0,59.9443025004,-3.83658680545,-15.2658452649,26.1192980818,28.0615480377,32.2329044606
367,40.0,70.0,40.0,0.0,42.6424880646,0.302933306096,4.67452394554,12.5035671758,12.9200203204,9.24908878668
368,40.0,85.0,40.0,0.0,52.2767616321,-13.7445124793,-25.170427163,17.0349054696,20.3912934845,30.0895190737
369,40.0,100.0,40.0,0.0,40.8895499446,15.8835844489,12.125137667,13.7311420297,11.7956947822,6.55107676058
370,55.0,0.0,40.0,0.0,42.4469589569,1.74446485163,4.49028962074,12.592522381,12.7912147552,9.20516808852
371,55.0,10.0,40.0,0.0,36.4657447822,4.37287872577,5.34303670382,9.44966913403,9.2523820896,6.35974257104
372,55.0,20.0,40.0,0.0,37.509880489,-4.98794833265,-2.0361406098,8.86447297157,9.81585140574,8.64726706318
373,55.0,30.0,40.0,0.0,34.6533145647,-2.20388143792,1.10808848217,7.78828033148,8.32625370754,6.61183249524
374,55.0,40.0,40.0,0.0,70.2801916276,12.4771769389,29.608407156,43.8090762984,41.1490047207,17.4464516187
375,55.0,55.0,40.0,0.0,51.7944219147,21.4216558698,9.67421278019,23.8007341602,19.9621777256,12.7103638905
376,55.0,70.0,40.0,0.0,57.7169380227,-8.71013341619,9.90761859385,22.7679763206,25.6642097042,16.5995687246
377,55.0,85.0,40.0,0.0,44.3747965835,1.35992320948,-3.38229838996,13.8100127081,14.0991546392,12.8045082626
378,55.0,100.0,40.0,0.0,50.3744755701,-20.5383385722,-1.87874747638,14.4471112789,18.7339492952,16.2313328409
379,70.0,0.0,40.0,0.0,36.9711956209,13.7806366062,4.68654573136,10.9473793516,9.52237672432,6.70843163996
380,70.0,10.0,40.0,0.0,39.3974955739,-0.14036816152,10.937405746,10.4843261122,10.8917189607,6.23954636979
381,70.0,20.0,40.0,0.0,34.0542161963,4.70895853314,-1.02789236835,8.26587756398,8.03429969333,6.86884189576
382,70.0,30.0,40.0,0.0,35.4373711132,-6.69173276044,4.14570802973,7.66908030476,8.7189126224,6.23155928245
383,70.0,40.0,40.0,0.0,32.166585617,-0.429037881252,-4.48706104876,6.86086110932,7.15918552666,6.91724166653
384,70.0,55.0,40.0,0.0,69.1449986741,11.9887835768,45.0754468654,41.9946605983,39.5460819033,10.8572152501
385,70.0,70.0,40.0,0.0,52.9972426301,23.902280665,-8.62915193614,25.5887674709,21.0436581335,21.4223972233
386,70.0,85.0,40.0,0.0,55.8004315192,-10.9439429743,22.0491221448,20.5263032424,23.7141299481,10.8631239119
387,70.0,100.0,40.0,0.0,45.5462341549,5.03681907701,-20.2795407577,15.2386285108,14.9358686859,20.8255122288
388,85.0,0.0,40.0,0.0,47.6474561717,-23.5614475389,9.41709912546,12.167021705,16.5184458641,10.413104339
389,85.0,10.0,40.0,0.0,55.8422993153,39.2465220066,8.34493190543,32.7677371495,23.755638226,15.9002145785
390,85.0,20.0,40.0,0.0,56.174848587,-1.01821953952,25.07326082,22.9997221362,24.0870534699,10.1189207151
391,85.0,30.0,40.0,0.0,46.301561404,14.2907829808,-6.39070555147,17.4536322667,15.4925471165,15.2029592741
392,85.0,40.0,40.0,0.0,46.416964452,-19.1302248125,10.1088999535,12.0404535645,15.5787986127,9.56137769308
393,85.0,55.0,40.0,0.0,51.4871643077,12.6417180949,-3.63263157875,21.5737234799,19.6919884792,17.8177202116
394,85.0,70.0,40.0,0.0,53.7008865833,-3.71872116143,27.3328192282,20.1522571128,21.6940651054,8.25353847029
395,85.0,85.0,40.0,0.0,32.8191211397,2.36239418005,-1.55123704281,7.43278633951,7.45411180977,6.49677712533
396,85.0,100.0,40.0,0.0,43.3495144045,-20.2723244924,8.27774960449,10.0813658455,13.3929899237,8.57988684851
397,100.0,0.0,40.0,0.0,44.0014796784,-13.0722403447,3.59606925075,11.4220915002,13.8392295784,10.2689327629
398,100.0,10.0,40.0,0.0,48.8371903605,-0.733794993537,-21.2021600958,16.706419578,17.4621853323,24.259401872
399,100.0,20.0,40.0,0.0,50.1996058035,1.19804221794,14.9332343309,18.1493593345,18.5862700272,10.0694742969
400,100.0,30.0,40.0,0.0,57.8064337038,15.7359883234,-8.62480092466,28.7092169175,25.7577957474,25.8737565532
401,100.0,40.0,40.0,0.0,60.6547787646,26.5522667632,33.7401502394,35.0882549903,28.8565054169,9.8335941169
402,100.0,55.0,40.0,0.0,46.3949024575,-10.0506879707,-3.58401376122,13.3862956179,15.562284934,14.1671149788
403,100.0,70.0,40.0,0.0,48.7000208154,-5.16168653717,0.226885962424,15.8200888051,17.3515906508,14.2296972509
404,100.0,85.0,40.0,0.0,52.4850012335,2.73411605137,6.74603096006,20.4002058652,20.5784393925,14.232260214
405,100.0,100.0,40.0,0.0,57.0094306199,11.9713394112,13.2100465276,26.89159991,24.9323328908,14.7510875452
406,0.0,0.0,55.0,0.0,62.7286959645,24.7605374585,22.6820269583,37.2384997212,31.2626080896,14.9043346326
407,0.0,10.0,55.0,0.0,34.8021775272,-2.14020584421,-3.53161001711,7.86477931067,8.39987872118,7.80337759894
408,0.0,20.0,55.0,0.0,35.1587202832,-2.56527727114,4.28584712815,7.98637306577,8.57798038846,6.09533368208
409,0.0,30.0,55.0,0.0,36.0525325219,2.45068351833,0.219220246744,9.00151892039,9.03548823692,7.4007240717
410,0.0,40.0,55.0,0.0,37.6929673712,4.39270035933,9.1394241816,10.1177928331,9.91695290419,5.99043672283
411,0.0,55.0,55.0,0.0,40.0005665162,10.2123514594,5.96215692381,12.2857474355,11.2513152598,7.66774435698
412,0.0,70.0,55.0,0.0,47.074782887,-6.13773336359,-24.2409257658,14.4761478111,16.0765673839,24.2594741602
413,0.0,85.0,55.0,0.0,46.9411722212,-9.46626961749,11.1231331236,13.8473864022,15.9746191616,9.52892954166
414,0.0,100.0,55.0,0.0,54.7380511704,4.81108539138,-15.2978545664,22.9188669777,22.6769845868,26.6717258125
415,10.0,0.0,55.0,0.0,55.4470059619,10.1227902035,25.8786545094,24.8270873544,23.3656643961,9.50245280278
416,10.0,10.0,55.0,0.0,64.7627146304,25.992061155,0.0442848521755,40.3913568725,33.7488327644,27.8197575425
417,10.0,20.0,55.0,0.0,33.8531021827,-5.22729600267,1.47989772865,7.10930011989,7.93784467674,6.2170446402
418,10.0,30.0,55.0,0.0,34.6769488636,-1.24733643285,-2.83315749307,7.90326260922,8.3379139712,7.57081677138
419,10.0,40.0,55.0,0.0,36.4290286708,-0.11427887844,5.48203116481,8.88981388709,9.23297092059,6.31450355625
420,10.0,55.0,55.0,0.0,38.1207115287,5.32148604806,2.41352822198,10.4788540357,10.1558557878,7.7460915846
421,10.0,70.0,55.0,0.0,40.3860898433,9.04127040705,12.8181842381,12.3577664939,11.4852901013,6.20060689358
422,10.0,85.0,55.0,0.0,32.2556379944,-4.66731396232,-3.69244470179,6.48502719204,7.19896758247,6.76636953735
423,10.0,100.0,55.0,0.0,36.5429484207,-6.14425184525,8.59040487333,8.25172241175,9.29328701926,5.68688766283
424,20.0,0.0,55.0,0.0,35.4159349031,1.43709713168,3.87188639258,8.56151720673,8.7080165039,6.28408494992
425,20.0,10.0,55.0,0.0,48.5806780796,9.4144476644,21.7586310632,18.3856713713,17.2557497713,7.41582240755
426,20.0,20.0,55.0,0.0,44.492153217,-3.79244137001,-13.0799180184,13.0871185362,14.1815324411,16.67881091
427,20.0,30.0,55.0,0.0,45.9856383522,-0.813252121658,10.6319210443,14.5793333784,15.2580581819,9.19356805261
428,20.0,40.0,55.0,0.0,52.7822018837,13.9515630401,-1.58460214589,23.0768682286,20.8475131225,17.9001692321
429,20.0,55.0,55.0,0.0,54.1516497551,21.9908463863,24.9900210194,26.3279360649,22.1176865335,9.11390852575
430,20.0,70.0,55.0,0.0,56.5789839485,39.0034928826,0.574414846349,33.6008633185,24.4939419729,19.93302798
431,20.0,85.0,55.0,0.0,61.0992619229,-0.0965513440989,30.881483767,28.2883962847,29.3613955592,10.9606438655
432,20.0,100.0,55.0,0.0,48.6252688343,14.5192750318,-14.4599389609,19.41972407,17.2915179759,20.5739828716
433,30.0,0.0,55.0,0.0,50.9617675279,-18.0386460407,13.2328415992,15.2838866552,19.2356452351,11.0155782693
434,30.0,10.0,55.0,0.0,42.5781613618,2.3481515042,-21.9942363972,12.7674496234,12.877549869,19.1884424187
435,30.0,20.0,55.0,0.0,45.8061767959,5.31208224732,18.0368540677,15.4758857353,15.1259155685,7.15524449132
436,30.0,30.0,55.0,0.0,38.1035373634,10.7559710906,1.80711704494,11.2011018354,10.14619056,7.89448954966
437,30.0,40.0,55.0,0.0,40.0607996602,-3.80408836659,9.36700258148,10.3786304134,11.2876594249,6.859710142
438,30.0,55.0,55.0,0.0,34.798196852,2.47325710754,-2.9826509519,8.37559141962,8.39790432343,7.66145000337
439,30.0,70.0,55.0,0.0,37.1362997695,-8.33387910534,4.52497537328,8.29312855195,9.61169447114,6.81261645803
440,30.0,85.0,55.0,0.0,57.5671764225,34.464730333,18.1358714585,33.5209044286,25.5081108435,13.2481931634
441,30.0,100.0,55.0,0.0,63.2030151896,0.654334576765,18.4466045322,30.8713909633,31.8310656032,16.9934884776
442,40.0,0.0,55.0,0.0,47.9697499312,10.4990324644,2.61175250316,18.0904306127,16.7706537028,12.8776107136
443,40.0,10.0,55.0,0.0,53.2549443038,-15.4945986073,2.47664911126,17.4881071099,21.2803313198,16.4884316243
444,40.0,20.0,55.0,0.0,42.909475268,-4.77904522157,-6.74071181959,11.9298882312,13.0972915523,13.104182287
445,40.0,30.0,55.0,0.0,41.5753121723,5.50573142584,6.9904410214,12.5931431586,12.2274229957,8.10408903421
446,40.0,40.0,55.0,0.0,35.6408660142,7.38387767446,6.44944897061,9.38286330322,8.82280300757,5.80960534121
447,40.0,55.0,55.0,0.0,37.3500079374,-1.91133478667,0.297413234631,9.14882404698,9.72813295378,7.94911890239
448,40.0,70.0,55.0,0.0,33.3494706161,-0.139737445547,1.57627903583,7.41015963071,7.69969508513,6.00646717678
449,40.0,85.0,55.0,0.0,34.6804715822,-5.77976173696,-3.78245796539,7.42031342359,8.33965287818,7.81391828983
450,40.0,100.0,55.0,0.0,55.8353263552,34.7542553811,28.3320716134,31.5100498622,23.7487217836,8.98935261254
451,55.0,0.0,55.0,0.0,65.7592013666,3.27311894636,-7.89604258642,34.7129283733,35.0135345381,34.0215947551
452,55.0,10.0,55.0,0.0,46.9866431346,7.10570327239,11.8387567283,16.6817982053,16.0092660575,9.34311817218
453,55.0,20.0,55.0,0.0,55.1003674418,-10.6945611212,-21.4811695561,19.9606076883,23.027223051,30.8405201693
454,55.0,30.0,55.0,0.0,41.9002619116,-7.57459383573,2.94678107114,10.9325653077,12.4356249947,9.37860648344
455,55.0,40.0,55.0,0.0,67.7019063804,18.5395753927,13.4331396683,42.1046425726,37.5692115582,23.122978726
456,55.0,55.0,55.0,0.0,47.6604910578,16.8678852965,13.7936998282,19.0621576926,16.5285967879,9.1152386963
457,55.0,70.0,55.0,0.0,55.6814976919,-3.08151701911,-3.54031988133,22.0799449534,23.5964812286,21.1911259291
458,55.0,85.0,55.0,0.0,41.3297201188,-3.22270657044,2.99573862903,11.1910886708,12.0716183634,9.08189405013
459,55.0,100.0,55.0,0.0,60.8982596098,6.15245389397,9.35227841846,29.6857430501,29.1323530672,19.3009274181
460,70.0,0.0,55.0,0.0,36.653000377,6.69622674259,10.4585003221,9.83990606209,9.35180418073,5.34479729544
461,70.0,10.0,55.0,0.0,52.4606647081,-7.13541593862,-4.02785055952,18.4190826915,20.5565091993,18.7575562803
462,70.0,20.0,55.0,0.0,32.6664393127,-4.39137194939,2.11368165247,6.68283077841,7.38439209775,5.64394695659
463,70.0,30.0,55.0,0.0,42.2466496156,-15.0379038997,-6.11222718216,10.143213241,12.6601508618,12.4717198063
464,70.0,40.0,55.0,0.0,35.4910467214,5.08226414397,-0.667919033955,9.02670962765,8.74623603269,7.38066953877
465,70.0,55.0,55.0,0.0,46.1798474689,-8.69843968035,1.18633985161,13.452373645,15.4019244728,12.2909664106
466,70.0,70.0,55.0,0.0,37.9238527254,14.6277293451,5.44913682653,11.6331586533,10.0454356051,6.91490076534
467,70.0,85.0,55.0,0.0,50.3668875876,0.430584707967,10.8088127341,18.1405409977,18.72752499,11.4738785414
468,70.0,100.0,55.0,0.0,39.9656266125,0.880092023258,0.997622421146,10.9482591573,11.2302686167,8.98170323548
469,85.0,0.0,55.0,0.0,62.6721341024,-19.8135559022,-20.0158876697,25.1106570474,31.1952755416,38.898169151
470,85.0,10.0,55.0,0.0,44.0792530603,15.5288183591,9.35612923616,15.9545693264,13.8931142201,8.6291866593
471,85.0,20.0,55.0,0.0,74.2210025021,-8.11920592058,-4.80421392402,42.5862406813,47.0488462372,42.5292972264
472,85.0,30.0,55.0,0.0,52.6265566719,41.2625965448,24.6465659512,29.5425399739,20.7063074714,8.47795855361
473,85.0,40.0,55.0,0.0,37.6504597163,-12.4129817885,5.44580723274,8.08489473418,9.8934183824,6.80455867717
474,85.0,55.0,55.0,0.0,33.1417750143,4.56030363501,-3.0406730213,7.81522194344,7.60288725198,6.97309719408
475,85.0,70.0,55.0,0.0,41.4189419565,-8.39190691769,10.70867747,10.5452816589,12.1280670457,7.09816629673
476,85.0,85.0,55.0,0.0,35.5610184085,12.0080261536,0.86385555181,9.91653875402,8.78194054507,7.03682934675
477,85.0,100.0,55.0,0.0,45.3425053611,-0.811217084848,18.3984347747,14.129191583,14.7880381038,6.87739695321
478,100.0,0.0,55.0,0.0,39.5810958545,1.97331786826,-8.69086373191,10.8718934529,11.0003713921,11.7766415336
479,100.0,10.0,55.0,0.0,58.0870072713,-26.8636356106,4.43125880129,19.3007851852,26.0526669753,19.3357342847
480,100.0,20.0,55.0,0.0,43.9629200375,16.7501891952,-0.281902617642,16.0804358223,13.8125655931,11.4902944384
481,100.0,30.0,55.0,0.0,70.8355187841,-12.550442243,22.7711037991,36.5167336218,41.9486744596,21.0993454414
482,100.0,40.0,55.0,0.0,52.7640220197,43.1821404345,14.2442981585,30.2079925005,20.8309868362,11.7071537637
483,100.0,55.0,55.0,0.0,41.1161917865,5.51704211499,-21.2702038498,12.3023704131,11.9372355046,17.7095033984
484,100.0,70.0,55.0,0.0,56.8679204564,-29.4704291188,20.8108668672,17.7858879549,24.7876387977,11.8794060692
485,100.0,85.0,55.0,0.0,46.9460382749,18.3975692858,-14.5581119004,18.7594799543,15.978324496,19.2327993502
486,100.0,100.0,55.0,0.0,69.8234030308,-13.9912447612,40.5072753652,34.7872746779,40.4988998021,12.7999817802
487,0.0,0.0,70.0,0.0,55.008332412,43.2588678674,-0.301848714568,32.8855508803,22.9379168027,19.0665146175
488,0.0,10.0,70.0,0.0,47.7986665248,-10.1047072037,-14.296756102,14.3382008218,16.6364568073,19.8049753836
489,0.0,20.0,70.0,0.0,32.6464188631,4.03381780219,3.28604320017,7.53035287198,7.37528244997,5.39778383648
490,0.0,30.0,70.0,0.0,56.6708250692,-0.150908473874,-4.1152278155,23.6749287609,24.5870432564,22.3521887198
491,0.0,40.0,70.0,0.0,43.6402291737,19.8981657156,13.7882131637,16.3903999619,13.5907662534,7.28066559926
492,0.0,55.0,70.0,0.0,54.011332493,-20.6388357683,-12.4123715975,17.1411917453,21.9852324958,24.3312416437
493,0.0,70.0,70.0,0.0,43.1375257256,6.41534080458,5.3431553058,13.7660873672,13.249987918,9.30238792642
494,0.0,85.0,70.0,0.0,64.6842197326,-7.004893883,1.93219616086,30.5275247631,33.6505248769,26.6242530921
495,0.0,100.0,70.0,0.0,50.4937066253,30.4652087818,17.9802121755,24.5918031184,18.8350883258,9.31568483542
496,10.0,0.0,70.0,0.0,39.8228176506,7.59385113105,-20.3713836328,11.7965527516,11.1445180855,16.3572975906
497,10.0,10.0,70.0,0.0,51.6897579745,27.6371593399,9.37800884234,25.1373005456,19.8698649868,12.7515753942
498,10.0,20.0,70.0,0.0,42.2931586872,-5.99309788359,-3.38244735508,11.3824629899,12.6905019025,11.5641533451
499,10.0,30.0,70.0,0.0,50.4636441603,7.03982099132,24.3817656455,19.5082334921,18.8095532825,7.57170232636
500,10.0,40.0,70.0,0.0,42.6456597229,-13.6983172803,-13.768458393,10.5427899529,12.922116758,15.6376390432
501,10.0,55.0,70.0,0.0,42.9938198319,-18.754885509,7.371834314,10.079346586,13.1536288942,8.66022947772
502,10.0,70.0,70.0,0.0,50.4883624505,7.74698695298,9.61953926128,19.6709281102,18.8305472983,11.9448330707
503,10.0,85.0,70.0,0.0,37.1791768693,-6.3530737623,2.34743725972,8.53965892914,9.63498105072,7.35476016416
504,10.0,100.0,70.0,0.0,53.823847176,40.9896622226,16.1421255818,30.8464546453,21.8090804437,11.6834189049
505,20.0,0.0,70.0,0.0,40.2856895774,7.44266044059,-14.8966282654,12.061420366,11.424047648,14.4672386561
506,20.0,10.0,70.0,0.0,34.0518543794,1.79309441541,-2.67411324584,7.94110103433,8.0331624475,7.26366582308
507,20.0,20.0,70.0,0.0,50.1523103267,31.1734261099,9.99555733938,24.4146258228,18.5464622994,11.621772425
508,20.0,30.0,70.0,0.0,42.9514464315,-8.36596737847,4.29184629315,11.4472656526,13.1253057371,9.51497971261
509,20.0,40.0,70.0,0.0,62.3053886331,9.41805815215,17.9377692048,32.2157431955,30.7610375817,16.5490402031
510,20.0,55.0,70.0,0.0,40.5213098695,-14.6611563055,0.992599046119,9.25994757986,11.5681173681,9.25620375451
511,20.0,70.0,70.0,0.0,39.0654337993,21.4428461705,4.5056079094,13.370944336,10.6970303255,7.62826375485
512,20.0,85.0,70.0,0.0,47.2683715011,-6.74254211509,18.1360228959,14.5137071198,16.2250483817,7.75871048069
513,20.0,100.0,70.0,0.0,35.2054134333,8.75430596941,-2.52916503738,9.32100185487,8.60148949534,7.72471759973
514,30.0,0.0,70.0,0.0,41.4843915325,-14.4499676909,7.73029474231,9.79937658959,12.1695872457,7.87014661011
515,30.0,10.0,70.0,0.0,33.3897323433,1.67812973995,-6.44925832899,7.62037397629,7.71855583504,7.92796820532
516,30.0,20.0,70.0,0.0,58.6222297862,5.28475075494,21.020472373,26.9571309137,26.6213881998,12.8624136536
517,30.0,30.0,70.0,0.0,55.144401037,38.5958729294,19.891101532,31.7476611553,23.070032936,11.1953873087
518,30.0,40.0,70.0,0.0,49.9256014292,-9.47693646487,6.53897421675,15.988425461,18.3564347031,12.6794944022
519,30.0,55.0,70.0,0.0,45.1315791873,11.9624249901,3.44383951247,16.1242204277,14.6360160472,10.9307551908
520,30.0,70.0,70.0,0.0,44.0954037648,-17.0676732618,-1.97472527227,10.9283290331,13.9043216118,12.1410549741
521,30.0,85.0,70.0,0.0,49.5925174439,29.9983529345,15.5217422808,23.5931999693,18.0796047027,9.5797015876
522,30.0,100.0,70.0,0.0,34.3932669632,0.694335957783,2.69707994412,7.98200359886,8.19867319039,6.15414154974
523,40.0,0.0,70.0,0.0,41.8835165842,7.13445930452,3.61283626293,13.0387073878,12.4248385982,9.17823323534
524,40.0,10.0,70.0,0.0,55.5339827103,-17.0116581665,-14.3622958605,19.0735319166,23.451101616,26.9271308713
525,40.0,20.0,70.0,0.0,49.1489526312,30.3826433286,17.7984571691,23.24913538,17.7152932898,8.71146312374
526,40.0,30.0,70.0,0.0,68.5821571527,-15.2135155878,4.95522344573,32.8955725765,38.7670097468,28.8357211146
527,40.0,40.0,70.0,0.0,41.7436493411,7.53361201205,4.99960311616,13.0076803485,12.3349875218,8.72006147518
528,40.0,55.0,70.0,0.0,56.2557935338,-27.5388801782,-12.6819238905,17.6536868411,24.1681861396,26.6722309398
529,40.0,70.0,70.0,0.0,54.4399714086,-30.3487447465,-1.77755262988,15.7429009195,22.3915184349,19.2985083312
530,40.0,85.0,70.0,0.0,59.8300881583,-3.66695949385,10.527933115,26.0412200379,27.9351311726,17.9175989759
531,40.0,100.0,70.0,0.0,45.8616293529,-8.70882697744,-5.71714258822,13.2384375355,15.166665062,14.6362418519
532,55.0,0.0,70.0,0.0,41.0482236465,16.2024938073,-3.59646800718,13.8899702873,11.894670347,10.9307678458
533,55.0,10.0,70.0,0.0,34.957382288,3.58114609114,1.35299550357,8.58082228003,8.47710108843,6.67630285996
534,55.0,20.0,70.0,0.0,36.037670956,5.98273569499,-5.14723239639,9.42076297742,9.02775125491,8.80581172198
535,55.0,30.0,70.0,0.0,40.4035353555,11.3293353205,9.58374500519,12.7085922277,11.495953836,6.94830470459
536,55.0,40.0,70.0,0.0,39.6464051977,-2.04582465952,-3.89303641807,10.3749758523,11.0391942071,10.2628736392
537,55.0,55.0,70.0,0.0,59.9335151952,5.22772838189,15.6674958667,28.3649727629,28.0495919537,15.7895037406
538,55.0,70.0,70.0,0.0,54.493272163,-19.758436662,3.76602341922,17.6879150211,22.4423867751,16.8487783156
539,55.0,85.0,70.0,0.0,42.1271854105,-13.1770433507,4.59173462446,10.3177289769,12.5824124007,9.01920208676
540,55.0,100.0,70.0,0.0,57.876068624,0.791350326383,11.8443569872,25.0946664197,25.8307704771,15.9031356202
541,70.0,0.0,70.0,0.0,44.4206426515,-5.19168386099,-4.30351495834,12.8279494359,14.1312979409,13.1653516075
542,70.0,10.0,70.0,0.0,47.4349943122,20.2138477725,4.19372110497,19.5320704254,16.3535765467,11.9999890283
543,70.0,20.0,70.0,0.0,35.247778469,3.06850385309,-1.76452123261,8.66633431613,8.62285661018,7.54957445761
544,70.0,30.0,70.0,0.0,35.1926966045,-2.6901718063,0.498867599547,7.98874288141,8.59508256498,6.97227041833
545,70.0,40.0,70.0,0.0,39.0363198587,-6.39407198166,-3.36201975527,9.4882280694,10.680072242,9.78241816864
546,70.0,55.0,70.0,0.0,36.6014978848,4.16233844607,5.15215629545,9.49581241895,9.32438863431,6.45547198606
547,70.0,70.0,70.0,0.0,44.5021000079,0.946886222728,4.12533279642,13.8315127876,14.1885292461,10.3722833488
548,70.0,85.0,70.0,0.0,40.5847212534,15.9939819674,12.1289088783,13.5421361125,11.6070959558,6.430797165
549,70.0,100.0,70.0,0.0,53.2452903914,-21.2354630405,8.80335966031,16.4379356312,21.2714333349,13.9478907933
550,85.0,0.0,70.0,0.0,48.1371313212,5.72744092513,6.58142529392,17.3333151256,16.9026432775,11.6015757781
551,85.0,10.0,70.0,0.0,64.5051901834,-4.99273305458,25.2562938082,30.86211972,33.4270209266,15.0984292057
552,85.0,20.0,70.0,0.0,58.6658024253,31.4088977137,23.9965613034,34.0036487512,26.6680488902,11.8502261409
553,85.0,30.0,70.0,0.0,59.4292930754,-6.62755679053,19.5913052668,24.9243146411,27.4945201721,13.9003169713
554,85.0,40.0,70.0,0.0,42.0044839547,-4.98388225537,3.15645070146,11.3497668279,12.5028993328,9.36990355006
555,85.0,55.0,70.0,0.0,55.736362458,-10.9797356226,-11.6233974202,20.4620251582,23.650704701,25.5492236945
556,85.0,70.0,70.0,0.0,48.4178293584,13.3589829974,15.1168465229,19.014190959,17.1255406974,9.11028397865
557,85.0,85.0,70.0,0.0,37.5767783211,0.665220918944,3.54102553658,9.58326900395,9.85271266214,7.2299959246
558,85.0,100.0,70.0,0.0,41.7873563489,1.27011176235,3.88272724162,12.104906494,12.3630183223,9.05407645956
559,100.0,0.0,70.0,0.0,53.2599652816,-6.92406844148,-12.545129809,19.129720633,21.2849601222,23.6992563027
560,100.0,10.0,70.0,0.0,48.9940642919,24.1113950223,16.4468691672,21.728371783,17.5892418053,9.01476387432
561,100.0,20.0,70.0,0.0,63.8262696612,10.7341276373,2.13388264892,34.4586550504,32.5884374095,25.6574796082
562,100.0,30.0,70.0,0.0,46.1994581936,25.3125300802,-11.0585640944,19.4868264441,15.4165017764,17.0750641925
563,100.0,40.0,70.0,0.0,43.7956728558,6.44226926345,-4.09345893549,14.2236498882,13.6973105983,12.7020877633
564,100.0,55.0,70.0,0.0,48.7980133625,-3.04261733174,-1.28755818092,16.2648584538,17.4305505848,14.8850299333
565,100.0,70.0,70.0,0.0,44.1715224927,-5.92817065688,13.0371892925,12.5569376302,13.9572235153,7.69730642787
566,100.0,85.0,70.0,0.0,48.6439869139,-8.5059600418,-6.45977715885,15.206452043,17.3065472874,16.9092903767
567,100.0,100.0,70.0,0.0,46.6845342369,-11.9249155338,15.3637888245,13.2894550915,15.7800088403,8.21941380866
568,0.0,0.0,85.0,0.0,43.3225593963,-2.83632553608,0.65161107811,12.4727747758,13.3747499656,10.8259911729
569,0.0,10.0,85.0,0.0,40.1465289827,0.317266588213,8.44188534648,10.977713705,11.3395226139,7.11578205038
570,0.0,20.0,85.0,0.0,45.3134540606,15.0290245278,1.69883143488,16.8098966924,14.767037577,11.6063235265
571,0.0,30.0,85.0,0.0,46.0615908489,20.5521131618,12.2994137997,18.4392994896,15.3142151355,8.76021489479
572,0.0,40.0,85.0,0.0,35.5390269666,8.34388805149,1.05793639161,9.44678383681,8.77070850304,6.98134337439
573,0.0,55.0,85.0,0.0,43.8142779019,8.57151619466,-1.36335541445,14.5835137218,13.710100072,11.7668691906
574,0.0,70.0,85.0,0.0,46.656727748,1.70353921787,-0.116345991782,15.4857340149,15.7590183983,13.0448956592
575,0.0,85.0,85.0,0.0,51.8690435195,-9.04276026803,3.38508631943,17.5768896529,20.0281676662,15.1322617185
576,0.0,100.0,85.0,0.0,45.0397206585,-10.1072227724,8.15353498935,12.4921195433,14.570137312,9.43859028868
577,10.0,0.0,85.0,0.0,44.6481746044,13.3145834952,7.15922918998,15.9961082811,14.2915467464,9.53199992296
578,10.0,10.0,85.0,0.0,40.6298758765,4.77627759916,10.7640245416,11.8910672388,11.6349055333,6.76213545826
579,10.0,20.0,85.0,0.0,38.9264767405,1.64590900765,-1.26415629711,10.4522029134,10.61625297,9.11501379931
580,10.0,30.0,85.0,0.0,36.6269302038,-4.05566569747,3.51718578083,8.53012546309,9.33791993149,6.84306790342
581,10.0,40.0,85.0,0.0,35.3015779948,-3.76162554238,-5.80495506953,7.92271881605,8.6500417557,8.63665099045
582,10.0,55.0,85.0,0.0,52.4947079138,2.57914918405,14.664284777,20.376975903,20.5871906508,11.4119297794
583,10.0,70.0,85.0,0.0,66.1858785922,18.6999187892,32.45737611,40.017497744,35.5645763006,13.4459934325
584,10.0,85.0,85.0,0.0,59.3421199361,4.31267421883,19.7375049585,27.4876822457,27.3993045871,13.788682102
585,10.0,100.0,85.0,0.0,53.6783215391,-5.68114701073,11.9877877023,19.7354959528,21.673002142,13.045642033
586,20.0,0.0,85.0,0.0,49.1030017792,-12.7185739383,5.70483144856,14.8322730347,17.6778348763,12.4732082904
587,20.0,10.0,85.0,0.0,57.1859627762,13.9601301051,27.4328316124,27.5764082976,25.1136249197,9.93181281402
588,20.0,20.0,85.0,0.0,54.4919700092,18.102444296,-3.12153420128,25.7426902668,22.4411431288,19.9799437312
589,20.0,30.0,85.0,0.0,47.7180061824,-7.11372569637,12.6491229956,14.7717370346,16.5734363778,9.47425921049
590,20.0,40.0,85.0,0.0,46.8435899883,-0.315211137432,-14.8966060382,15.2792559701,15.9004344862,19.3087732101
591,20.0,55.0,85.0,0.0,58.5613661416,30.4824575864,33.7169846854,33.6076582305,26.5563022246,8.79738803322
592,20.0,70.0,85.0,0.0,55.4427017253,6.23959345389,-1.39029991993,23.9246305394,23.3614417437,19.9357201188
593,20.0,85.0,85.0,0.0,48.127500608,4.36693804224,13.8047924743,17.0762348865,16.8950302117,9.34339624047
594,20.0,100.0,85.0,0.0,32.675751984,-0.660423290134,1.33029959631,7.05775640818,7.38863207773,5.81105820011
595,30.0,0.0,85.0,0.0,66.6884102236,-17.6118267793,15.1367057258,30.0016246202,36.220960192,21.3417069424
596,30.0,10.0,85.0,0.0,49.6441306025,-18.7262413914,-4.25206363435,14.2301696964,18.1223175,16.7022103054
597,30.0,20.0,85.0,0.0,52.981709022,7.66462705594,5.88064534819,21.8875892154,21.0294484199,14.9028443593
598,30.0,30.0,85.0,0.0,37.1260385903,4.76709759053,-10.2704184474,9.85378858673,9.60612718805,10.9023480144
599,30.0,40.0,85.0,0.0,38.6751074422,15.9960742892,8.28327877653,12.2960836649,10.4711641485,6.55653218157
600,30.0,55.0,85.0,0.0,38.6317307423,16.634457206,0.405717222231,12.3623693918,10.4462619042,8.50836027749
601,30.0,70.0,85.0,0.0,36.4582148132,1.48024802674,2.52681323762,9.09448892772,9.24839891057,7.00903330855
602,30.0,85.0,85.0,0.0,43.1936268456,7.4730234547,2.45019626946,13.972480441,13.2877327111,10.192924776
603,30.0,100.0,85.0,0.0,50.3623440755,-11.0455125818,1.09467175152,16.0433072403,18.7236789646,15.0098061817
604,40.0,0.0,85.0,0.0,64.8576208755,-4.28144012358,19.0317308572,31.4698560937,33.8679498735,17.99119305
605,40.0,10.0,85.0,0.0,48.3536239593,-6.04417134504,12.7696904924,15.4117493918,17.0743845211,9.76230220385
606,40.0,20.0,85.0,0.0,48.878743395,-14.0733074423,-1.37814981723,14.4500344837,17.4957804918,14.9760125172
607,40.0,30.0,85.0,0.0,50.7534745862,12.5396685576,6.06386032269,20.885108864,19.0566983963,13.3670997575
608,40.0,40.0,85.0,0.0,40.9064648219,1.80347946932,-6.26363217859,11.6376564976,11.8062194951,11.7286699573
609,40.0,55.0,85.0,0.0,37.6579127393,13.9052565295,3.5246570042,11.3711681965,9.89754208155,7.26821544149
610,40.0,70.0,85.0,0.0,46.4641625226,-19.096571056,9.98695126981,12.0747552314,15.6141661793,9.62131583504
611,40.0,85.0,85.0,0.0,41.5589347845,-4.12142645075,-2.25643900379,11.2033825412,12.2169916346,10.7836446631
612,40.0,100.0,85.0,0.0,52.5998791203,-15.2256863208,9.2942505423,17.0188030503,20.6821690515,13.3498445246
613,55.0,0.0,85.0,0.0,48.346611036,14.371145559,8.65744169146,19.1527482789,17.0688030965,11.0370944279
614,55.0,10.0,85.0,0.0,64.1182745911,2.73424793628,26.5898150119,32.5316520921,32.947373248,14.3143290119
615,55.0,20.0,85.0,0.0,34.6969507064,0.85110747857,-10.3220502926,8.14416274927,8.34779062012,9.6274335801
616,55.0,30.0,85.0,0.0,39.8501347493,-9.36550083402,7.16746631291,9.55452662585,11.1608869244,7.30180720055
617,55.0,40.0,85.0,0.0,37.3212613566,7.06872968295,-6.5041819475,10.2566380168,9.71241599807,9.83782989199
618,55.0,55.0,85.0,0.0,44.0785721207,-0.883629274043,15.8358278913,13.2599448165,13.8926418309,6.96834223813
619,55.0,70.0,85.0,0.0,42.4563105839,19.3453822003,0.861416274799,15.406655041,12.7973555953,10.2907196171
620,55.0,85.0,85.0,0.0,48.5717267381,-21.8462898062,10.9225056459,13.0155140035,17.2485754567,10.4405822972
621,55.0,100.0,85.0,0.0,46.0954644439,6.08444158949,-13.2106504275,15.8234861377,15.3393046007,17.9436343894
622,70.0,0.0,85.0,0.0,58.0676238437,-6.38273424495,26.6279573729,23.6270627112,26.0322238007,10.6499664742
623,70.0,10.0,85.0,0.0,53.6378805137,26.4032041192,-0.526262893168,26.8667435906,21.635287263,18.0871406279
624,70.0,20.0,85.0,0.0,48.9947373175,-14.9110410892,11.6633005448,14.3949719564,17.5897882306,10.4370058515
625,70.0,30.0,85.0,0.0,44.0850924382,9.48800106331,-13.9334038093,14.9284264619,13.8971656202,16.7435441575
626,70.0,40.0,85.0,0.0,58.5896170763,4.140603578,29.3246611298,26.6405843611,26.58649982,10.0920582151
627,70.0,55.0,85.0,0.0,51.3866668456,31.7689114691,-1.09704684183,25.8102845634,19.6041473603,16.6380147874
628,70.0,70.0,85.0,0.0,45.3593922087,27.2155076713,-3.99421339692,19.1465287749,14.8002543687,13.6478141664
629,70.0,85.0,85.0,0.0,39.8704873098,0.290976566163,-5.77461613989,10.8132666587,11.1730929154,10.9782994767
630,70.0,100.0,85.0,0.0,58.3988335536,15.6207315,13.1304824685,29.3428010847,26.3830142561,15.7447516276
631,85.0,0.0,85.0,0.0,41.446561618,-13.327971533,5.75315118444,9.92069507514,12.1455769953,8.37454532154
632,85.0,10.0,85.0,0.0,59.1760714741,0.977199681877,4.67501620042,26.4849011918,27.2185454281,20.1146304467
633,85.0,20.0,85.0,0.0,55.2888228955,-1.23878010222,27.3003731194,22.1124805495,23.2108135915,9.01463040223
634,85.0,30.0,85.0,0.0,42.0405798659,-8.87286173373,-4.77362744493,10.8388510723,12.5262553433,11.8862457973
635,85.0,40.0,85.0,0.0,46.2605605641,11.6941120781,16.823342333,16.9452091745,15.4619801698,7.65046701026
636,85.0,55.0,85.0,0.0,42.9087524515,-1.44435410927,0.720527133288,12.4149046623,13.0968094488,10.5778831875
637,85.0,70.0,85.0,0.0,44.7036156495,21.4963023542,-0.410448184944,17.5125370603,14.3307760962,11.9640498805
638,85.0,85.0,85.0,0.0,41.3183392419,19.7060065156,7.59631874514,14.6453749387,12.0644305559,7.83085631426
639,85.0,100.0,85.0,0.0,41.3444712665,-2.85652110571,2.10532434167,11.2503541804,12.0809389765,9.34472596001
640,100.0,0.0,85.0,0.0,55.5436463683,19.791377739,12.1047581158,27.2642476463,23.4606070581,14.1996097433
641,100.0,10.0,85.0,0.0,48.2220809195,-18.1457233869,8.46219622478,13.3523123309,16.9698949013,11.0307955861
642,100.0,20.0,85.0,0.0,53.6651313196,-0.722508907586,17.8371935188,20.7369066167,21.6606962683,11.0338934231
643,100.0,30.0,85.0,0.0,72.8669211896,-9.89463211673,34.5358310364,40.0828940475,44.9620842409,17.24187746
644,100.0,40.0,85.0,0.0,51.1477404795,30.4029388345,5.01632445848,25.2388422853,19.3963602661,14.0125313693
645,100.0,55.0,85.0,0.0,59.15063483,-25.6388966968,14.2079028452,20.4738692002,27.1909257001,15.8346740559
646,100.0,70.0,85.0,0.0,43.6363045113,9.05635018413,-6.73005380111,14.5372008072,13.5880833834,13.5603610926
647,100.0,85.0,85.0,0.0,53.2366425997,-18.7712248178,-16.6115700367,16.8734264892,21.263464795,25.9353980983
648,100.0,100.0,85.0,0.0,39.9446069516,18.9445401657,11.0848889101,13.572084696,11.217619721,6.41734169678
649,0.0,0.0,100.0,0.0,50.2294246345,-4.06297047322,-1.23775701202,17.1914579009,18.6113972399,15.8611511123
650,0.0,10.0,100.0,0.0,37.2241837063,5.75235687702,4.20642380549,10.0329586202,9.65946471996,6.92352882612
651,0.0,20.0,100.0,0.0,43.5084174481,-10.4783336449,-9.59551019585,11.4876131657,13.5008538212,14.5664530745
652,0.0,30.0,100.0,0.0,35.3760073483,-1.28257247213,0.633842902204,8.232834692,8.68774536376,7.01551560694
653,0.0,40.0,100.0,0.0,72.04271224,-10.5655914767,45.3707628641,38.7371877482,43.7226293399,12.4329643945
654,0.0,55.0,100.0,0.0,46.4976500484,17.627167066,8.90913763777,18.2392756925,15.6392922744,9.96067629167
655,0.0,70.0,100.0,0.0,57.3880738577,-27.333814716,22.8603520241,18.6194603697,25.3222621428,11.4918115481
656,0.0,85.0,100.0,0.0,31.9809487107,-1.55108312567,0.787394010813,6.6716683652,7.07672835005,5.67389293642
657,0.0,100.0,100.0,0.0,72.5548647106,7.3027610714,49.294526321,45.4114079374,44.4900920206,11.3974497332
658,10.0,0.0,100.0,0.0,47.7554524958,21.0607156091,-7.84683109305,19.9800825976,16.602673587,16.8470290591
659,10.0,10.0,100.0,0.0,57.513717979,-15.8923446924,24.6972387106,21.032974417,25.4525439461,10.9613762024
660,10.0,20.0,100.0,0.0,41.905935972,3.33119917874,-21.821462168,12.4818612328,12.4392813202,18.5718333714
661,10.0,30.0,100.0,0.0,64.5768170184,-5.50956085658,5.78768250964,30.8058214413,33.5163220971,24.3401796062
662,10.0,40.0,100.0,0.0,59.5286664249,1.40120732147,3.62816989251,26.962947126,27.6033303,20.9244948026
663,10.0,55.0,100.0,0.0,33.1838565573,0.705859132157,0.253290209529,7.42394555748,7.62243570825,6.23311795346
664,10.0,70.0,100.0,0.0,59.9076160173,2.39228974494,-2.07539081514,27.6174706059,28.0209005272,24.237612496
665,10.0,85.0,100.0,0.0,33.0635452027,4.49340907203,-7.38292145417,7.77151828027,7.56663544124,8.02475575347
666,10.0,100.0,100.0,0.0,38.7667899631,-13.3544634314,8.39675853037,8.52148307358,10.5239285688,6.56673862429
667,20.0,0.0,100.0,0.0,37.384337478,16.2335596131,10.3339303058,11.5317942782,9.7469245505,5.62617524451
668,20.0,10.0,100.0,0.0,35.3160844233,3.14009359648,-3.43658580054,8.70889250221,8.65738168764,8.00836914979
669,20.0,20.0,100.0,0.0,39.1300323803,-6.69454303653,6.52479434205,9.50099210094,10.7347213356,7.15559995109
670,20.0,30.0,100.0,0.0,38.7887951284,9.20958744981,8.94114891946,11.3960663516,10.5366191345,6.45144502961
671,20.0,40.0,100.0,0.0,46.7074703837,-23.2596985461,14.7399524712,11.6293440637,15.7973368009,8.39711427611
672,20.0,55.0,100.0,0.0,38.1163454443,8.20428792076,-12.2828335298,10.8607426742,10.1533980737,12.1408435219
673,20.0,70.0,100.0,0.0,52.0596809344,-15.551144883,23.4618010083,16.5402364574,20.1974135846,8.53439292173
674,20.0,85.0,100.0,0.0,41.4725188091,21.9067851597,-5.59742040841,15.1223786387,12.1620483487,11.8333949346
675,20.0,100.0,100.0,0.0,62.1113978426,-1.62898933986,40.4343398984,29.01753089,30.5329848128,8.63239979819
676,30.0,0.0,100.0,0.0,53.9565034142,-1.42418837818,28.7166152668,20.8522203362,21.9336200116,8.00456713354
677,30.0,10.0,100.0,0.0,54.5113202358,-1.12922773315,24.6688607419,21.4172144767,22.4596286562,9.38474265609
678,30.0,20.0,100.0,0.0,30.5510054803,2.34499087164,-4.35319368037,6.45300282425,6.46268859999,6.24796719444
679,30.0,30.0,100.0,0.0,52.2538849625,15.4456621577,20.8302197801,22.9026568726,20.3708035583,9.36921047511
680,30.0,40.0,100.0,0.0,50.1791886216,27.0929172381,-9.24454690678,23.5080477546,18.569078283,19.3553278322
681,30.0,55.0,100.0,0.0,42.4095801138,-6.88612636918,5.37388005588,11.3280839645,12.7666891797,8.93591715736
682,30.0,70.0,100.0,0.0,31.676536917,0.834579763467,-1.48824460525,6.77689681786,6.94288766272,6.04542461249
683,30.0,85.0,100.0,0.0,52.3504702563,15.5501671972,17.1955361186,23.0184183256,20.4574054672,10.5162689374
684,30.0,100.0,100.0,0.0,49.5696817003,24.008500775,2.22735930624,22.2418801089,18.0607282738,14.0384229787
685,40.0,0.0,100.0,0.0,42.8619374447,-6.67202382572,2.48485339625,11.6310532631,13.0656100053,10.0078548895
686,40.0,10.0,100.0,0.0,40.8935463065,2.01121630935,-7.3581962124,11.6591543743,11.7981808193,12.0938664359
687,40.0,20.0,100.0,0.0,56.6238304554,-17.1846221219,-0.628677706718,19.9761180253,24.5393744064,20.5540640871
688,40.0,30.0,100.0,0.0,47.0592672598,19.27629058,2.03754799092,19.0262355247,16.0647063836,12.5237126912
689,40.0,40.0,100.0,0.0,67.9245847077,-1.00186225954,16.9375045706,36.2151649476,37.8698543596,21.5082113641
690,40.0,55.0,100.0,0.0,40.9336590406,-0.0814401326256,-2.98674213073,11.3896686904,11.8231533023,10.6731791169
691,40.0,70.0,100.0,0.0,58.6208195243,-12.8381925789,-19.5242381484,22.7167334352,26.6198789008,33.557920046
692,40.0,85.0,100.0,0.0,46.3181244775,20.1249747949,7.08512720283,18.5699247758,15.5049066345,10.4255716448
693,40.0,100.0,100.0,0.0,70.5665207651,2.04375324121,-3.92430727957,40.7383045633,41.5600365796,37.067995345
694,55.0,0.0,100.0,0.0,71.3896875765,-4.06856750925,-0.262594899545,39.9087056321,42.7569376497,35.4637229242
695,55.0,10.0,100.0,0.0,40.5839104334,0.859765865295,3.94879656693,11.3109708464,11.6065969979,8.46021034875
696,55.0,20.0,100.0,0.0,66.5017821676,2.37329261307,-1.60794214791,35.3909804272,35.9762607772,30.7022572062
697,55.0,30.0,100.0,0.0,39.8168420647,-1.21860749147,1.54103931321,10.5807403082,11.1409395545,8.75787469232
698,55.0,40.0,100.0,0.0,69.4840210632,-4.98938276621,7.63900752324,37.0448835714,40.0203479552,28.1480750651
699,55.0,55.0,100.0,0.0,52.2011213566,-0.245676019656,3.69933980717,19.5488628992,20.3235971745,15.235688296
700,55.0,70.0,100.0,0.0,64.9775880319,1.1710024941,5.61121109567,33.1355744661,34.01892165,24.8190493782
701,55.0,85.0,100.0,0.0,37.3118676319,-8.041096739,-6.45954515869,8.41200515389,9.70728372885,9.81960225674
702,55.0,100.0,100.0,0.0,35.243859581,16.6107976316,1.57182953851,10.3331672996,8.62087860682,6.74019936895
703,70.0,0.0,100.0,0.0,45.2133095471,-0.868047314099,20.7443169656,14.0307337402,14.6947977864,6.28844335314
704,70.0,10.0,100.0,0.0,59.5690759013,10.8511894624,2.29506970815,29.4147383043,27.6476591515,21.6278176571
705,70.0,20.0,100.0,0.0,43.6196944518,13.7882162289,13.6203919316,15.3144073573,13.5767327798,7.31319651267
706,70.0,30.0,100.0,0.0,50.0361061229,-3.38573327641,-10.0693479355,17.1628773887,18.4488968506,19.6287519234
707,70.0,40.0,100.0,0.0,38.4533060516,-0.784241243399,4.38281945517,9.87525721611,10.3442447979,7.39469086577
708,70.0,55.0,100.0,0.0,44.0749692929,-9.75890073208,-17.1207424905,11.9361849865,13.890142614,18.1351946204
709,70.0,70.0,100.0,0.0,61.4886367257,-3.8439507899,-0.75937781758,27.7631547532,29.808498005,25.016907355
710,70.0,85.0,100.0,0.0,49.1101511069,11.4577662084,4.03117744532,19.2272441975,17.683659424,13.0747789605
711,70.0,100.0,100.0,0.0,60.1002415545,16.95831121,-6.42180071667,31.6715337783,28.23476245,26.8874714621
712,85.0,0.0,100.0,0.0,52.2128457357,-6.89853786551,19.7388157342,18.2600180013,20.3340803976,9.6685567429
713,85.0,10.0,100.0,0.0,31.1017320241,2.49002326565,-3.91097323354,6.69621011643,6.69478545927,6.36102306421
714,85.0,20.0,100.0,0.0,36.7672830072,7.16735048401,10.457299216,9.96216768623,9.41283034185,5.38446874487
715,85.0,30.0,100.0,0.0,58.4673150781,14.7451815796,9.71800207078,29.1911501809,26.4559352621,17.2379212426
716,85.0,40.0,100.0,0.0,52.9859228779,-6.23602824566,14.15700287,19.032826998,21.0333025059,11.8660717281
717,85.0,55.0,100.0,0.0,32.3555899662,0.88712396142,-0.792889971353,7.07473083202,7.24379399888,6.14904065585
718,85.0,70.0,100.0,0.0,38.2445256141,8.15504235367,10.6659305688,10.9287915174,10.2257172241,5.86732130618
719,85.0,85.0,100.0,0.0,49.7714508487,27.9501383425,16.1203985934,23.3053639166,18.2279697191,9.49449104324
720,85.0,100.0,100.0,0.0,57.2889434147,0.0124205871959,4.24043177441,24.3222002376,25.2197869962,18.7835398712
721,100.0,0.0,100.0,0.0,32.1125144562,1.61598754519,0.973067551528,7.04244681544,7.13510216656,5.68244853181
722,100.0,10.0,100.0,0.0,32.1656176372,-2.93265821422,-0.777514993326,6.61473103011,7.15875391161,6.07418699093
723,100.0,20.0,100.0,0.0,49.2909898538,29.1281844982,20.115794425,23.1054918242,17.8314143082,8.15095524475
724,100.0,30.0,100.0,0.0,58.9517719009,3.3810107856,-12.2781994751,26.8377564139,26.9756392517,29.2238878626
725,100.0,40.0,100.0,0.0,32.2822223064,1.94907091328,1.70593765829,7.15061347899,7.21087199779,5.59138672543
726,100.0,55.0,100.0,0.0,32.2811805266,-0.672331177002,-5.29084798972,6.88579177648,7.21040524347,7.15736470312
727,100.0,70.0,100.0,0.0,42.9157313874,4.61587469735,-7.62414611787,13.3351929559,13.101464748,13.4314423171
728,100.0,85.0,100.0,0.0,57.9014120682,-2.37541302342,19.4651523621,24.3804784298,25.8573636068,12.9747781644
729,100.0,100.0,100.0,0.0,56.9051327683,1.37806808448,19.958081278,24.2555779511,24.8256339735,12.1938867996
730,0.0,0.0,0.0,20.0,54.468171823,-0.577653313392,18.3168614636,21.4948835989,22.4184223186,11.329361195
731,0.0,10.0,0.0,20.0,47.3606421422,-10.087475495,7.80097589986,14.0365471383,16.2961398296,10.7662917782
732,0.0,20.0,0.0,20.0,45.9378406082,12.5151256029,11.7705944381,16.8419506983,15.2227884701,8.84804766928
733,0.0,40.0,0.0,20.0,71.9450332035,2.28566890075,-2.35905484582,42.7860808125,43.5772664452,37.660252895
734,0.0,70.0,0.0,20.0,76.0149692215,-5.90012274881,8.71040884842,46.0133876026,49.9115995122,34.7646262479
735,0.0,100.0,0.0,20.0,41.3083180478,-0.359965971119,3.37867055952,11.5768188496,12.0581038445,8.96307562048
736,10.0,0.0,0.0,20.0,71.3240688913,1.03214194715,5.86047409056,41.4768697989,42.6606946739,31.2470482001
737,10.0,10.0,0.0,20.0,40.3598026588,-8.47365964041,6.86697546717,9.94230710177,11.4692342686,7.59549056573
738,10.0,20.0,0.0,20.0,43.2195090482,-1.08237751685,-14.0465014979,12.6675967015,13.3051703749,16.1609395796
739,10.0,40.0,0.0,20.0,44.5377536055,-0.691802030722,12.7264223913,13.5974151153,14.2136277277,7.93966952171
740,10.0,70.0,0.0,20.0,49.1887176662,10.1212600253,-5.70029409577,19.0308704982,17.7477518003,16.9867199223
741,10.0,100.0,0.0,20.0,51.5537166147,16.0101032689,25.6445085712,22.3625370544,19.7503035719,7.72804973326
742,20.0,0.0,0.0,20.0,53.0912533219,1.65821484847,22.5384699299,20.7176220304,21.1297931239,9.29265299362
743,20.0,10.0,0.0,20.0,58.6845667307,-7.28751104943,28.6806031533,24.0267659033,26.6881598312,10.3404063266
744,20.0,20.0,0.0,20.0,50.1176554442,-9.52628408732,-24.3964622337,16.1247470643,18.5173300367,27.337319765
745,20.0,40.0,0.0,20.0,36.0778682981,-6.5585593458,8.0768066752,7.98291763633,9.048688318,5.62712357563
746,20.0,70.0,0.0,20.0,61.7248448407,-0.787009972216,-12.2059465088,28.803919648,30.0819249601,32.2395200685
747,20.0,100.0,0.0,20.0,50.6657526948,-24.8267556778,13.8955866981,13.9577468677,18.981668873,10.6406517439
748,40.0,0.0,0.0,20.0,49.3823781042,-13.36690383,-7.14706783212,14.9247940596,17.906395424,17.7667588799
749,40.0,10.0,0.0,20.0,36.2525308033,-6.13128164418,7.17550874642,8.11331735638,9.14003843834,5.87921450566
750,40.0,20.0,0.0,20.0,59.8888863969,-3.86513683802,6.17095971859,26.0545810779,28.0001638197,19.9859712059
751,40.0,40.0,0.0,20.0,50.8356563949,-23.9121536525,9.82730123014,14.2220886389,19.1271685624,12.0787586293
752,40.0,70.0,0.0,20.0,32.1816711114,-0.0395372878001,-1.15485179885,6.90611437242,7.16591427938,6.16266210461
753,40.0,100.0,0.0,20.0,55.7849522606,-0.752467956845,20.8454471214,22.6863266627,23.6987958613,11.2444968463
754,70.0,0.0,0.0,20.0,50.777418566,12.1609784703,1.83166900697,20.8276783695,19.0772122449,15.0013236424
755,70.0,10.0,0.0,20.0,32.6115288735,-3.95703645665,1.84345332906,6.70214372973,7.35942481718,5.68036597654
756,70.0,20.0,0.0,20.0,31.4484655513,1.13227792768,-5.24663075377,6.70959051197,6.84372498329,6.80440499212
757,70.0,40.0,0.0,20.0,56.0449430689,-1.08976785061,26.3043479292,22.8594896558,23.957226554,9.68087088892
758,70.0,70.0,0.0,20.0,52.2016472699,15.7427653672,-11.7713318043,22.9186237887,20.3240673368,22.3266137293
759,70.0,100.0,0.0,20.0,33.1678114461,-4.40186711062,2.69920855741,6.89497244741,7.6149782043,5.70187963415
760,100.0,0.0,0.0,20.0,77.1459421619,-1.7234367086,2.73096318399,49.2859678403,51.7747311055,40.5770638886
761,100.0,10.0,0.0,20.0,48.6979700164,15.8431690941,0.138112359529,19.7470084275,17.3499407211,14.2624078972
762,100.0,20.0,0.0,20.0,78.8099646177,3.3148556931,7.71537600779,53.9416033053,54.5994145346,38.9676180545
763,100.0,40.0,0.0,20.0,57.8220218236,-0.728208986421,5.27011541338,24.6836251776,25.7741195444,18.7325589898
764,100.0,70.0,0.0,20.0,49.1597722433,-9.11141320489,-4.24074715804,15.4812955617,17.7241209575,16.3436513207
765,100.0,100.0,0.0,20.0,61.1278162488,24.936558632,0.478824523038,35.2132149169,29.394030323,23.9921031187
766,0.0,0.0,10.0,20.0,35.5155349583,-0.0721282154198,2.63165930583,8.43776859744,8.75872063671,6.60332825177
767,0.0,10.0,10.0,20.0,60.6511786313,20.9964316779,-1.71009308542,33.4708186997,28.8524398236,24.7424392035
768,0.0,20.0,10.0,20.0,46.5249150799,14.7451206788,2.98497697617,17.7172919196,15.659769453,11.8770678186
769,0.0,40.0,10.0,20.0,45.8639449144,13.1075736734,1.85892656213,16.891520614,15.1683682499,11.8724611185
770,0.0,70.0,10.0,20.0,49.5938832235,-12.5943772649,-11.3433972812,15.2074591564,18.0807340969,19.872855931
771,0.0,100.0,10.0,20.0,52.2759480833,14.8821433182,-5.13753710898,22.7988747016,20.3905645785,19.1246824609
772,10.0,0.0,10.0,20.0,53.5232194007,-5.99826519868,20.3892283408,19.5381047746,21.5285934459,10.153254761
773,10.0,10.0,10.0,20.0,43.2999861393,-7.7860820494,6.20083274785,11.7407300752,13.3594878055,9.13655698549
774,10.0,20.0,10.0,20.0,66.2090960058,17.0663606887,40.0129194047,39.5258961186,35.5947256686,10.8574157886
775,10.0,40.0,10.0,20.0,45.1759747764,-13.7693917774,-11.9793848324,12.042150468,14.6679265538,16.7122839783
776,10.0,70.0,10.0,20.0,41.8209046579,22.4900434217,10.6631568456,15.4758966756,12.3845627856,7.2777934211
777,10.0,100.0,10.0,20.0,75.7765458641,-6.20357119633,-2.80227796306,45.5446973764,49.5246206402,43.0726622166
778,20.0,0.0,10.0,20.0,42.8525164491,8.79134422926,-6.71460892938,13.9482359536,13.0593374618,13.0591143986
779,20.0,10.0,10.0,20.0,61.8261162249,-8.60588125267,-15.739932558,26.9371545825,30.1996637317,34.7554465049
780,20.0,20.0,10.0,20.0,52.9889966571,26.1195743309,6.812443939,26.1135809806,21.0361141495,14.5422682436
781,20.0,40.0,10.0,20.0,71.9912499162,-10.6457999429,40.4065040077,38.6421273734,43.6460044914,14.2211375598
782,20.0,70.0,10.0,20.0,43.0189817101,5.60126494552,5.67955064565,13.5577404214,13.1704668203,9.14706124896
783,20.0,100.0,10.0,20.0,57.692099163,-14.4375922862,19.9176686158,21.502605628,25.6382758435,12.6836915586
784,40.0,0.0,10.0,20.0,51.8378810187,24.577523594,22.0137140217,24.5699777473,20.0005921517,8.82832965577
785,40.0,10.0,10.0,20.0,60.9983208631,7.97622258873,28.7477606787,30.2845824953,29.2462235693,11.6042965677
786,40.0,20.0,10.0,20.0,47.4470186176,19.5707467985,-0.38677396238,19.414319022,16.3628779273,13.6447997248
787,40.0,40.0,10.0,20.0,50.3771310479,-11.8474635589,11.8691071936,15.9144526587,18.7361978814,11.1309881423
788,40.0,70.0,10.0,20.0,41.1458105215,1.90399201609,-9.47728830796,11.7983630894,11.9558160078,12.9940684965
789,40.0,100.0,10.0,20.0,60.715101654,7.71036821829,35.5061293754,29.8889093068,28.9246842575,9.34380862433
790,70.0,0.0,10.0,20.0,48.1945122752,22.9954464155,-11.2760557324,20.765516766,16.9480502559,18.7081654044
791,70.0,10.0,10.0,20.0,50.7020329845,-11.7548767671,16.8930902995,16.1757762537,19.0126758862,9.74012115231
792,70.0,20.0,10.0,20.0,42.0574625854,5.73267776626,-20.7038063603,12.9395790998,12.5371893541,18.1823864867
793,70.0,40.0,10.0,20.0,61.5792822817,25.7547871628,2.84929434939,36.0366254521,29.9132296151,23.1376086328
794,70.0,70.0,10.0,20.0,74.6251399256,1.39528070318,29.8415096253,46.4759008965,47.6839366926,20.8329246798
795,70.0,100.0,10.0,20.0,64.580778908,-15.2352729196,-13.3226092143,28.2546445702,33.5212662424,36.4027002177
796,100.0,0.0,10.0,20.0,62.5792497808,-12.482874608,-13.2610897373,26.7815127739,31.0849137576,33.9410077799
797,100.0,10.0,10.0,20.0,60.3205039738,23.368660879,19.8328557059,33.7421351846,28.4806384653,14.3949718208
798,100.0,20.0,10.0,20.0,58.4157804637,19.8262623526,17.7018921675,30.4770333246,26.4010472978,13.9539857701
799,100.0,40.0,10.0,20.0,76.2762071455,3.47495211109,4.46053894611,49.8240370314,50.3379167514,38.1376528302
800,100.0,70.0,10.0,20.0,55.5483096529,-0.314479212778,3.38985685694,22.5582358302,23.4651949128,17.8085833126
801,100.0,100.0,10.0,20.0,55.6094055453,2.72279694115,4.03626268591,23.2910572183,23.5253578253,17.5687153409
802,0.0,0.0,20.0,20.0,53.9946825785,1.30165619261,2.74207855101,21.4605303746,21.969550812,16.9193943645
803,0.0,10.0,20.0,20.0,36.730222286,1.24978425229,2.31191116189,9.20788007616,9.39301116746,7.17386992848
804,0.0,20.0,20.0,20.0,50.9966251166,-14.5159186699,-13.8832468786,15.9147621653,19.2657007728,22.3443733607
805,0.0,40.0,20.0,20.0,39.0144774211,10.6436420808,6.52743036651,11.7347195556,10.6673613862,7.10676059347
806,0.0,70.0,20.0,20.0,59.9772800497,-5.91401788765,-3.2189777125,25.6533470165,28.0981196943,24.9353391499
807,0.0,100.0,20.0,20.0,45.1893628189,29.1056191761,16.8162858342,19.3753105502,14.6775586588,7.19340485011
808,10.0,0.0,20.0,20.0,44.7591856093,17.2201240273,12.9059463041,16.7741751308,14.370168637,7.99235053054
809,10.0,10.0,20.0,20.0,44.6319763093,-15.4401937709,-9.31198242559,11.4709610053,14.2800985766,15.220070697
810,10.0,20.0,20.0,20.0,31.5944018835,-0.171196014094,0.474166169916,6.64379408228,6.90706674307,5.60082922203
811,10.0,40.0,20.0,20.0,35.00095551,-3.47039725231,-1.79621216339,7.81338093601,8.49886577863,7.45102409427
812,10.0,70.0,20.0,20.0,47.8652399624,23.9222198885,15.9502741209,20.6633102011,16.6885912311,8.61090765176
813,10.0,100.0,20.0,20.0,54.0061716805,-16.7255444473,-25.2302814448,17.8628175946,21.9803709986,32.0522060211
814,20.0,0.0,20.0,20.0,31.565092464,0.106242469609,-0.132942563193,6.65849791023,6.89431414189,5.71623984074
815,20.0,10.0,20.0,20.0,36.9430509139,-5.7729940819,4.81846271146,8.48944283747,9.50720647212,6.66660606381
816,20.0,20.0,20.0,20.0,48.2636354336,23.8503908741,12.7091190314,21.0060861124,17.0028570277,9.73411737823
817,20.0,40.0,20.0,20.0,52.1701485429,-21.9185440619,-6.30778926093,15.5101333133,20.295920511,19.5897299916
818,20.0,70.0,20.0,20.0,34.8810545546,-8.91177121885,1.51695846043,7.18549559697,8.43906523261,6.60810309176
819,20.0,100.0,20.0,20.0,46.2780712149,18.5687815468,9.68539276562,18.2383518388,15.4750297868,9.61561902525
820,40.0,0.0,20.0,20.0,62.3318550514,-8.6441704801,8.98428992839,27.4701301377,30.7922388707,20.6662090667
821,40.0,10.0,20.0,20.0,39.8065023992,-0.289491187568,0.250240128699,10.6984713558,11.1347493663,9.11583709414
822,40.0,20.0,20.0,20.0,34.5563814743,-6.52031766745,-5.29270036542,7.28760923235,8.27854433238,8.15201258885
823,40.0,40.0,20.0,20.0,45.5171879209,19.8559715249,12.6059251792,17.8611384524,14.9147320867,8.41920621391
824,40.0,70.0,20.0,20.0,64.4907742616,-4.99451551746,-11.172921243,30.844819121,33.4090669898,34.7743851855
825,40.0,100.0,20.0,20.0,39.9992545455,0.222880493764,1.70218220471,10.8789124882,11.2505244973,8.8004946095
826,70.0,0.0,20.0,20.0,70.26392645,0.759722121683,4.96762363494,39.9009530817,41.1257373975,30.6452365176
827,70.0,10.0,20.0,20.0,42.7254375675,21.8908938306,9.96220390329,16.0465813495,12.9749238182,7.8463550631
828,70.0,20.0,20.0,20.0,57.5920464383,-12.3365892299,-9.96207319784,21.859813259,25.5339892979,26.430476052
829,70.0,40.0,20.0,20.0,38.0273807671,4.03953081894,2.14200892483,10.2585109754,10.1034052508,7.77440219743
830,70.0,70.0,20.0,20.0,49.6694510117,-18.2018954727,-18.3867515641,14.3327677112,18.1432961392,23.511759212
831,70.0,100.0,20.0,20.0,46.5662882655,31.5744506056,15.8448578588,21.091645796,15.6908765736,8.03858713437
832,100.0,0.0,20.0,20.0,60.9385983639,-7.29274762975,3.8310640838,26.320752202,29.1782232624,22.0488537604
833,100.0,10.0,20.0,20.0,39.7738179418,10.7721384374,5.40844965835,12.2246759437,11.1151967987,7.70914790955
834,100.0,20.0,20.0,20.0,51.6908430339,-16.6840400256,-7.2455072243,16.0586719698,19.8708205375,19.6426084958
835,100.0,40.0,20.0,20.0,36.889133905,1.0686343127,0.564339294792,9.2689117107,9.47818973015,7.67619775206
836,100.0,70.0,20.0,20.0,65.1139685635,-0.430420325238,16.5930210399,32.8487058844,34.1910928724,19.3139557177
837,100.0,100.0,20.0,20.0,42.1349948651,19.5907127962,4.5639845917,15.2133217921,12.5874844671,9.03086869718
838,0.0,0.0,40.0,20.0,53.9759722292,-13.5121756133,1.23434111859,18.4487923545,21.9519374126,17.5623863398
839,0.0,10.0,40.0,20.0,37.2726409224,5.0777661825,-3.02419217665,9.97346893235,9.68587172228,8.80754343935
840,0.0,20.0,40.0,20.0,47.8180822795,-19.950075904,-7.74367194262,12.810730367,16.6516502758,16.8490990386
841,0.0,40.0,40.0,20.0,61.1909362859,-5.48772259882,10.1123148818,27.0312936987,29.4662560585,19.1811605489
842,0.0,70.0,40.0,20.0,56.8536327058,0.126295795132,7.80949180653,23.9173898295,24.7730607711,16.8599904596
843,0.0,100.0,40.0,20.0,57.4485655756,13.6996609817,29.6683632111,27.79583968,25.3849310485,9.40355725492
844,10.0,0.0,40.0,20.0,56.2143840962,-1.52982706765,-16.3961691385,22.9238826303,24.1266579448,28.8527008655
845,10.0,10.0,40.0,20.0,31.6053383008,0.000617464142122,1.84677788409,6.66510721235,6.91182923109,5.32662346309
846,10.0,20.0,40.0,20.0,34.8519375333,8.06541387704,2.42861457451,9.05397728127,8.42458558854,6.38937638278
847,10.0,40.0,40.0,20.0,57.5710090739,13.63973912,24.0571301565,27.9141251027,25.5120977625,11.2011983403
848,10.0,70.0,40.0,20.0,54.5524301205,-5.09702309469,0.299543202708,20.6229052828,22.4989351603,18.4271712577
849,10.0,100.0,40.0,20.0,32.3973261506,0.352856165518,1.35211503361,7.03885929599,7.26256676164,5.7057718481
850,20.0,0.0,40.0,20.0,36.651264418,7.71623002174,7.72325507723,9.96838537256,9.35087922982,5.90898693027
851,20.0,10.0,40.0,20.0,53.6759356236,40.2254788375,23.7035031423,30.4686719625,21.6707758464,9.2474218188
852,20.0,20.0,40.0,20.0,35.4308417034,-7.70487668685,2.2682946243,7.55820125798,8.71559273302,6.65340939192
853,20.0,40.0,40.0,20.0,44.7065177181,11.2486330515,7.44071562551,15.6812540446,14.3328315363,9.47899253625
854,20.0,70.0,40.0,20.0,74.1421637828,7.20005450583,26.3712011848,47.8126456889,46.9256144959,22.1643970619
855,20.0,100.0,40.0,20.0,54.1816957573,38.5776098279,27.3361136107,30.6117219401,22.1461177704,8.47571243456
856,40.0,0.0,40.0,20.0,34.4568571666,-5.4776913655,-4.11168353651,7.35125751279,8.22974957172,7.7994458739
857,40.0,10.0,40.0,20.0,44.672056396,11.4540687347,10.1152883676,15.6910634719,14.3084363969,8.70161941925
858,40.0,20.0,40.0,20.0,75.9748269292,8.62866451522,3.38370433866,51.2739182153,49.8463049599,38.5514135155
859,40.0,40.0,40.0,20.0,44.6128420255,-18.0245044559,7.22795807864,11.1017927498,14.2665832705,9.4939895894
860,40.0,70.0,40.0,20.0,40.8386895261,5.94996179612,-14.6764703093,12.1908021089,11.7640862822,14.753416329
861,40.0,100.0,40.0,20.0,49.9228416259,-8.60784705073,17.4993954209,16.1385754608,18.3541294669,9.17089139761
862,70.0,0.0,40.0,20.0,46.1090163237,19.3255555867,-6.03961081133,18.2437072526,15.349349865,14.9308552066
863,70.0,10.0,40.0,20.0,58.9473030118,8.49934026695,34.3277752678,28.1151030884,26.970814391,8.81259635069
864,70.0,20.0,40.0,20.0,50.7341701712,-11.479203219,-16.3757915332,16.2487762291,19.0401701763,23.417967179
865,70.0,40.0,40.0,20.0,53.7495025356,4.9422026994,20.9764883635,22.0142132603,21.7394912179,10.093018177
866,70.0,70.0,40.0,20.0,56.7124255346,-1.71264220327,-7.71762088964,23.3627031502,24.6292920436,24.3105791203
867,70.0,100.0,40.0,20.0,46.0867943061,-11.2323446748,8.79609500201,13.0007567884,15.3328802032,9.78178365958
868,100.0,0.0,40.0,20.0,68.5405360119,18.5170469613,9.30537007445,43.312219348,38.7098085578,26.2047188552
869,100.0,10.0,40.0,20.0,44.636143439,-14.0680589913,0.131502932498,11.6665985666,14.2830431176,11.7405889178
870,100.0,20.0,40.0,20.0,40.1000497646,3.62696072963,-6.79113539642,11.4057295337,11.3113846701,11.4401943426
871,100.0,40.0,40.0,20.0,49.197968983,-6.47598436655,6.76171793119,15.964794618,17.7553089382,12.1621381988
872,100.0,70.0,40.0,20.0,44.3894846438,17.0604955049,1.08339434808,16.4600702495,14.1094473257,11.2821309815
873,100.0,100.0,40.0,20.0,58.2042539349,8.16706816102,20.0809186156,27.2253415468,26.1765520528,12.9410486708
874,0.0,0.0,70.0,20.0,49.5315634166,9.63497766403,17.7662924713,19.2259890762,18.029248306,8.90414212833
875,0.0,10.0,70.0,20.0,45.3333118418,-12.4996101578,-17.4259329271,12.325932168,14.7813901651,19.2737320207
876,0.0,20.0,70.0,20.0,47.4918305239,-18.1780897607,10.4388838081,12.865902346,16.3975731633,10.0165137261
877,0.0,40.0,70.0,20.0,54.4790438205,19.7675134947,-8.99050556613,26.1306717838,22.4288002224,22.9251106739
878,0.0,70.0,70.0,20.0,58.2534274517,-7.35273156472,27.6492832526,23.5887696072,26.2286264112,10.4299204913
879,0.0,100.0,70.0,20.0,44.9682366603,-0.31218242999,-22.5657213514,13.9507801194,14.5190077005,21.4695054458
880,10.0,0.0,70.0,20.0,48.1495680423,-16.9888851996,5.51309731433,13.4834810404,16.912477872,11.9701148291
881,10.0,10.0,70.0,20.0,53.7404879494,17.0545783433,4.3465574368,24.72796252,21.7310633217,16.0553795719
882,10.0,20.0,70.0,20.0,58.9116899395,-6.38486305448,22.0853065983,24.4604230549,26.9323851006,12.6606572792
883,10.0,40.0,70.0,20.0,44.1493707698,-3.84869326522,-9.49219310572,12.8541589894,13.9418144284,14.9601290151
884,10.0,70.0,70.0,20.0,45.3864759215,-1.37746198722,-7.52649647977,14.0687002015,14.8198612837,15.0265351207
885,10.0,100.0,70.0,20.0,59.3687383075,3.09434145611,25.3242644935,27.2120476018,27.4283553716,11.8109827329
886,20.0,0.0,70.0,20.0,33.0473575948,3.4014110424,1.58516109663,7.64677764235,7.55914849834,5.89287888779
887,20.0,10.0,70.0,20.0,49.627726751,-15.1145638813,11.1332902026,14.8099867204,18.108735104,10.9508785733
888,20.0,20.0,70.0,20.0,46.8196897639,2.0703316763,-20.5808513365,15.6692251186,15.8822999664,22.084286784
889,20.0,40.0,70.0,20.0,59.6936866335,2.80594977128,30.8807610745,27.4898497992,27.7846548393,10.1983945493
890,20.0,70.0,70.0,20.0,32.998776733,5.24988763001,-3.0101278181,7.82315752253,7.53670898174,6.90726070978
891,20.0,100.0,70.0,20.0,49.2972084271,-15.4462779239,13.5776611265,14.5204613332,17.8365097977,10.0086091476
892,40.0,0.0,70.0,20.0,55.4236619818,21.8841828879,0.879594129501,27.6588457897,23.3427689898,18.8504514963
893,40.0,10.0,70.0,20.0,49.5988798489,8.80114998511,19.4941754393,19.1188352336,18.0848663208,8.45957912549
894,40.0,20.0,70.0,20.0,47.4724273112,5.03915058672,-10.7502265098,16.6867106522,16.3825443773,17.9050138431
895,40.0,40.0,70.0,20.0,42.9895824006,-6.27141293818,8.14549005182,11.7658654239,13.1507946857,8.4469363567
896,40.0,70.0,70.0,20.0,42.9630775722,-3.14238898167,-16.8102772192,12.2002038607,13.1330761521,17.1495409629
897,40.0,100.0,70.0,20.0,53.3456986816,18.2473817927,23.7912717022,24.6093141966,21.364100725,9.05964673584
898,70.0,0.0,70.0,20.0,50.234961041,10.4838803042,-0.396422073847,20.0025180901,18.6160650536,15.520718833
899,70.0,10.0,70.0,20.0,45.6005966238,0.543917954883,11.0459851303,14.529719731,14.9754812518,8.88809903683
900,70.0,20.0,70.0,20.0,43.8846674672,-1.32591071402,-8.83777908231,13.063915784,13.7585592761,14.5240304468
901,70.0,40.0,70.0,20.0,41.9213801433,-7.61620533036,5.62826213082,10.9392639493,12.4492370682,8.63121888204
902,70.0,70.0,70.0,20.0,41.4702613249,4.68331319248,-12.1249615276,12.404179305,12.1606152522,14.1863121619
903,70.0,100.0,70.0,20.0,65.1615053835,-5.47397093895,-1.16967186835,31.5020413634,34.2512411516,28.9754741866
904,100.0,0.0,70.0,20.0,44.1498929479,14.5699655204,10.0272278426,15.8407368828,13.9421775331,8.47915343835
905,100.0,10.0,70.0,20.0,50.9921592757,-25.6523806275,16.6830243148,14.0506705591,19.2618484077,9.95320116184
906,100.0,20.0,70.0,20.0,53.2000751218,39.615969634,25.0488106101,29.7601101624,21.2297915553,8.63822128783
907,100.0,40.0,70.0,20.0,56.3947432631,-0.410861637425,16.5967177472,23.3475198014,24.3078825458,13.0726412625
908,100.0,70.0,70.0,20.0,45.2743100018,19.4416774288,2.76396588817,17.5878403708,14.7387726796,11.2312881774
909,100.0,100.0,70.0,20.0,71.5321396954,-9.92177750829,48.7478460228,38.2488259718,42.9663702652,10.9997942985
910,0.0,0.0,100.0,20.0,41.9352845618,7.2444615808,2.54502496021,13.089550827,12.4582047909,9.51346033876
911,0.0,10.0,100.0,20.0,57.4155568075,-15.2519171616,27.2390532932,21.0785675839,25.3507214444,10.1107841547
912,0.0,20.0,100.0,20.0,51.8010317182,25.1812276993,18.5669668021,24.6735717345,19.968017097,9.80607498358
913,0.0,40.0,100.0,20.0,74.007501058,-9.0957973467,20.4021194222,41.9529497133,46.7156230077,25.2537906082
914,0.0,70.0,100.0,20.0,44.732950904,11.1808427396,-17.7390695485,15.6892097944,14.3515623451,18.9368005164
915,0.0,100.0,100.0,20.0,59.8583569483,-12.7276126073,3.99299341719,23.9396633274,27.9663847345,21.0256197438
916,10.0,0.0,100.0,20.0,54.1365158498,27.8482586057,-6.25179381206,27.7636676753,22.1033751908,21.2149942632
917,10.0,10.0,100.0,20.0,66.0659979931,17.7359350238,37.7015814189,39.5427465998,35.4091741739,11.5319996647
918,10.0,20.0,100.0,20.0,48.9311439373,8.09697521727,-1.25851593959,18.4227173621,17.5382071326,14.9643952455
919,10.0,40.0,100.0,20.0,33.6965617715,-2.61907312179,3.13960521526,7.30780802467,7.86330393318,5.80066092267
920,10.0,70.0,100.0,20.0,58.776974435,32.6971877804,15.8071443694,34.5166250844,26.7873467603,14.9286980868
921,10.0,100.0,100.0,20.0,65.3507416602,17.5531727349,43.2981065435,38.5089694035,34.4913809143,9.40201488253
922,20.0,0.0,100.0,20.0,50.0057820637,11.050212507,-14.1295528823,19.9171821747,18.4234930853,21.5954849027
923,20.0,10.0,100.0,20.0,34.2464516678,-2.95563810484,4.37142116376,7.52055157697,8.12722393045,5.74105024526
924,20.0,20.0,100.0,20.0,59.6983936436,33.8693348105,0.595054276954,36.0388075267,27.789838526,22.6173238738
925,20.0,40.0,100.0,20.0,39.3755209939,4.37786194502,-0.39389896173,11.078218172,10.8787628142,9.08767387617
926,20.0,70.0,100.0,20.0,69.9255202101,-13.5724455138,-0.963636443514,35.0397323551,40.6436350145,34.1939139472
927,20.0,100.0,100.0,20.0,44.0815932901,5.28715767307,6.28661380279,14.236139765,13.8947377929,9.50142793044
928,40.0,0.0,100.0,20.0,58.4375280399,-25.2868563748,-15.5656712866,19.9185293889,26.4242007175,30.7367448825
929,40.0,10.0,100.0,20.0,51.2380456975,26.7112686152,21.0919780137,24.4650785388,19.4747225129,8.79699623889
930,40.0,20.0,100.0,20.0,45.8948943267,-11.4659165076,-11.3728358009,12.8400604546,15.1911450214,16.983930709
931,40.0,40.0,100.0,20.0,39.9394125456,1.9584557899,4.08177438661,11.0797442835,11.2144953737,8.12733607627
932,40.0,70.0,100.0,20.0,51.2936085956,-3.56980173998,-3.6836483189,18.1394204003,19.5230418731,17.6920792589
933,40.0,100.0,100.0,20.0,44.3952078438,15.5124353472,12.2140688861,16.190337909,14.1134592249,8.00915501644
934,70.0,0.0,100.0,20.0,58.7526307139,9.98923113689,8.29623188476,28.2809872501,26.7611933314,18.0853588661
935,70.0,10.0,100.0,20.0,38.5303415394,-0.342129830273,-2.84175569791,9.97362539761,10.3882091709,9.37231436361
936,70.0,20.0,100.0,20.0,46.6536437148,-8.85311137957,-4.29600303243,13.7482729168,15.7566914842,14.6145287717
937,70.0,40.0,100.0,20.0,41.9881264878,8.98135157588,2.51427659238,13.392084756,12.4923247317,9.54923212701
938,70.0,70.0,100.0,20.0,53.3359400374,1.71649655728,5.00939806139,20.9494733029,21.3550826319,15.4966346122
939,70.0,100.0,100.0,20.0,47.8467820617,25.4796542155,12.3498927928,20.9710158639,16.6741257405,9.62748675817
940,100.0,0.0,100.0,20.0,47.8652134239,-21.3222286047,2.46610524007,12.6354389113,16.6885704268,12.8652054808
941,100.0,10.0,100.0,20.0,38.0651436855,8.01621303402,-7.23589582866,10.805677943,10.1246056571,10.4541899569
942,100.0,20.0,100.0,20.0,53.528340834,-14.3597911257,10.5217105059,17.9204372988,21.5333515129,13.4875121923
943,100.0,40.0,100.0,20.0,41.4777882589,21.4561750024,-0.254899587069,15.0504970073,12.1653939396,10.115377654
944,100.0,70.0,100.0,20.0,63.332819922,-1.07238494428,25.7079197558,30.5564271647,31.98782472,14.1332562263
945,100.0,100.0,100.0,20.0,35.8008025516,5.36498786504,-10.0604551196,9.22107164243,8.90503226451,10.1207692379
946,0.0,0.0,0.0,40.0,48.8018900393,-20.0639122437,12.5210747937,13.442483597,17.4336792295,10.0701761347
947,0.0,20.0,0.0,40.0,39.1377550964,14.3182893507,-6.02549327216,12.3425169028,10.739233186,10.6549445533
948,0.0,40.0,0.0,40.0,57.1477884067,-9.44219028815,25.8445249237,22.0711857513,25.0743470261,10.3983067208
949,0.0,70.0,0.0,40.0,44.9847445685,31.3497503675,3.43779839915,19.6469330612,14.5308044997,10.8514650093
950,0.0,100.0,0.0,40.0,54.9200121857,-18.9028075538,-2.58957952207,18.1960924934,22.8524326129,20.0791819014
951,20.0,0.0,0.0,40.0,32.6180040047,5.19843804879,2.90112262502,7.64105126053,7.36236606943,5.46556802965
952,20.0,20.0,0.0,40.0,65.9439529391,-3.77370713933,13.7525295044,32.9148520121,35.2514319509,21.3923065565
953,20.0,40.0,0.0,40.0,41.7348259223,3.90882406735,2.35854432919,12.4582003225,12.3293339063,9.46687854576
954,20.0,70.0,0.0,40.0,56.962916351,-14.3483476695,-21.861626965,20.8594160608,24.8847101165,33.2051529446
955,20.0,100.0,0.0,40.0,33.150236843,5.52410286432,3.90005858157,7.92410827345,7.60681540115,5.44911287503
956,40.0,0.0,0.0,40.0,68.4452938556,-0.5938591306,-6.62796852011,37.0198940899,38.5791261467,36.3799790096
957,40.0,20.0,0.0,40.0,41.7992707228,4.18482487625,4.63220474343,12.5402631921,12.3706667771,8.84886463843
958,40.0,40.0,0.0,40.0,46.8208605697,36.9381231569,1.11853042351,22.4779974006,15.8831880049,12.7034570453
959,40.0,70.0,0.0,40.0,60.2443782732,-10.6530365764,33.5614678243,24.8042646506,28.3954996131,9.67591387926
960,40.0,100.0,0.0,40.0,40.7238846879,17.1615124604,-9.91189197033,13.8202937419,11.6929455892,12.8886544715
961,70.0,0.0,0.0,40.0,49.883943871,-22.9496498134,17.0832686279,13.7210006859,18.3216590862,9.27112492666
962,70.0,20.0,0.0,40.0,37.6183529083,6.57607438314,-14.8333006216,10.3593164414,9.87566703242,12.7338571723
963,70.0,40.0,0.0,40.0,64.9762675102,-1.29652406112,38.3975120815,32.4385047993,34.017257412,10.6948842295
964,70.0,70.0,0.0,40.0,42.6342940983,23.2904497882,-1.92684858548,16.2234415769,12.914605232,11.2768931504
965,70.0,100.0,0.0,40.0,53.9817778658,-15.7811579239,20.6823814832,18.0210708555,21.9574016687,10.3063389048
966,100.0,0.0,0.0,40.0,38.4213953819,8.91459874321,-9.83908495604,11.1363107733,10.3260696823,11.4912353181
967,100.0,20.0,0.0,40.0,47.5397136869,-22.7639679579,11.4959145065,12.2155646434,16.4347004577,9.72372019585
968,100.0,40.0,0.0,40.0,44.9704595355,32.2438097462,6.14367397291,19.8141792958,14.5205958284,10.000748761
969,100.0,70.0,0.0,40.0,58.2589624249,-8.63945245373,17.9237281166,23.3041316878,26.2344922239,13.7685140577
970,100.0,100.0,0.0,40.0,39.6779809235,14.2865209299,-3.69567548083,12.6831063665,11.0579969525,10.2188609251
971,0.0,0.0,20.0,40.0,48.6972747156,-18.8359853693,4.7412755371,13.5637095504,17.3493813543,12.5661697683
972,0.0,20.0,20.0,40.0,36.6605630685,3.07467391287,-9.32598219245,9.39339872781,9.35583443362,10.3509993199
973,0.0,40.0,20.0,40.0,58.2663502654,9.40137299315,11.8492792057,27.601048672,26.2423230172,16.180586665
974,0.0,70.0,20.0,40.0,43.7219147195,15.6241342371,6.66572103707,15.7039362522,13.6466860779,9.21170009064
975,0.0,100.0,20.0,40.0,48.3205891328,-5.14036286383,-1.17735046529,15.5418551809,17.0481034913,14.519254281
976,20.0,0.0,20.0,40.0,38.7307325575,1.59943680356,-2.45648340571,10.3355514919,10.503155992,9.36077428907
977,20.0,20.0,20.0,40.0,42.82273806,-12.222088476,-8.62841110725,10.841835457,13.0395240714,13.745253629
978,20.0,40.0,20.0,40.0,46.9569388585,24.2885724433,17.8788849405,19.9367570511,15.9866269991,7.68731765659
979,20.0,70.0,20.0,40.0,52.5744241741,2.02170111484,0.429424823185,20.3331128707,20.6591543678,16.860901274
980,20.0,100.0,20.0,40.0,40.9677452101,6.44000185797,5.69534297047,12.3439277726,11.8444015766,8.16949102345
981,40.0,0.0,20.0,40.0,45.6988065304,-9.11784069802,-9.94883322325,13.0681338065,15.0472217907,16.2349280509
982,40.0,20.0,20.0,40.0,37.7513385668,-3.77241834056,-0.0693593110805,9.13304130801,9.94933110685,8.22768448116
983,40.0,40.0,20.0,40.0,35.1693721012,13.7946789824,7.64469439977,9.92905607676,8.58333959864,5.39602943436
984,40.0,70.0,20.0,40.0,59.5736206788,-24.1733567154,1.91599914289,21.1585670369,27.6526477006,21.8245401786
985,40.0,100.0,20.0,40.0,43.5417999314,2.69761514837,5.14931727452,13.4562896633,13.5235873227,9.56208446091
986,70.0,0.0,20.0,40.0,40.2070499093,0.00655889099727,11.8931179037,10.9709414672,11.3762311215,6.33745260149
987,70.0,20.0,20.0,40.0,34.6023581887,12.9763850143,8.1165471196,9.52014695757,8.30115076728,5.11004089474
988,70.0,40.0,20.0,40.0,61.9756702251,-18.9943975933,-19.630654699,24.5991600884,30.3740974061,37.7212141082
989,70.0,70.0,20.0,40.0,43.5543392458,2.68939523799,8.39063679598,13.463424554,13.5321331961,8.64580992107
990,70.0,100.0,20.0,40.0,39.460228459,1.44450465638,4.33577056265,10.7307568239,10.9287626745,7.84552028294
991,100.0,0.0,20.0,40.0,50.8136961275,44.7019587236,19.1079075268,28.407132085,19.1083208502,9.1501479323
992,100.0,20.0,20.0,40.0,41.8063135512,0.597494001427,-14.7625032113,12.0193955593,12.3751894172,15.4533390346
993,100.0,40.0,20.0,40.0,61.7195183076,25.2440691957,31.303377455,36.064774101,30.0757407835,11.1706120417
994,100.0,70.0,20.0,40.0,50.48920705,-17.7672794508,-13.7471115163,14.9866634498,18.8312649189,21.82470773
995,100.0,100.0,20.0,40.0,78.7575708865,-1.42588482044,51.9179784182,52.0141605824,54.5089466236,14.2804782323
996,0.0,0.0,40.0,40.0,40.1415417745,6.98070187922,-15.941128902,11.9053404608,11.3365011874,14.7780516306
997,0.0,20.0,40.0,40.0,57.2810254878,-28.7230238563,23.2769460776,18.2640470921,25.2116138592,11.2930544303
998,0.0,40.0,40.0,40.0,44.5282264146,20.6779108809,-8.81648999998,17.2220368446,14.2069181311,14.9512085856
999,0.0,70.0,40.0,40.0,69.3931807622,-13.0891174962,42.8249196133,34.5088100331,39.8928996253,11.7375972047
1000,0.0,100.0,40.0,40.0,52.7028368284,45.4205801199,5.18358522245,30.738057385,20.7754310031,14.988525564
1001,20.0,0.0,40.0,40.0,37.5199463206,18.6005705711,10.5170321313,11.9512890404,9.82139187573,5.63665625347
1002,20.0,20.0,40.0,40.0,32.5903558103,2.08604735001,-7.48046036216,7.30128147376,7.34981267102,7.83820594634
1003,20.0,40.0,40.0,40.0,41.241850212,9.80087380753,15.8784508602,13.0235643257,12.0161964803,5.85782661058
1004,20.0,70.0,40.0,40.0,35.2814135562,-4.78993971577,-8.1417212184,7.80139713528,8.63984588878,9.28502661753
1005,20.0,100.0,40.0,40.0,46.9838998039,-0.970916202747,23.4702487314,15.2706306637,16.0071743379,6.3614324248
1006,40.0,0.0,40.0,40.0,40.5280241531,-8.08600562134,-3.07902920137,10.0845406253,11.5722404598,10.482151586
1007,40.0,20.0,40.0,40.0,42.588222405,-3.44897970164,-7.32814700986,11.9220400652,12.8841863272,13.1163639565
1008,40.0,40.0,40.0,40.0,44.9777340481,0.318146783893,3.91575859748,14.0580864395,14.5257938962,10.6953671314
1009,40.0,70.0,40.0,40.0,47.8318248213,9.13765733023,2.46531315626,17.722110783,16.6624098571,12.8448602426
1010,40.0,100.0,40.0,40.0,51.6870662093,17.0323874821,15.936956178,22.713139076,19.8674946334,10.5522877653
1011,70.0,0.0,40.0,40.0,40.9791636219,2.75913747053,-17.1620949027,11.8178864461,11.8515251531,15.8510995162
1012,70.0,20.0,40.0,40.0,65.7562007298,-17.7097863657,35.8959314893,28.9213920296,35.0096795942,11.961037531
1013,70.0,40.0,40.0,40.0,45.6363484495,16.2037725801,-10.3183273506,17.2775560309,15.0015708494,16.3447917279
1014,70.0,70.0,40.0,40.0,53.454949188,-32.3330368735,16.4024953271,14.6905370894,21.4652339439,11.384603333
1015,70.0,100.0,40.0,40.0,54.8498774526,42.202338373,5.21795104193,32.3967210869,22.7847014578,16.4920627543
1016,100.0,0.0,40.0,40.0,45.9548963418,-9.40617448276,-8.52739492115,13.1930158951,15.2353675651,15.8280965532
1017,100.0,20.0,40.0,40.0,34.431117869,-0.132181015982,5.29318871806,7.90932720488,8.21716139568,5.6156433128
1018,100.0,40.0,40.0,40.0,53.7953334604,6.72107022074,4.14621130683,22.4441197271,21.7823730637,16.1782549555
1019,100.0,70.0,40.0,40.0,48.6505671707,-22.325492509,9.75783268388,12.9943073428,17.3118328425,10.8515768802
1020,100.0,100.0,40.0,40.0,47.3802095461,-5.37581655139,-23.248272575,14.8184794981,16.3112425002,24.0053203357
1021,0.0,0.0,70.0,40.0,35.0104507873,-0.00166263072759,6.42089433818,8.19981178934,8.50361357865,5.58910058151
1022,0.0,20.0,70.0,40.0,56.0522867311,9.47574133799,-11.359431078,25.2893219037,23.964553302,25.7085802853
1023,0.0,40.0,70.0,40.0,48.7144043121,-22.4977366577,12.9814503732,13.0099645305,17.3631655483,9.88519257338
1024,0.0,70.0,70.0,40.0,72.1620629482,-10.8257787596,8.10522870071,38.8173327076,43.9006816899,30.7316774919
1025,0.0,100.0,70.0,40.0,51.7781064026,-17.5122860032,9.25399130932,15.9796237747,19.9477688067,12.8503250091
1026,20.0,0.0,70.0,40.0,57.7483745247,13.935707972,1.46386163135,28.1834828755,25.6970571246,20.4788581548
1027,20.0,20.0,70.0,40.0,43.197709237,2.48818520845,2.4453221551,13.1945417973,13.2904821355,10.1965823211
1028,20.0,40.0,70.0,40.0,48.194172003,31.5377262643,-0.537566153544,22.5919349986,16.9477807506,14.1884377236
1029,20.0,70.0,70.0,40.0,55.9659936756,35.6241401456,28.1852558671,31.9050570497,23.8785533048,9.09481602884
1030,20.0,100.0,70.0,40.0,65.6791838477,1.93763956737,0.309129248994,34.2232582766,34.9108321512,28.615813181
1031,40.0,0.0,70.0,40.0,46.6573257292,10.4246860273,11.8178437364,17.0253425223,15.7594696039,9.18559160288
1032,40.0,20.0,70.0,40.0,55.3137301346,-12.2029066266,-12.9914218964,19.8416614157,23.2351506168,25.9131112904
1033,40.0,40.0,70.0,40.0,41.839071656,-3.55907605964,4.07806370092,11.4489668537,12.3962399304,9.02399128007
1034,40.0,70.0,70.0,40.0,43.6057423375,-2.3988681005,0.0704974742432,12.7197453057,13.5672033884,11.1713403275
1035,40.0,100.0,70.0,40.0,37.7031984638,-7.74043112551,8.29228927371,8.64021486503,9.92262295389,6.17864113168
1036,70.0,0.0,70.0,40.0,38.5187471182,6.96856212848,-1.23903969029,10.928183005,10.3815842537,8.90911355354
1037,70.0,20.0,70.0,40.0,34.3442581277,0.169621016122,3.39237891608,7.90140098008,8.17477614179,5.98471093303
1038,70.0,40.0,70.0,40.0,34.7852688303,13.4049755284,-1.41993429196,9.67134943919,8.3914942143,7.26619586911
1039,70.0,70.0,70.0,40.0,47.9092036226,25.9666121168,6.80168463547,21.1295989996,16.7230793218,11.3975564147
1040,70.0,100.0,70.0,40.0,53.1398414031,0.200718808853,12.7400592647,20.4596691175,21.1744027474,12.44682936
1041,100.0,0.0,70.0,40.0,41.1898412113,9.70250636265,-4.37773936257,12.9745016834,11.9834730767,11.2639119552
1042,100.0,20.0,70.0,40.0,44.9449340462,-11.474275922,0.83899875807,12.2309377599,14.5023661726,11.6816221354
1043,100.0,40.0,70.0,40.0,37.9741681072,0.144133064154,-9.82386185067,9.73197658932,10.0735814997,11.2317388906
1044,100.0,70.0,70.0,40.0,57.0738350769,8.18299356063,28.6396656996,26.0338605265,24.9983724529,9.51531004318
1045,100.0,100.0,70.0,40.0,44.9902030192,17.6576959706,-1.5697647009,17.0339269769,14.5347065959,12.5377907835
1046,0.0,0.0,100.0,40.0,48.5837952563,-7.35075347648,12.845051475,15.3582284035,17.2582485907,9.85851049503
1047,0.0,20.0,100.0,40.0,39.3895612688,4.11523361234,-10.2831563551,11.0506063945,10.8870397323,12.2084146123
1048,0.0,40.0,100.0,40.0,43.06821982,-16.4328136307,4.65798208689,10.4224550662,13.2034577349,9.46673746664
1049,0.0,70.0,100.0,40.0,64.4389676926,3.57327952032,33.1809635034,33.1584684877,33.3445989044,12.1132800285
1050,0.0,100.0,100.0,40.0,48.9896617179,-3.64178698418,-4.34090096299,16.3049679875,17.5856676623,16.2625589487
1051,20.0,0.0,100.0,40.0,52.6600320811,-15.5743448559,14.7434419742,17.0025374983,20.7366232988,11.4802141722
1052,20.0,20.0,100.0,40.0,35.3574908589,11.1360919674,6.38601946611,9.69604858203,8.67835526619,5.72034438166
1053,20.0,40.0,100.0,40.0,64.2087635647,2.9536843901,40.6396035852,32.7028407382,33.0591358602,9.60404129679
1054,20.0,70.0,100.0,40.0,51.0179468273,0.023602853444,-18.6375435657,18.6001333786,19.2841005851,24.9194240441
1055,20.0,100.0,100.0,40.0,53.2703248879,-15.9720050452,20.4226910318,17.412008319,21.294512688,10.0101774555
1056,40.0,0.0,100.0,40.0,34.8506052878,12.3382588952,2.13475005519,9.57362591181,8.42392347086,6.45516089268
1057,40.0,20.0,100.0,40.0,42.7017077736,18.391853912,4.67035889028,15.4244161749,12.9592014387,9.27969957923
1058,40.0,40.0,100.0,40.0,47.1469018107,14.552019116,-6.49082741713,18.1865846528,16.131775703,15.8357607107
1059,40.0,70.0,100.0,40.0,51.6354557289,1.24596971625,13.8172442681,19.3604746118,19.8220831818,11.2032165924
1060,40.0,100.0,100.0,40.0,59.5816485507,-6.75674004189,-2.69800371654,25.0483644182,27.6614609145,24.2707707447
1061,70.0,0.0,100.0,40.0,63.963124913,-21.4234597816,28.3876774936,26.0553186036,32.7563351194,13.5338313987
1062,70.0,20.0,100.0,40.0,48.5775726973,-7.08311504959,-16.3395631354,15.3992036713,17.2532606464,21.4679089102
1063,70.0,40.0,100.0,40.0,48.251269501,-7.99851748266,12.5858959082,15.0071570834,16.9930435899,9.7644862129
1064,70.0,70.0,100.0,40.0,54.2274622288,4.7403410914,-7.81468418643,22.4182738259,22.1894714149,22.087296191
1065,70.0,100.0,100.0,40.0,55.9811429143,11.3363371729,26.9751512958,25.6594803973,23.893636181,9.45110911811
1066,100.0,0.0,100.0,40.0,63.6959339705,26.1514981315,7.951101491,38.9706261182,32.4290723788,22.3759954894
1067,100.0,20.0,100.0,40.0,34.2691873052,7.45521069731,4.80281697046,8.68592590555,8.13826120161,5.6593255677
1068,100.0,40.0,100.0,40.0,34.7155546287,7.49202308314,-3.5770867041,8.91589068228,8.35698399229,7.77672185761
1069,100.0,70.0,100.0,40.0,36.9633776002,0.105636358116,8.70618657762,9.19106871264,9.51816112273,5.81455657496
1070,100.0,100.0,100.0,40.0,37.9276822682,-0.557475251132,-3.46731739318,9.61929119146,10.0475759654,9.25279123696
1071,0.0,0.0,0.0,60.0,41.1527824117,-8.5661327881,13.3600104494,10.3714028094,11.960192434,6.37412766348
1072,0.0,20.0,0.0,60.0,48.5064428096,-16.3000523909,4.80431627638,13.8335992053,17.1963118701,12.428293886
1073,0.0,40.0,0.0,60.0,55.7742950206,9.21724867769,-4.56195046449,24.9455679043,23.6882424129,21.7875301309
1074,0.0,70.0,0.0,60.0,53.1022054733,-15.4378759001,19.2997408516,17.3768163979,21.1398430233,10.2649950407
1075,0.0,100.0,0.0,60.0,47.2794665048,-7.26924241819,-16.7210306398,14.4354515319,16.2335857538,20.5449420034
1076,20.0,0.0,0.0,60.0,64.6091733035,3.12414682227,37.3516246466,33.2393292532,33.5567145789,10.8263250977
1077,20.0,20.0,0.0,60.0,47.3734057978,-18.5856757597,-11.0147913185,12.7277111329,16.3059901189,17.9469860792
1078,20.0,40.0,0.0,60.0,37.4959478212,3.59811681983,0.500554330213,9.90769013423,9.80818597709,7.96173505848
1079,20.0,70.0,0.0,60.0,54.7401193072,-11.9986329345,-2.61934040364,19.3877782143,22.6789736356,19.944215344
1080,20.0,100.0,0.0,60.0,41.9020051757,19.3176048332,8.78418961809,14.9985550188,12.4367482658,7.78419759248
1081,40.0,0.0,0.0,60.0,65.6914955551,-0.0982519105303,11.5753145025,33.6514046774,34.9266211216,22.2809318338
1082,40.0,20.0,0.0,60.0,55.8672887686,-29.015194961,-3.44711365237,17.0724078447,23.7804361625,21.3049063324
1083,40.0,40.0,0.0,60.0,48.4601114598,15.7992470621,13.9790911004,19.532870173,17.1592850463,9.45950828395
1084,40.0,70.0,0.0,60.0,68.0772144442,-15.7865144069,13.9411423872,32.1250112504,38.0768467763,23.1967719842
1085,40.0,100.0,0.0,60.0,41.6552327717,-4.43794428916,2.22157522295,11.2169655361,12.2784125633,9.46680242937
1086,70.0,0.0,0.0,60.0,58.6296907098,-23.085111174,-25.0247683625,20.5374260043,26.629374024,37.4465850484
1087,70.0,20.0,0.0,60.0,48.4844472667,16.2206875783,18.0046177349,19.6380922437,17.1787269636,8.34302820443
1088,70.0,40.0,0.0,60.0,70.886774892,-11.4672522718,-8.86407999034,36.913101755,42.0230010214,41.1997102938
1089,70.0,70.0,0.0,60.0,41.5143507243,-3.78482339461,4.00946709014,11.2232909431,12.1886244679,8.88565213893
1090,70.0,100.0,0.0,60.0,60.3917000087,-24.2635936045,-7.80812181241,21.890042657,28.5604178394,28.0097528173
1091,100.0,0.0,0.0,60.0,62.6689816696,0.389965137271,27.473021706,30.1817442781,31.1915256598,13.0513983623
1092,100.0,20.0,0.0,60.0,49.6616141755,-3.63743444715,-10.6505176823,16.823551878,18.1368013808,19.5981160511
1093,100.0,40.0,0.0,60.0,50.7012246829,22.8414378292,15.9188307879,23.059063841,19.0119847023,10.0327538412
1094,100.0,70.0,0.0,60.0,42.3273456024,10.9691021327,-11.1444315275,13.9345439582,12.7128426168,14.3774352829
1095,100.0,100.0,0.0,60.0,69.8478933908,11.4080309216,46.6298224571,42.8140117646,40.5335797025,10.7479230616
1096,0.0,0.0,20.0,60.0,52.8724571091,24.0974650497,-2.14988813243,25.5069803176,20.9296884688,18.2242418954
1097,0.0,20.0,20.0,60.0,57.1765619734,-9.73184915088,26.283413227,22.0353468254,25.1039485595,10.2776709202
1098,0.0,40.0,20.0,60.0,45.7783989844,6.02804199818,-13.2237562093,15.5779851323,15.1055304203,17.7058835354
1099,0.0,70.0,20.0,60.0,49.8662303209,-22.6213960341,14.2594136654,13.7607622047,18.3068851811,10.0996614753
1100,0.0,100.0,20.0,60.0,38.8318932998,-7.23253537651,-5.86515809646,9.27775206019,10.561503766,10.4389750758
1101,20.0,0.0,20.0,60.0,41.717785196,-0.0999420901842,15.612340293,11.86428911,12.3184199322,6.09146445778
1102,20.0,20.0,20.0,60.0,35.4138939428,0.492475321505,-6.18825579584,8.4522018096,8.70697954849,8.79622084302
1103,20.0,40.0,20.0,60.0,36.3066320565,8.41767769163,8.41521608827,9.86880149058,9.16845809681,5.6387030398
1104,20.0,70.0,20.0,60.0,33.0749386844,5.32508487751,-5.81956775681,7.86698794545,7.57190801231,7.62743777249
1105,20.0,100.0,20.0,60.0,64.121988708,21.1522080586,1.33281703026,37.9788734384,32.951955576,26.4094084844
1106,40.0,0.0,20.0,60.0,54.9616835716,4.2026239455,-11.9801156185,22.9978716924,22.8927393826,24.9986855653
1107,40.0,20.0,20.0,60.0,75.1905981339,-1.73780898586,31.86882071,46.2288795798,48.5820934779,20.3169270779
1108,40.0,40.0,20.0,60.0,51.8961392528,5.03950994172,-13.1782949934,20.3524203853,20.0521651125,22.785482421
1109,40.0,70.0,20.0,60.0,51.7599948438,2.11987146401,5.77393799692,19.6416820312,19.9317818454,14.1259416699
1110,40.0,100.0,20.0,60.0,60.9432482196,-18.163132886,13.1762647942,23.7665580881,29.1835138213,17.593563852
1111,70.0,0.0,20.0,60.0,65.4591002439,-13.8794918882,-10.309408271,29.5874197255,34.6293913697,35.3381645017
1112,70.0,20.0,20.0,60.0,46.084595749,-6.12719773839,-5.26726547488,13.7914442413,15.3312514018,14.6106823414
1113,70.0,40.0,20.0,60.0,74.2963277031,-1.56374193238,32.8471076588,44.9367140138,47.1667874051,19.1160567261
1114,70.0,70.0,20.0,60.0,73.0148883007,-4.07676000258,30.4889373893,42.1994344148,45.1870496098,19.1856069678
1115,70.0,100.0,20.0,60.0,51.8993781474,32.7235366158,-5.6955331388,26.578220832,20.0550349346,19.0820938609
1116,100.0,0.0,20.0,60.0,54.5378604887,-19.3729977914,22.8881340216,17.7960264242,22.4849994172,9.92547911129
1117,100.0,20.0,20.0,60.0,31.2958893191,4.21346945137,-4.18101909371,6.94960787387,6.77791659676,6.49757755409
1118,100.0,40.0,20.0,60.0,67.1104332848,-0.684735937247,44.7048155382,35.2622608594,36.7783864348,9.88336578979
1119,100.0,70.0,20.0,60.0,51.0118100212,31.8312299665,7.19344685997,25.4387921272,19.2788035585,13.117029719
1120,100.0,100.0,20.0,60.0,55.2937323736,-18.7427905837,19.408880985,18.535255238,23.2156093291,11.4388642518
1121,0.0,0.0,40.0,60.0,32.2682109258,3.23381929835,-0.384158989736,7.27637647767,7.20459608816,6.02724832441
1122,0.0,20.0,40.0,60.0,68.1372826214,-0.503651072891,38.1558267948,36.643001283,38.1585160343,12.6024552926
1123,0.0,40.0,40.0,60.0,38.826556431,2.2643112191,-3.51048884069,10.476912114,10.558420166,9.7188772801
1124,0.0,70.0,40.0,60.0,56.5924307536,37.2768502252,8.59375515636,33.125052925,24.5075585712,16.3354207436
1125,0.0,100.0,40.0,60.0,45.8184535058,-13.0705375844,3.09234394319,12.5504688631,15.1349308502,11.4321851054
1126,20.0,0.0,40.0,60.0,71.4700445083,12.7770222584,15.401839868,45.6915607137,42.8749942548,25.6069344821
1127,20.0,20.0,40.0,60.0,55.1242064382,-32.2958928914,14.0882978642,15.916733656,23.0503929719,13.1881599061
1128,20.0,40.0,40.0,60.0,58.9608924922,-25.8872731102,-15.5171753953,20.2551000633,26.9854881338,31.2871199623
1129,20.0,70.0,40.0,60.0,41.0602367851,7.66974220162,4.72921608219,12.5847839091,11.9021862207,8.47128628515
1130,20.0,100.0,40.0,60.0,67.143674503,-16.6909847968,-3.63937334814,30.7740941654,36.8225342283,32.7557196832
1131,40.0,0.0,40.0,60.0,47.6141365507,28.135952946,15.4113415164,21.3188954103,16.492517085,8.64001955025
1132,40.0,20.0,40.0,60.0,80.6444265003,-0.467900299165,16.0190737114,55.5779399903,57.8304367319,35.2349728754
1133,40.0,40.0,40.0,60.0,33.5610512953,0.427086470666,1.80116868767,7.56588870924,7.79915519896,6.03670610861
1134,40.0,70.0,40.0,60.0,37.5063097757,15.6144589626,1.60483730358,11.5186881987,9.81388650216,7.68219592802
1135,40.0,100.0,40.0,60.0,35.3811543699,-5.92236938171,4.60725986286,7.72561294637,8.69035672818,6.10887410958
1136,70.0,0.0,40.0,60.0,43.0796009217,6.48285159459,2.85663084781,13.7373184153,13.211091223,10.0089176889
1137,70.0,20.0,40.0,60.0,38.6535657096,-14.1150022204,8.1713016816,8.37896318668,10.4587922575,6.57366649018
1138,70.0,40.0,40.0,60.0,59.9862071572,20.2999617353,1.29905908665,32.463027408,28.1080251979,22.508984541
1139,70.0,70.0,40.0,60.0,51.9876433681,4.24533523794,-10.668889476,20.270539632,20.1333477661,21.573381969
1140,70.0,100.0,40.0,60.0,70.8123546028,-1.47375111039,29.1815428217,39.9428752487,41.9151128184,18.043689733
1141,100.0,0.0,40.0,60.0,49.8768170297,1.12628003948,4.21445398474,17.8727619498,18.3157140217,13.4917773319
1142,100.0,20.0,40.0,60.0,51.3944041805,0.937954932517,4.58873997108,19.0944778858,19.6109009785,14.3387382613
1143,100.0,40.0,40.0,60.0,59.6719295226,-15.8547990646,11.8859013291,23.052509848,27.7607027727,17.1983068212
1144,100.0,70.0,40.0,60.0,61.9745797658,-12.2790534764,-8.6787260182,26.1941471985,30.3728231142,30.2342132974
1145,100.0,100.0,40.0,60.0,46.0018154427,-6.73353264007,-3.93203373513,13.639604246,15.270007502,14.0414251585
1146,0.0,0.0,70.0,60.0,38.0266953675,-0.937456631763,1.44951095371,9.62511637521,10.1030207357,7.95291820128
1147,0.0,20.0,70.0,60.0,76.6906809605,-0.00587682016745,9.33061514075,49.1954916718,51.0192712085,35.1449714747
1148,0.0,40.0,70.0,60.0,32.698111377,-1.74674737193,1.90672866899,6.95801228546,7.39881874488,5.69826476438
1149,0.0,70.0,70.0,60.0,48.3132283965,5.75083799546,-17.5437528503,17.4779018232,17.0422512953,21.8476417556
1150,0.0,100.0,70.0,60.0,50.388096484,11.2112903233,20.0971163458,20.2851390536,18.7454850193,8.66669469968
1151,20.0,0.0,70.0,60.0,57.4709755016,24.2507834461,-5.56893700131,30.5716499198,25.4081737631,23.8526932646
1152,20.0,20.0,70.0,60.0,32.4215131453,-1.84150769212,1.37045944206,6.82974966776,7.27346080145,5.71064358158
1153,20.0,40.0,70.0,60.0,47.4765396051,2.43471515794,-3.75653437507,16.2262652939,16.3857287932,14.9604617652
1154,20.0,70.0,70.0,60.0,50.7155538521,12.3443209123,17.1266627424,20.8103301322,19.0242401508,9.67763305003
1155,20.0,100.0,70.0,60.0,56.1869178316,22.9794124285,9.46912970839,28.7770524225,24.0991391685,15.6823595656
1156,40.0,0.0,70.0,60.0,79.5760059497,-1.34411884452,28.0172546232,53.4103004397,55.9335862422,26.3864934814
1157,40.0,20.0,70.0,60.0,46.939912075,30.2923640233,8.87474158368,21.1606887959,15.9736596965,10.2035402916
1158,40.0,40.0,70.0,60.0,65.3415420687,-19.5462776737,6.85879571148,27.9920923406,34.4796808095,24.4761084684
1159,40.0,70.0,70.0,60.0,40.6448136244,8.37603886513,-1.71413699665,12.4240584423,11.6441150786,10.1224269224
1160,40.0,100.0,70.0,60.0,56.4919235232,-29.3542386265,-4.08849210516,17.5053260016,24.4059042526,22.1789537141
1161,70.0,0.0,70.0,60.0,40.706535174,-13.7457019912,2.5674668004,9.46944425342,11.6822196906,8.8994467029
1162,70.0,20.0,70.0,60.0,45.767758639,5.60445104687,14.095530968,15.4975572229,15.0977267034,8.13660928
1163,70.0,40.0,70.0,60.0,36.0480600963,-4.44532809336,-0.620568768038,8.20303309901,9.03315941208,7.60899944092
1164,70.0,70.0,70.0,60.0,38.7268255392,15.53636959,8.33386794834,12.2614095305,10.5009068119,6.5653616324
1165,70.0,100.0,70.0,60.0,33.2373868011,1.86117803429,-2.19677532622,7.57002345585,7.64735090115,6.81249606034
1166,100.0,0.0,70.0,60.0,77.7652277229,-1.14194054763,47.3211853244,50.4981223494,52.8142929972,15.4187005829
1167,100.0,20.0,70.0,60.0,47.5432891841,30.5257959829,4.29368386114,21.7628959832,16.4374750469,12.0297071846
1168,100.0,40.0,70.0,60.0,63.7651218641,-20.2849469058,24.1064296582,26.1243094975,32.5136054606,15.0481754138
1169,100.0,70.0,70.0,60.0,40.8688602726,9.46978292288,-7.34441079745,12.7305047815,11.7828298372,12.0744897009
1170,100.0,100.0,70.0,60.0,54.441121035,-31.8101066605,9.03377144664,15.4925338671,22.3926147855,14.6523901614
1171,0.0,0.0,100.0,60.0,61.4622135466,31.1902805823,-0.00183515602066,37.537144716,29.7780148233,24.5709899295
1172,0.0,20.0,100.0,60.0,64.748981624,25.8006472955,0.429495669897,40.3102388536,33.7316195937,27.5753253988
1173,0.0,40.0,100.0,60.0,78.4649122188,-1.71843285636,45.093911269,51.420648333,54.0054523821,16.8498624655
1174,0.0,70.0,100.0,60.0,78.9583217114,-1.64239587292,36.43963821,52.2632956125,54.8561246446,21.2674765833
1175,0.0,100.0,100.0,60.0,48.3519840345,1.11928415158,4.1279951737,16.6636029073,17.0730792336,12.5725070903
1176,20.0,0.0,100.0,60.0,53.8851712492,1.01910015993,4.34565611789,21.3005956984,21.8665935997,16.1596519372
1177,20.0,20.0,100.0,60.0,64.0943923324,-18.0817592172,-18.1839117012,27.0116861719,32.9179184265,39.36497548
1178,20.0,40.0,100.0,60.0,67.2002798108,-15.2996282823,-13.8358218013,31.2180752364,36.89779324,40.1307673802
1179,20.0,70.0,100.0,60.0,74.7143609417,2.81611773993,8.1585623575,47.1209820673,47.8249107916,33.6018858882
1180,20.0,100.0,100.0,60.0,62.6723249721,-17.8883612753,12.4904593532,25.5678196284,31.1955025945,19.2636212872
1181,40.0,0.0,100.0,60.0,64.6049504029,11.3360404227,-5.14210725699,35.6248318029,33.5514410136,30.8714526067
1182,40.0,20.0,100.0,60.0,45.4134271311,-1.31574094933,11.3077951124,14.097243386,14.8393894566,8.72532207126
1183,40.0,40.0,100.0,60.0,54.3014632548,-4.85092878297,-18.6932203574,20.4504792314,22.2596907201,28.2420846183
1184,40.0,70.0,100.0,60.0,54.4885940981,20.9053386727,28.0428048895,26.4173623692,22.4379191158,8.42760368318
1185,40.0,100.0,100.0,60.0,63.643017315,8.55330050791,15.1077836866,33.6003554485,32.3645183119,18.8241515404
1186,70.0,0.0,100.0,60.0,46.0041818093,-0.327348331413,8.60053373007,14.6724419952,15.271755958,9.79765990034
1187,70.0,20.0,100.0,60.0,52.9795255491,-8.68893088366,-1.01142690468,18.5504501702,21.0274515525,17.7962708812
1188,70.0,40.0,100.0,60.0,55.1083130459,22.1021876118,23.2610695585,27.3726539855,23.0349439244,10.110777208
1189,70.0,70.0,100.0,60.0,49.1301887312,-21.4964903383,1.01572518312,13.4397620134,17.6999908675,14.2116167594
1190,70.0,100.0,100.0,60.0,43.6334788805,4.93488246321,-8.82202946213,13.8702226442,13.5861520219,14.3502514423
1191,100.0,0.0,100.0,60.0,57.7586807544,-8.91047178711,14.1635537298,22.7634649181,25.7078320109,14.8843639699
1192,100.0,20.0,100.0,60.0,51.112407424,24.7721587616,4.14656056675,23.8943749567,19.3657573548,14.321778007
1193,100.0,40.0,100.0,60.0,69.8586533982,12.0495075587,35.7443636311,43.0460497322,40.5488228122,14.6021468426
1194,100.0,70.0,100.0,60.0,34.1565638044,5.25887063138,-1.52163366254,8.37785587538,8.08368457633,7.02820392334
1195,100.0,100.0,100.0,60.0,38.4381846837,10.9005558877,5.05836722109,11.4211253683,10.33562958,7.22214678303
1196,0.0,0.0,0.0,80.0,37.0377477041,-2.17863477043,0.585108107496,8.95603143348,9.55831307874,7.73618701699
1197,0.0,40.0,0.0,80.0,42.228496144,0.811987302784,8.71490007234,12.3154777278,12.6483173536,7.94748031389
1198,0.0,70.0,0.0,80.0,40.0968691596,-10.3729947717,4.02853275751,9.56146804354,11.3094608746,8.21335475034
1199,0.0,100.0,0.0,80.0,51.7087262977,-19.3956905946,-4.98309435205,15.6016843474,19.8865737324,18.6006976323
1200,40.0,0.0,0.0,80.0,43.4296255875,2.12842029569,1.84042162761,13.2930919143,13.4472975548,10.5082303027
1201,40.0,40.0,0.0,80.0,58.3135366629,-7.56322755883,5.200668106,23.5997686392,26.2923753334,19.1580603224
1202,40.0,70.0,0.0,80.0,50.4724473341,22.677162136,14.2628004584,22.8035889991,18.8170283029,10.4208828185
1203,40.0,100.0,0.0,80.0,71.1667856714,11.7935248814,22.6395348773,44.8907762159,42.4305954553,21.4516814054
1204,70.0,0.0,0.0,80.0,78.2614629605,-1.59482019898,47.9661467449,51.1345682914,53.6572684128,15.5040600519
1205,70.0,40.0,0.0,80.0,79.4426320237,-1.55870753645,28.604069626,53.1028263591,55.6997510949,25.9165787688
1206,70.0,70.0,0.0,80.0,44.7721787312,1.12849304715,3.9405658011,14.0459629857,14.3793896271,10.5756067711
1207,70.0,100.0,0.0,80.0,59.1744915115,0.816993667306,4.29170079849,26.4440922222,27.2168293217,20.2990117192
1208,100.0,0.0,0.0,80.0,62.3075260201,-18.8610687921,-19.858226411,24.9648725206,30.7635565668,38.3116655162
1209,100.0,40.0,0.0,80.0,70.0585702659,-11.6686662766,-9.74648734378,35.7746644222,40.8327295556,40.7762139898
1210,100.0,70.0,0.0,80.0,60.3383906028,33.360714914,-0.134251020972,36.7184680858,28.5006675002,23.5880648116
1211,100.0,100.0,0.0,80.0,68.8873440637,19.3228263762,0.817061674628,44.097606863,39.1881597139,31.7958153864
1212,0.0,0.0,40.0,80.0,77.3230377856,-4.96943004282,32.4514420408,48.3734265823,52.0706062245,21.8587272282
1213,0.0,40.0,40.0,80.0,77.0925106752,1.49259743363,34.2471526435,50.3985353122,51.6856832887,20.7580826794
1214,0.0,70.0,40.0,80.0,35.9128272859,-11.5177738097,6.02610758918,7.37579785913,8.96293153022,5.99994267111
1215,0.0,100.0,40.0,80.0,41.4867758728,10.2385921636,-0.0691252502957,13.2523449836,12.1711016206,10.0634581151
1216,40.0,0.0,40.0,80.0,61.6364426816,-8.97384860977,34.941482635,26.6451045429,29.9793985294,9.98155683522
1217,40.0,40.0,40.0,80.0,48.9424862834,33.7532088396,13.765241861,23.8095517265,17.5473996011,9.76818807068
1218,40.0,70.0,40.0,80.0,36.0162955676,-11.0639406406,5.41563732467,7.47000594095,9.01663090134,6.17165123296
1219,40.0,100.0,40.0,80.0,41.8447457741,12.2558697452,-3.54562265746,13.8085169375,12.3998885694,11.3616592592
1220,70.0,0.0,40.0,80.0,63.1765661354,-8.58525452077,29.2677080761,28.4073932503,31.7991872537,12.7213538
1221,70.0,40.0,40.0,80.0,49.1749753532,35.2408700611,8.29478405144,24.3810178539,17.736530054,11.6270378515
1222,70.0,70.0,40.0,80.0,62.0975212421,26.1728314511,16.0712914571,36.8385325982,30.5167150195,17.196855627
1223,70.0,100.0,40.0,80.0,55.970297228,12.8119322916,17.008253672,26.0030121675,23.8828373595,12.6626744482
1224,100.0,0.0,40.0,80.0,52.684882257,3.6042167513,-0.626402635822,20.7579957076,20.7591471129,17.4017148186
1225,100.0,40.0,40.0,80.0,47.6114618298,-6.40906512998,4.25250395949,14.8124263009,16.4904368386,12.084205249
1226,100.0,70.0,40.0,80.0,46.7842070343,-10.4653310429,-8.54788181451,13.5832283928,15.8554025506,16.4326903525
1227,100.0,100.0,40.0,80.0,44.1805120173,-8.3297964096,8.41986359176,12.2089773833,13.9634800073,8.93798341039
1228,0.0,0.0,70.0,80.0,41.062742538,-3.23678611954,5.96009032019,11.0315025526,11.9037543134,8.14277769296
1229,0.0,40.0,70.0,80.0,38.0933102946,1.56171819432,3.78800188531,9.97618711544,10.1404379134,7.38828185921
1230,0.0,70.0,70.0,80.0,35.7088781949,5.86613984909,2.02789487949,9.23377229203,8.85770842778,6.82107038686
1231,0.0,100.0,70.0,80.0,34.8386379437,8.55116264236,1.28672626822,9.10527981267,8.4179773312,6.64429513688
1232,40.0,0.0,70.0,80.0,62.3788807835,23.9959935773,30.0709130714,36.545635374,30.8477295925,11.9617387217
1233,40.0,40.0,70.0,80.0,57.3679468844,12.2317579985,9.24882710412,27.3400229019,25.3014336606,16.6238371147
1234,40.0,70.0,70.0,80.0,51.7845257022,1.39469162682,12.4927469328,19.5178706355,19.953437134,11.7282985663
1235,40.0,100.0,70.0,80.0,48.7645869713,-5.92094820286,-4.55461318669,15.7368411078,17.4035895779,16.1895876077
1236,70.0,0.0,70.0,80.0,44.9567919908,-13.8789136756,1.48164069142,11.890394873,14.5108329166,11.4736862026
1237,70.0,40.0,70.0,80.0,77.821098644,-1.35308871547,52.7235640625,50.5092778941,52.9087589906,13.3702681438
1238,70.0,70.0,70.0,80.0,79.4255716888,-1.23053066639,26.525426785,53.2018710335,55.6698875043,27.1062660903
1239,70.0,100.0,70.0,80.0,40.4589205329,1.23603346676,3.71203987377,11.2884593301,11.5298522886,8.46597508613
1240,100.0,0.0,70.0,80.0,63.2646748224,0.871778653863,4.44689917128,31.0024143861,31.9054650499,23.8382488515
1241,100.0,40.0,70.0,80.0,61.5108001391,-20.4235741519,-21.9391748548,23.8088648645,29.8340829323,38.8389643281
1242,100.0,70.0,70.0,80.0,71.2754669739,-10.1958983787,-8.09250610118,37.8192628108,42.5895033811,41.1207608946
1243,100.0,100.0,70.0,80.0,57.103812743,38.1641025601,0.18346358176,34.0101440969,25.029150925,20.5616180002
1244,0.0,0.0,100.0,80.0,69.8147351348,17.4365984204,1.20600154823,44.8266073614,40.4866302536,32.5954697383
1245,0.0,40.0,100.0,80.0,74.5141984126,-2.20373639651,6.47618101278,45.0408127126,47.5090297741,34.5194477433
1246,0.0,70.0,100.0,80.0,63.0522033776,-14.7671366653,-8.6317331555,26.7210528036,31.6495813848,31.3965286457
1247,0.0,100.0,100.0,80.0,54.8100499059,42.5389637292,0.349067214794,32.4428663003,22.7462984808,18.607551249
1248,40.0,0.0,100.0,80.0,36.6277657443,-9.85474752102,7.764023008,7.88158899907,9.33836470383,5.89165513188
1249,40.0,40.0,100.0,80.0,46.9387770104,17.9691257143,-14.2283955734,18.6703151482,15.9727955003,19.0728165842
1250,40.0,70.0,100.0,80.0,72.1903006014,7.15902861907,53.0950115651,44.8133930548,43.942878388,9.99451269751
1251,40.0,100.0,100.0,80.0,54.5669186017,39.7378209789,13.0170124988,31.3774646956,22.5127989922,13.2284596315
1252,70.0,0.0,100.0,80.0,36.9054690101,-9.59817394304,6.84120668053,8.04104441175,9.48697461869,6.19529827944
1253,70.0,40.0,100.0,80.0,46.3353466517,16.1429657898,-2.21239427428,17.8261067639,15.5177649486,13.6108748512
1254,70.0,70.0,100.0,80.0,72.3670430402,7.07188307553,45.611725127,45.0480018928,44.2076063745,12.5448261011
1255,70.0,100.0,100.0,80.0,40.838596777,-2.93245285562,-5.05180758404,10.9415124903,11.7640286926,11.286395798
1256,100.0,0.0,100.0,80.0,53.6725674723,-14.1004506368,-4.54675136387,18.0869471884,21.6676332869,19.9859326516
1257,100.0,40.0,100.0,80.0,46.6684256183,13.4164013357,4.72758241816,17.5848340603,15.7678465663,11.3760164963
1258,100.0,70.0,100.0,80.0,64.299404931,2.09229900815,12.5757410378,32.5705812801,33.1713397888,20.5684391985
1259,100.0,100.0,100.0,80.0,55.228415903,37.1032507164,21.9469901252,31.4368193669,23.1518601266,10.5823950071
1260,0.0,0.0,0.0,100.0,36.6649472682,14.4575539035,3.86778750815,10.8603701691,9.35817135855,6.77619193387
1261,0.0,40.0,0.0,100.0,35.2830878226,2.19476870829,-0.452782054396,8.58284352427,8.64069215306,7.23956385585
1262,0.0,100.0,0.0,100.0,39.5696912035,5.71435767441,6.84656316483,11.3780601419,10.9936013031,7.26191117026
1263,40.0,0.0,0.0,100.0,37.8512110543,-5.97539061161,2.22898641479,8.92161149928,10.0048931761,7.67470026262
1264,40.0,40.0,0.0,100.0,43.3951349247,-4.13896746829,10.9701573576,12.326876477,13.4238982614,7.88424224633
1265,40.0,100.0,0.0,100.0,42.6809769072,-1.45873215795,-8.97096398565,12.2685290743,12.9454764236,13.782059453
1266,100.0,0.0,0.0,100.0,52.3800401043,-16.4355948799,10.45701955,16.6290605539,20.4839678643,12.7912264335
1267,100.0,40.0,0.0,100.0,47.1309249623,13.8441222273,-0.193437902088,18.0391837826,16.1195342601,13.3713384406
1268,100.0,100.0,0.0,100.0,63.0123838668,0.950988133893,26.8203811266,30.7294485878,31.6017786891,13.5071796209
1269,0.0,0.0,40.0,100.0,56.5077893833,36.1196480039,13.6687056183,32.6949937737,24.4219324692,14.2373104812
1270,0.0,40.0,40.0,100.0,77.8041761901,-1.21095643084,54.9375594363,50.5352949133,52.8801347932,12.561944914
1271,0.0,100.0,40.0,100.0,79.8198399123,-0.670620947735,21.7639307229,54.086059879,56.3627734233,30.4406753966
1272,40.0,0.0,40.0,100.0,37.7755997377,1.27316892096,3.57249961188,9.76627282796,9.9628093603,7.3062769463
1273,40.0,40.0,40.0,100.0,65.4094523881,0.860064516485,4.47311282646,33.5776438788,34.5661119803,25.879891888
1274,40.0,100.0,40.0,100.0,60.1121561796,-21.2631881523,-23.3712846551,22.2788959682,28.248026243,38.1101137412
1275,100.0,0.0,40.0,100.0,73.9089737613,-7.99277037338,-5.10175495437,42.1786963674,46.5623781984,42.3382792188
1276,100.0,40.0,40.0,100.0,56.983324406,38.9875626728,-0.062879967299,34.0980538296,24.9055970527,20.5805447613
1277,100.0,100.0,40.0,100.0,71.8799668028,13.9116703853,1.68327371541,46.7195094339,43.480615668,34.6935998303
1278,0.0,0.0,100.0,100.0,61.4125480025,20.5843109643,19.3338619018,34.2975583012,29.7207742718,15.3351320635
1279,0.0,40.0,100.0,100.0,64.3286498352,25.770555219,3.04796183268,39.7173838857,33.2075958235,25.6302748918
1280,0.0,100.0,100.0,100.0,44.3128466779,-3.83958036384,7.56970945147,12.9622218708,14.0557982011,9.24469953915
1281,40.0,0.0,100.0,100.0,62.6099946793,8.83961203372,-7.71156690404,32.4207889775,31.1214148632,30.3156512035
1282,40.0,40.0,100.0,100.0,33.3178751026,2.96934512875,4.78370847493,7.7254268641,7.6849155893,5.32975487924
1283,40.0,100.0,100.0,100.0,52.874457083,-7.25216575942,-21.2572515857,18.7407978797,20.9315118413,28.3049180991
1284,100.0,0.0,100.0,100.0,45.0733184073,-3.56084038316,6.15511412087,13.5097380921,14.5942098325,10.0511216928
1285,100.0,40.0,100.0,100.0,61.3204768373,6.57043993952,11.8179507695,30.2799903086,29.6148545046,18.495884702
1286,100.0,100.0,100.0,100.0,33.4281976779,3.69948010782,3.9107009558,7.85579036056,7.73660380403,5.54442082421
1287,100.0,0.0,0.0,0.0,50.9563786214,-10.6835998121,-4.1331621391,16.5602370878,19.2310015067,17.6336537068
1288,98.0,0.0,0.0,0.0,50.8946636877,46.1239569982,11.360676504,28.863204413,19.1778737954,11.5932497022
1289,95.0,0.0,0.0,0.0,70.7318019787,-11.6918696873,31.8169977679,36.6415001417,41.7985427611,16.8258236703
1290,90.0,0.0,0.0,0.0,42.9615126646,21.436245517,-2.78194531402,16.1453174137,13.1320305059,11.749413576
1291,85.0,0.0,0.0,0.0,58.4822892238,-27.2295417497,14.0754958415,19.5668649828,26.4718980248,15.4183946711
1292,80.0,0.0,0.0,0.0,39.4577598098,4.60603981732,-10.2949933374,11.1580765419,10.9273033541,12.2532790262
1293,75.0,0.0,0.0,0.0,48.7932725718,-0.249207790727,16.9700224891,16.7595708515,17.4267250719,8.77109408936
1294,70.0,0.0,0.0,0.0,37.4384484369,-8.22823994474,1.21460015319,8.45286543917,9.77659337659,7.7518739284
1295,60.0,0.0,0.0,0.0,41.2951841667,10.8815560857,10.2352781841,13.2241892788,12.0498153403,7.16106618554
1296,50.0,0.0,0.0,0.0,33.5253600341,0.18624187665,-1.52283097704,7.52411411502,7.78231770674,6.77094056306
1297,40.0,0.0,0.0,0.0,37.0344176404,19.2731911863,6.86818498669,11.7481952357,9.55651278774,6.23842840674
1298,30.0,0.0,0.0,0.0,50.7121861232,44.4587975569,20.2403672787,28.2331214281,19.0213593271,8.78168749988
1299,25.0,0.0,0.0,0.0,72.0662641903,-11.0194683809,19.3697633187,38.6263013417,43.757726919,23.9749709955
1300,20.0,0.0,0.0,0.0,43.5195883437,18.7000729287,4.66822970502,16.0872679999,13.5084583726,9.6929422163
1301,15.0,0.0,0.0,0.0,59.3911163584,-24.876589867,1.15391909866,20.8465208078,27.4527942335,22.0535126111
1302,10.0,0.0,0.0,0.0,39.3284808163,0.963135058985,-3.83542244148,10.5909194309,10.8510626135,10.0771918409
1303,7.0,0.0,0.0,0.0,37.0440336292,1.39355109165,3.78702206551,9.38994093637,9.56171197655,6.94936968859
1304,5.0,0.0,0.0,0.0,69.1313915103,0.839050628381,4.88732451102,38.3778989429,39.527125158,29.4634086929
1305,3.0,0.0,0.0,0.0,59.4810429067,-22.1696507767,-23.970347536,21.4981180462,27.5511485632,37.7495807181
1306,2.0,0.0,0.0,0.0,75.4207321309,-5.82663934276,-2.6279183551,45.1400023751,48.9508364453,42.4435872758
1307,0.0,100.0,0.0,0.0,55.4080112805,41.8926793818,0.559450884591,32.9863539237,23.3274274078,18.9863725251
1308,0.0,98.0,0.0,0.0,73.9578896377,11.2124585054,2.4076361459,48.9885683099,46.6384177362,36.7171830503
1309,0.0,95.0,0.0,0.0,77.811033119,-1.58885077411,55.0595150957,50.4044036033,52.89173199,12.5231206569
1310,0.0,90.0,0.0,0.0,80.3139681825,-0.891194156444,18.4145083811,54.8408499125,57.2392403563,33.1945616274
1311,0.0,85.0,0.0,0.0,53.5409999188,0.770305048686,6.21152468779,20.9364469353,21.545115442,15.1547434438
1312,0.0,80.0,0.0,0.0,76.9646374311,0.683903333455,5.6594151645,49.8897544905,51.472987071,38.1288285827
1313,0.0,75.0,0.0,0.0,67.7066410564,20.8866980351,1.12972804981,42.8979558937,37.5755873307,30.2813962501
1314,0.0,70.0,0.0,0.0,47.7060699355,7.31520487929,15.5912571091,17.2835597149,16.5641240538,8.63413404379
1315,0.0,60.0,0.0,0.0,31.6818982323,0.702467240816,-3.70764324305,6.76616221812,6.945230148,6.54136914212
1316,0.0,50.0,0.0,0.0,57.7599779283,31.3969558847,33.7001667038,32.8851636977,25.7091883848,8.42299498715
1317,0.0,40.0,0.0,0.0,66.8439930409,18.3091475181,21.4387735043,40.8100177776,36.4258003469,18.4513821777
1318,0.0,30.0,0.0,0.0,48.2841734895,8.15083659532,13.335994965,17.9028181857,17.0191640997,9.55909239334
1319,0.0,25.0,0.0,0.0,33.5168785289,-1.09091051588,0.937948456427,7.38617581347,7.7783200903,6.20871419336
1320,0.0,20.0,0.0,0.0,57.4850335135,32.3530841366,28.5690677505,32.8205395058,25.4227614321,9.74573666522
1321,0.0,15.0,0.0,0.0,39.1949774435,24.6932017372,1.45960895723,13.9700258073,10.7727036513,8.4858516114
1322,0.0,10.0,0.0,0.0,35.5416836939,-2.28635138194,0.742453797191,8.20038332107,8.7720649071,7.05796854217
1323,0.0,7.0,0.0,0.0,43.8870915036,13.9250452722,1.85287907795,15.5342320327,13.7602301177,10.7533115441
1324,0.0,5.0,0.0,0.0,38.5946458906,-11.762962331,6.40216032036,8.6193683602,10.425003096,6.96325047573
1325,0.0,3.0,0.0,0.0,49.6280615669,1.32033915245,4.50273114635,17.7081029036,18.1090122638,13.228098249
1326,0.0,2.0,0.0,0.0,39.3637570332,0.258274417285,1.00750950364,10.5177356167,10.8718310428,8.68934201421
1327,0.0,0.0,100.0,0.0,61.0840859336,-22.1410987863,-10.9080396937,23.0080958266,29.3440607426,30.6761677759
1328,0.0,0.0,98.0,0.0,43.4662737742,18.072218382,9.69023296937,15.9373558728,13.4721903436,8.25265895699
1329,0.0,0.0,95.0,0.0,73.1985870497,-9.39944960238,5.43094239335,40.7063598393,45.4673829342,33.6796121073
1330,0.0,0.0,90.0,0.0,51.5966526097,42.8196507855,24.0518212893,28.7911652633,19.7879863848,8.16134165459
1331,0.0,0.0,85.0,0.0,52.5719625773,44.802744273,8.67494921275,30.4200524021,20.6569296602,13.5608453282
1332,0.0,0.0,80.0,0.0,41.4933755709,-4.83962364947,2.23814405224,11.0660805849,12.1752939666,9.38067115382
1333,0.0,0.0,75.0,0.0,63.6057184695,24.9486191021,11.8320135365,38.4693849452,32.3190682289,20.3475143412
1334,0.0,0.0,70.0,0.0,48.16136317,-22.9204851657,8.70838362173,12.587474941,16.9218086372,10.9176446723
1335,0.0,0.0,60.0,0.0,79.4822415426,-0.858337735695,21.2962056138,53.4421578036,55.7691275159,30.3679387881
1336,0.0,0.0,50.0,0.0,36.1700188618,1.43822497256,3.80394520339,8.94140280184,9.09680768751,6.59325111915
1337,0.0,0.0,40.0,0.0,72.0679558487,0.759340215366,4.98999884335,42.4515568976,43.7602485843,32.6627274953
1338,0.0,0.0,30.0,0.0,58.5228430214,-22.7381901924,-24.8424675925,20.5139885325,26.5151614889,37.1793263986
1339,0.0,0.0,25.0,0.0,76.4134393597,-5.20540588681,-1.75280634638,46.8709128144,50.5628369957,43.111687583
1340,0.0,0.0,20.0,0.0,53.8663070927,43.8980898957,0.942782930243,31.6906441564,21.8488909812,17.6076409964
1341,0.0,0.0,15.0,0.0,74.8200540605,9.93493525486,2.77341802697,49.8924161442,47.9922709192,37.5316063191
1342,0.0,0.0,10.0,0.0,77.9826194082,-1.78378756883,55.9582154613,50.6091638807,53.1824900861,12.3120162223
1343,0.0,0.0,7.0,0.0,80.4429444397,-0.536030320149,15.7466338072,55.2034904844,57.4694995893,35.1824004189
1344,0.0,0.0,5.0,0.0,76.365778872,-0.375619980255,4.46090305235,48.5444670613,50.4846468471,38.2517602844
1345,0.0,0.0,3.0,0.0,66.5257473402,-16.2601156803,-10.0858318094,30.1747859345,36.0076211095,36.4864099046
1346,0.0,0.0,2.0,0.0,52.2576817407,-21.6062858964,18.4898775426,15.6284290294,20.3742032648,10.0669664478
1347,0.0,0.0,0.0,100.0,31.6547458505,6.69398933405,-2.07361185403,7.36099988684,6.93337205208,6.16491628259
1348,0.0,0.0,0.0,98.0,64.4078622283,-3.85752980675,39.9916764827,31.0562692205,33.3059311457,9.89947451842
1349,0.0,0.0,0.0,95.0,43.4147384213,9.05822230413,-19.0788936792,14.3815510335,13.4371944115,18.5072508333
1350,0.0,0.0,0.0,90.0,53.281755762,-21.2797795064,16.0407040873,16.4580193199,21.3050563832,11.4054961783
1351,0.0,0.0,0.0,85.0,32.2412366392,5.85646275762,1.48429619101,7.53840732587,7.19252415188,5.62250297559
1352,0.0,0.0,0.0,80.0,65.5812599971,-3.67805153935,34.8540585087,32.5018481789,34.7854205318,12.2156475758
1353,0.0,0.0,0.0,75.0,42.8575219564,6.74979129644,-8.43020918161,13.628664957,13.0626699022,13.6935225179
1354,0.0,0.0,0.0,70.0,49.3248768574,-6.72348803223,22.2941617025,16.017100794,17.8591930357,7.60302206749
1355,0.0,0.0,0.0,60.0,39.7928248033,-4.5543319112,-9.07237931357,10.131194528,11.1265643374,12.0308021109
1356,0.0,0.0,0.0,50.0,41.8637044254,6.79312466644,12.7123884648,12.9737726514,12.4120847793,6.80400383404
1357,0.0,0.0,0.0,40.0,34.731117442,5.00323758465,-7.72735082947,8.63245215558,8.36467974343,8.89730805064
1358,0.0,0.0,0.0,30.0,37.0740630718,15.1222021243,8.17099644732,11.1913033305,9.57796048431,5.96921352683
1359,0.0,0.0,0.0,25.0,56.3613043558,38.3378270713,6.1404515564,33.1434293609,24.274214895,17.2146173346
1360,0.0,0.0,0.0,20.0,62.1051608535,0.655909865109,34.9631829852,29.6081562238,30.5256714619,10.2215344055
1361,0.0,0.0,0.0,15.0,47.4102743329,15.9186668081,-7.69138925702,18.6668022334,16.3344655231,16.5269671215
1362,0.0,0.0,0.0,10.0,51.3159566339,-17.180042849,16.5844026491,15.691647979,19.5424989928,10.1530098781
1363,0.0,0.0,0.0,7.0,42.4000264144,1.03102834938,-16.5012683612,12.4566401098,12.7604256955,16.5997466317
1364,0.0,0.0,0.0,5.0,70.2680639651,-11.7828819077,40.635572639,36.0108088325,41.1316552774,13.0294432349
1365,0.0,0.0,0.0,3.0,54.155809541,-13.0929513753,-7.51377896555,18.6791893551,22.1216213075,21.8698196083
1366,0.0,0.0,0.0,2.0,55.4736835333,13.4279518576,23.8572175459,25.6365779259,23.3918476609,10.1211015629
1367,0.0,0.0,0.0,0.0,43.8827489157,5.70900686544,-10.1823214649,14.1659142768,13.7572369514,15.0516774676
1368,100.0,85.0,85.0,0.0,46.4722770183,30.4356361341,13.9877934012,20.7690011848,15.6202521111,8.49098299557
1369,80.0,65.0,65.0,0.0,35.0404120057,1.43390659903,3.76115486278,8.37612252856,8.51860628865,6.16548467028
1370,60.0,45.0,45.0,0.0,72.5984844997,0.771092416765,5.26436147859,43.225815311,44.5558683449,33.091868678
1371,40.0,27.0,27.0,0.0,57.5253254644,-23.3627940746,-26.1799140531,19.5153458271,25.4646023765,36.9018394876
1372,20.0,12.0,12.0,0.0,77.1282067437,-4.27547905631,-0.345620595291,48.3201744356,51.7451622914,42.9714715582
1373,10.0,6.0,6.0,0.0,54.3839341291,43.5285013925,0.267965877066,32.2063403849,22.3381214014,18.3094575471
1374,5.0,3.0,3.0,0.0,76.0688959832,8.02744044512,3.07014927113,51.1996186222,49.9994052909,38.9070374086
1375,40.0,27.0,27.0,10.0,78.0205491637,-1.88774931781,57.8643874959,50.6315767278,53.246906669,11.6821378313
1376,20.0,12.0,12.0,10.0,80.7429186561,-0.560028547315,15.0407807781,55.7112429785,58.0074252444,36.0469286537
1377,10.0,6.0,6.0,10.0,72.0350703002,-1.36445468134,4.11815628864,41.6975070993,43.7112452052,33.2096657871
1378,60.0,45.0,45.0,20.0,78.9569100544,-2.78670960989,7.40064385104,51.8220896788,54.8536781961,39.3955692936
1379,40.0,27.0,27.0,20.0,32.6741660978,12.9244221727,1.94060019524,8.52350073584,7.38790992263,5.68262159808
1380,20.0,12.0,12.0,20.0,57.9218432106,-25.8704082532,27.2444518866,19.3565310378,25.8788154925,10.3779895465
1381,10.0,6.0,6.0,20.0,46.4784619798,9.37125385009,-17.4490657594,16.6952948086,15.62489194,20.2267228792
1382,80.0,65.0,65.0,40.0,41.4259038648,-0.707035963941,16.9825631081,11.5993289908,12.1324790773,5.692450872
1383,60.0,45.0,45.0,40.0,34.0062284524,13.0571330526,5.73002257704,9.21585949457,8.01121402147,5.37781875072
1384,40.0,27.0,27.0,40.0,58.609371955,-25.2274032349,23.6739508813,20.0807395409,26.6076295246,11.9268691074
1385,20.0,12.0,12.0,40.0,44.8755513101,6.90413191582,-5.12938580105,15.0661822776,14.4528919002,13.7603629573
1386,10.0,6.0,6.0,40.0,41.3054906959,-0.500131101132,15.5826564566,11.5553803687,12.0563192438,5.94430118484
1387,100.0,85.0,85.0,60.0,36.0378279657,12.5859673196,-5.89283983697,10.2547154743,9.02783297162,9.01515153567
1388,80.0,65.0,65.0,60.0,37.7931450826,7.27643738963,6.53951266028,10.5505629765,9.97256422864,6.60771022782
1389,60.0,45.0,45.0,60.0,39.3534180248,4.37772428474,-5.44170374357,11.065177885,10.8657413388,10.5880642297
1390,40.0,27.0,27.0,60.0,42.2865275006,-4.66390114222,13.32849051,11.5645007667,12.6861715395,6.83051162702
1391,20.0,12.0,12.0,60.0,43.4718917032,-5.73344437789,-3.53658484322,12.1422776754,13.4760089598,12.309769029
1392,10.0,6.0,6.0,60.0,45.0556638454,-13.9110749513,8.13718497235,11.9469598204,14.581557176,9.45138160327
1393,100.0,85.0,85.0,80.0,49.863496948,-2.85676075637,-13.2279184705,17.1235416932,18.3046061316,21.0198470466
1394,80.0,65.0,65.0,80.0,51.6137525428,1.37836582189,20.4265237825,19.3681822924,19.8030074918,9.1675257902
1395,60.0,45.0,45.0,80.0,59.0371904832,13.9212914536,-0.612630118541,29.6190517636,27.0679725402,22.6526884302
1396,40.0,27.0,27.0,80.0,61.5462210271,24.5243663157,38.2073436577,35.6260673324,29.8750023666,8.98119539905
1397,20.0,12.0,12.0,80.0,44.4289449571,20.9980593693,-5.47168448164,17.2022663065,14.1371240198,13.6005994884
1398,10.0,6.0,6.0,80.0,46.5484703496,11.3417354893,12.2725391068,17.1070207679,15.6774748305,9.00282949102
1399,100.0,85.0,85.0,100.0,53.4401529051,4.17917815519,-3.19256873274,21.5642394206,21.4515183762,19.1537830434
1400,80.0,65.0,65.0,100.0,57.1374807186,-8.81558591033,23.8455205734,22.1974609774,25.0637483954,11.0269305974
1401,60.0,45.0,45.0,100.0,66.0470689759,-17.5512337825,2.19957997012,29.2890614709,35.3846778066,27.8552117099
1402,40.0,27.0,27.0,100.0,57.8483988758,-23.7530600322,-25.9190727129,19.7159230713,25.8017571607,37.1166350731
1403,20.0,12.0,12.0,100.0,78.3174476289,-2.75739921667,1.72745077881,50.7861558412,53.7529311192,42.9533231913
1404,10.0,6.0,6.0,100.0,53.4045607014,44.8845701461,0.71579136038,31.4148652401,21.4185497477,17.3573003299
1405,100.0,0.0,0.0,70.0,77.8740148543,5.32303913265,3.91477447795,53.1496671673,52.9983329918,40.6322125611
1406,0.0,100.0,0.0,70.0,77.7335728969,-1.53835477355,59.3964940744,50.2980863427,52.7608212693,11.0138431204
1407,0.0,0.0,100.0,70.0,80.592078444,-0.223081446758,12.1613768546,55.5856261064,57.7365149734,37.945841883
1408,100.0,100.0,0.0,70.0,33.3804181002,1.43916691315,3.69015379405,7.59067442789,7.71418980925,5.57273336136
1409,100.0,0.0,100.0,70.0,75.3936860596,0.651007663336,5.16229658482,47.3953954888,48.9074041906,36.5161736968
1410,0.0,100.0,100.0,70.0,66.8877160178,-1.08503633211,3.07808509866,34.8613272039,36.4835046563,28.1991870756
1411,40.0,40.0,0.0,70.0,62.9424433756,23.3609907893,-2.05821990411,37.0919646929,31.5179327934,27.2032913881
1412,40.0,0.0,40.0,70.0,44.8181560793,-13.7327075427,8.87362341586,11.8258161141,14.412050617,9.12079608135
1413,0.0,40.0,40.0,70.0,32.7943065085,2.70020485605,-2.12097730869,7.45700361964,7.44275087003,6.61732732305
1414,3.0,3.0,0.0,0.0,53.3621708438,6.19128054611,24.9671982316,21.9234704425,21.3793286282,8.73787324565
1415,3.0,0.0,3.0,0.0,53.4705721398,-13.5992416557,-23.8953286916,18.016994322,21.4797221448,30.5870111921
1416,0.0,3.0,3.0,0.0,45.4881192524,-13.1752638486,6.92673627009,12.3247018524,14.8935991359,10.0339634021
1417,3.0,3.0,3.0,0.0,34.1847710746,1.11482244669,3.4045237789,7.92956860839,8.09733066267,5.92311843709
1418,3.0,0.0,0.0,3.0,54.4899420544,6.59147053935,21.4079651489,23.0770592462,22.4392063841,10.3529724369
1419,0.0,3.0,0.0,3.0,51.7976318251,-18.6106524743,-5.78264947857,15.8032421364,19.9650133499,19.0409440705
1420,3.0,3.0,0.0,3.0,43.135336713,-16.0858457813,11.496831536,10.5062077871,13.2485166026,7.63480713524
1421,0.0,0.0,3.0,3.0,45.2465797302,3.49253011768,-1.43506834055,14.7640451322,14.718771219,12.646416682
1422,3.0,0.0,3.0,3.0,38.3423115824,-3.98142141724,5.87238719597,9.41703727126,10.2811183156,6.98582845795
1423,0.0,3.0,3.0,3.0,38.434876932,13.9408044798,-2.17956723589,11.8485923392,10.333745666,9.13435408676
1424,3.0,3.0,3.0,3.0,34.4653222614,3.74874715117,2.98973585081,8.35752631962,8.23389235639,6.11728025513
1425,7.0,7.0,0.0,0.0,71.7324298189,13.0045168078,10.8811439976,46.1709334243,43.261991264,28.5331815338
1426,7.0,0.0,7.0,0.0,50.1298123682,22.4321525056,20.4962214516,22.4247337136,18.5275461506,8.43610971736
1427,0.0,7.0,7.0,0.0,59.6213960535,-5.75035883099,-6.36345958679,25.3267928674,27.7051243825,26.3727291803
1428,7.0,7.0,7.0,0.0,43.1836236432,0.695050693536,7.12607265575,12.9117740935,13.2809973195,8.8189906275
1429,7.0,0.0,0.0,7.0,51.6765187186,-17.1798395122,-17.4422581928,15.9612272481,19.8582083882,24.8861135554
1430,0.0,7.0,0.0,7.0,57.3488697833,-27.364012229,21.6119999513,18.5809881677,25.2817021892,11.8889587195
1431,7.0,7.0,0.0,7.0,64.5558965983,2.55748430539,6.69948393819,33.0133433877,33.4902230205,23.8240044203
1432,0.0,0.0,7.0,7.0,46.6011769811,-7.50204421086,9.35640209472,13.9266653438,15.717140231,9.87964506038
1433,7.0,0.0,7.0,7.0,51.4690091526,24.5997244406,1.62622782105,24.2072154623,19.6761003496,15.5634294385
1434,0.0,7.0,7.0,7.0,40.2850027747,6.8644267913,2.40419349372,11.9775133507,11.4236294616,8.74235176047
1435,7.0,7.0,7.0,7.0,57.357445649,-23.5119440183,-25.8956693518,19.341800316,25.290570949,36.4881489871
1436,40.0,3.0,0.0,0.0,79.2599887848,-1.76873960303,2.45966332751,52.7161067687,55.3805941114,43.6724121263
1437,3.0,40.0,0.0,0.0,52.4724143123,45.4498157758,1.04239204532,30.4785355837,20.5670950869,16.5244446575
1438,40.0,0.0,3.0,0.0,79.0414798393,3.92280178838,4.19057566763,54.5748443299,55.0003688321,41.9876919859
1439,40.0,3.0,3.0,0.0,77.7096976513,-1.48254157853,59.3328122335,50.2804313347,52.7205147911,11.0211237974
1440,0.0,40.0,3.0,0.0,80.36028748,0.0538468721667,9.79094052413,55.2967251979,57.321862536,39.4177409608
1441,3.0,40.0,3.0,0.0,34.4286564225,1.46432030177,3.76848495719,8.08381071248,8.21595826256,5.93521164935
1442,40.0,40.0,3.0,0.0,76.7831221076,0.693928550627,5.18107693934,49.6023121124,51.1720692586,38.2513031761
1443,3.0,0.0,40.0,0.0,55.9566663743,-4.16871452465,1.78774116238,22.1013628863,23.8692700204,18.8554593415
1444,0.0,3.0,40.0,0.0,64.7256679567,-12.6119197807,-15.1132210629,29.0917644046,33.7024112725,37.8859358356
1445,3.0,3.0,40.0,0.0,67.1030204308,7.32139195044,-4.40266168228,37.674555367,36.7685462084,33.2213282913
1446,40.0,3.0,40.0,0.0,47.4968914061,-5.92859796243,14.8921524603,14.8102075428,16.4014945875,8.72748724728
1447,3.0,40.0,40.0,0.0,56.760259503,-8.36370383166,-19.8086186693,21.9432936719,24.6779312671,31.6106408894
1448,40.0,0.0,0.0,3.0,35.9175838412,10.9917734096,9.90147935538,9.98280920186,8.96539546377,5.20412857476
1449,40.0,3.0,0.0,3.0,66.6312990396,4.46293778807,17.2874165849,36.1821342467,36.1459608,20.2314684934
1450,0.0,40.0,0.0,3.0,48.6213568885,-5.74825167672,11.3608433462,15.6601341135,17.2883780561,10.3309242628
1451,3.0,40.0,0.0,3.0,55.2418935688,-12.8773459014,-0.0884562564954,19.6438787256,23.1650048278,19.1548755411
1452,40.0,40.0,0.0,3.0,36.3422964935,11.6277323362,8.98338757986,10.3007744999,9.18722498459,5.53453019114
1453,40.0,0.0,3.0,3.0,34.1603141262,4.70815664235,-10.820297699,8.31733360601,8.08549801903,9.50179639349
1454,40.0,3.0,3.0,3.0,41.5049695662,19.7119958892,14.2471996549,14.7792571139,12.182661186,6.31148195547
1455,0.0,40.0,3.0,3.0,37.0049819822,-2.12515181898,-11.0504036428,8.94562336066,9.54060918284,11.0867985501
1456,3.0,40.0,3.0,3.0,47.6803097115,5.90468705253,23.5812456903,17.0052140305,16.5440385409,6.60888361177
1457,40.0,40.0,3.0,3.0,40.0017575907,-11.0250793125,-10.3142128406,9.43043303199,11.2520331869,12.5884964255
1458,0.0,0.0,40.0,3.0,53.3292501857,-33.2578439697,18.6464525279,14.4498194123,21.3489019173,10.5906168378
1459,3.0,0.0,40.0,3.0,41.0047171531,12.2269863442,-13.2118533622,13.2385679427,11.8674775191,14.2953605335
1460,40.0,0.0,40.0,3.0,63.1802886522,-20.1291843532,34.6763181803,25.5555657918,31.8036726177,10.894125458
1461,0.0,3.0,40.0,3.0,47.5562594082,32.6774873856,-2.18485532859,22.2398003586,16.4475425736,14.398988266
1462,3.0,3.0,40.0,3.0,77.2639191018,-1.17739958065,58.2337863746,49.677036153,51.9717111573,11.12833576
1463,40.0,3.0,40.0,3.0,39.3360149832,5.12783050042,-13.4571968811,11.1576682996,10.8554960364,13.3067902965
1464,0.0,40.0,40.0,3.0,54.3607714557,37.0243077679,26.6770613569,30.4018096226,22.3160748778,8.7411598412
1465,3.0,40.0,40.0,3.0,46.1365001317,-9.22352099861,-13.366798065,13.3418824608,15.3697355665,18.0453808183
1466,40.0,40.0,40.0,3.0,68.5071371585,12.0587236397,42.4159947802,41.1102422392,38.6639482196,11.3643072684
1467,3.0,0.0,0.0,40.0,55.9157736364,-27.9852586933,-12.0055372726,17.2994172132,23.8285986585,25.9429277897
1468,0.0,3.0,0.0,40.0,57.1773847635,-23.5115431411,-26.310750605,19.1884182015,25.1047953681,36.5633671257
1469,3.0,3.0,0.0,40.0,78.7573434057,-1.70639229857,2.81758315068,51.906316775,54.508554052,42.6882104298
1470,40.0,3.0,0.0,40.0,52.8536734051,45.9263501657,1.29280362991,31.0511974026,20.9125685688,16.6974434714
1471,3.0,40.0,0.0,40.0,78.6321452357,3.79387500552,4.02300521899,53.8287744809,54.2927810604,41.5645647641
1472,0.0,0.0,3.0,40.0,77.5604080331,-1.37706888062,59.283139825,50.0790422416,52.4689476547,10.9540816763
1473,3.0,0.0,3.0,40.0,80.7181996104,0.0113414448099,9.90304530333,55.8980048657,57.9629717009,39.8009207693
1474,40.0,0.0,3.0,40.0,34.6641596869,1.49231801274,3.8482936575,8.19996244844,8.33160292752,6.00532161405
1475,0.0,3.0,3.0,40.0,76.2868570024,0.699022969035,5.23196371673,48.8138804157,50.3553476852,37.5831826881
1476,3.0,3.0,3.0,40.0,47.3540192149,-2.75979051239,0.945476747321,15.2378788974,16.2910301811,13.0957698654
1477,40.0,3.0,3.0,40.0,77.1770631833,1.18015926609,1.44426851883,50.4180635055,51.8266438636,41.619418654
1478,0.0,40.0,3.0,40.0,52.92732613,-32.1649194322,18.572058689,14.3456847795,20.9797508611,10.3970023676
1479,3.0,40.0,3.0,40.0,50.7416811355,20.2208361541,-10.9109285772,22.5180807926,19.0465998421,20.6230414879
1480,40.0,40.0,3.0,40.0,65.9387475639,-16.1096608415,40.9200024924,29.5446108605,35.2447144836,10.4236349516
1481,3.0,0.0,40.0,40.0,43.1677573266,2.38017584735,-21.7597988136,13.1581470447,13.2703188238,19.5568363456
1482,0.0,3.0,40.0,40.0,53.7766148335,-31.7250843591,15.5793712946,15.0221571707,21.7648521171,11.8460029011
1483,3.0,3.0,40.0,40.0,49.1108072377,19.0473011836,3.02292615002,20.7658081994,17.684194037,13.4440260661
1484,40.0,3.0,40.0,40.0,66.857512994,-15.6477956945,35.8377854845,30.7227138492,36.4436370833,12.6419424303
1485,3.0,40.0,40.0,40.0,42.3265541527,-0.067073904148,-9.67843958299,12.2486313496,12.7123251182,13.8182784074
