SAMPLE_ID,CMYK_C,CMYK_M,CMYK_Y,CMYK_K,LAB_L,LAB_A,LAB_B,XYZ_X,XYZ_Y,XYZ_Z
1,0.0,0.0,0.0,0.0,59.5788899057,5.01675603908,8.58959372,27.9221456653,27.6584321887,18.5991204344
2,0.0,10.0,0.0,0.0,45.061384552,-3.23101008556,0.540309868704,13.5532331963,14.5856562859,11.8503478425
3,0.0,20.0,0.0,0.0,32.6226775061,1.50222933563,2.98210134048,7.2553496988,7.36448943936,5.45080602284
4,0.0,30.0,0.0,0.0,78.8243814301,3.59814096112,7.54713260418,54.0774004219,54.6243254989,39.112734752
5,0.0,40.0,0.0,0.0,33.7777997145,0.917974921872,2.48726852597,7.71801694399,7.90192894548,5.96932424396
6,0.0,55.0,0.0,0.0,69.9227216018,0.000333607611092,3.06681292375,39.1887580274,40.6396638342,31.492275314
7,0.0,70.0,0.0,0.0,42.2733372266,1.81226730385,-1.94723161292,12.4914416437,12.6775608251,11.0803706898
8,0.0,85.0,0.0,0.0,64.0997460702,0.0140188786834,3.20297311905,31.7528397149,32.9245198506,25.319506252
9,0.0,100.0,0.0,0.0,32.9549659371,1.20216063647,2.95458048668,7.37272612821,7.51651088091,5.57315109747
10,10.0,0.0,0.0,0.0,74.1968496066,3.46596343541,7.64274211998,46.5558301418,47.0110702767,33.346558945
11,10.0,10.0,0.0,0.0,33.9322796689,0.811173815354,2.77292823795,7.77824661018,7.9757258083,5.96517466282
12,10.0,20.0,0.0,0.0,40.3563159289,1.00541986012,3.61578128268,11.1955519743,11.467105749,8.44411826057
13,10.0,30.0,0.0,0.0,37.4944722174,-0.13404190774,2.21870900663,9.44072512507,9.80737436812,7.52205930136
14,10.0,40.0,0.0,0.0,70.6032433746,6.90689413813,3.78442131765,42.3960464983,41.6129498941,31.7899744401
15,10.0,55.0,0.0,0.0,49.5603218267,-7.93373636107,-13.5163674669,15.9829638327,18.0529950349,20.9035446844
16,10.0,70.0,0.0,0.0,74.6566077298,4.01659065707,2.77076360204,47.4633596285,47.7336258803,37.3276325726
17,10.0,85.0,0.0,0.0,33.1340169664,1.0777121838,2.95185981584,7.44039962907,7.59928700034,5.63732333065
18,10.0,100.0,0.0,0.0,64.7703182621,-0.347425213739,2.18635154151,32.4556869919,33.7583657967,26.5627506394
19,20.0,0.0,0.0,0.0,35.0988931883,0.722888934827,2.42249119923,8.3241497939,8.54792124743,6.48698556372
20,20.0,10.0,0.0,0.0,60.3207630034,-0.456735133471,2.40997174544,27.3498030031,28.4809284536,22.2320832305
21,20.0,20.0,0.0,0.0,78.2734773747,0.639806690595,4.12733389907,52.0061411621,53.6777882349,41.0008316276
22,20.0,30.0,0.0,0.0,48.5636193817,0.245340047604,3.36733202921,16.6704746572,17.242079295,12.974121127
23,20.0,40.0,0.0,0.0,44.0168447874,-1.68813281625,0.99041218767,13.0956106362,13.8498641026,11.1025867405
24,20.0,55.0,0.0,0.0,38.9826234304,0.8067954306,3.19774352681,10.373862321,10.6488425524,7.92690732139
25,20.0,70.0,0.0,0.0,78.1005568317,1.00584702046,2.0071500637,51.8608708285,53.3829552387,42.4319231657
26,20.0,85.0,0.0,0.0,34.5496031173,1.21452674969,3.51715999492,8.11393981021,8.27521493637,6.03419685431
27,20.0,100.0,0.0,0.0,58.0500439319,-10.3645998553,-6.46786960369,22.719680476,26.0136919958,24.8941565861
28,30.0,0.0,0.0,0.0,71.6765131991,-1.8485890837,1.60864686623,41.0296039558,43.1793243579,34.5021243847
29,30.0,10.0,0.0,0.0,77.103927822,-0.733406595425,8.48737591,49.585765574,51.7047022861,36.2463092397
30,30.0,20.0,0.0,0.0,54.6868791622,-1.57583496327,0.696466267432,21.4830853852,22.6278064895,18.3520504071
31,30.0,30.0,0.0,0.0,42.9535759892,-0.0198580224693,2.01223903565,12.6550799064,13.1267282012,10.200317835
32,30.0,40.0,0.0,0.0,51.021316117,-0.930113443956,1.02791130855,18.4193156047,19.2870092233,15.4928827156
33,30.0,55.0,0.0,0.0,81.7914638434,-0.138575396137,3.36671598034,57.7179227568,59.9140770725,46.5327497074
34,30.0,70.0,0.0,0.0,37.3483993811,4.12760974828,-6.82156856787,9.89418015649,9.72725304137,9.94742164709
35,30.0,85.0,0.0,0.0,42.1454041198,15.3727169995,13.677619484,14.5191925924,12.5942471646,6.6921795971
36,30.0,100.0,0.0,0.0,39.1968757368,-0.985659886474,-8.27423264667,10.2605552111,10.7738151902,11.4156442384
37,40.0,0.0,0.0,0.0,69.5684670355,5.31256186915,22.8972423933,40.4026785432,40.1390682764,19.9680137617
38,40.0,10.0,0.0,0.0,53.3277056848,-27.9222075134,4.04155941421,15.3372320636,21.3474751315,15.886949685
39,40.0,20.0,0.0,0.0,52.9478955779,-28.2711194462,9.03155655843,15.0023826848,20.9985389402,13.6694024274
40,40.0,30.0,0.0,0.0,68.4416742832,15.5327066978,25.0400831703,42.1652059381,38.5741655166,18.0679954103
41,40.0,40.0,0.0,0.0,45.162314063,-8.71205065883,0.60496688133,12.7792347816,14.6581026188,11.8875063077
42,40.0,55.0,0.0,0.0,43.2640742704,16.8420875852,6.88490851259,15.5739420071,13.3352311208,8.92530237739
43,40.0,70.0,0.0,0.0,35.9301384571,0.836314367446,1.01621921824,8.74890184733,8.97190102365,7.1535430276
44,40.0,85.0,0.0,0.0,43.4003235968,5.39597017874,-13.8726226368,13.7840133103,13.4274166451,16.2185575986
45,40.0,100.0,0.0,0.0,42.7484314256,16.3196310499,9.81021429422,15.1076559279,12.9901707232,7.89587239754
46,55.0,0.0,0.0,0.0,38.7565214056,-3.75748446462,-0.451688100483,9.6657312393,10.5180100931,8.80362005969
47,55.0,10.0,0.0,0.0,49.754822149,4.78393628976,15.0445281492,18.468297542,18.2141477277,9.80442696011
48,55.0,20.0,0.0,0.0,52.8177662656,-29.5335861069,11.8281577322,14.6992812403,20.8798679612,12.5723171253
49,55.0,30.0,0.0,0.0,46.3081668393,26.3167899511,8.43341954629,19.7817526386,15.4974753655,10.0057954608
50,55.0,40.0,0.0,0.0,69.7895407898,-15.266152667,29.3444043505,34.3723335137,40.4509813169,17.1920658404
51,55.0,55.0,0.0,0.0,48.6862407191,26.1147660152,-0.0920181770093,21.8736392271,17.3405061567,14.3431752182
52,55.0,70.0,0.0,0.0,56.6082836601,-31.2256568301,7.32653589587,17.2524487494,24.5236181334,16.8857401766
53,55.0,85.0,0.0,0.0,43.4691726485,4.0778209057,-11.3919819861,13.6230857042,13.474160675,15.2502362688
54,55.0,100.0,0.0,0.0,52.9417209688,-2.0514003737,28.7143712323,19.8270105932,20.9928978909,7.55658941331
55,70.0,0.0,0.0,0.0,40.6662940329,15.9905995265,0.513897735697,13.5966432908,11.6573668765,9.4675653824
56,70.0,10.0,0.0,0.0,45.8751699871,-10.3345247758,15.8162416933,12.9985733261,15.1766265464,7.73766898325
57,70.0,20.0,0.0,0.0,37.8820427705,6.0543304838,-5.4305538859,10.439916324,10.0220874785,9.80585475749
58,70.0,30.0,0.0,0.0,41.5581395149,-15.5833504056,8.05715170291,9.69698585622,12.2164852492,7.81866056481
59,70.0,40.0,0.0,0.0,51.8763154023,33.3725273432,14.2550871701,26.7131185718,20.034606158,11.1958395972
60,70.0,55.0,0.0,0.0,57.798524868,-3.88623980843,26.4204291987,23.9311594159,25.7495162925,10.56911231
61,70.0,70.0,0.0,0.0,45.5272064537,9.25486974518,0.00864824074449,15.9488557872,14.9220201995,12.3092165433
62,70.0,85.0,0.0,0.0,49.1984875861,-17.1094363531,10.7795520796,14.1810975437,17.7557326338,10.8269402329
63,70.0,100.0,0.0,0.0,49.7976633383,24.2423946213,-1.49998614585,22.5076643271,18.2497720775,15.6632033345
64,85.0,0.0,0.0,0.0,62.568433015,2.27369244953,39.6474657181,30.5702265144,31.0720786155,9.07244389909
65,85.0,10.0,0.0,0.0,33.3663610953,4.18144473734,4.69453745045,7.87923701583,7.70760374483,5.36425304236
66,85.0,20.0,0.0,0.0,46.9491742305,-20.489663533,7.31786959143,12.1760404431,15.9807127232,10.6943920094
67,85.0,30.0,0.0,0.0,43.8626074942,-13.7814783065,10.619842886,11.2405596097,13.7433599772,8.18715620408
68,85.0,40.0,0.0,0.0,48.2711235045,3.2439091715,-1.03906075168,16.9844503018,17.0088012962,14.4325352796
69,85.0,55.0,0.0,0.0,39.437045211,-3.66188284754,5.37833079207,10.0488320915,10.9150632185,7.56970254025
70,85.0,70.0,0.0,0.0,51.524076512,19.328228665,5.09390444405,23.0665466011,19.7243178419,14.2304807071
71,85.0,85.0,0.0,0.0,42.101257879,1.99021022575,0.138075016348,12.4081176708,12.5655828192,10.325107606
72,85.0,100.0,0.0,0.0,46.396926794,15.3477207951,-12.3370231372,17.7268163921,15.5637996886,17.7857182205
73,100.0,0.0,0.0,0.0,51.2045613284,28.9119721478,7.02995568848,24.9450030876,19.4456419187,13.2979395465
74,100.0,10.0,0.0,0.0,47.9110768113,-1.09968923017,-3.79775912259,15.9350430584,16.7245498331,15.2760457286
75,100.0,20.0,0.0,0.0,45.9963180258,0.00261806224139,15.2285778406,14.7213184929,15.2659460973,7.9429474392
76,100.0,30.0,0.0,0.0,44.1586988687,-10.3631763272,-1.94390515639,11.901245876,13.9483018176,12.1680883959
77,100.0,40.0,0.0,0.0,54.5918480164,-24.475364701,-0.534802412382,16.8982839118,22.5366669408,18.8413108064
78,100.0,55.0,0.0,0.0,46.4745971148,1.43677235463,10.0107546926,15.3066325823,15.6219924914,9.61959882518
79,100.0,70.0,0.0,0.0,39.5293163346,-1.92497793962,0.742911885253,10.3248183425,10.9696560849,8.84204363091
80,100.0,85.0,0.0,0.0,41.3649425973,11.8807404569,6.11910405137,13.4252006398,12.0938818736,8.23883776458
81,100.0,100.0,0.0,0.0,46.0688064855,13.8141087271,-10.0697657254,17.1810831715,15.3195573121,16.5547352434
82,0.0,0.0,10.0,0.0,42.7631676573,-3.58299898938,-0.763918241286,12.0112950794,12.9999483895,10.9707796202
83,0.0,10.0,10.0,0.0,52.2549539169,-21.2812692505,3.4632447212,15.6823677233,20.3717606819,15.3680714802
84,0.0,20.0,10.0,0.0,46.9425513093,5.76579064779,1.00475269249,16.4084745829,15.9756692321,12.8188502224
85,0.0,30.0,10.0,0.0,63.1619450397,-3.65307856879,21.4934733282,29.6730124877,31.78157397,15.6830000205
86,0.0,40.0,10.0,0.0,54.9727863189,29.0882910173,16.716342035,29.0038676531,22.9034865375,12.1628142499
87,0.0,55.0,10.0,0.0,50.242635768,-17.3065967903,-5.17957671778,14.8861853976,18.6225370031,17.5522980606
88,0.0,70.0,10.0,0.0,56.7431232452,20.6434765474,2.06371772543,28.7929457945,24.6604991769,19.359500915
89,0.0,85.0,10.0,0.0,52.8700518517,-10.8064652042,14.471831725,18.0556588082,20.9274957405,11.69210232
90,0.0,100.0,10.0,0.0,47.9984988111,1.00663626968,-11.5097565224,16.3716090785,16.7932747488,18.6602287677
91,10.0,0.0,10.0,0.0,63.9695180116,10.6336447486,35.6629579785,34.6094947155,32.764192412,11.014621223
92,10.0,10.0,10.0,0.0,32.3583377472,1.94494257881,1.59837814271,7.183747318,7.24502894342,5.64065494204
93,10.0,20.0,10.0,0.0,49.0128386137,-17.455565784,14.1663434356,13.9971105504,17.6044888047,9.68493116864
94,10.0,30.0,10.0,0.0,33.8371698133,3.53157718624,5.16925381637,8.03048326478,7.93023662902,5.43197744012
95,10.0,40.0,10.0,0.0,57.5520816802,3.1985795137,31.4432462269,25.3337887076,25.4924125642,8.94671834788
96,10.0,55.0,10.0,0.0,46.2789812261,-6.05085937762,-1.73616073204,13.9366074204,15.4757081631,13.3985266665
97,10.0,70.0,10.0,0.0,59.1212947419,-18.8705252593,13.5482100206,21.8722167781,27.1590907305,16.0868195779
98,10.0,85.0,10.0,0.0,53.6457990214,14.2489574634,11.7920605073,23.9850125987,21.6426685332,13.0962460467
99,10.0,100.0,10.0,0.0,72.051636448,-1.06879894439,33.7223184211,41.8190664836,43.7359261608,16.9850857963
100,20.0,0.0,10.0,0.0,39.5715203422,11.3363669441,-3.08487320901,12.179797601,10.9946869389,9.9765281624
101,20.0,10.0,10.0,0.0,39.3434804435,5.69015811088,6.65736424255,11.2395435607,10.8598902203,7.21284445378
102,20.0,20.0,10.0,0.0,43.1912350724,4.86518179988,-4.49295914364,13.558739819,13.2861220668,12.4749958675
103,20.0,30.0,10.0,0.0,57.7820406425,-12.6217551675,4.42154665465,21.9748324588,25.7322652961,19.0939601592
104,20.0,40.0,10.0,0.0,63.0786983963,-23.4027580646,8.69341628032,24.679785938,31.6814149313,21.4522564235
105,20.0,55.0,10.0,0.0,63.585601265,-12.753040242,11.76766677,27.7958494799,32.2945723122,20.3619544556
106,20.0,70.0,10.0,0.0,58.1965667381,-2.09714072987,7.59880621991,24.7409298162,26.1684176084,17.9680441428
107,20.0,85.0,10.0,0.0,51.882776212,9.28991610707,3.33565711409,21.2245329947,20.0403276869,15.1614873641
108,20.0,100.0,10.0,0.0,39.939369931,8.24410254431,-0.162744742769,11.9616591575,11.2144697441,9.30003071044
109,30.0,0.0,10.0,0.0,38.2099960459,8.11365998784,4.63411087898,10.9030376,10.2062019892,7.22967103049
110,30.0,10.0,10.0,0.0,48.9123280154,26.6360009857,-2.84591185526,22.1971007762,17.5229647436,15.5895241968
111,30.0,20.0,10.0,0.0,39.5812504579,7.15351846189,2.67358760821,11.5865690868,11.0004631876,8.33784238183
112,30.0,30.0,10.0,0.0,41.6719678528,2.66104251509,3.95321762722,12.2349848442,12.2891075099,8.97785859368
113,30.0,40.0,10.0,0.0,44.5194816472,-3.05847492418,5.5893627117,13.2176977803,14.200761421,9.93323351014
114,30.0,55.0,10.0,0.0,59.5682545421,-18.3622166521,5.4156179219,22.4003623745,27.6467576552,20.0835305117
115,30.0,70.0,10.0,0.0,61.6248596596,16.4267611424,23.9372398781,33.364409663,29.9659821409,13.689796272
116,30.0,85.0,10.0,0.0,56.7750910218,7.62652022103,15.3470544267,25.590695332,24.6930254607,13.7753706517
117,30.0,100.0,10.0,0.0,51.4992368785,-3.8796060823,5.19532434625,18.2491511484,19.7025582871,14.1752368286
118,40.0,0.0,10.0,0.0,48.3678456693,-12.034504027,-0.731317124131,14.423388535,17.0857069889,14.3780302477
119,40.0,10.0,10.0,0.0,47.7121254529,-1.28876064084,-18.281312469,15.753384863,16.568847962,21.6954925588
120,40.0,20.0,10.0,0.0,46.9350361367,10.069945636,19.7196859903,17.179175305,15.9699475585,7.21932299645
121,40.0,30.0,10.0,0.0,45.2887931657,9.23297811904,-1.56421837712,15.7665881748,14.7492263846,12.718129444
122,40.0,40.0,10.0,0.0,41.3534025431,0.902925182602,8.67585525284,11.7832155502,12.0865845956,7.5713491211
123,40.0,55.0,10.0,0.0,40.2906256759,0.799251206329,-8.30277244131,11.128310612,11.4270534832,12.0612297941
124,40.0,70.0,10.0,0.0,38.6857994165,-6.03807959804,3.78675124423,9.346527867,10.477308406,7.64455033738
125,40.0,85.0,10.0,0.0,64.8681009515,10.7720350532,26.5302077565,35.7949782167,33.8811206059,14.8413225448
126,40.0,100.0,10.0,0.0,60.0483103568,1.26428212569,18.5444787258,27.4865626162,28.1769992428,14.7138115183
127,55.0,0.0,10.0,0.0,54.3389292429,-9.12666027554,7.42336202291,19.6155678756,22.2952984786,15.2203840441
128,55.0,10.0,10.0,0.0,51.9615643423,-9.77839436859,-25.0240957851,17.5143118562,20.1101881143,29.6558614157
129,55.0,20.0,10.0,0.0,61.2807372177,6.89477373757,-1.60114578336,30.3209162758,29.5692154319,25.287851579
130,55.0,30.0,10.0,0.0,35.8891813457,-0.870213554551,6.73638097593,8.53075726118,8.9506894448,5.83945429741
131,55.0,40.0,10.0,0.0,33.7713154833,0.25366198838,1.62739206643,7.64386888899,7.89884134859,6.15356211947
132,55.0,55.0,10.0,0.0,33.8775868232,-4.07515073442,3.06490746464,7.23801029234,7.94954609964,5.88259106891
133,55.0,70.0,10.0,0.0,51.2865059618,-6.5619573676,23.2627371759,17.5712851273,19.5168607341,8.22885529909
134,55.0,85.0,10.0,0.0,43.223003357,-3.71785490003,-9.1525682895,12.279831108,13.3075257702,14.2052924923
135,55.0,100.0,10.0,0.0,44.1577994966,5.51614046305,14.0052366132,14.3264237366,13.9476762459,7.44759010078
136,70.0,0.0,10.0,0.0,45.0818229686,-0.924618433838,-7.81299656155,13.9312026603,14.6003074856,14.9317907691
137,70.0,10.0,10.0,0.0,47.5865521677,23.9736928633,11.2951328547,20.426011881,16.4710719146,9.80771751119
138,70.0,20.0,10.0,0.0,52.8999231394,37.5094951176,0.581062938648,28.870686459,20.9547384567,17.0373758403
139,70.0,30.0,10.0,0.0,45.0559413636,6.36869655048,-5.57037683526,15.1068537228,14.5817560109,14.0442856856
140,70.0,40.0,10.0,0.0,56.7765391094,19.2208209095,10.6137112891,28.4637218121,24.6944995245,15.6300511168
141,70.0,55.0,10.0,0.0,41.6036660126,-8.59806521094,6.45581622026,10.6235462686,12.2454966361,8.25880053175
142,70.0,70.0,10.0,0.0,52.6372105355,-4.35505919704,6.92559048337,19.1070426971,20.7159525607,14.2640654796
143,70.0,85.0,10.0,0.0,66.4095142324,-8.22734838408,16.7715840179,32.2282219338,35.8556908622,20.2962390489
144,70.0,100.0,10.0,0.0,42.1106280321,-7.01630565043,1.44369299608,11.1323267682,12.5716632603,9.9309626219
145,85.0,0.0,10.0,0.0,44.6507119854,7.37543353186,8.03764980384,14.9827813132,14.2933405984,9.27769877372
146,85.0,10.0,10.0,0.0,38.2501579961,2.12240941811,-0.227556752835,10.1347138055,10.2289028613,8.50166414974
147,85.0,20.0,10.0,0.0,52.73010817,37.1254765825,3.38427780787,28.5826819883,20.8001810206,15.7334897232
148,85.0,30.0,10.0,0.0,40.8234000835,-10.8976501268,4.09303122345,9.88824571652,11.7545953205,8.53326713904
149,85.0,40.0,10.0,0.0,38.5213013003,3.43336785399,-3.53335033566,10.4575983007,10.3830434416,9.56992252103
150,85.0,55.0,10.0,0.0,44.2698197958,-3.76548181497,10.6353060209,12.9453217533,14.0257376486,8.37064961775
151,85.0,70.0,10.0,0.0,42.3728863173,13.3537289965,3.05052200834,14.3498069124,12.7426436005,9.58664892445
152,85.0,85.0,10.0,0.0,50.753493852,4.86137020299,21.6629077204,19.3235677356,19.0567148963,8.41140664491
153,85.0,100.0,10.0,0.0,47.4000064092,-2.64879310423,-0.154971344266,15.2902308119,16.3265317668,13.5284724494
154,100.0,0.0,10.0,0.0,62.9170470845,-14.1125880174,19.0710525911,26.7387575032,31.487524014,16.515687985
155,100.0,10.0,10.0,0.0,55.079835077,19.1172007773,15.253612214,26.6033528518,23.0072794064,12.7406565841
156,100.0,20.0,10.0,0.0,75.1784175355,3.65205122292,38.8796966802,48.1463698376,48.5626283156,17.0860920813
157,100.0,30.0,10.0,0.0,53.8775871173,13.811637953,13.3547182857,24.1137920531,21.8594753028,12.6787929002
158,100.0,40.0,10.0,0.0,51.7504226282,-11.8090787085,-10.9566296666,16.9742700333,19.9233359609,21.512074129
159,100.0,55.0,10.0,0.0,33.4664613782,0.71187254767,4.10902185664,7.55286104691,7.75458505735,5.5173908705
160,100.0,70.0,10.0,0.0,61.3542212425,-0.874792607797,1.47644264264,28.3704013275,29.6536452062,23.6637363345
161,100.0,85.0,10.0,0.0,48.29500045,20.4754343472,17.7855904844,20.3347406471,17.0277648257,8.31415632988
162,100.0,100.0,10.0,0.0,54.316707243,-25.9336278666,5.96463121175,16.4237115879,22.2741740621,15.7971960041
163,0.0,0.0,20.0,0.0,48.966848224,3.00600772838,3.09090447598,17.4913390488,17.5671547314,13.3276236308
164,0.0,10.0,20.0,0.0,66.2415679289,-8.84573765849,23.5662701526,31.8556478482,35.6369212109,17.0449991937
165,0.0,20.0,20.0,0.0,57.283030775,24.1048598947,19.2403157815,30.3151894499,25.2136836137,12.6737718517
166,0.0,30.0,20.0,0.0,43.2197985497,22.5795326161,3.46132187183,16.5451910265,13.3053655075,9.89923677575
167,0.0,40.0,20.0,0.0,37.6720732146,-2.00134341748,2.44812400544,9.30596076767,9.90538011795,7.54132779135
168,0.0,55.0,20.0,0.0,49.225444655,12.7852796915,2.38529347923,19.5897754539,17.7777656803,13.7547902408
169,0.0,70.0,20.0,0.0,50.0502534857,-17.8942260727,0.493004719998,14.6515237789,18.4607566878,15.0350840531
170,0.0,85.0,20.0,0.0,76.689990157,-7.21310607449,29.6522215598,46.5797715039,51.0181305105,22.7422111077
171,0.0,100.0,20.0,0.0,75.8718864283,3.69399922337,30.5171087694,49.2585354144,49.6791245603,21.5702096876
172,10.0,0.0,20.0,0.0,49.0733615325,-18.7831376914,4.55228028777,13.8273419911,17.6537006496,12.864072142
173,10.0,10.0,20.0,0.0,60.3348122438,28.9373364089,18.6450588332,35.3857242703,28.4966597851,14.8686039269
174,10.0,20.0,20.0,0.0,38.2411240516,1.09354863728,-4.95731322861,9.99774589636,10.2237936437,9.84955794105
175,10.0,30.0,20.0,0.0,41.8556659471,20.3025698588,11.5450916902,15.1303352972,12.4069126037,7.07806002053
176,10.0,40.0,20.0,0.0,47.1073298725,28.0165466752,4.3249921531,20.8352232801,16.1014670582,11.7632642917
177,10.0,55.0,20.0,0.0,37.3508518435,0.177751983183,-1.71051825157,9.40301271549,9.72859460844,8.48329815911
178,10.0,70.0,20.0,0.0,47.4387421469,11.8385502804,12.8096547978,17.9110315041,16.3564752996,9.2877776503
179,10.0,85.0,20.0,0.0,41.2644970819,-9.61393973085,-0.403277134907,10.2974806216,12.0304642013,10.0485239509
180,10.0,100.0,20.0,0.0,72.8838155754,-0.759814077693,25.3908618102,43.1238811181,44.9877321829,21.5572586175
181,20.0,0.0,20.0,0.0,57.140288992,-0.691284019059,11.9528484543,24.0129901011,25.0666356385,15.3411989966
182,20.0,10.0,20.0,0.0,40.3482386596,14.6272138174,8.02410275085,13.1725580658,11.4621758866,7.30233893731
183,20.0,20.0,20.0,0.0,49.2015285601,-8.22386856983,1.7814169714,15.6644612211,17.758217227,13.9667956705
184,20.0,30.0,20.0,0.0,37.8150291845,3.16945151014,1.63620900121,10.0283315401,9.98474028237,7.81025270647
185,20.0,40.0,20.0,0.0,44.6968012059,-13.2670817612,-5.14069763997,11.8176124648,14.3259504213,13.6493380326
186,20.0,55.0,20.0,0.0,49.4258691596,22.1773772805,10.6288090085,21.7127808138,17.9421521307,11.0013374275
187,20.0,70.0,20.0,0.0,60.0199524132,-3.20762151411,17.1619598789,26.3513044044,28.1454899103,15.2429628205
188,20.0,85.0,20.0,0.0,50.4165025631,28.4020650045,10.8492200912,24.0385361466,18.7695577204,11.4888792053
189,20.0,100.0,20.0,0.0,50.0406065272,-15.7295340012,2.23609681435,15.0040843573,18.4526690211,14.3458732984
190,30.0,0.0,20.0,0.0,44.4261326275,5.16504710807,-2.52163664593,14.4575552756,14.1351503099,12.5305098225
191,30.0,10.0,20.0,0.0,64.0245678199,2.46725643075,35.2477616531,32.3439024282,32.8319021264,11.1803520082
192,30.0,20.0,20.0,0.0,48.8674038944,22.2892103629,7.79582572546,21.2249547875,17.4866083625,11.6165382934
193,30.0,30.0,20.0,0.0,54.287009654,-10.8687381904,18.6861590158,19.2247840462,22.2459641264,11.1063031434
194,30.0,40.0,20.0,0.0,43.8190495331,0.0873979187717,-3.86255729611,13.2372060226,13.7133814672,12.6344501948
195,30.0,55.0,20.0,0.0,67.5434605534,5.2502353846,2.53056023942,37.6211776431,37.3562621573,29.2266738726
196,30.0,70.0,20.0,0.0,34.40494883,5.25393116027,6.17127086082,8.49938880508,8.2043762149,5.42731990466
197,30.0,85.0,20.0,0.0,57.1596409133,-5.02670312693,-9.86233412137,23.0523462074,25.0865377715,25.94372647
198,30.0,100.0,20.0,0.0,33.3426080567,1.45170482467,3.1192893189,7.57469886097,7.69648336272,5.67717441366
199,40.0,0.0,20.0,0.0,78.6959439593,-4.79026430764,6.88246306789,50.6348413859,54.4026637815,39.4471851261
200,40.0,10.0,20.0,0.0,46.4809482584,2.50105293911,-17.5046783208,15.4925458442,15.626757353,20.2557747294
201,40.0,20.0,20.0,0.0,64.9260821223,-19.0881649902,-11.3734445057,27.6554134857,33.9540495795,35.4402570931
202,40.0,30.0,20.0,0.0,52.7770879412,21.6605180474,-6.01475284197,24.8339863474,20.8428634434,19.9494388655
203,40.0,40.0,20.0,0.0,56.4060609458,-17.852178957,-26.518294454,19.6525193878,24.319284696,35.7619172189
204,40.0,55.0,20.0,0.0,45.1265345818,-4.74209937682,-13.5563360429,13.3617222795,14.6323930342,17.357155242
205,40.0,70.0,20.0,0.0,44.7963168473,-5.73871499297,5.52691088457,12.9902974822,14.3965304931,10.0969988534
206,40.0,85.0,20.0,0.0,49.878753322,5.21028531068,-6.31248201403,18.6535649703,18.3173291097,17.7762016348
207,40.0,100.0,20.0,0.0,51.4399272112,9.00082253395,18.7800495698,20.7643181516,19.6506676691,9.55818064644
208,55.0,0.0,20.0,0.0,57.5108842057,17.997048073,5.11875670309,28.964622777,25.4496006603,18.5557471487
209,55.0,10.0,20.0,0.0,74.0249579413,1.69213558272,5.42127179281,45.6661309393,46.7428096537,34.666003852
210,55.0,20.0,20.0,0.0,44.1442359943,5.64002196502,-17.1978252063,14.3370435917,13.9382442176,18.2239162814
211,55.0,30.0,20.0,0.0,61.2874301839,-13.4702704454,-12.1828426052,25.199173944,29.5768987011,31.7280979209
212,55.0,40.0,20.0,0.0,50.826451257,25.632957663,-5.8040949652,23.8096171949,19.1192666137,18.2815591221
213,55.0,55.0,20.0,0.0,54.9573327039,-22.4345279019,-13.8772723308,17.561980969,22.888528779,26.0686024893
214,55.0,70.0,20.0,0.0,43.6988166588,0.999398228164,-12.1083614559,13.2979226953,13.6308582152,15.7013029574
215,55.0,85.0,20.0,0.0,68.3744932695,-5.59565915984,40.8072421461,35.4215609061,38.4821709993,11.8259538354
216,55.0,100.0,20.0,0.0,48.1492994622,9.35300121434,-9.29185892777,18.0199675448,16.9122654464,17.7751163346
217,70.0,0.0,20.0,0.0,56.0942602428,-24.0447480126,17.097718071,18.1807690447,24.0064588091,12.706810864
218,70.0,10.0,20.0,0.0,56.291289207,30.4895904203,4.87433550606,30.8831256353,24.2038215187,17.7181217294
219,70.0,20.0,20.0,0.0,77.1418678175,4.63699905257,15.83344518,51.6693594063,51.7679372875,31.2844542411
220,70.0,30.0,20.0,0.0,45.5815346156,7.70671708295,-11.6989385761,15.7208834821,14.9615832815,16.8916886367
221,70.0,40.0,20.0,0.0,63.9882563986,-10.9032962109,-0.915903239196,28.7108945132,32.7872296393,27.5954786265
222,70.0,55.0,20.0,0.0,51.4212763712,30.1246464458,0.682819803329,25.4526829858,19.6343687143,15.916595979
223,70.0,70.0,20.0,0.0,53.909686207,-25.7126207249,-2.43369182315,16.1526190331,21.8896133623,19.1774769214
224,70.0,85.0,20.0,0.0,33.0174053518,2.48221300107,2.87558623614,7.53537235119,7.54530829005,5.61155251656
225,70.0,100.0,20.0,0.0,61.5420278678,-1.60134175227,6.80259988765,28.3916396442,29.8701563327,21.0720543911
226,85.0,0.0,20.0,0.0,35.3335813982,5.68173274724,6.79689897544,9.0172585023,8.6662402929,5.62643242666
227,85.0,10.0,20.0,0.0,51.4086710653,-13.5680342394,-6.42230313655,16.3936780527,19.6233580527,19.0265275133
228,85.0,20.0,20.0,0.0,44.3003737042,4.37362279912,-13.3145495152,14.2409053906,14.0470795935,16.6379108908
229,85.0,30.0,20.0,0.0,65.1575126162,-9.07637839564,35.3294129602,30.5190789924,34.2461863965,11.8026860519
230,85.0,40.0,20.0,0.0,50.4416242569,24.9512115905,-2.30879049695,23.2806233324,18.7908642378,16.4609019559
231,85.0,55.0,20.0,0.0,53.6423248195,-27.3528932699,14.6209982815,15.6665866497,21.6394298346,12.0943681259
232,85.0,70.0,20.0,0.0,40.085970621,1.78367414089,-5.89165143716,11.1423447546,11.3028705255,11.1366466866
233,85.0,85.0,20.0,0.0,53.8561426988,-17.7811358795,-5.7053979467,17.5446766372,21.83935641,20.7037990252
234,85.0,100.0,20.0,0.0,43.0258476083,14.6168251035,1.07569524918,15.0225584566,13.1750638636,10.5297233416
235,100.0,0.0,20.0,0.0,64.8194323059,-7.01460135233,8.68077462678,30.681806208,33.8199856448,23.00793481
236,100.0,10.0,20.0,0.0,47.7230744879,31.9092540417,11.2595090048,22.2290959596,16.5773915826,9.88902863918
237,100.0,20.0,20.0,0.0,61.4783638669,30.7797139657,4.48624810822,37.4320733082,29.7966442194,22.1905907685
238,100.0,30.0,20.0,0.0,54.0197100096,-7.3834814935,-15.7592450161,19.6891501986,21.9931256619,26.221261735
239,100.0,40.0,20.0,0.0,53.504875643,11.7143307937,-9.15251466573,23.2731739478,21.5115569315,22.1346200799
240,100.0,55.0,20.0,0.0,64.7851705636,8.61215036322,-0.93944492166,35.0479577113,33.7769920064,28.437285471
241,100.0,70.0,20.0,0.0,46.8726206188,-2.28674871948,-19.1673900272,14.9685739732,15.9224803101,21.4115921154
242,100.0,85.0,20.0,0.0,51.9468929218,28.7019476794,0.979553525708,25.6538802185,20.0971668718,16.1697731657
243,100.0,100.0,20.0,0.0,55.3586626628,0.480223331714,28.0201182834,22.5532407461,23.2790974975,8.84616851346
244,0.0,0.0,30.0,0.0,45.6203239497,13.7197823361,-8.90912993903,16.8123293353,14.9898733601,15.747910254
245,0.0,10.0,30.0,0.0,47.5956018418,-14.4083828526,12.4636045123,13.5135416997,16.4781054323,9.46679844004
246,0.0,20.0,30.0,0.0,42.5442469229,2.06970380982,-15.9989581645,12.7037341544,12.8551960396,16.4921917349
247,0.0,30.0,30.0,0.0,63.305493178,17.9698771914,6.95037798702,35.9333579893,31.9547808159,22.5462733306
248,0.0,40.0,30.0,0.0,53.7298551021,-16.6991579664,-13.2103940041,17.644744852,21.7211252846,24.503114698
249,0.0,55.0,30.0,0.0,52.7811859295,-0.299690505709,-8.66705565522,20.0413757754,20.8465893456,21.2542964806
250,0.0,70.0,30.0,0.0,64.9966268484,-0.777680592827,2.18618758148,32.6085591582,34.0429220794,26.7903309233
251,0.0,85.0,30.0,0.0,46.5027631353,-5.68483334355,-11.5004230553,14.1497033073,15.6431310557,17.4962524292
252,0.0,100.0,30.0,0.0,42.0804579425,-6.24321347056,-11.6474259129,11.2207709094,12.5520924176,14.407312585
253,10.0,0.0,30.0,0.0,38.4800097457,0.615535361909,3.7925738236,10.068353619,10.359470597,7.55352510409
254,10.0,10.0,30.0,0.0,46.386315066,-0.0854519924442,-6.25462071376,14.9861530545,15.5558603206,15.2069840842
255,10.0,20.0,30.0,0.0,41.2754400746,11.7463017728,10.8127452818,13.3445103479,12.0373624253,7.01372888927
256,10.0,30.0,30.0,0.0,53.7123626169,7.41726664912,2.6073582286,22.5183203929,21.7047824503,16.7683363921
257,10.0,40.0,30.0,0.0,58.264373972,25.7860392262,5.08845890366,31.924078269,26.2402280785,19.1708955545
258,10.0,55.0,30.0,0.0,55.4956492155,-5.59860106607,-7.52129639251,21.3691727192,23.4134210201,23.0748680485
259,10.0,70.0,30.0,0.0,50.1384190535,4.90475964292,-8.93438670207,18.8114814422,18.5347810803,19.1767798704
260,10.0,85.0,30.0,0.0,66.5829755273,11.9415251928,8.50604840737,38.4148261301,36.0825824489,24.7485914589
261,10.0,100.0,30.0,0.0,55.2445845111,15.6994080527,1.99731126086,25.9449532159,23.1676298863,18.1983302268
262,20.0,0.0,30.0,0.0,35.8760030171,-1.67092826544,4.08187386967,8.43263138522,8.94387153963,6.41467669757
263,20.0,10.0,30.0,0.0,34.7291415437,1.90278225172,4.18249295869,8.27746683709,8.36370240764,5.95751754653
264,20.0,20.0,30.0,0.0,61.487801705,6.22356504019,3.24245724596,30.3801634758,29.8075343627,22.8467327624
265,20.0,30.0,30.0,0.0,63.6100429998,18.6190371401,1.64677093509,36.5243618949,32.3243356539,25.7224691114
266,20.0,40.0,30.0,0.0,54.7984824104,-14.6443920106,-18.6542873352,18.9162459582,22.7351528288,28.7403725539
267,20.0,55.0,30.0,0.0,54.0477267517,0.780601065526,-12.6122003406,21.3984581131,22.0195363244,24.4755032987
268,20.0,70.0,30.0,0.0,65.6727869332,0.173349210184,-3.5975241366,33.7061990455,34.9026303999,31.0623959793
269,20.0,85.0,30.0,0.0,47.290633773,0.0675727224748,-22.9110948347,15.6739069931,16.2421817555,23.7391565626
270,20.0,100.0,30.0,0.0,42.4691758261,1.52680745641,-12.7798270374,12.5743780722,12.8058068975,15.1155861794
271,30.0,0.0,30.0,0.0,47.7972868258,-13.531465531,9.88288349899,13.7879668035,16.6353774992,10.3486367704
272,30.0,10.0,30.0,0.0,46.0460254658,12.8182263115,-5.94691278184,16.9814285115,15.3026953609,14.8512891523
273,30.0,20.0,30.0,0.0,56.514470636,0.238461679414,25.5664736655,23.610431167,24.4286841909,10.1471579263
274,30.0,30.0,30.0,0.0,52.0745846531,27.831071893,4.51807754766,25.5772573141,20.2106849879,14.8233240402
275,30.0,40.0,30.0,0.0,58.9488514411,26.4311072265,1.31878781077,32.929976815,26.9724860961,21.580672961
276,30.0,55.0,30.0,0.0,51.6291515321,-10.1253628041,-18.4011468633,17.1861276631,19.8165409407,25.3776005526
277,30.0,70.0,30.0,0.0,50.4993843282,6.99515961062,-13.1733505801,19.530052935,18.8399135568,21.5422725332
278,30.0,85.0,30.0,0.0,62.5974953077,4.91052085017,-4.52756224988,31.3192689414,31.1065718545,28.3256472891
279,30.0,100.0,30.0,0.0,46.5939676491,-4.1821911449,-14.7105268109,14.4570455359,15.7117107628,19.0204829153
280,40.0,0.0,30.0,0.0,50.6644402175,-15.0017965915,-9.7147025384,15.5832516388,18.9805477942,19.9770488208
281,40.0,10.0,30.0,0.0,54.6739330999,19.1085871792,22.6715136711,26.1745769923,22.6153761482,10.062191632
282,40.0,20.0,30.0,0.0,35.9272812871,1.1003952809,3.14642434551,8.77834650579,8.97042021671,6.64828250781
283,40.0,30.0,30.0,0.0,46.8204467144,-3.46843256425,5.67320049092,14.7347469047,15.8828740981,11.151736014
284,40.0,40.0,30.0,0.0,70.1167554408,6.87212055847,10.340965685,41.6869131657,40.9156079793,27.1857629923
285,40.0,55.0,30.0,0.0,60.7742036465,30.1951718334,9.25609675833,36.3286523775,28.9915872711,19.24567255
286,40.0,70.0,30.0,0.0,53.6901924874,-9.33928256799,-10.2669612305,19.0195694435,21.68408118,22.8810652901
287,40.0,85.0,30.0,0.0,52.0671977263,10.9877839697,-4.66248169801,21.7546600531,20.2041063806,18.7373895516
288,40.0,100.0,30.0,0.0,63.4021428516,8.37731515858,4.25172442371,33.2536815253,32.0717532121,24.0727811398
289,55.0,0.0,30.0,0.0,45.8246247598,-5.93814148257,-6.72484295631,13.6445742172,15.1394640028,15.0081614802
290,55.0,10.0,30.0,0.0,34.2101734741,-2.76076773909,1.92930518254,7.5246183229,8.10963294627,6.25381978627
291,55.0,20.0,30.0,0.0,35.2634779075,3.51597898345,6.25756818546,8.72627289252,8.63078371369,5.71332087393
292,55.0,30.0,30.0,0.0,36.0992083831,0.0116457765029,6.14760702948,8.73770121619,9.05981659122,6.04313731028
293,55.0,40.0,30.0,0.0,33.7070433383,0.33596909096,2.38135049357,7.62309753727,7.86828036174,5.96587043996
294,55.0,55.0,30.0,0.0,51.9253964076,-11.3699287614,-12.9905216656,17.1920562679,20.0780983456,22.7134811187
295,55.0,70.0,30.0,0.0,52.8411928723,14.2516854014,18.8108238268,23.2007287865,20.9011986877,10.2769964721
296,55.0,85.0,30.0,0.0,61.5409762901,5.00361905604,0.749685371514,30.1155300301,29.8689411066,24.2327246046
297,55.0,100.0,30.0,0.0,45.0114146038,-7.63910669282,4.79804438535,12.8428830482,14.5498768058,10.4362132072
298,70.0,0.0,30.0,0.0,40.8207610278,-4.3221282396,2.13108959299,10.7438442171,11.7529576365,9.07823710312
299,70.0,10.0,30.0,0.0,50.7174626381,-7.01305921994,-16.0997135618,17.0367884872,19.0258730942,23.255379621
300,70.0,20.0,30.0,0.0,44.5917374295,8.8846855754,9.72433680674,15.1936298679,14.2516861476,8.77155501893
301,70.0,30.0,30.0,0.0,59.7422740292,4.27874815846,-4.47479696321,27.9135958762,27.8381936804,25.4124632791
302,70.0,40.0,30.0,0.0,50.0784708018,25.7485364354,21.5894087214,23.1087655419,18.4844266459,8.12034295035
303,70.0,55.0,30.0,0.0,77.2822265862,5.33422995852,9.08989383093,52.1680005675,52.0023229335,36.0356541472
304,70.0,70.0,30.0,0.0,45.9392745581,10.14061881,-14.366057043,16.4174232771,15.2238457828,18.3431677993
305,70.0,85.0,30.0,0.0,65.4714016382,-8.99080453708,-6.99265039583,30.9072510275,34.6450822182,33.0709654472
306,70.0,100.0,30.0,0.0,52.1145141043,30.7857296067,-2.50349118504,26.3313759232,20.2462698544,17.7965669955
307,85.0,0.0,30.0,0.0,54.9438639802,-20.4663323767,-20.0248043472,17.9194672734,22.8754975356,29.7451720724
308,85.0,10.0,30.0,0.0,56.8550891539,18.5756680442,9.47652634043,28.3851585857,24.7745465473,16.1553439058
309,85.0,20.0,30.0,0.0,51.8558255227,10.7108539849,11.6023087426,21.5009237015,20.016468045,12.0732263196
310,85.0,30.0,30.0,0.0,49.1057663495,4.99580535483,-1.99746019306,17.9756578279,17.6800870164,15.3806168372
311,85.0,40.0,30.0,0.0,45.3735648788,-4.93785702,-0.783056220639,13.4968116954,14.8105123374,12.493528299
312,85.0,55.0,30.0,0.0,44.4389983079,-6.65062176562,-10.2686208774,12.6210314234,14.1441810243,15.4716706533
313,85.0,70.0,30.0,0.0,78.1604633469,-5.83347024296,14.7553397233,49.3832688442,53.484974502,33.1583073004
314,85.0,85.0,30.0,0.0,45.379738986,1.3294460367,-13.5696806892,14.5024682233,14.8149825466,17.554855886
315,85.0,100.0,30.0,0.0,64.018803991,-21.335023218,-4.33852065805,26.1348196813,32.8248084111,29.7202058503
316,100.0,0.0,30.0,0.0,52.6707103643,20.7936333653,-2.06046516179,24.5248680519,20.7462999317,18.0272126162
317,100.0,10.0,30.0,0.0,54.1211079857,-24.7460335879,-8.49568361119,16.4850299105,22.088811123,22.3441019868
318,100.0,20.0,30.0,0.0,43.068315069,0.120263511524,-8.30716118201,12.7501494839,13.2035216078,13.7835691386
319,100.0,30.0,30.0,0.0,70.802053654,-3.00980584672,8.0913761077,39.4369105165,41.9001939441,29.2622833673
320,100.0,40.0,30.0,0.0,44.9419980617,7.84320273043,4.64582659054,15.2728015862,14.500270346,10.4463624998
321,100.0,55.0,30.0,0.0,58.1682697358,-18.2701097352,-8.79671626949,21.1261064485,26.1384887813,26.3310160936
322,100.0,70.0,30.0,0.0,51.4346339384,33.2705782717,19.7871268089,26.2229949808,19.6460409657,9.26240850865
323,100.0,85.0,30.0,0.0,73.5785830504,0.934047679814,11.6846644565,44.7297848812,46.0509504279,30.0088466107
324,100.0,100.0,30.0,0.0,46.8393419383,12.3916035649,-9.13208502984,17.5312873341,15.8972102301,16.7210679834
325,0.0,0.0,40.0,0.0,60.7745730874,-14.9769576123,-5.787185304,24.330259142,28.9920057995,27.1981281174
326,0.0,10.0,40.0,0.0,53.6269901126,34.647556341,4.1478566668,28.9411667591,21.6251384714,16.0566325712
327,0.0,20.0,40.0,0.0,66.4350164029,3.95947932931,13.5819878894,35.7774662245,35.888988508,21.9082866396
328,0.0,30.0,40.0,0.0,34.4548794089,4.32786356398,4.43971523705,8.41819254307,8.22878186502,5.80220725478
329,0.0,40.0,40.0,0.0,56.7087941627,-7.29978490151,0.458344986647,22.1253935209,24.6256021521,20.0966420336
330,0.0,55.0,40.0,0.0,50.3945899701,24.6249030595,1.35956752562,23.1621455848,18.7509861012,14.9267937211
331,0.0,70.0,40.0,0.0,35.5529896437,3.11499681856,-1.32077538372,8.82541319736,8.77783877449,7.57032153645
332,0.0,85.0,40.0,0.0,39.9013735079,-9.0474792107,7.15043433118,9.62144252084,11.1916332139,7.32773689691
333,0.0,100.0,40.0,0.0,36.6815265068,7.71947737589,2.17721528347,9.98543215363,9.36701216513,7.18620122807
334,10.0,0.0,40.0,0.0,44.1139596273,-4.3275601794,14.4467555368,12.7590509922,13.9172054434,7.31955044976
335,10.0,10.0,40.0,0.0,38.6251703079,14.4298208702,6.60072757913,12.0368008845,10.4424990477,6.92855675946
336,10.0,20.0,40.0,0.0,54.8339387851,-34.7723757198,18.2333189512,15.2765444515,22.7693277083,11.5662467309
337,10.0,30.0,40.0,0.0,45.1975569761,11.7965604435,-17.8162131003,16.1450426958,14.6834560725,19.3471595595
338,10.0,40.0,40.0,0.0,64.9272524337,-20.9079776192,35.9340356701,27.2012940079,33.9555226789,11.4668553778
339,10.0,55.0,40.0,0.0,51.296047924,33.2751396987,-5.57470604234,26.0792971334,19.5251650244,18.5457838094
340,10.0,70.0,40.0,0.0,78.4614587844,-3.41654346921,60.9213987934,50.7716653939,53.9995296285,10.9268157747
341,10.0,85.0,40.0,0.0,56.3607380731,-31.8394412837,1.11003439457,16.9455167624,24.2736450065,19.4984413875
342,10.0,100.0,40.0,0.0,43.3456015934,7.33322372038,-5.15477988253,14.0548851083,13.3903411682,12.8037960859
343,20.0,0.0,40.0,0.0,66.3705425968,-19.4138149589,16.078334064,29.1668039333,35.8048462156,20.6019563918
344,20.0,10.0,40.0,0.0,49.7562483023,30.352140737,7.37401011934,23.8338175588,18.2153328909,12.2835036548
345,20.0,20.0,40.0,0.0,80.326954268,-3.17287466158,35.334628835,53.9616456691,57.262396309,23.0519416952
346,20.0,30.0,40.0,0.0,58.6741861384,-23.257705605,-26.9434982261,20.5413872222,26.6770330182,38.9241117296
347,20.0,40.0,40.0,0.0,42.5448891042,4.64520623676,2.93071403812,13.0938837294,12.8556190764,9.70987351325
348,20.0,55.0,40.0,0.0,68.6658773534,-13.5073024364,-14.2230451451,33.4829309028,38.8822395604,42.4029381704
349,20.0,70.0,40.0,0.0,49.1265315766,29.1534517547,15.9410245702,22.9532455077,17.6970093943,9.22404526474
350,20.0,85.0,40.0,0.0,82.6191521588,-0.0722955776227,3.995733443,59.2240959151,61.4482934209,47.2102078318
351,20.0,100.0,40.0,0.0,34.4379068229,1.47503881609,1.91735998797,8.08941867551,8.22048038456,6.34393112833
352,30.0,0.0,40.0,0.0,40.0293116767,-6.92551096594,-0.426876187516,9.95804181448,11.2686500972,9.42161900501
353,30.0,10.0,40.0,0.0,36.1455654882,5.79737103601,4.7503725079,9.45513159671,9.08402198849,6.36885466148
354,30.0,20.0,40.0,0.0,44.3147606479,-2.4702793311,6.00531227841,13.1724942851,14.0571363851,9.70301079008
355,30.0,30.0,40.0,0.0,38.0988028066,13.0853472512,9.03131188513,11.5221600183,10.1435271382,6.16612815603
356,30.0,40.0,40.0,0.0,33.3416269046,3.63053071205,2.53117738211,7.80781904703,7.69602425011,5.79991700438
357,30.0,55.0,40.0,0.0,53.7666735898,-11.112055684,23.6736556043,18.7380552072,21.7555507684,9.30112191432
358,30.0,70.0,40.0,0.0,35.3310894532,7.0482021407,7.12709968127,9.17982664285,8.6649782684,5.55761533195
359,30.0,85.0,40.0,0.0,64.9069005754,-6.37948650278,42.2704829417,30.9555431447,33.9299113729,9.47854767173
360,30.0,100.0,40.0,0.0,46.2109209659,16.2932068619,-15.5564809788,17.7537170377,15.425026694,19.1069419319
361,40.0,0.0,40.0,0.0,58.1870817555,-19.9177516621,23.8118031421,20.7984231035,26.158383104,11.6341094245
362,40.0,10.0,40.0,0.0,52.9659238524,38.1607621487,-2.84382537554,29.1136652027,21.0150151393,18.6136804075
363,40.0,20.0,40.0,0.0,70.8470833095,-1.04896492998,47.0624254781,40.127854986,41.9654365333,11.1634778954
364,40.0,30.0,40.0,0.0,74.4725163519,11.5912547602,0.874014633279,49.9514720284,47.4434258407,38.4914532586
365,40.0,40.0,40.0,0.0,51.9508737869,22.8838580402,21.0821773312,24.2904594518,20.1006994305,9.14625790418
366,40.0,55.0,40.0,0.0,63.1949576849,-2.67961343424,-13.9227759747,29.9682251434,31.8213518491,35.134394572
367,40.0,70.0,40.0,0.0,44.9335792535,0.426965915307,5.70329140614,14.0450283616,14.4942617738,10.1153988334
368,40.0,85.0,40.0,0.0,53.9605465266,-13.4401621134,-25.8067631254,18.4498534348,21.9374231698,32.3813484166
369,40.0,100.0,40.0,0.0,38.7689746976,10.5549049611,9.97227092926,11.5725143736,10.5251880679,6.21335131337
370,55.0,0.0,40.0,0.0,41.6669354978,1.99130092291,4.7836725477,12.1342504336,12.2858908126,8.7432285029
371,55.0,10.0,40.0,0.0,36.2724382682,4.15156425592,5.5151040472,9.32057574734,9.15048908959,6.2471346485
372,55.0,20.0,40.0,0.0,38.2059796158,-2.6535111238,-0.731738984396,9.50815817062,10.2039336183,8.61862336496
373,55.0,30.0,40.0,0.0,34.8251895066,-0.136190873789,2.53998364113,8.09586134898,8.41129862981,6.35403038284
374,55.0,40.0,40.0,0.0,71.6685197606,10.3165729238,29.7540194834,45.1294979448,43.1675155008,18.4527061678
375,55.0,55.0,40.0,0.0,52.9880183914,24.7810538865,10.0120449094,25.7897492981,21.0352192843,13.3319966319
376,55.0,70.0,40.0,0.0,59.9062784597,-7.59897166708,11.1567290541,25.1798006125,28.0194192961,17.6960937088
377,55.0,85.0,40.0,0.0,45.2862694454,1.8533853302,-3.56864943632,14.5222845777,14.74740445,13.443119628
378,55.0,100.0,40.0,0.0,51.4377100545,-21.4658605736,-3.19682838244,15.0519498267,19.6487296254,17.58660047
379,70.0,0.0,40.0,0.0,39.3209523021,12.2711662162,6.73224702344,12.1586561062,10.8466337229,7.1851561875
380,70.0,10.0,40.0,0.0,41.6316087751,0.36347474301,11.6899497478,11.8774567277,12.2633256583,6.9509594632
381,70.0,20.0,40.0,0.0,37.4695099928,6.20916450345,1.91347133587,10.2280169935,9.79365147389,7.58798400028
382,70.0,30.0,40.0,0.0,38.2968420091,-5.40248482482,5.19477065926,9.22002127374,10.2553324956,7.12980318537
383,70.0,40.0,40.0,0.0,35.74785351,1.69100772631,-1.48000996665,8.75696296383,8.8777528924,7.69568540395
384,70.0,55.0,40.0,0.0,70.2885877488,9.90088671504,49.0536232106,42.9462797646,41.1610187988,10.2273535788
385,70.0,70.0,40.0,0.0,54.835844596,27.5870497763,-6.56363382636,28.4640209681,22.771165607,21.9835575552
386,70.0,85.0,40.0,0.0,58.1065495204,-9.1237369751,26.6778554307,23.0488850961,26.0732884864,10.6554091429
387,70.0,100.0,40.0,0.0,46.7081565917,8.06000532208,-19.2420873486,16.6376350609,15.7978554175,21.3065958787
388,85.0,0.0,40.0,0.0,49.696388724,-23.7879275027,11.4111819739,13.4629618515,18.1656325252,10.899592469
389,85.0,10.0,40.0,0.0,54.4986195201,40.9537743966,7.95785676219,31.6303870116,22.4474943502,15.1166786129
390,85.0,20.0,40.0,0.0,58.3723251378,1.62890127277,28.0383293934,25.803217062,26.3548233804,10.3726512885
391,85.0,30.0,40.0,0.0,48.2720546718,19.1112161767,-5.21218691079,20.0363002896,17.0095405832,16.1096393279
392,85.0,40.0,40.0,0.0,49.6021272329,-18.1047544592,10.4838047492,14.3014500455,18.0875522545,11.1469766706
393,85.0,55.0,40.0,0.0,55.7530150925,16.7565175539,-2.29401024504,26.7362130115,23.6671791065,20.6344922486
394,85.0,70.0,40.0,0.0,58.5678139303,-3.92894874596,33.4408677754,24.6868631954,26.5631922901,8.87756451075
395,85.0,85.0,40.0,0.0,34.613828557,3.21117647203,3.02852308172,8.36915094594,8.30679707575,6.16485739768
396,85.0,100.0,40.0,0.0,46.9003091958,-22.2032729286,12.3358451048,11.8979746145,15.9435259578,9.15724707706
397,100.0,0.0,40.0,0.0,46.6339532631,-15.2422794052,7.02467783881,12.7511386721,15.7418403665,10.6152503047
398,100.0,10.0,40.0,0.0,52.0329495615,-1.18417575054,-21.076466161,19.2186214626,20.1736244971,27.326793596
399,100.0,20.0,40.0,0.0,53.5602585293,1.04761268624,20.601521558,21.0118457103,21.5630204436,10.1078732396
400,100.0,30.0,40.0,0.0,61.7291650856,15.7235072604,-7.20419148472,33.2921297404,30.0869414452,29.0474212419
401,100.0,40.0,40.0,0.0,62.7444772732,22.0681357404,38.2710090597,36.439079219,31.2814117964,9.55807596252
402,100.0,55.0,40.0,0.0,47.8541784128,-11.440426892,-5.0345502312,14.1608885559,16.6799212703,15.7384321134
403,100.0,70.0,40.0,0.0,50.2279366315,-6.75025224597,-0.62013940921,16.7024890462,18.6101428189,15.606857686
404,100.0,85.0,40.0,0.0,54.7676409825,2.94624360581,6.69925778188,22.5353484021,22.7054539223,15.814817651
405,100.0,100.0,40.0,0.0,59.3257092556,12.651497331,14.7032460168,29.6121570398,27.3814045079,15.7551316874
406,0.0,0.0,55.0,0.0,63.8469675832,22.4971130325,22.8751461619,38.0284696128,32.6137932671,15.6010682501
407,0.0,10.0,55.0,0.0,35.8825540658,-0.873593289301,-1.48003085988,8.5270881424,8.94726033992,7.75495763168
408,0.0,20.0,55.0,0.0,36.3435964863,-1.83282975294,4.20535202747,8.6456898091,9.18790953367,6.56982750893
409,0.0,30.0,55.0,0.0,38.272606817,3.30122490839,2.07237636031,10.2999663661,10.2416063363,7.90128514912
410,0.0,40.0,55.0,0.0,39.2341437281,4.00110738574,9.62064726392,10.9439283662,10.7956528181,6.47145861387
411,0.0,55.0,55.0,0.0,41.7518151289,8.37849360471,6.99084584524,13.1420700128,12.3402212992,8.18442422209
412,0.0,70.0,55.0,0.0,49.3069695146,-5.34885069455,-24.3296227765,16.2450037257,17.8445099756,26.478559365
413,0.0,85.0,55.0,0.0,48.3960902492,-9.16408201291,11.3849510956,14.9167199035,17.1082084598,10.2036762342
414,0.0,100.0,55.0,0.0,56.3931838439,8.21896259263,-14.2927734017,25.3397542059,24.3063117675,27.7639359336
415,10.0,0.0,55.0,0.0,57.640046156,11.914256952,29.102511079,27.5541591007,25.5839848033,9.66664431711
416,10.0,10.0,55.0,0.0,65.8272191646,24.6565304928,-0.496639238167,41.4541493892,35.100993514,29.2689280043
417,10.0,20.0,55.0,0.0,36.2924452455,-3.31774994773,3.06619087223,8.4495344776,9.1610000039,6.81352303323
418,10.0,30.0,55.0,0.0,36.8787402443,0.305276655076,-0.491761029545,9.17114220419,9.47260292679,7.94304549277
419,10.0,40.0,55.0,0.0,37.6747930099,1.04690556483,6.30586624909,9.68344129592,9.90688603916,6.61451695946
420,10.0,55.0,55.0,0.0,39.5491271448,5.97818560208,4.30873494146,11.4024617824,10.981400979,7.89210222291
421,10.0,70.0,55.0,0.0,41.2565737424,7.51283532367,12.0799030466,12.6876848736,12.0254711462,6.70732272479
422,10.0,85.0,55.0,0.0,33.4752651287,-0.521674801779,-0.354756412632,7.42693404847,7.75872614091,6.48196458893
423,10.0,100.0,55.0,0.0,35.7039775742,-3.23885535889,5.57299316263,8.17211292298,8.85519024388,6.02002403691
424,20.0,0.0,55.0,0.0,36.3406788201,1.37393743789,4.07199633964,9.02120954043,9.18637319909,6.59926651725
425,20.0,10.0,55.0,0.0,52.7984936201,12.7292316349,25.724473202,22.8208801409,20.862330443,8.26754703204
426,20.0,20.0,55.0,0.0,46.5196982074,-1.71327806478,-13.4221681377,14.8107518458,15.6558499816,18.3689971372
427,20.0,30.0,55.0,0.0,47.5195717873,1.70784291018,10.483262627,16.1309803718,16.4190761587,10.0175609155
428,20.0,40.0,55.0,0.0,54.3871428553,17.2944066886,-0.682752707225,25.4416540566,22.3411766519,18.7466859751
429,20.0,55.0,55.0,0.0,56.3316752477,23.8932095424,27.3360268251,29.1762018902,24.2444090938,9.52236485488
430,20.0,70.0,55.0,0.0,59.1696298461,36.4229926352,-0.0866831307596,36.1212745832,27.2115491838,22.4974555354
431,20.0,85.0,55.0,0.0,64.2911878412,0.148626431173,39.7110555225,32.0183766065,33.1611574972,9.92341636595
432,20.0,100.0,55.0,0.0,51.0511439565,17.4516879612,-12.9464227552,22.2046469965,19.3127717383,21.9105837544
433,30.0,0.0,55.0,0.0,52.7702473023,-18.6219569601,16.9523543258,16.5388029403,20.836644905,10.8222761659
434,30.0,10.0,55.0,0.0,45.5791784639,3.52237977914,-21.3247290189,15.0077033945,14.9598660259,21.3749892671
435,30.0,20.0,55.0,0.0,41.9374519086,2.80171518539,13.6752007465,12.4236736825,12.4596030197,6.60993372475
436,30.0,30.0,55.0,0.0,37.7381142052,8.56582467369,4.38691458489,10.6904379521,9.94198945617,7.09226075645
437,30.0,40.0,55.0,0.0,38.7551186814,-2.32082997586,7.77791164436,9.84544064281,10.517201779,6.70480027928
438,30.0,55.0,55.0,0.0,35.1620107484,3.14920164545,0.258000073024,8.63282993672,8.57963566994,7.01716297282
439,30.0,70.0,55.0,0.0,36.7184825337,-5.81865297251,4.29072275487,8.37391022289,9.38673883985,6.69917050747
440,30.0,85.0,55.0,0.0,56.2211112727,35.7465569634,17.4905845626,32.244490456,24.1334011751,12.6449822914
441,30.0,100.0,55.0,0.0,65.4272939636,1.26245361683,20.2695005441,33.715084042,34.5888433357,17.8768447447
442,40.0,0.0,55.0,0.0,48.6549792618,13.8970492824,2.96960513838,19.3216573617,17.3153774331,13.1753523116
443,40.0,10.0,55.0,0.0,53.9621617179,-16.8117674872,2.48849299897,17.8109910238,21.9389426242,17.0045431066
444,40.0,20.0,55.0,0.0,44.0742096359,-3.32953722684,-7.02662164076,12.8836504845,13.8896156918,13.9546169397
445,40.0,30.0,55.0,0.0,43.1824160192,4.08446854337,7.63400898875,13.4310553556,13.2801843518,8.67758816107
446,40.0,40.0,55.0,0.0,37.2771409569,7.57196603031,7.53399404184,10.2973537673,9.68832647793,6.18385673031
447,40.0,55.0,55.0,0.0,39.3164405257,-0.121494209752,2.14902672385,10.440826387,10.8439801029,8.3561123743
448,40.0,70.0,55.0,0.0,35.5285260227,1.09873059275,3.4067028676,8.57844815473,8.76534856751,6.43184234286
449,40.0,85.0,55.0,0.0,37.4307961635,-3.87186053572,-1.60756182061,8.95614399671,9.77239401521,8.49277560905
450,40.0,100.0,55.0,0.0,55.8584225614,34.2801684084,28.4404907014,31.4073570639,23.7716359308,8.96999969956
451,55.0,0.0,55.0,0.0,68.3300913617,5.33568715252,-6.33698941486,38.7052565736,38.4214494694,36.0300741244
452,55.0,10.0,55.0,0.0,47.651823196,11.8581348777,12.8305138913,18.088293554,16.5218462232,9.38812143254
453,55.0,20.0,55.0,0.0,56.530314277,-9.22104315627,-21.6981952068,21.5470715615,24.4446999131,32.5954849724
454,55.0,30.0,55.0,0.0,42.3854878694,-5.38188877616,2.21786556405,11.5235432897,12.7508980366,9.8406417242
455,55.0,40.0,55.0,0.0,68.256750097,17.558741384,12.8831283876,42.5761630288,38.3212920638,23.930751025
456,55.0,55.0,55.0,0.0,48.2680729945,21.6928475852,14.3443351523,20.5613323232,17.0063795373,9.25757185415
457,55.0,70.0,55.0,0.0,58.1382369268,0.103186427128,-2.52362201712,25.1990197544,26.1067490194,22.8419839553
458,55.0,85.0,55.0,0.0,42.7239559301,-1.4915889308,2.52393466164,12.2908471997,12.9739417746,9.92409134128
459,55.0,100.0,55.0,0.0,66.5990780177,4.55555568179,8.72282825302,36.1682105249,36.1036933158,24.6439150883
460,70.0,0.0,55.0,0.0,35.7039006293,2.93928283738,6.93566946888,8.88131651478,8.85515070953,5.73029406596
461,70.0,10.0,55.0,0.0,56.3152969959,-6.16865902659,-4.55446440545,22.0031060702,24.2279436464,22.262280784
462,70.0,20.0,55.0,0.0,33.7908464048,-1.15401070656,3.25132506588,7.50343522865,7.90814382703,5.81138560419
463,70.0,30.0,55.0,0.0,37.3495312195,-6.28768932588,-1.29054927031,8.6319125462,9.72787217404,8.36912144412
464,70.0,40.0,55.0,0.0,34.7117272801,2.63008577334,3.2191284728,8.35111785063,8.35509210662,6.16006916192
465,70.0,55.0,55.0,0.0,40.0358648553,-3.6122012423,2.70330741857,10.3896846026,11.2726044978,8.54197015842
466,70.0,70.0,55.0,0.0,36.3882619781,8.43930345899,6.60715256591,9.91615552492,9.21145010842,6.05155236205
467,70.0,85.0,55.0,0.0,45.0560038349,-0.0119529033721,8.55392706958,14.0592516119,14.5818007703,9.33041880962
468,70.0,100.0,55.0,0.0,41.0447123479,-1.26794333046,1.37353507587,11.2913654787,11.8924741435,9.40714272028
469,85.0,0.0,55.0,0.0,62.2211780716,-19.905941942,-21.8629496427,24.6333111359,30.661901895,39.7055209208
470,85.0,10.0,55.0,0.0,45.5760556157,16.9667811531,9.75487916532,17.3702377933,14.9575901745,9.24262196081
471,85.0,20.0,55.0,0.0,75.7995211284,-6.74899369904,-4.41533614068,45.3882394695,49.5618238093,44.4124348893
472,85.0,30.0,55.0,0.0,51.7489450445,41.548533454,23.3595838324,28.6325856727,19.9220324522,8.41670664395
473,85.0,40.0,55.0,0.0,37.3658967686,-8.65054614358,4.91446972714,8.36922357407,9.7368273124,6.81410970813
474,85.0,55.0,55.0,0.0,34.9584792118,4.22468823935,0.710100552115,8.65579857824,8.47764854201,6.82670954195
475,85.0,70.0,55.0,0.0,40.5963102158,-6.32251492749,10.2851508514,10.3511380267,11.6142290695,6.86092337037
476,85.0,85.0,55.0,0.0,36.7432458828,9.63719375453,4.67227314531,10.2666447378,9.39997269736,6.62084165819
477,85.0,100.0,55.0,0.0,44.4498337743,-1.34061490823,16.6567255246,13.4369520289,14.1517896685,6.9253592688
478,100.0,0.0,55.0,0.0,41.9295255259,1.23921581821,-7.70748835287,12.1895099341,12.4544899503,12.8435792849
479,100.0,10.0,55.0,0.0,59.2716261781,-27.3312317186,5.374095266,20.2337247792,27.3224681511,19.8576582334
480,100.0,20.0,55.0,0.0,46.1900480366,19.240067026,0.949968470298,18.2940512414,15.4095057466,12.3795026426
481,100.0,30.0,55.0,0.0,73.615570638,-10.7520804767,25.4914066844,40.8513226763,46.1080182083,22.1499085088
482,100.0,40.0,55.0,0.0,53.2938663583,42.0470891879,14.4289090755,30.5156024855,21.3162308419,11.9542896553
483,100.0,55.0,55.0,0.0,43.3105824616,6.2677912363,-21.1482794111,13.8608716229,13.3666507112,19.3842032482
484,100.0,70.0,55.0,0.0,57.7244249244,-30.1028807857,23.892615811,18.3656255009,25.6720300885,11.3420398542
485,100.0,85.0,55.0,0.0,47.8721111878,22.3839992975,-12.4606144142,20.3523262035,16.6939783591,18.9989859754
486,100.0,100.0,55.0,0.0,71.4475401155,-11.7931977555,49.7045987407,37.5546438872,42.841909986,10.6474946863
487,0.0,0.0,70.0,0.0,54.2818391583,43.5874015362,0.906666590994,32.1002969086,22.2410550741,17.942346358
488,0.0,10.0,70.0,0.0,51.4260349493,-10.1188138952,-15.793770899,17.0273967942,19.6385263753,23.74599568
489,0.0,20.0,70.0,0.0,33.3221820455,2.85807199206,4.41365073281,7.71546279357,7.68692914219,5.40532295984
490,0.0,30.0,70.0,0.0,61.5594794047,0.257947567627,-3.59298746498,28.8898846176,29.890328521,26.704510165
491,0.0,40.0,70.0,0.0,45.7688735075,24.9072441287,15.9632912021,19.0397516175,15.0985442311,7.65358978223
492,0.0,55.0,70.0,0.0,55.5830139339,-21.2237600023,-11.5380891909,18.2984633519,23.4993566329,25.3516382777
493,0.0,70.0,70.0,0.0,43.7598754766,9.36787005591,6.5779269502,14.6759850426,13.6727251568,9.255744848
494,0.0,85.0,70.0,0.0,67.7298212763,-5.89986333286,4.49629778549,34.5145267686,37.6068125091,28.2195760521
495,0.0,100.0,70.0,0.0,50.2731069357,35.0768858976,20.739517874,25.4534527468,18.6482475521,8.4371281395
496,10.0,0.0,70.0,0.0,44.072182928,7.64213140125,-20.5908586312,14.6134699088,13.8882099682,19.742483464
497,10.0,10.0,70.0,0.0,55.1612967302,29.0555101829,13.3802877738,29.2068690141,23.0864731661,13.4715576363
498,10.0,20.0,70.0,0.0,44.8293438342,-7.49632628726,-1.60461793594,12.7462533487,14.4200055517,12.4525235882
499,10.0,30.0,70.0,0.0,49.5574649911,4.24626730856,23.8877335672,18.2026882092,18.0506351231,7.30586555241
500,10.0,40.0,70.0,0.0,43.636677612,-10.5268934198,-11.3692198914,11.5583981466,13.5883384171,15.3573237373
501,10.0,55.0,70.0,0.0,42.5746568821,-15.9655265104,7.53888331513,10.2060262005,12.8752387818,8.41750709135
502,10.0,70.0,70.0,0.0,51.1033643696,5.89011288749,9.55708605133,19.8305505878,19.3579300987,12.3320779427
503,10.0,85.0,70.0,0.0,39.0374963495,-5.79013073958,3.48877734828,9.56352595729,10.6807571683,7.87602159209
504,10.0,100.0,70.0,0.0,54.0579776839,39.5470814045,15.0297112875,30.7293176417,22.0292048954,12.2006279497
505,20.0,0.0,70.0,0.0,43.7250064464,7.05290604502,-16.1296481795,14.2731390574,13.6488056019,17.4259252133
506,20.0,10.0,70.0,0.0,36.7492988529,2.17714374967,-1.33375368145,9.33045122501,9.40320937433,8.10500649164
507,20.0,20.0,70.0,0.0,51.8489829046,34.389619132,11.5066135359,26.9348343765,20.0104132412,12.1020824651
508,20.0,30.0,70.0,0.0,43.7537097707,-8.94023933428,3.51408013351,11.8550227013,13.6684935564,10.1628006441
509,20.0,40.0,70.0,0.0,65.020939873,10.6977088997,21.3867368032,35.9699220921,34.0735876112,17.0774586948
510,20.0,55.0,70.0,0.0,42.441621234,-14.5537200866,1.6117761448,10.3149452002,12.7877105664,10.0529250518
511,20.0,70.0,70.0,0.0,41.8483522338,21.2365809397,6.53280432245,15.2827453481,12.4022080102,8.35116213625
512,20.0,85.0,70.0,0.0,51.5263419933,-6.24776002973,22.5873708652,17.8231505505,19.7263032037,8.52209399113
513,20.0,100.0,70.0,0.0,39.4646106905,10.4413561619,0.40929252159,11.9833846551,10.9313535123,8.90419400091
514,30.0,0.0,70.0,0.0,44.0670536398,-14.213703231,10.1019219204,11.3026654734,13.8846527203,8.4202255896
515,30.0,10.0,70.0,0.0,37.2459872335,3.17816946589,-4.40529452388,9.71885459126,9.67134071372,9.18464433307
516,30.0,20.0,70.0,0.0,65.0508117179,2.61354045816,24.9556867001,33.6371317041,34.1112895772,15.5990512553
517,30.0,30.0,70.0,0.0,53.8472689943,39.7816338151,19.8005229481,30.5478288203,21.8310348205,10.508654137
518,30.0,40.0,70.0,0.0,54.5831487396,-9.20521584594,10.6200683067,19.8111533243,22.528336154,14.1341004302
519,30.0,55.0,70.0,0.0,46.7082796689,16.615008122,5.07368435444,18.2194038106,15.7979484369,11.2846383483
520,30.0,70.0,70.0,0.0,48.0898809431,-18.6206267124,-0.371533161317,13.1911829128,16.8653138225,14.0564861753
521,30.0,85.0,70.0,0.0,50.587729356,35.4328697375,17.2764235407,25.8632492787,18.9151003365,9.56827790351
522,30.0,100.0,70.0,0.0,34.6237575803,1.35212230395,3.69955387823,8.16484322281,8.31168672145,6.02239953573
523,40.0,0.0,70.0,0.0,43.8685416963,10.1164817304,3.67742092755,14.8776182154,13.7474475352,10.1734191936
524,40.0,10.0,70.0,0.0,58.0656991509,-16.3291612127,-15.6258094696,21.4428289486,26.0301944633,30.365995069
525,40.0,20.0,70.0,0.0,50.5868957901,34.8856410226,19.9309682614,25.730933296,18.9143899901,8.80766915725
526,40.0,30.0,70.0,0.0,71.3551287266,-12.6764353028,6.68248084277,37.1605996102,42.7062321363,30.751852259
527,40.0,40.0,70.0,0.0,43.6166868649,9.58923908499,5.84013960304,14.610799687,13.5746781998,9.3977854659
528,40.0,55.0,70.0,0.0,58.0836517551,-26.997734937,-11.5615485364,19.2713887967,26.0491272378,27.8738772001
529,40.0,70.0,70.0,0.0,57.2947046108,-30.6413231777,1.17173079176,17.9115444588,25.2257349968,20.2402501091
530,40.0,85.0,70.0,0.0,63.4721618999,-2.87388262588,14.9244351146,30.2346213861,32.1566733818,18.7727988253
531,40.0,100.0,70.0,0.0,48.2567169416,-10.3028206069,-4.24536615041,14.6285777725,16.99736614,15.6994413757
532,55.0,0.0,70.0,0.0,42.1253459103,14.3998727215,-0.412049666031,14.3464210809,12.5812178847,10.5093936654
533,55.0,10.0,70.0,0.0,36.5507513915,3.10425427464,3.20414040387,9.33914875805,9.29742797552,6.88592542763
534,55.0,20.0,70.0,0.0,37.7315987122,5.51300973758,-2.87278844665,10.2843251594,9.93837363654,8.98696339262
535,55.0,30.0,70.0,0.0,40.3780209682,11.2801496441,9.69715541838,12.6847588326,11.4803601561,6.91094470065
536,55.0,40.0,70.0,0.0,39.8585962889,-0.525400021013,-3.22231074727,10.6969530331,11.1659604625,10.1691374185
537,55.0,55.0,70.0,0.0,62.6448613376,6.61228086282,17.0207934678,31.8431999323,31.1628439881,17.1943270344
538,55.0,70.0,70.0,0.0,56.2493216358,-21.5167582563,3.28817101518,18.7956404588,24.1616925416,18.3985059681
539,55.0,85.0,70.0,0.0,44.0980083578,-12.3567701993,4.31724437016,11.5807227858,13.9061295705,10.0987336493
540,55.0,100.0,70.0,0.0,59.3809365896,3.25050422053,12.4987284053,27.2640409122,27.4416752034,16.7179192547
541,70.0,0.0,70.0,0.0,45.6357193745,-4.61793713387,-5.53847285356,13.7242179011,15.0011115255,14.4153594749
542,70.0,10.0,70.0,0.0,49.2190785722,23.3384419185,4.6605425837,21.7705912141,17.7725607936,12.9153992692
543,70.0,20.0,70.0,0.0,37.2535918982,4.43744094134,-0.283497350742,9.88165421493,9.67548512788,8.05746466942
544,70.0,30.0,70.0,0.0,36.7217168908,-1.26967514234,1.47531534898,8.90235803586,9.3884666169,7.37537595154
545,70.0,40.0,70.0,0.0,42.2646645405,-5.19123479113,-3.3088883978,11.477263693,12.6719013512,11.5232315194
546,70.0,55.0,70.0,0.0,39.3778563562,6.43092857718,5.8801126701,11.3627141896,10.8801392486,7.41869956103
547,70.0,70.0,70.0,0.0,48.5203779483,2.38686542296,4.93669561282,17.0239908869,17.2074588852,12.3903680756
548,70.0,85.0,70.0,0.0,42.8854738511,16.9009415841,13.547849828,15.3055827215,13.0812894324,7.02349952908
549,70.0,100.0,70.0,0.0,55.8678097286,-22.7535684611,10.0588527866,18.2407787411,23.7809533134,15.2205886161
550,85.0,0.0,70.0,0.0,50.5418808283,8.42313584466,9.09940375161,19.8533044668,18.8760556422,12.1550264752
551,85.0,10.0,70.0,0.0,68.5461999397,-5.00602580933,30.7834737303,35.8176391394,38.7175893548,15.6802170387
552,85.0,20.0,70.0,0.0,58.5660342255,30.5744697246,24.1732321863,33.6397987378,26.5612903899,11.7322668862
553,85.0,30.0,70.0,0.0,65.6149857809,-5.44927327488,23.6848632998,32.0483833963,34.8285793636,16.5317049302
554,85.0,40.0,70.0,0.0,43.1391260782,-3.14030837252,2.07251453954,12.3114919657,13.2510636424,10.2802712463
555,85.0,55.0,70.0,0.0,57.7828155422,-8.26014800941,-12.5185301846,22.9305796078,25.7330760679,28.1378312717
556,85.0,70.0,70.0,0.0,49.7984062029,18.0434054317,16.4255274562,21.1758768404,18.2503902117,9.41895755833
557,85.0,85.0,70.0,0.0,36.7816448109,1.27150489795,3.76041264796,9.23732810573,9.42051817482,6.84860600953
558,85.0,100.0,70.0,0.0,43.0604376031,3.20525128466,3.54483781144,13.2138133565,13.1982397699,9.79176320776
559,100.0,0.0,70.0,0.0,55.1135342939,-2.49055147016,-12.6500315053,21.6802197864,23.0400184361,25.5224911941
560,100.0,10.0,70.0,0.0,49.1580994783,27.7409829569,17.3466007414,22.6707700007,17.7227559652,8.84139063641
561,100.0,20.0,70.0,0.0,66.7201768643,13.0696464223,2.1107587259,38.955978093,36.262721558,28.6116504822
562,100.0,30.0,70.0,0.0,49.5481250258,28.9276219948,-9.1380560454,23.30870273,18.0429212058,18.7984247887
563,100.0,40.0,70.0,0.0,47.100169052,7.24945780446,-1.86331861928,16.7957799935,16.0959865554,13.9750163841
564,100.0,55.0,70.0,0.0,52.0459529566,-2.99063947831,1.00905029715,18.8751387009,20.1851942918,16.2288462172
565,100.0,70.0,70.0,0.0,43.8747275355,-4.36682578048,12.7897029037,12.5989099359,13.7517092869,7.63023539886
566,100.0,85.0,70.0,0.0,48.904751862,-6.11102142302,-4.86931864104,15.8084963595,17.5168299533,16.4232157715
567,100.0,100.0,70.0,0.0,47.0026167545,-10.0179548081,15.0268285046,13.801926609,16.0214491542,8.45714776039
568,0.0,0.0,85.0,0.0,44.4791259523,-1.21117664153,0.922087652249,13.4767545185,14.1723722385,11.3862063383
569,0.0,10.0,85.0,0.0,41.5443498877,1.66682550856,8.67254235119,12.0107611054,12.2077069727,7.65538738728
570,0.0,20.0,85.0,0.0,47.2973087874,18.0015087371,0.761850303582,18.9775014885,16.2473212948,13.1269419179
571,0.0,30.0,85.0,0.0,46.8861361975,24.4191655999,11.6955664638,19.9014585967,15.9327509716,9.33440215011
572,0.0,40.0,85.0,0.0,37.9885497717,9.56694995158,2.71791597015,10.9706548957,10.0816361014,7.61081524293
573,0.0,55.0,85.0,0.0,44.7561873202,11.1960415593,-2.63029869526,15.7091094217,14.3680413639,12.7707876539
574,0.0,70.0,85.0,0.0,48.2333599028,3.85333853714,-0.73257135297,17.0657807797,16.9788374695,14.2891668109
575,0.0,85.0,85.0,0.0,53.563047974,-8.01602626919,2.93496113119,19.1719522967,21.5656146519,16.5192909149
576,0.0,100.0,85.0,0.0,48.4770155129,-9.05503751292,8.87589064472,14.9931874507,17.1727881662,11.0391619209
577,10.0,0.0,85.0,0.0,46.9851559273,12.0972104725,7.73338309995,17.5933989236,16.0081320772,10.5827380476
578,10.0,10.0,85.0,0.0,43.6099802753,6.65504533754,12.1538338476,14.1289474631,13.5700974578,7.67573314391
579,10.0,20.0,85.0,0.0,42.1317516079,4.09980259239,-0.390054940873,12.7415361763,12.5853778785,10.5059631226
580,10.0,30.0,85.0,0.0,39.7587627829,-3.28935923725,4.30686413725,10.2759227396,11.1061981739,7.98652118093
581,10.0,40.0,85.0,0.0,39.441988777,-3.00161393586,-5.3746011164,10.1364119666,10.9179835119,10.6150421914
582,10.0,55.0,85.0,0.0,59.0732440269,4.47537235849,18.0049313399,27.2387777217,27.1070077956,14.2706990581
583,10.0,70.0,85.0,0.0,67.5186055687,15.9163601818,32.6209823017,40.9782167839,37.3229305316,14.2495466916
584,10.0,85.0,85.0,0.0,61.7702001066,6.85495287534,22.8223770299,30.878076957,30.1346173787,14.2064339814
585,10.0,100.0,85.0,0.0,56.3505155644,-2.80003521369,13.253790548,22.7724736023,24.2633589382,14.2925256002
586,20.0,0.0,85.0,0.0,50.9139348754,-11.7496722873,4.64788815109,16.3379666429,19.1944530051,13.9993738182
587,20.0,10.0,85.0,0.0,59.5988245709,17.7646005283,30.9736353465,31.2998016195,27.6803235008,10.1198471364
588,20.0,20.0,85.0,0.0,56.5413206729,21.9890774756,-1.88932632342,28.9160917533,24.4558299714,21.1069558468
589,20.0,30.0,85.0,0.0,50.541252188,-4.79741513964,13.0473437769,17.3034300858,18.8755206646,10.8420703444
590,20.0,40.0,85.0,0.0,48.1974294284,2.49396112142,-16.0641394368,16.7911020867,16.9503608415,21.0017930479
591,20.0,55.0,85.0,0.0,58.4806620065,30.1303723111,30.9007402077,33.4074962041,26.4701630651,9.56362487359
592,20.0,70.0,85.0,0.0,57.1877947818,11.4146709057,0.130641803489,26.9440253619,25.1155109146,20.6586261522
593,20.0,85.0,85.0,0.0,49.6765116261,8.04915504339,14.5613542658,19.0368440666,18.1491489334,9.90894377294
594,20.0,100.0,85.0,0.0,33.5624954863,1.15749501776,3.2229993391,7.64426892798,7.79983701246,5.73460124021
595,30.0,0.0,85.0,0.0,70.6573692384,-14.8882668315,20.7728658879,35.5842462404,41.6910212715,21.9538437123
596,30.0,10.0,85.0,0.0,52.8713946143,-19.5437226595,-2.56096065498,16.4521913619,20.9287198374,18.4099404901
597,30.0,20.0,85.0,0.0,57.1570763936,8.91103452921,9.77762575877,26.2974161898,25.0838997323,16.247148005
598,30.0,30.0,85.0,0.0,39.4050449775,4.98844971016,-6.98928281969,11.1794114158,10.8961724394,11.1117918575
599,30.0,40.0,85.0,0.0,39.506692915,14.4350834635,8.9193821401,12.5950629013,10.9562539729,6.74070269493
600,30.0,55.0,85.0,0.0,40.8301351442,16.2901721514,3.34324303378,13.7548985067,11.7587754978,8.74258284688
601,30.0,70.0,85.0,0.0,37.9159422834,1.80262853534,3.27734997718,9.90957284325,10.041015362,7.43914179425
602,30.0,85.0,85.0,0.0,44.5527961026,8.13996992236,3.82491490332,15.0401239884,14.2242258209,10.4932019104
603,30.0,100.0,85.0,0.0,52.1916839702,-10.5934387138,0.0891078086827,17.5471486795,20.3151614584,16.7240499975
604,40.0,0.0,85.0,0.0,69.3587309697,-4.24975698014,21.3940777503,37.1059403525,39.8446376536,20.5217263984
605,40.0,10.0,85.0,0.0,50.8628235782,-5.22636474643,14.140266794,17.4802055401,19.1505023293,10.6707228834
606,40.0,20.0,85.0,0.0,50.4340897172,-13.6912122407,-3.32672094483,15.6378495378,18.7844722602,16.8892196541
607,40.0,30.0,85.0,0.0,52.8962159204,16.1195287346,7.39793252027,23.6750581107,20.9513561761,14.2541657603
608,40.0,40.0,85.0,0.0,43.3855360656,1.83020340783,-7.56641429633,13.2178488032,13.4173909969,13.7109379577
609,40.0,55.0,85.0,0.0,40.1748373434,15.2493443184,5.69816911195,13.1533402996,11.3566829892,7.81196862909
610,40.0,70.0,85.0,0.0,48.0059484724,-19.4763197796,7.98078356071,13.0050534417,16.7991398289,11.0660303884
611,40.0,85.0,85.0,0.0,44.0320738862,-1.82868628273,-3.48234642106,13.0841628108,13.8604098656,12.6298712983
612,40.0,100.0,85.0,0.0,55.8572825968,-13.3551104782,10.0842852706,20.0827395104,23.7705046065,15.2031157877
613,55.0,0.0,85.0,0.0,50.7107214857,18.9671012231,9.50365226279,22.2150983265,19.0201065372,12.1160085493
614,55.0,10.0,85.0,0.0,68.1240358634,5.56006560683,30.3827482146,38.4966548036,38.1404955909,15.5467631627
615,55.0,20.0,85.0,0.0,38.5576404518,3.01092952743,-8.24078913296,10.4226638972,10.4038185801,11.0437951933
616,55.0,30.0,85.0,0.0,41.2403771168,-8.70275297325,7.83569787684,10.4029626153,12.0152688087,7.73499241599
617,55.0,40.0,85.0,0.0,39.9641700256,9.97288394352,-3.60157052176,12.2277757757,11.2293917872,10.3421506865
618,55.0,55.0,85.0,0.0,46.4579026883,0.745294184151,17.6460497185,15.1775040246,15.6094723375,7.52879250834
619,55.0,70.0,85.0,0.0,44.7073438997,20.0169031866,3.26295685862,17.2424214598,14.3334167296,10.7546320471
620,55.0,85.0,85.0,0.0,51.3141327262,-21.0905845895,10.5891271481,15.0255667353,19.5409105396,12.1004753479
621,55.0,100.0,85.0,0.0,48.0034210047,10.3593066287,-12.7098891604,18.0914560449,16.7971498135,19.2210127356
622,70.0,0.0,85.0,0.0,61.5300766747,-3.63046803575,31.4731574989,27.8621885177,29.8563472153,11.0094066735
623,70.0,10.0,85.0,0.0,56.2776816447,31.23297299,1.04318201988,31.0689446076,24.1901562617,19.4623453876
624,70.0,20.0,85.0,0.0,50.2835112646,-13.0825055814,11.8091733783,15.6309100561,18.6570317923,11.0979842033
625,70.0,30.0,85.0,0.0,46.127451026,14.3978153548,-12.3757419359,17.3347819104,15.3630215365,17.5968898133
626,70.0,40.0,85.0,0.0,60.7758477049,7.2287945931,31.5966852337,29.8307191448,28.9934498061,10.5556132021
627,70.0,55.0,85.0,0.0,53.3925692745,36.3148704682,0.937959010921,29.1118678426,21.407449846,17.2512073055
628,70.0,70.0,85.0,0.0,47.1027013048,29.839052415,-0.53468576204,21.213011614,16.0979244619,13.4792653592
629,70.0,85.0,85.0,0.0,42.3192710651,0.327028350102,-5.12677131075,12.301735937,12.7075636463,12.1720406121
630,70.0,100.0,85.0,0.0,61.6216678911,17.8985910531,16.7063890693,33.7819118519,29.9622858813,16.5713358949
631,85.0,0.0,85.0,0.0,41.0022229923,-10.9000326578,6.17161088356,9.98596568661,11.8659198531,8.05957733266
632,85.0,10.0,85.0,0.0,58.2281325362,0.349901802927,3.80286447557,25.3492978073,26.2018306823,19.7487265619
633,85.0,20.0,85.0,0.0,55.4282339161,-2.16271210581,27.4481631777,22.0425360057,23.3472518923,9.04084045687
634,85.0,30.0,85.0,0.0,41.4551614479,-6.86443450825,-4.76168992007,10.7696101374,12.1510324411,11.5422672078
635,85.0,40.0,85.0,0.0,47.0011227675,11.1352324413,17.3371904235,17.4276898315,16.0203094269,7.84555175186
636,85.0,55.0,85.0,0.0,42.4912242248,0.689427925415,-1.67329680799,12.4642549983,12.8202993553,11.1134219383
637,85.0,70.0,85.0,0.0,46.7131505428,29.2910489952,2.03585481579,20.7469022687,15.8016300461,12.3153184851
638,85.0,85.0,85.0,0.0,41.5971358649,21.4616076734,9.08282006317,15.1378574902,12.2413325346,7.57468965605
639,85.0,100.0,85.0,0.0,41.868364394,-0.488660281185,0.0331468064917,11.9015878966,12.415083788,10.2335365732
640,100.0,0.0,85.0,0.0,56.93912083,25.7459121212,13.7868078206,30.3576570691,24.8603709765,14.4786314656
641,100.0,10.0,85.0,0.0,48.3507667997,-18.8811267691,7.45128371269,13.324346013,17.0721104265,11.4345440221
642,100.0,20.0,85.0,0.0,55.7245844973,-1.40852268055,18.7954723927,22.4848955122,23.6390574138,11.8944143394
643,100.0,30.0,85.0,0.0,76.2671226384,-7.97101783816,38.6044255998,45.6666053475,50.3230510513,18.0355550942
644,100.0,40.0,85.0,0.0,51.6816426986,37.9844462607,6.92335014663,27.6515161807,19.8627192926,13.6414261192
645,100.0,55.0,85.0,0.0,62.0757836976,-25.0684831141,16.2377441214,23.3092468648,30.4912401842,17.1082835481
646,100.0,70.0,85.0,0.0,45.3805180735,13.6644381093,-6.93986905687,16.6164585606,14.8155466895,14.7904260107
647,100.0,85.0,85.0,0.0,56.5710330207,-18.7825985195,-18.1259764263,19.6086043002,24.4858930218,30.31717922
648,100.0,100.0,85.0,0.0,41.0192683316,20.222976924,11.96659906,14.5185746644,11.8765678125,6.63884674256
649,0.0,0.0,100.0,0.0,53.9965793895,-2.83913268973,-0.253468306879,20.5943607538,21.9713369426,18.243116417
650,0.0,10.0,100.0,0.0,38.1943311502,8.87815944358,5.58605721697,10.9976011218,10.1973567813,6.99327453103
651,0.0,20.0,100.0,0.0,45.9892144738,-9.4468188286,-9.29683366176,13.2095030145,15.260699172,16.1716639145
652,0.0,30.0,100.0,0.0,36.3520842642,1.35421652205,1.72918332112,9.02472028365,9.19237985591,7.15706596939
653,0.0,40.0,100.0,0.0,75.1258862008,-8.31403912847,50.7845187486,43.8417035075,48.4787403648,12.3986719283
654,0.0,55.0,100.0,0.0,47.2833547141,24.8515179089,9.28509970016,20.3379265465,16.2365783576,10.259487289
655,0.0,70.0,100.0,0.0,61.0124916396,-26.302143908,26.4404619543,22.0275376322,29.2623739724,12.4023866492
656,0.0,85.0,100.0,0.0,32.8723918014,1.62990126837,3.1085946345,7.38021388006,7.47853987668,5.51253322856
657,0.0,100.0,100.0,0.0,73.6949519797,4.33042929568,50.25684195,46.094863518,46.2306540206,11.7325134238
658,10.0,0.0,100.0,0.0,48.9269380198,28.8146170112,-5.16534763221,22.6877993228,17.5347992391,16.5646606963
659,10.0,10.0,100.0,0.0,61.1995430139,-13.5677969463,29.0806387017,25.08668975,29.4761135499,11.6090021802
660,10.0,20.0,100.0,0.0,43.9884254386,6.13742553494,-20.207520871,14.3087769366,13.8301987352,19.4918104971
661,10.0,30.0,100.0,0.0,67.882874829,-3.51831530479,6.596376624,35.4091872737,37.8134193301,27.1226795308
662,10.0,40.0,100.0,0.0,63.8630064435,1.96786957443,4.26275101453,32.0110623397,32.633450613,24.5019057998
663,10.0,55.0,100.0,0.0,33.2589268303,1.89997745171,3.30996686516,7.58399642782,7.65739182203,5.60784886017
664,10.0,70.0,100.0,0.0,64.442278332,2.734116013,-0.818450725685,32.9247682908,33.3487161809,28.0061902507
665,10.0,85.0,100.0,0.0,34.8544598904,4.24188655431,0.0540878600096,8.6058838512,8.42583927925,6.93934074486
666,10.0,100.0,100.0,0.0,37.2739825793,-7.79416130536,5.01816051623,8.42152698996,9.68660354876,6.75276204247
667,20.0,0.0,100.0,0.0,36.4006880364,10.0899447608,7.92344273787,10.1341574358,9.21800630043,5.77507324131
668,20.0,10.0,100.0,0.0,36.1762411063,4.10103310624,0.989920479308,9.26400594989,9.10006296599,7.26334791893
669,20.0,20.0,100.0,0.0,38.4668140261,-3.73080482441,5.41594673011,9.51396228935,10.3519448516,7.14720528996
670,20.0,30.0,100.0,0.0,37.7052178031,6.26608699396,7.82761792858,10.3677429888,9.92374232273,6.28215223938
671,20.0,40.0,100.0,0.0,49.3857549336,-25.364180324,14.25461736,13.0141213163,17.9091700233,9.85044321186
672,20.0,55.0,100.0,0.0,41.7074152387,10.8109328661,-11.4004656975,13.488456644,12.3117814998,14.0658757055
673,20.0,70.0,100.0,0.0,56.8233392929,-15.9613448594,27.1288600504,20.4010834566,24.7421708131,9.8352007974
674,20.0,85.0,100.0,0.0,46.3188972041,25.8410799721,-3.12536245231,19.6954508815,15.5054834106,13.9428456045
675,20.0,100.0,100.0,0.0,66.9371049718,-3.20105389299,45.4623154856,34.3055114951,36.5487600195,9.56906867027
676,30.0,0.0,100.0,0.0,60.827306514,-0.509685093931,35.1796766546,27.8853581807,29.0517872386,9.49523538273
677,30.0,10.0,100.0,0.0,61.3946816109,-0.439692966475,30.8595696641,28.5266799257,29.7002008455,11.1327183188
678,30.0,20.0,100.0,0.0,34.2900396571,3.9827008372,1.56924116869,8.29856521174,8.14839299208,6.36480535381
679,30.0,30.0,100.0,0.0,54.2065295395,19.7404599128,21.3017419222,25.8406049588,22.1696352911,10.2347996827
680,30.0,40.0,100.0,0.0,52.3069177183,32.3838512232,-6.14544877818,26.9269458679,20.4183243465,19.6246149599
681,30.0,55.0,100.0,0.0,45.1726018424,-5.95634734342,3.84037864648,13.2049816882,14.6655005416,10.8262982192
682,30.0,70.0,100.0,0.0,33.4381337798,2.82937470415,2.54476458375,7.76618367026,7.74127039974,5.8321881073
683,30.0,85.0,100.0,0.0,53.9301747875,20.7064629991,17.8985961301,25.786489858,21.9088647099,11.16241643
684,30.0,100.0,100.0,0.0,50.7155883828,30.8188939175,4.15994688065,24.8978842526,19.0242696905,14.0548133854
685,40.0,0.0,100.0,0.0,44.938286417,-3.9808638159,-0.183719913285,13.3539496693,14.4976211103,12.0249147449
686,40.0,10.0,100.0,0.0,42.8242863457,4.87365279141,-8.19765855637,13.3141027519,13.0405537467,13.5854694875
687,40.0,20.0,100.0,0.0,59.8372585532,-15.4876530077,-0.485341811762,23.2939866886,27.9430564515,23.3136408536
688,40.0,30.0,100.0,0.0,47.6068437237,27.1258908784,3.76764525345,21.0993326218,16.4868455491,12.2489431553
689,40.0,40.0,100.0,0.0,72.696480472,0.851863160571,18.1715041274,43.3965545562,44.7038774288,25.2370634435
690,40.0,55.0,100.0,0.0,42.1698379756,3.28160059687,-4.68374616666,12.6436197808,12.6101308971,11.9315306596
691,40.0,70.0,100.0,0.0,61.6159921717,-10.3532785823,-18.5989732743,26.2865055124,29.9557138081,36.5209358563
692,40.0,85.0,100.0,0.0,47.4514485259,26.0595039523,7.07932641992,20.7366776289,16.366305564,11.0483414297
693,40.0,100.0,100.0,0.0,74.5847762831,3.66805704237,-1.88729829469,47.2263702439,47.6202510445,40.7333811661
694,55.0,0.0,100.0,0.0,76.5437538021,-2.23995718354,1.4439374578,48.1438433996,50.7770384277,40.769194587
695,55.0,10.0,100.0,0.0,35.4114538943,1.48112355267,3.89581400627,8.56436301981,8.70573993547,6.27704858412
696,55.0,20.0,100.0,0.0,73.548703949,2.29588192948,0.400304143071,45.1586436433,46.0048846585,37.664354827
697,55.0,30.0,100.0,0.0,39.1422487088,1.16126226393,2.57151565084,10.510896768,10.7418590755,8.16324650667
698,55.0,40.0,100.0,0.0,76.1665485049,-3.16020456079,5.93256439437,47.2226756196,50.1586691269,36.9217922888
699,55.0,55.0,100.0,0.0,53.8423654651,0.866582453571,3.36645231293,21.229420706,21.8264372922,16.5405167545
700,55.0,70.0,100.0,0.0,72.7790853969,1.65280747898,4.59409104373,43.7908625602,44.8288948127,33.7570187887
701,55.0,85.0,100.0,0.0,36.6824394335,-3.4475130229,-2.97339434286,8.62783556534,9.36749914094,8.51333211296
702,55.0,100.0,100.0,0.0,37.3150767424,11.25843673,6.03841267508,10.8069120445,9.70903682563,6.53367964543
703,70.0,0.0,100.0,0.0,41.8830673485,-1.24497031346,14.2379772037,11.8024801007,12.4245493119,6.46007658214
704,70.0,10.0,100.0,0.0,63.2159853313,10.6312031684,1.39060800317,33.6683715603,31.8467059563,25.4823793649
705,70.0,20.0,100.0,0.0,46.069776631,18.6946271816,14.1218516652,18.091578636,15.3202756648,8.26791692633
706,70.0,30.0,100.0,0.0,54.1733060349,0.431498259893,-9.88101607789,21.4392408612,22.1381764874,23.1171398764
707,70.0,40.0,100.0,0.0,41.4798456687,1.23548483832,4.17186978707,11.9086881875,12.1667003623,8.82363383633
708,70.0,55.0,100.0,0.0,47.695405722,-9.00931922712,-18.0031597639,14.4440602317,16.5558070856,21.5399284079
709,70.0,70.0,100.0,0.0,68.3535726674,-2.36428848866,0.837467105793,36.3619311984,38.4535532066,31.1832547787
710,70.0,85.0,100.0,0.0,54.1034861352,16.7928775278,5.42069296485,25.0334923393,22.0721621597,15.8697958845
711,70.0,100.0,100.0,0.0,62.5999228286,22.7885971806,-4.07186765396,36.4685366582,31.1094541671,28.052552676
712,85.0,0.0,100.0,0.0,55.510652074,-2.14938059081,20.3984115108,22.1223575653,23.4281635379,11.2360114247
713,85.0,10.0,100.0,0.0,34.6059637098,3.78544977364,1.36425469282,8.43058780291,8.30292531539,6.53442676055
714,85.0,20.0,100.0,0.0,36.4050428,4.30235951821,7.91522935818,9.40887842953,9.22030468098,5.77837854959
715,85.0,30.0,100.0,0.0,61.2702613124,19.686332072,11.3116132784,33.8604838804,29.557192165,18.6882576387
716,85.0,40.0,100.0,0.0,55.7184863858,-1.51616389882,15.7825844892,22.4555533769,23.6330284621,12.9455586342
717,85.0,55.0,100.0,0.0,33.8829244138,2.5860103656,2.85522379826,7.94819640844,7.95209850644,5.92929333236
718,85.0,70.0,100.0,0.0,36.3074434041,4.75329988583,7.39637370931,9.41258873754,9.16888474953,5.85241268513
719,85.0,85.0,100.0,0.0,51.5439482393,34.0524105117,16.5857852669,26.5284714595,19.7417370343,10.2734192779
720,85.0,100.0,100.0,0.0,60.4021758874,5.81529669476,5.31689460416,29.0375281322,28.5721692405,20.8340436825
721,100.0,0.0,100.0,0.0,33.5793011492,2.80830385301,3.45576737214,7.82973843252,7.80777401497,5.69206996809
722,100.0,10.0,100.0,0.0,34.1526417415,0.287125544528,1.75797580457,7.82432795455,8.0817883794,6.26982338826
723,100.0,20.0,100.0,0.0,51.9658017268,33.0152614815,20.0393745907,26.7201144245,20.1139499427,9.454838663
724,100.0,30.0,100.0,0.0,61.480123154,9.20874479211,-10.5513306608,31.1778632043,29.7986740264,30.8853293542
725,100.0,40.0,100.0,0.0,33.7170654692,2.53108981715,3.56016716814,7.86413608439,7.87304062293,5.71982904434
726,100.0,55.0,100.0,0.0,34.3140477813,1.82319548105,0.19345804034,8.06884463846,8.16006852693,6.68796516847
727,100.0,70.0,100.0,0.0,43.0009420298,5.74040917263,-4.67816735042,13.5673460333,13.158393498,12.424874839
728,100.0,85.0,100.0,0.0,56.4005743654,-2.08996476708,18.5386889747,22.9777465133,24.3137567223,12.3849673221
729,100.0,100.0,100.0,0.0,55.8945464657,-0.388767120328,18.3931923785,22.8711795105,23.8075046306,12.1325819801
730,0.0,0.0,0.0,20.0,55.5988320536,-0.944257225986,18.0116988056,22.4678534229,23.5149384489,12.0883780629
731,0.0,10.0,0.0,20.0,48.4807407483,-8.15086297457,8.07203119062,15.1476654759,17.1757648722,11.3035794918
732,0.0,20.0,0.0,20.0,46.9925521879,12.6460002619,11.5480752589,17.7016934085,16.0137721786,9.43054607049
733,0.0,40.0,0.0,20.0,77.1639877748,2.50928804688,-0.414219821262,50.8975024627,51.8048286412,43.0759385997
734,0.0,70.0,0.0,20.0,80.2361798678,-3.4482545481,6.670170819,53.7001452506,57.1006639178,41.6574171085
735,0.0,100.0,0.0,20.0,42.6963278066,0.837457984959,-0.235704140855,12.6175370509,12.9556386623,10.7646230628
736,10.0,0.0,0.0,20.0,76.3575108087,1.76083931718,4.4645543419,49.3177326609,50.4710907586,38.238486623
737,10.0,10.0,0.0,20.0,42.755451785,-7.39709644094,4.11720330229,11.4646128513,12.994828204,9.46718270429
738,10.0,20.0,0.0,20.0,45.9694529566,2.37034478317,-14.201030494,15.0966328233,15.2461089674,18.2918937888
739,10.0,40.0,0.0,20.0,46.8074311378,4.13929994111,12.6252300308,16.0191514088,15.8730039708,9.02936196549
740,10.0,70.0,0.0,20.0,53.2072864724,14.3100128285,-4.68185489102,23.5688914155,21.2364293266,19.666818891
741,10.0,100.0,0.0,20.0,54.3396861882,17.4660352747,27.2029322556,25.433818327,22.2960182722,8.58628973094
742,20.0,0.0,0.0,20.0,57.966494567,5.06449708983,26.1104918208,26.2104877494,25.92573893,10.7587909373
743,20.0,10.0,0.0,20.0,65.3740624242,-6.2360369242,34.7167116545,31.5443592012,34.5210522835,12.1396426325
744,20.0,20.0,0.0,20.0,51.6827675147,-5.81305373473,-23.6536484684,18.0321512815,19.8637096177,28.5127039974
745,20.0,40.0,0.0,20.0,36.9926286899,-3.84149841467,6.60045753502,8.73744506139,9.53394016059,6.28183174908
746,20.0,70.0,0.0,20.0,65.2404965222,3.42477199676,-9.99128838025,34.1062909063,34.351344467,34.8516614149
747,20.0,100.0,0.0,20.0,54.1470866435,-26.2986972233,14.4644709739,16.2296065049,22.1133707872,12.4511150156
748,40.0,0.0,0.0,20.0,50.7783922584,-11.426662776,-8.54611375518,16.2917328567,19.0780467609,19.5133062504
749,40.0,10.0,0.0,20.0,36.3477736371,-3.21182720271,5.4540629524,8.4889065911,9.19010936414,6.28952183263
750,40.0,20.0,0.0,20.0,63.0250247442,0.654010022542,6.60345396708,30.6640382967,31.6169486449,22.4751347652
751,40.0,40.0,0.0,20.0,54.0425463732,-25.3409702258,8.23407754686,16.3192124835,22.0146513223,14.6964225578
752,40.0,70.0,0.0,20.0,33.8310370277,2.26492162515,2.22847015631,7.88865263993,7.92730938877,6.04497833141
753,40.0,100.0,0.0,20.0,58.6860297796,3.52690517096,21.4894961766,26.5919889489,26.6897283017,12.734136359
754,70.0,0.0,0.0,20.0,53.5494123958,17.5807408048,2.30798176445,24.6585659235,21.5529354208,16.776221288
755,70.0,10.0,0.0,20.0,34.2367216079,-0.397334977159,2.64963413919,7.78945735648,8.1225034142,6.10548480519
756,70.0,20.0,0.0,20.0,34.0680131428,3.1959238747,1.08931135637,8.10345419389,8.04094524898,6.38661320442
757,70.0,40.0,0.0,20.0,57.4840880157,4.28986365034,25.8092704897,25.5237009195,25.4217801361,10.5908358824
758,70.0,70.0,0.0,20.0,54.4266361531,20.6794138146,-9.78457800359,26.2972313505,22.378803775,23.2979639966
759,70.0,100.0,0.0,20.0,33.9711172607,-0.774418880481,2.88765632211,7.62606719376,7.99435097298,5.95492083297
760,100.0,0.0,0.0,20.0,80.4836358816,-1.09509407141,2.97642638393,55.0505854906,57.542273299,44.9752092343
761,100.0,10.0,0.0,20.0,48.4816591952,13.5486458778,1.73271045689,19.1054392664,17.1764988241,13.5200345077
762,100.0,20.0,0.0,20.0,80.8913423685,1.67791779203,4.93808597421,56.8741909727,58.2748213487,43.9436655158
763,100.0,40.0,0.0,20.0,57.6122048333,-0.198299429564,4.09726867488,24.5963809695,25.5549779212,19.1086391222
764,100.0,70.0,0.0,20.0,50.2205291641,-6.59081616967,-3.97750188566,16.7254228433,18.6038989912,17.0109799046
765,100.0,100.0,0.0,20.0,63.8873648823,25.061281282,-0.442993598017,38.8868504968,32.6633196005,27.2115312446
766,0.0,0.0,10.0,20.0,34.226614196,1.74820408207,3.71212575318,8.01893296758,8.1176017625,5.87292521672
767,0.0,10.0,10.0,20.0,64.364328463,23.6964773587,-0.99945484079,39.1055056303,33.2518637567,28.0342683174
768,0.0,20.0,10.0,20.0,48.0423677791,13.8523160346,2.94771805673,18.7945265986,16.8278322189,12.8021431129
769,0.0,40.0,10.0,20.0,47.5230683833,13.8936970779,2.57374326244,18.3704549289,16.421787797,12.6167247881
770,0.0,70.0,10.0,20.0,50.364856273,-10.0258819421,-14.2118859383,16.2243332663,18.7258054428,21.9526459189
771,0.0,100.0,10.0,20.0,54.4751739982,19.8153816535,-5.28717020793,26.1382287863,22.4251059028,21.0250296155
772,10.0,0.0,10.0,20.0,55.3876432566,-1.18803808326,18.6419741998,22.2159694199,23.307471744,11.7495632827
773,10.0,10.0,10.0,20.0,44.871601643,-7.5277315497,2.61024977288,12.7688978736,14.4500789282,11.0551664716
774,10.0,20.0,10.0,20.0,66.3718663366,16.7517281866,37.9448879091,39.6495663444,35.8065724538,11.6269400489
775,10.0,40.0,10.0,20.0,48.9960698743,-14.1391946203,-13.6068354026,14.5219470652,17.5908701585,20.4693361412
776,10.0,70.0,10.0,20.0,46.463591361,26.3023549451,12.3138608113,19.9139636876,15.6137378635,8.94989850395
777,10.0,100.0,10.0,20.0,79.1304513066,-3.73044342511,-0.275486119137,51.7472777024,55.1549764587,45.7383203635
778,20.0,0.0,10.0,20.0,46.6942652995,11.0492011582,-6.71193388216,17.1684520992,15.7873589832,15.6065549586
779,20.0,10.0,10.0,20.0,65.5929182705,-6.40693699771,-13.840525675,31.757014511,34.800335571,38.0501184061
780,20.0,20.0,10.0,20.0,55.4444688589,30.8478968788,8.28174142598,30.0001526916,23.3631753208,15.644464723
781,20.0,40.0,10.0,20.0,76.4197215589,-8.23925930509,44.2466819367,45.8036648615,50.5731493727,15.7260107651
782,20.0,70.0,10.0,20.0,45.1184901535,8.89174696382,4.38405327711,15.5812925003,14.6266167991,10.6240077021
783,20.0,100.0,10.0,20.0,61.9063254639,-12.8989022097,22.078541867,25.9729565063,30.2931332309,14.5845637009
784,40.0,0.0,10.0,20.0,53.0778019633,30.9765862753,21.0840040053,27.4032020301,21.1174542643,9.71192581017
785,40.0,10.0,10.0,20.0,62.7175142882,14.0618259955,27.7224067688,34.0375063798,31.2492894878,12.9915051966
786,40.0,20.0,10.0,20.0,50.0448662454,24.2240300897,0.775848817798,22.7381266389,18.456239926,14.9191729019
787,40.0,40.0,10.0,20.0,53.2095411339,-7.17936599563,10.484126248,19.0368547429,21.2385049398,13.2989259842
788,40.0,70.0,10.0,20.0,44.5022969578,3.09556527116,-10.7639362553,14.1751019048,14.1886678086,15.7180502039
789,40.0,100.0,10.0,20.0,62.2260911499,13.4385235238,33.8480841987,33.2514110974,30.6676798871,10.6340569246
790,70.0,0.0,10.0,20.0,51.1572021999,26.8944095243,-9.27237109938,24.4267645504,19.4045607863,20.1734917616
791,70.0,10.0,10.0,20.0,51.9900891258,-7.01190990685,15.0799554425,18.0559641615,20.1355206491,10.9916247526
792,70.0,20.0,10.0,20.0,44.670274829,7.23186156928,-20.1896941946,14.9728759389,14.3071759803,20.0445417839
793,70.0,40.0,10.0,20.0,64.0862765183,24.6821637052,0.73329464794,39.0380845292,32.9079129082,26.7221711597
794,70.0,70.0,10.0,20.0,77.7366880115,-1.05634278619,30.1362452247,50.4840581679,52.766081758,23.4415089753
795,70.0,100.0,10.0,20.0,68.4047517783,-12.8781432244,-12.5778615055,33.3412516867,38.5235874524,40.7607147509
796,100.0,0.0,10.0,20.0,67.1828182499,-11.0767306014,-13.1905886188,32.3632235795,36.8745664725,39.6160503632
797,100.0,10.0,10.0,20.0,61.8189970398,24.0205754206,18.7686278881,35.8266198817,30.1913768992,15.8511096041
798,100.0,20.0,10.0,20.0,61.7980409462,22.6391364883,17.6795604066,35.3883400619,30.166992508,16.2889602294
799,100.0,40.0,10.0,20.0,79.5260618819,1.83872373204,3.0098953448,54.5766802424,55.8459463187,43.5983655903
800,100.0,70.0,10.0,20.0,57.6178647227,-0.00156910024862,3.43335708246,24.6478736564,25.5608729818,19.4247998478
801,100.0,100.0,10.0,20.0,56.8087862152,1.51343381474,3.59572762339,24.1910997552,24.7273402882,18.6991529202
802,0.0,0.0,20.0,20.0,55.9901521982,1.24594306187,3.00680213824,23.3279438403,23.90260901,18.3232994266
803,0.0,10.0,20.0,20.0,39.7874943169,0.657770711361,0.367878270684,10.8144864296,11.1233755223,9.07304240824
804,0.0,20.0,20.0,20.0,55.1427954489,-14.790821768,-15.166527073,19.1787450045,23.0684710365,27.003333961
805,0.0,40.0,20.0,20.0,42.2064293045,12.5972265892,7.09407642527,14.1116509155,12.633942813,8.3662513455
806,0.0,70.0,20.0,20.0,65.2852863055,-4.93603479338,-2.63061635664,31.7970125581,34.4081918924,30.0192486567
807,0.0,100.0,20.0,20.0,47.8210930134,29.6622144867,17.1596369158,21.8345749598,16.6540071025,8.26303850799
808,10.0,0.0,20.0,20.0,48.9393696499,21.5244661327,14.7778056135,21.1292257026,17.544873388,9.46756994146
809,10.0,10.0,20.0,20.0,48.7740863221,-15.4047893502,-9.73544172527,14.1610106029,17.4112487197,18.4601400628
810,10.0,20.0,20.0,20.0,33.6118688671,1.55439855997,2.6985164964,7.7095530949,7.82317046741,5.86308957638
811,10.0,40.0,20.0,20.0,36.4756617516,-0.749895513722,0.701317940131,8.83859672081,9.25762968126,7.46225669607
812,10.0,70.0,20.0,20.0,51.0461875503,26.6342047379,16.1865482418,24.2560534462,19.308489267,10.1324280317
813,10.0,100.0,20.0,20.0,57.1237087601,-15.8845644659,-24.5557407019,20.6841201895,25.0495923743,35.2503124568
814,20.0,0.0,20.0,20.0,33.0556383519,1.74036446471,2.41265696466,7.47451226965,7.5629778203,5.72131594922
815,20.0,10.0,20.0,20.0,35.9437521706,-2.38776002893,3.92522813195,8.38430034888,8.97895894318,6.47652388124
816,20.0,20.0,20.0,20.0,50.3104006143,27.8701214158,12.4585856426,23.8125337679,18.6797468983,10.9032003556
817,20.0,40.0,20.0,20.0,55.044334734,-21.0095355052,-7.86266502639,17.8987238562,22.9728241302,22.8444700893
818,20.0,70.0,20.0,20.0,34.6335913467,-3.40823746487,1.34592611971,7.64972185276,8.31653134784,6.54949385132
819,20.0,100.0,20.0,20.0,48.8731823597,22.1162099165,10.1028584427,21.1937341743,17.4912819623,10.8639985829
820,40.0,0.0,20.0,20.0,66.9664223766,-6.07475671709,8.60781299164,33.5136120345,36.5875325425,25.060091895
821,40.0,10.0,20.0,20.0,43.6010453319,-0.189771567938,-2.30638873026,13.0507386578,13.5639963043,11.9623273751
822,40.0,20.0,20.0,20.0,34.2573603,-1.52722808991,-1.23728624632,7.67745622184,8.13251840257,7.00174670601
823,40.0,40.0,20.0,20.0,48.9378032245,21.4577029304,13.0043658566,21.113770289,17.5436038004,9.99455299278
824,40.0,70.0,20.0,20.0,68.2716596165,-2.34343420665,-9.51073950118,36.2616980856,38.3416389142,38.2638194043
825,40.0,100.0,20.0,20.0,42.8527435036,-1.26241379213,0.629247496773,12.4061326125,13.0594886121,10.5762194342
826,70.0,0.0,20.0,20.0,70.859553765,-0.0286326670401,3.92852819652,40.4752359121,41.9835167003,31.9855337755
827,70.0,10.0,20.0,20.0,45.0249347605,21.0589980387,11.6689117365,17.6889676715,14.559551727,8.44309265194
828,70.0,20.0,20.0,20.0,60.1799671066,-9.93373705893,-9.01258851417,24.9077634056,28.3235949322,28.5183628059
829,70.0,40.0,20.0,20.0,41.0988595466,3.63907802344,1.92800471378,12.0182714317,11.9263715319,9.27359403357
830,70.0,70.0,20.0,20.0,52.2868365974,-17.4640393475,-18.6570765296,16.3740109847,20.4003216759,26.1694915404
831,70.0,100.0,20.0,20.0,47.9575407121,29.2857012982,15.1278117094,21.8800929564,16.7610530317,8.88302002854
832,100.0,0.0,20.0,20.0,64.9342841945,-5.96028577429,3.17982943201,31.1015000824,33.9643746238,26.1516738067
833,100.0,10.0,20.0,20.0,43.5065191163,12.4906012809,5.44952841848,15.0134535975,13.4995618216,9.45626250859
834,100.0,20.0,20.0,20.0,54.3878983754,-16.3188355011,-9.71800306536,18.2514203076,22.3418960754,23.2269946665
835,100.0,40.0,20.0,20.0,40.1247934718,0.558940892813,-1.38809049756,10.9978378438,11.3263584031,9.7533988311
836,100.0,70.0,20.0,20.0,69.681488293,-1.53537975068,14.9005685892,38.3768585245,40.2983289058,24.1696094698
837,100.0,100.0,20.0,20.0,46.1265970347,22.1299804892,5.61016949977,18.7984229833,15.3623880143,10.7864087786
838,0.0,0.0,40.0,20.0,59.2541882731,-12.4232921825,1.3134985394,23.417886466,27.3034834581,21.8509451489
839,0.0,10.0,40.0,20.0,41.5848595975,4.88267396271,-3.92705975466,12.5066796757,12.2335068411,11.3396793161
840,0.0,20.0,40.0,20.0,51.4605668892,-20.5085528624,-9.35660292839,15.2297417562,19.6687151794,20.4687987839
841,0.0,40.0,40.0,20.0,66.9688853409,-4.17360284727,11.4864592159,34.0633606649,36.5907910824,23.4867932343
842,0.0,70.0,40.0,20.0,62.9181182306,1.99435511543,8.98137650778,30.9017309909,31.4888061779,21.1687484907
843,0.0,100.0,40.0,20.0,59.6087934567,18.7533875631,29.1169979863,31.5825908701,27.6912751939,10.7032068839
844,10.0,0.0,40.0,20.0,58.7662526084,4.24322327534,-14.6067978651,26.8531888553,26.7758257763,30.4861800331
845,10.0,10.0,40.0,20.0,34.2498005357,1.45755882923,3.34905143242,7.99793005124,8.12884904898,5.95901807903
846,10.0,20.0,40.0,20.0,36.7120405191,5.70399165596,5.11862664907,9.74699084706,9.38329818017,6.50634627566
847,10.0,40.0,40.0,20.0,60.1616577635,18.3841491715,24.8486980746,32.1394397726,28.303177683,12.4461072739
848,10.0,70.0,40.0,20.0,57.1971027047,1.27584380002,1.28312848743,24.5231313713,25.1250946016,20.1049107326
849,10.0,100.0,40.0,20.0,33.3376774699,1.81071313937,3.1330563176,7.61059815164,7.69417636746,5.67254798544
850,20.0,0.0,40.0,20.0,36.1161399035,4.98921050108,6.69837164754,9.34056801007,9.06865240644,5.93083879813
851,20.0,10.0,40.0,20.0,54.4273105586,38.5960908117,20.0966634084,30.9026594552,22.3794466794,10.7307414707
852,20.0,20.0,40.0,20.0,35.084046762,-2.98309988791,2.27219308378,7.90533356847,8.5404727956,6.51535108874
853,20.0,40.0,40.0,20.0,48.0543355694,15.2584693726,5.84239132447,19.0794778643,16.8372679851,11.8022748755
854,20.0,70.0,40.0,20.0,75.6486305001,5.000486529,21.1453492728,49.3858950353,49.3178313855,26.444743503
855,20.0,100.0,40.0,20.0,54.6832315786,38.1435434781,23.9411915267,31.0792625859,22.6243037508,9.68543305536
856,40.0,0.0,40.0,20.0,34.7671354341,-0.968629786138,-0.391608517816,7.97634952916,8.38250861866,7.00969525836
857,40.0,10.0,40.0,20.0,47.4465544057,14.0967304432,9.9088329256,18.3461820983,16.3625187716,10.1542918178
858,40.0,20.0,40.0,20.0,76.9338430264,7.00426095693,1.73598852535,52.2327081081,51.4218529504,41.064248014
859,40.0,40.0,40.0,20.0,45.5380207355,-16.5026287275,6.71593490803,11.8734294014,14.9298898546,10.1244108673
860,40.0,70.0,40.0,20.0,43.35069627,5.47209115467,-14.0038107355,13.7622298454,13.3937900496,16.2376545348
861,40.0,100.0,40.0,20.0,51.3055510112,-5.56018905561,17.8640781254,17.7736131264,19.5334378229,9.7608531452
862,70.0,0.0,40.0,20.0,49.4244025892,19.8854178345,-4.69219849804,21.2243355124,17.9409455969,16.7283771308
863,70.0,10.0,40.0,20.0,59.9234687389,8.353573051,33.0530581762,29.1611409167,28.0384600424,9.66261132695
864,70.0,20.0,40.0,20.0,51.0600192902,-9.23480031178,-19.2670270613,16.9013940482,19.3204418528,25.3125881996
865,70.0,40.0,40.0,20.0,55.8959767571,8.91685551935,20.7243071145,24.998245415,23.8089255595,11.3472530547
866,70.0,70.0,40.0,20.0,59.3510989656,2.5598639574,-8.7489277423,27.0603615647,27.4091018353,27.4989416176
867,70.0,100.0,40.0,20.0,48.5284274719,-11.0505205217,5.46235828946,14.6983791918,17.2139000654,12.2122759286
868,100.0,0.0,40.0,20.0,68.5645783051,18.9783327885,5.0248596674,43.504198038,38.7428437374,28.7743921114
869,100.0,10.0,40.0,20.0,46.8301417276,-12.5232069377,-2.21685261133,13.2939827925,15.8902287946,13.9326138525
870,100.0,20.0,40.0,20.0,43.0221578194,4.40416167829,-7.54229012906,13.3734493444,13.1725932426,13.4689801346
871,100.0,40.0,40.0,20.0,51.8856214466,-3.05050618843,6.07106726261,18.7290435844,20.0428476998,14.0952332389
872,100.0,70.0,40.0,20.0,48.8057536795,18.1042610618,1.41391020564,20.2999852762,17.4367977256,13.8478875557
873,100.0,100.0,40.0,20.0,61.4783021532,8.50330501611,19.4463626306,30.9838574087,29.7965730179,15.3354821355
874,0.0,0.0,70.0,20.0,52.6960563088,13.5656437328,19.5068404028,22.9084027504,20.7692804136,9.98766813295
875,0.0,10.0,70.0,20.0,49.4705848177,-12.3047817112,-18.5356490504,15.1666485419,17.9789652571,23.4079528962
876,0.0,20.0,70.0,20.0,48.8920111968,-15.3797947893,6.94123288044,14.2470689726,17.5065164283,11.9195918517
877,0.0,40.0,70.0,20.0,58.0746442023,21.9616125856,-7.36144536738,30.6558865579,26.0396267465,25.4189124196
878,0.0,70.0,70.0,20.0,61.4785905592,-2.04261373843,28.9201271001,28.2090215229,29.7969057643,11.8251497038
879,0.0,100.0,70.0,20.0,48.4175984863,1.44777325615,-22.0714019073,16.773574803,17.1253565654,24.3392816871
880,10.0,0.0,70.0,20.0,49.5516924751,-15.3245688457,3.78728198094,14.7209388716,18.045867318,13.442472144
881,10.0,10.0,70.0,20.0,56.0493177923,20.6367458439,5.41736760205,28.0251650028,23.9615910215,17.2953634933
882,10.0,20.0,70.0,20.0,61.4911059236,-1.46934549555,22.5641375908,28.3692412587,29.8113476652,14.1212020417
883,10.0,40.0,70.0,20.0,46.726715648,-2.11639132005,-10.9515086282,14.8920764524,15.8118861315,17.4247055278
884,10.0,70.0,70.0,20.0,47.9920691019,1.42528293426,-8.58903354884,16.4410577035,16.7882137695,17.3454581284
885,10.0,100.0,70.0,20.0,61.0031404378,8.28717717447,24.1391531401,30.3733476431,29.251715761,13.219254898
886,20.0,0.0,70.0,20.0,33.8995056052,3.47932886053,3.98831125087,8.05438803658,7.96003102658,5.69613728792
887,20.0,10.0,70.0,20.0,51.6287903554,-12.1251506704,6.30614330931,16.8220148722,19.8162234489,13.8385022639
888,20.0,20.0,70.0,20.0,49.2723351027,4.76488731317,-20.0522827709,18.0677718471,17.8161344558,24.0413644863
889,20.0,40.0,70.0,20.0,60.2091192002,8.41370220563,29.0724344472,29.499062143,28.3561234879,11.049273061
890,20.0,70.0,70.0,20.0,34.3676809826,4.26212577868,3.44644937919,8.36801324828,8.18619148692,5.98176536559
891,20.0,100.0,70.0,20.0,50.8359430102,-12.9906842462,10.6948311659,16.0601504441,19.127414636,11.7831374336
892,40.0,0.0,70.0,20.0,57.2301903548,18.7390649722,0.382260298249,28.843381124,25.1591822699,20.5709785422
893,40.0,10.0,70.0,20.0,50.9449379251,8.98688188679,19.604251644,20.3211312666,19.2211453081,9.07321238852
894,40.0,20.0,70.0,20.0,49.8450924927,7.07228237858,-9.71041229669,18.9878000827,18.2892656687,19.3035146641
895,40.0,40.0,70.0,20.0,44.5543974876,-5.7296837604,6.00423909188,12.8337595655,14.2253543764,9.82659192396
896,40.0,70.0,70.0,20.0,44.5976957316,-2.38838465285,-16.7272386195,13.3732269498,14.2558908894,18.3650299795
897,40.0,100.0,70.0,20.0,54.6445888681,17.0764962315,23.1598211285,25.654490103,22.5872177323,9.89906067874
898,70.0,0.0,70.0,20.0,53.1216950862,12.6553841894,-0.891791814682,23.1141665795,21.1577349372,17.8521855403
899,70.0,10.0,70.0,20.0,48.1212203498,2.47538246656,10.6038306003,16.7285637516,16.8900669077,10.2983438089
900,70.0,20.0,70.0,20.0,46.3521514556,-0.461230222161,-10.6429286484,14.8988491377,15.530318499,17.0091701905
901,70.0,40.0,70.0,20.0,43.4021406,-8.14553196337,2.12048454261,11.7522279998,13.4286488811,10.4059765246
902,70.0,70.0,70.0,20.0,45.1989021512,1.99013087546,-14.2358240399,14.4830408447,14.6844243589,17.711622472
903,70.0,100.0,70.0,20.0,68.0810994375,-3.93323003207,-2.76442498089,35.5397418698,38.0821253217,33.2538033566
904,100.0,0.0,70.0,20.0,48.406213622,12.5950503931,9.84907683784,18.8550864253,17.1162782044,10.6883482269
905,100.0,10.0,70.0,20.0,52.8008766431,-28.0645833325,12.522992714,14.9310040376,20.8644983888,12.3184326562
906,100.0,20.0,70.0,20.0,55.8559006391,35.1213031344,23.9430397167,31.6353071262,23.7691331713,10.2972454607
907,100.0,40.0,70.0,20.0,61.6412961746,0.414550645344,18.9616337014,29.0220102244,29.9850214261,15.6462182807
908,100.0,70.0,70.0,20.0,50.4803834648,21.6083559707,4.18092738853,22.5754455207,18.8237687901,13.8932295587
909,100.0,100.0,70.0,20.0,75.6583439997,-8.84485373933,52.1196599402,44.4480219117,49.3335140916,12.2533300643
910,0.0,0.0,100.0,20.0,47.1897225292,5.2306220598,2.54876634923,16.5028569447,16.1646154498,12.4231589627
911,0.0,10.0,100.0,20.0,61.0924440326,-14.1942988962,27.5081137366,24.830996954,29.3536069604,12.0798945394
912,0.0,20.0,100.0,20.0,55.9270348522,26.51109571,20.1209705723,29.4046333638,23.8397942975,11.5652437364
913,0.0,40.0,100.0,20.0,77.7469954045,-6.926187273,20.7247508196,48.3261916456,52.7834903273,28.8553252341
914,0.0,70.0,100.0,20.0,48.6271489844,12.3742215541,-17.4404381259,18.9980206578,17.293027212,22.0718989648
915,0.0,100.0,100.0,20.0,63.6825298134,-10.571152504,3.9098888079,28.4573683125,32.412712274,24.5248824548
916,10.0,0.0,100.0,20.0,57.2101024141,30.8578781215,-4.13185722688,32.0703762702,25.1384835307,22.8461916617
917,10.0,10.0,100.0,20.0,65.6801857748,17.9252865215,32.6054574807,39.0740077207,34.9121168803,13.072874606
918,10.0,20.0,100.0,20.0,52.586978001,9.96022505031,-1.85358548307,22.0157565351,20.6705025752,17.8699746192
919,10.0,40.0,100.0,20.0,33.8553049288,0.10254767682,2.88299425251,7.6664087884,7.93889691794,5.9131800403
920,10.0,70.0,100.0,20.0,61.2141662933,29.0700899632,12.3822741692,36.5619318029,29.4928669819,18.1565341533
921,10.0,100.0,100.0,20.0,65.3623444144,17.7575848582,38.6699703816,38.5888523447,34.5061411521,10.8200066496
922,20.0,0.0,100.0,20.0,53.4739821693,13.4891329865,-14.4196258116,23.6433071493,21.4828853583,24.928687924
923,20.0,10.0,100.0,20.0,33.7677684962,-0.377174818949,3.42749427038,7.5750924102,7.89715271982,5.76592009415
924,20.0,20.0,100.0,20.0,62.2454020123,30.2255223127,-1.19584026422,38.2857750856,30.6903973289,26.0021780501
925,20.0,40.0,100.0,20.0,43.5481730111,-2.48458848931,-0.95774255142,12.6697564218,13.5279302948,11.4772509933
926,20.0,70.0,100.0,20.0,72.4917357093,-11.3281420291,-1.26257591225,39.1078223705,44.3950115292,37.5474583142
927,20.0,100.0,100.0,20.0,47.7600573084,3.18459406901,6.50980283161,16.5764998917,16.6062712897,11.4090473871
928,40.0,0.0,100.0,20.0,59.5937417522,-24.9135242679,-18.29141623,21.0213286138,27.6747406916,33.8609082568
929,40.0,10.0,100.0,20.0,55.3388473344,26.619739728,22.3652402053,28.7731384665,23.2597100175,10.5108378368
930,40.0,20.0,100.0,20.0,47.1757466428,-10.1214901473,-13.7206697461,13.9039263654,16.1538922725,19.0266303936
931,40.0,40.0,100.0,20.0,42.4235887938,0.0802832293273,2.62425877468,12.3315095523,12.7758770918,9.73882620472
932,40.0,70.0,100.0,20.0,53.4848347436,-1.26360802136,-5.45458845413,20.4643443463,21.492954496,20.2681881011
933,40.0,100.0,100.0,20.0,47.9555786124,14.763051494,13.1718455424,18.8990946643,16.7595104842,9.44122437344
934,70.0,0.0,100.0,20.0,61.7351005903,9.61476434477,5.88306558155,31.5898747553,30.0938344107,21.7021808573
935,70.0,10.0,100.0,20.0,42.0255656182,-1.89085942968,-4.46725482792,11.7979633141,12.5165367816,11.7735976376
936,70.0,20.0,100.0,20.0,48.6325519608,-7.4810632078,-6.60324354643,15.3718066385,17.2973647836,16.9625848415
937,70.0,40.0,100.0,20.0,45.8347740513,8.52966866771,2.17707984863,16.0537744337,15.1469212284,11.7476835698
938,70.0,70.0,100.0,20.0,56.9614490948,3.6579124898,4.33336126367,24.8418173662,24.8832088808,18.4817413329
939,70.0,100.0,100.0,20.0,51.8214084244,22.878164172,12.8185743158,24.1605988748,19.9860258811,11.6401221441
940,100.0,0.0,100.0,20.0,49.5767718423,-22.5272670939,-0.88585426393,13.5793099432,18.0665877032,15.2599630302
941,100.0,10.0,100.0,20.0,42.4681035307,4.64724721046,-8.4056392626,13.0436707222,12.8051023542,13.4350295368
942,100.0,20.0,100.0,20.0,57.6668183486,-14.2356376811,10.3724184039,21.5223949459,25.6118984908,16.3664374075
943,100.0,40.0,100.0,20.0,47.8370098508,20.3289059491,0.731271884437,19.9031425387,16.6664706264,13.4792992277
944,100.0,70.0,100.0,20.0,68.6565158125,-2.65413032209,25.5631896237,36.6695962199,38.8693433109,17.9994263756
945,100.0,100.0,100.0,20.0,41.6375099924,2.74236642264,-12.3037531418,12.2251699536,12.2670931721,14.3658356381
946,0.0,0.0,0.0,40.0,52.0549363146,-21.7027664541,12.3012482089,15.4621281078,20.1931898341,11.9514133613
947,0.0,20.0,0.0,40.0,45.055736963,13.6057158444,-6.30617775632,16.3564925458,14.5816095627,14.3257077284
948,0.0,40.0,0.0,40.0,62.2076778453,-9.24828468068,28.9763359592,27.1857157946,30.6460287828,12.236858156
949,0.0,70.0,0.0,40.0,49.8749970123,29.3955811589,3.04580952868,23.7326254548,18.3141960067,13.9277324234
950,0.0,100.0,0.0,40.0,57.6618180819,-18.0187618422,-4.88105352545,20.7225482126,25.6066834849,23.6590451715
951,20.0,0.0,0.0,40.0,33.7890196871,2.93662287377,4.22243950945,7.94226417756,7.90727346125,5.60815404162
952,20.0,20.0,0.0,40.0,69.6814610651,-2.83035608308,11.9617845145,37.9728673125,40.2982904877,25.8095998241
953,20.0,40.0,0.0,40.0,45.7220382966,0.487956956353,0.496318667429,14.6064438968,15.064225613,12.2564613781
954,20.0,70.0,0.0,40.0,58.773475093,-13.3022457943,-22.2116354188,22.7595622836,26.7835862297,35.6027309173
955,20.0,100.0,0.0,40.0,33.8544595922,2.60158506828,4.25651968592,7.93646407586,7.93849309372,5.62440186531
956,40.0,0.0,0.0,40.0,71.273999467,0.444944146556,-6.03309666298,41.2126952862,42.5873550337,39.5373825802
957,40.0,20.0,0.0,40.0,44.3548366344,-0.226818813591,3.80902493284,13.5467787889,14.0851756911,10.3916774876
958,40.0,40.0,0.0,40.0,50.6754500166,29.7954535244,-0.0709489264995,24.6182493686,18.9899534023,15.6977268175
959,40.0,70.0,0.0,40.0,61.4505277205,-9.46633069129,34.8378247294,26.3287892517,29.7645400646,9.91604240648
960,40.0,100.0,0.0,40.0,45.4603032408,14.6159426639,-9.02415500655,16.8496289156,14.8733955674,15.6820001937
961,70.0,0.0,0.0,40.0,51.6573250103,-22.4685205802,15.9646629217,15.0425514294,19.8413172459,10.5274929409
962,70.0,20.0,0.0,40.0,41.8995221158,3.48764064432,-15.1205883436,12.5009390857,12.4351483282,15.6644777452
963,70.0,40.0,0.0,40.0,66.9734263319,-3.35662673505,37.4864383962,34.305797554,36.5967993906,12.1354340145
964,70.0,70.0,0.0,40.0,48.1375419166,21.9622804099,-1.62999113512,20.5008454066,16.9029679035,14.5725806271
965,70.0,100.0,0.0,40.0,56.8472293063,-15.4849084309,21.1477756823,20.5203414771,24.7665291327,11.7531837571
966,100.0,0.0,0.0,40.0,42.8510088336,6.2430164497,-10.4068761412,13.5448742981,13.0583338706,14.441359113
967,100.0,20.0,0.0,40.0,49.468021544,-23.8723491197,8.44400172212,13.297230083,17.9768536277,11.7467717425
968,100.0,40.0,0.0,40.0,50.0939134958,28.0475387248,5.73690293395,23.6408467459,18.4973892368,13.0713059981
969,100.0,70.0,0.0,40.0,62.8086631345,-8.29604775456,18.7143219898,28.0765553429,31.3579680763,16.5877297974
970,100.0,100.0,0.0,40.0,44.8767912266,12.3825005419,-3.94750328364,16.0054261254,14.4537750501,13.3226999647
971,0.0,0.0,20.0,40.0,52.4087078083,-20.0242880594,3.38709477812,16.0156278729,20.5097418131,15.5062268037
972,0.0,20.0,20.0,40.0,41.6023170834,0.657591976508,-10.3743889243,11.9015156979,12.2446363824,13.6114700522
973,0.0,40.0,20.0,40.0,62.0858614788,9.00148351733,10.5277429097,31.8375946504,30.5030488539,19.713621618
974,0.0,70.0,20.0,40.0,48.5390126207,16.0929629337,7.49972221815,19.65962354,17.222372684,11.526307096
975,0.0,100.0,20.0,40.0,52.4360663429,-2.71690499245,-1.96357930629,19.2590879368,20.5343588948,17.8030170286
976,20.0,0.0,20.0,40.0,43.3956998203,-0.358875279685,-3.1478607956,12.890615063,13.4242812813,12.1295885562
977,20.0,20.0,20.0,40.0,47.3000955992,-12.0252578549,-9.87110517504,13.6874576146,16.249467368,17.384437437
978,20.0,40.0,20.0,40.0,51.0132823646,22.8857993917,18.601550948,23.3701622435,19.2800743334,9.39526712443
979,20.0,70.0,20.0,40.0,57.6534840356,3.90702385271,0.1337641076,25.606630787,25.5979931018,21.0543484729
980,20.0,100.0,20.0,40.0,44.7905509894,6.77095611383,6.63370987951,14.9824931833,14.3924348267,9.76014021276
981,40.0,0.0,20.0,40.0,48.5248743306,-7.25908024024,-11.6737977515,15.3306545673,17.211056665,19.156873627
982,40.0,20.0,20.0,40.0,40.9720222116,-3.83050927282,-0.847250356281,10.8977779748,11.8470695245,10.0302006276
983,40.0,40.0,20.0,40.0,34.9783891242,5.29740614829,6.35794663107,8.79087555279,8.48758929369,5.59067795258
984,40.0,70.0,20.0,40.0,63.1412540563,-22.4778241273,0.697657526981,24.9594439163,31.7566597202,25.8027041882
985,40.0,100.0,20.0,40.0,47.7543514764,2.45048658311,4.42769937963,16.4411570981,16.6018134464,12.1086943173
986,70.0,0.0,20.0,40.0,36.8265126526,0.0154203637866,6.45762897796,9.10920147602,9.44456276789,6.24996495113
987,70.0,20.0,20.0,40.0,34.7329241977,4.92806420187,6.20444253334,8.6246524064,8.36557348315,5.53538128142
988,70.0,40.0,20.0,40.0,64.4772804364,-17.6000130893,-19.2503488925,27.5432588059,33.3922672804,40.6841813908
989,70.0,70.0,20.0,40.0,47.3143722558,1.19261597391,8.63575370356,15.8863610148,16.2604645264,10.4777162514
990,70.0,100.0,20.0,40.0,36.8314941542,1.25095837878,3.70205699336,9.26088627644,9.44723486601,6.88264593606
991,100.0,0.0,20.0,40.0,55.2216944601,36.7740982899,20.8089700208,31.3387736475,23.1453065952,10.9409283788
992,100.0,20.0,20.0,40.0,46.1472751221,-2.97313234354,-15.983822176,14.3403945327,15.3777326763,19.2555586638
993,100.0,40.0,20.0,40.0,64.3000884908,20.7510325349,30.8904316069,38.0929210262,33.1721869229,12.8335597959
994,100.0,70.0,20.0,40.0,52.9112204536,-17.024961522,-14.5331156981,16.9356928615,20.9650478042,24.4542725308
995,100.0,100.0,20.0,40.0,79.7542770657,-4.42757232774,49.5496725879,52.51201778,56.2471571999,15.9096339066
996,0.0,0.0,40.0,40.0,45.269669786,1.88529926944,-18.906820444,14.5157941518,14.7354244947,19.9245883684
997,0.0,20.0,40.0,40.0,58.583713714,-29.9523320866,20.3588688777,19.1137700012,26.5801877893,13.0769671101
998,0.0,40.0,40.0,40.0,50.650493823,17.6391846427,-10.1589910859,21.8717082892,18.968637929,20.1797761613
999,0.0,70.0,40.0,40.0,72.4795415591,-12.6010504896,44.674717238,38.6891472307,44.3766611769,12.9478047318
1000,0.0,100.0,40.0,40.0,57.4439120856,38.0752339054,2.0246943272,34.4094235502,25.3801064054,19.9527060018
1001,20.0,0.0,40.0,40.0,37.5730435101,9.01317674341,8.62106644748,10.6552057121,9.85065232241,6.05780277235
1002,20.0,20.0,40.0,40.0,35.070696595,1.72604298905,-2.4642119208,8.42417882675,8.53377871297,7.64911959101
1003,20.0,40.0,40.0,40.0,39.3814810264,5.65412294829,10.9888566389,11.2571908244,10.8822758155,6.22206431996
1004,20.0,70.0,40.0,40.0,36.4455612847,-1.66668962038,-3.86614751208,8.71607474071,9.24170806218,8.64588435393
1005,20.0,100.0,40.0,40.0,43.15277334,-1.46757935868,15.6764158379,12.567260898,13.260239419,6.63161561835
1006,40.0,0.0,40.0,40.0,43.619206168,-8.13069925026,-4.31432724361,11.8879237045,13.5763992032,12.6724672688
1007,40.0,20.0,40.0,40.0,45.3205165284,-2.95546613252,-8.38087017172,13.7721942564,14.7721410445,15.3229826492
1008,40.0,40.0,40.0,40.0,48.009126816,2.3442628849,3.06148232739,16.6182564977,16.8016425379,12.7411031416
1009,40.0,70.0,40.0,40.0,52.8903178847,10.3256172494,2.34312162827,22.3792976091,20.9459758544,16.2798543065
1010,40.0,100.0,40.0,40.0,56.3673904045,16.2976188061,15.5356316135,27.278422341,24.2803402605,13.4435257197
1011,70.0,0.0,40.0,40.0,45.9270156432,0.358879853575,-18.973237632,14.7308307609,15.2148083394,20.5059721405
1012,70.0,20.0,40.0,40.0,69.0432959619,-17.0120017308,37.6389126939,32.9490404124,39.4045418825,13.3520703641
1013,70.0,40.0,40.0,40.0,50.5600973195,15.7891361285,-10.3794227322,21.3932945694,18.8915624015,20.2110487996
1014,70.0,70.0,40.0,40.0,55.6039860328,-33.7039501197,14.6288170556,16.0319069204,23.5200169212,13.2929382855
1015,70.0,100.0,40.0,40.0,57.7564515644,37.2629671189,2.41761708726,34.5653509556,25.7055011974,20.0228957419
1016,100.0,0.0,40.0,40.0,48.7944779948,-8.24160513086,-11.300407712,15.3611634008,17.4276977175,19.1996583072
1017,100.0,20.0,40.0,40.0,34.4151190222,0.86597213062,4.16008861703,8.01125117537,8.20934340097,5.84682780611
1018,100.0,40.0,40.0,40.0,57.973255747,8.80642040108,3.08028449533,27.1367109687,25.9328490931,19.8841229837
1019,100.0,70.0,40.0,40.0,51.8335054484,-21.4728866473,5.7654147947,15.3387271904,19.9967222629,14.1776216312
1020,100.0,100.0,40.0,40.0,50.1797504266,-4.23520408687,-23.5206951884,17.1207485008,18.569551194,26.8843063873
1021,0.0,0.0,70.0,40.0,34.4052432926,0.566730296715,4.27620965947,7.97365659247,8.2045200041,5.81865409246
1022,0.0,20.0,70.0,40.0,59.3594410329,11.4032216042,-11.3930570272,29.3226611965,27.4182061705,29.1111086244
1023,0.0,40.0,70.0,40.0,50.2589128304,-22.5890591103,10.1390625484,14.0351002653,18.6362681001,11.6352775443
1024,0.0,70.0,70.0,40.0,74.5146326024,-9.84105166134,8.56749928587,42.433354634,47.5097134691,33.0922495277
1025,0.0,100.0,70.0,40.0,53.5928233405,-18.7099878134,9.33668357862,17.1640532904,21.5933189715,13.9728301377
1026,20.0,0.0,70.0,40.0,61.0831214438,13.6325875991,2.03079750251,31.9230598834,29.3429592821,23.1180202374
1027,20.0,20.0,70.0,40.0,46.7636010506,-2.45114716898,1.57139348626,14.862822962,15.8397962876,12.5083592333
1028,20.0,40.0,70.0,40.0,52.4075724612,28.2956261125,-0.763760888938,26.0337231591,20.5087206584,17.2527113017
1029,20.0,70.0,70.0,40.0,58.0075416198,30.8498490922,27.7766570694,33.0322320838,25.9689246661,10.259000157
1030,20.0,100.0,70.0,40.0,67.3450648223,4.7058701398,-1.05431733968,37.19049525,37.0907571121,31.2823295452
1031,40.0,0.0,70.0,40.0,50.1744112433,8.26291650426,12.3225490466,19.5035286832,18.5650571499,10.8716264352
1032,40.0,20.0,70.0,40.0,55.7676053007,-11.1648833236,-16.4707458819,20.4516362812,23.6816194456,28.427415172
1033,40.0,40.0,70.0,40.0,44.8272102571,-8.13484451196,1.1930746724,12.6492570441,14.4184882685,11.4953422209
1034,40.0,70.0,70.0,40.0,42.0653658705,-1.05967358686,1.21095899341,11.9415233941,12.5423100638,9.97770891513
1035,40.0,100.0,70.0,40.0,36.2620111027,-4.16919297234,4.36865583866,8.33787185211,9.14501423695,6.50044393777
1036,70.0,0.0,70.0,40.0,38.0900330369,5.60930304783,1.63465246178,10.4993659737,10.1385949416,7.93317663234
1037,70.0,20.0,70.0,40.0,34.8462435994,-0.618405200947,3.40798417151,8.05251242142,8.42175598175,6.16952510305
1038,70.0,40.0,70.0,40.0,37.4423836159,8.15951916048,2.4492072627,10.4675543831,9.77875336511,7.44204435798
1039,70.0,70.0,70.0,40.0,52.9377793369,23.7720341593,6.58045448926,25.4965227349,20.9892973914,14.59824138
1040,70.0,100.0,70.0,40.0,56.4025874301,1.87243943509,13.2707949982,23.8721911291,24.3157848772,14.320532414
1041,100.0,0.0,70.0,40.0,46.1048561283,9.01812997716,-4.04376396094,16.3448792408,15.3462656742,14.1517009656
1042,100.0,20.0,70.0,40.0,47.9533474325,-11.8375277629,-1.04247270078,14.1657771361,16.7577565084,14.2227924718
1043,100.0,40.0,70.0,40.0,42.7206991364,-2.4039530403,-10.7917504852,12.1555956847,12.9717833143,14.5034875684
1044,100.0,70.0,70.0,40.0,60.3602104888,6.94408308033,29.5392480568,29.2846162578,28.5251136175,10.9825723221
1045,100.0,100.0,70.0,40.0,49.8702231093,17.5737387116,-1.38664268759,21.1421760718,18.3102146543,15.6680111905
1046,0.0,0.0,100.0,40.0,50.5851745176,-6.21362210804,13.4967593017,17.0785816728,18.912923216,10.7229698002
1047,0.0,20.0,100.0,40.0,43.4903864804,3.03236849356,-11.5166272285,13.4739090649,13.4885853195,15.3150719684
1048,0.0,40.0,100.0,40.0,45.5315064931,-15.5172579916,3.01415942295,12.0110405243,14.9251490476,11.2946964681
1049,0.0,70.0,100.0,40.0,66.830491635,5.69070188884,32.6367815266,36.8137437081,36.4079938887,13.7930793387
1050,0.0,100.0,100.0,40.0,52.5412594408,-2.75777917084,-5.70263120402,19.3407578298,20.6291946251,19.6061958656
1051,20.0,0.0,100.0,40.0,55.51056625,-14.6588547755,12.3192876887,19.519261502,23.4280791856,14.0958750829
1052,20.0,20.0,100.0,40.0,35.3474796788,5.05002209459,6.26277328697,8.94927184119,8.67328120739,5.74251012848
1053,20.0,40.0,100.0,40.0,66.3512679777,5.17765841048,39.952328423,36.0341565477,35.7797172093,10.9555981038
1054,20.0,70.0,100.0,40.0,53.7115463932,2.04821483572,-18.9801996997,21.3600035558,21.7040200712,27.8022219411
1055,20.0,100.0,100.0,40.0,54.4758680289,-15.3042215545,17.9202471525,18.5185513605,22.4257684282,11.4649163018
1056,40.0,0.0,100.0,40.0,34.4756913648,5.45273652084,5.35964838272,8.55724196944,8.2389688498,5.61778742659
1057,40.0,20.0,100.0,40.0,47.7465733471,12.6157029449,5.7934319444,18.3102544833,16.5957378471,11.639976128
1058,40.0,40.0,100.0,40.0,51.7054877644,11.4736266209,-6.9188842795,21.5253486388,19.8837203224,19.4996832468
1059,40.0,70.0,100.0,40.0,54.1626536128,0.214559597246,14.3145220101,21.3834753473,22.128096184,12.5132364487
1060,40.0,100.0,100.0,40.0,60.8339257686,-5.86684015198,-3.40278670855,26.5587703984,29.0592969804,25.8724996234
1061,70.0,0.0,100.0,40.0,65.4437260506,-21.8304130305,27.372145863,27.5270298555,34.6097877227,14.900762631
1062,70.0,20.0,100.0,40.0,49.5938934399,-7.55793863637,-19.8857282936,16.0740052161,18.0807425452,24.2529606579
1063,70.0,40.0,100.0,40.0,49.0228591008,-9.53928909565,8.63892772241,15.30796013,17.6126302463,11.424979904
1064,70.0,70.0,100.0,40.0,56.7277499504,5.28828652859,-9.86405011749,24.9880519627,24.6448674721,25.5208773705
1065,70.0,100.0,100.0,40.0,58.8506612406,10.2294261464,26.7510575163,28.4505878053,26.866615269,11.0425387886
1066,100.0,0.0,100.0,40.0,65.8736601504,22.6687704523,4.04961444305,40.8678212652,35.160792079,26.5854595077
1067,100.0,20.0,100.0,40.0,35.4405955038,3.24637749409,4.82121041811,8.78399099356,8.72055238013,6.08458190353
1068,100.0,40.0,100.0,40.0,36.3298958961,5.16489504635,-0.0706953517969,9.47508230522,9.18069679822,7.59285548778
1069,100.0,70.0,100.0,40.0,36.7750648555,0.365959363851,5.81601525908,9.12466492731,9.4169954239,6.37327603199
1070,100.0,100.0,100.0,40.0,38.1767524434,0.716306911957,-1.27048459333,9.91437950155,10.1874370238,8.75337601615
1071,0.0,0.0,0.0,60.0,39.9753956464,-6.15081544263,9.56355601264,10.0272641485,11.2361505141,6.77897526642
1072,0.0,20.0,0.0,60.0,49.6677718912,-16.6126393224,0.216131817056,14.5911391198,18.1419044419,14.8834073814
1073,0.0,40.0,0.0,60.0,58.4696425662,10.5487282029,-6.44473229137,28.1126880781,26.4584159933,25.2860915673
1074,0.0,70.0,0.0,60.0,54.564756468,-15.7387541489,15.8661090492,18.5086555664,22.5107297143,12.2135618132
1075,0.0,100.0,0.0,60.0,50.0546080865,-7.40504750797,-19.8385807951,16.4517204163,18.4644082041,24.6640838753
1076,20.0,0.0,0.0,60.0,67.4788226468,4.18321046976,37.926637612,37.2070157337,37.269621162,12.2847326984
1077,20.0,20.0,0.0,60.0,50.8980634666,-19.3428460383,-14.7605981914,15.0179177577,19.1807979678,22.7128593568
1078,20.0,40.0,0.0,60.0,41.6325371315,0.0280933571173,0.662297314352,11.8300560631,12.2639182977,9.91802523047
1079,20.0,70.0,0.0,60.0,58.2880977477,-11.6395533544,-4.24114997747,22.6647988533,26.265383458,23.896574132
1080,20.0,100.0,0.0,60.0,46.6001304048,17.499279335,10.9816110942,18.2991729073,15.7163519593,9.3984824651
1081,40.0,0.0,0.0,60.0,69.8322584078,-0.876527397279,9.43586825273,38.7880019407,40.5114372924,27.4312745676
1082,40.0,20.0,0.0,60.0,57.5672707344,-28.3346743915,-7.43897372772,18.575337379,25.5082089466,24.9714778902
1083,40.0,40.0,0.0,60.0,52.1957597798,13.9656532891,13.7716260316,22.5208009484,20.3188043811,11.5372508072
1084,40.0,70.0,0.0,60.0,71.0427980674,-14.2204242215,11.4007943497,36.2820702228,42.2497907524,27.5039273834
1085,40.0,100.0,0.0,60.0,45.6814606951,-7.70369645689,-0.273893378101,13.2736580413,15.0345343527,12.5011568004
1086,70.0,0.0,0.0,60.0,59.9053986169,-22.4793761384,-25.0936626198,21.8229559585,28.0184449736,39.1291849435
1087,70.0,20.0,0.0,60.0,51.98540765,13.0627723902,16.6827063954,22.12607283,20.1313616254,10.4797665302
1088,70.0,40.0,0.0,60.0,72.4742531762,-10.1475949697,-9.10623216879,39.4592188823,44.3687045326,43.56426753
1089,70.0,70.0,0.0,60.0,44.9926047222,-8.62670152419,3.27590367741,12.6823041427,14.5364237286,10.9077182247
1090,70.0,100.0,0.0,60.0,60.2198573086,-25.2308190063,-10.3260929293,21.5243742031,28.3681115821,29.3692596562
1091,100.0,0.0,0.0,60.0,65.1333924589,-0.133636870648,30.7723078417,32.9562044804,34.2156613877,13.3982087549
1092,100.0,20.0,0.0,60.0,51.4381451234,-5.81374020846,-12.2823938368,17.8332640169,19.6491099144,21.9122274354
1093,100.0,40.0,0.0,60.0,54.0915245168,20.0219730304,16.8763938836,25.7891275174,22.0608657002,11.5919490883
1094,100.0,70.0,0.0,60.0,45.924693849,5.9247547355,-12.9518713358,15.6686534846,15.2130970833,17.6971668943
1095,100.0,100.0,0.0,60.0,70.2442101073,9.51021975361,44.6361071624,42.7502169582,41.0975449472,11.6219924519
1096,0.0,0.0,20.0,60.0,56.3432687851,23.4352078515,-3.56479678395,29.0699335048,24.2560688619,21.7792968681
1097,0.0,20.0,20.0,60.0,58.6934965173,-9.45575641646,24.6818228722,23.5421421155,26.6977340208,11.6351519188
1098,0.0,40.0,20.0,60.0,48.8949278198,3.76174191383,-15.8886419053,17.5741068405,17.5088770673,21.5164917481
1099,0.0,70.0,20.0,60.0,50.789331527,-22.6848551702,9.57396058775,14.3887054193,19.0874240787,12.138491744
1100,0.0,100.0,20.0,60.0,38.3359960851,-4.11289287832,-3.52571097619,9.39757961858,10.2775342117,9.47395352152
1101,20.0,0.0,20.0,60.0,39.8367552166,0.0702720705691,10.500769622,10.7640852324,11.152867695,6.50755170107
1102,20.0,20.0,20.0,60.0,36.3117340059,1.31043022145,-2.79696864513,8.99878016518,9.17114121192,8.29320403452
1103,20.0,40.0,20.0,60.0,37.2985900765,4.66674296721,7.59796296777,9.93537801487,9.70003260983,6.1779211866
1104,20.0,70.0,20.0,60.0,35.3372196149,3.37146961508,-1.70520918273,8.74650378417,8.66808305706,7.57344806977
1105,20.0,100.0,20.0,60.0,66.1827712324,21.9307513296,-0.954429621942,41.0621526318,35.5605424778,29.9380813326
1106,40.0,0.0,20.0,60.0,56.1243571069,6.10874492028,-14.3014492438,24.5717011999,24.0365369649,27.4925010078
1107,40.0,20.0,20.0,60.0,77.9711464355,-2.86144992703,30.1181649598,50.1860460432,53.1630156309,23.6681226371
1108,40.0,40.0,20.0,60.0,55.7511575357,5.69094415436,-15.4444734036,24.1034686725,23.6653410517,27.7907436345
1109,40.0,70.0,20.0,60.0,56.7849372383,1.18009553777,4.26301261042,24.0908663526,24.7030494579,18.3751385192
1110,40.0,100.0,20.0,60.0,65.5279122978,-19.3050466377,12.1746291645,28.2578856717,34.717224395,21.8283091927
1111,70.0,0.0,20.0,60.0,67.5729842627,-12.7782984262,-12.5735792279,32.3576864352,37.3958805266,39.6583280886
1112,70.0,20.0,20.0,60.0,48.4557661357,-5.4258333424,-5.51934720838,15.5928348364,17.1558151037,16.3709171888
1113,70.0,40.0,20.0,60.0,78.9593418441,-3.49517409598,33.0863100773,51.5556104761,54.8578926137,22.994001612
1114,70.0,70.0,20.0,60.0,78.4113843562,-4.64185455011,31.82434596,50.2299222737,53.9136989904,23.1619096116
1115,70.0,100.0,20.0,60.0,56.2466729615,32.3526574295,-5.30635980444,31.3378355622,24.1590353219,22.5913103362
1116,100.0,0.0,20.0,60.0,57.2032135501,-21.0350079818,22.0346141857,19.7032915297,25.1313878174,11.661243273
1117,100.0,20.0,20.0,60.0,33.2145938347,2.91210718146,1.61681320783,7.67153122775,7.63673548391,5.94773494563
1118,100.0,40.0,20.0,60.0,70.9506800818,-1.85186057318,46.3243611409,40.0130421964,42.11579294,11.4651601379
1119,100.0,70.0,20.0,60.0,55.1220036431,30.0743210548,6.64809112221,29.4290862054,23.04825135,16.0888127358
1120,100.0,100.0,20.0,60.0,58.1072903671,-20.2498054209,16.7722132051,20.6580779563,26.074070462,14.1050929457
1121,0.0,0.0,40.0,60.0,33.6188330136,1.86591828784,2.52452221467,7.74628423608,7.82646540601,5.90267205666
1122,0.0,20.0,40.0,60.0,71.1090051593,-1.70800011598,40.1194062531,40.2795970846,42.3462730818,13.75335222
1123,0.0,40.0,40.0,60.0,43.5408845398,-5.70025208642,-2.82935358565,12.1903908986,13.5229636001,12.1060963586
1124,0.0,70.0,40.0,60.0,60.4449786575,31.9059587671,7.20405757677,36.4167630387,28.6202170839,19.9502510418
1125,0.0,100.0,40.0,60.0,48.1202204784,-16.0626420462,2.61419661166,13.6085199622,16.8892767964,12.9700308224
1126,20.0,0.0,40.0,60.0,73.4046528749,10.2025634501,13.3871700147,47.7487314533,45.7832265672,28.7637519249
1127,20.0,20.0,40.0,60.0,55.7445681583,-34.3137932481,11.7220952654,16.0312271845,23.658821622,14.4806250888
1128,20.0,40.0,40.0,60.0,58.530020401,-26.0732574168,-19.2158292558,19.8402436859,26.5228233427,33.2430179086
1129,20.0,70.0,40.0,60.0,45.2274642262,1.5455945132,3.80245232801,14.4305583955,14.7049940125,10.8687032596
1130,20.0,100.0,40.0,60.0,68.9276576469,-15.304690435,-6.17809305,33.2920692282,39.2440184125,36.6543963895
1131,40.0,0.0,40.0,60.0,51.8721349746,24.4923014725,17.5015373382,24.5844965217,20.0309046578,10.1658119962
1132,40.0,20.0,40.0,60.0,81.9080128027,-1.40449347455,11.2948244906,57.4047289719,60.1285512818,40.3051683249
1133,40.0,40.0,40.0,60.0,34.9943575055,-0.190714330873,2.71511135898,8.17093348786,8.4955677051,6.38017414773
1134,40.0,70.0,40.0,60.0,39.977912599,10.0709750843,4.10313053486,12.2507651137,11.2376662942,8.13922680032
1135,40.0,100.0,40.0,60.0,35.4331538984,-3.2556406337,3.64698689956,8.04064106249,8.71676827605,6.34086940319
1136,70.0,0.0,40.0,60.0,42.3117686677,4.47302414579,3.67413582894,12.9147995785,12.7026600392,9.37342051673
1137,70.0,20.0,40.0,60.0,37.876302451,-9.07138857277,5.46979254326,8.57263916156,10.0188847127,6.89060180511
1138,70.0,40.0,40.0,60.0,65.051397072,21.3442279735,-0.663651666294,39.2989513769,34.1120286443,28.5489002595
1139,70.0,70.0,40.0,60.0,56.0471526101,6.19232348386,-13.5915152795,24.5137960656,23.9594308489,26.9940628024
1140,70.0,100.0,40.0,60.0,76.7744892243,-2.64709057679,29.5696860006,48.3580521197,51.1577868744,22.8620518712
1141,100.0,0.0,40.0,60.0,54.5898277847,1.08775833862,3.61120732819,21.9640359129,22.5347321003,16.9870467578
1142,100.0,20.0,40.0,60.0,56.490615551,0.635739539656,3.73837728307,23.6771707989,24.4045832089,18.3829536713
1143,100.0,40.0,40.0,60.0,64.8405817209,-17.438405596,11.6379303163,27.9790463698,33.8465433706,21.4992872968
1144,100.0,70.0,40.0,60.0,66.6876997117,-12.270520603,-12.1028652352,31.4422168592,36.2200264988,38.1609600811
1145,100.0,100.0,40.0,60.0,48.0720389889,-5.84956883563,-4.69714741141,15.2387472118,16.8512323611,15.7541113109
1146,0.0,0.0,70.0,60.0,40.0097213549,-1.3317508156,1.0197657316,10.6762688436,11.2568341763,8.99691535262
1147,0.0,20.0,70.0,60.0,81.1195746126,-0.571977312202,5.95157379271,56.3605421767,58.6875996251,43.441426685
1148,0.0,40.0,70.0,60.0,33.6590136772,-0.280425944921,2.70226599254,7.53568053765,7.84549410611,5.87956794647
1149,0.0,70.0,70.0,60.0,51.6773339013,5.14390587611,-18.8113539605,20.1808810657,19.85892599,25.6567954531
1150,0.0,100.0,70.0,60.0,53.8055368236,9.3378084061,20.0224886184,23.0316635158,21.7919275402,10.4168387284
1151,20.0,0.0,70.0,60.0,61.2670905297,23.6231335232,-5.37264409665,35.0028475556,29.553553679,27.4556232139
1152,20.0,20.0,70.0,60.0,33.8319830604,-0.0125631741137,2.40271059721,7.64336422206,7.92776089268,6.00765110846
1153,20.0,40.0,70.0,60.0,50.377441584,1.35418372966,-6.20823162637,18.3252496775,18.7364608466,18.1143869316
1154,20.0,70.0,70.0,60.0,54.2614009651,10.1934398847,16.5550667725,23.665606188,22.2216573972,11.7986062958
1155,20.0,100.0,70.0,60.0,60.1085666632,21.1714886052,8.94466596275,32.8562980297,28.244029826,18.8561643622
1156,40.0,0.0,70.0,60.0,80.7374140907,-3.05611247962,24.6259015211,54.7060396607,57.9975241322,29.6330538615
1157,40.0,20.0,70.0,60.0,52.2503909723,25.458011964,11.2148618826,25.1933868194,20.3676753081,12.4439052987
1158,40.0,40.0,70.0,60.0,67.5774083293,-18.1293555297,6.39742387514,30.8907418875,37.4018196693,26.9299511657
1159,40.0,70.0,70.0,60.0,46.2966664072,0.792675628479,-2.34923567712,15.068538815,15.4888956827,13.637006405
1160,40.0,100.0,70.0,60.0,57.3034921892,-30.0658956622,-7.01750094513,18.027311919,25.23480931,24.4857929897
1161,70.0,0.0,70.0,60.0,38.2387025447,-8.22796326206,1.78394252077,8.85286520688,10.2224244309,7.96101212337
1162,70.0,20.0,70.0,60.0,42.3242947404,3.47361529427,10.2135754233,12.7721412112,12.7108478525,7.60570314393
1163,70.0,40.0,70.0,60.0,36.6094638952,-2.21569468795,0.911788907443,8.7344376948,9.32862555317,7.46730065129
1164,70.0,70.0,70.0,60.0,39.6287800384,8.94940244849,7.99527351427,11.8707326178,11.0287080344,7.00856251839
1165,70.0,100.0,70.0,60.0,35.3127352394,1.15706099378,0.811316511721,8.47832194975,8.65568670616,6.94716029908
1166,100.0,0.0,70.0,60.0,79.9282493527,-4.11806311375,44.2213439693,52.9218215004,56.5542944823,18.3496543396
1167,100.0,20.0,70.0,60.0,53.4042549388,25.915754003,3.1158688064,26.4995804232,21.41826667,16.3274473439
1168,100.0,40.0,70.0,60.0,66.1953272894,-20.7340733652,23.0689454832,28.6290533313,35.576844012,17.2262522006
1169,100.0,70.0,70.0,60.0,46.7146730801,2.59299494633,-9.63348126122,15.6812892044,15.8027809604,16.8436831497
1170,100.0,100.0,70.0,60.0,55.9396943677,-33.1836948564,5.76982752679,16.3785214918,23.8523842799,17.0599646752
1171,0.0,0.0,100.0,60.0,65.0305258142,26.0601127203,-1.72844792394,40.7885931063,34.0856832271,29.1810712871
1172,0.0,20.0,100.0,60.0,67.0040389413,23.099177768,-1.6068289221,42.6234224692,36.6373209273,31.2593428848
1173,0.0,40.0,100.0,60.0,80.0304655187,-4.15111127527,39.8667757294,53.0800357945,56.7352711517,20.4859388354
1174,0.0,70.0,100.0,60.0,80.5787574372,-3.75854652333,32.6945928342,54.1582089634,57.7126309513,24.7165031587
1175,0.0,100.0,100.0,60.0,51.7088590523,0.59500596945,3.79181675431,19.2941782927,19.8866907058,14.8610669608
1176,20.0,0.0,100.0,60.0,58.2081303788,0.395322684358,3.64770099025,25.3396130909,26.1806546709,19.8063589803
1177,20.0,20.0,100.0,60.0,66.3877382703,-16.0064922534,-17.2453506433,30.0838759591,35.8272747549,41.6879491636
1178,20.0,40.0,100.0,60.0,68.8153848907,-13.450791907,-14.0508477147,33.6836783982,39.0885845253,42.4709262812
1179,20.0,70.0,100.0,60.0,79.4928573663,1.13552293454,4.2113144638,54.2423259433,55.7877310085,42.5881038718
1180,20.0,100.0,100.0,60.0,65.3884078064,-17.7690470258,12.2212770057,28.4971451094,34.5393125858,21.6821657782
1181,40.0,0.0,100.0,60.0,67.8801076445,13.263322005,-4.46858435338,40.6212111934,37.8096772103,34.1790387447
1182,40.0,20.0,100.0,60.0,49.0167131038,-2.96776892978,11.6182320736,16.4452417381,17.6076364514,10.4628995465
1183,40.0,40.0,100.0,60.0,56.9595438578,-3.92820557857,-19.5680680742,23.1049833758,24.8812596115,31.6779607965
1184,40.0,70.0,100.0,60.0,58.5619292867,19.8265166679,29.0616001828,30.646527887,26.5569039502,10.157866445
1185,40.0,100.0,100.0,60.0,65.8968933598,11.4455913476,12.7768247403,37.3432468562,35.1907332058,21.8456443966
1186,70.0,0.0,100.0,60.0,49.5802424698,-2.15680205451,7.41749557395,17.0284912232,18.0694563584,12.1632829448
1187,70.0,20.0,100.0,60.0,55.3391427638,-7.81944725779,-3.91590214316,20.7615524756,23.259998989,21.0839497952
1188,70.0,40.0,100.0,60.0,58.8156619172,19.6107951334,25.0420391418,30.8837002301,26.8289453114,11.5850666712
1189,70.0,70.0,100.0,60.0,51.372424139,-23.337909651,1.40706242,14.6936278026,19.5917195113,15.5848670129
1190,70.0,100.0,100.0,60.0,47.8940167159,-0.390065663953,-9.19368996255,16.0461260519,16.7111603109,17.5367646281
1191,100.0,0.0,100.0,60.0,59.9880136662,-9.18297896702,15.5779435452,24.8897861163,28.1100299804,15.8650483191
1192,100.0,20.0,100.0,60.0,56.2382519477,20.7005263443,4.53663893434,28.2486803826,24.1505884336,17.8276384103
1193,100.0,40.0,100.0,60.0,71.450329108,9.13661649343,34.5867568066,44.3940048918,42.8460092291,16.177879919
1194,100.0,70.0,100.0,60.0,35.8675822083,1.65239848834,1.42555630473,8.81289390716,8.93951678584,7.02888483766
1195,100.0,100.0,100.0,60.0,38.088226038,6.22955113407,5.52907216337,10.5803726572,10.137578868,6.96323868386
1196,0.0,0.0,0.0,80.0,36.8072129735,-1.15996643703,1.80344940665,8.95899633923,9.43421509759,7.33074918238
1197,0.0,40.0,0.0,80.0,40.1805750218,0.675466893507,7.26983687346,11.046481118,11.3601632477,7.41727720627
1198,0.0,70.0,0.0,80.0,38.2385464709,-6.42056152601,2.95651756563,9.06730775396,10.222336185,7.65953883556
1199,0.0,100.0,0.0,80.0,52.8286335155,-19.1213258847,-8.20697765468,16.4946014616,20.8897611582,21.0653214287
1200,40.0,0.0,0.0,80.0,47.8716236905,-2.67401259897,0.100614343859,15.6330474775,16.6935961169,13.7362437211
1201,40.0,40.0,0.0,80.0,60.790212503,-6.86842327587,2.89830669475,26.268378272,29.0097269166,22.3982639093
1202,40.0,70.0,0.0,80.0,55.8243581396,18.09685406,15.3861483457,27.1436545677,23.7378451852,13.1551286637
1203,40.0,100.0,0.0,80.0,72.6814085076,8.92424755678,18.7706669444,46.1745298687,44.681092057,24.8874506491
1204,70.0,0.0,0.0,80.0,79.5406890395,-4.31497072614,46.3425290646,52.2008712284,55.871604004,17.1113711499
1205,70.0,40.0,0.0,80.0,81.1335595813,-3.02449403172,25.5176670387,55.3985135511,58.7129558656,29.5027032553
1206,70.0,70.0,0.0,80.0,46.3195634518,0.757898867171,3.60058403704,15.0792702442,15.5059807206,11.5504824323
1207,70.0,100.0,0.0,80.0,65.1239266127,0.148927979559,3.57910733083,33.0246278335,34.2036869444,26.1100937987
1208,100.0,0.0,0.0,80.0,63.6611875734,-18.4578560972,-20.5507650947,26.4598124302,32.3866748997,40.601861111
1209,100.0,40.0,0.0,80.0,72.605311477,-9.97538582771,-9.14797082062,39.6947516633,44.5661689277,43.781063205
1210,100.0,70.0,0.0,80.0,63.2779345796,29.3305492706,-2.26835826563,39.4078473535,31.9214796048,27.6717371403
1211,100.0,100.0,0.0,80.0,71.0293822637,16.5253473271,-0.657284911173,46.344823857,42.2302580321,35.3042880493
1212,0.0,0.0,40.0,80.0,79.6942563174,-4.71815576245,32.8119116508,52.3003699047,56.1414528638,23.8176209497
1213,0.0,40.0,40.0,80.0,79.382400852,-1.35662273002,32.4384932055,53.0804657336,55.5943659702,23.7289337777
1214,0.0,70.0,40.0,80.0,35.0559893647,-4.97113526311,3.40444163046,7.677291268,8.52640821772,6.25008925079
1215,0.0,100.0,40.0,80.0,46.7056733222,5.2195579655,0.69263235905,16.1316007979,15.7959786865,12.7844401347
1216,40.0,0.0,40.0,80.0,65.1133264037,-10.4319143536,36.1604393238,30.1055511786,34.1902808309,11.4982354417
1217,40.0,40.0,40.0,80.0,54.5767912179,29.1314980975,15.3525832079,28.5739022708,22.5222492272,12.3995330059
1218,40.0,70.0,40.0,80.0,34.1771758709,-4.32648449704,2.74133236363,7.34560885513,8.0936547526,6.06318390826
1219,40.0,100.0,40.0,80.0,47.2059887235,5.98687106533,-3.98447618593,16.6506735445,16.1771018695,14.8660897693
1220,70.0,0.0,40.0,80.0,65.596353213,-10.136023664,30.2836744986,30.7431598014,34.8047308857,13.877863805
1221,70.0,40.0,40.0,80.0,54.5990771927,29.6872800481,10.5285104951,28.7418570891,22.5435914609,14.179584643
1222,70.0,70.0,40.0,80.0,66.3443304536,19.4886723893,15.2609157993,40.4931217957,35.7706753907,20.9832597421
1223,70.0,100.0,40.0,80.0,60.2822042618,9.39296067281,19.9753242614,29.8403513083,28.4377828934,14.3145509133
1224,100.0,0.0,40.0,80.0,56.3508500153,1.21563569676,-0.264211205391,23.6720572076,24.2636954226,20.1475668478
1225,100.0,40.0,40.0,80.0,50.5595352752,-10.4140117095,2.92302154911,16.3039899503,18.8910838353,14.4261317555
1226,100.0,70.0,40.0,80.0,49.6304638885,-12.1306419993,-10.2263657153,15.312648003,18.1110009831,19.3721582713
1227,100.0,100.0,40.0,80.0,40.4715116199,-5.32852367686,6.00344089042,10.4108518111,11.5375679383,7.86511175395
1228,0.0,0.0,70.0,80.0,38.7656652664,-1.48542451431,4.64785333153,9.95719300073,10.5232802205,7.46269223372
1229,0.0,40.0,70.0,80.0,37.5686326912,0.72349864908,3.81393607545,9.58614517792,9.84821942722,7.16015724271
1230,0.0,70.0,70.0,80.0,36.8157780414,2.74760864027,3.54865055103,9.43534853095,9.43880639082,6.91253384199
1231,0.0,100.0,70.0,80.0,36.0948467201,3.66808206941,3.34627305518,9.16920798331,9.05754136131,6.66886591736
1232,40.0,0.0,70.0,80.0,64.7201276493,20.152646693,28.4301433337,38.4717414111,33.6954726281,14.007540336
1233,40.0,40.0,70.0,80.0,61.2006678957,10.9354300423,7.85221809371,31.3203901793,29.4774020663,20.266418259
1234,40.0,70.0,70.0,80.0,54.8935684511,-0.787134764589,11.3313315552,21.8421973432,22.8268793869,14.0669981281
1235,40.0,100.0,70.0,80.0,51.6140530265,-9.30605077914,-7.32677684686,17.3246996297,19.8032715138,19.6183127048
1236,70.0,0.0,70.0,80.0,49.0408564663,-16.386023334,-0.758978273893,14.1881863905,17.6272590411,14.8416512468
1237,70.0,40.0,70.0,80.0,79.3444777365,-4.2450047023,51.4427408741,51.9033072152,55.5280809928,14.8597621582
1238,70.0,70.0,70.0,80.0,81.1733273215,-2.56391925904,22.3651325006,55.651592105,58.7850989328,31.5569707832
1239,70.0,100.0,70.0,80.0,41.7159167712,0.943531832021,3.6252385094,12.0131016342,12.3172236651,9.09223255364
1240,100.0,0.0,70.0,80.0,67.9151706215,0.0399439195443,3.53063495918,36.5175448095,37.857111845,29.0046796585
1241,100.0,40.0,70.0,80.0,61.8886180909,-20.2915889767,-22.9924145611,24.2120034474,30.2724818951,40.1296615646
1242,100.0,70.0,70.0,80.0,74.3360401101,-8.24530866207,-6.82995401902,42.7104238918,47.2290467667,44.3235342675
1243,100.0,100.0,70.0,80.0,62.721682851,30.6240844148,-2.37948599777,39.0571014862,31.2542542607,27.1682471774
1244,0.0,0.0,100.0,80.0,73.0661520624,13.1884474973,-0.242157957762,48.3037763693,45.2651643777,37.5254627879
1245,0.0,40.0,100.0,80.0,80.0907982163,-1.4343795692,4.31918842803,54.2452548365,56.8422729123,43.3274459108
1246,0.0,70.0,100.0,80.0,67.6066077829,-13.5501931831,-11.7435126842,32.1828361952,37.4410346072,39.0748662197
1247,0.0,100.0,100.0,80.0,59.9412926366,35.2813399421,-2.53536050231,36.7820303189,28.0582117207,24.5220384341
1248,40.0,0.0,100.0,80.0,35.1766104722,-4.70725821622,4.12554156257,7.76152338775,8.58698268723,6.1370805647
1249,40.0,40.0,100.0,80.0,52.2903808463,14.316775027,-15.7696219085,22.6877456094,20.4034983161,24.5457659465
1250,40.0,70.0,100.0,80.0,74.4657580369,1.96698079544,53.4209217528,46.4349081686,47.4327945348,11.1245763587
1251,40.0,100.0,100.0,80.0,58.5690644975,33.8262032673,10.1645284509,34.5845879372,26.5645287761,17.1200570052
1252,70.0,0.0,100.0,80.0,35.1103323877,-4.11882716986,3.53031156467,7.79422319484,8.55366324658,6.24296280916
1253,70.0,40.0,100.0,80.0,50.9285717637,10.8133843454,-3.12644932611,20.6830363487,19.2070516599,17.1711693552
1254,70.0,70.0,100.0,80.0,74.9537865432,2.06889862317,45.8801492447,47.2232798575,48.2045890332,14.0813740337
1255,70.0,100.0,100.0,80.0,46.230503406,-10.7273064218,-3.75158538,13.1725686831,15.439597516,14.1228576109
1256,100.0,0.0,100.0,80.0,55.8865756689,-16.6232409109,-6.01161035588,19.450794883,23.7995870449,22.6353804931
1257,100.0,40.0,100.0,80.0,51.3807861202,6.50262172848,7.34082469287,20.1973016558,19.5990153416,13.2953618049
1258,100.0,70.0,100.0,80.0,67.4622873689,0.842707054899,11.432013313,36.1705821643,37.2474787265,23.9748944028
1259,100.0,100.0,100.0,80.0,59.622929474,29.293696905,22.5601008981,34.5875130553,27.7068097971,12.9291056597
1260,0.0,0.0,0.0,100.0,37.4928675713,6.60956744567,5.50523079509,10.2931163986,9.80649183434,6.72720542742
1261,0.0,40.0,0.0,100.0,35.5795010157,0.343491169376,1.50754200616,8.51685107187,8.79138787677,6.89113340544
1262,0.0,100.0,0.0,100.0,38.4926908588,3.01554874741,6.08745377227,10.3865588542,10.3667062895,6.99638348579
1263,40.0,0.0,0.0,100.0,37.0706807899,-3.85281852928,2.01220545451,8.7754469336,9.57612946012,7.39141397327
1264,40.0,40.0,0.0,100.0,41.4767844558,-2.74334601882,8.61621103247,11.3450387113,12.1647565744,7.64013758953
1265,40.0,100.0,0.0,100.0,47.1935222629,-6.59595438631,-11.2248626819,14.4849070701,16.1675316643,17.9022275285
1266,100.0,0.0,0.0,100.0,54.7664028853,-19.0564059267,7.43956378554,18.0412683633,22.7042622307,15.5113123431
1267,100.0,40.0,0.0,100.0,52.3943866458,8.07293861446,-2.06751579255,21.4336535395,20.4968635465,17.8173017563
1268,100.0,100.0,0.0,100.0,66.0020460411,-1.20902055669,26.6917850792,33.7167798081,35.3264582503,15.5599301144
1269,0.0,0.0,40.0,100.0,61.7617179228,27.6049406627,12.0671577419,36.8338663791,30.1247583524,18.7305034694
1270,0.0,40.0,40.0,100.0,79.1567583524,-4.55978421504,53.3303081335,51.4742148977,55.2007462124,14.0039652656
1271,0.0,100.0,40.0,100.0,80.9927755348,-2.31869349272,18.513162829,55.4380962851,58.4580324512,33.9226687627
1272,40.0,0.0,40.0,100.0,39.3040284935,1.11835373795,3.78724989854,10.5975316048,10.8366821479,7.9177309461
1273,40.0,40.0,40.0,100.0,70.6854645768,0.0147778158527,3.81283997461,40.2463614926,41.7315845783,31.8643077693
1274,40.0,100.0,40.0,100.0,61.1732800258,-21.0220691926,-23.6923966686,23.3443584224,29.446040801,39.7227959617
1275,100.0,0.0,40.0,100.0,75.6557820821,-6.89544631234,-4.92053025967,45.1205898717,49.329377484,44.6235433711
1276,100.0,40.0,40.0,100.0,62.6641892566,31.1598757416,-2.82742263461,39.148382292,31.1858255643,27.3746205723
1277,100.0,100.0,40.0,100.0,74.656730039,10.9653557937,0.576004932991,50.0142396558,47.7338190799,38.951574214
1278,0.0,0.0,100.0,100.0,65.5433227143,18.0177877549,19.9649236058,38.9166248152,34.736914879,18.1030910008
1279,0.0,40.0,100.0,100.0,67.7314000367,21.4345741586,-0.186254381857,43.1190430827,37.6089398253,31.1515711419
1280,0.0,100.0,100.0,100.0,48.4926696631,-9.11746160522,8.24212034692,14.9940324242,17.1852991676,11.2544720981
1281,40.0,0.0,100.0,100.0,65.8921928062,8.4450362498,-7.46279545598,36.4223401952,35.1846741322,33.8819485251
1282,40.0,40.0,100.0,100.0,34.0548300581,0.70594595558,4.19289902331,7.82402631629,8.0345952934,5.70931344973
1283,40.0,100.0,100.0,100.0,55.39503768,-7.86390016547,-22.4859024498,20.8024141781,23.3147151475,31.8222792678
1284,100.0,0.0,100.0,100.0,48.7620339621,-8.29413689319,4.94684568524,15.3284784134,17.4015315192,12.5330499105
1285,100.0,40.0,100.0,100.0,64.3122046958,5.57802052477,8.93417357573,33.5743336232,33.1872049012,22.4172258908
1286,100.0,100.0,100.0,100.0,34.467970398,1.11839301333,4.14009184236,8.06426939165,8.23518862966,5.87040989975
1287,100.0,0.0,0.0,0.0,53.4068238873,-13.3353171596,-7.10095397081,18.0149422732,21.4206451031,21.0110049664
1288,98.0,0.0,0.0,0.0,57.6760828843,35.1002666323,9.62413848675,33.8379654877,25.6215627683,16.6902622568
1289,95.0,0.0,0.0,0.0,73.0163244476,-12.2625036886,33.8870663814,39.5299308938,45.1892367591,17.6399193082
1290,90.0,0.0,0.0,0.0,50.2839970028,12.0855386595,-3.85381896937,20.3723502279,18.6574419621,17.0048232163
1291,85.0,0.0,0.0,0.0,58.6479204077,-29.0870264252,10.9553858653,19.3392843585,26.6488929593,16.8375466648
1292,80.0,0.0,0.0,0.0,45.6900650907,-3.66079019673,-11.8781643287,13.9129806473,15.0408270601,17.0496745358
1293,75.0,0.0,0.0,0.0,43.6078669033,-0.645451134918,11.5656267319,12.9858332091,13.5686541938,7.82523188674
1294,70.0,0.0,0.0,0.0,36.4134341007,-4.5589925034,0.87425194182,8.36764843643,9.22473456415,7.39259587475
1295,60.0,0.0,0.0,0.0,39.5596016981,5.15133045339,8.55799400024,11.2938492605,10.9876142338,6.84672204079
1296,50.0,0.0,0.0,0.0,35.0981457802,-1.24666921289,0.453460367881,8.10319154118,8.54754616935,6.94427773757
1297,40.0,0.0,0.0,0.0,38.4483891091,8.49068530579,7.44814825925,11.0941639326,10.3414429039,6.65868103121
1298,30.0,0.0,0.0,0.0,57.2394139327,33.0240764469,19.6959576905,32.7113084423,25.168690107,12.486267909
1299,25.0,0.0,0.0,0.0,73.9181251972,-10.4824500521,16.6368502906,41.3670797435,46.57659778,27.3384932294
1300,20.0,0.0,0.0,0.0,49.0829978331,9.17615366437,5.39225318675,18.7574630857,17.6615444842,12.5711338651
1301,15.0,0.0,0.0,0.0,59.6275435279,-26.492446798,-3.37660144241,20.7223965876,27.7118816126,24.6879292526
1302,10.0,0.0,0.0,0.0,45.4922890711,-8.4710141349,-4.01815780486,13.0310238972,14.896629371,13.7424138376
1303,7.0,0.0,0.0,0.0,36.6196584789,1.21839988368,3.6860852247,9.14661891494,9.33404966567,6.80045085573
1304,5.0,0.0,0.0,0.0,73.3405333866,-0.076511743579,3.71033880534,44.0273944172,45.6847923547,35.0358946124
1305,3.0,0.0,0.0,0.0,59.6458819153,-22.0233774881,-25.4608478784,21.6808947535,27.7320454748,39.0688101016
1306,2.0,0.0,0.0,0.0,76.9061834099,-5.46788099299,-3.38604980979,47.5398567859,51.375953026,45.135994023
1307,0.0,100.0,0.0,0.0,61.7885504988,31.6738804107,-3.29028723552,38.1232228898,30.1559537983,26.7583671199
1308,0.0,98.0,0.0,0.0,76.4300704145,7.6397152616,1.14804533572,51.6444100829,50.5901403185,40.8465093672
1309,0.0,95.0,0.0,0.0,79.035860667,-4.63339678415,55.451186381,51.2481191142,54.9906139878,13.1386846848
1310,0.0,90.0,0.0,0.0,81.2332077855,-1.95193227591,15.5031127954,56.0012788671,58.8938401491,36.3205357774
1311,0.0,85.0,0.0,0.0,56.6429741248,0.256714235953,4.6396908721,23.7402264626,24.5587852875,18.0939998419
1312,0.0,80.0,0.0,0.0,80.1758803779,0.206779508075,3.69813325186,55.0407678281,56.9933970678,43.9488681549
1313,0.0,75.0,0.0,0.0,71.4540387791,15.8225900682,-0.629160950578,46.7462906976,42.8514620849,35.801382216
1314,0.0,70.0,0.0,0.0,52.7452292739,0.478049869334,16.6464727761,20.1680640107,20.8139125966,10.9064415649
1315,0.0,60.0,0.0,0.0,33.9098297994,1.24251443776,0.497718618165,7.81444092215,7.96497283367,6.4585584758
1316,0.0,50.0,0.0,0.0,61.6233157991,22.9494310035,34.96381566,35.2571717593,29.9641942197,9.96795045653
1317,0.0,40.0,0.0,0.0,69.8668132762,14.2362595317,17.7841669095,43.8013080032,40.5603850093,22.7967468872
1318,0.0,30.0,0.0,0.0,52.471534734,1.08159449991,12.111778745,20.0508335473,20.566302499,12.2639620791
1319,0.0,25.0,0.0,0.0,33.5073236798,-0.401565836875,1.96096966037,7.45401931722,7.77381821114,5.98221835606
1320,0.0,20.0,0.0,0.0,62.0897439908,23.228911167,30.1690978768,35.9389716609,30.507599012,11.7590909583
1321,0.0,15.0,0.0,0.0,38.326069011,9.6686946536,3.87165824189,11.1834681436,10.2719021881,7.46724942263
1322,0.0,10.0,0.0,0.0,34.5739513068,-2.93346387689,2.77350982317,7.67300057137,8.28717844669,6.20584202932
1323,0.0,7.0,0.0,0.0,40.2298589875,6.215125455,3.77448668325,11.8502101006,11.3900863225,8.34251307495
1324,0.0,5.0,0.0,0.0,35.9431526932,-6.48010689363,3.67481996667,7.9278512,8.97864807109,6.53327031068
1325,0.0,3.0,0.0,0.0,44.6310694875,0.859664068971,3.75848040844,13.9059498182,14.2794578597,10.5563611893
1326,0.0,2.0,0.0,0.0,44.3531734436,-10.249169882,2.37950285988,12.03834401,14.0840112929,10.8416671692
1327,0.0,0.0,100.0,0.0,60.9666972432,-22.5822257713,-15.5842055377,22.7979359768,29.2102036282,33.6290244701
1328,0.0,0.0,98.0,0.0,48.9890369004,8.35416400764,11.9424452069,18.5201405124,17.5851604558,10.3471420481
1329,0.0,0.0,95.0,0.0,75.0242426896,-8.52646624968,2.47443851006,43.6195316607,48.3166989727,38.0101954699
1330,0.0,0.0,90.0,0.0,56.4734818824,32.3679196265,27.6123789129,31.6101605685,24.3872827122,9.51302158155
1331,0.0,0.0,85.0,0.0,58.5599671785,33.8763407969,5.97356168205,34.5877788071,26.5548074588,18.9958066797
1332,0.0,0.0,80.0,0.0,45.8120110905,-12.6917647844,1.71025562706,12.6026974009,15.1301994791,11.8925677793
1333,0.0,0.0,75.0,0.0,66.938541635,19.4543840514,10.3119539754,41.3185312642,36.5506593805,24.0929361114
1334,0.0,0.0,70.0,0.0,50.9259758723,-26.1714646801,7.49797383619,13.9221990945,19.2048168527,12.953359037
1335,0.0,0.0,60.0,0.0,80.9699231346,-2.47679051951,18.296703589,55.3355121977,58.416722417,34.0439763973
1336,0.0,0.0,50.0,0.0,35.070203984,1.22307336656,3.46244462121,8.36677309792,8.53353177333,6.24267056764
1337,0.0,0.0,40.0,0.0,75.9415056218,-0.204029746787,3.53017800619,47.9402330159,49.7921485421,38.3996435713
1338,0.0,0.0,30.0,0.0,58.4039778485,-22.5347564808,-26.9563784423,20.4503608922,26.3884873818,38.5853427087
1339,0.0,0.0,25.0,0.0,78.4288431642,-4.08056284467,-1.17842970875,50.4687286299,53.943614122,45.4826266371
1340,0.0,0.0,20.0,0.0,61.8276857127,32.6588984583,-3.41814893486,38.4839179789,30.2014908418,26.8726463531
1341,0.0,0.0,15.0,0.0,78.1114176656,4.82499969386,1.63465484661,53.3542218984,53.4014413248,42.743480456
1342,0.0,0.0,10.0,0.0,79.0830572921,-4.43701896595,57.709069756,51.400042256,55.0725828519,12.3630796132
1343,0.0,0.0,7.0,0.0,81.8550570306,-1.54269558093,12.0751156004,57.254817704,60.0310383657,39.6397771828
1344,0.0,0.0,5.0,0.0,79.5498552334,-0.78782877848,2.50987015007,53.583576006,55.8876865473,44.0374986461
1345,0.0,0.0,3.0,0.0,68.080009658,-14.5796674236,-12.9422442688,32.4651135654,38.0806445876,40.6096822353
1346,0.0,0.0,2.0,0.0,54.3875585371,-26.3141886541,17.5885762327,16.410352405,22.3415724717,11.5245897521
1347,0.0,0.0,0.0,100.0,33.3856216826,2.92639088341,2.43557520935,7.75223726036,7.71662877115,5.83613530099
1348,0.0,0.0,0.0,98.0,67.8955542695,-7.40429078327,42.1396781251,34.2846034217,37.8305691527,11.1093879479
1349,0.0,0.0,0.0,95.0,48.4577892783,1.97688388534,-22.8227991214,16.9005198453,17.1574306186,24.792165888
1350,0.0,0.0,0.0,90.0,54.7361148624,-26.2687711074,12.9073284117,16.6869040414,22.6751224311,13.3756174115
1351,0.0,0.0,0.0,85.0,33.9586207766,1.89984002038,3.29707514522,7.908824313,7.98835493136,5.86293871085
1352,0.0,0.0,0.0,80.0,67.9226376246,-6.99833190176,35.8787210544,34.436603984,37.8672186345,13.2889629307
1353,0.0,0.0,0.0,75.0,47.5669487473,-3.24449793958,-9.93143531015,15.3112368275,16.4558427599,17.6135002435
1354,0.0,0.0,0.0,70.0,40.2167312021,-3.96058869494,11.8981529572,10.4462777866,11.3821105759,6.34005982007
1355,0.0,0.0,0.0,60.0,36.1759381353,-1.60823570556,-3.4988798314,8.58809116117,9.09990444329,8.41899053327
1356,0.0,0.0,0.0,50.0,37.9051943591,1.26933885006,8.58239512008,9.83617943121,10.035011652,6.1914389378
1357,0.0,0.0,0.0,40.0,35.3997364541,1.3556064291,-2.78873900284,8.54410584484,8.69978878652,7.87744771789
1358,0.0,0.0,0.0,30.0,37.0547706579,4.28326212957,7.14428258131,9.75409287554,9.56751951893,6.18524603664
1359,0.0,0.0,0.0,25.0,62.3043681568,29.3925660127,2.56441980914,38.105161174,30.7598349633,23.9611218674
1360,0.0,0.0,0.0,20.0,64.8505294373,-2.2095258809,36.6787059113,32.0330279597,33.8590397149,11.1781082096
1361,0.0,0.0,0.0,15.0,54.0056840861,8.52348746138,-11.2156994908,23.0424413133,21.9799117207,23.6757146536
1362,0.0,0.0,0.0,10.0,53.2465863451,-21.9192385003,15.0588215736,16.3175962678,21.2726276676,11.7130414291
1363,0.0,0.0,0.0,7.0,47.6692166501,-5.77422005877,-20.441389621,14.959573816,16.5353941702,22.7725195931
1364,0.0,0.0,0.0,5.0,71.3134375831,-13.0261827598,40.7413203021,36.9986164534,42.6451153342,13.6525959337
1365,0.0,0.0,0.0,3.0,54.854846712,-16.4486266298,-11.6033315902,18.6129098329,22.7894960053,24.6867901137
1366,0.0,0.0,0.0,2.0,59.2962509292,6.88847913556,25.7718028264,28.0879483706,27.3492921674,11.6181439954
1367,0.0,0.0,0.0,0.0,49.4955655517,-4.95382232477,-13.6082113611,16.4591180575,17.9995530892,20.8937322235
1368,100.0,85.0,85.0,0.0,53.1746121582,18.8000898518,17.1281476005,24.5663360359,21.2063649395,10.9897166151
1369,80.0,65.0,65.0,0.0,34.0679388245,1.28934896035,3.37534097698,7.89362074852,8.04090944237,5.88637113493
1370,60.0,45.0,45.0,0.0,77.8387762188,-0.291103854706,3.50845251092,50.938391929,52.9386714986,40.8995060787
1371,40.0,27.0,27.0,0.0,57.6335734774,-22.7082258193,-27.4637758388,19.7398004573,25.5772391929,37.9764695465
1372,20.0,12.0,12.0,0.0,79.4912020062,-3.15921987576,-0.00207772412264,52.5638933177,55.7848298328,46.030062472
1373,10.0,6.0,6.0,0.0,60.6585215975,33.6899484697,-3.88331367113,37.2404160363,28.8607325644,25.9743745956
1374,5.0,3.0,3.0,0.0,79.3514670881,3.13933400071,1.83911495236,54.7939264315,55.5402935637,44.305722581
1375,40.0,27.0,27.0,10.0,78.6394307191,-4.50476290808,58.2815520146,50.6506253284,54.305321607,11.9019957693
1376,20.0,12.0,12.0,10.0,81.8199111546,-1.24680515483,9.37469238131,57.3138574527,59.9663788845,41.6778624774
1377,10.0,6.0,6.0,10.0,76.1722975052,-1.30319665735,2.72701865436,47.9023451111,50.1680558359,39.2993017424
1378,60.0,45.0,45.0,20.0,81.1937957972,-1.72756846938,4.23566804324,56.0232245962,58.8222540308,44.9464520858
1379,40.0,27.0,27.0,20.0,35.3547192378,5.33769488954,5.39494486561,8.98714361758,8.67695030181,5.92883473362
1380,20.0,12.0,12.0,20.0,59.2145964438,-28.2704952229,25.2761024787,19.9925751223,27.2604123843,11.7374399782
1381,10.0,6.0,6.0,20.0,51.5543317273,3.13803473003,-20.8717902955,19.6680697719,19.7508430879,26.7211693305
1382,80.0,65.0,65.0,40.0,36.7026558964,-1.05857034091,7.85164953622,8.91760598654,9.37828738745,5.90049866989
1383,60.0,45.0,45.0,40.0,34.8632870235,4.34923414535,5.94546303633,8.62269453627,8.43022762095,5.63482024324
1384,40.0,27.0,27.0,40.0,59.4265078268,-27.3780033396,19.4108927524,20.3608248835,27.4914745551,13.9667194773
1385,20.0,12.0,12.0,40.0,49.9496559755,-1.20140604971,-6.70992192385,17.4966839534,18.3765353999,18.0083553011
1386,10.0,6.0,6.0,40.0,36.9384486209,-0.804330048662,8.01903009467,9.06878674667,9.50472732829,5.95164211866
1387,100.0,85.0,85.0,60.0,36.0751196409,3.7910508561,-0.876312814551,9.1737815915,9.04725563091,7.68564931656
1388,80.0,65.0,65.0,60.0,36.1653708918,-0.0345818275925,5.27916543619,8.76562228612,9.09437652553,6.25851349431
1389,60.0,45.0,45.0,60.0,37.091351116,1.83792540778,-1.15933414911,9.46955970707,9.5873231449,8.21493369556
1390,40.0,27.0,27.0,60.0,38.3476966801,-3.84853478383,7.18942975631,9.43620291051,10.284175067,6.67837193667
1391,20.0,12.0,12.0,60.0,39.4858813752,-2.93786470673,-1.85178395839,10.1690429098,10.9439348621,9.56447884701
1392,10.0,6.0,6.0,60.0,47.5340164737,-19.9560151864,6.26277564203,12.626282483,16.4302800602,11.3618866899
1393,100.0,85.0,85.0,80.0,51.9204179738,-7.68740844616,-18.225346009,17.8718095668,20.0736839368,25.562104039
1394,80.0,65.0,65.0,80.0,54.8267270367,-4.94646970263,20.1994012692,20.8999241904,22.7623738406,10.9179625225
1395,60.0,45.0,45.0,80.0,63.3037108502,9.4528241723,-3.1665901223,33.4393154539,31.9526263895,28.2387456105
1396,40.0,27.0,27.0,80.0,65.1193065562,16.7456525161,39.3385869027,37.9453799958,34.1978435154,10.4762558945
1397,20.0,12.0,12.0,80.0,50.7976361992,9.2768618068,-7.9475244033,20.2505382814,19.0945450293,19.2469119856
1398,10.0,6.0,6.0,80.0,51.027869841,0.696500943648,12.1011984027,18.7387089726,19.2926677558,11.4232059143
1399,100.0,85.0,85.0,100.0,56.3996303307,-1.50775179339,-6.18269687283,23.1065532596,24.3128056498,23.1915000034
1400,80.0,65.0,65.0,100.0,58.011850089,-14.6339031108,20.7892719092,21.7550491088,25.9734603995,12.5702703561
1401,60.0,45.0,45.0,100.0,65.7972538699,-18.6250691723,-2.07455992573,28.7304099327,35.0624454674,30.2257541956
1402,40.0,27.0,27.0,100.0,57.0419799161,-23.0298430284,-28.0492793452,19.16832203,24.9656939949,37.6568083233
1403,20.0,12.0,12.0,100.0,80.2942694975,-2.4149258107,1.26200338304,54.2044520718,57.2041268461,46.1312185097
1404,10.0,6.0,6.0,100.0,60.7348769646,33.0092971809,-3.81290045475,37.1326592026,28.9470582906,26.0094615375
1405,100.0,0.0,0.0,70.0,80.0882050027,2.15870532942,2.14584288926,55.6697913456,56.8376710092,45.098215155
1406,0.0,100.0,0.0,70.0,78.3808279985,-4.83861025803,59.4461811331,50.106990825,53.8613682312,11.3621349812
1407,0.0,0.0,100.0,70.0,81.5959100224,-1.21007158417,6.92350184359,56.9348177149,59.5553643845,43.3199601365
1408,100.0,100.0,0.0,70.0,34.1864576976,1.27065208494,3.40287923616,7.94742661186,8.09814710176,5.92409171356
1409,100.0,0.0,100.0,70.0,79.3230922058,-0.363707119885,3.55187604583,53.3674920667,55.4907249389,42.8808359532
1410,0.0,100.0,100.0,70.0,70.469431444,-2.68844890535,1.56808368647,39.0833752269,41.4203574564,33.1090332713
1411,40.0,40.0,0.0,70.0,67.4961202442,19.5820800897,-2.76790570405,42.1564434512,37.2927938113,32.5796768311
1412,40.0,0.0,40.0,70.0,47.6053710682,-19.8656773553,7.32239259463,12.6857381842,16.4857004421,11.0555724507
1413,0.0,40.0,40.0,70.0,33.8505442216,1.78398244011,1.34063713886,7.84546139767,7.93662286778,6.24686608272
1414,3.0,3.0,0.0,0.0,56.8317576851,0.617169396963,25.6095656406,24.0080844013,24.7507524043,10.3021873196
1415,3.0,0.0,3.0,0.0,53.5791635347,-15.307802624,-27.1692627503,17.7834415668,21.5806063394,32.8512791512
1416,0.0,3.0,3.0,0.0,47.9537912687,-18.6100173953,3.61974865835,13.1029054859,16.7581054073,12.5096601532
1417,3.0,3.0,3.0,0.0,34.1865277497,0.433645467055,3.06184924492,7.85609801093,8.09818101287,5.99732968043
1418,3.0,0.0,0.0,3.0,57.5703133661,0.945818955764,21.1066621865,24.8212844483,25.511374021,12.1932925209
1419,0.0,3.0,0.0,3.0,52.3795718212,-21.2549184696,-9.44814964489,15.779706003,20.4835470296,21.2987495874
1420,3.0,3.0,0.0,3.0,37.1353848084,-8.74977292919,5.25543559034,8.24589087538,9.61119796453,6.6422641299
1421,0.0,0.0,3.0,3.0,40.2451905737,1.6730586275,0.830974650605,11.221548264,11.3994056972,9.16597559559
1422,3.0,0.0,3.0,3.0,35.8251860844,-4.0869730268,3.53120083592,8.13581285627,8.91761344251,6.51963891213
1423,0.0,3.0,3.0,3.0,38.5058630326,5.77366220484,0.703749775625,10.7596307006,10.374225742,8.36895360805
1424,3.0,3.0,3.0,3.0,35.3064539687,-2.22375309174,2.91264682442,8.09440305453,8.65250842757,6.45698336514
1425,7.0,7.0,0.0,0.0,74.2846518806,9.02412882003,7.81627751752,48.7018479995,47.148492979,33.3315743127
1426,7.0,0.0,7.0,0.0,55.4497449551,14.1442317155,23.7496657117,25.7835217473,23.3683517382,10.1413663127
1427,0.0,7.0,7.0,0.0,62.0735473965,-7.29575621627,-9.37523253124,27.5290428045,30.488620205,30.7871110375
1428,7.0,7.0,7.0,0.0,47.0497890362,-11.326251206,7.07571446374,13.6277347224,16.0574635785,10.8266797482
1429,7.0,0.0,0.0,7.0,52.716920164,-18.1426745785,-21.1327784276,16.5833910299,20.7882098357,28.0653667772
1430,0.0,7.0,0.0,7.0,56.1196946771,-31.4371595566,14.841965909,16.8302057993,24.0318757896,13.5421982061
1431,7.0,7.0,0.0,7.0,67.0893766965,-0.172177341664,5.56779186588,35.3872035718,36.7504393605,26.9230275892
1432,0.0,0.0,7.0,7.0,49.4173511981,-16.6865520531,6.51321787047,14.4024791423,17.9351452387,12.3798753079
1433,7.0,0.0,7.0,7.0,58.0468355838,14.6838868274,-0.0636027956198,28.7051188762,26.0103108757,21.4933187037
1434,0.0,7.0,7.0,7.0,46.1999641598,-9.75407519083,1.72932658442,13.3021445697,15.4168779996,12.115029513
1435,7.0,7.0,7.0,7.0,56.1240564932,-22.883593198,-28.7773415221,18.4272019763,24.0362364139,37.0333286458
1436,40.0,3.0,0.0,0.0,80.810360611,-1.56582960678,2.27876673007,55.424733392,58.128825201,46.0246670795
1437,3.0,40.0,0.0,0.0,61.3678394538,32.6580618689,-4.07969194921,37.8653691676,29.669309537,26.795797718
1438,40.0,0.0,3.0,0.0,80.8105272733,0.785007519854,2.45472846731,56.3706073559,58.1291254136,45.8774924378
1439,40.0,3.0,3.0,0.0,78.8271734218,-5.01432498949,59.259204025,50.763583001,54.6291506869,11.6807644553
1440,0.0,40.0,3.0,0.0,81.8950662604,-0.973518935251,5.70673018985,57.5584744708,60.1047017354,44.7305345644
1441,3.0,40.0,3.0,0.0,34.5036441683,1.26391570818,3.42425530878,8.09742953041,8.25266434358,6.03715503667
1442,40.0,40.0,3.0,0.0,80.2744241034,-0.418968745992,3.37054513711,54.96078869,57.1687663464,44.3546974247
1443,3.0,0.0,40.0,0.0,58.7737380243,-7.47953844919,-1.09037343055,24.0708553204,26.7838687738,22.6649844089
1444,0.0,3.0,40.0,0.0,65.8800660296,-13.3527171367,-16.4378533533,30.2079430987,35.1690457741,40.3806661603
1445,3.0,3.0,40.0,0.0,71.5361119756,6.04452703784,-4.03054360601,43.4615096358,42.9722200778,38.3737950209
1446,40.0,3.0,40.0,0.0,50.669007304,-13.3812315158,13.7690077667,15.866510367,18.984449053,10.6824675805
1447,3.0,40.0,40.0,0.0,57.5372997627,-10.585146717,-21.9354164763,22.1874219059,25.4770458606,33.9282146186
1448,40.0,0.0,0.0,3.0,35.0106378412,2.62163808599,6.35869421937,8.4969179611,8.50370712657,5.60196901744
1449,40.0,3.0,0.0,3.0,69.5239260318,3.26591155223,15.3584973979,39.6817746442,40.0764200606,23.7735163638
1450,0.0,40.0,0.0,3.0,51.2327341587,-12.4040499507,9.4641429954,16.4658071985,19.4701076,12.442551121
1451,3.0,40.0,0.0,3.0,55.6055694078,-15.817197063,-4.10723069047,19.3702747033,23.5215772462,21.4099047845
1452,40.0,40.0,0.0,3.0,35.5094453616,3.05843847717,6.53558205674,8.79674456274,8.75561492663,5.74385933252
1453,40.0,0.0,3.0,3.0,34.9485362095,0.440442950337,-4.61507060008,8.2194326356,8.47268704192,8.15161559339
1454,40.0,3.0,3.0,3.0,39.245713449,6.13236484458,10.8829819202,11.2424149838,10.8024382327,6.19378487209
1455,0.0,40.0,3.0,3.0,35.8114838351,-1.35976981659,-5.3064942166,8.43640025891,8.91054203177,8.7417210391
1456,3.0,40.0,3.0,3.0,42.6813592679,1.56289582259,15.3527191084,12.7163504308,12.9457294805,6.51951812044
1457,40.0,40.0,3.0,3.0,37.2117642488,-5.15580671473,-6.1270351198,8.69435796965,9.65270441033,9.66912497266
1458,0.0,0.0,40.0,3.0,52.7438453962,-35.1727242828,12.8675846135,13.7374210454,20.8126556368,12.1648022451
1459,3.0,0.0,40.0,3.0,48.1133092225,-0.768067754326,-19.1117832583,16.1456173273,16.8838161072,22.4779343588
1460,40.0,0.0,40.0,3.0,63.2597715802,-23.0849084146,31.6997133729,24.9368372272,31.8995444852,11.9241994354
1461,0.0,3.0,40.0,3.0,56.2922207454,21.2692008695,-5.86429777464,28.4536685163,24.204757195,22.9250892361
1462,3.0,3.0,40.0,3.0,78.8011659622,-4.4558943496,58.8896208189,50.9321316023,54.5842149658,11.7902777655
1463,40.0,3.0,40.0,3.0,46.2207603079,-7.30764174592,-16.9536185229,13.6977421281,15.432346765,19.7745577272
1464,0.0,40.0,40.0,3.0,60.9974660606,24.8643746904,30.095038186,35.0261309859,29.2452495427,11.158679978
1465,3.0,40.0,40.0,3.0,49.2409686222,-14.8767676607,-16.5954825293,14.5740927369,17.7904622809,22.1817086378
1466,40.0,40.0,40.0,3.0,71.4622958486,6.13598232765,43.7075152804,43.3844453724,42.863600835,12.6666059838
1467,3.0,0.0,0.0,40.0,55.1916110615,-28.3057969325,-15.2159211551,16.6736695449,23.1159898782,27.0819117073
1468,0.0,3.0,0.0,40.0,56.0934827022,-23.1402185212,-28.8770889165,18.352746339,24.0056820845,37.0674637352
1469,3.0,3.0,0.0,40.0,81.462976106,-1.19858867756,2.78186602345,56.7064781574,59.3123373193,46.5483737809
1470,40.0,3.0,0.0,40.0,61.4872936721,32.1802824508,-4.08622467745,37.8768836574,29.8069480855,26.9202429144
1471,3.0,40.0,0.0,40.0,81.2546427828,0.167017672439,2.58931446923,56.8965942742,58.9327980621,46.4076993498
1472,0.0,0.0,3.0,40.0,78.5002962859,-4.89424276051,59.7218029747,50.2789513997,54.0661621753,11.3391657671
1473,3.0,0.0,3.0,40.0,81.782040132,-0.868388318426,4.02753261786,57.4019118936,59.8967578135,45.9630893455
1474,40.0,0.0,3.0,40.0,34.1755753284,1.25494963019,3.4073716144,7.94056827221,8.09288026748,5.91912115514
1475,0.0,3.0,3.0,40.0,80.9879419723,-0.520114964206,3.47769956374,56.1522940752,58.4492932496,45.2799956831
1476,3.0,3.0,3.0,40.0,50.4099758081,-12.061865857,-0.872066213117,15.9017777617,18.7640248064,15.8387375753
1477,40.0,3.0,3.0,40.0,79.8952371302,0.0265939362205,1.53784708145,54.4892948228,56.4959277173,45.3263680245
1478,0.0,40.0,3.0,40.0,52.7180002693,-35.0216433337,14.4632542106,13.7436841656,20.7891901098,11.6070051649
1479,3.0,40.0,3.0,40.0,56.0384523399,13.2870902018,-13.8393395994,26.1891453963,23.9507520181,27.1311091344
1480,40.0,40.0,3.0,40.0,66.9153027605,-18.4700738495,39.7310854038,30.033444851,36.5199441715,11.3446349051
1481,3.0,0.0,40.0,40.0,48.5527012584,-5.69045965938,-26.3031744773,15.6191577471,17.2333335346,26.870959851
1482,0.0,3.0,40.0,40.0,53.6610064272,-34.1743351633,10.0770080217,14.5337982592,21.656848888,13.7382291761
1483,3.0,3.0,40.0,40.0,54.7312543973,9.65956697691,1.23496332859,24.0054521934,22.6704485497,18.142948534
1484,40.0,3.0,40.0,40.0,67.7123363661,-18.0671920198,33.832466146,31.0654478172,37.5832576601,13.9154038292
1485,3.0,40.0,40.0,40.0,47.1495340433,-11.404639857,-12.3814121697,13.6829941329,16.1337931111,18.3895391418
