Configuration,Mean Error,Median Error,Max Error,P95 Error,Std Dev
"{'model': 'PCR', 'n_components': 3}",1.89079588067,1.68112720087,4.97719368014,3.88553338715,1.10449393299
"{'model': 'PCR', 'n_components': 3}",1.89079588067,1.68112720087,4.97719368014,3.88553338715,1.10449393299
