Mean Euclidean error,Median Euclidean error,Max Euclidean error
1.6593404688658224,1.3302869894395988,5.617703922220055
