Mean Euclidean error,Median Euclidean error,Max Euclidean error
1.5057879186833618,1.2099282398898454,5.535945177013454
