Configuration,Mean Error,Median Error,Max Error,P95 Error,Std Dev
"{'model': 'PCR', 'n_components': 3}",1.78173864508,1.5606011695,5.21938254206,4.26583727475,1.17013668025
"{'model': 'PCR', 'n_components': 3}",1.78173864508,1.5606011695,5.21938254206,4.26583727475,1.17013668025
