SAMPLE_ID,CMYK_C,CMYK_M,CMYK_Y,CMYK_K,LAB_L,LAB_A,LAB_B,XYZ_X,XYZ_Y,XYZ_Z
810,10.0,20.0,20.0,20.0,61.2139625584,5.17337455228,6.78744189806,29.7865468408,29.4926335256,20.7990003778
1369,80.0,65.0,65.0,0.0,44.2571356787,-5.82606831628,0.107874261898,12.6270971775,14.0168841299,11.5294067498
1393,100.0,85.0,85.0,80.0,32.3881616347,-2.38988507236,1.70431940629,6.76142763255,7.25844182476,5.62938072629
1427,0.0,7.0,7.0,0.0,77.6292865874,6.55968686797,6.35843481161,53.2204027293,52.584914865,38.4604083439
1387,100.0,85.0,85.0,60.0,33.649276206,-2.41560897533,1.57650528697,7.30777145503,7.84087982032,6.11864651135
1377,10.0,6.0,6.0,10.0,69.7655578523,1.07049736564,2.80770911899,39.313559888,40.4170659177,31.4845471064
558,85.0,100.0,70.0,0.0,40.3021802868,1.36746362549,-1.80488042935,11.2132827455,11.4340917206,9.97040589587
1381,10.0,6.0,6.0,20.0,66.3979958435,0.539014028022,2.89185531505,34.7185851554,35.8406582993,27.8029013733
1394,80.0,65.0,65.0,80.0,33.6185842734,-1.73753371621,2.34253561646,7.36446721894,7.82634770391,5.94148031479
1434,0.0,7.0,7.0,7.0,74.3321687147,5.79140642479,6.28335025748,47.5992403856,47.2229749549,34.4357360552
1388,80.0,65.0,65.0,60.0,35.3387571023,-1.34714998953,1.89792431424,8.20760410677,8.66886187606,6.70241099283
1392,10.0,6.0,6.0,60.0,47.8226529194,1.48908329417,3.89512976817,16.3227828605,16.6552282969,12.3340151063
1382,80.0,65.0,65.0,40.0,37.8714875669,-2.87180571906,1.49277520134,9.30463182838,10.0161988124,7.87231063527
93,10.0,20.0,10.0,0.0,71.5353127825,6.69808302844,2.04185705822,43.6829967476,42.9710430966,34.0359356965
230,85.0,40.0,20.0,0.0,49.8927556623,-10.5435730421,-17.8220418941,15.7783749764,18.3290114798,23.4155810168
1430,0.0,7.0,0.0,7.0,74.3791616049,6.15550650407,2.93346864006,47.8043077369,47.2967127637,36.8620118954
1395,60.0,45.0,45.0,80.0,35.1306417815,-0.0745936259705,2.17766355789,8.24971478304,8.56386404627,6.55526666346
1376,20.0,12.0,12.0,10.0,66.0842425522,0.219080701781,1.29662085328,34.2312008875,35.4327954697,28.439544819
1389,60.0,45.0,45.0,60.0,37.5005535507,-0.331904882185,1.75567199981,9.41964470109,9.81071950022,7.64139625823
1380,20.0,12.0,12.0,20.0,62.7374786131,0.147383508842,1.9739436591,30.1957927985,31.2730718397,24.6942482373
1424,3.0,3.0,3.0,3.0,78.974946098,1.98116627696,3.30184943842,53.6974306888,54.8849407316,42.6012570766
1385,20.0,12.0,12.0,40.0,55.0068907899,-0.38360344704,2.95949037728,22.0345282509,22.9365197636,17.5854704452
1378,60.0,45.0,45.0,20.0,47.9670389637,-3.57202166902,0.61671884011,15.549467558,16.7685216276,13.6049751225
1391,20.0,12.0,12.0,60.0,45.395337473,0.77709892462,3.26902270889,14.4232365305,14.8262802508,11.1344996314
1420,3.0,3.0,0.0,3.0,78.6651546154,2.4117292062,2.47474782013,53.3438995046,54.3496157513,42.8350533305
1397,20.0,12.0,12.0,80.0,40.3713756305,1.32132684951,3.86312118634,11.2480708436,11.4763010276,8.38431419093
210,55.0,20.0,20.0,0.0,60.2995564875,-9.42126497998,-8.6171618225,25.1497631848,28.4571938853,28.4031678214
101,20.0,10.0,10.0,0.0,71.6969659331,-1.0734232648,-0.616478201293,41.3128236035,43.2095493714,36.0902634802
1432,0.0,0.0,7.0,7.0,77.2381221401,1.46274968988,8.28666912727,50.6232810598,51.9285966889,36.5562158776
1375,40.0,27.0,27.0,10.0,56.7076459409,-2.7628329391,-1.1957748336,23.1227558363,24.6244355034,20.9047240684
1384,40.0,27.0,27.0,40.0,47.0999089593,-0.874493442899,1.31824140249,15.3718661618,16.0957875179,12.8037683693
1379,40.0,27.0,27.0,20.0,54.4124700911,-1.15729106832,0.767501372652,21.3209935156,22.3653022459,18.1059262237
1,0.0,0.0,0.0,0.0,81.5821815976,2.06113863448,4.52128666595,58.2527963973,59.5302356777,45.264205363
970,100.0,100.0,0.0,40.0,35.0232339189,2.8918791494,-13.7640235378,8.53415339867,8.51000815387,10.8600464531
1049,0.0,70.0,100.0,40.0,44.9984352912,20.0294735165,21.0259617449,17.4761849061,14.5405929417,6.1444735386
968,100.0,40.0,0.0,40.0,39.1885994427,-6.16949343306,-15.4314446739,9.59727716255,10.7689695956,13.9475617091
336,10.0,20.0,40.0,0.0,69.2894067603,6.15057326223,18.028525805,40.2846010167,39.7476368456,22.1519572226
479,100.0,10.0,55.0,0.0,52.0919248028,-27.2542459751,-1.24815563547,14.5595077547,20.2261332898,17.2266398297
560,100.0,10.0,70.0,0.0,51.1132745082,-29.5122224667,6.29155611568,13.5226822101,19.3665079742,13.5120391868
328,0.0,30.0,40.0,0.0,70.0262037769,16.0752418005,20.6722009171,44.6705998481,40.7866755103,21.4520915183
564,100.0,55.0,70.0,0.0,44.0773734161,-15.0999234857,0.705488071242,11.186424936,13.8918102778,11.2295833041
974,0.0,70.0,20.0,40.0,46.3756896828,21.6555058481,4.93822695352,18.9152217995,15.5479134418,11.1413579581
1045,100.0,100.0,70.0,40.0,35.0940337819,-1.80629673549,-1.3389139108,8.03927395134,8.54548280676,7.37732563322
234,85.0,100.0,20.0,0.0,41.4002971587,7.43785134222,-16.4046954452,12.7693583657,12.1162563819,15.8382023903
999,0.0,70.0,40.0,40.0,44.5073644566,21.80321122,9.02164288062,17.4127171935,14.1922333135,8.92723268456
1018,100.0,40.0,40.0,40.0,39.1032636223,-8.63434203897,-4.83412476313,9.24958349774,10.7190919786,10.2643038408
997,0.0,20.0,40.0,40.0,55.3588933767,6.39910514143,15.8890796225,23.8785753053,23.2793232933,12.685758846
641,100.0,10.0,85.0,0.0,50.3691534824,-31.2162919439,11.838009941,12.7700678899,18.729443238,11.1366350426
849,10.0,100.0,40.0,20.0,45.9605067296,31.0743025233,6.22737608943,20.4448898051,15.2395069019,10.5009115655
433,30.0,0.0,55.0,0.0,70.2101846972,-13.4260352492,24.0569102901,35.4459263046,41.0489222324,19.94242685
279,30.0,100.0,30.0,0.0,47.3723295643,30.4100108109,-0.877911943439,21.5805337626,16.3051593877,13.7803654438
469,85.0,0.0,55.0,0.0,56.9699086996,-29.4182764509,3.80541748956,17.8782384461,24.8918652271,18.7305035672
315,85.0,100.0,30.0,0.0,41.4539976982,6.35007534378,-13.3385528635,12.6410748845,12.1502941015,14.6448573999
1046,0.0,0.0,100.0,40.0,58.2706717133,-0.711701384549,39.9247520704,25.1413491568,26.2469042885,7.05931709365
955,20.0,100.0,0.0,40.0,41.2759046214,22.9045540098,-3.36487662794,15.1476804422,12.0376553238,10.9826204134
1056,40.0,0.0,100.0,40.0,50.3815381852,-11.0465547982,25.9801523941,16.0576089257,18.7399301222,7.14197828275
965,70.0,100.0,0.0,40.0,36.573923113,8.61928611898,-10.8317173665,10.0411626538,9.30973221941,10.7774083119
1066,100.0,0.0,100.0,40.0,42.9652353687,-21.8256340883,11.5149275831,9.67483029384,13.1345180481,7.55623897854
422,10.0,85.0,55.0,0.0,53.0228946737,34.312085413,12.6327682104,28.185503524,21.067137922,12.4137708381
887,20.0,10.0,70.0,20.0,62.0746373861,-3.09146016211,29.7182424627,28.5984278613,30.4898971834,11.903126336
458,55.0,85.0,55.0,0.0,46.1963646182,12.0500545214,-0.348684271142,16.9595959506,15.4142016082,12.8427967823
899,70.0,10.0,70.0,20.0,50.6719783737,-18.7258411543,12.8927463312,14.9581234704,18.9869872624,10.9640798404
740,10.0,70.0,0.0,20.0,50.5560582413,25.1873154355,-3.73835847268,23.4446217399,18.88812341,17.1579790653
911,0.0,10.0,100.0,20.0,64.7604345131,3.92865700032,46.8386835914,33.6553380225,33.7459744234,8.13735962638
1265,40.0,100.0,0.0,100.0,31.2442324041,7.26097509068,-0.55160319789,7.23651349895,6.75573217466,5.68819659348
905,100.0,10.0,70.0,20.0,46.789081561,-23.505078029,5.62612970756,11.6443763213,15.8590958481,11.1494521904
1061,70.0,0.0,100.0,40.0,45.707329157,-17.760081968,17.3491613996,11.798027179,15.053458195,7.28140577473
952,20.0,20.0,0.0,40.0,52.3715170593,3.15026909557,-2.10282420482,20.3852132317,20.4763093127,17.8154656166
1063,70.0,40.0,100.0,40.0,41.0083473725,-7.4012780093,10.8896521645,10.4425243738,11.8697449257,6.88592508524
358,30.0,70.0,40.0,0.0,52.2750355151,21.0707020846,2.7419121652,24.1946071149,20.3897469758,15.675238742
720,85.0,100.0,100.0,0.0,40.2584061532,2.01385129699,3.71029912221,11.2764915271,11.4074429259,8.37301260633
135,55.0,100.0,10.0,0.0,44.8897480002,18.6162582827,-14.0167616975,17.1298388175,14.463005866,17.3800050373
350,20.0,85.0,40.0,0.0,50.9940252268,29.2752978939,4.56196475263,24.8174004623,19.2634579693,14.0845162764
384,70.0,55.0,40.0,0.0,48.9365974259,-4.20694141933,-6.96044182351,16.1649205615,17.5426265425,17.3454167274
1027,20.0,20.0,70.0,40.0,51.0474707627,0.0263523371154,21.7957517731,18.6252559226,19.3095979371,8.51282823388
986,70.0,0.0,20.0,40.0,47.2432935823,-13.3970511592,-5.11416882807,13.434516718,16.2057624806,15.3425021534
389,85.0,10.0,40.0,0.0,54.9284077528,-23.2057712474,-5.65490346402,17.3959588716,22.8605494408,21.6018846687
1002,20.0,20.0,40.0,40.0,50.8301261655,1.77256215943,10.6754231589,18.7821683723,19.1224209973,11.7863091577
1013,70.0,40.0,40.0,40.0,40.8931498504,-4.1942130454,-1.59993477994,10.8028884959,11.7979341783,10.2186696963
1004,20.0,70.0,40.0,40.0,43.8435526732,14.9110849266,5.66046219792,15.6713919255,13.7302402389,9.56476726975
216,55.0,100.0,20.0,0.0,44.6683061962,17.5354859174,-11.4837528919,16.7604116715,14.3057833051,16.1338965527
728,100.0,85.0,100.0,0.0,40.34907066,-7.0578493728,3.61918549284,10.1175574684,11.4626836226,8.43981452108
471,85.0,20.0,55.0,0.0,52.9680454457,-21.0868908686,0.596531771534,16.252498234,21.0169546488,17.0815091928
457,55.0,70.0,55.0,0.0,47.8504264391,8.59980493766,0.889551521492,17.6366524929,16.6769811832,13.4293750994
435,30.0,20.0,55.0,0.0,64.6347534064,-2.15232242365,18.9703734539,31.791404621,33.5886708663,17.8468045525
421,10.0,70.0,55.0,0.0,55.8865622168,29.0975980765,15.5291570234,30.0414200854,23.7995736841,13.1421195246
400,100.0,30.0,40.0,0.0,49.6533968768,-20.1952097871,-10.5816206124,14.0005278581,18.1299929799,19.5587130148
186,20.0,55.0,20.0,0.0,59.0436347966,17.7880261446,-0.499229461212,30.6567212587,27.0749470609,22.5992527707
616,55.0,30.0,85.0,0.0,55.6760202894,-11.0273904501,21.752213338,20.3987445328,23.591072404,10.8895405921
222,70.0,55.0,20.0,0.0,48.9040291708,-0.770075417655,-14.8318620742,16.7517394977,17.5162448289,20.9948336411
580,10.0,30.0,85.0,0.0,65.7919750318,9.49577854679,38.9638998302,36.609726781,35.0556575735,10.9633728412
1267,100.0,40.0,0.0,100.0,31.4454093311,-1.47069765522,-3.78215896146,6.45677058074,6.84240262753,6.46555378017
935,70.0,10.0,100.0,20.0,50.8440180185,-18.5659945701,21.0097346936,15.109193535,19.1343483016,8.63187446626
1261,0.0,40.0,0.0,100.0,34.8320846707,6.30928039228,3.74082368702,8.8356321093,8.41472243324,6.09138150536
918,10.0,20.0,100.0,20.0,60.8271291331,2.65297387501,40.0775410396,28.6930257709,29.0515860126,8.13196646567
474,85.0,55.0,55.0,0.0,45.9093895889,-8.63075009608,-4.13066585957,13.2822048933,15.2018204352,14.0563587013
452,55.0,10.0,55.0,0.0,60.9389711216,-16.4052839737,10.9573412022,24.1643681361,29.1786473588,18.5886798262
438,30.0,55.0,55.0,0.0,55.3659700316,13.5971119451,10.9691580137,25.5660440218,23.2862498052,14.5195263241
416,10.0,10.0,55.0,0.0,72.4391243189,0.497982581604,29.4558063319,42.9013004459,44.3158754983,19.2045364998
960,40.0,100.0,0.0,40.0,38.9183590879,16.1237137242,-7.21913971543,12.4692853753,10.6115466977,10.9148519601
1059,40.0,70.0,100.0,40.0,40.5598119693,7.45790363053,12.3658069975,12.235435651,11.5917739473,6.36780809235
958,40.0,40.0,0.0,40.0,46.2896923633,4.45604649651,-6.72100725439,15.6866745103,15.4836943701,15.3274669027
372,55.0,20.0,40.0,0.0,58.8371854745,-11.0242832741,1.62420840017,23.3282737864,26.8521070587,21.3296020074
370,55.0,0.0,40.0,0.0,65.3627016458,-20.3709974521,5.77713894122,27.8064439742,34.5065956644,25.0968160745
362,40.0,10.0,40.0,0.0,65.221957031,-10.5618747211,8.48934298034,30.1957128835,34.327832383,23.4788522069
364,40.0,30.0,40.0,0.0,60.0223319279,-2.08359309325,4.84510215302,26.6286335985,28.1481329547,20.7436381529
366,40.0,55.0,40.0,0.0,54.1220757338,7.84028723663,1.0822906009,23.002024837,22.089725685,17.741219976
984,40.0,70.0,20.0,40.0,41.2866933448,9.88138426604,-2.55915087235,13.0653093295,12.044458991,10.7306073092
1035,40.0,100.0,70.0,40.0,38.2211643905,13.4556697365,6.08758499868,11.6486273056,10.2125113347,6.88511660118
198,30.0,100.0,20.0,0.0,47.8123082654,30.5256867978,-4.42786647237,22.0125123476,16.6471309533,15.4616567347
1009,40.0,70.0,40.0,40.0,40.1601926579,10.5720769294,2.11734973069,12.4398803441,11.3478033002,8.76222407388
1008,40.0,40.0,40.0,40.0,45.137701291,2.70104695991,4.49617943429,14.5562583556,14.6404137178,10.5990946789
1007,40.0,20.0,40.0,40.0,48.5713924222,-3.46120367971,6.3343518624,16.019637088,17.248307548,11.9380325013
371,55.0,10.0,40.0,0.0,61.5819387834,-16.4104913792,3.20511490234,24.8061115748,29.9163026237,22.951865871
419,10.0,40.0,55.0,0.0,64.0877577855,14.369544468,22.5202181405,35.864940309,32.9097389256,15.9171590633
437,30.0,40.0,55.0,0.0,58.6601043748,7.34538547972,14.6403853721,27.5109918249,26.6619439149,15.3141350208
455,55.0,40.0,55.0,0.0,53.1554733527,-2.26236380676,5.77480528401,19.9705365358,21.1887680699,15.0637545198
473,85.0,40.0,55.0,0.0,48.4827434757,-12.2978232887,-1.45614107977,14.4612330018,17.1773653242,14.7373458259
150,85.0,55.0,10.0,0.0,47.5976776003,-2.65563560176,-20.8575875637,15.433936257,16.4797190196,22.9265111662
1048,0.0,40.0,100.0,40.0,51.2518768932,11.2697033072,29.202133344,21.0689186384,19.486743123,6.73314767006
953,20.0,40.0,0.0,40.0,49.5502871751,8.46823937602,-3.07571240388,19.0123368,18.0447067386,16.1377195199
1058,40.0,40.0,100.0,40.0,45.2030591175,-0.547942387457,18.3635473116,14.0749433711,14.6874169029,6.82897097538
963,70.0,40.0,0.0,40.0,42.0405623671,-1.53093491531,-11.598760313,11.8586062457,12.5262440136,14.3619480086
1068,100.0,40.0,100.0,40.0,39.0436503278,-12.2127064113,5.86116127835,8.79234819624,10.6843403526,7.28113560212
418,10.0,30.0,55.0,0.0,66.8322540112,10.250048131,23.3610209131,38.2218762809,36.410317886,17.579742061
436,30.0,30.0,55.0,0.0,62.6246276398,1.69607249694,16.6877535136,30.480091869,31.1387975082,17.3243590593
454,55.0,30.0,55.0,0.0,57.0641411214,-8.56336507733,7.80965052716,22.1835778372,24.9884249403,17.0162407325
76,100.0,30.0,0.0,0.0,51.2438560632,-13.6633046026,-28.5765104239,16.2510392873,19.4797716648,31.1279508021
738,10.0,20.0,0.0,20.0,62.6533823389,6.35581003605,-1.64318748906,31.7824978714,31.1729743666,26.6673280921
1278,0.0,0.0,100.0,100.0,38.7883057623,0.250131149158,15.3227795762,10.1924623546,10.5363368021,5.11215650032
1263,40.0,0.0,0.0,100.0,34.0962774254,-1.10516666177,1.17799110685,7.64833995715,8.0545707071,6.37763749805
1284,100.0,0.0,100.0,100.0,34.7358613675,-10.0261190064,5.89398043311,7.00867891583,8.36702653555,5.60010743669
1051,20.0,0.0,100.0,40.0,53.7356909704,-6.1780075294,32.0303489095,19.6853896227,21.7265794291,7.07746892593
962,70.0,20.0,0.0,40.0,45.2663098455,-6.92040396568,-12.0510027666,13.119066945,14.7330004192,16.8095261553
1053,20.0,40.0,100.0,40.0,46.4830016459,5.71676126031,21.8019093318,16.0504788626,15.6282980871,6.54356007976
394,85.0,70.0,40.0,0.0,44.0820325673,-1.51772924034,-10.6509989182,13.1647324609,13.8950425628,15.3773573203
684,30.0,100.0,100.0,0.0,46.3794444049,27.7773852323,16.3906494186,20.1396608755,15.5507213439,7.81328455762
99,10.0,100.0,10.0,0.0,51.3157911227,39.8711646531,-1.77572102608,27.7295262504,19.5423548444,16.8759724375
386,70.0,85.0,40.0,0.0,43.8819867414,6.88547057228,-8.39306503198,14.3557355776,13.7567116609,14.3500576268
348,20.0,55.0,40.0,0.0,58.170797941,17.1060737945,8.57216391329,29.474509465,26.1411618536,17.5159389079
1037,70.0,20.0,70.0,40.0,44.0334793146,-11.6896725178,9.09338493619,11.6355878625,13.8613833587,8.67978739017
976,20.0,0.0,20.0,40.0,55.8214194159,-3.62725605607,6.31004046446,22.0923710168,23.7349315728,16.7399552827
353,30.0,10.0,40.0,0.0,68.0111588212,-6.27823813827,12.637198081,34.7584341743,37.9871715545,23.8346219179
1012,70.0,20.0,40.0,40.0,44.2263283334,-9.01023229909,0.350908843518,12.1386579102,13.9953961063,11.4309893711
1003,20.0,40.0,40.0,40.0,47.4571876233,7.4502934009,7.9962163211,17.1116688484,16.3707468961,10.7571299968
1014,70.0,70.0,40.0,40.0,38.3758176606,1.54097416131,-3.22443392976,10.1295864661,10.3001472666,9.40610283765
180,10.0,100.0,20.0,0.0,51.7309617216,39.2743245041,1.3080026478,28.0312516082,19.9061723122,15.8789242381
1042,100.0,20.0,70.0,40.0,41.5713409634,-16.599778864,4.57408586282,9.57742868698,12.2248930414,8.75564179543
989,70.0,70.0,20.0,40.0,38.3765747421,3.57896468923,-7.0766662486,10.3948016497,10.3005775035,10.5725641731
1032,40.0,20.0,70.0,40.0,47.3542964111,-4.17960658183,15.5904387054,14.999231718,16.2912440191,8.46873684261
979,20.0,70.0,20.0,40.0,43.5329086371,16.9265918778,1.30226819658,15.7882483562,13.5175298518,10.7342186102
1022,0.0,20.0,70.0,40.0,54.1781445316,5.63926294831,26.4111983391,22.5687501273,22.1427561297,8.72758581033
465,70.0,55.0,55.0,0.0,49.2122488119,-4.50689913149,-0.179024176985,16.321659542,17.7669779355,14.7297520194
443,40.0,10.0,55.0,0.0,64.9273609704,-12.3824198616,17.228385633,29.3786895283,33.9556592989,18.8675224286
429,20.0,55.0,55.0,0.0,57.8055581386,17.0718380325,15.2004586179,29.054225114,25.7568790646,14.5097677848
407,0.0,10.0,55.0,0.0,75.5572409718,5.87644180515,35.0323276829,49.5646363563,49.1704432437,19.1108135287
847,10.0,40.0,40.0,20.0,56.3036002319,13.2481024834,11.7964366057,26.4579117335,24.2161891747,14.8284659281
791,70.0,10.0,10.0,20.0,53.3632584693,-13.0479973709,-12.5789955428,18.0337693359,21.3803343523,23.8136398234
1282,40.0,40.0,100.0,100.0,35.7035714954,0.549923622538,8.71276838707,8.60218703854,8.85498160169,5.36654305128
779,20.0,10.0,10.0,20.0,63.6149442477,-0.745268734638,0.762668232597,30.9732977021,32.3303062323,26.2337097365
920,10.0,70.0,100.0,20.0,49.5618939371,21.7519095991,24.2625203373,21.7472426344,18.0542937769,7.21596485404
470,85.0,10.0,55.0,0.0,53.9992939848,-25.5056178442,1.343373175,16.2571433244,21.9738933075,17.5320385021
456,55.0,55.0,55.0,0.0,49.8997493395,2.86568541597,2.78275910831,18.2207396932,18.334848273,14.0436231817
434,30.0,10.0,55.0,0.0,67.5430234422,-6.87294077772,20.8301477554,33.9984639738,37.3556758006,19.2908833079
420,10.0,55.0,55.0,0.0,59.2328427518,22.235151681,18.1350633036,32.0970407887,27.2802565068,14.3264953666
950,0.0,100.0,0.0,40.0,42.5410321812,28.7805168191,0.585269545463,17.1372416335,12.8530784687,10.4217169282
1069,100.0,70.0,100.0,40.0,36.1304253312,-6.19190197096,3.38439377333,8.04828724322,9.07611180916,6.67424002665
948,0.0,40.0,0.0,40.0,51.6404561934,14.6842093791,1.39913802212,22.1552686152,19.8264800007,15.7771688931
481,100.0,30.0,55.0,0.0,48.0667504924,-19.859869004,-4.04093594921,12.9865792729,16.847060011,15.4826451938
334,10.0,0.0,40.0,0.0,77.1335833015,-5.23298621413,23.6855627394,47.9799337691,51.7541249975,26.4563668575
326,0.0,10.0,40.0,0.0,76.3328504242,6.46487297661,25.2604064917,51.0386178067,50.4306726856,24.7795336431
562,100.0,30.0,70.0,0.0,48.0578247132,-22.8054537832,3.47488121125,12.5382208529,16.8400195951,12.6241072627
330,0.0,55.0,40.0,0.0,62.7286607643,28.0500314771,15.978025471,38.2568784914,31.2625661565,17.716003249
994,100.0,70.0,20.0,40.0,36.6204400266,-2.11056520378,-10.5250723553,8.75223849346,9.33446558133,10.7054202071
1025,0.0,100.0,70.0,40.0,42.3515057948,26.1973864701,13.1219154771,16.5229078071,12.7286467972,6.90568619616
813,10.0,100.0,20.0,20.0,45.6775063335,32.2739077162,1.86629555893,20.4407295727,15.0316429731,11.761063425
1019,100.0,70.0,40.0,40.0,36.3415490267,-2.31976234877,-5.9410357325,8.58835809819,9.18683139964,9.17787698908
998,0.0,40.0,40.0,40.0,50.2441926713,13.3925327912,12.7392986422,20.6062670969,18.6238500926,10.7769030756
1017,100.0,20.0,40.0,40.0,41.2091977675,-14.4725545065,-4.45331399845,9.64786553229,11.9956450262,11.2996995437
335,10.0,10.0,40.0,0.0,73.2369895438,-0.0523448952462,20.7070764309,43.8827328652,45.5261331723,24.3467276965
971,0.0,0.0,20.0,40.0,60.5384003574,0.915848245942,11.6389683556,27.9309877569,28.7252737498,17.9669161613
1030,20.0,100.0,70.0,40.0,40.1382808427,19.6389592466,9.46399942166,13.8128941011,11.3345258902,6.86834044226
981,40.0,0.0,20.0,40.0,51.9324265234,-7.62074660308,1.99217266979,17.8940913282,20.0843330961,15.7403758586
1040,70.0,100.0,70.0,40.0,35.9609715446,5.433625287,1.87552641708,9.3132092572,8.98789148879,6.95987349349
991,100.0,0.0,20.0,40.0,43.7335686346,-16.3977781688,-9.65582577382,10.808216436,13.6546765295,14.7418416283
848,10.0,70.0,40.0,20.0,51.0782359709,23.2585710973,8.87316530351,23.5172741576,19.3361911744,12.5567183157
851,20.0,10.0,40.0,20.0,62.6725255466,-2.6255790694,15.2515761794,29.388572626,31.1957411933,17.9969098665
431,20.0,85.0,55.0,0.0,50.6964075519,29.5014265444,10.2521621516,24.570851792,19.00786589,11.8516053384
863,70.0,10.0,40.0,20.0,51.9189992663,-15.6730034754,-0.10532665436,16.4105022756,20.0724260783,16.6065808115
467,70.0,85.0,55.0,0.0,43.4055637788,6.82381800069,-4.57014277186,14.0147113569,13.430970581,12.6325653747
875,0.0,10.0,70.0,20.0,65.5734428391,4.20109207765,35.8125348678,34.7502102635,34.7754220196,11.8820762757
440,30.0,85.0,55.0,0.0,49.9595971855,24.8724096492,6.96277607743,22.8002010078,18.3848468551,12.5502640203
893,40.0,10.0,70.0,20.0,57.606431675,-9.82609768542,23.3671967732,22.4178548485,25.5489658192,11.4485132785
476,85.0,85.0,55.0,0.0,42.1313228822,0.352814063279,-6.35507394644,12.1870930989,12.5850994264,12.4871813167
731,0.0,10.0,0.0,20.0,67.7855065173,6.63564806137,2.72764060907,38.3764492476,37.6818946277,29.3633479992
1280,0.0,100.0,100.0,100.0,33.7559912987,12.5241071801,8.3064106009,9.02231550541,7.89154762708,4.79715974958
749,40.0,10.0,0.0,20.0,59.2391039532,-5.0518814466,-8.87413273737,25.1021951573,27.2870682151,27.4585711472
1286,100.0,100.0,100.0,100.0,31.6245515705,-0.701793059278,1.26540597864,6.60491295069,6.92020134529,5.44995428148
91,10.0,0.0,10.0,0.0,77.922637097,-4.00520709014,6.0119330953,49.6813099716,53.0807274463,39.0980398197
151,85.0,70.0,10.0,0.0,44.4769327485,1.68290056192,-20.5836875642,13.931239867,14.1708304616,20.0737786439
127,55.0,0.0,10.0,0.0,65.5376418502,-17.7936956848,-11.9714676826,28.6562339197,34.7296553534,36.6173136397
115,30.0,70.0,10.0,0.0,52.007010623,23.6436193819,-7.39670088889,24.5223624352,20.1505584862,19.9754982955
74,100.0,10.0,0.0,0.0,55.1104681129,-19.3470154018,-28.9760781046,18.2678938143,23.0370383358,35.9209320717
799,100.0,40.0,10.0,20.0,43.6168609885,-8.21712190449,-17.5910633073,11.8740946922,13.5747971436,17.9915492173
901,70.0,40.0,70.0,20.0,45.3851615273,-7.7171701808,8.27617876923,13.0755772771,14.8189093449,9.57719857935
787,40.0,40.0,10.0,20.0,52.3049344582,4.30477856168,-6.88806970021,20.5638508929,20.416545888,19.9779168896
889,20.0,40.0,70.0,20.0,54.7042470756,7.9636619955,22.7148537373,23.5928890899,22.6444896855,10.0649084249
769,0.0,40.0,10.0,20.0,59.4464525404,18.457815349,3.71883551786,31.3097600943,27.5132886866,20.8094602224
92,10.0,10.0,10.0,0.0,74.1309373896,2.98895236242,3.33135254701,46.2853440523,46.9080841935,36.2678971409
152,85.0,85.0,10.0,0.0,42.3472611145,6.58386325315,-19.1605319096,13.2607070675,12.7258692285,17.7152102888
128,55.0,10.0,10.0,0.0,62.4026890871,-12.8574702692,-12.8110333486,26.5027915452,30.8758489744,33.4271430946
116,30.0,85.0,10.0,0.0,50.3266141419,27.1515725202,-7.26932520213,23.6651173589,18.6934523795,18.5563922285
236,100.0,10.0,20.0,0.0,53.9188675628,-23.8017541292,-19.6697013444,16.4979635191,21.8982388935,28.4343964477
323,100.0,85.0,30.0,0.0,41.6542151404,-1.04558790629,-15.5357826075,11.6905806477,12.2777624224,15.6613100512
587,20.0,10.0,85.0,0.0,69.1565785382,-3.990941819,43.4237881405,36.9187656925,39.5622191003,11.4012945341
214,55.0,70.0,20.0,0.0,47.89998116,12.2901774604,-10.2071202113,18.374497955,16.7158406593,17.9918840894
623,70.0,10.0,85.0,0.0,56.1760734843,-22.8506789119,20.9281997028,18.4766019834,24.0882798528,11.4395137411
178,10.0,70.0,20.0,0.0,55.9936577783,31.7502636915,2.63862631608,30.8771078874,23.9061010122,18.4936713998
164,0.0,10.0,20.0,0.0,77.9178389892,6.28129226116,13.7354227812,53.5970953783,53.0725928564,33.5654363022
224,70.0,85.0,20.0,0.0,44.3945056897,9.04398699029,-13.7145715424,15.0773265383,14.1129669818,16.8783784485
200,40.0,10.0,20.0,0.0,65.961933147,-9.71841606537,-2.92731029595,31.2845492852,35.2746417353,30.9517414808
188,20.0,85.0,20.0,0.0,50.6787970722,32.4932835889,-1.15439279644,25.2551894725,18.9928133885,16.1478915421
398,100.0,10.0,40.0,0.0,52.6318675101,-26.1590759668,-9.23992598499,15.1282312743,20.7111150719,21.4127361486
1277,100.0,100.0,40.0,100.0,30.6815378701,1.17177355788,-1.71281384147,6.39494912563,6.51720672764,5.72804372495
815,20.0,10.0,20.0,20.0,63.770858596,-1.00054374676,5.24711922548,31.0865301237,32.5206211304,23.8774907571
1271,0.0,100.0,40.0,100.0,33.3721449435,12.5153607525,5.29498709321,8.8254333208,7.7103131708,5.24695851043
827,70.0,10.0,20.0,20.0,52.8311400813,-14.6080800337,-8.85751754482,17.3143920377,20.8920434991,21.3931867261
233,85.0,85.0,20.0,0.0,42.0933937029,4.40299611274,-17.3214287314,12.7622392753,12.5604811441,16.7239181438
596,30.0,10.0,85.0,0.0,66.2998432456,-8.07863304808,37.5695728219,32.1380251784,35.7127304944,11.7113117344
197,30.0,85.0,20.0,0.0,49.4661706548,27.9315312488,-4.44837999834,23.0070740041,17.9753289646,16.6551009144
632,85.0,10.0,85.0,0.0,53.7998245798,-26.3760589733,15.8155480027,15.9535471483,21.7865782245,11.779561518
873,100.0,100.0,40.0,20.0,36.6564121373,0.995133925555,-8.89898954082,9.13881795326,9.35362220714,10.2169276259
826,70.0,0.0,20.0,20.0,54.5212683857,-18.6571863921,-8.09192118437,17.9171335829,22.4691362053,22.4926793699
861,40.0,100.0,40.0,20.0,41.6253466106,19.5882460535,-0.171500538145,14.8448247646,12.2593285487,10.1677002528
814,20.0,0.0,20.0,20.0,65.3603042282,-5.4659732717,7.03978487983,31.7399980571,34.5035454603,24.3943732387
843,0.0,100.0,40.0,20.0,46.6824144435,36.2275099625,9.73969095713,22.1927140713,15.778408004,9.8066953788
87,0.0,55.0,10.0,0.0,62.0502387261,31.9001867741,2.87245398257,38.5468551092,30.4613214433,23.5584063402
139,70.0,30.0,10.0,0.0,54.6294678362,-8.33028069185,-17.9150797114,20.0284151232,22.572716879,28.1135184064
123,40.0,55.0,10.0,0.0,54.1485112062,11.0426167068,-10.8217308496,23.7479334138,22.1147180644,23.5962694255
103,20.0,30.0,10.0,0.0,66.2230534026,7.99549393874,-2.49261651638,36.7183783842,35.6128584819,30.9617294172
159,100.0,55.0,10.0,0.0,45.4902149338,-6.1927256981,-23.6989551036,13.3798510561,14.8951220302,22.5115481155
734,0.0,70.0,0.0,20.0,51.7343462432,31.1711848279,-0.314644899923,26.0273726342,19.9091566004,16.5602718071
924,20.0,20.0,100.0,20.0,58.1555828,0.585755621839,35.6287316519,25.3310533362,26.1250776309,8.09049709776
752,40.0,70.0,0.0,20.0,46.2779707612,15.6402788789,-10.227524883,17.6856613162,15.4749549039,16.7755957702
936,70.0,20.0,100.0,20.0,49.0698550363,-16.2834842368,18.8719748905,14.2249082346,17.6508469797,8.38122184731
764,100.0,70.0,0.0,20.0,40.3046145147,-0.992992915059,-20.644018162,10.8924717899,11.4355748455,16.825972842
176,10.0,40.0,20.0,0.0,64.6708043136,16.1366582759,4.12552414837,37.1610133684,33.633742382,25.3544509211
228,85.0,20.0,20.0,0.0,53.6604153568,-17.1033373963,-16.8045610432,17.5138833387,21.6562976206,26.4674685033
212,55.0,40.0,20.0,0.0,54.4007778053,0.554289228039,-9.17168981969,21.6743618311,22.3541625394,22.9494888012
192,30.0,20.0,20.0,0.0,65.9494053781,0.113117596765,0.681659602886,34.0322636781,35.2584691659,28.6728938182
321,100.0,55.0,30.0,0.0,44.5850240092,-8.49805217001,-14.8944289866,12.4402377987,14.2469495138,17.5348160693
967,100.0,20.0,0.0,40.0,42.5465015509,-10.8576221501,-16.5478396898,10.8652758558,12.8566813163,16.7271773957
1064,70.0,70.0,100.0,40.0,38.8242840338,-1.01674034584,8.0495148506,10.0493356967,10.5571073754,6.66948705788
957,40.0,20.0,0.0,40.0,49.5585156381,-1.57062713596,-6.53955146156,17.118343515,18.0515029945,17.6320083254
1054,20.0,70.0,100.0,40.0,42.1774334039,14.415965248,16.3525503842,14.3855430497,12.6150711817,6.10286008535
947,0.0,20.0,0.0,40.0,56.0529492594,8.76980124539,2.66821074743,25.1230192661,23.9652143778,18.5268653311
177,10.0,55.0,20.0,0.0,60.1388719862,24.5663230796,2.97672006849,33.8614379049,28.2777823464,21.7806345698
211,55.0,30.0,20.0,0.0,57.6800136066,-5.01784464511,-8.64449670414,23.5578418875,25.6256638259,25.7606580518
213,55.0,55.0,20.0,0.0,51.6081299051,5.44864940603,-10.2188484127,20.1821966349,19.7980675554,21.0193087957
175,10.0,30.0,20.0,0.0,67.7468588942,11.2660176612,5.95788953542,39.7908143594,37.6297742525,27.3615209223
775,10.0,40.0,10.0,20.0,56.9477780672,14.3169009703,0.49138572775,27.4085157388,24.8692241545,20.2801409479
1272,40.0,0.0,40.0,100.0,35.6423000169,-2.8374440846,5.43438172961,8.18725468116,8.82353802283,6.02700053363
1273,40.0,40.0,40.0,100.0,33.8508028557,2.28166116652,3.78705344775,7.89977232951,7.93674639854,5.72060089472
774,10.0,20.0,10.0,20.0,62.9971458311,6.34659396126,3.1627157024,32.1907474647,31.583498409,24.2861393748
95,10.0,40.0,10.0,0.0,63.3911013192,17.9942467796,-0.358455532105,36.0513436883,32.0583755356,26.6598663369
147,85.0,20.0,10.0,0.0,54.2114166044,-15.7733202902,-20.8978980775,18.2104093767,22.1742652874,29.5015044241
131,55.0,40.0,10.0,0.0,54.2764497048,0.360908296705,-14.4027502571,21.5187522419,22.2359389044,25.6980761789
111,30.0,20.0,10.0,0.0,65.5621910167,0.561480918666,-5.21080483108,33.6807759201,34.7610337743,31.9894484002
78,100.0,55.0,0.0,0.0,45.7189879689,-3.8746138471,-26.6103139482,13.8987953628,15.0619922833,24.2768865934
800,100.0,70.0,10.0,20.0,39.2147847375,-0.715822262679,-17.0235184269,10.305706851,10.7843055054,14.5762677936
900,70.0,20.0,70.0,20.0,49.1326883337,-14.8859764385,12.1573701993,14.4961014214,17.7020288458,10.3573004757
788,40.0,70.0,10.0,20.0,46.0239306787,14.5207575258,-7.58192575532,17.275275608,15.2863531663,15.4903079488
888,20.0,20.0,70.0,20.0,59.041838747,0.0164980891592,29.3313064928,26.1103747783,27.0730031204,10.3296496319
770,0.0,70.0,10.0,20.0,52.1438248111,30.3149292126,2.29804695696,26.2475813287,20.2724179325,15.76442487
96,10.0,55.0,10.0,0.0,59.3015805448,26.440634773,-1.00068907863,33.3643353852,27.3551000873,23.0967572041
148,85.0,30.0,10.0,0.0,52.1114081837,-11.303188916,-21.0362031707,17.3517262943,20.2435003813,27.3831214398
132,55.0,55.0,10.0,0.0,51.3465682498,6.78988826175,-14.1939083377,20.225837213,19.5691716979,22.8212312089
112,30.0,30.0,10.0,0.0,63.3630876083,4.63623501252,-5.58703807973,32.153724503,32.024451436,29.794183551
240,100.0,55.0,20.0,0.0,45.5657074145,-9.06696798098,-19.9524286491,12.988486071,14.9500503212,20.680753081
319,100.0,30.0,30.0,0.0,49.4832732251,-17.9715896182,-14.9327925771,14.2400764133,17.9894204249,21.5460778938
591,20.0,55.0,85.0,0.0,56.1090219562,18.690307575,27.9138083772,27.5985624187,24.0212082092,9.24301240887
1396,40.0,27.0,27.0,80.0,37.2611187051,0.764528597061,3.05206506417,9.42754837125,9.67958827653,7.2165067316
627,70.0,55.0,85.0,0.0,46.630821381,-3.42197927199,10.7882584132,14.6076329525,15.7394790695,9.47028565294
174,10.0,20.0,20.0,0.0,70.9740497151,6.9252904509,8.29531714693,42.9391879696,42.149760306,29.3197452308
168,0.0,55.0,20.0,0.0,63.5399726358,28.6449623519,7.42005005043,39.5494491593,32.2390580344,22.5122076309
220,70.0,30.0,20.0,0.0,54.8856648676,-10.6416390562,-13.5866773586,19.7844787162,22.8192456606,25.8315451792
204,40.0,55.0,20.0,0.0,54.3839340666,10.1684305082,-6.80861156933,23.7799016197,22.3381213419,21.7109474441
184,20.0,30.0,20.0,0.0,64.9099396877,8.1069139278,2.28781019932,35.0575533528,33.9337350523,26.6437973289
402,100.0,55.0,40.0,0.0,44.0910012209,-9.42867367276,-11.768674462,11.9936618368,13.9012659754,15.8394890023
1275,100.0,0.0,40.0,100.0,33.9995393491,-7.389622426,0.774297888829,6.95467635214,8.00799958167,6.43098891113
1270,0.0,40.0,40.0,100.0,35.9475557155,6.17699737819,7.47845692201,9.39695335548,8.98093152155,5.70467587371
1269,0.0,0.0,40.0,100.0,37.7370468612,1.19366491863,9.80766249001,9.73542062676,9.94139706588,5.86377539988
1276,100.0,40.0,40.0,100.0,32.1391521957,-3.82473135024,-0.626154764296,6.51766033319,7.14695988656,6.03146250591
229,85.0,30.0,20.0,0.0,50.95083607,-13.7252667,-17.6485107812,16.0182662621,19.2262261593,24.3089981101
600,30.0,55.0,85.0,0.0,54.3581180299,12.9107123677,24.1408552873,24.3835568208,22.3135502402,9.46161513688
193,30.0,30.0,20.0,0.0,62.6236102349,4.78582556257,-1.43674581095,31.3159527335,31.1375887131,26.5173589381
636,85.0,55.0,85.0,0.0,45.2122693876,-8.84874479368,7.19382684271,12.7910638289,14.6940487006,9.81002608393
944,100.0,70.0,100.0,20.0,38.6543036177,-8.17905704553,4.19242084578,9.07132357608,10.459215893,7.52857871651
756,70.0,20.0,0.0,20.0,51.1007373543,-9.38859798664,-17.8710255994,16.9053285309,19.3556566692,24.5735157772
932,40.0,70.0,100.0,20.0,44.5192473202,11.1541713892,16.1259497399,15.5263427219,14.2005964687,7.08083450985
744,20.0,20.0,0.0,20.0,60.7943072193,4.3852810681,-4.3037387875,29.1052166383,29.0143678571,26.3510613681
914,0.0,70.0,100.0,20.0,49.907797765,29.1284709676,26.4776954828,23.7040687346,18.3415668729,6.82837635425
83,0.0,10.0,10.0,0.0,77.0896196731,8.05634942876,8.41795013861,52.8981438798,51.6808681179,36.2783292322
143,70.0,85.0,10.0,0.0,43.5210188372,10.8874052354,-16.9593607734,14.7569447047,13.5094323827,17.6365794206
119,40.0,10.0,10.0,0.0,65.9566769109,-8.81101197196,-8.13811446218,31.5268634,35.2678556599,34.4225784935
107,20.0,85.0,10.0,0.0,51.1173711979,32.4895686136,-4.15797344778,25.7046738724,19.3700546683,17.7677695536
155,100.0,10.0,10.0,0.0,54.0623631787,-21.60543899,-24.3709194012,17.0049820701,22.0333421121,31.552412896
805,0.0,40.0,20.0,20.0,58.6378090905,18.8666366691,7.61386257493,30.4763338087,26.6380653738,18.3041824381
853,20.0,40.0,40.0,20.0,53.9943189521,11.02874917,10.0987311695,23.5940325634,21.9692084144,13.9463988931
823,40.0,40.0,20.0,20.0,51.8614777005,4.79294906922,-2.83986577759,20.2713161725,20.021470389,17.7521379094
865,70.0,40.0,40.0,20.0,46.6093843418,-6.70452516332,-2.20834978439,14.0597377881,15.7233228536,13.786002087
835,100.0,40.0,20.0,20.0,43.4772101261,-10.8203680144,-15.3837886614,11.4209876932,13.4796246607,16.9160780906
172,10.0,0.0,20.0,0.0,77.7473907955,-4.27118166442,11.5923084673,49.3025046499,52.7841581954,34.8377380145
232,85.0,70.0,20.0,0.0,43.7541358628,1.97539447798,-16.2639269792,13.4863572085,13.6687859606,17.5070334566
208,55.0,0.0,20.0,0.0,65.3654543953,-18.8157609292,-4.58043275647,28.2040694403,34.5100981745,31.3556437228
196,30.0,70.0,20.0,0.0,51.6152780904,23.7207625401,-3.10822000699,24.1500471514,19.8043479489,17.6828470643
317,100.0,10.0,30.0,0.0,53.1031252575,-25.0194528968,-13.037932923,15.6681895413,21.1406871795,23.819278884
404,100.0,85.0,40.0,0.0,41.2498279321,-2.41155566261,-13.0442477985,11.2554690523,12.0212212243,14.3936686603
182,20.0,10.0,20.0,0.0,71.5787783621,-2.25338415991,5.35017338482,40.7598217722,43.0350865833,31.8661867649
620,55.0,85.0,85.0,0.0,43.813449376,11.4393513807,10.7489313004,15.0589989298,13.7095303577,8.13056144465
218,70.0,10.0,20.0,0.0,58.7364253211,-17.8070839857,-12.2196980546,21.7443274435,26.7437926739,28.9584141987
584,10.0,85.0,85.0,0.0,51.09949329,35.4718383931,22.9116229491,26.4071883466,19.3545801132,8.23649094696
173,10.0,10.0,20.0,0.0,73.6295021351,2.33173147329,9.82937109675,45.2927993059,46.1295251936,31.2509275523
215,55.0,85.0,20.0,0.0,45.9057637409,16.5046015501,-10.1284965145,17.5478094582,15.1991496161,16.4605879273
209,55.0,10.0,20.0,0.0,62.6227802775,-13.4401309724,-7.27188167484,26.5924095872,31.1366026505,30.0512630862
179,10.0,85.0,20.0,0.0,52.7832559538,36.7634877565,1.99724752971,28.5485113247,20.8484715861,16.3476011174
803,0.0,10.0,20.0,20.0,66.9772558414,5.72887314754,11.8324196306,37.0183605892,36.6018668296,23.3096860718
1274,40.0,100.0,40.0,100.0,32.0766687067,7.31584987579,2.09961323179,7.61802626274,7.11916623506,5.43890053386
821,40.0,10.0,20.0,20.0,58.6771329823,-6.27794817441,-0.270040862399,24.2514088802,26.6801913849,22.152751945
776,10.0,70.0,10.0,20.0,50.1574890703,26.3233511534,0.0403944172155,23.3137092568,18.5508183782,15.2901097677
1120,100.0,100.0,20.0,60.0,32.8453419502,2.10925214471,-6.95933654223,7.41811260797,7.46612910004,7.81722611287
1161,70.0,0.0,70.0,60.0,41.8716661632,-13.6013770025,11.5608941163,10.1200525497,12.4172089948,7.08089724367
1110,40.0,100.0,20.0,60.0,35.6669820088,13.3334438046,-1.14470843733,10.1445942836,8.83619547212,7.57547684252
1151,20.0,0.0,70.0,60.0,48.1125806761,-4.07196892446,21.6812088848,15.5713130826,16.8832405401,7.23610012884
1100,0.0,100.0,20.0,60.0,37.7469451861,21.3674709233,4.45036136229,12.4980926347,9.94689167215,7.08064317157
721,100.0,0.0,100.0,0.0,51.5698261925,-35.6531704735,19.7651161662,12.8813913584,19.764436544,9.33607495789
63,70.0,100.0,0.0,0.0,42.1361061889,14.4208325892,-18.8547174204,14.3573632388,12.5882063579,17.4195993137
685,40.0,0.0,100.0,0.0,65.8723040325,-18.1471818349,45.6319499561,28.9377400933,35.1590449461,8.99083646727
27,20.0,100.0,0.0,0.0,49.0122434321,36.7750122691,-6.4500318803,24.5741674377,17.6040053107,17.1796758347
649,0.0,0.0,100.0,0.0,79.2755863854,-0.247312488318,67.9249015976,53.3330338419,55.4078021504,9.22325600443
397,100.0,0.0,40.0,0.0,54.9610531745,-30.7244432161,-6.47276246289,16.0683639041,22.8921292763,22.0476800578
387,70.0,100.0,40.0,0.0,41.6468985196,11.7056937929,-7.09607447252,13.587529061,12.2730886791,12.4540960329
361,40.0,0.0,40.0,0.0,68.2543377874,-16.1421714432,13.2336995627,32.23853349,38.3180006893,23.7388992028
351,20.0,100.0,40.0,0.0,48.5247294331,35.0987361769,5.67211773352,23.7060585226,17.2109407175,12.1375799958
325,0.0,0.0,40.0,0.0,80.95031089,-0.216823009344,30.9553558365,56.209236978,58.3812850984,26.0587583336
73,100.0,0.0,0.0,0.0,56.3951252514,-24.2258970724,-30.9090843778,18.3938407742,24.3082673268,38.951246913
711,70.0,100.0,100.0,0.0,40.5453211558,8.12863486174,7.09890615626,12.3245160725,11.5828666757,7.61769903889
37,40.0,0.0,0.0,0.0,70.0924296077,-12.5354391109,-12.3785291953,35.559766929,40.8809448599,42.8932132991
675,20.0,100.0,100.0,0.0,46.9685567947,34.7408439317,20.4384228472,22.1377227928,15.9954790443,7.05929887612
1367,0.0,0.0,0.0,0.0,81.9791083624,1.75974001389,4.4114194361,58.8375093977,60.2596328294,45.9261354279
1170,100.0,100.0,70.0,60.0,33.3885096202,-0.798104305514,0.0615829125749,7.35902459503,7.71798259305,6.35433650294
1111,70.0,0.0,20.0,60.0,42.3648860415,-9.99884019167,-2.64378086386,10.8755311932,12.7374050026,11.3599932659
1160,40.0,100.0,70.0,60.0,35.5500444989,11.1141908439,5.77488874137,9.79749642128,8.77633446624,5.91960351125
1101,20.0,0.0,20.0,60.0,48.3371159093,-2.62524646901,6.25419939199,15.9892583479,17.0612480816,11.8279336258
1150,0.0,100.0,70.0,60.0,38.6032892497,21.3585019595,11.4151230433,13.0516875425,10.429955302,5.83961403285
1268,100.0,100.0,0.0,100.0,30.952165779,2.62112951155,-4.38618916116,6.64613450981,6.63121214556,6.40987328318
929,40.0,10.0,100.0,20.0,57.0435204824,-10.1190564168,34.1204029543,21.8282502295,24.9672737215,7.98332997702
1262,0.0,100.0,0.0,100.0,33.5437407036,12.8864708281,2.95158182053,8.9565927701,7.79098582983,5.78476670235
916,10.0,0.0,100.0,20.0,65.6419863321,-4.70888426093,50.0023749428,32.2868150574,34.863157645,7.71077008203
54,55.0,100.0,0.0,0.0,43.6417614503,20.192520596,-16.0569577196,16.4438885261,13.5918138021,17.3311943893
614,55.0,10.0,85.0,0.0,59.4468652034,-18.1659342222,28.9021911153,22.3289554005,27.5137401502,10.6828015619
18,10.0,100.0,0.0,0.0,50.4617221183,42.0014880667,-3.47498184113,27.3404024168,18.8079214864,16.9735718938
578,10.0,10.0,85.0,0.0,71.8021878326,0.289652822837,49.8220276612,41.9130288296,43.3652690644,10.8043994226
3,0.0,20.0,0.0,0.0,74.2961912914,13.5168501714,1.11643144371,50.3877063869,47.1665736392,38.0860966019
673,20.0,70.0,100.0,0.0,51.481768439,24.0838501513,27.297550103,24.1012571116,19.6872654971,7.28325593285
39,40.0,20.0,0.0,0.0,63.3724241009,-2.60380777486,-14.5573914369,30.1919624389,32.0357551002,35.7974185662
709,70.0,70.0,100.0,0.0,43.182967525,1.36495593352,11.2891456353,13.0130532499,13.2805556192,7.70842116639
75,100.0,20.0,0.0,0.0,52.9008853769,-15.3962038969,-28.8007205199,17.2247769406,20.9556164134,33.1617203485
1149,0.0,70.0,70.0,60.0,40.352901632,17.3892629648,14.162988345,13.6041421197,11.4650217023,5.89670145591
1102,20.0,20.0,20.0,60.0,45.6037969989,2.29793750335,4.85497991547,14.8212689274,14.9778154653,10.7398712215
1159,40.0,70.0,70.0,60.0,38.1597605929,7.13072554841,8.69874677741,10.7415702152,10.1778545491,6.26273291489
1112,70.0,20.0,20.0,60.0,41.0940922745,-6.27351550426,-3.34565001582,10.6405895599,11.9233845276,10.875625364
1169,100.0,70.0,70.0,60.0,34.3083312775,-3.44449737057,1.15503165552,7.49711522716,8.15728748873,6.46530033598
327,0.0,20.0,40.0,0.0,72.6493341376,12.0767617955,24.6281598265,47.2502013642,44.6326286992,21.7390626429
349,20.0,70.0,40.0,0.0,52.0152302275,27.9088464952,7.32431763056,25.5347505554,20.1578658052,13.7064685218
363,40.0,20.0,40.0,0.0,61.8166152178,-5.61173681948,7.87816874709,27.673925008,30.1886047632,20.7734917006
385,70.0,70.0,40.0,0.0,44.6302249778,3.79965306473,-6.30104573811,14.3783941154,14.2788611867,14.0430218561
399,100.0,20.0,40.0,0.0,50.2447372687,-23.5031856404,-9.04534077121,13.8795539006,18.6243094197,19.3147812576
1099,0.0,70.0,20.0,60.0,41.0413732062,17.3629413164,5.38356154927,14.0705462283,11.8903858694,8.28625500041
1152,20.0,20.0,70.0,60.0,44.5721828293,0.872095624782,17.7428166523,13.8675783638,14.237892381,6.71979166923
1109,40.0,70.0,20.0,60.0,37.2752490383,9.56277466835,-0.502289492437,10.5577152698,9.68729439133,8.12487570463
1162,70.0,20.0,70.0,60.0,40.1756987031,-8.02495496772,8.79408846912,9.89850111673,11.357205412,7.04309291065
1119,100.0,70.0,20.0,60.0,34.3455408916,-0.323401661209,-7.10862677098,7.84831037664,8.17540103376,8.54225144374
651,0.0,20.0,100.0,0.0,71.6705288235,9.87678627688,57.0449332625,44.9793044822,43.1704833246,8.59690794557
25,20.0,70.0,0.0,0.0,53.7526843181,28.2781050015,-7.91110637273,27.4558773841,21.7424664429,21.7181309126
687,40.0,20.0,100.0,0.0,60.3645406119,-8.78389199449,37.0851228945,25.3670762265,28.529966574,8.72544774689
61,70.0,70.0,0.0,0.0,45.3292873373,8.44887980604,-20.671969327,15.6613700904,14.778480627,20.8345999533
723,100.0,20.0,100.0,0.0,48.5471995237,-27.3258290441,14.3699241784,12.1835960524,17.2289275928,9.38938332652
170,0.0,85.0,20.0,0.0,54.6935447957,42.8521073339,5.95568994574,32.3899888672,22.6342083659,16.0695427611
598,30.0,30.0,85.0,0.0,61.1836600152,1.34876362991,34.0988988928,28.7530386692,29.4579240863,10.0003150044
206,40.0,85.0,20.0,0.0,47.9212444456,22.5370627388,-6.62497575738,20.4272473209,16.7325332455,16.4485250094
634,85.0,30.0,85.0,0.0,48.8979041485,-19.8582626507,13.9021622467,13.5390787788,17.5112862493,9.70453236141
739,10.0,40.0,0.0,20.0,57.3221383721,14.9125249497,-3.17359945097,27.9648097104,25.2540711168,22.4462783619
923,20.0,10.0,100.0,20.0,60.1280030091,-3.37398153539,41.068995317,26.4243127815,28.2656739441,7.56552431884
1264,40.0,40.0,0.0,100.0,32.9391547225,3.39882372934,-0.127712302997,7.59680351718,7.5092303047,6.22407699098
941,100.0,10.0,100.0,20.0,46.0951816951,-25.1053901033,14.0932886466,11.0073791823,15.3390950613,8.287254009
725,100.0,40.0,100.0,0.0,44.8752396886,-20.1381520814,10.6886761549,10.9677896661,14.4526699487,8.64013761686
59,70.0,40.0,0.0,0.0,52.0651971763,-3.10729623345,-23.0739152461,18.8685647777,20.2023249879,28.5612626717
689,40.0,40.0,100.0,0.0,54.4823501124,1.2595761986,29.1359555278,21.9012046381,22.4319568901,8.13257684387
23,20.0,40.0,0.0,0.0,61.421774185,15.8702516031,-8.40051511028,32.9577695968,29.7314020825,29.4605407211
653,0.0,40.0,100.0,0.0,64.0774995765,23.0003668079,46.4071019729,38.4961323356,32.8970946059,7.94188860009
401,100.0,40.0,40.0,0.0,46.3894798141,-14.299359085,-10.0357475883,12.7345002308,15.5582278051,16.7758010493
383,70.0,40.0,40.0,0.0,50.8299866519,-7.51521431198,-4.165902017,17.0336666652,19.1223012385,17.5518566821
365,40.0,40.0,40.0,0.0,56.7976292387,2.63016903526,4.47494963423,24.4378718366,24.7159746236,18.2888516741
347,20.0,40.0,40.0,0.0,61.6865519492,11.5725841864,12.0658099974,32.073083434,30.0374852524,18.6714982437
329,0.0,40.0,40.0,0.0,66.5001841441,22.2536933544,19.7164206381,41.6184448724,35.9741702843,18.9712563638
1118,100.0,40.0,20.0,60.0,36.074707376,-4.48952367983,-6.37082209719,8.21094361677,9.04704075845,9.1692103046
1163,70.0,40.0,70.0,60.0,37.8399934804,-3.65138372153,6.57150796063,9.19366414812,9.99864221628,6.61893289718
1108,40.0,40.0,20.0,60.0,40.1992935707,3.40956306547,0.24598721096,11.4350840263,11.371522154,9.31141726336
1153,20.0,40.0,70.0,60.0,43.1335156611,5.0258102892,15.5080811196,13.5449517934,13.2472926901,6.66281250347
1098,0.0,40.0,20.0,60.0,45.6815873435,10.94599343,6.89832062726,16.3632142275,15.0346269626,10.1443325458
77,100.0,40.0,0.0,0.0,48.2855103483,-9.8589786641,-28.6909543351,14.7222459175,17.0202259175,28.0158313315
707,70.0,40.0,100.0,0.0,49.193652593,-11.1029834861,18.5186687667,15.1680182954,17.7517827349,8.53485765506
41,40.0,40.0,0.0,0.0,56.9420686607,8.28501514889,-14.5311817028,25.9214134926,24.86338529,28.4793751566
671,20.0,40.0,100.0,0.0,59.3554503621,12.4216290166,37.1360882854,29.5853892066,27.4138505952,8.23913947303
5,0.0,40.0,0.0,0.0,67.3323827847,24.7978253684,-0.63899439798,43.6774222821,37.0738281624,30.9997439167
1168,100.0,40.0,70.0,60.0,36.7168750668,-9.40429840057,3.29274806834,7.97287708471,9.3858802181,6.93278575904
1113,70.0,40.0,20.0,60.0,38.4854812391,-2.47227094925,-4.10677449582,9.68033780595,10.362592153,9.72132357935
1158,40.0,40.0,70.0,60.0,40.9968875165,0.895685227902,11.6813504776,11.5646123924,11.8625881725,6.69590649506
1103,20.0,40.0,20.0,60.0,42.0711544126,7.24617868686,3.2562628383,13.1795150983,12.5460614702,9.37429751557
1148,0.0,40.0,70.0,60.0,44.0697697233,10.1691584441,17.9056041364,15.0312704607,13.8865362944,6.48333286668
1266,100.0,0.0,0.0,100.0,33.9520163465,-4.78095776302,-3.16742737645,7.19844715464,7.98518721638,7.34261475927
1281,40.0,0.0,100.0,100.0,38.8293274767,-4.99747568218,13.9064098788,9.55056200723,10.560021179,5.40578942906
1260,0.0,0.0,0.0,100.0,37.116010714,2.0450995331,5.02597401323,9.50821606591,9.60068856269,6.68760694294
919,10.0,40.0,100.0,20.0,55.2463567533,11.4765521708,34.8542313545,24.9417409899,23.169358846,7.02481337244
231,85.0,55.0,20.0,0.0,46.4624097473,-4.29271527405,-17.2113632689,14.346689559,15.6128517925,20.098345155
618,55.0,55.0,85.0,0.0,48.5256210832,1.41007923808,16.104733807,16.8508429745,17.2116542276,8.88372778996
195,30.0,55.0,20.0,0.0,55.6093861319,16.9410522275,-2.93529793056,26.629449946,23.525338692,20.8284876674
582,10.0,55.0,85.0,0.0,57.9258530969,22.9786253795,31.9780694171,30.7572428111,25.8830271057,8.97760141766
7,0.0,70.0,0.0,0.0,58.980221657,37.8695454623,-1.28696310758,36.3110579918,27.0063686799,22.9552196753
669,20.0,20.0,100.0,0.0,65.8897035498,0.273802043487,47.0184823763,34.0043444854,35.1814657307,8.61322690762
43,40.0,70.0,0.0,0.0,50.2770772328,19.4075988341,-13.9593955117,21.9059102009,18.6515992971,21.7465399876
705,70.0,20.0,100.0,0.0,52.9352722321,-18.7669766979,24.6175167073,16.6401516303,20.9870074806,8.6312778328
79,100.0,70.0,0.0,0.0,43.2014194931,0.707681013511,-25.1192069211,12.925307056,13.2929812617,21.2219005011
1147,0.0,20.0,70.0,60.0,47.5188778247,5.57644166733,21.9685472676,16.8195677426,16.4185380206,6.92052826353
1104,20.0,70.0,20.0,60.0,39.154311206,13.5607648734,2.23574421241,12.2419626101,10.7489100389,8.25801252163
1157,40.0,20.0,70.0,60.0,43.680569401,-3.81244849841,14.9463728585,12.5568700036,13.6183630043,7.01687511051
1114,70.0,70.0,20.0,60.0,35.4704440128,3.28753586761,-5.13949316534,8.80389719046,8.73574154443,8.53416426574
1167,100.0,20.0,70.0,60.0,38.2118712041,-12.8999352914,4.62978446166,8.30102515892,10.2072611428,7.23151689732
331,0.0,70.0,40.0,0.0,56.9780109942,37.975027551,14.1391170946,33.7993602248,24.9001578352,14.3682551814
345,20.0,20.0,40.0,0.0,67.603120513,3.05117939174,15.8469398273,37.0244727367,37.4363497545,21.7802140186
367,40.0,70.0,40.0,0.0,49.4121133302,16.780629478,1.19062824994,20.5652540753,17.9308374642,14.331173353
381,70.0,20.0,40.0,0.0,55.2783764124,-16.3821762009,-2.19087700956,18.9809212722,23.2006113256,20.1850979702
403,100.0,70.0,40.0,0.0,42.607461237,-6.22370975654,-12.3194804403,11.5396880305,12.8968829797,15.0271631496
1097,0.0,20.0,20.0,60.0,48.0350601588,6.13729089248,8.52082381968,17.3277667209,16.8220724048,10.9079407019
1154,20.0,70.0,70.0,60.0,38.9879979169,11.9876232278,10.9669120456,11.9103261552,10.651965593,6.07816569389
1107,40.0,20.0,20.0,60.0,42.8926574988,-0.790071078775,1.75527364883,12.5013902487,13.0860775151,10.2470539279
1164,70.0,70.0,70.0,60.0,35.7290125031,1.15953609328,4.04784002945,8.6855393902,8.86805945202,6.36534112232
1117,100.0,20.0,20.0,60.0,38.4405538509,-8.84145132443,-6.58574859831,8.88310841547,10.3369790684,10.453288203
655,0.0,70.0,100.0,0.0,57.2708002472,34.4179607333,35.9936850106,33.1435356991,25.2010616522,7.60310907871
21,20.0,20.0,0.0,0.0,69.2803296773,4.0948623808,-6.63467267188,39.6110644669,39.7349475487,37.4269084681
691,40.0,70.0,100.0,0.0,48.219855968,13.1555899798,20.4442883617,18.80781555,16.9681312143,7.5890588237
57,70.0,20.0,0.0,0.0,57.233079166,-11.0742629404,-23.1797073779,21.7985768744,25.1621598532,34.4232053541
727,100.0,70.0,100.0,0.0,40.8840595533,-9.24923148042,4.6105508191,10.1323151394,11.7922799162,8.42115815275
166,0.0,30.0,20.0,0.0,69.8921666884,17.7164114223,10.4174132388,45.0399758414,40.5963237306,26.9129247308
602,30.0,85.0,85.0,0.0,48.3472910865,24.8802505775,17.8984342264,21.298688163,17.0693442797,8.30807750046
202,40.0,30.0,20.0,0.0,60.8326280669,-0.104243125906,-4.37367795781,27.9938832911,29.0578245972,26.4297891284
638,85.0,85.0,85.0,0.0,40.5257348357,-0.81394694528,3.79359082642,11.0462551224,11.570834531,8.47510506931
767,0.0,10.0,10.0,20.0,67.7068159988,6.27523005416,7.31922241057,38.1578633928,37.5758229241,26.5221090985
1279,0.0,40.0,100.0,100.0,37.7122920027,6.39482884549,14.0166821597,10.3885881068,9.92766438755,5.00648350397
785,40.0,10.0,10.0,20.0,58.642096546,-5.92233715095,-4.31754229658,24.2986024229,26.642656187,24.2705634561
1285,100.0,40.0,100.0,100.0,33.6979777422,-6.47567641733,4.57966425573,6.9160637592,7.86397608385,5.50282970624
1116,100.0,0.0,20.0,60.0,39.3944581397,-13.2393031513,-6.22313641749,8.84937631162,10.8899274863,10.8586714965
1165,70.0,100.0,70.0,60.0,34.7087243665,3.97318949153,2.33685915907,8.50267058379,8.35360794495,6.35455069553
1106,40.0,0.0,20.0,60.0,45.7629035545,-5.9323919557,2.44126457163,13.6037217353,15.0941668376,11.6171996163
1155,20.0,100.0,70.0,60.0,36.9697167922,16.6867168069,8.48050536758,11.3454620046,9.52157922083,5.86466183227
1096,0.0,0.0,20.0,60.0,50.8294742358,1.23263197468,10.0616716024,18.6768517366,19.1218613836,11.9947190631
729,100.0,100.0,100.0,0.0,38.4406274324,-3.3770645292,1.8928322558,9.54374921508,10.3370209827,8.02346742922
55,70.0,0.0,0.0,0.0,62.1114252995,-19.9638227954,-23.1124972312,24.5098399314,30.5330170107,40.5168545158
693,40.0,100.0,100.0,0.0,44.0186437706,21.4970133902,14.4104643702,16.9705375043,13.8511095739,7.28807334978
19,20.0,0.0,0.0,0.0,75.2605549655,-5.90280653038,-4.59960084649,44.8731329839,48.6939884761,43.8051078369
657,0.0,100.0,100.0,0.0,51.1796527873,45.6527334268,28.3622817087,29.0596753538,19.4240280701,6.90108763611
1166,100.0,0.0,70.0,60.0,39.9004761503,-15.9524362271,6.7093217465,8.78689737726,11.191094261,7.43656356386
1115,70.0,100.0,20.0,60.0,34.0857043954,6.48226748332,-4.06781249015,8.48247312732,8.04947193031,7.62514657938
1156,40.0,0.0,70.0,60.0,44.9004308488,-7.94904667435,16.8725368857,12.7242998694,14.4706196212,7.05933530018
1105,20.0,100.0,20.0,60.0,37.3159224523,17.5117212353,1.34227532264,11.6704349743,9.70949886147,7.66550620763
1146,0.0,0.0,70.0,60.0,51.3277920579,-0.151716265441,27.0790164507,18.8251332583,19.5528086329,7.27174390157
405,100.0,100.0,40.0,0.0,39.4649665283,0.00611222604041,-12.9936240753,10.5420683369,10.9315639066,13.2185227664
379,70.0,0.0,40.0,0.0,60.2796702629,-25.1978808051,0.332015293206,21.5863347105,28.4349489853,23.2845667049
369,40.0,100.0,40.0,0.0,45.3943928723,24.5415456656,-1.17480426399,18.6539753328,14.8255959301,12.6444977686
343,20.0,0.0,40.0,0.0,74.43177943,-8.55824738114,21.1252109271,42.7439605685,47.3793678557,25.2585254152
333,0.0,100.0,40.0,0.0,52.5081409005,46.2166762179,12.0343149882,30.7264196877,20.5993055297,12.3128469494
81,100.0,100.0,0.0,0.0,40.3978967523,5.17713904307,-23.3374037335,11.8054059135,11.4925064647,18.0797544691
703,70.0,0.0,100.0,0.0,57.7285673724,-28.1604685985,30.8938261202,18.7436295862,25.6763577327,9.18913368542
45,40.0,100.0,0.0,0.0,46.3195048779,26.5262783144,-12.2372941132,19.8337924333,15.5059369986,17.6821514844
667,20.0,0.0,100.0,0.0,72.3445850986,-9.64775746742,56.0421410373,39.4403823825,44.1739096643,9.203957705
9,0.0,100.0,0.0,0.0,52.6281381613,47.9953314679,0.274291610911,31.3502920827,20.7077390262,16.9675028119
755,70.0,10.0,0.0,20.0,53.6817722176,-11.9701520155,-16.9792281331,18.5014631681,21.6762222368,26.5903146558
1283,40.0,100.0,100.0,100.0,33.7483275048,7.61860727488,6.55538413732,8.44614863761,7.88790164123,5.12724383417
743,20.0,10.0,0.0,20.0,63.7566388036,0.385671966903,-3.82552756783,31.4483320744,32.5032330494,29.1196658675
921,10.0,100.0,100.0,20.0,44.6911617882,31.4860490251,19.4747160671,19.4215958958,14.321957665,6.37097367741
227,85.0,10.0,20.0,0.0,54.9043725614,-21.4836740665,-17.0202513904,17.6966480512,22.8373173596,27.8601840384
702,55.0,100.0,100.0,0.0,42.2277489651,13.9942773633,9.8296704741,14.3522370729,12.6478304562,7.66075241228
191,30.0,10.0,20.0,0.0,68.4116575028,-4.60600707923,1.89432981218,35.7638807198,38.5330438529,30.5683868152
666,10.0,100.0,100.0,0.0,49.4901136508,38.5625968793,23.3985849974,25.4798265824,17.9950585738,7.39796635134
72,85.0,100.0,0.0,0.0,41.2171967729,8.14587672514,-22.0425344432,12.7571566588,12.0006774327,18.1327597191
340,10.0,70.0,40.0,0.0,54.9044422549,29.8548887008,10.2044674404,29.126636827,22.8373847016,14.5074631524
483,100.0,55.0,55.0,0.0,43.7478837959,-11.9482409255,-5.74025064382,11.4264059393,13.66449592,13.2663931864
1047,0.0,20.0,100.0,40.0,53.9983807159,6.04686030526,34.9460771972,22.488150478,21.9730332497,6.5010185552
966,100.0,0.0,0.0,40.0,44.3480355741,-14.5681023701,-15.6037583149,11.4218003235,14.0804146807,17.6676972876
1041,100.0,0.0,70.0,40.0,43.1553656426,-21.527435239,7.70791926662,9.81513530575,13.2619828398,8.64438836866
972,0.0,20.0,20.0,40.0,55.7770007345,7.93693029491,9.59552582709,24.6487453828,23.6909214789,15.3439511287
1043,100.0,40.0,70.0,40.0,39.6083054391,-12.6522709954,3.35325904487,9.02817325647,11.0165349141,8.16902013332
332,0.0,85.0,40.0,0.0,55.4525935095,41.3500628168,12.6641117736,32.8872774614,23.371146794,13.9270684195
153,85.0,100.0,10.0,0.0,41.4821753332,8.21523016014,-18.9873478435,12.9400137202,12.1681797754,16.9866818598
1020,100.0,100.0,40.0,40.0,34.8845537221,1.06680201134,-6.80369911357,8.25878028195,8.44080645444,8.71377605379
341,10.0,85.0,40.0,0.0,51.862841655,36.8677916707,8.55311308433,27.5671609023,20.0226776538,13.1561601595
645,100.0,55.0,85.0,0.0,42.8098308153,-14.9618843382,4.95390449714,10.4694167843,13.0309423184,9.25171935133
337,10.0,30.0,40.0,0.0,67.1957803682,9.84228081771,17.1936093807,38.584905322,36.8918073038,20.753256838
1016,100.0,0.0,40.0,40.0,43.7484604149,-19.6229855757,-3.59560476976,10.3886081326,13.6648915466,12.4972712274
975,0.0,100.0,20.0,40.0,42.6822426328,29.8224399899,4.0241278235,17.4408882046,12.9463141283,9.4574990313
1026,20.0,0.0,70.0,40.0,55.6230426064,-6.06187075895,28.3707315119,21.3873651799,23.5388006616,8.87558922558
985,40.0,100.0,20.0,40.0,38.4927220826,16.9769460955,-2.85010397308,12.3246484063,10.3667241096,9.35591906449
1036,70.0,0.0,70.0,40.0,47.114686554,-17.1942509015,13.5264591889,12.7691909958,16.1070987577,8.92458196824
995,100.0,100.0,20.0,40.0,34.6550702198,2.09175615587,-11.1938888328,8.2628055894,8.32711950695,9.86568711205
839,0.0,10.0,40.0,20.0,68.2026128188,4.50064787135,22.7415888634,38.2710118271,38.2474720647,18.9295063663
413,0.0,85.0,55.0,0.0,54.7733947456,41.3381295828,18.0926794359,32.0640447487,22.7109925734,11.5783588722
857,40.0,10.0,40.0,20.0,57.8787085586,-9.11140290982,8.34433175822,22.833465664,25.8335397358,17.3947601848
449,40.0,85.0,55.0,0.0,46.9819024897,20.2876864434,4.11598078369,19.1594804222,16.0056515514,11.7608181278
869,100.0,10.0,40.0,20.0,47.2367508812,-21.3379448345,-7.03166944674,12.2331071434,16.2007334024,16.1240040554
504,10.0,100.0,70.0,0.0,49.86249185,39.2695699684,16.8712284106,26.0346340252,18.3037681419,9.32166571734
1403,20.0,12.0,12.0,100.0,35.6985314842,1.43538536145,4.1407755912,8.70234535427,8.85239233051,6.33276520447
540,55.0,100.0,70.0,0.0,43.1642021871,16.0368672254,5.26387812055,15.3628708465,13.2679268961,9.33861815135
137,70.0,10.0,10.0,0.0,58.5948234344,-17.0936516434,-18.5034991121,21.7664297471,26.5920674247,32.8391740861
585,10.0,100.0,85.0,0.0,48.8323055149,38.4657313894,20.6984141947,24.7876065055,17.4582388171,7.7930675853
190,30.0,0.0,20.0,0.0,71.9122862033,-11.3030568832,2.6187089143,38.3292431578,43.5286055919,34.0860964168
621,55.0,100.0,85.0,0.0,42.9528608264,15.6349669789,8.08609852666,15.1407201902,13.126250488,8.44587425809
226,85.0,0.0,20.0,0.0,58.5011011306,-25.7661581548,-15.0557386282,19.8770558783,26.4919610224,30.4809438387
388,85.0,0.0,40.0,0.0,56.2205609749,-29.0117231038,-4.04452304429,17.3523406231,24.1328495168,21.9161516597
354,30.0,20.0,40.0,0.0,64.7867024869,-2.8038249235,11.632207721,31.7923573568,33.7789135748,21.4553033617
392,85.0,40.0,40.0,0.0,48.6780139233,-12.1776192735,-8.4398073578,14.6188926406,17.3338909016,17.8016044792
954,20.0,70.0,0.0,40.0,43.6395447386,18.3806228832,-2.96615550749,16.1219402721,13.5902983532,12.2120700986
1065,70.0,100.0,100.0,40.0,36.4316600189,4.60612419733,4.91280805036,9.46028972436,9.23436116454,6.44337257494
990,70.0,100.0,20.0,40.0,36.0385437202,7.65070834818,-8.18193624135,9.62742545634,9.02820549683,9.67864407537
1029,20.0,70.0,70.0,40.0,43.1957678949,15.6605880984,13.6163213358,15.3220614159,13.2891746257,7.13582186058
988,70.0,40.0,20.0,40.0,42.9235178833,-3.97380230396,-7.04600451199,12.0546908795,13.1066600319,13.2241457339
346,20.0,30.0,40.0,0.0,64.8006601102,6.03644725849,13.2556652629,34.3138454721,33.7964246799,20.6589243027
380,70.0,10.0,40.0,0.0,57.3543091244,-20.2380173499,-1.94851367721,19.9954123128,25.2873270612,21.8439833197
1011,70.0,0.0,40.0,40.0,47.2996958316,-14.5598011056,1.96271228654,13.2920290522,16.2491595026,12.6968439859
355,30.0,30.0,40.0,0.0,61.5575266166,3.97274727194,9.26243284836,29.8607024441,29.8880708471,19.8829866123
393,85.0,55.0,40.0,0.0,45.7834146167,-6.24456975129,-9.82894669471,13.5686666413,15.1092098587,16.2458120666
359,30.0,85.0,40.0,0.0,49.181325712,25.6329893122,2.34679838459,22.2311191664,17.7417150643,13.7407098881
1015,70.0,100.0,40.0,40.0,36.5003206565,6.21167535849,-4.14294854046,9.69624549029,9.27068660848,8.74840230732
1044,100.0,70.0,70.0,40.0,36.8224912934,-6.10623798155,0.355604945699,8.39215962336,9.44240606172,7.70006660749
987,70.0,20.0,20.0,40.0,45.241325992,-8.27604537306,-6.1470971166,12.8963813894,14.7149838106,14.3877739114
1034,40.0,70.0,70.0,40.0,40.7501133715,9.86564545607,8.93862424317,12.7131149845,11.7091732721,7.24799826419
977,20.0,20.0,20.0,40.0,51.8626981217,3.06812090105,4.69811497274,19.921601212,20.0225506071,14.6094588613
1024,0.0,70.0,70.0,40.0,45.9708615446,22.8943332163,18.1237559893,18.8165347312,15.2471486397,7.20312866268
461,70.0,10.0,55.0,0.0,57.2494846105,-21.7439503682,6.88743770642,19.6012042674,25.1790738857,17.5583673027
447,40.0,55.0,55.0,0.0,53.5901294336,7.86484795872,8.88557544871,22.5009292061,21.5908114656,14.1426496491
425,20.0,10.0,55.0,0.0,69.9978813666,-3.66046505442,26.6090661147,38.1390266646,40.7464041756,18.5736013168
411,0.0,55.0,55.0,0.0,61.4189558922,29.3732730721,22.9863409604,36.9225464805,29.72815537,13.9136921767
844,10.0,0.0,40.0,20.0,67.7981227281,-3.6854559839,20.2282302588,35.2514506105,37.6989193257,19.7843487697
637,85.0,70.0,85.0,0.0,42.6794181145,-3.96621419305,5.1460936252,11.904222419,12.9444448059,9.13221799869
129,55.0,20.0,10.0,0.0,60.7224395051,-8.02354986025,-12.7333551174,25.9180728096,28.932985048,31.4516646874
601,30.0,70.0,85.0,0.0,51.3950032099,18.6601085288,20.556876078,22.7946250578,19.6114239125,9.02312282659
1398,10.0,6.0,6.0,80.0,41.7399067254,1.43104568925,4.03708549604,12.0985846568,12.3325892256,8.98724621695
629,70.0,85.0,85.0,0.0,41.6843463726,3.57854445306,5.73216913859,12.3773672284,12.2970222883,8.49113830398
130,55.0,30.0,10.0,0.0,56.9511321557,-3.93544571503,-14.3458771225,23.0952761538,24.8726547216,28.3761669115
593,20.0,85.0,85.0,0.0,49.5576839452,29.8814179042,19.2700297383,23.5328029706,18.0508159846,8.50116035711
94,10.0,30.0,10.0,0.0,67.4584091597,12.7646117689,1.04061793211,39.8727333912,37.242286676,30.0669143285
36,30.0,100.0,0.0,0.0,47.6335256901,30.8787859158,-9.9620424733,21.9224077925,16.5076020899,17.6778532734
376,55.0,70.0,40.0,0.0,47.0479872865,8.30067512952,-4.39317679597,16.9453260272,16.0560870139,14.9199616221
374,55.0,40.0,40.0,0.0,53.6814439965,-2.67997653579,-0.974124350002,20.3474558526,21.6759159346,18.3234787533
1057,40.0,20.0,100.0,40.0,47.9256118634,-5.1053380263,22.4850686444,15.2578788729,16.7359632299,6.96443259791
956,40.0,0.0,0.0,40.0,52.9287904431,-6.65485697988,-4.93648100105,18.9026769898,20.9810879901,19.5597041093
1031,40.0,0.0,70.0,40.0,51.1931197514,-10.4249992172,20.9359368672,16.7899290428,19.4357117475,8.81888242958
982,40.0,20.0,20.0,40.0,49.1526080106,-2.5906868535,-0.0819750485223,16.6171543273,17.7182753677,14.6514597826
1033,40.0,40.0,70.0,40.0,45.2942447138,0.132830176881,14.167407181,14.2478792274,14.7531625007,7.90419765693
368,40.0,85.0,40.0,0.0,47.6233720517,19.9479963266,-1.11591839294,19.641252239,16.4997012793,14.0337003947
603,30.0,100.0,85.0,0.0,45.9108518116,28.0416080054,14.9736826298,19.7842186867,15.2028976049,7.9709368341
1010,40.0,100.0,40.0,40.0,38.2756124424,15.4934904323,0.728719956165,11.9728902181,10.2433079758,8.25588538317
377,55.0,85.0,40.0,0.0,45.023930311,14.93680447,-4.43452674687,16.5690883321,14.5588328032,13.5963876687
375,55.0,55.0,40.0,0.0,50.0056948154,4.35437731421,-2.32734080602,18.5938796778,18.4234200273,16.1530765166
373,55.0,30.0,40.0,0.0,56.4349354363,-7.7519076788,0.562341888299,21.7732689033,24.3483908377,19.8198075811
1006,40.0,0.0,40.0,40.0,52.3779162621,-9.57887836198,8.84997058385,17.8869549992,20.482059265,13.3724893021
973,0.0,40.0,20.0,40.0,51.8139915518,13.8158349595,7.12568043835,22.1291522463,19.9794696505,13.651068576
1028,20.0,40.0,70.0,40.0,47.2094000137,6.75193192535,18.1988963365,16.7909619631,16.1797212938,7.71667380668
983,40.0,40.0,20.0,40.0,45.6026360776,4.23445350342,-1.36574606764,15.1442451534,14.9769687121,12.840430405
1038,70.0,40.0,70.0,40.0,41.2153879906,-5.78025944422,7.29549696345,10.7764103084,11.9995393522,7.86265576063
993,100.0,40.0,20.0,40.0,39.7261739316,-7.84933198995,-11.2327684121,9.67668310191,11.0867361168,12.7458407133
846,10.0,20.0,40.0,20.0,62.7129896092,4.04358219975,16.469623706,31.2184686999,31.2439011745,17.4868444546
409,0.0,30.0,55.0,0.0,70.2877605625,14.662350188,30.9967648662,44.5717804724,41.1598350674,16.8492654847
427,20.0,30.0,55.0,0.0,64.4436165579,5.07201506745,21.8276794193,33.5916391196,33.3503805615,16.4629709865
445,40.0,30.0,55.0,0.0,58.8853025166,-2.5513594163,13.4652167825,25.3330061414,26.9039345639,15.9524116173
463,70.0,30.0,55.0,0.0,52.5943237338,-12.7667373512,3.5953446322,17.4659380632,20.67714478,15.5516603699
581,10.0,40.0,85.0,0.0,62.4909434431,15.3835420234,36.4716691468,34.137334056,30.9802330208,9.96433841038
105,20.0,55.0,10.0,0.0,58.654859165,20.3633667859,-4.20364582707,30.8998059894,26.6563249435,24.2202954588
617,55.0,40.0,85.0,0.0,53.1301512318,-5.59183043162,19.8003994171,19.2821909378,21.1655010131,10.1260660613
141,70.0,55.0,10.0,0.0,49.2082850812,-0.199852549535,-19.21771653,17.092982763,17.7637383953,23.5309786551
573,0.0,55.0,85.0,0.0,60.9674578517,28.3396546951,36.6114375284,36.020926213,29.2110696293,9.15099235083
194,30.0,40.0,20.0,0.0,59.2575999219,9.15138501181,-2.93757196595,28.6242800277,27.307197037,24.0964896033
609,40.0,55.0,85.0,0.0,52.5011972102,7.83704224723,20.1833246887,21.4813491839,20.5930425937,9.68416869167
1401,60.0,45.0,45.0,100.0,33.0138254785,0.390287063439,2.57299313542,7.31470367992,7.54365524819,5.67290060887
352,30.0,0.0,40.0,0.0,70.8854219819,-12.8380783412,16.4865751277,36.4947710548,42.0210380371,24.4379425955
390,85.0,20.0,40.0,0.0,52.6072025541,-20.3688862598,-6.7487009941,16.1051225632,20.6887935821,20.1620395745
356,30.0,40.0,40.0,0.0,58.7110369415,7.60498547879,6.99356837396,27.6313060998,26.7165468859,18.6448740032
964,70.0,70.0,0.0,40.0,38.6778794465,4.93215833862,-11.1358359507,10.7462193457,10.4727568797,12.0792580697
1055,20.0,100.0,100.0,40.0,39.6406549156,19.9919839839,12.5909023573,13.5310014986,11.0357723191,5.9703422677
980,20.0,100.0,20.0,40.0,40.3908900268,22.0948754709,0.82234020062,14.3820105235,11.4882236011,9.240493383
1039,70.0,70.0,70.0,40.0,38.1009874604,0.444464092856,3.39912538333,9.83858723239,10.1447560558,7.48834058368
978,20.0,40.0,20.0,40.0,48.9914732934,7.99806888369,2.8273648345,18.4536597582,17.5871382956,13.4402652638
382,70.0,30.0,40.0,0.0,53.415803002,-13.132913314,-4.69643370569,18.0605689895,21.4289597026,19.845345389
344,20.0,10.0,40.0,0.0,70.4411748624,-2.79736479536,17.1214497254,39.0103149811,41.3797645463,23.6756628816
1001,20.0,0.0,40.0,40.0,55.9869431912,-4.41624615879,14.2095507934,22.0760140445,23.8994127303,13.6924659678
391,85.0,30.0,40.0,0.0,51.0004155755,-15.2052995982,-7.35797404143,15.7978845864,19.2689709366,19.1346047926
357,30.0,55.0,40.0,0.0,54.9828507656,15.1441671949,5.03033078449,25.5411424208,22.9132315519,16.6690766848
395,85.0,85.0,40.0,0.0,41.651421091,1.40168932161,-11.6105427258,12.039120819,12.2759774872,14.1091219043
1005,20.0,100.0,40.0,40.0,40.3124657376,21.6135567774,3.4565755948,14.249098732,11.4403593077,8.4667769464
724,100.0,30.0,100.0,0.0,46.7166687476,-25.3770581174,12.240656404,11.338371404,15.8042896074,9.09410117857
475,85.0,70.0,55.0,0.0,42.7973453541,-1.73641204514,-4.40134920212,12.3013290134,13.022644584,12.2062274744
453,55.0,20.0,55.0,0.0,58.2751106729,-11.9433335678,10.3781633264,22.5856166147,26.2516106917,16.8094408174
439,30.0,70.0,55.0,0.0,50.5528745068,21.87896531,9.49822778038,22.7038326776,18.8854129779,12.0243583267
417,10.0,20.0,55.0,0.0,69.9464559569,5.29430612773,27.9271616461,40.926834858,40.6733507097,17.9367368062
969,100.0,70.0,0.0,40.0,37.7966339959,-0.877560428109,-15.7158561669,9.50958202936,9.97450475485,13.1623067727
1062,70.0,20.0,100.0,40.0,44.6956017871,-13.8731214462,15.7898662249,11.7305771696,14.3251011603,7.23610006721
959,40.0,70.0,0.0,40.0,41.6336349977,11.9455366373,-7.55683675796,13.6161681816,12.2646191725,12.6083688975
1052,20.0,20.0,100.0,40.0,50.9253549015,-0.230408090495,28.5339901544,18.474268216,19.2042822835,6.75766701286
949,0.0,70.0,0.0,40.0,45.1690098826,24.3211710512,0.317595964783,18.4242721184,14.6629172873,11.9894688547
633,85.0,20.0,85.0,0.0,51.1437441748,-23.1986382193,14.104562199,14.5543607349,19.392897343,10.8361728955
133,55.0,70.0,10.0,0.0,49.5462568211,12.0632357459,-14.2838467603,19.7221888725,18.0413785114,21.274007927
597,30.0,20.0,85.0,0.0,63.9665225629,-4.22729367494,36.0407908017,30.4426992807,32.7605107674,10.89127056
97,10.0,70.0,10.0,0.0,56.1456964816,31.2082737068,-2.08762239095,30.9078128309,24.0578782896,20.8665744053
625,70.0,30.0,85.0,0.0,50.7143344703,-16.4772128852,15.5356577614,15.3679033065,19.0231970332,10.1565208399
134,55.0,85.0,10.0,0.0,45.3366976772,16.4463296154,-14.5110909333,17.0853716473,14.7838382695,17.9401533341
589,20.0,30.0,85.0,0.0,63.4790198019,5.50700591554,35.9692500989,32.5365168919,32.1649988006,10.6463950241
98,10.0,85.0,10.0,0.0,53.5922537673,36.4465834507,-1.77273689914,29.371036265,21.5927887929,18.6177125569
741,10.0,100.0,0.0,20.0,45.9599514838,33.0560344866,-2.86802422932,20.8547898511,15.2390972089,13.6140009608
485,100.0,85.0,55.0,0.0,39.4265883421,-3.26886159428,-8.73486089504,10.0934787351,10.9088877888,11.7016274675
338,10.0,40.0,40.0,0.0,63.6367245837,15.6037170069,13.8933799843,35.6529271042,32.3568473898,19.3858116837
1067,100.0,20.0,100.0,40.0,40.4961755286,-17.068576247,8.59425070293,8.95805767904,11.5526916254,7.22516696794
946,0.0,0.0,0.0,40.0,59.9822456669,1.73131768876,4.59813817156,27.5322644337,28.1036292475,20.8314424702
1021,0.0,0.0,70.0,40.0,57.3466785536,-0.375759147203,31.1282469746,24.2900352952,25.2794364545,8.93570656057
992,100.0,20.0,20.0,40.0,41.6545148745,-11.9886606078,-10.0317262557,10.2074161871,12.2779539131,13.5176250533
1023,0.0,40.0,70.0,40.0,50.5198877286,11.9281172211,23.3124072439,20.5492270561,18.8573453605,7.86919821154
566,100.0,85.0,70.0,0.0,40.3512860677,-5.57363196181,-3.30485919815,10.3110373656,11.4640356689,10.4574960954
777,10.0,100.0,10.0,20.0,46.1068553337,33.2549071105,-0.260875416367,21.0287273407,15.3477477479,12.7562772574
1000,0.0,100.0,40.0,40.0,41.9686822163,28.090569135,7.58387059323,16.5663331709,12.4797623645,8.12645037426
647,100.0,85.0,85.0,0.0,39.4693378147,-5.00446207057,-0.940700157947,9.89543612414,10.9341487146,9.29066409057
339,10.0,55.0,40.0,0.0,59.0704441232,24.1029166537,10.7530080912,32.4226412915,27.1039749902,17.2400442142
643,100.0,30.0,85.0,0.0,47.3013222915,-23.9709077468,7.55217599638,11.8923644019,16.2504120814,10.8130123874
996,0.0,0.0,40.0,40.0,59.7552486482,0.233961071476,19.3104997724,26.9158204962,27.852502143,14.2209268647
415,10.0,0.0,55.0,0.0,76.6180840458,-5.96982197371,34.7529701028,46.9130142945,50.8994875964,20.1119652314
261,10.0,100.0,30.0,0.0,50.2657299189,40.441543466,4.66329413342,26.7443161164,18.6420209032,13.5739924081
451,55.0,0.0,55.0,0.0,63.3486495672,-21.7307288642,14.5500411617,25.3470573679,32.0069765778,18.8473641075
297,55.0,100.0,30.0,0.0,43.3639460144,18.8524224217,-7.54998130454,15.9965224158,13.4027623411,13.6908752948
146,85.0,10.0,10.0,0.0,56.2725780642,-19.4752902479,-21.4733828406,19.2152945612,24.1850323691,32.15160697
1050,0.0,100.0,100.0,40.0,42.6338623082,27.512079653,16.9415430922,16.9789298493,12.9143199199,6.14613176326
951,20.0,0.0,0.0,40.0,57.8088377274,-3.01844962343,-0.841248488537,24.140201741,25.7603127786,21.6792722664
1060,40.0,100.0,100.0,40.0,38.2037339674,13.75019371,9.18442635919,11.6796737861,10.2026654834,6.17223492327
961,70.0,0.0,0.0,40.0,48.2235886707,-11.8795132264,-11.4838534756,14.3474190594,16.9710901435,18.8271162476
1070,100.0,100.0,100.0,40.0,34.53674468,-1.60226348563,0.861140087578,7.79900519073,8.26890157712,6.6224122469
577,10.0,0.0,85.0,0.0,76.0461876407,-6.03267774121,52.6504818245,46.0140967363,49.9624180894,12.3012457945
522,30.0,100.0,70.0,0.0,46.8240389124,29.3559207615,10.67794488,20.8598769371,15.8855988969,9.60049979706
613,55.0,0.0,85.0,0.0,62.964819541,-23.1598505306,30.68429114,24.6220020966,31.5447415811,12.0978001942
1400,80.0,65.0,65.0,100.0,32.006882696,-1.02763327126,1.78440627038,6.73380125351,7.08820959351,5.47835505163
569,0.0,10.0,85.0,0.0,75.2270757771,5.21764219843,54.3754823874,48.7957272543,48.6404175582,11.2415038055
117,30.0,100.0,10.0,0.0,47.350709712,31.6809349442,-6.71170632199,21.8326848784,16.28847727,16.0725934902
605,40.0,10.0,85.0,0.0,63.6060304193,-12.192384978,32.984614822,27.9599509887,32.3194481752,11.6912696751
80,100.0,85.0,0.0,0.0,41.5787824958,3.19911960217,-24.6411306689,12.2549248333,12.2296341346,19.6240909287
772,10.0,0.0,10.0,20.0,68.5847337354,-2.64895835489,5.45145769174,36.5772821921,38.7705526731,28.5347816384
773,10.0,10.0,10.0,20.0,65.3220815837,2.17082646054,4.07327128656,33.8458676488,34.4549395478,26.0225349583
1399,100.0,85.0,85.0,100.0,31.1748625287,-1.70425351042,1.19993393211,6.3241520375,6.72601702277,5.30765382186
737,10.0,10.0,0.0,20.0,64.8942324962,3.20317349196,-0.518268288842,33.6126882426,33.9139760383,28.2956804412
1408,100.0,100.0,0.0,70.0,31.989192405,2.78180390931,-6.88054065726,7.1067578452,7.08037657356,7.42406064761
1409,100.0,0.0,100.0,70.0,36.9282853003,-13.4799081867,7.78579453056,7.63043057281,9.49925412031,5.99802443355
1410,0.0,100.0,100.0,70.0,36.6260911481,17.7178364847,11.3558172443,11.2830585751,9.33747330217,5.15861340522
1411,40.0,40.0,0.0,70.0,38.0193582436,3.19934379453,-2.12298771905,10.1452973583,10.0989051564,8.91555095923
1412,40.0,0.0,40.0,70.0,41.5324746182,-5.08299318709,7.01413932906,11.0558583542,12.2001507194,8.07841312251
1413,0.0,40.0,40.0,70.0,40.9461730906,8.87876044026,9.33869513365,12.6918748671,11.830951223,7.23283637662
940,100.0,0.0,100.0,20.0,47.4120029102,-27.66327196,14.3686684696,11.4373785761,16.3358014024,8.83229714184
759,70.0,100.0,0.0,20.0,39.4748310167,11.8545813291,-13.9038962347,12.1945799206,10.937397506,13.5599482127
928,40.0,0.0,100.0,20.0,58.1875385829,-13.9003287266,34.480411927,22.0762830517,26.1588663393,8.41135648815
747,20.0,100.0,0.0,20.0,44.6205149865,29.5334195866,-4.85267418106,18.9763282588,14.2720019635,13.4934570302
910,0.0,0.0,100.0,20.0,67.9598106612,-0.791478604368,51.6490848949,36.324365036,37.9175601089,8.32524338956
917,10.0,10.0,100.0,20.0,62.7229006285,-0.636720942735,43.254372405,29.9703923394,31.2557047372,8.15621667153
881,10.0,10.0,70.0,20.0,62.7262870713,0.06875975743,32.8253417554,30.1619583701,31.2597385142,11.2405392978
1211,100.0,100.0,0.0,80.0,31.1911128751,2.56911834775,-5.31020708683,6.74170270278,6.73297015984,6.71565643442
672,20.0,55.0,100.0,0.0,55.8255253755,19.1355847432,30.1692960106,27.4038607275,23.7390025133,8.47598569198
26,20.0,85.0,0.0,0.0,52.1537420388,33.0510707174,-6.92086212891,26.9286710942,20.2812701849,19.8685512208
717,85.0,55.0,100.0,0.0,45.681216638,-12.0229374195,10.0078478797,12.6183579376,15.0343558905,9.22202873086
1227,100.0,100.0,40.0,80.0,31.2461653559,0.544870350463,-3.11576560713,6.56775941353,6.75656142122,6.23935907264
510,20.0,55.0,70.0,0.0,56.6964810188,17.1067027466,22.950695245,27.8375931666,24.6130933254,11.0704947622
269,20.0,85.0,30.0,0.0,51.0629343467,31.6858552237,2.40473607493,25.4566426057,19.3229615044,14.9692530166
555,85.0,55.0,70.0,0.0,45.1852632277,-8.43896284704,2.09243118146,12.8352632627,14.6746087363,11.4017917235
396,85.0,100.0,40.0,0.0,41.2202520159,5.96160002449,-11.4180407194,12.4337871723,12.0025999462,13.7552693198
290,55.0,10.0,30.0,0.0,62.7125906245,-14.1171011855,-1.7136941928,26.5214208369,31.2434260645,26.7680542128
360,30.0,100.0,40.0,0.0,47.5689032653,30.5927284425,2.012948436,21.8009517532,16.4573607294,12.8445205971
254,10.0,10.0,30.0,0.0,73.554619166,1.07618925747,14.4274538916,44.7432551313,46.014001938,28.2871792985
477,85.0,100.0,55.0,0.0,39.9264695136,4.13057087652,-8.09834158124,11.3716657796,11.2067128827,11.7776386099
47,55.0,10.0,0.0,0.0,62.8078268814,-11.1739350463,-18.4338422988,27.3505280673,31.3569698516,37.8962485537
441,30.0,100.0,55.0,0.0,47.0334347481,29.8179488603,5.31165152992,21.1456840303,16.0449715332,11.3909718539
11,10.0,10.0,0.0,0.0,74.1776377876,3.59581607089,-2.04439776791,46.5725828537,46.9810367727,40.313605077
1429,7.0,0.0,0.0,7.0,75.2936672105,-1.64592408778,0.908025418529,46.4191523344,48.7470109139,39.5293038019
1404,10.0,6.0,6.0,100.0,35.4435548444,1.69908420943,4.23789342673,8.60546790042,8.72205752812,6.21354884552
1431,7.0,7.0,0.0,7.0,71.9275601315,2.89245342495,-0.475371703915,42.965212805,43.5512975844,36.2734768499
1390,40.0,27.0,27.0,60.0,41.9822247382,0.260247513952,2.19426385522,12.0802765129,12.4885108956,9.64059157665
1433,7.0,0.0,7.0,7.0,75.2502308836,-1.95447640859,5.11486513229,46.2431883922,48.6774644525,36.3726781329
1386,10.0,6.0,6.0,40.0,56.020817702,1.34599604149,3.68052476362,23.3801495273,23.9331672655,18.0429566871
1435,7.0,7.0,7.0,7.0,72.099266103,2.39713058148,3.3609282922,43.0478869539,43.8069386094,33.7986842393
1405,100.0,0.0,0.0,70.0,36.366454253,-8.65439070155,-8.09410324546,7.88965689458,9.19995151189,9.82096032852
1406,0.0,100.0,0.0,70.0,35.7538495385,18.1867649298,1.89513741409,10.8336842061,8.88083924809,6.87058171149
1407,0.0,0.0,100.0,70.0,45.6767703798,-0.0881664641481,24.2167320589,14.4800133498,15.0311048938,5.71223334345
732,0.0,20.0,0.0,20.0,65.1329688635,10.7263183726,1.74261899846,36.1234913999,34.2151254731,27.1890760525
926,20.0,70.0,100.0,20.0,47.2073653898,19.9533885606,19.982626261,19.285350634,16.1781589349,7.26983378385
750,40.0,20.0,0.0,20.0,56.6753850039,-1.67877050739,-9.37897380588,23.33443095,24.5916718957,25.1965754937
938,70.0,70.0,100.0,20.0,41.2838868339,-0.680023334181,8.57089102855,11.5170291946,12.042688881,7.56760043438
762,100.0,20.0,0.0,20.0,47.0692418195,-14.255193469,-23.2762091943,13.1859804235,16.0723308167,23.7302059903
736,10.0,0.0,0.0,20.0,69.4827544474,-1.84848891337,0.484765543173,38.0118516304,40.0185690384,32.694759497
811,10.0,40.0,20.0,20.0,56.7086563392,14.0056402927,4.03766993321,27.0742361633,24.6254621149,18.417835533
14,10.0,40.0,0.0,0.0,64.0503617236,20.1397623644,-4.86227885107,37.5696324766,32.8636599706,30.0839362294
688,40.0,30.0,100.0,0.0,58.3236881392,-3.09887353876,31.0852556619,24.6350681745,26.3031516831,9.43033063206
1206,70.0,70.0,0.0,80.0,32.9540536257,3.33421521199,-3.81156269274,7.59676214483,7.51609066178,7.0802381464
1245,0.0,40.0,100.0,80.0,39.4033739695,6.26616712929,15.8394164622,11.3550992084,10.8951865883,5.2182700596
257,10.0,40.0,30.0,0.0,64.7717520841,15.2748987539,9.79667861986,37.0304468734,33.7601636482,22.3808087635
526,40.0,30.0,70.0,0.0,59.0093286886,-4.20805113036,22.0088322743,25.067635295,27.0378321939,12.7477000304
1222,70.0,70.0,40.0,80.0,33.0348329597,1.99632600302,-0.100925777569,7.49201597941,7.55335910982,6.25465810433
1229,0.0,40.0,70.0,80.0,38.7963772754,7.31215690552,12.4397142469,11.138212518,10.5409941852,5.69436275741
503,10.0,85.0,70.0,0.0,52.5888405277,34.3168427009,18.8050979774,27.7126310911,20.6721865863,10.1450302352
274,30.0,30.0,30.0,0.0,63.5373827784,3.3113296105,4.14501580601,31.9943969053,32.2359089821,24.2582983381
1239,70.0,100.0,70.0,80.0,32.554689923,3.33921550322,1.67665441552,7.4157218547,7.33364000334,5.69468134779
1225,100.0,40.0,40.0,80.0,33.2956863778,-4.68420375237,-1.74357628315,6.92180403159,7.67454763836,6.7300653371
665,10.0,85.0,100.0,0.0,51.6066127166,34.0487488598,24.7976184136,26.5937330476,19.7967347249,7.96998359216
31,30.0,30.0,0.0,0.0,63.0539842301,5.96752194108,-11.5542432739,32.1534309296,31.6517203956,33.3365123119
1255,70.0,100.0,100.0,80.0,32.6695277194,2.96164809723,2.93201016146,7.42801463976,7.38579804322,5.47731760796
1209,100.0,40.0,0.0,80.0,33.5669873224,-2.56208830007,-6.71051286076,7.25596669109,7.80195789632,8.0760611767
1480,40.0,40.0,3.0,40.0,45.914724196,3.98394926117,-6.48576160467,15.3293611576,15.2057505044,14.9749150568
1481,3.0,0.0,40.0,40.0,59.5152815316,-0.47892356226,18.8763871365,26.4863653494,27.5886576395,14.2287386355
1482,0.0,3.0,40.0,40.0,59.2466615082,1.31761456813,18.2514005039,26.6428175515,27.2952917674,14.2908892697
1483,3.0,3.0,40.0,40.0,57.8599836077,0.577304556656,17.2292185718,25.0278952348,25.8139017706,13.7709957259
1484,40.0,3.0,40.0,40.0,50.9144872918,-7.54819955586,8.03863622095,17.094073262,19.1949283956,12.7525374248
1485,3.0,40.0,40.0,40.0,49.2194039249,12.6218922929,11.3764749396,19.5519255243,17.7728267761,10.6486802617
1425,7.0,7.0,0.0,0.0,75.4822738927,2.93187861723,-1.37383713858,48.3613666002,49.0497598201,41.5379524203
1426,7.0,0.0,7.0,0.0,79.0287817733,-2.65692156272,4.81912494943,51.9903849869,54.9783267192,41.4766606719
1368,100.0,85.0,85.0,0.0,40.1703628039,-6.36446824259,-0.956411362057,10.1076615999,11.3539693964,9.64851386205
1428,7.0,7.0,7.0,0.0,75.7105586631,2.41763372761,2.89340566495,48.5331280847,49.417873041,38.5772515885
943,100.0,40.0,100.0,20.0,41.8124539697,-15.0300747155,6.71958970523,9.90482685282,12.3791334629,8.28449599645
757,70.0,40.0,0.0,20.0,46.9811525084,-1.29525762606,-16.2943189713,15.2137677872,16.0050797778,20.0874084477
931,40.0,40.0,100.0,20.0,50.0323772968,1.02089317046,21.8246458005,17.9792643235,18.4457717945,8.03759863302
745,20.0,40.0,0.0,20.0,56.2234886072,11.4721230183,-5.62581172302,25.9430553464,24.1357844832,22.737473687
913,0.0,40.0,100.0,20.0,58.6122255964,14.8383045994,37.2814861738,29.3787716192,26.6106826882,7.86486583209
882,10.0,20.0,70.0,20.0,60.9955592974,2.834701701,29.8397575188,28.9277391619,29.2430769109,11.2410540392
880,10.0,0.0,70.0,20.0,66.2160037919,-4.80961400196,36.0764543118,32.9535038975,35.6036991797,12.1713625638
67,85.0,30.0,0.0,0.0,52.4659063646,-9.53244792196,-25.704782462,17.9671835328,20.5612312574,30.6363896994
1248,40.0,0.0,100.0,80.0,39.4394638052,-5.45131489783,14.0084981221,9.82261698471,10.9164918801,5.59910701094
30,30.0,20.0,0.0,0.0,66.5884611666,1.23242521878,-9.94722076947,35.1639123626,36.0897733685,36.4645156634
713,85.0,10.0,100.0,0.0,53.4669408496,-28.2116944745,19.505125529,15.3900574126,21.4763540269,10.3961635324
310,85.0,30.0,30.0,0.0,51.8859566045,-15.2901630947,-12.4867601288,16.4532560482,20.0431445617,22.4153403081
1232,40.0,0.0,70.0,80.0,39.5120685771,-5.16013941327,11.270487553,9.89905173775,10.9594375254,6.209595615
273,30.0,20.0,30.0,0.0,65.4837628595,-1.49572316235,5.06694937529,32.9981168884,34.6608541516,25.6147162797
551,85.0,10.0,70.0,0.0,53.6766702974,-26.0595043769,9.00880867215,15.9162128683,21.6714613537,14.152571848
1226,100.0,70.0,40.0,80.0,32.835719291,-0.950472853659,-2.63465590629,7.09827366646,7.46171742883,6.75291096831
517,30.0,30.0,70.0,0.0,62.1307627259,1.14146032139,25.5964926036,29.7653511036,30.555699076,13.3977915442
276,30.0,55.0,30.0,0.0,56.8304575789,14.2674888112,1.14191633517,27.2699085474,24.7494269647,19.8688023304
1241,100.0,40.0,70.0,80.0,33.4534596929,-6.01846081337,1.97478089013,6.85663471201,7.74847205631,5.95929048055
1210,100.0,70.0,0.0,80.0,31.2386548727,0.627960235919,-6.22157301928,6.57265451694,6.75333976454,6.94920830612
679,30.0,30.0,100.0,0.0,60.8513435212,0.311784759641,34.8523648099,28.1200681325,29.0790641232,9.60362337145
33,30.0,55.0,0.0,0.0,56.636323323,18.0371548087,-11.353284558,28.0075524385,24.5520404924,26.2820815321
1257,100.0,40.0,100.0,80.0,34.7015841363,-7.14606060856,3.92352247784,7.28762273946,8.35007965947,6.00301253685
1418,3.0,0.0,0.0,3.0,80.0447582951,0.317645522815,2.89057427371,54.8600950953,56.76060765,44.4234623211
1471,3.0,40.0,0.0,40.0,51.5341473182,13.5705824921,0.66112291991,21.8158616798,19.7331444451,16.0061394989
1416,0.0,3.0,3.0,0.0,80.7328222771,3.34392063434,4.37155922689,57.2750099639,57.989265657,44.1825374213
1473,3.0,0.0,3.0,40.0,59.174647818,1.01874238049,4.49547768662,26.4935577942,27.2169990938,20.2002810062
1474,40.0,0.0,3.0,40.0,52.6836790401,-6.52841709858,-3.73736433285,18.7216694581,20.7580561602,18.8009345507
1450,0.0,40.0,0.0,3.0,66.5372400918,23.7124724328,-0.66524117066,42.1555397065,36.0226667514,30.1412539101
1402,40.0,27.0,27.0,100.0,34.2506559584,0.744108062696,3.00073413672,7.9200835604,8.12926419809,6.03441323825
1451,3.0,40.0,0.0,3.0,66.365009896,20.7343761883,-1.95439674516,40.9277506239,35.7976318333,30.7731532393
1478,0.0,40.0,3.0,40.0,52.9613365863,14.0612596964,1.83530928926,23.2740908506,21.0108219792,16.5456585836
1479,3.0,40.0,3.0,40.0,51.5834353458,13.9250563747,1.18779453179,21.9378732393,19.77638114,15.8236460776
238,100.0,30.0,20.0,0.0,50.0322579019,-15.004625952,-19.7871263804,15.1196894118,18.4456717378,24.6143251666
114,30.0,55.0,10.0,0.0,55.5385689179,18.1140164994,-7.11134912414,26.8429172777,23.4556124169,22.8975132897
607,40.0,30.0,85.0,0.0,58.4833467196,-3.21146325645,26.9797477754,24.76939445,26.4730255809,10.7657520951
726,100.0,55.0,100.0,0.0,43.3233250526,-15.7498375833,5.98343732444,10.6582278749,13.3752678425,9.21028262556
571,0.0,30.0,85.0,0.0,69.966423416,13.8304160039,46.042240608,43.8093463777,40.7017055322,11.0017628839
797,100.0,10.0,10.0,20.0,47.9802203214,-18.2775288799,-19.4934404215,13.1712889716,16.7788899721,22.5571853041
885,10.0,100.0,70.0,20.0,44.9864770302,30.3712715143,13.7437599186,19.4530493334,14.5320429132,7.87650776145
10,10.0,0.0,0.0,0.0,78.3321318103,-2.69858979717,-0.70136122152,50.8322426842,53.7780412353,44.9490325597
296,55.0,85.0,30.0,0.0,45.2049671582,15.729608425,-7.25047246774,16.8519941979,14.6887906119,14.7935462408
38,40.0,10.0,0.0,0.0,66.884259487,-6.673366526,-13.3290218817,33.241858726,36.4789406109,39.3311506158
259,10.0,70.0,30.0,0.0,57.0445708596,29.4061267198,5.92751951649,31.4727707017,24.9683508369,17.8273373506
496,10.0,0.0,70.0,0.0,76.1889186035,-6.10540809704,45.0975333781,46.2060266332,50.1952006046,15.2196718072
701,55.0,85.0,100.0,0.0,44.1039888937,10.9457694122,11.2245766254,15.1866634741,13.9102815076,8.13723956664
524,40.0,10.0,70.0,0.0,64.1167571098,-12.3976863868,26.1531898163,28.4689452832,32.945501163,14.4820660109
664,10.0,70.0,100.0,0.0,54.5256925869,29.558853001,28.2919180518,28.6271934709,22.4733653216,8.37763158444
499,10.0,30.0,70.0,0.0,66.3926910358,10.0088195323,32.7704298554,37.5589251375,35.833736448,13.4620694729
278,30.0,85.0,30.0,0.0,49.8934536355,26.5131273044,-0.970231420043,23.1014229677,18.3295939397,15.5146262336
535,55.0,30.0,70.0,0.0,56.5015389901,-9.14448623293,16.2046275051,21.536958737,24.4156172779,13.2825686418
314,85.0,85.0,30.0,0.0,42.1758710534,3.17796233018,-14.3051938277,12.6320306007,12.6140548787,15.5263222684
661,10.0,30.0,100.0,0.0,65.6768166923,8.44952183364,44.4404896174,36.1437524513,34.9077969727,9.23424785844
35,30.0,85.0,0.0,0.0,50.1306610013,28.4294358731,-10.2769920443,23.7635081143,18.5282594427,19.8054132865
697,55.0,30.0,100.0,0.0,55.4968194595,-9.64659025261,24.6962655762,20.5239684058,23.4145707348,9.87887871624
71,85.0,85.0,0.0,0.0,43.0878261934,7.55843582347,-22.2912651073,13.9134070499,13.2166098763,19.7440288747
1455,0.0,40.0,3.0,3.0,66.9901905915,22.3038868192,-0.00192069294205,42.3370253559,36.6189863331,30.2157109133
1461,0.0,3.0,40.0,3.0,78.1834383258,1.29253976923,27.7270178742,52.1076534536,53.5241347601,25.183589801
1448,40.0,0.0,0.0,3.0,68.417683151,-11.5535751981,-11.0942063817,33.7362166543,38.5412963792,39.6408673714
1449,40.0,3.0,0.0,3.0,68.1665276509,-9.83677329544,-11.3959180241,33.9187395795,38.1983200841,39.5412564759
1464,0.0,40.0,40.0,3.0,65.0402689933,21.8790826237,17.2772321636,39.4540026592,34.0979801798,18.9350912521
1465,3.0,40.0,40.0,3.0,64.1545979003,19.8373545519,16.4602250565,37.6149849717,32.9922057269,18.6076116877
1419,0.0,3.0,0.0,3.0,79.5832145683,3.54991336572,3.76036430883,55.3552963592,55.9462432149,43.0731273197
1467,3.0,0.0,0.0,40.0,60.7277962423,0.878295132427,3.71201478735,28.1287142403,28.9390457475,21.9235973531
1468,0.0,3.0,0.0,40.0,60.057260702,2.70563406357,3.93744370321,27.8590928375,28.1869491111,21.2244757341
1469,3.0,3.0,0.0,40.0,60.6212273479,1.96917815056,3.45166391382,28.2897337112,28.8186309511,21.96280953
945,100.0,100.0,100.0,20.0,37.0198036882,-1.68446565303,1.10094196769,9.00558222112,9.54861490103,7.59736162395
754,70.0,0.0,0.0,20.0,55.6087204777,-15.0215127989,-15.9031600445,19.5313156796,23.5246826497,27.9186191232
933,40.0,100.0,100.0,20.0,41.6911631931,17.2700656496,11.0724806984,14.5092737945,12.3013823879,7.1236527782
742,20.0,0.0,0.0,20.0,66.6368171755,-4.37837499662,-2.41424433351,33.5925159011,36.1532027887,31.3724102836
915,0.0,100.0,100.0,20.0,47.0739127006,34.6218809596,21.5700268031,22.2105064708,16.075902011,6.83346854385
884,10.0,70.0,70.0,20.0,50.0038427157,22.0550329075,18.0740361932,22.2240229571,18.4218692042,9.04699967724
833,100.0,10.0,20.0,20.0,47.9735945844,-18.6085134696,-14.892055434,13.1161931363,16.7736776894,20.2368101641
1259,100.0,100.0,100.0,80.0,31.5990981903,-0.721472863699,1.54269209106,6.59238824257,6.90911157841,5.3852599253
1200,40.0,0.0,0.0,80.0,38.3140507205,-2.41155580888,0.0301704935657,9.59582729131,10.2650864881,8.46158637895
674,20.0,85.0,100.0,0.0,50.3108763025,28.9887783486,21.3665245125,24.0686681777,18.6801489075,8.28597126938
65,85.0,10.0,0.0,0.0,56.902637905,-18.4126950617,-26.7473236334,19.9707876877,24.8230854104,36.5366641617
1243,100.0,100.0,70.0,80.0,32.146906274,-0.534144295644,0.413205504149,6.84200993272,7.15041406126,5.81217508516
1216,40.0,0.0,40.0,80.0,38.8132492262,-4.02264018666,6.23241470133,9.66315472117,10.5507339842,7.09423300479
512,20.0,85.0,70.0,0.0,49.9998602402,29.5900818557,15.9172100958,23.8995021586,18.418534843,9.67036869055
308,85.0,10.0,30.0,0.0,55.5991830743,-22.1300434217,-11.4947260347,18.139091601,23.5152843039,25.3429125393
1224,100.0,0.0,40.0,80.0,35.3792053631,-9.09998720667,-0.00685106176063,7.38807457302,8.6893678293,7.17130099505
521,30.0,85.0,70.0,0.0,49.4608597476,24.3822930413,12.30398504,22.2211557775,17.9709546034,10.4879159167
272,30.0,10.0,30.0,0.0,68.5089497146,-6.26437666578,6.93331286126,35.3951075658,38.6664361306,27.5627427915
557,85.0,85.0,70.0,0.0,41.753813195,-0.940899899416,-1.79785819879,11.7664236087,12.3415021645,10.7446194286
1208,100.0,0.0,0.0,80.0,34.477951627,-6.5716872148,-5.60753575096,7.24740797576,8.24007570321,8.19961347611
683,30.0,85.0,100.0,0.0,48.0168902857,23.2520017032,18.0236404839,20.6598808872,16.8077567378,8.12332953317
29,30.0,10.0,0.0,0.0,69.3906115155,-3.40761703916,-9.6526858509,37.4065817864,39.8892989298,39.8202646775
719,85.0,85.0,100.0,0.0,41.5178354858,-0.841908795832,3.96473322638,11.6362195865,12.1908401074,8.89987499829
730,0.0,0.0,0.0,20.0,71.8331969387,1.70462875745,4.32450905778,42.4292603899,43.4112312403,32.8370136254
927,20.0,100.0,100.0,20.0,43.7830541149,25.55615743,15.6037932324,17.529597604,13.6886407566,6.90244454774
748,40.0,0.0,0.0,20.0,61.3164887497,-9.6980953635,-8.6193595081,26.1321585838,29.6102722563,29.4837922484
939,70.0,100.0,100.0,20.0,38.231199013,5.95908145742,4.49988788847,10.6262923438,10.2181824226,7.27144873127
760,100.0,0.0,0.0,20.0,50.1569370933,-19.3457013864,-22.1048350727,14.4887646617,18.5503540526,26.0404911691
879,0.0,100.0,70.0,20.0,46.5738685843,34.9177351732,16.2789830475,21.8086963467,15.6965804245,7.92875441745
778,20.0,0.0,10.0,20.0,66.1856324268,-5.27433031008,2.20361189697,32.7853435873,35.5642567295,27.9963872427
897,40.0,100.0,70.0,20.0,41.9436053532,17.4212759965,7.0008269146,14.7130680663,12.4635733852,8.26976912611
790,70.0,0.0,10.0,20.0,54.9468255955,-16.9200353678,-12.8843456961,18.5984306153,22.8783625297,25.4924359914
909,100.0,100.0,70.0,20.0,37.212658424,-1.64886344241,-3.15794067359,9.10921799171,9.65319103318,8.81599326421
802,0.0,0.0,20.0,20.0,70.885241141,0.806387849028,13.0613617886,40.7827631472,42.0207756533,26.3701841929
855,20.0,100.0,40.0,20.0,44.0612157742,27.4775444742,3.9787266168,18.1153529746,13.8806048012,10.1828933142
820,40.0,0.0,20.0,20.0,60.9819522472,-10.9265276706,0.612994269887,25.4904685635,29.2275756909,23.7832156519
867,70.0,100.0,40.0,20.0,39.3542387472,8.15730127591,-6.32895482604,11.5901315405,10.8662246634,10.8703555079
832,100.0,0.0,20.0,20.0,49.2111707374,-22.6604612014,-14.9112422771,13.3134165361,17.7660967908,21.2989162442
808,10.0,0.0,20.0,20.0,68.6016401626,-2.95482724646,9.70391986183,36.506688622,38.7938051864,26.0361640471
809,10.0,10.0,20.0,20.0,64.0872170169,1.90840144505,7.516277519,32.2633011199,32.9090722907,22.9562343932
662,10.0,40.0,100.0,0.0,61.3331773096,16.1602407708,38.4347465249,32.9317860087,29.6294502924,8.81443673148
40,40.0,30.0,0.0,0.0,60.6626385278,2.89865115125,-13.6898727022,28.5737103095,28.8653826935,32.0102236224
1254,70.0,70.0,100.0,80.0,34.2879944563,0.134425195604,4.72506391487,7.87112747766,8.14739889332,5.68220549241
1197,0.0,40.0,0.0,80.0,38.9269625158,8.34613015688,3.11581388418,11.3587782979,10.6165346461,7.92326354405
500,10.0,40.0,70.0,0.0,63.5026398075,13.5046095947,30.3474815368,34.8609749191,32.1936842296,12.5380544835
283,40.0,30.0,30.0,0.0,61.0045480215,-1.66015626251,0.233036556918,27.787684041,29.2533199161,24.0101731624
1238,70.0,70.0,70.0,80.0,33.4082984177,0.705885384584,2.93838630713,7.52570607535,7.72726354519,5.73852620796
1213,0.0,40.0,40.0,80.0,38.5231225782,7.68573887076,8.38151435773,11.0282151845,10.3840840096,6.47446030626
494,0.0,85.0,70.0,0.0,54.809103813,40.816956779,23.0026914711,31.9621684043,22.7453867533,10.0323557718
1220,70.0,0.0,40.0,80.0,37.0151550151,-7.37095782183,2.69018481777,8.34291241539,9.54610350937,7.20135028624
530,40.0,85.0,70.0,0.0,47.5626710456,18.4744023107,9.18892224844,19.29574123,16.4525208237,10.4386584048
245,0.0,10.0,30.0,0.0,76.9212713828,6.12055032817,19.2001170562,51.8729538948,51.4009874698,28.9174010206
656,0.0,85.0,100.0,0.0,54.0858452321,40.1273776917,29.4299902513,30.9187710552,22.0555035774,7.87711154384
1204,70.0,0.0,0.0,80.0,36.3897567521,-5.41432555442,-3.69251306528,8.25954659926,9.21223861113,8.57186508885
692,40.0,85.0,100.0,0.0,46.7529962822,18.6648322699,14.9902412587,18.64997659,15.8317685938,8.35085192219
2,0.0,10.0,0.0,0.0,77.5662227793,7.98302770139,2.36819145816,53.6699356019,52.4787310421,41.4213495809
942,100.0,20.0,100.0,20.0,45.0117436347,-22.8416128964,10.6511576319,10.6830176582,14.550112207,8.71538427932
758,70.0,70.0,0.0,20.0,42.7576598699,5.59082447749,-16.7455245949,13.3806722494,12.9962933326,16.9682574931
930,40.0,20.0,100.0,20.0,54.2084723349,-7.09499908599,27.8369188791,19.9110840121,22.1714758147,8.35289259835
746,20.0,70.0,0.0,20.0,49.1881082669,22.6537471985,-5.25173787915,21.5955447687,17.7472540745,16.7934434005
912,0.0,20.0,100.0,20.0,61.8394838786,7.93863207554,42.3152325827,31.2539282178,30.2152279669,8.00266713323
157,100.0,30.0,10.0,0.0,50.1161962619,-14.0472482037,-23.9955329449,15.3427095835,18.5161040601,27.0989327093
599,30.0,40.0,85.0,0.0,58.2547811602,5.78925358785,27.9373755802,26.6910242406,26.2300609536,10.3410937923
121,40.0,30.0,10.0,0.0,60.6160759022,0.163667919491,-9.75901123194,27.8254063585,28.8128186858,29.4414597681
635,85.0,40.0,85.0,0.0,47.9688687158,-16.8050220737,8.46849694051,13.3909501899,16.7699606398,10.8881046549
85,0.0,30.0,10.0,0.0,71.6135838093,17.0627869379,4.71267472626,47.4380130517,43.086415826,32.3262050179
870,100.0,20.0,40.0,20.0,46.2893095535,-16.8089980054,-7.07869628874,12.2982479124,15.4834089004,15.4717789993
830,70.0,70.0,20.0,20.0,41.8609322089,5.70652642072,-10.3474712305,12.8076020513,12.4103008975,13.7680389409
858,40.0,20.0,40.0,20.0,55.2578578273,-4.71106831675,6.5194197058,21.3400679284,23.1805811264,16.2403172098
818,20.0,70.0,20.0,20.0,49.4418757932,20.9424726854,-0.191068666083,21.4640681901,17.9553241554,14.890411768
840,0.0,20.0,40.0,20.0,64.6484222232,8.15481539444,19.1201487452,34.740415053,33.6057551334,17.7905791271
883,10.0,40.0,70.0,20.0,56.4284393354,10.8962922821,25.5933564987,26.0172895148,24.3418405971,10.0936246214
761,100.0,10.0,0.0,20.0,47.7623745642,-16.3358183033,-22.6708771374,13.3257586945,16.6080819395,24.0496413135
715,85.0,30.0,100.0,0.0,48.7636395086,-19.0494972903,14.1949339046,13.5750646679,17.4028257803,9.54960297669
24,20.0,55.0,0.0,0.0,57.9814550662,22.9037424265,-7.95875455963,30.8017710395,25.9414733698,25.6662122476
678,30.0,20.0,100.0,0.0,64.2176599441,-3.69909906289,39.8151432282,30.876816088,33.0701373726,9.8539617682
69,85.0,55.0,0.0,0.0,48.3200463425,-2.58402393664,-25.1865525493,15.9836093322,17.047671897,25.991563845
553,85.0,30.0,70.0,0.0,50.6363431995,-19.1623284239,7.12468045102,14.8597749188,18.9565587506,12.9080033887
267,20.0,55.0,30.0,0.0,58.1547437308,18.8721462079,3.50597005375,29.9222447249,26.1241908265,19.8301198775
516,30.0,20.0,70.0,0.0,64.0022898271,-3.9065658571,28.4822241006,30.570269282,32.804489597,13.523812947
312,85.0,55.0,30.0,0.0,46.365080031,-4.91651730823,-13.9530099675,14.1778666353,15.5399810298,18.4893973036
303,70.0,55.0,30.0,0.0,49.2604983018,-0.92995494306,-10.9529430751,17.0009415156,17.8064436214,19.4139711232
508,20.0,30.0,70.0,0.0,64.3038568983,4.95056157322,29.2496804658,33.384717291,33.1768573604,13.4322732466
1218,40.0,70.0,40.0,80.0,34.9039032232,5.80380429234,2.57595066259,8.81261417691,8.45043928973,6.37640210978
544,70.0,30.0,70.0,0.0,51.9418104843,-15.7308294401,10.1865188832,16.4176990129,20.0926573961,12.6187581925
60,70.0,55.0,0.0,0.0,49.2176328321,1.0964619704,-23.1498461262,17.3381722777,17.7713789032,25.7122943397
670,20.0,30.0,100.0,0.0,63.0644929731,5.11468344895,39.4334345473,31.9292874142,31.6643445795,9.37959395349
1202,40.0,70.0,0.0,80.0,34.4941784668,7.44366956828,-1.89974335639,8.7978092907,8.24802491895,7.2607902666
706,70.0,30.0,100.0,0.0,52.5344524451,-15.491900051,18.8102775532,16.9191974299,20.6230490321,10.1147780932
733,0.0,40.0,0.0,20.0,60.6133425839,18.5533775916,0.0553912038472,32.7316021117,28.809735059,23.7411532137
925,20.0,40.0,100.0,20.0,54.4163363885,7.24156019037,28.9746379304,23.1513648586,22.3689866355,8.14512762839
751,40.0,40.0,0.0,20.0,52.5285935558,5.06968155609,-10.7074984032,20.9229807016,20.6177604002,22.0686562552
937,70.0,40.0,100.0,20.0,45.1931763973,-8.39696514548,13.1789749666,12.8467458731,14.6803031314,8.11704888753
763,100.0,40.0,0.0,20.0,44.2006137993,-6.97802692265,-21.034781886,12.420023574,13.9774771264,20.0615695762
877,0.0,40.0,70.0,20.0,57.8337784067,16.2574477215,27.564257502,28.8744593584,25.7864355375,10.2321407912
781,20.0,40.0,10.0,20.0,55.3299889986,11.2323293437,-2.01503718464,24.9690579056,23.2510464319,20.1430805443
895,40.0,40.0,70.0,20.0,51.0897942591,0.718705380662,16.2411540003,18.7948860885,19.3461883864,10.1387216592
793,70.0,40.0,10.0,20.0,47.1112152621,-4.26085721548,-14.5677953348,14.8110942276,16.1044412447,19.3711679551
907,100.0,40.0,70.0,20.0,42.7073873246,-15.7126082285,1.03135377484,10.3132054698,12.9629633174,10.3721736543
242,100.0,85.0,20.0,0.0,41.2531607895,1.03555988731,-19.2520380003,11.740604842,12.0233208296,16.9305761451
110,30.0,10.0,10.0,0.0,69.0630536611,-3.68965438941,-3.95352984133,36.887707938,39.4320122657,35.2382852474
611,40.0,85.0,85.0,0.0,46.8909704804,18.7273887323,12.7792349775,18.7774460141,15.9364256773,9.02653869966
722,100.0,10.0,100.0,0.0,50.3235279108,-31.9512724352,14.4735117856,12.6305347043,18.6908430365,10.2759193434
575,0.0,85.0,85.0,0.0,54.9694068512,39.7535682073,27.298017278,31.8590777344,22.9002149494,8.86041303443
845,10.0,10.0,40.0,20.0,64.3715686027,0.501713045591,17.4994693071,32.2128470068,33.2608516933,18.304266586
812,10.0,70.0,20.0,20.0,49.8391379645,25.2203616776,2.22099072588,22.7623319374,18.2843042921,14.2181543928
658,10.0,0.0,100.0,0.0,76.0900739663,-6.34271296387,58.3712658342,45.9714060783,50.0339162993,10.4395423295
539,55.0,85.0,70.0,0.0,44.9816882522,12.5447965847,5.22784104334,16.1130351239,14.5286199283,10.2869121446
686,40.0,10.0,100.0,0.0,63.886944606,-12.8760161961,38.3754581179,28.0937904293,32.6628040918,10.1172466376
502,10.0,70.0,70.0,0.0,56.2041121537,27.7180919037,22.4806713141,30.0385601475,24.1163639128,10.9480496115
253,10.0,0.0,30.0,0.0,77.087128447,-4.89267449688,17.4815368148,48.030840605,51.6767190426,30.1682584626
53,55.0,85.0,0.0,0.0,46.7500733198,16.5289273083,-17.7361581738,18.237329574,15.8295564201,20.5951341163
281,40.0,10.0,30.0,0.0,65.0834662237,-10.171673118,1.99474968982,30.1405879461,34.1525354123,26.9902939497
16,10.0,70.0,0.0,0.0,56.4246907545,32.7014207402,-5.37382922644,31.6440594777,24.3380613093,22.7872573173
490,0.0,30.0,70.0,0.0,69.6776089341,15.3006022538,37.7751365292,43.8864262495,40.2928554503,13.7070512986
285,40.0,55.0,30.0,0.0,54.6231039921,9.88722709641,-2.45601004677,23.9508851848,22.5666158996,19.769396567
1237,70.0,40.0,70.0,80.0,35.1931406128,-3.47629777065,4.90357253274,7.9028262866,8.59530620942,5.97446989544
249,0.0,55.0,30.0,0.0,63.0515684728,28.9342339395,10.9489795433,38.9723017958,31.6488188136,20.3122984591
652,0.0,30.0,100.0,0.0,69.0514716786,14.8560798852,50.803995471,42.8191291344,39.4159075525,9.07844545928
42,40.0,55.0,0.0,0.0,54.1424412189,12.8560228946,-15.2883787058,24.15653145,22.1089777668,26.0721168956
1253,70.0,40.0,100.0,80.0,35.9401868354,-4.25843677885,7.04183206655,8.17195239541,8.97711016637,5.79351540876
6,0.0,55.0,0.0,0.0,63.3407879449,30.5624441358,-1.53732336161,39.888619891,31.9974640593,27.3014031975
639,85.0,100.0,85.0,0.0,39.8624730176,1.77076415257,0.232382154794,11.0088810487,11.168285462,9.14846430026
109,30.0,0.0,10.0,0.0,72.4409306816,-10.5979221141,-2.65159612932,39.270108783,44.3185909994,38.508486503
619,55.0,70.0,85.0,0.0,47.1118495665,6.47515532937,10.4302407653,16.6654812759,16.1049268266,9.82161908296
145,85.0,0.0,10.0,0.0,59.1748177821,-24.3166493816,-20.9196780395,20.7690106152,27.2171837008,35.1803867211
583,10.0,70.0,85.0,0.0,54.6953025852,29.8225552365,24.8297559158,28.8840922678,22.6358968014,9.4302322816
798,100.0,20.0,10.0,20.0,46.8441657006,-14.3511106982,-18.2488157446,13.0229440189,15.9008714835,20.9280438175
902,70.0,70.0,70.0,20.0,41.9025448141,0.954047869827,2.97063399624,12.1310985867,12.4370959952,9.3728234998
786,40.0,20.0,10.0,20.0,56.975874024,-3.58768078007,-6.00099104732,23.196820153,24.8979704913,23.6253042147
890,20.0,70.0,70.0,20.0,48.6015306721,18.7594991183,15.4783290458,20.2539450887,17.2724704063,9.09754116387
768,0.0,20.0,10.0,20.0,65.3993488435,9.83343184686,5.84894281499,36.2003061654,34.5532438095,25.0919917306
872,100.0,70.0,40.0,20.0,39.4223590602,-3.21926460911,-9.7452267435,10.097510085,10.9063907973,12.0425022115
828,70.0,20.0,20.0,20.0,50.7273261127,-10.2096618273,-9.45333205828,16.4686397194,19.034312667,19.9036050251
860,40.0,70.0,40.0,20.0,45.6478679212,13.0756536289,0.670365342347,16.7176365902,15.009983538,12.1519491244
816,20.0,20.0,20.0,20.0,61.0379177891,2.08492285237,3.7884534767,28.7809264277,29.2913670028,22.1588430261
842,0.0,70.0,40.0,20.0,52.5436895874,28.2932583132,11.307956739,26.1752044904,20.6313889418,12.5891505824
868,100.0,0.0,40.0,20.0,49.2886146363,-24.5818628425,-6.72553914244,13.0695517719,17.8294683147,17.5087140621
831,70.0,100.0,20.0,20.0,39.2736011489,9.97016187341,-10.8324367936,11.7978357649,10.8188055072,12.3297703566
856,40.0,0.0,40.0,20.0,60.1547629127,-12.5591019351,9.38447640552,24.2716868231,28.2954915904,18.6900345477
819,20.0,100.0,20.0,20.0,44.4979002858,29.246644795,-0.540758351616,18.8171849834,14.1855747829,11.887568974
838,0.0,0.0,40.0,20.0,70.2893179538,0.0522633948626,23.225615558,39.7091348326,41.1620637656,20.4107765718
801,100.0,100.0,10.0,20.0,38.0938727588,3.18021509061,-17.5997316342,10.1842950464,10.1407542386,14.0540907418
898,70.0,0.0,70.0,20.0,53.2626912502,-21.9349159909,13.8860077631,16.3271105452,21.2874734537,12.1220698252
789,40.0,100.0,10.0,20.0,42.580524403,21.1650751137,-7.54829160754,15.8113552965,12.8791083717,13.1916418836
886,20.0,0.0,70.0,20.0,63.9864966564,-7.71632394856,32.0077820443,29.5389478776,32.785065729,12.2491666675
771,0.0,100.0,10.0,20.0,47.6786530806,37.7148509326,2.23167414074,23.4727891636,16.5427474046,12.8339572017
299,70.0,10.0,30.0,0.0,58.3803560625,-18.8550392778,-8.00949376938,21.1954089298,26.3633618976,26.0881194678
1235,40.0,100.0,70.0,80.0,34.5908873104,9.02703606075,4.54811756945,9.03443824811,8.29550676706,5.82883580638
263,20.0,10.0,30.0,0.0,71.2054001211,-2.58173947531,10.5430843557,40.1316264743,42.4870100634,28.1866556563
548,70.0,85.0,70.0,0.0,42.873673384,4.36661257629,0.620633737243,13.2686884596,13.0734266583,10.5902900224
56,70.0,10.0,0.0,0.0,58.912006031,-15.498527322,-23.9464156298,22.4080225471,26.9327260274,37.015834241
1251,40.0,100.0,100.0,80.0,33.7558105722,8.01944146539,5.91492867003,8.49566524195,7.89146163503,5.25515583892
20,20.0,10.0,0.0,0.0,72.1613823522,-0.111846514192,-5.90595215428,42.294889392,43.8996649806,40.6101122499
710,70.0,85.0,100.0,0.0,43.091617122,4.73205945494,6.66115329742,13.4709270036,13.2191538744,8.90464247229
735,0.0,100.0,0.0,20.0,47.9685382934,37.7230054045,-0.0457628800292,23.7576127653,16.7697007723,13.8539882979
922,20.0,0.0,100.0,20.0,63.7924718612,-8.18862058882,43.3712782879,29.1962265472,32.5470618862,8.62181476955
753,40.0,100.0,0.0,20.0,42.6041374964,21.7755341128,-9.61271783897,15.9351275457,12.8946888839,13.9741149372
934,70.0,0.0,100.0,20.0,52.5129221252,-22.3756660818,22.4200220313,15.68539068,20.6036187448,9.04133400924
765,100.0,100.0,0.0,20.0,38.1635780497,4.65053835689,-18.0838849817,10.4149285398,10.1800068625,14.2851760424
874,0.0,0.0,70.0,20.0,68.8281850408,-0.600483088267,40.2090311147,37.5245343641,39.1062846842,12.3000691704
783,20.0,100.0,10.0,20.0,45.0863149619,28.6692312739,-3.06793970339,19.2010605697,14.6035288682,13.1333864455
892,40.0,0.0,70.0,20.0,59.1418914872,-14.1638719673,24.7544257552,22.9204460834,27.1814362823,11.8716156375
795,70.0,100.0,10.0,20.0,40.1927465755,10.2562561701,-13.6284107456,12.4139735998,11.367548405,13.9204322615
904,100.0,0.0,70.0,20.0,48.5421549002,-26.853943122,6.7246595721,12.2492912066,17.2248883784,11.7883336117
807,0.0,100.0,20.0,20.0,48.0139682417,36.6523034864,4.52626049549,23.5592346111,16.8054552781,12.2292870886
850,20.0,0.0,40.0,20.0,65.098400164,-6.53940502875,16.1783714453,31.1364184578,34.1714095142,19.4968318452
825,40.0,100.0,20.0,20.0,42.8151216125,20.7953148366,-4.92572265544,15.9227943175,13.0344596016,12.3993808854
862,70.0,0.0,40.0,20.0,53.9897361838,-19.8840096022,0.581557715457,17.2625186171,21.9648934985,17.8625686164
837,100.0,100.0,20.0,20.0,38.1499657183,1.28553767643,-15.3179212088,9.97211052155,10.1723335066,13.2393628661
804,0.0,20.0,20.0,20.0,65.4338185726,9.06025685432,10.2903396616,36.0125713276,34.59715861,22.7184683985
854,20.0,70.0,40.0,20.0,48.2808702903,20.9024488095,5.75880089984,20.4098783348,17.0165406794,11.9635140369
822,40.0,20.0,20.0,20.0,56.2357476728,-2.9933191498,-1.47628542617,22.6207339278,24.1480768439,20.6416522762
866,70.0,70.0,40.0,20.0,42.1406656533,3.21050651263,-5.13629610771,12.6142496799,12.5911683715,12.0692158503
834,100.0,20.0,20.0,20.0,46.9770745987,-16.002694174,-15.2205580102,12.85935,16.0019710838,19.5703714949
878,0.0,70.0,70.0,20.0,52.7510920214,27.0768624601,21.9562745241,26.0970769988,20.8192382224,9.2914149069
780,20.0,20.0,10.0,20.0,61.7799199931,2.3090811498,-0.589344698704,29.6743719959,30.1459176584,25.2029143674
896,40.0,70.0,70.0,20.0,45.8516372961,11.0802629401,9.9486995454,16.5174912799,15.1593169674,9.32376644129
792,70.0,20.0,10.0,20.0,50.9897627591,-10.1293113056,-13.8159022627,16.6853572141,19.2597813141,22.3033810596
908,100.0,70.0,70.0,20.0,38.8029454331,-6.08021094004,-2.16258555809,9.40314278822,10.5447851225,9.3117282539
1231,0.0,100.0,70.0,80.0,36.0922867353,15.7998710627,8.65194426934,10.7091368618,9.05620614122,5.51420303967
289,55.0,0.0,30.0,0.0,65.3293202625,-19.6560799823,-0.510541114598,27.9508979249,34.464141124,28.7482593383
538,55.0,70.0,70.0,0.0,47.7726281686,6.55359384541,7.54570324703,17.1963928618,16.6160954469,11.0766715042
1212,0.0,0.0,40.0,80.0,42.7850728477,0.910359652756,11.6242161141,12.6855719911,13.0144918112,7.45113960684
1247,0.0,100.0,100.0,80.0,35.790834751,14.9728876011,10.2662584028,10.4274001656,8.89989258511,5.09057315326
46,55.0,0.0,0.0,0.0,66.100616655,-16.9121257207,-17.8481177521,29.5170745239,35.4540040218,41.7725869537
700,55.0,70.0,100.0,0.0,46.9870744004,6.57290073275,13.6656751599,16.586605487,16.0095949032,8.82402884477
1196,0.0,0.0,0.0,80.0,43.6222915394,1.80768497697,4.6216872918,13.3719467401,13.5785071012,9.75947877954
495,0.0,100.0,70.0,0.0,52.2326442599,44.8726831294,20.8930587651,30.0481844797,20.3517912102,9.34037442098
241,100.0,70.0,20.0,0.0,43.4963059007,-3.26589457111,-19.5261482842,12.520089475,13.4926121491,18.7771591727
491,0.0,40.0,70.0,0.0,66.046874884,20.9192746922,34.8893274491,40.5413101429,35.3844266874,12.4834239761
237,100.0,20.0,20.0,0.0,51.6261941201,-19.1414836727,-20.1699854799,15.584247933,19.8139413319,26.3852834755
487,0.0,0.0,70.0,0.0,80.0479836384,-0.911587864238,51.2873056826,54.3787250916,56.7663261899,15.4064324588
162,100.0,100.0,10.0,0.0,40.9247771069,4.13852701604,-21.0128485187,11.9820867619,11.8176207535,17.4501733937
622,70.0,0.0,85.0,0.0,58.2856868849,-28.1565896327,23.8514924628,19.2144840621,26.2628263789,11.6778585546
126,40.0,100.0,10.0,0.0,46.8764556434,24.4514089662,-10.5055929322,19.8995425016,15.9253941459,17.3424337509
586,20.0,0.0,85.0,0.0,73.0963265398,-10.0599561895,47.8583454825,40.3488511184,45.3111857484,12.1992800728
90,0.0,100.0,10.0,0.0,53.3594484102,46.7527546203,2.23234506967,31.8755910749,21.3768113403,16.6686574412
1175,0.0,100.0,100.0,60.0,38.3571925093,20.5611483381,12.8598680192,12.7703304154,10.2895666755,5.4526929157
1094,100.0,70.0,0.0,60.0,34.0299341177,0.551365920064,-9.4615465462,7.79566225412,8.02261267357,9.04540095732
1173,0.0,40.0,100.0,60.0,44.3037329269,9.6984480142,21.3019816944,15.1215663151,14.049427335,5.82723306495
1092,100.0,20.0,0.0,60.0,37.8953152376,-7.72584574542,-11.1924769477,8.7382087763,10.0294953599,11.6403051972
1171,0.0,0.0,100.0,60.0,49.968211189,-0.428245239875,29.9850359111,17.6553633349,18.3920507112,6.05932395575
871,100.0,40.0,40.0,20.0,43.2575056575,-12.9151768149,-8.41410757868,11.0017777949,13.3307975277,13.9468119457
829,70.0,40.0,20.0,20.0,46.8203728882,-4.30003466197,-10.9212914187,14.5976021526,15.8828181019,17.4823801542
859,40.0,40.0,40.0,20.0,50.8022455002,3.75812521676,3.55680273028,19.1471573535,19.0984980994,14.3429682821
817,20.0,40.0,20.0,20.0,54.5485329687,11.7732079694,1.71169598085,24.3103472296,22.495207,17.7882875972
841,0.0,40.0,40.0,20.0,58.7576211739,17.5515203968,15.1870531912,30.2624293911,26.7665533935,15.1622013793
161,100.0,85.0,10.0,0.0,41.9954812677,0.629423377686,-22.789690071,12.1421366367,12.4970786335,19.0907092123
595,30.0,0.0,85.0,0.0,69.9430136412,-14.102491284,42.563535857,34.9059561451,40.6684637751,12.1502274477
125,40.0,85.0,10.0,0.0,48.6610758115,21.9702967092,-11.2220670465,20.9711266218,17.3202760819,19.0556446554
631,85.0,0.0,85.0,0.0,55.3198681518,-32.1039619718,17.2373434173,16.0976572856,23.2411507248,12.1895708026
89,0.0,85.0,10.0,0.0,55.4018029093,43.2602709025,1.59910029892,33.367258212,23.3213435215,18.502389186
311,85.0,40.0,30.0,0.0,49.8792095943,-10.5380509947,-13.5000432828,15.7692263312,18.3177097065,21.1690197542
1233,40.0,40.0,70.0,80.0,37.3303448349,0.698443484568,8.660828918,9.45610107817,9.71738048397,5.95891200216
275,30.0,40.0,30.0,0.0,60.2243612225,7.58823589751,2.0882922218,29.2999361367,28.3731407866,22.3124510734
552,85.0,20.0,70.0,0.0,52.3153073529,-23.7807219274,7.66767198728,15.2995064489,20.4258487668,13.7716560273
68,85.0,40.0,0.0,0.0,50.2905823304,-7.50208766781,-26.1097018518,16.6160185945,18.6630033758,28.5466858181
1249,40.0,40.0,100.0,80.0,36.6376488801,0.220437083624,9.97797726078,9.03630610366,9.34362673566,5.43595139896
32,30.0,40.0,0.0,0.0,60.562979919,10.8439185588,-11.643085185,30.5503332985,28.7529571636,30.5717145726
714,85.0,20.0,100.0,0.0,51.760070432,-23.7228252966,16.9892495467,14.9069137739,19.9318485489,10.2639048684
181,20.0,0.0,20.0,0.0,75.064418283,-8.05955901999,7.17591669456,43.8381226222,48.3807041945,34.6920651179
543,70.0,20.0,70.0,0.0,54.2113787938,-19.3234717251,13.6089359361,17.5426061225,22.1742294632,12.7932138436
185,20.0,40.0,20.0,0.0,62.2591156097,12.8199523173,0.646246452675,33.1161053193,30.706536917,24.9738030345
547,70.0,70.0,70.0,0.0,44.9918994683,1.96048378618,4.11031664019,14.3328519946,14.535919483,10.641525119
189,20.0,100.0,20.0,0.0,49.6378235791,34.9178777069,-1.68055423519,24.7698821566,18.1170944786,15.6243918618
574,0.0,70.0,85.0,0.0,56.4500373389,36.578575281,30.3189722794,32.7541065709,24.3636231435,8.73015563639
102,20.0,20.0,10.0,0.0,68.5818806366,3.71511620365,-1.90478018705,38.5369843894,38.7666295365,33.2563499743
610,40.0,70.0,85.0,0.0,49.1716006107,13.1104644813,16.6801723645,19.6083957832,17.7337750186,9.03536967302
138,70.0,20.0,10.0,0.0,57.0949036634,-12.5794172048,-17.9270645788,21.3506436722,25.0200012166,30.7665653154
646,100.0,70.0,85.0,0.0,41.2716718782,-9.90673121865,1.55096377793,10.2634156795,12.0349867388,9.46952033108
1076,20.0,0.0,0.0,60.0,48.301030862,-1.71789496551,0.907533559983,16.1209033924,17.0325565233,13.7113281982
1187,70.0,20.0,100.0,60.0,39.6787915928,-9.24776898281,11.541550344,9.47782145027,11.0584799716,6.21321235977
1078,20.0,40.0,0.0,60.0,42.524204998,7.94151870588,-0.991781336108,13.590242482,12.8419980895,10.9115161264
1189,70.0,70.0,100.0,60.0,36.4147317627,-0.289829911772,6.33225144578,8.8618392965,9.22541974439,6.12132969126
1080,20.0,100.0,0.0,60.0,37.325564019,17.0557971596,-1.69117283258,11.611874864,9.71476736518,8.46621213582
806,0.0,70.0,20.0,20.0,52.7556614994,29.1902255508,4.91455027112,26.6168495127,20.8233896927,15.131937212
852,20.0,20.0,40.0,20.0,59.5901656548,1.67891357216,12.1663454431,27.0974561736,27.6708132678,17.0156012639
824,40.0,70.0,20.0,20.0,46.0268895139,15.0682251796,-4.40124098528,17.3784868785,15.288540965,14.2370916716
864,70.0,20.0,40.0,20.0,49.9875867718,-12.2203091235,-1.34629179789,15.5599207175,18.408261309,15.7343444109
836,100.0,70.0,20.0,20.0,40.5561189061,-2.1300946801,-15.3895788155,10.8853036292,11.5895034469,14.8423385366
876,0.0,20.0,70.0,20.0,64.7571506733,7.13098967248,35.5001989231,34.5780378605,33.7418581058,11.5135931533
782,20.0,70.0,10.0,20.0,50.5415304663,21.2991478109,-3.15945446585,22.5654156931,18.8757574803,16.8969482023
894,40.0,20.0,70.0,20.0,55.1298138734,-7.29961247291,20.8187577191,20.6821667526,23.0558452834,10.886884517
794,70.0,70.0,10.0,20.0,42.6376055459,5.18865537067,-14.1357722842,13.2385650271,12.9167934627,15.782408621
906,100.0,20.0,70.0,20.0,46.0553154519,-20.6579946724,3.58792712405,11.5998085733,15.3095700856,11.4033115569
498,10.0,20.0,70.0,0.0,69.4458461301,4.65418246954,36.4121529336,40.0193802123,39.966755766,14.0705421822
293,55.0,40.0,30.0,0.0,54.9708841803,-1.74898421843,-5.37337084087,21.7073346795,22.9016450809,21.4965514598
534,55.0,20.0,70.0,0.0,58.401683784,-14.1779188117,18.6162776899,22.2163332508,26.3860465838,13.6017034116
1214,0.0,70.0,40.0,80.0,37.4959334262,12.785620179,7.15014348067,11.1201226632,9.80817805936,6.35281424887
660,10.0,20.0,100.0,0.0,68.2398979652,3.51400545073,48.2789778468,38.0135171414,38.2983028206,9.40214074643
50,55.0,40.0,0.0,0.0,54.7545554597,1.34002506873,-18.9719825247,22.1723447752,22.6928609718,28.8888786509
696,55.0,20.0,100.0,0.0,56.9898429135,-13.9883250343,27.8791665688,20.9588335918,24.9122709809,9.69699206604
1198,0.0,70.0,0.0,80.0,37.2632513887,13.4201677898,2.46637796474,11.0697013774,9.68075109437,7.36118698637
531,40.0,100.0,70.0,0.0,45.4201859313,21.7197341858,7.96135931424,18.1343034521,14.8442894033,9.68812269092
205,40.0,70.0,20.0,0.0,50.6735952071,16.7662928108,-7.57732056184,21.7057245963,18.9883686316,18.9742845929
527,40.0,40.0,70.0,0.0,55.6487394787,1.0935612718,18.7085523753,22.9650417931,23.564145463,11.8795006947
201,40.0,20.0,20.0,0.0,63.4066566321,-3.8770202303,-4.02531545112,29.8926568412,32.0772230803,28.8708981208
523,40.0,0.0,70.0,0.0,67.8530851244,-17.4591504882,31.4552639165,31.396899158,37.7731470839,14.9288355349
158,100.0,40.0,10.0,0.0,48.1692181383,-9.40580403226,-23.4163473986,14.7143001737,16.9280243659,24.8455124647
626,70.0,40.0,85.0,0.0,50.0688379783,-10.7056620729,13.5637078989,15.8819135345,18.4763439257,10.421884291
122,40.0,40.0,10.0,0.0,58.6140639717,5.1616390518,-9.99332840618,26.9179898264,26.6126497235,27.4832683857
590,20.0,40.0,85.0,0.0,60.8287451856,9.52109604647,32.3867428317,30.502689604,29.0534193445,10.3375302099
86,0.0,40.0,10.0,0.0,67.1356263001,23.3840936478,3.06562292855,42.9101372605,36.8118421386,28.4661587854
1185,40.0,100.0,100.0,60.0,35.9694266433,10.4772264845,7.85468063458,9.94572347742,8.99227973677,5.63439007934
1084,40.0,70.0,0.0,60.0,36.9871325453,9.77174681974,-3.6938442538,10.4215331566,9.53097402283,8.85704136922
1183,40.0,40.0,100.0,60.0,40.4638531121,0.483390124335,13.8198531966,11.1874977279,11.5328744972,6.01134562957
1082,40.0,20.0,0.0,60.0,43.3194276562,-0.760322272552,-3.64072323012,12.7804759305,13.3726318492,12.2545903065
1181,40.0,0.0,100.0,60.0,44.9137376996,-8.53610698467,20.8972234282,12.6450304272,14.4801072612,6.14068614566
472,85.0,30.0,55.0,0.0,51.085291108,-17.8113213242,-0.524632724823,15.4129894527,19.3422930267,16.1775687471
113,30.0,40.0,10.0,0.0,59.5741702561,10.0517783074,-7.06239478695,29.2113769482,27.6532509817,26.7316254986
615,55.0,20.0,85.0,0.0,57.7503070788,-13.1820891618,24.3192954218,21.8246962556,25.6990773285,11.2165603873
149,85.0,40.0,10.0,0.0,49.8482230589,-7.20610105972,-21.13464475,16.3291079827,18.2918744498,25.1879905289
579,10.0,20.0,85.0,0.0,69.2930837646,4.54552882621,43.9796395567,39.7729464805,39.752777878,11.2956026598
796,100.0,0.0,10.0,20.0,51.0549942797,-21.5254581214,-18.9734254857,14.7670724872,19.3160989605,25.1428028721
903,70.0,100.0,70.0,20.0,39.6504235068,6.52070277406,1.13996325011,11.5394857426,11.0415858493,8.78958374583
784,40.0,0.0,10.0,20.0,61.1354303486,-11.4080388292,-4.79472244746,25.5333959185,29.4027365662,26.9800206956
891,20.0,100.0,70.0,20.0,44.5277865104,26.9565555648,10.9217743368,18.3996180232,14.2066083762,8.41333933504
766,0.0,0.0,10.0,20.0,71.1251467049,1.1158883815,8.71253824931,41.2223268978,42.3698180975,29.2225493295
307,85.0,0.0,30.0,0.0,58.5540950926,-26.7187572711,-9.88433017276,19.7312073394,26.5485338577,27.357149273
520,30.0,70.0,70.0,0.0,51.9415884936,18.8815128162,15.3987634587,23.3694949497,20.0924604466,10.8622210142
271,30.0,0.0,30.0,0.0,71.5816721132,-11.9407682776,9.43113346931,37.6876590025,43.0393525807,29.2650196085
556,85.0,70.0,70.0,0.0,43.5922569065,-5.12393955833,0.367633262579,12.3070209521,13.5579969837,11.0671126332
64,85.0,0.0,0.0,0.0,59.0311414323,-22.7553272192,-27.289717688,20.9654641211,27.0614268921,39.6498407995
682,30.0,70.0,100.0,0.0,50.9698825563,18.7477573267,22.2829950623,22.4108642492,19.2426395274,8.34487000147
28,30.0,0.0,0.0,0.0,72.827897064,-9.38081896292,-7.89691116936,40.1943689563,44.9028776561,43.0812934683
718,85.0,70.0,100.0,0.0,43.2626954517,-4.84448254388,7.17528840754,12.14042509,13.334300383,8.84329576595
217,70.0,0.0,20.0,0.0,60.9610429534,-23.1506100731,-11.8176347865,22.6670595096,29.2037663964,31.1246520222
507,20.0,20.0,70.0,0.0,66.6378864334,-0.11674812452,33.7669571056,34.8294606433,36.1546061921,13.2511437833
221,70.0,40.0,20.0,0.0,52.2647891068,-5.67298719986,-14.7250399194,18.5379557923,20.3805683506,23.9501820804
511,20.0,70.0,70.0,0.0,53.2505355585,24.497166225,18.0600626906,25.993866296,21.2762674834,10.7331810352
225,70.0,100.0,20.0,0.0,42.3471423124,13.3517948594,-13.7421472155,14.3314714026,12.7257914944,15.417757235
570,0.0,20.0,85.0,0.0,72.053953802,11.1223561097,50.0096221274,45.9954198586,43.7393793944,10.8832560865
106,20.0,70.0,10.0,0.0,54.8675274841,26.8464782301,-4.93485575586,28.3093746621,22.8017339878,21.1866951052
606,40.0,20.0,85.0,0.0,61.3405195179,-9.2217682602,30.3313325115,26.2729173386,29.6378903795,11.2749005096
142,70.0,70.0,10.0,0.0,46.7690316421,5.80031917798,-18.5159181737,16.2820547587,15.8439082365,20.9963374672
642,100.0,20.0,85.0,0.0,48.7379024616,-26.8928198419,10.181326465,12.3673433201,17.3820863942,10.7644566918
1086,70.0,0.0,0.0,60.0,41.9895415073,-8.18795567337,-6.9316847295,10.9016210229,12.4932392628,12.6042940605
1177,20.0,20.0,100.0,60.0,44.5170586708,0.68747730291,20.8307088911,13.800631605,14.1990558513,6.00647414814
1088,70.0,40.0,0.0,60.0,38.2954850049,-0.560898141759,-7.86001726231,9.81750368129,10.2545636011,10.7762963901
1179,20.0,70.0,100.0,60.0,40.3559274213,11.2245193527,14.2154855659,12.6621958911,11.4668685958,5.88662981547
1090,70.0,100.0,0.0,60.0,34.3541694653,6.60127219603,-7.58750913715,8.62935636007,8.17960522784,8.67769939594
1441,3.0,40.0,3.0,0.0,67.3238256884,21.0598377154,-1.42190065348,42.4019086184,37.0624084093,31.497393269
1442,40.0,40.0,3.0,0.0,57.8530486048,7.01127115956,-14.1953535243,26.5659969306,25.8066311485,29.2380183938
1445,3.0,3.0,40.0,0.0,78.5623722366,0.0426878654717,26.7003337164,52.2549904136,54.1727781441,26.1379825807
1452,40.0,40.0,0.0,3.0,56.8084364191,7.92407758369,-13.6418195051,25.6962783365,24.7269838963,27.8028724113
1475,0.0,3.0,3.0,40.0,60.6863287171,2.65266732698,4.71355447388,28.5367287939,28.8921507931,21.3792784202
1460,40.0,0.0,40.0,3.0,67.5696177152,-15.3643946985,10.3399486478,31.6365351376,37.3913614848,24.6750206288
1439,40.0,3.0,3.0,0.0,68.8117866911,-11.8793665986,-12.2395659932,34.1321531193,39.0836098654,41.0424954657
1470,40.0,3.0,0.0,40.0,53.1903355507,-6.73351317392,-5.94059160092,19.1081646931,21.2208288499,20.2576295851
1458,0.0,0.0,40.0,3.0,79.1728540935,-0.279855456453,27.8523091496,53.1479365386,55.2287625268,26.0808432854
1459,3.0,0.0,40.0,3.0,78.5925992061,-1.83201997947,25.8536391192,51.5870092526,54.2247439212,26.6583421015
17,10.0,85.0,0.0,0.0,53.644491885,36.7226214232,-4.90211268084,29.5025064895,21.6414499648,20.1339187591
695,55.0,10.0,100.0,0.0,60.373396868,-18.3315648209,32.8091306979,23.1745850112,28.5398938777,9.96784529908
1207,70.0,100.0,0.0,80.0,32.5316376353,5.81620476653,-4.21750655329,7.66728544172,7.32319959505,7.00290267141
659,10.0,10.0,100.0,0.0,71.7518324266,-0.94813103465,54.2665221155,41.4318964663,43.2907006398,9.42179465877
260,10.0,85.0,30.0,0.0,52.4388061476,35.5285791489,4.2480742943,27.8552443335,20.5368252428,15.1799981688
533,55.0,10.0,70.0,0.0,60.223887936,-17.2482197237,19.8894089368,23.2728844849,28.3726122728,14.3089192671
1223,70.0,100.0,40.0,80.0,32.5961696319,4.78662035786,-1.38889878678,7.58717573904,7.35245119537,6.37325858598
497,10.0,10.0,70.0,0.0,72.3692530662,-0.0728403385675,39.9470724508,42.6079489327,44.2109233035,14.6513232726
567,100.0,100.0,70.0,0.0,39.269766037,-2.14873672148,-4.09636394067,10.1506633974,10.8165537025,10.1259277577
169,0.0,70.0,20.0,0.0,59.1038561439,36.2581693957,5.47583619193,35.9866509192,27.1401810512,19.6710101303
563,100.0,40.0,70.0,0.0,45.6891284838,-18.3447028525,2.17320787349,11.7037309491,15.0401420003,11.6644456646
165,0.0,20.0,20.0,0.0,73.9090056283,11.9285800988,10.9749027871,49.1749839639,46.5624277087,30.822936136
559,100.0,0.0,70.0,0.0,53.4769534848,-34.2903335131,9.50089855817,14.3853036826,21.4856418647,13.8353907337
154,100.0,0.0,10.0,0.0,56.7936901438,-26.452569136,-24.2471480972,18.2964807812,24.711962681,34.6377806357
630,70.0,100.0,85.0,0.0,41.3441632319,8.08004493453,3.73438198358,12.8296142993,12.0807442938,8.88051477018
118,40.0,0.0,10.0,0.0,69.5991624651,-13.8437687171,-7.17025247612,34.5476708186,40.1822802686,38.2255040358
594,20.0,100.0,85.0,0.0,48.370472568,33.0475515888,17.3655052984,23.09469503,17.0877989148,8.46248763212
82,0.0,0.0,10.0,0.0,81.6770142145,1.03393334833,10.0235925577,57.997469074,59.7039629726,40.9790232373
1195,100.0,100.0,100.0,60.0,33.5106201124,-1.1019668471,1.87843355524,7.38220777858,7.77537116767,6.00122302162
1074,0.0,70.0,0.0,60.0,40.2460656379,18.0383403271,1.72496654214,13.6337317576,11.3999377623,8.91307935481
1193,100.0,40.0,100.0,60.0,36.6472246334,-9.2773892352,5.79664311979,7.95386170752,9.34872699435,6.32825340731
1072,0.0,20.0,0.0,60.0,48.5506411105,6.6980655272,3.18232821815,17.8455996314,17.231683623,13.0328467463
1191,100.0,0.0,100.0,60.0,39.2686564357,-17.000361102,9.7322247206,8.35241910184,10.815902253,6.45965697391
1456,3.0,40.0,3.0,3.0,66.8895771233,20.3779331509,-1.07012613727,41.5532712798,36.4859622404,30.7860803
1457,40.0,40.0,3.0,3.0,57.2017914871,6.64110151919,-13.3790009301,25.7952406307,25.1299232209,28.0525588698
1462,3.0,3.0,40.0,3.0,77.3328201019,0.0993863317815,25.9311910311,50.2644866486,52.086982391,25.3687658967
1466,40.0,40.0,40.0,3.0,56.4108053416,4.42229067336,3.88915291562,24.4667944094,24.3240655613,18.2520951368
1476,3.0,3.0,3.0,40.0,60.3104262654,1.88717297199,3.89479808343,27.9281200879,28.4693578136,21.4652339392
1463,40.0,3.0,40.0,3.0,67.2470515763,-14.0499838866,9.6507676559,31.6156338706,36.9600554804,24.7487242561
1454,40.0,3.0,3.0,3.0,68.6128060682,-11.0540509002,-11.8362461937,34.122785602,38.8091674822,40.4652835035
1477,40.0,3.0,3.0,40.0,53.0837911418,-6.53271164878,-5.17529035146,19.0573864124,21.1229475125,19.8005865855
1383,60.0,45.0,45.0,40.0,42.043123106,-1.28131316195,0.933972364852,11.8959403484,12.5279020535,10.0501080651
1421,0.0,0.0,3.0,3.0,80.3889137027,1.63178569604,5.23145917541,55.9789378048,57.3729643737,43.0073961888
1258,100.0,70.0,100.0,80.0,33.1514348647,-3.36195496958,2.98097842986,6.99203953075,7.60737165601,5.63751202517
51,55.0,55.0,0.0,0.0,53.1032544667,7.17996026288,-17.644955884,21.8960373414,21.1408057665,26.397801923
681,30.0,55.0,100.0,0.0,54.8785381733,11.0988400638,28.2178423887,24.48348222,22.8123637569,8.56280239678
15,10.0,55.0,0.0,0.0,61.2138160118,24.0344430131,-5.49391009922,35.0563631459,29.4924656011,27.4731076776
1242,100.0,70.0,70.0,80.0,32.4116609681,-2.8902670507,0.860579886212,6.72224032472,7.26902197827,5.81409613721
294,55.0,55.0,30.0,0.0,50.9527401135,4.78410470958,-7.67282062609,19.4788296971,19.2278665546,19.2434963861
519,30.0,55.0,70.0,0.0,54.8800310007,13.1526311442,18.256847337,24.9645517641,22.8138051935,11.584940042
258,10.0,55.0,30.0,0.0,60.0564986562,23.4605700943,6.5682745271,33.4424973724,28.1861018731,19.9339186934
244,0.0,0.0,30.0,0.0,80.9271269607,0.153788096549,23.6348040609,56.3185901312,58.339412599,30.4650286213
432,20.0,100.0,55.0,0.0,48.4137675544,33.9252485159,8.75824534033,23.3329928374,17.1223013984,11.0419455208
280,40.0,0.0,30.0,0.0,69.1655103495,-15.1743926677,5.43440118486,33.6221785259,39.574669084,29.1603006001
468,70.0,100.0,55.0,0.0,41.7824575876,10.7700071878,-4.24950534738,13.5325531571,12.3598744681,11.559658695
316,100.0,0.0,30.0,0.0,55.9613051983,-29.2013888404,-13.2432716688,17.1123991221,23.8738866522,26.7034948516
1141,100.0,0.0,40.0,60.0,39.0119179451,-12.9644849606,-1.25448102612,8.68861282533,10.6658726007,9.15428952559
1122,0.0,20.0,40.0,60.0,46.6618850364,5.36028447325,12.533244439,16.1231677574,15.762910103,8.98442670162
1143,100.0,40.0,40.0,60.0,36.3461063906,-6.62493452377,-3.46745303368,8.10328869497,9.18923129301,8.48998599045
1124,0.0,70.0,40.0,60.0,41.0534134842,16.239107532,7.9827367076,13.8993499104,11.8979169173,7.61572486924
1145,100.0,100.0,40.0,60.0,33.9756015082,0.894146803793,-4.86951142497,7.80741463036,7.99650332822,7.78098878733
406,0.0,0.0,55.0,0.0,80.6108636146,-0.744157281701,38.8201056259,55.4094446659,57.7702072153,21.5033095693
270,20.0,100.0,30.0,0.0,49.0596250343,35.911966184,1.81734720904,24.4212696715,17.6425233183,13.8607975845
442,40.0,0.0,55.0,0.0,68.0960473901,-16.9577841963,20.5009305325,31.8228672592,38.1024396734,19.8996766508
306,70.0,100.0,30.0,0.0,42.5923092172,11.1147208878,-12.1126710654,14.1407154676,12.8868827184,14.9347249119
478,100.0,0.0,55.0,0.0,53.9748915083,-32.6871459489,-0.760426092945,15.0041702167,21.9509203398,18.4564410696
1316,0.0,50.0,0.0,0.0,65.719298972,27.0535743744,-1.07679819383,42.0940798991,34.962294723,29.5140235946
1317,0.0,40.0,0.0,0.0,67.9544861114,23.4491141621,-0.794313059342,44.1337959632,37.9103466172,31.7977809466
1336,0.0,0.0,50.0,0.0,80.52276555,-0.638982415687,36.7726042088,55.2997232648,57.6123118087,22.4748062843
1337,0.0,0.0,40.0,0.0,80.6564958366,-0.40443785404,29.0664224374,55.6242282379,57.8521057152,26.8602830886
1356,0.0,0.0,0.0,50.0,56.7870527176,1.69443832185,4.38165843282,24.211202426,24.7052034878,18.3228955402
1357,0.0,0.0,0.0,40.0,62.4727237937,1.61199035569,4.2644031278,30.2821640418,30.9586642404,23.2041154827
1296,50.0,0.0,0.0,0.0,67.9230152205,-14.9395176945,-15.9011625392,32.1757382163,37.8677297686,42.7192212852
1297,40.0,0.0,0.0,0.0,69.8586083026,-12.5079679861,-12.7561822494,35.268873851,40.5487589198,42.8728222908
1423,0.0,3.0,3.0,3.0,79.2415459184,3.38322555115,4.13013335383,54.7027211654,55.3484343605,42.3083022937
1446,40.0,3.0,40.0,0.0,67.7689219812,-14.4595588327,9.64325920666,32.1244853987,37.6595227495,25.2553023408
13,10.0,30.0,0.0,0.0,68.4604573007,12.653620812,-3.97973315227,41.2394031149,38.5999122965,34.5322083198
699,55.0,55.0,100.0,0.0,50.6635880918,0.140686218277,19.0276454381,18.3290542837,18.9798199577,9.09923597199
49,55.0,30.0,0.0,0.0,58.8757028103,-3.26691210748,-18.471108904,25.1537908761,26.8935892723,33.1427145391
663,10.0,55.0,100.0,0.0,58.9218642078,20.3663601208,35.3341144221,31.2134824,26.9433602047,8.52322657806
256,10.0,30.0,30.0,0.0,67.4926220597,10.076716066,10.4848508268,39.0624939817,37.2881067094,24.5216648191
537,55.0,55.0,70.0,0.0,49.8135928891,1.21286034262,10.0865682014,17.8378130987,18.2630300433,11.3970756128
292,55.0,30.0,30.0,0.0,57.7485635291,-5.48879526713,-4.66063863095,23.5181878355,25.6972546965,23.6209337269
501,10.0,55.0,70.0,0.0,59.7452055131,21.5706524211,26.0582299478,32.5279984436,27.8414261041,11.7822578204
480,100.0,20.0,55.0,0.0,50.4722521137,-24.7371419401,-2.53920770185,13.8393438557,18.8168625143,16.5808736022
304,70.0,70.0,30.0,0.0,45.8707512332,4.50569318615,-10.6526734941,15.3858344522,15.1733753074,16.6573558619
444,40.0,20.0,55.0,0.0,62.5568743008,-6.96440191885,15.0849049372,28.1392154386,31.0583669849,17.9822368155
268,20.0,70.0,30.0,0.0,53.9895167834,26.9577020697,2.53478008727,27.3809306954,21.9646869358,17.0049217382
408,0.0,20.0,55.0,0.0,72.5954808523,10.7929513663,31.75707736,46.7071591802,44.5513369272,18.2687087649
1140,70.0,100.0,40.0,60.0,33.7654414806,5.61088662247,-2.14746826494,8.22737993565,7.89604501865,7.01658622205
1129,20.0,70.0,40.0,60.0,38.551818971,12.1452010661,4.94232158641,11.6648611586,10.4004885698,7.29853124826
1138,70.0,40.0,40.0,60.0,37.6989633857,-2.97240429489,-0.371410963031,9.20225093593,9.92027562058,8.2841686183
1127,20.0,20.0,40.0,60.0,45.1800156017,1.55623335316,9.02670197309,14.3989626718,14.670833305,9.25567070181
1136,70.0,0.0,40.0,60.0,41.7109207058,-10.2119987046,2.34907657851,10.4711555326,12.3140252929,9.45760366076
318,100.0,20.0,30.0,0.0,51.5131308769,-20.70872937,-14.6954243657,15.2342038401,19.7147274765,23.2381206173
466,70.0,70.0,55.0,0.0,45.438764916,4.03344271834,-2.11552748318,14.9919448962,14.8577642205,13.0084694378
282,40.0,20.0,30.0,0.0,62.9480595018,-5.13614446309,1.92160859358,29.0432977517,31.5246600218,24.9249999612
430,20.0,70.0,55.0,0.0,53.9715749809,24.2844561837,12.200745885,26.6991605735,21.9477993327,13.1518351168
246,0.0,20.0,30.0,0.0,74.7065883605,10.0896797951,18.0162704687,49.7678518628,47.8126186534,27.326641963
1335,0.0,0.0,60.0,0.0,80.3281408408,-0.854563363603,44.41667339,54.8796687584,57.2645124406,18.5750600251
1338,0.0,0.0,30.0,0.0,81.0203272117,0.115463490292,23.1573119146,56.465624567,58.5078632051,30.8733514041
1071,0.0,0.0,0.0,60.0,50.3834020146,1.73895538838,4.42357226302,18.4038604548,18.7415086792,13.7391258231
1358,0.0,0.0,0.0,30.0,66.7180361305,1.63971289938,4.33516679559,35.4498999513,36.2599062779,27.2720176272
1295,60.0,0.0,0.0,0.0,65.3223249934,-16.9650251336,-18.9378024858,28.6306259251,34.4552489358,41.5746279697
1298,30.0,0.0,0.0,0.0,73.6179332535,-8.55360369393,-8.12048985687,41.5763808656,46.1116650653,44.3664212601
1315,0.0,60.0,0.0,0.0,62.6380912756,31.2672267517,-1.39747592147,39.1467517002,31.1547968166,26.5090543756
4,0.0,30.0,0.0,0.0,72.325322941,16.8363550657,0.427447079662,48.4698919631,44.1450216696,36.11840419
1443,3.0,0.0,40.0,0.0,79.9699365543,-1.98802265978,27.2617972744,53.8226729397,56.6280563295,27.2255831105
1444,0.0,3.0,40.0,0.0,79.8731209133,1.50035788022,26.9986790982,55.036221725,56.4568479437,27.2824726288
1256,100.0,0.0,100.0,80.0,36.4148791291,-11.6840674762,7.14259892159,7.58603554607,9.22549755772,5.94600891745
459,55.0,100.0,55.0,0.0,43.7209637388,17.9196545825,-0.967646592647,16.1026288262,13.6460341801,11.5798329887
677,30.0,10.0,100.0,0.0,66.9799599789,-8.80366767379,44.3951692252,32.7556148026,36.60544539,9.90885842031
423,10.0,100.0,55.0,0.0,49.9892420433,39.0146601733,11.4016038394,26.1051321204,18.4096466347,11.0655930665
1240,100.0,0.0,70.0,80.0,35.7679756904,-11.1912521552,4.3013174347,7.34479044855,8.88811327679,6.3236474884
378,55.0,100.0,40.0,0.0,43.1908641992,18.1399131457,-5.79176069264,15.7430956646,13.2858723287,12.9365586835
515,30.0,10.0,70.0,0.0,67.695930065,-7.64674997173,30.9607091564,33.9653463345,37.5611648085,15.0175383026
342,10.0,100.0,40.0,0.0,50.5178712604,39.9156042742,6.85133189144,26.8825634375,18.8556305011,12.9328445841
248,0.0,40.0,30.0,0.0,67.1506088575,21.7106270648,13.9454759283,42.3698538545,36.8317482233,22.3562768285
428,20.0,40.0,55.0,0.0,61.107376826,10.2706241606,18.5955650554,31.0296153515,29.3706676307,15.4207992956
284,40.0,40.0,30.0,0.0,57.5966632776,3.74447978226,-0.700647972106,25.5093579165,25.5387952677,21.4231687189
464,70.0,40.0,55.0,0.0,51.1690975787,-7.86780489175,1.2866214346,17.2364868033,19.4148738493,15.4912941293
320,100.0,40.0,30.0,0.0,47.7347797211,-12.5019508671,-14.6279985764,13.9085667171,16.5865285184,19.9108497226
1131,40.0,0.0,40.0,60.0,44.7052513196,-5.80456491396,7.67738902749,12.9207293678,14.3319345636,9.40930217751
1132,40.0,20.0,40.0,60.0,42.4979246249,-1.94392367205,5.74384395717,12.0829816503,12.8247057074,8.87485407567
1133,40.0,40.0,40.0,60.0,40.3609965423,1.98870446623,4.02331860252,11.3342926036,11.4699631509,8.33640829054
1134,40.0,70.0,40.0,60.0,37.607859256,7.84639917798,2.15719619101,10.520324573,9.86986986428,7.58667494386
1135,40.0,100.0,40.0,60.0,35.9943706577,11.7043798272,1.29708879787,10.1165240526,9.00523415516,7.11237689463
410,0.0,40.0,55.0,0.0,65.7368544254,22.1710991179,25.6408597745,40.5138884397,34.9848320236,15.8028211061
266,20.0,40.0,30.0,0.0,61.6750103501,13.7882461972,5.86814199641,32.6784271751,30.0240995724,21.6571555894
446,40.0,40.0,55.0,0.0,57.0139863693,2.98972624261,10.4323977744,24.7384857806,24.9370004747,15.8724349341
302,70.0,40.0,30.0,0.0,52.2805245076,-7.04371266411,-9.31178055416,18.2879914027,20.3946650912,21.1450099188
482,100.0,40.0,55.0,0.0,47.5513014105,-17.7674109974,-4.73047574054,12.9669329344,16.4436936757,15.4019929932
1334,0.0,0.0,70.0,0.0,80.0630292746,-0.966670238744,51.1130783882,54.38258334,56.7930072067,15.4875069045
1339,0.0,0.0,25.0,0.0,81.3402273365,0.360842778417,19.4014769773,57.1259397967,59.0885184541,33.7251098486
1354,0.0,0.0,0.0,70.0,45.627527394,1.76439122075,4.5160605812,14.7497889007,14.995130944,10.8610650212
1359,0.0,0.0,0.0,25.0,69.6532269346,1.68318239845,4.1597723581,39.3544517317,40.258465806,30.4887771251
1294,70.0,0.0,0.0,0.0,62.8405170359,-19.6474017839,-22.212285661,25.3216864339,31.3960074507,40.7923686675
1299,25.0,0.0,0.0,0.0,75.0177390241,-6.79455811275,-5.83089827728,44.2030299652,48.3063430547,44.4678705395
1314,0.0,70.0,0.0,0.0,59.6891137297,36.367226298,-1.26144984496,36.7816981107,27.7796194572,23.5922307781
1319,0.0,25.0,0.0,0.0,73.4410091303,14.4090618906,0.802211522632,49.3462646047,45.8391023048,37.2348552192
1422,3.0,0.0,3.0,3.0,79.7721165407,0.306931108754,3.73205570148,54.390350996,56.2786003919,43.3578081152
1453,40.0,0.0,3.0,3.0,69.3421498159,-12.2137078356,-10.6670797852,34.7003157085,39.8214223926,40.533302787
8,0.0,85.0,0.0,0.0,56.1066196361,43.0284056938,-0.955440374819,34.1738946706,24.0188074815,20.2784669903
1252,70.0,0.0,100.0,80.0,38.0911120105,-9.53962853907,10.6155434301,8.62549190043,10.1392016797,5.82195290841
44,40.0,85.0,0.0,0.0,49.2861198012,23.1284270086,-13.0307984038,21.7875332415,17.8274244722,20.432245248
650,0.0,10.0,100.0,0.0,75.8634257154,4.51006759532,60.1209943719,49.5473334107,49.665400598,9.78600171881
251,0.0,85.0,30.0,0.0,55.1181488209,41.4864504822,8.67339480125,32.5200333698,23.0445038981,15.2578937442
1236,70.0,0.0,70.0,80.0,37.1170859018,-8.65407668779,7.24146766305,8.24778009004,9.6012715932,6.18750280578
287,40.0,85.0,30.0,0.0,47.9929446431,22.0452713198,-3.84605932866,20.3896988315,16.7889028693,15.352339345
488,0.0,10.0,70.0,0.0,76.3245257365,4.78852987628,45.3348298357,50.3931493953,50.4170334961,15.2182717645
484,100.0,70.0,55.0,0.0,42.408410998,-6.62180875715,-8.0119256334,11.3641046176,12.7659225877,13.2525791472
300,70.0,20.0,30.0,0.0,56.8584056377,-15.169813357,-7.26174796218,20.5953483427,24.7779300359,24.1988556468
448,40.0,70.0,55.0,0.0,50.2746687783,15.0856549139,5.32867186044,20.9858812626,18.6495660197,13.3339001126
264,20.0,20.0,30.0,0.0,68.659364636,2.78654024974,9.44726521799,38.3506362454,38.8732674845,26.2410207589
412,0.0,70.0,55.0,0.0,57.1888226089,36.4501985681,18.3234068649,33.6224471408,25.1165690732,12.9434849869
1130,20.0,100.0,40.0,60.0,36.2580960141,15.7318593079,3.78022400598,10.7958165643,9.14295915762,6.63364818845
1139,70.0,70.0,40.0,60.0,35.1257570938,2.36014347077,-1.29932406756,8.52383641932,8.56140987375,7.38106446555
1128,20.0,40.0,40.0,60.0,41.9443737219,5.5522558722,7.28369357548,12.8385618315,12.4640692163,8.19481145865
1137,70.0,20.0,40.0,60.0,39.3717305839,-6.61370523216,0.889186839739,9.64022786945,10.8765290394,8.72584519678
1126,20.0,0.0,40.0,60.0,47.1562584195,-2.86448912921,10.9780564339,15.0765928165,16.1389476026,9.68115954516
322,100.0,70.0,30.0,0.0,42.9367431304,-2.35100657417,-15.0380759643,12.2993142827,13.1154872913,16.3722526586
462,70.0,20.0,55.0,0.0,55.754141367,-16.6146411056,4.45462558428,19.3391257307,23.6682936029,17.494317566
286,40.0,70.0,30.0,0.0,50.7185453577,17.2118094096,-3.39993939776,21.84287564,19.0267993894,17.1326786263
426,20.0,20.0,55.0,0.0,68.0765518144,0.511091448794,23.6985735943,36.8720335667,38.075946509,18.3900302129
250,0.0,70.0,30.0,0.0,59.1781093335,35.1353867844,10.1953561684,35.7464466725,27.2207589944,17.5659987476
1333,0.0,0.0,75.0,0.0,79.8769072567,-0.981367554693,53.713137386,54.0605781867,56.4635372052,14.3323283274
163,0.0,0.0,20.0,0.0,81.5113544539,0.657155072971,15.9719758517,57.5489360724,59.4007049504,36.3281996823
1353,0.0,0.0,0.0,75.0,43.4392263718,1.78572961507,4.48024259297,13.2466251334,13.4538157918,9.7076244424
1360,0.0,0.0,0.0,20.0,71.6019572562,1.66407702973,4.38535912083,42.0830233162,43.0692650599,32.5302513811
1293,75.0,0.0,0.0,0.0,61.8789474493,-20.4054489116,-23.9830687714,24.1762036837,30.2612074117,40.879800222
1300,20.0,0.0,0.0,0.0,76.3170893349,-5.45898645309,-3.85406164258,46.6320762045,50.4048517565,44.684132814
1313,0.0,75.0,0.0,0.0,58.409634271,38.8838766772,-1.32286596791,35.8768095428,26.3945062447,22.4588865498
1320,0.0,20.0,0.0,0.0,75.2339191759,12.2894609088,1.37794200496,51.4515480116,48.6513646616,39.0967388392
1447,3.0,40.0,40.0,0.0,65.9411022706,19.6771491748,16.7106213611,39.9924462709,35.2477530955,19.9356093624
1440,0.0,40.0,3.0,0.0,67.3904233235,23.4368656413,-0.30206589658,43.299473966,37.1513472711,30.847358811
708,70.0,55.0,100.0,0.0,47.7586481042,-5.02840140313,12.4544893402,15.1493488314,16.6051702347,9.55186667867
22,20.0,30.0,0.0,0.0,67.1334644243,8.62592869085,-6.7867827285,38.1202529633,36.8089704253,34.8929476429
1250,40.0,70.0,100.0,80.0,35.9109033163,5.055347322,8.17235199827,9.24104079697,8.96193502683,5.54828307678
58,70.0,30.0,0.0,0.0,55.3634050039,-7.70059545218,-22.7495498699,20.808024752,23.2837390401,31.9596023145
546,70.0,55.0,70.0,0.0,47.7353570487,-5.30105843248,5.24613926826,15.0865936205,16.5869792588,11.8179511274
265,20.0,30.0,30.0,0.0,64.9568185638,7.01026671014,6.95162985363,34.7945625355,33.9927524203,24.062204305
1234,40.0,70.0,70.0,80.0,35.3649929386,5.56347320681,5.86277479336,9.01930112741,8.68215891134,5.83306849874
301,70.0,30.0,30.0,0.0,55.503585255,-9.97407031171,-8.14097196887,20.4625017326,23.4212185768,23.4117191888
252,0.0,100.0,30.0,0.0,53.4071161559,45.3907901255,8.17958436057,31.5567662033,21.420915708,14.2922870088
424,20.0,0.0,55.0,0.0,74.1064370374,-9.32399498915,30.22413125,42.0188425109,46.8698414245,20.2079399577
288,40.0,100.0,30.0,0.0,45.7368709634,25.5948792871,-3.32581173635,19.1477960003,15.0750886537,13.6412603795
460,70.0,0.0,55.0,0.0,60.1816279709,-25.3622010814,8.8582080191,21.4613825938,28.3254474929,18.9546087996
324,100.0,100.0,30.0,0.0,39.8760887206,2.64764382231,-15.8116440793,11.1367601367,11.1764537967,14.5483485528
1121,0.0,0.0,40.0,60.0,49.0941017783,0.617728742199,14.7414965755,17.1524625909,17.6705858447,9.55642384922
1142,100.0,20.0,40.0,60.0,37.4665879457,-9.65872129817,-2.3406878737,8.30427266095,9.7920459263,8.71067159151
1123,0.0,40.0,40.0,60.0,44.1523502817,9.77902727835,10.5749331684,15.0255432722,13.9438863632,8.33243600033
1144,100.0,70.0,40.0,60.0,34.8940385454,-2.12573575152,-4.17874628271,7.90952304428,8.44552740466,8.01215865305
1125,0.0,100.0,40.0,60.0,37.8688930462,20.5297391417,6.44510584339,12.4519041093,10.0147517027,6.65958507786
414,0.0,100.0,55.0,0.0,52.1249098539,46.0303670377,15.3473936756,30.2329339305,20.2555413266,10.9803333493
262,20.0,0.0,30.0,0.0,74.7785293691,-7.81897462353,14.1417582773,43.4997617011,47.9264720196,29.7646960165
450,40.0,100.0,55.0,0.0,45.9586311764,24.2103866033,3.19951319492,19.0635121315,15.2381230378,11.4768212481
298,70.0,0.0,30.0,0.0,61.1382185745,-23.6044276411,-5.66078820505,22.7354140954,29.4059251569,27.4948374455
486,100.0,100.0,55.0,0.0,39.1806021254,-0.563893058547,-8.80634078774,10.3063049801,10.7642887165,11.5833377197
1352,0.0,0.0,0.0,80.0,42.6770900209,1.79752958945,4.57766418969,12.7487907336,12.9429041627,9.29419780632
1361,0.0,0.0,0.0,15.0,73.9152861869,1.76345002329,4.30883542536,45.5251728085,46.5721861912,35.3110182506
1292,80.0,0.0,0.0,0.0,60.8843074143,-21.4834047051,-24.9602883674,22.9628493946,29.1164988771,40.3108069991
1301,15.0,0.0,0.0,0.0,77.3201993825,-4.04808215661,-2.38147152222,48.7062680051,52.0658552152,44.8957227461
1312,0.0,80.0,0.0,0.0,56.9308872855,41.4250634755,-0.906990673713,34.7418830759,24.8519530303,20.9523902332
1321,0.0,15.0,0.0,0.0,77.1471253652,9.37864435186,1.89029760003,53.5092617803,51.7767041644,41.2303550834
1332,0.0,0.0,80.0,0.0,79.9997971137,-1.08211914699,55.7888750133,54.2294911219,56.680931376,13.6261011854
1341,0.0,0.0,15.0,0.0,81.7561160132,0.770681261367,13.4736886914,58.0295084236,59.8491306923,38.4603854778
1472,0.0,0.0,3.0,40.0,60.395083921,1.62322105519,4.95134644983,27.9536958702,28.5642134178,21.0092268043
1417,3.0,3.0,3.0,0.0,79.9193877495,2.20284297287,2.78488117027,55.3960496626,56.5386229123,44.3330437057
1318,0.0,30.0,0.0,0.0,71.2790674798,17.5446934082,0.288566197023,47.0927300304,42.5947746247,34.9433465839
690,40.0,55.0,100.0,0.0,53.481766291,7.05191712777,22.9143771291,22.221398868,21.490107233,9.37875603108
1205,70.0,40.0,0.0,80.0,34.426666117,-0.11504462392,-3.69222495887,7.90910306005,8.21498550484,7.67897556496
654,0.0,55.0,100.0,0.0,61.8157639497,26.6695108373,39.9349502217,36.6203123159,30.1876140371,8.62956310192
247,0.0,30.0,30.0,0.0,71.0312355549,15.2736663777,15.7024980416,45.9047197994,42.2329559703,25.01181389
528,40.0,55.0,70.0,0.0,52.9923378533,7.81909221083,13.8304228163,21.9307352301,21.0391706885,11.9811478566
1221,70.0,40.0,40.0,80.0,34.3505689886,-1.80618764382,0.261499957505,7.69061310561,8.17785075313,6.68678898292
492,0.0,55.0,70.0,0.0,62.3394961482,27.5859865735,29.8627481807,37.591797986,30.8012508914,12.0097089399
1075,0.0,100.0,0.0,60.0,37.9958204823,20.6107775433,1.74492522704,12.544982072,10.0857097724,7.86255074015
1194,100.0,70.0,100.0,60.0,34.0007939531,-4.74489784881,3.12011258352,7.2237421212,8.00860241445,5.91611129276
1073,0.0,40.0,0.0,60.0,43.4394350539,10.5727768017,2.35481141897,14.6469272143,13.4539574952,10.3531447378
1192,100.0,20.0,100.0,60.0,37.3917752402,-11.8132179924,6.82425087596,8.027921537,9.75099908311,6.38564324182
1355,0.0,0.0,0.0,60.0,49.7749569467,1.72350058541,4.53654423249,17.9025272273,18.2308849256,13.3084165578
648,100.0,100.0,85.0,0.0,39.0482163081,-2.17099296193,-1.88329335106,10.0251353379,10.6869994351,9.35329182341
136,70.0,0.0,10.0,0.0,62.6641846835,-20.6403272973,-15.7373491529,24.9080553614,31.1858201255,35.7682426231
612,40.0,100.0,85.0,0.0,45.094679863,21.7682711041,11.4169159858,17.8782791486,14.6095289258,8.54428607318
100,20.0,0.0,10.0,0.0,75.3369559761,-6.32356447514,1.47817463409,44.8413695066,48.8163869861,39.1550037007
576,0.0,100.0,85.0,0.0,52.362053927,44.6059826822,23.7866029933,30.1256630653,20.4678082637,8.58810212486
171,0.0,100.0,20.0,0.0,52.8364143863,46.5880483732,4.96235978275,31.2111097339,20.8968465339,15.1684893382
565,100.0,70.0,70.0,0.0,42.1765053023,-6.67796013178,-1.33586394911,11.2179097711,12.6144674486,10.8296729952
167,0.0,40.0,20.0,0.0,67.3712988214,22.2739887407,8.21853524044,42.8783526022,37.125792607,25.6730858136
561,100.0,20.0,70.0,0.0,49.467591079,-26.5654105163,5.2894858873,12.8853835074,17.9764990261,12.8434684435
1340,0.0,0.0,20.0,0.0,81.4675092943,0.566330084065,16.0325197326,57.4342550267,59.3206138929,36.2307716267
1351,0.0,0.0,0.0,85.0,40.6562201515,1.76623071495,4.53607299374,11.4806960982,11.6511507974,8.33540201894
1362,0.0,0.0,0.0,10.0,76.3373624707,1.78617031721,4.27580829177,49.2949743717,50.4380662621,38.3527486987
1291,85.0,0.0,0.0,0.0,60.5546359052,-22.0621641289,-26.0857747852,22.5212005273,28.7435574932,40.7400140544
1302,10.0,0.0,0.0,0.0,78.8370976054,-2.53164418741,-0.485853982687,51.7221962304,54.6463042024,45.4920389897
1311,0.0,85.0,0.0,0.0,56.8743057116,41.7763088183,-1.42931146424,34.7733432218,24.7941556271,21.1639123751
1322,0.0,10.0,0.0,0.0,78.5514666082,7.10234623931,2.60413689153,54.9984919342,54.1540374957,42.5754347848
568,0.0,0.0,85.0,0.0,79.8035871727,-1.07937982625,58.5032500148,53.8978652871,56.334097918,12.5201990767
1342,0.0,0.0,10.0,0.0,81.7966459877,1.1464316279,10.196756853,58.2568105434,59.923602439,41.0047185001
1374,5.0,3.0,3.0,0.0,79.2257181314,0.833007222678,1.82213241355,53.6711009378,55.3208445841,44.1425355935
1438,40.0,0.0,3.0,0.0,70.6554385422,-12.2144126332,-10.8155960814,36.3835913308,41.688234749,42.4210684338
704,70.0,10.0,100.0,0.0,56.7721380647,-22.7711366381,24.6985885488,18.9906467634,24.6900197144,10.554088947
1203,40.0,100.0,0.0,80.0,34.1779155107,9.4910075728,-1.31592768895,8.8782728418,8.09401267292,6.98781450963
668,20.0,10.0,100.0,0.0,69.6616385509,-4.75916270862,49.1403439071,37.350193143,40.2703277768,9.87227289636
62,70.0,85.0,0.0,0.0,45.1256754244,10.6927123956,-20.7114151061,15.897849692,14.6317760509,20.680905905
542,70.0,10.0,70.0,0.0,56.7441759408,-22.9296713869,14.2750822025,18.9360461927,24.661569809,14.1611815273
1219,40.0,100.0,40.0,80.0,33.4936795349,8.34838010018,1.63965507855,8.40424269872,7.76739262408,6.04653094726
506,20.0,10.0,70.0,0.0,69.9513603498,-4.08826090566,35.0092868762,37.9434862644,40.6803139804,14.9540672865
305,70.0,85.0,30.0,0.0,44.32341983,8.84928623125,-11.4078713953,14.9933370261,14.0631916581,15.8559358015
1176,20.0,0.0,100.0,60.0,46.2815227726,-4.13664051459,23.6400619988,14.2456216613,15.4776028876,6.0568531764
1087,70.0,20.0,0.0,60.0,39.5744079294,-4.65660260181,-7.53950468652,9.99733244612,10.9964009338,11.3879190949
1178,20.0,40.0,100.0,60.0,42.1785963428,4.27061790534,16.8364314105,12.7975637303,12.6158277044,5.99837443566
1089,70.0,70.0,0.0,60.0,35.1642238358,3.9482061591,-6.58636093215,8.726786953,8.58074909207,8.78721910765
1180,20.0,100.0,100.0,60.0,36.411752336,13.8213778832,9.50113760958,10.6289328666,9.22384662372,5.45360802523
88,0.0,70.0,10.0,0.0,58.6252634037,37.3837776425,1.87668539885,35.7062847018,26.6246350497,21.020787102
588,20.0,20.0,85.0,0.0,66.7531658357,0.123571002154,39.5839391448,35.0462365611,36.3061237991,11.3010383027
124,40.0,70.0,10.0,0.0,52.0361143121,16.7180475407,-10.3363469409,22.97678685,20.1764399326,21.4476310773
624,70.0,20.0,85.0,0.0,54.9475803113,-19.8946595102,18.1512730012,18.0304226553,22.8790926616,11.6593354375
160,100.0,70.0,10.0,0.0,43.8462424516,-2.13173770435,-22.6941751749,12.916215614,13.7320917147,20.5713037005
505,20.0,0.0,70.0,0.0,74.1547868589,-9.28183675182,39.6038283764,42.102221009,46.9453309703,16.0303718965
219,70.0,20.0,20.0,0.0,56.9589639636,-12.9871261771,-12.5662701799,21.1409249278,24.8806663355,27.3166830444
509,20.0,40.0,70.0,0.0,61.2038516514,10.5729002115,26.7998877199,31.2251288109,29.4810491611,12.392069617
223,70.0,70.0,20.0,0.0,47.5331246817,4.61566663502,-14.4099399492,16.6576471057,16.4295882015,19.6406845179
513,20.0,100.0,70.0,0.0,49.3608279048,32.2508738328,15.1499680573,23.8781277189,17.8886952778,9.57154760517
1350,0.0,0.0,0.0,90.0,38.9749681277,1.81291910833,4.5478112473,10.5017396909,10.6443952148,7.57822388557
1363,0.0,0.0,0.0,7.0,77.5176888375,1.84673522989,4.35459126438,51.2239370486,52.39710932,39.8240152539
1290,90.0,0.0,0.0,0.0,59.1018652755,-22.8919346117,-27.3688091876,21.0006786216,27.1380227959,39.8026811944
1303,7.0,0.0,0.0,0.0,79.1713180573,-1.63160896815,0.780179874576,52.6213635695,55.2260884866,44.9204184008
1310,0.0,90.0,0.0,0.0,55.6481048127,43.5832199251,-1.12328000171,33.7636607188,23.5635192736,19.9775789493
1323,0.0,7.0,0.0,0.0,79.0447149508,6.07947882486,2.67782169888,55.438640111,55.0059854865,43.1968936644
1330,0.0,0.0,90.0,0.0,79.5948316934,-0.981185231173,60.9343559181,53.5837745074,55.9666447102,11.5629598958
1343,0.0,0.0,7.0,0.0,81.9585007732,1.24896761658,8.46166514108,58.5882966077,60.2216182582,42.5887080435
1373,10.0,6.0,6.0,0.0,75.9197543114,0.848995279944,2.14279159251,48.2893840672,49.7568177653,39.411733786
1415,3.0,0.0,3.0,0.0,81.2350158047,0.275200969732,4.09984977104,56.9061939979,58.8971255443,45.1174568585
1199,0.0,100.0,0.0,80.0,34.4326845972,15.1296002357,2.15068764708,9.69695869262,8.21792725962,6.28985507287
694,55.0,0.0,100.0,0.0,63.2422215087,-22.7338915626,35.9087863691,25.001562549,31.8783591352,10.5368544815
52,55.0,70.0,0.0,0.0,50.3093942262,12.3663313759,-17.7114720982,20.452550477,18.6788964078,23.7419273464
1244,0.0,0.0,100.0,80.0,41.9708162453,-0.0700545861159,19.6649119641,12.0253900323,12.4811406857,5.33726227906
1215,0.0,100.0,40.0,80.0,34.1853141081,14.2889483841,5.44920140239,9.46032648701,8.09759352146,5.49686769915
532,55.0,0.0,70.0,0.0,63.2936451503,-22.9884134868,22.671655846,24.9938310237,31.9404610801,15.2970637425
295,55.0,70.0,30.0,0.0,48.7717972762,10.3914498317,-7.46582973977,18.7329829591,17.409402901,17.4424099187
1228,0.0,0.0,70.0,80.0,42.2996519781,0.337110723825,17.13945868,12.2908183777,12.6947431704,5.9780655249
1085,40.0,100.0,0.0,60.0,35.3104035604,12.1469087259,-3.6198592542,9.79746905896,8.65450680226,8.05380057153
1184,40.0,70.0,100.0,60.0,37.6446523246,5.71386241235,9.87827661973,10.2617120609,9.8902059922,5.81508903431
1083,40.0,40.0,0.0,60.0,40.4881984001,3.86576797102,-3.11166973499,11.6743495894,11.5477986768,10.4708881493
1182,40.0,20.0,100.0,60.0,42.5195050938,-3.25511218363,16.2911975068,11.9073529375,12.8389044304,6.24596327854
1081,40.0,0.0,0.0,60.0,45.5574003522,-3.57686212558,-1.28149080417,13.8354702883,14.9439995058,12.7824201801
644,100.0,40.0,85.0,0.0,46.2138396494,-19.0649834331,5.96519018576,11.9237139346,15.4271978345,10.7213138476
140,70.0,40.0,10.0,0.0,53.2686731115,-4.6698354498,-17.7159263702,19.5842962535,21.2929893978,26.6045460923
608,40.0,40.0,85.0,0.0,56.6165409616,0.330414938785,24.6105120502,23.7310832981,24.5319858537,10.4975728074
104,20.0,40.0,10.0,0.0,63.5307459325,12.1786793367,-3.09408854149,34.5084254212,32.2278400627,28.4323227886
572,0.0,40.0,85.0,0.0,66.1656040207,19.3740561187,40.810206604,40.2066690167,35.5382623391,10.580507931
207,40.0,100.0,20.0,0.0,46.9869558148,25.7501378202,-6.74607270334,20.2603373674,16.0095044797,15.8273105555
529,40.0,70.0,70.0,0.0,49.4685819171,15.2333236745,12.4664677953,20.2971355051,17.9773152499,10.4413122281
203,40.0,40.0,20.0,0.0,58.0261561297,4.93895589525,-5.50947129123,26.2424550117,25.988524847,24.3417761419
525,40.0,20.0,70.0,0.0,62.511677123,-8.38472994103,25.2986403302,27.7300895532,31.004790144,13.7525225075
199,40.0,0.0,20.0,0.0,69.7621824413,-13.792848273,-0.164420566653,34.7680777117,40.4122941126,33.4557261997
1289,95.0,0.0,0.0,0.0,57.8271078333,-23.8141263451,-28.9596990659,19.685248946,25.7794470788,39.3424036198
1304,5.0,0.0,0.0,0.0,80.1918605248,-0.535108065935,1.65924043615,54.7732664224,57.0218110794,45.6509236398
1309,0.0,95.0,0.0,0.0,54.4731550521,45.8173104975,-0.667896430855,32.9566706296,22.4231786801,18.808247128
1324,0.0,5.0,0.0,0.0,79.5770470304,5.29715393575,2.90898089445,56.0457777287,55.9354140653,43.7512849654
1329,0.0,0.0,95.0,0.0,79.4681977968,-0.960234404473,63.1400072438,53.3787749286,55.744523184,10.7722861888
1344,0.0,0.0,5.0,0.0,81.4983489368,1.47194891189,7.28953947914,57.8606712621,59.3769405225,42.8910604393
1349,0.0,0.0,0.0,95.0,36.5159610704,1.87769743208,4.53314291782,9.17219313931,9.27897459083,6.56281811421
1364,0.0,0.0,0.0,5.0,79.5348703528,1.70165941654,3.94967129802,54.5374595884,55.8613964297,42.8547120589
1372,20.0,12.0,12.0,0.0,71.0644163863,-0.532710571132,0.973186890525,40.5982731091,42.2812785837,34.2123481027
1437,3.0,40.0,0.0,0.0,67.1302812671,21.6889512931,-1.59510849549,42.3333168021,36.8047423715,31.3929829819
716,85.0,40.0,100.0,0.0,48.2057304435,-15.8867884205,12.2508876069,13.6940816718,16.9569369644,9.84120518799
1201,40.0,40.0,0.0,80.0,36.3927813168,3.09908686714,-1.15516016912,9.25568495458,9.21383422575,7.89777756016
680,30.0,40.0,100.0,0.0,59.3668394968,4.18243701537,33.3952375974,27.4817466309,27.4262823659,9.28203759836
66,85.0,20.0,0.0,0.0,55.1333844067,-14.5775204611,-26.7112174467,19.2128179096,23.0593174897,34.3619798419
554,85.0,40.0,70.0,0.0,47.5748459056,-15.9462762843,4.38210914499,13.2611006876,16.4619766334,12.0180483506
1217,40.0,40.0,40.0,80.0,35.6989757574,1.57000287166,3.66935478032,8.71824835978,8.85262055253,6.438897489
518,30.0,40.0,70.0,0.0,59.0089653236,5.94787557264,21.8906754898,27.5376293906,27.0374392606,12.7896283549
309,85.0,20.0,30.0,0.0,53.6941936496,-18.7567581973,-11.9568022516,17.2355838185,21.6878162754,23.7857515849
1186,70.0,0.0,100.0,60.0,40.7788981541,-12.6655348126,13.0473793205,9.6419164021,11.7269996854,6.29988589401
1077,20.0,20.0,0.0,60.0,45.3967305011,2.87984668595,0.116767491181,14.769761612,14.8272894753,12.1936241896
1188,70.0,40.0,100.0,60.0,37.8764257501,-5.44985202417,9.10478271087,8.99688509826,10.0189534992,6.06634738291
1079,20.0,70.0,0.0,60.0,38.8362350629,12.6365267078,-0.608865550827,11.9095732877,10.5640128447,8.88590198979
1190,70.0,100.0,100.0,60.0,34.0492859683,3.27664366231,4.01737541744,8.10345410599,8.03192584568,5.74400394161
84,0.0,20.0,10.0,0.0,74.1283811951,12.2479793354,6.49476825369,49.6436285155,46.9040932404,34.0482111509
592,20.0,70.0,85.0,0.0,53.8815250959,23.142904635,23.6773346885,26.3249479008,21.8631712087,9.35736316943
120,40.0,20.0,10.0,0.0,64.4682681284,-3.95862065961,-8.01980631437,31.0995886064,33.3810501632,32.6006417146
628,70.0,70.0,85.0,0.0,45.7431093346,-1.00470289345,8.41650232229,14.3771836318,15.0796590264,9.7183122494
156,100.0,20.0,10.0,0.0,52.3914447973,-18.6640177273,-24.3524290665,16.2414716966,20.4942187648,29.6993697226
541,70.0,0.0,70.0,0.0,59.5736278088,-26.597265527,18.0161979862,20.6524771534,27.6526555273,14.6003378637
183,20.0,20.0,20.0,0.0,68.773138727,3.3838404548,4.27711084659,38.6919851768,39.0302040669,29.4587595586
545,70.0,40.0,70.0,0.0,50.2449720113,-10.2939052511,9.00009491439,16.0863465328,18.6245074098,12.0131426286
187,20.0,70.0,20.0,0.0,55.5874076999,24.7596367308,-0.434219258971,28.5698507126,23.5036840707,19.5983946741
549,70.0,100.0,70.0,0.0,42.3517116707,7.38030561921,1.19397482223,13.3868303307,12.7287815254,10.1330694913
1288,98.0,0.0,0.0,0.0,56.9291949935,-24.0655952668,-29.9868728587,18.8699705694,24.8502230725,38.9501951905
1305,3.0,0.0,0.0,0.0,81.0007873837,0.485709436326,3.10073786521,56.581531107,58.4725199924,45.6119014377
1308,0.0,98.0,0.0,0.0,53.9571673479,46.6947472274,-0.564299360545,32.5772709329,21.9342445114,18.3532507217
1325,0.0,3.0,0.0,0.0,80.813336521,3.53977663464,3.41431988863,57.4972448663,58.1341859331,45.0831171108
1328,0.0,0.0,98.0,0.0,79.4281762618,-0.911834269747,64.3129904951,53.3303803296,55.6744460386,10.381515097
1345,0.0,0.0,3.0,0.0,81.7034895803,1.66650791583,4.89863472431,58.3058379988,59.7525244306,45.1248465094
1348,0.0,0.0,0.0,98.0,35.9159012576,1.86283009824,4.57027282491,8.86213722288,8.96452382045,6.32054147803
1365,0.0,0.0,0.0,3.0,80.2345228917,1.8297540003,4.02912625065,55.7909161649,57.0977145238,43.7621781194
1371,40.0,27.0,27.0,0.0,61.5846012222,-2.49630960683,-0.854582540836,28.2098493107,29.9193827113,25.1627892006
1436,40.0,3.0,0.0,0.0,69.5447543005,-10.2401411817,-12.1641728705,35.5403206498,40.1057075053,41.9727712238
12,10.0,20.0,0.0,0.0,72.0691358561,7.91689398623,-2.72637669808,44.8952280726,43.762007616,38.088356722
698,55.0,40.0,100.0,0.0,53.718361752,-5.8014759426,23.2961587306,19.7459982611,21.710386383,9.38635008863
48,55.0,20.0,0.0,0.0,62.0687145446,-7.57007634801,-17.8808954886,27.4550702138,30.4829587024,36.5658649365
1246,0.0,70.0,100.0,80.0,36.9905796936,10.6432392629,12.2068083268,10.5383207362,9.53283429436,5.1153437496
255,10.0,20.0,30.0,0.0,71.1605495411,5.41707539569,12.5897714418,42.7019945307,42.4214893333,26.9214343799
536,55.0,40.0,70.0,0.0,53.3020710615,-4.99706208044,12.8777532318,19.5476822639,21.3238035492,12.4967031073
291,55.0,20.0,30.0,0.0,59.7151574895,-9.84382034267,-3.4204300603,24.4614118653,27.808305275,24.7959896417
1230,0.0,70.0,70.0,80.0,37.4749074152,11.2940346004,10.0795093923,10.9046461132,9.79661760223,5.7114153085
1095,100.0,100.0,0.0,60.0,32.7074791503,2.33156486395,-9.06250967661,7.37925786189,7.40308936988,8.30693933843
1174,0.0,70.0,100.0,60.0,40.6275385937,14.7696896831,15.8493038204,13.3802547906,11.6334649717,5.64196222456
1093,100.0,40.0,0.0,60.0,35.8503920176,-4.0156023217,-9.76585925795,8.15586489446,8.930631405,10.0570158688
1172,0.0,20.0,100.0,60.0,45.8978608559,4.20346868423,23.672263984,15.3543049201,15.1933293923,5.90757809043
1091,100.0,0.0,0.0,60.0,38.9454058478,-9.55566863919,-8.97816582844,9.05674777851,10.6272326722,11.5053896013
640,100.0,0.0,85.0,0.0,52.72638216,-34.8839308469,13.9253588169,13.7711461658,20.7967983337,11.7928956431
144,70.0,100.0,10.0,0.0,43.7185348992,12.3532294763,-17.4766839004,15.1438494108,13.6443693034,18.0188781557
604,40.0,0.0,85.0,0.0,67.0449930749,-17.3667232374,38.3780134701,30.4775424114,36.691578173,11.8724480834
108,20.0,100.0,10.0,0.0,50.4162019277,35.1048914937,-4.67882352468,25.6072728664,18.7693028394,17.4635767343
1331,0.0,0.0,85.0,0.0,79.3609490193,-0.871011036959,58.7011398144,53.2333921802,55.5568643086,12.1848478005
243,100.0,100.0,20.0,0.0,40.6515189848,3.52451326699,-18.5076111124,11.7257827644,11.6482507033,16.1749440746
493,0.0,70.0,70.0,0.0,57.3024706921,35.3673435635,25.5663953877,33.4527694321,25.2337543701,10.5687248484
239,100.0,40.0,20.0,0.0,48.6879284923,-12.7792221529,-19.6629255798,14.527151825,17.3418635214,23.2894548217
489,0.0,20.0,70.0,0.0,73.0796680234,9.12598415801,43.6659543523,46.8572101402,45.2857747341,13.6976287379
235,100.0,0.0,20.0,0.0,55.4761595219,-28.2495001607,-19.7510864549,16.9050886041,23.3942787636,30.150752425
1287,100.0,0.0,0.0,0.0,56.5504585078,-24.5662263197,-30.7682785266,18.457029578,24.4650730409,39.0466291745
1306,2.0,0.0,0.0,0.0,81.5846729386,1.22865447646,3.87375153833,57.9136983449,59.534795339,45.8069890705
1307,0.0,100.0,0.0,0.0,53.1730945324,47.2737517296,-0.206546228294,31.79758236,21.2049692272,17.5873777546
1326,0.0,2.0,0.0,0.0,81.2560881837,2.67288405392,3.89227493218,57.9251963842,58.9354256832,45.3196167298
1327,0.0,0.0,100.0,0.0,79.5603752758,-0.814517284159,65.8510879103,53.590872134,55.9061482886,9.97965784596
1346,0.0,0.0,2.0,0.0,82.0586865611,1.56023509111,5.28129352937,58.8972592468,60.4065799367,45.3152769836
1347,0.0,0.0,0.0,100.0,35.136979373,1.89324383255,4.50497869306,8.47587566733,8.56704888794,6.03958763282
1366,0.0,0.0,0.0,2.0,81.5329155418,1.74377289301,4.17447009961,58.034053472,59.4401165771,45.4817522396
1370,60.0,45.0,45.0,0.0,52.5611106914,-2.69449186663,-0.581022306335,19.3702823068,20.6471239978,17.2884814091
1414,3.0,3.0,0.0,0.0,79.4344001074,2.4482068723,2.35362633907,54.6615958611,55.685340046,44.0026401664
712,85.0,0.0,100.0,0.0,55.8803629649,-32.1531196324,22.1670801572,16.5163997663,23.7934170329,10.8694847581
34,30.0,70.0,0.0,0.0,54.7027070729,22.4014407106,-10.7930738441,27.0121315222,22.643010065,24.0977090548
676,30.0,0.0,100.0,0.0,70.1270409236,-13.521299667,49.2039733971,35.3114137941,40.93027018,10.0959615806
70,85.0,70.0,0.0,0.0,45.6734624028,2.38475789174,-24.0359498278,14.8856262862,15.028686485,22.8532030992
550,85.0,0.0,70.0,0.0,55.1956966477,-31.155730865,11.31061024,16.1702134115,23.1199698888,14.2741166332
277,30.0,70.0,30.0,0.0,53.1619855838,20.5104186978,-0.592046019877,24.9533710611,21.1947545439,17.7496651053
514,30.0,0.0,70.0,0.0,70.7887995759,-13.161587984,35.2593130978,36.2712203231,41.8810032581,15.432275943
313,85.0,70.0,30.0,0.0,44.9530819159,-0.725614995555,-14.0650586591,13.874582565,14.5081835153,17.4491028743
