SAMPLE_ID,CMYK_C,CMYK_M,CMYK_Y,CMYK_K,LAB_L,LAB_A,LAB_B,XYZ_X,XYZ_Y,XYZ_Z
810,10.0,20.0,20.0,20.0,66.865073599,5.34788745197,9.4279400347,36.7547805772,36.4536142505,24.5078496858
1369,80.0,65.0,65.0,0.0,47.536408728,-0.514104868584,1.72747917083,15.7563686916,16.4321360843,12.9268729094
1393,100.0,85.0,85.0,80.0,35.8645833394,-0.374095806118,0.0337996801524,8.57564628229,8.93796628619,7.36639773146
1427,0.0,7.0,7.0,0.0,81.181867041,3.5001486523,8.98402618721,58.1344273574,58.8005986297,41.1234588533
1387,100.0,85.0,85.0,60.0,37.9211626547,-0.645154158256,0.457902832035,9.60488986006,10.0439322861,8.16544202116
1377,10.0,6.0,6.0,10.0,73.8715594989,-0.206789844829,5.1246752128,44.7720927101,46.5042736918,34.6883062485
558,85.0,100.0,70.0,0.0,43.5499565962,7.18851808945,-2.01407350181,14.1731741923,13.5291458956,11.8328667466
1381,10.0,6.0,6.0,20.0,70.8479867061,-0.34293731477,4.67935733665,40.3572345185,41.9667461394,31.4810366903
1394,80.0,65.0,65.0,80.0,38.0058026349,0.749568522941,1.43155746519,9.82530635461,10.0913044114,7.94821802366
1434,0.0,7.0,7.0,7.0,78.2749630594,3.18983202648,8.74173599869,52.992306906,53.6803260491,37.5231313427
1388,80.0,65.0,65.0,60.0,40.8890188729,0.175212936103,1.85357088617,11.3986183156,11.7953644421,9.19101059264
1392,10.0,6.0,6.0,60.0,56.9496442502,0.307146516178,4.83216051597,24.0534754698,24.8711328506,18.2457694984
1382,80.0,65.0,65.0,40.0,44.0225469532,-0.341699591199,2.14810157062,13.3063089108,13.8538120805,10.7337008562
93,10.0,20.0,10.0,0.0,74.2525284038,5.93256648148,5.39936674431,47.5262382321,47.0981842721,34.9544149298
230,85.0,40.0,20.0,0.0,54.0724802694,-9.81998299671,-12.637230242,19.2492903053,22.0428884149,24.512794944
1430,0.0,7.0,0.0,7.0,78.7286588683,3.9936964592,5.88936336133,54.0706954835,54.4590672469,40.2467136265
1395,60.0,45.0,45.0,80.0,40.2210160946,0.918704704324,2.18342549941,11.1035625987,11.3847134401,8.77299516578
1376,20.0,12.0,12.0,10.0,69.6062164482,-0.79072348183,3.96024272871,38.5085513292,40.192215009,30.5643467085
1389,60.0,45.0,45.0,60.0,44.6188383815,0.300673987606,2.14903570488,13.808849496,14.2708178175,11.0634048471
1380,20.0,12.0,12.0,20.0,66.9320981671,-0.47148639758,4.20741443126,35.0981814069,36.5421412164,27.5670265541
1424,3.0,3.0,3.0,3.0,82.1124282815,0.467768019232,6.92695571624,58.5394515174,60.5059530721,44.0384301246
1385,20.0,12.0,12.0,40.0,60.6876496597,0.0866760382129,4.21066818003,27.883939304,28.8936438439,21.6343965606
1378,60.0,45.0,45.0,20.0,51.9730144728,0.453415013346,2.05984171708,19.492187233,20.1203542904,15.7413233853
1391,20.0,12.0,12.0,60.0,54.5212007064,0.446113792092,4.25399790848,21.7623646704,22.4690715144,16.6607194593
1420,3.0,3.0,0.0,3.0,82.8812847552,0.720761864692,6.31507495153,60.0316085526,61.9395910873,45.6351638107
1397,20.0,12.0,12.0,80.0,44.2302369851,0.932709294541,3.93859928912,13.644336937,13.9981211609,10.2849466198
210,55.0,20.0,20.0,0.0,65.374385542,-7.05946668995,-3.08083403215,31.3190958715,34.5214635107,30.4017350522
101,20.0,10.0,10.0,0.0,75.2627030504,-1.52249866652,3.20741705058,46.4155841875,48.6974270246,37.7730967952
1432,0.0,0.0,7.0,7.0,80.2692227024,0.338429966829,10.095841261,55.2536315001,57.159500907,39.0694078303
1375,40.0,27.0,27.0,10.0,62.5843443472,-0.172602026383,3.46883312004,29.9350703926,31.0909601793,23.7329748869
1384,40.0,27.0,27.0,40.0,54.3787245094,0.479093876768,3.30838668816,21.6379672936,22.3331615549,16.9606724259
1379,40.0,27.0,27.0,20.0,59.5505590451,-0.477138343829,3.55363725757,26.5239941904,27.6273404316,20.9802192926
1,0.0,0.0,0.0,0.0,83.5147107977,0.554879842336,7.09957150181,61.1198707254,63.1375736325,45.892174764
970,100.0,100.0,0.0,40.0,39.2722734267,5.69607337365,-14.0338172641,11.1980384519,10.8180258933,13.4786712904
1049,0.0,70.0,100.0,40.0,50.4399160768,22.7998452524,24.1056974423,22.7997089152,18.7894149645,7.63106964811
968,100.0,40.0,0.0,40.0,46.8309124326,-7.88634265531,-15.5551158899,14.0233933444,15.8908135536,19.6095476754
336,10.0,20.0,40.0,0.0,73.0683898813,5.16071495046,19.1889781296,45.4364262433,45.2685763738,25.0262567031
479,100.0,10.0,55.0,0.0,55.1807348454,-25.5132558751,-1.46271214269,17.171593167,23.1053969409,19.7541864994
560,100.0,10.0,70.0,0.0,54.9068455214,-26.1821224178,5.26833904617,16.8351282567,22.8397069615,16.5123091502
328,0.0,30.0,40.0,0.0,72.4367510636,13.7070136656,20.0380330281,47.5074038661,44.3123079574,23.9589577115
564,100.0,55.0,70.0,0.0,47.2160798662,-11.1849656942,-1.26401093853,13.7628744262,16.184851365,13.8242161637
974,0.0,70.0,20.0,40.0,51.7976973883,24.1171963644,6.25218916297,24.4229525399,19.965071271,13.9688336808
1045,100.0,100.0,70.0,40.0,38.5038980256,1.72669190745,-2.96625280708,10.2249183873,10.3731037696,9.39523796781
234,85.0,100.0,20.0,0.0,43.7516812579,11.651703158,-11.902866717,15.0499588095,13.6671015538,15.6545274831
999,0.0,70.0,40.0,40.0,52.0850789289,23.6727003925,10.698463407,24.6073618296,20.2200333754,12.5252190144
1018,100.0,40.0,40.0,40.0,44.7921663019,-9.62140754525,-5.85911014054,12.4062192064,14.3935821546,13.9812598209
997,0.0,20.0,40.0,40.0,62.3040876834,6.71874862828,17.5739108213,31.4680954685,30.7595044344,16.7028664544
641,100.0,10.0,85.0,0.0,52.6878453217,-27.7852039412,10.6858108408,14.8963589735,20.7618338766,12.8993605057
849,10.0,100.0,40.0,20.0,47.8853888241,35.9770022583,7.01743602192,23.2823135744,16.7043914793,11.3128329313
433,30.0,0.0,55.0,0.0,73.3317582631,-11.2985624453,25.3784895731,40.276451421,45.6713320483,21.9566044552
279,30.0,100.0,30.0,0.0,48.5594546233,33.2377458503,1.42328683119,23.3196185927,17.2387428434,13.6850854148
469,85.0,0.0,55.0,0.0,59.8187059237,-26.9791871097,5.64442625139,20.7924781181,27.9225537183,20.1816372661
315,85.0,100.0,30.0,0.0,42.4879507324,10.6760428476,-10.825748955,13.998243876,12.8181469912,14.3613105749
1046,0.0,0.0,100.0,40.0,63.7169206369,0.77563856397,43.5964646659,31.5083404823,32.4546981789,8.52458588328
955,20.0,100.0,0.0,40.0,44.0529718775,29.1856315179,-0.55126762765,18.4346291597,13.8748899036,11.6320695948
1056,40.0,0.0,100.0,40.0,57.2393872881,-9.01320248938,30.4321808582,22.250013555,25.1686626378,9.08019384394
965,70.0,100.0,0.0,40.0,40.7138574213,15.0164113773,-8.6673455864,13.4764401285,11.6867456847,12.4409712556
1066,100.0,0.0,100.0,40.0,47.3831886066,-21.2392049259,13.0248436587,12.3400435891,16.3135426407,9.19833956367
422,10.0,85.0,55.0,0.0,54.6900372868,35.9087358408,12.9173092841,30.4832714539,22.6308394976,13.3427393578
887,20.0,10.0,70.0,20.0,65.4433841988,-1.87199928576,27.6584403724,32.8425869066,34.6093519113,14.7876085555
458,55.0,85.0,55.0,0.0,48.438828214,18.8281273112,2.24569252171,20.1248774713,17.1422938541,13.3037161897
899,70.0,10.0,70.0,20.0,56.2561450445,-14.6680424996,13.5881452623,20.1654476418,24.1685388623,14.1022103685
740,10.0,70.0,0.0,20.0,54.9021657904,26.4230511639,-0.744618787559,28.2393748349,22.8351851147,19.1878180013
911,0.0,10.0,100.0,20.0,68.1720295868,4.88437427595,46.5096027812,38.3497763819,38.2058116055,9.89105216377
1265,40.0,100.0,0.0,100.0,34.5649439773,9.60262689344,1.70556199874,9.08990180627,8.28275134234,6.44083362244
905,100.0,10.0,70.0,20.0,49.9154745067,-21.8851197797,5.8075744317,13.9111729887,18.3479767308,12.9346948782
1061,70.0,0.0,100.0,40.0,52.07173549,-16.2236207643,21.5335367927,16.4296508027,20.2081474273,9.0770392276
952,20.0,20.0,0.0,40.0,60.4293318481,3.28170464902,-0.177179000063,28.4139083911,28.6026466652,23.6954990142
1063,70.0,40.0,100.0,40.0,47.3070101303,-5.37332539433,14.3180216271,14.7665804074,16.2547929391,8.79596910311
358,30.0,70.0,40.0,0.0,55.3517800663,21.6035217503,5.73374983936,27.5105198575,23.2723622879,16.6404005347
720,85.0,100.0,100.0,0.0,42.8078217816,6.985161591,4.9592804535,13.6319847277,13.0296068934,9.24917557513
135,55.0,100.0,10.0,0.0,47.1118491182,23.7375805694,-8.40132099862,19.9603795289,16.1049264834,16.609898366
350,20.0,85.0,40.0,0.0,54.3742177029,29.6001202084,5.21287889598,28.4699976415,22.3288714177,16.1496201174
384,70.0,55.0,40.0,0.0,53.1089368407,0.704553954307,-3.01578323733,20.5360460777,21.146021433,18.8063011983
1027,20.0,20.0,70.0,40.0,57.3776163339,1.45197443775,21.8808869437,24.7454053173,25.3114387046,11.814508241
986,70.0,0.0,20.0,40.0,55.4043134039,-13.6651554313,-2.59951782033,19.626311821,23.3238035505,20.4895621837
389,85.0,10.0,40.0,0.0,59.3217411129,-20.9312233092,-3.33868461743,21.6157104215,27.3770773958,24.3763361814
1002,20.0,20.0,40.0,40.0,58.7921307998,1.87342214179,12.458487899,26.2998581232,26.8036384503,16.3051078552
1013,70.0,40.0,40.0,40.0,48.4624296024,-3.77605240737,-0.0701250581153,15.8828584982,17.1611363818,14.1865517533
1004,20.0,70.0,40.0,40.0,49.3448201502,18.6975817162,6.94055334538,20.9030855104,17.8755549431,12.1878356869
216,55.0,100.0,20.0,0.0,46.4714553772,22.9095713419,-6.7327750018,19.2426739537,15.6196358023,15.4588576547
728,100.0,85.0,100.0,0.0,41.5870302569,-3.53364148278,1.96647858561,11.301322181,12.2348903182,9.50704318178
471,85.0,20.0,55.0,0.0,55.5206308929,-19.0576554516,2.6271904576,18.6633389405,23.4379726231,18.1288695965
457,55.0,70.0,55.0,0.0,49.866426443,11.5792711567,3.68013821878,19.9027081956,18.3070487123,13.6837958441
435,30.0,20.0,55.0,0.0,67.4884581104,-1.84177320745,20.6404125527,35.4022066958,37.2825280833,19.3358491877
421,10.0,70.0,55.0,0.0,57.2348761342,29.7771126481,15.4113581735,31.8006312585,25.1640121599,14.0505314659
400,100.0,30.0,40.0,0.0,51.9331920665,-18.0401452752,-9.50523575902,16.0041811224,20.085012106,20.9432243869
186,20.0,55.0,20.0,0.0,61.3081314307,19.3709571438,2.59566756128,33.8166902529,29.6006713646,23.0243887032
616,55.0,30.0,85.0,0.0,59.2174263266,-5.41250066417,23.1544717269,24.9952432337,27.2634894469,12.4693532482
222,70.0,55.0,20.0,0.0,53.6068089105,2.33094029855,-9.40733217389,21.3242842053,21.6063399507,22.3570173349
580,10.0,30.0,85.0,0.0,68.3987848744,9.94394567672,37.6295168551,40.2698863896,38.5154178782,12.9511944019
1267,100.0,40.0,0.0,100.0,34.203502117,-0.711872913816,-2.55822323165,7.74007432315,8.10640082824,7.29937818316
935,70.0,10.0,100.0,20.0,55.4868100787,-15.1010270514,23.2143057961,19.4108410779,23.4047381625,10.3258221159
1261,0.0,40.0,0.0,100.0,35.9756279424,6.462016379,4.19496191628,9.44678741295,8.99549915673,6.42791480245
918,10.0,20.0,100.0,20.0,63.6207504772,5.41304778004,40.1451595903,32.6816930637,32.3373801883,9.45161380587
474,85.0,55.0,55.0,0.0,50.4572540317,-4.25862254817,-1.98856188942,17.3359809406,18.8041284863,16.337281645
452,55.0,10.0,55.0,0.0,66.0374748496,-12.8132164547,12.7819849075,30.534156288,35.3722661979,21.9669257136
438,30.0,55.0,55.0,0.0,58.6665251237,14.3849143948,12.216032622,29.3213494697,26.6688232665,16.3159830022
416,10.0,10.0,55.0,0.0,75.230441943,0.738580815178,27.73557476,47.1737491338,48.64580207,22.4292448036
960,40.0,100.0,0.0,40.0,43.4687893532,23.8368768034,-3.94070610262,16.9650510268,13.4739001427,12.4491224341
1059,40.0,70.0,100.0,40.0,46.3994632216,11.8367935226,15.3389546611,17.0801430343,15.5656977656,8.0959211074
958,40.0,40.0,0.0,40.0,53.8282757653,5.48100898523,-4.64363205879,22.2045854291,21.8132304407,20.1621506934
372,55.0,20.0,40.0,0.0,64.0418455754,-7.81813411408,5.95426467805,29.5749196696,32.8531724967,23.7478095395
370,55.0,0.0,40.0,0.0,68.8000230247,-16.8767785309,8.52834163238,32.6914320884,39.0673490556,26.9164819083
362,40.0,10.0,40.0,0.0,69.9479311236,-7.81329537724,11.3036391272,36.7934208264,40.675445072,26.4522319894
364,40.0,30.0,40.0,0.0,64.6595969478,0.000586895276655,7.33764692399,32.4195209978,33.6197264084,23.5764963823
366,40.0,55.0,40.0,0.0,58.3007894817,10.4898346871,3.79552560614,27.9130366186,26.2788476693,19.8120637173
984,40.0,70.0,20.0,40.0,48.0639884545,13.3860491507,-1.46754395601,18.7220587699,16.8448811797,14.4601739315
1035,40.0,100.0,70.0,40.0,43.444577591,19.0230507014,6.09218393295,16.087207607,13.457449796,9.23909443757
198,30.0,100.0,20.0,0.0,50.1760693445,32.7146088042,-1.59317961013,24.7971892719,18.5664527127,15.9699959747
1009,40.0,70.0,40.0,40.0,48.2713778579,13.0203584157,2.99164898647,18.8247196162,17.0090032343,12.9279585935
1008,40.0,40.0,40.0,40.0,53.2709422657,3.34012143623,6.06091662583,21.2316374381,21.2950820606,15.0291177557
1007,40.0,20.0,40.0,40.0,56.3091870264,-2.95181434547,7.84323168219,22.69962203,24.2218030581,16.4458907146
371,55.0,10.0,40.0,0.0,65.2677928223,-13.1397386084,5.74695857277,29.5650930841,34.3859816146,25.022186273
419,10.0,40.0,55.0,0.0,66.2105834844,14.4713838632,21.7904414819,38.7052209652,35.5966578398,17.8008562523
437,30.0,40.0,55.0,0.0,62.5069116896,6.78685117488,15.8490412069,31.7272344489,30.9991447815,17.6038119624
455,55.0,40.0,55.0,0.0,57.8391949602,-1.44716613164,8.72146801227,24.5334975316,25.7921111452,17.2002849028
473,85.0,40.0,55.0,0.0,52.4601372332,-11.7002963304,0.0665738444656,17.5564897966,20.5560340524,16.9321957081
150,85.0,55.0,10.0,0.0,50.5928859724,-1.63852606015,-16.0944824017,17.9333361105,18.9194950863,23.1385175565
1048,0.0,40.0,100.0,40.0,55.5426236423,13.5237614805,31.9312707756,25.7306974178,23.4596009549,7.87980218093
953,20.0,40.0,0.0,40.0,56.0069347593,9.90288587684,-1.23259686528,25.3442778957,23.919329652,20.329637526
1058,40.0,40.0,100.0,40.0,50.8366044851,2.80010711009,21.8684976397,18.9881101401,19.1279825533,8.39459247951
963,70.0,40.0,0.0,40.0,49.6804008754,-0.723427161613,-9.9305129401,17.3704103478,18.1523734078,19.2735259908
1068,100.0,40.0,100.0,40.0,43.7469648298,-11.667063864,7.97320652273,11.4651438494,13.6638654199,8.85364042023
418,10.0,30.0,55.0,0.0,69.411082996,10.3451680162,22.4115819196,41.829764936,39.9179948991,20.0711957339
436,30.0,30.0,55.0,0.0,65.9262573681,3.13637984064,16.7119850711,34.8839988624,35.2285995332,19.9226689862
454,55.0,30.0,55.0,0.0,61.0599716977,-4.38818713281,8.81922914568,27.1641013046,29.3165302249,19.6849180534
76,100.0,30.0,0.0,0.0,55.0951068251,-13.8487682188,-21.9952710404,19.3243029193,23.0221121732,31.1659934591
738,10.0,20.0,0.0,20.0,67.9264359512,5.94336157541,1.50182994554,38.3498996753,37.872360462,30.2857453061
1278,0.0,0.0,100.0,100.0,36.6882655777,0.0285094642173,9.57333418105,9.03943957022,9.37060733624,5.53586897891
1263,40.0,0.0,0.0,100.0,35.0873970753,-0.205785572462,2.3418697878,8.21408963508,8.54215326954,6.50080546835
1284,100.0,0.0,100.0,100.0,34.3390271051,-5.44618765414,3.82493256256,7.30181386967,8.17222820498,5.89016185223
1051,20.0,0.0,100.0,40.0,60.7091654552,-4.4351123689,38.0392333011,26.7783244302,28.9179702187,8.62620855775
962,70.0,20.0,0.0,40.0,52.7128497896,-7.32768976641,-10.2133859037,18.5913122952,20.7845159513,21.9781342341
1053,20.0,40.0,100.0,40.0,53.4538753106,7.37909653645,26.6779319242,22.2664370804,21.4642383054,8.31476481581
394,85.0,70.0,40.0,0.0,48.2702365759,1.39857177537,-7.31079224186,16.6504898196,17.0080971518,16.9983347889
684,30.0,100.0,100.0,0.0,48.7896183788,29.8586035122,16.7470118977,22.7876333301,17.4237767553,8.83141981966
99,10.0,100.0,10.0,0.0,52.4031652438,41.6706647107,1.15264939109,29.396895205,20.5047570373,16.4273421758
386,70.0,85.0,40.0,0.0,47.950790467,9.91170421752,-5.90564163251,17.9638704532,16.7557465765,16.1678371086
348,20.0,55.0,40.0,0.0,61.4427772429,17.5317045172,9.33157911192,33.4557717276,29.7556053425,19.7553000991
1037,70.0,20.0,70.0,40.0,51.1375073366,-10.3880262513,10.0370963001,16.7533806085,19.3874937513,12.1858634598
976,20.0,0.0,20.0,40.0,63.9979879395,-4.24335099822,8.6203856085,30.4747852845,32.7991979869,22.2990798231
353,30.0,10.0,40.0,0.0,71.9767929715,-5.78066045688,13.4770167562,40.1722922554,43.6244949364,27.2276507238
1012,70.0,20.0,40.0,40.0,52.0034695064,-9.72365198783,0.915307001793,17.5580229727,20.1474109389,16.2374270804
1003,20.0,40.0,40.0,40.0,55.7511118355,8.05242399574,10.1585618667,24.649655067,23.6652958325,15.1002217728
1014,70.0,70.0,40.0,40.0,44.5357594823,5.19818005335,-2.4512517941,14.5402805984,14.2122231764,12.5723480148
180,10.0,100.0,20.0,0.0,52.3130542335,41.2751995175,4.2246106798,29.1919409611,20.4238278277,15.1027215867
1042,100.0,20.0,70.0,40.0,46.3140809065,-17.0585778108,3.29898835027,12.2773251486,15.5018886783,11.6482386487
989,70.0,70.0,20.0,40.0,43.4433731455,5.84945592289,-6.34575908679,13.8853415417,13.456631802,13.2958708631
1032,40.0,20.0,70.0,40.0,54.5273286636,-3.69005343194,18.4946639018,20.8928074806,22.47492939,11.3044079821
979,20.0,70.0,20.0,40.0,49.0716299332,19.4951404031,2.64718374724,20.8238513923,17.6522913945,13.5581380507
1022,0.0,20.0,70.0,40.0,60.6799307101,7.01594219092,29.2667704643,29.6652819636,28.8849199048,11.2504941513
465,70.0,55.0,55.0,0.0,51.2236442523,-0.752100228856,1.59889828627,18.6215667248,19.4622115566,15.4029031959
443,40.0,10.0,55.0,0.0,68.2237848715,-8.87130666613,18.2308173743,34.2694398983,38.2763303541,21.1179480628
429,20.0,55.0,55.0,0.0,61.0746429603,18.1916289996,15.2613080714,33.1916907087,29.3332779239,16.7852993245
407,0.0,10.0,55.0,0.0,78.0607800612,5.16608752412,32.4453491036,53.402129857,53.315288133,22.5177143007
847,10.0,40.0,40.0,20.0,61.6897969299,12.4005174092,12.8491016267,32.3074925153,30.0412494226,18.3163444029
791,70.0,10.0,10.0,20.0,59.0541763363,-12.4089650153,-8.84705734438,23.2274739131,27.0863584907,27.2534867475
1282,40.0,40.0,100.0,100.0,35.630685211,1.88115087231,6.04152553487,8.72020561517,8.81758588861,5.89237795866
779,20.0,10.0,10.0,20.0,68.2578940736,-0.935106154605,3.48681318511,36.6698473743,38.3228529806,29.3977252109
920,10.0,70.0,100.0,20.0,52.6012315693,24.717633247,24.7096669579,25.376338112,20.6833923246,8.4490036456
470,85.0,10.0,55.0,0.0,59.5940253294,-21.4556594507,3.69535361215,21.7546126688,27.6750521441,20.9470668195
456,55.0,55.0,55.0,0.0,54.7512889626,6.09137628506,5.50125380269,23.2170405896,22.6897181604,16.3010206665
434,30.0,10.0,55.0,0.0,70.8630341215,-5.60507150356,21.9659402422,38.698046941,41.9885635876,21.5273362429
420,10.0,55.0,55.0,0.0,62.0782058093,21.4992868584,18.1300160261,35.4084387608,30.4940780225,16.3026383275
950,0.0,100.0,0.0,40.0,46.9076514042,35.3412839596,2.53233347694,22.2111063884,15.9491097629,12.259289299
1069,100.0,70.0,100.0,40.0,40.2687732405,-5.4535809637,3.94311886586,10.2803578934,11.41375045,8.31526828213
948,0.0,40.0,0.0,40.0,60.1773822313,13.9027019414,3.0655408588,30.9274314423,28.320711872,21.7692160916
481,100.0,30.0,55.0,0.0,52.3131048566,-18.7594951826,-3.32939322491,16.1651593628,20.4238732327,18.3216921288
334,10.0,0.0,40.0,0.0,78.8918141229,-4.09247884176,23.1546886381,51.2177666501,54.7409437787,28.5760213674
326,0.0,10.0,40.0,0.0,78.8589258065,4.45840737778,24.2701528274,54.4754370474,54.6840459232,27.866515753
562,100.0,30.0,70.0,0.0,51.3210426346,-20.0611411354,2.1615578539,15.2037251942,19.5469288788,15.2438788533
330,0.0,55.0,40.0,0.0,65.5542586153,25.0633831906,16.3527612373,41.2010043213,34.7508926174,19.7875674904
994,100.0,70.0,20.0,40.0,42.8556674443,-2.13172560753,-11.1020403768,12.2802389465,13.0614351858,14.7153923082
1025,0.0,100.0,70.0,40.0,46.4114748704,31.4315434315,13.1939245423,20.9219300817,15.574688501,8.67963645228
813,10.0,100.0,20.0,20.0,49.5702347546,35.127230134,2.76901044862,24.7507207953,18.0611852829,13.8339479297
1019,100.0,70.0,40.0,40.0,42.5990700359,-3.28463094677,-7.65966601061,11.952378269,12.8913441878,13.2439734196
998,0.0,40.0,40.0,40.0,58.5065299804,13.7816965075,14.7254072168,28.9844074928,26.4977528037,15.1736974562
1017,100.0,20.0,40.0,40.0,47.2381034041,-15.5961455594,-5.45756329565,13.0920526938,16.2017729402,15.477747607
335,10.0,10.0,40.0,0.0,76.1429431245,0.505822924701,20.8376818547,48.5155272053,50.1201395976,27.1227926148
971,0.0,0.0,20.0,40.0,68.5518765506,0.0785622839068,13.7778586144,37.3668794077,38.7253886213,23.7220951993
1030,20.0,100.0,70.0,40.0,43.9302224798,26.1498904301,10.039253918,17.7586021241,13.7899820901,8.37348733421
981,40.0,0.0,20.0,40.0,60.670425046,-8.89759328926,3.93791154524,25.6543326914,28.8741790378,21.7578662144
1040,70.0,100.0,70.0,40.0,39.6432764168,11.5031080622,1.350444119,12.2492643548,11.0373322389,8.72776208225
991,100.0,0.0,20.0,40.0,50.0468458337,-19.1345508382,-10.0479702165,14.4457388383,18.4578995638,19.6273924826
848,10.0,70.0,40.0,20.0,54.0956694158,25.0169381371,10.0535062717,27.0118728742,22.0647796741,14.0297907432
851,20.0,10.0,40.0,20.0,66.6851854125,-1.90247713131,15.5872581233,34.3673405609,36.2167225534,21.113359134
431,20.0,85.0,55.0,0.0,53.4297423488,30.9342432384,10.4307035243,27.7736455839,21.4418717056,13.4583059218
863,70.0,10.0,40.0,20.0,58.0607708281,-14.1629739024,2.0464492168,21.9015658541,26.0249986709,20.4573715287
467,70.0,85.0,55.0,0.0,47.1748750455,11.035237257,-1.50808982346,17.5479846746,16.1532236855,13.8894049203
875,0.0,10.0,70.0,20.0,69.7220626401,4.14185720496,34.6601580407,40.2381174326,40.3556056698,14.935757709
440,30.0,85.0,55.0,0.0,51.8304248262,26.9475367771,7.70048192218,25.1176383613,19.9939979655,13.4482503652
893,40.0,10.0,70.0,20.0,62.1755596087,-7.02806032689,21.837458699,27.7068771119,30.6082872622,14.8612222844
476,85.0,85.0,55.0,0.0,45.0487681665,7.04528055062,-4.34342566928,15.2156760112,14.5766171733,13.5784364462
731,0.0,10.0,0.0,20.0,72.6764331596,4.89094513172,5.08780132016,44.7534756515,44.6735721658,33.3016115084
1280,0.0,100.0,100.0,100.0,34.9175297528,11.9273048769,7.21252708452,9.55843918937,8.45722743256,5.39561888211
749,40.0,10.0,0.0,20.0,64.5230662557,-5.10243202628,-5.00635821332,30.8532826941,33.4492931504,30.6938298243
1286,100.0,100.0,100.0,100.0,33.1191291764,2.26560385196,1.13880819685,7.55885852174,7.59238125647,6.01517379561
91,10.0,0.0,10.0,0.0,80.1913266259,-3.43649763155,8.84992858706,53.629066724,57.0208616109,39.9111856572
151,85.0,70.0,10.0,0.0,48.0510400633,3.48422255936,-15.6286603356,16.8560039509,16.834669357,20.6617123176
127,55.0,0.0,10.0,0.0,70.6178657437,-15.5214481983,-5.63166936535,35.3456218842,41.6340316446,38.387126749
115,30.0,70.0,10.0,0.0,56.6691484177,22.247844368,-3.54392982429,29.1264929854,24.5853414887,22.0559781091
74,100.0,10.0,0.0,0.0,57.6378140136,-20.8073688429,-24.1190965636,20.1279931852,25.5816584048,35.5670001732
799,100.0,40.0,10.0,20.0,48.9395458378,-10.4118698966,-15.740525713,15.0999791926,17.545016192,21.4805490876
901,70.0,40.0,70.0,20.0,50.9344996642,-5.90849915152,8.22566020258,17.4111384426,19.2121556494,12.6982497552
787,40.0,40.0,10.0,20.0,58.3385314954,4.55562195949,-3.31210479411,26.4771611828,26.3189140209,23.4432487365
889,20.0,40.0,70.0,20.0,59.5321897758,8.03520756942,21.696071166,28.6416362643,27.607193499,13.1853161427
769,0.0,40.0,10.0,20.0,65.0949681372,15.2553554855,5.90694008992,37.451920725,34.1670713683,24.7672178761
92,10.0,10.0,10.0,0.0,77.6998584647,1.32977111144,6.5231290069,51.3258033061,52.7039101322,38.4284091708
152,85.0,85.0,10.0,0.0,46.4871803081,7.56267772751,-14.977132759,16.3790143585,15.6314338077,19.0588920509
128,55.0,10.0,10.0,0.0,67.7445460464,-11.4111805249,-7.22569473761,32.94982124,37.6266566597,35.9440490493
116,30.0,85.0,10.0,0.0,53.0977701372,27.4690068048,-4.16170422876,26.5564066214,21.1357726919,19.3314207181
236,100.0,10.0,20.0,0.0,55.9855372291,-23.0627310739,-16.7769508796,18.2786087836,23.8980124342,28.8442354276
323,100.0,85.0,30.0,0.0,42.9262519101,0.879125312173,-13.440763256,12.7721642113,13.1084845473,15.701464129
587,20.0,10.0,85.0,0.0,71.096283393,-2.18762141796,42.6625142982,40.1070519951,42.3277225066,12.8140593692
214,55.0,70.0,20.0,0.0,51.2600904843,12.3548857378,-6.18717334324,21.3049898216,19.4938838466,18.7987857707
623,70.0,10.0,85.0,0.0,58.9633017535,-19.4335916659,21.9179483404,21.6055993712,26.9880901778,12.7518082222
178,10.0,70.0,20.0,0.0,59.3503796277,29.5936315159,4.9905045417,34.3326163905,27.4083168613,20.1074072514
164,0.0,10.0,20.0,0.0,79.5584010192,5.24786721199,16.4025015502,55.9935486358,55.9026833335,33.6752790718
224,70.0,85.0,20.0,0.0,46.7302542795,13.6639141858,-9.29894114666,17.6806439412,15.8145622924,16.7120059071
200,40.0,10.0,20.0,0.0,70.8143753356,-7.21903262754,2.10603236636,38.1268084515,41.918039863,33.1472808888
188,20.0,85.0,20.0,0.0,54.5215603626,32.1613796248,1.58282323755,29.2978718115,22.4694152911,17.8249658343
398,100.0,10.0,40.0,0.0,56.3428063306,-24.4390722773,-7.66225083936,18.3098632527,24.2556036939,23.9329727871
1277,100.0,100.0,40.0,100.0,33.2799268613,3.49268921418,-1.23139313908,7.76417560027,7.66718947941,6.60529494289
815,20.0,10.0,20.0,20.0,68.018602375,-1.0614729061,7.55706912417,36.3193612712,37.9972696634,26.6965544137
1271,0.0,100.0,40.0,100.0,35.2476041332,13.2695940214,5.20023261254,9.90519513895,8.62276861019,5.93098077836
827,70.0,10.0,20.0,20.0,58.8221426966,-12.9391697443,-5.15803454991,22.886379015,26.8359179505,24.9060560413
233,85.0,85.0,20.0,0.0,46.0383918849,9.0484243205,-12.1125238169,16.2995232228,15.2970479408,17.4134061842
596,30.0,10.0,85.0,0.0,69.1866803873,-5.53811227223,36.4700783892,36.4880522912,39.6041882701,13.8793026973
197,30.0,85.0,20.0,0.0,52.7233220274,28.6151615834,-0.569882249122,26.4419927297,20.7940204429,17.4059929622
632,85.0,10.0,85.0,0.0,56.8334856011,-22.8235792794,17.4527437596,19.0321936921,24.7525140631,13.0365904677
873,100.0,100.0,40.0,20.0,39.6077142525,3.28712959885,-9.61146304236,11.0659306651,11.0161835588,12.1063653839
826,70.0,0.0,20.0,20.0,60.276196407,-16.6978129381,-4.37284840444,23.4473306712,28.4310642904,25.8773322563
861,40.0,100.0,40.0,20.0,45.8683906024,24.6789476795,1.45510495173,19.0791442297,15.1716385884,12.0128548877
814,20.0,0.0,20.0,20.0,70.2894007616,-5.23313946083,8.80733929879,38.0405606916,41.1621822696,28.2813764511
843,0.0,100.0,40.0,20.0,49.9048924137,38.39240943,8.64410865538,25.8671661557,18.3391413779,11.93441076
87,0.0,55.0,10.0,0.0,66.574771043,25.5771844001,4.82514817238,42.8345107962,36.0718292796,26.8382896398
139,70.0,30.0,10.0,0.0,59.9288252995,-7.67996080068,-12.1447499254,25.1836289168,28.0443949783,30.1954822487
123,40.0,55.0,10.0,0.0,60.1833100941,11.1303212394,-5.8722418819,30.1887473396,28.3273238486,26.6500255713
103,20.0,30.0,10.0,0.0,69.3813250053,6.84338063481,1.15004591181,40.6377375356,39.8762860671,32.1369899352
159,100.0,55.0,10.0,0.0,49.4253822805,-7.39725102363,-18.9409515367,15.9750827595,17.9417515737,23.5833219522
734,0.0,70.0,0.0,20.0,57.5756895511,28.3558630336,1.27087059372,31.8138268158,25.5169671964,20.4277030509
924,20.0,20.0,100.0,20.0,62.3375573452,1.32551755748,37.4844674151,30.0504434171,30.7989640724,9.58308391363
752,40.0,70.0,0.0,20.0,51.9249056736,17.0408854656,-7.03199214036,22.9420009944,20.0776631799,19.7330929116
936,70.0,20.0,100.0,20.0,53.4553684385,-13.5800720166,21.195066514,18.0082287046,21.4656226577,9.87330442621
764,100.0,70.0,0.0,20.0,44.7568749335,-1.4439153903,-18.3794354267,13.6275911472,14.3685292041,19.2547947084
176,10.0,40.0,20.0,0.0,68.0149352588,14.3038136712,7.20481080952,41.1507405363,37.9922945394,26.8988502164
228,85.0,20.0,20.0,0.0,57.6615993881,-16.6147970023,-11.9038669123,21.0151526646,25.6064554153,27.643173277
212,55.0,40.0,20.0,0.0,59.3159717583,-0.269212955008,-5.42010501976,26.3279237178,27.3707869424,25.5313543695
192,30.0,20.0,20.0,0.0,68.9311827956,-0.948684649678,3.95843108697,37.5540716307,39.248905398,29.8285232056
321,100.0,55.0,30.0,0.0,47.8454333366,-8.30003991255,-13.6606526162,14.6664630762,16.67306907,19.540635359
967,100.0,20.0,0.0,40.0,47.9635144813,-12.0720092252,-15.7343458895,14.135087669,16.7657500235,20.6394850608
1064,70.0,70.0,100.0,40.0,42.3250974022,2.83702076358,9.3930811523,12.6771943357,12.7113726418,7.81516555471
957,40.0,20.0,0.0,40.0,57.4863542836,-0.763635927884,-3.84174249975,24.3394930332,25.4241322511,22.9442219692
1054,20.0,70.0,100.0,40.0,48.3147933185,16.611624117,18.8386759111,19.5700123043,17.0434953835,8.04405097918
947,0.0,20.0,0.0,40.0,63.4386625901,7.57140219046,3.93409911675,33.069510558,32.1160262297,24.2805824937
177,10.0,55.0,20.0,0.0,63.94815601,22.3181821783,5.0888526222,38.1085599867,32.7379428433,24.1295959621
211,55.0,30.0,20.0,0.0,63.0577414462,-2.88231387568,-4.00191897527,29.7579059121,31.6562335649,28.4885114998
213,55.0,55.0,20.0,0.0,56.4874891922,7.61794155226,-5.68191631462,25.2936063852,24.401425799,23.0064936361
175,10.0,30.0,20.0,0.0,71.0632939653,10.6004186684,8.31412643893,44.3235138671,42.2796433538,29.4036864878
775,10.0,40.0,10.0,20.0,62.581695319,13.0298906858,3.03119898103,33.5722656719,31.0878161159,23.9672940546
1272,40.0,0.0,40.0,100.0,35.511328225,-0.961200273535,4.20192957637,8.33473738629,8.75657511343,6.24733749864
1273,40.0,40.0,40.0,100.0,35.4320286357,2.76556052493,3.58286380004,8.723485185,8.71619616808,6.35479079446
774,10.0,20.0,10.0,20.0,67.2384816753,5.20756242253,5.09879981024,37.203458592,36.9486420524,27.3511913483
95,10.0,40.0,10.0,0.0,68.291665133,15.6151295557,3.04307472079,41.9774384561,38.3689515267,29.7110631522
147,85.0,20.0,10.0,0.0,58.209630668,-15.1958839382,-15.8900016611,21.8174016775,26.1822426106,30.6928117585
131,55.0,40.0,10.0,0.0,60.6049997906,1.15642870283,-8.34165134552,28.06484693,28.8003243944,28.5560971664
111,30.0,20.0,10.0,0.0,70.0712742955,0.120532323972,-0.219702048819,39.4306714266,40.8508154981,33.856122131
78,100.0,55.0,0.0,0.0,50.3039129873,-6.33142744598,-21.8099994502,16.8370203141,18.6742647097,26.0167301499
800,100.0,70.0,10.0,20.0,44.3587496085,-1.58854838324,-15.3349099067,13.3375886787,14.0879154136,17.5570185015
900,70.0,20.0,70.0,20.0,54.8168552038,-11.868080776,10.7746723037,19.4795234785,22.7528573046,14.2291143342
788,40.0,70.0,10.0,20.0,52.2031030395,15.5638346691,-4.50233081668,22.8803160839,20.3253688212,18.7715784021
888,20.0,20.0,70.0,20.0,63.7542582578,0.93541426477,25.5258780085,31.596450834,32.5003227038,14.4829637434
770,0.0,70.0,10.0,20.0,57.8414153068,28.1383924575,3.97639188703,32.0708458035,25.7944379237,19.3505250587
96,10.0,55.0,10.0,0.0,64.7945785249,21.1956297747,1.53883217555,38.9009852895,33.7887940354,26.9655264373
148,85.0,30.0,10.0,0.0,56.7564183708,-11.5609905731,-16.5655899055,21.2574894201,24.6740231093,29.5361997516
132,55.0,55.0,10.0,0.0,56.8392107967,6.51368463102,-9.59656342227,25.3913579599,24.7583516579,25.4782699664
112,30.0,30.0,10.0,0.0,67.1238357488,3.74171843674,-2.19005715087,36.6056980125,36.7961820523,31.7739216386
240,100.0,55.0,20.0,0.0,48.654563792,-8.32439941146,-16.7822325326,15.2448450676,17.3150436318,21.7594653194
319,100.0,30.0,30.0,0.0,51.7792218965,-17.2111822544,-13.6491664515,16.0330817382,19.9487537256,22.9271109199
591,20.0,55.0,85.0,0.0,58.9725662605,16.8953517682,27.4457852611,30.3347139584,26.9980975646,10.88637373
1396,40.0,27.0,27.0,80.0,42.7447050968,0.785095145442,3.11909892557,12.640838051,12.9876990362,9.75635021516
627,70.0,55.0,85.0,0.0,50.1881197547,-2.61445482982,11.7604546417,17.4253538132,18.5765972007,11.0604190617
174,10.0,20.0,20.0,0.0,74.024893093,5.45169622054,10.192442486,47.0003833827,46.742708642,31.4578250566
168,0.0,55.0,20.0,0.0,65.803672565,26.7417156874,9.26328217886,42.1113355118,35.0707002485,23.6016919287
220,70.0,30.0,20.0,0.0,58.4005937866,-8.50892796927,-9.13273041805,23.4708680574,26.3848869205,26.7590322497
204,40.0,55.0,20.0,0.0,58.8881764322,12.4445066061,-2.45753393816,29.064400522,26.9070322052,23.4930793775
184,20.0,30.0,20.0,0.0,69.0899497836,6.89112135856,5.47275477955,40.2460786306,39.4694281672,29.0560992073
402,100.0,55.0,40.0,0.0,48.4280797101,-8.64440159573,-10.6141385687,15.0266221211,17.1337171953,18.5891276851
1275,100.0,0.0,40.0,100.0,35.2166092153,-4.13671716999,0.412346663428,7.84193256886,8.60713273412,7.00276119921
1270,0.0,40.0,40.0,100.0,36.1418564393,5.67459107284,5.79492737305,9.4380697806,9.08208372095,6.13594924882
1269,0.0,0.0,40.0,100.0,37.1863230658,1.0755418226,6.78831259703,9.42615090208,9.63886580739,6.3143693796
1276,100.0,40.0,40.0,100.0,34.4757559212,-1.28670426313,-0.647215098807,7.80470645716,8.23900046177,6.9508375722
229,85.0,30.0,20.0,0.0,56.8724791013,-11.5386341359,-11.9849429902,21.3680240607,24.7922912612,26.8863195837
600,30.0,55.0,85.0,0.0,58.1184822343,13.1022869817,22.9569233295,28.3780618512,26.0858855589,11.8828349709
193,30.0,30.0,20.0,0.0,67.3551485996,3.85634021426,2.40923623953,36.9439382437,37.1042213834,29.1008573711
636,85.0,55.0,85.0,0.0,49.1186242278,-6.60262510243,8.17051694184,15.883180542,17.6905641209,11.6361261568
944,100.0,70.0,100.0,20.0,41.121369929,-6.67325687721,4.32368578632,10.6030757698,11.9404824811,8.61069536928
756,70.0,20.0,0.0,20.0,57.9382523037,-8.82306447005,-13.0041115676,22.9543652134,25.8960529751,28.595539124
932,40.0,70.0,100.0,20.0,49.1909430463,12.9290025102,18.6624800713,19.5887775497,17.7495694542,8.49442664192
744,20.0,20.0,0.0,20.0,66.6121081916,3.10747411971,-1.0140770234,35.7509808764,36.1207823062,30.4445314002
914,0.0,70.0,100.0,20.0,54.7163702463,26.3748363653,28.4968046171,28.0232933571,22.6561397672,8.41104165499
83,0.0,10.0,10.0,0.0,79.7040398906,4.81317470908,10.3825865508,56.071330096,56.1586739653,38.1287814612
143,70.0,85.0,10.0,0.0,48.4011348443,11.5859259692,-12.8461433114,18.6548413697,17.1122293908,19.6087439451
119,40.0,10.0,10.0,0.0,70.5297903028,-7.33339965335,-2.51750152763,37.7103633779,41.5071568383,36.0109123272
107,20.0,85.0,10.0,0.0,55.247064455,30.5919494526,-1.77987441112,29.7070874061,23.170049288,19.9608259189
155,100.0,10.0,10.0,0.0,57.8014400719,-22.1589085035,-19.7774807698,19.9967090601,25.7525679004,32.7763190995
805,0.0,40.0,20.0,20.0,64.5498267303,15.1000901359,9.15857501151,36.6856861841,33.4826531494,22.5135627802
853,20.0,40.0,40.0,20.0,60.8070841051,8.67922516853,11.2450134209,30.2521694912,29.028852327,18.3536544371
823,40.0,40.0,20.0,20.0,57.9438865901,4.02393697697,-0.257824821087,25.9351769072,25.9019734652,21.5017621688
865,70.0,40.0,40.0,20.0,51.9784406428,-5.30894529468,-1.2989397362,18.3707515398,20.1251731959,17.1636117507
835,100.0,40.0,20.0,20.0,47.5782300203,-10.7199650105,-13.768740677,14.0854971479,16.4646056063,19.3740616174
172,10.0,0.0,20.0,0.0,80.086639359,-4.62527473962,13.2265803627,52.9899168586,56.8348927466,36.5355944744
232,85.0,70.0,20.0,0.0,46.9093629485,2.26805170672,-13.0268438624,15.7700982914,15.9504115926,18.4949925473
208,55.0,0.0,20.0,0.0,68.5954020623,-17.4886135828,-1.85106104733,32.2730106058,38.7852244376,33.2358201438
196,30.0,70.0,20.0,0.0,55.2217944837,21.5507156417,-1.14746939828,27.3570812238,23.145404111,19.6377643176
317,100.0,10.0,30.0,0.0,55.4163770677,-24.1175091627,-12.5108230363,17.617000044,23.3356271246,25.7398761389
404,100.0,85.0,40.0,0.0,42.5500639103,0.859626309672,-11.3440094075,12.5270472205,12.8590283176,14.6039407407
182,20.0,10.0,20.0,0.0,74.3900232641,-2.17557022632,8.21500820889,44.8644282777,47.3137669997,33.1849862369
620,55.0,85.0,85.0,0.0,48.1596895343,15.5081708393,10.3960540688,19.2180806163,16.9204844662,10.3833028593
218,70.0,10.0,20.0,0.0,63.7450265763,-16.0616925562,-7.06487500408,27.139247738,32.4890381188,31.1551678181
584,10.0,85.0,85.0,0.0,53.834222221,34.801850351,21.797852804,29.2137039996,21.8188036467,9.88846237558
173,10.0,10.0,20.0,0.0,77.1769336815,1.25306293812,11.4689471872,50.4452342453,51.8264277706,34.2419924634
215,55.0,85.0,20.0,0.0,50.2593369048,19.192489959,-6.41535907477,21.8431623947,18.6366259334,18.1159628301
209,55.0,10.0,20.0,0.0,67.4115468681,-11.7372399845,-2.45584285731,32.4542288307,37.179586735,32.2756208579
179,10.0,85.0,20.0,0.0,55.4155664077,36.9404219199,4.02491279345,31.6136050323,23.3348324731,17.4266173614
803,0.0,10.0,20.0,20.0,71.7707529865,4.146017177,13.4570708359,43.1604832681,43.318708975,27.0299653032
1274,40.0,100.0,40.0,100.0,34.8600434767,9.14588780402,2.76226382684,9.18794904873,8.42861493943,6.31776584676
821,40.0,10.0,20.0,20.0,64.3047236637,-5.96872407553,2.74697490111,30.3666683346,33.1779316624,25.7780016926
776,10.0,70.0,10.0,20.0,54.3142821709,25.3917215457,1.27259450528,27.3394275298,22.2718695765,17.8039651038
1120,100.0,100.0,20.0,60.0,37.1175449297,3.39595417145,-8.76587397638,9.67683248688,9.60152051257,10.4218114688
1161,70.0,0.0,70.0,60.0,48.3855494543,-12.1713386154,10.8643348665,14.4135233968,17.0998086672,10.3588100319
1110,40.0,100.0,20.0,60.0,41.090891478,18.6260620453,-0.619888311959,14.3086579065,11.9213793015,10.0233943687
1151,20.0,0.0,70.0,60.0,54.9608423112,-3.77721117916,21.2038002778,21.2668287941,22.8919252026,10.671361002
1100,0.0,100.0,20.0,60.0,42.8880969984,26.7933725986,4.49855493923,17.0475691275,13.0830376909,9.42264124761
721,100.0,0.0,100.0,0.0,54.9688374031,-30.9574441165,18.2237913086,16.0334457715,22.89966371,11.6472960918
63,70.0,100.0,0.0,0.0,45.9651013479,17.1911725994,-13.6413408244,17.723474862,15.2428973637,18.0359602479
685,40.0,0.0,100.0,0.0,68.8123622412,-13.2125342566,42.1525014028,33.748353388,39.0844055589,11.6269863216
27,20.0,100.0,0.0,0.0,52.1108990106,37.2180189424,-2.9224113258,27.9250951693,20.2430463882,17.9808984847
649,0.0,0.0,100.0,0.0,79.3284770683,1.75927485218,61.6246090428,54.2089061229,55.5001295898,11.1833571714
397,100.0,0.0,40.0,0.0,57.4356715605,-28.3823269445,-7.40182438053,18.4569282866,25.3715642976,24.8244567095
387,70.0,100.0,40.0,0.0,44.966731908,14.4078472012,-6.06913157401,16.4307981988,14.5179326996,14.1758168047
361,40.0,0.0,40.0,0.0,71.8862576001,-13.5291348332,13.1958266233,37.6025167105,43.4899538823,27.3016509185
351,20.0,100.0,40.0,0.0,50.0439348711,37.1700653856,5.94080816722,25.7175246652,18.4554591193,12.9664758182
325,0.0,0.0,40.0,0.0,82.3500878259,-0.350283673856,28.2350433591,58.6250872321,60.9467130688,29.1178733197
73,100.0,0.0,0.0,0.0,59.409886862,-25.1569056188,-24.1921306747,20.8049904929,27.4733045179,37.8224520279
711,70.0,100.0,100.0,0.0,42.3389414281,12.5807731026,6.93964908979,14.2009665061,12.720426292,8.46972062765
37,40.0,0.0,0.0,0.0,74.0014707085,-11.9388574228,-7.10791228908,41.0070568378,46.7062340348,44.0795341161
675,20.0,100.0,100.0,0.0,48.3727500046,35.7111645918,19.2040577126,23.6963748142,17.0896126853,7.97465764482
1367,0.0,0.0,0.0,0.0,84.1191083432,0.428769495368,7.34371958955,62.1843392291,64.294963151,46.5633192628
1170,100.0,100.0,70.0,60.0,36.2332718303,2.48733815248,-3.23510969189,9.09898609635,9.12993579567,8.37449959673
1111,70.0,0.0,20.0,60.0,48.4788113929,-10.4600678147,-1.80995712,14.7606401239,17.1742231485,14.8739885365
1160,40.0,100.0,70.0,60.0,39.7388642996,16.2472610711,5.33768948681,13.0186911998,11.0943120973,7.71182281893
1101,20.0,0.0,20.0,60.0,55.5565627868,-3.07338092158,7.30642627452,21.9652922512,23.473316016,16.1266747637
1150,0.0,100.0,70.0,60.0,41.7120412746,25.0084264821,10.5403501068,15.8286752295,12.3147426084,7.26189159837
1268,100.0,100.0,0.0,100.0,32.9397734797,4.09184897102,-2.29772249144,7.67101445804,7.50951513484,6.71622535492
929,40.0,10.0,100.0,20.0,60.815582279,-7.04781023213,33.7689853025,26.2513542754,29.0384889199,9.90823979587
1262,0.0,100.0,0.0,100.0,35.9848907885,13.7019249062,4.3906618054,10.3704427489,9.00030941755,6.38742495324
916,10.0,0.0,100.0,20.0,68.5732379687,-2.37478023686,47.3619585593,36.645426227,38.7547471025,9.84280108058
54,55.0,100.0,0.0,0.0,46.8603960426,25.4069416993,-9.39825958127,20.0791555726,15.9131945005,16.8505602318
614,55.0,10.0,85.0,0.0,63.8197867545,-13.6705016225,27.7752376166,27.8190726937,32.5804982695,13.6697604181
18,10.0,100.0,0.0,0.0,52.5461216205,42.9259561796,0.0965343973711,29.8900930624,20.6335851177,16.9831812812
578,10.0,10.0,85.0,0.0,74.1460583115,1.56941492172,45.7089201033,45.8066241906,46.931696923,13.6213711201
3,0.0,20.0,0.0,0.0,77.082288073,10.29911388,4.24135774211,53.7600891719,51.6686581545,39.3405377073
673,20.0,70.0,100.0,0.0,55.6962578992,23.7107372355,27.2543707348,28.4210445498,23.6110607514,9.22800027207
39,40.0,20.0,0.0,0.0,68.5015364302,-2.35649668717,-7.73284254206,36.5572315142,38.6562613451,37.2484893833
709,70.0,70.0,100.0,0.0,48.5180848404,2.02277244579,12.9932560798,16.955987892,17.2056242481,9.78020646063
75,100.0,20.0,0.0,0.0,55.8387603845,-17.9927238499,-23.7105147803,19.1389404106,23.7521278113,33.1449368885
1149,0.0,70.0,70.0,60.0,46.830804418,17.9835979726,14.427613941,18.5831349247,15.8907315985,8.53954356476
1102,20.0,20.0,20.0,60.0,52.5008076507,2.00541524225,5.45983874719,20.264811769,20.5926912639,14.7419455986
1159,40.0,70.0,70.0,60.0,43.2720687579,8.81006428292,7.9696040008,14.2415669721,13.3406284575,8.62776587369
1112,70.0,20.0,20.0,60.0,47.2593082293,-6.32654136236,-2.73673385913,14.5755023977,16.2180766063,14.4144126799
1169,100.0,70.0,70.0,60.0,38.4353813307,-3.15409846365,-0.272096813797,9.56857333699,10.3340329291,8.60103343747
327,0.0,20.0,40.0,0.0,76.0320001548,9.05042485933,22.2240905364,51.5280776098,49.939318865,26.2033344751
349,20.0,70.0,40.0,0.0,57.4721110939,24.0434718788,8.25970556784,30.5172302541,25.4093519332,17.1259240083
363,40.0,20.0,40.0,0.0,66.6302545759,-4.84491518299,9.17439984283,33.4509716252,36.1445901572,24.4245707085
385,70.0,70.0,40.0,0.0,49.8362434666,4.37050781368,-4.6430815975,18.4562901684,18.2818928896,17.012283575
399,100.0,20.0,40.0,0.0,53.5070595872,-21.5597576943,-9.23326270098,16.5813675207,21.5135847683,22.1781564977
1099,0.0,70.0,20.0,60.0,47.8153123313,20.6242482487,5.72977996264,19.9439519196,16.6494821345,11.7011819605
1152,20.0,20.0,70.0,60.0,51.13618012,0.950470529531,18.9128263846,18.8789766603,19.3863439814,9.36640027453
1109,40.0,70.0,20.0,60.0,43.4906101016,11.314373837,-0.755581601703,14.805979663,13.4887374286,11.3773945205
1162,70.0,20.0,70.0,60.0,45.2631325141,-8.27268155583,8.62870868708,12.9111181184,14.7307083342,9.4123714666
1119,100.0,70.0,20.0,60.0,38.8535967903,-0.50225108079,-8.00099669923,10.1316691499,10.5740500538,11.1316201691
651,0.0,20.0,100.0,0.0,72.7668974273,11.5925877896,53.8733590626,47.2583160314,44.8104344445,10.0600371184
25,20.0,70.0,0.0,0.0,58.0457182276,26.2578214855,-4.54144203636,31.7939257009,26.0091334178,23.8329161534
687,40.0,20.0,100.0,0.0,63.7044889041,-4.88405218339,36.2072103569,29.9660528244,32.4395167638,10.6941171299
61,70.0,70.0,0.0,0.0,50.8540794456,7.92217397136,-15.8668733189,20.0242005918,19.1429899648,23.256819335
723,100.0,20.0,100.0,0.0,51.5759865098,-24.4219637951,13.6254636869,14.6595479061,19.7698427871,11.2324219286
170,0.0,85.0,20.0,0.0,57.3015254694,40.9607178113,7.34935128744,35.0749196298,25.232778228,17.3946888189
598,30.0,30.0,85.0,0.0,64.9087518158,2.63035763809,29.4809622265,33.4666852369,33.9322404891,13.7340006644
206,40.0,85.0,20.0,0.0,50.9766745768,24.9518122965,-2.94815485083,23.8019597558,19.2484948307,17.1297562435
634,85.0,30.0,85.0,0.0,53.9207332143,-15.4410396903,12.5252959361,18.0356361652,21.8999918784,13.002423871
739,10.0,40.0,0.0,20.0,63.2332299745,13.2081369622,0.132652678114,34.434712443,31.8675087516,26.2175049194
923,20.0,10.0,100.0,20.0,63.7762056226,-1.8881161467,39.54074571,30.851953511,32.5271611233,9.70859152408
1264,40.0,40.0,0.0,100.0,35.0149030803,3.36511621757,1.73050359307,8.58450206386,8.50584040964,6.61206561523
941,100.0,10.0,100.0,20.0,48.6937376092,-22.8564994563,14.0231163509,12.9419231784,17.3465359523,9.56468890278
725,100.0,40.0,100.0,0.0,47.5059762391,-18.5929173693,10.0961937535,12.8125191186,16.4085355382,10.1283134206
59,70.0,40.0,0.0,0.0,57.5146039162,-2.95610863965,-16.0815334148,23.8641228778,25.4534641673,30.0528102665
689,40.0,40.0,100.0,0.0,59.3813286595,3.4435543823,30.8398742878,27.3126064193,27.4421033929,10.04632408
23,20.0,40.0,0.0,0.0,66.9769077699,12.2613853978,-3.50361035232,39.050383319,36.6014062211,32.4735517343
653,0.0,40.0,100.0,0.0,67.4425726962,18.8489597087,44.9952941361,41.8360094361,37.2210902185,9.96847162183
401,100.0,40.0,40.0,0.0,51.1789384105,-14.2621548472,-9.51292176934,16.0964245165,19.4234084214,20.3083363722
383,70.0,40.0,40.0,0.0,56.7577995459,-6.02949050339,-2.16235188635,22.448211553,24.6754283376,21.4309203582
365,40.0,40.0,40.0,0.0,61.9608549928,3.89431650237,5.72977194216,30.3024827149,30.3567876293,21.9789943755
347,20.0,40.0,40.0,0.0,65.8934780973,9.92051318502,11.8152600878,36.8719181169,35.1863308197,22.3369775965
329,0.0,40.0,40.0,0.0,70.630877519,17.6658896251,19.026416127,46.1402401106,41.652797313,22.8362001934
1118,100.0,40.0,20.0,60.0,42.2395207128,-7.03731662316,-7.80719665602,11.2058169046,12.6555029409,13.072046338
1163,70.0,40.0,70.0,60.0,43.9177461018,-3.94432400972,6.31022387023,12.6896922686,13.7813714155,9.41203758574
1108,40.0,40.0,20.0,60.0,48.4550185226,3.64591774885,1.5291757348,17.2025640207,17.1552181471,13.5785271485
1153,20.0,40.0,70.0,60.0,49.2172963271,6.23018499964,15.2364120457,18.3014262506,17.7711038184,9.47358497025
1098,0.0,40.0,20.0,60.0,52.4765240125,11.3715629042,7.7876947113,22.2185076932,20.5707986077,13.8309975146
77,100.0,40.0,0.0,0.0,50.9314316659,-10.7397152746,-23.5554541093,16.5310013633,19.2095139552,27.6717501968
707,70.0,40.0,100.0,0.0,52.410280759,-8.21367076561,19.8495348803,18.1716116611,20.5111566135,9.73678885931
41,40.0,40.0,0.0,0.0,62.6133543237,5.67343181375,-9.62881474202,31.5470690122,31.1254052472,31.5530542084
671,20.0,40.0,100.0,0.0,62.2670540647,10.7539153044,38.0472429861,32.5429441981,30.715882302,9.3828753589
5,0.0,40.0,0.0,0.0,71.2248827113,20.0500427588,2.49112344329,47.9125709123,42.515492541,33.3651929163
1168,100.0,40.0,70.0,60.0,39.7279890262,-8.25945575353,1.62628399537,9.62650622629,11.0878194926,8.69188474947
1113,70.0,40.0,20.0,60.0,44.0575732564,-1.47881100034,-3.79620551165,13.1545323956,13.8780795135,12.757020652
1158,40.0,40.0,70.0,60.0,46.4174249805,2.59565070755,11.7204964777,15.4619230774,15.5791434484,9.09530255458
1103,20.0,40.0,20.0,60.0,49.6607219603,7.32583429243,4.46316263513,18.8820259458,18.136062058,13.2631493487
1148,0.0,40.0,70.0,60.0,50.7495003935,10.0631572974,18.4524562162,20.3690869334,19.0532949563,9.30666148924
1266,100.0,0.0,0.0,100.0,34.7399889487,-3.35294764124,-1.47971623932,7.70474797956,8.3690687828,7.26171686853
1281,40.0,0.0,100.0,100.0,36.0005061323,-2.18727105104,7.30183213988,8.43494655343,9.00842245638,5.76071626483
1260,0.0,0.0,0.0,100.0,36.4369154189,1.60146319996,4.88995608732,9.09801469394,9.23713821526,6.45059139374
919,10.0,40.0,100.0,20.0,59.2285176855,12.4263690897,33.5613585072,29.4428676165,27.2755518273,9.16582986722
231,85.0,55.0,20.0,0.0,51.7340450194,-2.18725756865,-12.4812259566,18.7698031593,19.9088909854,22.2767803096
618,55.0,55.0,85.0,0.0,54.1471779616,5.06173364232,16.8631228229,22.4128797127,22.1134571495,11.628520738
195,30.0,55.0,20.0,0.0,60.7476314536,15.3813709058,0.417981351794,32.0069463125,28.9614949974,23.6705279774
582,10.0,55.0,85.0,0.0,61.0839502464,21.7220852062,30.6078841249,34.2167053618,29.3439057843,11.0404896627
7,0.0,70.0,0.0,0.0,62.1382271936,34.4360195623,0.966311549514,39.4693538614,30.5644576167,24.6800967348
669,20.0,20.0,100.0,0.0,68.0769991648,3.03180618383,44.8318211888,37.6463001622,38.0765542901,10.3536252588
43,40.0,70.0,0.0,0.0,55.642900825,18.753972627,-8.71091883413,27.1125971892,23.5583852079,23.8473523312
705,70.0,20.0,100.0,0.0,57.3804163687,-15.5396564416,23.9074458283,20.9864906429,25.3143364117,11.1428069063
79,100.0,70.0,0.0,0.0,46.9428150926,-2.15564428193,-21.4082327935,15.0411620304,15.9758700882,22.6230223654
1147,0.0,20.0,70.0,60.0,53.329995383,4.76568924353,21.2386738871,21.5880571926,21.3495903417,9.79543934176
1104,20.0,70.0,20.0,60.0,45.5875863283,14.4953686367,2.61729633616,16.9271555723,14.9659946089,11.4577218266
1157,40.0,20.0,70.0,60.0,48.6475529766,-2.24823196498,13.7910038669,16.2906328337,17.3094115742,9.60962659817
1114,70.0,70.0,20.0,60.0,41.3889796582,4.87821269206,-4.50065996832,12.3812743074,12.1090909816,11.4176032754
1167,100.0,20.0,70.0,60.0,42.4309808124,-12.5552398987,2.60372931292,10.5716205221,12.7807270918,9.74873882573
331,0.0,70.0,40.0,0.0,61.0984042463,32.6314766016,13.8656396828,37.4980004041,29.3604156938,17.4078680066
345,20.0,20.0,40.0,0.0,70.7982376966,1.9225165679,15.7231234638,41.0248370657,41.894668188,24.7766738017
367,40.0,70.0,40.0,0.0,54.5313466813,16.5918616691,3.24493874597,25.4223860916,22.4787708714,17.1018480702
381,70.0,20.0,40.0,0.0,59.7780662807,-13.483213871,-0.26759438373,23.6887640549,27.8776774124,23.143624156
403,100.0,70.0,40.0,0.0,45.4044979121,-5.30558695666,-10.6509864441,13.4602855673,14.8329176687,16.3165941939
1097,0.0,20.0,20.0,60.0,55.8344611253,6.0630637382,9.76081364824,24.2717272354,23.7478636602,15.3172654832
1154,20.0,70.0,70.0,60.0,44.2399441726,14.3716239907,11.5801677154,15.8736998035,14.0048903998,8.10526585412
1107,40.0,20.0,20.0,60.0,50.4808055679,-1.19267660951,2.26791328718,17.9263140394,18.824127345,14.6280540141
1164,70.0,70.0,70.0,60.0,40.6030784031,2.92718872436,3.40415912414,11.6116785749,11.6183963029,8.61780833511
1117,100.0,20.0,20.0,60.0,43.2206433796,-10.1755556309,-7.34009708526,11.3567707251,13.3059349588,13.5208093189
655,0.0,70.0,100.0,0.0,58.6563887674,34.3931424067,33.8841909745,34.8608338975,26.6579634603,8.79644906907
21,20.0,20.0,0.0,0.0,72.2934103643,3.2034600599,-2.75089956394,43.605587872,44.0971892111,38.393146404
691,40.0,70.0,100.0,0.0,52.109283092,16.1719695944,20.6335203603,22.9255247616,20.2416056347,9.3539490112
57,70.0,20.0,0.0,0.0,62.2342085445,-10.2292527758,-16.6149179553,26.9707061792,30.6772278841,35.8649051727
727,100.0,70.0,100.0,0.0,44.7436064887,-7.14374055179,4.73088371806,12.7437054919,14.3591176072,10.3136442534
166,0.0,30.0,20.0,0.0,73.5512019292,14.665029443,11.880739551,49.6173237116,46.0087347142,29.8556907671
602,30.0,85.0,85.0,0.0,50.897182538,26.8764402834,16.1153363559,24.163943332,19.1800402468,10.0757534869
202,40.0,30.0,20.0,0.0,65.3486235499,1.34798493834,-0.477149989508,33.6423259523,34.4886868523,28.7481921759
638,85.0,85.0,85.0,0.0,44.0230372599,5.27977994357,2.7367632693,14.1941974696,13.8541515866,10.5479999515
767,0.0,10.0,10.0,20.0,72.0185776762,4.48711246519,9.64916354729,43.6393520445,43.6866830138,29.598212296
1279,0.0,40.0,100.0,100.0,36.1031312744,4.58010714634,8.35337450545,9.28391715155,9.06186326445,5.57912195265
785,40.0,10.0,10.0,20.0,64.130807897,-5.64559445319,-0.974933810851,30.2525905018,32.9628380385,27.777644583
1285,100.0,40.0,100.0,100.0,33.557525224,-2.93856098113,2.5210945232,7.21302323397,7.797490681,5.88088512386
1116,100.0,0.0,20.0,60.0,45.4705068896,-14.9540546497,-7.65778176983,12.054423064,14.8808046475,15.1366201699
1165,70.0,100.0,70.0,60.0,38.9390702847,9.16173435768,1.52552329273,11.4798553627,10.6235569287,8.3488178132
1106,40.0,0.0,20.0,60.0,53.9756678456,-6.18804239505,4.01385133784,19.8915832037,21.9516509522,16.3641283851
1155,20.0,100.0,70.0,60.0,41.1493680634,20.2363381669,7.73109410283,14.6127901839,11.9580490306,7.72164013524
1096,0.0,0.0,20.0,60.0,58.6048547077,0.382071172476,11.1758818441,25.744508145,26.602796916,16.7114194256
729,100.0,100.0,100.0,0.0,40.9633087947,-0.566447265373,1.87208333793,11.3399886223,11.8416346112,9.22244246129
55,70.0,0.0,0.0,0.0,66.5125999412,-18.4544319709,-15.1886883631,29.5784734995,35.9904144378,40.2588943734
693,40.0,100.0,100.0,0.0,47.2961425687,24.6196941958,14.4412940342,20.3017233636,16.246423267,8.75651272686
19,20.0,0.0,0.0,0.0,78.3893757617,-5.91007896345,0.128494254521,49.7210818835,53.876003701,44.3481251647
657,0.0,100.0,100.0,0.0,53.235527399,43.4295829647,25.9301235871,30.8204986507,21.262437334,8.41468927759
1166,100.0,0.0,70.0,60.0,44.1972828435,-16.006211562,4.63622885093,11.1329160683,13.9751570945,10.0537007373
1115,70.0,100.0,20.0,60.0,38.4769122868,10.3809396724,-4.29293372573,11.3719826356,10.3577037355,9.77239093438
1156,40.0,0.0,70.0,60.0,52.0761529195,-7.4820989919,17.4637813798,18.0371809497,20.2120818294,10.285644352
1105,20.0,100.0,20.0,60.0,42.2601741135,22.7134894972,1.74547764408,15.8404217625,12.6689717268,9.91770943724
1146,0.0,0.0,70.0,60.0,57.5766899871,-0.0580654182459,26.3222585293,24.5933915024,25.5180081016,10.4799509845
405,100.0,100.0,40.0,0.0,40.4228177701,4.54003078208,-10.6624001318,11.7300061104,11.5077480721,12.9719100409
379,70.0,0.0,40.0,0.0,63.4798458726,-22.5698771806,2.90239529974,25.2821452253,32.1660017386,24.8894036915
369,40.0,100.0,40.0,0.0,47.2236452095,28.4156368933,1.29073955176,21.0233781679,16.1906627952,12.8900373471
343,20.0,0.0,40.0,0.0,76.5207173477,-7.94382643701,20.6275288652,46.0615398491,50.7391288422,27.6338160084
333,0.0,100.0,40.0,0.0,53.1735772312,46.74986169,12.1612123526,31.6537003653,21.2054131433,12.6715848673
81,100.0,100.0,0.0,0.0,41.0537170151,7.10829373482,-18.4194886676,12.497225763,11.8981068133,16.4290824843
703,70.0,0.0,100.0,0.0,60.8803713535,-23.177154459,29.5706493564,22.5846825236,29.1120272841,11.2641748536
45,40.0,100.0,0.0,0.0,47.9367917195,30.9513620853,-6.32396865399,22.221114524,16.7447455495,16.3329859029
667,20.0,0.0,100.0,0.0,73.7089886268,-6.16351652877,52.3254183973,42.5019881481,46.2523617617,11.0566132142
9,0.0,100.0,0.0,0.0,53.7447397454,48.7873342269,3.86801093625,32.9086993526,21.7350381296,16.258157463
755,70.0,10.0,0.0,20.0,58.5833770143,-11.7036896871,-12.4531350986,22.9321684346,26.5798278111,28.9396735018
1283,40.0,100.0,100.0,100.0,34.290128181,8.82104099464,4.7455756185,8.85631408394,8.1484360222,5.67870597769
743,20.0,10.0,0.0,20.0,68.7404212923,-0.486160335456,-0.0699319177603,37.4431881257,38.9850314308,32.2129402302
921,10.0,100.0,100.0,20.0,47.4092600071,33.758147501,17.2934731937,22.3372147825,16.3336816657,8.03984089446
227,85.0,10.0,20.0,0.0,60.2298134669,-19.2757835962,-12.0878653146,22.826754758,28.3792297204,30.4890148909
702,55.0,100.0,100.0,0.0,45.5134411299,20.1876478171,10.6516539545,17.9205234922,14.9120070444,8.95666085247
191,30.0,10.0,20.0,0.0,72.3583852409,-4.84816620608,5.25262836902,41.0098138509,44.1946138694,32.8218673625
666,10.0,100.0,100.0,0.0,50.3451818882,39.996653945,22.097831975,26.7191214737,18.7091561417,8.10753414236
72,85.0,100.0,0.0,0.0,43.2083121912,12.5309891455,-16.0796693945,14.8059488008,13.2976248247,17.0162233208
340,10.0,70.0,40.0,0.0,58.8279150746,28.7721189352,10.3718022091,33.4470471276,26.8421294412,17.2239474672
483,100.0,55.0,55.0,0.0,47.4406014981,-10.7841676776,-5.72182125201,13.9802605166,16.3579135369,15.7278566317
1047,0.0,20.0,100.0,40.0,59.3723683073,6.56754396605,36.7410689181,28.0897679613,27.4323186748,8.35265572457
966,100.0,0.0,0.0,40.0,50.2964216089,-17.1362183972,-15.3705411502,14.9532538754,18.6679356634,22.4897663046
1041,100.0,0.0,70.0,40.0,48.4151964817,-20.6326678889,4.97052686153,13.0977321058,17.123440925,12.315280149
972,0.0,20.0,20.0,40.0,61.749754741,6.55843950846,10.0166025569,30.7740320634,30.1108569419,19.6810656913
1043,100.0,40.0,70.0,40.0,44.5629690697,-11.8031202041,1.11677349438,11.9446982122,14.2313961038,11.3696464864
332,0.0,85.0,40.0,0.0,57.5602216114,38.1863722914,11.5698351315,34.5880076123,25.5008771561,15.7918774753
153,85.0,100.0,10.0,0.0,44.0080508656,10.6789468924,-14.7237044186,15.0721562384,13.8437769727,17.0261162338
1020,100.0,100.0,40.0,40.0,39.7501765326,2.35635243777,-8.32214434008,11.0227141377,11.1010682585,11.7505653578
341,10.0,85.0,40.0,0.0,55.6693961023,34.6355185683,9.18610732597,31.2816949154,23.5845322571,15.4344087017
645,100.0,55.0,85.0,0.0,46.432239793,-12.9362091312,3.35264321435,12.9680962867,15.5902392382,11.6986675695
337,10.0,30.0,40.0,0.0,70.7094204095,9.40597868413,16.8726444649,43.3928855854,41.7661921505,24.0607154368
1016,100.0,0.0,40.0,40.0,49.4053672236,-19.9539594883,-4.70770543087,13.8686323177,17.9252902867,16.7209834048
975,0.0,100.0,20.0,40.0,46.9609191414,35.0370860243,5.5987282967,22.194892927,15.9896593251,11.2552732642
1026,20.0,0.0,70.0,40.0,61.5087054901,-5.8667259444,27.5388940351,27.277548746,29.8316642922,12.3175955813
985,40.0,100.0,20.0,40.0,42.947950981,21.784027537,-2.01785487708,16.1962227276,13.122971131,11.4856416814
1036,70.0,0.0,70.0,40.0,52.5369381829,-16.7441250716,12.6641197986,16.6950688265,20.6252931013,12.1119378897
995,100.0,100.0,20.0,40.0,37.7034642296,4.38799069966,-10.4873083855,10.1230110385,9.92277026953,11.2962886703
839,0.0,10.0,40.0,20.0,70.7475843511,4.19162380382,22.3437547154,41.6996808338,41.821364847,21.2371340082
413,0.0,85.0,55.0,0.0,56.570397877,40.3301616905,16.7994974345,33.9717042879,24.4852501238,13.1089397634
857,40.0,10.0,40.0,20.0,63.0868872805,-7.2020863532,9.40612204615,28.6634518951,31.6912581246,21.1019744304
449,40.0,85.0,55.0,0.0,50.5714563306,23.0570104974,5.88463356719,22.9825205322,18.9012360392,13.3176549336
869,100.0,10.0,40.0,20.0,51.1958019925,-20.2040724253,-6.37980202504,15.0887266789,19.4380393673,18.8365707849
504,10.0,100.0,70.0,0.0,51.0398982955,41.3387528017,14.6634157493,27.7997596854,19.3030560893,10.6019198788
1403,20.0,12.0,12.0,100.0,36.298266927,1.53990848789,3.8192697087,9.01920193834,9.1640600078,6.64061653684
540,55.0,100.0,70.0,0.0,45.849609512,22.0188746429,3.91819444043,18.5457092052,15.1578260377,11.1782076856
137,70.0,10.0,10.0,0.0,64.4598056008,-15.2149913324,-11.5424650546,28.1269229312,33.3705196139,34.9948005303
585,10.0,100.0,85.0,0.0,50.9506301039,40.1668091703,17.9895544522,27.4085488784,19.2260487184,9.54256581558
190,30.0,0.0,20.0,0.0,75.3229295913,-9.94951797525,6.4073309234,43.5733140202,48.7939006132,35.5423937754
621,55.0,100.0,85.0,0.0,45.41163659,20.1230197486,8.40177393936,17.8258335948,14.8380915436,9.5536729623
226,85.0,0.0,20.0,0.0,62.3303876546,-23.7136081664,-10.7319240234,23.8641659816,30.7905084029,31.9559282976
388,85.0,0.0,40.0,0.0,60.774824029,-25.0647884285,-2.02003243592,22.0736053555,28.992290086,25.0336366054
354,30.0,20.0,40.0,0.0,68.3144553687,-1.29000669394,12.3692196172,36.6361174404,38.4000817894,24.2649358489
392,85.0,40.0,40.0,0.0,53.4835729309,-11.0931785959,-5.80056070435,18.5058260213,21.4917836107,20.4355400404
954,20.0,70.0,0.0,40.0,50.1702618176,18.7424960518,-2.53967232469,21.6643585909,18.5615650374,16.3609628333
1065,70.0,100.0,100.0,40.0,40.2665470704,8.01201753607,6.35208836901,12.1320072657,11.4123958117,7.68519099768
990,70.0,100.0,20.0,40.0,41.4152225818,11.5082539911,-6.51968003495,13.4010068782,12.125710372,12.1148408078
1029,20.0,70.0,70.0,40.0,48.61901343,15.9036998616,12.4773119078,19.6908187536,17.2864972633,9.98771181138
988,70.0,40.0,20.0,40.0,48.9445420108,-3.54902755079,-5.92247349848,16.2869783123,17.5490660208,16.9010725029
346,20.0,30.0,40.0,0.0,68.1462099001,5.17513412048,13.1471891975,38.4059581948,38.1706636047,23.6850459282
380,70.0,10.0,40.0,0.0,62.4771212532,-17.5005333027,0.773902098484,25.459664893,30.9638691229,25.112547803
1011,70.0,0.0,40.0,40.0,53.6100206822,-15.4474089043,2.20847593739,17.7822041381,21.609330944,16.863675307
355,30.0,30.0,40.0,0.0,66.0349604973,1.79888412926,10.1114860367,34.6293708772,35.3690139423,23.3610315643
393,85.0,55.0,40.0,0.0,50.3595102812,-6.15285554627,-6.46551976469,16.9127235782,18.7212804603,18.2165390801
359,30.0,85.0,40.0,0.0,52.2244035442,24.892268254,3.65795853659,25.0334680405,20.3444182113,15.2684293881
1015,70.0,100.0,40.0,40.0,40.9957696301,10.4886227135,-3.74479398049,12.9668465575,11.8618901993,10.9493971479
1044,100.0,70.0,70.0,40.0,40.371813346,-4.65393107973,-1.29858813432,10.4430062456,11.4765683651,9.8540226218
987,70.0,20.0,20.0,40.0,51.1836879631,-9.01180189479,-5.23633651205,17.0387649837,19.4275284191,18.3033960382
1034,40.0,70.0,70.0,40.0,46.3280636284,11.5062590261,10.041365842,16.9639320843,15.5123264752,9.5361762451
977,20.0,20.0,20.0,40.0,59.1242423453,1.67038118303,5.89359382436,26.5999129964,27.1622878546,19.4895031576
1024,0.0,70.0,70.0,40.0,50.387391808,23.3889420737,18.4870430975,22.8800424216,18.7448881041,9.11757828735
461,70.0,10.0,55.0,0.0,60.3723823621,-19.3060122658,7.07036016286,22.9563635676,28.5387565639,19.9543493937
447,40.0,55.0,55.0,0.0,57.0705945236,8.8823179576,8.87235015955,26.1998514369,24.9950468453,16.5659716436
425,20.0,10.0,55.0,0.0,72.5215275903,-3.15062729242,24.3837452075,41.8003614522,44.4398650814,21.7513023651
411,0.0,55.0,55.0,0.0,65.3706039169,25.4607825259,22.2101786071,41.0717517702,34.5166508968,16.9821165313
844,10.0,0.0,40.0,20.0,71.4761180271,-3.59308764539,20.2927860353,40.1818106814,42.8839260039,22.9367110107
637,85.0,70.0,85.0,0.0,46.2697430474,-1.64347079606,4.49201458849,14.6441859289,15.4688223977,11.2274290644
129,55.0,20.0,10.0,0.0,65.5938889741,-7.09580416809,-7.45514834332,31.5684720171,34.8015776351,33.5262997437
601,30.0,70.0,85.0,0.0,54.639437434,19.8362141228,18.7460723092,26.315251949,22.5822768834,11.2853026609
1398,10.0,6.0,6.0,80.0,46.9734737425,0.823977350742,4.44296063946,15.5689116892,15.9992263944,11.6458603446
629,70.0,85.0,85.0,0.0,45.7890627514,8.96511783553,5.43709714843,16.0955562819,15.1133540124,10.6565829949
130,55.0,30.0,10.0,0.0,63.1349209499,-3.29197587615,-8.52547958223,29.7375682361,31.7490365578,31.4201669611
593,20.0,85.0,85.0,0.0,52.4469891428,29.2278065086,19.3791455709,26.3009861655,20.5441926786,9.89656523362
94,10.0,30.0,10.0,0.0,70.9115230045,10.3697716468,4.08427296232,44.019302491,42.0589197054,31.9420312516
36,30.0,100.0,0.0,0.0,49.7076994718,33.9464345268,-5.0882590827,24.6135096001,18.175016706,17.109029334
376,55.0,70.0,40.0,0.0,52.6922651398,11.1190710377,-1.00121180082,22.3661416909,20.7658419846,17.5722117431
374,55.0,40.0,40.0,0.0,59.3299693914,-0.727693653245,2.00251798877,26.2310940779,27.3860505352,21.5671960831
1057,40.0,20.0,100.0,40.0,53.8266451057,-3.88495476216,25.531167523,20.2289303931,21.8117023009,8.80365243263
956,40.0,0.0,0.0,40.0,61.3832206466,-7.17598384026,-2.65123943447,26.8188657345,29.6870083678,25.9843454924
1031,40.0,0.0,70.0,40.0,57.9457274439,-9.51939365177,20.4354326336,22.8070979228,25.9039080241,12.655131875
982,40.0,20.0,20.0,40.0,55.9721868802,-2.2337760019,1.16630564259,22.5379801758,23.8847186123,19.156916012
1033,40.0,40.0,70.0,40.0,50.9276729729,1.80615317157,13.6606881176,18.8705788365,19.2062778698,10.8590008841
368,40.0,85.0,40.0,0.0,51.6417445104,21.7167837727,0.618401590153,23.7181982688,19.8276129002,16.1009859331
603,30.0,100.0,85.0,0.0,49.1306337917,29.1422727999,12.6569845974,22.9546906392,17.7003537232,10.2019623823
1010,40.0,100.0,40.0,40.0,44.7728588457,19.3083072332,0.140469696972,17.164274212,14.3798724011,11.8172444012
377,55.0,85.0,40.0,0.0,49.7823337708,14.7686368005,-2.86746497888,20.4794140611,18.2370195301,16.2178497253
375,55.0,55.0,40.0,0.0,55.6349632276,4.43460792767,-0.151169832454,23.7022967254,23.5505556983,19.5031101732
373,55.0,30.0,40.0,0.0,60.9688980561,-5.78209253241,2.38046564943,26.7223512265,29.2127094404,22.8295596563
1006,40.0,0.0,40.0,40.0,59.3543768252,-9.75857376684,9.53636431478,24.1222074876,27.4126789735,17.9943384118
973,0.0,40.0,20.0,40.0,59.2497396797,13.5475948322,8.97055607912,29.7621620756,27.2986416712,18.1677130028
1028,20.0,40.0,70.0,40.0,53.7572363214,7.16255093439,19.5764587842,22.504874771,21.7467234076,10.5302349599
983,40.0,40.0,20.0,40.0,52.9886444527,3.27592241867,-0.166429841227,20.962536329,21.0357919687,17.4296876642
1038,70.0,40.0,70.0,40.0,46.6382921978,-5.97455457348,7.32593322473,14.1971520182,15.7451121167,10.52285905
993,100.0,40.0,20.0,40.0,44.7139236884,-9.33168991329,-11.2563569456,12.3992114428,14.3380778334,16.0719562726
846,10.0,20.0,40.0,20.0,66.187839589,4.3789994367,16.791276467,35.5848571288,35.5671221279,20.1015902461
409,0.0,30.0,55.0,0.0,72.2558729726,14.4192224717,27.9369119244,47.4830691141,44.0409701857,19.7734092168
427,20.0,30.0,55.0,0.0,67.336309987,6.00114880643,20.653992062,37.5773354794,37.0790699404,19.2063435287
445,40.0,30.0,55.0,0.0,63.4973360209,-0.961158526367,13.1605965311,30.7775663234,32.1872415363,19.6188093682
463,70.0,30.0,55.0,0.0,57.1751133192,-10.5966144911,4.25384508167,21.8475220955,25.1024576632,18.6869553978
581,10.0,40.0,85.0,0.0,65.6094254766,14.4156136063,34.3967419502,37.877858262,34.8214613948,12.3917068847
105,20.0,55.0,10.0,0.0,62.5026174592,18.4087667863,-0.951565916957,35.0355907016,30.9940582157,26.1165168045
617,55.0,40.0,85.0,0.0,57.5300264288,-2.62876530537,19.0432255729,23.954050639,25.4694870544,12.8961904634
141,70.0,55.0,10.0,0.0,54.5957200494,2.69568739449,-12.7265139465,22.3183785772,22.5403756199,25.0631844095
573,0.0,55.0,85.0,0.0,63.8540059028,26.5424213944,34.1748878658,39.3107276783,32.6224185115,11.4365720462
194,30.0,40.0,20.0,0.0,64.4672882212,7.77535403941,1.21679811461,34.4016504099,33.3798306787,26.8235170064
609,40.0,55.0,85.0,0.0,56.4529307251,9.0953983505,20.8286073943,25.6098759635,24.3665422387,11.6318565029
1401,60.0,45.0,45.0,100.0,34.7195741701,1.37789692222,1.84137234549,8.2138923782,8.35897118769,6.47044595659
352,30.0,0.0,40.0,0.0,74.0501645819,-10.6023040957,16.7727677445,41.5151132999,46.782084067,27.3928943782
390,85.0,20.0,40.0,0.0,56.8128986161,-17.9683914536,-4.32919477366,19.9824345598,24.731530489,22.5908334092
356,30.0,40.0,40.0,0.0,63.4742911709,6.80931503614,9.01257552472,32.8973146034,32.15925814,21.6357386597
964,70.0,70.0,0.0,40.0,45.1442999951,5.99438786009,-10.8274789336,15.1079546419,14.6451547294,16.2025428426
1055,20.0,100.0,100.0,40.0,43.8669092207,23.8729581909,14.0030976287,17.2853340711,13.7463229834,7.32391087764
980,20.0,100.0,20.0,40.0,44.9975495485,26.3239399371,1.09079345867,18.6678859713,14.5399595302,11.6275514136
1039,70.0,70.0,70.0,40.0,44.1001406052,1.70783749919,2.88581844008,13.6780428996,13.9076097706,10.5429382957
978,20.0,40.0,20.0,40.0,55.5266809508,7.73766613135,3.68702184771,24.3520738651,23.4439211061,17.6600554241
382,70.0,30.0,40.0,0.0,58.3240716371,-10.9563618091,-2.11247563675,22.8500138417,26.3035588449,22.7943129048
344,20.0,10.0,40.0,0.0,73.8141516939,-2.84034787288,16.5751574554,43.78004019,46.4152131489,27.2688768279
1001,20.0,0.0,40.0,40.0,62.8270063578,-5.1217725598,15.0312582689,28.9115876706,31.3798694796,18.2160439663
391,85.0,30.0,40.0,0.0,55.6029377395,-14.9742134095,-5.70221624118,19.5357806136,23.5189839263,22.2207295981
357,30.0,55.0,40.0,0.0,59.7501145702,13.1610375594,6.85567498212,30.2323818008,27.8468396748,19.5448922926
395,85.0,85.0,40.0,0.0,44.9567932253,4.21939497853,-9.21904565534,14.6777421091,14.5108337982,15.4081706711
1005,20.0,100.0,40.0,40.0,44.8021349684,26.6338426608,3.80698016739,18.5649917339,14.4006640711,10.6339938527
724,100.0,30.0,100.0,0.0,48.7613657129,-21.5484509729,12.0155251853,13.1860387738,17.4009928499,10.2034339084
475,85.0,70.0,55.0,0.0,45.9060552286,-1.0976161849,-3.52500165575,14.4765560488,15.1993643159,13.8250916766
453,55.0,20.0,55.0,0.0,61.0582251113,-10.6789474555,11.3967945697,25.6280628332,29.3145368673,18.4817292905
439,30.0,70.0,55.0,0.0,53.7190636834,20.2078865723,10.4676167687,25.4497061838,21.7110421366,13.6296961162
417,10.0,20.0,55.0,0.0,71.2967901255,4.94130446496,26.37956653,42.7394760066,42.6207274248,19.7274865728
969,100.0,70.0,0.0,40.0,41.2702513959,-0.815776413829,-14.9963083547,11.4897550811,12.0340912667,15.1752960256
1062,70.0,20.0,100.0,40.0,48.8229905648,-11.2981581886,17.0407840477,14.8677580023,17.4507148246,8.7656728149
959,40.0,70.0,0.0,40.0,47.421443286,14.2898146231,-5.38904473783,18.3624256503,16.3430983993,15.5783778952
1052,20.0,20.0,100.0,40.0,55.7353935302,1.11224694576,30.60527622,23.0523356732,23.6497463788,8.31645552434
949,0.0,70.0,0.0,40.0,52.3255031515,24.8881436969,2.00537468538,25.1352383166,20.4349955715,16.014500155
633,85.0,20.0,85.0,0.0,55.0489107091,-19.179138428,13.6656447128,18.2493010291,22.9772634641,13.2951905524
133,55.0,70.0,10.0,0.0,52.985597278,13.7408389324,-9.32239256233,23.2257124333,21.0330046882,21.7632620283
597,30.0,20.0,85.0,0.0,66.477535599,-1.73205785242,31.8140973356,34.1570227584,35.9445507517,13.8736620677
97,10.0,70.0,10.0,0.0,60.0100352035,29.6202467596,1.06888282574,35.1735219796,28.1344761578,22.6504956106
625,70.0,30.0,85.0,0.0,56.3468895575,-11.0964182535,15.9601318189,20.9840584906,24.2597110846,13.2744609658
134,55.0,85.0,10.0,0.0,49.63161353,19.0166273167,-8.72026873537,21.2294738738,18.1119527449,18.6722805624
589,20.0,30.0,85.0,0.0,65.8513879447,6.05738300646,34.5796917975,35.652816458,35.1321053665,12.4737939675
98,10.0,85.0,10.0,0.0,55.6010639125,35.9391597897,0.914271704272,31.5581512844,23.5171375208,18.976163055
741,10.0,100.0,0.0,20.0,49.0789240503,36.7751241424,-0.0509840236138,24.6410965452,17.6582281898,14.5897552866
485,100.0,85.0,55.0,0.0,43.3618742623,-2.44720573684,-7.60162211192,12.5556150321,13.4013591545,13.7088475185
338,10.0,40.0,40.0,0.0,67.5586455203,13.7053256603,15.0113378738,40.315187669,37.3766356267,22.1690191935
1067,100.0,20.0,100.0,40.0,45.2590753269,-17.5040689986,9.75046716535,11.5606372294,14.7277818783,9.08758659165
946,0.0,0.0,0.0,40.0,67.8741652592,0.650406291098,6.17637183686,36.6490514037,37.8016420363,27.3621206591
1021,0.0,0.0,70.0,40.0,64.8560106243,-0.184244558608,31.7583900726,32.6050016355,33.8659265087,12.8659918127
992,100.0,20.0,20.0,40.0,47.5775177417,-13.6454519692,-10.5249859256,13.6207491562,16.4640522445,17.8853335028
1023,0.0,40.0,70.0,40.0,56.727306004,12.2248820593,23.3033953727,26.6545945384,24.6444161615,10.9736129457
566,100.0,85.0,70.0,0.0,43.7550202094,-4.14829918994,-4.27573019351,12.554649117,13.6693928536,12.7420101134
777,10.0,100.0,10.0,20.0,48.6810390962,35.7954026711,1.58753434501,24.0185789575,17.3363232801,13.702047462
1000,0.0,100.0,40.0,40.0,46.3966554547,33.2531187773,7.84728307632,21.2912804079,15.5635966473,10.2314627458
647,100.0,85.0,85.0,0.0,42.6915486973,-4.28145327239,0.0461983452069,11.8665427987,12.9524743397,10.6725155436
339,10.0,55.0,40.0,0.0,63.4465800752,20.9793265198,12.625403716,37.0281480737,32.125629998,19.8322355846
643,100.0,30.0,85.0,0.0,49.7580591095,-21.7196610966,6.63760959894,13.8296815611,18.2168377835,12.542396655
996,0.0,0.0,40.0,40.0,66.6011942258,-0.0222813303551,21.6214882518,34.8107750124,36.1064683426,18.1785414906
415,10.0,0.0,55.0,0.0,77.8593854968,-4.92305882402,32.7730699173,49.2399585691,52.9735590197,22.1680732879
261,10.0,100.0,30.0,0.0,50.4430861617,42.3501812916,6.71414646503,27.407469061,18.7921046225,12.9358115496
451,55.0,0.0,55.0,0.0,66.5358761602,-19.3188035561,15.322129998,29.3778699617,36.0208809523,21.117199667
297,55.0,100.0,30.0,0.0,45.1439231617,22.3818577705,-3.65913039017,18.0340882926,14.6448839561,13.385995623
146,85.0,10.0,10.0,0.0,59.6001989871,-19.1356642244,-16.6854728489,22.2616495741,27.6818332457,32.7825397719
1050,0.0,100.0,100.0,40.0,45.5951203656,32.1963612014,17.5388317086,20.351863973,14.9714876714,7.18781821381
951,20.0,0.0,0.0,40.0,64.5265648287,-4.10457512823,0.995644324178,31.1282559108,33.453653263,27.0131751704
1060,40.0,100.0,100.0,40.0,41.9062083104,18.5536147532,9.73842821848,14.8740899915,12.4394568312,7.54382143002
961,70.0,0.0,0.0,40.0,55.6490834176,-12.4443510484,-9.363666637,20.0854533068,23.564484813,24.2080791195
1070,100.0,100.0,100.0,40.0,37.5409302858,0.96154322859,0.381292324013,9.60088285346,9.83294864515,8.01309158462
577,10.0,0.0,85.0,0.0,77.4825178655,-3.5656733636,48.1046034286,49.141317218,52.3380136249,14.9102865659
522,30.0,100.0,70.0,0.0,48.4948828908,31.9333322138,9.37676374185,22.9659714948,17.1870684983,10.88767293
613,55.0,0.0,85.0,0.0,66.4063373238,-18.265588222,28.585001829,29.5076937672,35.851544283,15.0781461564
1400,80.0,65.0,65.0,100.0,34.2491292249,1.66284148432,1.59416594477,8.02022106527,8.12852326193,6.343419886
569,0.0,10.0,85.0,0.0,77.0414946056,5.78966298566,48.6754163441,51.9446712112,51.6007562955,14.3898459086
117,30.0,100.0,10.0,0.0,49.6084672539,34.2631971913,-3.14547427708,24.5876853553,18.0927968958,16.208746851
605,40.0,10.0,85.0,0.0,66.8316809206,-9.17018769246,33.230315993,32.4731650537,36.4095621563,13.5721206479
80,100.0,85.0,0.0,0.0,44.0672618917,3.29018790671,-20.067376481,13.906000523,13.8847971347,19.489814903
772,10.0,0.0,10.0,20.0,72.7075538103,-2.70521173348,7.93939711913,42.2150542361,44.7206227254,31.4459638791
773,10.0,10.0,10.0,20.0,70.3152572669,1.3477863559,6.73930964303,40.1615317855,41.1991959396,29.5814038009
1399,100.0,85.0,85.0,100.0,34.3933920027,-0.280004063944,-0.0628654449022,7.87546902196,8.19873422,6.77950793607
737,10.0,10.0,0.0,20.0,70.3894332589,1.52801093007,2.15903144101,40.3230673983,41.3055022269,32.6206833599
1408,100.0,100.0,0.0,70.0,37.0009679307,4.23049984436,-8.79366367992,9.71838003465,9.53844182452,10.3679389468
1409,100.0,0.0,100.0,70.0,41.2045793254,-14.3468547636,8.13209037123,9.66106315266,11.992740071,7.64388764449
1410,0.0,100.0,100.0,70.0,40.4222117822,19.9697818973,12.131661701,14.0606128932,11.5073772923,6.36711344734
1411,40.0,40.0,0.0,70.0,45.3552977881,4.03722467912,-1.76012589889,14.9324714952,14.7972917698,12.828951799
1412,40.0,0.0,40.0,70.0,48.0399965599,-5.22398802434,7.40838572585,15.3213349444,16.8259630968,11.2719491209
1413,0.0,40.0,40.0,70.0,47.5848103577,9.16137228434,10.2349336245,17.5281299823,16.4697183882,10.1274517032
940,100.0,0.0,100.0,20.0,50.0495098024,-26.3802508173,14.7364131492,13.2970004807,18.4601331262,10.0506172301
759,70.0,100.0,0.0,20.0,43.6457476482,14.5522133683,-12.1197122888,15.4635757259,13.5945392387,15.6685081401
928,40.0,0.0,100.0,20.0,62.3660866306,-11.5642247923,36.9163010938,26.7814741395,30.8326257988,9.76612305563
747,20.0,100.0,0.0,20.0,48.1612120639,32.8395277464,-2.71048744278,22.8479003647,16.92168908,15.0138214058
910,0.0,0.0,100.0,20.0,71.0848925065,1.26067950508,52.4739102487,41.2128985398,42.3111171862,9.61026469266
917,10.0,10.0,100.0,20.0,66.0075259628,1.16002208263,44.7044968726,34.4085261588,35.3335409698,9.32253266527
881,10.0,10.0,70.0,20.0,67.1968127848,0.663020591276,33.1920202241,35.7736264556,36.8931807455,13.8217745104
1211,100.0,100.0,0.0,80.0,34.8781155481,4.034380811,-7.47072404288,8.5936947809,8.43760293779,8.89641593375
672,20.0,55.0,100.0,0.0,58.2891515854,17.7303182313,32.1646176277,29.7733295638,26.266501262,9.10223934113
26,20.0,85.0,0.0,0.0,53.6037423189,32.6369403688,-3.56886829939,28.3971540973,21.6034844153,19.4632006523
717,85.0,55.0,100.0,0.0,47.588185638,-8.43574314796,10.7112041419,14.4622500493,16.4723413197,9.98432578422
1227,100.0,100.0,40.0,80.0,34.8967065353,3.11279634846,-4.3496940607,8.49692655908,8.44685567982,8.05814740939
510,20.0,55.0,70.0,0.0,60.1133610349,17.0657063722,20.9885208516,31.7167094207,28.2493677628,13.8182588471
269,20.0,85.0,30.0,0.0,54.0146404803,31.4529622246,3.52340588694,28.5477830761,21.9883490044,16.5999686292
555,85.0,55.0,70.0,0.0,49.2599774247,-6.19111725342,2.93328732713,16.0613084834,17.806017258,13.5724878079
396,85.0,100.0,40.0,0.0,42.882311674,10.8910089957,-8.95690165569,14.3064827071,13.0791821318,13.9074642052
290,55.0,10.0,30.0,0.0,66.6407290586,-12.1869494807,1.00015785136,31.4096416738,36.1583373209,29.2105478022
360,30.0,100.0,40.0,0.0,49.1368695536,33.8089373131,2.80925331412,24.0136138699,17.7054382319,13.5397344454
254,10.0,10.0,30.0,0.0,76.4808208848,1.07332068494,15.6280449459,49.260028718,50.673518489,30.6825739265
477,85.0,100.0,55.0,0.0,43.0300424257,10.093304219,-5.10802526844,14.2804034971,13.1778730184,12.5937954768
47,55.0,10.0,0.0,0.0,68.1365514603,-10.3939629377,-11.5625601624,33.7212343801,38.1575212395,39.6284511648
441,30.0,100.0,55.0,0.0,48.5265600363,32.9630272019,6.3513795277,23.2262052187,17.2124056115,11.905887102
11,10.0,10.0,0.0,0.0,77.6539095878,1.77489583889,1.89491091414,51.4197457646,52.6264127436,41.9114556066
1429,7.0,0.0,0.0,7.0,78.9137597396,-1.38467445734,4.52743731107,52.2885469174,54.7789323543,41.549765053
1404,10.0,6.0,6.0,100.0,37.487826826,1.53899079299,4.50556953305,9.64426899837,9.80371983656,6.96046053028
1431,7.0,7.0,0.0,7.0,77.2111565096,1.27305999749,3.96420907523,50.5081830428,51.8835545201,39.7189229651
1390,40.0,27.0,27.0,60.0,49.4043813985,0.289167034774,2.93642454879,17.3377402105,17.9244797599,13.6640364247
1433,7.0,0.0,7.0,7.0,78.1439334997,-2.11985108757,7.74778901609,50.7445262866,53.4568116226,38.0880782683
1386,10.0,6.0,6.0,40.0,64.53860191,-0.167286138754,4.77216055074,32.227047473,33.468657425,24.8647377634
1435,7.0,7.0,7.0,7.0,76.2370890405,0.706927049216,6.53306646897,48.7379907481,50.2739255234,36.5761318689
1405,100.0,0.0,0.0,70.0,42.6476232554,-10.9414023614,-8.94468886772,10.9128678853,12.923414749,13.750633559
1406,0.0,100.0,0.0,70.0,41.6679091887,23.5115163112,2.65533667995,15.5378346757,12.2865131551,9.34693934561
1407,0.0,0.0,100.0,70.0,50.8222490266,0.0442324674141,27.574400479,18.4416419869,19.1156600249,6.94180194232
732,0.0,20.0,0.0,20.0,69.9921566249,8.23366683828,4.09079677,41.9602402345,40.7382674479,30.9070571624
926,20.0,70.0,100.0,20.0,51.8280618298,19.5287691885,23.2233316436,23.4050283893,19.9919084563,8.49059529396
750,40.0,20.0,0.0,20.0,62.8553778477,-2.27618453917,-6.47669214484,29.687646588,31.4137644921,29.803154346
938,70.0,70.0,100.0,20.0,45.1574101938,1.5591215255,9.78323415076,14.3835713019,14.6545771314,9.02854993812
762,100.0,20.0,0.0,20.0,50.8188884517,-15.3184128588,-20.7794626365,15.6432552695,19.1127761183,25.9350267439
736,10.0,0.0,0.0,20.0,73.0095295368,-2.85931258306,2.94193965492,42.5990012745,45.1788892169,35.174310857
811,10.0,40.0,20.0,20.0,62.2384915371,12.8962437118,6.34260275919,33.1125288247,30.682266506,21.9103305458
14,10.0,40.0,0.0,0.0,68.6133822127,15.5380120414,-1.04309207715,42.4141573629,38.8099602642,32.7140864499
688,40.0,30.0,100.0,0.0,59.8616398551,-1.46553241821,33.1282034734,26.6103401326,27.9700157785,9.60886891186
1206,70.0,70.0,0.0,80.0,37.4594405572,4.97382940528,-4.65839378312,10.0631316877,9.78811946286,9.36368307359
1245,0.0,40.0,100.0,80.0,42.3846290002,7.02219811846,16.678342774,13.3533174928,12.7503353355,6.1097194045
257,10.0,40.0,30.0,0.0,67.3684395108,14.6536274524,10.8515016572,40.3567542864,37.1219729281,24.2029525224
526,40.0,30.0,70.0,0.0,62.7305861867,-1.30697291522,19.8486709391,29.8015725357,31.2648599254,16.0545716077
1222,70.0,70.0,40.0,80.0,37.6890180839,4.11505332895,-0.565244670506,10.0799132898,9.91476479552,8.3314970896
1229,0.0,40.0,70.0,80.0,43.0888216567,7.46915593015,12.8365604043,13.8998842649,13.2172778754,7.28089867783
503,10.0,85.0,70.0,0.0,54.7892102396,35.1592034436,17.5115455376,30.3968823729,22.7262214249,11.7828884295
274,30.0,30.0,30.0,0.0,66.2041305905,4.09767859865,5.49025437116,35.5220561933,35.5882763122,26.0820991193
1239,70.0,100.0,70.0,80.0,36.0072479255,7.62089094718,1.35447163496,9.60693046575,9.01192669897,7.10388375308
1225,100.0,40.0,40.0,80.0,37.0026022392,-3.87320966562,-2.22803049204,8.73876151432,9.53932421802,8.46079540088
665,10.0,85.0,100.0,0.0,53.4015960356,34.83174933,25.113822708,28.7374459333,21.4158051386,8.71610270781
31,30.0,30.0,0.0,0.0,67.5773259719,5.03724748253,-5.80864863627,37.6004789223,37.4017091017,34.7447339121
1255,70.0,100.0,100.0,80.0,35.5303283863,6.27105415682,3.40967825578,9.1896782111,8.76626838218,6.43187218551
1209,100.0,40.0,0.0,80.0,36.7543046348,-2.64503134614,-5.89439224174,8.75720988347,9.40588665441,9.36955806717
1480,40.0,40.0,3.0,40.0,53.5138783358,5.14186583296,-5.29554326964,21.8383407399,21.519916936,20.2153354572
1481,3.0,0.0,40.0,40.0,66.7537533461,-0.29104021815,20.8761772454,34.9249551463,36.3068970763,18.63759425
1482,0.0,3.0,40.0,40.0,66.2886934261,0.439794422541,20.2194805797,34.5518445253,35.6982175911,18.5710522077
1483,3.0,3.0,40.0,40.0,65.7090366703,-0.00756099033283,19.5597562709,33.6991193596,34.9491246923,18.4159277119
1484,40.0,3.0,40.0,40.0,59.0468426796,-8.38039079865,9.16428949112,24.1342929572,27.0784193197,17.9235110426
1485,3.0,40.0,40.0,40.0,57.9181295843,12.2408221835,13.2672241183,27.9387652288,25.8749154509,15.3519780769
1425,7.0,7.0,0.0,0.0,79.5258801317,1.22774860265,3.24757664635,54.3348576379,55.8456275578,43.4061292225
1426,7.0,0.0,7.0,0.0,80.7617628266,-2.59591261198,7.79072317595,54.930429106,58.0413289583,41.4894162262
1368,100.0,85.0,85.0,0.0,42.9846186261,-4.19322898593,-0.705465606291,12.061047815,13.14747518,11.075367104
1428,7.0,7.0,7.0,0.0,78.9615892807,0.501421951624,6.74025906752,53.0976446979,54.8617877298,39.903127085
943,100.0,40.0,100.0,20.0,45.6809902203,-15.8063874375,8.6576063598,12.0623694232,15.034190328,9.61512779702
757,70.0,40.0,0.0,20.0,52.9633544187,-3.24333774894,-14.0708883852,19.6063879826,21.0126663847,24.2499928191
931,40.0,40.0,100.0,20.0,54.6523199647,1.7815253931,25.4288379351,22.1725250303,22.5946341421,9.23536849921
745,20.0,40.0,0.0,20.0,60.9822461908,10.1392762568,-2.80645537861,30.8477488176,29.227910495,25.6784183588
913,0.0,40.0,100.0,20.0,61.3315817405,16.2918744376,38.2230120009,32.9670649369,29.6276163501,8.87279809608
882,10.0,20.0,70.0,20.0,64.5532233297,4.32204257795,30.1447451672,33.5122047152,33.4868889856,13.2613726207
880,10.0,0.0,70.0,20.0,69.3522072461,-3.94130247925,35.7829188694,37.1918144804,39.8355027168,14.2493339158
67,85.0,30.0,0.0,0.0,55.4346038763,-10.8982938355,-21.1649832759,20.2120864614,23.3534987637,31.0078494221
1248,40.0,0.0,100.0,80.0,43.4715451582,-5.51311774887,15.9474913211,12.1741132885,13.4757733855,6.69602487107
30,30.0,20.0,0.0,0.0,69.5392793067,-0.275852940853,-6.38990716485,38.5796132786,40.09800752,37.574476183
713,85.0,10.0,100.0,0.0,54.3814835822,-24.0295868322,20.1529891389,16.8149025441,22.3357882535,10.6878023761
310,85.0,30.0,30.0,0.0,54.4675234223,-13.5811584535,-9.92982525947,18.8453671126,22.4178034866,23.4130765288
1232,40.0,0.0,70.0,80.0,43.5224418731,-4.73973316471,11.2848119658,12.3192390947,13.5104013614,7.85965163399
273,30.0,20.0,30.0,0.0,68.9660523473,-1.19397790289,7.1080296091,37.5247689918,39.2972676245,27.9298545961
551,85.0,10.0,70.0,0.0,57.5192578578,-23.1495656074,8.91092573851,19.5526792627,25.4582985715,16.8798332968
1226,100.0,70.0,40.0,80.0,35.8349235729,0.116206208783,-3.16160108274,8.61749629702,8.92264100622,8.17141200852
517,30.0,30.0,70.0,0.0,64.814228253,2.8941303352,22.2441775401,33.42565437,33.8134529462,16.5571741158
276,30.0,55.0,30.0,0.0,59.2707455861,14.903867296,2.58579546575,30.1461069929,27.3215092374,21.2222670365
1241,100.0,40.0,70.0,80.0,37.1224138927,-4.74212671335,1.05046314845,8.69767967859,9.60416109393,7.6548931879
1210,100.0,70.0,0.0,80.0,36.4718126886,1.21572317933,-6.70792296133,9.06982673788,9.25559270345,9.46463042679
679,30.0,30.0,100.0,0.0,63.1960045194,2.85378810531,35.7206803389,31.462476187,31.8226137525,10.5709202375
33,30.0,55.0,0.0,0.0,60.5180006952,15.7222679152,-6.85174871662,31.8273042179,28.7023115618,27.5672496689
1257,100.0,40.0,100.0,80.0,35.6091138987,-5.53585839443,3.78123911893,7.87376210005,8.80653853718,6.37878083417
1418,3.0,0.0,0.0,3.0,83.2453295002,0.254609427493,6.66472888129,60.4980967985,62.6262296443,45.8673958271
1471,3.0,40.0,0.0,40.0,59.9535774389,13.7693691294,2.42402184782,30.6307236539,28.0718306097,21.8996323073
1416,0.0,3.0,3.0,0.0,82.8640045503,1.10900534233,7.73968283302,60.1640603298,61.907123615,44.4330143814
1473,3.0,0.0,3.0,40.0,68.1692773594,0.198008499539,6.21991070253,36.8984346326,38.2020640074,27.6389397774
1474,40.0,0.0,3.0,40.0,60.7634763723,-7.54087878583,-2.53794283459,26.0773282581,28.979436422,25.3131591629
1450,0.0,40.0,0.0,3.0,70.7020350289,18.407559754,2.20283779205,46.5123105271,41.7555208895,32.951917163
1402,40.0,27.0,27.0,100.0,35.9838232475,1.30508796463,2.74974019043,8.8309525165,8.9997549486,6.7630342511
1451,3.0,40.0,0.0,3.0,70.9442490511,17.1698444345,1.82514995815,46.4434202661,42.1064487489,33.4886041276
1478,0.0,40.0,3.0,40.0,59.3756260746,13.6187533622,3.28045781238,29.9246396978,27.4358758925,20.9661004103
1479,3.0,40.0,3.0,40.0,59.1086337079,13.3415445433,2.46267578514,29.5475190415,27.1453607666,21.1440840144
238,100.0,30.0,20.0,0.0,53.0626104484,-16.8049926588,-16.4415604202,17.0945038671,21.1035249456,25.6673709853
114,30.0,55.0,10.0,0.0,60.7348667391,14.328525689,-3.83698458828,31.7006460876,28.9470467184,26.023260241
607,40.0,30.0,85.0,0.0,61.439881549,-2.0457721036,27.3466214292,28.1656978028,29.7522676561,12.3432514519
726,100.0,55.0,100.0,0.0,46.3549440106,-14.6458426613,7.00028842032,12.6603228136,15.5324052534,10.4718634801
571,0.0,30.0,85.0,0.0,70.6604758101,15.3389704576,43.1661987723,45.3661545411,41.6955051645,12.3704756561
797,100.0,10.0,10.0,20.0,51.5010374561,-18.9712953673,-17.5477869916,15.5209418508,19.7041350575,24.7766047369
885,10.0,100.0,70.0,20.0,46.9344719002,34.835897757,13.1186074748,22.1264741297,15.9695180324,8.95190187682
10,10.0,0.0,0.0,0.0,80.9686041674,-3.88127169592,2.63950373124,54.774008218,58.4143387286,45.9509851097
296,55.0,85.0,30.0,0.0,47.7229517365,16.5594801668,-4.50671746567,19.0544666135,16.5772957824,15.431194162
38,40.0,10.0,0.0,0.0,70.3732539308,-7.40584300928,-8.90178951193,37.4796569974,41.2822990378,40.5429165306
259,10.0,70.0,30.0,0.0,58.6830895726,29.3197810654,7.17557900673,33.4251772517,26.6865762971,18.5393761536
496,10.0,0.0,70.0,0.0,77.2609826344,-4.28776472976,40.6800506808,48.5248783065,51.9668022354,17.8734345723
701,55.0,85.0,100.0,0.0,47.4243916707,13.8563374404,12.8096807402,18.2819651687,16.3453778168,9.28063294724
524,40.0,10.0,70.0,0.0,67.4936299931,-9.41947484893,25.19889877,33.207874883,37.2894571658,17.2735542794
664,10.0,70.0,100.0,0.0,57.1196134441,28.1605909927,29.0871728498,31.2205498015,25.0453838793,9.407640039
499,10.0,30.0,70.0,0.0,68.7963364111,10.1823507685,30.4877496056,40.9041727286,39.0622540113,15.9795142445
278,30.0,85.0,30.0,0.0,52.3881205981,27.7617046268,0.527471573896,25.8847051252,20.4912305159,16.6815168297
535,55.0,30.0,70.0,0.0,59.2280826844,-5.36842181724,15.1234663211,25.0164209835,27.2750786759,15.5148253908
314,85.0,85.0,30.0,0.0,45.4394958856,7.39810358438,-10.5312850133,15.5624198481,14.8582945389,16.2916700293
661,10.0,30.0,100.0,0.0,67.4096890769,11.0108575221,43.3379759572,39.2454443924,37.1771025331,10.4604892312
35,30.0,85.0,0.0,0.0,53.3172349011,28.3959780622,-6.05155790022,27.0177484113,21.3378040613,20.4180743106
697,55.0,30.0,100.0,0.0,57.9161812534,-6.5119261527,27.4233314645,23.4503528656,25.872869475,10.3194895285
71,85.0,85.0,0.0,0.0,45.246261559,8.44440617172,-17.2191852789,15.5990466863,14.7185418316,19.106707839
1455,0.0,40.0,3.0,3.0,71.2989131682,19.3822444657,2.65195253215,47.7861189252,42.6238370864,33.3427349039
1461,0.0,3.0,40.0,3.0,81.0949639356,0.38286356073,27.3458388127,56.704525964,58.6429955709,28.3370483512
1448,40.0,0.0,0.0,3.0,74.0189779257,-11.2151345073,-6.32584928868,41.2690945781,46.7334954311,43.4696892741
1449,40.0,3.0,0.0,3.0,73.3685554291,-10.6031683728,-6.15426764634,40.5531710179,45.7277935342,42.4341433225
1464,0.0,40.0,40.0,3.0,69.4787852693,18.0677295854,17.8183989956,44.5435683092,40.0129948105,22.4295181593
1465,3.0,40.0,40.0,3.0,69.6155731537,17.4368768293,17.6786880363,44.5293082863,40.2053954007,22.6251334261
1419,0.0,3.0,0.0,3.0,82.4565291294,0.875826922315,6.69536343564,59.3274798493,61.14480962,44.7135907059
1467,3.0,0.0,0.0,40.0,67.8391903179,0.33836747993,5.66738904048,36.5087394269,37.7543726904,27.6290351275
1468,0.0,3.0,0.0,40.0,67.9191309374,1.05316707194,5.88416633509,36.8304549691,37.8624720152,27.5819443535
1469,3.0,3.0,0.0,40.0,67.3179076002,0.913207766063,5.64884711917,36.0047779348,37.0545118796,27.1070302238
945,100.0,100.0,100.0,20.0,39.5103078846,-1.27294228981,1.19202629541,10.3993724805,10.9583947474,8.70816737305
754,70.0,0.0,0.0,20.0,61.1040674171,-16.1914882349,-12.9380714867,24.3778120419,29.3668860713,32.0163354763
933,40.0,100.0,100.0,20.0,44.8049118992,21.0834702804,12.0511165543,17.5169515381,14.4026372654,8.2385631416
742,20.0,0.0,0.0,20.0,71.0410657262,-5.19424928576,0.457323254334,39.0701126567,42.2472682141,34.540704747
915,0.0,100.0,100.0,20.0,48.8059424931,38.414316736,21.5507326571,24.7490204723,17.436950134,7.56488729247
884,10.0,70.0,70.0,20.0,53.5899492387,23.7994467489,18.4901485988,26.179068212,21.5906437459,10.782542101
833,100.0,10.0,20.0,20.0,51.3233906487,-19.8734909816,-13.209306936,15.2371448267,19.5489742155,22.2871511026
1259,100.0,100.0,100.0,80.0,34.5474970468,0.771285947248,0.0346242117202,8.06379143875,8.27418065758,6.81893079026
1200,40.0,0.0,0.0,80.0,45.2316175881,-3.45704869898,0.146528430707,13.6327989081,14.7079867531,12.0851666935
674,20.0,85.0,100.0,0.0,51.1258127992,29.705391979,22.0219886591,25.0517950847,19.3773643189,8.4880323257
65,85.0,10.0,0.0,0.0,59.7119125915,-18.1761119557,-21.3272553381,22.5768973645,27.8047301158,36.1237154059
1243,100.0,100.0,70.0,80.0,34.6999066051,1.94360413396,-2.4975626351,8.26787920959,8.34925086549,7.49653077304
1216,40.0,0.0,40.0,80.0,43.8024609369,-4.16036554687,6.27660907824,12.5832691367,13.7019759365,9.36404257129
512,20.0,85.0,70.0,0.0,52.9066179116,30.3713246459,14.4404931369,27.0686764913,20.9608473532,11.7238816857
308,85.0,10.0,30.0,0.0,59.6364962683,-20.5997599485,-8.40281550238,21.9781435758,27.7217243223,27.5858654556
1224,100.0,0.0,40.0,80.0,39.1520939538,-9.24530778939,-0.954817839493,9.20111407574,10.7476137439,9.13773068397
521,30.0,85.0,70.0,0.0,50.9966689151,26.9632724959,10.9739902904,24.2827208225,19.2657385572,11.7824457753
272,30.0,10.0,30.0,0.0,71.888448754,-5.18228434047,8.18848293807,40.242553397,43.493206799,30.3774592901
557,85.0,85.0,70.0,0.0,43.8779584026,5.1837221012,-1.31291976544,14.0781552434,13.7539355523,11.7869337587
1208,100.0,0.0,0.0,80.0,39.5147691086,-8.17019221678,-6.23120154122,9.52355941266,10.9610370557,10.9278240049
683,30.0,85.0,100.0,0.0,50.4602247839,25.6759464709,19.5005723061,23.4616546831,18.8066503285,8.8668438602
29,30.0,10.0,0.0,0.0,73.1388745487,-4.12819103286,-4.69826916062,42.3607161584,45.3761319126,40.9797460773
719,85.0,85.0,100.0,0.0,43.006058296,2.68486078695,6.20345161856,13.0980803516,13.1618168848,8.99194806351
730,0.0,0.0,0.0,20.0,76.0864605952,0.672062343075,6.2565380092,48.4872706463,50.0280269345,36.5882390465
927,20.0,100.0,100.0,20.0,47.0602574446,29.2792749021,15.9359173944,21.0567993059,16.0654631611,8.23955568878
748,40.0,0.0,0.0,20.0,67.4190185013,-9.41257384766,-4.29200611453,33.1184985679,37.1895787731,33.5151881267
939,70.0,100.0,100.0,20.0,42.3393558334,9.84644421537,5.8861762482,13.7646201852,12.7206973691,8.75899142485
760,100.0,0.0,0.0,20.0,54.7973200715,-20.718911972,-19.4965106918,17.7533841411,22.7340330794,29.2582643633
879,0.0,100.0,70.0,20.0,50.2604263613,36.5975217785,14.9578555025,25.8040674676,18.637545236,10.0939283591
778,20.0,0.0,10.0,20.0,70.5417458711,-5.36259192424,4.69302259833,38.3395544739,41.5243639833,31.1296895968
897,40.0,100.0,70.0,20.0,45.1131957329,21.5217085857,6.45154216115,17.8469277156,14.6228160138,9.98203627082
790,70.0,0.0,10.0,20.0,59.8163538586,-16.8918492379,-9.1243245708,22.960250429,27.9199551395,28.2054830928
909,100.0,100.0,70.0,20.0,40.4298465298,-0.239554830704,-4.76028549149,11.068252062,11.512049272,10.9622054685
802,0.0,0.0,20.0,20.0,74.2206643084,-0.102816306594,15.3140934419,45.3325134889,47.048317151,28.446141168
855,20.0,100.0,40.0,20.0,47.7382555466,30.7882752848,4.47345221044,22.0002820662,16.5892423438,12.0834011409
820,40.0,0.0,20.0,20.0,65.9349731064,-10.8920706898,3.37042888106,30.9335122835,35.2398441304,27.0446438827
867,70.0,100.0,40.0,20.0,42.3565874939,12.4169922516,-4.95238600113,14.1868176273,12.731972613,12.1340542551
832,100.0,0.0,20.0,20.0,52.7038272876,-23.2032665942,-13.1380882531,15.6845746234,20.7763295474,23.5026600522
808,10.0,0.0,20.0,20.0,72.5896282488,-3.51275031924,12.5588254111,41.7776368523,44.5425083475,28.4115527278
809,10.0,10.0,20.0,20.0,69.1406744159,1.01295145138,10.8971702115,38.4449027134,39.54005693,25.8850824065
662,10.0,40.0,100.0,0.0,64.2609445941,15.0710670565,41.2248285686,36.299974042,33.1236992135,9.45865492432
40,40.0,30.0,0.0,0.0,64.7037327209,1.65927352258,-9.21273329641,32.9395006738,33.6749453067,33.6778244937
1254,70.0,70.0,100.0,80.0,36.6508732563,1.46151965176,5.35082153434,9.19214101463,9.35067082009,6.429801511
1197,0.0,40.0,0.0,80.0,43.3704162779,9.05243993152,3.64124146467,14.3495484236,13.4071452466,9.92327109461
500,10.0,40.0,70.0,0.0,65.7949231521,14.3291078204,28.5960961161,38.0995650165,35.0594483618,14.6575507651
283,40.0,30.0,30.0,0.0,63.723720551,0.491894221235,2.68362422995,31.4385558359,32.4630041188,25.2469556339
1238,70.0,70.0,70.0,80.0,37.0156185135,2.90559486892,2.41406270442,9.56113795731,9.54635388926,7.26899721684
1213,0.0,40.0,40.0,80.0,42.6406219251,7.8837424452,8.57904976568,13.6599346069,12.9187869249,8.16964026145
494,0.0,85.0,70.0,0.0,56.1414926655,39.3956648341,20.4365340258,33.1747733983,24.0536730906,11.5833510623
1220,70.0,0.0,40.0,80.0,41.2892473982,-6.86482604155,2.38476217904,10.673884196,12.0460700229,9.23660329087
530,40.0,85.0,70.0,0.0,50.0710284682,22.6397521301,8.89024908616,22.4147188838,18.4781817174,11.9481599749
245,0.0,10.0,30.0,0.0,79.3863672537,5.33450744579,19.5134722047,55.730241411,55.6013018019,31.4076733023
656,0.0,85.0,100.0,0.0,55.4015995828,40.4404027216,28.8353634709,32.5693169898,23.3211442899,8.64074503965
1204,70.0,0.0,0.0,80.0,41.7333872404,-5.83773348131,-3.05421837304,11.0710578877,12.3284122331,11.1376042893
692,40.0,85.0,100.0,0.0,48.9055622035,21.0547171617,17.7948238063,21.0000649003,17.5174860589,8.59695371336
2,0.0,10.0,0.0,0.0,80.3376785621,5.68657441702,5.81562621209,57.5368266545,57.2815238883,42.4705682868
942,100.0,20.0,100.0,20.0,48.2448729775,-21.1578270725,10.5646658879,12.9061496072,16.9879688771,10.376546292
758,70.0,70.0,0.0,20.0,47.8638388977,7.50208675341,-12.6933278634,17.4434998912,16.6874929208,19.1007377615
930,40.0,20.0,100.0,20.0,58.7035639474,-4.12814735181,30.8092847428,24.7770000703,26.7085306957,9.70429096577
746,20.0,70.0,0.0,20.0,54.6058321418,22.339597995,-3.22729344131,26.8935559848,22.5500630206,20.1255414845
912,0.0,20.0,100.0,20.0,65.7604521023,8.40852793332,42.8913601593,36.2399367148,35.0151414526,9.72955842743
157,100.0,30.0,10.0,0.0,53.7918074667,-15.5712864856,-19.5270266715,17.9061471492,21.7790719564,28.2148951219
599,30.0,40.0,85.0,0.0,61.6032615683,6.07866550084,25.7650762058,30.4747638285,29.9409761842,13.0045754373
121,40.0,30.0,10.0,0.0,65.0008785382,0.745114922195,-4.68386455473,33.0432688299,34.0482833228,31.0158798313
635,85.0,40.0,85.0,0.0,51.5688483291,-13.6077168131,9.7058745854,16.5094928657,19.7635784699,12.561366529
85,0.0,30.0,10.0,0.0,73.8697445829,13.8374944396,7.69381537208,49.8202590831,46.5014563496,32.932181703
870,100.0,20.0,40.0,20.0,50.0876468952,-18.4244745433,-7.85327721514,14.5908057478,18.4921283245,18.635201892
830,70.0,70.0,20.0,20.0,47.8150973929,5.41101753774,-8.63616203056,17.0211050312,16.6493139021,17.2328109131
858,40.0,20.0,40.0,20.0,60.7640286911,-4.12870057308,8.48246656535,26.9122445043,28.980061954,19.6024406115
818,20.0,70.0,20.0,20.0,53.4953187505,21.7059258404,1.94512640428,25.576948678,21.5026846602,16.8918564843
840,0.0,20.0,40.0,20.0,68.4186883641,8.23396776065,20.2919762887,39.7471426078,38.5426732002,20.2688962437
883,10.0,40.0,70.0,20.0,60.0772619733,12.1990139709,25.3026733831,30.352187829,28.2091924741,12.2370425559
761,100.0,10.0,0.0,20.0,52.0393130315,-18.0564744431,-20.9916478038,16.0813780385,20.1792858537,27.2830662011
715,85.0,30.0,100.0,0.0,50.464143995,-16.6697559793,16.4761047195,15.1527629372,18.809977653,9.74215612285
24,20.0,55.0,0.0,0.0,61.7695691633,19.5198998712,-4.69621530579,34.4355511888,30.1338839456,27.5686460931
678,30.0,20.0,100.0,0.0,65.1686711064,-1.45341349109,39.5496418653,32.627051661,34.2603140454,10.4369283259
69,85.0,55.0,0.0,0.0,50.4780782989,-1.08469186587,-19.6144568694,17.9444553632,18.8218107506,24.945119412
553,85.0,30.0,70.0,0.0,53.2065686496,-15.8050692833,6.28807386321,17.392076602,21.2357685363,14.8950394583
267,20.0,55.0,30.0,0.0,61.7446735969,18.2715820451,5.38473949201,34.0422680979,30.1049538645,21.9648072903
516,30.0,20.0,70.0,0.0,67.1067800542,-1.90506608658,25.9287858298,34.8978108443,36.773536718,16.6711525515
312,85.0,55.0,30.0,0.0,50.7302486538,-3.74073916012,-10.42899631,17.6501683619,19.0368137862,20.3776681112
303,70.0,55.0,30.0,0.0,53.1430932431,1.40219036323,-7.45752884959,20.71086163,21.177390562,20.9622478268
508,20.0,30.0,70.0,0.0,66.1988775479,6.7874543939,25.7296267893,36.320956284,35.5814542175,16.0956901022
1218,40.0,70.0,40.0,80.0,38.4975947221,8.42617080542,2.86114857711,11.1143741724,10.3695052788,7.79789392755
544,70.0,30.0,70.0,0.0,56.6602133098,-10.4368574489,9.54699445323,21.4076333851,24.5762738579,15.9863116084
60,70.0,55.0,0.0,0.0,53.8392871273,3.27870701432,-16.4342194433,21.7394914162,21.8235513854,26.4315605029
670,20.0,30.0,100.0,0.0,64.7654522801,7.05793493736,40.5785806221,34.567154624,33.7522648784,9.90839806435
1202,40.0,70.0,0.0,80.0,39.0762480918,8.95049125567,-0.395453292711,11.5331495347,10.703333928,8.94216390423
706,70.0,30.0,100.0,0.0,54.7421938415,-11.253355662,22.9553283635,19.537927081,22.6809689541,10.0117146439
733,0.0,40.0,0.0,20.0,65.030629956,16.6088047621,2.45306254839,37.7843371156,34.0858146496,26.6687577816
925,20.0,40.0,100.0,20.0,58.4811430884,8.69021949962,30.6443450526,27.6550297353,26.4706759928,9.63950596143
751,40.0,40.0,0.0,20.0,58.6395309613,5.8802389215,-6.67491066269,27.1232203537,26.6399090117,25.5815127683
937,70.0,40.0,100.0,20.0,50.1813158776,-7.0461072789,16.5253676917,16.6133321203,18.5708689873,9.58310238944
763,100.0,40.0,0.0,20.0,48.7375738668,-9.54556209683,-18.7252429687,15.0992629706,17.3818217131,22.83860966
877,0.0,40.0,70.0,20.0,62.764761579,14.6938271976,26.3742330544,34.2795605672,31.3055919755,13.5142968498
781,20.0,40.0,10.0,20.0,60.7800843213,9.24644369373,0.653291826703,30.3727631404,28.9982497885,23.5741018973
895,40.0,40.0,70.0,20.0,55.9257644252,2.42728246649,15.1442331854,23.5315574273,23.8385310931,13.3073719677
793,70.0,40.0,10.0,20.0,53.0977964764,-3.80515464851,-10.4544617154,19.6099241425,21.135796862,22.4449866851
907,100.0,40.0,70.0,20.0,46.9090844078,-14.9003552574,0.255714389463,12.9819545927,15.950199725,13.0677203789
242,100.0,85.0,20.0,0.0,44.2690237244,0.151310329535,-15.9832960342,13.5480681197,14.0251818808,17.7756974442
110,30.0,10.0,10.0,0.0,72.0277672034,-4.96151264255,-0.133580425776,40.5084983087,43.7003676888,36.152664806
611,40.0,85.0,85.0,0.0,50.0167100406,20.1977616352,13.6908750552,21.8344489287,18.4326452308,10.354405956
722,100.0,10.0,100.0,0.0,51.4477823086,-27.5219093838,14.629588197,14.0657938533,19.6575349313,10.8359099404
575,0.0,85.0,85.0,0.0,55.9985645882,39.8734775084,26.3480931724,33.1355142215,23.9109893882,9.64422263175
845,10.0,10.0,40.0,20.0,68.4876853503,0.489603894871,19.0084340518,37.4082121677,38.6372554231,20.9573979575
812,10.0,70.0,20.0,20.0,54.5541990943,25.431669094,4.86974159487,27.6084986491,22.5006275623,16.4237921362
658,10.0,0.0,100.0,0.0,75.5774627286,-2.75750142827,57.5355494294,46.458851575,49.2030304763,10.4245472028
539,55.0,85.0,70.0,0.0,47.062067326,15.3981071838,6.19439666528,18.2781517104,16.0668464769,11.1176730923
686,40.0,10.0,100.0,0.0,64.6774024261,-8.77077857083,39.1964058738,30.0475827625,33.6419958277,10.2836887588
502,10.0,70.0,70.0,0.0,56.9147977126,28.2873377674,21.1104527621,31.014743268,24.8355085943,11.8051854301
253,10.0,0.0,30.0,0.0,79.4153421958,-4.57714351609,17.8385010794,51.8930904214,55.6519862122,32.5423717581
53,55.0,85.0,0.0,0.0,48.9768045087,20.1383620943,-11.0911182238,20.8727235765,17.575232562,19.2488953575
281,40.0,10.0,30.0,0.0,69.6826521014,-8.29098975837,5.51561141905,36.3021978231,40.2999710401,29.6645540964
16,10.0,70.0,0.0,0.0,59.6307979287,30.1501489555,-1.68980071251,34.8482234441,27.7154592555,23.7687550285
490,0.0,30.0,70.0,0.0,71.0164684566,14.7099974281,33.8041201296,45.6837917679,42.2114618804,16.1923374523
285,40.0,55.0,30.0,0.0,58.6306425618,12.0057382035,0.305037803646,28.6634192149,26.6303929568,21.8169611443
1237,70.0,40.0,70.0,80.0,39.0976688299,-1.52755562847,4.25079512442,10.1351131133,10.7158272897,7.70707885717
249,0.0,55.0,30.0,0.0,65.4112926287,27.238618997,11.7650812232,41.7148154237,34.5684561086,21.9348156957
652,0.0,30.0,100.0,0.0,69.9552146066,16.0059083548,49.0063610173,44.5407172574,40.6857868225,10.0659021705
42,40.0,55.0,0.0,0.0,59.4107013366,12.5837951714,-9.11925171119,29.6908745737,27.474194715,27.7813601254
1253,70.0,40.0,100.0,80.0,38.3558602512,-2.43512907248,7.66515532564,9.61530209804,10.2888101231,6.57203069463
6,0.0,55.0,0.0,0.0,67.0534365709,27.0509750133,1.57160012624,44.0369772963,36.7027710223,29.2974221746
639,85.0,100.0,85.0,0.0,41.8447555958,6.28906390086,0.859797984073,12.8849940986,12.3998948857,9.96887352835
109,30.0,0.0,10.0,0.0,75.9549962292,-9.67238186357,2.26306543102,44.6039579692,49.8140698134,39.3667437308
619,55.0,70.0,85.0,0.0,50.7595298596,9.52240101583,12.5465278767,20.2671592462,19.0618848224,11.1250927089
145,85.0,0.0,10.0,0.0,62.9712089056,-22.6523498517,-15.1160349882,24.7468045138,31.5523994406,35.7030891665
583,10.0,70.0,85.0,0.0,57.6813831092,27.1267073577,24.349099556,31.6006052873,25.6270927779,11.1679937887
798,100.0,20.0,10.0,20.0,51.4277530163,-16.0429356168,-16.3230484158,15.9725041184,19.6400276277,24.0342955627
902,70.0,70.0,70.0,20.0,46.7989758551,2.63156455987,3.16953939322,15.75067658,15.8665942514,11.9752243851
786,40.0,20.0,10.0,20.0,61.9634023123,-2.75128493019,-2.59081233047,28.5626036712,30.3597633906,26.5265216103
890,20.0,70.0,70.0,20.0,52.7189420428,19.0554538162,14.0161196844,24.1711708263,20.7900448631,11.7578831421
768,0.0,20.0,10.0,20.0,69.7670649019,8.13510125255,8.23749955811,41.6061509656,40.419196549,28.0813654732
872,100.0,70.0,40.0,20.0,43.4560562102,-4.31936205009,-9.59555435388,12.3389487371,13.4652471147,14.5313361148
828,70.0,20.0,20.0,20.0,55.9866828549,-10.8852888221,-6.47762976461,20.704507063,23.899153439,22.9707264513
860,40.0,70.0,40.0,20.0,50.747518531,14.3407167816,2.21675125041,21.2577590444,19.0515978699,14.8285582167
816,20.0,20.0,20.0,20.0,65.1881529777,1.97448382373,6.27596987397,33.6236387905,34.2849891535,24.6517847246
842,0.0,70.0,40.0,20.0,56.0992401333,28.6606996746,12.225586047,30.1691791354,24.0114338706,14.5225699899
868,100.0,0.0,40.0,20.0,52.7999159917,-24.7037757645,-6.49050422896,15.4980354626,20.8636244219,20.1978907844
831,70.0,100.0,20.0,20.0,42.0116505782,13.4341518611,-8.29393567707,14.1112270346,12.5075342146,13.1060880502
856,40.0,0.0,40.0,20.0,64.4080781286,-11.5597545729,11.2920456904,29.0094043616,33.3061994322,21.2980514662
819,20.0,100.0,20.0,20.0,47.3401439876,31.9320992606,1.42564909283,21.876908691,16.2803287806,12.9137281891
838,0.0,0.0,40.0,20.0,73.830402467,-0.0589263154545,25.0073206133,44.7618464254,46.4404125046,22.5929253228
801,100.0,100.0,10.0,20.0,40.3154532168,4.59649828073,-15.3058673045,11.6723870731,11.4421802002,14.6465409023
898,70.0,0.0,70.0,20.0,57.5608590905,-19.4105442651,14.7026349679,20.3456203687,25.50154014,14.5392845222
789,40.0,100.0,10.0,20.0,45.7104293233,25.4275064762,-3.82773991942,19.0924455205,15.0557271589,13.8121002453
886,20.0,0.0,70.0,20.0,67.9359044768,-6.46049458517,30.5547678504,34.6101825809,37.885180113,15.3457194062
771,0.0,100.0,10.0,20.0,49.6685568064,40.6357037478,3.788726867,26.1629891877,18.1425549905,13.5164617261
299,70.0,10.0,30.0,0.0,63.0467834678,-16.429446556,-3.72083262518,26.3086557204,31.6430720362,28.3061765015
1235,40.0,100.0,70.0,80.0,36.7582408054,12.148252807,4.06689807902,10.6050569867,9.40799222312,6.76724925068
263,20.0,10.0,30.0,0.0,73.9583095499,-1.77619731959,11.7465127272,44.3586373321,46.6390708462,30.3842597409
548,70.0,85.0,70.0,0.0,45.9956942353,10.6953593998,2.42251273206,16.5596470013,15.2654852963,11.7584910725
56,70.0,10.0,0.0,0.0,64.0367329633,-14.2076763789,-16.9087252454,27.9197168116,32.8468774844,38.3353370903
1251,40.0,100.0,100.0,80.0,36.3145858126,10.6576991298,6.1835931798,10.1595132956,9.17264120511,6.11608514099
20,20.0,10.0,0.0,0.0,75.3045543409,-0.913668006053,-1.68233977836,46.6966051095,48.7644528145,41.5395891007
710,70.0,85.0,100.0,0.0,44.9632288521,8.54989574986,10.5199782554,15.4083920229,14.5154303082,8.72853654799
735,0.0,100.0,0.0,20.0,50.812310792,39.346116329,2.60669997886,27.0556823917,19.1071322817,14.7191611998
922,20.0,0.0,100.0,20.0,67.0489107799,-5.59930451794,42.8891906162,33.7518434468,36.6967712698,10.4064705997
753,40.0,100.0,0.0,20.0,46.6969982967,25.4715884719,-6.35646121179,19.9494200432,15.7894237025,15.4639453197
934,70.0,0.0,100.0,20.0,56.6964690468,-19.3697472598,24.5495141026,19.5993071923,24.6130811652,10.5599375103
765,100.0,100.0,0.0,20.0,41.6856381877,5.01005747607,-16.0713131974,12.5901453524,12.2978484657,15.9036043223
874,0.0,0.0,70.0,20.0,72.4486714937,0.00841581745192,36.6927207338,42.7502791231,44.3302290015,16.0177248329
783,20.0,100.0,10.0,20.0,48.7305642131,30.4757668491,-1.10862812058,22.8679208424,17.3761761188,14.768677902
892,40.0,0.0,70.0,20.0,64.1850632318,-11.4813286076,22.8379682167,28.7806759415,33.029839272,15.8552653043
795,70.0,100.0,10.0,20.0,43.7021803035,13.8728473274,-9.7737211625,15.3892159048,13.6331623789,14.7668955647
904,100.0,0.0,70.0,20.0,51.7663878001,-25.3164595193,4.70605360219,14.6473886331,19.9374238927,14.5416628881
807,0.0,100.0,20.0,20.0,50.5706314567,39.3256764956,5.67477489033,26.7931553576,18.9005334434,13.394276471
850,20.0,0.0,40.0,20.0,69.6338465638,-6.35227143333,16.6065501399,36.8260623124,40.2311446823,23.2065680535
825,40.0,100.0,20.0,20.0,45.7787083016,24.811613873,-2.88874574685,19.0293089403,15.1057573163,13.5056586148
862,70.0,0.0,40.0,20.0,58.8850147869,-18.5761911048,1.77982119942,21.7167664308,26.9036244483,21.2928846041
837,100.0,100.0,20.0,20.0,39.3182824665,4.31607932441,-12.8403059679,11.0360900254,10.8450633958,13.0707750441
804,0.0,20.0,20.0,20.0,69.3079812684,8.42769700533,12.6227547803,41.0515689822,39.773611476,25.0725246924
854,20.0,70.0,40.0,20.0,52.4922295514,21.5333935057,7.55474481679,24.51800479,20.5849559961,13.9290686175
822,40.0,20.0,20.0,20.0,61.1909351108,-3.11238249796,1.17190463357,27.624227344,29.4662547129,23.6761237077
866,70.0,70.0,40.0,20.0,45.4300311357,4.7859258087,-3.61210273006,15.1118455332,14.8514288391,13.5509612499
834,100.0,20.0,20.0,20.0,50.0691873703,-17.0891378385,-14.0223602612,14.7980883497,18.4766370528,21.5965619919
878,0.0,70.0,70.0,20.0,54.7394640583,28.3722992734,21.210408963,28.5589838098,22.6783434316,10.548927218
780,20.0,20.0,10.0,20.0,65.4744517981,2.36421412037,2.25936679311,34.0912086016,34.6489735343,27.2316207318
896,40.0,70.0,70.0,20.0,49.5148740968,14.1598629401,10.3978591753,20.1187434487,18.0154769606,11.1259748186
792,70.0,20.0,10.0,20.0,56.7846549447,-9.62800890451,-9.61341927424,21.694266815,24.7027620296,25.4346407919
908,100.0,70.0,70.0,20.0,43.0253489762,-5.20233257314,-2.66672841054,11.9408333177,13.1747299698,11.7476740947
1231,0.0,100.0,70.0,80.0,38.1593202688,18.7830783104,8.04056240984,12.3789066223,10.1776063103,6.40973286936
289,55.0,0.0,30.0,0.0,68.4816921018,-17.3420206237,2.10992190961,32.1772933412,38.6290336481,30.5078768631
538,55.0,70.0,70.0,0.0,51.2392814902,10.9618388701,7.25436927599,20.9929988674,19.4757963317,13.2377166605
1212,0.0,0.0,40.0,80.0,47.2830528947,0.523685301033,11.8703202326,15.7469874782,16.2363460458,9.48270681624
1247,0.0,100.0,100.0,80.0,37.9707286277,17.65809922,10.060213385,12.0957712629,10.0716558191,5.89575944946
46,55.0,0.0,0.0,0.0,70.53217254,-15.4043554395,-11.184618696,35.2709175943,41.5105851125,42.5454931494
700,55.0,70.0,100.0,0.0,49.9730786452,9.16073526692,16.7212601605,19.5095111501,18.3961221771,9.42053815567
1196,0.0,0.0,0.0,80.0,46.8204848919,1.15803847301,5.15205589574,15.5131601761,15.8829030554,11.3224906677
495,0.0,100.0,70.0,0.0,53.6284199985,44.1955412028,17.8616391869,31.4904990679,21.6264708045,11.0055200929
241,100.0,70.0,20.0,0.0,47.1514415382,-3.81363316602,-15.6313312728,14.9143164615,16.1352551673,19.9096874847
491,0.0,40.0,70.0,0.0,68.7503221018,18.7086720926,29.9903442309,43.6851532211,38.9986977,16.153342691
237,100.0,20.0,20.0,0.0,54.9045362585,-19.538683342,-16.3152453124,18.0626872369,22.8374755337,27.4393898217
487,0.0,0.0,70.0,0.0,80.3017733566,0.143464630076,43.188768651,55.2318168977,57.2175010114,19.1219191442
162,100.0,100.0,10.0,0.0,42.2549596123,5.40941054211,-16.8766148866,13.0198161475,12.6655702717,16.6530194457
622,70.0,0.0,85.0,0.0,62.2661918016,-23.1473636223,21.728448188,23.930259468,30.7148671286,14.9661788922
126,40.0,100.0,10.0,0.0,48.7140401289,28.3420157244,-5.46006940087,22.3826192534,17.3628724139,16.5339812495
586,20.0,0.0,85.0,0.0,74.3468530164,-7.07703069773,42.6284706056,43.1201523504,47.2460082492,14.9379217881
90,0.0,100.0,10.0,0.0,54.7056095704,45.4934342061,3.77881668441,33.1488212368,22.6457988117,17.0008655296
1175,0.0,100.0,100.0,60.0,43.5984321488,24.0642138595,14.3686119399,17.1082623197,13.5622122592,7.12178251786
1094,100.0,70.0,0.0,60.0,40.0259728779,-0.609699772524,-11.3652073715,10.7822869623,11.2666357134,12.9786139634
1173,0.0,40.0,100.0,60.0,50.9369193969,10.4128804527,25.516887249,20.6075573021,19.2142393266,7.49162920999
1092,100.0,20.0,0.0,60.0,44.0696974145,-9.67079054332,-12.401569243,11.9455836816,13.8864861468,16.0862991522
1171,0.0,0.0,100.0,60.0,57.1323339576,0.289842831066,34.2720713576,24.230477621,25.0584574812,7.9837103686
871,100.0,40.0,40.0,20.0,47.2783381553,-12.2560564637,-8.42151580271,13.6364205965,16.2327173759,16.7408551788
829,70.0,40.0,20.0,20.0,52.0864861,-4.25179152495,-7.79318946798,18.6640195463,20.2212871142,20.233089101
859,40.0,40.0,40.0,20.0,55.9070384813,3.83880654528,5.88829074853,23.8335196091,23.8199167847,16.98444458
817,20.0,40.0,20.0,20.0,59.7753912598,9.77046488094,4.06980250772,29.3645767975,27.8747252098,20.9164405101
841,0.0,40.0,40.0,20.0,62.7073949151,16.8649329531,16.4144744953,34.8411723473,31.2372394667,17.5068711559
161,100.0,85.0,10.0,0.0,42.5721657735,2.21103149818,-18.0507436686,12.7429720227,12.8735961471,17.3967262398
595,30.0,0.0,85.0,0.0,71.2713943236,-10.9948234078,40.1258263671,37.5667174104,42.5835414286,13.8561538691
125,40.0,85.0,10.0,0.0,51.2157660539,24.7401813378,-5.65816156666,23.9888900818,19.4553698033,18.5206483627
631,85.0,0.0,85.0,0.0,58.6610838965,-27.213618702,18.0150573558,19.7244370591,26.6629933226,13.9955750492
89,0.0,85.0,10.0,0.0,57.5699286572,41.4721520759,4.07981603827,35.5690785662,25.510973816,19.0827756416
311,85.0,40.0,30.0,0.0,53.4240913666,-8.8406186351,-10.1953864658,18.8927519359,21.4366365815,22.6030577351
1233,40.0,40.0,70.0,80.0,40.5644247702,2.5074560135,7.93174409368,11.5291499143,11.5946103202,7.41725303809
275,30.0,40.0,30.0,0.0,63.2872941079,8.50130458191,3.75082693186,33.1482221449,31.9327868595,24.2380573843
552,85.0,20.0,70.0,0.0,56.3491710058,-18.2789203823,8.16806014738,19.518186426,24.262006236,16.338061804
68,85.0,40.0,0.0,0.0,54.4084404124,-6.27146726649,-19.8172304893,20.2537032354,22.3614625926,29.0419296337
1249,40.0,40.0,100.0,80.0,40.3531764292,1.56360888278,11.2403123987,11.2707160921,11.4651894259,6.54194565659
32,30.0,40.0,0.0,0.0,64.7604594249,9.43320746645,-6.2573409188,35.2589312113,33.7460056519,31.7690066723
714,85.0,20.0,100.0,0.0,54.3579542072,-19.7545770644,20.355461866,17.5799116987,22.3133943751,10.6109798489
181,20.0,0.0,20.0,0.0,77.4697939594,-6.98096521359,10.3031580935,47.8714644189,52.3166453515,35.4053828964
543,70.0,20.0,70.0,0.0,58.8361410644,-14.7161606595,11.7373783001,22.5077521567,26.8509828494,16.6420565212
185,20.0,40.0,20.0,0.0,66.4527084729,11.0850542098,4.0078186166,37.972361658,35.9121007777,27.1951071636
547,70.0,70.0,70.0,0.0,49.994271645,3.3788295776,3.93630029439,18.3966861397,18.4138564231,13.6704482314
189,20.0,100.0,20.0,0.0,51.8288890973,35.6724014985,1.04643762445,27.2316449031,19.9926399614,16.057149974
574,0.0,70.0,85.0,0.0,59.6975497541,32.7105076013,28.6812412423,35.6909680704,27.7889091288,10.8910304357
102,20.0,20.0,10.0,0.0,71.627573455,2.51540311929,2.13370842635,42.4039837237,43.1070585135,34.0820574631
610,40.0,70.0,85.0,0.0,53.6464948122,14.2764526799,15.7759661658,23.9919913161,21.6433171977,11.7037322655
138,70.0,20.0,10.0,0.0,61.7916510564,-11.5616591657,-12.3420620636,26.1768988894,30.1595598816,32.4060362333
646,100.0,70.0,85.0,0.0,45.9691476718,-8.42958817927,0.703088693407,13.3531200773,15.2458836443,12.3327400918
1076,20.0,0.0,0.0,60.0,57.6235195239,-2.78894040203,1.68399037193,24.0096086796,25.5667636482,20.2667728701
1187,70.0,20.0,100.0,60.0,45.7582996058,-8.75329974319,13.5341675551,13.1631553205,15.0907916276,8.28144955056
1078,20.0,40.0,0.0,60.0,51.3749268338,8.02309119383,-0.238783479778,20.5039485658,19.5939029231,16.2669222692
1189,70.0,70.0,100.0,60.0,40.413152225,1.49915594161,7.79144646742,11.2975784453,11.5018350599,7.38736110306
1080,20.0,100.0,0.0,60.0,42.1926047042,22.8881170379,-0.171851595466,15.8201921811,12.6249428933,10.4705172903
806,0.0,70.0,20.0,20.0,56.1010060129,29.9078788268,6.74720704753,30.5049987728,24.0131982029,16.7591408856
852,20.0,20.0,40.0,20.0,63.8479319453,1.67050536611,13.6130320346,31.9106585037,32.6149749733,19.6911197541
824,40.0,70.0,20.0,20.0,49.9931252706,15.7459432827,-2.45926361382,20.8702778816,18.4128968486,16.1991261928
864,70.0,20.0,40.0,20.0,54.9474116675,-11.3964516204,-0.103291767513,19.6862902919,22.8789295097,18.9253719225
836,100.0,70.0,20.0,20.0,42.9462942063,-2.5136297394,-13.708416247,12.2815172835,13.1218646703,15.825534581
876,0.0,20.0,70.0,20.0,66.5144809309,8.86980426263,33.0342804305,37.3697592323,35.9928758489,13.4421725664
782,20.0,70.0,10.0,20.0,53.1925546077,22.8013606966,-0.301192976438,25.5269229782,21.2228706844,17.6440552807
894,40.0,20.0,70.0,20.0,59.5001866571,-4.07146276004,19.4958875423,25.6021942434,27.5721167191,13.9826462424
794,70.0,70.0,10.0,20.0,47.2508422388,7.61970057505,-10.1456067869,16.9804560281,16.2115660843,17.4676502422
906,100.0,20.0,70.0,20.0,49.7072067926,-19.0300388653,3.41746549973,14.2250134263,18.1746078779,13.6793715164
498,10.0,20.0,70.0,0.0,71.380617918,5.74850642462,33.0459180671,43.133700875,42.7436265628,16.7785843078
293,55.0,40.0,30.0,0.0,59.3883919243,0.552340399454,-2.16218515349,26.6049479637,27.4498181286,23.7981576933
534,55.0,20.0,70.0,0.0,61.8688549754,-9.19082114538,17.0214636992,26.8382008526,30.2494441222,16.6185419467
1214,0.0,70.0,40.0,80.0,40.874104413,14.6842500145,6.80296022567,13.5323855717,11.7860897854,7.83792368989
660,10.0,20.0,100.0,0.0,69.8036791296,6.63570030751,46.6740530012,41.1645124996,40.4709838943,10.7096572131
50,55.0,40.0,0.0,0.0,59.9095339335,2.03016911944,-12.8135105006,27.5286116191,28.0230245472,30.5996844678
696,55.0,20.0,100.0,0.0,60.5665877636,-9.45813401136,31.0450101268,25.4138171591,28.7570220951,10.6157080823
1198,0.0,70.0,0.0,80.0,40.2541206828,14.9027845014,3.08476065334,13.1526011483,11.4048362469,8.54056489811
531,40.0,100.0,70.0,0.0,49.9165125782,23.716489152,7.44543540613,22.5046761793,18.3488436052,12.3548723171
205,40.0,70.0,20.0,0.0,55.7966081596,17.5776955792,-2.54224213014,26.9852267288,23.7103418309,20.7937744766
527,40.0,40.0,70.0,0.0,60.9203871751,4.06105237508,17.7912652848,29.1623247782,29.1575089118,15.6165882591
201,40.0,20.0,20.0,0.0,68.1943173584,-2.94735040063,1.25934773824,35.9799043042,38.2361690021,30.7348428231
523,40.0,0.0,70.0,0.0,70.7893877705,-12.7797281015,26.870573654,36.3872323938,41.8818547855,19.0834346919
158,100.0,40.0,10.0,0.0,52.6560817654,-11.7012753616,-18.6217556167,17.7137480445,20.7330442954,26.5171358897
626,70.0,40.0,85.0,0.0,54.8513468972,-7.75786698566,13.2422495064,20.3402372307,22.7861191688,13.3255469141
122,40.0,40.0,10.0,0.0,63.1350046613,5.50554066398,-5.11077441033,32.1220714738,31.7491373133,29.2518051445
590,20.0,40.0,85.0,0.0,63.9292684124,9.92748637851,29.1418960777,34.3530946187,32.714745497,13.2347061176
86,0.0,40.0,10.0,0.0,70.8600199163,18.7863056061,6.25100743375,46.8904298881,41.9841926458,30.4820491515
1185,40.0,100.0,100.0,60.0,40.5440804375,14.3199776903,8.68105531099,13.2551252866,11.5821042381,7.22413954817
1084,40.0,70.0,0.0,60.0,45.1031818175,12.0450447113,-3.43930156898,16.1172353315,14.6156289743,13.2794883625
1183,40.0,40.0,100.0,60.0,47.1841538669,1.74287507801,17.2427409498,15.8844437607,16.1603422539,7.9517452389
1082,40.0,20.0,0.0,60.0,52.2957417328,-0.644129491869,-2.54309507445,19.5507384096,20.4083037993,17.9537416396
1181,40.0,0.0,100.0,60.0,51.7638789528,-7.94645597105,24.4639017101,17.6967615998,19.9352096047,8.12862531624
472,85.0,30.0,55.0,0.0,53.15307994,-14.7187326668,-0.61384924334,17.5506146969,21.1865681697,17.7525306964
113,30.0,40.0,10.0,0.0,63.7352963203,8.36768387918,-2.60968450758,33.6611685183,32.4771469163,28.3522627907
615,55.0,20.0,85.0,0.0,60.1845428025,-10.4231666034,25.6692109702,24.7977031611,28.3286989488,12.1741866934
149,85.0,40.0,10.0,0.0,53.514612084,-7.9017890178,-16.8074490869,19.1533257697,21.5205983984,26.3236101725
579,10.0,20.0,85.0,0.0,70.2280738097,6.53763607095,42.4402289687,41.735007601,41.0744812025,12.3636479985
796,100.0,0.0,10.0,20.0,53.7593273264,-21.5754598893,-16.6350558525,16.7738380514,21.7486790701,26.4680674317
903,70.0,100.0,70.0,20.0,41.4723109085,13.2016275896,1.45757210696,13.7043296587,12.1619163644,9.59851046029
784,40.0,0.0,10.0,20.0,67.3099567042,-9.80819184279,-0.598323982088,32.8734600776,37.0439047317,30.948646581
891,20.0,100.0,70.0,20.0,46.5071843937,31.0315315201,10.4968283069,20.9245476324,15.6464509354,9.49318071518
766,0.0,0.0,10.0,20.0,75.0803466765,0.128962344601,10.9691781469,46.7238041386,48.4060959461,32.1414570462
307,85.0,0.0,30.0,0.0,62.5161575506,-23.9214217366,-6.73859263919,23.9996435418,31.0100985001,29.6008824645
520,30.0,70.0,70.0,0.0,54.3048183337,21.9380413277,13.9357660589,26.4761162319,22.2628778479,12.7341069023
271,30.0,0.0,30.0,0.0,75.3941527502,-9.41312207538,10.7071838455,43.861287368,48.9081534132,32.6744975565
556,85.0,70.0,70.0,0.0,46.4719907438,1.10368268086,0.766609960188,15.2483029441,15.6200373762,12.6149307211
64,85.0,0.0,0.0,0.0,63.9635414289,-21.274254026,-19.5741512342,26.0918501876,32.7568469905,40.2516340252
682,30.0,70.0,100.0,0.0,53.5559707608,21.0425712604,23.3608515898,25.4810703575,21.5590331867,9.28655115881
28,30.0,0.0,0.0,0.0,76.4367973475,-8.76107814205,-3.26835399993,45.645972717,50.6011867643,44.3729480072
718,85.0,70.0,100.0,0.0,45.6222865565,-1.31586318861,9.41419947538,14.242265608,14.9913056877,9.3640541705
217,70.0,0.0,20.0,0.0,65.9282134217,-20.1426427141,-6.68350395289,28.4851211879,35.2311229247,33.3939236089
507,20.0,20.0,70.0,0.0,69.8620762507,2.12865276171,28.3669029384,39.784385417,40.5536725797,17.6761435639
221,70.0,40.0,20.0,0.0,57.6305768891,-4.25199214957,-8.49156422509,23.6830459965,25.5741166497,25.6252368194
511,20.0,70.0,70.0,0.0,57.5992550605,21.9803330191,16.1821716379,30.1119444138,25.5414934884,13.9963890587
225,70.0,100.0,20.0,0.0,47.6244869462,14.4691064965,-9.59849966847,18.5651024799,16.5005686845,17.5103762404
570,0.0,20.0,85.0,0.0,74.2060462419,9.72254258222,42.3805185953,48.8339144122,47.0254517464,14.9399742763
106,20.0,70.0,10.0,0.0,58.923289112,23.5878005371,-1.8256633426,32.1021446693,26.9448975038,23.1883680884
606,40.0,20.0,85.0,0.0,64.4951768179,-5.37460960327,27.9761965385,30.7472004967,33.4145493576,14.0326379836
142,70.0,70.0,10.0,0.0,51.0761667603,6.92782257318,-13.0079988492,20.0166787228,19.3344017974,21.9641727389
642,100.0,20.0,85.0,0.0,52.3259609008,-23.7764584658,8.47934020895,15.3080175305,20.4354062893,13.4761565557
1086,70.0,0.0,0.0,60.0,50.3269295844,-9.90019973075,-6.6048210561,16.2176697074,18.6937190932,18.2541472711
1177,20.0,20.0,100.0,60.0,51.2828357526,1.00813438487,24.9101167799,19.0138610563,19.5136672087,7.79649471175
1088,70.0,40.0,0.0,60.0,46.2382990452,-1.28587986603,-7.73095479722,14.6807866504,15.445400616,15.7017170333
1179,20.0,70.0,100.0,60.0,44.8547978391,13.2246316939,15.8503061832,16.1363725749,14.4381152573,7.28851597813
1090,70.0,100.0,0.0,60.0,39.609456942,10.6974447189,-7.54832005447,12.1106857039,11.0172192993,11.4108225661
1441,3.0,40.0,3.0,0.0,70.8231560276,18.8191290453,2.51681539664,46.8453386294,41.9307603356,32.8813926319
1442,40.0,40.0,3.0,0.0,62.1527797287,5.5988866707,-9.06371986138,30.9846208119,30.5815378551,30.6750515551
1445,3.0,3.0,40.0,0.0,81.1104140739,0.21600711128,27.6398330903,56.663819692,58.6709945486,28.1750819866
1452,40.0,40.0,0.0,3.0,62.3183054234,6.25136487096,-8.83369142952,31.3568567617,30.7762625652,30.7104909681
1475,0.0,3.0,3.0,40.0,68.55028547,1.15931524219,6.36275472994,37.6981018651,38.7232024822,27.9469516728
1460,40.0,0.0,40.0,3.0,71.5051263262,-13.1749363521,12.5129767878,37.2059763399,42.9266028745,27.3168863911
1439,40.0,3.0,3.0,0.0,73.487212954,-10.9570678408,-6.20120628926,40.6043612488,45.9101782947,42.6342798092
1470,40.0,3.0,0.0,40.0,60.9317270124,-6.98893461172,-3.19084568834,26.3875630546,29.1704062787,25.84776236
1458,0.0,0.0,40.0,3.0,81.6238754099,-0.182557374669,26.8541330757,57.4035849973,59.6065745056,29.1975649673
1459,3.0,0.0,40.0,3.0,81.5196330396,-0.825693336603,26.2338815985,56.9574602219,59.41583536,29.4711837481
17,10.0,85.0,0.0,0.0,56.0318645818,37.0231443287,-1.00765811377,32.3731214575,23.9441818881,20.2412581952
695,55.0,10.0,100.0,0.0,63.1495131585,-13.5637410663,33.0450742392,27.1221271139,31.7666030376,11.4084759019
1207,70.0,100.0,0.0,80.0,35.7594125082,9.29667159517,-3.08301066696,9.68266826942,8.8837033336,8.11622482217
659,10.0,10.0,100.0,0.0,73.2145930671,2.33014452294,51.7956661414,44.6698932126,45.491863669,10.9523712249
260,10.0,85.0,30.0,0.0,55.179283775,35.856380395,6.03432056137,31.0387534293,23.1039839093,16.387175891
533,55.0,10.0,70.0,0.0,64.7632946004,-13.4667575642,19.2077924534,28.9118688843,33.749559837,17.8397608967
1223,70.0,100.0,40.0,80.0,35.5262878883,8.14821255997,-0.578107798949,9.41600676115,8.76420645202,7.37348047749
497,10.0,10.0,70.0,0.0,74.1605295917,1.16101767884,36.8153949854,45.6848493883,46.9543025959,17.2204414847
567,100.0,100.0,70.0,0.0,44.1907723808,0.351316328332,-4.22672670766,13.5266129986,13.970623257,12.9938420641
169,0.0,70.0,20.0,0.0,62.5374656234,32.1173974719,7.49295215304,39.2790006105,31.0353523381,21.587305341
563,100.0,40.0,70.0,0.0,50.3463857505,-16.6348550394,1.31656568751,15.0732654732,18.7101746176,14.9109207386
165,0.0,20.0,20.0,0.0,76.9929292767,8.80754357768,13.5049010975,53.0279122155,51.5199955596,32.6470035009
559,100.0,0.0,70.0,0.0,56.6264543981,-28.8147203611,4.93966918809,17.713791073,24.5420343696,17.9465704835
154,100.0,0.0,10.0,0.0,59.7501027297,-24.7935282067,-19.1428425471,21.1881590357,27.8468266166,34.632894124
630,70.0,100.0,85.0,0.0,46.1736029852,10.9750560414,3.73050074476,16.747426223,15.3972846702,11.423627249
118,40.0,0.0,10.0,0.0,73.6169212909,-11.665515332,-1.15739559478,40.5558327156,46.110103009,38.907039128
594,20.0,100.0,85.0,0.0,52.1017970189,31.5348523324,15.1471191886,26.5008168193,20.2349319415,11.0321685582
82,0.0,0.0,10.0,0.0,83.4501449547,-0.0521611827807,12.3800558425,60.7426821701,63.0147610455,41.525277668
1195,100.0,100.0,100.0,60.0,37.4808568713,-0.039060225156,1.74737987705,9.44518652936,9.79988779197,7.63489537081
1074,0.0,70.0,0.0,60.0,49.4205903029,19.9002445258,2.21749073644,21.2239968714,17.9378095177,13.9446968769
1193,100.0,40.0,100.0,60.0,41.6855354889,-10.674698515,5.79957390576,10.395994058,12.2977827835,8.47338777617
1072,0.0,20.0,0.0,60.0,57.9458963318,6.35134059843,4.26885842966,26.502424013,25.9040855138,19.2977035581
1191,100.0,0.0,100.0,60.0,43.8842784163,-17.5828775468,9.65390408081,10.736352844,13.7582911234,8.45619337246
1456,3.0,40.0,3.0,3.0,70.795987684,17.9321360816,2.39619438634,46.4872435232,41.8914102501,32.9308667899
1457,40.0,40.0,3.0,3.0,62.7660383758,4.97214111791,-8.59654155502,31.5352117042,31.307114415,31.0542544808
1462,3.0,3.0,40.0,3.0,80.4910516976,-0.0370513850463,27.2706612036,55.4857293425,57.5555425662,27.7547241783
1466,40.0,40.0,40.0,3.0,60.9286974348,3.63030891212,6.38797363341,29.0594984204,29.1669602156,20.7534148186
1476,3.0,3.0,3.0,40.0,68.3085545134,0.670274226099,5.86206677864,37.2264894033,38.3920199168,27.9974442949
1463,40.0,3.0,40.0,3.0,70.6261165244,-12.5472339716,11.8447721932,36.2450379957,41.6459303212,26.8180727411
1454,40.0,3.0,3.0,3.0,72.7520669828,-10.6892093879,-6.1440109677,39.6687416157,44.7879785182,41.5872533536
1477,40.0,3.0,3.0,40.0,61.0969102673,-7.00683731884,-2.8340502114,26.5571923296,29.358708927,25.8066828132
1383,60.0,45.0,45.0,40.0,50.0986842949,0.268055805255,2.41698846111,17.8912192582,18.5013950685,14.3147598675
1421,0.0,0.0,3.0,3.0,83.2876803229,0.395176824339,7.76997887639,60.6352058417,62.7064370754,45.0090839415
1258,100.0,70.0,100.0,80.0,35.9309160507,-2.199649414,2.67316583019,8.39938726236,8.97230406113,6.75961469416
51,55.0,55.0,0.0,0.0,56.8700327401,8.50575850999,-12.1628705755,25.8997893998,24.7897944807,26.9882539587
681,30.0,55.0,100.0,0.0,57.6636618113,13.4406329341,28.3285447683,27.9648583235,25.6086063119,9.91007599041
15,10.0,55.0,0.0,0.0,64.5376588009,22.8231436133,-1.47600631592,39.0655086316,33.4674816822,28.5041500183
1242,100.0,70.0,70.0,80.0,36.2835556075,-1.15498621081,-0.0541394679698,8.69434880098,9.15632872894,7.56854935901
294,55.0,55.0,30.0,0.0,56.1502265363,6.7365132424,-3.19366093111,24.7440188035,24.0624103831,21.4227438439
519,30.0,55.0,70.0,0.0,58.6613794133,13.0984981633,17.9933206848,28.9803203233,26.663309929,14.0040135285
258,10.0,55.0,30.0,0.0,63.4909760457,21.6299280306,8.71689320995,37.2861017151,32.1795169876,21.8006647027
244,0.0,0.0,30.0,0.0,82.4950471576,0.0739833339081,21.8013218279,59.0617695951,61.2166006642,33.4472331383
432,20.0,100.0,55.0,0.0,52.7929566299,32.1623026669,7.44528661281,27.3926834666,20.8572937677,14.1678137182
280,40.0,0.0,30.0,0.0,73.0339362785,-12.1423921059,7.83944743492,39.5925507246,45.2160640633,31.8790657316
468,70.0,100.0,55.0,0.0,46.4945406756,12.8888967355,-2.70425986259,17.3483056949,15.6369581401,13.8981530764
316,100.0,0.0,30.0,0.0,58.6507942387,-26.5841423183,-12.5810242431,19.8421980839,26.6519709029,29.0902030386
1141,100.0,0.0,40.0,60.0,46.4051317938,-14.9986738513,-3.13629512407,12.6399321373,15.5699402683,14.0033133202
1122,0.0,20.0,40.0,60.0,56.1271042894,4.99758765434,13.1526511625,24.3169436816,24.0392836903,14.1835593913
1143,100.0,40.0,40.0,60.0,43.5245702914,-7.94216999251,-4.77487594891,11.856510371,13.5118507382,12.778317151
1124,0.0,70.0,40.0,60.0,49.0116529779,17.511378516,8.49883298072,20.3603665938,17.6035256657,11.4650337535
1145,100.0,100.0,40.0,60.0,39.3564381921,1.81360875396,-6.53415160975,10.7202835365,10.8675199904,10.9374630919
406,0.0,0.0,55.0,0.0,81.6134993652,-0.050349071308,33.309100267,57.4394110938,59.5875705044,25.3702161673
270,20.0,100.0,30.0,0.0,51.9444558493,35.6458815152,2.83734150016,27.3492646307,20.0950044553,15.4046558994
442,40.0,0.0,55.0,0.0,71.3125221326,-13.9100075531,19.3549937604,36.7280643968,42.6437739914,23.2841300331
306,70.0,100.0,30.0,0.0,45.04633031,15.0657004768,-7.98776182948,16.6094360007,14.5748709817,14.9768073336
478,100.0,0.0,55.0,0.0,55.6693109999,-29.4518592083,-1.98141453367,16.8381561029,23.5844482422,20.4108358539
1316,0.0,50.0,0.0,0.0,68.4552243111,23.9764770443,1.63293331887,45.0630889663,38.5927380367,30.7837276741
1317,0.0,40.0,0.0,0.0,71.6607432619,19.4981547966,2.73694269015,48.395764308,43.1560291991,33.7085951731
1336,0.0,0.0,50.0,0.0,81.7098430457,-0.0727059044254,33.1154682576,57.6005010274,59.7641819554,25.5735883145
1337,0.0,0.0,40.0,0.0,82.1026688056,-0.0416557396602,28.2748063556,58.3109832354,60.4878988561,28.8305903341
1356,0.0,0.0,0.0,50.0,64.8465398206,0.708511475978,5.80893787824,32.8448177143,33.8540275797,24.58438871
1357,0.0,0.0,0.0,40.0,68.9690254391,0.677834377371,5.97255460198,38.1089746305,39.301392983,28.6211380471
1296,50.0,0.0,0.0,0.0,71.7083336132,-13.6993253145,-9.79305028324,37.3138660481,43.2263546053,43.0538992333
1297,40.0,0.0,0.0,0.0,74.565420272,-11.0709407305,-6.40508492415,42.0958505381,47.589731308,44.2995046605
1423,0.0,3.0,3.0,3.0,82.9652187182,1.10599923438,7.20937736658,60.3472792025,62.0974546171,45.0129123961
1446,40.0,3.0,40.0,0.0,72.3001305156,-12.3318845994,11.4172542612,38.5306871547,44.1072588983,28.8039659869
13,10.0,30.0,0.0,0.0,72.1559845775,11.1676895149,0.0718096437526,46.1669816283,43.8916020627,36.1638571917
699,55.0,55.0,100.0,0.0,53.9290174325,4.52077510462,20.4852972651,22.0904487214,21.9077769429,10.3391923034
49,55.0,30.0,0.0,0.0,63.1076254279,-1.57152732458,-11.8210787191,30.162868215,31.716194888,33.5801499771
663,10.0,55.0,100.0,0.0,61.0726089338,22.3797254692,34.9241569057,34.3935408922,29.3309556392,9.69528808621
256,10.0,30.0,30.0,0.0,70.6091466081,10.3679982152,11.9731922373,43.5731389329,41.621460004,26.7259244916
537,55.0,55.0,70.0,0.0,54.5839969344,4.99993647912,10.9292266138,22.813540414,22.52914833,14.0169642291
292,55.0,30.0,30.0,0.0,61.7827702998,-3.79367960215,-1.26801428068,28.0969993752,30.1492319428,25.5885899756
501,10.0,55.0,70.0,0.0,61.9363266082,21.3932828449,25.0562046955,35.1959796258,30.328143688,13.4734688364
480,100.0,20.0,55.0,0.0,54.2059687338,-21.9724330893,-3.55668066127,17.0508724427,22.1691040262,19.9520882423
304,70.0,70.0,30.0,0.0,51.6248512975,5.56833345188,-6.87526721951,20.221332046,19.812761046,19.4134026424
444,40.0,20.0,55.0,0.0,66.9546576405,-4.51551003248,14.2038274568,33.9469103469,36.5719702843,22.048726738
268,20.0,70.0,30.0,0.0,59.2625264678,22.4461130243,4.08619896184,32.1913103903,27.3125601751,20.4731248029
408,0.0,20.0,55.0,0.0,75.0092129612,8.75939427736,28.4343899537,49.7582222723,48.2927690742,21.8728710789
1140,70.0,100.0,40.0,60.0,40.8293278001,8.63158246377,-3.04920279834,12.5798040622,11.75827436,10.6360514635
1129,20.0,70.0,40.0,60.0,47.4176763463,13.0531477997,5.25248043585,18.1235348624,16.3401864594,11.6312202785
1138,70.0,40.0,40.0,60.0,46.3029972843,-3.53937492917,-0.371968120278,14.3574493745,15.4936183236,12.9171191881
1127,20.0,20.0,40.0,60.0,53.9461124377,1.35600666642,9.48129441877,21.427612294,21.9238477445,14.1495420647
1136,70.0,0.0,40.0,60.0,50.0888402306,-11.624888514,1.73519435883,15.7375405201,18.4931300719,14.5722385395
318,100.0,20.0,30.0,0.0,54.7629898513,-19.9448753627,-13.2152893654,17.8708688402,22.7009773379,25.5003474716
466,70.0,70.0,55.0,0.0,50.3934242114,3.98117348301,-0.933894226222,18.8456709715,18.749998427,15.8524524092
282,40.0,20.0,30.0,0.0,67.4349034698,-4.40369996173,4.33657129972,34.5801837943,37.2108281643,28.0090066744
430,20.0,70.0,55.0,0.0,57.3324393294,23.5990249085,12.0751289623,30.2369141804,25.2647163733,15.4256236122
246,0.0,20.0,30.0,0.0,76.2424062244,9.23292173424,18.3158430923,51.9442545669,50.2826204353,28.7416911351
1335,0.0,0.0,60.0,0.0,81.4740417306,0.121049988765,39.8483511042,57.263580459,59.3325419939,21.73642885
1338,0.0,0.0,30.0,0.0,82.8356498111,-0.129687390803,23.550809756,59.5909672227,61.8538729819,32.6655158443
1071,0.0,0.0,0.0,60.0,60.6361791594,0.896837765386,5.6403944577,28.0330469659,28.8355051845,20.8736008491
1358,0.0,0.0,0.0,30.0,72.6526542275,0.515466379959,6.23569540721,43.2183142824,44.6376436232,32.5044453216
1295,60.0,0.0,0.0,0.0,68.5361614182,-16.9312068762,-13.9374592925,32.3573280444,38.7037996916,41.999855261
1298,30.0,0.0,0.0,0.0,75.908762547,-9.09533029269,-4.00405835999,44.7348119159,49.7389701385,44.2301132359
1315,0.0,60.0,0.0,0.0,65.0758645196,30.2920241267,1.37551253068,42.2490963134,34.142930749,27.3480122656
4,0.0,30.0,0.0,0.0,74.1889512656,15.616020833,3.42111946078,51.0046303768,46.998721388,36.2752365191
1443,3.0,0.0,40.0,0.0,81.978338132,-0.859315135789,26.3450015493,57.7527567784,60.2582117068,29.8967375597
1444,0.0,3.0,40.0,0.0,82.1202423793,0.554053507238,26.4587422266,58.5892296282,60.5204110903,29.9791679844
1256,100.0,0.0,100.0,80.0,38.9938822638,-10.7351887042,6.46399864149,8.94121449969,10.6553856067,7.11350285335
459,55.0,100.0,55.0,0.0,46.429018529,23.1699252549,0.558969935102,19.2579775046,15.5878261731,12.662249874
677,30.0,10.0,100.0,0.0,68.6557225214,-4.9459205946,43.3405565475,35.9769792346,38.8682506218,11.1451110777
423,10.0,100.0,55.0,0.0,51.5328611361,41.4393473289,10.8078219137,28.3654597949,19.7320170184,12.1550846712
1240,100.0,0.0,70.0,80.0,38.7846410623,-9.98039133703,3.33418016362,8.92378992352,10.5342226686,7.80351280147
378,55.0,100.0,40.0,0.0,46.5875046925,23.1204996383,-2.33269415158,19.3835197319,15.7068444654,13.8185495378
515,30.0,10.0,70.0,0.0,69.6354398303,-5.60245020495,29.1267860442,37.0569926824,40.2333902942,17.1711630244
342,10.0,100.0,40.0,0.0,51.1997661293,41.678650499,8.70090038756,28.0603805628,19.4414797426,12.6918941905
248,0.0,40.0,30.0,0.0,70.3722868923,17.2536934377,14.3293789159,45.6019333401,41.2809124584,25.1444128078
428,20.0,40.0,55.0,0.0,66.1107605643,9.58687733049,16.555208336,37.0559970869,35.467147162,20.1514412254
284,40.0,40.0,30.0,0.0,63.5867612404,3.99293801309,2.51441429354,32.2430612042,32.2959844316,25.2093616787
464,70.0,40.0,55.0,0.0,57.0322704219,-6.60245004004,3.25906594922,22.582058336,24.9557392249,19.033272946
320,100.0,40.0,30.0,0.0,53.0758511288,-13.6579089332,-12.2369341301,17.6862254862,21.1156651732,23.3637683038
1131,40.0,0.0,40.0,60.0,54.7428042993,-6.19855636164,7.95211004306,20.5648266508,22.6815561239,15.2876962953
1132,40.0,20.0,40.0,60.0,51.4621728394,-1.90279322078,6.01648078338,18.5978873493,19.6701198991,13.839402244
1133,40.0,40.0,40.0,60.0,48.4801856477,2.52073913054,4.8834985019,17.0168235915,17.1753212889,12.3847393588
1134,40.0,70.0,40.0,60.0,45.7186995045,9.4804774688,2.6227063675,16.1327816159,15.0617810925,11.5311083623
1135,40.0,100.0,40.0,60.0,42.8982353914,15.5447085388,1.14801062169,15.085939253,13.0897961272,10.4382782545
410,0.0,40.0,55.0,0.0,70.1543345327,17.4290303177,24.0409259168,45.3341097125,40.9691948488,19.9038851763
266,20.0,40.0,30.0,0.0,65.8997545298,9.92989124317,7.42038764372,36.8830236874,35.1944216309,24.6974357696
446,40.0,40.0,55.0,0.0,61.6443170044,2.92113808713,10.6890057503,29.6816410424,29.9885214901,19.2772454612
302,70.0,40.0,30.0,0.0,56.2615098145,-5.40958987686,-6.33870177939,22.1172076156,24.1739225544,23.1479089824
482,100.0,40.0,55.0,0.0,49.1978385008,-15.5164609037,-4.60785182518,14.4389795136,17.755202336,16.526318768
1334,0.0,0.0,70.0,0.0,80.7131944874,0.269674138133,45.7353285376,55.9932929141,57.953973494,18.2767758437
1339,0.0,0.0,25.0,0.0,82.847629382,-0.0434375913127,21.8942780001,59.6488659049,61.8763670721,33.7975313477
1354,0.0,0.0,0.0,70.0,55.6644707667,0.975995108356,5.33508679284,22.9539823375,23.579670192,17.042754128
1359,0.0,0.0,0.0,25.0,74.7031670236,0.524510897326,6.74729318177,46.2860766984,47.8072085644,34.5573282787
1294,70.0,0.0,0.0,0.0,66.1700644761,-19.3153144326,-16.9164401309,28.9676565088,35.5440503611,41.1375021263
1299,25.0,0.0,0.0,0.0,77.1110584918,-7.73068120488,-2.08168889844,47.0434180508,51.716583119,44.3531880891
1314,0.0,70.0,0.0,0.0,61.6431142429,34.949447779,1.34394404254,38.9546851584,29.987127886,24.0047760416
1319,0.0,25.0,0.0,0.0,75.2573926452,12.7070181615,4.22222794134,51.649239851,48.688926684,37.0253056798
1422,3.0,0.0,3.0,3.0,83.275107331,-0.181843213637,7.13336910835,60.3675514471,62.682618178,45.5191050679
1453,40.0,0.0,3.0,3.0,73.8763206595,-11.264591422,-5.74262323601,41.0511857811,46.5116651084,42.8036910188
8,0.0,85.0,0.0,0.0,57.7315852894,41.5479492996,2.13116394401,35.7994821584,25.6795108777,20.1404130897
1252,70.0,0.0,100.0,80.0,41.481325785,-8.28280316247,11.1754513106,10.5953739789,12.1676402707,7.01187931271
44,40.0,85.0,0.0,0.0,51.5171444916,26.4744134662,-7.58525266207,24.6897898816,19.7182437713,19.6617568396
650,0.0,10.0,100.0,0.0,76.0140376781,6.49984118743,55.0641845183,50.5332954314,49.9100836387,11.4618744933
251,0.0,85.0,30.0,0.0,56.4343858511,41.6877124983,9.26344726622,34.1947873666,24.3478366266,15.942503139
1236,70.0,0.0,70.0,80.0,41.7629901755,-7.57070887535,7.2460792368,10.8530935293,12.347386229,8.12200353669
287,40.0,85.0,30.0,0.0,50.836523489,24.6063311045,-0.839496935191,23.5864272242,19.1279130125,16.1299781141
488,0.0,10.0,70.0,0.0,77.3632454586,5.48673156865,41.8440704588,52.3609696279,52.1379381541,17.4361301211
484,100.0,70.0,55.0,0.0,46.9735884416,-5.43918833739,-6.6927919469,14.5190671567,15.999313817,15.7959106363
300,70.0,20.0,30.0,0.0,61.5338471964,-12.1475182155,-4.29222393317,25.7673951515,29.8607034401,27.0885036878
448,40.0,70.0,55.0,0.0,55.8237265399,15.0457577485,6.06105559424,26.3918185163,23.7372189624,16.8482867723
264,20.0,20.0,30.0,0.0,71.7794574326,2.02123590877,10.467001515,42.4577072615,43.3315983288,28.8362176634
412,0.0,70.0,55.0,0.0,61.9458208173,29.5491114323,16.4374531902,37.6740639737,30.3392287685,16.9251984241
1130,20.0,100.0,40.0,60.0,44.744022951,18.5665156813,3.95844804462,17.0062002297,14.3594129504,10.5547208179
1139,70.0,70.0,40.0,60.0,43.9420632772,2.59040263275,-1.75419097099,13.7097284497,13.79815743,11.9745472824
1128,20.0,40.0,40.0,60.0,50.5261704514,5.94776634844,7.6991556813,19.3446867528,18.8626890254,12.6352609296
1137,70.0,20.0,40.0,60.0,48.1144829813,-7.31459726177,0.643194015778,15.0229522505,16.8847434291,13.6899057553
1126,20.0,0.0,40.0,60.0,56.2874359517,-3.57861293569,11.9246164838,22.5410527263,24.1999514038,14.7670445286
322,100.0,70.0,30.0,0.0,47.1687821205,-4.97344216,-13.7715933368,14.7341575632,16.1485504247,19.0447479326
462,70.0,20.0,55.0,0.0,59.6524645556,-14.653228742,4.82122346928,23.30249267,27.7392857619,20.4424895082
286,40.0,70.0,30.0,0.0,55.3550903146,16.3335231195,-0.858368537453,26.213637454,23.2756014869,19.6096004166
426,20.0,20.0,55.0,0.0,70.3215127243,1.26812226822,21.3162079331,40.1445290691,41.2081539791,21.3841746162
250,0.0,70.0,30.0,0.0,61.8271623194,32.7330498412,10.9263477166,38.5064704063,30.2008815283,19.3138457212
1333,0.0,0.0,75.0,0.0,80.4781110823,0.703916476252,49.3086194247,55.7604353369,57.5323889917,16.5326889563
163,0.0,0.0,20.0,0.0,83.0046323484,-0.261517183943,18.6044916528,59.8417272841,62.1716764802,36.286743049
1353,0.0,0.0,0.0,75.0,53.0258712394,1.00756851648,5.32682976606,20.5246943942,21.0698635578,15.1533606148
1360,0.0,0.0,0.0,20.0,76.245538249,0.397079807323,6.33753580386,48.6376805894,50.2877425398,36.7275159172
1293,75.0,0.0,0.0,0.0,64.692071599,-20.2346792819,-18.3788162898,27.1166683927,33.6603500375,40.298247153
1300,20.0,0.0,0.0,0.0,77.9103710274,-6.38283520027,-0.0865150602119,48.7830347351,53.0599335177,43.8502112034
1313,0.0,75.0,0.0,0.0,60.2052446324,37.0944462121,1.25189077312,37.6873154353,28.3517987244,22.7308674488
1320,0.0,20.0,0.0,0.0,77.4413337465,10.3466150898,4.50209584345,54.387667748,52.2688708946,39.6118092834
1447,3.0,40.0,40.0,0.0,69.4996017114,18.5917819076,18.2585288283,44.7561107739,40.0422347339,22.220223992
1440,0.0,40.0,3.0,0.0,71.4792014586,19.8118065147,3.02072042494,48.2246499182,42.8884609894,33.3035638523
708,70.0,55.0,100.0,0.0,51.1742618046,-1.61841318788,16.317479992,18.4137413227,19.4193522705,10.1599378437
22,20.0,30.0,0.0,0.0,69.9820247451,8.53938399276,-2.92095834286,42.0473613184,40.723869393,35.6270537868
1250,40.0,70.0,100.0,80.0,38.8726169215,7.29851966073,8.44802367338,11.1814916896,10.5850533194,6.59682759057
58,70.0,30.0,0.0,0.0,59.7505860926,-6.33242136322,-16.2205018976,25.3208115788,27.8473596935,32.6451525413
546,70.0,55.0,70.0,0.0,51.7294117557,-0.647208958398,6.39527259282,19.0667439151,19.9048057356,13.8702784067
265,20.0,30.0,30.0,0.0,68.3377075383,7.24330523079,8.51010222718,39.319375507,38.4318603785,26.4622566357
1234,40.0,70.0,70.0,80.0,38.2710627652,7.23718429095,6.38332812395,10.8202827351,10.2407322422,6.83567247057
301,70.0,30.0,30.0,0.0,57.9625301686,-8.55543951087,-5.34980415679,23.0371935502,25.921570511,24.1943318424
252,0.0,100.0,30.0,0.0,56.2112381574,40.8327485389,8.52909348155,33.6708587765,24.1235049297,16.0875593225
424,20.0,0.0,55.0,0.0,76.6194741772,-7.32105213589,25.5295885169,46.4332113526,50.9017795258,24.9046254426
288,40.0,100.0,30.0,0.0,50.9425529909,26.4121818629,-0.743624454364,24.1022046024,19.2190911035,16.1662480419
460,70.0,0.0,55.0,0.0,65.485772964,-20.6852812755,8.20157761379,27.8610763576,34.6634193371,23.8787310628
324,100.0,100.0,30.0,0.0,44.9875819501,3.23885375842,-11.6274443449,14.5383439901,14.5328327786,16.4250657518
1121,0.0,0.0,40.0,60.0,60.4936094948,0.210349686116,15.5322081454,27.7040115181,28.6748725008,16.2463357222
1142,100.0,20.0,40.0,60.0,45.2273803636,-11.2303194519,-4.21606952924,12.4456318655,14.7049335888,13.6456697013
1123,0.0,40.0,40.0,60.0,54.1638822118,9.47737414056,10.7345570502,23.4088098818,22.1292586414,13.8168456351
1144,100.0,70.0,40.0,60.0,42.1423730022,-3.13943641696,-5.68889016645,11.6920376664,12.5922776544,12.2611039582
1125,0.0,100.0,40.0,60.0,44.702637925,25.155935412,6.75185239868,18.1995829987,14.3300836502,9.67992084053
414,0.0,100.0,55.0,0.0,54.748078576,42.8740458466,12.9357476602,32.4618916782,22.6866296175,13.3727503956
262,20.0,0.0,30.0,0.0,77.3249336929,-7.27263478344,13.7570906797,47.5399305621,52.0737798154,32.861079423
450,40.0,100.0,55.0,0.0,48.3097121504,26.0080015946,3.90764186065,21.5035142266,17.0394561561,12.6246482673
298,70.0,0.0,30.0,0.0,65.2614304035,-20.9224198919,-3.2421187813,27.5577027481,34.377906058,30.3804525679
486,100.0,100.0,55.0,0.0,42.3992965607,2.26867156488,-8.02225542107,12.6400537012,12.7599472816,13.250610025
1352,0.0,0.0,0.0,80.0,51.6367725031,1.06394459127,5.50240685587,19.3255114287,19.8232409347,14.1484980169
1361,0.0,0.0,0.0,15.0,77.8685621832,0.461640501365,7.04321784566,51.2722579909,52.9890983054,38.2582037345
1292,80.0,0.0,0.0,0.0,63.6216652847,-21.0835076155,-19.5589758262,25.7825744857,32.3384948279,39.7896842203
1301,15.0,0.0,0.0,0.0,79.3683277097,-5.22938984348,1.2461774035,51.5665322547,55.569761683,44.81625562
1312,0.0,80.0,0.0,0.0,59.0208256046,39.6272075838,1.8524016441,36.8972811409,27.0502666206,21.3740452433
1321,0.0,15.0,0.0,0.0,78.6513298029,8.07539492985,4.86177000209,55.5588531451,54.3258077241,40.9364447339
1332,0.0,0.0,80.0,0.0,80.070162344,0.908445713139,50.6106435405,55.1387567984,56.8056594793,15.6972953213
1341,0.0,0.0,15.0,0.0,83.2123610148,-0.0494211858133,14.9049296002,60.3091249348,62.5638386135,39.2692139257
1472,0.0,0.0,3.0,40.0,68.5142874398,0.641471468228,6.59350931507,37.4902975141,38.6737633018,27.7712244583
1417,3.0,3.0,3.0,0.0,83.2998596809,0.432487602886,6.90138170676,60.6733514043,62.7295160063,45.7481489053
1318,0.0,30.0,0.0,0.0,74.401752329,15.0778565502,3.34152299065,51.1482126869,47.3321877801,36.5956853402
690,40.0,55.0,100.0,0.0,56.1019642596,10.5225684875,24.9624918631,25.589414627,24.0141556462,10.1143713176
1205,70.0,40.0,0.0,80.0,40.3485820652,0.548704082445,-3.69985648638,11.1282097982,11.4623854513,10.5798647303
654,0.0,55.0,100.0,0.0,63.0748351152,26.9160231118,38.3647305106,38.3688607344,31.6767719022,9.69871505829
247,0.0,30.0,30.0,0.0,72.9971121222,14.4650318374,15.1864026636,48.6619230774,45.1599835984,27.2570852028
528,40.0,55.0,70.0,0.0,56.6186926457,10.3898749468,14.463474302,26.0931325512,24.5341666233,14.0070385583
1221,70.0,40.0,40.0,80.0,39.0848768099,-0.705973930631,1.25984890366,10.2341956688,10.7083653449,8.48855005466
492,0.0,55.0,70.0,0.0,63.8818983896,26.4483310976,28.1991411228,39.3190420755,32.6566148514,13.5518225257
1075,0.0,100.0,0.0,60.0,47.9311654439,25.0469304144,2.90115912402,20.9565814763,16.740325453,12.7503342747
1194,100.0,70.0,100.0,60.0,44.2775319126,-5.43583840248,3.51987901479,12.6985688529,14.0311225313,10.4402212097
1073,0.0,40.0,0.0,60.0,55.2961292791,11.4139790871,3.07873466393,24.9774506795,23.2179509442,17.7535655965
1192,100.0,20.0,100.0,60.0,45.1077968227,-13.2910580785,7.30760718151,12.0688346743,14.618940895,9.72233607181
1355,0.0,0.0,0.0,60.0,61.5231343406,0.954497705089,5.59412250404,29.0299695475,29.8483275853,21.6633280318
648,100.0,100.0,85.0,0.0,44.3437148062,-1.41826070122,-1.70211219989,13.3539178358,14.0773905301,12.1947781115
136,70.0,0.0,10.0,0.0,66.9866357047,-19.0039420637,-10.7664226161,29.9732986215,36.6142808092,37.5564617902
612,40.0,100.0,85.0,0.0,49.760292166,23.1697343385,10.6868703977,22.2381441259,18.2186937054,11.1696825869
100,20.0,0.0,10.0,0.0,78.3242685518,-6.38312349595,4.81317138405,49.4412149953,53.7645940021,40.5380499184
576,0.0,100.0,85.0,0.0,54.3605803032,41.419399541,19.7148924124,31.5947993112,22.3158929968,10.8157006692
171,0.0,100.0,20.0,0.0,54.6269442858,45.0203557753,6.01483477047,32.9187668758,22.5702974347,15.9973056085
565,100.0,70.0,70.0,0.0,46.1051256431,-7.55677222591,-2.96597076812,13.5803283149,15.3464654685,13.7440727984
167,0.0,40.0,20.0,0.0,70.839977775,18.226988375,10.2704295271,46.6597912573,41.9551369659,27.9710563183
561,100.0,20.0,70.0,0.0,52.6204557328,-23.3314792962,3.16669006712,15.6006672855,20.7007855554,15.7451913973
1340,0.0,0.0,20.0,0.0,83.1783283266,-0.126390398762,17.8508953531,60.2145357746,62.4994771177,37.045707144
1351,0.0,0.0,0.0,85.0,48.1875765641,1.07352456922,5.1668314525,16.5285514891,16.9425575396,12.1113830622
1362,0.0,0.0,0.0,10.0,79.883118063,0.469876095614,6.85741426876,54.6440812019,56.4745108636,41.035908557
1291,85.0,0.0,0.0,0.0,62.6366043276,-21.5593763133,-20.6774042516,24.6652828484,31.1530295552,39.3499130149
1302,10.0,0.0,0.0,0.0,81.1043334892,-3.40700304592,2.87146196103,55.1954498752,58.6599741565,45.9527091272
1311,0.0,85.0,0.0,0.0,56.9866729261,41.9816693446,2.23501339195,34.9759038941,24.9090252627,19.4767916937
1322,0.0,10.0,0.0,0.0,80.6090020509,5.59873118449,5.24905595293,57.9815152786,57.7668678132,43.2981196213
568,0.0,0.0,85.0,0.0,80.2155703862,1.11011479929,53.0861232365,55.4696191316,57.0639865555,14.8039824272
1342,0.0,0.0,10.0,0.0,83.3736482566,0.0499151268561,12.4617111761,60.6459459317,62.8694606766,41.3582796337
1374,5.0,3.0,3.0,0.0,82.2483918097,-0.570502187374,6.26825458405,58.3520642658,60.7578480247,44.7697619428
1438,40.0,0.0,3.0,0.0,74.4201574759,-11.3654579336,-5.73114408509,41.7900622748,47.3611031458,43.5480342805
704,70.0,10.0,100.0,0.0,59.9335005518,-18.6574427714,26.8490968455,22.6811892798,28.049575726,11.6253181374
1203,40.0,100.0,0.0,80.0,37.4287184132,14.7310694029,-0.831763801077,11.3486308014,9.77125400943,8.2826750392
668,20.0,10.0,100.0,0.0,70.7139385421,-1.41922866917,47.6053783267,39.8241394883,41.7727213728,10.9133889
62,70.0,85.0,0.0,0.0,47.4548983765,14.7182081844,-14.2500498035,18.4722977955,16.3689752136,19.5008958697
542,70.0,10.0,70.0,0.0,61.2534030169,-18.058090881,15.0725140137,24.0960172263,29.5378506292,16.9989666008
1219,40.0,100.0,40.0,80.0,36.6749947013,13.2708490774,2.16268585765,10.7068177659,9.36352844399,7.18699589352
506,20.0,10.0,70.0,0.0,71.9552130817,-2.48571409775,33.2235879647,41.2145360797,43.5924007604,17.128953972
305,70.0,85.0,30.0,0.0,47.2743147999,11.965451761,-7.4770872387,17.8016651502,16.2296212529,16.337575578
1176,20.0,0.0,100.0,60.0,56.4947778249,-3.30394028162,25.0582821961,22.7985489203,24.4087872451,10.2930023077
1087,70.0,20.0,0.0,60.0,51.1466914586,-5.19978441969,-6.33741346616,17.7129063837,19.3954512168,18.7778904449
1178,20.0,40.0,100.0,60.0,52.2688933353,4.85884320752,18.4727516523,20.646302611,20.3842445447,10.0780698989
1089,70.0,70.0,0.0,60.0,46.3976386362,4.03575145493,-5.83008856914,15.6944328498,15.5643323637,15.0452228652
1180,20.0,100.0,100.0,60.0,44.6397511171,16.9653859649,9.82887846629,16.6358132556,14.2855926706,8.76551284417
88,0.0,70.0,10.0,0.0,63.2719577676,30.277236398,4.27296191746,39.7020036788,31.9142604095,23.9392643304
588,20.0,20.0,85.0,0.0,69.9475102715,1.31424097124,33.1217890315,39.641495567,40.6748475614,15.7120407114
124,40.0,70.0,10.0,0.0,57.5226239812,15.3056144166,-5.93923566745,28.2847239202,25.461795602,24.102115486
624,70.0,20.0,85.0,0.0,59.9713214092,-14.8153424966,16.1682745592,23.575670049,28.0915092918,15.6111505356
160,100.0,70.0,10.0,0.0,48.3556410407,-3.6178053907,-18.4374364116,15.8304053257,17.0759900952,22.3447715959
505,20.0,0.0,70.0,0.0,74.6718087093,-7.10760621544,31.9507450107,43.5853608951,47.7576413237,19.8458752711
219,70.0,20.0,20.0,0.0,61.7051865947,-12.2643317036,-8.40760074653,25.9169154631,30.0591056803,29.7704118264
509,20.0,40.0,70.0,0.0,64.6494828271,9.31277780497,24.0437338039,35.0820812161,33.6070809943,15.6889169812
223,70.0,70.0,20.0,0.0,50.7923422672,5.76361005941,-10.2004367778,19.5362791904,19.0900054729,20.3185312075
513,20.0,100.0,70.0,0.0,50.4949369799,34.1639296111,11.9389918637,25.4637409315,18.8361338803,11.1744171087
1350,0.0,0.0,0.0,90.0,46.183094677,1.22846152637,5.02633196739,15.0595188183,15.4043375954,11.00504819
1363,0.0,0.0,0.0,7.0,81.5365167378,0.390977691329,6.89459420903,57.4842761964,59.4467009208,43.2607889287
1290,90.0,0.0,0.0,0.0,61.441333867,-22.7753679585,-22.121354344,23.2102466751,29.7539416216,38.8857236413
1303,7.0,0.0,0.0,0.0,82.3080702735,-2.15260503669,4.72676364298,57.8053796114,60.8686326765,46.1373589113
1310,0.0,90.0,0.0,0.0,56.1822148939,42.9965889578,2.03467418181,34.2591580569,24.0944293387,18.9212007948
1323,0.0,7.0,0.0,0.0,81.6086224641,3.7747944363,5.82341373851,59.0117166284,59.5786397261,44.2300091746
1330,0.0,0.0,90.0,0.0,79.8014229297,1.33926531405,56.8705305283,54.8492750201,56.3302801719,13.1025722173
1343,0.0,0.0,7.0,0.0,83.9911191327,0.0629512381121,10.18522313,61.7889513172,64.0487000826,44.0228408675
1373,10.0,6.0,6.0,0.0,79.5912857594,-0.702561383094,4.9729312933,53.6868221285,55.9604169677,42.11845407
1415,3.0,0.0,3.0,0.0,83.6351475832,-0.355096489875,7.12384022569,60.9531612488,63.3670862193,46.0458456472
1199,0.0,100.0,0.0,80.0,38.6891033291,20.6491202835,3.21156042004,12.9999757824,10.4792075207,7.79270159566
694,55.0,0.0,100.0,0.0,65.8755403778,-17.4057646106,36.5332145609,29.1340770335,35.1632145358,11.8142594564
52,55.0,70.0,0.0,0.0,52.9185863733,15.0709809309,-12.0216908233,23.459720173,20.9717713841,23.1051470187
1244,0.0,0.0,100.0,80.0,46.4104085892,-0.0974525524474,21.8608799965,15.0015197179,15.5738902481,6.5015841954
1215,0.0,100.0,40.0,80.0,38.4398855564,19.2928371008,5.86430113354,12.6337452381,10.336598393,7.02798893237
532,55.0,0.0,70.0,0.0,67.0447458397,-17.9542944793,22.608236456,30.3197917093,36.6912504679,18.078496331
295,55.0,70.0,30.0,0.0,52.1762519873,13.0925029432,-3.7420516644,22.3114161003,20.3013724332,18.4020054377
1228,0.0,0.0,70.0,80.0,45.5654725489,0.0291620775015,16.8041360422,14.4208570991,14.949879224,7.35536073146
1085,40.0,100.0,0.0,60.0,44.8121820653,16.0380398445,-1.56697655168,16.6028240097,14.4078040561,12.4289518181
1184,40.0,70.0,100.0,60.0,46.8701233832,7.53036556863,10.1988476627,16.6678666072,15.9205831121,9.76620523006
1083,40.0,40.0,0.0,60.0,52.1356308,3.80150569615,-1.71615511027,20.3102578068,20.2651057904,17.4643961381
1182,40.0,20.0,100.0,60.0,52.0204179173,-2.60011286506,17.3983181616,18.9298959074,20.1624786279,10.276186657
1081,40.0,0.0,0.0,60.0,56.1782117707,-4.94563432277,-0.509827089234,22.1399594611,24.0904208324,20.1224170424
644,100.0,40.0,85.0,0.0,51.0505692893,-16.5870663655,5.28020268772,15.5968301143,19.3122751776,13.8494237541
140,70.0,40.0,10.0,0.0,58.8560472188,-4.68517818531,-12.094139314,24.8004440821,26.8724153547,29.0081295121
608,40.0,40.0,85.0,0.0,61.8209735086,1.90000595214,21.2684951819,29.6131993913,30.1936773849,14.8444953477
104,20.0,40.0,10.0,0.0,67.3478442119,9.96446998756,0.409194838369,38.829732354,37.0944679414,30.3461012738
572,0.0,40.0,85.0,0.0,68.7969846558,17.4542332853,35.2104526525,43.3266658929,39.0631498788,14.1021455204
207,40.0,100.0,20.0,0.0,50.6385706413,25.7631925082,-2.72650774414,23.6551988935,18.9584597872,16.7829824072
529,40.0,70.0,70.0,0.0,55.3026289976,13.8596813246,11.1282691386,25.5635483036,23.2243015233,14.4154923636
203,40.0,40.0,20.0,0.0,63.2332271943,3.69717548078,-1.31820288812,31.7385398907,31.8675053971,27.0625631265
525,40.0,20.0,70.0,0.0,65.3976982558,-5.5587451632,22.3089580759,31.7588704461,34.5511418761,16.9596633815
199,40.0,0.0,20.0,0.0,72.5495557606,-12.8422761689,3.34677711456,38.7082107141,44.4820908278,34.3411998692
1289,95.0,0.0,0.0,0.0,60.0813609403,-24.2369812229,-23.6118198629,21.6089784522,28.2137523693,38.2488989137
1304,5.0,0.0,0.0,0.0,82.5723026784,-1.23799185326,5.56049612456,58.6542048925,61.3607611359,45.8204212653
1309,0.0,95.0,0.0,0.0,54.8222230235,46.1312298923,2.91008482124,33.4736733807,22.7580316022,17.4669526491
1324,0.0,5.0,0.0,0.0,82.5036488196,2.58488192851,6.46701612776,60.1313763913,61.2326403691,44.9687605047
1329,0.0,0.0,95.0,0.0,79.8019021608,1.87995252857,59.430765868,55.0651353805,56.3311255254,12.1954450633
1344,0.0,0.0,5.0,0.0,83.8968635243,0.110014135113,9.22626812686,61.6346096414,63.8677462029,44.6744685517
1349,0.0,0.0,0.0,95.0,39.8699746256,1.44876576804,4.86489643743,10.9694874466,11.1727853353,7.89133184869
1364,0.0,0.0,0.0,5.0,82.1948839266,0.506227321822,7.06129033474,58.7029871372,60.6586325507,44.0448070907
1372,20.0,12.0,12.0,0.0,74.162474404,-0.517920506801,3.91631533047,45.0999681629,46.957341152,35.8895844612
1437,3.0,40.0,0.0,0.0,71.2629287658,18.9833023444,1.74909171802,47.5856589206,42.5711504798,33.9147814672
716,85.0,40.0,100.0,0.0,51.8110078358,-12.5261960358,15.4886479215,16.8915427474,19.9768325646,10.7616349976
1201,40.0,40.0,0.0,80.0,41.8645953811,4.05024771753,-0.493311193419,12.5621062073,12.412658133,10.3944194625
680,30.0,40.0,100.0,0.0,61.275963917,7.55222502458,32.9104960593,30.4916233389,29.5637366783,10.4143593857
66,85.0,20.0,0.0,0.0,59.4028344063,-13.5417654804,-19.2977109166,23.310455768,27.465597194,34.3258354184
554,85.0,40.0,70.0,0.0,52.4802954859,-11.4232550304,5.18784048796,17.6242158287,20.5741977213,14.8350457626
1217,40.0,40.0,40.0,80.0,40.764570063,2.87013306887,4.4732510399,11.7020703301,11.71812404,8.40259787946
518,30.0,40.0,70.0,0.0,62.0252311753,6.85942113733,21.8972941595,31.1779394882,30.4320511037,14.7356507403
309,85.0,20.0,30.0,0.0,58.3660053003,-16.4308042348,-8.23884117362,21.6971283672,26.3481053956,26.2058232479
1186,70.0,0.0,100.0,60.0,50.2688238045,-11.4015429399,13.1635675934,15.9108110159,18.6446321613,10.6557151217
1077,20.0,20.0,0.0,60.0,56.4967228286,2.96082990028,1.83193827389,24.2146496086,24.4107519296,19.2687513776
1188,70.0,40.0,100.0,60.0,47.319067026,-4.10293799,8.73033915624,14.9866542187,16.2640819422,10.4506951737
1079,20.0,70.0,0.0,60.0,49.429334794,13.6228890663,0.702761390899,19.9349760052,17.9450034906,14.5315073846
1190,70.0,100.0,100.0,60.0,42.9755021358,5.34993436486,3.22111756657,13.4892195527,13.141380016,9.84484479146
84,0.0,20.0,10.0,0.0,76.8417953829,8.31814300462,9.21664514481,52.5860987693,51.2692097262,35.4080281501
592,20.0,70.0,85.0,0.0,58.9796067393,19.1728508893,18.2002305328,30.9565351579,27.0057042424,14.1340766755
120,40.0,20.0,10.0,0.0,68.7971465389,-3.60844552121,-3.2679653281,36.5639698886,39.0633736016,34.4413861241
628,70.0,70.0,85.0,0.0,50.6557990522,2.21732064539,7.3389961133,18.7226153273,18.9731678722,12.8431547935
156,100.0,20.0,10.0,0.0,56.5115605535,-18.3563686898,-18.7571064533,19.6426127296,24.425743262,30.6540332138
541,70.0,0.0,70.0,0.0,63.566650105,-20.9210465314,14.4278330385,25.7646476529,32.2715075667,19.0786526516
183,20.0,20.0,20.0,0.0,71.7409402856,2.02885731448,6.09259415644,42.4046877812,43.2745823476,31.5633632993
545,70.0,40.0,70.0,0.0,55.6260665789,-7.99381040135,7.5567413713,20.9831400536,23.5417822589,16.0723476859
187,20.0,70.0,20.0,0.0,59.0189636367,23.0720042584,1.69653498875,32.0734152274,27.0482525608,21.450914657
549,70.0,100.0,70.0,0.0,46.2101144682,11.0457355697,0.0633490381017,16.788533404,15.4244267951,12.7042288675
1288,98.0,0.0,0.0,0.0,59.0002432743,-24.2179839019,-24.6864269747,20.6333867105,27.0280086096,37.6666869008
1305,3.0,0.0,0.0,0.0,83.1692918501,-0.312100694455,6.6146929271,60.1196238326,62.4823950513,45.799599225
1308,0.0,98.0,0.0,0.0,54.3570289603,46.7998141597,3.69162148582,33.093168739,22.3125140854,16.7799886328
1325,0.0,3.0,0.0,0.0,83.3398190486,1.10571720956,6.74925914932,61.0332449098,62.8052756488,45.9330140474
1328,0.0,0.0,98.0,0.0,79.5953735652,2.1454417306,59.5123994008,54.8167245605,55.9675964433,12.0446267257
1345,0.0,0.0,3.0,0.0,83.6820337704,0.272396577929,7.83158691047,61.3073659518,63.4565859431,45.5219186034
1348,0.0,0.0,0.0,98.0,38.5460194564,1.45180726579,4.67386098855,10.2128264443,10.3971718312,7.36222145768
1365,0.0,0.0,0.0,3.0,83.4331427793,0.517731235204,7.22730643591,60.9540635461,62.9824472203,45.6679014397
1371,40.0,27.0,27.0,0.0,65.8606996476,-0.712122955149,2.52159351946,33.6845268844,35.1440969877,27.4709463229
1436,40.0,3.0,0.0,0.0,74.0285964558,-10.5091072295,-6.68970867085,41.5151894384,46.7484774574,43.7775569378
12,10.0,20.0,0.0,0.0,74.8639111392,6.58359367604,1.15003069089,48.7224988869,48.0618310202,38.7891068748
698,55.0,40.0,100.0,0.0,57.0907628454,-1.6890826396,24.2790453008,23.7366645998,25.0157493167,10.8614539344
48,55.0,20.0,0.0,0.0,65.5453864499,-5.8648614129,-11.3065217649,31.8501443637,34.7395523588,36.1501108056
1246,0.0,70.0,100.0,80.0,40.6389697776,12.8579810717,12.3998000353,13.0935177053,11.6405116028,6.39082822417
255,10.0,20.0,30.0,0.0,73.3909440636,5.75652263189,13.658052092,46.1358058189,45.7621693619,28.5835771244
536,55.0,40.0,70.0,0.0,58.0875173155,-1.94378356387,12.9194433073,24.6670218794,26.0532050495,15.6115148558
291,55.0,20.0,30.0,0.0,64.2570844352,-7.94235463862,0.628796774748,29.786857612,33.1189201795,26.9557336612
1230,0.0,70.0,70.0,80.0,39.6841636904,12.6151527101,9.75168890205,12.4385844308,11.0616811707,6.6188000381
1095,100.0,100.0,0.0,60.0,41.1576498261,2.67687171496,-9.05953863386,11.916238611,11.9632484622,12.8511841158
1174,0.0,70.0,100.0,60.0,50.8241244974,15.7643876022,16.4107499797,21.6302217556,19.1172696026,9.94793219015
1093,100.0,40.0,0.0,60.0,45.4390583671,-6.22408560697,-10.0869025754,13.3408332547,14.8579771177,16.1055739874
1172,0.0,20.0,100.0,60.0,56.4441303503,4.78071710351,24.4525819717,24.583401383,24.3576643924,10.4540120707
1091,100.0,0.0,0.0,60.0,48.2993797382,-12.1399112289,-9.96195807994,14.358190613,17.0312444696,18.1914539151
640,100.0,0.0,85.0,0.0,57.3448051062,-26.964514983,8.60445849214,18.6548146433,25.2774994145,16.8822770072
144,70.0,100.0,10.0,0.0,48.4848200254,13.1976624319,-10.1368093644,19.0391796169,17.1790248752,18.415763945
604,40.0,0.0,85.0,0.0,70.1028102742,-12.6642037408,29.2605464232,35.534774405,40.8957344051,17.4649210414
108,20.0,100.0,10.0,0.0,53.7374895194,32.875417513,-0.767577052986,28.6063781843,21.7282605192,18.2736357869
1331,0.0,0.0,85.0,0.0,79.6249855244,0.851247003907,48.2669728115,54.3548625344,56.0196227145,16.3514370314
243,100.0,100.0,20.0,0.0,45.1621148969,3.15647095419,-13.6982867331,14.6484159604,14.6579594234,17.4463044825
493,0.0,70.0,70.0,0.0,62.3432373729,29.670418134,21.7436956938,38.2440966655,30.8056639872,15.0128615011
239,100.0,40.0,20.0,0.0,52.3292974513,-13.868551124,-15.6731505896,17.0535668526,20.4384001921,24.5295686657
489,0.0,20.0,70.0,0.0,74.9928179792,9.16201168272,35.8615744549,49.8818822546,48.2666744702,18.2817766947
235,100.0,0.0,20.0,0.0,59.1007207423,-25.4120561257,-14.7891045158,20.4762771906,27.1367820854,30.9724218483
1287,100.0,0.0,0.0,0.0,59.4777447997,-23.5494142312,-24.1731874433,21.2029430085,27.5475372194,37.8946456215
1306,2.0,0.0,0.0,0.0,83.8229797147,0.115733128373,6.9550109307,61.5004422277,63.7261410592,46.4604014668
1307,0.0,100.0,0.0,0.0,54.5541256317,46.3313958929,3.17496634188,33.201378563,22.5005572779,17.1492465531
1326,0.0,2.0,0.0,0.0,83.8032801178,0.645835832351,6.91865280723,61.6914870789,63.6884203391,46.4624213205
1327,0.0,0.0,100.0,0.0,79.3125639947,2.20477438487,59.9107860539,54.3575799509,55.4723405099,11.7431692959
1346,0.0,0.0,2.0,0.0,83.6090585056,0.450819936406,7.34519367591,61.2491515055,63.3173219736,45.822773061
1347,0.0,0.0,0.0,100.0,37.988390688,1.44148702113,4.55074969171,9.90337145582,10.0815469814,7.15698147546
1366,0.0,0.0,0.0,2.0,83.5797708949,0.511706835755,7.04799029944,61.221216235,63.2614876577,46.0293819983
1370,60.0,45.0,45.0,0.0,57.3424400898,-0.278431808601,1.51825203986,24.3082838514,25.2750542608,20.1123753378
1414,3.0,3.0,0.0,0.0,83.4301870807,0.594133126147,6.09870954875,60.9811966733,62.9768308356,46.6116936306
712,85.0,0.0,100.0,0.0,58.632452697,-26.5394959289,23.210734575,19.8352594568,26.6323307311,12.0991625332
34,30.0,70.0,0.0,0.0,56.4248563318,23.1255584577,-6.79957990912,29.080865653,24.3382282347,23.5439727085
676,30.0,0.0,100.0,0.0,71.8180200899,-9.8827605377,45.8141027723,38.6472722449,43.388731825,12.1440861269
70,85.0,70.0,0.0,0.0,48.4676695756,4.57750511259,-17.7909509251,17.3840039529,17.1653216664,22.1107408242
550,85.0,0.0,70.0,0.0,59.6738435223,-26.1335212029,11.9663087487,20.8385440893,27.762809313,17.1647795297
277,30.0,70.0,30.0,0.0,55.2595665785,21.9549925962,1.74444997249,27.4989872399,23.1822487654,18.3245347877
514,30.0,0.0,70.0,0.0,72.899528862,-10.5884393864,32.2298350942,39.9048707452,45.0115958111,18.292029688
313,85.0,70.0,30.0,0.0,47.8034139816,2.41683466559,-10.1624170746,16.4728123743,16.6401709949,17.8973532414
