SAMPLE_ID,CMYK_C,CMYK_M,CMYK_Y,CMYK_K,LAB_L,LAB_A,LAB_B,XYZ_X,XYZ_Y,XYZ_Z
810,10.0,20.0,20.0,20.0,66.3454685962,5.17480144957,9.82036713192,36.0257962295,35.772158651,23.8048619092
1369,80.0,65.0,65.0,0.0,50.1981604419,1.19621902016,6.0187670017,18.1478291209,18.5850526501,13.0343338263
1393,100.0,85.0,85.0,80.0,35.1091180818,0.269693213677,3.73648570294,8.2780006062,8.55305359391,6.19696464885
1427,0.0,7.0,7.0,0.0,81.7194522774,3.50654357921,9.39321589048,59.0991150375,59.7818161365,41.5275384899
1387,100.0,85.0,85.0,60.0,37.7864925511,0.424407847128,3.78872421457,9.66582280936,9.96886480228,7.25783668844
1377,10.0,6.0,6.0,10.0,76.1819772352,0.314832776793,6.10239617562,48.5072050753,50.1838631094,36.8181799062
558,85.0,100.0,70.0,0.0,46.279004935,10.2136503749,1.27730051314,16.6921799239,15.4757258375,12.3188108566
1381,10.0,6.0,6.0,20.0,71.5592357967,0.377482646025,5.87590740293,41.5953344369,43.0062841146,31.5004044062
1394,80.0,65.0,65.0,80.0,37.5275014953,1.90633623074,4.55048763522,9.7115374639,9.82555179057,6.96605322136
1434,0.0,7.0,7.0,7.0,78.8425066421,3.07100367629,8.89544551262,53.9009255626,54.6556549965,38.1300678497
1388,80.0,65.0,65.0,60.0,40.4204909241,1.82290069924,4.57707335335,11.346880497,11.5063244112,8.21586126386
1392,10.0,6.0,6.0,60.0,53.5725438156,1.03864019877,5.80706247253,21.0210614315,21.5744474283,15.3389820876
1382,80.0,65.0,65.0,40.0,43.9936520861,1.99668272568,5.04729570449,13.6512838684,13.8338140262,9.82363853824
93,10.0,20.0,10.0,0.0,75.5590785685,6.17212548504,6.16433546949,49.6774356644,49.1734039246,36.0033285947
230,85.0,40.0,20.0,0.0,57.5882289918,-5.29782824895,-9.11913572942,23.4054131998,25.5300159235,25.941292353
1430,0.0,7.0,0.0,7.0,79.1450803619,3.55840972789,5.60081800382,54.60737601,55.1804253853,41.023570509
1395,60.0,45.0,45.0,80.0,38.206982385,1.18708691454,4.66004935421,9.99090021397,10.2044999236,7.22207193061
1376,20.0,12.0,12.0,10.0,71.7812958706,-0.206949797874,5.14672007961,41.7185689595,43.3343209746,32.2302879983
1389,60.0,45.0,45.0,60.0,41.9156414742,1.10920945804,4.83850617289,12.1618640363,12.4455371405,8.84728286048
1380,20.0,12.0,12.0,20.0,67.0714720433,-0.0507457639009,5.15313761766,35.400330046,36.7266867901,27.1487842226
1424,3.0,3.0,3.0,3.0,81.4220381434,0.889814200302,6.85714439601,57.4864868841,59.2376287503,43.132216317
1385,20.0,12.0,12.0,40.0,58.7176342589,0.399840918193,5.62827534774,25.8655749377,26.7236250813,19.2841598087
1378,60.0,45.0,45.0,20.0,52.7938003361,0.791657012372,5.43223434262,20.2748633551,20.8580611855,14.9521063369
1391,20.0,12.0,12.0,60.0,49.8123662694,0.659699880976,5.49214384335,17.7331211577,18.262008915,12.9842916447
1420,3.0,3.0,0.0,3.0,81.7920579898,0.940047008356,5.47393729029,58.163348178,59.9151691296,44.7759660393
1397,20.0,12.0,12.0,80.0,43.0373418399,1.00951536223,5.30614278957,12.8639721862,13.182762189,9.26324209566
210,55.0,20.0,20.0,0.0,66.3469957845,-7.13681159649,-1.9334182613,32.4575451793,35.7741489914,30.7397952397
101,20.0,10.0,10.0,0.0,76.6556003299,-1.26824324898,4.51712396828,48.675152493,50.9613653579,38.5814744976
1432,0.0,0.0,7.0,7.0,81.0355694332,0.0717899905762,10.2481796912,56.4745445483,58.535442887,39.9549318114
1375,40.0,27.0,27.0,10.0,64.3673219745,-1.39883700006,4.0057752239,31.6812957308,33.2555797168,25.1277232976
1384,40.0,27.0,27.0,40.0,53.2088612556,-0.227831632636,3.81453753014,20.432708068,21.2378790381,15.8960791289
1379,40.0,27.0,27.0,20.0,60.1510938246,-0.952383409368,3.43317808961,27.0444945291,28.2914020109,21.559643707
1,0.0,0.0,0.0,0.0,83.8084181067,0.488268483921,6.56454777002,61.6333320665,63.6982571071,46.7694267398
970,100.0,100.0,0.0,40.0,38.7325895676,6.14898119214,-10.7693415918,10.9420300677,10.5042251425,11.9859324901
1049,0.0,70.0,100.0,40.0,49.0695705647,19.6125661093,23.5794959363,20.8464654661,17.6506154835,7.17560769689
968,100.0,40.0,0.0,40.0,44.4578784245,-4.84726395208,-12.0782648588,12.9042287254,14.1574403712,16.2306998055
336,10.0,20.0,40.0,0.0,74.646503555,4.85875767728,21.6448088264,47.7519902782,47.7176671381,25.1746395816
479,100.0,10.0,55.0,0.0,59.011911744,-25.7013838125,4.62142897544,20.3381773491,27.0406255514,20.0040139726
560,100.0,10.0,70.0,0.0,58.7100957352,-26.8530730968,10.2651064311,19.839511949,26.7155371771,17.1819788413
328,0.0,30.0,40.0,0.0,73.7058146885,12.1552314048,22.5970769471,48.9356315745,46.2474526566,23.7581717456
564,100.0,55.0,70.0,0.0,50.6088858432,-9.18578429271,3.11803819302,16.5602374132,18.9331353818,14.383632501
974,0.0,70.0,20.0,40.0,51.3326019967,19.7104446811,6.55196884618,22.9678967641,19.5569995263,13.5557034176
1045,100.0,100.0,70.0,40.0,39.4344202566,4.15650357551,-0.0646398990363,11.0826649628,10.9135128011,9.02307222945
234,85.0,100.0,20.0,0.0,47.6972478073,13.4463870161,-10.9088359396,18.4286472225,16.5572435199,18.1502546241
999,0.0,70.0,40.0,40.0,50.6808201249,19.5015786866,11.2016776261,22.3034031424,18.9945421822,11.5232471952
1018,100.0,40.0,40.0,40.0,45.2041397469,-7.10592004145,-1.16901492753,13.0497841298,14.6881949001,12.5265539165
997,0.0,20.0,40.0,40.0,58.8019934369,5.30066084232,17.5969906862,27.1532086042,26.8142434198,14.2477620037
641,100.0,10.0,85.0,0.0,58.4012296713,-27.0160285024,18.3936575703,19.5397301036,26.3855634429,13.6844155053
849,10.0,100.0,40.0,20.0,49.5559556473,31.9033358674,8.04396318714,23.9909039132,18.0493884007,11.9339095708
433,30.0,0.0,55.0,0.0,75.2003956002,-10.4825150851,28.6894929747,43.2127786142,48.5977540583,21.910954485
279,30.0,100.0,30.0,0.0,52.5921748295,31.3430728375,1.51792531462,26.9736349395,20.675201537,16.4107223663
469,85.0,0.0,55.0,0.0,64.1407924412,-25.4100587482,11.7675224725,25.2842134312,32.9751613858,20.8317014998
315,85.0,100.0,30.0,0.0,46.1942145735,12.6795079526,-8.26969343656,17.0724840237,15.4126031188,15.8919562109
1046,0.0,0.0,100.0,40.0,59.973672566,-0.734783292585,39.8342876406,26.9090843126,28.0941174967,7.81191830685
955,20.0,100.0,0.0,40.0,44.399688138,23.0925266348,-0.728770191814,17.5656928121,14.1166003917,11.8939240881
1056,40.0,0.0,100.0,40.0,54.1229621112,-8.99803714394,29.13670611,19.4554559987,22.0905633704,7.96983917857
965,70.0,100.0,0.0,40.0,40.6599258674,12.6197449388,-6.81024205045,13.0709232934,11.653437149,11.7696898605
1066,100.0,0.0,100.0,40.0,47.8507334911,-19.1967751291,16.6571359514,12.9458799143,16.6772217795,8.41168011988
422,10.0,85.0,55.0,0.0,57.6518135662,32.0799762041,15.0318727236,32.9464277888,25.5962514451,14.4723153148
887,20.0,10.0,70.0,20.0,65.5631293577,-2.7405732087,29.1008420251,32.7432413201,34.7622335242,14.3066699454
458,55.0,85.0,55.0,0.0,51.8874777798,14.1754372593,4.47548328798,22.2761567515,20.0444919605,14.7132603883
899,70.0,10.0,70.0,20.0,57.6092155161,-14.0561003694,17.0062366115,21.5077621459,25.5518647622,13.6925913361
740,10.0,70.0,0.0,20.0,57.5944542982,21.7625942507,-0.715388154259,30.0484933012,25.5364957214,21.4286755813
911,0.0,10.0,100.0,20.0,68.2137382163,2.28816648476,45.7220281179,37.5986493559,38.262634583,10.1519323446
1265,40.0,100.0,0.0,100.0,32.9296881081,7.81095727792,1.00246438385,8.07113543301,7.50487347192,5.97416970879
905,100.0,10.0,70.0,20.0,52.7489188836,-21.8148552323,7.58787867498,15.959029432,20.8172640729,14.0844266989
1061,70.0,0.0,100.0,40.0,50.3658960571,-15.1741792602,23.3891251787,15.3341083929,18.726685627,7.78111492807
952,20.0,20.0,0.0,40.0,56.885839226,3.27399429047,1.02186879795,24.6759131104,24.8059296953,19.9722311339
1063,70.0,40.0,100.0,40.0,45.6836085945,-3.73030794563,16.339821772,13.8974925438,15.0361050252,7.52157994671
358,30.0,70.0,40.0,0.0,58.1530393832,19.5356823294,7.83631737933,30.0965946837,26.1223895792,17.8283867509
720,85.0,100.0,100.0,0.0,45.1019822711,9.18698868328,7.94131972608,15.6197869146,14.6147682115,9.53209870357
135,55.0,100.0,10.0,0.0,50.5406645326,22.965528233,-8.7775659687,22.9326911753,18.8750205747,19.4289780625
350,20.0,85.0,40.0,0.0,56.6283970835,28.8747862928,7.92697749144,30.8393382553,24.5440038472,16.6437361019
384,70.0,55.0,40.0,0.0,55.8146866901,2.14180471362,0.325748602961,23.3593041602,23.7282572767,19.4241773674
1027,20.0,20.0,70.0,40.0,56.0337685716,1.02530055584,21.9117488403,23.3206124072,23.9460806596,11.0369043236
986,70.0,0.0,20.0,40.0,54.1815130853,-11.3777828259,0.372391135414,19.0351123629,22.1459448422,18.1045342455
389,85.0,10.0,40.0,0.0,63.9154936438,-19.5945709288,2.38138740832,26.4499024007,32.6978345306,25.6043048814
1002,20.0,20.0,40.0,40.0,56.5254513004,1.62656751311,13.6135981559,23.936968343,24.4397833743,14.2701562297
1013,70.0,40.0,40.0,40.0,47.873820066,-1.59963972828,3.43035963857,15.820233879,16.6953183214,12.5277946688
1004,20.0,70.0,40.0,40.0,48.1267365863,14.7397519507,8.25854112135,19.0389101499,16.8944263515,11.0435074114
216,55.0,100.0,20.0,0.0,50.8902392439,22.2030233051,-5.90356651895,23.0983847165,19.1740687469,18.3766422081
728,100.0,85.0,100.0,0.0,44.971470146,-0.675296514318,6.78632010538,13.895178474,14.521317895,9.80773266394
471,85.0,20.0,55.0,0.0,59.1300449591,-17.6829959655,7.44801049068,22.1369348665,27.1685824049,18.7681940184
457,55.0,70.0,55.0,0.0,54.3746425376,9.95349345014,7.16131329768,23.7219330729,22.3292758046,15.3505463165
435,30.0,20.0,55.0,0.0,69.76164578,-1.31401945819,23.4076820352,38.5545845779,40.4115354714,19.8828830195
421,10.0,70.0,55.0,0.0,60.9093929503,26.072540569,18.6190527832,35.2707393882,29.1450082573,15.2736649727
400,100.0,30.0,40.0,0.0,56.0195378172,-16.5881892364,-3.04607672066,19.5720688609,23.9318913363,21.2354552727
186,20.0,55.0,20.0,0.0,63.7753289577,18.2906991615,3.87728269893,36.6408236791,32.5260888071,24.6312050313
616,55.0,30.0,85.0,0.0,60.9901880883,-6.47883492748,26.0634141696,26.5738480874,29.2369573478,12.521234592
222,70.0,55.0,20.0,0.0,56.0236525266,3.90825261581,-7.29374508026,23.9641181055,23.93599349,23.4381513197
580,10.0,30.0,85.0,0.0,70.0987348046,8.46099463782,40.4511341232,42.1888059131,40.8899275759,12.9906083907
1267,100.0,40.0,0.0,100.0,32.1590213837,-0.610786339828,-1.51518121167,6.83958851775,7.15581315273,6.23345286446
935,70.0,10.0,100.0,20.0,56.6108273201,-14.7743964872,26.8279043154,20.456794135,24.526195605,9.81559585476
1261,0.0,40.0,0.0,100.0,35.4288769619,6.19412296553,4.64524801882,9.12774449373,8.71459392191,6.11854480602
918,10.0,20.0,100.0,20.0,64.1057984113,3.40967059053,40.7657535076,32.7062653834,32.93198375,9.51471975441
474,85.0,55.0,55.0,0.0,53.7334788496,-4.26849060111,1.48784628126,20.068978979,21.7245118956,17.2677312072
452,55.0,10.0,55.0,0.0,67.701861001,-13.5700557185,15.2720585192,32.2917249642,37.5691504531,22.1619096317
438,30.0,55.0,55.0,0.0,61.7635889661,12.847656864,14.1048846521,32.5215316903,30.1269329217,17.8090157393
416,10.0,10.0,55.0,0.0,76.7989573682,-0.254505679468,30.0230728717,49.2760958081,51.198274284,22.6464325934
960,40.0,100.0,0.0,40.0,42.2398545886,18.2672333353,-4.23395128852,15.0665749696,12.6557205968,11.8196745036
1059,40.0,70.0,100.0,40.0,45.3161143879,8.96702153397,16.5571116374,15.7409647099,14.7689598398,7.31027946502
958,40.0,40.0,0.0,40.0,50.771955158,5.18765477176,-3.67882793824,19.4040914562,19.0725302101,17.2941819211
372,55.0,20.0,40.0,0.0,65.2475047665,-8.68855281723,8.45646992482,30.727991198,34.3602352318,23.5200629372
370,55.0,0.0,40.0,0.0,70.1237374795,-17.4473724514,11.7095775311,34.1573335016,40.9255606599,26.392665224
362,40.0,10.0,40.0,0.0,70.8984993611,-8.55880342708,13.8819822545,37.8230556631,42.0400150214,25.9113315494
364,40.0,30.0,40.0,0.0,66.1194183091,-0.787065854222,11.0167021234,33.9839261154,35.4783672951,22.9580123839
366,40.0,55.0,40.0,0.0,59.8912065989,9.97965850442,5.7306323601,29.5504835659,28.0027321017,20.2004221969
984,40.0,70.0,20.0,40.0,47.5822074096,11.1484163719,0.156132803659,17.8975208632,16.4676958265,13.529597927
1035,40.0,100.0,70.0,40.0,43.2482758003,16.7609773372,7.0699515848,15.5483538789,13.3245693449,8.86578809518
198,30.0,100.0,20.0,0.0,53.7324379081,31.4626472184,-1.51813380265,28.2387792041,21.7235390368,18.6117928401
1009,40.0,70.0,40.0,40.0,47.2993619901,10.2632881412,4.86295727363,17.5042903438,16.2489024106,11.6935276236
1008,40.0,40.0,40.0,40.0,50.5778014677,3.36947476931,7.72925715655,18.8813566468,18.9066411651,12.6561443018
1007,40.0,20.0,40.0,40.0,53.7854336415,-2.12455378198,9.93312882176,20.5539663954,21.7731054973,13.8729208581
371,55.0,10.0,40.0,0.0,68.2703212861,-12.6946489393,11.1292600103,33.22852586,38.3398122159,24.9075422422
419,10.0,40.0,55.0,0.0,67.5266908682,14.5292273777,24.4375163242,40.5375663849,37.3337710964,17.6331340647
437,30.0,40.0,55.0,0.0,64.5332053044,8.16835347016,18.5680492156,34.5990919623,33.4619300283,17.9483382706
455,55.0,40.0,55.0,0.0,60.0555137885,-0.0763506306234,11.2507383288,27.1596949812,28.1850069283,17.7686050141
473,85.0,40.0,55.0,0.0,55.2316009518,-8.26740181592,5.19278777704,20.572683151,23.1549660402,16.7828635155
150,85.0,55.0,10.0,0.0,54.5368993677,-0.229197086382,-14.0923894962,21.6323055197,22.4840803146,25.7770261362
1048,0.0,40.0,100.0,40.0,52.4749132067,11.4992998687,28.8639242123,22.2447849778,20.5693469518,7.31912420701
953,20.0,40.0,0.0,40.0,53.2096705176,9.22554905332,0.197215899452,22.4397568031,21.238624053,17.4373419852
1058,40.0,40.0,100.0,40.0,47.9150100618,2.29117872528,20.8123517667,16.53619349,16.7276378373,7.36591458692
963,70.0,40.0,0.0,40.0,47.1465336237,0.716639301813,-7.01417111119,15.6787230534,16.1314935288,16.0519892611
1068,100.0,40.0,100.0,40.0,43.7196782033,-9.11750321563,10.8397297933,11.8087415879,13.6451529777,8.06407977039
418,10.0,30.0,55.0,0.0,71.0997925006,8.68106532192,27.2230400792,43.7190923192,42.3328388621,19.1687676882
436,30.0,30.0,55.0,0.0,67.8250906907,1.99804057707,21.0963946659,36.9950255211,37.7353279073,19.3944397346
454,55.0,30.0,55.0,0.0,63.0591324804,-6.0286453084,13.0404209846,28.9358721496,31.6579045846,19.3185531344
76,100.0,30.0,0.0,0.0,58.4317989496,-13.0473001059,-20.9102341334,22.4915266622,26.4180999648,34.2833137097
738,10.0,20.0,0.0,20.0,68.6881975264,5.3871047553,2.30147872422,39.209568882,38.9129988398,30.6128709325
1278,0.0,0.0,100.0,100.0,41.0052822167,0.295187270472,17.2535908429,11.4853923372,11.8678304344,5.48755270043
1263,40.0,0.0,0.0,100.0,34.8903461484,-0.900437890706,2.74264208438,8.04235439258,8.4436893518,6.3338181734
1284,100.0,0.0,100.0,100.0,36.7549356855,-8.54736723884,8.08909979737,8.08551510442,9.40622420011,5.86914252368
1051,20.0,0.0,100.0,40.0,57.3201254447,-5.1429791221,36.1864136637,23.1808327005,25.2519912587,7.57595135766
962,70.0,20.0,0.0,40.0,51.0178404297,-4.94982295479,-7.0863474819,17.6558644724,19.284008739,19.0219661439
1053,20.0,40.0,100.0,40.0,50.1668919887,6.79975959353,25.0086444249,19.2068944752,18.5587293476,7.2886251631
394,85.0,70.0,40.0,0.0,50.600822582,1.64479693627,-4.14029988226,18.5660136729,18.926260428,17.3669593962
684,30.0,100.0,100.0,0.0,50.7367249508,29.8620883485,18.1558397523,24.6953420727,19.0423570006,9.38622394253
99,10.0,100.0,10.0,0.0,55.7280146194,39.4798003763,0.584663504927,32.6947277117,23.6424490848,19.2321257977
386,70.0,85.0,40.0,0.0,50.5192171462,12.4388602352,-2.60277600003,20.6542363189,18.8567750675,16.6423248192
348,20.0,55.0,40.0,0.0,63.0572719889,17.2724033505,11.4247707065,35.4064300582,31.6556696292,20.0866159652
1037,70.0,20.0,70.0,40.0,50.5277852736,-7.74999845538,12.6470764284,16.7551668948,18.8640626485,10.9631327024
976,20.0,0.0,20.0,40.0,61.0743384814,-3.36323729133,9.02405060947,27.4352270312,29.3329302871,19.5993229959
353,30.0,10.0,40.0,0.0,73.9537422434,-5.12848391627,16.7798750336,43.2061806342,46.6319674184,27.2901543362
1012,70.0,20.0,40.0,40.0,51.1237756022,-7.05642801211,5.02410264256,17.3498313563,19.3756001253,13.9939047573
1003,20.0,40.0,40.0,40.0,52.711385554,7.83942758272,10.9734981824,21.6750623637,20.7831872575,12.8108114364
1014,70.0,70.0,40.0,40.0,44.4839323649,4.94564659961,1.49358753054,14.4624113646,14.1757514382,11.2010732184
180,10.0,100.0,20.0,0.0,55.9955250176,38.7848198575,3.29662248176,32.8237663422,23.9079611582,18.1962582445
1042,100.0,20.0,70.0,40.0,46.1088646717,-13.819876839,8.03200932227,12.6252743839,15.3492374294,10.0233276684
989,70.0,70.0,20.0,40.0,43.7761814725,5.92768490887,-3.28579161048,14.1271825681,13.6839203729,12.4053530454
1032,40.0,20.0,70.0,40.0,51.7541600856,-2.89375656736,17.6801939941,18.6496189514,19.92663336,10.0491791902
979,20.0,70.0,20.0,40.0,47.4597107795,15.6052385685,3.45138041168,18.6473818187,16.3726997526,12.2706736642
1022,0.0,20.0,70.0,40.0,56.4856988644,5.28385423858,26.0557070256,24.7424634012,24.3996178124,9.98312592846
465,70.0,55.0,55.0,0.0,54.4734035878,2.15133490236,6.18437410487,22.0854781515,22.4234159186,15.8179356558
443,40.0,10.0,55.0,0.0,69.7704871879,-9.32700590342,21.299753826,36.1042459757,40.4240351745,20.9179142249
429,20.0,55.0,55.0,0.0,61.852962988,17.6233567594,17.8003064553,33.9898525907,30.2309273859,16.2780303601
407,0.0,10.0,55.0,0.0,78.7706237213,3.71989724567,35.8888561098,54.0341480978,54.5314755131,21.3815508343
847,10.0,40.0,40.0,20.0,60.3205445464,12.2684287702,15.012017406,30.6524966335,28.4806838869,16.3394235122
791,70.0,10.0,10.0,20.0,59.6736172402,-10.6197928565,-5.59655364539,24.2406557096,27.7625602622,25.9830405532
1282,40.0,40.0,100.0,100.0,37.0491385784,1.71367135999,10.6208224677,9.43190005186,9.56447289508,5.44941225555
779,20.0,10.0,10.0,20.0,67.9548609545,-0.667269082858,4.69128224216,36.3554191017,37.91085441,28.3365667894
920,10.0,70.0,100.0,20.0,53.8227350383,20.5346030526,26.0843563487,25.6343039559,21.8080383507,8.64867416689
470,85.0,10.0,55.0,0.0,62.479052774,-21.3996918722,8.103811403,24.544385337,30.966155477,21.2290494249
456,55.0,55.0,55.0,0.0,57.3679028918,4.33858198745,6.88324294404,25.4160245789,25.3013881471,17.6504471194
434,30.0,10.0,55.0,0.0,72.6366220317,-6.0272685792,23.6668530891,41.0164217264,44.6134308105,22.2203950712
420,10.0,55.0,55.0,0.0,64.2325006632,19.9933304037,19.0489531479,37.7670873882,33.0884952537,17.504675997
950,0.0,100.0,0.0,40.0,45.4283499892,28.8784168294,2.2020659537,19.5351117533,14.850209562,11.5044771019
1069,100.0,70.0,100.0,40.0,40.4282784878,-3.98840644533,7.49321644914,10.5629416028,11.5110896269,7.46798313834
948,0.0,40.0,0.0,40.0,55.4244459535,13.5312619888,3.31340754457,25.6105308822,23.3435376541,17.7475946129
481,100.0,30.0,55.0,0.0,55.3616503441,-18.4642795685,2.41706522748,18.6455566373,23.2820216037,18.1000525332
334,10.0,0.0,40.0,0.0,80.3835528927,-4.40851632191,26.4813391431,53.5729543097,57.363392263,28.1178513205
326,0.0,10.0,40.0,0.0,79.7364854528,3.53461421339,26.712897248,55.6136003997,56.2158100346,27.3121944073
562,100.0,30.0,70.0,0.0,55.4683820646,-18.7554745191,7.48790927134,18.6782435489,23.3866428661,15.9880537221
330,0.0,55.0,40.0,0.0,66.6551961467,24.3807889735,16.8846278585,42.5489271861,36.1773302837,20.4475043266
994,100.0,70.0,20.0,40.0,42.2609842568,0.248606824506,-7.08647256899,12.2534641568,12.6695002434,12.8258469589
1025,0.0,100.0,70.0,40.0,45.6187741468,27.2067975593,12.5220151052,19.3658027053,14.9887423648,8.4894125888
813,10.0,100.0,20.0,20.0,50.8872064137,32.1221088494,2.79163248813,25.3802434866,19.1714607853,14.6972860121
1019,100.0,70.0,40.0,40.0,42.2402136631,-1.00877540761,-2.65162577331,12.0575480006,12.6559546826,11.2917849237
998,0.0,40.0,40.0,40.0,55.1647316665,11.9979815875,14.4968480558,24.9815965475,23.0898164607,13.0650906353
1017,100.0,20.0,40.0,40.0,47.6420190268,-11.8895846642,0.961892059035,13.9424142177,16.5142129135,13.270742527
335,10.0,10.0,40.0,0.0,77.463929806,0.347451377929,24.4663043034,50.5698380094,52.3067991679,26.3341134796
971,0.0,0.0,20.0,40.0,62.9114638407,0.163966156245,13.2005823647,30.4007619977,31.4808414242,19.1242045575
1030,20.0,100.0,70.0,40.0,43.3730285695,21.5025469639,10.3935396096,16.4708928398,13.4089150631,8.02436582396
981,40.0,0.0,20.0,40.0,56.713779168,-6.94397043754,5.09447549566,22.207310223,24.630667585,17.94466977
1040,70.0,100.0,70.0,40.0,39.782589948,10.0816034838,3.932095504,12.1296197428,11.1204421584,8.09551484372
991,100.0,0.0,20.0,40.0,49.2526779794,-16.0536409991,-4.68064467004,14.3899599905,17.8000430216,16.597321527
848,10.0,70.0,40.0,20.0,54.6770920943,21.8193936593,11.7506687298,26.8409723673,22.6184088805,13.7675465687
851,20.0,10.0,40.0,20.0,66.8471112217,-1.76769027729,18.2550980136,34.6101036654,36.4299136147,19.9440643393
431,20.0,85.0,55.0,0.0,55.6318628836,29.216633293,12.8192113793,29.7819162092,23.5474980435,13.9853572745
863,70.0,10.0,40.0,20.0,58.2522923062,-12.4396271191,6.8444312529,22.455140357,26.2274235233,18.3517319398
467,70.0,85.0,55.0,0.0,49.7563568008,11.6193077301,2.32543516389,19.8150588173,18.2154230575,14.1236348395
875,0.0,10.0,70.0,20.0,68.8032750144,2.79944475139,35.299621941,38.5491072249,39.0718438005,14.072311952
440,30.0,85.0,55.0,0.0,54.9282677109,24.3055610678,10.8642074746,27.7308915169,22.8604140326,14.2684757967
893,40.0,10.0,70.0,20.0,61.5261894193,-8.02535988959,23.4919327211,26.761435755,29.8518565674,13.7928916091
476,85.0,85.0,55.0,0.0,48.8074754066,5.90853429387,-0.52786129253,17.9053243796,17.4381875191,14.5932110465
731,0.0,10.0,0.0,20.0,72.0480209734,4.23482774131,5.68842043343,43.5966083212,43.7305388797,32.1761996423
1280,0.0,100.0,100.0,100.0,35.806584016,12.7445022801,9.46292874748,10.1462436412,8.90801425735,5.25275128606
749,40.0,10.0,0.0,20.0,64.4508657175,-4.71158088229,-4.45680106502,30.8748435076,33.3593974617,30.2643483191
1286,100.0,100.0,100.0,100.0,33.1789773192,1.51541048972,3.13215449121,7.50681599326,7.62016740364,5.61609127424
91,10.0,0.0,10.0,0.0,81.7711364257,-3.25893578866,9.12040074522,56.4096969159,59.8767227285,41.8116085803
151,85.0,70.0,10.0,0.0,50.9597380566,3.48148517384,-14.8249570779,19.226469439,19.2338963114,22.802374748
127,55.0,0.0,10.0,0.0,71.7186790916,-15.1582688296,-5.08336281876,36.881015073,43.2416524698,39.3988190363
115,30.0,70.0,10.0,0.0,58.908175331,21.3421751436,-2.98067910444,31.4642214766,26.9285945435,23.7930438849
74,100.0,10.0,0.0,0.0,62.2404467634,-19.7262373128,-21.0872253325,24.6945679377,30.6845668676,39.1438693788
799,100.0,40.0,10.0,20.0,50.0264091812,-7.52058682528,-13.1362395368,16.4095607314,18.4407707683,21.1140922829
901,70.0,40.0,70.0,20.0,52.1283835269,-4.07378150384,10.8576589648,18.733528855,20.2586399604,12.4954705995
787,40.0,40.0,10.0,20.0,57.4742742112,5.30853746634,-2.39246357141,25.7572902473,25.4115962553,22.1777575625
889,20.0,40.0,70.0,20.0,59.5449085972,8.60838600791,21.7027434404,28.8036918953,27.6211421251,13.1908774524
769,0.0,40.0,10.0,20.0,64.259993293,15.6551715862,5.87768464307,36.4752090167,33.1225214213,23.9928881454
92,10.0,10.0,10.0,0.0,79.2931277633,1.56658585469,7.46462196013,54.0730344235,55.4384115075,39.7867655584
152,85.0,85.0,10.0,0.0,49.7553941813,9.2759021579,-14.2032521369,19.3458415743,18.2146230923,21.4146947036
128,55.0,10.0,10.0,0.0,69.6131594006,-10.5263459637,-5.35725323572,35.5428918368,40.201994974,36.915182541
116,30.0,85.0,10.0,0.0,56.5391324656,27.0143509606,-3.06055319116,30.2358192985,24.4536169095,21.6945875313
236,100.0,10.0,20.0,0.0,61.2940103586,-22.4330170804,-11.7529629436,23.1447877648,29.5844537872,31.4549668017
323,100.0,85.0,30.0,0.0,46.9925412106,3.40656756596,-11.2706440749,16.0305461418,16.0137638067,17.7681674216
587,20.0,10.0,85.0,0.0,72.8709709376,-3.14884427809,44.0655036885,42.3020954273,44.9682314126,13.4156983004
214,55.0,70.0,20.0,0.0,55.4082660032,11.6671366008,-5.58798352651,25.1510038472,23.3276770455,21.9893402254
623,70.0,10.0,85.0,0.0,62.5615397142,-17.6593859092,27.2439984697,25.5085147968,31.0639008887,13.0672522384
178,10.0,70.0,20.0,0.0,61.6214871759,27.8605706535,5.37865258844,36.7277226328,29.9620766112,21.8593145688
164,0.0,10.0,20.0,0.0,80.084093781,4.31725106905,15.9269334966,56.532995432,56.8303757662,34.6251440712
224,70.0,85.0,20.0,0.0,50.480942579,14.305157584,-7.88938760465,21.0086260366,18.8242437298,18.9649519617
200,40.0,10.0,20.0,0.0,71.6195235858,-7.69437317521,3.12096621143,39.0679676322,43.0951795709,33.3994318231
188,20.0,85.0,20.0,0.0,56.8089413461,30.5614288929,1.83909915162,31.5110901362,24.7274983454,19.5191217211
398,100.0,10.0,40.0,0.0,59.868607248,-24.3285725115,-0.782676415375,21.3943927111,27.9777230725,23.5014047187
1277,100.0,100.0,40.0,100.0,31.641454542,2.58314894316,0.450116725692,6.93550793491,6.92757234301,5.62251792509
815,20.0,10.0,20.0,20.0,67.5061967877,-1.17237561878,8.66756712419,35.6239251236,37.3062972344,25.5502735342
1271,0.0,100.0,40.0,100.0,35.0194425864,11.7280990532,6.41448920118,9.58822030317,8.5081112608,5.59360750011
827,70.0,10.0,20.0,20.0,59.0618082286,-11.735860014,-2.67342754988,23.3859680553,27.094622169,23.7701641004
233,85.0,85.0,20.0,0.0,49.9523828513,6.94891341856,-11.9350418842,19.0542801686,18.3788149842,20.4581100039
596,30.0,10.0,85.0,0.0,71.8160901155,-6.59606450776,37.1202476929,39.6875499739,43.3858712287,15.3959782595
197,30.0,85.0,20.0,0.0,56.005797289,26.1343066047,-1.03898528942,29.394858498,23.9181961321,20.2346547785
632,85.0,10.0,85.0,0.0,59.9357006785,-23.7247312193,18.5201227836,21.5843130541,28.0520139545,14.6473316539
873,100.0,100.0,40.0,20.0,40.7351549643,4.33136118195,-5.76908925263,11.8923391082,11.6999166693,11.4644022673
826,70.0,0.0,20.0,20.0,61.3841215328,-15.7442025938,-1.73932918883,24.762521658,29.6880452177,25.4662954619
861,40.0,100.0,40.0,20.0,46.2348895085,21.9427746585,2.19299738898,18.8528583877,15.4428623665,11.9765846097
814,20.0,0.0,20.0,20.0,70.8461413488,-4.8372805203,10.3257653851,38.9172278764,41.9640710517,27.9441622842
843,0.0,100.0,40.0,20.0,51.5209662712,35.5831891016,9.72353681713,26.8804080426,19.7215923896,12.5260356197
87,0.0,55.0,10.0,0.0,67.736353253,25.1434136238,4.89386270085,44.3934117377,37.6156146057,27.9863972058
139,70.0,30.0,10.0,0.0,62.9666164569,-5.80079709988,-9.28074393338,28.8915688047,31.5468951175,31.723549615
123,40.0,55.0,10.0,0.0,60.5889917993,11.5621916397,-5.12178671016,30.7741573232,28.7822731311,26.6203201914
103,20.0,30.0,10.0,0.0,71.497938162,7.07534858718,2.63231726274,43.7568096437,42.9160250443,33.5887559996
159,100.0,55.0,10.0,0.0,53.3265702414,-4.09896165878,-16.5362994506,19.7487637746,21.3464262672,25.9810706973
734,0.0,70.0,0.0,20.0,58.9015163949,25.1558170072,1.08646044062,32.5135823195,26.9214137578,21.657051794
924,20.0,20.0,100.0,20.0,63.2963547573,0.859055724914,37.3766285545,31.0360497393,31.9437355817,10.1113128756
752,40.0,70.0,0.0,20.0,53.2717872778,14.6680881609,-6.14520698497,23.7130543125,21.295861384,20.4255347221
936,70.0,20.0,100.0,20.0,55.0075550797,-11.3055551257,24.5236453793,19.756610949,22.9371635028,9.67852852311
764,100.0,70.0,0.0,20.0,47.3042497286,1.40857137494,-14.7144480301,15.9163426921,16.2526667385,19.5978829292
176,10.0,40.0,20.0,0.0,69.7093542128,14.8824811629,8.10315952442,43.790204114,40.3376599891,28.1023893038
228,85.0,20.0,20.0,0.0,61.3223733701,-14.41123248,-8.51923440304,25.012727277,29.617033756,29.4277498621
212,55.0,40.0,20.0,0.0,61.2512696286,1.542982297,-3.77529790302,28.8786288432,29.5354035927,26.5013626254
192,30.0,20.0,20.0,0.0,71.4960950139,0.322494865016,5.3672068298,41.4873692717,42.9133130172,31.7615510513
321,100.0,55.0,30.0,0.0,51.7145475518,-5.83035272836,-9.94191845139,18.0548048845,19.8917034147,20.972863875
967,100.0,20.0,0.0,40.0,46.9740049914,-9.91650645787,-11.1843176548,13.7984633098,15.9996313098,17.7156231586
1064,70.0,70.0,100.0,40.0,42.7426998674,3.54536429126,11.8087926438,13.0561339833,12.9863690903,7.38714196187
957,40.0,20.0,0.0,40.0,53.8449454793,-0.57982427089,-2.28345920119,20.9280838483,21.8288562221,19.055224655
1054,20.0,70.0,100.0,40.0,46.7053668852,13.9507949039,19.1372907022,17.7142037135,15.795747107,7.26488975886
947,0.0,20.0,0.0,40.0,60.1425534138,6.53857677315,4.93162092105,28.9347727746,28.2818843631,20.8032301805
177,10.0,55.0,20.0,0.0,66.2357412412,21.1809123688,6.68611070318,40.8916028569,35.6293472855,25.4320691018
211,55.0,30.0,20.0,0.0,65.0389000058,-3.81829711195,-2.30370405771,31.8124042817,34.09625219,29.547591735
213,55.0,55.0,20.0,0.0,58.7838867021,6.87867242198,-4.6315365898,27.527752619,26.7947759889,24.5775564454
175,10.0,30.0,20.0,0.0,73.2896502473,9.38327530031,9.70768238668,47.2741178493,45.6067786513,30.9510992267
775,10.0,40.0,10.0,20.0,62.9568152012,12.6714301304,3.75885933467,33.9338910476,31.5351498703,23.9234038887
1272,40.0,0.0,40.0,100.0,36.0951469194,-2.02659588056,6.70315752135,8.49993994312,9.05769794588,5.92207477739
1273,40.0,40.0,40.0,100.0,34.8674665098,2.25767536945,5.0398133817,8.38501269562,8.43230595197,5.82569870382
774,10.0,20.0,10.0,20.0,67.4947522173,5.10715807883,5.83703026896,37.5122266579,37.2909607905,27.1758690053
95,10.0,40.0,10.0,0.0,68.4738311889,16.2850223689,3.59898700018,42.4628634193,38.6182515056,29.5598289386
147,85.0,20.0,10.0,0.0,60.8442730724,-14.0047352033,-13.566460186,24.6254553671,29.0710388979,32.1353074434
131,55.0,40.0,10.0,0.0,60.5592810318,1.8945421722,-8.44554152602,28.2025497001,28.7487900528,28.5713916255
111,30.0,20.0,10.0,0.0,71.4383343432,0.699583124085,0.668529313928,41.5296292316,42.8283812571,34.8698564162
78,100.0,55.0,0.0,0.0,52.7360275478,-3.36420207719,-20.0741254302,19.3870046695,20.8055557278,27.4513158919
800,100.0,70.0,10.0,20.0,47.279420597,0.240526259518,-12.7633137064,15.6953916612,16.2335504225,18.6665543278
900,70.0,20.0,70.0,20.0,56.2289606078,-10.8269391242,15.3953681268,20.9341047623,24.14127083,13.4072253239
788,40.0,70.0,10.0,20.0,52.9821657019,14.1845627603,-3.77200961927,23.3219153762,21.0298660867,19.0556901052
888,20.0,20.0,70.0,20.0,64.5810883899,1.11042741141,26.9555233061,32.6358054877,33.5216524734,14.4813822695
770,0.0,70.0,10.0,20.0,58.4039535625,25.1147318451,4.12998466753,31.9047912042,26.3884615416,19.7372873914
96,10.0,55.0,10.0,0.0,66.4492216282,21.4110623659,2.31437955616,41.2684167165,35.9075449072,28.203834138
148,85.0,30.0,10.0,0.0,60.9094659768,-9.59865082213,-12.6344113239,25.7332223432,29.1450912783,31.5973225157
132,55.0,55.0,10.0,0.0,58.9169245929,7.42974267835,-7.9539399402,27.8107924042,26.9380314111,26.590801354
112,30.0,30.0,10.0,0.0,69.3488982864,4.57433658189,0.175335236078,39.8593712817,39.8308698326,32.7472978907
240,100.0,55.0,20.0,0.0,52.2423418175,-5.34906202516,-13.5361557964,18.5817706398,20.3604699323,23.290269141
319,100.0,30.0,30.0,0.0,56.5127730104,-16.1862209862,-8.70002788263,20.0815765866,24.4269685421,24.6619892008
591,20.0,55.0,85.0,0.0,61.3818052505,16.8060895484,29.081630259,33.1741992832,29.6853794059,11.714196968
1396,40.0,27.0,27.0,80.0,39.4501172816,0.876766981101,4.7151666234,10.6491350553,10.922786364,7.74364793107
627,70.0,55.0,85.0,0.0,53.273622821,0.151667563532,15.9346037559,20.568450363,21.2975543031,11.43599008
174,10.0,20.0,20.0,0.0,75.0656018336,5.79903386282,11.1621345499,48.75362886,48.3825906093,31.9975114186
168,0.0,55.0,20.0,0.0,67.2152649684,25.3117019187,8.99875610083,43.680513431,36.9177337561,25.0814018897
220,70.0,30.0,20.0,0.0,62.2190566019,-6.47948258426,-5.18922925355,27.8927278416,30.6594071793,28.3312220333
204,40.0,55.0,20.0,0.0,60.0683755368,11.4835080174,-1.34572577961,30.1508246425,28.1993084466,23.9909778007
184,20.0,30.0,20.0,0.0,70.8373168419,6.61045910232,6.62828233107,42.6348485997,41.9512803415,30.2174678253
402,100.0,55.0,40.0,0.0,51.3414525405,-6.95255105711,-5.39432657015,17.5427080835,19.5647125581,18.4991106765
1275,100.0,0.0,40.0,100.0,34.4205239584,-6.02783243794,3.47756390604,7.27798414237,8.21198402156,5.9946845303
1270,0.0,40.0,40.0,100.0,36.3009315319,6.0326337037,8.32134396165,9.56690148677,9.16546081004,5.65610767312
1269,0.0,0.0,40.0,100.0,37.5944302868,1.05953490295,10.484868781,9.64178118082,9.86245440432,5.6699347409
1276,100.0,40.0,40.0,100.0,33.8078279096,-2.46783974128,1.60532112193,7.37336492446,7.91623796471,6.17222544449
229,85.0,30.0,20.0,0.0,59.7457428556,-11.554374052,-10.1055514683,24.0972066232,27.8420186361,28.7287470197
600,30.0,55.0,85.0,0.0,60.5785701423,12.3449000037,24.5628781951,30.9739352183,28.7705253006,12.8017792679
193,30.0,30.0,20.0,0.0,68.9964254034,3.53305628975,3.58758739093,39.042937799,39.3394258091,30.1331250331
636,85.0,55.0,85.0,0.0,51.9593647785,-6.15236804975,9.73009425201,18.1940041652,20.1082355896,12.7918061256
944,100.0,70.0,100.0,20.0,42.5206794857,-6.74907464426,7.55724905833,11.4137774292,12.8396774141,8.3874323688
756,70.0,20.0,0.0,20.0,57.0175871871,-7.12900051821,-10.816165148,22.4526486888,24.9406900975,26.3515471697
932,40.0,70.0,100.0,20.0,48.8426747076,11.0265139937,19.7828758657,18.916113342,17.4666168994,8.03512498349
744,20.0,20.0,0.0,20.0,66.482541343,3.39718672496,-0.0738768418646,35.6707894414,35.9510958117,29.7096678711
914,0.0,70.0,100.0,20.0,54.8635219808,24.5636660981,28.9840163051,27.7256054797,22.7978678762,8.34813472645
83,0.0,10.0,10.0,0.0,80.8422934263,4.44373112863,10.6621387482,57.9199443036,58.1863654073,39.3873787193
143,70.0,85.0,10.0,0.0,50.9428493787,13.8697765244,-11.12464664,21.3361881257,19.2193463819,20.8995545774
119,40.0,10.0,10.0,0.0,72.3572666207,-6.9879585218,-1.62318401651,40.312091082,44.1929353747,37.6418228368
107,20.0,85.0,10.0,0.0,57.4237041752,30.3246458619,-1.2685247962,32.1781076328,25.3591623491,21.5592931237
155,100.0,10.0,10.0,0.0,61.9886109465,-21.2696241298,-16.4092075358,24.0862555478,30.3892224303,35.4199393917
805,0.0,40.0,20.0,20.0,64.0550029867,15.0946447542,9.28786863711,36.039947822,32.8693765369,22.0059074435
853,20.0,40.0,40.0,20.0,60.3149467693,9.25658752899,12.5857062787,29.841610872,28.4744175469,17.3768077182
823,40.0,40.0,20.0,20.0,57.2963499758,4.75536339399,0.896446982274,25.4418069913,25.2274338837,20.3754373825
865,70.0,40.0,40.0,20.0,53.3628395816,-2.49180766376,2.70014138551,20.1053924961,21.3799470043,16.4725871481
835,100.0,40.0,20.0,20.0,50.2762231344,-8.34749927096,-9.57112263996,16.4539960396,18.650878229,19.5887546906
172,10.0,0.0,20.0,0.0,81.0370817821,-3.56253917445,14.7078808463,55.0179812838,58.5381798439,36.6488796513
232,85.0,70.0,20.0,0.0,51.5842906368,3.25044182969,-11.0128605537,19.7165325721,19.7771319797,21.3960063139
208,55.0,0.0,20.0,0.0,71.4309877741,-15.5721185273,0.737937452723,36.3791139289,42.817586842,34.8126823395
196,30.0,70.0,20.0,0.0,59.2773317724,20.7273641828,1.09436552314,31.7327248486,27.3286817568,21.9834228613
317,100.0,10.0,30.0,0.0,60.1768205661,-23.6572961909,-7.98295162122,21.8212375517,28.3200854404,27.8920801653
404,100.0,85.0,40.0,0.0,46.5188663923,2.26720269562,-7.48557486318,15.4805095787,15.6552250938,15.7995201978
182,20.0,10.0,20.0,0.0,75.8418407933,-1.85828658499,9.77955743077,47.187570387,49.6303995541,33.8219580686
620,55.0,85.0,85.0,0.0,49.506312811,15.1801033029,13.0627859879,20.3195436383,18.0084152592,10.2764546383
218,70.0,10.0,20.0,0.0,66.0596186064,-14.6029284966,-3.94620752576,30.0810163361,35.4009172372,31.7223886559
584,10.0,85.0,85.0,0.0,56.4169936762,32.6567802903,24.3103694949,31.6226439494,24.3303024062,10.4838332457
173,10.0,10.0,20.0,0.0,78.1528682381,1.18546143348,13.0528802541,52.016027432,53.4720330375,34.3100110194
215,55.0,85.0,20.0,0.0,53.0050536155,16.7865578559,-6.38016985028,23.9337376884,21.0508058241,20.3159798071
209,55.0,10.0,20.0,0.0,68.6769668989,-11.2574048271,-0.467481937378,34.1439786515,38.8975199612,32.4038153971
179,10.0,85.0,20.0,0.0,58.8526147561,32.845161899,3.66002271666,34.6550690731,26.8687188865,20.3363145281
803,0.0,10.0,20.0,20.0,71.4198530807,3.48648477644,13.608403108,42.4293278196,42.8012299416,26.5875611677
1274,40.0,100.0,40.0,100.0,33.3003144028,7.39149398781,3.13582777423,8.20225989355,7.67670936905,5.6586036348
821,40.0,10.0,20.0,20.0,64.1259474762,-6.13119691835,3.11491843377,30.1174745797,32.9568402126,25.3945982632
776,10.0,70.0,10.0,20.0,56.6607185516,21.8345459694,2.10235143753,29.0095366502,24.5767865338,19.2745428346
1120,100.0,100.0,20.0,60.0,35.5134356342,4.2688492535,-5.15422625084,8.94146493043,8.75764989303,8.55841931305
1161,70.0,0.0,70.0,60.0,46.1164428518,-11.349430759,13.6144255717,13.0023860189,15.3548566021,8.42588269207
1110,40.0,100.0,20.0,60.0,38.7515808461,14.1735428097,0.479454900437,12.078553682,10.5151632998,8.54458178364
1151,20.0,0.0,70.0,60.0,51.960749796,-3.47321113408,21.969482241,18.7098639497,20.1094650372,8.89995230591
1100,0.0,100.0,20.0,60.0,41.6871910322,22.9514525203,4.82609133281,15.4562650465,12.2988416329,8.7411513325
721,100.0,0.0,100.0,0.0,58.8622889252,-32.0429229853,24.5675265502,18.9392805799,26.8791380065,11.7715875274
63,70.0,100.0,0.0,0.0,49.5512439965,19.751685502,-12.7587151233,21.3115628348,18.0454969326,20.5226825013
685,40.0,0.0,100.0,0.0,70.8816483267,-14.6091785639,44.6833451496,35.956368409,42.0155630327,11.9779738782
27,20.0,100.0,0.0,0.0,54.5371994928,36.3394556902,-3.87405895125,30.4220794797,22.4843673161,20.3819415347
649,0.0,0.0,100.0,0.0,80.7507132933,-1.00677808664,61.8111965535,55.5455914541,58.0214474572,11.9396504215
397,100.0,0.0,40.0,0.0,62.5118673996,-28.4334607654,-0.446925216718,22.9773649853,31.0050155691,25.8366087373
387,70.0,100.0,40.0,0.0,48.220686766,16.7911749114,-3.75804291599,19.5248740189,16.9687897616,15.4755531153
361,40.0,0.0,40.0,0.0,73.5430478557,-13.4053519593,16.7056884443,39.8910168438,45.9961678997,26.9166474249
351,20.0,100.0,40.0,0.0,53.4630006173,34.8282158861,6.41009779863,28.804909427,21.4726997552,15.0219420641
325,0.0,0.0,40.0,0.0,82.8890050452,-1.08277194739,31.4918375859,59.2879466507,61.954100272,27.7028117729
73,100.0,0.0,0.0,0.0,63.9738346316,-23.7886899356,-21.0186216809,25.4985439091,32.7694983663,41.3835713832
711,70.0,100.0,100.0,0.0,46.4403844149,14.6421544775,10.077344373,17.6300506343,15.5963415262,9.58255484112
37,40.0,0.0,0.0,0.0,75.2977367631,-10.2618199415,-5.75319558612,43.430074686,48.7535301185,44.8006958417
675,20.0,100.0,100.0,0.0,51.4015550789,34.4262150542,20.8648814384,26.4697883899,19.617144098,8.93940558047
1367,0.0,0.0,0.0,0.0,84.4469135735,0.537326776678,6.96454262373,62.8437345174,64.9285676939,47.3660554816
1170,100.0,100.0,70.0,60.0,35.9885059443,2.84023723491,1.19736939707,9.01504815964,9.00218725838,7.1340401535
1111,70.0,0.0,20.0,60.0,46.2095417499,-8.01431981661,1.90151618238,13.5791571698,15.4240007983,12.0614836316
1160,40.0,100.0,70.0,60.0,38.6226043746,12.5545850965,6.83701500443,11.766266363,10.4410275559,6.87158512557
1101,20.0,0.0,20.0,60.0,51.2047419358,-2.10567900334,8.32537500452,18.3455456843,19.4457986953,12.8288614833
1150,0.0,100.0,70.0,60.0,41.290225815,21.1141953668,11.2177408651,14.8583672318,12.0466872213,6.92331542055
1268,100.0,100.0,0.0,100.0,31.4290825152,3.44118109034,-1.74132920476,6.92976945255,6.83534127783,6.00789018778
929,40.0,10.0,100.0,20.0,60.2835662403,-8.39640860052,34.5434358064,25.3762121064,28.4393061454,9.40729899486
1262,0.0,100.0,0.0,100.0,33.7611416061,11.4980318739,3.71051708748,8.90313885798,7.89399847382,5.70431318181
916,10.0,0.0,100.0,20.0,68.6127609716,-3.67076221343,47.8271727381,36.3048005151,38.809105429,9.72419081818
54,55.0,100.0,0.0,0.0,51.3361908157,22.1478136465,-11.5262292752,23.5175264016,19.5601268496,21.4391218845
614,55.0,10.0,85.0,0.0,65.6889720977,-14.9237971236,28.5546741194,29.5733462527,34.9233845625,14.6023746079
18,10.0,100.0,0.0,0.0,56.3887325172,38.8196182666,-2.22668586109,33.3140610172,24.301828389,21.1440225144
578,10.0,10.0,85.0,0.0,75.8933810646,-0.208166436034,45.0828769158,47.8634537834,49.714001973,15.0220576056
3,0.0,20.0,0.0,0.0,77.7181971513,10.1677516763,3.75322271886,54.7893464498,52.7348613956,40.5496086466
673,20.0,70.0,100.0,0.0,57.0484936814,22.5462561165,29.8054909929,29.6330125814,24.9723737909,9.16503062848
39,40.0,20.0,0.0,0.0,69.7493228101,-2.07900995185,-7.67654412038,38.2982638566,40.3941179447,38.79533225
709,70.0,70.0,100.0,0.0,50.0267349295,4.13244986018,16.4017435725,18.5685481538,18.4410437082,9.54106408603
75,100.0,20.0,0.0,0.0,59.1697877684,-16.1885367153,-21.6005576753,22.5002421224,27.2117206887,35.6537948948
1149,0.0,70.0,70.0,60.0,44.7384630548,16.0488158327,14.9419359681,16.5479157482,14.3554703631,7.46365102923
1102,20.0,20.0,20.0,60.0,49.6896042543,2.43682872288,6.77143190553,17.9676473208,18.1600052087,12.4538250461
1159,40.0,70.0,70.0,60.0,41.6581587096,7.73177953176,8.97941615064,12.9817774425,12.2802820048,7.62735460241
1112,70.0,20.0,20.0,60.0,44.8454408417,-4.26923241208,0.343116849611,13.2475967049,14.4314562934,11.7910051895
1169,100.0,70.0,70.0,60.0,38.4142579739,-1.71097074385,2.1537968359,9.737224374,10.3220073991,7.9435359304
327,0.0,20.0,40.0,0.0,76.6796960248,8.31740695184,24.5465530491,52.3164436209,51.0011342073,25.5148232536
349,20.0,70.0,40.0,0.0,60.1012327941,22.5776245988,9.58265490737,33.2457863618,28.2358657755,18.5567632824
363,40.0,20.0,40.0,0.0,68.1657130549,-4.82033544863,12.2056271334,35.3846006163,38.1972110008,24.2141466423
385,70.0,70.0,40.0,0.0,53.3087758873,6.41731285666,-0.732135423182,21.9225828511,21.3299932439,17.9249450773
399,100.0,20.0,40.0,0.0,57.9409468385,-21.1021606453,-2.29948816813,20.3346914785,25.8988842711,22.5466112201
1099,0.0,70.0,20.0,60.0,43.7630882112,15.7882051372,6.18207951936,15.7629403257,13.6749304424,9.37177496614
1152,20.0,20.0,70.0,60.0,47.5142342137,1.14348633415,17.7786949059,16.028026558,16.4149374029,7.9603725928
1109,40.0,70.0,20.0,60.0,40.199330603,8.76459779019,1.35894013098,12.1993704529,11.3715446336,8.99345203639
1162,70.0,20.0,70.0,60.0,42.9793860556,-5.78513612919,10.2949329059,11.8289352726,13.1439765227,7.87349008654
1119,100.0,70.0,20.0,60.0,37.3018323529,0.524133252988,-4.13971495792,9.41958104066,9.70180294369,9.13624397895
651,0.0,20.0,100.0,0.0,74.2228194898,9.28581799597,54.9069669817,48.7000758338,47.0516888868,10.5161172567
25,20.0,70.0,0.0,0.0,61.1091788216,24.4647175289,-3.83836696974,35.0502488395,29.3727268521,26.3959081945
687,40.0,20.0,100.0,0.0,64.9652987261,-5.85389930698,38.8252450711,31.1668708762,34.0034356805,10.5539263641
61,70.0,70.0,0.0,0.0,54.171941204,9.66812077547,-13.9880708025,23.4596145045,22.1368847877,25.3612748292
723,100.0,20.0,100.0,0.0,54.7689838465,-24.1098214167,20.0136194317,17.1036764388,22.706746501,10.9456970408
170,0.0,85.0,20.0,0.0,59.9373305089,37.262920295,6.34068637213,37.3830864391,28.0538202593,19.9445429725
598,30.0,30.0,85.0,0.0,66.3685635376,1.89711472383,33.9785528198,35.0803615101,35.8022655039,13.0055003975
206,40.0,85.0,20.0,0.0,53.9190492097,21.6543939585,-3.55446733814,26.0032235661,21.8984095666,19.7143361789
634,85.0,30.0,85.0,0.0,56.3093324371,-16.2648959383,16.8065088124,19.8879567701,24.2219491854,12.9436778321
739,10.0,40.0,0.0,20.0,63.3188410142,12.6461116964,0.883383308284,34.3785343079,31.9709183729,25.8714523309
923,20.0,10.0,100.0,20.0,64.5716865262,-3.15342332917,39.3394653251,31.4412166481,33.5099203446,10.1835504422
1264,40.0,40.0,0.0,100.0,33.4566403867,2.99442085668,1.99425671667,7.79262958264,7.74996722586,5.95628767769
941,100.0,10.0,100.0,20.0,51.5383791647,-23.0792072263,16.0366789034,14.8549871566,19.7368542516,10.4408146101
725,100.0,40.0,100.0,0.0,48.6152276022,-16.7056265264,14.8394992528,13.8436422199,17.2834591544,9.28736757069
59,70.0,40.0,0.0,0.0,59.3413171983,-0.919741201085,-15.3344915431,26.1963416654,27.398428813,31.5949569213
689,40.0,40.0,100.0,0.0,59.1828736105,3.01813883398,31.5598369656,26.9942417693,27.2259345218,9.72684163077
23,20.0,40.0,0.0,0.0,67.8863444985,13.0854997152,-3.01961627318,40.5721561129,37.8181117835,33.1994095671
653,0.0,40.0,100.0,0.0,68.1376128375,18.9492036941,45.1421563163,42.8710362213,38.1589653217,10.2899062575
401,100.0,40.0,40.0,0.0,53.5467174432,-12.277491926,-4.89791661921,18.3307955781,21.5504300701,20.0505338025
383,70.0,40.0,40.0,0.0,58.5971731513,-3.50890189968,1.93775318919,24.8145889786,26.5945804328,20.9663707238
365,40.0,40.0,40.0,0.0,62.8435087947,4.22000617222,8.18861976267,31.4204968553,31.3995817365,21.5023579618
347,20.0,40.0,40.0,0.0,67.260923043,10.9843697221,14.2122279663,39.0336605542,36.9785345354,22.3166266792
329,0.0,40.0,40.0,0.0,70.5396093221,18.0873103299,19.5686036657,46.1501596541,41.5212885894,22.470470369
1118,100.0,40.0,20.0,60.0,41.0914794885,-3.99948602266,-3.85839564075,10.9446287682,11.9217476598,11.039357304
1163,70.0,40.0,70.0,60.0,43.0700373952,-2.00329375558,8.83087324689,12.435015683,13.2046766145,8.29973545794
1108,40.0,40.0,20.0,60.0,45.1578782243,3.78609957669,2.70094525312,14.7493517877,14.6549135834,11.1862437059
1153,20.0,40.0,70.0,60.0,46.0571968249,5.74442331077,15.6487830601,15.7360785274,15.3109625796,7.86127704129
1098,0.0,40.0,20.0,60.0,48.3080194399,9.62375093884,7.98899529959,18.2011541744,17.0381106934,11.2330908785
77,100.0,40.0,0.0,0.0,55.3917398295,-8.2760457696,-20.4931362834,20.7138095388,23.3114844652,30.5296713703
707,70.0,40.0,100.0,0.0,56.0554853367,-5.42292389548,23.4894254449,21.9223733938,23.9677450073,10.5457820567
41,40.0,40.0,0.0,0.0,64.0740993538,6.75407062102,-8.31121556915,33.6172277779,32.8929041891,32.3426282117
671,20.0,40.0,100.0,0.0,64.5997760043,11.1350333575,38.778282721,35.5583511386,33.5449799693,10.3717291508
5,0.0,40.0,0.0,0.0,71.6776543285,19.8415227944,2.05161744269,48.5480221521,43.1810103455,34.1978127425
1168,100.0,40.0,70.0,60.0,38.7144871256,-6.10721306908,4.85477094908,9.35318546183,10.4938059803,7.3893286318
1113,70.0,40.0,20.0,60.0,41.7708152901,0.275644684875,-0.482280918689,11.9509705004,12.3524049859,10.3407917979
1158,40.0,40.0,70.0,60.0,43.3387774432,2.347513872,12.1636414357,13.2664772675,13.3857224337,7.55506327596
1103,20.0,40.0,20.0,60.0,45.7177076721,7.05978164167,5.32131287118,15.7105288195,15.0610549662,10.6542930926
1148,0.0,40.0,70.0,60.0,46.8691492678,9.20328527368,17.9735076896,16.9692535648,15.9198430987,7.62491940557
1266,100.0,0.0,0.0,100.0,33.346705046,-3.99632765664,-0.37509988368,7.01291681865,7.69840067287,6.43636996806
1281,40.0,0.0,100.0,100.0,38.374267387,-3.60133887792,13.3029336113,9.48071514945,10.2992663093,5.36944255285
1260,0.0,0.0,0.0,100.0,35.2844727834,1.8048791739,5.47978382052,8.53863877201,8.64139222846,5.88488729576
919,10.0,40.0,100.0,20.0,59.1454781392,11.1562392692,33.9052106826,29.017814596,27.1853287184,9.02724244405
231,85.0,55.0,20.0,0.0,55.1132805917,-1.56230562544,-10.2096279154,21.8791673246,23.0397718466,24.1655684614
618,55.0,55.0,85.0,0.0,56.0709349143,2.98455240406,17.4569633825,23.7998559199,23.9831652464,12.5652942257
195,30.0,55.0,20.0,0.0,62.5550765311,14.1597658575,1.00893291947,33.8637756261,31.0562347267,25.0562398344
582,10.0,55.0,85.0,0.0,63.9656708367,19.7772974692,30.2809562729,37.3455434806,32.7594639785,12.8453375979
7,0.0,70.0,0.0,0.0,63.5015111591,32.5690808051,0.968802111903,40.7619914636,32.1923131493,26.0027873404
669,20.0,20.0,100.0,0.0,69.1524594296,1.84254519852,47.4590787586,38.721487392,39.5564783861,10.1156745218
43,40.0,70.0,0.0,0.0,56.8668066194,17.8073976418,-9.11910768019,28.2017893873,24.7865021261,25.2359794725
705,70.0,20.0,100.0,0.0,60.0352757469,-14.3784512034,29.8508193815,23.7372321328,28.1625131914,10.7036803695
79,100.0,70.0,0.0,0.0,50.8066754819,0.883921865566,-19.568706131,18.5904130987,19.1022978941,25.2365955222
1147,0.0,20.0,70.0,60.0,50.6394893095,4.34983958978,21.4761208201,19.1255395049,18.9592438724,8.40876743546
1104,20.0,70.0,20.0,60.0,43.7109819557,12.7940969782,3.81621035592,15.2127190593,13.6391929146,10.0480951592
1157,40.0,20.0,70.0,60.0,47.0070286048,-2.38050918042,14.6922014959,15.0498677827,16.0248151661,8.55025566854
1114,70.0,70.0,20.0,60.0,41.0369566949,5.20639712969,-1.59605329438,12.2069914436,11.8876241919,10.2939045306
1167,100.0,20.0,70.0,60.0,43.1521282724,-10.9105697248,7.11835631815,11.2141408525,13.2598056105,8.80601138534
331,0.0,70.0,40.0,0.0,63.5413345461,29.7975764219,15.2585157694,39.920607108,32.2407140869,18.6738860876
345,20.0,20.0,40.0,0.0,72.7029718066,1.62573442511,18.2444021028,43.6695741301,44.713693232,25.2024098094
367,40.0,70.0,40.0,0.0,57.367333856,15.1780712499,5.0935442465,28.0816678165,25.3007994449,18.4541919382
381,70.0,20.0,40.0,0.0,63.1804914053,-12.1215023428,5.37745875303,27.5153898153,31.8039169327,23.2611305385
403,100.0,70.0,40.0,0.0,49.9324756844,-3.04679237004,-6.24077217295,17.1431607241,18.3621775393,17.7855059748
1097,0.0,20.0,20.0,60.0,50.9708208674,5.14724666299,9.7667839997,19.5668189588,19.2434483612,12.1799586921
1154,20.0,70.0,70.0,60.0,42.4639920541,11.4588878861,12.0580350146,14.1071277724,12.80240118,7.20785338921
1107,40.0,20.0,20.0,60.0,46.8804016349,-0.522267778127,4.04031168287,15.2710600835,15.9283926648,11.7273038056
1164,70.0,70.0,70.0,60.0,38.7191570736,3.30932938062,6.25575166514,10.5537825585,10.496493187,7.04958724232
1117,100.0,20.0,20.0,60.0,40.961328141,-8.03772205317,-3.15039461512,10.332611428,11.8403994286,10.7402265745
655,0.0,70.0,100.0,0.0,60.9709180801,31.3605082284,36.2140686564,36.9396451772,29.2150095353,9.26670842971
21,20.0,20.0,0.0,0.0,74.289082494,3.85715675938,-1.21778743703,46.8372463686,47.1554345906,39.8284445473
691,40.0,70.0,100.0,0.0,54.3951419169,14.2704291633,24.0120383524,24.7367525858,22.3487943254,9.51800534202
57,70.0,20.0,0.0,0.0,64.6277467106,-8.42346093529,-13.9218052235,30.0830405001,33.5799156408,36.8927527949
727,100.0,70.0,100.0,0.0,47.1816712216,-6.24477506838,10.0143945314,14.5340262075,16.1584374019,9.98309126919
166,0.0,30.0,20.0,0.0,74.7813770202,12.5212146385,12.7395397942,50.8000918869,47.9309824084,30.6559759707
602,30.0,85.0,85.0,0.0,54.2242958799,24.3185350898,19.4417689473,26.9762251872,22.1864701769,10.8278894043
202,40.0,30.0,20.0,0.0,66.7799901918,0.0759921998484,1.16100603902,35.0662898008,36.3414410261,29.2596652882
638,85.0,85.0,85.0,0.0,47.5700731283,2.73296444112,6.52118866543,16.3502712903,16.458269344,11.2972413255
767,0.0,10.0,10.0,20.0,72.1589561803,3.71272310243,9.6129676633,43.5816359565,43.8960407677,29.7724017142
1279,0.0,40.0,100.0,100.0,38.1950155886,5.72213474882,13.3482048526,10.5741260566,10.1977431437,5.29880495903
785,40.0,10.0,10.0,20.0,64.5530220239,-5.52479113887,-0.373510577746,30.773982884,33.4866379308,27.8535000747
1285,100.0,40.0,100.0,100.0,34.7724684456,-4.06072032466,5.44312937553,7.64396841387,8.3851506061,5.70661816467
1116,100.0,0.0,20.0,60.0,42.4642183002,-13.2661959697,-3.27615813269,10.4965625088,12.8025498102,11.6272628743
1165,70.0,100.0,70.0,60.0,37.1997921426,7.5275647614,4.27386866882,10.248231693,9.64619059486,6.89758619739
1106,40.0,0.0,20.0,60.0,49.4225078323,-5.53936081474,5.33834317402,16.2993324679,17.9393868783,12.7981862735
1155,20.0,100.0,70.0,60.0,40.3143269963,18.4937807505,9.32058624804,13.7517867025,11.4414937371,6.97433898073
1096,0.0,0.0,20.0,60.0,54.3015249667,0.596356650094,11.5134532884,21.5919600897,22.25974934,13.6142041483
729,100.0,100.0,100.0,0.0,43.3127407549,2.89556976925,4.16635156268,13.3337915798,13.3681099889,9.73612471818
55,70.0,0.0,0.0,0.0,69.873084472,-16.3757861359,-12.673239054,34.1547804004,40.5692725184,42.8264559695
693,40.0,100.0,100.0,0.0,48.7167558326,25.2650624923,15.0753967487,21.7194545893,17.3650583876,9.2698219861
19,20.0,0.0,0.0,0.0,79.9950605681,-4.83422220886,0.862594452044,52.7559330038,56.672542028,46.0334589763
657,0.0,100.0,100.0,0.0,54.8602272075,42.7970035413,25.5975562911,32.5757991467,22.7946880887,9.29001757439
1166,100.0,0.0,70.0,60.0,44.447430297,-14.8480716836,8.61068052657,11.4425290184,14.1501017158,9.01396186609
1115,70.0,100.0,20.0,60.0,38.3809964175,10.0052836143,-2.4511843836,11.2625437446,10.3030905073,9.18544691254
1156,40.0,0.0,70.0,60.0,49.017968704,-6.51555005894,17.7651534949,15.8229675378,17.608656585,8.65834165313
1105,20.0,100.0,20.0,60.0,40.2549105166,18.2902300158,2.81096008328,13.679321501,11.4053166411,8.61586223731
1146,0.0,0.0,70.0,60.0,52.7794348864,-0.193676848487,24.8397152736,20.0613715059,20.8449972381,8.49709653444
405,100.0,100.0,40.0,0.0,44.5729489912,6.07277751765,-7.84755356346,14.710570186,14.2384326621,14.6005376744
379,70.0,0.0,40.0,0.0,68.1407527415,-20.185173583,9.10601563503,30.9917241089,38.163237607,25.9234736481
369,40.0,100.0,40.0,0.0,50.5123610151,26.6392888206,2.2952311038,23.7305728504,18.8509449689,14.638636856
343,20.0,0.0,40.0,0.0,77.7153864915,-7.1974078734,24.0861505376,48.1776019551,52.7301168963,26.8072508142
333,0.0,100.0,40.0,0.0,56.1779871841,43.5577911663,12.2011390728,34.4169875398,24.0901959569,14.584936944
81,100.0,100.0,0.0,0.0,46.0371441767,8.89063152858,-18.2806244699,16.2706790916,15.2961250025,20.2609996542
703,70.0,0.0,100.0,0.0,65.3220583464,-22.1171417863,36.6398519937,27.3240609689,34.4549100119,11.458517084
45,40.0,100.0,0.0,0.0,51.9115260662,27.8309880239,-8.28010437132,25.4097318307,20.0658010358,20.3230511156
667,20.0,0.0,100.0,0.0,75.6555576565,-7.51604844685,55.2156968362,44.9041858903,49.3290151256,11.2082904978
9,0.0,100.0,0.0,0.0,56.7100763031,43.3415228107,1.00730262299,35.025253211,24.6269049121,19.8338812399
755,70.0,10.0,0.0,20.0,60.7639865601,-9.94212653304,-9.78027525438,25.5011686584,28.9800142379,29.6138182297
1283,40.0,100.0,100.0,100.0,34.5224623847,7.65050626956,7.03640231608,8.83641377677,8.26189288345,5.2947995375
743,20.0,10.0,0.0,20.0,68.6396265723,-0.302959880455,0.695491688873,37.3658678739,38.8460842843,31.5959911392
921,10.0,100.0,100.0,20.0,48.8977913582,29.4211274818,19.57025844,22.7940001342,17.5111949474,8.11598963325
227,85.0,10.0,20.0,0.0,64.0101117156,-18.6911036083,-8.71594438275,26.7714849816,32.814112502,32.5381806918
702,55.0,100.0,100.0,0.0,48.4968267526,17.6177277998,11.804093809,19.9300017126,17.1886225886,10.1284549263
191,30.0,10.0,20.0,0.0,74.6825582591,-4.25224595221,6.5527370934,44.58163793,47.7746289856,34.6676203877
666,10.0,100.0,100.0,0.0,53.8907714141,37.2500111295,22.4168241645,29.9218930633,21.8718507812,9.73240667989
72,85.0,100.0,0.0,0.0,45.8760211492,12.7485169037,-16.7033426472,16.8359726815,15.1772528694,19.3739481344
340,10.0,70.0,40.0,0.0,60.4001133505,27.5150956513,13.2857854408,35.0484989007,28.5698553184,17.1355577643
483,100.0,55.0,55.0,0.0,49.7176945213,-9.33371107542,-1.28215562892,15.8573103994,18.1833119817,15.5182382676
1047,0.0,20.0,100.0,40.0,57.373875948,5.44193738815,35.6582857972,25.6855220573,25.3075681896,7.73340628218
966,100.0,0.0,0.0,40.0,50.4666290206,-15.2929265405,-11.1742504192,15.3877405254,18.8120875887,20.5196405908
1041,100.0,0.0,70.0,40.0,49.3509316053,-19.5272019039,9.92065910569,13.8991677725,17.8805709124,11.1894085273
972,0.0,20.0,20.0,40.0,60.0896704466,6.20910672633,10.761593728,28.7904652145,28.2229977859,18.0134111566
1043,100.0,40.0,70.0,40.0,43.9826416719,-8.84915443527,4.81507998226,12.0098806672,13.826198817,9.88764683475
332,0.0,85.0,40.0,0.0,59.5102177231,37.1307829344,12.5553088476,36.7794016168,27.5831079954,16.7890302215
153,85.0,100.0,10.0,0.0,48.1907249337,13.7540353337,-13.5420643487,18.8999820459,16.9450507347,19.767365386
1020,100.0,100.0,40.0,40.0,39.5815662482,5.0961166694,-4.27297096146,11.299315485,11.0006506894,10.3457899021
341,10.0,85.0,40.0,0.0,57.8476084937,33.5141034585,10.2655337026,33.594795605,25.8009287191,16.5432767056
645,100.0,55.0,85.0,0.0,49.9106765897,-10.2232655658,8.58378654741,15.8472860306,18.3439704336,11.958399588
337,10.0,30.0,40.0,0.0,72.2385903701,8.74814648965,20.2750476366,45.4401783245,44.0151024383,23.6462737418
1016,100.0,0.0,40.0,40.0,49.4483337435,-17.7261581226,2.55663394152,14.2554107761,17.9606402943,13.8347767367
975,0.0,100.0,20.0,40.0,45.5563235289,28.0532731722,5.00337530514,19.4805730724,14.9432152736,10.6668471801
1026,20.0,0.0,70.0,40.0,58.3656590384,-4.46159609606,26.0035737153,24.3607924633,26.3477373524,11.0138319455
985,40.0,100.0,20.0,40.0,42.5015089527,17.8373888881,-0.366558943917,15.1840277619,12.8270632662,10.6994772118
1036,70.0,0.0,70.0,40.0,51.0256088411,-13.0263136113,16.3143556681,16.1974820159,19.2907154671,10.0825804734
995,100.0,100.0,20.0,40.0,38.493031327,5.47025698488,-6.71882999966,10.7115997813,10.366900603,10.5232384875
839,0.0,10.0,40.0,20.0,70.2599185072,3.27563696378,23.4618340657,40.7090986514,41.1200053857,20.2711667716
413,0.0,85.0,55.0,0.0,58.7482825726,37.3686567062,17.8954011615,35.8601926387,26.7565237426,14.0982210132
857,40.0,10.0,40.0,20.0,62.7532001185,-6.9316332872,12.8964226216,28.3635532016,31.2918084548,19.1388212842
449,40.0,85.0,55.0,0.0,52.5136836424,20.9732298602,7.85671837677,24.4095636812,20.6043057765,13.8291330662
869,100.0,10.0,40.0,20.0,54.0014023925,-19.6582859819,0.179761019481,17.3132923762,21.9758789556,18.0514992867
504,10.0,100.0,70.0,0.0,54.4057522115,37.7989410492,16.9712358821,30.6621229742,22.3589014022,11.7420800127
1403,20.0,12.0,12.0,100.0,35.1248578474,1.463241293,5.11728335442,8.42083614962,8.56095812407,5.90348970086
540,55.0,100.0,70.0,0.0,49.0577915692,18.8786173939,6.63021747212,20.6833525707,17.6410317924,12.124124864
137,70.0,10.0,10.0,0.0,66.669752293,-13.8357017879,-8.98540156534,30.9941545215,36.1964468769,35.8776707976
585,10.0,100.0,85.0,0.0,54.5838857344,37.1250080253,19.9951062135,30.6874353742,22.529041851,10.8492040132
190,30.0,0.0,20.0,0.0,77.1594571513,-8.56596243276,8.14506109092,46.8190822268,51.7972711043,36.5605164755
621,55.0,100.0,85.0,0.0,48.5196703443,18.4518564667,8.90996429535,20.1192160784,17.2068927415,11.051945245
226,85.0,0.0,20.0,0.0,65.1766406932,-22.9588983259,-8.51636141415,26.9591400742,34.2704066348,33.7589212727
388,85.0,0.0,40.0,0.0,62.5900087431,-26.3236811751,3.15509423692,23.5257349055,31.0976838163,23.9078684869
354,30.0,20.0,40.0,0.0,69.7037476329,-1.27257218262,16.7509140758,38.4892724314,40.3297445805,23.1939017333
392,85.0,40.0,40.0,0.0,54.9134664907,-9.0383180742,-1.91690396764,20.1333223032,22.846105573,19.751029664
954,20.0,70.0,0.0,40.0,49.0770684778,16.5532585716,-1.17037600649,20.2219656645,17.6567177843,15.0293069625
1065,70.0,100.0,100.0,40.0,39.9505031288,9.54814053757,7.25989326108,12.1572821413,11.221166875,7.32164046053
990,70.0,100.0,20.0,40.0,41.3386131832,12.5306159574,-4.41293985211,13.5087375516,12.0772369326,11.3599018648
1029,20.0,70.0,70.0,40.0,47.2961823076,14.6812886697,13.74617567,18.3340129115,16.2464538667,8.95079559947
988,70.0,40.0,20.0,40.0,48.0278499125,-0.855843776553,-2.70661395992,16.0655788335,16.8163906285,14.9210917568
346,20.0,30.0,40.0,0.0,70.2179909745,5.55850396331,16.7831416831,41.397396896,41.0600741035,23.650639155
380,70.0,10.0,40.0,0.0,66.0939911112,-16.0896118638,5.56327838506,29.7262075144,35.445421269,25.9313896104
1011,70.0,0.0,40.0,40.0,53.7955613277,-12.6289893033,7.00191521136,18.4690768137,21.7825864092,15.0146133399
355,30.0,30.0,40.0,0.0,68.4580613239,2.76376506469,14.0725249661,38.0726865493,38.5966273793,23.4768755051
393,85.0,55.0,40.0,0.0,53.5368243263,-3.20476901298,-3.10769698828,20.1129150847,21.5412346427,19.1920499042
359,30.0,85.0,40.0,0.0,54.9423578116,25.8643522875,5.87049324032,28.141140456,22.8740405966,16.2843128858
1015,70.0,100.0,40.0,40.0,40.7196022298,11.0093250769,-0.376721106694,12.8654152443,11.6902974578,9.75762144449
1044,100.0,70.0,70.0,40.0,41.0767825717,-2.46362736485,2.89829474965,11.1455623556,11.9125430727,8.98596846787
987,70.0,20.0,20.0,40.0,50.2450361638,-5.91904160693,-0.889399172485,16.8657038083,18.6245615185,15.7290085989
1034,40.0,70.0,70.0,40.0,45.1091449581,9.58590446068,10.6887757357,15.6937948754,14.6199084678,8.75147361567
977,20.0,20.0,20.0,40.0,55.7641932924,2.40020531529,7.00963022881,23.3684688228,23.678241959,16.4011482476
1024,0.0,70.0,70.0,40.0,48.7236482612,18.6314989524,17.4000478161,20.3354959053,17.3706071904,8.6192066106
461,70.0,10.0,55.0,0.0,64.8222413955,-16.8398460113,14.122481555,28.110988139,33.8235122721,20.2537170376
447,40.0,55.0,55.0,0.0,58.5693697994,9.57490547821,12.1639281777,27.974539332,26.5648550602,16.2675512876
425,20.0,10.0,55.0,0.0,75.0730345605,-3.16025162798,28.7524107715,45.5485374432,48.3944384618,21.7668178412
411,0.0,55.0,55.0,0.0,65.8865393057,25.0067894253,24.0866931081,41.6541663058,35.1773876192,16.5598453623
844,10.0,0.0,40.0,20.0,70.5851853357,-3.43416835597,22.7837932549,39.0052298223,41.5869246013,20.8785816273
637,85.0,70.0,85.0,0.0,49.1448970999,-1.00458905911,10.3346867209,16.8969321325,17.7119851573,10.9399778639
129,55.0,20.0,10.0,0.0,67.1406353479,-6.77231860285,-6.15612941149,33.5288742914,36.8184964477,34.4635877994
601,30.0,70.0,85.0,0.0,57.6933709869,17.3917274323,23.035137898,29.0116848478,25.6396033101,11.6091282743
1398,10.0,6.0,6.0,80.0,43.2836752519,1.19046959953,5.31784496498,13.0526095955,13.348466968,9.38271109477
629,70.0,85.0,85.0,0.0,49.8089777241,9.26865089237,9.3382405288,19.3902332413,18.2591882387,11.6436863857
130,55.0,30.0,10.0,0.0,65.3037551373,-3.5135944951,-7.46874294163,32.2136096532,34.43165088,33.1969720645
593,20.0,85.0,85.0,0.0,55.96775432,27.1810071354,20.0004698001,29.6267928332,23.8803059105,11.6290495848
94,10.0,30.0,10.0,0.0,73.7150033842,9.39873030988,4.8621012721,47.942327258,46.2616656918,34.6832011315
36,30.0,100.0,0.0,0.0,51.6394577921,33.6125022906,-6.06673428773,26.521563406,19.8256020724,19.0462393709
376,55.0,70.0,40.0,0.0,53.4007100125,10.4051611028,1.7471256757,22.8810756853,21.4149849274,16.906857192
374,55.0,40.0,40.0,0.0,59.4327476787,-0.206978092381,5.43026451251,26.4658825902,27.4982980284,19.963976526
1057,40.0,20.0,100.0,40.0,51.8871180231,-3.78905180931,25.3910165342,18.5873444301,20.0441732963,7.94141712851
956,40.0,0.0,0.0,40.0,58.5642331961,-6.09772491675,-1.17637861938,24.1808422825,26.5593657934,22.5213552923
1031,40.0,0.0,70.0,40.0,56.2282645732,-8.85767625511,21.3840043847,21.3477274706,24.1405729244,11.3186587973
982,40.0,20.0,20.0,40.0,54.3075730299,-1.71801657619,3.06434585073,21.1074317904,22.2654948749,17.0130444508
1033,40.0,40.0,70.0,40.0,50.1762479213,2.5691514298,14.3976310355,18.3918359767,18.5666030184,10.2210609726
368,40.0,85.0,40.0,0.0,53.5869962227,21.4809692546,2.68096098729,25.6176232221,21.5878952968,16.6446819704
603,30.0,100.0,85.0,0.0,51.2321152857,30.6851442104,14.108803545,25.3920578333,19.4695699417,10.8836079
1010,40.0,100.0,40.0,40.0,43.0542137854,17.7248438357,2.29356340401,15.5701991472,13.1940676988,10.1672405787
377,55.0,85.0,40.0,0.0,52.0921345415,16.3300417246,0.320127427486,22.9442159567,20.2263201938,16.5526803062
375,55.0,55.0,40.0,0.0,57.7299118344,5.59083237805,3.32043738955,26.0908804148,25.677762406,19.5696028385
373,55.0,30.0,40.0,0.0,63.9695313157,-5.07357396152,7.83242569829,30.2197082529,32.7642087644,22.6835375884
1006,40.0,0.0,40.0,40.0,56.529483545,-7.87125982699,12.9736199004,21.8351535349,24.4438599845,14.520146583
973,0.0,40.0,20.0,40.0,55.2972379747,12.1544452585,8.66722236972,25.1530680869,23.2190341183,15.3847643727
1028,20.0,40.0,70.0,40.0,50.7595217559,7.2091416976,18.1632132367,19.7977010596,19.0618778808,9.39550538061
983,40.0,40.0,20.0,40.0,49.7458685379,4.45549708976,2.17089806281,18.3978297942,18.2067082647,14.1757636778
1038,70.0,40.0,70.0,40.0,45.579468653,-2.68682252275,9.5198893162,13.9922746913,14.96007752,9.31207100811
993,100.0,40.0,20.0,40.0,44.597045975,-5.82794357954,-5.98593222349,12.8466694895,14.2554323194,13.9019772584
846,10.0,20.0,40.0,20.0,65.8308257922,4.27132093184,18.9523112078,35.0969850094,35.1056350671,18.79069489
409,0.0,30.0,55.0,0.0,73.1969624194,12.3717944839,30.458128671,48.2115754008,45.4648986007,19.3473926124
427,20.0,30.0,55.0,0.0,69.6517438462,5.3637498037,24.353285091,40.5356941406,40.2563746122,19.3438150233
445,40.0,30.0,55.0,0.0,65.1529812341,-1.37921749095,17.8985572597,32.6288966664,34.2404503697,18.7376921035
463,70.0,30.0,55.0,0.0,60.3438584378,-9.16320910171,10.4698981733,25.2559602939,28.5067921293,18.3429562497
581,10.0,40.0,85.0,0.0,66.748191756,14.0943589186,36.768135862,39.3192776955,36.2995773898,12.2495794162
105,20.0,55.0,10.0,0.0,64.8921824759,17.4858357074,0.354178682654,37.8712355977,33.9113977614,27.7678243223
617,55.0,40.0,85.0,0.0,58.7693536502,-1.74949037321,22.3033343822,25.4047675558,26.7791576164,12.4969732345
141,70.0,55.0,10.0,0.0,57.6077139957,3.50794793413,-10.5184950507,25.4643458035,25.550301132,26.7699764325
573,0.0,55.0,85.0,0.0,66.1131998867,23.4003483227,34.5978243608,41.446403043,35.4703081987,12.6265907301
194,30.0,40.0,20.0,0.0,66.6969344201,8.67670136029,2.33983431995,37.5525304679,36.2321632039,28.4475475099
609,40.0,55.0,85.0,0.0,58.434998089,7.96882366574,20.6759195638,27.4241145127,26.4215065257,12.8702086144
1401,60.0,45.0,45.0,100.0,33.9055707094,1.05511959754,3.84095037421,7.79216923936,7.9629339182,5.72907090393
352,30.0,0.0,40.0,0.0,75.1252059374,-10.3336571588,21.5697014055,43.1534333821,48.4776546776,25.6831115259
390,85.0,20.0,40.0,0.0,59.4271832446,-17.4264056074,0.868776464375,22.4720961873,27.4922130911,22.2323623124
356,30.0,40.0,40.0,0.0,64.3662744237,8.43184702456,12.2800037913,34.4660344308,33.2542793204,20.7705946807
964,70.0,70.0,0.0,40.0,44.4127058808,6.68104018621,-8.2118377586,14.6969563547,14.1257298701,14.6348943522
1055,20.0,100.0,100.0,40.0,43.5856416692,22.1961408272,14.2080780687,16.7593300639,13.5534823328,7.15530927262
980,20.0,100.0,20.0,40.0,44.6968194019,23.820852292,2.26360518266,17.9418765381,14.3259633055,11.0698519761
1039,70.0,70.0,70.0,40.0,44.0855012045,3.81277203706,6.65384778931,14.0018754871,13.8974492545,9.39621296221
978,20.0,40.0,20.0,40.0,52.9953416835,8.61453405327,4.99584740294,22.1054624384,21.0419188566,15.2649390342
382,70.0,30.0,40.0,0.0,61.5961653397,-8.41106623358,3.42876927822,26.740742,29.932763311,22.8470071303
344,20.0,10.0,40.0,0.0,75.5215844673,-2.81568085759,19.8644061089,46.3526030646,49.113018072,27.0650436104
1001,20.0,0.0,40.0,40.0,60.7843959697,-4.01535295432,16.6073352855,26.9619741317,29.0031353241,16.007173161
391,85.0,30.0,40.0,0.0,59.4648499116,-13.0145195902,-0.243472017867,23.4893045743,27.5334206718,22.8457239718
357,30.0,55.0,40.0,0.0,62.2157000261,14.0437714039,10.1031433144,33.4111211444,30.6554603326,20.0242600036
395,85.0,85.0,40.0,0.0,48.8290745078,6.60869163811,-5.53783704585,18.0551193256,17.4556287812,16.6512748065
1005,20.0,100.0,40.0,40.0,44.0305367264,22.5371198417,5.90393472003,17.1696112039,13.8593451788,9.58800612626
724,100.0,30.0,100.0,0.0,53.692465974,-20.7824997675,17.710712486,16.865007721,21.6862034331,11.0901782351
475,85.0,70.0,55.0,0.0,50.0842126687,0.756730728301,0.922497600548,17.971573628,18.4892456591,14.8880052978
453,55.0,20.0,55.0,0.0,64.5314919722,-9.30789416356,15.5347021045,29.7385676827,33.4597943806,19.3393743847
439,30.0,70.0,55.0,0.0,57.8737946769,19.387737633,13.391901188,29.7382139743,25.8283852934,15.2709964566
417,10.0,20.0,55.0,0.0,73.5163642754,4.77408109479,29.5483398354,45.9796044351,45.9550599602,20.0429049086
969,100.0,70.0,0.0,40.0,41.3247347876,0.928958627269,-10.6582170065,11.7693250488,12.0684694322,13.5390935922
1062,70.0,20.0,100.0,40.0,48.2272511659,-8.28442011238,19.8764923848,14.9420611379,16.9739937534,7.7364074768
959,40.0,70.0,0.0,40.0,46.0392364732,12.1003399252,-3.68363931261,16.8459761622,15.2976727095,13.9716547422
1052,20.0,20.0,100.0,40.0,53.6906080466,1.04095069254,29.2893292624,21.1283762441,21.6844690856,7.73813027256
949,0.0,70.0,0.0,40.0,50.6781819511,20.1301860208,2.14921296022,22.4382351577,18.9922877593,14.8080689523
633,85.0,20.0,85.0,0.0,59.3273897149,-18.3099347619,20.8677365798,22.1854921155,27.3832371237,13.359280264
133,55.0,70.0,10.0,0.0,56.3416945713,11.4811549435,-8.26780580435,26.0682873979,24.2544854357,24.2618350394
597,30.0,20.0,85.0,0.0,68.6328081826,-2.02234906187,37.0449946853,36.8306617411,38.8366969648,13.3102818873
97,10.0,70.0,10.0,0.0,63.4908085089,26.2163688458,1.85184201131,38.7120898797,32.1793135214,25.4895046036
625,70.0,30.0,85.0,0.0,59.8484008088,-10.8697691966,20.8110051945,24.3568516707,27.9553747141,13.713493154
134,55.0,85.0,10.0,0.0,53.5411143,17.0338239165,-9.03047049012,24.5229942115,21.5452217545,22.1039705616
589,20.0,30.0,85.0,0.0,68.8211176759,4.14667197256,35.1526584208,38.9979837291,39.0965112101,14.1400687761
98,10.0,85.0,10.0,0.0,59.2243766052,32.7569606641,0.53598035493,35.0998063834,27.2710477894,22.223652887
741,10.0,100.0,0.0,20.0,49.6196097915,33.9176699918,-0.229461474061,24.5185376571,18.1020167687,15.0271203354
485,100.0,85.0,55.0,0.0,45.2230394009,-0.363367697119,-3.91277965033,14.1184059061,14.7018061133,13.5301101321
338,10.0,40.0,40.0,0.0,67.6568902761,15.2053918966,17.5813195846,40.9406478945,37.508628345,20.9547717739
1067,100.0,20.0,100.0,40.0,45.3901640817,-16.0569787577,13.6417012198,11.8460046424,14.82253262,8.08462651196
946,0.0,0.0,0.0,40.0,64.5183822311,0.856200525805,6.43731916802,32.4886468436,33.4434562565,23.9309394073
1021,0.0,0.0,70.0,40.0,61.3188437078,-0.710919452195,30.5737494685,28.3733149485,29.6129780079,11.1832812681
992,100.0,20.0,20.0,40.0,46.8817090812,-11.7810234103,-6.03487097039,13.4434553155,15.929386263,15.4626793609
1023,0.0,40.0,70.0,40.0,53.6847882289,11.3661228256,21.8786535425,23.3691355566,21.6790369712,9.78699087075
566,100.0,85.0,70.0,0.0,46.210467694,0.0249688306734,-0.782594540083,14.8781168109,15.4246895339,13.0075986411
777,10.0,100.0,10.0,20.0,51.1355031879,32.6306546764,1.07637623933,25.7572490487,19.3857575715,15.5531904411
1000,0.0,100.0,40.0,40.0,45.686121332,27.8610684834,7.93391242351,19.5538245683,15.037942628,9.83305693162
647,100.0,85.0,85.0,0.0,45.991738425,-0.535492157047,3.08759648179,14.6293167161,15.2625633106,11.5330638541
339,10.0,55.0,40.0,0.0,64.9693699632,20.2937522636,14.5392369957,38.8541059732,34.008565397,20.1746891492
643,100.0,30.0,85.0,0.0,54.3702961024,-20.1240617261,13.7917196069,17.5211408026,22.3251387993,12.8258225191
996,0.0,0.0,40.0,40.0,61.8920025556,-0.302050718936,21.1514050251,29.1167025404,30.2764283227,14.9391835408
415,10.0,0.0,55.0,0.0,79.5689803984,-4.55853923398,36.0450296929,52.1541451615,55.921252538,22.0013314014
261,10.0,100.0,30.0,0.0,54.9324981557,39.0086416092,5.62878551304,31.6097619279,22.8645047355,16.3787691695
451,55.0,0.0,55.0,0.0,69.3435305659,-18.0079108199,19.6174044991,33.03343917,39.8233552354,21.3905280628
297,55.0,100.0,30.0,0.0,49.5183818693,22.096647655,-3.66461692718,21.7809555032,18.018370849,16.3613894407
146,85.0,10.0,10.0,0.0,64.0721633178,-17.3112182838,-12.3631212016,27.1791594139,32.8905183874,35.1013188613
1050,0.0,100.0,100.0,40.0,44.2653105664,26.6520922049,16.8222460925,18.125653703,14.0225897778,6.81123834236
951,20.0,0.0,0.0,40.0,60.6238612483,-2.44250879382,3.00322288071,27.1804872314,28.8216030261,22.1956162939
1060,40.0,100.0,100.0,40.0,41.3554241879,15.3244551592,10.6828455516,13.9610144342,12.0878627574,7.07800232806
961,70.0,0.0,0.0,40.0,53.1195544113,-9.77615220444,-5.31001583903,18.4573551734,21.1557692549,19.8945971961
1070,100.0,100.0,100.0,40.0,38.9470913123,2.5159241356,4.34310643016,10.5788316786,10.6282106816,7.61775744799
577,10.0,0.0,85.0,0.0,78.6993635908,-4.62300161774,51.3761317265,50.7034103417,54.4085577123,14.4508491249
522,30.0,100.0,70.0,0.0,52.4102924297,29.5859015448,12.3776443386,26.3496633753,20.511167111,12.1354141863
613,55.0,0.0,85.0,0.0,68.4433361227,-18.3814697875,33.6283994433,31.8431101374,38.5764430177,14.4760179234
1400,80.0,65.0,65.0,100.0,34.4874420732,1.1429651547,3.83460188671,8.07628051645,8.24472426935,5.94275809645
569,0.0,10.0,85.0,0.0,78.3534471809,3.21858646049,49.8011453732,53.1349142782,53.8145046722,14.8333021393
117,30.0,100.0,10.0,0.0,54.1070239692,30.8014888475,-4.02118289094,28.4827420135,22.0755040015,20.093609483
605,40.0,10.0,85.0,0.0,68.633432141,-10.6534484377,33.3179223052,34.2646733971,38.837555946,14.7249858488
80,100.0,85.0,0.0,0.0,48.611571958,3.97926430528,-19.5296623192,17.3880714923,17.280525855,23.148658184
772,10.0,0.0,10.0,20.0,72.4329700269,-2.37529849606,8.84020944245,41.9309378957,44.3066245973,30.5603547551
773,10.0,10.0,10.0,20.0,70.5307121951,1.46518267871,7.65621829888,40.5000196375,41.5084835098,29.2420277361
1399,100.0,85.0,85.0,100.0,33.6208929162,0.130450186301,3.30328591813,7.5617859669,7.8274401826,5.73887003682
737,10.0,10.0,0.0,20.0,70.565301208,1.95384256855,3.1683048028,40.7073112559,41.5582800994,32.1522266265
1408,100.0,100.0,0.0,70.0,35.0355982069,5.03207827694,-6.27231150173,8.78867985154,8.51619625781,8.63906215644
1409,100.0,0.0,100.0,70.0,42.6221294209,-14.263066032,12.7558407932,10.4549077267,12.9065688387,7.10475228035
1410,0.0,100.0,100.0,70.0,39.5855636672,19.4147089186,12.7671081815,13.4041108285,11.0030243561,5.91224960116
1411,40.0,40.0,0.0,70.0,42.4606099658,4.12516746938,-0.265485232865,12.9593327045,12.8001794871,10.6451618198
1412,40.0,0.0,40.0,70.0,47.1370189059,-5.09212524214,10.0041600069,14.691932272,16.1242027019,9.96289473047
1413,0.0,40.0,40.0,70.0,45.8887898964,8.81768455713,11.588438192,16.145143995,15.1866507506,8.87533700334
940,100.0,0.0,100.0,20.0,54.860471655,-25.29672926,21.2515753948,16.9593244603,22.7949239949,10.6016160147
759,70.0,100.0,0.0,20.0,45.9167672014,16.3473144866,-10.3689879074,17.5274061171,15.2072557904,16.5704708663
928,40.0,0.0,100.0,20.0,63.4893297572,-11.910022043,37.7690997032,27.904060143,32.1775176787,10.0930774092
747,20.0,100.0,0.0,20.0,50.0926931469,29.5321238244,-2.78345437762,23.9777033007,18.4963646559,16.407318785
910,0.0,0.0,100.0,20.0,70.0482779672,-0.756928139922,51.3227291057,39.1202085042,40.8180809602,9.42372619544
917,10.0,10.0,100.0,20.0,66.4146186073,0.162983402688,45.3298883651,34.6295335928,35.8623538875,9.34467611262
881,10.0,10.0,70.0,20.0,67.4933303334,0.000867559660722,33.0465936533,35.9579352065,37.2890556702,14.0702197158
1211,100.0,100.0,0.0,80.0,33.7953818515,4.13429263733,-3.79801603612,8.07720084405,7.91030508166,7.43191532405
672,20.0,55.0,100.0,0.0,60.7420897303,17.0860504061,33.8387062548,32.4754055749,28.9552217744,9.84918255153
26,20.0,85.0,0.0,0.0,57.535040872,30.7830734845,-4.06226754795,32.4400005743,25.4746981502,23.1051369708
717,85.0,55.0,100.0,0.0,51.7222518795,-5.17341102966,16.5896179967,18.1858057335,19.8984938154,10.3673932203
1227,100.0,100.0,40.0,80.0,33.7852608102,3.46955747014,-0.472581465656,7.99899440491,7.9054826915,6.63118081701
510,20.0,55.0,70.0,0.0,61.7921212673,16.9788324732,23.4446061375,33.7287342717,30.1601067824,13.9837426799
269,20.0,85.0,30.0,0.0,56.9852393624,29.2424143863,4.67943374839,31.3578679297,24.9075575438,18.3428390142
555,85.0,55.0,70.0,0.0,52.6711979077,-4.0460320395,7.88151240111,19.1967595099,20.7467418142,13.9221888011
396,85.0,100.0,40.0,0.0,46.9330340492,11.1664085607,-5.53864172092,17.3792213697,15.9684235005,15.2980083708
290,55.0,10.0,30.0,0.0,68.7992288026,-11.984638256,4.39742439999,34.0860258567,39.066251372,29.4118625549
360,30.0,100.0,40.0,0.0,53.3113016428,30.0690135148,4.545483611,27.4279407901,21.3323252565,15.6683251054
254,10.0,10.0,30.0,0.0,78.2473736082,0.564545179813,17.5644104737,51.9341904978,53.633211397,31.3981051643
477,85.0,100.0,55.0,0.0,47.4590668908,9.34461352713,-2.48411249773,17.4616086054,16.3722013849,14.4499440009
47,55.0,10.0,0.0,0.0,69.9892133659,-9.43666492286,-10.3484446769,36.3552272296,40.7340845374,41.150533541
441,30.0,100.0,55.0,0.0,52.7099983742,29.3222126163,7.38034512013,26.6009496333,20.7819285388,14.1379768643
11,10.0,10.0,0.0,0.0,79.3428848008,1.9484638965,2.43093006599,54.3079992912,55.5252978892,43.811574674
1429,7.0,0.0,0.0,7.0,79.3635893904,-1.21261901418,4.59585808009,53.1049206038,55.5614792418,42.1061969795
1404,10.0,6.0,6.0,100.0,35.8920224906,1.69926909209,5.35213765427,8.83077480524,8.95215978585,6.13858513104
1431,7.0,7.0,0.0,7.0,77.333819652,1.70372892974,3.79859858378,50.8697239314,52.0886558893,40.0062823041
1390,40.0,27.0,27.0,60.0,46.6079398074,0.146949360449,4.92691964542,15.1856632249,15.7222345652,11.2760213228
1433,7.0,0.0,7.0,7.0,79.6142369845,-1.66709753909,8.43923155516,53.348596102,56.0007345085,39.4672382252
1386,10.0,6.0,6.0,40.0,62.1086759707,0.582841871178,6.00344223226,29.5929078245,30.5297930643,21.9693595291
1435,7.0,7.0,7.0,7.0,77.3939449903,1.2342525442,7.21624115074,50.7903204934,52.1893867722,37.5278876532
1405,100.0,0.0,0.0,70.0,41.6299627261,-9.68174200344,-5.74166997182,10.4950489707,12.262274909,11.9749228313
1406,0.0,100.0,0.0,70.0,39.9100358613,20.4434876037,2.66572591059,13.784515323,11.1968367124,8.49311906056
1407,0.0,0.0,100.0,70.0,50.7112016976,-0.315362792483,28.3983608313,18.2811220482,19.0205172844,6.70328812284
732,0.0,20.0,0.0,20.0,69.7417588326,7.72563974557,4.25063478938,41.4350791013,40.3834293501,30.5281666254
926,20.0,70.0,100.0,20.0,52.9886715292,17.8241549461,23.9700455739,24.1553788394,21.035816737,8.83608371685
750,40.0,20.0,0.0,20.0,63.4261328154,-1.38612379492,-4.31013095834,30.5802251992,32.1008317478,29.0670150106
938,70.0,70.0,100.0,20.0,47.5191387165,3.75873808165,14.1880297577,16.4935871315,16.4187403296,8.93463327178
762,100.0,20.0,0.0,20.0,54.1435980511,-12.9260948031,-15.456973651,18.7013225179,22.1100716894,26.1701880128
736,10.0,0.0,0.0,20.0,72.996090594,-1.56204642877,4.3074480276,43.0162778004,45.1584285478,34.2097410069
811,10.0,40.0,20.0,20.0,61.7554539197,12.6471170014,7.59689618975,32.4555294612,30.117478946,20.8603767558
14,10.0,40.0,0.0,0.0,69.9577397646,16.2501073264,0.00239910258848,44.6289631911,40.6893726802,33.5713582646
688,40.0,30.0,100.0,0.0,63.0010027405,-2.00725546092,35.7625416015,29.9248027264,31.5881246764,10.4524488304
1206,70.0,70.0,0.0,80.0,35.1771055954,4.78341964254,-1.75239146673,8.83108187249,8.58723192153,7.51595412887
1245,0.0,40.0,100.0,80.0,41.1139814204,6.88406532069,16.8649178629,12.5024913138,11.9358496644,5.60542656444
257,10.0,40.0,30.0,0.0,68.7609105978,15.0952099814,12.1668723553,42.4788055016,39.0133167292,24.8008895875
526,40.0,30.0,70.0,0.0,64.1955028917,-1.51024140335,24.2961319154,31.4471649025,33.0427418691,15.2690937805
1222,70.0,70.0,40.0,80.0,35.8741811474,3.67011499035,2.65465337649,9.05528295229,8.94292925444,6.74111688681
1229,0.0,40.0,70.0,80.0,41.5151847618,7.31949849297,14.2535492307,12.8260885187,12.1891547312,6.31399415221
503,10.0,85.0,70.0,0.0,57.5432034078,32.1643731006,20.198825216,32.8380354046,25.4831823184,12.4936175914
274,30.0,30.0,30.0,0.0,69.3010443007,3.09771571552,8.89020332762,39.3215147926,39.7639094825,27.2119643551
1239,70.0,100.0,70.0,80.0,35.3797600219,6.12236474251,3.94973230016,9.09372229038,8.68964924783,6.25295565767
1225,100.0,40.0,40.0,80.0,36.4055124686,-3.94209996309,0.746798989407,8.43390774337,9.22055258802,7.42083171585
665,10.0,85.0,100.0,0.0,56.9712156624,31.7135003911,27.5016754121,32.0220581784,24.8932027644,9.79991377241
31,30.0,30.0,0.0,0.0,70.6917457225,4.51622222177,-4.42091978634,41.7274509335,41.7406567275,37.587681555
1255,70.0,100.0,100.0,80.0,35.7146065975,5.32702499501,5.47795043761,9.17161608533,8.86065257258,6.04455652739
1209,100.0,40.0,0.0,80.0,35.8332924389,-2.28301402709,-4.47028364266,8.34220037496,8.92179870353,8.52227722197
1480,40.0,40.0,3.0,40.0,50.2719634012,5.05237680116,-3.31808037064,18.9525839533,18.647282249,16.7656480775
1481,3.0,0.0,40.0,40.0,62.5555840882,-0.897937321061,21.6436033688,29.7103476536,31.0568367087,15.1988992278
1482,0.0,3.0,40.0,40.0,62.699897786,0.445941895939,21.2339293396,30.2322448657,31.2283139784,15.4642758536
1483,3.0,3.0,40.0,40.0,62.6670031511,-0.107237924548,20.3046905445,30.0470579683,31.189172326,15.8206431602
1484,40.0,3.0,40.0,40.0,56.6487716527,-7.58157024786,12.1521335849,22.0083951734,24.5646657573,14.9230354029
1485,3.0,40.0,40.0,40.0,54.9484623833,11.4519110624,14.506309653,24.635626721,22.8799460208,12.9270787845
1425,7.0,7.0,0.0,0.0,80.7114798535,1.71366381017,3.94602360781,56.5738020454,57.9508911404,44.5005599149
1426,7.0,0.0,7.0,0.0,82.2103985887,-1.92757407379,8.4386945833,57.7248078755,60.6873890456,42.9539163666
1368,100.0,85.0,85.0,0.0,46.1111474404,-0.417524464459,2.81968779945,14.7336858742,15.3509299437,11.6917189821
1428,7.0,7.0,7.0,0.0,80.7269646355,1.21195456977,7.3930422037,56.3976176966,57.9787317009,41.7542570167
943,100.0,40.0,100.0,20.0,48.3857760939,-12.3898523724,13.124804604,14.3781036976,17.0999892439,9.67318536898
757,70.0,40.0,0.0,20.0,55.1327484643,0.466494280471,-10.3202838981,22.3370500879,23.0586990347,24.2443745514
931,40.0,40.0,100.0,20.0,55.354158474,2.79372980372,26.5328829188,23.0608562663,23.2746896164,9.26587798968
745,20.0,40.0,0.0,20.0,61.674116218,10.9691612626,-1.18892624549,31.8909429138,30.0230627446,25.4378108067
913,0.0,40.0,100.0,20.0,60.8291483705,14.3645390441,37.2538718679,31.8227243125,29.0538767498,8.90162184655
882,10.0,20.0,70.0,20.0,64.8622598892,3.81801673851,31.1639192835,33.7495739344,33.8737794871,13.0842283323
880,10.0,0.0,70.0,20.0,69.6258267353,-3.77375438757,35.9587608985,37.6062670795,40.2198424923,14.3632133665
67,85.0,30.0,0.0,0.0,60.3668558866,-9.13549918575,-17.5286673994,25.2860128587,28.5325616284,34.252130919
1248,40.0,0.0,100.0,80.0,42.7925113739,-5.09180548145,17.7347186615,11.8129209755,13.0194329069,6.03297450126
30,30.0,20.0,0.0,0.0,72.3526797678,1.70184654121,-3.69241638621,43.1821990979,44.1860532252,39.1740476553
713,85.0,10.0,100.0,0.0,60.261322255,-22.4032367148,28.2561198822,22.1707817548,28.4144350326,11.3454873176
310,85.0,30.0,30.0,0.0,59.4032194531,-11.133898964,-4.34540052438,23.8556386079,27.4660179578,25.0115876653
1232,40.0,0.0,70.0,80.0,42.074942899,-4.2646342886,13.5223803563,11.4925068014,12.5485170965,6.70001035778
273,30.0,20.0,30.0,0.0,71.3580066111,-0.341187677487,10.2105039746,41.0736514792,42.7104531015,28.5484788104
551,85.0,10.0,70.0,0.0,62.1043730812,-21.5883441826,16.5024742058,24.1276430563,30.5247478212,17.0150446819
1226,100.0,70.0,40.0,80.0,35.9293681506,0.132868438557,0.470938647912,8.66659564411,8.97150177509,7.28623216481
517,30.0,30.0,70.0,0.0,66.8927859398,2.06591608929,27.7167562791,35.8012456679,36.4901997317,15.7687501362
276,30.0,55.0,30.0,0.0,62.4681799931,13.955311165,4.88883330779,33.6973001272,30.9532867598,22.8698390964
1241,100.0,40.0,70.0,80.0,37.5369145775,-5.13650112637,4.59214295172,8.86069923319,9.83073632131,6.95999885561
1210,100.0,70.0,0.0,80.0,35.6419396915,1.05994043052,-4.8062170625,8.63044473186,8.82335332989,8.52391612608
679,30.0,30.0,100.0,0.0,66.3940125526,1.46395866142,38.4785367608,34.9850759597,35.8354607142,11.4616744966
33,30.0,55.0,0.0,0.0,63.722407853,15.1312182348,-5.74724083836,35.6221851409,32.4614005778,30.2862189351
1257,100.0,40.0,100.0,80.0,37.0690691071,-5.80932263783,6.52765263774,8.54761014923,9.57525704536,6.32742870705
1418,3.0,0.0,0.0,3.0,82.5510619839,-0.27423586386,5.92957270117,59.017225516,61.3211030073,45.4820204105
1471,3.0,40.0,0.0,40.0,55.7526072689,12.5740347193,2.86181261692,25.7199976843,23.6667755564,18.2034812388
1416,0.0,3.0,3.0,0.0,83.9349499073,1.40578242252,7.48786868412,62.2635008437,63.9408241418,46.1742124139
1473,3.0,0.0,3.0,40.0,64.5332102182,0.364204904443,7.08677476171,32.3688713088,33.4619361534,23.5942000175
1474,40.0,0.0,3.0,40.0,58.8815532672,-6.17847659736,-0.301919267454,24.4781604531,26.8998938039,22.3513035859
1450,0.0,40.0,0.0,3.0,71.5534282277,18.1991270208,2.34753076378,47.7549411333,42.9977272082,33.848061869
1402,40.0,27.0,27.0,100.0,34.9808223478,1.11990269301,4.55502700706,8.31150905807,8.48880470212,5.97070359942
1451,3.0,40.0,0.0,3.0,70.5424515819,17.5770268311,1.79842976794,45.9740805214,41.5253798317,33.0387546513
1478,0.0,40.0,3.0,40.0,56.7704476718,12.7768975206,3.92247795489,26.8361846803,24.6882992127,18.5190017457
1479,3.0,40.0,3.0,40.0,56.8922973078,12.3748226492,3.49944913035,26.8665651775,24.8125241004,18.809904894
238,100.0,30.0,20.0,0.0,57.7306248617,-15.3628260206,-12.8535785106,21.3414906561,25.6785073867,28.2861387392
114,30.0,55.0,10.0,0.0,63.0640042125,15.5232718339,-2.05503678761,34.8985689096,31.6637573555,27.3253897272
607,40.0,30.0,85.0,0.0,65.0266285314,-2.30338826195,30.1393269562,32.217981805,34.0807652597,13.5642561997
726,100.0,55.0,100.0,0.0,49.7871989827,-10.9328323337,12.6085978147,15.6326983303,18.2410662181,10.5688608846
571,0.0,30.0,85.0,0.0,72.3770079282,12.2666450364,44.3771907575,46.8972568872,44.2225635409,12.9913303097
797,100.0,10.0,10.0,20.0,55.6702735309,-17.3620189426,-11.6822869171,19.1201398387,23.5853984843,25.5180481062
885,10.0,100.0,70.0,20.0,49.1974960228,30.9379700819,13.811983356,23.420915852,17.7549225384,9.88590958139
10,10.0,0.0,0.0,0.0,82.1998717975,-2.20901226993,3.88246993756,57.5906062278,60.6678766004,46.6920943166
296,55.0,85.0,30.0,0.0,52.1749891338,16.8718749574,-3.64767210199,23.1445120378,20.300244305,18.3580908773
38,40.0,10.0,0.0,0.0,72.8434402761,-5.75354757507,-6.27944350415,41.3988918383,44.9264532593,41.817323742
259,10.0,70.0,30.0,0.0,62.2222527828,26.3326924182,8.474299103,37.0514117732,30.6631657397,20.8244823175
496,10.0,0.0,70.0,0.0,79.5398177927,-4.62634514698,43.6009532849,52.0798597046,55.8700755186,18.3272577027
701,55.0,85.0,100.0,0.0,49.905763304,14.4523624348,16.7160203476,20.5238802763,18.339868407,9.3882949807
524,40.0,10.0,70.0,0.0,69.7357470962,-9.99522935862,28.714378516,35.8589583927,40.3749355598,17.4268372621
664,10.0,70.0,100.0,0.0,60.293103454,25.4928655057,32.7461449221,34.321776202,28.4499741961,9.94504208037
499,10.0,30.0,70.0,0.0,71.4566328289,8.15777809336,34.0966505813,44.0665247191,42.8552753606,16.3880458601
278,30.0,85.0,30.0,0.0,56.1725077284,25.2036289293,1.94134667821,29.339310879,24.0847098879,18.9567374231
535,55.0,30.0,70.0,0.0,62.5495659929,-6.62209485242,19.0516585801,28.2184033013,31.0496995197,16.2569367924
314,85.0,85.0,30.0,0.0,50.021710068,6.04802559059,-9.17809194598,18.9363493638,18.4368337481,19.1966625591
661,10.0,30.0,100.0,0.0,70.7077181311,7.91720393991,45.5732609563,42.8865548935,41.7637323384,11.5758156287
35,30.0,85.0,0.0,0.0,57.7377549683,25.266039441,-6.68108741866,31.157806811,25.6859578133,24.7135341575
697,55.0,30.0,100.0,0.0,61.6014340835,-7.63193378927,28.9051539866,26.938511954,29.9388609874,11.9021801928
71,85.0,85.0,0.0,0.0,50.4019133587,8.4180947604,-17.1148992316,19.7308331889,18.7571915423,23.506943451
1455,0.0,40.0,3.0,3.0,70.1443776325,19.0897424432,2.99134509501,45.9023961756,40.9549919984,31.7912381731
1461,0.0,3.0,40.0,3.0,80.4144956242,0.422725889872,29.8862809129,55.5376969845,57.4186573954,26.1422210302
1448,40.0,0.0,0.0,3.0,73.890059532,-10.0918871703,-5.82973473813,41.4558646397,46.5329982756,42.8922877745
1449,40.0,3.0,0.0,3.0,73.3967007629,-8.81197022718,-5.67433462589,41.1774680076,45.7710110633,42.092330603
1464,0.0,40.0,40.0,3.0,69.0761992126,17.2391032329,19.9469078929,43.6629989878,39.4502964315,20.9952479002
1465,3.0,40.0,40.0,3.0,68.4692574935,16.6952907077,18.7890925291,42.5937880114,38.6119790818,21.0506426324
1419,0.0,3.0,0.0,3.0,82.093488105,1.72351745674,6.69135502161,59.0278414243,60.4709186048,44.2039070613
1467,3.0,0.0,0.0,40.0,63.8753585001,0.420995957086,6.17342690788,31.598531299,32.6485947677,23.47574382
1468,0.0,3.0,0.0,40.0,63.9545371612,1.6701370734,6.34894094582,32.0379200459,32.7457825153,23.4548701068
1469,3.0,3.0,0.0,40.0,63.8561781454,1.1020451229,5.72626122362,31.7633702541,32.625080835,23.6981472214
945,100.0,100.0,100.0,20.0,41.3345897493,3.24804128304,4.40189377414,12.1087289682,12.0746947423,8.6903365497
754,70.0,0.0,0.0,20.0,62.7693672504,-13.2701515817,-8.9277509445,26.7894427955,31.3110839632,31.2721518352
933,40.0,100.0,100.0,20.0,45.3451942762,20.8575688134,12.8641736884,17.9101095968,14.7899828657,8.27015948059
742,20.0,0.0,0.0,20.0,71.138790457,-3.60593537609,2.14938327293,39.7101982585,42.3897264885,33.4961918766
915,0.0,100.0,100.0,20.0,49.4179368191,33.9994030947,21.4511343192,24.336114231,17.9356269133,7.85921901866
884,10.0,70.0,70.0,20.0,54.210114098,21.1069016656,20.3983727614,26.1743573971,22.1730312323,10.5173490749
833,100.0,10.0,20.0,20.0,54.622327332,-18.081745784,-8.24692666891,18.1082830979,22.5658713955,22.6644345341
1259,100.0,100.0,100.0,80.0,33.5685442204,1.71896823865,3.57563390256,7.70717233087,7.80269309736,5.66330361626
1200,40.0,0.0,0.0,80.0,40.914685442,-2.35513268326,1.80240237449,11.0647330389,11.811336759,9.21837873332
674,20.0,85.0,100.0,0.0,54.3843884715,28.7677615826,25.1516807169,28.2681937569,22.3385539953,9.18235117079
65,85.0,10.0,0.0,0.0,64.5550146984,-15.9145881902,-17.0660258492,28.0533911931,33.4891231121,39.1208632086
1243,100.0,100.0,70.0,80.0,33.6435772775,2.64091473197,2.13166691866,7.84164171804,7.83818011422,5.9960495282
1216,40.0,0.0,40.0,80.0,40.9631790051,-3.471261331,8.69247970738,10.9412662198,11.8415536687,7.39908058037
512,20.0,85.0,70.0,0.0,55.504387365,28.7598977263,17.4447627946,29.5167122305,23.4220067865,12.2279052903
308,85.0,10.0,30.0,0.0,63.5842515869,-18.8792912371,-3.13536393919,26.2762575222,32.2929293063,28.5136277189
1224,100.0,0.0,40.0,80.0,38.669633876,-9.19691068826,3.75870782916,8.95789642199,10.468019635,7.64459387219
521,30.0,85.0,70.0,0.0,54.7156448478,24.2773781166,14.8948351319,27.4934466686,22.655442564,12.6450239959
272,30.0,10.0,30.0,0.0,73.4726799817,-4.88358064997,11.4306669682,42.5896286953,45.8878141051,30.0538984284
557,85.0,85.0,70.0,0.0,47.9383148616,3.90012988807,2.87801230631,16.8433496347,16.7459422893,12.7629812982
1208,100.0,0.0,0.0,80.0,38.4104305493,-7.53674641628,-3.61441421776,9.02248060478,10.3198294446,9.53755314598
683,30.0,85.0,100.0,0.0,54.4207307437,23.2865822982,21.3420510622,26.9304050767,22.3731747293,10.336411865
29,30.0,10.0,0.0,0.0,75.3484375272,-2.86192243535,-2.94102159065,46.0717841829,48.8347987546,42.5935072192
719,85.0,85.0,100.0,0.0,47.1459653695,2.88096580723,8.89873201206,16.0542968964,16.1310580319,10.3056479783
730,0.0,0.0,0.0,20.0,75.0287099678,0.767363863081,6.66462148922,46.872382371,48.3238131674,35.0053948736
927,20.0,100.0,100.0,20.0,46.5302287289,27.8880298536,17.9826384482,20.2949635615,15.6637623056,7.47576558287
748,40.0,0.0,0.0,20.0,67.1498885543,-8.29371353857,-3.63008053578,33.1068144103,36.8307910519,32.7566697156
939,70.0,100.0,100.0,20.0,43.3373423312,12.2050515046,8.66001777814,14.844176193,13.3847512536,8.46999527096
760,100.0,0.0,0.0,20.0,57.8583974793,-19.699841493,-16.0653574226,20.5499596146,25.8122387612,30.418227876
879,0.0,100.0,70.0,20.0,50.6045822913,35.2394835352,15.4649947731,25.8342058981,18.9294658503,10.1202523561
778,20.0,0.0,10.0,20.0,70.8281688407,-4.32471739167,6.37683846369,39.0548680021,41.9380234855,30.3670184983
897,40.0,100.0,70.0,20.0,46.4040789206,21.3359618719,7.41988462348,18.876734025,15.5691522131,10.3675390406
790,70.0,0.0,10.0,20.0,63.095216953,-13.9876759582,-4.57725258126,26.9590332856,31.7012726396,28.880100467
909,100.0,100.0,70.0,20.0,41.9689274228,4.30339522983,-1.03422636737,12.6668991839,12.4799207326,10.6202208095
802,0.0,0.0,20.0,20.0,74.0063046361,-0.117012095498,15.3668430571,45.0051303518,46.7137601345,28.1899139343
855,20.0,100.0,40.0,20.0,49.0993617601,28.9768978352,5.94320626616,22.8880489159,17.674869849,12.3874791341
820,40.0,0.0,20.0,20.0,67.0022568624,-9.11575884015,5.29275788368,32.6948156313,36.6349611918,26.9963179768
867,70.0,100.0,40.0,20.0,44.4156151295,14.0597630987,-1.68570917047,15.9512183383,14.1277706945,12.2320300017
832,100.0,0.0,20.0,20.0,57.1576021543,-21.3015496294,-7.23228321045,19.610477856,25.0844405504,24.4655611682
808,10.0,0.0,20.0,20.0,72.1534213726,-2.50081808937,13.4742279751,41.4906635173,43.8877736251,27.409686996
809,10.0,10.0,20.0,20.0,69.460083603,1.21069199572,11.5960600819,38.9404835569,39.9867375597,25.8004981772
662,10.0,40.0,100.0,0.0,66.2610935245,14.7280659609,41.7630267274,38.8547649092,35.6623097344,10.3343801817
40,40.0,30.0,0.0,0.0,67.6494445896,1.77046136566,-7.4029482865,36.6950411425,37.4986141322,35.9534989853
1254,70.0,70.0,100.0,80.0,36.4409995908,2.58640695599,7.92187180373,9.21875964484,9.23929675173,5.79002579719
1197,0.0,40.0,0.0,80.0,40.4705062707,8.21890314441,4.34948194367,12.2904584442,11.5369517474,8.29958584216
500,10.0,40.0,70.0,0.0,66.9624122824,14.7860503748,29.9175323311,39.83534096,36.5822275401,14.9296625376
283,40.0,30.0,30.0,0.0,66.4112279402,0.0317170741158,5.3390574989,34.5869076808,35.8579277686,26.3750954257
1238,70.0,70.0,70.0,80.0,36.501265451,2.79547483764,5.54402394413,9.27558988912,9.27118712266,6.32846909971
1213,0.0,40.0,40.0,80.0,41.4667883872,7.72158182087,10.3651656284,12.8552792858,12.1584107813,7.20141095765
494,0.0,85.0,70.0,0.0,59.010648223,36.3625266925,22.8962467782,35.8975328368,27.0392591355,12.4348710872
1220,70.0,0.0,40.0,80.0,41.0001643258,-6.13713494361,6.37272244456,10.6048930145,11.864634267,8.00597230916
530,40.0,85.0,70.0,0.0,53.0960494662,19.2076812441,12.1790189431,24.5823734487,21.1341937637,12.6178971113
245,0.0,10.0,30.0,0.0,80.4060192681,3.75668216436,20.7812638893,56.8688420901,57.4035147077,31.7274291438
656,0.0,85.0,100.0,0.0,58.6283364053,35.9110063019,30.0254001375,35.2726112064,26.6279243211,9.89994920977
1204,70.0,0.0,0.0,80.0,41.4613280735,-4.75621677491,-0.558517628956,11.0586045838,12.1549453486,10.1996775933
692,40.0,85.0,100.0,0.0,52.2156524066,18.6736153111,17.8530557129,23.5890987538,20.3365904858,10.2397687199
2,0.0,10.0,0.0,0.0,81.3966401486,5.10331321727,5.38790031798,59.1848756802,59.1913109514,44.2872258911
942,100.0,20.0,100.0,20.0,48.9389295388,-20.4642363884,16.1262108185,13.4721166591,17.5445166718,9.07872619759
758,70.0,70.0,0.0,20.0,48.4756680898,7.92904705772,-11.3318454395,18.016716333,17.1717115719,18.9580276325
930,40.0,20.0,100.0,20.0,58.2236438502,-4.71271680299,32.3743684717,24.1617397432,26.1970775783,9.01068258175
746,20.0,70.0,0.0,20.0,55.1248059105,20.6171064597,-2.42024039025,27.020816168,23.0509758194,20.1679587057
912,0.0,20.0,100.0,20.0,65.6832779464,6.85986224166,43.9797030713,35.6760295251,34.9160820405,9.37055790555
157,100.0,30.0,10.0,0.0,57.9175655248,-13.8935371884,-16.2968143671,21.8267362502,25.8743231112,30.6309197303
599,30.0,40.0,85.0,0.0,63.3201976703,7.58436860221,29.1105852384,32.9286400743,31.9725588766,12.8659385548
121,40.0,30.0,10.0,0.0,67.7362957721,0.867198454929,-3.37121589666,36.5345802201,37.6155371419,33.262111321
635,85.0,40.0,85.0,0.0,54.8015229328,-10.3696317923,13.4308961347,19.766234809,22.7380821165,13.2250289044
85,0.0,30.0,10.0,0.0,75.4534479404,12.9230871766,8.03778559947,52.0552176885,49.0034078711,34.5594728603
870,100.0,20.0,40.0,20.0,53.0716626392,-16.4248156393,-1.27111765599,17.1711558102,21.1118242919,17.983227121
830,70.0,70.0,20.0,20.0,49.7553632481,7.31363666817,-5.55148706838,18.9593392671,18.2145973863,17.3466027773
858,40.0,20.0,40.0,20.0,61.4740840871,-3.48703349479,11.2710671447,27.8374365888,29.7917067365,18.8690927119
818,20.0,70.0,20.0,20.0,55.0701886805,19.5787205779,2.88094228435,26.7064532147,22.9979135762,17.6684814893
840,0.0,20.0,40.0,20.0,67.4357947699,6.9031319491,21.9201906978,37.9896215448,37.2120207001,18.6982169412
883,10.0,40.0,70.0,20.0,60.1747495921,11.8952032781,25.5657841911,30.3833596824,28.3177757391,12.2041187401
761,100.0,10.0,0.0,20.0,55.0706960539,-16.2591765397,-15.9169709675,18.8301467298,22.9984061293,27.3730301918
715,85.0,30.0,100.0,0.0,55.644475929,-15.651144794,21.6566334314,19.4365825584,23.5599390697,10.902761681
24,20.0,55.0,0.0,0.0,64.29466644,19.2941225338,-3.40454685309,37.6336791531,33.1654677844,29.433947128
678,30.0,20.0,100.0,0.0,68.3395740279,-1.38691013625,43.2868562534,36.639567342,38.4344120576,10.9857717448
69,85.0,55.0,0.0,0.0,54.9409807374,0.597503935699,-17.3283913659,22.1856014837,22.8727085868,28.0835838064
553,85.0,30.0,70.0,0.0,57.3553558474,-14.6054168229,12.1048514066,21.1599254134,25.2884095827,15.4295850767
267,20.0,55.0,30.0,0.0,63.308315655,18.1595749083,7.5064601263,35.9938718369,31.9581927426,22.2602158856
516,30.0,20.0,70.0,0.0,69.1691321197,-1.51379845875,30.7013151689,37.6963475563,39.5797181861,16.1579814158
312,85.0,55.0,30.0,0.0,54.0546045191,-1.47351728777,-6.49534412221,20.9301754467,22.0260230497,21.2662429306
303,70.0,55.0,30.0,0.0,56.3202719192,2.74721696502,-3.38343452686,23.9909992949,24.232944267,21.6669335987
508,20.0,30.0,70.0,0.0,68.6982983723,4.88754014263,30.4638084771,39.064934571,38.9269240773,15.9194804155
1218,40.0,70.0,40.0,80.0,37.5490962589,6.26063008198,4.61990717864,10.2792477156,9.83744844601,6.95838944981
544,70.0,30.0,70.0,0.0,60.1923673663,-9.86805828988,15.6488273594,24.9357288286,28.3374283763,15.9813756583
60,70.0,55.0,0.0,0.0,58.1511577476,4.24201415288,-14.4167659038,26.2040496413,26.1204010603,29.696161104
670,20.0,30.0,100.0,0.0,67.824663762,4.28693006536,40.7502308624,37.6980817727,37.7347513421,11.526511694
1202,40.0,70.0,0.0,80.0,37.2976655087,7.07425485135,-0.0579000931971,10.2441506379,9.69952782071,8.01826252559
706,70.0,30.0,100.0,0.0,58.8224224704,-11.0786860318,24.7884075963,23.301768788,26.836218985,11.6739905153
733,0.0,40.0,0.0,20.0,63.8464853186,16.8788162928,2.82762067633,36.3063954319,32.6132023224,25.2850033174
925,20.0,40.0,100.0,20.0,57.2521268998,9.51123145643,32.3425806021,26.5439023778,25.1817987976,8.55396521286
751,40.0,40.0,0.0,20.0,57.7594943973,6.16224500121,-5.80437705624,26.2604111709,25.708682781,24.2514675805
937,70.0,40.0,100.0,20.0,51.035549112,-4.61349883371,19.8761043247,17.7329604609,19.2992995016,9.04040526411
763,100.0,40.0,0.0,20.0,50.599874762,-6.82769947763,-15.9712968693,16.9782903301,18.9254524005,23.0796372284
877,0.0,40.0,70.0,20.0,61.9136442312,15.0091071626,27.2490922215,33.3151331269,30.301671532,12.6649136834
781,20.0,40.0,10.0,20.0,61.4299973084,10.3936642157,2.16187059144,31.4426758179,29.740876586,23.3663811304
895,40.0,40.0,70.0,20.0,56.310812977,2.90030622769,16.8225685218,24.0167145711,24.2234370555,12.9388159361
793,70.0,40.0,10.0,20.0,54.8792184182,-0.477956107808,-7.2925254743,21.8954129938,22.8130205767,22.3979852994
907,100.0,40.0,70.0,20.0,48.946425877,-11.4598181593,4.5536989247,14.9294614324,17.5505932185,12.7852613088
242,100.0,85.0,20.0,0.0,48.3256396568,4.14211672363,-13.3966918956,17.1912961574,17.0521197147,19.8090436672
110,30.0,10.0,10.0,0.0,75.4305559657,-3.4989238996,2.24788638177,45.9717729569,48.966618531,38.6987230061
611,40.0,85.0,85.0,0.0,52.4791542695,20.5434848002,15.3459389931,24.2758541621,20.5731691383,11.1790255207
722,100.0,10.0,100.0,0.0,57.9529646017,-27.5118719662,22.7662951137,19.0590857373,25.911514509,11.8506454931
575,0.0,85.0,85.0,0.0,58.3205320509,37.040856047,27.4200198095,35.214377932,26.2998010066,10.537825931
845,10.0,10.0,40.0,20.0,68.5854795218,0.457145461174,21.3075285617,37.5280760311,38.7715782058,19.9175450927
812,10.0,70.0,20.0,20.0,56.147524954,22.2431067651,5.34655869166,28.5435715626,24.0597075164,17.4004485311
658,10.0,0.0,100.0,0.0,78.3928874224,-4.17250675418,58.0805210621,50.3760023639,53.8820171305,11.8258909414
539,55.0,85.0,70.0,0.0,50.6744195621,15.8360658622,8.50404115797,21.5079333064,18.9890729592,12.4416711864
686,40.0,10.0,100.0,0.0,68.0948724248,-9.92400624174,41.8699253649,33.804673624,38.1008426275,11.310018794
502,10.0,70.0,70.0,0.0,60.3918209999,26.6414977682,22.7759406391,34.7812267529,28.5605535438,13.3324670385
253,10.0,0.0,30.0,0.0,81.0382630795,-3.71531182039,20.525953849,54.9592241507,58.5403177433,32.6161027622
53,55.0,85.0,0.0,0.0,53.1299859187,18.954877173,-11.2212067442,24.5576021979,21.1653491723,22.874945917
281,40.0,10.0,30.0,0.0,71.7406833072,-7.9276867106,8.78142294381,39.1595675827,43.2742021168,29.8416988498
16,10.0,70.0,0.0,0.0,63.060270098,27.2223017846,-1.49492511674,38.4451255589,31.6592712239,26.9911198729
490,0.0,30.0,70.0,0.0,72.9138038034,12.2157699781,37.1810553987,47.7116148674,45.0332823514,16.1482129117
285,40.0,55.0,30.0,0.0,60.6570077485,10.33946608,2.44183549101,30.5236784668,28.8590227769,22.5161571664
1237,70.0,40.0,70.0,80.0,38.9081863315,-1.13845974881,7.56715291009,10.0801087589,10.605650927,6.81562059737
249,0.0,55.0,30.0,0.0,67.7980234593,24.1752744354,12.6940193768,44.151581081,37.6987853494,23.6058825459
652,0.0,30.0,100.0,0.0,72.7249204542,12.0378902269,49.4576890044,47.3534580338,44.7468932905,11.4405101973
42,40.0,55.0,0.0,0.0,61.9422727023,11.4900979679,-8.37055820639,32.3571522345,30.3350858072,30.0041920799
1253,70.0,40.0,100.0,80.0,39.0889947835,-1.95615679367,10.11862552,10.0751857664,10.7107670964,6.30325608789
6,0.0,55.0,0.0,0.0,68.0829168074,25.4552306563,1.51198376893,45.019195411,38.0845947519,30.4507817436
639,85.0,100.0,85.0,0.0,43.4850077421,7.58267984257,4.68399816294,14.1915857581,13.4849269967,9.67057843789
109,30.0,0.0,10.0,0.0,77.5045712412,-8.1082931085,3.41697394908,47.5177791563,52.3750634034,40.5248940621
619,55.0,70.0,85.0,0.0,51.9558757557,9.05576193826,16.0055667221,21.241607171,20.1051386879,10.6768241154
145,85.0,0.0,10.0,0.0,66.5252382349,-21.6019398168,-11.7807225434,28.7719817374,36.0069547155,37.7169179719
583,10.0,70.0,85.0,0.0,59.9562729459,26.4547316318,27.7515639154,34.1795911553,28.0748194288,11.3384357363
798,100.0,20.0,10.0,20.0,54.1230437266,-13.7950258489,-12.2269044142,18.5163176963,22.0906405035,24.3351560039
902,70.0,70.0,70.0,20.0,48.5124054091,5.06621406748,7.60828431788,17.5101452735,17.2010808913,11.4749234619
786,40.0,20.0,10.0,20.0,63.0217721482,-1.78972067739,-0.536705652903,30.0063087954,31.6130448336,26.393542441
890,20.0,70.0,70.0,20.0,54.25901733,18.0663151236,16.1588368599,25.4939659148,22.2193958486,11.9318135546
768,0.0,20.0,10.0,20.0,69.3576331699,7.71516674575,8.287127473,40.8885609589,39.8431003461,27.6280005564
872,100.0,70.0,40.0,20.0,46.5569008707,-1.48930458058,-4.79936713281,14.8746173936,15.6838148943,14.7463003914
828,70.0,20.0,20.0,20.0,58.8700402331,-7.56324132505,-2.24196669364,24.1469491106,26.8874881405,23.3611073052
860,40.0,70.0,40.0,20.0,52.438236097,12.7886535492,5.00171118815,22.4918842319,20.536312072,14.8798843939
816,20.0,20.0,20.0,20.0,65.5871831585,2.55328631013,7.46946318738,34.2868398003,34.7929978094,24.3732281332
842,0.0,70.0,40.0,20.0,56.8101727544,24.5580206607,13.338725589,29.8931658588,24.7287530056,14.5663849481
868,100.0,0.0,40.0,20.0,55.9170876455,-23.1139651408,1.1961891406,18.2125777652,23.8299048351,19.0985888959
831,70.0,100.0,20.0,20.0,44.8492793423,15.4742840167,-5.73227482434,16.5306131114,14.4341877379,13.9705127571
856,40.0,0.0,40.0,20.0,65.1572820121,-10.3485526891,14.5648338953,30.1782543349,34.2458944721,20.3194389533
819,20.0,100.0,20.0,20.0,49.1500398733,29.1389730004,1.76714338997,22.9725507899,17.7161802327,13.9385995514
838,0.0,0.0,40.0,20.0,72.6564821804,-0.742767809728,25.4758987706,42.7989239123,44.6434261294,21.3168893141
801,100.0,100.0,10.0,20.0,42.7047853377,8.11705494682,-11.6680779758,13.7402570246,12.9612397881,14.835672896
898,70.0,0.0,70.0,20.0,59.4091494316,-16.987125237,19.6127498616,22.5514060245,27.4724985447,13.8791203628
789,40.0,100.0,10.0,20.0,47.6530205059,22.7971996501,-3.76638781796,20.2435807683,16.5227785834,15.0853551647
886,20.0,0.0,70.0,20.0,67.813938561,-5.95727424342,32.6964774784,34.6036098559,37.7202689334,14.4166585987
771,0.0,100.0,10.0,20.0,51.6263804203,35.2495446829,3.05717042312,26.9102259051,19.8141050858,15.0961471053
299,70.0,10.0,30.0,0.0,66.5597421115,-14.8444124947,1.31851965287,30.5933162556,36.0521372219,28.9277944957
1235,40.0,100.0,70.0,80.0,36.9646807777,10.4578329726,5.92030888284,10.4990854536,9.51886373041,6.42338188961
263,20.0,10.0,30.0,0.0,75.8916131631,-2.192763816,14.1909957394,47.1444903816,49.7111327424,30.9529207976
548,70.0,85.0,70.0,0.0,49.9644087108,10.0283445186,5.1339208814,19.6755270875,18.3888704822,13.209376652
56,70.0,10.0,0.0,0.0,68.5607395544,-12.1455346403,-12.8512352723,33.7433020097,38.737567863,41.1816014031
1251,40.0,100.0,100.0,80.0,37.2167495961,9.88306327387,7.89462688024,10.5667399936,9.65541771591,6.0821703228
20,20.0,10.0,0.0,0.0,77.341480777,-0.504496725565,-0.355619776913,50.0524761222,52.1014837302,43.2747876266
710,70.0,85.0,100.0,0.0,49.2199656936,9.09876678597,10.8963260768,18.8572828708,17.7732860399,10.8014749419
735,0.0,100.0,0.0,20.0,51.4010584168,37.119889833,1.60174781373,27.1329923287,19.6167104424,15.5257345188
922,20.0,0.0,100.0,20.0,67.0401086056,-6.2531674468,45.7946053462,33.5534399218,36.6851042724,9.52360812172
753,40.0,100.0,0.0,20.0,47.3422939396,23.5905620544,-6.49445647279,20.1322055788,16.2819866446,15.976398033
934,70.0,0.0,100.0,20.0,58.4102989368,-18.589333182,30.4096388642,21.2787057223,26.3952135596,9.67283726758
765,100.0,100.0,0.0,20.0,42.7637518156,7.86515659068,-14.496679944,13.7406149301,13.0003360866,16.0212541017
874,0.0,0.0,70.0,20.0,72.1700420831,-0.972264773533,38.2054872263,42.0205718498,43.9126025033,15.2048172449
783,20.0,100.0,10.0,20.0,49.2839651139,30.1687001927,-1.00877166124,23.3317129965,17.8256594144,15.1070370559
892,40.0,0.0,70.0,20.0,64.2294796963,-11.5055806432,25.6714030299,28.8239012053,33.0847577851,14.7459836225
795,70.0,100.0,10.0,20.0,44.819596868,16.0508428724,-8.54868592459,16.6108408291,14.4130749104,15.0443615304
904,100.0,0.0,70.0,20.0,55.3216001919,-24.9466584273,10.4199715578,17.3874459885,23.2428440362,14.7040135724
807,0.0,100.0,20.0,20.0,51.1913778273,35.8090373782,4.89292113829,26.5864980077,19.4342002241,14.0880610505
850,20.0,0.0,40.0,20.0,69.633558046,-5.54117390808,19.6224735784,37.0732541122,40.230738043,21.6405698885
825,40.0,100.0,20.0,20.0,47.0254916688,22.9002980222,-2.29483988367,19.716504588,16.0389066366,14.0900413999
862,70.0,0.0,40.0,20.0,60.6963357358,-16.2947414178,8.27052495761,23.9499146225,28.9034629276,19.6476859211
837,100.0,100.0,20.0,20.0,42.1733241779,6.98806840749,-9.71906389416,13.2075173283,12.612398263,13.7343800246
804,0.0,20.0,20.0,20.0,68.9153070537,7.36904590979,12.9687427162,40.1573344166,39.2268997339,24.504589489
854,20.0,70.0,40.0,20.0,53.7256087361,18.9523972997,9.50266287181,25.1586636534,21.7171572469,13.9966955822
822,40.0,20.0,20.0,20.0,61.6436883806,-2.3718835452,2.98425525117,28.3066218378,29.987793117,23.1249297586
866,70.0,70.0,40.0,20.0,47.9661310874,5.7338950524,0.508808219431,17.1990262983,16.7678076571,13.6445906572
834,100.0,20.0,20.0,20.0,52.3666336591,-14.9074144015,-8.67794319275,16.8940281284,20.4719220967,20.9035666873
878,0.0,70.0,70.0,20.0,55.5314035919,24.3646272976,21.2613673835,28.4065210375,23.4485651579,10.9672057673
780,20.0,20.0,10.0,20.0,64.7524837547,2.99537745966,4.28500795895,33.3785993318,33.7360086644,25.343937359
896,40.0,70.0,70.0,20.0,50.1388858828,11.7515288945,12.4797645551,20.1760645674,18.5351735589,10.8017642577
792,70.0,20.0,10.0,20.0,57.4151758754,-7.32904914483,-6.08174118369,22.7857479619,25.3503268337,24.0788296267
908,100.0,70.0,70.0,20.0,45.2637404787,-3.36638574495,2.76734993435,13.6688067124,14.7311468934,11.224213209
1231,0.0,100.0,70.0,80.0,38.0156098723,16.105250126,9.63159592269,11.8997535694,10.0968030311,6.00425589633
289,55.0,0.0,30.0,0.0,71.3402181115,-15.9775948862,6.0684813559,36.1389692058,42.6843673352,31.1304763832
538,55.0,70.0,70.0,0.0,54.2716204825,8.29864857309,11.1898891966,23.2483442508,22.2313552246,13.7157296588
1212,0.0,0.0,40.0,80.0,45.1193934995,0.617515065562,13.6565457887,14.2044275915,14.6272653634,7.95857983379
1247,0.0,100.0,100.0,80.0,38.7686276241,16.5062147142,11.9119286911,12.430430681,10.5249879734,5.79489008004
46,55.0,0.0,0.0,0.0,72.2028781303,-13.5666189427,-9.76854249517,38.0138862681,43.9616822126,43.7216475377
700,55.0,70.0,100.0,0.0,52.7525531323,7.49988736638,17.9551262749,21.6404102601,20.8205656135,10.4954871507
1196,0.0,0.0,0.0,80.0,44.7874518248,1.46906633785,5.88174389901,14.1111587541,14.3902337157,9.98451013565
495,0.0,100.0,70.0,0.0,54.1368399534,44.6357782192,20.4639665938,32.218099537,22.1036816139,10.4572995352
241,100.0,70.0,20.0,0.0,48.9105115725,-1.90258795009,-13.8395200562,16.5535559038,17.5214937484,20.5109827317
491,0.0,40.0,70.0,0.0,68.6533594083,19.0857711453,33.8620807957,43.6712156114,38.8649957619,14.525889218
237,100.0,20.0,20.0,0.0,58.3017900152,-19.2860142201,-12.4253723958,21.0336437632,26.2799092955,28.6248909362
487,0.0,0.0,70.0,0.0,81.7498535835,-1.14382813897,46.7954655994,57.2325060738,59.8376293054,18.6082569626
162,100.0,100.0,10.0,0.0,46.094399513,8.90832324394,-15.7289449831,16.317449392,15.3385154117,19.0936738382
622,70.0,0.0,85.0,0.0,66.2488308236,-22.2288591524,29.1155729935,28.3047758444,35.6463635187,14.760702359
126,40.0,100.0,10.0,0.0,51.6045870596,28.0497431613,-6.03495888687,25.1480371331,19.7949553046,19.0034721122
586,20.0,0.0,85.0,0.0,76.4784041901,-7.83944407021,45.1386649228,46.0339680154,50.6695460148,15.4040848474
90,0.0,100.0,10.0,0.0,57.3809732283,43.0971453337,2.69747568812,35.8108213745,25.3149127224,19.5797261139
1175,0.0,100.0,100.0,60.0,41.7824638726,22.0536342334,14.0418050725,15.3732449958,12.3598785012,6.46522375571
1094,100.0,70.0,0.0,60.0,38.8972666442,1.30067728924,-7.54029875745,10.3903563638,10.5993246921,11.0066179135
1173,0.0,40.0,100.0,60.0,47.5164742165,8.93155967025,23.0715164868,17.4309579947,16.4166742169,6.66128416775
1092,100.0,20.0,0.0,60.0,42.5274224632,-7.1697644973,-6.99593133893,11.3592411714,12.8441162364,12.9582727149
1171,0.0,0.0,100.0,60.0,52.0775071782,-0.284998222575,30.4038027814,19.4348484546,20.2132881078,6.78493284486
871,100.0,40.0,40.0,20.0,48.8747605992,-10.0337574889,-2.65294413438,15.1166035092,17.492558581,15.4847259196
829,70.0,40.0,20.0,20.0,53.6976478987,-1.271377164,-3.72429513932,20.652143448,21.691041171,19.6135265424
859,40.0,40.0,40.0,20.0,56.2572832509,4.02310447505,8.55585119089,24.2216067176,24.1696810164,16.1094716229
817,20.0,40.0,20.0,20.0,60.1922324892,9.99116495998,5.73155740191,29.8960779258,28.3372778862,20.4524022165
841,0.0,40.0,40.0,20.0,61.974034266,15.2138048742,17.5577713007,33.447773907,30.372185666,16.468045968
161,100.0,85.0,10.0,0.0,47.4477161958,5.30678134373,-16.0544692661,16.7156748724,16.3634176459,20.361076159
595,30.0,0.0,85.0,0.0,74.1338779566,-10.6928901912,43.9266812753,41.6043269257,46.9126755426,14.2879413362
125,40.0,85.0,10.0,0.0,54.0526885753,22.8323941776,-5.76606495978,26.4291157606,22.0242159107,20.9011451012
631,85.0,0.0,85.0,0.0,62.6631742271,-26.8133961649,24.6973013948,23.4863719493,31.1846183775,14.0783800415
89,0.0,85.0,10.0,0.0,60.6780505365,37.1910331488,3.65762609313,38.3513487043,28.8827952028,21.9075496647
311,85.0,40.0,30.0,0.0,57.0531524832,-6.69082919414,-5.72082443316,22.5824165823,24.9771520726,23.5463941085
1233,40.0,40.0,70.0,80.0,39.8916021226,2.19665625691,9.98793419559,11.0841372211,11.1857654522,6.64678787055
275,30.0,40.0,30.0,0.0,65.9729670385,8.25137886509,6.92452912463,36.4690708116,35.2888898974,25.0435593045
552,85.0,20.0,70.0,0.0,59.1193468252,-18.4373625661,12.3693410694,21.9637484967,27.1569780561,16.5809734787
68,85.0,40.0,0.0,0.0,58.0298597983,-5.12111183465,-17.5440492857,23.8768800116,25.9924258074,31.5613085758
1249,40.0,40.0,100.0,80.0,40.6335964776,1.43486871987,13.0402154884,11.4207478795,11.6371989351,6.24583381298
32,30.0,40.0,0.0,0.0,67.13488518,9.89953067069,-5.30455348451,38.5204640741,36.8108576598,33.8712358086
714,85.0,20.0,100.0,0.0,57.9506246127,-19.8476313329,21.5773008548,20.6015554645,25.9090549426,12.2574289942
181,20.0,0.0,20.0,0.0,78.492217181,-6.63480128,11.8509632244,49.6164502135,54.0522965408,35.556977818
543,70.0,20.0,70.0,0.0,60.2236337377,-14.612151969,17.9330780577,23.8688690002,28.3723284151,15.0749937733
185,20.0,40.0,20.0,0.0,66.9264980902,12.0062180781,5.54497645888,38.9009526821,36.534739077,26.771961971
547,70.0,70.0,70.0,0.0,51.3992430507,4.8119894808,8.7308524242,19.8703316384,19.6151254279,12.8037805078
189,20.0,100.0,20.0,0.0,53.5737635196,35.6632200045,1.01248637396,29.1455629014,21.575582139,17.3551264323
574,0.0,70.0,85.0,0.0,61.9344243613,30.1855907268,30.4590649804,37.8559708846,30.325923021,11.571748441
102,20.0,20.0,10.0,0.0,74.1896650008,3.11071788829,3.7222890428,46.418445769,46.999837209,36.0610244796
610,40.0,70.0,85.0,0.0,55.5766263826,14.0768077196,18.3480770865,25.8988312516,23.4930664555,11.9599665479
138,70.0,20.0,10.0,0.0,65.0614072766,-9.53603449906,-9.17834218015,30.2848622275,34.1246691627,34.0759308414
646,100.0,70.0,85.0,0.0,48.4959695941,-6.00287475545,4.86017904708,15.5236027527,17.1879372908,12.4024120106
1076,20.0,0.0,0.0,60.0,53.4599443664,-1.5256036876,3.58590943388,20.3884213688,21.4698655959,16.17075593
1187,70.0,20.0,100.0,60.0,44.8755296006,-6.77903574025,15.6283027595,12.8843259291,14.4528764376,7.35197180193
1078,20.0,40.0,0.0,60.0,46.7589330456,7.40848584668,1.73389136761,16.560174135,15.8362623246,12.4484433834
1189,70.0,70.0,100.0,60.0,39.9943785012,2.74834661856,9.59832993237,11.2207486189,11.2475858896,6.77849697755
1080,20.0,100.0,0.0,60.0,39.7656235238,18.4071475643,0.737315225085,13.3682104224,11.1102983074,8.95787431031
806,0.0,70.0,20.0,20.0,57.19436184,24.9675374228,7.28190469164,30.4439019129,25.1222722806,17.3433069822
852,20.0,20.0,40.0,20.0,64.3600818084,1.6762340015,16.0949479136,32.5272385861,33.2465926972,18.939520938
824,40.0,70.0,20.0,20.0,52.179048829,13.6090605217,-0.406511910888,22.4268831901,20.3038710475,16.9272230614
864,70.0,20.0,40.0,20.0,56.3924813679,-9.24948531684,5.71651494088,21.4147097636,24.3056041968,17.4234282298
836,100.0,70.0,20.0,20.0,45.7561890557,-0.700307494029,-10.1987473348,14.4359545766,15.0892445262,16.3814269511
876,0.0,20.0,70.0,20.0,66.2716821485,6.5780685781,32.9214214821,36.352477168,35.6760828335,13.3296072748
782,20.0,70.0,10.0,20.0,54.7100838581,19.4368639408,0.680480579841,26.2921726296,22.6500981974,18.377502557
894,40.0,20.0,70.0,20.0,59.191964238,-4.42953138856,21.7931423864,25.2011979372,27.2358116684,12.9377104439
794,70.0,70.0,10.0,20.0,49.0866542502,7.92715324305,-7.93073110447,18.5189375112,17.6645213723,17.8887746867
906,100.0,20.0,70.0,20.0,51.7492223706,-18.0880727977,9.29669063107,15.8576966008,19.9222771021,12.8172142532
498,10.0,20.0,70.0,0.0,72.8550934471,4.64704502053,35.6645374546,44.9362168239,44.9441339451,16.7458986613
293,55.0,40.0,30.0,0.0,60.8094863654,0.488217720069,-0.0367075873366,28.1190540403,29.031576179,23.9740117516
534,55.0,20.0,70.0,0.0,64.2419681102,-10.0981161976,20.6567844906,29.2035286959,33.100209978,16.8133251814
1214,0.0,70.0,40.0,80.0,39.642410706,11.5659210148,8.38060192168,12.2579043696,11.0368170829,6.92238521338
660,10.0,20.0,100.0,0.0,72.6930279946,4.22579892362,48.7893829255,44.547912224,44.6986573867,11.6450674693
50,55.0,40.0,0.0,0.0,62.3478881834,2.0362564495,-11.6115805002,30.2517496074,30.8111506055,32.5579742328
696,55.0,20.0,100.0,0.0,62.794059839,-11.1653345087,31.4987409035,27.3378569014,31.3405393518,11.7201971788
1198,0.0,70.0,0.0,80.0,38.829567337,12.1335528261,3.59577174127,11.833440939,10.5601597695,7.7563021254
531,40.0,100.0,70.0,0.0,47.5334129505,25.0980417255,9.47320827648,20.6106337319,16.4298118405,10.3346014028
205,40.0,70.0,20.0,0.0,55.9957793586,16.2372559021,-2.43709896045,26.8661040768,23.9082145404,20.9116466992
527,40.0,40.0,70.0,0.0,60.6496168513,3.43079826195,20.9478321519,28.6962970739,28.8506762402,14.1844220444
201,40.0,20.0,20.0,0.0,68.3519593036,-3.91297617527,1.65306648007,35.8941702923,38.4513468371,30.6567885513
523,40.0,0.0,70.0,0.0,71.571318306,-14.4837111045,31.2141006694,36.893022058,43.0240901929,17.7203908933
158,100.0,40.0,10.0,0.0,55.2790811101,-9.53324548467,-16.7376311204,20.3542438821,23.2012994549,28.0788607773
626,70.0,40.0,85.0,0.0,56.852058946,-5.51239709149,17.8700209157,22.6509928669,24.7714553876,12.8977330031
122,40.0,40.0,10.0,0.0,64.3913054029,5.94783798104,-4.34695782484,33.7782718003,33.2853612562,30.1297630492
590,20.0,40.0,85.0,0.0,65.1093894754,10.0497390245,31.7923457513,35.8900152527,34.185302679,13.0109967922
86,0.0,40.0,10.0,0.0,71.7540311923,18.4931091905,6.27466578679,48.1757878269,43.2939548791,31.4594503688
1185,40.0,100.0,100.0,60.0,39.6229270545,13.4331887963,9.00627609956,12.5206064723,11.0252272431,6.76718761873
1084,40.0,70.0,0.0,60.0,42.2416476596,9.77118803761,-2.00567418962,13.686322689,12.6568895542,11.0816058199
1183,40.0,40.0,100.0,60.0,44.6321317583,1.82987815676,16.8640982947,14.0616231974,14.2802084113,6.95076132774
1082,40.0,20.0,0.0,60.0,47.3372234223,-0.0926312460376,-0.373798947052,15.6809066121,16.2780768642,13.5695129724
1181,40.0,0.0,100.0,60.0,48.330107153,-7.01708963253,23.1614991842,15.2294209511,17.0556728346,6.96942902956
472,85.0,30.0,55.0,0.0,57.7264358717,-13.8884959882,6.80921035457,21.6512590286,25.6741308784,17.9586495205
113,30.0,40.0,10.0,0.0,65.9260454354,9.86137845912,-1.14503980151,36.8966863409,35.2283261383,29.7796849425
615,55.0,20.0,85.0,0.0,63.3697886583,-10.234481573,28.2727643317,28.1987854478,32.0325641081,13.199847785
149,85.0,40.0,10.0,0.0,56.7408600937,-5.23842185789,-13.9188833798,22.6057958447,24.6581975693,27.8992050139
579,10.0,20.0,85.0,0.0,72.310242994,4.84793452852,44.3450338297,44.1934858276,44.1224146443,12.961416452
796,100.0,0.0,10.0,20.0,57.1623309277,-20.0517196485,-10.8687301599,19.8657272109,25.0893051017,26.5266427398
903,70.0,100.0,70.0,20.0,43.5098798353,12.547193239,4.12406383962,15.0253584464,13.5018491741,9.85036350745
784,40.0,0.0,10.0,20.0,65.7766892966,-8.98869394669,0.9106180252,31.2657742273,35.0360070627,28.3518623737
891,20.0,100.0,70.0,20.0,47.7775832209,27.6001671954,11.9012744895,21.354608015,16.6199688965,9.7251363214
766,0.0,0.0,10.0,20.0,74.0178854113,0.0520014503433,11.2068310812,45.0813875941,46.73179391,30.7945671534
307,85.0,0.0,30.0,0.0,65.3535122328,-23.6250296585,-2.40087733062,26.9829560939,34.4949050663,29.9485913928
520,30.0,70.0,70.0,0.0,57.6878305989,17.9085791216,17.5559872383,29.1399365883,25.633820863,13.5383627925
271,30.0,0.0,30.0,0.0,76.3849574161,-9.20285846799,13.3281702052,45.4125989295,50.5161008041,32.069118001
556,85.0,70.0,70.0,0.0,50.3134288173,-1.30600207573,4.67573559898,17.7694531343,18.6823061642,13.5999452933
64,85.0,0.0,0.0,0.0,66.849085978,-20.3337399986,-17.3915796146,29.4657417376,36.4325187236,42.4316387597
682,30.0,70.0,100.0,0.0,57.2954314433,16.9864400463,25.4967716285,28.4642922717,25.226485463,10.5868143881
28,30.0,0.0,0.0,0.0,77.8808153064,-7.12953222291,-2.34992811169,48.4626503481,53.0098517938,45.6714525385
718,85.0,70.0,100.0,0.0,48.9251100491,-2.80590782464,10.3001883895,16.4038225878,17.5333182423,10.8295045697
217,70.0,0.0,20.0,0.0,67.0915621373,-20.1461668368,-4.15085195129,29.790496791,36.7533392989,33.0383998631
507,20.0,20.0,70.0,0.0,70.2075472866,1.16598483553,34.0255524127,39.9534239011,41.0451549437,15.5262125454
221,70.0,40.0,20.0,0.0,58.8880118084,-2.40678672547,-6.67340300433,25.370106627,26.9068547595,25.8243123358
511,20.0,70.0,70.0,0.0,58.2810731383,22.0725446604,19.7514694037,30.9263732802,26.2579332761,13.1080205787
225,70.0,100.0,20.0,0.0,47.7371835432,18.3270716488,-8.65800589281,19.4157173941,16.5884053226,17.1838478532
570,0.0,20.0,85.0,0.0,75.0563940871,8.30998989978,46.1048635299,49.6666987647,48.367916037,14.0631780879
106,20.0,70.0,10.0,0.0,60.7701655186,23.4696601034,-0.698201858353,34.3313943571,28.9870128604,24.297804093
606,40.0,20.0,85.0,0.0,66.4643831064,-5.99989245693,31.3476416504,32.9196698037,35.9273575227,14.0416584074
142,70.0,70.0,10.0,0.0,54.2331650239,8.00040398372,-11.1316255573,23.14450686,22.1948775173,23.8420115534
642,100.0,20.0,85.0,0.0,56.2653101704,-23.8097773123,13.3858838432,18.3663563199,24.1777367983,14.1854930555
1086,70.0,0.0,0.0,60.0,48.0998200987,-7.74670132564,-3.33684754105,14.9401328443,16.8731615345,15.2216373296
1177,20.0,20.0,100.0,60.0,48.8979025122,0.588599648323,23.3997285171,16.9928733259,17.5112849247,7.1474121024
1088,70.0,40.0,0.0,60.0,43.3480370414,0.896595729584,-4.14968153907,13.0501002911,13.39198979,12.449396665
1179,20.0,70.0,100.0,60.0,42.5624454118,11.2066372927,15.3333340274,14.134794344,12.867187886,6.47730310495
1090,70.0,100.0,0.0,60.0,37.5687193555,10.7414013281,-4.08455577768,10.8845973805,9.84826722523,9.25231255885
1441,3.0,40.0,3.0,0.0,71.0012548508,18.3595158308,2.38821803332,46.9555685782,42.1893255097,33.1742557155
1442,40.0,40.0,3.0,0.0,63.9597872637,6.78047483913,-7.29038461069,33.4837615807,32.7522335565,31.541974355
1445,3.0,3.0,40.0,0.0,81.2404880328,-0.770073368798,28.5999901453,56.4913158834,58.9070700064,27.7324630169
1452,40.0,40.0,0.0,3.0,63.3638795142,6.65917229585,-8.00411763911,32.7207803378,32.0254100908,31.3379160278
1475,0.0,3.0,3.0,40.0,62.7821734391,1.42981782834,6.71643929883,30.5910573785,31.3263579533,22.1997484784
1460,40.0,0.0,40.0,3.0,72.4832120462,-12.8468574268,16.3454165982,38.6168073626,44.382184173,26.0653556168
1439,40.0,3.0,3.0,0.0,74.774685266,-9.47574674224,-4.79922663911,42.9327822504,47.9203838014,43.2893561272
1470,40.0,3.0,0.0,40.0,57.0820448962,-5.11519133963,-1.07717651125,22.9582152924,25.0067990742,21.16692838
1458,0.0,0.0,40.0,3.0,81.1120198943,-1.23670051622,29.6748582555,56.0789904528,58.673905152,26.9640546125
1459,3.0,0.0,40.0,3.0,80.4805506145,-2.06812352507,28.8392250615,54.6587977402,57.5367533702,26.8157036814
17,10.0,85.0,0.0,0.0,59.0918698884,33.8979209057,-2.08291366836,35.2681440586,27.1271887531,23.4805340081
695,55.0,10.0,100.0,0.0,65.0623423542,-14.9493577733,35.8425655036,28.8617198741,34.1258501038,11.5749097091
1207,70.0,100.0,0.0,80.0,35.5760402216,7.78110216772,-2.39648463363,9.39728966933,8.78961838649,7.85464574856
659,10.0,10.0,100.0,0.0,75.2094920464,0.0600461851092,53.7707504412,46.8981100615,48.6122971186,11.4307925976
260,10.0,85.0,30.0,0.0,58.69436786,31.7625277558,5.69866337644,34.1415139615,26.6986683652,19.2323143632
533,55.0,10.0,70.0,0.0,66.3964740082,-14.5106039417,21.483450651,30.4938617303,35.8386724778,18.0816793103
1223,70.0,100.0,40.0,80.0,34.7009122298,6.62738087199,0.932723447624,8.80658360672,8.34974769357,6.67122941197
497,10.0,10.0,70.0,0.0,76.1337495406,-0.283668151237,36.9204675312,48.2127061771,50.1051388482,18.6964674267
567,100.0,100.0,70.0,0.0,41.4829467802,2.11827569785,-1.39056012641,12.0377339845,12.1686696959,10.4690047876
169,0.0,70.0,20.0,0.0,62.6899857074,31.6634294662,8.10965110878,39.3437172734,31.2165160526,21.4087110267
563,100.0,40.0,70.0,0.0,50.8236555331,-15.1877524067,5.52399371711,15.6692921487,19.1168671168,13.6116475369
165,0.0,20.0,20.0,0.0,76.7938862791,8.99680531908,14.2053654923,52.7686525285,51.1898814045,31.9557817044
559,100.0,0.0,70.0,0.0,59.770170886,-31.6239558658,12.5571702167,19.7988905551,27.8689645086,16.9808607957
154,100.0,0.0,10.0,0.0,63.7933703583,-25.3142618968,-15.8526093639,24.9534306861,32.5481613798,37.2501202387
630,70.0,100.0,85.0,0.0,46.3481414769,15.0944472487,6.38632796251,17.6402462383,15.5273223437,10.6612316605
118,40.0,0.0,10.0,0.0,74.72300331,-11.3658022975,-0.590979860077,42.2239586911,47.8385809493,39.9209214945
594,20.0,100.0,85.0,0.0,52.2862134544,34.2052671095,16.702172985,27.3573772344,20.3997631992,10.6366437572
82,0.0,0.0,10.0,0.0,84.0270375858,-0.128674274033,12.1619581852,61.7731257184,64.1177469161,42.4822004062
1195,100.0,100.0,100.0,60.0,36.855877651,2.30031392603,3.42392364539,9.40167089651,9.4603215461,6.95857487209
1074,0.0,70.0,0.0,60.0,45.2648488459,16.531010002,2.74076776596,17.0443357837,14.7319464438,11.2335434366
1193,100.0,40.0,100.0,60.0,40.1174889519,-7.32065367219,8.66777051635,9.95612297476,11.3219366758,7.0493227122
1072,0.0,20.0,0.0,60.0,50.7350073086,5.47221967678,4.90285699341,19.4289978599,19.0408867255,13.7867290736
1191,100.0,0.0,100.0,60.0,42.6137087179,-14.8027392272,12.9980588974,10.3793200095,12.9010077934,7.04297176898
1456,3.0,40.0,3.0,3.0,69.7632796546,17.7637457699,2.60091050096,44.8631969881,40.4138451975,31.6168245379
1457,40.0,40.0,3.0,3.0,62.6895006421,6.59091600405,-7.14065259684,31.8905034545,31.2159387763,30.0410425563
1462,3.0,3.0,40.0,3.0,79.856093227,-0.760328801449,28.1872415118,54.1122540723,56.4267719822,26.5680220746
1466,40.0,40.0,40.0,3.0,61.3090187679,4.49603042438,8.67306518544,29.7158487101,29.6016906395,19.9602040197
1476,3.0,3.0,3.0,40.0,62.0119114567,1.12900335972,6.33820033709,29.6268975959,30.416468561,21.7134241924
1463,40.0,3.0,40.0,3.0,71.5180574964,-11.6696499616,15.926822678,37.6867056132,42.9456362705,25.3568803031
1454,40.0,3.0,3.0,3.0,73.1176846033,-9.10370313939,-4.64050959791,40.6891157805,45.3437793882,40.906598655
1477,40.0,3.0,3.0,40.0,56.4669747302,-5.34651521943,-0.657630567181,22.3235153839,24.3807143436,20.4359627806
1383,60.0,45.0,45.0,40.0,46.2104161705,0.969263977474,5.06361568981,15.0358005431,15.4246512092,11.0082219729
1421,0.0,0.0,3.0,3.0,83.1168226855,0.349059797588,8.24968454908,60.3034880678,62.3832716809,44.3723313012
1258,100.0,70.0,100.0,80.0,35.6597479275,-2.00918882183,5.34558743748,8.28864757865,8.83248442859,6.05274654283
51,55.0,55.0,0.0,0.0,58.9312039379,8.12772948108,-11.6319327743,28.0030616876,26.9534377069,28.8035448195
681,30.0,55.0,100.0,0.0,59.3743037159,12.8370800668,30.4662510019,29.7163134564,27.434431947,10.156639736
15,10.0,55.0,0.0,0.0,66.9094333934,21.1522988509,-1.32056203279,41.8377750925,36.5121892537,30.9690441184
1242,100.0,70.0,70.0,80.0,35.8603362223,-1.45168441704,2.84542593838,8.44993701933,8.93577071388,6.69122178785
294,55.0,55.0,30.0,0.0,57.8651845518,5.82498755348,-2.00724265021,26.2891793264,25.8193553102,22.3269400845
519,30.0,55.0,70.0,0.0,60.3249522916,12.836904005,18.8984415411,30.8110838269,28.4856187121,14.7620964856
258,10.0,55.0,30.0,0.0,65.2594860158,20.6407831271,8.69989357925,39.3605202294,34.3754383788,23.4008470203
244,0.0,0.0,30.0,0.0,83.0812166406,-0.762580155065,24.1057896407,59.7697923141,62.3160654184,32.5777853999
432,20.0,100.0,55.0,0.0,51.1542683046,35.0941805695,10.8933942469,26.3726647204,19.4020177174,11.901977628
280,40.0,0.0,30.0,0.0,73.3184314671,-12.9257984551,9.56061086787,39.7342671252,45.6508949133,31.0778923042
468,70.0,100.0,55.0,0.0,46.1620183389,15.4155171503,0.0181268190496,17.5506822607,15.3886794653,12.690828818
316,100.0,0.0,30.0,0.0,61.8972251701,-28.2596602134,-7.48365459303,22.4312531961,30.2825187829,29.4000872375
1141,100.0,0.0,40.0,60.0,44.2987566436,-13.836614313,2.40345191006,11.4943878716,14.0459495324,10.8040377674
1122,0.0,20.0,40.0,60.0,51.4948387155,4.71991406093,14.7788275271,19.9349879682,19.6987071584,10.8141457558
1143,100.0,40.0,40.0,60.0,40.4106005824,-5.70145032561,-0.411268126306,10.3277104615,11.5002744001,9.60981253407
1124,0.0,70.0,40.0,60.0,45.2355702622,15.4986329705,9.62897376686,16.8340843947,14.7108352633,9.11063125507
1145,100.0,100.0,40.0,60.0,35.9568174304,3.8055198082,-2.82885338201,9.11417226533,8.98573600122,8.13897874647
406,0.0,0.0,55.0,0.0,82.2996010192,-1.46720072023,37.3213494197,58.0727082519,60.8529025075,23.8081814321
270,20.0,100.0,30.0,0.0,53.351846869,35.1590345697,2.59720734053,28.7665865385,21.3697836502,16.5081171836
442,40.0,0.0,55.0,0.0,72.919187394,-13.9407512023,24.4134079107,38.8641915557,45.0414629294,22.0867925377
306,70.0,100.0,30.0,0.0,48.4471975368,17.1105309723,-6.00526291359,19.7845100477,17.1489740513,16.5700829002
478,100.0,0.0,55.0,0.0,60.6727540911,-30.4527263859,7.36654353704,20.8357197474,28.8768104817,20.0610471652
1316,0.0,50.0,0.0,0.0,69.2851724161,23.5044077244,1.56779935371,46.153714532,39.7417171134,31.7533467606
1317,0.0,40.0,0.0,0.0,71.3446433416,19.5271973095,2.3217737438,47.9101624344,42.6908556766,33.6202018453
1336,0.0,0.0,50.0,0.0,82.317440645,-1.22212124486,36.5927329462,58.20565831,60.8860396727,24.2209380596
1337,0.0,0.0,40.0,0.0,82.7551939335,-1.08908205595,31.1924447689,59.0443528329,61.7029418852,27.7438964933
1356,0.0,0.0,0.0,50.0,58.7934603244,0.938377601064,6.28026844233,26.0743784618,26.8050678813,19.0404110787
1357,0.0,0.0,0.0,40.0,63.8219925351,0.789883265549,6.3585310479,31.6367336141,32.5831993824,23.3276906394
1296,50.0,0.0,0.0,0.0,73.4554563292,-12.4885542967,-8.62474263827,40.0644857791,45.8613187449,44.5500933298
1297,40.0,0.0,0.0,0.0,75.2291734418,-10.2659653135,-5.66331833018,43.3282791515,48.6437729317,44.6295047883
1423,0.0,3.0,3.0,3.0,81.9926554008,1.40787518747,7.55090261426,58.7154444705,60.2846316006,43.3656007583
1446,40.0,3.0,40.0,0.0,72.7468144436,-12.541249621,15.7136843217,39.0718122554,44.7800270406,26.6939147858
13,10.0,30.0,0.0,0.0,73.6858105712,10.4888673099,0.927749632073,48.2933261545,46.2165204418,37.4511968617
699,55.0,55.0,100.0,0.0,55.5181914337,3.27878889947,22.7852606657,23.3276141259,23.4355744048,10.4761556809
49,55.0,30.0,0.0,0.0,65.5304660601,-2.33928989847,-11.032227902,32.8166515353,34.7204869211,35.9363354745
663,10.0,55.0,100.0,0.0,63.6114323011,19.9465351446,36.6095718818,36.9297442524,32.3260279915,10.5167128013
256,10.0,30.0,30.0,0.0,72.7598067067,8.78201476275,13.4758273467,46.2438633889,44.7996968982,28.0340756567
537,55.0,55.0,70.0,0.0,56.5070493297,3.56331372136,12.2293094578,24.3639512419,24.4211846867,14.7961305512
292,55.0,30.0,30.0,0.0,63.7290530439,-4.8320594604,0.453112757578,30.0079788451,32.4695186286,26.5266960401
501,10.0,55.0,70.0,0.0,63.5555916309,19.8144743604,24.7080887015,36.8161260792,32.2580537881,14.6681489508
480,100.0,20.0,55.0,0.0,54.3077371805,-23.7622051056,3.8822837756,16.8057862764,22.2656508283,16.6622843792
304,70.0,70.0,30.0,0.0,52.0257724057,6.73062216406,-4.90522598651,20.8173658581,20.1672405035,18.8164248985
444,40.0,20.0,55.0,0.0,66.609445362,-5.41363402257,20.186440544,33.2632510599,36.1172895839,18.8407339745
268,20.0,70.0,30.0,0.0,59.5985197739,23.2342827858,5.91055850706,32.8180161755,27.6799887002,19.87066053
408,0.0,20.0,55.0,0.0,75.5707445343,8.32477424083,32.8889710657,50.5010301842,49.1922025523,20.1401056442
1140,70.0,100.0,40.0,60.0,38.0418322042,9.30151110526,-0.18293062353,10.9657960114,10.1115149046,8.39229353578
1129,20.0,70.0,40.0,60.0,43.7915547216,12.3816637763,7.58255282131,15.2017185133,13.6944807876,8.98494775968
1138,70.0,40.0,40.0,60.0,43.0679034782,-1.12204751264,3.04898004933,12.5642440417,13.2032456014,9.94460245111
1127,20.0,20.0,40.0,60.0,49.820383773,1.5058387205,11.717316757,17.898412133,18.2686839626,10.8699729135
1136,70.0,0.0,40.0,60.0,47.6162111359,-9.56448818414,6.31186017563,14.2982539896,16.4941307003,11.3924854787
318,100.0,20.0,30.0,0.0,58.9173402017,-19.662836263,-8.85501798795,21.514515232,26.9384797375,27.1188929395
466,70.0,70.0,55.0,0.0,53.5890798425,5.55674602778,3.90345512895,21.9975906996,21.5898345519,16.13115991
282,40.0,20.0,30.0,0.0,68.9148550064,-4.0016122906,6.19239036339,36.5985943596,39.2262732631,28.4301741008
430,20.0,70.0,55.0,0.0,59.5061887787,22.1257002036,15.5299141096,32.394950973,27.5786930348,15.544516678
246,0.0,20.0,30.0,0.0,77.0130697939,8.71465726564,19.1108030822,53.0255535088,51.5534775926,29.0699903262
1335,0.0,0.0,60.0,0.0,81.6599447486,-1.24757042849,43.0177195006,57.0319951475,59.672667892,20.3194298027
1338,0.0,0.0,30.0,0.0,82.6849271706,-0.885758243493,23.1903984223,59.0028306298,61.5713260701,32.7326551972
1071,0.0,0.0,0.0,60.0,53.4851911342,1.12566110543,6.06703922488,20.9604500734,21.4932852124,15.1740525621
1358,0.0,0.0,0.0,30.0,70.0033563401,0.690125695762,6.26378947132,39.5189799186,40.7541869145,29.5425452652
1295,60.0,0.0,0.0,0.0,71.3288236514,-14.69846459,-11.134995065,36.5101598448,42.6676636259,43.6078477141
1298,30.0,0.0,0.0,0.0,77.8981517525,-7.00199023698,-1.62292461021,48.5366632901,53.0392243175,45.0922696109
1315,0.0,60.0,0.0,0.0,66.0138490464,28.3967297441,0.809252491126,42.9699862993,35.3417146401,28.6628114243
4,0.0,30.0,0.0,0.0,75.1994662661,13.8525242181,3.54137282821,51.991832028,48.5962684368,37.4483665848
1443,3.0,0.0,40.0,0.0,81.9881635822,-2.00496817238,30.2679001197,57.3003871224,60.276341942,27.5064348801
1444,0.0,3.0,40.0,0.0,81.7322299526,0.239222589315,30.445671798,57.7682671818,59.8052701928,27.1397215579
1256,100.0,0.0,100.0,80.0,39.4184668386,-11.4241553953,10.9613249758,9.07715400843,10.9040931447,6.24225535897
459,55.0,100.0,55.0,0.0,48.8260537847,19.7417769596,2.62508505682,20.6552302718,17.4531888497,13.4096765041
677,30.0,10.0,100.0,0.0,70.4103064659,-6.1016826926,46.0623806269,37.9325495992,41.3354498699,11.2442328172
423,10.0,100.0,55.0,0.0,54.7935957891,37.555593301,12.3838535988,31.0487450289,22.730445507,13.6060137654
1240,100.0,0.0,70.0,80.0,39.6554734322,-10.7292572517,7.12086110403,9.28421555838,11.0445919852,7.23100230905
378,55.0,100.0,40.0,0.0,49.2907046798,19.9241814109,-1.87715397953,21.1111652654,17.8311806603,15.4609462098
515,30.0,10.0,70.0,0.0,72.0605308243,-6.40605394204,30.2935556584,40.0870053463,43.7491812153,18.5149497288
342,10.0,100.0,40.0,0.0,54.6318289183,38.320439696,8.43100811627,31.0671156969,22.5749807139,15.0196803688
248,0.0,40.0,30.0,0.0,69.9204086609,19.3618374014,15.3752193596,45.6582851174,40.6363820035,24.1353877292
428,20.0,40.0,55.0,0.0,64.8182261128,11.2999493061,21.4856058416,35.8885770499,33.8184714239,16.8840223997
284,40.0,40.0,30.0,0.0,62.3838440484,4.90588785983,3.49199439489,31.0669271246,30.8535901693,23.5346091736
464,70.0,40.0,55.0,0.0,56.878629392,-4.5396365802,7.79140157064,22.8913298382,24.7985690496,16.8862764346
320,100.0,40.0,30.0,0.0,53.781609913,-11.3041736466,-9.89693242513,18.7132716472,21.7695266753,22.7694515233
1131,40.0,0.0,40.0,60.0,49.3963042638,-6.03624382289,10.2665762449,16.1917062985,17.9178398122,11.1021857253
1132,40.0,20.0,40.0,60.0,47.1683661703,-1.54809864212,8.67629216944,15.3075676875,16.1482314246,10.3865926434
1133,40.0,40.0,40.0,60.0,45.0331826642,3.17430392837,6.71667442584,14.5599896244,14.5654559699,9.86050158038
1134,40.0,70.0,40.0,60.0,42.3145991516,8.55208865364,4.69530977032,13.5443992641,12.7045099104,9.08146657813
1135,40.0,100.0,40.0,60.0,39.1059437152,14.1837987462,2.67088381234,12.3026481641,10.7206561088,8.1204418205
410,0.0,40.0,55.0,0.0,69.9457333317,18.1290206716,25.4444122013,45.2644788327,40.6723247917,19.0701867536
266,20.0,40.0,30.0,0.0,67.3026963906,11.6321051652,9.16802395802,39.296328778,37.0342206458,25.0710384399
446,40.0,40.0,55.0,0.0,61.9564121327,3.58805251154,14.4254911539,30.2155411301,30.3515979758,17.8142922568
302,70.0,40.0,30.0,0.0,59.0139101997,-2.53361357897,-2.23098835558,25.4690206595,27.0427868455,23.4878500165
482,100.0,40.0,55.0,0.0,52.9108054714,-14.1040888268,1.1564219422,17.4709012474,20.964669053,16.7978476512
1334,0.0,0.0,70.0,0.0,81.6314866063,-1.01737672842,48.4762579532,57.0758420001,59.6205171824,17.757238997
1339,0.0,0.0,25.0,0.0,83.1121360694,-0.674298391015,21.0241035236,59.8630282604,62.3744229523,34.7109543534
1354,0.0,0.0,0.0,70.0,48.8553776486,1.279415964,6.02473589142,17.0853370353,17.4768842523,12.2127363812
1359,0.0,0.0,0.0,25.0,72.7754444836,0.65874583341,6.35339952571,43.4466038917,44.8233796143,32.5670073163
1294,70.0,0.0,0.0,0.0,70.4002651959,-16.0782898264,-12.9606345932,34.9045201224,41.3210414435,43.7898731055
1299,25.0,0.0,0.0,0.0,78.9796943924,-5.97002033533,-0.633389355098,50.6511512685,54.893173099,45.8201982247
1314,0.0,70.0,0.0,0.0,64.0630443909,31.732510865,1.12325769959,41.2803128252,32.8792825696,26.4719626574
1319,0.0,25.0,0.0,0.0,77.0212940029,11.5688904356,3.45802760836,54.1556658529,51.5671538661,39.8550258427
1422,3.0,0.0,3.0,3.0,82.527466861,-0.488947331957,7.19756355177,58.8853573607,61.2770690046,44.4017947496
1453,40.0,0.0,3.0,3.0,73.8700328634,-10.2212979638,-4.29551121367,41.3848066581,46.5019038474,41.6492301286
8,0.0,85.0,0.0,0.0,60.6743072487,37.9543463575,0.457008794014,38.5856177441,28.8785653872,23.5815701488
1252,70.0,0.0,100.0,80.0,41.3824787702,-8.71828721034,14.691048964,10.4814324492,12.1049763801,6.16651753302
44,40.0,85.0,0.0,0.0,54.7109985555,22.3951530248,-9.08146147364,27.019427327,22.6509772059,23.1847723424
650,0.0,10.0,100.0,0.0,77.7705576321,3.78049533035,57.9434970256,52.380002851,52.8232998985,11.5114657725
251,0.0,85.0,30.0,0.0,59.939612809,37.1134754375,8.93118773319,37.3401578364,28.056349812,18.7279287663
1236,70.0,0.0,70.0,80.0,41.3230354521,-7.99870540894,10.0938965351,10.5426107265,12.0673961902,7.2071155697
287,40.0,85.0,30.0,0.0,53.5352528844,21.3279055238,-1.10196360551,25.527803799,21.539774264,18.2671591882
488,0.0,10.0,70.0,0.0,78.5842773968,3.39892637862,41.2540804609,53.5932677099,54.2104338711,18.6465709363
484,100.0,70.0,55.0,0.0,46.4394019392,-5.72633308108,-2.42420957634,14.0991241504,15.5956053303,13.7570325933
300,70.0,20.0,30.0,0.0,62.42600391,-12.0388098271,-0.12506347348,26.7282320893,30.9034020742,25.569356129
448,40.0,70.0,55.0,0.0,55.0791508375,14.6371465952,10.6343497833,25.5192109847,23.0066149843,14.45754381
264,20.0,20.0,30.0,0.0,72.474829569,2.38946676909,12.9056360278,43.5946763351,44.369571699,28.0816208554
412,0.0,70.0,55.0,0.0,61.913186292,30.6376018144,20.8160948929,37.9678987236,30.3011372389,15.0869539627
1130,20.0,100.0,40.0,60.0,40.3832827377,18.3297287846,5.22572241225,13.7728289426,11.4835748476,8.02779064078
1139,70.0,70.0,40.0,60.0,40.7558397345,4.19689678914,1.61174415786,11.8858456624,11.7127181677,9.19450885565
1128,20.0,40.0,40.0,60.0,46.9073467153,6.5989409689,9.59101106787,16.529834134,15.9488780187,9.96808477952
1137,70.0,20.0,40.0,60.0,45.3377126241,-5.30752932934,5.0797479025,13.4152157801,14.7845721724,10.5240528196
1126,20.0,0.0,40.0,60.0,52.6420711674,-2.96211014622,14.2541267425,19.3864303424,20.7203539525,11.6332086385
322,100.0,70.0,30.0,0.0,50.1744077757,-2.20891863287,-11.065935735,17.4894984348,18.5650542315,20.2214830129
462,70.0,20.0,55.0,0.0,62.4341960242,-12.898135878,11.2057966235,26.5260674561,30.9130872793,19.6767233186
286,40.0,70.0,30.0,0.0,57.1989208351,15.4242688572,0.480298836067,27.9599008487,25.1269668819,20.4965719295
426,20.0,20.0,55.0,0.0,71.6384436841,1.19588362233,26.4611512368,41.9796064878,43.1231028377,19.970424934
250,0.0,70.0,30.0,0.0,63.4314783613,30.3810662284,11.3820495099,39.9559603121,32.1073135446,20.4203883748
1333,0.0,0.0,75.0,0.0,81.2895546078,-1.11645667187,49.7717213345,56.4366922747,58.9962867594,16.9325163038
163,0.0,0.0,20.0,0.0,83.7480488279,-0.489901641997,18.2776723788,61.1032164697,63.582743031,37.4502933081
1353,0.0,0.0,0.0,75.0,47.6725775702,1.30659139254,5.9338565746,16.1763870345,16.5380128802,11.5503190727
1360,0.0,0.0,0.0,20.0,74.653518776,0.701941361896,6.70350521789,46.2731065049,47.7287467454,34.5283678206
1293,75.0,0.0,0.0,0.0,69.4438233233,-16.9588890489,-14.176038494,33.4548215955,39.9639173678,43.4390111234
1300,20.0,0.0,0.0,0.0,80.1995711254,-4.78100061127,0.753368759778,53.1185225193,57.0355245365,46.4219161908
1313,0.0,75.0,0.0,0.0,63.2406690167,33.0109150942,0.875582715216,40.5399871403,31.8764855156,25.7989865247
1320,0.0,20.0,0.0,0.0,78.2768461248,9.82835693974,4.10329411953,55.6144798828,53.6835427754,41.024011942
1447,3.0,40.0,40.0,0.0,69.0815491018,17.9191320044,20.1544879616,43.9033073156,39.4577392177,20.896822472
1440,0.0,40.0,3.0,0.0,71.8209040328,19.1700698467,3.25137803665,48.528253261,43.393006622,33.5464736327
708,70.0,55.0,100.0,0.0,53.4766048589,-0.477575227601,19.7000965573,20.619236935,21.4853184302,10.34079748
22,20.0,30.0,0.0,0.0,70.9765154548,7.47890968623,-2.41280502886,43.1298372217,42.1533452816,36.4869209183
1250,40.0,70.0,100.0,80.0,37.8751632088,5.64735688569,10.2595573895,10.3826366543,10.0182491626,5.81850047158
58,70.0,30.0,0.0,0.0,62.5900697455,-5.42732078577,-14.5721240001,28.5690614748,31.0977562314,34.8594197937
546,70.0,55.0,70.0,0.0,54.6139936045,0.264036195837,9.98706426517,21.8091285357,22.5578837389,14.3976694314
265,20.0,30.0,30.0,0.0,70.2492490072,5.77436018456,9.96659062171,41.5129385874,41.1047488574,27.5432260658
1234,40.0,70.0,70.0,80.0,37.8716813049,5.63631641046,7.07557511826,10.3792260504,10.0163068766,6.51600818008
301,70.0,30.0,30.0,0.0,61.3859993391,-7.8600836279,-2.87989217075,26.6535165261,29.6902065041,26.118311802
252,0.0,100.0,30.0,0.0,54.9293909485,44.8159452364,9.47826954889,33.2303982657,22.8615001194,14.808310776
424,20.0,0.0,55.0,0.0,76.8817574373,-7.68988817357,32.9031487541,46.7044795445,51.3354419101,21.2455316371
288,40.0,100.0,30.0,0.0,49.5211994041,26.7049376544,-1.02543879147,22.7875671246,18.0206955204,15.2775546729
460,70.0,0.0,55.0,0.0,66.5499972866,-21.7095828405,15.808071886,28.7717432919,36.0393726362,20.8877433566
324,100.0,100.0,30.0,0.0,44.5716439354,6.81688969694,-11.2813824065,14.8328957035,14.2375123727,15.9805171956
1121,0.0,0.0,40.0,60.0,54.1111692848,0.178045907002,17.5025913503,21.3287430487,22.0794201003,11.3949562868
1142,100.0,20.0,40.0,60.0,42.1523731706,-9.90381142368,0.927033700046,10.7650280054,12.5987761795,10.109619551
1123,0.0,40.0,40.0,60.0,48.547483571,9.75838696079,12.3993189862,18.4241958249,17.2291550474,9.97398823443
1144,100.0,70.0,40.0,60.0,39.0138529936,-0.645197966212,-1.46964427001,10.2024064808,10.666998159,9.21687135404
1125,0.0,100.0,40.0,60.0,41.8090126532,23.0202076613,7.31867187094,15.5578702127,12.3769229714,8.12378641232
414,0.0,100.0,55.0,0.0,55.8064195493,42.8708613087,14.5458817924,33.7550481095,23.7200635936,13.4518562627
262,20.0,0.0,30.0,0.0,78.7464046859,-6.83255753122,15.8835976567,49.9507705184,54.4896789458,33.0788300282
450,40.0,100.0,55.0,0.0,49.9584258808,25.2660606497,5.08827188122,22.8862802003,18.383867443,13.2222743981
298,70.0,0.0,30.0,0.0,68.1716229823,-19.4558007086,2.39051561737,31.2264373713,38.2052579329,29.9910693917
486,100.0,100.0,55.0,0.0,44.1650755289,4.22028197747,-4.6049028528,14.1221768986,13.9527377351,13.1147180836
1352,0.0,0.0,0.0,80.0,44.2170112039,1.4461656311,5.91840844062,13.7161729409,13.9889017665,9.67878089418
1361,0.0,0.0,0.0,15.0,77.5423430319,0.571472378469,6.80729777155,50.78159164,52.4385608077,38.0166133424
1292,80.0,0.0,0.0,0.0,67.8262400539,-18.5688760319,-15.7888103492,31.0625332025,37.7368801464,42.4967985491
1301,15.0,0.0,0.0,0.0,81.3438819612,-3.47888796325,2.22590263855,55.5795053781,59.0951741136,46.8452890009
1312,0.0,80.0,0.0,0.0,61.8644045616,34.7945326698,0.585939766282,39.2078310057,30.2442579082,24.6293507485
1321,0.0,15.0,0.0,0.0,79.8080188098,7.43573840519,4.70594475598,57.3181904695,56.3419159078,42.6269403471
1332,0.0,0.0,80.0,0.0,81.6538365298,-1.10018966335,52.3512781867,57.0813577944,59.6614717692,16.1060287432
1341,0.0,0.0,15.0,0.0,83.6753435195,-0.239570026243,15.9007805709,61.0763068024,63.4438099601,39.1203196878
1472,0.0,0.0,3.0,40.0,63.4343650854,0.754923142503,7.34866868131,31.1695878275,32.1108142345,22.4546213533
1417,3.0,3.0,3.0,0.0,82.8634675203,0.6284305657,6.84424805111,59.9602921878,61.9061147806,45.1698456685
1318,0.0,30.0,0.0,0.0,75.5498062429,13.7485475375,3.65565344444,52.5326240016,49.1584658437,37.8074900702
690,40.0,55.0,100.0,0.0,57.022752071,8.29894242888,25.7790233831,26.0086764067,24.9459829955,10.3516869057
1205,70.0,40.0,0.0,80.0,37.6437154808,0.876091558437,-2.12477667563,9.64539531662,9.88968783717,8.73543275687
654,0.0,55.0,100.0,0.0,64.6508061003,25.0354538119,39.7328692623,39.9270615346,33.608735267,10.1049080349
247,0.0,30.0,30.0,0.0,74.5303906036,12.6469487972,16.5204289798,50.4401154632,47.5345311734,28.0389748674
528,40.0,55.0,70.0,0.0,57.9558573724,8.53003081214,15.3986791658,27.0494994461,25.9145553202,14.5334452827
1221,70.0,40.0,40.0,80.0,38.176220079,-0.467245713568,3.22298700511,9.76456290143,10.1871367082,7.56504785635
492,0.0,55.0,70.0,0.0,65.2113394531,24.962296652,27.8461044489,40.6848604052,34.314371831,14.5575808814
1075,0.0,100.0,0.0,60.0,41.2047966677,23.6011819919,2.49128211075,15.213489743,11.9928767667,9.16431278278
1194,100.0,70.0,100.0,60.0,38.3617332662,-3.66884640746,6.6206762819,9.46574414996,10.2921455242,6.81663385061
1073,0.0,40.0,0.0,60.0,49.5452451599,11.2933931682,3.87373192206,19.5671033831,18.0405431556,13.4064841559
1192,100.0,20.0,100.0,60.0,42.6013567521,-13.2971064288,11.9608517172,10.570628234,12.8928534266,7.28954980553
1355,0.0,0.0,0.0,60.0,55.7545595055,1.15907794178,6.45291251281,23.0811953097,23.6687073775,16.6298830406
648,100.0,100.0,85.0,0.0,44.2971507341,4.23331225267,1.81899430901,14.2159928415,14.044827324,10.9907448327
136,70.0,0.0,10.0,0.0,70.1077870289,-17.4255008175,-7.18969059765,34.1437563019,40.9028261527,38.8935918729
612,40.0,100.0,85.0,0.0,49.2989746899,25.2089841712,11.0817170318,22.249201763,17.8379572478,10.7857932328
100,20.0,0.0,10.0,0.0,79.7738963286,-5.52297438832,6.24604364968,52.1229735362,56.2817380223,41.3654639724
576,0.0,100.0,85.0,0.0,55.675007805,42.1764891849,21.1106647575,33.394021475,23.5900726866,11.0960973605
171,0.0,100.0,20.0,0.0,56.9420187361,42.9886730701,5.13343770791,35.2161365579,24.8633342374,18.103834536
565,100.0,70.0,70.0,0.0,48.901677557,-4.98081660457,1.61750761717,16.0028629291,17.5143409431,13.8335031262
167,0.0,40.0,20.0,0.0,70.81632115,18.4652923241,10.2151529589,46.7084256759,41.9208585168,27.9797758311
561,100.0,20.0,70.0,0.0,56.6163640613,-22.9120375312,9.34611415518,18.8319970448,24.531806568,16.0382838926
1340,0.0,0.0,20.0,0.0,83.47054228,-0.468572523053,18.4374528144,60.6031281593,63.0535421722,36.9856955324
1351,0.0,0.0,0.0,85.0,42.0504265453,1.54112246688,5.86617161357,12.309843202,12.5326317241,8.62698374471
1362,0.0,0.0,0.0,10.0,80.016519638,0.66823378133,6.73045620927,54.9510628794,56.7105568565,41.3138598933
1291,85.0,0.0,0.0,0.0,66.95991,-19.9880596756,-17.0589336281,29.6823904013,36.5789174999,42.3192709625
1302,10.0,0.0,0.0,0.0,82.3407529085,-2.19591687351,4.17136940814,57.8455198112,60.9293604093,46.6531536815
1311,0.0,85.0,0.0,0.0,60.823493648,37.5395404782,0.318837114437,38.6573691445,29.0474620158,23.7945331295
1322,0.0,10.0,0.0,0.0,81.4005107387,5.08440769192,5.19478120229,59.183947227,59.1983681068,44.4507416422
568,0.0,0.0,85.0,0.0,81.2435233479,-0.918517230816,55.9086877402,56.436501539,58.9125864463,14.3943300902
1342,0.0,0.0,10.0,0.0,83.6771130524,-0.116641275585,12.9539997631,61.1320337857,63.4471889673,41.3824371518
1374,5.0,3.0,3.0,0.0,82.4370704134,0.157014421674,6.42765056634,58.9921663073,61.1085632371,44.9065044184
1438,40.0,0.0,3.0,0.0,75.1314126015,-10.3739615566,-4.38988698499,43.1488462843,48.4875609931,43.4551819418
704,70.0,10.0,100.0,0.0,62.9256526252,-17.9734804056,32.6621712342,25.8089907725,31.4978258459,11.4074621274
1203,40.0,100.0,0.0,80.0,36.375517914,11.3474163684,-0.566648739628,10.2829239495,9.20472936116,7.73873687362
668,20.0,10.0,100.0,0.0,72.9033204716,-3.35779860576,49.8269738715,42.278878461,45.0173553583,11.4200657911
62,70.0,85.0,0.0,0.0,52.3449482801,14.0127406466,-14.1603712067,22.672571752,20.4524476587,23.7195344314
542,70.0,10.0,70.0,0.0,64.5350356088,-17.6042497453,18.4036333395,27.6047107801,33.4642115806,18.0234571334
1219,40.0,100.0,40.0,80.0,36.3632877449,10.1439172778,3.09201135285,10.1203465512,9.1982826978,6.8361545354
506,20.0,10.0,70.0,0.0,74.1584838123,-3.54758895556,33.3582174982,44.0461182536,46.9511064313,18.7686065353
305,70.0,85.0,30.0,0.0,50.4243865525,12.4408820008,-6.43842499337,20.5701076763,18.7762426506,18.2548866697
1176,20.0,0.0,100.0,60.0,50.5107505119,-3.89947213002,28.7674446473,17.444895811,18.8495756548,6.53873153173
1087,70.0,20.0,0.0,60.0,44.830842091,-3.84387481538,-4.46660800733,13.3035058024,14.4210710936,13.4847857689
1178,20.0,40.0,100.0,60.0,46.0273848552,5.6129200231,20.8569719625,15.691198723,15.2889072467,6.58004163015
1089,70.0,70.0,0.0,60.0,40.2982726543,5.44543239193,-5.51920103366,11.7824367495,11.4317111488,11.1345585525
1180,20.0,100.0,100.0,60.0,40.3591097253,17.7388786926,12.1969927948,13.663241611,11.4688112374,6.32813102179
88,0.0,70.0,10.0,0.0,64.1142624236,30.6025574102,4.31076686004,40.9822408335,32.9424236747,24.7147110347
588,20.0,20.0,85.0,0.0,70.5870317605,1.01797417946,39.5735142011,40.4337148081,41.5895851754,13.6210557373
124,40.0,70.0,10.0,0.0,57.906981599,16.3763920712,-5.77985334849,28.9871167446,25.8632102166,24.3773947751
624,70.0,20.0,85.0,0.0,61.7162871566,-13.6760103261,23.7158204033,25.5896747804,30.0719897868,13.831938362
160,100.0,70.0,10.0,0.0,50.8402737598,-0.928936959377,-16.5554004616,18.2701970832,19.1311330579,23.6122887822
505,20.0,0.0,70.0,0.0,76.6775725892,-7.69728531621,37.9091795867,46.3885073865,50.9976287425,18.6729771486
219,70.0,20.0,20.0,0.0,65.1440929166,-10.1817866189,-4.42498502011,30.2075781847,34.2292009988,31.0081717451
509,20.0,40.0,70.0,0.0,65.8541956793,10.3844952576,26.615398683,36.9618045526,35.1357208829,15.4873814287
223,70.0,70.0,20.0,0.0,54.2613914747,7.82667295217,-7.7879634293,23.1328746516,22.2216483926,22.1036363198
513,20.0,100.0,70.0,0.0,52.180554212,33.8225058047,14.8244285222,27.1485256218,20.3052159963,11.1812074935
1350,0.0,0.0,0.0,90.0,37.3684145552,1.73530135588,5.52246044474,9.60463134656,9.73820551898,6.67340612707
1363,0.0,0.0,0.0,7.0,81.0066127362,0.593041304796,6.59824793185,56.6352546675,58.4830552727,42.765935038
1290,90.0,0.0,0.0,0.0,65.0477553546,-21.9872537939,-19.5998933877,27.0622056138,34.1074307919,41.7226824863
1303,7.0,0.0,0.0,0.0,82.9344988431,-1.44177239575,4.51689617022,59.2198220077,62.0396453993,47.2294358525
1310,0.0,90.0,0.0,0.0,58.8448038246,41.1683620021,0.501732203122,37.1363947661,26.8603084458,21.9050566146
1323,0.0,7.0,0.0,0.0,82.1677665933,3.73778614152,5.63522669639,60.0069409683,60.6083922711,45.1777451212
1330,0.0,0.0,90.0,0.0,80.7750052779,-0.743066885315,60.9066286059,55.6932912202,58.0651621743,12.2654336676
1343,0.0,0.0,7.0,0.0,84.1716813479,-0.0431634029907,11.0881917297,62.0784535174,64.3963010889,43.5428907591
1373,10.0,6.0,6.0,0.0,80.3096570493,-0.130629801344,5.97421161286,55.1360580917,57.2315544014,42.3063142846
1415,3.0,0.0,3.0,0.0,83.7934786415,-0.558503455584,7.36426607503,61.1575334486,63.6696580526,46.0731652644
1199,0.0,100.0,0.0,80.0,37.0692120936,16.3132737799,3.12333879676,11.3531622239,9.57533444282,7.11888154165
694,55.0,0.0,100.0,0.0,67.8807303827,-19.088037212,39.9490005592,30.9853044292,37.8105193303,11.8283017352
52,55.0,70.0,0.0,0.0,56.6592239939,12.1237264359,-12.1428743519,26.5578304961,24.575270006,26.7635790173
1244,0.0,0.0,100.0,80.0,46.4242640226,-0.0440663031956,23.5072672538,15.0204571285,15.5842650035,6.13944064744
1215,0.0,100.0,40.0,80.0,37.6815666044,15.8337063855,6.66294988094,11.6560069353,9.91063716855,6.53535539753
532,55.0,0.0,70.0,0.0,68.4402255828,-18.9267396023,24.365722752,31.6889316555,38.5721801894,18.3717803998
295,55.0,70.0,30.0,0.0,55.3636371244,10.2181336772,-3.19866781269,24.7653203192,23.2839662427,20.7493267348
1228,0.0,0.0,70.0,80.0,45.3312511341,0.176327407111,18.2493012278,14.28073165,14.7799003172,6.90807971839
1085,40.0,100.0,0.0,60.0,38.0888843689,14.7868798485,-2.31468873013,11.7565585363,10.137949039,9.00331975419
1184,40.0,70.0,100.0,60.0,41.575455114,7.47581291909,13.3010805456,12.8889218584,12.2275140666,6.55259779007
1083,40.0,40.0,0.0,60.0,45.1843600186,4.42051635409,-1.45895316387,14.8735684509,14.6739588718,12.6168807301
1182,40.0,20.0,100.0,60.0,47.1165105518,-2.86801723349,21.332483473,15.0472510315,16.1084952707,6.90686023245
1081,40.0,0.0,0.0,60.0,50.7223615214,-4.43645927122,0.198872356514,17.5144127318,19.0300644576,15.6205012611
644,100.0,40.0,85.0,0.0,52.2888860445,-15.5539072921,10.4972324409,16.7168301963,20.4021585147,12.7208603698
140,70.0,40.0,10.0,0.0,60.1791883041,-0.814724265932,-9.85406721056,27.1086904908,28.3227262683,29.0335406477
608,40.0,40.0,85.0,0.0,61.2182014803,2.94849469104,25.2148947829,29.2069557955,29.4974910862,12.9635531385
104,20.0,40.0,10.0,0.0,67.8406060839,12.0403353752,1.19451292811,40.1699054173,37.7562853612,30.3869528072
572,0.0,40.0,85.0,0.0,69.1356256823,17.5566983716,38.2876120812,43.8590325615,39.5330233219,13.1729672944
207,40.0,100.0,20.0,0.0,52.1065569065,26.8281280305,-4.09074493915,25.3711770058,20.2391751218,18.5062206318
529,40.0,70.0,70.0,0.0,56.1270104961,14.3534898443,14.2744264901,26.5420952597,24.0391899091,13.7585838305
203,40.0,40.0,20.0,0.0,63.5772668051,5.41797912554,-0.0339816810826,32.6303924678,32.2844274006,26.657827338
525,40.0,20.0,70.0,0.0,67.1611105089,-5.64120291409,26.5198251622,33.8789336666,36.8457051758,16.4600926563
199,40.0,0.0,20.0,0.0,74.6086983577,-11.9751170104,5.10364821304,41.857365473,47.6579883811,35.5934209557
1289,95.0,0.0,0.0,0.0,64.0557287719,-23.2472114175,-20.6838489208,25.7123438022,32.8702705344,41.2325163564
1304,5.0,0.0,0.0,0.0,83.4307875393,-0.9061068682,5.41842373366,60.3450170799,62.9779717931,47.1903194503
1309,0.0,95.0,0.0,0.0,57.0601889997,43.4569850629,0.311369606298,35.505933671,24.9843702035,20.4622264687
1324,0.0,5.0,0.0,0.0,82.6783566192,2.84778864604,6.17316960254,60.5614374843,61.5590284281,45.4619512787
1329,0.0,0.0,95.0,0.0,80.5742391489,-0.569710310101,62.5107964625,55.416076315,57.7045313408,11.6004636704
1344,0.0,0.0,5.0,0.0,84.170693434,0.193049909479,9.69587880372,62.1785654282,64.3943958385,44.6765321392
1349,0.0,0.0,0.0,95.0,35.5001006117,1.76134507452,5.47693451397,8.64087115765,8.7508505079,5.96498850395
1364,0.0,0.0,0.0,5.0,82.1323642713,0.643363664654,7.05797261531,58.6480035432,60.542844153,43.9597737552
1372,20.0,12.0,12.0,0.0,76.1012487036,-0.5952272171,5.14912937157,48.0482807784,50.0521327159,37.4096697966
1437,3.0,40.0,0.0,0.0,71.4401092944,18.4446400118,1.69508371843,47.6670154305,42.8309894894,34.1613429633
716,85.0,40.0,100.0,0.0,53.8168991651,-10.7101391459,18.8540058543,18.8583476808,21.8025705768,10.791288759
1201,40.0,40.0,0.0,80.0,38.4213659118,3.68767607607,0.300017765668,10.4343992243,10.3260529071,8.43860696062
680,30.0,40.0,100.0,0.0,62.8424211986,7.24761674321,34.7736127778,32.255972575,31.3982823426,10.677413025
66,85.0,20.0,0.0,0.0,62.216214617,-12.4002080187,-17.835246866,26.4181341745,30.656065395,36.7161844558
554,85.0,40.0,70.0,0.0,55.4603051332,-9.84900224684,8.38100292636,20.4498485137,23.3787147044,15.61509008
1217,40.0,40.0,40.0,80.0,39.3624157338,2.47341473547,5.61626079944,10.8122541885,10.8710408853,7.47778293576
518,30.0,40.0,70.0,0.0,63.8785462225,7.24696617537,21.8388780026,33.5170189705,32.6525038136,16.0500148884
309,85.0,20.0,30.0,0.0,60.7454554846,-15.4491503854,-5.54498368281,24.1924386926,28.9590316955,27.025801911
1186,70.0,0.0,100.0,60.0,45.9524732999,-11.832939816,19.0669406206,12.8221398426,15.2335800798,6.96828300548
1077,20.0,20.0,0.0,60.0,49.592821614,2.94206189569,2.00441584332,17.984274837,18.0798562238,14.1385444723
1188,70.0,40.0,100.0,60.0,42.07071418,-2.51886273095,13.134604043,11.7362724991,12.5457761404,6.78870332062
1079,20.0,70.0,0.0,60.0,44.0341510697,13.7033442396,0.444380528987,15.6049433258,13.861848677,11.2907953806
1190,70.0,100.0,100.0,60.0,37.9129537393,8.45405709231,6.96500311582,10.7763681774,10.0393457433,6.55749702941
84,0.0,20.0,10.0,0.0,77.4561418262,9.19404644675,9.37452536662,53.958789185,52.293724701,36.0465002521
592,20.0,70.0,85.0,0.0,58.5493713833,22.1977730446,24.1426422452,31.2751234622,26.543487873,11.732894338
120,40.0,20.0,10.0,0.0,69.4615507991,-2.45714065657,-2.39934381333,37.7945157066,39.9887970963,34.6331558708
628,70.0,70.0,85.0,0.0,52.3542453173,5.3582202904,12.5046929903,20.826409728,20.4607952999,12.058440828
156,100.0,20.0,10.0,0.0,59.8797197832,-16.7401729181,-16.1618849598,23.0547995547,27.9900186312,32.7546846469
541,70.0,0.0,70.0,0.0,67.4618477038,-21.2608928193,21.3458006798,29.917945851,37.2468900895,18.9845724989
183,20.0,20.0,20.0,0.0,73.6380296393,2.70193600632,8.10921862869,45.4352227771,46.1426929722,32.3884563708
545,70.0,40.0,70.0,0.0,57.6231147267,-4.84714893452,13.108009844,23.5409878953,25.5663419365,15.2114585315
187,20.0,70.0,20.0,0.0,61.2163182384,23.1616279603,2.7512386005,34.8029250595,29.4953329335,22.8589035947
549,70.0,100.0,70.0,0.0,46.8191455957,16.1401434807,4.97907958846,18.2199764295,15.8818872343,11.3787797127
1288,98.0,0.0,0.0,0.0,64.5485157419,-23.4268678513,-20.6880154214,26.1812238116,33.4810183356,41.9015441072
1305,3.0,0.0,0.0,0.0,83.7846492352,-0.312385122677,5.95874113711,61.2464374603,63.6527596877,47.2498580859
1308,0.0,98.0,0.0,0.0,57.101408494,44.0093676323,1.02537320208,35.7233675963,25.026681519,20.1497340053
1325,0.0,3.0,0.0,0.0,83.6414470316,1.83454822517,6.5913974426,61.9027156204,63.3791061622,46.5031404178
1328,0.0,0.0,98.0,0.0,80.6680345052,-0.480701738768,63.2834978156,55.6135930587,57.8728270117,11.3972024489
1345,0.0,0.0,3.0,0.0,83.9523201615,0.306227550344,8.08969199876,61.8216560277,63.9741716775,45.6952292245
1348,0.0,0.0,0.0,98.0,35.0946605534,1.79215867441,5.41512753398,8.44349139803,8.54579729344,5.82916672784
1365,0.0,0.0,0.0,3.0,83.1797078276,0.500740690513,6.94192198789,60.4825279306,62.5020851258,45.5415576038
1371,40.0,27.0,27.0,0.0,67.3939456163,-0.857738661172,4.45664990324,35.5735454069,37.1560551302,27.8943129524
1436,40.0,3.0,0.0,0.0,74.4176276726,-9.07060510545,-5.96849628773,42.5513961458,47.3571280059,43.7366323997
12,10.0,20.0,0.0,0.0,76.4874255382,6.76938168116,1.74510603463,51.4070156476,50.6843760353,40.4618799457
698,55.0,40.0,100.0,0.0,58.4780074886,-1.65649394983,26.9674171517,25.129284043,26.4673329472,10.7667471063
48,55.0,20.0,0.0,0.0,67.4953502489,-5.43788573176,-10.7043762025,34.3547433276,37.2917620862,38.1565279442
1246,0.0,70.0,100.0,80.0,39.8349494645,11.4429032486,14.0950749382,12.3615947087,11.1517856839,5.72257973543
255,10.0,20.0,30.0,0.0,75.4261011025,5.06566774204,14.9321981285,49.0555342181,48.9594613299,29.9696664297
536,55.0,40.0,70.0,0.0,59.4950199963,-1.50510886447,14.6308023404,26.2150681503,27.5664566261,15.9051386457
291,55.0,20.0,30.0,0.0,65.8028303662,-7.91033779776,1.50695710598,31.5921337567,35.0696170626,28.0184604282
1230,0.0,70.0,70.0,80.0,39.804582919,11.6873377525,11.1273477724,12.3783042658,11.1336004574,6.35353685468
1095,100.0,100.0,0.0,60.0,35.6526126086,4.87231914717,-7.73846855799,9.08485985448,8.8288250676,9.35349071147
1174,0.0,70.0,100.0,60.0,44.3314688376,15.6771150732,19.1576394016,16.1709660588,14.0688218018,6.30319692431
1093,100.0,40.0,0.0,60.0,40.4233045104,-3.6295929286,-8.25746018306,10.6076925023,11.5080458949,12.1243423316
1172,0.0,20.0,100.0,60.0,51.0009302351,4.33845923773,28.523493211,19.4314754288,19.2694149802,6.79058472286
1091,100.0,0.0,0.0,60.0,44.8471792482,-11.6482610938,-7.35170552063,12.144188697,14.432693286,14.5915527357
640,100.0,0.0,85.0,0.0,60.113895382,-31.6034438017,19.1328499712,20.1028989334,28.2499627335,14.5282285493
144,70.0,100.0,10.0,0.0,49.4156470387,18.8777415965,-10.8889413709,21.0046026907,17.9337436129,19.5101195584
604,40.0,0.0,85.0,0.0,71.8204305682,-14.4146131582,37.2018562573,37.2425991645,43.3923047979,15.3660407546
108,20.0,100.0,10.0,0.0,54.368187504,35.468009111,-1.61264880106,29.9950973193,22.3231319863,19.1631995235
1331,0.0,0.0,85.0,0.0,81.3099116526,-1.28827072064,53.2555001598,56.4026666088,59.0333279824,15.4904996103
243,100.0,100.0,20.0,0.0,45.9985592172,8.56138524794,-13.2763163295,16.1832861886,15.2676017671,17.8982829272
493,0.0,70.0,70.0,0.0,62.6316753464,29.7719295869,24.8317259719,38.665635145,31.1471718606,14.0066438861
239,100.0,40.0,20.0,0.0,55.2518016957,-10.0089283911,-12.9234766883,20.2328000549,23.1746713478,25.8133288126
489,0.0,20.0,70.0,0.0,75.337438333,8.36472039041,39.868961744,50.1388854485,48.8171603984,16.7781822111
235,100.0,0.0,20.0,0.0,62.6780816861,-26.8090721517,-11.0367688129,23.5018503726,31.2023511297,32.554303932
1287,100.0,0.0,0.0,0.0,63.7713398885,-23.7541806886,-21.3029791516,25.2992459764,32.5212097674,41.3329866885
1306,2.0,0.0,0.0,0.0,83.9304178822,-0.0254250739309,6.18909293162,61.6385557911,63.9321254351,47.2677608259
1307,0.0,100.0,0.0,0.0,56.6156721162,44.3593077598,1.19186748778,35.2054863602,24.5311053003,19.6681533238
1326,0.0,2.0,0.0,0.0,83.7785081156,1.24436753915,6.67562201773,61.9029738879,63.6410081259,46.6316916131
1327,0.0,0.0,100.0,0.0,80.715746934,-0.567333630094,63.2252781501,55.6613208663,57.9585621645,11.4437258988
1346,0.0,0.0,2.0,0.0,84.5138290224,0.454607263872,7.56374589248,62.9332412396,65.058415962,46.9536395821
1347,0.0,0.0,0.0,100.0,34.8137346196,1.78050282977,5.27391587713,8.30478170306,8.40561274276,5.75688910421
1366,0.0,0.0,0.0,2.0,83.2677907783,0.534692984166,6.91796210068,60.6580490205,62.6687601156,45.6881406999
1370,60.0,45.0,45.0,0.0,58.3207159724,0.572018830211,4.97756813858,25.4970704005,26.29999626,19.2683692827
1414,3.0,3.0,0.0,0.0,83.0174380329,0.840614268473,5.61312297949,60.3302206426,62.195804256,46.4207665332
712,85.0,0.0,100.0,0.0,62.1187677222,-27.1615308989,29.9031825723,22.8835467736,30.5416280708,11.8661072339
34,30.0,70.0,0.0,0.0,60.1205978962,20.763076023,-6.30173349689,32.7557634764,28.2574263819,26.8377024786
676,30.0,0.0,100.0,0.0,73.6238762768,-10.8317426171,49.7096879589,40.8370097146,46.1208393744,11.8762641909
70,85.0,70.0,0.0,0.0,52.3455444892,4.63102113473,-17.4196205942,20.6675491882,20.4529829159,25.5209021747
550,85.0,0.0,70.0,0.0,63.2162585351,-26.3656174749,15.9633980034,24.1311665741,31.8470354607,18.0982947218
277,30.0,70.0,30.0,0.0,58.535661698,19.1556613061,2.77074411652,30.4357445497,26.5288464639,20.5035569838
514,30.0,0.0,70.0,0.0,74.6596277524,-10.9327070486,33.4390823921,42.2773363098,47.7383964569,19.1321236252
313,85.0,70.0,30.0,0.0,51.0451649225,2.18357579085,-8.91007215778,19.0434728838,19.3076057673,19.9058774944
