SAMPLE_ID,CMYK_C,CMYK_M,CMYK_Y,CMYK_K,LAB_L,LAB_A,LAB_B,XYZ_X,XYZ_Y,XYZ_Z
810,10.0,20.0,20.0,20.0,62.9628360763,6.89551595189,7.04865313202,32.3025349385,31.5423645867,22.1890591653
1369,80.0,65.0,65.0,0.0,44.0171591181,3.15211766108,-2.78607461135,13.8497477927,13.8500817146,12.3758975799
1393,100.0,85.0,85.0,80.0,34.0672921967,2.26204207211,-0.809567555649,7.99988990515,8.04059790119,6.82274791356
1427,0.0,7.0,7.0,0.0,79.4636856852,4.72707512384,7.5247492312,55.6202551225,55.7366196005,39.9650726615
1387,100.0,85.0,85.0,60.0,34.6877472534,2.8258107313,-0.311725300536,8.36158261245,8.34324510697,6.95797820171
1377,10.0,6.0,6.0,10.0,72.2656411889,0.0827161215897,3.43345205017,42.5103349318,44.0555952522,33.9452063891
558,85.0,100.0,70.0,0.0,39.7274375496,10.6871058949,-4.45236529916,12.1831181548,11.0874903252,10.4799668275
1381,10.0,6.0,6.0,20.0,68.4627249621,0.296615271302,3.79359399586,37.3157857122,38.6030214633,29.4265813184
1394,80.0,65.0,65.0,80.0,36.4626104751,2.32347666779,0.760800286221,9.19823699495,9.25072397486,7.44183102276
1434,0.0,7.0,7.0,7.0,75.4082746814,4.0734650878,7.34548700322,48.6624274498,48.9308283093,34.9869194256
1388,80.0,65.0,65.0,60.0,37.7826887289,2.97607270965,0.0820665221599,9.98581290009,9.96674993444,8.2017964586
1392,10.0,6.0,6.0,60.0,53.3503784563,1.16005857584,4.62575001216,20.8463092913,21.3684262675,15.6630540133
1382,80.0,65.0,65.0,40.0,40.2984963519,3.06791294107,-0.569081676302,11.4470910574,11.4318474188,9.5993468044
93,10.0,20.0,10.0,0.0,70.3032411033,8.23208062471,2.75312583824,42.4067769453,41.1819920044,32.1280338457
230,85.0,40.0,20.0,0.0,51.0285886388,-4.4900472208,-14.6565354745,17.7504506916,19.2932884383,22.7762797049
1430,0.0,7.0,0.0,7.0,75.0368421311,4.20520418674,4.29248704556,48.1255858132,48.3367655288,36.6994482319
1395,60.0,45.0,45.0,80.0,38.647494698,2.23788915506,2.00127804014,10.3721052383,10.455307303,8.08860737394
1376,20.0,12.0,12.0,10.0,67.3478607285,-0.272696696569,2.56750065722,35.688663783,37.0944899938,28.9954422145
1389,60.0,45.0,45.0,60.0,41.0358334535,1.79953845221,1.58050419969,11.7160653691,11.8869218889,9.34260713446
1380,20.0,12.0,12.0,20.0,63.3255212945,-0.269041627536,2.64131333231,30.7644724881,31.9789968829,24.8866232497
1424,3.0,3.0,3.0,3.0,78.7024517934,-0.360801579727,5.4304731338,52.3320579174,54.4138807723,40.5648256037
1385,20.0,12.0,12.0,40.0,56.4141640452,-0.131088862723,3.49597334325,23.4293108476,24.3274504614,18.4333022221
1378,60.0,45.0,45.0,20.0,47.6778617714,1.98051148408,-0.335486659509,16.2993052599,16.5421307019,13.7744937183
1391,20.0,12.0,12.0,60.0,49.8176176727,0.575367853127,3.93819007956,17.7215801006,18.2663808361,13.5563482391
1420,3.0,3.0,0.0,3.0,78.1663410123,0.0421061844262,4.61194798298,51.6010441911,53.4949910121,40.483310629
1397,20.0,12.0,12.0,80.0,43.6346250411,0.935222888083,4.20829096145,13.2453511221,13.586935418,9.88968069761
210,55.0,20.0,20.0,0.0,59.3072314339,-7.30270915317,-5.92573822298,24.6433562265,27.3612590113,25.8101244751
101,20.0,10.0,10.0,0.0,71.4788720523,-1.57640798672,1.7979493206,40.8401508176,42.8879764968,34.1365754276
1432,0.0,0.0,7.0,7.0,78.6055058358,-0.87244036857,9.72242061908,51.9750618565,54.2469429365,37.2232754339
1375,40.0,27.0,27.0,10.0,58.4488603835,0.764622040665,-0.201673106838,25.6750415456,26.4362709884,21.9156635695
1384,40.0,27.0,27.0,40.0,50.0975852937,0.978761769007,1.1872968354,18.0244204736,18.5004722339,14.7926723132
1379,40.0,27.0,27.0,20.0,55.6097979505,0.341724622131,-0.0368867741146,22.7612043428,23.5257445701,19.4286033422
1,0.0,0.0,0.0,0.0,83.0817452223,-0.240359071262,5.67651037629,59.9906716423,62.3170627611,46.4608319246
970,100.0,100.0,0.0,40.0,37.9182527166,8.01674738607,-12.0140210414,10.7208270943,10.0423062653,11.9315154734
1049,0.0,70.0,100.0,40.0,47.5267259096,27.3652006381,19.0670778698,21.0770657834,16.4246245577,7.63508928951
968,100.0,40.0,0.0,40.0,43.7546316346,-3.32686322718,-14.3887415608,12.6768804221,13.6691261875,16.6946886562
336,10.0,20.0,40.0,0.0,71.991432429,7.67652467382,17.9718235089,44.6955780662,43.6462760856,24.6705618745
479,100.0,10.0,55.0,0.0,56.2786121446,-26.8363776029,-0.733174304712,17.8035029937,24.1910905429,20.3145556894
560,100.0,10.0,70.0,0.0,55.4509181954,-27.791412943,4.16005271873,16.9684696034,23.3695029169,17.3940734735
328,0.0,30.0,40.0,0.0,70.5971843967,19.5796297656,18.4474107594,46.7690386261,41.6042164694,23.111101776
564,100.0,55.0,70.0,0.0,46.2672601212,-6.40299472202,-3.08026402502,13.8725462243,15.4669720731,13.892167463
974,0.0,70.0,20.0,40.0,48.6253163886,27.4781441785,5.37346342315,22.1113780114,17.2915561477,12.3011254526
1045,100.0,100.0,70.0,40.0,37.021807982,5.79131298794,-3.8521592225,9.92667578579,9.54969783337,8.9181504265
234,85.0,100.0,20.0,0.0,42.3277649713,13.675970623,-13.6386602832,14.3705735448,12.7131168317,15.3624460621
999,0.0,70.0,40.0,40.0,48.2707452936,26.6458005468,9.32129994192,21.6036330081,17.0085010271,10.7818432833
1018,100.0,40.0,40.0,40.0,43.404949774,-6.16196676116,-5.59943815794,12.0383486537,13.4305541253,13.000283829
997,0.0,20.0,40.0,40.0,59.3639012579,8.09501347851,15.9240465934,28.4705491878,27.4230747817,15.285875009
641,100.0,10.0,85.0,0.0,55.6788844374,-28.2326804102,9.88791882906,17.0670135413,23.5939005893,15.1585883433
849,10.0,100.0,40.0,20.0,47.1353236562,36.5479942062,5.43479814895,22.6902032285,16.1229039163,11.408345028
433,30.0,0.0,55.0,0.0,74.6034652255,-14.139164573,23.3702411836,41.1362658458,47.6497313542,24.1786148332
279,30.0,100.0,30.0,0.0,47.731299398,33.9854193105,-0.880407221341,22.6915894554,16.5838114779,14.0149287688
469,85.0,0.0,55.0,0.0,62.1166316261,-29.2025827733,4.69993904747,22.4318648383,30.5391227291,22.6510218248
315,85.0,100.0,30.0,0.0,42.3486955224,13.1249260245,-12.2704241454,14.2957589192,12.7268078091,14.8310990728
1046,0.0,0.0,100.0,40.0,62.8036082617,-1.18589388467,40.4435945599,29.9169861517,31.3519344614,8.9619263738
955,20.0,100.0,0.0,40.0,42.6418937506,26.9215714283,-1.9168551586,16.8780923813,12.9196275094,11.277914278
1056,40.0,0.0,100.0,40.0,55.4394041166,-12.0877940879,26.4971687008,19.9744048072,23.3582069835,9.31860754975
965,70.0,100.0,0.0,40.0,39.2796012877,13.9552701248,-9.16236110971,12.3790522834,10.8223291449,11.7603156917
1066,100.0,0.0,100.0,40.0,47.6894613561,-21.6077024348,12.3628069269,12.48039369,16.5511723121,9.54375359736
422,10.0,85.0,55.0,0.0,52.2328777547,38.2549466743,10.1370699981,28.3227224731,20.3520001448,12.8148929763
887,20.0,10.0,70.0,20.0,63.9084996365,-3.12201232361,26.5436838417,30.672680666,32.68925038,14.1931910316
458,55.0,85.0,55.0,0.0,45.643772001,19.2267133104,-1.21159368643,17.8454191714,15.0069919207,12.8106509993
899,70.0,10.0,70.0,20.0,55.1386044865,-17.12406437,10.730008681,18.7189397179,23.0643944438,14.4601976566
740,10.0,70.0,0.0,20.0,52.4381151545,29.388547537,-2.26065772227,26.3308036627,20.5362031983,17.9371954061
911,0.0,10.0,100.0,20.0,67.9038769218,4.12153105925,46.0622225973,37.75256305,37.8418289356,9.88655378574
1265,40.0,100.0,0.0,100.0,34.6650278668,10.1356938928,0.507651330024,9.20597157665,8.33203124532,6.75563470398
905,100.0,10.0,70.0,20.0,51.5015020905,-22.5742318765,3.94533354069,14.9125931473,19.7045419526,14.6602625785
1061,70.0,0.0,100.0,40.0,51.279711788,-18.2037340464,18.5728265019,15.4890474151,19.5109492567,9.5378982945
952,20.0,20.0,0.0,40.0,56.546069845,4.54908731237,-1.82271658873,24.6317635101,24.460633546,21.0778318555
1063,70.0,40.0,100.0,40.0,44.3999577208,-3.48436033377,9.65427301525,13.073476389,14.116789413,8.69937624961
358,30.0,70.0,40.0,0.0,52.5970679254,25.2204781564,2.37300810582,25.4917228172,20.6796265153,16.0562670988
720,85.0,100.0,100.0,0.0,40.5850083798,9.09160978161,-0.941418149418,12.491747224,11.6072726495,9.85714679858
135,55.0,100.0,10.0,0.0,44.7429846105,24.6110442715,-11.7156132942,18.1290507455,14.3586765963,16.2847241757
350,20.0,85.0,40.0,0.0,51.4605918079,35.222141483,4.63031218952,26.7273082599,19.6687369753,14.3667165353
384,70.0,55.0,40.0,0.0,51.3430567698,2.94950331047,-6.09760629791,19.4485286028,19.5661108216,18.8234867952
1027,20.0,20.0,70.0,40.0,55.3239567753,2.23886931718,19.626531997,22.9084876985,23.2451480582,11.3840713431
986,70.0,0.0,20.0,40.0,54.0222359405,-14.1995690668,-2.99500358835,18.3552086304,21.9955059254,19.5330613031
389,85.0,10.0,40.0,0.0,60.1745405418,-22.6747663886,-4.58958473268,22.0308931579,28.3175425979,25.9010304534
1002,20.0,20.0,40.0,40.0,56.5316787427,2.88524233892,10.7519259567,24.2319448651,24.4460795259,15.4024002729
1013,70.0,40.0,40.0,40.0,45.9441780221,-1.44927616597,-2.20118556512,14.4459610645,15.2274616867,13.3572285264
1004,20.0,70.0,40.0,40.0,46.6644999335,20.285693906,5.29921425413,18.8908281043,15.7648835566,11.1860329145
216,55.0,100.0,20.0,0.0,45.4863994452,24.2282883914,-9.07144518617,18.6701049656,14.8923494602,15.719786556
728,100.0,85.0,100.0,0.0,41.009644736,2.14743777065,-2.12517224455,11.7494531116,11.8705553188,10.4435789589
471,85.0,20.0,55.0,0.0,56.7498833084,-19.0797087032,-0.12904422434,19.7035503765,24.6673749619,20.416047749
457,55.0,70.0,55.0,0.0,49.0778753466,14.1557067013,-0.846256536513,19.7369717013,17.6573745517,14.9013235228
435,30.0,20.0,55.0,0.0,66.814640175,-1.86377721833,16.544802283,34.5411746054,36.3870954462,20.749148537
421,10.0,70.0,55.0,0.0,56.3353262597,33.9530103218,12.1936098765,31.8831472497,24.2480805599,14.6938902557
400,100.0,30.0,40.0,0.0,52.4687839091,-16.9623805411,-9.81524207346,16.6032132574,20.5638238621,21.5611907555
186,20.0,55.0,20.0,0.0,59.3982713995,22.2735187039,-0.41864633951,32.3063024774,27.4606112493,22.8774867899
616,55.0,30.0,85.0,0.0,58.1788634972,-7.41343506962,16.1713951568,23.5024046395,26.1496907873,14.3829869928
222,70.0,55.0,20.0,0.0,51.6075334214,4.62144788946,-13.1858026402,20.0134332579,19.797543545,22.5292273658
580,10.0,30.0,85.0,0.0,68.6500368953,12.4565530946,34.8938013689,41.443387054,38.8604197691,14.1262846473
1267,100.0,40.0,0.0,100.0,34.7948550022,-0.614598497061,-2.97175418173,8.02847286553,8.3962470192,7.65722306085
935,70.0,10.0,100.0,20.0,54.950660936,-18.6582233702,19.7719579639,18.2678877059,22.8820730997,11.1253068381
1261,0.0,40.0,0.0,100.0,38.3149719187,7.86236654622,4.58997757674,10.9302782876,10.2656088027,7.28477710464
918,10.0,20.0,100.0,20.0,64.3875998717,4.95785384123,37.9067827978,33.4898784327,33.2807587338,10.5295726957
474,85.0,55.0,55.0,0.0,49.1845929378,-3.19738495592,-6.09120828853,16.5332963498,17.744383118,17.1528771321
452,55.0,10.0,55.0,0.0,65.6782068205,-16.2383781132,10.5907862654,29.2166869535,34.9095793807,22.7818633712
438,30.0,55.0,55.0,0.0,57.2193380833,16.9772128475,8.33836547596,28.3778838224,25.1479986113,16.9036748943
416,10.0,10.0,55.0,0.0,77.782921309,0.420739927502,29.4178373,51.1167097099,52.8441969587,23.8709993373
960,40.0,100.0,0.0,40.0,41.2357697363,20.7261296528,-6.19009421735,14.7550432671,12.0123676508,11.8960652348
1059,40.0,70.0,100.0,40.0,42.9217771901,12.2014092112,9.63298423147,14.5478887735,13.1054984923,8.01979562258
958,40.0,40.0,0.0,40.0,49.4995723606,6.65802065219,-7.0274056684,18.6174645247,18.0028567564,17.803420283
372,55.0,20.0,40.0,0.0,62.1765748552,-10.4084676432,1.44440024234,26.865027112,30.6094797843,24.4527502554
370,55.0,0.0,40.0,0.0,68.796728341,-22.8039804204,5.54531443682,31.0484069761,39.0627956527,28.7007514233
362,40.0,10.0,40.0,0.0,69.2455117425,-12.1266243124,9.02325042436,34.60396747,39.6862989079,27.0770191598
364,40.0,30.0,40.0,0.0,62.7662831042,0.369343808134,4.29477293084,30.2882310932,31.3074062322,23.4577886038
366,40.0,55.0,40.0,0.0,56.1177314304,11.965871358,0.387432558941,25.9521945368,24.0299132515,19.6424308947
984,40.0,70.0,20.0,40.0,44.001423284,14.7132367556,-3.50321032263,15.7546974961,13.8391905567,12.618548107
1035,40.0,100.0,70.0,40.0,41.0745926361,19.3818485687,3.65751124993,14.4201146789,11.9111719354,8.7723279514
198,30.0,100.0,20.0,0.0,49.1228940459,34.1449434898,-4.44565638289,24.0768233918,17.6940442517,16.4031593809
1009,40.0,70.0,40.0,40.0,44.2857443206,14.3150456612,0.565787397447,15.8981872751,14.0368582506,11.3937712126
1008,40.0,40.0,40.0,40.0,49.524190755,4.3583669706,3.02861591406,18.196725116,18.0231638216,13.7067700002
1007,40.0,20.0,40.0,40.0,52.8565266632,-2.64291057902,5.99064312787,19.6344017881,20.9151684922,14.7743615344
371,55.0,10.0,40.0,0.0,66.1992920136,-15.6754862132,3.83523617118,29.9559743885,35.5819924499,27.0392988976
419,10.0,40.0,55.0,0.0,66.4197164314,18.4182126857,19.8490926489,40.2517222082,35.8690091854,18.8454640101
437,30.0,40.0,55.0,0.0,61.3709198522,8.76657786589,10.888640294,30.9297180635,29.6728535263,18.9639279641
455,55.0,40.0,55.0,0.0,56.4684485339,-1.68262585058,2.70365475054,23.1337409631,24.3822019089,18.8399518825
473,85.0,40.0,55.0,0.0,52.2901410821,-10.5814152139,-4.74180101813,17.6283544237,20.4032834098,18.9518222104
150,85.0,55.0,10.0,0.0,50.4562544467,0.453303477638,-19.5920159291,18.2181386935,18.8032799991,24.9116458371
1048,0.0,40.0,100.0,40.0,53.9456993018,14.6165886632,27.3919353994,24.3669511962,21.923459268,8.35072235541
953,20.0,40.0,0.0,40.0,53.0800836909,10.9160663501,-2.9977059499,22.6884474562,21.1195469426,18.774996748
1058,40.0,40.0,100.0,40.0,48.2261753403,2.29280135382,15.650833798,16.777167939,16.9731408093,8.86626454011
963,70.0,40.0,0.0,40.0,45.8059144582,-0.135034996736,-11.8431610734,14.5635009882,15.1257229624,17.1210366706
1068,100.0,40.0,100.0,40.0,42.6215119084,-10.2610520432,4.77134469054,10.9899102492,12.9061609782,9.21087657564
418,10.0,30.0,55.0,0.0,69.8355389663,11.5251511996,22.1394209141,42.8355216298,40.5160825816,20.55931198
436,30.0,30.0,55.0,0.0,65.2580164265,2.44272965458,14.273307819,33.8446470933,34.3735733586,20.5464906611
454,55.0,30.0,55.0,0.0,60.0986919042,-6.76311872527,5.06629249603,25.5754608673,28.2330376283,20.6995281936
76,100.0,30.0,0.0,0.0,54.8538389108,-12.7145178288,-26.5604198837,19.342993393,22.7885235825,33.9270831799
738,10.0,20.0,0.0,20.0,67.3767360767,7.45215159824,-0.159443849191,38.0812508407,37.1330568183,30.7407179393
1278,0.0,0.0,100.0,100.0,41.8393863132,0.454168716827,16.8357342534,12.0192843551,12.3964422463,5.87332074336
1263,40.0,0.0,0.0,100.0,36.9832990303,-1.58292290927,1.95519214844,8.99893773345,9.52890553068,7.36823421682
1284,100.0,0.0,100.0,100.0,37.4853645784,-9.86774827988,6.18122313613,8.28982835891,9.80236599164,6.56815421344
1051,20.0,0.0,100.0,40.0,59.4275423628,-6.89806952847,33.409067026,24.8590925948,27.4926057745,9.3082595039
962,70.0,20.0,0.0,40.0,49.449475424,-6.18253559148,-11.5354668245,16.2063080426,17.9615802268,19.8456025752
1053,20.0,40.0,100.0,40.0,50.5617325332,8.06397014063,21.0394288718,19.7981619046,18.8929547898,8.49075194926
394,85.0,70.0,40.0,0.0,46.2620651534,2.53127487133,-10.7847915691,15.3369153503,15.46310116,17.0033582197
684,30.0,100.0,100.0,0.0,48.4022059275,31.1343878602,11.304105134,22.7005897577,17.1130832078,10.2317777728
99,10.0,100.0,10.0,0.0,52.7958562615,44.3943772572,-0.290411402257,30.5695564772,20.8599312915,17.3383570574
386,70.0,85.0,40.0,0.0,45.6993885088,12.823584378,-8.23890302291,16.7122409055,15.0476475967,15.5298743476
348,20.0,55.0,40.0,0.0,60.2273153408,20.0713966382,7.09055043879,32.6905456894,28.3764397658,19.8247710944
1037,70.0,20.0,70.0,40.0,48.4526586052,-9.81570540419,6.70145617852,14.8488332084,17.1533338835,11.7440453033
976,20.0,0.0,20.0,40.0,61.2836708836,-4.74678915241,8.29376973951,27.3149539624,29.5725830043,20.1218947465
353,30.0,10.0,40.0,0.0,71.6717124973,-8.00243347101,12.9061090133,39.0416459111,43.1722319326,27.2542001701
1012,70.0,20.0,40.0,40.0,49.1462598741,-8.49799433739,0.0235835817164,15.5763729132,17.7130967383,14.6059535326
1003,20.0,40.0,40.0,40.0,52.2037305941,8.7672361713,8.01624553721,21.4065974471,20.3259298834,13.5696932009
1014,70.0,70.0,40.0,40.0,41.6503351509,5.47313996668,-3.63769956855,12.6364987215,12.2752837979,11.2816127567
180,10.0,100.0,20.0,0.0,52.0544270646,42.5822621609,1.66248374479,29.2421293068,20.1927365251,15.9629090519
1042,100.0,20.0,70.0,40.0,45.3142713877,-14.6766409141,2.32840668273,11.9972300967,14.7676281323,11.3973106399
989,70.0,70.0,20.0,40.0,42.4424458807,6.33677406569,-7.39383620782,13.2858780699,12.7882519011,13.0490529202
1032,40.0,20.0,70.0,40.0,52.6771581258,-4.14265113362,13.7542373552,19.1827715237,20.7521443341,11.8221015558
979,20.0,70.0,20.0,40.0,47.1570338922,18.7842836265,0.648494939534,19.0123950775,16.1395421027,13.080302732
1022,0.0,20.0,70.0,40.0,59.5675606808,6.79055303962,24.662727621,28.361245566,27.6459961117,12.1544027106
465,70.0,55.0,55.0,0.0,50.1604691072,-2.2604601868,-3.48883630449,17.4688136272,18.5533253331,16.7564631875
443,40.0,10.0,55.0,0.0,68.4097231317,-13.2842408648,14.8024279584,33.2317332017,38.5303948527,23.0441411778
429,20.0,55.0,55.0,0.0,59.3075644639,18.5106782426,11.3705802365,31.1608197989,27.3616220107,17.1492336548
407,0.0,10.0,55.0,0.0,80.4290389505,4.44103775608,34.1139839792,57.1882639948,57.4446446984,23.7985945158
847,10.0,40.0,40.0,20.0,59.6205072102,14.3484759966,11.3234137208,30.4005883169,27.7041474676,17.4052923749
791,70.0,10.0,10.0,20.0,56.5659123476,-13.4273072184,-10.9349278448,20.6951024123,24.480710152,25.9717351139
1282,40.0,40.0,100.0,100.0,37.41509283,1.6222019691,7.74940040308,9.61558813139,9.76378021515,6.18879534477
779,20.0,10.0,10.0,20.0,67.4204676745,-1.59488078823,2.85983395691,35.388512278,37.191517003,28.8925451007
920,10.0,70.0,100.0,20.0,51.4537696395,24.9927166001,20.6123951738,24.2826529555,19.6627703866,9.03609246163
470,85.0,10.0,55.0,0.0,59.3214817258,-24.4328090655,0.490326118284,20.8764688198,27.3767945597,22.333821302
456,55.0,55.0,55.0,0.0,53.4131307893,4.77906960476,1.76376361275,21.66744997,21.4264850268,16.9089122627
434,30.0,10.0,55.0,0.0,71.1038101687,-8.82102676336,19.5959711794,38.0164464667,42.3386972162,22.9656671718
420,10.0,55.0,55.0,0.0,61.4911304206,24.1442027349,15.3915406029,35.4423956251,29.8113759377,17.03821842
950,0.0,100.0,0.0,40.0,45.8358558389,32.8991727716,0.90565837513,20.7109175431,15.1477162198,12.1826337429
1069,100.0,70.0,100.0,40.0,39.0452663943,-3.65803703264,1.34825022708,9.83450309971,10.6852814482,8.44604122898
948,0.0,40.0,0.0,40.0,56.1270301737,15.7144720374,1.94335363002,26.8767064336,24.0392095842,18.9194270001
481,100.0,30.0,55.0,0.0,51.7228474483,-18.7697024526,-4.85003877754,15.7199781215,19.8990187991,18.5509059211
334,10.0,0.0,40.0,0.0,81.9149070799,-6.51918720153,25.7895602123,55.3478228448,60.1412541878,30.1782159565
326,0.0,10.0,40.0,0.0,80.4523956667,4.73265465766,26.0497318572,57.348628407,57.4863969535,28.4514514615
562,100.0,30.0,70.0,0.0,51.3193708185,-20.3342941604,0.023007931198,15.1564334654,19.5454726599,16.1174708353
330,0.0,55.0,40.0,0.0,64.7969806387,30.8528002036,15.0356229407,42.0354147382,33.7918078617,19.7930555817
994,100.0,70.0,20.0,40.0,40.2650559393,0.0342252840773,-10.4988473982,11.0087084455,11.4114885092,12.8155158826
1025,0.0,100.0,70.0,40.0,44.976665177,29.9128987388,11.7069552037,19.3535808418,14.5250300471,8.41030016014
813,10.0,100.0,20.0,20.0,49.0094433972,36.0327481139,1.99401609185,24.3991545867,17.6017308296,13.7618622993
1019,100.0,70.0,40.0,40.0,40.8073906718,-0.773750855924,-7.43871939664,11.2183031577,11.7446629084,12.0704780294
998,0.0,40.0,40.0,40.0,56.4434915428,14.9109172104,12.7437758588,27.0153165422,24.3570200454,14.5518776883
1017,100.0,20.0,40.0,40.0,46.1561121025,-14.4976653796,-5.13622061979,12.5546740611,15.3842934811,14.607661483
335,10.0,10.0,40.0,0.0,77.9282017298,-0.231585915951,21.2677063978,51.1068129266,53.0901626239,28.7139315636
971,0.0,0.0,20.0,40.0,66.5785181982,-0.215342776583,13.5010049804,34.7255420084,36.0767402061,22.0766231959
1030,20.0,100.0,70.0,40.0,43.8431187231,24.4486358788,7.64147264477,17.3725075849,13.7299415503,8.99341272416
981,40.0,0.0,20.0,40.0,57.8754199371,-9.09423251445,3.26762545106,22.8341289703,25.8300900429,19.7139721152
1040,70.0,100.0,70.0,40.0,39.6914701899,9.9405848259,-0.862074569698,12.0522532288,11.0660360591,9.37877900629
991,100.0,0.0,20.0,40.0,49.5023663872,-18.5245140888,-8.56423519949,14.1641373016,18.0051607076,18.4986860846
848,10.0,70.0,40.0,20.0,53.4799139612,24.9264820737,8.00904454206,26.3377315324,21.4883885502,14.4064480796
851,20.0,10.0,40.0,20.0,66.1805883927,-3.96432017853,14.238332592,33.149775575,35.5577090043,21.353173697
431,20.0,85.0,55.0,0.0,52.8906800534,30.6625830045,7.83383304087,27.1239193757,20.9463062064,14.0838407484
863,70.0,10.0,40.0,20.0,56.7303088244,-16.0393821013,-0.356423874863,20.3028359274,24.6474688999,20.5106465149
467,70.0,85.0,55.0,0.0,45.7854080127,10.1770205658,-5.97788516475,16.3062717481,15.1106723682,14.6868322142
875,0.0,10.0,70.0,20.0,69.2090879697,3.06967582375,33.8783836726,39.1866423822,39.6354490574,14.8951346303
440,30.0,85.0,55.0,0.0,50.9657824645,26.0890201571,4.54227592141,24.0510375234,19.239105472,14.0734723461
893,40.0,10.0,70.0,20.0,61.5887481753,-10.5078014895,19.1960193637,26.220409661,29.9241806058,15.5138341891
476,85.0,85.0,55.0,0.0,44.3910197941,4.69434474685,-7.51187767777,14.3562202417,14.1105233742,14.3486909592
731,0.0,10.0,0.0,20.0,72.9669687641,5.2394481381,4.40921049959,45.310970341,45.114112024,34.1052650014
1280,0.0,100.0,100.0,100.0,36.9476681333,15.5364749108,9.43979924399,11.173343748,9.50969408962,5.65540449317
749,40.0,10.0,0.0,20.0,63.633470069,-6.67978461902,-8.05966393087,29.4115834323,32.3528805692,31.6768919982
1286,100.0,100.0,100.0,100.0,33.350587864,1.62041405979,0.454335856978,7.59627285813,7.70021804897,6.25225169671
91,10.0,0.0,10.0,0.0,83.5629048654,-4.9821894179,7.84705824777,58.8728035315,63.229348919,45.3382850906
151,85.0,70.0,10.0,0.0,48.3154585992,4.85541565379,-18.5951912587,17.3142725958,17.0440242894,22.3906379896
127,55.0,0.0,10.0,0.0,70.9959679089,-19.1273498062,-9.20503731007,34.7632533785,42.1816346221,41.6133370477
115,30.0,70.0,10.0,0.0,55.7016219719,23.4419915876,-7.34066858811,28.3581519815,23.6163606482,23.1673497757
74,100.0,10.0,0.0,0.0,60.1393502043,-21.4203608139,-27.0707513427,22.270192604,28.2783151766,40.9483251229
799,100.0,40.0,10.0,20.0,49.2927106906,-8.85422244563,-16.8250455716,15.6236165798,17.8328242621,22.3464535062
901,70.0,40.0,70.0,20.0,49.1806716652,-5.99028054689,4.15070397511,16.0366253451,17.7411809943,13.0755258004
787,40.0,40.0,10.0,20.0,55.4219959114,4.86125672993,-6.09125728815,23.5909290624,23.3411355064,22.2605333826
889,20.0,40.0,70.0,20.0,57.3310082405,9.31350453499,18.0963242091,26.5787517403,25.2632372728,13.1142303356
769,0.0,40.0,10.0,20.0,62.0199174825,18.1286577782,4.6333183824,34.3447245153,30.4258340548,22.5987172345
92,10.0,10.0,10.0,0.0,78.652624547,1.25841047472,5.69367939168,52.8745551972,54.3280371375,40.2962693048
152,85.0,85.0,10.0,0.0,46.0433943422,8.86354771789,-17.5803548005,16.27065375,15.3007486653,19.9282083987
128,55.0,10.0,10.0,0.0,67.9639215749,-13.8310760802,-10.8894526001,32.5346637069,37.9231300398,38.8961723431
116,30.0,85.0,10.0,0.0,52.8483809339,28.8860907887,-7.79156539337,26.6402848713,20.907746575,20.8759383848
236,100.0,10.0,20.0,0.0,59.3518336842,-24.2173426092,-17.1889654893,20.9487910227,27.4099036089,32.8329174706
323,100.0,85.0,30.0,0.0,44.1699773529,3.018894914,-15.7094007704,13.9332966447,13.9561483235,17.5786519598
587,20.0,10.0,85.0,0.0,73.7214658651,-5.9041699504,38.3970488224,42.6070003471,46.2716635736,16.2219720824
214,55.0,70.0,20.0,0.0,52.0993089516,12.5731057748,-10.1757795229,22.1263519747,20.2327142013,21.4216245913
623,70.0,10.0,85.0,0.0,61.4438050996,-23.3218927651,17.2474373763,23.0904840848,29.7567901491,16.214119027
178,10.0,70.0,20.0,0.0,59.909650091,32.1287730375,2.44288909796,35.7902283838,28.0231531907,21.8513106072
164,0.0,10.0,20.0,0.0,81.9207994227,5.05317459142,15.7857444406,60.1128016135,60.1521124184,36.9710093211
224,70.0,85.0,20.0,0.0,47.1548244031,11.6375066978,-13.8756776847,17.6440017593,16.1378482821,19.0820376559
200,40.0,10.0,20.0,0.0,69.5785978313,-10.4349350753,-1.17988039364,35.525773901,40.1533266428,33.9318575045
188,20.0,85.0,20.0,0.0,54.2886284776,30.7514335974,-1.55003140299,28.6711810422,22.2475012435,19.0699235068
398,100.0,10.0,40.0,0.0,57.4212887586,-26.3287264887,-8.05490984575,18.8422846455,25.3566597134,25.1752411601
1277,100.0,100.0,40.0,100.0,32.8704648319,2.41017466846,-1.5733817762,7.46102007032,7.47765530675,6.52197188376
815,20.0,10.0,20.0,20.0,66.1152034728,-2.31896365344,6.70092518746,33.5384276905,35.4729047198,25.306543429
1271,0.0,100.0,40.0,100.0,37.1331979113,13.7716550962,5.87921773574,11.0411517338,9.61001130693,6.49850722343
827,70.0,10.0,20.0,20.0,56.5377889835,-13.9096317028,-7.06210445794,20.5701817992,24.4522582337,23.7901011376
233,85.0,85.0,20.0,0.0,45.5795300252,6.53941606467,-15.6351771001,15.5187116696,14.9601222492,18.6394638869
596,30.0,10.0,85.0,0.0,70.3450526742,-8.79991981203,34.3259868684,37.0145628244,41.2418756692,15.5004777745
197,30.0,85.0,20.0,0.0,52.3848684224,26.4831299814,-4.64445875509,25.5747466432,20.4883072927,18.9824662494
632,85.0,10.0,85.0,0.0,58.3581484766,-25.9420703948,13.5764324598,19.7175669134,26.3397551873,15.5339853395
873,100.0,100.0,40.0,20.0,39.957550724,3.77471617131,-11.2091667404,11.3408218117,11.2254077056,12.8800442981
826,70.0,0.0,20.0,20.0,58.8154022065,-18.8946597246,-6.11401475429,21.5845687466,26.8286659151,25.4357047714
861,40.0,100.0,40.0,20.0,44.2907305103,21.9726404104,-0.899808844986,17.271817754,14.0403414735,11.8882020604
814,20.0,0.0,20.0,20.0,70.1717533049,-6.75892947997,9.01415860978,37.4114067812,40.9940494555,28.0337789819
843,0.0,100.0,40.0,20.0,50.2930241554,38.6470030425,9.1359854748,26.3338169728,18.6650658165,11.9949832948
87,0.0,55.0,10.0,0.0,66.8108101928,30.1770692512,2.95381120156,44.7546085546,36.3820472271,28.1941523911
139,70.0,30.0,10.0,0.0,59.1547730794,-7.08157514749,-15.8908063749,24.5419048028,27.1954178389,31.7483703879
123,40.0,55.0,10.0,0.0,57.8431024041,12.3371500058,-9.3756753446,27.8812814544,25.7962059852,26.3416092619
103,20.0,30.0,10.0,0.0,70.0019589307,8.2018062502,-1.29042844943,41.9636925034,40.7522003865,34.5103696762
159,100.0,55.0,10.0,0.0,50.2273242362,-4.38280143661,-21.534218887,17.1312529676,18.6096265719,25.7835954381
734,0.0,70.0,0.0,20.0,57.4497315346,30.8931667141,0.0819573841953,32.3679564226,25.3861399867,20.9055792579
924,20.0,20.0,100.0,20.0,62.0708002631,0.494517393453,33.615799839,29.5267316443,30.4854019566,10.6228635227
752,40.0,70.0,0.0,20.0,50.6105373503,15.9147386595,-9.90043691793,21.4661083302,18.9345437066,20.0216978736
936,70.0,20.0,100.0,20.0,53.3524702072,-14.0410660294,18.3050179599,17.8377858946,21.3703598738,10.711206169
764,100.0,70.0,0.0,20.0,44.5452468015,0.882055048318,-19.0184816761,13.8507280317,14.2189063517,19.3837008751
176,10.0,40.0,20.0,0.0,68.2344472217,17.3550925375,5.20781025342,42.4756715766,38.2908690253,28.315642356
228,85.0,20.0,20.0,0.0,59.4081953596,-16.6627131888,-14.4587699998,22.6218231639,27.4714558167,31.1012750042
212,55.0,40.0,20.0,0.0,59.2958226149,-0.199020633671,-8.9981561191,26.3238678398,27.3488254498,27.5906187107
192,30.0,20.0,20.0,0.0,70.1823590887,-2.3011997695,1.24969022602,38.8146114484,41.0091876251,32.9902938521
321,100.0,55.0,30.0,0.0,49.8515663043,-7.1163779991,-14.5597485688,16.3475560411,18.2946607359,21.6787983602
967,100.0,20.0,0.0,40.0,46.7426815282,-11.5756107256,-15.2804118087,13.3822823407,15.8239630403,19.4075591553
1064,70.0,70.0,100.0,40.0,42.1708111726,2.24001295798,5.52845728051,12.4893417879,12.6107638203,8.77763034082
957,40.0,20.0,0.0,40.0,55.1265401349,-1.59562466825,-5.44752596586,21.8842976194,23.0526620049,21.669944993
1054,20.0,70.0,100.0,40.0,46.6598314363,15.9716877119,15.3353249373,18.0575452154,15.7613603737,8.21565708006
947,0.0,20.0,0.0,40.0,61.2831117504,8.09181849827,3.76539070654,30.6450558032,29.5719411523,22.3893103416
177,10.0,55.0,20.0,0.0,63.8688295205,24.268167298,3.29008327,38.6117986797,32.6405893732,25.0472613191
211,55.0,30.0,20.0,0.0,61.5214195747,-5.92299621684,-8.2630340357,27.2771826992,29.846346947,29.4819247954
213,55.0,55.0,20.0,0.0,55.8882806655,5.3768208033,-9.95605540385,24.1671019628,23.8012805117,24.7613348898
175,10.0,30.0,20.0,0.0,71.2965871865,10.5630310117,6.69663594698,44.6579853208,42.6204301841,30.6781420732
775,10.0,40.0,10.0,20.0,61.1623606207,14.210850161,1.56763397224,32.1784145927,29.4335434279,23.4373290336
1272,40.0,0.0,40.0,100.0,38.2043355688,-2.34288533403,6.00303699061,9.54569041459,10.203005202,6.8982495004
1273,40.0,40.0,40.0,100.0,36.6506143494,2.07373136671,4.20047745714,9.26611910729,9.35053287701,6.6929603423
774,10.0,20.0,10.0,20.0,66.2589948416,5.34120444853,3.53951977366,35.9639080313,35.6595803043,27.2745006192
95,10.0,40.0,10.0,0.0,66.4134043701,17.5228238355,0.312530160799,39.9543161322,35.8607688011,29.3940730944
147,85.0,20.0,10.0,0.0,56.7158949166,-15.1305981045,-18.4420165944,20.4766965431,24.632817679,30.6778399776
131,55.0,40.0,10.0,0.0,55.6609955401,1.35267894282,-12.1497499832,23.0344560416,23.5762400101,25.7744376517
111,30.0,20.0,10.0,0.0,67.492803695,-0.686883185491,-3.63168264601,35.7515016263,37.2883500668,33.1546043337
78,100.0,55.0,0.0,0.0,47.4107945804,-3.99575599479,-24.9028994384,15.0708628906,16.3348675732,24.9451318805
800,100.0,70.0,10.0,20.0,42.1089220272,-0.30411836643,-15.8378359272,12.0776320711,12.5705560606,16.1094553242
900,70.0,20.0,70.0,20.0,51.9205873838,-12.9836590817,8.03693180109,16.8942350167,20.0738341431,13.3815199882
788,40.0,70.0,10.0,20.0,48.601979152,14.3927374828,-6.56694554878,19.3746499048,17.2728301381,16.9242407072
888,20.0,20.0,70.0,20.0,60.5052273738,-0.127779343024,22.5533505714,27.631510956,28.6879399375,13.4865778078
770,0.0,70.0,10.0,20.0,54.4768386458,28.1142945918,2.51396640176,28.2031432584,22.4266950062,17.3794523245
96,10.0,55.0,10.0,0.0,61.8011035212,23.0949652702,-0.608437305089,35.5276227729,30.1705552833,25.2341468585
148,85.0,30.0,10.0,0.0,53.9781851951,-9.71659085834,-17.9699488566,19.1894631948,21.9540201457,27.4735911876
132,55.0,55.0,10.0,0.0,53.1452311545,6.17116885219,-12.2460061292,21.718247054,21.1793550439,23.4325177241
112,30.0,30.0,10.0,0.0,63.9349128133,4.11906165997,-4.43149442167,32.698616454,32.7216766819,29.6878456686
240,100.0,55.0,20.0,0.0,47.6345013848,-5.62437167522,-17.5511815648,14.9596095001,16.5083614362,21.2595740432
319,100.0,30.0,30.0,0.0,51.6952333685,-15.5503487054,-12.7505725747,16.2613766768,19.8746871701,22.3816018753
591,20.0,55.0,85.0,0.0,57.964932777,16.0362159739,21.9272384437,28.963655851,25.924096712,12.1448558813
1396,40.0,27.0,27.0,80.0,40.8229264344,0.304653938592,2.70363731542,11.3769706532,11.7543013831,8.91754833016
627,70.0,55.0,85.0,0.0,51.0780207795,-3.2726085383,7.52223640944,18.0196250668,19.3360050797,13.0392283451
174,10.0,20.0,20.0,0.0,75.0029651214,6.05495769191,8.54910636772,48.7484655957,48.2828237699,33.6747311291
168,0.0,55.0,20.0,0.0,65.6128009878,29.270941011,7.72218470011,42.6822178791,34.8257824065,24.258921287
220,70.0,30.0,20.0,0.0,56.296549849,-8.82828352129,-11.1679582282,21.4163443808,24.2091058445,25.8394442979
204,40.0,55.0,20.0,0.0,55.9046354856,9.98659438781,-5.97690378798,25.2595656699,23.8175288163,22.6335156239
184,20.0,30.0,20.0,0.0,66.626438155,5.80395120822,2.94665553166,36.5809144697,36.1395821877,28.0066037094
402,100.0,55.0,40.0,0.0,47.331037919,-8.4026401187,-11.6645426527,14.2873408429,16.2733081866,18.2063771409
1275,100.0,0.0,40.0,100.0,35.5293604082,-6.16851884754,1.09509821528,7.76791176438,8.76577437816,6.96851126622
1270,0.0,40.0,40.0,100.0,36.9883163773,5.72260418201,7.32489596769,9.89962273672,9.53161285662,6.12051999382
1269,0.0,0.0,40.0,100.0,37.9793486997,0.96632273425,8.72097228967,9.83827818441,10.0764824502,6.18907778008
1276,100.0,40.0,40.0,100.0,34.0272706989,-2.71980870023,-0.159582555763,7.44592835842,8.02133145421,6.65524078641
229,85.0,30.0,20.0,0.0,54.5597583729,-11.7057932021,-13.9534764876,19.2917161767,22.5059467544,25.7203685393
600,30.0,55.0,85.0,0.0,56.4325503459,11.57840893,19.352436394,26.1867231671,24.345985733,12.121672051
193,30.0,30.0,20.0,0.0,64.7449556203,2.83431812198,-0.331751372524,33.3234347901,33.7265744456,28.0273688737
636,85.0,55.0,85.0,0.0,48.2490276584,-7.66571280656,3.58685351741,15.0613157711,16.9912648982,12.701336059
944,100.0,70.0,100.0,20.0,40.4900170392,-5.80562276013,1.10538106639,10.3588150869,11.5489140578,9.20828643637
756,70.0,20.0,0.0,20.0,52.6612300434,-8.29687276789,-14.747917053,18.3621576162,20.7377087393,24.3355092844
932,40.0,70.0,100.0,20.0,45.9544967018,11.0247045712,12.0838352044,16.5867912169,15.2350727398,8.76880190298
744,20.0,20.0,0.0,20.0,62.004676989,3.10466895276,-2.77321509241,30.1421065617,30.4080072934,26.6740726649
914,0.0,70.0,100.0,20.0,51.8389583988,26.4519319168,25.2404043434,25.0095213267,20.0015450965,7.95899585425
83,0.0,10.0,10.0,0.0,78.4802085738,4.66590361454,8.59683555761,53.9139886061,54.0316913419,37.8893749321
143,70.0,85.0,10.0,0.0,45.2549045457,10.7018817611,-14.9000717227,15.9965473361,14.7247738911,18.0513483175
119,40.0,10.0,10.0,0.0,67.1370534876,-8.61065518894,-5.58103310442,33.0013214407,36.8137380155,34.0631599426
107,20.0,85.0,10.0,0.0,53.369940395,31.1634070905,-4.18368513422,27.7664286382,21.3865138011,19.5634055865
155,100.0,10.0,10.0,0.0,57.7964311373,-22.0632088034,-21.7205163594,20.0117350387,25.7473247436,34.0871564827
805,0.0,40.0,20.0,20.0,61.9970812382,17.1060452808,8.38774718594,34.019854354,30.3991251662,20.6757246952
853,20.0,40.0,40.0,20.0,55.8295204087,9.47095427321,8.1234175641,25.0612575906,23.7429639202,15.9827263285
823,40.0,40.0,20.0,20.0,52.6217501496,3.83777646462,-2.92000357541,20.7499830678,20.7019570407,18.3774610808
865,70.0,40.0,40.0,20.0,47.8577944693,-4.05261280322,-3.34355552031,15.3869468522,16.6827551782,15.0575544275
835,100.0,40.0,20.0,20.0,45.6631183053,-8.55295039286,-13.1150127443,13.1309829015,15.0211257553,17.5698205751
172,10.0,0.0,20.0,0.0,78.3672586852,-5.24694303752,12.3158186603,49.9326230109,53.8381403133,35.0787647493
232,85.0,70.0,20.0,0.0,46.3136334667,2.25378309671,-15.6280561412,15.3275394759,15.5015547516,19.2232339528
208,55.0,0.0,20.0,0.0,66.3882428892,-18.6700080779,-4.04284085947,29.3811302187,35.8279330774,32.1583815691
196,30.0,70.0,20.0,0.0,55.1551208761,20.5784118328,-3.504092425,27.0436093142,23.0804628912,20.7226685644
317,100.0,10.0,30.0,0.0,57.7687199692,-25.8950394483,-12.6539564799,19.2210466715,25.7183306359,28.2050163637
404,100.0,85.0,40.0,0.0,42.1766264904,0.146151285826,-12.2057044356,12.1854337456,12.6145462808,14.6890968187
182,20.0,10.0,20.0,0.0,72.7223541927,-4.07238100691,6.34028934226,41.7817659209,44.7430106527,32.5148076882
620,55.0,85.0,85.0,0.0,46.1160915907,11.5732548074,5.92548510451,16.8105962992,15.354596114,10.6804620768
218,70.0,10.0,20.0,0.0,60.8039356136,-16.8718121392,-9.75119273394,23.9240277118,29.0252826037,29.63869968
584,10.0,85.0,85.0,0.0,53.8480180496,32.0128424798,18.630237346,28.5071139026,21.8317371885,10.8799982127
173,10.0,10.0,20.0,0.0,75.3048173473,-0.262038827231,10.4414655507,46.9298911522,48.7648742196,32.7490997316
215,55.0,85.0,20.0,0.0,48.191681293,14.9554879457,-10.7700098517,19.1363151481,16.9458081244,18.4740195699
209,55.0,10.0,20.0,0.0,64.7126057433,-14.0040976825,-5.57215379133,28.7164140829,33.6860537669,31.2687904916
179,10.0,85.0,20.0,0.0,56.0229418678,34.9902137612,1.81662457327,31.7976615479,23.9352849663,18.8949871011
803,0.0,10.0,20.0,20.0,68.3934520433,3.3620319777,11.9021903529,38.1723474959,38.5081174209,24.5966000074
1274,40.0,100.0,40.0,100.0,34.557570377,7.02618730323,2.76690980718,8.78090687025,8.27912839012,6.20107039834
821,40.0,10.0,20.0,20.0,60.2882181542,-7.6256996477,0.0981934929534,25.5645576823,28.4445093082,23.4171715596
776,10.0,70.0,10.0,20.0,53.1684657527,23.8435294115,-0.130482018947,25.7514049156,21.2007126634,17.5502868622
1120,100.0,100.0,20.0,60.0,35.3905451211,2.12144439332,-7.78834924719,8.62788735389,8.69512251606,9.23744708512
1161,70.0,0.0,70.0,60.0,43.2392115867,-11.5996838298,7.78276247681,11.1709461128,13.3184548243,8.66357893891
1110,40.0,100.0,20.0,60.0,37.9521860826,12.267515804,-1.22638832506,11.3198614408,10.0612785285,8.6343001305
1151,20.0,0.0,70.0,60.0,48.941126076,-4.1524754725,17.3395441606,16.177938326,17.5462970439,8.73930367031
1100,0.0,100.0,20.0,60.0,40.7027135159,21.2454707602,4.40345399078,14.4626509701,11.6798579289,8.39265539301
721,100.0,0.0,100.0,0.0,54.0146297919,-33.4053968464,14.7169131546,14.9128068548,21.9883389342,12.2832025978
63,70.0,100.0,0.0,0.0,43.9449201878,14.8605808523,-17.1720288805,15.7380684593,13.8001304342,18.0573540644
685,40.0,0.0,100.0,0.0,67.0382881995,-18.2814475496,37.8379512181,30.2249210435,36.6826916916,12.0529670102
27,20.0,100.0,0.0,0.0,51.3069184618,35.4269559953,-6.73409661138,26.6149237287,19.5346284329,19.0900601949
649,0.0,0.0,100.0,0.0,80.0762998963,-2.16201745203,61.2025139957,53.9343245035,56.8165474585,11.7516253953
397,100.0,0.0,40.0,0.0,57.6727068045,-30.0315612886,-7.81017832289,18.3366049746,25.6180407375,25.2812643192
387,70.0,100.0,40.0,0.0,42.6931459356,13.6114663701,-8.42812748032,14.6176163054,12.9535318387,13.587092378
361,40.0,0.0,40.0,0.0,70.0983400399,-16.6252542009,10.9575831744,34.3641694495,40.8893651348,26.8047524998
351,20.0,100.0,40.0,0.0,49.7187724,33.4025206125,2.75636959036,24.4981726668,18.1842067054,13.9353271469
325,0.0,0.0,40.0,0.0,82.4472275905,-2.28549811748,28.6442320986,57.9976561431,61.1274815534,28.9687384414
73,100.0,0.0,0.0,0.0,59.7508744226,-24.9973463622,-26.6513308398,21.1459480981,27.8476776815,40.1091143395
711,70.0,100.0,100.0,0.0,42.5518178278,8.99506887862,1.75030796848,13.7748010632,12.860183962,10.0685866896
37,40.0,0.0,0.0,0.0,71.2220953921,-12.8991557446,-10.1503134962,36.9172025725,42.5114168532,42.6691418029
675,20.0,100.0,100.0,0.0,48.5123172161,31.5149867348,14.9367479307,22.8897622456,17.2010103462,9.2083395582
1367,0.0,0.0,0.0,0.0,86.8837744065,-0.508895801853,6.03527990426,67.0472455067,69.7696746329,51.8890165968
1170,100.0,100.0,70.0,60.0,35.2423324008,1.00193083138,-2.24615145899,8.42596708449,8.62010786615,7.66887602063
1111,70.0,0.0,20.0,60.0,44.4813677499,-9.80422792797,-2.02827343846,12.1830809526,14.1739482915,12.3907731178
1160,40.0,100.0,70.0,60.0,38.2330841228,11.6173557691,3.30622214872,11.3978028599,10.2192480306,7.56877452024
1101,20.0,0.0,20.0,60.0,50.135249281,-3.05993929972,6.9035436437,17.3011225964,18.5321162952,12.6783909761
1150,0.0,100.0,70.0,60.0,41.2157668476,21.0859678181,9.81229260737,14.800378781,11.9997777219,7.23069208511
1268,100.0,100.0,0.0,100.0,33.5079601228,2.24081023209,-3.76461405917,7.7351937885,7.77411802469,7.30114276068
929,40.0,10.0,100.0,20.0,57.466563249,-11.0828761671,27.8071237865,22.0135075474,25.4035964228,9.96488902919
1262,0.0,100.0,0.0,100.0,35.7607005763,10.8364883496,4.06442122201,9.87711540123,8.88436658105,6.37387991491
916,10.0,0.0,100.0,20.0,66.3201973953,-5.60912223225,41.9860635274,32.8545084737,35.7392341433,10.2968953196
54,55.0,100.0,0.0,0.0,46.9640088548,20.3446369028,-15.577970451,19.1555056735,15.9920134468,19.7296158198
614,55.0,10.0,85.0,0.0,61.7940880626,-18.0875201941,22.6732729879,24.6280743001,30.1623944275,14.2794486107
18,10.0,100.0,0.0,0.0,53.2823846279,39.5709337851,-4.17640306087,29.8420286927,21.3056365421,19.488476169
578,10.0,10.0,85.0,0.0,74.4424982644,-1.1564019642,42.9146305328,45.2984491896,47.3962174124,14.8899462952
3,0.0,20.0,0.0,0.0,75.6859054736,11.7827525071,1.52689109711,52.0021616158,49.378030931,39.5728215041
673,20.0,70.0,100.0,0.0,53.6529989586,22.2089932109,22.1282500354,25.8604803566,21.6493814419,9.69632016949
39,40.0,20.0,0.0,0.0,66.1814216864,-3.84500776118,-13.0120769804,33.184683778,35.5587906582,38.1878488866
709,70.0,70.0,100.0,0.0,45.490894836,1.36827662682,7.00200457617,14.5873830139,14.8956161253,10.0125665328
75,100.0,20.0,0.0,0.0,54.9409187817,-16.5923447236,-27.3519335018,18.6568644492,22.8726486598,34.5756115057
1149,0.0,70.0,70.0,60.0,44.2761832797,16.1211911509,12.888690365,16.2071985319,14.030180767,7.78135340955
1102,20.0,20.0,20.0,60.0,47.6444804351,1.85763200619,4.81808058728,16.2521666947,16.5161290906,11.9101341903
1159,40.0,70.0,70.0,60.0,40.5984798095,6.80511738397,5.75345019623,12.1645542423,11.6155647992,7.98683478366
1112,70.0,20.0,20.0,60.0,42.8295318065,-5.5783984249,-2.98909786515,11.7663125332,13.0440426022,11.7425297331
1169,100.0,70.0,70.0,60.0,37.1969863097,-2.79392016187,-1.69566987164,8.96446925768,9.64466441385,8.40743391921
327,0.0,20.0,40.0,0.0,75.6888983488,10.4451627855,22.9594116134,51.496023993,49.3828665851,25.4463291003
349,20.0,70.0,40.0,0.0,55.6361728624,24.7884838856,4.78381796859,28.6313606482,23.5517487492,17.260985337
363,40.0,20.0,40.0,0.0,64.0693319702,-6.58622567412,6.44951103385,29.9316712094,32.8870294897,23.5069994933
385,70.0,70.0,40.0,0.0,47.668927534,4.26755314863,-7.89085331903,16.7002587492,16.5351689141,16.8019403968
399,100.0,20.0,40.0,0.0,52.0871945156,-21.4795994525,-10.5400794768,15.5240638592,20.2219183066,21.595063953
1099,0.0,70.0,20.0,60.0,43.9985059368,17.0297077757,5.01428568051,16.156438667,13.8371720165,9.83603798545
1152,20.0,20.0,70.0,60.0,47.7663652422,0.502276489616,14.7264075833,16.1060849671,16.6112004709,8.90314338922
1109,40.0,70.0,20.0,60.0,41.1234026872,8.45255726362,-0.768844581632,12.7425002849,11.9417572918,10.0857598924
1162,70.0,20.0,70.0,60.0,42.4751435388,-7.70079133172,5.31573818515,11.2544046563,12.8097284088,8.98414065499
1119,100.0,70.0,20.0,60.0,38.1651563167,-0.917541679332,-7.45090991051,9.70210163709,10.1808967909,10.5756249426
651,0.0,20.0,100.0,0.0,72.2455093817,8.80921726971,50.0709613933,45.4720314351,44.0254572577,10.9697298698
25,20.0,70.0,0.0,0.0,56.3909328712,24.8456842261,-8.14199289418,29.4923071436,24.3040445178,24.239447597
687,40.0,20.0,100.0,0.0,61.0613266286,-9.26743160909,29.3940936216,25.9703587461,29.3180766531,11.4252490843
61,70.0,70.0,0.0,0.0,47.898780693,7.28237296593,-19.0273453681,17.430714952,16.7148985727,22.2424659875
723,100.0,20.0,100.0,0.0,50.5146229327,-25.6784300459,9.76415017191,13.7193708376,18.8528682535,11.9109692729
170,0.0,85.0,20.0,0.0,57.0396418489,40.7834637487,5.37849043872,34.6912774834,24.9632966228,18.0693066545
598,30.0,30.0,85.0,0.0,61.732644565,-0.751438965452,25.1020959917,28.8218116444,30.0909820743,13.3271839362
206,40.0,85.0,20.0,0.0,50.2681658174,20.1635858302,-7.16723493742,22.0608457277,18.6440767957,18.4636945761
634,85.0,30.0,85.0,0.0,51.6086325367,-17.6857045254,7.75528173769,15.8223605999,19.798509124,13.2874404727
739,10.0,40.0,0.0,20.0,60.2311619238,13.8411481675,-2.15464218545,30.9736092967,28.3807357786,24.5877192324
923,20.0,10.0,100.0,20.0,63.4576868304,-4.13215365471,37.943226937,29.8833358605,32.1391055205,10.0234930361
1264,40.0,40.0,0.0,100.0,34.9711271394,2.34536352744,1.03159287647,8.44585701147,8.48396258249,6.75652522738
941,100.0,10.0,100.0,20.0,47.917282214,-24.0395804594,10.7061095797,12.2669826032,16.7294218826,10.1586783805
725,100.0,40.0,100.0,0.0,47.2093179448,-18.4042953904,6.14459274729,12.6489963454,16.1796582723,11.2167513115
59,70.0,40.0,0.0,0.0,55.3527687547,-3.03595209895,-21.9794136058,21.7843074534,23.2733297242,31.4438609259
689,40.0,40.0,100.0,0.0,57.740338274,-0.0582329033751,24.4036953855,24.7578486783,25.6886575296,11.1833521754
23,20.0,40.0,0.0,0.0,64.7293657779,13.549203423,-8.38183697968,36.4501551614,33.7070429295,33.1449046722
653,0.0,40.0,100.0,0.0,68.5783466266,21.3743999576,43.9537833281,44.345227463,38.761770484,10.9036052443
401,100.0,40.0,40.0,0.0,50.1489202854,-15.5953350377,-12.2018297848,15.1049141049,18.5436111495,20.7553780232
383,70.0,40.0,40.0,0.0,54.6482073947,-6.97051940812,-5.14364678935,20.3221489924,22.5906887681,21.1021343811
365,40.0,40.0,40.0,0.0,59.1594400008,1.77182439675,2.02406037683,26.6620289148,27.2004844536,21.4079270885
347,20.0,40.0,40.0,0.0,63.4452938487,10.6224840304,9.57705398467,33.9502064155,32.1240696979,21.3256690908
329,0.0,40.0,40.0,0.0,68.4194251626,21.4664530463,17.4081884222,44.1411450444,38.5436823996,21.7019647716
1118,100.0,40.0,20.0,60.0,38.0443593416,-5.01727578638,-6.15290099639,9.13522499488,10.1129334935,10.1087501045
1163,70.0,40.0,70.0,60.0,39.6898390002,-3.82008259182,2.94702759618,10.1686438349,11.0650637231,8.31471315345
1108,40.0,40.0,20.0,60.0,43.0940882728,2.66705959598,-0.102443389957,13.1534466104,13.2208123781,10.9414908141
1153,20.0,40.0,70.0,60.0,44.3924878595,5.24667747758,11.337837664,14.4472069619,14.1115524515,8.23914997139
1098,0.0,40.0,20.0,60.0,46.946662398,10.5926204227,6.7961309161,17.2843151459,15.9787997859,10.8592397299
77,100.0,40.0,0.0,0.0,50.1689325715,-9.69253497255,-25.8952538057,16.1343673652,18.5604464507,28.2887303627
707,70.0,40.0,100.0,0.0,51.1935258023,-9.8986324512,12.6187215436,16.8853854877,19.4360641021,11.3465643842
41,40.0,40.0,0.0,0.0,58.9754963898,5.05889326247,-13.8132963247,27.2791979017,27.0012631629,30.2112369179
671,20.0,40.0,100.0,0.0,61.0476311011,7.96474531118,31.6181809015,30.338364019,29.30244799,10.6967292561
5,0.0,40.0,0.0,0.0,71.4874735182,23.6324528725,0.0272416600698,49.6440933697,42.9006287773,35.3783314401
1168,100.0,40.0,70.0,60.0,38.1128269668,-7.97660833162,-0.0552371731743,8.81862056282,10.1514177748,8.39086736571
1113,70.0,40.0,20.0,60.0,40.6343680627,-2.12646995043,-3.57539346127,10.9314383969,11.6376745827,10.6961881849
1158,40.0,40.0,70.0,60.0,42.4427476161,0.975169361602,7.65464809351,12.475616572,12.7884499775,8.32510940827
1103,20.0,40.0,20.0,60.0,45.1409757473,6.01317301337,3.17046725368,15.1087040058,14.6427662087,11.0241563658
1148,0.0,40.0,70.0,60.0,46.3245470906,9.14120853374,15.2920046356,16.5352266438,15.5097010157,8.07429361521
1266,100.0,0.0,0.0,100.0,34.2758494593,-4.2644302313,-2.34431829784,7.396397293,8.14149731141,7.27748915016
1281,40.0,0.0,100.0,100.0,37.8435345863,-3.92957709214,9.38852752507,9.16195237562,10.0006152057,5.99269763074
1260,0.0,0.0,0.0,100.0,36.5304368486,1.59045996815,4.94107896784,9.14511288508,9.28664982344,6.47554249596
919,10.0,40.0,100.0,20.0,56.7979495795,11.0062076838,29.5945704145,26.430784399,24.7163009078,9.10195730179
231,85.0,55.0,20.0,0.0,49.8784377439,-3.99264111445,-16.7667109957,16.928432483,18.3170658751,22.8430647916
618,55.0,55.0,85.0,0.0,51.5480846199,0.916081501924,11.3469396295,19.2206592336,19.7453641989,11.9788883772
195,30.0,55.0,20.0,0.0,58.8704891615,13.9384248774,-4.03822011423,29.4346908838,26.8879718038,24.3332731532
582,10.0,55.0,85.0,0.0,62.1470656475,23.5359815979,28.1245402018,36.1052714546,30.5748305077,12.4978297569
7,0.0,70.0,0.0,0.0,62.1088158833,39.0306526014,-0.891660829962,40.9116147449,30.5299571247,25.6940901075
669,20.0,20.0,100.0,0.0,67.9559188249,-0.301172483891,41.978644567,36.4674534416,37.9122875114,11.1958058636
43,40.0,70.0,0.0,0.0,53.1740429953,17.8189578697,-13.7526270216,24.3383480823,21.2058414912,24.2746179173
705,70.0,20.0,100.0,0.0,55.3529317702,-19.4789633691,19.2394911131,18.4427192509,23.2734892382,11.5290954982
79,100.0,70.0,0.0,0.0,44.7629085258,-0.1944520312,-25.2166396592,13.8287918753,14.3728103224,22.6491223362
1147,0.0,20.0,70.0,60.0,49.740476768,4.72793451882,19.5831959382,18.4456543783,18.2022292761,8.50170270648
1104,20.0,70.0,20.0,60.0,41.0563764573,11.9398210948,2.1922630972,13.2286397149,11.8997707086,9.17665014203
1157,40.0,20.0,70.0,60.0,43.6174974807,-3.47816077888,10.1208934941,12.5661514294,13.5752319373,8.2074249492
1114,70.0,70.0,20.0,60.0,37.5273649689,3.0529036421,-4.70424755703,9.85576924273,9.82547660806,9.41103998068
1167,100.0,20.0,70.0,60.0,39.3201091317,-11.7137631927,1.41722739454,8.99198978826,10.8461377759,8.55617263526
331,0.0,70.0,40.0,0.0,60.8382971377,36.2611946392,13.6436593257,38.2765760858,29.0642571386,17.3087174545
345,20.0,20.0,40.0,0.0,70.053953732,0.627649776567,13.8786439243,39.5686767633,40.8261586039,25.0894618472
367,40.0,70.0,40.0,0.0,52.1117930378,14.1069242865,-1.36315735128,22.4724194887,20.2438435324,17.2917341496
381,70.0,20.0,40.0,0.0,58.0299906931,-16.7102023883,-3.66047055245,21.3294251295,25.992563682,23.3451775156
403,100.0,70.0,40.0,0.0,44.7942441221,-5.19478034227,-13.9487385894,13.0718106457,14.3950580831,17.278252235
1097,0.0,20.0,20.0,60.0,50.4231905373,5.56226008121,9.17751818264,19.1807080098,18.7752284327,12.0576750882
1154,20.0,70.0,70.0,60.0,41.6050250648,11.307778821,7.89545182532,13.4971126809,12.2463633862,7.8812184297
1107,40.0,20.0,20.0,60.0,45.3240556854,-1.87529074603,1.02037343462,13.9460919637,14.7746989458,11.8411237885
1164,70.0,70.0,70.0,60.0,37.4718533003,1.19496259835,1.3887256887,9.59289009849,9.79493915405,7.72210591077
1117,100.0,20.0,20.0,60.0,40.4456441881,-9.57261896649,-6.1527667512,9.84985974395,11.5217204487,11.4261038614
655,0.0,70.0,100.0,0.0,58.2723502111,33.4182356839,31.2099632325,34.0942404004,26.2486838482,9.36831684458
21,20.0,20.0,0.0,0.0,69.3101854662,2.35865392688,-6.8505829025,39.0993327883,39.7766945815,37.6226173686
691,40.0,70.0,100.0,0.0,49.5966614385,11.711442335,13.5576961651,19.6951812886,18.0830316111,10.1721294686
57,70.0,20.0,0.0,0.0,58.3511604665,-11.3109682885,-21.2666130951,22.7973590625,26.3323298337,34.4333175211
727,100.0,70.0,100.0,0.0,42.4024849168,-8.25757163554,0.861626621363,11.1346229569,12.7620373142,10.2620097096
166,0.0,30.0,20.0,0.0,71.8649192238,15.3564285024,10.6011732698,47.2137354376,43.4582840947,28.8443095409
602,30.0,85.0,85.0,0.0,49.4539874064,22.2671520625,12.8392961601,21.7579902046,17.9652952109,10.3176466824
202,40.0,30.0,20.0,0.0,62.8637974322,-1.42891817029,-4.15562715613,29.9213380326,31.4238279434,28.3785973868
638,85.0,85.0,85.0,0.0,42.7994296659,0.612778469099,-1.37428032671,12.6503309581,13.0240295554,11.1891623485
767,0.0,10.0,10.0,20.0,69.5814470629,3.98300268582,8.61428863737,39.9914793264,40.1573373396,27.6630622455
1279,0.0,40.0,100.0,100.0,38.1630886736,5.90135782579,11.3892431749,10.57964209,10.1797309312,5.68574488747
785,40.0,10.0,10.0,20.0,61.0057515282,-8.2175594847,-4.47579831015,26.1663732664,29.2546915408,26.6625884026
1285,100.0,40.0,100.0,100.0,34.1327641022,-4.92475410157,2.71090132699,7.26380959691,8.07218271125,6.05317064444
1116,100.0,0.0,20.0,60.0,41.595684927,-13.0236866597,-5.22398511545,10.0414895004,12.2404074383,11.7788559777
1165,70.0,100.0,70.0,60.0,35.6984614166,5.50400784484,-0.0729072645851,9.18456876693,8.85235633729,7.32205760546
1106,40.0,0.0,20.0,60.0,47.4985851409,-6.4324493133,3.22312696617,14.7279668432,16.4028071175,12.3735418127
1155,20.0,100.0,70.0,60.0,38.6655025748,16.6823369874,6.78991266175,12.3908480785,10.4656466572,6.90019955793
1096,0.0,0.0,20.0,60.0,52.5253021346,0.350599287281,11.116114136,19.9496244747,20.6147897361,12.645827894
729,100.0,100.0,100.0,0.0,38.4283575019,-0.722948168707,-2.99858335859,9.86940184561,10.3300332265,9.36679802072
55,70.0,0.0,0.0,0.0,63.0712230749,-19.8303055746,-21.273058478,25.5147121914,31.6724312337,40.374803776
693,40.0,100.0,100.0,0.0,44.4730970213,22.0139100685,9.23115468,17.4243637535,14.1681342935,8.85196476809
19,20.0,0.0,0.0,0.0,77.201069529,-7.99745900821,-3.66407669209,47.0868884,51.8667123803,45.7901799141
657,0.0,100.0,100.0,0.0,51.7631939969,46.5592221559,23.5847433043,29.9586675871,19.9346050967,8.36262239851
1166,100.0,0.0,70.0,60.0,41.0573718075,-15.6349932818,3.2090373851,9.42308428586,11.900393495,8.88916425943
1115,70.0,100.0,20.0,60.0,35.7116065235,6.60637811354,-5.39589347682,9.32513828033,8.85911058629,8.71879521665
1156,40.0,0.0,70.0,60.0,46.4142408129,-8.492832312,13.2830762614,13.6424938652,15.576759303,8.65638440107
1105,20.0,100.0,20.0,60.0,39.0051870807,17.6823956457,1.28858658158,12.7574562551,10.6619580803,8.44348522782
1146,0.0,0.0,70.0,60.0,51.7606663159,-0.282843509273,22.3939643253,19.1649163004,19.9323743972,8.68589976064
405,100.0,100.0,40.0,0.0,39.6616617837,2.46608956464,-13.8962017637,10.985717371,11.048276551,13.6770417066
379,70.0,0.0,40.0,0.0,61.3687128678,-26.1293038912,-0.251673696252,22.3989432267,29.6703143685,24.6199393181
369,40.0,100.0,40.0,0.0,45.7544466584,24.3390730454,-2.52100808044,18.9163538476,15.0879673724,13.3545448497
343,20.0,0.0,40.0,0.0,77.1574543459,-12.1762891197,20.5796688988,45.5374951734,51.7939304572,28.3233090413
333,0.0,100.0,40.0,0.0,55.4260382242,49.8255023699,11.4488786808,35.3056130391,23.3450988867,14.3738225605
81,100.0,100.0,0.0,0.0,39.9492653913,5.42560341423,-22.3422580306,11.5666253716,11.2204221872,17.2957629291
703,70.0,0.0,100.0,0.0,58.2505539874,-28.7923519104,23.1235987484,19.0595241,26.2255815375,11.9036017522
45,40.0,100.0,0.0,0.0,45.6493949437,25.8870638175,-12.2816530948,19.1310883863,15.0110989611,17.1942914913
667,20.0,0.0,100.0,0.0,72.5211882439,-12.4687950961,48.0397309193,38.7873547249,44.4393540039,11.7978372803
9,0.0,100.0,0.0,0.0,53.3722595816,48.2088782602,1.11335635159,32.2954667687,21.3886588646,17.1596319501
755,70.0,10.0,0.0,20.0,54.1495695607,-13.0172667414,-16.5783464062,18.6886411528,22.1157190364,26.8270131219
1283,40.0,100.0,100.0,100.0,34.631866435,7.70481285137,4.95242056146,8.89840086968,8.31568143023,5.75855254003
743,20.0,10.0,0.0,20.0,65.5252268174,-1.56190776428,-2.62589123436,33.0299826957,34.7137938144,30.2779452853
921,10.0,100.0,100.0,20.0,45.9549542013,31.0430611161,15.6639128798,20.4335413277,15.2354102499,7.8119621894
227,85.0,10.0,20.0,0.0,57.208484457,-21.9885801144,-15.3178497163,19.5170450714,25.1368168718,29.2449470922
702,55.0,100.0,100.0,0.0,43.2932082217,16.2230594212,5.33170710961,15.4894250997,13.3549074086,9.38345886521
191,30.0,10.0,20.0,0.0,70.6412427182,-8.0337154782,2.12624599168,37.6423605477,41.6677501062,32.9329780013
666,10.0,100.0,100.0,0.0,51.7683316927,42.131212035,21.3072549394,28.8044928431,19.9391396691,8.99295466526
72,85.0,100.0,0.0,0.0,42.0338475237,9.5061629544,-22.2101010577,13.5044067787,12.5218969484,18.8522129624
340,10.0,70.0,40.0,0.0,56.9229889322,31.9934257142,10.7974206912,32.0420531503,24.8438795684,15.6581499585
483,100.0,55.0,55.0,0.0,45.5815872889,-10.9412865057,-6.60645202067,12.7158708408,14.9616216734,14.7956417219
1047,0.0,20.0,100.0,40.0,55.3867209976,6.8006480449,32.5373680414,23.9977526367,23.306568426,7.65572510406
966,100.0,0.0,0.0,40.0,45.2814484296,-15.0788219867,-15.1038710349,11.9190092378,14.7439244596,18.1637267016
1041,100.0,0.0,70.0,40.0,43.5650107672,-20.1969179955,4.22531185907,10.210865457,13.5394089544,9.84850475626
972,0.0,20.0,20.0,40.0,56.285916157,7.13650373995,10.2605439275,24.9748287909,24.1984250729,15.4297655636
1043,100.0,40.0,70.0,40.0,39.2436058922,-9.74730992147,0.232419725736,9.1881262176,10.8012019802,8.84703943049
332,0.0,85.0,40.0,0.0,55.1154389226,42.5277032434,11.9971040053,32.8094984886,23.0418697232,13.9594913683
153,85.0,100.0,10.0,0.0,41.2083702844,8.69593727332,-18.6143874704,12.834225601,11.9951245129,16.6246349215
1020,100.0,100.0,40.0,40.0,35.9262372314,1.87473988718,-8.40135796828,8.86879159805,8.96987914681,9.68629476323
341,10.0,85.0,40.0,0.0,54.0445440583,37.8354975093,7.89291992487,30.2541443942,22.0165350171,14.8318527944
645,100.0,55.0,85.0,0.0,44.223850574,-13.9908949971,-1.16408783147,11.42765201,13.9936688319,11.9389459539
337,10.0,30.0,40.0,0.0,68.4669172027,11.022852562,17.1446504573,40.715207737,38.60876984,21.8779375937
1016,100.0,0.0,40.0,40.0,44.6946242042,-18.9225153609,-3.41991299055,11.0272672292,14.3244089974,13.0161949209
975,0.0,100.0,20.0,40.0,43.3622268146,30.865849734,4.97577475372,18.1866943149,13.4015979293,9.5221108182
1026,20.0,0.0,70.0,40.0,55.9033143708,-6.76300318078,23.0248728103,21.4950132197,23.8162160312,10.6094042667
985,40.0,100.0,20.0,40.0,39.1398850706,16.2457120574,-2.99897321743,12.6292853643,10.7404778054,9.72741694297
1036,70.0,0.0,70.0,40.0,48.2154133119,-17.6558025734,9.56928820938,13.4238560035,16.9646099502,10.6727734191
995,100.0,100.0,20.0,40.0,36.4797051322,3.36166362342,-10.2739331112,9.33319252219,9.25976981649,10.5495551451
839,0.0,10.0,40.0,20.0,68.7201679095,4.00685216143,24.2774893479,38.8163474479,38.9570852611,18.6325717676
413,0.0,85.0,55.0,0.0,55.2511095147,44.1496839471,16.9015891742,33.4357090808,23.1739959581,12.2648511
857,40.0,10.0,40.0,20.0,57.2179643332,-10.5326708118,7.07679283555,21.9010309575,25.1465831485,17.4510787698
449,40.0,85.0,55.0,0.0,46.173585602,19.3652634216,2.10493958564,18.3044140443,15.3972717553,11.9705561388
869,100.0,10.0,40.0,20.0,47.7205862759,-20.5461525416,-6.08596205856,12.6582423581,16.5754497528,16.0775739244
504,10.0,100.0,70.0,0.0,49.9648743363,40.1532950483,13.9673450448,26.3561928872,18.3892598916,10.2413265706
1403,20.0,12.0,12.0,100.0,35.6494302063,0.978361474481,3.75474767358,8.6247396782,8.82719329288,6.40036773912
540,55.0,100.0,70.0,0.0,41.8732190146,16.3474697216,0.564274444206,14.4867190572,12.4182085822,10.0734701524
137,70.0,10.0,10.0,0.0,60.3034551462,-18.2692106238,-17.0433179941,23.1211480016,28.4615563178,33.8441968442
585,10.0,100.0,85.0,0.0,49.7630150195,41.2067678153,17.6246346575,26.4009054621,18.2209568746,9.05669454394
190,30.0,0.0,20.0,0.0,74.0855243633,-14.5467410751,4.73364948685,40.2767143128,46.8372151346,35.2188133579
621,55.0,100.0,85.0,0.0,43.0921006308,16.4762909777,2.94335750125,15.3847546276,13.2194783686,9.98916390391
226,85.0,0.0,20.0,0.0,60.7397952985,-27.8746492532,-14.2839447556,21.438749413,28.952624746,32.4912968063
388,85.0,0.0,40.0,0.0,57.9795957476,-30.8358386735,-3.62965599741,18.4359887703,25.9395175181,23.282450452
354,30.0,20.0,40.0,0.0,65.7868644635,-3.8857643404,11.1640938939,32.6923496493,35.0490868871,22.5799108025
392,85.0,40.0,40.0,0.0,49.4662707432,-12.5226438323,-9.31977889932,15.1268207221,17.9754114099,18.8171728523
954,20.0,70.0,0.0,40.0,44.9180947185,18.0810656009,-3.05636150395,17.0544377361,14.4832146692,13.0240529546
1065,70.0,100.0,100.0,40.0,36.5804442467,5.92932629065,1.26209029213,9.70413093293,9.31319691459,7.3678694127
990,70.0,100.0,20.0,40.0,36.5521311138,8.52722120426,-7.89151535628,10.0173629969,9.29816030788,9.85620432465
1029,20.0,70.0,70.0,40.0,42.8299919232,15.7851849143,9.76758891757,15.0769242212,13.0443486643,7.94341694256
988,70.0,40.0,20.0,40.0,42.4345956441,-3.17919380021,-6.9719642949,11.865784615,12.783099277,12.8920916081
346,20.0,30.0,40.0,0.0,64.5339254329,6.09198444415,12.6169795703,33.9969264362,33.4628276868,20.7469572727
380,70.0,10.0,40.0,0.0,58.5495694462,-22.4582480889,-2.0176553351,20.5955683944,26.5436994359,22.9489902102
1011,70.0,0.0,40.0,40.0,48.2372977926,-16.5837574081,1.17860698195,13.6059368619,16.9819603743,13.569307318
355,30.0,30.0,40.0,0.0,62.7147391511,2.05817636444,8.07514182266,30.6820285292,31.2459845815,21.4475974907
393,85.0,55.0,40.0,0.0,46.2020954761,-6.09824709408,-10.8630808789,13.8763376529,15.4184628575,16.9925194212
359,30.0,85.0,40.0,0.0,48.9489955001,26.513885092,0.386636877092,22.2049105285,17.5526764829,14.3332972857
1015,70.0,100.0,40.0,40.0,37.0682315733,7.40788568296,-4.90700132668,10.1593403076,9.57480370363,9.24067168568
1044,100.0,70.0,70.0,40.0,37.2786637168,-3.92703582124,-2.75373525466,8.87205141899,9.68915723292,8.73531060476
987,70.0,20.0,20.0,40.0,45.5055503078,-8.19358277774,-5.81724000815,13.0820691393,14.9062691325,14.4363871107
1034,40.0,70.0,70.0,40.0,40.8690239496,9.26253138729,5.64844741599,12.6995460697,11.7829315757,8.13687061944
977,20.0,20.0,20.0,40.0,53.2899831421,1.31990666809,4.36056221032,20.8253765223,21.3126473691,15.7289869538
1024,0.0,70.0,70.0,40.0,46.869475383,23.949256683,16.2547808668,19.7921992605,15.9200908384,8.06818590775
461,70.0,10.0,55.0,0.0,57.3452878586,-25.4367345601,4.75482656759,18.9524580224,25.277998544,18.5916626759
447,40.0,55.0,55.0,0.0,52.9051687203,8.22516049926,5.88279148617,21.9372761431,20.9595248834,14.8498707026
425,20.0,10.0,55.0,0.0,72.124636598,-7.06065115777,25.335302244,39.9652197566,43.844795581,20.9294824209
411,0.0,55.0,55.0,0.0,63.9762552632,32.7625771746,23.3592336862,41.4962661409,32.7724740376,15.4948225231
844,10.0,0.0,40.0,20.0,69.1325657102,-5.34943615124,22.3081131789,36.4745613026,39.5287607492,19.8900480343
637,85.0,70.0,85.0,0.0,42.8442375688,-3.367714286,0.736743743423,12.0929719802,13.0538270016,10.5378289812
129,55.0,20.0,10.0,0.0,61.3222248796,-10.5328867752,-14.237057259,25.9363772782,29.6168631261,33.1319957188
601,30.0,70.0,85.0,0.0,51.1366277607,19.9915402841,15.7401317503,22.8428230871,19.3867317682,10.3177297714
1398,10.0,6.0,6.0,80.0,43.5073230698,0.864105092779,4.56200195637,13.1501092477,13.5001089801,9.71822198123
629,70.0,85.0,85.0,0.0,42.4454098487,6.4706192414,0.853135572452,13.3085205467,12.7901977074,10.2874717368
130,55.0,30.0,10.0,0.0,59.2612461603,-5.26806295244,-13.7810184236,25.0737252436,27.3111663387,30.5038091121
593,20.0,85.0,85.0,0.0,50.4651125973,30.5854369148,16.3488176437,24.5910999865,18.8108000357,9.78061945021
94,10.0,30.0,10.0,0.0,70.593152909,12.8913662424,1.71866830822,44.414714352,41.5984061508,33.1512877831
36,30.0,100.0,0.0,0.0,46.1574809884,32.7383577702,-9.7022274529,20.9662526577,15.3853099446,16.463852944
376,55.0,70.0,40.0,0.0,46.373425416,9.52905931829,-5.64917276142,16.6423420124,15.5462203137,14.9567816649
374,55.0,40.0,40.0,0.0,53.4286965358,-3.85405257038,-1.56784596644,19.886807458,21.4409027902,18.3952613448
1057,40.0,20.0,100.0,40.0,47.1341863507,-5.4346447623,18.5246663025,14.6334631302,16.1220326289,7.60111407694
956,40.0,0.0,0.0,40.0,54.2007133149,-8.82896623196,-5.09935034075,19.5559799579,22.1641258508,20.6979106358
1031,40.0,0.0,70.0,40.0,51.7906983314,-12.0958874205,18.4703642812,16.9537058504,19.9588886608,9.829664728
982,40.0,20.0,20.0,40.0,49.2435930434,-3.03313237428,-0.306363315145,16.608149448,17.7926093158,14.8010398585
1033,40.0,40.0,70.0,40.0,44.7844832024,1.14597804418,9.63983460755,14.057261648,14.3881255297,8.88783520864
368,40.0,85.0,40.0,0.0,45.6684427106,21.0531412604,-1.91953562435,18.2110375099,15.0250171641,13.0808443696
603,30.0,100.0,85.0,0.0,44.6500040567,29.7746365522,9.65522014693,19.0485182928,14.292840099,8.81873825463
1010,40.0,100.0,40.0,40.0,39.499511139,16.6798250244,-0.965873487834,12.9276775972,10.9520017732,9.31296053926
377,55.0,85.0,40.0,0.0,44.3305016642,14.4213763462,-6.49793792668,15.9503021325,14.068145201,13.9217880451
375,55.0,55.0,40.0,0.0,50.3637006137,2.77127269218,-4.34908982905,18.5861610068,18.7248272019,17.2795015535
373,55.0,30.0,40.0,0.0,55.8087310055,-8.22692494199,-0.361919367512,21.099363421,23.7223543213,19.7455786935
1006,40.0,0.0,40.0,40.0,52.7812322144,-10.9551434076,8.97426015623,17.9551948107,20.8466314304,13.5836958267
973,0.0,40.0,20.0,40.0,52.9296214191,15.5527260057,8.16451210991,23.5792701528,20.9818468163,13.9837130682
1028,20.0,40.0,70.0,40.0,48.6321618341,7.19932530705,15.0894819372,18.0062843317,17.2970515611,9.22381003923
983,40.0,40.0,20.0,40.0,46.1451739188,3.14414580649,-1.89000526942,15.3554406438,15.3761729627,13.3702335693
1038,70.0,40.0,70.0,40.0,41.7715437328,-6.21706421309,3.73428621941,11.0417179953,12.352872253,9.08849532883
993,100.0,40.0,20.0,40.0,40.7229338484,-8.22889844613,-11.0140264157,10.1743502351,11.6923575868,13.2877563142
846,10.0,20.0,40.0,20.0,62.6950872594,3.67491090749,17.8686280337,31.0970066312,31.2225878419,16.8652882221
409,0.0,30.0,55.0,0.0,71.9449432011,18.7042019113,31.7598234592,48.5534364913,43.5771326554,17.7641281342
427,20.0,30.0,55.0,0.0,64.3404138306,5.59650938802,19.9062058549,33.6144611024,33.2221875495,17.2108433832
445,40.0,30.0,55.0,0.0,59.4031152992,-4.58434289297,10.8261084588,25.3802558605,27.4659041421,17.459069999
463,70.0,30.0,55.0,0.0,52.9964759988,-13.7555568312,1.02177323281,17.6042136639,21.0429566904,16.9190756672
581,10.0,40.0,85.0,0.0,63.9048846368,16.6501908232,33.9719437249,36.3133633475,32.6848140703,11.5331930598
105,20.0,55.0,10.0,0.0,58.7093711159,20.2214681067,-4.34530519148,30.9250274706,26.7147598361,24.3493409172
617,55.0,40.0,85.0,0.0,52.3935032762,-6.02226148498,14.2066717189,18.5775936204,20.4960693553,11.505901246
141,70.0,55.0,10.0,0.0,49.1680982492,1.22296185908,-19.0278076845,17.3221398852,17.7309161006,23.3922621921
573,0.0,55.0,85.0,0.0,62.7454124823,32.5539951926,35.1565747279,39.7042986554,31.2825263512,10.504135423
194,30.0,40.0,20.0,0.0,60.8921911767,8.82909298218,-1.79654142664,30.3904088584,29.1254566646,25.0218283054
609,40.0,55.0,85.0,0.0,52.3214182089,7.25354470728,15.2532684521,21.1938227475,20.43133058,11.12059268
1401,60.0,45.0,45.0,100.0,34.4363397218,0.466073478453,2.03113211065,7.97732270878,8.21971417968,6.31790153553
352,30.0,0.0,40.0,0.0,72.9163114062,-16.4276475448,17.8467583396,38.0805285508,45.0370926294,25.6345420514
390,85.0,20.0,40.0,0.0,52.1554009001,-21.5258111341,-7.44070258903,15.5665280116,20.2827511586,20.1199990139
356,30.0,40.0,40.0,0.0,58.2758987565,6.98670274725,6.60587171247,27.0088992384,26.2524463155,18.478903111
964,70.0,70.0,0.0,40.0,38.4807657142,5.11522494061,-11.9598331461,10.657156811,10.3599018492,12.2464661545
1055,20.0,100.0,100.0,40.0,40.3029020171,23.8749688351,11.1400107988,14.6111572407,11.4345314426,6.54505757729
980,20.0,100.0,20.0,40.0,40.4067896296,23.5502801963,0.91282155153,14.6314097821,11.4979437721,9.22236951262
1039,70.0,70.0,70.0,40.0,37.761447381,2.26439507383,1.01253655145,9.88367981823,9.95494556364,7.94762473074
978,20.0,40.0,20.0,40.0,49.1189290047,8.37567689998,2.50906987956,18.6323411567,17.6908125152,13.6398634538
382,70.0,30.0,40.0,0.0,52.8897884342,-13.9156102307,-5.4343637238,17.4890415366,20.9454929227,19.7645645396
344,20.0,10.0,40.0,0.0,72.3891552129,-5.91653910298,18.5700309173,40.7043999109,44.2408010188,24.7190288631
1001,20.0,0.0,40.0,40.0,57.4336303339,-6.60857363698,15.5669991873,22.963121239,25.3694486634,14.1217708215
391,85.0,30.0,40.0,0.0,50.2046811571,-16.544209791,-8.82803232004,14.9861056799,18.5905452396,19.1804717762
357,30.0,55.0,40.0,0.0,54.2385549018,14.2421265448,3.95366469966,24.5728462447,22.1999877893,16.5811933826
395,85.0,85.0,40.0,0.0,41.0319428988,3.19940227529,-11.9204389203,11.9134670696,11.8844895462,13.8220056302
1005,20.0,100.0,40.0,40.0,41.1635733557,22.8925877429,3.80491297775,15.0642607578,11.9669682792,8.77399831764
724,100.0,30.0,100.0,0.0,46.6860674322,-23.2552923727,8.81606295037,11.6169417739,15.7811667541,10.0875566288
475,85.0,70.0,55.0,0.0,42.7967963815,-2.12537989894,-6.46527765831,12.2440412777,13.0222798222,12.9344318852
453,55.0,20.0,55.0,0.0,57.6466214659,-14.7796647488,8.19640895905,21.3883252531,25.590838587,17.284417172
439,30.0,70.0,55.0,0.0,50.5259629335,19.994476552,7.50963458121,22.2653630896,18.8625125084,12.7023916836
417,10.0,20.0,55.0,0.0,72.0181994576,5.32737942127,29.7039403997,43.9259870004,43.686119847,18.7520691834
969,100.0,70.0,0.0,40.0,37.3425000081,-0.798403338949,-15.0828319423,9.27949343342,9.72402642073,12.6535214578
1062,70.0,20.0,100.0,40.0,43.1192589071,-12.2134059882,10.7078367648,11.016194479,13.2377134594,7.82918668438
959,40.0,70.0,0.0,40.0,41.4761647298,11.4965320263,-6.85298510608,13.4400014697,12.1643630902,12.2664728727
1052,20.0,20.0,100.0,40.0,50.750835105,0.101927776679,25.0006373725,18.3936467554,19.0544379383,7.54059354573
949,0.0,70.0,0.0,40.0,47.697735893,25.938318952,1.75102945051,20.9325870665,16.5576241368,13.0186653229
633,85.0,20.0,85.0,0.0,51.0769593601,-25.2671018612,8.88412731574,14.1712982164,19.3350871954,12.5520751392
133,55.0,70.0,10.0,0.0,48.1975080232,11.5898598771,-14.9515987151,18.4862512151,16.9504230969,20.4536704135
597,30.0,20.0,85.0,0.0,63.8309324922,-5.26045763373,32.0779151319,30.0108317758,32.5941484337,12.132134243
97,10.0,70.0,10.0,0.0,56.6882578518,33.990931033,-0.85397682182,32.3164399771,24.6047418338,20.7193304019
625,70.0,30.0,85.0,0.0,51.4982289623,-15.7804931359,12.620216647,16.0715148573,19.7016756891,11.5201779796
134,55.0,85.0,10.0,0.0,45.442804003,16.5225348756,-13.7827169658,17.1829407944,14.8606947358,17.6971673678
589,20.0,30.0,85.0,0.0,63.3150168339,5.07567783606,33.0783038035,32.218380032,31.9662943772,11.4921159715
98,10.0,85.0,10.0,0.0,53.4844157457,40.8592036886,-0.0288720591775,30.4172230841,21.4925656868,17.7464394001
741,10.0,100.0,0.0,20.0,45.7447281409,34.8411771575,-1.28171097167,21.0340472771,15.0808451516,12.8981501666
485,100.0,85.0,55.0,0.0,38.4531182644,-1.840245729,-9.39602188982,9.74202109688,10.344137779,11.3625720172
338,10.0,40.0,40.0,0.0,62.6836290838,16.6686808466,14.9674391386,34.753578344,31.2089515978,18.1332629981
1067,100.0,20.0,100.0,40.0,40.1805814876,-16.7321331862,6.59759253817,8.83709645375,11.36016717,7.58549795974
946,0.0,0.0,0.0,40.0,62.4529077206,0.627226992209,5.90791747925,29.9969964765,30.93521695,22.3241997844
1021,0.0,0.0,70.0,40.0,59.8206471079,-0.68938415091,32.1442331612,26.757620431,27.9246984743,9.88095567606
992,100.0,20.0,20.0,40.0,41.3514032933,-11.8315487693,-9.77694245055,10.0593262496,12.0853206814,13.2315951596
1023,0.0,40.0,70.0,40.0,50.862580992,14.0818576437,21.5288369621,21.3078591068,19.1502938892,8.49871668397
566,100.0,85.0,70.0,0.0,38.5459934392,-3.53243150878,-7.29590404714,9.58078637084,10.3971569536,10.7342321446
777,10.0,100.0,10.0,20.0,45.1708457307,34.3543366266,0.833887873242,20.4194574275,14.6642375488,11.8147937562
1000,0.0,100.0,40.0,40.0,42.833320572,30.7304443224,8.641979216,17.7309978081,13.0465629691,8.24118507901
647,100.0,85.0,85.0,0.0,38.6955053102,-4.52421939514,-4.83407751187,9.53774108928,10.4828880826,10.048981369
339,10.0,55.0,40.0,0.0,59.3918605627,24.6726497632,12.6016146575,32.9726969605,27.4536072214,16.6820585578
643,100.0,30.0,85.0,0.0,46.0136924111,-22.3880583673,4.01863507992,11.3326691394,15.2787844776,11.2378814492
996,0.0,0.0,40.0,40.0,60.810881725,-0.435429221248,21.2363201422,27.886233447,29.0331584142,14.1804255977
415,10.0,0.0,55.0,0.0,77.9789947862,-8.23737732508,37.3094548358,48.212682168,53.1763370659,20.0106754251
261,10.0,100.0,30.0,0.0,49.5720768581,42.6115897901,5.67126636433,26.5430930666,18.0627075365,12.7713916156
451,55.0,0.0,55.0,0.0,63.0161223927,-26.0721392979,13.3596185671,24.0006286858,31.6062646817,19.1342045639
297,55.0,100.0,30.0,0.0,41.4235128337,16.8779586698,-8.91167505034,14.2577356529,12.1309636674,12.9627590181
146,85.0,10.0,10.0,0.0,56.0629864347,-21.3416244407,-22.3816647734,18.6737502417,23.9752310351,32.5140800865
1050,0.0,100.0,100.0,40.0,42.7923262951,31.0064947201,16.0068680662,17.7495915637,13.0193099517,6.41460931411
951,20.0,0.0,0.0,40.0,57.8283770462,-4.48760670792,0.154037978946,23.8233168686,25.7807766786,21.1947057614
1060,40.0,100.0,100.0,40.0,38.0189027341,13.6879891811,6.12961061502,11.5584453662,10.0986496864,6.79317885782
961,70.0,0.0,0.0,40.0,48.9085522077,-13.0992568062,-11.8130854921,14.6307499954,17.5199071042,19.5337176758
1070,100.0,100.0,100.0,40.0,34.6526796043,-0.307126501903,-1.60949200484,7.99483426428,8.32594059229,7.25663493088
577,10.0,0.0,85.0,0.0,77.2716967255,-7.93458882286,52.8781031575,47.2187883615,51.9847145821,12.969042899
522,30.0,100.0,70.0,0.0,44.1567338087,27.4211011003,7.29088291605,18.1828605568,13.946935015,9.2474803097
613,55.0,0.0,85.0,0.0,61.7151119525,-25.358471817,27.7961547289,22.8975574306,30.0706255866,12.3519735752
1400,80.0,65.0,65.0,100.0,32.9871380934,-0.605507801059,1.17166455543,7.20013897357,7.53133969226,5.9591002149
569,0.0,10.0,85.0,0.0,77.1329693518,5.91322888718,54.3534864306,52.1432845231,51.7531014929,12.3607623582
117,30.0,100.0,10.0,0.0,45.9944360159,31.2513764887,-6.17995021052,20.5114757375,15.2645558637,14.9082126909
605,40.0,10.0,85.0,0.0,63.9105488598,-16.188717972,30.4639120302,27.2852238334,32.6917653549,12.7460251844
80,100.0,85.0,0.0,0.0,40.3066178933,3.8780106541,-23.1630486983,11.5656009172,11.436795559,17.9309388863
772,10.0,0.0,10.0,20.0,71.1718322131,-4.09656554093,7.74243044885,39.5987886841,42.43796547,29.8782881173
773,10.0,10.0,10.0,20.0,67.4319204025,0.997982390005,5.50144099162,36.1779201873,37.2068370851,27.3102335009
1399,100.0,85.0,85.0,100.0,32.1772903697,-1.15106897754,-0.592489827385,6.79393449838,7.16395985372,6.03840879677
737,10.0,10.0,0.0,20.0,67.5787424166,1.83741556701,-0.0557177883285,36.6228395589,37.4036107545,30.8977041394
1408,100.0,100.0,0.0,70.0,33.1071274511,2.38484341564,-7.85309204007,7.56601475207,7.58681726871,8.16833770713
1409,100.0,0.0,100.0,70.0,38.2988180748,-15.8304245926,6.47057009747,8.0160644964,10.2564522264,6.82641236265
1410,0.0,100.0,100.0,70.0,38.4462034963,22.5647459267,12.3111061308,13.1325610482,10.3401976063,5.59599306715
1411,40.0,40.0,0.0,70.0,39.0286604735,3.01715991209,-3.05408580183,10.6923119938,10.6756138369,9.68680913647
1412,40.0,0.0,40.0,70.0,42.9010204599,-6.54198091577,7.04575411623,11.6732658949,13.0916531116,8.70604706315
1413,0.0,40.0,40.0,70.0,42.4547601861,9.77757718396,10.112984413,13.832456168,12.796337375,7.6882139208
940,100.0,0.0,100.0,20.0,46.621598407,-29.8864329701,10.8568546293,10.6689050422,15.7325267371,9.44560795778
759,70.0,100.0,0.0,20.0,39.1984143638,10.812391959,-15.3053043003,11.8718730658,10.7747161839,13.9062767311
928,40.0,0.0,100.0,20.0,57.0059274807,-16.3194724816,30.8613515818,20.4893158801,24.9287441527,8.8458552508
747,20.0,100.0,0.0,20.0,44.1842396737,29.7298442791,-4.3114865115,18.6485805944,13.9660749144,13.0203869933
910,0.0,0.0,100.0,20.0,68.9989646542,-0.405648591101,51.9443056181,37.8123625385,39.3429516863,8.73313183741
917,10.0,10.0,100.0,20.0,63.3286224702,0.229818683808,42.4940791446,30.9030527722,31.982747619,8.64310047036
881,10.0,10.0,70.0,20.0,64.4933171414,-1.03475011109,31.8591143001,31.9318603905,33.4122334865,12.6074116721
1211,100.0,100.0,0.0,80.0,32.7244754272,2.2216307603,-7.18452596784,7.37543387444,7.41084190829,7.82154782758
672,20.0,55.0,100.0,0.0,55.5825462909,17.1753811244,27.5265756609,26.658569534,23.4988960808,9.0941229459
26,20.0,85.0,0.0,0.0,50.306330754,34.2424875428,-7.38029172871,25.2892495028,18.6763076508,18.5911976799
717,85.0,55.0,100.0,0.0,42.6642302732,-11.1491999384,3.57283105864,10.8944391236,12.9343962762,9.58075863114
1227,100.0,100.0,40.0,80.0,33.1094534873,0.472109066679,-4.46534757584,7.36604136783,7.58789540432,7.30449874274
510,20.0,55.0,70.0,0.0,55.3058741598,18.2127495716,18.0187287355,26.6204846951,23.227472657,11.9130808259
269,20.0,85.0,30.0,0.0,49.3682775343,31.2344619338,1.20950515487,23.6542620877,17.8948126731,14.2948117223
555,85.0,55.0,70.0,0.0,44.4667406557,-8.42631881416,-1.71666555179,12.3756323744,14.1636670983,12.2733671931
396,85.0,100.0,40.0,0.0,39.2346219498,5.71951287466,-11.8638504068,11.1789273601,10.7959332294,12.6688808987
290,55.0,10.0,30.0,0.0,62.4865442793,-18.3347428216,-2.90463704484,25.2711643091,30.9750242868,27.2389738756
360,30.0,100.0,40.0,0.0,46.240504434,30.2580552889,0.549853391019,20.5253577316,15.4470425786,12.5505087026
254,10.0,10.0,30.0,0.0,76.37655256,-0.776047456404,17.2453937177,48.4149725927,50.5023147308,29.5467048802
477,85.0,100.0,55.0,0.0,38.6524804615,5.37486877397,-9.34213837682,10.7909295397,10.4581692336,11.4585036533
47,55.0,10.0,0.0,0.0,64.0988964816,-13.5868875752,-20.4262999785,28.145366093,32.9234722068,41.0899578455
441,30.0,100.0,55.0,0.0,46.15939433,29.1911777578,2.71018655383,20.2345764741,15.3867307676,11.7566568382
11,10.0,10.0,0.0,0.0,78.4337903543,1.99854838179,-1.68529281827,52.7958673251,53.952092992,45.9128168073
1429,7.0,0.0,0.0,7.0,79.2673391315,-3.48403076353,2.23079782188,52.0675196211,55.3934147504,43.8683117855
1404,10.0,6.0,6.0,100.0,36.1869062045,1.43200162232,4.48592479414,8.94929524199,9.10564440892,6.4444792452
1431,7.0,7.0,0.0,7.0,76.7302769158,1.46478947637,1.03549486256,49.8043075757,51.0846829586,41.3365160184
1390,40.0,27.0,27.0,60.0,42.7338267318,-0.648994596415,1.73377258331,12.4210084584,12.9804851723,10.1695084694
1433,7.0,0.0,7.0,7.0,79.2186875385,-4.21670383954,7.93341896981,51.7068145638,55.3085923387,39.3340314835
1386,10.0,6.0,6.0,40.0,60.5056325706,-0.0928147473367,4.6020255266,27.6407438371,28.6883957622,21.2788230418
1435,7.0,7.0,7.0,7.0,75.5827919672,0.555730423981,5.58431720759,47.6552538729,49.211620907,36.4472333648
1405,100.0,0.0,0.0,70.0,38.2220292729,-9.67791893861,-9.0017559138,8.67488378493,10.2130000422,11.1029464717
1406,0.0,100.0,0.0,70.0,37.9247258237,20.9878877813,3.11660043968,12.5554825817,10.0459235595,7.48299933771
1407,0.0,0.0,100.0,70.0,48.0496578211,0.0355232524885,25.9923111259,16.2388147461,16.8335794878,6.20918922375
732,0.0,20.0,0.0,20.0,67.7047163078,11.3527096069,2.65797913874,39.7603709458,37.5729953537,29.3200906312
926,20.0,70.0,100.0,20.0,46.7731488795,20.5348274042,17.6767401994,19.0311907586,15.8470262109,7.65817100902
750,40.0,20.0,0.0,20.0,56.821221138,-3.7174716039,-11.1239293208,23.0190504394,24.740011908,26.3337415917
938,70.0,70.0,100.0,20.0,40.4963642733,0.111895546477,4.1492366092,11.1556860455,11.5528074128,8.36529649375
762,100.0,20.0,0.0,20.0,46.9102505569,-13.6214967798,-22.6252665851,13.1780563748,15.9510867505,23.2348459213
736,10.0,0.0,0.0,20.0,71.9562410092,-3.72954023062,1.76447120347,40.8089949701,43.5939291639,34.7285587982
811,10.0,40.0,20.0,20.0,57.554751684,14.7071094162,4.58024528628,28.1673870564,25.4951888545,18.838262435
14,10.0,40.0,0.0,0.0,65.8172474541,19.989777492,-5.83482843998,39.9213046685,35.0881625406,32.6945954704
688,40.0,30.0,100.0,0.0,56.6504922114,-5.58913161383,27.5804840544,22.4433572124,24.5664111118,9.61219208044
1206,70.0,70.0,0.0,80.0,34.9544561892,3.31766190984,-5.05181494335,8.54902198341,8.475640844,8.27040596691
1245,0.0,40.0,100.0,80.0,42.2927758899,9.28834368509,16.6977197848,13.645045332,12.6902518977,6.07100983488
257,10.0,40.0,30.0,0.0,64.7001073879,17.1516081481,9.38252428076,37.5117848922,33.6704073232,22.5318718273
526,40.0,30.0,70.0,0.0,57.0296297045,-5.20853807561,16.5037499799,22.8873288525,24.9530322568,13.5077491724
1222,70.0,70.0,40.0,80.0,34.7770600001,1.776741159,-1.43440781356,8.28653380618,8.38742571854,7.26627435299
1229,0.0,40.0,70.0,80.0,41.5807270929,9.53012011177,13.437561303,13.2056347845,12.2308732637,6.52351080118
503,10.0,85.0,70.0,0.0,51.4032919939,37.9899768254,16.6247153833,27.3521350647,19.6186607183,10.1868094849
274,30.0,30.0,30.0,0.0,62.6986127102,1.34406426604,2.79074437769,30.4712044161,31.2267842396,24.2080517055
1239,70.0,100.0,70.0,80.0,33.5344915181,4.45324719774,0.236198338308,7.98830124002,7.78662321084,6.37161988379
1225,100.0,40.0,40.0,80.0,34.7140647928,-5.39494306645,-2.89484004983,7.47588838235,8.35624752188,7.60250357408
665,10.0,85.0,100.0,0.0,52.1805476068,38.7387641506,23.5566263549,28.3887968876,20.305210095,8.56540143091
31,30.0,30.0,0.0,0.0,64.8145037749,4.52070518286,-12.7905352751,33.8925395824,33.8137987905,36.3101789925
1255,70.0,100.0,100.0,80.0,34.6637246047,3.71831324649,2.08738895254,8.4513284056,8.3313882846,6.39313680178
1209,100.0,40.0,0.0,80.0,34.7250267856,-2.84869037624,-7.21760263602,7.75204506108,8.3616673749,8.75222970978
1480,40.0,40.0,3.0,40.0,46.7685889096,3.57479842474,-6.65358653113,15.891520107,15.8435729806,15.6350366103
1481,3.0,0.0,40.0,40.0,61.8710648642,-1.02771794637,21.5323920529,28.9047502825,30.2520195988,14.7745810594
1482,0.0,3.0,40.0,40.0,61.9001604863,0.382477764953,22.0251200672,29.3045163693,30.2859422214,14.6012511542
1483,3.0,3.0,40.0,40.0,61.2496491789,-0.350118180734,21.1585148537,28.3893276044,29.5335449968,14.5020119207
1484,40.0,3.0,40.0,40.0,52.8269523045,-10.5828508967,9.44167241609,18.0628253562,20.8882304332,13.4397437635
1485,3.0,40.0,40.0,40.0,52.1017603643,13.5413267807,13.7269927134,22.3392823066,20.2348992683,11.4981396525
1425,7.0,7.0,0.0,0.0,80.8072499384,1.62210386482,0.199572986045,56.7041579425,58.123222063,47.7859145917
1426,7.0,0.0,7.0,0.0,84.113309495,-4.74502111385,7.5836270218,59.9661083163,64.2837920027,46.3524196599
1368,100.0,85.0,85.0,0.0,38.3407941724,-4.81727580103,-4.59568359377,9.31405635847,10.2802570952,9.79272120315
1428,7.0,7.0,7.0,0.0,80.4830783139,0.551261338074,5.19366428373,55.7077467092,57.5412757145,43.168033649
943,100.0,40.0,100.0,20.0,41.3609784502,-16.3757120583,3.99292065951,9.49296904551,12.09137484,8.81638748602
757,70.0,40.0,0.0,20.0,46.6806240339,-2.30924532164,-17.8395563739,14.8269661009,15.7770559977,20.5871170008
931,40.0,40.0,100.0,20.0,49.3320925795,0.187768516275,19.900023056,17.2617335528,17.8651118165,8.22700181935
745,20.0,40.0,0.0,20.0,56.2982409839,11.7336901649,-5.86431136256,26.0840707697,24.2108047563,22.930566833
913,0.0,40.0,100.0,20.0,58.3710517572,19.6272407984,37.0957537134,30.3719692798,26.3534696855,7.80559400547
882,10.0,20.0,70.0,20.0,61.4222796463,4.27457460789,29.8092731187,29.7863137972,29.7319844059,11.494008537
880,10.0,0.0,70.0,20.0,67.2941412843,-5.69445106997,36.3135282037,34.0290006659,37.0228116816,12.7403832359
67,85.0,30.0,0.0,0.0,51.9401700962,-11.2319030048,-27.2467750549,17.2290506194,20.091202079,31.0445413843
1248,40.0,0.0,100.0,80.0,42.0161582728,-7.40337403459,14.9591652367,11.0237275312,12.5104500699,6.34933609749
30,30.0,20.0,0.0,0.0,67.6773016305,-1.43845627509,-12.8899910259,35.7645448858,37.5360901135,40.0364016353
713,85.0,10.0,100.0,0.0,51.4761850422,-30.292522877,15.7113813177,13.6454842364,19.6823791675,10.5089880705
310,85.0,30.0,30.0,0.0,51.3843623974,-16.3474077989,-14.031544432,15.8868891113,19.602136197,22.770199946
1232,40.0,0.0,70.0,80.0,41.8175069284,-7.24043805951,11.0362545727,10.9295098288,12.3823796519,7.18525271573
273,30.0,20.0,30.0,0.0,65.6447555088,-4.09325601933,4.06347815657,32.462208957,34.8667052872,26.348531505
551,85.0,10.0,70.0,0.0,53.0585616212,-28.4069611458,6.36283974003,15.0595541727,21.0998135517,14.7649818704
1226,100.0,70.0,40.0,80.0,34.4532619933,-1.59659023241,-3.90882412559,7.76074539135,8.22799052824,7.7458777319
517,30.0,30.0,70.0,0.0,60.4798615699,-0.514308845275,21.0673304827,27.5070018968,28.6594143802,14.0272851715
276,30.0,55.0,30.0,0.0,55.2320891694,15.1450296953,-0.374168910545,25.7985632763,23.1554421523,19.2808182151
1241,100.0,40.0,70.0,80.0,35.2114500465,-6.89703647433,0.149654075785,7.54360710401,8.60453194631,7.06360008138
1210,100.0,70.0,0.0,80.0,34.0740012597,0.380703579598,-7.56856620551,7.79774827902,8.04383067681,8.54000517716
679,30.0,30.0,100.0,0.0,60.2546875883,1.0887340258,34.848780299,27.6658765083,28.4070195865,9.30432994561
33,30.0,55.0,0.0,0.0,57.0151050049,16.1471854325,-13.0954971181,27.9423160837,24.9381466597,27.6891598861
1257,100.0,40.0,100.0,80.0,35.387922769,-7.85197862939,3.10440397484,7.52306478484,8.6937915022,6.44537553653
1418,3.0,0.0,0.0,3.0,83.2095540004,-1.73687669575,4.04692811484,59.5928422085,62.5585284093,48.0396521009
1471,3.0,40.0,0.0,40.0,54.1215561761,15.0518632781,1.35683661447,24.6439442996,22.0892346784,17.6191484577
1416,0.0,3.0,3.0,0.0,84.9786669026,0.971406084557,6.53146938562,64.0368133418,65.9652072339,48.5294475104
1473,3.0,0.0,3.0,40.0,63.9594881418,-0.0988235341019,6.29416893523,31.5553232944,32.7518659889,23.4887611705
1474,40.0,0.0,3.0,40.0,54.9181733972,-9.05811177767,-4.63936546774,20.1334230341,22.85065513,21.0827806487
1450,0.0,40.0,0.0,3.0,68.0731109282,25.5639417417,-0.478600279176,45.042334825,38.0712718536,31.7249612982
1402,40.0,27.0,27.0,100.0,35.1014204885,0.649956905442,2.94715650448,8.31714082884,8.54918962511,6.36952017262
1451,3.0,40.0,0.0,3.0,67.2731839965,23.5642852266,-1.47669221442,43.1713834742,36.9948732516,31.4762168152
1478,0.0,40.0,3.0,40.0,53.972300367,16.1159747314,2.80296723474,24.7421144346,21.9484819296,16.8766169481
1479,3.0,40.0,3.0,40.0,53.1857192806,15.0893618609,2.18975751145,23.7244771126,21.2165816725,16.559408394
238,100.0,30.0,20.0,0.0,48.2298061008,-15.9359772756,-20.0207356857,13.7026799535,16.9760194904,23.0601167063
114,30.0,55.0,10.0,0.0,54.8874203128,16.5215708172,-8.5676293883,25.7723634742,22.8209410214,23.0736308602
607,40.0,30.0,85.0,0.0,56.552682679,-4.76984456523,22.6575567398,22.5305319439,24.4673231788,11.0851660559
726,100.0,55.0,100.0,0.0,42.2692124052,-14.0274056609,1.98917408248,10.2867018646,12.6748689093,9.849105643
571,0.0,30.0,85.0,0.0,70.7631045607,19.2937231793,47.2648540272,46.9225221607,41.8438159328,11.0506035625
797,100.0,10.0,10.0,20.0,48.971885694,-19.5890623672,-19.2257274649,13.6312023686,17.5712414716,23.3173631049
885,10.0,100.0,70.0,20.0,46.2812020634,34.665555969,12.6891472211,21.4852168591,15.4773637902,8.75713678273
10,10.0,0.0,0.0,0.0,81.8625516401,-5.54609593301,-0.0851877480753,55.647027317,60.0448325527,49.6183458781
296,55.0,85.0,30.0,0.0,44.0119402612,14.3506662874,-8.31317471224,15.6999063964,13.8464689822,14.4057237999
38,40.0,10.0,0.0,0.0,68.0219649799,-9.92575484252,-15.4217155507,33.71385459,38.0018320429,42.4732335492
259,10.0,70.0,30.0,0.0,55.0712533074,30.7621878879,6.72203381128,29.5522899535,22.9989471135,16.0217174246
496,10.0,0.0,70.0,0.0,77.6930863035,-8.28064449919,44.4050061694,47.7492452784,52.6924834261,16.5758885974
701,55.0,85.0,100.0,0.0,42.472064946,10.6885668415,6.45154699853,13.9893045395,12.8077052999,8.66593402358
524,40.0,10.0,70.0,0.0,63.4029709698,-16.2547187697,22.8383334889,26.7270406593,32.0727566917,15.3058440065
664,10.0,70.0,100.0,0.0,53.9630155974,32.3342389785,26.6106794963,28.7174194102,21.9397459202,8.57064243098
499,10.0,30.0,70.0,0.0,66.4558897772,11.205303536,31.2837014969,38.0140172127,35.916257769,14.0604032709
278,30.0,85.0,30.0,0.0,47.9820228063,26.4799660629,-2.57018523776,21.3040337123,16.7803081236,14.8359853818
535,55.0,30.0,70.0,0.0,54.3464435949,-9.83475986313,11.6316824657,19.4806558452,22.3024447043,13.5990251551
314,85.0,85.0,30.0,0.0,41.2170297569,4.07165574718,-14.3991360485,12.1547629915,12.0005723437,14.9012038879
661,10.0,30.0,100.0,0.0,66.8325156598,12.3662296549,46.1886875523,38.8867127394,36.4106629233,9.30466956554
35,30.0,85.0,0.0,0.0,49.8805337596,28.2109755168,-11.0624790288,23.4698546395,18.3188142808,19.9752284573
697,55.0,30.0,100.0,0.0,53.6260798982,-11.2722277437,21.1534550148,18.589728745,21.6242903842,9.97461293454
71,85.0,85.0,0.0,0.0,41.608496255,7.16208084774,-22.354985576,12.8630278537,12.2485773607,18.5813131365
1455,0.0,40.0,3.0,3.0,66.6712092386,23.2811979846,0.126140687014,42.2042748986,36.1983606549,29.7882087206
1461,0.0,3.0,40.0,3.0,82.095412278,0.0538546993401,33.3256088269,58.3375623821,60.4744772139,25.8321565769
1448,40.0,0.0,0.0,3.0,71.2318295525,-15.0539857945,-11.286340076,36.2764103458,42.5256515193,43.5949963896
1449,40.0,3.0,0.0,3.0,69.9034833321,-13.2892606159,-11.674964992,35.0952085573,40.6123720391,42.0748238363
1464,0.0,40.0,40.0,3.0,65.8051179709,24.1564881976,20.2885387173,41.2582701854,35.0725592956,18.16067087
1465,3.0,40.0,40.0,3.0,66.5669429489,21.6552567401,20.3687225945,41.5158704421,36.0615714163,18.7228157425
1419,0.0,3.0,0.0,3.0,83.2916850911,0.886918466624,5.40445443831,60.8516145238,62.7140251731,46.9979736531
1467,3.0,0.0,0.0,40.0,64.6505473403,-0.181110663375,5.8232239237,32.3578196724,33.6084117773,24.3904418627
1468,0.0,3.0,0.0,40.0,63.7482392991,1.69116224604,5.99851048472,31.7975633226,32.4929649774,23.4520581177
1469,3.0,3.0,0.0,40.0,63.5335264763,1.05759779687,6.63347162264,31.3689662287,32.2312204178,22.9183657677
945,100.0,100.0,100.0,20.0,35.7663464638,-0.824119471281,-2.26670554967,8.47535249724,8.88727413093,7.90593438873
754,70.0,0.0,0.0,20.0,55.3133738338,-17.3891593287,-16.9585453706,18.813801431,23.234802353,28.2481401842
933,40.0,100.0,100.0,20.0,41.0334836578,18.1020955673,8.11432038861,14.1839266817,11.8854527764,7.57385488056
742,20.0,0.0,0.0,20.0,68.8381281842,-6.69744636478,-2.29224193688,35.6883109444,39.1200378363,33.8195218827
915,0.0,100.0,100.0,20.0,46.7764662875,39.6463179309,20.8431676445,23.0340671942,15.8495387738,6.88392029156
884,10.0,70.0,70.0,20.0,49.644573265,25.4149508228,16.6997010394,22.6203015951,18.1226841188,9.26272943336
833,100.0,10.0,20.0,20.0,48.1481797713,-20.2589452061,-14.5106586989,12.9792705902,16.9113798789,20.1978518487
1259,100.0,100.0,100.0,80.0,32.8786144865,-0.546543910912,-0.460874485461,7.15827952336,7.4813968593,6.27476542484
1200,40.0,0.0,0.0,80.0,41.6527753077,-3.86731161173,-0.354138330383,11.2943558973,12.2768425859,10.2383328943
674,20.0,85.0,100.0,0.0,48.834604514,32.0687286608,19.0161964365,23.3234307395,17.4600961272,8.23394664241
65,85.0,10.0,0.0,0.0,56.6563849876,-19.2970943397,-28.841111025,19.5792885205,24.5723894375,37.7500683917
1243,100.0,100.0,70.0,80.0,33.7847341528,0.413659559113,-1.82380175725,7.66714988248,7.90523180778,6.94731095149
1216,40.0,0.0,40.0,80.0,41.3580802353,-5.87989682502,6.10021229547,10.8457460595,12.0895421499,8.24071859058
512,20.0,85.0,70.0,0.0,49.0755482631,30.6218256271,11.9714364706,23.231833585,17.6554804187,10.3844480137
308,85.0,10.0,30.0,0.0,55.7468696261,-24.1124378394,-12.1037910481,17.8846576222,23.6610985231,25.8326576438
1224,100.0,0.0,40.0,80.0,37.2906551798,-10.7825262012,-1.12833903708,8.09371739955,9.69570093995,8.29833287584
521,30.0,85.0,70.0,0.0,47.3032618354,26.1168224137,8.29738420482,20.6161669593,16.2519058584,10.5778464481
272,30.0,10.0,30.0,0.0,69.8892297693,-8.83959170104,7.16722224627,36.4054067601,40.592159531,28.8612582302
557,85.0,85.0,70.0,0.0,40.1457240238,1.78647077344,-4.69727304596,11.178118811,11.3390349051,10.785003757
1208,100.0,0.0,0.0,80.0,37.4599470762,-7.93067402131,-6.85662438413,8.4974971467,9.78839768774,10.0162580564
683,30.0,85.0,100.0,0.0,47.2277194166,24.8187364703,15.662365504,20.2820963418,16.1937930337,8.39025504351
29,30.0,10.0,0.0,0.0,71.7093849115,-6.93962849532,-11.3276953033,39.4308820545,43.227908996,44.2982059426
719,85.0,85.0,100.0,0.0,39.920658812,0.236578398502,1.03961039706,10.8350580906,11.2032201484,8.94802168015
730,0.0,0.0,0.0,20.0,73.1384597549,-0.276760160898,5.23754326143,43.6609112051,45.3754984633,33.7407596936
927,20.0,100.0,100.0,20.0,43.8744284336,29.0186873892,13.9844807372,18.2553958121,13.7515031996,7.33169130184
748,40.0,0.0,0.0,20.0,63.3873506923,-11.9837273604,-7.53968070663,27.7743407761,32.0538322055,31.0635247612
939,70.0,100.0,100.0,20.0,38.0642921996,7.29465612776,1.33569769756,10.7084429069,10.1241272995,7.99948665679
760,100.0,0.0,0.0,20.0,51.5485602002,-20.9312038419,-21.7471241858,15.2224113045,19.7457812606,27.2294533444
879,0.0,100.0,70.0,20.0,47.8584590285,41.0833102033,16.6857642881,24.4198579602,16.683276029,8.40754606727
778,20.0,0.0,10.0,20.0,68.6031979904,-7.39274083335,4.06838577279,35.1813519649,38.7959482363,29.4062968346
897,40.0,100.0,70.0,20.0,41.1913473771,19.8540603647,4.98299080526,14.5797053297,11.9844199007,8.46376562167
790,70.0,0.0,10.0,20.0,55.159852527,-18.5686277508,-12.2133913952,18.4577227594,23.0850675896,25.3210575245
909,100.0,100.0,70.0,20.0,35.9819000715,0.475805715811,-6.67484255078,8.73286055873,8.99875612987,9.2104693029
802,0.0,0.0,20.0,20.0,72.8728953401,-1.23240293409,16.5696836589,42.9482932561,44.9711526878,26.3231581107
855,20.0,100.0,40.0,20.0,44.2116634262,29.2695402115,4.27071558248,18.5824673074,13.9851751006,10.1728963068
820,40.0,0.0,20.0,20.0,61.5099090828,-13.9630794125,0.173315008918,25.3095748706,29.8330540354,24.5197431459
867,70.0,100.0,40.0,20.0,38.4772051107,10.0967854426,-7.0647248224,11.3326670233,10.3578707604,10.6234669982
832,100.0,0.0,20.0,20.0,50.0052694942,-23.3229677221,-14.4702882126,13.7446109493,18.4230638843,21.7680469941
808,10.0,0.0,20.0,20.0,70.8735739561,-4.74854477546,12.3519351683,38.9826644195,42.0038499365,26.7709945036
809,10.0,10.0,20.0,20.0,66.9309626838,0.289470484504,9.85434513556,35.321652616,36.5406402623,24.3359069349
662,10.0,40.0,100.0,0.0,62.7279903749,17.2462747195,39.0478912906,34.9793360834,31.2617675433,9.32317884477
40,40.0,30.0,0.0,0.0,60.9996676351,1.15081857773,-16.1873362251,28.4978849463,29.2477582267,34.0800455745
1254,70.0,70.0,100.0,80.0,34.8315633893,1.1315638484,3.18127191015,8.24039748637,8.41446355775,6.21387193326
1197,0.0,40.0,0.0,80.0,41.550198194,9.56000582336,3.67489606792,13.1900070605,12.2114294059,8.99715947925
500,10.0,40.0,70.0,0.0,63.1082543536,16.6466033189,26.9810761069,35.2861035469,31.7169513495,13.5088830164
283,40.0,30.0,30.0,0.0,59.4281486114,-2.95589492496,-1.97591787835,25.7950894153,27.4932686949,23.7346112701
1238,70.0,70.0,70.0,80.0,35.749093189,1.48962162059,1.29906434972,8.73406683644,8.87839093782,7.01025920158
1213,0.0,40.0,40.0,80.0,41.9116249804,9.45062014693,9.58454775826,13.4137448035,12.4429479976,7.58489355757
494,0.0,85.0,70.0,0.0,54.616552777,45.9246500706,21.9299470317,33.1622668988,22.5603364372,10.2590548988
1220,70.0,0.0,40.0,80.0,39.0691093156,-8.70253746091,1.80048076731,9.22349207728,10.6991724898,8.33518570525
530,40.0,85.0,70.0,0.0,45.6957424038,19.8250345784,5.99070379347,18.0003741784,15.044980047,10.4322269624
245,0.0,10.0,30.0,0.0,80.3498314784,6.30074570327,22.4020615589,57.8105899054,57.3032046697,30.6165025036
656,0.0,85.0,100.0,0.0,54.7443696242,46.7783258646,28.9043334596,33.5627770972,22.6830617806,8.31438655984
1204,70.0,0.0,0.0,80.0,39.2185498284,-6.5370601756,-4.09888316528,9.56767610763,10.7865117981,10.0997307418
692,40.0,85.0,100.0,0.0,44.8530315884,18.3218045778,11.5121297982,17.0472005563,14.4368581375,8.4053492292
2,0.0,10.0,0.0,0.0,81.1573233471,7.1659771106,3.20200000991,59.6167860782,58.7560588565,45.7526208671
942,100.0,20.0,100.0,20.0,44.8702845582,-20.8560288717,9.09729519356,10.867691972,14.4491409752,9.0827084388
758,70.0,70.0,0.0,20.0,43.1995533703,7.39174338286,-13.8376655259,13.9635863027,13.2917242537,16.0596181527
930,40.0,20.0,100.0,20.0,54.1464469957,-7.47008078261,26.0281320123,19.7815150856,22.1127658594,8.81881229241
746,20.0,70.0,0.0,20.0,49.8515430061,23.8843018797,-3.91394463215,22.4800716662,18.2946413181,16.7105272293
912,0.0,20.0,100.0,20.0,64.0051452104,9.57854616931,43.9260384835,34.3467317562,32.8080022239,8.57027530385
157,100.0,30.0,10.0,0.0,50.1402387528,-15.0564117533,-22.5605277681,15.1893864901,18.5363109924,26.2861787518
599,30.0,40.0,85.0,0.0,57.4269631894,6.07718887976,24.18329038,25.8930443301,25.362539305,11.07920858
121,40.0,30.0,10.0,0.0,61.7567095698,-0.398594124692,-8.70701973925,28.9400628823,30.1189380447,30.014613091
635,85.0,40.0,85.0,0.0,46.3818401155,-13.5251690443,5.34743805911,12.846043591,15.55251311,11.012014961
85,0.0,30.0,10.0,0.0,70.7170111997,17.7765027684,5.94817816891,46.3110111634,41.7771621058,30.5179148872
870,100.0,20.0,40.0,20.0,45.9443586541,-18.6466665443,-6.51707311584,11.8173009898,15.2275948991,15.0076322131
830,70.0,70.0,20.0,20.0,42.0777451263,5.10835574336,-10.5325808827,12.8583307136,12.5503336541,13.9787716233
858,40.0,20.0,40.0,20.0,55.6199630418,-6.39507823283,5.80547966917,21.3139968038,23.53576451,16.8072310404
818,20.0,70.0,20.0,20.0,49.4008830277,21.4665808738,-0.468957545546,21.5379792396,17.9216036626,14.9724612138
840,0.0,20.0,40.0,20.0,66.3129096828,9.21840569025,20.6972314868,37.2099928304,35.7297431236,18.372101048
883,10.0,40.0,70.0,20.0,57.2200850818,13.3801469296,23.3041209001,27.4678322218,25.148768314,11.249641199
761,100.0,10.0,0.0,20.0,49.7052009155,-17.0612660363,-22.6754348968,14.5439900226,18.1729434524,25.9211950996
715,85.0,30.0,100.0,0.0,49.0801796469,-19.5314482733,11.4785776662,13.713700895,17.6592502736,10.5409022611
24,20.0,55.0,0.0,0.0,58.6782339228,21.1099861748,-9.80151265908,31.1299544461,26.6813714143,27.4350191977
678,30.0,20.0,100.0,0.0,63.2092804203,-4.87750067292,37.5097479294,29.404736412,31.8386200407,10.0250693363
69,85.0,55.0,0.0,0.0,47.2085829587,-1.37499136691,-25.4855208141,15.366410745,16.1790938768,25.0758055865
553,85.0,30.0,70.0,0.0,50.0516020351,-18.2795940022,2.37302765489,14.5890832107,18.4618874519,14.3004370221
267,20.0,55.0,30.0,0.0,58.096887376,19.6623053636,2.5578046064,30.065880844,26.0630913702,20.2387951163
516,30.0,20.0,70.0,0.0,63.9323227136,-5.59363844636,23.4970289697,30.0384330774,32.718495982,15.4083144304
312,85.0,55.0,30.0,0.0,46.8774938357,-4.38108150039,-14.4409188877,14.6247619956,15.9261830212,19.1226753527
303,70.0,55.0,30.0,0.0,48.1314094586,-1.10894255905,-11.7782205147,16.0994612473,16.8981198772,18.8897780886
508,20.0,30.0,70.0,0.0,64.3839766569,5.43155002733,25.8253227485,33.6209987222,33.2762588643,14.7901867644
1218,40.0,70.0,40.0,80.0,36.4985237886,6.88357548607,2.23687720298,9.77957519005,9.2697347498,7.09534973704
544,70.0,30.0,70.0,0.0,52.4354336653,-14.1877002594,6.70688630197,17.0787964024,20.5337893921,14.2145046917
60,70.0,55.0,0.0,0.0,50.5598405025,3.42076449556,-22.3845162907,18.8762596506,18.8913437275,26.6034920891
670,20.0,30.0,100.0,0.0,64.1715305911,6.26573457208,38.8345943707,33.5976362619,33.0131189941,10.1268809438
1202,40.0,70.0,0.0,80.0,36.3720257142,7.90639990762,-1.68244189696,9.83978925667,9.20288827518,8.02574969772
706,70.0,30.0,100.0,0.0,51.2934350904,-13.7326040535,16.6543957823,16.2765435505,19.5228908629,10.1197257004
733,0.0,40.0,0.0,20.0,61.8961684067,20.2777881745,2.56999960412,34.8165792017,30.2812863505,23.578169133
925,20.0,40.0,100.0,20.0,53.2769954878,7.57621154633,25.3464302183,22.1435615663,21.300665143,8.59293888197
751,40.0,40.0,0.0,20.0,54.0325669735,5.48920960883,-9.09585526384,22.3983299778,22.0052429677,22.5767385807
937,70.0,40.0,100.0,20.0,45.7933377096,-7.90958543389,12.2971777743,13.3163280645,15.1164911417,8.63310761423
763,100.0,40.0,0.0,20.0,44.845671834,-7.4808145086,-20.148598908,12.7591527902,14.4316206558,20.1707232829
877,0.0,40.0,70.0,20.0,60.2088336388,18.7327785647,28.1626084948,32.2932044366,28.3558047314,11.3464810427
781,20.0,40.0,10.0,20.0,57.0153909349,11.5691036405,-0.379031218445,26.7987143248,24.9384396371,20.7632424124
895,40.0,40.0,70.0,20.0,51.1365916309,1.62062329041,13.3090752777,19.0103579308,19.3867004691,11.0885406855
793,70.0,40.0,10.0,20.0,48.3387436872,-3.37257998305,-13.3602025453,15.8603284218,17.062543102,19.8024008761
907,100.0,40.0,70.0,20.0,43.6508161077,-13.2356910072,-0.824859299885,11.1899516028,13.5980051636,11.4919060479
242,100.0,85.0,20.0,0.0,41.3597298325,2.15452307508,-16.9684544416,11.9663599934,12.0905852522,16.0424484334
110,30.0,10.0,10.0,0.0,71.3914040776,-6.67330063582,-2.85406462601,39.0799430558,42.7594571841,37.3241074624
611,40.0,85.0,85.0,0.0,46.5564890148,19.194336316,8.25421563877,18.5886068898,15.6835051238,10.1910887232
722,100.0,10.0,100.0,0.0,51.3987994519,-31.5225649625,13.980496128,13.4012925013,19.6147381303,11.0174692622
575,0.0,85.0,85.0,0.0,54.9553547526,45.0710113376,25.2463221935,33.3348720998,22.8866147639,9.43950425433
845,10.0,10.0,40.0,20.0,66.6125631525,-0.38325228347,18.9553302156,34.7193443702,36.121379082,19.4182544729
812,10.0,70.0,20.0,20.0,51.2035961169,26.7740319437,2.74247059224,24.445206219,19.4448040788,14.9315191853
658,10.0,0.0,100.0,0.0,77.5710696576,-7.45987574571,59.253882885,47.8560937379,52.4868869084,10.9694329393
539,55.0,85.0,70.0,0.0,44.7226061579,13.7375330501,1.6843976189,16.126379303,14.3442300166,11.2733770815
686,40.0,10.0,100.0,0.0,64.5950921812,-14.7199240554,37.7994142274,28.4021850627,33.5391322004,10.6761607688
502,10.0,70.0,70.0,0.0,55.3723456014,30.1440956736,19.5626703249,29.7314139661,23.2924912831,11.432815223
253,10.0,0.0,30.0,0.0,80.7729351444,-7.26242219512,19.7419062525,53.1146249823,58.0614360036,32.8342980308
53,55.0,85.0,0.0,0.0,45.7478699278,17.3813952166,-17.0193993942,17.5842910429,15.0831473666,19.4187831488
281,40.0,10.0,30.0,0.0,66.505906543,-13.1845838943,1.56533586371,30.9791945228,35.9816565523,28.7192948185
16,10.0,70.0,0.0,0.0,57.7442492677,34.3975797005,-4.6490768769,33.7204120806,25.692745123,23.610720733
490,0.0,30.0,70.0,0.0,70.9986516852,18.78887135,36.8266318037,47.1054648339,42.1855385811,14.9494420448
285,40.0,55.0,30.0,0.0,53.8477329817,10.5800447415,-4.29410365612,23.3503100104,21.8314698867,20.0096813636
1237,70.0,40.0,70.0,80.0,36.786545372,-2.53215247921,3.20260903971,8.78668278038,9.42314238887,6.98282744766
249,0.0,55.0,30.0,0.0,63.2964087004,33.2878584723,12.2363859292,40.7081521542,31.943800773,19.8945486416
652,0.0,30.0,100.0,0.0,70.3372747062,18.9248450985,49.9538572593,46.1379133243,41.2307314605,9.97824527229
42,40.0,55.0,0.0,0.0,55.8072859679,13.8023631047,-15.0865217838,26.0725747173,23.7209222251,27.6345549098
1253,70.0,40.0,100.0,80.0,37.5709607933,-3.70768637778,6.13730320217,9.04762349916,9.84950349903,6.61211080781
6,0.0,55.0,0.0,0.0,64.5678654435,34.0854789966,-0.68043616696,42.7866439821,33.5051529835,28.0535010552
639,85.0,100.0,85.0,0.0,39.2544975902,7.40458040662,-1.61060663469,11.4242812701,10.8075918578,9.37736503596
109,30.0,0.0,10.0,0.0,74.1830132071,-13.2218281455,-2.93186569521,40.8435315684,46.9894387837,41.0060148896
619,55.0,70.0,85.0,0.0,46.5022171867,8.65126538849,7.75692840034,16.5845410292,15.6427211408,10.3155140527
145,85.0,0.0,10.0,0.0,60.8550766292,-23.3268053365,-18.5212527686,22.5278632893,29.083301937,35.531106957
583,10.0,70.0,85.0,0.0,55.1604458393,32.6687807594,22.7535539271,30.1589289247,23.0856450262,10.2942865196
798,100.0,20.0,10.0,20.0,48.3291775687,-14.2340582936,-16.6840542617,14.0410526894,17.0549334705,21.4256786457
902,70.0,70.0,70.0,20.0,41.8261622393,4.31866220787,1.06744837447,12.5773902917,12.3879414305,9.89654316137
786,40.0,20.0,10.0,20.0,58.1710771585,-1.866111983,-4.01657207982,24.7692452403,26.1414570816,23.6663390072
890,20.0,70.0,70.0,20.0,48.6151756883,21.4369595342,13.549800079,20.818508847,17.2834174962,9.66444851863
768,0.0,20.0,10.0,20.0,67.0932015442,11.1727309648,8.40906447266,38.8646569389,36.7555147856,25.294198253
872,100.0,70.0,40.0,20.0,41.0052263029,-2.72611638111,-9.9853805585,11.0673671009,11.8677955127,13.0902060719
828,70.0,20.0,20.0,20.0,51.8362045306,-9.3484168216,-7.99248892447,17.4938402821,19.9991093552,20.1206983996
860,40.0,70.0,40.0,20.0,46.043073871,14.3592187534,1.01992436868,17.2607495607,15.3005115688,12.2668451445
816,20.0,20.0,20.0,20.0,62.3147855002,2.35392593796,5.34668628883,30.2985174575,30.772113144,22.4918941839
842,0.0,70.0,40.0,20.0,53.0030971604,30.5970159349,11.1575894798,27.2281226431,21.0490153557,12.9251517363
868,100.0,0.0,40.0,20.0,52.0098222408,-25.0537758083,-4.37399738677,14.8645517586,20.1530578467,18.5594842802
831,70.0,100.0,20.0,20.0,40.2139956687,12.561590976,-9.4560222238,12.7709173617,11.3804490797,12.4153400008
856,40.0,0.0,40.0,20.0,61.9993579685,-14.1506504875,9.68809217258,25.7682063891,30.40178729,20.0445144061
819,20.0,100.0,20.0,20.0,45.1322319651,28.8714259743,-0.880628144427,19.2801070029,14.636484913,12.3818706594
838,0.0,0.0,40.0,20.0,73.1366738035,-1.23016342368,25.4044002147,43.3338481958,45.3727711285,21.7716328881
801,100.0,100.0,10.0,20.0,38.6006299837,5.32361089802,-15.1180777372,10.754056833,10.4284315106,13.4514149223
898,70.0,0.0,70.0,20.0,55.0531222687,-21.8953531593,12.3729383566,17.739560575,22.9813497696,13.777323746
789,40.0,100.0,10.0,20.0,43.3931423519,22.3639256552,-6.85936920001,16.6403367346,13.4225472822,13.452982444
886,20.0,0.0,70.0,20.0,65.63641809,-9.78332091617,29.2414424072,30.8852426817,34.8560247981,14.3011902504
771,0.0,100.0,10.0,20.0,49.1235444948,40.2608841939,3.85096807383,25.5080086121,17.6945744425,13.1485988052
299,70.0,10.0,30.0,0.0,60.1297117889,-19.9440073725,-6.84471876985,22.5841429455,28.2675773526,27.1660737687
1235,40.0,100.0,70.0,80.0,36.1024814116,10.4039985742,3.98188718072,10.0095187464,9.06152419303,6.52588741421
263,20.0,10.0,30.0,0.0,72.583818863,-4.33419958086,10.6777980659,41.4978459781,44.5337461147,29.5644331508
548,70.0,85.0,70.0,0.0,42.8899990855,8.83038429536,-0.752543230534,13.980242378,13.0843054793,11.0377526471
56,70.0,10.0,0.0,0.0,62.9085161077,-15.9848545596,-22.3819605215,26.2718279182,31.4773136611,41.0147955481
1251,40.0,100.0,100.0,80.0,36.3508959031,10.8266396062,6.10235352071,10.2015748415,9.19175388553,6.14755364979
20,20.0,10.0,0.0,0.0,74.5425467674,-2.08687226129,-5.76028887101,45.1241280207,47.5536821505,43.7424451685
710,70.0,85.0,100.0,0.0,43.5599375588,7.43111688749,4.60441577144,14.2192484468,13.5359497562,9.73259299056
735,0.0,100.0,0.0,20.0,49.271196698,40.8451558994,1.45392588366,25.8001546013,17.8152022867,14.1370035763
922,20.0,0.0,100.0,20.0,65.0356736291,-9.05625147436,40.8747347258,30.3835750848,34.0921799614,9.95962203063
753,40.0,100.0,0.0,20.0,43.3981080204,22.571385452,-7.48858548586,16.6814135109,13.425914211,13.6899425781
934,70.0,0.0,100.0,20.0,54.6353980158,-22.4159450069,22.7695993972,17.3087042217,22.5784030965,10.0121994635
765,100.0,100.0,0.0,20.0,39.279362663,6.04116665708,-18.502043106,11.2498510087,10.8221889957,15.2046017687
874,0.0,0.0,70.0,20.0,70.7499049542,0.804831517729,38.5382589119,40.592387306,41.8247212536,14.117129896
783,20.0,100.0,10.0,20.0,45.5753834415,30.9737356698,-1.4379001279,20.0848365205,14.9571003414,12.8494442377
892,40.0,0.0,70.0,20.0,60.5738684805,-12.785046745,22.5776167114,24.6380686514,28.7652263909,13.5214170809
795,70.0,100.0,10.0,20.0,39.9052939317,13.7604478216,-11.4304160378,12.7511214446,11.1939880231,12.9271609235
904,100.0,0.0,70.0,20.0,50.0109739752,-25.6957942691,4.86532586396,13.3772091473,18.4278409166,13.3370949019
807,0.0,100.0,20.0,20.0,48.4234755088,40.1671554412,6.01979376884,24.773393662,17.1300441954,11.9583493837
850,20.0,0.0,40.0,20.0,66.312656723,-6.21298454156,17.3020181559,32.6752280929,35.7294137162,19.9592473457
825,40.0,100.0,20.0,20.0,42.1538515599,22.507643952,-4.59959936325,15.7254476391,12.599737088,11.8934807824
862,70.0,0.0,40.0,20.0,56.5177006615,-20.1745344078,1.80195982613,19.2859110998,24.4319487305,19.2998141951
837,100.0,100.0,20.0,20.0,39.0517810109,5.47608297586,-13.5925476161,11.0376299429,10.6890757118,13.1771426087
804,0.0,20.0,20.0,20.0,67.736430973,9.64617782908,12.0636848665,39.25932855,37.6157193447,23.8886623199
854,20.0,70.0,40.0,20.0,50.3238474867,21.2099356386,5.13325076626,22.3404152706,18.6911132199,13.4370579823
822,40.0,20.0,20.0,20.0,59.3781377447,-3.76179406917,-1.16587277328,25.5505074811,27.4386186425,23.2545058493
866,70.0,70.0,40.0,20.0,43.7455279681,5.04267708914,-5.11043633519,13.9642679726,13.6628796319,13.0357715189
834,100.0,20.0,20.0,20.0,49.5376522763,-16.1334676151,-13.3742492939,14.5777225047,18.0342743312,20.8138804887
878,0.0,70.0,70.0,20.0,53.1355283105,30.5393943273,19.7928643687,27.3561200046,21.1704402797,10.1312036101
780,20.0,20.0,10.0,20.0,63.3475982935,2.06455489263,0.277481262143,31.4252499352,32.0057044333,26.247690967
896,40.0,70.0,70.0,20.0,46.7282934641,12.8213091765,7.09610530479,17.5221995974,15.8130793492,10.6440509254
792,70.0,20.0,10.0,20.0,53.3833374066,-9.92603524439,-12.4172803812,18.6476913051,21.3989069519,23.7450078189
908,100.0,70.0,70.0,20.0,40.7732129505,-2.6765401325,-3.30097535533,10.9379988056,11.7234774065,10.6850868634
1231,0.0,100.0,70.0,80.0,38.7335568824,18.7990599236,9.08972945029,12.7493226832,10.5047820906,6.39642414903
289,55.0,0.0,30.0,0.0,68.0362825393,-21.9361569292,0.028395274869,30.3979782211,38.0212621839,31.3530776568
538,55.0,70.0,70.0,0.0,48.6237802599,10.2927422734,4.02471539098,18.5903724117,17.2903231282,12.7755154909
1212,0.0,0.0,40.0,80.0,46.3663634036,0.526877617765,13.36964849,15.0743507303,15.5409404126,8.60990790355
1247,0.0,100.0,100.0,80.0,38.5897729879,19.7878326027,10.9848171437,12.804813169,10.4222118612,5.92622676973
46,55.0,0.0,0.0,0.0,70.7021657751,-17.9868509248,-16.3214097074,34.7263722193,41.7557097911,47.014811409
700,55.0,70.0,100.0,0.0,47.7312827689,8.63462508307,11.7748496298,17.5475567828,16.5837984965,9.73900657253
1196,0.0,0.0,0.0,80.0,47.1850428386,1.34344059814,5.79212302302,15.8157630261,16.1610243691,11.3186982189
495,0.0,100.0,70.0,0.0,53.0074604334,47.6695151302,17.2563094548,31.7097976285,21.0530085855,10.8558691079
241,100.0,70.0,20.0,0.0,44.8123335805,-1.16150870531,-18.1066430414,13.7096108382,14.4079117487,19.1717978093
491,0.0,40.0,70.0,0.0,68.6583566156,22.9866783698,32.8292693637,45.023301326,38.8718789348,14.9345350579
237,100.0,20.0,20.0,0.0,54.3925718093,-19.7391866556,-16.2894470392,17.6105495884,22.3463465695,26.9032029615
487,0.0,0.0,70.0,0.0,80.3222421604,-2.26408198288,47.3849117942,54.3114803338,57.2539932601,17.2440222327
162,100.0,100.0,10.0,0.0,39.803710815,6.79654464336,-20.2005790022,11.6715744576,11.1330784838,16.2717117696
622,70.0,0.0,85.0,0.0,59.6444603891,-26.7982778211,20.5118447522,20.6740864572,27.7304820948,13.6938751221
126,40.0,100.0,10.0,0.0,44.9574658634,26.8827782094,-7.4093813778,18.7427356601,14.5113141703,14.6884026216
586,20.0,0.0,85.0,0.0,73.0660082347,-11.928057446,42.7764747407,39.7053470215,45.2649450899,14.0239083246
90,0.0,100.0,10.0,0.0,52.7182355307,48.2553907607,2.66514849904,31.5280044211,20.7894036308,16.02170004
1175,0.0,100.0,100.0,60.0,40.354222891,24.1528165766,12.385151727,14.6933768259,11.4658281533,6.28431273293
1094,100.0,70.0,0.0,60.0,36.3380681012,1.67368284054,-9.78469059341,9.05565118979,9.18499863674,10.320844915
1173,0.0,40.0,100.0,60.0,46.2736751635,10.3671508682,20.1333551663,16.7156475015,15.4717529886,6.84686980852
1092,100.0,20.0,0.0,60.0,41.2188602667,-7.46402891102,-10.8420996286,10.5539446519,12.0017241617,13.5395908051
1171,0.0,0.0,100.0,60.0,53.7300341558,-0.428034900791,31.2182188452,20.8563880111,21.7212926128,7.27237980407
871,100.0,40.0,40.0,20.0,45.8823198705,-10.8497529269,-7.85846489515,12.9250299194,15.1818882846,15.5034521781
829,70.0,40.0,20.0,20.0,49.7867233632,-3.2875758931,-9.19517984925,16.984681722,18.2406705905,19.0155530468
859,40.0,40.0,40.0,20.0,53.8252831025,3.69281254715,3.48188038294,21.8153923784,21.8104259818,16.4791736601
817,20.0,40.0,20.0,20.0,57.3291810752,10.0435704154,1.41215812966,26.7561132903,25.2613488918,20.1525998552
841,0.0,40.0,40.0,20.0,61.7272893349,18.7829929336,15.502912187,34.1685670387,30.0847633345,17.1664396514
161,100.0,85.0,10.0,0.0,42.8779550825,3.7956194815,-20.5395362223,13.1836650603,13.0762792343,18.7528416871
595,30.0,0.0,85.0,0.0,72.456014114,-16.047073167,39.0963339973,37.5833452087,44.3412702209,15.0459436228
125,40.0,85.0,10.0,0.0,49.3193423102,23.8649439962,-9.53554687504,21.9768942387,17.8546541443,18.7998273508
631,85.0,0.0,85.0,0.0,58.9379907346,-31.8775745369,15.876765336,19.0355570657,26.9607621882,15.0111985946
89,0.0,85.0,10.0,0.0,57.3865350596,45.5248295745,3.68647077582,36.5486971181,25.3206693077,19.1187749452
311,85.0,40.0,30.0,0.0,52.1503486132,-8.01220226554,-12.1261181394,17.9974152711,20.2782408771,22.4648028028
1233,40.0,40.0,70.0,80.0,39.4086603592,2.06501699231,7.02748491975,10.7841518825,10.8983056238,7.15019441688
275,30.0,40.0,30.0,0.0,61.3924539234,9.48029185113,1.30997089788,31.1488894806,29.6976362948,23.7890406018
552,85.0,20.0,70.0,0.0,54.532871594,-20.541863331,5.70980907902,17.5737119189,22.4802288999,16.0565960843
68,85.0,40.0,0.0,0.0,53.5665293506,-4.61572095439,-23.8822774909,19.8529859958,21.5688526548,30.684444876
1249,40.0,40.0,100.0,80.0,40.0299967117,1.83953764638,10.5878873133,11.1169159501,11.2690634262,6.56371952333
32,30.0,40.0,0.0,0.0,62.6658733592,10.6619358804,-10.8015523605,33.0013958708,31.1878285566,32.3839845547
714,85.0,20.0,100.0,0.0,53.8558693627,-22.0904419563,16.2596159524,16.7560220367,21.8391000491,11.6624908945
181,20.0,0.0,20.0,0.0,79.4738554353,-10.1735641837,9.63568636426,49.8741428839,55.7544343708,38.3883097982
543,70.0,20.0,70.0,0.0,57.9829520651,-17.1824692603,10.041846923,21.1869013661,25.9430481621,16.7378075996
185,20.0,40.0,20.0,0.0,64.3729396276,13.2909209934,1.48799176079,35.9100254126,33.2625538711,26.5704393657
547,70.0,70.0,70.0,0.0,46.1477690521,4.28596510668,-0.169386234241,15.552262729,15.3780993336,12.7488103515
189,20.0,100.0,20.0,0.0,49.082798651,36.3403385669,-1.75631965096,24.5438173636,17.6613823287,15.2675122691
574,0.0,70.0,85.0,0.0,57.8797450263,35.5652486749,26.6692798784,34.2259666968,25.8346270317,10.5349266821
102,20.0,20.0,10.0,0.0,69.4174112708,2.54542217958,-1.28505517249,39.3053826952,39.9268683644,33.8137700589
610,40.0,70.0,85.0,0.0,49.3372726508,13.5931805331,11.13955781,19.8488198931,17.869361637,10.7884043395
138,70.0,20.0,10.0,0.0,57.7833314458,-11.4011675586,-15.8588338534,22.2405732774,25.7336158634,30.2049540741
646,100.0,70.0,85.0,0.0,43.0408095572,-5.66343214341,-2.77251131507,11.8842234439,13.1850853006,11.7924243629
1076,20.0,0.0,0.0,60.0,53.1453797193,-3.02562201892,1.33973069548,19.8075906561,21.1794915614,16.8927389154
1187,70.0,20.0,100.0,60.0,41.6924037698,-8.19388490237,9.82992794612,10.7284888742,12.3021759828,7.42883471957
1078,20.0,40.0,0.0,60.0,45.5588519246,7.86809744539,-0.359083230805,15.7318693269,14.9450567049,12.456817516
1189,70.0,70.0,100.0,60.0,37.7431011909,1.94517391047,3.94064744477,9.83329448311,9.94475761212,7.20247467914
1080,20.0,100.0,0.0,60.0,39.7243030544,19.4211741608,-0.225260310744,13.4981787746,11.0856195198,9.21128327158
806,0.0,70.0,20.0,20.0,54.4158542007,30.8211336134,6.1209444215,28.8307831402,22.3685271124,15.8032115502
852,20.0,20.0,40.0,20.0,62.998238631,0.953799892682,12.7394852357,30.7137521377,31.5848091495,19.4108254344
824,40.0,70.0,20.0,20.0,48.6772604659,14.4734217005,-4.48735785347,19.4551787382,17.3332851225,16.098729251
864,70.0,20.0,40.0,20.0,53.0915916217,-11.7448803861,-0.94363936531,18.0587830398,21.1301035065,17.8521610187
836,100.0,70.0,20.0,20.0,42.4017349875,0.0650199866762,-13.8901530196,12.3154413146,12.7615456997,15.5159120631
876,0.0,20.0,70.0,20.0,66.0260259504,8.01622227598,32.1329156349,36.4671178903,35.3574589286,13.4640403737
782,20.0,70.0,10.0,20.0,51.2574079566,22.1599507589,-2.90157833594,23.4436513633,19.4915515215,17.3202832837
894,40.0,20.0,70.0,20.0,57.6684640993,-6.2920298429,16.3636605615,23.2597513899,25.6136150741,13.9728262897
794,70.0,70.0,10.0,20.0,45.0403646277,6.89614830718,-12.1835131097,15.1843825401,14.5705984619,16.6996170025
906,100.0,20.0,70.0,20.0,48.3206176419,-18.4921353146,3.13304427958,13.364443534,17.0481261603,12.9076461763
498,10.0,20.0,70.0,0.0,70.9886919944,4.51144617948,32.1493567464,42.1509629393,42.1710519144,16.8732730689
293,55.0,40.0,30.0,0.0,56.8393516371,-0.683863471358,-5.98406236011,23.7188414519,24.7584952749,23.4899040753
534,55.0,20.0,70.0,0.0,60.5868027535,-12.0768996858,14.1974834402,24.8164597433,28.7798052602,16.8808271475
1214,0.0,70.0,40.0,80.0,40.5373718252,15.1176956605,7.75457978727,13.3739530873,11.5779822879,7.44971715389
660,10.0,20.0,100.0,0.0,71.843410989,6.22413510837,47.0747834679,43.9751098348,43.4263777707,11.7290565188
50,55.0,40.0,0.0,0.0,59.0334556474,2.86711845556,-17.2167817843,26.7978691053,27.0639309682,32.4852278291
696,55.0,20.0,100.0,0.0,60.6382124529,-15.1097432873,27.8865700553,24.1641765977,28.8378004165,11.6849189657
1198,0.0,70.0,0.0,80.0,42.2726964099,13.7603077462,3.35142880738,14.3457008735,12.6771425942,9.4477437609
531,40.0,100.0,70.0,0.0,46.8021520712,25.7832488007,3.69751405854,20.10462575,15.8690018519,11.7975161333
205,40.0,70.0,20.0,0.0,52.0408217146,18.7095075389,-7.21026865503,23.4270542434,20.1806282315,19.9139586651
527,40.0,40.0,70.0,0.0,57.8243387845,3.12641677314,14.203413698,25.5960755756,25.7765464422,14.913363532
201,40.0,20.0,20.0,0.0,64.4636130455,-4.11055982162,-2.65877974805,31.0528101883,33.375257225,29.1519255699
523,40.0,0.0,70.0,0.0,69.28931699,-17.9566050613,27.4308107805,32.9818063655,39.7475113382,17.653366545
158,100.0,40.0,10.0,0.0,51.2247714619,-9.79721441457,-21.3955434674,16.9281765821,19.4631906032,26.6952313226
626,70.0,40.0,85.0,0.0,50.6117454431,-7.62688662034,9.32584490927,16.842697204,18.9355739536,12.1184748691
122,40.0,40.0,10.0,0.0,57.9145119432,5.58479909497,-8.93305821358,26.2824730926,25.8711165895,26.1573310154
590,20.0,40.0,85.0,0.0,60.1372602581,10.1973899058,27.2905104702,29.8879357514,28.2759866092,11.5951488905
86,0.0,40.0,10.0,0.0,67.8811773037,22.8283472612,4.48578265567,43.812697841,37.8111237028,28.3842147216
1185,40.0,100.0,100.0,60.0,37.4642868535,13.7389484097,6.02436845796,11.2324790738,9.79078169205,6.59579400124
1084,40.0,70.0,0.0,60.0,39.7295032174,10.6203303968,-3.51329630243,12.174689464,11.0887233222,10.1901208552
1183,40.0,40.0,100.0,60.0,42.4697151783,1.74435254436,12.2575918313,12.6071187723,12.8061612845,7.16173092029
1082,40.0,20.0,0.0,60.0,47.655640127,-0.594246101902,-3.14021360815,15.8315006144,16.5248186375,14.8388636623
1181,40.0,0.0,100.0,60.0,48.3757815131,-8.58238802501,21.0975856065,14.9992604306,17.0920272044,7.49251599105
472,85.0,30.0,55.0,0.0,52.917098741,-15.1883491827,-1.54519279602,17.2757949639,20.9704133638,17.9866274957
113,30.0,40.0,10.0,0.0,62.7997289762,9.92274086462,-6.1213164616,32.9554927401,31.3473045801,29.5207452027
615,55.0,20.0,85.0,0.0,60.3426126956,-13.6700134517,20.715537023,24.2022778535,28.5053966719,14.071069643
149,85.0,40.0,10.0,0.0,54.1315642842,-6.29753135665,-19.1477134296,20.0054158181,22.0986940949,28.3400421037
579,10.0,20.0,85.0,0.0,71.902313638,4.78814424852,40.5178825263,43.5711431148,43.5137939208,14.119909972
796,100.0,0.0,10.0,20.0,54.2696937495,-22.2268920547,-16.6911717243,17.0545578441,22.2295266324,27.0146776435
903,70.0,100.0,70.0,20.0,40.8517465158,11.7480459206,-1.66528628455,13.064071683,11.7721954862,10.2168144389
784,40.0,0.0,10.0,20.0,65.0141224876,-12.4028244831,-3.11577405004,29.471409121,34.0649871222,30.0303726845
891,20.0,100.0,70.0,20.0,45.1978076654,29.2920602588,8.53775341017,19.4195741281,14.6836365209,9.40606337823
766,0.0,0.0,10.0,20.0,75.4218581079,-0.540773255533,11.2306931583,47.0107512889,48.9526451663,32.3580048787
307,85.0,0.0,30.0,0.0,62.1895182757,-27.3899358265,-7.94392452281,22.9005284611,30.6246860133,30.0039725173
520,30.0,70.0,70.0,0.0,52.4859432217,21.1976025226,11.0468521102,24.4338357978,20.5792885527,12.6463247843
271,30.0,0.0,30.0,0.0,75.6641540404,-13.26545991,9.91624666397,42.9476961829,49.3428961471,33.5202782878
556,85.0,70.0,70.0,0.0,45.9660956045,-0.251612459523,-1.78121323883,14.6578648394,15.2436311119,13.2172203647
64,85.0,0.0,0.0,0.0,64.7773542105,-22.6727851465,-23.8833866081,26.6057228613,33.7671886966,44.7937772195
682,30.0,70.0,100.0,0.0,53.3731331614,20.8544739515,21.2361896393,25.2491997857,21.3894668936,9.81843514537
28,30.0,0.0,0.0,0.0,77.5428047674,-10.5963272405,-6.81627450356,46.6841085866,52.4393373394,48.989013801
718,85.0,70.0,100.0,0.0,49.3600745447,-10.2987431214,11.2075454611,15.4259949031,17.8880767204,10.7792646391
217,70.0,0.0,20.0,0.0,66.514520882,-23.5582739747,-8.52073914535,28.2577314625,35.992928129,35.3599839732
507,20.0,20.0,70.0,0.0,70.190512879,0.852379741717,29.3745069348,39.8291012906,41.0208284744,17.481300928
221,70.0,40.0,20.0,0.0,54.1019130996,-3.44546142215,-11.9201780075,20.562892171,22.070676377,24.147458483
511,20.0,70.0,70.0,0.0,54.0007978991,25.7600140894,14.1524244333,27.0947253567,21.9753096459,12.472113598
225,70.0,100.0,20.0,0.0,42.4043592077,18.0144232666,-11.2418438994,15.1432841178,12.7632660567,14.4664997937
570,0.0,20.0,85.0,0.0,72.7929083711,10.4476702981,43.8114796826,46.8878469547,44.8498377569,13.4597812418
106,20.0,70.0,10.0,0.0,54.609302224,26.4158308327,-4.53592318371,27.916685868,22.5533880046,20.7674176932
606,40.0,20.0,85.0,0.0,61.5419347419,-7.63849704321,24.7391931845,26.8735309975,29.8700487131,13.3397024098
142,70.0,70.0,10.0,0.0,47.3207205455,9.16815890673,-15.3934771429,17.318891195,16.2653561404,19.9356055606
642,100.0,20.0,85.0,0.0,51.4588051217,-24.5064685176,6.26948985067,14.562594365,19.6671742437,13.7422073953
1086,70.0,0.0,0.0,60.0,46.7236843436,-8.72336038583,-6.00492761924,13.8165439135,15.8095938869,15.3404381603
1177,20.0,20.0,100.0,60.0,47.6749883208,1.02811572481,20.2859154828,16.1292540322,16.5398914221,7.39378773811
1088,70.0,40.0,0.0,60.0,40.9806368548,-0.0191549227577,-7.21331429051,11.4265870421,11.8524444633,12.0956811812
1179,20.0,70.0,100.0,60.0,41.932478287,13.4867005226,12.1980064566,14.0648909996,12.4563945235,6.95350084908
1090,70.0,100.0,0.0,60.0,36.976422253,10.2184041873,-6.82185003973,10.4741954799,9.52519570187,9.75504841284
1441,3.0,40.0,3.0,0.0,69.4318242568,24.0291160338,0.158957403243,46.564465494,39.9470830662,32.8539273856
1442,40.0,40.0,3.0,0.0,60.811505144,6.84583445653,-12.8614844571,29.7700866102,29.0338653441,31.6353069687
1445,3.0,3.0,40.0,0.0,82.819752822,-1.85965664762,28.603680729,58.8392037825,61.8240315573,29.3913720408
1452,40.0,40.0,0.0,3.0,60.5196200346,6.88632065255,-13.1790260508,29.4494393247,28.7041338689,31.5141581758
1475,0.0,3.0,3.0,40.0,66.1868396028,1.16333907108,6.41406947123,34.6349562229,35.5658238995,25.538234076
1460,40.0,0.0,40.0,3.0,69.0844996384,-19.5405236526,10.7161756592,32.2887065807,39.4618444159,25.9331928859
1439,40.0,3.0,3.0,0.0,73.6165899854,-13.07340503,-10.0798618895,40.0998333252,46.1095916164,45.9874201658
1470,40.0,3.0,0.0,40.0,58.3844673255,-7.36500593459,-4.47308603728,23.7140353667,26.3677337254,24.1128986486
1458,0.0,0.0,40.0,3.0,83.4924476703,-1.8810795343,29.8503351634,60.0453113921,63.0952082758,29.3373994494
1459,3.0,0.0,40.0,3.0,82.5501443913,-3.10589577266,29.0882640042,57.8424624448,61.3193901714,28.8048422215
17,10.0,85.0,0.0,0.0,55.1616090956,38.8579059981,-4.10821316327,31.8404987281,23.0867771844,21.0272939752
695,55.0,10.0,100.0,0.0,63.0572759403,-18.5368975866,30.7278655776,25.8099338481,31.6556743758,12.1377065105
1207,70.0,100.0,0.0,80.0,35.5396497811,8.67036639678,-4.29361995699,9.48731367765,8.77102647122,8.33755522149
659,10.0,10.0,100.0,0.0,78.0068914674,-5.53056527521,56.9606590777,49.250418026,53.2237056416,11.9805681216
260,10.0,85.0,30.0,0.0,57.3420185827,35.3362185615,5.56161849549,33.4925884813,25.2746184877,18.2218152595
533,55.0,10.0,70.0,0.0,67.7122152134,-21.6387024384,22.283530773,30.104304756,37.5830944831,18.7503633001
1223,70.0,100.0,40.0,80.0,35.6663857401,7.77990220824,-1.00371901676,9.44493649248,8.8358895503,7.53976116324
497,10.0,10.0,70.0,0.0,79.6678163877,-5.63620637913,41.8540745147,51.9042640952,56.094930762,19.2349896948
567,100.0,100.0,70.0,0.0,40.6912424431,4.9559522825,-7.18441027315,11.9548506976,11.6727707867,11.9149537224
169,0.0,70.0,20.0,0.0,59.3418723405,36.2790536846,5.26470128056,36.3015091161,27.3990344623,19.9682450903
563,100.0,40.0,70.0,0.0,48.9153637722,-14.4232917899,-0.898233047007,14.4186944567,17.5254233497,14.8112605462
165,0.0,20.0,20.0,0.0,74.9292450879,9.91181872403,11.1839635207,50.0594822196,48.1655793898,31.8287074954
559,100.0,0.0,70.0,0.0,57.1060532827,-32.6323232647,6.7994435972,17.3885435181,25.0314523314,17.4881856771
154,100.0,0.0,10.0,0.0,59.9960075604,-25.1232309111,-21.2719925631,21.3423746323,28.1189023895,36.4347035859
630,70.0,100.0,85.0,0.0,41.4246535677,14.2086947661,0.147425471509,13.8310297581,12.1316866367,9.96526199304
118,40.0,0.0,10.0,0.0,71.1220440191,-13.3916225806,-3.59281960532,36.6361354473,42.3652916586,37.5245487634
594,20.0,100.0,85.0,0.0,47.28542975,35.9282530206,12.0824058138,22.6962168489,16.2381755828,9.42198791595
82,0.0,0.0,10.0,0.0,82.821610001,-1.26238179336,12.2128376799,59.0914986951,61.8275173113,40.811746132
1195,100.0,100.0,100.0,60.0,34.9838493616,3.08728798518,-0.360020635371,8.53710072765,8.490316874,7.09182752341
1074,0.0,70.0,0.0,60.0,44.2187881642,19.2885331914,2.02792345986,16.7271820612,13.9901402101,10.8800602222
1193,100.0,40.0,100.0,60.0,39.0609756115,-7.79980111898,4.73190788876,9.32888789387,10.6944323885,7.56920584678
1072,0.0,20.0,0.0,60.0,52.9588367268,6.64640158073,3.92773134026,21.6480320502,21.008537125,15.6724365288
1191,100.0,0.0,100.0,60.0,43.7717318799,-17.2270549212,10.1692035529,10.7190495063,13.6808648077,8.26538113664
1456,3.0,40.0,3.0,3.0,68.328014916,21.97865325,0.417991920388,44.1817737413,38.4186114044,31.4267599572
1457,40.0,40.0,3.0,3.0,60.2402638117,6.62214857999,-11.3006664204,29.0658583208,28.3909028459,30.0014241558
1462,3.0,3.0,40.0,3.0,80.9250698579,-1.73215258538,27.3962807209,55.5560714128,58.3356982326,28.1291495296
1466,40.0,40.0,40.0,3.0,60.0978665703,2.75316063767,4.44734627436,27.9154033647,28.2321190279,21.0050289287
1476,3.0,3.0,3.0,40.0,65.5257891814,0.24236781304,5.77354167014,33.5443662591,34.7145121905,25.2565655543
1463,40.0,3.0,40.0,3.0,68.5338611488,-18.0687512143,10.4415657669,32.037802694,38.7006403309,25.5490479342
1454,40.0,3.0,3.0,3.0,72.2093466859,-12.41051435,-9.10285567484,38.3833722543,43.9713550073,43.1933239619
1477,40.0,3.0,3.0,40.0,59.0041391705,-7.58138837054,-3.21441530099,24.2758684058,27.0322207473,24.0093422202
1383,60.0,45.0,45.0,40.0,47.5699402456,-2.86480104243,1.77908567079,15.3779377348,16.4581661344,12.9291054137
1421,0.0,0.0,3.0,3.0,84.8290119251,-0.632595699411,7.62962558949,63.051436487,65.6723513758,47.3606761708
1258,100.0,70.0,100.0,80.0,36.5264553553,-3.61414595344,3.94349849289,8.53109479685,9.28453836578,6.7029174008
51,55.0,55.0,0.0,0.0,60.4986998453,0.845713314543,-16.6706056242,27.8699249383,28.6805974835,33.8195484928
681,30.0,55.0,100.0,0.0,61.255980977,4.15355806889,29.6792674119,29.5653572723,29.5408077782,11.4419651337
15,10.0,55.0,0.0,0.0,69.538878113,16.0712142441,-3.96726801968,43.9455502096,40.0974433234,35.8270000717
1242,100.0,70.0,70.0,80.0,37.1587288855,-3.0112306934,0.850892831965,8.91916451213,9.62387105224,7.72158627959
294,55.0,55.0,30.0,0.0,59.3861544093,-1.14540551414,-4.0508889425,26.1884792441,27.4473740829,24.8311069312
519,30.0,55.0,70.0,0.0,60.7711019938,7.96069999467,18.694199267,30.0193972146,28.9880736612,15.1479534834
258,10.0,55.0,30.0,0.0,66.9010296741,18.1164206054,9.54753916344,40.8273448013,36.5010877273,24.4761240373
244,0.0,0.0,30.0,0.0,83.7624308583,-1.27740953343,23.6532455158,60.7940606914,63.6102497585,33.6736334009
432,20.0,100.0,55.0,0.0,48.8641918753,35.5213247193,5.50892605052,24.1368158601,17.4840108543,12.3975558191
280,40.0,0.0,30.0,0.0,72.3962204383,-15.6667434754,6.78677807779,37.621205325,44.2514107893,31.8483225731
468,70.0,100.0,55.0,0.0,42.575550802,15.8499412395,-5.67108435916,14.9043007833,12.8758282658,12.515997129
316,100.0,0.0,30.0,0.0,59.978078469,-28.6453707708,-9.9930956416,20.5894175018,28.0990055242,28.9055971554
1141,100.0,0.0,40.0,60.0,43.3788313147,-14.057596334,-0.723410077994,10.91768292,13.4128469557,11.3032656177
1122,0.0,20.0,40.0,60.0,50.7923555667,5.59388725458,13.0996381793,19.5024370019,19.0900168763,10.9642909513
1143,100.0,40.0,40.0,60.0,39.7079817527,-5.3192181848,-3.06072107411,9.98624491111,11.0758816456,10.0405580485
1124,0.0,70.0,40.0,60.0,44.0051982729,19.0815500415,7.77419597794,16.5250762603,13.8418027986,9.03491249956
1145,100.0,100.0,40.0,60.0,35.2081084888,5.06473455001,-5.410333665,8.87994977525,8.60284771373,8.48477325847
406,0.0,0.0,55.0,0.0,81.7879220062,-2.50712410693,38.5564018296,56.7438864019,59.9075673565,22.6821703503
270,20.0,100.0,30.0,0.0,48.19623697,37.0597547379,1.64275866711,23.8300413495,16.9494163072,13.3715401419
442,40.0,0.0,55.0,0.0,69.3444738377,-16.3077008289,19.9197253583,33.5185537322,39.8246757103,21.2395746157
306,70.0,100.0,30.0,0.0,43.474541285,17.5786372756,-9.99611117528,15.8576933456,13.4778101828,14.7001412051
478,100.0,0.0,55.0,0.0,59.6478326904,-32.3690742751,2.56720144756,19.5437709659,27.7341910132,21.5587762014
1316,0.0,50.0,0.0,0.0,70.6020147276,23.9840713171,-0.00896006452802,48.3674268821,41.6111788207,34.3397564275
1317,0.0,40.0,0.0,0.0,75.2591797442,16.5160904197,0.815860626566,53.11941698,48.6917871746,39.55409099
1336,0.0,0.0,50.0,0.0,83.8457086566,-2.4151848665,35.6776576919,60.4633540069,63.7696808609,26.2139039241
1337,0.0,0.0,40.0,0.0,84.1143061515,-2.38295118409,30.7497658716,60.9691360541,64.2857119121,29.4448302106
1356,0.0,0.0,0.0,50.0,62.0944316874,0.73322970452,5.98927639038,29.616339455,30.5130934194,21.9640361238
1357,0.0,0.0,0.0,40.0,66.7642520026,0.531911293187,5.87737403772,35.180808644,36.3207171867,26.4158194649
1296,50.0,0.0,0.0,0.0,72.0878422039,-16.0638591388,-13.642469801,37.0904262622,43.7898993815,46.7686876312
1297,40.0,0.0,0.0,0.0,74.8969455578,-13.4055983785,-10.0059163432,41.7950260984,48.114270055,47.7990807132
1423,0.0,3.0,3.0,3.0,84.8473868383,-0.508798299897,7.31627166173,63.1399581683,65.7082619831,47.6562302745
1446,40.0,3.0,40.0,0.0,72.8891051428,-16.9776382036,13.4591856239,37.8731036514,44.9957644599,28.1786960737
13,10.0,30.0,0.0,0.0,76.6325288582,5.89713250537,-1.95029820547,51.313189531,50.9233063214,43.5751887747
699,55.0,55.0,100.0,0.0,56.1185488977,-5.15323582082,21.2886321418,22.0392855427,24.0307304108,11.2878104633
49,55.0,30.0,0.0,0.0,66.4153318914,-8.81253870934,-15.9184804535,32.072402757,35.8632850427,40.6915971721
663,10.0,55.0,100.0,0.0,67.9978204027,12.5531926753,43.7545805736,40.5553278649,37.9690808024,10.6481980951
256,10.0,30.0,30.0,0.0,75.9032538285,3.27937148598,14.9772226684,49.1552985467,49.7300270882,30.4623095215
537,55.0,55.0,70.0,0.0,56.7767602464,-1.33235642965,11.1606520296,23.5108781223,24.6947246335,15.4079910576
292,55.0,30.0,30.0,0.0,62.9394307139,-8.51483849034,-2.55136598302,28.1642988922,31.5143244971,27.4925269715
501,10.0,55.0,70.0,0.0,66.8192477931,16.2460886658,27.0648416826,40.1064755201,36.3931692697,15.9853707031
480,100.0,20.0,55.0,0.0,55.5327551946,-20.2187091846,-0.201447472981,18.4495104109,23.4498943814,19.4435811363
304,70.0,70.0,30.0,0.0,49.0987084918,7.93306694141,-9.58518243882,18.5300852021,17.6743377555,18.6475238352
444,40.0,20.0,55.0,0.0,64.2375126466,-6.41834707762,13.4913862295,30.1691028971,33.0946965817,20.0713147695
268,20.0,70.0,30.0,0.0,54.9592008876,25.6389388507,1.70941671689,28.102258743,22.8903366725,18.1062522045
408,0.0,20.0,55.0,0.0,73.4265976161,8.7950978392,29.5430318362,47.2748779236,45.816947889,19.9709745542
1140,70.0,100.0,40.0,60.0,37.0168858448,10.0463229401,-2.88663168317,10.4745024823,9.54703851856,8.64740470577
1129,20.0,70.0,40.0,60.0,43.8615674472,15.1373440833,4.8900611649,15.7238147349,13.7426436623,9.80253741335
1138,70.0,40.0,40.0,60.0,42.6627031068,-2.15789340452,0.285243421145,12.1550250239,12.9333861652,10.5813640792
1127,20.0,20.0,40.0,60.0,51.730140653,0.00666718535147,11.0692094433,19.1960529228,19.9054483832,12.1822910983
1136,70.0,0.0,40.0,60.0,47.5316977179,-11.5226664002,3.77265141682,13.9251114651,16.4284811932,12.2023075872
318,100.0,20.0,30.0,0.0,55.535638807,-19.2816735144,-11.3138032082,18.6325116154,23.4527304164,25.1796013975
466,70.0,70.0,55.0,0.0,47.0774085359,7.39910673073,-2.18901520623,16.8050826453,16.078575152,14.0838279219
282,40.0,20.0,30.0,0.0,65.5766802933,-6.49647430835,3.44252904004,31.7130179262,34.7795626431,26.6407880034
430,20.0,70.0,55.0,0.0,57.1488361879,24.3506618263,11.4546682947,30.2262989173,25.0754245489,15.5489280622
246,0.0,20.0,30.0,0.0,77.5567312198,9.91685634955,18.7484357391,54.4143889741,52.4627619952,29.879823165
1335,0.0,0.0,60.0,0.0,83.6020581915,-2.28539346322,41.9672102237,60.0740663055,63.303973489,22.5344164343
1338,0.0,0.0,30.0,0.0,85.1495787635,-1.85888490912,25.0702724015,63.1192221503,66.3007235273,34.341670613
1071,0.0,0.0,0.0,60.0,58.2885052373,0.949583975891,6.17369880483,25.5540129846,26.2658156779,18.6868576859
1358,0.0,0.0,0.0,30.0,71.697697571,0.293222620247,5.8439149943,41.7648657067,43.2106308459,31.6770630208
1295,60.0,0.0,0.0,0.0,71.4169751847,-17.2854271596,-14.9172549481,35.8459375416,42.7970029807,46.8688850547
1298,30.0,0.0,0.0,0.0,76.4411398379,-11.7225031343,-7.93621085238,44.6196445643,50.6083185179,48.310665228
1315,0.0,60.0,0.0,0.0,65.9947577192,30.5802054454,-1.11521587916,43.6831399295,35.3170396664,29.8353353282
4,0.0,30.0,0.0,0.0,75.6140876346,16.3028453392,0.787479817434,53.6329266261,49.2620879271,40.0414786772
1443,3.0,0.0,40.0,0.0,83.8017838137,-3.50017251599,29.6887430995,59.9248357636,63.6855558294,29.7711881146
1444,0.0,3.0,40.0,0.0,84.5049581258,-2.14859137615,30.7714677713,61.7903620865,65.0411921961,29.8525852203
1256,100.0,0.0,100.0,80.0,40.5546462576,-13.2132279482,8.87102848313,9.45440077543,11.5885981432,7.18230606663
459,55.0,100.0,55.0,0.0,45.0545129762,22.7800184581,-2.35402745374,18.0365050198,14.580732626,12.855920587
677,30.0,10.0,100.0,0.0,72.7355162032,-13.2537549244,45.2826910528,38.8311518595,44.7629265585,12.8878952895
423,10.0,100.0,55.0,0.0,51.8011139658,44.1320146939,10.4954456639,29.3618703219,19.9680897651,12.4245585866
1240,100.0,0.0,70.0,80.0,41.5691641662,-12.4480310012,6.07958397008,10.1006858017,12.2235064085,8.34360088642
378,55.0,100.0,40.0,0.0,45.7575973573,24.2729921764,-4.50790155794,18.9061005712,15.090276845,14.1003436815
515,30.0,10.0,70.0,0.0,73.7494999384,-12.6966381196,32.3016247283,40.4067261229,46.3150508016,18.9311588439
342,10.0,100.0,40.0,0.0,52.0610499058,43.8123516026,6.89926455258,29.572058242,20.1986323783,13.8958525463
248,0.0,40.0,30.0,0.0,67.8555104836,20.5534114775,11.8163650836,43.0020196943,37.7764248201,24.1346705677
428,20.0,40.0,55.0,0.0,63.0695937097,12.0667381086,15.698609908,33.8997061368,31.6704733193,18.1036599513
284,40.0,40.0,30.0,0.0,60.9805676447,6.009771166,1.88471935721,29.741725641,29.2259986519,23.1017343206
464,70.0,40.0,55.0,0.0,55.499997095,-4.34890621374,3.16176827944,21.6390508063,23.4176928154,17.8731407548
320,100.0,40.0,30.0,0.0,52.5586502134,-11.0062795557,-11.0969590239,17.765219373,20.6449011645,22.2961561673
1131,40.0,0.0,40.0,60.0,51.939767818,-6.79011487005,10.2716858324,18.0568907159,20.0908451971,12.5873930534
1132,40.0,20.0,40.0,60.0,49.1509963039,-1.50664501294,7.35914028386,16.8108826636,17.7169604876,11.9293462988
1133,40.0,40.0,40.0,60.0,45.6490025103,3.0469704775,4.30817024532,14.9785198907,15.0108123004,10.9396920989
1134,40.0,70.0,40.0,60.0,41.9123441497,10.792847973,2.16877574823,13.6238012767,12.4434115676,9.61251924443
1135,40.0,100.0,40.0,60.0,39.4415382786,16.3857775326,1.11257723618,12.8454176714,10.9177173692,8.69735910909
410,0.0,40.0,55.0,0.0,67.259065144,19.2585330049,23.9765253344,41.7096697663,36.9760591539,17.6329426516
266,20.0,40.0,30.0,0.0,63.0876298275,11.830850269,5.81500381928,33.8541498084,31.6921507809,22.9445516848
446,40.0,40.0,55.0,0.0,58.6103207698,1.84347095897,9.46291148214,26.1023799605,26.6086446531,17.4574482957
302,70.0,40.0,30.0,0.0,55.6966780616,-4.70427538389,-6.93543944043,21.7444238411,23.6114758584,22.9484659471
482,100.0,40.0,55.0,0.0,52.1276078935,-15.19829105,-3.04992847393,16.6558255371,20.2579480418,18.0510541107
1334,0.0,0.0,70.0,0.0,81.7525006289,-2.00678080113,46.4810038523,56.8852557548,59.8424906084,18.7549336937
1339,0.0,0.0,25.0,0.0,83.5068719072,-1.44106927413,21.8531390916,60.2574309448,63.1226545455,34.6078981062
1354,0.0,0.0,0.0,70.0,54.5517720971,1.02984274716,6.02176561362,21.9161766096,22.4983056417,15.9407641682
1359,0.0,0.0,0.0,25.0,73.6092416343,0.240008665041,5.95290879168,44.535260895,46.09824991,33.8064844463
1294,70.0,0.0,0.0,0.0,67.9425501172,-18.4038693782,-16.6640821226,31.2440518316,37.8941795234,43.358077016
1299,25.0,0.0,0.0,0.0,76.5826490122,-9.87354620856,-5.7914568291,45.476169107,50.8410885773,46.6828313682
1314,0.0,70.0,0.0,0.0,65.1410805833,29.2121150589,-1.04785992657,41.9830482767,34.2253890417,28.8788455425
1319,0.0,25.0,0.0,0.0,80.4150402817,8.00880424918,2.93958252186,58.632713367,57.4196304963,44.9079970674
1422,3.0,0.0,3.0,3.0,84.0160538234,-1.33549856954,6.97527612117,61.2354598232,64.0966273232,46.7247375725
1453,40.0,0.0,3.0,3.0,73.3401641336,-12.059388543,-6.10478632376,40.042653189,45.6842258981,42.3559913431
8,0.0,85.0,0.0,0.0,59.5826888684,39.0252374111,-0.137487831529,37.4550184227,27.6626031404,22.8968599912
1252,70.0,0.0,100.0,80.0,43.6912779159,-10.3038709428,12.7979961563,11.6229896207,13.6256949692,7.54837835654
44,40.0,85.0,0.0,0.0,53.5920703905,21.5438493032,-12.3772413048,25.6378926855,21.5926181013,23.9179764865
650,0.0,10.0,100.0,0.0,80.0547088383,-0.404071447535,61.0597315153,54.5908758101,56.7782512176,11.7872910431
251,0.0,85.0,30.0,0.0,60.2867202466,38.8830198314,9.12123647264,38.3529815103,28.4428338302,18.9166435974
1236,70.0,0.0,70.0,80.0,43.4335557869,-9.04960945399,9.31360558519,11.6432449014,13.4499656209,8.33834927866
287,40.0,85.0,30.0,0.0,54.5218112788,17.2268652689,-2.63178478032,25.5639280186,22.4696551309,19.7699370988
488,0.0,10.0,70.0,0.0,82.6381327034,-1.70730584355,46.3371383314,58.5771635281,61.4837798309,19.53571903
484,100.0,70.0,55.0,0.0,48.2332880311,-3.11307479487,-5.79052462893,15.826476099,16.9787804759,16.3236370572
300,70.0,20.0,30.0,0.0,60.8892356813,-12.581399343,-3.92000162094,25.0039885262,29.1220983192,26.2240090015
448,40.0,70.0,55.0,0.0,54.7374012289,15.8474736051,7.71714413063,25.4566039628,22.676359524,15.3786423871
264,20.0,20.0,30.0,0.0,72.3061122454,2.3844957171,12.2974942858,43.3456119449,44.1162234006,28.2734568355
412,0.0,70.0,55.0,0.0,61.2209491861,35.1894978184,19.1357418134,38.4573777106,29.5006400838,15.2818981068
1130,20.0,100.0,40.0,60.0,40.4708873075,20.7929981961,3.50306010533,14.2268412533,11.537185287,8.52841155777
1139,70.0,70.0,40.0,60.0,40.732592654,3.60189145353,-0.988628628362,11.7865014922,11.6983315429,9.94798830398
1128,20.0,40.0,40.0,60.0,48.5457931996,4.99734673453,9.37946261255,17.5240721775,17.2278014899,10.9149875591
1137,70.0,20.0,40.0,60.0,45.9487306948,-6.95319643439,3.40372530479,13.569283763,15.2308194233,11.4034554708
1126,20.0,0.0,40.0,60.0,53.4627025961,-3.42631444229,12.5927070847,20.0030217814,21.4724233796,12.6953793905
322,100.0,70.0,30.0,0.0,47.337375687,-1.82722348349,-14.5500559007,15.3839181175,16.2781942635,19.5470041738
462,70.0,20.0,55.0,0.0,59.6337792333,-15.5582128527,6.33883011666,23.0819723854,27.7187369474,19.6951301504
286,40.0,70.0,30.0,0.0,53.7497128465,13.9551224817,-1.9650001836,24.0202857201,21.7396878673,18.8312514164
426,20.0,20.0,55.0,0.0,71.6845153397,-2.84676799901,23.8637125258,40.71499182,43.1911482279,21.2849657752
250,0.0,70.0,30.0,0.0,65.6044596697,30.7645658826,11.4158941246,43.1739241606,34.8151052859,22.2857711926
1333,0.0,0.0,75.0,0.0,82.154734667,-2.10263635938,49.1829908337,57.5544315273,60.5842578953,17.8442389748
163,0.0,0.0,20.0,0.0,83.9052908476,-1.40311498406,18.2793318416,61.0027740273,63.8839112616,37.6475959818
1353,0.0,0.0,0.0,75.0,52.5840944397,1.22920873161,6.16721516228,20.1796071354,20.6678955721,14.5217050783
1360,0.0,0.0,0.0,20.0,75.5671780279,0.154918885468,6.06021425833,47.4861585852,49.1864549479,36.087472963
1293,75.0,0.0,0.0,0.0,67.2380549416,-18.9247104391,-17.110279765,30.283104889,36.9480737882,42.7416902611
1300,20.0,0.0,0.0,0.0,78.2637144177,-7.59751858942,-2.80773294443,48.8963908818,53.6611133539,46.6106203482
1313,0.0,75.0,0.0,0.0,63.9070323539,31.2625401921,-1.10736678061,40.9060028975,32.6874496896,27.6261544869
1320,0.0,20.0,0.0,0.0,80.9639776325,5.40308845758,3.50345462523,58.5332718821,58.4059779889,45.2243752608
1447,3.0,40.0,40.0,0.0,73.0683484567,11.1492214838,19.6411125483,47.5668376997,45.2685132122,24.7744511018
1440,0.0,40.0,3.0,0.0,74.4819138754,15.0626827469,3.22514191217,51.2735567695,47.4582114476,36.7792467304
708,70.0,55.0,100.0,0.0,55.1482916608,-8.46342139785,16.2493455468,20.4582228506,23.073817987,12.4305484395
22,20.0,30.0,0.0,0.0,72.8787100338,3.13327049268,-4.31694296228,44.4469666358,44.9799802583,40.3389578542
1250,40.0,70.0,100.0,80.0,40.6001081614,5.14558271795,9.90993430078,11.9256451592,11.6165673758,6.95133195923
58,70.0,30.0,0.0,0.0,64.3959734636,-11.2098903624,-17.7881589621,29.0868022394,33.2911599097,39.458915899
546,70.0,55.0,70.0,0.0,55.2666450061,-6.52736426625,8.76877891303,20.9658166749,23.1891577396,15.3225186738
265,20.0,30.0,30.0,0.0,73.790481861,0.636849969608,10.6089920119,44.9437468958,46.3785256958,30.9267677638
1234,40.0,70.0,70.0,80.0,42.2095081092,2.85591384426,8.96357202692,12.6056253319,12.6359477203,7.87452007327
301,70.0,30.0,30.0,0.0,64.6427086543,-15.6479844779,-3.07326028804,28.2174538727,33.5986132009,29.6015917533
252,0.0,100.0,30.0,0.0,55.8725060466,47.2972944653,9.47703471401,35.1271311153,23.7856156324,15.45841122
424,20.0,0.0,55.0,0.0,76.9070072353,-9.5149431755,27.5974297914,46.094755028,51.3773197335,24.0393376791
288,40.0,100.0,30.0,0.0,48.6166894067,28.8914443635,-1.84450953456,22.4109983415,17.2846322035,14.9817831015
460,70.0,0.0,55.0,0.0,65.8596228063,-23.9739913931,11.5194829959,27.4390994125,35.1427100908,22.4601647367
324,100.0,100.0,30.0,0.0,41.8155284014,8.53947450678,-13.8994653207,13.2089291026,12.3811085126,15.1126560891
1121,0.0,0.0,40.0,60.0,56.9733071525,0.149085010321,17.3374181133,24.0406236707,24.8953432815,13.1659312314
1142,100.0,20.0,40.0,60.0,44.8322119515,-11.1965705573,-0.503241804953,12.2005585025,14.4220453674,12.0718076923
1123,0.0,40.0,40.0,60.0,51.6492126163,8.37068495056,13.285522206,20.8208973798,19.8341809328,11.3858043914
1144,100.0,70.0,40.0,60.0,39.6154101586,-1.92566561453,-4.25926088941,10.3732168656,11.0207579914,10.3596373301
1125,0.0,100.0,40.0,60.0,43.058279236,25.2674983714,6.76332869419,16.9035758167,13.1967928314,8.85992697421
414,0.0,100.0,55.0,0.0,52.2110670708,46.2205363345,12.0922268847,30.3831226666,20.3324897923,12.1153981746
262,20.0,0.0,30.0,0.0,75.7087323529,-8.70786824641,13.5755657601,44.5704105456,49.4149207996,31.1465292768
450,40.0,100.0,55.0,0.0,46.5894580482,27.2708539785,1.31476324321,20.2209724771,15.7083151429,12.4930178048
298,70.0,0.0,30.0,0.0,66.4978378827,-22.9953730933,-1.92638248503,28.3832463708,35.9711011127,30.9022286384
486,100.0,100.0,55.0,0.0,41.3107235325,8.02199134734,-9.49463725361,12.7991507979,12.0596223047,13.1032592553
1352,0.0,0.0,0.0,80.0,50.040436124,1.26660170325,6.04723100946,18.032272525,18.4525261824,12.9259869427
1361,0.0,0.0,0.0,15.0,78.2601640985,0.104953343761,6.07714335454,51.7794391678,53.6550503559,39.4880435698
1292,80.0,0.0,0.0,0.0,66.2722280441,-20.6907535649,-19.4971782594,28.7256658806,35.6767930005,43.3203940974
1301,15.0,0.0,0.0,0.0,80.5493803638,-5.47939650137,-0.361777986716,53.4338345673,57.6599823384,47.8863797281
1312,0.0,80.0,0.0,0.0,61.2213688758,36.6789075027,-0.992460617423,38.9267393523,29.5011210874,24.8899214392
1321,0.0,15.0,0.0,0.0,82.4559327478,3.25995314303,4.07868886902,60.3298217365,61.1436985077,46.9000815283
1332,0.0,0.0,80.0,0.0,81.476777078,-2.0114192154,51.050590849,56.4010880658,59.3375371599,16.5241579322
1341,0.0,0.0,15.0,0.0,85.1958800679,-1.1230905262,14.9601306755,63.5280879271,66.391812846,41.8627633132
1472,0.0,0.0,3.0,40.0,66.5361048423,0.403944674231,7.16125355098,34.853522104,36.0211803623,25.4562055025
1417,3.0,3.0,3.0,0.0,84.187909465,-1.27947197994,6.11730744513,61.5766804906,64.4276033494,47.7094124999
1318,0.0,30.0,0.0,0.0,77.7310298597,10.8586895896,2.00172657197,55.0860705843,52.7565271059,41.9320633799
690,40.0,55.0,100.0,0.0,58.6661923857,2.13418793783,25.4935765096,26.2312820384,26.6684667336,11.3495497536
1205,70.0,40.0,0.0,80.0,41.4413319126,-1.69899293726,-3.43922395806,11.4693409856,12.1422602429,11.0990435985
654,0.0,55.0,100.0,0.0,68.0323168371,19.8618872989,42.4152288233,43.0258572075,38.0158797271,11.0964680923
247,0.0,30.0,30.0,0.0,77.379119962,8.99290616085,18.1598199234,53.7496021725,52.1645376346,30.0577418302
528,40.0,55.0,70.0,0.0,60.6128144783,3.1445836869,15.9174415611,28.5817276082,28.8091392956,16.1711745856
1221,70.0,40.0,40.0,80.0,42.8361805214,-5.48324564334,3.27827143864,11.7839441065,13.0484656829,9.75591601887
492,0.0,55.0,70.0,0.0,69.8827206499,17.7298978011,31.5121276383,45.0304925415,40.5829313942,16.3337056849
1075,0.0,100.0,0.0,60.0,44.005316637,25.4561738002,3.03688574713,17.6893917014,13.8418847103,10.4444817884
1194,100.0,70.0,100.0,60.0,40.286628651,-2.23361367587,3.52587464915,10.7152303922,11.4246194559,8.43593121761
1073,0.0,40.0,0.0,60.0,51.7842925275,10.5778882688,4.01620195128,21.4071764183,19.9532312189,14.8238646647
1192,100.0,20.0,100.0,60.0,43.272583856,-11.5336125516,9.73960666137,11.1998331786,13.3409762667,8.15085624827
1355,0.0,0.0,0.0,60.0,58.9189866561,1.6579959166,7.67487187577,26.3805709003,26.9402558531,18.4970624012
648,100.0,100.0,85.0,0.0,40.8642269196,6.1305255375,-3.62824887839,12.2332086191,11.7799500769,10.8392127924
136,70.0,0.0,10.0,0.0,68.3901554947,-19.7716204549,-9.54496421671,31.3975805929,38.5036050237,38.4409640721
612,40.0,100.0,85.0,0.0,47.0565662305,26.782929685,7.5368835894,20.5341007155,16.0626421644,10.6836641259
100,20.0,0.0,10.0,0.0,79.5308418923,-7.10632345905,3.61974216385,51.1193916988,55.8543301322,43.1135209687
576,0.0,100.0,85.0,0.0,52.9853668618,46.2509551675,18.8796386208,31.2943561698,21.0327939343,10.3325846005
171,0.0,100.0,20.0,0.0,53.4348425596,47.3242472328,4.63689832645,32.1242020659,21.4465973216,15.7180936837
565,100.0,70.0,70.0,0.0,46.3414703355,-5.36364260655,-3.1285902095,14.0895834649,15.5223386885,13.9587955872
167,0.0,40.0,20.0,0.0,73.0527554808,13.9385567532,9.8556103676,48.5568815635,45.2447422336,30.594322152
561,100.0,20.0,70.0,0.0,57.9283750013,-28.8289655183,6.46892891446,18.781074347,25.8856761145,18.2687245776
1340,0.0,0.0,20.0,0.0,84.8469679007,-1.47786093657,18.3665624353,62.7173417225,65.7074430958,38.7858407635
1351,0.0,0.0,0.0,85.0,47.6433234996,1.40745153484,5.87385816767,16.171946461,16.5152284116,11.553509417
1362,0.0,0.0,0.0,10.0,81.0167773327,0.0343280568121,5.94056138709,56.4265807136,58.5014412034,43.3074247614
1291,85.0,0.0,0.0,0.0,65.9839336605,-21.8504828045,-20.9026982717,28.1101378917,35.303054995,44.0562707578
1302,10.0,0.0,0.0,0.0,82.5053314256,-3.94240317962,1.65523973456,57.419772787,61.2357782883,49.0629871666
1311,0.0,85.0,0.0,0.0,60.4445407342,39.9372603669,-0.554531811509,38.8982901303,28.6197252248,23.913582812
1322,0.0,10.0,0.0,0.0,84.9202001087,1.20360183901,4.98189009187,64.028086769,65.8506917135,49.7990897449
568,0.0,0.0,85.0,0.0,82.3262200451,-2.03156442973,54.7512435203,57.8873869152,60.9023518539,15.5948239076
1342,0.0,0.0,10.0,0.0,84.5290034835,-1.13680348716,12.3136375587,62.2712768385,65.0878858007,43.0522270265
1374,5.0,3.0,3.0,0.0,84.2825099164,-2.37663432708,5.21493435311,61.2813721719,64.6102791984,48.6305307335
1438,40.0,0.0,3.0,0.0,75.6159289031,-12.3409288938,-7.11112270705,43.1899729205,49.2650582089,46.3895846051
704,70.0,10.0,100.0,0.0,63.3948128261,-24.8127104475,29.1343708828,24.6687348299,32.0628719002,12.903573644
1203,40.0,100.0,0.0,80.0,37.5937342414,14.5205784147,-1.52933432018,11.4183557442,9.86207015018,8.54799442857
668,20.0,10.0,100.0,0.0,75.3694377247,-8.28385725002,50.744059199,44.212195221,48.8684865624,12.5604188565
62,70.0,85.0,0.0,0.0,49.368773564,13.1708124028,-17.5592462533,19.7910704293,17.8952200463,22.797778769
542,70.0,10.0,70.0,0.0,65.1414905206,-24.1379024987,17.1644255864,26.63133975,34.2259077802,19.0686995692
1219,40.0,100.0,40.0,80.0,37.7192522843,14.334042954,1.98975171575,11.4678842571,9.9315243026,7.67767834495
506,20.0,10.0,70.0,0.0,77.0213525922,-10.0692090674,36.5521219819,46.0730409447,51.5672513047,19.583557861
305,70.0,85.0,30.0,0.0,49.3259365351,12.2738803542,-8.7221945614,19.5741350903,17.8600621668,18.4319743889
1176,20.0,0.0,100.0,60.0,51.5055580179,-3.62560804944,24.1833966354,18.3028410102,19.7080940955,8.08517556588
1087,70.0,20.0,0.0,60.0,46.7027563764,-3.69341400661,-3.93319266313,14.613985205,15.7937743946,14.5062288792
1178,20.0,40.0,100.0,60.0,47.7451511317,5.79922901215,19.3441632024,17.0368979184,16.5946270962,7.66031330248
1089,70.0,70.0,0.0,60.0,41.1491683552,6.3887978745,-5.2035434388,12.4516345665,11.957923669,11.5137012255
1180,20.0,100.0,100.0,60.0,40.4770705696,20.633403826,9.49683843656,14.2053758752,11.5409754834,6.9992407788
88,0.0,70.0,10.0,0.0,62.4027433545,37.2818772904,5.19451637465,40.754408163,30.8759130877,22.650352022
588,20.0,20.0,85.0,0.0,69.8631745426,1.71976590288,37.4210762651,39.6549349077,40.5552288083,13.9606870482
124,40.0,70.0,10.0,0.0,55.0085234704,18.5756707313,-7.65147863452,26.3957470239,22.9381019567,22.7012766182
624,70.0,20.0,85.0,0.0,59.0755440036,-16.6119422038,17.4074076698,22.3188052804,27.1094992583,14.5030410426
160,100.0,70.0,10.0,0.0,47.6247818146,0.663575301727,-19.3415251816,16.02742965,16.5007981018,22.1608430925
505,20.0,0.0,70.0,0.0,74.9567526295,-9.95593899805,35.2510037674,43.0356145883,48.2093051744,18.5314248722
219,70.0,20.0,20.0,0.0,62.508167411,-13.9347221537,-8.97450598948,26.3508083494,31.0006323032,31.0112796713
509,20.0,40.0,70.0,0.0,66.3750487215,4.72839487694,25.4897536093,35.9301704194,35.810722707,16.3230569579
223,70.0,70.0,20.0,0.0,51.5660753,5.5711347144,-11.9452390239,20.1702096283,19.7611452748,21.8526654185
513,20.0,100.0,70.0,0.0,49.6427789277,39.3916325219,10.0032268209,25.8357555653,18.121198056,11.327382148
1350,0.0,0.0,0.0,90.0,44.9737346571,1.57773006357,6.02539780792,14.2581322844,14.5229359422,10.0383594454
1363,0.0,0.0,0.0,7.0,82.6794377255,-0.140536952173,5.92992845566,59.3042332144,61.5610517468,45.6661381246
1290,90.0,0.0,0.0,0.0,65.4736803171,-22.7852883761,-22.2759659609,27.3204160113,34.647989271,44.4595058212
1303,7.0,0.0,0.0,0.0,83.9614197612,-3.12795318632,2.22393886481,60.3726888886,63.9916457797,50.7821048884
1310,0.0,90.0,0.0,0.0,60.1027760743,42.9725711333,-0.163294713467,39.3938276573,28.2375836217,23.3860561252
1323,0.0,7.0,0.0,0.0,85.8442672413,0.0474724763458,5.76043719861,65.281015825,67.6761736005,50.5226638139
1330,0.0,0.0,90.0,0.0,83.0562504434,-1.67282901516,58.1938135743,59.3426945539,62.2689706238,14.7214697789
1343,0.0,0.0,7.0,0.0,83.1136037259,-1.04619134947,9.98106811533,59.7092405433,62.3771939221,42.9658327097
1373,10.0,6.0,6.0,0.0,82.1806725278,-4.52837601168,5.27025338475,56.6105814836,60.6322996331,45.4992601919
1415,3.0,0.0,3.0,0.0,85.3511497134,-1.48031682019,6.35314439095,63.6648774253,66.6978863251,49.2458450084
1199,0.0,100.0,0.0,80.0,39.0244746584,21.0304317045,2.99150629057,13.2798632353,10.6731778656,7.99940265728
694,55.0,0.0,100.0,0.0,67.7914650722,-22.9395123446,36.7762119578,29.8496249069,37.6899346437,12.8815258363
52,55.0,70.0,0.0,0.0,55.8288740927,11.3039629424,-15.4185042675,25.4949840276,23.7423230144,27.8555158559
1244,0.0,0.0,100.0,80.0,48.8533923493,-0.156678283013,24.5039776782,16.8230174179,17.4752793375,6.86505554694
1215,0.0,100.0,40.0,80.0,39.8775200823,19.9597794289,6.60431319229,13.6860686533,11.1773127307,7.45285391442
532,55.0,0.0,70.0,0.0,68.7550550273,-21.1381249402,23.3004045917,31.4541166922,39.005231772,19.1126883204
295,55.0,70.0,30.0,0.0,57.4405227499,5.46584905399,-4.77479550522,25.7601294587,25.3765927964,23.3974909565
1228,0.0,0.0,70.0,80.0,49.5784818269,0.0530124164425,19.8607344653,17.4326998418,18.068001057,8.35112974627
1085,40.0,100.0,0.0,60.0,40.1807802409,15.8522295799,-2.87175473415,13.2499331264,11.3602877389,10.2320818524
1184,40.0,70.0,100.0,60.0,41.6992816848,9.31703731865,9.07841255647,13.2514849949,12.3065763927,7.62024792288
1083,40.0,40.0,0.0,60.0,46.5917837791,4.95941805364,-1.64491967654,16.0000318579,15.7100663006,13.5642679151
1182,40.0,20.0,100.0,60.0,47.82298153,-2.14099485788,18.6092844285,15.6887373186,16.655485562,7.88297249598
1081,40.0,0.0,0.0,60.0,52.1273208253,-4.28833305279,1.16551661891,18.6910331383,20.2576919612,16.2220757174
644,100.0,40.0,85.0,0.0,50.2949132225,-15.2040498661,3.82693463296,15.2771475957,18.6666614852,13.9061466944
140,70.0,40.0,10.0,0.0,57.0916404683,-1.27034767957,-12.0071206875,23.8328106837,25.0166504426,27.1214538804
608,40.0,40.0,85.0,0.0,60.0064153919,3.23048966286,22.7649600514,27.9364598066,28.1304568206,13.0939533002
104,20.0,40.0,10.0,0.0,66.3165626084,12.6452806525,-1.76466459587,38.2757321203,35.7345002348,30.5982504154
572,0.0,40.0,85.0,0.0,68.7021869203,17.1068734719,37.9153193325,43.0705879141,38.9322857963,13.0368445994
207,40.0,100.0,20.0,0.0,46.7475657299,29.5531577528,-5.60453048262,20.8322866972,15.8276587754,15.1960664796
529,40.0,70.0,70.0,0.0,53.2368507593,14.1637168047,9.97402093131,23.5646251359,21.263656581,13.5042141889
203,40.0,40.0,20.0,0.0,62.348006527,0.913944365678,-2.72528548956,29.9530717243,30.8112902254,26.9924829493
525,40.0,20.0,70.0,0.0,67.1722367262,-9.94085979998,25.5069259721,32.6688199625,36.8604960379,16.9000663288
199,40.0,0.0,20.0,0.0,72.9064784233,-14.295665457,2.5666835112,38.7350004865,45.0221527387,35.3130061002
1289,95.0,0.0,0.0,0.0,63.4014960876,-23.7144796072,-23.0987825763,24.932448294,32.0709695046,42.24370316
1304,5.0,0.0,0.0,0.0,82.8385388754,-2.24137660301,3.54597416316,58.7141134466,61.859297291,47.9200344464
1309,0.0,95.0,0.0,0.0,54.9881002661,46.3453604867,0.598609927732,33.7398945397,22.918315537,18.6339031198
1324,0.0,5.0,0.0,0.0,82.6902642947,-0.308055106756,5.28346964666,59.2536808054,61.5813163975,46.2233048779
1329,0.0,0.0,95.0,0.0,82.4885592121,-1.62842008198,61.4165588003,58.3426629719,61.2045043054,13.1341605526
1344,0.0,0.0,5.0,0.0,84.1212038858,-0.831977857848,9.0596319719,61.6453397206,64.2990004118,45.1310344015
1349,0.0,0.0,0.0,95.0,42.0929020433,1.59257127607,5.76353319447,12.3442780265,12.5601622389,8.67538323347
1364,0.0,0.0,0.0,5.0,80.6364879774,-0.173509865574,5.66737186234,55.6822572412,57.8161870573,43.000133732
1372,20.0,12.0,12.0,0.0,75.674345918,-5.49555450062,3.91154400313,45.6386267584,49.3593568677,37.7772154139
1437,3.0,40.0,0.0,0.0,72.2295382083,14.5655473561,0.319158278181,47.4949084897,44.0015576518,36.0778498971
716,85.0,40.0,100.0,0.0,54.0746632752,-18.6985220563,17.2093525949,17.5492308829,22.0449486211,11.4712798758
1201,40.0,40.0,0.0,80.0,42.549873661,1.52308790585,-0.365969440906,12.6256452903,12.8589029678,10.7257522841
680,30.0,40.0,100.0,0.0,62.2860813894,2.29728700511,34.2421862549,30.2503129979,30.7382895525,10.5425309127
66,85.0,20.0,0.0,0.0,61.8382593308,-15.6425669979,-20.6611647978,25.2469672413,30.2138019781,38.3071074343
554,85.0,40.0,70.0,0.0,54.2808710396,-13.8277402562,6.95080288405,18.6413022209,22.2401359882,15.3702522707
1217,40.0,40.0,40.0,80.0,41.3746897846,1.20306473795,5.38352107211,11.8391379677,12.1000477316,8.44089011391
518,30.0,40.0,70.0,0.0,66.6283658875,0.657070214616,23.746962212,35.0449307793,36.1421117317,17.2561500376
309,85.0,20.0,30.0,0.0,62.7646928977,-20.9957475353,-4.63299937899,24.9263178729,31.305510082,28.5652231475
1186,70.0,0.0,100.0,60.0,46.9132977848,-11.2413775505,14.1558766033,13.5488570183,15.9534047647,8.65298278843
1077,20.0,20.0,0.0,60.0,52.6847133616,0.54934340144,1.11060785537,20.1294469432,20.7589939737,16.6509376851
1188,70.0,40.0,100.0,60.0,44.5176632229,-5.57876451068,11.0492146462,12.8326408049,14.1994813919,8.37425968055
1079,20.0,70.0,0.0,60.0,45.8920012482,14.1744350345,0.397898987556,17.1075854757,15.1890149368,12.39285528
1190,70.0,100.0,100.0,60.0,37.8580179701,8.7551426682,2.24070568519,10.7850009914,10.0086875796,7.67470452897
84,0.0,20.0,10.0,0.0,77.9581458851,7.54084404091,8.82910975759,54.159646968,53.1409539807,37.0612907101
592,20.0,70.0,85.0,0.0,55.8750813279,23.5369238426,21.2972815623,28.574288989,23.7881725286,11.1476157879
120,40.0,20.0,10.0,0.0,69.5285951277,-6.80182287896,-5.03413049908,36.5516708285,40.0829842191,36.5767277676
628,70.0,70.0,85.0,0.0,49.4599427741,1.53310311294,7.87350719064,17.6125904187,17.9701994044,11.9355863059
156,100.0,20.0,10.0,0.0,58.9192905271,-21.0378739352,-18.9394832635,21.2249575836,26.9405836631,33.5102830312
541,70.0,0.0,70.0,0.0,63.7875807112,-25.7475145138,18.2962746562,24.8459296159,32.5410770057,17.4983262491
183,20.0,20.0,20.0,0.0,75.3521376564,-2.88126582333,8.50879465916,46.0705838813,48.8407332531,34.1140398713
545,70.0,40.0,70.0,0.0,57.9331828318,-14.2479450428,12.2652824621,21.7651015169,25.8907267614,15.7703443899
187,20.0,70.0,20.0,0.0,60.719973795,19.8998996278,0.770508242384,33.2427317804,28.9301955879,23.4557258729
549,70.0,100.0,70.0,0.0,43.111690815,16.7131638708,-2.60249453756,15.439505571,13.2326302727,11.7762573773
1288,98.0,0.0,0.0,0.0,64.4739623431,-24.7917922078,-24.7166176736,25.7742693358,33.3881371425,45.0497093164
1305,3.0,0.0,0.0,0.0,85.9753411502,-1.34299996011,4.68051685138,64.9134694583,67.9378084146,51.6971109061
1308,0.0,98.0,0.0,0.0,55.6332558077,50.1234456494,1.4039150808,35.6594900257,23.5488717554,18.7751812031
1325,0.0,3.0,0.0,0.0,86.7528139367,-0.162695608351,6.20354692789,66.948173492,69.5035847521,51.5318461946
1328,0.0,0.0,98.0,0.0,83.5764430241,-1.20487760636,64.6639109056,60.4844133138,63.2551454351,12.6418063522
1345,0.0,0.0,3.0,0.0,86.9814959052,-0.552109940061,8.52168299417,67.2190376934,69.9686703003,49.8116117184
1348,0.0,0.0,0.0,98.0,41.2376072944,1.77782335605,6.00361081012,11.8368350334,12.0135246614,8.2111516842
1365,0.0,0.0,0.0,3.0,85.5738453872,-0.0679504365371,6.07793896056,64.711238004,67.138512547,49.8264303566
1371,40.0,27.0,27.0,0.0,69.0366533383,-7.09919284542,3.50651861594,35.8238747701,39.3953090879,30.2283477487
1436,40.0,3.0,0.0,0.0,74.2613744632,-12.0905021086,-8.82874634116,41.3247954701,47.1120345491,45.8706572076
12,10.0,20.0,0.0,0.0,80.0167204961,1.18046376156,0.314917779531,55.1553658036,56.7109127576,46.5259034785
698,55.0,40.0,100.0,0.0,60.8932473346,-11.4559232737,28.4956690021,25.2738087222,29.1266568452,11.6280541451
48,55.0,20.0,0.0,0.0,70.5306089908,-12.7456906616,-14.3302807471,36.0614942988,41.5083349898,45.0961548851
1246,0.0,70.0,100.0,80.0,43.6005861676,13.7012007633,16.9352285213,15.2856857524,13.5636828171,6.52005700878
255,10.0,20.0,30.0,0.0,78.459178464,0.822106667204,17.0854411939,52.3837794801,53.9956190412,31.9499410901
536,55.0,40.0,70.0,0.0,61.4616651296,-8.51386049096,17.085759833,26.5731628045,29.7773823606,16.2947694172
291,55.0,20.0,30.0,0.0,69.5496517833,-16.2249719509,2.33048486871,33.7959397135,40.1125961191,31.5529459274
1230,0.0,70.0,70.0,80.0,43.3406276763,12.0242187153,12.7625617744,14.8164950459,13.386974607,7.40626561662
1095,100.0,100.0,0.0,60.0,36.383975867,6.56013888375,-7.9647346249,9.67711349739,9.20918940728,9.79129442052
1174,0.0,70.0,100.0,60.0,45.2909070436,15.606537203,17.8857357879,16.896769106,14.7507525595,6.97795360012
1093,100.0,40.0,0.0,60.0,42.9930744836,-5.83882051164,-9.82891073061,11.8296948385,13.153130338,14.312776407
1172,0.0,20.0,100.0,60.0,51.7367845323,2.6596145741,28.4553157751,19.729883915,19.9113067368,7.10848104131
1091,100.0,0.0,0.0,60.0,43.8001506841,-11.3862739818,-8.95115418272,11.5366448123,13.7003880182,14.5114610645
640,100.0,0.0,85.0,0.0,57.4176377197,-33.4924949897,14.4536530142,17.477866736,25.3528771504,14.5400814372
144,70.0,100.0,10.0,0.0,42.3786612672,19.9476038212,-13.4050739772,15.4522749968,12.7464259426,15.3036693239
604,40.0,0.0,85.0,0.0,70.0981114683,-17.2017669154,36.6301895831,34.1964945868,40.8890394795,14.4184059332
108,20.0,100.0,10.0,0.0,48.8294445193,39.0636089847,-2.21020952555,24.924822534,17.4559276665,15.2743745144
1331,0.0,0.0,85.0,0.0,81.5902852466,-1.69664578889,56.0936417405,56.7270660057,59.5450678587,14.5544759519
243,100.0,100.0,20.0,0.0,40.2525400641,9.70421751991,-15.562530147,12.3706100951,11.4038749204,14.7045480082
493,0.0,70.0,70.0,0.0,61.193515961,31.7953948146,25.934580515,37.3668059169,29.4692103915,12.6908009327
239,100.0,40.0,20.0,0.0,54.0063069345,-15.4970652412,-15.0752287694,18.0948951868,21.9804983991,25.8158084747
489,0.0,20.0,70.0,0.0,78.0256634896,4.65876594306,43.7912288309,53.145538513,53.2555963709,17.0850145589
235,100.0,0.0,20.0,0.0,62.567830478,-28.8695965731,-14.3136089553,22.9340476514,31.0713637507,34.652961983
1287,100.0,0.0,0.0,0.0,62.2509870558,-24.4170082679,-25.1959993779,23.6264881799,30.6969697063,42.333731887
1306,2.0,0.0,0.0,0.0,86.1167883458,-0.238583079887,5.84022447588,65.6782071559,68.2209047325,50.8715889131
1307,0.0,100.0,0.0,0.0,52.7425537766,51.2489760162,1.95644625044,32.386473262,20.8114825196,16.3352483645
1326,0.0,2.0,0.0,0.0,85.5822030019,-0.155288421684,6.31425421506,64.6884840124,67.1550866164,49.6304712513
1327,0.0,0.0,100.0,0.0,82.0184911905,-1.10193853536,65.4219489109,57.7241702688,60.3323263505,11.4601289751
1346,0.0,0.0,2.0,0.0,84.6895534547,-0.345660408703,6.53093853642,62.9145962712,65.4002301693,48.0981096841
1347,0.0,0.0,0.0,100.0,39.6653045479,1.62268652476,5.58535821488,10.873559404,11.0504458484,7.61675806617
1366,0.0,0.0,0.0,2.0,84.5955011947,-0.147774853256,6.22240711231,62.824323267,65.2171338463,48.2246374268
1370,60.0,45.0,45.0,0.0,58.361654123,-8.12732878488,3.42852307166,23.5191134686,26.3434807596,20.038571642
1414,3.0,3.0,0.0,0.0,85.310179616,-1.19463374627,5.410529797,63.7127448095,66.6170333375,50.0148439457
712,85.0,0.0,100.0,0.0,59.7921478586,-30.4366156825,25.5024631542,20.0581767438,27.8932215399,11.9988578626
34,30.0,70.0,0.0,0.0,57.9211616736,19.9616555357,-9.36706962571,29.944178352,25.8780997146,26.414508268
676,30.0,0.0,100.0,0.0,73.0163116921,-14.1500776459,47.7927221864,38.9303059848,45.1892173332,12.1742655728
70,85.0,70.0,0.0,0.0,49.4935430336,3.48495198826,-20.0927724169,18.0059963976,17.9978856498,24.2715827487
550,85.0,0.0,70.0,0.0,60.168224164,-29.5414189715,13.4332474455,20.5736192013,28.3104989269,16.8991179976
277,30.0,70.0,30.0,0.0,57.8922813943,15.8645403483,1.83273690961,28.8380290132,25.847780597,20.419887338
514,30.0,0.0,70.0,0.0,72.2828430295,-13.6670160766,32.3534121369,38.0899233173,44.0813578827,17.7592368951
313,85.0,70.0,30.0,0.0,50.8478546117,-3.11517869116,-10.3136126961,17.8622404223,19.1376432078,20.420270891
