SAMPLE_ID,CMYK_C,CMYK_M,CMYK_Y,CMYK_K,LAB_L,LAB_A,LAB_B,XYZ_X,XYZ_Y,XYZ_Z
810,10.0,20.0,20.0,20.0,59.6035238955,6.45660087942,8.739988551,28.3154832734,27.6854857601,18.5496913602
1369,80.0,65.0,65.0,0.0,44.9522077122,-1.13792046137,1.17355275576,13.808586979,14.5075592847,11.5736957282
1393,100.0,85.0,85.0,80.0,33.2433026111,-0.393099312934,0.652211439101,7.33605501005,7.65010769111,6.16778581649
1427,0.0,7.0,7.0,0.0,79.6941747216,6.33329662666,10.5082456157,56.6690193206,56.1413092532,38.0233374445
1387,100.0,85.0,85.0,60.0,34.0854224883,-1.15565857247,0.696529830122,7.63795443678,8.04933601189,6.4821255944
1377,10.0,6.0,6.0,10.0,70.7069281566,0.401820735032,4.88239900497,40.4015184026,41.762590849,31.1913926266
558,85.0,100.0,70.0,0.0,41.5140489321,4.59747563694,-0.441270375776,12.4193568464,12.1884325986,10.1915871656
1381,10.0,6.0,6.0,20.0,64.6516725584,0.531172756925,4.82641884905,32.5585918687,33.6098184877,24.9430877752
1394,80.0,65.0,65.0,80.0,33.7260718946,0.172392027379,1.3806487858,7.61440911859,7.87732008705,6.19063810819
1434,0.0,7.0,7.0,7.0,75.3367375881,5.71802903135,9.66357811693,49.1541086802,48.8160368247,33.3090169007
1388,80.0,65.0,65.0,60.0,35.9908737549,-0.0438470298968,1.37843144758,8.67686127378,9.0034173252,7.09129648151
1392,10.0,6.0,6.0,60.0,46.7674429701,1.08016552256,4.82296452194,15.4607641372,15.8427052483,11.4009193274
1382,80.0,65.0,65.0,40.0,38.9867930901,-0.688252964261,1.93045880455,10.181751998,10.6512654315,8.26240503411
93,10.0,20.0,10.0,0.0,69.9799331294,9.4853420347,3.76068683983,42.3598489564,40.7208974947,31.1062334048
230,85.0,40.0,20.0,0.0,49.8089594093,-7.54989347822,-12.6356788579,16.2384230175,18.259172994,20.6803604241
1430,0.0,7.0,0.0,7.0,76.1262189907,5.93800514943,5.64891232241,50.5038561149,50.0928538252,37.0770469185
1395,60.0,45.0,45.0,80.0,35.5811961752,0.543076966239,1.57293506654,8.54061339739,8.79225469174,6.87637118288
1376,20.0,12.0,12.0,10.0,64.7440875326,-0.799263601923,2.37575816611,32.2977989272,33.7254866759,26.426579011
1389,60.0,45.0,45.0,60.0,38.4034225086,-0.0257069878087,1.74537309274,9.94425105651,10.315842389,8.04529173528
1380,20.0,12.0,12.0,20.0,60.3592139645,-0.440794206816,3.15557151138,27.3952040859,28.5239968475,21.8831893432
1424,3.0,3.0,3.0,3.0,79.6645107388,1.78628395192,7.06943463274,54.7924483048,56.0891161501,40.5800621551
1385,20.0,12.0,12.0,40.0,51.7486225472,0.383154645156,3.80656224225,19.286171869,19.9217479562,14.882318109
1378,60.0,45.0,45.0,20.0,46.1419691834,-0.0327790195324,1.98424649748,14.8194413817,15.3737943054,11.9931861091
1391,20.0,12.0,12.0,60.0,45.505004394,0.587006121205,3.67949418956,14.4693589585,14.9058722188,11.062566393
1420,3.0,3.0,0.0,3.0,79.9932682009,1.81669917324,5.54280861976,55.368988242,56.6693676113,42.2159171141
1397,20.0,12.0,12.0,80.0,39.1361159887,1.00001919284,3.39417540032,10.4861386246,10.7382754627,7.94462898576
210,55.0,20.0,20.0,0.0,59.2978174939,-9.54670674032,-5.59143024927,24.1148753879,27.3509992375,25.6107197633
101,20.0,10.0,10.0,0.0,71.1514825317,-2.36091060334,1.46623175388,40.1278936655,42.4082518297,33.9768845501
1432,0.0,0.0,7.0,7.0,78.1981622896,1.05257449383,11.4849448324,52.0399342357,53.5492414238,35.4575272023
1375,40.0,27.0,27.0,10.0,56.0433421143,-1.15902859146,1.81626698358,22.8426153049,23.9556294851,18.9114517273
1384,40.0,27.0,27.0,40.0,45.7676943883,-0.352807868274,2.23377785398,14.5008267445,15.0976795896,11.6896164895
1379,40.0,27.0,27.0,20.0,51.9720561778,-1.12344572806,1.76817731017,19.1788231542,20.1195033219,15.8605751455
1,0.0,0.0,0.0,0.0,83.0948536431,1.3274607695,7.85347463383,60.6781634012,62.3417994981,44.6662619131
970,100.0,100.0,0.0,40.0,36.6974296903,3.19246991153,-10.416075758,9.42733316157,9.37549769862,10.7129535806
1049,0.0,70.0,100.0,40.0,44.5340700003,19.2954917908,16.4306984128,16.9741977569,14.2110332703,7.01381845597
968,100.0,40.0,0.0,40.0,39.9088641064,-3.75927540836,-10.8486063571,10.2989677473,11.1961327419,12.7212067568
336,10.0,20.0,40.0,0.0,68.9451589021,8.17593958226,20.65335074,40.4599512912,39.268284752,20.5352741922
479,100.0,10.0,55.0,0.0,52.2834282921,-26.7095328358,2.47168161517,14.7854460675,20.3972671903,15.7919736588
560,100.0,10.0,70.0,0.0,52.2303753796,-27.1936163008,7.41324200694,14.6676230119,20.3497610569,13.8122146686
328,0.0,30.0,40.0,0.0,68.7670768684,21.1845737541,22.9961731858,44.5605583976,39.0218318869,19.2647846656
564,100.0,55.0,70.0,0.0,44.5410311234,-9.50842527241,0.630141077184,12.2638143114,14.2159364328,11.5184815749
974,0.0,70.0,20.0,40.0,44.6613400037,20.1963466462,6.35399058531,17.2389603351,14.3008559186,9.7771323304
1045,100.0,100.0,70.0,40.0,35.3021920106,0.366102030385,-0.372245457602,8.38299643357,8.65035234996,7.22793790727
234,85.0,100.0,20.0,0.0,41.9045792613,7.11729013272,-12.2136961608,13.0499315593,12.438407,14.5092526502
999,0.0,70.0,40.0,40.0,45.1551704758,20.220755549,10.061738123,17.6372990167,14.6529671425,8.94883578702
1018,100.0,40.0,40.0,40.0,39.0554091284,-6.05125081026,-2.80551254978,9.54074563944,10.6911892009,9.62685605062
997,0.0,20.0,40.0,40.0,53.1536289188,7.91426308016,15.9741722229,22.1015621542,21.1870727489,11.3544923191
641,100.0,10.0,85.0,0.0,52.2200124878,-27.444736045,11.4267988461,14.6189121207,20.3404902442,12.3514483348
849,10.0,100.0,40.0,20.0,45.4055402092,27.5139745473,7.53663453617,19.2446381661,14.8336730157,9.80715886279
433,30.0,0.0,55.0,0.0,69.8990895485,-15.8713974327,25.4649616997,34.3336476869,40.6061406441,19.0231614295
279,30.0,100.0,30.0,0.0,47.7171942777,28.1441097586,1.06793974266,21.4147344266,16.572802842,13.2793699797
469,85.0,0.0,55.0,0.0,57.3301972344,-29.7426154138,7.88072067849,18.1103670746,25.2623990839,17.1842619251
315,85.0,100.0,30.0,0.0,41.6458119728,7.14125951989,-9.5424148797,12.8841896224,12.2723947111,13.3316043162
1046,0.0,0.0,100.0,40.0,57.0284756595,0.083814962766,33.2112293436,24.0801854543,24.9518493205,8.21594114974
955,20.0,100.0,0.0,40.0,40.9436483371,18.6276324794,-0.604109886201,14.2062376301,11.8293776891,9.94175834384
1056,40.0,0.0,100.0,40.0,49.2704199503,-9.91164012529,20.300448996,15.4261075659,17.8145662747,8.09287547443
965,70.0,100.0,0.0,40.0,38.1328797132,8.04961756073,-7.4510428302,10.8494926382,10.1627074779,10.5581675074
1066,100.0,0.0,100.0,40.0,42.5290069297,-16.7728225234,8.46530642336,10.076594176,12.8451594203,8.14881225083
422,10.0,85.0,55.0,0.0,53.2662097815,35.001471014,14.7203015371,28.6307501179,21.2907178171,11.8388987814
887,20.0,10.0,70.0,20.0,58.7373051933,-3.15010360168,24.9842430673,25.0406453158,26.7447372493,11.5592405327
458,55.0,85.0,55.0,0.0,45.1787449213,11.6935468586,1.50959775957,16.1127073272,14.6699192048,11.5919272645
899,70.0,10.0,70.0,20.0,49.296572202,-15.1053727433,10.7584914495,14.575909363,17.8359884313,10.8878317985
740,10.0,70.0,0.0,20.0,49.3075285542,24.0935322062,-0.974590876571,22.0152700775,17.8449682363,15.1096095303
911,0.0,10.0,100.0,20.0,62.4636191338,5.69498152029,39.9276625671,31.3760038517,30.9478897168,8.94214636609
1265,40.0,100.0,0.0,100.0,33.2175454686,6.70513105138,0.541631673331,8.08608335289,7.63810960067,6.18232997315
905,100.0,10.0,70.0,20.0,45.8321657605,-19.4021673089,5.05907126424,11.6413055503,15.1450045444,10.80026896
1061,70.0,0.0,100.0,40.0,45.1489867642,-14.1940456457,13.2061265029,11.9641196747,14.6485226829,8.08982327566
952,20.0,20.0,0.0,40.0,50.9185738509,3.28879980584,-0.677707015204,19.1534772056,19.1984453919,16.121506909
1063,70.0,40.0,100.0,40.0,40.8861990593,-4.28283935579,7.70078697193,10.7869516179,11.7936105493,7.61411960521
358,30.0,70.0,40.0,0.0,51.4374376421,20.2394554532,5.09408153478,23.1866538879,19.6484915151,14.1732068493
720,85.0,100.0,100.0,0.0,41.1933493327,2.5668763609,3.22403507783,11.9225386325,11.9856784713,8.95079975839
135,55.0,100.0,10.0,0.0,45.3069219162,16.9710567189,-10.6692536926,17.1578206623,14.7623183772,16.2536747961
350,20.0,85.0,40.0,0.0,50.5184725175,29.5971962658,6.8111946581,24.4151017788,18.8561418156,12.9476644616
384,70.0,55.0,40.0,0.0,47.5433805526,0.0757089767533,-4.0156519166,15.8638023072,16.437545953,15.1093806616
1027,20.0,20.0,70.0,40.0,48.2936701157,1.20928430809,16.3813064861,16.6346566439,17.026707878,8.69558259595
986,70.0,0.0,20.0,40.0,45.5080887827,-12.1142011001,-1.49174614489,12.4938749452,14.9081148563,12.8271815105
389,85.0,10.0,40.0,0.0,55.0609644113,-23.2936122155,-0.96948008919,17.4854296649,22.9889599735,19.4221519446
1002,20.0,20.0,40.0,40.0,48.7780153924,1.78415671188,10.6177799649,17.1166181462,17.4144173095,10.6479470656
1013,70.0,40.0,40.0,40.0,40.5692668136,-2.74790394814,-0.0187723895245,10.8096478853,11.5975881501,9.57474983983
1004,20.0,70.0,40.0,40.0,42.0211763272,13.4519290681,5.83622578107,14.1206823226,12.5136965904,8.62135790476
216,55.0,100.0,20.0,0.0,44.5991739938,16.5893369648,-7.69266727536,16.5372224101,14.256934219,14.5577971234
728,100.0,85.0,100.0,0.0,40.7217807373,-3.21880607085,2.1049950971,10.8347519052,11.6916445253,9.03721747798
471,85.0,20.0,55.0,0.0,52.3213401531,-19.0245726411,3.25343586226,16.1248089552,20.4312605531,15.4993348386
457,55.0,70.0,55.0,0.0,46.6510950029,8.85902988146,2.38774073204,16.7370056821,15.7547686447,12.1562042707
435,30.0,20.0,55.0,0.0,63.1110993181,-1.78099006261,20.1293262222,30.1110459882,31.7203733758,16.2110889542
421,10.0,70.0,55.0,0.0,55.101717707,31.6469201904,16.8111631869,29.8203115234,23.0285350041,12.2068931078
400,100.0,30.0,40.0,0.0,49.2128625858,-16.5595400814,-5.89793566205,14.2799569396,17.7674796056,17.0901792915
186,20.0,55.0,20.0,0.0,56.8596082456,20.7525498204,1.27862066556,28.9512030617,24.779157017,19.827420347
616,55.0,30.0,85.0,0.0,53.3855858164,-7.87012469196,16.5735007056,19.0502076878,21.4009873535,11.2888377382
222,70.0,55.0,20.0,0.0,48.5215962334,1.75502290092,-10.4019470521,16.9101558203,17.2084336463,18.5657869321
580,10.0,30.0,85.0,0.0,64.6682095653,12.4806584982,36.1495791783,36.0486980251,33.6304970336,11.2483742888
1267,100.0,40.0,0.0,100.0,33.2161027067,-0.935769495976,-3.21492231346,7.26771709415,7.6374379103,7.04542234968
935,70.0,10.0,100.0,20.0,49.0867954527,-15.8420173953,15.9260722708,14.308175296,17.6646363396,9.2086710284
1261,0.0,40.0,0.0,100.0,35.7205705573,6.52358976304,4.11503167931,9.31975754832,8.8637184764,6.34702379741
918,10.0,20.0,100.0,20.0,57.4569917552,5.59111203029,31.4206291573,25.8072555205,25.3936686948,8.90700248264
474,85.0,55.0,55.0,0.0,46.0862125964,-5.68942955795,-1.61812409137,13.8619357093,15.3324492323,13.2332924759
452,55.0,10.0,55.0,0.0,60.0600868048,-17.705241264,12.6111023902,23.0130079855,28.1900913031,17.1739684592
438,30.0,55.0,55.0,0.0,53.8514737187,14.2517967343,11.1048364054,24.1891036458,21.8349776667,13.477894087
416,10.0,10.0,55.0,0.0,72.3683727355,1.01155023943,31.6330288258,42.9716770196,44.2096020347,18.1478001434
960,40.0,100.0,0.0,40.0,38.9037604503,13.8524051214,-3.77325098299,12.1271133836,10.6030865242,9.83708508283
1059,40.0,70.0,100.0,40.0,40.5479172745,7.45433302944,8.64937404033,12.2274254473,11.5844621328,7.23348925745
958,40.0,40.0,0.0,40.0,45.0691906458,4.31712875487,-4.7722692192,14.773980979,14.5912508966,13.7516442705
372,55.0,20.0,40.0,0.0,57.6130582959,-11.0373997445,3.98457496826,22.1601231634,25.5558667876,19.1619748363
370,55.0,0.0,40.0,0.0,63.8303523087,-23.5131079201,9.08528348647,25.4169035456,32.5934377899,21.911305552
362,40.0,10.0,40.0,0.0,63.6079917222,-12.0434377564,11.0428324442,27.9998651129,32.3218370566,20.7359688199
364,40.0,30.0,40.0,0.0,58.0287722029,-0.981237277629,7.18772865019,24.8327719895,25.991280236,18.0226532319
366,40.0,55.0,40.0,0.0,51.7494232372,10.5770391248,3.43903939992,21.375130017,19.9224543026,15.028548485
984,40.0,70.0,20.0,40.0,40.8616279874,9.64291972501,-0.853999511938,12.7518124634,11.7783349723,9.97454600681
1035,40.0,100.0,70.0,40.0,38.5797317308,11.1270454517,5.1617847018,11.538262293,10.4164617259,7.25651323924
198,30.0,100.0,20.0,0.0,47.9825386427,27.9724690405,-1.28544783687,21.6216504999,16.7807139859,14.3355244865
1009,40.0,70.0,40.0,40.0,40.8834518094,8.92978898837,2.28991984594,12.6590694354,11.7919019575,9.06382461819
1008,40.0,40.0,40.0,40.0,44.1276929111,2.99603940495,4.55680094752,13.9006440805,13.9267459528,10.0413694373
1007,40.0,20.0,40.0,40.0,46.8842627936,-2.38103078011,6.44027784985,14.9612054871,15.9313270844,10.9389363503
371,55.0,10.0,40.0,0.0,60.5695389732,-16.9822060035,6.08730613467,23.668918487,28.7603474857,20.5967045321
419,10.0,40.0,55.0,0.0,62.4678115412,18.8545281785,22.1661549594,35.1227857011,30.952850733,14.9304804618
437,30.0,40.0,55.0,0.0,56.7819991133,8.10408438128,13.4939689204,25.7121071784,24.700057999,14.4871439348
455,55.0,40.0,55.0,0.0,52.0987853542,-1.95144593738,6.48586375604,19.1233325201,20.2322475131,14.0772279761
473,85.0,40.0,55.0,0.0,48.3768395786,-9.98520741284,0.364065668726,14.7664896244,17.0928699801,13.9650815301
150,85.0,55.0,10.0,0.0,47.2145045947,-0.517979742143,-16.755877312,15.5169842273,16.1836414718,20.5071699089
1048,0.0,40.0,100.0,40.0,48.5144208587,12.8707368553,21.453398832,19.0001008044,17.2026930927,7.46335405146
953,20.0,40.0,0.0,40.0,46.6945828398,8.89763810038,-1.26336128584,16.7777350268,15.7875988687,13.4885225059
1058,40.0,40.0,100.0,40.0,43.611267875,1.38785096505,12.1050866587,13.2996350269,13.5709768356,7.6886912764
963,70.0,40.0,0.0,40.0,42.4036192762,-0.699199191763,-8.78413974003,12.2048313613,12.762780965,13.5339262611
1068,100.0,40.0,100.0,40.0,38.7300278782,-8.39314543251,4.0589574596,9.08477077747,10.5027503007,7.59500143644
418,10.0,30.0,55.0,0.0,65.2892389649,12.7749744172,25.4498563869,36.9481658096,34.4132116377,15.5652018164
436,30.0,30.0,55.0,0.0,60.2656963483,2.23223623675,17.1376459227,27.9667010964,28.4193245827,15.4235286761
454,55.0,30.0,55.0,0.0,54.4246099326,-6.90778824128,7.74917340497,20.1380853708,22.376872272,15.1490721871
76,100.0,30.0,0.0,0.0,50.2704540555,-11.3920081046,-24.6703994019,15.9136938263,18.6460082009,27.6570135095
738,10.0,20.0,0.0,20.0,60.4164364151,7.89728160875,0.40236841963,29.5982528308,28.5881712822,23.3727776131
1278,0.0,0.0,100.0,100.0,37.1058467065,-0.333162343897,8.87361111551,9.2122471891,9.59517820163,5.83108718987
1263,40.0,0.0,0.0,100.0,35.9215314849,-1.42567242863,1.01493531829,8.48305767639,8.96744071753,7.15025705403
1284,100.0,0.0,100.0,100.0,33.8419994885,-6.00180191165,2.62732645755,7.02597079925,7.9325423887,5.96301551014
1051,20.0,0.0,100.0,40.0,51.637877423,-5.95326018123,25.3702169918,17.9690894446,19.8242124529,7.83559783193
962,70.0,20.0,0.0,40.0,45.048625835,-5.15836288111,-8.34568735783,13.2455429235,14.5765152201,15.1208516564
1053,20.0,40.0,100.0,40.0,45.3099526006,6.08306722888,16.2190183251,15.2433292707,14.7645077943,7.39112361538
394,85.0,70.0,40.0,0.0,43.4636233109,0.498859938872,-6.27143185742,13.0654305917,13.4703890223,13.2814312354
684,30.0,100.0,100.0,0.0,46.4185099472,25.4674592295,13.5960492108,19.7066388116,15.5799558728,8.57251921396
99,10.0,100.0,10.0,0.0,51.4137938241,39.8920830312,2.4571471819,27.8414288637,19.6278322561,15.1894742656
386,70.0,85.0,40.0,0.0,43.4871176867,7.30218610927,-5.25645060813,14.1478600171,13.4863619865,12.9277338367
348,20.0,55.0,40.0,0.0,55.2883382146,20.3463937098,9.1725523603,27.1285257016,23.2103401753,15.1753978902
1037,70.0,20.0,70.0,40.0,42.3824393046,-7.9902726602,6.55640322994,11.1594593579,12.7489007984,8.59466753593
976,20.0,0.0,20.0,40.0,53.9882708247,-4.67623790048,8.1058821021,20.2096084659,21.9635139056,14.7099897698
353,30.0,10.0,40.0,0.0,66.4266782875,-8.08579963134,14.8424050685,32.2883153014,35.8780993395,21.2629411035
1012,70.0,20.0,40.0,40.0,43.0964225457,-6.99750501322,1.53811721173,11.7281060627,13.2223791441,10.4231882022
1003,20.0,40.0,40.0,40.0,46.1821725209,7.68098482183,8.20128582488,16.1676304982,15.4036522809,10.0103148107
1014,70.0,70.0,40.0,40.0,38.4605637721,2.81210978727,-1.09733208996,10.3418390598,10.3483814968,8.84136432074
180,10.0,100.0,20.0,0.0,51.4637963854,39.406631726,5.44658990277,27.7732629136,19.6715400778,14.0560953834
1042,100.0,20.0,70.0,40.0,40.1804422053,-11.2959208366,2.8705246898,9.49189255962,11.3600826782,8.56438035044
989,70.0,70.0,20.0,40.0,38.6264530865,3.78007696262,-4.58809506441,10.5632058068,10.4432347376,9.93838346106
1032,40.0,20.0,70.0,40.0,46.4664663647,-3.34656368358,11.5809550767,14.5038034456,15.6158939173,9.1592151833
979,20.0,70.0,20.0,40.0,43.2542205631,14.6738275987,2.26290543077,15.1976781727,13.328580568,10.2827561729
1022,0.0,20.0,70.0,40.0,52.6743957377,7.72161059917,22.6678019502,21.6158135756,20.7496403063,9.05001562698
465,70.0,55.0,55.0,0.0,47.1499729818,-0.603000592021,1.49317306968,15.4549028581,16.1341295407,12.7721238205
443,40.0,10.0,55.0,0.0,63.3143428247,-12.229986693,17.5719231667,27.6330321189,31.9654794472,17.4580508701
429,20.0,55.0,55.0,0.0,55.8484762714,19.2901560173,14.4853439096,27.4673067574,23.7617662377,13.5010591951
407,0.0,10.0,55.0,0.0,76.2707314222,8.30509869139,38.1004927273,51.6362363792,50.3289560403,18.2656394298
847,10.0,40.0,40.0,20.0,54.6836050183,13.0519269573,12.9028095434,24.742563119,22.6246623446,13.3439919532
791,70.0,10.0,10.0,20.0,51.6597389615,-12.4766121075,-8.50523496927,16.7826554987,19.8434410816,20.2215872575
1282,40.0,40.0,100.0,100.0,35.2602762238,0.400085622326,4.77894909107,8.36635231388,8.6291666962,6.02630221077
779,20.0,10.0,10.0,20.0,61.0518306672,-1.53756397944,2.70485208823,27.8701544066,29.3072397379,22.7343626486
920,10.0,70.0,100.0,20.0,47.4090551543,22.2315591104,18.5320887217,19.9148691296,16.3335233612,7.71948955481
470,85.0,10.0,55.0,0.0,54.5692317228,-24.2886113677,4.89419130395,16.9144631145,22.5150129136,16.424411801
456,55.0,55.0,55.0,0.0,48.8416567425,3.67858250048,4.58507357664,17.5160003697,17.4657942871,12.7097111866
434,30.0,10.0,55.0,0.0,66.2502363594,-8.07055406423,22.710264349,32.0808374172,35.6481910132,17.4244727458
420,10.0,55.0,55.0,0.0,58.2596721755,25.3775073194,18.9558141717,31.8054973647,26.2352444614,13.3854124064
950,0.0,100.0,0.0,40.0,43.4176037934,25.9926584619,2.90185954422,17.3190238857,13.4391385967,10.1728312198
1069,100.0,70.0,100.0,40.0,36.0594589423,-3.32311203929,1.89775647591,8.33481889428,9.03909566474,6.99506253717
948,0.0,40.0,0.0,40.0,50.2651260905,15.4067202132,3.04584169907,21.0445352806,18.6415112968,14.1835404508
481,100.0,30.0,55.0,0.0,47.6978447127,-18.193517148,-0.886705746581,12.9981724048,16.5577089969,13.9954334309
334,10.0,0.0,40.0,0.0,77.0788638493,-6.32275306138,28.11218548,47.4999479527,51.6629561502,23.9207113066
326,0.0,10.0,40.0,0.0,76.4074788314,8.93382161426,30.0449072727,52.1023888249,50.5530539451,22.2841587504
562,100.0,30.0,70.0,0.0,47.5778227145,-18.7451688954,3.6601934633,12.8362512867,16.4642891732,12.2688770324
330,0.0,55.0,40.0,0.0,61.1580145931,34.4500990181,18.1678188974,38.1414240577,29.4285703379,15.6301166237
994,100.0,70.0,20.0,40.0,37.175349255,-0.691977591592,-7.37758369059,9.20508685868,9.63290074379,10.0254468537
1025,0.0,100.0,70.0,40.0,41.2378951985,23.0140803513,11.4613040703,15.1385346046,12.0137059457,6.84443820034
813,10.0,100.0,20.0,20.0,45.234692453,28.4199849104,4.40576709413,19.2781681207,14.7102026349,10.6804824487
1019,100.0,70.0,40.0,40.0,37.0438978131,-1.19646977439,-4.00759970033,9.07625301819,9.56163853015,8.97260899743
998,0.0,40.0,40.0,40.0,49.3100599924,13.5958275088,13.5167227869,19.8257038983,17.8470434267,10.0338317038
1017,100.0,20.0,40.0,40.0,40.7626818928,-10.6675766289,-1.90287631002,9.88423534838,11.7169547326,10.2426731403
335,10.0,10.0,40.0,0.0,73.2947803457,1.15299195568,23.7291320701,44.3824828967,45.6146400564,22.7785455433
971,0.0,0.0,20.0,40.0,59.2283997897,0.764456323191,14.5841112841,26.4880328703,27.2754235913,15.7351781017
1030,20.0,100.0,70.0,40.0,39.6193792284,16.8360698477,7.9444397222,13.029929583,11.0231176942,7.01684665599
981,40.0,0.0,20.0,40.0,50.9964310352,-8.61189194105,3.84569291337,16.9646809243,19.2655333418,14.360674651
1040,70.0,100.0,70.0,40.0,36.9896566532,4.99963340362,1.77381463747,9.80892304191,9.53233614707,7.4158960943
991,100.0,0.0,20.0,40.0,44.1153642915,-14.9261163289,-4.54725916424,11.2329444766,13.9181810633,13.0627266991
848,10.0,70.0,40.0,20.0,48.2780962869,23.0819164213,9.73108156419,20.8585184841,17.0143377579,10.6557774812
851,20.0,10.0,40.0,20.0,58.9892600138,-2.69381062478,15.5433903931,25.4056121406,27.0161361606,15.1794256235
431,20.0,85.0,55.0,0.0,50.4488455605,29.398066471,11.0013966572,24.2996795921,18.7969918401,11.4568526686
863,70.0,10.0,40.0,20.0,50.0352043118,-14.9291003661,1.93026809021,15.1345369153,18.448141028,14.4604979559
467,70.0,85.0,55.0,0.0,43.6163322106,6.92160492583,-0.917728737389,14.1762664436,13.5744359376,11.5030215691
875,0.0,10.0,70.0,20.0,63.817007092,5.49486792643,34.8021845454,32.9433179569,32.5770946159,11.209015991
440,30.0,85.0,55.0,0.0,48.6636713267,23.864599489,8.22433304918,21.3723552402,17.3223618891,11.35730752
893,40.0,10.0,70.0,20.0,54.0324484557,-9.17942946121,19.2760290648,19.341925236,22.0051312478,10.7752288979
476,85.0,85.0,55.0,0.0,41.7048152117,2.22837854953,-3.5344474201,12.1925098319,12.3101174404,11.2785512724
731,0.0,10.0,0.0,20.0,66.1649551196,7.08740616386,4.91509354086,36.3673667009,35.5374203579,26.3747225945
1280,0.0,100.0,100.0,100.0,33.9855768317,9.23121513415,6.61037537409,8.75044043583,8.00129268312,5.196299486
749,40.0,10.0,0.0,20.0,56.7817574198,-5.62981065392,-6.90882834936,22.558511237,24.699811929,23.934811167
1286,100.0,100.0,100.0,100.0,31.8951089398,0.0924998825292,0.730150099472,6.79662627012,7.03881463883,5.65506044475
91,10.0,0.0,10.0,0.0,79.1160712882,-5.14094144811,9.25026587479,51.1867189255,55.1299683878,38.2165718409
151,85.0,70.0,10.0,0.0,44.1909176443,3.51576383412,-16.1265254734,14.0270446674,13.9707244067,17.779506717
127,55.0,0.0,10.0,0.0,65.5315177513,-21.0481354886,-8.78525004576,27.8192032886,34.7218305551,34.3632558516
115,30.0,70.0,10.0,0.0,51.8206609642,21.7953521356,-5.41764780508,23.9117288261,19.98536509,18.8898733862
74,100.0,10.0,0.0,0.0,55.3340650646,-20.068617786,-25.1012199793,18.3141511326,23.2550326184,33.4969225016
799,100.0,40.0,10.0,20.0,42.7314462152,-6.6726870922,-13.2320613435,11.5516968216,12.9789069162,15.4795319602
901,70.0,40.0,70.0,20.0,43.5647438461,-4.74246906347,6.00457563882,12.3456161967,13.539226938,9.32411478931
787,40.0,40.0,10.0,20.0,49.9120376135,4.75937159726,-4.49308388937,18.5941306132,18.3451068395,17.0039404181
889,20.0,40.0,70.0,20.0,50.7737140292,8.66965176905,17.10506566,20.1056845312,19.074037445,9.71382033089
769,0.0,40.0,10.0,20.0,57.1932555328,19.3285124061,6.26746386889,28.9548603378,25.1211331548,17.7901114969
92,10.0,10.0,10.0,0.0,74.309991539,2.47872437228,6.00298954425,46.3781780435,47.1882027868,34.6033623208
152,85.0,85.0,10.0,0.0,42.779269306,6.24978483832,-15.7051717897,13.4976435579,13.0106376344,16.5393808106
128,55.0,10.0,10.0,0.0,62.2650146218,-14.3160205666,-10.3028956968,26.0040867521,30.7134812283,31.6010019025
116,30.0,85.0,10.0,0.0,49.7087215171,25.6616181449,-5.06065482301,22.7356287836,18.1758648249,17.0978269347
236,100.0,10.0,20.0,0.0,54.0724913602,-23.4443774137,-13.8329042499,16.6804273939,22.0428988815,25.1776003928
323,100.0,85.0,30.0,0.0,41.8238564841,1.16783151642,-11.2639209586,12.1128931573,12.3864596225,14.0903250387
587,20.0,10.0,85.0,0.0,67.45142926,-4.59561604742,37.8645037937,34.5449513726,37.2329433747,12.2899150953
214,55.0,70.0,20.0,0.0,47.7734131816,10.4244540797,-7.93210656508,17.9163908868,16.616709065,16.8969637214
623,70.0,10.0,85.0,0.0,55.5905760399,-22.2814219843,18.8614684954,18.1033144095,23.5068049111,11.7936249742
178,10.0,70.0,20.0,0.0,56.0015230716,32.2392523357,5.28154701623,31.0189223133,23.9139370792,17.3187023628
164,0.0,10.0,20.0,0.0,77.8668931836,8.57402155483,18.5796743343,54.4120462054,52.9862718891,30.3243858468
224,70.0,85.0,20.0,0.0,44.6568913203,9.37777805813,-10.5383312521,15.3246305962,14.29770983,15.7348304071
200,40.0,10.0,20.0,0.0,65.2826782693,-10.7590297784,0.743730201572,30.2129445763,34.404880041,27.9380635911
188,20.0,85.0,20.0,0.0,51.9195832397,30.1308459755,1.2927386527,25.9689620023,20.0729438361,16.019800636
398,100.0,10.0,40.0,0.0,53.6193104265,-26.1477044228,-3.62167523569,15.8578863756,21.6179836616,19.5008590003
1277,100.0,100.0,40.0,100.0,32.0268982949,1.28954810998,-1.26121209594,6.97237570512,7.09707919171,6.12750133578
815,20.0,10.0,20.0,20.0,60.1379272011,-1.93615878717,7.36005329766,26.7873683894,28.2767296871,19.6228278424
1271,0.0,100.0,40.0,100.0,34.8292326138,11.0250248714,5.65871216926,9.40034384997,8.41330612772,5.68210588593
827,70.0,10.0,20.0,20.0,50.7625064494,-13.0977121973,-4.23242026223,15.9860810507,19.0644346579,17.5298902671
233,85.0,85.0,20.0,0.0,42.5178934333,5.46360301552,-12.2958074312,13.2014837295,12.8378436874,14.9564509495
596,30.0,10.0,85.0,0.0,64.8234697437,-8.2250667926,34.4948366543,30.3612139369,33.8250544595,11.8904570777
197,30.0,85.0,20.0,0.0,49.6459839136,25.3960050733,-1.5645547742,22.6174704791,18.1238524692,15.5828283223
632,85.0,10.0,85.0,0.0,53.7767265149,-25.2561239099,15.0487540321,16.1321270248,21.7649566248,12.0270453867
873,100.0,100.0,40.0,20.0,37.3506063927,1.4730228677,-6.03493110953,9.56254371584,9.72846033428,9.71284159153
826,70.0,0.0,20.0,20.0,53.2035659656,-17.8383740408,-3.36220961128,17.0168754243,21.2330045702,19.0426132232
861,40.0,100.0,40.0,20.0,41.5982525075,16.7006661356,1.54054884301,14.3511064725,12.2420445209,9.6381348565
814,20.0,0.0,20.0,20.0,63.080889826,-7.11184243708,9.67957647191,28.6800488429,31.6840488714,20.9607717394
843,0.0,100.0,40.0,20.0,46.5056851597,33.2177842717,10.9851989901,21.3832740421,15.6453251226,9.35016497647
87,0.0,55.0,10.0,0.0,62.8914599373,34.3418497852,5.85798901438,40.4834264501,31.4569064955,22.7441313485
139,70.0,30.0,10.0,0.0,53.2602545233,-7.54518424159,-15.1404544614,19.007988973,21.2852267924,25.1255459818
123,40.0,55.0,10.0,0.0,52.4921456806,11.8966531565,-9.0429105023,22.3475811866,20.5848803755,21.1929801619
103,20.0,30.0,10.0,0.0,63.9830664687,8.78816291126,-1.38323651883,34.0899253059,32.7808479882,27.8697306993
159,100.0,55.0,10.0,0.0,45.3245867731,-3.48844079149,-18.5323184705,13.6908731215,14.7750828113,19.7905941836
734,0.0,70.0,0.0,20.0,50.842853575,29.7340311045,1.99448059637,24.7722782249,19.1333483403,14.9814751219
924,20.0,20.0,100.0,20.0,54.5878900566,1.47104224105,27.1740095529,22.0450414374,22.5328763803,8.71199560663
752,40.0,70.0,0.0,20.0,45.3886974757,13.6862552062,-7.71653876792,16.6266860214,14.8214703181,15.1037603124
936,70.0,20.0,100.0,20.0,47.1589171622,-12.3888669343,13.3538286709,13.5349783269,16.1409859334,8.99469430661
764,100.0,70.0,0.0,20.0,40.0671398594,0.684667100948,-15.4654194051,10.9811396362,11.2914895934,14.5418013385
176,10.0,40.0,20.0,0.0,62.8800208231,19.2990706916,6.78996320447,35.7823462419,31.4432249016,22.2488790523
228,85.0,20.0,20.0,0.0,53.4013503173,-16.505897227,-12.005434145,17.4177153192,21.4155776696,23.5401711343
212,55.0,40.0,20.0,0.0,53.1838971532,-0.470270455001,-7.44609449163,20.3608101649,21.2149053889,20.9915116006
192,30.0,20.0,20.0,0.0,64.1044424984,-0.845695514511,2.25830109994,31.5217968939,32.9303115061,25.859782521
321,100.0,55.0,30.0,0.0,45.1375072083,-6.45204558151,-11.2353568796,13.1057831115,14.6402742895,16.3687589282
967,100.0,20.0,0.0,40.0,41.4925042246,-7.88137446993,-10.9087575927,10.6551625469,12.1747404036,13.740322978
1064,70.0,70.0,100.0,40.0,38.337262735,1.25186695454,4.4990782111,10.0710534402,10.2782529807,7.31656104013
957,40.0,20.0,0.0,40.0,47.6203519379,-0.626032290047,-4.29012109188,15.7996217023,16.4973517366,15.2724727596
1054,20.0,70.0,100.0,40.0,42.4496072454,12.7964071177,12.246573866,14.3130170775,12.7929535811,7.15599410344
947,0.0,20.0,0.0,40.0,54.7572178436,9.20296044915,4.36856079237,23.926616959,22.6954227594,16.7855711744
177,10.0,55.0,20.0,0.0,59.6098456671,25.7623691962,5.86358254863,33.5501602002,27.6924313075,19.9025375817
211,55.0,30.0,20.0,0.0,55.995696881,-5.55516253496,-6.52126697503,21.8384407764,23.9081323735,23.0019684742
213,55.0,55.0,20.0,0.0,50.4815913883,5.69211242584,-7.93782248814,19.256035098,18.824794871,18.9879740963
175,10.0,30.0,20.0,0.0,67.1333199757,14.165102413,8.9001941276,39.8724906743,36.8087785534,25.0575046662
775,10.0,40.0,10.0,20.0,54.8728305377,15.1777249197,2.73946329483,25.436132665,22.8068531674,17.5805641454
1272,40.0,0.0,40.0,100.0,36.3389862187,-2.69787918226,3.58231553257,8.54353144679,9.18548201659,6.71173377971
1273,40.0,40.0,40.0,100.0,34.3478401421,1.64993573986,2.85284073452,8.06578973677,8.17652118186,6.10294969993
774,10.0,20.0,10.0,20.0,60.0130690118,6.86872624927,4.94938398042,28.8756952605,28.1378451082,20.684409653
95,10.0,40.0,10.0,0.0,63.7298443858,19.8018947486,2.09835150204,37.0414567258,32.4704854561,25.5832931991
147,85.0,20.0,10.0,0.0,54.1492212604,-14.6717490315,-17.0117780091,18.3696039765,22.1153896171,27.0811067134
131,55.0,40.0,10.0,0.0,53.9973798808,0.698294965921,-11.7273705846,21.3350448159,21.9720907536,23.9445158569
111,30.0,20.0,10.0,0.0,64.4679114461,0.311440847197,-3.37197375005,32.2755616551,33.3806062723,29.5999289276
78,100.0,55.0,0.0,0.0,45.6353648831,-2.79084875043,-22.6753869714,14.0141587729,15.000852695,22.111333506
800,100.0,70.0,10.0,20.0,39.8083071698,0.68765202885,-12.2870847839,10.8305858054,11.1358296876,13.1767391774
900,70.0,20.0,70.0,20.0,45.9703254115,-11.3008249931,8.5584186672,12.9141622717,15.2467529168,9.79279949925
788,40.0,70.0,10.0,20.0,44.4538145955,13.1769681923,-4.97562050054,15.826338947,14.1545856788,13.4326754982
888,20.0,20.0,70.0,20.0,54.7267181384,1.44447493267,22.1702622784,22.1689707216,22.6660870084,10.2435312157
770,0.0,70.0,10.0,20.0,50.9171580157,28.7371903582,4.92245148446,24.6144267034,19.1972268397,13.8975834465
96,10.0,55.0,10.0,0.0,59.2089290971,27.4553281828,0.8941328836,33.5401067493,27.2542507119,22.0256235425
148,85.0,30.0,10.0,0.0,52.0880417591,-10.4115914897,-16.9915763196,17.4979810409,20.2226732108,25.030469911
132,55.0,55.0,10.0,0.0,50.6128375327,6.92329219439,-12.0222367491,19.6134091377,18.9365053065,21.0627918358
112,30.0,30.0,10.0,0.0,61.2230630725,4.97333263784,-4.61015447106,29.7440500458,29.5030628478,26.9603600516
240,100.0,55.0,20.0,0.0,45.5290914686,-5.35481977811,-14.6409466754,13.5363748163,14.9233917436,18.1475082019
319,100.0,30.0,30.0,0.0,49.0578602258,-15.3796842108,-11.1692046758,14.3629924287,17.6410876431,19.3512480641
591,20.0,55.0,85.0,0.0,54.3336303471,19.3896317047,21.409800807,25.8880144965,22.2902600924,10.2690318958
1396,40.0,27.0,27.0,80.0,37.8218943841,0.629993291293,2.3725421093,9.71060969857,9.9885620389,7.62548868909
627,70.0,55.0,85.0,0.0,46.1513048655,-1.71017850272,8.97125459551,14.5493301174,15.3807242315,9.76270012261
174,10.0,20.0,20.0,0.0,69.2481170373,9.18982526001,10.2836272524,41.216841336,39.689937727,26.3442200123
168,0.0,55.0,20.0,0.0,62.1660083127,34.1353654284,10.9350985466,39.4116806737,30.5970696989,19.5856269469
220,70.0,30.0,20.0,0.0,53.5720199414,-9.05736131926,-9.76650756619,18.9750152496,21.5739600718,22.5124326957
204,40.0,55.0,20.0,0.0,52.6004828713,11.2871599336,-4.01556360122,22.3164838086,20.6827151307,18.86322376
184,20.0,30.0,20.0,0.0,63.2744775378,8.46583067927,4.03646596692,33.1224723042,31.9173038246,24.0701384713
402,100.0,55.0,40.0,0.0,44.9868118521,-7.53509023691,-8.055417488,12.8425767592,14.5322822617,14.9629395447
1275,100.0,0.0,40.0,100.0,34.7831975393,-5.81650186642,0.0450032841869,7.46289662935,8.39046750806,6.9123438268
1270,0.0,40.0,40.0,100.0,36.4404611952,5.74286459929,6.19217273981,9.60559663568,9.23901218363,6.16172201917
1269,0.0,0.0,40.0,100.0,37.5521177723,0.677299080672,7.56870410979,9.57157801875,9.83911377713,6.28102914565
1276,100.0,40.0,40.0,100.0,33.6222659866,-2.05574238677,-0.994260737733,7.33302419888,7.82808998492,6.68680424881
229,85.0,30.0,20.0,0.0,51.8802455685,-12.4421329394,-12.2443695667,16.9609217051,20.0380864835,22.2846467231
600,30.0,55.0,85.0,0.0,52.7100462849,14.1257779439,18.9924472868,23.0463727212,20.7819720118,10.1516499074
193,30.0,30.0,20.0,0.0,61.2418112911,3.9597377219,1.30278756222,29.4983514759,29.5245563297,23.6528894887
636,85.0,55.0,85.0,0.0,44.9273926293,-6.31186420883,6.02533728337,12.9890557235,14.4898473878,10.014117316
944,100.0,70.0,100.0,20.0,38.7548517149,-5.05141729853,2.68063853882,9.5041975059,10.5170479454,7.95924606604
756,70.0,20.0,0.0,20.0,49.5432813621,-7.45515319814,-13.377690959,16.0537960472,18.0389216688,20.8203773111
932,40.0,70.0,100.0,20.0,43.2297505853,10.6012349576,10.950293818,14.5032205079,13.3120746349,7.81581729258
744,20.0,20.0,0.0,20.0,57.5273579224,4.10396978578,-3.1025007138,25.5238474529,25.4667141862,22.5935118427
914,0.0,70.0,100.0,20.0,49.4382013441,27.6946871836,21.5656097367,22.9276196079,17.9522998432,7.83870570241
83,0.0,10.0,10.0,0.0,77.8360513165,9.39616813077,11.5109631175,54.6847925418,52.9340599129,35.0011338369
143,70.0,85.0,10.0,0.0,44.1781211396,9.92257605891,-13.7712282747,15.0682433569,13.9618158317,16.74278289
119,40.0,10.0,10.0,0.0,65.1758884497,-9.92967767679,-6.30692695479,30.311551741,34.2694539179,32.2733043967
107,20.0,85.0,10.0,0.0,50.8272305784,30.9055322644,-2.2443146886,25.0313412044,19.1199355207,16.7159015916
155,100.0,10.0,10.0,0.0,54.389191391,-21.6079357858,-19.5406028809,17.2621259814,22.3431273503,28.8511956977
805,0.0,40.0,20.0,20.0,56.8103053035,19.1414741022,10.2075205598,28.4807045607,24.72888806,15.8204024423
853,20.0,40.0,40.0,20.0,51.4622099109,9.73689632721,9.47558077048,20.937761504,19.6701523262,12.5777591425
823,40.0,40.0,20.0,20.0,49.0445844312,4.26520031995,-1.4090469166,17.788578976,17.6302902544,15.1020691776
865,70.0,40.0,40.0,20.0,44.8378681973,-4.23415518199,-0.39352373869,13.2479720411,14.4260686743,12.0374875506
835,100.0,40.0,20.0,20.0,43.8639384461,-8.14961057429,-10.0242235156,12.0370126932,13.7442766842,14.9759562846
172,10.0,0.0,20.0,0.0,78.4983025239,-6.13256892099,15.6348238209,49.8130388825,54.0627401927,32.958531873
232,85.0,70.0,20.0,0.0,44.9647914834,2.28455111827,-12.3976630988,14.3665201922,14.516546531,16.7354172481
208,55.0,0.0,20.0,0.0,65.0885782945,-22.419048551,-2.68182923618,26.9988066828,34.1589954661,29.8379957581
196,30.0,70.0,20.0,0.0,51.4451689909,21.4447438652,-1.83279477701,23.4648672855,19.6552500797,16.9966183167
317,100.0,10.0,30.0,0.0,54.3333738781,-24.3175134546,-8.64062366733,16.7256174822,22.2900162515,22.6098270393
404,100.0,85.0,40.0,0.0,41.0450012611,-0.175518415154,-8.70490530825,11.4434945825,11.8926548391,12.6555414271
182,20.0,10.0,20.0,0.0,70.4335283168,-3.37657850162,7.77729416001,38.816897398,41.3687842142,29.0634908934
620,55.0,85.0,85.0,0.0,44.1581380628,10.9597639768,7.6329109764,15.2284452637,13.9479117385,9.15011834697
218,70.0,10.0,20.0,0.0,58.6991821801,-18.9694406617,-8.11255901202,21.4620004766,26.7038311729,26.4648743853
584,10.0,85.0,85.0,0.0,51.8330009107,35.2755171518,21.2467644987,27.137327426,19.9962760665,9.04161163442
173,10.0,10.0,20.0,0.0,74.0952615079,1.5838582032,12.6321581991,45.7346256363,46.8524043684,29.973124904
215,55.0,85.0,20.0,0.0,46.3011138787,13.869025506,-7.93211752316,17.3753123198,15.4922132602,15.8287755633
209,55.0,10.0,20.0,0.0,61.6385443816,-15.4434801617,-3.83436781818,25.0905955158,29.9818333167,26.9254755149
179,10.0,85.0,20.0,0.0,53.2234401717,36.9428769752,5.0570521608,29.0855782154,21.2513032071,15.3987680186
803,0.0,10.0,20.0,20.0,65.3870757266,6.35744379901,14.6375954357,35.1481546379,34.5376167043,20.4771184083
1274,40.0,100.0,40.0,100.0,33.4450009562,6.41850405909,2.00560678781,8.16322948637,7.74449673837,5.94954870847
821,40.0,10.0,20.0,20.0,56.5095092519,-7.0652770567,2.63675554324,21.9902547155,24.4236703588,18.903687688
776,10.0,70.0,10.0,20.0,49.6402091061,23.7658823392,1.90471790313,22.2552391642,18.1190698818,14.2079208417
1120,100.0,100.0,20.0,60.0,34.8773872638,2.31147255145,-4.98226577885,8.39598268231,8.43724060797,8.21646320732
1161,70.0,0.0,70.0,60.0,40.7760771048,-10.6816819193,7.40429285369,9.88976557632,11.7252518107,7.6411007497
1110,40.0,100.0,20.0,60.0,36.4449763446,10.4712381362,-0.0510427775044,10.2080624169,9.24139883951,7.63804098374
1151,20.0,0.0,70.0,60.0,46.4753055982,-4.25751907209,15.6456484922,14.3614422038,15.6225239737,8.0496880573
1100,0.0,100.0,20.0,60.0,39.162066635,18.7643899491,5.34952481878,13.0234016301,10.7534449952,7.45814927829
721,100.0,0.0,100.0,0.0,53.4975353061,-33.0672385459,17.1010388285,14.5998485618,21.5047422124,11.1792637058
63,70.0,100.0,0.0,0.0,42.6356453644,13.9050802148,-15.6064810573,14.6251457302,12.9154981294,16.393006961
685,40.0,0.0,100.0,0.0,65.1765872466,-19.9833554147,36.5082518994,27.7018813574,34.2703389441,11.4189955551
27,20.0,100.0,0.0,0.0,48.9754492742,34.291672812,-4.31858230718,23.9648576682,17.5741328743,16.2429402521
649,0.0,0.0,100.0,0.0,80.0994144935,1.67786244823,63.0693847177,55.4964659832,56.8575650954,11.1456569177
397,100.0,0.0,40.0,0.0,55.1957405263,-30.9730291556,-2.36034820189,16.2024126172,23.120012636,20.1981697191
387,70.0,100.0,40.0,0.0,42.3028495192,10.1390837059,-4.97630213081,13.7860098648,12.6968320777,12.1103679766
361,40.0,0.0,40.0,0.0,67.3428965555,-19.568374674,13.9875228673,30.2318734929,37.0878623793,22.5066333433
351,20.0,100.0,40.0,0.0,48.4949133345,32.1958672569,6.59647099625,23.024412389,17.1870928368,11.8041493599
325,0.0,0.0,40.0,0.0,82.2993812473,0.198098616746,34.8956462748,58.7621411267,60.8524943554,25.1431172533
73,100.0,0.0,0.0,0.0,58.2990945653,-25.292814778,-25.1447213503,19.7969363569,26.2770493264,37.1186043693
711,70.0,100.0,100.0,0.0,41.4046297809,8.5111162179,5.21480806301,12.9341969651,12.1190002244,8.5006793866
37,40.0,0.0,0.0,0.0,70.1884697074,-15.6507931996,-11.0125976605,34.7620696644,41.017911311,41.9398748622
675,20.0,100.0,100.0,0.0,47.3236785879,32.2704131178,16.8149481782,21.9344960282,16.2676357667,8.12689244706
1367,0.0,0.0,0.0,0.0,83.6778535521,1.47825541776,7.90385430111,61.8169165043,63.4486030224,45.4557843838
1170,100.0,100.0,70.0,60.0,34.2886909663,0.570035480432,-0.449524437611,7.91897633445,8.14773743279,6.82784175877
1111,70.0,0.0,20.0,60.0,41.8346041955,-8.99345821764,-0.667884020037,10.7035286193,12.3933677145,10.4326799736
1160,40.0,100.0,70.0,60.0,36.7550944076,8.96227948011,4.32138980599,10.1857776301,9.40630910096,6.70670541045
1101,20.0,0.0,20.0,60.0,48.2439408212,-3.09659671476,7.00629335563,15.8373002753,16.9872294308,11.5212044961
1150,0.0,100.0,70.0,60.0,38.8258372291,17.9804293661,9.43200770888,12.6862303317,10.5580046628,6.35529494987
1268,100.0,100.0,0.0,100.0,32.5455066107,2.38544348327,-4.33598853974,7.31227173134,7.32947968209,7.03699380621
929,40.0,10.0,100.0,20.0,53.6948667752,-9.37053891876,24.4697224839,19.0173917526,21.6884446821,9.03797180329
1262,0.0,100.0,0.0,100.0,36.0080511704,13.0829382304,3.98306661816,10.3026624691,9.0123442694,6.4885616519
916,10.0,0.0,100.0,20.0,63.7520827301,-3.92889948742,41.2763595512,30.2751045297,32.4976631559,9.18994673449
54,55.0,100.0,0.0,0.0,45.2183083012,17.8335732471,-13.4717322109,17.2459296292,14.6983980662,17.3894068126
614,55.0,10.0,85.0,0.0,58.6760229781,-17.9782764355,22.8122887507,21.651957401,26.679001676,12.2628798151
18,10.0,100.0,0.0,0.0,52.4872537607,40.0556171758,-0.832476785833,29.0698437376,20.580469984,17.3427285167
578,10.0,10.0,85.0,0.0,71.1610481435,1.69569921084,43.4712338314,41.4639746089,42.4222173547,12.5664117428
3,0.0,20.0,0.0,0.0,74.0790473224,16.8452986159,3.15516940678,51.2910730626,46.8271132426,36.329978841
673,20.0,70.0,100.0,0.0,50.7404593426,24.9980967465,20.7167942477,23.5813804525,19.0455538431,8.66334590566
39,40.0,20.0,0.0,0.0,62.2953646037,-2.43089818616,-12.8794802558,29.0152059675,30.7492257481,33.3481966415
709,70.0,70.0,100.0,0.0,44.1442520232,2.25850382603,7.15188029549,13.7949495401,13.9382553616,9.28132142461
75,100.0,20.0,0.0,0.0,52.7850928107,-14.6038817019,-24.2295653687,17.2786407824,20.850141906,30.0488352769
1149,0.0,70.0,70.0,60.0,40.9258524896,15.2821596617,10.8496524059,13.6610618829,11.8182905166,6.86178986438
1102,20.0,20.0,20.0,60.0,45.1724263388,2.34295331365,4.91374367176,14.5220986849,14.6653743164,10.4867866439
1159,40.0,70.0,70.0,60.0,37.5803919082,6.07225185445,4.85877482004,10.2722924319,9.85470640109,6.91447133766
1112,70.0,20.0,20.0,60.0,39.3775756966,-4.27828812035,-1.99832634921,9.93742716035,10.8799738251,9.55265775982
1169,100.0,70.0,70.0,60.0,34.81429602,-1.69053130645,-0.10598432365,7.91951987149,8.40589134657,6.96094094246
327,0.0,20.0,40.0,0.0,72.0102130359,16.0581739467,26.4359439999,47.6926575423,43.6742292111,20.2923605649
349,20.0,70.0,40.0,0.0,52.2443155393,25.7323174839,8.04432626749,25.2521008072,20.3622365949,13.585263072
363,40.0,20.0,40.0,0.0,60.3728042077,-6.02689031241,8.14406250947,26.0362316724,28.539229471,19.4432988229
385,70.0,70.0,40.0,0.0,45.0598510448,4.60386551598,-4.28059108459,14.8148506514,14.5845573927,13.5621911001
399,100.0,20.0,40.0,0.0,50.4385317109,-20.5084266983,-5.81438255025,14.4971131662,18.7882404801,17.9847439843
1099,0.0,70.0,20.0,60.0,41.0481946131,16.6224540918,6.03562613883,13.9568246563,11.8946521864,8.11621243472
1152,20.0,20.0,70.0,60.0,43.6870957725,1.07770901943,12.6496242273,13.3022148453,13.6228312031,7.58390541378
1109,40.0,70.0,20.0,60.0,38.2930475103,8.03073974766,0.00261185426532,10.9402917579,10.2531825845,8.45924001647
1162,70.0,20.0,70.0,60.0,39.4228777488,-6.19667128792,4.82952921316,9.71989565591,10.9066970134,7.70248609275
1119,100.0,70.0,20.0,60.0,35.3989340701,0.41639500446,-5.16446799916,8.43616458402,8.69938136448,8.50737995427
651,0.0,20.0,100.0,0.0,70.7567515584,16.6338488556,49.0125086517,45.9672056066,41.8346248926,10.4905854527
25,20.0,70.0,0.0,0.0,54.0185987308,27.5857065695,-6.39823401076,27.5696645845,21.9920785236,21.186549101
687,40.0,20.0,100.0,0.0,58.4906549109,-6.53005888838,27.8314819582,24.0088150285,26.480818823,10.500785648
61,70.0,70.0,0.0,0.0,46.9662394785,7.95111316883,-17.7805884484,16.8182329395,15.9937131525,20.8004773913
723,100.0,20.0,100.0,0.0,49.7859116737,-22.9339724053,11.5841778779,13.6569393612,18.2399954279,10.8936077964
170,0.0,85.0,20.0,0.0,55.9523471269,44.6873410503,9.72889812369,34.4627027335,23.8649719713,15.412177266
598,30.0,30.0,85.0,0.0,59.0943259257,2.11473372391,26.031424515,26.6773165055,27.1298505952,11.4157407274
206,40.0,85.0,20.0,0.0,47.7518554764,20.604987227,-4.35949840148,19.8847671896,16.5998636264,15.3918104799
634,85.0,30.0,85.0,0.0,48.4179341603,-15.7325746674,9.73898752083,13.8631072917,17.1256242826,10.7296874152
739,10.0,40.0,0.0,20.0,55.3557208951,15.7653675025,-0.763033492274,26.0765916259,23.2762185671,19.5648791209
923,20.0,10.0,100.0,20.0,57.4230529941,-3.00762789329,31.0025617911,23.7625212032,25.358487638,9.00827292607
1264,40.0,40.0,0.0,100.0,35.4748713696,2.97916185635,0.141264867258,8.77000387144,8.7379960172,7.17538772267
941,100.0,10.0,100.0,20.0,46.1861728506,-20.312860698,10.1144062719,11.7284659022,15.4066253349,9.4431905204
725,100.0,40.0,100.0,0.0,44.9182154792,-14.9602686631,7.02821467233,11.7124604432,14.4833008016,9.70822150801
59,70.0,40.0,0.0,0.0,51.3171568623,-1.6183705204,-19.2481711611,18.5321737852,19.5435443265,25.5523132215
689,40.0,40.0,100.0,0.0,53.2311615168,3.15613841998,21.1316876155,21.1567378218,21.2584152612,9.77649256622
23,20.0,40.0,0.0,0.0,60.4047341863,15.3017432763,-7.49981660964,31.5768551966,28.5750395225,27.8379532843
653,0.0,40.0,100.0,0.0,63.9661768367,27.4982731379,39.9894423442,39.7703621491,32.7600858601,9.67262866548
401,100.0,40.0,40.0,0.0,46.9708707194,-11.999056596,-6.94358598888,13.4693389238,15.9972424813,15.8973042474
383,70.0,40.0,40.0,0.0,50.3744257239,-5.76636915517,-2.79212891932,16.9945747348,18.7339070885,16.6166756072
365,40.0,40.0,40.0,0.0,55.117867973,4.12501840124,4.96637750526,23.1306531119,23.0442308887,16.7958451917
347,20.0,40.0,40.0,0.0,59.2120937912,13.2947343828,11.1019622455,29.6526038019,27.2576913271,17.1944429641
329,0.0,40.0,40.0,0.0,64.8363813207,27.3939936631,20.9953018885,40.9508575274,33.8412677414,17.1091911719
1118,100.0,40.0,20.0,60.0,37.067389434,-3.4873145004,-4.77320194125,8.81663566413,9.57434788346,9.20183321495
1163,70.0,40.0,70.0,60.0,37.4530984862,-2.46099973138,3.38907745867,9.13615539803,9.78463628475,7.21504053934
1108,40.0,40.0,20.0,60.0,40.6529453141,2.99633230308,0.693462070012,11.6518054985,11.6491305381,9.40848507141
1153,20.0,40.0,70.0,60.0,41.6816730911,5.22389316321,9.7540761045,12.6194643054,12.2953127146,7.44310254305
1098,0.0,40.0,20.0,60.0,44.4982820361,11.1937755022,7.38383843565,15.517651693,14.1858433236,9.39089284218
77,100.0,40.0,0.0,0.0,48.6725286227,-7.40762560674,-23.6997052439,15.4136467808,17.3294810473,25.4910819714
707,70.0,40.0,100.0,0.0,48.4382384109,-8.12423480733,11.8012891166,15.1213074665,17.1418231526,10.0984622726
41,40.0,40.0,0.0,0.0,56.6360713908,7.42520249232,-13.5979999986,25.3998960426,24.551785024,27.5990064895
671,20.0,40.0,100.0,0.0,57.322251353,13.2607681865,28.5056425057,27.5483126557,25.2541878578,9.68115597119
5,0.0,40.0,0.0,0.0,66.97920035,28.3195402637,1.32768851215,44.3632472978,36.6044401003,29.3694202109
1168,100.0,40.0,70.0,60.0,37.0069794398,-5.20655278223,1.29546655432,8.58621714478,9.5416878181,7.54282059829
1113,70.0,40.0,20.0,60.0,38.2406436393,-0.842139209773,-2.66414215355,9.75234957596,10.2235219905,9.17713488191
1158,40.0,40.0,70.0,60.0,40.2186264983,1.58609443099,6.9527360033,11.1937875938,11.3832618274,7.51273484074
1103,20.0,40.0,20.0,60.0,41.8284483241,6.51174702005,3.5289233808,12.9080528164,12.3894107137,9.17507541853
1148,0.0,40.0,70.0,60.0,44.3356650671,9.95201703354,14.4255941298,15.1874821433,14.0717575886,7.41931177518
1266,100.0,0.0,0.0,100.0,35.3523503569,-5.08747483124,-3.11287080291,7.80228754925,8.67574961096,7.9402909547
1281,40.0,0.0,100.0,100.0,36.5667680656,-3.7161063625,6.54882178436,8.53934560719,9.30593171303,6.13129113308
1260,0.0,0.0,0.0,100.0,37.6402215935,1.74410895587,5.03451648477,9.75212628898,9.88775557699,6.8972817391
919,10.0,40.0,100.0,20.0,52.5563705528,13.6740218565,25.5228708939,22.7990065683,20.642841827,8.21004845579
231,85.0,55.0,20.0,0.0,46.9988159309,-1.82249662684,-12.8127229635,15.1376890255,16.0185497019,18.4676535672
618,55.0,55.0,85.0,0.0,47.9829505294,3.85018081667,10.7483364144,16.8691155372,16.7810380648,10.1804397557
195,30.0,55.0,20.0,0.0,54.5319762015,16.8961797187,-1.05335567782,25.4954939905,22.4793727727,19.0340035967
582,10.0,55.0,85.0,0.0,57.2636491863,26.027655665,26.2019883634,30.8098614873,25.1936836761,10.3493219901
7,0.0,70.0,0.0,0.0,58.6581615643,40.931096334,2.04721373403,36.8182605133,26.6598625721,20.9642317032
669,20.0,20.0,100.0,0.0,62.4501117797,2.59762871617,35.6963558216,30.5202010792,30.9319096173,10.1790171749
43,40.0,70.0,0.0,0.0,50.0559981943,18.8215049944,-11.7241957846,21.5760620975,18.4655739694,20.4423858084
705,70.0,20.0,100.0,0.0,52.4812061881,-16.2132478568,17.345065894,16.7473615557,20.5750185653,10.5400705427
79,100.0,70.0,0.0,0.0,44.0113443953,1.84775879638,-21.0530777774,13.6398673143,13.8460565365,19.9134226281
1147,0.0,20.0,70.0,60.0,46.2329814749,5.89812882481,16.7210450984,15.8940728778,15.4414420412,7.66435618659
1104,20.0,70.0,20.0,60.0,39.9738567336,12.4126743221,2.42565006384,12.5937564153,11.2352238045,8.5886477307
1157,40.0,20.0,70.0,60.0,42.3609407073,-2.28570218551,9.16723572403,11.9484246358,12.734822118,7.88937256162
1114,70.0,70.0,20.0,60.0,36.3942559902,3.54544435507,-2.91432872169,9.31070353065,9.21461225919,8.36286536033
1167,100.0,20.0,70.0,60.0,37.905968236,-8.29679300388,2.587041401,8.67706710107,10.0354438538,7.60790807667
331,0.0,70.0,40.0,0.0,57.3506863084,40.6672777365,16.5530137351,35.0508857749,25.2835805816,13.6953882691
345,20.0,20.0,40.0,0.0,65.0226448487,3.18503124842,15.120139689,33.7663371193,34.0757387536,19.9389388691
367,40.0,70.0,40.0,0.0,48.4158541617,16.1841088915,1.31529197299,19.5716291759,17.123965422,13.6329977244
381,70.0,20.0,40.0,0.0,54.5118366131,-14.6781520676,-0.296480837123,18.669389675,22.4601220973,18.6678639502
403,100.0,70.0,40.0,0.0,42.6005309632,-2.93978042035,-8.78038503373,12.002955944,12.8923083901,13.6588241282
1097,0.0,20.0,20.0,60.0,46.9797004435,6.82627716763,8.88413527261,16.6262905179,16.0039727858,10.2217397673
1154,20.0,70.0,70.0,60.0,39.2772107894,10.4246042884,7.39565612634,11.8649802901,10.8209252107,7.00699939769
1107,40.0,20.0,20.0,60.0,42.4465011035,-0.823324962752,1.8842028297,12.2136880673,12.7909141516,9.97283268616
1164,70.0,70.0,70.0,60.0,36.147257894,1.82691922653,1.93985980111,8.97589002738,9.08490649419,7.02119495404
1117,100.0,20.0,20.0,60.0,38.2225332431,-6.8384153933,-4.14675568741,9.00918288766,10.213284821,9.59888292823
655,0.0,70.0,100.0,0.0,56.5424058576,40.5067508804,29.4850315435,33.9878494979,24.4569275316,9.00803915203
21,20.0,20.0,0.0,0.0,67.4803983679,5.10910640318,-6.6533756736,37.4937545625,37.2717316722,35.2180253531
691,40.0,70.0,100.0,0.0,47.8242030309,15.0791670612,14.0999191638,18.8503017848,16.6564418826,9.10841369646
57,70.0,20.0,0.0,0.0,56.7584334292,-10.1623465074,-20.0718042193,21.5560142349,24.6760732779,31.780711429
727,100.0,70.0,100.0,0.0,41.407170676,-5.4350273834,3.05694623242,10.9344863161,12.1206095617,9.10246929719
166,0.0,30.0,20.0,0.0,70.1180878103,20.9452121137,13.5106718507,46.5196551128,40.9175071064,25.3582386614
602,30.0,85.0,85.0,0.0,47.7713045159,24.6870706067,13.8148814066,20.737976916,16.6150608267,9.16373111112
202,40.0,30.0,20.0,0.0,58.9671108888,1.09574065506,-2.20764746404,26.2941508237,26.9922044515,23.4321781756
638,85.0,85.0,85.0,0.0,41.5839285399,1.88878940182,2.17760534384,12.067497099,12.2329134603,9.44374395941
767,0.0,10.0,10.0,20.0,66.3198696272,6.68606001472,9.88150921574,36.447879588,35.7388072444,23.7480162517
1279,0.0,40.0,100.0,100.0,36.9180726066,4.95982692691,8.54838083801,9.76506861118,9.49375644052,5.8314006868
785,40.0,10.0,10.0,20.0,56.3866949664,-6.4361458237,-2.09622486354,22.011805848,24.2997763507,21.0771960503
1285,100.0,40.0,100.0,100.0,34.3730790211,-3.71234383973,1.63359291064,7.49829977826,8.18882377686,6.38249912638
1116,100.0,0.0,20.0,60.0,39.4394010376,-10.2795285766,-3.11117035439,9.22580280612,10.9164548018,9.91567368948
1165,70.0,100.0,70.0,60.0,35.1133935846,4.09728751313,1.53009601332,8.71862406596,8.55520027526,6.69760001962
1106,40.0,0.0,20.0,60.0,45.5134004971,-6.11753820716,3.46875116343,13.4070257566,14.911977494,11.1357463001
1155,20.0,100.0,70.0,60.0,38.0559272457,13.466768424,6.41435685564,11.5497786537,10.1194287405,6.7415661183
1096,0.0,0.0,20.0,60.0,51.4265297476,1.01660856643,11.5957491393,19.1371877656,19.6389587238,11.8228581047
729,100.0,100.0,100.0,0.0,40.0386269465,-0.508223840841,1.12546197182,10.8032516431,11.2742715103,8.98114543736
55,70.0,0.0,0.0,0.0,62.9045919233,-22.0502581298,-19.0686812412,24.8204657187,31.4726177178,38.489963318
693,40.0,100.0,100.0,0.0,44.1655352995,21.3602861213,10.9125092411,17.0608973209,13.9530576104,8.24821874681
19,20.0,0.0,0.0,0.0,75.7748989471,-9.4313506495,-3.55011784674,44.4189917368,49.5219545512,43.6732264996
657,0.0,100.0,100.0,0.0,52.0783841445,47.2046028003,25.7106089629,30.4936743231,20.2140692734,7.94406268329
1166,100.0,0.0,70.0,60.0,38.93699853,-11.9418503541,4.24140487329,8.77023200546,10.6223551297,7.63909015458
1115,70.0,100.0,20.0,60.0,35.6288876364,5.91192663913,-3.64705073667,9.19761096969,8.81666494116,8.20595807737
1156,40.0,0.0,70.0,60.0,44.6667943275,-7.48398005189,12.022417204,12.6431960352,14.3047138211,8.18290065673
1105,20.0,100.0,20.0,60.0,38.5851245791,15.3777527576,2.25226693408,12.1491898615,10.4195496825,7.9946339685
1146,0.0,0.0,70.0,60.0,49.8070273946,0.148556731055,21.3233683884,17.6333672957,18.2575648868,8.06717651478
405,100.0,100.0,40.0,0.0,39.9558151994,2.57478501483,-8.91417711878,11.1739572388,11.2243632693,12.0729605549
379,70.0,0.0,40.0,0.0,60.8093269305,-26.3492963486,3.57276189782,21.8286122099,29.0313953951,22.0670462105
369,40.0,100.0,40.0,0.0,44.9051754678,22.7800865939,1.28120849925,17.91498534,14.4740020075,11.5107455079
343,20.0,0.0,40.0,0.0,73.6070082611,-11.7232423078,22.3897397458,40.5232154395,46.0948032108,23.7781353961
333,0.0,100.0,40.0,0.0,53.1082158811,47.7611960288,14.9722058099,31.8550002084,21.14535964,11.661937592
81,100.0,100.0,0.0,0.0,41.0688664017,5.95975236886,-19.5091664831,12.3374066345,11.9075871887,16.9044883047
703,70.0,0.0,100.0,0.0,58.0375488335,-28.1624841239,24.699889286,19.0029895452,26.0005256782,11.2541176789
45,40.0,100.0,0.0,0.0,46.8031761821,24.6528449449,-9.96769378098,19.8764325996,15.8697781891,17.0534324659
667,20.0,0.0,100.0,0.0,71.4267604611,-11.6011320384,47.3883406,37.5862789529,42.8113764149,11.3846153069
9,0.0,100.0,0.0,0.0,54.6072369817,47.9877839585,3.99841832546,33.7401161493,22.5514090791,16.8333737888
755,70.0,10.0,0.0,20.0,52.1868425968,-11.6150124111,-13.0808119322,17.3541836359,20.3108348473,22.9980363986
1283,40.0,100.0,100.0,100.0,33.7599891334,5.35436112841,3.98462156558,8.1960199176,7.89345000929,5.64694717274
743,20.0,10.0,0.0,20.0,61.0870511038,-0.151058681183,-2.07137714565,28.2610369305,29.3474471801,25.3646061781
921,10.0,100.0,100.0,20.0,44.7719764138,28.1294044352,15.2993037457,18.8296692377,14.3792460159,7.38918351906
227,85.0,10.0,20.0,0.0,56.041717132,-20.9910211638,-10.844891808,18.7239388817,23.9540085194,25.4067200568
702,55.0,100.0,100.0,0.0,43.1491772852,13.7215757772,7.6360510323,14.9617233803,13.25782119,8.66123219808
191,30.0,10.0,20.0,0.0,68.3922533766,-6.48569938412,4.73615494796,35.1807012993,38.5064766155,28.769237153
666,10.0,100.0,100.0,0.0,49.9792818488,39.0035476416,20.4510693336,26.0920488368,18.4013118223,8.37822676527
72,85.0,100.0,0.0,0.0,41.7336901215,9.63654690529,-17.4539003823,13.3236952169,12.3286062662,16.5165027066
340,10.0,70.0,40.0,0.0,54.2380755776,32.4453077546,11.2947434798,29.0532863337,22.1995332989,13.6549451933
483,100.0,55.0,55.0,0.0,43.7778796611,-7.92424127437,-3.58272594619,12.0159879608,13.6850866503,12.5105846305
1047,0.0,20.0,100.0,40.0,52.3297063916,8.0666175142,26.4495575268,21.3731802269,20.4387671563,7.86486556959
966,100.0,0.0,0.0,40.0,44.8662465496,-13.5597857208,-10.8472141586,11.8801989148,14.4462655877,16.0110989336
1041,100.0,0.0,70.0,40.0,43.2487335811,-16.7269173673,5.68659544352,10.4861206197,13.3248782034,9.25863896343
972,0.0,20.0,20.0,40.0,53.5898712119,9.00375384743,10.7917285821,22.7513607956,21.5905711213,13.4269466016
1043,100.0,40.0,70.0,40.0,39.3872241601,-7.57154299206,1.66266010068,9.52960402515,10.8856616863,8.52078553628
332,0.0,85.0,40.0,0.0,54.7393862027,45.1662086862,15.5428755323,33.0972772332,22.6782685527,12.4310602701
153,85.0,100.0,10.0,0.0,42.0958402891,8.12905082647,-15.1397397636,13.3319692227,12.5620681538,15.8111418728
1020,100.0,100.0,40.0,40.0,36.0751661054,1.88407109684,-5.08401858274,8.9457888639,9.04727984845,8.80621077017
341,10.0,85.0,40.0,0.0,51.8435227215,37.2129802185,10.5034119439,27.6329759911,20.0055825839,12.4473958285
645,100.0,55.0,85.0,0.0,43.4965084739,-9.18734964804,2.83405129901,11.6621394534,13.4927499686,10.2354575529
337,10.0,30.0,40.0,0.0,64.9190207367,14.0035771679,17.0834835521,36.8362119019,33.9451621464,18.9279941771
1016,100.0,0.0,40.0,40.0,44.1218803428,-16.3234424557,-0.456965176433,11.0450449226,13.9227074309,11.6402868528
975,0.0,100.0,20.0,40.0,43.0184348435,26.3441541164,6.04112229032,17.0680953183,13.1701007132,9.04391161274
1026,20.0,0.0,70.0,40.0,54.0340521215,-6.18495028946,21.78790725,19.9430847465,22.0066429621,9.99549068356
985,40.0,100.0,20.0,40.0,40.3618310064,13.9664836411,-1.74188276363,13.0803678695,11.470472621,9.98246519544
1036,70.0,0.0,70.0,40.0,46.7526211653,-14.6308449448,9.71469788494,12.920515753,15.8314846841,9.8504533147
995,100.0,100.0,20.0,40.0,36.2480055719,3.04183418966,-7.43299474816,9.17329705084,9.13766397687,9.56408642478
839,0.0,10.0,40.0,20.0,64.8068934131,6.41443334466,23.0608324774,34.4316047824,33.8042468785,16.2078586386
413,0.0,85.0,55.0,0.0,54.9523464596,44.8891378267,19.0960916023,33.2793765538,22.8837039171,11.3476707651
857,40.0,10.0,40.0,20.0,55.6493226481,-8.36140096891,8.92696738664,20.9272294868,23.5647208535,15.52548008
449,40.0,85.0,55.0,0.0,46.9067118325,19.7449076365,5.03970661729,18.9892083787,15.9483951388,11.4086538643
869,100.0,10.0,40.0,20.0,47.0244056276,-18.4838438345,-1.99196984038,12.5185136211,16.0380775143,13.9742679783
504,10.0,100.0,70.0,0.0,49.9140325724,39.2570276234,16.5019926932,26.085328616,18.3467726434,9.45479453579
1403,20.0,12.0,12.0,100.0,36.992177805,1.18710351932,3.38385776416,9.33738561454,9.5336968056,7.02425080696
540,55.0,100.0,70.0,0.0,43.1770586547,14.5738341316,3.99969221646,15.1247685713,13.2765781955,9.71610723326
137,70.0,10.0,10.0,0.0,59.1563249637,-16.6902695698,-14.0213423366,22.377716661,27.1971025628,30.5417098906
585,10.0,100.0,85.0,0.0,49.9904751498,39.2729407083,18.6518449608,26.1690070897,18.4106786884,8.87770664943
190,30.0,0.0,20.0,0.0,71.6893615111,-14.0297471849,7.40137515802,37.1873682977,43.1983099236,30.6605198444
621,55.0,100.0,85.0,0.0,43.1080311458,14.2929840797,5.84424165353,15.0276511771,13.2301726851,9.14387486304
226,85.0,0.0,20.0,0.0,59.6634559929,-26.8525263525,-9.40631252599,20.679813256,27.7513781209,28.2166005427
388,85.0,0.0,40.0,0.0,58.0728399448,-28.8109035368,0.509544179263,18.9059143824,26.0377240287,21.2277219635
354,30.0,20.0,40.0,0.0,62.0451792067,-1.00487524549,11.3418753287,29.1056158109,30.455397964,19.2952193492
392,85.0,40.0,40.0,0.0,48.0004625603,-8.52037666622,-5.28503008694,14.7404248764,16.794820666,15.9454941322
954,20.0,70.0,0.0,40.0,42.9167887323,15.9776306252,-1.50128302751,15.1722615859,13.1021701461,11.2970991479
1065,70.0,100.0,100.0,40.0,36.5710754691,4.68841444211,3.0885536978,9.54462389022,9.30821952841,6.92158890923
990,70.0,100.0,20.0,40.0,37.6110868623,7.59245437574,-4.6115876435,10.4886477632,9.87165269834,9.42609363669
1029,20.0,70.0,70.0,40.0,41.9922671549,14.2054291164,9.17637561111,14.2220120353,12.4950009822,7.72367938516
988,70.0,40.0,20.0,40.0,41.9941896593,-1.35712152343,-4.58523019978,11.8548767044,12.4962436905,11.7951994328
346,20.0,30.0,40.0,0.0,61.9406080325,8.30718513932,13.1912940941,31.4740507151,30.3331421832,18.3573218649
380,70.0,10.0,40.0,0.0,57.1392517945,-20.6316191202,1.59226396752,19.7289323118,25.0655692488,19.9081367817
1011,70.0,0.0,40.0,40.0,46.4148010105,-13.9645734903,3.46287122409,12.8012238253,15.5771787333,11.6515181909
355,30.0,30.0,40.0,0.0,59.5210066434,4.25545326094,9.06723573531,27.6669590966,27.5949329306,18.3356685284
393,85.0,55.0,40.0,0.0,45.9895982654,-3.34169620102,-6.43955286842,14.170835002,15.2609826228,15.0078225609
359,30.0,85.0,40.0,0.0,48.7958282987,24.5763378931,3.24858607979,21.6450261837,17.4287873094,13.1621924142
1015,70.0,100.0,40.0,40.0,37.5749655064,6.83101048422,-2.76538693533,10.3681997148,9.85171257188,8.88083742212
1044,100.0,70.0,70.0,40.0,37.588181707,-2.18587682096,-0.699566834161,9.23963830095,9.85900521294,8.32089172506
987,70.0,20.0,20.0,40.0,44.1173525327,-6.67556431533,-3.80221304418,12.4116997616,13.9195620887,12.7959485731
1034,40.0,70.0,70.0,40.0,40.4557069263,8.7334725084,6.24434370156,12.3566305458,11.5278835846,7.79606068894
977,20.0,20.0,20.0,40.0,50.3690071629,2.89346906653,5.13323926428,18.6141814595,18.7293193637,13.4658205056
1024,0.0,70.0,70.0,40.0,44.6993465145,20.9820836749,13.7579880642,17.4138967525,14.3277527647,7.74558393996
461,70.0,10.0,55.0,0.0,56.7102578792,-21.185229983,8.29847113431,19.2501764653,24.627089412,16.545868709
447,40.0,55.0,55.0,0.0,51.1983895484,11.0296983295,7.68731129979,20.9703103542,19.4402849964,13.0545940852
425,20.0,10.0,55.0,0.0,68.234973415,-3.97790876683,26.0465317139,35.7240323953,38.2915866126,17.4621106584
411,0.0,55.0,55.0,0.0,60.8663470928,34.1680075073,23.4430057854,37.6635494605,29.0960986336,13.3880173589
844,10.0,0.0,40.0,20.0,65.7386938704,-4.48512034028,22.0315209637,32.4658608175,34.9871940226,17.3354284167
637,85.0,70.0,85.0,0.0,43.419973984,-0.936354408397,3.19493758948,12.8192219749,13.4407469377,10.0844868012
129,55.0,20.0,10.0,0.0,58.9913984708,-8.03584955016,-11.1991272684,24.1585560406,27.0184474713,28.6021254735
601,30.0,70.0,85.0,0.0,49.8965182163,20.588291167,15.0462744621,21.8070473056,18.3321514836,9.8771648855
1398,10.0,6.0,6.0,80.0,41.5104139849,1.54205463853,4.62345653416,11.9716913812,12.1861217801,8.71287499386
629,70.0,85.0,85.0,0.0,42.5819448208,7.33990024238,4.31771989451,13.5350467894,12.8800452441,9.32190903426
130,55.0,30.0,10.0,0.0,56.3114324079,-2.7733218449,-11.4683555339,22.7411541542,24.2240595713,26.0259900164
593,20.0,85.0,85.0,0.0,49.5489073631,29.5113779743,16.1701595435,23.4407668047,18.0435672572,9.36813836663
94,10.0,30.0,10.0,0.0,66.9660844901,14.790146379,3.10102507735,39.8417355205,36.5870855286,28.267108743
36,30.0,100.0,0.0,0.0,47.2544251675,30.0217910767,-6.34131034863,21.3899166326,16.2143212179,15.8505357764
376,55.0,70.0,40.0,0.0,46.3288189376,10.065326336,-2.262125175,16.7041137372,15.5128904304,13.6252032073
374,55.0,40.0,40.0,0.0,52.3973671106,-0.856851808375,0.596861503511,19.5957639866,20.4995432771,16.6587405767
1057,40.0,20.0,100.0,40.0,46.306846657,-3.61252322572,15.4820888806,14.3482591347,15.4964903072,8.0164528637
956,40.0,0.0,0.0,40.0,52.15828252,-7.78682598881,-3.15328611247,18.046508017,20.28532394,18.1213556516
1031,40.0,0.0,70.0,40.0,50.0532369231,-9.96994235442,16.1219390906,15.9984065137,18.4632583739,9.63700191392
982,40.0,20.0,20.0,40.0,47.2052389625,-1.17961765943,1.3925536801,15.3972053938,16.1765261891,12.8421523744
1033,40.0,40.0,70.0,40.0,43.0204976086,2.29222301163,8.9190562344,13.0476327469,13.171481694,8.25335158104
368,40.0,85.0,40.0,0.0,46.7102326462,20.4320334621,0.68504206667,18.9579373844,15.7994245097,12.7899576046
603,30.0,100.0,85.0,0.0,46.1317676248,26.2686710338,11.0786418417,19.6194974127,15.366224015,9.13786210437
1010,40.0,100.0,40.0,40.0,39.4650676517,13.1833150259,1.04121550049,12.3830971223,10.9316236978,8.72830801623
377,55.0,85.0,40.0,0.0,45.2761908946,13.1091945557,-2.61450987122,16.4370624133,14.7401299973,13.0876169948
375,55.0,55.0,40.0,0.0,49.7434549109,4.69226546002,-1.77436137954,18.4412690909,18.2047031536,15.7372774403
373,55.0,30.0,40.0,0.0,54.9380056493,-6.30046811238,1.75922355993,20.7179242982,22.8698310341,18.067398431
1006,40.0,0.0,40.0,40.0,51.2990893506,-9.85308696806,9.26511438097,16.9761945192,19.5278124475,12.5527790262
973,0.0,40.0,20.0,40.0,50.6002057185,15.010169617,8.58294647523,21.265040718,18.9257345421,12.3692810295
1028,20.0,40.0,70.0,40.0,45.7581550254,6.8859965853,12.5166967788,15.7106249494,15.0906856421,8.55633920527
983,40.0,40.0,20.0,40.0,44.0817812068,4.03646571587,0.111094299066,14.0350934587,13.8948681687,11.427873213
1038,70.0,40.0,70.0,40.0,41.2939437075,-3.65201884205,4.34034414334,11.1109541156,12.0490327101,8.68798231827
993,100.0,40.0,20.0,40.0,40.9552635665,-5.42856977295,-7.03686024644,10.6734401392,11.8366179504,12.0200687054
846,10.0,20.0,40.0,20.0,59.0633050897,6.48153609933,16.22904601,27.7307432991,27.096243141,14.9571321461
409,0.0,30.0,55.0,0.0,68.5125915203,21.6268653506,29.7562163858,44.3345555127,38.6714351886,16.0801142358
427,20.0,30.0,55.0,0.0,62.1162682748,7.84413886908,19.1235023988,31.5547873121,30.5386965825,15.9161656829
445,40.0,30.0,55.0,0.0,57.6608806718,-1.26445606795,12.6718056546,24.3976440631,25.605705896,15.4133258427
463,70.0,30.0,55.0,0.0,52.4514526923,-10.7932128558,4.79215576933,17.7186171934,20.5482121104,14.9718620363
581,10.0,40.0,85.0,0.0,61.3662373787,18.7149703909,30.7701503094,33.70014385,29.6674664658,11.1458697468
105,20.0,55.0,10.0,0.0,57.290308418,21.424542757,-2.93640801346,29.6120954036,25.2211961746,22.2948527763
617,55.0,40.0,85.0,0.0,51.2307003594,-2.73865251844,14.2240682746,18.2459985505,19.4683407333,10.8459028523
141,70.0,55.0,10.0,0.0,48.0657525619,4.26159289342,-14.3717204896,17.0085433949,16.8462727726,20.0620377126
573,0.0,55.0,85.0,0.0,59.9127076909,34.9274728737,31.1446363676,36.6370431043,28.0265395998,10.2333664056
194,30.0,40.0,20.0,0.0,58.298465942,10.0491297859,-0.243972588812,27.7990796008,26.2763823643,21.8048754864
609,40.0,55.0,85.0,0.0,51.2748708099,9.76127018669,15.1799576495,20.7745043626,19.5067379448,10.5668456034
1401,60.0,45.0,45.0,100.0,34.742899618,0.733235524096,1.21244135577,8.15309643019,8.37050912535,6.62336528978
352,30.0,0.0,40.0,0.0,70.7528954786,-15.0667258825,18.3086334121,35.6537340784,41.8290468661,23.32754685
390,85.0,20.0,40.0,0.0,52.3058225145,-17.1386163242,-3.40437395847,16.4463713217,20.4173422262,18.3500378058
356,30.0,40.0,40.0,0.0,56.8833849183,9.3249380071,7.93574388734,26.1115273702,24.8034238861,16.8278273772
964,70.0,70.0,0.0,40.0,39.2797570637,5.68560568273,-8.27459165065,11.2010394519,10.822420636,11.4631392078
1055,20.0,100.0,100.0,40.0,40.1294330861,17.0371817937,9.0624889909,13.3989473269,11.3291675508,6.95988303534
980,20.0,100.0,20.0,40.0,40.9264066895,18.7869105368,2.10835551361,14.2199537535,11.8186356897,9.1365852034
1039,70.0,70.0,70.0,40.0,37.9005507296,2.47455867716,2.09081356991,9.9866437557,10.0324184958,7.73156099582
978,20.0,40.0,20.0,40.0,46.3519517369,8.80415944363,3.46527586641,16.4961621368,15.530169265,11.6143824872
382,70.0,30.0,40.0,0.0,52.4015022055,-9.70277113259,-0.703410314977,17.8827721777,20.5032615202,17.2218528088
344,20.0,10.0,40.0,0.0,69.2346649681,-3.7664183797,17.4720282572,37.0902007423,39.6711515922,22.3908339138
1001,20.0,0.0,40.0,40.0,54.6021048851,-5.48064209893,14.2791365408,20.5878526456,22.5464919799,12.7944516139
391,85.0,30.0,40.0,0.0,50.7969346289,-12.7537303954,-4.41255250974,16.0722056577,19.0939433901,17.6356388351
357,30.0,55.0,40.0,0.0,53.5104317708,15.6681484642,6.15259802767,24.1767578916,21.51671616,15.1572321896
395,85.0,85.0,40.0,0.0,42.2819799039,4.58858138387,-7.13638726735,12.9128546165,12.6832023924,12.8566840625
1005,20.0,100.0,40.0,40.0,40.3997375126,18.4119807965,4.59156358225,13.7970589564,11.4936318067,8.2025018713
724,100.0,30.0,100.0,0.0,47.6924182381,-18.1436108095,8.50281142984,13.0022060872,16.5534776606,10.725013977
475,85.0,70.0,55.0,0.0,43.6734140378,0.750476148782,-2.8483984165,13.242647702,13.6134652972,12.1915245967
453,55.0,20.0,55.0,0.0,56.2644822966,-11.6674903942,9.45723981141,20.7907653847,24.1769058649,15.7420142555
439,30.0,70.0,55.0,0.0,50.2882974011,20.8426517139,8.89342169876,22.2270062917,18.6610735915,12.0753752003
417,10.0,20.0,55.0,0.0,67.9231790591,8.64257178891,27.0499080737,39.1962248051,37.8679515507,16.7935291517
969,100.0,70.0,0.0,40.0,37.538962896,1.76130273482,-10.4829149194,9.69956547302,9.83186473428,11.201863441
1062,70.0,20.0,100.0,40.0,42.4092775714,-8.76386305473,9.36257770954,11.0693073187,12.766490799,7.86042233979
959,40.0,70.0,0.0,40.0,41.5673326523,11.3671908461,-4.75668005792,13.4810452528,12.2223398043,11.6052126781
1052,20.0,20.0,100.0,40.0,49.2996360148,0.963410268665,20.2667572931,17.378828581,17.8384992228,8.11502357529
949,0.0,70.0,0.0,40.0,45.3373081568,22.2521445136,2.66322961574,18.1675925252,14.7842797012,11.2999915779
633,85.0,20.0,85.0,0.0,52.1371128207,-19.929350846,11.9463696607,15.8283067966,20.2664281804,12.1217202818
133,55.0,70.0,10.0,0.0,47.4624148082,12.4169398886,-11.5979320838,18.0394966508,16.374792772,18.2787379
597,30.0,20.0,85.0,0.0,61.0593631971,-1.64566487134,28.6649413873,27.8510297613,29.3158357403,11.667358285
97,10.0,70.0,10.0,0.0,56.1677770332,33.8556499626,1.44235346458,31.6569552821,24.0799741531,19.1855322566
625,70.0,30.0,85.0,0.0,51.6996681969,-11.5234687043,12.5376488773,16.9864196143,19.8785934984,11.6639615161
134,55.0,85.0,10.0,0.0,46.014411728,16.3635060786,-10.1603358747,17.608674932,15.2793161545,16.5533720266
589,20.0,30.0,85.0,0.0,61.2990952468,7.81983701156,29.876797898,30.5903686352,29.590292928,11.4011639542
98,10.0,85.0,10.0,0.0,53.8707730706,37.0535115946,1.53419500741,29.8469883169,21.8530811083,17.3509143467
741,10.0,100.0,0.0,20.0,46.039583031,30.3171540818,0.364612759516,20.3593673585,15.2979290743,12.4937526852
485,100.0,85.0,55.0,0.0,40.4644938382,0.720857539562,-5.35351547167,11.220592809,11.5332671111,11.1739731676
338,10.0,40.0,40.0,0.0,61.9481234916,19.7661424132,15.2791636133,34.7322451258,30.341917691,17.4304709202
1067,100.0,20.0,100.0,40.0,41.5842131497,-12.0044417117,6.00989033934,10.1661963873,12.2330948456,8.36931959987
946,0.0,0.0,0.0,40.0,60.9753640476,1.57553323451,6.69521243145,28.5800977814,29.2200723495,20.6417773408
1021,0.0,0.0,70.0,40.0,57.9279170272,0.11420988709,28.2895007906,24.9878302738,25.885195045,10.0598573609
992,100.0,20.0,20.0,40.0,42.4772687959,-9.99410191179,-6.59651968152,10.9417284283,12.8111251538,12.784011482
1023,0.0,40.0,70.0,40.0,48.8684573584,14.6847035105,17.8106067348,19.6619807575,17.487460338,8.57511517341
566,100.0,85.0,70.0,0.0,40.9657071144,-1.07570116583,-2.27354982805,11.270841737,11.8431303751,10.4662540537
777,10.0,100.0,10.0,20.0,45.5124944112,30.2261905944,2.18976634836,19.8784641116,14.9113185481,11.5569300729
1000,0.0,100.0,40.0,40.0,42.665800081,25.1681883664,8.65400184032,16.5810775491,12.9354346462,8.1612881432
647,100.0,85.0,85.0,0.0,40.3169825481,-0.951200090726,-0.374616031947,10.9053346874,11.4431124146,9.55146907936
339,10.0,55.0,40.0,0.0,58.0400433899,26.5933686967,12.3758794846,31.8799042168,26.0031538837,15.8006073302
643,100.0,30.0,85.0,0.0,48.1325180299,-18.538081961,5.86664805592,13.2321345985,16.8989961916,11.8397335306
996,0.0,0.0,40.0,40.0,59.2019785414,0.384902414682,21.1365812019,26.3675769675,27.2466951722,13.1817302331
415,10.0,0.0,55.0,0.0,76.5715926144,-6.97671848834,35.723592534,46.4822615565,50.822876131,19.6087529344
261,10.0,100.0,30.0,0.0,50.7176854322,39.7084570717,7.20318533346,27.0443947279,19.026063698,12.9302016092
451,55.0,0.0,55.0,0.0,63.1531576315,-24.3379818456,15.2976865448,24.5367954531,31.77099136,18.3501474867
297,55.0,100.0,30.0,0.0,43.973917123,17.2605898798,-5.13413583662,16.178410341,13.8201665817,13.1873568748
146,85.0,10.0,10.0,0.0,57.428892968,-19.7345538379,-16.6228417644,20.163090631,25.3645390624,30.301901898
1050,0.0,100.0,100.0,40.0,41.6766327919,23.7521085454,12.8237582315,15.5855443752,12.2920898553,6.70276802014
951,20.0,0.0,0.0,40.0,55.3896288693,-3.93981867763,1.05135794614,21.6248164645,23.3094166562,18.7440655722
1060,40.0,100.0,100.0,40.0,38.54263881,11.6971847071,6.38083252492,11.5959955586,10.3952387672,6.94698988764
961,70.0,0.0,0.0,40.0,48.1581735232,-11.4096047589,-7.62462953765,14.377973881,16.9192850665,17.0504638322
1070,100.0,100.0,100.0,40.0,35.1561816686,0.73034961087,0.881731377833,8.3529317924,8.57670347386,6.86655722236
577,10.0,0.0,85.0,0.0,76.0496525319,-6.48660887462,48.2673967877,45.8591717878,49.9680605021,13.8926548949
522,30.0,100.0,70.0,0.0,46.9725073732,27.466367678,9.90311093933,20.6004240698,15.9984898498,9.9077890851
613,55.0,0.0,85.0,0.0,62.4327114211,-24.2075169779,26.5607271173,23.8521131099,30.911331943,13.2350343302
1400,80.0,65.0,65.0,100.0,33.5219118335,0.380200215493,0.736356101255,7.54305091856,7.78069228952,6.2552143831
569,0.0,10.0,85.0,0.0,74.79121346,9.78049588188,48.9283635903,49.7885450946,47.9465645022,12.8515426119
117,30.0,100.0,10.0,0.0,48.1674109417,29.2962177575,-4.06019306776,22.0776560854,16.9265941752,15.5609913159
605,40.0,10.0,85.0,0.0,62.9237803473,-12.3085572368,28.246247327,27.1922776754,31.4955843205,12.9308956607
80,100.0,85.0,0.0,0.0,42.2369085735,5.11869798971,-19.8764166454,12.9637810588,12.6538001563,17.9494909834
772,10.0,0.0,10.0,20.0,67.2352930577,-3.17628174052,8.24417857618,34.6874808908,36.9443960388,25.525533415
773,10.0,10.0,10.0,20.0,63.9825529263,2.5386773525,5.97115466682,32.3132782546,32.7802165702,23.6836002206
1399,100.0,85.0,85.0,100.0,33.1428332772,0.148145521492,0.492942053445,7.34729919521,7.60337844465,6.1647217731
737,10.0,10.0,0.0,20.0,64.1793012608,3.20614821064,1.42319689888,32.738157298,33.0227193687,26.414293571
1408,100.0,100.0,0.0,70.0,33.9555267681,3.63189294535,-6.2049756266,8.09802891247,7.9868708327,8.11934178274
1409,100.0,0.0,100.0,70.0,38.0117532485,-10.8484083875,5.21927819544,8.43586223127,10.0946405012,7.00569737132
1410,0.0,100.0,100.0,70.0,37.6984529168,15.8888642323,9.29213794077,11.6741133065,9.9199927132,5.95963323126
1411,40.0,40.0,0.0,70.0,39.0194733627,4.05204802711,-1.42109459299,10.82577153,10.6702678041,9.20572060647
1412,40.0,0.0,40.0,70.0,42.1144481764,-5.48262260044,6.21660261683,11.3463270774,12.5741427753,8.5612139732
1413,0.0,40.0,40.0,70.0,42.0847199887,9.56273702784,9.13573685655,13.547493391,12.5548559043,7.77483390497
940,100.0,0.0,100.0,20.0,47.8498393456,-23.9985499211,12.2565967504,12.2304805332,16.6765211617,9.65664580574
759,70.0,100.0,0.0,20.0,40.2481790875,11.032160694,-11.0890109188,12.5642773155,11.4012228708,13.0172114872
928,40.0,0.0,100.0,20.0,56.5204657202,-14.7089365965,26.6259640691,20.3901810902,24.4347435661,9.82941648832
747,20.0,100.0,0.0,20.0,44.6515472007,25.6610729456,-2.28292474524,18.2538765479,14.2939311033,12.5834050799
910,0.0,0.0,100.0,20.0,67.5817687129,0.322972281164,45.6763750354,36.1691591142,37.4076739351,9.83565083061
917,10.0,10.0,100.0,20.0,60.7141160732,0.95227220273,34.8770731638,28.1325343759,28.9235694609,9.52673274819
881,10.0,10.0,70.0,20.0,61.4223047458,1.15404806504,28.3674298304,28.9689231976,29.7320133224,11.9802652633
1211,100.0,100.0,0.0,80.0,33.7386551696,3.78423454746,-5.23914904531,8.01152326651,7.88330171197,7.77102075764
672,20.0,55.0,100.0,0.0,54.4679922859,20.3059986641,23.6556412152,26.2497763772,22.4182509677,9.66007064248
26,20.0,85.0,0.0,0.0,51.3318284193,32.5507708006,-4.99770767502,25.9415858834,19.5563254688,18.3110100956
717,85.0,55.0,100.0,0.0,44.7289853636,-4.86620904771,7.00967662801,13.0790311651,14.3487512853,9.61705964862
1227,100.0,100.0,40.0,80.0,33.1008598317,2.24755210023,-1.76611935011,7.54860516174,7.58391268742,6.6573843806
510,20.0,55.0,70.0,0.0,54.7053819479,20.3891917012,18.1160961293,26.5195764879,22.6455801016,11.5314051105
269,20.0,85.0,30.0,0.0,50.998036341,30.8045674271,3.60877538563,25.1812055549,19.2669182431,14.4533471226
555,85.0,55.0,70.0,0.0,45.8547425716,-4.37417252781,2.25180045216,13.9124131525,15.1616003128,11.7340916237
396,85.0,100.0,40.0,0.0,41.3033434925,7.97813716338,-6.45107541863,12.7877629961,12.0549640647,12.0249875912
290,55.0,10.0,30.0,0.0,61.7909114595,-15.6320718409,0.343995443262,25.2011549556,30.1586996721,24.6931052205
360,30.0,100.0,40.0,0.0,47.6286434993,28.6977428506,3.87054319624,21.4512385531,16.5038028153,12.2262939691
254,10.0,10.0,30.0,0.0,73.2191811143,2.53178333123,17.2408009677,44.7466328816,45.4988825729,26.2803778579
477,85.0,100.0,55.0,0.0,40.9011918912,6.56711376463,-3.93178315264,12.3204654155,11.8029379202,10.9571024904
47,55.0,10.0,0.0,0.0,62.7252208713,-12.2773403552,-16.388744893,26.9876214721,31.2584684676,36.3073132108
441,30.0,100.0,55.0,0.0,47.1553287297,27.9633543945,7.20468336081,20.8672599899,16.1382348945,10.8436255223
11,10.0,10.0,0.0,0.0,75.0268693135,3.46273441439,-0.568708360877,47.8402211541,48.3208818185,40.3047786265
1429,7.0,0.0,0.0,7.0,76.5889921452,-2.04275600853,4.30302247331,48.2867916408,50.8515391495,38.6555312269
1404,10.0,6.0,6.0,100.0,39.1457424172,1.64809035751,4.62498961861,10.5772964828,10.7439009564,7.63309338454
1431,7.0,7.0,0.0,7.0,73.7589479598,2.87937252842,2.33982886467,45.6804189997,46.3296792394,36.519015575
1390,40.0,27.0,27.0,60.0,41.8450243609,0.363771069495,2.27356327429,12.0097447121,12.400067728,9.54746441433
1433,7.0,0.0,7.0,7.0,76.0474612291,-2.68320011084,8.58077831362,47.2096272921,49.964492019,34.8939231504
1386,10.0,6.0,6.0,40.0,56.1929076782,0.90313857803,4.9371636028,23.4474589375,24.1051386818,17.6151554382
1435,7.0,7.0,7.0,7.0,72.9475269943,2.32615135992,6.10994820703,44.2709584659,45.0845424028,32.928046852
1405,100.0,0.0,0.0,70.0,39.7592350086,-8.65760704283,-5.96916310742,9.59373906944,11.1064803543,10.97918096
1406,0.0,100.0,0.0,70.0,38.210662582,18.1858616013,3.80616708768,12.3236416224,10.2065784632,7.4339970337
1407,0.0,0.0,100.0,70.0,46.2048521656,-0.141433379775,19.4856061269,14.8464150345,15.4205129074,6.97220763739
732,0.0,20.0,0.0,20.0,62.6504983326,12.8657975773,3.58611527167,33.6102112734,31.169545407,23.731236471
926,20.0,70.0,100.0,20.0,45.7231708334,18.5083973442,14.4370590257,17.7748504453,15.065054868,8.02657772101
750,40.0,20.0,0.0,20.0,53.8586403992,-1.01422895337,-8.12970998513,20.8497474712,21.8416990867,21.9227546889
938,70.0,70.0,100.0,20.0,41.289027785,2.88110406815,5.30224936874,12.0271831106,12.0459314908,8.42292130239
762,100.0,20.0,0.0,20.0,47.3942787583,-11.4447181536,-16.8719346321,13.8433563431,16.322107277,20.7163038594
736,10.0,0.0,0.0,20.0,67.3043000994,-2.73668823124,2.90651572536,34.9036163465,37.0363595891,28.740955599
811,10.0,40.0,20.0,20.0,54.9086048221,15.0353798418,5.96512612897,25.4389537655,22.8414070615,16.2202795921
14,10.0,40.0,0.0,0.0,62.812533146,21.8698926851,-3.70612949955,36.4678465748,31.362587936,28.0530539017
688,40.0,30.0,100.0,0.0,55.7959650943,-1.66812186252,22.9929134743,22.4954347608,23.7097047327,10.5611972211
1206,70.0,70.0,0.0,80.0,35.0502298648,4.47850248083,-3.09528861773,8.73132946032,8.52352301416,7.80115682569
1245,0.0,40.0,100.0,80.0,39.8323781891,7.61035716024,11.4484423161,11.8047836948,11.1502450901,6.2925393729
257,10.0,40.0,30.0,0.0,62.5791300793,20.348704259,10.6911061717,35.7085090214,31.0847717009,20.0428727824
526,40.0,30.0,70.0,0.0,56.6982205758,-0.953628656905,16.5432246262,23.5199554638,24.6148602708,13.2827550883
1222,70.0,70.0,40.0,80.0,34.9752101234,3.00186405856,-0.0913837636483,8.52301110674,8.48600154027,7.02370258798
1229,0.0,40.0,70.0,80.0,39.1667467561,7.12806402636,10.0827209361,11.3331446783,10.7561822944,6.34120386809
503,10.0,85.0,70.0,0.0,52.0615284357,36.2543525262,17.3006852047,27.6282112171,20.1990584245,10.3282879626
274,30.0,30.0,30.0,0.0,60.6815625588,4.91223595688,4.75399510375,29.1158882344,28.88676407,21.3548114936
1239,70.0,100.0,70.0,80.0,34.1460677198,4.01653847513,1.38296114486,8.23257073542,8.07861070703,6.35092208369
1225,100.0,40.0,40.0,80.0,35.4646015189,-2.9772437804,-1.59809286769,8.08643934488,8.73276705739,7.60181725927
665,10.0,85.0,100.0,0.0,51.4720223154,36.9248386177,21.472930766,27.1605355566,19.6787366685,8.80324658124
31,30.0,30.0,0.0,0.0,62.3695701992,6.89464573124,-9.40600140998,31.5939068398,30.8367377437,31.135548525
1255,70.0,100.0,100.0,80.0,33.6836200391,3.601890889,2.28754597173,7.96539212368,7.85716236486,5.97735255497
1209,100.0,40.0,0.0,80.0,35.5048062108,-1.28146415463,-4.80402048607,8.29539630619,8.7532494405,8.45905559535
1480,40.0,40.0,3.0,40.0,44.5329919637,5.36556170103,-3.95538353165,14.565775602,14.2102740413,13.1092058265
1481,3.0,0.0,40.0,40.0,58.9576165892,-0.501688998515,20.4963926581,25.8975636773,26.9819503699,13.2616487332
1482,0.0,3.0,40.0,40.0,58.8216967927,1.5183334615,20.3637847592,26.2445038474,26.835438166,13.2244612588
1483,3.0,3.0,40.0,40.0,58.2340934697,0.653605475865,19.7648880455,25.4275864212,26.2081436491,13.073773081
1484,40.0,3.0,40.0,40.0,50.8209746657,-8.69800122591,8.87017984231,16.8121152465,19.1145663868,12.4019321909
1485,3.0,40.0,40.0,40.0,49.2528870158,14.0807903971,12.0268555845,19.8738170091,17.800214089,10.4624537392
1425,7.0,7.0,0.0,0.0,77.1734537274,3.04327804122,1.44445426752,51.1150129892,51.8206211772,41.6143925951
1426,7.0,0.0,7.0,0.0,80.3774388028,-3.49682735322,8.67918142167,53.9198731174,57.3524764165,40.2873017013
1368,100.0,85.0,85.0,0.0,40.8220594541,-0.520995513602,-0.372156828911,11.2619277838,11.7537633648,9.80902546997
1428,7.0,7.0,7.0,0.0,77.060924664,2.20007232879,5.97074929615,50.6133191471,51.6330907427,38.0214250184
943,100.0,40.0,100.0,20.0,42.0722649103,-9.77682483778,5.11639652149,10.7357703287,12.5467812409,8.84509023354
757,70.0,40.0,0.0,20.0,46.0810337475,0.37154846289,-12.6721906281,14.8429718927,15.3286127373,17.6926753049
931,40.0,40.0,100.0,20.0,47.3636405487,2.58372148399,15.259876819,16.1667986262,16.2984534786,8.5631428289
745,20.0,40.0,0.0,20.0,53.7430305108,11.97340417,-4.19609525338,23.5627021601,21.7334401868,19.8759224791
913,0.0,40.0,100.0,20.0,55.0854764509,19.6439537539,27.9395153527,26.7387013597,23.0127578786,8.73756835862
882,10.0,20.0,70.0,20.0,58.2657251846,6.32526843995,25.0311194448,26.8345896996,26.2416603981,11.2745207866
880,10.0,0.0,70.0,20.0,64.7525981678,-4.63165728026,32.9556672436,31.2501713174,33.7361520599,12.379047654
67,85.0,30.0,0.0,0.0,52.3120337006,-8.03639513015,-22.1863027198,18.1248305335,20.4229125029,28.2802741864
1248,40.0,0.0,100.0,80.0,38.9954323612,-5.10566734672,9.2253311315,9.62603516381,10.6562866533,6.46777303852
30,30.0,20.0,0.0,0.0,64.5905751482,1.70340470915,-9.68994523122,32.8142376705,33.5334933132,33.8703131432
713,85.0,10.0,100.0,0.0,53.5359444101,-24.8807624612,17.1410412562,16.0160306643,21.5404169073,11.1878265098
310,85.0,30.0,30.0,0.0,51.7833407644,-11.6933464389,-8.39050204794,17.0211293023,19.9523907373,20.2693062334
1232,40.0,0.0,70.0,80.0,39.8866748238,-4.9365045853,8.16692029414,10.1340744281,11.1828073647,7.07405475248
273,30.0,20.0,30.0,0.0,63.2867797631,-0.248898052801,6.44357698932,30.7248207303,31.9321654097,22.7944917641
551,85.0,10.0,70.0,0.0,54.7643629229,-24.4747606246,10.5276408297,17.0334794343,22.7022988199,14.2892198194
1226,100.0,70.0,40.0,80.0,34.2560336474,0.573155251229,-1.83046957429,7.90393967921,8.13187439288,7.14392267261
517,30.0,30.0,70.0,0.0,59.6825343012,3.22056115958,21.2139515834,27.581811947,27.772375689,13.4573555452
276,30.0,55.0,30.0,0.0,54.2130801139,17.3312662426,1.8045050553,25.2722366176,22.1758414403,17.4912893144
1241,100.0,40.0,70.0,80.0,34.8143794918,-3.14957969455,1.14630116596,7.76112842782,8.40593277131,6.66707758147
1210,100.0,70.0,0.0,80.0,33.4809805696,2.00777645841,-4.48569737496,7.69766239724,7.76141534309,7.46818622104
679,30.0,30.0,100.0,0.0,58.5347654418,3.36689798717,28.5282928418,26.3934411136,26.5278894848,10.3075968043
33,30.0,55.0,0.0,0.0,55.1733941633,18.8386689597,-9.2639855734,26.6339502694,23.0982492814,23.7088863177
1257,100.0,40.0,100.0,80.0,35.0906202738,-3.8830193399,2.12290115218,7.81054975314,8.54377019237,6.55201005807
1418,3.0,0.0,0.0,3.0,81.1419780223,-0.130251692728,6.36263500032,56.5785381557,58.7282229185,43.1415713498
1471,3.0,40.0,0.0,40.0,50.0484610277,14.8944210233,2.65360082925,20.7426875443,18.4592537761,14.1906894219
1416,0.0,3.0,3.0,0.0,82.2343993678,3.45472433461,8.88278889169,60.0086904528,60.731892498,42.6321764456
1473,3.0,0.0,3.0,40.0,59.9294641715,0.636770159761,6.82731607508,27.2019303355,28.0451028885,19.7052834425
1474,40.0,0.0,3.0,40.0,52.1562763411,-7.56762781555,-1.99861859338,18.0863945966,20.283532751,17.6045794734
1450,0.0,40.0,0.0,3.0,65.4057450305,28.0138439376,1.55549777236,41.9639486308,34.5613898099,27.5791095843
1402,40.0,27.0,27.0,100.0,35.7814417285,0.970828330432,2.22661921598,8.68987420513,8.89505108767,6.8037950154
1451,3.0,40.0,0.0,3.0,64.6849140628,25.9782667815,0.290843112521,40.2783747055,33.6513936259,27.5921318942
1478,0.0,40.0,3.0,40.0,49.9918318191,15.4529858694,3.80670884814,20.8080765039,18.411814203,13.7173141134
1479,3.0,40.0,3.0,40.0,49.0537769813,14.9736938894,3.04376212225,19.8808168419,17.6377662142,13.4000767906
238,100.0,30.0,20.0,0.0,49.6816422637,-13.145006261,-13.9895229031,15.1783690765,18.1534026907,21.243488609
114,30.0,55.0,10.0,0.0,53.9917970335,18.3492724956,-5.63136164091,25.2874516099,21.9668338263,20.7826048724
607,40.0,30.0,85.0,0.0,56.3086723997,-1.13852279009,20.6032250753,23.1014575428,24.2212858998,11.6240340333
726,100.0,55.0,100.0,0.0,43.3548887547,-8.27265766626,4.69859490294,11.7052439307,13.3966286293,9.59992654803
571,0.0,30.0,85.0,0.0,67.5409298756,22.2517458372,40.0410904112,43.1177505605,37.3528675002,11.5999560846
797,100.0,10.0,10.0,20.0,48.6581497857,-15.219333771,-12.0385509576,14.1104587066,17.3179248707,19.4361855575
885,10.0,100.0,70.0,20.0,44.0618751645,28.247214448,12.0867152136,18.2623568943,13.8810619766,7.89278038003
10,10.0,0.0,0.0,0.0,79.5185964591,-4.74608224562,1.28936435778,51.9988593321,55.8328541527,44.9943728398
296,55.0,85.0,30.0,0.0,45.7466008055,14.9473140737,-5.21188307619,17.1342979482,15.0822173606,14.3630454357
38,40.0,10.0,0.0,0.0,65.9100352893,-8.12748562762,-12.3193265754,31.6595316676,35.2076770114,37.334775651
259,10.0,70.0,30.0,0.0,54.6085776539,33.9424639591,8.31464279583,29.8652974719,22.5526937047,15.0500230186
496,10.0,0.0,70.0,0.0,76.1949934765,-6.42389945707,42.4188033668,46.1025439196,50.2051242343,16.3238509391
701,55.0,85.0,100.0,0.0,44.4576726776,12.4921278189,8.10918081187,15.7107291723,14.1572958323,9.16159864017
524,40.0,10.0,70.0,0.0,62.4198022668,-12.3732190974,22.789503373,26.6395035893,30.8960714679,14.6526306503
664,10.0,70.0,100.0,0.0,53.4876237543,32.4589822133,24.3795887148,28.2237542927,21.4955426789,8.96247962435
499,10.0,30.0,70.0,0.0,64.5881743667,13.7122769836,29.7308024243,36.3155660769,33.5304965289,13.4356242638
278,30.0,85.0,30.0,0.0,49.0064944103,26.608658389,1.444741005,22.2794655929,17.599335566,13.9669510212
535,55.0,30.0,70.0,0.0,53.837806262,-5.46152742148,13.1325862566,19.9183154851,21.8221631816,12.7333899331
314,85.0,85.0,30.0,0.0,42.0836790975,7.16955780751,-8.8482805766,13.1760405381,12.5541809588,13.3539431034
661,10.0,30.0,100.0,0.0,63.2946784473,15.1541537204,37.4650721182,35.0825830252,31.9417097708,10.0834496589
35,30.0,85.0,0.0,0.0,49.1975462709,28.0459968824,-7.53404868228,22.7756276983,17.7549635899,17.7971468311
697,55.0,30.0,100.0,0.0,53.6354580083,-6.55959421723,20.1417397406,19.522632121,21.6330294497,10.2888872202
71,85.0,85.0,0.0,0.0,43.5975123369,8.9388341412,-17.8105499726,14.4905884894,13.561584332,18.0751327046
1455,0.0,40.0,3.0,3.0,65.480108667,26.9477641132,3.02072626429,41.7167236385,34.6561911948,26.7897758735
1461,0.0,3.0,40.0,3.0,78.8702722508,2.70217240257,32.2376344097,53.8031672611,54.7036711833,23.3630058421
1448,40.0,0.0,0.0,3.0,69.2354524674,-14.6984014144,-9.72745889903,33.8455078096,39.6722511903,39.6736735769
1449,40.0,3.0,0.0,3.0,67.9769500306,-12.9655664312,-10.1394576017,32.7937884655,37.9407860692,38.3533143779
1464,0.0,40.0,40.0,3.0,63.8716504339,26.3665600652,19.6488487077,39.278987636,32.6440480264,16.9721639691
1465,3.0,40.0,40.0,3.0,63.3850366433,24.3211738386,18.2966305051,37.9765258562,32.0510292914,17.1944694121
1419,0.0,3.0,0.0,3.0,80.6742506739,3.68931423879,6.90959588121,57.3130098638,57.8839921417,42.0635501509
1467,3.0,0.0,0.0,40.0,59.9660799772,0.777314363991,6.06223953312,27.2762504064,28.0856954041,20.1024907328
1468,0.0,3.0,0.0,40.0,59.0104597168,2.65033841788,6.31869172773,26.7201100142,27.0390552823,19.1971590893
1469,3.0,3.0,0.0,40.0,58.8549665927,1.88286833825,5.55919290874,26.3681192456,26.8712515764,19.4281496517
945,100.0,100.0,100.0,20.0,37.4450747183,1.21085933972,0.969939698952,9.58053212901,9.780230673,7.81755985309
754,70.0,0.0,0.0,20.0,54.3776510498,-15.8046370129,-11.9007053921,18.3412158152,22.3321396531,24.3970545217
933,40.0,100.0,100.0,20.0,41.4541078249,16.0550760351,8.41647690044,14.1462371553,12.1503639699,7.68090158307
742,20.0,0.0,0.0,20.0,64.5128674137,-6.19269444624,-0.707557765691,30.5473122494,33.436584959,28.0127022974
915,0.0,100.0,100.0,20.0,46.2166291294,33.7002667558,17.541699655,21.2218550573,15.4292730539,7.45088869726
884,10.0,70.0,70.0,20.0,47.5978581599,23.5134648262,14.3755078791,20.3415276723,16.4798593822,8.92008890629
833,100.0,10.0,20.0,20.0,48.3089393395,-16.5732427653,-8.46352682563,13.6560699887,17.0388418732,17.530250933
1259,100.0,100.0,100.0,80.0,32.8986396457,1.19896073405,0.736238187475,7.34711789327,7.49059582401,6.02001656911
1200,40.0,0.0,0.0,80.0,39.3553623829,-2.58396105632,0.606779530786,10.1421171409,10.8668863974,8.79638777931
674,20.0,85.0,100.0,0.0,48.7870008336,29.7570207798,17.5837690538,22.7626822608,17.4216650429,8.59877312499
65,85.0,10.0,0.0,0.0,57.8690546459,-17.6858892236,-22.1739597543,20.9781112689,25.8234138625,34.4859623412
1243,100.0,100.0,70.0,80.0,33.2187013076,1.43877381109,-0.334267417026,7.51679799326,7.63864773999,6.37745699547
1216,40.0,0.0,40.0,80.0,39.8536931837,-3.89852912265,5.45435769124,10.2499368573,11.1630203739,7.73256778107
512,20.0,85.0,70.0,0.0,49.1668085701,30.3530656348,14.104407162,23.2597577888,17.729863435,9.78239813532
308,85.0,10.0,30.0,0.0,56.4627840399,-21.6238137889,-6.26002793962,18.9542232163,24.3764848537,23.2905336511
1224,100.0,0.0,40.0,80.0,37.0071343762,-7.72810788144,0.344271061678,8.29865616164,9.54177148774,7.78432228401
521,30.0,85.0,70.0,0.0,48.3579430578,24.917534344,11.1769201867,21.316281682,17.0778225978,10.247441987
272,30.0,10.0,30.0,0.0,66.9948454543,-6.54499522691,8.95074087088,33.4142603164,36.6251484801,24.8960836076
557,85.0,85.0,70.0,0.0,41.579432418,4.46275874738,0.175513842863,12.4410760936,12.2300482664,10.0376419173
1208,100.0,0.0,0.0,80.0,36.2002728654,-5.60532961637,-3.68032179143,8.14676916711,9.11264290223,8.47950864445
683,30.0,85.0,100.0,0.0,47.1613670597,24.3343112614,14.1952449572,20.1248542383,16.1428643045,8.76030778246
29,30.0,10.0,0.0,0.0,68.5296356028,-4.69531964192,-8.32585074632,35.8892313776,38.6948371003,37.717641931
719,85.0,85.0,100.0,0.0,41.6011402654,3.44474933195,3.75099416465,12.305010237,12.2438859223,9.0004743189
730,0.0,0.0,0.0,20.0,70.9341450506,1.55403256191,7.35022555217,41.0960037923,42.0917705793,29.8672226226
927,20.0,100.0,100.0,20.0,42.5435994963,24.0991908055,11.933181508,16.2972250251,12.8547695568,7.27190943581
748,40.0,0.0,0.0,20.0,60.6687598582,-10.7249753357,-5.75819192764,25.2177696017,28.8722977431,27.0734504384
939,70.0,100.0,100.0,20.0,39.0572575951,7.58323870034,4.26957743986,11.3308180094,10.6922660962,7.68456263306
760,100.0,0.0,0.0,20.0,51.4272622095,-18.5838124308,-15.7929795798,15.5328408229,19.6395987513,23.7467103282
879,0.0,100.0,70.0,20.0,46.6935979898,33.7394467553,14.8245765793,21.6667814433,15.7868548726,8.36786552608
778,20.0,0.0,10.0,20.0,63.9708472289,-6.81867216745,4.31570098107,29.7577586118,32.7658262141,24.5752368386
897,40.0,100.0,70.0,20.0,40.8658853162,16.5946987541,5.62094617599,13.8274662272,11.7809807635,8.14270768899
790,70.0,0.0,10.0,20.0,53.8701034114,-16.6072892105,-7.06633280954,17.7749258052,21.8524527779,21.3932528277
909,100.0,100.0,70.0,20.0,36.818928035,2.37727544759,-1.47080095546,9.39158710236,9.44049531525,8.17293789298
802,0.0,0.0,20.0,20.0,69.7505490713,0.486943510545,17.6418136499,39.1077037776,40.395850942,22.7662556165
855,20.0,100.0,40.0,20.0,42.9802496809,24.2637807413,4.90125276061,16.6618921768,13.1445539263,9.35179077343
820,40.0,0.0,20.0,20.0,59.0264162492,-12.4956797071,3.66720662014,23.1812803364,27.0563145291,20.4789438053
867,70.0,100.0,40.0,20.0,39.5040488162,9.16617597486,-3.44796592456,11.8248519589,10.9546883218,10.0513927112
832,100.0,0.0,20.0,20.0,50.5751285495,-20.6822198616,-7.46541850189,14.5651045418,18.9043641053,18.8437327317
808,10.0,0.0,20.0,20.0,66.3437142702,-3.78183516201,13.1897463674,33.4018625347,35.7698723799,22.0285690777
809,10.0,10.0,20.0,20.0,62.6407186424,2.16104797591,10.4553190181,30.6237705026,31.1579196473,20.2081009219
662,10.0,40.0,100.0,0.0,60.1517431884,20.1735564485,32.4005253984,32.6276923773,28.2921257656,9.97584551161
40,40.0,30.0,0.0,0.0,60.0896023532,3.29138248988,-12.5558601355,28.0428513663,28.2229220148,30.6334366069
1254,70.0,70.0,100.0,80.0,35.3120306805,1.88734454941,2.93812423621,8.56179176653,8.6553301656,6.45339219893
1197,0.0,40.0,0.0,80.0,40.116522034,9.39107822534,4.33237325711,12.2387146166,11.3213514468,8.1418004293
500,10.0,40.0,70.0,0.0,61.4553434571,19.9480932813,25.9739531549,34.166515844,29.770092529,12.8377646373
283,40.0,30.0,30.0,0.0,58.9636786033,0.414133657616,1.669004157,26.1250857581,26.9884971973,21.4167575148
1238,70.0,70.0,70.0,80.0,34.9165438137,2.36707244698,1.88518188208,8.4215110185,8.45673615873,6.53774958506
1213,0.0,40.0,40.0,80.0,39.3416664654,7.99698203517,8.01313728049,11.5599308365,10.8588224003,6.88661695313
494,0.0,85.0,70.0,0.0,53.9997592969,45.0588022793,22.6884331002,32.1713645494,21.9743315171,9.7075129692
1220,70.0,0.0,40.0,80.0,37.6976530436,-6.09983805748,2.29717539263,8.8288686627,9.91954942567,7.5904166164
530,40.0,85.0,70.0,0.0,45.9424533401,20.2480903437,8.15249971502,18.2827456937,15.2261898094,9.90015642733
245,0.0,10.0,30.0,0.0,76.9360923687,9.13569199362,22.6144866811,53.0602147125,51.4255868372,26.8822214119
656,0.0,85.0,100.0,0.0,53.662196926,45.1197453262,26.6114354553,31.7849344261,21.6579592464,8.42937427353
1204,70.0,0.0,0.0,80.0,37.523529967,-4.62955453671,-2.00999602836,8.91373351461,9.8233649019,8.64654875942
692,40.0,85.0,100.0,0.0,45.7256262876,20.3299047111,12.7790107268,18.1203908882,15.0668528811,8.46965284539
2,0.0,10.0,0.0,0.0,78.3392329039,9.55894910362,4.92679921864,55.614279722,53.7901869902,40.4704067999
942,100.0,20.0,100.0,20.0,44.295285356,-15.5031017097,8.4325889414,11.2603650814,14.0435238742,8.99016015429
758,70.0,70.0,0.0,20.0,42.63220736,7.54930341343,-12.3013609346,13.6017329483,12.9132264258,15.0369263225
930,40.0,20.0,100.0,20.0,51.1829178631,-4.40294378952,20.6945848738,17.891674916,19.4268603565,8.88140173139
746,20.0,70.0,0.0,20.0,47.0951481859,22.0884003935,-3.23420421298,19.6139402433,16.0921445991,14.4975103547
912,0.0,20.0,100.0,20.0,59.8645311405,11.3295642844,35.8473080457,29.8764416739,27.9732139316,8.82985218149
157,100.0,30.0,10.0,0.0,50.9007100432,-11.6722067367,-18.4231847357,16.3415918495,19.1830745117,24.6881056879
599,30.0,40.0,85.0,0.0,55.6697436712,8.93126378243,21.5003353758,24.7729313676,23.5848753863,10.9670605133
121,40.0,30.0,10.0,0.0,58.9075727576,2.10033231657,-7.3012371037,26.4765438865,26.9279446948,26.2035953444
635,85.0,40.0,85.0,0.0,47.2400606302,-10.5184433623,7.06327766551,13.8848858349,16.2032773266,10.9358618118
85,0.0,30.0,10.0,0.0,69.6827041911,22.5783836518,7.71618036136,46.43305679,40.3000445398,28.3087419595
870,100.0,20.0,40.0,20.0,45.2881145425,-13.6845751326,-2.96870018415,12.1244685378,14.7487364554,13.2239947197
830,70.0,70.0,20.0,20.0,41.3500311225,6.70099571399,-6.41003189558,12.6265661881,12.084453254,12.0385151718
858,40.0,20.0,40.0,20.0,52.5908527175,-3.06779611199,7.36690144151,19.3216824029,20.6740060185,14.0648027703
818,20.0,70.0,20.0,20.0,47.0390079601,20.6507155906,1.71943469663,19.2797413471,16.0492278426,12.6237057439
840,0.0,20.0,40.0,20.0,61.6058748419,11.776887297,19.9430113939,32.0332591374,29.9440010545,15.2242213969
883,10.0,40.0,70.0,20.0,53.3114384324,14.1030696925,19.9328510133,23.6236657231,21.3324515582,10.181216907
761,100.0,10.0,0.0,20.0,49.0899033063,-14.3425955425,-16.3140054816,14.5548987618,17.6671668863,21.9034941461
715,85.0,30.0,100.0,0.0,49.0810680043,-14.5893543126,12.3970011176,14.5082292418,17.6599734404,10.2556658225
24,20.0,55.0,0.0,0.0,56.8948194801,23.4621918315,-7.00452512065,29.6998659306,24.8150998304,24.0927818202
678,30.0,20.0,100.0,0.0,60.9308365839,-1.49908829,31.5589358307,27.7481603364,29.1693934121,10.6517352328
69,85.0,55.0,0.0,0.0,47.2938220272,2.00869043296,-20.0070420107,16.0131905252,16.24463647,22.2097707789
553,85.0,30.0,70.0,0.0,50.1149790158,-14.2482498852,5.58141509479,15.3076976543,18.5150813951,13.1409326985
267,20.0,55.0,30.0,0.0,55.5503462397,21.609108896,4.9410177273,27.7270905938,23.4671987449,17.1282237131
516,30.0,20.0,70.0,0.0,61.4503585542,-1.71148354787,23.0903566153,28.262455157,29.7643450313,13.8948603198
312,85.0,55.0,30.0,0.0,46.2557265173,-1.4418640208,-9.729409143,14.6674508047,15.4583789431,16.5470671082
303,70.0,55.0,30.0,0.0,48.2035974234,2.32170338034,-7.01912823924,16.7648343728,16.9552470085,16.8234199918
508,20.0,30.0,70.0,0.0,61.437503425,7.78354198634,25.4007705706,30.741401765,29.7495267269,13.0329500972
1218,40.0,70.0,40.0,80.0,35.3716601046,6.18539319382,2.40291179955,9.09709289449,8.68554017776,6.59889033344
544,70.0,30.0,70.0,0.0,51.8083922439,-10.1070029247,9.1492994097,17.3314644188,19.9745210272,12.9066218844
60,70.0,55.0,0.0,0.0,48.7978340013,5.55427250494,-17.9932825567,17.8308905082,17.4304058417,22.5100481802
670,20.0,30.0,100.0,0.0,60.5069371535,7.96337098615,31.8587209569,29.718512786,28.6898633807,10.3292213639
1202,40.0,70.0,0.0,80.0,35.161621797,7.31953971815,-0.297596762195,9.12455492612,8.57943999534,7.15082492855
706,70.0,30.0,100.0,0.0,51.4647531917,-10.8542462375,15.9901123954,16.9240723148,19.6723770654,10.4157618141
733,0.0,40.0,0.0,20.0,57.6975395546,20.6974293539,2.73441435638,29.8836967303,25.6439545754,19.8221182143
925,20.0,40.0,100.0,20.0,50.7365426265,9.87108372621,20.9439715086,20.3182519337,19.0422009302,8.59906818044
751,40.0,40.0,0.0,20.0,50.2462873707,6.75385577602,-7.74085134536,19.2654261467,18.6256168558,18.7092417826
937,70.0,40.0,100.0,20.0,43.7122574811,-4.52873348985,9.87155751804,12.4708992758,13.6400670005,8.31757436905
763,100.0,40.0,0.0,20.0,43.7531098895,-4.83377257443,-15.7136272482,12.4518290086,13.6680818971,17.2650879379
877,0.0,40.0,70.0,20.0,55.4834343561,19.5731292235,23.4723894128,27.1453384903,23.4014226906,10.2443185019
781,20.0,40.0,10.0,20.0,53.1798423425,12.0627746894,-0.0181976868671,23.0379020445,21.2111754435,17.5094502051
895,40.0,40.0,70.0,20.0,47.7699937993,3.48033198134,11.0819967036,16.6371349888,16.6140363603,9.96697688426
793,70.0,40.0,10.0,20.0,46.0773402202,-0.989590465984,-9.86961547904,14.6153115119,15.3258769606,16.4762025312
907,100.0,40.0,70.0,20.0,41.7482611515,-9.3278147183,1.68441692797,10.6093926026,12.3379432322,9.6721170646
242,100.0,85.0,20.0,0.0,42.0218332532,3.27796440304,-13.5480385637,12.5480558168,12.514121642,15.1143611013
110,30.0,10.0,10.0,0.0,67.6422675631,-5.86069399005,-2.94298767803,34.4159734317,37.4889629459,32.8649830386
611,40.0,85.0,85.0,0.0,45.8044876414,19.6851599628,10.2832732144,18.0625917383,15.1246754346,9.20398039183
722,100.0,10.0,100.0,0.0,51.9108859246,-27.3279308614,14.7437752765,14.4198508239,20.0652336137,11.0561942999
575,0.0,85.0,85.0,0.0,53.9045357301,44.8867298447,25.0582623421,32.0095138559,21.884775679,8.97379427358
845,10.0,10.0,40.0,20.0,61.97165102,1.34371986584,18.6458982989,29.637747343,30.369400809,16.0106692582
812,10.0,70.0,20.0,20.0,48.5199304283,25.0715869115,4.60029942197,21.4970678776,17.2071008295,12.5080946791
658,10.0,0.0,100.0,0.0,75.127626036,-6.18889466078,53.859064224,44.5753238719,48.4815171815,11.3549244594
539,55.0,85.0,70.0,0.0,44.1158053225,12.9269201533,4.26869910221,15.5321269495,13.9184873939,10.1229257342
686,40.0,10.0,100.0,0.0,61.5292478529,-12.7206563646,31.5279437758,25.6253272431,29.8553897033,10.9912493287
502,10.0,70.0,70.0,0.0,54.1120120683,32.6711359123,19.4450218426,28.9707932627,22.0802163384,10.7650968815
253,10.0,0.0,30.0,0.0,78.0968638242,-6.02342382676,20.9444297297,49.2115944022,53.3766703902,29.0915941899
53,55.0,85.0,0.0,0.0,45.717632112,17.8587469506,-13.0685315216,17.648933703,15.0609996492,17.5907961021
281,40.0,10.0,30.0,0.0,64.7497254829,-10.8402855293,4.63599793391,29.5825655924,33.7325518084,25.1440258511
16,10.0,70.0,0.0,0.0,55.705205401,34.3215259813,-2.19040226956,31.2381075501,23.6199016469,20.5432313227
490,0.0,30.0,70.0,0.0,67.863176388,21.630354014,35.434984762,43.3779659415,37.7867861047,13.4143674926
285,40.0,55.0,30.0,0.0,52.0266212192,12.4748009157,-0.707078616851,22.0372130742,20.1679954426,16.9434845872
1237,70.0,40.0,70.0,80.0,35.2182141984,-1.17724856288,2.65630933575,8.16851889595,8.60794192876,6.48060684017
249,0.0,55.0,30.0,0.0,61.0624149215,35.625628931,13.3777529641,38.3799359092,29.3193187977,17.5953183387
652,0.0,30.0,100.0,0.0,66.7178231994,22.7902943581,43.6176595374,42.1076333349,36.2596262599,10.0072578848
42,40.0,55.0,0.0,0.0,53.2944275745,14.0993641804,-12.5359498018,23.6062210757,21.3167487714,23.7263340682
1253,70.0,40.0,100.0,80.0,35.3685460751,-1.60526759518,3.96544805948,8.19309059457,8.6839607823,6.24519030506
6,0.0,55.0,0.0,0.0,63.0680993263,34.750064835,1.26240109286,40.8640215058,31.6686776758,25.4107606486
639,85.0,100.0,85.0,0.0,40.6310776491,5.15177027866,1.26913031466,11.945716519,11.6356462806,9.23110105733
109,30.0,0.0,10.0,0.0,72.1675159934,-13.1535098412,0.236560469799,38.0950339552,43.9088282962,36.0605004259
619,55.0,70.0,85.0,0.0,45.7637748393,10.1260187713,8.47405457731,16.2807638302,15.0948056435,9.71179437437
145,85.0,0.0,10.0,0.0,60.6696338603,-25.4156771607,-15.4391402627,21.8999281516,28.8732851624,33.1838429968
583,10.0,70.0,85.0,0.0,53.4157465434,32.6813820682,22.1131606269,28.2014644861,21.4289074156,9.5798064378
798,100.0,20.0,10.0,20.0,46.9503743154,-11.9883647729,-12.8805794572,13.4572471455,15.9816267261,18.4605080152
902,70.0,70.0,70.0,20.0,41.3649148537,3.83721523896,2.62212546564,12.2134736376,12.0938643266,9.20590549636
786,40.0,20.0,10.0,20.0,53.9590291863,-1.38613598244,-3.85289089339,20.8624231155,21.9359958304,19.8899206156
890,20.0,70.0,70.0,20.0,45.5761503848,18.7679289791,11.6963156671,17.7048235708,14.9576592363,8.69547544713
768,0.0,20.0,10.0,20.0,62.1756783151,12.2277024946,8.04588166672,32.8467526728,30.6084266947,20.9970253621
872,100.0,70.0,40.0,20.0,39.5987147921,-0.973449746075,-6.1846720408,10.4888399346,11.0108359016,10.9594346083
828,70.0,20.0,20.0,20.0,49.106629459,-8.2922949533,-5.4408071717,15.5823590584,17.6807901823,16.8142595825
860,40.0,70.0,40.0,20.0,44.6404193936,12.7770278074,2.07850162416,15.8965788839,14.2860649762,11.0983750727
816,20.0,20.0,20.0,20.0,57.3142745299,3.22575595039,5.50240905156,25.0977039501,25.2459464466,18.2269593587
842,0.0,70.0,40.0,20.0,50.0781914595,29.1271731657,12.3835460327,23.8709151511,18.4841922219,10.7990754309
868,100.0,0.0,40.0,20.0,49.5540324538,-22.2828653231,-0.810281795962,13.6022478525,18.0477999204,15.2138964949
831,70.0,100.0,20.0,20.0,39.9253644131,9.95249816242,-6.9078663033,12.200392828,11.2060485658,11.3791484898
856,40.0,0.0,40.0,20.0,58.0575501949,-13.4525141863,11.5008376278,22.051937378,26.0216036214,16.1757584824
819,20.0,100.0,20.0,20.0,43.7160096747,25.3326577264,1.91627596089,17.4346179591,13.6426385021,10.6397024999
838,0.0,0.0,40.0,20.0,69.3401595997,0.268806353607,26.6867283393,38.4811772501,39.8186364988,18.0241760782
801,100.0,100.0,10.0,20.0,38.1147201407,5.62120771684,-11.4333134102,10.5149824689,10.1524832747,11.8491991425
898,70.0,0.0,70.0,20.0,52.3444386725,-19.9695894636,12.9019726903,15.9767933418,20.4519901569,11.9167711303
789,40.0,100.0,10.0,20.0,42.2824624119,19.2501000705,-3.86169869068,15.2632141955,12.6835174022,11.7187202513
886,20.0,0.0,70.0,20.0,61.8062820596,-8.45816888498,28.4207951759,26.9525409844,30.1765802537,12.1895778918
771,0.0,100.0,10.0,20.0,47.4523629969,35.3288988693,5.26116814622,22.7227351394,16.3670131945,11.6483646621
299,70.0,10.0,30.0,0.0,58.7376998102,-18.8561430359,-3.80765497631,21.5214078087,26.7451608924,24.0821663434
1235,40.0,100.0,70.0,80.0,34.6678304849,7.43334139534,3.48585276955,8.88464906,8.33341402122,6.0852357681
263,20.0,10.0,30.0,0.0,69.54101558,-3.14796111864,12.2043092428,37.6866921426,40.1004492935,25.5341694589
548,70.0,85.0,70.0,0.0,42.6184594237,8.41293212489,1.77938985526,13.7282303772,12.9041449705,10.0947398608
56,70.0,10.0,0.0,0.0,59.8961879302,-14.8401549135,-19.3959761629,23.4968833497,28.0082465763,34.9844647814
1251,40.0,100.0,100.0,80.0,34.3071055276,6.97248966047,4.22579576187,8.64885906627,8.15669125245,5.7935952186
20,20.0,10.0,0.0,0.0,71.6864679401,-1.12498899707,-4.86399212687,41.2809978408,43.1940336951,39.1913252258
710,70.0,85.0,100.0,0.0,42.712528303,7.33458028604,5.46905897329,13.622357718,12.9663690975,9.05657086713
735,0.0,100.0,0.0,20.0,47.9988520486,35.6283917605,3.18086142916,23.3138373994,16.79355282,12.6923282387
922,20.0,0.0,100.0,20.0,61.3190218841,-8.4719469359,35.2851748251,26.4330368428,29.613182732,9.71425322914
753,40.0,100.0,0.0,20.0,42.9698637218,19.34758394,-6.23595463318,15.7872222969,13.1376111906,12.9593006048
934,70.0,0.0,100.0,20.0,51.6809908351,-20.0131154965,18.9796639639,15.4754203943,19.8621453855,9.62185315029
765,100.0,100.0,0.0,20.0,38.6693789751,5.79911717699,-13.556068704,10.8578545555,10.4678732121,12.9252779637
874,0.0,0.0,70.0,20.0,68.1808550634,0.346967004379,37.6580552151,36.9591106683,38.2178305571,12.8061434251
783,20.0,100.0,10.0,20.0,44.6755244281,25.9995360397,-0.171843945852,18.3382809196,14.3108901601,11.8662666066
892,40.0,0.0,70.0,20.0,56.9046713635,-14.3667458707,21.0007491888,20.8032874353,24.8251626242,11.8364437408
795,70.0,100.0,10.0,20.0,39.3645480898,11.0816164104,-8.38187869492,12.0135165205,10.8722970709,11.5474985847
904,100.0,0.0,70.0,20.0,48.5110295071,-23.5960186923,7.3875407641,12.7117003244,17.1999803358,11.5476240559
807,0.0,100.0,20.0,20.0,46.9660633453,34.5354639541,7.34278914079,22.0908723638,15.993578937,10.6957232577
850,20.0,0.0,40.0,20.0,62.7015653122,-8.20620916774,17.4507590575,27.9821650051,31.230299056,17.0502150175
825,40.0,100.0,20.0,20.0,42.4996654963,18.1831132245,-2.19992098595,15.241086356,12.8258507135,11.2903473382
862,70.0,0.0,40.0,20.0,52.7928205868,-19.103072083,3.99926532517,16.4703465243,20.8571700275,15.5265767891
837,100.0,100.0,20.0,20.0,38.0580107873,4.4885937539,-9.63046602007,10.3341800129,10.120598921,11.2157510247
804,0.0,20.0,20.0,20.0,62.3228064875,11.8816152955,12.5280727455,32.9281162349,30.7815691365,18.9647413037
854,20.0,70.0,40.0,20.0,46.7221963513,19.6742137305,6.28854694482,18.8201150253,15.8084687619,10.8978966457
822,40.0,20.0,20.0,20.0,53.5305905038,-2.51968781306,0.205367297715,20.2471504646,21.5354417899,17.6778281719
866,70.0,70.0,40.0,20.0,41.2805347658,4.83170470944,-3.19890224064,12.3057486419,12.0405749069,10.9317233331
834,100.0,20.0,20.0,20.0,46.8204404178,-13.0262920374,-9.21415913723,13.2100253436,15.8828693222,16.7422075408
878,0.0,70.0,70.0,20.0,49.6248116397,29.1284327821,18.2335251489,23.4282005872,18.1063221011,8.81844542848
780,20.0,20.0,10.0,20.0,57.6769339505,3.73974035425,1.03732928217,25.5908086189,25.6224506777,20.6274982614
896,40.0,70.0,70.0,20.0,43.9828015532,11.9590653714,7.55901976805,15.2696506821,13.8263093768,9.08502044395
792,70.0,20.0,10.0,20.0,49.8750439651,-7.979934977,-9.37039429306,16.2128191844,18.3142351674,19.1683188376
908,100.0,70.0,70.0,20.0,39.2984146682,-2.20529226964,-1.04869909268,10.1592990356,10.833382439,9.23688819674
1231,0.0,100.0,70.0,80.0,36.8128933793,14.179287051,7.7069004331,10.9089415757,9.43725990522,5.97218016764
289,55.0,0.0,30.0,0.0,65.0145116323,-22.3238491465,2.61537936966,26.9433647332,34.0654780097,26.558097278
538,55.0,70.0,70.0,0.0,46.1352299196,9.30424271904,5.45422182062,16.4188911992,15.3687930081,10.8409609475
1212,0.0,0.0,40.0,80.0,42.9607061343,0.861271405154,11.0210375713,12.7918165947,13.1314916169,7.67912796025
1247,0.0,100.0,100.0,80.0,36.8975699039,13.8507393534,8.39011684105,10.9138735593,9.48272586525,5.85744371032
46,55.0,0.0,0.0,0.0,66.2858303209,-18.9371671922,-15.3137681779,29.195884311,35.6944915313,40.0552727335
700,55.0,70.0,100.0,0.0,46.215101955,8.93351703923,10.7348883257,16.4141904985,15.4281368973,9.27769461132
1196,0.0,0.0,0.0,80.0,43.2810841502,1.79254940372,5.87543775839,13.1429484141,13.3467167868,9.22037776781
495,0.0,100.0,70.0,0.0,52.8805536616,46.8911954558,20.4582295222,31.3458775692,20.9370707339,9.79709711123
241,100.0,70.0,20.0,0.0,43.1531071517,0.411966821259,-13.8775549856,12.8490898279,13.2604639113,16.042917981
491,0.0,40.0,70.0,0.0,64.0625370623,27.7196587156,32.1908455854,39.9748307971,32.8786575437,12.2311455
237,100.0,20.0,20.0,0.0,52.0790725576,-17.3923567224,-13.2279400716,16.2282814112,20.2146824976,22.9776140905
487,0.0,0.0,70.0,0.0,80.7177911432,0.903614094461,50.5598954484,56.2569703142,57.9622373239,16.1800705656
162,100.0,100.0,10.0,0.0,41.2772427488,6.1845016146,-16.0973244071,12.5031062463,12.0384990446,15.6251981883
622,70.0,0.0,85.0,0.0,59.0064193779,-27.7525157218,20.9439802658,19.9157917674,27.034686249,13.1291193637
126,40.0,100.0,10.0,0.0,45.7433549391,24.5454780016,-6.3031066277,18.9473500445,15.0798389808,14.786026781
586,20.0,0.0,85.0,0.0,71.6188275236,-11.8422922818,42.7731077971,37.7677046841,43.0941525159,13.098761603
90,0.0,100.0,10.0,0.0,53.503480573,48.2264053918,7.35360803356,32.4584515993,21.5102616471,14.6772504261
1175,0.0,100.0,100.0,60.0,38.6361805865,18.1631202195,10.1630364684,12.5914630481,10.4488147077,6.12117654412
1094,100.0,70.0,0.0,60.0,35.8053636495,1.90473350241,-7.27689390549,8.81103357991,8.90738475512,9.29614762419
1173,0.0,40.0,100.0,60.0,43.707540543,9.92041534333,15.8093409482,14.7299763884,13.6368347863,6.8232669203
1092,100.0,20.0,0.0,60.0,38.2837480855,-5.28580211535,-7.30832506992,9.22731136654,10.2479149283,10.5951072881
1171,0.0,0.0,100.0,60.0,49.3706077445,-0.113582311702,24.3077901195,17.2368744105,17.8967264529,7.12488881295
871,100.0,40.0,40.0,20.0,42.7462372244,-8.36558468155,-4.83535154716,11.3241500076,12.9887152639,12.3263615386
829,70.0,40.0,20.0,20.0,45.3550655029,-2.15606321116,-6.84035517897,13.9226539852,14.7971237071,14.7340746651
859,40.0,40.0,40.0,20.0,48.920081296,3.85962655832,4.53239594638,17.6125036837,17.5292444456,12.7766515572
817,20.0,40.0,20.0,20.0,52.6193019994,10.7338595939,2.87586387993,22.2136629945,20.6997414301,15.8639781472
841,0.0,40.0,40.0,20.0,56.2835247218,19.3456115224,16.4585103356,27.9537345274,24.1960234825,13.0532456365
161,100.0,85.0,10.0,0.0,42.4191384836,4.54806992245,-16.7295137067,12.9964298151,12.7729577768,16.710987577
595,30.0,0.0,85.0,0.0,68.4504474169,-16.1481941508,37.3714654219,32.473006919,38.586189845,13.0766094653
125,40.0,85.0,10.0,0.0,47.8271053825,22.051796176,-7.30063364385,20.2445949356,16.6587142988,16.6662952721
631,85.0,0.0,85.0,0.0,56.688203161,-30.7662969121,17.5096549441,17.4005402801,24.6046862959,12.9257148082
89,0.0,85.0,10.0,0.0,56.0730519177,44.7752688882,5.52778758447,34.6402238066,23.9852787448,17.2650288416
311,85.0,40.0,30.0,0.0,49.4291771458,-7.91081215705,-8.9367618897,15.888466769,17.9448737785,18.6114318991
1233,40.0,40.0,70.0,80.0,36.824427473,1.46273004713,5.25563147584,9.28290335515,9.44344441851,6.51927412947
275,30.0,40.0,30.0,0.0,58.2306810489,9.87253004409,3.83608946671,27.6808869529,26.2045295778,19.734974138
552,85.0,20.0,70.0,0.0,51.6488145661,-18.6151359029,7.30439219188,15.6915857952,19.8338308199,13.4789133873
68,85.0,40.0,0.0,0.0,50.3764754437,-3.97374551098,-21.210171108,17.3243163,18.7356427169,25.7454911558
1249,40.0,40.0,100.0,80.0,36.6247959733,1.06577545638,6.32853719127,9.13092646886,9.33678390862,6.20163350169
32,30.0,40.0,0.0,0.0,59.7989235956,11.3455328632,-9.61938723622,29.8058119934,27.9007030812,28.4877907841
714,85.0,20.0,100.0,0.0,51.417656605,-19.4414178773,14.8972240649,15.3793614652,19.631206448,10.7340397659
181,20.0,0.0,20.0,0.0,74.5907611335,-10.6657692994,10.7029683518,42.2673528805,47.6296903427,31.7614657261
543,70.0,20.0,70.0,0.0,53.9742107443,-15.1667757517,10.3180449145,18.1313194464,21.950279685,13.8505230462
185,20.0,40.0,20.0,0.0,60.1890087941,14.272372073,2.82507687431,31.0413714703,28.3336811858,21.9021171758
547,70.0,70.0,70.0,0.0,44.6500484526,4.18380225904,2.82863249948,14.4549280789,14.2928714862,10.8617438565
189,20.0,100.0,20.0,0.0,48.9175908494,33.1294301604,0.964577165423,23.6434611408,17.5272271666,14.0911168205
574,0.0,70.0,85.0,0.0,56.3509215774,40.6619358308,26.8929404495,33.7947402123,24.2637674202,9.66277534778
102,20.0,20.0,10.0,0.0,66.242933093,4.88479934143,-1.07376376805,35.8065638974,35.6386958993,30.0787445158
610,40.0,70.0,85.0,0.0,47.7326834858,15.4154536019,11.9459679889,18.8389631728,16.5848919806,9.68885159956
138,70.0,20.0,10.0,0.0,56.3366129965,-10.927451692,-14.2465607163,21.010165668,24.2493745936,27.6779548055
646,100.0,70.0,85.0,0.0,41.7106483955,-4.48787029268,0.917939864459,11.243034205,12.3138509817,9.88160446653
1076,20.0,0.0,0.0,60.0,47.4444989078,-2.2366383841,2.12944336216,15.3928246787,16.3609285181,12.7263404064
1187,70.0,20.0,100.0,60.0,39.781635299,-6.72814496902,6.92687221043,9.84763058127,11.1198712309,7.33195467212
1078,20.0,40.0,0.0,60.0,42.5919244467,7.62813528298,0.309247502602,13.586875624,12.886628839,10.5354667871
1189,70.0,70.0,100.0,60.0,35.5446799189,1.57641227285,3.38295026262,8.64170760867,8.773594811,6.44350412108
1080,20.0,100.0,0.0,60.0,37.8535105434,15.3726082508,0.424021720848,11.695662036,10.0061748812,8.14354684852
806,0.0,70.0,20.0,20.0,50.6767615612,29.5492476087,7.6609693924,24.5622813056,18.9910740544,12.7410615286
852,20.0,20.0,40.0,20.0,56.0563917141,2.36266312988,12.267170571,23.6443510725,23.968649481,14.4777355744
824,40.0,70.0,20.0,20.0,44.7848290723,13.4581259444,-2.53345728687,16.1244115567,14.3883711408,12.7538624705
864,70.0,20.0,40.0,20.0,48.2896000955,-10.0814198191,0.421172690165,14.6884216405,17.0234745274,13.8866420314
836,100.0,70.0,20.0,20.0,39.8571446193,0.425038674636,-9.61037292473,10.8235692208,11.1650899323,12.2546584025
876,0.0,20.0,70.0,20.0,60.7324854969,11.0322264773,29.7349976725,30.7980872512,28.9443519412,11.1271369857
782,20.0,70.0,10.0,20.0,47.3827021348,20.7264581862,-1.02626051567,19.5894401111,16.3131670198,13.842854722
894,40.0,20.0,70.0,20.0,51.7584968356,-4.22032605996,14.7375525234,18.3976953448,19.9304599454,10.9732680607
794,70.0,70.0,10.0,20.0,42.1840185396,6.49148785093,-9.32060147,13.1383837538,12.6193553872,13.5925471709
906,100.0,20.0,70.0,20.0,45.0512554343,-15.8696064918,4.21391472314,11.6648618356,14.578398901,10.6411269801
498,10.0,20.0,70.0,0.0,67.513374455,7.75485954398,32.9607610542,38.3596191412,37.315917905,14.1160896834
293,55.0,40.0,30.0,0.0,53.2686680489,-0.13381098195,-3.50275168712,20.5051390102,21.2929847291,19.1605713933
534,55.0,20.0,70.0,0.0,55.8143880874,-11.4007898607,15.0301502604,20.4445882527,23.7279612944,13.2788091468
1214,0.0,70.0,40.0,80.0,37.5216068514,12.2375154263,6.54986436094,11.0602674338,9.82230607112,6.49828526815
660,10.0,20.0,100.0,0.0,66.5731468841,8.75211125282,41.0146995011,37.4113471235,36.0697008367,10.7380695716
50,55.0,40.0,0.0,0.0,54.2364845192,2.26421425684,-16.4387862764,21.8893335849,22.1980247174,26.8330372478
696,55.0,20.0,100.0,0.0,55.4925748397,-12.0200412208,21.948579554,20.0346104775,23.4104007569,10.725896169
1198,0.0,70.0,0.0,80.0,37.8109287667,13.3108656481,3.86254225624,11.3802365326,9.98245810467,7.25008278371
531,40.0,100.0,70.0,0.0,45.1838122309,21.3837026612,6.50630422328,17.8782081889,14.6735647444,10.0023309007
205,40.0,70.0,20.0,0.0,49.2495414586,17.5510959938,-4.3934811752,20.5796576922,17.7974763444,16.4733182285
527,40.0,40.0,70.0,0.0,54.0002555145,3.330711856,14.5605927984,21.8997275491,21.9747988384,12.3289875207
201,40.0,20.0,20.0,0.0,61.5891186811,-4.42403391471,-1.33478357581,27.7260946829,29.9246092943,25.4374209962
523,40.0,0.0,70.0,0.0,66.49173819,-19.3618286278,27.855357653,29.3168036356,35.9631228513,15.4303448061
158,100.0,40.0,10.0,0.0,48.7029150462,-7.87913374133,-18.4339121686,15.3556899523,17.353919325,22.654552693
626,70.0,40.0,85.0,0.0,48.66653592,-7.08961827406,10.0754566591,15.4634898452,17.324664127,10.7589894321
122,40.0,40.0,10.0,0.0,55.7017045177,6.78926989162,-8.6188716968,24.3072600439,23.6164422126,23.8524051146
590,20.0,40.0,85.0,0.0,57.6337864285,12.65660893,24.3365128511,27.7341097557,25.5774611045,11.1453409828
86,0.0,40.0,10.0,0.0,65.9164624502,28.0785863234,6.52076666407,42.7213884573,35.215965489,25.2151864076
1185,40.0,100.0,100.0,60.0,36.2366257228,8.70564999659,5.06583328041,9.86705730008,9.13169460506,6.33336672479
1084,40.0,70.0,0.0,60.0,37.5332964715,8.76854698577,-2.296233444,10.5998850681,9.82874332773,8.73019308649
1183,40.0,40.0,100.0,60.0,39.6888703867,1.064902374,8.66434675326,10.8120685008,11.0644863691,6.87419544866
1082,40.0,20.0,0.0,60.0,41.9345814074,0.0967997151627,-2.10502526734,12.0269309864,12.4577511848,10.9425954547
1181,40.0,0.0,100.0,60.0,44.4285276041,-7.87734017898,13.9169211055,12.4322860092,14.1368311073,7.58668707129
472,85.0,30.0,55.0,0.0,50.046537738,-14.598402093,1.18214100259,15.1985221712,18.4576412574,14.7600909098
113,30.0,40.0,10.0,0.0,58.0360286283,10.0173697072,-6.07584634128,27.5064793745,25.998924113,24.6631628673
615,55.0,20.0,85.0,0.0,55.1155363194,-12.330631697,17.7886256808,19.6442935515,23.0419643949,11.8797083937
149,85.0,40.0,10.0,0.0,49.7242026558,-5.91508079149,-17.4026140172,16.463434994,18.1887146891,23.0381277138
579,10.0,20.0,85.0,0.0,66.6494070062,8.60880723437,37.7721273027,37.4684373862,36.1697292741,11.8465842962
796,100.0,0.0,10.0,20.0,49.8461480104,-19.7639329688,-12.190647286,14.203216314,18.2901452309,20.4935160993
903,70.0,100.0,70.0,20.0,39.2187956401,7.20885228858,0.546619167884,11.3755568631,10.7866558509,8.74769757769
784,40.0,0.0,10.0,20.0,59.1129717845,-12.0190361064,-1.42774775484,23.3718758007,27.1500645716,23.1507518833
891,20.0,100.0,70.0,20.0,43.5245289675,23.8246521145,9.55279597769,17.0065089786,13.5118225971,8.31625863574
766,0.0,0.0,10.0,20.0,70.8887250124,0.905581698779,12.1250781004,40.8200060978,42.0258306263,26.9191059407
307,85.0,0.0,30.0,0.0,58.9203780991,-27.7344435057,-5.83296763461,19.84455721,26.9417569357,25.3792365926
520,30.0,70.0,70.0,0.0,49.8300415968,20.0527772472,12.6943392059,21.6309799394,18.2767268337,10.5651267604
271,30.0,0.0,30.0,0.0,71.6490195874,-14.3899776479,11.4439602736,37.0238807433,43.138716561,28.1044717474
556,85.0,70.0,70.0,0.0,43.2541065727,-0.450361909776,0.0707423406234,12.7847484109,13.3285036455,10.9745800205
64,85.0,0.0,0.0,0.0,60.6464221414,-23.6808882832,-22.3132185237,22.2538901106,28.8470689541,38.008948798
682,30.0,70.0,100.0,0.0,49.4307548064,19.6133960546,16.8982953441,21.1727783595,17.9461718967,9.10031058387
28,30.0,0.0,0.0,0.0,72.7305786064,-12.4083502908,-7.05854556202,39.0917483813,44.7554546128,42.2788717657
718,85.0,70.0,100.0,0.0,43.2151732339,-1.80396888965,5.04924519099,12.557235912,13.3022481357,9.42649723841
217,70.0,0.0,20.0,0.0,61.6277538857,-24.5181547603,-6.57027400774,23.0006048697,29.9693340913,28.5512117218
507,20.0,20.0,70.0,0.0,63.905313811,2.46228884204,27.2943887116,32.1991599925,32.6853407297,13.9056761106
221,70.0,40.0,20.0,0.0,50.9049567555,-3.93914851093,-10.5565374378,17.7538214305,19.1867278438,20.5872707024
511,20.0,70.0,70.0,0.0,51.1711468873,25.353984107,15.0081314055,24.0854771749,19.4166509291,10.5646420262
225,70.0,100.0,20.0,0.0,42.6481200651,12.0637301428,-9.78278842786,14.3329735809,12.9237431782,14.0674844346
570,0.0,20.0,85.0,0.0,70.2749497532,16.9701958361,43.4227828874,45.3554723013,41.1415052655,12.0514632319
106,20.0,70.0,10.0,0.0,52.8909298923,27.0494018239,-2.86003513096,26.2365876751,20.9465340987,18.5618596395
606,40.0,20.0,85.0,0.0,58.6510238139,-6.56442874781,24.0108422404,24.1595421601,26.6522167938,11.8367352365
142,70.0,70.0,10.0,0.0,46.0084656632,7.62436800777,-14.3082882542,16.0263649941,15.2749215424,18.371126989
642,100.0,20.0,85.0,0.0,49.0456790329,-22.5799421545,7.50208623478,13.2158527704,17.6311803425,11.8190451327
1086,70.0,0.0,0.0,60.0,41.66095581,-7.85283486354,-4.91622666035,10.7560159487,12.2820693069,11.7129818737
1177,20.0,20.0,100.0,60.0,42.8127717083,0.722833173561,13.7317898321,12.6753779225,13.0328973245,6.94968654021
1088,70.0,40.0,0.0,60.0,38.3011566706,-0.141287766627,-6.06649477047,9.87362829793,10.2577774889,10.2179336099
1179,20.0,70.0,100.0,60.0,38.5545146403,9.76420571237,8.76152482438,11.3327573936,10.4020304613,6.40081552202
1090,70.0,100.0,0.0,60.0,35.4026689589,6.93008004829,-5.27425130444,9.20281441145,8.7012779164,8.53904796586
1441,3.0,40.0,3.0,0.0,66.0699294731,25.8104289298,1.34414783378,42.1834357577,35.4142633876,28.3956360562
1442,40.0,40.0,3.0,0.0,55.9900161179,6.86615606969,-12.3126880248,24.6132005688,23.9024734637,26.1927550379
1445,3.0,3.0,40.0,0.0,79.0788847319,0.429039553179,30.8798993789,53.2662043847,55.0653328669,24.2915901523
1452,40.0,40.0,0.0,3.0,55.9065963446,6.76117023418,-12.4118815909,24.5052065193,23.8194774009,26.1670568895
1475,0.0,3.0,3.0,40.0,59.9230808645,2.59065285111,7.18894762172,27.6841474314,28.0380303197,19.5282871718
1460,40.0,0.0,40.0,3.0,66.2409722129,-18.5850781784,13.3033683226,29.2373142248,35.6361468095,21.8796978878
1439,40.0,3.0,3.0,0.0,68.9682242991,-14.3299976938,-9.86462337001,33.6204657382,39.3002813207,39.4283880203
1470,40.0,3.0,0.0,40.0,51.8121342467,-6.7964196378,-3.32477673662,17.9517194066,19.9778280886,17.9304133255
1458,0.0,0.0,40.0,3.0,80.3395827013,0.228370472941,32.5160825026,55.3307883498,57.2849205079,24.5871484625
1459,3.0,0.0,40.0,3.0,79.0919967137,-1.85353331343,30.1967178541,52.4038220043,55.0881175856,24.6802244944
17,10.0,85.0,0.0,0.0,54.0042766652,37.2698118925,-1.73504172808,30.0570874447,21.9785860697,18.9279946497
695,55.0,10.0,100.0,0.0,58.1019448778,-17.9983952453,26.2989569124,21.1231274405,26.0684285631,10.7731408661
1207,70.0,100.0,0.0,80.0,33.6777642349,5.7292476653,-3.01856201844,8.19830950723,7.85438451281,7.19030611128
659,10.0,10.0,100.0,0.0,70.3220540404,2.34556814981,47.154010642,40.4938537655,41.2089292242,10.8414830074
260,10.0,85.0,30.0,0.0,52.5512172393,37.0814129953,7.33674220873,28.3735297067,20.6381870718,14.0502812735
533,55.0,10.0,70.0,0.0,58.6015440899,-17.7678744641,17.7465834014,21.6283204228,26.5992555465,14.058555582
1223,70.0,100.0,40.0,80.0,33.765771715,4.54546672345,-0.70530189934,8.10864781034,7.89620220987,6.67718190479
497,10.0,10.0,70.0,0.0,71.4065198981,1.19576865957,37.5252918131,41.6482151379,42.7816489347,14.951249606
567,100.0,100.0,70.0,0.0,39.611560721,0.684374869787,-2.45946011688,10.7163287357,11.0184697344,9.80909624108
169,0.0,70.0,20.0,0.0,58.3654484154,40.0839944609,9.73384836446,36.179843825,26.347513482,17.1546164684
563,100.0,40.0,70.0,0.0,46.7188293119,-13.9916701818,1.75394363863,12.9954275626,15.8059230181,12.4171833884
165,0.0,20.0,20.0,0.0,72.3981596925,16.1906750741,15.3756915965,48.3486583621,44.2543232423,26.5407295075
559,100.0,0.0,70.0,0.0,54.4832128095,-31.7053821455,9.96275872689,15.5415148448,22.4327805951,14.3200586316
154,100.0,0.0,10.0,0.0,58.2469364089,-26.481041694,-18.0732721795,19.5137791693,26.2217484963,32.154218753
630,70.0,100.0,85.0,0.0,41.5286650764,7.94307572375,2.92624070487,12.9291331611,12.1977273624,9.19965746614
118,40.0,0.0,10.0,0.0,68.6437395519,-17.4338733824,-4.95258075042,32.3464422872,38.8517476215,35.4324301777
594,20.0,100.0,85.0,0.0,47.2770588473,30.8557571252,14.4521487222,21.5880196897,16.2317328577,8.74437879018
82,0.0,0.0,10.0,0.0,83.3061461987,0.660375137365,14.8617957819,60.7817421885,62.7414306812,39.4239520435
1195,100.0,100.0,100.0,60.0,34.4544135624,0.0398171533614,0.700881307812,7.93911805429,8.22855393975,6.62662939148
1074,0.0,70.0,0.0,60.0,40.7600733848,16.8609378065,3.49603229507,13.7973959065,11.7153394619,8.66698241428
1193,100.0,40.0,100.0,60.0,37.2363098733,-5.63325823528,3.04786115927,8.65119327333,9.66606842693,7.20710504197
1072,0.0,20.0,0.0,60.0,47.4088222619,7.5773570756,4.6255046286,17.0967995912,16.3333433898,11.837492103
1191,100.0,0.0,100.0,60.0,40.1226486074,-13.0006860128,6.17392077885,9.25292481378,11.3250599088,7.66741997426
1456,3.0,40.0,3.0,3.0,64.7534944561,24.603386528,1.46514172279,39.9304541472,33.7372754041,26.9672034827
1457,40.0,40.0,3.0,3.0,55.5730558961,6.23747485612,-11.4893544314,24.0527321619,23.4895508878,25.3145164021
1462,3.0,3.0,40.0,3.0,77.9011007018,0.431048089774,29.8222819875,51.3139105219,53.0442216969,23.7625146564
1466,40.0,40.0,40.0,3.0,53.9505015117,4.00108022608,4.39305377809,21.9980629458,21.9279751259,16.1868984938
1476,3.0,3.0,3.0,40.0,59.4842499645,1.66170088448,6.55102949592,26.9800320411,27.5546605131,19.4721363213
1463,40.0,3.0,40.0,3.0,65.5305343014,-16.3724829107,12.4545865252,29.0160145359,34.7205741047,21.6881255355
1454,40.0,3.0,3.0,3.0,67.6938440408,-13.6040098381,-9.17040830028,32.2726139539,37.5583563729,37.2812688981
1477,40.0,3.0,3.0,40.0,51.4404446248,-6.96674328155,-2.54967387262,17.6194453309,19.6511199651,17.3044090827
1383,60.0,45.0,45.0,40.0,42.0229341592,-0.528803168614,1.22932409419,11.9916131485,12.5148339842,9.95003456055
1421,0.0,0.0,3.0,3.0,81.6794250649,1.11165571314,9.54583010267,58.0338016405,59.7083838963,41.3542238661
1258,100.0,70.0,100.0,80.0,33.9125629181,-1.39196082794,1.2064950904,7.5337083459,7.96628141807,6.30041498315
51,55.0,55.0,0.0,0.0,51.4229737163,7.49705843681,-15.9416767848,20.4382811734,19.63585165,23.8230259374
681,30.0,55.0,100.0,0.0,52.4233348627,14.4972419894,21.1894757454,22.8543108265,20.5229007194,9.34974982134
15,10.0,55.0,0.0,0.0,59.3495145128,27.987228727,-3.20624581278,33.8667665549,27.4073728287,24.3299456038
1242,100.0,70.0,70.0,80.0,33.3363456005,-0.702173153001,-0.0565082616391,7.34561331927,7.69355327195,6.36064577601
294,55.0,55.0,30.0,0.0,49.8786441506,5.40045375286,-4.6103876389,18.6902996753,18.3172380457,17.0297450357
519,30.0,55.0,70.0,0.0,52.6507008518,14.3029543696,15.1879333779,23.0288583263,20.7281698266,11.3278319796
258,10.0,55.0,30.0,0.0,58.7500136703,25.8225316158,9.15882721826,32.5174183278,26.7583827511,17.6980191792
244,0.0,0.0,30.0,0.0,82.1810447374,0.578458429953,27.9133090394,58.7082151344,60.6329892193,29.1365927772
432,20.0,100.0,55.0,0.0,49.0898462319,30.8653353974,9.55931736134,23.3002563311,17.6671204117,11.1604219741
280,40.0,0.0,30.0,0.0,67.7429817111,-18.4706762674,7.53831204862,30.9917151538,37.6245481185,26.4311871831
468,70.0,100.0,55.0,0.0,42.1102167544,9.5868259356,-1.53176146473,13.5684547535,12.5713963345,10.8557793822
316,100.0,0.0,30.0,0.0,56.4733018376,-29.0210612508,-8.00162658653,17.5522820198,24.3871009577,24.2403496015
1141,100.0,0.0,40.0,60.0,40.2925563434,-10.9605444465,-0.0370101609618,9.59322496261,11.4282293059,9.44027587492
1122,0.0,20.0,40.0,60.0,47.0752310242,6.40251136628,12.2058683532,16.62414052,16.0769100514,9.28115530879
1143,100.0,40.0,40.0,60.0,37.4810696875,-4.67404487103,-2.56284560652,8.88684982981,9.80000478243,8.77917031931
1124,0.0,70.0,40.0,60.0,40.9643682051,15.4697442264,7.98269354815,13.7167350971,11.8422953199,7.57699391406
1145,100.0,100.0,40.0,60.0,34.1843936173,1.73321200954,-2.78672332044,7.9972397863,8.09714795542,7.34753655059
406,0.0,0.0,55.0,0.0,81.1656921042,0.485036716851,43.6294258385,56.8699839908,58.7712432251,19.6158898647
270,20.0,100.0,30.0,0.0,48.9972951405,31.8458347686,3.84372112597,23.4310368051,17.5918650142,13.0721976072
442,40.0,0.0,55.0,0.0,66.2940603765,-20.0532671067,21.1303241728,28.9148803775,35.7052028664,18.1612207239
306,70.0,100.0,30.0,0.0,43.1079411275,10.455458311,-7.57134426318,14.3937309962,13.2301122387,13.5345020454
478,100.0,0.0,55.0,0.0,54.7968565772,-31.5000061005,3.93896727784,15.8098860425,22.7335865784,16.9996444713
1316,0.0,50.0,0.0,0.0,64.0124531857,32.7164833744,1.33878693564,41.5325302372,32.8169934696,26.2967429389
1317,0.0,40.0,0.0,0.0,66.9357635794,27.8403010693,1.44067227907,44.133844588,36.546986672,29.2527883653
1336,0.0,0.0,50.0,0.0,81.5458058115,0.310925686216,40.3960802077,57.4678798895,59.4636870937,21.5214909
1337,0.0,0.0,40.0,0.0,81.7053604368,0.350142713124,34.1355092315,57.7662538401,59.7559569756,24.9954267896
1356,0.0,0.0,0.0,50.0,56.3046173283,1.63339988786,6.37075785373,23.7216521508,24.2172111382,17.0721918282
1357,0.0,0.0,0.0,40.0,61.1642551902,1.49535940868,6.55595731591,28.7692985621,29.4357115289,20.8710826006
1296,50.0,0.0,0.0,0.0,67.1094930475,-18.1269286968,-14.3220706386,30.3482787902,36.7771382153,40.3836784757
1297,40.0,0.0,0.0,0.0,69.6456871237,-15.6365408563,-11.3406111377,34.0850495474,40.2478352258,41.4625675325
1423,0.0,3.0,3.0,3.0,80.4759030558,3.31667712945,8.49887913582,56.81239264,57.5284389723,40.5565527628
1446,40.0,3.0,40.0,0.0,66.4364450432,-17.6958811863,12.3313835225,29.6918511538,35.890854463,22.555232
13,10.0,30.0,0.0,0.0,67.5144188912,14.7252477835,-2.74776356991,40.5840540823,37.3173179652,32.5872761344
699,55.0,55.0,100.0,0.0,48.3242006735,2.05758328092,13.4949417016,16.8109646412,17.0509753576,9.53266443322
49,55.0,30.0,0.0,0.0,56.8853691958,-2.95606180196,-16.7455466065,23.2509100544,24.8054497888,29.7879258936
663,10.0,55.0,100.0,0.0,56.7019710475,26.1710017456,29.5234455907,30.1980604994,24.6186700793,9.07512300091
256,10.0,30.0,30.0,0.0,65.228634894,14.0968426042,12.7394579348,37.2728445832,34.3363001207,21.2816689097
537,55.0,55.0,70.0,0.0,48.2344294333,2.77170205595,7.98393887072,16.870107662,16.9796856123,11.1932365932
292,55.0,30.0,30.0,0.0,55.8863351125,-5.60170869446,-2.52360906534,21.7272920529,23.7993481217,20.8610373402
501,10.0,55.0,70.0,0.0,57.6205404756,25.0455309064,23.3521543011,30.9605054632,25.5636602291,11.4615770533
480,100.0,20.0,55.0,0.0,50.2780339203,-20.4703727307,0.114659430711,14.3904330181,18.6524069976,15.3439064229
304,70.0,70.0,30.0,0.0,46.1686034371,5.2518807178,-6.9544886267,15.7339462668,15.3935705565,15.337424661
444,40.0,20.0,55.0,0.0,60.0522985082,-6.29431567402,14.8296526298,25.6397218258,28.1814324787,16.2219161193
268,20.0,70.0,30.0,0.0,52.7546978834,25.6677950147,4.00484638064,25.7611914095,20.8225141807,15.4976128667
408,0.0,20.0,55.0,0.0,71.7455208431,15.5669578142,33.4929821371,47.1045138656,43.2813602118,16.8566325185
1140,70.0,100.0,40.0,60.0,35.5821546234,4.96601708535,-1.17224866274,9.05972638677,8.79274481667,7.54561401725
1129,20.0,70.0,40.0,60.0,39.833968137,10.7576257652,4.85364153217,12.2604472652,11.1511976993,7.87818365947
1138,70.0,40.0,40.0,60.0,38.5808671363,-1.81892860855,0.122835686221,9.81398008172,10.4171118109,8.56159270628
1127,20.0,20.0,40.0,60.0,44.2751585367,1.84614597878,8.19038428025,13.8190021369,14.0294652064,9.04887399638
1136,70.0,0.0,40.0,60.0,41.2785555865,-9.41243428254,2.53730350338,10.3316517638,12.0393268581,9.18753897831
318,100.0,20.0,30.0,0.0,50.8393585431,-18.6484949134,-10.1792569357,15.0919498105,19.1303472041,20.3476628274
466,70.0,70.0,55.0,0.0,44.4679516812,3.44322601937,-0.493597261988,14.2072957601,14.1645181235,11.853996058
282,40.0,20.0,30.0,0.0,60.7765190878,-4.79520695861,2.80538883037,26.7611441223,28.9942104312,22.4342462649
430,20.0,70.0,55.0,0.0,52.1512165827,24.688401094,11.3745955774,24.9113902643,20.2790156839,12.3282901915
246,0.0,20.0,30.0,0.0,72.7196198858,15.2965136856,20.0095995705,48.5283334525,44.7388740171,24.2401674813
1335,0.0,0.0,60.0,0.0,80.8487694179,0.51873073105,45.7076185225,56.3295844128,58.1980392205,18.3954994488
1338,0.0,0.0,30.0,0.0,81.9961652287,0.227936092469,27.383501799,58.2326259183,60.2911095226,29.2672858537
1071,0.0,0.0,0.0,60.0,51.4873417228,1.6921054719,6.17208299131,19.3223537591,19.6921437827,13.7972080404
1358,0.0,0.0,0.0,30.0,66.4166225221,1.45021257408,6.82529833839,35.0097189082,35.8649699348,25.5297112426
1295,60.0,0.0,0.0,0.0,65.2153752496,-20.1340389506,-17.3915004708,27.7060394536,34.319487842,40.2329866004
1298,30.0,0.0,0.0,0.0,72.6329326872,-12.7983048345,-7.88602876521,38.8353418601,44.6078601741,42.8033978933
1315,0.0,60.0,0.0,0.0,61.6710402055,36.4421024352,1.36123592112,39.4669125919,30.0194960098,24.0215475244
4,0.0,30.0,0.0,0.0,71.0077113967,21.4445205802,2.23813008473,48.0791407534,42.1987190822,33.2830705248
1443,3.0,0.0,40.0,0.0,80.6694348979,-1.88307112185,32.9272572974,55.0557143197,57.8753421924,24.6742363855
1444,0.0,3.0,40.0,0.0,80.4412312614,2.37273507957,33.0351923581,56.3689628214,57.4664370403,24.3977738592
1256,100.0,0.0,100.0,80.0,37.1014023843,-8.87299603483,4.18187082781,8.21564073923,9.59276939933,6.87923108334
459,55.0,100.0,55.0,0.0,43.7670810563,15.0147558109,1.27369389844,15.6324925925,13.6776715421,10.8721821874
677,30.0,10.0,100.0,0.0,64.057024527,-8.48278101623,36.694836294,29.4175268414,32.8718666416,10.7322608467
423,10.0,100.0,55.0,0.0,50.8485920315,38.4687170829,13.7572022604,26.8772881923,19.138276555,10.7846038348
1240,100.0,0.0,70.0,80.0,36.5204893724,-8.24691881465,2.46429332358,8.00706378294,9.28137509659,7.04974377116
378,55.0,100.0,40.0,0.0,44.009429607,14.6747249973,-3.03553173293,15.7540055517,13.844731216,12.4585829401
515,30.0,10.0,70.0,0.0,64.7346343027,-8.50103986849,28.5716157453,30.1851237465,33.7136426833,13.9633942361
342,10.0,100.0,40.0,0.0,51.0429730401,38.4800559546,10.2830016625,27.087477608,19.3057121802,12.0450113666
248,0.0,40.0,30.0,0.0,66.7608792448,25.4374822666,16.0241053509,43.0580477943,36.3162770092,20.9609109728
428,20.0,40.0,55.0,0.0,58.8945100504,11.7152389324,16.8480611064,28.8822056013,26.9138597162,14.5992628657
284,40.0,40.0,30.0,0.0,56.1894497688,4.2853933156,0.508141471681,24.214675072,24.1016750704,19.6438302133
464,70.0,40.0,55.0,0.0,49.8503800647,-6.89610436209,2.9034847533,16.3857173672,18.2936720825,13.9655238359
320,100.0,40.0,30.0,0.0,47.5429559554,-11.3098868597,-11.204552752,13.966766715,16.4372164478,18.1636511765
1131,40.0,0.0,40.0,60.0,44.7839267323,-6.23958362397,7.15030445411,12.9062058779,14.3877303719,9.60351055253
1132,40.0,20.0,40.0,60.0,42.2317415397,-1.73232647296,4.89860060629,11.9479188588,12.6504323533,8.9834292008
1133,40.0,40.0,40.0,60.0,40.295435845,1.93074195665,3.5052079981,11.2870794129,11.429983141,8.4456368322
1134,40.0,70.0,40.0,60.0,38.1992426765,6.56738828988,2.66093209237,10.6889941591,10.2001295321,7.71749245449
1135,40.0,100.0,40.0,60.0,37.2522833447,9.47741861238,1.98744767067,10.5333240308,9.67477190393,7.47544931119
410,0.0,40.0,55.0,0.0,65.2330834213,26.6377066888,26.9817388669,41.2633796497,34.3419417642,14.9115327282
266,20.0,40.0,30.0,0.0,59.7127526944,12.6826655977,6.20074875317,30.0619695016,27.8056556938,19.8260266137
446,40.0,40.0,55.0,0.0,54.2692145502,2.8449797477,9.86041646156,22.045114161,22.2290718574,14.2176321518
302,70.0,40.0,30.0,0.0,50.8784605047,-5.19963873586,-6.99263512465,17.4976547447,19.1639414133,18.8669571449
482,100.0,40.0,55.0,0.0,46.1135560119,-12.9641813306,-2.27222767378,12.7563963668,15.3527158669,13.4911484088
1334,0.0,0.0,70.0,0.0,80.5713457079,0.873987378431,51.4738383956,55.9904322368,57.6993448753,15.6976696736
1339,0.0,0.0,25.0,0.0,82.0353363312,0.345351635532,24.3865542943,58.3510341042,60.3634372517,31.2092441057
1354,0.0,0.0,0.0,70.0,46.8422158331,1.6977702608,5.8879589356,15.621813703,15.8993914592,11.0940684022
1359,0.0,0.0,0.0,25.0,68.430598653,1.50092499765,7.01085168384,37.6442154802,38.5589889882,27.4362414656
1294,70.0,0.0,0.0,0.0,62.4058138168,-22.0981971792,-20.305552167,24.309466308,30.8795407812,38.7712291225
1299,25.0,0.0,0.0,0.0,74.0046721347,-11.0001223944,-5.636484835,41.3195022061,46.7112183494,42.8957750209
1314,0.0,70.0,0.0,0.0,59.0595845729,40.3447578221,1.47440497094,37.1676954657,27.0922142603,21.5985470462
1319,0.0,25.0,0.0,0.0,72.6695777845,18.5979400153,2.75241204457,49.6666797347,44.6632121274,34.8970118448
1422,3.0,0.0,3.0,3.0,81.1139798853,-0.567212011275,7.8741935803,56.3527163519,58.6774578322,41.9007059545
1453,40.0,0.0,3.0,3.0,68.2224848461,-15.6400370284,-9.05909472419,32.3403208528,38.2745579533,37.8674262186
8,0.0,85.0,0.0,0.0,56.4665430733,44.2708220605,2.66410007104,34.9897989227,24.3802786676,18.8567264001
1252,70.0,0.0,100.0,80.0,37.7109506771,-7.71647753263,6.30405834768,8.64686281476,9.92692065292,6.62928889064
44,40.0,85.0,0.0,0.0,48.333380687,21.4551438555,-10.762657863,20.5703773491,17.0582766776,18.5823671138
650,0.0,10.0,100.0,0.0,74.6994233722,10.021401022,55.8419079682,49.7309461736,47.8012892737,10.4806717375
251,0.0,85.0,30.0,0.0,55.6043077925,43.9159699513,12.6113731611,33.8050577997,23.5203339913,14.0462201108
1236,70.0,0.0,70.0,80.0,37.4641242872,-7.15375383644,4.82033016085,8.58889985485,9.79069238122,6.87614276489
287,40.0,85.0,30.0,0.0,47.7873357008,19.8127757379,-1.50177201985,19.7559465187,16.6275943359,14.289241188
488,0.0,10.0,70.0,0.0,75.7789952245,8.51705171075,45.5404613346,50.911851177,49.5285859304,14.7632289819
484,100.0,70.0,55.0,0.0,44.0150637765,-4.13274700046,-4.19733560668,12.7243092109,13.8486311474,12.8742614086
300,70.0,20.0,30.0,0.0,55.0188267462,-13.6187857478,-4.89930221289,19.3047317976,22.9480883022,21.2995484481
448,40.0,70.0,55.0,0.0,49.2162276306,14.3456889973,5.89947273278,19.895401679,17.7702302033,12.4734104894
264,20.0,20.0,30.0,0.0,65.5496289719,2.62908806333,10.248770352,34.2618525812,34.7449747741,22.8450699227
412,0.0,70.0,55.0,0.0,57.7925378922,38.926871733,21.4462499545,35.0992732461,25.7432499385,12.2083674315
1130,20.0,100.0,40.0,60.0,38.4152932675,13.5276420501,3.99440089173,11.777582059,10.3225965744,7.47500899122
1139,70.0,70.0,40.0,60.0,36.6862849972,2.21730408304,-0.713676959236,9.30225586,9.36955063732,7.9145084144
1128,20.0,40.0,40.0,60.0,42.5352760254,5.70806193743,6.59937999322,13.2506296683,12.8492874329,8.65523530169
1137,70.0,20.0,40.0,60.0,40.3147008118,-5.48945653864,0.984374502586,10.301457522,11.4417215851,9.15638201506
1126,20.0,0.0,40.0,60.0,47.2129937251,-3.65536839321,10.5634309707,14.9850415313,16.1824810995,9.8339621411
322,100.0,70.0,30.0,0.0,42.9521178037,-1.70954243898,-11.6540990453,12.4033620589,13.1257541773,14.9988889854
462,70.0,20.0,55.0,0.0,53.6682250889,-15.5869118619,5.79365127779,17.8030897962,21.6635821958,15.4110066504
286,40.0,70.0,30.0,0.0,48.749496106,15.14979972,-2.19376585415,19.6524280235,17.3914267256,15.212434054
426,20.0,20.0,55.0,0.0,63.8474728918,1.776860001,21.5190222474,31.9395593149,32.6144124566,16.1609108435
250,0.0,70.0,30.0,0.0,58.679379255,39.3077863235,12.959226802,36.3537677174,26.6825990613,16.0149593147
1333,0.0,0.0,75.0,0.0,80.4591938275,1.03482556629,53.8421436565,55.860636985,57.4985530844,14.672096267
163,0.0,0.0,20.0,0.0,82.8731415173,0.465348406354,21.8956518426,59.909143477,61.9242894873,33.8266282561
1353,0.0,0.0,0.0,75.0,45.4687527693,1.72105886167,5.75980960586,14.6296956597,14.8795307694,10.3822767213
1360,0.0,0.0,0.0,20.0,70.8473307026,1.44878328468,7.10275343656,40.9391084629,41.9657951632,29.9287393171
1293,75.0,0.0,0.0,0.0,61.2306101606,-22.7821089753,-21.5397520865,23.0059947341,29.5117137857,38.1817717772
1300,20.0,0.0,0.0,0.0,75.4842506551,-9.60612426484,-3.91642679486,43.9281697131,49.052939512,43.5641425775
1313,0.0,75.0,0.0,0.0,58.9849947641,41.2117192154,1.89422707889,37.3350896644,27.01152654,21.3219813008
1320,0.0,20.0,0.0,0.0,74.1697938086,16.4446632107,3.25885017799,51.2874698476,46.9687780945,36.3677981495
1447,3.0,40.0,40.0,0.0,65.4059259717,23.4113929724,19.6135096359,40.4535113456,34.5616202701,18.1547010792
1440,0.0,40.0,3.0,0.0,68.0059008315,26.3216802383,2.82708941956,45.2055555206,37.9800395142,29.5380592786
708,70.0,55.0,100.0,0.0,46.4933132301,-3.24069674464,10.9631692309,14.5400929026,15.6360367891,9.35036752317
22,20.0,30.0,0.0,0.0,65.1151358525,8.82791542574,-6.67258498214,35.5328481141,34.1925689977,32.4463226931
1250,40.0,70.0,100.0,80.0,35.7653655012,4.08751365889,5.69260200465,9.04911233137,8.88676890393,6.01704931701
58,70.0,30.0,0.0,0.0,54.3783934796,-6.51088508391,-19.9622560311,20.1783741093,22.3328464209,29.0994836897
546,70.0,55.0,70.0,0.0,46.6575130188,-1.70759152171,5.48207768022,14.9104890702,15.7596109246,11.1224918346
265,20.0,30.0,30.0,0.0,63.1476214291,7.4009161975,8.59556218635,32.6672162412,31.7643253592,21.561688827
1234,40.0,70.0,70.0,80.0,35.6898639086,4.52118884208,4.26398770053,9.06205058704,8.84794060345,6.30193421529
301,70.0,30.0,30.0,0.0,53.3825132148,-9.88769917632,-5.61522717229,18.65442206,21.39814438,20.2605298989
252,0.0,100.0,30.0,0.0,54.1435951684,45.7895652821,12.2554561079,32.5487613924,22.1100689634,13.240037469
424,20.0,0.0,55.0,0.0,72.7663055115,-11.4274938699,30.7146096089,39.4525055937,44.8095380352,18.8810386627
288,40.0,100.0,30.0,0.0,46.2455771804,21.1460120846,-1.74449061749,18.706928004,15.4508197965,13.3803871236
460,70.0,0.0,55.0,0.0,59.4444079896,-26.6002657627,11.1362520928,20.5367157509,27.5110519694,17.3542663343
324,100.0,100.0,30.0,0.0,41.7304658974,2.80588513444,-10.7694269924,12.2930731249,12.3265408533,13.8420760146
1121,0.0,0.0,40.0,60.0,49.8145316098,0.579778618375,15.4169044952,17.7199173088,18.263811529,9.72405038502
1142,100.0,20.0,40.0,60.0,38.5595374999,-7.35241203112,-1.2066044483,9.12146000612,10.4049038853,8.91975210245
1123,0.0,40.0,40.0,60.0,44.4460518384,10.1181166849,10.484586926,15.2960532884,14.1491336903,8.49362364745
1144,100.0,70.0,40.0,60.0,36.1908019828,-0.96965301066,-2.97201303253,8.66942251999,9.10768378368,8.28425518611
1125,0.0,100.0,40.0,60.0,40.0781225282,18.7560924286,7.4632389239,13.6327675602,11.2981263677,7.32575018888
414,0.0,100.0,55.0,0.0,53.1922536271,46.5110434232,18.7812167019,31.6101326652,21.2225937336,10.4742193437
262,20.0,0.0,30.0,0.0,73.6937225125,-11.8564085922,15.2417821035,40.6013666195,46.2287529672,27.9403174652
450,40.0,100.0,55.0,0.0,45.5221323627,20.0846223364,4.96697197027,17.9081730474,14.918328689,10.6597141184
298,70.0,0.0,30.0,0.0,60.2901642971,-25.8597748124,-1.99859547009,21.4550629299,28.446686256,24.5577383684
486,100.0,100.0,55.0,0.0,40.1626514716,1.07817596011,-5.03614586751,11.0909551677,11.3492938589,10.9027547811
1352,0.0,0.0,0.0,80.0,43.3298232405,1.74284644042,5.59893209881,13.167539001,13.3796636442,9.32429068219
1361,0.0,0.0,0.0,15.0,73.5401719682,1.41485479813,7.17609406214,44.8391680319,45.9917362138,32.8983066416
1292,80.0,0.0,0.0,0.0,60.6081024986,-23.267363034,-22.2668968605,22.3079965227,28.8038240073,37.9260407835
1301,15.0,0.0,0.0,0.0,77.1733057622,-7.7283721346,-1.87001511522,47.1405151734,51.8203742946,44.2678594165
1312,0.0,80.0,0.0,0.0,57.7167055519,43.0231290368,2.07187680245,36.222849051,25.663966904,20.1566753723
1321,0.0,15.0,0.0,0.0,76.3560121967,13.1519928597,3.68406116487,53.6513582339,50.4686339356,38.8179660971
1332,0.0,0.0,80.0,0.0,80.0582150057,1.38380636148,56.0508858541,55.3078769972,56.7844689654,13.5661020275
1341,0.0,0.0,15.0,0.0,83.3243672602,0.604734605148,19.1501385317,60.7914823797,62.7759731125,36.2907658469
1472,0.0,0.0,3.0,40.0,61.463945071,1.41664360472,7.70957419472,29.0838046733,29.7800117651,20.5573831561
1417,3.0,3.0,3.0,0.0,81.530846887,1.23326556651,7.07544394342,57.8200943826,59.4363345163,43.1075657719
1318,0.0,30.0,0.0,0.0,72.1412268019,20.3706902439,2.89488378778,49.479315659,43.8695626974,34.1675469668
690,40.0,55.0,100.0,0.0,51.0111722924,8.02142010341,18.4477154769,20.1821308676,19.2782531541,9.43900612644
1205,70.0,40.0,0.0,80.0,36.5493521227,-0.172207210293,-3.72375812978,8.94432189645,9.29668530746,8.65594546174
654,0.0,55.0,100.0,0.0,60.7217887833,33.4775354966,36.3910993187,37.258918001,28.9322488684,9.09305301006
247,0.0,30.0,30.0,0.0,70.1341959819,19.9206648799,19.1311863249,46.1805690176,40.9404719515,22.3347279195
528,40.0,55.0,70.0,0.0,51.6325458439,8.76336497031,13.2830066792,20.8877791699,19.8195248712,11.3771408125
1221,70.0,40.0,40.0,80.0,36.0306253615,-1.20354778462,0.406957757359,8.56254009517,9.02408483819,7.34493974387
492,0.0,55.0,70.0,0.0,61.6243225977,32.5183929525,29.6624096442,38.1658219921,29.9653601696,11.6594992908
1075,0.0,100.0,0.0,60.0,41.7171775914,19.1526259853,3.62410677323,14.8382119069,12.3180309022,9.09317293034
1194,100.0,70.0,100.0,60.0,36.7502838732,-2.57047561103,2.39890631294,8.76390092705,9.40373616003,7.16114791765
1073,0.0,40.0,0.0,60.0,45.7577450379,11.2839734942,3.88114437617,16.481649172,15.0903851011,11.1386416646
1192,100.0,20.0,100.0,60.0,39.094212404,-9.44040762773,4.77583077187,9.147506204,10.7138107176,7.57257518318
1355,0.0,0.0,0.0,60.0,51.6689360709,1.60287549559,6.25551780016,19.4600766534,19.851534245,13.8836603416
648,100.0,100.0,85.0,0.0,39.9672478677,-0.918636073074,-0.0062566320061,10.7069863438,11.2312446261,9.26875432252
136,70.0,0.0,10.0,0.0,61.9884343687,-23.5376145412,-12.6762359331,23.5693772561,30.3890160137,32.8551080293
612,40.0,100.0,85.0,0.0,45.6688727697,19.1421040179,9.5161703131,17.8498506971,15.0253315076,9.35777464832
100,20.0,0.0,10.0,0.0,74.6913815883,-10.6285960404,3.51383751785,42.4247542611,47.7885756244,36.8315996448
576,0.0,100.0,85.0,0.0,53.3502779108,45.8542229283,24.0771979746,31.6168224035,21.3683333267,8.98097229616
171,0.0,100.0,20.0,0.0,54.777136462,46.159248166,10.1583919962,33.4261657467,22.7145948841,14.4402054565
565,100.0,70.0,70.0,0.0,42.3439107099,-5.10206392787,0.253943631365,11.5376722431,12.7236771275,10.4190567658
167,0.0,40.0,20.0,0.0,66.742755499,26.2548349497,12.2866090933,43.3083965338,36.2924236069,22.8552059905
561,100.0,20.0,70.0,0.0,49.7124832509,-22.4145255418,5.95493975992,13.6888674916,18.1789866333,12.7565570094
1340,0.0,0.0,20.0,0.0,82.6801617954,0.356098268256,22.5942976062,59.5135867648,61.5624068871,33.1270611004
1351,0.0,0.0,0.0,85.0,42.4978212119,1.75558407245,5.6110897458,12.6268585217,12.8246376927,8.91201657423
1362,0.0,0.0,0.0,10.0,77.3291149049,1.38119920994,7.39058620676,50.7403408036,52.0807792718,37.3188431775
1291,85.0,0.0,0.0,0.0,60.2872292261,-23.6247958963,-22.5719809889,21.9306509828,28.4434031396,37.7434155117
1302,10.0,0.0,0.0,0.0,79.4210685679,-4.75017106378,1.70654522915,51.8363261275,55.662006711,44.5125593523
1311,0.0,85.0,0.0,0.0,57.2210616002,43.9537808273,2.33050112405,35.8608733558,25.1497745364,19.623052819
1322,0.0,10.0,0.0,0.0,78.698413808,9.35624931983,4.82418268922,56.1554041591,54.4069206646,41.0286355904
568,0.0,0.0,85.0,0.0,80.2319490282,1.44231856951,58.3881010616,55.6309693892,57.0931332844,12.82320186
1342,0.0,0.0,10.0,0.0,83.0627933261,0.840967871861,15.336020523,60.4131487257,62.2813104453,38.7517150409
1374,5.0,3.0,3.0,0.0,80.022469423,0.165473221964,6.4634244459,54.7615399431,56.7210999338,41.5306388188
1438,40.0,0.0,3.0,0.0,69.6438579222,-15.8947417047,-9.34882204989,34.0081439467,40.245256468,39.9214516
704,70.0,10.0,100.0,0.0,55.2143540384,-22.4388436849,22.3086029539,17.7679236056,23.1381509608,10.461405442
1203,40.0,100.0,0.0,80.0,35.7413732122,8.95636944581,-0.854561197577,9.6305080423,8.87441807127,7.53477330051
668,20.0,10.0,100.0,0.0,67.2196105942,-3.90722277964,43.0768821359,34.4543196366,36.9235177562,10.4396924694
62,70.0,85.0,0.0,0.0,44.2289170305,11.4222156667,-16.4970549852,15.358558598,13.9972008684,17.9741851368
542,70.0,10.0,70.0,0.0,56.4451172772,-21.1451084037,15.9264976094,19.0330703111,24.3586599001,13.3489162281
1219,40.0,100.0,40.0,80.0,35.340377489,7.4145422015,1.91414267764,9.22893368497,8.66968273847,6.6992951028
506,20.0,10.0,70.0,0.0,68.185959789,-4.35284504359,34.2000131163,35.5493698721,38.2247835645,14.0857419386
305,70.0,85.0,30.0,0.0,44.3633400865,8.32251764472,-7.16750856937,14.9340754549,14.0911299526,14.1980308342
1176,20.0,0.0,100.0,60.0,47.4527659592,-4.35825752509,18.0041529027,15.0403993667,16.3673250189,7.87439571504
1087,70.0,20.0,0.0,60.0,41.0736872241,-3.85164984146,-5.6861434382,10.9542810439,11.91060508,11.6314588288
1178,20.0,40.0,100.0,60.0,42.9581692106,4.24800186678,12.384919239,13.3065972641,13.1297966495,7.33657315171
1089,70.0,70.0,0.0,60.0,37.5065737911,3.7877974954,-5.57491906242,9.93760803448,9.81403177645,9.6561422025
1180,20.0,100.0,100.0,60.0,38.5534430539,11.866061183,8.02462259001,11.6263912378,10.4014175081,6.56772254029
88,0.0,70.0,10.0,0.0,59.4452921989,39.4270848486,5.92080028213,37.396410672,27.5120192702,19.7394793501
588,20.0,20.0,85.0,0.0,63.5904046865,1.81465224494,32.4547160839,31.6440400682,32.3004201216,11.8612740844
124,40.0,70.0,10.0,0.0,49.7778661459,16.9200373927,-7.81499566342,20.9216796398,18.2333040661,18.3737067292
624,70.0,20.0,85.0,0.0,52.8830403651,-16.4303457594,16.0777086863,17.0216909924,20.9393384058,11.1674672417
160,100.0,70.0,10.0,0.0,43.7752170437,-0.168342333379,-17.5295470151,13.1688603415,13.6832580545,18.0865520557
505,20.0,0.0,70.0,0.0,71.5470966606,-11.9123260584,38.092502179,37.6503750643,42.9883995332,14.8228795232
219,70.0,20.0,20.0,0.0,55.4640068195,-12.4554112967,-8.70852525078,19.9214698097,23.3823479866,23.6795782643
509,20.0,40.0,70.0,0.0,58.5389915132,11.4952567631,22.5063859494,28.4307012152,26.5324020814,12.2870795414
223,70.0,70.0,20.0,0.0,46.0732095534,4.92922873544,-10.7761345351,15.6075086202,15.3228177825,16.8594279351
513,20.0,100.0,70.0,0.0,48.5023553959,31.0476586726,13.406291048,22.776766108,17.193043174,9.6493431861
1350,0.0,0.0,0.0,90.0,40.4104214855,1.75585877214,5.38050912511,11.3315429939,11.5001648645,7.99954910023
1363,0.0,0.0,0.0,7.0,79.0715634404,1.41602524597,7.55073261861,53.6392239973,55.0526133767,39.431560996
1290,90.0,0.0,0.0,0.0,59.9995822536,-23.9314481628,-23.312244396,21.5989557788,28.1228705391,37.9232210542
1303,7.0,0.0,0.0,0.0,81.8592678173,-1.5761167151,4.81455529253,57.2485762398,60.0387882599,45.4173741608
1310,0.0,90.0,0.0,0.0,55.8400765356,45.516351204,2.91612791214,34.5633501979,23.7534333167,18.2471204235
1323,0.0,7.0,0.0,0.0,80.5755339121,6.64400692726,5.64579332523,58.353684699,57.7068522922,42.9332308373
1330,0.0,0.0,90.0,0.0,79.9711937502,1.51931349983,59.3856308204,55.212241121,56.6302818231,12.3124205052
1343,0.0,0.0,7.0,0.0,83.5540009194,0.908474184179,12.9780962941,61.3433979319,63.2123865663,41.1980500005
1373,10.0,6.0,6.0,0.0,77.0402024761,-0.536560593701,4.85832915432,49.5568675821,51.5986064826,38.8219868398
1415,3.0,0.0,3.0,0.0,82.8896025226,-0.665566181544,8.0697248533,59.4637324832,61.95522324,44.1992057883
1199,0.0,100.0,0.0,80.0,37.161299692,14.1506727252,4.02001626909,11.1095253724,9.62526737833,6.94204511349
694,55.0,0.0,100.0,0.0,61.7044479141,-23.4832508293,31.3568130158,23.3058000997,30.0582484453,11.1447159589
52,55.0,70.0,0.0,0.0,48.3638448675,11.4438504769,-15.0480874999,18.5963001527,17.0825212859,20.6414340311
1244,0.0,0.0,100.0,80.0,42.0273501527,-0.149352412197,15.3693060312,12.0491454639,12.5176916283,6.26222231313
1215,0.0,100.0,40.0,80.0,36.4592927337,13.3742346998,6.11336492366,10.596746943,9.24896903539,6.18617719473
532,55.0,0.0,70.0,0.0,62.1091683111,-23.8327159393,21.9657347432,23.6203730481,30.530370381,14.7656104344
295,55.0,70.0,30.0,0.0,47.4307430817,9.61871813295,-4.34773457335,17.4897757421,16.3502888584,15.1644767578
1228,0.0,0.0,70.0,80.0,42.287895913,0.0552871087426,13.7380936329,12.2421603284,12.687065073,6.73522025327
1085,40.0,100.0,0.0,60.0,38.3494575774,10.0550984619,-1.569194062,11.2506412191,10.2851747394,8.91985963191
1184,40.0,70.0,100.0,60.0,39.4521737764,5.03985217312,7.58716761947,11.2144637183,10.9240016989,7.03337118597
1083,40.0,40.0,0.0,60.0,42.1099260786,3.65139982785,-2.63543776188,12.6602856589,12.5712076836,11.2128171444
1182,40.0,20.0,100.0,60.0,42.4679798043,-2.73154668698,11.5252717185,11.9506581355,12.8050210624,7.34014722159
1081,40.0,0.0,0.0,60.0,46.1690763998,-4.92058634294,-1.00636532272,14.0414836267,15.3939218901,13.0627227525
644,100.0,40.0,85.0,0.0,46.3196897095,-14.7535966534,6.51698151989,12.6215465237,15.5060749649,10.6044865298
140,70.0,40.0,10.0,0.0,52.1817383997,-3.70943169774,-14.3488457441,18.8491093947,20.3062740226,23.6694760364
608,40.0,40.0,85.0,0.0,54.1151819841,2.4870499624,19.7648211728,21.8248029359,22.0832113568,10.6653304639
104,20.0,40.0,10.0,0.0,61.7315456091,13.5200989686,-1.1342864976,32.6715485491,30.0897058462,25.4628839749
572,0.0,40.0,85.0,0.0,64.8262515725,25.9088524414,38.2854239794,40.4531426667,33.8285472104,10.6484934534
207,40.0,100.0,20.0,0.0,46.6271418809,22.3608532811,-3.433376761,19.2668562609,15.736705195,14.2628287386
529,40.0,70.0,70.0,0.0,48.7249976386,13.3061312567,11.2615340374,19.2644359594,17.3716936555,10.417276122
203,40.0,40.0,20.0,0.0,56.7403516462,4.77433890061,-2.1113947475,24.8801179693,24.6576805018,21.3901156514
525,40.0,20.0,70.0,0.0,59.430237999,-7.02697302889,21.1617956122,24.8316162935,27.4955534793,13.3164073162
199,40.0,0.0,20.0,0.0,68.6534690645,-17.1464380819,3.47362257137,32.4385307357,38.8651467939,29.8322866585
1289,95.0,0.0,0.0,0.0,59.2141451162,-24.4086669452,-23.6346133935,20.7851255282,27.2599216562,37.1677220533
1304,5.0,0.0,0.0,0.0,82.9929610943,0.137820771396,6.49181325393,59.9887699036,62.1496915727,45.6483470344
1309,0.0,95.0,0.0,0.0,55.9090295878,45.9144748692,3.28643214031,34.7667463136,23.8218955606,18.1335618483
1324,0.0,5.0,0.0,0.0,82.4286024248,3.21704487118,6.92399801815,60.2618294811,61.0927941138,44.4862776844
1329,0.0,0.0,95.0,0.0,79.7634992971,1.80097307549,62.500478992,54.9678207732,56.2634104977,11.1423147017
1344,0.0,0.0,5.0,0.0,83.1418701334,1.10504221013,11.8193438805,60.6697680699,62.4305775751,41.5481504754
1349,0.0,0.0,0.0,95.0,39.6048967649,1.82735605831,5.29042528537,10.8660381006,11.0145091659,7.66508921714
1364,0.0,0.0,0.0,5.0,80.4742422363,1.49412996637,7.64329481382,56.0716497138,57.5254679909,41.2174277498
1372,20.0,12.0,12.0,0.0,70.8263226374,-1.87809349642,2.85695398151,39.8323378869,41.9353483927,32.6575884827
1437,3.0,40.0,0.0,0.0,67.533879625,23.3069989133,0.652784559071,43.4654109842,37.3434113622,30.3951500115
716,85.0,40.0,100.0,0.0,47.8663706745,-13.3777744815,11.5945163103,13.8595146341,16.6894776441,9.86259318992
1201,40.0,40.0,0.0,80.0,37.6374492323,2.76106574246,-0.886208695351,9.87889018097,9.88622252894,8.39392953217
680,30.0,40.0,100.0,0.0,56.5758298855,7.0436157681,27.5433710081,25.2477479949,24.4907488138,9.58517103001
66,85.0,20.0,0.0,0.0,54.2745755968,-13.2474638497,-22.2411612793,18.7485048003,22.2341600108,30.4161920489
554,85.0,40.0,70.0,0.0,47.9439293927,-11.9230021921,5.50032491681,14.1454792647,16.7503541448,11.8537050565
1217,40.0,40.0,40.0,80.0,37.1155536216,1.60593710176,3.43537426841,9.45384595109,9.60044070727,7.0629310545
518,30.0,40.0,70.0,0.0,56.9276960457,6.68868445951,20.8571611568,25.5238391537,24.8486908292,11.8987163715
309,85.0,20.0,30.0,0.0,54.1344254449,-17.2206036665,-6.47879058914,17.8736791897,22.1013988895,21.3269864404
1186,70.0,0.0,100.0,60.0,42.1562945414,-10.1216184789,9.40955551005,10.7381007448,12.6013250594,7.73634879769
1077,20.0,20.0,0.0,60.0,45.9045756003,2.66115852089,1.20450819165,15.0985101694,15.1982744933,12.1203790599
1188,70.0,40.0,100.0,60.0,38.900972024,-3.67888516222,6.00634962882,9.75354237935,10.6014710926,7.18559228866
1079,20.0,70.0,0.0,60.0,40.8404139517,11.7232531355,0.163552697899,13.0528360765,11.7651570445,9.65896403323
1190,70.0,100.0,100.0,60.0,36.2915716379,2.94053377283,3.61986592396,9.18372839726,9.16054087534,6.68405213071
84,0.0,20.0,10.0,0.0,73.6783530153,15.3848612193,10.1130196243,50.0898591565,46.2049924099,31.1219009739
592,20.0,70.0,85.0,0.0,52.0972677765,23.4845664919,20.2864607719,24.5758123801,20.2308949196,9.44887737066
120,40.0,20.0,10.0,0.0,62.1114603829,-3.66385993166,-5.62647460865,28.4921176484,30.533058152,28.4842700942
628,70.0,70.0,85.0,0.0,44.6771464355,1.6072167015,7.31729914846,14.0570341104,14.3120378876,9.50029440005
156,100.0,20.0,10.0,0.0,52.6382838372,-17.0161112271,-18.5908342703,16.7247141031,20.7169244016,26.4813770757
541,70.0,0.0,70.0,0.0,58.6876778186,-26.9199702112,17.684947332,19.8065569214,26.6914951656,14.138641865
183,20.0,20.0,20.0,0.0,67.0674324697,2.63716055324,6.79064180126,36.1984226812,36.7213292491,26.1902577489
545,70.0,40.0,70.0,0.0,49.8205274669,-8.18071230354,9.80930308817,16.1361376756,18.2688036111,11.4929938466
187,20.0,70.0,20.0,0.0,54.2771282219,24.7013301339,2.26387844943,27.1275997978,22.2365829726,17.338194028
549,70.0,100.0,70.0,0.0,42.8971795802,8.00781628268,2.70097859499,13.8542230831,13.0890921958,9.9608127369
1288,98.0,0.0,0.0,0.0,58.4143526799,-24.8300916442,-24.4343924735,19.9907667086,26.3995276901,36.7480869274
1305,3.0,0.0,0.0,0.0,83.5810324095,1.05791752918,7.41185899211,61.4572870273,63.2638919502,45.7266877534
1308,0.0,98.0,0.0,0.0,55.2555342314,46.7298978504,3.88839010322,34.18346315,23.1783135639,17.3655032696
1325,0.0,3.0,0.0,0.0,83.2396803925,1.66009647037,7.58128407359,61.0856131269,62.6155360778,45.0966738409
1328,0.0,0.0,98.0,0.0,79.7732574392,1.99179105248,63.7586319583,55.0605039992,56.2806116956,10.7427993925
1345,0.0,0.0,3.0,0.0,83.8134355245,1.05872518354,9.69056396501,61.8878655609,63.7078640174,44.1763329831
1348,0.0,0.0,0.0,98.0,38.4540402068,1.74191138602,5.06560422969,10.199057705,10.3446631958,7.22705211412
1365,0.0,0.0,0.0,3.0,82.284927945,1.4583561977,7.83640043229,59.2617403098,60.8256562359,43.5418951705
1371,40.0,27.0,27.0,0.0,60.5847838503,-2.74841784079,1.89702463572,27.0626743031,28.7775293286,22.7357117788
1436,40.0,3.0,0.0,0.0,68.9679200837,-13.6860511369,-11.0463046569,33.8049876196,39.2998591967,40.328682024
12,10.0,20.0,0.0,0.0,71.4813662289,8.5281968778,-1.15605338352,44.2304738523,42.8916450365,36.210101071
698,55.0,40.0,100.0,0.0,52.1519586887,-4.12854759616,19.845661677,18.7426228917,20.2796781524,9.60591419339
48,55.0,20.0,0.0,0.0,59.9814368771,-7.40376291452,-15.8581085817,25.3027148795,28.1027318134,32.6689211466
1246,0.0,70.0,100.0,80.0,38.2127317433,9.60527485766,9.82797544166,11.1076948695,10.2077472294,6.03526258062
255,10.0,20.0,30.0,0.0,69.9977254839,7.86262430929,16.0548430464,41.8450470318,40.746182601,23.8386621829
536,55.0,40.0,70.0,0.0,51.5440691217,-3.80660992015,12.9224431297,18.2999737427,19.741843029,11.4459939212
291,55.0,20.0,30.0,0.0,58.5810474418,-10.3185930369,0.330311113368,23.2389043379,26.5773372682,21.7605256946
1230,0.0,70.0,70.0,80.0,38.3319197634,10.4774779438,9.32624946208,11.2986164054,10.2752213034,6.18965100875
1095,100.0,100.0,0.0,60.0,35.955957746,2.7793371751,-6.4311358766,8.9910912945,8.98528997103,9.12795516988
1174,0.0,70.0,100.0,60.0,41.6972003476,13.2720810935,13.0312121899,13.8688202617,12.3052446667,6.6629196108
1093,100.0,40.0,0.0,60.0,38.4406613879,-3.31612731219,-7.51579609723,9.55131301146,10.3370403248,10.7464024563
1172,0.0,20.0,100.0,60.0,46.7611043652,4.82923796208,19.7657468607,16.1050216926,15.8379060799,7.13526670881
1091,100.0,0.0,0.0,60.0,40.6469349475,-9.20272197397,-6.75454654749,10.0071473108,11.6454233283,11.7433227816
640,100.0,0.0,85.0,0.0,53.5590543757,-32.1391891487,15.1430215684,14.7968410761,21.5619006345,11.8667984418
144,70.0,100.0,10.0,0.0,43.5961781173,11.5862598896,-12.7581569731,14.9269034269,13.5606735359,15.8957087621
604,40.0,0.0,85.0,0.0,65.4098672129,-18.8506791473,34.8399217215,28.2439897267,34.5666403816,12.1184494563
108,20.0,100.0,10.0,0.0,49.484388299,32.8973872242,-1.00442825528,24.1481518212,17.9903394324,15.2436141639
1331,0.0,0.0,85.0,0.0,79.6564609897,1.55178424633,59.3299216455,54.6856684032,56.0749583819,12.1436494825
243,100.0,100.0,20.0,0.0,41.3669736971,3.21944613984,-13.4363642141,12.1248391336,12.0951665302,14.624450855
493,0.0,70.0,70.0,0.0,57.5414058392,38.0667892853,26.9141687121,34.529424074,25.4813137577,10.2771417287
239,100.0,40.0,20.0,0.0,47.9034323482,-11.1773685889,-13.6466274388,14.2375810926,16.7185492341,19.5813938195
489,0.0,20.0,70.0,0.0,71.7679644104,14.3702112411,42.4318152328,46.7108628282,43.314580253,13.3171126356
235,100.0,0.0,20.0,0.0,57.0247975407,-28.3302322856,-11.5174218421,18.1285897823,24.9480793702,26.7664109699
1287,100.0,0.0,0.0,0.0,58.2322285357,-24.9057307937,-24.9035674142,19.8168502476,26.2061684692,36.8602010044
1306,2.0,0.0,0.0,0.0,83.5046561156,1.20230951081,7.60073737574,61.3781298396,63.1184378458,45.459527857
1307,0.0,100.0,0.0,0.0,54.7401842282,47.3564917144,4.05135245113,33.7233861199,22.6790360759,16.9090991135
1326,0.0,2.0,0.0,0.0,83.5570635923,1.54592987018,7.93530655554,61.6222724601,63.2182207313,45.256698931
1327,0.0,0.0,100.0,0.0,79.657225638,2.04975072982,64.0810481309,54.8846111092,56.0763031306,10.5775419375
1346,0.0,0.0,2.0,0.0,83.2098102158,1.42320596368,8.78549355878,60.9297059975,62.5590130957,44.0657167384
1347,0.0,0.0,0.0,100.0,38.0313413187,1.69738682964,4.96804660637,9.95943721844,10.1056273458,7.07406024324
1366,0.0,0.0,0.0,2.0,83.3819829825,1.27694309456,7.79479570496,61.1839137359,62.8852810781,45.12301994
1370,60.0,45.0,45.0,0.0,51.0460475382,-2.38868539411,2.17077410174,18.1610913405,19.308368302,15.0506501331
1414,3.0,3.0,0.0,0.0,82.6727835541,1.38874110067,6.95595248261,59.9343302496,61.5485989954,44.8060089745
712,85.0,0.0,100.0,0.0,54.9012205609,-30.4213427311,21.6585131375,16.0762845012,22.8342718477,10.495866604
34,30.0,70.0,0.0,0.0,53.0316652978,21.1770654537,-8.74639007869,24.9780303846,21.0751698407,21.5114677538
676,30.0,0.0,100.0,0.0,68.6256193096,-13.7335029368,45.3457575972,33.3688080653,38.8268012149,10.4882026308
70,85.0,70.0,0.0,0.0,44.8540719502,4.18110523413,-19.6603898202,14.5985397005,14.4375986009,19.9423617024
550,85.0,0.0,70.0,0.0,56.2946788082,-29.852033585,14.7283045541,17.2564682029,24.207226292,13.6968860043
277,30.0,70.0,30.0,0.0,52.2394116902,19.6610194945,2.39759400392,23.8365906453,20.3578473872,15.7912325298
514,30.0,0.0,70.0,0.0,69.3526400435,-14.5564734776,35.9763628064,34.0321261009,39.8361087043,14.1755011789
313,85.0,70.0,30.0,0.0,45.5693413087,0.4385632957,-8.93258842841,14.4904236404,14.9526977418,15.7214857827
