SAMPLE_ID,CMYK_C,CMYK_M,CMYK_Y,CMYK_K,LAB_L,LAB_A,LAB_B,XYZ_X,XYZ_Y,XYZ_Z
810,10.0,20.0,20.0,20.0,57.9210994533,6.23245018371,8.48808983939,26.4472438404,25.8780343689,17.3637965107
1369,80.0,65.0,65.0,0.0,42.8753468214,-2.6840475025,1.62100532991,12.2119006723,13.0745414953,10.2792577955
1393,100.0,85.0,85.0,80.0,34.5810010803,-0.407747890278,0.823814820609,7.94986137113,8.29064451216,6.64861424212
1427,0.0,7.0,7.0,0.0,79.3466128288,5.9638407547,9.6966076931,55.9142920772,55.5318114731,38.1803853519
1387,100.0,85.0,85.0,60.0,34.6120421075,-0.706363398981,0.741082673112,7.93181167187,8.30591752468,6.6801236355
1377,10.0,6.0,6.0,10.0,69.212508021,-0.506479968968,2.90003848845,38.0669823899,39.6402218127,30.8084650995
558,85.0,100.0,70.0,0.0,39.3736321824,3.34759735933,-1.94787188551,10.9368412747,10.8776496564,9.53583521751
1381,10.0,6.0,6.0,20.0,63.451739822,-0.434607361497,2.66351172459,30.8668279883,32.1318897091,24.9955595581
1394,80.0,65.0,65.0,80.0,34.8672583971,-0.690091461692,1.85702925605,8.05460117853,8.43220245582,6.5247844389
1434,0.0,7.0,7.0,7.0,74.4545362727,5.22934163226,9.04689227069,47.5867313482,47.4151454168,32.7013774273
1388,80.0,65.0,65.0,60.0,35.9705093506,-1.23327566502,1.91812290987,8.52932025497,8.99284177162,6.95364995709
1392,10.0,6.0,6.0,60.0,47.5643287889,0.520056577382,3.43775774125,15.9568565682,16.4538081249,12.3381937873
1382,80.0,65.0,65.0,40.0,37.2767584765,-1.82248585778,1.35933254372,9.12154483704,9.68811781982,7.64405309342
93,10.0,20.0,10.0,0.0,68.8247194904,8.70827443614,2.3847354737,40.464231612,39.1014919636,30.7101889461
230,85.0,40.0,20.0,0.0,47.1473409096,-8.35281912845,-13.0360742974,14.16747543,16.1321122276,18.6872573414
1430,0.0,7.0,0.0,7.0,76.0375950239,5.59536175648,3.1044729863,50.231932129,49.9484272491,38.8408742995
1395,60.0,45.0,45.0,80.0,36.2200693396,-0.747713985095,2.82830715556,8.70990335855,9.12301449302,6.84010127567
1376,20.0,12.0,12.0,10.0,62.9620900909,-2.81794846968,-0.387907977624,29.6660738173,31.5414706249,26.2481061866
1389,60.0,45.0,45.0,60.0,37.9611644322,-0.942013284855,2.94728225581,9.58942776743,10.0663023496,7.54114569669
1380,20.0,12.0,12.0,20.0,58.1510287042,-2.30222001052,0.239470741405,24.647284031,26.1202646906,21.4310698013
1424,3.0,3.0,3.0,3.0,77.4934845917,0.81071975925,4.23879989453,50.7924024337,52.3564355935,39.880441239
1385,20.0,12.0,12.0,40.0,50.0669186642,-1.33026583134,1.27588596588,17.5666085547,18.4747337471,14.7370747796
1378,60.0,45.0,45.0,20.0,43.3222398831,-2.23922912599,2.05433230501,12.5611358633,13.3745338564,10.3837042134
1391,20.0,12.0,12.0,60.0,44.4880355047,-0.682195117649,1.94728317875,13.5653554969,14.1786366195,11.0556997899
1420,3.0,3.0,0.0,3.0,77.6022919955,1.28949760357,1.8510057635,51.150893348,52.5394451468,41.8759377297
1397,20.0,12.0,12.0,80.0,38.3484744847,0.0872313357583,3.1843036256,9.92849426994,10.2846166235,7.64983595325
210,55.0,20.0,20.0,0.0,55.2512301982,-11.1048550794,-7.31222794629,20.0092325385,23.1741137131,22.7427721276
101,20.0,10.0,10.0,0.0,68.7150077919,-4.92552628529,-2.03942007262,36.0597816445,38.9499673254,33.5028882058
1432,0.0,0.0,7.0,7.0,78.6922813506,-0.0803870719442,10.8747844206,52.4231799017,54.3963515378,36.4980247033
1375,40.0,27.0,27.0,10.0,52.1776961559,-3.75508776238,0.0334690497698,18.836819658,20.3026625845,16.7375153156
1384,40.0,27.0,27.0,40.0,43.2715535395,-1.80959298881,1.97613099708,12.5925565074,13.3402805729,10.3808484555
1379,40.0,27.0,27.0,20.0,49.0680500772,-2.68840216294,0.761788060071,16.5344825578,17.649378181,14.267936407
1,0.0,0.0,0.0,0.0,84.1271773685,0.626512103997,4.48890629012,62.284810401,64.3105098184,49.0302798525
970,100.0,100.0,0.0,40.0,35.2840921884,4.92991983112,-10.424336409,8.9027051195,8.64119984006,9.96060180207
1049,0.0,70.0,100.0,40.0,45.2228426432,22.0721593423,20.0877989703,18.0398545559,14.7016643685,6.43935313439
968,100.0,40.0,0.0,40.0,38.7788237982,-3.0806270254,-13.7200512092,9.76255799248,10.5308673204,13.0525370596
336,10.0,20.0,40.0,0.0,67.400019224,6.6563846044,23.8553451569,37.8650891981,37.1641739835,17.7945563516
479,100.0,10.0,55.0,0.0,50.3998475162,-28.6348618421,3.4914739037,13.1823551545,18.7554409211,14.1020604375
560,100.0,10.0,70.0,0.0,50.5210710599,-29.4430132535,8.97957455631,13.1385476909,18.858351746,12.1840309825
328,0.0,30.0,40.0,0.0,68.1716816397,19.4467911059,28.1843750395,43.0885950757,38.2053378063,16.4929952494
564,100.0,55.0,70.0,0.0,43.0049770676,-10.7010568939,0.902652162326,11.1556906806,13.1610933657,10.5727798419
974,0.0,70.0,20.0,40.0,44.2411869166,21.6069471201,7.74913070723,17.1655467402,14.0057571762,9.15782469333
1045,100.0,100.0,70.0,40.0,34.9865633074,1.01496653189,-0.621284294437,8.30245922442,8.49167280257,7.15612530175
234,85.0,100.0,20.0,0.0,40.144554723,7.01015897365,-12.5301679299,11.911430297,11.3383264736,13.4787763041
999,0.0,70.0,40.0,40.0,44.4471138828,21.2778278718,12.7270344138,17.2680039804,14.1498795093,7.8989652196
1018,100.0,40.0,40.0,40.0,38.2151716508,-7.30772180828,-2.06720395451,8.94962732828,10.2091255263,8.99491510024
997,0.0,20.0,40.0,40.0,52.4807202477,7.759625848,19.2383504092,21.4461424137,20.5745805695,9.95657313998
641,100.0,10.0,85.0,0.0,50.3637403217,-30.0528673524,11.6557898419,12.9422143267,18.7248608133,11.1930322697
849,10.0,100.0,40.0,20.0,44.274557726,29.65265473,9.31270639141,18.709035504,14.0290456819,8.7340489099
433,30.0,0.0,55.0,0.0,67.4940915094,-19.7585362302,27.0008278431,30.3552781296,37.2900755286,16.4994648585
279,30.0,100.0,30.0,0.0,45.6287009556,25.7369856923,0.586810891288,19.0840349705,14.9959876088,12.1693909675
469,85.0,0.0,55.0,0.0,55.120077322,-33.4474590033,8.28882604504,15.7140179367,23.0463786329,15.4142496838
315,85.0,100.0,30.0,0.0,40.0627760218,5.7422458231,-9.34320179564,11.6804052712,11.2888532689,12.2850085801
1046,0.0,0.0,100.0,40.0,57.3860936117,-0.938992884817,37.6670303245,24.1993781953,25.3202123701,7.23683159156
955,20.0,100.0,0.0,40.0,39.8201377564,19.1065203564,-1.61153085506,13.5135372987,11.1429131131,9.66369965255
1056,40.0,0.0,100.0,40.0,48.2686196492,-14.4095607989,21.5151786752,13.971264974,17.0068135022,7.34290900845
965,70.0,100.0,0.0,40.0,36.7229116579,7.97911180436,-8.71581823211,10.0414210396,9.38910490904,10.1958749467
1066,100.0,0.0,100.0,40.0,42.8240430203,-22.0731283287,11.8341502006,9.56827762207,13.0403919214,7.41563566338
422,10.0,85.0,55.0,0.0,50.8008976922,35.6074986789,15.9884837664,26.1272574588,19.0973421238,10.0638299909
887,20.0,10.0,70.0,20.0,57.062640126,-6.10820050702,26.8022440402,22.719757385,24.9868849205,10.0584575881
458,55.0,85.0,55.0,0.0,42.9187478455,10.6374955344,0.845160512719,14.2908475093,13.1034772177,10.5441232564
899,70.0,10.0,70.0,20.0,47.6613519201,-19.4503562458,11.1109194814,12.7842599317,16.5292673312,9.90172169214
740,10.0,70.0,0.0,20.0,48.5973800893,24.1439901126,-2.18703122274,21.3710102647,17.2691414041,15.1048392056
911,0.0,10.0,100.0,20.0,62.6138459361,4.01509492075,43.4810917197,31.094287491,31.1259891835,8.0469674605
1265,40.0,100.0,0.0,100.0,34.1937543953,7.99139394162,-0.735747718646,8.71048478658,8.10167982705,6.85668229144
905,100.0,10.0,70.0,20.0,45.2265126534,-21.9696799423,7.5157405779,10.9247337469,14.7043084057,9.72130956421
1061,70.0,0.0,100.0,40.0,45.4633354359,-18.9061227865,15.4772501895,11.4874144635,14.87559705,7.64326002712
952,20.0,20.0,0.0,40.0,48.5708931411,3.00192538851,-3.58545349271,17.1760773832,17.2479074472,15.651083931
1063,70.0,40.0,100.0,40.0,40.1814544361,-5.86906562563,8.12486888533,10.1776927013,11.3606967299,7.20730672036
358,30.0,70.0,40.0,0.0,49.5931601203,17.8109787859,5.73587015901,20.9414891426,18.0801361405,12.7613135934
720,85.0,100.0,100.0,0.0,38.9067435375,2.25906340967,0.853249057632,10.5218178355,10.6048149113,8.51560946342
135,55.0,100.0,10.0,0.0,42.9533038272,16.9451713517,-11.2944157627,15.3627449317,13.1265464016,14.8572967301
350,20.0,85.0,40.0,0.0,48.4095850924,28.1361434902,7.43920674319,22.05250019,17.1189663012,11.4721998504
384,70.0,55.0,40.0,0.0,45.9012022526,-3.8751582366,-2.56629574786,14.0240034305,15.1957900435,13.4644984725
1027,20.0,20.0,70.0,40.0,47.6508181979,-0.300750884485,19.0571369554,15.8788562081,16.5210636457,7.69192032352
986,70.0,0.0,20.0,40.0,44.849983668,-15.2595479943,-2.81819529044,11.6284603147,14.4346889675,12.895931245
389,85.0,10.0,40.0,0.0,52.2740502921,-26.6672321229,0.836859098534,14.7857573911,20.3888643036,16.4666942
1002,20.0,20.0,40.0,40.0,47.8269821239,0.442323802692,11.9134455504,16.1414386052,16.6586177884,9.746871722
1013,70.0,40.0,40.0,40.0,39.2564504703,-4.0007872468,0.210579263165,9.90635363414,10.8087378283,8.85933205388
1004,20.0,70.0,40.0,40.0,41.6617610409,13.1895983004,6.96824718498,13.8314924476,12.2825838686,8.14929028627
216,55.0,100.0,20.0,0.0,42.643252457,15.1344332585,-8.61008954131,14.8338111587,12.9205255562,13.6227966094
728,100.0,85.0,100.0,0.0,39.0115051676,-3.25355258113,0.817182333114,9.86724522456,10.665632511,8.57475384368
471,85.0,20.0,55.0,0.0,49.6935811121,-22.4153461345,3.27001930446,13.6759144681,18.1633036362,13.7257219913
457,55.0,70.0,55.0,0.0,45.3380347019,5.37051568718,2.16258471042,15.1434938588,14.7848050702,11.4658385
435,30.0,20.0,55.0,0.0,59.5938339117,-6.05459355335,19.1185284505,25.2265440385,27.67484191,14.1878616934
421,10.0,70.0,55.0,0.0,54.1976306489,29.8267910775,18.9537418641,28.3331048626,22.1612061541,10.9697902328
400,100.0,30.0,40.0,0.0,47.0702704248,-17.5116596947,-5.48217487883,12.6928556348,16.0731172074,15.3706187183
186,20.0,55.0,20.0,0.0,55.6937029783,17.8075934333,1.76902151756,26.9323729476,23.6085366765,18.6550908394
616,55.0,30.0,85.0,0.0,51.3204391645,-10.7112249739,17.0721148022,16.8373421898,19.5464032238,10.0067517292
222,70.0,55.0,20.0,0.0,46.2965941339,-0.941547882625,-11.8333453752,14.7792588371,15.4888417746,17.486333658
580,10.0,30.0,85.0,0.0,63.7393675074,10.930671637,38.1845543452,34.4068101757,32.482121901,10.0978496094
1267,100.0,40.0,0.0,100.0,32.5386372093,-0.474847913459,-4.5136521701,7.01679138439,7.32636866211,7.0768326401
935,70.0,10.0,100.0,20.0,47.5424933461,-20.4727496822,15.9684155182,12.554777641,16.4368574488,8.45422997587
1261,0.0,40.0,0.0,100.0,34.5527902787,7.24581284143,3.8107175939,8.80423422253,8.27678029634,5.97206266389
918,10.0,20.0,100.0,20.0,56.9120732281,3.94914688173,34.3396744126,24.8601887078,24.8327247384,7.86758162608
474,85.0,55.0,55.0,0.0,43.8651773635,-7.98127650573,-0.925282040494,12.0621279521,13.7451300382,11.6489174634
452,55.0,10.0,55.0,0.0,57.4425912858,-21.9022967147,13.507913144,19.7363300272,25.3787371387,14.9281321733
438,30.0,55.0,55.0,0.0,51.7405132522,10.9789223539,12.409841029,21.4522488301,19.9145951024,11.7306659237
416,10.0,10.0,55.0,0.0,71.852828129,-1.65010144265,35.5230551543,41.3441149888,43.4403456751,16.0768652373
960,40.0,100.0,0.0,40.0,37.8429690641,13.165671057,-4.78691659715,11.3792496154,10.0003000976,9.59467759726
1059,40.0,70.0,100.0,40.0,39.7707380148,6.92210553248,9.64879291661,11.669229739,11.1133554991,6.67701874146
958,40.0,40.0,0.0,40.0,42.3488801147,4.26195538446,-7.97840457981,12.9070609904,12.7269285974,13.2028472547
372,55.0,20.0,40.0,0.0,55.5309668928,-13.3511774149,5.48955333956,19.7989605183,23.4481357001,16.876947772
370,55.0,0.0,40.0,0.0,61.2682354364,-26.6715918542,9.66172167614,22.186373507,29.5548674296,19.4556667893
362,40.0,10.0,40.0,0.0,61.0434999795,-16.2610467915,12.7987082692,24.3014109841,29.2977348476,17.83781938
364,40.0,30.0,40.0,0.0,54.646799716,-4.81925732041,7.45578531695,20.7648682438,22.589338424,15.4211446783
366,40.0,55.0,40.0,0.0,50.4573844184,6.11659307686,4.15896710385,19.3193853753,18.8042391655,13.8865532827
984,40.0,70.0,20.0,40.0,38.9895380058,8.2504509031,-1.19800209079,11.3829926693,10.6528606301,9.12715002576
1035,40.0,100.0,70.0,40.0,37.5797900031,11.1885992701,5.04288454897,10.9516141998,9.8543742909,6.87068226946
198,30.0,100.0,20.0,0.0,45.6886323648,25.9447529744,-2.65735063767,19.17576283,15.0397791337,13.3629529404
1009,40.0,70.0,40.0,40.0,39.5565987302,7.27951027067,3.03674270005,11.5893495408,10.9858327055,8.22939203356
1008,40.0,40.0,40.0,40.0,41.7685150382,0.731340894697,4.53232246609,12.0151981012,12.3509295431,8.86196122797
1007,40.0,20.0,40.0,40.0,44.5207472233,-5.3598363347,7.05069948457,12.8676941161,14.2016523335,9.49939979971
371,55.0,10.0,40.0,0.0,57.2381232379,-21.2058035306,7.21922321405,19.6992127227,25.1673594905,17.4038152514
419,10.0,40.0,55.0,0.0,60.2478934066,17.0148515735,24.8668111552,31.8627777378,28.3994271907,12.4919555231
437,30.0,40.0,55.0,0.0,54.4838353826,4.7612716624,15.0633408064,22.6654913052,22.4333750417,12.4447074039
455,55.0,40.0,55.0,0.0,49.6037636138,-5.54783246769,6.18444782692,16.4364049525,18.0889058171,12.6084808526
473,85.0,40.0,55.0,0.0,45.969751407,-12.9266529687,-0.285293400425,12.6691244263,15.2463292483,12.6808567396
150,85.0,55.0,10.0,0.0,45.2358199584,-2.4759140544,-19.3002393951,13.790299835,14.7110152203,20.0858287956
1048,0.0,40.0,100.0,40.0,48.6272643583,13.9646042191,25.3946777956,19.3113758525,17.2931198279,6.5674024269
953,20.0,40.0,0.0,40.0,44.8837905343,8.83609842031,-3.8014386644,15.3988185583,14.4587610907,13.2735847681
1058,40.0,40.0,100.0,40.0,42.481396881,-0.939090211025,13.0064926862,12.2187445917,12.8138384721,6.98636504267
963,70.0,40.0,0.0,40.0,39.6867064,-0.331459327447,-10.8422213676,10.6240580466,11.0631965707,12.5831317362
1068,100.0,40.0,100.0,40.0,38.0256982822,-9.40013029502,5.55579073271,8.60901713934,10.1024613795,6.93125424132
418,10.0,30.0,55.0,0.0,64.25266492,11.3023682483,28.272463258,35.1644603999,33.1134492041,13.7629758361
436,30.0,30.0,55.0,0.0,57.0305100742,-1.19934839045,17.5314213138,23.7889756074,24.9539346917,13.1312341804
454,55.0,30.0,55.0,0.0,52.1630873821,-10.5124376573,8.4717934802,17.5392982859,20.2896143235,13.3753527214
76,100.0,30.0,0.0,0.0,49.2728623181,-9.3985571956,-26.8849082313,15.5155557105,17.8165661708,27.9534028906
738,10.0,20.0,0.0,20.0,59.3523434356,7.03390806311,-2.60011267316,28.1865048326,27.4104598926,24.0017612726
1278,0.0,0.0,100.0,100.0,43.1876321216,-0.239966749055,20.050902646,12.7732988013,13.2836960489,5.6860249946
1263,40.0,0.0,0.0,100.0,33.6630350444,-1.93779737882,0.00772474744455,7.36356476434,7.84740023545,6.47317380264
1284,100.0,0.0,100.0,100.0,37.2193818455,-13.2001919809,7.26684535186,7.79523623063,9.65685053874,6.22079506927
1051,20.0,0.0,100.0,40.0,51.8294400576,-8.16066842011,27.8525194871,17.7095409291,19.9931271539,7.29417136615
962,70.0,20.0,0.0,40.0,41.2712855826,-4.93164209915,-11.5250045872,10.9233311023,12.0347432137,13.8284852147
1053,20.0,40.0,100.0,40.0,45.2805771668,6.18741539123,17.9857309686,15.2395625738,14.7432956077,6.94989959078
394,85.0,70.0,40.0,0.0,42.7887333625,-1.92293913124,-6.5297620261,12.2685672016,13.0169231788,12.9526413607
684,30.0,100.0,100.0,0.0,44.4028930061,24.1710857749,12.210907651,17.769573116,14.1188476339,8.01344588234
99,10.0,100.0,10.0,0.0,49.9966002942,39.5632902287,2.22738962135,26.2459004849,18.4158057252,14.3199932772
386,70.0,85.0,40.0,0.0,41.8051285174,5.857337258,-4.51454163424,12.7940933294,12.3744283558,11.6614895393
348,20.0,55.0,40.0,0.0,54.3156772257,16.1470593896,11.8816729359,25.0968348505,22.2731952429,13.4865924038
1037,70.0,20.0,70.0,40.0,41.5310804442,-11.2949475166,7.61406867503,10.2283614803,12.1992638087,7.92108460641
976,20.0,0.0,20.0,40.0,52.3441500556,-6.49846215581,7.37337283638,18.4449500294,20.4517310533,13.9011356862
353,30.0,10.0,40.0,0.0,64.1224154356,-12.427929282,16.6806531162,28.4674437049,32.9524820826,18.4813769896
1012,70.0,20.0,40.0,40.0,41.2350120857,-9.65497381263,2.09728235964,10.2756013919,12.0118906208,9.29247759942
1003,20.0,40.0,40.0,40.0,44.3441904278,6.66766036417,9.22395136336,14.6460528226,14.0777234015,8.79200740242
1014,70.0,70.0,40.0,40.0,37.2545006399,1.36306856607,-1.31683974392,9.49771223933,9.67598045596,8.33214847189
180,10.0,100.0,20.0,0.0,49.7813999258,39.1115911291,5.47708845158,25.9121666012,18.2362428638,12.9704672516
1042,100.0,20.0,70.0,40.0,39.839455391,-14.2854046816,4.3415880795,8.95241952222,11.1544857767,8.01379203223
989,70.0,70.0,20.0,40.0,37.3494072243,2.34101051857,-5.35905112242,9.66989518819,9.72780434549,9.51269542459
1032,40.0,20.0,70.0,40.0,44.6360653761,-6.15826255687,12.4745774337,12.8222159868,14.2829879537,8.0496794614
979,20.0,70.0,20.0,40.0,41.3317511099,13.8230574534,2.2535859407,13.706782882,12.0729013743,9.29550508318
1022,0.0,20.0,70.0,40.0,51.8141884618,7.37293488885,26.223652594,20.7612643292,19.9796436929,7.69490015452
465,70.0,55.0,55.0,0.0,45.7653118439,-5.4015151615,0.62452591693,13.6887636595,15.0959325839,12.2378649051
443,40.0,10.0,55.0,0.0,59.8396560834,-18.2540896802,17.4679757282,22.680935987,27.945706723,14.9966532911
429,20.0,55.0,55.0,0.0,54.2352903426,15.7843880828,16.5374890148,24.9299499541,22.1968924891,11.7893217563
407,0.0,10.0,55.0,0.0,76.2101616446,5.84200426284,43.5893748023,50.6038514815,50.2299079571,15.8476509083
847,10.0,40.0,40.0,20.0,52.8109529317,12.9980476892,15.1927752898,22.8923493586,20.873666913,11.4174781512
791,70.0,10.0,10.0,20.0,48.8112310212,-14.3161187414,-12.4394875541,14.3630751064,17.4412193409,19.7517396462
1282,40.0,40.0,100.0,100.0,36.9318995509,-0.173247072158,8.07309809755,9.14111101345,9.50120024585,5.93763593287
779,20.0,10.0,10.0,20.0,58.7311250701,-3.86295517016,-0.519802417762,24.8669011801,26.7381031285,22.3298194193
920,10.0,70.0,100.0,20.0,47.3342015643,21.9915294304,20.5897001475,19.8013411063,16.2757470641,7.17506844811
470,85.0,10.0,55.0,0.0,52.0034339983,-27.638252341,5.70723635291,14.4342964955,20.1473793789,14.3123743358
456,55.0,55.0,55.0,0.0,47.2250094691,0.195571454458,4.130623398,15.6472356255,16.1917109193,11.8979566548
434,30.0,10.0,55.0,0.0,63.7965135094,-12.7849272377,22.9896143904,28.0179083809,32.5520078579,15.5190735164
420,10.0,55.0,55.0,0.0,57.415875987,22.8205812826,21.5460537861,30.1252140399,25.3510520882,11.9507968351
950,0.0,100.0,0.0,40.0,42.1456521497,26.355197273,3.9485404554,16.3930434423,12.5944083345,9.21155273646
1069,100.0,70.0,100.0,40.0,36.493594108,-4.24920804579,2.27932457688,8.44218166648,9.26712367405,7.0830722379
948,0.0,40.0,0.0,40.0,49.5711320432,15.395882486,1.9986275239,20.4211629657,18.0619267619,14.1264793834
481,100.0,30.0,55.0,0.0,46.7286046956,-19.1003755147,-0.787135235554,12.2400155114,15.813314724,13.3345990861
334,10.0,0.0,40.0,0.0,76.227583927,-8.60641600796,31.9908955102,45.3839250451,50.2583848077,21.1376990809
326,0.0,10.0,40.0,0.0,76.7381470537,6.21069276743,36.1661826107,51.6058410494,51.0976909309,19.535040105
562,100.0,30.0,70.0,0.0,45.837820621,-19.9784072655,4.17607796666,11.5634865763,15.1491601834,11.0876266937
330,0.0,55.0,40.0,0.0,60.8148373405,31.7552684564,23.214394769,36.8548708124,29.0376441038,13.4395566952
994,100.0,70.0,20.0,40.0,36.2216194603,-0.493884198674,-6.89216506909,8.74028149106,9.12382695041,9.3926066196
1025,0.0,100.0,70.0,40.0,41.5148804698,26.7210434561,13.5294001406,15.9788010491,12.1889612671,6.47680106082
813,10.0,100.0,20.0,20.0,44.4907496675,29.8498390077,5.3423505487,18.9288181968,14.1805453369,9.99294162353
1019,100.0,70.0,40.0,40.0,36.3410543942,-2.49217816293,-3.6548225656,8.56823307496,9.18657095285,8.53863252657
998,0.0,40.0,40.0,40.0,48.0843218183,14.4975144329,15.8012792081,18.9556446283,16.860925536,8.75621992465
1017,100.0,20.0,40.0,40.0,39.834117328,-12.5965932388,-0.479723874182,9.15148531148,11.1512870892,9.33921946063
335,10.0,10.0,40.0,0.0,71.8186549252,-0.987216856429,27.713035313,41.5139623954,43.3896728015,19.5214322048
971,0.0,0.0,20.0,40.0,57.3340868486,-0.0896895079283,14.6052007922,24.3435651829,25.2664192367,14.4253895659
1030,20.0,100.0,70.0,40.0,39.2720404283,18.47866326,8.36783925361,13.0521008027,10.8178890847,6.77500794703
981,40.0,0.0,20.0,40.0,47.7743515732,-11.3891079527,1.88990741507,14.1137928458,16.6174425937,13.0162145665
1040,70.0,100.0,70.0,40.0,35.5821490488,4.58970955256,1.18958235191,9.01480193492,8.79274196593,6.96768477548
991,100.0,0.0,20.0,40.0,42.251716107,-16.965173056,-6.20390944961,9.89953274278,12.6634548179,12.507018958
848,10.0,70.0,40.0,20.0,47.7787520691,22.4695230789,11.7366560828,20.2874022441,16.620882693,9.77479844144
851,20.0,10.0,40.0,20.0,57.6035419611,-6.02863228664,17.0290290728,23.2560659981,25.5459568578,13.6804201446
431,20.0,85.0,55.0,0.0,48.5950106596,27.7566607756,11.0080337381,22.1434487765,17.2672411793,10.4264315906
863,70.0,10.0,40.0,20.0,48.2003323901,-18.4618837102,2.9089314485,13.288937122,16.952660395,12.9136566951
467,70.0,85.0,55.0,0.0,41.275775784,5.10400100754,-1.472167452,12.3427105885,12.0375740908,10.3831178427
875,0.0,10.0,70.0,20.0,63.2708067764,3.89621573784,37.3987058643,31.8382179183,31.9128702898,10.0911348116
440,30.0,85.0,55.0,0.0,45.9951139372,21.8591761639,7.68442342871,18.6359728039,15.2650566319,10.0693789846
893,40.0,10.0,70.0,20.0,51.7353854484,-14.2768971068,17.6861628678,16.5181735706,19.9100729752,10.0375248748
476,85.0,85.0,55.0,0.0,40.2820331313,1.5832027158,-3.86005555484,11.2310594689,11.4218213964,10.5941778729
731,0.0,10.0,0.0,20.0,66.1539007623,6.0959066088,3.09322942846,36.0544299184,35.5230788241,27.4316564176
1280,0.0,100.0,100.0,100.0,37.1103714513,18.3587862159,10.7452921931,11.6649247406,9.5976310068,5.44559200986
749,40.0,10.0,0.0,20.0,53.6240917898,-8.28401057622,-13.0581234294,19.1709935838,21.6224380521,24.3192328318
1286,100.0,100.0,100.0,100.0,33.0264722752,-0.0726812813088,1.07090126405,7.27243749675,7.54949611194,5.99535803481
91,10.0,0.0,10.0,0.0,78.566567195,-6.42511148689,7.21795487024,49.8136727568,54.1799880721,39.0260200994
151,85.0,70.0,10.0,0.0,43.4205718584,2.80624358138,-18.1638536018,13.391964583,13.4411526578,18.0968350907
127,55.0,0.0,10.0,0.0,63.7819646563,-22.2644604894,-12.7219448962,25.6650899858,32.5342060262,35.0023385603
115,30.0,70.0,10.0,0.0,50.4859354905,20.1591048478,-7.4256461209,22.2636420197,18.8284853141,18.7543708774
74,100.0,10.0,0.0,0.0,53.1498194962,-19.3327851239,-29.380364709,16.7046087124,21.1835715848,33.8463779454
799,100.0,40.0,10.0,20.0,41.4233525286,-5.80843949445,-14.988961005,10.8933776502,12.1308620723,15.2782451327
901,70.0,40.0,70.0,20.0,42.4001850531,-7.17723512928,6.36641675691,11.2821262855,12.7605296836,8.65524845112
787,40.0,40.0,10.0,20.0,46.7339399588,3.469818024,-7.26103133411,15.8473299982,15.8173499822,15.859739892
889,20.0,40.0,70.0,20.0,49.8723348996,7.98419408608,18.6802899289,19.1900852743,18.3119757797,8.81287178576
769,0.0,40.0,10.0,20.0,56.1248481911,20.4479309584,5.7356409739,28.0598933771,24.037027952,17.2133667799
92,10.0,10.0,10.0,0.0,73.5461375769,0.87578308949,4.79025728988,44.6611335036,46.0009294165,34.531116855
152,85.0,85.0,10.0,0.0,41.442053586,6.12385247124,-17.1770581663,12.5996570062,12.1427179024,16.1884958033
128,55.0,10.0,10.0,0.0,59.4671388899,-16.3085574154,-14.1667190232,22.7559426865,27.5359261554,30.9784568277
116,30.0,85.0,10.0,0.0,47.7973122739,24.4344896045,-6.99864938231,20.7088157153,16.6353974063,16.5161935194
236,100.0,10.0,20.0,0.0,52.5128105816,-24.7937836532,-13.5957741421,15.2720946854,20.6035181127,23.5714957889
323,100.0,85.0,30.0,0.0,40.2284803147,0.81670492008,-11.4036136555,11.09400333,11.389248539,13.118886779
587,20.0,10.0,85.0,0.0,65.9913655516,-8.51013932139,39.5582510679,31.6506957774,35.3126565925,10.882817597
214,55.0,70.0,20.0,0.0,45.9632415774,8.2904303669,-9.10396641604,16.1089048557,15.2415249409,16.0726241231
623,70.0,10.0,85.0,0.0,52.9105242635,-26.5204437322,17.0065434917,15.269998572,20.9644123992,10.8823471295
178,10.0,70.0,20.0,0.0,54.6733042869,31.077208008,5.47641912279,29.1855505434,22.6147725007,16.2550417869
164,0.0,10.0,20.0,0.0,78.2581651351,6.72211592116,19.8171310642,54.3467306814,53.6516368606,29.968366058
224,70.0,85.0,20.0,0.0,42.3724958529,7.54962831486,-12.4541211589,13.4270330759,12.7423878902,14.9198635655
200,40.0,10.0,20.0,0.0,61.4939593,-14.9640175566,-2.29589529727,25.0567133574,29.8146409255,25.8902678396
188,20.0,85.0,20.0,0.0,49.3925087521,29.46417338,0.469250836283,23.2785847396,17.9147202128,14.5977218935
398,100.0,10.0,40.0,0.0,51.4252031769,-27.9810040109,-1.16918951632,13.9767752888,19.6377995975,16.6970652629
1277,100.0,100.0,40.0,100.0,32.7610804063,1.42492555432,-1.47764925654,7.30902568719,7.42755697157,6.45737306502
815,20.0,10.0,20.0,20.0,58.1028382748,-4.24636480995,6.487835288,24.1492412342,26.0693714427,18.3967101962
1271,0.0,100.0,40.0,100.0,36.1865123226,15.8620388096,8.21072189229,10.7718616763,9.10543823528,5.63816335573
827,70.0,10.0,20.0,20.0,48.2656866349,-15.8022785877,-6.81399618456,13.7481613839,17.0044851987,16.7814025297
233,85.0,85.0,20.0,0.0,40.8251324043,4.47700565676,-13.2330902242,11.9689775793,11.7556704067,14.1847192807
596,30.0,10.0,85.0,0.0,62.3813361085,-13.423993943,33.3187447695,26.3420483656,30.8506287245,10.8877305732
197,30.0,85.0,20.0,0.0,47.0765717626,23.4571257131,-2.75349042604,19.8729421343,16.0779352742,14.2993426905
632,85.0,10.0,85.0,0.0,51.0593819076,-28.9723471183,13.5707871195,13.5707737057,19.3198909554,10.9608238872
873,100.0,100.0,40.0,20.0,37.0710266051,2.43001664783,-5.7574308119,9.53182404596,9.57631665913,9.48879606086
826,70.0,0.0,20.0,20.0,51.7249361356,-19.8175783462,-4.35980200989,15.5412886992,19.9008600143,18.3291019992
861,40.0,100.0,40.0,20.0,40.4757764953,15.985111389,1.81091845177,13.4674811498,11.5401821772,9.00041592901
814,20.0,0.0,20.0,20.0,62.1557306374,-9.33213901064,8.65884867361,27.1092278644,30.5850020979,20.6769210668
843,0.0,100.0,40.0,20.0,46.6873030411,35.5197512946,13.2430286726,22.0438418987,15.782099963,8.7977869465
87,0.0,55.0,10.0,0.0,62.0394184033,34.145666239,6.24998297711,39.2413425217,30.448654385,21.7824381866
139,70.0,30.0,10.0,0.0,51.6523034383,-8.09012081049,-17.7605593344,17.5803150839,19.8368996661,25.0403672223
123,40.0,55.0,10.0,0.0,51.2192836657,10.0407785347,-11.0017284535,20.7828034938,19.4584244447,21.0752895869
103,20.0,30.0,10.0,0.0,61.6666839142,8.20859152205,-3.45193786546,31.1244698827,30.014445234,26.7300639591
159,100.0,55.0,10.0,0.0,44.7918305553,-3.65772307813,-20.3017239167,13.3062863706,14.3933436747,20.1999132871
734,0.0,70.0,0.0,20.0,50.9096649427,29.9640264465,1.7468218756,24.8935841314,19.1907787125,15.1259357034
924,20.0,20.0,100.0,20.0,53.8836880221,-0.513807650342,28.5885174296,20.9768089664,21.8652013543,8.00523454803
752,40.0,70.0,0.0,20.0,43.4657998515,12.5787216552,-10.4513000436,14.9988246168,13.4718682421,14.8732853632
936,70.0,20.0,100.0,20.0,45.9464277452,-14.9135629629,13.2626986464,12.3595520216,15.2291208653,8.44173729285
764,100.0,70.0,0.0,20.0,39.1145754795,2.05305045641,-17.144560555,10.6132152737,10.7256947308,14.5561187383
176,10.0,40.0,20.0,0.0,61.4566084354,19.2408455633,8.13039307997,33.9636056818,29.7715511425,20.3456932942
228,85.0,20.0,20.0,0.0,51.2942913841,-17.283541855,-12.6746300252,15.6577195677,19.5236361455,21.9860533129
212,55.0,40.0,20.0,0.0,50.6364659961,-1.52746396245,-7.67640403783,17.9897413713,18.9566635495,18.9905801096
192,30.0,20.0,20.0,0.0,61.5050360143,-2.76088905052,0.38088369071,28.0552302026,29.8274275531,24.4009030311
321,100.0,55.0,30.0,0.0,43.707544581,-7.17668735337,-10.638297355,12.0802458892,13.636837553,15.1130268768
967,100.0,20.0,0.0,40.0,39.9538451662,-7.46112975573,-14.1385906576,9.84880611504,11.2231777844,13.9576044535
1064,70.0,70.0,100.0,40.0,37.8482867338,0.134991051976,5.18153103947,9.66294378776,10.0032633561,6.94749934064
957,40.0,20.0,0.0,40.0,44.7061682,-1.32215853046,-7.94189901147,13.6124004471,14.3325839737,14.7273076576
1054,20.0,70.0,100.0,40.0,41.8134506415,13.7511566178,13.899233779,14.0250748319,12.3797737131,6.50974422503
947,0.0,20.0,0.0,40.0,53.475106971,9.27387279489,2.5202139628,22.7017892652,21.4839288155,16.6309926408
177,10.0,55.0,20.0,0.0,58.3039120562,24.9943957411,6.51509338275,31.7523799938,26.2821610033,18.5424554138
211,55.0,30.0,20.0,0.0,52.9623077912,-6.94551635787,-8.25704792196,18.8741495059,21.0117096984,21.205365889
213,55.0,55.0,20.0,0.0,48.49874392,3.26988390177,-8.8893518352,17.1681971825,17.190155429,17.8642114597
175,10.0,30.0,20.0,0.0,65.3487427791,13.5069357893,8.60134566798,37.2506828728,34.4888384983,23.5359730313
775,10.0,40.0,10.0,20.0,53.8072505289,15.2771038294,1.72756832612,24.3816973397,21.7935325358,17.2186849528
1272,40.0,0.0,40.0,100.0,37.1920902485,-5.46047477847,6.59923231045,8.64912739134,9.6420016772,6.35887381127
1273,40.0,40.0,40.0,100.0,35.3672276806,1.42926115053,4.25118688396,8.53646471909,8.68329216733,6.18162465266
774,10.0,20.0,10.0,20.0,59.0765707229,6.78930432552,2.64116478417,27.8228390851,27.1106115071,21.0275705267
95,10.0,40.0,10.0,0.0,62.769502179,20.0343090567,0.586062955243,35.8597424872,31.3112448673,25.5020330375
147,85.0,20.0,10.0,0.0,52.3514226867,-14.4447169829,-19.8628011434,16.9660717662,20.4582606709,26.9349534869
131,55.0,40.0,10.0,0.0,51.8900078804,1.12562501075,-13.8672620417,19.5549123132,20.0467331605,23.1433945056
111,30.0,20.0,10.0,0.0,62.1802333731,-0.822034334671,-6.94408704777,29.3052221279,30.6137773851,29.3679871315
78,100.0,55.0,0.0,0.0,44.8022608618,-1.12744318164,-25.0841807294,13.7081370639,14.4007535229,22.615364117
800,100.0,70.0,10.0,20.0,39.1062203309,1.24180078496,-13.9292715912,10.5010303574,10.7208175533,13.3346337314
900,70.0,20.0,70.0,20.0,46.1733597422,-14.1612945612,9.61074358358,12.6158153934,15.3971039536,9.58438549831
788,40.0,70.0,10.0,20.0,43.3508948076,12.2690387486,-6.90042497651,14.8645270547,13.3939244632,13.4412451852
888,20.0,20.0,70.0,20.0,54.4280065927,-0.352019524312,24.2551920819,21.5060542135,22.3801102152,9.46341496339
770,0.0,70.0,10.0,20.0,50.908052397,29.767792981,5.02236619483,24.8459528661,19.1893912329,13.8539878044
96,10.0,55.0,10.0,0.0,58.987162004,25.9399915224,0.334565760289,32.8379163078,27.0138686946,22.1166775273
148,85.0,30.0,10.0,0.0,49.6751263022,-10.3761780265,-19.7332131294,15.6453593445,18.1480004899,24.2461446616
132,55.0,55.0,10.0,0.0,48.8717679538,5.3325877146,-14.5398768293,17.8491114947,17.4901379195,20.8225539954
112,30.0,30.0,10.0,0.0,59.1123797865,3.97219134625,-7.32446826448,27.155545829,27.1494226323,26.4210090573
240,100.0,55.0,20.0,0.0,44.3681712471,-5.19365720142,-14.5385535712,12.7935821361,14.0945135606,17.2151351796
319,100.0,30.0,30.0,0.0,47.807955169,-15.7429793045,-8.85807474398,13.4481979567,16.6437243242,17.3242896461
591,20.0,55.0,85.0,0.0,53.4593972907,16.0397365466,22.9240964854,24.2116528011,21.4693583014,9.3647396932
1396,40.0,27.0,27.0,80.0,37.1344672728,-0.499755304451,3.02963725051,9.20702139162,9.61070007802,7.16883042663
627,70.0,55.0,85.0,0.0,45.1381955425,-5.00692308689,7.40026639475,13.3285083623,14.6407687902,9.71036857414
174,10.0,20.0,20.0,0.0,68.8938839254,7.43650246183,10.4698213155,40.1493059698,39.1972177741,25.8861384464
168,0.0,55.0,20.0,0.0,61.9289004051,32.3865603006,11.995003499,38.5353536978,30.3194750156,18.8969829941
220,70.0,30.0,20.0,0.0,51.065217768,-10.2508778477,-11.4068782586,16.7219748831,19.3249353502,21.1448807172
204,40.0,55.0,20.0,0.0,50.385145613,8.29063231314,-5.80416830799,19.6907327176,18.7429854876,17.9389441436
184,20.0,30.0,20.0,0.0,61.5769752936,6.82125670969,3.44203038476,30.6440026873,29.9105610903,22.8226467144
402,100.0,55.0,40.0,0.0,43.8440292403,-7.65821644412,-6.27531894948,12.0957183816,13.7305682659,13.5245251561
1275,100.0,0.0,40.0,100.0,35.7312539119,-9.51941219138,2.53273605106,7.50326903258,8.86921225624,6.71214393051
1270,0.0,40.0,40.0,100.0,37.672885159,8.06460130802,9.73282861805,10.5863127871,9.90582966677,5.85617884164
1269,0.0,0.0,40.0,100.0,39.7163480972,0.460720094181,12.9299522018,10.7468517348,11.0808725942,5.92563566425
1276,100.0,40.0,40.0,100.0,35.041205291,-3.66907307726,0.30466200086,7.81065271987,8.51900349098,6.95631781057
229,85.0,30.0,20.0,0.0,49.1397409153,-12.791164361,-13.0337353928,14.8465233253,17.7077798071,20.3107454335
600,30.0,55.0,85.0,0.0,50.7905251506,10.4934518746,17.7697401828,20.4939304382,19.088447458,9.52605587425
193,30.0,30.0,20.0,0.0,58.517260199,2.45683565086,-0.482894118626,26.1537989345,26.5092028455,22.1204257297
636,85.0,55.0,85.0,0.0,43.7622663622,-8.29992499756,4.33878505611,11.9521601074,13.6743662862,9.9166564849
944,100.0,70.0,100.0,20.0,38.3580188492,-4.21764228157,2.4682426387,9.39637600146,10.2900359497,7.83705770481
756,70.0,20.0,0.0,20.0,47.9576648338,-6.92346630818,-16.5249698739,14.9752924111,16.7611506159,21.0253852465
932,40.0,70.0,100.0,20.0,42.9248790407,8.77154361171,10.9945640725,13.9948581667,13.1075683606,7.67015969355
744,20.0,20.0,0.0,20.0,56.4281385902,3.72374368124,-6.15070543499,24.322421386,24.3415373739,23.2006146443
914,0.0,70.0,100.0,20.0,49.6739572615,28.1605353465,24.4203771507,23.2582905682,18.1470313845,7.22458982561
83,0.0,10.0,10.0,0.0,78.8192570806,7.93150186215,10.8612692308,55.791504372,54.6154702128,36.6652921817
143,70.0,85.0,10.0,0.0,42.7911076055,10.7789217403,-14.7299849325,14.2247207738,13.0185003477,16.1379341397
119,40.0,10.0,10.0,0.0,62.6036138741,-12.6126485375,-10.5375814319,26.7754160398,31.1138370647,32.1382563167
107,20.0,85.0,10.0,0.0,49.692817203,30.5008705642,-3.38699103393,23.8054182193,18.1626700148,16.3711237004
155,100.0,10.0,10.0,0.0,54.090925786,-22.0633498702,-21.0435102647,16.9441404716,22.0603003647,29.4627840829
805,0.0,40.0,20.0,20.0,56.2497726875,19.9162540631,11.1304360559,28.0616187093,24.162145068,15.0555382052
853,20.0,40.0,40.0,20.0,50.4560618636,8.59509263616,11.158433487,19.8133977144,18.8031165299,11.4089325683
823,40.0,40.0,20.0,20.0,46.8491027047,2.77585799228,-2.66312411207,15.8130586957,15.9046192698,14.1144993821
865,70.0,40.0,40.0,20.0,43.2952432327,-5.56882472321,-0.380183812321,12.0557384845,13.3562825231,11.1437348737
835,100.0,40.0,20.0,20.0,42.2227247228,-7.03700590888,-10.0781748358,11.1958879153,12.6445567449,13.901443133
172,10.0,0.0,20.0,0.0,77.7711647767,-7.41281881147,16.5877825532,48.1867144959,52.8243259645,31.4993279095
232,85.0,70.0,20.0,0.0,43.1733724655,1.44363679395,-13.3120650018,13.0187353918,13.2740973221,15.8235436409
208,55.0,0.0,20.0,0.0,62.3603539709,-25.2326878412,-4.8120036434,23.5485812851,30.8258598611,28.2502141515
196,30.0,70.0,20.0,0.0,49.847601803,19.1376675032,-2.56373677627,21.4521732233,18.2913567216,16.1379846619
317,100.0,10.0,30.0,0.0,52.6229743897,-26.3439589968,-8.19433287835,15.0906955498,20.7030650546,20.8829376377
404,100.0,85.0,40.0,0.0,40.3300372309,0.733739843464,-8.63508408109,11.1426298363,11.4510720474,12.1992203109
182,20.0,10.0,20.0,0.0,68.5167405835,-6.31696421457,6.66038484613,35.3894704608,38.6771310773,27.7337252703
620,55.0,85.0,85.0,0.0,42.5816511979,11.2078650525,6.35831585495,14.1483116617,12.879851574,8.74390828443
218,70.0,10.0,20.0,0.0,56.4655511024,-20.6673919867,-9.25959581299,19.1442593829,24.3792774802,24.9274884182
584,10.0,85.0,85.0,0.0,50.6563422022,35.8274139628,20.6012892396,26.0297069771,18.9736316889,8.65521575368
173,10.0,10.0,20.0,0.0,73.0528745871,0.0123062925442,12.1714464421,43.633680832,45.2449237758,29.1388424423
215,55.0,85.0,20.0,0.0,43.7671315088,13.7400288019,-8.92524246237,15.4142775282,13.6777061803,14.4793002043
209,55.0,10.0,20.0,0.0,59.6163142981,-17.831715098,-6.61785745894,22.5620289511,27.6995394074,26.515105125
179,10.0,85.0,20.0,0.0,51.9291027178,37.8343589909,5.05521983572,27.8827566485,20.0813851747,14.5149814486
803,0.0,10.0,20.0,20.0,65.4452895697,5.0842512481,14.8831991392,34.8472154964,34.6117810292,20.4062135175
1274,40.0,100.0,40.0,100.0,34.8399432236,8.58190264035,2.68376673901,9.10964347221,8.41862574145,6.32755501928
821,40.0,10.0,20.0,20.0,53.6489226677,-10.1546314813,-0.177192936222,18.8255145158,21.6455807149,17.9390454785
776,10.0,70.0,10.0,20.0,48.5608820535,24.3183241928,1.32855320407,21.3746157195,17.2398863311,13.7214310832
1120,100.0,100.0,20.0,60.0,34.3800179899,3.54631267548,-5.245342282,8.29309099862,8.19220831206,8.05940889396
1161,70.0,0.0,70.0,60.0,42.4964676192,-15.1115370424,10.5353221451,10.2730975972,12.8237474578,7.59941706302
1110,40.0,100.0,20.0,60.0,36.6367513748,11.5079425307,-0.0979988885014,10.4512201003,9.34314879952,7.73407579437
1151,20.0,0.0,70.0,60.0,48.2816525212,-6.86803939023,20.7726944558,15.2193131104,17.0171619075,7.53324632637
1100,0.0,100.0,20.0,60.0,39.7438133919,22.60310896,7.44881570952,14.0140530929,11.0972675747,7.18819659165
721,100.0,0.0,100.0,0.0,52.1162997376,-35.439856692,17.9155072656,13.2736911962,20.2478621741,10.1679584427
63,70.0,100.0,0.0,0.0,42.3621811457,13.7579702636,-17.2994446267,14.4080674418,12.7356341559,16.9131487129
685,40.0,0.0,100.0,0.0,62.470866658,-23.2309924937,36.3798430363,24.1131875234,30.956466289,9.98164814794
27,20.0,100.0,0.0,0.0,48.72683132,33.2502452818,-5.5093454198,23.4848370967,17.3731701354,16.5642305176
649,0.0,0.0,100.0,0.0,79.99908005,0.166289615181,67.0143622676,54.7218726133,56.6796612628,9.85700136627
397,100.0,0.0,40.0,0.0,54.305980033,-33.6983656409,0.555777710282,15.0738877065,22.2639814648,18.1185908701
387,70.0,100.0,40.0,0.0,40.5279424377,10.0851450913,-4.77838565868,12.6028094355,11.5721902743,11.022651428
361,40.0,0.0,40.0,0.0,64.4482733937,-23.3242134993,15.2436488627,26.1013884072,33.3561728012,19.408889976
351,20.0,100.0,40.0,0.0,47.0089282005,31.8450311404,7.18599708607,21.5525297218,16.0262646038,10.7690224287
325,0.0,0.0,40.0,0.0,81.9359876277,-1.08188302875,39.7573832718,57.5863790017,60.1801068077,22.1909156132
73,100.0,0.0,0.0,0.0,57.0324662364,-24.6666555676,-28.4321787119,18.8395790075,24.9559399598,37.9263295563
711,70.0,100.0,100.0,0.0,39.7417410465,7.80800430828,3.32379227072,11.7772700872,11.0960299566,8.23795564998
37,40.0,0.0,0.0,0.0,67.3092636201,-17.4960946319,-17.2963562911,30.7494147174,37.0429801966,42.9887173705
675,20.0,100.0,100.0,0.0,45.9533026892,31.4225422778,15.7873050266,20.5102113341,15.234191907,7.77955099958
1367,0.0,0.0,0.0,0.0,84.6783367475,0.764741472657,5.29481741138,63.3779706732,65.3783760595,49.1566762156
1170,100.0,100.0,70.0,60.0,34.3049270123,1.11262514911,-0.451001096185,7.98612671367,8.15563163832,6.83477029033
1111,70.0,0.0,20.0,60.0,40.8956275371,-11.5563282924,-1.31432827818,9.84428206926,11.7994756393,10.1324008116
1160,40.0,100.0,70.0,60.0,37.0484441896,11.1275137028,5.05268119934,10.6356508723,9.56409731635,6.65446820265
1101,20.0,0.0,20.0,60.0,46.878070107,-4.85967637644,6.82290878978,14.5465608709,15.9266209149,10.8128597729
1150,0.0,100.0,70.0,60.0,40.6299662297,24.9800532131,12.9474127626,15.0286154307,11.634961224,6.26502053284
1268,100.0,100.0,0.0,100.0,33.3436178233,4.07499223698,-5.73671203576,7.85698033494,7.69695588397,7.72409358714
929,40.0,10.0,100.0,20.0,52.7223420287,-13.93392241,23.840755663,17.3522061403,20.7931308836,8.74432677577
1262,0.0,100.0,0.0,100.0,36.0024196248,15.0131696976,5.37859066917,10.5529571965,9.00941695728,6.17453493179
916,10.0,0.0,100.0,20.0,63.8083064006,-6.24428443001,42.9787922473,29.7244222456,32.5664422865,8.73759193019
54,55.0,100.0,0.0,0.0,43.3219902121,18.2550846556,-13.8226977212,15.860975798,13.3743649878,16.141282073
614,55.0,10.0,85.0,0.0,56.4183842585,-22.2865883053,22.6965934991,18.7876452192,24.3317040359,10.9975508256
18,10.0,100.0,0.0,0.0,50.8814951494,40.6731975543,-0.125599403074,27.4607047877,19.166550253,15.8661405294
578,10.0,10.0,85.0,0.0,70.922150252,-1.47859967205,48.320339533,40.093657896,42.07435006,10.7994156918
3,0.0,20.0,0.0,0.0,74.1469514178,16.2968938069,1.45331147505,51.194007736,46.9330918396,37.6485475361
673,20.0,70.0,100.0,0.0,50.2340349253,22.4636327672,22.7171171825,22.5300768848,18.6152841796,7.89569374319
39,40.0,20.0,0.0,0.0,60.0840774211,-3.53054844566,-17.6975235974,26.3399702313,28.2167745885,34.0331042463
709,70.0,70.0,100.0,0.0,42.873634266,0.550822478264,8.26612953687,12.6888936124,13.0734005988,8.36041284299
75,100.0,20.0,0.0,0.0,51.0935977775,-13.9378203934,-28.0738687269,16.0887933252,19.3494789504,30.6383314941
1149,0.0,70.0,70.0,60.0,42.1123098353,19.5045898699,15.706232918,15.182276359,12.5727548167,6.22006512504
1102,20.0,20.0,20.0,60.0,43.5072570106,1.60168865844,5.41633910757,13.2634522463,13.5000640206,9.4663294151
1159,40.0,70.0,70.0,60.0,37.6738567015,6.55685974118,7.16731335415,10.3881114833,9.9063675981,6.41790298713
1112,70.0,20.0,20.0,60.0,38.8328620191,-5.9616552143,-2.02506568971,9.43351364094,10.5620635485,9.28691094813
1169,100.0,70.0,70.0,60.0,35.7546079986,-2.66645675466,1.68538899162,8.26068872797,8.88122970374,6.92051271559
327,0.0,20.0,40.0,0.0,72.2997173204,14.1542382219,31.923179709,47.4556548163,44.1066397093,17.9641932775
349,20.0,70.0,40.0,0.0,51.2225176256,23.284551159,9.58853819894,23.6638998682,19.4612330491,12.3928225006
363,40.0,20.0,40.0,0.0,57.5136907822,-9.52582687952,9.54570552487,22.3961017268,25.4525156972,16.6044503763
385,70.0,70.0,40.0,0.0,43.6807986978,2.57498959187,-4.16208398983,13.5305981796,13.618519973,12.6561290735
399,100.0,20.0,40.0,0.0,48.8557604142,-21.5371958992,-2.75980112741,13.2503537895,17.477193691,15.5148063756
1099,0.0,70.0,20.0,60.0,41.1825147266,18.4032434325,7.81849336799,14.3365859369,11.978868125,7.71392555244
1152,20.0,20.0,70.0,60.0,44.5518238581,0.0441060624987,17.053355102,13.7226533662,14.2235406732,6.87310812507
1109,40.0,70.0,20.0,60.0,37.3349129799,7.47524336716,0.047783855971,10.3171995667,9.71987779799,8.00742013845
1162,70.0,20.0,70.0,60.0,40.2631226909,-9.3076859979,7.39144012062,9.78403737234,11.4103122648,7.42242460131
1119,100.0,70.0,20.0,60.0,35.05816599,0.0583888360194,-5.84650957771,8.22957686339,8.52749876089,8.53312589102
651,0.0,20.0,100.0,0.0,71.3536628874,13.8000997104,54.747211383,45.8751684299,42.704082311,9.08585882832
25,20.0,70.0,0.0,0.0,52.4294129166,26.0342769676,-8.7690549598,25.5134510391,20.5283703612,21.0025082532
687,40.0,20.0,100.0,0.0,55.6658933083,-11.4286855068,27.3065704362,20.3074842137,23.5810743911,9.19799513961
61,70.0,70.0,0.0,0.0,45.1683874052,7.7096699511,-20.5073224429,15.4159028602,14.6624696469,20.6167889218
723,100.0,20.0,100.0,0.0,47.6437006788,-24.2101899282,13.3236391244,12.0704978479,16.5155220435,9.24151339424
170,0.0,85.0,20.0,0.0,54.3319357969,44.8730363273,10.9305040139,32.5193988969,22.2886490116,13.8521456824
598,30.0,30.0,85.0,0.0,56.0612551888,-0.682053465116,27.4313787537,22.9655909191,23.973503129,9.35855539222
206,40.0,85.0,20.0,0.0,45.2008985198,19.0247383087,-5.38159586788,17.451728962,14.685861467,14.0675413654
634,85.0,30.0,85.0,0.0,46.9705186761,-18.0168846046,10.9528390592,12.5533593616,15.9969741814,9.59391064412
739,10.0,40.0,0.0,20.0,54.2351564728,16.0467767562,-2.59119785217,24.991474462,22.1967655662,19.5156835117
923,20.0,10.0,100.0,20.0,56.8141065981,-6.02935657214,33.2542312707,22.5014223443,24.7327614141,8.10672223451
1264,40.0,40.0,0.0,100.0,34.3196829995,3.14387882758,-0.884127118099,8.21863274584,8.1628106389,6.9431868601
941,100.0,10.0,100.0,20.0,44.7276382209,-23.3516029193,11.8629640229,10.4531886939,14.3477964174,8.25320172477
725,100.0,40.0,100.0,0.0,43.6011037582,-15.1197675151,9.03260640219,10.9035930587,13.5640361943,8.49231164731
59,70.0,40.0,0.0,0.0,50.2547241127,-0.927778295984,-22.1882095297,17.7929180192,18.632733913,26.1853185595
689,40.0,40.0,100.0,0.0,51.554121833,-0.228379385997,22.0792084802,19.0006969931,19.7506589882,8.67449344327
23,20.0,40.0,0.0,0.0,59.1513444969,14.5511858824,-9.88976009859,29.91554467,27.1916960203,27.9754934715
653,0.0,40.0,100.0,0.0,64.0796657576,25.214757922,44.9002493134,39.1979133365,32.8997643818,8.34106100744
401,100.0,40.0,40.0,0.0,44.9950796604,-12.679501364,-4.37927064258,12.0870418333,14.5381933633,13.5573655475
383,70.0,40.0,40.0,0.0,47.7072813236,-7.87573365842,-0.874237607715,14.6382616776,16.5650689856,13.9968753198
365,40.0,40.0,40.0,0.0,52.3142501066,0.910753313692,6.41182289161,19.8789638665,20.4249004514,14.2475330489
347,20.0,40.0,40.0,0.0,57.5365389881,11.4939763076,13.9540741267,27.3372534127,25.4762551562,14.8159036538
329,0.0,40.0,40.0,0.0,64.7659288217,25.6530744099,26.6466312293,40.2861373152,33.7528623288,14.7262341813
1118,100.0,40.0,20.0,60.0,36.4946490523,-4.24116084265,-5.04364494123,8.44361845367,9.26768239915,8.99774620874
1163,70.0,40.0,70.0,60.0,38.1916998942,-4.43307184274,5.54099611361,9.28261335761,10.19587154,7.00295653995
1108,40.0,40.0,20.0,60.0,39.0582154249,2.22732073194,0.359174754692,10.6040943614,10.6928241452,8.72293068432
1153,20.0,40.0,70.0,60.0,42.5723699462,5.60543246109,14.0732701411,13.259453267,12.8737307732,6.77145284869
1098,0.0,40.0,20.0,60.0,43.830255624,12.6238288312,8.73374896766,15.2708764223,13.7210898238,8.68233890713
77,100.0,40.0,0.0,0.0,46.8120810293,-5.9071291495,-26.3520387944,14.3292802193,15.8765296624,25.1782655359
707,70.0,40.0,100.0,0.0,46.1400619929,-10.8349824681,13.0523025401,13.0963671208,15.3723788439,8.5899448164
41,40.0,40.0,0.0,0.0,54.0401636834,5.89144344931,-17.1562300732,22.4935614442,22.012404732,27.0554517712
671,20.0,40.0,100.0,0.0,55.7619664773,9.87007111487,30.6164891697,25.0866987481,23.6760378475,8.3257342514
5,0.0,40.0,0.0,0.0,67.0295331776,27.6502733111,0.702387777568,44.2074706754,36.6710901551,29.8142913222
1168,100.0,40.0,70.0,60.0,36.9339487255,-8.36059601723,3.03531085053,8.19220688926,9.50230376026,7.08385401543
1113,70.0,40.0,20.0,60.0,37.3295222009,-2.13786587131,-3.48551525035,9.11098470739,9.71693081182,8.96425713715
1158,40.0,40.0,70.0,60.0,39.9963975194,0.115422449044,9.52223994646,10.8627408292,11.2488026135,6.79712509804
1103,20.0,40.0,20.0,60.0,41.0254516388,6.73556940019,3.90299287055,12.4240896776,11.8804320026,8.68092856543
1148,0.0,40.0,70.0,60.0,44.9564277316,12.1324015992,19.2062974469,16.0217110159,14.5105727812,6.53524501952
1266,100.0,0.0,0.0,100.0,33.245723978,-4.8784172152,-3.87021513321,6.8809559871,7.65123624831,7.21630819014
1281,40.0,0.0,100.0,100.0,40.6028049325,-9.57458517365,14.1134570038,9.93550228357,11.6182279053,5.99968801292
1260,0.0,0.0,0.0,100.0,36.11959151,1.5797124246,4.27165554467,8.93241279534,9.07045435263,6.4667142973
919,10.0,40.0,100.0,20.0,52.4722416425,13.2424959171,28.7140252563,22.6237724076,20.5669394926,7.35494911097
231,85.0,55.0,20.0,0.0,44.3202230698,-3.64764278708,-14.1105487683,12.9962195354,14.0609559956,16.9937540044
618,55.0,55.0,85.0,0.0,45.7738883449,-1.1006479832,10.7032095689,14.3831586082,15.1022219519,9.06907668182
195,30.0,55.0,20.0,0.0,52.2916905524,12.9366673721,-2.23084178017,22.3860193326,20.4046722633,17.81118332
582,10.0,55.0,85.0,0.0,56.8419301202,22.4371362429,30.2731369746,29.3704544024,24.7611246896,8.9314482221
7,0.0,70.0,0.0,0.0,59.5290297346,39.4988913374,0.699265600194,37.5297181361,27.6037286364,22.4110246819
669,20.0,20.0,100.0,0.0,62.3236673336,-0.93363726703,39.1865553609,29.4379242209,30.7825841086,9.08349848903
43,40.0,70.0,0.0,0.0,49.3365236888,16.0413610441,-15.2385817888,20.3460681591,17.8687471339,21.5727728312
705,70.0,20.0,100.0,0.0,50.8208010428,-19.4626468972,18.7558536077,14.942205939,19.1144173894,9.25461727543
79,100.0,70.0,0.0,0.0,42.7776002116,1.60126333683,-23.890583605,12.7844051988,13.0095293168,20.2561738186
1147,0.0,20.0,70.0,60.0,47.5284571243,6.36931824022,23.313034065,16.9706848051,16.4259673938,6.61035482627
1104,20.0,70.0,20.0,60.0,38.8398044163,11.2321775019,3.3768253843,11.7113818099,10.5660758501,7.8169992998
1157,40.0,20.0,70.0,60.0,42.038900276,-4.89695861797,12.2668722072,11.3824905336,12.5251679129,6.9808048469
1114,70.0,70.0,20.0,60.0,36.1157276411,2.55923412718,-3.05884600115,9.04695018331,9.06843719664,8.27286938231
1167,100.0,20.0,70.0,60.0,38.4446819167,-12.7137526798,5.36096844313,8.4359451859,10.3393307142,7.15128140855
331,0.0,70.0,40.0,0.0,58.1616383477,37.8728482656,21.1331976416,35.2578799291,26.1314782781,12.5400496233
345,20.0,20.0,40.0,0.0,63.3373089602,-0.399766938197,18.9208144884,30.742888982,31.9932551091,16.8889592834
367,40.0,70.0,40.0,0.0,47.3455085391,11.0925043636,1.84791257568,17.6956891767,16.2844656859,12.7658417094
381,70.0,20.0,40.0,0.0,51.5690848432,-17.7462542589,0.797473002002,15.7823347615,19.7637860085,15.9745924706
403,100.0,70.0,40.0,0.0,41.5792265397,-4.41312201887,-7.34180615873,11.1752713621,12.2299170793,12.4994316668
1097,0.0,20.0,20.0,60.0,46.8987273819,6.9460618488,10.0171428976,16.5852374691,15.942323147,9.8352959155
1154,20.0,70.0,70.0,60.0,40.0452538082,11.1543627511,10.5739129041,12.4527154655,11.2782717086,6.57294490566
1107,40.0,20.0,20.0,60.0,40.8590649811,-2.70246323863,1.13039396179,10.9847204586,11.7767423383,9.38477044687
1164,70.0,70.0,70.0,60.0,36.5831711588,-0.365398564523,3.23058775805,8.93870124149,9.31464598485,6.89288821302
1117,100.0,20.0,20.0,60.0,37.3120361442,-8.25941692788,-4.62182096068,8.38726657638,9.70737577977,9.2795965043
655,0.0,70.0,100.0,0.0,56.490576021,36.9414238533,34.6134236071,32.9057583259,24.4045432845,7.61196180708
21,20.0,20.0,0.0,0.0,65.628302879,3.56188959332,-10.4628550629,34.6323440694,34.845631059,35.6521454541
691,40.0,70.0,100.0,0.0,46.2329401972,9.2270863623,14.8603944069,16.4801110417,15.4414113154,8.1464335606
57,70.0,20.0,0.0,0.0,54.0208203905,-10.7967077668,-25.0244355723,19.0132369367,21.9941719872,31.9333591464
727,100.0,70.0,100.0,0.0,40.5238666454,-7.70697234356,3.9556529691,10.1309886682,11.5696873116,8.43031796291
166,0.0,30.0,20.0,0.0,69.6074484406,20.2388201457,15.1277794288,45.4925929473,40.1939502994,23.9764079033
602,30.0,85.0,85.0,0.0,45.8452697356,21.7089407718,13.6942498378,18.4824278416,15.1546355425,8.27874108856
202,40.0,30.0,20.0,0.0,55.149073066,-2.63470739221,-5.45600828469,21.6821512628,23.0745782385,21.6939784721
638,85.0,85.0,85.0,0.0,39.7504420021,-0.12351952703,1.61789285708,10.6883661653,11.1012268414,8.70489453744
767,0.0,10.0,10.0,20.0,66.6912711027,5.53211554057,8.91432697677,36.5832238739,36.2247198739,24.6259216429
1279,0.0,40.0,100.0,100.0,41.0855109978,9.60360612846,16.5085398472,12.8913367544,11.9180090599,5.66898662385
785,40.0,10.0,10.0,20.0,53.5069542961,-9.55772543632,-7.1089658047,18.8225888557,21.5134870004,21.1009581734
1285,100.0,40.0,100.0,100.0,35.2316353927,-7.17040862453,4.36695515807,7.52390120244,8.61471056404,6.10505890763
1116,100.0,0.0,20.0,60.0,38.287928048,-12.4536121873,-3.26766070488,8.38865634457,10.2502824434,9.37462253011
1165,70.0,100.0,70.0,60.0,35.2346067152,4.44075198597,2.52145228688,8.81994050055,8.61620955392,6.51770384004
1106,40.0,0.0,20.0,60.0,43.4069053079,-8.28211217882,2.52316854143,11.7357318507,13.4318805182,10.2836783947
1155,20.0,100.0,70.0,60.0,38.3100993355,15.7833674636,8.34425336196,12.0361480122,10.2628462746,6.39988486007
1096,0.0,0.0,20.0,60.0,50.8083564665,0.113137895851,12.2084344808,18.4433750704,19.1037398822,11.2630828248
729,100.0,100.0,100.0,0.0,37.6920883197,-1.70557504667,0.98899002405,9.35254382378,9.9164658365,7.92267452139
55,70.0,0.0,0.0,0.0,59.8674889954,-23.2905345215,-26.1945425212,21.6142266946,27.9764859719,39.9137571665
693,40.0,100.0,100.0,0.0,42.6765315588,17.6986558187,10.8523608795,15.2881365139,12.942534612,7.59775537079
19,20.0,0.0,0.0,0.0,74.6183069911,-10.4865874945,-8.01168429165,42.3668910082,47.6731517167,45.7021156051
657,0.0,100.0,100.0,0.0,51.4711945915,47.2396097615,27.7820669129,29.8054663649,19.6780124412,7.16059475934
1166,100.0,0.0,70.0,60.0,39.5512814436,-17.7154681799,6.78238894503,8.40953294262,10.9826786663,7.2698564721
1115,70.0,100.0,20.0,60.0,34.7570314095,5.21970144361,-3.21375113052,8.67050344837,8.37750458114,7.70215950353
1156,40.0,0.0,70.0,60.0,44.3983298748,-11.4191557475,15.2643271106,11.8979349737,14.1156480543,7.23927681047
1105,20.0,100.0,20.0,60.0,37.352548526,15.0500873494,2.85254201279,11.347338566,9.72952281449,7.30395581912
1146,0.0,0.0,70.0,60.0,51.3329276135,-0.702701582843,28.1269185869,18.7223505907,19.5572832574,7.02002902498
405,100.0,100.0,40.0,0.0,38.7839894848,0.805696426513,-8.76799638305,10.2620719709,10.5338468088,11.3435856677
379,70.0,0.0,40.0,0.0,56.8964589351,-30.7886755585,4.97065718165,17.5627533906,24.8167741944,18.1417841108
369,40.0,100.0,40.0,0.0,43.8215970984,18.9646533606,0.552127628375,16.3634732475,13.7151336124,11.1356554864
343,20.0,0.0,40.0,0.0,71.6172891417,-14.6246071146,25.7140881672,36.9104826743,43.0918826579,20.313939387
333,0.0,100.0,40.0,0.0,52.6035180529,47.2114657883,17.3996169698,31.1074589614,20.6854605301,10.5892228038
81,100.0,100.0,0.0,0.0,40.0492914665,5.76879560102,-21.8649077656,11.6759337233,11.2807094398,17.1629467194
703,70.0,0.0,100.0,0.0,54.6487862295,-32.3130070103,23.5897434576,15.5596942016,22.5912440428,9.77235036898
45,40.0,100.0,0.0,0.0,44.5800966083,21.8297502929,-12.6620910093,17.4756462357,14.2434736685,16.5655896912
667,20.0,0.0,100.0,0.0,69.3632628987,-13.8089212068,49.6843618123,34.2618723179,39.8509843736,9.55758969193
9,0.0,100.0,0.0,0.0,53.6491959045,48.3904857965,4.53716218872,32.680736641,21.6458354665,15.9111829153
755,70.0,10.0,0.0,20.0,48.9760942004,-12.7801710681,-18.0680629688,14.7314142576,17.5746561857,22.7095729231
1283,40.0,100.0,100.0,100.0,34.6810678929,7.71746944129,5.46946563517,8.92497908392,8.33994725681,5.66834945373
743,20.0,10.0,0.0,20.0,59.4268738929,-2.46167213078,-6.51346668659,25.9126618509,27.4918748287,26.2656194828
921,10.0,100.0,100.0,20.0,43.9146506334,30.0774916313,16.8316607,18.4914531014,13.7792356077,6.66817946004
227,85.0,10.0,20.0,0.0,52.7098017285,-23.653382473,-13.7711533134,15.6115280963,20.7817501077,23.8490658517
702,55.0,100.0,100.0,0.0,40.261210912,10.7865865835,5.68856144564,12.5361340783,11.4091491627,7.85279692336
191,30.0,10.0,20.0,0.0,64.7541726687,-11.0059787845,1.82476740784,29.5440207476,33.7381254443,26.7572495629
666,10.0,100.0,100.0,0.0,48.1662393065,38.7203387777,21.3692007087,24.1806408562,16.9256670022,7.33537733288
72,85.0,100.0,0.0,0.0,40.567120383,8.2005343621,-20.3517383294,12.3488810842,11.5962680443,16.8948090951
340,10.0,70.0,40.0,0.0,54.1602534477,30.2334705402,15.5793473395,28.3959466264,22.1258253491,12.0718905181
483,100.0,55.0,55.0,0.0,42.4203403077,-11.0680325821,-2.25250559843,10.7637952345,12.7737461056,11.2627032777
1047,0.0,20.0,100.0,40.0,52.7489891957,6.96408277587,32.2068924975,21.522859256,20.8173279447,6.63500989251
966,100.0,0.0,0.0,40.0,41.071098876,-13.2570248902,-15.3876571088,9.72541645869,11.9089846804,15.1945099911
1041,100.0,0.0,70.0,40.0,41.7822696498,-21.7317167413,7.67256686459,9.06294325717,12.3597538667,8.01868349569
972,0.0,20.0,20.0,40.0,52.1938580911,8.14765873562,12.0376136735,21.2664515531,20.3171046143,12.1239921943
1043,100.0,40.0,70.0,40.0,37.8057492839,-10.0496105583,2.80035334164,8.42570155434,9.97957584664,7.51079358205
332,0.0,85.0,40.0,0.0,54.4652303329,44.3044465832,19.258356514,32.5210684018,22.4156150591,11.0204084211
153,85.0,100.0,10.0,0.0,40.5505484019,6.70010897741,-17.0515261248,12.1192621115,11.586079254,15.5035950165
1020,100.0,100.0,40.0,40.0,34.9611276749,0.344236012009,-4.45915956954,8.21473449156,8.47897043621,8.11617095272
341,10.0,85.0,40.0,0.0,51.7954168119,35.4170400556,13.234961675,27.1322397868,19.9630565858,11.4861186827
645,100.0,55.0,85.0,0.0,41.7956387857,-12.6765188766,3.52603753867,10.1971183941,12.368334914,9.15972019077
337,10.0,30.0,40.0,0.0,64.500105835,10.9716383212,22.5171682663,35.3822112651,33.4206880224,16.2140157559
1016,100.0,0.0,40.0,40.0,42.2491603076,-19.6232752631,0.833795891944,9.56479474909,12.6617880603,10.1892443241
975,0.0,100.0,20.0,40.0,41.7869189756,26.2607555869,7.91472719089,16.1034536577,12.3627376097,7.95758364859
1026,20.0,0.0,70.0,40.0,52.1643784406,-8.7729364971,25.8610010646,17.8654205706,20.2907672455,7.9435099389
985,40.0,100.0,20.0,40.0,37.4175031246,11.3551586036,-2.14303560497,10.8794581419,9.76510201282,8.63286557869
1036,70.0,0.0,70.0,40.0,43.7367278466,-19.8266482155,11.6249552103,10.3553399465,13.6568431655,7.86722165877
995,100.0,100.0,20.0,40.0,34.7357237449,1.64998444959,-7.76549919998,8.25222517449,8.36695844826,8.91023768391
839,0.0,10.0,40.0,20.0,64.7918493067,4.17148877162,29.0078277345,33.7639368266,33.7853700232,13.8359597391
413,0.0,85.0,55.0,0.0,53.962219747,44.0423268256,23.2738392016,31.844545191,21.938997215,9.51559520735
857,40.0,10.0,40.0,20.0,51.7460135585,-13.5796417173,9.55729783721,16.6511327949,19.9194464947,12.7222651763
449,40.0,85.0,55.0,0.0,43.8685283681,14.7119575781,4.72529656233,15.6556360446,13.7474383537,9.85550372238
869,100.0,10.0,40.0,20.0,44.6064776814,-21.651627435,-0.972969270564,10.6088726678,14.2620897717,12.0995026734
504,10.0,100.0,70.0,0.0,48.689571693,38.8765911535,18.6295082998,24.739833007,17.3431851073,8.27038203393
1403,20.0,12.0,12.0,100.0,33.6507121707,0.45286189868,3.04641588297,7.60968653304,7.84156016575,5.8036420742
540,55.0,100.0,70.0,0.0,40.5675067225,10.4692144345,2.29269809173,12.6856288762,11.5965056449,8.90928372483
137,70.0,10.0,10.0,0.0,55.1463765397,-20.2071461832,-19.2760658204,18.1336112294,23.0719547813,29.4953745468
585,10.0,100.0,85.0,0.0,48.7914465394,38.4169502388,20.2051365595,24.7350384871,17.4252517305,7.90210647576
190,30.0,0.0,20.0,0.0,68.7460808279,-18.381517757,3.82987993272,32.2051666211,38.9928430008,29.7089772644
621,55.0,100.0,85.0,0.0,40.7659204656,10.6000694818,5.28248191649,12.8337762923,11.718960366,8.18669077644
226,85.0,0.0,20.0,0.0,55.2234507766,-29.5106012936,-12.3207234177,16.4826971388,23.147018917,25.4434369961
388,85.0,0.0,40.0,0.0,53.7380105908,-33.0282299464,2.38500399304,14.7773349539,21.7287475768,16.8826394024
354,30.0,20.0,40.0,0.0,59.5828970784,-5.29987635123,14.7728787491,25.3943703293,27.6628317501,15.9090359727
392,85.0,40.0,40.0,0.0,45.456740739,-11.9427497161,-3.8986446053,12.4864874792,14.8708093406,13.6747854302
954,20.0,70.0,0.0,40.0,41.5665846358,14.6323894631,-2.75390920929,13.9958374407,12.2218633677,10.947233146
1065,70.0,100.0,100.0,40.0,35.6201055957,3.17735432422,3.86604782085,8.8667972867,8.81216657921,6.36400034245
990,70.0,100.0,20.0,40.0,35.7808846027,5.73214642866,-4.88104988908,9.25514809952,8.89476398041,8.60987302643
1029,20.0,70.0,70.0,40.0,41.0228787842,12.1750826675,12.2908927791,13.2426300834,11.8788240235,6.56574805306
988,70.0,40.0,20.0,40.0,38.4870600676,-3.5831536933,-5.1498403608,9.5430128442,10.3634930112,10.0357209194
346,20.0,30.0,40.0,0.0,59.8551162846,4.36186980302,17.374716531,28.0580338195,27.9628007216,15.0443244734
380,70.0,10.0,40.0,0.0,53.7677444135,-25.1747633701,3.25428710156,16.1396192967,21.7565525383,16.5335263898
1011,70.0,0.0,40.0,40.0,43.7124846819,-17.8247681941,4.92552994972,10.605344937,13.6402226995,9.71530758139
355,30.0,30.0,40.0,0.0,56.8679705538,-0.382738243962,12.0896918955,23.8153869173,24.787689923,15.0980230571
393,85.0,55.0,40.0,0.0,42.5336513281,-8.24693351405,-5.77180456327,11.2138358421,12.8482175333,12.5260253312
359,30.0,85.0,40.0,0.0,46.0886998748,21.3339698496,4.5261572752,18.6124230268,15.3342920374,11.1144269031
1015,70.0,100.0,40.0,40.0,35.5644653351,3.86537834899,-2.28012876017,8.91973055517,8.78370191804,7.81952480621
1044,100.0,70.0,70.0,40.0,35.7850545833,-5.67490294429,0.611259886065,7.94139598198,8.89691307349,7.1911423474
987,70.0,20.0,20.0,40.0,40.7282878257,-8.85787496313,-4.60976053634,10.0962752657,11.6956687621,11.0799327471
1034,40.0,70.0,70.0,40.0,39.2217295935,5.55960327108,8.2491140899,11.1493123862,10.7883753321,6.78248856624
977,20.0,20.0,20.0,40.0,47.3049672224,0.934376036067,4.78999177665,15.8344673894,16.2532193706,11.7213485458
1024,0.0,70.0,70.0,40.0,44.9341945029,21.9196882274,18.9040812834,17.7768239475,14.4947008261,6.5956649947
461,70.0,10.0,55.0,0.0,52.474968036,-26.9373003714,9.3314940723,14.8847565973,20.5693963628,13.2572289094
447,40.0,55.0,55.0,0.0,48.6910357175,3.31609814587,9.93983503437,17.3289252658,17.3443626428,10.8156944434
425,20.0,10.0,55.0,0.0,66.2448213924,-8.72222885414,30.8393743428,31.8936892598,35.6411507513,14.0910170985
411,0.0,55.0,55.0,0.0,60.6972765651,30.6791190343,30.7037082874,36.3746556958,28.9045266118,10.7954403746
844,10.0,0.0,40.0,20.0,64.2285950893,-6.5706809219,25.9601404122,30.1182636418,33.0836634236,14.6322955262
637,85.0,70.0,85.0,0.0,40.7204257588,-6.92268268291,2.96414831172,10.3426216469,11.69080667,8.79532727544
129,55.0,20.0,10.0,0.0,54.9708740757,-11.0335404786,-16.0339567825,19.7795238825,22.9016352989,27.3403497916
601,30.0,70.0,85.0,0.0,47.9141516678,14.6236154794,17.4408623444,18.8370838507,16.7269638778,8.23084395853
1398,10.0,6.0,6.0,80.0,38.7735079116,0.74653207979,3.65168822817,10.248520524,10.5278017856,7.71732830754
629,70.0,85.0,85.0,0.0,40.1155102818,1.33779450971,3.47439311076,11.0986777663,11.3207391033,8.3701947322
130,55.0,30.0,10.0,0.0,52.2256267437,-6.20968200089,-16.3192434635,18.4023235728,20.3455124999,24.7881217424
593,20.0,85.0,85.0,0.0,47.273760699,26.2117863061,17.4231646708,20.6095073182,16.2291948823,7.94500148183
94,10.0,30.0,10.0,0.0,65.136876894,13.0402522342,1.71919839845,36.828813595,34.2200699562,27.206887381
36,30.0,100.0,0.0,0.0,46.6254234187,26.9651523409,-9.33514707102,20.1902171539,15.735409805,16.6503855382
376,55.0,70.0,40.0,0.0,44.7510846512,6.32227634455,0.425072889835,14.8792591668,14.3644215251,11.7084386188
374,55.0,40.0,40.0,0.0,49.5338088156,-5.4015386318,3.25566711947,16.4088093241,18.0311016531,13.6282031248
1057,40.0,20.0,100.0,40.0,45.1206565338,-7.02594377511,18.3994897373,13.0071492054,14.6281722009,6.78721335078
956,40.0,0.0,0.0,40.0,47.9665381337,-9.57030087041,-8.37095102646,14.5434537974,16.7681277632,17.2310219623
1031,40.0,0.0,70.0,40.0,47.4271538229,-14.0615888418,18.4279841001,13.4544235746,16.3475134487,7.75405385604
982,40.0,20.0,20.0,40.0,43.9112369325,-4.28385778376,0.543815710844,12.6347476489,13.7768804821,11.1887745947
1033,40.0,40.0,70.0,40.0,41.7045107084,-0.909744950407,11.4823633264,11.7406288548,12.3099225632,7.03052941441
368,40.0,85.0,40.0,0.0,44.186526199,15.6693641421,2.36846139211,16.0599348517,13.9676667762,10.7535292833
603,30.0,100.0,85.0,0.0,44.1759293876,23.9755846404,13.3868239165,17.5505594831,13.9602903741,7.61055953248
1010,40.0,100.0,40.0,40.0,37.7055809538,11.5689512988,2.58811628347,11.0772709163,9.92394363492,7.52069891746
377,55.0,85.0,40.0,0.0,42.6851006574,9.53084755943,-1.53805460837,13.9510873037,12.9482058088,11.1782727508
375,55.0,55.0,40.0,0.0,46.980758264,-0.740460871492,0.692946350166,15.307395179,16.0047792178,12.9544137217
373,55.0,30.0,40.0,0.0,51.1837585487,-11.0575300658,4.11707736609,16.6688288064,19.4275896529,14.3805895219
1006,40.0,0.0,40.0,40.0,47.336316931,-12.9770225095,10.9974554482,13.5625774907,16.2773779518,9.7677490988
973,0.0,40.0,20.0,40.0,48.7040029615,14.4635738971,10.3256736246,19.4761679961,17.3547947065,10.7000234297
1028,20.0,40.0,70.0,40.0,44.4573995115,5.35360084021,16.8453529728,14.5104142531,14.1571039323,6.88378410113
983,40.0,40.0,20.0,40.0,41.4014548276,1.40618118186,-0.439616468435,11.8847147971,12.1169894911,10.1316071031
1038,70.0,40.0,70.0,40.0,39.1315988338,-7.28082485707,6.25248455813,9.4296433894,10.7356364042,7.22249430366
993,100.0,40.0,20.0,40.0,37.8730846333,-6.56783390913,-7.4233697628,8.86278190063,10.0170896552,10.4094004516
846,10.0,20.0,40.0,20.0,57.9317184875,4.13663120769,21.2613873097,25.9497031479,25.8891883918,12.3560479908
409,0.0,30.0,55.0,0.0,68.4230138844,18.6147661108,38.9941803249,43.1736332287,38.5485981556,12.4805912829
427,20.0,30.0,55.0,0.0,60.2270141969,3.5340982779,25.9046978497,28.2554470494,28.376103455,12.1181980884
445,40.0,30.0,55.0,0.0,53.4884762216,-7.26152381513,14.1770677153,19.257433472,21.4963338041,12.1559492492
463,70.0,30.0,55.0,0.0,48.2448980062,-16.1433162661,6.43171327639,13.6802744131,16.9879887318,11.7142228719
581,10.0,40.0,85.0,0.0,60.2199034075,15.9690307917,36.7978423834,31.5413006924,28.3681630545,8.73594321118
105,20.0,55.0,10.0,0.0,55.3874702986,17.7977113663,-4.15665104397,26.6049526549,23.3073023363,21.2458742924
617,55.0,40.0,85.0,0.0,48.0044149569,-7.84267608549,14.8017581889,14.855640058,16.7979323883,8.99746960085
141,70.0,55.0,10.0,0.0,46.4698614487,-1.00391874966,-17.8024239554,14.8929662064,15.6184402508,20.391279523
573,0.0,55.0,85.0,0.0,60.5786981104,29.8391553159,38.3676563587,35.9680790685,28.7706695334,8.47510753388
194,30.0,40.0,20.0,0.0,55.1694292839,5.99539911596,-0.886916297544,23.6012264489,23.0943892714,19.4714745253
609,40.0,55.0,85.0,0.0,47.9878917213,2.82477764187,16.2501687899,16.6880503592,16.7849261974,8.58667135774
1401,60.0,45.0,45.0,100.0,34.65138456,-1.75154178827,2.61193007406,7.83638022781,8.32530199709,6.27114398408
352,30.0,0.0,40.0,0.0,67.6080265446,-18.9643882895,23.556328462,30.7006902012,37.4429407056,18.0888808237
390,85.0,20.0,40.0,0.0,48.9291589294,-21.5595688659,0.691072868559,13.2957007651,17.5365987019,14.2032082094
356,30.0,40.0,40.0,0.0,55.305253259,5.05107396736,11.2368424059,23.5200758842,23.2268658978,14.3752843209
964,70.0,70.0,0.0,40.0,37.821292132,4.18153531035,-10.4337585388,10.1618701726,9.98822673494,11.3455438025
1055,20.0,100.0,100.0,40.0,39.3221527883,18.2413149408,11.9466916403,13.0488451535,10.8473398667,5.99079706573
980,20.0,100.0,20.0,40.0,39.2392007428,18.5905452448,2.88372568527,13.0475761495,10.7986183084,8.12490432695
1039,70.0,70.0,70.0,40.0,36.8753938209,-1.17298547059,3.97282815732,8.99237191139,9.47080462369,6.83665431466
978,20.0,40.0,20.0,40.0,45.0014021583,6.93716948394,4.30113565061,15.1629792587,14.5427147391,10.5865101706
382,70.0,30.0,40.0,0.0,49.3027388156,-14.6486178948,1.42411874583,14.6554058527,17.8410422051,14.1691714711
344,20.0,10.0,40.0,0.0,67.3658545383,-8.0922903351,24.736750854,33.4290715048,37.1185199558,17.3793019279
1001,20.0,0.0,40.0,40.0,52.2391473331,-8.26303732128,18.223230743,18.0223535293,20.3576107913,10.1385890474
391,85.0,30.0,40.0,0.0,47.2005540546,-17.291848906,-2.91316871489,12.8101982284,16.1729293393,14.4434924142
357,30.0,55.0,40.0,0.0,51.1278576736,10.1482150286,8.32825112794,20.7232445279,19.3791352688,12.7804549282
395,85.0,85.0,40.0,0.0,40.2755463625,0.474164882181,-6.796180135,11.0748990272,11.4178725958,11.5424910352
1005,20.0,100.0,40.0,40.0,39.7701504741,18.2739975597,6.8616321028,13.3506068705,11.1130042676,7.34315904687
724,100.0,30.0,100.0,0.0,44.8957845323,-21.8586433769,11.0338225396,10.7476280405,14.4673078245,8.55525432351
475,85.0,70.0,55.0,0.0,41.6651137899,-6.05806565977,-0.864295129395,11.0008731667,12.2847265095,10.402834991
453,55.0,20.0,55.0,0.0,53.1168581603,-16.5570738808,13.015263629,17.1826130102,21.1532935863,12.3367365712
439,30.0,70.0,55.0,0.0,49.0008575945,15.413635697,13.227408541,19.9236222783,17.5947577643,9.95995202611
417,10.0,20.0,55.0,0.0,67.3858599349,5.0221978685,35.9485345441,37.3415764677,37.145248486,12.9276413439
969,100.0,70.0,0.0,40.0,36.3369305826,0.652746668335,-12.7622259685,8.93357846076,9.18439976788,11.2696222599
1062,70.0,20.0,100.0,40.0,41.445578136,-13.9872987618,12.2293377134,9.83663886555,12.1449532112,6.74838369473
959,40.0,70.0,0.0,40.0,39.7064212362,8.68281629903,-7.24494529209,11.8804819377,11.0749508842,11.3658037017
1052,20.0,20.0,100.0,40.0,48.6566966904,-1.06512944759,25.1889396522,16.5077463934,17.3167573135,6.62631531212
949,0.0,70.0,0.0,40.0,44.7557400892,21.850427759,2.44714287441,17.6201513149,14.3677240735,11.0432921623
633,85.0,20.0,85.0,0.0,47.6031041343,-24.5382713137,12.6958118502,11.9978109113,16.4839378239,9.40286422968
133,55.0,70.0,10.0,0.0,45.8874416695,7.13905701944,-14.8620797634,15.8508957183,15.1856582636,18.5284900261
597,30.0,20.0,85.0,0.0,58.2995569304,-7.24107722896,31.8091874207,23.6591040245,26.2775398975,9.20894540863
97,10.0,70.0,10.0,0.0,56.2063635973,30.3969242312,0.696523503793,30.7590541652,24.1186199474,19.5682307455
625,70.0,30.0,85.0,0.0,47.3476428855,-17.7526274528,12.5737355768,12.8363096625,16.2861117945,9.31054784924
134,55.0,85.0,10.0,0.0,43.6508956031,11.6889332663,-13.914138255,14.9834412256,13.598059529,16.4174980107
589,20.0,30.0,85.0,0.0,58.8373385651,3.20977343211,33.796147863,26.6742056135,26.8522718489,8.90823424143
98,10.0,85.0,10.0,0.0,52.705222097,36.2589129942,1.45121323228,28.3329326243,20.7775949619,16.5212977564
741,10.0,100.0,0.0,20.0,45.9119784996,30.474698287,-0.108387337136,20.2789584976,15.2037276323,12.5829175529
485,100.0,85.0,55.0,0.0,39.7128421044,-1.80709138833,-3.0187920644,10.4438536705,11.0787809093,10.0303650977
338,10.0,40.0,40.0,0.0,61.6175876461,16.5194559847,20.9201046535,33.381906805,29.9575611551,14.8435981328
1067,100.0,20.0,100.0,40.0,40.5938225379,-16.5995918514,9.19868366198,9.06408047272,11.6126976344,7.11926087827
946,0.0,0.0,0.0,40.0,61.2851319345,0.62270569327,4.53942082638,28.6785568518,29.5742602487,21.9919661794
1021,0.0,0.0,70.0,40.0,57.6164654545,-0.776660144564,35.6897084242,24.4662981819,25.559415489,7.83261473148
992,100.0,20.0,20.0,40.0,39.8489101653,-10.9297647467,-6.6679734938,9.36139607233,11.1601527913,11.2567876753
1023,0.0,40.0,70.0,40.0,49.486577881,14.0044802166,24.7607295936,20.0623481984,17.9921441057,7.0638919025
566,100.0,85.0,70.0,0.0,39.2695518833,-3.51205019405,-0.510791467894,9.97570750366,10.8164279704,9.0689709889
777,10.0,100.0,10.0,20.0,45.5377162917,29.7516643236,2.39799363781,19.8046970809,14.9296682701,11.5020262356
1000,0.0,100.0,40.0,40.0,42.6079299075,27.4825682361,11.9322556036,16.9532623085,12.8971923825,7.29935702786
647,100.0,85.0,85.0,0.0,38.9923519764,-4.6633743159,1.08147967919,9.67954853689,10.6544961251,8.49367161482
339,10.0,55.0,40.0,0.0,57.3287547114,22.1440970618,17.596669394,29.8458443173,25.2609082571,13.2950955741
643,100.0,30.0,85.0,0.0,45.1535279909,-20.9558132057,9.41105586588,11.0197357742,14.6517865409,9.13243039479
996,0.0,0.0,40.0,40.0,57.5605811036,-0.765687690084,25.3769563511,24.413025307,25.5012510297,10.7695146816
415,10.0,0.0,55.0,0.0,75.3407166486,-7.89562062344,44.6061426318,44.3032296901,48.8224170754,14.8335543531
261,10.0,100.0,30.0,0.0,50.0100765108,38.3437083775,9.9313916239,25.9646746503,18.4270893095,11.5612121563
451,55.0,0.0,55.0,0.0,57.968153832,-28.5014582709,18.9762268411,18.8782419598,25.9274837188,13.1937846828
297,55.0,100.0,30.0,0.0,42.4236038732,12.2013538849,-5.72940924146,14.1986278975,12.7758869842,12.4444434961
146,85.0,10.0,10.0,0.0,53.8502167223,-22.193667226,-20.3046606742,16.7330453732,21.8337989087,28.7498292558
1050,0.0,100.0,100.0,40.0,42.6949932404,27.5443031685,17.5962245211,17.0327360295,12.9547549734,6.02656219019
951,20.0,0.0,0.0,40.0,53.7378174988,-5.36835200649,-2.6508599928,19.8500973392,21.7285670883,19.1404657631
1060,40.0,100.0,100.0,40.0,38.1691030414,9.75944202962,8.16833771663,11.1030538081,10.1831224353,6.38477422473
961,70.0,0.0,0.0,40.0,44.4900988735,-12.8567598453,-12.7409309645,11.7491345684,14.1800876546,16.5332201804
1070,100.0,100.0,100.0,40.0,35.1713361162,-2.43155861626,1.90128301842,8.00706867657,8.58432798995,6.63485103928
577,10.0,0.0,85.0,0.0,74.8160946015,-7.52396920945,56.24568599,43.6554446648,47.9859942719,10.4174312347
522,30.0,100.0,70.0,0.0,44.650349704,23.1985327747,11.4286888274,17.7872038583,14.2930844672,8.33374155458
613,55.0,0.0,85.0,0.0,58.0707015601,-29.0251221035,26.9645128535,18.8623192184,26.0354690701,10.5456009596
1400,80.0,65.0,65.0,100.0,35.1546316362,-2.90614462284,2.46835325331,7.94702851818,8.57592387505,6.4984033715
569,0.0,10.0,85.0,0.0,75.2782508482,6.01048292674,58.9213444013,49.1690095593,48.7223200001,9.84309536336
117,30.0,100.0,10.0,0.0,46.6227415956,25.6383081091,-6.46268163532,19.9184001684,15.7333883682,15.455107436
605,40.0,10.0,85.0,0.0,58.4239552497,-18.4841243203,29.5875745257,21.3133891879,26.4097489449,9.92569713122
80,100.0,85.0,0.0,0.0,41.614524035,2.73714635567,-23.8502186518,12.209947499,12.2524225984,19.2796392871
772,10.0,0.0,10.0,20.0,67.049522116,-4.5876359373,6.94983648947,34.0441490689,36.6975816679,26.0809444476
773,10.0,10.0,10.0,20.0,63.5220064037,0.509966290451,5.07919038961,31.2057926047,32.2172168057,23.7363734095
1399,100.0,85.0,85.0,100.0,34.6726838471,-1.33661498143,2.01423965386,7.89151524655,8.33580896988,6.41308652525
737,10.0,10.0,0.0,20.0,64.1463265173,1.36722820652,-1.49478954854,32.1835087469,32.9819930997,28.1063262392
1408,100.0,100.0,0.0,70.0,34.5750534945,3.4578683167,-8.19320123906,8.37817736035,8.28772028047,8.95259634752
1409,100.0,0.0,100.0,70.0,40.0442558867,-18.3253254301,10.5666060085,8.583095196,11.2776692689,6.57422504304
1410,0.0,100.0,100.0,70.0,40.1121983704,22.939966329,15.0251872555,14.32413383,11.3187347873,5.62864443829
1411,40.0,40.0,0.0,70.0,37.7885549274,2.85502784247,-4.204743008,9.97360010305,9.97001157749,9.39673255619
1412,40.0,0.0,40.0,70.0,42.6620935159,-9.00275878579,9.10238388657,11.1859873511,12.9329829793,8.04149719089
1413,0.0,40.0,40.0,70.0,43.4972926571,10.859800163,14.2696551999,14.7354568092,13.4932834921,7.1035668244
940,100.0,0.0,100.0,20.0,46.6179955851,-28.5826434535,15.0349868969,10.8416081755,15.7298114647,8.27648280668
759,70.0,100.0,0.0,20.0,39.0227228374,8.70417070033,-13.897181544,11.4662802023,10.6721584881,13.2700902987
928,40.0,0.0,100.0,20.0,53.7625953367,-17.4709205983,28.4251630502,17.5274041931,21.7517357898,7.99336954492
747,20.0,100.0,0.0,20.0,43.5011749212,23.9254871912,-4.23168914505,17.0065401083,13.4959250194,12.5711726043
910,0.0,0.0,100.0,20.0,66.3663902369,-0.365275177369,50.8260435977,34.4147937334,35.7994316423,7.81967780653
917,10.0,10.0,100.0,20.0,60.2975601486,-1.25726167326,40.3833201598,27.1254997792,28.45496024,7.81433382753
881,10.0,10.0,70.0,20.0,60.4188892756,-1.63239404935,35.2881681471,27.1622383166,28.5909242912,9.25925631
1211,100.0,100.0,0.0,80.0,33.5672339405,2.95485870199,-7.21055211855,7.83999958305,7.80207435164,8.20832971309
672,20.0,55.0,100.0,0.0,53.4882683777,14.2206350651,28.1684131171,23.8235166105,21.4961409145,7.93705301551
26,20.0,85.0,0.0,0.0,50.9764209873,28.6998699857,-8.61417323335,24.6652444622,19.2482761935,19.7077646797
717,85.0,55.0,100.0,0.0,42.848318059,-11.5263423071,8.38346276019,10.9508314474,13.0565428006,8.31718406386
1227,100.0,100.0,40.0,80.0,33.8168743561,-0.172629502931,-2.5148225308,7.61934799342,7.92055215594,7.12629879636
510,20.0,55.0,70.0,0.0,54.0577107444,14.7140770513,23.0146327999,24.5013934013,22.0289530851,9.64042430752
269,20.0,85.0,30.0,0.0,49.4165212278,27.3657214316,4.92644191541,22.8339481887,17.9344626011,12.9422053686
555,85.0,55.0,70.0,0.0,43.3113065479,-11.2309133003,4.59375290976,11.2646368652,13.3671402727,9.60868979763
396,85.0,100.0,40.0,0.0,39.6656394947,2.00858458137,-6.98897807031,10.9259507686,11.0506453263,11.2584345203
290,55.0,10.0,30.0,0.0,57.8814371927,-20.7748785178,0.837400197718,20.3492024472,25.8364022471,20.9000676923
360,30.0,100.0,40.0,0.0,45.8539930148,24.2153204305,4.74920208657,18.9760574402,15.1610491339,10.9115258924
254,10.0,10.0,30.0,0.0,73.0774823737,-1.51699766207,22.0793958605,43.1501380623,45.2824414343,23.4542071359
477,85.0,100.0,55.0,0.0,39.4264207936,0.668533269738,-3.65217231795,10.6078537112,10.90878886,10.0728089476
47,55.0,10.0,0.0,0.0,59.6499285932,-14.8964010604,-22.8671217414,23.2455009231,27.7364962918,37.1559842987
441,30.0,100.0,55.0,0.0,45.1281008254,23.5845594151,8.66716617528,18.2496035578,14.6335178393,9.33362191103
11,10.0,10.0,0.0,0.0,75.3385006266,1.53198571775,-3.63367159854,47.6275113695,48.8188637118,43.1337890656
1429,7.0,0.0,0.0,7.0,76.0246460171,-3.45628023677,0.602771672758,46.8971326185,49.9273480957,40.7275555103
1404,10.0,6.0,6.0,100.0,37.5484095619,1.02704944381,4.1828109173,9.61303643138,9.83706999366,7.0626586224
1431,7.0,7.0,0.0,7.0,73.7617625753,1.01519861943,-0.414755041347,45.0323414726,46.3340377237,38.5386202885
1390,40.0,27.0,27.0,60.0,41.5072472489,-2.23098490467,2.82834184252,11.4346906868,12.1841088522,9.21714966834
1433,7.0,0.0,7.0,7.0,74.8577718306,-4.43114771504,6.65210509751,44.7813065533,48.0520896451,34.8085613291
1386,10.0,6.0,6.0,40.0,55.2359972636,-0.520336370254,3.73573409359,22.219025665,23.1592535783,17.4176543518
1435,7.0,7.0,7.0,7.0,72.7969188894,-0.00858481740268,5.16123800346,43.2514546646,44.855915243,33.3924701775
1405,100.0,0.0,0.0,70.0,37.3312552748,-9.2393365308,-8.93802015836,8.28578849145,9.71787816925,10.5911594141
1406,0.0,100.0,0.0,70.0,38.3639367025,18.6329533535,4.01564936668,12.4869720057,10.2933970851,7.4476320982
1407,0.0,0.0,100.0,70.0,51.411763339,-0.599577023363,31.3194218488,18.808409907,19.6260587546,6.31336818239
732,0.0,20.0,0.0,20.0,64.3269332332,11.3742917295,2.221229777,35.2803658007,33.2054669564,26.1007560882
926,20.0,70.0,100.0,20.0,45.9080379955,15.5982869509,19.2365278119,17.381767546,15.2008248077,6.90979322134
750,40.0,20.0,0.0,20.0,51.7140249747,-3.44022731831,-12.9960115312,18.5107523747,19.8912428843,22.5260057315
938,70.0,70.0,100.0,20.0,40.1333011118,-2.10330961039,7.77985494587,10.644432091,11.3315098797,7.27133091767
762,100.0,20.0,0.0,20.0,45.0848544568,-11.0441579139,-20.4700926232,12.3824706631,14.6024814314,20.5279234473
736,10.0,0.0,0.0,20.0,67.3719272197,-3.68971856697,-0.0708711012421,34.7095810777,37.1266321032,30.6786872722
811,10.0,40.0,20.0,20.0,54.3594650286,13.5789096275,7.93153377428,24.5398260635,22.3148318364,15.0315622143
14,10.0,40.0,0.0,0.0,63.4019875248,19.4791206193,-5.64740267247,36.5132449483,32.0715649957,29.8742321577
688,40.0,30.0,100.0,0.0,52.7471567925,-6.85010274389,25.0757005432,18.7123448984,20.8156634233,8.41804098082
1206,70.0,70.0,0.0,80.0,34.6656541031,2.82614723125,-5.89936401826,8.35083134304,8.33234020903,8.36412651322
1245,0.0,40.0,100.0,80.0,44.2583606673,10.4440977262,20.7572641745,15.2143056101,14.0177390098,5.92643634763
257,10.0,40.0,30.0,0.0,61.8096300732,16.8659483393,14.1972404143,33.7179888704,30.1804759268,17.8032383366
526,40.0,30.0,70.0,0.0,53.7087699942,-7.15032374141,19.0222051637,19.4678785377,21.701426959,10.6785951409
1222,70.0,70.0,40.0,80.0,35.3331415466,0.216543920025,0.584565429778,8.38116231335,8.66601752482,7.00962318378
1229,0.0,40.0,70.0,80.0,43.3940545018,10.4167961595,18.1368140203,14.5890938208,13.4231657154,6.17145290374
503,10.0,85.0,70.0,0.0,51.7528146785,33.6962574485,21.5082557098,26.6618628958,19.9254463229,8.9287903977
274,30.0,30.0,30.0,0.0,57.775336485,-0.225435840447,6.19171550885,24.7540278787,25.7252514964,18.2747741169
1239,70.0,100.0,70.0,80.0,35.2352755904,2.28163584104,2.11740387099,8.56910016519,8.61654701592,6.61046744333
1225,100.0,40.0,40.0,80.0,35.6935019615,-6.22044060726,-0.582901276865,7.83887569126,8.84980895093,7.44622579874
665,10.0,85.0,100.0,0.0,51.0293849755,33.5920439321,25.4310244363,25.8783785388,19.2939760913,7.55312368791
31,30.0,30.0,0.0,0.0,59.9779819266,4.11504552793,-14.6662273328,28.1299337638,28.0988984114,31.8760513935
1255,70.0,100.0,100.0,80.0,34.6838335825,1.89911390878,3.8629011284,8.25508668489,8.34131267579,6.00948937526
1209,100.0,40.0,0.0,80.0,34.2563188011,-2.07822288729,-7.7067421638,7.61812967162,8.13201281493,8.66406333363
1480,40.0,40.0,3.0,40.0,42.7602470653,2.99124554574,-6.74618512369,12.9832739944,12.998010152,13.0129933918
1481,3.0,0.0,40.0,40.0,57.5736356761,-2.51766162792,23.2125714235,24.0224943102,25.5148303276,11.4810785294
1482,0.0,3.0,40.0,40.0,57.9171796049,0.655633243646,23.8340422463,25.1044514209,25.8739178476,11.4713923103
1483,3.0,3.0,40.0,40.0,56.9766882229,-1.15875869235,22.3362412183,23.7454426997,24.8988038678,11.4303421278
1484,40.0,3.0,40.0,40.0,48.3292412864,-11.6813234705,9.48114597645,14.4538610032,17.054984149,10.7630534908
1485,3.0,40.0,40.0,40.0,48.4297236883,12.5405069493,15.7417540247,18.8642084598,17.1350288056,8.93920311599
1425,7.0,7.0,0.0,0.0,77.7813586303,0.925742023686,-1.602524546,51.3057667466,52.8415554182,44.9090503542
1426,7.0,0.0,7.0,0.0,80.2126061025,-5.1619625753,7.37674240862,52.9923515723,57.0587125037,41.0737981801
1368,100.0,85.0,85.0,0.0,39.4887135832,-4.2328137256,1.12681260008,10.0042823188,10.9456108064,8.71590405877
1428,7.0,7.0,7.0,0.0,77.1548895276,0.306884252944,5.40012122912,50.0551324499,51.7896525914,38.5649586811
943,100.0,40.0,100.0,20.0,41.4440513726,-14.1189632349,7.69977608107,9.81918683401,12.1439848872,7.86006570203
757,70.0,40.0,0.0,20.0,43.93059643,-1.95124294827,-16.8204088611,12.9988013758,13.7902402302,17.8887402463
931,40.0,40.0,100.0,20.0,46.826110478,-1.43694350288,18.1253370822,15.0773474661,15.8871703882,7.56788032711
745,20.0,40.0,0.0,20.0,52.2261920943,10.4833097801,-6.54296899713,21.7934593608,20.3460182823,19.7476102826
913,0.0,40.0,100.0,20.0,55.7787294484,17.1512812454,35.2198626156,26.8607895299,23.6926332728,7.15792369212
882,10.0,20.0,70.0,20.0,57.8404321181,3.32439436474,31.3464112742,25.6600153235,25.7934075888,9.11492840664
880,10.0,0.0,70.0,20.0,63.3641870197,-6.50181570403,38.9675266321,29.1547011456,32.025782352,9.66788683949
67,85.0,30.0,0.0,0.0,50.3825278717,-9.71777716907,-26.756506214,16.2921879257,18.7407683191,29.0407247968
1248,40.0,0.0,100.0,80.0,43.292300662,-11.1687806632,17.3238450341,11.2619010019,13.3542941752,6.31258820192
30,30.0,20.0,0.0,0.0,62.9117314168,-0.892063213961,-14.5207995116,30.1189244938,31.4811616647,35.2112985104
713,85.0,10.0,100.0,0.0,50.6673698726,-29.669578539,17.686961108,13.2005419691,18.9830502784,9.48808755373
310,85.0,30.0,30.0,0.0,48.7047710934,-16.3520195349,-8.42526469041,13.9612927659,17.3554127948,17.815672607
1232,40.0,0.0,70.0,80.0,41.9195136455,-9.69105505376,13.7838207034,10.659276785,12.4480335891,6.57788976722
273,30.0,20.0,30.0,0.0,61.1646253215,-5.11032626502,7.04153314639,27.0967671755,29.4361351109,20.6319471001
551,85.0,10.0,70.0,0.0,51.0732131958,-29.0578974997,11.0345858747,13.566714605,19.331847855,11.8065971168
1226,100.0,70.0,40.0,80.0,34.7723338571,-2.26265190615,-1.41417357379,7.83748999796,8.3850839238,7.25932328433
517,30.0,30.0,70.0,0.0,57.0328002947,-1.7795555043,24.0621830188,23.6594132747,24.9562824148,10.8989454374
276,30.0,55.0,30.0,0.0,52.6258060078,10.3474430123,3.11323146362,22.1358342882,20.7056279977,15.7709198634
1241,100.0,40.0,70.0,80.0,35.8542974475,-7.46430009179,2.99410520369,7.77922800124,8.93264955266,6.65439942558
1210,100.0,70.0,0.0,80.0,33.4438037857,0.915647271829,-6.64467933807,7.56410567337,7.74393421888,8.00314860389
679,30.0,30.0,100.0,0.0,56.6237512868,-1.79842366537,30.780358812,23.2576291654,24.5392941539,8.68541268488
33,30.0,55.0,0.0,0.0,53.878934267,14.0443817062,-13.9094649246,24.1686164736,21.8607395946,25.0336183776
1257,100.0,40.0,100.0,80.0,36.212679691,-8.25050990925,5.00978500082,7.86145518997,9.11914205474,6.33666716474
1418,3.0,0.0,0.0,3.0,79.8979896382,-1.72487017668,2.78294888651,53.8042549287,56.5007927125,44.3044522304
1471,3.0,40.0,0.0,40.0,49.1997869942,13.505068158,0.916281668813,19.7118327751,17.756794272,14.2958589324
1416,0.0,3.0,3.0,0.0,82.9102756836,2.72244670378,7.43227129355,60.9331754933,61.994087126,44.7509612396
1473,3.0,0.0,3.0,40.0,58.7962390121,-0.855779868918,4.61151907444,25.6455803147,26.8080555361,19.8303482418
1474,40.0,0.0,3.0,40.0,48.8259103812,-9.59661436472,-6.06844926017,15.1547493786,17.453073024,16.875899572
1450,0.0,40.0,0.0,3.0,65.7492964817,24.6955394911,0.693103235296,41.3563918878,35.000810722,28.4553817332
1402,40.0,27.0,27.0,100.0,35.2091889357,-0.615713978309,3.32808309777,8.22698173659,8.60339226323,6.3258381555
1451,3.0,40.0,0.0,3.0,64.5380418165,21.853284989,-1.75048812607,38.7596069976,33.4679591717,28.6721366462
1478,0.0,40.0,3.0,40.0,49.8250523865,14.9879117246,3.30166359269,20.5626089818,18.2725716096,13.7988622258
1479,3.0,40.0,3.0,40.0,48.6649533551,13.431198404,2.17860051608,19.2380036085,17.3233922141,13.4719625692
238,100.0,30.0,20.0,0.0,48.4353472721,-15.6374540849,-15.135990458,13.8901455239,17.1395159589,20.7453799173
114,30.0,55.0,10.0,0.0,53.7583495265,12.9743004749,-8.39525453842,23.8047980351,21.7477645448,21.9701700095
607,40.0,30.0,85.0,0.0,54.1565794878,-6.98570766922,23.0623645513,19.8879730747,22.1223496574,9.67677336239
726,100.0,55.0,100.0,0.0,42.8400131722,-13.3726505186,6.71367251669,10.6974451801,13.0510158214,8.76890284198
571,0.0,30.0,85.0,0.0,68.2999001977,18.0715626776,48.8625208176,42.8110308872,38.3801982496,9.26317212539
797,100.0,10.0,10.0,20.0,46.7606170637,-16.9844573847,-15.4055775684,12.5723438632,15.8375371679,19.4812640639
885,10.0,100.0,70.0,20.0,44.7620698969,28.5365342503,15.3941840729,18.9007265181,14.3722152247,7.36148137903
10,10.0,0.0,0.0,0.0,79.1746241913,-5.16399268058,-1.57781715181,51.2737558322,55.2318441449,46.8992980645
296,55.0,85.0,30.0,0.0,43.9212951411,10.2406857317,-5.34064352515,14.9362116298,13.7838204492,13.2296039525
38,40.0,10.0,0.0,0.0,63.7375033959,-11.579085418,-18.7184392967,28.2601017531,32.4798438964,39.3039500075
259,10.0,70.0,30.0,0.0,55.6511918985,29.0047498378,10.8033771759,29.747941175,23.566565233,14.7765848435
496,10.0,0.0,70.0,0.0,75.7571303139,-8.10885671771,50.3056898753,44.8503312097,49.4931961292,12.9550228392
701,55.0,85.0,100.0,0.0,42.531812584,7.19604574881,9.27036701828,13.4788784441,12.8470067508,7.93902925695
524,40.0,10.0,70.0,0.0,59.4498144259,-18.5614593765,24.9357292655,22.2455401739,27.5169668177,11.9908178967
664,10.0,70.0,100.0,0.0,54.1136584138,27.6633337328,29.5072451576,27.6922224008,22.0817718144,7.86953884023
499,10.0,30.0,70.0,0.0,64.053173091,10.548274553,35.4186339608,34.6899748314,32.8671226058,11.1407105925
278,30.0,85.0,30.0,0.0,47.5793022677,21.6992718626,0.618584575684,19.9556374507,16.4654386475,13.3570114792
535,55.0,30.0,70.0,0.0,51.9637297384,-12.0730907153,13.9195821711,17.0936543541,20.1121104322,11.355495137
314,85.0,85.0,30.0,0.0,41.7548150758,1.15350404158,-10.7088687078,12.0676844902,12.342144456,13.8350835624
661,10.0,30.0,100.0,0.0,63.7371298898,10.284803831,42.6371279001,34.2163683322,32.4793874728,8.7983864026
35,30.0,85.0,0.0,0.0,48.9811126113,23.8137545858,-11.1930774705,21.6527320618,17.5787286216,19.3002464494
697,55.0,30.0,100.0,0.0,50.6315883158,-12.7009799651,19.6185635963,15.9568408199,18.9525010639,8.91658227378
71,85.0,85.0,0.0,0.0,42.6626041692,5.70334144507,-21.7232137804,13.33463614,12.9333207269,19.1297946788
1455,0.0,40.0,3.0,3.0,65.4945133341,24.7043103598,2.50092044292,40.9989589029,34.6745747917,27.10947192
1461,0.0,3.0,40.0,3.0,77.4431412873,1.03322237121,35.8556409814,50.7944800494,52.27190424,20.2668267768
1448,40.0,0.0,0.0,3.0,65.574139526,-16.3227762846,-15.7040827454,29.0778035033,34.776313037,39.4190000893
1449,40.0,3.0,0.0,3.0,64.1646892931,-13.8651708729,-16.0514358609,28.1467170248,33.0046683641,37.864585249
1464,0.0,40.0,40.0,3.0,63.6399909508,22.3393214502,24.2022816182,37.7027246962,32.3608289828,14.9244914163
1465,3.0,40.0,40.0,3.0,61.8673912905,19.8280501473,22.2214254983,34.6485226871,30.2477383764,14.502851515
1419,0.0,3.0,0.0,3.0,80.5346054029,2.88317206734,4.14825840207,56.7390392944,57.6335152513,44.0859348994
1467,3.0,0.0,0.0,40.0,58.3551598592,-0.609631501995,2.76446471756,25.2516028288,26.3365793569,20.3547484387
1468,0.0,3.0,0.0,40.0,58.3901114063,2.16833056898,3.64728155024,25.9515193621,26.3737363057,19.9569293825
1469,3.0,3.0,0.0,40.0,57.0564759069,0.862989715155,2.54354657465,24.2872374434,24.9805611014,19.3879687026
945,100.0,100.0,100.0,20.0,36.4309103511,-0.966701844696,1.25933186532,8.79049577168,9.23396507155,7.30498314011
754,70.0,0.0,0.0,20.0,51.8421764031,-17.190177986,-17.9860096009,16.0842827875,20.0043916073,25.3506242014
933,40.0,100.0,100.0,20.0,39.9666237091,13.4644637632,8.60268148938,12.7463718808,11.2308688706,7.00260472028
742,20.0,0.0,0.0,20.0,63.4183281573,-7.46149165419,-4.87757818883,28.9658114876,32.0913696958,29.4103615934
915,0.0,100.0,100.0,20.0,46.5538885779,34.6122379004,21.2127177434,21.7246964656,15.6815493425,6.70743577284
884,10.0,70.0,70.0,20.0,48.4685723378,20.4904557448,19.063577558,20.4915787977,17.1660427916,8.05460375962
833,100.0,10.0,20.0,20.0,45.9381071039,-19.0355783337,-9.83484922513,11.7580378523,15.2229849651,16.3602719779
1259,100.0,100.0,100.0,80.0,34.3932143588,-1.23316379766,1.56441611384,7.7720321042,8.19864751516,6.40587152723
1200,40.0,0.0,0.0,80.0,36.9909154635,-3.65740571038,-1.77363168488,8.7580866184,9.53301550725,8.33277510748
674,20.0,85.0,100.0,0.0,48.1889344053,25.6935166332,19.5493903838,21.3263300173,16.9436327846,7.80327866454
65,85.0,10.0,0.0,0.0,55.7380638802,-18.9736857119,-27.6143632813,18.8617272466,23.6523875625,35.7224852104
1243,100.0,100.0,70.0,80.0,33.9987115264,-0.582084249952,0.399026507594,7.65929714105,8.00760183233,6.51578367334
1216,40.0,0.0,40.0,80.0,39.432521178,-7.22443290764,7.64665417795,9.5968357243,10.9123912105,7.0110122314
512,20.0,85.0,70.0,0.0,48.6098803058,25.9477523943,15.4845378868,21.7670423594,17.2791685808,9.09987127345
308,85.0,10.0,30.0,0.0,53.0711626274,-26.0477955517,-6.27336544182,15.4681495327,21.1113658079,20.3194693286
1224,100.0,0.0,40.0,80.0,36.6082739173,-11.2512880157,2.23339354617,7.72135463303,9.3279925526,7.14191809843
521,30.0,85.0,70.0,0.0,46.4987551862,20.1441526972,11.3731760208,18.7242720337,15.6401219318,9.23473370894
272,30.0,10.0,30.0,0.0,64.6581929078,-12.0723142886,9.27745389994,29.1565550579,33.6179707852,22.5489652689
557,85.0,85.0,70.0,0.0,40.2854937243,-1.81975021028,-0.768422697819,10.7700144371,11.4239283942,9.65162561202
1208,100.0,0.0,0.0,80.0,34.7556360331,-6.11112362981,-5.6478354597,7.41954125504,8.37681367482,8.33821782002
683,30.0,85.0,100.0,0.0,46.3699869087,19.8059501235,15.3965324436,18.5515087653,15.5436493704,8.06741398883
29,30.0,10.0,0.0,0.0,67.0856649121,-7.4816926027,-14.0685153327,33.2588721714,36.7455144128,40.1576263462
719,85.0,85.0,100.0,0.0,40.3201832786,-2.1808304669,3.84090784288,10.7416520214,11.4450636058,8.36652592277
730,0.0,0.0,0.0,20.0,70.969216725,0.677543756578,4.42918732415,40.8588052874,42.1427341393,31.7809466224
927,20.0,100.0,100.0,20.0,42.4466970323,22.838577604,13.2285369124,16.0021993867,12.791042788,6.91931201375
748,40.0,0.0,0.0,20.0,57.351242197,-12.6622388785,-11.4467366867,21.567805072,25.2841554212,27.055017838
939,70.0,100.0,100.0,20.0,37.7436129295,5.32500232792,4.08534356928,10.2666103608,9.94504169498,7.16750605663
760,100.0,0.0,0.0,20.0,48.6235237206,-18.5388282549,-20.8867808369,13.5604650692,17.2901172151,23.8871334452
879,0.0,100.0,70.0,20.0,46.1638820686,34.5845255787,17.5216967328,21.3606972262,15.3900636481,7.43323038559
778,20.0,0.0,10.0,20.0,62.7842843402,-8.61886420966,1.16717603925,27.9679387838,31.3288761098,25.1889630452
897,40.0,100.0,70.0,20.0,39.9715520304,13.6271889341,5.86804449207,12.7740116767,11.2338360429,7.67894472762
790,70.0,0.0,10.0,20.0,51.3050104531,-18.7827246233,-11.7936874277,15.408842681,19.5329671839,21.5469987273
909,100.0,100.0,70.0,20.0,37.4389665038,-0.330140543726,-1.67102949192,9.38732116357,9.77687772127,8.51387452452
802,0.0,0.0,20.0,20.0,69.8895591494,-0.70178831959,18.3586274549,38.921112276,40.5926265385,22.5168862146
855,20.0,100.0,40.0,20.0,43.0867303191,22.3505796963,6.19071527681,16.4022342032,13.215874523,9.03488849575
820,40.0,0.0,20.0,20.0,55.3590399185,-15.0149088481,0.523769787128,19.3186570727,23.2794667121,18.963723763
867,70.0,100.0,40.0,20.0,38.8911498657,5.52581354545,-3.91525583988,10.9502068375,10.5957820841,9.87318441395
832,100.0,0.0,20.0,20.0,48.6065100141,-21.9999178458,-9.21280117523,13.0149507043,17.2764646847,18.0924333786
808,10.0,0.0,20.0,20.0,65.5033473111,-5.31993739059,12.6542307542,31.9508037002,34.6858521497,21.5631699731
809,10.0,10.0,20.0,20.0,62.6552439884,-0.471745515272,11.0628202986,29.936783596,31.1751879214,19.9272220089
662,10.0,40.0,100.0,0.0,61.0514377855,15.6153392612,38.5179195566,32.4369639077,29.3067914337,8.65685331645
40,40.0,30.0,0.0,0.0,57.1022258774,-0.188644326747,-18.555455604,24.0906101311,25.027521036,31.1794048551
1254,70.0,70.0,100.0,80.0,35.6737898266,-1.1060498355,5.02887405169,8.39771578624,8.83968879413,6.12698920411
1197,0.0,40.0,0.0,80.0,38.3645748606,8.45097405874,3.53730793662,11.0393753189,10.2937595804,7.56767257107
500,10.0,40.0,70.0,0.0,61.2673445216,15.50873175,32.2539394211,32.6681085885,29.5538451248,10.6154784599
283,40.0,30.0,30.0,0.0,55.7362045389,-5.20110408406,0.939486747575,21.6745236164,23.6505485087,19.0728614181
1238,70.0,70.0,70.0,80.0,35.2025003121,-0.768710039388,3.13995063656,8.20661070621,8.60002153986,6.36536573884
1213,0.0,40.0,40.0,80.0,39.0928621582,8.4346235488,10.8106887503,11.4708665838,10.7130230165,6.15176059102
494,0.0,85.0,70.0,0.0,54.8705247571,42.1841555727,26.3601598106,32.4165256015,22.8046272416,9.07671975983
1220,70.0,0.0,40.0,80.0,37.25226247,-9.99715609294,4.03836288255,8.16266616086,9.67476052653,6.97500687709
530,40.0,85.0,70.0,0.0,44.482009307,13.6351196448,7.65769934051,15.9270899873,14.1743993474,9.303407888
245,0.0,10.0,30.0,0.0,78.1397585025,5.84372377028,27.4135009275,53.8003381986,53.4496999969,25.3174737145
656,0.0,85.0,100.0,0.0,54.3850629569,41.8602263961,30.3280251425,31.7452734702,22.3391962047,7.77872996898
1204,70.0,0.0,0.0,80.0,35.6144785945,-5.21706877498,-4.02285019593,7.9110536035,8.80928510503,8.29955121086
692,40.0,85.0,100.0,0.0,44.5569085321,13.2685660771,11.8554670662,15.9194777692,14.2271241229,8.17693351611
2,0.0,10.0,0.0,0.0,80.1020752009,7.43935389415,3.05474890276,57.8396754185,56.8622878776,44.3699538175
942,100.0,20.0,100.0,20.0,43.352426973,-19.3285905047,9.89911016908,10.204653149,13.3949617974,8.14508053901
758,70.0,70.0,0.0,20.0,41.1545801223,4.98956653471,-14.4367113486,12.2493664912,11.9613210741,14.8735024644
930,40.0,20.0,100.0,20.0,49.9277217578,-8.7603973483,22.0592907884,16.1154778574,18.3582059236,7.92932508405
746,20.0,70.0,0.0,20.0,47.0772867749,18.3702989338,-5.59442002116,18.8642713453,16.0784820407,15.4208699521
912,0.0,20.0,100.0,20.0,59.6505676511,8.76499209159,39.8538293957,28.9622140553,27.7371992156,7.66460622494
157,100.0,30.0,10.0,0.0,48.7799551391,-13.2064089795,-22.0525734391,14.5221528629,17.4159817556,24.6731123615
599,30.0,40.0,85.0,0.0,54.3182849372,3.43234336985,24.1227774688,22.2183783398,22.2756733911,9.44684124797
121,40.0,30.0,10.0,0.0,57.4716984413,-1.91734565914,-11.5089030352,24.0593775851,25.4089238045,27.2141399833
635,85.0,40.0,85.0,0.0,45.3807577399,-14.9339281615,8.30166883656,12.0014542518,14.8157202365,9.56745896798
85,0.0,30.0,10.0,0.0,71.073277609,19.8662037562,7.41541958063,47.6093063609,42.2941897813,29.9771713627
870,100.0,20.0,40.0,20.0,43.9924137289,-17.182589605,-1.91097494315,10.8527838044,13.8329573931,12.0580002354
830,70.0,70.0,20.0,20.0,40.2380261159,1.95971099826,-8.1460022385,11.2568581452,11.3950501164,11.9764410345
858,40.0,20.0,40.0,20.0,50.1764131632,-8.09428144423,8.10816511365,16.4225118633,18.566742101,12.280120349
818,20.0,70.0,20.0,20.0,46.4192650217,16.6800625977,1.62297264917,17.995396981,15.5805212902,12.2826755781
840,0.0,20.0,40.0,20.0,61.0275645307,9.26101765117,24.5874054431,30.6633011694,29.2795590381,13.0715306499
883,10.0,40.0,70.0,20.0,53.0348286249,11.2711127287,24.7549971091,22.723742943,21.0780672376,8.64066991067
761,100.0,10.0,0.0,20.0,46.6027983554,-15.1336947751,-21.0931843688,12.7472790905,15.7183614873,22.1554949838
715,85.0,30.0,100.0,0.0,47.263356849,-20.5547190679,12.1077338294,12.3647391818,16.2211906948,9.40353534222
24,20.0,55.0,0.0,0.0,56.6549708148,18.5272169674,-10.179597481,28.152550482,24.5709546457,25.6286163324
678,30.0,20.0,100.0,0.0,59.292699082,-6.69673177829,34.0004439437,24.770170475,27.3454220175,9.07221797322
69,85.0,55.0,0.0,0.0,46.4135352277,-2.29181958012,-24.5397351509,14.6394837513,15.576231029,23.8019979327
553,85.0,30.0,70.0,0.0,47.5571906963,-20.2226989196,6.60951275863,12.6014147837,16.4482656003,11.260938205
267,20.0,55.0,30.0,0.0,55.6606653184,15.6232972135,6.84205295191,26.3612678195,23.575914086,16.3965457333
516,30.0,20.0,70.0,0.0,60.0007908777,-6.66861651729,27.137498957,25.4973246801,28.1242122775,11.5676447244
312,85.0,55.0,30.0,0.0,45.2639421591,-7.19782022722,-10.0803068376,13.0750966615,14.7312923789,15.9774275228
303,70.0,55.0,30.0,0.0,46.1133807357,-4.53937691838,-7.49849221407,14.0640980564,15.3525858973,15.5190518407
508,20.0,30.0,70.0,0.0,60.3429150001,2.72565771417,28.4128389583,28.1766835067,28.5057353035,11.340198822
1218,40.0,70.0,40.0,80.0,35.1994951812,3.88279499611,3.54357491443,8.73689294969,8.59850739461,6.274114315
544,70.0,30.0,70.0,0.0,49.102309966,-16.7166746387,9.21412444048,14.1775841895,17.6772713248,11.2804330407
60,70.0,55.0,0.0,0.0,47.6445890981,0.917391544071,-23.1257742267,16.0868286559,16.5162136868,24.1869124107
670,20.0,30.0,100.0,0.0,59.6959707406,3.02085612701,35.36854251,27.5462138716,27.7871701763,8.88244351622
1202,40.0,70.0,0.0,80.0,34.200084364,4.93850801403,-1.61876240786,8.36279572874,8.10474533878,7.06953557168
706,70.0,30.0,100.0,0.0,48.5829223355,-16.9094109478,14.463835548,13.7892980724,17.2575488077,9.37999294898
733,0.0,40.0,0.0,20.0,57.7149961197,19.5951134039,1.31648375576,29.6123906429,25.6621815641,20.522797933
925,20.0,40.0,100.0,20.0,50.2906089955,6.41016021989,24.4890363255,19.2352575373,18.6630258971,7.47002875118
751,40.0,40.0,0.0,20.0,48.5783996721,4.12906737592,-10.9912315644,17.3893307806,17.2539234862,18.8822218482
937,70.0,40.0,100.0,20.0,43.3761972992,-8.58615619268,11.2618165357,11.6738323495,13.4110620731,7.80064596679
763,100.0,40.0,0.0,20.0,42.019963577,-4.94233970684,-19.0185602439,11.3648176239,12.5129119284,17.4036298074
877,0.0,40.0,70.0,20.0,55.2748613772,17.067360844,28.8767495906,26.307960439,23.197179137,8.56947550836
781,20.0,40.0,10.0,20.0,51.8070905669,9.36347516507,-1.3447951166,21.1712845058,19.9733707326,17.0553967364
895,40.0,40.0,70.0,20.0,46.3283458002,-1.39842620742,13.5233891027,14.7262952275,15.5125371585,8.54989241118
793,70.0,40.0,10.0,20.0,43.7091010054,-3.80295797657,-12.0195681581,12.5765711704,13.6379040142,15.6722235777
907,100.0,40.0,70.0,20.0,40.4427893244,-11.8559748981,3.59120393118,9.56246648354,11.5199723274,8.49123332508
242,100.0,85.0,20.0,0.0,40.7793140797,0.859688167197,-15.0728757946,11.4281326449,11.7272574006,14.869219315
110,30.0,10.0,10.0,0.0,66.4574411326,-9.27521054602,-5.65701684402,31.9943742413,35.9182850321,33.3167669796
611,40.0,85.0,85.0,0.0,44.1123479284,13.6954134544,10.1090754186,15.6615604328,13.9160860823,8.4394136684
722,100.0,10.0,100.0,0.0,49.1246613561,-30.6668897188,14.9643959171,12.0598961143,17.6954848378,9.50645659045
575,0.0,85.0,85.0,0.0,53.9531159014,42.581612354,28.5526535284,31.4317163203,21.9304338824,8.04595661341
845,10.0,10.0,40.0,20.0,61.3611297862,-1.45159950784,22.5017926731,28.2306270813,29.6615910608,14.0595815391
812,10.0,70.0,20.0,20.0,48.493295645,21.6176658313,6.08927123353,20.7468308201,17.1857995868,11.9757402426
658,10.0,0.0,100.0,0.0,74.522808587,-7.01714814574,59.3222356969,43.3976053659,47.522588971,9.34099448674
539,55.0,85.0,70.0,0.0,42.8055873202,7.74728744709,5.09403165924,13.7504755813,13.0281217314,9.20935139708
686,40.0,10.0,100.0,0.0,58.8173582021,-18.417789883,32.172897931,21.6882472441,26.8307702194,9.36156667521
502,10.0,70.0,70.0,0.0,55.106166394,27.7921988947,24.8621041291,28.8169576763,23.0328578176,9.62865963397
253,10.0,0.0,30.0,0.0,77.3383798849,-8.11333966864,24.19896801,47.2578622718,52.0962913212,26.36352864
53,55.0,85.0,0.0,0.0,45.0434376279,12.5312566383,-18.4588169913,16.157417198,14.5727991879,19.525070636
281,40.0,10.0,30.0,0.0,61.2624836003,-16.5288038079,4.6378016574,24.4578242931,29.548267741,21.9215962606
16,10.0,70.0,0.0,0.0,56.8511063828,30.794842036,-4.77447999081,31.6251855404,24.770483717,22.8586360085
490,0.0,30.0,70.0,0.0,68.4531515031,17.8465579101,42.9789393379,42.9578570559,38.5898965295,11.1491377227
285,40.0,55.0,30.0,0.0,50.2854010204,4.70123008525,-1.05228893804,18.8952914403,18.6586275846,15.8245076565
1237,70.0,40.0,70.0,80.0,35.4975023742,-4.73678070925,4.36269033362,7.90844091933,8.74952610419,6.20653647566
249,0.0,55.0,30.0,0.0,62.1841667441,30.7260336342,18.3414304631,38.3597603426,30.6183983,16.2905817288
652,0.0,30.0,100.0,0.0,67.4157531634,17.8016753879,49.6741712392,41.4516033337,37.185211719,8.6064871721
42,40.0,55.0,0.0,0.0,51.9393103312,9.21799156048,-16.5096744846,21.2607802339,20.090439342,24.6201660214
1253,70.0,40.0,100.0,80.0,36.1943612658,-5.473216957,6.5123337112,8.15865351508,9.109547275,5.99976527911
6,0.0,55.0,0.0,0.0,64.2360215151,32.0435830774,0.376830624165,41.6285462679,33.0928515235,27.0825355701
639,85.0,100.0,85.0,0.0,39.4992280887,2.40183782466,1.49641629802,10.8821104155,10.9518342068,8.61905804365
109,30.0,0.0,10.0,0.0,70.9862328663,-15.3095735717,-3.76622895369,35.8816063695,42.16747555,37.480103003
619,55.0,70.0,85.0,0.0,45.4847692463,3.58277625409,10.9170197548,14.949766185,14.8911649618,8.86829331746
145,85.0,0.0,10.0,0.0,57.8809123023,-26.8774516095,-19.8193654947,19.1227334622,25.8358515872,32.8961182864
583,10.0,70.0,85.0,0.0,54.3261292539,28.3482969989,27.380294681,28.0973254865,22.2831290733,8.53144135003
798,100.0,20.0,10.0,20.0,43.8017460721,-12.0322068593,-15.5024038808,11.4471042653,13.7014845716,17.2095869437
902,70.0,70.0,70.0,20.0,39.6720068931,-1.04577684727,3.99881181551,10.5209866879,11.0544378945,8.02794064332
786,40.0,20.0,10.0,20.0,51.0508155515,-5.38527921679,-7.25034269331,17.6011993861,19.3124879678,19.1249197557
890,20.0,70.0,70.0,20.0,45.8700695549,15.4834162803,15.0705809913,17.3303958312,15.1728737822,7.92744464526
768,0.0,20.0,10.0,20.0,62.7728951056,10.5739236446,7.7050585623,33.1071792591,31.3152911539,21.6855749824
872,100.0,70.0,40.0,20.0,38.3382248657,-4.3863716285,-5.35696427904,9.36528523048,10.2787989705,10.0206924755
828,70.0,20.0,20.0,20.0,46.3168721795,-11.7392422315,-6.84171491371,13.0746491609,15.5039719285,15.3950866421
860,40.0,70.0,40.0,20.0,42.5741595137,7.4068884267,3.17637165371,13.540271523,12.8749108064,9.65197526506
816,20.0,20.0,20.0,20.0,55.5038407836,0.597723573999,5.28678188111,22.716879745,23.4214696753,16.9440642815
842,0.0,70.0,40.0,20.0,50.277943794,26.7617183944,16.3784353611,23.5293843099,18.6523309059,9.67577295548
868,100.0,0.0,40.0,20.0,46.2173308915,-25.1212405313,0.422482488102,11.0770501761,15.4297951556,12.5813631339
831,70.0,100.0,20.0,20.0,38.3850218127,6.48210694457,-7.77164430652,10.7848039043,10.3053786456,10.7973376913
856,40.0,0.0,40.0,20.0,54.3328361615,-17.1830387725,11.7448043715,18.042128591,22.2895050168,13.5482729363
819,20.0,100.0,20.0,20.0,43.2662381384,23.2071551512,1.73473382708,16.6935171539,13.3366918742,10.4531829609
838,0.0,0.0,40.0,20.0,67.7757300377,-1.06307121727,30.6982272999,36.0039060057,37.6687054747,15.1771235096
801,100.0,100.0,10.0,20.0,37.2418662662,2.70540390974,-13.465761751,9.65751894273,9.66909535048,12.0291489101
898,70.0,0.0,70.0,20.0,48.1160369775,-24.421497386,13.35345907,12.3365965413,16.8859712076,9.46897498508
789,40.0,100.0,10.0,20.0,40.7269437454,14.9614786213,-6.63075510969,13.4766697697,11.6948374549,11.7480989886
886,20.0,0.0,70.0,20.0,59.0485543945,-10.3862291763,31.8741648258,23.6779942844,27.0802722261,9.5653020957
771,0.0,100.0,10.0,20.0,46.5436076046,34.1507248748,5.30227977977,21.6165188574,15.6738186435,11.1170943517
299,70.0,10.0,30.0,0.0,54.2447017234,-23.8504379877,-4.10060999801,16.7408937904,22.2058166952,20.2469026174
1235,40.0,100.0,70.0,80.0,35.0079783836,6.62543725835,4.8333586489,8.96256710471,8.50237716459,5.92108523824
263,20.0,10.0,30.0,0.0,67.5150159998,-7.4369164782,13.9355658844,33.8011380661,37.3181184012,22.6886475168
548,70.0,85.0,70.0,0.0,41.4345644957,1.39941900408,1.49286962348,11.9042058998,12.1379691487,9.56893577595
56,70.0,10.0,0.0,0.0,56.5664434115,-17.1783571081,-25.4840324422,19.927321087,24.4812476322,35.2274932459
1251,40.0,100.0,100.0,80.0,34.742828606,6.51289006619,5.78824728359,8.8143514759,8.37047398319,5.62439011716
20,20.0,10.0,0.0,0.0,70.3247156958,-3.93929047596,-9.8572963184,38.4923676883,41.2127412518,41.2185244361
710,70.0,85.0,100.0,0.0,41.0549757868,1.58797816915,5.90613708664,11.6977587444,11.8988943517,8.15350331017
735,0.0,100.0,0.0,20.0,47.1985988192,35.2796496221,3.57845472978,22.4713599187,16.1714283601,12.0712169167
922,20.0,0.0,100.0,20.0,58.4824955595,-10.2521750779,36.7848472174,23.1586992254,26.4721180279,7.93557266729
753,40.0,100.0,0.0,20.0,41.018849497,16.3761845067,-8.23438899273,13.8974563147,11.8763060967,12.473568945
934,70.0,0.0,100.0,20.0,48.51814711,-23.8993138953,18.4139472375,12.6708894196,17.2056740662,8.2490358877
765,100.0,100.0,0.0,20.0,37.2039504377,4.71212180935,-15.3538817101,9.88934800942,9.64845271892,12.6649327005
874,0.0,0.0,70.0,20.0,66.2984827998,-1.02442294579,43.5515986389,34.1384466531,35.710959491,9.80935833295
783,20.0,100.0,10.0,20.0,43.1526294922,23.9442996575,-1.44220364453,16.7380277316,13.2601426804,11.4117499325
892,40.0,0.0,70.0,20.0,52.9083253804,-17.7262583496,21.4979415489,16.806508251,20.9624055872,9.50353022077
795,70.0,100.0,10.0,20.0,38.6289159331,7.82432005532,-11.2689946075,11.1094677556,10.4446473085,12.0960215216
904,100.0,0.0,70.0,20.0,45.3927935308,-26.468361619,8.39847274886,10.4203765406,14.8244373272,9.54509406268
807,0.0,100.0,20.0,20.0,46.4715117745,34.1333745486,8.35829725987,21.5465411512,15.6196781051,10.1143609888
850,20.0,0.0,40.0,20.0,59.4321896115,-10.1930201012,19.6978580555,24.0994634195,27.4976877184,13.8620113865
825,40.0,100.0,20.0,20.0,40.1237423075,14.5779863012,-3.47707689528,13.0171202191,11.325722019,10.3889137127
862,70.0,0.0,40.0,20.0,49.1377772436,-22.9716580312,3.93224992417,13.216661638,17.7061784244,13.1279673716
837,100.0,100.0,20.0,20.0,36.7259026882,2.10807800507,-10.3537845041,9.30974708819,9.39070296327,10.7087651912
804,0.0,20.0,20.0,20.0,61.4757580354,9.83353675118,13.4977764303,31.3433162872,29.793637867,17.8584259378
854,20.0,70.0,40.0,20.0,46.1251537274,15.4043563969,8.74113280151,17.5191012996,15.3613173554,9.81799816168
822,40.0,20.0,20.0,20.0,50.4234174915,-6.51283201347,-1.28537086698,16.8974069554,18.7754208865,16.0191837282
866,70.0,70.0,40.0,20.0,39.5768696949,-0.689804583614,-2.18986362482,10.5138410741,10.9978623129,9.7108551921
834,100.0,20.0,20.0,20.0,43.3136848771,-14.6788951968,-10.5784070959,10.7959867739,13.3687483676,14.8199689179
878,0.0,70.0,70.0,20.0,50.0736860613,26.4281814297,23.0750346269,23.2561866663,18.480411566,7.73256789334
780,20.0,20.0,10.0,20.0,55.6660480022,1.43074894943,-0.87920545157,23.0567037438,23.5812270937,19.8752792624
896,40.0,70.0,70.0,20.0,42.2653846149,5.85926774521,8.95876903399,13.09530541,12.672371181,7.90069114412
792,70.0,20.0,10.0,20.0,46.0357158372,-10.4751221754,-13.144136272,13.0826277625,15.2950684957,17.8678639941
908,100.0,70.0,70.0,20.0,38.3227199786,-7.72577123141,-0.133388394593,8.95502728131,10.2700026132,8.51008274354
1231,0.0,100.0,70.0,80.0,37.0114849851,17.5294140121,10.3431606691,11.4881354487,9.54412112938,5.49254653842
289,55.0,0.0,30.0,0.0,60.058306933,-26.2415882281,1.14074516321,21.1629734132,28.1881123319,22.6564373257
538,55.0,70.0,70.0,0.0,44.3046809648,2.12450332163,5.58185316106,13.8833676583,14.0500899606,9.82414752023
1212,0.0,0.0,40.0,80.0,41.3961955173,0.241071723753,13.7730808362,11.7153299046,12.1136592009,6.37561110751
1247,0.0,100.0,100.0,80.0,37.3038091627,17.4826142259,11.2245258259,11.6589270307,9.70288241862,5.41619106683
46,55.0,0.0,0.0,0.0,62.3434410242,-20.6941859005,-21.8229899199,24.5725070725,30.8059042235,39.8355041081
700,55.0,70.0,100.0,0.0,43.9585469593,2.1009972,10.4281242617,13.6438986519,13.8095437744,8.28225722005
1196,0.0,0.0,0.0,80.0,39.164835573,1.2536470641,3.88295632709,10.5359668767,10.7550644297,7.83096577304
495,0.0,100.0,70.0,0.0,51.7634370146,47.1807193532,23.4903509183,30.1241956608,19.9348195706,8.38815673417
241,100.0,70.0,20.0,0.0,42.0488135492,-1.48341172643,-14.7351958529,11.8704984894,12.5315870536,15.6122089681
491,0.0,40.0,70.0,0.0,65.3518802928,23.5219322255,37.8223517018,40.4138327891,34.4928292193,11.0871905364
237,100.0,20.0,20.0,0.0,49.1712421342,-19.2425409048,-15.2264559001,13.8213982037,17.7334823862,21.4227756989
487,0.0,0.0,70.0,0.0,80.8192601083,-0.975810880059,58.3581520926,55.6764439469,58.1448575204,13.1998141722
162,100.0,100.0,10.0,0.0,39.4720905633,4.89582320948,-18.0695568737,11.2064454103,10.9357766657,15.1644798037
622,70.0,0.0,85.0,0.0,54.4683037004,-32.0728438925,20.26653125,15.4676561455,22.4185481834,10.6992598684
126,40.0,100.0,10.0,0.0,44.4151303655,20.2869439133,-9.71829215252,17.0613529262,14.1274306211,15.2330836325
586,20.0,0.0,85.0,0.0,70.1300877506,-13.9873618087,46.4087426926,35.1774527764,40.9346141768,10.9745472008
90,0.0,100.0,10.0,0.0,53.6255611842,47.2179680544,6.95971768058,32.3236309243,21.6238070852,14.9151140726
1175,0.0,100.0,100.0,60.0,38.4663321539,20.5894985562,12.4499742186,12.845454848,10.3516701006,5.57458027998
1094,100.0,70.0,0.0,60.0,33.9394942851,0.661181447717,-8.31362999268,7.76541149029,7.97918349832,8.68077824332
1173,0.0,40.0,100.0,60.0,44.5171590136,10.7812709079,20.5989407205,15.4610382996,14.1991264814,6.0566611045
1092,100.0,20.0,0.0,60.0,35.663712364,-5.22121131426,-9.59949594165,7.9338049453,8.8345180338,9.9092002945
1171,0.0,0.0,100.0,60.0,49.8516111899,-0.595209923444,29.1524261637,17.5307499275,18.2946981459,6.19743858475
871,100.0,40.0,40.0,20.0,40.3381023123,-11.142858345,-4.58963247888,9.59496478546,11.4559912907,10.856580216
829,70.0,40.0,20.0,20.0,42.2199891013,-5.18368223378,-7.87912183916,11.4513820765,12.6427744976,13.0859120277
859,40.0,40.0,40.0,20.0,46.450806044,-1.11208997619,5.35862472384,14.8612933063,15.6041521644,11.0468695429
817,20.0,40.0,20.0,20.0,49.7251159912,8.04546091242,2.92762624933,19.0772444982,18.1894729773,13.8747890746
841,0.0,40.0,40.0,20.0,55.3253547911,17.9158905783,20.0777913678,26.5682966041,23.2465149644,11.2363855635
161,100.0,85.0,10.0,0.0,40.2337769283,0.657402165798,-20.5755636926,11.0753360235,11.3924673774,16.74438217
595,30.0,0.0,85.0,0.0,65.236278201,-19.6194480806,38.9991404421,27.8586551899,34.3459937803,10.6463525236
125,40.0,85.0,10.0,0.0,45.7752301381,16.7349801391,-11.702467621,17.4861480497,15.1032060813,17.0371929926
631,85.0,0.0,85.0,0.0,52.1587064681,-34.7817983515,15.8362336575,13.4038117729,20.2857024698,10.8420141701
89,0.0,85.0,10.0,0.0,55.5109426432,44.144466579,5.96062721356,33.7550475108,23.428449126,16.6606437669
311,85.0,40.0,30.0,0.0,46.2024584448,-11.8313600835,-9.92818038093,12.9854798355,15.4187327738,16.5924511732
1233,40.0,40.0,70.0,80.0,35.8278640703,-0.612214088394,6.44867023204,8.53003368933,8.91899592537,5.87807748563
275,30.0,40.0,30.0,0.0,55.098149516,5.2015303479,3.68920870196,23.3528302992,23.0250681643,17.3339177212
552,85.0,20.0,70.0,0.0,48.061160574,-23.3279035627,6.72180739643,12.4629260472,16.8426506032,11.51099677
68,85.0,40.0,0.0,0.0,47.3396700084,-6.7549686154,-26.6829792157,14.5620376878,16.2799633025,25.8806317001
1249,40.0,40.0,100.0,80.0,36.3714199758,-1.00131406989,8.19319394999,8.7564328268,9.20256895518,5.70802556358
32,30.0,40.0,0.0,0.0,56.6116217343,8.58788931941,-14.5920766995,25.6520928171,24.5270006161,28.1706154596
714,85.0,20.0,100.0,0.0,47.7268449283,-24.7487175786,12.3430822602,12.0444351355,16.5803343673,9.56850803914
181,20.0,0.0,20.0,0.0,73.1790957758,-13.1447235326,9.80657171602,39.4722907636,45.437583463,30.7651094844
543,70.0,20.0,70.0,0.0,50.651461949,-19.7217632424,11.6619493937,14.7777289138,18.969464523,11.3538793389
185,20.0,40.0,20.0,0.0,58.3928689522,11.8041438882,2.18704468063,28.3485210782,26.376669336,20.669105721
547,70.0,70.0,70.0,0.0,42.3759134646,-0.158058239938,2.53672874683,12.2664429019,12.7446261575,9.74041394444
189,20.0,100.0,20.0,0.0,47.9879305863,31.746485138,0.965838611951,22.4426980718,16.784956782,13.4887852327
574,0.0,70.0,85.0,0.0,56.9952924199,36.9204483753,32.5469084229,33.5182445219,24.9178513347,8.37842364471
102,20.0,20.0,10.0,0.0,64.9670998412,1.57109439205,-3.17433274376,33.236409391,34.0057050033,30.0161700681
610,40.0,70.0,85.0,0.0,45.9757611675,9.20880176203,12.5257101656,16.2801482773,15.2507653968,8.65676067174
138,70.0,20.0,10.0,0.0,52.3123357303,-14.0384368115,-19.0882007748,17.0093091518,20.4231833932,26.443908297
646,100.0,70.0,85.0,0.0,40.1788070275,-8.77109824095,0.782954123211,9.80584786544,11.3590907735,9.14698802342
1076,20.0,0.0,0.0,60.0,43.7869877565,-3.08201341243,-0.615080592723,12.7344563429,13.6913430148,11.500221777
1187,70.0,20.0,100.0,60.0,38.1415043627,-10.3994656318,8.61292157076,8.55134005315,10.1675657317,6.27479919408
1078,20.0,40.0,0.0,60.0,39.7185291481,6.14638213573,-0.898381350456,11.5281423542,11.082173948,9.40289285494
1189,70.0,70.0,100.0,60.0,35.4444269594,-1.60601880259,4.59269134193,8.22963409832,8.7225011269,6.13589921808
1080,20.0,100.0,0.0,60.0,35.9524826061,13.5103101551,0.143152070365,10.3271539207,8.98348711423,7.37683520279
806,0.0,70.0,20.0,20.0,49.9416348923,27.1019283237,9.23703586307,23.2796340941,18.3698311135,11.7547172563
852,20.0,20.0,40.0,20.0,54.7963393965,-0.982092302703,15.5768314685,21.710448701,22.7330883661,12.4535851318
824,40.0,70.0,20.0,20.0,42.3422488943,8.73375925889,-3.03714667467,13.5914877307,12.7225899291,11.4773256243
864,70.0,20.0,40.0,20.0,44.9376576813,-14.5436891736,0.887679705953,11.7836089548,14.4971723738,11.66104997
836,100.0,70.0,20.0,20.0,38.0334195818,-3.29171190639,-11.7199635114,9.33851976408,10.1067935001,11.8989838685
876,0.0,20.0,70.0,20.0,59.9706035403,8.86108654414,35.5231886269,29.3467866075,28.0907129718,8.97204919518
782,20.0,70.0,10.0,20.0,45.8492937667,17.190369621,-2.41398522094,17.6301271652,15.1575938945,13.375326096
894,40.0,20.0,70.0,20.0,48.7365310576,-9.22376692098,16.8170745125,15.152658744,17.3809817543,8.78641111554
794,70.0,70.0,10.0,20.0,39.6762965331,2.5430761874,-12.254810168,11.0047732242,11.0569933913,13.0822902286
906,100.0,20.0,70.0,20.0,41.9750984121,-19.3323078265,3.81885531802,9.45483857739,12.4839067469,9.16446527922
498,10.0,20.0,70.0,0.0,67.3807806032,4.99202361103,39.4758348188,37.3255738385,37.1384609487,11.6969790331
293,55.0,40.0,30.0,0.0,49.7607899363,-5.13342687314,-4.83020268329,16.6312648526,18.219107426,17.0369291968
534,55.0,20.0,70.0,0.0,52.4967578442,-17.0442824953,14.8963784323,16.6101397081,20.5890391252,11.3364427242
1214,0.0,70.0,40.0,80.0,36.1779659307,11.4406123238,8.6045639046,10.1845766251,9.10096547617,5.55406486681
660,10.0,20.0,100.0,0.0,66.2403686331,5.32586183579,46.8609312096,35.9352485126,35.6353621968,8.82405082779
50,55.0,40.0,0.0,0.0,51.1084121561,-0.155578534423,-21.4886276936,18.640870857,19.3622989727,26.6325563554
696,55.0,20.0,100.0,0.0,52.1465157697,-17.6941144953,20.6934945646,16.2263319446,20.2748196641,9.35517248852
1198,0.0,70.0,0.0,80.0,35.2720787271,10.2799048718,3.98016642441,9.54367888505,8.63512857709,6.20518297848
531,40.0,100.0,70.0,0.0,42.7462796625,18.6205704561,7.10582877889,15.4962750947,12.9887434129,8.61602563069
205,40.0,70.0,20.0,0.0,47.2200051178,13.1500196812,-5.6606912233,17.9805545559,16.1878664313,15.5475796224
527,40.0,40.0,70.0,0.0,51.6349062541,-1.76105339072,15.6095182973,18.7695858885,19.821600078,10.6270802913
201,40.0,20.0,20.0,0.0,58.5735480495,-8.07453804309,-4.01381352871,23.7379963311,26.569320734,24.0403335901
523,40.0,0.0,70.0,0.0,62.1219171779,-23.9983094077,28.2760884454,23.5953209883,30.5453221914,12.4294093922
158,100.0,40.0,10.0,0.0,45.0973072437,-8.99367118719,-22.1500721313,12.6949273125,14.6114138581,21.37223854
626,70.0,40.0,85.0,0.0,45.1018426916,-11.9396420949,9.92694525502,12.2617768271,14.6146680552,8.96090192948
122,40.0,40.0,10.0,0.0,52.7130011942,3.07172839899,-12.3597182485,20.6726412858,20.7846533439,23.0964445198
590,20.0,40.0,85.0,0.0,56.0804453202,9.35193985092,29.4610197558,25.2887462813,23.9926608802,8.79141040461
86,0.0,40.0,10.0,0.0,66.6036992784,26.1695546426,7.00822446717,43.0764962597,36.109753453,25.6088435839
1185,40.0,100.0,100.0,60.0,34.8543471946,8.19849480394,5.96622514902,9.07113560888,8.42578326322,5.62734306069
1084,40.0,70.0,0.0,60.0,35.3012048101,6.43138784851,-3.54902331116,9.09017731966,8.64985298724,8.03107485502
1183,40.0,40.0,100.0,60.0,38.6950340762,-1.01587492079,10.4176238917,9.97823294751,10.4826171362,6.08777912275
1082,40.0,20.0,0.0,60.0,38.9584444412,-1.3967964798,-4.60185037189,10.0747549486,10.6348000229,10.116371732
1181,40.0,0.0,100.0,60.0,42.9467476236,-11.3179779764,16.7955664435,11.0368918109,13.1221674744,6.29754383805
472,85.0,30.0,55.0,0.0,46.0402811289,-18.353355227,2.38685558913,11.9184776768,15.2984454981,11.796530644
113,30.0,40.0,10.0,0.0,55.6423787301,7.57137959941,-8.60878653472,24.4289946632,23.5578701691,23.7916521396
615,55.0,20.0,85.0,0.0,52.3383562725,-16.9930322067,20.0648244725,16.4972811833,20.4465301905,9.63610753889
149,85.0,40.0,10.0,0.0,46.0922305696,-8.1241870534,-21.2755587076,13.4829922784,15.3369081552,21.7979204941
579,10.0,20.0,85.0,0.0,66.4826752145,5.45021172738,45.0252131296,36.2865736524,35.9512708609,9.4674738045
796,100.0,0.0,10.0,20.0,46.3503560174,-20.3134167206,-16.5425673674,11.8291870092,15.528976945,19.6851038064
903,70.0,100.0,70.0,20.0,36.3618956803,2.7586718914,0.692153814006,9.19836741407,9.19754911533,7.41572581738
784,40.0,0.0,10.0,20.0,54.9190466181,-14.5578959476,-6.61945974839,19.034898701,22.851499226,22.0858375173
891,20.0,100.0,70.0,20.0,41.8656726371,22.3518470018,11.3166380084,15.4852567854,12.4133513993,7.13737482627
766,0.0,0.0,10.0,20.0,69.00285255,-0.288451996703,10.911403974,37.853898824,39.348350633,25.7414307346
307,85.0,0.0,30.0,0.0,54.2932833385,-31.4990340113,-7.1900672876,15.4368310061,22.2519215551,21.8255787972
520,30.0,70.0,70.0,0.0,48.0421761114,14.9856701164,14.1020586514,19.0156595042,16.827681131,9.21525566877
271,30.0,0.0,30.0,0.0,67.8387463908,-18.9032385023,11.4748255053,30.9863448953,37.7537729673,24.3055735956
556,85.0,70.0,70.0,0.0,41.0288416755,-6.57629279269,0.38614809734,10.5630406926,11.8825509246,9.68928845721
64,85.0,0.0,0.0,0.0,56.1552779907,-24.2459113125,-28.7052242572,18.1925366758,24.0674647822,37.0200623709
682,30.0,70.0,100.0,0.0,47.7049959666,14.3540853724,19.1364332308,18.6098934821,16.5632863445,7.69551222992
28,30.0,0.0,0.0,0.0,69.8305471089,-14.6836263155,-12.9655536456,34.5936554549,40.5090142246,43.0017311367
718,85.0,70.0,100.0,0.0,40.2493362508,-7.51359185688,4.02166651114,10.0039971745,11.4019265388,8.28526941313
217,70.0,0.0,20.0,0.0,57.7705188938,-27.6999769185,-8.91855497369,18.8684133113,25.7202121841,26.006419002
507,20.0,20.0,70.0,0.0,62.1400498032,-1.07451692883,33.0146972796,29.1940338591,30.566596456,10.8518534561
221,70.0,40.0,20.0,0.0,48.0406059024,-6.26636378344,-11.9184991452,15.145537512,16.8264434,18.8822389549
511,20.0,70.0,70.0,0.0,50.4240877583,21.5354975891,19.347131362,22.5061746851,18.7759892704,8.89236373189
225,70.0,100.0,20.0,0.0,40.2887500596,9.0788997793,-11.6118208835,12.3016810588,11.4259112653,13.2325879992
570,0.0,20.0,85.0,0.0,70.8434207636,13.4057051375,53.5058562426,44.966707799,41.9601274135,9.18907239639
106,20.0,70.0,10.0,0.0,51.8360676037,23.9671982696,-4.22961197995,24.4265173366,19.9989882513,18.3569967879
606,40.0,20.0,85.0,0.0,55.1055933377,-11.4910188629,26.4488961861,19.8043277395,23.0323009453,9.16696594978
142,70.0,70.0,10.0,0.0,43.6717916433,4.10510694538,-17.1315337594,13.7649236829,13.612354963,17.8284681379
642,100.0,20.0,85.0,0.0,45.8890467332,-25.4923685986,10.0085225852,10.8346354708,15.1868398239,9.32511918771
1086,70.0,0.0,0.0,60.0,37.4685613846,-7.92094184083,-7.47463217878,8.50286748811,9.7931302325,10.2095192919
1177,20.0,20.0,100.0,60.0,42.924972297,-1.00388787309,18.8858925129,12.4903480177,13.107630594,5.83546619394
1088,70.0,40.0,0.0,60.0,35.4671666585,-0.629422739424,-7.30417498199,8.35074363369,8.73407291904,9.13659881221
1179,20.0,70.0,100.0,60.0,38.5494466232,10.0228079384,12.4439206494,11.3656552984,10.3991317404,5.60529993849
1090,70.0,100.0,0.0,60.0,33.3172438512,4.89836805672,-5.56250938827,7.93440593598,7.68462050047,7.66817507318
1441,3.0,40.0,3.0,0.0,65.1982819298,23.1068956941,0.0431674595962,40.0658327213,34.2978228364,28.2731216701
1442,40.0,40.0,3.0,0.0,53.2187922242,3.08785443688,-16.3578143435,21.1311551906,21.247022794,25.7729385373
1445,3.0,3.0,40.0,0.0,77.3641577172,-1.52957058376,37.3237597247,49.706746993,52.139466499,19.4980000899
1452,40.0,40.0,0.0,3.0,51.7121146458,3.96973726109,-16.5546764628,19.9727091799,19.8895594335,24.4290487082
1475,0.0,3.0,3.0,40.0,56.3639674933,2.02956473146,5.55916670367,23.8700606314,24.27689511,17.4709526749
1460,40.0,0.0,40.0,3.0,60.6532537736,-22.5202641261,13.6793794607,22.5139553001,28.8547832136,17.1541651307
1439,40.0,3.0,3.0,0.0,64.0671261477,-16.5821715528,-15.7628543665,27.3554681126,32.8843115595,37.5292210742
1470,40.0,3.0,0.0,40.0,46.2871189762,-7.79853732894,-7.8183665735,13.6654979559,15.481775406,15.7720809923
1458,0.0,0.0,40.0,3.0,78.0032719137,-1.12521690176,38.5957626593,50.8911162406,53.2175580504,19.4176508875
1459,3.0,0.0,40.0,3.0,76.2307283362,-4.22620559126,35.8996623416,46.9394959114,50.2635255143,19.2483059252
17,10.0,85.0,0.0,0.0,52.7875030222,36.9698598218,-3.25190355056,28.6062940103,20.8523337333,18.6597927125
695,55.0,10.0,100.0,0.0,53.7040638337,-23.9535880237,25.2068508897,16.306542193,21.6970319523,8.83514308072
1207,70.0,100.0,0.0,80.0,31.646906248,3.43762817138,-3.70083131861,7.02373251234,6.92995082263,6.52604530363
659,10.0,10.0,100.0,0.0,69.7971046172,-1.0456538063,54.3744227928,38.686997142,40.4616816149,8.44448084825
260,10.0,85.0,30.0,0.0,51.291368141,35.2106794012,9.14651897379,26.5454992543,19.5210919539,12.5899502785
533,55.0,10.0,70.0,0.0,54.2832626066,-23.7305560584,18.367965442,16.7924592784,22.2424064744,11.2079460556
1223,70.0,100.0,40.0,80.0,32.183454451,2.32523183066,0.258911864739,7.14555327013,7.16671000097,5.85816938266
497,10.0,10.0,70.0,0.0,70.5877717982,-1.71280591882,46.1387598622,39.5560532637,41.5906515518,11.3196515567
567,100.0,100.0,70.0,0.0,37.75315486,-0.603919904559,-1.80493578145,9.52023535148,9.95033972432,8.69915634393
169,0.0,70.0,20.0,0.0,57.7597576954,38.5148914315,11.501488942,34.9363359049,25.7089580976,15.961986571
563,100.0,40.0,70.0,0.0,42.976242028,-16.0002379799,3.8680846886,10.4271976034,13.1418746279,9.65242899403
165,0.0,20.0,20.0,0.0,72.8028172757,14.1991346356,17.6565071756,48.2584019217,44.8648545764,25.6314603058
559,100.0,0.0,70.0,0.0,50.2644671199,-35.1410128831,11.5480914098,12.1235040558,18.6409551634,11.172308278
154,100.0,0.0,10.0,0.0,53.8388089744,-28.0155533593,-22.695513718,15.6983491962,21.8231031453,30.2276205401
630,70.0,100.0,85.0,0.0,39.0493656469,4.89613647569,4.1284939972,10.9573025265,10.6876688431,7.71702509819
118,40.0,0.0,10.0,0.0,65.2041854232,-20.4196315925,-9.71312245857,27.6220258006,34.3053042148,34.6147680224
594,20.0,100.0,85.0,0.0,45.3817949221,30.05602133,16.6504819128,19.730729731,14.8164712957,7.31516849276
82,0.0,0.0,10.0,0.0,83.0733841334,-0.377787722553,14.8406086098,59.9175600512,62.3012880732,39.1371119573
1195,100.0,100.0,100.0,60.0,32.9842490267,-1.33578158398,1.93072759777,7.1242093361,7.53000726539,5.79660403944
1074,0.0,70.0,0.0,60.0,38.7729411526,15.3703347551,3.2501465856,12.266199966,10.5274749854,7.81993116686
1193,100.0,40.0,100.0,60.0,35.2815988247,-8.79499360169,4.69273871479,7.37600302049,8.63993953076,6.05293469477
1072,0.0,20.0,0.0,60.0,44.4785339886,6.46340301432,3.19814294366,14.7078719117,14.1719560892,10.6500768451
1191,100.0,0.0,100.0,60.0,38.4850242863,-16.8736887437,8.79706021074,7.98957312724,10.3623314317,6.36590730663
1456,3.0,40.0,3.0,3.0,63.241632579,21.9429975285,0.407247382394,37.0526910769,31.8776483788,26.0678882468
1457,40.0,40.0,3.0,3.0,51.3947709738,3.39644155458,-14.7968209291,19.5821198771,19.6112211766,23.183564795
1462,3.0,3.0,40.0,3.0,73.8534585199,-1.46768713211,34.6128366229,44.3092027861,46.4761801539,17.9593594222
1466,40.0,40.0,40.0,3.0,50.2296798868,-1.11896832791,5.298181106,17.7368816814,18.6116124291,13.316621308
1476,3.0,3.0,3.0,40.0,55.0731587337,0.537116077593,4.15098908955,22.2964345157,23.0007969743,17.1140350207
1463,40.0,3.0,40.0,3.0,59.1068296452,-20.1957954629,12.6995865744,21.5749754583,27.1434047695,16.4320288124
1454,40.0,3.0,3.0,3.0,61.8439153972,-15.9529796045,-14.8781557773,25.1792984307,30.2203888555,34.1806504644
1477,40.0,3.0,3.0,40.0,45.3728836805,-8.14226412285,-6.27194970709,13.0027161921,14.8100191878,14.5240540227
1383,60.0,45.0,45.0,40.0,38.3362618934,-3.54622256525,2.66982635294,9.46732427633,10.2776850437,7.77561603817
1421,0.0,0.0,3.0,3.0,81.0580672354,0.140753912071,8.42536126242,56.5417760043,58.5761668456,41.392627608
1258,100.0,70.0,100.0,80.0,32.7031873066,-4.6468049963,2.45632679335,6.67336277711,7.40113257986,5.58633015827
51,55.0,55.0,0.0,0.0,47.8694312591,4.1851473611,-20.8876059227,16.8411993041,16.6918771231,23.1902622594
681,30.0,55.0,100.0,0.0,49.7301846122,8.71590195894,22.9719095777,19.2135616372,18.1936815353,7.60834048545
15,10.0,55.0,0.0,0.0,59.4648443387,25.5876485504,-5.02331747638,33.3217908573,27.533414572,25.4521045689
1242,100.0,70.0,70.0,80.0,32.7753374928,-3.37232215234,1.31948598649,6.82918419502,7.43407403104,5.84966676491
294,55.0,55.0,30.0,0.0,46.6662029301,-0.40029535686,-5.60421833691,15.1357570012,15.7661688907,15.1398096994
519,30.0,55.0,70.0,0.0,50.2087691779,8.92920815722,18.4508146639,19.6663326685,18.5939892511,9.04035057423
258,10.0,55.0,30.0,0.0,58.1409555933,23.2560680392,12.1245676242,31.0837524611,26.1096211464,15.9761321223
244,0.0,0.0,30.0,0.0,82.3374523721,-1.12530381658,32.916358076,58.2813442159,60.9232258369,26.3067084552
432,20.0,100.0,55.0,0.0,46.3971761259,30.6877442794,11.5091519769,20.7541193407,15.5639862636,9.14559663286
280,40.0,0.0,30.0,0.0,64.8731975661,-22.5597393772,7.17804942607,26.7349520822,33.8875269599,23.8610627362
468,70.0,100.0,55.0,0.0,40.1039352563,6.8970048138,-1.52614126817,11.8701148489,11.3137351137,9.78386323169
316,100.0,0.0,30.0,0.0,52.4112224871,-32.1703156178,-7.80227693203,13.9864795093,20.5120036878,20.510231819
1141,100.0,0.0,40.0,60.0,36.7372601163,-12.9091343167,1.69976588259,7.60352383888,9.3967726863,7.32657918633
1122,0.0,20.0,40.0,60.0,43.6714294561,5.46829457577,14.6971169815,13.9812235326,13.6121070976,7.07290991526
1143,100.0,40.0,40.0,60.0,34.3470285401,-5.48862476376,-0.739139390105,7.30099082053,8.17612577416,6.91995952206
1124,0.0,70.0,40.0,60.0,38.9530641689,15.5694063862,10.350857001,12.4095032667,10.6316769804,6.19985608122
1145,100.0,100.0,40.0,60.0,32.6173522471,0.657537388959,-2.12394604565,7.16624863002,7.36206998074,6.54803046431
406,0.0,0.0,55.0,0.0,80.9312017592,-1.08864306507,52.1479858265,55.8248806167,58.3467706427,15.6756925537
270,20.0,100.0,30.0,0.0,47.2386087824,31.0336252985,4.05478272932,21.5906084499,16.2021613811,11.931779955
442,40.0,0.0,55.0,0.0,62.581689556,-24.064502241,22.99272146,24.0315662548,31.0878092761,14.6823286889
306,70.0,100.0,30.0,0.0,40.50035012,7.45753493659,-8.52149407865,12.1979758675,11.5552527543,12.2616352159
478,100.0,0.0,55.0,0.0,51.1804944015,-34.5663204451,6.39325800488,12.7921973385,19.424758101,13.517298358
1316,0.0,50.0,0.0,0.0,64.7986953533,30.5267714321,0.252667784059,41.9295144708,33.7939593481,27.7321063999
1317,0.0,40.0,0.0,0.0,66.6843444989,26.7675903405,0.337303193931,43.3970125697,36.2156175855,29.670069008
1336,0.0,0.0,50.0,0.0,81.1989415772,-1.16577877075,47.9253483963,56.2588008483,58.831597294,17.6707708922
1337,0.0,0.0,40.0,0.0,81.6566592888,-1.29688948683,41.3137965948,57.0061204565,59.6666456004,21.156462482
1356,0.0,0.0,0.0,50.0,52.7752301287,0.872395141475,4.15240018117,20.2750053598,20.8411744615,15.452132443
1357,0.0,0.0,0.0,40.0,57.0125233603,0.663411833636,4.15888236636,24.1975800047,24.9355014883,18.6018441976
1296,50.0,0.0,0.0,0.0,63.1155223755,-20.339595731,-21.7058580039,25.4388750045,31.7256940784,40.7673940558
1297,40.0,0.0,0.0,0.0,65.7303454948,-18.4104822302,-18.7544123748,28.7113637052,34.9764748739,41.9835555808
1423,0.0,3.0,3.0,3.0,79.1059429198,2.81951666695,7.24822032332,54.2487364513,55.1123588347,39.7058960442
1446,40.0,3.0,40.0,0.0,61.2557565648,-21.8105858346,12.6413326646,23.2471789371,29.5405503497,18.0721491676
13,10.0,30.0,0.0,0.0,65.9831464591,14.2217452737,-4.8738457845,38.3192867139,35.3020380758,32.2460021412
699,55.0,55.0,100.0,0.0,45.6723211455,-3.03023895801,13.6074389613,14.0013528456,15.0278521903,8.22238095232
49,55.0,30.0,0.0,0.0,52.7470536071,-4.30464668922,-21.9946624737,19.2102453314,20.8155696942,28.6200994091
663,10.0,55.0,100.0,0.0,56.6911893097,22.3721545162,34.0553600691,29.1836536163,24.6077188211,7.84267507707
256,10.0,30.0,30.0,0.0,63.9870569542,11.1945985885,15.687548668,34.7958308131,32.7857547027,18.8303475343
537,55.0,55.0,70.0,0.0,45.8998842968,-2.85195287847,8.16186976503,14.1874442092,15.1948194507,9.87525805238
292,55.0,30.0,30.0,0.0,51.5119829795,-9.57233174172,-3.07144617962,17.1949233445,19.7137218898,17.5877816379
501,10.0,55.0,70.0,0.0,56.5168032887,22.3294821243,27.9882775999,28.9769772679,24.4310417398,9.42498566829
480,100.0,20.0,55.0,0.0,47.5041485799,-23.5768166994,2.49627363339,12.0751104431,16.4071188992,12.6326040234
304,70.0,70.0,30.0,0.0,43.2781095662,2.85219082603,-6.8549337835,13.3040083296,13.3447077681,13.3782229939
444,40.0,20.0,55.0,0.0,56.6280410481,-10.7536978084,15.8741252749,21.3111509013,24.5436428937,13.484513819
268,20.0,70.0,30.0,0.0,50.9185063157,22.7369352472,5.12613365892,23.2450292923,19.1983872659,13.8217146838
408,0.0,20.0,55.0,0.0,71.1544000178,12.7771407811,39.9163496248,45.2148358499,42.4125109526,13.8590783617
1140,70.0,100.0,40.0,60.0,33.3305403961,3.89601739227,-0.4340046064,7.83141676116,7.6908377854,6.44338494054
1129,20.0,70.0,40.0,60.0,37.1256403357,9.4660193448,6.44939506635,10.4598183347,9.60591115523,6.36678206263
1138,70.0,40.0,40.0,60.0,35.5664338095,-3.39738087639,1.23718763571,8.08852292521,8.78470791039,6.94990441925
1127,20.0,20.0,40.0,60.0,41.1111091882,0.317865265039,9.81178540398,11.5525883936,11.934049012,7.18684358162
1136,70.0,0.0,40.0,60.0,38.2449885804,-11.8440944483,3.84603523036,8.43696126035,10.2259790498,7.43880235116
318,100.0,20.0,30.0,0.0,48.3627565205,-21.595267722,-9.47131905218,12.9168522365,17.0816547406,18.0197371394
466,70.0,70.0,55.0,0.0,42.3381137615,0.178673039185,-0.272556410002,12.2918948366,12.7198848978,10.5807859169
282,40.0,20.0,30.0,0.0,57.2859787489,-9.32022325371,2.16059949119,22.2269072464,25.2167265667,19.7572499158
430,20.0,70.0,55.0,0.0,50.8433998652,21.5232838272,14.9321253392,22.9022007787,19.1338174605,10.4116164099
246,0.0,20.0,30.0,0.0,72.5595426705,13.5467681309,24.370652458,47.6407134478,44.4971430345,21.7913403383
1335,0.0,0.0,60.0,0.0,80.408390284,-0.797859395872,52.112034148,55.0397960166,57.4077501692,15.3243644039
1338,0.0,0.0,30.0,0.0,81.9409665649,-1.10331645594,31.40482818,57.5863902887,60.1892857075,26.787839255
1071,0.0,0.0,0.0,60.0,48.4791423991,0.97844808502,4.04679412347,16.7368135646,17.1744876448,12.6788855219
1358,0.0,0.0,0.0,30.0,64.4908210599,0.631363804586,4.09137667414,32.3924758836,33.4091252631,25.1991232395
1295,60.0,0.0,0.0,0.0,61.4365379338,-21.7380259653,-24.0104737276,23.4385996231,29.7484139889,40.3125781366
1298,30.0,0.0,0.0,0.0,69.7525673866,-14.6691448042,-13.6215607557,34.4997855479,40.398703407,43.4211312142
1315,0.0,60.0,0.0,0.0,61.602671704,34.6593957181,0.632932114377,38.8080462119,29.9402934432,24.3549435974
4,0.0,30.0,0.0,0.0,70.7210442374,20.8575859962,0.748490697671,47.4191389276,41.782991298,33.9601764421
1443,3.0,0.0,40.0,0.0,79.5278792162,-4.44723743847,37.7532158937,52.1288547835,55.8491337006,21.1016971597
1444,0.0,3.0,40.0,0.0,79.6903037984,1.27219825399,38.166434765,54.6326817515,56.1344966157,21.035356813
1256,100.0,0.0,100.0,80.0,36.2807860284,-13.8070239258,6.86759540125,7.302726677,9.15487371125,5.95540323244
459,55.0,100.0,55.0,0.0,40.816617472,11.4544130548,-0.249328832745,12.9962663146,11.7503866316,9.76951663829
677,30.0,10.0,100.0,0.0,61.6677765723,-12.8643937446,37.8352034802,25.7339027718,30.0157120316,9.14633059376
423,10.0,100.0,55.0,0.0,48.9864730063,38.2852457607,16.1480614596,24.9009971427,17.583079272,9.09582274574
1240,100.0,0.0,70.0,80.0,35.2673321347,-11.2487286089,4.58566261527,7.11686993718,8.63273056772,6.07084100173
378,55.0,100.0,40.0,0.0,40.8813816261,11.7599759755,-3.22589037809,13.0853991303,11.7906145614,10.7204208456
515,30.0,10.0,70.0,0.0,62.0032411832,-13.1351618844,29.6018236871,26.0167735358,30.4063281944,11.900853009
342,10.0,100.0,40.0,0.0,49.3164462231,38.7126523848,12.1600139832,25.3375017395,17.8522793651,10.4550915572
248,0.0,40.0,30.0,0.0,65.0743088511,25.7470009711,19.6790670027,40.7480520724,34.1409654023,17.8687374912
428,20.0,40.0,55.0,0.0,56.7241878505,10.4843894108,20.4925263976,26.2263009477,24.6412464397,11.9033997326
284,40.0,40.0,30.0,0.0,52.4224903121,1.13606270198,0.366611797392,20.0189828251,20.522140785,16.7755369484
464,70.0,40.0,55.0,0.0,47.0090586065,-8.86313870152,3.21653595824,13.9899916986,16.0263641099,12.0832911557
320,100.0,40.0,30.0,0.0,44.54926938,-11.6186194091,-10.5847073057,11.9627434286,14.2217406188,15.6778291763
1131,40.0,0.0,40.0,60.0,40.7716397143,-8.46455256021,7.76864836896,10.1710284949,11.7225028296,7.54724482951
1132,40.0,20.0,40.0,60.0,38.8731557152,-3.54358743484,5.93303475449,9.75547675706,10.585365126,7.19175969865
1133,40.0,40.0,40.0,60.0,37.6024796562,0.444365366332,4.60436588474,9.56961137909,9.8668988099,6.98402666347
1134,40.0,70.0,40.0,60.0,35.4819400421,5.36146902995,3.01902490482,9.05536179921,8.74159628933,6.50150865952
1135,40.0,100.0,40.0,60.0,34.8280414533,8.88026077211,2.25421206635,9.13932533795,8.41271465531,6.41937424393
410,0.0,40.0,55.0,0.0,64.5166922029,25.3340011237,32.5246618869,39.8372838106,33.4413504319,12.387531083
266,20.0,40.0,30.0,0.0,57.8364158135,11.0813497909,7.5591090354,27.5575512424,25.789198978,17.7089086917
446,40.0,40.0,55.0,0.0,50.9699589829,-0.269757473187,10.2707843132,18.5036851842,19.2427054071,12.00604959
302,70.0,40.0,30.0,0.0,47.1969150439,-7.55219351919,-7.20668487153,14.3315045889,16.1701358476,16.1683623877
482,100.0,40.0,55.0,0.0,44.1991262166,-14.8742281078,-1.47263393571,11.2900259811,13.9764409839,12.0298853197
1334,0.0,0.0,70.0,0.0,79.9972660138,-1.00229967338,57.6461504637,54.2566594972,56.6764482005,12.9442621657
1339,0.0,0.0,25.0,0.0,82.9494097681,-1.1012796421,28.0551060838,59.3891835497,62.0677005654,29.8741965642
1354,0.0,0.0,0.0,70.0,43.8433745462,1.08217079841,3.95144049612,13.4072309242,13.7301176333,10.0764108853
1359,0.0,0.0,0.0,25.0,67.4789833376,0.611589476551,4.2491909559,36.1227104187,37.2698363865,28.1075212322
1294,70.0,0.0,0.0,0.0,59.3779574416,-23.1672806607,-26.55348768,21.1928307227,27.4384217449,39.544941938
1299,25.0,0.0,0.0,0.0,72.6035359118,-12.4838612766,-11.1168687192,38.8946073066,44.5634897918,45.3951542337
1314,0.0,70.0,0.0,0.0,58.7393734878,40.0961473821,0.460065635607,36.6708032593,26.7469577277,21.8335050512
1319,0.0,25.0,0.0,0.0,72.7566792401,18.6667695863,0.928860727945,49.8320243255,44.7949614907,36.2915718759
1422,3.0,0.0,3.0,3.0,79.1930240307,-2.27387239659,5.66220369232,52.4096492692,55.2638837841,41.0400987882
1453,40.0,0.0,3.0,3.0,63.7923204017,-17.576579159,-13.3316709731,26.8147873907,32.5468765472,35.4426984073
8,0.0,85.0,0.0,0.0,55.4098520409,44.739900028,2.80786056934,33.8009613573,23.3292314621,17.9618918614
1252,70.0,0.0,100.0,80.0,37.3537145377,-11.3317081601,8.52942830279,8.06299163826,9.73016074008,5.9958398206
44,40.0,85.0,0.0,0.0,45.4808021074,19.2381764875,-13.7266459009,17.715902403,14.888282711,17.7013553369
650,0.0,10.0,100.0,0.0,75.4087565517,6.72455342957,61.1021829344,49.6419313689,48.9316021485,9.26806564504
251,0.0,85.0,30.0,0.0,54.3318520134,43.8439999839,14.4083380747,32.2316937883,22.2885693571,12.5830227901
1236,70.0,0.0,70.0,80.0,36.4688277996,-10.1926256488,6.32195881632,7.77064472315,9.25401326425,6.14398789721
287,40.0,85.0,30.0,0.0,44.6292732624,16.1060469465,-3.01570330632,16.4741610657,14.2781887895,12.8303156729
488,0.0,10.0,70.0,0.0,75.5664793335,6.32638221899,51.3270873853,49.7466837102,49.1853290192,12.4747640864
484,100.0,70.0,55.0,0.0,40.879102994,-2.92657412365,-2.04519097528,10.9660038271,11.7891976446,10.3486898974
300,70.0,20.0,30.0,0.0,52.7042977096,-15.8202022335,-4.1730998702,16.9925230641,20.7767563231,19.0193777743
448,40.0,70.0,55.0,0.0,46.7389151447,11.3645490315,7.11242714036,17.2616033644,15.821113519,10.6446801912
264,20.0,20.0,30.0,0.0,63.8133002611,0.297785508053,11.2733131122,31.4912097715,32.5725560278,20.7968992379
412,0.0,70.0,55.0,0.0,56.5610507971,37.9712470167,24.6322756769,33.2839825778,24.4757902288,10.4608489028
1130,20.0,100.0,40.0,60.0,35.8677815124,13.1369461704,5.04923236243,10.2311001606,8.93961983801,6.19592783972
1139,70.0,70.0,40.0,60.0,34.6978478931,1.4763307193,0.162610855175,8.214428472,8.34823382188,6.84979500997
1128,20.0,40.0,40.0,60.0,39.7527620747,4.71401437392,8.08584717517,11.3486828437,11.1026128425,7.03806500929
1137,70.0,20.0,40.0,60.0,37.1073695849,-6.92661115122,2.10510850658,8.43855241139,9.59600368748,7.38407037422
1126,20.0,0.0,40.0,60.0,44.3635053482,-5.30632304196,12.16869583,12.7736089344,14.0912456883,8.00672771829
322,100.0,70.0,30.0,0.0,41.2109324094,-2.73448060835,-11.6647443048,11.187814092,11.9967362203,13.8419141034
462,70.0,20.0,55.0,0.0,50.3010726814,-18.6498245927,6.44692379818,14.7052165178,18.6718649259,12.9438637608
286,40.0,70.0,30.0,0.0,46.2388866162,12.4484308349,-2.05604091699,17.0654570032,15.4458380647,13.491111583
426,20.0,20.0,55.0,0.0,62.7250539437,-0.84450340374,25.7936184234,29.9177270759,31.2582696282,13.7049398353
250,0.0,70.0,30.0,0.0,57.4810195446,38.9142597737,15.4000800491,34.7010200113,25.4185956614,14.2168393162
1333,0.0,0.0,75.0,0.0,80.5922234524,-0.630276476382,61.0734064174,55.4228562726,57.7367750038,12.0988190181
163,0.0,0.0,20.0,0.0,82.6540391042,-0.751519545577,23.2708575526,59.0032895319,61.51352928,32.6433867254
1353,0.0,0.0,0.0,75.0,41.7350001892,1.14044128006,3.80276040484,12.053435701,12.3294455513,9.05115422177
1360,0.0,0.0,0.0,20.0,70.2288526487,0.662405040412,4.36687511799,39.8211703772,41.0755942054,30.9920399445
1293,75.0,0.0,0.0,0.0,58.8889775101,-23.6372677862,-27.4637601252,20.6543244023,26.9078956871,39.595902461
1300,20.0,0.0,0.0,0.0,73.8337897478,-10.6062546166,-8.7130859889,41.2069113064,46.4456661596,45.1606726954
1313,0.0,75.0,0.0,0.0,57.4467903254,42.2912431497,1.45272752596,35.6549464196,25.3830904333,20.2311432572
1320,0.0,20.0,0.0,0.0,74.4621764456,15.4935659332,1.44294997627,51.4049852336,47.4271610832,38.0562864178
1447,3.0,40.0,40.0,0.0,63.2831906383,21.8777935378,22.9570413548,37.087540198,31.9278291255,15.1752935487
1440,0.0,40.0,3.0,0.0,66.2466270846,27.017534638,2.11642416081,42.8432477527,35.6434983164,28.1123598124
708,70.0,55.0,100.0,0.0,43.6622704242,-6.95320993138,9.26949921418,12.0843501716,13.6058400488,8.4566358549
22,20.0,30.0,0.0,0.0,61.452694042,8.23387457023,-11.0696156954,30.8808828599,29.7670377119,31.1890882372
1250,40.0,70.0,100.0,80.0,34.8548404763,3.37289935458,6.59776667784,8.50605467613,8.42602845318,5.49804554171
58,70.0,30.0,0.0,0.0,51.2500765388,-6.56811784073,-24.2888527397,17.5409566359,19.4851781657,28.4452189686
546,70.0,55.0,70.0,0.0,44.0437453659,-6.48251476022,3.79790758864,12.3933866223,13.8684956906,10.2291959015
265,20.0,30.0,30.0,0.0,60.4787136476,5.60281484614,8.81649291847,29.0680607322,28.6581239116,19.2129277617
1234,40.0,70.0,70.0,80.0,34.3194450116,3.88021570872,4.77001883764,8.3013017357,8.16269482091,5.68413335382
301,70.0,30.0,30.0,0.0,49.6297124365,-12.235349405,-6.99011179573,15.2943407455,18.1103788913,17.8868486983
252,0.0,100.0,30.0,0.0,51.9397620152,47.7225210455,14.4542721462,30.4723050403,20.0908400492,11.1665193384
424,20.0,0.0,55.0,0.0,70.2052368043,-14.981206884,33.2893949067,34.9799331442,41.0418548303,15.8256851283
288,40.0,100.0,30.0,0.0,43.9194010873,20.5373987317,-2.28110971714,16.7196976677,13.7825134111,12.1420662624
460,70.0,0.0,55.0,0.0,56.5271912777,-30.8739576336,11.0657487869,17.2528461192,24.4415424405,15.2727741122
324,100.0,100.0,30.0,0.0,38.5240611057,3.84914922227,-10.8708911039,10.5139712399,10.3846202545,11.8979156077
1121,0.0,0.0,40.0,60.0,47.6518398077,-0.124645738002,17.1309038547,15.9102529663,16.5218591588,8.19301952114
1142,100.0,20.0,40.0,60.0,36.0254764105,-8.61668859821,0.185039331471,7.73453353927,9.02140603279,7.39763260573
1123,0.0,40.0,40.0,60.0,42.1438780782,10.7696480403,12.5187416226,13.7773653921,12.5932555725,6.96391356083
1144,100.0,70.0,40.0,60.0,34.265520295,-1.10663048746,-2.09375150416,7.72636256377,8.13648033478,7.21187231191
1125,0.0,100.0,40.0,60.0,38.2676067619,20.7614709961,9.24467277799,12.7424175085,10.2387759649,6.18320134064
414,0.0,100.0,55.0,0.0,51.8916669754,47.3200938251,20.5337991372,30.3089294785,20.0482029017,9.27431300284
262,20.0,0.0,30.0,0.0,71.8922204019,-14.6999062932,16.9714208817,37.2500085996,43.4988064461,25.1323830656
450,40.0,100.0,55.0,0.0,42.1950336528,18.6105623483,2.74763770032,15.0917878616,12.6265238476,9.58554144093
298,70.0,0.0,30.0,0.0,57.2533608353,-29.3973175678,-2.52253238712,18.113043854,25.1830713848,22.0487195709
486,100.0,100.0,55.0,0.0,38.1122282169,0.468612959637,-5.56754206646,9.84776176177,10.151080807,9.96643819124
1352,0.0,0.0,0.0,80.0,39.8339048831,1.18969145765,4.00413672276,10.9132736386,11.1511598001,8.09984210417
1361,0.0,0.0,0.0,15.0,74.6268966759,0.591683612442,4.82388382103,46.1933580258,47.6867097773,35.8137262442
1292,80.0,0.0,0.0,0.0,58.0578139663,-23.8553184345,-27.9272152065,19.877079941,26.0218816665,38.8648948829
1301,15.0,0.0,0.0,0.0,76.5038937136,-7.97785918773,-5.14977679724,46.0238802619,50.7114552135,46.02768684
1312,0.0,80.0,0.0,0.0,56.6393756264,43.3280684999,2.12183381612,34.9316150169,24.5551357795,19.2481343582
1321,0.0,15.0,0.0,0.0,77.6499392401,11.0705784361,2.17049822864,55.0312619766,52.619719922,41.6893145032
1332,0.0,0.0,80.0,0.0,80.2474715378,-0.176122216284,62.4345795065,55.0111853994,57.1207656355,11.4381977977
1341,0.0,0.0,15.0,0.0,83.7409596628,-0.464687965182,18.1183997196,61.1009358681,63.5691873816,37.5578848399
1472,0.0,0.0,3.0,40.0,57.74201041,0.569325734107,5.64605681008,24.906502995,25.6904051173,18.496854897
1417,3.0,3.0,3.0,0.0,80.2179428127,0.277879206797,4.20766318055,55.1413150947,57.0682078096,43.5944265085
1318,0.0,30.0,0.0,0.0,70.9614187439,21.378838795,0.956898213316,47.9827193739,42.1313991362,34.1014655594
690,40.0,55.0,100.0,0.0,48.1836515235,3.17497271283,16.983379916,16.9035026528,16.939449641,8.47877440296
1205,70.0,40.0,0.0,80.0,32.8286246822,0.301914763984,-3.94857706607,7.22316213434,7.45846589839,7.06117503634
654,0.0,55.0,100.0,0.0,60.2701096553,30.7992782497,39.4202259732,35.8572668428,28.4242585359,8.05219775492
247,0.0,30.0,30.0,0.0,68.4419689575,20.1209091762,21.3138424694,43.7135295088,38.5745693523,19.7960388403
528,40.0,55.0,70.0,0.0,48.9231010617,4.29861168148,11.6324815957,17.6968242611,17.5316906844,10.4081244227
1221,70.0,40.0,40.0,80.0,33.8066537451,-2.38390251357,1.10829045509,7.3815893527,7.91567812822,6.28163317863
492,0.0,55.0,70.0,0.0,60.9839048989,30.5816886084,33.5189063341,36.7194902702,29.2297998248,10.071894455
1075,0.0,100.0,0.0,60.0,37.7187114343,19.9974575035,4.43299859362,12.2783544145,9.93122433133,7.07310516666
1194,100.0,70.0,100.0,60.0,34.084655391,-2.34870815502,2.25124012845,7.51100096518,8.04896617196,6.13524646572
1073,0.0,40.0,0.0,60.0,42.4390665571,11.5170408605,2.87025511064,14.0992123102,12.7860336602,9.673660319
1192,100.0,20.0,100.0,60.0,37.344834147,-11.0596590926,6.16433075009,8.08888219156,9.72530297627,6.51666594904
1355,0.0,0.0,0.0,60.0,49.9557945748,0.999284839198,4.34322067561,17.9129336307,18.3816673457,13.4945167329
648,100.0,100.0,85.0,0.0,37.4094111148,0.396333356667,-0.805682449556,9.460862454,9.76066485307,8.26681407871
136,70.0,0.0,10.0,0.0,58.8279806902,-25.539145876,-17.7682305369,20.2091819015,26.8422000538,32.6164987794
612,40.0,100.0,85.0,0.0,42.2814681291,17.9356951273,7.87041999568,15.0410491397,12.6828682812,8.19334392756
100,20.0,0.0,10.0,0.0,73.3803685374,-12.2560190548,0.277362851627,40.0351387548,45.7459294025,37.5417375409
576,0.0,100.0,85.0,0.0,51.6193213238,47.5741179115,25.227562558,30.0635582186,19.8079009206,7.86414069238
171,0.0,100.0,20.0,0.0,52.7520599747,48.6891010799,11.6861907941,31.687398994,20.8201175829,12.5824462138
565,100.0,70.0,70.0,0.0,40.4297368728,-6.60588403582,-1.51319848145,10.2208299858,11.51198216,9.94871467464
167,0.0,40.0,20.0,0.0,64.9553629353,26.4930138308,13.7560285095,40.8241147863,33.9909188527,20.5442681477
561,100.0,20.0,70.0,0.0,46.9682403859,-24.1345387696,5.67429934598,11.6645694494,15.9952379199,11.2346408773
1340,0.0,0.0,20.0,0.0,82.9203514102,-0.775270648287,23.6469687521,59.4733042416,62.0130345742,32.6988108627
1351,0.0,0.0,0.0,85.0,37.4289776591,1.29661678756,3.80114846155,9.58256443247,9.77139624587,7.10498937351
1362,0.0,0.0,0.0,10.0,78.0560330634,0.675252046442,4.99592951168,51.6611994829,53.3072164972,40.0428552437
1291,85.0,0.0,0.0,0.0,57.3239398165,-23.9102764256,-28.406100628,19.23439723,25.2559325569,38.2786383847
1302,10.0,0.0,0.0,0.0,78.7598350394,-5.27325457731,-1.86395868256,50.5567050091,54.5128540539,46.5358996654
1311,0.0,85.0,0.0,0.0,55.2551840247,45.1299067864,2.72643756342,33.7214452369,23.1779718153,17.8790514463
1322,0.0,10.0,0.0,0.0,79.4933835178,7.85183272658,2.90318207964,56.9345286313,55.7886531599,43.6391248063
568,0.0,0.0,85.0,0.0,80.3416388209,-0.203670239772,64.5003243753,55.1618946831,57.2885883823,10.8187338777
1342,0.0,0.0,10.0,0.0,83.8600898784,-0.327130187834,13.8133760687,61.3792439737,63.7972399227,40.9589542491
1374,5.0,3.0,3.0,0.0,79.6793004875,-0.771391121067,3.26845901388,53.8085110099,56.1151343312,43.6029287471
1438,40.0,0.0,3.0,0.0,66.1331203582,-19.2742352538,-15.7305377482,28.9370022551,35.496129505,40.1727174117
704,70.0,10.0,100.0,0.0,52.5016928714,-26.2202285673,19.488770325,15.0237489996,20.5934896185,9.89195806163
1203,40.0,100.0,0.0,80.0,33.0656025862,7.60382327663,-0.90738650194,8.1131335392,7.56758735715,6.44713756308
668,20.0,10.0,100.0,0.0,65.7060312516,-8.08387599327,43.2030893034,31.4299706481,34.945268342,9.60935623025
62,70.0,85.0,0.0,0.0,42.916964823,10.576803039,-19.1727458734,14.279771149,13.1022876259,18.1601978478
542,70.0,10.0,70.0,0.0,52.497058433,-26.2114185316,12.5425770789,15.0218785207,20.5893101831,12.1301262666
1219,40.0,100.0,40.0,80.0,33.8794716829,7.10828073455,2.50631747852,8.45242059373,7.95044736692,6.0029628699
506,20.0,10.0,70.0,0.0,66.0953152707,-8.42572706546,33.9182770718,31.7975129143,35.4471364791,12.8576912984
305,70.0,85.0,30.0,0.0,41.5113408117,6.28652782475,-8.18177481926,12.668510441,12.1867109573,12.7554211086
1176,20.0,0.0,100.0,60.0,45.8504298852,-6.42189776697,21.3890251458,13.5861313315,15.1584292059,6.38994016967
1087,70.0,20.0,0.0,60.0,37.0872467046,-3.39254152587,-7.01228467156,8.83783175312,9.58509977283,9.86923316002
1178,20.0,40.0,100.0,60.0,40.8049005311,4.64399621469,13.8799621049,11.9804674519,11.7431185012,6.12603909773
1089,70.0,70.0,0.0,60.0,34.8234018808,3.92914716297,-6.57662742179,8.55438330197,8.41041113331,8.62215341476
1180,20.0,100.0,100.0,60.0,37.5167136057,15.4085470509,9.04489675905,11.4961000134,9.81961228638,5.9454552789
88,0.0,70.0,10.0,0.0,58.2407555754,39.7459719371,6.17993232176,35.9169806821,26.2152003969,18.6461624961
588,20.0,20.0,85.0,0.0,61.9446142711,-1.39238942937,35.0312374649,28.8924045008,30.3378199008,10.1158339785
124,40.0,70.0,10.0,0.0,47.0941066898,14.5163552764,-11.4451379948,18.1365439079,16.091347725,17.9240754623
624,70.0,20.0,85.0,0.0,50.3622922704,-19.8640046171,13.622393713,14.5488351851,18.7236351153,10.5618631196
160,100.0,70.0,10.0,0.0,41.7848083548,0.0508239998481,-20.3865126999,11.9273266665,12.361383042,17.8291631437
505,20.0,0.0,70.0,0.0,69.8916949394,-14.8080098843,40.217938984,34.6343291675,40.5956548278,12.9459949899
219,70.0,20.0,20.0,0.0,51.9189204768,-15.5708954125,-11.2803165824,16.4285910266,20.0723562233,21.8238041539
509,20.0,40.0,70.0,0.0,55.8681366865,9.79711589493,23.0679976263,25.177508867,23.7812778846,10.5767175004
223,70.0,70.0,20.0,0.0,43.1370761387,2.88873060922,-12.3245710806,13.2159384117,13.2496857253,15.3952681758
513,20.0,100.0,70.0,0.0,45.5963859666,29.7149604572,12.6008349301,19.8482689186,14.9724105523,8.45754291016
1350,0.0,0.0,0.0,90.0,35.068361076,1.32676925709,3.75195856084,8.37763561529,8.53260798932,6.17809312082
1363,0.0,0.0,0.0,7.0,79.7608627069,0.668456669788,5.00013196825,54.5140787384,56.258763441,42.3284251183
1290,90.0,0.0,0.0,0.0,56.7876242085,-24.3349515775,-29.3343540645,18.6989591192,24.7057854145,38.2812873411
1303,7.0,0.0,0.0,0.0,80.7009475097,-3.89933379024,-0.17247813744,54.3103355635,57.9319598126,47.9484275458
1310,0.0,90.0,0.0,0.0,54.0493601016,46.9967762475,3.33834307137,32.7739550281,22.0210766933,16.7042655608
1323,0.0,7.0,0.0,0.0,80.7173980644,6.10999226694,3.37319814084,58.385757703,57.9615306193,44.9803847149
1330,0.0,0.0,90.0,0.0,80.4991231991,-0.346940795706,66.5575883431,55.3756912569,57.5699873826,10.2582779893
1343,0.0,0.0,7.0,0.0,84.4687719411,-0.312711230407,11.814016404,62.515595819,64.9709644579,43.3704796405
1373,10.0,6.0,6.0,0.0,75.3466637206,-1.46330781023,2.43882361577,46.5653820864,48.8319539833,38.4485452978
1415,3.0,0.0,3.0,0.0,82.4553046787,-2.90535760297,5.40197462379,57.7568052094,61.1425283734,45.7843084146
1199,0.0,100.0,0.0,80.0,35.0564268405,14.0967376348,4.59612481335,9.90558898735,8.52662739648,5.98990683357
694,55.0,0.0,100.0,0.0,57.6142092148,-28.9004648439,27.1370249802,18.5052832761,25.5570654821,10.2471261371
52,55.0,70.0,0.0,0.0,45.9943451774,9.51659769757,-19.1267349126,16.3488006414,15.2644887637,20.6381434673
1244,0.0,0.0,100.0,80.0,44.1211435221,-0.380757002146,21.5404874682,13.3660235736,13.92219555,5.71100838223
1215,0.0,100.0,40.0,80.0,36.3820947506,16.162636516,8.33728683886,10.9260648165,9.20819733278,5.68185092495
532,55.0,0.0,70.0,0.0,58.5638253528,-28.5876434841,20.3917064791,19.3664363491,26.5589299812,13.0526507166
295,55.0,70.0,30.0,0.0,45.1368318648,6.91937225488,-5.50745113067,15.2585740013,14.639789132,14.0734008692
1228,0.0,0.0,70.0,80.0,42.3614564,-0.178819090354,17.9408171052,12.2542894948,12.7351597058,5.8298581375
1085,40.0,100.0,0.0,60.0,35.1703779508,9.97183724689,-2.67875247012,9.45157308142,8.58384578336,7.74749741387
1184,40.0,70.0,100.0,60.0,36.8883085727,5.28296801979,7.12286507004,9.78958163221,9.47774601701,6.12699069529
1083,40.0,40.0,0.0,60.0,38.1056295332,2.97302842607,-4.19585425977,10.1640757689,10.1473676571,9.55398589187
1182,40.0,20.0,100.0,60.0,40.5718456393,-5.04689411309,12.2510754634,10.5048116222,11.5991743217,6.39825088293
1081,40.0,0.0,0.0,60.0,41.6915363353,-6.15844254897,-4.5245979915,11.0027123627,12.3016210828,11.5992093752
644,100.0,40.0,85.0,0.0,43.5998923267,-15.7936360607,3.97081185809,10.8119763133,13.5632091173,9.94321046742
140,70.0,40.0,10.0,0.0,47.7094278092,-4.21257849821,-18.3829848457,15.2512671834,16.5667434196,21.7448140679
608,40.0,40.0,85.0,0.0,50.112742302,-1.13668148193,17.175566307,17.6394256866,18.513202326,9.35848455819
104,20.0,40.0,10.0,0.0,57.584792763,12.9715789306,-4.51323017648,27.7602830223,25.5264396907,23.3906410322
572,0.0,40.0,85.0,0.0,63.3586021753,24.5218687473,40.5047084086,38.0035003494,32.0190218811,9.2166855676
207,40.0,100.0,20.0,0.0,43.4163356734,19.7942879108,-5.57355560975,16.2013591718,13.4382781408,12.9980268115
529,40.0,70.0,70.0,0.0,45.6990780021,9.98005116833,8.36670829366,16.2057936495,15.0474204126,9.71054596618
203,40.0,40.0,20.0,0.0,51.7525432585,1.43977007663,-6.50236654471,19.4993717487,19.9252068579,19.3414439129
525,40.0,20.0,70.0,0.0,55.5465596336,-11.5597493857,19.3322486376,20.1755874753,23.4634731304,11.609627269
199,40.0,0.0,20.0,0.0,64.8541322543,-21.9570576061,-1.39437217761,26.8632022414,33.8635663404,28.7878299525
1289,95.0,0.0,0.0,0.0,55.824470266,-24.5058294066,-30.0969049926,17.8735757809,23.7379563582,37.6190166912
1304,5.0,0.0,0.0,0.0,81.5879306183,-3.20317950934,0.698142397194,56.113205291,59.5407579076,48.5183534435
1309,0.0,95.0,0.0,0.0,53.9965273953,47.654292956,3.99761441912,32.8952095305,21.9712879809,16.3861104348
1324,0.0,5.0,0.0,0.0,81.440156857,4.77210187518,3.72061861166,59.12487516,59.2706862375,45.7267509115
1329,0.0,0.0,95.0,0.0,80.0021408959,-0.0583259282383,67.135351687,54.6380700179,56.6850829786,9.8223043097
1344,0.0,0.0,5.0,0.0,83.7408596577,-0.0773862014373,10.3517763973,61.2662120426,63.5689961691,43.5377338523
1349,0.0,0.0,0.0,95.0,34.4220556498,1.34527990043,3.7152635855,8.06747613825,8.21273244343,5.94417291649
1364,0.0,0.0,0.0,5.0,80.8778589596,0.613454030836,5.16819581249,56.4186232225,58.2504961443,43.7379599915
1372,20.0,12.0,12.0,0.0,67.4561747425,-4.28914005468,-1.7184083147,34.6404505875,37.2392955126,31.8403619883
1437,3.0,40.0,0.0,0.0,64.9709507382,24.6318101411,-2.42118918206,40.241678655,34.0105572961,29.5477984567
716,85.0,40.0,100.0,0.0,44.3471418799,-14.9152042997,7.35415236643,11.3728967671,14.0797891393,9.323936993
1201,40.0,40.0,0.0,80.0,34.2883579543,2.38472273149,-2.13431149285,8.11884461314,8.14757557075,7.23137475812
680,30.0,40.0,100.0,0.0,53.1545959999,3.54864706938,24.3100205718,21.1698916444,21.1879616352,8.82104896529
66,85.0,20.0,0.0,0.0,51.8617418754,-12.8429456241,-27.263031768,16.8737854186,20.021704212,30.9678682161
554,85.0,40.0,70.0,0.0,44.4254541728,-12.9787189475,2.74006904196,11.6922622612,14.1346741938,10.7663675398
1217,40.0,40.0,40.0,80.0,35.2702807009,0.876717412612,3.88967132977,8.42542631949,8.63422015031,6.22447452354
518,30.0,40.0,70.0,0.0,53.6449347707,4.83503914145,17.9602310647,21.8938641187,21.6418628366,10.9828805868
309,85.0,20.0,30.0,0.0,50.2215422443,-18.7647346914,-7.8327275514,14.6297562217,18.6047528441,18.7318993366
1186,70.0,0.0,100.0,60.0,40.283047805,-14.7990744682,11.2878117365,9.11932948555,11.4224391583,6.50355279179
1077,20.0,20.0,0.0,60.0,41.5679156825,2.12832601095,-1.00214090454,12.0921968834,12.2227111641,10.3935837591
1188,70.0,40.0,100.0,60.0,36.9093423729,-4.4227076167,6.46654452078,8.62816373351,9.48905847805,6.27967899677
1079,20.0,70.0,0.0,60.0,37.2101646717,11.1321623983,-0.79593474215,10.7292987753,9.65183393848,8.17285302991
1190,70.0,100.0,100.0,60.0,34.0991608309,3.49802864077,2.86972700976,8.15198827062,8.05596158473,6.0062775881
84,0.0,20.0,10.0,0.0,73.5264441994,15.1326200019,9.26311058605,49.7515155922,45.970585915,31.5033585949
592,20.0,70.0,85.0,0.0,49.5544058945,21.0110478391,19.9929666827,21.5819282471,18.0481083601,8.30451529919
120,40.0,20.0,10.0,0.0,57.2935371281,-6.31838765512,-11.7630387188,22.8934692187,25.2245295834,27.1828153559
628,70.0,70.0,85.0,0.0,41.773384418,-0.547393341245,4.44738611599,11.8345726403,12.3540530319,8.88808706681
156,100.0,20.0,10.0,0.0,49.6141586747,-16.3723406103,-22.3996295896,14.5926518435,18.0975058606,25.6744531492
541,70.0,0.0,70.0,0.0,55.262831825,-31.8359351588,17.256910951,16.1015483725,23.1854356733,12.1488354506
183,20.0,20.0,20.0,0.0,62.876937664,1.10061718251,4.67206674613,30.6123946065,31.4395380107,23.3581245454
545,70.0,40.0,70.0,0.0,45.5686492552,-10.0969702562,6.69244925704,12.83443651,14.9521935322,10.1477451615
187,20.0,70.0,20.0,0.0,51.3234124855,23.553250824,1.02497769089,23.8238219495,19.548993238,15.7064282821
549,70.0,100.0,70.0,0.0,39.1595420312,6.42300427614,0.785296172308,11.2312633932,10.7519686032,8.65354318828
1288,98.0,0.0,0.0,0.0,55.5824568173,-24.3746299753,-30.4467242453,17.7025943294,23.4988079645,37.569590095
1305,3.0,0.0,0.0,0.0,82.2257561192,-1.85271489552,2.48075167858,57.7827949899,60.7158632456,47.9275306048
1308,0.0,98.0,0.0,0.0,53.0238699697,47.5614188841,4.24711176507,31.6994991298,21.0680309729,15.5878297137
1325,0.0,3.0,0.0,0.0,82.0958466488,3.31892078617,4.06304339324,59.7000898321,60.4752805684,46.3879877033
1328,0.0,0.0,98.0,0.0,79.9828778995,0.145259876618,68.4524081706,54.6858448302,56.6509679436,9.42341781121
1345,0.0,0.0,3.0,0.0,83.9607036425,0.116908009793,8.73080885392,61.7557830845,63.9902704906,45.1741739078
1348,0.0,0.0,0.0,98.0,33.5797049337,1.3905858517,3.64204112463,7.67712274759,7.80796478112,5.65352358441
1365,0.0,0.0,0.0,3.0,81.9234619064,0.537580843833,5.27828761667,58.2310834085,60.1570191911,45.1245234922
1371,40.0,27.0,27.0,0.0,54.4230950821,-5.53052254381,-1.47132727707,20.4185378035,22.3754283072,19.1413911291
1436,40.0,3.0,0.0,0.0,64.7786307601,-15.4243165868,-19.1629839038,28.4244027313,33.768789622,41.0189577096
12,10.0,20.0,0.0,0.0,69.6931928225,9.2333916962,-4.8300554881,41.8643263798,40.3148460354,36.6341164698
698,55.0,40.0,100.0,0.0,47.7527987385,-6.5361142531,15.1735194455,14.8925842473,16.6006004639,8.77181139795
48,55.0,20.0,0.0,0.0,55.4854538481,-8.35081716831,-22.5993774516,20.7821938811,23.4034061005,31.9992464956
1246,0.0,70.0,100.0,80.0,38.2614636691,14.6615047241,13.1155534833,11.8447645703,10.2352992703,5.36801917667
255,10.0,20.0,30.0,0.0,67.4957937752,6.9051376422,17.3150274337,38.0707147803,37.2923563697,20.9490839681
536,55.0,40.0,70.0,0.0,48.0503816862,-5.99291027155,10.035950703,15.1987536083,16.8341502345,10.4367409104
291,55.0,20.0,30.0,0.0,54.1532516074,-12.8277849163,-2.25536969168,18.7284593665,22.1192016828,19.2907442456
1230,0.0,70.0,70.0,80.0,37.1046012296,12.9773159607,10.8249671361,10.9164395368,9.59450311817,5.4274967404
1095,100.0,100.0,0.0,60.0,32.8732419242,3.926815067,-6.74366243387,7.62276443743,7.47893014538,7.77420360623
1174,0.0,70.0,100.0,60.0,39.7010903148,17.3294584202,14.8297132003,13.1591825464,11.0717716793,5.52323851601
1093,100.0,40.0,0.0,60.0,34.2440037586,-1.44224214406,-8.59788787656,7.6803920968,8.12603616076,8.90591491762
1172,0.0,20.0,100.0,60.0,45.3767139961,5.74775504558,22.8175236888,15.2352879704,14.8127922653,5.89823835989
1091,100.0,0.0,0.0,60.0,36.3627884992,-8.63079904177,-9.04237806884,7.89050647016,9.19801960356,10.1057636547
640,100.0,0.0,85.0,0.0,50.7700748696,-35.3613804761,14.7877741642,12.4101822763,19.0709190166,10.4171998404
144,70.0,100.0,10.0,0.0,40.6383635935,11.3746556747,-14.3301575981,12.8677061745,11.6401378556,14.4833691328
604,40.0,0.0,85.0,0.0,61.3226849923,-23.8052723918,33.5027530685,22.8668886384,29.6173918424,10.2558150889
108,20.0,100.0,10.0,0.0,46.9546879905,31.2113670489,-2.41317633813,21.3682150744,15.9849123747,14.0886171282
1331,0.0,0.0,85.0,0.0,80.5439432445,-0.327974745588,66.0382225833,55.4605397683,57.650241627,10.4433258654
243,100.0,100.0,20.0,0.0,38.0671444662,3.87855048977,-14.2851405593,10.259863939,10.125729738,12.814368188
493,0.0,70.0,70.0,0.0,55.9393564304,38.2905640894,29.6292533193,32.616503336,23.8520481412,8.67744491052
239,100.0,40.0,20.0,0.0,44.6318882481,-10.1542442251,-15.1321573578,12.2266582037,14.2800363559,17.6755835371
489,0.0,20.0,70.0,0.0,70.5436375751,13.714727537,47.4701277278,44.6255159749,41.5270870687,10.8625842715
235,100.0,0.0,20.0,0.0,53.5730532281,-30.1130874109,-13.6997250389,15.1455429163,21.5749213383,24.6239511644
1287,100.0,0.0,0.0,0.0,54.9615542814,-24.3330390463,-30.5585273499,17.2147516688,22.892614253,36.8716778541
1306,2.0,0.0,0.0,0.0,82.8158623652,-1.68005915343,2.61097628461,58.9070036893,61.8167299527,48.6960344781
1307,0.0,100.0,0.0,0.0,52.479666734,48.5027549877,5.00380288722,31.3140488405,20.5736310203,14.9072946863
1326,0.0,2.0,0.0,0.0,83.0409964176,2.98571450532,4.44366147896,61.2860755925,62.2402079899,47.4489298251
1327,0.0,0.0,100.0,0.0,80.1520116085,0.287593071657,69.3883657096,55.0319822212,56.9509740196,9.23693744308
1346,0.0,0.0,2.0,0.0,84.5546742252,0.115943859662,7.90446336422,62.8624820078,65.1377603926,46.7242874187
1347,0.0,0.0,0.0,100.0,32.5879678398,1.40995142642,3.46679928262,7.23043564418,7.34872910575,5.34140922647
1366,0.0,0.0,0.0,2.0,82.1817996117,0.60088229406,5.35445477572,58.7188876927,60.6343877776,45.430833605
1370,60.0,45.0,45.0,0.0,46.5368392902,-5.17386745122,1.10609114748,14.2558549147,15.6687306486,12.5345340371
1414,3.0,3.0,0.0,0.0,80.1099231758,0.905127994915,1.18063738851,55.2057729636,56.8762196345,45.9328764994
712,85.0,0.0,100.0,0.0,51.8740137274,-34.4734501564,18.6420751893,13.2616744253,20.0325681163,9.82125773407
34,30.0,70.0,0.0,0.0,48.9457730865,21.0123356974,-12.3355952142,21.0274996361,17.5500640095,19.8129158595
676,30.0,0.0,100.0,0.0,64.208101331,-19.7697978787,41.3872894703,26.7160505408,33.0583170209,9.38478895895
70,85.0,70.0,0.0,0.0,42.5168457204,3.99843771492,-22.1603955563,12.9768988825,12.8371541479,19.2167461375
550,85.0,0.0,70.0,0.0,52.4007230665,-34.4738015052,13.3971214007,13.6146815947,20.5025608905,11.7816518317
277,30.0,70.0,30.0,0.0,48.4006416851,17.8099496576,1.19498062473,19.8850609636,17.1118362772,13.6680894703
514,30.0,0.0,70.0,0.0,65.6559982057,-20.4330841998,34.5151375064,28.1111257976,34.881110981,12.3783893041
313,85.0,70.0,30.0,0.0,41.6928761162,0.35574863838,-9.38567532353,11.9142128797,12.302478151,13.3038686962
