SAMPLE_ID,CMYK_C,CMYK_M,CMYK_Y,CMYK_K,LAB_L,LAB_A,LAB_B,XYZ_X,XYZ_Y,XYZ_Z
810,10.0,20.0,20.0,20.0,61.0380242457,7.65515467945,7.8196716099,30.2445197875,29.2914884338,20.1463349098
1369,80.0,65.0,65.0,0.0,42.8397190058,-2.4979826355,0.000313822442988,12.2166427891,13.0508200796,10.7681917814
1393,100.0,85.0,85.0,80.0,34.2920316703,0.516751249083,1.0855026796,7.91472654134,8.14936131601,6.47469335963
1427,0.0,7.0,7.0,0.0,78.8952503492,6.19697823998,8.56167070152,55.2281914936,54.7468908379,38.4451277185
1387,100.0,85.0,85.0,60.0,35.6009984703,0.372320660562,1.76287259786,8.53079937879,8.80238475948,6.83964737499
1377,10.0,6.0,6.0,10.0,71.4984075904,1.42077536314,4.3319567586,41.8538717357,42.9167157843,32.4470529001
558,85.0,100.0,70.0,0.0,40.8414551712,2.70470427315,-1.10315807748,11.725623923,11.7658036092,10.0395555913
1381,10.0,6.0,6.0,20.0,66.4905686021,1.72217931648,4.17475653817,35.1839395493,35.9615931912,27.1351151958
1394,80.0,65.0,65.0,80.0,34.5459596517,0.0439784828136,1.06648731719,7.98286085339,8.2734257064,6.57887773548
1434,0.0,7.0,7.0,7.0,75.0984878109,5.79628066754,8.30957448132,48.8046850818,48.435025889,33.9507492555
1388,80.0,65.0,65.0,60.0,36.3772761834,-0.0692202362755,1.69814307759,8.86881202669,9.20565641287,7.17514288484
1392,10.0,6.0,6.0,60.0,48.6399847604,1.73026681421,5.24172730456,16.998321051,17.3033331059,12.3558488568
1382,80.0,65.0,65.0,40.0,38.7616811406,-1.17756995759,1.54745321472,9.99425551518,10.5209837257,8.26103904455
93,10.0,20.0,10.0,0.0,71.106430953,9.01827197325,3.49395897491,43.8441231752,42.3425189984,32.5549090528
230,85.0,40.0,20.0,0.0,48.7339528551,-8.66229215982,-14.2528372398,15.2455727285,17.3789051877,20.5643176353
1430,0.0,7.0,0.0,7.0,75.2387489123,6.60233723126,4.47315067375,49.3248552525,48.6590915809,36.8203407123
1395,60.0,45.0,45.0,80.0,36.1331076793,0.857785136639,2.30272879203,8.85403193376,9.0775129033,6.92887457135
1376,20.0,12.0,12.0,10.0,66.3395205656,0.350198188618,3.05481921514,34.5896525674,35.7644074586,27.6451117968
1389,60.0,45.0,45.0,60.0,39.1920823201,0.578090166159,2.47140391584,10.4623383515,10.7710085694,8.21259755845
1380,20.0,12.0,12.0,20.0,61.626261558,1.13311437867,4.5512432529,29.192214827,29.9676057195,22.2887131608
1424,3.0,3.0,3.0,3.0,77.6674365745,2.253284043,5.77875658806,51.6242063349,52.6492194671,38.9426617163
1385,20.0,12.0,12.0,40.0,52.9037198296,1.3811187838,4.01706606721,20.4931607838,20.9582027436,15.5971591592
1378,60.0,45.0,45.0,20.0,45.4587674588,-0.945895919494,1.470930712,14.1882006757,14.8722806174,11.7672207751
1391,20.0,12.0,12.0,60.0,45.1624745777,1.58241924006,4.54192935009,14.3909160305,14.6582180256,10.5981376562
1420,3.0,3.0,0.0,3.0,78.2898163737,2.09052870176,2.86689737566,52.5914498121,53.705702555,42.0095530175
1397,20.0,12.0,12.0,80.0,39.0942297753,1.88738133528,5.02412033274,10.5795841106,10.7138208518,7.51023036223
210,55.0,20.0,20.0,0.0,59.8406159123,-8.56144654459,-5.75317957891,24.8865488278,27.9467677813,26.2385444676
101,20.0,10.0,10.0,0.0,72.5732731317,-1.0570679431,1.39179147794,42.572772567,44.5178430406,35.7367014797
1432,0.0,0.0,7.0,7.0,78.9697924162,0.451048714547,10.0998489911,53.0918087528,54.8760064542,37.4060508856
1375,40.0,27.0,27.0,10.0,57.46029399,-0.603689237788,2.04823735585,24.350498221,25.3970935407,19.9549647128
1384,40.0,27.0,27.0,40.0,46.7936223045,0.580573405074,3.21705244087,15.3948183142,15.8625367629,11.9558394868
1379,40.0,27.0,27.0,20.0,53.3460701758,0.0633304078749,2.58028924838,20.6147387071,21.3644440778,16.5110633241
1,0.0,0.0,0.0,0.0,83.0949948511,1.12219893371,5.02607333867,60.5912565562,62.3420660056,47.0313700883
970,100.0,100.0,0.0,40.0,36.7343788747,5.17841265148,-11.887745794,9.69319425429,9.39523262377,11.2076239642
1049,0.0,70.0,100.0,40.0,44.3912122527,23.0864658484,16.8739904835,17.5577746831,14.1106582801,6.85010533547
968,100.0,40.0,0.0,40.0,40.8722485836,-3.96115222296,-12.3170657239,10.8221230081,11.7849360657,13.8676741949
336,10.0,20.0,40.0,0.0,69.0250098736,7.97848932383,19.8137862156,40.5075514867,39.3791289443,21.0175525403
479,100.0,10.0,55.0,0.0,52.3924210749,-25.8415978031,3.58795073283,15.0082805191,20.495096433,15.4134487506
560,100.0,10.0,70.0,0.0,52.4570162096,-27.8419866826,10.8750045503,14.7218526839,20.5532227985,12.6896090887
328,0.0,30.0,40.0,0.0,67.4436327826,19.3334131122,21.9271197704,41.9983691137,37.2225088495,18.7012463413
564,100.0,55.0,70.0,0.0,43.5295748133,-8.88048096327,1.37744838977,11.7258422412,13.5152590469,10.7085228946
974,0.0,70.0,20.0,40.0,45.6262841715,24.6250996863,6.31369960279,18.8643647754,14.9942234643,10.2947947336
1045,100.0,100.0,70.0,40.0,36.3362098904,1.41190837094,-0.342419422829,9.02344037861,9.18402035887,7.66437274717
234,85.0,100.0,20.0,0.0,41.1055019376,7.01378654543,-12.3858288528,12.5163056411,11.930534251,14.0459391301
999,0.0,70.0,40.0,40.0,45.578182427,23.8325455443,10.2651304781,18.6700804617,14.9591401148,9.09769176067
1018,100.0,40.0,40.0,40.0,40.0339193844,-6.41816231364,-2.4665439329,10.0253337226,11.2714304409,10.0307700778
997,0.0,20.0,40.0,40.0,54.3078196404,8.20630381968,16.4856366625,23.2626205684,22.2657291707,11.8492626103
641,100.0,10.0,85.0,0.0,51.2421290617,-28.3107407962,14.1074326777,13.7989147728,19.478270826,10.8895857041
849,10.0,100.0,40.0,20.0,46.3855289829,30.6088763479,8.68945005596,20.7273112283,15.5552723049,9.96865198441
433,30.0,0.0,55.0,0.0,70.2027974972,-14.7245119061,28.8017903666,35.0524303285,41.0383709056,17.7438331768
279,30.0,100.0,30.0,0.0,46.377678707,28.1388371928,2.33509882719,20.2118129898,15.549400856,12.0122003568
469,85.0,0.0,55.0,0.0,56.1881026265,-29.0629393202,9.09206539509,17.3171187867,24.1003257964,15.8379781361
315,85.0,100.0,30.0,0.0,41.0167598251,6.75256925126,-8.24737608803,12.4210694614,11.8750003877,12.4768652256
1046,0.0,0.0,100.0,40.0,56.7954521843,-0.546437974,36.4522073916,23.7070786599,24.7137572542,7.28494083444
955,20.0,100.0,0.0,40.0,42.1163537502,22.0511445306,-0.164582020419,15.6189388938,12.575379735,10.4272162642
1056,40.0,0.0,100.0,40.0,49.8197266213,-10.9350576609,23.662877544,15.6564455759,18.2681367836,7.47359591768
965,70.0,100.0,0.0,40.0,37.52573084,9.28664853285,-7.16552588845,10.6644727963,9.82457675404,10.1449522267
1066,100.0,0.0,100.0,40.0,43.5481839004,-18.903666061,12.8199354521,10.3697637342,13.5279377161,7.48107140496
422,10.0,85.0,55.0,0.0,51.4749337434,36.4355413548,14.944882455,27.0421849331,19.6812841998,10.7502841384
887,20.0,10.0,70.0,20.0,60.3990523204,-3.02871492696,29.9865069212,26.7954937808,28.5686650169,10.860328456
458,55.0,85.0,55.0,0.0,45.3836912984,13.321855549,2.61374301382,16.5576007931,14.8178445924,11.3426153879
899,70.0,10.0,70.0,20.0,51.5536567426,-16.8668855367,14.8964023274,15.9234733594,19.7502510585,10.808984606
740,10.0,70.0,0.0,20.0,50.8237844637,26.7952863549,-0.750942157257,24.0726407386,19.1169777702,16.0839483613
911,0.0,10.0,100.0,20.0,64.07628119,4.06489500121,44.2099846998,32.8550629717,32.8955930317,8.52623932005
1265,40.0,100.0,0.0,100.0,33.8310481126,8.11739106041,1.90917294387,8.54412849273,7.92731467906,6.11443830094
905,100.0,10.0,70.0,20.0,48.4015081024,-20.2509230721,10.9651700137,13.1471352253,17.1125269314,10.3360744174
1061,70.0,0.0,100.0,40.0,45.0925017801,-17.164153003,14.3991418458,11.5075342154,14.6079664511,7.75496978218
952,20.0,20.0,0.0,40.0,51.9268195184,4.55217091429,-0.665711835673,20.2796769804,20.0793603459,16.8517041657
1063,70.0,40.0,100.0,40.0,40.8246923547,-5.2605336289,8.34508437185,10.6208721206,11.7553973037,7.4260478571
358,30.0,70.0,40.0,0.0,49.6536946055,21.2933209959,4.19057973581,21.7337625941,18.1302396318,13.3586817814
720,85.0,100.0,100.0,0.0,39.7337428237,2.21402269818,2.42742551253,10.9936907974,11.0912542292,8.47528472886
135,55.0,100.0,10.0,0.0,43.4896855561,16.8821576121,-10.4104819769,15.748327333,13.4881085517,14.8734291943
350,20.0,85.0,40.0,0.0,48.9200191639,31.1412083203,6.26840436893,23.1980234406,17.5291941163,12.1670048289
384,70.0,55.0,40.0,0.0,46.3448696573,-1.30967694479,-4.77756872021,14.7527552186,15.5248780079,14.5947067961
1027,20.0,20.0,70.0,40.0,49.7117525198,1.3639425503,19.9968710218,17.7837921318,18.1783801822,8.37632532795
986,70.0,0.0,20.0,40.0,46.9133066047,-13.73196196,-2.90793902105,13.1631271317,15.9534114743,14.2505230762
389,85.0,10.0,40.0,0.0,54.7568654634,-23.2567701274,-2.48318076429,17.2503611793,22.6950836826,19.8927345652
1002,20.0,20.0,40.0,40.0,50.7411396032,2.48885039793,11.7972927729,18.8469277987,19.0461362217,11.3602384072
1013,70.0,40.0,40.0,40.0,41.5458364503,-2.78012125595,-0.18609695042,11.3813158403,12.2086530946,10.1302050513
1004,20.0,70.0,40.0,40.0,42.4979791981,16.6290882296,6.24521886992,14.9785400729,12.8247416002,8.73527339844
216,55.0,100.0,20.0,0.0,43.2650384626,16.1549885744,-7.44546541192,15.4570508215,13.3358820008,13.5883415927
728,100.0,85.0,100.0,0.0,39.7772290038,-1.17616366744,2.17368740991,10.5637357082,11.1172363011,8.56482923364
471,85.0,20.0,55.0,0.0,50.8493537431,-20.2711422671,4.05308497832,14.828089601,19.1389307803,14.1835579667
457,55.0,70.0,55.0,0.0,45.7561322774,8.89569238663,4.05390905885,16.0585113058,15.0892029073,11.081564594
435,30.0,20.0,55.0,0.0,62.2281781256,-1.47396771036,20.8577267794,29.1889244916,30.6701344804,15.2877768268
421,10.0,70.0,55.0,0.0,52.8242742919,32.8066309353,16.5575408306,27.5879922797,20.8857922851,10.9789312381
400,100.0,30.0,40.0,0.0,49.5817354722,-15.5004151302,-5.17461722512,14.7132801121,18.0706904963,17.052369431
186,20.0,55.0,20.0,0.0,55.6571276961,22.6816553876,1.7491185456,28.1152366392,23.572422691,18.6352741138
616,55.0,30.0,85.0,0.0,53.0101058548,-8.44523511376,20.0045433495,18.622945113,21.0554298983,10.0009275412
222,70.0,55.0,20.0,0.0,47.5095687633,1.81547381553,-10.7775788561,16.142315341,16.4113203814,17.9458899701
580,10.0,30.0,85.0,0.0,63.8021982866,13.5226201084,38.3942485065,35.2467959767,32.5589654588,10.0669566773
1267,100.0,40.0,0.0,100.0,33.3055831129,-0.055699992292,-2.09938188294,7.39917050346,7.6791708551,6.8172343842
935,70.0,10.0,100.0,20.0,50.2146623376,-17.5405130216,19.9462310273,14.8272410962,18.5989547762,8.62594251225
1261,0.0,40.0,0.0,100.0,36.7549560946,8.68877325092,5.18158780974,10.1503811661,9.40623511696,6.50885718725
918,10.0,20.0,100.0,20.0,58.8158547287,5.79936572812,35.4693504759,27.292255402,26.8291527389,8.43686911428
474,85.0,55.0,55.0,0.0,46.7829482101,-5.42861272954,0.89777064914,14.3866463119,15.8544488666,12.758784183
452,55.0,10.0,55.0,0.0,61.2989641034,-16.6220759747,14.9665754134,24.4726576702,29.5901423221,17.0787413437
438,30.0,55.0,55.0,0.0,53.089389947,15.471517247,12.8526945056,23.7169682625,21.1280835734,12.3769486395
416,10.0,10.0,55.0,0.0,73.1213141076,0.728648656127,33.4269536592,43.9794690956,45.3493197749,17.9251506297
960,40.0,100.0,0.0,40.0,39.1933985684,16.047298279,-4.43998340611,12.6340977796,10.7717792049,10.190847924
1059,40.0,70.0,100.0,40.0,40.1403911582,8.55747991503,8.96743429591,12.1322523229,11.3358041797,6.9870432194
958,40.0,40.0,0.0,40.0,45.4254384316,5.62659749527,-5.18882760137,15.2503186463,14.8480980683,14.1416374885
372,55.0,20.0,40.0,0.0,57.0322168239,-11.4016073481,3.45693998263,21.5434092073,24.9556842802,18.9412646395
370,55.0,0.0,40.0,0.0,64.0759622254,-21.8276355559,8.3835153432,26.0751990118,32.8951999383,22.491729001
362,40.0,10.0,40.0,0.0,64.2145026661,-12.1559222524,10.523873266,28.6393834879,33.0662327146,21.5167670234
364,40.0,30.0,40.0,0.0,57.7813817525,-0.833595677582,6.30667719864,24.6182416618,25.7315759177,18.2274519522
366,40.0,55.0,40.0,0.0,50.9473087033,10.9122396981,2.12330661563,20.720296222,19.2231874649,15.0018306481
984,40.0,70.0,20.0,40.0,41.4387047394,11.5855712319,-1.33102945813,13.428739985,12.1405942808,10.4266200582
1035,40.0,100.0,70.0,40.0,38.8369182236,12.4374883311,5.69341275038,11.8814581374,10.5644076753,7.23494577173
198,30.0,100.0,20.0,0.0,47.5890324913,28.2360078747,-1.79523570957,21.3171709144,16.4729994534,14.2706231145
1009,40.0,70.0,40.0,40.0,41.7152418211,10.5120767537,2.48733058781,13.4471649205,12.3167915444,9.41945459767
1008,40.0,40.0,40.0,40.0,44.5540582338,3.38534970404,5.21744666028,14.2579170412,14.2251152867,10.0640200092
1007,40.0,20.0,40.0,40.0,47.7974838478,-2.45666207731,7.02146257204,15.6154703744,16.6355316224,11.2617087875
371,55.0,10.0,40.0,0.0,59.9962072436,-16.5184146962,5.17957573296,23.2165066349,28.1191240413,20.5570969692
419,10.0,40.0,55.0,0.0,60.8806004285,19.485787072,22.2746144559,33.3219434153,29.1122875141,13.8320763689
437,30.0,40.0,55.0,0.0,55.9622167692,9.1628490444,15.0657807884,25.1234817313,23.8747939322,13.3592558038
455,55.0,40.0,55.0,0.0,51.5536929393,-2.69560617818,8.8884347178,18.5210614727,19.7502828063,12.842672864
473,85.0,40.0,55.0,0.0,47.8922665177,-11.2810288548,2.50098448693,14.213062106,16.7097870818,12.8694238239
150,85.0,55.0,10.0,0.0,46.1849072295,-0.672239209692,-16.50121699,14.7441416048,15.4056846811,19.5300196502
1048,0.0,40.0,100.0,40.0,48.0267657025,14.5605636083,23.2402856793,18.9194733597,16.8155363663,6.82702522399
953,20.0,40.0,0.0,40.0,47.1576265327,11.5102464989,-0.774161231888,17.6225319609,16.1399964481,13.6032414651
1058,40.0,40.0,100.0,40.0,43.2198165499,2.33929821267,14.0661229671,13.1863092705,13.3053776402,7.03744252007
963,70.0,40.0,0.0,40.0,41.7121719803,0.000222437121916,-9.20384030014,11.8751655931,12.3148262796,13.2494718581
1068,100.0,40.0,100.0,40.0,39.4934272254,-8.42088563936,6.92561388123,9.48125967954,10.9484004588,7.21047499687
418,10.0,30.0,55.0,0.0,64.7167370483,14.1017608654,25.9175879969,36.6010320293,33.6912267314,14.980435923
436,30.0,30.0,55.0,0.0,60.5024481844,3.34925182616,18.5730872291,28.5120690636,28.6848136286,15.0116033433
454,55.0,30.0,55.0,0.0,55.519714385,-6.83580058155,9.76703747741,21.129917168,23.4370715902,15.0972550963
76,100.0,30.0,0.0,0.0,53.0465505693,-10.7465202504,-22.8768743611,18.2115188797,21.0888060731,29.4831694874
738,10.0,20.0,0.0,20.0,62.7128621594,8.21372310347,0.37940210412,32.3697628675,31.2437494071,25.5637554886
1278,0.0,0.0,100.0,100.0,37.3407198854,-0.0267958510637,10.9188229535,9.37262012439,9.72305293531,5.49091716856
1263,40.0,0.0,0.0,100.0,34.8947115419,-0.722147133608,2.94008198998,8.0641434049,8.44586244698,6.291458154
1284,100.0,0.0,100.0,100.0,34.3179790689,-5.89222392429,5.66211734749,7.24637003234,8.16198143699,5.50008535537
1051,20.0,0.0,100.0,40.0,54.1036558302,-6.68902232205,30.0081006771,19.9018244254,22.0723224461,7.73643912251
962,70.0,20.0,0.0,40.0,44.6248856105,-6.18393078803,-10.1813495248,12.8110868378,14.2750891388,15.5664274018
1053,20.0,40.0,100.0,40.0,46.0293662013,7.35513245807,18.4851137774,15.9950534448,15.2903724182,7.1398700187
394,85.0,70.0,40.0,0.0,43.0891833622,0.562557317368,-6.85094260268,12.8302402072,13.217520601,13.2572469451
684,30.0,100.0,100.0,0.0,45.7770494874,24.9219312126,14.1642684156,19.0495484141,15.1045405392,8.1226903085
99,10.0,100.0,10.0,0.0,50.8980508084,39.4069939783,2.40897210668,27.1625593294,19.1807870798,14.8551071783
386,70.0,85.0,40.0,0.0,42.6377648955,7.95716079816,-5.82705973947,13.6695438415,12.9168987683,12.6088929637
348,20.0,55.0,40.0,0.0,54.6613922148,21.040239038,8.84677565616,26.6326412022,22.603339185,14.8751297167
1037,70.0,20.0,70.0,40.0,43.4249495666,-10.3111610652,8.56469528015,11.4606545852,13.444123638,8.5370215805
976,20.0,0.0,20.0,40.0,56.3640831395,-4.57189221969,7.98735566886,22.3958239413,24.2770115023,16.4250055007
353,30.0,10.0,40.0,0.0,67.5027796028,-7.52594973003,14.1159706156,33.7603745809,37.3017175515,22.5833528816
1012,70.0,20.0,40.0,40.0,44.6392842122,-8.9734763586,1.90757701952,12.4045909268,14.2852626909,11.1533653623
1003,20.0,40.0,40.0,40.0,47.911927499,8.58483364114,9.12453375648,17.683321542,16.7252176778,10.6479442905
1014,70.0,70.0,40.0,40.0,39.4372215851,3.07657514221,-1.39528008474,10.937257471,10.9151673983,9.40635102532
180,10.0,100.0,20.0,0.0,50.7083839336,39.1411697869,5.00287032893,26.8941057721,19.0181072064,13.7320155018
1042,100.0,20.0,70.0,40.0,41.3351464664,-13.4663955428,5.75278874844,9.84231205385,12.0750464805,8.3230179117
989,70.0,70.0,20.0,40.0,39.0129267167,4.87869606533,-4.7752636785,10.9336332632,10.6664593623,10.1982539397
1032,40.0,20.0,70.0,40.0,47.0022585283,-3.78166973405,15.7747791386,14.8126783934,16.021175867,8.25585399882
979,20.0,70.0,20.0,40.0,43.7087907353,17.5245137952,3.17819952737,16.0242232972,13.6376914129,10.2421871913
1022,0.0,20.0,70.0,40.0,53.0059834128,7.46780004684,25.2498932012,21.8677465137,21.0516567725,8.49177426094
465,70.0,55.0,55.0,0.0,47.1619048177,-2.2377815434,2.97385445982,15.1861777233,16.1432766307,12.2581946217
443,40.0,10.0,55.0,0.0,63.9413325255,-12.6589022153,19.3967236202,28.2087611077,32.7295611198,17.1332193342
429,20.0,55.0,55.0,0.0,55.3179182614,19.5073067369,15.5177039697,26.9521428454,23.2392445326,12.7928775888
407,0.0,10.0,55.0,0.0,76.0816456608,5.84838911346,37.9879164841,50.3980153383,50.0201798828,18.1691423606
847,10.0,40.0,40.0,20.0,55.2165899022,15.2302237381,13.5223628542,25.8029805123,23.1403303829,13.4542835688
791,70.0,10.0,10.0,20.0,53.47075296,-13.0551220755,-9.73053204559,18.1202276288,21.4798898696,22.4029761798
1282,40.0,40.0,100.0,100.0,35.5881126735,1.37943622052,6.81500383119,8.64057612621,8.79579201384,5.71379660944
779,20.0,10.0,10.0,20.0,63.6432667782,-0.580629014248,2.84881151802,31.0511671787,32.3648224357,25.076549346
920,10.0,70.0,100.0,20.0,48.7195340746,23.0413623173,20.6900114629,21.2491739004,17.3672948906,7.74541380288
470,85.0,10.0,55.0,0.0,56.1083819913,-24.7805400308,7.06355775767,18.0526754972,24.0205686528,16.6296250135
456,55.0,55.0,55.0,0.0,50.5613254989,2.85207055642,6.50759118499,18.7667917954,18.8926081928,13.0840632298
434,30.0,10.0,55.0,0.0,67.4949200295,-8.1710138648,24.8411214159,33.5656197403,37.2911856389,17.4311226294
420,10.0,55.0,55.0,0.0,58.6909226601,24.1395469436,20.5273172885,31.9772918809,26.6949741907,13.0829104725
950,0.0,100.0,0.0,40.0,44.236549124,29.034111632,3.81985219364,18.5577391202,14.0025226385,10.3250331229
1069,100.0,70.0,100.0,40.0,37.0309203058,-2.68652118924,1.78876298504,8.89242569827,9.55462231056,7.42986021399
948,0.0,40.0,0.0,40.0,51.6516989445,16.7379355503,2.96380784464,22.6146658387,19.8363679248,15.1508652159
481,100.0,30.0,55.0,0.0,48.4656454418,-17.8763204153,0.356483106224,13.5576486672,17.1637048646,14.0260248325
334,10.0,0.0,40.0,0.0,77.7694532673,-5.60273641022,27.9116723681,48.8464997411,52.8214335716,24.6828806349
326,0.0,10.0,40.0,0.0,76.8558019319,5.76483998366,28.3733222189,51.6292154467,51.2924173679,23.5723431516
562,100.0,30.0,70.0,0.0,48.0347673503,-19.6487198654,5.4041874312,12.9977237056,16.8218416427,11.9397206172
330,0.0,55.0,40.0,0.0,59.5603694947,32.6308451049,16.1553829313,35.4912229862,27.6381042895,15.3291140332
994,100.0,70.0,20.0,40.0,37.332085268,0.839179142451,-7.9575634027,9.47435124062,9.71833189372,10.285810665
1025,0.0,100.0,70.0,40.0,43.0627216505,25.977719562,13.163809661,17.0360972586,13.1997710778,7.18996295259
813,10.0,100.0,20.0,20.0,46.9928730139,31.1482623236,4.23415096561,21.3897239723,16.014016858,11.7273297226
1019,100.0,70.0,40.0,40.0,38.2765352284,-0.574151589998,-4.2253866465,9.80553264676,10.2438304503,9.64962533512
998,0.0,40.0,40.0,40.0,50.6386106303,14.6726023138,13.3881586494,21.2287312813,18.9584939174,10.7868374481
1017,100.0,20.0,40.0,40.0,42.5694918401,-11.9428797988,-1.33846536291,10.7327129808,12.8718331135,11.0485439179
335,10.0,10.0,40.0,0.0,73.6198076611,0.722019683854,24.046908079,44.717881783,46.1145584771,22.9060933674
971,0.0,0.0,20.0,40.0,61.035219911,0.464174575359,13.9788672114,28.3611787575,29.2882897479,17.3106026103
1030,20.0,100.0,70.0,40.0,40.994354448,19.8417057981,9.56787923735,14.4387056971,11.8610066433,7.19720982022
981,40.0,0.0,20.0,40.0,53.0551606199,-8.82482056459,3.68501263857,18.5871316,21.0966963295,15.8402139532
1040,70.0,100.0,70.0,40.0,37.5975625698,5.96568611962,2.57075020989,10.2680604112,9.8641837148,7.47844727121
991,100.0,0.0,20.0,40.0,44.903082402,-15.524085757,-5.18480826364,11.6234245081,14.4725098191,13.7989812094
848,10.0,70.0,40.0,20.0,49.4588756891,24.9253844018,10.0033889471,22.3376048109,17.9693206036,11.2232156704
851,20.0,10.0,40.0,20.0,61.2044323074,-2.56731128609,16.2864047123,27.7761791305,29.4817143538,16.4445837134
431,20.0,85.0,55.0,0.0,48.8406077631,29.995768551,10.3040616579,22.8666634121,17.4649466394,10.7817667251
863,70.0,10.0,40.0,20.0,51.2005478106,-16.0255895558,2.12242826627,15.8052217949,19.4421581922,15.1762823484
467,70.0,85.0,55.0,0.0,42.2076793179,7.40673198544,-0.647579601471,13.2948369704,12.6347567919,10.6281088185
875,0.0,10.0,70.0,20.0,65.4180542045,4.13437561878,37.3855776322,34.5348675449,34.5770700236,11.2670177281
440,30.0,85.0,55.0,0.0,47.9332502579,24.6938401839,8.39610500162,20.8846982761,16.7419632271,10.8916276344
893,40.0,10.0,70.0,20.0,56.8059771873,-9.89442863186,22.4830343695,21.6569391257,24.7244783901,11.2847938438
476,85.0,85.0,55.0,0.0,41.9985800015,3.69756349696,-3.33386741275,12.5955652419,12.49908192,11.3793172254
731,0.0,10.0,0.0,20.0,68.3473524307,5.9955744647,4.31172011859,38.9368888126,38.4450471331,28.9825271233
1280,0.0,100.0,100.0,100.0,35.6229076282,11.5450080176,8.36206597036,9.89163585402,8.81360167802,5.40901512809
749,40.0,10.0,0.0,20.0,59.176298654,-5.36288252619,-7.26788535957,24.9652289523,27.2187921898,26.452083788
1286,100.0,100.0,100.0,100.0,32.7628119962,1.48268910619,2.56867722042,7.31578689462,7.42834829566,5.58436711517
91,10.0,0.0,10.0,0.0,78.8004741619,-3.99094974632,6.99269629012,51.1069762901,54.583020009,39.5001729974
151,85.0,70.0,10.0,0.0,42.5988136584,3.01256177624,-16.5718529694,12.8810246863,12.8911749853,16.7760039272
127,55.0,0.0,10.0,0.0,64.8498233928,-18.539494746,-11.0102537496,27.7107984976,33.8581526787,35.0928667071
115,30.0,70.0,10.0,0.0,50.9346633239,22.5708910225,-5.53026603408,23.2234323311,19.2122965752,18.2420448589
74,100.0,10.0,0.0,0.0,55.2531907188,-18.7595765385,-25.9420148693,18.4983705874,23.1760267148,33.9751025631
799,100.0,40.0,10.0,20.0,44.8930202884,-6.94454645096,-13.8072920358,12.8707032364,14.4653377693,17.2908498084
901,70.0,40.0,70.0,20.0,45.0079230842,-7.56745401421,6.62929602223,12.8514258223,14.5473789975,9.8736679449
787,40.0,40.0,10.0,20.0,50.4556378659,5.55885064474,-5.69727051234,19.2076217139,18.8027566338,17.945496584
889,20.0,40.0,70.0,20.0,51.7375610592,10.5616333311,19.1059681245,21.3610332068,19.9119915276,9.61335675517
769,0.0,40.0,10.0,20.0,58.4625695028,20.789254249,5.37560131261,30.7907636487,26.4508777157,19.1964343996
92,10.0,10.0,10.0,0.0,74.9116560782,2.81547129997,4.83560053465,47.42666118,48.1376338929,36.1548362409
152,85.0,85.0,10.0,0.0,42.5342580608,6.6475489272,-15.7888901006,13.3952212622,12.8486170735,16.3962112608
128,55.0,10.0,10.0,0.0,62.3586045473,-13.8025380482,-11.5887103736,26.2261434221,30.8237953113,32.5550488882
116,30.0,85.0,10.0,0.0,48.8690676372,26.9232476237,-4.46666768244,22.2190086624,17.4879539058,16.2281469764
236,100.0,10.0,20.0,0.0,54.3290952947,-22.4007882696,-14.8534252704,17.0695370743,22.2859485997,26.0072108053
323,100.0,85.0,30.0,0.0,40.3578730517,2.60525484237,-11.1535542503,11.4182256951,11.4680562823,13.1090932185
587,20.0,10.0,85.0,0.0,68.1169052335,-4.85996571667,43.0874843534,35.3105123424,38.1307976715,10.9263261433
214,55.0,70.0,20.0,0.0,47.3843519853,11.0349253416,-7.9228442592,17.716221249,16.3144409472,16.6062238609
623,70.0,10.0,85.0,0.0,55.3436725918,-23.9357500582,21.8671001834,17.592492274,23.2644300971,10.6703330588
178,10.0,70.0,20.0,0.0,54.9605047595,32.4590135363,4.68985257156,29.8741646529,22.8915985223,16.7980762271
164,0.0,10.0,20.0,0.0,77.0812258848,6.65110157624,16.1588991832,52.3412434393,51.6668893578,31.0064828
224,70.0,85.0,20.0,0.0,42.8049766123,9.26897314522,-10.6842163672,13.9917599766,13.0277158366,14.5181618725
200,40.0,10.0,20.0,0.0,66.0319581462,-9.78049347427,-0.314773193489,31.3500899784,35.3651307328,29.3751926305
188,20.0,85.0,20.0,0.0,49.8959985259,31.9348493691,1.11320775023,24.3352031966,18.3317177595,14.6853174706
398,100.0,10.0,40.0,0.0,54.0926303885,-24.9454334328,-3.63476622234,16.427684438,22.061909915,19.8957803244
1277,100.0,100.0,40.0,100.0,33.4432227045,2.62335934675,-0.463958046665,7.7463381023,7.74366119369,6.49422144967
815,20.0,10.0,20.0,20.0,62.8431432386,-1.39533300347,7.40396879095,29.906638414,31.3991449882,21.9006868647
1271,0.0,100.0,40.0,100.0,36.0496832136,13.0693743009,6.99732180939,10.3242878524,9.03400453493,5.84279787844
827,70.0,10.0,20.0,20.0,52.8807273116,-13.9925408121,-5.56742332593,17.467548529,20.9372290833,19.8206781021
233,85.0,85.0,20.0,0.0,43.2506011844,6.40129094924,-12.2811531353,13.8410293728,13.3261382998,15.4569049854
596,30.0,10.0,85.0,0.0,66.435933197,-9.35104699893,38.3863085771,31.9476613774,35.8901859305,11.5163713135
197,30.0,85.0,20.0,0.0,48.8926799319,26.2841349226,-1.30701072822,22.1023666034,17.5070576664,14.9573288213
632,85.0,10.0,85.0,0.0,54.5370800378,-26.3785645036,19.0762562322,16.5136416473,22.4842530842,11.1196553248
873,100.0,100.0,40.0,20.0,37.8151907939,2.43187932509,-7.63049158161,9.93434343956,9.98483023679,10.4428426856
826,70.0,0.0,20.0,20.0,52.8152697036,-18.8142981991,-7.12595520945,16.5391102899,20.8775956121,20.5201717837
861,40.0,100.0,40.0,20.0,42.3096174204,17.3317214559,0.907403892923,14.9602788745,12.7012542053,10.1986476202
814,20.0,0.0,20.0,20.0,65.6035895219,-6.56097683817,8.45165371686,31.7272127378,34.8139915981,23.8533196555
843,0.0,100.0,40.0,20.0,47.6079335074,35.403395673,11.0531432837,22.8875893024,16.4876929769,9.89138960601
87,0.0,55.0,10.0,0.0,60.7222596341,33.4666980497,4.17279754349,37.2562146389,28.9327815537,21.6838904001
139,70.0,30.0,10.0,0.0,52.86258186,-8.4499858461,-16.4630587478,18.4993794424,20.9206867752,25.4840595198
123,40.0,55.0,10.0,0.0,51.7692722586,12.5683631793,-8.88867877693,21.8182785208,19.9399698947,20.500247381
103,20.0,30.0,10.0,0.0,63.6557805389,10.311603056,-1.61786760737,34.1225437916,32.3800805723,27.6723153897
159,100.0,55.0,10.0,0.0,45.7022977549,-3.65513113615,-18.485536912,13.92227546,15.0497762745,20.0807962665
734,0.0,70.0,0.0,20.0,51.3097284531,31.5311022719,1.91443655899,25.6736909901,19.5370751841,15.3354428153
924,20.0,20.0,100.0,20.0,56.3869919358,1.11612296115,31.1009093784,23.6848238827,24.3000754245,8.48587983247
752,40.0,70.0,0.0,20.0,45.6390284213,15.0429357965,-7.93689205477,17.0670818922,15.0035277564,15.3653948896
936,70.0,20.0,100.0,20.0,48.1158172263,-14.7071026719,15.6429800813,13.8192104374,16.8857975834,8.81533249978
764,100.0,70.0,0.0,20.0,40.2769082343,2.32648621385,-15.8134855311,11.3308683026,11.4187015556,14.8196760374
176,10.0,40.0,20.0,0.0,62.0295147589,20.3793856165,6.15358098386,35.0153802749,30.4370635358,21.8228666012
228,85.0,20.0,20.0,0.0,52.6683936944,-16.3570785253,-13.3742798107,16.8670554798,20.7442003157,23.5966036977
212,55.0,40.0,20.0,0.0,52.8029954992,0.282311051649,-7.66168946383,20.1789221934,20.8664261359,20.7730646275
192,30.0,20.0,20.0,0.0,64.3176839978,0.364082546547,2.12500598875,32.1099224761,33.1939979581,26.1469100532
321,100.0,55.0,30.0,0.0,44.8930824859,-4.92763420455,-10.5461316574,13.1779293675,14.465382095,15.9056258571
967,100.0,20.0,0.0,40.0,42.8852793959,-8.09908946471,-11.8302176885,11.4447049255,13.0811598393,15.0230811678
1064,70.0,70.0,100.0,40.0,38.7385668001,1.11751388534,5.54923077854,10.2771552025,10.5076669522,7.22874545889
957,40.0,20.0,0.0,40.0,48.6599875281,-0.091060639929,-4.39308492641,16.6846594435,17.3194015658,16.0471350302
1054,20.0,70.0,100.0,40.0,42.0424190724,14.8856572299,13.2352622257,14.3672800883,12.5274461878,6.75377473758
947,0.0,20.0,0.0,40.0,55.2356504486,9.913928163,3.92856498053,24.5657835985,23.158915325,17.3329180191
177,10.0,55.0,20.0,0.0,58.6226962536,27.5297165225,5.2506165794,32.8432073498,26.621887438,19.3848159397
211,55.0,30.0,20.0,0.0,56.9231222204,-4.80606270142,-6.75696498583,22.8747756522,24.8440157971,23.9846710768
213,55.0,55.0,20.0,0.0,51.0356984706,5.82589630763,-7.29017356606,19.7588992648,19.2994285013,19.1313497921
175,10.0,30.0,20.0,0.0,66.9347611251,14.069717461,7.72744471508,39.5678051931,36.5456614449,25.5247269001
775,10.0,40.0,10.0,20.0,56.1030908781,16.0413184232,2.86942416804,26.9319596113,24.0152813526,18.4744427657
1272,40.0,0.0,40.0,100.0,35.6766866099,-2.0051262779,5.37988899423,8.2973359282,8.84117551102,6.05164116269
1273,40.0,40.0,40.0,100.0,34.6587771668,2.62911001282,4.04727167045,8.32518604964,8.32894778097,5.9605017693
774,10.0,20.0,10.0,20.0,61.7235011968,7.22780936062,4.4271283142,30.9245615592,30.0803648915,22.4399545047
95,10.0,40.0,10.0,0.0,61.6602032948,21.261378071,1.24756338821,34.8067519904,30.006932516,24.0732259298
147,85.0,20.0,10.0,0.0,53.1869692544,-15.5493294155,-18.9043825433,17.4237266296,21.217731649,27.2188759357
131,55.0,40.0,10.0,0.0,52.7646645552,0.706251564219,-13.0776321429,20.2317298203,20.83157078,23.5264769161
111,30.0,20.0,10.0,0.0,64.5175294698,0.455989341313,-4.66912094618,32.3756331085,33.4423936799,30.472364427
78,100.0,55.0,0.0,0.0,46.2170245754,-2.25403653288,-22.5274485135,14.5066422093,15.429567259,22.5540654755
800,100.0,70.0,10.0,20.0,40.6786487935,0.987907201981,-14.2084649371,11.3855137462,11.664993388,14.4631108255
900,70.0,20.0,70.0,20.0,47.8278489945,-14.0353495,9.62682401547,13.729174327,16.6592965481,10.4446798494
788,40.0,70.0,10.0,20.0,44.867547732,15.1490118414,-6.18059887442,16.4866356667,14.4471920927,14.1530552547
888,20.0,20.0,70.0,20.0,56.3887511828,1.59507405195,24.1679093964,23.7953986316,24.3018471879,10.5131911693
770,0.0,70.0,10.0,20.0,51.1365072612,31.6781903597,4.49484739112,25.5303954106,19.3866273801,14.2039736107
96,10.0,55.0,10.0,0.0,58.6113397157,27.8690131776,0.402999145882,32.9252038607,26.6097348431,21.7501134831
148,85.0,30.0,10.0,0.0,51.2158394745,-11.0736702568,-18.213640939,16.6907672187,19.4554335575,24.8733734887
132,55.0,55.0,10.0,0.0,50.0145048708,6.49095845692,-11.9509614254,19.0169739138,18.4307981641,20.5182636107
112,30.0,30.0,10.0,0.0,61.8075896141,5.81677210744,-4.62684708748,30.6411852105,30.1781016547,27.5663722067
240,100.0,55.0,20.0,0.0,44.856297571,-4.80085919913,-14.6805213519,13.1730515135,14.4391827411,17.6469195642
319,100.0,30.0,30.0,0.0,49.4135966359,-14.9625512025,-10.2133675937,14.6824291216,17.9320573078,19.1904852388
591,20.0,55.0,85.0,0.0,53.1029402052,20.187967783,23.4248008737,24.8180607701,21.140517341,9.04487531994
1396,40.0,27.0,27.0,80.0,37.6752882036,1.495570193,3.43689491349,9.73990026836,9.90716023896,7.29709806532
627,70.0,55.0,85.0,0.0,45.9146622131,-3.41346283187,10.0949177857,14.1073249645,15.205704837,9.31290678218
174,10.0,20.0,20.0,0.0,69.6054339333,9.5749989597,9.67308450615,41.8521650909,40.1911128442,27.0597825175
168,0.0,55.0,20.0,0.0,60.1872975029,32.8927387286,8.91064885337,36.3793178494,28.3317720092,18.9348087683
220,70.0,30.0,20.0,0.0,52.8789737663,-9.02739975258,-10.3977569823,18.4020230952,20.9356300825,22.2202398543
204,40.0,55.0,20.0,0.0,51.9115777605,12.4036555842,-4.04188805196,21.9148115651,20.0658468581,18.3308643211
184,20.0,30.0,20.0,0.0,63.4134889673,10.3668409229,3.77385796347,33.8370366011,32.0855037915,24.3446149968
402,100.0,55.0,40.0,0.0,44.6835230261,-6.72553200929,-7.49233560898,12.7676226559,14.3165505388,14.5364321348
1275,100.0,0.0,40.0,100.0,34.5841938846,-5.67926372143,1.99303393713,7.38744313933,8.29221459239,6.38352155712
1270,0.0,40.0,40.0,100.0,36.8464516859,7.81096572636,7.42996281458,10.0881530225,9.45526117647,6.0444361946
1269,0.0,0.0,40.0,100.0,37.7905582801,1.12038101548,8.85992295651,9.75517530031,9.97112561708,6.08740027603
1276,100.0,40.0,40.0,100.0,33.5972404949,-1.37040725043,0.576185684546,7.3931582323,7.81625237431,6.31973700841
229,85.0,30.0,20.0,0.0,52.2982465864,-11.8361255797,-12.4428646929,17.4020081487,20.4105494015,22.7633715642
600,30.0,55.0,85.0,0.0,53.0196561704,13.3793609315,21.6289162763,23.1776642208,21.0641726974,9.52140637849
193,30.0,30.0,20.0,0.0,61.9689139141,5.05616100844,1.04348027273,30.623609721,30.3662026717,24.4763503085
636,85.0,55.0,85.0,0.0,45.2819043408,-7.74335672243,8.3679100728,13.0037439376,14.74425353,9.49797321555
944,100.0,70.0,100.0,20.0,38.6408967557,-4.76752902422,1.22729353047,9.47862924245,10.4515207514,8.29093958696
756,70.0,20.0,0.0,20.0,49.4148720537,-8.97405158632,-16.1309797288,15.6936590524,17.9331062324,22.096924214
932,40.0,70.0,100.0,20.0,43.6152491224,9.9644577564,11.1047960002,14.6715651421,13.5736961046,7.9477553306
744,20.0,20.0,0.0,20.0,60.3369131122,4.55614669393,-3.5911741945,28.6389510277,28.4990126845,25.492482847
914,0.0,70.0,100.0,20.0,49.7541530778,29.2110355203,23.3752793938,23.5726974976,18.2135917333,7.51724952059
83,0.0,10.0,10.0,0.0,77.8304344076,7.52563569712,9.68298218756,53.9371518464,52.9245547816,36.2870855586
143,70.0,85.0,10.0,0.0,43.495408321,9.34284612239,-15.2955536136,14.4846870439,13.4920014971,16.8916222435
119,40.0,10.0,10.0,0.0,65.2863285395,-9.18288181662,-7.4563025514,30.6398140087,34.4095154474,33.1683225905
107,20.0,85.0,10.0,0.0,50.5102564651,31.1742685413,-2.32696521519,24.7738282394,18.8491556097,16.5186524854
155,100.0,10.0,10.0,0.0,54.4805867474,-20.5575577738,-20.1536343492,17.5289179298,22.4302732883,29.3271635808
805,0.0,40.0,20.0,20.0,57.9952961436,19.5591749163,8.78239633228,29.9221796551,25.9560361458,17.2910429926
853,20.0,40.0,40.0,20.0,52.9090823255,10.5555972459,9.70373710278,22.4472896568,20.9630963991,13.3953260303
823,40.0,40.0,20.0,20.0,50.6891440272,3.83309070664,-2.23246188192,19.0660344519,19.0016564521,16.6094268025
865,70.0,40.0,40.0,20.0,45.8454138263,-5.50331522349,-1.59068069073,13.7271323008,15.1547414672,13.0722424292
835,100.0,40.0,20.0,20.0,43.8671447595,-8.05715521918,-11.4218170213,12.052377214,13.7464852335,15.5395802952
172,10.0,0.0,20.0,0.0,78.7323829954,-4.86201414327,14.2512078073,50.6669758759,54.4654904496,34.1728681665
232,85.0,70.0,20.0,0.0,43.4350314129,1.88069153343,-13.4995240084,13.2584710517,13.4509674596,16.0878401563
208,55.0,0.0,20.0,0.0,64.8700735312,-20.0059663737,-3.69494642517,27.3647578685,33.8836000077,30.2395695661
196,30.0,70.0,20.0,0.0,51.3708995889,21.8194768771,-1.83845886598,23.4771837279,19.5903895362,16.9438402967
317,100.0,10.0,30.0,0.0,54.3796463973,-23.8956848837,-8.54446778844,16.8376635888,22.3340391897,22.6012776156
404,100.0,85.0,40.0,0.0,41.1676481932,1.63934053674,-8.81426368154,11.7740640804,11.9695276151,12.7696561666
182,20.0,10.0,20.0,0.0,71.4407159215,-2.17012856482,6.85581043242,40.5932561015,42.8318809323,30.7353401729
620,55.0,85.0,85.0,0.0,43.4809509115,11.1119871308,7.33064390325,14.7655334681,13.4821682007,8.90514032539
218,70.0,10.0,20.0,0.0,58.5226925013,-18.6542369439,-9.96161459126,21.3674702408,26.5150008245,27.3708722611
584,10.0,85.0,85.0,0.0,50.7388252369,35.1422647379,21.0041716748,25.9501332182,19.0441549158,8.58365575401
173,10.0,10.0,20.0,0.0,74.7489050684,2.02910640429,11.701701005,46.8923035122,47.8795669326,31.2883097374
215,55.0,85.0,20.0,0.0,45.297950057,15.115947303,-7.72128878341,16.8135251414,14.7558382251,15.0433068464
209,55.0,10.0,20.0,0.0,62.7878184862,-14.469378064,-5.37343954104,26.5145654476,31.3330923995,29.0440352404
179,10.0,85.0,20.0,0.0,53.4802561123,36.6844858596,4.34997117506,29.3069530079,21.488706008,15.8682236025
803,0.0,10.0,20.0,20.0,67.4646985988,5.08116069424,13.7844677014,37.4642911863,37.2507070646,22.7223392377
1274,40.0,100.0,40.0,100.0,33.86827451,6.86957900281,3.43420542491,8.41970081434,7.94509430995,5.80096793234
821,40.0,10.0,20.0,20.0,57.8804986459,-7.20427214435,1.38122830273,23.2601324573,25.8354176278,20.6309732318
776,10.0,70.0,10.0,20.0,50.137472324,25.2270834752,2.00260667277,23.0491858779,18.5339851508,14.5008401605
1120,100.0,100.0,20.0,60.0,34.6888282871,2.56110481214,-6.34074682614,8.33214152175,8.34377893549,8.49431266675
1161,70.0,0.0,70.0,60.0,40.610394811,-12.0078091813,7.3770875834,9.63337076172,11.6229022017,7.57581172758
1110,40.0,100.0,20.0,60.0,37.863825105,11.3629139016,-0.347152549525,11.1424856276,10.0119254298,8.35387258537
1151,20.0,0.0,70.0,60.0,46.6194557194,-4.43519307513,17.8483532105,14.4336858694,15.7309118596,7.54793242958
1100,0.0,100.0,20.0,60.0,40.4617891686,21.3955538406,6.16858420084,14.3180401449,11.5316098475,7.81822538521
721,100.0,0.0,100.0,0.0,52.9308027857,-33.4879141992,18.0485011134,14.1342545603,20.9829256417,10.5626047036
63,70.0,100.0,0.0,0.0,42.7437769822,10.6380796815,-17.2253367313,14.1690896364,12.9870834633,17.1655945398
685,40.0,0.0,100.0,0.0,64.2916030432,-20.4703597469,38.2870318874,26.6323788104,33.161671949,10.3592858445
27,20.0,100.0,0.0,0.0,49.5062182886,33.1990925545,-4.32204312204,24.2392476469,18.0083373035,16.6307141967
649,0.0,0.0,100.0,0.0,78.954099942,-1.14659790087,63.2206433183,52.4472003151,54.8488083943,10.4672026562
397,100.0,0.0,40.0,0.0,53.9920888816,-28.5453281715,-4.5340747389,15.7209428486,21.967108616,20.2458962207
387,70.0,100.0,40.0,0.0,41.9654027638,8.22912281011,-6.18104791821,13.2606020003,12.4776444378,12.3261629392
361,40.0,0.0,40.0,0.0,66.7087204103,-17.833595122,11.133214344,29.9659813654,36.2476568658,23.4357828889
351,20.0,100.0,40.0,0.0,48.2551245826,31.4636048587,5.66921721457,22.6334313316,16.9961025257,11.9789584999
325,0.0,0.0,40.0,0.0,81.5763081491,-0.98899172954,31.7420674849,56.9904547295,59.5194869921,26.2270624577
73,100.0,0.0,0.0,0.0,56.3035886782,-23.1457771945,-26.9284723881,18.5255914085,24.2161775659,35.927685397
711,70.0,100.0,100.0,0.0,40.1903882917,5.49826842779,4.0982435962,11.7238121963,11.3661172534,8.23771017428
37,40.0,0.0,0.0,0.0,70.3741173374,-13.5323763005,-11.8351030191,35.6244392243,41.2835370519,42.8470134693
675,20.0,100.0,100.0,0.0,47.1180525415,31.1663928364,17.3153800346,21.508179886,16.1096759321,7.90329683787
1367,0.0,0.0,0.0,0.0,83.3609252484,1.07525563956,5.71555962884,61.0590583137,62.8453158573,46.8351097617
1170,100.0,100.0,70.0,60.0,34.9728065471,1.40116600027,-0.188262559584,8.33939277471,8.48480120445,7.04593594066
1111,70.0,0.0,20.0,60.0,41.0548475182,-9.4345223383,-0.909451451943,10.203450447,11.8988141001,10.0925922989
1160,40.0,100.0,70.0,60.0,37.1351322239,9.88639848585,4.954597035,10.5206393461,9.6110609017,6.71182300969
1101,20.0,0.0,20.0,60.0,46.7628422152,-2.49214540662,7.21858648675,14.8554611571,15.8392217674,10.6241833439
1150,0.0,100.0,70.0,60.0,39.4176284392,18.8653795934,10.4188818386,13.2074116078,10.9035982638,6.36279372307
1268,100.0,100.0,0.0,100.0,33.5879240906,3.32302563622,-3.86272442374,7.8897651981,7.81184855937,7.35929209711
929,40.0,10.0,100.0,20.0,55.2104742533,-10.6123744416,28.0921267153,20.0735461808,23.1343694411,8.75500549124
1262,0.0,100.0,0.0,100.0,36.3692481265,13.7794069328,5.35676774669,10.5990101849,9.20142410764,6.31945608097
916,10.0,0.0,100.0,20.0,65.2259818587,-5.04427696909,44.5863547769,31.6966369893,34.3329358228,8.97143762223
54,55.0,100.0,0.0,0.0,45.2048881666,17.7320040581,-12.5623508152,17.2166682565,14.6887337395,16.9838656521
614,55.0,10.0,85.0,0.0,59.2589029978,-19.2110191265,27.0396116323,21.9266278522,27.3086155236,11.1775724978
18,10.0,100.0,0.0,0.0,51.6933840092,39.5825045874,-0.163802907759,28.0683888854,19.8730583509,16.4664884645
578,10.0,10.0,85.0,0.0,71.676843088,-0.187638947673,47.9315157958,41.5761156414,43.1798117552,11.3476426764
3,0.0,20.0,0.0,0.0,73.5442922398,14.3780530647,2.19254561086,49.4997356679,45.9980855594,36.3590921427
673,20.0,70.0,100.0,0.0,49.6552227115,24.5844408058,18.495268997,22.4480749267,18.1315056187,8.76023204661
39,40.0,20.0,0.0,0.0,61.7656989075,-2.7512925593,-13.2759951612,28.3440763752,30.1293852695,32.9998346805
709,70.0,70.0,100.0,0.0,43.3547216668,-0.571570351206,6.89736794942,12.831813632,13.3965154924,8.9657766022
75,100.0,20.0,0.0,0.0,52.7259720783,-15.2493525709,-25.4599665894,17.1136114104,20.7964260602,30.7667328859
1149,0.0,70.0,70.0,60.0,41.3580894787,16.9984364613,11.7285824921,14.2316211884,12.0895479947,6.83031246455
1102,20.0,20.0,20.0,60.0,44.4167907537,2.77336420815,4.99042103518,14.0640745345,14.1285954451,10.061085153
1159,40.0,70.0,70.0,60.0,38.2201547078,6.77637406261,5.40136618184,10.7289798248,10.2119408267,7.04815559421
1112,70.0,20.0,20.0,60.0,39.700278459,-5.58462995026,-2.26313407932,9.94819243933,11.0712875657,9.79612577395
1169,100.0,70.0,70.0,60.0,35.7974330567,-1.88242609777,-0.187258680097,8.37007429813,8.90329463651,7.39245706428
327,0.0,20.0,40.0,0.0,72.1201462474,12.2006392346,24.4007532448,46.4787363028,43.8380936479,21.3925005077
349,20.0,70.0,40.0,0.0,52.0110356631,25.7292256311,6.63678590091,25.01399375,20.1541365706,13.9624819808
363,40.0,20.0,40.0,0.0,60.6723943056,-6.96186339016,7.33574487964,26.1224591151,28.876403972,20.0756005372
385,70.0,70.0,40.0,0.0,44.3391686035,2.50725495369,-5.82271550805,13.9679976078,14.074209063,13.6737482178
399,100.0,20.0,40.0,0.0,49.8544220817,-20.7701556445,-6.7139787602,14.0471759534,18.2970409867,17.9366037718
1099,0.0,70.0,20.0,60.0,41.7034868547,18.8496399847,6.49301137305,14.778150606,12.3092673283,8.29484840993
1152,20.0,20.0,70.0,60.0,43.9039958265,1.33540570843,14.5267551244,13.4872862319,13.7718857032,7.21127624948
1109,40.0,70.0,20.0,60.0,38.9881030267,9.09227475573,0.302132920618,11.4997335327,10.6520266769,8.70527654711
1162,70.0,20.0,70.0,60.0,39.8651923291,-7.0908154708,7.20863295307,9.84731318724,11.1699165136,7.29807066936
1119,100.0,70.0,20.0,60.0,35.8769474631,1.1060968876,-4.73567525141,8.75363526572,8.9443600405,8.61542948764
651,0.0,20.0,100.0,0.0,70.3201038806,13.0614618959,51.5722221409,44.0681902973,41.2061363511,9.4877255588
25,20.0,70.0,0.0,0.0,53.1013691097,28.8706011062,-5.91326274257,26.9049798782,21.139075448,20.1700577817
687,40.0,20.0,100.0,0.0,58.3479454157,-8.50775608303,30.1716565909,23.4199847788,26.3289140384,9.71156959519
61,70.0,70.0,0.0,0.0,45.5731697598,7.10137076403,-18.1050824933,15.6103952897,14.9554872421,19.791241772
723,100.0,20.0,100.0,0.0,49.2262062928,-24.1896160467,13.8688716224,13.0883755701,17.7783884606,9.88368752708
170,0.0,85.0,20.0,0.0,54.5690526826,43.1470327467,8.31596981188,32.3224690547,22.5148415465,15.0223850813
598,30.0,30.0,85.0,0.0,58.9957633759,1.75633574298,29.3129476078,26.4853769232,27.0231656053,10.3107423741
206,40.0,85.0,20.0,0.0,47.8141260219,20.4648938002,-4.39472789854,19.9106909502,16.6485536236,15.4494994206
634,85.0,30.0,85.0,0.0,49.6986756448,-18.3779198922,12.0413360163,14.3246428317,18.1675296527,10.6997984584
739,10.0,40.0,0.0,20.0,57.0872355861,16.3350444939,-0.960092738647,28.0688717482,25.012127815,21.1129408581
923,20.0,10.0,100.0,20.0,59.3734692118,-3.92614401495,35.4506767898,25.506502264,27.4335207389,8.70490050663
1264,40.0,40.0,0.0,100.0,34.5920602627,3.68768142905,1.81984002269,8.41262773426,8.29608377568,6.42558084389
941,100.0,10.0,100.0,20.0,47.4485483953,-21.720682816,15.012929773,12.3107176657,16.364061537,8.67110392869
725,100.0,40.0,100.0,0.0,45.5671419635,-16.3256959536,4.70764092773,11.9167932622,14.9510954036,10.7666398827
59,70.0,40.0,0.0,0.0,49.2665719306,-3.70745246539,-19.4884747615,16.5053293836,17.8114156856,23.730618933
689,40.0,40.0,100.0,0.0,51.9144430074,0.902617718293,18.8190810957,19.5314195896,20.0683867505,9.78915815595
23,20.0,40.0,0.0,0.0,61.0543000172,15.1666107643,-7.3277510564,32.3149959566,29.3100575354,28.4103850343
653,0.0,40.0,100.0,0.0,62.8223911877,23.3099389277,38.2273820986,36.9182620591,31.3743581086,9.61051152914
401,100.0,40.0,40.0,0.0,47.421573567,-12.7150582801,-8.24449855873,13.6613102823,16.343199116,16.7707616841
383,70.0,40.0,40.0,0.0,49.1171527671,-7.83049164888,-4.89963028114,15.6695756304,17.6893649072,16.5910853998
365,40.0,40.0,40.0,0.0,53.3463182087,3.36434572615,2.83146610959,21.3053748478,21.3646733239,16.4051169801
347,20.0,40.0,40.0,0.0,59.0712992261,12.6099094433,9.84736508562,29.3134258614,27.1049011983,17.6383946151
329,0.0,40.0,40.0,0.0,64.6590665825,24.2451164052,18.7846487219,39.6849702901,33.6190632281,17.9485185409
1118,100.0,40.0,20.0,60.0,38.2962478319,-4.41874258435,-5.70240900567,9.33923352397,10.2549958231,10.1038046065
1163,70.0,40.0,70.0,60.0,38.9784422048,-3.8243796754,4.02504765921,9.77722852912,10.6464133216,7.71222282389
1108,40.0,40.0,20.0,60.0,41.0212338678,3.33233295926,0.761559636511,11.925924822,11.877796062,9.57443228292
1153,20.0,40.0,70.0,60.0,42.2969387105,6.03340682866,11.4477044868,13.1427723848,12.6929708116,7.28667495404
1098,0.0,40.0,20.0,60.0,45.0470739898,12.5226306886,7.34166558905,16.1586566064,14.5754036511,9.68111978695
77,100.0,40.0,0.0,0.0,48.2595419289,-7.97140345955,-24.3193340033,15.0176673636,16.9996080592,25.4388452401
707,70.0,40.0,100.0,0.0,47.2280327176,-11.0217938353,12.8908721076,13.7968266553,16.1940337615,9.16010952516
41,40.0,40.0,0.0,0.0,56.6762772744,7.43414704239,-12.8210476938,25.4432484946,24.592577678,27.1791362496
671,20.0,40.0,100.0,0.0,57.7641739273,12.712563527,30.8719851406,27.8901886657,25.713576206,9.21299939988
5,0.0,40.0,0.0,0.0,66.189957233,26.3074702399,0.50388975006,42.5225554692,35.569871456,29.036895163
1168,100.0,40.0,70.0,60.0,37.1996111189,-5.34312404214,2.53720463664,8.66650192988,9.64609212554,7.31666078248
1113,70.0,40.0,20.0,60.0,38.3587917356,-1.10242716349,-2.22841123041,9.78365170014,10.2904748808,9.11087916713
1158,40.0,40.0,70.0,60.0,40.1205158795,1.90595056204,8.36702260136,11.17960774,11.3237688603,7.12303520054
1103,20.0,40.0,20.0,60.0,41.6270893605,7.89643156819,4.03031973041,12.9864486202,12.2604408504,8.93435329086
1148,0.0,40.0,70.0,60.0,42.9333812054,10.5067544731,14.3387458844,14.2798864065,13.1132429816,6.85522784364
1266,100.0,0.0,0.0,100.0,34.5715837364,-4.76468620111,-1.88028816532,7.47758366834,8.28601463257,7.28874056275
1281,40.0,0.0,100.0,100.0,36.6705932692,-3.73239453477,8.36776000033,8.58901143847,9.36118143904,5.77949625942
1260,0.0,0.0,0.0,100.0,37.8483988052,1.98469873878,5.96582092951,9.89573474774,10.003325814,6.76273175663
919,10.0,40.0,100.0,20.0,54.1142123149,13.5992569567,27.7462876397,24.2997223223,22.0822951596,8.33358202847
231,85.0,55.0,20.0,0.0,47.5344198201,-3.3991619436,-13.0623525359,15.2612648849,16.4305929857,19.0080595231
618,55.0,55.0,85.0,0.0,48.8212382666,0.589489791504,12.6909678546,16.9330107656,17.4492996772,10.02865568
195,30.0,55.0,20.0,0.0,55.0874802691,15.6177569268,-0.823309286584,25.7624054098,23.0147040434,19.3747926135
582,10.0,55.0,85.0,0.0,57.1296588125,23.7146906333,28.0068208488,30.0348444567,25.0557077034,9.73070763509
7,0.0,70.0,0.0,0.0,56.5019224683,40.0234870563,0.119082732424,33.7983114938,24.4160047003,20.0882379248
669,20.0,20.0,100.0,0.0,62.0370030919,1.00692669085,35.6108776432,29.623229879,30.4458273251,9.98798414296
43,40.0,70.0,0.0,0.0,48.9652401519,17.2709001342,-11.4866303349,20.2701233414,17.5658502867,19.4255875175
705,70.0,20.0,100.0,0.0,52.3302217764,-20.0751916567,17.4780296177,15.9476844006,20.4392296451,10.4170917597
79,100.0,70.0,0.0,0.0,44.3475315292,1.41258705127,-21.6046250851,13.7997434389,14.0800618721,20.4610636502
1147,0.0,20.0,70.0,60.0,46.6025757271,5.73731798466,17.5991257273,16.1444930811,15.7181937948,7.6033789327
1104,20.0,70.0,20.0,60.0,40.6392357132,12.9909253783,2.49798357266,13.1140238368,11.6406755698,8.88639862272
1157,40.0,20.0,70.0,60.0,41.932542567,-2.55635162966,9.73606932369,11.6465488324,12.4564359872,7.55582494334
1114,70.0,70.0,20.0,60.0,36.8368292399,2.68165759237,-4.00061136441,9.43839405348,9.45009718696,8.87036099696
1167,100.0,20.0,70.0,60.0,38.9671954997,-9.78392270461,3.2286182812,9.04069823587,10.6398809842,7.91199539301
331,0.0,70.0,40.0,0.0,56.3704109074,38.6221045052,14.1710580694,33.2353617124,24.2833806589,13.955626557
345,20.0,20.0,40.0,0.0,66.1250005659,1.93142594011,14.9052082927,34.7817864329,35.4856029584,20.9721099508
367,40.0,70.0,40.0,0.0,48.9473838638,14.3543977074,0.750143063601,19.6639640553,17.5513698656,14.1926220273
381,70.0,20.0,40.0,0.0,54.6787249855,-16.6552809322,-1.79606175846,18.4269015868,22.6199766128,19.501314775
403,100.0,70.0,40.0,0.0,42.4306777473,-3.01342035031,-9.77631559697,11.8871084851,12.7805282227,13.9228534798
1097,0.0,20.0,20.0,60.0,47.5091530224,7.37359700079,8.99257621471,17.1385939606,16.4109980924,10.471153263
1154,20.0,70.0,70.0,60.0,39.3386650661,11.5542613668,9.03276359363,12.0657039899,10.8570557444,6.64721053655
1107,40.0,20.0,20.0,60.0,42.8745024853,-0.948650207104,1.94327809721,12.4663233942,13.0739789942,10.1796389603
1164,70.0,70.0,70.0,60.0,36.7760364263,1.21785811636,3.09574371645,9.2279048606,9.41751552441,7.00402106021
1117,100.0,20.0,20.0,60.0,38.7782144219,-7.03935051179,-3.71842604353,9.27311343462,10.5305158786,9.75597690405
655,0.0,70.0,100.0,0.0,55.0783675775,37.5137704825,29.4272227483,31.3721195896,23.0058544254,8.32859082348
21,20.0,20.0,0.0,0.0,67.4741906763,6.11203991062,-5.84356478783,37.7954369893,37.2634175931,34.6454645609
691,40.0,70.0,100.0,0.0,47.2840545814,12.8336587031,14.5190957274,17.9729481455,16.2371170574,8.72917500152
57,70.0,20.0,0.0,0.0,56.1374236736,-11.3447234595,-21.5853252684,20.7440136494,24.0496032269,32.0717247137
727,100.0,70.0,100.0,0.0,42.0126498582,-6.55108794575,4.02385737233,11.1382123863,12.5081805716,9.12441304033
166,0.0,30.0,20.0,0.0,68.9186049939,19.4942895415,11.8260619152,44.2028500114,39.2314703937,25.1427139942
602,30.0,85.0,85.0,0.0,47.5367742904,22.8942558361,14.2270026181,20.1611272597,16.4324197172,8.93222473544
202,40.0,30.0,20.0,0.0,59.2594355739,0.191370479908,-2.52377554872,26.3807724939,27.3091952831,23.8734727382
638,85.0,85.0,85.0,0.0,41.9221051887,-0.338200489207,2.67595435288,11.9564748799,12.4497045834,9.46848162178
767,0.0,10.0,10.0,20.0,68.1260561038,5.38423920512,9.03206990145,38.4442548846,38.1432434911,25.9512862192
1279,0.0,40.0,100.0,100.0,36.2487147537,5.35463325058,8.79263308741,9.45536179618,9.13803606878,5.54054078938
785,40.0,10.0,10.0,20.0,58.215177467,-6.66368794481,-3.20531347054,23.7075908099,26.1881140248,23.2727786661
1285,100.0,40.0,100.0,100.0,33.454498261,-2.75098721926,3.33359742089,7.18670814409,7.74896024165,5.67272953248
1116,100.0,0.0,20.0,60.0,40.118605602,-11.7931365565,-4.6790778271,9.39799842631,11.3226125557,10.7643126772
1165,70.0,100.0,70.0,60.0,35.3483745254,2.92447942615,0.903266110062,8.69999377678,8.67373467024,6.9399106407
1106,40.0,0.0,20.0,60.0,44.6276955217,-6.0951108903,3.13353416362,12.8262973624,14.2770741451,10.7521180409
1155,20.0,100.0,70.0,60.0,38.62246307,14.101140891,7.81912835143,11.9876842802,10.4409465256,6.64231841957
1096,0.0,0.0,20.0,60.0,51.2310255199,0.831959105523,11.4530846403,18.9356652416,19.4686232099,11.7570936178
729,100.0,100.0,100.0,0.0,39.5163423479,-1.80737008752,0.728341232305,10.3328679027,10.9619689603,8.83986629009
55,70.0,0.0,0.0,0.0,60.6242845474,-20.9024809862,-22.7545749682,22.843055911,28.822080693,38.3073673085
693,40.0,100.0,100.0,0.0,44.179193,17.582058992,10.5394906891,16.3916450765,13.9625618861,8.35438936321
19,20.0,0.0,0.0,0.0,75.583686778,-6.92485792215,-4.29886535251,45.0020722295,49.2130633893,44.0134912049
657,0.0,100.0,100.0,0.0,51.978954363,43.0229028431,24.9867528469,29.2722576502,20.1256294634,8.08855487295
1166,100.0,0.0,70.0,60.0,39.4825570579,-13.2438963797,5.48336678014,8.89360961535,10.9419679329,7.56301603147
1115,70.0,100.0,20.0,60.0,35.9093080007,5.20356729633,-3.44035753328,9.2581769379,8.961108803,8.27971358149
1156,40.0,0.0,70.0,60.0,44.4635276344,-7.71507530621,13.641578685,12.4785788896,14.1614093738,7.67163992303
1105,20.0,100.0,20.0,60.0,39.2025294735,15.6606402715,3.03091733595,12.5823336386,10.7771261686,8.06949714032
1146,0.0,0.0,70.0,60.0,50.1393191961,-0.299509491601,23.1332317842,17.8174635479,18.5355378646,7.74661154028
405,100.0,100.0,40.0,0.0,39.7345970002,1.86989422634,-9.25725643044,10.9474431711,11.0917641915,12.0597921481
379,70.0,0.0,40.0,0.0,58.8868404872,-26.7958340488,2.14537968543,20.0051273893,26.9055922313,21.1115913521
369,40.0,100.0,40.0,0.0,45.7941135105,20.8650916692,0.774084900986,18.2784698389,15.1170605009,12.2032530894
343,20.0,0.0,40.0,0.0,74.4962051726,-9.95270476743,22.7364464782,42.3694262489,47.480702568,24.4245361594
333,0.0,100.0,40.0,0.0,52.3738422228,44.9263352319,14.158256063,30.2246444397,20.4783984453,11.5107335507
81,100.0,100.0,0.0,0.0,40.4031902594,6.60936425558,-18.5339230522,12.0141881748,11.4957428288,16.0076909998
703,70.0,0.0,100.0,0.0,56.7941512222,-29.6220858693,25.628257344,17.6979907311,24.712432264,10.2763828067
45,40.0,100.0,0.0,0.0,46.2439589746,23.5945020278,-10.0629155043,19.1843186123,15.4496147973,16.6802399747
667,20.0,0.0,100.0,0.0,71.9602081474,-11.5841643297,51.0802317593,38.305930833,43.599828152,10.4928394206
9,0.0,100.0,0.0,0.0,53.2193972853,45.7744511039,3.64399593366,31.4400088255,21.2475799775,15.9741133856
755,70.0,10.0,0.0,20.0,53.0849642483,-12.7016915242,-15.315623305,17.8728088212,21.1240235921,25.0544373756
1283,40.0,100.0,100.0,100.0,34.8323466261,5.52936424802,5.15681706475,8.74436860809,8.41485252588,5.78823938766
743,20.0,10.0,0.0,20.0,63.768683846,-0.212313119745,-2.25158189861,31.2988773707,32.5179614264,28.1701725784
921,10.0,100.0,100.0,20.0,45.8701235837,28.0719296932,16.8610162749,19.7550032256,15.1729135319,7.47164925946
227,85.0,10.0,20.0,0.0,56.8262272303,-21.0130634836,-12.5570641323,19.3832937194,24.7451145125,27.1759196521
702,55.0,100.0,100.0,0.0,42.9688831853,11.3040035592,8.9122183354,14.4343334459,13.1369558546,8.23146132464
191,30.0,10.0,20.0,0.0,68.9274080293,-6.19651228641,3.87679724518,35.9531363712,39.2436723778,29.8757330426
666,10.0,100.0,100.0,0.0,49.7244436592,36.3170662136,21.6690344608,25.1866131087,18.1889147779,7.93965834332
72,85.0,100.0,0.0,0.0,40.0887461849,7.1452500277,-19.0679135688,11.8963023476,11.3045486666,16.004308974
340,10.0,70.0,40.0,0.0,53.8303839943,31.2968276271,9.99196249658,28.3042388845,21.815206231,13.879959993
483,100.0,55.0,55.0,0.0,43.7909923905,-9.46545120324,-4.0666692457,11.8029556198,13.6940944073,12.689699121
1047,0.0,20.0,100.0,40.0,52.743624835,7.20763132768,29.6683936184,21.5698198578,20.8124553083,7.23545864474
966,100.0,0.0,0.0,40.0,44.4300841816,-13.981009872,-13.0343691295,11.5535799218,14.1379235867,16.6138588239
1041,100.0,0.0,70.0,40.0,43.3440780585,-18.9763531851,6.44511541864,10.2456451217,13.3893099143,9.08861957586
972,0.0,20.0,20.0,40.0,55.6565822577,8.7179267489,10.2195260324,24.7098391471,23.5718844107,15.0110549352
1043,100.0,40.0,70.0,40.0,39.7799712441,-9.62308188289,2.09827104557,9.48531619064,11.1188760903,8.5867564403
332,0.0,85.0,40.0,0.0,53.7634972031,42.4788734753,13.1604493635,31.1802644455,21.7525793971,12.6779273231
153,85.0,100.0,10.0,0.0,41.2281040721,6.12527632323,-16.1399196329,12.4629778324,12.0075417991,15.6080108469
1020,100.0,100.0,40.0,40.0,36.5578006519,1.3858496318,-5.37298443874,9.13468933746,9.30117000283,9.12211194684
341,10.0,85.0,40.0,0.0,52.3684122142,35.7323204134,9.63589129468,27.8300497737,20.4735198668,13.0794829622
645,100.0,55.0,85.0,0.0,43.932145997,-11.7242584902,4.93329886118,11.569120101,13.7913099403,9.82602056402
337,10.0,30.0,40.0,0.0,66.1407684691,12.3650840256,17.8078430573,37.9523040136,35.5060464647,19.5762765204
1016,100.0,0.0,40.0,40.0,44.0854882704,-17.2976704628,-1.17988795026,10.8914162051,13.8974402797,11.8631210588
975,0.0,100.0,20.0,40.0,44.0769005607,28.2701197783,6.38523092606,18.2790899782,13.8914822625,9.47020255904
1026,20.0,0.0,70.0,40.0,54.4818667045,-6.3792516307,25.4767593583,20.2964007129,22.43149534,9.13746395335
985,40.0,100.0,20.0,40.0,40.2043557244,14.7465798276,-1.17374093499,13.0958506542,11.3745953018,9.73041140805
1036,70.0,0.0,70.0,40.0,46.4327406175,-16.6471152061,12.4690664041,12.4129638556,15.5906144307,8.89136368677
995,100.0,100.0,20.0,40.0,36.9765383154,3.89019684803,-7.69028132934,9.66265289211,9.52525830628,10.0163167906
839,0.0,10.0,40.0,20.0,66.3929134319,4.9187012348,23.882480937,36.0103131974,35.8340266183,17.0211056408
413,0.0,85.0,55.0,0.0,53.1985414192,42.3268922164,18.0521607427,30.4803973196,21.2283800193,10.7072284431
857,40.0,10.0,40.0,20.0,56.8831203778,-9.00296693372,9.34533659322,21.9196470947,24.8031538045,16.2303772624
449,40.0,85.0,55.0,0.0,46.0058466868,18.8388718649,4.54987457252,18.0666907061,15.2729861791,11.0603426983
869,100.0,10.0,40.0,20.0,48.0280892866,-20.0918048642,-2.71570322465,12.9260837381,16.8165792382,14.9248528306
504,10.0,100.0,70.0,0.0,50.0812979813,37.4242708738,17.1745901004,25.8171984225,18.4867993262,9.34305398812
1403,20.0,12.0,12.0,100.0,36.5884125939,1.8172032463,4.78397776165,9.20258328615,9.31743168481,6.53403698441
540,55.0,100.0,70.0,0.0,42.7645549116,12.4945537356,3.9073548986,14.484928587,13.0008691019,9.53324887801
137,70.0,10.0,10.0,0.0,59.1167407413,-17.4487206184,-15.5718637366,22.1753366201,27.1541517174,31.4972738365
585,10.0,100.0,85.0,0.0,50.5491132563,36.4840947794,19.566297334,26.0767345939,18.882211219,8.89135339392
190,30.0,0.0,20.0,0.0,72.3973665722,-11.6971909819,5.55936144789,38.8624024492,44.2531320856,32.66178461
621,55.0,100.0,85.0,0.0,43.0979639732,11.5838343533,6.97960801485,14.5711599455,13.2234138194,8.8186493241
226,85.0,0.0,20.0,0.0,58.1151631557,-25.8429686977,-12.5743656309,19.52775926,26.082381282,28.5194419121
388,85.0,0.0,40.0,0.0,55.8318668836,-28.7999595121,-3.83514231497,17.083821971,23.7452908503,21.4694135877
354,30.0,20.0,40.0,0.0,62.6033488114,-2.35116197733,10.1862228723,29.3823477815,31.1135223046,20.3074199591
392,85.0,40.0,40.0,0.0,47.7127617916,-11.9875907478,-7.13928074794,13.9754200522,16.5693444219,16.5140144979
954,20.0,70.0,0.0,40.0,44.2077747173,17.5647663554,-1.85999916644,16.4104548322,13.9824656208,12.1683328314
1065,70.0,100.0,100.0,40.0,37.1824019236,2.87489017853,3.64193477758,9.64668923205,9.636734099,7.04100495857
990,70.0,100.0,20.0,40.0,37.662693564,6.39327165221,-6.04964525153,10.3604044231,9.90018787756,9.87810242093
1029,20.0,70.0,70.0,40.0,42.8840580694,15.0490569403,10.5446663667,14.9926051474,13.0803459159,7.76695316607
988,70.0,40.0,20.0,40.0,41.9584181538,-3.57649566638,-5.94014964321,11.5185713994,12.4731344555,12.2382344985
346,20.0,30.0,40.0,0.0,62.6134748889,7.3416117247,12.6645436432,32.0076867203,31.1255484537,19.1346040326
380,70.0,10.0,40.0,0.0,56.3401506456,-21.8722287165,-1.03266540947,18.8026500264,24.2529325418,20.5123860562
1011,70.0,0.0,40.0,40.0,46.5441703098,-15.3384702018,2.24061562633,12.6787154484,15.6742416996,12.1433561171
355,30.0,30.0,40.0,0.0,60.6773369296,2.30605021582,9.30580625424,28.4378268004,28.8819888141,19.1442146014
393,85.0,55.0,40.0,0.0,46.2692451026,-7.08584351861,-7.47398247741,13.7657090425,15.4684513078,15.6184887558
359,30.0,85.0,40.0,0.0,48.6941926961,23.8354547571,2.92419581248,21.3940634763,17.3469020265,13.2165657005
1015,70.0,100.0,40.0,40.0,37.3511493778,5.32783333209,-3.4070941358,10.048676532,9.72875737663,8.95267099011
1044,100.0,70.0,70.0,40.0,36.7087109481,-3.5499649404,-0.735936655383,8.62908417226,9.38152019637,7.93031952313
987,70.0,20.0,20.0,40.0,44.2206896182,-8.21032713556,-4.69910387963,12.2517198979,13.9914654998,13.1838717674
1034,40.0,70.0,70.0,40.0,41.3611290267,8.54171219798,7.98116359797,12.9104235759,12.0914700622,7.75102450394
977,20.0,20.0,20.0,40.0,51.4706184998,2.8415119001,5.88104184073,19.5365798168,19.677508393,13.8959422001
1024,0.0,70.0,70.0,40.0,45.1721829836,22.407521169,15.299673726,18.0620064789,14.6651992925,7.56135376126
461,70.0,10.0,55.0,0.0,56.4551906035,-22.3948996181,8.64140568858,18.7974347814,24.3688223593,16.2161991612
447,40.0,55.0,55.0,0.0,51.3055019206,9.37046586526,8.23395242396,20.7207450716,19.5333950817,12.9239824332
425,20.0,10.0,55.0,0.0,69.4009681416,-4.19615605882,27.2307346041,37.1781197581,39.9038146472,17.8277465224
411,0.0,55.0,55.0,0.0,59.6884720908,32.1283561828,21.9190325391,35.5059864428,27.7789129752,13.2022676588
844,10.0,0.0,40.0,20.0,67.3682919454,-4.0494859663,22.3327564835,34.5997818961,37.1217758063,18.4559335396
637,85.0,70.0,85.0,0.0,43.0631411359,-5.0289626901,4.75206263882,11.9892336133,13.2000523288,9.43671701842
129,55.0,20.0,10.0,0.0,60.0689438281,-8.56155091305,-11.3714354354,25.1180560651,28.1999404651,29.8600288721
601,30.0,70.0,85.0,0.0,50.6451552584,18.4087768892,17.6822323054,22.0327542114,18.9640802499,9.4782653111
1398,10.0,6.0,6.0,80.0,39.7062650939,1.92522174561,5.45665530206,10.9383850233,11.0748577569,7.66725819587
629,70.0,85.0,85.0,0.0,42.5681604078,3.86775912385,4.40577787553,12.9906550204,12.8709553057,9.28960196084
130,55.0,30.0,10.0,0.0,57.9172481745,-4.414927536,-11.8670847153,23.9272869009,25.8739898539,27.8850649815
593,20.0,85.0,85.0,0.0,49.3729758671,28.2003875881,17.7645466153,22.9775195806,17.8986715095,8.8281430279
94,10.0,30.0,10.0,0.0,67.9159900571,13.5610024319,2.63222445743,40.7684598512,37.8582208852,29.5629302655
36,30.0,100.0,0.0,0.0,47.3739859083,27.9556479529,-7.76814809308,21.0628109878,16.3064379106,16.5329812209
376,55.0,70.0,40.0,0.0,45.7274430381,6.81455544966,-3.73926787418,15.6754737285,15.0681832938,13.7898807216
374,55.0,40.0,40.0,0.0,51.0838072505,-3.04620434748,-1.28325261047,18.0671993289,19.3410095603,16.4954389794
1057,40.0,20.0,100.0,40.0,46.1855763772,-5.43316214406,17.5686463719,13.9709080793,15.4061820103,7.43085643148
956,40.0,0.0,0.0,40.0,52.3564880798,-7.58941799211,-4.17840820834,18.2463356591,20.4628093756,18.7441637526
1031,40.0,0.0,70.0,40.0,50.4689322281,-11.2442924902,17.6072077117,16.0889693735,18.8140432909,9.41150331644
982,40.0,20.0,20.0,40.0,47.918517876,-2.28099846274,0.28582356763,15.7356489719,16.7303921512,13.6971941208
1033,40.0,40.0,70.0,40.0,43.8732895057,1.13156296288,9.70494223007,13.4349419072,13.7507184736,8.43723846909
368,40.0,85.0,40.0,0.0,46.289533157,18.1811523602,-0.613967894188,18.1739490634,15.483575646,12.9959334769
603,30.0,100.0,85.0,0.0,46.1991354556,23.6650023752,12.3199628052,19.1601345048,15.4162618001,8.82045917808
1010,40.0,100.0,40.0,40.0,39.8677578341,12.9990784914,1.12763333323,12.6129906938,11.1714554572,8.89767042817
377,55.0,85.0,40.0,0.0,44.9772215035,11.2472604599,-3.86932548883,15.8830087335,14.5254276123,13.3575864172
375,55.0,55.0,40.0,0.0,49.7758567499,1.38499978742,-2.09795729465,17.8395945477,18.2316331328,15.8934046752
373,55.0,30.0,40.0,0.0,54.7202531719,-7.68061350367,0.643663894411,20.240392103,22.659872012,18.4022300091
1006,40.0,0.0,40.0,40.0,50.9356992401,-10.09508326,8.78577827361,16.6496660273,19.2131886079,12.5009317985
973,0.0,40.0,20.0,40.0,50.9900309851,15.7440296225,7.99921890818,21.7789592758,19.2600126627,12.8131092626
1028,20.0,40.0,70.0,40.0,46.3794222576,7.10858611632,14.5830956901,16.2165535113,15.5507047804,8.28732431293
983,40.0,40.0,20.0,40.0,45.3183883566,3.48969309139,-0.50255622754,14.8148859259,14.7706030652,12.3619203119
1038,70.0,40.0,70.0,40.0,41.7751878901,-6.11583510001,6.03461339329,11.057679446,12.355210012,8.45156682817
993,100.0,40.0,20.0,40.0,40.3378151019,-5.63533398017,-7.14171278911,10.2954344476,11.4558160844,11.6942015053
846,10.0,20.0,40.0,20.0,59.9239949826,6.24239646527,16.7945992669,28.6148590165,28.0390430702,15.3241677751
409,0.0,30.0,55.0,0.0,67.4600451223,18.9805748752,28.8740792748,41.9046598958,37.2444768034,15.6952414068
427,20.0,30.0,55.0,0.0,61.6217807442,7.77528456124,19.630207502,30.9541249804,29.9624165668,15.3611049518
445,40.0,30.0,55.0,0.0,57.1994852285,-2.30422789589,12.3719651509,23.7033850041,25.1275481038,15.2137233591
463,70.0,30.0,55.0,0.0,51.3616681522,-13.8366251337,3.84698686725,16.3101570548,19.5823375733,14.604496658
581,10.0,40.0,85.0,0.0,61.0287166376,17.3498016833,33.3731164537,32.8970934486,29.2808728672,10.139979158
105,20.0,55.0,10.0,0.0,58.007943672,21.4228680615,-2.41744678633,30.433749125,25.9693479036,22.6685086735
617,55.0,40.0,85.0,0.0,51.8678954237,-5.57260020245,16.9111800551,18.2293338361,20.0271512736,10.345534156
141,70.0,55.0,10.0,0.0,49.1107197571,0.405572621175,-15.3836627423,17.1267597343,17.6841227575,21.4494116392
573,0.0,55.0,85.0,0.0,60.0579649959,30.2968777797,32.5281873585,35.4350449366,28.1877321558,9.88853952422
194,30.0,40.0,20.0,0.0,59.6221535012,8.98073517484,-0.469543780064,28.9864223492,27.7059569006,23.1081811672
609,40.0,55.0,85.0,0.0,51.3289267643,7.0855116108,17.4755839018,20.2707197724,19.5537972471,9.88930296107
1401,60.0,45.0,45.0,100.0,33.8466915211,0.83601740786,2.59519665233,7.74114166475,7.93478286374,5.97165625915
352,30.0,0.0,40.0,0.0,70.5313336263,-14.3751584136,15.3130110005,35.5752728586,41.5093778113,24.7488972372
390,85.0,20.0,40.0,0.0,50.4196476034,-19.6515107912,-6.55515713813,14.6243465077,18.7722242479,18.304080738
356,30.0,40.0,40.0,0.0,56.5511125248,7.64088699611,6.50961933564,25.3641282346,24.4657346791,17.1963763879
964,70.0,70.0,0.0,40.0,39.6824249619,4.30325869884,-9.92781700162,11.2497722051,11.0606450057,12.2602835165
1055,20.0,100.0,100.0,40.0,41.1704231364,17.538305353,10.8705987601,14.1881939843,11.9712707184,6.95671765146
980,20.0,100.0,20.0,40.0,41.9788112129,20.2679165959,1.98113537766,15.2139972479,12.4863053574,9.70202390513
1039,70.0,70.0,70.0,40.0,38.5608604039,0.128023173708,1.78607801628,10.0505294979,10.4056607661,8.10594199062
978,20.0,40.0,20.0,40.0,47.1169198782,9.52615777834,2.98884704156,17.2232127409,16.1088086757,12.2260908974
382,70.0,30.0,40.0,0.0,51.653783457,-12.9248828487,-3.65814988996,16.6973228523,19.8382016007,17.9574269249
344,20.0,10.0,40.0,0.0,69.7199060521,-3.88203145229,17.101289609,37.6981393977,40.3525599582,23.0230344999
1001,20.0,0.0,40.0,40.0,55.1253823445,-5.26030978332,14.5949692277,21.1038064165,23.0515362768,13.0050628532
391,85.0,30.0,40.0,0.0,49.9640776455,-15.6797067175,-6.67425534816,14.9572612877,18.3885936108,18.0035095564
357,30.0,55.0,40.0,0.0,53.5311560751,13.8304522056,4.71838158406,23.7767743181,21.5359673109,15.7527742539
395,85.0,85.0,40.0,0.0,41.2197309458,1.70541618748,-8.67791020205,11.8154893562,12.002272048,12.7530540179
1005,20.0,100.0,40.0,40.0,41.9234163405,19.434190928,4.58938778237,15.0335344403,12.4505500545,8.92081911199
724,100.0,30.0,100.0,0.0,47.1034999058,-21.2448200125,9.88986270639,12.1629450919,16.0985356551,9.9799893776
475,85.0,70.0,55.0,0.0,42.3270367722,-3.02489668666,-3.55754327874,11.8215646681,12.7126406829,11.6423061845
453,55.0,20.0,55.0,0.0,56.1871822243,-13.2172220438,10.4372986849,20.4015079708,24.0994039669,15.28975512
439,30.0,70.0,55.0,0.0,50.3259032826,19.616318364,9.35575691494,21.9963283965,18.6928513416,11.9392651703
417,10.0,20.0,55.0,0.0,68.4469592125,7.54567528543,27.7674830882,39.5659052605,38.581408664,16.873090817
969,100.0,70.0,0.0,40.0,38.3797393976,1.43461175415,-11.6123553584,10.1180677144,10.3023760542,12.0663654852
1062,70.0,20.0,100.0,40.0,42.4434764804,-10.6901473236,10.9052162003,10.8279850987,12.788928454,7.48358236822
959,40.0,70.0,0.0,40.0,41.4609175625,11.9126927039,-4.98692397142,13.4945799763,12.154684841,11.6208749749
1052,20.0,20.0,100.0,40.0,48.9892102319,1.2904900995,22.9626304645,17.1928707548,17.5853011597,7.29243775867
949,0.0,70.0,0.0,40.0,45.8967738704,23.723967757,3.06949010294,18.9160362494,15.1925289783,11.4845887194
633,85.0,20.0,85.0,0.0,50.9420829737,-23.0157956333,13.4938750531,14.4420730682,19.218686283,10.9204900805
133,55.0,70.0,10.0,0.0,48.6823923398,10.5940598822,-11.7948857905,18.6975377991,17.337411424,19.3410465972
597,30.0,20.0,85.0,0.0,62.615633043,-3.26435081524,32.0260815678,29.1575523206,31.1281119674,11.4411075255
97,10.0,70.0,10.0,0.0,56.4601840162,32.1932700158,0.688277573334,31.5463966564,24.3738610034,19.7804236448
625,70.0,30.0,85.0,0.0,51.7401302724,-15.1755890572,14.4110780888,16.3619421639,19.9142573351,11.0686086118
134,55.0,85.0,10.0,0.0,45.9710496425,14.9515630543,-11.1151597875,17.3126036386,15.2472874774,16.9294622518
589,20.0,30.0,85.0,0.0,61.913023594,6.5230278953,32.9838321211,30.9549659785,30.3009474151,10.7368529337
98,10.0,85.0,10.0,0.0,53.3252535398,36.7409471953,1.42390039413,29.1472732287,21.3452100088,16.9900704238
741,10.0,100.0,0.0,20.0,47.1920407418,31.7065665664,-0.287086015588,21.6915061917,16.1663945867,13.444688476
485,100.0,85.0,55.0,0.0,39.3507303906,-1.65358262815,-7.89750277899,10.2599373176,10.8641586875,11.3787811754
338,10.0,40.0,40.0,0.0,61.8874033018,18.2396705603,13.928314333,34.2111219674,30.2710654837,17.9832813026
1067,100.0,20.0,100.0,40.0,41.5120525789,-14.608051972,7.40700005408,9.79448178578,12.1871634354,7.96638960309
946,0.0,0.0,0.0,40.0,62.6004628631,1.30942344058,5.87094016404,30.3485136162,31.1100954003,22.4754002934
1021,0.0,0.0,70.0,40.0,59.0267791732,-0.770475659338,30.7091635534,25.904627635,27.0567071681,9.90091476889
992,100.0,20.0,20.0,40.0,41.9639268626,-10.8904629317,-8.20758259388,10.5255158713,12.4766913536,13.0449682482
1023,0.0,40.0,70.0,40.0,49.2621879432,14.624090719,18.9376156019,19.9918198505,17.8078267222,8.45308925984
566,100.0,85.0,70.0,0.0,40.0810364875,-2.83698286668,-3.19467185397,10.517268656,11.2998876958,10.2786097215
777,10.0,100.0,10.0,20.0,47.4987579073,31.1041259989,1.67652869156,21.8458690211,16.4029410037,12.9218506458
1000,0.0,100.0,40.0,40.0,43.9069657883,26.583110836,8.94235234444,17.8210352504,13.773934181,8.6612957051
647,100.0,85.0,85.0,0.0,40.6673160532,-3.44994076775,-0.494917250555,10.7721072091,11.6579976367,9.76598728253
339,10.0,55.0,40.0,0.0,58.2024832696,25.0628112564,11.9058962702,31.6507459158,26.1746782194,16.1110328591
643,100.0,30.0,85.0,0.0,47.4438854878,-20.3882501651,7.672105805,12.5042334538,16.3604539605,10.8532545667
996,0.0,0.0,40.0,40.0,60.1638115448,-0.109829652276,20.9515487955,27.2675620886,28.305578914,13.864923122
415,10.0,0.0,55.0,0.0,77.1280793082,-6.47624613895,36.0742245468,47.5211133881,51.7449498693,19.8992809417
261,10.0,100.0,30.0,0.0,50.4958933071,38.3776071588,7.03166451142,26.4814412574,18.8369465932,12.8544865433
451,55.0,0.0,55.0,0.0,62.4008395712,-23.8223573928,16.0093762595,23.9086480025,30.8736639463,17.4525762729
297,55.0,100.0,30.0,0.0,43.5637378182,15.1707551428,-5.56484959019,15.5088843923,13.538540931,13.0868316364
146,85.0,10.0,10.0,0.0,56.1141434098,-19.9482782437,-18.891768636,18.9880371456,24.026326802,30.3032457785
1050,0.0,100.0,100.0,40.0,42.7483658075,25.0278937185,14.8824390035,16.6196786229,12.9901271957,6.65393528922
951,20.0,0.0,0.0,40.0,56.273878436,-3.20955552412,0.936822887378,22.6093187423,24.1863378476,19.5095386993
1060,40.0,100.0,100.0,40.0,39.2331261084,11.4572412907,7.01369902855,11.9859936898,10.79505614,7.08041279217
961,70.0,0.0,0.0,40.0,47.0578659587,-12.1066188696,-9.95443054359,13.5110344172,16.0636354392,17.2383433333
1070,100.0,100.0,100.0,40.0,36.2576893296,-0.701199081359,1.02434097744,8.73423067464,9.14274570147,7.28934189244
577,10.0,0.0,85.0,0.0,76.4043644713,-6.60341024088,53.342380703,46.3587656177,50.5479428294,12.2753903463
522,30.0,100.0,70.0,0.0,47.0334781898,25.7645551783,10.1186310632,20.3043212401,16.0450047071,9.87457002034
613,55.0,0.0,85.0,0.0,61.8361610048,-24.5730149291,28.3854746093,23.1888046345,30.211358577,12.2196370241
1400,80.0,65.0,65.0,100.0,33.6187934048,0.254872339627,1.38198951755,7.57402200391,7.8264466633,6.14971081468
569,0.0,10.0,85.0,0.0,75.7373501983,4.91086496457,52.6599322209,49.4944122698,49.4611952337,12.1136248484
117,30.0,100.0,10.0,0.0,48.5793221161,28.3773185009,-4.25172447857,22.2636534638,17.2546628668,15.9309065768
605,40.0,10.0,85.0,0.0,63.7656169891,-12.8070689832,32.900659728,27.9785057321,32.5142109282,11.8124831595
80,100.0,85.0,0.0,0.0,42.2974048781,4.51317395094,-19.9410460211,12.9115037606,12.6932753096,18.0252243992
772,10.0,0.0,10.0,20.0,69.0955730529,-2.92270207657,6.59667624101,37.1649717148,39.4772538349,28.3738206206
773,10.0,10.0,10.0,20.0,65.3317637132,2.2243366027,5.19392005554,33.8732945994,34.4672475299,25.3945936878
1399,100.0,85.0,85.0,100.0,33.2737576812,-0.57655218754,0.107885739809,7.33063580838,7.6643103547,6.29979595137
737,10.0,10.0,0.0,20.0,66.1605706116,3.18464479221,0.778137195741,35.1957758051,35.5317315899,28.8369106014
1408,100.0,100.0,0.0,70.0,34.4330060167,3.00718454106,-7.07415107332,8.2581121174,8.21808438507,8.57403418633
1409,100.0,0.0,100.0,70.0,37.8427344802,-11.7838676237,6.41760765603,8.24755598128,10.0001693898,6.65551703618
1410,0.0,100.0,100.0,70.0,38.4507850858,16.3231580565,10.2061558424,12.2025385594,10.3428081755,6.04224771932
1411,40.0,40.0,0.0,70.0,38.697780289,3.84557082835,-1.29808591763,10.6126823598,10.4841961978,9.01271086702
1412,40.0,0.0,40.0,70.0,41.5280349795,-5.44788068825,6.43572642849,11.003503808,12.197326571,8.22940382197
1413,0.0,40.0,40.0,70.0,41.604913786,9.94765663155,9.40214943256,13.2860062404,12.2462924154,7.49789975599
940,100.0,0.0,100.0,20.0,47.3960000785,-25.993709252,13.0290441766,11.6623932775,16.3234368766,9.2034687509
759,70.0,100.0,0.0,20.0,40.7993204112,9.22712623274,-12.8899283555,12.6493132943,11.7396581533,14.0368934895
928,40.0,0.0,100.0,20.0,57.3086634918,-15.7788751722,29.4719977508,20.8718784201,25.2401503669,9.39051650736
747,20.0,100.0,0.0,20.0,45.8714985565,26.9686733931,-2.67745405922,19.5351875305,15.1739251417,13.4866657573
910,0.0,0.0,100.0,20.0,68.6598071415,-1.27703107031,49.8107076652,37.0937357696,38.873877047,9.16911782488
917,10.0,10.0,100.0,20.0,62.103231985,0.00389591380578,40.0215347172,29.4346141211,30.5234099512,8.74243360924
881,10.0,10.0,70.0,20.0,62.7066873569,0.24377298864,32.8979886343,30.186100609,31.2363970313,11.2056970731
1211,100.0,100.0,0.0,80.0,33.8644790627,3.46686580171,-5.12321706642,8.0363325718,7.94328035758,7.79692720124
672,20.0,55.0,100.0,0.0,53.9547129503,19.0024957786,25.9576765406,25.4045831658,21.9319359502,8.74650455778
26,20.0,85.0,0.0,0.0,50.8058192733,32.4089498221,-4.7182588973,25.3650469223,19.1015634462,17.7780548903
717,85.0,55.0,100.0,0.0,44.159050332,-9.55072123255,7.24409965709,12.0183693471,13.9485462882,9.26209673527
1227,100.0,100.0,40.0,80.0,33.9709888233,1.90378026469,-2.78425374286,7.91507880267,7.99428933111,7.25649610178
510,20.0,55.0,70.0,0.0,54.0176438528,20.3230061109,18.8358444509,25.7849445096,21.9911787855,10.907869669
269,20.0,85.0,30.0,0.0,50.0304283023,31.8733000013,3.91871410832,24.4550592304,18.4441385209,13.7003100368
555,85.0,55.0,70.0,0.0,44.8075010843,-8.93242224593,1.59054266222,12.5178903919,14.4044772161,11.3524319285
396,85.0,100.0,40.0,0.0,40.9315835202,4.33441488474,-8.39274711032,12.0145645558,11.8218603079,12.4763436826
290,55.0,10.0,30.0,0.0,62.0917434904,-15.4811367199,-0.120202035434,25.5450739768,30.509942527,25.2413769442
360,30.0,100.0,40.0,0.0,48.1468899324,27.3642928288,3.28628951157,21.6430617078,16.910359779,12.7456333148
254,10.0,10.0,30.0,0.0,74.633929379,1.34720854978,17.6739229011,46.4722779917,47.697812193,27.4554490096
477,85.0,100.0,55.0,0.0,41.2342645322,3.71087089466,-4.95845148452,12.1131390981,12.0114199607,11.4809766175
47,55.0,10.0,0.0,0.0,63.0926996514,-11.5809060385,-16.7440838981,27.5560802744,31.698245941,37.0200126619
441,30.0,100.0,55.0,0.0,47.460601205,26.078809894,6.92013455816,20.7488823158,16.3733889556,11.1051182217
11,10.0,10.0,0.0,0.0,75.8826898245,3.22737044164,-0.394982129327,49.103392132,49.6966522198,41.3124126776
1429,7.0,0.0,0.0,7.0,76.3700055215,-2.09239978516,1.66521380959,47.9252068751,50.4915776827,40.3676282932
1404,10.0,6.0,6.0,100.0,37.4382350749,2.0224713213,5.25762634782,9.67793230455,9.77647627298,6.76296896414
1431,7.0,7.0,0.0,7.0,72.184230347,2.70679323135,1.13499811918,43.2767092984,43.9338050742,35.4442070986
1390,40.0,27.0,27.0,60.0,41.2753570304,0.0411076200508,2.34546284411,11.6133253549,12.0373100661,9.24101688118
1433,7.0,0.0,7.0,7.0,76.1294107619,-2.62296475762,6.63249295847,47.3583819354,50.0980605015,36.3713874477
1386,10.0,6.0,6.0,40.0,56.5751524244,1.2396570041,4.79925563545,23.8975279452,24.4900629915,17.9698400157
1435,7.0,7.0,7.0,7.0,73.1396244276,1.93079285711,5.15180089143,44.420096594,45.3772770995,33.8006288898
1405,100.0,0.0,0.0,70.0,37.4559347367,-8.25508577038,-5.94193623789,8.45840694849,9.78619390179,9.73920568006
1406,0.0,100.0,0.0,70.0,39.6770434951,19.4640933746,4.29312666964,13.4731147916,11.0574384244,7.95338968532
1407,0.0,0.0,100.0,70.0,45.3286608427,-0.176757057234,20.669085009,14.221821634,14.7780277337,6.34962529823
732,0.0,20.0,0.0,20.0,65.2982053265,11.3123242328,3.00891785299,36.515230352,34.4246004269,26.6137006417
926,20.0,70.0,100.0,20.0,46.8173649899,18.4150932347,16.5662130402,18.6553393403,15.8805367585,7.96323236151
750,40.0,20.0,0.0,20.0,55.7409643882,-2.4342354368,-9.22429266691,22.2761966958,23.6552566132,24.2184862528
938,70.0,70.0,100.0,20.0,41.2951088731,-1.56968635615,5.76335112919,11.3993832025,12.0497678351,8.30168991191
762,100.0,20.0,0.0,20.0,46.665545027,-12.2767490993,-19.1169968288,13.2226202422,15.765672331,21.2070976429
736,10.0,0.0,0.0,20.0,69.4142755975,-2.18972898684,2.1296752701,37.8142387725,39.9224713796,31.5316950981
811,10.0,40.0,20.0,20.0,55.7855167742,16.0821712586,5.97077042155,26.604996169,23.6993549644,16.8587634303
14,10.0,40.0,0.0,0.0,63.8057595376,20.7914189218,-3.14830145473,37.4454932738,32.5633245801,28.7549589394
688,40.0,30.0,100.0,0.0,55.9631071564,-3.74352329113,26.3976098204,22.1996575875,23.8756801504,9.61152123936
1206,70.0,70.0,0.0,80.0,35.1270352036,3.58664580806,-3.231318598,8.6660669558,8.56205197839,7.87031562755
1245,0.0,40.0,100.0,80.0,38.2507948179,7.14954815156,11.4569879064,10.7967449864,10.229263085,5.70312713725
257,10.0,40.0,30.0,0.0,62.1878341416,19.844585659,10.8706209855,35.0588672795,30.6227071688,19.6341154021
526,40.0,30.0,70.0,0.0,56.1671287249,-2.93127241068,17.6347464262,22.5693373374,24.0793252025,12.5610834586
1222,70.0,70.0,40.0,80.0,34.1251207052,1.7788479651,-0.429399150749,7.97417193256,8.06849114396,6.7570760925
1229,0.0,40.0,70.0,80.0,38.1390456876,7.54308647545,10.0563480725,10.7849029706,10.1661806055,5.95865286562
503,10.0,85.0,70.0,0.0,51.8304814913,35.2257593753,17.9879674548,27.1222688956,19.9940480741,9.99569676165
274,30.0,30.0,30.0,0.0,61.803136384,4.0748841988,5.06122815688,30.1691642635,30.1729203219,22.182842445
1239,70.0,100.0,70.0,80.0,34.2588075128,2.96374399505,1.84167310486,8.16914596253,8.13322097569,6.29190830151
1225,100.0,40.0,40.0,80.0,34.5987809157,-2.69087755998,-0.619976657069,7.71048248536,8.29939037202,6.99490077661
665,10.0,85.0,100.0,0.0,51.7851698488,34.7803063222,22.4816728398,26.9634316829,19.9540059834,8.67336158188
31,30.0,30.0,0.0,0.0,63.2704978348,6.406998145,-9.33478402844,32.536850769,31.9124971698,32.103285426
1255,70.0,100.0,100.0,80.0,34.2076678479,2.35342667866,3.04981077619,8.07678314721,8.10841892768,6.0077875451
1209,100.0,40.0,0.0,80.0,33.8551864077,-1.21174447779,-3.48017678071,7.52661601895,7.93884029861,7.37864204761
1480,40.0,40.0,3.0,40.0,45.1680656623,4.56755582137,-5.63332745945,14.8863528298,14.6622382763,14.1419253153
1481,3.0,0.0,40.0,40.0,58.7974983707,-1.21416456443,19.2654310909,25.5612195273,26.809409676,13.6140926299
1482,0.0,3.0,40.0,40.0,58.9801146165,1.60129900569,19.5256354072,26.4310224552,27.0062530186,13.6344507069
1483,3.0,3.0,40.0,40.0,58.3410535118,0.257201958572,18.6851284152,25.4429663439,26.3215928061,13.5372890295
1484,40.0,3.0,40.0,40.0,50.7819398574,-9.09328618741,7.93029725444,16.7105644603,19.0810874835,12.7097439194
1485,3.0,40.0,40.0,40.0,49.4059894913,13.6918033119,11.7649548464,19.9285617978,17.9258019161,10.6275864463
1425,7.0,7.0,0.0,0.0,76.5914242603,3.07506465232,-0.199519379149,50.1820916136,50.8555465387,42.1186719944
1426,7.0,0.0,7.0,0.0,79.8053903357,-3.03285850503,6.43644611757,53.1376094878,56.3372788471,41.2592503859
1368,100.0,85.0,85.0,0.0,40.4510381613,-3.92270263512,-0.93447054092,10.5846538437,11.525023828,9.78588947359
1428,7.0,7.0,7.0,0.0,76.151343414,2.31810610314,4.77840028379,49.1952154002,50.1338485823,37.744546888
943,100.0,40.0,100.0,20.0,42.3938915384,-13.061530929,5.81024586826,10.4835797577,12.7564047004,8.80623576161
757,70.0,40.0,0.0,20.0,46.3366147553,-3.23587930321,-15.3501856701,14.4304519723,15.5187120132,19.1118046747
931,40.0,40.0,100.0,20.0,48.1716230392,0.401097243161,17.0516766214,16.3965792049,16.9299276966,8.45462165546
745,20.0,40.0,0.0,20.0,54.522489929,12.7933444778,-3.81740596009,24.5205761916,22.4703038317,20.3420056121
913,0.0,40.0,100.0,20.0,55.5785830181,18.9958201657,30.7753764088,27.103811682,23.4949931442,8.19894614693
882,10.0,20.0,70.0,20.0,59.3111834197,5.62557235348,27.5870431619,27.7843379165,27.3655668438,11.0289496909
880,10.0,0.0,70.0,20.0,66.0377794412,-5.13266029785,36.6689160928,32.6458526084,35.3726601936,11.8631121723
67,85.0,30.0,0.0,0.0,50.9912720102,-10.2999075454,-23.5607438808,16.6558944455,19.2610830877,27.7365994569
1248,40.0,0.0,100.0,80.0,38.7088281374,-5.07061456659,10.8285610249,9.47736275227,10.4905502695,6.00387597021
30,30.0,20.0,0.0,0.0,65.0942465182,1.81036551525,-9.21325171791,33.4608434456,34.1661592752,34.1387923233
713,85.0,10.0,100.0,0.0,52.0116964713,-27.4248760275,17.7178023943,14.474947845,20.1547240406,10.1732783297
310,85.0,30.0,30.0,0.0,50.037074386,-14.3032712347,-10.30207303,15.2415002252,18.4497083906,19.7403417679
1232,40.0,0.0,70.0,80.0,38.0201240342,-4.54677725932,8.51042446183,9.17930637628,10.0993346556,6.25110725708
273,30.0,20.0,30.0,0.0,63.5195904876,-0.901301089827,5.99412708267,30.8196802477,32.2142805721,23.2440988088
551,85.0,10.0,70.0,0.0,52.5840399896,-27.1207211208,9.49331446308,14.9325425303,20.6678463463,13.2668275636
1226,100.0,70.0,40.0,80.0,33.8535070425,0.159399000629,-1.49025801955,7.6716626588,7.93803806934,6.8963249776
517,30.0,30.0,70.0,0.0,59.7785908242,2.25364658854,22.7524203447,27.4431778765,27.8782563329,12.9564866035
276,30.0,55.0,30.0,0.0,54.3333023567,15.7686455754,2.29663296156,25.0255714434,22.289948252,17.3662486859
1241,100.0,40.0,70.0,80.0,34.705344488,-3.38246642224,1.84238454635,7.68556786624,8.35193768218,6.46465505733
1210,100.0,70.0,0.0,80.0,33.8479626581,1.65310970923,-3.5919019412,7.83004541748,7.93538991221,7.40323894721
679,30.0,30.0,100.0,0.0,59.0130767193,1.5796866763,30.6019664821,26.460443298,27.0418854373,9.92609969012
33,30.0,55.0,0.0,0.0,56.3039535538,16.7999266177,-9.21579882379,27.3355261478,24.216544184,24.7482562483
1257,100.0,40.0,100.0,80.0,34.3459427661,-4.04805871956,3.41995106681,7.45068580739,8.17559681151,5.97940264033
1418,3.0,0.0,0.0,3.0,79.9350084117,-0.547644298114,3.84250852169,54.3301572457,56.5662496909,43.4952824698
1471,3.0,40.0,0.0,40.0,50.4376917621,15.8189204983,1.77639253508,21.2879118617,18.7875278984,14.7916077938
1416,0.0,3.0,3.0,0.0,80.3178552382,3.61446418046,6.75590262435,56.6566172769,57.2461708494,41.7006613343
1473,3.0,0.0,3.0,40.0,61.4450744874,0.0967036631362,6.15185949968,28.7207011546,29.7582534111,21.3138902357
1474,40.0,0.0,3.0,40.0,52.4226841892,-8.26649931589,-3.52346166349,18.1717323286,20.5223152358,18.4960631069
1450,0.0,40.0,0.0,3.0,64.8634569149,25.2086619857,0.918617423877,40.2783670961,33.8752838373,27.4017959594
1402,40.0,27.0,27.0,100.0,35.431786975,1.22212904243,2.92613998208,8.54464302861,8.71607330581,6.5029678313
1451,3.0,40.0,0.0,3.0,63.6833133516,23.2116964953,-0.529955676493,38.0313251379,32.4136684503,27.0553609744
1478,0.0,40.0,3.0,40.0,50.9632188422,16.7532755203,3.63605965543,21.9712833564,19.2368959894,14.4195416468
1479,3.0,40.0,3.0,40.0,50.9090331951,15.1396272135,2.89319447301,21.574995321,19.1902351312,14.6722513951
238,100.0,30.0,20.0,0.0,49.858692046,-14.6475966029,-16.032599442,15.053988178,18.3006003274,22.4415963854
114,30.0,55.0,10.0,0.0,54.370984808,16.2801575842,-6.29543828916,25.1845530734,22.325794286,21.4399345099
607,40.0,30.0,85.0,0.0,56.0904816464,-3.82378505699,22.5699999248,22.3016902716,24.0026843353,10.8564656925
726,100.0,55.0,100.0,0.0,43.2746117709,-11.9596594354,4.33090152565,11.1424558398,13.3423456329,9.66771685052
571,0.0,30.0,85.0,0.0,66.2173422018,19.1464084946,40.0433618398,40.2051712888,35.6054380061,10.8522215309
797,100.0,10.0,10.0,20.0,47.255680024,-16.0125357755,-14.9937550115,13.0400612085,16.2152862279,19.6908607815
885,10.0,100.0,70.0,20.0,45.5036424071,29.7967968988,13.5216741671,19.784213845,14.9048819993,8.1679498099
10,10.0,0.0,0.0,0.0,79.5053953934,-3.11775504707,0.963514690118,52.6035319887,55.8097083566,45.2452198155
296,55.0,85.0,30.0,0.0,44.3798366345,13.0978255699,-5.18323540663,15.7574090756,14.1026859003,13.4622424282
38,40.0,10.0,0.0,0.0,65.2888973799,-7.38524937522,-11.6595343625,31.1296831224,34.4127778169,36.0864568344
259,10.0,70.0,30.0,0.0,54.2125894506,32.795337795,7.70882644941,29.1157833092,22.1753765356,15.0194239639
496,10.0,0.0,70.0,0.0,76.3460074032,-6.71970610157,45.1015015626,46.2282825033,50.4522341294,15.3269527602
701,55.0,85.0,100.0,0.0,42.7207148388,9.62581959704,7.43460915996,13.9907453862,12.9717937206,8.51409888201
524,40.0,10.0,70.0,0.0,62.5733281656,-13.954129152,24.3796011911,26.4145616988,31.0778867488,14.1404530564
664,10.0,70.0,100.0,0.0,52.8608467381,30.8271744064,24.7770107206,27.1328620508,20.9191054073,8.55243499713
499,10.0,30.0,70.0,0.0,64.0984149284,13.2511868053,30.6733129202,35.5449984383,32.9228784043,12.7868699258
278,30.0,85.0,30.0,0.0,48.8694240104,25.863701878,0.795546358037,21.9897314535,17.4882421297,14.1238997707
535,55.0,30.0,70.0,0.0,54.0664296931,-8.54717118638,13.6111786755,19.4967222332,22.0371788698,12.7033547617
314,85.0,85.0,30.0,0.0,42.2674167064,3.43039572311,-10.9071758439,12.7288357437,12.6736971303,14.2463326753
661,10.0,30.0,100.0,0.0,64.1007212332,12.4157056775,39.5853403249,35.3000104779,32.9257223699,9.86242367949
35,30.0,85.0,0.0,0.0,49.8330102794,26.9259162472,-7.73818891757,23.1354197647,18.2791995762,18.3820150625
697,55.0,30.0,100.0,0.0,53.528089216,-9.49559427717,21.223751962,18.8524367692,21.5331177309,9.90239374626
71,85.0,85.0,0.0,0.0,42.885175133,6.51967091651,-18.8810181011,13.6112587606,13.0810903545,18.0042983468
1455,0.0,40.0,3.0,3.0,64.2307460615,25.517855813,1.74997907285,39.5016772241,33.0863244679,26.276637633
1461,0.0,3.0,40.0,3.0,76.9723717462,1.79265567664,28.1199721412,50.3168230953,51.4858352282,23.8170993353
1448,40.0,0.0,0.0,3.0,67.2079593572,-13.2867681301,-11.2645015554,31.7795217841,36.9080113958,38.2043778269
1449,40.0,3.0,0.0,3.0,66.2508316724,-11.2789063086,-12.3506902165,31.1985130802,35.6489650651,37.7880945968
1464,0.0,40.0,40.0,3.0,62.6588392865,24.2477692168,17.6726256628,36.9893449803,31.179463131,16.922688744
1465,3.0,40.0,40.0,3.0,61.9323906882,21.9320706285,16.45946463,35.3504008504,30.3235490481,16.905762578
1419,0.0,3.0,0.0,3.0,79.145922992,4.00848513586,4.22162865635,54.7872524718,55.1818914757,42.1053612029
1467,3.0,0.0,0.0,40.0,60.764484462,0.403820563588,4.91247082075,28.0482897337,28.9805781468,21.3470180256
1468,0.0,3.0,0.0,40.0,60.4042415288,3.26439697572,5.45644815299,28.3817790665,28.5744867708,20.76687662
1469,3.0,3.0,0.0,40.0,59.4811464019,2.03279837382,4.48894835388,27.0686662222,27.551261893,20.4605096752
945,100.0,100.0,100.0,20.0,37.9324216565,-1.84830255762,0.0193959686121,9.4620587919,10.0502252661,8.28729906304
754,70.0,0.0,0.0,20.0,53.9788916689,-16.8013250223,-15.3413883872,17.8264867678,21.9546850713,25.9408673273
933,40.0,100.0,100.0,20.0,42.1684287324,14.3758253142,8.48359398648,14.3726977046,12.6092144267,7.98074763651
742,20.0,0.0,0.0,20.0,66.1201371548,-5.09069509122,-1.17304686737,32.7575414046,35.4792990003,30.007788365
915,0.0,100.0,100.0,20.0,47.192936919,34.0965222437,18.8433585655,22.2078274902,16.1670824025,7.54636342076
884,10.0,70.0,70.0,20.0,48.0653137816,24.4006042465,14.9146561519,20.942342219,16.8459266394,8.99523809285
833,100.0,10.0,20.0,20.0,47.3913208444,-17.6543697901,-11.2579687669,12.8795774027,16.3198226638,18.0699465306
1259,100.0,100.0,100.0,80.0,34.28510452,-0.0258516230974,0.0962540391535,7.85233677039,8.14599433677,6.69893598185
1200,40.0,0.0,0.0,80.0,39.1024258094,-2.85872383281,1.25669426602,9.96716161599,10.7186030535,8.49763246613
674,20.0,85.0,100.0,0.0,48.1531776974,28.4391801513,17.1950901011,21.8793916555,16.9153329955,8.40722471618
65,85.0,10.0,0.0,0.0,55.6773179654,-17.8892589074,-24.142442248,19.0225533384,23.5923537582,33.2485277135
1243,100.0,100.0,70.0,80.0,33.667377241,0.746214383115,-1.00694014435,7.64862549341,7.8494587847,6.70779226595
1216,40.0,0.0,40.0,80.0,37.9689234771,-3.82870445231,5.68064544519,9.23943243024,10.0706452575,6.8785110176
512,20.0,85.0,70.0,0.0,48.817618399,29.9208878725,13.6607749381,22.8281220584,17.4463765321,9.73515556727
308,85.0,10.0,30.0,0.0,54.3288218633,-22.8642089321,-8.60073010695,16.9849321953,22.2856886651,22.5849079506
1224,100.0,0.0,40.0,80.0,35.9444207176,-7.88609038012,1.00571327375,7.77562840741,8.97930564129,7.16206353506
521,30.0,85.0,70.0,0.0,48.0601245625,23.9548745912,11.2888822176,20.844641579,16.8418334671,10.0559575585
272,30.0,10.0,30.0,0.0,68.3525881186,-6.73034955229,8.82978426816,35.0580656891,38.4522067684,26.2921199508
557,85.0,85.0,70.0,0.0,41.3755785302,0.578214106131,-1.250060675,11.7506017234,12.1006100369,10.3675753799
1208,100.0,0.0,0.0,80.0,35.3938841462,-5.77901809273,-3.00085190449,7.74694629206,8.69681748458,7.92979301061
683,30.0,85.0,100.0,0.0,47.2915202239,22.6738537144,15.2675027762,19.9018693965,16.2428642308,8.52712207928
29,30.0,10.0,0.0,0.0,69.6814357283,-3.87830270081,-8.08691452336,37.6480203773,40.298254738,39.0152599537
719,85.0,85.0,100.0,0.0,41.2402575796,-0.936819336714,4.00104153756,11.4547207693,12.0151935331,8.75625513331
730,0.0,0.0,0.0,20.0,72.3320498592,1.24865970298,5.46355545721,42.9988711312,44.1551087847,32.6505700944
927,20.0,100.0,100.0,20.0,43.8748951475,22.9220557194,12.3443539209,17.1173052611,13.751824776,7.74358149042
748,40.0,0.0,0.0,20.0,60.077551552,-10.9444491137,-8.08562568558,24.5685473399,28.2095145997,27.8509720041
939,70.0,100.0,100.0,20.0,39.0350038741,3.10139429384,2.61948215813,10.7072185507,10.6793061402,8.10174885172
760,100.0,0.0,0.0,20.0,50.0222399186,-18.6570348507,-19.351159052,14.5064445061,18.4372776406,24.3647275769
879,0.0,100.0,70.0,20.0,47.7285055413,34.2470399568,16.1834800026,22.746673049,16.581630567,8.48289293311
778,20.0,0.0,10.0,20.0,65.2880728843,-6.02874214537,3.05716856195,31.4995106476,34.4117307035,26.5754630873
897,40.0,100.0,70.0,20.0,41.9872643727,14.6034763569,5.53258610761,14.2829040175,12.4917675661,8.68884850024
790,70.0,0.0,10.0,20.0,53.0729756509,-18.1389045478,-11.6152048042,16.8601911279,21.1130282849,23.0309047425
909,100.0,100.0,70.0,20.0,38.6114450312,-1.15700481188,-2.97401313745,9.91442562339,10.4346295887,9.4515205607
802,0.0,0.0,20.0,20.0,71.2313144108,0.321910518373,16.100483701,41.1119891535,42.5248981266,24.9822126417
855,20.0,100.0,40.0,20.0,44.8826495902,24.7485015795,4.79305643254,18.2698199476,14.4579482473,10.3686798688
820,40.0,0.0,20.0,20.0,60.0211877596,-12.4624590456,1.34659886577,24.1613469501,28.1468620499,22.5156340015
867,70.0,100.0,40.0,20.0,39.6553438536,5.98514018175,-5.58559317864,11.467369294,11.0445148424,10.7986646033
832,100.0,0.0,20.0,20.0,49.174363412,-21.2925230521,-11.2272255676,13.5011927949,17.7360304629,19.4733598372
808,10.0,0.0,20.0,20.0,68.3429516641,-3.7005901015,12.2050349593,35.9461575089,38.4390299132,24.3818769657
809,10.0,10.0,20.0,20.0,64.7054374222,1.93791457755,10.0003379434,33.020423397,33.6770792949,22.2162966665
662,10.0,40.0,100.0,0.0,59.5190993323,18.3194829944,34.181942336,31.3575611746,27.5928422225,9.131671483
40,40.0,30.0,0.0,0.0,58.8628651202,2.46083662476,-13.2528335127,26.5175777472,26.8797586559,29.7357240853
1254,70.0,70.0,100.0,80.0,35.3638686362,0.80451322604,3.11941192432,8.46321345663,8.68158880563,6.43261001046
1197,0.0,40.0,0.0,80.0,39.1754695391,10.4876117271,4.81964312217,11.8113112101,10.7612852968,7.59684783877
500,10.0,40.0,70.0,0.0,60.1263619073,19.2819919895,27.0293826012,32.3472888359,28.2638460025,11.6764090634
283,40.0,30.0,30.0,0.0,56.8700382666,-0.113562304709,0.645626119333,23.8787779321,24.7898001209,20.1404671934
1238,70.0,70.0,70.0,80.0,34.4957026871,1.05355852074,1.57748555911,8.07032331792,8.24877186763,6.44279938621
1213,0.0,40.0,40.0,80.0,38.4670829782,8.81197124483,8.2729449889,11.1492548289,10.3520982032,6.47717134393
494,0.0,85.0,70.0,0.0,53.3423453352,42.2445300904,21.2346493669,30.6249250231,21.3610015667,9.80301017343
1220,70.0,0.0,40.0,80.0,37.0945319011,-6.65806418946,2.97304916098,8.46289101033,9.58904642229,7.16585280659
530,40.0,85.0,70.0,0.0,45.6473712705,18.252226786,7.7040158359,17.6658426882,15.0096207684,9.88201862668
245,0.0,10.0,30.0,0.0,77.5783535742,6.24428231616,22.0965396696,53.0124260287,52.4991451801,27.8459510092
656,0.0,85.0,100.0,0.0,53.1767836876,41.6575073066,25.7815356156,30.2759654755,21.2083621328,8.42747581836
1204,70.0,0.0,0.0,80.0,36.5296935125,-4.52688415551,-0.87058511377,8.42826356989,9.28625559462,7.8852186899
692,40.0,85.0,100.0,0.0,45.7915330347,16.7410441974,12.5977772641,17.5003013983,15.1151667486,8.54991223094
2,0.0,10.0,0.0,0.0,78.3159863055,7.50317132532,3.52270465415,54.7544648234,53.7504326674,41.5294700075
942,100.0,20.0,100.0,20.0,44.0448882109,-19.6535626073,7.22363673586,10.5528354875,13.8692876053,9.21139452464
758,70.0,70.0,0.0,20.0,41.705662451,4.25925906013,-14.9439616201,12.4914590816,12.3106596708,15.4565488175
930,40.0,20.0,100.0,20.0,51.6733147382,-7.34215786722,21.5632868398,17.7367646282,19.8553881058,8.87490872854
746,20.0,70.0,0.0,20.0,48.0164784884,22.6375735229,-4.35674341228,20.532490786,16.8074323854,15.5757798834
912,0.0,20.0,100.0,20.0,60.8092261852,10.366153231,38.1156996976,30.7075340069,29.0312811601,8.65261787165
157,100.0,30.0,10.0,0.0,49.4462789713,-13.426724588,-21.0324325026,14.9607844014,17.9589487066,24.7444059559
599,30.0,40.0,85.0,0.0,55.1431906307,6.32259168585,22.2439777569,23.6497271485,23.0688554588,10.4432771213
121,40.0,30.0,10.0,0.0,58.5121158266,0.854719511414,-9.48783549419,25.7620028701,26.5037129578,27.080099417
635,85.0,40.0,85.0,0.0,46.078361478,-15.5566170013,5.96366026132,12.3486162259,15.3266333684,10.6478029388
85,0.0,30.0,10.0,0.0,69.2498194301,20.4150843599,6.12956549434,45.0155765268,39.6923155819,28.8214770202
870,100.0,20.0,40.0,20.0,45.7983718712,-16.6665413281,-5.12930490971,12.0111846064,15.1201859603,14.3656239924
830,70.0,70.0,20.0,20.0,42.484708123,2.89778408122,-9.65418138766,12.7895288386,12.8160151706,13.9119045049
858,40.0,20.0,40.0,20.0,53.8277017041,-5.11103801152,6.35135134199,19.980433962,21.8126924627,15.2969479923
818,20.0,70.0,20.0,20.0,48.5070193582,21.0514978845,0.964968736195,20.6416812962,17.1967729682,13.8230042882
840,0.0,20.0,40.0,20.0,63.1704632431,10.2241913607,20.3105059618,33.4956129471,31.7918346215,16.1781389189
883,10.0,40.0,70.0,20.0,53.9877078948,14.5401355251,21.4713913617,24.3911525977,21.9629839388,10.0673591711
761,100.0,10.0,0.0,20.0,47.9979635681,-15.377681569,-19.7439320605,13.6333127057,16.7928534073,22.7040417114
715,85.0,30.0,100.0,0.0,47.760742945,-19.3911333452,12.3142774675,12.8577555428,16.6068070165,9.5942105701
24,20.0,55.0,0.0,0.0,56.8596376296,22.6092365852,-6.28783308701,29.4355691194,24.779186997,23.6718075612
678,30.0,20.0,100.0,0.0,60.9547490616,-2.84366987424,34.9052205707,27.4362521379,29.1966021101,9.6406779851
69,85.0,55.0,0.0,0.0,45.4950995929,-1.14883255893,-21.5286500845,14.1807307416,14.8986720279,21.4046561126
553,85.0,30.0,70.0,0.0,47.7794755432,-17.6654967916,5.31646261819,13.1324658149,16.6214483162,11.8198970245
267,20.0,55.0,30.0,0.0,55.2458381788,21.5591499827,4.87118959926,27.3850866627,23.1688529275,16.9314709869
516,30.0,20.0,70.0,0.0,61.7737539313,-2.80759667904,25.6499089809,28.3385559769,30.1387487058,13.1528792308
312,85.0,55.0,30.0,0.0,45.3736444501,-4.91477861388,-11.0664483577,13.5004650674,14.8105699434,16.4692540071
303,70.0,55.0,30.0,0.0,47.0349591931,-1.01041728439,-8.23760544472,15.3012332525,16.0461356901,16.4842617819
508,20.0,30.0,70.0,0.0,61.9180178083,7.4387618039,27.2077310997,31.2098975961,30.3067746486,12.6822724418
1218,40.0,70.0,40.0,80.0,35.6374053097,5.96838105276,3.06297636377,9.20886870402,8.82102935021,6.55261774768
544,70.0,30.0,70.0,0.0,51.3044650552,-14.3360853049,8.60856338543,16.1785008364,19.5324923387,12.7890894281
60,70.0,55.0,0.0,0.0,48.5476825289,2.31293666687,-18.9739572577,17.0319605704,17.2293143667,22.797273061
670,20.0,30.0,100.0,0.0,61.3023995974,6.73507742215,34.7820952221,30.303175656,29.594087832,9.85598401982
1202,40.0,70.0,0.0,80.0,35.479085399,7.10573130879,0.311911215856,9.26397156838,8.74014222094,7.13576985249
706,70.0,30.0,100.0,0.0,50.6931568194,-15.0578580912,16.1535190153,15.5948785796,19.0050867385,9.9574271035
733,0.0,40.0,0.0,20.0,58.1017555115,22.0549469827,1.62601270667,30.7125692731,26.0682287112,20.6981921099
925,20.0,40.0,100.0,20.0,50.5799260833,9.55527214027,21.5453905733,20.1159248384,18.9084512561,8.36241675371
751,40.0,40.0,0.0,20.0,49.8285347848,5.56065123773,-9.33191505053,18.6794908003,18.2754718309,19.1128695326
937,70.0,40.0,100.0,20.0,43.8723751401,-9.11086516803,8.91701383482,11.9038502046,13.7500884936,8.65185235955
763,100.0,40.0,0.0,20.0,43.8465710524,-6.7412256941,-18.7390427689,12.2307518248,13.7323179144,18.6927697339
877,0.0,40.0,70.0,20.0,56.1275627035,19.1401632814,24.6700656876,27.7318940789,24.0397420485,10.2175099992
781,20.0,40.0,10.0,20.0,53.6631348346,12.3538179674,-1.00413266494,23.5708521415,21.6588340448,18.3227710835
895,40.0,40.0,70.0,20.0,48.1257526909,1.205259998,11.8560476222,16.5045068159,16.8936487308,9.91846201336
793,70.0,40.0,10.0,20.0,45.4926936303,-4.35650149341,-12.6536997706,13.6682957197,14.8969233888,17.2386467391
907,100.0,40.0,70.0,20.0,41.8910433202,-12.6381214115,1.25260633833,10.2554022077,12.4296861255,9.87449719588
242,100.0,85.0,20.0,0.0,41.0930643352,1.2854736659,-15.791649697,11.678156948,11.9227405226,15.3722121953
110,30.0,10.0,10.0,0.0,67.9058684901,-5.75538705284,-3.87126378044,34.7786618555,37.8445236756,33.8001834757
611,40.0,85.0,85.0,0.0,45.2489355313,16.4586370106,9.50840330913,17.0186613583,14.7204697219,9.15160194756
722,100.0,10.0,100.0,0.0,50.0810491866,-28.9618105679,13.7306853409,12.9228954658,18.4865905198,10.3764846548
575,0.0,85.0,85.0,0.0,52.951453751,42.3064455263,23.9910228084,30.1899023393,21.0017901036,8.81234039968
845,10.0,10.0,40.0,20.0,63.6415925116,1.0109001555,18.9001814273,31.4838008146,32.3627813516,17.1244319884
812,10.0,70.0,20.0,20.0,49.1951889715,26.8017031309,4.37445425009,22.4994262784,17.7530378003,13.0036341283
658,10.0,0.0,100.0,0.0,75.3736988003,-6.63081331611,57.6908369116,44.7896889017,48.8753239261,10.2674721035
539,55.0,85.0,70.0,0.0,43.2502763287,10.0497641183,3.73312218125,14.4275917798,13.3259191097,9.83337388541
686,40.0,10.0,100.0,0.0,61.4975850799,-13.9609566626,33.9448421399,25.2974811079,29.8188260149,10.2125550042
502,10.0,70.0,70.0,0.0,52.7962898218,32.0423331258,19.6640500955,27.3662890732,20.8603256799,9.99239547299
253,10.0,0.0,30.0,0.0,77.6498581527,-5.44984169205,20.6400033278,48.7133077777,52.6195832388,28.8045300702
53,55.0,85.0,0.0,0.0,44.1500814232,15.0644780786,-14.6506370453,15.9268522079,13.9423085938,17.1004794719
281,40.0,10.0,30.0,0.0,63.6916712991,-11.0565510477,3.71578609625,28.343141939,32.4238690862,24.6407475485
16,10.0,70.0,0.0,0.0,54.9124615544,34.2067459042,-2.14490810691,30.2841470617,22.8451343095,19.8591917406
490,0.0,30.0,70.0,0.0,67.0781654813,18.9597756482,36.1467304134,41.3537990267,36.735565203,12.6672941781
285,40.0,55.0,30.0,0.0,52.164432158,11.1796164837,-0.68738366087,21.8859195535,20.2908152164,17.0375309346
1237,70.0,40.0,70.0,80.0,35.0515937012,-1.75573926419,3.23896640691,8.0246665918,8.52420616492,6.28514029674
249,0.0,55.0,30.0,0.0,60.714652547,32.5455421831,12.6579582261,36.9641992886,28.9241762662,17.6484740178
652,0.0,30.0,100.0,0.0,67.0704560425,18.4362667583,45.0934645512,41.1708871061,36.7253392557,9.7463903035
42,40.0,55.0,0.0,0.0,53.8374384233,12.5736675061,-12.4017638311,23.7912005263,21.8218183686,24.1614247637
1253,70.0,40.0,100.0,80.0,35.0655538235,-2.21646421807,4.76794527859,7.98057378264,8.53120094189,5.95635207647
6,0.0,55.0,0.0,0.0,61.7350444545,32.8723972919,1.02760342707,38.4256709786,30.0937692147,24.2637340856
639,85.0,100.0,85.0,0.0,39.3381418419,0.545442833322,-2.48799037538,10.5410990572,10.8567477886,9.67716613394
109,30.0,0.0,10.0,0.0,70.8713134743,-12.1458831372,-2.49091654279,36.6862373617,42.0005711558,36.4127835275
619,55.0,70.0,85.0,0.0,43.4202891701,4.94211707392,5.56979346788,13.7259191251,13.4409608234,9.37794558758
145,85.0,0.0,10.0,0.0,56.6386300091,-24.5975828274,-20.4722574517,18.5241154821,24.5543796381,31.9079200473
583,10.0,70.0,85.0,0.0,53.1146154468,30.3355635276,21.7040087337,27.2827516183,21.1512344979,9.54743032273
798,100.0,20.0,10.0,20.0,46.4664600473,-13.7642477932,-15.9184306282,12.8650173368,15.6158891794,19.4839523974
902,70.0,70.0,70.0,20.0,40.5890554608,-0.450145642801,1.19698927673,11.1333772338,11.6097633586,9.23101168479
786,40.0,20.0,10.0,20.0,53.8980835415,-2.92622787716,-5.60484926251,20.4887731406,21.878716344,20.6898990546
890,20.0,70.0,70.0,20.0,46.8645079375,19.0339279386,12.1540881332,18.8148839449,15.9163175,9.19159802147
768,0.0,20.0,10.0,20.0,64.2951948119,11.4390044227,7.34377275149,35.2590335857,33.1661225159,23.2375059701
872,100.0,70.0,40.0,20.0,40.044925078,-3.08988287661,-8.31563643369,10.4634009628,11.2780732536,11.9207070087
828,70.0,20.0,20.0,20.0,49.0321879099,-11.7321505276,-8.61566755424,14.9457042698,17.6202119695,18.1540670145
860,40.0,70.0,40.0,20.0,44.8284357457,11.333120592,1.36413746916,15.7866375664,14.4193597559,11.4392384282
816,20.0,20.0,20.0,20.0,59.0747024557,2.90106509124,4.81820586429,26.8500720651,27.1085876291,19.9614484838
842,0.0,70.0,40.0,20.0,51.012309344,30.3639688158,11.4271939228,25.0917066085,19.2792345161,11.6389086938
868,100.0,0.0,40.0,20.0,47.7914973993,-23.4203397843,-3.69174652343,12.2782641508,16.6308490673,15.1508789954
831,70.0,100.0,20.0,20.0,39.3877464205,7.72061045012,-8.85223151689,11.5489972917,10.8859696204,11.7186000373
856,40.0,0.0,40.0,20.0,59.0537465952,-14.36683075,11.0294561775,22.7912819968,27.0858932245,17.1073640135
819,20.0,100.0,20.0,20.0,44.7139049783,26.4756543259,1.86628058184,18.46130611,14.3380645778,11.2088593287
838,0.0,0.0,40.0,20.0,70.1675445683,-0.715283659215,26.7001799198,39.2966769167,40.9880431463,18.6659978937
801,100.0,100.0,10.0,20.0,38.3597023097,4.21105757319,-13.7906830287,10.468278302,10.2909920224,12.8179275055
898,70.0,0.0,70.0,20.0,50.9658026676,-22.9654799945,12.7571137975,14.4669799262,19.2391228849,11.1723659881
789,40.0,100.0,10.0,20.0,42.0522111671,18.3223099615,-5.02270812492,14.9404218193,12.5337876172,11.9780173416
886,20.0,0.0,70.0,20.0,63.2550455206,-8.75198147992,31.2097850188,28.4513589576,31.8938385582,12.0891629363
771,0.0,100.0,10.0,20.0,48.1685010351,36.1480503098,5.54080795682,23.5958471594,16.9274568506,11.9718003834
299,70.0,10.0,30.0,0.0,56.7902307034,-20.3670736839,-5.54177357372,19.4809051062,24.7084396217,23.2087774761
1235,40.0,100.0,70.0,80.0,34.7219636474,7.10208303435,4.22299641898,8.87309618322,8.36015265538,5.94617667457
263,20.0,10.0,30.0,0.0,70.6415880561,-3.22046362135,12.4481931581,39.1499685176,41.668248351,26.4820455867
548,70.0,85.0,70.0,0.0,42.2176839806,4.3166972018,0.70115743386,12.8298899259,12.6412728501,10.2133160841
56,70.0,10.0,0.0,0.0,58.9921870465,-15.6950849249,-21.7761152991,22.4406337539,27.0192998216,35.5614526157
1251,40.0,100.0,100.0,80.0,34.5732712919,6.45197630705,5.1036207722,8.72172185782,8.2868441642,5.70579766552
20,20.0,10.0,0.0,0.0,72.2524993753,-0.858899135887,-5.12046525885,42.1766612112,44.0359199558,40.1272210707
710,70.0,85.0,100.0,0.0,42.2912769291,3.36742013359,5.29852683874,12.7348170611,12.6892729581,8.89979818907
735,0.0,100.0,0.0,20.0,48.4244292838,36.97993514,2.97340323103,24.0365532699,17.130805026,13.0297073037
922,20.0,0.0,100.0,20.0,61.8409664603,-9.39336381491,37.7928637251,26.7586772341,30.2169544967,9.24405002506
753,40.0,100.0,0.0,20.0,42.5743126083,17.9920091,-7.50835169253,15.2631945593,12.8750117597,13.173184528
934,70.0,0.0,100.0,20.0,50.0874855388,-23.5105678832,17.8003856993,13.7709578279,18.4919928763,9.16599362248
765,100.0,100.0,0.0,20.0,39.2009748475,4.0651008879,-16.4866091309,10.9332208382,10.7762156707,14.3588647279
874,0.0,0.0,70.0,20.0,69.2305353514,-1.18754204123,40.9564010457,37.8794336521,39.6653856735,12.2814060722
783,20.0,100.0,10.0,20.0,45.3806237546,26.589059236,-1.03704603057,19.04138485,14.815623215,12.5873445682
892,40.0,0.0,70.0,20.0,57.3493835124,-15.8895282033,21.7803338068,20.8854104177,25.2822334055,11.8320895805
795,70.0,100.0,10.0,20.0,40.0465877031,7.68073078109,-11.7873639999,11.9470979005,11.2790770071,13.1443817166
904,100.0,0.0,70.0,20.0,47.6729247132,-25.4976363808,5.97368849145,11.9031198048,16.5382833775,11.5372328177
807,0.0,100.0,20.0,20.0,48.213262268,35.6201769918,7.00835900688,23.5201157129,16.9629052007,11.5029063448
850,20.0,0.0,40.0,20.0,64.4939509065,-7.77669932973,17.6092419771,30.1016886075,33.4130227077,18.3502188641
825,40.0,100.0,20.0,20.0,42.9173832688,16.9138925914,-3.69232144505,15.331121977,13.1025667969,12.0332407018
862,70.0,0.0,40.0,20.0,52.099024853,-21.1898690463,1.02551398757,15.5824761094,20.2324609801,16.2602770998
837,100.0,100.0,20.0,20.0,38.0946919726,2.8118292165,-11.7402320246,10.1372018613,10.1412149695,11.9418898288
804,0.0,20.0,20.0,20.0,63.752479541,11.7482026292,11.7584752246,34.6618392399,32.4981482401,20.5068750737
854,20.0,70.0,40.0,20.0,46.8182427955,20.9163170163,6.0952984802,19.1443545928,15.8812025084,11.0134882856
822,40.0,20.0,20.0,20.0,54.1165172016,-3.57283884524,-1.08341184144,20.5495897751,22.084472986,18.7163165013
866,70.0,70.0,40.0,20.0,41.1650464609,2.29726746216,-4.08789281795,11.8663953211,11.9678934694,11.1551273247
834,100.0,20.0,20.0,20.0,45.8494795448,-14.2594648769,-11.605274793,12.3943277455,15.1577304825,17.0505237022
878,0.0,70.0,70.0,20.0,49.4779048487,29.9534912964,18.7402265596,23.4714439232,17.984996422,8.60830282717
780,20.0,20.0,10.0,20.0,58.7681086035,4.77198908537,0.624477921273,26.9858418793,26.7778198726,21.7749599229
896,40.0,70.0,70.0,20.0,43.4850151079,10.9504353076,7.18940456901,14.7416946654,13.4849320061,8.94679675508
792,70.0,20.0,10.0,20.0,48.8075081131,-10.2724215967,-12.4725959659,15.0278698983,17.4382139208,19.764477609
908,100.0,70.0,70.0,20.0,39.5099695222,-3.90596497209,-1.51969561478,10.0578351057,10.9581943583,9.47923980022
1231,0.0,100.0,70.0,80.0,37.1426247625,14.6710811649,8.51260326053,11.1698975551,9.61512721699,5.92133747947
289,55.0,0.0,30.0,0.0,63.5559955528,-21.5433143701,0.722725062851,25.6046042698,32.258545135,26.19815723
538,55.0,70.0,70.0,0.0,45.5042004303,6.05107013402,5.27347502573,15.3799489826,14.9052876994,10.5533458289
1212,0.0,0.0,40.0,80.0,40.870317583,0.958725678022,10.7696948311,11.4968523726,11.783735694,6.85806664717
1247,0.0,100.0,100.0,80.0,36.5509061089,12.6869816233,8.76582431422,10.5579852853,9.29751009488,5.65331167525
46,55.0,0.0,0.0,0.0,66.0840134524,-17.2162339309,-16.8112802584,29.4184624481,35.4324987884,40.9405274817
700,55.0,70.0,100.0,0.0,45.4051376014,5.89164188943,10.9731794213,15.2803787593,14.833381245,8.81427781219
1196,0.0,0.0,0.0,80.0,40.5153505332,1.9253706345,6.1589169687,11.418071956,11.5644586931,7.84449661469
495,0.0,100.0,70.0,0.0,51.2224265193,44.5272700749,18.9904328874,28.8156162878,19.4611539221,9.38704435857
241,100.0,70.0,20.0,0.0,41.7667518209,-1.99102139057,-16.5136788961,11.6254573657,12.3497986482,16.1452595404
491,0.0,40.0,70.0,0.0,62.1809274939,25.7222883506,29.9501547296,36.8108091041,30.6145928028,11.886570648
237,100.0,20.0,20.0,0.0,50.6267995286,-18.2109114791,-16.2617936235,15.0116705488,18.9484150302,23.258446616
487,0.0,0.0,70.0,0.0,79.9237484922,-1.40535565515,50.8684252569,53.9732617305,56.5463344378,15.4893384301
162,100.0,100.0,10.0,0.0,40.0003884411,3.76815805899,-17.863106845,11.3655731932,11.2512079267,15.4480483195
622,70.0,0.0,85.0,0.0,56.4266604342,-30.26352948,19.7739756248,17.2854023139,24.3400470751,11.9735222367
126,40.0,100.0,10.0,0.0,45.4093416744,21.7058724049,-8.14134556673,18.1227963341,14.8364281343,15.2882106378
586,20.0,0.0,85.0,0.0,71.4835035649,-12.1317508451,44.8895932795,37.4980409951,42.8947888865,12.2644628901
90,0.0,100.0,10.0,0.0,53.4328769686,45.2888201083,5.43892962228,31.5592577618,21.444776015,15.3903706775
1175,0.0,100.0,100.0,60.0,40.2602608192,20.1258872512,12.2559482378,13.973924152,11.4085711676,6.27702140956
1094,100.0,70.0,0.0,60.0,36.1225203302,0.83151147738,-9.1200551917,8.84556696148,9.07198356009,10.0033744938
1173,0.0,40.0,100.0,60.0,43.6683006235,11.0933049623,17.2060723084,14.8965523782,13.6099659839,6.48500042146
1092,100.0,20.0,0.0,60.0,38.8970384079,-6.63420143292,-9.20448296158,9.38496220385,10.599192492,11.5530219174
1171,0.0,0.0,100.0,60.0,49.5985534449,-0.440692965633,26.2573853713,17.3574852123,18.0845963645,6.75510354139
871,100.0,40.0,40.0,20.0,42.3804129418,-9.98806944373,-6.91772089227,10.8860282079,12.7475733615,12.8391476938
829,70.0,40.0,20.0,20.0,44.7226386018,-4.44557548256,-9.24086983436,13.1391902773,14.3442530088,15.2542669592
859,40.0,40.0,40.0,20.0,48.621348697,3.50479528641,4.18885644007,17.308356988,17.2883714816,12.7155360224
817,20.0,40.0,20.0,20.0,52.519067072,12.167036642,2.65644995331,22.4320413751,20.6091630784,15.88319657
841,0.0,40.0,40.0,20.0,56.9521997361,20.3311195282,16.1532693485,28.9454109069,24.8737467107,13.5882743466
161,100.0,85.0,10.0,0.0,40.8448366243,3.31110050999,-17.7275645599,11.8140279117,11.7679035491,15.9890751025
595,30.0,0.0,85.0,0.0,68.6301304665,-16.3467115701,40.6331990328,32.6345771995,38.833010793,12.0355734347
125,40.0,85.0,10.0,0.0,45.9295559661,21.0954372473,-8.13887747611,18.4343469627,15.2166808071,15.6508364768
631,85.0,0.0,85.0,0.0,53.7020992509,-32.779258034,15.9740289536,14.792945014,21.695197436,11.6693654174
89,0.0,85.0,10.0,0.0,54.0424670746,43.8502662256,5.4742487361,31.8870874926,22.0145765508,15.804414355
311,85.0,40.0,30.0,0.0,48.2988545445,-10.4905192267,-10.2563705462,14.6275786749,17.0308271423,18.3243499984
1233,40.0,40.0,70.0,80.0,36.8923376958,1.82663370471,6.19980031101,9.3629301166,9.47991227546,6.33260021246
275,30.0,40.0,30.0,0.0,57.8365416629,8.98669817021,3.3912733021,27.0352151733,25.7893308462,19.6232430172
552,85.0,20.0,70.0,0.0,51.2972447542,-21.6067053158,7.66647142673,14.9271181921,19.5262067819,13.1239697049
68,85.0,40.0,0.0,0.0,49.8684164373,-6.01467129035,-22.1950295567,16.5565614409,18.3087080717,25.8075423514
1249,40.0,40.0,100.0,80.0,36.0311631391,1.10081653164,6.91566176884,8.8309266346,9.02436465417,5.85333878132
32,30.0,40.0,0.0,0.0,59.7289582124,10.8418350697,-9.68992896187,29.5933261275,27.8235140397,28.4572921155
714,85.0,20.0,100.0,0.0,50.3658478276,-22.5293428773,15.7880106675,14.1186152524,18.7266447999,9.89745632296
181,20.0,0.0,20.0,0.0,74.1085778488,-9.11908914377,7.60437649926,42.0900918105,46.8731822028,33.2696093871
543,70.0,20.0,70.0,0.0,51.2875846209,-19.2585331802,7.81414333502,15.3151711377,19.5177993641,13.0643547247
185,20.0,40.0,20.0,0.0,58.788011309,14.7975115044,1.41447938769,29.5669760292,26.7992097253,21.3924171263
547,70.0,70.0,70.0,0.0,42.9152744078,0.379106870601,0.920261214845,12.6900563446,13.101159886,10.51868139
189,20.0,100.0,20.0,0.0,48.6739057896,32.1718642181,0.309299320712,23.1912704206,17.330588137,14.1808847898
574,0.0,70.0,85.0,0.0,54.7165913601,38.5246204848,26.0050193718,31.2222345733,22.6563522895,9.10224266069
102,20.0,20.0,10.0,0.0,66.5831093232,4.70975264149,-1.7326018021,36.193904365,36.0827578256,30.8721681069
610,40.0,70.0,85.0,0.0,46.4449474236,12.7891468624,10.5350627133,17.2905625607,15.5997610172,9.45063396009
138,70.0,20.0,10.0,0.0,54.6590541286,-13.2075226564,-17.7761002983,19.0799930655,22.601095521,28.0604391238
646,100.0,70.0,85.0,0.0,40.95169659,-6.51895702987,-0.345265252527,10.5266317923,11.8343941897,9.86797886603
1076,20.0,0.0,0.0,60.0,48.5933622373,-2.0862078914,2.00510699314,16.2779839803,17.265919267,13.4904798024
1187,70.0,20.0,100.0,60.0,39.3934158902,-8.3774304427,7.63136245736,9.43356342167,10.8893128143,6.99854926195
1078,20.0,40.0,0.0,60.0,43.1283982931,8.42937534623,0.279656157168,14.0805280649,13.2438537568,10.837881921
1189,70.0,70.0,100.0,60.0,36.339234262,0.0759770757054,3.52946138167,8.86659871194,9.18561261186,6.72412165227
1080,20.0,100.0,0.0,60.0,39.5575886239,17.3716454828,0.733766317985,13.0709915239,10.9864199445,8.8582183811
806,0.0,70.0,20.0,20.0,50.8429949239,31.9139870727,7.04862306745,25.2856244635,19.1334697212,13.0639875367
852,20.0,20.0,40.0,20.0,58.1804922701,2.37241349192,13.0203635318,25.783196212,26.1514133606,15.6357492855
824,40.0,70.0,20.0,20.0,44.9650498581,13.8439227313,-3.12317580648,16.3294379838,14.5167310993,13.0775433503
864,70.0,20.0,40.0,20.0,48.2235241726,-12.5952358865,-0.857183192748,14.231414135,16.9710390127,14.3306030585
836,100.0,70.0,20.0,20.0,40.0478885677,-0.247142378953,-12.0092919965,10.8437747691,11.2798624016,13.2260834349
876,0.0,20.0,70.0,20.0,61.5675908376,10.0928396853,31.9822973651,31.5228483849,29.8997075971,10.866392287
782,20.0,70.0,10.0,20.0,47.7082322475,22.5795762845,-1.49772346487,20.247741634,16.56581077,14.2353077372
894,40.0,20.0,70.0,20.0,52.1847816346,-6.18667658501,16.6799318607,18.3729870526,20.3089932047,10.5885066679
794,70.0,70.0,10.0,20.0,41.6050079967,4.7860888856,-11.6694936643,12.5052360344,12.2463525006,14.1010889227
906,100.0,20.0,70.0,20.0,45.223818651,-18.1754826374,4.85492988768,11.4451964217,14.7023674966,10.5329771189
498,10.0,20.0,70.0,0.0,67.6834628506,6.56589651719,35.3291013657,38.2171473106,37.5443821523,13.3393106424
293,55.0,40.0,30.0,0.0,52.672239617,-1.66701597594,-3.99905160559,19.6707798882,20.747685983,18.9128761453
534,55.0,20.0,70.0,0.0,55.7904304904,-13.5414416834,16.1327460793,19.9864382472,23.7042219577,12.8643186563
1214,0.0,70.0,40.0,80.0,37.7783504945,12.6806719858,7.30866174792,11.2732993038,9.96433830659,6.42666024011
660,10.0,20.0,100.0,0.0,67.4427814457,5.92597256796,44.4398224414,37.6959158362,37.2213695688,10.1375400199
50,55.0,40.0,0.0,0.0,54.3221069271,1.7622397704,-16.2871410234,21.8607300835,22.2793058186,26.8306841932
696,55.0,20.0,100.0,0.0,55.7856599768,-14.007526065,24.7914729952,19.8879892853,23.6994967959,10.0004754364
1198,0.0,70.0,0.0,80.0,37.1034906786,13.1770138184,4.97632608984,10.9428511504,9.59390119505,6.69411366374
531,40.0,100.0,70.0,0.0,43.5753769779,18.2990887233,4.3988652925,16.0591398541,13.546479051,9.80186864415
205,40.0,70.0,20.0,0.0,47.8438914183,15.9438998423,-6.18458853695,19.0359652221,16.6718610953,16.2073843123
527,40.0,40.0,70.0,0.0,52.7068328471,1.60745256019,12.6647113651,20.3652031527,20.7790563486,12.2128972528
201,40.0,20.0,20.0,0.0,60.659327225,-4.77227528046,-3.68001225518,26.6426178925,28.8616424923,25.8589027847
523,40.0,0.0,70.0,0.0,65.0071428247,-20.0881163043,26.9245265532,27.4920458092,34.0561834111,14.7804390007
158,100.0,40.0,10.0,0.0,47.1940419401,-9.23710546172,-20.6281726786,14.0577337012,16.1679305327,22.4422972265
626,70.0,40.0,85.0,0.0,47.8848957502,-11.1854061788,8.56712352826,14.2233729317,16.7040047037,10.8102069627
122,40.0,40.0,10.0,0.0,54.7882973416,6.16100730839,-9.59716630742,23.2683896065,22.7253422039,23.5310647589
590,20.0,40.0,85.0,0.0,57.3414680998,12.3143784818,26.4309325363,27.3321550213,25.2740493811,10.3199582167
86,0.0,40.0,10.0,0.0,65.0076889331,26.5155090677,5.07121671555,40.905081193,34.0568721835,25.149376339
1185,40.0,100.0,100.0,60.0,36.7076127706,8.42559832312,5.56652426696,10.0902327776,9.38093382119,6.40322169903
1084,40.0,70.0,0.0,60.0,38.8788098925,9.75726076486,-2.87576210133,11.5269347517,10.5886376387,9.55780208538
1183,40.0,40.0,100.0,60.0,39.8834309797,0.814198675005,9.78702062541,10.8913558064,11.1808602183,6.69001041998
1082,40.0,20.0,0.0,60.0,43.1932624596,-0.0653677603593,-2.38770951193,12.8032209703,13.2874873214,11.7512134827
1181,40.0,0.0,100.0,60.0,43.8317844435,-8.4081346827,15.8404788877,11.979715848,13.7221416798,6.86636573485
472,85.0,30.0,55.0,0.0,48.1338008271,-17.0809184911,-0.61273611536,13.4585582996,16.9000102678,14.1773729279
113,30.0,40.0,10.0,0.0,57.4748221719,10.6845407847,-5.62585049003,27.0696071079,25.4121648078,23.8870950176
615,55.0,20.0,85.0,0.0,54.2750644658,-14.6628148051,19.9235762391,18.4754212589,22.2346240336,10.7023624138
149,85.0,40.0,10.0,0.0,48.4491402175,-7.47547793699,-18.5036966493,15.2386672583,17.1505249015,22.4628192558
579,10.0,20.0,85.0,0.0,67.0484990435,7.6407551325,41.8775068909,37.7006454707,36.6962254713,10.7243336144
796,100.0,0.0,10.0,20.0,50.2507958562,-20.2723833164,-14.7845314786,14.4035545484,18.6294198934,22.1457079474
903,70.0,100.0,70.0,20.0,38.8579004381,4.97553168717,0.224607011651,10.8563715382,10.5765390733,8.66472785957
784,40.0,0.0,10.0,20.0,60.1804411315,-11.7788233774,-3.48849237368,24.4777679396,28.3241236607,25.2823859297
891,20.0,100.0,70.0,20.0,44.2887677995,24.0893433945,10.5231815873,17.6623095204,14.0389703059,8.40969081469
766,0.0,0.0,10.0,20.0,71.5514568568,0.719355372979,10.924806036,41.6972653659,42.9948228367,28.3168474099
307,85.0,0.0,30.0,0.0,56.7845650352,-27.5478619899,-7.47876306235,18.0805725152,24.7026704851,24.2478968443
520,30.0,70.0,70.0,0.0,49.2509469107,19.6656344378,12.9452948902,21.0209401702,17.7986264232,10.1771402473
271,30.0,0.0,30.0,0.0,71.5709002961,-12.720172174,11.4217943853,37.4328202513,43.0234740868,28.0366033631
556,85.0,70.0,70.0,0.0,42.5220259759,-2.67284507071,0.0586368751301,11.9926533349,12.8405637109,10.5763478041
64,85.0,0.0,0.0,0.0,59.427423357,-22.3329469026,-23.8529588813,21.4143246494,27.4924756454,37.5955911861
682,30.0,70.0,100.0,0.0,49.7191972458,18.4753598074,18.0897731414,21.1949491268,18.1845593687,8.90414940318
28,30.0,0.0,0.0,0.0,73.3290712087,-9.73430380007,-6.99983109428,40.7805003684,45.66721086,43.054826535
718,85.0,70.0,100.0,0.0,42.3567495153,-3.41075197604,5.64288011747,11.7847962478,12.7320786606,8.83504142172
217,70.0,0.0,20.0,0.0,58.814446938,-24.8188797894,-11.563051117,20.3446074939,26.8276382556,28.6380736949
507,20.0,20.0,70.0,0.0,63.123597275,1.57297421653,26.7560452234,31.0277014605,31.7354092873,13.602247657
221,70.0,40.0,20.0,0.0,48.9056814074,-6.31400639963,-12.4562636549,15.7740371779,17.5175825756,19.837572009
511,20.0,70.0,70.0,0.0,50.4991276643,24.714154142,13.918477183,23.2830466275,18.8396954116,10.5429626498
225,70.0,100.0,20.0,0.0,41.9244565131,8.71420844346,-11.6466903468,13.3082270738,12.4512208171,14.3032835248
570,0.0,20.0,85.0,0.0,70.1305781138,13.0767615309,45.4263947359,43.7935885011,40.9353133381,11.2946823774
106,20.0,70.0,10.0,0.0,52.1066048185,27.7195925617,-3.10182882366,25.5835965693,20.2392178357,18.0581046816
606,40.0,20.0,85.0,0.0,57.8658946047,-9.19609222509,23.7950161685,22.8024944401,25.8200999079,11.4549929835
142,70.0,70.0,10.0,0.0,44.2539592535,4.67187363484,-16.0208713115,14.2567836138,14.0146675673,17.7808583054
642,100.0,20.0,85.0,0.0,48.1051933443,-24.2208191898,8.0018222953,12.3592237261,16.8774051302,11.1147676976
1086,70.0,0.0,0.0,60.0,41.6815504501,-8.83611234247,-5.65513832357,10.6365370517,12.2952342891,11.97574752
1177,20.0,20.0,100.0,60.0,43.802904237,0.942834586787,16.3364362635,13.3585667635,13.7022806463,6.73842091182
1088,70.0,40.0,0.0,60.0,38.7871311713,-0.666955327918,-6.62633507828,10.0736540339,10.53565916,10.6537802836
1179,20.0,70.0,100.0,60.0,39.5965301812,11.1257345346,10.3279496406,12.1648262037,11.0095380237,6.45276809592
1090,70.0,100.0,0.0,60.0,35.4137218779,6.25799496714,-5.65524863522,9.12757005131,8.70689213082,8.64865411469
1441,3.0,40.0,3.0,0.0,64.4433889211,24.4531254336,0.953570934699,39.4544120524,33.3500974407,26.9536439976
1442,40.0,40.0,3.0,0.0,54.7488555579,6.70709940451,-12.6989634219,23.3528284224,22.6873770849,25.1956702795
1445,3.0,3.0,40.0,0.0,78.0157670489,-0.189604870883,29.1617045552,51.2659009302,53.2387822789,24.2287834328
1452,40.0,40.0,0.0,3.0,55.4543294902,7.25923731468,-12.4038412734,24.1698474992,23.3728502807,25.7162314365
1475,0.0,3.0,3.0,40.0,60.468803182,2.93502984126,6.79610333966,28.3687032996,28.6469843984,20.1667223585
1460,40.0,0.0,40.0,3.0,66.0749264595,-17.2376279388,12.2555764037,29.4025858561,35.4207325792,22.2710189232
1439,40.0,3.0,3.0,0.0,67.4997223959,-12.1336030009,-10.8423091189,32.4496670771,37.2976206258,38.2642964785
1470,40.0,3.0,0.0,40.0,51.3586279883,-6.55888243026,-4.79576691653,17.6297317168,19.5796863253,18.2404494996
1458,0.0,0.0,40.0,3.0,79.2328383749,-0.876412262421,31.0279354067,53.0165827894,55.3332549081,24.3559508753
1459,3.0,0.0,40.0,3.0,77.9521030323,-2.7856258365,29.0191211224,50.1837028258,53.1307014697,24.2467321395
17,10.0,85.0,0.0,0.0,53.069072547,37.7264933929,-1.45803006384,29.1163570846,21.109449388,18.0651302054
695,55.0,10.0,100.0,0.0,57.6702030793,-19.9953006079,26.7695988,20.3223666482,25.6154289825,10.3907304539
1207,70.0,100.0,0.0,80.0,34.4659515991,5.34274578372,-3.00537763246,8.539760436,8.23420040733,7.5226859066
659,10.0,10.0,100.0,0.0,71.5928568932,-0.0562041361057,50.0086472845,41.5000251555,43.0558439477,10.6305940771
260,10.0,85.0,30.0,0.0,52.4176221803,35.8970509628,7.15233346634,27.9253774561,20.5177607613,14.0328252857
533,55.0,10.0,70.0,0.0,59.294781583,-18.9252663417,18.9082895329,22.0216908715,27.3476910998,14.0713140424
1223,70.0,100.0,40.0,80.0,33.8860133274,4.30042670439,0.460800616805,8.13902940856,7.95357585764,6.4576198142
497,10.0,10.0,70.0,0.0,72.3675755753,-0.109084401924,39.1003721862,42.5933585046,44.2084056173,14.9837365353
567,100.0,100.0,70.0,0.0,38.7433050323,-0.319273538867,-4.87787835674,10.0940443382,10.510395855,10.08741132
169,0.0,70.0,20.0,0.0,55.2436041911,40.0230744174,7.53475129388,32.2620887714,23.1666735451,15.808701481
563,100.0,40.0,70.0,0.0,45.2377299418,-15.36683243,1.18279706122,11.8507382198,14.7123918004,11.7358413025
165,0.0,20.0,20.0,0.0,72.1061222106,14.1925387995,12.9978645597,47.1691019685,43.8171669054,27.6447364277
559,100.0,0.0,70.0,0.0,53.1438368214,-31.9082580931,8.07158426239,14.5398451761,21.1780738067,14.1596590364
154,100.0,0.0,10.0,0.0,56.1582984289,-25.1785344073,-20.9866247155,18.0180786724,24.0704873192,31.7022216183
630,70.0,100.0,85.0,0.0,40.3036265114,4.74839662015,1.32306459824,11.6866810763,11.4349728599,9.05450418016
118,40.0,0.0,10.0,0.0,68.2428104596,-15.1176352034,-6.79693617257,32.5109887394,38.3022753129,36.2509751661
594,20.0,100.0,85.0,0.0,47.1508716494,29.5653617037,13.9030749644,21.1990864868,16.1348183498,8.83658566947
82,0.0,0.0,10.0,0.0,82.3878951065,0.696353577276,12.0672857354,59.128771375,61.0170266424,40.3473443991
1195,100.0,100.0,100.0,60.0,35.5486678733,-0.423628540672,0.191915818138,8.4139933652,8.77563137832,7.19400888564
1074,0.0,70.0,0.0,60.0,42.5276514069,19.7222708618,3.55649982171,15.5235404618,12.8442669653,9.51634778378
1193,100.0,40.0,100.0,60.0,37.1656970148,-6.97097443857,3.56052137277,8.46218671317,9.62765608458,7.05363370683
1072,0.0,20.0,0.0,60.0,48.0891115241,7.97225377542,4.7548499444,17.7115629892,16.8647064098,12.1949920644
1191,100.0,0.0,100.0,60.0,39.6882849429,-14.2156939933,7.45624349679,8.88356968941,11.0641374178,7.16313314576
1456,3.0,40.0,3.0,3.0,63.009375976,23.5127565653,0.70464448826,37.2268561404,31.59816972,25.6692977642
1457,40.0,40.0,3.0,3.0,54.1524964668,6.56865884008,-11.5975789352,22.7491547713,22.1184874069,24.0192687923
1462,3.0,3.0,40.0,3.0,76.2947164094,-0.126857885466,28.0212809733,48.5234017882,50.3682139879,23.2435272085
1466,40.0,40.0,40.0,3.0,53.9102020286,4.10041467457,4.38014327918,21.9820020059,21.8900978969,16.1632707668
1476,3.0,3.0,3.0,40.0,59.6658274157,1.8847151821,5.6575293169,27.2297074682,27.7539875304,20.048000566
1463,40.0,3.0,40.0,3.0,64.985769601,-14.6176555199,11.3157662134,28.862146329,34.0292339953,21.7896371367
1454,40.0,3.0,3.0,3.0,66.1936080848,-11.5584957747,-10.2869552655,31.0552401497,35.5746116737,36.2201637368
1477,40.0,3.0,3.0,40.0,51.4272059117,-6.76326035972,-3.7412262662,17.6467375706,19.6395495576,17.8200448951
1383,60.0,45.0,45.0,40.0,40.9725397941,-0.830113273891,0.804547294441,11.3089256743,11.8473924142,9.53710328837
1421,0.0,0.0,3.0,3.0,80.8871009538,0.824556555605,7.63600932642,56.520247595,58.2671687496,41.7803009269
1258,100.0,70.0,100.0,80.0,34.4582372757,-1.35945330698,1.98383149694,7.78866711316,8.23042489692,6.33690258714
51,55.0,55.0,0.0,0.0,50.7110121179,7.14707835905,-16.2024853821,19.7431522363,19.0203551274,23.3041751801
681,30.0,55.0,100.0,0.0,52.4165699319,12.9543062071,21.8309186815,22.5077305829,20.5168140995,9.16174124995
15,10.0,55.0,0.0,0.0,59.7201622392,27.4067207324,-2.96121798028,34.1605477195,27.8138200019,24.5466285632
1242,100.0,70.0,70.0,80.0,33.9760615526,-0.307456218408,1.16283724433,7.67823548253,7.99672416281,6.33458991321
294,55.0,55.0,30.0,0.0,50.0417044819,3.59042054981,-4.69187243817,18.4765738624,18.4535893881,17.1869696291
519,30.0,55.0,70.0,0.0,53.6218759421,12.6538644464,16.6464513742,23.5985046992,21.6203736587,11.3991004124
258,10.0,55.0,30.0,0.0,58.8557917352,25.2943583359,8.89646874442,32.4971751069,26.8721402091,17.8959851054
244,0.0,0.0,30.0,0.0,81.6354441119,-0.607473934994,25.0813080411,57.2501642043,59.6277676536,30.3217619431
432,20.0,100.0,55.0,0.0,46.9647400281,30.9882338619,8.70320450897,21.3301425623,15.9925705779,10.2695295402
280,40.0,0.0,30.0,0.0,66.8622435506,-17.6387996772,5.47190843217,30.1939188423,36.4498794333,26.7499267738
468,70.0,100.0,55.0,0.0,40.8010591846,6.15786411458,-3.29081048335,12.1974639751,11.7407363298,10.697080769
316,100.0,0.0,30.0,0.0,54.9062880199,-28.4115281958,-9.64514987508,16.4349843645,22.8391682376,23.6661403818
1141,100.0,0.0,40.0,60.0,39.4226939665,-12.4295171614,-0.0211816132758,8.95947989795,10.9065885139,9.00506207923
1122,0.0,20.0,40.0,60.0,46.5900382626,6.97157082061,12.8431687963,16.3528092291,15.7087520028,8.86255542567
1143,100.0,40.0,40.0,60.0,37.2327062862,-5.59941250858,-2.80711377597,8.65331684822,9.66410565965,8.7281503262
1124,0.0,70.0,40.0,60.0,41.4152400598,18.2685232806,8.68265502252,14.4780559836,12.1257214457,7.59651004061
1145,100.0,100.0,40.0,60.0,34.7285725469,1.32607715637,-4.45015896978,8.21243257394,8.36342097963,8.00853164662
406,0.0,0.0,55.0,0.0,80.6064010315,-1.15092951208,41.3433508179,55.2392617563,57.7622021391,20.2504173323
270,20.0,100.0,30.0,0.0,48.398138366,31.8923217567,2.92590612041,22.8643044693,17.1098408908,13.0304912273
442,40.0,0.0,55.0,0.0,66.1603448582,-19.0682803126,20.3758077097,29.0209259667,35.531438698,18.3986581475
306,70.0,100.0,30.0,0.0,41.9361349815,8.22902665396,-9.37830394433,13.2411506207,12.458753413,13.4555139899
478,100.0,0.0,55.0,0.0,53.8657597668,-31.0269675993,2.44143446168,15.2041949389,21.8483774989,16.9531427106
1316,0.0,50.0,0.0,0.0,62.3240878919,32.3269185039,0.391760876825,39.0536374314,30.7830799717,25.1788488142
1317,0.0,40.0,0.0,0.0,65.6286629815,27.4481370422,0.622382807102,42.0953751553,34.8460922246,28.371914526
1336,0.0,0.0,50.0,0.0,81.028115508,-1.38939742786,39.7149775585,55.871905754,58.5219544733,21.4148232934
1337,0.0,0.0,40.0,0.0,80.8918202374,-0.897719375492,33.0012507174,55.8333913585,58.2756835887,24.8458913215
1356,0.0,0.0,0.0,50.0,56.3924872697,1.45067017031,5.92465679983,23.7662064992,24.3056101413,17.3322420501
1357,0.0,0.0,0.0,40.0,60.7542862818,1.3333283368,5.77635985155,28.2738170235,28.9690294509,20.9071183868
1296,50.0,0.0,0.0,0.0,66.278639168,-16.6717217203,-16.3003511079,29.7826886848,35.6851340715,40.8046446026
1297,40.0,0.0,0.0,0.0,69.4762130743,-13.5790172286,-12.4695085496,34.470327843,40.0093827518,42.1205563577
1423,0.0,3.0,3.0,3.0,79.3003413751,3.51252297641,6.52237172138,54.8546068676,55.4510023878,40.5177737333
1446,40.0,3.0,40.0,0.0,65.9407004183,-15.4633809107,11.0598343673,29.7170982624,35.2472345162,22.7732196032
13,10.0,30.0,0.0,0.0,66.8535379272,15.5046919261,-2.63745137822,39.9154183937,36.438392214,31.761714416
699,55.0,55.0,100.0,0.0,47.6572358393,0.671397513096,14.1336228022,16.0532784985,16.5260613954,9.0171314993
49,55.0,30.0,0.0,0.0,56.9578321077,-2.83294643618,-17.2407230517,23.3486486195,24.8795083876,30.1787499774
663,10.0,55.0,100.0,0.0,56.7705408858,24.4110156625,29.4875147461,29.8090149245,24.6883940849,9.11899133999
256,10.0,30.0,30.0,0.0,66.4959033328,12.8649596592,12.7634291539,38.586780163,35.9685706371,22.3838811943
537,55.0,55.0,70.0,0.0,49.3943594155,1.0232867559,8.99992571171,17.4653962067,17.9162412611,11.5178230468
292,55.0,30.0,30.0,0.0,55.7854965224,-6.24692037918,-2.38614608305,21.4967675068,23.6993349066,20.7073542834
501,10.0,55.0,70.0,0.0,57.303848304,24.2413717405,23.7823032705,30.3757502338,25.2351770905,11.140568511
480,100.0,20.0,55.0,0.0,48.762929957,-22.1496592135,-2.07736832046,13.0949590284,17.4022537896,15.1750843954
304,70.0,70.0,30.0,0.0,43.0792054281,2.69398453901,-10.0503151848,13.147740294,13.2108259097,14.4556464329
444,40.0,20.0,55.0,0.0,59.1100889241,-7.81090371249,12.8409183497,24.3283078005,27.1469386066,16.3748147276
268,20.0,70.0,30.0,0.0,51.3506201903,26.8248776588,3.42738066552,24.6041978541,19.572704078,14.761339832
408,0.0,20.0,55.0,0.0,71.2153519703,12.9843214674,32.1045800718,45.3791255272,42.5015575308,17.0610847452
1140,70.0,100.0,40.0,60.0,35.9292700688,4.18438653699,-2.14262530414,9.14543661085,8.97145094029,7.94664573575
1129,20.0,70.0,40.0,60.0,39.3883479898,12.7766680152,5.1117647064,12.2748285423,10.8863243235,7.61576769577
1138,70.0,40.0,40.0,60.0,38.0044990746,-2.84229771688,-0.508721408134,9.37820044281,10.0905736951,8.46299166348
1127,20.0,20.0,40.0,60.0,44.370040306,2.07398838577,8.81408531697,13.92014673,14.0958227418,8.91902707757
1136,70.0,0.0,40.0,60.0,41.2155873263,-11.1257440771,2.22628739567,10.0747699088,11.9996647701,9.24565447291
318,100.0,20.0,30.0,0.0,50.6310428675,-20.0071518998,-11.9250648186,14.7159466985,18.9520356304,21.0300454923
466,70.0,70.0,55.0,0.0,43.7738386818,1.14193467008,-2.67282049925,13.3700046183,13.682311506,12.190683364
282,40.0,20.0,30.0,0.0,60.8758867287,-6.26250695761,2.10278939962,26.5061958769,29.1069330487,22.8912653915
430,20.0,70.0,55.0,0.0,51.9277959,25.2995123015,11.3983108995,24.8288934923,20.0802262219,12.1863309564
246,0.0,20.0,30.0,0.0,72.019564827,13.6322057427,18.9147825091,46.8346170559,43.688152902,24.1788649081
1335,0.0,0.0,60.0,0.0,80.9106332755,-1.5569778119,44.3385953562,55.6013305148,58.3096355427,19.0752290986
1338,0.0,0.0,30.0,0.0,81.6680053075,-0.651528402872,26.0204541833,57.2895293061,59.6874447206,29.7645146881
1071,0.0,0.0,0.0,60.0,52.0268809589,1.61236703339,6.14180387082,19.7707276975,20.1682264603,14.1611857783
1358,0.0,0.0,0.0,30.0,66.8540493407,1.32916722201,5.66226296688,35.5318276899,36.4390669661,26.6306693053
1295,60.0,0.0,0.0,0.0,63.8723839699,-18.7472262313,-19.4415144106,26.611810691,32.6449474371,40.0297687789
1298,30.0,0.0,0.0,0.0,73.0774332544,-10.050288251,-7.98793734839,40.3256258832,45.2823665251,43.5009689072
1315,0.0,60.0,0.0,0.0,59.3921503939,36.8533987509,0.920680922256,36.5406564611,27.4539238448,22.174427041
4,0.0,30.0,0.0,0.0,69.3250464502,21.1849448763,1.13198589794,45.3975946468,39.7974854331,32.0848901536
1443,3.0,0.0,40.0,0.0,80.1796883012,-3.20427360114,29.9588442598,53.7003343339,57.0001670108,25.868576545
1444,0.0,3.0,40.0,0.0,79.5098164614,1.76003574864,30.4513881669,54.5178301235,55.8174592256,24.9389181668
1256,100.0,0.0,100.0,80.0,36.0123633758,-9.30755164728,5.93279562647,7.65438748286,9.0145862089,6.05724790657
459,55.0,100.0,55.0,0.0,42.7989370657,13.5850088869,1.01518722493,14.688384959,13.0237022265,10.4263119683
677,30.0,10.0,100.0,0.0,65.5149564215,-9.3504035082,40.1121130702,30.8607039872,34.7006759302,10.4477142078
423,10.0,100.0,55.0,0.0,50.7061190437,37.3753274405,13.2351130127,26.4579485912,19.016170158,10.8729640203
1240,100.0,0.0,70.0,80.0,35.955397513,-7.63253141821,4.34389726315,7.80816453952,8.98499931325,6.38650644752
378,55.0,100.0,40.0,0.0,43.9437971895,14.0537599138,-3.02981506713,15.5982364816,13.7993548606,12.4169104569
515,30.0,10.0,70.0,0.0,66.2455206605,-9.32103613636,30.3129288023,31.7291113601,35.6420598516,14.292993023
342,10.0,100.0,40.0,0.0,50.5484812692,37.9601915352,9.84916993623,26.43484222,18.8816732763,11.9018972582
248,0.0,40.0,30.0,0.0,64.0556056591,26.1407684793,13.7869363,39.4595663779,32.8701188871,19.7789410609
428,20.0,40.0,55.0,0.0,57.2336154024,13.1269308222,14.6578998008,27.419043887,25.1627125937,14.3381392202
284,40.0,40.0,30.0,0.0,54.2246781427,3.73051101989,-1.21422821149,22.1954863822,22.1868324921,18.8627616172
464,70.0,40.0,55.0,0.0,48.4042230669,-9.43632405865,0.322402915681,14.8772096133,17.1146912531,13.9987653718
320,100.0,40.0,30.0,0.0,46.7882733529,-12.0922113667,-12.3856157021,13.332702874,15.858483451,18.1095062488
1131,40.0,0.0,40.0,60.0,44.3828952344,-7.18858849408,7.30370061902,12.5050840215,14.104829165,9.3564022286
1132,40.0,20.0,40.0,60.0,41.9334579285,-2.31398769228,5.06831693614,11.6814039586,12.4570264492,8.79178460859
1133,40.0,40.0,40.0,60.0,40.1039442619,2.50400470299,3.30233408713,11.252209094,11.3137405618,8.41121251642
1134,40.0,70.0,40.0,60.0,37.93972764,7.6019385535,2.0691602072,10.6777767314,10.0543101963,7.75435894506
1135,40.0,100.0,40.0,60.0,37.5913651286,10.4571870521,1.2551797557,10.8594005139,9.86076234855,7.80907068329
410,0.0,40.0,55.0,0.0,64.2512148437,24.4842902779,24.4946471357,39.200760678,33.1116542671,15.2279503163
266,20.0,40.0,30.0,0.0,59.4224553338,13.4874426157,5.79098594737,29.9433506922,27.4870436318,19.7826475219
446,40.0,40.0,55.0,0.0,53.8154390758,1.96730040298,8.78781494461,21.4378123146,21.801202726,14.3291523377
302,70.0,40.0,30.0,0.0,49.4385287951,-7.22986906464,-8.56947757392,16.0142159598,17.9525693431,18.4508486689
482,100.0,40.0,55.0,0.0,45.7401438165,-14.2980460024,-3.68996568236,12.3193487641,15.0774863053,13.7795923831
1334,0.0,0.0,70.0,0.0,80.363652877,-1.27623875829,51.686608173,54.7730099081,57.3278686688,15.4651154485
1339,0.0,0.0,25.0,0.0,81.5052452652,-0.333944228636,22.3614017792,57.1326727154,59.3895411005,31.9340835437
1354,0.0,0.0,0.0,70.0,47.4932789213,1.74098025622,6.05755837076,16.1168979568,16.3986953901,11.4064932254
1359,0.0,0.0,0.0,25.0,70.1108840991,1.23271146916,5.48943864812,39.8410088202,40.9072398121,30.1455392818
1294,70.0,0.0,0.0,0.0,61.5390906991,-21.0041512343,-22.0514616628,23.7045821074,29.8667621593,38.9597141176
1299,25.0,0.0,0.0,0.0,73.9519626131,-8.36640080145,-5.93886910788,42.1159393199,46.6291997953,43.0652467475
1314,0.0,70.0,0.0,0.0,56.8032798961,40.0618008722,1.02402264524,34.1843964722,24.7217305396,19.9028509457
1319,0.0,25.0,0.0,0.0,71.4178196177,17.9532770063,1.39806124333,47.454845383,42.7982432278,34.3394382748
1422,3.0,0.0,3.0,3.0,79.6101854959,-0.759159901565,5.86321784187,53.6965592274,55.9936160062,41.444061912
1453,40.0,0.0,3.0,3.0,68.1478401358,-13.4199705971,-9.26611774561,32.8734001524,38.1728821853,37.9251330235
8,0.0,85.0,0.0,0.0,54.2690485326,44.4205335489,2.55142706108,32.3169916189,22.228914303,17.2066455652
1252,70.0,0.0,100.0,80.0,36.968104842,-7.62171783431,7.67886202415,8.29168381037,9.52070997822,6.0359563768
44,40.0,85.0,0.0,0.0,47.2112896982,21.9403749847,-10.834711522,19.6845798847,16.1811724458,17.7420434493
650,0.0,10.0,100.0,0.0,75.1062940251,5.44286854737,55.9730785495,48.6872825279,48.4474781239,10.660052146
251,0.0,85.0,30.0,0.0,54.5376308197,42.4047197268,11.1973871909,32.0780332206,22.4847797867,13.8852281493
1236,70.0,0.0,70.0,80.0,36.2866107103,-6.20062162284,5.63501175901,8.12193635989,9.15793392738,6.22601097206
287,40.0,85.0,30.0,0.0,46.7302934171,20.2220743038,-1.81922531222,18.9337903495,15.8145918926,13.7182841027
488,0.0,10.0,70.0,0.0,76.0387428023,5.00312924846,45.37705638,50.0122695079,49.9502959565,15.0047477768
484,100.0,70.0,55.0,0.0,40.6114814609,-4.08274371077,-7.07343971995,10.655311609,11.6235715276,11.8305033392
300,70.0,20.0,30.0,0.0,52.6598377516,-15.6629305473,-8.24394322135,16.9862741707,20.7364472258,20.9390295451
448,40.0,70.0,55.0,0.0,46.7724556883,13.8444704074,3.81357023156,17.7484132097,15.8465012301,11.7410037307
264,20.0,20.0,30.0,0.0,65.3474558457,3.05298671319,9.43048135751,34.1321220755,34.4872016886,23.0929190185
412,0.0,70.0,55.0,0.0,55.3860077817,38.9947623986,18.7375307527,32.1466480425,23.3058698739,11.7163924086
1130,20.0,100.0,40.0,60.0,38.4366482292,14.7597357393,4.53632937555,11.9671838078,10.3347544713,7.34961504246
1139,70.0,70.0,40.0,60.0,35.8089504729,2.06054523533,-1.34686192966,8.83115180357,8.90923503238,7.68860916175
1128,20.0,40.0,40.0,60.0,41.7389198089,7.02330144802,6.56138240764,12.9270865445,12.3319568539,8.2929005932
1137,70.0,20.0,40.0,60.0,39.2076301333,-6.51395215894,0.691054591943,9.56470539343,10.7801138324,8.70239552493
1126,20.0,0.0,40.0,60.0,46.9610919569,-3.43041543595,11.3547201593,14.8415412375,15.989790991,9.47115390768
322,100.0,70.0,30.0,0.0,42.6123233312,-2.74053135629,-13.1847605261,12.0390629102,12.900093035,15.3772685484
462,70.0,20.0,55.0,0.0,53.4056766037,-18.4816601655,3.60831248262,17.0583900426,21.4195828813,16.1223773671
286,40.0,70.0,30.0,0.0,48.5324239566,14.8312433846,-3.07399310572,19.4021915353,17.2170986254,15.4161895998
426,20.0,20.0,55.0,0.0,64.7179918151,1.50574828995,22.3264470617,32.9134787353,33.6927979777,16.4521095699
250,0.0,70.0,30.0,0.0,55.8955661111,39.5219939127,10.8667819917,32.9102429428,23.8085175958,14.9177800486
1333,0.0,0.0,75.0,0.0,80.1350065413,-1.34537625199,54.4220540156,54.3555507562,56.9207629864,14.2308795796
163,0.0,0.0,20.0,0.0,81.7148083239,-0.185260116766,18.6435285945,57.5631033121,59.7732934491,34.6910772556
1353,0.0,0.0,0.0,75.0,44.5996718575,1.89253671673,6.17417005427,14.0492435112,14.2572856134,9.79909362884
1360,0.0,0.0,0.0,20.0,72.2923296038,1.21586443372,5.5692478547,42.9300168116,44.0955699085,32.5345160858
1293,75.0,0.0,0.0,0.0,61.0117282856,-21.4978702808,-22.9248518609,23.0819228999,29.261503828,38.932811658
1300,20.0,0.0,0.0,0.0,75.9180449649,-6.79465908513,-3.67124381958,45.5513022922,49.7540419726,43.9718722284
1313,0.0,75.0,0.0,0.0,55.7269727537,42.2541140437,1.70658271585,33.4801515853,23.641418864,18.7101730503
1320,0.0,20.0,0.0,0.0,73.4604774146,15.2887543642,1.95258817651,49.7038147826,45.8690416898,36.4275432581
1447,3.0,40.0,40.0,0.0,62.845688614,23.3759176684,16.6921859504,36.9690465459,31.4021861604,17.4895851003
1440,0.0,40.0,3.0,0.0,65.4807074004,26.5816675451,1.90416732119,41.5965339473,34.6569551839,27.4485189685
708,70.0,55.0,100.0,0.0,45.807969471,-5.15605197723,9.58819996044,13.7564715064,15.1272317786,9.40651631735
22,20.0,30.0,0.0,0.0,64.4491133398,10.4054576483,-6.47265533837,35.1496522069,33.3572176097,31.5588855282
1250,40.0,70.0,100.0,80.0,35.1613275382,4.23235028746,5.63194831639,8.75850761186,8.57929196084,5.80764506529
58,70.0,30.0,0.0,0.0,54.3106669832,-6.7832034493,-20.4584213935,20.0635272516,22.2684344486,29.3345058852
546,70.0,55.0,70.0,0.0,46.4044126896,-4.12122860604,5.28621895413,14.3339408261,15.5694020299,11.0444136114
265,20.0,30.0,30.0,0.0,63.1903321715,8.29448916175,8.24753601092,32.9711584444,31.8157764376,21.7757060825
1234,40.0,70.0,70.0,80.0,35.1849628984,4.88450264714,4.84979763853,8.84695511787,8.59118776325,5.98300459756
301,70.0,30.0,30.0,0.0,54.0118066709,-10.5094827022,-5.54888956003,19.0619598643,21.9856792084,20.7589334963
252,0.0,100.0,30.0,0.0,51.962540155,45.1921235806,10.9659394017,29.8240861427,20.1110543712,12.3573607371
424,20.0,0.0,55.0,0.0,72.105126505,-11.5617747634,28.5627593098,38.5085867072,43.8156813615,19.3534613319
288,40.0,100.0,30.0,0.0,44.9135914594,20.2841580053,-2.43600989724,17.4556217485,14.480002971,12.7983146588
460,70.0,0.0,55.0,0.0,58.1312989047,-28.1857180966,8.56845346659,19.0777096801,26.0994203212,17.487593921
324,100.0,100.0,30.0,0.0,40.0677870634,2.99275639285,-11.6869239511,11.2982652252,11.2918806236,13.12115823
1121,0.0,0.0,40.0,60.0,49.7118669237,0.402126323887,15.4582866377,17.6041923293,18.1784751278,9.65922307958
1142,100.0,20.0,40.0,60.0,37.7432491406,-8.246545429,-0.952721220627,8.60163778316,9.9448397433,8.46124771822
1123,0.0,40.0,40.0,60.0,43.6409189703,11.942730144,10.5306908985,15.0187184804,13.5912378296,8.10966036033
1144,100.0,70.0,40.0,60.0,35.4011030576,-0.668631808921,-3.04679657458,8.31410820288,8.70048272847,7.94496556503
1125,0.0,100.0,40.0,60.0,39.8184641794,19.7925445373,8.1870211854,13.6197762706,11.141910896,7.04096861869
414,0.0,100.0,55.0,0.0,52.2498458933,44.0858454048,16.7446313877,29.8590565159,20.3671873151,10.6034644752
262,20.0,0.0,30.0,0.0,74.2203807028,-9.79042748884,14.8939812968,42.0270582399,47.047873468,28.7022560492
450,40.0,100.0,55.0,0.0,45.0576152534,19.1367542086,3.08676560329,17.3583037651,14.5829553498,11.0047524367
298,70.0,0.0,30.0,0.0,59.6837073956,-25.3377740066,-4.70746549948,21.0136872119,27.7736671412,25.4868690861
486,100.0,100.0,55.0,0.0,39.8200760232,0.787893147931,-6.41846179305,10.8509319426,11.1428761433,11.1589273299
1352,0.0,0.0,0.0,80.0,42.173621157,1.92177334768,6.16262940746,12.4440564226,12.6125914257,8.60391622943
1361,0.0,0.0,0.0,15.0,74.4974510097,1.17365250748,5.4205606303,46.2018646123,47.4826635573,35.2351690261
1292,80.0,0.0,0.0,0.0,59.8127785955,-22.2710528625,-24.1759474986,21.7819639042,27.9160054714,38.3238618512
1301,15.0,0.0,0.0,0.0,77.8451893547,-5.21925248605,-2.12316721362,49.107977077,52.9495260549,45.4314220578
1312,0.0,80.0,0.0,0.0,54.9992611574,43.6407115101,2.08979352123,32.9824425747,22.929127027,17.9664390094
1321,0.0,15.0,0.0,0.0,75.7803868188,11.696348617,2.40348210366,52.1252463551,49.5308388885,39.0340700193
1332,0.0,0.0,80.0,0.0,80.1615101972,-1.6192500936,57.5327647433,54.292550646,56.9678537699,13.0875544834
1341,0.0,0.0,15.0,0.0,82.7660085364,0.00413549052869,16.0329773711,59.5211641472,61.7232152257,37.8548860503
1472,0.0,0.0,3.0,40.0,60.6710369312,1.19676620973,7.21815680247,28.1475038895,28.8748703536,20.1312430396
1417,3.0,3.0,3.0,0.0,79.7822555056,1.70177032654,4.8134388246,54.9605193081,56.2964761741,42.5060005977
1318,0.0,30.0,0.0,0.0,69.8371615093,20.9108452466,1.40420855882,46.0778902649,40.5183802428,32.4892760378
690,40.0,55.0,100.0,0.0,50.3118460642,7.85544200118,17.9645005672,19.5404162897,18.6809684816,9.22983952875
1205,70.0,40.0,0.0,80.0,34.6965035678,1.09403910661,-1.61292011345,8.17103397361,8.34756974375,7.27598535664
654,0.0,55.0,100.0,0.0,59.036828782,31.6003435355,33.8106750038,34.5233976391,27.0675811154,9.0009973645
247,0.0,30.0,30.0,0.0,69.1041177474,18.6239626846,16.9374619802,44.1785347354,39.4891471073,22.5517692682
528,40.0,55.0,70.0,0.0,51.2232560085,8.07528445424,12.9561083252,20.3802067624,19.4618743521,11.252478105
1221,70.0,40.0,40.0,80.0,34.8797337024,-0.149235327518,2.03709118339,8.12052025452,8.43840802524,6.48869806894
492,0.0,55.0,70.0,0.0,59.6735369596,30.9019393255,27.3980348918,35.1237076014,27.7624719042,11.2943465942
1075,0.0,100.0,0.0,60.0,40.3545166959,21.7502935182,4.04167759421,14.3005840314,11.4660074869,8.32848225324
1194,100.0,70.0,100.0,60.0,35.4442890029,-2.86814064891,0.291479492514,8.08882825486,8.72243095472,7.12619851114
1073,0.0,40.0,0.0,60.0,43.9996056577,12.9829202986,4.0542440279,15.4560554339,13.8379329008,10.1272383989
1192,100.0,20.0,100.0,60.0,37.0385749924,-9.82899799908,5.20842405972,8.07897209191,9.5587603604,6.61463536606
1355,0.0,0.0,0.0,60.0,50.5145267277,1.5975103701,5.96329154234,18.4852509634,18.8527864487,13.2528879586
648,100.0,100.0,85.0,0.0,40.0190957275,-1.29384894142,-1.69484947562,10.68671891,11.2624873068,9.79056604934
136,70.0,0.0,10.0,0.0,60.1697090864,-23.010143988,-17.1975800954,21.9539623012,28.3121547242,33.7920675559
612,40.0,100.0,85.0,0.0,44.2825625932,17.7874690923,8.55967827675,16.507491714,14.0346358795,8.94814999174
100,20.0,0.0,10.0,0.0,75.1846427103,-8.31265483045,1.74870525036,43.9288739464,48.5725757845,38.7549284238
576,0.0,100.0,85.0,0.0,51.5602419279,43.9471143164,22.4807007848,29.0427357588,19.7560274331,8.56716018067
171,0.0,100.0,20.0,0.0,52.5781892912,44.7357650514,7.97005750783,30.4092913821,20.6625574619,13.8283345276
565,100.0,70.0,70.0,0.0,41.7416733651,-5.83455833953,-2.50352907734,11.0763740905,12.3337212629,10.9638213065
167,0.0,40.0,20.0,0.0,65.3318062765,24.5184829438,9.83314721594,40.7094186883,34.467301643,22.8661419836
561,100.0,20.0,70.0,0.0,49.4030844341,-23.7105623602,5.55339318584,13.2789981094,17.9234134575,12.7095899719
1340,0.0,0.0,20.0,0.0,82.5334067677,-0.330414666822,19.1475574069,58.9620733803,61.2881522698,35.3251522302
1351,0.0,0.0,0.0,85.0,40.6025449674,1.91294348128,6.13945783204,11.4688477989,11.6180678256,7.88835323758
1362,0.0,0.0,0.0,10.0,78.0192730511,1.0266646031,5.22243759186,51.7348791186,53.2447385856,39.8216956885
1291,85.0,0.0,0.0,0.0,58.4983651804,-22.9543093689,-25.4571398506,20.4477456346,26.4890424874,37.5973182083
1302,10.0,0.0,0.0,0.0,79.6335442263,-3.29002746422,0.554496949808,52.750489593,56.0346657965,45.7695787495
1311,0.0,85.0,0.0,0.0,54.5087360178,44.3574149175,1.99211729913,32.588531571,22.4571593315,17.6334213083
1322,0.0,10.0,0.0,0.0,78.2372251406,8.05083993006,3.54599475493,54.8370990732,53.6158877428,41.4050107182
568,0.0,0.0,85.0,0.0,79.9900181694,-1.75377699643,59.3188840886,53.9485974098,56.6636118642,12.3469947309
1342,0.0,0.0,10.0,0.0,82.7580789973,0.253103701544,12.0090801587,59.6113005864,61.7083498679,40.8847241714
1374,5.0,3.0,3.0,0.0,79.3787865012,0.548636176805,3.68661853618,53.818201056,55.5880462531,42.8498682019
1438,40.0,0.0,3.0,0.0,69.6744282437,-14.5773904203,-10.4778013405,34.4283812342,40.2883681283,40.8296177486
704,70.0,10.0,100.0,0.0,55.0340600852,-24.6138049672,21.8395118828,17.2205781401,22.9628583716,10.5109108663
1203,40.0,100.0,0.0,80.0,35.4737839253,9.3008485078,0.392669985766,9.53011289802,8.73744223925,7.11403269902
668,20.0,10.0,100.0,0.0,68.0845930519,-5.30731473834,44.5136005652,35.1370763134,38.0868725165,10.456742504
62,70.0,85.0,0.0,0.0,44.2122596624,10.4039499477,-16.7716119724,15.1739893386,13.9855905625,18.0845663678
542,70.0,10.0,70.0,0.0,56.6436400597,-23.4623671141,13.8847451507,18.74784101,24.5594607018,14.2442876983
1219,40.0,100.0,40.0,80.0,34.6466086657,7.57894932496,2.98848980218,8.89103993485,8.32294725316,6.18607987622
506,20.0,10.0,70.0,0.0,69.4828990047,-5.13981785825,34.3401400655,36.9974288056,40.0187720613,14.8992193704
305,70.0,85.0,30.0,0.0,44.1622170943,8.2298888367,-8.09409787027,14.7745427957,13.9507491515,14.4212023159
1176,20.0,0.0,100.0,60.0,45.51297145,-4.65514917514,19.0901306686,13.6350964502,14.9116654695,6.78388136957
1087,70.0,20.0,0.0,60.0,38.6571655541,-4.18992737601,-5.84654308859,9.55867310267,10.4608590488,10.3395212122
1178,20.0,40.0,100.0,60.0,40.5685294406,5.55594266321,11.7663098979,11.9650750544,11.5971346369,6.50667300449
1089,70.0,70.0,0.0,60.0,36.3389324497,4.14594040665,-5.89199907546,9.35485811782,9.18545370729,9.1625570451
1180,20.0,100.0,100.0,60.0,37.880162904,13.2205996646,8.04798468358,11.4092376768,10.0210385467,6.30023678395
88,0.0,70.0,10.0,0.0,56.4413211422,39.9685293773,3.95612623861,33.7074563553,24.3548309085,18.2455953097
588,20.0,20.0,85.0,0.0,63.5321472636,0.690211785857,33.9825319775,31.266908991,32.2295436556,11.3168066962
124,40.0,70.0,10.0,0.0,48.2516621137,17.3407904033,-9.48351492193,19.6614770094,16.9933551041,17.9393588834
624,70.0,20.0,85.0,0.0,52.2746230358,-20.3956196521,14.6178775425,15.8502494392,20.3893774279,11.302043573
160,100.0,70.0,10.0,0.0,42.4530181195,0.324987418464,-18.9477448218,12.3861560118,12.7951933412,17.7017020538
505,20.0,0.0,70.0,0.0,71.5383835284,-11.8950001157,37.224688699,37.6441225662,42.9755655383,15.1614659814
219,70.0,20.0,20.0,0.0,54.2395043472,-14.8510262223,-12.3605014877,18.4098352117,22.2008880625,24.5189913367
509,20.0,40.0,70.0,0.0,58.4303221317,11.0814081075,22.5307923371,28.2051803476,26.4165274938,12.213591285
223,70.0,70.0,20.0,0.0,44.3142079155,4.19601776417,-12.2764540671,14.2218430973,14.0567499243,16.2099792093
513,20.0,100.0,70.0,0.0,47.6373696216,30.7292617781,11.9556460675,21.8937662022,16.5105938113,9.63729899469
1350,0.0,0.0,0.0,90.0,39.0593751301,1.98611242799,6.04958145927,10.5727562445,10.6934998364,7.24163559934
1363,0.0,0.0,0.0,7.0,79.3432376592,1.12307543521,5.34756963338,53.9835692346,55.525914379,41.4873974798
1290,90.0,0.0,0.0,0.0,57.5580639261,-22.9567857669,-26.2680372351,19.6246657043,25.4986332292,37.0065791824
1303,7.0,0.0,0.0,0.0,80.1349952003,-2.4481874382,1.63317587519,53.9212964036,56.9207428416,45.5909109176
1310,0.0,90.0,0.0,0.0,53.8691143508,45.2695407279,2.80309926232,32.0733902959,21.8515247803,16.8002374921
1323,0.0,7.0,0.0,0.0,78.983835793,6.78810954501,3.59187390329,55.6173349373,54.9003539349,42.3828231921
1330,0.0,0.0,90.0,0.0,79.5758153983,-1.68469598136,61.3189027204,53.2771921442,55.9332516958,11.4241636607
1343,0.0,0.0,7.0,0.0,82.480957397,0.349142874718,10.4314396638,59.1512908248,61.1903332357,41.7430409394
1373,10.0,6.0,6.0,0.0,75.7853344932,0.850429197444,3.65956296634,48.0788175639,49.538849609,38.104104366
1415,3.0,0.0,3.0,0.0,81.5799000937,-1.1242907041,5.77553505235,56.941647759,59.5260602651,44.2286676124
1199,0.0,100.0,0.0,80.0,37.0744249968,15.6994759067,5.16413450455,11.271174978,9.57815642898,6.63907984326
694,55.0,0.0,100.0,0.0,61.5767286132,-24.8937464107,32.1347570638,22.8683386954,29.910275761,10.8226550129
52,55.0,70.0,0.0,0.0,48.4535490239,11.7117796423,-15.5380522111,18.7230037113,17.1540448174,20.9598163951
1244,0.0,0.0,100.0,80.0,40.5826662258,0.0327896874866,14.1894370254,11.1959674961,11.6058313722,5.975850597
1215,0.0,100.0,40.0,80.0,36.3013209713,12.9356408722,6.63572420899,10.4488367871,9.16566555318,6.01293247344
532,55.0,0.0,70.0,0.0,62.7001114236,-24.3233925823,22.1325987297,24.0892489237,31.2285682949,15.103013349
295,55.0,70.0,30.0,0.0,48.14938856,8.76229999305,-5.38446911497,17.9085606013,16.9123359155,16.0933120556
1228,0.0,0.0,70.0,80.0,39.7245603288,0.333408494353,12.4575578248,10.7345407871,11.0857730646,6.03028923821
1085,40.0,100.0,0.0,60.0,37.0564169263,11.9905665039,-2.27433219019,10.7555133398,9.56841017557,8.4985638476
1184,40.0,70.0,100.0,60.0,37.2317623664,6.06657175367,5.84028611672,10.0774212972,9.6635915784,6.54612156386
1083,40.0,40.0,0.0,60.0,39.745290344,4.29735666394,-2.15996891467,11.2864284445,11.0981496762,9.7884864951
1182,40.0,20.0,100.0,60.0,40.7128389325,-3.12297379989,11.662970741,10.8424718818,11.6861160711,6.58715057952
1081,40.0,0.0,0.0,60.0,44.178648476,-5.04561275851,-1.15147178964,12.6931789027,13.962182874,11.9080840929
644,100.0,40.0,85.0,0.0,45.7796685793,-15.9250789654,5.99388061371,12.1067997826,15.1064617312,10.4764131233
140,70.0,40.0,10.0,0.0,49.9321442856,-4.81892699991,-16.9893724606,16.8207674347,18.3619006572,23.0092074709
608,40.0,40.0,85.0,0.0,51.9624875047,1.01667252029,17.0855738368,19.5955726559,20.1110076314,10.3420297683
104,20.0,40.0,10.0,0.0,59.9167146122,14.9233914371,-3.30363897958,30.8995504348,28.0309778316,24.9243262281
572,0.0,40.0,85.0,0.0,62.6172218182,24.9493360127,35.2778066996,37.1490741975,31.1299992474,10.3973037076
207,40.0,100.0,20.0,0.0,45.4102659551,20.9692046645,-5.80678352892,17.9840643709,14.83709806,14.3688389859
529,40.0,70.0,70.0,0.0,46.9432915195,13.3852265504,7.62954995994,17.8003427751,15.9762328647,10.5927046208
203,40.0,40.0,20.0,0.0,55.8382423633,3.47869192414,-5.0754117925,23.6842041948,23.7516139933,22.1068030565
525,40.0,20.0,70.0,0.0,59.0923042553,-9.28723138393,20.3191556011,23.971314374,27.1276595053,13.4120213326
199,40.0,0.0,20.0,0.0,67.6755712376,-17.0008568817,-1.06058548172,31.3129490444,37.5337614949,31.6573232397
1289,95.0,0.0,0.0,0.0,56.7756185751,-22.9871676188,-26.9801242343,18.9513033011,24.6935624706,36.5465889335
1304,5.0,0.0,0.0,0.0,81.3018181611,-1.60567645882,2.22511101397,56.2602292405,59.0185993904,46.7844431858
1309,0.0,95.0,0.0,0.0,53.4157384566,46.0642896956,3.22360571814,31.7524296992,21.4288999262,16.2905166577
1324,0.0,5.0,0.0,0.0,80.231005205,5.17331296,4.26256457887,57.1387310329,57.0914534277,43.5682403449
1329,0.0,0.0,95.0,0.0,79.543306707,-1.44830225183,63.8843524114,53.3147045875,55.876196517,10.5776312306
1344,0.0,0.0,5.0,0.0,83.1046170067,0.54894579003,9.74756547567,60.3658226613,62.3602280725,43.1407117367
1349,0.0,0.0,0.0,95.0,37.0888550546,1.93255946609,5.85803054631,9.47989285173,9.5859709799,6.48594746
1364,0.0,0.0,0.0,5.0,79.8584327106,1.1531098355,5.50852146243,54.8729417449,56.4309035734,42.0591997196
1372,20.0,12.0,12.0,0.0,70.2112200429,-0.612774375536,1.58518159978,39.3892196305,41.0504011877,32.7987359392
1437,3.0,40.0,0.0,0.0,65.3820001378,22.8845876859,-1.10539183766,40.2496087922,34.5311554398,29.170509489
716,85.0,40.0,100.0,0.0,47.2112012004,-14.3078252125,10.5048386048,13.2720509077,16.1811044835,9.85060770875
1201,40.0,40.0,0.0,80.0,36.3272798878,3.86148143959,0.593218943808,9.31403399101,9.17932001859,7.42547767369
680,30.0,40.0,100.0,0.0,56.2228559756,5.3998466328,27.150576193,24.5056393154,24.1351502467,9.52172859507
66,85.0,20.0,0.0,0.0,55.277692632,-13.7537339599,-23.0464718628,19.4995920732,23.1999436349,32.0577860295
554,85.0,40.0,70.0,0.0,48.9870793289,-12.9026946429,5.4126151034,14.7189883213,17.583571426,12.5056716337
1217,40.0,40.0,40.0,80.0,35.5011877039,2.44901998807,3.76962532364,8.72133521401,8.75140467278,6.33967512214
518,30.0,40.0,70.0,0.0,56.9461421288,6.17354912979,19.9165831968,25.4200759561,24.8675510286,12.2327457427
309,85.0,20.0,30.0,0.0,54.0781169535,-17.9370188516,-7.78308609365,17.693884498,22.0482082834,21.9390166548
1186,70.0,0.0,100.0,60.0,40.0905613379,-11.7967866445,8.58827833564,9.38274786958,11.305646221,7.05726405866
1077,20.0,20.0,0.0,60.0,43.9763494478,3.40560075232,0.960879132196,13.8620615515,13.8218481376,11.0894989658
1188,70.0,40.0,100.0,60.0,37.139119504,-3.83193996865,4.62705202597,8.81247432992,9.61322471683,6.78982779699
1079,20.0,70.0,0.0,60.0,39.3199562111,13.7499541942,0.756092747247,12.3744337382,10.8460478306,8.73798145528
1190,70.0,100.0,100.0,60.0,35.4607303699,3.19800980781,2.42064870978,8.78849210838,8.7307965787,6.63014606666
84,0.0,20.0,10.0,0.0,72.8865276073,14.5252932512,7.15133538484,48.5093774847,44.9918503193,32.1648291879
592,20.0,70.0,85.0,0.0,50.0142354657,24.4402568561,16.1040355745,22.7567250384,18.4305725169,9.62241806551
120,40.0,20.0,10.0,0.0,60.9583418745,-4.58367791146,-9.43933064983,27.0068866727,29.2006916365,29.6101622392
628,70.0,70.0,85.0,0.0,42.9973978765,-0.409013008399,3.21152000554,12.6251802541,13.1560223886,9.85905449452
156,100.0,20.0,10.0,0.0,51.8181626554,-16.4970472299,-21.0121609655,16.1878749934,19.9831565695,27.0701055056
541,70.0,0.0,70.0,0.0,57.5574225661,-29.0899668794,13.5924960162,18.4218140734,25.4979662596,14.9730743703
183,20.0,20.0,20.0,0.0,66.6328685582,2.80837341289,3.85860387219,35.6884273657,36.1480205341,27.467566747
545,70.0,40.0,70.0,0.0,48.918033143,-10.382236937,6.13936037983,15.0893762487,17.5275854161,12.2104516246
187,20.0,70.0,20.0,0.0,52.1781269245,26.0212870464,-0.0263399881764,25.2529708513,20.3030474231,16.7634017355
549,70.0,100.0,70.0,0.0,40.7742263489,5.92313612131,-1.01602780048,12.1464515904,11.7241052078,9.97797651636
1288,98.0,0.0,0.0,0.0,56.5845451919,-23.0474385956,-27.178689709,18.7789665314,24.4995728265,36.4525522386
1305,3.0,0.0,0.0,0.0,81.7012582458,-0.782454549294,3.46001105867,57.2946019149,59.7484306723,46.3228550771
1308,0.0,98.0,0.0,0.0,53.2237980965,45.9751082352,3.69575494525,31.5002422571,21.2516328531,15.9558247693
1325,0.0,3.0,0.0,0.0,81.6271234767,3.99206553221,4.40390091642,59.1356719173,59.6125242563,45.426024504
1328,0.0,0.0,98.0,0.0,79.7363220102,-1.68362387353,63.3738032259,53.5475835581,56.2155221179,10.8452272838
1345,0.0,0.0,3.0,0.0,83.1808549795,0.691335312564,7.55146912695,60.5654633938,62.5042539226,45.0374545725
1348,0.0,0.0,0.0,98.0,37.2538177407,1.96159962238,5.76114842546,9.57139501193,9.67560822635,6.57293199881
1365,0.0,0.0,0.0,3.0,80.3509010914,1.10423527224,4.678913908,55.7010225559,57.3051131194,43.3989615895
1371,40.0,27.0,27.0,0.0,58.356071717,-2.22894317638,-1.27645976232,24.8709807071,26.3375483082,22.38683587
1436,40.0,3.0,0.0,0.0,68.0740381467,-11.2738673918,-12.4375125212,33.3922353182,38.0725314993,40.2136227186
12,10.0,20.0,0.0,0.0,70.7798326661,9.66981585609,-1.96432011317,43.5859276713,41.8680233212,35.9240515673
698,55.0,40.0,100.0,0.0,50.672196454,-5.29010883994,17.430151524,17.3166349626,18.9871735791,9.56589558087
48,55.0,20.0,0.0,0.0,60.051192476,-7.34841851073,-17.1791209019,25.3872331767,28.1802029649,33.6402236263
1246,0.0,70.0,100.0,80.0,36.4010638067,9.56418606664,8.70072331206,10.0667727592,9.21820461145,5.61335847975
255,10.0,20.0,30.0,0.0,70.3178501148,6.76708881049,14.5633680273,41.9394035933,41.2029088333,24.9611111811
536,55.0,40.0,70.0,0.0,52.531605125,-4.55616531612,10.8286945622,18.9782743597,20.6204787344,12.7518515857
291,55.0,20.0,30.0,0.0,58.8018782559,-10.9958984131,-1.70038381956,23.3004747687,26.8141195533,23.0111389787
1230,0.0,70.0,70.0,80.0,36.3375499751,10.1416402282,8.14261960481,10.105779115,9.18472585591,5.70639424227
1095,100.0,100.0,0.0,60.0,34.960432894,3.56697398802,-8.03423941994,8.58070431447,8.47862364565,9.09567281811
1174,0.0,70.0,100.0,60.0,40.01208982,15.7950949684,11.7515173837,13.1294766764,11.2582622791,6.29404690488
1093,100.0,40.0,0.0,60.0,36.7910505598,-2.09892547294,-7.29205286956,8.83982054934,9.42555531333,9.80001550136
1172,0.0,20.0,100.0,60.0,45.0462479622,5.48070859457,19.3314584926,14.9510609905,14.574812,6.54202709954
1091,100.0,0.0,0.0,60.0,39.6483160284,-9.69160978826,-7.35261657598,9.4071196857,11.0403314641,11.3682763823
640,100.0,0.0,85.0,0.0,53.953928723,-32.6024318504,14.4356174524,15.0032257721,21.9311983545,12.3447124507
144,70.0,100.0,10.0,0.0,42.2902796111,10.2701835148,-14.7676794685,13.7981813265,12.6886216587,15.7959998982
604,40.0,0.0,85.0,0.0,64.7619471471,-20.5595926203,32.0340294723,27.1107768115,33.7478706341,12.7096474065
108,20.0,100.0,10.0,0.0,49.0720766469,32.2294674918,-2.42079969033,23.5904468069,17.6526549436,15.5286046253
1331,0.0,0.0,85.0,0.0,80.1935071246,-1.54183106954,56.3172246802,54.3775455582,57.0247394054,13.5538195277
243,100.0,100.0,20.0,0.0,40.9250665395,3.95831690927,-14.4482619117,11.9563219535,11.8178010136,14.722294787
493,0.0,70.0,70.0,0.0,56.4334512236,37.0959475952,22.2625972126,32.8798557617,24.3468941517,11.1467656274
239,100.0,40.0,20.0,0.0,47.6690476533,-9.30125341842,-15.3213607848,14.3779820441,16.5352625011,20.1904001823
489,0.0,20.0,70.0,0.0,71.7995269461,12.186498814,39.271835752,45.9839327896,43.3613265694,14.5315938895
235,100.0,0.0,20.0,0.0,56.4590810507,-26.8752685117,-14.9814143671,17.9424955847,24.3727479873,28.2470658562
1287,100.0,0.0,0.0,0.0,57.0017747317,-23.0749560711,-26.8779921814,19.125312903,24.9244903777,36.7539486136
1306,2.0,0.0,0.0,0.0,82.4381871628,-0.26886018726,3.85874037919,58.8167789117,61.110643055,47.0610760126
1307,0.0,100.0,0.0,0.0,53.2904264759,45.8926687093,3.72845884999,31.5564655715,21.3130564619,15.9898584863
1326,0.0,2.0,0.0,0.0,81.3869419147,3.30068108472,4.57321522494,58.4175048255,59.1736308542,44.9427071339
1327,0.0,0.0,100.0,0.0,79.6007048543,-1.85028547356,61.6152689954,53.2544807485,55.9769607901,11.3404150245
1346,0.0,0.0,2.0,0.0,82.144118152,0.844970709583,7.01595920907,58.7528406211,60.5646014585,44.0104499931
1347,0.0,0.0,0.0,100.0,36.2648755591,1.90102079807,5.56534540757,9.04511846167,9.14651802123,6.23312824444
1366,0.0,0.0,0.0,2.0,80.7058876104,0.947471542732,4.71640254155,56.2539605056,57.9408388674,43.8639673782
1370,60.0,45.0,45.0,0.0,49.5754840015,-2.06028056433,-1.81920080678,17.0423374691,18.0655233127,15.637114434
1414,3.0,3.0,0.0,0.0,79.4680770622,2.0307075883,2.56307788415,54.5537421489,55.744311691,43.8795380237
712,85.0,0.0,100.0,0.0,55.6613467522,-31.7508232917,19.5715177792,16.4199189824,23.5765866549,11.5957846709
34,30.0,70.0,0.0,0.0,52.4622520106,22.3423226917,-8.86368017936,24.6761794606,20.5579390783,21.0777812093
676,30.0,0.0,100.0,0.0,69.6063759527,-15.973658055,43.9369050547,33.9387395428,40.1924396719,11.4883151906
70,85.0,70.0,0.0,0.0,45.4101040985,4.08387369588,-19.6050958061,14.9797184283,14.8369807436,20.3793423663
550,85.0,0.0,70.0,0.0,56.8740481487,-30.5816532225,12.6364389234,17.5832894068,24.7938927349,14.8851092804
277,30.0,70.0,30.0,0.0,51.5962624604,20.5831196162,1.2590400513,23.4174610215,19.7876437544,15.8034333312
514,30.0,0.0,70.0,0.0,70.3345442525,-15.2025687558,33.5808652314,35.0789052732,41.2268197651,15.7974946281
313,85.0,70.0,30.0,0.0,45.4395748564,0.895635766105,-9.59127310115,14.4737061316,14.858351833,15.9004099638
