Configuration,Mean Error,Median Error,Max Error,P95 Error,Std Dev
"{'model': 'PCR', 'n_components': 3}",1.91625724261,1.72335240317,5.09980207965,4.03572353385,1.11003791118
"{'model': 'PCR', 'n_components': 3}",1.91625724261,1.72335240317,5.09980207965,4.03572353385,1.11003791118
