ts_utc	script	protocol	dataset	model	median	p95	max	mean	n	seconds	git_commit	git_dirty	host	os_arch	python	sklearn	numpy	scipy	notes
2026-08-12T07:02:31Z	run_ifra.py	ifra-within-run	IFRA-wb-Age_64a_wb-CMYK	gaussian_process	0.755								colourlab-x86_64		3.12.11	1.7.2	2.3.3	1.16.2	backfilled from remote_gp_ifra.log; ts = log mtime (not per-fit)
2026-08-12T07:02:31Z	run_ifra.py	ifra-within-run	IFRA-wb-Arena_111_wb-CMYK	gaussian_process	0.820								colourlab-x86_64		3.12.11	1.7.2	2.3.3	1.16.2	backfilled from remote_gp_ifra.log; ts = log mtime (not per-fit)
2026-08-12T07:02:31Z	run_ifra.py	ifra-within-run	IFRA-wb-Dnvk_131_wb-CMYK	gaussian_process	1.052								colourlab-x86_64		3.12.11	1.7.2	2.3.3	1.16.2	backfilled from remote_gp_ifra.log; ts = log mtime (not per-fit)
2026-08-12T07:02:31Z	run_ifra.py	ifra-within-run	IFRA-wb-GratN_90_wb-CMYK	gaussian_process	0.674								colourlab-x86_64		3.12.11	1.7.2	2.3.3	1.16.2	backfilled from remote_gp_ifra.log; ts = log mtime (not per-fit)
2026-08-12T07:02:31Z	run_ifra.py	ifra-within-run	IFRA-wb-Mbd_103a_wb-CMYK	gaussian_process	0.721								colourlab-x86_64		3.12.11	1.7.2	2.3.3	1.16.2	backfilled from remote_gp_ifra.log; ts = log mtime (not per-fit)
2026-08-12T07:02:31Z	run_ifra.py	ifra-within-run	IFRA-wb-NordK_92a_wb-CMYK	gaussian_process	0.992								colourlab-x86_64		3.12.11	1.7.2	2.3.3	1.16.2	backfilled from remote_gp_ifra.log; ts = log mtime (not per-fit)
2026-08-12T07:02:31Z	run_ifra.py	ifra-within-run	IFRA-wb-PressJ_158_wb-CMYK	gaussian_process	2.141								colourlab-x86_64		3.12.11	1.7.2	2.3.3	1.16.2	backfilled from remote_gp_ifra.log; ts = log mtime (not per-fit)
2026-08-12T07:02:31Z	run_ifra.py	ifra-within-run	IFRA-wb-RZPOI_125_2_wb-CMYK	gaussian_process	0.899								colourlab-x86_64		3.12.11	1.7.2	2.3.3	1.16.2	backfilled from remote_gp_ifra.log; ts = log mtime (not per-fit)
2026-08-12T07:02:31Z	run_ifra.py	ifra-within-run	IFRA-wb-SudK_99_2_wb-CMYK	gaussian_process	1.172								colourlab-x86_64		3.12.11	1.7.2	2.3.3	1.16.2	backfilled from remote_gp_ifra.log; ts = log mtime (not per-fit)
2026-08-12T07:02:31Z	run_ifra.py	ifra-within-run	IFRA-wb-Sudz_100_wb-CMYK	gaussian_process	1.392								colourlab-x86_64		3.12.11	1.7.2	2.3.3	1.16.2	backfilled from remote_gp_ifra.log; ts = log mtime (not per-fit)
2026-08-12T07:02:31Z	run_ifra.py	ifra-within-run	IFRA-wb-TagesA_147_2_wb-CMYK	gaussian_process	0.847								colourlab-x86_64		3.12.11	1.7.2	2.3.3	1.16.2	backfilled from remote_gp_ifra.log; ts = log mtime (not per-fit)
2026-08-12T07:02:31Z	run_ifra.py	ifra-within-run	IFRA-wb-TagesA_147_wb-CMYK	gaussian_process	0.835								colourlab-x86_64		3.12.11	1.7.2	2.3.3	1.16.2	backfilled from remote_gp_ifra.log; ts = log mtime (not per-fit)
2026-08-12T07:02:31Z	run_ifra.py	ifra-within-run	IFRA-wb-marca_133_wb-CMYK	gaussian_process	1.984								colourlab-x86_64		3.12.11	1.7.2	2.3.3	1.16.2	backfilled from remote_gp_ifra.log; ts = log mtime (not per-fit)
2026-08-12T07:02:31Z	run_ifra.py	ifra-cross-run	IFRA-wb-Age_64a_wb-CMYK->IFRA-wb-Arena_111_wb-CMYK	gaussian_process	4.343								colourlab-x86_64		3.12.11	1.7.2	2.3.3	1.16.2	backfilled from remote_gp_ifra.log; ts = log mtime (not per-fit)
2026-08-12T07:02:31Z	run_ifra.py	ifra-cross-run	IFRA-wb-Age_64a_wb-CMYK->IFRA-wb-Dnvk_131_wb-CMYK	gaussian_process	1.677								colourlab-x86_64		3.12.11	1.7.2	2.3.3	1.16.2	backfilled from remote_gp_ifra.log; ts = log mtime (not per-fit)
2026-08-12T07:02:31Z	run_ifra.py	ifra-cross-run	IFRA-wb-Age_64a_wb-CMYK->IFRA-wb-GratN_90_wb-CMYK	gaussian_process	5.355								colourlab-x86_64		3.12.11	1.7.2	2.3.3	1.16.2	backfilled from remote_gp_ifra.log; ts = log mtime (not per-fit)
2026-08-12T07:02:31Z	run_ifra.py	ifra-cross-run	IFRA-wb-Age_64a_wb-CMYK->IFRA-wb-Mbd_103a_wb-CMYK	gaussian_process	2.574								colourlab-x86_64		3.12.11	1.7.2	2.3.3	1.16.2	backfilled from remote_gp_ifra.log; ts = log mtime (not per-fit)
2026-08-12T07:02:31Z	run_ifra.py	ifra-cross-run	IFRA-wb-Age_64a_wb-CMYK->IFRA-wb-NordK_92a_wb-CMYK	gaussian_process	3.370								colourlab-x86_64		3.12.11	1.7.2	2.3.3	1.16.2	backfilled from remote_gp_ifra.log; ts = log mtime (not per-fit)
2026-08-12T07:02:31Z	run_ifra.py	ifra-cross-run	IFRA-wb-Age_64a_wb-CMYK->IFRA-wb-PressJ_158_wb-CMYK	gaussian_process	6.831								colourlab-x86_64		3.12.11	1.7.2	2.3.3	1.16.2	backfilled from remote_gp_ifra.log; ts = log mtime (not per-fit)
2026-08-12T07:02:31Z	run_ifra.py	ifra-cross-run	IFRA-wb-Age_64a_wb-CMYK->IFRA-wb-RZPOI_125_2_wb-CMYK	gaussian_process	3.635								colourlab-x86_64		3.12.11	1.7.2	2.3.3	1.16.2	backfilled from remote_gp_ifra.log; ts = log mtime (not per-fit)
2026-08-12T07:02:31Z	run_ifra.py	ifra-cross-run	IFRA-wb-Age_64a_wb-CMYK->IFRA-wb-SudK_99_2_wb-CMYK	gaussian_process	3.575								colourlab-x86_64		3.12.11	1.7.2	2.3.3	1.16.2	backfilled from remote_gp_ifra.log; ts = log mtime (not per-fit)
2026-08-12T07:02:31Z	run_ifra.py	ifra-cross-run	IFRA-wb-Age_64a_wb-CMYK->IFRA-wb-Sudz_100_wb-CMYK	gaussian_process	3.405								colourlab-x86_64		3.12.11	1.7.2	2.3.3	1.16.2	backfilled from remote_gp_ifra.log; ts = log mtime (not per-fit)
2026-08-12T07:02:31Z	run_ifra.py	ifra-cross-run	IFRA-wb-Age_64a_wb-CMYK->IFRA-wb-TagesA_147_2_wb-CMYK	gaussian_process	2.030								colourlab-x86_64		3.12.11	1.7.2	2.3.3	1.16.2	backfilled from remote_gp_ifra.log; ts = log mtime (not per-fit)
2026-08-12T07:02:31Z	run_ifra.py	ifra-cross-run	IFRA-wb-Age_64a_wb-CMYK->IFRA-wb-TagesA_147_wb-CMYK	gaussian_process	2.012								colourlab-x86_64		3.12.11	1.7.2	2.3.3	1.16.2	backfilled from remote_gp_ifra.log; ts = log mtime (not per-fit)
2026-08-12T07:02:31Z	run_ifra.py	ifra-cross-run	IFRA-wb-Age_64a_wb-CMYK->IFRA-wb-marca_133_wb-CMYK	gaussian_process	3.062								colourlab-x86_64		3.12.11	1.7.2	2.3.3	1.16.2	backfilled from remote_gp_ifra.log; ts = log mtime (not per-fit)
2026-08-12T07:02:31Z	run_ifra.py	ifra-cross-run	IFRA-wb-Arena_111_wb-CMYK->IFRA-wb-Age_64a_wb-CMYK	gaussian_process	4.413								colourlab-x86_64		3.12.11	1.7.2	2.3.3	1.16.2	backfilled from remote_gp_ifra.log; ts = log mtime (not per-fit)
2026-08-12T07:02:31Z	run_ifra.py	ifra-cross-run	IFRA-wb-Arena_111_wb-CMYK->IFRA-wb-Dnvk_131_wb-CMYK	gaussian_process	4.300								colourlab-x86_64		3.12.11	1.7.2	2.3.3	1.16.2	backfilled from remote_gp_ifra.log; ts = log mtime (not per-fit)
2026-08-12T07:02:31Z	run_ifra.py	ifra-cross-run	IFRA-wb-Arena_111_wb-CMYK->IFRA-wb-GratN_90_wb-CMYK	gaussian_process	2.767								colourlab-x86_64		3.12.11	1.7.2	2.3.3	1.16.2	backfilled from remote_gp_ifra.log; ts = log mtime (not per-fit)
2026-08-12T07:02:31Z	run_ifra.py	ifra-cross-run	IFRA-wb-Arena_111_wb-CMYK->IFRA-wb-Mbd_103a_wb-CMYK	gaussian_process	5.005								colourlab-x86_64		3.12.11	1.7.2	2.3.3	1.16.2	backfilled from remote_gp_ifra.log; ts = log mtime (not per-fit)
2026-08-12T07:02:31Z	run_ifra.py	ifra-cross-run	IFRA-wb-Arena_111_wb-CMYK->IFRA-wb-NordK_92a_wb-CMYK	gaussian_process	6.847								colourlab-x86_64		3.12.11	1.7.2	2.3.3	1.16.2	backfilled from remote_gp_ifra.log; ts = log mtime (not per-fit)
2026-08-12T07:02:31Z	run_ifra.py	ifra-cross-run	IFRA-wb-Arena_111_wb-CMYK->IFRA-wb-PressJ_158_wb-CMYK	gaussian_process	9.758								colourlab-x86_64		3.12.11	1.7.2	2.3.3	1.16.2	backfilled from remote_gp_ifra.log; ts = log mtime (not per-fit)
2026-08-12T07:02:31Z	run_ifra.py	ifra-cross-run	IFRA-wb-Arena_111_wb-CMYK->IFRA-wb-RZPOI_125_2_wb-CMYK	gaussian_process	5.492								colourlab-x86_64		3.12.11	1.7.2	2.3.3	1.16.2	backfilled from remote_gp_ifra.log; ts = log mtime (not per-fit)
2026-08-12T07:02:31Z	run_ifra.py	ifra-cross-run	IFRA-wb-Arena_111_wb-CMYK->IFRA-wb-SudK_99_2_wb-CMYK	gaussian_process	6.429								colourlab-x86_64		3.12.11	1.7.2	2.3.3	1.16.2	backfilled from remote_gp_ifra.log; ts = log mtime (not per-fit)
2026-08-12T07:02:31Z	run_ifra.py	ifra-cross-run	IFRA-wb-Arena_111_wb-CMYK->IFRA-wb-Sudz_100_wb-CMYK	gaussian_process	5.520								colourlab-x86_64		3.12.11	1.7.2	2.3.3	1.16.2	backfilled from remote_gp_ifra.log; ts = log mtime (not per-fit)
2026-08-12T07:02:31Z	run_ifra.py	ifra-cross-run	IFRA-wb-Arena_111_wb-CMYK->IFRA-wb-TagesA_147_2_wb-CMYK	gaussian_process	5.199								colourlab-x86_64		3.12.11	1.7.2	2.3.3	1.16.2	backfilled from remote_gp_ifra.log; ts = log mtime (not per-fit)
2026-08-12T07:02:31Z	run_ifra.py	ifra-cross-run	IFRA-wb-Arena_111_wb-CMYK->IFRA-wb-TagesA_147_wb-CMYK	gaussian_process	5.259								colourlab-x86_64		3.12.11	1.7.2	2.3.3	1.16.2	backfilled from remote_gp_ifra.log; ts = log mtime (not per-fit)
2026-08-12T07:02:31Z	run_ifra.py	ifra-cross-run	IFRA-wb-Arena_111_wb-CMYK->IFRA-wb-marca_133_wb-CMYK	gaussian_process	3.216								colourlab-x86_64		3.12.11	1.7.2	2.3.3	1.16.2	backfilled from remote_gp_ifra.log; ts = log mtime (not per-fit)
2026-08-12T07:02:31Z	run_ifra.py	ifra-cross-run	IFRA-wb-Dnvk_131_wb-CMYK->IFRA-wb-Age_64a_wb-CMYK	gaussian_process	1.568								colourlab-x86_64		3.12.11	1.7.2	2.3.3	1.16.2	backfilled from remote_gp_ifra.log; ts = log mtime (not per-fit)
2026-08-12T07:02:31Z	run_ifra.py	ifra-cross-run	IFRA-wb-Dnvk_131_wb-CMYK->IFRA-wb-Arena_111_wb-CMYK	gaussian_process	4.203								colourlab-x86_64		3.12.11	1.7.2	2.3.3	1.16.2	backfilled from remote_gp_ifra.log; ts = log mtime (not per-fit)
2026-08-12T07:02:31Z	run_ifra.py	ifra-cross-run	IFRA-wb-Dnvk_131_wb-CMYK->IFRA-wb-GratN_90_wb-CMYK	gaussian_process	5.404								colourlab-x86_64		3.12.11	1.7.2	2.3.3	1.16.2	backfilled from remote_gp_ifra.log; ts = log mtime (not per-fit)
2026-08-12T07:02:31Z	run_ifra.py	ifra-cross-run	IFRA-wb-Dnvk_131_wb-CMYK->IFRA-wb-Mbd_103a_wb-CMYK	gaussian_process	2.514								colourlab-x86_64		3.12.11	1.7.2	2.3.3	1.16.2	backfilled from remote_gp_ifra.log; ts = log mtime (not per-fit)
2026-08-12T07:02:31Z	run_ifra.py	ifra-cross-run	IFRA-wb-Dnvk_131_wb-CMYK->IFRA-wb-NordK_92a_wb-CMYK	gaussian_process	3.253								colourlab-x86_64		3.12.11	1.7.2	2.3.3	1.16.2	backfilled from remote_gp_ifra.log; ts = log mtime (not per-fit)
2026-08-12T07:02:31Z	run_ifra.py	ifra-cross-run	IFRA-wb-Dnvk_131_wb-CMYK->IFRA-wb-PressJ_158_wb-CMYK	gaussian_process	6.574								colourlab-x86_64		3.12.11	1.7.2	2.3.3	1.16.2	backfilled from remote_gp_ifra.log; ts = log mtime (not per-fit)
2026-08-12T07:02:31Z	run_ifra.py	ifra-cross-run	IFRA-wb-Dnvk_131_wb-CMYK->IFRA-wb-RZPOI_125_2_wb-CMYK	gaussian_process	3.874								colourlab-x86_64		3.12.11	1.7.2	2.3.3	1.16.2	backfilled from remote_gp_ifra.log; ts = log mtime (not per-fit)
2026-08-12T07:02:31Z	run_ifra.py	ifra-cross-run	IFRA-wb-Dnvk_131_wb-CMYK->IFRA-wb-SudK_99_2_wb-CMYK	gaussian_process	3.902								colourlab-x86_64		3.12.11	1.7.2	2.3.3	1.16.2	backfilled from remote_gp_ifra.log; ts = log mtime (not per-fit)
2026-08-12T07:02:31Z	run_ifra.py	ifra-cross-run	IFRA-wb-Dnvk_131_wb-CMYK->IFRA-wb-Sudz_100_wb-CMYK	gaussian_process	3.101								colourlab-x86_64		3.12.11	1.7.2	2.3.3	1.16.2	backfilled from remote_gp_ifra.log; ts = log mtime (not per-fit)
2026-08-12T07:02:31Z	run_ifra.py	ifra-cross-run	IFRA-wb-Dnvk_131_wb-CMYK->IFRA-wb-TagesA_147_2_wb-CMYK	gaussian_process	1.809								colourlab-x86_64		3.12.11	1.7.2	2.3.3	1.16.2	backfilled from remote_gp_ifra.log; ts = log mtime (not per-fit)
2026-08-12T07:02:31Z	run_ifra.py	ifra-cross-run	IFRA-wb-Dnvk_131_wb-CMYK->IFRA-wb-TagesA_147_wb-CMYK	gaussian_process	1.848								colourlab-x86_64		3.12.11	1.7.2	2.3.3	1.16.2	backfilled from remote_gp_ifra.log; ts = log mtime (not per-fit)
2026-08-12T07:02:31Z	run_ifra.py	ifra-cross-run	IFRA-wb-Dnvk_131_wb-CMYK->IFRA-wb-marca_133_wb-CMYK	gaussian_process	2.638								colourlab-x86_64		3.12.11	1.7.2	2.3.3	1.16.2	backfilled from remote_gp_ifra.log; ts = log mtime (not per-fit)
2026-08-12T07:02:31Z	run_ifra.py	ifra-cross-run	IFRA-wb-GratN_90_wb-CMYK->IFRA-wb-Age_64a_wb-CMYK	gaussian_process	5.382								colourlab-x86_64		3.12.11	1.7.2	2.3.3	1.16.2	backfilled from remote_gp_ifra.log; ts = log mtime (not per-fit)
2026-08-12T07:02:31Z	run_ifra.py	ifra-cross-run	IFRA-wb-GratN_90_wb-CMYK->IFRA-wb-Arena_111_wb-CMYK	gaussian_process	2.682								colourlab-x86_64		3.12.11	1.7.2	2.3.3	1.16.2	backfilled from remote_gp_ifra.log; ts = log mtime (not per-fit)
2026-08-12T07:02:31Z	run_ifra.py	ifra-cross-run	IFRA-wb-GratN_90_wb-CMYK->IFRA-wb-Dnvk_131_wb-CMYK	gaussian_process	5.436								colourlab-x86_64		3.12.11	1.7.2	2.3.3	1.16.2	backfilled from remote_gp_ifra.log; ts = log mtime (not per-fit)
2026-08-12T07:02:31Z	run_ifra.py	ifra-cross-run	IFRA-wb-GratN_90_wb-CMYK->IFRA-wb-Mbd_103a_wb-CMYK	gaussian_process	6.299								colourlab-x86_64		3.12.11	1.7.2	2.3.3	1.16.2	backfilled from remote_gp_ifra.log; ts = log mtime (not per-fit)
2026-08-12T07:02:31Z	run_ifra.py	ifra-cross-run	IFRA-wb-GratN_90_wb-CMYK->IFRA-wb-NordK_92a_wb-CMYK	gaussian_process	7.687								colourlab-x86_64		3.12.11	1.7.2	2.3.3	1.16.2	backfilled from remote_gp_ifra.log; ts = log mtime (not per-fit)
2026-08-12T07:02:31Z	run_ifra.py	ifra-cross-run	IFRA-wb-GratN_90_wb-CMYK->IFRA-wb-PressJ_158_wb-CMYK	gaussian_process	10.042								colourlab-x86_64		3.12.11	1.7.2	2.3.3	1.16.2	backfilled from remote_gp_ifra.log; ts = log mtime (not per-fit)
2026-08-12T07:02:31Z	run_ifra.py	ifra-cross-run	IFRA-wb-GratN_90_wb-CMYK->IFRA-wb-RZPOI_125_2_wb-CMYK	gaussian_process	5.300								colourlab-x86_64		3.12.11	1.7.2	2.3.3	1.16.2	backfilled from remote_gp_ifra.log; ts = log mtime (not per-fit)
2026-08-12T07:02:31Z	run_ifra.py	ifra-cross-run	IFRA-wb-GratN_90_wb-CMYK->IFRA-wb-SudK_99_2_wb-CMYK	gaussian_process	7.309								colourlab-x86_64		3.12.11	1.7.2	2.3.3	1.16.2	backfilled from remote_gp_ifra.log; ts = log mtime (not per-fit)
2026-08-12T07:02:31Z	run_ifra.py	ifra-cross-run	IFRA-wb-GratN_90_wb-CMYK->IFRA-wb-Sudz_100_wb-CMYK	gaussian_process	6.544								colourlab-x86_64		3.12.11	1.7.2	2.3.3	1.16.2	backfilled from remote_gp_ifra.log; ts = log mtime (not per-fit)
2026-08-12T07:02:31Z	run_ifra.py	ifra-cross-run	IFRA-wb-GratN_90_wb-CMYK->IFRA-wb-TagesA_147_2_wb-CMYK	gaussian_process	6.288								colourlab-x86_64		3.12.11	1.7.2	2.3.3	1.16.2	backfilled from remote_gp_ifra.log; ts = log mtime (not per-fit)
2026-08-12T07:02:31Z	run_ifra.py	ifra-cross-run	IFRA-wb-GratN_90_wb-CMYK->IFRA-wb-TagesA_147_wb-CMYK	gaussian_process	6.255								colourlab-x86_64		3.12.11	1.7.2	2.3.3	1.16.2	backfilled from remote_gp_ifra.log; ts = log mtime (not per-fit)
2026-08-12T07:02:31Z	run_ifra.py	ifra-cross-run	IFRA-wb-GratN_90_wb-CMYK->IFRA-wb-marca_133_wb-CMYK	gaussian_process	4.388								colourlab-x86_64		3.12.11	1.7.2	2.3.3	1.16.2	backfilled from remote_gp_ifra.log; ts = log mtime (not per-fit)
2026-08-12T07:02:31Z	run_ifra.py	ifra-cross-run	IFRA-wb-Mbd_103a_wb-CMYK->IFRA-wb-Age_64a_wb-CMYK	gaussian_process	2.618								colourlab-x86_64		3.12.11	1.7.2	2.3.3	1.16.2	backfilled from remote_gp_ifra.log; ts = log mtime (not per-fit)
2026-08-12T07:02:31Z	run_ifra.py	ifra-cross-run	IFRA-wb-Mbd_103a_wb-CMYK->IFRA-wb-Arena_111_wb-CMYK	gaussian_process	4.981								colourlab-x86_64		3.12.11	1.7.2	2.3.3	1.16.2	backfilled from remote_gp_ifra.log; ts = log mtime (not per-fit)
2026-08-12T07:02:31Z	run_ifra.py	ifra-cross-run	IFRA-wb-Mbd_103a_wb-CMYK->IFRA-wb-Dnvk_131_wb-CMYK	gaussian_process	2.648								colourlab-x86_64		3.12.11	1.7.2	2.3.3	1.16.2	backfilled from remote_gp_ifra.log; ts = log mtime (not per-fit)
2026-08-12T07:02:31Z	run_ifra.py	ifra-cross-run	IFRA-wb-Mbd_103a_wb-CMYK->IFRA-wb-GratN_90_wb-CMYK	gaussian_process	6.300								colourlab-x86_64		3.12.11	1.7.2	2.3.3	1.16.2	backfilled from remote_gp_ifra.log; ts = log mtime (not per-fit)
2026-08-12T07:02:31Z	run_ifra.py	ifra-cross-run	IFRA-wb-Mbd_103a_wb-CMYK->IFRA-wb-NordK_92a_wb-CMYK	gaussian_process	3.197								colourlab-x86_64		3.12.11	1.7.2	2.3.3	1.16.2	backfilled from remote_gp_ifra.log; ts = log mtime (not per-fit)
2026-08-12T07:02:31Z	run_ifra.py	ifra-cross-run	IFRA-wb-Mbd_103a_wb-CMYK->IFRA-wb-PressJ_158_wb-CMYK	gaussian_process	5.676								colourlab-x86_64		3.12.11	1.7.2	2.3.3	1.16.2	backfilled from remote_gp_ifra.log; ts = log mtime (not per-fit)
2026-08-12T07:02:31Z	run_ifra.py	ifra-cross-run	IFRA-wb-Mbd_103a_wb-CMYK->IFRA-wb-RZPOI_125_2_wb-CMYK	gaussian_process	3.365								colourlab-x86_64		3.12.11	1.7.2	2.3.3	1.16.2	backfilled from remote_gp_ifra.log; ts = log mtime (not per-fit)
2026-08-12T07:02:31Z	run_ifra.py	ifra-cross-run	IFRA-wb-Mbd_103a_wb-CMYK->IFRA-wb-SudK_99_2_wb-CMYK	gaussian_process	2.505								colourlab-x86_64		3.12.11	1.7.2	2.3.3	1.16.2	backfilled from remote_gp_ifra.log; ts = log mtime (not per-fit)
2026-08-12T07:02:31Z	run_ifra.py	ifra-cross-run	IFRA-wb-Mbd_103a_wb-CMYK->IFRA-wb-Sudz_100_wb-CMYK	gaussian_process	2.427								colourlab-x86_64		3.12.11	1.7.2	2.3.3	1.16.2	backfilled from remote_gp_ifra.log; ts = log mtime (not per-fit)
2026-08-12T07:02:31Z	run_ifra.py	ifra-cross-run	IFRA-wb-Mbd_103a_wb-CMYK->IFRA-wb-TagesA_147_2_wb-CMYK	gaussian_process	1.559								colourlab-x86_64		3.12.11	1.7.2	2.3.3	1.16.2	backfilled from remote_gp_ifra.log; ts = log mtime (not per-fit)
2026-08-12T07:02:31Z	run_ifra.py	ifra-cross-run	IFRA-wb-Mbd_103a_wb-CMYK->IFRA-wb-TagesA_147_wb-CMYK	gaussian_process	1.554								colourlab-x86_64		3.12.11	1.7.2	2.3.3	1.16.2	backfilled from remote_gp_ifra.log; ts = log mtime (not per-fit)
2026-08-12T07:02:31Z	run_ifra.py	ifra-cross-run	IFRA-wb-Mbd_103a_wb-CMYK->IFRA-wb-marca_133_wb-CMYK	gaussian_process	3.671								colourlab-x86_64		3.12.11	1.7.2	2.3.3	1.16.2	backfilled from remote_gp_ifra.log; ts = log mtime (not per-fit)
2026-08-12T07:02:31Z	run_ifra.py	ifra-cross-run	IFRA-wb-NordK_92a_wb-CMYK->IFRA-wb-Age_64a_wb-CMYK	gaussian_process	3.298								colourlab-x86_64		3.12.11	1.7.2	2.3.3	1.16.2	backfilled from remote_gp_ifra.log; ts = log mtime (not per-fit)
2026-08-12T07:02:31Z	run_ifra.py	ifra-cross-run	IFRA-wb-NordK_92a_wb-CMYK->IFRA-wb-Arena_111_wb-CMYK	gaussian_process	6.787								colourlab-x86_64		3.12.11	1.7.2	2.3.3	1.16.2	backfilled from remote_gp_ifra.log; ts = log mtime (not per-fit)
2026-08-12T07:02:31Z	run_ifra.py	ifra-cross-run	IFRA-wb-NordK_92a_wb-CMYK->IFRA-wb-Dnvk_131_wb-CMYK	gaussian_process	3.218								colourlab-x86_64		3.12.11	1.7.2	2.3.3	1.16.2	backfilled from remote_gp_ifra.log; ts = log mtime (not per-fit)
2026-08-12T07:02:31Z	run_ifra.py	ifra-cross-run	IFRA-wb-NordK_92a_wb-CMYK->IFRA-wb-GratN_90_wb-CMYK	gaussian_process	7.614								colourlab-x86_64		3.12.11	1.7.2	2.3.3	1.16.2	backfilled from remote_gp_ifra.log; ts = log mtime (not per-fit)
2026-08-12T07:02:31Z	run_ifra.py	ifra-cross-run	IFRA-wb-NordK_92a_wb-CMYK->IFRA-wb-Mbd_103a_wb-CMYK	gaussian_process	3.150								colourlab-x86_64		3.12.11	1.7.2	2.3.3	1.16.2	backfilled from remote_gp_ifra.log; ts = log mtime (not per-fit)
2026-08-12T07:02:31Z	run_ifra.py	ifra-cross-run	IFRA-wb-NordK_92a_wb-CMYK->IFRA-wb-PressJ_158_wb-CMYK	gaussian_process	5.543								colourlab-x86_64		3.12.11	1.7.2	2.3.3	1.16.2	backfilled from remote_gp_ifra.log; ts = log mtime (not per-fit)
2026-08-12T07:02:31Z	run_ifra.py	ifra-cross-run	IFRA-wb-NordK_92a_wb-CMYK->IFRA-wb-RZPOI_125_2_wb-CMYK	gaussian_process	4.183								colourlab-x86_64		3.12.11	1.7.2	2.3.3	1.16.2	backfilled from remote_gp_ifra.log; ts = log mtime (not per-fit)
2026-08-12T07:02:31Z	run_ifra.py	ifra-cross-run	IFRA-wb-NordK_92a_wb-CMYK->IFRA-wb-SudK_99_2_wb-CMYK	gaussian_process	3.619								colourlab-x86_64		3.12.11	1.7.2	2.3.3	1.16.2	backfilled from remote_gp_ifra.log; ts = log mtime (not per-fit)
2026-08-12T07:02:31Z	run_ifra.py	ifra-cross-run	IFRA-wb-NordK_92a_wb-CMYK->IFRA-wb-Sudz_100_wb-CMYK	gaussian_process	3.568								colourlab-x86_64		3.12.11	1.7.2	2.3.3	1.16.2	backfilled from remote_gp_ifra.log; ts = log mtime (not per-fit)
2026-08-12T07:02:31Z	run_ifra.py	ifra-cross-run	IFRA-wb-NordK_92a_wb-CMYK->IFRA-wb-TagesA_147_2_wb-CMYK	gaussian_process	2.731								colourlab-x86_64		3.12.11	1.7.2	2.3.3	1.16.2	backfilled from remote_gp_ifra.log; ts = log mtime (not per-fit)
2026-08-12T07:02:31Z	run_ifra.py	ifra-cross-run	IFRA-wb-NordK_92a_wb-CMYK->IFRA-wb-TagesA_147_wb-CMYK	gaussian_process	2.609								colourlab-x86_64		3.12.11	1.7.2	2.3.3	1.16.2	backfilled from remote_gp_ifra.log; ts = log mtime (not per-fit)
2026-08-12T07:02:31Z	run_ifra.py	ifra-cross-run	IFRA-wb-NordK_92a_wb-CMYK->IFRA-wb-marca_133_wb-CMYK	gaussian_process	4.934								colourlab-x86_64		3.12.11	1.7.2	2.3.3	1.16.2	backfilled from remote_gp_ifra.log; ts = log mtime (not per-fit)
2026-08-12T07:02:31Z	run_ifra.py	ifra-cross-run	IFRA-wb-PressJ_158_wb-CMYK->IFRA-wb-Age_64a_wb-CMYK	gaussian_process	6.672								colourlab-x86_64		3.12.11	1.7.2	2.3.3	1.16.2	backfilled from remote_gp_ifra.log; ts = log mtime (not per-fit)
2026-08-12T07:02:31Z	run_ifra.py	ifra-cross-run	IFRA-wb-PressJ_158_wb-CMYK->IFRA-wb-Arena_111_wb-CMYK	gaussian_process	9.549								colourlab-x86_64		3.12.11	1.7.2	2.3.3	1.16.2	backfilled from remote_gp_ifra.log; ts = log mtime (not per-fit)
2026-08-12T07:02:31Z	run_ifra.py	ifra-cross-run	IFRA-wb-PressJ_158_wb-CMYK->IFRA-wb-Dnvk_131_wb-CMYK	gaussian_process	6.366								colourlab-x86_64		3.12.11	1.7.2	2.3.3	1.16.2	backfilled from remote_gp_ifra.log; ts = log mtime (not per-fit)
2026-08-12T07:02:31Z	run_ifra.py	ifra-cross-run	IFRA-wb-PressJ_158_wb-CMYK->IFRA-wb-GratN_90_wb-CMYK	gaussian_process	9.979								colourlab-x86_64		3.12.11	1.7.2	2.3.3	1.16.2	backfilled from remote_gp_ifra.log; ts = log mtime (not per-fit)
2026-08-12T07:02:31Z	run_ifra.py	ifra-cross-run	IFRA-wb-PressJ_158_wb-CMYK->IFRA-wb-Mbd_103a_wb-CMYK	gaussian_process	5.377								colourlab-x86_64		3.12.11	1.7.2	2.3.3	1.16.2	backfilled from remote_gp_ifra.log; ts = log mtime (not per-fit)
2026-08-12T07:02:31Z	run_ifra.py	ifra-cross-run	IFRA-wb-PressJ_158_wb-CMYK->IFRA-wb-NordK_92a_wb-CMYK	gaussian_process	5.330								colourlab-x86_64		3.12.11	1.7.2	2.3.3	1.16.2	backfilled from remote_gp_ifra.log; ts = log mtime (not per-fit)
2026-08-12T07:02:31Z	run_ifra.py	ifra-cross-run	IFRA-wb-PressJ_158_wb-CMYK->IFRA-wb-RZPOI_125_2_wb-CMYK	gaussian_process	7.140								colourlab-x86_64		3.12.11	1.7.2	2.3.3	1.16.2	backfilled from remote_gp_ifra.log; ts = log mtime (not per-fit)
2026-08-12T07:02:31Z	run_ifra.py	ifra-cross-run	IFRA-wb-PressJ_158_wb-CMYK->IFRA-wb-SudK_99_2_wb-CMYK	gaussian_process	5.669								colourlab-x86_64		3.12.11	1.7.2	2.3.3	1.16.2	backfilled from remote_gp_ifra.log; ts = log mtime (not per-fit)
2026-08-12T07:02:31Z	run_ifra.py	ifra-cross-run	IFRA-wb-PressJ_158_wb-CMYK->IFRA-wb-Sudz_100_wb-CMYK	gaussian_process	5.478								colourlab-x86_64		3.12.11	1.7.2	2.3.3	1.16.2	backfilled from remote_gp_ifra.log; ts = log mtime (not per-fit)
2026-08-12T07:02:31Z	run_ifra.py	ifra-cross-run	IFRA-wb-PressJ_158_wb-CMYK->IFRA-wb-TagesA_147_2_wb-CMYK	gaussian_process	5.645								colourlab-x86_64		3.12.11	1.7.2	2.3.3	1.16.2	backfilled from remote_gp_ifra.log; ts = log mtime (not per-fit)
2026-08-12T07:02:31Z	run_ifra.py	ifra-cross-run	IFRA-wb-PressJ_158_wb-CMYK->IFRA-wb-TagesA_147_wb-CMYK	gaussian_process	5.634								colourlab-x86_64		3.12.11	1.7.2	2.3.3	1.16.2	backfilled from remote_gp_ifra.log; ts = log mtime (not per-fit)
2026-08-12T07:02:31Z	run_ifra.py	ifra-cross-run	IFRA-wb-PressJ_158_wb-CMYK->IFRA-wb-marca_133_wb-CMYK	gaussian_process	7.779								colourlab-x86_64		3.12.11	1.7.2	2.3.3	1.16.2	backfilled from remote_gp_ifra.log; ts = log mtime (not per-fit)
2026-08-12T07:02:31Z	run_ifra.py	ifra-cross-run	IFRA-wb-RZPOI_125_2_wb-CMYK->IFRA-wb-Age_64a_wb-CMYK	gaussian_process	3.813								colourlab-x86_64		3.12.11	1.7.2	2.3.3	1.16.2	backfilled from remote_gp_ifra.log; ts = log mtime (not per-fit)
2026-08-12T07:02:31Z	run_ifra.py	ifra-cross-run	IFRA-wb-RZPOI_125_2_wb-CMYK->IFRA-wb-Arena_111_wb-CMYK	gaussian_process	5.389								colourlab-x86_64		3.12.11	1.7.2	2.3.3	1.16.2	backfilled from remote_gp_ifra.log; ts = log mtime (not per-fit)
2026-08-12T07:02:31Z	run_ifra.py	ifra-cross-run	IFRA-wb-RZPOI_125_2_wb-CMYK->IFRA-wb-Dnvk_131_wb-CMYK	gaussian_process	4.035								colourlab-x86_64		3.12.11	1.7.2	2.3.3	1.16.2	backfilled from remote_gp_ifra.log; ts = log mtime (not per-fit)
2026-08-12T07:02:31Z	run_ifra.py	ifra-cross-run	IFRA-wb-RZPOI_125_2_wb-CMYK->IFRA-wb-GratN_90_wb-CMYK	gaussian_process	5.377								colourlab-x86_64		3.12.11	1.7.2	2.3.3	1.16.2	backfilled from remote_gp_ifra.log; ts = log mtime (not per-fit)
2026-08-12T07:02:31Z	run_ifra.py	ifra-cross-run	IFRA-wb-RZPOI_125_2_wb-CMYK->IFRA-wb-Mbd_103a_wb-CMYK	gaussian_process	3.294								colourlab-x86_64		3.12.11	1.7.2	2.3.3	1.16.2	backfilled from remote_gp_ifra.log; ts = log mtime (not per-fit)
2026-08-12T07:02:31Z	run_ifra.py	ifra-cross-run	IFRA-wb-RZPOI_125_2_wb-CMYK->IFRA-wb-NordK_92a_wb-CMYK	gaussian_process	4.157								colourlab-x86_64		3.12.11	1.7.2	2.3.3	1.16.2	backfilled from remote_gp_ifra.log; ts = log mtime (not per-fit)
2026-08-12T07:02:31Z	run_ifra.py	ifra-cross-run	IFRA-wb-RZPOI_125_2_wb-CMYK->IFRA-wb-PressJ_158_wb-CMYK	gaussian_process	7.001								colourlab-x86_64		3.12.11	1.7.2	2.3.3	1.16.2	backfilled from remote_gp_ifra.log; ts = log mtime (not per-fit)
2026-08-12T07:02:31Z	run_ifra.py	ifra-cross-run	IFRA-wb-RZPOI_125_2_wb-CMYK->IFRA-wb-SudK_99_2_wb-CMYK	gaussian_process	4.122								colourlab-x86_64		3.12.11	1.7.2	2.3.3	1.16.2	backfilled from remote_gp_ifra.log; ts = log mtime (not per-fit)
2026-08-12T07:02:31Z	run_ifra.py	ifra-cross-run	IFRA-wb-RZPOI_125_2_wb-CMYK->IFRA-wb-Sudz_100_wb-CMYK	gaussian_process	3.301								colourlab-x86_64		3.12.11	1.7.2	2.3.3	1.16.2	backfilled from remote_gp_ifra.log; ts = log mtime (not per-fit)
2026-08-12T07:02:31Z	run_ifra.py	ifra-cross-run	IFRA-wb-RZPOI_125_2_wb-CMYK->IFRA-wb-TagesA_147_2_wb-CMYK	gaussian_process	3.477								colourlab-x86_64		3.12.11	1.7.2	2.3.3	1.16.2	backfilled from remote_gp_ifra.log; ts = log mtime (not per-fit)
2026-08-12T07:02:31Z	run_ifra.py	ifra-cross-run	IFRA-wb-RZPOI_125_2_wb-CMYK->IFRA-wb-TagesA_147_wb-CMYK	gaussian_process	3.439								colourlab-x86_64		3.12.11	1.7.2	2.3.3	1.16.2	backfilled from remote_gp_ifra.log; ts = log mtime (not per-fit)
2026-08-12T07:02:31Z	run.py	5fold	PC10-CMY	gaussian_process	0.044	0.162	2.140			361.9			colourlab-x86_64		3.12.11	1.7.2	2.3.3	1.16.2	backfilled from remote_gp_specs.log; ts = log mtime (not per-fit)
2026-08-12T07:02:31Z	run.py	5fold	PC10-CMYK	gaussian_process	0.056	0.454	7.099			991.2			colourlab-x86_64		3.12.11	1.7.2	2.3.3	1.16.2	backfilled from remote_gp_specs.log; ts = log mtime (not per-fit)
2026-08-12T07:02:31Z	run.py	5fold	PC11-CMY	gaussian_process	0.044	0.140	1.773			316.4			colourlab-x86_64		3.12.11	1.7.2	2.3.3	1.16.2	backfilled from remote_gp_specs.log; ts = log mtime (not per-fit)
2026-08-12T07:02:31Z	run.py	5fold	PC11-CMYK	gaussian_process	0.056	0.389	6.220			959.8			colourlab-x86_64		3.12.11	1.7.2	2.3.3	1.16.2	backfilled from remote_gp_specs.log; ts = log mtime (not per-fit)
2026-08-12T07:02:31Z	run.py	5fold	FOGRA51-CMY	gaussian_process	0.056	0.176	0.482			323.7			colourlab-x86_64		3.12.11	1.7.2	2.3.3	1.16.2	backfilled from remote_gp_specs.log; ts = log mtime (not per-fit)
2026-08-12T07:02:31Z	run.py	5fold	FOGRA51-CMYK	gaussian_process	0.067	0.266	4.185			1693.5			colourlab-x86_64		3.12.11	1.7.2	2.3.3	1.16.2	backfilled from remote_gp_specs.log; ts = log mtime (not per-fit)
2026-08-12T07:02:31Z	run.py	5fold	IFRA-wb-Age_64a_wb-CMYK	gaussian_process	0.755	1.656	6.484			2329.6			colourlab-x86_64		3.12.11	1.7.2	2.3.3	1.16.2	backfilled from remote_gp_specs.log; ts = log mtime (not per-fit)
2026-08-12T07:02:31Z	run.py	5fold	IFRA-wb-Arena_111_wb-CMYK	gaussian_process	0.820	2.231	5.241			1022.3			colourlab-x86_64		3.12.11	1.7.2	2.3.3	1.16.2	backfilled from remote_gp_specs.log; ts = log mtime (not per-fit)
2026-08-12T07:02:31Z	run.py	5fold	IFRA-wb-Dnvk_131_wb-CMYK	gaussian_process	1.052	2.385	4.422			717.4			colourlab-x86_64		3.12.11	1.7.2	2.3.3	1.16.2	backfilled from remote_gp_specs.log; ts = log mtime (not per-fit)
2026-08-12T07:02:31Z	run.py	5fold	IFRA-wb-GratN_90_wb-CMYK	gaussian_process	0.674	1.537	3.768			699.2			colourlab-x86_64		3.12.11	1.7.2	2.3.3	1.16.2	backfilled from remote_gp_specs.log; ts = log mtime (not per-fit)
2026-08-12T07:02:31Z	run.py	5fold	IFRA-wb-Mbd_103a_wb-CMYK	gaussian_process	0.721	1.826	3.997			705.1			colourlab-x86_64		3.12.11	1.7.2	2.3.3	1.16.2	backfilled from remote_gp_specs.log; ts = log mtime (not per-fit)
2026-08-12T07:02:31Z	run.py	5fold	IFRA-wb-NordK_92a_wb-CMYK	gaussian_process	0.992	2.435	5.328			720.1			colourlab-x86_64		3.12.11	1.7.2	2.3.3	1.16.2	backfilled from remote_gp_specs.log; ts = log mtime (not per-fit)
2026-08-12T07:02:31Z	run.py	5fold	IFRA-wb-PressJ_158_wb-CMYK	gaussian_process	2.141	5.195	10.397			760.7			colourlab-x86_64		3.12.11	1.7.2	2.3.3	1.16.2	backfilled from remote_gp_specs.log; ts = log mtime (not per-fit)
2026-08-12T07:02:31Z	run.py	5fold	IFRA-wb-RZPOI_125_2_wb-CMYK	gaussian_process	0.899	2.039	3.603			702.2			colourlab-x86_64		3.12.11	1.7.2	2.3.3	1.16.2	backfilled from remote_gp_specs.log; ts = log mtime (not per-fit)
2026-08-12T07:02:31Z	run.py	5fold	IFRA-wb-SudK_99_2_wb-CMYK	gaussian_process	1.172	2.689	5.667			705.1			colourlab-x86_64		3.12.11	1.7.2	2.3.3	1.16.2	backfilled from remote_gp_specs.log; ts = log mtime (not per-fit)
2026-08-12T07:02:31Z	run.py	5fold	IFRA-wb-Sudz_100_wb-CMYK	gaussian_process	1.392	4.746	15.463			733.4			colourlab-x86_64		3.12.11	1.7.2	2.3.3	1.16.2	backfilled from remote_gp_specs.log; ts = log mtime (not per-fit)
2026-08-12T07:02:31Z	run.py	5fold	IFRA-wb-TagesA_147_2_wb-CMYK	gaussian_process	0.847	2.234	6.994			729.3			colourlab-x86_64		3.12.11	1.7.2	2.3.3	1.16.2	backfilled from remote_gp_specs.log; ts = log mtime (not per-fit)
2026-08-12T07:02:31Z	run.py	5fold	IFRA-wb-TagesA_147_wb-CMYK	gaussian_process	0.835	2.038	6.175			734.1			colourlab-x86_64		3.12.11	1.7.2	2.3.3	1.16.2	backfilled from remote_gp_specs.log; ts = log mtime (not per-fit)
2026-08-12T07:02:31Z	run.py	5fold	IFRA-wb-marca_133_wb-CMYK	gaussian_process	1.984	5.083	10.945			715.9			colourlab-x86_64		3.12.11	1.7.2	2.3.3	1.16.2	backfilled from remote_gp_specs.log; ts = log mtime (not per-fit)
2026-08-12T07:02:31Z	run.py	5fold	KCMYG-5	gaussian_process	0.851	2.274	42.462			1722.0			colourlab-x86_64		3.12.11	1.7.2	2.3.3	1.16.2	backfilled from remote_gp_specs.log; ts = log mtime (not per-fit)
2026-08-12T07:02:31Z	run.py	5fold	CMYKOGV-7	gaussian_process	0.236	4.324	52.179			2701.4			colourlab-x86_64		3.12.11	1.7.2	2.3.3	1.16.2	backfilled from remote_gp_specs.log; ts = log mtime (not per-fit)
2026-08-12T07:02:31Z	run.py	5fold	CMYKOGB-7	gaussian_process	1.280	8.036	47.473			1854.4			colourlab-x86_64		3.12.11	1.7.2	2.3.3	1.16.2	backfilled from remote_gp_specs.log; ts = log mtime (not per-fit)
2026-08-12T07:02:32Z	run.py	5fold	PC10-CMY	poly3	0.279	0.966	7.695			0.0			colourlab-x86_64		3.12.11	1.7.2	2.3.3	1.16.2	backfilled from remote_repro1.log; ts = log mtime (not per-fit)
2026-08-12T07:02:32Z	run.py	5fold	PC10-CMY	ridge	6.624	24.802	43.820			0.0			colourlab-x86_64		3.12.11	1.7.2	2.3.3	1.16.2	backfilled from remote_repro1.log; ts = log mtime (not per-fit)
2026-08-12T07:02:32Z	run.py	5fold	PC10-CMY	lasso	6.601	24.791	43.961			0.0			colourlab-x86_64		3.12.11	1.7.2	2.3.3	1.16.2	backfilled from remote_repro1.log; ts = log mtime (not per-fit)
2026-08-12T07:02:32Z	run.py	5fold	PC10-CMY	elastic	6.611	24.781	43.890			0.0			colourlab-x86_64		3.12.11	1.7.2	2.3.3	1.16.2	backfilled from remote_repro1.log; ts = log mtime (not per-fit)
2026-08-12T07:02:32Z	run.py	5fold	PC10-CMY	pcr	6.624	24.802	43.820			0.0			colourlab-x86_64		3.12.11	1.7.2	2.3.3	1.16.2	backfilled from remote_repro1.log; ts = log mtime (not per-fit)
2026-08-12T07:02:32Z	run.py	5fold	PC10-CMY	plsr	6.643	24.901	43.823			0.0			colourlab-x86_64		3.12.11	1.7.2	2.3.3	1.16.2	backfilled from remote_repro1.log; ts = log mtime (not per-fit)
2026-08-12T07:02:32Z	run.py	5fold	PC10-CMY	knn	2.006	4.251	8.918			0.0			colourlab-x86_64		3.12.11	1.7.2	2.3.3	1.16.2	backfilled from remote_repro1.log; ts = log mtime (not per-fit)
2026-08-12T07:02:32Z	run.py	5fold	PC10-CMY	svm	0.750	1.928	5.442			0.1			colourlab-x86_64		3.12.11	1.7.2	2.3.3	1.16.2	backfilled from remote_repro1.log; ts = log mtime (not per-fit)
2026-08-12T07:02:32Z	run.py	5fold	PC10-CMY	decision_tree	4.325	9.797	25.211			0.0			colourlab-x86_64		3.12.11	1.7.2	2.3.3	1.16.2	backfilled from remote_repro1.log; ts = log mtime (not per-fit)
2026-08-12T07:02:32Z	run.py	5fold	PC10-CMY	random_forest	1.713	4.225	9.621			1.0			colourlab-x86_64		3.12.11	1.7.2	2.3.3	1.16.2	backfilled from remote_repro1.log; ts = log mtime (not per-fit)
2026-08-12T07:02:32Z	run.py	5fold	PC10-CMY	gradient_boost	0.881	3.133	22.659			1.3			colourlab-x86_64		3.12.11	1.7.2	2.3.3	1.16.2	backfilled from remote_repro1.log; ts = log mtime (not per-fit)
2026-08-12T07:02:32Z	run.py	5fold	PC10-CMY	gaussian_process	0.054	0.189	2.061			397.5			colourlab-x86_64		3.12.11	1.7.2	2.3.3	1.16.2	backfilled from remote_repro1.log; ts = log mtime (not per-fit)
2026-08-12T07:02:32Z	run.py	5fold	PC10-CMY	mlp_shallow	1.307	4.413	21.538			2.4			colourlab-x86_64		3.12.11	1.7.2	2.3.3	1.16.2	backfilled from remote_repro1.log; ts = log mtime (not per-fit)
2026-08-12T07:02:32Z	run.py	5fold	PC10-CMY	mlp_deep	1.114	4.034	11.336			79.8			colourlab-x86_64		3.12.11	1.7.2	2.3.3	1.16.2	backfilled from remote_repro1.log; ts = log mtime (not per-fit)
2026-08-12T07:02:32Z	run.py	5fold	PC10-CMY	poly3_de00_nm	0.264	0.982	6.939			12.8			colourlab-x86_64		3.12.11	1.7.2	2.3.3	1.16.2	backfilled from remote_repro1.log; ts = log mtime (not per-fit)
2026-08-12T07:02:32Z	run.py	5fold	PC10-CMY	poly3_de00_powell	0.274	0.886	5.513			197.9			colourlab-x86_64		3.12.11	1.7.2	2.3.3	1.16.2	backfilled from remote_repro1.log; ts = log mtime (not per-fit)
2026-08-12T07:02:32Z	run.py	5fold	PC10-CMYK	poly3	0.944	8.154	32.059			0.1			colourlab-x86_64		3.12.11	1.7.2	2.3.3	1.16.2	backfilled from remote_repro1.log; ts = log mtime (not per-fit)
2026-08-12T07:02:32Z	run.py	5fold	PC10-CMYK	ridge	8.929	24.526	42.666			0.0			colourlab-x86_64		3.12.11	1.7.2	2.3.3	1.16.2	backfilled from remote_repro1.log; ts = log mtime (not per-fit)
2026-08-12T07:02:32Z	run.py	5fold	PC10-CMYK	lasso	8.908	24.367	42.965			0.0			colourlab-x86_64		3.12.11	1.7.2	2.3.3	1.16.2	backfilled from remote_repro1.log; ts = log mtime (not per-fit)
2026-08-12T07:02:32Z	run.py	5fold	PC10-CMYK	elastic	8.937	24.480	42.828			0.0			colourlab-x86_64		3.12.11	1.7.2	2.3.3	1.16.2	backfilled from remote_repro1.log; ts = log mtime (not per-fit)
2026-08-12T07:02:32Z	run.py	5fold	PC10-CMYK	pcr	8.929	24.526	42.666			0.0			colourlab-x86_64		3.12.11	1.7.2	2.3.3	1.16.2	backfilled from remote_repro1.log; ts = log mtime (not per-fit)
2026-08-12T07:02:32Z	run.py	5fold	PC10-CMYK	plsr	8.940	25.216	42.695			0.0			colourlab-x86_64		3.12.11	1.7.2	2.3.3	1.16.2	backfilled from remote_repro1.log; ts = log mtime (not per-fit)
2026-08-12T07:02:32Z	run.py	5fold	PC10-CMYK	knn	2.222	5.799	13.515			0.0			colourlab-x86_64		3.12.11	1.7.2	2.3.3	1.16.2	backfilled from remote_repro1.log; ts = log mtime (not per-fit)
2026-08-12T07:02:32Z	run.py	5fold	PC10-CMYK	svm	1.033	5.661	20.253			0.5			colourlab-x86_64		3.12.11	1.7.2	2.3.3	1.16.2	backfilled from remote_repro1.log; ts = log mtime (not per-fit)
2026-08-12T07:02:32Z	run.py	5fold	PC10-CMYK	decision_tree	4.625	9.768	24.345			0.0			colourlab-x86_64		3.12.11	1.7.2	2.3.3	1.16.2	backfilled from remote_repro1.log; ts = log mtime (not per-fit)
2026-08-12T07:02:32Z	run.py	5fold	PC10-CMYK	random_forest	2.286	4.933	9.129			2.8			colourlab-x86_64		3.12.11	1.7.2	2.3.3	1.16.2	backfilled from remote_repro1.log; ts = log mtime (not per-fit)
2026-08-12T07:02:32Z	run.py	5fold	PC10-CMYK	gradient_boost	1.528	6.515	26.210			3.1			colourlab-x86_64		3.12.11	1.7.2	2.3.3	1.16.2	backfilled from remote_repro1.log; ts = log mtime (not per-fit)
2026-08-12T07:02:32Z	run.py	5fold	PC10-CMYK	gaussian_process	0.063	0.473	8.370			2115.7			colourlab-x86_64		3.12.11	1.7.2	2.3.3	1.16.2	backfilled from remote_repro1.log; ts = log mtime (not per-fit)
2026-08-12T07:02:32Z	run.py	5fold	PC10-CMYK	mlp_shallow	2.000	10.405	29.582			2.6			colourlab-x86_64		3.12.11	1.7.2	2.3.3	1.16.2	backfilled from remote_repro1.log; ts = log mtime (not per-fit)
2026-08-12T07:02:32Z	run.py	5fold	PC10-CMYK	mlp_deep	1.625	10.400	32.865			170.1			colourlab-x86_64		3.12.11	1.7.2	2.3.3	1.16.2	backfilled from remote_repro1.log; ts = log mtime (not per-fit)
2026-08-12T07:02:32Z	run.py	5fold	PC10-CMYK	poly3_de00_nm	0.905	6.875	30.337			13.0			colourlab-x86_64		3.12.11	1.7.2	2.3.3	1.16.2	backfilled from remote_repro1.log; ts = log mtime (not per-fit)
2026-08-12T07:02:32Z	run.py	5fold	PC10-CMYK	poly3_de00_powell	0.872	6.572	31.485			530.8			colourlab-x86_64		3.12.11	1.7.2	2.3.3	1.16.2	backfilled from remote_repro1.log; ts = log mtime (not per-fit)
2026-08-12T07:02:32Z	run.py	5fold	PC11-CMY	poly3	0.244	0.890	7.107			0.0			colourlab-x86_64		3.12.11	1.7.2	2.3.3	1.16.2	backfilled from remote_repro1.log; ts = log mtime (not per-fit)
2026-08-12T07:02:32Z	run.py	5fold	PC11-CMY	ridge	6.309	23.943	45.184			0.0			colourlab-x86_64		3.12.11	1.7.2	2.3.3	1.16.2	backfilled from remote_repro1.log; ts = log mtime (not per-fit)
2026-08-12T07:02:32Z	run.py	5fold	PC11-CMY	lasso	6.292	23.462	45.338			0.0			colourlab-x86_64		3.12.11	1.7.2	2.3.3	1.16.2	backfilled from remote_repro1.log; ts = log mtime (not per-fit)
2026-08-12T07:02:32Z	run.py	5fold	PC11-CMY	elastic	6.284	23.952	45.261			0.0			colourlab-x86_64		3.12.11	1.7.2	2.3.3	1.16.2	backfilled from remote_repro1.log; ts = log mtime (not per-fit)
2026-08-12T07:02:32Z	run.py	5fold	PC11-CMY	pcr	6.309	23.943	45.184			0.0			colourlab-x86_64		3.12.11	1.7.2	2.3.3	1.16.2	backfilled from remote_repro1.log; ts = log mtime (not per-fit)
2026-08-12T07:02:32Z	run.py	5fold	PC11-CMY	plsr	6.307	23.989	45.184			0.0			colourlab-x86_64		3.12.11	1.7.2	2.3.3	1.16.2	backfilled from remote_repro1.log; ts = log mtime (not per-fit)
2026-08-12T07:02:32Z	run.py	5fold	PC11-CMY	knn	1.937	4.127	8.852			0.0			colourlab-x86_64		3.12.11	1.7.2	2.3.3	1.16.2	backfilled from remote_repro1.log; ts = log mtime (not per-fit)
2026-08-12T07:02:32Z	run.py	5fold	PC11-CMY	svm	0.714	1.830	4.863			0.1			colourlab-x86_64		3.12.11	1.7.2	2.3.3	1.16.2	backfilled from remote_repro1.log; ts = log mtime (not per-fit)
2026-08-12T07:02:32Z	run.py	5fold	PC11-CMY	decision_tree	4.136	8.697	24.132			0.0			colourlab-x86_64		3.12.11	1.7.2	2.3.3	1.16.2	backfilled from remote_repro1.log; ts = log mtime (not per-fit)
2026-08-12T07:02:32Z	run.py	5fold	PC11-CMY	random_forest	1.716	4.093	8.778			0.9			colourlab-x86_64		3.12.11	1.7.2	2.3.3	1.16.2	backfilled from remote_repro1.log; ts = log mtime (not per-fit)
2026-08-12T07:02:32Z	run.py	5fold	PC11-CMY	gradient_boost	0.791	2.821	13.192			1.3			colourlab-x86_64		3.12.11	1.7.2	2.3.3	1.16.2	backfilled from remote_repro1.log; ts = log mtime (not per-fit)
2026-08-12T07:02:32Z	run.py	5fold	PC11-CMY	gaussian_process	0.054	0.160	1.797			275.9			colourlab-x86_64		3.12.11	1.7.2	2.3.3	1.16.2	backfilled from remote_repro1.log; ts = log mtime (not per-fit)
2026-08-12T07:02:32Z	run.py	5fold	PC11-CMY	mlp_shallow	1.175	4.081	13.211			0.6			colourlab-x86_64		3.12.11	1.7.2	2.3.3	1.16.2	backfilled from remote_repro1.log; ts = log mtime (not per-fit)
2026-08-12T07:02:32Z	run.py	5fold	PC11-CMY	mlp_deep	1.052	3.687	25.470			5.2			colourlab-x86_64		3.12.11	1.7.2	2.3.3	1.16.2	backfilled from remote_repro1.log; ts = log mtime (not per-fit)
2026-08-12T07:02:32Z	run.py	5fold	PC11-CMY	poly3_de00_nm	0.235	0.847	6.162			8.5			colourlab-x86_64		3.12.11	1.7.2	2.3.3	1.16.2	backfilled from remote_repro1.log; ts = log mtime (not per-fit)
2026-08-12T07:02:32Z	run.py	5fold	PC11-CMY	poly3_de00_powell	0.255	0.772	5.735			121.9			colourlab-x86_64		3.12.11	1.7.2	2.3.3	1.16.2	backfilled from remote_repro1.log; ts = log mtime (not per-fit)
2026-08-12T07:02:32Z	run.py	5fold	PC11-CMYK	poly3	0.868	7.724	32.223			0.0			colourlab-x86_64		3.12.11	1.7.2	2.3.3	1.16.2	backfilled from remote_repro1.log; ts = log mtime (not per-fit)
2026-08-12T07:02:32Z	run.py	5fold	PC11-CMYK	ridge	8.471	23.459	42.040			0.0			colourlab-x86_64		3.12.11	1.7.2	2.3.3	1.16.2	backfilled from remote_repro1.log; ts = log mtime (not per-fit)
2026-08-12T07:02:32Z	run.py	5fold	PC11-CMYK	lasso	8.467	23.842	42.354			0.0			colourlab-x86_64		3.12.11	1.7.2	2.3.3	1.16.2	backfilled from remote_repro1.log; ts = log mtime (not per-fit)
2026-08-12T07:02:32Z	run.py	5fold	PC11-CMYK	elastic	8.500	23.651	42.212			0.0			colourlab-x86_64		3.12.11	1.7.2	2.3.3	1.16.2	backfilled from remote_repro1.log; ts = log mtime (not per-fit)
2026-08-12T07:02:32Z	run.py	5fold	PC11-CMYK	pcr	8.471	23.459	42.040			0.0			colourlab-x86_64		3.12.11	1.7.2	2.3.3	1.16.2	backfilled from remote_repro1.log; ts = log mtime (not per-fit)
2026-08-12T07:02:32Z	run.py	5fold	PC11-CMYK	plsr	8.630	23.766	42.028			0.0			colourlab-x86_64		3.12.11	1.7.2	2.3.3	1.16.2	backfilled from remote_repro1.log; ts = log mtime (not per-fit)
2026-08-12T07:02:32Z	run.py	5fold	PC11-CMYK	knn	2.132	5.510	12.148			0.0			colourlab-x86_64		3.12.11	1.7.2	2.3.3	1.16.2	backfilled from remote_repro1.log; ts = log mtime (not per-fit)
2026-08-12T07:02:32Z	run.py	5fold	PC11-CMYK	svm	1.003	4.906	15.267			0.3			colourlab-x86_64		3.12.11	1.7.2	2.3.3	1.16.2	backfilled from remote_repro1.log; ts = log mtime (not per-fit)
2026-08-12T07:02:32Z	run.py	5fold	PC11-CMYK	decision_tree	4.351	9.184	23.095			0.0			colourlab-x86_64		3.12.11	1.7.2	2.3.3	1.16.2	backfilled from remote_repro1.log; ts = log mtime (not per-fit)
2026-08-12T07:02:32Z	run.py	5fold	PC11-CMYK	random_forest	2.255	4.781	10.858			1.3			colourlab-x86_64		3.12.11	1.7.2	2.3.3	1.16.2	backfilled from remote_repro1.log; ts = log mtime (not per-fit)
2026-08-12T07:02:32Z	run.py	5fold	PC11-CMYK	gradient_boost	1.389	6.289	22.283			1.7			colourlab-x86_64		3.12.11	1.7.2	2.3.3	1.16.2	backfilled from remote_repro1.log; ts = log mtime (not per-fit)
2026-08-12T07:02:32Z	run.py	5fold	PC11-CMYK	gaussian_process	0.066	0.435	6.796			556.5			colourlab-x86_64		3.12.11	1.7.2	2.3.3	1.16.2	backfilled from remote_repro1.log; ts = log mtime (not per-fit)
2026-08-12T07:02:32Z	run.py	5fold	PC11-CMYK	mlp_shallow	1.827	9.749	27.439			0.9			colourlab-x86_64		3.12.11	1.7.2	2.3.3	1.16.2	backfilled from remote_repro1.log; ts = log mtime (not per-fit)
2026-08-12T07:02:32Z	run.py	5fold	PC11-CMYK	mlp_deep	1.622	11.298	36.682			38.9			colourlab-x86_64		3.12.11	1.7.2	2.3.3	1.16.2	backfilled from remote_repro1.log; ts = log mtime (not per-fit)
2026-08-12T07:02:32Z	run.py	5fold	PC11-CMYK	poly3_de00_nm	0.849	6.244	29.922			9.3			colourlab-x86_64		3.12.11	1.7.2	2.3.3	1.16.2	backfilled from remote_repro1.log; ts = log mtime (not per-fit)
2026-08-12T07:02:32Z	run.py	5fold	PC11-CMYK	poly3_de00_powell	0.797	5.432	29.909			566.1			colourlab-x86_64		3.12.11	1.7.2	2.3.3	1.16.2	backfilled from remote_repro1.log; ts = log mtime (not per-fit)
2026-08-12T07:02:32Z	run.py	5fold	FOGRA51-CMY	poly3	0.368	1.163	8.008			0.0			colourlab-x86_64		3.12.11	1.7.2	2.3.3	1.16.2	backfilled from remote_repro1.log; ts = log mtime (not per-fit)
2026-08-12T07:02:32Z	run.py	5fold	FOGRA51-CMY	ridge	6.719	25.397	41.897			0.0			colourlab-x86_64		3.12.11	1.7.2	2.3.3	1.16.2	backfilled from remote_repro1.log; ts = log mtime (not per-fit)
2026-08-12T07:02:32Z	run.py	5fold	FOGRA51-CMY	lasso	6.658	25.221	42.062			0.0			colourlab-x86_64		3.12.11	1.7.2	2.3.3	1.16.2	backfilled from remote_repro1.log; ts = log mtime (not per-fit)
2026-08-12T07:02:32Z	run.py	5fold	FOGRA51-CMY	elastic	6.692	25.279	41.981			0.0			colourlab-x86_64		3.12.11	1.7.2	2.3.3	1.16.2	backfilled from remote_repro1.log; ts = log mtime (not per-fit)
2026-08-12T07:02:32Z	run.py	5fold	FOGRA51-CMY	pcr	6.719	25.397	41.897			0.0			colourlab-x86_64		3.12.11	1.7.2	2.3.3	1.16.2	backfilled from remote_repro1.log; ts = log mtime (not per-fit)
2026-08-12T07:02:32Z	run.py	5fold	FOGRA51-CMY	plsr	6.715	25.528	41.892			0.0			colourlab-x86_64		3.12.11	1.7.2	2.3.3	1.16.2	backfilled from remote_repro1.log; ts = log mtime (not per-fit)
2026-08-12T07:02:32Z	run.py	5fold	FOGRA51-CMY	knn	1.884	4.299	9.512			0.0			colourlab-x86_64		3.12.11	1.7.2	2.3.3	1.16.2	backfilled from remote_repro1.log; ts = log mtime (not per-fit)
2026-08-12T07:02:32Z	run.py	5fold	FOGRA51-CMY	svm	0.767	1.864	6.194			0.1			colourlab-x86_64		3.12.11	1.7.2	2.3.3	1.16.2	backfilled from remote_repro1.log; ts = log mtime (not per-fit)
2026-08-12T07:02:32Z	run.py	5fold	FOGRA51-CMY	decision_tree	4.304	8.973	14.061			0.0			colourlab-x86_64		3.12.11	1.7.2	2.3.3	1.16.2	backfilled from remote_repro1.log; ts = log mtime (not per-fit)
2026-08-12T07:02:32Z	run.py	5fold	FOGRA51-CMY	random_forest	1.813	4.341	8.029			1.0			colourlab-x86_64		3.12.11	1.7.2	2.3.3	1.16.2	backfilled from remote_repro1.log; ts = log mtime (not per-fit)
2026-08-12T07:02:32Z	run.py	5fold	FOGRA51-CMY	gradient_boost	0.819	2.926	17.404			1.3			colourlab-x86_64		3.12.11	1.7.2	2.3.3	1.16.2	backfilled from remote_repro1.log; ts = log mtime (not per-fit)
2026-08-12T07:02:32Z	run.py	5fold	FOGRA51-CMY	gaussian_process	0.065	0.191	0.807			274.9			colourlab-x86_64		3.12.11	1.7.2	2.3.3	1.16.2	backfilled from remote_repro1.log; ts = log mtime (not per-fit)
2026-08-12T07:02:32Z	run.py	5fold	FOGRA51-CMY	mlp_shallow	1.434	6.037	19.398			0.6			colourlab-x86_64		3.12.11	1.7.2	2.3.3	1.16.2	backfilled from remote_repro1.log; ts = log mtime (not per-fit)
2026-08-12T07:02:32Z	run.py	5fold	FOGRA51-CMY	mlp_deep	1.208	4.108	14.030			7.7			colourlab-x86_64		3.12.11	1.7.2	2.3.3	1.16.2	backfilled from remote_repro1.log; ts = log mtime (not per-fit)
2026-08-12T07:02:32Z	run.py	5fold	FOGRA51-CMY	poly3_de00_nm	0.372	1.170	5.783			8.6			colourlab-x86_64		3.12.11	1.7.2	2.3.3	1.16.2	backfilled from remote_repro1.log; ts = log mtime (not per-fit)
2026-08-12T07:02:32Z	run.py	5fold	FOGRA51-CMY	poly3_de00_powell	0.375	1.043	4.135			180.0			colourlab-x86_64		3.12.11	1.7.2	2.3.3	1.16.2	backfilled from remote_repro1.log; ts = log mtime (not per-fit)
2026-08-12T07:02:32Z	run.py	5fold	FOGRA51-CMYK	poly3	0.822	6.643	28.377			0.0			colourlab-x86_64		3.12.11	1.7.2	2.3.3	1.16.2	backfilled from remote_repro1.log; ts = log mtime (not per-fit)
2026-08-12T07:02:32Z	run.py	5fold	FOGRA51-CMYK	ridge	8.820	25.102	42.406			0.0			colourlab-x86_64		3.12.11	1.7.2	2.3.3	1.16.2	backfilled from remote_repro1.log; ts = log mtime (not per-fit)
2026-08-12T07:02:32Z	run.py	5fold	FOGRA51-CMYK	lasso	8.771	25.522	43.085			0.0			colourlab-x86_64		3.12.11	1.7.2	2.3.3	1.16.2	backfilled from remote_repro1.log; ts = log mtime (not per-fit)
2026-08-12T07:02:32Z	run.py	5fold	FOGRA51-CMYK	elastic	8.790	25.174	42.785			0.0			colourlab-x86_64		3.12.11	1.7.2	2.3.3	1.16.2	backfilled from remote_repro1.log; ts = log mtime (not per-fit)
2026-08-12T07:02:32Z	run.py	5fold	FOGRA51-CMYK	pcr	8.820	25.102	42.406			0.0			colourlab-x86_64		3.12.11	1.7.2	2.3.3	1.16.2	backfilled from remote_repro1.log; ts = log mtime (not per-fit)
2026-08-12T07:02:32Z	run.py	5fold	FOGRA51-CMYK	plsr	8.699	25.352	43.411			0.0			colourlab-x86_64		3.12.11	1.7.2	2.3.3	1.16.2	backfilled from remote_repro1.log; ts = log mtime (not per-fit)
2026-08-12T07:02:32Z	run.py	5fold	FOGRA51-CMYK	knn	2.160	5.897	20.065			0.0			colourlab-x86_64		3.12.11	1.7.2	2.3.3	1.16.2	backfilled from remote_repro1.log; ts = log mtime (not per-fit)
2026-08-12T07:02:32Z	run.py	5fold	FOGRA51-CMYK	svm	0.994	4.444	11.380			0.3			colourlab-x86_64		3.12.11	1.7.2	2.3.3	1.16.2	backfilled from remote_repro1.log; ts = log mtime (not per-fit)
2026-08-12T07:02:32Z	run.py	5fold	FOGRA51-CMYK	decision_tree	4.436	10.299	19.473			0.0			colourlab-x86_64		3.12.11	1.7.2	2.3.3	1.16.2	backfilled from remote_repro1.log; ts = log mtime (not per-fit)
2026-08-12T07:02:32Z	run.py	5fold	FOGRA51-CMYK	random_forest	2.556	5.809	15.989			1.6			colourlab-x86_64		3.12.11	1.7.2	2.3.3	1.16.2	backfilled from remote_repro1.log; ts = log mtime (not per-fit)
2026-08-12T07:02:32Z	run.py	5fold	FOGRA51-CMYK	gradient_boost	1.539	6.910	30.171			2.0			colourlab-x86_64		3.12.11	1.7.2	2.3.3	1.16.2	backfilled from remote_repro1.log; ts = log mtime (not per-fit)
2026-08-12T07:02:32Z	run.py	5fold	FOGRA51-CMYK	gaussian_process	0.072	0.292	3.248			962.6			colourlab-x86_64		3.12.11	1.7.2	2.3.3	1.16.2	backfilled from remote_repro1.log; ts = log mtime (not per-fit)
2026-08-12T07:02:32Z	run.py	5fold	FOGRA51-CMYK	mlp_shallow	1.966	11.146	29.032			0.5			colourlab-x86_64		3.12.11	1.7.2	2.3.3	1.16.2	backfilled from remote_repro1.log; ts = log mtime (not per-fit)
2026-08-12T07:02:32Z	run.py	5fold	FOGRA51-CMYK	mlp_deep	1.675	9.782	34.017			39.9			colourlab-x86_64		3.12.11	1.7.2	2.3.3	1.16.2	backfilled from remote_repro1.log; ts = log mtime (not per-fit)
2026-08-12T07:02:32Z	run.py	5fold	FOGRA51-CMYK	poly3_de00_nm	0.763	6.155	31.100			9.3			colourlab-x86_64		3.12.11	1.7.2	2.3.3	1.16.2	backfilled from remote_repro1.log; ts = log mtime (not per-fit)
2026-08-12T07:02:32Z	run.py	5fold	FOGRA51-CMYK	poly3_de00_powell	0.769	5.416	31.870			348.0			colourlab-x86_64		3.12.11	1.7.2	2.3.3	1.16.2	backfilled from remote_repro1.log; ts = log mtime (not per-fit)
2026-08-12T07:02:32Z	run.py	5fold	KCMYG-5	poly3	1.480	7.975	50.158			0.7			colourlab-x86_64		3.12.11	1.7.2	2.3.3	1.16.2	backfilled from remote_repro2.log; ts = log mtime (not per-fit)
2026-08-12T07:02:32Z	run.py	5fold	KCMYG-5	ridge	10.741	25.485	50.334			0.0			colourlab-x86_64		3.12.11	1.7.2	2.3.3	1.16.2	backfilled from remote_repro2.log; ts = log mtime (not per-fit)
2026-08-12T07:02:32Z	run.py	5fold	KCMYG-5	lasso	10.690	25.625	50.120			0.0			colourlab-x86_64		3.12.11	1.7.2	2.3.3	1.16.2	backfilled from remote_repro2.log; ts = log mtime (not per-fit)
2026-08-12T07:02:32Z	run.py	5fold	KCMYG-5	elastic	10.736	25.535	50.126			0.0			colourlab-x86_64		3.12.11	1.7.2	2.3.3	1.16.2	backfilled from remote_repro2.log; ts = log mtime (not per-fit)
2026-08-12T07:02:32Z	run.py	5fold	KCMYG-5	pcr	10.741	25.485	50.334			0.0			colourlab-x86_64		3.12.11	1.7.2	2.3.3	1.16.2	backfilled from remote_repro2.log; ts = log mtime (not per-fit)
2026-08-12T07:02:32Z	run.py	5fold	KCMYG-5	plsr	13.546	32.219	53.675			0.0			colourlab-x86_64		3.12.11	1.7.2	2.3.3	1.16.2	backfilled from remote_repro2.log; ts = log mtime (not per-fit)
2026-08-12T07:02:32Z	run.py	5fold	KCMYG-5	knn	1.814	4.877	55.180			0.0			colourlab-x86_64		3.12.11	1.7.2	2.3.3	1.16.2	backfilled from remote_repro2.log; ts = log mtime (not per-fit)
2026-08-12T07:02:32Z	run.py	5fold	KCMYG-5	svm	1.192	6.350	50.622			4.1			colourlab-x86_64		3.12.11	1.7.2	2.3.3	1.16.2	backfilled from remote_repro2.log; ts = log mtime (not per-fit)
2026-08-12T07:02:32Z	run.py	5fold	KCMYG-5	decision_tree	4.801	14.441	51.134			0.1			colourlab-x86_64		3.12.11	1.7.2	2.3.3	1.16.2	backfilled from remote_repro2.log; ts = log mtime (not per-fit)
2026-08-12T07:02:32Z	run.py	5fold	KCMYG-5	random_forest	2.300	6.656	35.961			5.2			colourlab-x86_64		3.12.11	1.7.2	2.3.3	1.16.2	backfilled from remote_repro2.log; ts = log mtime (not per-fit)
2026-08-12T07:02:32Z	run.py	5fold	KCMYG-5	gradient_boost	2.821	10.612	34.066			11.3			colourlab-x86_64		3.12.11	1.7.2	2.3.3	1.16.2	backfilled from remote_repro2.log; ts = log mtime (not per-fit)
2026-08-12T07:02:32Z	run.py	5fold	KCMYG-5	gaussian_process	0.851	2.274	42.462			3134.1			colourlab-x86_64		3.12.11	1.7.2	2.3.3	1.16.2	backfilled from remote_repro2.log; ts = log mtime (not per-fit)
2026-08-12T07:02:32Z	run.py	5fold	KCMYG-5	mlp_shallow	1.998	11.453	49.903			3.4			colourlab-x86_64		3.12.11	1.7.2	2.3.3	1.16.2	backfilled from remote_repro2.log; ts = log mtime (not per-fit)
2026-08-12T07:02:32Z	run.py	5fold	KCMYG-5	mlp_deep	1.925	9.166	37.519			166.2			colourlab-x86_64		3.12.11	1.7.2	2.3.3	1.16.2	backfilled from remote_repro2.log; ts = log mtime (not per-fit)
2026-08-12T07:02:32Z	run.py	5fold	KCMYG-5	poly3_de00_nm	1.445	7.314	51.492			16.2			colourlab-x86_64		3.12.11	1.7.2	2.3.3	1.16.2	backfilled from remote_repro2.log; ts = log mtime (not per-fit)
2026-08-12T07:02:32Z	run.py	5fold	KCMYG-5	poly3_de00_powell	1.424	5.846	49.052			1367.4			colourlab-x86_64		3.12.11	1.7.2	2.3.3	1.16.2	backfilled from remote_repro2.log; ts = log mtime (not per-fit)
2026-08-12T07:02:32Z	run.py	5fold	CMYKOGB-7	poly3	3.276	24.876	52.696			3.5			colourlab-x86_64		3.12.11	1.7.2	2.3.3	1.16.2	backfilled from remote_repro2.log; ts = log mtime (not per-fit)
2026-08-12T07:02:32Z	run.py	5fold	CMYKOGB-7	ridge	11.148	31.278	49.914			0.0			colourlab-x86_64		3.12.11	1.7.2	2.3.3	1.16.2	backfilled from remote_repro2.log; ts = log mtime (not per-fit)
2026-08-12T07:02:32Z	run.py	5fold	CMYKOGB-7	lasso	11.468	30.637	48.609			0.0			colourlab-x86_64		3.12.11	1.7.2	2.3.3	1.16.2	backfilled from remote_repro2.log; ts = log mtime (not per-fit)
2026-08-12T07:02:32Z	run.py	5fold	CMYKOGB-7	elastic	11.380	30.898	49.047			0.0			colourlab-x86_64		3.12.11	1.7.2	2.3.3	1.16.2	backfilled from remote_repro2.log; ts = log mtime (not per-fit)
2026-08-12T07:02:32Z	run.py	5fold	CMYKOGB-7	pcr	11.148	31.278	49.914			0.0			colourlab-x86_64		3.12.11	1.7.2	2.3.3	1.16.2	backfilled from remote_repro2.log; ts = log mtime (not per-fit)
2026-08-12T07:02:32Z	run.py	5fold	CMYKOGB-7	plsr	17.438	38.048	65.167			0.0			colourlab-x86_64		3.12.11	1.7.2	2.3.3	1.16.2	backfilled from remote_repro2.log; ts = log mtime (not per-fit)
2026-08-12T07:02:32Z	run.py	5fold	CMYKOGB-7	knn	2.610	8.104	39.455			0.0			colourlab-x86_64		3.12.11	1.7.2	2.3.3	1.16.2	backfilled from remote_repro2.log; ts = log mtime (not per-fit)
2026-08-12T07:02:32Z	run.py	5fold	CMYKOGB-7	svm	1.792	13.653	41.002			2.0			colourlab-x86_64		3.12.11	1.7.2	2.3.3	1.16.2	backfilled from remote_repro2.log; ts = log mtime (not per-fit)
2026-08-12T07:02:32Z	run.py	5fold	CMYKOGB-7	decision_tree	5.036	15.368	85.477			0.0			colourlab-x86_64		3.12.11	1.7.2	2.3.3	1.16.2	backfilled from remote_repro2.log; ts = log mtime (not per-fit)
2026-08-12T07:02:32Z	run.py	5fold	CMYKOGB-7	random_forest	2.400	8.389	62.288			3.3			colourlab-x86_64		3.12.11	1.7.2	2.3.3	1.16.2	backfilled from remote_repro2.log; ts = log mtime (not per-fit)
2026-08-12T07:02:32Z	run.py	5fold	CMYKOGB-7	gradient_boost	3.956	17.799	45.087			6.2			colourlab-x86_64		3.12.11	1.7.2	2.3.3	1.16.2	backfilled from remote_repro2.log; ts = log mtime (not per-fit)
2026-08-12T07:02:32Z	run.py	5fold	CMYKOGB-7	gaussian_process	1.280	8.036	47.473			1338.0			colourlab-x86_64		3.12.11	1.7.2	2.3.3	1.16.2	backfilled from remote_repro2.log; ts = log mtime (not per-fit)
2026-08-12T07:02:32Z	run.py	5fold	CMYKOGB-7	mlp_shallow	2.999	19.078	42.938			3.2			colourlab-x86_64		3.12.11	1.7.2	2.3.3	1.16.2	backfilled from remote_repro2.log; ts = log mtime (not per-fit)
2026-08-12T07:02:32Z	run.py	5fold	CMYKOGB-7	mlp_deep	2.547	17.073	37.412			211.3			colourlab-x86_64		3.12.11	1.7.2	2.3.3	1.16.2	backfilled from remote_repro2.log; ts = log mtime (not per-fit)
2026-08-12T07:02:32Z	run.py	5fold	CMYKOGB-7	poly3_de00_nm	3.258	22.826	51.706			25.1			colourlab-x86_64		3.12.11	1.7.2	2.3.3	1.16.2	backfilled from remote_repro2.log; ts = log mtime (not per-fit)
2026-08-12T07:02:32Z	run.py	5fold	CMYKOGB-7	poly3_de00_powell	2.985	19.787	51.204			4583.5			colourlab-x86_64		3.12.11	1.7.2	2.3.3	1.16.2	backfilled from remote_repro2.log; ts = log mtime (not per-fit)
2026-08-12T07:02:32Z	run.py	5fold	CMYKOGV-7	poly3	5.310	25.118	54.355			3.7			colourlab-x86_64		3.12.11	1.7.2	2.3.3	1.16.2	backfilled from remote_repro3.log; ts = log mtime (not per-fit)
2026-08-12T07:02:32Z	run.py	5fold	CMYKOGV-7	ridge	15.006	27.588	47.912			0.0			colourlab-x86_64		3.12.11	1.7.2	2.3.3	1.16.2	backfilled from remote_repro3.log; ts = log mtime (not per-fit)
2026-08-12T07:02:32Z	run.py	5fold	CMYKOGV-7	lasso	14.973	27.888	51.026			0.0			colourlab-x86_64		3.12.11	1.7.2	2.3.3	1.16.2	backfilled from remote_repro3.log; ts = log mtime (not per-fit)
2026-08-12T07:02:32Z	run.py	5fold	CMYKOGV-7	elastic	15.024	27.546	50.401			0.0			colourlab-x86_64		3.12.11	1.7.2	2.3.3	1.16.2	backfilled from remote_repro3.log; ts = log mtime (not per-fit)
2026-08-12T07:02:32Z	run.py	5fold	CMYKOGV-7	pcr	15.006	27.588	47.912			0.0			colourlab-x86_64		3.12.11	1.7.2	2.3.3	1.16.2	backfilled from remote_repro3.log; ts = log mtime (not per-fit)
2026-08-12T07:02:32Z	run.py	5fold	CMYKOGV-7	plsr	18.359	37.385	53.348			0.0			colourlab-x86_64		3.12.11	1.7.2	2.3.3	1.16.2	backfilled from remote_repro3.log; ts = log mtime (not per-fit)
2026-08-12T07:02:32Z	run.py	5fold	CMYKOGV-7	knn	3.578	9.520	29.401			0.0			colourlab-x86_64		3.12.11	1.7.2	2.3.3	1.16.2	backfilled from remote_repro3.log; ts = log mtime (not per-fit)
2026-08-12T07:02:32Z	run.py	5fold	CMYKOGV-7	svm	2.186	11.166	32.512			2.9			colourlab-x86_64		3.12.11	1.7.2	2.3.3	1.16.2	backfilled from remote_repro3.log; ts = log mtime (not per-fit)
2026-08-12T07:02:32Z	run.py	5fold	CMYKOGV-7	decision_tree	5.517	15.006	45.418			0.0			colourlab-x86_64		3.12.11	1.7.2	2.3.3	1.16.2	backfilled from remote_repro3.log; ts = log mtime (not per-fit)
2026-08-12T07:02:32Z	run.py	5fold	CMYKOGV-7	random_forest	3.699	9.572	35.144			3.5			colourlab-x86_64		3.12.11	1.7.2	2.3.3	1.16.2	backfilled from remote_repro3.log; ts = log mtime (not per-fit)
2026-08-12T07:02:32Z	run.py	5fold	CMYKOGV-7	gradient_boost	3.850	15.539	39.399			3.8			colourlab-x86_64		3.12.11	1.7.2	2.3.3	1.16.2	backfilled from remote_repro3.log; ts = log mtime (not per-fit)
2026-08-12T07:02:32Z	run.py	5fold	CMYKOGV-7	gaussian_process	0.236	4.324	52.179			3810.2			colourlab-x86_64		3.12.11	1.7.2	2.3.3	1.16.2	backfilled from remote_repro3.log; ts = log mtime (not per-fit)
2026-08-12T07:02:32Z	run.py	5fold	CMYKOGV-7	mlp_shallow	3.296	14.525	38.632			2.4			colourlab-x86_64		3.12.11	1.7.2	2.3.3	1.16.2	backfilled from remote_repro3.log; ts = log mtime (not per-fit)
2026-08-12T07:02:32Z	run.py	5fold	CMYKOGV-7	mlp_deep	3.164	12.610	30.143			81.1			colourlab-x86_64		3.12.11	1.7.2	2.3.3	1.16.2	backfilled from remote_repro3.log; ts = log mtime (not per-fit)
2026-08-12T07:02:32Z	run.py	5fold	CMYKOGV-7	poly3_de00_nm	5.316	21.476	53.808			24.1			colourlab-x86_64		3.12.11	1.7.2	2.3.3	1.16.2	backfilled from remote_repro3.log; ts = log mtime (not per-fit)
2026-08-12T07:02:32Z	run.py	5fold	CMYKOGV-7	poly3_de00_powell	3.183	12.717	41.195			7194.6			colourlab-x86_64		3.12.11	1.7.2	2.3.3	1.16.2	backfilled from remote_repro3.log; ts = log mtime (not per-fit)
2026-08-12T07:02:35Z	run.py	5fold	CMYKOGB-7	poly3_de00_powell	2.979	19.324	49.052			2438.8			laptop-arm64		3.12.11	1.7.2	2.3.3	1.16.2	backfilled from run_ogb_powell.log; ts = log mtime (not per-fit)
2026-08-12T07:02:35Z	run.py	5fold	CMYKOGV-7	gaussian_process	0.249	4.497	49.757			226.4			laptop-arm64		3.12.11	1.7.2	2.3.3	1.16.2	backfilled from run_ogv_gp.log; ts = log mtime (not per-fit)
2026-08-12T07:02:35Z	run.py	5fold	CMYKOGV-7	poly3_de00_nm	5.375	21.828	52.271			10.3			laptop-arm64		3.12.11	1.7.2	2.3.3	1.16.2	backfilled from run_ogv_nm.log; ts = log mtime (not per-fit)
2026-08-12T07:02:35Z	run.py	5fold	CMYKOGV-7	poly3_de00_powell	3.104	12.482	48.585			3699.7			laptop-arm64		3.12.11	1.7.2	2.3.3	1.16.2	backfilled from run_ogv_powell.log; ts = log mtime (not per-fit)
2026-08-12T07:02:30Z	run.py	5fold	PC10-CMYK	gaussian_process	0.056	0.454	7.100			215.0			laptop-arm64		3.12.11	1.7.2	2.3.3	1.16.2	backfilled from stream1.log; ts = log mtime (not per-fit)
2026-08-12T07:02:30Z	run.py	5fold	PC11-CMY	gaussian_process	0.044	0.140	1.773			47.4			laptop-arm64		3.12.11	1.7.2	2.3.3	1.16.2	backfilled from stream1.log; ts = log mtime (not per-fit)
2026-08-12T07:02:30Z	run.py	5fold	PC11-CMYK	gaussian_process	0.056	0.389	6.220			212.2			laptop-arm64		3.12.11	1.7.2	2.3.3	1.16.2	backfilled from stream1.log; ts = log mtime (not per-fit)
2026-08-12T07:02:30Z	run.py	5fold	FOGRA51-CMY	gaussian_process	0.056	0.176	0.482			51.8			laptop-arm64		3.12.11	1.7.2	2.3.3	1.16.2	backfilled from stream1.log; ts = log mtime (not per-fit)
2026-08-12T07:02:30Z	run.py	5fold	FOGRA51-CMYK	gaussian_process	0.067	0.266	4.185			219.8			laptop-arm64		3.12.11	1.7.2	2.3.3	1.16.2	backfilled from stream1.log; ts = log mtime (not per-fit)
2026-08-12T07:02:30Z	run.py	5fold	KCMYG-5	gaussian_process	0.867	2.267	31.738			272.4			laptop-arm64		3.12.11	1.7.2	2.3.3	1.16.2	backfilled from stream1.log; ts = log mtime (not per-fit)
2026-08-12T07:02:30Z	run.py	5fold	CMYKOGV-7	gaussian_process	0.249	4.497	49.757			430.0			laptop-arm64		3.12.11	1.7.2	2.3.3	1.16.2	backfilled from stream1.log; ts = log mtime (not per-fit)
2026-08-12T07:02:30Z	run.py	5fold	CMYKOGB-7	gaussian_process	1.280	8.066	44.305			302.1			laptop-arm64		3.12.11	1.7.2	2.3.3	1.16.2	backfilled from stream1.log; ts = log mtime (not per-fit)
2026-08-12T07:02:30Z	run_ifra.py	ifra-within-run	IFRA-wb-Age_64a_wb-CMYK	gaussian_process	0.755								laptop-arm64		3.12.11	1.7.2	2.3.3	1.16.2	backfilled from stream2.log; ts = log mtime (not per-fit)
2026-08-12T07:02:30Z	run_ifra.py	ifra-within-run	IFRA-wb-Arena_111_wb-CMYK	gaussian_process	0.820								laptop-arm64		3.12.11	1.7.2	2.3.3	1.16.2	backfilled from stream2.log; ts = log mtime (not per-fit)
2026-08-12T07:02:30Z	run_ifra.py	ifra-within-run	IFRA-wb-Dnvk_131_wb-CMYK	gaussian_process	1.052								laptop-arm64		3.12.11	1.7.2	2.3.3	1.16.2	backfilled from stream2.log; ts = log mtime (not per-fit)
2026-08-12T07:02:30Z	run_ifra.py	ifra-within-run	IFRA-wb-GratN_90_wb-CMYK	gaussian_process	0.674								laptop-arm64		3.12.11	1.7.2	2.3.3	1.16.2	backfilled from stream2.log; ts = log mtime (not per-fit)
2026-08-12T07:02:30Z	run_ifra.py	ifra-within-run	IFRA-wb-Mbd_103a_wb-CMYK	gaussian_process	0.721								laptop-arm64		3.12.11	1.7.2	2.3.3	1.16.2	backfilled from stream2.log; ts = log mtime (not per-fit)
2026-08-12T07:02:30Z	run_ifra.py	ifra-within-run	IFRA-wb-NordK_92a_wb-CMYK	gaussian_process	0.992								laptop-arm64		3.12.11	1.7.2	2.3.3	1.16.2	backfilled from stream2.log; ts = log mtime (not per-fit)
2026-08-12T07:02:30Z	run_ifra.py	ifra-within-run	IFRA-wb-PressJ_158_wb-CMYK	gaussian_process	2.141								laptop-arm64		3.12.11	1.7.2	2.3.3	1.16.2	backfilled from stream2.log; ts = log mtime (not per-fit)
2026-08-12T07:02:30Z	run_ifra.py	ifra-within-run	IFRA-wb-RZPOI_125_2_wb-CMYK	gaussian_process	0.899								laptop-arm64		3.12.11	1.7.2	2.3.3	1.16.2	backfilled from stream2.log; ts = log mtime (not per-fit)
2026-08-12T07:02:30Z	run_ifra.py	ifra-within-run	IFRA-wb-SudK_99_2_wb-CMYK	gaussian_process	1.172								laptop-arm64		3.12.11	1.7.2	2.3.3	1.16.2	backfilled from stream2.log; ts = log mtime (not per-fit)
2026-08-12T07:02:30Z	run_ifra.py	ifra-within-run	IFRA-wb-Sudz_100_wb-CMYK	gaussian_process	1.392								laptop-arm64		3.12.11	1.7.2	2.3.3	1.16.2	backfilled from stream2.log; ts = log mtime (not per-fit)
2026-08-12T07:02:30Z	run_ifra.py	ifra-within-run	IFRA-wb-TagesA_147_2_wb-CMYK	gaussian_process	0.847								laptop-arm64		3.12.11	1.7.2	2.3.3	1.16.2	backfilled from stream2.log; ts = log mtime (not per-fit)
2026-08-12T07:02:30Z	run_ifra.py	ifra-within-run	IFRA-wb-TagesA_147_wb-CMYK	gaussian_process	0.835								laptop-arm64		3.12.11	1.7.2	2.3.3	1.16.2	backfilled from stream2.log; ts = log mtime (not per-fit)
2026-08-12T07:02:30Z	run_ifra.py	ifra-within-run	IFRA-wb-marca_133_wb-CMYK	gaussian_process	1.984								laptop-arm64		3.12.11	1.7.2	2.3.3	1.16.2	backfilled from stream2.log; ts = log mtime (not per-fit)
2026-08-12T07:02:30Z	run_ifra.py	ifra-loo	IFRA-wb-Age_64a_wb-CMYK	gaussian_process	2.169								laptop-arm64		3.12.11	1.7.2	2.3.3	1.16.2	backfilled from stream2.log; ts = log mtime (not per-fit)
2026-08-12T07:02:30Z	run_ifra.py	ifra-loo	IFRA-wb-Arena_111_wb-CMYK	gaussian_process	4.410								laptop-arm64		3.12.11	1.7.2	2.3.3	1.16.2	backfilled from stream2.log; ts = log mtime (not per-fit)
2026-08-12T07:02:30Z	run_ifra.py	ifra-loo	IFRA-wb-Dnvk_131_wb-CMYK	gaussian_process	2.006								laptop-arm64		3.12.11	1.7.2	2.3.3	1.16.2	backfilled from stream2.log; ts = log mtime (not per-fit)
2026-08-12T07:02:30Z	run_ifra.py	ifra-loo	IFRA-wb-GratN_90_wb-CMYK	gaussian_process	5.720								laptop-arm64		3.12.11	1.7.2	2.3.3	1.16.2	backfilled from stream2.log; ts = log mtime (not per-fit)
2026-08-12T07:02:30Z	run_ifra.py	ifra-loo	IFRA-wb-Mbd_103a_wb-CMYK	gaussian_process	1.775								laptop-arm64		3.12.11	1.7.2	2.3.3	1.16.2	backfilled from stream2.log; ts = log mtime (not per-fit)
2026-08-12T07:02:30Z	run_ifra.py	ifra-loo	IFRA-wb-NordK_92a_wb-CMYK	gaussian_process	3.437								laptop-arm64		3.12.11	1.7.2	2.3.3	1.16.2	backfilled from stream2.log; ts = log mtime (not per-fit)
2026-08-12T07:02:30Z	run_ifra.py	ifra-loo	IFRA-wb-PressJ_158_wb-CMYK	gaussian_process	6.451								laptop-arm64		3.12.11	1.7.2	2.3.3	1.16.2	backfilled from stream2.log; ts = log mtime (not per-fit)
2026-08-12T07:02:30Z	run_ifra.py	ifra-loo	IFRA-wb-RZPOI_125_2_wb-CMYK	gaussian_process	3.155								laptop-arm64		3.12.11	1.7.2	2.3.3	1.16.2	backfilled from stream2.log; ts = log mtime (not per-fit)
2026-08-12T07:02:30Z	run_ifra.py	ifra-loo	IFRA-wb-SudK_99_2_wb-CMYK	gaussian_process	3.535								laptop-arm64		3.12.11	1.7.2	2.3.3	1.16.2	backfilled from stream2.log; ts = log mtime (not per-fit)
2026-08-12T07:02:30Z	run_ifra.py	ifra-loo	IFRA-wb-Sudz_100_wb-CMYK	gaussian_process	2.310								laptop-arm64		3.12.11	1.7.2	2.3.3	1.16.2	backfilled from stream2.log; ts = log mtime (not per-fit)
2026-08-12T07:02:30Z	run_ifra.py	ifra-loo	IFRA-wb-TagesA_147_2_wb-CMYK	gaussian_process	1.775								laptop-arm64		3.12.11	1.7.2	2.3.3	1.16.2	backfilled from stream2.log; ts = log mtime (not per-fit)
2026-08-12T07:02:30Z	run_ifra.py	ifra-loo	IFRA-wb-TagesA_147_wb-CMYK	gaussian_process	1.718								laptop-arm64		3.12.11	1.7.2	2.3.3	1.16.2	backfilled from stream2.log; ts = log mtime (not per-fit)
2026-08-12T07:02:30Z	run_ifra.py	ifra-loo	IFRA-wb-marca_133_wb-CMYK	gaussian_process	3.247								laptop-arm64		3.12.11	1.7.2	2.3.3	1.16.2	backfilled from stream2.log; ts = log mtime (not per-fit)
2026-08-12T07:02:30Z	run_ifra.py	ifra-cross-run	IFRA-wb-Age_64a_wb-CMYK->IFRA-wb-Arena_111_wb-CMYK	gaussian_process	4.343								laptop-arm64		3.12.11	1.7.2	2.3.3	1.16.2	backfilled from stream3.log; ts = log mtime (not per-fit)
2026-08-12T07:02:30Z	run_ifra.py	ifra-cross-run	IFRA-wb-Age_64a_wb-CMYK->IFRA-wb-Dnvk_131_wb-CMYK	gaussian_process	1.677								laptop-arm64		3.12.11	1.7.2	2.3.3	1.16.2	backfilled from stream3.log; ts = log mtime (not per-fit)
2026-08-12T07:02:30Z	run_ifra.py	ifra-cross-run	IFRA-wb-Age_64a_wb-CMYK->IFRA-wb-GratN_90_wb-CMYK	gaussian_process	5.355								laptop-arm64		3.12.11	1.7.2	2.3.3	1.16.2	backfilled from stream3.log; ts = log mtime (not per-fit)
2026-08-12T07:02:30Z	run_ifra.py	ifra-cross-run	IFRA-wb-Age_64a_wb-CMYK->IFRA-wb-Mbd_103a_wb-CMYK	gaussian_process	2.574								laptop-arm64		3.12.11	1.7.2	2.3.3	1.16.2	backfilled from stream3.log; ts = log mtime (not per-fit)
2026-08-12T07:02:30Z	run_ifra.py	ifra-cross-run	IFRA-wb-Age_64a_wb-CMYK->IFRA-wb-NordK_92a_wb-CMYK	gaussian_process	3.370								laptop-arm64		3.12.11	1.7.2	2.3.3	1.16.2	backfilled from stream3.log; ts = log mtime (not per-fit)
2026-08-12T07:02:30Z	run_ifra.py	ifra-cross-run	IFRA-wb-Age_64a_wb-CMYK->IFRA-wb-PressJ_158_wb-CMYK	gaussian_process	6.831								laptop-arm64		3.12.11	1.7.2	2.3.3	1.16.2	backfilled from stream3.log; ts = log mtime (not per-fit)
2026-08-12T07:02:30Z	run_ifra.py	ifra-cross-run	IFRA-wb-Age_64a_wb-CMYK->IFRA-wb-RZPOI_125_2_wb-CMYK	gaussian_process	3.635								laptop-arm64		3.12.11	1.7.2	2.3.3	1.16.2	backfilled from stream3.log; ts = log mtime (not per-fit)
2026-08-12T07:02:30Z	run_ifra.py	ifra-cross-run	IFRA-wb-Age_64a_wb-CMYK->IFRA-wb-SudK_99_2_wb-CMYK	gaussian_process	3.575								laptop-arm64		3.12.11	1.7.2	2.3.3	1.16.2	backfilled from stream3.log; ts = log mtime (not per-fit)
2026-08-12T07:02:30Z	run_ifra.py	ifra-cross-run	IFRA-wb-Age_64a_wb-CMYK->IFRA-wb-Sudz_100_wb-CMYK	gaussian_process	3.405								laptop-arm64		3.12.11	1.7.2	2.3.3	1.16.2	backfilled from stream3.log; ts = log mtime (not per-fit)
2026-08-12T07:02:30Z	run_ifra.py	ifra-cross-run	IFRA-wb-Age_64a_wb-CMYK->IFRA-wb-TagesA_147_2_wb-CMYK	gaussian_process	2.030								laptop-arm64		3.12.11	1.7.2	2.3.3	1.16.2	backfilled from stream3.log; ts = log mtime (not per-fit)
2026-08-12T07:02:30Z	run_ifra.py	ifra-cross-run	IFRA-wb-Age_64a_wb-CMYK->IFRA-wb-TagesA_147_wb-CMYK	gaussian_process	2.012								laptop-arm64		3.12.11	1.7.2	2.3.3	1.16.2	backfilled from stream3.log; ts = log mtime (not per-fit)
2026-08-12T07:02:30Z	run_ifra.py	ifra-cross-run	IFRA-wb-Age_64a_wb-CMYK->IFRA-wb-marca_133_wb-CMYK	gaussian_process	3.062								laptop-arm64		3.12.11	1.7.2	2.3.3	1.16.2	backfilled from stream3.log; ts = log mtime (not per-fit)
2026-08-12T07:02:30Z	run_ifra.py	ifra-cross-run	IFRA-wb-Arena_111_wb-CMYK->IFRA-wb-Age_64a_wb-CMYK	gaussian_process	4.413								laptop-arm64		3.12.11	1.7.2	2.3.3	1.16.2	backfilled from stream3.log; ts = log mtime (not per-fit)
2026-08-12T07:02:30Z	run_ifra.py	ifra-cross-run	IFRA-wb-Arena_111_wb-CMYK->IFRA-wb-Dnvk_131_wb-CMYK	gaussian_process	4.300								laptop-arm64		3.12.11	1.7.2	2.3.3	1.16.2	backfilled from stream3.log; ts = log mtime (not per-fit)
2026-08-12T07:02:30Z	run_ifra.py	ifra-cross-run	IFRA-wb-Arena_111_wb-CMYK->IFRA-wb-GratN_90_wb-CMYK	gaussian_process	2.767								laptop-arm64		3.12.11	1.7.2	2.3.3	1.16.2	backfilled from stream3.log; ts = log mtime (not per-fit)
2026-08-12T07:02:30Z	run_ifra.py	ifra-cross-run	IFRA-wb-Arena_111_wb-CMYK->IFRA-wb-Mbd_103a_wb-CMYK	gaussian_process	5.005								laptop-arm64		3.12.11	1.7.2	2.3.3	1.16.2	backfilled from stream3.log; ts = log mtime (not per-fit)
2026-08-12T07:02:30Z	run_ifra.py	ifra-cross-run	IFRA-wb-Arena_111_wb-CMYK->IFRA-wb-NordK_92a_wb-CMYK	gaussian_process	6.847								laptop-arm64		3.12.11	1.7.2	2.3.3	1.16.2	backfilled from stream3.log; ts = log mtime (not per-fit)
2026-08-12T07:02:30Z	run_ifra.py	ifra-cross-run	IFRA-wb-Arena_111_wb-CMYK->IFRA-wb-PressJ_158_wb-CMYK	gaussian_process	9.758								laptop-arm64		3.12.11	1.7.2	2.3.3	1.16.2	backfilled from stream3.log; ts = log mtime (not per-fit)
2026-08-12T07:02:30Z	run_ifra.py	ifra-cross-run	IFRA-wb-Arena_111_wb-CMYK->IFRA-wb-RZPOI_125_2_wb-CMYK	gaussian_process	5.492								laptop-arm64		3.12.11	1.7.2	2.3.3	1.16.2	backfilled from stream3.log; ts = log mtime (not per-fit)
2026-08-12T07:02:30Z	run_ifra.py	ifra-cross-run	IFRA-wb-Arena_111_wb-CMYK->IFRA-wb-SudK_99_2_wb-CMYK	gaussian_process	6.429								laptop-arm64		3.12.11	1.7.2	2.3.3	1.16.2	backfilled from stream3.log; ts = log mtime (not per-fit)
2026-08-12T07:02:30Z	run_ifra.py	ifra-cross-run	IFRA-wb-Arena_111_wb-CMYK->IFRA-wb-Sudz_100_wb-CMYK	gaussian_process	5.520								laptop-arm64		3.12.11	1.7.2	2.3.3	1.16.2	backfilled from stream3.log; ts = log mtime (not per-fit)
2026-08-12T07:02:30Z	run_ifra.py	ifra-cross-run	IFRA-wb-Arena_111_wb-CMYK->IFRA-wb-TagesA_147_2_wb-CMYK	gaussian_process	5.199								laptop-arm64		3.12.11	1.7.2	2.3.3	1.16.2	backfilled from stream3.log; ts = log mtime (not per-fit)
2026-08-12T07:02:30Z	run_ifra.py	ifra-cross-run	IFRA-wb-Arena_111_wb-CMYK->IFRA-wb-TagesA_147_wb-CMYK	gaussian_process	5.259								laptop-arm64		3.12.11	1.7.2	2.3.3	1.16.2	backfilled from stream3.log; ts = log mtime (not per-fit)
2026-08-12T07:02:30Z	run_ifra.py	ifra-cross-run	IFRA-wb-Arena_111_wb-CMYK->IFRA-wb-marca_133_wb-CMYK	gaussian_process	3.216								laptop-arm64		3.12.11	1.7.2	2.3.3	1.16.2	backfilled from stream3.log; ts = log mtime (not per-fit)
2026-08-12T07:02:30Z	run_ifra.py	ifra-cross-run	IFRA-wb-Dnvk_131_wb-CMYK->IFRA-wb-Age_64a_wb-CMYK	gaussian_process	1.568								laptop-arm64		3.12.11	1.7.2	2.3.3	1.16.2	backfilled from stream3.log; ts = log mtime (not per-fit)
2026-08-12T07:02:30Z	run_ifra.py	ifra-cross-run	IFRA-wb-Dnvk_131_wb-CMYK->IFRA-wb-Arena_111_wb-CMYK	gaussian_process	4.203								laptop-arm64		3.12.11	1.7.2	2.3.3	1.16.2	backfilled from stream3.log; ts = log mtime (not per-fit)
2026-08-12T07:02:30Z	run_ifra.py	ifra-cross-run	IFRA-wb-Dnvk_131_wb-CMYK->IFRA-wb-GratN_90_wb-CMYK	gaussian_process	5.404								laptop-arm64		3.12.11	1.7.2	2.3.3	1.16.2	backfilled from stream3.log; ts = log mtime (not per-fit)
2026-08-12T07:02:30Z	run_ifra.py	ifra-cross-run	IFRA-wb-Dnvk_131_wb-CMYK->IFRA-wb-Mbd_103a_wb-CMYK	gaussian_process	2.514								laptop-arm64		3.12.11	1.7.2	2.3.3	1.16.2	backfilled from stream3.log; ts = log mtime (not per-fit)
2026-08-12T07:02:30Z	run_ifra.py	ifra-cross-run	IFRA-wb-Dnvk_131_wb-CMYK->IFRA-wb-NordK_92a_wb-CMYK	gaussian_process	3.253								laptop-arm64		3.12.11	1.7.2	2.3.3	1.16.2	backfilled from stream3.log; ts = log mtime (not per-fit)
2026-08-12T07:02:30Z	run_ifra.py	ifra-cross-run	IFRA-wb-Dnvk_131_wb-CMYK->IFRA-wb-PressJ_158_wb-CMYK	gaussian_process	6.574								laptop-arm64		3.12.11	1.7.2	2.3.3	1.16.2	backfilled from stream3.log; ts = log mtime (not per-fit)
2026-08-12T07:02:30Z	run_ifra.py	ifra-cross-run	IFRA-wb-Dnvk_131_wb-CMYK->IFRA-wb-RZPOI_125_2_wb-CMYK	gaussian_process	3.874								laptop-arm64		3.12.11	1.7.2	2.3.3	1.16.2	backfilled from stream3.log; ts = log mtime (not per-fit)
2026-08-12T07:02:30Z	run_ifra.py	ifra-cross-run	IFRA-wb-Dnvk_131_wb-CMYK->IFRA-wb-SudK_99_2_wb-CMYK	gaussian_process	3.902								laptop-arm64		3.12.11	1.7.2	2.3.3	1.16.2	backfilled from stream3.log; ts = log mtime (not per-fit)
2026-08-12T07:02:30Z	run_ifra.py	ifra-cross-run	IFRA-wb-Dnvk_131_wb-CMYK->IFRA-wb-Sudz_100_wb-CMYK	gaussian_process	3.101								laptop-arm64		3.12.11	1.7.2	2.3.3	1.16.2	backfilled from stream3.log; ts = log mtime (not per-fit)
2026-08-12T07:02:30Z	run_ifra.py	ifra-cross-run	IFRA-wb-Dnvk_131_wb-CMYK->IFRA-wb-TagesA_147_2_wb-CMYK	gaussian_process	1.809								laptop-arm64		3.12.11	1.7.2	2.3.3	1.16.2	backfilled from stream3.log; ts = log mtime (not per-fit)
2026-08-12T07:02:30Z	run_ifra.py	ifra-cross-run	IFRA-wb-Dnvk_131_wb-CMYK->IFRA-wb-TagesA_147_wb-CMYK	gaussian_process	1.848								laptop-arm64		3.12.11	1.7.2	2.3.3	1.16.2	backfilled from stream3.log; ts = log mtime (not per-fit)
2026-08-12T07:02:30Z	run_ifra.py	ifra-cross-run	IFRA-wb-Dnvk_131_wb-CMYK->IFRA-wb-marca_133_wb-CMYK	gaussian_process	2.638								laptop-arm64		3.12.11	1.7.2	2.3.3	1.16.2	backfilled from stream3.log; ts = log mtime (not per-fit)
2026-08-12T07:02:30Z	run_ifra.py	ifra-cross-run	IFRA-wb-GratN_90_wb-CMYK->IFRA-wb-Age_64a_wb-CMYK	gaussian_process	5.382								laptop-arm64		3.12.11	1.7.2	2.3.3	1.16.2	backfilled from stream3.log; ts = log mtime (not per-fit)
2026-08-12T07:02:30Z	run_ifra.py	ifra-cross-run	IFRA-wb-GratN_90_wb-CMYK->IFRA-wb-Arena_111_wb-CMYK	gaussian_process	2.682								laptop-arm64		3.12.11	1.7.2	2.3.3	1.16.2	backfilled from stream3.log; ts = log mtime (not per-fit)
2026-08-12T07:02:30Z	run_ifra.py	ifra-cross-run	IFRA-wb-GratN_90_wb-CMYK->IFRA-wb-Dnvk_131_wb-CMYK	gaussian_process	5.436								laptop-arm64		3.12.11	1.7.2	2.3.3	1.16.2	backfilled from stream3.log; ts = log mtime (not per-fit)
2026-08-12T07:02:30Z	run_ifra.py	ifra-cross-run	IFRA-wb-GratN_90_wb-CMYK->IFRA-wb-Mbd_103a_wb-CMYK	gaussian_process	6.299								laptop-arm64		3.12.11	1.7.2	2.3.3	1.16.2	backfilled from stream3.log; ts = log mtime (not per-fit)
2026-08-12T07:02:30Z	run_ifra.py	ifra-cross-run	IFRA-wb-GratN_90_wb-CMYK->IFRA-wb-NordK_92a_wb-CMYK	gaussian_process	7.687								laptop-arm64		3.12.11	1.7.2	2.3.3	1.16.2	backfilled from stream3.log; ts = log mtime (not per-fit)
2026-08-12T07:02:30Z	run_ifra.py	ifra-cross-run	IFRA-wb-GratN_90_wb-CMYK->IFRA-wb-PressJ_158_wb-CMYK	gaussian_process	10.042								laptop-arm64		3.12.11	1.7.2	2.3.3	1.16.2	backfilled from stream3.log; ts = log mtime (not per-fit)
2026-08-12T07:02:30Z	run_ifra.py	ifra-cross-run	IFRA-wb-GratN_90_wb-CMYK->IFRA-wb-RZPOI_125_2_wb-CMYK	gaussian_process	5.300								laptop-arm64		3.12.11	1.7.2	2.3.3	1.16.2	backfilled from stream3.log; ts = log mtime (not per-fit)
2026-08-12T07:02:30Z	run_ifra.py	ifra-cross-run	IFRA-wb-GratN_90_wb-CMYK->IFRA-wb-SudK_99_2_wb-CMYK	gaussian_process	7.309								laptop-arm64		3.12.11	1.7.2	2.3.3	1.16.2	backfilled from stream3.log; ts = log mtime (not per-fit)
2026-08-12T07:02:30Z	run_ifra.py	ifra-cross-run	IFRA-wb-GratN_90_wb-CMYK->IFRA-wb-Sudz_100_wb-CMYK	gaussian_process	6.544								laptop-arm64		3.12.11	1.7.2	2.3.3	1.16.2	backfilled from stream3.log; ts = log mtime (not per-fit)
2026-08-12T07:02:30Z	run_ifra.py	ifra-cross-run	IFRA-wb-GratN_90_wb-CMYK->IFRA-wb-TagesA_147_2_wb-CMYK	gaussian_process	6.288								laptop-arm64		3.12.11	1.7.2	2.3.3	1.16.2	backfilled from stream3.log; ts = log mtime (not per-fit)
2026-08-12T07:02:30Z	run_ifra.py	ifra-cross-run	IFRA-wb-GratN_90_wb-CMYK->IFRA-wb-TagesA_147_wb-CMYK	gaussian_process	6.255								laptop-arm64		3.12.11	1.7.2	2.3.3	1.16.2	backfilled from stream3.log; ts = log mtime (not per-fit)
2026-08-12T07:02:30Z	run_ifra.py	ifra-cross-run	IFRA-wb-GratN_90_wb-CMYK->IFRA-wb-marca_133_wb-CMYK	gaussian_process	4.388								laptop-arm64		3.12.11	1.7.2	2.3.3	1.16.2	backfilled from stream3.log; ts = log mtime (not per-fit)
2026-08-12T07:02:30Z	run_ifra.py	ifra-cross-run	IFRA-wb-Mbd_103a_wb-CMYK->IFRA-wb-Age_64a_wb-CMYK	gaussian_process	2.618								laptop-arm64		3.12.11	1.7.2	2.3.3	1.16.2	backfilled from stream3.log; ts = log mtime (not per-fit)
2026-08-12T07:02:30Z	run_ifra.py	ifra-cross-run	IFRA-wb-Mbd_103a_wb-CMYK->IFRA-wb-Arena_111_wb-CMYK	gaussian_process	4.981								laptop-arm64		3.12.11	1.7.2	2.3.3	1.16.2	backfilled from stream3.log; ts = log mtime (not per-fit)
2026-08-12T07:02:30Z	run_ifra.py	ifra-cross-run	IFRA-wb-Mbd_103a_wb-CMYK->IFRA-wb-Dnvk_131_wb-CMYK	gaussian_process	2.648								laptop-arm64		3.12.11	1.7.2	2.3.3	1.16.2	backfilled from stream3.log; ts = log mtime (not per-fit)
2026-08-12T07:02:30Z	run_ifra.py	ifra-cross-run	IFRA-wb-Mbd_103a_wb-CMYK->IFRA-wb-GratN_90_wb-CMYK	gaussian_process	6.300								laptop-arm64		3.12.11	1.7.2	2.3.3	1.16.2	backfilled from stream3.log; ts = log mtime (not per-fit)
2026-08-12T07:02:30Z	run_ifra.py	ifra-cross-run	IFRA-wb-Mbd_103a_wb-CMYK->IFRA-wb-NordK_92a_wb-CMYK	gaussian_process	3.197								laptop-arm64		3.12.11	1.7.2	2.3.3	1.16.2	backfilled from stream3.log; ts = log mtime (not per-fit)
2026-08-12T07:02:30Z	run_ifra.py	ifra-cross-run	IFRA-wb-Mbd_103a_wb-CMYK->IFRA-wb-PressJ_158_wb-CMYK	gaussian_process	5.676								laptop-arm64		3.12.11	1.7.2	2.3.3	1.16.2	backfilled from stream3.log; ts = log mtime (not per-fit)
2026-08-12T07:02:30Z	run_ifra.py	ifra-cross-run	IFRA-wb-Mbd_103a_wb-CMYK->IFRA-wb-RZPOI_125_2_wb-CMYK	gaussian_process	3.365								laptop-arm64		3.12.11	1.7.2	2.3.3	1.16.2	backfilled from stream3.log; ts = log mtime (not per-fit)
2026-08-12T07:02:30Z	run_ifra.py	ifra-cross-run	IFRA-wb-Mbd_103a_wb-CMYK->IFRA-wb-SudK_99_2_wb-CMYK	gaussian_process	2.505								laptop-arm64		3.12.11	1.7.2	2.3.3	1.16.2	backfilled from stream3.log; ts = log mtime (not per-fit)
2026-08-12T07:02:30Z	run_ifra.py	ifra-cross-run	IFRA-wb-Mbd_103a_wb-CMYK->IFRA-wb-Sudz_100_wb-CMYK	gaussian_process	2.427								laptop-arm64		3.12.11	1.7.2	2.3.3	1.16.2	backfilled from stream3.log; ts = log mtime (not per-fit)
2026-08-12T07:02:30Z	run_ifra.py	ifra-cross-run	IFRA-wb-Mbd_103a_wb-CMYK->IFRA-wb-TagesA_147_2_wb-CMYK	gaussian_process	1.559								laptop-arm64		3.12.11	1.7.2	2.3.3	1.16.2	backfilled from stream3.log; ts = log mtime (not per-fit)
2026-08-12T07:02:30Z	run_ifra.py	ifra-cross-run	IFRA-wb-Mbd_103a_wb-CMYK->IFRA-wb-TagesA_147_wb-CMYK	gaussian_process	1.554								laptop-arm64		3.12.11	1.7.2	2.3.3	1.16.2	backfilled from stream3.log; ts = log mtime (not per-fit)
2026-08-12T07:02:30Z	run_ifra.py	ifra-cross-run	IFRA-wb-Mbd_103a_wb-CMYK->IFRA-wb-marca_133_wb-CMYK	gaussian_process	3.671								laptop-arm64		3.12.11	1.7.2	2.3.3	1.16.2	backfilled from stream3.log; ts = log mtime (not per-fit)
2026-08-12T07:02:30Z	run_ifra.py	ifra-cross-run	IFRA-wb-NordK_92a_wb-CMYK->IFRA-wb-Age_64a_wb-CMYK	gaussian_process	3.298								laptop-arm64		3.12.11	1.7.2	2.3.3	1.16.2	backfilled from stream3.log; ts = log mtime (not per-fit)
2026-08-12T07:02:30Z	run_ifra.py	ifra-cross-run	IFRA-wb-NordK_92a_wb-CMYK->IFRA-wb-Arena_111_wb-CMYK	gaussian_process	6.787								laptop-arm64		3.12.11	1.7.2	2.3.3	1.16.2	backfilled from stream3.log; ts = log mtime (not per-fit)
2026-08-12T07:02:30Z	run_ifra.py	ifra-cross-run	IFRA-wb-NordK_92a_wb-CMYK->IFRA-wb-Dnvk_131_wb-CMYK	gaussian_process	3.218								laptop-arm64		3.12.11	1.7.2	2.3.3	1.16.2	backfilled from stream3.log; ts = log mtime (not per-fit)
2026-08-12T07:02:30Z	run_ifra.py	ifra-cross-run	IFRA-wb-NordK_92a_wb-CMYK->IFRA-wb-GratN_90_wb-CMYK	gaussian_process	7.614								laptop-arm64		3.12.11	1.7.2	2.3.3	1.16.2	backfilled from stream3.log; ts = log mtime (not per-fit)
2026-08-12T07:02:30Z	run_ifra.py	ifra-cross-run	IFRA-wb-NordK_92a_wb-CMYK->IFRA-wb-Mbd_103a_wb-CMYK	gaussian_process	3.150								laptop-arm64		3.12.11	1.7.2	2.3.3	1.16.2	backfilled from stream3.log; ts = log mtime (not per-fit)
2026-08-12T07:02:30Z	run_ifra.py	ifra-cross-run	IFRA-wb-NordK_92a_wb-CMYK->IFRA-wb-PressJ_158_wb-CMYK	gaussian_process	5.543								laptop-arm64		3.12.11	1.7.2	2.3.3	1.16.2	backfilled from stream3.log; ts = log mtime (not per-fit)
2026-08-12T07:02:30Z	run_ifra.py	ifra-cross-run	IFRA-wb-NordK_92a_wb-CMYK->IFRA-wb-RZPOI_125_2_wb-CMYK	gaussian_process	4.183								laptop-arm64		3.12.11	1.7.2	2.3.3	1.16.2	backfilled from stream3.log; ts = log mtime (not per-fit)
2026-08-12T07:02:30Z	run_ifra.py	ifra-cross-run	IFRA-wb-NordK_92a_wb-CMYK->IFRA-wb-SudK_99_2_wb-CMYK	gaussian_process	3.619								laptop-arm64		3.12.11	1.7.2	2.3.3	1.16.2	backfilled from stream3.log; ts = log mtime (not per-fit)
2026-08-12T07:02:30Z	run_ifra.py	ifra-cross-run	IFRA-wb-NordK_92a_wb-CMYK->IFRA-wb-Sudz_100_wb-CMYK	gaussian_process	3.568								laptop-arm64		3.12.11	1.7.2	2.3.3	1.16.2	backfilled from stream3.log; ts = log mtime (not per-fit)
2026-08-12T07:02:30Z	run_ifra.py	ifra-cross-run	IFRA-wb-NordK_92a_wb-CMYK->IFRA-wb-TagesA_147_2_wb-CMYK	gaussian_process	2.731								laptop-arm64		3.12.11	1.7.2	2.3.3	1.16.2	backfilled from stream3.log; ts = log mtime (not per-fit)
2026-08-12T07:02:30Z	run_ifra.py	ifra-cross-run	IFRA-wb-NordK_92a_wb-CMYK->IFRA-wb-TagesA_147_wb-CMYK	gaussian_process	2.609								laptop-arm64		3.12.11	1.7.2	2.3.3	1.16.2	backfilled from stream3.log; ts = log mtime (not per-fit)
2026-08-12T07:02:30Z	run_ifra.py	ifra-cross-run	IFRA-wb-NordK_92a_wb-CMYK->IFRA-wb-marca_133_wb-CMYK	gaussian_process	4.934								laptop-arm64		3.12.11	1.7.2	2.3.3	1.16.2	backfilled from stream3.log; ts = log mtime (not per-fit)
2026-08-12T07:02:30Z	run_ifra.py	ifra-cross-run	IFRA-wb-PressJ_158_wb-CMYK->IFRA-wb-Age_64a_wb-CMYK	gaussian_process	6.672								laptop-arm64		3.12.11	1.7.2	2.3.3	1.16.2	backfilled from stream3.log; ts = log mtime (not per-fit)
2026-08-12T07:02:30Z	run_ifra.py	ifra-cross-run	IFRA-wb-PressJ_158_wb-CMYK->IFRA-wb-Arena_111_wb-CMYK	gaussian_process	9.549								laptop-arm64		3.12.11	1.7.2	2.3.3	1.16.2	backfilled from stream3.log; ts = log mtime (not per-fit)
2026-08-12T07:02:30Z	run_ifra.py	ifra-cross-run	IFRA-wb-PressJ_158_wb-CMYK->IFRA-wb-Dnvk_131_wb-CMYK	gaussian_process	6.366								laptop-arm64		3.12.11	1.7.2	2.3.3	1.16.2	backfilled from stream3.log; ts = log mtime (not per-fit)
2026-08-12T07:02:30Z	run_ifra.py	ifra-cross-run	IFRA-wb-PressJ_158_wb-CMYK->IFRA-wb-GratN_90_wb-CMYK	gaussian_process	9.979								laptop-arm64		3.12.11	1.7.2	2.3.3	1.16.2	backfilled from stream3.log; ts = log mtime (not per-fit)
2026-08-12T07:02:30Z	run_ifra.py	ifra-cross-run	IFRA-wb-PressJ_158_wb-CMYK->IFRA-wb-Mbd_103a_wb-CMYK	gaussian_process	5.377								laptop-arm64		3.12.11	1.7.2	2.3.3	1.16.2	backfilled from stream3.log; ts = log mtime (not per-fit)
2026-08-12T07:02:30Z	run_ifra.py	ifra-cross-run	IFRA-wb-PressJ_158_wb-CMYK->IFRA-wb-NordK_92a_wb-CMYK	gaussian_process	5.330								laptop-arm64		3.12.11	1.7.2	2.3.3	1.16.2	backfilled from stream3.log; ts = log mtime (not per-fit)
2026-08-12T07:02:30Z	run_ifra.py	ifra-cross-run	IFRA-wb-PressJ_158_wb-CMYK->IFRA-wb-RZPOI_125_2_wb-CMYK	gaussian_process	7.140								laptop-arm64		3.12.11	1.7.2	2.3.3	1.16.2	backfilled from stream3.log; ts = log mtime (not per-fit)
2026-08-12T07:02:30Z	run_ifra.py	ifra-cross-run	IFRA-wb-PressJ_158_wb-CMYK->IFRA-wb-SudK_99_2_wb-CMYK	gaussian_process	5.669								laptop-arm64		3.12.11	1.7.2	2.3.3	1.16.2	backfilled from stream3.log; ts = log mtime (not per-fit)
2026-08-12T07:02:30Z	run_ifra.py	ifra-cross-run	IFRA-wb-PressJ_158_wb-CMYK->IFRA-wb-Sudz_100_wb-CMYK	gaussian_process	5.478								laptop-arm64		3.12.11	1.7.2	2.3.3	1.16.2	backfilled from stream3.log; ts = log mtime (not per-fit)
2026-08-12T07:02:30Z	run_ifra.py	ifra-cross-run	IFRA-wb-PressJ_158_wb-CMYK->IFRA-wb-TagesA_147_2_wb-CMYK	gaussian_process	5.645								laptop-arm64		3.12.11	1.7.2	2.3.3	1.16.2	backfilled from stream3.log; ts = log mtime (not per-fit)
2026-08-12T07:02:30Z	run_ifra.py	ifra-cross-run	IFRA-wb-PressJ_158_wb-CMYK->IFRA-wb-TagesA_147_wb-CMYK	gaussian_process	5.634								laptop-arm64		3.12.11	1.7.2	2.3.3	1.16.2	backfilled from stream3.log; ts = log mtime (not per-fit)
2026-08-12T07:02:30Z	run_ifra.py	ifra-cross-run	IFRA-wb-PressJ_158_wb-CMYK->IFRA-wb-marca_133_wb-CMYK	gaussian_process	7.779								laptop-arm64		3.12.11	1.7.2	2.3.3	1.16.2	backfilled from stream3.log; ts = log mtime (not per-fit)
2026-08-12T07:02:30Z	run_ifra.py	ifra-cross-run	IFRA-wb-RZPOI_125_2_wb-CMYK->IFRA-wb-Age_64a_wb-CMYK	gaussian_process	3.813								laptop-arm64		3.12.11	1.7.2	2.3.3	1.16.2	backfilled from stream3.log; ts = log mtime (not per-fit)
2026-08-12T07:02:30Z	run_ifra.py	ifra-cross-run	IFRA-wb-RZPOI_125_2_wb-CMYK->IFRA-wb-Age_64a_wb-CMYK	gaussian_process	3.813								laptop-arm64		3.12.11	1.7.2	2.3.3	1.16.2	backfilled from stream3.log; ts = log mtime (not per-fit)
2026-08-12T07:02:30Z	run_ifra.py	ifra-cross-run	IFRA-wb-RZPOI_125_2_wb-CMYK->IFRA-wb-Arena_111_wb-CMYK	gaussian_process	5.389								laptop-arm64		3.12.11	1.7.2	2.3.3	1.16.2	backfilled from stream3.log; ts = log mtime (not per-fit)
2026-08-12T07:02:30Z	run_ifra.py	ifra-cross-run	IFRA-wb-RZPOI_125_2_wb-CMYK->IFRA-wb-Dnvk_131_wb-CMYK	gaussian_process	4.035								laptop-arm64		3.12.11	1.7.2	2.3.3	1.16.2	backfilled from stream3.log; ts = log mtime (not per-fit)
2026-08-12T07:02:30Z	run_ifra.py	ifra-cross-run	IFRA-wb-RZPOI_125_2_wb-CMYK->IFRA-wb-GratN_90_wb-CMYK	gaussian_process	5.377								laptop-arm64		3.12.11	1.7.2	2.3.3	1.16.2	backfilled from stream3.log; ts = log mtime (not per-fit)
2026-08-12T07:02:30Z	run_ifra.py	ifra-cross-run	IFRA-wb-RZPOI_125_2_wb-CMYK->IFRA-wb-Mbd_103a_wb-CMYK	gaussian_process	3.294								laptop-arm64		3.12.11	1.7.2	2.3.3	1.16.2	backfilled from stream3.log; ts = log mtime (not per-fit)
2026-08-12T07:02:30Z	run_ifra.py	ifra-cross-run	IFRA-wb-RZPOI_125_2_wb-CMYK->IFRA-wb-NordK_92a_wb-CMYK	gaussian_process	4.157								laptop-arm64		3.12.11	1.7.2	2.3.3	1.16.2	backfilled from stream3.log; ts = log mtime (not per-fit)
2026-08-12T07:02:30Z	run_ifra.py	ifra-cross-run	IFRA-wb-RZPOI_125_2_wb-CMYK->IFRA-wb-PressJ_158_wb-CMYK	gaussian_process	7.001								laptop-arm64		3.12.11	1.7.2	2.3.3	1.16.2	backfilled from stream3.log; ts = log mtime (not per-fit)
2026-08-12T07:02:30Z	run_ifra.py	ifra-cross-run	IFRA-wb-RZPOI_125_2_wb-CMYK->IFRA-wb-SudK_99_2_wb-CMYK	gaussian_process	4.122								laptop-arm64		3.12.11	1.7.2	2.3.3	1.16.2	backfilled from stream3.log; ts = log mtime (not per-fit)
2026-08-12T07:02:30Z	run_ifra.py	ifra-cross-run	IFRA-wb-RZPOI_125_2_wb-CMYK->IFRA-wb-Sudz_100_wb-CMYK	gaussian_process	3.301								laptop-arm64		3.12.11	1.7.2	2.3.3	1.16.2	backfilled from stream3.log; ts = log mtime (not per-fit)
2026-08-12T07:02:30Z	run_ifra.py	ifra-cross-run	IFRA-wb-RZPOI_125_2_wb-CMYK->IFRA-wb-TagesA_147_2_wb-CMYK	gaussian_process	3.477								laptop-arm64		3.12.11	1.7.2	2.3.3	1.16.2	backfilled from stream3.log; ts = log mtime (not per-fit)
2026-08-12T07:02:30Z	run_ifra.py	ifra-cross-run	IFRA-wb-RZPOI_125_2_wb-CMYK->IFRA-wb-TagesA_147_wb-CMYK	gaussian_process	3.439								laptop-arm64		3.12.11	1.7.2	2.3.3	1.16.2	backfilled from stream3.log; ts = log mtime (not per-fit)
2026-08-12T07:02:30Z	run_ifra.py	ifra-cross-run	IFRA-wb-RZPOI_125_2_wb-CMYK->IFRA-wb-marca_133_wb-CMYK	gaussian_process	5.102								laptop-arm64		3.12.11	1.7.2	2.3.3	1.16.2	backfilled from stream3.log; ts = log mtime (not per-fit)
2026-08-12T07:02:30Z	run_ifra.py	ifra-cross-run	IFRA-wb-SudK_99_2_wb-CMYK->IFRA-wb-Age_64a_wb-CMYK	gaussian_process	3.365								laptop-arm64		3.12.11	1.7.2	2.3.3	1.16.2	backfilled from stream3.log; ts = log mtime (not per-fit)
2026-08-12T07:02:30Z	run_ifra.py	ifra-cross-run	IFRA-wb-SudK_99_2_wb-CMYK->IFRA-wb-Arena_111_wb-CMYK	gaussian_process	6.383								laptop-arm64		3.12.11	1.7.2	2.3.3	1.16.2	backfilled from stream3.log; ts = log mtime (not per-fit)
2026-08-12T07:02:30Z	run_ifra.py	ifra-cross-run	IFRA-wb-SudK_99_2_wb-CMYK->IFRA-wb-Dnvk_131_wb-CMYK	gaussian_process	3.878								laptop-arm64		3.12.11	1.7.2	2.3.3	1.16.2	backfilled from stream3.log; ts = log mtime (not per-fit)
2026-08-12T07:02:30Z	run_ifra.py	ifra-cross-run	IFRA-wb-SudK_99_2_wb-CMYK->IFRA-wb-GratN_90_wb-CMYK	gaussian_process	7.414								laptop-arm64		3.12.11	1.7.2	2.3.3	1.16.2	backfilled from stream3.log; ts = log mtime (not per-fit)
2026-08-12T07:02:30Z	run_ifra.py	ifra-cross-run	IFRA-wb-SudK_99_2_wb-CMYK->IFRA-wb-Mbd_103a_wb-CMYK	gaussian_process	2.387								laptop-arm64		3.12.11	1.7.2	2.3.3	1.16.2	backfilled from stream3.log; ts = log mtime (not per-fit)
2026-08-12T07:02:30Z	run_ifra.py	ifra-cross-run	IFRA-wb-SudK_99_2_wb-CMYK->IFRA-wb-NordK_92a_wb-CMYK	gaussian_process	3.585								laptop-arm64		3.12.11	1.7.2	2.3.3	1.16.2	backfilled from stream3.log; ts = log mtime (not per-fit)
2026-08-12T07:02:30Z	run_ifra.py	ifra-cross-run	IFRA-wb-SudK_99_2_wb-CMYK->IFRA-wb-PressJ_158_wb-CMYK	gaussian_process	5.944								laptop-arm64		3.12.11	1.7.2	2.3.3	1.16.2	backfilled from stream3.log; ts = log mtime (not per-fit)
2026-08-12T07:02:30Z	run_ifra.py	ifra-cross-run	IFRA-wb-SudK_99_2_wb-CMYK->IFRA-wb-RZPOI_125_2_wb-CMYK	gaussian_process	4.048								laptop-arm64		3.12.11	1.7.2	2.3.3	1.16.2	backfilled from stream3.log; ts = log mtime (not per-fit)
2026-08-12T07:02:30Z	run_ifra.py	ifra-cross-run	IFRA-wb-SudK_99_2_wb-CMYK->IFRA-wb-Sudz_100_wb-CMYK	gaussian_process	3.124								laptop-arm64		3.12.11	1.7.2	2.3.3	1.16.2	backfilled from stream3.log; ts = log mtime (not per-fit)
2026-08-12T07:02:30Z	run_ifra.py	ifra-cross-run	IFRA-wb-SudK_99_2_wb-CMYK->IFRA-wb-TagesA_147_2_wb-CMYK	gaussian_process	2.609								laptop-arm64		3.12.11	1.7.2	2.3.3	1.16.2	backfilled from stream3.log; ts = log mtime (not per-fit)
2026-08-12T07:02:30Z	run_ifra.py	ifra-cross-run	IFRA-wb-SudK_99_2_wb-CMYK->IFRA-wb-TagesA_147_wb-CMYK	gaussian_process	2.669								laptop-arm64		3.12.11	1.7.2	2.3.3	1.16.2	backfilled from stream3.log; ts = log mtime (not per-fit)
2026-08-12T07:02:30Z	run_ifra.py	ifra-cross-run	IFRA-wb-SudK_99_2_wb-CMYK->IFRA-wb-marca_133_wb-CMYK	gaussian_process	5.088								laptop-arm64		3.12.11	1.7.2	2.3.3	1.16.2	backfilled from stream3.log; ts = log mtime (not per-fit)
2026-08-12T07:02:30Z	run_ifra.py	ifra-cross-run	IFRA-wb-Sudz_100_wb-CMYK->IFRA-wb-Age_64a_wb-CMYK	gaussian_process	3.355								laptop-arm64		3.12.11	1.7.2	2.3.3	1.16.2	backfilled from stream3.log; ts = log mtime (not per-fit)
2026-08-12T07:02:30Z	run_ifra.py	ifra-cross-run	IFRA-wb-Sudz_100_wb-CMYK->IFRA-wb-Arena_111_wb-CMYK	gaussian_process	5.274								laptop-arm64		3.12.11	1.7.2	2.3.3	1.16.2	backfilled from stream3.log; ts = log mtime (not per-fit)
2026-08-12T07:02:30Z	run_ifra.py	ifra-cross-run	IFRA-wb-Sudz_100_wb-CMYK->IFRA-wb-Dnvk_131_wb-CMYK	gaussian_process	3.081								laptop-arm64		3.12.11	1.7.2	2.3.3	1.16.2	backfilled from stream3.log; ts = log mtime (not per-fit)
2026-08-12T07:02:30Z	run_ifra.py	ifra-cross-run	IFRA-wb-Sudz_100_wb-CMYK->IFRA-wb-GratN_90_wb-CMYK	gaussian_process	6.220								laptop-arm64		3.12.11	1.7.2	2.3.3	1.16.2	backfilled from stream3.log; ts = log mtime (not per-fit)
2026-08-12T07:02:30Z	run_ifra.py	ifra-cross-run	IFRA-wb-Sudz_100_wb-CMYK->IFRA-wb-Mbd_103a_wb-CMYK	gaussian_process	2.542								laptop-arm64		3.12.11	1.7.2	2.3.3	1.16.2	backfilled from stream3.log; ts = log mtime (not per-fit)
2026-08-12T07:02:30Z	run_ifra.py	ifra-cross-run	IFRA-wb-Sudz_100_wb-CMYK->IFRA-wb-NordK_92a_wb-CMYK	gaussian_process	3.500								laptop-arm64		3.12.11	1.7.2	2.3.3	1.16.2	backfilled from stream3.log; ts = log mtime (not per-fit)
2026-08-12T07:02:30Z	run_ifra.py	ifra-cross-run	IFRA-wb-Sudz_100_wb-CMYK->IFRA-wb-PressJ_158_wb-CMYK	gaussian_process	5.745								laptop-arm64		3.12.11	1.7.2	2.3.3	1.16.2	backfilled from stream3.log; ts = log mtime (not per-fit)
2026-08-12T07:02:30Z	run_ifra.py	ifra-cross-run	IFRA-wb-Sudz_100_wb-CMYK->IFRA-wb-RZPOI_125_2_wb-CMYK	gaussian_process	3.062								laptop-arm64		3.12.11	1.7.2	2.3.3	1.16.2	backfilled from stream3.log; ts = log mtime (not per-fit)
2026-08-12T07:02:30Z	run_ifra.py	ifra-cross-run	IFRA-wb-Sudz_100_wb-CMYK->IFRA-wb-SudK_99_2_wb-CMYK	gaussian_process	3.452								laptop-arm64		3.12.11	1.7.2	2.3.3	1.16.2	backfilled from stream3.log; ts = log mtime (not per-fit)
2026-08-12T07:02:30Z	run_ifra.py	ifra-cross-run	IFRA-wb-Sudz_100_wb-CMYK->IFRA-wb-TagesA_147_2_wb-CMYK	gaussian_process	2.633								laptop-arm64		3.12.11	1.7.2	2.3.3	1.16.2	backfilled from stream3.log; ts = log mtime (not per-fit)
2026-08-12T07:02:30Z	run_ifra.py	ifra-cross-run	IFRA-wb-Sudz_100_wb-CMYK->IFRA-wb-TagesA_147_wb-CMYK	gaussian_process	2.502								laptop-arm64		3.12.11	1.7.2	2.3.3	1.16.2	backfilled from stream3.log; ts = log mtime (not per-fit)
2026-08-12T07:02:30Z	run_ifra.py	ifra-cross-run	IFRA-wb-Sudz_100_wb-CMYK->IFRA-wb-marca_133_wb-CMYK	gaussian_process	4.440								laptop-arm64		3.12.11	1.7.2	2.3.3	1.16.2	backfilled from stream3.log; ts = log mtime (not per-fit)
2026-08-12T07:02:30Z	run_ifra.py	ifra-cross-run	IFRA-wb-TagesA_147_2_wb-CMYK->IFRA-wb-Age_64a_wb-CMYK	gaussian_process	1.977								laptop-arm64		3.12.11	1.7.2	2.3.3	1.16.2	backfilled from stream3.log; ts = log mtime (not per-fit)
2026-08-12T07:02:30Z	run_ifra.py	ifra-cross-run	IFRA-wb-TagesA_147_2_wb-CMYK->IFRA-wb-Arena_111_wb-CMYK	gaussian_process	5.155								laptop-arm64		3.12.11	1.7.2	2.3.3	1.16.2	backfilled from stream3.log; ts = log mtime (not per-fit)
2026-08-12T07:02:30Z	run_ifra.py	ifra-cross-run	IFRA-wb-TagesA_147_2_wb-CMYK->IFRA-wb-Dnvk_131_wb-CMYK	gaussian_process	1.949								laptop-arm64		3.12.11	1.7.2	2.3.3	1.16.2	backfilled from stream3.log; ts = log mtime (not per-fit)
2026-08-12T07:02:30Z	run_ifra.py	ifra-cross-run	IFRA-wb-TagesA_147_2_wb-CMYK->IFRA-wb-GratN_90_wb-CMYK	gaussian_process	6.431								laptop-arm64		3.12.11	1.7.2	2.3.3	1.16.2	backfilled from stream3.log; ts = log mtime (not per-fit)
2026-08-12T07:02:30Z	run_ifra.py	ifra-cross-run	IFRA-wb-TagesA_147_2_wb-CMYK->IFRA-wb-Mbd_103a_wb-CMYK	gaussian_process	1.429								laptop-arm64		3.12.11	1.7.2	2.3.3	1.16.2	backfilled from stream3.log; ts = log mtime (not per-fit)
2026-08-12T07:02:30Z	run_ifra.py	ifra-cross-run	IFRA-wb-TagesA_147_2_wb-CMYK->IFRA-wb-NordK_92a_wb-CMYK	gaussian_process	2.822								laptop-arm64		3.12.11	1.7.2	2.3.3	1.16.2	backfilled from stream3.log; ts = log mtime (not per-fit)
2026-08-12T07:02:30Z	run_ifra.py	ifra-cross-run	IFRA-wb-TagesA_147_2_wb-CMYK->IFRA-wb-PressJ_158_wb-CMYK	gaussian_process	5.925								laptop-arm64		3.12.11	1.7.2	2.3.3	1.16.2	backfilled from stream3.log; ts = log mtime (not per-fit)
2026-08-12T07:02:30Z	run_ifra.py	ifra-cross-run	IFRA-wb-TagesA_147_2_wb-CMYK->IFRA-wb-RZPOI_125_2_wb-CMYK	gaussian_process	3.456								laptop-arm64		3.12.11	1.7.2	2.3.3	1.16.2	backfilled from stream3.log; ts = log mtime (not per-fit)
2026-08-12T07:02:30Z	run_ifra.py	ifra-cross-run	IFRA-wb-TagesA_147_2_wb-CMYK->IFRA-wb-SudK_99_2_wb-CMYK	gaussian_process	2.712								laptop-arm64		3.12.11	1.7.2	2.3.3	1.16.2	backfilled from stream3.log; ts = log mtime (not per-fit)
2026-08-12T07:02:30Z	run_ifra.py	ifra-cross-run	IFRA-wb-TagesA_147_2_wb-CMYK->IFRA-wb-Sudz_100_wb-CMYK	gaussian_process	2.465								laptop-arm64		3.12.11	1.7.2	2.3.3	1.16.2	backfilled from stream3.log; ts = log mtime (not per-fit)
2026-08-12T07:02:30Z	run_ifra.py	ifra-cross-run	IFRA-wb-TagesA_147_2_wb-CMYK->IFRA-wb-TagesA_147_wb-CMYK	gaussian_process	0.823								laptop-arm64		3.12.11	1.7.2	2.3.3	1.16.2	backfilled from stream3.log; ts = log mtime (not per-fit)
2026-08-12T07:02:30Z	run_ifra.py	ifra-cross-run	IFRA-wb-TagesA_147_2_wb-CMYK->IFRA-wb-marca_133_wb-CMYK	gaussian_process	3.390								laptop-arm64		3.12.11	1.7.2	2.3.3	1.16.2	backfilled from stream3.log; ts = log mtime (not per-fit)
2026-08-12T07:02:30Z	run_ifra.py	ifra-cross-run	IFRA-wb-TagesA_147_wb-CMYK->IFRA-wb-Age_64a_wb-CMYK	gaussian_process	1.970								laptop-arm64		3.12.11	1.7.2	2.3.3	1.16.2	backfilled from stream3.log; ts = log mtime (not per-fit)
2026-08-12T07:02:30Z	run_ifra.py	ifra-cross-run	IFRA-wb-TagesA_147_wb-CMYK->IFRA-wb-Arena_111_wb-CMYK	gaussian_process	5.208								laptop-arm64		3.12.11	1.7.2	2.3.3	1.16.2	backfilled from stream3.log; ts = log mtime (not per-fit)
2026-08-12T07:02:30Z	run_ifra.py	ifra-cross-run	IFRA-wb-TagesA_147_wb-CMYK->IFRA-wb-Dnvk_131_wb-CMYK	gaussian_process	1.949								laptop-arm64		3.12.11	1.7.2	2.3.3	1.16.2	backfilled from stream3.log; ts = log mtime (not per-fit)
2026-08-12T07:02:30Z	run_ifra.py	ifra-cross-run	IFRA-wb-TagesA_147_wb-CMYK->IFRA-wb-GratN_90_wb-CMYK	gaussian_process	6.384								laptop-arm64		3.12.11	1.7.2	2.3.3	1.16.2	backfilled from stream3.log; ts = log mtime (not per-fit)
2026-08-12T07:02:30Z	run_ifra.py	ifra-cross-run	IFRA-wb-TagesA_147_wb-CMYK->IFRA-wb-Mbd_103a_wb-CMYK	gaussian_process	1.458								laptop-arm64		3.12.11	1.7.2	2.3.3	1.16.2	backfilled from stream3.log; ts = log mtime (not per-fit)
2026-08-12T07:02:30Z	run_ifra.py	ifra-cross-run	IFRA-wb-TagesA_147_wb-CMYK->IFRA-wb-NordK_92a_wb-CMYK	gaussian_process	2.716								laptop-arm64		3.12.11	1.7.2	2.3.3	1.16.2	backfilled from stream3.log; ts = log mtime (not per-fit)
2026-08-12T07:02:30Z	run_ifra.py	ifra-cross-run	IFRA-wb-TagesA_147_wb-CMYK->IFRA-wb-PressJ_158_wb-CMYK	gaussian_process	5.849								laptop-arm64		3.12.11	1.7.2	2.3.3	1.16.2	backfilled from stream3.log; ts = log mtime (not per-fit)
2026-08-12T07:02:30Z	run_ifra.py	ifra-cross-run	IFRA-wb-TagesA_147_wb-CMYK->IFRA-wb-RZPOI_125_2_wb-CMYK	gaussian_process	3.335								laptop-arm64		3.12.11	1.7.2	2.3.3	1.16.2	backfilled from stream3.log; ts = log mtime (not per-fit)
2026-08-12T07:02:30Z	run_ifra.py	ifra-cross-run	IFRA-wb-TagesA_147_wb-CMYK->IFRA-wb-SudK_99_2_wb-CMYK	gaussian_process	2.734								laptop-arm64		3.12.11	1.7.2	2.3.3	1.16.2	backfilled from stream3.log; ts = log mtime (not per-fit)
2026-08-12T07:02:30Z	run_ifra.py	ifra-cross-run	IFRA-wb-TagesA_147_wb-CMYK->IFRA-wb-Sudz_100_wb-CMYK	gaussian_process	2.385								laptop-arm64		3.12.11	1.7.2	2.3.3	1.16.2	backfilled from stream3.log; ts = log mtime (not per-fit)
2026-08-12T07:02:30Z	run_ifra.py	ifra-cross-run	IFRA-wb-TagesA_147_wb-CMYK->IFRA-wb-TagesA_147_2_wb-CMYK	gaussian_process	0.841								laptop-arm64		3.12.11	1.7.2	2.3.3	1.16.2	backfilled from stream3.log; ts = log mtime (not per-fit)
2026-08-12T07:02:30Z	run_ifra.py	ifra-cross-run	IFRA-wb-TagesA_147_wb-CMYK->IFRA-wb-marca_133_wb-CMYK	gaussian_process	3.493								laptop-arm64		3.12.11	1.7.2	2.3.3	1.16.2	backfilled from stream3.log; ts = log mtime (not per-fit)
2026-08-12T07:02:30Z	run_ifra.py	ifra-cross-run	IFRA-wb-marca_133_wb-CMYK->IFRA-wb-Age_64a_wb-CMYK	gaussian_process	3.011								laptop-arm64		3.12.11	1.7.2	2.3.3	1.16.2	backfilled from stream3.log; ts = log mtime (not per-fit)
2026-08-12T07:02:30Z	run_ifra.py	ifra-cross-run	IFRA-wb-marca_133_wb-CMYK->IFRA-wb-Arena_111_wb-CMYK	gaussian_process	2.777								laptop-arm64		3.12.11	1.7.2	2.3.3	1.16.2	backfilled from stream3.log; ts = log mtime (not per-fit)
2026-08-12T07:02:30Z	run_ifra.py	ifra-cross-run	IFRA-wb-marca_133_wb-CMYK->IFRA-wb-Dnvk_131_wb-CMYK	gaussian_process	2.719								laptop-arm64		3.12.11	1.7.2	2.3.3	1.16.2	backfilled from stream3.log; ts = log mtime (not per-fit)
2026-08-12T07:02:30Z	run_ifra.py	ifra-cross-run	IFRA-wb-marca_133_wb-CMYK->IFRA-wb-GratN_90_wb-CMYK	gaussian_process	4.182								laptop-arm64		3.12.11	1.7.2	2.3.3	1.16.2	backfilled from stream3.log; ts = log mtime (not per-fit)
2026-08-12T07:02:30Z	run_ifra.py	ifra-cross-run	IFRA-wb-marca_133_wb-CMYK->IFRA-wb-Mbd_103a_wb-CMYK	gaussian_process	3.684								laptop-arm64		3.12.11	1.7.2	2.3.3	1.16.2	backfilled from stream3.log; ts = log mtime (not per-fit)
2026-08-12T07:02:30Z	run_ifra.py	ifra-cross-run	IFRA-wb-marca_133_wb-CMYK->IFRA-wb-NordK_92a_wb-CMYK	gaussian_process	5.191								laptop-arm64		3.12.11	1.7.2	2.3.3	1.16.2	backfilled from stream3.log; ts = log mtime (not per-fit)
2026-08-12T07:02:30Z	run_ifra.py	ifra-cross-run	IFRA-wb-marca_133_wb-CMYK->IFRA-wb-PressJ_158_wb-CMYK	gaussian_process	7.888								laptop-arm64		3.12.11	1.7.2	2.3.3	1.16.2	backfilled from stream3.log; ts = log mtime (not per-fit)
2026-08-12T07:02:30Z	run_ifra.py	ifra-cross-run	IFRA-wb-marca_133_wb-CMYK->IFRA-wb-RZPOI_125_2_wb-CMYK	gaussian_process	4.694								laptop-arm64		3.12.11	1.7.2	2.3.3	1.16.2	backfilled from stream3.log; ts = log mtime (not per-fit)
2026-08-12T07:02:30Z	run_ifra.py	ifra-cross-run	IFRA-wb-marca_133_wb-CMYK->IFRA-wb-SudK_99_2_wb-CMYK	gaussian_process	5.333								laptop-arm64		3.12.11	1.7.2	2.3.3	1.16.2	backfilled from stream3.log; ts = log mtime (not per-fit)
2026-08-12T07:02:30Z	run_ifra.py	ifra-cross-run	IFRA-wb-marca_133_wb-CMYK->IFRA-wb-Sudz_100_wb-CMYK	gaussian_process	4.248								laptop-arm64		3.12.11	1.7.2	2.3.3	1.16.2	backfilled from stream3.log; ts = log mtime (not per-fit)
2026-08-12T07:02:30Z	run_ifra.py	ifra-cross-run	IFRA-wb-marca_133_wb-CMYK->IFRA-wb-TagesA_147_2_wb-CMYK	gaussian_process	3.611								laptop-arm64		3.12.11	1.7.2	2.3.3	1.16.2	backfilled from stream3.log; ts = log mtime (not per-fit)
2026-08-12T07:02:30Z	run_ifra.py	ifra-cross-run	IFRA-wb-marca_133_wb-CMYK->IFRA-wb-TagesA_147_wb-CMYK	gaussian_process	3.684								laptop-arm64		3.12.11	1.7.2	2.3.3	1.16.2	backfilled from stream3.log; ts = log mtime (not per-fit)
2026-08-12T07:03:20Z	run.py	5fold-kfold	PC10-CMY	poly3	0.2787	0.9657	7.6947	0.415	818	0.0	5d3dc6e	dirty	dobby-sin-MacBook-Pro.local	Darwin-arm64	3.12.11	1.7.2	2.3.3	1.16.2	
2026-08-12T07:03:20Z	run.py	5fold-kfold	PC10-CMY	knn	2.012	4.2696	8.9177	2.1724	818	0.0	5d3dc6e	dirty	dobby-sin-MacBook-Pro.local	Darwin-arm64	3.12.11	1.7.2	2.3.3	1.16.2	
2026-08-12T20:35:16Z	run.py	5fold-kfold	PC10-CMY	poly3	0.2681	0.9819	6.7945	0.4067	795	0.0	403c7d5	clean	dobby-sin-MacBook-Pro.local	Darwin-arm64	3.12.11	1.7.2	2.3.3	1.16.2	
2026-08-12T20:35:16Z	run.py	5fold-kfold	PC10-CMY	ridge	6.545	24.6977	43.8539	8.9118	795	0.0	403c7d5	dirty	dobby-sin-MacBook-Pro.local	Darwin-arm64	3.12.11	1.7.2	2.3.3	1.16.2	
2026-08-12T20:35:16Z	run.py	5fold-kfold	PC10-CMY	lasso	6.4776	24.6964	44.0012	8.8545	795	0.0	403c7d5	dirty	dobby-sin-MacBook-Pro.local	Darwin-arm64	3.12.11	1.7.2	2.3.3	1.16.2	
2026-08-12T20:35:16Z	run.py	5fold-kfold	PC10-CMY	elastic	6.532	24.7767	43.9275	8.8833	795	0.0	403c7d5	dirty	dobby-sin-MacBook-Pro.local	Darwin-arm64	3.12.11	1.7.2	2.3.3	1.16.2	
2026-08-12T20:35:16Z	run.py	5fold-kfold	PC10-CMY	pcr	6.545	24.6977	43.8539	8.9118	795	0.0	403c7d5	dirty	dobby-sin-MacBook-Pro.local	Darwin-arm64	3.12.11	1.7.2	2.3.3	1.16.2	
2026-08-12T20:35:16Z	run.py	5fold-kfold	PC10-CMY	plsr	6.5197	24.7342	43.8546	8.929	795	0.0	403c7d5	dirty	dobby-sin-MacBook-Pro.local	Darwin-arm64	3.12.11	1.7.2	2.3.3	1.16.2	
2026-08-12T20:35:16Z	run.py	5fold-kfold	PC10-CMY	knn	1.998	4.2101	13.4659	2.194	795	0.0	403c7d5	dirty	dobby-sin-MacBook-Pro.local	Darwin-arm64	3.12.11	1.7.2	2.3.3	1.16.2	
2026-08-12T20:35:16Z	run.py	5fold-kfold	PC10-CMY	svm	0.7296	1.8345	7.4893	0.8799	795	0.1	403c7d5	dirty	dobby-sin-MacBook-Pro.local	Darwin-arm64	3.12.11	1.7.2	2.3.3	1.16.2	
2026-08-12T20:35:16Z	run.py	5fold-kfold	PC10-CMY	decision_tree	4.4096	9.723	16.067	4.8705	795	0.0	403c7d5	dirty	dobby-sin-MacBook-Pro.local	Darwin-arm64	3.12.11	1.7.2	2.3.3	1.16.2	
2026-08-12T20:35:16Z	run.py	5fold-kfold	PC10-CMY	random_forest	1.7312	4.0402	10.4456	1.9976	795	0.5	403c7d5	dirty	dobby-sin-MacBook-Pro.local	Darwin-arm64	3.12.11	1.7.2	2.3.3	1.16.2	
2026-08-12T20:35:17Z	run.py	5fold-kfold	PC10-CMY	gradient_boost	0.9008	3.0112	25.7673	1.2401	795	0.7	403c7d5	dirty	dobby-sin-MacBook-Pro.local	Darwin-arm64	3.12.11	1.7.2	2.3.3	1.16.2	
2026-08-12T20:35:17Z	run.py	5fold-kfold	PC10-CMY	mlp_shallow	1.2647	4.777	20.7867	1.734	795	0.2	403c7d5	dirty	dobby-sin-MacBook-Pro.local	Darwin-arm64	3.12.11	1.7.2	2.3.3	1.16.2	
2026-08-12T20:35:18Z	run.py	5fold-kfold	PC10-CMY	mlp_deep	1.1337	4.0723	15.6536	1.5191	795	0.6	403c7d5	dirty	dobby-sin-MacBook-Pro.local	Darwin-arm64	3.12.11	1.7.2	2.3.3	1.16.2	
2026-08-12T20:35:18Z	run.py	5fold-kfold	PC10-CMYK	poly3	0.9419	8.3102	33.9782	2.1838	1588	0.0	403c7d5	dirty	dobby-sin-MacBook-Pro.local	Darwin-arm64	3.12.11	1.7.2	2.3.3	1.16.2	
2026-08-12T20:35:18Z	run.py	5fold-kfold	PC10-CMYK	ridge	8.8755	24.4359	42.2824	10.8959	1588	0.0	403c7d5	dirty	dobby-sin-MacBook-Pro.local	Darwin-arm64	3.12.11	1.7.2	2.3.3	1.16.2	
2026-08-12T20:35:18Z	run.py	5fold-kfold	PC10-CMYK	lasso	8.8861	24.4795	42.5886	10.8452	1588	0.0	403c7d5	dirty	dobby-sin-MacBook-Pro.local	Darwin-arm64	3.12.11	1.7.2	2.3.3	1.16.2	
2026-08-12T20:35:18Z	run.py	5fold-kfold	PC10-CMYK	elastic	8.8761	24.373	42.4491	10.8702	1588	0.0	403c7d5	dirty	dobby-sin-MacBook-Pro.local	Darwin-arm64	3.12.11	1.7.2	2.3.3	1.16.2	
2026-08-12T20:35:18Z	run.py	5fold-kfold	PC10-CMYK	pcr	8.8755	24.4359	42.2824	10.8959	1588	0.0	403c7d5	dirty	dobby-sin-MacBook-Pro.local	Darwin-arm64	3.12.11	1.7.2	2.3.3	1.16.2	
2026-08-12T20:35:18Z	run.py	5fold-kfold	PC10-CMYK	plsr	8.8869	25.1133	42.276	10.8993	1588	0.0	403c7d5	dirty	dobby-sin-MacBook-Pro.local	Darwin-arm64	3.12.11	1.7.2	2.3.3	1.16.2	
2026-08-12T20:35:18Z	run.py	5fold-kfold	PC10-CMYK	knn	2.2288	5.8391	12.7977	2.6602	1588	0.0	403c7d5	dirty	dobby-sin-MacBook-Pro.local	Darwin-arm64	3.12.11	1.7.2	2.3.3	1.16.2	
2026-08-12T20:35:18Z	run.py	5fold-kfold	PC10-CMYK	svm	1.017	5.3874	23.175	1.6753	1588	0.2	403c7d5	dirty	dobby-sin-MacBook-Pro.local	Darwin-arm64	3.12.11	1.7.2	2.3.3	1.16.2	
2026-08-12T20:35:18Z	run.py	5fold-kfold	PC10-CMYK	decision_tree	4.6113	9.648	24.3449	5.0578	1588	0.0	403c7d5	dirty	dobby-sin-MacBook-Pro.local	Darwin-arm64	3.12.11	1.7.2	2.3.3	1.16.2	
2026-08-12T20:35:19Z	run.py	5fold-kfold	PC10-CMYK	random_forest	2.3757	4.9799	10.4994	2.5433	1588	0.9	403c7d5	dirty	dobby-sin-MacBook-Pro.local	Darwin-arm64	3.12.11	1.7.2	2.3.3	1.16.2	
2026-08-12T20:35:21Z	run.py	5fold-kfold	PC10-CMYK	gradient_boost	1.5411	6.9592	29.0194	2.3428	1588	1.2	403c7d5	dirty	dobby-sin-MacBook-Pro.local	Darwin-arm64	3.12.11	1.7.2	2.3.3	1.16.2	
2026-08-12T20:35:21Z	run.py	5fold-kfold	PC10-CMYK	mlp_shallow	2.0021	10.3849	29.8286	3.3342	1588	0.3	403c7d5	dirty	dobby-sin-MacBook-Pro.local	Darwin-arm64	3.12.11	1.7.2	2.3.3	1.16.2	
2026-08-12T20:35:22Z	run.py	5fold-kfold	PC10-CMYK	mlp_deep	1.7291	11.7999	48.6447	3.1654	1588	0.9	403c7d5	dirty	dobby-sin-MacBook-Pro.local	Darwin-arm64	3.12.11	1.7.2	2.3.3	1.16.2	
2026-08-12T20:35:22Z	run.py	5fold-kfold	PC11-CMY	poly3	0.2383	0.8547	7.8375	0.3613	795	0.0	403c7d5	dirty	dobby-sin-MacBook-Pro.local	Darwin-arm64	3.12.11	1.7.2	2.3.3	1.16.2	
2026-08-12T20:35:22Z	run.py	5fold-kfold	PC11-CMY	ridge	6.1479	23.7989	45.213	8.5075	795	0.0	403c7d5	dirty	dobby-sin-MacBook-Pro.local	Darwin-arm64	3.12.11	1.7.2	2.3.3	1.16.2	
2026-08-12T20:35:22Z	run.py	5fold-kfold	PC11-CMY	lasso	6.1506	23.6822	45.374	8.459	795	0.0	403c7d5	dirty	dobby-sin-MacBook-Pro.local	Darwin-arm64	3.12.11	1.7.2	2.3.3	1.16.2	
2026-08-12T20:35:22Z	run.py	5fold-kfold	PC11-CMY	elastic	6.1434	23.591	45.2938	8.4803	795	0.0	403c7d5	dirty	dobby-sin-MacBook-Pro.local	Darwin-arm64	3.12.11	1.7.2	2.3.3	1.16.2	
2026-08-12T20:35:22Z	run.py	5fold-kfold	PC11-CMY	pcr	6.1479	23.7989	45.213	8.5075	795	0.0	403c7d5	dirty	dobby-sin-MacBook-Pro.local	Darwin-arm64	3.12.11	1.7.2	2.3.3	1.16.2	
2026-08-12T20:35:22Z	run.py	5fold-kfold	PC11-CMY	plsr	6.1607	23.9388	45.2109	8.5203	795	0.0	403c7d5	dirty	dobby-sin-MacBook-Pro.local	Darwin-arm64	3.12.11	1.7.2	2.3.3	1.16.2	
2026-08-12T20:35:22Z	run.py	5fold-kfold	PC11-CMY	knn	1.9233	4.0871	15.3603	2.1245	795	0.0	403c7d5	dirty	dobby-sin-MacBook-Pro.local	Darwin-arm64	3.12.11	1.7.2	2.3.3	1.16.2	
2026-08-12T20:35:22Z	run.py	5fold-kfold	PC11-CMY	svm	0.6929	1.8312	5.466	0.8344	795	0.1	403c7d5	dirty	dobby-sin-MacBook-Pro.local	Darwin-arm64	3.12.11	1.7.2	2.3.3	1.16.2	
2026-08-12T20:35:22Z	run.py	5fold-kfold	PC11-CMY	decision_tree	4.3273	9.0401	15.7034	4.7123	795	0.0	403c7d5	dirty	dobby-sin-MacBook-Pro.local	Darwin-arm64	3.12.11	1.7.2	2.3.3	1.16.2	
2026-08-12T20:35:23Z	run.py	5fold-kfold	PC11-CMY	random_forest	1.7096	4.1807	10.4249	1.9785	795	0.5	403c7d5	dirty	dobby-sin-MacBook-Pro.local	Darwin-arm64	3.12.11	1.7.2	2.3.3	1.16.2	
2026-08-12T20:35:23Z	run.py	5fold-kfold	PC11-CMY	gradient_boost	0.8014	2.5995	11.4744	1.0559	795	0.7	403c7d5	dirty	dobby-sin-MacBook-Pro.local	Darwin-arm64	3.12.11	1.7.2	2.3.3	1.16.2	
2026-08-12T20:35:24Z	run.py	5fold-kfold	PC11-CMY	mlp_shallow	1.1366	4.0195	9.5114	1.536	795	0.2	403c7d5	dirty	dobby-sin-MacBook-Pro.local	Darwin-arm64	3.12.11	1.7.2	2.3.3	1.16.2	
2026-08-12T20:35:24Z	run.py	5fold-kfold	PC11-CMY	mlp_deep	1.1318	3.7674	22.8397	1.4726	795	0.6	403c7d5	dirty	dobby-sin-MacBook-Pro.local	Darwin-arm64	3.12.11	1.7.2	2.3.3	1.16.2	
2026-08-12T20:35:24Z	run.py	5fold-kfold	PC11-CMYK	poly3	0.8694	7.5005	33.0696	2.0094	1588	0.0	403c7d5	dirty	dobby-sin-MacBook-Pro.local	Darwin-arm64	3.12.11	1.7.2	2.3.3	1.16.2	
2026-08-12T20:35:24Z	run.py	5fold-kfold	PC11-CMYK	ridge	8.4427	23.3367	41.6398	10.3698	1588	0.0	403c7d5	dirty	dobby-sin-MacBook-Pro.local	Darwin-arm64	3.12.11	1.7.2	2.3.3	1.16.2	
2026-08-12T20:35:24Z	run.py	5fold-kfold	PC11-CMYK	lasso	8.394	23.6169	41.1952	10.3309	1588	0.0	403c7d5	dirty	dobby-sin-MacBook-Pro.local	Darwin-arm64	3.12.11	1.7.2	2.3.3	1.16.2	
2026-08-12T20:35:24Z	run.py	5fold-kfold	PC11-CMYK	elastic	8.4464	23.3641	41.8161	10.3471	1588	0.0	403c7d5	dirty	dobby-sin-MacBook-Pro.local	Darwin-arm64	3.12.11	1.7.2	2.3.3	1.16.2	
2026-08-12T20:35:24Z	run.py	5fold-kfold	PC11-CMYK	pcr	8.4427	23.3367	41.6398	10.3698	1588	0.0	403c7d5	dirty	dobby-sin-MacBook-Pro.local	Darwin-arm64	3.12.11	1.7.2	2.3.3	1.16.2	
2026-08-12T20:35:24Z	run.py	5fold-kfold	PC11-CMYK	plsr	8.4757	23.6473	41.5919	10.4277	1588	0.0	403c7d5	dirty	dobby-sin-MacBook-Pro.local	Darwin-arm64	3.12.11	1.7.2	2.3.3	1.16.2	
2026-08-12T20:35:24Z	run.py	5fold-kfold	PC11-CMYK	knn	2.1321	5.5853	11.0639	2.5052	1588	0.0	403c7d5	dirty	dobby-sin-MacBook-Pro.local	Darwin-arm64	3.12.11	1.7.2	2.3.3	1.16.2	
2026-08-12T20:35:25Z	run.py	5fold-kfold	PC11-CMYK	svm	0.9937	4.7312	19.7431	1.5231	1588	0.2	403c7d5	dirty	dobby-sin-MacBook-Pro.local	Darwin-arm64	3.12.11	1.7.2	2.3.3	1.16.2	
2026-08-12T20:35:25Z	run.py	5fold-kfold	PC11-CMYK	decision_tree	4.4129	9.0984	22.321	4.8172	1588	0.0	403c7d5	dirty	dobby-sin-MacBook-Pro.local	Darwin-arm64	3.12.11	1.7.2	2.3.3	1.16.2	
2026-08-12T20:35:26Z	run.py	5fold-kfold	PC11-CMYK	random_forest	2.3494	4.7914	12.5868	2.5041	1588	0.9	403c7d5	dirty	dobby-sin-MacBook-Pro.local	Darwin-arm64	3.12.11	1.7.2	2.3.3	1.16.2	
2026-08-12T20:35:27Z	run.py	5fold-kfold	PC11-CMYK	gradient_boost	1.4097	5.721	25.2104	2.0691	1588	1.2	403c7d5	dirty	dobby-sin-MacBook-Pro.local	Darwin-arm64	3.12.11	1.7.2	2.3.3	1.16.2	
2026-08-12T20:35:27Z	run.py	5fold-kfold	PC11-CMYK	mlp_shallow	1.8795	11.9214	27.5023	3.2212	1588	0.3	403c7d5	dirty	dobby-sin-MacBook-Pro.local	Darwin-arm64	3.12.11	1.7.2	2.3.3	1.16.2	
2026-08-12T20:35:28Z	run.py	5fold-kfold	PC11-CMYK	mlp_deep	1.6333	9.5164	29.1318	2.8664	1588	0.9	403c7d5	dirty	dobby-sin-MacBook-Pro.local	Darwin-arm64	3.12.11	1.7.2	2.3.3	1.16.2	
2026-08-12T20:35:28Z	run.py	5fold-kfold	FOGRA51-CMY	poly3	0.369	1.1351	8.251	0.4956	795	0.0	403c7d5	dirty	dobby-sin-MacBook-Pro.local	Darwin-arm64	3.12.11	1.7.2	2.3.3	1.16.2	
2026-08-12T20:35:28Z	run.py	5fold-kfold	FOGRA51-CMY	ridge	6.6578	25.1748	42.0646	9.0829	795	0.0	403c7d5	dirty	dobby-sin-MacBook-Pro.local	Darwin-arm64	3.12.11	1.7.2	2.3.3	1.16.2	
2026-08-12T20:35:28Z	run.py	5fold-kfold	FOGRA51-CMY	lasso	6.6415	25.2672	42.2219	9.0217	795	0.0	403c7d5	dirty	dobby-sin-MacBook-Pro.local	Darwin-arm64	3.12.11	1.7.2	2.3.3	1.16.2	
2026-08-12T20:35:28Z	run.py	5fold-kfold	FOGRA51-CMY	elastic	6.64	25.3115	42.1437	9.0485	795	0.0	403c7d5	dirty	dobby-sin-MacBook-Pro.local	Darwin-arm64	3.12.11	1.7.2	2.3.3	1.16.2	
2026-08-12T20:35:28Z	run.py	5fold-kfold	FOGRA51-CMY	pcr	6.6578	25.1748	42.0646	9.0829	795	0.0	403c7d5	dirty	dobby-sin-MacBook-Pro.local	Darwin-arm64	3.12.11	1.7.2	2.3.3	1.16.2	
2026-08-12T20:35:28Z	run.py	5fold-kfold	FOGRA51-CMY	plsr	6.6497	25.3054	42.0611	9.1038	795	0.0	403c7d5	dirty	dobby-sin-MacBook-Pro.local	Darwin-arm64	3.12.11	1.7.2	2.3.3	1.16.2	
2026-08-12T20:35:28Z	run.py	5fold-kfold	FOGRA51-CMY	knn	1.9052	4.1802	13.3537	2.1151	795	0.0	403c7d5	dirty	dobby-sin-MacBook-Pro.local	Darwin-arm64	3.12.11	1.7.2	2.3.3	1.16.2	
2026-08-12T20:35:28Z	run.py	5fold-kfold	FOGRA51-CMY	svm	0.7955	1.9127	6.1071	0.9126	795	0.1	403c7d5	dirty	dobby-sin-MacBook-Pro.local	Darwin-arm64	3.12.11	1.7.2	2.3.3	1.16.2	
2026-08-12T20:35:28Z	run.py	5fold-kfold	FOGRA51-CMY	decision_tree	4.4119	9.4255	18.4671	4.864	795	0.0	403c7d5	dirty	dobby-sin-MacBook-Pro.local	Darwin-arm64	3.12.11	1.7.2	2.3.3	1.16.2	
2026-08-12T20:35:29Z	run.py	5fold-kfold	FOGRA51-CMY	random_forest	1.8868	4.3155	10.9815	2.1136	795	0.5	403c7d5	dirty	dobby-sin-MacBook-Pro.local	Darwin-arm64	3.12.11	1.7.2	2.3.3	1.16.2	
2026-08-12T20:35:30Z	run.py	5fold-kfold	FOGRA51-CMY	gradient_boost	0.8343	3.4912	16.8205	1.246	795	0.7	403c7d5	dirty	dobby-sin-MacBook-Pro.local	Darwin-arm64	3.12.11	1.7.2	2.3.3	1.16.2	
2026-08-12T20:35:30Z	run.py	5fold-kfold	FOGRA51-CMY	mlp_shallow	1.3039	4.9344	20.6152	1.8825	795	0.2	403c7d5	dirty	dobby-sin-MacBook-Pro.local	Darwin-arm64	3.12.11	1.7.2	2.3.3	1.16.2	
2026-08-12T20:35:31Z	run.py	5fold-kfold	FOGRA51-CMY	mlp_deep	1.0827	4.2231	13.4473	1.5493	795	0.6	403c7d5	dirty	dobby-sin-MacBook-Pro.local	Darwin-arm64	3.12.11	1.7.2	2.3.3	1.16.2	
2026-08-12T20:35:31Z	run.py	5fold-kfold	FOGRA51-CMYK	poly3	0.8162	6.7325	29.2867	1.7797	1588	0.0	403c7d5	dirty	dobby-sin-MacBook-Pro.local	Darwin-arm64	3.12.11	1.7.2	2.3.3	1.16.2	
2026-08-12T20:35:31Z	run.py	5fold-kfold	FOGRA51-CMYK	ridge	8.7878	24.8222	40.6424	10.705	1588	0.0	403c7d5	dirty	dobby-sin-MacBook-Pro.local	Darwin-arm64	3.12.11	1.7.2	2.3.3	1.16.2	
2026-08-12T20:35:31Z	run.py	5fold-kfold	FOGRA51-CMYK	lasso	8.6993	25.2637	41.372	10.6766	1588	0.0	403c7d5	dirty	dobby-sin-MacBook-Pro.local	Darwin-arm64	3.12.11	1.7.2	2.3.3	1.16.2	
2026-08-12T20:35:31Z	run.py	5fold-kfold	FOGRA51-CMYK	elastic	8.78	25.0452	41.0556	10.6899	1588	0.0	403c7d5	dirty	dobby-sin-MacBook-Pro.local	Darwin-arm64	3.12.11	1.7.2	2.3.3	1.16.2	
2026-08-12T20:35:31Z	run.py	5fold-kfold	FOGRA51-CMYK	pcr	8.7878	24.8222	40.6424	10.705	1588	0.0	403c7d5	dirty	dobby-sin-MacBook-Pro.local	Darwin-arm64	3.12.11	1.7.2	2.3.3	1.16.2	
2026-08-12T20:35:31Z	run.py	5fold-kfold	FOGRA51-CMYK	plsr	8.5961	25.1758	42.1903	10.7511	1588	0.0	403c7d5	dirty	dobby-sin-MacBook-Pro.local	Darwin-arm64	3.12.11	1.7.2	2.3.3	1.16.2	
2026-08-12T20:35:31Z	run.py	5fold-kfold	FOGRA51-CMYK	knn	2.2161	5.999	22.2289	2.6692	1588	0.0	403c7d5	dirty	dobby-sin-MacBook-Pro.local	Darwin-arm64	3.12.11	1.7.2	2.3.3	1.16.2	
2026-08-12T20:35:31Z	run.py	5fold-kfold	FOGRA51-CMYK	svm	0.9962	4.8719	13.2462	1.5188	1588	0.2	403c7d5	dirty	dobby-sin-MacBook-Pro.local	Darwin-arm64	3.12.11	1.7.2	2.3.3	1.16.2	
2026-08-12T20:35:31Z	run.py	5fold-kfold	FOGRA51-CMYK	decision_tree	4.4932	10.0475	22.8866	5.1211	1588	0.0	403c7d5	dirty	dobby-sin-MacBook-Pro.local	Darwin-arm64	3.12.11	1.7.2	2.3.3	1.16.2	
2026-08-12T20:35:32Z	run.py	5fold-kfold	FOGRA51-CMYK	random_forest	2.6345	5.6303	10.5924	2.8701	1588	0.9	403c7d5	dirty	dobby-sin-MacBook-Pro.local	Darwin-arm64	3.12.11	1.7.2	2.3.3	1.16.2	
2026-08-12T20:35:33Z	run.py	5fold-kfold	FOGRA51-CMYK	gradient_boost	1.5084	6.5783	30.7423	2.2356	1588	1.3	403c7d5	dirty	dobby-sin-MacBook-Pro.local	Darwin-arm64	3.12.11	1.7.2	2.3.3	1.16.2	
2026-08-12T20:35:33Z	run.py	5fold-kfold	FOGRA51-CMYK	mlp_shallow	1.957	9.8497	29.3643	3.115	1588	0.3	403c7d5	dirty	dobby-sin-MacBook-Pro.local	Darwin-arm64	3.12.11	1.7.2	2.3.3	1.16.2	
2026-08-12T20:35:35Z	run.py	5fold-kfold	FOGRA51-CMYK	mlp_deep	1.6578	9.6751	37.0626	2.8555	1588	1.0	403c7d5	dirty	dobby-sin-MacBook-Pro.local	Darwin-arm64	3.12.11	1.7.2	2.3.3	1.16.2	
2026-08-12T20:36:29Z	run.py	5fold-kfold	PC10-CMY	gaussian_process	0.0465	0.1525	2.2739	0.0688	795	22.4	403c7d5	dirty	dobby-sin-MacBook-Pro.local	Darwin-arm64	3.12.11	1.7.2	2.3.3	1.16.2	
2026-08-12T20:36:33Z	run.py	5fold-kfold	PC10-CMY	poly3_de00_nm	0.2606	1.0194	5.7825	0.3955	795	4.0	403c7d5	dirty	dobby-sin-MacBook-Pro.local	Darwin-arm64	3.12.11	1.7.2	2.3.3	1.16.2	
2026-08-12T20:37:28Z	run.py	5fold-kfold	PC10-CMY	poly3_de00_powell	0.2609	0.8614	5.6993	0.3795	795	55.4	403c7d5	dirty	dobby-sin-MacBook-Pro.local	Darwin-arm64	3.12.11	1.7.2	2.3.3	1.16.2	
2026-08-12T20:39:14Z	run.py	5fold-kfold	PC10-CMYK	gaussian_process	0.0563	0.4709	7.2266	0.1547	1588	106.0	403c7d5	dirty	dobby-sin-MacBook-Pro.local	Darwin-arm64	3.12.11	1.7.2	2.3.3	1.16.2	
2026-08-12T20:39:19Z	run.py	5fold-kfold	PC10-CMYK	poly3_de00_nm	0.8939	6.8959	31.6386	1.9694	1588	5.2	403c7d5	dirty	dobby-sin-MacBook-Pro.local	Darwin-arm64	3.12.11	1.7.2	2.3.3	1.16.2	
2026-08-12T20:42:39Z	run.py	5fold-kfold	PC10-CMYK	poly3_de00_powell	0.8672	6.0752	32.6655	1.7586	1588	199.9	403c7d5	dirty	dobby-sin-MacBook-Pro.local	Darwin-arm64	3.12.11	1.7.2	2.3.3	1.16.2	
2026-08-12T20:43:04Z	run.py	5fold-kfold	PC11-CMY	gaussian_process	0.0461	0.1394	1.747	0.0643	795	24.1	403c7d5	dirty	dobby-sin-MacBook-Pro.local	Darwin-arm64	3.12.11	1.7.2	2.3.3	1.16.2	
2026-08-12T20:43:07Z	run.py	5fold-kfold	PC11-CMY	poly3_de00_nm	0.2313	0.8612	6.5635	0.3516	795	3.9	403c7d5	dirty	dobby-sin-MacBook-Pro.local	Darwin-arm64	3.12.11	1.7.2	2.3.3	1.16.2	
2026-08-12T20:44:13Z	run.py	5fold-kfold	PC11-CMY	poly3_de00_powell	0.2495	0.7196	5.391	0.338	795	65.1	403c7d5	dirty	dobby-sin-MacBook-Pro.local	Darwin-arm64	3.12.11	1.7.2	2.3.3	1.16.2	
2026-08-12T20:45:49Z	run.py	5fold-kfold	PC11-CMYK	gaussian_process	0.057	0.3826	7.684	0.1331	1588	96.1	403c7d5	dirty	dobby-sin-MacBook-Pro.local	Darwin-arm64	3.12.11	1.7.2	2.3.3	1.16.2	
2026-08-12T20:45:54Z	run.py	5fold-kfold	PC11-CMYK	poly3_de00_nm	0.8432	6.1271	31.084	1.798	1588	5.2	403c7d5	dirty	dobby-sin-MacBook-Pro.local	Darwin-arm64	3.12.11	1.7.2	2.3.3	1.16.2	
2026-08-12T20:49:38Z	run.py	5fold-kfold	PC11-CMYK	poly3_de00_powell	0.7892	5.9869	28.5686	1.5961	1588	224.4	403c7d5	dirty	dobby-sin-MacBook-Pro.local	Darwin-arm64	3.12.11	1.7.2	2.3.3	1.16.2	
2026-08-12T20:50:01Z	run.py	5fold-kfold	FOGRA51-CMY	gaussian_process	0.0574	0.182	0.6788	0.072	795	23.0	403c7d5	dirty	dobby-sin-MacBook-Pro.local	Darwin-arm64	3.12.11	1.7.2	2.3.3	1.16.2	
2026-08-12T20:50:05Z	run.py	5fold-kfold	FOGRA51-CMY	poly3_de00_nm	0.3597	1.156	6.1977	0.4888	795	3.9	403c7d5	dirty	dobby-sin-MacBook-Pro.local	Darwin-arm64	3.12.11	1.7.2	2.3.3	1.16.2	
2026-08-12T20:51:24Z	run.py	5fold-kfold	FOGRA51-CMY	poly3_de00_powell	0.372	1.041	4.018	0.4531	795	79.0	403c7d5	dirty	dobby-sin-MacBook-Pro.local	Darwin-arm64	3.12.11	1.7.2	2.3.3	1.16.2	
2026-08-12T20:53:01Z	run.py	5fold-kfold	FOGRA51-CMYK	gaussian_process	0.0686	0.2674	3.1526	0.1143	1588	97.1	403c7d5	dirty	dobby-sin-MacBook-Pro.local	Darwin-arm64	3.12.11	1.7.2	2.3.3	1.16.2	
2026-08-12T20:53:07Z	run.py	5fold-kfold	FOGRA51-CMYK	poly3_de00_nm	0.7681	6.1265	31.0217	1.6758	1588	5.2	403c7d5	dirty	dobby-sin-MacBook-Pro.local	Darwin-arm64	3.12.11	1.7.2	2.3.3	1.16.2	
2026-08-12T20:56:23Z	run.py	5fold-kfold	FOGRA51-CMYK	poly3_de00_powell	0.7852	5.4707	31.2342	1.5453	1588	196.8	403c7d5	dirty	dobby-sin-MacBook-Pro.local	Darwin-arm64	3.12.11	1.7.2	2.3.3	1.16.2	
2026-08-23T20:33:32Z	run.py	5fold-kfold	PC10-CMY	poly3	0.2681	0.9819	6.7945	0.4067	795	0.0	afd533a	dirty	dobby-sin-MacBook-Pro.local	Darwin-arm64	3.12.11	1.7.2	2.3.3	1.16.2	
2026-08-23T20:33:32Z	run.py	5fold-kfold	PC10-CMY	poly3_cbrt	0.1476	0.4536	2.0483	0.186	795	0.0	afd533a	dirty	dobby-sin-MacBook-Pro.local	Darwin-arm64	3.12.11	1.7.2	2.3.3	1.16.2	
2026-08-23T20:33:32Z	run.py	5fold-kfold	PC10-CMYK	poly3	0.9419	8.3102	33.9782	2.1838	1588	0.0	afd533a	dirty	dobby-sin-MacBook-Pro.local	Darwin-arm64	3.12.11	1.7.2	2.3.3	1.16.2	
2026-08-23T20:33:32Z	run.py	5fold-kfold	PC10-CMYK	poly3_cbrt	0.2188	0.7586	3.5064	0.2923	1588	0.0	afd533a	dirty	dobby-sin-MacBook-Pro.local	Darwin-arm64	3.12.11	1.7.2	2.3.3	1.16.2	
2026-08-23T20:33:32Z	run.py	5fold-kfold	PC11-CMY	poly3	0.2383	0.8547	7.8375	0.3613	795	0.0	afd533a	dirty	dobby-sin-MacBook-Pro.local	Darwin-arm64	3.12.11	1.7.2	2.3.3	1.16.2	
2026-08-23T20:33:32Z	run.py	5fold-kfold	PC11-CMY	poly3_cbrt	0.1402	0.341	1.6532	0.166	795	0.0	afd533a	dirty	dobby-sin-MacBook-Pro.local	Darwin-arm64	3.12.11	1.7.2	2.3.3	1.16.2	
2026-08-23T20:33:32Z	run.py	5fold-kfold	PC11-CMYK	poly3	0.8694	7.5005	33.0696	2.0094	1588	0.0	afd533a	dirty	dobby-sin-MacBook-Pro.local	Darwin-arm64	3.12.11	1.7.2	2.3.3	1.16.2	
2026-08-23T20:33:32Z	run.py	5fold-kfold	PC11-CMYK	poly3_cbrt	0.2164	0.7523	3.5112	0.2899	1588	0.0	afd533a	dirty	dobby-sin-MacBook-Pro.local	Darwin-arm64	3.12.11	1.7.2	2.3.3	1.16.2	
2026-08-23T20:33:32Z	run.py	5fold-kfold	FOGRA51-CMY	poly3	0.369	1.1351	8.251	0.4956	795	0.0	afd533a	dirty	dobby-sin-MacBook-Pro.local	Darwin-arm64	3.12.11	1.7.2	2.3.3	1.16.2	
2026-08-23T20:33:32Z	run.py	5fold-kfold	FOGRA51-CMY	poly3_cbrt	0.4317	0.9159	1.958	0.4676	795	0.0	afd533a	dirty	dobby-sin-MacBook-Pro.local	Darwin-arm64	3.12.11	1.7.2	2.3.3	1.16.2	
2026-08-23T20:33:32Z	run.py	5fold-kfold	FOGRA51-CMYK	poly3	0.8162	6.7325	29.2867	1.7797	1588	0.0	afd533a	dirty	dobby-sin-MacBook-Pro.local	Darwin-arm64	3.12.11	1.7.2	2.3.3	1.16.2	
2026-08-23T20:33:32Z	run.py	5fold-kfold	FOGRA51-CMYK	poly3_cbrt	0.4373	1.0965	5.7859	0.5247	1588	0.0	afd533a	dirty	dobby-sin-MacBook-Pro.local	Darwin-arm64	3.12.11	1.7.2	2.3.3	1.16.2	
2026-08-23T20:33:32Z	run.py	5fold-grouped	KCMYG-5	poly3	1.4574	7.9282	65.7422	2.5777	2214	0.0	afd533a	dirty	dobby-sin-MacBook-Pro.local	Darwin-arm64	3.12.11	1.7.2	2.3.3	1.16.2	
2026-08-23T20:33:32Z	run.py	5fold-grouped	KCMYG-5	poly3_cbrt	1.024	2.3893	29.2298	1.2022	2214	0.0	afd533a	dirty	dobby-sin-MacBook-Pro.local	Darwin-arm64	3.12.11	1.7.2	2.3.3	1.16.2	
2026-08-23T20:33:32Z	run.py	5fold-grouped	CMYKOGV-7	poly3	5.3859	25.1498	59.8331	8.1723	3302	0.0	afd533a	dirty	dobby-sin-MacBook-Pro.local	Darwin-arm64	3.12.11	1.7.2	2.3.3	1.16.2	
2026-08-23T20:33:32Z	run.py	5fold-grouped	CMYKOGV-7	poly3_cbrt	0.8304	2.9816	27.9785	1.1811	3302	0.0	afd533a	dirty	dobby-sin-MacBook-Pro.local	Darwin-arm64	3.12.11	1.7.2	2.3.3	1.16.2	
2026-08-23T20:33:32Z	run.py	5fold-grouped	CMYKOGB-7	poly3	3.332	24.8449	48.9742	6.7567	2000	0.0	afd533a	dirty	dobby-sin-MacBook-Pro.local	Darwin-arm64	3.12.11	1.7.2	2.3.3	1.16.2	
2026-08-23T20:33:32Z	run.py	5fold-grouped	CMYKOGB-7	poly3_cbrt	1.6112	7.0908	30.2738	2.3291	2000	0.0	afd533a	dirty	dobby-sin-MacBook-Pro.local	Darwin-arm64	3.12.11	1.7.2	2.3.3	1.16.2	
2026-08-23T20:56:53Z	run.py	5fold-kfold	PC10-CMY	poly4	0.1015	0.3397	2.3312	0.1379	795	0.0	a47b3b2	dirty	dobby-sin-MacBook-Pro.local	Darwin-arm64	3.12.11	1.7.2	2.3.3	1.16.2	
2026-08-23T20:56:53Z	run.py	5fold-kfold	PC10-CMY	poly4_cbrt	0.0847	0.2546	2.1707	0.1133	795	0.0	a47b3b2	dirty	dobby-sin-MacBook-Pro.local	Darwin-arm64	3.12.11	1.7.2	2.3.3	1.16.2	
2026-08-23T20:57:16Z	run.py	5fold-kfold	PC10-CMY	gaussian_process_cbrt	0.041	0.148	2.2703	0.0638	795	22.8	a47b3b2	dirty	dobby-sin-MacBook-Pro.local	Darwin-arm64	3.12.11	1.7.2	2.3.3	1.16.2	
2026-08-23T20:57:16Z	run.py	5fold-kfold	PC10-CMYK	poly4	0.2456	2.8107	25.3849	0.7476	1588	0.0	a47b3b2	dirty	dobby-sin-MacBook-Pro.local	Darwin-arm64	3.12.11	1.7.2	2.3.3	1.16.2	
2026-08-23T20:57:16Z	run.py	5fold-kfold	PC10-CMYK	poly4_cbrt	0.1115	0.3868	2.6246	0.1563	1588	0.0	a47b3b2	dirty	dobby-sin-MacBook-Pro.local	Darwin-arm64	3.12.11	1.7.2	2.3.3	1.16.2	
2026-08-23T20:58:53Z	run.py	5fold-kfold	PC10-CMYK	gaussian_process_cbrt	0.0503	0.2289	2.723	0.0829	1588	96.5	942291d	dirty	dobby-sin-MacBook-Pro.local	Darwin-arm64	3.12.11	1.7.2	2.3.3	1.16.2	
2026-08-23T20:58:53Z	run.py	5fold-kfold	PC11-CMY	poly4	0.0975	0.325	1.6804	0.1324	795	0.0	942291d	dirty	dobby-sin-MacBook-Pro.local	Darwin-arm64	3.12.11	1.7.2	2.3.3	1.16.2	
2026-08-23T20:58:53Z	run.py	5fold-kfold	PC11-CMY	poly4_cbrt	0.0837	0.226	1.7894	0.1017	795	0.0	942291d	dirty	dobby-sin-MacBook-Pro.local	Darwin-arm64	3.12.11	1.7.2	2.3.3	1.16.2	
2026-08-23T20:59:17Z	run.py	5fold-kfold	PC11-CMY	gaussian_process_cbrt	0.0428	0.1315	1.7492	0.0594	795	23.8	942291d	dirty	dobby-sin-MacBook-Pro.local	Darwin-arm64	3.12.11	1.7.2	2.3.3	1.16.2	
2026-08-23T20:59:17Z	run.py	5fold-kfold	PC11-CMYK	poly4	0.2275	2.4639	23.5353	0.6784	1588	0.0	942291d	dirty	dobby-sin-MacBook-Pro.local	Darwin-arm64	3.12.11	1.7.2	2.3.3	1.16.2	
2026-08-23T20:59:17Z	run.py	5fold-kfold	PC11-CMYK	poly4_cbrt	0.1124	0.3801	2.7089	0.1531	1588	0.0	942291d	dirty	dobby-sin-MacBook-Pro.local	Darwin-arm64	3.12.11	1.7.2	2.3.3	1.16.2	
2026-08-23T21:00:54Z	run.py	5fold-kfold	PC11-CMYK	gaussian_process_cbrt	0.0516	0.2158	1.7657	0.079	1588	97.5	942291d	dirty	dobby-sin-MacBook-Pro.local	Darwin-arm64	3.12.11	1.7.2	2.3.3	1.16.2	
2026-08-23T21:00:54Z	run.py	5fold-kfold	FOGRA51-CMY	poly4	0.1251	0.4103	1.8459	0.1656	795	0.0	942291d	dirty	dobby-sin-MacBook-Pro.local	Darwin-arm64	3.12.11	1.7.2	2.3.3	1.16.2	
2026-08-23T21:00:54Z	run.py	5fold-kfold	FOGRA51-CMY	poly4_cbrt	0.1558	0.3407	1.1675	0.1768	795	0.0	942291d	dirty	dobby-sin-MacBook-Pro.local	Darwin-arm64	3.12.11	1.7.2	2.3.3	1.16.2	
2026-08-23T21:01:17Z	run.py	5fold-kfold	FOGRA51-CMY	gaussian_process_cbrt	0.0532	0.165	0.4577	0.0682	795	23.1	942291d	dirty	dobby-sin-MacBook-Pro.local	Darwin-arm64	3.12.11	1.7.2	2.3.3	1.16.2	
2026-08-23T21:01:17Z	run.py	5fold-kfold	FOGRA51-CMYK	poly4	0.213	1.7718	19.6653	0.558	1588	0.0	942291d	dirty	dobby-sin-MacBook-Pro.local	Darwin-arm64	3.12.11	1.7.2	2.3.3	1.16.2	
2026-08-23T21:01:18Z	run.py	5fold-kfold	FOGRA51-CMYK	poly4_cbrt	0.1675	0.4838	3.6422	0.2186	1588	0.0	942291d	dirty	dobby-sin-MacBook-Pro.local	Darwin-arm64	3.12.11	1.7.2	2.3.3	1.16.2	
2026-08-23T21:02:57Z	run.py	5fold-kfold	FOGRA51-CMYK	gaussian_process_cbrt	0.0702	0.2128	1.4118	0.0912	1588	99.9	942291d	dirty	dobby-sin-MacBook-Pro.local	Darwin-arm64	3.12.11	1.7.2	2.3.3	1.16.2	
2026-08-23T21:02:57Z	run.py	5fold-grouped	KCMYG-5	poly4	1.0571	3.2888	55.8603	1.5669	2214	0.0	942291d	dirty	dobby-sin-MacBook-Pro.local	Darwin-arm64	3.12.11	1.7.2	2.3.3	1.16.2	
2026-08-23T21:02:58Z	run.py	5fold-grouped	KCMYG-5	poly4_cbrt	0.8534	2.1185	39.4884	1.0647	2214	0.0	942291d	dirty	dobby-sin-MacBook-Pro.local	Darwin-arm64	3.12.11	1.7.2	2.3.3	1.16.2	
2026-08-23T21:06:14Z	run.py	5fold-grouped	KCMYG-5	gaussian_process_cbrt	0.7637	2.0671	16.1717	0.9264	2214	196.3	942291d	dirty	dobby-sin-MacBook-Pro.local	Darwin-arm64	3.12.11	1.7.2	2.3.3	1.16.2	
2026-08-23T21:06:14Z	run.py	5fold-grouped	CMYKOGV-7	poly4	2.0797	13.8	57.9885	3.9338	3302	0.1	942291d	dirty	dobby-sin-MacBook-Pro.local	Darwin-arm64	3.12.11	1.7.2	2.3.3	1.16.2	
2026-08-23T21:06:14Z	run.py	5fold-grouped	CMYKOGV-7	poly4_cbrt	0.2722	1.1889	18.6118	0.4325	3302	0.1	942291d	dirty	dobby-sin-MacBook-Pro.local	Darwin-arm64	3.12.11	1.7.2	2.3.3	1.16.2	
2026-08-23T21:11:36Z	run.py	5fold-grouped	CMYKOGV-7	gaussian_process_cbrt	0.1597	0.6774	5.7127	0.2453	3302	321.4	942291d	dirty	dobby-sin-MacBook-Pro.local	Darwin-arm64	3.12.11	1.7.2	2.3.3	1.16.2	
2026-08-23T21:11:36Z	run.py	5fold-grouped	CMYKOGB-7	poly4	1.6984	19.6618	48.9738	4.5696	2000	0.1	942291d	dirty	dobby-sin-MacBook-Pro.local	Darwin-arm64	3.12.11	1.7.2	2.3.3	1.16.2	
2026-08-23T21:11:36Z	run.py	5fold-grouped	CMYKOGB-7	poly4_cbrt	1.1316	3.8434	24.0962	1.5532	2000	0.1	942291d	dirty	dobby-sin-MacBook-Pro.local	Darwin-arm64	3.12.11	1.7.2	2.3.3	1.16.2	
2026-08-23T21:15:14Z	run.py	5fold-grouped	CMYKOGB-7	gaussian_process_cbrt	0.9773	2.9961	14.2698	1.2572	2000	218.3	942291d	dirty	dobby-sin-MacBook-Pro.local	Darwin-arm64	3.12.11	1.7.2	2.3.3	1.16.2	
2026-09-26T15:58:32Z	revision_r1.py	5fold-kfold	PC10-CMY	poly3	0.2681	0.9819	6.7945	0.4067	795	0.0	c2bda05	dirty	dobby-sin-MacBook-Pro.local	Darwin-arm64	3.12.11	1.7.2	2.3.3	1.16.2	revision R1
2026-09-26T15:58:32Z	revision_r1.py	5fold-kfold	PC10-CMY	svm	0.7296	1.8345	7.4893	0.8799	795	0.1	c2bda05	dirty	dobby-sin-MacBook-Pro.local	Darwin-arm64	3.12.11	1.7.2	2.3.3	1.16.2	revision R1
2026-09-26T15:58:32Z	revision_r1.py	5fold-kfold	PC10-CMY	poly4_cbrt	0.0847	0.2546	2.1707	0.1133	795	0.0	c2bda05	dirty	dobby-sin-MacBook-Pro.local	Darwin-arm64	3.12.11	1.7.2	2.3.3	1.16.2	revision R1
2026-09-26T15:58:32Z	revision_r1.py	5fold-kfold	PC10-CMY	svm_cbrt	0.7033	1.496	3.0244	0.7767	795	0.0	c2bda05	dirty	dobby-sin-MacBook-Pro.local	Darwin-arm64	3.12.11	1.7.2	2.3.3	1.16.2	revision R1
2026-09-26T15:59:05Z	revision_r1.py	5fold-kfold	PC10-CMY	gaussian_process	0.0465	0.1525	2.2739	0.0688	795	25.3	c2bda05	dirty	dobby-sin-MacBook-Pro.local	Darwin-arm64	3.12.11	1.7.2	2.3.3	1.16.2	revision R1
2026-09-26T15:59:31Z	revision_r1.py	5fold-kfold	PC10-CMY	gaussian_process_cbrt	0.041	0.148	2.2703	0.0638	795	26.3	c2bda05	dirty	dobby-sin-MacBook-Pro.local	Darwin-arm64	3.12.11	1.7.2	2.3.3	1.16.2	revision R1
2026-09-26T16:02:06Z	revision_r1.py	optim-eqfev	PC10-CMY	poly3_de00_powell_r1	0.2609	0.8614	5.6993	0.3795	795	57.3	c2bda05	dirty	dobby-sin-MacBook-Pro.local	Darwin-arm64	3.12.11	1.7.2	2.3.3	1.16.2	revision R1-4
2026-09-26T16:02:06Z	revision_r1.py	optim-eqfev	PC10-CMY	poly3_de00_nm_eqfev	0.2689	0.8367	5.4277	0.3748	795	58.0	c2bda05	dirty	dobby-sin-MacBook-Pro.local	Darwin-arm64	3.12.11	1.7.2	2.3.3	1.16.2	revision R1-4
2026-09-26T16:23:10Z	revision_r1.py	5fold-grouped	KCMYG-5	gaussian_process	0.8668	2.2674	31.7381	1.123	2214	562.2	9bcf146	dirty	dobby-sin-MacBook-Pro.local	Darwin-arm64	3.12.11	1.7.2	2.3.3	1.16.2	revision R1
2026-09-26T16:26:28Z	revision_r1.py	optim-eqfev	KCMYG-5	poly3_de00_powell_r1	1.4053	5.2934	59.0346	2.1069	2214	1308.9	9bcf146	dirty	dobby-sin-MacBook-Pro.local	Darwin-arm64	3.12.11	1.7.2	2.3.3	1.16.2	revision R1-4
2026-09-26T16:26:28Z	revision_r1.py	optim-eqfev	KCMYG-5	poly3_de00_nm_eqfev	1.4324	5.9526	64.0448	2.2225	2214	1424.8	9bcf146	dirty	dobby-sin-MacBook-Pro.local	Darwin-arm64	3.12.11	1.7.2	2.3.3	1.16.2	revision R1-4
2026-09-26T16:27:23Z	revision_r1.py	5fold-grouped	KCMYG-5	gaussian_process_cbrt	0.7637	2.0671	16.1717	0.9264	2214	616.6	9bcf146	dirty	dobby-sin-MacBook-Pro.local	Darwin-arm64	3.12.11	1.7.2	2.3.3	1.16.2	revision R1
2026-09-26T16:37:34Z	revision_r1.py	5fold-kfold	PC10-CMY	knn_cbrt_tuned	1.8243	3.6951	10.2902	1.9575	795	0.3	9bcf146	dirty	dobby-sin-MacBook-Pro.local	Darwin-arm64	3.12.11	1.7.2	2.3.3	1.16.2	revision R1
2026-09-26T16:37:44Z	revision_r1.py	5fold-grouped	CMYKOGB-7	gaussian_process	1.2796	8.0658	44.3053	2.3949	2000	618.1	9bcf146	dirty	dobby-sin-MacBook-Pro.local	Darwin-arm64	3.12.11	1.7.2	2.3.3	1.16.2	revision R1
2026-09-26T16:38:49Z	revision_r1.py	5fold-grouped	KCMYG-5	mlp_deep_tuned	1.7793	9.1863	28.6038	2.8453	2214	61.3	596c024	dirty	dobby-sin-MacBook-Pro.local	Darwin-arm64	3.12.11	1.7.2	2.3.3	1.16.2	revision R1
2026-09-26T16:39:11Z	revision_r1.py	5fold-grouped	KCMYG-5	mlp_deep_cbrt_tuned	1.4602	3.7677	24.8092	1.7175	2214	65.0	596c024	dirty	dobby-sin-MacBook-Pro.local	Darwin-arm64	3.12.11	1.7.2	2.3.3	1.16.2	revision R1
2026-09-26T16:39:26Z	revision_r1.py	5fold-grouped	KCMYG-5	random_forest_cbrt_tuned	2.0005	5.3056	37.863	2.4112	2214	80.1	596c024	dirty	dobby-sin-MacBook-Pro.local	Darwin-arm64	3.12.11	1.7.2	2.3.3	1.16.2	revision R1
2026-09-26T16:39:27Z	revision_r1.py	5fold-grouped	KCMYG-5	knn_cbrt_tuned	1.6332	4.5109	41.1785	2.0568	2214	1.0	596c024	dirty	dobby-sin-MacBook-Pro.local	Darwin-arm64	3.12.11	1.7.2	2.3.3	1.16.2	revision R1
2026-09-26T16:39:47Z	revision_r1.py	5fold-grouped	CMYKOGV-7	gaussian_process	0.249	4.4966	49.7571	1.1703	3302	993.3	ac10fb8	dirty	dobby-sin-MacBook-Pro.local	Darwin-arm64	3.12.11	1.7.2	2.3.3	1.16.2	revision R1
2026-09-26T16:40:34Z	revision_r1.py	5fold-grouped	CMYKOGV-7	mlp_deep_cbrt_tuned	1.5584	5.0275	12.5963	1.9803	3302	78.5	ac10fb8	dirty	dobby-sin-MacBook-Pro.local	Darwin-arm64	3.12.11	1.7.2	2.3.3	1.16.2	revision R1
2026-09-26T16:40:50Z	revision_r1.py	5fold-grouped	CMYKOGV-7	gaussian_process_cbrt	0.1597	0.6774	5.7127	0.2453	3302	1023.8	ac10fb8	dirty	dobby-sin-MacBook-Pro.local	Darwin-arm64	3.12.11	1.7.2	2.3.3	1.16.2	revision R1
2026-09-26T16:41:05Z	revision_r1.py	5fold-grouped	CMYKOGV-7	mlp_deep_tuned	3.1779	14.84	42.7257	4.8276	3302	75.4	ac10fb8	dirty	dobby-sin-MacBook-Pro.local	Darwin-arm64	3.12.11	1.7.2	2.3.3	1.16.2	revision R1
2026-09-26T16:44:45Z	revision_r1.py	5fold-grouped	CMYKOGB-7	gaussian_process_cbrt	0.9773	2.9961	14.2698	1.2572	2000	609.2	ac10fb8	dirty	dobby-sin-MacBook-Pro.local	Darwin-arm64	3.12.11	1.7.2	2.3.3	1.16.2	revision R1
2026-09-26T16:45:47Z	revision_r1.py	5fold-grouped	CMYKOGV-7	gradient_boost_cbrt_tuned	1.214	5.1152	27.5197	1.7895	3302	375.8	ac10fb8	dirty	dobby-sin-MacBook-Pro.local	Darwin-arm64	3.12.11	1.7.2	2.3.3	1.16.2	revision R1
2026-09-26T16:45:54Z	revision_r1.py	5fold-grouped	CMYKOGB-7	mlp_deep_tuned	2.3032	18.4855	39.1566	4.6554	2000	65.9	ac10fb8	dirty	dobby-sin-MacBook-Pro.local	Darwin-arm64	3.12.11	1.7.2	2.3.3	1.16.2	revision R1
2026-09-26T16:46:43Z	revision_r1.py	5fold-grouped	CMYKOGV-7	random_forest_cbrt_tuned	2.631	6.3643	11.6055	3.0057	3302	52.7	ac10fb8	dirty	dobby-sin-MacBook-Pro.local	Darwin-arm64	3.12.11	1.7.2	2.3.3	1.16.2	revision R1
2026-09-26T16:46:46Z	revision_r1.py	5fold-grouped	CMYKOGV-7	knn_cbrt_tuned	3.135	8.4188	28.6887	3.6087	3302	1.9	ac10fb8	dirty	dobby-sin-MacBook-Pro.local	Darwin-arm64	3.12.11	1.7.2	2.3.3	1.16.2	revision R1
2026-09-26T16:46:54Z	revision_r1.py	5fold-grouped	CMYKOGV-7	gradient_boost_tuned	1.77	7.6894	27.2669	2.5951	3302	360.6	ac10fb8	dirty	dobby-sin-MacBook-Pro.local	Darwin-arm64	3.12.11	1.7.2	2.3.3	1.16.2	revision R1
2026-09-26T16:47:47Z	revision_r1.py	5fold-grouped	CMYKOGB-7	mlp_deep_cbrt_tuned	1.8123	5.7434	21.4166	2.3112	2000	58.2	ac10fb8	dirty	dobby-sin-MacBook-Pro.local	Darwin-arm64	3.12.11	1.7.2	2.3.3	1.16.2	revision R1
2026-09-26T16:48:56Z	revision_r1.py	5fold-grouped	KCMYG-5	gradient_boost_cbrt_tuned	2.3519	7.8153	32.5459	3.0417	2214	650.0	ac10fb8	dirty	dobby-sin-MacBook-Pro.local	Darwin-arm64	3.12.11	1.7.2	2.3.3	1.16.2	revision R1
2026-09-26T16:49:23Z	revision_r1.py	5fold-grouped	KCMYG-5	gradient_boost_tuned	2.5572	9.6554	32.5124	3.4496	2214	629.9	ac10fb8	dirty	dobby-sin-MacBook-Pro.local	Darwin-arm64	3.12.11	1.7.2	2.3.3	1.16.2	revision R1
2026-09-26T16:51:45Z	revision_r1.py	ifra-loo	held=IFRA-wb-Arena_111_wb-CMYK	gaussian_process	4.4099	8.771	12.8017	4.6347	1485	139.4	ac10fb8	dirty	dobby-sin-MacBook-Pro.local	Darwin-arm64	3.12.11	1.7.2	2.3.3	1.16.2	revision R1
2026-09-26T16:52:05Z	revision_r1.py	ifra-loo	held=IFRA-wb-Age_64a_wb-CMYK	gaussian_process	2.1687	4.188	7.1564	2.3483	1485	159.4	ac10fb8	dirty	dobby-sin-MacBook-Pro.local	Darwin-arm64	3.12.11	1.7.2	2.3.3	1.16.2	revision R1
2026-09-26T16:52:35Z	revision_r1.py	ifra-loo	held=IFRA-wb-Arena_111_wb-CMYK	svm	4.7323	8.5499	12.3021	4.8588	1485	49.7	ac10fb8	dirty	dobby-sin-MacBook-Pro.local	Darwin-arm64	3.12.11	1.7.2	2.3.3	1.16.2	revision R1
2026-09-26T16:52:39Z	revision_r1.py	ifra-loo	held=IFRA-wb-Arena_111_wb-CMYK	mlp_deep	4.467	8.7399	13.9004	4.749	1485	4.1	ac10fb8	dirty	dobby-sin-MacBook-Pro.local	Darwin-arm64	3.12.11	1.7.2	2.3.3	1.16.2	revision R1
2026-09-26T16:52:39Z	revision_r1.py	ifra-loo	held=IFRA-wb-Arena_111_wb-CMYK	poly3	4.4591	9.6557	24.9979	4.9045	1485	0.0	ac10fb8	dirty	dobby-sin-MacBook-Pro.local	Darwin-arm64	3.12.11	1.7.2	2.3.3	1.16.2	revision R1
2026-09-26T16:52:42Z	revision_r1.py	ifra-loo	held=IFRA-wb-Arena_111_wb-CMYK	svm_sub2000	4.9344	9.0186	16.9848	5.0444	1485	2.3	ac10fb8	dirty	dobby-sin-MacBook-Pro.local	Darwin-arm64	3.12.11	1.7.2	2.3.3	1.16.2	revision R1
2026-09-26T16:52:42Z	revision_r1.py	ifra-loo	held=IFRA-wb-Arena_111_wb-CMYK	mlp_deep_sub2000	4.7852	9.3942	16.4856	5.0402	1485	0.4	ac10fb8	dirty	dobby-sin-MacBook-Pro.local	Darwin-arm64	3.12.11	1.7.2	2.3.3	1.16.2	revision R1
2026-09-26T16:52:42Z	revision_r1.py	ifra-loo	held=IFRA-wb-Arena_111_wb-CMYK	poly3_sub2000	4.5619	9.7789	29.998	4.9537	1485	0.0	ac10fb8	dirty	dobby-sin-MacBook-Pro.local	Darwin-arm64	3.12.11	1.7.2	2.3.3	1.16.2	revision R1
2026-09-26T16:52:52Z	revision_r1.py	ifra-loo	held=IFRA-wb-Age_64a_wb-CMYK	svm	2.0922	4.0606	7.8215	2.222	1485	47.1	ac10fb8	dirty	dobby-sin-MacBook-Pro.local	Darwin-arm64	3.12.11	1.7.2	2.3.3	1.16.2	revision R1
2026-09-26T16:52:54Z	revision_r1.py	ifra-loo	held=IFRA-wb-Age_64a_wb-CMYK	mlp_deep	2.6068	7.0796	15.6819	3.0991	1485	2.2	ac10fb8	dirty	dobby-sin-MacBook-Pro.local	Darwin-arm64	3.12.11	1.7.2	2.3.3	1.16.2	revision R1
2026-09-26T16:52:54Z	revision_r1.py	ifra-loo	held=IFRA-wb-Age_64a_wb-CMYK	poly3	2.2514	5.3176	26.7902	2.6727	1485	0.0	ac10fb8	dirty	dobby-sin-MacBook-Pro.local	Darwin-arm64	3.12.11	1.7.2	2.3.3	1.16.2	revision R1
2026-09-26T16:52:57Z	revision_r1.py	ifra-loo	held=IFRA-wb-Age_64a_wb-CMYK	svm_sub2000	2.3277	5.1751	10.3045	2.5333	1485	2.1	ac10fb8	dirty	dobby-sin-MacBook-Pro.local	Darwin-arm64	3.12.11	1.7.2	2.3.3	1.16.2	revision R1
2026-09-26T16:52:58Z	revision_r1.py	ifra-loo	held=IFRA-wb-Age_64a_wb-CMYK	mlp_deep_sub2000	2.4665	5.2951	11.6466	2.7149	1485	0.6	ac10fb8	dirty	dobby-sin-MacBook-Pro.local	Darwin-arm64	3.12.11	1.7.2	2.3.3	1.16.2	revision R1
2026-09-26T16:52:58Z	revision_r1.py	ifra-loo	held=IFRA-wb-Age_64a_wb-CMYK	poly3_sub2000	2.3586	5.4886	33.0443	2.7667	1485	0.0	ac10fb8	dirty	dobby-sin-MacBook-Pro.local	Darwin-arm64	3.12.11	1.7.2	2.3.3	1.16.2	revision R1
2026-09-26T16:54:16Z	revision_r1.py	5fold-grouped	CMYKOGB-7	gradient_boost_tuned	2.944	12.0817	37.3149	4.1579	2000	499.5	ac10fb8	dirty	dobby-sin-MacBook-Pro.local	Darwin-arm64	3.12.11	1.7.2	2.3.3	1.16.2	revision R1
2026-09-26T16:55:12Z	revision_r1.py	ifra-loo	held=IFRA-wb-Dnvk_131_wb-CMYK	gaussian_process	2.0063	4.5497	8.5355	2.2178	1485	146.4	ac10fb8	dirty	dobby-sin-MacBook-Pro.local	Darwin-arm64	3.12.11	1.7.2	2.3.3	1.16.2	revision R1
2026-09-26T16:55:59Z	revision_r1.py	ifra-loo	held=IFRA-wb-GratN_90_wb-CMYK	gaussian_process	5.72	8.8368	11.0557	5.4836	1485	177.8	ac10fb8	dirty	dobby-sin-MacBook-Pro.local	Darwin-arm64	3.12.11	1.7.2	2.3.3	1.16.2	revision R1
2026-09-26T16:56:01Z	revision_r1.py	ifra-loo	held=IFRA-wb-Dnvk_131_wb-CMYK	svm	2.1469	4.0056	8.4272	2.2347	1485	49.2	ac10fb8	dirty	dobby-sin-MacBook-Pro.local	Darwin-arm64	3.12.11	1.7.2	2.3.3	1.16.2	revision R1
2026-09-26T16:56:05Z	revision_r1.py	ifra-loo	held=IFRA-wb-Dnvk_131_wb-CMYK	mlp_deep	2.3726	5.4871	9.9483	2.6446	1485	3.5	ac10fb8	dirty	dobby-sin-MacBook-Pro.local	Darwin-arm64	3.12.11	1.7.2	2.3.3	1.16.2	revision R1
2026-09-26T16:56:05Z	revision_r1.py	ifra-loo	held=IFRA-wb-Dnvk_131_wb-CMYK	poly3	2.1694	5.6951	24.8013	2.5928	1485	0.0	ac10fb8	dirty	dobby-sin-MacBook-Pro.local	Darwin-arm64	3.12.11	1.7.2	2.3.3	1.16.2	revision R1
2026-09-26T16:56:07Z	revision_r1.py	ifra-loo	held=IFRA-wb-Dnvk_131_wb-CMYK	svm_sub2000	2.2499	5.1276	11.9284	2.5243	1485	2.0	ac10fb8	dirty	dobby-sin-MacBook-Pro.local	Darwin-arm64	3.12.11	1.7.2	2.3.3	1.16.2	revision R1
2026-09-26T16:56:08Z	revision_r1.py	ifra-loo	held=IFRA-wb-Dnvk_131_wb-CMYK	mlp_deep_sub2000	2.2889	5.7235	13.9086	2.6536	1485	1.0	ac10fb8	dirty	dobby-sin-MacBook-Pro.local	Darwin-arm64	3.12.11	1.7.2	2.3.3	1.16.2	revision R1
2026-09-26T16:56:09Z	revision_r1.py	ifra-loo	held=IFRA-wb-Dnvk_131_wb-CMYK	poly3_sub2000	2.1682	5.8166	30.022	2.6306	1485	0.0	ac10fb8	dirty	dobby-sin-MacBook-Pro.local	Darwin-arm64	3.12.11	1.7.2	2.3.3	1.16.2	revision R1
2026-09-26T16:56:25Z	revision_r1.py	5fold-grouped	CMYKOGB-7	gradient_boost_cbrt_tuned	2.4327	8.3769	33.6036	3.2391	2000	515.4	ac10fb8	dirty	dobby-sin-MacBook-Pro.local	Darwin-arm64	3.12.11	1.7.2	2.3.3	1.16.2	revision R1
2026-09-26T16:56:50Z	revision_r1.py	ifra-loo	held=IFRA-wb-GratN_90_wb-CMYK	svm	5.9022	8.8442	11.4619	5.6372	1485	51.5	ac10fb8	dirty	dobby-sin-MacBook-Pro.local	Darwin-arm64	3.12.11	1.7.2	2.3.3	1.16.2	revision R1
2026-09-26T16:56:54Z	revision_r1.py	ifra-loo	held=IFRA-wb-GratN_90_wb-CMYK	mlp_deep	6.1484	9.2648	15.727	5.922	1485	3.3	ac10fb8	dirty	dobby-sin-MacBook-Pro.local	Darwin-arm64	3.12.11	1.7.2	2.3.3	1.16.2	revision R1
2026-09-26T16:56:54Z	revision_r1.py	ifra-loo	held=IFRA-wb-GratN_90_wb-CMYK	poly3	5.9124	9.0968	25.6671	5.7929	1485	0.0	ac10fb8	dirty	dobby-sin-MacBook-Pro.local	Darwin-arm64	3.12.11	1.7.2	2.3.3	1.16.2	revision R1
2026-09-26T16:56:54Z	revision_r1.py	ifra-loo	held=IFRA-wb-marca_133_wb-CMYK	gaussian_process	3.2467	7.0498	14.5705	3.6078	1485	154.9	ac10fb8	dirty	dobby-sin-MacBook-Pro.local	Darwin-arm64	3.12.11	1.7.2	2.3.3	1.16.2	revision R1
2026-09-26T16:56:56Z	revision_r1.py	ifra-loo	held=IFRA-wb-GratN_90_wb-CMYK	svm_sub2000	6.0621	9.3821	12.971	5.8808	1485	2.3	ac10fb8	dirty	dobby-sin-MacBook-Pro.local	Darwin-arm64	3.12.11	1.7.2	2.3.3	1.16.2	revision R1
2026-09-26T16:56:57Z	revision_r1.py	ifra-loo	held=IFRA-wb-GratN_90_wb-CMYK	mlp_deep_sub2000	6.0708	9.0291	12.4688	5.7985	1485	0.7	ac10fb8	dirty	dobby-sin-MacBook-Pro.local	Darwin-arm64	3.12.11	1.7.2	2.3.3	1.16.2	revision R1
2026-09-26T16:56:57Z	revision_r1.py	ifra-loo	held=IFRA-wb-GratN_90_wb-CMYK	poly3_sub2000	6.0119	9.3682	32.0628	5.8562	1485	0.0	ac10fb8	dirty	dobby-sin-MacBook-Pro.local	Darwin-arm64	3.12.11	1.7.2	2.3.3	1.16.2	revision R1
2026-09-26T16:57:30Z	revision_r1.py	5fold-grouped	CMYKOGB-7	random_forest_cbrt_tuned	2.1496	6.3417	37.9229	2.7062	2000	60.6	ac10fb8	dirty	dobby-sin-MacBook-Pro.local	Darwin-arm64	3.12.11	1.7.2	2.3.3	1.16.2	revision R1
2026-09-26T16:57:31Z	revision_r1.py	5fold-grouped	CMYKOGB-7	knn_cbrt_tuned	2.2541	6.8682	39.9678	2.9025	2000	0.9	ac10fb8	dirty	dobby-sin-MacBook-Pro.local	Darwin-arm64	3.12.11	1.7.2	2.3.3	1.16.2	revision R1
2026-09-26T16:57:44Z	revision_r1.py	ifra-loo	held=IFRA-wb-marca_133_wb-CMYK	svm	3.3743	7.6013	14.7968	3.8083	1485	49.4	ac10fb8	dirty	dobby-sin-MacBook-Pro.local	Darwin-arm64	3.12.11	1.7.2	2.3.3	1.16.2	revision R1
2026-09-26T16:57:48Z	revision_r1.py	ifra-loo	held=IFRA-wb-marca_133_wb-CMYK	mlp_deep	3.6249	8.4453	15.3711	4.0351	1485	4.0	ac10fb8	dirty	dobby-sin-MacBook-Pro.local	Darwin-arm64	3.12.11	1.7.2	2.3.3	1.16.2	revision R1
2026-09-26T16:57:49Z	revision_r1.py	ifra-loo	held=IFRA-wb-marca_133_wb-CMYK	poly3	3.3983	8.2045	24.7131	3.9252	1485	0.0	ac10fb8	dirty	dobby-sin-MacBook-Pro.local	Darwin-arm64	3.12.11	1.7.2	2.3.3	1.16.2	revision R1
2026-09-26T16:57:51Z	revision_r1.py	ifra-loo	held=IFRA-wb-marca_133_wb-CMYK	svm_sub2000	3.7415	8.0456	13.4526	4.1075	1485	2.1	ac10fb8	dirty	dobby-sin-MacBook-Pro.local	Darwin-arm64	3.12.11	1.7.2	2.3.3	1.16.2	revision R1
2026-09-26T16:57:52Z	revision_r1.py	ifra-loo	held=IFRA-wb-marca_133_wb-CMYK	mlp_deep_sub2000	3.5178	8.4048	18.7862	4.0161	1485	0.5	ac10fb8	dirty	dobby-sin-MacBook-Pro.local	Darwin-arm64	3.12.11	1.7.2	2.3.3	1.16.2	revision R1
2026-09-26T16:57:52Z	revision_r1.py	ifra-loo	held=IFRA-wb-marca_133_wb-CMYK	poly3_sub2000	3.4555	8.382	30.632	3.9571	1485	0.0	ac10fb8	dirty	dobby-sin-MacBook-Pro.local	Darwin-arm64	3.12.11	1.7.2	2.3.3	1.16.2	revision R1
2026-09-26T16:57:52Z	revision_r1.py	5fold-kfold	PC10-CMY	mlp_deep_cbrt_tuned	0.8011	2.3067	4.4164	0.9741	795	18.0	ac10fb8	dirty	dobby-sin-MacBook-Pro.local	Darwin-arm64	3.12.11	1.7.2	2.3.3	1.16.2	revision R1
2026-09-26T16:58:02Z	revision_r1.py	ifra-loo	held=IFRA-wb-Mbd_103a_wb-CMYK	gaussian_process	1.7754	3.4928	5.7301	1.9088	1485	172.5	ac10fb8	dirty	dobby-sin-MacBook-Pro.local	Darwin-arm64	3.12.11	1.7.2	2.3.3	1.16.2	revision R1
2026-09-26T16:58:51Z	revision_r1.py	ifra-loo	held=IFRA-wb-Mbd_103a_wb-CMYK	svm	1.554	3.1693	6.2242	1.6751	1485	49.2	ac10fb8	dirty	dobby-sin-MacBook-Pro.local	Darwin-arm64	3.12.11	1.7.2	2.3.3	1.16.2	revision R1
2026-09-26T16:58:55Z	revision_r1.py	ifra-loo	held=IFRA-wb-NordK_92a_wb-CMYK	gaussian_process	3.4365	5.9226	8.2176	3.6073	1485	163.3	ac10fb8	dirty	dobby-sin-MacBook-Pro.local	Darwin-arm64	3.12.11	1.7.2	2.3.3	1.16.2	revision R1
2026-09-26T16:58:56Z	revision_r1.py	ifra-loo	held=IFRA-wb-Mbd_103a_wb-CMYK	mlp_deep	2.0999	5.312	12.9533	2.4835	1485	4.4	ac10fb8	dirty	dobby-sin-MacBook-Pro.local	Darwin-arm64	3.12.11	1.7.2	2.3.3	1.16.2	revision R1
2026-09-26T16:58:56Z	revision_r1.py	ifra-loo	held=IFRA-wb-Mbd_103a_wb-CMYK	poly3	1.9616	4.3947	24.3062	2.2598	1485	0.0	ac10fb8	dirty	dobby-sin-MacBook-Pro.local	Darwin-arm64	3.12.11	1.7.2	2.3.3	1.16.2	revision R1
2026-09-26T16:58:58Z	revision_r1.py	ifra-loo	held=IFRA-wb-Mbd_103a_wb-CMYK	svm_sub2000	1.969	4.6314	10.3072	2.2355	1485	2.0	ac10fb8	dirty	dobby-sin-MacBook-Pro.local	Darwin-arm64	3.12.11	1.7.2	2.3.3	1.16.2	revision R1
2026-09-26T16:58:59Z	revision_r1.py	ifra-loo	held=IFRA-wb-Mbd_103a_wb-CMYK	mlp_deep_sub2000	2.0053	4.5047	13.034	2.2364	1485	0.8	ac10fb8	dirty	dobby-sin-MacBook-Pro.local	Darwin-arm64	3.12.11	1.7.2	2.3.3	1.16.2	revision R1
2026-09-26T16:58:59Z	revision_r1.py	ifra-loo	held=IFRA-wb-Mbd_103a_wb-CMYK	poly3_sub2000	1.9976	4.7214	30.151	2.3447	1485	0.0	ac10fb8	dirty	dobby-sin-MacBook-Pro.local	Darwin-arm64	3.12.11	1.7.2	2.3.3	1.16.2	revision R1
2026-09-26T16:59:37Z	revision_r1.py	5fold-kfold	PC10-CMY	gradient_boost_cbrt_tuned	0.7578	2.6901	26.3076	1.0953	795	101.2	ac10fb8	dirty	dobby-sin-MacBook-Pro.local	Darwin-arm64	3.12.11	1.7.2	2.3.3	1.16.2	revision R1
2026-09-26T16:59:44Z	revision_r1.py	ifra-loo	held=IFRA-wb-RZPOI_125_2_wb-CMYK	gaussian_process	3.1553	8.4012	14.3817	3.8712	1485	163.1	ac10fb8	dirty	dobby-sin-MacBook-Pro.local	Darwin-arm64	3.12.11	1.7.2	2.3.3	1.16.2	revision R1
2026-09-26T16:59:47Z	revision_r1.py	ifra-loo	held=IFRA-wb-NordK_92a_wb-CMYK	svm	3.0083	5.6387	8.0605	3.1984	1485	52.0	ac10fb8	dirty	dobby-sin-MacBook-Pro.local	Darwin-arm64	3.12.11	1.7.2	2.3.3	1.16.2	revision R1
2026-09-26T16:59:51Z	revision_r1.py	ifra-loo	held=IFRA-wb-NordK_92a_wb-CMYK	mlp_deep	3.8914	6.9764	13.1589	4.0546	1485	3.8	ac10fb8	dirty	dobby-sin-MacBook-Pro.local	Darwin-arm64	3.12.11	1.7.2	2.3.3	1.16.2	revision R1
2026-09-26T16:59:52Z	revision_r1.py	ifra-loo	held=IFRA-wb-NordK_92a_wb-CMYK	poly3	3.6416	6.5628	24.8404	3.9166	1485	0.0	ac10fb8	dirty	dobby-sin-MacBook-Pro.local	Darwin-arm64	3.12.11	1.7.2	2.3.3	1.16.2	revision R1
2026-09-26T16:59:54Z	revision_r1.py	ifra-loo	held=IFRA-wb-NordK_92a_wb-CMYK	svm_sub2000	3.3798	6.0132	14.1826	3.5341	1485	2.1	ac10fb8	dirty	dobby-sin-MacBook-Pro.local	Darwin-arm64	3.12.11	1.7.2	2.3.3	1.16.2	revision R1
2026-09-26T16:59:55Z	revision_r1.py	ifra-loo	held=IFRA-wb-NordK_92a_wb-CMYK	mlp_deep_sub2000	3.7384	6.4219	14.8726	3.902	1485	0.9	ac10fb8	dirty	dobby-sin-MacBook-Pro.local	Darwin-arm64	3.12.11	1.7.2	2.3.3	1.16.2	revision R1
2026-09-26T16:59:55Z	revision_r1.py	ifra-loo	held=IFRA-wb-NordK_92a_wb-CMYK	poly3_sub2000	3.6169	6.6213	30.0153	3.9326	1485	0.0	ac10fb8	dirty	dobby-sin-MacBook-Pro.local	Darwin-arm64	3.12.11	1.7.2	2.3.3	1.16.2	revision R1
2026-09-26T17:00:09Z	revision_r1.py	ifra-loo	held=IFRA-wb-PressJ_158_wb-CMYK	gaussian_process	6.4506	11.4975	14.5773	6.6314	1485	192.2	ac10fb8	dirty	dobby-sin-MacBook-Pro.local	Darwin-arm64	3.12.11	1.7.2	2.3.3	1.16.2	revision R1
2026-09-26T17:00:31Z	revision_r1.py	ifra-loo	held=IFRA-wb-RZPOI_125_2_wb-CMYK	svm	3.1506	8.7072	14.83	3.8859	1485	47.1	ac10fb8	dirty	dobby-sin-MacBook-Pro.local	Darwin-arm64	3.12.11	1.7.2	2.3.3	1.16.2	revision R1
2026-09-26T17:00:32Z	revision_r1.py	5fold-kfold	PC10-CMY	svm_cbrt_tuned	0.0976	0.2492	2.0048	0.1205	795	51.5	ac10fb8	dirty	dobby-sin-MacBook-Pro.local	Darwin-arm64	3.12.11	1.7.2	2.3.3	1.16.2	revision R1
2026-09-26T17:00:34Z	revision_r1.py	ifra-loo	held=IFRA-wb-RZPOI_125_2_wb-CMYK	mlp_deep	3.7645	9.8955	17.1798	4.5002	1485	2.5	ac10fb8	dirty	dobby-sin-MacBook-Pro.local	Darwin-arm64	3.12.11	1.7.2	2.3.3	1.16.2	revision R1
2026-09-26T17:00:34Z	revision_r1.py	ifra-loo	held=IFRA-wb-RZPOI_125_2_wb-CMYK	poly3	3.3012	9.2131	23.1546	4.0629	1485	0.0	ac10fb8	dirty	dobby-sin-MacBook-Pro.local	Darwin-arm64	3.12.11	1.7.2	2.3.3	1.16.2	revision R1
2026-09-26T17:00:36Z	revision_r1.py	ifra-loo	held=IFRA-wb-RZPOI_125_2_wb-CMYK	svm_sub2000	3.3418	9.102	16.5398	4.1299	1485	2.1	ac10fb8	dirty	dobby-sin-MacBook-Pro.local	Darwin-arm64	3.12.11	1.7.2	2.3.3	1.16.2	revision R1
2026-09-26T17:00:37Z	revision_r1.py	ifra-loo	held=IFRA-wb-RZPOI_125_2_wb-CMYK	mlp_deep_sub2000	3.5273	9.7857	20.374	4.2985	1485	0.7	ac10fb8	dirty	dobby-sin-MacBook-Pro.local	Darwin-arm64	3.12.11	1.7.2	2.3.3	1.16.2	revision R1
2026-09-26T17:00:37Z	revision_r1.py	ifra-loo	held=IFRA-wb-RZPOI_125_2_wb-CMYK	poly3_sub2000	3.3279	9.3071	30.1525	4.1472	1485	0.0	ac10fb8	dirty	dobby-sin-MacBook-Pro.local	Darwin-arm64	3.12.11	1.7.2	2.3.3	1.16.2	revision R1
2026-09-26T17:00:56Z	revision_r1.py	5fold-kfold	PC10-CMY	random_forest_cbrt_tuned	1.926	3.8799	8.8112	2.0904	795	20.5	ac10fb8	dirty	dobby-sin-MacBook-Pro.local	Darwin-arm64	3.12.11	1.7.2	2.3.3	1.16.2	revision R1
2026-09-26T17:00:56Z	revision_r1.py	5fold-kfold	PC10-CMY	knn_cbrt_tuned	1.8243	3.6951	10.2902	1.9575	795	0.2	ac10fb8	dirty	dobby-sin-MacBook-Pro.local	Darwin-arm64	3.12.11	1.7.2	2.3.3	1.16.2	revision R1
2026-09-26T17:00:59Z	revision_r1.py	ifra-loo	held=IFRA-wb-PressJ_158_wb-CMYK	svm	6.2305	11.1629	13.7761	6.3456	1485	49.8	ac10fb8	dirty	dobby-sin-MacBook-Pro.local	Darwin-arm64	3.12.11	1.7.2	2.3.3	1.16.2	revision R1
2026-09-26T17:01:03Z	revision_r1.py	ifra-loo	held=IFRA-wb-PressJ_158_wb-CMYK	mlp_deep	6.9831	12.1402	17.3195	7.1224	1485	3.1	ac10fb8	dirty	dobby-sin-MacBook-Pro.local	Darwin-arm64	3.12.11	1.7.2	2.3.3	1.16.2	revision R1
2026-09-26T17:01:03Z	revision_r1.py	ifra-loo	held=IFRA-wb-PressJ_158_wb-CMYK	poly3	6.6973	11.9675	23.8799	6.8783	1485	0.0	ac10fb8	dirty	dobby-sin-MacBook-Pro.local	Darwin-arm64	3.12.11	1.7.2	2.3.3	1.16.2	revision R1
2026-09-26T17:01:05Z	revision_r1.py	ifra-loo	held=IFRA-wb-PressJ_158_wb-CMYK	svm_sub2000	6.4923	11.3935	13.9202	6.5649	1485	2.3	ac10fb8	dirty	dobby-sin-MacBook-Pro.local	Darwin-arm64	3.12.11	1.7.2	2.3.3	1.16.2	revision R1
2026-09-26T17:01:06Z	revision_r1.py	ifra-loo	held=IFRA-wb-PressJ_158_wb-CMYK	mlp_deep_sub2000	7.1272	12.0261	25.2121	7.2347	1485	0.4	ac10fb8	dirty	dobby-sin-MacBook-Pro.local	Darwin-arm64	3.12.11	1.7.2	2.3.3	1.16.2	revision R1
2026-09-26T17:01:06Z	revision_r1.py	ifra-loo	held=IFRA-wb-PressJ_158_wb-CMYK	poly3_sub2000	6.7001	11.9756	28.4432	6.8646	1485	0.0	ac10fb8	dirty	dobby-sin-MacBook-Pro.local	Darwin-arm64	3.12.11	1.7.2	2.3.3	1.16.2	revision R1
2026-09-26T17:01:10Z	revision_r1.py	5fold-grouped	KCMYG-5	ridge_tuned	10.7325	25.0418	50.1891	12.2383	2214	0.2	ac10fb8	dirty	dobby-sin-MacBook-Pro.local	Darwin-arm64	3.12.11	1.7.2	2.3.3	1.16.2	revision R1
2026-09-26T17:01:10Z	revision_r1.py	5fold-grouped	KCMYG-5	lasso_tuned	10.6811	26.1687	50.0455	12.2316	2214	0.1	ac10fb8	dirty	dobby-sin-MacBook-Pro.local	Darwin-arm64	3.12.11	1.7.2	2.3.3	1.16.2	revision R1
2026-09-26T17:01:10Z	revision_r1.py	5fold-grouped	KCMYG-5	elastic_tuned	10.6999	25.8086	50.0502	12.2315	2214	0.3	ac10fb8	dirty	dobby-sin-MacBook-Pro.local	Darwin-arm64	3.12.11	1.7.2	2.3.3	1.16.2	revision R1
2026-09-26T17:01:11Z	revision_r1.py	5fold-grouped	KCMYG-5	pcr_tuned	10.7325	25.0918	50.2712	12.2387	2214	0.4	ac10fb8	dirty	dobby-sin-MacBook-Pro.local	Darwin-arm64	3.12.11	1.7.2	2.3.3	1.16.2	revision R1
2026-09-26T17:01:12Z	revision_r1.py	5fold-grouped	KCMYG-5	plsr_tuned	10.7333	25.3944	50.3544	12.2386	2214	0.2	ac10fb8	dirty	dobby-sin-MacBook-Pro.local	Darwin-arm64	3.12.11	1.7.2	2.3.3	1.16.2	revision R1
2026-09-26T17:01:12Z	revision_r1.py	5fold-grouped	KCMYG-5	knn_tuned	1.691	4.7061	54.9972	2.1276	2214	0.6	ac10fb8	dirty	dobby-sin-MacBook-Pro.local	Darwin-arm64	3.12.11	1.7.2	2.3.3	1.16.2	revision R1
2026-09-26T17:01:14Z	revision_r1.py	5fold-grouped	KCMYG-5	decision_tree_tuned	4.8485	14.4982	41.239	5.9162	2214	1.1	ac10fb8	dirty	dobby-sin-MacBook-Pro.local	Darwin-arm64	3.12.11	1.7.2	2.3.3	1.16.2	revision R1
2026-09-26T17:01:15Z	revision_r1.py	ifra-loo	held=IFRA-wb-SudK_99_2_wb-CMYK	gaussian_process	3.5347	6.2124	10.1683	3.6202	1485	199.7	ac10fb8	dirty	dobby-sin-MacBook-Pro.local	Darwin-arm64	3.12.11	1.7.2	2.3.3	1.16.2	revision R1
2026-09-26T17:01:17Z	revision_r1.py	5fold-kfold	PC11-CMY	mlp_deep_cbrt_tuned	0.7146	2.0652	4.7959	0.9061	795	17.4	ac10fb8	dirty	dobby-sin-MacBook-Pro.local	Darwin-arm64	3.12.11	1.7.2	2.3.3	1.16.2	revision R1
2026-09-26T17:02:02Z	revision_r1.py	ifra-loo	held=IFRA-wb-SudK_99_2_wb-CMYK	svm	3.0684	5.7263	10.3779	3.1827	1485	46.9	ac10fb8	dirty	dobby-sin-MacBook-Pro.local	Darwin-arm64	3.12.11	1.7.2	2.3.3	1.16.2	revision R1
2026-09-26T17:02:06Z	revision_r1.py	ifra-loo	held=IFRA-wb-SudK_99_2_wb-CMYK	mlp_deep	3.7965	7.4342	15.3951	4.0111	1485	4.0	ac10fb8	dirty	dobby-sin-MacBook-Pro.local	Darwin-arm64	3.12.11	1.7.2	2.3.3	1.16.2	revision R1
2026-09-26T17:02:06Z	revision_r1.py	ifra-loo	held=IFRA-wb-Sudz_100_wb-CMYK	gaussian_process	2.3097	8.1598	25.6637	3.0707	1485	183.5	ac10fb8	dirty	dobby-sin-MacBook-Pro.local	Darwin-arm64	3.12.11	1.7.2	2.3.3	1.16.2	revision R1
2026-09-26T17:02:06Z	revision_r1.py	ifra-loo	held=IFRA-wb-SudK_99_2_wb-CMYK	poly3	3.6927	6.5487	23.5215	3.8571	1485	0.0	ac10fb8	dirty	dobby-sin-MacBook-Pro.local	Darwin-arm64	3.12.11	1.7.2	2.3.3	1.16.2	revision R1
2026-09-26T17:02:08Z	revision_r1.py	ifra-loo	held=IFRA-wb-SudK_99_2_wb-CMYK	svm_sub2000	3.3899	6.6907	11.3891	3.5535	1485	2.0	ac10fb8	dirty	dobby-sin-MacBook-Pro.local	Darwin-arm64	3.12.11	1.7.2	2.3.3	1.16.2	revision R1
2026-09-26T17:02:10Z	revision_r1.py	ifra-loo	held=IFRA-wb-SudK_99_2_wb-CMYK	mlp_deep_sub2000	3.8356	7.0074	10.0033	3.9456	1485	1.0	ac10fb8	dirty	dobby-sin-MacBook-Pro.local	Darwin-arm64	3.12.11	1.7.2	2.3.3	1.16.2	revision R1
2026-09-26T17:02:10Z	revision_r1.py	ifra-loo	held=IFRA-wb-SudK_99_2_wb-CMYK	poly3_sub2000	3.7407	6.6209	31.0701	3.9011	1485	0.0	ac10fb8	dirty	dobby-sin-MacBook-Pro.local	Darwin-arm64	3.12.11	1.7.2	2.3.3	1.16.2	revision R1
2026-09-26T17:02:13Z	revision_r1.py	5fold-grouped	CMYKOGV-7	ridge_tuned	15.0108	27.5312	44.532	15.7728	3302	0.3	ac10fb8	dirty	dobby-sin-MacBook-Pro.local	Darwin-arm64	3.12.11	1.7.2	2.3.3	1.16.2	revision R1
2026-09-26T17:02:13Z	revision_r1.py	5fold-grouped	CMYKOGV-7	lasso_tuned	14.9369	27.8751	50.4102	15.7251	3302	0.1	ac10fb8	dirty	dobby-sin-MacBook-Pro.local	Darwin-arm64	3.12.11	1.7.2	2.3.3	1.16.2	revision R1
2026-09-26T17:02:14Z	revision_r1.py	5fold-grouped	CMYKOGV-7	elastic_tuned	14.7292	28.4984	47.0188	15.7974	3302	0.3	ac10fb8	dirty	dobby-sin-MacBook-Pro.local	Darwin-arm64	3.12.11	1.7.2	2.3.3	1.16.2	revision R1
2026-09-26T17:02:15Z	revision_r1.py	5fold-grouped	CMYKOGV-7	pcr_tuned	15.0071	27.5312	44.1065	15.7726	3302	0.7	ac10fb8	dirty	dobby-sin-MacBook-Pro.local	Darwin-arm64	3.12.11	1.7.2	2.3.3	1.16.2	revision R1
2026-09-26T17:02:15Z	revision_r1.py	5fold-grouped	CMYKOGV-7	plsr_tuned	14.9881	27.5753	44.393	15.7342	3302	0.4	ac10fb8	dirty	dobby-sin-MacBook-Pro.local	Darwin-arm64	3.12.11	1.7.2	2.3.3	1.16.2	revision R1
2026-09-26T17:02:18Z	revision_r1.py	5fold-grouped	CMYKOGV-7	knn_tuned	3.4661	8.8839	28.5676	3.9382	3302	1.9	ac10fb8	dirty	dobby-sin-MacBook-Pro.local	Darwin-arm64	3.12.11	1.7.2	2.3.3	1.16.2	revision R1
2026-09-26T17:02:19Z	revision_r1.py	5fold-grouped	CMYKOGV-7	decision_tree_tuned	5.3314	15.7683	38.0325	6.5924	3302	1.0	ac10fb8	dirty	dobby-sin-MacBook-Pro.local	Darwin-arm64	3.12.11	1.7.2	2.3.3	1.16.2	revision R1
2026-09-26T17:02:20Z	revision_r1.py	5fold-grouped	KCMYG-5	random_forest_tuned	2.1506	6.4092	30.9224	2.6929	2214	65.7	ac10fb8	dirty	dobby-sin-MacBook-Pro.local	Darwin-arm64	3.12.11	1.7.2	2.3.3	1.16.2	revision R1
2026-09-26T17:02:47Z	revision_r1.py	5fold-grouped	KCMYG-5	mlp_shallow_tuned	2.0731	10.6032	38.1939	3.3435	2214	27.2	ac10fb8	dirty	dobby-sin-MacBook-Pro.local	Darwin-arm64	3.12.11	1.7.2	2.3.3	1.16.2	revision R1
2026-09-26T17:02:50Z	revision_r1.py	5fold-grouped	CMYKOGB-7	ridge_tuned	11.2454	31.1848	50.7434	13.4603	2000	0.2	ac10fb8	dirty	dobby-sin-MacBook-Pro.local	Darwin-arm64	3.12.11	1.7.2	2.3.3	1.16.2	revision R1
2026-09-26T17:02:51Z	revision_r1.py	5fold-grouped	CMYKOGB-7	lasso_tuned	11.2459	31.1873	50.7266	13.4627	2000	0.1	ac10fb8	dirty	dobby-sin-MacBook-Pro.local	Darwin-arm64	3.12.11	1.7.2	2.3.3	1.16.2	revision R1
2026-09-26T17:02:51Z	revision_r1.py	5fold-grouped	CMYKOGB-7	elastic_tuned	11.2465	31.1872	50.7389	13.4611	2000	0.4	ac10fb8	dirty	dobby-sin-MacBook-Pro.local	Darwin-arm64	3.12.11	1.7.2	2.3.3	1.16.2	revision R1
2026-09-26T17:02:52Z	revision_r1.py	ifra-loo	held=IFRA-wb-TagesA_147_2_wb-CMYK	gaussian_process	1.7753	3.7362	6.765	1.9023	1485	173.6	ac10fb8	dirty	dobby-sin-MacBook-Pro.local	Darwin-arm64	3.12.11	1.7.2	2.3.3	1.16.2	revision R1
2026-09-26T17:02:52Z	revision_r1.py	5fold-grouped	CMYKOGB-7	pcr_tuned	11.2455	31.1848	50.7433	13.4602	2000	0.7	ac10fb8	dirty	dobby-sin-MacBook-Pro.local	Darwin-arm64	3.12.11	1.7.2	2.3.3	1.16.2	revision R1
2026-09-26T17:02:53Z	revision_r1.py	5fold-grouped	CMYKOGB-7	plsr_tuned	11.2676	30.9713	50.7709	13.4806	2000	0.5	ac10fb8	dirty	dobby-sin-MacBook-Pro.local	Darwin-arm64	3.12.11	1.7.2	2.3.3	1.16.2	revision R1
2026-09-26T17:02:53Z	revision_r1.py	ifra-loo	held=IFRA-wb-Sudz_100_wb-CMYK	svm	2.2859	7.5093	22.9684	2.967	1485	47.0	ac10fb8	dirty	dobby-sin-MacBook-Pro.local	Darwin-arm64	3.12.11	1.7.2	2.3.3	1.16.2	revision R1
2026-09-26T17:02:53Z	revision_r1.py	5fold-grouped	CMYKOGB-7	knn_tuned	2.3634	7.3854	42.6406	3.1155	2000	0.9	ac10fb8	dirty	dobby-sin-MacBook-Pro.local	Darwin-arm64	3.12.11	1.7.2	2.3.3	1.16.2	revision R1
2026-09-26T17:02:54Z	revision_r1.py	5fold-kfold	PC11-CMY	gradient_boost_cbrt_tuned	0.6682	2.5933	23.7995	0.943	795	93.5	ac10fb8	dirty	dobby-sin-MacBook-Pro.local	Darwin-arm64	3.12.11	1.7.2	2.3.3	1.16.2	revision R1
2026-09-26T17:02:55Z	revision_r1.py	5fold-grouped	CMYKOGB-7	decision_tree_tuned	5.0662	15.4717	85.477	6.1972	2000	1.1	ac10fb8	dirty	dobby-sin-MacBook-Pro.local	Darwin-arm64	3.12.11	1.7.2	2.3.3	1.16.2	revision R1
2026-09-26T17:02:56Z	revision_r1.py	ifra-loo	held=IFRA-wb-Sudz_100_wb-CMYK	mlp_deep	2.5997	9.1298	25.7357	3.5017	1485	3.2	ac10fb8	dirty	dobby-sin-MacBook-Pro.local	Darwin-arm64	3.12.11	1.7.2	2.3.3	1.16.2	revision R1
2026-09-26T17:02:57Z	revision_r1.py	ifra-loo	held=IFRA-wb-Sudz_100_wb-CMYK	poly3	2.4525	8.6668	25.1727	3.2887	1485	0.0	ac10fb8	dirty	dobby-sin-MacBook-Pro.local	Darwin-arm64	3.12.11	1.7.2	2.3.3	1.16.2	revision R1
2026-09-26T17:02:59Z	revision_r1.py	ifra-loo	held=IFRA-wb-Sudz_100_wb-CMYK	svm_sub2000	2.5139	8.0313	23.2529	3.2467	1485	2.0	ac10fb8	dirty	dobby-sin-MacBook-Pro.local	Darwin-arm64	3.12.11	1.7.2	2.3.3	1.16.2	revision R1
2026-09-26T17:03:00Z	revision_r1.py	ifra-loo	held=IFRA-wb-Sudz_100_wb-CMYK	mlp_deep_sub2000	2.8645	8.9824	26.2105	3.579	1485	0.7	ac10fb8	dirty	dobby-sin-MacBook-Pro.local	Darwin-arm64	3.12.11	1.7.2	2.3.3	1.16.2	revision R1
2026-09-26T17:03:00Z	revision_r1.py	ifra-loo	held=IFRA-wb-Sudz_100_wb-CMYK	poly3_sub2000	2.4537	8.7654	31.2181	3.2995	1485	0.0	ac10fb8	dirty	dobby-sin-MacBook-Pro.local	Darwin-arm64	3.12.11	1.7.2	2.3.3	1.16.2	revision R1
2026-09-26T17:03:02Z	revision_r1.py	5fold-kfold	PC10-CMY	ridge_tuned	6.5196	24.6954	43.8546	8.9229	795	0.1	ac10fb8	dirty	dobby-sin-MacBook-Pro.local	Darwin-arm64	3.12.11	1.7.2	2.3.3	1.16.2	revision R1
2026-09-26T17:03:03Z	revision_r1.py	5fold-kfold	PC10-CMY	lasso_tuned	6.4953	24.5414	44.0012	8.7419	795	0.1	ac10fb8	dirty	dobby-sin-MacBook-Pro.local	Darwin-arm64	3.12.11	1.7.2	2.3.3	1.16.2	revision R1
2026-09-26T17:03:03Z	revision_r1.py	5fold-kfold	PC10-CMY	elastic_tuned	6.5359	24.4309	43.9717	8.7714	795	0.2	ac10fb8	dirty	dobby-sin-MacBook-Pro.local	Darwin-arm64	3.12.11	1.7.2	2.3.3	1.16.2	revision R1
2026-09-26T17:03:03Z	revision_r1.py	5fold-kfold	PC10-CMY	pcr_tuned	6.5152	24.7325	43.8546	8.9248	795	0.2	ac10fb8	dirty	dobby-sin-MacBook-Pro.local	Darwin-arm64	3.12.11	1.7.2	2.3.3	1.16.2	revision R1
2026-09-26T17:03:04Z	revision_r1.py	5fold-kfold	PC10-CMY	plsr_tuned	6.5197	24.7342	43.8546	8.929	795	0.0	ac10fb8	dirty	dobby-sin-MacBook-Pro.local	Darwin-arm64	3.12.11	1.7.2	2.3.3	1.16.2	revision R1
2026-09-26T17:03:04Z	revision_r1.py	5fold-kfold	PC10-CMY	knn_tuned	1.8083	3.7066	10.1924	1.9861	795	0.2	ac10fb8	dirty	dobby-sin-MacBook-Pro.local	Darwin-arm64	3.12.11	1.7.2	2.3.3	1.16.2	revision R1
2026-09-26T17:03:04Z	revision_r1.py	5fold-kfold	PC10-CMY	decision_tree_tuned	4.3822	9.4777	16.067	4.8252	795	0.5	ac10fb8	dirty	dobby-sin-MacBook-Pro.local	Darwin-arm64	3.12.11	1.7.2	2.3.3	1.16.2	revision R1
2026-09-26T17:03:13Z	revision_r1.py	5fold-grouped	CMYKOGV-7	random_forest_tuned	3.4547	8.2922	23.3407	3.8626	3302	54.5	ac10fb8	dirty	dobby-sin-MacBook-Pro.local	Darwin-arm64	3.12.11	1.7.2	2.3.3	1.16.2	revision R1
2026-09-26T17:03:15Z	revision_r1.py	ifra-loo	held=IFRA-wb-TagesA_147_wb-CMYK	gaussian_process	1.7183	3.6404	6.1741	1.8788	1485	154.5	ac10fb8	dirty	dobby-sin-MacBook-Pro.local	Darwin-arm64	3.12.11	1.7.2	2.3.3	1.16.2	revision R1
2026-09-26T17:03:23Z	revision_r1.py	5fold-kfold	PC10-CMY	random_forest_tuned	1.7312	4.0402	10.4456	1.9976	795	18.2	ac10fb8	dirty	dobby-sin-MacBook-Pro.local	Darwin-arm64	3.12.11	1.7.2	2.3.3	1.16.2	revision R1
2026-09-26T17:03:30Z	revision_r1.py	5fold-kfold	PC10-CMY	mlp_shallow_tuned	1.0069	3.2291	20.622	1.3387	795	6.9	ac10fb8	dirty	dobby-sin-MacBook-Pro.local	Darwin-arm64	3.12.11	1.7.2	2.3.3	1.16.2	revision R1
2026-09-26T17:03:33Z	revision_r1.py	5fold-kfold	PC11-CMY	ridge_tuned	6.1472	23.9036	45.213	8.5142	795	0.1	ac10fb8	dirty	dobby-sin-MacBook-Pro.local	Darwin-arm64	3.12.11	1.7.2	2.3.3	1.16.2	revision R1
2026-09-26T17:03:33Z	revision_r1.py	5fold-kfold	PC11-CMY	lasso_tuned	6.1506	23.6822	45.374	8.459	795	0.1	ac10fb8	dirty	dobby-sin-MacBook-Pro.local	Darwin-arm64	3.12.11	1.7.2	2.3.3	1.16.2	revision R1
2026-09-26T17:03:33Z	revision_r1.py	5fold-kfold	PC11-CMY	elastic_tuned	6.1342	23.591	45.3419	8.4708	795	0.2	ac10fb8	dirty	dobby-sin-MacBook-Pro.local	Darwin-arm64	3.12.11	1.7.2	2.3.3	1.16.2	revision R1
2026-09-26T17:03:34Z	revision_r1.py	5fold-kfold	PC11-CMY	pcr_tuned	6.1523	23.9259	45.213	8.5155	795	0.1	ac10fb8	dirty	dobby-sin-MacBook-Pro.local	Darwin-arm64	3.12.11	1.7.2	2.3.3	1.16.2	revision R1
2026-09-26T17:03:34Z	revision_r1.py	5fold-kfold	PC11-CMY	plsr_tuned	6.1607	23.9388	45.2109	8.5203	795	0.1	ac10fb8	dirty	dobby-sin-MacBook-Pro.local	Darwin-arm64	3.12.11	1.7.2	2.3.3	1.16.2	revision R1
2026-09-26T17:03:34Z	revision_r1.py	5fold-kfold	PC11-CMY	knn_tuned	1.7493	3.6675	11.8405	1.9186	795	0.2	ac10fb8	dirty	dobby-sin-MacBook-Pro.local	Darwin-arm64	3.12.11	1.7.2	2.3.3	1.16.2	revision R1
2026-09-26T17:03:35Z	revision_r1.py	5fold-kfold	PC11-CMY	decision_tree_tuned	4.3273	9.2754	15.7713	4.7613	795	0.3	ac10fb8	dirty	dobby-sin-MacBook-Pro.local	Darwin-arm64	3.12.11	1.7.2	2.3.3	1.16.2	revision R1
2026-09-26T17:03:38Z	revision_r1.py	ifra-loo	held=IFRA-wb-TagesA_147_2_wb-CMYK	svm	1.3471	3.0051	5.1875	1.4967	1485	45.7	ac10fb8	dirty	dobby-sin-MacBook-Pro.local	Darwin-arm64	3.12.11	1.7.2	2.3.3	1.16.2	revision R1
2026-09-26T17:03:40Z	revision_r1.py	ifra-loo	held=IFRA-wb-TagesA_147_2_wb-CMYK	mlp_deep	2.3645	6.4358	18.6066	2.8092	1485	2.6	ac10fb8	dirty	dobby-sin-MacBook-Pro.local	Darwin-arm64	3.12.11	1.7.2	2.3.3	1.16.2	revision R1
2026-09-26T17:03:41Z	revision_r1.py	ifra-loo	held=IFRA-wb-TagesA_147_2_wb-CMYK	poly3	2.0233	4.5273	23.967	2.3118	1485	0.0	ac10fb8	dirty	dobby-sin-MacBook-Pro.local	Darwin-arm64	3.12.11	1.7.2	2.3.3	1.16.2	revision R1
2026-09-26T17:03:43Z	revision_r1.py	ifra-loo	held=IFRA-wb-TagesA_147_2_wb-CMYK	svm_sub2000	1.7053	4.1139	11.5368	1.9601	1485	2.0	ac10fb8	dirty	dobby-sin-MacBook-Pro.local	Darwin-arm64	3.12.11	1.7.2	2.3.3	1.16.2	revision R1
2026-09-26T17:03:43Z	revision_r1.py	5fold-kfold	PC11-CMY	svm_cbrt_tuned	0.0891	0.2168	1.747	0.1062	795	45.1	ac10fb8	dirty	dobby-sin-MacBook-Pro.local	Darwin-arm64	3.12.11	1.7.2	2.3.3	1.16.2	revision R1
2026-09-26T17:03:44Z	revision_r1.py	ifra-loo	held=IFRA-wb-TagesA_147_2_wb-CMYK	mlp_deep_sub2000	2.2408	5.2334	11.3495	2.4978	1485	0.7	ac10fb8	dirty	dobby-sin-MacBook-Pro.local	Darwin-arm64	3.12.11	1.7.2	2.3.3	1.16.2	revision R1
2026-09-26T17:03:44Z	revision_r1.py	ifra-loo	held=IFRA-wb-TagesA_147_2_wb-CMYK	poly3_sub2000	2.0276	4.7555	30.14	2.3759	1485	0.0	ac10fb8	dirty	dobby-sin-MacBook-Pro.local	Darwin-arm64	3.12.11	1.7.2	2.3.3	1.16.2	revision R1
2026-09-26T17:03:46Z	revision_r1.py	5fold-kfold	FOGRA51-CMY	ridge_tuned	6.6446	25.2939	42.0611	9.1023	795	0.1	ac10fb8	dirty	dobby-sin-MacBook-Pro.local	Darwin-arm64	3.12.11	1.7.2	2.3.3	1.16.2	revision R1
2026-09-26T17:03:47Z	revision_r1.py	5fold-kfold	FOGRA51-CMY	lasso_tuned	6.6386	25.0606	42.2219	9.0353	795	0.1	ac10fb8	dirty	dobby-sin-MacBook-Pro.local	Darwin-arm64	3.12.11	1.7.2	2.3.3	1.16.2	revision R1
2026-09-26T17:03:47Z	revision_r1.py	5fold-kfold	FOGRA51-CMY	elastic_tuned	6.6351	25.4076	42.1906	9.0706	795	0.2	ac10fb8	dirty	dobby-sin-MacBook-Pro.local	Darwin-arm64	3.12.11	1.7.2	2.3.3	1.16.2	revision R1
2026-09-26T17:03:47Z	revision_r1.py	5fold-kfold	FOGRA51-CMY	pcr_tuned	6.6614	25.3043	42.0611	9.0979	795	0.2	ac10fb8	dirty	dobby-sin-MacBook-Pro.local	Darwin-arm64	3.12.11	1.7.2	2.3.3	1.16.2	revision R1
2026-09-26T17:03:47Z	revision_r1.py	5fold-kfold	FOGRA51-CMY	plsr_tuned	6.6497	25.3054	42.0611	9.1038	795	0.0	ac10fb8	dirty	dobby-sin-MacBook-Pro.local	Darwin-arm64	3.12.11	1.7.2	2.3.3	1.16.2	revision R1
2026-09-26T17:03:48Z	revision_r1.py	5fold-kfold	FOGRA51-CMY	knn_tuned	1.8083	3.8846	10.3481	1.9705	795	0.2	ac10fb8	dirty	dobby-sin-MacBook-Pro.local	Darwin-arm64	3.12.11	1.7.2	2.3.3	1.16.2	revision R1
2026-09-26T17:03:48Z	revision_r1.py	5fold-kfold	FOGRA51-CMY	decision_tree_tuned	4.4904	9.3079	16.939	4.8957	795	0.2	ac10fb8	dirty	dobby-sin-MacBook-Pro.local	Darwin-arm64	3.12.11	1.7.2	2.3.3	1.16.2	revision R1
2026-09-26T17:03:50Z	revision_r1.py	5fold-grouped	CMYKOGB-7	random_forest_tuned	2.3166	8.0912	69.3162	3.2176	2000	55.5	ac10fb8	dirty	dobby-sin-MacBook-Pro.local	Darwin-arm64	3.12.11	1.7.2	2.3.3	1.16.2	revision R1
2026-09-26T17:03:53Z	revision_r1.py	5fold-kfold	PC11-CMY	random_forest_tuned	1.7096	4.1807	10.4249	1.9785	795	18.5	ac10fb8	dirty	dobby-sin-MacBook-Pro.local	Darwin-arm64	3.12.11	1.7.2	2.3.3	1.16.2	revision R1
2026-09-26T17:03:55Z	revision_r1.py	5fold-grouped	CMYKOGV-7	mlp_shallow_tuned	3.3148	15.2971	46.0524	5.0304	3302	41.0	ac10fb8	dirty	dobby-sin-MacBook-Pro.local	Darwin-arm64	3.12.11	1.7.2	2.3.3	1.16.2	revision R1
2026-09-26T17:03:58Z	revision_r1.py	5fold-kfold	PC10-CMYK	ridge_tuned	8.8579	24.6341	42.2651	10.8917	1588	0.2	ac10fb8	dirty	dobby-sin-MacBook-Pro.local	Darwin-arm64	3.12.11	1.7.2	2.3.3	1.16.2	revision R1
2026-09-26T17:03:58Z	revision_r1.py	5fold-kfold	PC10-CMYK	lasso_tuned	8.8769	24.5294	42.5886	10.8535	1588	0.1	ac10fb8	dirty	dobby-sin-MacBook-Pro.local	Darwin-arm64	3.12.11	1.7.2	2.3.3	1.16.2	revision R1
2026-09-26T17:03:58Z	revision_r1.py	5fold-kfold	PC10-CMYK	elastic_tuned	8.8973	24.6132	42.5329	10.8594	1588	0.2	ac10fb8	dirty	dobby-sin-MacBook-Pro.local	Darwin-arm64	3.12.11	1.7.2	2.3.3	1.16.2	revision R1
2026-09-26T17:03:59Z	revision_r1.py	5fold-kfold	PC10-CMYK	pcr_tuned	8.8028	26.3155	55.2786	11.1732	1588	0.3	ac10fb8	dirty	dobby-sin-MacBook-Pro.local	Darwin-arm64	3.12.11	1.7.2	2.3.3	1.16.2	revision R1
2026-09-26T17:03:59Z	revision_r1.py	5fold-kfold	PC10-CMYK	plsr_tuned	8.8579	24.7269	42.2651	10.8818	1588	0.1	ac10fb8	dirty	dobby-sin-MacBook-Pro.local	Darwin-arm64	3.12.11	1.7.2	2.3.3	1.16.2	revision R1
2026-09-26T17:04:00Z	revision_r1.py	5fold-kfold	PC10-CMYK	knn_tuned	2.0402	5.4663	12.8861	2.464	1588	0.4	ac10fb8	dirty	dobby-sin-MacBook-Pro.local	Darwin-arm64	3.12.11	1.7.2	2.3.3	1.16.2	revision R1
2026-09-26T17:04:00Z	revision_r1.py	5fold-kfold	PC11-CMY	mlp_shallow_tuned	1.0017	3.2237	20.7632	1.2908	795	6.5	ac10fb8	dirty	dobby-sin-MacBook-Pro.local	Darwin-arm64	3.12.11	1.7.2	2.3.3	1.16.2	revision R1
2026-09-26T17:04:00Z	revision_r1.py	5fold-kfold	PC10-CMYK	decision_tree_tuned	4.6113	9.648	24.3449	5.0578	1588	0.3	ac10fb8	dirty	dobby-sin-MacBook-Pro.local	Darwin-arm64	3.12.11	1.7.2	2.3.3	1.16.2	revision R1
2026-09-26T17:04:00Z	revision_r1.py	ifra-loo	held=IFRA-wb-TagesA_147_wb-CMYK	svm	1.2948	2.8904	4.7949	1.4309	1485	45.7	ac10fb8	dirty	dobby-sin-MacBook-Pro.local	Darwin-arm64	3.12.11	1.7.2	2.3.3	1.16.2	revision R1
2026-09-26T17:04:03Z	revision_r1.py	5fold-kfold	PC11-CMYK	ridge_tuned	8.4198	23.425	41.6238	10.3671	1588	0.2	ac10fb8	dirty	dobby-sin-MacBook-Pro.local	Darwin-arm64	3.12.11	1.7.2	2.3.3	1.16.2	revision R1
2026-09-26T17:04:03Z	revision_r1.py	5fold-kfold	PC11-CMYK	lasso_tuned	8.394	23.6668	41.1952	10.3371	1588	0.1	ac10fb8	dirty	dobby-sin-MacBook-Pro.local	Darwin-arm64	3.12.11	1.7.2	2.3.3	1.16.2	revision R1
2026-09-26T17:04:04Z	revision_r1.py	5fold-kfold	PC11-CMYK	elastic_tuned	8.424	23.4623	41.6486	10.3423	1588	0.4	ac10fb8	dirty	dobby-sin-MacBook-Pro.local	Darwin-arm64	3.12.11	1.7.2	2.3.3	1.16.2	revision R1
2026-09-26T17:04:04Z	revision_r1.py	ifra-loo	held=IFRA-wb-TagesA_147_wb-CMYK	mlp_deep	2.1485	5.0931	11.5972	2.4105	1485	3.4	ac10fb8	dirty	dobby-sin-MacBook-Pro.local	Darwin-arm64	3.12.11	1.7.2	2.3.3	1.16.2	revision R1
2026-09-26T17:04:04Z	revision_r1.py	ifra-loo	held=IFRA-wb-TagesA_147_wb-CMYK	poly3	1.9627	4.508	24.6251	2.2767	1485	0.0	ac10fb8	dirty	dobby-sin-MacBook-Pro.local	Darwin-arm64	3.12.11	1.7.2	2.3.3	1.16.2	revision R1
2026-09-26T17:04:04Z	revision_r1.py	5fold-kfold	PC11-CMYK	pcr_tuned	8.3911	25.0296	49.2016	10.6267	1588	0.3	ac10fb8	dirty	dobby-sin-MacBook-Pro.local	Darwin-arm64	3.12.11	1.7.2	2.3.3	1.16.2	revision R1
2026-09-26T17:04:04Z	revision_r1.py	5fold-kfold	PC11-CMYK	plsr_tuned	8.4246	23.412	41.6198	10.3669	1588	0.1	ac10fb8	dirty	dobby-sin-MacBook-Pro.local	Darwin-arm64	3.12.11	1.7.2	2.3.3	1.16.2	revision R1
2026-09-26T17:04:04Z	revision_r1.py	5fold-kfold	PC11-CMY	random_forest_cbrt_tuned	1.8877	3.842	9.2415	2.0634	795	18.7	ac10fb8	dirty	dobby-sin-MacBook-Pro.local	Darwin-arm64	3.12.11	1.7.2	2.3.3	1.16.2	revision R1
2026-09-26T17:04:05Z	revision_r1.py	5fold-kfold	PC11-CMY	knn_cbrt_tuned	1.7128	3.6071	12.5129	1.8816	795	0.2	ac10fb8	dirty	dobby-sin-MacBook-Pro.local	Darwin-arm64	3.12.11	1.7.2	2.3.3	1.16.2	revision R1
2026-09-26T17:04:05Z	revision_r1.py	5fold-kfold	PC11-CMYK	knn_tuned	1.937	5.1858	10.7365	2.3194	1588	0.4	ac10fb8	dirty	dobby-sin-MacBook-Pro.local	Darwin-arm64	3.12.11	1.7.2	2.3.3	1.16.2	revision R1
2026-09-26T17:04:06Z	revision_r1.py	5fold-kfold	PC11-CMYK	decision_tree_tuned	4.4129	9.0984	22.321	4.8172	1588	0.4	ac10fb8	dirty	dobby-sin-MacBook-Pro.local	Darwin-arm64	3.12.11	1.7.2	2.3.3	1.16.2	revision R1
2026-09-26T17:04:06Z	revision_r1.py	ifra-loo	held=IFRA-wb-TagesA_147_wb-CMYK	svm_sub2000	1.7124	4.1892	12.3479	1.9628	1485	1.9	ac10fb8	dirty	dobby-sin-MacBook-Pro.local	Darwin-arm64	3.12.11	1.7.2	2.3.3	1.16.2	revision R1
2026-09-26T17:04:06Z	revision_r1.py	5fold-kfold	FOGRA51-CMY	random_forest_tuned	1.8868	4.3155	10.9815	2.1136	795	18.0	ac10fb8	dirty	dobby-sin-MacBook-Pro.local	Darwin-arm64	3.12.11	1.7.2	2.3.3	1.16.2	revision R1
2026-09-26T17:04:07Z	revision_r1.py	ifra-loo	held=IFRA-wb-TagesA_147_wb-CMYK	mlp_deep_sub2000	2.2235	5.3514	11.3149	2.5592	1485	0.7	ac10fb8	dirty	dobby-sin-MacBook-Pro.local	Darwin-arm64	3.12.11	1.7.2	2.3.3	1.16.2	revision R1
2026-09-26T17:04:07Z	revision_r1.py	ifra-loo	held=IFRA-wb-TagesA_147_wb-CMYK	poly3_sub2000	1.997	4.6778	31.0622	2.3509	1485	0.0	ac10fb8	dirty	dobby-sin-MacBook-Pro.local	Darwin-arm64	3.12.11	1.7.2	2.3.3	1.16.2	revision R1
2026-09-26T17:04:10Z	revision_r1.py	5fold-kfold	FOGRA51-CMYK	ridge_tuned	8.7668	24.9597	40.5766	10.6992	1588	0.2	ac10fb8	dirty	dobby-sin-MacBook-Pro.local	Darwin-arm64	3.12.11	1.7.2	2.3.3	1.16.2	revision R1
2026-09-26T17:04:10Z	revision_r1.py	5fold-kfold	FOGRA51-CMYK	lasso_tuned	8.6993	25.2637	41.372	10.6766	1588	0.1	ac10fb8	dirty	dobby-sin-MacBook-Pro.local	Darwin-arm64	3.12.11	1.7.2	2.3.3	1.16.2	revision R1
2026-09-26T17:04:10Z	revision_r1.py	5fold-kfold	FOGRA51-CMYK	elastic_tuned	8.7339	25.146	41.2452	10.6923	1588	0.3	ac10fb8	dirty	dobby-sin-MacBook-Pro.local	Darwin-arm64	3.12.11	1.7.2	2.3.3	1.16.2	revision R1
2026-09-26T17:04:11Z	revision_r1.py	5fold-kfold	FOGRA51-CMYK	pcr_tuned	8.8718	28.083	59.0549	11.5638	1588	0.3	ac10fb8	dirty	dobby-sin-MacBook-Pro.local	Darwin-arm64	3.12.11	1.7.2	2.3.3	1.16.2	revision R1
2026-09-26T17:04:11Z	revision_r1.py	5fold-kfold	FOGRA51-CMYK	plsr_tuned	8.626	25.1401	42.1903	10.7194	1588	0.1	ac10fb8	dirty	dobby-sin-MacBook-Pro.local	Darwin-arm64	3.12.11	1.7.2	2.3.3	1.16.2	revision R1
2026-09-26T17:04:12Z	revision_r1.py	5fold-kfold	FOGRA51-CMYK	knn_tuned	2.0957	5.7662	22.0013	2.559	1588	0.5	ac10fb8	dirty	dobby-sin-MacBook-Pro.local	Darwin-arm64	3.12.11	1.7.2	2.3.3	1.16.2	revision R1
2026-09-26T17:04:12Z	revision_r1.py	5fold-kfold	FOGRA51-CMYK	decision_tree_tuned	4.4932	10.0475	22.8866	5.1216	1588	0.3	ac10fb8	dirty	dobby-sin-MacBook-Pro.local	Darwin-arm64	3.12.11	1.7.2	2.3.3	1.16.2	revision R1
2026-09-26T17:04:14Z	revision_r1.py	5fold-kfold	FOGRA51-CMY	mlp_shallow_tuned	0.8953	3.142	12.7022	1.2428	795	7.7	ac10fb8	dirty	dobby-sin-MacBook-Pro.local	Darwin-arm64	3.12.11	1.7.2	2.3.3	1.16.2	revision R1
2026-09-26T17:04:18Z	revision_r1.py	5fold-grouped	CMYKOGB-7	mlp_shallow_tuned	2.5815	19.3623	41.091	5.0748	2000	27.9	ac10fb8	dirty	dobby-sin-MacBook-Pro.local	Darwin-arm64	3.12.11	1.7.2	2.3.3	1.16.2	revision R1
2026-09-26T17:04:20Z	revision_r1.py	5fold-grouped	KCMYG-5	mlp_deep_cbrt	1.5523	4.0558	31.3062	1.8506	2214	3.3	ac10fb8	dirty	dobby-sin-MacBook-Pro.local	Darwin-arm64	3.12.11	1.7.2	2.3.3	1.16.2	revision R1
2026-09-26T17:04:21Z	revision_r1.py	5fold-grouped	KCMYG-5	ridge_cbrt	5.4948	11.558	28.8534	6.1303	2214	0.0	ac10fb8	dirty	dobby-sin-MacBook-Pro.local	Darwin-arm64	3.12.11	1.7.2	2.3.3	1.16.2	revision R1
2026-09-26T17:04:21Z	revision_r1.py	5fold-grouped	KCMYG-5	lasso_cbrt	5.8235	12.1551	27.381	6.4757	2214	0.0	ac10fb8	dirty	dobby-sin-MacBook-Pro.local	Darwin-arm64	3.12.11	1.7.2	2.3.3	1.16.2	revision R1
2026-09-26T17:04:21Z	revision_r1.py	5fold-grouped	KCMYG-5	elastic_cbrt	5.6809	11.9499	28.0451	6.34	2214	0.0	ac10fb8	dirty	dobby-sin-MacBook-Pro.local	Darwin-arm64	3.12.11	1.7.2	2.3.3	1.16.2	revision R1
2026-09-26T17:04:21Z	revision_r1.py	5fold-grouped	KCMYG-5	pcr_cbrt	5.4948	11.558	28.8534	6.1303	2214	0.0	ac10fb8	dirty	dobby-sin-MacBook-Pro.local	Darwin-arm64	3.12.11	1.7.2	2.3.3	1.16.2	revision R1
2026-09-26T17:04:21Z	revision_r1.py	5fold-grouped	KCMYG-5	plsr_cbrt	8.5538	22.9168	55.7423	10.2242	2214	0.0	ac10fb8	dirty	dobby-sin-MacBook-Pro.local	Darwin-arm64	3.12.11	1.7.2	2.3.3	1.16.2	revision R1
2026-09-26T17:04:21Z	revision_r1.py	5fold-grouped	KCMYG-5	knn_cbrt	1.8338	4.8684	51.2149	2.2236	2214	0.0	ac10fb8	dirty	dobby-sin-MacBook-Pro.local	Darwin-arm64	3.12.11	1.7.2	2.3.3	1.16.2	revision R1
2026-09-26T17:04:23Z	revision_r1.py	5fold-kfold	FOGRA51-CMY	mlp_deep_cbrt_tuned	0.8031	2.2503	8.4976	0.9852	795	15.0	ac10fb8	dirty	dobby-sin-MacBook-Pro.local	Darwin-arm64	3.12.11	1.7.2	2.3.3	1.16.2	revision R1
2026-09-26T17:04:27Z	revision_r1.py	5fold-grouped	CMYKOGV-7	mlp_deep_cbrt	1.6186	4.9552	14.1002	2.0437	3302	4.4	ac10fb8	dirty	dobby-sin-MacBook-Pro.local	Darwin-arm64	3.12.11	1.7.2	2.3.3	1.16.2	revision R1
2026-09-26T17:04:28Z	revision_r1.py	5fold-grouped	KCMYG-5	svm_cbrt	0.8543	2.1687	23.0559	1.0411	2214	6.5	ac10fb8	dirty	dobby-sin-MacBook-Pro.local	Darwin-arm64	3.12.11	1.7.2	2.3.3	1.16.2	revision R1
2026-09-26T17:04:28Z	revision_r1.py	5fold-grouped	KCMYG-5	decision_tree_cbrt	4.7437	14.4517	64.0622	5.8996	2214	0.0	ac10fb8	dirty	dobby-sin-MacBook-Pro.local	Darwin-arm64	3.12.11	1.7.2	2.3.3	1.16.2	revision R1
2026-09-26T17:04:29Z	revision_r1.py	5fold-kfold	PC10-CMYK	random_forest_tuned	2.2194	4.8454	11.9938	2.4435	1588	28.4	ac10fb8	dirty	dobby-sin-MacBook-Pro.local	Darwin-arm64	3.12.11	1.7.2	2.3.3	1.16.2	revision R1
2026-09-26T17:04:29Z	revision_r1.py	5fold-grouped	CMYKOGV-7	ridge_cbrt	8.342	18.2604	34.0641	9.3359	3302	0.0	ac10fb8	dirty	dobby-sin-MacBook-Pro.local	Darwin-arm64	3.12.11	1.7.2	2.3.3	1.16.2	revision R1
2026-09-26T17:04:29Z	revision_r1.py	5fold-grouped	CMYKOGV-7	lasso_cbrt	8.561	19.1008	35.0939	9.5827	3302	0.0	ac10fb8	dirty	dobby-sin-MacBook-Pro.local	Darwin-arm64	3.12.11	1.7.2	2.3.3	1.16.2	revision R1
2026-09-26T17:04:30Z	revision_r1.py	5fold-grouped	CMYKOGV-7	elastic_cbrt	8.4861	18.7394	34.6044	9.4728	3302	0.0	ac10fb8	dirty	dobby-sin-MacBook-Pro.local	Darwin-arm64	3.12.11	1.7.2	2.3.3	1.16.2	revision R1
2026-09-26T17:04:30Z	revision_r1.py	5fold-grouped	CMYKOGV-7	pcr_cbrt	8.342	18.2604	34.0641	9.3359	3302	0.0	ac10fb8	dirty	dobby-sin-MacBook-Pro.local	Darwin-arm64	3.12.11	1.7.2	2.3.3	1.16.2	revision R1
2026-09-26T17:04:30Z	revision_r1.py	5fold-grouped	CMYKOGV-7	plsr_cbrt	13.2917	30.7764	48.8855	14.7214	3302	0.0	ac10fb8	dirty	dobby-sin-MacBook-Pro.local	Darwin-arm64	3.12.11	1.7.2	2.3.3	1.16.2	revision R1
2026-09-26T17:04:30Z	revision_r1.py	5fold-grouped	CMYKOGV-7	knn_cbrt	3.3077	8.7818	28.9851	3.8253	3302	0.0	ac10fb8	dirty	dobby-sin-MacBook-Pro.local	Darwin-arm64	3.12.11	1.7.2	2.3.3	1.16.2	revision R1
2026-09-26T17:04:31Z	revision_r1.py	5fold-grouped	CMYKOGV-7	svm_cbrt	0.8417	2.3241	6.3817	1.0079	3302	1.3	ac10fb8	dirty	dobby-sin-MacBook-Pro.local	Darwin-arm64	3.12.11	1.7.2	2.3.3	1.16.2	revision R1
2026-09-26T17:04:31Z	revision_r1.py	5fold-grouped	CMYKOGV-7	decision_tree_cbrt	5.0039	14.5652	30.5226	6.065	3302	0.0	ac10fb8	dirty	dobby-sin-MacBook-Pro.local	Darwin-arm64	3.12.11	1.7.2	2.3.3	1.16.2	revision R1
2026-09-26T17:04:34Z	revision_r1.py	5fold-kfold	PC11-CMYK	random_forest_tuned	2.1683	4.6272	11.2788	2.346	1588	28.1	ac10fb8	dirty	dobby-sin-MacBook-Pro.local	Darwin-arm64	3.12.11	1.7.2	2.3.3	1.16.2	revision R1
2026-09-26T17:04:34Z	revision_r1.py	5fold-grouped	KCMYG-5	random_forest_cbrt	2.2116	5.966	61.9572	2.6823	2214	5.9	ac10fb8	dirty	dobby-sin-MacBook-Pro.local	Darwin-arm64	3.12.11	1.7.2	2.3.3	1.16.2	revision R1
2026-09-26T17:04:36Z	revision_r1.py	5fold-grouped	CMYKOGV-7	random_forest_cbrt	3.0971	7.813	19.7314	3.559	3302	4.6	ac10fb8	dirty	dobby-sin-MacBook-Pro.local	Darwin-arm64	3.12.11	1.7.2	2.3.3	1.16.2	revision R1
2026-09-26T17:04:39Z	revision_r1.py	5fold-grouped	CMYKOGV-7	svm_cbrt_tuned	0.1703	0.7222	3.2351	0.2566	3302	1440.9	ac10fb8	dirty	dobby-sin-MacBook-Pro.local	Darwin-arm64	3.12.11	1.7.2	2.3.3	1.16.2	revision R1
2026-09-26T17:04:40Z	revision_r1.py	5fold-kfold	FOGRA51-CMYK	random_forest_tuned	2.2417	5.2965	19.305	2.5849	1588	27.8	ac10fb8	dirty	dobby-sin-MacBook-Pro.local	Darwin-arm64	3.12.11	1.7.2	2.3.3	1.16.2	revision R1
2026-09-26T17:04:44Z	revision_r1.py	5fold-grouped	CMYKOGV-7	gradient_boost_cbrt	2.3305	7.5088	24.0486	2.9772	3302	7.6	ac10fb8	dirty	dobby-sin-MacBook-Pro.local	Darwin-arm64	3.12.11	1.7.2	2.3.3	1.16.2	revision R1
2026-09-26T17:04:45Z	revision_r1.py	5fold-grouped	CMYKOGV-7	mlp_shallow_cbrt	1.7686	5.3413	13.9868	2.1932	3302	1.6	ac10fb8	dirty	dobby-sin-MacBook-Pro.local	Darwin-arm64	3.12.11	1.7.2	2.3.3	1.16.2	revision R1
2026-09-26T17:04:46Z	revision_r1.py	5fold-kfold	PC10-CMYK	mlp_shallow_tuned	1.446	11.3672	36.0644	2.9182	1588	17.1	ac10fb8	dirty	dobby-sin-MacBook-Pro.local	Darwin-arm64	3.12.11	1.7.2	2.3.3	1.16.2	revision R1
2026-09-26T17:04:48Z	revision_r1.py	5fold-grouped	KCMYG-5	gradient_boost_cbrt	2.4507	8.1946	33.1552	3.154	2214	13.4	ac10fb8	dirty	dobby-sin-MacBook-Pro.local	Darwin-arm64	3.12.11	1.7.2	2.3.3	1.16.2	revision R1
2026-09-26T17:04:48Z	revision_r1.py	5fold-grouped	CMYKOGB-7	ridge_cbrt	7.4154	21.037	44.5367	9.4345	2000	0.0	ac10fb8	dirty	dobby-sin-MacBook-Pro.local	Darwin-arm64	3.12.11	1.7.2	2.3.3	1.16.2	revision R1
2026-09-26T17:04:49Z	revision_r1.py	5fold-grouped	CMYKOGB-7	lasso_cbrt	7.6308	21.359	43.6229	9.6162	2000	0.0	ac10fb8	dirty	dobby-sin-MacBook-Pro.local	Darwin-arm64	3.12.11	1.7.2	2.3.3	1.16.2	revision R1
2026-09-26T17:04:49Z	revision_r1.py	5fold-grouped	CMYKOGB-7	elastic_cbrt	7.534	21.341	43.8626	9.5424	2000	0.0	ac10fb8	dirty	dobby-sin-MacBook-Pro.local	Darwin-arm64	3.12.11	1.7.2	2.3.3	1.16.2	revision R1
2026-09-26T17:04:49Z	revision_r1.py	5fold-grouped	CMYKOGB-7	pcr_cbrt	7.4154	21.037	44.5367	9.4345	2000	0.0	ac10fb8	dirty	dobby-sin-MacBook-Pro.local	Darwin-arm64	3.12.11	1.7.2	2.3.3	1.16.2	revision R1
2026-09-26T17:04:49Z	revision_r1.py	5fold-grouped	CMYKOGB-7	plsr_cbrt	15.7024	31.1163	46.5086	16.3948	2000	0.0	ac10fb8	dirty	dobby-sin-MacBook-Pro.local	Darwin-arm64	3.12.11	1.7.2	2.3.3	1.16.2	revision R1
2026-09-26T17:04:49Z	revision_r1.py	5fold-grouped	KCMYG-5	mlp_shallow_cbrt	1.7216	4.4858	19.9812	2.0611	2214	0.9	ac10fb8	dirty	dobby-sin-MacBook-Pro.local	Darwin-arm64	3.12.11	1.7.2	2.3.3	1.16.2	revision R1
2026-09-26T17:04:49Z	revision_r1.py	5fold-grouped	CMYKOGB-7	knn_cbrt	2.4719	7.0657	39.9822	3.1311	2000	0.0	ac10fb8	dirty	dobby-sin-MacBook-Pro.local	Darwin-arm64	3.12.11	1.7.2	2.3.3	1.16.2	revision R1
2026-09-26T17:04:51Z	revision_r1.py	5fold-kfold	PC11-CMYK	mlp_shallow_tuned	1.2618	10.1385	35.8468	2.5708	1588	16.9	ac10fb8	dirty	dobby-sin-MacBook-Pro.local	Darwin-arm64	3.12.11	1.7.2	2.3.3	1.16.2	revision R1
2026-09-26T17:04:52Z	revision_r1.py	5fold-grouped	CMYKOGB-7	mlp_deep_cbrt	1.821	5.9919	23.0366	2.348	2000	3.9	ac10fb8	dirty	dobby-sin-MacBook-Pro.local	Darwin-arm64	3.12.11	1.7.2	2.3.3	1.16.2	revision R1
2026-09-26T17:04:53Z	revision_r1.py	5fold-kfold	PC10-CMY	mlp_deep_cbrt	0.7738	2.5002	5.2256	0.986	795	1.0	ac10fb8	dirty	dobby-sin-MacBook-Pro.local	Darwin-arm64	3.12.11	1.7.2	2.3.3	1.16.2	revision R1
2026-09-26T17:04:53Z	revision_r1.py	5fold-grouped	CMYKOGB-7	svm_cbrt	1.1732	3.7559	17.9836	1.5363	2000	4.2	ac10fb8	dirty	dobby-sin-MacBook-Pro.local	Darwin-arm64	3.12.11	1.7.2	2.3.3	1.16.2	revision R1
2026-09-26T17:04:53Z	revision_r1.py	5fold-grouped	CMYKOGB-7	decision_tree_cbrt	4.7066	15.76	52.2012	5.9618	2000	0.0	ac10fb8	dirty	dobby-sin-MacBook-Pro.local	Darwin-arm64	3.12.11	1.7.2	2.3.3	1.16.2	revision R1
2026-09-26T17:04:54Z	revision_r1.py	5fold-kfold	PC10-CMY	ridge_cbrt	2.8224	7.1238	17.5659	3.2898	795	0.0	ac10fb8	dirty	dobby-sin-MacBook-Pro.local	Darwin-arm64	3.12.11	1.7.2	2.3.3	1.16.2	revision R1
2026-09-26T17:04:54Z	revision_r1.py	5fold-kfold	PC10-CMY	lasso_cbrt	2.8176	7.1875	17.3837	3.2975	795	0.0	ac10fb8	dirty	dobby-sin-MacBook-Pro.local	Darwin-arm64	3.12.11	1.7.2	2.3.3	1.16.2	revision R1
2026-09-26T17:04:54Z	revision_r1.py	5fold-kfold	PC10-CMY	elastic_cbrt	2.8236	7.1359	17.4661	3.2928	795	0.0	ac10fb8	dirty	dobby-sin-MacBook-Pro.local	Darwin-arm64	3.12.11	1.7.2	2.3.3	1.16.2	revision R1
2026-09-26T17:04:54Z	revision_r1.py	5fold-kfold	PC10-CMY	pcr_cbrt	2.8224	7.1238	17.5659	3.2898	795	0.0	ac10fb8	dirty	dobby-sin-MacBook-Pro.local	Darwin-arm64	3.12.11	1.7.2	2.3.3	1.16.2	revision R1
2026-09-26T17:04:54Z	revision_r1.py	5fold-kfold	PC10-CMY	plsr_cbrt	2.8132	7.0684	17.6263	3.2841	795	0.0	ac10fb8	dirty	dobby-sin-MacBook-Pro.local	Darwin-arm64	3.12.11	1.7.2	2.3.3	1.16.2	revision R1
2026-09-26T17:04:54Z	revision_r1.py	5fold-kfold	PC10-CMY	knn_cbrt	1.9395	4.1112	13.1156	2.1674	795	0.0	ac10fb8	dirty	dobby-sin-MacBook-Pro.local	Darwin-arm64	3.12.11	1.7.2	2.3.3	1.16.2	revision R1
2026-09-26T17:04:55Z	revision_r1.py	5fold-kfold	PC10-CMY	svm_cbrt	0.7033	1.496	3.0244	0.7767	795	0.1	ac10fb8	dirty	dobby-sin-MacBook-Pro.local	Darwin-arm64	3.12.11	1.7.2	2.3.3	1.16.2	revision R1
2026-09-26T17:04:55Z	revision_r1.py	5fold-kfold	PC10-CMY	decision_tree_cbrt	4.1763	8.5403	15.7795	4.5831	795	0.0	ac10fb8	dirty	dobby-sin-MacBook-Pro.local	Darwin-arm64	3.12.11	1.7.2	2.3.3	1.16.2	revision R1
2026-09-26T17:04:55Z	revision_r1.py	5fold-kfold	PC11-CMY	ridge_cbrt	2.696	6.7607	14.2168	3.1492	795	0.0	ac10fb8	dirty	dobby-sin-MacBook-Pro.local	Darwin-arm64	3.12.11	1.7.2	2.3.3	1.16.2	revision R1
2026-09-26T17:04:55Z	revision_r1.py	5fold-kfold	PC11-CMY	lasso_cbrt	2.6797	6.8171	14.0085	3.1607	795	0.0	ac10fb8	dirty	dobby-sin-MacBook-Pro.local	Darwin-arm64	3.12.11	1.7.2	2.3.3	1.16.2	revision R1
2026-09-26T17:04:55Z	revision_r1.py	5fold-kfold	PC11-CMY	elastic_cbrt	2.6924	6.7744	14.1114	3.1541	795	0.0	ac10fb8	dirty	dobby-sin-MacBook-Pro.local	Darwin-arm64	3.12.11	1.7.2	2.3.3	1.16.2	revision R1
2026-09-26T17:04:55Z	revision_r1.py	5fold-kfold	PC11-CMY	pcr_cbrt	2.696	6.7607	14.2168	3.1492	795	0.0	ac10fb8	dirty	dobby-sin-MacBook-Pro.local	Darwin-arm64	3.12.11	1.7.2	2.3.3	1.16.2	revision R1
2026-09-26T17:04:55Z	revision_r1.py	5fold-kfold	PC11-CMY	plsr_cbrt	2.6755	6.7489	14.2205	3.1429	795	0.0	ac10fb8	dirty	dobby-sin-MacBook-Pro.local	Darwin-arm64	3.12.11	1.7.2	2.3.3	1.16.2	revision R1
2026-09-26T17:04:56Z	revision_r1.py	5fold-kfold	PC11-CMY	knn_cbrt	1.899	4.0649	15.2415	2.1021	795	0.0	ac10fb8	dirty	dobby-sin-MacBook-Pro.local	Darwin-arm64	3.12.11	1.7.2	2.3.3	1.16.2	revision R1
2026-09-26T17:04:55Z	revision_r1.py	5fold-kfold	PC11-CMY	mlp_deep_cbrt	0.9141	2.7411	8.3839	1.1409	795	0.8	ac10fb8	dirty	dobby-sin-MacBook-Pro.local	Darwin-arm64	3.12.11	1.7.2	2.3.3	1.16.2	revision R1
2026-09-26T17:04:56Z	revision_r1.py	5fold-kfold	PC11-CMY	svm_cbrt	0.727	1.582	3.1254	0.8024	795	0.1	ac10fb8	dirty	dobby-sin-MacBook-Pro.local	Darwin-arm64	3.12.11	1.7.2	2.3.3	1.16.2	revision R1
2026-09-26T17:04:56Z	revision_r1.py	5fold-kfold	PC11-CMY	decision_tree_cbrt	3.9861	7.8315	14.8101	4.3499	795	0.0	ac10fb8	dirty	dobby-sin-MacBook-Pro.local	Darwin-arm64	3.12.11	1.7.2	2.3.3	1.16.2	revision R1
2026-09-26T17:04:56Z	revision_r1.py	5fold-kfold	PC10-CMY	random_forest_cbrt	1.926	3.8799	8.8112	2.0902	795	1.0	ac10fb8	dirty	dobby-sin-MacBook-Pro.local	Darwin-arm64	3.12.11	1.7.2	2.3.3	1.16.2	revision R1
2026-09-26T17:04:56Z	revision_r1.py	5fold-kfold	FOGRA51-CMYK	mlp_shallow_tuned	1.5001	11.0617	36.0873	2.9263	1588	16.0	ac10fb8	dirty	dobby-sin-MacBook-Pro.local	Darwin-arm64	3.12.11	1.7.2	2.3.3	1.16.2	revision R1
2026-09-26T17:04:57Z	revision_r1.py	5fold-kfold	PC11-CMY	random_forest_cbrt	1.8877	3.842	9.2415	2.0635	795	1.1	ac10fb8	dirty	dobby-sin-MacBook-Pro.local	Darwin-arm64	3.12.11	1.7.2	2.3.3	1.16.2	revision R1
2026-09-26T17:04:57Z	revision_r1.py	5fold-kfold	PC10-CMY	gradient_boost_cbrt	0.8033	3.1096	26.206	1.2039	795	1.5	ac10fb8	dirty	dobby-sin-MacBook-Pro.local	Darwin-arm64	3.12.11	1.7.2	2.3.3	1.16.2	revision R1
2026-09-26T17:04:58Z	revision_r1.py	5fold-kfold	PC10-CMY	mlp_shallow_cbrt	0.9988	2.8668	7.8475	1.2412	795	0.1	ac10fb8	dirty	dobby-sin-MacBook-Pro.local	Darwin-arm64	3.12.11	1.7.2	2.3.3	1.16.2	revision R1
2026-09-26T17:04:59Z	revision_r1.py	5fold-kfold	PC11-CMY	gradient_boost_cbrt	0.753	3.2209	23.639	1.1099	795	1.6	ac10fb8	dirty	dobby-sin-MacBook-Pro.local	Darwin-arm64	3.12.11	1.7.2	2.3.3	1.16.2	revision R1
2026-09-26T17:04:59Z	revision_r1.py	5fold-grouped	CMYKOGB-7	random_forest_cbrt	2.0984	6.4264	37.8672	2.6924	2000	5.1	ac10fb8	dirty	dobby-sin-MacBook-Pro.local	Darwin-arm64	3.12.11	1.7.2	2.3.3	1.16.2	revision R1
2026-09-26T17:04:59Z	revision_r1.py	5fold-kfold	FOGRA51-CMY	ridge_cbrt	2.9165	7.1822	15.8698	3.2929	795	0.0	ac10fb8	dirty	dobby-sin-MacBook-Pro.local	Darwin-arm64	3.12.11	1.7.2	2.3.3	1.16.2	revision R1
2026-09-26T17:04:59Z	revision_r1.py	5fold-kfold	FOGRA51-CMY	lasso_cbrt	2.9479	7.3245	15.7046	3.3073	795	0.0	ac10fb8	dirty	dobby-sin-MacBook-Pro.local	Darwin-arm64	3.12.11	1.7.2	2.3.3	1.16.2	revision R1
2026-09-26T17:04:59Z	revision_r1.py	5fold-kfold	PC11-CMY	mlp_shallow_cbrt	1.0298	3.5674	8.0672	1.326	795	0.1	ac10fb8	dirty	dobby-sin-MacBook-Pro.local	Darwin-arm64	3.12.11	1.7.2	2.3.3	1.16.2	revision R1
2026-09-26T17:04:59Z	revision_r1.py	5fold-kfold	FOGRA51-CMY	mlp_deep_cbrt	1.0439	2.6798	5.8933	1.2116	795	1.0	ac10fb8	dirty	dobby-sin-MacBook-Pro.local	Darwin-arm64	3.12.11	1.7.2	2.3.3	1.16.2	revision R1
2026-09-26T17:04:59Z	revision_r1.py	5fold-kfold	FOGRA51-CMY	elastic_cbrt	2.9203	7.2606	15.7737	3.2992	795	0.0	ac10fb8	dirty	dobby-sin-MacBook-Pro.local	Darwin-arm64	3.12.11	1.7.2	2.3.3	1.16.2	revision R1
2026-09-26T17:04:59Z	revision_r1.py	5fold-kfold	FOGRA51-CMY	pcr_cbrt	2.9165	7.1822	15.8698	3.2929	795	0.0	ac10fb8	dirty	dobby-sin-MacBook-Pro.local	Darwin-arm64	3.12.11	1.7.2	2.3.3	1.16.2	revision R1
2026-09-26T17:04:59Z	revision_r1.py	5fold-kfold	FOGRA51-CMY	plsr_cbrt	2.9089	7.1866	15.9644	3.2877	795	0.0	ac10fb8	dirty	dobby-sin-MacBook-Pro.local	Darwin-arm64	3.12.11	1.7.2	2.3.3	1.16.2	revision R1
2026-09-26T17:04:59Z	revision_r1.py	5fold-kfold	FOGRA51-CMY	knn_cbrt	1.8873	4.2675	13.0104	2.1001	795	0.0	ac10fb8	dirty	dobby-sin-MacBook-Pro.local	Darwin-arm64	3.12.11	1.7.2	2.3.3	1.16.2	revision R1
2026-09-26T17:05:00Z	revision_r1.py	5fold-kfold	FOGRA51-CMY	svm_cbrt	0.6881	1.6177	3.0189	0.7866	795	0.1	ac10fb8	dirty	dobby-sin-MacBook-Pro.local	Darwin-arm64	3.12.11	1.7.2	2.3.3	1.16.2	revision R1
2026-09-26T17:05:00Z	revision_r1.py	5fold-kfold	FOGRA51-CMY	decision_tree_cbrt	4.1947	8.4143	23.3797	4.609	795	0.0	ac10fb8	dirty	dobby-sin-MacBook-Pro.local	Darwin-arm64	3.12.11	1.7.2	2.3.3	1.16.2	revision R1
2026-09-26T17:05:01Z	revision_r1.py	5fold-kfold	FOGRA51-CMY	random_forest_cbrt	2.0132	4.1583	10.9394	2.2035	795	1.4	ac10fb8	dirty	dobby-sin-MacBook-Pro.local	Darwin-arm64	3.12.11	1.7.2	2.3.3	1.16.2	revision R1
2026-09-26T17:05:02Z	revision_r1.py	5fold-kfold	PC10-CMYK	ridge_cbrt	4.5512	11.414	24.3153	5.2893	1588	0.0	ac10fb8	dirty	dobby-sin-MacBook-Pro.local	Darwin-arm64	3.12.11	1.7.2	2.3.3	1.16.2	revision R1
2026-09-26T17:05:02Z	revision_r1.py	5fold-kfold	PC10-CMYK	lasso_cbrt	4.5579	11.5858	24.7622	5.3453	1588	0.0	ac10fb8	dirty	dobby-sin-MacBook-Pro.local	Darwin-arm64	3.12.11	1.7.2	2.3.3	1.16.2	revision R1
2026-09-26T17:05:02Z	revision_r1.py	5fold-kfold	PC10-CMYK	elastic_cbrt	4.5646	11.5411	24.5793	5.3295	1588	0.0	ac10fb8	dirty	dobby-sin-MacBook-Pro.local	Darwin-arm64	3.12.11	1.7.2	2.3.3	1.16.2	revision R1
2026-09-26T17:05:02Z	revision_r1.py	5fold-kfold	PC10-CMYK	pcr_cbrt	4.5512	11.414	24.3153	5.2893	1588	0.0	ac10fb8	dirty	dobby-sin-MacBook-Pro.local	Darwin-arm64	3.12.11	1.7.2	2.3.3	1.16.2	revision R1
2026-09-26T17:05:02Z	revision_r1.py	5fold-kfold	PC10-CMYK	plsr_cbrt	4.7933	12.3218	25.0778	5.6136	1588	0.0	ac10fb8	dirty	dobby-sin-MacBook-Pro.local	Darwin-arm64	3.12.11	1.7.2	2.3.3	1.16.2	revision R1
2026-09-26T17:05:02Z	revision_r1.py	5fold-kfold	PC10-CMYK	mlp_deep_cbrt	1.3081	4.6006	12.8248	1.7492	1588	2.0	ac10fb8	dirty	dobby-sin-MacBook-Pro.local	Darwin-arm64	3.12.11	1.7.2	2.3.3	1.16.2	revision R1
2026-09-26T17:05:02Z	revision_r1.py	5fold-kfold	PC10-CMYK	knn_cbrt	2.1493	5.36	11.5577	2.523	1588	0.0	ac10fb8	dirty	dobby-sin-MacBook-Pro.local	Darwin-arm64	3.12.11	1.7.2	2.3.3	1.16.2	revision R1
2026-09-26T17:05:03Z	revision_r1.py	5fold-kfold	PC10-CMYK	svm_cbrt	0.6677	1.6801	5.2224	0.7851	1588	0.2	ac10fb8	dirty	dobby-sin-MacBook-Pro.local	Darwin-arm64	3.12.11	1.7.2	2.3.3	1.16.2	revision R1
2026-09-26T17:05:03Z	revision_r1.py	5fold-kfold	FOGRA51-CMY	gradient_boost_cbrt	0.8151	3.1047	24.769	1.1983	795	1.5	ac10fb8	dirty	dobby-sin-MacBook-Pro.local	Darwin-arm64	3.12.11	1.7.2	2.3.3	1.16.2	revision R1
2026-09-26T17:05:03Z	revision_r1.py	5fold-kfold	PC10-CMYK	decision_tree_cbrt	4.4389	9.4536	24.3449	4.9223	1588	0.0	ac10fb8	dirty	dobby-sin-MacBook-Pro.local	Darwin-arm64	3.12.11	1.7.2	2.3.3	1.16.2	revision R1
2026-09-26T17:05:03Z	revision_r1.py	5fold-kfold	FOGRA51-CMY	mlp_shallow_cbrt	1.0487	2.8902	6.0673	1.2508	795	0.1	ac10fb8	dirty	dobby-sin-MacBook-Pro.local	Darwin-arm64	3.12.11	1.7.2	2.3.3	1.16.2	revision R1
2026-09-26T17:05:03Z	revision_r1.py	5fold-kfold	PC11-CMYK	mlp_deep_cbrt	1.3823	4.2879	11.2441	1.7431	1588	1.6	ac10fb8	dirty	dobby-sin-MacBook-Pro.local	Darwin-arm64	3.12.11	1.7.2	2.3.3	1.16.2	revision R1
2026-09-26T17:05:05Z	revision_r1.py	5fold-kfold	PC11-CMYK	ridge_cbrt	4.3662	10.791	23.3246	5.0795	1588	0.0	ac10fb8	dirty	dobby-sin-MacBook-Pro.local	Darwin-arm64	3.12.11	1.7.2	2.3.3	1.16.2	revision R1
2026-09-26T17:05:05Z	revision_r1.py	5fold-kfold	PC11-CMYK	lasso_cbrt	4.3946	11.0417	23.7315	5.1356	1588	0.0	ac10fb8	dirty	dobby-sin-MacBook-Pro.local	Darwin-arm64	3.12.11	1.7.2	2.3.3	1.16.2	revision R1
2026-09-26T17:05:05Z	revision_r1.py	5fold-kfold	PC11-CMYK	elastic_cbrt	4.3856	10.9231	23.5579	5.1199	1588	0.0	ac10fb8	dirty	dobby-sin-MacBook-Pro.local	Darwin-arm64	3.12.11	1.7.2	2.3.3	1.16.2	revision R1
2026-09-26T17:05:05Z	revision_r1.py	5fold-kfold	PC11-CMYK	pcr_cbrt	4.3662	10.791	23.3246	5.0795	1588	0.0	ac10fb8	dirty	dobby-sin-MacBook-Pro.local	Darwin-arm64	3.12.11	1.7.2	2.3.3	1.16.2	revision R1
2026-09-26T17:05:05Z	revision_r1.py	5fold-kfold	PC10-CMYK	random_forest_cbrt	2.0914	4.6763	13.8467	2.3052	1588	2.3	ac10fb8	dirty	dobby-sin-MacBook-Pro.local	Darwin-arm64	3.12.11	1.7.2	2.3.3	1.16.2	revision R1
2026-09-26T17:05:06Z	revision_r1.py	5fold-kfold	PC11-CMYK	plsr_cbrt	4.7285	11.9856	23.3734	5.4452	1588	0.0	ac10fb8	dirty	dobby-sin-MacBook-Pro.local	Darwin-arm64	3.12.11	1.7.2	2.3.3	1.16.2	revision R1
2026-09-26T17:05:06Z	revision_r1.py	5fold-kfold	PC11-CMYK	knn_cbrt	2.0402	5.1852	10.0142	2.387	1588	0.0	ac10fb8	dirty	dobby-sin-MacBook-Pro.local	Darwin-arm64	3.12.11	1.7.2	2.3.3	1.16.2	revision R1
2026-09-26T17:05:06Z	revision_r1.py	5fold-kfold	PC11-CMYK	svm_cbrt	0.6398	1.5747	4.1024	0.7459	1588	0.2	ac10fb8	dirty	dobby-sin-MacBook-Pro.local	Darwin-arm64	3.12.11	1.7.2	2.3.3	1.16.2	revision R1
2026-09-26T17:05:06Z	revision_r1.py	5fold-kfold	PC11-CMYK	decision_tree_cbrt	4.1796	8.4993	22.321	4.564	1588	0.0	ac10fb8	dirty	dobby-sin-MacBook-Pro.local	Darwin-arm64	3.12.11	1.7.2	2.3.3	1.16.2	revision R1
2026-09-26T17:05:06Z	revision_r1.py	5fold-kfold	FOGRA51-CMYK	ridge_cbrt	4.3534	11.6641	29.6977	5.1311	1588	0.0	ac10fb8	dirty	dobby-sin-MacBook-Pro.local	Darwin-arm64	3.12.11	1.7.2	2.3.3	1.16.2	revision R1
2026-09-26T17:05:06Z	revision_r1.py	5fold-kfold	FOGRA51-CMYK	lasso_cbrt	4.4036	11.7495	30.137	5.1823	1588	0.0	ac10fb8	dirty	dobby-sin-MacBook-Pro.local	Darwin-arm64	3.12.11	1.7.2	2.3.3	1.16.2	revision R1
2026-09-26T17:05:06Z	revision_r1.py	5fold-kfold	FOGRA51-CMYK	elastic_cbrt	4.3753	11.6843	29.9379	5.1676	1588	0.0	ac10fb8	dirty	dobby-sin-MacBook-Pro.local	Darwin-arm64	3.12.11	1.7.2	2.3.3	1.16.2	revision R1
2026-09-26T17:05:06Z	revision_r1.py	5fold-kfold	FOGRA51-CMYK	pcr_cbrt	4.3534	11.6641	29.6977	5.1311	1588	0.0	ac10fb8	dirty	dobby-sin-MacBook-Pro.local	Darwin-arm64	3.12.11	1.7.2	2.3.3	1.16.2	revision R1
2026-09-26T17:05:07Z	revision_r1.py	5fold-kfold	FOGRA51-CMYK	plsr_cbrt	4.4564	11.9404	31.0562	5.2827	1588	0.0	ac10fb8	dirty	dobby-sin-MacBook-Pro.local	Darwin-arm64	3.12.11	1.7.2	2.3.3	1.16.2	revision R1
2026-09-26T17:05:07Z	revision_r1.py	5fold-kfold	FOGRA51-CMYK	knn_cbrt	2.137	5.5238	19.8367	2.5474	1588	0.0	ac10fb8	dirty	dobby-sin-MacBook-Pro.local	Darwin-arm64	3.12.11	1.7.2	2.3.3	1.16.2	revision R1
2026-09-26T17:05:07Z	revision_r1.py	5fold-kfold	FOGRA51-CMYK	svm_cbrt	0.6707	1.5067	6.6865	0.7702	1588	0.2	ac10fb8	dirty	dobby-sin-MacBook-Pro.local	Darwin-arm64	3.12.11	1.7.2	2.3.3	1.16.2	revision R1
2026-09-26T17:05:07Z	revision_r1.py	5fold-kfold	FOGRA51-CMYK	decision_tree_cbrt	4.3292	9.41	18.3896	4.8566	1588	0.0	ac10fb8	dirty	dobby-sin-MacBook-Pro.local	Darwin-arm64	3.12.11	1.7.2	2.3.3	1.16.2	revision R1
2026-09-26T17:05:07Z	revision_r1.py	5fold-kfold	FOGRA51-CMYK	mlp_deep_cbrt	1.22	4.1503	13.6519	1.6109	1588	1.6	ac10fb8	dirty	dobby-sin-MacBook-Pro.local	Darwin-arm64	3.12.11	1.7.2	2.3.3	1.16.2	revision R1
2026-09-26T17:05:08Z	revision_r1.py	5fold-kfold	PC11-CMYK	random_forest_cbrt	1.9844	4.6412	15.2645	2.2333	1588	2.1	ac10fb8	dirty	dobby-sin-MacBook-Pro.local	Darwin-arm64	3.12.11	1.7.2	2.3.3	1.16.2	revision R1
2026-09-26T17:05:08Z	revision_r1.py	5fold-kfold	PC10-CMYK	gradient_boost_cbrt	1.1944	4.3514	24.7213	1.6037	1588	2.8	ac10fb8	dirty	dobby-sin-MacBook-Pro.local	Darwin-arm64	3.12.11	1.7.2	2.3.3	1.16.2	revision R1
2026-09-26T17:05:09Z	revision_r1.py	5fold-kfold	PC10-CMYK	mlp_shallow_cbrt	1.2655	4.3928	16.2418	1.6934	1588	0.5	ac10fb8	dirty	dobby-sin-MacBook-Pro.local	Darwin-arm64	3.12.11	1.7.2	2.3.3	1.16.2	revision R1
2026-09-26T17:05:10Z	revision_r1.py	5fold-kfold	FOGRA51-CMYK	random_forest_cbrt	2.0421	4.8926	8.8377	2.3058	1588	2.1	ac10fb8	dirty	dobby-sin-MacBook-Pro.local	Darwin-arm64	3.12.11	1.7.2	2.3.3	1.16.2	revision R1
2026-09-26T17:05:10Z	revision_r1.py	5fold-grouped	CMYKOGB-7	gradient_boost_cbrt	2.6538	9.6011	28.3388	3.6069	2000	10.7	ac10fb8	dirty	dobby-sin-MacBook-Pro.local	Darwin-arm64	3.12.11	1.7.2	2.3.3	1.16.2	revision R1
2026-09-26T17:05:11Z	revision_r1.py	5fold-grouped	CMYKOGB-7	mlp_shallow_cbrt	2.0081	7.176	25.2784	2.6935	2000	1.1	ac10fb8	dirty	dobby-sin-MacBook-Pro.local	Darwin-arm64	3.12.11	1.7.2	2.3.3	1.16.2	revision R1
2026-09-26T17:05:12Z	revision_r1.py	5fold-kfold	PC11-CMYK	gradient_boost_cbrt	1.1351	4.2032	23.0271	1.5221	1588	3.1	ac10fb8	dirty	dobby-sin-MacBook-Pro.local	Darwin-arm64	3.12.11	1.7.2	2.3.3	1.16.2	revision R1
2026-09-26T17:05:12Z	revision_r1.py	5fold-kfold	PC11-CMYK	mlp_shallow_cbrt	1.2615	3.8282	15.3412	1.5919	1588	0.4	ac10fb8	dirty	dobby-sin-MacBook-Pro.local	Darwin-arm64	3.12.11	1.7.2	2.3.3	1.16.2	revision R1
2026-09-26T17:05:13Z	revision_r1.py	5fold-kfold	FOGRA51-CMYK	gradient_boost_cbrt	1.1117	4.7574	12.9527	1.6325	1588	3.1	ac10fb8	dirty	dobby-sin-MacBook-Pro.local	Darwin-arm64	3.12.11	1.7.2	2.3.3	1.16.2	revision R1
2026-09-26T17:05:13Z	revision_r1.py	5fold-kfold	FOGRA51-CMYK	mlp_shallow_cbrt	1.3572	4.2323	19.7964	1.7899	1588	0.5	ac10fb8	dirty	dobby-sin-MacBook-Pro.local	Darwin-arm64	3.12.11	1.7.2	2.3.3	1.16.2	revision R1
2026-09-26T17:05:33Z	revision_r1.py	5fold-kfold	PC10-CMY	mlp_deep_tuned	1.0664	3.5051	17.4752	1.3829	795	20.9	ac10fb8	dirty	dobby-sin-MacBook-Pro.local	Darwin-arm64	3.12.11	1.7.2	2.3.3	1.16.2	revision R1
2026-09-26T17:05:57Z	revision_r1.py	5fold-kfold	PC11-CMY	mlp_deep_tuned	1.0315	3.1766	16.2877	1.318	795	21.6	ac10fb8	dirty	dobby-sin-MacBook-Pro.local	Darwin-arm64	3.12.11	1.7.2	2.3.3	1.16.2	revision R1
2026-09-26T17:05:58Z	revision_r1.py	5fold-kfold	PC10-CMY	gaussian_process	0.0465	0.1525	2.2739	0.0688	795	48.3	ac10fb8	dirty	dobby-sin-MacBook-Pro.local	Darwin-arm64	3.12.11	1.7.2	2.3.3	1.16.2	revision R1
2026-09-26T17:06:01Z	revision_r1.py	5fold-kfold	FOGRA51-CMY	gradient_boost_cbrt_tuned	0.6739	2.9524	20.6002	1.0624	795	95.4	ac10fb8	dirty	dobby-sin-MacBook-Pro.local	Darwin-arm64	3.12.11	1.7.2	2.3.3	1.16.2	revision R1
2026-09-26T17:06:06Z	revision_r1.py	5fold-kfold	PC11-CMY	gaussian_process	0.0461	0.1394	1.747	0.0643	795	49.9	ac10fb8	dirty	dobby-sin-MacBook-Pro.local	Darwin-arm64	3.12.11	1.7.2	2.3.3	1.16.2	revision R1
2026-09-26T17:06:07Z	revision_r1.py	5fold-kfold	FOGRA51-CMY	svm_cbrt_tuned	0.1105	0.283	1.2018	0.1316	795	85.4	ac10fb8	dirty	dobby-sin-MacBook-Pro.local	Darwin-arm64	3.12.11	1.7.2	2.3.3	1.16.2	revision R1
2026-09-26T17:06:24Z	revision_r1.py	5fold-kfold	FOGRA51-CMY	random_forest_cbrt_tuned	2.0771	4.0687	10.9394	2.2166	795	19.5	ac10fb8	dirty	dobby-sin-MacBook-Pro.local	Darwin-arm64	3.12.11	1.7.2	2.3.3	1.16.2	revision R1
2026-09-26T17:06:24Z	revision_r1.py	5fold-kfold	FOGRA51-CMY	knn_cbrt_tuned	1.7552	3.9629	10.1535	1.9366	795	0.2	ac10fb8	dirty	dobby-sin-MacBook-Pro.local	Darwin-arm64	3.12.11	1.7.2	2.3.3	1.16.2	revision R1
2026-09-26T17:06:32Z	revision_r1.py	5fold-kfold	PC10-CMY	svm_tuned	0.1172	0.36	2.606	0.1586	795	77.5	ac10fb8	dirty	dobby-sin-MacBook-Pro.local	Darwin-arm64	3.12.11	1.7.2	2.3.3	1.16.2	revision R1
2026-09-26T17:06:40Z	revision_r1.py	5fold-kfold	PC10-CMYK	mlp_deep_cbrt_tuned	1.0588	3.9261	10.9015	1.4351	1588	29.6	ac10fb8	dirty	dobby-sin-MacBook-Pro.local	Darwin-arm64	3.12.11	1.7.2	2.3.3	1.16.2	revision R1
2026-09-26T17:06:48Z	revision_r1.py	5fold-kfold	PC10-CMY	gaussian_process_cbrt	0.041	0.148	2.2703	0.0638	795	49.2	ac10fb8	dirty	dobby-sin-MacBook-Pro.local	Darwin-arm64	3.12.11	1.7.2	2.3.3	1.16.2	revision R1
2026-09-26T17:06:52Z	revision_r1.py	5fold-kfold	PC10-CMY	gradient_boost_tuned	0.6866	2.6133	26.1646	1.0233	795	97.6	ac10fb8	dirty	dobby-sin-MacBook-Pro.local	Darwin-arm64	3.12.11	1.7.2	2.3.3	1.16.2	revision R1
2026-09-26T17:06:57Z	revision_r1.py	5fold-kfold	PC11-CMY	gaussian_process_cbrt	0.0428	0.1315	1.7492	0.0594	795	50.3	ac10fb8	dirty	dobby-sin-MacBook-Pro.local	Darwin-arm64	3.12.11	1.7.2	2.3.3	1.16.2	revision R1
2026-09-26T17:07:11Z	revision_r1.py	5fold-kfold	FOGRA51-CMY	mlp_deep_tuned	1.0974	3.9221	15.2138	1.5102	795	20.5	ac10fb8	dirty	dobby-sin-MacBook-Pro.local	Darwin-arm64	3.12.11	1.7.2	2.3.3	1.16.2	revision R1
2026-09-26T17:07:32Z	revision_r1.py	5fold-kfold	PC11-CMY	svm_tuned	0.1174	0.3865	1.5359	0.1549	795	56.2	ac10fb8	dirty	dobby-sin-MacBook-Pro.local	Darwin-arm64	3.12.11	1.7.2	2.3.3	1.16.2	revision R1
2026-09-26T17:07:33Z	revision_r1.py	5fold-kfold	FOGRA51-CMY	gaussian_process	0.0574	0.182	0.6788	0.072	795	43.2	ac10fb8	dirty	dobby-sin-MacBook-Pro.local	Darwin-arm64	3.12.11	1.7.2	2.3.3	1.16.2	revision R1
2026-09-26T17:07:36Z	revision_r1.py	5fold-kfold	PC11-CMY	gradient_boost_tuned	0.5594	2.357	11.921	0.807	795	95.3	ac10fb8	dirty	dobby-sin-MacBook-Pro.local	Darwin-arm64	3.12.11	1.7.2	2.3.3	1.16.2	revision R1
2026-09-26T17:08:08Z	revision_r1.py	5fold-kfold	PC10-CMYK	mlp_deep_tuned	1.4553	9.1553	34.7142	2.6049	1588	33.8	ac10fb8	dirty	dobby-sin-MacBook-Pro.local	Darwin-arm64	3.12.11	1.7.2	2.3.3	1.16.2	revision R1
2026-09-26T17:08:23Z	revision_r1.py	5fold-kfold	FOGRA51-CMY	svm_tuned	0.1211	0.3461	2.854	0.1517	795	84.0	ac10fb8	dirty	dobby-sin-MacBook-Pro.local	Darwin-arm64	3.12.11	1.7.2	2.3.3	1.16.2	revision R1
2026-09-26T17:08:24Z	revision_r1.py	5fold-kfold	FOGRA51-CMY	gaussian_process_cbrt	0.0532	0.165	0.4577	0.0682	795	50.3	ac10fb8	dirty	dobby-sin-MacBook-Pro.local	Darwin-arm64	3.12.11	1.7.2	2.3.3	1.16.2	revision R1
2026-09-26T17:08:26Z	revision_r1.py	5fold-kfold	FOGRA51-CMY	gradient_boost_tuned	0.706	2.836	22.7205	1.0553	795	91.9	ac10fb8	dirty	dobby-sin-MacBook-Pro.local	Darwin-arm64	3.12.11	1.7.2	2.3.3	1.16.2	revision R1
2026-09-26T17:09:02Z	revision_r1.py	5fold-kfold	PC11-CMYK	mlp_deep_tuned	1.3027	7.4592	30.3152	2.2916	1588	36.0	ac10fb8	dirty	dobby-sin-MacBook-Pro.local	Darwin-arm64	3.12.11	1.7.2	2.3.3	1.16.2	revision R1
2026-09-26T17:09:06Z	revision_r1.py	5fold-kfold	PC10-CMYK	gradient_boost_cbrt_tuned	0.7506	3.0823	25.4947	1.144	1588	158.7	ac10fb8	dirty	dobby-sin-MacBook-Pro.local	Darwin-arm64	3.12.11	1.7.2	2.3.3	1.16.2	revision R1
2026-09-26T17:09:39Z	revision_r1.py	5fold-kfold	PC10-CMYK	random_forest_cbrt_tuned	1.8861	3.8306	7.5141	2.0218	1588	29.9	ac10fb8	dirty	dobby-sin-MacBook-Pro.local	Darwin-arm64	3.12.11	1.7.2	2.3.3	1.16.2	revision R1
2026-09-26T17:09:39Z	revision_r1.py	5fold-kfold	PC10-CMYK	knn_cbrt_tuned	1.9672	5.1309	12.0935	2.3428	1588	0.4	ac10fb8	dirty	dobby-sin-MacBook-Pro.local	Darwin-arm64	3.12.11	1.7.2	2.3.3	1.16.2	revision R1
2026-09-26T17:09:48Z	revision_r1.py	5fold-kfold	PC10-CMYK	svm_cbrt_tuned	0.1099	0.3034	3.1575	0.1407	1588	184.0	ac10fb8	dirty	dobby-sin-MacBook-Pro.local	Darwin-arm64	3.12.11	1.7.2	2.3.3	1.16.2	revision R1
2026-09-26T17:10:11Z	revision_r1.py	5fold-kfold	PC11-CMYK	mlp_deep_cbrt_tuned	1.0228	4.1248	9.1068	1.4297	1588	27.6	ac10fb8	dirty	dobby-sin-MacBook-Pro.local	Darwin-arm64	3.12.11	1.7.2	2.3.3	1.16.2	revision R1
2026-09-26T17:10:24Z	revision_r1.py	5fold-kfold	PC10-CMYK	gradient_boost_tuned	1.0658	5.1208	25.2083	1.6785	1588	165.0	ac10fb8	dirty	dobby-sin-MacBook-Pro.local	Darwin-arm64	3.12.11	1.7.2	2.3.3	1.16.2	revision R1
2026-09-26T17:11:11Z	revision_r1.py	5fold-kfold	PC11-CMYK	gradient_boost_tuned	0.9404	4.4355	23.1231	1.5169	1588	162.2	ac10fb8	dirty	dobby-sin-MacBook-Pro.local	Darwin-arm64	3.12.11	1.7.2	2.3.3	1.16.2	revision R1
2026-09-26T17:11:44Z	revision_r1.py	5fold-kfold	PC10-CMYK	gaussian_process	0.0563	0.4709	7.2266	0.1547	1588	269.8	ac10fb8	dirty	dobby-sin-MacBook-Pro.local	Darwin-arm64	3.12.11	1.7.2	2.3.3	1.16.2	revision R1
2026-09-26T17:11:50Z	revision_r1.py	5fold-kfold	FOGRA51-CMYK	mlp_deep_tuned	1.4976	8.9933	29.62	2.5797	1588	35.5	ac10fb8	dirty	dobby-sin-MacBook-Pro.local	Darwin-arm64	3.12.11	1.7.2	2.3.3	1.16.2	revision R1
2026-09-26T17:12:30Z	revision_r1.py	5fold-kfold	PC11-CMYK	gradient_boost_cbrt_tuned	0.7114	2.9941	23.1086	1.0628	1588	159.5	ac10fb8	dirty	dobby-sin-MacBook-Pro.local	Darwin-arm64	3.12.11	1.7.2	2.3.3	1.16.2	revision R1
2026-09-26T17:12:51Z	revision_r1.py	5fold-kfold	PC11-CMYK	gaussian_process	0.057	0.3826	7.684	0.1331	1588	265.0	ac10fb8	dirty	dobby-sin-MacBook-Pro.local	Darwin-arm64	3.12.11	1.7.2	2.3.3	1.16.2	revision R1
2026-09-26T17:13:04Z	revision_r1.py	5fold-kfold	PC11-CMYK	random_forest_cbrt_tuned	1.8065	3.6966	7.9133	1.9411	1588	30.7	ac10fb8	dirty	dobby-sin-MacBook-Pro.local	Darwin-arm64	3.12.11	1.7.2	2.3.3	1.16.2	revision R1
2026-09-26T17:13:05Z	revision_r1.py	5fold-kfold	PC11-CMYK	knn_cbrt_tuned	1.894	4.8946	9.905	2.2211	1588	0.4	ac10fb8	dirty	dobby-sin-MacBook-Pro.local	Darwin-arm64	3.12.11	1.7.2	2.3.3	1.16.2	revision R1
2026-09-26T17:13:14Z	revision_r1.py	5fold-kfold	PC11-CMYK	svm_cbrt_tuned	0.1026	0.3131	2.1682	0.1354	1588	179.9	ac10fb8	dirty	dobby-sin-MacBook-Pro.local	Darwin-arm64	3.12.11	1.7.2	2.3.3	1.16.2	revision R1
2026-09-26T17:13:39Z	revision_r1.py	5fold-kfold	FOGRA51-CMYK	mlp_deep_cbrt_tuned	1.0067	3.8286	11.6082	1.4107	1588	30.7	ac10fb8	dirty	dobby-sin-MacBook-Pro.local	Darwin-arm64	3.12.11	1.7.2	2.3.3	1.16.2	revision R1
2026-09-26T17:14:23Z	revision_r1.py	5fold-kfold	PC11-CMYK	svm_tuned	0.1432	1.0463	14.193	0.3251	1588	317.9	ac10fb8	dirty	dobby-sin-MacBook-Pro.local	Darwin-arm64	3.12.11	1.7.2	2.3.3	1.16.2	revision R1
2026-09-26T17:14:34Z	revision_r1.py	5fold-kfold	PC10-CMYK	svm_tuned	0.143	1.1398	11.2503	0.3598	1588	383.2	ac10fb8	dirty	dobby-sin-MacBook-Pro.local	Darwin-arm64	3.12.11	1.7.2	2.3.3	1.16.2	revision R1
2026-09-26T17:14:35Z	revision_r1.py	5fold-kfold	FOGRA51-CMYK	gradient_boost_tuned	0.9899	5.2129	28.5278	1.6832	1588	162.5	ac10fb8	dirty	dobby-sin-MacBook-Pro.local	Darwin-arm64	3.12.11	1.7.2	2.3.3	1.16.2	revision R1
2026-09-26T17:14:37Z	revision_r1.py	5fold-grouped	KCMYG-5	poly4_cbrt	0.8534	2.1185	39.4884	1.0647	2214	0.1	ac10fb8	dirty	dobby-sin-MacBook-Pro.local	Darwin-arm64	3.12.11	1.7.2	2.3.3	1.16.2	revision R1
2026-09-26T17:14:37Z	revision_r1.py	5fold-grouped	KCMYG-5	poly3_cbrt	1.024	2.3893	29.2298	1.2022	2214	0.0	ac10fb8	dirty	dobby-sin-MacBook-Pro.local	Darwin-arm64	3.12.11	1.7.2	2.3.3	1.16.2	revision R1
2026-09-26T17:14:37Z	revision_r1.py	5fold-grouped	KCMYG-5	poly3	1.4574	7.9282	65.7422	2.5777	2214	0.0	ac10fb8	dirty	dobby-sin-MacBook-Pro.local	Darwin-arm64	3.12.11	1.7.2	2.3.3	1.16.2	revision R1
2026-09-26T17:14:37Z	revision_r1.py	5fold-grouped	KCMYG-5	poly4	1.0571	3.2888	55.8603	1.5669	2214	0.0	ac10fb8	dirty	dobby-sin-MacBook-Pro.local	Darwin-arm64	3.12.11	1.7.2	2.3.3	1.16.2	revision R1
2026-09-26T17:14:38Z	revision_r1.py	5fold-grouped	CMYKOGV-7	poly4_cbrt	0.2722	1.1889	18.6118	0.4325	3302	0.1	ac10fb8	dirty	dobby-sin-MacBook-Pro.local	Darwin-arm64	3.12.11	1.7.2	2.3.3	1.16.2	revision R1
2026-09-26T17:14:38Z	revision_r1.py	5fold-grouped	CMYKOGV-7	poly3_cbrt	0.8304	2.9816	27.9785	1.1811	3302	0.1	ac10fb8	dirty	dobby-sin-MacBook-Pro.local	Darwin-arm64	3.12.11	1.7.2	2.3.3	1.16.2	revision R1
2026-09-26T17:14:38Z	revision_r1.py	5fold-grouped	CMYKOGV-7	poly3	5.3859	25.1498	59.8331	8.1723	3302	0.1	ac10fb8	dirty	dobby-sin-MacBook-Pro.local	Darwin-arm64	3.12.11	1.7.2	2.3.3	1.16.2	revision R1
2026-09-26T17:14:39Z	revision_r1.py	5fold-grouped	CMYKOGV-7	poly4	2.0797	13.8	57.9885	3.9338	3302	0.2	ac10fb8	dirty	dobby-sin-MacBook-Pro.local	Darwin-arm64	3.12.11	1.7.2	2.3.3	1.16.2	revision R1
2026-09-26T17:14:42Z	revision_r1.py	5fold-grouped	CMYKOGV-7	svm	2.1377	11.2595	27.7346	3.4579	3302	3.8	ac10fb8	dirty	dobby-sin-MacBook-Pro.local	Darwin-arm64	3.12.11	1.7.2	2.3.3	1.16.2	revision R1
2026-09-26T17:14:43Z	revision_r1.py	5fold-grouped	KCMYG-5	svm	1.1848	6.275	38.7409	2.0113	2214	5.7	ac10fb8	dirty	dobby-sin-MacBook-Pro.local	Darwin-arm64	3.12.11	1.7.2	2.3.3	1.16.2	revision R1
2026-09-26T17:14:47Z	revision_r1.py	5fold-grouped	CMYKOGV-7	mlp_deep	3.5794	14.1261	38.5475	4.9935	3302	4.1	ac10fb8	dirty	dobby-sin-MacBook-Pro.local	Darwin-arm64	3.12.11	1.7.2	2.3.3	1.16.2	revision R1
2026-09-26T17:14:47Z	revision_r1.py	5fold-grouped	KCMYG-5	mlp_deep	1.9697	9.0295	35.6767	3.0146	2214	3.5	ac10fb8	dirty	dobby-sin-MacBook-Pro.local	Darwin-arm64	3.12.11	1.7.2	2.3.3	1.16.2	revision R1
2026-09-26T17:14:50Z	revision_r1.py	5fold-grouped	CMYKOGB-7	poly4_cbrt	1.1316	3.8434	24.0962	1.5532	2000	0.1	ac10fb8	dirty	dobby-sin-MacBook-Pro.local	Darwin-arm64	3.12.11	1.7.2	2.3.3	1.16.2	revision R1
2026-09-26T17:14:50Z	revision_r1.py	5fold-kfold	PC10-CMY	poly4_cbrt	0.0847	0.2546	2.1707	0.1133	795	0.0	ac10fb8	dirty	dobby-sin-MacBook-Pro.local	Darwin-arm64	3.12.11	1.7.2	2.3.3	1.16.2	revision R1
2026-09-26T17:14:50Z	revision_r1.py	5fold-grouped	CMYKOGB-7	poly3_cbrt	1.6112	7.0908	30.2738	2.3291	2000	0.1	ac10fb8	dirty	dobby-sin-MacBook-Pro.local	Darwin-arm64	3.12.11	1.7.2	2.3.3	1.16.2	revision R1
2026-09-26T17:14:50Z	revision_r1.py	5fold-kfold	PC10-CMY	poly3_cbrt	0.1476	0.4536	2.0483	0.186	795	0.0	ac10fb8	dirty	dobby-sin-MacBook-Pro.local	Darwin-arm64	3.12.11	1.7.2	2.3.3	1.16.2	revision R1
2026-09-26T17:14:50Z	revision_r1.py	5fold-kfold	PC10-CMY	poly3	0.2681	0.9819	6.7945	0.4067	795	0.0	ac10fb8	dirty	dobby-sin-MacBook-Pro.local	Darwin-arm64	3.12.11	1.7.2	2.3.3	1.16.2	revision R1
2026-09-26T17:14:50Z	revision_r1.py	5fold-kfold	PC10-CMY	poly4	0.1015	0.3397	2.3312	0.1379	795	0.0	ac10fb8	dirty	dobby-sin-MacBook-Pro.local	Darwin-arm64	3.12.11	1.7.2	2.3.3	1.16.2	revision R1
2026-09-26T17:14:50Z	revision_r1.py	5fold-grouped	CMYKOGB-7	poly3	3.332	24.8449	48.9742	6.7567	2000	0.1	ac10fb8	dirty	dobby-sin-MacBook-Pro.local	Darwin-arm64	3.12.11	1.7.2	2.3.3	1.16.2	revision R1
2026-09-26T17:14:50Z	revision_r1.py	5fold-kfold	PC10-CMY	svm	0.7296	1.8345	7.4893	0.8799	795	0.2	ac10fb8	dirty	dobby-sin-MacBook-Pro.local	Darwin-arm64	3.12.11	1.7.2	2.3.3	1.16.2	revision R1
2026-09-26T17:14:50Z	revision_r1.py	5fold-grouped	CMYKOGB-7	poly4	1.6984	19.6618	48.9738	4.5696	2000	0.1	ac10fb8	dirty	dobby-sin-MacBook-Pro.local	Darwin-arm64	3.12.11	1.7.2	2.3.3	1.16.2	revision R1
2026-09-26T17:14:52Z	revision_r1.py	5fold-kfold	PC10-CMY	mlp_deep	1.1337	4.0723	15.6536	1.5191	795	1.3	ac10fb8	dirty	dobby-sin-MacBook-Pro.local	Darwin-arm64	3.12.11	1.7.2	2.3.3	1.16.2	revision R1
2026-09-26T17:14:54Z	revision_r1.py	5fold-grouped	CMYKOGB-7	svm	1.7756	13.2282	42.8275	3.5935	2000	4.0	ac10fb8	dirty	dobby-sin-MacBook-Pro.local	Darwin-arm64	3.12.11	1.7.2	2.3.3	1.16.2	revision R1
2026-09-26T17:14:55Z	revision_r1.py	5fold-kfold	PC11-CMY	poly4_cbrt	0.0837	0.226	1.7894	0.1017	795	0.0	ac10fb8	dirty	dobby-sin-MacBook-Pro.local	Darwin-arm64	3.12.11	1.7.2	2.3.3	1.16.2	revision R1
2026-09-26T17:14:55Z	revision_r1.py	5fold-kfold	PC11-CMY	poly3_cbrt	0.1402	0.341	1.6532	0.166	795	0.0	ac10fb8	dirty	dobby-sin-MacBook-Pro.local	Darwin-arm64	3.12.11	1.7.2	2.3.3	1.16.2	revision R1
2026-09-26T17:14:55Z	revision_r1.py	5fold-kfold	PC11-CMY	poly3	0.2383	0.8547	7.8375	0.3613	795	0.0	ac10fb8	dirty	dobby-sin-MacBook-Pro.local	Darwin-arm64	3.12.11	1.7.2	2.3.3	1.16.2	revision R1
2026-09-26T17:14:55Z	revision_r1.py	5fold-kfold	PC11-CMY	poly4	0.0975	0.325	1.6804	0.1324	795	0.0	ac10fb8	dirty	dobby-sin-MacBook-Pro.local	Darwin-arm64	3.12.11	1.7.2	2.3.3	1.16.2	revision R1
2026-09-26T17:14:55Z	revision_r1.py	5fold-kfold	PC11-CMY	svm	0.6929	1.8312	5.466	0.8344	795	0.1	ac10fb8	dirty	dobby-sin-MacBook-Pro.local	Darwin-arm64	3.12.11	1.7.2	2.3.3	1.16.2	revision R1
2026-09-26T17:14:57Z	revision_r1.py	5fold-kfold	PC11-CMY	mlp_deep	1.1318	3.7674	22.8397	1.4726	795	1.5	ac10fb8	dirty	dobby-sin-MacBook-Pro.local	Darwin-arm64	3.12.11	1.7.2	2.3.3	1.16.2	revision R1
2026-09-26T17:14:59Z	revision_r1.py	5fold-grouped	CMYKOGB-7	mlp_deep	2.5358	15.1064	39.3212	4.5524	2000	4.4	ac10fb8	dirty	dobby-sin-MacBook-Pro.local	Darwin-arm64	3.12.11	1.7.2	2.3.3	1.16.2	revision R1
2026-09-26T17:15:00Z	revision_r1.py	5fold-kfold	FOGRA51-CMY	poly4_cbrt	0.1558	0.3407	1.1675	0.1768	795	0.0	ac10fb8	dirty	dobby-sin-MacBook-Pro.local	Darwin-arm64	3.12.11	1.7.2	2.3.3	1.16.2	revision R1
2026-09-26T17:15:00Z	revision_r1.py	5fold-kfold	FOGRA51-CMY	poly3_cbrt	0.4317	0.9159	1.958	0.4676	795	0.0	ac10fb8	dirty	dobby-sin-MacBook-Pro.local	Darwin-arm64	3.12.11	1.7.2	2.3.3	1.16.2	revision R1
2026-09-26T17:15:00Z	revision_r1.py	5fold-kfold	FOGRA51-CMY	poly3	0.369	1.1351	8.251	0.4956	795	0.0	ac10fb8	dirty	dobby-sin-MacBook-Pro.local	Darwin-arm64	3.12.11	1.7.2	2.3.3	1.16.2	revision R1
2026-09-26T17:15:00Z	revision_r1.py	5fold-kfold	FOGRA51-CMY	poly4	0.1251	0.4103	1.8459	0.1656	795	0.0	ac10fb8	dirty	dobby-sin-MacBook-Pro.local	Darwin-arm64	3.12.11	1.7.2	2.3.3	1.16.2	revision R1
2026-09-26T17:15:00Z	revision_r1.py	5fold-kfold	FOGRA51-CMY	svm	0.7955	1.9127	6.1071	0.9126	795	0.1	ac10fb8	dirty	dobby-sin-MacBook-Pro.local	Darwin-arm64	3.12.11	1.7.2	2.3.3	1.16.2	revision R1
2026-09-26T17:15:02Z	revision_r1.py	5fold-kfold	FOGRA51-CMY	mlp_deep	1.0827	4.2231	13.4473	1.5493	795	1.6	ac10fb8	dirty	dobby-sin-MacBook-Pro.local	Darwin-arm64	3.12.11	1.7.2	2.3.3	1.16.2	revision R1
2026-09-26T17:15:02Z	revision_r1.py	5fold-kfold	PC10-CMYK	poly4_cbrt	0.1115	0.3868	2.6246	0.1563	1588	0.0	ac10fb8	dirty	dobby-sin-MacBook-Pro.local	Darwin-arm64	3.12.11	1.7.2	2.3.3	1.16.2	revision R1
2026-09-26T17:15:02Z	revision_r1.py	5fold-kfold	PC10-CMYK	poly3_cbrt	0.2188	0.7586	3.5064	0.2923	1588	0.0	ac10fb8	dirty	dobby-sin-MacBook-Pro.local	Darwin-arm64	3.12.11	1.7.2	2.3.3	1.16.2	revision R1
2026-09-26T17:15:02Z	revision_r1.py	5fold-kfold	PC10-CMYK	poly3	0.9419	8.3102	33.9782	2.1838	1588	0.0	ac10fb8	dirty	dobby-sin-MacBook-Pro.local	Darwin-arm64	3.12.11	1.7.2	2.3.3	1.16.2	revision R1
2026-09-26T17:15:02Z	revision_r1.py	5fold-kfold	PC10-CMYK	poly4	0.2456	2.8107	25.3849	0.7476	1588	0.0	ac10fb8	dirty	dobby-sin-MacBook-Pro.local	Darwin-arm64	3.12.11	1.7.2	2.3.3	1.16.2	revision R1
2026-09-26T17:15:03Z	revision_r1.py	5fold-kfold	PC10-CMYK	svm	1.017	5.3874	23.175	1.6753	1588	0.4	ac10fb8	dirty	dobby-sin-MacBook-Pro.local	Darwin-arm64	3.12.11	1.7.2	2.3.3	1.16.2	revision R1
2026-09-26T17:15:05Z	revision_r1.py	5fold-kfold	PC11-CMYK	poly4_cbrt	0.1124	0.3801	2.7089	0.1531	1588	0.0	ac10fb8	dirty	dobby-sin-MacBook-Pro.local	Darwin-arm64	3.12.11	1.7.2	2.3.3	1.16.2	revision R1
2026-09-26T17:15:05Z	revision_r1.py	5fold-kfold	PC11-CMYK	poly3_cbrt	0.2164	0.7523	3.5112	0.2899	1588	0.0	ac10fb8	dirty	dobby-sin-MacBook-Pro.local	Darwin-arm64	3.12.11	1.7.2	2.3.3	1.16.2	revision R1
2026-09-26T17:15:05Z	revision_r1.py	5fold-kfold	PC11-CMYK	poly3	0.8694	7.5005	33.0696	2.0094	1588	0.0	ac10fb8	dirty	dobby-sin-MacBook-Pro.local	Darwin-arm64	3.12.11	1.7.2	2.3.3	1.16.2	revision R1
2026-09-26T17:15:05Z	revision_r1.py	5fold-kfold	PC10-CMYK	mlp_deep	1.7291	11.7999	48.6447	3.1654	1588	2.0	ac10fb8	dirty	dobby-sin-MacBook-Pro.local	Darwin-arm64	3.12.11	1.7.2	2.3.3	1.16.2	revision R1
2026-09-26T17:15:05Z	revision_r1.py	5fold-kfold	PC11-CMYK	poly4	0.2275	2.4639	23.5353	0.6784	1588	0.0	ac10fb8	dirty	dobby-sin-MacBook-Pro.local	Darwin-arm64	3.12.11	1.7.2	2.3.3	1.16.2	revision R1
2026-09-26T17:15:06Z	revision_r1.py	5fold-kfold	PC11-CMYK	svm	0.9937	4.7312	19.7431	1.5231	1588	0.4	ac10fb8	dirty	dobby-sin-MacBook-Pro.local	Darwin-arm64	3.12.11	1.7.2	2.3.3	1.16.2	revision R1
2026-09-26T17:15:08Z	revision_r1.py	5fold-kfold	PC11-CMYK	mlp_deep	1.6333	9.5164	29.1318	2.8664	1588	2.1	ac10fb8	dirty	dobby-sin-MacBook-Pro.local	Darwin-arm64	3.12.11	1.7.2	2.3.3	1.16.2	revision R1
2026-09-26T17:15:08Z	revision_r1.py	5fold-kfold	FOGRA51-CMYK	poly4_cbrt	0.1675	0.4838	3.6422	0.2186	1588	0.0	ac10fb8	dirty	dobby-sin-MacBook-Pro.local	Darwin-arm64	3.12.11	1.7.2	2.3.3	1.16.2	revision R1
2026-09-26T17:15:08Z	revision_r1.py	5fold-kfold	FOGRA51-CMYK	poly3_cbrt	0.4373	1.0965	5.7859	0.5247	1588	0.0	ac10fb8	dirty	dobby-sin-MacBook-Pro.local	Darwin-arm64	3.12.11	1.7.2	2.3.3	1.16.2	revision R1
2026-09-26T17:15:08Z	revision_r1.py	5fold-kfold	FOGRA51-CMYK	poly3	0.8162	6.7325	29.2867	1.7797	1588	0.0	ac10fb8	dirty	dobby-sin-MacBook-Pro.local	Darwin-arm64	3.12.11	1.7.2	2.3.3	1.16.2	revision R1
2026-09-26T17:15:09Z	revision_r1.py	5fold-kfold	FOGRA51-CMYK	poly4	0.213	1.7718	19.6653	0.558	1588	0.0	ac10fb8	dirty	dobby-sin-MacBook-Pro.local	Darwin-arm64	3.12.11	1.7.2	2.3.3	1.16.2	revision R1
2026-09-26T17:15:09Z	revision_r1.py	5fold-kfold	FOGRA51-CMYK	svm	0.9962	4.8719	13.2462	1.5188	1588	0.3	ac10fb8	dirty	dobby-sin-MacBook-Pro.local	Darwin-arm64	3.12.11	1.7.2	2.3.3	1.16.2	revision R1
2026-09-26T17:15:11Z	revision_r1.py	5fold-kfold	FOGRA51-CMYK	gaussian_process	0.0686	0.2674	3.1526	0.1143	1588	284.2	ac10fb8	dirty	dobby-sin-MacBook-Pro.local	Darwin-arm64	3.12.11	1.7.2	2.3.3	1.16.2	revision R1
2026-09-26T17:15:11Z	revision_r1.py	5fold-kfold	FOGRA51-CMYK	mlp_deep	1.6578	9.6751	37.0626	2.8555	1588	2.3	ac10fb8	dirty	dobby-sin-MacBook-Pro.local	Darwin-arm64	3.12.11	1.7.2	2.3.3	1.16.2	revision R1
2026-09-26T17:16:02Z	revision_r1.py	5fold-kfold	FOGRA51-CMYK	gradient_boost_cbrt_tuned	0.7534	3.4849	15.7851	1.1623	1588	165.0	ac10fb8	dirty	dobby-sin-MacBook-Pro.local	Darwin-arm64	3.12.11	1.7.2	2.3.3	1.16.2	revision R1
2026-09-26T17:16:26Z	revision_r1.py	5fold-kfold	PC10-CMYK	gaussian_process_cbrt	0.0503	0.2289	2.723	0.0829	1588	282.5	ac10fb8	dirty	dobby-sin-MacBook-Pro.local	Darwin-arm64	3.12.11	1.7.2	2.3.3	1.16.2	revision R1
2026-09-26T17:16:37Z	revision_r1.py	5fold-kfold	FOGRA51-CMYK	random_forest_cbrt_tuned	1.9044	3.9524	9.4587	2.0574	1588	30.9	ac10fb8	dirty	dobby-sin-MacBook-Pro.local	Darwin-arm64	3.12.11	1.7.2	2.3.3	1.16.2	revision R1
2026-09-26T17:16:37Z	revision_r1.py	5fold-kfold	FOGRA51-CMYK	knn_cbrt_tuned	2.0498	5.2544	18.712	2.4322	1588	0.3	ac10fb8	dirty	dobby-sin-MacBook-Pro.local	Darwin-arm64	3.12.11	1.7.2	2.3.3	1.16.2	revision R1
2026-09-26T17:17:03Z	revision_r1.py	5fold-grouped	CMYKOGV-7	svm_tuned	0.4635	3.8123	23.4358	1.0785	3302	2154.1	ac10fb8	dirty	dobby-sin-MacBook-Pro.local	Darwin-arm64	3.12.11	1.7.2	2.3.3	1.16.2	revision R1
2026-09-26T17:17:22Z	revision_r1.py	5fold-kfold	PC11-CMYK	gaussian_process_cbrt	0.0516	0.2158	1.7657	0.079	1588	271.0	ac10fb8	dirty	dobby-sin-MacBook-Pro.local	Darwin-arm64	3.12.11	1.7.2	2.3.3	1.16.2	revision R1
2026-09-26T17:17:30Z	revision_r1.py	5fold-kfold	FOGRA51-CMYK	svm_cbrt_tuned	0.1252	0.3532	3.7075	0.1639	1588	228.2	ac10fb8	dirty	dobby-sin-MacBook-Pro.local	Darwin-arm64	3.12.11	1.7.2	2.3.3	1.16.2	revision R1
2026-09-26T17:19:18Z	revision_r1.py	5fold-kfold	FOGRA51-CMYK	gaussian_process_cbrt	0.0702	0.2128	1.4118	0.0912	1588	247.0	ac10fb8	dirty	dobby-sin-MacBook-Pro.local	Darwin-arm64	3.12.11	1.7.2	2.3.3	1.16.2	revision R1
2026-09-26T17:19:51Z	revision_r1.py	5fold-kfold	FOGRA51-CMYK	svm_tuned	0.1493	1.0009	12.9417	0.3323	1588	324.4	ac10fb8	dirty	dobby-sin-MacBook-Pro.local	Darwin-arm64	3.12.11	1.7.2	2.3.3	1.16.2	revision R1
2026-09-26T17:23:21Z	revision_r1.py	optim-eqfev	PC11-CMY	poly3_de00_powell_r1	0.2495	0.7196	5.391	0.338	795	164.2	ac10fb8	dirty	dobby-sin-MacBook-Pro.local	Darwin-arm64	3.12.11	1.7.2	2.3.3	1.16.2	revision R1-4
2026-09-26T17:23:21Z	revision_r1.py	optim-eqfev	PC11-CMY	poly3_de00_nm_eqfev	0.2429	0.6986	4.35	0.3261	795	163.6	ac10fb8	dirty	dobby-sin-MacBook-Pro.local	Darwin-arm64	3.12.11	1.7.2	2.3.3	1.16.2	revision R1-4
2026-09-26T17:23:23Z	revision_r1.py	optim-eqfev	FOGRA51-CMY	poly3_de00_powell_r1	0.372	1.041	4.018	0.4531	795	183.3	ac10fb8	dirty	dobby-sin-MacBook-Pro.local	Darwin-arm64	3.12.11	1.7.2	2.3.3	1.16.2	revision R1-4
2026-09-26T17:23:23Z	revision_r1.py	optim-eqfev	FOGRA51-CMY	poly3_de00_nm_eqfev	0.3617	1.0494	4.8229	0.4513	795	174.8	ac10fb8	dirty	dobby-sin-MacBook-Pro.local	Darwin-arm64	3.12.11	1.7.2	2.3.3	1.16.2	revision R1-4
2026-09-26T17:23:24Z	revision_r1.py	optim-eqfev	PC10-CMYK	poly3_de00_powell_r1	0.8672	6.0752	32.6655	1.7586	1588	444.4	ac10fb8	dirty	dobby-sin-MacBook-Pro.local	Darwin-arm64	3.12.11	1.7.2	2.3.3	1.16.2	revision R1-4
2026-09-26T17:23:24Z	revision_r1.py	optim-eqfev	PC10-CMYK	poly3_de00_nm_eqfev	0.8331	6.8047	33.2837	1.7794	1588	451.3	ac10fb8	dirty	dobby-sin-MacBook-Pro.local	Darwin-arm64	3.12.11	1.7.2	2.3.3	1.16.2	revision R1-4
2026-09-26T17:23:25Z	revision_r1.py	optim-eqfev	PC11-CMYK	poly3_de00_powell_r1	0.7892	5.9869	28.5686	1.5961	1588	491.2	ac10fb8	dirty	dobby-sin-MacBook-Pro.local	Darwin-arm64	3.12.11	1.7.2	2.3.3	1.16.2	revision R1-4
2026-09-26T17:23:25Z	revision_r1.py	optim-eqfev	PC11-CMYK	poly3_de00_nm_eqfev	0.7693	5.9654	31.087	1.6061	1588	436.9	ac10fb8	dirty	dobby-sin-MacBook-Pro.local	Darwin-arm64	3.12.11	1.7.2	2.3.3	1.16.2	revision R1-4
2026-09-26T17:23:27Z	revision_r1.py	optim-eqfev	CMYKOGB-7	poly3_de00_powell_r1	2.9788	19.3238	49.0521	5.6281	2000	6031.6	ac10fb8	dirty	dobby-sin-MacBook-Pro.local	Darwin-arm64	3.12.11	1.7.2	2.3.3	1.16.2	revision R1-4
2026-09-26T17:23:27Z	revision_r1.py	optim-eqfev	CMYKOGB-7	poly3_de00_nm_eqfev	2.9402	15.9439	46.8367	5.1455	2000	8485.8	ac10fb8	dirty	dobby-sin-MacBook-Pro.local	Darwin-arm64	3.12.11	1.7.2	2.3.3	1.16.2	revision R1-4
2026-09-26T17:23:28Z	revision_r1.py	optim-eqfev	CMYKOGV-7	poly3_de00_powell_r1	3.1042	12.4821	48.5849	4.3475	3302	9772.0	ac10fb8	dirty	dobby-sin-MacBook-Pro.local	Darwin-arm64	3.12.11	1.7.2	2.3.3	1.16.2	revision R1-4
2026-09-26T17:23:28Z	revision_r1.py	optim-eqfev	CMYKOGV-7	poly3_de00_nm_eqfev	3.3476	13.7267	44.0784	4.8176	3302	11007.6	ac10fb8	dirty	dobby-sin-MacBook-Pro.local	Darwin-arm64	3.12.11	1.7.2	2.3.3	1.16.2	revision R1-4
2026-09-26T17:24:37Z	revision_r1.py	optim-eqfev	FOGRA51-CMYK	poly3_de00_powell_r1	0.7852	5.4707	31.2342	1.5453	1588	387.3	ac10fb8	dirty	dobby-sin-MacBook-Pro.local	Darwin-arm64	3.12.11	1.7.2	2.3.3	1.16.2	revision R1-4
2026-09-26T17:24:37Z	revision_r1.py	optim-eqfev	FOGRA51-CMYK	poly3_de00_nm_eqfev	0.7628	6.1384	32.3804	1.5762	1588	296.8	ac10fb8	dirty	dobby-sin-MacBook-Pro.local	Darwin-arm64	3.12.11	1.7.2	2.3.3	1.16.2	revision R1-4
