Algorithm,PC10,PC11,FOGRA
Gradient Boosting,1.26570778934,1.32545412412,1.29650865799
Bayesian (Gaussian Process),1.2720821823,1.29445194463,1.28564569171
k-NN,1.26590337817,1.28822179365,1.3004328052
Polynomial Regression (3rd),1.33563275777,1.35521576378,1.28431445709
