Algorithm,PC10,PC11,FOGRA
Gradient Boosting,1.3013603681433332,1.32794405795,1.3159156476333334
Bayesian (Gaussian Process),1.27206705183,1.29455660996,1.28565599613
k-NN,1.2911022040699998,1.3148565820433333,1.3189566956333334
Polynomial Regression (3rd),1.33563275777,1.35521576378,1.28431445709
