LGOROWLENGTH	50
LGOMCCHANNEL01	"InkName = 'Cyan' InkSample = '[0.1306,0.2699,0.4111,0.5291,0.5743,0.6533,0.7500,0.8107,0.8333,0.8381,0.8274,0.8017,0.7445,0.6854,0.5966,0.4938,0.3849,0.2759,0.1771,0.1141,0.0805,0.0637,0.0523,0.0457,0.0445,0.0456,0.0478,0.0566,0.0688,0.0754,0.0720,0.0664,0.0532,0.0477,0.0590,0.059];' "
LGOMCCHANNEL02	"InkName = 'Magenta' InkSample = '[0.3403,0.2955,0.2714,0.2691,0.2719,0.2854,0.2995,0.2894,0.2572,0.2170,0.1762,0.1405,0.1059,0.0781,0.0534,0.0430,0.0395,0.0327,0.0247,0.0201,0.0436,0.1978,0.4800,0.7272,0.8776,0.9467,0.9778,0.9933,1.0000,1.0000,1.0000,1.0000,1.0000,1.0000,1.0000,1.000];' "
LGOMCCHANNEL03	"InkName = 'Yellow' InkSample = '[0.1569,0.1174,0.0883,0.0686,0.0559,0.0513,0.0507,0.0549,0.0676,0.0719,0.0976,0.1983,0.4005,0.6705,0.8420,0.9094,0.9379,0.9550,0.9596,0.9664,0.9720,0.9765,0.9766,0.9811,0.9844,0.9878,0.9944,0.9989,1.0000,1.0000,1.0000,1.0000,1.0000,1.0000,1.0000,1.000];' "
LGOMCCHANNEL04	"InkName = 'Black' InkSample = '[0.0274,0.0273,0.0274,0.0296,0.0314,0.0314,0.0316,0.0316,0.0315,0.0315,0.0315,0.0316,0.0310,0.0309,0.0301,0.0291,0.0282,0.0274,0.0266,0.0263,0.0263,0.0269,0.0276,0.0285,0.0294,0.0307,0.0321,0.0335,0.0351,0.0365,0.0378,0.0393,0.0413,0.0441,0.0471,0.047];' "
LGOMCCHANNEL05	"InkName = 'Apex Orange' InkSample = '[0.0629,0.0643,0.0683,0.0766,0.0786,0.0757,0.0734,0.0705,0.0674,0.0667,0.0707,0.0793,0.0853,0.0798,0.0658,0.0549,0.0533,0.0560,0.0570,0.0632,0.0910,0.1733,0.3263,0.5134,0.6810,0.7902,0.8512,0.8837,0.9022,0.9094,0.9124,0.9154,0.9189,0.9241,0.9264,0.930];' IndividualInkLimit = '100' "
LGOMCCHANNEL06	"InkName = 'Apex Green' InkSample = '[0.0612,0.0656,0.0737,0.0881,0.0945,0.0952,0.0975,0.1008,0.1044,0.1151,0.1522,0.2615,0.4780,0.6736,0.7368,0.7022,0.6250,0.5264,0.4191,0.3347,0.2840,0.2576,0.2398,0.2285,0.2276,0.2310,0.2392,0.2562,0.2770,0.2851,0.2797,0.2704,0.2566,0.2492,0.2652,0.315];' IndividualInkLimit = '100' "
LGOMCCHANNEL07	"InkName = 'Apex Blue' InkSample = '[0.1254,0.1678,0.2561,0.4129,0.5335,0.5664,0.5575,0.5170,0.4639,0.4127,0.3581,0.3068,0.2670,0.2297,0.1823,0.1425,0.1271,0.1236,0.1118,0.1051,0.1177,0.1421,0.1573,0.1618,0.1669,0.1722,0.1799,0.1951,0.2132,0.2205,0.2156,0.2071,0.1948,0.1884,0.2024,0.247];' IndividualInkLimit = '100' "
LGOMCOPTIONS	"PaperName = 'ShinyWhite' Paper = '[1, 1, 1, 1, 1, 1, 1, 1, 1, 1, 1, 1, 1, 1, 1, 1, 1, 1, 1, 1, 1, 1, 1, 1, 1, 1, 1, 1, 1, 1, 1, 1, 1, 1, 1, 1];' ColorDataType = 'C*R*' TotalInkLimit = '600' InkControl = 0 MinMetamerismLight01 = { InkName = 'D50' InkSample = '[24.5000,29.8800,49.3200,56.5300,60.0500,57.8300,74.8400,87.2600,90.6200,91.3800,95.1200,91.9700,95.7300,96.6200,97.1300,102.1000,100.7600,102.3200,100.0000,97.7300,98.9200,93.5000,97.6800,99.2700,99.0400,95.7200,98.8500,95.6600,98.1800,103.0000,99.1300,87.3700,91.6000,92.8800,76.8500,86.500];' } MinMetamerismLight02 = { InkName = 'TL84' InkSample = '[0.7000,0.4500,3.9200,4.4000,2.4900,11.4500,16.5500,7.0200,6.6900,5.4300,7.4100,13.7000,5.0400,1.5400,0.9100,1.2300,40.1800,36.8700,3.1900,2.2100,10.6100,12.6300,7.4200,42.5900,19.6700,10.8900,2.6500,3.1800,2.5200,1.6200,1.5300,1.8100,1.9000,4.6300,0.8800,0.230];' } "
LGOMCCMYKSEPARATION	"UseCMYKSep = true Separation = { SepID = 6 StartK = '40' WidthK = '1' MaxC = '100' MaxM = '100' MaxY = '100' MaxK = '100' MaxCMYK = '400' } "
GAPTOPATCHRATIO	"0.1250"
CREATED	"9/10/2009"  # Time: 18:54
INSTRUMENTATION	"Eye-One iO"
MEASUREMENT_SOURCE	"WhiteBase=Absolute  Filter=No"
ILLUMINATION_NAME	"D50"
OBSERVER_ANGLE	"2"
NumberOfStrips	2
KEYWORD	"SampleID"
KEYWORD	"SAMPLE_NAME"
NUMBER_OF_FIELDS	45
BEGIN_DATA_FORMAT
SampleID	SAMPLE_NAME	7CLR_1	7CLR_2	7CLR_3	7CLR_4	7CLR_5	7CLR_6	7CLR_7	nm380	nm390	nm400	nm410	nm420	nm430	nm440	nm450	nm460	nm470	nm480	nm490	nm500	nm510	nm520	nm530	nm540	nm550	nm560	nm570	nm580	nm590	nm600	nm610	nm620	nm630	nm640	nm650	nm660	nm670	nm680	nm690	nm700	nm710	nm720	nm730
END_DATA_FORMAT
NUMBER_OF_SETS	2000
BEGIN_DATA
1	A1	0.00	0.00	0.00	0.00	0.00	0.00	0.00	0.4537	0.5783	0.6879	0.7575	0.7949	0.8076	0.8118	0.8138	0.8147	0.8126	0.8101	0.8094	0.8072	0.8040	0.8024	0.7986	0.7962	0.7945	0.7900	0.7892	0.7842	0.7798	0.7748	0.7712	0.7676	0.7639	0.7625	0.7611	0.7586	0.7536	0.7492	0.7460	0.7452	0.7440	0.7421	0.7418
2	A2	10.00	0.00	0.00	0.00	0.00	0.00	0.00	0.4125	0.5387	0.6541	0.7286	0.7682	0.7862	0.7964	0.8019	0.8040	0.8021	0.7994	0.7971	0.7922	0.7852	0.7762	0.7620	0.7465	0.7275	0.7026	0.6815	0.6617	0.6467	0.6330	0.6235	0.6183	0.6162	0.6178	0.6222	0.6267	0.6259	0.6212	0.6159	0.6115	0.6092	0.6124	0.6221
3	A3	20.00	0.00	0.00	0.00	0.00	0.00	0.00	0.3781	0.5050	0.6226	0.7020	0.7462	0.7682	0.7847	0.7940	0.7971	0.7951	0.7910	0.7873	0.7800	0.7688	0.7534	0.7306	0.7041	0.6727	0.6335	0.5994	0.5703	0.5497	0.5320	0.5194	0.5137	0.5125	0.5161	0.5246	0.5338	0.5359	0.5306	0.5236	0.5165	0.5120	0.5165	0.5311
4	A4	30.00	0.00	0.00	0.00	0.00	0.00	0.00	0.3422	0.4718	0.5935	0.6764	0.7228	0.7500	0.7726	0.7859	0.7903	0.7888	0.7842	0.7787	0.7692	0.7539	0.7321	0.7006	0.6643	0.6216	0.5706	0.5261	0.4908	0.4665	0.4461	0.4315	0.4258	0.4255	0.4305	0.4416	0.4542	0.4588	0.4538	0.4446	0.4345	0.4288	0.4354	0.4548
5	A5	40.00	0.00	0.00	0.00	0.00	0.00	0.00	0.3071	0.4350	0.5580	0.6449	0.6931	0.7236	0.7525	0.7702	0.7765	0.7757	0.7703	0.7639	0.7514	0.7317	0.7031	0.6632	0.6174	0.5643	0.5031	0.4501	0.4099	0.3832	0.3608	0.3453	0.3393	0.3391	0.3443	0.3571	0.3724	0.3790	0.3739	0.3640	0.3517	0.3441	0.3511	0.3727
6	A6	50.00	0.00	0.00	0.00	0.00	0.00	0.00	0.2641	0.3916	0.5163	0.6026	0.6485	0.6827	0.7170	0.7392	0.7463	0.7455	0.7394	0.7307	0.7157	0.6922	0.6571	0.6097	0.5557	0.4936	0.4237	0.3638	0.3198	0.2913	0.2679	0.2518	0.2462	0.2465	0.2526	0.2666	0.2834	0.2911	0.2862	0.2764	0.2637	0.2558	0.2636	0.2877
7	A7	60.00	0.00	0.00	0.00	0.00	0.00	0.00	0.2283	0.3551	0.4834	0.5789	0.6343	0.6750	0.7171	0.7445	0.7540	0.7540	0.7469	0.7366	0.7181	0.6887	0.6455	0.5887	0.5247	0.4525	0.3731	0.3056	0.2576	0.2274	0.2032	0.1870	0.1817	0.1827	0.1896	0.2049	0.2232	0.2319	0.2274	0.2173	0.2039	0.1957	0.2044	0.2299
8	A8	70.00	0.00	0.00	0.00	0.00	0.00	0.00	0.1995	0.3275	0.4580	0.5564	0.6129	0.6575	0.7044	0.7355	0.7457	0.7459	0.7383	0.7260	0.7052	0.6729	0.6245	0.5620	0.4928	0.4148	0.3303	0.2597	0.2110	0.1809	0.1571	0.1414	0.1361	0.1369	0.1431	0.1580	0.1769	0.1861	0.1818	0.1713	0.1567	0.1474	0.1556	0.1819
9	A9	80.00	0.00	0.00	0.00	0.00	0.00	0.00	0.1726	0.2982	0.4301	0.5326	0.5934	0.6420	0.6951	0.7295	0.7400	0.7386	0.7281	0.7129	0.6884	0.6512	0.5969	0.5281	0.4526	0.3690	0.2807	0.2090	0.1615	0.1333	0.1119	0.0980	0.0936	0.0941	0.0996	0.1130	0.1307	0.1400	0.1362	0.1261	0.1119	0.1031	0.1108	0.1352
10	A10	90.00	0.00	0.00	0.00	0.00	0.00	0.00	0.1385	0.2597	0.3941	0.5010	0.5662	0.6212	0.6802	0.7180	0.7286	0.7256	0.7124	0.6930	0.6641	0.6221	0.5629	0.4893	0.4094	0.3218	0.2311	0.1598	0.1152	0.0899	0.0714	0.0598	0.0561	0.0565	0.0608	0.0719	0.0867	0.0947	0.0914	0.0826	0.0709	0.0637	0.0704	0.0916
11	A11	100.00	0.00	0.00	0.00	0.00	0.00	0.00	0.1123	0.2205	0.3467	0.4510	0.5173	0.5766	0.6447	0.6914	0.7083	0.7107	0.6993	0.6786	0.6448	0.5959	0.5300	0.4508	0.3668	0.2766	0.1865	0.1189	0.0794	0.0587	0.0446	0.0362	0.0338	0.0342	0.0374	0.0454	0.0565	0.0625	0.0596	0.0528	0.0443	0.0396	0.0446	0.0611
12	A12	0.00	10.00	0.00	0.00	0.00	0.00	0.00	0.4290	0.5375	0.6327	0.6925	0.7254	0.7386	0.7440	0.7448	0.7403	0.7302	0.7190	0.7095	0.6990	0.6864	0.6734	0.6633	0.6587	0.6521	0.6382	0.6310	0.6506	0.7001	0.7379	0.7525	0.7555	0.7544	0.7537	0.7525	0.7503	0.7457	0.7420	0.7394	0.7386	0.7373	0.7351	0.7350
13	A13	0.00	20.00	0.00	0.00	0.00	0.00	0.00	0.3989	0.4907	0.5691	0.6199	0.6499	0.6626	0.6696	0.6690	0.6603	0.6438	0.6251	0.6091	0.5921	0.5721	0.5516	0.5373	0.5311	0.5212	0.5011	0.4893	0.5237	0.6143	0.6930	0.7297	0.7415	0.7434	0.7442	0.7441	0.7429	0.7395	0.7359	0.7326	0.7317	0.7308	0.7293	0.7288
14	A14	0.00	30.00	0.00	0.00	0.00	0.00	0.00	0.3775	0.4570	0.5245	0.5695	0.5974	0.6118	0.6194	0.6173	0.6040	0.5813	0.5563	0.5345	0.5120	0.4859	0.4583	0.4401	0.4327	0.4202	0.3957	0.3806	0.4239	0.5453	0.6613	0.7203	0.7421	0.7482	0.7504	0.7504	0.7496	0.7469	0.7437	0.7400	0.7381	0.7370	0.7359	0.7368
15	A15	0.00	40.00	0.00	0.00	0.00	0.00	0.00	0.3555	0.4219	0.4761	0.5142	0.5394	0.5532	0.5615	0.5587	0.5421	0.5144	0.4847	0.4585	0.4318	0.4019	0.3708	0.3511	0.3433	0.3296	0.3039	0.2881	0.3364	0.4792	0.6253	0.7045	0.7351	0.7443	0.7478	0.7485	0.7481	0.7453	0.7418	0.7387	0.7377	0.7365	0.7347	0.7342
16	A16	0.00	50.00	0.00	0.00	0.00	0.00	0.00	0.3254	0.3779	0.4193	0.4497	0.4712	0.4860	0.4945	0.4908	0.4708	0.4389	0.4052	0.3751	0.3454	0.3124	0.2784	0.2581	0.2503	0.2363	0.2106	0.1949	0.2461	0.4063	0.5824	0.6825	0.7232	0.7365	0.7418	0.7436	0.7435	0.7410	0.7383	0.7352	0.7346	0.7340	0.7325	0.7319
17	A17	0.00	60.00	0.00	0.00	0.00	0.00	0.00	0.3002	0.3402	0.3715	0.3970	0.4170	0.4317	0.4415	0.4371	0.4148	0.3795	0.3424	0.3100	0.2781	0.2431	0.2082	0.1875	0.1798	0.1660	0.1414	0.1270	0.1779	0.3476	0.5467	0.6662	0.7162	0.7328	0.7396	0.7422	0.7427	0.7408	0.7379	0.7351	0.7343	0.7332	0.7315	0.7307
18	A18	0.00	70.00	0.00	0.00	0.00	0.00	0.00	0.2787	0.3078	0.3323	0.3520	0.3697	0.3837	0.3934	0.3886	0.3644	0.3276	0.2891	0.2555	0.2230	0.1880	0.1536	0.1341	0.1269	0.1140	0.0922	0.0800	0.1280	0.2989	0.5127	0.6462	0.7041	0.7238	0.7316	0.7348	0.7359	0.7342	0.7319	0.7294	0.7291	0.7290	0.7274	0.7264
19	A19	0.00	80.00	0.00	0.00	0.00	0.00	0.00	0.2502	0.2705	0.2857	0.3022	0.3190	0.3331	0.3432	0.3373	0.3114	0.2724	0.2325	0.1981	0.1657	0.1317	0.0994	0.0818	0.0756	0.0649	0.0477	0.0393	0.0805	0.2462	0.4768	0.6312	0.7009	0.7253	0.7347	0.7376	0.7382	0.7366	0.7343	0.7319	0.7311	0.7300	0.7291	0.7288
20	A20	0.00	90.00	0.00	0.00	0.00	0.00	0.00	0.2132	0.2214	0.2293	0.2402	0.2533	0.2664	0.2760	0.2697	0.2430	0.2046	0.1666	0.1351	0.1071	0.0796	0.0556	0.0432	0.0393	0.0330	0.0239	0.0210	0.0486	0.1867	0.4222	0.6030	0.6936	0.7279	0.7413	0.7458	0.7468	0.7445	0.7416	0.7382	0.7363	0.7344	0.7320	0.7297
21	A21	0.00	100.00	0.00	0.00	0.00	0.00	0.00	0.1825	0.1845	0.1871	0.1951	0.2057	0.2175	0.2268	0.2206	0.1949	0.1587	0.1241	0.0965	0.0731	0.0517	0.0341	0.0259	0.0233	0.0197	0.0153	0.0152	0.0349	0.1512	0.3818	0.5743	0.6746	0.7125	0.7262	0.7305	0.7315	0.7306	0.7289	0.7269	0.7274	0.7283	0.7287	0.7285
22	A22	0.00	0.00	10.00	0.00	0.00	0.00	0.00	0.4062	0.5026	0.5826	0.6268	0.6480	0.6557	0.6609	0.6696	0.6813	0.6870	0.6937	0.7151	0.7461	0.7724	0.7855	0.7860	0.7850	0.7838	0.7797	0.7791	0.7753	0.7720	0.7679	0.7642	0.7607	0.7577	0.7566	0.7552	0.7532	0.7495	0.7458	0.7419	0.7402	0.7394	0.7380	0.7388
23	A23	0.00	0.00	20.00	0.00	0.00	0.00	0.00	0.3797	0.4590	0.5207	0.5536	0.5686	0.5731	0.5784	0.5905	0.6079	0.6168	0.6279	0.6615	0.7119	0.7573	0.7815	0.7857	0.7854	0.7844	0.7804	0.7803	0.7765	0.7730	0.7687	0.7656	0.7619	0.7584	0.7568	0.7552	0.7536	0.7500	0.7450	0.7406	0.7397	0.7393	0.7384	0.7391
24	A24	0.00	0.00	30.00	0.00	0.00	0.00	0.00	0.3428	0.4065	0.4526	0.4735	0.4813	0.4848	0.4897	0.5043	0.5259	0.5386	0.5543	0.5987	0.6687	0.7360	0.7741	0.7832	0.7846	0.7841	0.7798	0.7792	0.7754	0.7715	0.7665	0.7621	0.7584	0.7552	0.7537	0.7519	0.7498	0.7456	0.7411	0.7373	0.7368	0.7363	0.7347	0.7350
25	A25	0.00	0.00	40.00	0.00	0.00	0.00	0.00	0.3125	0.3589	0.3888	0.4003	0.4032	0.4045	0.4097	0.4254	0.4500	0.4647	0.4836	0.5372	0.6242	0.7113	0.7635	0.7779	0.7804	0.7805	0.7767	0.7762	0.7721	0.7684	0.7634	0.7598	0.7559	0.7523	0.7510	0.7495	0.7473	0.7431	0.7379	0.7342	0.7341	0.7334	0.7319	0.7320
26	A26	0.00	0.00	50.00	0.00	0.00	0.00	0.00	0.2847	0.3191	0.3372	0.3393	0.3365	0.3360	0.3402	0.3566	0.3826	0.3991	0.4205	0.4811	0.5838	0.6907	0.7573	0.7773	0.7818	0.7824	0.7784	0.7781	0.7736	0.7695	0.7645	0.7603	0.7564	0.7535	0.7520	0.7504	0.7485	0.7442	0.7384	0.7339	0.7340	0.7341	0.7324	0.7324
27	A27	0.00	0.00	60.00	0.00	0.00	0.00	0.00	0.2464	0.2637	0.2661	0.2583	0.2513	0.2492	0.2532	0.2702	0.2985	0.3167	0.3412	0.4116	0.5337	0.6635	0.7458	0.7717	0.7779	0.7792	0.7757	0.7752	0.7718	0.7681	0.7636	0.7596	0.7560	0.7529	0.7519	0.7503	0.7483	0.7442	0.7388	0.7345	0.7340	0.7339	0.7321	0.7312
28	A28	0.00	0.00	70.00	0.00	0.00	0.00	0.00	0.2113	0.2158	0.2074	0.1937	0.1832	0.1804	0.1840	0.2014	0.2307	0.2503	0.2765	0.3540	0.4924	0.6438	0.7417	0.7734	0.7814	0.7831	0.7798	0.7795	0.7754	0.7718	0.7674	0.7638	0.7599	0.7567	0.7554	0.7537	0.7521	0.7481	0.7424	0.7378	0.7374	0.7368	0.7346	0.7340
29	A29	0.00	0.00	80.00	0.00	0.00	0.00	0.00	0.1728	0.1622	0.1421	0.1230	0.1104	0.1065	0.1096	0.1260	0.1550	0.1748	0.2024	0.2858	0.4404	0.6147	0.7305	0.7702	0.7808	0.7838	0.7809	0.7802	0.7759	0.7719	0.7670	0.7624	0.7585	0.7555	0.7541	0.7522	0.7501	0.7462	0.7403	0.7357	0.7355	0.7349	0.7326	0.7316
30	A30	0.00	0.00	90.00	0.00	0.00	0.00	0.00	0.1306	0.1103	0.0860	0.0658	0.0541	0.0503	0.0526	0.0659	0.0913	0.1098	0.1363	0.2201	0.3840	0.5793	0.7163	0.7657	0.7795	0.7840	0.7815	0.7812	0.7774	0.7738	0.7692	0.7651	0.7616	0.7587	0.7570	0.7549	0.7523	0.7479	0.7417	0.7364	0.7353	0.7346	0.7323	0.7319
31	A31	0.00	0.00	100.00	0.00	0.00	0.00	0.00	0.0966	0.0755	0.0541	0.0386	0.0305	0.0279	0.0291	0.0379	0.0552	0.0685	0.0902	0.1642	0.3235	0.5308	0.6870	0.7467	0.7632	0.7667	0.7625	0.7607	0.7554	0.7497	0.7439	0.7396	0.7359	0.7329	0.7329	0.7329	0.7324	0.7299	0.7259	0.7227	0.7234	0.7236	0.7221	0.7211
32	A32	0.00	0.00	0.00	10.00	0.00	0.00	0.00	0.3772	0.4699	0.5479	0.5976	0.6248	0.6353	0.6389	0.6418	0.6443	0.6445	0.6443	0.6452	0.6451	0.6442	0.6439	0.6421	0.6416	0.6411	0.6387	0.6396	0.6370	0.6346	0.6320	0.6304	0.6283	0.6264	0.6261	0.6254	0.6245	0.6222	0.6197	0.6173	0.6167	0.6168	0.6162	0.6166
33	A33	0.00	0.00	0.00	20.00	0.00	0.00	0.00	0.2967	0.3617	0.4150	0.4488	0.4695	0.4782	0.4822	0.4854	0.4887	0.4899	0.4908	0.4927	0.4940	0.4946	0.4957	0.4956	0.4965	0.4978	0.4971	0.4988	0.4982	0.4976	0.4971	0.4967	0.4964	0.4958	0.4966	0.4969	0.4969	0.4963	0.4954	0.4942	0.4940	0.4945	0.4946	0.4960
34	A34	0.00	0.00	0.00	30.00	0.00	0.00	0.00	0.2303	0.2747	0.3122	0.3374	0.3528	0.3603	0.3643	0.3676	0.3711	0.3732	0.3748	0.3772	0.3790	0.3807	0.3826	0.3838	0.3857	0.3877	0.3881	0.3905	0.3909	0.3914	0.3917	0.3926	0.3932	0.3938	0.3950	0.3960	0.3972	0.3976	0.3976	0.3972	0.3981	0.3993	0.4001	0.4022
35	A35	0.00	0.00	0.00	40.00	0.00	0.00	0.00	0.1775	0.2094	0.2366	0.2549	0.2670	0.2732	0.2772	0.2803	0.2836	0.2858	0.2881	0.2909	0.2933	0.2955	0.2979	0.2998	0.3020	0.3045	0.3056	0.3083	0.3093	0.3105	0.3116	0.3131	0.3144	0.3156	0.3174	0.3191	0.3205	0.3215	0.3223	0.3231	0.3243	0.3256	0.3270	0.3290
36	A36	0.00	0.00	0.00	50.00	0.00	0.00	0.00	0.1171	0.1352	0.1532	0.1654	0.1736	0.1786	0.1821	0.1852	0.1887	0.1915	0.1942	0.1971	0.1996	0.2022	0.2051	0.2076	0.2104	0.2132	0.2151	0.2180	0.2197	0.2215	0.2233	0.2252	0.2273	0.2290	0.2313	0.2333	0.2353	0.2366	0.2381	0.2393	0.2412	0.2430	0.2446	0.2465
37	A37	0.00	0.00	0.00	60.00	0.00	0.00	0.00	0.0741	0.0854	0.0944	0.1022	0.1079	0.1120	0.1153	0.1182	0.1214	0.1242	0.1270	0.1299	0.1329	0.1356	0.1386	0.1415	0.1444	0.1474	0.1497	0.1527	0.1550	0.1573	0.1597	0.1620	0.1643	0.1666	0.1691	0.1714	0.1738	0.1758	0.1776	0.1792	0.1812	0.1833	0.1852	0.1872
38	A38	0.00	0.00	0.00	70.00	0.00	0.00	0.00	0.0479	0.0555	0.0631	0.0677	0.0713	0.0745	0.0769	0.0793	0.0818	0.0840	0.0864	0.0889	0.0913	0.0938	0.0963	0.0988	0.1015	0.1041	0.1063	0.1090	0.1113	0.1135	0.1157	0.1181	0.1205	0.1227	0.1252	0.1275	0.1298	0.1319	0.1338	0.1356	0.1378	0.1401	0.1419	0.1439
39	A39	0.00	0.00	0.00	80.00	0.00	0.00	0.00	0.0341	0.0386	0.0419	0.0446	0.0474	0.0499	0.0514	0.0528	0.0544	0.0560	0.0575	0.0590	0.0606	0.0622	0.0640	0.0657	0.0675	0.0692	0.0708	0.0728	0.0745	0.0762	0.0780	0.0798	0.0817	0.0834	0.0854	0.0874	0.0893	0.0912	0.0930	0.0946	0.0965	0.0984	0.1003	0.1022
40	A40	0.00	0.00	0.00	90.00	0.00	0.00	0.00	0.0220	0.0247	0.0267	0.0281	0.0290	0.0303	0.0312	0.0324	0.0335	0.0345	0.0357	0.0368	0.0379	0.0391	0.0404	0.0416	0.0428	0.0441	0.0452	0.0466	0.0476	0.0488	0.0499	0.0512	0.0524	0.0536	0.0549	0.0562	0.0576	0.0586	0.0598	0.0609	0.0624	0.0637	0.0649	0.0660
41	A41	0.00	0.00	0.00	100.00	0.00	0.00	0.00	0.0175	0.0182	0.0190	0.0197	0.0199	0.0203	0.0209	0.0214	0.0221	0.0225	0.0230	0.0235	0.0241	0.0248	0.0256	0.0263	0.0271	0.0279	0.0287	0.0297	0.0306	0.0314	0.0324	0.0335	0.0344	0.0354	0.0365	0.0376	0.0386	0.0395	0.0406	0.0415	0.0426	0.0435	0.0445	0.0456
42	A42	0.00	0.00	0.00	0.00	10.00	0.00	0.00	0.4055	0.5006	0.5783	0.6253	0.6512	0.6587	0.6575	0.6509	0.6383	0.6224	0.6089	0.6013	0.5979	0.5981	0.6007	0.6022	0.6083	0.6224	0.6485	0.6937	0.7353	0.7597	0.7675	0.7684	0.7662	0.7635	0.7626	0.7617	0.7602	0.7563	0.7526	0.7492	0.7479	0.7472	0.7451	0.7454
43	A43	0.00	0.00	0.00	0.00	20.00	0.00	0.00	0.3682	0.4414	0.4995	0.5322	0.5494	0.5529	0.5493	0.5383	0.5193	0.4964	0.4775	0.4659	0.4607	0.4607	0.4642	0.4671	0.4750	0.4949	0.5362	0.6090	0.6862	0.7366	0.7571	0.7626	0.7626	0.7607	0.7599	0.7582	0.7562	0.7526	0.7489	0.7454	0.7431	0.7414	0.7394	0.7394
44	A44	0.00	0.00	0.00	0.00	30.00	0.00	0.00	0.3291	0.3804	0.4190	0.4419	0.4539	0.4550	0.4492	0.4349	0.4098	0.3807	0.3570	0.3415	0.3336	0.3330	0.3367	0.3401	0.3490	0.3728	0.4264	0.5252	0.6372	0.7151	0.7498	0.7611	0.7632	0.7625	0.7625	0.7615	0.7600	0.7569	0.7537	0.7501	0.7480	0.7467	0.7446	0.7443
45	A45	0.00	0.00	0.00	0.00	40.00	0.00	0.00	0.2912	0.3273	0.3524	0.3655	0.3725	0.3718	0.3649	0.3487	0.3211	0.2900	0.2655	0.2497	0.2420	0.2417	0.2454	0.2494	0.2584	0.2825	0.3402	0.4519	0.5866	0.6855	0.7325	0.7489	0.7532	0.7536	0.7542	0.7537	0.7526	0.7498	0.7466	0.7435	0.7418	0.7403	0.7385	0.7379
46	A46	0.00	0.00	0.00	0.00	50.00	0.00	0.00	0.2514	0.2688	0.2781	0.2823	0.2849	0.2821	0.2745	0.2576	0.2277	0.1958	0.1713	0.1553	0.1474	0.1469	0.1502	0.1536	0.1616	0.1845	0.2444	0.3684	0.5280	0.6519	0.7135	0.7368	0.7443	0.7460	0.7471	0.7473	0.7469	0.7444	0.7416	0.7385	0.7373	0.7364	0.7343	0.7335
47	A47	0.00	0.00	0.00	0.00	60.00	0.00	0.00	0.2174	0.2236	0.2228	0.2218	0.2213	0.2173	0.2093	0.1916	0.1619	0.1310	0.1085	0.0943	0.0875	0.0874	0.0905	0.0939	0.1014	0.1231	0.1833	0.3138	0.4882	0.6273	0.6984	0.7257	0.7349	0.7374	0.7394	0.7400	0.7397	0.7374	0.7349	0.7330	0.7327	0.7320	0.7305	0.7299
48	A48	0.00	0.00	0.00	0.00	70.00	0.00	0.00	0.1910	0.1869	0.1802	0.1762	0.1739	0.1694	0.1611	0.1436	0.1144	0.0855	0.0653	0.0530	0.0473	0.0470	0.0494	0.0521	0.0579	0.0764	0.1324	0.2643	0.4518	0.6077	0.6896	0.7223	0.7335	0.7370	0.7397	0.7407	0.7412	0.7393	0.7369	0.7353	0.7353	0.7352	0.7334	0.7327
49	A49	0.00	0.00	0.00	0.00	80.00	0.00	0.00	0.1568	0.1451	0.1325	0.1253	0.1216	0.1169	0.1096	0.0938	0.0684	0.0448	0.0300	0.0216	0.0181	0.0179	0.0194	0.0211	0.0250	0.0385	0.0859	0.2127	0.4084	0.5795	0.6727	0.7099	0.7233	0.7269	0.7293	0.7309	0.7320	0.7309	0.7291	0.7276	0.7281	0.7288	0.7280	0.7270
50	A50	0.00	0.00	0.00	0.00	90.00	0.00	0.00	0.1236	0.1077	0.0945	0.0865	0.0824	0.0781	0.0718	0.0594	0.0408	0.0250	0.0161	0.0119	0.0103	0.0103	0.0110	0.0119	0.0141	0.0221	0.0568	0.1704	0.3728	0.5663	0.6789	0.7241	0.7378	0.7397	0.7396	0.7379	0.7354	0.7309	0.7264	0.7228	0.7217	0.7201	0.7174	0.7158
51	B1	0.00	0.00	0.00	0.00	100.00	0.00	0.00	0.1128	0.0949	0.0809	0.0732	0.0690	0.0652	0.0600	0.0491	0.0327	0.0196	0.0128	0.0097	0.0086	0.0086	0.0092	0.0098	0.0112	0.0170	0.0453	0.1477	0.3428	0.5374	0.6564	0.7088	0.7282	0.7346	0.7388	0.7409	0.7410	0.7382	0.7344	0.7307	0.7286	0.7257	0.7221	0.7191
52	B2	0.00	0.00	0.00	0.00	0.00	10.00	0.00	0.3851	0.4889	0.5813	0.6437	0.6847	0.7079	0.7240	0.7393	0.7567	0.7706	0.7787	0.7834	0.7826	0.7781	0.7726	0.7632	0.7538	0.7424	0.7262	0.7110	0.6896	0.6648	0.6387	0.6199	0.6081	0.6010	0.5969	0.5945	0.5961	0.6007	0.6071	0.6133	0.6200	0.6230	0.6230	0.6249
53	B3	0.00	0.00	0.00	0.00	0.00	20.00	0.00	0.3340	0.4183	0.4953	0.5526	0.5968	0.6265	0.6519	0.6790	0.7108	0.7404	0.7599	0.7712	0.7720	0.7660	0.7571	0.7423	0.7250	0.7042	0.6769	0.6496	0.6147	0.5751	0.5356	0.5081	0.4922	0.4830	0.4774	0.4748	0.4781	0.4868	0.4988	0.5113	0.5232	0.5294	0.5302	0.5334
54	B4	0.00	0.00	0.00	0.00	0.00	30.00	0.00	0.2769	0.3478	0.4114	0.4627	0.5068	0.5431	0.5761	0.6132	0.6594	0.7050	0.7375	0.7557	0.7588	0.7516	0.7386	0.7180	0.6932	0.6625	0.6249	0.5863	0.5391	0.4861	0.4360	0.4030	0.3853	0.3760	0.3700	0.3671	0.3714	0.3830	0.3992	0.4168	0.4341	0.4435	0.4445	0.4470
55	B5	0.00	0.00	0.00	0.00	0.00	40.00	0.00	0.2307	0.2864	0.3395	0.3847	0.4275	0.4661	0.5045	0.5493	0.6062	0.6655	0.7085	0.7341	0.7392	0.7306	0.7145	0.6889	0.6569	0.6187	0.5727	0.5252	0.4692	0.4082	0.3519	0.3169	0.2994	0.2905	0.2847	0.2820	0.2865	0.2992	0.3171	0.3375	0.3578	0.3690	0.3703	0.3725
56	B6	0.00	0.00	0.00	0.00	0.00	50.00	0.00	0.1784	0.2224	0.2658	0.3059	0.3484	0.3905	0.4338	0.4864	0.5554	0.6298	0.6862	0.7196	0.7273	0.7176	0.6975	0.6658	0.6261	0.5784	0.5228	0.4655	0.4002	0.3304	0.2692	0.2327	0.2154	0.2072	0.2019	0.1992	0.2039	0.2168	0.2359	0.2583	0.2806	0.2932	0.2946	0.2960
57	B7	0.00	0.00	0.00	0.00	0.00	60.00	0.00	0.1333	0.1661	0.2000	0.2354	0.2764	0.3201	0.3676	0.4258	0.5039	0.5902	0.6563	0.6962	0.7061	0.6958	0.6731	0.6372	0.5914	0.5364	0.4738	0.4092	0.3367	0.2616	0.1979	0.1617	0.1454	0.1381	0.1331	0.1310	0.1356	0.1483	0.1673	0.1900	0.2131	0.2260	0.2276	0.2296
58	B8	0.00	0.00	0.00	0.00	0.00	70.00	0.00	0.0946	0.1197	0.1466	0.1780	0.2164	0.2605	0.3096	0.3722	0.4577	0.5544	0.6307	0.6770	0.6895	0.6784	0.6526	0.6125	0.5612	0.4991	0.4295	0.3581	0.2800	0.2011	0.1375	0.1035	0.0893	0.0834	0.0798	0.0782	0.0824	0.0938	0.1117	0.1341	0.1575	0.1709	0.1725	0.1744
59	B9	0.00	0.00	0.00	0.00	0.00	80.00	0.00	0.0525	0.0691	0.0884	0.1137	0.1495	0.1930	0.2440	0.3109	0.4045	0.5132	0.6007	0.6547	0.6697	0.6572	0.6276	0.5817	0.5230	0.4537	0.3771	0.2992	0.2160	0.1354	0.0752	0.0466	0.0360	0.0323	0.0301	0.0295	0.0328	0.0415	0.0563	0.0760	0.0979	0.1110	0.1128	0.1139
60	B10	0.00	0.00	0.00	0.00	0.00	90.00	0.00	0.0292	0.0360	0.0483	0.0657	0.0922	0.1282	0.1736	0.2371	0.3322	0.4484	0.5478	0.6119	0.6307	0.6170	0.5841	0.5346	0.4712	0.3949	0.3116	0.2298	0.1490	0.0794	0.0358	0.0192	0.0143	0.0129	0.0124	0.0126	0.0142	0.0185	0.0262	0.0382	0.0534	0.0638	0.0652	0.0660
61	B11	0.00	0.00	0.00	0.00	0.00	100.00	0.00	0.0235	0.0248	0.0298	0.0404	0.0583	0.0851	0.1234	0.1812	0.2742	0.3947	0.5008	0.5698	0.5901	0.5755	0.5407	0.4891	0.4231	0.3438	0.2580	0.1767	0.1026	0.0468	0.0182	0.0097	0.0081	0.0078	0.0079	0.0083	0.0092	0.0110	0.0147	0.0210	0.0302	0.0365	0.0373	0.0384
62	B12	0.00	0.00	0.00	0.00	0.00	0.00	10.00	0.3934	0.5115	0.6186	0.6874	0.7272	0.7442	0.7511	0.7518	0.7469	0.7349	0.7179	0.6961	0.6725	0.6491	0.6251	0.6066	0.5988	0.5932	0.5833	0.5791	0.5800	0.5859	0.5886	0.5853	0.5792	0.5790	0.5886	0.6034	0.6179	0.6260	0.6278	0.6270	0.6270	0.6277	0.6313	0.6395
63	B13	0.00	0.00	0.00	0.00	0.00	0.00	20.00	0.3322	0.4424	0.5421	0.6109	0.6537	0.6746	0.6848	0.6840	0.6733	0.6522	0.6212	0.5818	0.5407	0.5033	0.4670	0.4417	0.4325	0.4276	0.4170	0.4130	0.4186	0.4318	0.4401	0.4374	0.4299	0.4307	0.4457	0.4706	0.4970	0.5143	0.5204	0.5205	0.5190	0.5190	0.5261	0.5410
64	B14	0.00	0.00	0.00	0.00	0.00	0.00	30.00	0.2763	0.3817	0.4803	0.5491	0.5938	0.6188	0.6314	0.6293	0.6130	0.5847	0.5434	0.4909	0.4387	0.3939	0.3523	0.3254	0.3168	0.3127	0.3029	0.2992	0.3063	0.3218	0.3326	0.3302	0.3222	0.3231	0.3401	0.3694	0.4019	0.4251	0.4341	0.4349	0.4321	0.4307	0.4391	0.4580
65	B15	0.00	0.00	0.00	0.00	0.00	0.00	40.00	0.2411	0.3420	0.4361	0.5046	0.5511	0.5790	0.5937	0.5904	0.5702	0.5351	0.4851	0.4224	0.3617	0.3115	0.2672	0.2403	0.2323	0.2288	0.2197	0.2160	0.2236	0.2400	0.2519	0.2500	0.2415	0.2424	0.2606	0.2926	0.3291	0.3557	0.3667	0.3678	0.3645	0.3628	0.3723	0.3935
66	B16	0.00	0.00	0.00	0.00	0.00	0.00	50.00	0.1877	0.2833	0.3739	0.4417	0.4890	0.5201	0.5370	0.5333	0.5086	0.4671	0.4088	0.3361	0.2686	0.2156	0.1712	0.1467	0.1404	0.1381	0.1311	0.1287	0.1368	0.1533	0.1657	0.1641	0.1555	0.1566	0.1749	0.2084	0.2480	0.2780	0.2908	0.2919	0.2870	0.2838	0.2939	0.3174
67	B17	0.00	0.00	0.00	0.00	0.00	0.00	60.00	0.1390	0.2293	0.3171	0.3839	0.4328	0.4676	0.4868	0.4820	0.4534	0.4063	0.3408	0.2611	0.1896	0.1368	0.0963	0.0756	0.0713	0.0703	0.0652	0.0638	0.0710	0.0859	0.0978	0.0966	0.0886	0.0893	0.1061	0.1389	0.1799	0.2122	0.2264	0.2276	0.2203	0.2148	0.2242	0.2485
68	B18	0.00	0.00	0.00	0.00	0.00	0.00	70.00	0.0967	0.1828	0.2692	0.3352	0.3856	0.4221	0.4423	0.4364	0.4042	0.3530	0.2824	0.1983	0.1260	0.0765	0.0427	0.0281	0.0257	0.0251	0.0226	0.0223	0.0273	0.0379	0.0471	0.0462	0.0402	0.0410	0.0546	0.0836	0.1223	0.1544	0.1693	0.1708	0.1635	0.1576	0.1668	0.1916
69	B19	0.00	0.00	0.00	0.00	0.00	0.00	80.00	0.0749	0.1501	0.2288	0.2923	0.3422	0.3805	0.4033	0.3982	0.3647	0.3111	0.2391	0.1570	0.0909	0.0502	0.0260	0.0171	0.0157	0.0156	0.0143	0.0146	0.0177	0.0242	0.0304	0.0295	0.0253	0.0258	0.0358	0.0583	0.0916	0.1206	0.1342	0.1348	0.1264	0.1193	0.1269	0.1499
70	B20	0.00	0.00	0.00	0.00	0.00	0.00	90.00	0.0510	0.1131	0.1839	0.2417	0.2879	0.3254	0.3483	0.3438	0.3105	0.2566	0.1860	0.1103	0.0560	0.0279	0.0146	0.0104	0.0097	0.0094	0.0092	0.0097	0.0109	0.0135	0.0162	0.0155	0.0132	0.0136	0.0191	0.0333	0.0574	0.0809	0.0931	0.0942	0.0871	0.0814	0.0888	0.1098
71	B21	0.00	0.00	0.00	0.00	0.00	0.00	100.00	0.0387	0.0887	0.1526	0.2069	0.2503	0.2859	0.3082	0.3039	0.2714	0.2192	0.1518	0.0837	0.0393	0.0191	0.0111	0.0091	0.0087	0.0085	0.0086	0.0092	0.0100	0.0112	0.0125	0.0118	0.0104	0.0107	0.0141	0.0234	0.0408	0.0588	0.0682	0.0686	0.0627	0.0579	0.0635	0.0805
72	B22	100.00	100.00	0.00	0.00	0.00	0.00	0.00	0.0505	0.0912	0.1268	0.1529	0.1722	0.1929	0.2130	0.2148	0.1932	0.1604	0.1275	0.1007	0.0772	0.0552	0.0365	0.0264	0.0213	0.0163	0.0125	0.0129	0.0188	0.0333	0.0447	0.0445	0.0423	0.0415	0.0432	0.0501	0.0603	0.0659	0.0630	0.0559	0.0468	0.0417	0.0463	0.0615
73	B23	100.00	0.00	100.00	0.00	0.00	0.00	0.00	0.0332	0.0442	0.0474	0.0448	0.0417	0.0420	0.0456	0.0555	0.0716	0.0840	0.1022	0.1647	0.2925	0.4281	0.4714	0.4238	0.3469	0.2612	0.1766	0.1141	0.0778	0.0587	0.0454	0.0375	0.0350	0.0353	0.0381	0.0458	0.0569	0.0630	0.0600	0.0532	0.0440	0.0387	0.0436	0.0601
74	B24	100.00	0.00	0.00	100.00	0.00	0.00	0.00	0.0125	0.0172	0.0203	0.0209	0.0212	0.0220	0.0229	0.0233	0.0238	0.0243	0.0244	0.0247	0.0249	0.0247	0.0240	0.0225	0.0204	0.0175	0.0141	0.0114	0.0097	0.0089	0.0083	0.0080	0.0081	0.0082	0.0083	0.0086	0.0094	0.0097	0.0096	0.0092	0.0089	0.0093	0.0106	0.0125
75	B25	100.00	0.00	0.00	0.00	100.00	0.00	0.00	0.0329	0.0436	0.0483	0.0494	0.0489	0.0479	0.0461	0.0389	0.0269	0.0174	0.0125	0.0103	0.0091	0.0085	0.0083	0.0083	0.0087	0.0104	0.0165	0.0328	0.0515	0.0574	0.0517	0.0454	0.0435	0.0440	0.0471	0.0551	0.0665	0.0726	0.0699	0.0626	0.0532	0.0478	0.0522	0.0670
76	B26	100.00	0.00	0.00	0.00	0.00	100.00	0.00	0.0160	0.0205	0.0269	0.0362	0.0526	0.0784	0.1168	0.1748	0.2641	0.3773	0.4708	0.5227	0.5245	0.4873	0.4224	0.3421	0.2559	0.1693	0.0950	0.0475	0.0230	0.0119	0.0077	0.0068	0.0067	0.0066	0.0065	0.0064	0.0063	0.0065	0.0067	0.0076	0.0086	0.0098	0.0110	0.0133
77	B27	100.00	0.00	0.00	0.00	0.00	0.00	100.00	0.0212	0.0527	0.1033	0.1545	0.1974	0.2385	0.2718	0.2769	0.2494	0.2008	0.1377	0.0751	0.0352	0.0175	0.0108	0.0086	0.0075	0.0070	0.0067	0.0066	0.0065	0.0063	0.0064	0.0064	0.0062	0.0062	0.0065	0.0074	0.0096	0.0123	0.0133	0.0126	0.0112	0.0107	0.0123	0.0168
78	B28	0.00	100.00	100.00	0.00	0.00	0.00	0.00	0.0567	0.0444	0.0348	0.0289	0.0267	0.0264	0.0273	0.0303	0.0333	0.0323	0.0323	0.0398	0.0508	0.0520	0.0420	0.0341	0.0307	0.0262	0.0212	0.0204	0.0413	0.1633	0.3958	0.5859	0.6839	0.7212	0.7351	0.7399	0.7411	0.7388	0.7352	0.7323	0.7315	0.7302	0.7278	0.7254
79	B29	0.00	100.00	0.00	100.00	0.00	0.00	0.00	0.0113	0.0106	0.0105	0.0108	0.0111	0.0115	0.0119	0.0123	0.0120	0.0115	0.0107	0.0101	0.0096	0.0092	0.0087	0.0083	0.0083	0.0086	0.0095	0.0120	0.0172	0.0284	0.0397	0.0439	0.0445	0.0445	0.0447	0.0450	0.0457	0.0462	0.0470	0.0478	0.0486	0.0496	0.0505	0.0514
80	B30	0.00	100.00	0.00	0.00	100.00	0.00	0.00	0.0495	0.0351	0.0277	0.0240	0.0226	0.0217	0.0205	0.0166	0.0117	0.0085	0.0073	0.0070	0.0072	0.0075	0.0078	0.0077	0.0077	0.0083	0.0099	0.0132	0.0297	0.1304	0.3517	0.5524	0.6637	0.7081	0.7240	0.7288	0.7308	0.7298	0.7275	0.7257	0.7263	0.7267	0.7248	0.7229
81	B31	0.00	100.00	0.00	0.00	0.00	100.00	0.00	0.0073	0.0092	0.0120	0.0165	0.0236	0.0360	0.0524	0.0718	0.0906	0.0989	0.0918	0.0774	0.0599	0.0420	0.0272	0.0199	0.0170	0.0138	0.0115	0.0124	0.0180	0.0284	0.0304	0.0245	0.0193	0.0160	0.0138	0.0124	0.0118	0.0124	0.0154	0.0218	0.0311	0.0379	0.0387	0.0381
82	B32	0.00	100.00	0.00	0.00	0.00	0.00	100.00	0.0166	0.0381	0.0580	0.0754	0.0906	0.1056	0.1162	0.1113	0.0894	0.0613	0.0362	0.0190	0.0106	0.0082	0.0076	0.0073	0.0073	0.0077	0.0090	0.0116	0.0165	0.0236	0.0267	0.0237	0.0193	0.0170	0.0183	0.0266	0.0439	0.0624	0.0720	0.0723	0.0661	0.0612	0.0675	0.0860
83	B33	0.00	0.00	100.00	100.00	0.00	0.00	0.00	0.0104	0.0110	0.0105	0.0102	0.0104	0.0098	0.0101	0.0108	0.0111	0.0116	0.0138	0.0186	0.0254	0.0303	0.0319	0.0319	0.0321	0.0326	0.0328	0.0335	0.0342	0.0350	0.0358	0.0367	0.0377	0.0386	0.0396	0.0408	0.0417	0.0427	0.0437	0.0447	0.0460	0.0472	0.0481	0.0487
84	B34	0.00	0.00	100.00	0.00	100.00	0.00	0.00	0.0342	0.0227	0.0163	0.0136	0.0122	0.0119	0.0114	0.0119	0.0117	0.0113	0.0120	0.0145	0.0170	0.0172	0.0159	0.0147	0.0145	0.0184	0.0432	0.1428	0.3414	0.5401	0.6577	0.7058	0.7219	0.7268	0.7297	0.7314	0.7327	0.7319	0.7295	0.7272	0.7276	0.7275	0.7254	0.7230
85	B35	0.00	0.00	100.00	0.00	0.00	100.00	0.00	0.0111	0.0112	0.0120	0.0126	0.0129	0.0137	0.0156	0.0212	0.0338	0.0502	0.0743	0.1395	0.2706	0.4152	0.4803	0.4597	0.4028	0.3291	0.2480	0.1704	0.1000	0.0470	0.0198	0.0115	0.0092	0.0085	0.0080	0.0080	0.0083	0.0097	0.0132	0.0198	0.0294	0.0362	0.0371	0.0377
86	B36	0.00	0.00	100.00	0.00	0.00	0.00	100.00	0.0114	0.0190	0.0247	0.0250	0.0240	0.0253	0.0274	0.0314	0.0367	0.0361	0.0328	0.0316	0.0297	0.0246	0.0189	0.0153	0.0132	0.0120	0.0113	0.0110	0.0108	0.0113	0.0120	0.0112	0.0099	0.0100	0.0131	0.0226	0.0404	0.0588	0.0679	0.0682	0.0629	0.0587	0.0654	0.0836
87	B37	0.00	0.00	0.00	100.00	100.00	0.00	0.00	0.0110	0.0115	0.0106	0.0116	0.0112	0.0112	0.0113	0.0110	0.0107	0.0104	0.0102	0.0099	0.0099	0.0097	0.0096	0.0096	0.0096	0.0097	0.0105	0.0140	0.0203	0.0255	0.0286	0.0301	0.0312	0.0323	0.0333	0.0342	0.0352	0.0362	0.0371	0.0381	0.0389	0.0400	0.0407	0.0418
88	B38	0.00	0.00	0.00	100.00	0.00	100.00	0.00	0.0089	0.0103	0.0116	0.0119	0.0119	0.0125	0.0132	0.0143	0.0158	0.0180	0.0198	0.0211	0.0218	0.0223	0.0224	0.0221	0.0215	0.0201	0.0180	0.0156	0.0132	0.0112	0.0101	0.0097	0.0095	0.0094	0.0093	0.0091	0.0090	0.0089	0.0091	0.0094	0.0099	0.0103	0.0102	0.0103
89	B39	0.00	0.00	0.00	100.00	0.00	0.00	100.00	0.0117	0.0125	0.0140	0.0146	0.0153	0.0163	0.0166	0.0166	0.0162	0.0156	0.0143	0.0130	0.0120	0.0116	0.0113	0.0110	0.0110	0.0108	0.0106	0.0106	0.0106	0.0104	0.0103	0.0102	0.0101	0.0098	0.0099	0.0103	0.0111	0.0121	0.0126	0.0125	0.0122	0.0121	0.0126	0.0140
90	B40	0.00	0.00	0.00	0.00	100.00	100.00	0.00	0.0095	0.0092	0.0092	0.0111	0.0123	0.0148	0.0164	0.0179	0.0172	0.0151	0.0134	0.0119	0.0109	0.0100	0.0093	0.0087	0.0086	0.0098	0.0171	0.0381	0.0525	0.0374	0.0186	0.0114	0.0095	0.0092	0.0092	0.0093	0.0103	0.0122	0.0158	0.0219	0.0303	0.0362	0.0370	0.0367
91	B41	0.00	0.00	0.00	0.00	100.00	0.00	100.00	0.0156	0.0213	0.0259	0.0270	0.0273	0.0283	0.0278	0.0233	0.0170	0.0125	0.0103	0.0092	0.0084	0.0080	0.0078	0.0077	0.0075	0.0074	0.0077	0.0086	0.0096	0.0112	0.0124	0.0119	0.0109	0.0112	0.0140	0.0215	0.0360	0.0517	0.0603	0.0611	0.0563	0.0527	0.0585	0.0745
92	B42	0.00	0.00	0.00	0.00	0.00	100.00	100.00	0.0096	0.0128	0.0169	0.0213	0.0306	0.0458	0.0665	0.0916	0.1169	0.1276	0.1046	0.0628	0.0313	0.0169	0.0110	0.0093	0.0087	0.0084	0.0083	0.0088	0.0091	0.0090	0.0085	0.0079	0.0077	0.0080	0.0084	0.0087	0.0089	0.0091	0.0095	0.0103	0.0112	0.0120	0.0128	0.0144
93	B43	10.00	0.00	0.00	100.00	0.00	0.00	0.00	0.0164	0.0172	0.0202	0.0202	0.0210	0.0217	0.0221	0.0229	0.0236	0.0243	0.0247	0.0254	0.0261	0.0268	0.0277	0.0284	0.0291	0.0298	0.0303	0.0308	0.0314	0.0321	0.0328	0.0336	0.0346	0.0356	0.0366	0.0378	0.0390	0.0399	0.0408	0.0416	0.0425	0.0433	0.0445	0.0457
94	B44	20.00	0.00	0.00	100.00	0.00	0.00	0.00	0.0149	0.0160	0.0179	0.0189	0.0201	0.0204	0.0210	0.0215	0.0222	0.0228	0.0233	0.0240	0.0247	0.0254	0.0260	0.0266	0.0272	0.0275	0.0277	0.0279	0.0281	0.0285	0.0290	0.0297	0.0305	0.0314	0.0324	0.0336	0.0348	0.0358	0.0365	0.0370	0.0375	0.0386	0.0395	0.0409
95	B45	30.00	0.00	0.00	100.00	0.00	0.00	0.00	0.0135	0.0152	0.0177	0.0186	0.0188	0.0200	0.0206	0.0212	0.0221	0.0226	0.0230	0.0237	0.0244	0.0250	0.0254	0.0260	0.0263	0.0264	0.0261	0.0258	0.0258	0.0260	0.0262	0.0267	0.0274	0.0281	0.0290	0.0300	0.0314	0.0323	0.0327	0.0332	0.0337	0.0343	0.0355	0.0369
96	B46	40.00	0.00	0.00	100.00	0.00	0.00	0.00	0.0162	0.0176	0.0186	0.0191	0.0198	0.0202	0.0207	0.0215	0.0220	0.0224	0.0230	0.0235	0.0242	0.0247	0.0252	0.0254	0.0255	0.0253	0.0247	0.0241	0.0238	0.0239	0.0238	0.0242	0.0247	0.0255	0.0262	0.0273	0.0285	0.0293	0.0300	0.0302	0.0304	0.0310	0.0321	0.0336
97	B47	50.00	0.00	0.00	100.00	0.00	0.00	0.00	0.0125	0.0162	0.0186	0.0198	0.0203	0.0207	0.0215	0.0224	0.0229	0.0233	0.0236	0.0244	0.0248	0.0253	0.0257	0.0257	0.0255	0.0249	0.0238	0.0228	0.0222	0.0220	0.0217	0.0220	0.0224	0.0231	0.0237	0.0246	0.0258	0.0267	0.0271	0.0272	0.0275	0.0278	0.0290	0.0312
98	B48	60.00	0.00	0.00	100.00	0.00	0.00	0.00	0.0145	0.0160	0.0183	0.0200	0.0205	0.0209	0.0215	0.0221	0.0227	0.0232	0.0236	0.0240	0.0245	0.0248	0.0249	0.0248	0.0242	0.0232	0.0217	0.0203	0.0194	0.0189	0.0186	0.0186	0.0191	0.0196	0.0201	0.0211	0.0223	0.0231	0.0234	0.0232	0.0232	0.0237	0.0248	0.0269
99	B49	70.00	0.00	0.00	100.00	0.00	0.00	0.00	0.0148	0.0175	0.0194	0.0207	0.0212	0.0219	0.0228	0.0234	0.0240	0.0245	0.0251	0.0255	0.0259	0.0260	0.0260	0.0256	0.0247	0.0232	0.0210	0.0190	0.0176	0.0169	0.0165	0.0163	0.0165	0.0168	0.0175	0.0183	0.0196	0.0204	0.0206	0.0204	0.0200	0.0204	0.0218	0.0240
100	B50	80.00	0.00	0.00	100.00	0.00	0.00	0.00	0.0126	0.0165	0.0195	0.0212	0.0212	0.0222	0.0230	0.0236	0.0241	0.0245	0.0249	0.0253	0.0256	0.0257	0.0255	0.0247	0.0234	0.0214	0.0186	0.0161	0.0144	0.0136	0.0130	0.0127	0.0127	0.0130	0.0135	0.0142	0.0154	0.0160	0.0162	0.0159	0.0155	0.0157	0.0171	0.0193
101	C1	90.00	0.00	0.00	100.00	0.00	0.00	0.00	0.0126	0.0176	0.0197	0.0207	0.0215	0.0227	0.0237	0.0243	0.0249	0.0254	0.0258	0.0263	0.0263	0.0263	0.0258	0.0247	0.0229	0.0201	0.0168	0.0138	0.0120	0.0109	0.0102	0.0100	0.0100	0.0102	0.0103	0.0110	0.0121	0.0126	0.0124	0.0121	0.0116	0.0118	0.0132	0.0156
102	C2	0.00	10.00	0.00	100.00	0.00	0.00	0.00	0.0148	0.0153	0.0165	0.0172	0.0182	0.0188	0.0194	0.0201	0.0208	0.0213	0.0221	0.0225	0.0233	0.0240	0.0247	0.0255	0.0263	0.0272	0.0280	0.0292	0.0308	0.0330	0.0346	0.0358	0.0369	0.0379	0.0390	0.0400	0.0412	0.0421	0.0432	0.0442	0.0453	0.0464	0.0474	0.0481
103	C3	0.00	20.00	0.00	100.00	0.00	0.00	0.00	0.0135	0.0146	0.0158	0.0167	0.0180	0.0185	0.0192	0.0199	0.0204	0.0208	0.0213	0.0217	0.0223	0.0227	0.0232	0.0238	0.0246	0.0253	0.0259	0.0272	0.0295	0.0330	0.0355	0.0365	0.0374	0.0383	0.0393	0.0403	0.0414	0.0423	0.0433	0.0444	0.0453	0.0465	0.0475	0.0484
104	C4	0.00	30.00	0.00	100.00	0.00	0.00	0.00	0.0154	0.0152	0.0158	0.0169	0.0175	0.0180	0.0188	0.0192	0.0198	0.0199	0.0201	0.0205	0.0208	0.0212	0.0215	0.0218	0.0224	0.0231	0.0237	0.0250	0.0278	0.0326	0.0359	0.0373	0.0382	0.0389	0.0399	0.0408	0.0417	0.0427	0.0435	0.0444	0.0456	0.0466	0.0475	0.0485
105	C5	0.00	40.00	0.00	100.00	0.00	0.00	0.00	0.0133	0.0137	0.0151	0.0159	0.0164	0.0174	0.0181	0.0186	0.0191	0.0191	0.0193	0.0197	0.0198	0.0198	0.0199	0.0203	0.0208	0.0214	0.0220	0.0234	0.0266	0.0324	0.0366	0.0384	0.0392	0.0399	0.0409	0.0418	0.0428	0.0438	0.0446	0.0454	0.0464	0.0475	0.0485	0.0492
106	C6	0.00	50.00	0.00	100.00	0.00	0.00	0.00	0.0125	0.0130	0.0139	0.0147	0.0154	0.0159	0.0169	0.0172	0.0176	0.0179	0.0178	0.0179	0.0180	0.0179	0.0180	0.0181	0.0184	0.0190	0.0195	0.0210	0.0247	0.0315	0.0369	0.0389	0.0397	0.0404	0.0413	0.0422	0.0432	0.0442	0.0450	0.0461	0.0471	0.0481	0.0491	0.0499
107	C7	0.00	60.00	0.00	100.00	0.00	0.00	0.00	0.0114	0.0122	0.0130	0.0142	0.0148	0.0158	0.0168	0.0171	0.0174	0.0172	0.0170	0.0170	0.0168	0.0167	0.0163	0.0162	0.0165	0.0168	0.0175	0.0191	0.0232	0.0313	0.0379	0.0402	0.0410	0.0416	0.0423	0.0431	0.0440	0.0450	0.0458	0.0467	0.0478	0.0487	0.0496	0.0504
108	C8	0.00	70.00	0.00	100.00	0.00	0.00	0.00	0.0123	0.0125	0.0132	0.0142	0.0150	0.0150	0.0158	0.0164	0.0168	0.0163	0.0159	0.0157	0.0153	0.0149	0.0144	0.0143	0.0144	0.0146	0.0152	0.0169	0.0216	0.0307	0.0384	0.0411	0.0418	0.0423	0.0431	0.0437	0.0446	0.0456	0.0465	0.0474	0.0485	0.0496	0.0505	0.0514
109	C9	0.00	80.00	0.00	100.00	0.00	0.00	0.00	0.0118	0.0122	0.0126	0.0133	0.0141	0.0145	0.0153	0.0158	0.0155	0.0149	0.0143	0.0138	0.0131	0.0126	0.0118	0.0114	0.0113	0.0115	0.0121	0.0143	0.0197	0.0305	0.0396	0.0430	0.0438	0.0442	0.0447	0.0456	0.0465	0.0472	0.0483	0.0490	0.0501	0.0511	0.0522	0.0528
110	C10	0.00	90.00	0.00	100.00	0.00	0.00	0.00	0.0092	0.0095	0.0106	0.0115	0.0123	0.0130	0.0135	0.0138	0.0138	0.0130	0.0123	0.0118	0.0112	0.0106	0.0099	0.0095	0.0094	0.0097	0.0106	0.0130	0.0185	0.0299	0.0401	0.0437	0.0442	0.0444	0.0449	0.0454	0.0460	0.0468	0.0477	0.0484	0.0494	0.0505	0.0514	0.0524
111	C11	0.00	0.00	10.00	100.00	0.00	0.00	0.00	0.0152	0.0161	0.0171	0.0175	0.0185	0.0187	0.0198	0.0205	0.0209	0.0217	0.0227	0.0237	0.0250	0.0261	0.0269	0.0278	0.0287	0.0296	0.0305	0.0316	0.0326	0.0337	0.0347	0.0357	0.0369	0.0378	0.0389	0.0401	0.0412	0.0421	0.0431	0.0442	0.0453	0.0463	0.0472	0.0483
112	C12	0.00	0.00	20.00	100.00	0.00	0.00	0.00	0.0115	0.0137	0.0155	0.0163	0.0170	0.0176	0.0180	0.0188	0.0196	0.0204	0.0213	0.0228	0.0247	0.0259	0.0269	0.0277	0.0286	0.0295	0.0303	0.0314	0.0323	0.0333	0.0343	0.0354	0.0364	0.0374	0.0385	0.0397	0.0408	0.0416	0.0428	0.0439	0.0449	0.0459	0.0467	0.0474
113	C13	0.00	0.00	30.00	100.00	0.00	0.00	0.00	0.0148	0.0158	0.0156	0.0163	0.0167	0.0170	0.0177	0.0183	0.0190	0.0197	0.0207	0.0226	0.0246	0.0260	0.0268	0.0277	0.0282	0.0292	0.0299	0.0308	0.0316	0.0325	0.0336	0.0347	0.0356	0.0366	0.0377	0.0388	0.0399	0.0410	0.0420	0.0432	0.0442	0.0452	0.0463	0.0473
114	C14	0.00	0.00	40.00	100.00	0.00	0.00	0.00	0.0139	0.0136	0.0145	0.0153	0.0161	0.0159	0.0166	0.0169	0.0176	0.0186	0.0198	0.0219	0.0244	0.0263	0.0275	0.0281	0.0287	0.0296	0.0303	0.0313	0.0322	0.0332	0.0341	0.0352	0.0362	0.0373	0.0383	0.0394	0.0406	0.0417	0.0427	0.0436	0.0448	0.0460	0.0469	0.0478
115	C15	0.00	0.00	50.00	100.00	0.00	0.00	0.00	0.0129	0.0138	0.0141	0.0147	0.0145	0.0146	0.0151	0.0156	0.0164	0.0171	0.0185	0.0209	0.0242	0.0265	0.0274	0.0280	0.0286	0.0295	0.0301	0.0312	0.0319	0.0328	0.0337	0.0348	0.0358	0.0368	0.0378	0.0390	0.0402	0.0412	0.0421	0.0431	0.0443	0.0451	0.0463	0.0470
116	C16	0.00	0.00	60.00	100.00	0.00	0.00	0.00	0.0118	0.0126	0.0130	0.0137	0.0138	0.0138	0.0143	0.0150	0.0157	0.0163	0.0176	0.0208	0.0245	0.0273	0.0284	0.0290	0.0295	0.0303	0.0311	0.0319	0.0327	0.0336	0.0346	0.0355	0.0365	0.0375	0.0386	0.0396	0.0409	0.0419	0.0429	0.0439	0.0449	0.0461	0.0471	0.0480
117	C17	0.00	0.00	70.00	100.00	0.00	0.00	0.00	0.0103	0.0109	0.0118	0.0118	0.0121	0.0124	0.0130	0.0135	0.0142	0.0147	0.0164	0.0197	0.0241	0.0272	0.0285	0.0290	0.0295	0.0302	0.0309	0.0318	0.0325	0.0335	0.0343	0.0353	0.0363	0.0372	0.0384	0.0394	0.0406	0.0417	0.0427	0.0436	0.0446	0.0459	0.0469	0.0478
118	C18	0.00	0.00	80.00	100.00	0.00	0.00	0.00	0.0095	0.0105	0.0112	0.0116	0.0111	0.0111	0.0116	0.0122	0.0129	0.0140	0.0156	0.0196	0.0247	0.0284	0.0298	0.0302	0.0307	0.0314	0.0320	0.0327	0.0335	0.0345	0.0353	0.0363	0.0374	0.0384	0.0393	0.0405	0.0416	0.0427	0.0437	0.0448	0.0460	0.0472	0.0482	0.0490
119	C19	0.00	0.00	90.00	100.00	0.00	0.00	0.00	0.0105	0.0114	0.0112	0.0104	0.0106	0.0101	0.0104	0.0110	0.0119	0.0127	0.0148	0.0196	0.0260	0.0308	0.0326	0.0332	0.0337	0.0343	0.0348	0.0357	0.0365	0.0374	0.0382	0.0391	0.0403	0.0414	0.0425	0.0435	0.0448	0.0460	0.0470	0.0480	0.0494	0.0505	0.0517	0.0527
120	C20	0.00	0.00	0.00	100.00	10.00	0.00	0.00	0.0158	0.0181	0.0169	0.0179	0.0187	0.0188	0.0191	0.0193	0.0196	0.0197	0.0199	0.0202	0.0204	0.0210	0.0217	0.0224	0.0231	0.0242	0.0258	0.0280	0.0301	0.0318	0.0329	0.0339	0.0351	0.0360	0.0370	0.0382	0.0393	0.0403	0.0412	0.0423	0.0431	0.0445	0.0455	0.0462
121	C21	0.00	0.00	0.00	100.00	20.00	0.00	0.00	0.0135	0.0140	0.0148	0.0162	0.0164	0.0168	0.0178	0.0181	0.0182	0.0181	0.0182	0.0183	0.0183	0.0186	0.0191	0.0196	0.0202	0.0214	0.0231	0.0260	0.0289	0.0308	0.0322	0.0333	0.0343	0.0353	0.0363	0.0374	0.0384	0.0395	0.0404	0.0413	0.0423	0.0433	0.0442	0.0449
122	C22	0.00	0.00	0.00	100.00	30.00	0.00	0.00	0.0134	0.0150	0.0159	0.0158	0.0158	0.0158	0.0166	0.0167	0.0165	0.0163	0.0163	0.0162	0.0162	0.0164	0.0168	0.0172	0.0176	0.0186	0.0206	0.0239	0.0274	0.0299	0.0314	0.0325	0.0336	0.0346	0.0355	0.0366	0.0376	0.0385	0.0395	0.0404	0.0414	0.0424	0.0433	0.0441
123	C23	0.00	0.00	0.00	100.00	40.00	0.00	0.00	0.0119	0.0142	0.0142	0.0150	0.0158	0.0155	0.0156	0.0158	0.0153	0.0152	0.0149	0.0146	0.0146	0.0148	0.0152	0.0154	0.0158	0.0167	0.0187	0.0225	0.0265	0.0293	0.0310	0.0321	0.0330	0.0340	0.0352	0.0362	0.0372	0.0382	0.0392	0.0402	0.0410	0.0421	0.0432	0.0443
124	C24	0.00	0.00	0.00	100.00	50.00	0.00	0.00	0.0137	0.0134	0.0149	0.0145	0.0142	0.0146	0.0146	0.0146	0.0142	0.0138	0.0135	0.0133	0.0132	0.0132	0.0134	0.0135	0.0139	0.0148	0.0168	0.0211	0.0260	0.0292	0.0310	0.0321	0.0333	0.0342	0.0352	0.0362	0.0371	0.0380	0.0389	0.0401	0.0411	0.0421	0.0428	0.0438
125	C25	0.00	0.00	0.00	100.00	60.00	0.00	0.00	0.0132	0.0130	0.0139	0.0139	0.0143	0.0142	0.0143	0.0140	0.0135	0.0131	0.0126	0.0122	0.0120	0.0118	0.0121	0.0122	0.0123	0.0131	0.0153	0.0199	0.0255	0.0293	0.0315	0.0327	0.0338	0.0347	0.0358	0.0368	0.0377	0.0386	0.0396	0.0404	0.0415	0.0427	0.0434	0.0440
126	C26	0.00	0.00	0.00	100.00	70.00	0.00	0.00	0.0143	0.0135	0.0144	0.0151	0.0145	0.0145	0.0146	0.0145	0.0139	0.0137	0.0132	0.0128	0.0125	0.0125	0.0124	0.0125	0.0128	0.0132	0.0149	0.0194	0.0249	0.0288	0.0309	0.0321	0.0331	0.0341	0.0350	0.0358	0.0368	0.0376	0.0386	0.0393	0.0402	0.0411	0.0418	0.0424
127	C27	0.00	0.00	0.00	100.00	80.00	0.00	0.00	0.0122	0.0124	0.0129	0.0126	0.0128	0.0128	0.0127	0.0125	0.0122	0.0115	0.0112	0.0109	0.0107	0.0104	0.0105	0.0105	0.0104	0.0108	0.0123	0.0167	0.0228	0.0272	0.0295	0.0310	0.0320	0.0330	0.0339	0.0350	0.0358	0.0368	0.0376	0.0387	0.0396	0.0407	0.0415	0.0423
128	C28	0.00	0.00	0.00	100.00	90.00	0.00	0.00	0.0136	0.0129	0.0126	0.0126	0.0127	0.0126	0.0124	0.0122	0.0117	0.0112	0.0110	0.0108	0.0106	0.0105	0.0103	0.0103	0.0102	0.0103	0.0114	0.0155	0.0220	0.0272	0.0300	0.0316	0.0327	0.0336	0.0347	0.0356	0.0367	0.0374	0.0384	0.0393	0.0403	0.0413	0.0421	0.0428
129	C29	0.00	0.00	0.00	100.00	0.00	10.00	0.00	0.0175	0.0186	0.0186	0.0197	0.0204	0.0212	0.0221	0.0228	0.0237	0.0245	0.0251	0.0260	0.0268	0.0275	0.0283	0.0290	0.0299	0.0305	0.0309	0.0313	0.0316	0.0316	0.0315	0.0316	0.0321	0.0328	0.0335	0.0344	0.0354	0.0366	0.0380	0.0394	0.0409	0.0421	0.0428	0.0435
130	C30	0.00	0.00	0.00	100.00	0.00	20.00	0.00	0.0129	0.0135	0.0168	0.0177	0.0183	0.0192	0.0199	0.0208	0.0218	0.0228	0.0238	0.0246	0.0252	0.0260	0.0267	0.0275	0.0280	0.0284	0.0287	0.0288	0.0285	0.0278	0.0272	0.0270	0.0272	0.0276	0.0283	0.0290	0.0298	0.0308	0.0322	0.0340	0.0355	0.0369	0.0378	0.0381
131	C31	0.00	0.00	0.00	100.00	0.00	30.00	0.00	0.0127	0.0139	0.0154	0.0164	0.0174	0.0179	0.0188	0.0199	0.0210	0.0222	0.0232	0.0240	0.0248	0.0254	0.0259	0.0264	0.0269	0.0272	0.0270	0.0268	0.0261	0.0250	0.0239	0.0234	0.0234	0.0235	0.0239	0.0244	0.0252	0.0261	0.0277	0.0295	0.0309	0.0321	0.0330	0.0331
132	C32	0.00	0.00	0.00	100.00	0.00	40.00	0.00	0.0120	0.0139	0.0146	0.0156	0.0160	0.0170	0.0179	0.0187	0.0198	0.0211	0.0223	0.0232	0.0238	0.0244	0.0250	0.0254	0.0256	0.0257	0.0253	0.0248	0.0237	0.0222	0.0206	0.0198	0.0196	0.0197	0.0199	0.0201	0.0209	0.0219	0.0233	0.0250	0.0268	0.0279	0.0286	0.0284
133	C33	0.00	0.00	0.00	100.00	0.00	50.00	0.00	0.0138	0.0152	0.0156	0.0157	0.0170	0.0173	0.0179	0.0192	0.0204	0.0220	0.0231	0.0239	0.0247	0.0254	0.0257	0.0260	0.0261	0.0260	0.0253	0.0242	0.0228	0.0208	0.0189	0.0177	0.0172	0.0171	0.0172	0.0173	0.0178	0.0189	0.0204	0.0221	0.0239	0.0255	0.0258	0.0262
134	C34	0.00	0.00	0.00	100.00	0.00	60.00	0.00	0.0115	0.0113	0.0130	0.0139	0.0142	0.0156	0.0164	0.0180	0.0196	0.0213	0.0228	0.0237	0.0245	0.0251	0.0256	0.0258	0.0258	0.0254	0.0243	0.0229	0.0207	0.0183	0.0160	0.0146	0.0140	0.0139	0.0138	0.0138	0.0141	0.0152	0.0165	0.0181	0.0199	0.0210	0.0215	0.0217
135	C35	0.00	0.00	0.00	100.00	0.00	70.00	0.00	0.0103	0.0101	0.0127	0.0137	0.0143	0.0147	0.0161	0.0173	0.0191	0.0210	0.0225	0.0235	0.0242	0.0246	0.0251	0.0253	0.0252	0.0246	0.0233	0.0217	0.0191	0.0163	0.0138	0.0125	0.0119	0.0117	0.0115	0.0115	0.0118	0.0124	0.0135	0.0152	0.0170	0.0181	0.0184	0.0183
136	C36	0.00	0.00	0.00	100.00	0.00	80.00	0.00	0.0132	0.0117	0.0124	0.0133	0.0136	0.0144	0.0156	0.0166	0.0186	0.0207	0.0222	0.0234	0.0241	0.0246	0.0249	0.0249	0.0244	0.0235	0.0220	0.0199	0.0171	0.0140	0.0117	0.0105	0.0100	0.0098	0.0096	0.0095	0.0096	0.0100	0.0108	0.0122	0.0136	0.0146	0.0149	0.0151
137	C37	0.00	0.00	0.00	100.00	0.00	90.00	0.00	0.0124	0.0129	0.0116	0.0122	0.0126	0.0127	0.0141	0.0150	0.0166	0.0185	0.0204	0.0214	0.0223	0.0226	0.0230	0.0228	0.0222	0.0210	0.0192	0.0168	0.0143	0.0119	0.0103	0.0095	0.0092	0.0092	0.0090	0.0089	0.0089	0.0090	0.0093	0.0099	0.0107	0.0114	0.0117	0.0117
138	C38	0.00	0.00	0.00	100.00	0.00	0.00	10.00	0.0129	0.0151	0.0172	0.0178	0.0186	0.0194	0.0202	0.0207	0.0212	0.0214	0.0219	0.0221	0.0220	0.0221	0.0222	0.0225	0.0231	0.0237	0.0242	0.0248	0.0256	0.0266	0.0275	0.0283	0.0290	0.0298	0.0310	0.0326	0.0342	0.0357	0.0367	0.0376	0.0386	0.0395	0.0408	0.0420
139	C39	0.00	0.00	0.00	100.00	0.00	0.00	20.00	0.0146	0.0162	0.0175	0.0181	0.0189	0.0198	0.0203	0.0206	0.0210	0.0210	0.0213	0.0209	0.0207	0.0205	0.0203	0.0202	0.0205	0.0209	0.0212	0.0217	0.0224	0.0235	0.0244	0.0250	0.0254	0.0260	0.0272	0.0291	0.0312	0.0330	0.0341	0.0348	0.0356	0.0361	0.0376	0.0389
140	C40	0.00	0.00	0.00	100.00	0.00	0.00	30.00	0.0156	0.0162	0.0173	0.0189	0.0194	0.0200	0.0204	0.0209	0.0212	0.0214	0.0212	0.0205	0.0198	0.0192	0.0186	0.0183	0.0184	0.0188	0.0189	0.0192	0.0198	0.0208	0.0215	0.0221	0.0223	0.0229	0.0241	0.0260	0.0283	0.0302	0.0313	0.0319	0.0328	0.0333	0.0346	0.0359
141	C41	0.00	0.00	0.00	100.00	0.00	0.00	40.00	0.0151	0.0166	0.0175	0.0186	0.0193	0.0193	0.0198	0.0200	0.0204	0.0203	0.0197	0.0190	0.0181	0.0172	0.0166	0.0161	0.0163	0.0163	0.0163	0.0165	0.0171	0.0179	0.0186	0.0188	0.0189	0.0192	0.0204	0.0225	0.0247	0.0268	0.0280	0.0288	0.0290	0.0294	0.0304	0.0324
142	C42	0.00	0.00	0.00	100.00	0.00	0.00	50.00	0.0117	0.0131	0.0155	0.0168	0.0175	0.0181	0.0187	0.0189	0.0189	0.0189	0.0182	0.0171	0.0159	0.0149	0.0139	0.0134	0.0134	0.0136	0.0134	0.0134	0.0138	0.0145	0.0151	0.0153	0.0151	0.0155	0.0165	0.0183	0.0207	0.0227	0.0239	0.0244	0.0245	0.0247	0.0254	0.0274
143	C43	0.00	0.00	0.00	100.00	0.00	0.00	60.00	0.0121	0.0145	0.0163	0.0169	0.0173	0.0178	0.0184	0.0186	0.0186	0.0181	0.0173	0.0160	0.0146	0.0135	0.0125	0.0120	0.0119	0.0118	0.0117	0.0116	0.0118	0.0125	0.0129	0.0130	0.0126	0.0127	0.0137	0.0155	0.0179	0.0200	0.0211	0.0215	0.0213	0.0212	0.0221	0.0242
144	C44	0.00	0.00	0.00	100.00	0.00	0.00	70.00	0.0109	0.0126	0.0138	0.0149	0.0157	0.0166	0.0175	0.0178	0.0178	0.0171	0.0160	0.0146	0.0132	0.0119	0.0110	0.0105	0.0103	0.0102	0.0100	0.0099	0.0100	0.0103	0.0107	0.0107	0.0104	0.0105	0.0111	0.0126	0.0151	0.0169	0.0180	0.0183	0.0180	0.0180	0.0188	0.0205
145	C45	0.00	0.00	0.00	100.00	0.00	0.00	80.00	0.0115	0.0132	0.0144	0.0155	0.0162	0.0172	0.0177	0.0179	0.0180	0.0171	0.0159	0.0143	0.0128	0.0118	0.0109	0.0106	0.0104	0.0103	0.0101	0.0100	0.0100	0.0103	0.0103	0.0101	0.0099	0.0099	0.0104	0.0116	0.0134	0.0152	0.0161	0.0163	0.0160	0.0159	0.0169	0.0186
146	C46	0.00	0.00	0.00	100.00	0.00	0.00	90.00	0.0116	0.0125	0.0144	0.0145	0.0154	0.0159	0.0166	0.0169	0.0166	0.0155	0.0142	0.0128	0.0117	0.0109	0.0106	0.0103	0.0100	0.0100	0.0098	0.0097	0.0095	0.0095	0.0095	0.0094	0.0092	0.0090	0.0092	0.0099	0.0110	0.0123	0.0132	0.0133	0.0129	0.0127	0.0131	0.0145
147	C47	10.00	0.00	0.00	50.00	0.00	0.00	0.00	0.1000	0.1214	0.1387	0.1504	0.1592	0.1653	0.1697	0.1735	0.1771	0.1800	0.1828	0.1861	0.1888	0.1911	0.1933	0.1947	0.1957	0.1960	0.1946	0.1939	0.1929	0.1927	0.1927	0.1933	0.1945	0.1963	0.1989	0.2020	0.2051	0.2071	0.2081	0.2088	0.2093	0.2101	0.2121	0.2160
148	C48	20.00	0.00	0.00	50.00	0.00	0.00	0.00	0.0960	0.1177	0.1372	0.1507	0.1595	0.1663	0.1713	0.1754	0.1794	0.1826	0.1856	0.1886	0.1910	0.1928	0.1940	0.1941	0.1928	0.1900	0.1849	0.1803	0.1763	0.1741	0.1724	0.1717	0.1725	0.1742	0.1770	0.1808	0.1850	0.1877	0.1884	0.1879	0.1871	0.1870	0.1893	0.1951
149	C49	30.00	0.00	0.00	50.00	0.00	0.00	0.00	0.0918	0.1159	0.1347	0.1489	0.1596	0.1667	0.1722	0.1768	0.1808	0.1840	0.1868	0.1895	0.1918	0.1933	0.1936	0.1921	0.1888	0.1833	0.1747	0.1669	0.1605	0.1568	0.1537	0.1521	0.1523	0.1538	0.1565	0.1610	0.1661	0.1689	0.1692	0.1683	0.1664	0.1660	0.1685	0.1749
150	C50	40.00	0.00	0.00	50.00	0.00	0.00	0.00	0.0851	0.1106	0.1336	0.1491	0.1595	0.1676	0.1739	0.1787	0.1830	0.1862	0.1891	0.1916	0.1938	0.1945	0.1939	0.1908	0.1855	0.1771	0.1650	0.1540	0.1455	0.1404	0.1362	0.1338	0.1338	0.1351	0.1380	0.1429	0.1487	0.1520	0.1520	0.1503	0.1477	0.1467	0.1499	0.1576
151	D1	50.00	0.00	0.00	50.00	0.00	0.00	0.00	0.0882	0.1193	0.1461	0.1651	0.1766	0.1850	0.1926	0.1983	0.2024	0.2052	0.2072	0.2092	0.2102	0.2094	0.2065	0.2004	0.1912	0.1779	0.1603	0.1444	0.1326	0.1253	0.1193	0.1158	0.1152	0.1162	0.1190	0.1246	0.1315	0.1352	0.1346	0.1319	0.1280	0.1258	0.1293	0.1382
152	D2	60.00	0.00	0.00	50.00	0.00	0.00	0.00	0.0714	0.1024	0.1307	0.1494	0.1614	0.1708	0.1785	0.1847	0.1888	0.1920	0.1944	0.1962	0.1970	0.1961	0.1924	0.1847	0.1733	0.1569	0.1358	0.1167	0.1027	0.0941	0.0872	0.0829	0.0821	0.0830	0.0857	0.0916	0.0991	0.1030	0.1024	0.0991	0.0941	0.0913	0.0950	0.1052
153	D3	70.00	0.00	0.00	50.00	0.00	0.00	0.00	0.0616	0.0924	0.1210	0.1416	0.1545	0.1641	0.1736	0.1801	0.1849	0.1881	0.1902	0.1919	0.1924	0.1907	0.1857	0.1762	0.1621	0.1423	0.1173	0.0948	0.0788	0.0691	0.0614	0.0564	0.0551	0.0559	0.0586	0.0648	0.0728	0.0769	0.0761	0.0721	0.0665	0.0635	0.0672	0.0785
154	D4	80.00	0.00	0.00	50.00	0.00	0.00	0.00	0.0544	0.0872	0.1164	0.1371	0.1502	0.1605	0.1706	0.1780	0.1826	0.1858	0.1882	0.1894	0.1893	0.1868	0.1804	0.1687	0.1523	0.1297	0.1023	0.0783	0.0617	0.0519	0.0445	0.0398	0.0386	0.0394	0.0418	0.0474	0.0547	0.0588	0.0575	0.0538	0.0485	0.0454	0.0493	0.0605
155	D5	90.00	0.00	0.00	50.00	0.00	0.00	0.00	0.0457	0.0764	0.1061	0.1283	0.1427	0.1535	0.1649	0.1726	0.1774	0.1809	0.1830	0.1844	0.1841	0.1807	0.1729	0.1593	0.1402	0.1153	0.0865	0.0625	0.0471	0.0384	0.0319	0.0281	0.0270	0.0275	0.0295	0.0341	0.0402	0.0437	0.0426	0.0392	0.0347	0.0322	0.0354	0.0447
156	D6	100.00	0.00	0.00	50.00	0.00	0.00	0.00	0.0384	0.0674	0.0981	0.1209	0.1351	0.1477	0.1595	0.1686	0.1735	0.1768	0.1788	0.1798	0.1789	0.1746	0.1652	0.1492	0.1274	0.1000	0.0702	0.0470	0.0332	0.0258	0.0209	0.0180	0.0172	0.0175	0.0188	0.0221	0.0270	0.0296	0.0285	0.0258	0.0225	0.0206	0.0234	0.0305
157	D7	0.00	10.00	0.00	50.00	0.00	0.00	0.00	0.1033	0.1206	0.1353	0.1465	0.1544	0.1593	0.1636	0.1669	0.1696	0.1715	0.1726	0.1746	0.1759	0.1768	0.1778	0.1791	0.1812	0.1829	0.1831	0.1847	0.1899	0.2007	0.2096	0.2145	0.2178	0.2200	0.2225	0.2246	0.2269	0.2284	0.2298	0.2311	0.2328	0.2346	0.2363	0.2381
158	D8	0.00	20.00	0.00	50.00	0.00	0.00	0.00	0.0964	0.1137	0.1270	0.1371	0.1449	0.1505	0.1541	0.1571	0.1588	0.1590	0.1591	0.1593	0.1592	0.1584	0.1574	0.1575	0.1588	0.1595	0.1582	0.1585	0.1667	0.1853	0.2012	0.2094	0.2137	0.2167	0.2196	0.2220	0.2243	0.2259	0.2277	0.2292	0.2311	0.2329	0.2343	0.2359
159	D9	0.00	30.00	0.00	50.00	0.00	0.00	0.00	0.0974	0.1127	0.1239	0.1328	0.1410	0.1458	0.1494	0.1520	0.1527	0.1518	0.1501	0.1487	0.1473	0.1450	0.1422	0.1411	0.1421	0.1419	0.1394	0.1392	0.1496	0.1757	0.1994	0.2112	0.2169	0.2203	0.2234	0.2262	0.2287	0.2305	0.2324	0.2339	0.2361	0.2380	0.2397	0.2410
160	D10	0.00	40.00	0.00	50.00	0.00	0.00	0.00	0.0940	0.1058	0.1164	0.1254	0.1327	0.1379	0.1416	0.1434	0.1432	0.1408	0.1376	0.1349	0.1318	0.1279	0.1237	0.1216	0.1219	0.1211	0.1178	0.1169	0.1290	0.1617	0.1931	0.2089	0.2158	0.2198	0.2230	0.2257	0.2282	0.2304	0.2324	0.2337	0.2358	0.2379	0.2398	0.2416
161	D11	0.00	50.00	0.00	50.00	0.00	0.00	0.00	0.0923	0.1007	0.1103	0.1190	0.1254	0.1299	0.1341	0.1355	0.1338	0.1294	0.1244	0.1198	0.1150	0.1090	0.1028	0.0996	0.0990	0.0972	0.0926	0.0910	0.1055	0.1464	0.1870	0.2073	0.2162	0.2206	0.2243	0.2271	0.2299	0.2320	0.2339	0.2356	0.2379	0.2401	0.2417	0.2441
162	D12	0.00	60.00	0.00	50.00	0.00	0.00	0.00	0.0842	0.0943	0.1013	0.1083	0.1140	0.1192	0.1234	0.1242	0.1214	0.1152	0.1083	0.1020	0.0955	0.0880	0.0800	0.0755	0.0746	0.0721	0.0667	0.0646	0.0809	0.1288	0.1782	0.2030	0.2137	0.2190	0.2229	0.2261	0.2289	0.2314	0.2336	0.2355	0.2381	0.2405	0.2426	0.2448
163	D13	0.00	70.00	0.00	50.00	0.00	0.00	0.00	0.0794	0.0864	0.0945	0.1002	0.1054	0.1105	0.1149	0.1152	0.1109	0.1029	0.0940	0.0854	0.0770	0.0674	0.0572	0.0515	0.0498	0.0466	0.0403	0.0379	0.0562	0.1132	0.1734	0.2040	0.2171	0.2235	0.2283	0.2323	0.2356	0.2380	0.2403	0.2426	0.2454	0.2477	0.2497	0.2517
164	D14	0.00	80.00	0.00	50.00	0.00	0.00	0.00	0.0745	0.0798	0.0845	0.0890	0.0947	0.0998	0.1040	0.1041	0.0988	0.0896	0.0793	0.0701	0.0607	0.0509	0.0409	0.0354	0.0337	0.0305	0.0253	0.0238	0.0409	0.0988	0.1657	0.2014	0.2164	0.2233	0.2278	0.2312	0.2340	0.2362	0.2381	0.2400	0.2423	0.2447	0.2465	0.2485
165	D15	0.00	90.00	0.00	50.00	0.00	0.00	0.00	0.0650	0.0692	0.0714	0.0757	0.0801	0.0857	0.0896	0.0891	0.0832	0.0728	0.0619	0.0526	0.0440	0.0351	0.0269	0.0224	0.0211	0.0191	0.0162	0.0167	0.0300	0.0822	0.1538	0.1960	0.2141	0.2223	0.2276	0.2313	0.2346	0.2372	0.2393	0.2412	0.2437	0.2460	0.2482	0.2498
166	D16	0.00	100.00	0.00	50.00	0.00	0.00	0.00	0.0574	0.0605	0.0606	0.0634	0.0670	0.0716	0.0751	0.0745	0.0676	0.0572	0.0466	0.0380	0.0305	0.0234	0.0175	0.0145	0.0136	0.0126	0.0118	0.0133	0.0233	0.0676	0.1406	0.1891	0.2105	0.2199	0.2257	0.2299	0.2337	0.2367	0.2396	0.2421	0.2452	0.2480	0.2502	0.2523
167	D17	0.00	0.00	10.00	50.00	0.00	0.00	0.00	0.1003	0.1152	0.1275	0.1366	0.1424	0.1468	0.1504	0.1547	0.1600	0.1636	0.1676	0.1744	0.1823	0.1890	0.1938	0.1970	0.2001	0.2030	0.2051	0.2083	0.2102	0.2125	0.2145	0.2169	0.2188	0.2208	0.2231	0.2253	0.2275	0.2291	0.2306	0.2321	0.2340	0.2356	0.2375	0.2393
168	D18	0.00	0.00	20.00	50.00	0.00	0.00	0.00	0.0938	0.1064	0.1156	0.1222	0.1274	0.1309	0.1340	0.1389	0.1447	0.1491	0.1540	0.1632	0.1750	0.1847	0.1908	0.1945	0.1977	0.2007	0.2029	0.2060	0.2080	0.2102	0.2124	0.2147	0.2170	0.2192	0.2215	0.2239	0.2260	0.2278	0.2295	0.2310	0.2329	0.2350	0.2365	0.2384
169	D19	0.00	0.00	30.00	50.00	0.00	0.00	0.00	0.0891	0.1006	0.1080	0.1126	0.1166	0.1191	0.1219	0.1265	0.1331	0.1377	0.1431	0.1546	0.1701	0.1828	0.1906	0.1949	0.1983	0.2015	0.2037	0.2069	0.2089	0.2109	0.2130	0.2152	0.2174	0.2194	0.2219	0.2241	0.2263	0.2282	0.2300	0.2315	0.2340	0.2357	0.2375	0.2399
170	D20	0.00	0.00	40.00	50.00	0.00	0.00	0.00	0.0848	0.0928	0.0992	0.1023	0.1050	0.1070	0.1095	0.1141	0.1209	0.1259	0.1318	0.1452	0.1644	0.1810	0.1907	0.1956	0.1993	0.2029	0.2052	0.2084	0.2105	0.2126	0.2145	0.2166	0.2186	0.2204	0.2226	0.2248	0.2269	0.2284	0.2299	0.2315	0.2336	0.2355	0.2374	0.2396
171	D21	0.00	0.00	50.00	50.00	0.00	0.00	0.00	0.0789	0.0843	0.0883	0.0907	0.0920	0.0941	0.0966	0.1017	0.1087	0.1141	0.1206	0.1363	0.1597	0.1799	0.1916	0.1972	0.2012	0.2049	0.2076	0.2112	0.2137	0.2161	0.2182	0.2206	0.2227	0.2247	0.2269	0.2290	0.2310	0.2323	0.2337	0.2349	0.2368	0.2384	0.2399	0.2417
172	D22	0.00	0.00	60.00	50.00	0.00	0.00	0.00	0.0682	0.0744	0.0764	0.0771	0.0773	0.0777	0.0803	0.0852	0.0925	0.0983	0.1058	0.1243	0.1528	0.1782	0.1924	0.1986	0.2030	0.2068	0.2097	0.2134	0.2160	0.2185	0.2210	0.2235	0.2258	0.2280	0.2304	0.2324	0.2343	0.2356	0.2369	0.2378	0.2394	0.2411	0.2425	0.2445
173	D23	0.00	0.00	70.00	50.00	0.00	0.00	0.00	0.0635	0.0634	0.0625	0.0604	0.0597	0.0595	0.0610	0.0663	0.0742	0.0803	0.0884	0.1099	0.1437	0.1739	0.1908	0.1979	0.2025	0.2065	0.2094	0.2133	0.2161	0.2189	0.2213	0.2239	0.2263	0.2284	0.2308	0.2329	0.2345	0.2360	0.2372	0.2382	0.2397	0.2412	0.2427	0.2444
174	D24	0.00	0.00	80.00	50.00	0.00	0.00	0.00	0.0505	0.0486	0.0452	0.0406	0.0381	0.0381	0.0395	0.0442	0.0526	0.0593	0.0684	0.0934	0.1341	0.1711	0.1913	0.1998	0.2050	0.2093	0.2126	0.2167	0.2196	0.2224	0.2249	0.2271	0.2295	0.2315	0.2337	0.2355	0.2371	0.2384	0.2394	0.2403	0.2420	0.2437	0.2451	0.2468
175	D25	0.00	0.00	90.00	50.00	0.00	0.00	0.00	0.0451	0.0372	0.0304	0.0253	0.0224	0.0214	0.0219	0.0263	0.0342	0.0404	0.0500	0.0772	0.1236	0.1672	0.1913	0.2010	0.2062	0.2105	0.2132	0.2167	0.2188	0.2210	0.2231	0.2253	0.2274	0.2294	0.2318	0.2341	0.2363	0.2384	0.2403	0.2422	0.2448	0.2472	0.2497	0.2521
176	D26	0.00	0.00	100.00	50.00	0.00	0.00	0.00	0.0350	0.0302	0.0233	0.0192	0.0169	0.0160	0.0167	0.0200	0.0262	0.0314	0.0401	0.0677	0.1197	0.1732	0.2041	0.2157	0.2216	0.2259	0.2285	0.2318	0.2340	0.2361	0.2382	0.2405	0.2429	0.2451	0.2477	0.2503	0.2528	0.2547	0.2566	0.2583	0.2604	0.2627	0.2646	0.2662
177	D27	0.00	0.00	0.00	50.00	10.00	0.00	0.00	0.1101	0.1263	0.1394	0.1488	0.1566	0.1607	0.1634	0.1648	0.1653	0.1644	0.1638	0.1641	0.1652	0.1672	0.1700	0.1725	0.1760	0.1815	0.1898	0.2030	0.2143	0.2213	0.2250	0.2276	0.2295	0.2313	0.2337	0.2357	0.2376	0.2392	0.2406	0.2418	0.2434	0.2450	0.2462	0.2481
178	D28	0.00	0.00	0.00	50.00	20.00	0.00	0.00	0.1065	0.1187	0.1293	0.1378	0.1441	0.1474	0.1487	0.1490	0.1471	0.1438	0.1411	0.1398	0.1396	0.1411	0.1435	0.1461	0.1496	0.1562	0.1686	0.1893	0.2090	0.2207	0.2261	0.2293	0.2316	0.2336	0.2358	0.2377	0.2396	0.2410	0.2424	0.2434	0.2450	0.2468	0.2482	0.2497
179	D29	0.00	0.00	0.00	50.00	30.00	0.00	0.00	0.1016	0.1116	0.1201	0.1255	0.1300	0.1322	0.1327	0.1313	0.1270	0.1210	0.1163	0.1134	0.1123	0.1134	0.1157	0.1181	0.1218	0.1296	0.1462	0.1753	0.2049	0.2227	0.2307	0.2345	0.2371	0.2390	0.2412	0.2431	0.2448	0.2460	0.2475	0.2487	0.2501	0.2517	0.2530	0.2543
180	D30	0.00	0.00	0.00	50.00	40.00	0.00	0.00	0.0945	0.1012	0.1079	0.1121	0.1153	0.1168	0.1168	0.1134	0.1067	0.0990	0.0929	0.0887	0.0867	0.0872	0.0893	0.0916	0.0952	0.1036	0.1234	0.1599	0.1988	0.2229	0.2336	0.2385	0.2414	0.2436	0.2458	0.2479	0.2495	0.2509	0.2523	0.2533	0.2546	0.2562	0.2579	0.2590
181	D31	0.00	0.00	0.00	50.00	50.00	0.00	0.00	0.0880	0.0910	0.0920	0.0931	0.0949	0.0949	0.0939	0.0891	0.0804	0.0704	0.0629	0.0577	0.0554	0.0554	0.0570	0.0588	0.0621	0.0709	0.0935	0.1387	0.1898	0.2226	0.2370	0.2432	0.2467	0.2490	0.2515	0.2535	0.2556	0.2569	0.2583	0.2593	0.2609	0.2622	0.2637	0.2655
182	D32	0.00	0.00	0.00	50.00	60.00	0.00	0.00	0.0788	0.0802	0.0784	0.0786	0.0795	0.0790	0.0769	0.0711	0.0607	0.0498	0.0417	0.0366	0.0341	0.0342	0.0355	0.0369	0.0398	0.0485	0.0726	0.1237	0.1846	0.2245	0.2419	0.2492	0.2528	0.2554	0.2578	0.2598	0.2618	0.2632	0.2646	0.2654	0.2670	0.2687	0.2699	0.2710
183	D33	0.00	0.00	0.00	50.00	70.00	0.00	0.00	0.0767	0.0752	0.0732	0.0720	0.0722	0.0712	0.0688	0.0628	0.0525	0.0416	0.0338	0.0289	0.0265	0.0264	0.0274	0.0285	0.0311	0.0389	0.0623	0.1149	0.1804	0.2246	0.2441	0.2519	0.2558	0.2583	0.2608	0.2630	0.2648	0.2662	0.2676	0.2685	0.2701	0.2720	0.2731	0.2735
184	D34	0.00	0.00	0.00	50.00	80.00	0.00	0.00	0.0720	0.0672	0.0625	0.0601	0.0588	0.0579	0.0553	0.0491	0.0385	0.0279	0.0212	0.0173	0.0155	0.0154	0.0161	0.0168	0.0186	0.0253	0.0474	0.1025	0.1759	0.2274	0.2503	0.2595	0.2637	0.2664	0.2690	0.2713	0.2733	0.2749	0.2762	0.2772	0.2790	0.2807	0.2821	0.2832
185	D35	0.00	0.00	0.00	50.00	90.00	0.00	0.00	0.0629	0.0559	0.0512	0.0478	0.0463	0.0447	0.0425	0.0366	0.0274	0.0195	0.0148	0.0121	0.0110	0.0108	0.0112	0.0117	0.0129	0.0175	0.0358	0.0897	0.1710	0.2318	0.2587	0.2685	0.2722	0.2741	0.2759	0.2777	0.2794	0.2803	0.2812	0.2821	0.2834	0.2850	0.2864	0.2871
186	D36	0.00	0.00	0.00	50.00	100.00	0.00	0.00	0.0551	0.0447	0.0394	0.0368	0.0347	0.0332	0.0309	0.0264	0.0198	0.0141	0.0112	0.0099	0.0092	0.0091	0.0093	0.0094	0.0099	0.0126	0.0256	0.0726	0.1550	0.2249	0.2598	0.2737	0.2798	0.2830	0.2858	0.2876	0.2892	0.2900	0.2906	0.2909	0.2914	0.2922	0.2926	0.2929
187	D37	0.00	0.00	0.00	50.00	0.00	10.00	0.00	0.1051	0.1236	0.1380	0.1507	0.1598	0.1665	0.1723	0.1774	0.1836	0.1887	0.1927	0.1961	0.1992	0.2016	0.2039	0.2058	0.2072	0.2083	0.2079	0.2075	0.2052	0.2016	0.1979	0.1957	0.1951	0.1956	0.1968	0.1982	0.2009	0.2044	0.2084	0.2121	0.2160	0.2189	0.2203	0.2220
188	D38	0.00	0.00	0.00	50.00	0.00	20.00	0.00	0.0980	0.1169	0.1332	0.1451	0.1558	0.1647	0.1724	0.1800	0.1888	0.1965	0.2023	0.2067	0.2096	0.2116	0.2133	0.2140	0.2140	0.2129	0.2098	0.2062	0.1998	0.1914	0.1829	0.1778	0.1757	0.1752	0.1758	0.1767	0.1796	0.1839	0.1894	0.1948	0.2005	0.2042	0.2054	0.2074
189	D39	0.00	0.00	0.00	50.00	0.00	30.00	0.00	0.0891	0.1060	0.1208	0.1336	0.1456	0.1573	0.1673	0.1786	0.1915	0.2034	0.2114	0.2169	0.2202	0.2216	0.2223	0.2215	0.2195	0.2156	0.2087	0.2006	0.1885	0.1739	0.1599	0.1510	0.1470	0.1456	0.1454	0.1458	0.1488	0.1544	0.1616	0.1692	0.1770	0.1814	0.1828	0.1849
190	D40	0.00	0.00	0.00	50.00	0.00	40.00	0.00	0.0808	0.0939	0.1082	0.1212	0.1345	0.1477	0.1606	0.1753	0.1923	0.2084	0.2196	0.2265	0.2297	0.2308	0.2303	0.2278	0.2235	0.2165	0.2059	0.1931	0.1758	0.1556	0.1365	0.1249	0.1196	0.1175	0.1165	0.1166	0.1196	0.1257	0.1344	0.1438	0.1533	0.1589	0.1603	0.1622
191	D41	0.00	0.00	0.00	50.00	0.00	50.00	0.00	0.0674	0.0806	0.0934	0.1057	0.1189	0.1336	0.1489	0.1670	0.1889	0.2102	0.2246	0.2334	0.2373	0.2376	0.2362	0.2318	0.2247	0.2144	0.1994	0.1819	0.1593	0.1335	0.1105	0.0968	0.0909	0.0886	0.0874	0.0872	0.0899	0.0962	0.1056	0.1163	0.1269	0.1333	0.1347	0.1359
192	D42	0.00	0.00	0.00	50.00	0.00	60.00	0.00	0.0521	0.0631	0.0746	0.0874	0.1026	0.1185	0.1367	0.1585	0.1855	0.2128	0.2316	0.2427	0.2470	0.2468	0.2440	0.2373	0.2271	0.2124	0.1926	0.1694	0.1410	0.1097	0.0826	0.0675	0.0612	0.0587	0.0573	0.0568	0.0594	0.0658	0.0754	0.0870	0.0989	0.1062	0.1075	0.1086
193	D43	0.00	0.00	0.00	50.00	0.00	70.00	0.00	0.0401	0.0487	0.0589	0.0703	0.0853	0.1041	0.1244	0.1494	0.1814	0.2142	0.2371	0.2507	0.2555	0.2547	0.2503	0.2414	0.2283	0.2098	0.1854	0.1571	0.1233	0.0873	0.0579	0.0421	0.0361	0.0338	0.0326	0.0321	0.0343	0.0400	0.0493	0.0613	0.0738	0.0815	0.0828	0.0839
194	D44	0.00	0.00	0.00	50.00	0.00	80.00	0.00	0.0264	0.0322	0.0407	0.0519	0.0672	0.0854	0.1069	0.1338	0.1700	0.2079	0.2352	0.2512	0.2567	0.2555	0.2495	0.2386	0.2225	0.2002	0.1717	0.1395	0.1027	0.0655	0.0375	0.0243	0.0196	0.0181	0.0172	0.0169	0.0184	0.0227	0.0300	0.0399	0.0512	0.0587	0.0597	0.0602
195	D45	0.00	0.00	0.00	50.00	0.00	90.00	0.00	0.0157	0.0200	0.0263	0.0329	0.0444	0.0603	0.0803	0.1081	0.1477	0.1925	0.2267	0.2470	0.2542	0.2521	0.2444	0.2306	0.2105	0.1826	0.1484	0.1119	0.0743	0.0415	0.0209	0.0134	0.0110	0.0105	0.0103	0.0101	0.0109	0.0128	0.0164	0.0227	0.0306	0.0357	0.0365	0.0371
196	D46	0.00	0.00	0.00	50.00	0.00	100.00	0.00	0.0136	0.0159	0.0178	0.0222	0.0303	0.0423	0.0590	0.0850	0.1253	0.1746	0.2146	0.2390	0.2473	0.2445	0.2351	0.2185	0.1948	0.1629	0.1255	0.0881	0.0528	0.0263	0.0129	0.0091	0.0083	0.0081	0.0081	0.0083	0.0086	0.0095	0.0113	0.0145	0.0188	0.0224	0.0224	0.0227
197	D47	0.00	0.00	0.00	50.00	0.00	0.00	10.00	0.1136	0.1373	0.1577	0.1716	0.1822	0.1886	0.1930	0.1959	0.1980	0.1981	0.1966	0.1938	0.1903	0.1868	0.1831	0.1811	0.1821	0.1838	0.1840	0.1858	0.1887	0.1932	0.1967	0.1979	0.1982	0.2001	0.2049	0.2115	0.2184	0.2232	0.2260	0.2276	0.2287	0.2302	0.2330	0.2373
198	D48	0.00	0.00	0.00	50.00	0.00	0.00	20.00	0.1040	0.1309	0.1535	0.1694	0.1808	0.1883	0.1928	0.1952	0.1958	0.1934	0.1884	0.1806	0.1716	0.1633	0.1552	0.1506	0.1505	0.1515	0.1507	0.1518	0.1556	0.1618	0.1665	0.1674	0.1665	0.1683	0.1748	0.1846	0.1950	0.2027	0.2067	0.2082	0.2086	0.2095	0.2126	0.2195
199	D49	0.00	0.00	0.00	50.00	0.00	0.00	30.00	0.0984	0.1278	0.1527	0.1698	0.1822	0.1909	0.1960	0.1980	0.1967	0.1915	0.1821	0.1686	0.1544	0.1421	0.1309	0.1244	0.1236	0.1242	0.1227	0.1234	0.1277	0.1346	0.1400	0.1405	0.1388	0.1403	0.1479	0.1603	0.1737	0.1837	0.1886	0.1902	0.1899	0.1902	0.1939	0.2014
200	D50	0.00	0.00	0.00	50.00	0.00	0.00	40.00	0.0877	0.1169	0.1445	0.1631	0.1768	0.1865	0.1917	0.1930	0.1899	0.1824	0.1696	0.1513	0.1329	0.1176	0.1043	0.0968	0.0956	0.0959	0.0943	0.0947	0.0990	0.1064	0.1123	0.1126	0.1101	0.1115	0.1198	0.1336	0.1493	0.1611	0.1669	0.1682	0.1673	0.1670	0.1716	0.1809
201	E1	0.00	0.00	0.00	50.00	0.00	0.00	50.00	0.0764	0.1111	0.1407	0.1619	0.1769	0.1875	0.1945	0.1953	0.1899	0.1786	0.1607	0.1371	0.1144	0.0969	0.0825	0.0750	0.0738	0.0739	0.0721	0.0721	0.0759	0.0830	0.0887	0.0887	0.0858	0.0864	0.0943	0.1088	0.1260	0.1395	0.1458	0.1467	0.1441	0.1421	0.1463	0.1564
202	E2	0.00	0.00	0.00	50.00	0.00	0.00	60.00	0.0585	0.0928	0.1230	0.1453	0.1612	0.1729	0.1798	0.1797	0.1725	0.1586	0.1369	0.1087	0.0827	0.0634	0.0485	0.0412	0.0399	0.0398	0.0383	0.0380	0.0414	0.0478	0.0532	0.0530	0.0499	0.0504	0.0580	0.0728	0.0914	0.1061	0.1131	0.1138	0.1104	0.1078	0.1121	0.1232
203	E3	0.00	0.00	0.00	50.00	0.00	0.00	70.00	0.0462	0.0804	0.1116	0.1347	0.1520	0.1645	0.1724	0.1723	0.1627	0.1457	0.1202	0.0874	0.0584	0.0383	0.0245	0.0185	0.0173	0.0171	0.0159	0.0158	0.0181	0.0230	0.0273	0.0269	0.0240	0.0242	0.0309	0.0450	0.0641	0.0799	0.0874	0.0881	0.0842	0.0808	0.0852	0.0982
204	E4	0.00	0.00	0.00	50.00	0.00	0.00	80.00	0.0326	0.0640	0.0940	0.1174	0.1345	0.1478	0.1565	0.1560	0.1459	0.1270	0.1002	0.0679	0.0416	0.0254	0.0161	0.0125	0.0116	0.0115	0.0109	0.0110	0.0120	0.0146	0.0173	0.0168	0.0149	0.0152	0.0197	0.0302	0.0458	0.0597	0.0663	0.0670	0.0633	0.0602	0.0640	0.0752
205	E5	0.00	0.00	0.00	50.00	0.00	0.00	90.00	0.0266	0.0506	0.0786	0.0993	0.1167	0.1308	0.1396	0.1390	0.1275	0.1077	0.0801	0.0501	0.0286	0.0175	0.0123	0.0106	0.0101	0.0099	0.0097	0.0098	0.0102	0.0110	0.0119	0.0116	0.0105	0.0107	0.0129	0.0193	0.0304	0.0418	0.0473	0.0478	0.0444	0.0419	0.0456	0.0555
206	E6	0.00	0.00	0.00	50.00	0.00	0.00	100.00	0.0210	0.0403	0.0655	0.0865	0.1036	0.1176	0.1263	0.1249	0.1127	0.0926	0.0657	0.0383	0.0208	0.0131	0.0101	0.0092	0.0086	0.0086	0.0086	0.0086	0.0088	0.0091	0.0094	0.0090	0.0083	0.0084	0.0098	0.0139	0.0217	0.0302	0.0347	0.0351	0.0322	0.0299	0.0326	0.0405
207	E7	10.00	100.00	0.00	0.00	0.00	0.00	0.00	0.1765	0.1849	0.1912	0.2016	0.2132	0.2263	0.2369	0.2309	0.2047	0.1679	0.1324	0.1040	0.0795	0.0567	0.0376	0.0285	0.0255	0.0213	0.0162	0.0157	0.0355	0.1452	0.3423	0.4885	0.5566	0.5821	0.5944	0.6033	0.6112	0.6141	0.6112	0.6059	0.6003	0.5968	0.5998	0.6077
208	E8	20.00	100.00	0.00	0.00	0.00	0.00	0.00	0.1596	0.1718	0.1807	0.1922	0.2050	0.2185	0.2290	0.2236	0.1983	0.1615	0.1268	0.0988	0.0750	0.0529	0.0348	0.0262	0.0234	0.0195	0.0150	0.0149	0.0321	0.1267	0.2965	0.4178	0.4724	0.4937	0.5063	0.5185	0.5307	0.5354	0.5321	0.5252	0.5178	0.5130	0.5172	0.5308
209	E9	30.00	100.00	0.00	0.00	0.00	0.00	0.00	0.1482	0.1635	0.1741	0.1863	0.1991	0.2122	0.2236	0.2187	0.1933	0.1574	0.1228	0.0955	0.0723	0.0509	0.0335	0.0251	0.0222	0.0184	0.0144	0.0146	0.0298	0.1106	0.2515	0.3468	0.3883	0.4052	0.4172	0.4316	0.4468	0.4534	0.4500	0.4420	0.4319	0.4252	0.4312	0.4491
210	E10	40.00	100.00	0.00	0.00	0.00	0.00	0.00	0.1331	0.1546	0.1693	0.1826	0.1963	0.2114	0.2233	0.2185	0.1936	0.1574	0.1227	0.0952	0.0718	0.0504	0.0330	0.0246	0.0215	0.0179	0.0139	0.0143	0.0278	0.0968	0.2123	0.2859	0.3164	0.3292	0.3400	0.3557	0.3734	0.3815	0.3777	0.3684	0.3555	0.3471	0.3539	0.3750
211	E11	50.00	100.00	0.00	0.00	0.00	0.00	0.00	0.1195	0.1436	0.1612	0.1763	0.1905	0.2059	0.2195	0.2156	0.1908	0.1552	0.1211	0.0939	0.0708	0.0496	0.0323	0.0241	0.0210	0.0172	0.0135	0.0140	0.0256	0.0801	0.1657	0.2153	0.2350	0.2442	0.2538	0.2701	0.2892	0.2989	0.2952	0.2848	0.2702	0.2605	0.2684	0.2926
212	E12	60.00	100.00	0.00	0.00	0.00	0.00	0.00	0.1045	0.1351	0.1562	0.1732	0.1885	0.2040	0.2177	0.2150	0.1907	0.1555	0.1217	0.0945	0.0716	0.0503	0.0328	0.0241	0.0210	0.0171	0.0135	0.0137	0.0242	0.0682	0.1315	0.1641	0.1761	0.1826	0.1911	0.2071	0.2264	0.2364	0.2322	0.2216	0.2061	0.1958	0.2038	0.2295
213	E13	70.00	100.00	0.00	0.00	0.00	0.00	0.00	0.0911	0.1247	0.1497	0.1668	0.1813	0.1978	0.2126	0.2101	0.1865	0.1522	0.1189	0.0922	0.0696	0.0489	0.0319	0.0236	0.0202	0.0164	0.0131	0.0137	0.0226	0.0574	0.1026	0.1224	0.1286	0.1327	0.1399	0.1549	0.1738	0.1835	0.1794	0.1689	0.1537	0.1442	0.1525	0.1782
214	E14	80.00	100.00	0.00	0.00	0.00	0.00	0.00	0.0805	0.1162	0.1454	0.1655	0.1820	0.1995	0.2152	0.2139	0.1905	0.1560	0.1225	0.0955	0.0723	0.0510	0.0334	0.0245	0.0209	0.0168	0.0131	0.0134	0.0217	0.0501	0.0829	0.0944	0.0975	0.1003	0.1063	0.1200	0.1378	0.1471	0.1428	0.1323	0.1179	0.1086	0.1159	0.1395
215	E15	90.00	100.00	0.00	0.00	0.00	0.00	0.00	0.0683	0.1070	0.1363	0.1585	0.1761	0.1945	0.2118	0.2116	0.1891	0.1550	0.1219	0.0950	0.0718	0.0505	0.0331	0.0241	0.0202	0.0160	0.0127	0.0132	0.0202	0.0412	0.0620	0.0665	0.0664	0.0672	0.0712	0.0820	0.0967	0.1047	0.1008	0.0915	0.0790	0.0709	0.0772	0.0975
216	E16	100.00	10.00	0.00	0.00	0.00	0.00	0.00	0.1077	0.2154	0.3349	0.4308	0.4912	0.5455	0.6057	0.6440	0.6521	0.6448	0.6265	0.6017	0.5675	0.5208	0.4603	0.3921	0.3214	0.2436	0.1643	0.1057	0.0743	0.0595	0.0475	0.0394	0.0366	0.0369	0.0400	0.0485	0.0605	0.0670	0.0640	0.0566	0.0468	0.0408	0.0458	0.0625
217	E17	100.00	20.00	0.00	0.00	0.00	0.00	0.00	0.1053	0.2067	0.3174	0.4062	0.4620	0.5131	0.5679	0.6009	0.6044	0.5923	0.5701	0.5437	0.5094	0.4642	0.4076	0.3465	0.2844	0.2154	0.1447	0.0931	0.0672	0.0567	0.0472	0.0396	0.0370	0.0371	0.0401	0.0486	0.0605	0.0672	0.0640	0.0567	0.0470	0.0414	0.0465	0.0633
218	E18	100.00	30.00	0.00	0.00	0.00	0.00	0.00	0.1003	0.1967	0.3003	0.3830	0.4348	0.4813	0.5312	0.5597	0.5587	0.5428	0.5176	0.4896	0.4554	0.4119	0.3587	0.3038	0.2496	0.1888	0.1265	0.0816	0.0608	0.0544	0.0475	0.0408	0.0382	0.0383	0.0410	0.0495	0.0614	0.0678	0.0649	0.0576	0.0479	0.0421	0.0470	0.0638
219	E19	100.00	40.00	0.00	0.00	0.00	0.00	0.00	0.0964	0.1892	0.2845	0.3607	0.4091	0.4521	0.4977	0.5223	0.5182	0.4987	0.4718	0.4434	0.4097	0.3685	0.3188	0.2697	0.2221	0.1682	0.1126	0.0735	0.0564	0.0531	0.0482	0.0419	0.0395	0.0394	0.0423	0.0507	0.0627	0.0693	0.0661	0.0586	0.0487	0.0427	0.0476	0.0644
220	E20	100.00	50.00	0.00	0.00	0.00	0.00	0.00	0.0938	0.1770	0.2658	0.3348	0.3780	0.4167	0.4569	0.4768	0.4693	0.4471	0.4184	0.3895	0.3572	0.3180	0.2724	0.2295	0.1891	0.1430	0.0958	0.0629	0.0500	0.0503	0.0481	0.0426	0.0402	0.0402	0.0432	0.0516	0.0636	0.0701	0.0670	0.0597	0.0497	0.0440	0.0491	0.0657
221	E21	100.00	60.00	0.00	0.00	0.00	0.00	0.00	0.0880	0.1649	0.2437	0.3051	0.3425	0.3784	0.4150	0.4306	0.4192	0.3934	0.3622	0.3324	0.3002	0.2630	0.2216	0.1850	0.1525	0.1149	0.0763	0.0507	0.0428	0.0475	0.0485	0.0439	0.0415	0.0416	0.0444	0.0528	0.0649	0.0714	0.0684	0.0609	0.0509	0.0448	0.0499	0.0665
222	E22	100.00	70.00	0.00	0.00	0.00	0.00	0.00	0.0789	0.1515	0.2221	0.2745	0.3076	0.3397	0.3718	0.3832	0.3684	0.3397	0.3069	0.2762	0.2446	0.2096	0.1722	0.1419	0.1166	0.0872	0.0574	0.0389	0.0358	0.0447	0.0486	0.0450	0.0429	0.0430	0.0456	0.0538	0.0658	0.0723	0.0693	0.0616	0.0514	0.0458	0.0506	0.0676
223	E23	100.00	80.00	0.00	0.00	0.00	0.00	0.00	0.0737	0.1349	0.1930	0.2372	0.2664	0.2942	0.3221	0.3301	0.3117	0.2800	0.2453	0.2142	0.1840	0.1517	0.1190	0.0953	0.0776	0.0571	0.0369	0.0261	0.0278	0.0407	0.0484	0.0465	0.0446	0.0444	0.0471	0.0553	0.0672	0.0736	0.0707	0.0631	0.0530	0.0471	0.0522	0.0691
224	E24	100.00	90.00	0.00	0.00	0.00	0.00	0.00	0.0638	0.1145	0.1595	0.1929	0.2165	0.2402	0.2632	0.2672	0.2457	0.2113	0.1757	0.1447	0.1161	0.0874	0.0608	0.0451	0.0363	0.0266	0.0179	0.0155	0.0217	0.0380	0.0490	0.0484	0.0466	0.0465	0.0490	0.0571	0.0690	0.0753	0.0722	0.0646	0.0546	0.0488	0.0537	0.0700
225	E25	100.00	100.00	100.00	0.00	0.00	0.00	0.00	0.0224	0.0269	0.0294	0.0292	0.0298	0.0306	0.0334	0.0365	0.0384	0.0364	0.0347	0.0400	0.0482	0.0477	0.0376	0.0292	0.0245	0.0200	0.0167	0.0168	0.0219	0.0366	0.0489	0.0492	0.0471	0.0463	0.0482	0.0558	0.0669	0.0730	0.0697	0.0623	0.0521	0.0459	0.0509	0.0671
226	E26	100.00	100.00	0.00	100.00	0.00	0.00	0.00	0.0054	0.0070	0.0091	0.0100	0.0103	0.0110	0.0120	0.0122	0.0118	0.0112	0.0104	0.0098	0.0092	0.0088	0.0085	0.0080	0.0079	0.0083	0.0096	0.0120	0.0169	0.0244	0.0273	0.0244	0.0206	0.0177	0.0157	0.0146	0.0141	0.0139	0.0132	0.0124	0.0117	0.0118	0.0124	0.0140
227	E27	100.00	0.00	100.00	100.00	0.00	0.00	0.00	0.0083	0.0101	0.0109	0.0105	0.0104	0.0106	0.0109	0.0115	0.0119	0.0125	0.0143	0.0186	0.0244	0.0281	0.0281	0.0260	0.0232	0.0202	0.0167	0.0139	0.0120	0.0110	0.0103	0.0097	0.0095	0.0093	0.0092	0.0094	0.0100	0.0102	0.0101	0.0097	0.0092	0.0093	0.0107	0.0128
228	E28	0.00	100.00	100.00	100.00	0.00	0.00	0.00	0.0063	0.0060	0.0087	0.0089	0.0087	0.0090	0.0091	0.0097	0.0097	0.0099	0.0113	0.0142	0.0173	0.0182	0.0167	0.0147	0.0134	0.0130	0.0135	0.0154	0.0196	0.0295	0.0397	0.0432	0.0432	0.0428	0.0429	0.0431	0.0439	0.0442	0.0448	0.0454	0.0463	0.0473	0.0482	0.0487
229	E29	100.00	100.00	100.00	100.00	0.00	0.00	0.00	0.0049	0.0057	0.0078	0.0085	0.0087	0.0087	0.0091	0.0094	0.0094	0.0096	0.0112	0.0143	0.0174	0.0183	0.0168	0.0148	0.0133	0.0129	0.0134	0.0154	0.0190	0.0253	0.0278	0.0245	0.0207	0.0178	0.0158	0.0146	0.0141	0.0136	0.0130	0.0121	0.0114	0.0114	0.0122	0.0139
230	E30	100.00	100.00	0.00	0.00	100.00	0.00	0.00	0.0186	0.0194	0.0209	0.0212	0.0210	0.0207	0.0205	0.0172	0.0122	0.0085	0.0071	0.0065	0.0066	0.0070	0.0071	0.0069	0.0069	0.0076	0.0090	0.0119	0.0183	0.0352	0.0522	0.0556	0.0545	0.0544	0.0568	0.0644	0.0754	0.0815	0.0785	0.0714	0.0617	0.0560	0.0612	0.0775
231	E31	100.00	0.00	100.00	0.00	100.00	0.00	0.00	0.0120	0.0146	0.0146	0.0138	0.0121	0.0120	0.0120	0.0121	0.0112	0.0101	0.0108	0.0132	0.0156	0.0158	0.0142	0.0126	0.0120	0.0129	0.0186	0.0356	0.0566	0.0641	0.0590	0.0526	0.0504	0.0511	0.0545	0.0631	0.0748	0.0813	0.0784	0.0709	0.0614	0.0553	0.0604	0.0765
232	E32	0.00	100.00	100.00	0.00	100.00	0.00	0.00	0.0213	0.0162	0.0126	0.0112	0.0108	0.0107	0.0106	0.0106	0.0101	0.0098	0.0108	0.0135	0.0161	0.0170	0.0159	0.0143	0.0132	0.0131	0.0143	0.0177	0.0357	0.1425	0.3653	0.5614	0.6682	0.7106	0.7273	0.7343	0.7373	0.7365	0.7342	0.7319	0.7323	0.7323	0.7302	0.7277
233	E33	100.00	100.00	100.00	0.00	100.00	0.00	0.00	0.0119	0.0109	0.0112	0.0119	0.0112	0.0105	0.0105	0.0105	0.0100	0.0097	0.0105	0.0129	0.0160	0.0169	0.0157	0.0138	0.0127	0.0126	0.0135	0.0157	0.0211	0.0366	0.0517	0.0541	0.0528	0.0522	0.0542	0.0616	0.0722	0.0781	0.0752	0.0680	0.0585	0.0529	0.0578	0.0731
234	E34	100.00	0.00	0.00	100.00	100.00	0.00	0.00	0.0109	0.0137	0.0143	0.0137	0.0125	0.0122	0.0118	0.0110	0.0102	0.0093	0.0084	0.0080	0.0075	0.0070	0.0066	0.0063	0.0061	0.0061	0.0064	0.0070	0.0078	0.0079	0.0078	0.0076	0.0075	0.0076	0.0075	0.0079	0.0085	0.0090	0.0089	0.0085	0.0081	0.0086	0.0098	0.0115
235	E35	0.00	100.00	0.00	100.00	100.00	0.00	0.00	0.0066	0.0066	0.0067	0.0074	0.0074	0.0072	0.0067	0.0069	0.0066	0.0067	0.0069	0.0069	0.0068	0.0073	0.0076	0.0074	0.0073	0.0080	0.0094	0.0119	0.0171	0.0281	0.0384	0.0418	0.0418	0.0412	0.0411	0.0413	0.0418	0.0421	0.0427	0.0435	0.0445	0.0453	0.0461	0.0469
236	E36	100.00	100.00	0.00	100.00	100.00	0.00	0.00	0.0089	0.0077	0.0083	0.0092	0.0077	0.0077	0.0077	0.0080	0.0076	0.0073	0.0069	0.0070	0.0072	0.0075	0.0075	0.0075	0.0075	0.0081	0.0095	0.0122	0.0171	0.0245	0.0278	0.0249	0.0210	0.0181	0.0161	0.0149	0.0143	0.0138	0.0130	0.0121	0.0117	0.0117	0.0128	0.0144
237	E37	0.00	0.00	100.00	100.00	100.00	0.00	0.00	0.0080	0.0085	0.0091	0.0093	0.0086	0.0088	0.0094	0.0096	0.0094	0.0095	0.0110	0.0136	0.0161	0.0165	0.0147	0.0130	0.0120	0.0113	0.0118	0.0155	0.0226	0.0286	0.0316	0.0333	0.0344	0.0355	0.0365	0.0375	0.0386	0.0395	0.0406	0.0415	0.0425	0.0437	0.0447	0.0456
238	E38	100.00	0.00	100.00	100.00	100.00	0.00	0.00	0.0054	0.0089	0.0098	0.0086	0.0086	0.0089	0.0091	0.0094	0.0094	0.0094	0.0108	0.0136	0.0160	0.0162	0.0141	0.0120	0.0108	0.0100	0.0098	0.0100	0.0105	0.0105	0.0100	0.0097	0.0094	0.0094	0.0092	0.0093	0.0097	0.0100	0.0098	0.0095	0.0091	0.0095	0.0105	0.0126
239	E39	0.00	100.00	100.00	100.00	100.00	0.00	0.00	0.0081	0.0075	0.0075	0.0078	0.0086	0.0089	0.0092	0.0091	0.0089	0.0093	0.0106	0.0133	0.0163	0.0171	0.0158	0.0140	0.0128	0.0126	0.0133	0.0155	0.0197	0.0297	0.0400	0.0437	0.0439	0.0435	0.0434	0.0435	0.0440	0.0445	0.0451	0.0458	0.0465	0.0474	0.0482	0.0491
240	E40	100.00	100.00	100.00	100.00	100.00	0.00	0.00	0.0097	0.0085	0.0089	0.0094	0.0089	0.0092	0.0093	0.0095	0.0095	0.0094	0.0109	0.0136	0.0165	0.0174	0.0161	0.0143	0.0130	0.0128	0.0136	0.0158	0.0196	0.0262	0.0289	0.0259	0.0218	0.0189	0.0166	0.0153	0.0150	0.0144	0.0136	0.0129	0.0123	0.0125	0.0132	0.0150
241	E41	100.00	100.00	0.00	0.00	0.00	100.00	0.00	0.0066	0.0103	0.0128	0.0161	0.0226	0.0350	0.0527	0.0728	0.0921	0.1009	0.0944	0.0805	0.0635	0.0454	0.0301	0.0214	0.0168	0.0127	0.0106	0.0118	0.0162	0.0236	0.0260	0.0226	0.0185	0.0154	0.0132	0.0115	0.0103	0.0095	0.0095	0.0099	0.0106	0.0113	0.0120	0.0132
242	E42	100.00	0.00	100.00	0.00	0.00	100.00	0.00	0.0098	0.0106	0.0117	0.0132	0.0141	0.0161	0.0209	0.0300	0.0473	0.0689	0.0951	0.1543	0.2610	0.3602	0.3754	0.3198	0.2421	0.1611	0.0913	0.0467	0.0236	0.0131	0.0092	0.0082	0.0078	0.0075	0.0071	0.0067	0.0065	0.0063	0.0065	0.0073	0.0083	0.0094	0.0103	0.0124
243	E43	0.00	100.00	100.00	0.00	0.00	100.00	0.00	0.0080	0.0077	0.0095	0.0101	0.0106	0.0111	0.0129	0.0159	0.0209	0.0249	0.0282	0.0366	0.0474	0.0488	0.0396	0.0316	0.0270	0.0220	0.0179	0.0172	0.0214	0.0299	0.0303	0.0243	0.0192	0.0160	0.0140	0.0125	0.0117	0.0120	0.0147	0.0203	0.0286	0.0348	0.0354	0.0353
244	E44	100.00	100.00	100.00	0.00	0.00	100.00	0.00	0.0076	0.0075	0.0081	0.0083	0.0089	0.0106	0.0126	0.0156	0.0206	0.0239	0.0269	0.0347	0.0446	0.0459	0.0372	0.0285	0.0229	0.0181	0.0154	0.0160	0.0192	0.0254	0.0274	0.0239	0.0198	0.0166	0.0142	0.0123	0.0109	0.0100	0.0097	0.0098	0.0104	0.0112	0.0121	0.0128
245	E45	100.00	0.00	0.00	100.00	0.00	100.00	0.00	0.0112	0.0123	0.0140	0.0131	0.0126	0.0128	0.0129	0.0135	0.0149	0.0168	0.0183	0.0194	0.0197	0.0192	0.0181	0.0165	0.0141	0.0113	0.0088	0.0070	0.0062	0.0057	0.0056	0.0057	0.0057	0.0057	0.0055	0.0053	0.0052	0.0051	0.0049	0.0050	0.0053	0.0060	0.0069	0.0079
246	E46	0.00	100.00	0.00	100.00	0.00	100.00	0.00	0.0055	0.0063	0.0061	0.0052	0.0055	0.0060	0.0068	0.0075	0.0080	0.0086	0.0087	0.0085	0.0085	0.0083	0.0082	0.0078	0.0076	0.0081	0.0093	0.0119	0.0167	0.0240	0.0264	0.0233	0.0192	0.0163	0.0141	0.0126	0.0116	0.0108	0.0103	0.0100	0.0101	0.0101	0.0100	0.0092
247	E47	100.00	100.00	0.00	100.00	0.00	100.00	0.00	0.0061	0.0061	0.0075	0.0076	0.0072	0.0072	0.0078	0.0082	0.0085	0.0089	0.0086	0.0085	0.0083	0.0081	0.0078	0.0074	0.0074	0.0078	0.0089	0.0116	0.0165	0.0239	0.0267	0.0236	0.0195	0.0163	0.0138	0.0120	0.0105	0.0095	0.0089	0.0085	0.0085	0.0089	0.0095	0.0104
248	E48	0.00	0.00	100.00	100.00	0.00	100.00	0.00	0.0069	0.0073	0.0083	0.0090	0.0082	0.0090	0.0090	0.0093	0.0102	0.0105	0.0125	0.0170	0.0229	0.0266	0.0268	0.0256	0.0236	0.0214	0.0186	0.0156	0.0126	0.0104	0.0090	0.0085	0.0083	0.0078	0.0076	0.0076	0.0073	0.0071	0.0072	0.0076	0.0080	0.0086	0.0085	0.0086
249	E49	100.00	0.00	100.00	100.00	0.00	100.00	0.00	0.0088	0.0089	0.0097	0.0091	0.0091	0.0086	0.0091	0.0096	0.0099	0.0104	0.0124	0.0167	0.0223	0.0253	0.0244	0.0216	0.0184	0.0152	0.0123	0.0104	0.0092	0.0087	0.0084	0.0081	0.0079	0.0075	0.0070	0.0068	0.0065	0.0061	0.0061	0.0061	0.0063	0.0070	0.0080	0.0086
250	E50	0.00	100.00	100.00	100.00	0.00	100.00	0.00	0.0068	0.0070	0.0088	0.0083	0.0088	0.0084	0.0086	0.0093	0.0093	0.0095	0.0110	0.0142	0.0176	0.0185	0.0169	0.0149	0.0135	0.0131	0.0139	0.0159	0.0198	0.0259	0.0279	0.0244	0.0203	0.0173	0.0152	0.0137	0.0125	0.0115	0.0109	0.0107	0.0108	0.0106	0.0105	0.0105
251	F1	100.00	100.00	100.00	100.00	0.00	100.00	0.00	0.0054	0.0064	0.0084	0.0080	0.0081	0.0080	0.0082	0.0085	0.0088	0.0088	0.0104	0.0134	0.0165	0.0174	0.0161	0.0143	0.0129	0.0125	0.0135	0.0155	0.0195	0.0258	0.0280	0.0246	0.0204	0.0171	0.0147	0.0129	0.0114	0.0103	0.0096	0.0092	0.0090	0.0096	0.0102	0.0103
252	F2	100.00	0.00	0.00	0.00	100.00	100.00	0.00	0.0104	0.0118	0.0131	0.0132	0.0138	0.0159	0.0180	0.0193	0.0184	0.0155	0.0126	0.0105	0.0090	0.0080	0.0072	0.0067	0.0066	0.0072	0.0097	0.0135	0.0134	0.0092	0.0062	0.0055	0.0055	0.0053	0.0052	0.0051	0.0050	0.0052	0.0055	0.0060	0.0069	0.0080	0.0089	0.0100
253	F3	0.00	100.00	0.00	0.00	100.00	100.00	0.00	0.0073	0.0060	0.0058	0.0062	0.0070	0.0082	0.0093	0.0103	0.0099	0.0086	0.0077	0.0073	0.0070	0.0073	0.0073	0.0073	0.0072	0.0078	0.0092	0.0123	0.0180	0.0274	0.0291	0.0234	0.0185	0.0154	0.0132	0.0119	0.0112	0.0115	0.0140	0.0191	0.0268	0.0329	0.0336	0.0333
254	F4	100.00	100.00	0.00	0.00	100.00	100.00	0.00	0.0043	0.0062	0.0062	0.0062	0.0067	0.0077	0.0089	0.0097	0.0092	0.0079	0.0072	0.0068	0.0068	0.0069	0.0071	0.0069	0.0068	0.0075	0.0089	0.0115	0.0166	0.0240	0.0265	0.0231	0.0188	0.0158	0.0134	0.0116	0.0102	0.0095	0.0090	0.0093	0.0099	0.0107	0.0115	0.0124
255	F5	0.00	0.00	100.00	0.00	100.00	100.00	0.00	0.0043	0.0066	0.0089	0.0083	0.0083	0.0088	0.0093	0.0098	0.0099	0.0100	0.0112	0.0138	0.0163	0.0164	0.0145	0.0124	0.0114	0.0120	0.0191	0.0378	0.0474	0.0312	0.0146	0.0089	0.0074	0.0068	0.0067	0.0067	0.0071	0.0080	0.0105	0.0156	0.0233	0.0290	0.0296	0.0288
256	F6	100.00	0.00	100.00	0.00	100.00	100.00	0.00	0.0066	0.0081	0.0086	0.0089	0.0090	0.0087	0.0091	0.0096	0.0095	0.0096	0.0105	0.0132	0.0158	0.0159	0.0140	0.0119	0.0106	0.0104	0.0120	0.0152	0.0150	0.0112	0.0086	0.0076	0.0075	0.0071	0.0067	0.0062	0.0060	0.0059	0.0060	0.0067	0.0077	0.0089	0.0097	0.0106
257	F7	0.00	100.00	100.00	0.00	100.00	100.00	0.00	0.0066	0.0050	0.0056	0.0063	0.0071	0.0074	0.0080	0.0081	0.0086	0.0086	0.0097	0.0125	0.0155	0.0165	0.0154	0.0136	0.0123	0.0122	0.0133	0.0158	0.0205	0.0286	0.0295	0.0239	0.0190	0.0157	0.0134	0.0121	0.0112	0.0115	0.0136	0.0181	0.0255	0.0312	0.0314	0.0307
258	F8	100.00	100.00	100.00	0.00	100.00	100.00	0.00	0.0061	0.0082	0.0078	0.0082	0.0089	0.0085	0.0088	0.0092	0.0093	0.0092	0.0102	0.0129	0.0157	0.0168	0.0156	0.0139	0.0126	0.0125	0.0135	0.0156	0.0196	0.0264	0.0285	0.0248	0.0203	0.0171	0.0147	0.0128	0.0114	0.0105	0.0101	0.0102	0.0109	0.0116	0.0122	0.0128
259	F9	0.00	0.00	0.00	100.00	100.00	100.00	0.00	0.0091	0.0094	0.0099	0.0101	0.0099	0.0101	0.0096	0.0097	0.0095	0.0094	0.0093	0.0092	0.0092	0.0091	0.0091	0.0089	0.0087	0.0086	0.0089	0.0096	0.0099	0.0093	0.0086	0.0084	0.0081	0.0080	0.0080	0.0080	0.0077	0.0077	0.0080	0.0080	0.0085	0.0086	0.0089	0.0093
260	F10	100.00	0.00	0.00	100.00	100.00	100.00	0.00	0.0084	0.0119	0.0135	0.0123	0.0120	0.0115	0.0107	0.0103	0.0095	0.0091	0.0083	0.0078	0.0073	0.0068	0.0062	0.0060	0.0058	0.0057	0.0058	0.0058	0.0058	0.0055	0.0055	0.0057	0.0055	0.0054	0.0054	0.0052	0.0051	0.0050	0.0048	0.0047	0.0050	0.0056	0.0065	0.0072
261	F11	0.00	100.00	0.00	100.00	100.00	100.00	0.00	0.0061	0.0048	0.0058	0.0060	0.0059	0.0055	0.0059	0.0062	0.0062	0.0064	0.0066	0.0066	0.0067	0.0069	0.0072	0.0072	0.0071	0.0076	0.0091	0.0118	0.0167	0.0242	0.0267	0.0234	0.0196	0.0166	0.0145	0.0130	0.0119	0.0111	0.0104	0.0099	0.0100	0.0102	0.0099	0.0096
262	F12	100.00	100.00	0.00	100.00	100.00	100.00	0.00	0.0060	0.0072	0.0079	0.0073	0.0071	0.0074	0.0073	0.0070	0.0068	0.0066	0.0066	0.0066	0.0067	0.0069	0.0071	0.0068	0.0069	0.0075	0.0090	0.0115	0.0164	0.0239	0.0267	0.0236	0.0196	0.0165	0.0141	0.0123	0.0109	0.0099	0.0093	0.0089	0.0086	0.0087	0.0093	0.0097
263	F13	0.00	0.00	100.00	100.00	100.00	100.00	0.00	0.0089	0.0091	0.0095	0.0093	0.0091	0.0087	0.0089	0.0092	0.0090	0.0092	0.0106	0.0131	0.0158	0.0164	0.0148	0.0132	0.0120	0.0113	0.0109	0.0110	0.0109	0.0100	0.0090	0.0086	0.0082	0.0078	0.0076	0.0075	0.0073	0.0072	0.0074	0.0077	0.0080	0.0082	0.0080	0.0077
264	F14	100.00	0.00	100.00	100.00	100.00	100.00	0.00	0.0077	0.0078	0.0095	0.0093	0.0089	0.0086	0.0090	0.0089	0.0092	0.0091	0.0103	0.0129	0.0157	0.0161	0.0142	0.0120	0.0108	0.0099	0.0093	0.0092	0.0089	0.0083	0.0081	0.0080	0.0078	0.0075	0.0070	0.0066	0.0063	0.0062	0.0059	0.0062	0.0063	0.0070	0.0077	0.0084
265	F15	0.00	100.00	100.00	100.00	100.00	100.00	0.00	0.0070	0.0073	0.0077	0.0078	0.0077	0.0080	0.0083	0.0083	0.0084	0.0084	0.0098	0.0127	0.0157	0.0168	0.0157	0.0138	0.0127	0.0125	0.0135	0.0156	0.0195	0.0259	0.0280	0.0243	0.0201	0.0172	0.0151	0.0136	0.0123	0.0114	0.0109	0.0105	0.0107	0.0106	0.0102	0.0102
266	F16	100.00	100.00	100.00	100.00	100.00	100.00	0.00	0.0054	0.0059	0.0070	0.0079	0.0084	0.0078	0.0079	0.0083	0.0081	0.0082	0.0097	0.0126	0.0154	0.0165	0.0154	0.0136	0.0123	0.0121	0.0131	0.0152	0.0192	0.0258	0.0282	0.0248	0.0204	0.0172	0.0146	0.0128	0.0114	0.0102	0.0095	0.0091	0.0090	0.0092	0.0097	0.0107
267	F17	100.00	100.00	0.00	0.00	0.00	0.00	100.00	0.0101	0.0233	0.0424	0.0612	0.0771	0.0947	0.1095	0.1081	0.0887	0.0617	0.0369	0.0192	0.0104	0.0077	0.0072	0.0068	0.0067	0.0072	0.0086	0.0110	0.0158	0.0228	0.0253	0.0221	0.0181	0.0152	0.0132	0.0126	0.0139	0.0159	0.0163	0.0152	0.0134	0.0127	0.0141	0.0188
268	F18	100.00	0.00	100.00	0.00	0.00	0.00	100.00	0.0080	0.0160	0.0219	0.0245	0.0265	0.0289	0.0326	0.0374	0.0413	0.0398	0.0345	0.0308	0.0273	0.0221	0.0167	0.0133	0.0113	0.0101	0.0094	0.0090	0.0086	0.0083	0.0082	0.0078	0.0076	0.0072	0.0071	0.0078	0.0101	0.0126	0.0133	0.0127	0.0112	0.0107	0.0123	0.0167
269	F19	0.00	100.00	100.00	0.00	0.00	0.00	100.00	0.0077	0.0121	0.0156	0.0161	0.0161	0.0170	0.0186	0.0199	0.0202	0.0177	0.0155	0.0160	0.0172	0.0173	0.0156	0.0136	0.0123	0.0120	0.0129	0.0150	0.0186	0.0243	0.0263	0.0230	0.0189	0.0166	0.0175	0.0247	0.0407	0.0577	0.0663	0.0660	0.0595	0.0542	0.0596	0.0764
270	F20	100.00	100.00	100.00	0.00	0.00	0.00	100.00	0.0083	0.0102	0.0138	0.0154	0.0165	0.0182	0.0201	0.0217	0.0218	0.0188	0.0163	0.0162	0.0172	0.0172	0.0156	0.0136	0.0125	0.0123	0.0131	0.0152	0.0188	0.0251	0.0270	0.0237	0.0195	0.0164	0.0144	0.0137	0.0149	0.0167	0.0169	0.0157	0.0140	0.0133	0.0146	0.0185
271	F21	100.00	0.00	0.00	100.00	0.00	0.00	100.00	0.0096	0.0112	0.0138	0.0148	0.0145	0.0147	0.0148	0.0149	0.0141	0.0129	0.0112	0.0094	0.0081	0.0072	0.0067	0.0061	0.0058	0.0057	0.0057	0.0057	0.0057	0.0057	0.0057	0.0057	0.0057	0.0057	0.0054	0.0054	0.0054	0.0054	0.0054	0.0054	0.0055	0.0062	0.0070	0.0080
272	F22	0.00	100.00	0.00	100.00	0.00	0.00	100.00	0.0033	0.0054	0.0066	0.0074	0.0072	0.0075	0.0083	0.0082	0.0080	0.0076	0.0072	0.0071	0.0070	0.0072	0.0075	0.0074	0.0073	0.0078	0.0092	0.0118	0.0166	0.0235	0.0257	0.0225	0.0187	0.0158	0.0141	0.0132	0.0132	0.0135	0.0135	0.0129	0.0122	0.0117	0.0117	0.0129
273	F23	100.00	100.00	0.00	100.00	0.00	0.00	100.00	0.0061	0.0079	0.0081	0.0083	0.0079	0.0084	0.0085	0.0087	0.0082	0.0078	0.0074	0.0071	0.0071	0.0073	0.0075	0.0075	0.0073	0.0078	0.0092	0.0117	0.0165	0.0237	0.0261	0.0232	0.0191	0.0161	0.0138	0.0121	0.0110	0.0103	0.0097	0.0090	0.0089	0.0092	0.0096	0.0109
274	F24	0.00	0.00	100.00	100.00	0.00	0.00	100.00	0.0047	0.0077	0.0091	0.0096	0.0093	0.0095	0.0095	0.0100	0.0102	0.0103	0.0118	0.0144	0.0170	0.0174	0.0156	0.0139	0.0126	0.0116	0.0108	0.0102	0.0097	0.0094	0.0091	0.0087	0.0084	0.0082	0.0083	0.0086	0.0095	0.0103	0.0108	0.0107	0.0105	0.0102	0.0102	0.0113
275	F25	100.00	0.00	100.00	100.00	0.00	0.00	100.00	0.0093	0.0086	0.0104	0.0098	0.0097	0.0101	0.0103	0.0103	0.0103	0.0106	0.0118	0.0142	0.0167	0.0167	0.0149	0.0127	0.0112	0.0102	0.0097	0.0092	0.0090	0.0086	0.0085	0.0083	0.0082	0.0080	0.0076	0.0073	0.0071	0.0070	0.0069	0.0068	0.0069	0.0076	0.0084	0.0093
276	F26	0.00	100.00	100.00	100.00	0.00	0.00	100.00	0.0046	0.0059	0.0063	0.0078	0.0082	0.0083	0.0090	0.0094	0.0093	0.0093	0.0107	0.0134	0.0163	0.0173	0.0162	0.0144	0.0132	0.0129	0.0138	0.0159	0.0196	0.0256	0.0274	0.0240	0.0200	0.0171	0.0152	0.0140	0.0138	0.0140	0.0139	0.0133	0.0127	0.0122	0.0122	0.0130
277	F27	100.00	100.00	100.00	100.00	0.00	0.00	100.00	0.0077	0.0080	0.0085	0.0089	0.0088	0.0088	0.0094	0.0092	0.0093	0.0094	0.0106	0.0133	0.0160	0.0170	0.0160	0.0141	0.0128	0.0126	0.0135	0.0156	0.0195	0.0260	0.0283	0.0250	0.0205	0.0173	0.0150	0.0133	0.0119	0.0109	0.0103	0.0098	0.0095	0.0099	0.0104	0.0109
278	F28	100.00	0.00	0.00	0.00	100.00	0.00	100.00	0.0104	0.0170	0.0221	0.0247	0.0261	0.0276	0.0275	0.0236	0.0170	0.0122	0.0100	0.0088	0.0080	0.0076	0.0073	0.0069	0.0062	0.0058	0.0058	0.0058	0.0057	0.0056	0.0059	0.0057	0.0056	0.0055	0.0057	0.0066	0.0086	0.0110	0.0121	0.0115	0.0104	0.0098	0.0115	0.0152
279	F29	0.00	100.00	0.00	0.00	100.00	0.00	100.00	0.0078	0.0099	0.0109	0.0123	0.0131	0.0141	0.0144	0.0123	0.0094	0.0076	0.0069	0.0067	0.0069	0.0073	0.0073	0.0070	0.0071	0.0077	0.0090	0.0117	0.0165	0.0234	0.0259	0.0225	0.0183	0.0159	0.0160	0.0213	0.0340	0.0487	0.0566	0.0566	0.0510	0.0471	0.0522	0.0675
280	F30	100.00	100.00	0.00	0.00	100.00	0.00	100.00	0.0080	0.0086	0.0108	0.0118	0.0125	0.0134	0.0138	0.0121	0.0092	0.0075	0.0069	0.0067	0.0067	0.0070	0.0072	0.0072	0.0070	0.0075	0.0089	0.0116	0.0166	0.0238	0.0266	0.0233	0.0190	0.0159	0.0138	0.0131	0.0140	0.0158	0.0163	0.0154	0.0138	0.0131	0.0146	0.0189
281	F31	0.00	0.00	100.00	0.00	100.00	0.00	100.00	0.0080	0.0102	0.0113	0.0110	0.0109	0.0112	0.0113	0.0110	0.0104	0.0099	0.0108	0.0134	0.0162	0.0171	0.0163	0.0141	0.0123	0.0112	0.0107	0.0106	0.0104	0.0104	0.0106	0.0098	0.0087	0.0088	0.0111	0.0177	0.0319	0.0477	0.0559	0.0558	0.0501	0.0457	0.0512	0.0670
282	F32	100.00	0.00	100.00	0.00	100.00	0.00	100.00	0.0063	0.0103	0.0099	0.0105	0.0104	0.0106	0.0109	0.0109	0.0103	0.0097	0.0109	0.0133	0.0158	0.0163	0.0148	0.0127	0.0111	0.0099	0.0094	0.0091	0.0087	0.0084	0.0082	0.0080	0.0077	0.0074	0.0074	0.0080	0.0101	0.0126	0.0135	0.0127	0.0114	0.0108	0.0127	0.0166
283	F33	0.00	100.00	100.00	0.00	100.00	0.00	100.00	0.0090	0.0097	0.0092	0.0095	0.0099	0.0091	0.0096	0.0098	0.0094	0.0090	0.0101	0.0128	0.0158	0.0167	0.0155	0.0137	0.0126	0.0124	0.0132	0.0152	0.0190	0.0249	0.0272	0.0238	0.0196	0.0173	0.0177	0.0237	0.0375	0.0530	0.0612	0.0612	0.0549	0.0505	0.0558	0.0722
284	F34	100.00	100.00	100.00	0.00	100.00	0.00	100.00	0.0090	0.0090	0.0092	0.0095	0.0094	0.0094	0.0097	0.0099	0.0095	0.0093	0.0104	0.0129	0.0157	0.0168	0.0158	0.0140	0.0126	0.0125	0.0135	0.0156	0.0192	0.0254	0.0276	0.0243	0.0202	0.0170	0.0148	0.0138	0.0147	0.0163	0.0166	0.0157	0.0140	0.0135	0.0148	0.0187
285	F35	0.00	0.00	0.00	100.00	100.00	0.00	100.00	0.0085	0.0086	0.0108	0.0104	0.0107	0.0101	0.0102	0.0100	0.0097	0.0095	0.0094	0.0092	0.0092	0.0091	0.0089	0.0087	0.0089	0.0089	0.0089	0.0089	0.0087	0.0086	0.0085	0.0083	0.0083	0.0083	0.0082	0.0083	0.0091	0.0099	0.0103	0.0105	0.0103	0.0099	0.0103	0.0115
286	F36	100.00	0.00	0.00	100.00	100.00	0.00	100.00	0.0116	0.0129	0.0145	0.0151	0.0134	0.0129	0.0119	0.0113	0.0105	0.0096	0.0090	0.0085	0.0080	0.0075	0.0070	0.0066	0.0063	0.0062	0.0062	0.0061	0.0061	0.0062	0.0061	0.0062	0.0064	0.0061	0.0061	0.0059	0.0060	0.0059	0.0061	0.0059	0.0063	0.0065	0.0075	0.0084
287	F37	0.00	100.00	0.00	100.00	100.00	0.00	100.00	0.0029	0.0051	0.0046	0.0053	0.0056	0.0056	0.0066	0.0064	0.0065	0.0066	0.0067	0.0066	0.0068	0.0071	0.0073	0.0073	0.0073	0.0078	0.0091	0.0119	0.0167	0.0241	0.0266	0.0234	0.0194	0.0165	0.0146	0.0135	0.0132	0.0132	0.0129	0.0125	0.0120	0.0117	0.0118	0.0123
288	F38	100.00	100.00	0.00	100.00	100.00	0.00	100.00	0.0052	0.0071	0.0084	0.0074	0.0070	0.0073	0.0075	0.0077	0.0073	0.0073	0.0073	0.0072	0.0075	0.0078	0.0079	0.0077	0.0078	0.0083	0.0098	0.0123	0.0172	0.0246	0.0275	0.0246	0.0204	0.0172	0.0148	0.0130	0.0116	0.0107	0.0099	0.0095	0.0092	0.0096	0.0100	0.0110
289	F39	0.00	0.00	100.00	100.00	100.00	0.00	100.00	0.0079	0.0080	0.0095	0.0096	0.0095	0.0100	0.0101	0.0098	0.0095	0.0098	0.0111	0.0138	0.0165	0.0170	0.0154	0.0138	0.0124	0.0114	0.0107	0.0102	0.0098	0.0092	0.0090	0.0088	0.0084	0.0082	0.0081	0.0083	0.0090	0.0102	0.0105	0.0104	0.0102	0.0099	0.0102	0.0118
290	F40	100.00	0.00	100.00	100.00	100.00	0.00	100.00	0.0092	0.0091	0.0098	0.0096	0.0089	0.0093	0.0095	0.0098	0.0099	0.0100	0.0116	0.0140	0.0167	0.0170	0.0151	0.0128	0.0114	0.0104	0.0098	0.0094	0.0090	0.0088	0.0086	0.0086	0.0082	0.0080	0.0076	0.0072	0.0071	0.0069	0.0067	0.0068	0.0071	0.0077	0.0083	0.0092
291	F41	0.00	100.00	100.00	100.00	100.00	0.00	100.00	0.0093	0.0089	0.0080	0.0086	0.0083	0.0084	0.0088	0.0091	0.0091	0.0092	0.0105	0.0136	0.0167	0.0176	0.0163	0.0143	0.0129	0.0126	0.0136	0.0157	0.0196	0.0259	0.0278	0.0244	0.0202	0.0172	0.0152	0.0140	0.0137	0.0137	0.0138	0.0132	0.0126	0.0120	0.0120	0.0132
292	F42	100.00	100.00	100.00	100.00	100.00	0.00	100.00	0.0071	0.0087	0.0089	0.0089	0.0085	0.0086	0.0089	0.0093	0.0094	0.0096	0.0108	0.0137	0.0166	0.0175	0.0162	0.0143	0.0129	0.0126	0.0137	0.0158	0.0198	0.0262	0.0285	0.0252	0.0208	0.0174	0.0150	0.0130	0.0119	0.0109	0.0103	0.0096	0.0095	0.0100	0.0106	0.0110
293	F43	100.00	0.00	0.00	0.00	0.00	100.00	100.00	0.0111	0.0147	0.0181	0.0211	0.0292	0.0434	0.0645	0.0886	0.1121	0.1206	0.0967	0.0564	0.0271	0.0138	0.0087	0.0070	0.0062	0.0057	0.0057	0.0057	0.0057	0.0056	0.0055	0.0054	0.0054	0.0054	0.0053	0.0053	0.0052	0.0052	0.0050	0.0053	0.0055	0.0063	0.0073	0.0086
294	F44	0.00	100.00	0.00	0.00	0.00	100.00	100.00	0.0039	0.0057	0.0081	0.0096	0.0132	0.0207	0.0300	0.0398	0.0451	0.0415	0.0291	0.0166	0.0099	0.0079	0.0073	0.0069	0.0069	0.0075	0.0087	0.0114	0.0160	0.0225	0.0241	0.0205	0.0168	0.0143	0.0125	0.0112	0.0103	0.0098	0.0096	0.0098	0.0103	0.0111	0.0116	0.0124
295	F45	100.00	100.00	0.00	0.00	0.00	100.00	100.00	0.0049	0.0062	0.0077	0.0092	0.0118	0.0180	0.0268	0.0357	0.0404	0.0370	0.0258	0.0149	0.0093	0.0073	0.0070	0.0069	0.0069	0.0073	0.0087	0.0113	0.0161	0.0235	0.0261	0.0228	0.0186	0.0156	0.0133	0.0115	0.0102	0.0094	0.0087	0.0085	0.0087	0.0092	0.0095	0.0105
296	F46	0.00	0.00	100.00	0.00	0.00	100.00	100.00	0.0055	0.0089	0.0100	0.0104	0.0108	0.0124	0.0150	0.0198	0.0262	0.0305	0.0299	0.0282	0.0259	0.0220	0.0180	0.0149	0.0129	0.0114	0.0109	0.0107	0.0100	0.0093	0.0084	0.0077	0.0073	0.0073	0.0073	0.0072	0.0071	0.0072	0.0076	0.0080	0.0086	0.0096	0.0101	0.0114
297	F47	100.00	0.00	100.00	0.00	0.00	100.00	100.00	0.0046	0.0081	0.0094	0.0097	0.0101	0.0106	0.0130	0.0169	0.0216	0.0252	0.0257	0.0259	0.0246	0.0212	0.0169	0.0136	0.0114	0.0103	0.0096	0.0093	0.0089	0.0085	0.0082	0.0080	0.0078	0.0075	0.0070	0.0066	0.0064	0.0061	0.0060	0.0062	0.0065	0.0071	0.0081	0.0091
298	F48	0.00	100.00	100.00	0.00	0.00	100.00	100.00	0.0060	0.0062	0.0080	0.0091	0.0090	0.0090	0.0101	0.0116	0.0133	0.0135	0.0137	0.0156	0.0177	0.0181	0.0165	0.0146	0.0132	0.0129	0.0138	0.0159	0.0194	0.0250	0.0261	0.0221	0.0183	0.0156	0.0137	0.0122	0.0112	0.0106	0.0103	0.0102	0.0107	0.0114	0.0117	0.0132
299	F49	100.00	100.00	100.00	0.00	0.00	100.00	100.00	0.0059	0.0086	0.0086	0.0092	0.0096	0.0096	0.0111	0.0128	0.0141	0.0147	0.0143	0.0156	0.0174	0.0177	0.0163	0.0146	0.0131	0.0129	0.0138	0.0159	0.0197	0.0262	0.0284	0.0249	0.0207	0.0175	0.0149	0.0131	0.0117	0.0106	0.0101	0.0097	0.0095	0.0100	0.0106	0.0111
300	F50	0.00	0.00	0.00	100.00	0.00	100.00	100.00	0.0081	0.0105	0.0110	0.0106	0.0101	0.0106	0.0112	0.0113	0.0119	0.0123	0.0119	0.0108	0.0103	0.0097	0.0097	0.0096	0.0095	0.0094	0.0093	0.0091	0.0089	0.0087	0.0086	0.0086	0.0084	0.0083	0.0081	0.0081	0.0080	0.0078	0.0078	0.0079	0.0079	0.0079	0.0080	0.0077
301	G1	100.00	0.00	0.00	100.00	0.00	100.00	100.00	0.0115	0.0143	0.0131	0.0130	0.0129	0.0123	0.0124	0.0124	0.0123	0.0120	0.0112	0.0095	0.0084	0.0076	0.0069	0.0063	0.0060	0.0059	0.0058	0.0057	0.0057	0.0057	0.0057	0.0057	0.0058	0.0057	0.0056	0.0055	0.0054	0.0052	0.0052	0.0051	0.0054	0.0059	0.0068	0.0080
302	G2	0.00	100.00	0.00	100.00	0.00	100.00	100.00	0.0052	0.0065	0.0061	0.0062	0.0059	0.0060	0.0060	0.0062	0.0065	0.0067	0.0068	0.0067	0.0067	0.0070	0.0072	0.0070	0.0070	0.0076	0.0090	0.0115	0.0165	0.0239	0.0264	0.0233	0.0193	0.0164	0.0142	0.0126	0.0115	0.0106	0.0098	0.0091	0.0089	0.0086	0.0084	0.0083
303	G3	100.00	100.00	0.00	100.00	0.00	100.00	100.00	0.0028	0.0063	0.0067	0.0059	0.0065	0.0063	0.0070	0.0073	0.0070	0.0068	0.0067	0.0064	0.0067	0.0068	0.0070	0.0068	0.0067	0.0073	0.0086	0.0114	0.0163	0.0237	0.0266	0.0236	0.0194	0.0163	0.0137	0.0119	0.0104	0.0094	0.0086	0.0083	0.0080	0.0086	0.0092	0.0095
304	G4	0.00	0.00	100.00	100.00	0.00	100.00	100.00	0.0063	0.0090	0.0085	0.0089	0.0092	0.0089	0.0092	0.0095	0.0099	0.0097	0.0114	0.0142	0.0167	0.0171	0.0158	0.0137	0.0123	0.0114	0.0106	0.0100	0.0095	0.0091	0.0087	0.0083	0.0081	0.0079	0.0077	0.0076	0.0074	0.0072	0.0071	0.0068	0.0070	0.0068	0.0066	0.0067
305	G5	100.00	0.00	100.00	100.00	0.00	100.00	100.00	0.0072	0.0069	0.0090	0.0088	0.0083	0.0088	0.0089	0.0093	0.0094	0.0096	0.0108	0.0135	0.0160	0.0163	0.0144	0.0122	0.0108	0.0098	0.0091	0.0088	0.0085	0.0081	0.0080	0.0079	0.0076	0.0073	0.0069	0.0066	0.0062	0.0060	0.0058	0.0058	0.0059	0.0066	0.0073	0.0081
306	G6	0.00	100.00	100.00	100.00	0.00	100.00	100.00	0.0055	0.0072	0.0075	0.0075	0.0077	0.0076	0.0080	0.0085	0.0083	0.0088	0.0102	0.0129	0.0159	0.0169	0.0159	0.0140	0.0126	0.0125	0.0133	0.0155	0.0195	0.0259	0.0277	0.0242	0.0202	0.0170	0.0149	0.0135	0.0123	0.0114	0.0107	0.0102	0.0096	0.0091	0.0089	0.0080
307	G7	100.00	100.00	100.00	100.00	0.00	100.00	100.00	0.0050	0.0067	0.0074	0.0073	0.0075	0.0078	0.0080	0.0083	0.0084	0.0087	0.0097	0.0127	0.0157	0.0167	0.0158	0.0138	0.0125	0.0123	0.0133	0.0155	0.0193	0.0261	0.0287	0.0253	0.0209	0.0175	0.0149	0.0129	0.0115	0.0104	0.0096	0.0092	0.0089	0.0092	0.0097	0.0104
308	G8	0.00	0.00	0.00	0.00	100.00	100.00	100.00	0.0069	0.0092	0.0104	0.0105	0.0116	0.0127	0.0142	0.0153	0.0146	0.0126	0.0106	0.0090	0.0081	0.0075	0.0074	0.0072	0.0070	0.0069	0.0071	0.0077	0.0082	0.0081	0.0076	0.0070	0.0067	0.0069	0.0073	0.0076	0.0078	0.0079	0.0083	0.0087	0.0097	0.0103	0.0110	0.0120
309	G9	100.00	0.00	0.00	0.00	100.00	100.00	100.00	0.0115	0.0142	0.0142	0.0135	0.0132	0.0140	0.0157	0.0163	0.0153	0.0128	0.0106	0.0088	0.0077	0.0073	0.0070	0.0063	0.0059	0.0054	0.0056	0.0057	0.0056	0.0056	0.0056	0.0054	0.0053	0.0054	0.0053	0.0053	0.0052	0.0050	0.0050	0.0052	0.0054	0.0060	0.0070	0.0077
310	G10	0.00	100.00	0.00	0.00	100.00	100.00	100.00	0.0029	0.0039	0.0055	0.0057	0.0057	0.0068	0.0077	0.0084	0.0079	0.0073	0.0068	0.0066	0.0068	0.0070	0.0071	0.0070	0.0070	0.0076	0.0089	0.0115	0.0163	0.0235	0.0255	0.0217	0.0177	0.0150	0.0131	0.0119	0.0108	0.0101	0.0097	0.0098	0.0103	0.0111	0.0117	0.0126
311	G11	100.00	100.00	0.00	0.00	100.00	100.00	100.00	0.0067	0.0063	0.0068	0.0073	0.0078	0.0073	0.0086	0.0086	0.0082	0.0075	0.0068	0.0067	0.0066	0.0070	0.0071	0.0071	0.0069	0.0075	0.0089	0.0116	0.0165	0.0240	0.0269	0.0237	0.0195	0.0162	0.0139	0.0121	0.0107	0.0097	0.0089	0.0085	0.0089	0.0092	0.0096	0.0104
312	G12	0.00	0.00	100.00	0.00	100.00	100.00	100.00	0.0065	0.0086	0.0095	0.0089	0.0090	0.0093	0.0097	0.0100	0.0101	0.0098	0.0109	0.0133	0.0160	0.0169	0.0158	0.0138	0.0120	0.0108	0.0106	0.0106	0.0103	0.0095	0.0083	0.0074	0.0070	0.0070	0.0070	0.0071	0.0070	0.0070	0.0074	0.0080	0.0088	0.0095	0.0106	0.0120
313	G13	100.00	0.00	100.00	0.00	100.00	100.00	100.00	0.0069	0.0106	0.0106	0.0097	0.0098	0.0099	0.0102	0.0106	0.0103	0.0102	0.0114	0.0140	0.0165	0.0168	0.0154	0.0132	0.0115	0.0105	0.0100	0.0098	0.0094	0.0090	0.0086	0.0084	0.0083	0.0080	0.0076	0.0072	0.0069	0.0068	0.0068	0.0068	0.0072	0.0077	0.0085	0.0094
314	G14	0.00	100.00	100.00	0.00	100.00	100.00	100.00	0.0059	0.0078	0.0097	0.0099	0.0095	0.0096	0.0098	0.0102	0.0102	0.0103	0.0115	0.0141	0.0169	0.0180	0.0169	0.0152	0.0138	0.0137	0.0146	0.0168	0.0206	0.0267	0.0278	0.0238	0.0198	0.0169	0.0150	0.0135	0.0124	0.0116	0.0114	0.0112	0.0118	0.0124	0.0128	0.0138
315	G15	100.00	100.00	100.00	0.00	100.00	100.00	100.00	0.0054	0.0075	0.0078	0.0085	0.0087	0.0082	0.0085	0.0089	0.0090	0.0086	0.0101	0.0130	0.0158	0.0169	0.0158	0.0140	0.0127	0.0126	0.0135	0.0158	0.0198	0.0265	0.0288	0.0252	0.0209	0.0176	0.0151	0.0133	0.0117	0.0108	0.0099	0.0095	0.0096	0.0099	0.0106	0.0112
316	G16	0.00	0.00	0.00	100.00	100.00	100.00	100.00	0.0094	0.0080	0.0095	0.0095	0.0095	0.0096	0.0095	0.0096	0.0096	0.0093	0.0091	0.0091	0.0090	0.0089	0.0089	0.0089	0.0088	0.0088	0.0088	0.0087	0.0086	0.0086	0.0084	0.0082	0.0080	0.0080	0.0078	0.0077	0.0076	0.0076	0.0074	0.0074	0.0074	0.0072	0.0075	0.0070
317	G17	100.00	0.00	0.00	100.00	100.00	100.00	100.00	0.0104	0.0123	0.0137	0.0128	0.0121	0.0116	0.0109	0.0102	0.0096	0.0092	0.0082	0.0080	0.0075	0.0069	0.0066	0.0063	0.0060	0.0058	0.0057	0.0057	0.0056	0.0057	0.0057	0.0059	0.0058	0.0057	0.0056	0.0053	0.0053	0.0051	0.0052	0.0052	0.0052	0.0059	0.0071	0.0079
318	G18	0.00	100.00	0.00	100.00	100.00	100.00	100.00	0.0040	0.0050	0.0048	0.0047	0.0046	0.0046	0.0053	0.0056	0.0058	0.0063	0.0061	0.0063	0.0065	0.0067	0.0070	0.0069	0.0068	0.0074	0.0089	0.0115	0.0164	0.0237	0.0264	0.0233	0.0193	0.0164	0.0142	0.0128	0.0116	0.0105	0.0098	0.0093	0.0087	0.0086	0.0083	0.0074
319	G19	100.00	100.00	0.00	100.00	100.00	100.00	100.00	0.0038	0.0072	0.0070	0.0062	0.0064	0.0064	0.0064	0.0064	0.0066	0.0064	0.0062	0.0063	0.0065	0.0068	0.0070	0.0069	0.0068	0.0075	0.0088	0.0115	0.0163	0.0240	0.0268	0.0239	0.0198	0.0167	0.0143	0.0123	0.0111	0.0101	0.0094	0.0089	0.0088	0.0089	0.0095	0.0101
320	G20	0.00	0.00	100.00	100.00	100.00	100.00	100.00	0.0095	0.0095	0.0091	0.0094	0.0093	0.0092	0.0091	0.0093	0.0092	0.0094	0.0107	0.0134	0.0159	0.0164	0.0150	0.0132	0.0120	0.0112	0.0105	0.0098	0.0094	0.0090	0.0087	0.0083	0.0081	0.0078	0.0076	0.0075	0.0074	0.0072	0.0070	0.0070	0.0068	0.0069	0.0069	0.0070
321	G21	100.00	0.00	100.00	100.00	100.00	100.00	100.00	0.0076	0.0088	0.0094	0.0089	0.0089	0.0089	0.0092	0.0095	0.0094	0.0094	0.0106	0.0131	0.0153	0.0155	0.0137	0.0118	0.0105	0.0096	0.0090	0.0087	0.0084	0.0082	0.0080	0.0078	0.0076	0.0073	0.0069	0.0066	0.0065	0.0064	0.0062	0.0063	0.0066	0.0070	0.0077	0.0080
322	G22	0.00	100.00	100.00	100.00	100.00	100.00	100.00	0.0029	0.0065	0.0077	0.0075	0.0074	0.0078	0.0082	0.0084	0.0083	0.0088	0.0100	0.0128	0.0156	0.0166	0.0157	0.0140	0.0126	0.0125	0.0135	0.0157	0.0195	0.0261	0.0283	0.0247	0.0205	0.0175	0.0153	0.0136	0.0126	0.0116	0.0109	0.0104	0.0099	0.0095	0.0092	0.0092
323	G23	85.71	85.71	85.71	85.71	85.71	85.71	85.71	0.0087	0.0083	0.0092	0.0095	0.0086	0.0090	0.0086	0.0091	0.0091	0.0090	0.0099	0.0120	0.0138	0.0146	0.0137	0.0123	0.0112	0.0111	0.0119	0.0137	0.0168	0.0217	0.0227	0.0200	0.0167	0.0143	0.0126	0.0113	0.0104	0.0096	0.0092	0.0089	0.0090	0.0092	0.0097	0.0105
324	G24	2.00	0.00	0.00	0.00	0.00	0.00	0.00	0.4360	0.5589	0.6677	0.7365	0.7744	0.7885	0.7938	0.7966	0.7985	0.7972	0.7953	0.7952	0.7935	0.7905	0.7879	0.7832	0.7799	0.7765	0.7693	0.7652	0.7588	0.7534	0.7468	0.7416	0.7378	0.7353	0.7349	0.7344	0.7338	0.7306	0.7265	0.7224	0.7210	0.7204	0.7207	0.7241
325	G25	4.00	0.00	0.00	0.00	0.00	0.00	0.00	0.4341	0.5550	0.6644	0.7347	0.7729	0.7864	0.7937	0.7970	0.7990	0.7977	0.7952	0.7948	0.7925	0.7887	0.7849	0.7779	0.7711	0.7634	0.7507	0.7413	0.7301	0.7218	0.7133	0.7070	0.7028	0.7007	0.7012	0.7028	0.7039	0.7015	0.6969	0.6923	0.6898	0.6888	0.6902	0.6960
326	G26	6.00	0.00	0.00	0.00	0.00	0.00	0.00	0.4301	0.5564	0.6704	0.7404	0.7792	0.7948	0.8014	0.8055	0.8072	0.8059	0.8034	0.8018	0.7988	0.7935	0.7872	0.7779	0.7681	0.7566	0.7400	0.7268	0.7130	0.7026	0.6928	0.6854	0.6810	0.6791	0.6800	0.6822	0.6839	0.6820	0.6774	0.6724	0.6696	0.6682	0.6700	0.6767
327	G27	94.00	0.00	0.00	0.00	0.00	0.00	0.00	0.1376	0.2603	0.3944	0.4991	0.5629	0.6171	0.6760	0.7139	0.7254	0.7225	0.7094	0.6895	0.6606	0.6179	0.5578	0.4839	0.4037	0.3159	0.2258	0.1551	0.1112	0.0863	0.0685	0.0572	0.0537	0.0542	0.0584	0.0693	0.0839	0.0919	0.0887	0.0804	0.0689	0.0620	0.0682	0.0887
328	G28	96.00	0.00	0.00	0.00	0.00	0.00	0.00	0.1253	0.2416	0.3737	0.4805	0.5487	0.6082	0.6720	0.7147	0.7280	0.7262	0.7122	0.6906	0.6587	0.6131	0.5495	0.4724	0.3896	0.2993	0.2079	0.1380	0.0957	0.0727	0.0564	0.0466	0.0434	0.0439	0.0475	0.0572	0.0703	0.0771	0.0737	0.0661	0.0560	0.0498	0.0553	0.0733
329	G29	98.00	0.00	0.00	0.00	0.00	0.00	0.00	0.1204	0.2354	0.3653	0.4737	0.5434	0.6056	0.6728	0.7179	0.7328	0.7311	0.7169	0.6944	0.6612	0.6137	0.5476	0.4687	0.3842	0.2927	0.2005	0.1307	0.0893	0.0671	0.0515	0.0420	0.0394	0.0395	0.0430	0.0521	0.0646	0.0713	0.0682	0.0608	0.0512	0.0454	0.0508	0.0683
330	G30	0.00	2.00	0.00	0.00	0.00	0.00	0.00	0.4509	0.5777	0.6885	0.7567	0.7949	0.8091	0.8132	0.8144	0.8151	0.8131	0.8105	0.8095	0.8070	0.8040	0.8017	0.7978	0.7956	0.7934	0.7883	0.7870	0.7830	0.7800	0.7754	0.7715	0.7679	0.7646	0.7631	0.7613	0.7591	0.7546	0.7502	0.7464	0.7457	0.7454	0.7449	0.7458
331	G31	0.00	4.00	0.00	0.00	0.00	0.00	0.00	0.4511	0.5748	0.6812	0.7457	0.7838	0.7970	0.8009	0.8018	0.8017	0.7964	0.7912	0.7878	0.7831	0.7770	0.7713	0.7650	0.7615	0.7581	0.7495	0.7459	0.7498	0.7627	0.7694	0.7697	0.7680	0.7648	0.7637	0.7621	0.7600	0.7559	0.7521	0.7485	0.7469	0.7459	0.7450	0.7450
332	G32	0.00	6.00	0.00	0.00	0.00	0.00	0.00	0.4423	0.5595	0.6616	0.7257	0.7626	0.7773	0.7815	0.7824	0.7800	0.7731	0.7652	0.7591	0.7515	0.7425	0.7334	0.7251	0.7211	0.7156	0.7042	0.6985	0.7094	0.7379	0.7569	0.7626	0.7621	0.7599	0.7589	0.7572	0.7554	0.7511	0.7470	0.7434	0.7427	0.7422	0.7406	0.7404
333	G33	0.00	94.00	0.00	0.00	0.00	0.00	0.00	0.2056	0.2124	0.2181	0.2275	0.2411	0.2540	0.2628	0.2561	0.2292	0.1903	0.1527	0.1219	0.0953	0.0696	0.0474	0.0365	0.0331	0.0277	0.0204	0.0187	0.0441	0.1764	0.4120	0.5980	0.6921	0.7278	0.7427	0.7480	0.7488	0.7469	0.7444	0.7419	0.7394	0.7369	0.7339	0.7307
334	G34	0.00	96.00	0.00	0.00	0.00	0.00	0.00	0.1964	0.2005	0.2054	0.2141	0.2256	0.2392	0.2485	0.2423	0.2160	0.1784	0.1418	0.1123	0.0866	0.0624	0.0421	0.0321	0.0291	0.0244	0.0183	0.0174	0.0406	0.1662	0.3961	0.5808	0.6760	0.7142	0.7310	0.7384	0.7420	0.7426	0.7426	0.7412	0.7406	0.7397	0.7382	0.7361
335	G35	0.00	98.00	0.00	0.00	0.00	0.00	0.00	0.1931	0.1979	0.2005	0.2091	0.2204	0.2333	0.2425	0.2356	0.2094	0.1721	0.1359	0.1067	0.0818	0.0585	0.0390	0.0297	0.0268	0.0226	0.0172	0.0167	0.0389	0.1622	0.3924	0.5790	0.6756	0.7137	0.7304	0.7381	0.7414	0.7416	0.7418	0.7412	0.7411	0.7400	0.7381	0.7365
336	G36	0.00	0.00	2.00	0.00	0.00	0.00	0.00	0.4501	0.5731	0.6815	0.7483	0.7855	0.7990	0.8028	0.8047	0.8064	0.8051	0.8029	0.8036	0.8028	0.8009	0.7991	0.7948	0.7921	0.7897	0.7840	0.7823	0.7780	0.7743	0.7695	0.7659	0.7624	0.7590	0.7574	0.7558	0.7538	0.7498	0.7459	0.7418	0.7404	0.7396	0.7390	0.7400
337	G37	0.00	0.00	4.00	0.00	0.00	0.00	0.00	0.4369	0.5547	0.6523	0.7101	0.7408	0.7519	0.7559	0.7602	0.7654	0.7666	0.7679	0.7759	0.7867	0.7936	0.7962	0.7931	0.7907	0.7883	0.7827	0.7804	0.7751	0.7708	0.7663	0.7625	0.7591	0.7562	0.7558	0.7551	0.7540	0.7511	0.7481	0.7444	0.7425	0.7414	0.7406	0.7422
338	G38	0.00	0.00	6.00	0.00	0.00	0.00	0.00	0.4277	0.5366	0.6279	0.6792	0.7069	0.7160	0.7198	0.7264	0.7354	0.7388	0.7429	0.7570	0.7758	0.7901	0.7968	0.7952	0.7933	0.7913	0.7861	0.7845	0.7796	0.7754	0.7705	0.7668	0.7629	0.7596	0.7583	0.7562	0.7544	0.7504	0.7462	0.7421	0.7412	0.7409	0.7399	0.7406
339	G39	0.00	0.00	94.00	0.00	0.00	0.00	0.00	0.1264	0.1071	0.0834	0.0637	0.0528	0.0495	0.0511	0.0638	0.0876	0.1052	0.1299	0.2120	0.3763	0.5756	0.7166	0.7669	0.7798	0.7827	0.7791	0.7776	0.7736	0.7706	0.7662	0.7622	0.7592	0.7566	0.7557	0.7545	0.7532	0.7492	0.7429	0.7372	0.7368	0.7368	0.7353	0.7342
340	G40	0.00	0.00	96.00	0.00	0.00	0.00	0.00	0.1086	0.0878	0.0651	0.0478	0.0379	0.0348	0.0362	0.0464	0.0659	0.0810	0.1038	0.1817	0.3467	0.5555	0.7081	0.7635	0.7773	0.7794	0.7748	0.7726	0.7674	0.7638	0.7593	0.7550	0.7512	0.7493	0.7486	0.7470	0.7461	0.7432	0.7379	0.7328	0.7328	0.7329	0.7319	0.7315
341	G41	0.00	0.00	98.00	0.00	0.00	0.00	0.00	0.1020	0.0807	0.0571	0.0412	0.0319	0.0291	0.0303	0.0394	0.0578	0.0715	0.0934	0.1699	0.3348	0.5485	0.7074	0.7656	0.7788	0.7791	0.7731	0.7701	0.7642	0.7594	0.7552	0.7511	0.7470	0.7448	0.7461	0.7461	0.7449	0.7422	0.7381	0.7348	0.7348	0.7348	0.7338	0.7337
342	G42	0.00	0.00	0.00	2.00	0.00	0.00	0.00	0.4485	0.5707	0.6782	0.7416	0.7747	0.7867	0.7903	0.7934	0.7953	0.7953	0.7944	0.7950	0.7942	0.7921	0.7908	0.7870	0.7847	0.7825	0.7777	0.7764	0.7715	0.7669	0.7618	0.7582	0.7544	0.7511	0.7499	0.7484	0.7462	0.7417	0.7378	0.7345	0.7343	0.7338	0.7320	0.7323
343	G43	0.00	0.00	0.00	4.00	0.00	0.00	0.00	0.4467	0.5645	0.6681	0.7314	0.7668	0.7800	0.7843	0.7861	0.7883	0.7866	0.7846	0.7846	0.7835	0.7814	0.7800	0.7761	0.7739	0.7719	0.7668	0.7652	0.7603	0.7557	0.7510	0.7474	0.7443	0.7411	0.7402	0.7392	0.7376	0.7340	0.7304	0.7274	0.7260	0.7257	0.7249	0.7262
344	G44	0.00	0.00	0.00	6.00	0.00	0.00	0.00	0.4251	0.5362	0.6344	0.6949	0.7305	0.7429	0.7468	0.7490	0.7514	0.7503	0.7484	0.7487	0.7478	0.7457	0.7444	0.7412	0.7394	0.7379	0.7340	0.7334	0.7293	0.7260	0.7221	0.7190	0.7160	0.7135	0.7126	0.7114	0.7098	0.7064	0.7030	0.6997	0.6990	0.6991	0.6983	0.6993
345	G45	0.00	0.00	0.00	94.00	0.00	0.00	0.00	0.0147	0.0177	0.0209	0.0221	0.0223	0.0235	0.0246	0.0255	0.0264	0.0271	0.0280	0.0290	0.0302	0.0312	0.0323	0.0335	0.0346	0.0358	0.0369	0.0381	0.0393	0.0404	0.0415	0.0427	0.0438	0.0451	0.0462	0.0474	0.0485	0.0497	0.0506	0.0516	0.0528	0.0539	0.0548	0.0557
346	G46	0.00	0.00	0.00	96.00	0.00	0.00	0.00	0.0157	0.0184	0.0197	0.0204	0.0213	0.0220	0.0224	0.0236	0.0240	0.0250	0.0256	0.0265	0.0277	0.0286	0.0296	0.0307	0.0318	0.0327	0.0338	0.0350	0.0359	0.0371	0.0381	0.0393	0.0404	0.0415	0.0425	0.0438	0.0447	0.0459	0.0470	0.0479	0.0489	0.0498	0.0508	0.0518
347	G47	0.00	0.00	0.00	98.00	0.00	0.00	0.00	0.0138	0.0183	0.0189	0.0199	0.0206	0.0213	0.0224	0.0230	0.0234	0.0241	0.0247	0.0257	0.0264	0.0275	0.0283	0.0292	0.0304	0.0315	0.0323	0.0335	0.0344	0.0355	0.0365	0.0377	0.0387	0.0398	0.0410	0.0420	0.0430	0.0439	0.0449	0.0461	0.0470	0.0480	0.0488	0.0498
348	G48	0.00	0.00	0.00	0.00	2.00	0.00	0.00	0.4442	0.5639	0.6689	0.7341	0.7712	0.7845	0.7865	0.7867	0.7843	0.7788	0.7734	0.7703	0.7674	0.7647	0.7633	0.7605	0.7598	0.7611	0.7627	0.7698	0.7724	0.7721	0.7686	0.7651	0.7618	0.7586	0.7571	0.7550	0.7524	0.7479	0.7441	0.7412	0.7404	0.7394	0.7371	0.7377
349	G49	0.00	0.00	0.00	0.00	4.00	0.00	0.00	0.4336	0.5461	0.6404	0.6983	0.7319	0.7422	0.7437	0.7409	0.7352	0.7249	0.7154	0.7096	0.7058	0.7036	0.7035	0.7019	0.7030	0.7090	0.7197	0.7410	0.7576	0.7659	0.7662	0.7639	0.7610	0.7580	0.7565	0.7547	0.7522	0.7480	0.7443	0.7411	0.7396	0.7384	0.7366	0.7368
350	G50	0.00	0.00	0.00	0.00	6.00	0.00	0.00	0.4245	0.5307	0.6232	0.6778	0.7078	0.7170	0.7175	0.7137	0.7057	0.6936	0.6826	0.6758	0.6716	0.6699	0.6703	0.6698	0.6730	0.6814	0.6967	0.7252	0.7492	0.7618	0.7640	0.7628	0.7600	0.7572	0.7559	0.7539	0.7518	0.7483	0.7445	0.7406	0.7390	0.7383	0.7373	0.7381
351	H1	0.00	0.00	0.00	0.00	94.00	0.00	0.00	0.1248	0.1078	0.0938	0.0850	0.0812	0.0772	0.0715	0.0594	0.0408	0.0251	0.0165	0.0124	0.0109	0.0109	0.0116	0.0125	0.0143	0.0215	0.0541	0.1639	0.3640	0.5568	0.6696	0.7157	0.7306	0.7340	0.7357	0.7359	0.7351	0.7321	0.7284	0.7249	0.7228	0.7199	0.7172	0.7146
352	H2	0.00	0.00	0.00	0.00	96.00	0.00	0.00	0.1102	0.0920	0.0791	0.0717	0.0679	0.0639	0.0585	0.0477	0.0318	0.0187	0.0122	0.0094	0.0083	0.0085	0.0090	0.0096	0.0110	0.0164	0.0439	0.1449	0.3396	0.5362	0.6593	0.7138	0.7344	0.7422	0.7465	0.7474	0.7467	0.7435	0.7404	0.7360	0.7322	0.7285	0.7239	0.7203
353	H3	0.00	0.00	0.00	0.00	98.00	0.00	0.00	0.1058	0.0871	0.0731	0.0652	0.0622	0.0582	0.0529	0.0430	0.0283	0.0168	0.0112	0.0089	0.0080	0.0081	0.0084	0.0090	0.0101	0.0149	0.0403	0.1381	0.3301	0.5252	0.6479	0.7047	0.7279	0.7375	0.7444	0.7485	0.7500	0.7492	0.7474	0.7447	0.7420	0.7382	0.7350	0.7321
354	H4	0.00	0.00	0.00	0.00	0.00	2.00	0.00	0.4483	0.5724	0.6810	0.7476	0.7845	0.7975	0.8027	0.8058	0.8078	0.8063	0.8044	0.8042	0.8022	0.7992	0.7973	0.7932	0.7912	0.7897	0.7853	0.7842	0.7793	0.7742	0.7673	0.7617	0.7569	0.7530	0.7508	0.7490	0.7479	0.7450	0.7419	0.7384	0.7377	0.7374	0.7363	0.7376
355	H5	0.00	0.00	0.00	0.00	0.00	4.00	0.00	0.4298	0.5458	0.6491	0.7168	0.7575	0.7752	0.7852	0.7920	0.7993	0.8033	0.8039	0.8055	0.8035	0.7995	0.7965	0.7905	0.7854	0.7804	0.7712	0.7646	0.7535	0.7413	0.7271	0.7166	0.7087	0.7028	0.6996	0.6980	0.6983	0.6986	0.6987	0.6988	0.7002	0.7004	0.7001	0.7026
356	H6	0.00	0.00	0.00	0.00	0.00	6.00	0.00	0.4163	0.5304	0.6309	0.6978	0.7402	0.7603	0.7714	0.7816	0.7915	0.7982	0.8014	0.8031	0.8016	0.7976	0.7934	0.7865	0.7801	0.7728	0.7613	0.7516	0.7366	0.7195	0.7012	0.6874	0.6783	0.6724	0.6689	0.6668	0.6673	0.6691	0.6724	0.6752	0.6781	0.6786	0.6774	0.6796
357	H7	0.00	0.00	0.00	0.00	0.00	94.00	0.00	0.0263	0.0314	0.0419	0.0576	0.0810	0.1150	0.1585	0.2204	0.3153	0.4347	0.5382	0.6067	0.6278	0.6139	0.5798	0.5277	0.4615	0.3824	0.2970	0.2142	0.1343	0.0683	0.0292	0.0153	0.0118	0.0108	0.0105	0.0107	0.0121	0.0155	0.0217	0.0318	0.0449	0.0541	0.0555	0.0567
358	H8	0.00	0.00	0.00	0.00	0.00	96.00	0.00	0.0231	0.0266	0.0335	0.0456	0.0677	0.0973	0.1375	0.1974	0.2921	0.4124	0.5185	0.5890	0.6119	0.5988	0.5638	0.5114	0.4440	0.3632	0.2764	0.1932	0.1156	0.0549	0.0219	0.0114	0.0089	0.0085	0.0084	0.0087	0.0100	0.0123	0.0168	0.0246	0.0354	0.0427	0.0435	0.0447
359	H9	0.00	0.00	0.00	0.00	0.00	98.00	0.00	0.0236	0.0251	0.0307	0.0411	0.0599	0.0875	0.1253	0.1832	0.2763	0.3970	0.5038	0.5740	0.5953	0.5806	0.5456	0.4939	0.4276	0.3476	0.2615	0.1794	0.1047	0.0483	0.0190	0.0105	0.0085	0.0081	0.0082	0.0086	0.0096	0.0114	0.0152	0.0220	0.0313	0.0380	0.0389	0.0393
360	H10	0.00	0.00	0.00	0.00	0.00	0.00	2.00	0.4503	0.5760	0.6872	0.7565	0.7944	0.8082	0.8125	0.8141	0.8148	0.8117	0.8090	0.8069	0.8037	0.7999	0.7964	0.7913	0.7888	0.7867	0.7813	0.7795	0.7751	0.7709	0.7655	0.7609	0.7566	0.7536	0.7532	0.7533	0.7526	0.7484	0.7450	0.7425	0.7425	0.7426	0.7410	0.7414
361	H11	0.00	0.00	0.00	0.00	0.00	0.00	4.00	0.4345	0.5548	0.6631	0.7341	0.7738	0.7878	0.7939	0.7950	0.7927	0.7865	0.7776	0.7682	0.7574	0.7460	0.7356	0.7256	0.7209	0.7185	0.7120	0.7103	0.7086	0.7092	0.7072	0.7031	0.6981	0.6958	0.6988	0.7040	0.7084	0.7090	0.7077	0.7055	0.7047	0.7034	0.7026	0.7052
362	H12	0.00	0.00	0.00	0.00	0.00	0.00	6.00	0.4174	0.5375	0.6454	0.7143	0.7544	0.7705	0.7759	0.7773	0.7744	0.7661	0.7541	0.7389	0.7224	0.7058	0.6891	0.6753	0.6697	0.6660	0.6583	0.6557	0.6555	0.6589	0.6593	0.6554	0.6494	0.6478	0.6539	0.6635	0.6723	0.6756	0.6755	0.6734	0.6721	0.6714	0.6723	0.6774
363	H13	0.00	0.00	0.00	0.00	0.00	0.00	94.00	0.0447	0.1009	0.1670	0.2223	0.2674	0.3040	0.3280	0.3241	0.2916	0.2384	0.1694	0.0973	0.0476	0.0232	0.0126	0.0096	0.0090	0.0089	0.0090	0.0095	0.0104	0.0123	0.0141	0.0136	0.0118	0.0121	0.0162	0.0277	0.0481	0.0687	0.0794	0.0805	0.0740	0.0689	0.0752	0.0940
364	H14	0.00	0.00	0.00	0.00	0.00	0.00	96.00	0.0383	0.0885	0.1535	0.2079	0.2509	0.2867	0.3083	0.3043	0.2720	0.2195	0.1526	0.0844	0.0394	0.0191	0.0109	0.0087	0.0083	0.0080	0.0081	0.0087	0.0095	0.0108	0.0119	0.0112	0.0100	0.0104	0.0136	0.0232	0.0410	0.0589	0.0682	0.0687	0.0628	0.0582	0.0640	0.0810
365	H15	0.00	0.00	0.00	0.00	0.00	0.00	98.00	0.0322	0.0816	0.1427	0.1961	0.2403	0.2755	0.2975	0.2929	0.2604	0.2082	0.1424	0.0764	0.0347	0.0165	0.0095	0.0079	0.0073	0.0071	0.0071	0.0076	0.0082	0.0092	0.0101	0.0096	0.0084	0.0089	0.0117	0.0198	0.0357	0.0524	0.0611	0.0616	0.0562	0.0519	0.0574	0.0732
366	H16	0.00	0.00	25.00	0.00	0.00	0.00	0.00	0.3632	0.4363	0.4902	0.5148	0.5246	0.5288	0.5335	0.5474	0.5669	0.5777	0.5911	0.6298	0.6897	0.7446	0.7740	0.7802	0.7808	0.7799	0.7758	0.7750	0.7708	0.7671	0.7625	0.7588	0.7552	0.7521	0.7510	0.7498	0.7483	0.7447	0.7409	0.7369	0.7353	0.7344	0.7329	0.7345
367	H17	0.00	0.00	74.81	0.00	0.19	0.07	0.00	0.2028	0.2089	0.2008	0.1894	0.1802	0.1770	0.1803	0.1960	0.2231	0.2406	0.2641	0.3376	0.4737	0.6274	0.7299	0.7633	0.7709	0.7719	0.7666	0.7642	0.7587	0.7541	0.7485	0.7443	0.7409	0.7388	0.7392	0.7392	0.7385	0.7346	0.7284	0.7243	0.7257	0.7266	0.7261	0.7269
368	H18	0.00	12.00	12.00	0.00	0.00	0.00	0.00	0.3767	0.4567	0.5206	0.5560	0.5746	0.5826	0.5885	0.5967	0.6049	0.6040	0.6027	0.6147	0.6325	0.6413	0.6368	0.6280	0.6239	0.6162	0.6000	0.5907	0.6148	0.6774	0.7266	0.7461	0.7507	0.7503	0.7501	0.7491	0.7478	0.7441	0.7402	0.7363	0.7350	0.7342	0.7327	0.7334
369	H19	0.00	12.00	19.00	0.00	12.00	0.00	0.00	0.3238	0.3757	0.4119	0.4304	0.4407	0.4437	0.4453	0.4470	0.4453	0.4343	0.4249	0.4294	0.4427	0.4529	0.4542	0.4517	0.4537	0.4604	0.4740	0.5080	0.5722	0.6583	0.7183	0.7429	0.7494	0.7498	0.7501	0.7494	0.7481	0.7449	0.7407	0.7373	0.7367	0.7354	0.7339	0.7338
370	H20	0.00	12.00	31.00	0.00	12.00	0.00	0.00	0.2949	0.3332	0.3555	0.3656	0.3693	0.3700	0.3708	0.3755	0.3792	0.3732	0.3691	0.3830	0.4108	0.4346	0.4428	0.4429	0.4462	0.4536	0.4683	0.5034	0.5681	0.6541	0.7144	0.7383	0.7444	0.7447	0.7445	0.7437	0.7426	0.7390	0.7349	0.7315	0.7304	0.7298	0.7278	0.7271
371	H21	0.00	12.00	50.00	0.00	0.00	0.00	0.00	0.2742	0.3046	0.3195	0.3225	0.3200	0.3192	0.3240	0.3381	0.3598	0.3712	0.3852	0.4326	0.5105	0.5809	0.6118	0.6141	0.6128	0.6059	0.5888	0.5786	0.6049	0.6728	0.7248	0.7453	0.7498	0.7495	0.7500	0.7494	0.7480	0.7446	0.7401	0.7361	0.7356	0.7348	0.7334	0.7342
372	H22	0.27	6.38	59.12	0.00	17.49	0.00	0.00	0.2118	0.2213	0.2208	0.2140	0.2072	0.2050	0.2064	0.2145	0.2260	0.2284	0.2339	0.2664	0.3256	0.3834	0.4150	0.4250	0.4331	0.4480	0.4788	0.5378	0.6161	0.6915	0.7346	0.7497	0.7523	0.7513	0.7511	0.7501	0.7483	0.7445	0.7402	0.7358	0.7346	0.7337	0.7312	0.7307
373	H23	0.25	0.25	75.18	0.00	23.27	0.00	0.00	0.1591	0.1504	0.1361	0.1229	0.1135	0.1095	0.1106	0.1197	0.1331	0.1386	0.1472	0.1861	0.2573	0.3301	0.3742	0.3908	0.4029	0.4254	0.4739	0.5624	0.6594	0.7241	0.7504	0.7580	0.7582	0.7563	0.7557	0.7547	0.7530	0.7493	0.7441	0.7398	0.7388	0.7371	0.7348	0.7338
374	H24	0.21	0.21	87.16	0.00	23.43	0.00	0.00	0.1206	0.1042	0.0835	0.0675	0.0573	0.0543	0.0556	0.0646	0.0808	0.0893	0.1020	0.1471	0.2303	0.3181	0.3718	0.3918	0.4050	0.4275	0.4750	0.5618	0.6572	0.7208	0.7465	0.7536	0.7534	0.7515	0.7508	0.7497	0.7480	0.7440	0.7392	0.7350	0.7341	0.7333	0.7305	0.7290
375	H25	0.11	0.11	99.93	0.00	23.37	0.00	0.00	0.0849	0.0632	0.0446	0.0330	0.0255	0.0237	0.0242	0.0304	0.0416	0.0491	0.0605	0.1032	0.1906	0.2925	0.3597	0.3858	0.4012	0.4253	0.4738	0.5613	0.6562	0.7189	0.7437	0.7501	0.7500	0.7483	0.7480	0.7473	0.7463	0.7436	0.7387	0.7348	0.7348	0.7344	0.7329	0.7326
376	H26	0.00	25.00	0.00	0.00	0.00	0.00	0.00	0.3935	0.4807	0.5542	0.6020	0.6299	0.6439	0.6502	0.6496	0.6384	0.6191	0.5974	0.5776	0.5577	0.5342	0.5093	0.4932	0.4864	0.4746	0.4520	0.4386	0.4792	0.5878	0.6857	0.7318	0.7473	0.7505	0.7517	0.7514	0.7503	0.7473	0.7438	0.7402	0.7387	0.7374	0.7353	0.7359
377	H27	0.00	19.00	12.00	0.00	12.00	0.00	0.00	0.3311	0.3844	0.4227	0.4419	0.4521	0.4557	0.4580	0.4574	0.4506	0.4342	0.4192	0.4154	0.4183	0.4180	0.4116	0.4053	0.4058	0.4089	0.4155	0.4410	0.5069	0.6136	0.6984	0.7359	0.7476	0.7497	0.7505	0.7501	0.7488	0.7456	0.7416	0.7382	0.7374	0.7368	0.7351	0.7345
378	H28	0.33	20.88	20.40	0.00	17.71	0.00	0.00	0.2905	0.3298	0.3548	0.3664	0.3724	0.3749	0.3761	0.3760	0.3696	0.3538	0.3397	0.3389	0.3469	0.3525	0.3497	0.3456	0.3477	0.3536	0.3670	0.4024	0.4790	0.5962	0.6903	0.7332	0.7468	0.7499	0.7511	0.7506	0.7497	0.7460	0.7415	0.7381	0.7375	0.7373	0.7353	0.7350
379	H29	0.29	22.79	33.19	0.00	12.20	0.00	0.00	0.2751	0.3056	0.3210	0.3257	0.3288	0.3304	0.3328	0.3359	0.3366	0.3269	0.3189	0.3284	0.3510	0.3682	0.3699	0.3660	0.3673	0.3706	0.3768	0.4009	0.4694	0.5887	0.6889	0.7355	0.7510	0.7540	0.7550	0.7542	0.7522	0.7487	0.7445	0.7409	0.7401	0.7392	0.7369	0.7354
380	H30	0.32	19.49	46.11	0.00	19.03	0.00	0.00	0.2296	0.2451	0.2515	0.2505	0.2484	0.2480	0.2492	0.2520	0.2541	0.2475	0.2424	0.2572	0.2884	0.3163	0.3268	0.3281	0.3326	0.3415	0.3601	0.4033	0.4864	0.6058	0.6997	0.7421	0.7553	0.7578	0.7581	0.7568	0.7548	0.7509	0.7463	0.7423	0.7408	0.7396	0.7373	0.7363
381	H31	0.35	13.16	55.76	0.00	36.66	0.00	0.00	0.1878	0.1879	0.1810	0.1741	0.1699	0.1673	0.1663	0.1661	0.1639	0.1541	0.1477	0.1569	0.1799	0.2027	0.2148	0.2193	0.2263	0.2436	0.2849	0.3693	0.4911	0.6193	0.7055	0.7424	0.7541	0.7559	0.7567	0.7557	0.7541	0.7508	0.7470	0.7431	0.7413	0.7392	0.7368	0.7348
382	H32	0.22	12.16	69.18	0.00	37.79	0.00	0.00	0.1562	0.1517	0.1417	0.1330	0.1275	0.1244	0.1239	0.1263	0.1274	0.1219	0.1192	0.1332	0.1627	0.1915	0.2073	0.2139	0.2226	0.2415	0.2852	0.3732	0.4969	0.6237	0.7064	0.7411	0.7516	0.7533	0.7543	0.7538	0.7526	0.7491	0.7443	0.7403	0.7393	0.7382	0.7355	0.7334
383	H33	0.32	0.32	87.22	0.00	49.40	0.00	0.00	0.1037	0.0884	0.0722	0.0603	0.0531	0.0507	0.0502	0.0530	0.0567	0.0550	0.0552	0.0687	0.0955	0.1225	0.1398	0.1482	0.1584	0.1832	0.2464	0.3772	0.5434	0.6682	0.7270	0.7466	0.7511	0.7504	0.7504	0.7497	0.7486	0.7451	0.7407	0.7371	0.7366	0.7359	0.7334	0.7309
384	H34	0.00	0.00	99.89	0.00	50.44	0.07	0.00	0.0677	0.0475	0.0338	0.0252	0.0207	0.0186	0.0193	0.0226	0.0279	0.0299	0.0336	0.0505	0.0826	0.1166	0.1379	0.1480	0.1587	0.1837	0.2470	0.3770	0.5416	0.6655	0.7238	0.7432	0.7478	0.7479	0.7481	0.7476	0.7467	0.7438	0.7388	0.7345	0.7344	0.7341	0.7320	0.7303
385	H35	0.00	31.00	12.00	0.00	12.00	0.00	0.00	0.3095	0.3513	0.3816	0.3981	0.4085	0.4143	0.4166	0.4142	0.4040	0.3829	0.3634	0.3537	0.3505	0.3447	0.3332	0.3249	0.3240	0.3247	0.3263	0.3439	0.4102	0.5398	0.6590	0.7191	0.7405	0.7454	0.7473	0.7471	0.7458	0.7428	0.7395	0.7365	0.7353	0.7336	0.7313	0.7299
386	H36	0.29	33.19	22.79	0.00	12.20	0.00	0.00	0.2812	0.3116	0.3327	0.3438	0.3505	0.3548	0.3577	0.3585	0.3530	0.3360	0.3204	0.3179	0.3232	0.3233	0.3134	0.3049	0.3039	0.3027	0.3003	0.3128	0.3789	0.5187	0.6502	0.7169	0.7410	0.7474	0.7497	0.7498	0.7491	0.7466	0.7432	0.7399	0.7379	0.7365	0.7341	0.7335
387	H37	0.39	31.77	30.23	0.00	24.32	0.00	0.00	0.2460	0.2675	0.2769	0.2804	0.2821	0.2834	0.2844	0.2837	0.2768	0.2609	0.2474	0.2475	0.2573	0.2634	0.2600	0.2558	0.2576	0.2620	0.2713	0.3006	0.3785	0.5178	0.6447	0.7088	0.7318	0.7385	0.7418	0.7431	0.7432	0.7410	0.7383	0.7359	0.7343	0.7330	0.7305	0.7291
388	H38	0.36	27.16	44.60	0.00	30.84	0.00	0.00	0.2100	0.2198	0.2232	0.2205	0.2186	0.2177	0.2178	0.2176	0.2130	0.2001	0.1901	0.1948	0.2112	0.2254	0.2289	0.2283	0.2321	0.2414	0.2623	0.3106	0.4043	0.5441	0.6630	0.7212	0.7417	0.7472	0.7494	0.7496	0.7490	0.7464	0.7429	0.7396	0.7383	0.7368	0.7346	0.7332
389	H39	0.37	20.24	55.75	0.00	46.39	0.00	0.00	0.1614	0.1587	0.1487	0.1408	0.1368	0.1342	0.1325	0.1293	0.1217	0.1088	0.0991	0.1001	0.1107	0.1221	0.1282	0.1310	0.1372	0.1535	0.1946	0.2807	0.4110	0.5598	0.6717	0.7248	0.7437	0.7485	0.7507	0.7509	0.7500	0.7470	0.7433	0.7398	0.7384	0.7373	0.7350	0.7332
390	H40	0.24	17.60	66.50	0.00	56.36	0.00	0.00	0.1324	0.1218	0.1110	0.1039	0.0992	0.0962	0.0945	0.0916	0.0846	0.0735	0.0661	0.0664	0.0730	0.0809	0.0859	0.0889	0.0950	0.1125	0.1593	0.2606	0.4098	0.5673	0.6784	0.7298	0.7474	0.7519	0.7536	0.7529	0.7518	0.7488	0.7449	0.7412	0.7401	0.7389	0.7363	0.7340
391	H41	0.31	7.12	83.77	0.00	66.83	0.00	0.00	0.0887	0.0720	0.0575	0.0494	0.0445	0.0421	0.0411	0.0398	0.0364	0.0303	0.0266	0.0281	0.0327	0.0377	0.0412	0.0434	0.0488	0.0659	0.1193	0.2454	0.4295	0.5957	0.6931	0.7320	0.7441	0.7464	0.7474	0.7469	0.7458	0.7433	0.7394	0.7360	0.7354	0.7338	0.7312	0.7291
392	H42	0.00	0.00	99.83	0.00	74.46	0.09	0.00	0.0524	0.0360	0.0251	0.0190	0.0159	0.0148	0.0146	0.0158	0.0166	0.0156	0.0157	0.0190	0.0232	0.0263	0.0279	0.0287	0.0324	0.0469	0.0983	0.2337	0.4373	0.6106	0.7028	0.7377	0.7481	0.7502	0.7512	0.7505	0.7495	0.7462	0.7414	0.7371	0.7362	0.7357	0.7328	0.7305
393	H43	0.00	50.00	12.00	0.00	0.00	0.00	0.00	0.3042	0.3427	0.3714	0.3880	0.4003	0.4100	0.4172	0.4189	0.4107	0.3894	0.3662	0.3521	0.3398	0.3191	0.2904	0.2717	0.2645	0.2504	0.2246	0.2093	0.2628	0.4244	0.5970	0.6928	0.7302	0.7417	0.7466	0.7476	0.7468	0.7441	0.7411	0.7384	0.7369	0.7354	0.7339	0.7330
394	H44	0.34	46.40	19.33	0.00	18.85	0.00	0.00	0.2494	0.2691	0.2818	0.2877	0.2936	0.2972	0.2997	0.2967	0.2830	0.2596	0.2374	0.2252	0.2189	0.2101	0.1963	0.1870	0.1860	0.1850	0.1840	0.1990	0.2711	0.4347	0.6042	0.6982	0.7350	0.7459	0.7496	0.7501	0.7494	0.7464	0.7429	0.7394	0.7379	0.7364	0.7335	0.7322
395	H45	0.36	44.60	27.16	0.00	30.84	0.00	0.00	0.2158	0.2246	0.2274	0.2281	0.2293	0.2310	0.2313	0.2268	0.2136	0.1920	0.1733	0.1648	0.1631	0.1601	0.1531	0.1481	0.1490	0.1530	0.1635	0.1947	0.2783	0.4404	0.6041	0.6951	0.7308	0.7413	0.7450	0.7456	0.7448	0.7422	0.7389	0.7359	0.7344	0.7329	0.7302	0.7288
396	H46	0.39	44.24	44.19	0.00	34.36	0.00	0.00	0.1815	0.1864	0.1832	0.1794	0.1780	0.1775	0.1777	0.1761	0.1671	0.1510	0.1376	0.1351	0.1404	0.1437	0.1404	0.1371	0.1389	0.1442	0.1573	0.1929	0.2795	0.4425	0.6065	0.6980	0.7339	0.7444	0.7483	0.7489	0.7481	0.7451	0.7417	0.7382	0.7368	0.7356	0.7329	0.7310
397	H47	0.26	39.57	53.29	0.00	51.18	0.00	0.00	0.1421	0.1373	0.1288	0.1211	0.1176	0.1160	0.1148	0.1108	0.1011	0.0866	0.0758	0.0738	0.0780	0.0827	0.0841	0.0843	0.0881	0.0988	0.1268	0.1885	0.2969	0.4589	0.6122	0.6976	0.7318	0.7420	0.7461	0.7469	0.7463	0.7438	0.7402	0.7369	0.7352	0.7335	0.7309	0.7293
398	H48	0.32	29.25	68.89	0.00	64.99	0.00	0.00	0.1100	0.0975	0.0872	0.0800	0.0749	0.0728	0.0711	0.0676	0.0599	0.0495	0.0423	0.0415	0.0452	0.0498	0.0525	0.0541	0.0583	0.0717	0.1094	0.1939	0.3275	0.4921	0.6304	0.7032	0.7311	0.7396	0.7435	0.7446	0.7447	0.7426	0.7396	0.7366	0.7357	0.7350	0.7328	0.7312
399	H49	0.28	16.75	80.97	0.00	83.17	0.00	0.00	0.0782	0.0626	0.0502	0.0433	0.0399	0.0374	0.0361	0.0335	0.0280	0.0213	0.0176	0.0174	0.0189	0.0201	0.0208	0.0212	0.0237	0.0341	0.0718	0.1744	0.3440	0.5242	0.6505	0.7097	0.7308	0.7362	0.7386	0.7391	0.7385	0.7361	0.7327	0.7300	0.7296	0.7292	0.7271	0.7253
400	H50	0.27	59.12	6.38	0.00	17.49	0.00	0.00	0.2545	0.2774	0.2925	0.3038	0.3133	0.3211	0.3246	0.3185	0.2979	0.2671	0.2373	0.2148	0.1964	0.1767	0.1556	0.1435	0.1408	0.1358	0.1272	0.1298	0.1903	0.3607	0.5578	0.6758	0.7245	0.7402	0.7460	0.7477	0.7477	0.7452	0.7424	0.7394	0.7384	0.7372	0.7349	0.7334
401	I1	0.27	54.47	15.60	0.00	34.27	0.00	0.00	0.2271	0.2401	0.2472	0.2518	0.2562	0.2587	0.2596	0.2532	0.2360	0.2109	0.1889	0.1753	0.1662	0.1565	0.1449	0.1380	0.1375	0.1384	0.1425	0.1642	0.2371	0.3985	0.5753	0.6796	0.7224	0.7357	0.7409	0.7424	0.7423	0.7398	0.7369	0.7338	0.7327	0.7315	0.7303	0.7287
402	I2	0.37	55.75	20.24	0.00	46.39	0.00	0.00	0.1915	0.1939	0.1919	0.1924	0.1932	0.1941	0.1934	0.1860	0.1684	0.1453	0.1261	0.1146	0.1082	0.1021	0.0947	0.0903	0.0909	0.0942	0.1040	0.1333	0.2120	0.3785	0.5634	0.6736	0.7195	0.7344	0.7401	0.7420	0.7424	0.7405	0.7379	0.7350	0.7342	0.7331	0.7313	0.7302
403	I3	0.22	51.39	39.88	0.00	51.49	0.00	0.00	0.1572	0.1524	0.1465	0.1421	0.1410	0.1398	0.1378	0.1326	0.1201	0.1025	0.0891	0.0830	0.0820	0.0814	0.0785	0.0764	0.0779	0.0837	0.0998	0.1399	0.2282	0.3957	0.5748	0.6804	0.7239	0.7378	0.7431	0.7448	0.7449	0.7426	0.7397	0.7368	0.7354	0.7341	0.7323	0.7310
404	I4	0.31	46.03	46.77	0.00	70.13	0.00	0.00	0.1207	0.1101	0.0985	0.0924	0.0887	0.0862	0.0837	0.0775	0.0650	0.0506	0.0406	0.0365	0.0360	0.0369	0.0373	0.0374	0.0398	0.0484	0.0745	0.1366	0.2468	0.4143	0.5823	0.6809	0.7217	0.7350	0.7402	0.7416	0.7423	0.7405	0.7381	0.7354	0.7348	0.7337	0.7318	0.7307
405	I5	0.31	39.52	65.43	0.00	79.32	0.00	0.00	0.0887	0.0759	0.0640	0.0569	0.0522	0.0508	0.0484	0.0440	0.0354	0.0261	0.0207	0.0192	0.0200	0.0209	0.0212	0.0215	0.0235	0.0317	0.0599	0.1333	0.2621	0.4358	0.5959	0.6870	0.7239	0.7353	0.7400	0.7415	0.7421	0.7407	0.7381	0.7354	0.7348	0.7338	0.7321	0.7302
406	I6	0.33	31.09	77.99	0.00	92.64	0.00	0.00	0.0617	0.0456	0.0360	0.0309	0.0278	0.0259	0.0249	0.0228	0.0181	0.0138	0.0120	0.0128	0.0141	0.0143	0.0139	0.0132	0.0137	0.0183	0.0394	0.1113	0.2555	0.4433	0.6047	0.6931	0.7284	0.7396	0.7441	0.7452	0.7454	0.7432	0.7406	0.7373	0.7355	0.7340	0.7311	0.7284
407	I7	0.24	23.55	99.95	0.00	99.62	0.00	0.00	0.0306	0.0207	0.0149	0.0126	0.0109	0.0110	0.0110	0.0109	0.0107	0.0105	0.0113	0.0140	0.0163	0.0164	0.0151	0.0138	0.0134	0.0163	0.0345	0.1064	0.2614	0.4576	0.6133	0.6931	0.7237	0.7334	0.7384	0.7410	0.7421	0.7408	0.7381	0.7353	0.7349	0.7335	0.7311	0.7286
408	I8	0.00	74.81	0.00	0.00	0.07	0.00	0.19	0.2677	0.2951	0.3151	0.3340	0.3513	0.3657	0.3762	0.3709	0.3457	0.3068	0.2668	0.2319	0.1984	0.1628	0.1276	0.1080	0.1011	0.0884	0.0669	0.0554	0.1031	0.2796	0.5034	0.6427	0.7021	0.7225	0.7309	0.7350	0.7373	0.7366	0.7348	0.7333	0.7330	0.7321	0.7305	0.7302
409	I9	0.25	75.18	0.25	0.00	23.27	0.00	0.00	0.2261	0.2371	0.2431	0.2516	0.2613	0.2693	0.2741	0.2643	0.2367	0.2006	0.1672	0.1406	0.1181	0.0965	0.0763	0.0654	0.0623	0.0570	0.0477	0.0462	0.0963	0.2716	0.4995	0.6449	0.7075	0.7285	0.7373	0.7411	0.7423	0.7409	0.7388	0.7371	0.7369	0.7356	0.7342	0.7331
410	I10	0.22	69.18	12.16	0.00	37.79	0.00	0.00	0.1930	0.1958	0.1940	0.1962	0.1999	0.2031	0.2046	0.1970	0.1765	0.1488	0.1248	0.1081	0.0956	0.0833	0.0708	0.0636	0.0624	0.0609	0.0591	0.0675	0.1271	0.3027	0.5201	0.6556	0.7136	0.7333	0.7407	0.7434	0.7441	0.7420	0.7397	0.7370	0.7363	0.7358	0.7339	0.7317
411	I11	0.24	66.50	17.60	0.00	56.36	0.00	0.00	0.1565	0.1485	0.1414	0.1398	0.1391	0.1384	0.1377	0.1289	0.1097	0.0873	0.0701	0.0590	0.0525	0.0475	0.0428	0.0402	0.0408	0.0436	0.0518	0.0747	0.1424	0.3112	0.5199	0.6526	0.7105	0.7299	0.7380	0.7412	0.7422	0.7409	0.7385	0.7362	0.7355	0.7342	0.7324	0.7313
412	I12	0.28	68.29	28.51	0.00	65.77	0.00	0.00	0.1269	0.1161	0.1052	0.0994	0.0977	0.0968	0.0945	0.0870	0.0714	0.0538	0.0413	0.0348	0.0318	0.0299	0.0281	0.0269	0.0280	0.0318	0.0430	0.0703	0.1396	0.3052	0.5130	0.6482	0.7079	0.7286	0.7364	0.7397	0.7413	0.7400	0.7382	0.7357	0.7349	0.7340	0.7323	0.7305
413	I13	0.31	65.70	39.59	0.00	79.10	0.00	0.00	0.0966	0.0830	0.0712	0.0647	0.0613	0.0597	0.0577	0.0515	0.0393	0.0272	0.0200	0.0168	0.0161	0.0159	0.0158	0.0156	0.0165	0.0211	0.0355	0.0721	0.1505	0.3119	0.5102	0.6409	0.6996	0.7202	0.7286	0.7326	0.7344	0.7336	0.7316	0.7303	0.7298	0.7288	0.7277	0.7271
414	I14	0.32	60.81	61.04	0.00	85.40	0.00	0.00	0.0747	0.0601	0.0496	0.0441	0.0410	0.0396	0.0376	0.0336	0.0262	0.0186	0.0146	0.0139	0.0145	0.0148	0.0146	0.0142	0.0147	0.0189	0.0344	0.0774	0.1666	0.3310	0.5235	0.6482	0.7034	0.7226	0.7303	0.7335	0.7352	0.7343	0.7324	0.7302	0.7302	0.7297	0.7278	0.7261
415	I15	0.19	50.42	74.45	0.00	99.69	0.00	0.00	0.0549	0.0403	0.0329	0.0272	0.0250	0.0236	0.0224	0.0204	0.0162	0.0124	0.0109	0.0119	0.0132	0.0136	0.0130	0.0121	0.0123	0.0150	0.0290	0.0785	0.1870	0.3605	0.5419	0.6532	0.7016	0.7190	0.7276	0.7325	0.7353	0.7348	0.7323	0.7295	0.7297	0.7286	0.7265	0.7239
416	I16	0.17	49.49	99.92	0.00	99.72	0.00	0.00	0.0322	0.0224	0.0161	0.0135	0.0121	0.0111	0.0109	0.0117	0.0112	0.0103	0.0111	0.0138	0.0165	0.0169	0.0156	0.0142	0.0137	0.0161	0.0293	0.0777	0.1873	0.3642	0.5470	0.6588	0.7074	0.7243	0.7313	0.7347	0.7368	0.7352	0.7328	0.7306	0.7308	0.7306	0.7280	0.7260
417	I17	0.21	87.16	0.21	0.00	23.43	0.00	0.00	0.1962	0.2016	0.2040	0.2122	0.2209	0.2287	0.2337	0.2245	0.1976	0.1627	0.1308	0.1060	0.0856	0.0668	0.0500	0.0411	0.0386	0.0343	0.0273	0.0258	0.0615	0.2168	0.4539	0.6207	0.6976	0.7242	0.7339	0.7370	0.7375	0.7351	0.7318	0.7291	0.7284	0.7271	0.7257	0.7242
418	I18	0.32	87.22	0.32	0.00	49.40	0.00	0.00	0.1556	0.1498	0.1449	0.1444	0.1477	0.1504	0.1514	0.1409	0.1169	0.0897	0.0679	0.0530	0.0425	0.0343	0.0274	0.0238	0.0231	0.0224	0.0213	0.0241	0.0595	0.2097	0.4445	0.6144	0.6954	0.7242	0.7349	0.7389	0.7401	0.7384	0.7365	0.7344	0.7334	0.7327	0.7304	0.7288
419	I19	0.31	83.77	7.12	0.00	66.83	0.00	0.00	0.1196	0.1079	0.0990	0.0949	0.0940	0.0942	0.0927	0.0832	0.0646	0.0453	0.0323	0.0249	0.0207	0.0182	0.0165	0.0155	0.0156	0.0170	0.0198	0.0276	0.0690	0.2242	0.4552	0.6190	0.6964	0.7237	0.7338	0.7374	0.7385	0.7368	0.7339	0.7308	0.7300	0.7291	0.7268	0.7250
420	I20	0.28	80.97	16.75	0.00	83.17	0.00	0.00	0.0948	0.0796	0.0675	0.0618	0.0592	0.0575	0.0551	0.0478	0.0347	0.0225	0.0158	0.0126	0.0115	0.0114	0.0113	0.0110	0.0114	0.0134	0.0195	0.0352	0.0854	0.2397	0.4632	0.6222	0.6973	0.7242	0.7346	0.7385	0.7404	0.7393	0.7376	0.7357	0.7350	0.7342	0.7319	0.7303
421	I21	0.33	77.99	31.09	0.00	92.64	0.00	0.00	0.0709	0.0542	0.0434	0.0391	0.0359	0.0347	0.0330	0.0283	0.0203	0.0139	0.0107	0.0100	0.0100	0.0101	0.0101	0.0096	0.0098	0.0116	0.0183	0.0395	0.0992	0.2540	0.4710	0.6266	0.7007	0.7272	0.7369	0.7401	0.7406	0.7381	0.7346	0.7314	0.7303	0.7285	0.7261	0.7240
422	I22	0.19	74.45	50.42	0.00	99.69	0.00	0.00	0.0546	0.0408	0.0328	0.0283	0.0259	0.0244	0.0235	0.0205	0.0151	0.0110	0.0098	0.0102	0.0110	0.0113	0.0109	0.0104	0.0102	0.0115	0.0181	0.0420	0.1081	0.2640	0.4755	0.6262	0.6984	0.7247	0.7351	0.7393	0.7417	0.7406	0.7389	0.7362	0.7351	0.7343	0.7318	0.7293
423	I23	0.21	74.45	74.44	0.00	99.66	0.00	0.00	0.0441	0.0314	0.0240	0.0213	0.0196	0.0178	0.0173	0.0160	0.0128	0.0105	0.0100	0.0112	0.0127	0.0132	0.0125	0.0115	0.0112	0.0122	0.0184	0.0418	0.1076	0.2638	0.4747	0.6242	0.6956	0.7215	0.7319	0.7357	0.7373	0.7360	0.7335	0.7311	0.7307	0.7291	0.7267	0.7246
424	I24	0.10	74.53	99.94	0.00	99.84	0.00	0.00	0.0278	0.0190	0.0151	0.0125	0.0118	0.0113	0.0111	0.0111	0.0106	0.0102	0.0114	0.0137	0.0161	0.0167	0.0155	0.0141	0.0130	0.0138	0.0195	0.0418	0.1070	0.2653	0.4778	0.6271	0.6977	0.7234	0.7334	0.7374	0.7391	0.7378	0.7350	0.7324	0.7326	0.7318	0.7289	0.7264
425	I25	0.11	99.93	0.11	0.00	23.37	0.00	0.00	0.1540	0.1493	0.1463	0.1500	0.1564	0.1636	0.1688	0.1604	0.1356	0.1049	0.0784	0.0589	0.0443	0.0322	0.0225	0.0179	0.0166	0.0152	0.0135	0.0149	0.0347	0.1515	0.3832	0.5767	0.6773	0.7154	0.7296	0.7351	0.7370	0.7360	0.7339	0.7318	0.7314	0.7304	0.7290	0.7273
426	I26	0.00	99.89	0.00	0.00	50.44	0.00	0.07	0.1193	0.1097	0.1036	0.1030	0.1048	0.1088	0.1106	0.1016	0.0812	0.0587	0.0417	0.0308	0.0237	0.0184	0.0143	0.0125	0.0121	0.0121	0.0123	0.0149	0.0347	0.1488	0.3788	0.5749	0.6785	0.7182	0.7333	0.7384	0.7401	0.7390	0.7370	0.7347	0.7340	0.7333	0.7314	0.7292
427	I27	0.00	99.83	0.00	0.00	74.46	0.00	0.09	0.0866	0.0741	0.0626	0.0580	0.0576	0.0572	0.0563	0.0487	0.0343	0.0220	0.0146	0.0109	0.0094	0.0089	0.0086	0.0083	0.0083	0.0090	0.0106	0.0138	0.0321	0.1402	0.3677	0.5683	0.6771	0.7198	0.7358	0.7409	0.7417	0.7399	0.7376	0.7346	0.7338	0.7334	0.7316	0.7288
428	I28	0.24	99.95	23.55	0.00	99.62	0.00	0.00	0.0465	0.0340	0.0258	0.0229	0.0209	0.0198	0.0194	0.0168	0.0124	0.0094	0.0084	0.0086	0.0089	0.0092	0.0093	0.0088	0.0086	0.0091	0.0106	0.0138	0.0304	0.1328	0.3571	0.5589	0.6695	0.7134	0.7300	0.7351	0.7374	0.7371	0.7351	0.7340	0.7354	0.7365	0.7352	0.7317
429	I29	0.17	99.92	49.49	0.00	99.72	0.00	0.00	0.0408	0.0291	0.0219	0.0195	0.0186	0.0174	0.0165	0.0149	0.0117	0.0095	0.0091	0.0100	0.0108	0.0114	0.0110	0.0102	0.0099	0.0102	0.0116	0.0147	0.0314	0.1354	0.3603	0.5617	0.6725	0.7161	0.7326	0.7381	0.7405	0.7402	0.7389	0.7377	0.7387	0.7385	0.7363	0.7329
430	I30	0.10	99.94	74.53	0.00	99.84	0.00	0.00	0.0300	0.0208	0.0166	0.0146	0.0140	0.0138	0.0135	0.0125	0.0107	0.0092	0.0096	0.0110	0.0126	0.0131	0.0125	0.0115	0.0108	0.0109	0.0123	0.0153	0.0315	0.1341	0.3584	0.5595	0.6697	0.7141	0.7318	0.7379	0.7402	0.7386	0.7359	0.7339	0.7344	0.7348	0.7339	0.7322
431	I31	12.00	0.00	12.00	0.00	0.00	0.00	0.00	0.3677	0.4631	0.5389	0.5814	0.6054	0.6159	0.6242	0.6373	0.6529	0.6603	0.6693	0.6946	0.7297	0.7561	0.7637	0.7533	0.7376	0.7176	0.6915	0.6695	0.6497	0.6351	0.6221	0.6121	0.6069	0.6050	0.6072	0.6117	0.6158	0.6147	0.6094	0.6045	0.6008	0.5985	0.6016	0.6114
432	I32	12.00	0.00	19.00	0.00	0.00	12.00	0.00	0.2994	0.3734	0.4347	0.4718	0.4950	0.5113	0.5272	0.5485	0.5757	0.5957	0.6143	0.6489	0.6946	0.7301	0.7399	0.7261	0.7036	0.6748	0.6383	0.6044	0.5698	0.5374	0.5071	0.4862	0.4750	0.4701	0.4691	0.4718	0.4786	0.4849	0.4899	0.4948	0.4992	0.5006	0.5029	0.5112
433	I33	12.00	0.00	31.00	0.00	0.00	12.00	0.00	0.2731	0.3315	0.3742	0.3972	0.4126	0.4236	0.4366	0.4583	0.4879	0.5092	0.5302	0.5765	0.6451	0.7051	0.7297	0.7210	0.6998	0.6714	0.6347	0.5999	0.5645	0.5313	0.5003	0.4786	0.4677	0.4630	0.4625	0.4658	0.4731	0.4804	0.4861	0.4916	0.4964	0.4984	0.5005	0.5087
434	I34	12.00	0.00	50.00	0.00	0.00	0.00	0.00	0.2617	0.2998	0.3207	0.3246	0.3223	0.3224	0.3282	0.3462	0.3737	0.3912	0.4131	0.4753	0.5786	0.6813	0.7366	0.7429	0.7319	0.7134	0.6871	0.6645	0.6440	0.6289	0.6156	0.6058	0.6008	0.5998	0.6023	0.6073	0.6128	0.6124	0.6058	0.5995	0.5964	0.5957	0.5998	0.6102
435	I35	6.38	0.27	59.12	0.00	0.00	17.49	0.00	0.1958	0.2164	0.2244	0.2240	0.2245	0.2281	0.2368	0.2581	0.2916	0.3161	0.3442	0.4142	0.5308	0.6488	0.7129	0.7197	0.7044	0.6791	0.6449	0.6115	0.5743	0.5364	0.5005	0.4763	0.4633	0.4571	0.4544	0.4551	0.4607	0.4688	0.4782	0.4879	0.4975	0.5015	0.5025	0.5071
436	I36	0.25	0.25	75.18	0.00	0.00	23.27	0.00	0.1411	0.1386	0.1314	0.1227	0.1170	0.1188	0.1256	0.1451	0.1778	0.2029	0.2328	0.3135	0.4565	0.6104	0.7011	0.7183	0.7067	0.6834	0.6508	0.6165	0.5749	0.5290	0.4852	0.4562	0.4407	0.4327	0.4277	0.4252	0.4292	0.4395	0.4538	0.4695	0.4849	0.4925	0.4922	0.4934
437	I37	0.21	0.21	87.16	0.00	0.00	23.43	0.00	0.1083	0.0999	0.0826	0.0691	0.0615	0.0608	0.0646	0.0802	0.1085	0.1303	0.1589	0.2422	0.3993	0.5762	0.6860	0.7117	0.7033	0.6811	0.6485	0.6141	0.5717	0.5249	0.4800	0.4499	0.4338	0.4253	0.4204	0.4183	0.4227	0.4338	0.4488	0.4650	0.4803	0.4880	0.4879	0.4897
438	I38	0.11	0.11	99.93	0.00	0.00	23.37	0.00	0.0702	0.0573	0.0437	0.0322	0.0261	0.0249	0.0266	0.0351	0.0524	0.0665	0.0887	0.1626	0.3216	0.5239	0.6652	0.7055	0.7003	0.6782	0.6448	0.6094	0.5669	0.5203	0.4761	0.4469	0.4318	0.4245	0.4199	0.4174	0.4217	0.4327	0.4472	0.4634	0.4801	0.4888	0.4884	0.4898
439	I39	12.00	12.00	0.00	0.00	0.00	0.00	0.00	0.3915	0.5029	0.5985	0.6594	0.6951	0.7142	0.7245	0.7278	0.7237	0.7116	0.6982	0.6860	0.6725	0.6549	0.6345	0.6153	0.6003	0.5796	0.5489	0.5252	0.5317	0.5700	0.5971	0.6038	0.6042	0.6040	0.6066	0.6117	0.6171	0.6175	0.6132	0.6074	0.6012	0.5978	0.6007	0.6104
440	I40	15.00	15.00	15.00	0.00	0.00	0.00	0.00	0.3307	0.4084	0.4688	0.5042	0.5232	0.5341	0.5436	0.5540	0.5627	0.5608	0.5591	0.5716	0.5921	0.6023	0.5938	0.5770	0.5618	0.5396	0.5065	0.4812	0.4902	0.5354	0.5674	0.5759	0.5768	0.5772	0.5803	0.5862	0.5931	0.5937	0.5884	0.5818	0.5761	0.5725	0.5757	0.5860
441	I41	15.00	15.00	28.00	0.00	0.00	0.00	0.00	0.2957	0.3557	0.3965	0.4170	0.4266	0.4334	0.4413	0.4541	0.4689	0.4724	0.4767	0.5030	0.5456	0.5771	0.5800	0.5668	0.5524	0.5304	0.4974	0.4717	0.4808	0.5262	0.5580	0.5663	0.5674	0.5679	0.5710	0.5772	0.5843	0.5853	0.5801	0.5738	0.5682	0.5644	0.5675	0.5779
442	I42	15.00	15.00	40.00	0.00	0.00	0.00	0.00	0.2680	0.3127	0.3433	0.3548	0.3583	0.3619	0.3695	0.3834	0.4012	0.4080	0.4164	0.4530	0.5133	0.5638	0.5780	0.5678	0.5540	0.5319	0.4980	0.4719	0.4811	0.5273	0.5604	0.5692	0.5704	0.5706	0.5736	0.5797	0.5872	0.5884	0.5831	0.5758	0.5693	0.5654	0.5681	0.5793
443	I43	10.75	10.75	52.15	0.00	6.80	6.80	0.00	0.2207	0.2449	0.2560	0.2564	0.2556	0.2573	0.2630	0.2757	0.2934	0.3010	0.3104	0.3492	0.4158	0.4772	0.5040	0.5040	0.4987	0.4903	0.4790	0.4772	0.4950	0.5281	0.5424	0.5396	0.5352	0.5327	0.5331	0.5365	0.5434	0.5483	0.5496	0.5498	0.5503	0.5494	0.5515	0.5596
444	I44	7.77	7.77	63.55	0.00	11.57	11.57	0.00	0.1716	0.1852	0.1860	0.1817	0.1787	0.1797	0.1844	0.1969	0.2154	0.2242	0.2355	0.2773	0.3501	0.4194	0.4541	0.4595	0.4584	0.4569	0.4581	0.4709	0.4936	0.5159	0.5170	0.5071	0.4992	0.4950	0.4938	0.4955	0.5014	0.5080	0.5132	0.5183	0.5232	0.5248	0.5258	0.5316
445	I45	6.42	6.42	76.28	0.00	13.73	13.73	0.00	0.1392	0.1353	0.1267	0.1153	0.1082	0.1076	0.1114	0.1243	0.1448	0.1566	0.1717	0.2221	0.3111	0.3994	0.4466	0.4577	0.4594	0.4615	0.4690	0.4898	0.5145	0.5294	0.5226	0.5093	0.5004	0.4955	0.4937	0.4945	0.4996	0.5065	0.5134	0.5203	0.5276	0.5306	0.5314	0.5356
446	I46	6.42	6.42	88.28	0.00	13.73	13.73	0.00	0.1040	0.0933	0.0761	0.0615	0.0540	0.0516	0.0541	0.0655	0.0851	0.0977	0.1147	0.1704	0.2723	0.3783	0.4380	0.4540	0.4586	0.4624	0.4710	0.4933	0.5183	0.5315	0.5228	0.5089	0.4995	0.4951	0.4935	0.4947	0.5003	0.5072	0.5140	0.5211	0.5290	0.5324	0.5335	0.5379
447	I47	0.22	0.22	99.87	0.00	23.42	23.43	0.00	0.0629	0.0522	0.0381	0.0293	0.0234	0.0227	0.0244	0.0309	0.0427	0.0516	0.0643	0.1086	0.1970	0.2973	0.3600	0.3802	0.3877	0.3985	0.4238	0.4701	0.5062	0.5060	0.4817	0.4605	0.4485	0.4424	0.4388	0.4371	0.4408	0.4496	0.4621	0.4764	0.4915	0.4995	0.4992	0.4997
448	I48	12.00	19.00	0.00	0.00	0.00	0.00	12.00	0.3161	0.4151	0.5022	0.5606	0.5974	0.6196	0.6321	0.6329	0.6207	0.5968	0.5662	0.5314	0.4953	0.4593	0.4226	0.3967	0.3843	0.3706	0.3476	0.3320	0.3478	0.3977	0.4369	0.4479	0.4470	0.4492	0.4613	0.4808	0.5010	0.5127	0.5141	0.5108	0.5056	0.5027	0.5081	0.5234
449	I49	15.00	28.00	15.00	0.00	0.00	0.00	0.00	0.3055	0.3720	0.4204	0.4485	0.4660	0.4771	0.4866	0.4940	0.4963	0.4864	0.4752	0.4763	0.4830	0.4789	0.4594	0.4402	0.4269	0.4068	0.3742	0.3508	0.3775	0.4644	0.5382	0.5678	0.5770	0.5803	0.5847	0.5914	0.5982	0.5991	0.5950	0.5887	0.5823	0.5788	0.5812	0.5914
450	I50	15.00	25.78	25.78	0.00	8.90	0.00	0.00	0.2624	0.3074	0.3380	0.3535	0.3607	0.3666	0.3725	0.3772	0.3777	0.3670	0.3572	0.3624	0.3782	0.3866	0.3796	0.3690	0.3627	0.3538	0.3409	0.3397	0.3790	0.4659	0.5370	0.5655	0.5747	0.5786	0.5833	0.5902	0.5969	0.5978	0.5933	0.5875	0.5827	0.5799	0.5829	0.5926
451	J1	15.00	22.75	38.43	0.00	13.64	0.00	0.00	0.2379	0.2780	0.3018	0.3127	0.3162	0.3188	0.3236	0.3293	0.3324	0.3257	0.3201	0.3326	0.3589	0.3786	0.3792	0.3707	0.3641	0.3571	0.3513	0.3620	0.4070	0.4858	0.5446	0.5671	0.5735	0.5754	0.5788	0.5851	0.5923	0.5937	0.5886	0.5818	0.5748	0.5700	0.5729	0.5831
452	J2	14.22	22.64	48.64	0.00	18.83	1.24	0.00	0.2087	0.2327	0.2449	0.2482	0.2477	0.2482	0.2514	0.2567	0.2608	0.2556	0.2525	0.2690	0.3020	0.3296	0.3366	0.3317	0.3278	0.3248	0.3261	0.3463	0.4004	0.4859	0.5497	0.5745	0.5821	0.5843	0.5878	0.5938	0.6008	0.6015	0.5965	0.5897	0.5831	0.5785	0.5804	0.5900
453	J3	9.78	19.01	59.34	0.00	25.12	8.35	0.00	0.1637	0.1740	0.1766	0.1752	0.1744	0.1751	0.1785	0.1855	0.1932	0.1925	0.1933	0.2137	0.2523	0.2875	0.3016	0.3010	0.2996	0.3015	0.3127	0.3463	0.4049	0.4756	0.5170	0.5269	0.5267	0.5254	0.5259	0.5292	0.5354	0.5406	0.5433	0.5448	0.5461	0.5454	0.5464	0.5532
454	J4	9.67	15.52	74.01	0.00	28.68	8.53	0.00	0.1291	0.1278	0.1189	0.1120	0.1070	0.1061	0.1087	0.1163	0.1265	0.1295	0.1347	0.1623	0.2127	0.2605	0.2826	0.2856	0.2863	0.2908	0.3073	0.3489	0.4129	0.4811	0.5170	0.5239	0.5227	0.5211	0.5214	0.5243	0.5306	0.5360	0.5391	0.5414	0.5429	0.5423	0.5433	0.5503
455	J5	8.52	8.52	88.70	0.00	36.37	10.37	0.00	0.0867	0.0766	0.0624	0.0512	0.0447	0.0431	0.0444	0.0511	0.0618	0.0668	0.0741	0.1045	0.1597	0.2146	0.2439	0.2515	0.2556	0.2661	0.2949	0.3572	0.4369	0.5012	0.5250	0.5256	0.5219	0.5192	0.5191	0.5217	0.5275	0.5333	0.5374	0.5406	0.5433	0.5434	0.5448	0.5509
456	J6	0.15	0.15	99.91	0.00	49.60	23.56	0.00	0.0520	0.0403	0.0294	0.0226	0.0187	0.0175	0.0184	0.0222	0.0281	0.0313	0.0370	0.0582	0.0989	0.1425	0.1692	0.1792	0.1870	0.2057	0.2533	0.3473	0.4481	0.4968	0.4961	0.4837	0.4750	0.4698	0.4665	0.4648	0.4677	0.4751	0.4864	0.4996	0.5130	0.5199	0.5190	0.5171
457	J7	12.00	31.00	0.00	0.00	0.00	0.00	12.00	0.2920	0.3766	0.4500	0.5020	0.5351	0.5557	0.5693	0.5684	0.5515	0.5222	0.4862	0.4483	0.4097	0.3713	0.3327	0.3070	0.2957	0.2819	0.2579	0.2422	0.2676	0.3445	0.4119	0.4378	0.4424	0.4463	0.4588	0.4784	0.4991	0.5104	0.5117	0.5081	0.5021	0.4981	0.5036	0.5187
458	J8	15.00	40.00	15.00	0.00	0.00	0.00	0.00	0.2878	0.3457	0.3913	0.4188	0.4349	0.4455	0.4547	0.4599	0.4572	0.4419	0.4249	0.4164	0.4101	0.3940	0.3672	0.3462	0.3343	0.3152	0.2841	0.2626	0.2973	0.4077	0.5097	0.5554	0.5711	0.5765	0.5814	0.5884	0.5964	0.5980	0.5939	0.5876	0.5810	0.5767	0.5796	0.5903
459	J9	15.00	38.43	22.75	0.00	13.64	0.00	0.00	0.2490	0.2871	0.3130	0.3287	0.3375	0.3424	0.3479	0.3494	0.3426	0.3252	0.3081	0.3022	0.3015	0.2954	0.2807	0.2679	0.2616	0.2536	0.2430	0.2462	0.2952	0.4063	0.5060	0.5514	0.5669	0.5723	0.5777	0.5852	0.5931	0.5949	0.5903	0.5843	0.5783	0.5741	0.5771	0.5874
460	J10	15.00	34.36	34.36	0.00	22.57	0.00	0.00	0.2143	0.2393	0.2561	0.2631	0.2676	0.2706	0.2732	0.2739	0.2687	0.2540	0.2408	0.2400	0.2477	0.2512	0.2447	0.2364	0.2326	0.2301	0.2305	0.2487	0.3076	0.4164	0.5099	0.5515	0.5657	0.5710	0.5761	0.5833	0.5909	0.5923	0.5877	0.5816	0.5757	0.5721	0.5747	0.5843
461	J11	14.49	32.05	45.97	0.00	29.54	0.81	0.00	0.1864	0.2023	0.2089	0.2112	0.2111	0.2112	0.2133	0.2143	0.2112	0.1995	0.1900	0.1941	0.2084	0.2192	0.2184	0.2133	0.2114	0.2119	0.2188	0.2468	0.3130	0.4219	0.5125	0.5529	0.5668	0.5719	0.5770	0.5843	0.5921	0.5938	0.5890	0.5825	0.5764	0.5724	0.5748	0.5851
462	J12	15.32	29.67	57.84	0.00	35.22	0.00	0.00	0.1513	0.1599	0.1596	0.1566	0.1540	0.1537	0.1542	0.1559	0.1545	0.1460	0.1398	0.1475	0.1665	0.1829	0.1866	0.1841	0.1837	0.1872	0.2012	0.2402	0.3158	0.4253	0.5127	0.5509	0.5639	0.5687	0.5736	0.5807	0.5887	0.5905	0.5859	0.5792	0.5726	0.5682	0.5703	0.5796
463	J13	11.92	21.91	72.39	0.00	44.93	4.93	0.00	0.1162	0.1122	0.1043	0.0959	0.0914	0.0904	0.0913	0.0936	0.0950	0.0902	0.0879	0.0988	0.1211	0.1416	0.1505	0.1516	0.1539	0.1628	0.1884	0.2463	0.3359	0.4388	0.5083	0.5345	0.5422	0.5444	0.5476	0.5533	0.5604	0.5643	0.5637	0.5621	0.5607	0.5592	0.5615	0.5689
464	J14	8.48	12.57	86.65	0.00	56.34	10.43	0.00	0.0716	0.0617	0.0517	0.0440	0.0399	0.0383	0.0386	0.0413	0.0440	0.0428	0.0431	0.0534	0.0725	0.0907	0.1003	0.1033	0.1076	0.1208	0.1585	0.2400	0.3507	0.4475	0.4959	0.5078	0.5090	0.5086	0.5098	0.5129	0.5193	0.5249	0.5289	0.5322	0.5358	0.5367	0.5374	0.5423
465	J15	0.16	0.16	99.90	0.00	73.57	23.45	0.00	0.0415	0.0311	0.0220	0.0170	0.0149	0.0144	0.0149	0.0165	0.0186	0.0184	0.0195	0.0257	0.0360	0.0454	0.0512	0.0539	0.0588	0.0745	0.1234	0.2354	0.3758	0.4610	0.4789	0.4734	0.4668	0.4629	0.4606	0.4596	0.4632	0.4703	0.4804	0.4923	0.5054	0.5118	0.5113	0.5106
466	J16	12.00	50.00	0.00	0.00	0.00	0.00	0.00	0.3047	0.3654	0.4151	0.4509	0.4765	0.4930	0.5037	0.5018	0.4829	0.4527	0.4204	0.3917	0.3632	0.3308	0.2974	0.2759	0.2653	0.2482	0.2198	0.2011	0.2387	0.3625	0.4887	0.5515	0.5752	0.5849	0.5927	0.6009	0.6085	0.6096	0.6059	0.6010	0.5973	0.5961	0.5997	0.6097
467	J17	10.75	52.15	10.75	0.00	6.80	0.00	6.80	0.2477	0.2889	0.3206	0.3428	0.3565	0.3674	0.3754	0.3741	0.3602	0.3341	0.3066	0.2854	0.2664	0.2440	0.2183	0.2014	0.1947	0.1852	0.1693	0.1627	0.2029	0.3175	0.4314	0.4846	0.5015	0.5094	0.5211	0.5369	0.5524	0.5599	0.5592	0.5552	0.5506	0.5477	0.5522	0.5645
468	J18	14.22	48.64	22.64	0.00	18.83	0.00	1.24	0.2155	0.2431	0.2604	0.2715	0.2781	0.2834	0.2880	0.2872	0.2762	0.2550	0.2344	0.2231	0.2164	0.2059	0.1900	0.1785	0.1738	0.1679	0.1600	0.1648	0.2178	0.3466	0.4736	0.5358	0.5586	0.5667	0.5728	0.5807	0.5891	0.5909	0.5868	0.5809	0.5747	0.5706	0.5728	0.5826
469	J19	14.49	45.97	32.05	0.00	29.54	0.00	0.81	0.1893	0.2069	0.2165	0.2210	0.2238	0.2258	0.2282	0.2255	0.2151	0.1962	0.1793	0.1723	0.1712	0.1679	0.1597	0.1530	0.1513	0.1508	0.1541	0.1735	0.2349	0.3588	0.4767	0.5341	0.5550	0.5629	0.5693	0.5770	0.5849	0.5869	0.5824	0.5759	0.5705	0.5667	0.5696	0.5795
470	J20	14.98	46.93	47.53	0.00	30.76	0.02	0.01	0.1660	0.1741	0.1768	0.1761	0.1755	0.1761	0.1772	0.1765	0.1701	0.1562	0.1442	0.1431	0.1495	0.1526	0.1475	0.1420	0.1408	0.1414	0.1459	0.1666	0.2291	0.3550	0.4762	0.5358	0.5576	0.5655	0.5715	0.5788	0.5867	0.5883	0.5837	0.5772	0.5713	0.5677	0.5704	0.5800
471	J21	15.03	43.19	58.34	0.00	42.58	0.00	0.00	0.1338	0.1351	0.1303	0.1263	0.1241	0.1230	0.1232	0.1216	0.1153	0.1034	0.0942	0.0948	0.1023	0.1083	0.1083	0.1066	0.1078	0.1136	0.1302	0.1690	0.2447	0.3687	0.4822	0.5380	0.5583	0.5656	0.5716	0.5789	0.5867	0.5883	0.5834	0.5766	0.5706	0.5666	0.5688	0.5787
472	J22	14.27	35.34	72.11	0.00	54.84	1.17	0.00	0.1020	0.0970	0.0877	0.0811	0.0764	0.0743	0.0738	0.0725	0.0679	0.0597	0.0539	0.0559	0.0636	0.0708	0.0736	0.0741	0.0770	0.0867	0.1135	0.1723	0.2672	0.3933	0.4993	0.5501	0.5687	0.5755	0.5807	0.5871	0.5944	0.5958	0.5914	0.5850	0.5795	0.5757	0.5770	0.5860
473	J23	11.72	25.23	86.95	0.00	64.76	5.24	0.00	0.0717	0.0597	0.0492	0.0419	0.0378	0.0357	0.0356	0.0364	0.0353	0.0315	0.0291	0.0320	0.0388	0.0450	0.0480	0.0493	0.0528	0.0646	0.0995	0.1772	0.2924	0.4169	0.5028	0.5382	0.5490	0.5519	0.5547	0.5592	0.5654	0.5687	0.5679	0.5663	0.5647	0.5624	0.5638	0.5712
474	J24	8.00	16.80	100.00	0.00	72.43	10.92	0.00	0.0413	0.0301	0.0224	0.0170	0.0140	0.0134	0.0138	0.0152	0.0164	0.0159	0.0163	0.0200	0.0254	0.0296	0.0313	0.0322	0.0352	0.0468	0.0840	0.1724	0.3014	0.4226	0.4919	0.5144	0.5194	0.5203	0.5215	0.5239	0.5291	0.5339	0.5374	0.5407	0.5445	0.5461	0.5462	0.5501
475	J25	6.38	59.12	0.27	0.00	0.00	0.00	17.49	0.2330	0.2851	0.3284	0.3616	0.3872	0.4052	0.4174	0.4130	0.3883	0.3500	0.3072	0.2651	0.2251	0.1870	0.1516	0.1317	0.1249	0.1154	0.0983	0.0891	0.1227	0.2310	0.3475	0.4037	0.4192	0.4271	0.4435	0.4676	0.4924	0.5080	0.5121	0.5095	0.5036	0.4991	0.5039	0.5185
476	J26	7.77	63.55	7.77	0.00	11.57	0.00	11.57	0.2088	0.2416	0.2669	0.2844	0.2974	0.3082	0.3155	0.3115	0.2918	0.2608	0.2281	0.1997	0.1741	0.1484	0.1228	0.1081	0.1036	0.0976	0.0872	0.0848	0.1225	0.2386	0.3689	0.4352	0.4563	0.4660	0.4812	0.5020	0.5229	0.5353	0.5372	0.5340	0.5290	0.5256	0.5300	0.5428
477	J27	9.78	59.34	19.01	0.00	25.12	0.00	8.35	0.1880	0.2072	0.2186	0.2263	0.2317	0.2369	0.2407	0.2359	0.2194	0.1937	0.1689	0.1504	0.1356	0.1198	0.1022	0.0916	0.0889	0.0858	0.0810	0.0855	0.1314	0.2559	0.3909	0.4592	0.4812	0.4904	0.5038	0.5218	0.5398	0.5496	0.5502	0.5462	0.5403	0.5363	0.5398	0.5507
478	J28	15.31	58.06	29.34	0.00	35.58	0.00	0.00	0.1704	0.1785	0.1803	0.1811	0.1824	0.1846	0.1857	0.1815	0.1681	0.1475	0.1296	0.1203	0.1158	0.1099	0.1008	0.0946	0.0936	0.0935	0.0953	0.1096	0.1679	0.3081	0.4570	0.5353	0.5646	0.5747	0.5812	0.5883	0.5959	0.5975	0.5930	0.5866	0.5802	0.5761	0.5785	0.5870
479	J29	14.97	58.23	43.26	0.00	42.68	0.00	0.03	0.1456	0.1441	0.1391	0.1357	0.1338	0.1343	0.1337	0.1299	0.1189	0.1018	0.0884	0.0832	0.0829	0.0817	0.0769	0.0733	0.0739	0.0768	0.0845	0.1065	0.1706	0.3128	0.4632	0.5432	0.5737	0.5837	0.5900	0.5965	0.6030	0.6041	0.5999	0.5934	0.5869	0.5826	0.5842	0.5921
480	J30	15.08	54.64	54.53	0.00	54.39	0.00	0.00	0.1150	0.1090	0.1022	0.0961	0.0931	0.0920	0.0907	0.0863	0.0759	0.0624	0.0525	0.0492	0.0502	0.0516	0.0510	0.0503	0.0521	0.0587	0.0760	0.1138	0.1895	0.3286	0.4716	0.5487	0.5785	0.5886	0.5942	0.6004	0.6066	0.6075	0.6031	0.5967	0.5905	0.5863	0.5879	0.5951
481	J31	14.78	48.11	69.70	0.00	64.50	0.35	0.00	0.0894	0.0809	0.0707	0.0641	0.0602	0.0589	0.0577	0.0543	0.0469	0.0371	0.0304	0.0292	0.0310	0.0330	0.0336	0.0338	0.0361	0.0445	0.0684	0.1211	0.2119	0.3506	0.4837	0.5543	0.5816	0.5906	0.5964	0.6022	0.6081	0.6090	0.6043	0.5975	0.5916	0.5873	0.5884	0.5953
482	J32	13.09	39.43	85.65	0.00	72.04	3.05	0.00	0.0660	0.0515	0.0427	0.0372	0.0339	0.0324	0.0320	0.0307	0.0268	0.0217	0.0186	0.0194	0.0215	0.0234	0.0240	0.0242	0.0263	0.0351	0.0627	0.1286	0.2363	0.3758	0.4948	0.5540	0.5754	0.5825	0.5870	0.5921	0.5984	0.6006	0.5979	0.5940	0.5907	0.5885	0.5898	0.5954
483	J33	11.02	32.46	100.00	0.00	76.48	6.14	0.00	0.0406	0.0310	0.0219	0.0167	0.0150	0.0140	0.0141	0.0150	0.0157	0.0145	0.0146	0.0174	0.0210	0.0232	0.0233	0.0228	0.0247	0.0329	0.0609	0.1299	0.2417	0.3755	0.4779	0.5234	0.5386	0.5436	0.5479	0.5530	0.5597	0.5635	0.5634	0.5632	0.5646	0.5656	0.5669	0.5713
484	J34	0.25	75.18	0.25	0.00	0.00	0.00	23.27	0.2005	0.2371	0.2657	0.2879	0.3074	0.3248	0.3360	0.3300	0.3028	0.2616	0.2175	0.1766	0.1398	0.1064	0.0774	0.0620	0.0575	0.0503	0.0387	0.0337	0.0637	0.1712	0.3023	0.3713	0.3915	0.4017	0.4211	0.4494	0.4790	0.4990	0.5064	0.5060	0.5013	0.4984	0.5039	0.5184
485	J35	6.42	76.28	6.42	0.00	13.73	0.00	13.73	0.1886	0.2115	0.2253	0.2362	0.2478	0.2581	0.2651	0.2594	0.2372	0.2036	0.1702	0.1426	0.1188	0.0952	0.0729	0.0606	0.0568	0.0507	0.0407	0.0372	0.0725	0.1958	0.3442	0.4230	0.4490	0.4605	0.4769	0.4992	0.5219	0.5357	0.5390	0.5364	0.5315	0.5275	0.5317	0.5443
486	J36	9.67	74.01	15.52	0.00	28.68	0.00	8.53	0.1661	0.1768	0.1828	0.1877	0.1931	0.1992	0.2029	0.1975	0.1788	0.1519	0.1267	0.1082	0.0936	0.0784	0.0628	0.0538	0.0512	0.0475	0.0411	0.0413	0.0804	0.2098	0.3643	0.4473	0.4764	0.4884	0.5023	0.5210	0.5396	0.5499	0.5509	0.5471	0.5413	0.5370	0.5410	0.5528
487	J37	11.92	72.39	21.91	0.00	44.93	0.00	4.93	0.1492	0.1510	0.1482	0.1477	0.1488	0.1513	0.1522	0.1459	0.1294	0.1065	0.0877	0.0756	0.0676	0.0594	0.0503	0.0450	0.0441	0.0432	0.0427	0.0496	0.0948	0.2293	0.3892	0.4769	0.5094	0.5222	0.5343	0.5490	0.5637	0.5710	0.5706	0.5663	0.5608	0.5572	0.5601	0.5700
488	J38	14.27	72.11	35.34	0.00	54.84	0.00	1.17	0.1233	0.1188	0.1144	0.1101	0.1087	0.1094	0.1100	0.1043	0.0907	0.0733	0.0598	0.0526	0.0491	0.0454	0.0402	0.0370	0.0369	0.0377	0.0405	0.0520	0.1026	0.2477	0.4225	0.5236	0.5638	0.5779	0.5859	0.5939	0.6013	0.6036	0.6004	0.5946	0.5881	0.5836	0.5851	0.5932
489	J39	14.78	69.70	48.11	0.00	64.50	0.00	0.35	0.0986	0.0905	0.0808	0.0747	0.0714	0.0709	0.0693	0.0640	0.0524	0.0396	0.0306	0.0269	0.0260	0.0256	0.0247	0.0237	0.0247	0.0285	0.0391	0.0631	0.1227	0.2632	0.4302	0.5286	0.5690	0.5827	0.5903	0.5972	0.6040	0.6058	0.6020	0.5957	0.5891	0.5847	0.5858	0.5936
490	J40	15.00	66.81	66.81	0.00	67.32	0.00	0.00	0.0795	0.0692	0.0594	0.0539	0.0506	0.0499	0.0488	0.0459	0.0382	0.0289	0.0230	0.0215	0.0224	0.0231	0.0226	0.0220	0.0229	0.0274	0.0399	0.0687	0.1332	0.2741	0.4372	0.5328	0.5716	0.5849	0.5917	0.5984	0.6050	0.6068	0.6027	0.5959	0.5893	0.5848	0.5861	0.5938
491	J41	15.00	59.84	83.84	0.00	77.91	0.00	0.00	0.0566	0.0457	0.0364	0.0314	0.0285	0.0272	0.0267	0.0252	0.0218	0.0173	0.0149	0.0157	0.0173	0.0183	0.0179	0.0173	0.0178	0.0222	0.0377	0.0765	0.1545	0.2957	0.4484	0.5362	0.5718	0.5839	0.5906	0.5970	0.6035	0.6048	0.6003	0.5939	0.5878	0.5831	0.5847	0.5917
492	J42	14.82	53.36	100.00	0.00	76.53	0.00	0.00	0.0391	0.0281	0.0220	0.0172	0.0152	0.0135	0.0139	0.0147	0.0149	0.0139	0.0141	0.0169	0.0205	0.0221	0.0217	0.0209	0.0217	0.0271	0.0454	0.0905	0.1770	0.3203	0.4639	0.5425	0.5733	0.5837	0.5897	0.5958	0.6024	0.6036	0.5989	0.5919	0.5856	0.5817	0.5836	0.5908
493	J43	0.21	87.16	0.21	0.00	0.00	0.00	23.43	0.1807	0.2069	0.2269	0.2430	0.2602	0.2765	0.2873	0.2811	0.2539	0.2141	0.1729	0.1367	0.1053	0.0775	0.0541	0.0424	0.0389	0.0335	0.0254	0.0230	0.0476	0.1480	0.2859	0.3643	0.3892	0.4006	0.4205	0.4489	0.4781	0.4978	0.5052	0.5047	0.4997	0.4961	0.5011	0.5152
494	J44	6.42	88.28	6.42	0.00	13.73	0.00	13.73	0.1653	0.1783	0.1872	0.1957	0.2056	0.2159	0.2224	0.2167	0.1943	0.1616	0.1296	0.1042	0.0827	0.0626	0.0450	0.0358	0.0332	0.0290	0.0230	0.0218	0.0474	0.1560	0.3123	0.4066	0.4407	0.4552	0.4727	0.4954	0.5185	0.5326	0.5360	0.5331	0.5277	0.5242	0.5290	0.5420
495	J45	8.52	88.70	8.52	0.00	36.37	0.00	10.37	0.1412	0.1443	0.1464	0.1489	0.1529	0.1582	0.1611	0.1540	0.1336	0.1069	0.0837	0.0668	0.0540	0.0426	0.0323	0.0270	0.0255	0.0236	0.0208	0.0217	0.0484	0.1603	0.3237	0.4251	0.4641	0.4798	0.4955	0.5146	0.5338	0.5448	0.5467	0.5433	0.5375	0.5330	0.5369	0.5488
496	J46	8.48	86.65	12.57	0.00	56.34	0.00	10.43	0.1137	0.1117	0.1080	0.1065	0.1079	0.1100	0.1100	0.1020	0.0840	0.0632	0.0473	0.0374	0.0311	0.0261	0.0219	0.0193	0.0190	0.0191	0.0196	0.0235	0.0531	0.1672	0.3307	0.4326	0.4722	0.4878	0.5027	0.5211	0.5394	0.5501	0.5518	0.5484	0.5426	0.5383	0.5417	0.5522
497	J47	11.72	86.95	25.23	0.00	64.76	0.00	5.24	0.0987	0.0925	0.0847	0.0807	0.0799	0.0804	0.0799	0.0735	0.0589	0.0429	0.0314	0.0254	0.0220	0.0195	0.0170	0.0154	0.0152	0.0158	0.0173	0.0221	0.0523	0.1716	0.3462	0.4579	0.5040	0.5218	0.5352	0.5496	0.5633	0.5701	0.5695	0.5655	0.5598	0.5558	0.5585	0.5683
498	J48	13.09	85.65	39.43	0.00	72.04	0.00	3.05	0.0826	0.0745	0.0671	0.0627	0.0607	0.0604	0.0592	0.0540	0.0428	0.0308	0.0230	0.0193	0.0179	0.0169	0.0154	0.0143	0.0143	0.0152	0.0176	0.0238	0.0576	0.1849	0.3670	0.4839	0.5329	0.5513	0.5630	0.5746	0.5860	0.5911	0.5889	0.5835	0.5776	0.5734	0.5756	0.5852
499	J49	15.00	83.84	59.84	0.00	77.91	0.00	0.00	0.0666	0.0571	0.0485	0.0442	0.0417	0.0406	0.0405	0.0369	0.0291	0.0211	0.0166	0.0154	0.0157	0.0157	0.0147	0.0136	0.0134	0.0148	0.0179	0.0256	0.0625	0.1959	0.3851	0.5075	0.5605	0.5792	0.5885	0.5960	0.6030	0.6048	0.6016	0.5958	0.5894	0.5853	0.5869	0.5939
500	J50	15.00	82.32	82.32	0.00	77.76	0.00	0.00	0.0529	0.0437	0.0369	0.0318	0.0291	0.0290	0.0286	0.0268	0.0230	0.0180	0.0156	0.0159	0.0175	0.0179	0.0169	0.0157	0.0154	0.0167	0.0204	0.0298	0.0693	0.2043	0.3902	0.5079	0.5581	0.5762	0.5856	0.5936	0.6007	0.6023	0.5983	0.5927	0.5877	0.5846	0.5866	0.5943
501	K1	14.86	77.37	100.00	0.00	76.23	0.00	0.00	0.0385	0.0308	0.0240	0.0201	0.0181	0.0172	0.0175	0.0184	0.0188	0.0173	0.0174	0.0216	0.0282	0.0321	0.0316	0.0299	0.0296	0.0316	0.0403	0.0644	0.1219	0.2526	0.4147	0.5153	0.5578	0.5726	0.5804	0.5881	0.5958	0.5979	0.5937	0.5875	0.5810	0.5763	0.5786	0.5865
502	K2	0.11	99.93	0.11	0.00	0.00	0.00	23.37	0.1449	0.1588	0.1715	0.1832	0.1961	0.2109	0.2208	0.2143	0.1884	0.1512	0.1150	0.0854	0.0616	0.0420	0.0273	0.0206	0.0188	0.0165	0.0137	0.0145	0.0295	0.1090	0.2500	0.3464	0.3821	0.3976	0.4189	0.4480	0.4782	0.4980	0.5053	0.5042	0.4990	0.4949	0.5005	0.5152
503	K3	0.22	99.87	0.22	0.00	23.42	0.00	23.43	0.1224	0.1288	0.1334	0.1401	0.1500	0.1589	0.1652	0.1571	0.1328	0.1018	0.0747	0.0543	0.0391	0.0278	0.0195	0.0155	0.0145	0.0135	0.0125	0.0144	0.0290	0.1067	0.2488	0.3491	0.3875	0.4037	0.4244	0.4522	0.4811	0.5003	0.5073	0.5063	0.5011	0.4969	0.5018	0.5158
504	K4	0.15	99.91	0.15	0.00	49.60	0.00	23.56	0.0964	0.0956	0.0964	0.0985	0.1027	0.1079	0.1101	0.1021	0.0821	0.0593	0.0417	0.0297	0.0220	0.0165	0.0129	0.0112	0.0109	0.0108	0.0114	0.0138	0.0281	0.1046	0.2494	0.3561	0.3997	0.4176	0.4370	0.4625	0.4896	0.5078	0.5141	0.5130	0.5078	0.5034	0.5078	0.5202
505	K5	0.16	99.90	0.16	0.00	73.57	0.00	23.45	0.0738	0.0673	0.0629	0.0613	0.0624	0.0642	0.0637	0.0562	0.0413	0.0272	0.0183	0.0136	0.0113	0.0101	0.0092	0.0089	0.0087	0.0093	0.0106	0.0136	0.0279	0.1040	0.2521	0.3656	0.4144	0.4336	0.4516	0.4746	0.4986	0.5149	0.5205	0.5193	0.5143	0.5098	0.5133	0.5253
506	K6	8.00	100.00	16.80	0.00	72.43	0.00	10.92	0.0704	0.0630	0.0557	0.0536	0.0535	0.0541	0.0536	0.0482	0.0364	0.0245	0.0172	0.0138	0.0121	0.0111	0.0102	0.0093	0.0090	0.0096	0.0108	0.0136	0.0290	0.1144	0.2803	0.4078	0.4656	0.4882	0.5052	0.5240	0.5426	0.5533	0.5547	0.5508	0.5447	0.5401	0.5436	0.5543
507	K7	11.02	100.00	32.46	0.00	76.48	0.00	6.14	0.0619	0.0540	0.0471	0.0441	0.0432	0.0439	0.0439	0.0390	0.0296	0.0208	0.0151	0.0131	0.0122	0.0115	0.0107	0.0099	0.0095	0.0099	0.0112	0.0142	0.0299	0.1186	0.2919	0.4264	0.4887	0.5128	0.5288	0.5450	0.5603	0.5683	0.5678	0.5631	0.5570	0.5521	0.5549	0.5652
508	K8	14.82	100.00	53.36	0.00	76.53	0.00	0.00	0.0561	0.0460	0.0398	0.0364	0.0358	0.0352	0.0344	0.0316	0.0248	0.0178	0.0139	0.0130	0.0132	0.0130	0.0120	0.0111	0.0107	0.0109	0.0120	0.0147	0.0308	0.1250	0.3105	0.4570	0.5286	0.5564	0.5697	0.5800	0.5893	0.5917	0.5882	0.5821	0.5752	0.5700	0.5719	0.5806
509	K9	14.86	100.00	77.37	0.00	76.23	0.00	0.00	0.0468	0.0380	0.0302	0.0268	0.0261	0.0255	0.0258	0.0241	0.0202	0.0155	0.0132	0.0136	0.0149	0.0151	0.0139	0.0125	0.0118	0.0118	0.0128	0.0156	0.0319	0.1267	0.3118	0.4578	0.5289	0.5556	0.5686	0.5790	0.5881	0.5913	0.5880	0.5818	0.5754	0.5710	0.5740	0.5826
510	K10	14.72	100.00	100.00	0.00	76.45	0.00	0.00	0.0295	0.0206	0.0159	0.0140	0.0131	0.0123	0.0129	0.0128	0.0126	0.0116	0.0119	0.0145	0.0173	0.0181	0.0166	0.0147	0.0133	0.0132	0.0142	0.0167	0.0325	0.1257	0.3079	0.4517	0.5213	0.5476	0.5599	0.5697	0.5791	0.5825	0.5788	0.5726	0.5665	0.5625	0.5650	0.5743
511	K11	25.00	0.00	0.00	0.00	0.00	0.00	0.00	0.3714	0.4938	0.6098	0.6895	0.7343	0.7561	0.7739	0.7845	0.7873	0.7856	0.7808	0.7763	0.7687	0.7568	0.7399	0.7152	0.6866	0.6529	0.6115	0.5753	0.5452	0.5245	0.5062	0.4935	0.4880	0.4872	0.4913	0.5006	0.5105	0.5131	0.5081	0.5010	0.4937	0.4887	0.4932	0.5086
512	K12	19.00	0.00	12.00	0.00	0.00	12.00	0.00	0.2935	0.3747	0.4446	0.4898	0.5181	0.5376	0.5569	0.5800	0.6062	0.6251	0.6403	0.6665	0.6988	0.7199	0.7196	0.6998	0.6723	0.6381	0.5965	0.5577	0.5215	0.4894	0.4596	0.4387	0.4284	0.4242	0.4244	0.4291	0.4380	0.4452	0.4492	0.4517	0.4531	0.4525	0.4550	0.4660
513	K13	21.14	0.26	20.12	0.00	0.00	17.69	0.00	0.2540	0.3214	0.3788	0.4159	0.4396	0.4588	0.4795	0.5052	0.5368	0.5609	0.5811	0.6169	0.6626	0.6961	0.7004	0.6794	0.6483	0.6099	0.5633	0.5200	0.4788	0.4421	0.4082	0.3853	0.3742	0.3698	0.3699	0.3747	0.3841	0.3929	0.3988	0.4040	0.4074	0.4081	0.4117	0.4234
514	K14	22.79	0.29	33.19	0.00	0.00	12.20	0.00	0.2371	0.2953	0.3413	0.3671	0.3815	0.3938	0.4091	0.4315	0.4609	0.4811	0.5009	0.5461	0.6145	0.6743	0.6956	0.6798	0.6506	0.6130	0.5670	0.5245	0.4857	0.4524	0.4216	0.4004	0.3904	0.3870	0.3879	0.3939	0.4045	0.4131	0.4169	0.4189	0.4190	0.4182	0.4225	0.4355
515	K15	21.51	0.39	42.19	0.00	0.00	22.89	0.00	0.1918	0.2327	0.2630	0.2818	0.2946	0.3082	0.3249	0.3504	0.3855	0.4126	0.4380	0.4912	0.5716	0.6450	0.6735	0.6582	0.6258	0.5842	0.5339	0.4865	0.4402	0.3976	0.3587	0.3334	0.3211	0.3161	0.3155	0.3195	0.3290	0.3397	0.3485	0.3561	0.3621	0.3640	0.3672	0.3781
516	K16	15.60	0.27	54.47	0.00	0.00	34.27	0.00	0.1472	0.1734	0.1883	0.1989	0.2092	0.2211	0.2374	0.2644	0.3023	0.3340	0.3651	0.4269	0.5240	0.6170	0.6584	0.6466	0.6134	0.5693	0.5166	0.4649	0.4113	0.3584	0.3115	0.2823	0.2682	0.2627	0.2610	0.2630	0.2709	0.2833	0.2973	0.3118	0.3256	0.3323	0.3350	0.3418
517	K17	12.16	0.22	69.18	0.00	0.00	37.79	0.00	0.1221	0.1348	0.1380	0.1407	0.1440	0.1522	0.1641	0.1865	0.2215	0.2505	0.2810	0.3507	0.4680	0.5883	0.6492	0.6448	0.6137	0.5706	0.5183	0.4667	0.4121	0.3573	0.3084	0.2781	0.2633	0.2570	0.2541	0.2548	0.2620	0.2747	0.2901	0.3067	0.3222	0.3302	0.3325	0.3384
518	K18	0.32	0.32	87.22	0.00	0.00	49.40	0.00	0.0690	0.0665	0.0607	0.0549	0.0531	0.0553	0.0617	0.0773	0.1046	0.1290	0.1582	0.2362	0.3812	0.5428	0.6362	0.6455	0.6190	0.5769	0.5247	0.4700	0.4080	0.3426	0.2853	0.2509	0.2348	0.2272	0.2225	0.2202	0.2250	0.2382	0.2578	0.2810	0.3044	0.3177	0.3187	0.3193
519	K19	0.00	0.00	99.89	0.00	0.07	50.44	0.00	0.0476	0.0415	0.0324	0.0259	0.0231	0.0225	0.0244	0.0331	0.0506	0.0665	0.0897	0.1623	0.3136	0.4977	0.6139	0.6323	0.6067	0.5635	0.5092	0.4522	0.3881	0.3210	0.2624	0.2278	0.2117	0.2046	0.2002	0.1982	0.2034	0.2174	0.2377	0.2617	0.2863	0.2998	0.3011	0.3021
520	K20	19.00	12.00	0.00	0.00	0.00	0.00	12.00	0.3113	0.4165	0.5117	0.5770	0.6166	0.6399	0.6550	0.6590	0.6504	0.6313	0.6045	0.5732	0.5400	0.5059	0.4699	0.4414	0.4250	0.4068	0.3789	0.3578	0.3614	0.3879	0.4053	0.4057	0.4017	0.4031	0.4142	0.4329	0.4529	0.4639	0.4642	0.4596	0.4535	0.4493	0.4553	0.4719
521	K21	28.00	15.00	15.00	0.00	0.00	0.00	0.00	0.2893	0.3713	0.4390	0.4809	0.5028	0.5162	0.5298	0.5426	0.5523	0.5512	0.5484	0.5591	0.5749	0.5783	0.5629	0.5390	0.5151	0.4835	0.4409	0.4063	0.4023	0.4290	0.4456	0.4464	0.4456	0.4467	0.4521	0.4627	0.4744	0.4782	0.4734	0.4656	0.4571	0.4518	0.4575	0.4747
522	K22	25.78	15.00	25.78	0.00	0.00	8.90	0.00	0.2407	0.3014	0.3508	0.3795	0.3959	0.4093	0.4244	0.4426	0.4620	0.4717	0.4787	0.5018	0.5353	0.5552	0.5476	0.5250	0.5001	0.4666	0.4224	0.3848	0.3751	0.3922	0.3985	0.3922	0.3876	0.3864	0.3889	0.3962	0.4074	0.4153	0.4174	0.4172	0.4157	0.4138	0.4181	0.4318
523	K23	22.75	15.00	38.43	0.00	0.00	13.64	0.00	0.2135	0.2581	0.2913	0.3106	0.3224	0.3330	0.3467	0.3662	0.3899	0.4044	0.4168	0.4509	0.5019	0.5395	0.5423	0.5231	0.4992	0.4661	0.4222	0.3846	0.3739	0.3891	0.3923	0.3841	0.3782	0.3758	0.3770	0.3827	0.3927	0.4015	0.4066	0.4097	0.4114	0.4109	0.4144	0.4267
524	K24	22.64	14.22	48.64	0.00	1.24	18.83	0.00	0.1757	0.2112	0.2326	0.2445	0.2520	0.2619	0.2746	0.2949	0.3215	0.3393	0.3562	0.3985	0.4646	0.5189	0.5315	0.5146	0.4903	0.4566	0.4120	0.3732	0.3584	0.3658	0.3622	0.3506	0.3433	0.3404	0.3408	0.3452	0.3548	0.3644	0.3717	0.3777	0.3825	0.3839	0.3873	0.3977
525	K25	19.01	9.78	59.34	0.00	8.35	25.12	0.00	0.1425	0.1594	0.1679	0.1716	0.1755	0.1810	0.1904	0.2070	0.2295	0.2439	0.2586	0.2994	0.3669	0.4281	0.4517	0.4452	0.4299	0.4098	0.3859	0.3690	0.3632	0.3628	0.3492	0.3328	0.3237	0.3195	0.3189	0.3218	0.3298	0.3399	0.3498	0.3596	0.3676	0.3710	0.3740	0.3822
526	K26	15.52	9.67	74.01	0.00	8.53	28.68	0.00	0.1125	0.1208	0.1219	0.1192	0.1184	0.1216	0.1289	0.1435	0.1657	0.1812	0.1985	0.2478	0.3347	0.4202	0.4605	0.4607	0.4484	0.4299	0.4076	0.3909	0.3808	0.3723	0.3515	0.3320	0.3212	0.3164	0.3147	0.3160	0.3231	0.3335	0.3447	0.3562	0.3665	0.3715	0.3733	0.3797
527	K27	8.52	8.52	88.70	0.00	10.37	36.37	0.00	0.0721	0.0674	0.0575	0.0503	0.0471	0.0478	0.0519	0.0639	0.0843	0.0993	0.1187	0.1752	0.2780	0.3836	0.4381	0.4447	0.4354	0.4198	0.4012	0.3868	0.3733	0.3534	0.3223	0.2976	0.2848	0.2790	0.2761	0.2761	0.2821	0.2937	0.3089	0.3259	0.3422	0.3506	0.3523	0.3559
528	K28	0.15	0.15	99.91	0.00	23.56	49.60	0.00	0.0433	0.0350	0.0272	0.0215	0.0190	0.0188	0.0208	0.0267	0.0385	0.0482	0.0617	0.1052	0.1903	0.2849	0.3402	0.3526	0.3496	0.3453	0.3483	0.3612	0.3563	0.3211	0.2762	0.2474	0.2336	0.2275	0.2238	0.2218	0.2260	0.2376	0.2549	0.2760	0.2981	0.3107	0.3116	0.3115
529	K29	21.14	20.12	0.26	0.00	0.00	0.00	17.69	0.2751	0.3693	0.4552	0.5142	0.5528	0.5779	0.5945	0.5961	0.5812	0.5529	0.5157	0.4732	0.4299	0.3882	0.3466	0.3178	0.3039	0.2883	0.2629	0.2450	0.2585	0.3045	0.3397	0.3480	0.3460	0.3483	0.3613	0.3833	0.4075	0.4218	0.4240	0.4202	0.4132	0.4088	0.4153	0.4331
530	K30	25.78	25.78	15.00	0.00	0.00	0.00	8.90	0.2504	0.3240	0.3842	0.4210	0.4433	0.4592	0.4722	0.4797	0.4796	0.4659	0.4474	0.4338	0.4213	0.3999	0.3668	0.3394	0.3233	0.3030	0.2725	0.2502	0.2646	0.3195	0.3637	0.3768	0.3777	0.3809	0.3918	0.4105	0.4303	0.4408	0.4396	0.4341	0.4265	0.4217	0.4282	0.4459
531	K31	31.25	31.25	31.25	0.00	0.00	0.00	0.00	0.2279	0.2817	0.3211	0.3405	0.3507	0.3607	0.3710	0.3817	0.3901	0.3861	0.3816	0.3951	0.4198	0.4308	0.4168	0.3947	0.3749	0.3465	0.3068	0.2764	0.2878	0.3473	0.3962	0.4125	0.4175	0.4209	0.4273	0.4390	0.4521	0.4571	0.4525	0.4442	0.4348	0.4285	0.4347	0.4525
532	K32	29.12	29.12	42.82	0.00	3.41	3.41	0.00	0.2011	0.2394	0.2642	0.2747	0.2798	0.2855	0.2931	0.3040	0.3145	0.3135	0.3128	0.3332	0.3695	0.3947	0.3919	0.3764	0.3613	0.3393	0.3081	0.2854	0.2993	0.3562	0.4002	0.4133	0.4164	0.4186	0.4238	0.4338	0.4460	0.4520	0.4494	0.4437	0.4366	0.4322	0.4375	0.4535
533	K33	27.20	27.20	54.30	0.00	7.62	7.62	0.00	0.1684	0.1938	0.2065	0.2109	0.2123	0.2161	0.2229	0.2341	0.2460	0.2479	0.2503	0.2752	0.3195	0.3545	0.3604	0.3503	0.3390	0.3224	0.2994	0.2841	0.2993	0.3488	0.3844	0.3927	0.3937	0.3950	0.3998	0.4087	0.4204	0.4280	0.4292	0.4280	0.4258	0.4239	0.4287	0.4418
534	K34	24.69	24.69	64.31	0.00	13.12	13.12	0.00	0.1406	0.1539	0.1578	0.1568	0.1557	0.1582	0.1644	0.1757	0.1896	0.1940	0.1995	0.2285	0.2792	0.3221	0.3345	0.3283	0.3197	0.3078	0.2923	0.2848	0.3020	0.3465	0.3750	0.3791	0.3777	0.3777	0.3799	0.3863	0.3967	0.4052	0.4091	0.4109	0.4120	0.4117	0.4155	0.4270
535	K35	21.29	21.29	77.19	0.00	18.01	18.01	0.00	0.1091	0.1102	0.1063	0.1002	0.0968	0.0978	0.1024	0.1135	0.1291	0.1371	0.1466	0.1821	0.2434	0.2979	0.3190	0.3171	0.3112	0.3024	0.2928	0.2918	0.3101	0.3470	0.3664	0.3652	0.3614	0.3596	0.3605	0.3655	0.3749	0.3843	0.3907	0.3960	0.4000	0.4011	0.4042	0.4136
536	K36	17.58	17.58	90.52	0.00	21.88	21.88	0.00	0.0731	0.0642	0.0532	0.0445	0.0390	0.0383	0.0413	0.0500	0.0655	0.0752	0.0874	0.1275	0.1981	0.2654	0.2964	0.2996	0.2964	0.2922	0.2896	0.2973	0.3189	0.3501	0.3611	0.3560	0.3505	0.3480	0.3479	0.3513	0.3595	0.3691	0.3774	0.3850	0.3916	0.3945	0.3969	0.4047
537	K37	13.73	13.39	100.00	0.00	28.55	27.98	0.00	0.0527	0.0433	0.0326	0.0254	0.0212	0.0204	0.0219	0.0274	0.0373	0.0441	0.0539	0.0881	0.1539	0.2222	0.2583	0.2659	0.2667	0.2677	0.2746	0.2939	0.3210	0.3454	0.3468	0.3361	0.3288	0.3253	0.3245	0.3270	0.3343	0.3446	0.3549	0.3656	0.3759	0.3811	0.3832	0.3893
538	K38	22.79	33.19	0.29	0.00	0.00	0.00	12.20	0.2631	0.3499	0.4265	0.4782	0.5135	0.5362	0.5520	0.5529	0.5366	0.5078	0.4730	0.4361	0.3983	0.3599	0.3203	0.2928	0.2782	0.2603	0.2328	0.2133	0.2310	0.2928	0.3453	0.3634	0.3660	0.3698	0.3818	0.4017	0.4234	0.4359	0.4365	0.4313	0.4233	0.4183	0.4245	0.4427
539	K39	22.75	38.43	15.00	0.00	0.00	0.00	13.64	0.2334	0.2984	0.3474	0.3773	0.3968	0.4120	0.4241	0.4292	0.4241	0.4052	0.3816	0.3632	0.3462	0.3215	0.2886	0.2632	0.2501	0.2338	0.2082	0.1907	0.2105	0.2766	0.3343	0.3546	0.3580	0.3621	0.3749	0.3959	0.4185	0.4319	0.4330	0.4277	0.4195	0.4142	0.4207	0.4395
540	K40	29.12	42.82	29.12	0.00	3.41	0.00	3.41	0.2140	0.2552	0.2841	0.3001	0.3085	0.3171	0.3260	0.3322	0.3320	0.3192	0.3055	0.3050	0.3119	0.3087	0.2890	0.2700	0.2576	0.2396	0.2129	0.1949	0.2193	0.2997	0.3701	0.3971	0.4048	0.4094	0.4177	0.4321	0.4481	0.4556	0.4524	0.4447	0.4348	0.4282	0.4336	0.4512
541	K41	31.25	40.32	40.32	0.00	11.72	0.00	0.00	0.1880	0.2192	0.2370	0.2445	0.2471	0.2520	0.2580	0.2629	0.2632	0.2528	0.2431	0.2491	0.2663	0.2758	0.2678	0.2556	0.2473	0.2349	0.2173	0.2091	0.2395	0.3206	0.3893	0.4154	0.4236	0.4275	0.4335	0.4446	0.4573	0.4623	0.4575	0.4487	0.4381	0.4309	0.4357	0.4521
542	K42	31.11	38.88	52.33	0.00	16.46	0.23	0.00	0.1628	0.1835	0.1924	0.1933	0.1930	0.1953	0.1993	0.2044	0.2071	0.2002	0.1941	0.2055	0.2304	0.2485	0.2472	0.2387	0.2327	0.2241	0.2125	0.2107	0.2441	0.3244	0.3911	0.4162	0.4239	0.4278	0.4334	0.4439	0.4563	0.4611	0.4561	0.4476	0.4372	0.4304	0.4349	0.4512
543	K43	26.35	34.53	63.18	0.00	23.66	7.84	0.00	0.1362	0.1454	0.1464	0.1434	0.1416	0.1425	0.1461	0.1512	0.1558	0.1522	0.1497	0.1643	0.1933	0.2167	0.2220	0.2180	0.2152	0.2125	0.2115	0.2221	0.2609	0.3326	0.3859	0.4020	0.4053	0.4062	0.4092	0.4164	0.4271	0.4341	0.4351	0.4335	0.4299	0.4264	0.4299	0.4427
544	K44	24.48	31.10	77.29	0.00	26.82	10.84	0.00	0.1068	0.1070	0.1010	0.0942	0.0902	0.0894	0.0915	0.0983	0.1066	0.1073	0.1097	0.1309	0.1689	0.2017	0.2128	0.2117	0.2111	0.2114	0.2153	0.2323	0.2741	0.3407	0.3854	0.3966	0.3975	0.3978	0.3999	0.4061	0.4161	0.4237	0.4263	0.4263	0.4252	0.4238	0.4267	0.4379
545	K45	22.09	25.30	90.22	0.00	34.64	14.65	0.00	0.0722	0.0641	0.0523	0.0429	0.0369	0.0362	0.0383	0.0444	0.0537	0.0578	0.0638	0.0882	0.1310	0.1694	0.1859	0.1886	0.1908	0.1962	0.2104	0.2420	0.2934	0.3543	0.3864	0.3903	0.3882	0.3871	0.3886	0.3935	0.4028	0.4108	0.4150	0.4174	0.4189	0.4187	0.4215	0.4312
546	K46	19.01	18.93	100.00	0.00	43.79	19.54	0.00	0.0495	0.0409	0.0308	0.0238	0.0202	0.0189	0.0199	0.0240	0.0303	0.0330	0.0379	0.0571	0.0927	0.1278	0.1457	0.1509	0.1554	0.1658	0.1915	0.2419	0.3071	0.3630	0.3823	0.3793	0.3748	0.3730	0.3735	0.3777	0.3859	0.3944	0.4002	0.4051	0.4092	0.4108	0.4134	0.4218
547	K47	16.95	45.54	0.39	0.00	0.00	0.00	25.29	0.2211	0.2918	0.3522	0.3955	0.4260	0.4484	0.4631	0.4605	0.4386	0.4023	0.3591	0.3134	0.2699	0.2301	0.1931	0.1710	0.1624	0.1525	0.1353	0.1251	0.1469	0.2137	0.2765	0.3003	0.3035	0.3080	0.3236	0.3492	0.3772	0.3954	0.4003	0.3979	0.3913	0.3866	0.3936	0.4129
548	K48	22.64	48.64	14.22	0.00	1.24	0.00	18.83	0.1996	0.2535	0.2961	0.3232	0.3407	0.3560	0.3679	0.3707	0.3603	0.3358	0.3051	0.2771	0.2501	0.2195	0.1855	0.1635	0.1543	0.1429	0.1240	0.1125	0.1365	0.2118	0.2829	0.3109	0.3158	0.3208	0.3357	0.3597	0.3861	0.4023	0.4054	0.4013	0.3934	0.3881	0.3947	0.4136
549	K49	27.20	54.30	27.20	0.00	7.62	0.00	7.62	0.1867	0.2198	0.2425	0.2538	0.2630	0.2717	0.2797	0.2824	0.2747	0.2545	0.2324	0.2188	0.2089	0.1920	0.1669	0.1496	0.1419	0.1313	0.1145	0.1063	0.1400	0.2392	0.3347	0.3754	0.3872	0.3936	0.4053	0.4235	0.4429	0.4531	0.4526	0.4464	0.4372	0.4312	0.4365	0.4532
550	K50	31.11	52.33	38.88	0.00	16.46	0.00	0.23	0.1738	0.1974	0.2118	0.2165	0.2199	0.2248	0.2303	0.2329	0.2287	0.2135	0.1990	0.1966	0.2015	0.1986	0.1842	0.1715	0.1651	0.1550	0.1398	0.1346	0.1744	0.2820	0.3817	0.4250	0.4401	0.4467	0.4540	0.4647	0.4765	0.4811	0.4768	0.4694	0.4607	0.4556	0.4606	0.4758
551	L1	29.08	52.19	52.19	0.00	19.78	1.74	1.74	0.1604	0.1797	0.1898	0.1930	0.1939	0.1971	0.2015	0.2055	0.2048	0.1949	0.1862	0.1915	0.2062	0.2141	0.2069	0.1959	0.1880	0.1785	0.1687	0.1722	0.2118	0.3046	0.3939	0.4354	0.4498	0.4556	0.4619	0.4725	0.4844	0.4887	0.4841	0.4759	0.4657	0.4587	0.4633	0.4786
552	L2	30.07	49.74	62.84	0.00	30.13	1.89	0.00	0.1303	0.1417	0.1454	0.1446	0.1425	0.1437	0.1467	0.1493	0.1488	0.1406	0.1341	0.1412	0.1585	0.1702	0.1675	0.1597	0.1541	0.1482	0.1453	0.1578	0.2053	0.3015	0.3905	0.4310	0.4456	0.4515	0.4575	0.4679	0.4802	0.4850	0.4810	0.4729	0.4632	0.4565	0.4609	0.4758
553	L3	27.24	44.98	77.24	0.00	35.47	6.41	0.00	0.1016	0.1023	0.0988	0.0952	0.0922	0.0925	0.0949	0.0983	0.1008	0.0970	0.0951	0.1072	0.1308	0.1499	0.1532	0.1487	0.1452	0.1429	0.1466	0.1689	0.2225	0.3131	0.3884	0.4189	0.4284	0.4317	0.4359	0.4440	0.4549	0.4611	0.4611	0.4576	0.4524	0.4482	0.4517	0.4640
554	L4	24.30	37.99	90.95	0.00	42.55	11.12	0.00	0.0668	0.0594	0.0495	0.0418	0.0380	0.0365	0.0377	0.0415	0.0476	0.0485	0.0516	0.0685	0.0989	0.1255	0.1347	0.1335	0.1321	0.1333	0.1439	0.1767	0.2380	0.3233	0.3856	0.4075	0.4131	0.4148	0.4177	0.4240	0.4337	0.4411	0.4438	0.4435	0.4415	0.4394	0.4422	0.4531
555	L5	23.73	32.76	100.00	0.00	52.81	12.03	0.00	0.0466	0.0377	0.0286	0.0223	0.0191	0.0182	0.0191	0.0215	0.0259	0.0272	0.0299	0.0428	0.0654	0.0858	0.0939	0.0938	0.0941	0.0988	0.1168	0.1616	0.2352	0.3247	0.3847	0.4047	0.4095	0.4108	0.4136	0.4196	0.4290	0.4361	0.4386	0.4387	0.4372	0.4352	0.4384	0.4491
556	L6	13.16	55.76	0.35	0.00	0.00	0.00	36.66	0.1791	0.2372	0.2888	0.3268	0.3561	0.3791	0.3940	0.3897	0.3636	0.3223	0.2742	0.2242	0.1792	0.1412	0.1092	0.0918	0.0861	0.0797	0.0683	0.0626	0.0830	0.1484	0.2171	0.2453	0.2492	0.2535	0.2704	0.2988	0.3312	0.3536	0.3610	0.3585	0.3503	0.3439	0.3509	0.3708
557	L7	19.01	59.34	9.78	0.00	8.35	0.00	25.12	0.1647	0.2067	0.2412	0.2654	0.2819	0.2957	0.3061	0.3036	0.2849	0.2530	0.2172	0.1844	0.1552	0.1278	0.1018	0.0869	0.0819	0.0760	0.0667	0.0637	0.0892	0.1669	0.2483	0.2835	0.2908	0.2965	0.3123	0.3383	0.3672	0.3862	0.3906	0.3871	0.3784	0.3722	0.3788	0.3977
558	L8	24.69	64.31	24.69	0.00	13.12	0.00	13.12	0.1599	0.1908	0.2104	0.2232	0.2328	0.2417	0.2496	0.2490	0.2366	0.2125	0.1870	0.1678	0.1521	0.1332	0.1108	0.0965	0.0910	0.0838	0.0731	0.0701	0.1012	0.1951	0.2944	0.3397	0.3529	0.3605	0.3744	0.3955	0.4186	0.4319	0.4331	0.4277	0.4190	0.4134	0.4194	0.4376
559	L9	26.35	63.18	34.53	0.00	23.66	0.00	7.84	0.1476	0.1693	0.1816	0.1876	0.1919	0.1971	0.2021	0.2015	0.1911	0.1711	0.1513	0.1397	0.1322	0.1211	0.1050	0.0935	0.0889	0.0832	0.0762	0.0784	0.1155	0.2172	0.3229	0.3723	0.3881	0.3957	0.4075	0.4254	0.4447	0.4548	0.4539	0.4477	0.4386	0.4321	0.4377	0.4543
560	L10	30.07	62.84	49.74	0.00	30.13	0.00	1.89	0.1314	0.1423	0.1467	0.1481	0.1486	0.1519	0.1548	0.1549	0.1487	0.1343	0.1212	0.1178	0.1202	0.1181	0.1080	0.0991	0.0948	0.0900	0.0856	0.0924	0.1363	0.2460	0.3578	0.4117	0.4311	0.4392	0.4474	0.4595	0.4730	0.4786	0.4749	0.4667	0.4570	0.4506	0.4550	0.4702
561	L11	28.54	59.31	59.31	0.00	43.92	2.17	2.17	0.1111	0.1134	0.1123	0.1105	0.1084	0.1087	0.1108	0.1103	0.1047	0.0929	0.0837	0.0829	0.0880	0.0903	0.0858	0.0807	0.0784	0.0776	0.0814	0.0991	0.1497	0.2572	0.3651	0.4178	0.4368	0.4447	0.4527	0.4643	0.4777	0.4837	0.4805	0.4731	0.4642	0.4579	0.4622	0.4772
562	L12	27.77	56.52	75.36	0.00	44.42	5.58	0.00	0.0840	0.0833	0.0798	0.0754	0.0727	0.0727	0.0745	0.0762	0.0756	0.0697	0.0655	0.0707	0.0826	0.0909	0.0897	0.0855	0.0835	0.0831	0.0878	0.1071	0.1575	0.2579	0.3548	0.3999	0.4157	0.4218	0.4275	0.4369	0.4487	0.4552	0.4546	0.4507	0.4448	0.4405	0.4446	0.4579
563	L13	25.55	50.48	89.97	0.00	51.21	9.12	0.00	0.0570	0.0495	0.0420	0.0357	0.0326	0.0324	0.0336	0.0361	0.0385	0.0372	0.0376	0.0464	0.0624	0.0748	0.0775	0.0757	0.0750	0.0773	0.0876	0.1157	0.1719	0.2675	0.3535	0.3916	0.4042	0.4089	0.4134	0.4214	0.4320	0.4392	0.4408	0.4398	0.4370	0.4341	0.4382	0.4500
564	L14	20.05	45.78	100.00	0.00	50.38	17.71	0.00	0.0378	0.0313	0.0236	0.0187	0.0166	0.0158	0.0161	0.0189	0.0230	0.0243	0.0270	0.0391	0.0598	0.0775	0.0832	0.0823	0.0821	0.0847	0.0955	0.1232	0.1777	0.2669	0.3421	0.3722	0.3807	0.3836	0.3862	0.3919	0.4014	0.4099	0.4148	0.4185	0.4216	0.4226	0.4254	0.4341
565	L15	12.16	69.18	0.22	0.00	0.00	0.00	37.79	0.1610	0.2101	0.2508	0.2825	0.3069	0.3269	0.3404	0.3362	0.3108	0.2720	0.2283	0.1857	0.1482	0.1161	0.0888	0.0742	0.0697	0.0641	0.0545	0.0503	0.0704	0.1347	0.2026	0.2311	0.2352	0.2401	0.2571	0.2858	0.3184	0.3411	0.3487	0.3468	0.3396	0.3341	0.3417	0.3623
566	L16	15.52	74.01	9.67	0.00	8.53	0.00	28.68	0.1491	0.1831	0.2079	0.2257	0.2389	0.2518	0.2609	0.2577	0.2382	0.2063	0.1729	0.1439	0.1190	0.0957	0.0744	0.0623	0.0585	0.0539	0.0464	0.0445	0.0687	0.1451	0.2289	0.2666	0.2749	0.2813	0.2984	0.3258	0.3561	0.3763	0.3822	0.3793	0.3722	0.3672	0.3744	0.3941
567	L17	21.29	77.19	21.29	0.00	18.01	0.00	18.01	0.1431	0.1641	0.1789	0.1883	0.1964	0.2042	0.2109	0.2090	0.1935	0.1674	0.1413	0.1212	0.1046	0.0869	0.0689	0.0583	0.0547	0.0501	0.0434	0.0429	0.0710	0.1603	0.2605	0.3080	0.3212	0.3290	0.3444	0.3682	0.3941	0.4103	0.4132	0.4088	0.4005	0.3952	0.4024	0.4212
568	L18	24.48	77.29	31.10	0.00	26.82	0.00	10.84	0.1292	0.1439	0.1525	0.1570	0.1611	0.1670	0.1723	0.1706	0.1579	0.1368	0.1160	0.1020	0.0912	0.0783	0.0631	0.0538	0.0505	0.0462	0.0403	0.0408	0.0720	0.1718	0.2851	0.3404	0.3583	0.3671	0.3803	0.4002	0.4220	0.4345	0.4351	0.4291	0.4204	0.4147	0.4202	0.4378
569	L19	27.24	77.24	44.98	0.00	35.47	0.00	6.41	0.1119	0.1190	0.1206	0.1210	0.1224	0.1251	0.1279	0.1263	0.1166	0.0998	0.0850	0.0770	0.0725	0.0655	0.0551	0.0479	0.0452	0.0424	0.0391	0.0428	0.0776	0.1838	0.3058	0.3676	0.3891	0.3986	0.4104	0.4270	0.4450	0.4544	0.4530	0.4464	0.4375	0.4313	0.4369	0.4531
570	L20	27.77	75.36	56.52	0.00	44.42	0.00	5.58	0.0939	0.0975	0.0953	0.0930	0.0924	0.0931	0.0950	0.0932	0.0853	0.0729	0.0621	0.0580	0.0574	0.0547	0.0482	0.0431	0.0413	0.0401	0.0401	0.0474	0.0842	0.1894	0.3095	0.3710	0.3929	0.4024	0.4130	0.4283	0.4451	0.4536	0.4520	0.4450	0.4362	0.4304	0.4360	0.4516
571	L21	28.67	72.76	72.76	0.00	48.97	2.07	2.07	0.0789	0.0752	0.0711	0.0672	0.0644	0.0644	0.0655	0.0649	0.0607	0.0524	0.0461	0.0459	0.0492	0.0501	0.0462	0.0424	0.0413	0.0411	0.0432	0.0538	0.0956	0.2089	0.3373	0.4047	0.4298	0.4396	0.4482	0.4600	0.4726	0.4782	0.4743	0.4668	0.4583	0.4523	0.4566	0.4712
572	L22	27.76	69.35	87.76	0.00	53.74	5.59	0.00	0.0534	0.0483	0.0420	0.0373	0.0343	0.0339	0.0350	0.0360	0.0358	0.0326	0.0309	0.0350	0.0426	0.0469	0.0452	0.0425	0.0417	0.0425	0.0471	0.0614	0.1052	0.2122	0.3285	0.3868	0.4081	0.4160	0.4223	0.4315	0.4430	0.4491	0.4480	0.4439	0.4388	0.4351	0.4390	0.4520
573	L23	23.60	66.84	100.00	0.00	50.41	12.02	0.00	0.0408	0.0316	0.0236	0.0186	0.0166	0.0158	0.0167	0.0192	0.0216	0.0221	0.0236	0.0313	0.0439	0.0525	0.0528	0.0501	0.0491	0.0497	0.0537	0.0672	0.1099	0.2121	0.3174	0.3673	0.3837	0.3895	0.3942	0.4014	0.4116	0.4194	0.4222	0.4229	0.4228	0.4218	0.4249	0.4352
574	L24	0.32	87.22	0.32	0.00	0.00	0.00	49.40	0.1177	0.1526	0.1825	0.2059	0.2249	0.2430	0.2553	0.2490	0.2213	0.1812	0.1386	0.1001	0.0695	0.0466	0.0301	0.0229	0.0211	0.0190	0.0160	0.0163	0.0301	0.0825	0.1529	0.1872	0.1925	0.1978	0.2180	0.2525	0.2926	0.3220	0.3341	0.3337	0.3259	0.3198	0.3276	0.3495
575	L25	8.52	88.70	8.52	0.00	10.37	0.00	36.37	0.1195	0.1419	0.1588	0.1722	0.1852	0.1971	0.2059	0.2016	0.1801	0.1482	0.1158	0.0887	0.0665	0.0481	0.0333	0.0261	0.0238	0.0215	0.0178	0.0179	0.0347	0.0996	0.1866	0.2310	0.2409	0.2475	0.2667	0.2983	0.3337	0.3585	0.3672	0.3654	0.3566	0.3500	0.3571	0.3781
576	L26	17.58	90.52	17.58	0.00	21.88	0.00	21.88	0.1180	0.1324	0.1399	0.1472	0.1534	0.1609	0.1672	0.1636	0.1464	0.1206	0.0959	0.0770	0.0617	0.0474	0.0344	0.0274	0.0252	0.0226	0.0189	0.0191	0.0381	0.1170	0.2288	0.2920	0.3122	0.3220	0.3386	0.3638	0.3912	0.4087	0.4129	0.4088	0.4005	0.3944	0.4002	0.4179
577	L27	22.09	90.22	25.30	0.00	34.64	0.00	14.65	0.1058	0.1119	0.1147	0.1157	0.1192	0.1245	0.1281	0.1242	0.1098	0.0892	0.0711	0.0585	0.0491	0.0393	0.0299	0.0246	0.0231	0.0210	0.0185	0.0193	0.0395	0.1247	0.2471	0.3180	0.3429	0.3540	0.3689	0.3904	0.4132	0.4271	0.4289	0.4235	0.4144	0.4085	0.4142	0.4310
578	L28	24.30	90.95	37.99	0.00	42.55	0.00	11.12	0.0924	0.0919	0.0898	0.0897	0.0898	0.0924	0.0946	0.0919	0.0806	0.0644	0.0509	0.0429	0.0375	0.0314	0.0247	0.0206	0.0193	0.0180	0.0167	0.0181	0.0372	0.1219	0.2496	0.3268	0.3557	0.3680	0.3821	0.4019	0.4228	0.4347	0.4351	0.4295	0.4203	0.4141	0.4195	0.4363
579	L29	25.55	89.97	50.48	0.00	51.21	0.00	9.12	0.0799	0.0765	0.0714	0.0692	0.0683	0.0693	0.0702	0.0673	0.0585	0.0464	0.0370	0.0322	0.0299	0.0269	0.0223	0.0193	0.0184	0.0179	0.0175	0.0196	0.0413	0.1319	0.2636	0.3420	0.3716	0.3839	0.3971	0.4152	0.4342	0.4448	0.4444	0.4382	0.4289	0.4228	0.4283	0.4440
580	L30	27.76	87.76	69.35	0.00	53.74	0.00	5.59	0.0659	0.0594	0.0565	0.0523	0.0509	0.0512	0.0515	0.0501	0.0443	0.0358	0.0300	0.0284	0.0290	0.0279	0.0242	0.0215	0.0204	0.0200	0.0200	0.0231	0.0491	0.1492	0.2864	0.3659	0.3961	0.4081	0.4192	0.4345	0.4504	0.4584	0.4563	0.4495	0.4402	0.4339	0.4388	0.4543
581	L31	31.25	87.16	87.16	0.00	53.42	0.00	0.00	0.0535	0.0447	0.0386	0.0340	0.0319	0.0315	0.0323	0.0328	0.0307	0.0265	0.0238	0.0256	0.0293	0.0301	0.0270	0.0240	0.0228	0.0223	0.0222	0.0252	0.0527	0.1568	0.2974	0.3792	0.4120	0.4246	0.4340	0.4454	0.4577	0.4622	0.4580	0.4504	0.4414	0.4360	0.4410	0.4556
582	L32	31.05	80.60	100.00	0.00	50.56	0.00	0.00	0.0382	0.0300	0.0222	0.0176	0.0156	0.0150	0.0158	0.0174	0.0191	0.0187	0.0193	0.0247	0.0321	0.0353	0.0328	0.0296	0.0284	0.0281	0.0283	0.0328	0.0662	0.1788	0.3170	0.3925	0.4215	0.4325	0.4405	0.4512	0.4630	0.4675	0.4626	0.4545	0.4456	0.4397	0.4446	0.4585
583	L33	0.00	99.89	0.00	0.00	0.07	0.00	50.44	0.0917	0.1159	0.1329	0.1480	0.1630	0.1780	0.1884	0.1825	0.1565	0.1210	0.0868	0.0587	0.0383	0.0244	0.0158	0.0123	0.0114	0.0108	0.0106	0.0127	0.0216	0.0604	0.1260	0.1648	0.1734	0.1796	0.2000	0.2348	0.2751	0.3054	0.3182	0.3185	0.3108	0.3054	0.3139	0.3359
584	L34	0.15	99.91	0.15	0.00	23.56	0.00	49.60	0.0789	0.0921	0.1022	0.1115	0.1206	0.1310	0.1369	0.1295	0.1069	0.0788	0.0541	0.0359	0.0239	0.0165	0.0119	0.0101	0.0097	0.0099	0.0106	0.0130	0.0217	0.0598	0.1268	0.1689	0.1794	0.1861	0.2051	0.2379	0.2767	0.3060	0.3185	0.3186	0.3113	0.3058	0.3141	0.3358
585	L35	13.41	100.00	13.98	0.00	27.47	0.00	28.52	0.0875	0.0944	0.0993	0.1038	0.1092	0.1162	0.1211	0.1160	0.0988	0.0751	0.0549	0.0403	0.0297	0.0215	0.0156	0.0126	0.0118	0.0114	0.0113	0.0134	0.0242	0.0793	0.1785	0.2440	0.2665	0.2777	0.2964	0.3250	0.3561	0.3771	0.3838	0.3815	0.3732	0.3675	0.3747	0.3942
586	L36	19.01	100.00	18.93	0.00	43.79	0.00	19.54	0.0818	0.0821	0.0834	0.0836	0.0861	0.0902	0.0931	0.0880	0.0731	0.0543	0.0396	0.0299	0.0234	0.0181	0.0140	0.0120	0.0113	0.0111	0.0114	0.0137	0.0253	0.0871	0.2011	0.2797	0.3103	0.3238	0.3405	0.3645	0.3903	0.4066	0.4102	0.4057	0.3971	0.3908	0.3972	0.4155
587	L37	23.73	100.00	32.76	0.00	52.81	0.00	12.03	0.0734	0.0694	0.0639	0.0630	0.0627	0.0649	0.0669	0.0629	0.0515	0.0382	0.0283	0.0226	0.0194	0.0164	0.0136	0.0119	0.0112	0.0111	0.0116	0.0140	0.0264	0.0918	0.2132	0.2976	0.3322	0.3471	0.3626	0.3835	0.4057	0.4190	0.4204	0.4150	0.4056	0.3997	0.4061	0.4240
588	L38	20.05	100.00	45.78	0.00	50.38	0.00	17.71	0.0629	0.0619	0.0592	0.0568	0.0570	0.0593	0.0609	0.0576	0.0483	0.0365	0.0276	0.0228	0.0204	0.0175	0.0144	0.0124	0.0117	0.0115	0.0121	0.0142	0.0259	0.0893	0.2069	0.2884	0.3209	0.3354	0.3519	0.3751	0.3998	0.4148	0.4174	0.4132	0.4047	0.3990	0.4056	0.4240
589	L39	23.60	100.00	66.84	0.00	50.41	0.00	12.02	0.0522	0.0487	0.0438	0.0411	0.0408	0.0423	0.0434	0.0418	0.0354	0.0274	0.0220	0.0198	0.0193	0.0178	0.0152	0.0132	0.0123	0.0122	0.0127	0.0149	0.0270	0.0939	0.2184	0.3057	0.3420	0.3572	0.3726	0.3931	0.4148	0.4278	0.4286	0.4227	0.4139	0.4076	0.4135	0.4313
590	L40	31.05	100.00	80.60	0.00	50.56	0.00	0.00	0.0508	0.0436	0.0374	0.0345	0.0327	0.0332	0.0340	0.0331	0.0291	0.0235	0.0200	0.0196	0.0206	0.0198	0.0172	0.0149	0.0138	0.0135	0.0137	0.0159	0.0295	0.1052	0.2445	0.3438	0.3881	0.4053	0.4161	0.4292	0.4434	0.4496	0.4460	0.4379	0.4274	0.4200	0.4252	0.4425
591	L41	31.52	100.00	100.00	0.00	49.57	0.00	0.00	0.0302	0.0227	0.0192	0.0163	0.0146	0.0142	0.0148	0.0158	0.0163	0.0150	0.0147	0.0180	0.0218	0.0226	0.0199	0.0172	0.0158	0.0152	0.0155	0.0173	0.0310	0.1062	0.2429	0.3399	0.3829	0.3995	0.4101	0.4229	0.4368	0.4428	0.4391	0.4312	0.4204	0.4131	0.4181	0.4344
592	L42	31.00	0.00	12.00	0.00	0.00	12.00	0.00	0.2657	0.3512	0.4254	0.4750	0.5068	0.5291	0.5517	0.5762	0.6020	0.6213	0.6362	0.6601	0.6882	0.7035	0.6944	0.6649	0.6268	0.5807	0.5268	0.4780	0.4360	0.4023	0.3718	0.3510	0.3414	0.3385	0.3405	0.3482	0.3597	0.3675	0.3697	0.3702	0.3685	0.3664	0.3716	0.3871
593	L43	33.19	0.29	22.79	0.00	0.00	12.20	0.00	0.2435	0.3162	0.3781	0.4163	0.4392	0.4582	0.4785	0.5027	0.5314	0.5512	0.5680	0.6026	0.6494	0.6833	0.6842	0.6565	0.6173	0.5698	0.5142	0.4641	0.4214	0.3872	0.3568	0.3357	0.3262	0.3232	0.3252	0.3331	0.3453	0.3538	0.3563	0.3562	0.3535	0.3511	0.3561	0.3724
594	L44	31.77	0.39	30.23	0.00	0.00	24.32	0.00	0.1963	0.2529	0.2989	0.3293	0.3514	0.3711	0.3932	0.4226	0.4592	0.4891	0.5141	0.5565	0.6134	0.6567	0.6618	0.6338	0.5925	0.5425	0.4848	0.4315	0.3832	0.3410	0.3039	0.2799	0.2689	0.2648	0.2650	0.2701	0.2802	0.2905	0.2980	0.3037	0.3076	0.3087	0.3128	0.3251
595	L45	34.02	0.34	38.76	0.00	0.00	28.73	0.00	0.1667	0.2100	0.2458	0.2695	0.2869	0.3065	0.3282	0.3579	0.3971	0.4291	0.4576	0.5072	0.5766	0.6330	0.6447	0.6169	0.5735	0.5209	0.4607	0.4054	0.3552	0.3107	0.2717	0.2469	0.2355	0.2314	0.2310	0.2353	0.2451	0.2559	0.2647	0.2724	0.2776	0.2793	0.2831	0.2950
596	L46	20.24	0.37	55.75	0.00	0.00	46.39	0.00	0.1117	0.1326	0.1486	0.1597	0.1735	0.1893	0.2092	0.2395	0.2828	0.3223	0.3586	0.4214	0.5141	0.5988	0.6301	0.6095	0.5677	0.5144	0.4533	0.3936	0.3333	0.2750	0.2246	0.1944	0.1805	0.1745	0.1716	0.1720	0.1789	0.1913	0.2066	0.2231	0.2380	0.2453	0.2479	0.2540
597	L47	17.60	0.24	66.50	0.00	0.00	56.36	0.00	0.0769	0.0889	0.0974	0.1052	0.1154	0.1298	0.1477	0.1762	0.2182	0.2582	0.2964	0.3649	0.4704	0.5711	0.6113	0.5908	0.5454	0.4869	0.4203	0.3548	0.2878	0.2225	0.1682	0.1375	0.1241	0.1187	0.1155	0.1150	0.1205	0.1324	0.1492	0.1688	0.1877	0.1978	0.2001	0.2045
598	L48	7.12	0.31	83.77	0.00	0.00	66.83	0.00	0.0390	0.0443	0.0479	0.0502	0.0549	0.0631	0.0743	0.0945	0.1280	0.1602	0.1950	0.2694	0.3976	0.5303	0.5932	0.5804	0.5347	0.4734	0.4028	0.3305	0.2543	0.1790	0.1192	0.0879	0.0751	0.0703	0.0674	0.0664	0.0708	0.0824	0.1005	0.1232	0.1468	0.1606	0.1621	0.1638
599	L49	0.00	0.00	99.83	0.00	0.09	74.46	0.00	0.0227	0.0215	0.0197	0.0184	0.0181	0.0191	0.0220	0.0306	0.0480	0.0663	0.0914	0.1636	0.3091	0.4759	0.5657	0.5624	0.5183	0.4559	0.3827	0.3071	0.2263	0.1474	0.0870	0.0570	0.0454	0.0410	0.0384	0.0373	0.0408	0.0509	0.0679	0.0906	0.1160	0.1315	0.1331	0.1335
600	L50	31.00	12.00	0.00	0.00	0.00	0.00	12.00	0.2799	0.3854	0.4841	0.5524	0.5950	0.6220	0.6413	0.6476	0.6387	0.6179	0.5884	0.5534	0.5165	0.4786	0.4379	0.4051	0.3843	0.3610	0.3285	0.3034	0.3025	0.3239	0.3373	0.3362	0.3324	0.3346	0.3459	0.3656	0.3872	0.3991	0.3992	0.3939	0.3862	0.3814	0.3890	0.4092
601	M1	40.00	15.00	15.00	0.00	0.00	0.00	0.00	0.2672	0.3594	0.4370	0.4871	0.5133	0.5315	0.5494	0.5645	0.5737	0.5721	0.5682	0.5763	0.5882	0.5877	0.5673	0.5365	0.5037	0.4624	0.4108	0.3680	0.3531	0.3645	0.3685	0.3635	0.3608	0.3614	0.3666	0.3789	0.3940	0.4004	0.3955	0.3859	0.3735	0.3649	0.3711	0.3914
602	M2	38.43	15.00	22.75	0.00	0.00	13.64	0.00	0.2158	0.2813	0.3350	0.3707	0.3939	0.4135	0.4350	0.4590	0.4841	0.4998	0.5096	0.5309	0.5574	0.5682	0.5527	0.5221	0.4880	0.4448	0.3916	0.3463	0.3255	0.3268	0.3206	0.3089	0.3026	0.3011	0.3037	0.3124	0.3252	0.3342	0.3362	0.3350	0.3310	0.3271	0.3326	0.3502
603	M3	34.36	15.00	34.36	0.00	0.00	22.57	0.00	0.1768	0.2245	0.2606	0.2834	0.3017	0.3195	0.3411	0.3683	0.4011	0.4248	0.4424	0.4759	0.5196	0.5477	0.5421	0.5146	0.4815	0.4390	0.3866	0.3411	0.3171	0.3122	0.2996	0.2843	0.2761	0.2733	0.2742	0.2802	0.2912	0.3017	0.3081	0.3122	0.3133	0.3126	0.3168	0.3303
604	M4	32.05	14.49	45.97	0.00	0.81	29.54	0.00	0.1510	0.1837	0.2077	0.2233	0.2360	0.2511	0.2706	0.2972	0.3318	0.3583	0.3810	0.4237	0.4847	0.5315	0.5367	0.5127	0.4802	0.4375	0.3849	0.3384	0.3116	0.3010	0.2832	0.2655	0.2560	0.2524	0.2521	0.2564	0.2661	0.2767	0.2857	0.2929	0.2979	0.2992	0.3028	0.3145
605	M5	29.34	15.31	58.06	0.00	0.00	35.58	0.00	0.1231	0.1451	0.1590	0.1678	0.1775	0.1904	0.2064	0.2311	0.2656	0.2929	0.3173	0.3675	0.4432	0.5079	0.5242	0.5035	0.4709	0.4277	0.3746	0.3271	0.2976	0.2825	0.2601	0.2405	0.2303	0.2261	0.2249	0.2277	0.2361	0.2477	0.2589	0.2696	0.2779	0.2815	0.2847	0.2939
606	M6	21.91	11.92	72.39	0.00	4.93	44.93	0.00	0.0892	0.0983	0.1023	0.1051	0.1099	0.1179	0.1295	0.1493	0.1777	0.2007	0.2234	0.2749	0.3600	0.4397	0.4700	0.4585	0.4325	0.3976	0.3568	0.3210	0.2934	0.2690	0.2379	0.2144	0.2029	0.1979	0.1953	0.1963	0.2034	0.2148	0.2285	0.2434	0.2570	0.2636	0.2662	0.2728
607	M7	12.57	8.48	86.65	0.00	10.43	56.34	0.00	0.0534	0.0558	0.0537	0.0528	0.0529	0.0571	0.0643	0.0785	0.1012	0.1204	0.1412	0.1937	0.2860	0.3782	0.4204	0.4165	0.3956	0.3668	0.3342	0.3054	0.2747	0.2372	0.1959	0.1694	0.1573	0.1522	0.1494	0.1487	0.1542	0.1656	0.1818	0.2009	0.2197	0.2303	0.2321	0.2351
608	M8	0.16	0.16	99.90	0.00	23.45	73.57	0.00	0.0220	0.0208	0.0178	0.0165	0.0162	0.0169	0.0191	0.0257	0.0382	0.0495	0.0650	0.1092	0.1939	0.2853	0.3342	0.3392	0.3262	0.3067	0.2876	0.2698	0.2336	0.1775	0.1264	0.0989	0.0876	0.0830	0.0803	0.0789	0.0825	0.0925	0.1087	0.1298	0.1529	0.1665	0.1678	0.1678
609	M9	33.19	22.79	0.29	0.00	0.00	0.00	12.20	0.2670	0.3629	0.4491	0.5120	0.5507	0.5764	0.5959	0.6001	0.5873	0.5613	0.5274	0.4905	0.4520	0.4125	0.3714	0.3402	0.3212	0.2989	0.2663	0.2421	0.2501	0.2918	0.3234	0.3307	0.3300	0.3322	0.3427	0.3616	0.3830	0.3951	0.3948	0.3884	0.3789	0.3725	0.3796	0.3993
610	M10	38.43	22.75	15.00	0.00	0.00	0.00	13.64	0.2216	0.2995	0.3675	0.4121	0.4387	0.4584	0.4748	0.4844	0.4841	0.4694	0.4481	0.4296	0.4122	0.3874	0.3516	0.3216	0.3022	0.2791	0.2461	0.2211	0.2263	0.2621	0.2883	0.2926	0.2906	0.2926	0.3033	0.3228	0.3451	0.3577	0.3570	0.3500	0.3398	0.3327	0.3394	0.3603
611	M11	42.82	29.12	29.12	0.00	0.00	3.41	3.41	0.2047	0.2665	0.3169	0.3476	0.3641	0.3775	0.3925	0.4064	0.4158	0.4126	0.4060	0.4123	0.4245	0.4226	0.3987	0.3701	0.3458	0.3137	0.2708	0.2372	0.2374	0.2731	0.2988	0.3025	0.3023	0.3041	0.3113	0.3261	0.3436	0.3530	0.3510	0.3436	0.3332	0.3256	0.3322	0.3538
612	M12	40.32	31.25	40.32	0.00	0.00	11.72	0.00	0.1772	0.2212	0.2558	0.2754	0.2872	0.3005	0.3147	0.3318	0.3487	0.3541	0.3571	0.3770	0.4078	0.4239	0.4107	0.3856	0.3605	0.3261	0.2814	0.2451	0.2417	0.2736	0.2954	0.2967	0.2951	0.2955	0.2995	0.3094	0.3234	0.3330	0.3346	0.3325	0.3276	0.3233	0.3286	0.3459
613	M13	38.88	31.11	52.33	0.00	0.23	16.46	0.00	0.1495	0.1804	0.2017	0.2142	0.2214	0.2305	0.2435	0.2611	0.2813	0.2912	0.2996	0.3295	0.3764	0.4085	0.4050	0.3828	0.3581	0.3244	0.2803	0.2440	0.2387	0.2678	0.2866	0.2863	0.2838	0.2835	0.2868	0.2954	0.3082	0.3186	0.3226	0.3232	0.3209	0.3181	0.3233	0.3391
614	M14	34.53	26.35	63.18	0.00	7.84	23.66	0.00	0.1181	0.1351	0.1465	0.1510	0.1545	0.1609	0.1707	0.1859	0.2048	0.2154	0.2251	0.2576	0.3115	0.3549	0.3622	0.3469	0.3271	0.3006	0.2686	0.2457	0.2455	0.2678	0.2783	0.2736	0.2692	0.2678	0.2692	0.2753	0.2863	0.2969	0.3035	0.3080	0.3101	0.3103	0.3144	0.3270
615	M15	31.10	24.48	77.29	0.00	10.84	26.82	0.00	0.0923	0.0967	0.0961	0.0937	0.0928	0.0957	0.1024	0.1156	0.1341	0.1452	0.1574	0.1963	0.2628	0.3212	0.3389	0.3287	0.3114	0.2883	0.2611	0.2424	0.2439	0.2648	0.2732	0.2679	0.2634	0.2617	0.2629	0.2679	0.2779	0.2884	0.2963	0.3028	0.3078	0.3091	0.3133	0.3242
616	M16	25.30	22.09	90.22	0.00	14.65	34.64	0.00	0.0576	0.0534	0.0462	0.0387	0.0362	0.0368	0.0401	0.0500	0.0660	0.0772	0.0912	0.1343	0.2113	0.2843	0.3133	0.3090	0.2950	0.2752	0.2522	0.2373	0.2384	0.2534	0.2554	0.2467	0.2405	0.2382	0.2384	0.2424	0.2509	0.2619	0.2723	0.2826	0.2927	0.2976	0.3008	0.3090
617	M17	18.93	19.01	100.00	0.00	19.54	43.79	0.00	0.0393	0.0343	0.0269	0.0220	0.0191	0.0192	0.0208	0.0273	0.0383	0.0469	0.0594	0.0999	0.1789	0.2602	0.2984	0.2989	0.2877	0.2704	0.2511	0.2397	0.2396	0.2468	0.2400	0.2269	0.2189	0.2156	0.2147	0.2164	0.2238	0.2354	0.2486	0.2628	0.2765	0.2838	0.2869	0.2930
618	M18	30.23	31.77	0.39	0.00	0.00	0.00	24.32	0.2199	0.3070	0.3860	0.4405	0.4773	0.5033	0.5212	0.5230	0.5058	0.4752	0.4352	0.3911	0.3473	0.3068	0.2673	0.2404	0.2270	0.2120	0.1890	0.1729	0.1831	0.2216	0.2525	0.2597	0.2577	0.2601	0.2732	0.2964	0.3230	0.3396	0.3427	0.3380	0.3293	0.3236	0.3308	0.3513
619	M19	34.36	34.36	15.00	0.00	0.00	0.00	22.57	0.1921	0.2631	0.3218	0.3605	0.3842	0.4023	0.4179	0.4245	0.4186	0.3983	0.3705	0.3441	0.3182	0.2886	0.2532	0.2272	0.2134	0.1978	0.1743	0.1577	0.1671	0.2053	0.2363	0.2435	0.2417	0.2440	0.2567	0.2798	0.3063	0.3229	0.3252	0.3201	0.3105	0.3038	0.3112	0.3327
620	M20	40.32	40.32	31.25	0.00	0.00	0.00	11.72	0.1815	0.2359	0.2771	0.3018	0.3151	0.3270	0.3394	0.3487	0.3514	0.3414	0.3271	0.3223	0.3215	0.3094	0.2812	0.2558	0.2392	0.2182	0.1880	0.1659	0.1758	0.2227	0.2616	0.2724	0.2732	0.2763	0.2873	0.3070	0.3292	0.3413	0.3403	0.3330	0.3222	0.3153	0.3224	0.3434
621	M21	42.76	42.76	42.76	0.85	4.66	4.66	4.66	0.1548	0.1955	0.2230	0.2371	0.2440	0.2519	0.2622	0.2719	0.2777	0.2720	0.2642	0.2706	0.2852	0.2882	0.2710	0.2500	0.2332	0.2114	0.1827	0.1627	0.1744	0.2249	0.2660	0.2777	0.2799	0.2829	0.2907	0.3058	0.3239	0.3337	0.3327	0.3259	0.3162	0.3097	0.3162	0.3366
622	M22	42.39	42.39	55.39	1.22	7.40	7.40	0.00	0.1316	0.1582	0.1740	0.1804	0.1835	0.1891	0.1975	0.2075	0.2160	0.2149	0.2132	0.2293	0.2581	0.2758	0.2682	0.2514	0.2353	0.2132	0.1856	0.1671	0.1802	0.2323	0.2736	0.2848	0.2877	0.2903	0.2959	0.3075	0.3228	0.3316	0.3309	0.3258	0.3183	0.3129	0.3191	0.3378
623	M23	38.88	38.88	66.43	0.00	15.13	15.13	0.00	0.1064	0.1216	0.1286	0.1304	0.1321	0.1359	0.1424	0.1525	0.1632	0.1655	0.1677	0.1879	0.2239	0.2500	0.2499	0.2370	0.2240	0.2065	0.1854	0.1738	0.1898	0.2387	0.2750	0.2834	0.2844	0.2852	0.2887	0.2973	0.3098	0.3191	0.3220	0.3216	0.3187	0.3159	0.3210	0.3365
624	M24	37.34	37.34	80.26	0.00	16.47	16.47	0.00	0.0837	0.0874	0.0847	0.0788	0.0755	0.0771	0.0811	0.0902	0.1031	0.1089	0.1157	0.1447	0.1949	0.2359	0.2447	0.2355	0.2241	0.2083	0.1886	0.1785	0.1953	0.2447	0.2807	0.2887	0.2894	0.2905	0.2936	0.3016	0.3138	0.3229	0.3264	0.3272	0.3261	0.3244	0.3291	0.3434
625	M25	33.50	33.50	93.62	0.00	20.48	20.48	0.00	0.0599	0.0508	0.0403	0.0328	0.0284	0.0278	0.0299	0.0369	0.0485	0.0556	0.0651	0.0984	0.1586	0.2129	0.2321	0.2280	0.2199	0.2078	0.1934	0.1886	0.2091	0.2571	0.2885	0.2939	0.2934	0.2931	0.2953	0.3017	0.3125	0.3218	0.3267	0.3296	0.3306	0.3300	0.3346	0.3473
626	M26	29.20	27.84	100.00	0.00	29.43	26.84	0.00	0.0478	0.0400	0.0312	0.0244	0.0213	0.0201	0.0218	0.0274	0.0367	0.0430	0.0519	0.0829	0.1418	0.1996	0.2252	0.2265	0.2222	0.2162	0.2118	0.2191	0.2429	0.2775	0.2917	0.2882	0.2839	0.2823	0.2831	0.2876	0.2966	0.3059	0.3133	0.3194	0.3241	0.3260	0.3295	0.3393
627	M27	27.16	44.60	0.36	0.00	0.00	0.00	30.84	0.1864	0.2579	0.3218	0.3679	0.4018	0.4277	0.4448	0.4429	0.4197	0.3807	0.3330	0.2812	0.2330	0.1910	0.1539	0.1324	0.1239	0.1144	0.0991	0.0900	0.1061	0.1591	0.2107	0.2296	0.2310	0.2346	0.2490	0.2739	0.3027	0.3216	0.3264	0.3230	0.3144	0.3080	0.3147	0.3348
628	M28	32.05	45.97	14.49	0.00	0.81	0.00	29.54	0.1637	0.2223	0.2717	0.3052	0.3259	0.3447	0.3587	0.3620	0.3507	0.3243	0.2896	0.2534	0.2182	0.1830	0.1480	0.1265	0.1177	0.1077	0.0922	0.0828	0.0979	0.1486	0.1973	0.2141	0.2150	0.2185	0.2329	0.2580	0.2869	0.3056	0.3098	0.3059	0.2971	0.2906	0.2983	0.3189
629	M29	38.88	52.33	31.11	0.00	0.23	0.00	16.46	0.1582	0.2038	0.2372	0.2574	0.2698	0.2822	0.2939	0.3004	0.2978	0.2811	0.2596	0.2441	0.2300	0.2075	0.1759	0.1531	0.1419	0.1276	0.1063	0.0929	0.1101	0.1716	0.2293	0.2501	0.2537	0.2579	0.2706	0.2926	0.3173	0.3321	0.3330	0.3266	0.3164	0.3093	0.3166	0.3371
630	M30	42.39	55.39	42.39	1.22	7.40	0.00	7.40	0.1416	0.1757	0.1960	0.2074	0.2142	0.2221	0.2301	0.2350	0.2332	0.2198	0.2050	0.2006	0.2015	0.1935	0.1720	0.1539	0.1434	0.1294	0.1093	0.0969	0.1171	0.1854	0.2489	0.2722	0.2783	0.2828	0.2929	0.3110	0.3316	0.3425	0.3406	0.3323	0.3203	0.3122	0.3189	0.3399
631	M31	43.66	55.76	55.77	1.87	11.00	1.05	1.07	0.1332	0.1537	0.1649	0.1681	0.1696	0.1744	0.1802	0.1857	0.1874	0.1793	0.1714	0.1785	0.1961	0.2035	0.1922	0.1778	0.1675	0.1521	0.1306	0.1172	0.1390	0.2125	0.2789	0.3039	0.3123	0.3176	0.3259	0.3399	0.3562	0.3635	0.3590	0.3494	0.3379	0.3310	0.3382	0.3589
632	M32	41.79	53.83	67.85	1.52	16.67	5.47	0.00	0.1062	0.1222	0.1254	0.1242	0.1241	0.1263	0.1306	0.1366	0.1414	0.1376	0.1340	0.1467	0.1715	0.1872	0.1825	0.1717	0.1635	0.1513	0.1348	0.1262	0.1496	0.2197	0.2804	0.3017	0.3078	0.3115	0.3174	0.3291	0.3442	0.3523	0.3507	0.3442	0.3350	0.3287	0.3347	0.3529
633	M33	39.95	51.46	81.76	0.00	20.62	10.08	0.00	0.0856	0.0887	0.0833	0.0785	0.0764	0.0765	0.0797	0.0866	0.0939	0.0948	0.0966	0.1156	0.1494	0.1744	0.1762	0.1682	0.1616	0.1519	0.1389	0.1335	0.1568	0.2217	0.2758	0.2933	0.2980	0.3009	0.3060	0.3162	0.3295	0.3380	0.3388	0.3359	0.3315	0.3284	0.3340	0.3502
634	M34	34.26	47.45	93.76	0.00	24.60	19.11	0.00	0.0556	0.0495	0.0407	0.0347	0.0303	0.0301	0.0325	0.0387	0.0486	0.0538	0.0604	0.0856	0.1285	0.1636	0.1723	0.1673	0.1621	0.1541	0.1440	0.1411	0.1640	0.2229	0.2697	0.2834	0.2858	0.2873	0.2905	0.2979	0.3093	0.3182	0.3224	0.3249	0.3262	0.3262	0.3307	0.3434
635	M35	33.23	43.93	100.00	0.00	31.36	20.83	0.00	0.0444	0.0370	0.0297	0.0237	0.0204	0.0199	0.0212	0.0258	0.0336	0.0381	0.0448	0.0684	0.1103	0.1473	0.1593	0.1567	0.1532	0.1481	0.1424	0.1447	0.1700	0.2265	0.2698	0.2816	0.2832	0.2840	0.2865	0.2931	0.3037	0.3127	0.3173	0.3201	0.3217	0.3216	0.3258	0.3380
636	M36	20.24	55.75	0.37	0.00	0.00	0.00	46.39	0.1438	0.2021	0.2578	0.2995	0.3297	0.3550	0.3714	0.3674	0.3411	0.2996	0.2500	0.1983	0.1527	0.1168	0.0878	0.0725	0.0676	0.0627	0.0544	0.0506	0.0642	0.1067	0.1496	0.1646	0.1640	0.1666	0.1818	0.2094	0.2428	0.2670	0.2754	0.2730	0.2638	0.2571	0.2646	0.2861
637	M37	29.34	58.06	15.31	0.00	0.00	0.00	35.58	0.1403	0.1907	0.2303	0.2565	0.2758	0.2930	0.3061	0.3077	0.2939	0.2647	0.2288	0.1942	0.1627	0.1322	0.1029	0.0857	0.0792	0.0718	0.0605	0.0546	0.0702	0.1201	0.1694	0.1870	0.1876	0.1910	0.2058	0.2323	0.2632	0.2844	0.2903	0.2868	0.2772	0.2703	0.2775	0.2987
638	M38	34.53	63.18	26.35	0.00	7.84	0.00	23.66	0.1356	0.1740	0.2005	0.2157	0.2262	0.2373	0.2465	0.2476	0.2368	0.2137	0.1882	0.1684	0.1515	0.1313	0.1078	0.0926	0.0863	0.0787	0.0672	0.0615	0.0815	0.1438	0.2052	0.2291	0.2333	0.2381	0.2519	0.2755	0.3024	0.3195	0.3223	0.3172	0.3079	0.3017	0.3089	0.3299
639	M39	38.88	66.43	38.88	0.00	15.13	0.00	15.13	0.1294	0.1528	0.1670	0.1736	0.1789	0.1859	0.1923	0.1940	0.1866	0.1691	0.1505	0.1400	0.1338	0.1222	0.1041	0.0911	0.0853	0.0777	0.0667	0.0619	0.0852	0.1566	0.2272	0.2557	0.2625	0.2676	0.2796	0.3001	0.3232	0.3369	0.3374	0.3304	0.3191	0.3116	0.3182	0.3383
640	M40	41.79	67.85	53.83	1.52	16.67	0.00	5.47	0.1169	0.1317	0.1371	0.1394	0.1404	0.1438	0.1487	0.1519	0.1489	0.1370	0.1252	0.1237	0.1282	0.1249	0.1105	0.0985	0.0925	0.0835	0.0706	0.0645	0.0906	0.1733	0.2549	0.2889	0.2994	0.3052	0.3148	0.3313	0.3502	0.3600	0.3577	0.3489	0.3369	0.3289	0.3352	0.3553
641	M41	42.20	65.66	65.66	1.70	23.91	2.31	2.31	0.0998	0.1104	0.1112	0.1087	0.1064	0.1081	0.1111	0.1141	0.1139	0.1058	0.0985	0.1026	0.1133	0.1168	0.1081	0.0989	0.0941	0.0873	0.0775	0.0748	0.1039	0.1885	0.2705	0.3043	0.3151	0.3204	0.3280	0.3415	0.3575	0.3653	0.3620	0.3534	0.3420	0.3343	0.3401	0.3584
642	M42	40.94	62.62	79.76	1.37	29.68	6.97	0.00	0.0771	0.0773	0.0730	0.0682	0.0655	0.0664	0.0688	0.0725	0.0756	0.0726	0.0700	0.0797	0.0978	0.1089	0.1056	0.0990	0.0953	0.0901	0.0835	0.0843	0.1146	0.1963	0.2732	0.3040	0.3131	0.3170	0.3221	0.3320	0.3453	0.3532	0.3526	0.3478	0.3405	0.3351	0.3398	0.3564
643	M43	37.60	58.23	94.40	0.00	33.31	13.67	0.00	0.0508	0.0439	0.0359	0.0289	0.0251	0.0238	0.0252	0.0295	0.0354	0.0376	0.0410	0.0566	0.0829	0.1026	0.1052	0.1011	0.0987	0.0955	0.0923	0.0966	0.1285	0.2048	0.2717	0.2960	0.3022	0.3044	0.3080	0.3160	0.3275	0.3358	0.3383	0.3376	0.3343	0.3316	0.3358	0.3505
644	M44	37.64	53.15	100.00	0.00	41.84	13.74	0.00	0.0429	0.0352	0.0269	0.0211	0.0179	0.0175	0.0181	0.0212	0.0261	0.0276	0.0304	0.0436	0.0662	0.0846	0.0891	0.0871	0.0868	0.0875	0.0913	0.1049	0.1433	0.2188	0.2812	0.3028	0.3079	0.3101	0.3136	0.3212	0.3326	0.3409	0.3430	0.3425	0.3400	0.3380	0.3422	0.3562
645	M45	17.60	66.50	0.24	0.00	0.00	0.00	56.36	0.1084	0.1630	0.2110	0.2461	0.2731	0.2971	0.3126	0.3082	0.2809	0.2387	0.1902	0.1414	0.1012	0.0719	0.0506	0.0403	0.0375	0.0350	0.0308	0.0300	0.0406	0.0726	0.1070	0.1187	0.1169	0.1190	0.1340	0.1621	0.1968	0.2234	0.2336	0.2324	0.2239	0.2173	0.2250	0.2472
646	M46	21.91	72.39	11.92	0.00	4.93	0.00	44.93	0.1138	0.1523	0.1828	0.2042	0.2203	0.2351	0.2461	0.2445	0.2250	0.1924	0.1557	0.1212	0.0922	0.0679	0.0483	0.0382	0.0353	0.0323	0.0277	0.0271	0.0407	0.0846	0.1328	0.1517	0.1524	0.1559	0.1720	0.2010	0.2351	0.2597	0.2685	0.2666	0.2581	0.2520	0.2596	0.2820
647	M47	31.10	77.29	24.48	0.00	10.84	0.00	26.82	0.1213	0.1489	0.1673	0.1773	0.1861	0.1961	0.2045	0.2036	0.1894	0.1641	0.1368	0.1147	0.0954	0.0755	0.0562	0.0453	0.0416	0.0369	0.0299	0.0278	0.0478	0.1157	0.1909	0.2237	0.2308	0.2364	0.2512	0.2760	0.3041	0.3224	0.3266	0.3223	0.3132	0.3067	0.3138	0.3348
648	M48	37.34	80.26	37.34	0.00	16.47	0.00	16.47	0.1123	0.1312	0.1410	0.1472	0.1516	0.1583	0.1648	0.1648	0.1547	0.1348	0.1142	0.1000	0.0887	0.0738	0.0565	0.0463	0.0424	0.0372	0.0297	0.0272	0.0495	0.1272	0.2150	0.2552	0.2663	0.2732	0.2865	0.3081	0.3323	0.3468	0.3480	0.3424	0.3326	0.3260	0.3326	0.3528
649	M49	39.95	81.76	51.46	0.00	20.62	0.00	10.08	0.0993	0.1126	0.1168	0.1182	0.1201	0.1245	0.1290	0.1298	0.1234	0.1088	0.0936	0.0862	0.0816	0.0718	0.0568	0.0473	0.0437	0.0386	0.0308	0.0284	0.0526	0.1377	0.2350	0.2807	0.2949	0.3020	0.3140	0.3331	0.3543	0.3662	0.3658	0.3585	0.3477	0.3408	0.3471	0.3663
650	M50	40.94	79.76	62.62	1.37	29.68	0.00	6.97	0.0904	0.0963	0.0983	0.0980	0.0972	0.0996	0.1033	0.1042	0.1000	0.0885	0.0776	0.0742	0.0741	0.0682	0.0560	0.0474	0.0439	0.0391	0.0324	0.0307	0.0567	0.1451	0.2444	0.2910	0.3059	0.3138	0.3253	0.3431	0.3625	0.3729	0.3713	0.3640	0.3538	0.3474	0.3536	0.3723
651	N1	41.47	77.25	77.25	1.88	34.12	2.79	2.79	0.0796	0.0824	0.0823	0.0805	0.0790	0.0804	0.0829	0.0850	0.0847	0.0780	0.0725	0.0770	0.0876	0.0930	0.0873	0.0798	0.0750	0.0694	0.0648	0.0692	0.0993	0.1828	0.2775	0.3257	0.3433	0.3504	0.3578	0.3701	0.3849	0.3920	0.3889	0.3810	0.3705	0.3633	0.3687	0.3857
652	N2	40.69	75.37	93.02	2.03	32.50	6.64	0.00	0.0512	0.0501	0.0470	0.0419	0.0391	0.0390	0.0407	0.0439	0.0473	0.0463	0.0463	0.0562	0.0736	0.0839	0.0804	0.0732	0.0688	0.0633	0.0580	0.0614	0.0915	0.1764	0.2669	0.3092	0.3237	0.3294	0.3353	0.3455	0.3591	0.3668	0.3661	0.3614	0.3539	0.3486	0.3535	0.3691
653	N3	36.41	72.87	100.00	0.00	26.46	15.46	0.00	0.0407	0.0358	0.0275	0.0234	0.0207	0.0199	0.0209	0.0247	0.0304	0.0324	0.0355	0.0502	0.0751	0.0920	0.0903	0.0832	0.0784	0.0717	0.0640	0.0645	0.0940	0.1769	0.2591	0.2934	0.3035	0.3070	0.3110	0.3190	0.3311	0.3398	0.3426	0.3423	0.3392	0.3360	0.3405	0.3546
654	N4	7.12	83.77	0.31	0.00	0.00	0.00	66.83	0.0786	0.1220	0.1574	0.1837	0.2063	0.2271	0.2410	0.2354	0.2076	0.1673	0.1237	0.0836	0.0536	0.0345	0.0229	0.0177	0.0167	0.0160	0.0150	0.0165	0.0243	0.0482	0.0767	0.0872	0.0846	0.0858	0.0995	0.1273	0.1638	0.1924	0.2049	0.2041	0.1948	0.1877	0.1961	0.2194
655	N5	12.57	86.65	8.48	0.00	10.43	0.00	56.34	0.0781	0.1071	0.1311	0.1481	0.1637	0.1777	0.1877	0.1831	0.1611	0.1286	0.0951	0.0665	0.0453	0.0305	0.0205	0.0161	0.0149	0.0142	0.0135	0.0152	0.0247	0.0562	0.0967	0.1141	0.1140	0.1166	0.1318	0.1611	0.1981	0.2266	0.2375	0.2363	0.2265	0.2190	0.2272	0.2509
656	N6	25.30	90.22	22.09	0.00	14.65	0.00	34.64	0.0882	0.1084	0.1203	0.1288	0.1370	0.1473	0.1547	0.1522	0.1361	0.1110	0.0861	0.0670	0.0524	0.0393	0.0280	0.0220	0.0199	0.0179	0.0155	0.0163	0.0299	0.0840	0.1571	0.1941	0.2028	0.2084	0.2240	0.2505	0.2811	0.3021	0.3081	0.3048	0.2951	0.2881	0.2957	0.3165
657	N7	33.50	93.62	33.50	0.00	20.48	0.00	20.48	0.0829	0.0941	0.1006	0.1042	0.1094	0.1158	0.1217	0.1204	0.1080	0.0879	0.0687	0.0559	0.0462	0.0360	0.0261	0.0206	0.0186	0.0167	0.0146	0.0155	0.0291	0.0888	0.1793	0.2314	0.2487	0.2572	0.2714	0.2941	0.3195	0.3355	0.3375	0.3318	0.3214	0.3135	0.3204	0.3405
658	N8	33.84	93.65	47.11	0.00	26.16	0.00	19.75	0.0723	0.0790	0.0815	0.0840	0.0867	0.0915	0.0959	0.0952	0.0859	0.0703	0.0556	0.0468	0.0407	0.0333	0.0250	0.0201	0.0182	0.0164	0.0147	0.0157	0.0291	0.0900	0.1827	0.2370	0.2555	0.2646	0.2786	0.3006	0.3254	0.3406	0.3425	0.3367	0.3265	0.3192	0.3259	0.3458
659	N9	37.60	94.40	58.23	0.00	33.31	0.00	13.67	0.0653	0.0692	0.0695	0.0694	0.0708	0.0733	0.0766	0.0761	0.0691	0.0564	0.0454	0.0398	0.0366	0.0311	0.0240	0.0196	0.0178	0.0160	0.0146	0.0159	0.0295	0.0936	0.1939	0.2546	0.2768	0.2871	0.3003	0.3204	0.3430	0.3562	0.3563	0.3494	0.3388	0.3315	0.3385	0.3580
660	N10	40.69	93.02	75.37	2.03	32.50	0.00	6.64	0.0576	0.0582	0.0567	0.0549	0.0545	0.0567	0.0590	0.0592	0.0557	0.0474	0.0400	0.0382	0.0384	0.0349	0.0277	0.0226	0.0203	0.0182	0.0160	0.0168	0.0318	0.1012	0.2057	0.2676	0.2909	0.3010	0.3124	0.3298	0.3491	0.3595	0.3574	0.3491	0.3379	0.3301	0.3367	0.3560
661	N11	42.52	88.24	88.24	5.47	36.82	0.00	0.00	0.0527	0.0482	0.0449	0.0414	0.0386	0.0389	0.0407	0.0423	0.0420	0.0382	0.0352	0.0382	0.0444	0.0450	0.0383	0.0324	0.0294	0.0261	0.0223	0.0226	0.0436	0.1279	0.2392	0.3004	0.3241	0.3339	0.3423	0.3555	0.3707	0.3776	0.3735	0.3642	0.3523	0.3447	0.3507	0.3700
662	N12	40.20	88.43	100.00	2.49	26.58	6.59	0.00	0.0366	0.0321	0.0256	0.0202	0.0182	0.0181	0.0186	0.0216	0.0260	0.0266	0.0283	0.0377	0.0521	0.0575	0.0502	0.0428	0.0391	0.0340	0.0277	0.0261	0.0473	0.1299	0.2331	0.2859	0.3049	0.3129	0.3203	0.3321	0.3469	0.3554	0.3550	0.3497	0.3419	0.3361	0.3421	0.3592
663	N13	0.00	99.83	0.00	0.00	0.09	0.00	74.46	0.0484	0.0777	0.1018	0.1200	0.1379	0.1542	0.1654	0.1597	0.1349	0.1010	0.0678	0.0412	0.0237	0.0144	0.0102	0.0088	0.0085	0.0089	0.0098	0.0122	0.0177	0.0311	0.0479	0.0527	0.0483	0.0484	0.0608	0.0884	0.1268	0.1583	0.1726	0.1729	0.1632	0.1553	0.1638	0.1891
664	N14	0.16	99.90	0.16	0.00	23.45	0.00	73.57	0.0397	0.0590	0.0774	0.0900	0.1020	0.1138	0.1213	0.1150	0.0931	0.0665	0.0427	0.0256	0.0153	0.0106	0.0087	0.0079	0.0079	0.0084	0.0094	0.0121	0.0177	0.0301	0.0452	0.0495	0.0451	0.0449	0.0559	0.0817	0.1184	0.1492	0.1629	0.1633	0.1541	0.1467	0.1553	0.1804
665	N15	18.93	100.00	19.01	0.00	19.54	0.00	43.79	0.0652	0.0784	0.0883	0.0957	0.1027	0.1115	0.1184	0.1151	0.0992	0.0762	0.0549	0.0391	0.0279	0.0201	0.0145	0.0120	0.0114	0.0110	0.0114	0.0135	0.0215	0.0552	0.1118	0.1449	0.1520	0.1572	0.1736	0.2029	0.2378	0.2630	0.2717	0.2694	0.2603	0.2534	0.2613	0.2842
666	N16	28.68	100.00	29.18	0.00	27.20	0.00	28.09	0.0670	0.0766	0.0823	0.0864	0.0908	0.0974	0.1026	0.0999	0.0863	0.0671	0.0499	0.0382	0.0298	0.0226	0.0165	0.0134	0.0124	0.0117	0.0117	0.0137	0.0234	0.0696	0.1493	0.1993	0.2157	0.2243	0.2396	0.2646	0.2931	0.3119	0.3163	0.3123	0.3030	0.2967	0.3043	0.3258
667	N17	31.70	100.00	44.20	0.00	32.08	0.00	23.28	0.0617	0.0686	0.0709	0.0723	0.0749	0.0798	0.0835	0.0821	0.0720	0.0568	0.0432	0.0349	0.0292	0.0231	0.0175	0.0143	0.0131	0.0124	0.0120	0.0138	0.0239	0.0737	0.1596	0.2137	0.2327	0.2420	0.2569	0.2802	0.3069	0.3238	0.3268	0.3218	0.3123	0.3058	0.3137	0.3345
668	N18	37.64	100.00	53.15	0.00	41.84	0.00	13.74	0.0583	0.0607	0.0600	0.0600	0.0607	0.0634	0.0667	0.0650	0.0570	0.0450	0.0349	0.0297	0.0263	0.0221	0.0175	0.0144	0.0132	0.0126	0.0125	0.0143	0.0252	0.0811	0.1790	0.2428	0.2676	0.2789	0.2923	0.3124	0.3347	0.3475	0.3478	0.3412	0.3304	0.3236	0.3308	0.3510
669	N19	36.41	100.00	72.87	0.00	26.46	0.00	15.46	0.0541	0.0559	0.0553	0.0542	0.0545	0.0566	0.0590	0.0595	0.0548	0.0454	0.0370	0.0336	0.0321	0.0277	0.0213	0.0172	0.0155	0.0142	0.0133	0.0147	0.0255	0.0810	0.1750	0.2341	0.2560	0.2661	0.2798	0.3011	0.3249	0.3386	0.3389	0.3324	0.3218	0.3143	0.3220	0.3435
670	N20	40.20	100.00	88.43	2.49	26.58	0.00	6.59	0.0450	0.0437	0.0403	0.0380	0.0374	0.0382	0.0396	0.0412	0.0399	0.0345	0.0301	0.0306	0.0326	0.0301	0.0238	0.0193	0.0175	0.0158	0.0145	0.0157	0.0272	0.0878	0.1892	0.2533	0.2785	0.2902	0.3029	0.3211	0.3416	0.3524	0.3505	0.3423	0.3308	0.3236	0.3312	0.3518
671	N21	40.71	100.00	100.00	8.38	25.54	0.00	0.00	0.0349	0.0302	0.0249	0.0211	0.0193	0.0193	0.0205	0.0222	0.0236	0.0221	0.0217	0.0260	0.0313	0.0313	0.0257	0.0211	0.0190	0.0171	0.0156	0.0164	0.0284	0.0903	0.1938	0.2593	0.2865	0.2984	0.3083	0.3223	0.3381	0.3456	0.3422	0.3337	0.3228	0.3157	0.3226	0.3419
672	N22	50.00	0.00	12.00	0.00	0.00	0.00	0.00	0.2410	0.3450	0.4377	0.4986	0.5303	0.5527	0.5771	0.5988	0.6155	0.6233	0.6284	0.6460	0.6687	0.6771	0.6583	0.6170	0.5662	0.5063	0.4382	0.3790	0.3355	0.3074	0.2839	0.2676	0.2621	0.2631	0.2698	0.2846	0.3023	0.3099	0.3048	0.2950	0.2826	0.2745	0.2822	0.3060
673	N23	42.19	0.39	21.51	0.00	0.00	22.89	0.00	0.1991	0.2655	0.3243	0.3648	0.3925	0.4161	0.4422	0.4729	0.5089	0.5377	0.5602	0.5949	0.6361	0.6611	0.6521	0.6150	0.5668	0.5101	0.4461	0.3889	0.3410	0.3025	0.2693	0.2481	0.2389	0.2366	0.2384	0.2460	0.2581	0.2679	0.2722	0.2741	0.2734	0.2717	0.2764	0.2921
674	N24	38.76	0.34	34.02	0.00	0.00	28.73	0.00	0.1695	0.2204	0.2616	0.2884	0.3076	0.3273	0.3502	0.3802	0.4186	0.4512	0.4794	0.5253	0.5868	0.6341	0.6397	0.6092	0.5645	0.5106	0.4496	0.3938	0.3443	0.3017	0.2646	0.2412	0.2308	0.2273	0.2279	0.2332	0.2437	0.2538	0.2610	0.2675	0.2715	0.2729	0.2771	0.2896
675	N25	44.66	0.37	44.50	0.00	0.00	35.12	0.00	0.1375	0.1758	0.2072	0.2285	0.2457	0.2636	0.2863	0.3171	0.3576	0.3923	0.4230	0.4754	0.5489	0.6086	0.6194	0.5861	0.5361	0.4768	0.4105	0.3507	0.2986	0.2540	0.2159	0.1925	0.1824	0.1790	0.1790	0.1835	0.1932	0.2040	0.2126	0.2198	0.2245	0.2256	0.2299	0.2427
676	N26	39.57	0.26	53.29	0.00	0.00	51.18	0.00	0.0966	0.1213	0.1411	0.1560	0.1707	0.1885	0.2100	0.2412	0.2848	0.3259	0.3633	0.4235	0.5092	0.5838	0.6036	0.5724	0.5204	0.4577	0.3887	0.3254	0.2670	0.2150	0.1724	0.1477	0.1370	0.1328	0.1314	0.1333	0.1403	0.1505	0.1617	0.1735	0.1837	0.1886	0.1914	0.1993
677	N27	29.25	0.32	68.89	0.00	0.00	64.99	0.00	0.0594	0.0717	0.0807	0.0886	0.0987	0.1135	0.1315	0.1595	0.2010	0.2419	0.2809	0.3483	0.4520	0.5499	0.5851	0.5581	0.5053	0.4398	0.3676	0.2987	0.2328	0.1718	0.1238	0.0980	0.0871	0.0829	0.0809	0.0809	0.0859	0.0960	0.1096	0.1257	0.1411	0.1495	0.1517	0.1565
678	N28	17.20	0.31	81.27	0.00	0.00	82.70	0.00	0.0232	0.0279	0.0323	0.0376	0.0448	0.0549	0.0692	0.0924	0.1291	0.1683	0.2080	0.2796	0.3952	0.5094	0.5539	0.5280	0.4715	0.4002	0.3215	0.2451	0.1696	0.1014	0.0536	0.0321	0.0246	0.0218	0.0203	0.0198	0.0222	0.0285	0.0401	0.0561	0.0742	0.0851	0.0870	0.0884
679	N29	50.00	12.00	0.00	0.00	0.00	0.00	0.00	0.2670	0.3834	0.4915	0.5675	0.6126	0.6439	0.6728	0.6884	0.6897	0.6796	0.6654	0.6501	0.6309	0.6043	0.5695	0.5300	0.4884	0.4381	0.3782	0.3275	0.3014	0.2964	0.2880	0.2773	0.2733	0.2748	0.2818	0.2961	0.3124	0.3194	0.3148	0.3064	0.2958	0.2891	0.2971	0.3198
680	N30	52.15	10.75	10.75	0.00	0.00	6.80	6.80	0.2039	0.2932	0.3759	0.4312	0.4666	0.4937	0.5199	0.5404	0.5525	0.5531	0.5457	0.5406	0.5343	0.5164	0.4815	0.4421	0.4050	0.3606	0.3065	0.2612	0.2380	0.2323	0.2228	0.2110	0.2053	0.2056	0.2123	0.2271	0.2450	0.2552	0.2547	0.2500	0.2417	0.2360	0.2432	0.2650
681	N31	48.64	14.22	22.64	0.00	0.00	18.83	1.24	0.1814	0.2464	0.3033	0.3408	0.3663	0.3897	0.4136	0.4389	0.4646	0.4796	0.4890	0.5097	0.5366	0.5474	0.5285	0.4924	0.4509	0.3997	0.3394	0.2880	0.2585	0.2466	0.2310	0.2161	0.2094	0.2084	0.2117	0.2210	0.2345	0.2444	0.2476	0.2476	0.2443	0.2407	0.2465	0.2637
682	N32	45.97	14.49	32.05	0.00	0.00	29.54	0.81	0.1457	0.1967	0.2357	0.2639	0.2852	0.3062	0.3298	0.3578	0.3899	0.4144	0.4328	0.4639	0.5044	0.5288	0.5178	0.4838	0.4424	0.3912	0.3314	0.2800	0.2474	0.2298	0.2087	0.1910	0.1827	0.1801	0.1810	0.1870	0.1978	0.2082	0.2151	0.2200	0.2222	0.2220	0.2263	0.2393
683	N33	47.56	15.03	46.93	0.00	0.00	30.74	0.00	0.1265	0.1642	0.1934	0.2117	0.2263	0.2419	0.2606	0.2863	0.3178	0.3409	0.3604	0.4002	0.4584	0.5017	0.5011	0.4695	0.4283	0.3769	0.3169	0.2652	0.2331	0.2162	0.1962	0.1791	0.1711	0.1687	0.1697	0.1758	0.1863	0.1968	0.2039	0.2094	0.2117	0.2121	0.2164	0.2291
684	N34	43.26	14.96	58.23	0.00	0.03	42.69	0.00	0.0925	0.1161	0.1335	0.1453	0.1569	0.1716	0.1898	0.2158	0.2504	0.2794	0.3045	0.3529	0.4254	0.4846	0.4933	0.4644	0.4229	0.3706	0.3100	0.2565	0.2196	0.1958	0.1701	0.1507	0.1416	0.1383	0.1378	0.1409	0.1492	0.1599	0.1710	0.1814	0.1898	0.1936	0.1974	0.2066
685	N35	35.34	14.27	72.11	0.00	1.17	54.84	0.00	0.0619	0.0729	0.0810	0.0864	0.0942	0.1053	0.1203	0.1435	0.1778	0.2083	0.2374	0.2950	0.3854	0.4654	0.4875	0.4625	0.4206	0.3669	0.3046	0.2478	0.2039	0.1702	0.1373	0.1155	0.1056	0.1018	0.0998	0.1006	0.1065	0.1171	0.1308	0.1458	0.1597	0.1668	0.1697	0.1759
686	N36	25.23	11.72	86.95	0.00	5.24	64.76	0.00	0.0372	0.0380	0.0391	0.0406	0.0424	0.0477	0.0556	0.0703	0.0952	0.1176	0.1425	0.2012	0.3026	0.4006	0.4393	0.4251	0.3908	0.3444	0.2904	0.2389	0.1925	0.1505	0.1119	0.0886	0.0787	0.0748	0.0725	0.0722	0.0768	0.0870	0.1018	0.1195	0.1374	0.1474	0.1497	0.1531
687	N37	16.80	8.00	100.00	0.00	10.92	72.43	0.00	0.0204	0.0214	0.0176	0.0167	0.0167	0.0169	0.0191	0.0259	0.0395	0.0527	0.0709	0.1240	0.2272	0.3370	0.3894	0.3853	0.3585	0.3200	0.2745	0.2288	0.1804	0.1308	0.0875	0.0637	0.0541	0.0505	0.0483	0.0476	0.0511	0.0604	0.0751	0.0937	0.1136	0.1257	0.1279	0.1302
688	N38	46.40	19.33	0.34	0.00	0.00	0.00	18.85	0.2107	0.3123	0.4083	0.4762	0.5207	0.5523	0.5776	0.5855	0.5737	0.5476	0.5114	0.4690	0.4255	0.3829	0.3384	0.3036	0.2801	0.2535	0.2184	0.1908	0.1863	0.2012	0.2090	0.2059	0.2022	0.2041	0.2148	0.2348	0.2579	0.2715	0.2718	0.2658	0.2563	0.2504	0.2582	0.2803
689	N39	48.64	22.64	14.22	0.00	0.00	1.24	18.83	0.1842	0.2661	0.3371	0.3836	0.4113	0.4338	0.4535	0.4648	0.4644	0.4486	0.4255	0.4040	0.3829	0.3545	0.3155	0.2826	0.2602	0.2342	0.1996	0.1724	0.1688	0.1858	0.1961	0.1937	0.1900	0.1914	0.2015	0.2216	0.2455	0.2601	0.2603	0.2528	0.2405	0.2320	0.2392	0.2620
690	N40	54.30	27.20	27.20	0.00	0.00	7.62	7.62	0.1615	0.2245	0.2769	0.3113	0.3317	0.3492	0.3680	0.3851	0.3961	0.3945	0.3882	0.3920	0.4004	0.3947	0.3660	0.3319	0.3014	0.2640	0.2175	0.1803	0.1682	0.1792	0.1842	0.1794	0.1761	0.1772	0.1843	0.1996	0.2192	0.2309	0.2311	0.2255	0.2157	0.2081	0.2149	0.2372
691	N41	52.33	31.11	38.88	0.00	0.00	16.46	0.23	0.1417	0.1895	0.2249	0.2456	0.2584	0.2731	0.2893	0.3076	0.3262	0.3334	0.3378	0.3591	0.3925	0.4105	0.3968	0.3668	0.3336	0.2911	0.2395	0.1977	0.1837	0.1960	0.2012	0.1956	0.1921	0.1923	0.1962	0.2067	0.2214	0.2315	0.2330	0.2306	0.2240	0.2185	0.2243	0.2428
692	N42	52.19	29.08	52.19	0.00	1.74	19.78	1.74	0.1184	0.1551	0.1814	0.1935	0.2022	0.2132	0.2275	0.2455	0.2656	0.2763	0.2848	0.3152	0.3648	0.4007	0.3969	0.3697	0.3371	0.2943	0.2427	0.2004	0.1845	0.1932	0.1947	0.1873	0.1830	0.1826	0.1858	0.1952	0.2094	0.2198	0.2224	0.2212	0.2160	0.2114	0.2165	0.2344
693	N43	49.74	30.07	62.84	0.00	1.89	30.13	0.00	0.0967	0.1188	0.1344	0.1412	0.1474	0.1573	0.1701	0.1883	0.2113	0.2260	0.2386	0.2750	0.3343	0.3805	0.3838	0.3598	0.3290	0.2882	0.2392	0.1984	0.1813	0.1851	0.1809	0.1702	0.1642	0.1623	0.1636	0.1697	0.1807	0.1911	0.1975	0.2015	0.2021	0.2010	0.2055	0.2199
694	N44	44.98	27.24	77.24	0.00	6.41	35.47	0.00	0.0738	0.0835	0.0864	0.0864	0.0872	0.0920	0.0997	0.1141	0.1350	0.1489	0.1634	0.2055	0.2762	0.3378	0.3541	0.3394	0.3164	0.2847	0.2457	0.2128	0.1976	0.1968	0.1870	0.1732	0.1658	0.1630	0.1631	0.1672	0.1765	0.1867	0.1953	0.2024	0.2069	0.2086	0.2125	0.2237
695	N45	37.99	24.30	90.95	0.00	11.12	42.55	0.00	0.0503	0.0489	0.0428	0.0372	0.0340	0.0350	0.0385	0.0479	0.0648	0.0772	0.0928	0.1400	0.2231	0.3006	0.3295	0.3224	0.3046	0.2790	0.2475	0.2210	0.2077	0.2023	0.1857	0.1689	0.1603	0.1570	0.1564	0.1591	0.1668	0.1774	0.1879	0.1986	0.2075	0.2120	0.2158	0.2250
696	N46	32.84	23.84	100.00	0.00	11.86	53.23	0.00	0.0312	0.0291	0.0250	0.0207	0.0190	0.0184	0.0208	0.0274	0.0399	0.0499	0.0638	0.1081	0.1928	0.2778	0.3140	0.3096	0.2929	0.2677	0.2366	0.2097	0.1926	0.1785	0.1543	0.1349	0.1255	0.1217	0.1203	0.1216	0.1278	0.1379	0.1502	0.1635	0.1760	0.1827	0.1857	0.1922
697	N47	38.76	34.02	0.34	0.00	0.00	0.00	28.73	0.1856	0.2680	0.3433	0.3971	0.4346	0.4622	0.4821	0.4834	0.4638	0.4290	0.3849	0.3360	0.2887	0.2463	0.2065	0.1809	0.1683	0.1545	0.1343	0.1205	0.1298	0.1666	0.1976	0.2055	0.2042	0.2070	0.2194	0.2419	0.2682	0.2853	0.2883	0.2838	0.2748	0.2686	0.2762	0.2974
698	N48	45.97	32.05	14.49	0.00	0.00	0.81	29.54	0.1522	0.2209	0.2811	0.3211	0.3463	0.3678	0.3853	0.3920	0.3844	0.3616	0.3291	0.2951	0.2619	0.2273	0.1900	0.1648	0.1518	0.1379	0.1179	0.1040	0.1108	0.1410	0.1658	0.1707	0.1686	0.1709	0.1830	0.2054	0.2320	0.2490	0.2520	0.2469	0.2372	0.2306	0.2381	0.2601
699	N49	52.33	38.88	31.11	0.00	0.00	0.23	16.46	0.1491	0.2036	0.2452	0.2704	0.2836	0.2979	0.3119	0.3214	0.3232	0.3107	0.2929	0.2825	0.2757	0.2583	0.2265	0.2001	0.1837	0.1640	0.1368	0.1176	0.1235	0.1588	0.1882	0.1950	0.1947	0.1973	0.2080	0.2278	0.2511	0.2646	0.2645	0.2572	0.2453	0.2377	0.2447	0.2669
700	N50	55.39	42.39	42.39	1.22	0.00	7.40	7.40	0.1298	0.1749	0.2083	0.2274	0.2372	0.2482	0.2612	0.2737	0.2819	0.2771	0.2689	0.2740	0.2868	0.2856	0.2615	0.2351	0.2150	0.1890	0.1552	0.1302	0.1320	0.1622	0.1839	0.1859	0.1847	0.1865	0.1944	0.2099	0.2290	0.2406	0.2411	0.2356	0.2263	0.2198	0.2270	0.2483
701	O1	55.77	43.66	55.76	1.87	1.06	11.00	1.05	0.1221	0.1588	0.1836	0.1964	0.2041	0.2141	0.2268	0.2425	0.2587	0.2643	0.2676	0.2902	0.3272	0.3491	0.3384	0.3123	0.2846	0.2482	0.2039	0.1691	0.1629	0.1870	0.2045	0.2052	0.2044	0.2055	0.2101	0.2217	0.2376	0.2473	0.2465	0.2409	0.2314	0.2243	0.2306	0.2510
702	O2	53.83	41.79	67.85	1.52	5.47	16.67	0.00	0.0963	0.1193	0.1338	0.1398	0.1429	0.1492	0.1591	0.1724	0.1875	0.1937	0.1992	0.2254	0.2693	0.3011	0.2987	0.2779	0.2544	0.2234	0.1870	0.1601	0.1582	0.1818	0.1969	0.1960	0.1943	0.1950	0.1988	0.2094	0.2242	0.2339	0.2352	0.2317	0.2241	0.2188	0.2245	0.2434
703	O3	51.46	39.95	81.76	0.00	10.08	20.62	0.00	0.0782	0.0883	0.0903	0.0905	0.0904	0.0938	0.0999	0.1106	0.1245	0.1311	0.1386	0.1688	0.2217	0.2649	0.2715	0.2558	0.2361	0.2099	0.1800	0.1601	0.1629	0.1884	0.2031	0.2016	0.1994	0.1996	0.2029	0.2121	0.2256	0.2350	0.2377	0.2365	0.2315	0.2272	0.2326	0.2500
704	O4	47.11	33.84	93.65	0.00	19.75	26.16	0.00	0.0527	0.0511	0.0459	0.0407	0.0373	0.0368	0.0398	0.0474	0.0591	0.0662	0.0759	0.1091	0.1687	0.2218	0.2379	0.2286	0.2141	0.1948	0.1749	0.1665	0.1779	0.2055	0.2185	0.2158	0.2130	0.2125	0.2147	0.2217	0.2334	0.2429	0.2471	0.2485	0.2470	0.2449	0.2497	0.2637
705	O5	44.20	31.70	100.00	0.00	23.28	32.07	0.00	0.0398	0.0361	0.0298	0.0238	0.0216	0.0206	0.0223	0.0279	0.0381	0.0444	0.0534	0.0853	0.1436	0.1977	0.2168	0.2104	0.1982	0.1824	0.1669	0.1633	0.1778	0.2045	0.2144	0.2101	0.2061	0.2049	0.2063	0.2116	0.2215	0.2309	0.2368	0.2409	0.2425	0.2423	0.2464	0.2583
706	O6	44.31	44.92	0.37	0.00	0.00	0.00	34.90	0.1524	0.2244	0.2914	0.3424	0.3795	0.4087	0.4300	0.4308	0.4073	0.3683	0.3199	0.2670	0.2180	0.1763	0.1396	0.1174	0.1075	0.0969	0.0811	0.0711	0.0808	0.1169	0.1501	0.1600	0.1596	0.1619	0.1736	0.1955	0.2218	0.2393	0.2426	0.2377	0.2271	0.2195	0.2262	0.2469
707	O7	47.48	47.51	15.26	0.00	0.00	0.00	30.33	0.1320	0.1917	0.2453	0.2825	0.3068	0.3282	0.3458	0.3504	0.3394	0.3127	0.2772	0.2412	0.2074	0.1742	0.1400	0.1179	0.1075	0.0961	0.0796	0.0690	0.0783	0.1144	0.1474	0.1569	0.1563	0.1589	0.1704	0.1921	0.2181	0.2351	0.2376	0.2318	0.2210	0.2136	0.2207	0.2427
708	O8	52.19	52.19	29.08	0.00	1.74	1.74	19.78	0.1298	0.1808	0.2220	0.2483	0.2644	0.2794	0.2932	0.3001	0.2967	0.2783	0.2540	0.2341	0.2165	0.1931	0.1618	0.1388	0.1264	0.1114	0.0909	0.0774	0.0872	0.1283	0.1652	0.1760	0.1768	0.1798	0.1906	0.2107	0.2348	0.2490	0.2493	0.2422	0.2302	0.2220	0.2294	0.2518
709	O9	55.77	55.77	43.66	1.87	1.07	1.05	11.00	0.1240	0.1677	0.1983	0.2165	0.2265	0.2368	0.2488	0.2575	0.2596	0.2480	0.2326	0.2271	0.2263	0.2142	0.1870	0.1635	0.1482	0.1287	0.1030	0.0854	0.0941	0.1377	0.1758	0.1866	0.1885	0.1917	0.2015	0.2200	0.2424	0.2546	0.2525	0.2435	0.2299	0.2205	0.2284	0.2522
710	O10	57.64	57.64	57.64	8.56	0.00	0.00	0.00	0.1067	0.1380	0.1566	0.1647	0.1686	0.1744	0.1830	0.1919	0.1982	0.1946	0.1907	0.2017	0.2218	0.2288	0.2130	0.1926	0.1752	0.1507	0.1192	0.0963	0.1020	0.1433	0.1778	0.1869	0.1897	0.1930	0.2001	0.2148	0.2331	0.2424	0.2384	0.2286	0.2140	0.2044	0.2115	0.2348
711	O11	53.75	53.73	67.92	10.59	8.77	8.76	0.00	0.0886	0.1063	0.1170	0.1204	0.1212	0.1250	0.1317	0.1394	0.1467	0.1457	0.1445	0.1584	0.1834	0.1983	0.1914	0.1765	0.1626	0.1436	0.1204	0.1056	0.1145	0.1530	0.1834	0.1908	0.1924	0.1948	0.2003	0.2118	0.2270	0.2359	0.2353	0.2298	0.2203	0.2135	0.2200	0.2396
712	O12	49.82	49.82	79.83	13.01	13.34	13.34	0.00	0.0693	0.0779	0.0804	0.0794	0.0774	0.0788	0.0834	0.0910	0.0998	0.1023	0.1054	0.1254	0.1600	0.1850	0.1849	0.1733	0.1611	0.1444	0.1247	0.1133	0.1239	0.1609	0.1894	0.1960	0.1973	0.1989	0.2032	0.2127	0.2260	0.2346	0.2355	0.2323	0.2257	0.2211	0.2268	0.2432
713	O13	45.74	45.28	93.98	14.96	18.51	17.68	0.00	0.0433	0.0408	0.0355	0.0306	0.0275	0.0266	0.0291	0.0351	0.0441	0.0495	0.0566	0.0825	0.1272	0.1638	0.1723	0.1650	0.1550	0.1412	0.1252	0.1176	0.1304	0.1668	0.1928	0.1982	0.1989	0.2002	0.2037	0.2119	0.2232	0.2316	0.2336	0.2331	0.2295	0.2269	0.2319	0.2464
714	O14	41.86	41.88	100.00	18.08	23.66	23.39	0.00	0.0344	0.0308	0.0261	0.0214	0.0189	0.0181	0.0194	0.0237	0.0310	0.0356	0.0423	0.0655	0.1068	0.1430	0.1536	0.1484	0.1407	0.1298	0.1178	0.1142	0.1284	0.1623	0.1850	0.1888	0.1889	0.1898	0.1922	0.1987	0.2085	0.2166	0.2208	0.2225	0.2224	0.2216	0.2259	0.2374
715	O15	39.97	53.28	0.25	0.00	0.00	0.00	50.79	0.1183	0.1818	0.2419	0.2886	0.3221	0.3492	0.3686	0.3673	0.3427	0.3021	0.2528	0.2000	0.1539	0.1182	0.0896	0.0738	0.0681	0.0626	0.0540	0.0495	0.0576	0.0838	0.1083	0.1147	0.1120	0.1133	0.1251	0.1480	0.1765	0.1971	0.2032	0.1995	0.1896	0.1823	0.1892	0.2103
716	O16	43.19	58.34	15.03	0.00	0.00	0.00	42.58	0.1087	0.1624	0.2099	0.2422	0.2636	0.2828	0.2988	0.3018	0.2873	0.2577	0.2204	0.1826	0.1486	0.1183	0.0904	0.0742	0.0678	0.0615	0.0519	0.0467	0.0558	0.0856	0.1142	0.1223	0.1203	0.1221	0.1343	0.1578	0.1863	0.2061	0.2112	0.2070	0.1971	0.1898	0.1971	0.2185
717	O17	49.74	62.84	30.07	0.00	1.89	0.00	30.13	0.1110	0.1551	0.1898	0.2120	0.2256	0.2400	0.2536	0.2586	0.2516	0.2303	0.2038	0.1812	0.1618	0.1394	0.1130	0.0951	0.0865	0.0768	0.0631	0.0552	0.0656	0.1026	0.1372	0.1476	0.1471	0.1494	0.1610	0.1823	0.2080	0.2248	0.2268	0.2210	0.2097	0.2019	0.2094	0.2316
718	O18	53.83	67.85	41.79	1.52	5.47	0.00	16.67	0.1053	0.1409	0.1649	0.1785	0.1867	0.1954	0.2059	0.2114	0.2078	0.1923	0.1741	0.1643	0.1581	0.1451	0.1232	0.1058	0.0959	0.0834	0.0675	0.0585	0.0706	0.1146	0.1550	0.1677	0.1698	0.1729	0.1830	0.2026	0.2257	0.2390	0.2384	0.2304	0.2178	0.2094	0.2169	0.2400
719	O19	53.73	67.91	53.76	10.59	8.77	0.00	8.78	0.0889	0.1134	0.1281	0.1350	0.1388	0.1440	0.1508	0.1558	0.1555	0.1459	0.1358	0.1351	0.1389	0.1347	0.1195	0.1057	0.0964	0.0843	0.0689	0.0602	0.0725	0.1167	0.1566	0.1696	0.1727	0.1763	0.1848	0.2011	0.2205	0.2312	0.2292	0.2210	0.2090	0.2007	0.2079	0.2299
720	O20	55.10	67.04	67.04	11.10	13.83	0.71	0.71	0.0824	0.0993	0.1078	0.1097	0.1102	0.1133	0.1181	0.1232	0.1249	0.1186	0.1124	0.1177	0.1298	0.1334	0.1224	0.1098	0.1007	0.0880	0.0722	0.0634	0.0780	0.1278	0.1726	0.1875	0.1926	0.1968	0.2040	0.2184	0.2358	0.2442	0.2406	0.2315	0.2185	0.2101	0.2174	0.2393
721	O21	50.10	62.21	80.33	13.65	18.01	9.86	0.00	0.0615	0.0685	0.0704	0.0696	0.0684	0.0709	0.0745	0.0798	0.0851	0.0839	0.0833	0.0949	0.1150	0.1265	0.1215	0.1114	0.1029	0.0914	0.0774	0.0701	0.0842	0.1319	0.1747	0.1892	0.1934	0.1964	0.2018	0.2124	0.2263	0.2347	0.2346	0.2301	0.2225	0.2172	0.2231	0.2405
722	O22	45.52	57.30	93.94	15.54	24.11	10.79	0.00	0.0395	0.0374	0.0317	0.0271	0.0246	0.0248	0.0265	0.0312	0.0377	0.0406	0.0451	0.0628	0.0927	0.1152	0.1173	0.1105	0.1038	0.0946	0.0838	0.0796	0.0974	0.1484	0.1932	0.2086	0.2133	0.2164	0.2212	0.2306	0.2432	0.2510	0.2515	0.2486	0.2433	0.2395	0.2448	0.2599
723	O23	42.13	49.96	100.00	20.06	33.77	10.65	0.00	0.0362	0.0302	0.0240	0.0201	0.0179	0.0169	0.0181	0.0217	0.0270	0.0295	0.0337	0.0495	0.0767	0.0988	0.1039	0.0999	0.0955	0.0899	0.0847	0.0871	0.1090	0.1589	0.2005	0.2150	0.2194	0.2221	0.2264	0.2346	0.2455	0.2528	0.2537	0.2518	0.2482	0.2454	0.2503	0.2640
724	O24	29.25	68.89	0.32	0.00	0.00	0.00	64.99	0.0852	0.1381	0.1877	0.2250	0.2537	0.2786	0.2960	0.2921	0.2649	0.2231	0.1739	0.1243	0.0844	0.0566	0.0375	0.0285	0.0262	0.0245	0.0218	0.0217	0.0295	0.0512	0.0734	0.0794	0.0761	0.0771	0.0892	0.1137	0.1457	0.1701	0.1792	0.1772	0.1679	0.1605	0.1674	0.1889
725	O25	35.34	72.11	14.27	0.00	1.17	0.00	54.84	0.0838	0.1278	0.1660	0.1936	0.2149	0.2333	0.2475	0.2473	0.2289	0.1960	0.1568	0.1180	0.0851	0.0595	0.0400	0.0307	0.0278	0.0256	0.0225	0.0222	0.0306	0.0554	0.0813	0.0886	0.0855	0.0865	0.0994	0.1254	0.1578	0.1820	0.1902	0.1877	0.1777	0.1700	0.1773	0.1994
726	O26	44.98	77.24	27.24	0.00	6.41	0.00	35.47	0.0991	0.1348	0.1609	0.1796	0.1911	0.2038	0.2145	0.2157	0.2031	0.1785	0.1501	0.1247	0.1029	0.0814	0.0613	0.0501	0.0456	0.0407	0.0340	0.0317	0.0441	0.0865	0.1340	0.1530	0.1554	0.1587	0.1710	0.1935	0.2203	0.2386	0.2427	0.2379	0.2277	0.2207	0.2273	0.2480
727	O27	51.46	81.76	39.95	0.00	10.08	0.00	20.62	0.0963	0.1205	0.1358	0.1452	0.1519	0.1606	0.1689	0.1709	0.1620	0.1418	0.1203	0.1045	0.0914	0.0746	0.0558	0.0444	0.0398	0.0341	0.0266	0.0241	0.0393	0.0924	0.1515	0.1759	0.1813	0.1858	0.1974	0.2183	0.2423	0.2572	0.2585	0.2517	0.2402	0.2325	0.2399	0.2615
728	O28	49.82	79.83	49.82	13.01	13.34	0.00	13.34	0.0828	0.0986	0.1094	0.1140	0.1159	0.1217	0.1275	0.1299	0.1255	0.1127	0.0990	0.0912	0.0860	0.0754	0.0595	0.0492	0.0445	0.0384	0.0304	0.0273	0.0431	0.0977	0.1555	0.1791	0.1854	0.1900	0.1996	0.2163	0.2356	0.2468	0.2464	0.2403	0.2304	0.2236	0.2299	0.2486
729	O29	50.10	80.33	62.21	13.65	18.01	0.00	9.86	0.0725	0.0839	0.0881	0.0895	0.0904	0.0939	0.0981	0.0998	0.0974	0.0881	0.0786	0.0759	0.0760	0.0701	0.0572	0.0480	0.0437	0.0378	0.0300	0.0271	0.0439	0.1010	0.1614	0.1862	0.1935	0.1984	0.2076	0.2233	0.2414	0.2517	0.2508	0.2442	0.2343	0.2280	0.2343	0.2528
730	O30	52.17	78.11	78.11	14.63	20.92	1.14	1.14	0.0612	0.0640	0.0647	0.0624	0.0606	0.0629	0.0659	0.0687	0.0697	0.0658	0.0620	0.0670	0.0767	0.0790	0.0696	0.0608	0.0560	0.0489	0.0394	0.0352	0.0541	0.1170	0.1809	0.2071	0.2160	0.2210	0.2281	0.2405	0.2552	0.2627	0.2596	0.2516	0.2410	0.2343	0.2402	0.2587
731	O31	46.53	74.23	92.63	16.78	20.30	8.07	0.00	0.0445	0.0397	0.0345	0.0299	0.0272	0.0273	0.0291	0.0327	0.0372	0.0382	0.0400	0.0521	0.0713	0.0820	0.0771	0.0696	0.0652	0.0584	0.0490	0.0447	0.0640	0.1253	0.1838	0.2059	0.2129	0.2166	0.2220	0.2317	0.2438	0.2513	0.2518	0.2485	0.2428	0.2391	0.2445	0.2594
732	O32	41.86	75.75	100.00	18.04	18.91	13.24	0.00	0.0337	0.0301	0.0241	0.0196	0.0167	0.0165	0.0178	0.0210	0.0265	0.0285	0.0319	0.0454	0.0667	0.0791	0.0752	0.0679	0.0635	0.0568	0.0471	0.0425	0.0619	0.1244	0.1841	0.2070	0.2136	0.2169	0.2212	0.2291	0.2401	0.2477	0.2496	0.2485	0.2455	0.2433	0.2479	0.2606
733	O33	17.20	81.27	0.31	0.00	0.00	0.00	82.70	0.0442	0.0856	0.1260	0.1569	0.1828	0.2060	0.2208	0.2159	0.1880	0.1471	0.1026	0.0616	0.0336	0.0188	0.0116	0.0091	0.0087	0.0090	0.0097	0.0120	0.0165	0.0243	0.0306	0.0298	0.0255	0.0248	0.0316	0.0495	0.0772	0.1019	0.1129	0.1128	0.1046	0.0985	0.1059	0.1269
734	O34	25.23	86.95	11.72	0.00	5.24	0.00	64.76	0.0617	0.0926	0.1211	0.1411	0.1573	0.1727	0.1837	0.1807	0.1603	0.1282	0.0938	0.0633	0.0406	0.0257	0.0165	0.0126	0.0116	0.0113	0.0114	0.0135	0.0200	0.0380	0.0585	0.0645	0.0607	0.0615	0.0741	0.1004	0.1347	0.1618	0.1727	0.1713	0.1621	0.1553	0.1638	0.1872
735	O35	37.99	90.95	24.30	0.00	11.12	0.00	42.55	0.0788	0.1016	0.1191	0.1301	0.1399	0.1507	0.1591	0.1571	0.1417	0.1164	0.0910	0.0701	0.0533	0.0390	0.0273	0.0213	0.0193	0.0176	0.0154	0.0163	0.0266	0.0633	0.1085	0.1274	0.1288	0.1319	0.1456	0.1711	0.2019	0.2237	0.2302	0.2267	0.2166	0.2092	0.2171	0.2387
736	O36	47.45	93.76	34.26	0.00	19.11	0.00	24.60	0.0782	0.0932	0.1032	0.1092	0.1140	0.1214	0.1278	0.1265	0.1148	0.0946	0.0752	0.0615	0.0506	0.0393	0.0286	0.0226	0.0204	0.0180	0.0154	0.0160	0.0275	0.0725	0.1321	0.1610	0.1686	0.1734	0.1853	0.2062	0.2309	0.2465	0.2481	0.2418	0.2303	0.2229	0.2303	0.2523
737	O37	45.28	93.98	45.74	14.97	17.68	0.00	18.46	0.0672	0.0764	0.0793	0.0819	0.0849	0.0891	0.0936	0.0936	0.0858	0.0713	0.0582	0.0496	0.0432	0.0348	0.0260	0.0209	0.0187	0.0169	0.0150	0.0159	0.0263	0.0694	0.1300	0.1613	0.1709	0.1767	0.1872	0.2052	0.2256	0.2382	0.2392	0.2338	0.2246	0.2185	0.2255	0.2450
738	O38	45.52	93.94	57.30	15.54	24.11	0.00	10.79	0.0556	0.0647	0.0677	0.0677	0.0693	0.0726	0.0765	0.0766	0.0708	0.0596	0.0494	0.0442	0.0406	0.0345	0.0263	0.0213	0.0192	0.0171	0.0151	0.0157	0.0270	0.0753	0.1439	0.1802	0.1926	0.1995	0.2095	0.2254	0.2438	0.2544	0.2537	0.2474	0.2378	0.2317	0.2381	0.2567
739	O39	46.53	92.63	74.23	16.78	20.30	0.00	8.07	0.0533	0.0561	0.0556	0.0548	0.0551	0.0581	0.0612	0.0622	0.0595	0.0521	0.0450	0.0430	0.0432	0.0388	0.0303	0.0246	0.0221	0.0194	0.0166	0.0169	0.0286	0.0781	0.1460	0.1807	0.1927	0.1994	0.2088	0.2239	0.2412	0.2511	0.2500	0.2437	0.2340	0.2278	0.2342	0.2531
740	O40	49.74	89.62	89.62	20.35	17.24	0.00	0.00	0.0448	0.0444	0.0413	0.0386	0.0365	0.0372	0.0389	0.0416	0.0433	0.0406	0.0387	0.0435	0.0511	0.0515	0.0436	0.0366	0.0332	0.0286	0.0231	0.0216	0.0357	0.0913	0.1592	0.1921	0.2041	0.2101	0.2170	0.2288	0.2427	0.2498	0.2473	0.2403	0.2303	0.2238	0.2298	0.2478
741	O41	41.97	91.94	100.00	18.86	1.30	12.05	0.00	0.0305	0.0272	0.0224	0.0191	0.0169	0.0164	0.0178	0.0209	0.0257	0.0271	0.0294	0.0403	0.0558	0.0608	0.0521	0.0435	0.0390	0.0328	0.0253	0.0225	0.0357	0.0905	0.1575	0.1890	0.1995	0.2041	0.2091	0.2185	0.2307	0.2393	0.2414	0.2397	0.2348	0.2306	0.2358	0.2507
742	O42	17.39	100.00	7.22	0.00	12.18	0.00	72.89	0.0417	0.0637	0.0832	0.0963	0.1080	0.1200	0.1287	0.1246	0.1043	0.0774	0.0518	0.0318	0.0192	0.0127	0.0096	0.0084	0.0081	0.0084	0.0096	0.0121	0.0174	0.0300	0.0449	0.0490	0.0454	0.0449	0.0545	0.0770	0.1089	0.1355	0.1469	0.1460	0.1370	0.1302	0.1379	0.1611
743	O43	32.68	100.00	23.78	0.00	11.95	0.00	53.61	0.0562	0.0735	0.0867	0.0955	0.1033	0.1122	0.1196	0.1173	0.1022	0.0792	0.0568	0.0400	0.0278	0.0192	0.0137	0.0112	0.0103	0.0101	0.0106	0.0127	0.0190	0.0408	0.0722	0.0864	0.0863	0.0880	0.1005	0.1252	0.1566	0.1800	0.1884	0.1857	0.1763	0.1693	0.1773	0.2000
744	O44	43.93	100.00	33.23	0.00	20.83	0.00	31.36	0.0667	0.0775	0.0847	0.0901	0.0951	0.1018	0.1071	0.1051	0.0929	0.0735	0.0556	0.0428	0.0335	0.0250	0.0179	0.0143	0.0129	0.0121	0.0118	0.0136	0.0221	0.0578	0.1135	0.1435	0.1512	0.1565	0.1694	0.1922	0.2192	0.2369	0.2406	0.2353	0.2248	0.2179	0.2252	0.2476
745	O45	41.13	100.00	46.55	12.05	19.93	0.00	27.98	0.0534	0.0630	0.0678	0.0702	0.0728	0.0775	0.0819	0.0815	0.0733	0.0593	0.0462	0.0379	0.0314	0.0248	0.0183	0.0149	0.0135	0.0124	0.0120	0.0136	0.0220	0.0574	0.1128	0.1434	0.1522	0.1575	0.1694	0.1898	0.2138	0.2291	0.2321	0.2274	0.2182	0.2118	0.2191	0.2394
746	O46	42.13	100.00	49.96	20.06	33.77	0.00	10.65	0.0561	0.0577	0.0574	0.0583	0.0593	0.0619	0.0648	0.0640	0.0577	0.0468	0.0376	0.0323	0.0289	0.0244	0.0191	0.0158	0.0143	0.0133	0.0129	0.0145	0.0240	0.0683	0.1391	0.1811	0.1965	0.2040	0.2139	0.2294	0.2467	0.2570	0.2570	0.2514	0.2421	0.2364	0.2424	0.2597
747	O47	42.43	100.00	70.93	22.20	23.58	0.00	7.94	0.0418	0.0449	0.0441	0.0431	0.0435	0.0457	0.0485	0.0491	0.0460	0.0394	0.0335	0.0317	0.0309	0.0274	0.0215	0.0176	0.0161	0.0147	0.0138	0.0150	0.0244	0.0676	0.1371	0.1784	0.1941	0.2018	0.2114	0.2257	0.2419	0.2513	0.2510	0.2455	0.2373	0.2322	0.2384	0.2550
748	O48	41.97	100.00	91.94	18.86	1.30	0.00	12.05	0.0396	0.0401	0.0380	0.0352	0.0335	0.0353	0.0370	0.0390	0.0402	0.0370	0.0345	0.0371	0.0412	0.0389	0.0306	0.0247	0.0221	0.0195	0.0174	0.0180	0.0270	0.0696	0.1367	0.1755	0.1892	0.1965	0.2072	0.2239	0.2426	0.2535	0.2537	0.2481	0.2394	0.2340	0.2404	0.2588
749	O49	43.31	100.00	100.00	28.42	0.00	0.00	0.00	0.0244	0.0238	0.0205	0.0176	0.0158	0.0156	0.0173	0.0196	0.0221	0.0221	0.0231	0.0293	0.0372	0.0378	0.0310	0.0253	0.0225	0.0196	0.0168	0.0171	0.0263	0.0706	0.1396	0.1804	0.1972	0.2049	0.2123	0.2232	0.2354	0.2418	0.2405	0.2352	0.2271	0.2222	0.2278	0.2430
750	O50	59.12	0.27	6.38	0.00	0.00	17.49	0.00	0.1899	0.2787	0.3649	0.4273	0.4688	0.5052	0.5426	0.5783	0.6115	0.6367	0.6514	0.6654	0.6735	0.6639	0.6306	0.5786	0.5181	0.4494	0.3740	0.3092	0.2604	0.2257	0.1971	0.1788	0.1714	0.1705	0.1741	0.1842	0.1987	0.2082	0.2094	0.2064	0.1996	0.1944	0.2003	0.2202
751	P1	55.76	0.35	13.16	0.00	0.00	36.66	0.00	0.1499	0.2088	0.2650	0.3078	0.3410	0.3742	0.4117	0.4542	0.5041	0.5494	0.5825	0.6145	0.6405	0.6451	0.6191	0.5685	0.5070	0.4377	0.3631	0.2985	0.2473	0.2075	0.1749	0.1552	0.1472	0.1449	0.1462	0.1524	0.1631	0.1725	0.1776	0.1805	0.1801	0.1785	0.1830	0.1977
752	P2	55.75	0.37	20.24	0.00	0.00	46.39	0.00	0.1163	0.1610	0.2009	0.2340	0.2629	0.2944	0.3310	0.3755	0.4320	0.4860	0.5273	0.5701	0.6089	0.6247	0.6031	0.5519	0.4884	0.4164	0.3396	0.2731	0.2189	0.1759	0.1415	0.1217	0.1137	0.1110	0.1113	0.1155	0.1240	0.1333	0.1404	0.1462	0.1492	0.1495	0.1535	0.1658
753	P3	53.29	0.26	39.57	0.00	0.00	51.18	0.00	0.0930	0.1226	0.1492	0.1705	0.1914	0.2157	0.2452	0.2843	0.3371	0.3875	0.4291	0.4838	0.5495	0.5953	0.5918	0.5463	0.4842	0.4129	0.3366	0.2699	0.2142	0.1685	0.1325	0.1120	0.1035	0.1006	0.1003	0.1037	0.1112	0.1206	0.1291	0.1371	0.1425	0.1447	0.1485	0.1593
754	P4	46.22	0.30	46.67	0.00	0.00	70.07	0.00	0.0562	0.0737	0.0890	0.1033	0.1217	0.1445	0.1726	0.2117	0.2679	0.3255	0.3750	0.4374	0.5126	0.5685	0.5710	0.5273	0.4645	0.3911	0.3129	0.2429	0.1811	0.1283	0.0885	0.0681	0.0600	0.0571	0.0558	0.0564	0.0606	0.0687	0.0793	0.0916	0.1031	0.1091	0.1117	0.1173
755	P5	39.52	0.31	65.43	0.00	0.00	79.32	0.00	0.0318	0.0408	0.0491	0.0577	0.0705	0.0874	0.1089	0.1404	0.1880	0.2390	0.2851	0.3528	0.4473	0.5301	0.5510	0.5133	0.4510	0.3765	0.2967	0.2235	0.1567	0.0989	0.0577	0.0384	0.0314	0.0291	0.0277	0.0276	0.0303	0.0370	0.0476	0.0614	0.0756	0.0841	0.0861	0.0891
756	P6	31.09	0.33	77.99	0.00	0.00	92.64	0.00	0.0168	0.0195	0.0219	0.0259	0.0325	0.0436	0.0581	0.0821	0.1217	0.1679	0.2135	0.2843	0.3887	0.4831	0.5090	0.4714	0.4066	0.3283	0.2452	0.1698	0.1039	0.0531	0.0241	0.0138	0.0111	0.0100	0.0095	0.0093	0.0103	0.0126	0.0176	0.0256	0.0357	0.0425	0.0439	0.0456
757	P7	23.77	0.03	99.82	0.00	0.00	99.95	0.00	0.0106	0.0114	0.0122	0.0132	0.0138	0.0159	0.0198	0.0282	0.0454	0.0668	0.0948	0.1606	0.2858	0.4183	0.4708	0.4410	0.3775	0.2997	0.2176	0.1437	0.0815	0.0377	0.0163	0.0098	0.0082	0.0077	0.0075	0.0074	0.0075	0.0086	0.0112	0.0163	0.0237	0.0289	0.0300	0.0310
758	P8	59.12	6.38	0.27	0.00	0.00	0.00	17.49	0.1996	0.3128	0.4256	0.5090	0.5624	0.6003	0.6348	0.6502	0.6444	0.6240	0.5907	0.5492	0.5042	0.4593	0.4105	0.3674	0.3336	0.2960	0.2496	0.2117	0.1919	0.1864	0.1790	0.1696	0.1643	0.1651	0.1736	0.1914	0.2134	0.2260	0.2250	0.2171	0.2045	0.1959	0.2032	0.2267
759	P9	63.55	7.77	7.77	0.00	0.00	11.57	11.57	0.1614	0.2486	0.3301	0.3895	0.4301	0.4637	0.4976	0.5243	0.5409	0.5433	0.5326	0.5181	0.5001	0.4721	0.4295	0.3846	0.3444	0.2984	0.2437	0.1984	0.1727	0.1620	0.1497	0.1381	0.1326	0.1326	0.1387	0.1527	0.1711	0.1828	0.1840	0.1791	0.1698	0.1626	0.1695	0.1904
760	P10	59.34	9.78	19.01	0.00	0.00	25.12	8.35	0.1331	0.1984	0.2573	0.3002	0.3316	0.3611	0.3925	0.4239	0.4545	0.4734	0.4789	0.4850	0.4892	0.4779	0.4430	0.3993	0.3567	0.3076	0.2502	0.2024	0.1737	0.1591	0.1434	0.1300	0.1238	0.1229	0.1268	0.1373	0.1521	0.1632	0.1669	0.1663	0.1617	0.1578	0.1634	0.1807
761	P11	58.06	15.31	29.34	0.00	0.00	35.58	0.00	0.1230	0.1687	0.2084	0.2391	0.2630	0.2883	0.3174	0.3512	0.3902	0.4215	0.4427	0.4723	0.5048	0.5176	0.4965	0.4543	0.4053	0.3467	0.2809	0.2256	0.1904	0.1705	0.1496	0.1334	0.1264	0.1244	0.1257	0.1320	0.1429	0.1530	0.1586	0.1614	0.1608	0.1591	0.1639	0.1789
762	P12	58.23	14.97	43.26	0.00	0.00	42.68	0.03	0.0967	0.1295	0.1582	0.1790	0.1972	0.2180	0.2428	0.2747	0.3148	0.3479	0.3739	0.4134	0.4641	0.4954	0.4838	0.4437	0.3941	0.3346	0.2686	0.2130	0.1768	0.1545	0.1321	0.1158	0.1087	0.1065	0.1071	0.1118	0.1211	0.1305	0.1376	0.1426	0.1444	0.1443	0.1485	0.1613
763	P13	54.64	15.08	54.53	0.00	0.00	54.39	0.00	0.0712	0.0922	0.1099	0.1237	0.1381	0.1560	0.1785	0.2086	0.2491	0.2855	0.3155	0.3629	0.4268	0.4729	0.4708	0.4337	0.3844	0.3250	0.2594	0.2034	0.1644	0.1377	0.1122	0.0952	0.0877	0.0849	0.0846	0.0871	0.0939	0.1031	0.1123	0.1210	0.1276	0.1303	0.1340	0.1436
764	P14	48.11	14.78	69.70	0.00	0.35	64.50	0.00	0.0491	0.0614	0.0711	0.0799	0.0891	0.1028	0.1208	0.1467	0.1840	0.2188	0.2493	0.3036	0.3841	0.4513	0.4627	0.4300	0.3816	0.3220	0.2559	0.1983	0.1551	0.1224	0.0925	0.0744	0.0667	0.0639	0.0626	0.0635	0.0684	0.0771	0.0880	0.0999	0.1109	0.1167	0.1193	0.1259
765	P15	39.43	13.09	85.65	0.00	3.05	72.04	0.00	0.0303	0.0340	0.0380	0.0416	0.0467	0.0543	0.0652	0.0834	0.1111	0.1375	0.1643	0.2210	0.3163	0.4059	0.4349	0.4116	0.3685	0.3137	0.2523	0.1971	0.1507	0.1110	0.0766	0.0571	0.0491	0.0461	0.0447	0.0445	0.0481	0.0564	0.0683	0.0829	0.0978	0.1061	0.1084	0.1124
766	P16	32.46	11.02	100.00	0.00	6.14	76.48	0.00	0.0207	0.0202	0.0190	0.0181	0.0176	0.0183	0.0217	0.0293	0.0439	0.0582	0.0771	0.1317	0.2377	0.3490	0.3970	0.3841	0.3479	0.2995	0.2447	0.1942	0.1486	0.1064	0.0703	0.0506	0.0428	0.0398	0.0380	0.0377	0.0409	0.0486	0.0607	0.0761	0.0921	0.1016	0.1038	0.1072
767	P17	55.76	13.16	0.35	0.00	0.00	0.00	36.66	0.1575	0.2535	0.3486	0.4205	0.4678	0.5039	0.5335	0.5414	0.5255	0.4925	0.4459	0.3896	0.3350	0.2879	0.2436	0.2122	0.1938	0.1745	0.1479	0.1273	0.1220	0.1281	0.1303	0.1254	0.1205	0.1211	0.1304	0.1494	0.1734	0.1893	0.1912	0.1852	0.1740	0.1666	0.1734	0.1945
768	P18	59.34	19.01	9.78	0.00	0.00	8.35	25.12	0.1387	0.2171	0.2906	0.3442	0.3798	0.4088	0.4370	0.4544	0.4577	0.4454	0.4194	0.3892	0.3579	0.3231	0.2817	0.2473	0.2229	0.1957	0.1605	0.1323	0.1219	0.1253	0.1244	0.1179	0.1134	0.1138	0.1211	0.1370	0.1575	0.1712	0.1734	0.1691	0.1601	0.1534	0.1600	0.1807
769	P19	64.31	24.69	24.69	0.00	0.00	13.12	13.12	0.1276	0.1953	0.2520	0.2913	0.3183	0.3418	0.3670	0.3876	0.4017	0.4024	0.3934	0.3886	0.3845	0.3682	0.3334	0.2962	0.2641	0.2261	0.1800	0.1430	0.1272	0.1290	0.1267	0.1192	0.1150	0.1154	0.1213	0.1351	0.1534	0.1654	0.1664	0.1617	0.1524	0.1455	0.1523	0.1735
770	P20	63.18	26.35	34.53	0.00	0.00	23.66	7.84	0.1134	0.1647	0.2077	0.2376	0.2579	0.2788	0.3024	0.3256	0.3479	0.3590	0.3615	0.3714	0.3842	0.3814	0.3527	0.3153	0.2798	0.2373	0.1871	0.1466	0.1282	0.1290	0.1260	0.1182	0.1142	0.1142	0.1186	0.1296	0.1448	0.1556	0.1580	0.1559	0.1497	0.1448	0.1508	0.1696
771	P21	62.84	30.07	49.74	0.00	0.00	30.13	1.89	0.0962	0.1329	0.1605	0.1796	0.1934	0.2092	0.2290	0.2519	0.2777	0.2950	0.3068	0.3342	0.3730	0.3941	0.3785	0.3434	0.3039	0.2555	0.1998	0.1550	0.1342	0.1355	0.1333	0.1254	0.1213	0.1210	0.1239	0.1323	0.1452	0.1552	0.1589	0.1588	0.1546	0.1509	0.1564	0.1735
772	P22	59.31	28.54	59.31	0.00	2.17	43.92	2.17	0.0703	0.0930	0.1113	0.1225	0.1336	0.1480	0.1655	0.1879	0.2166	0.2384	0.2551	0.2888	0.3366	0.3684	0.3600	0.3281	0.2899	0.2430	0.1903	0.1476	0.1253	0.1213	0.1142	0.1045	0.0998	0.0986	0.0997	0.1047	0.1139	0.1231	0.1295	0.1341	0.1358	0.1358	0.1404	0.1534
773	P23	56.52	27.77	75.36	0.00	5.58	44.42	0.00	0.0588	0.0705	0.0798	0.0848	0.0902	0.0984	0.1101	0.1276	0.1509	0.1685	0.1844	0.2225	0.2838	0.3322	0.3370	0.3121	0.2789	0.2370	0.1898	0.1519	0.1324	0.1292	0.1219	0.1121	0.1070	0.1055	0.1061	0.1106	0.1192	0.1285	0.1359	0.1421	0.1457	0.1467	0.1509	0.1625
774	P24	50.48	25.55	89.97	0.00	9.12	51.21	0.00	0.0436	0.0467	0.0466	0.0450	0.0452	0.0487	0.0547	0.0661	0.0848	0.0998	0.1161	0.1599	0.2359	0.3041	0.3230	0.3052	0.2762	0.2387	0.1964	0.1621	0.1423	0.1347	0.1224	0.1103	0.1042	0.1019	0.1017	0.1042	0.1112	0.1205	0.1298	0.1394	0.1472	0.1508	0.1544	0.1628
775	P25	45.78	20.05	100.00	0.00	17.71	50.38	0.00	0.0335	0.0300	0.0254	0.0221	0.0204	0.0203	0.0220	0.0284	0.0404	0.0501	0.0633	0.1041	0.1813	0.2576	0.2876	0.2790	0.2578	0.2294	0.1977	0.1736	0.1600	0.1533	0.1396	0.1263	0.1200	0.1175	0.1172	0.1200	0.1270	0.1365	0.1462	0.1558	0.1640	0.1682	0.1718	0.1807
776	P26	55.75	20.24	0.37	0.00	0.00	0.00	46.39	0.1284	0.2134	0.2998	0.3649	0.4112	0.4481	0.4754	0.4798	0.4579	0.4175	0.3620	0.2965	0.2364	0.1881	0.1471	0.1224	0.1110	0.1000	0.0839	0.0727	0.0751	0.0895	0.0995	0.0988	0.0949	0.0955	0.1049	0.1241	0.1484	0.1658	0.1700	0.1656	0.1560	0.1491	0.1549	0.1747
777	P27	58.06	29.34	15.31	0.00	0.00	0.00	35.58	0.1278	0.2014	0.2689	0.3170	0.3479	0.3735	0.3954	0.4037	0.3954	0.3697	0.3321	0.2897	0.2482	0.2079	0.1674	0.1406	0.1270	0.1128	0.0926	0.0787	0.0812	0.0997	0.1133	0.1134	0.1100	0.1110	0.1208	0.1404	0.1646	0.1809	0.1837	0.1782	0.1674	0.1600	0.1664	0.1866
778	P28	63.18	34.53	26.35	0.00	0.00	7.84	23.66	0.1210	0.1823	0.2373	0.2734	0.2978	0.3194	0.3395	0.3525	0.3551	0.3415	0.3184	0.2955	0.2730	0.2435	0.2056	0.1761	0.1575	0.1363	0.1092	0.0893	0.0878	0.1039	0.1146	0.1133	0.1101	0.1110	0.1187	0.1348	0.1552	0.1688	0.1710	0.1666	0.1574	0.1507	0.1573	0.1772
779	P29	66.43	38.88	38.88	0.00	0.00	15.13	15.13	0.1077	0.1590	0.2010	0.2277	0.2446	0.2621	0.2805	0.2963	0.3062	0.3021	0.2907	0.2863	0.2843	0.2700	0.2383	0.2082	0.1855	0.1583	0.1247	0.0994	0.0941	0.1070	0.1140	0.1104	0.1071	0.1077	0.1135	0.1268	0.1444	0.1564	0.1583	0.1542	0.1460	0.1400	0.1464	0.1657
780	P30	67.85	41.79	53.83	1.52	0.00	16.67	5.47	0.0995	0.1391	0.1699	0.1862	0.1964	0.2082	0.2228	0.2378	0.2521	0.2545	0.2543	0.2696	0.2956	0.3064	0.2867	0.2570	0.2290	0.1937	0.1515	0.1187	0.1091	0.1200	0.1245	0.1191	0.1161	0.1164	0.1214	0.1335	0.1497	0.1602	0.1607	0.1558	0.1465	0.1394	0.1460	0.1663
781	P31	65.66	42.20	65.66	1.70	2.31	23.91	2.31	0.0858	0.1136	0.1320	0.1410	0.1475	0.1562	0.1679	0.1830	0.1992	0.2062	0.2117	0.2369	0.2788	0.3063	0.2976	0.2716	0.2438	0.2077	0.1648	0.1311	0.1203	0.1297	0.1323	0.1258	0.1223	0.1223	0.1261	0.1361	0.1502	0.1600	0.1615	0.1592	0.1528	0.1477	0.1540	0.1727
782	P32	62.62	40.94	79.76	1.37	6.97	29.68	0.00	0.0656	0.0799	0.0861	0.0889	0.0899	0.0951	0.1026	0.1148	0.1312	0.1400	0.1491	0.1811	0.2357	0.2787	0.2824	0.2633	0.2388	0.2064	0.1682	0.1385	0.1289	0.1377	0.1390	0.1318	0.1277	0.1272	0.1298	0.1378	0.1501	0.1596	0.1628	0.1622	0.1586	0.1553	0.1609	0.1774
783	P33	58.23	37.60	94.40	0.00	13.67	33.31	0.00	0.0427	0.0425	0.0389	0.0340	0.0312	0.0312	0.0345	0.0428	0.0563	0.0657	0.0770	0.1143	0.1799	0.2373	0.2528	0.2405	0.2219	0.1961	0.1654	0.1418	0.1360	0.1462	0.1474	0.1401	0.1358	0.1351	0.1372	0.1438	0.1545	0.1637	0.1683	0.1700	0.1692	0.1683	0.1734	0.1880
784	P34	53.15	37.64	100.00	0.00	13.74	41.84	0.00	0.0342	0.0327	0.0276	0.0240	0.0216	0.0218	0.0241	0.0312	0.0432	0.0522	0.0643	0.1017	0.1695	0.2306	0.2494	0.2387	0.2204	0.1950	0.1644	0.1402	0.1328	0.1412	0.1408	0.1328	0.1278	0.1264	0.1272	0.1318	0.1407	0.1499	0.1571	0.1627	0.1662	0.1680	0.1721	0.1839
785	P35	53.28	39.97	0.25	0.00	0.00	0.00	50.79	0.1114	0.1846	0.2566	0.3110	0.3510	0.3828	0.4064	0.4073	0.3836	0.3428	0.2906	0.2324	0.1809	0.1408	0.1079	0.0889	0.0806	0.0726	0.0611	0.0536	0.0578	0.0746	0.0887	0.0901	0.0867	0.0875	0.0969	0.1163	0.1409	0.1587	0.1635	0.1597	0.1504	0.1435	0.1501	0.1700
786	P36	58.23	43.26	14.96	0.00	0.00	0.03	42.69	0.1087	0.1698	0.2266	0.2672	0.2944	0.3180	0.3374	0.3430	0.3320	0.3036	0.2653	0.2250	0.1874	0.1531	0.1203	0.0994	0.0894	0.0790	0.0651	0.0560	0.0591	0.0761	0.0902	0.0917	0.0887	0.0896	0.0991	0.1181	0.1424	0.1595	0.1633	0.1584	0.1484	0.1414	0.1481	0.1685
787	P37	62.84	49.74	30.07	0.00	0.00	1.89	30.13	0.1086	0.1623	0.2059	0.2344	0.2524	0.2694	0.2856	0.2939	0.2901	0.2714	0.2464	0.2247	0.2057	0.1818	0.1512	0.1283	0.1151	0.1003	0.0809	0.0673	0.0698	0.0903	0.1074	0.1095	0.1072	0.1085	0.1175	0.1357	0.1587	0.1735	0.1749	0.1683	0.1566	0.1490	0.1560	0.1779
788	P38	67.85	53.83	41.79	1.52	0.00	5.47	16.67	0.0997	0.1487	0.1847	0.2053	0.2191	0.2326	0.2472	0.2584	0.2621	0.2523	0.2386	0.2341	0.2346	0.2240	0.1970	0.1712	0.1516	0.1279	0.0991	0.0778	0.0757	0.0941	0.1081	0.1083	0.1065	0.1078	0.1149	0.1306	0.1506	0.1631	0.1631	0.1558	0.1441	0.1360	0.1431	0.1656
789	P39	67.91	53.74	53.75	10.59	0.00	8.77	8.79	0.0841	0.1175	0.1407	0.1539	0.1612	0.1710	0.1818	0.1923	0.1996	0.1975	0.1932	0.2006	0.2158	0.2189	0.2013	0.1788	0.1590	0.1336	0.1031	0.0804	0.0766	0.0931	0.1057	0.1055	0.1042	0.1055	0.1113	0.1243	0.1411	0.1518	0.1515	0.1455	0.1353	0.1282	0.1348	0.1550
790	P40	67.04	55.10	67.04	11.10	0.71	13.83	0.71	0.0773	0.1007	0.1152	0.1226	0.1258	0.1325	0.1419	0.1526	0.1631	0.1648	0.1661	0.1834	0.2130	0.2294	0.2186	0.1976	0.1759	0.1470	0.1124	0.0865	0.0830	0.1045	0.1206	0.1215	0.1209	0.1223	0.1269	0.1381	0.1532	0.1627	0.1624	0.1568	0.1472	0.1404	0.1466	0.1667
791	P41	62.21	50.10	80.33	13.65	9.86	18.01	0.00	0.0622	0.0714	0.0759	0.0764	0.0751	0.0785	0.0839	0.0920	0.1019	0.1052	0.1091	0.1299	0.1655	0.1912	0.1907	0.1776	0.1626	0.1417	0.1160	0.0963	0.0957	0.1178	0.1342	0.1352	0.1345	0.1354	0.1392	0.1483	0.1613	0.1701	0.1713	0.1683	0.1618	0.1566	0.1619	0.1789
792	P42	59.12	45.12	93.90	14.50	12.45	22.98	0.00	0.0393	0.0404	0.0373	0.0323	0.0298	0.0302	0.0327	0.0391	0.0496	0.0562	0.0646	0.0931	0.1419	0.1822	0.1908	0.1812	0.1678	0.1484	0.1240	0.1052	0.1043	0.1238	0.1364	0.1356	0.1339	0.1342	0.1369	0.1442	0.1556	0.1640	0.1667	0.1657	0.1618	0.1586	0.1635	0.1786
793	P43	64.55	40.90	100.00	10.03	23.42	25.84	0.00	0.0336	0.0323	0.0282	0.0231	0.0207	0.0204	0.0218	0.0271	0.0354	0.0409	0.0485	0.0743	0.1203	0.1604	0.1719	0.1650	0.1536	0.1379	0.1193	0.1060	0.1068	0.1230	0.1314	0.1284	0.1263	0.1263	0.1288	0.1361	0.1470	0.1554	0.1580	0.1572	0.1532	0.1499	0.1550	0.1702
794	P44	46.03	46.77	0.31	0.00	0.00	0.00	70.13	0.0752	0.1353	0.1978	0.2481	0.2868	0.3188	0.3407	0.3389	0.3118	0.2666	0.2097	0.1484	0.0983	0.0649	0.0421	0.0314	0.0285	0.0265	0.0233	0.0225	0.0269	0.0374	0.0463	0.0464	0.0423	0.0424	0.0509	0.0695	0.0953	0.1158	0.1236	0.1220	0.1136	0.1078	0.1141	0.1334
795	P45	54.64	54.53	15.08	0.00	0.00	0.00	54.39	0.0798	0.1330	0.1856	0.2216	0.2469	0.2690	0.2870	0.2902	0.2752	0.2432	0.2022	0.1589	0.1206	0.0893	0.0636	0.0496	0.0445	0.0401	0.0340	0.0311	0.0365	0.0526	0.0672	0.0694	0.0658	0.0664	0.0762	0.0962	0.1223	0.1416	0.1472	0.1441	0.1352	0.1288	0.1352	0.1552
796	P46	59.31	59.31	28.54	0.00	2.17	2.17	43.92	0.0851	0.1306	0.1706	0.1953	0.2129	0.2297	0.2440	0.2492	0.2400	0.2160	0.1855	0.1563	0.1299	0.1041	0.0788	0.0634	0.0567	0.0502	0.0413	0.0367	0.0430	0.0647	0.0844	0.0885	0.0858	0.0867	0.0963	0.1160	0.1404	0.1582	0.1623	0.1578	0.1479	0.1409	0.1475	0.1678
797	P47	65.66	65.66	42.20	1.70	2.31	2.31	23.91	0.0894	0.1287	0.1572	0.1724	0.1834	0.1951	0.2067	0.2129	0.2101	0.1939	0.1738	0.1600	0.1485	0.1299	0.1044	0.0864	0.0771	0.0658	0.0514	0.0430	0.0517	0.0845	0.1140	0.1218	0.1215	0.1237	0.1328	0.1507	0.1731	0.1871	0.1877	0.1811	0.1694	0.1614	0.1684	0.1904
798	P48	67.04	67.04	55.10	11.10	0.71	0.71	13.83	0.0808	0.1076	0.1259	0.1355	0.1390	0.1466	0.1552	0.1618	0.1640	0.1552	0.1445	0.1428	0.1445	0.1356	0.1142	0.0966	0.0859	0.0723	0.0552	0.0448	0.0531	0.0873	0.1175	0.1257	0.1268	0.1295	0.1374	0.1533	0.1731	0.1843	0.1831	0.1754	0.1636	0.1557	0.1626	0.1841
799	P49	65.87	65.87	65.87	16.67	5.16	5.16	5.16	0.0689	0.0875	0.0974	0.1018	0.1036	0.1080	0.1146	0.1208	0.1246	0.1204	0.1154	0.1213	0.1336	0.1354	0.1211	0.1064	0.0960	0.0822	0.0643	0.0530	0.0622	0.0988	0.1296	0.1376	0.1393	0.1417	0.1479	0.1607	0.1765	0.1858	0.1850	0.1784	0.1683	0.1617	0.1681	0.1876
800	P50	60.09	60.01	80.12	24.54	6.42	6.38	0.00	0.0569	0.0673	0.0720	0.0711	0.0704	0.0727	0.0762	0.0819	0.0883	0.0885	0.0893	0.1030	0.1268	0.1404	0.1351	0.1239	0.1143	0.1001	0.0819	0.0695	0.0777	0.1129	0.1413	0.1485	0.1503	0.1525	0.1573	0.1672	0.1801	0.1876	0.1868	0.1819	0.1738	0.1686	0.1746	0.1914
801	Q1	52.23	52.53	92.70	28.60	12.09	12.56	0.00	0.0413	0.0423	0.0403	0.0378	0.0366	0.0364	0.0387	0.0433	0.0501	0.0534	0.0585	0.0783	0.1135	0.1431	0.1498	0.1431	0.1341	0.1213	0.1064	0.0974	0.1041	0.1315	0.1543	0.1606	0.1621	0.1636	0.1670	0.1744	0.1844	0.1910	0.1917	0.1895	0.1852	0.1821	0.1865	0.1994
802	Q2	45.01	45.95	100.00	36.04	12.49	13.77	0.00	0.0309	0.0265	0.0234	0.0198	0.0182	0.0174	0.0185	0.0218	0.0280	0.0320	0.0381	0.0590	0.0961	0.1283	0.1381	0.1340	0.1273	0.1171	0.1044	0.0971	0.1046	0.1312	0.1517	0.1571	0.1584	0.1597	0.1627	0.1688	0.1774	0.1834	0.1850	0.1845	0.1820	0.1800	0.1841	0.1946
803	Q3	39.52	65.43	0.31	0.00	0.00	0.00	79.32	0.0491	0.0974	0.1500	0.1917	0.2243	0.2515	0.2713	0.2685	0.2403	0.1971	0.1456	0.0929	0.0537	0.0307	0.0176	0.0128	0.0116	0.0113	0.0112	0.0126	0.0164	0.0238	0.0297	0.0286	0.0246	0.0241	0.0304	0.0464	0.0706	0.0913	0.0997	0.0983	0.0901	0.0838	0.0897	0.1087
804	Q4	48.11	69.70	14.78	0.00	0.35	0.00	64.50	0.0582	0.1028	0.1459	0.1776	0.2008	0.2220	0.2385	0.2395	0.2217	0.1890	0.1488	0.1075	0.0738	0.0497	0.0326	0.0246	0.0222	0.0205	0.0186	0.0188	0.0235	0.0360	0.0477	0.0490	0.0450	0.0450	0.0536	0.0728	0.0989	0.1196	0.1267	0.1238	0.1149	0.1084	0.1148	0.1342
805	Q5	56.52	75.36	27.77	0.00	5.58	0.00	44.42	0.0674	0.1033	0.1341	0.1548	0.1693	0.1842	0.1968	0.1990	0.1867	0.1619	0.1326	0.1062	0.0841	0.0645	0.0466	0.0368	0.0329	0.0293	0.0249	0.0238	0.0316	0.0560	0.0815	0.0895	0.0880	0.0892	0.0988	0.1181	0.1427	0.1602	0.1640	0.1592	0.1490	0.1419	0.1484	0.1686
806	Q6	62.62	79.76	40.94	1.37	6.97	0.00	29.68	0.0685	0.0984	0.1195	0.1332	0.1431	0.1533	0.1636	0.1669	0.1586	0.1397	0.1177	0.1012	0.0877	0.0722	0.0545	0.0432	0.0380	0.0324	0.0259	0.0237	0.0331	0.0651	0.0980	0.1092	0.1100	0.1121	0.1212	0.1391	0.1617	0.1763	0.1773	0.1706	0.1590	0.1511	0.1578	0.1792
807	Q7	62.21	80.33	50.10	13.65	9.86	0.00	18.01	0.0617	0.0807	0.0946	0.1027	0.1078	0.1138	0.1212	0.1238	0.1193	0.1066	0.0926	0.0847	0.0790	0.0691	0.0544	0.0441	0.0389	0.0330	0.0263	0.0242	0.0348	0.0709	0.1075	0.1202	0.1228	0.1256	0.1333	0.1484	0.1672	0.1785	0.1778	0.1708	0.1595	0.1520	0.1590	0.1784
808	Q8	60.02	80.11	60.08	24.54	6.38	0.00	6.45	0.0605	0.0755	0.0834	0.0870	0.0901	0.0944	0.0994	0.1028	0.1016	0.0933	0.0844	0.0823	0.0829	0.0771	0.0637	0.0534	0.0476	0.0401	0.0311	0.0272	0.0387	0.0788	0.1186	0.1330	0.1371	0.1405	0.1469	0.1595	0.1749	0.1832	0.1816	0.1746	0.1643	0.1579	0.1644	0.1825
809	Q9	64.00	77.86	77.86	25.96	8.08	0.00	0.00	0.0529	0.0633	0.0670	0.0677	0.0680	0.0704	0.0741	0.0779	0.0792	0.0744	0.0703	0.0744	0.0829	0.0834	0.0730	0.0628	0.0563	0.0471	0.0365	0.0316	0.0428	0.0817	0.1183	0.1306	0.1347	0.1376	0.1433	0.1544	0.1683	0.1757	0.1731	0.1654	0.1546	0.1476	0.1539	0.1721
810	Q10	54.58	68.39	92.29	32.27	11.66	6.07	0.00	0.0387	0.0403	0.0390	0.0356	0.0341	0.0344	0.0367	0.0399	0.0447	0.0457	0.0474	0.0595	0.0790	0.0910	0.0877	0.0798	0.0734	0.0645	0.0537	0.0484	0.0599	0.0972	0.1310	0.1426	0.1462	0.1486	0.1531	0.1618	0.1731	0.1797	0.1790	0.1744	0.1673	0.1630	0.1680	0.1825
811	Q11	46.10	67.18	100.00	40.51	5.32	7.92	0.00	0.0289	0.0264	0.0220	0.0189	0.0170	0.0159	0.0173	0.0202	0.0249	0.0272	0.0312	0.0454	0.0690	0.0853	0.0847	0.0784	0.0728	0.0645	0.0535	0.0472	0.0583	0.0961	0.1302	0.1424	0.1465	0.1488	0.1527	0.1596	0.1684	0.1742	0.1748	0.1725	0.1687	0.1664	0.1705	0.1814
812	Q12	31.09	77.99	0.33	0.00	0.00	0.00	92.64	0.0280	0.0628	0.1026	0.1346	0.1614	0.1854	0.2020	0.1980	0.1709	0.1313	0.0879	0.0488	0.0244	0.0134	0.0091	0.0077	0.0073	0.0076	0.0087	0.0108	0.0144	0.0195	0.0218	0.0197	0.0160	0.0147	0.0172	0.0265	0.0438	0.0608	0.0686	0.0677	0.0612	0.0564	0.0614	0.0778
813	Q13	39.43	85.65	13.09	0.00	3.05	0.00	72.04	0.0447	0.0778	0.1090	0.1309	0.1482	0.1643	0.1773	0.1757	0.1559	0.1245	0.0901	0.0589	0.0362	0.0222	0.0140	0.0109	0.0100	0.0101	0.0109	0.0130	0.0180	0.0285	0.0386	0.0389	0.0343	0.0336	0.0420	0.0618	0.0901	0.1132	0.1222	0.1207	0.1115	0.1046	0.1118	0.1328
814	Q14	50.48	89.97	25.55	0.00	9.12	0.00	51.21	0.0542	0.0792	0.1003	0.1140	0.1242	0.1367	0.1467	0.1467	0.1322	0.1077	0.0820	0.0609	0.0447	0.0318	0.0216	0.0165	0.0149	0.0137	0.0129	0.0144	0.0218	0.0442	0.0693	0.0775	0.0757	0.0765	0.0866	0.1075	0.1344	0.1542	0.1595	0.1556	0.1459	0.1390	0.1459	0.1666
815	Q15	58.23	94.40	37.60	0.00	13.67	0.00	33.31	0.0574	0.0757	0.0879	0.0965	0.1029	0.1111	0.1188	0.1193	0.1086	0.0895	0.0704	0.0568	0.0465	0.0361	0.0259	0.0203	0.0181	0.0161	0.0143	0.0153	0.0238	0.0539	0.0916	0.1072	0.1095	0.1122	0.1217	0.1403	0.1636	0.1788	0.1803	0.1742	0.1630	0.1555	0.1627	0.1844
816	Q16	57.30	93.94	45.52	15.54	10.79	0.00	24.11	0.0490	0.0644	0.0743	0.0796	0.0832	0.0886	0.0949	0.0961	0.0892	0.0748	0.0607	0.0515	0.0444	0.0357	0.0262	0.0207	0.0184	0.0162	0.0143	0.0149	0.0234	0.0543	0.0936	0.1110	0.1150	0.1182	0.1267	0.1428	0.1627	0.1749	0.1756	0.1697	0.1595	0.1530	0.1598	0.1789
817	Q17	52.30	92.71	52.32	28.73	12.34	0.00	12.32	0.0487	0.0572	0.0623	0.0645	0.0668	0.0712	0.0751	0.0764	0.0725	0.0625	0.0529	0.0475	0.0439	0.0374	0.0287	0.0231	0.0205	0.0180	0.0155	0.0160	0.0254	0.0613	0.1076	0.1296	0.1366	0.1407	0.1482	0.1618	0.1775	0.1872	0.1866	0.1811	0.1724	0.1669	0.1733	0.1903
818	Q18	54.58	92.29	68.39	32.27	11.66	0.00	6.07	0.0396	0.0462	0.0483	0.0490	0.0506	0.0522	0.0556	0.0573	0.0561	0.0502	0.0442	0.0431	0.0434	0.0393	0.0312	0.0255	0.0226	0.0196	0.0165	0.0167	0.0261	0.0618	0.1064	0.1272	0.1343	0.1384	0.1447	0.1562	0.1699	0.1774	0.1761	0.1703	0.1619	0.1568	0.1626	0.1786
819	Q19	57.80	90.46	90.46	34.77	5.71	0.00	0.00	0.0304	0.0324	0.0314	0.0299	0.0292	0.0296	0.0314	0.0338	0.0359	0.0344	0.0336	0.0388	0.0467	0.0477	0.0402	0.0334	0.0298	0.0252	0.0203	0.0191	0.0286	0.0641	0.1047	0.1220	0.1282	0.1320	0.1370	0.1470	0.1591	0.1654	0.1635	0.1574	0.1491	0.1435	0.1495	0.1655
820	Q20	47.52	87.37	100.00	46.58	0.00	0.00	0.00	0.0215	0.0230	0.0203	0.0180	0.0166	0.0165	0.0176	0.0197	0.0224	0.0231	0.0249	0.0326	0.0434	0.0474	0.0418	0.0356	0.0322	0.0277	0.0225	0.0208	0.0306	0.0663	0.1065	0.1245	0.1313	0.1349	0.1394	0.1468	0.1555	0.1602	0.1594	0.1560	0.1510	0.1484	0.1529	0.1638
821	Q21	23.77	99.82	0.03	0.00	0.00	0.00	99.95	0.0175	0.0375	0.0594	0.0791	0.0953	0.1123	0.1241	0.1194	0.0970	0.0676	0.0403	0.0208	0.0114	0.0083	0.0075	0.0073	0.0072	0.0076	0.0089	0.0115	0.0163	0.0232	0.0255	0.0225	0.0182	0.0158	0.0165	0.0226	0.0362	0.0508	0.0578	0.0570	0.0510	0.0466	0.0514	0.0667
822	Q22	32.46	100.00	11.02	0.00	6.14	0.00	76.48	0.0318	0.0561	0.0759	0.0900	0.1032	0.1162	0.1263	0.1231	0.1043	0.0780	0.0519	0.0319	0.0195	0.0129	0.0097	0.0086	0.0081	0.0084	0.0097	0.0121	0.0170	0.0269	0.0361	0.0363	0.0314	0.0301	0.0372	0.0558	0.0833	0.1064	0.1154	0.1137	0.1046	0.0977	0.1047	0.1258
823	Q23	45.78	100.00	20.05	0.00	17.71	0.00	50.38	0.0503	0.0689	0.0842	0.0951	0.1032	0.1122	0.1204	0.1181	0.1024	0.0796	0.0578	0.0410	0.0294	0.0209	0.0149	0.0123	0.0113	0.0110	0.0113	0.0132	0.0198	0.0424	0.0740	0.0883	0.0890	0.0908	0.1017	0.1235	0.1513	0.1715	0.1770	0.1727	0.1621	0.1545	0.1620	0.1839
824	Q24	53.05	100.00	37.71	0.00	13.64	0.00	41.83	0.0480	0.0656	0.0772	0.0847	0.0897	0.0979	0.1051	0.1043	0.0929	0.0742	0.0561	0.0428	0.0331	0.0246	0.0175	0.0140	0.0126	0.0118	0.0115	0.0132	0.0202	0.0457	0.0819	0.0990	0.1014	0.1040	0.1144	0.1351	0.1608	0.1784	0.1817	0.1763	0.1652	0.1573	0.1644	0.1860
825	Q25	49.96	100.00	42.13	20.06	10.65	0.00	33.77	0.0479	0.0567	0.0643	0.0691	0.0734	0.0794	0.0847	0.0846	0.0766	0.0625	0.0489	0.0391	0.0319	0.0247	0.0181	0.0145	0.0130	0.0121	0.0118	0.0134	0.0205	0.0467	0.0838	0.1019	0.1056	0.1081	0.1172	0.1343	0.1549	0.1691	0.1717	0.1672	0.1583	0.1521	0.1585	0.1764
826	Q26	44.88	100.00	46.74	35.55	11.79	0.00	14.46	0.0413	0.0483	0.0518	0.0543	0.0561	0.0594	0.0633	0.0639	0.0590	0.0498	0.0407	0.0352	0.0310	0.0255	0.0193	0.0158	0.0144	0.0132	0.0127	0.0141	0.0221	0.0540	0.1025	0.1295	0.1387	0.1434	0.1507	0.1630	0.1769	0.1855	0.1862	0.1827	0.1763	0.1727	0.1774	0.1906
827	Q27	46.10	100.00	67.18	40.51	5.32	0.00	7.92	0.0335	0.0368	0.0379	0.0374	0.0385	0.0409	0.0436	0.0450	0.0436	0.0381	0.0333	0.0316	0.0307	0.0271	0.0212	0.0173	0.0157	0.0143	0.0133	0.0147	0.0219	0.0520	0.0972	0.1219	0.1308	0.1353	0.1419	0.1520	0.1639	0.1709	0.1712	0.1676	0.1618	0.1583	0.1634	0.1758
828	Q28	47.52	100.00	87.37	46.58	0.00	0.00	0.00	0.0249	0.0263	0.0252	0.0244	0.0246	0.0256	0.0271	0.0287	0.0293	0.0270	0.0255	0.0276	0.0305	0.0294	0.0238	0.0197	0.0175	0.0156	0.0143	0.0153	0.0225	0.0517	0.0940	0.1171	0.1259	0.1301	0.1346	0.1420	0.1506	0.1552	0.1546	0.1513	0.1462	0.1434	0.1475	0.1583
829	Q29	47.52	100.00	100.00	46.58	0.00	0.00	0.00	0.0198	0.0196	0.0174	0.0164	0.0153	0.0155	0.0161	0.0177	0.0192	0.0189	0.0195	0.0242	0.0300	0.0307	0.0257	0.0214	0.0191	0.0169	0.0154	0.0163	0.0235	0.0525	0.0940	0.1162	0.1248	0.1291	0.1336	0.1408	0.1493	0.1541	0.1535	0.1501	0.1452	0.1423	0.1470	0.1575
830	Q30	74.81	0.00	0.00	0.00	0.00	0.07	0.19	0.1900	0.3170	0.4453	0.5424	0.6030	0.6503	0.6973	0.7275	0.7385	0.7375	0.7290	0.7157	0.6946	0.6617	0.6131	0.5504	0.4802	0.4014	0.3159	0.2441	0.1947	0.1642	0.1403	0.1241	0.1190	0.1201	0.1268	0.1423	0.1611	0.1704	0.1661	0.1565	0.1428	0.1341	0.1429	0.1693
831	Q31	75.18	0.25	0.25	0.00	0.00	23.27	0.00	0.1514	0.2455	0.3415	0.4173	0.4722	0.5211	0.5719	0.6160	0.6538	0.6840	0.6979	0.6972	0.6800	0.6468	0.5962	0.5310	0.4584	0.3775	0.2914	0.2200	0.1698	0.1372	0.1124	0.0970	0.0917	0.0913	0.0950	0.1050	0.1190	0.1278	0.1280	0.1232	0.1148	0.1086	0.1148	0.1347
832	Q32	69.18	0.22	12.17	0.00	0.00	37.77	0.00	0.1221	0.1893	0.2524	0.3016	0.3405	0.3787	0.4200	0.4637	0.5121	0.5554	0.5851	0.6113	0.6294	0.6250	0.5895	0.5303	0.4609	0.3831	0.3009	0.2312	0.1796	0.1424	0.1140	0.0973	0.0907	0.0894	0.0915	0.0983	0.1090	0.1176	0.1212	0.1218	0.1193	0.1166	0.1214	0.1365
833	Q33	66.76	0.31	17.26	0.00	0.00	56.70	0.00	0.0843	0.1235	0.1636	0.1979	0.2319	0.2680	0.3099	0.3606	0.4234	0.4858	0.5319	0.5709	0.5992	0.6012	0.5677	0.5084	0.4377	0.3589	0.2772	0.2080	0.1540	0.1129	0.0823	0.0657	0.0594	0.0574	0.0575	0.0604	0.0666	0.0741	0.0808	0.0866	0.0905	0.0920	0.0955	0.1055
834	Q34	68.91	0.32	29.06	0.00	0.00	65.08	0.00	0.0610	0.0864	0.1153	0.1412	0.1678	0.1998	0.2371	0.2851	0.3481	0.4112	0.4604	0.5091	0.5541	0.5725	0.5470	0.4889	0.4173	0.3374	0.2557	0.1869	0.1333	0.0922	0.0627	0.0475	0.0418	0.0400	0.0395	0.0411	0.0456	0.0520	0.0590	0.0660	0.0717	0.0744	0.0774	0.0854
835	Q35	65.43	0.31	39.52	0.00	0.00	79.32	0.00	0.0292	0.0418	0.0567	0.0738	0.0946	0.1216	0.1554	0.2010	0.2663	0.3354	0.3927	0.4512	0.5094	0.5411	0.5233	0.4672	0.3951	0.3146	0.2330	0.1638	0.1081	0.0648	0.0357	0.0227	0.0181	0.0167	0.0159	0.0158	0.0177	0.0224	0.0292	0.0379	0.0467	0.0517	0.0535	0.0577
836	Q36	61.30	0.33	60.82	0.00	0.00	85.22	0.00	0.0244	0.0303	0.0386	0.0488	0.0619	0.0800	0.1038	0.1384	0.1909	0.2475	0.2977	0.3620	0.4439	0.5064	0.5077	0.4578	0.3872	0.3069	0.2256	0.1564	0.1004	0.0573	0.0297	0.0182	0.0146	0.0133	0.0126	0.0126	0.0140	0.0177	0.0237	0.0317	0.0405	0.0455	0.0473	0.0510
837	Q37	50.42	0.19	74.45	0.00	0.00	99.69	0.00	0.0134	0.0154	0.0169	0.0213	0.0267	0.0362	0.0507	0.0752	0.1169	0.1682	0.2187	0.2880	0.3813	0.4564	0.4649	0.4175	0.3475	0.2668	0.1857	0.1179	0.0655	0.0306	0.0138	0.0090	0.0077	0.0075	0.0072	0.0071	0.0074	0.0084	0.0105	0.0143	0.0197	0.0235	0.0247	0.0263
838	Q38	49.83	0.02	99.92	0.00	0.00	99.97	0.00	0.0105	0.0120	0.0132	0.0131	0.0135	0.0162	0.0200	0.0286	0.0464	0.0687	0.0968	0.1609	0.2796	0.3994	0.4385	0.4006	0.3331	0.2540	0.1750	0.1094	0.0598	0.0278	0.0130	0.0091	0.0080	0.0077	0.0074	0.0071	0.0071	0.0076	0.0094	0.0126	0.0172	0.0206	0.0217	0.0235
839	Q39	75.18	0.25	0.25	0.00	0.00	0.00	23.27	0.1457	0.2597	0.3762	0.4643	0.5212	0.5669	0.6089	0.6297	0.6248	0.6030	0.5660	0.5183	0.4683	0.4190	0.3659	0.3184	0.2790	0.2364	0.1864	0.1452	0.1198	0.1061	0.0941	0.0844	0.0801	0.0809	0.0876	0.1025	0.1219	0.1338	0.1328	0.1246	0.1125	0.1043	0.1112	0.1336
840	Q40	76.28	6.42	6.42	0.00	0.00	13.73	13.73	0.1328	0.2242	0.3131	0.3810	0.4255	0.4654	0.5049	0.5346	0.5522	0.5548	0.5429	0.5234	0.4979	0.4622	0.4130	0.3622	0.3147	0.2615	0.2011	0.1517	0.1217	0.1056	0.0914	0.0804	0.0759	0.0760	0.0811	0.0931	0.1093	0.1198	0.1199	0.1144	0.1048	0.0979	0.1042	0.1247
841	Q41	74.01	9.67	15.52	0.00	0.00	28.68	8.53	0.1136	0.1782	0.2416	0.2893	0.3240	0.3586	0.3950	0.4299	0.4618	0.4814	0.4873	0.4895	0.4856	0.4647	0.4217	0.3709	0.3203	0.2628	0.1992	0.1476	0.1166	0.1001	0.0853	0.0742	0.0696	0.0692	0.0726	0.0815	0.0944	0.1038	0.1064	0.1047	0.0989	0.0942	0.0994	0.1166
842	Q42	72.39	11.92	21.91	0.00	0.00	44.93	4.93	0.0874	0.1318	0.1739	0.2064	0.2349	0.2660	0.3006	0.3390	0.3826	0.4194	0.4421	0.4632	0.4788	0.4723	0.4360	0.3852	0.3312	0.2694	0.2029	0.1492	0.1153	0.0954	0.0779	0.0662	0.0613	0.0602	0.0617	0.0670	0.0759	0.0838	0.0884	0.0909	0.0901	0.0887	0.0928	0.1053
843	Q43	72.11	14.27	35.34	0.00	0.00	54.84	1.17	0.0657	0.0935	0.1220	0.1446	0.1675	0.1939	0.2248	0.2631	0.3109	0.3539	0.3851	0.4222	0.4627	0.4808	0.4581	0.4094	0.3512	0.2839	0.2132	0.1555	0.1168	0.0912	0.0697	0.0565	0.0510	0.0492	0.0492	0.0519	0.0578	0.0648	0.0708	0.0761	0.0793	0.0801	0.0838	0.0934
844	Q44	69.70	14.78	48.11	0.00	0.00	64.50	0.35	0.0486	0.0668	0.0846	0.1011	0.1188	0.1403	0.1668	0.2015	0.2481	0.2913	0.3250	0.3700	0.4248	0.4594	0.4466	0.4012	0.3444	0.2785	0.2092	0.1525	0.1128	0.0844	0.0609	0.0474	0.0418	0.0399	0.0393	0.0403	0.0447	0.0508	0.0580	0.0651	0.0706	0.0737	0.0764	0.0836
845	Q45	66.81	15.00	66.81	0.00	0.00	67.32	0.00	0.0364	0.0499	0.0619	0.0714	0.0833	0.0990	0.1184	0.1462	0.1857	0.2223	0.2538	0.3056	0.3806	0.4399	0.4424	0.4023	0.3471	0.2819	0.2132	0.1563	0.1154	0.0848	0.0595	0.0454	0.0396	0.0376	0.0367	0.0376	0.0410	0.0473	0.0547	0.0628	0.0701	0.0738	0.0764	0.0829
846	Q46	59.84	15.00	83.84	0.00	0.00	77.91	0.00	0.0211	0.0269	0.0318	0.0356	0.0418	0.0514	0.0640	0.0842	0.1150	0.1452	0.1747	0.2326	0.3271	0.4110	0.4300	0.3955	0.3416	0.2763	0.2074	0.1489	0.1043	0.0692	0.0423	0.0287	0.0235	0.0216	0.0204	0.0203	0.0223	0.0272	0.0349	0.0445	0.0542	0.0602	0.0622	0.0663
847	Q47	53.36	14.82	100.00	0.00	0.00	76.53	0.00	0.0159	0.0190	0.0192	0.0186	0.0190	0.0195	0.0238	0.0325	0.0488	0.0652	0.0872	0.1490	0.2665	0.3857	0.4291	0.4046	0.3548	0.2921	0.2237	0.1643	0.1173	0.0791	0.0488	0.0334	0.0273	0.0250	0.0237	0.0233	0.0255	0.0310	0.0398	0.0513	0.0627	0.0696	0.0719	0.0762
848	Q48	69.18	12.17	0.22	0.00	0.00	0.00	37.77	0.1318	0.2261	0.3215	0.3933	0.4417	0.4811	0.5124	0.5220	0.5061	0.4720	0.4231	0.3641	0.3077	0.2590	0.2137	0.1821	0.1629	0.1428	0.1167	0.0963	0.0902	0.0949	0.0961	0.0914	0.0875	0.0883	0.0961	0.1129	0.1341	0.1484	0.1501	0.1444	0.1338	0.1268	0.1330	0.1538
849	Q49	74.01	15.52	9.67	0.00	0.00	8.53	28.68	0.1121	0.1918	0.2704	0.3279	0.3657	0.3986	0.4291	0.4466	0.4477	0.4308	0.3993	0.3612	0.3220	0.2813	0.2363	0.2014	0.1780	0.1525	0.1204	0.0957	0.0859	0.0864	0.0835	0.0770	0.0728	0.0730	0.0791	0.0927	0.1107	0.1231	0.1250	0.1203	0.1113	0.1051	0.1113	0.1304
850	Q50	77.19	21.29	21.29	0.00	0.00	18.01	18.01	0.1030	0.1705	0.2331	0.2767	0.3052	0.3324	0.3599	0.3821	0.3956	0.3929	0.3782	0.3636	0.3479	0.3214	0.2808	0.2430	0.2132	0.1790	0.1385	0.1069	0.0927	0.0899	0.0834	0.0748	0.0704	0.0703	0.0749	0.0859	0.1012	0.1118	0.1137	0.1107	0.1035	0.0979	0.1036	0.1223
851	R1	77.29	24.48	31.10	0.00	0.00	26.82	10.84	0.0894	0.1360	0.1795	0.2122	0.2353	0.2596	0.2875	0.3157	0.3416	0.3554	0.3572	0.3620	0.3682	0.3590	0.3250	0.2840	0.2452	0.1999	0.1495	0.1105	0.0919	0.0880	0.0823	0.0746	0.0709	0.0707	0.0741	0.0832	0.0957	0.1045	0.1057	0.1029	0.0965	0.0917	0.0974	0.1142
852	R2	77.24	27.24	44.98	0.00	0.00	35.47	6.41	0.0719	0.1079	0.1393	0.1615	0.1790	0.1991	0.2230	0.2506	0.2811	0.3014	0.3125	0.3323	0.3579	0.3654	0.3394	0.2985	0.2562	0.2066	0.1520	0.1102	0.0892	0.0831	0.0752	0.0668	0.0630	0.0626	0.0650	0.0723	0.0830	0.0911	0.0931	0.0913	0.0861	0.0822	0.0874	0.1027
853	R3	75.36	27.77	56.52	0.00	0.00	44.42	5.58	0.0559	0.0814	0.1040	0.1190	0.1320	0.1491	0.1695	0.1956	0.2267	0.2496	0.2654	0.2937	0.3322	0.3524	0.3335	0.2948	0.2525	0.2029	0.1486	0.1070	0.0856	0.0785	0.0696	0.0607	0.0568	0.0559	0.0578	0.0634	0.0725	0.0799	0.0833	0.0834	0.0806	0.0782	0.0825	0.0963
854	R4	72.76	28.67	72.76	0.00	2.07	48.97	2.07	0.0466	0.0651	0.0774	0.0854	0.0927	0.1040	0.1184	0.1388	0.1663	0.1880	0.2070	0.2470	0.3088	0.3549	0.3520	0.3175	0.2745	0.2224	0.1661	0.1222	0.0985	0.0887	0.0770	0.0669	0.0623	0.0611	0.0620	0.0665	0.0743	0.0816	0.0859	0.0880	0.0874	0.0860	0.0900	0.1026
855	R5	69.35	27.76	87.76	0.00	5.59	53.74	0.00	0.0355	0.0429	0.0473	0.0486	0.0509	0.0563	0.0646	0.0782	0.0982	0.1140	0.1301	0.1721	0.2439	0.3058	0.3165	0.2906	0.2537	0.2082	0.1597	0.1223	0.1018	0.0920	0.0796	0.0689	0.0640	0.0626	0.0629	0.0662	0.0728	0.0800	0.0854	0.0895	0.0912	0.0913	0.0953	0.1057
856	R6	66.84	23.60	100.00	0.00	12.02	50.41	0.00	0.0276	0.0281	0.0251	0.0213	0.0203	0.0211	0.0239	0.0310	0.0435	0.0535	0.0672	0.1093	0.1880	0.2628	0.2859	0.2679	0.2374	0.1989	0.1583	0.1283	0.1125	0.1043	0.0915	0.0804	0.0754	0.0739	0.0743	0.0779	0.0852	0.0926	0.0979	0.1017	0.1035	0.1036	0.1075	0.1181
857	R7	66.76	17.26	0.31	0.00	0.00	0.00	56.70	0.0893	0.1671	0.2505	0.3167	0.3649	0.4044	0.4354	0.4413	0.4181	0.3759	0.3167	0.2480	0.1864	0.1401	0.1028	0.0813	0.0717	0.0628	0.0506	0.0422	0.0423	0.0498	0.0546	0.0526	0.0493	0.0497	0.0566	0.0717	0.0922	0.1073	0.1106	0.1067	0.0980	0.0921	0.0979	0.1154
858	R8	72.39	21.91	11.92	0.00	0.00	4.93	44.93	0.0823	0.1507	0.2197	0.2712	0.3078	0.3394	0.3667	0.3789	0.3718	0.3460	0.3046	0.2560	0.2099	0.1689	0.1297	0.1040	0.0908	0.0774	0.0603	0.0481	0.0466	0.0533	0.0569	0.0542	0.0507	0.0511	0.0574	0.0713	0.0902	0.1037	0.1061	0.1017	0.0932	0.0874	0.0930	0.1110
859	R9	77.29	31.10	24.48	0.00	0.00	10.84	26.82	0.0878	0.1471	0.2026	0.2414	0.2692	0.2934	0.3192	0.3371	0.3431	0.3326	0.3097	0.2859	0.2629	0.2343	0.1963	0.1653	0.1436	0.1193	0.0898	0.0682	0.0619	0.0675	0.0692	0.0649	0.0619	0.0621	0.0673	0.0795	0.0961	0.1072	0.1081	0.1028	0.0938	0.0873	0.0934	0.1124
860	R10	80.26	37.34	37.34	0.00	0.00	16.47	16.47	0.0799	0.1308	0.1737	0.2038	0.2242	0.2450	0.2680	0.2875	0.3007	0.2999	0.2900	0.2851	0.2830	0.2689	0.2361	0.2021	0.1741	0.1415	0.1040	0.0759	0.0659	0.0697	0.0694	0.0643	0.0613	0.0615	0.0658	0.0765	0.0912	0.1006	0.1007	0.0955	0.0862	0.0800	0.0858	0.1047
861	R11	81.76	39.95	51.46	0.00	0.00	20.62	10.08	0.0704	0.1108	0.1440	0.1656	0.1791	0.1946	0.2135	0.2323	0.2495	0.2549	0.2534	0.2628	0.2792	0.2803	0.2542	0.2208	0.1899	0.1532	0.1115	0.0806	0.0691	0.0722	0.0714	0.0657	0.0628	0.0630	0.0667	0.0766	0.0905	0.0994	0.0994	0.0943	0.0858	0.0797	0.0854	0.1040
862	R12	79.76	40.94	62.62	1.37	0.00	29.68	6.97	0.0614	0.0894	0.1134	0.1270	0.1372	0.1496	0.1656	0.1842	0.2046	0.2149	0.2207	0.2405	0.2713	0.2854	0.2663	0.2335	0.2006	0.1613	0.1175	0.0847	0.0716	0.0738	0.0723	0.0663	0.0631	0.0631	0.0661	0.0745	0.0867	0.0952	0.0963	0.0932	0.0863	0.0811	0.0866	0.1033
863	R13	77.25	41.47	77.25	1.88	2.79	34.12	2.79	0.0542	0.0712	0.0837	0.0895	0.0929	0.1008	0.1121	0.1274	0.1462	0.1576	0.1676	0.1976	0.2464	0.2805	0.2739	0.2453	0.2124	0.1722	0.1277	0.0940	0.0801	0.0817	0.0790	0.0720	0.0685	0.0681	0.0707	0.0783	0.0895	0.0980	0.0997	0.0979	0.0924	0.0881	0.0936	0.1097
864	R14	75.37	40.69	93.02	2.03	6.64	32.50	0.00	0.0344	0.0420	0.0426	0.0411	0.0399	0.0417	0.0463	0.0554	0.0703	0.0802	0.0917	0.1295	0.1958	0.2512	0.2593	0.2372	0.2072	0.1696	0.1279	0.0969	0.0849	0.0880	0.0858	0.0789	0.0756	0.0754	0.0777	0.0853	0.0965	0.1048	0.1065	0.1043	0.0988	0.0945	0.1001	0.1165
865	R15	71.58	37.34	100.00	0.00	14.03	26.33	0.00	0.0322	0.0347	0.0296	0.0253	0.0225	0.0221	0.0241	0.0309	0.0427	0.0506	0.0614	0.0975	0.1638	0.2230	0.2374	0.2213	0.1971	0.1655	0.1302	0.1047	0.0976	0.1058	0.1066	0.1007	0.0980	0.0982	0.1014	0.1104	0.1232	0.1319	0.1328	0.1294	0.1225	0.1175	0.1233	0.1412
866	R16	68.91	29.06	0.32	0.00	0.00	0.00	65.08	0.0696	0.1394	0.2115	0.2708	0.3132	0.3499	0.3788	0.3824	0.3575	0.3141	0.2562	0.1909	0.1351	0.0950	0.0655	0.0496	0.0435	0.0384	0.0311	0.0268	0.0283	0.0344	0.0384	0.0367	0.0333	0.0333	0.0389	0.0521	0.0708	0.0852	0.0893	0.0862	0.0783	0.0729	0.0781	0.0944
867	R17	72.11	35.34	14.27	0.00	0.00	1.17	54.84	0.0709	0.1313	0.1944	0.2403	0.2718	0.2999	0.3235	0.3308	0.3173	0.2858	0.2412	0.1918	0.1478	0.1119	0.0809	0.0625	0.0546	0.0473	0.0376	0.0315	0.0325	0.0398	0.0445	0.0427	0.0394	0.0394	0.0453	0.0589	0.0781	0.0922	0.0949	0.0907	0.0819	0.0759	0.0816	0.0988
868	R18	77.24	44.98	27.24	0.00	0.00	6.41	35.47	0.0761	0.1307	0.1822	0.2182	0.2421	0.2636	0.2854	0.2979	0.2971	0.2805	0.2535	0.2271	0.2031	0.1764	0.1442	0.1194	0.1039	0.0870	0.0661	0.0511	0.0482	0.0559	0.0601	0.0574	0.0546	0.0548	0.0599	0.0726	0.0896	0.1010	0.1017	0.0965	0.0866	0.0802	0.0862	0.1046
869	R19	81.76	51.46	39.95	0.00	0.00	10.08	20.62	0.0757	0.1227	0.1625	0.1889	0.2061	0.2232	0.2422	0.2568	0.2631	0.2562	0.2420	0.2339	0.2285	0.2140	0.1851	0.1575	0.1358	0.1109	0.0817	0.0606	0.0548	0.0626	0.0668	0.0636	0.0612	0.0617	0.0664	0.0775	0.0931	0.1029	0.1024	0.0963	0.0864	0.0796	0.0856	0.1050
870	R20	79.83	49.82	49.82	13.01	0.00	13.34	13.34	0.0675	0.1015	0.1303	0.1478	0.1579	0.1699	0.1838	0.1967	0.2061	0.2058	0.2015	0.2058	0.2154	0.2137	0.1931	0.1685	0.1464	0.1197	0.0888	0.0657	0.0586	0.0655	0.0692	0.0659	0.0638	0.0643	0.0683	0.0781	0.0918	0.1003	0.0999	0.0945	0.0855	0.0794	0.0853	0.1034
871	R21	80.33	50.10	62.21	13.65	0.00	18.01	9.86	0.0573	0.0830	0.1032	0.1149	0.1222	0.1318	0.1430	0.1550	0.1664	0.1695	0.1699	0.1820	0.2020	0.2097	0.1938	0.1701	0.1475	0.1198	0.0880	0.0646	0.0574	0.0649	0.0685	0.0651	0.0631	0.0636	0.0672	0.0761	0.0888	0.0970	0.0968	0.0920	0.0838	0.0783	0.0840	0.1011
872	R22	78.11	52.17	78.11	14.63	1.14	20.92	1.14	0.0465	0.0651	0.0761	0.0811	0.0828	0.0882	0.0965	0.1071	0.1196	0.1258	0.1316	0.1543	0.1916	0.2163	0.2098	0.1883	0.1640	0.1327	0.0972	0.0710	0.0633	0.0729	0.0781	0.0751	0.0734	0.0737	0.0770	0.0858	0.0980	0.1057	0.1055	0.1009	0.0931	0.0878	0.0938	0.1110
873	R23	74.23	46.53	92.63	16.78	8.07	20.30	0.00	0.0378	0.0449	0.0452	0.0433	0.0421	0.0430	0.0466	0.0537	0.0639	0.0699	0.0776	0.1041	0.1492	0.1841	0.1868	0.1718	0.1529	0.1279	0.0987	0.0771	0.0716	0.0822	0.0876	0.0846	0.0828	0.0833	0.0867	0.0952	0.1070	0.1146	0.1148	0.1111	0.1039	0.0990	0.1046	0.1213
874	R24	69.91	42.09	100.00	19.73	11.08	14.20	0.00	0.0316	0.0319	0.0287	0.0241	0.0210	0.0208	0.0221	0.0275	0.0365	0.0421	0.0503	0.0782	0.1275	0.1690	0.1779	0.1671	0.1516	0.1301	0.1042	0.0847	0.0821	0.0965	0.1044	0.1023	0.1013	0.1022	0.1062	0.1156	0.1283	0.1362	0.1358	0.1314	0.1236	0.1180	0.1239	0.1414
875	R25	65.43	39.52	0.31	0.00	0.00	0.00	79.32	0.0451	0.0974	0.1588	0.2100	0.2500	0.2852	0.3110	0.3111	0.2833	0.2369	0.1781	0.1148	0.0659	0.0366	0.0196	0.0132	0.0116	0.0110	0.0104	0.0111	0.0138	0.0182	0.0211	0.0197	0.0169	0.0163	0.0204	0.0311	0.0480	0.0626	0.0680	0.0663	0.0596	0.0548	0.0595	0.0742
876	R26	69.70	48.11	14.78	0.00	0.00	0.35	64.50	0.0584	0.1094	0.1638	0.2046	0.2339	0.2601	0.2816	0.2857	0.2695	0.2356	0.1903	0.1412	0.0992	0.0682	0.0453	0.0338	0.0297	0.0265	0.0223	0.0208	0.0237	0.0321	0.0389	0.0387	0.0356	0.0355	0.0412	0.0547	0.0736	0.0886	0.0931	0.0902	0.0827	0.0776	0.0825	0.0983
877	R27	75.36	56.52	27.77	0.00	0.00	5.58	44.42	0.0670	0.1152	0.1608	0.1930	0.2139	0.2351	0.2539	0.2616	0.2546	0.2319	0.2003	0.1670	0.1362	0.1069	0.0795	0.0627	0.0546	0.0466	0.0367	0.0307	0.0329	0.0442	0.0532	0.0530	0.0500	0.0501	0.0558	0.0689	0.0864	0.0993	0.1016	0.0970	0.0885	0.0827	0.0883	0.1057
878	R28	79.76	62.62	40.94	1.37	0.00	6.97	29.68	0.0716	0.1136	0.1505	0.1741	0.1889	0.2042	0.2197	0.2288	0.2277	0.2125	0.1909	0.1721	0.1548	0.1322	0.1043	0.0848	0.0733	0.0610	0.0464	0.0371	0.0386	0.0522	0.0622	0.0614	0.0592	0.0594	0.0646	0.0769	0.0937	0.1046	0.1052	0.0996	0.0900	0.0836	0.0893	0.1081
879	R29	80.33	62.21	50.10	13.65	0.00	9.86	18.01	0.0631	0.0960	0.1212	0.1371	0.1469	0.1574	0.1690	0.1782	0.1812	0.1738	0.1626	0.1575	0.1547	0.1429	0.1199	0.1007	0.0877	0.0723	0.0542	0.0423	0.0427	0.0555	0.0640	0.0626	0.0607	0.0611	0.0652	0.0752	0.0889	0.0977	0.0975	0.0922	0.0837	0.0779	0.0836	0.1007
880	R30	80.11	60.02	60.08	24.54	0.00	6.38	6.44	0.0534	0.0773	0.0965	0.1056	0.1108	0.1178	0.1258	0.1336	0.1382	0.1361	0.1333	0.1391	0.1504	0.1517	0.1372	0.1204	0.1059	0.0874	0.0658	0.0507	0.0489	0.0605	0.0679	0.0662	0.0645	0.0650	0.0689	0.0781	0.0903	0.0976	0.0964	0.0907	0.0820	0.0764	0.0818	0.0982
881	R31	77.86	64.00	77.86	25.96	0.00	8.08	0.00	0.0406	0.0580	0.0671	0.0701	0.0718	0.0746	0.0794	0.0863	0.0930	0.0942	0.0956	0.1102	0.1348	0.1492	0.1426	0.1283	0.1134	0.0937	0.0707	0.0542	0.0524	0.0654	0.0735	0.0718	0.0703	0.0709	0.0745	0.0833	0.0952	0.1021	0.1007	0.0951	0.0864	0.0810	0.0867	0.1030
882	R32	68.39	54.58	92.29	32.27	6.07	11.66	0.00	0.0315	0.0369	0.0360	0.0337	0.0321	0.0329	0.0346	0.0393	0.0464	0.0502	0.0553	0.0751	0.1081	0.1336	0.1363	0.1277	0.1169	0.1016	0.0824	0.0683	0.0677	0.0815	0.0903	0.0894	0.0881	0.0888	0.0924	0.1004	0.1111	0.1178	0.1173	0.1135	0.1068	0.1026	0.1079	0.1227
883	R33	67.18	46.10	100.00	40.51	7.92	5.32	0.00	0.0228	0.0252	0.0233	0.0204	0.0176	0.0173	0.0184	0.0220	0.0278	0.0317	0.0375	0.0570	0.0908	0.1188	0.1255	0.1197	0.1111	0.0984	0.0820	0.0696	0.0689	0.0810	0.0887	0.0879	0.0875	0.0885	0.0922	0.1000	0.1101	0.1161	0.1151	0.1105	0.1036	0.0998	0.1047	0.1181
884	R34	61.30	60.82	0.33	0.00	0.00	0.00	85.22	0.0331	0.0741	0.1241	0.1654	0.1986	0.2287	0.2500	0.2487	0.2211	0.1777	0.1262	0.0754	0.0399	0.0213	0.0123	0.0093	0.0085	0.0083	0.0089	0.0104	0.0133	0.0176	0.0198	0.0181	0.0153	0.0145	0.0167	0.0249	0.0393	0.0526	0.0583	0.0570	0.0514	0.0477	0.0522	0.0659
885	R35	66.81	66.81	15.00	0.00	0.00	0.00	67.32	0.0471	0.0906	0.1354	0.1678	0.1927	0.2155	0.2338	0.2359	0.2184	0.1853	0.1440	0.1009	0.0656	0.0408	0.0242	0.0168	0.0147	0.0137	0.0127	0.0135	0.0172	0.0250	0.0309	0.0301	0.0263	0.0256	0.0310	0.0442	0.0636	0.0794	0.0847	0.0823	0.0753	0.0699	0.0755	0.0919
886	R36	72.76	72.76	28.67	0.00	2.07	2.07	48.97	0.0589	0.0979	0.1344	0.1587	0.1754	0.1930	0.2078	0.2116	0.2010	0.1758	0.1447	0.1151	0.0897	0.0673	0.0472	0.0358	0.0311	0.0269	0.0220	0.0202	0.0244	0.0367	0.0468	0.0473	0.0443	0.0440	0.0500	0.0635	0.0820	0.0955	0.0981	0.0935	0.0845	0.0786	0.0846	0.1029
887	R37	77.25	77.25	41.47	1.88	2.79	2.79	34.12	0.0604	0.0954	0.1232	0.1413	0.1531	0.1655	0.1783	0.1832	0.1768	0.1581	0.1355	0.1174	0.1021	0.0842	0.0640	0.0506	0.0439	0.0367	0.0285	0.0244	0.0290	0.0456	0.0594	0.0605	0.0583	0.0587	0.0642	0.0772	0.0949	0.1066	0.1071	0.1007	0.0903	0.0839	0.0899	0.1094
888	R38	78.11	78.11	52.17	14.63	1.14	1.14	20.92	0.0592	0.0858	0.1057	0.1163	0.1236	0.1323	0.1415	0.1466	0.1449	0.1335	0.1196	0.1120	0.1067	0.0952	0.0765	0.0626	0.0542	0.0444	0.0333	0.0275	0.0323	0.0518	0.0671	0.0690	0.0676	0.0683	0.0736	0.0854	0.1011	0.1107	0.1094	0.1024	0.0919	0.0855	0.0914	0.1108
889	R39	77.86	77.86	64.00	25.96	0.00	0.00	8.08	0.0530	0.0700	0.0842	0.0902	0.0945	0.1003	0.1064	0.1114	0.1122	0.1056	0.0985	0.0988	0.1027	0.0985	0.0844	0.0712	0.0620	0.0504	0.0373	0.0298	0.0341	0.0535	0.0688	0.0706	0.0698	0.0707	0.0751	0.0853	0.0988	0.1064	0.1046	0.0974	0.0878	0.0817	0.0875	0.1056
890	R40	78.03	78.03	78.03	37.89	0.00	0.00	0.00	0.0383	0.0503	0.0577	0.0605	0.0616	0.0638	0.0680	0.0726	0.0752	0.0724	0.0699	0.0751	0.0841	0.0858	0.0761	0.0656	0.0575	0.0468	0.0349	0.0283	0.0325	0.0505	0.0645	0.0663	0.0660	0.0668	0.0701	0.0784	0.0893	0.0953	0.0932	0.0871	0.0785	0.0735	0.0787	0.0944
891	R41	69.86	69.86	89.91	50.19	0.00	0.00	0.00	0.0262	0.0328	0.0336	0.0335	0.0321	0.0332	0.0357	0.0393	0.0431	0.0440	0.0457	0.0559	0.0717	0.0810	0.0778	0.0704	0.0638	0.0544	0.0431	0.0358	0.0387	0.0546	0.0673	0.0692	0.0692	0.0701	0.0731	0.0800	0.0890	0.0939	0.0926	0.0879	0.0813	0.0773	0.0817	0.0939
892	R42	52.10	53.47	100.00	58.04	8.60	10.06	0.00	0.0174	0.0179	0.0174	0.0144	0.0134	0.0133	0.0141	0.0165	0.0195	0.0221	0.0257	0.0372	0.0562	0.0708	0.0735	0.0704	0.0667	0.0611	0.0534	0.0481	0.0516	0.0679	0.0811	0.0848	0.0860	0.0872	0.0894	0.0937	0.0995	0.1036	0.1048	0.1041	0.1022	0.1010	0.1040	0.1120
893	R43	50.42	74.45	0.19	0.00	0.00	0.00	99.69	0.0208	0.0481	0.0854	0.1181	0.1446	0.1705	0.1884	0.1851	0.1583	0.1197	0.0770	0.0402	0.0192	0.0110	0.0083	0.0075	0.0071	0.0073	0.0083	0.0102	0.0133	0.0173	0.0183	0.0161	0.0134	0.0120	0.0123	0.0162	0.0254	0.0352	0.0402	0.0397	0.0353	0.0324	0.0364	0.0477
894	R44	59.84	83.84	15.00	0.00	0.00	0.00	77.91	0.0342	0.0650	0.0970	0.1224	0.1425	0.1615	0.1764	0.1758	0.1576	0.1259	0.0898	0.0569	0.0335	0.0200	0.0126	0.0097	0.0090	0.0092	0.0098	0.0119	0.0158	0.0226	0.0269	0.0253	0.0213	0.0200	0.0237	0.0345	0.0522	0.0677	0.0738	0.0722	0.0655	0.0612	0.0663	0.0824
895	R45	69.35	87.76	27.76	0.00	5.59	0.00	53.74	0.0471	0.0757	0.1022	0.1200	0.1322	0.1461	0.1577	0.1585	0.1448	0.1193	0.0915	0.0676	0.0486	0.0334	0.0221	0.0166	0.0147	0.0135	0.0126	0.0142	0.0200	0.0345	0.0482	0.0504	0.0473	0.0471	0.0539	0.0691	0.0897	0.1050	0.1089	0.1053	0.0968	0.0912	0.0973	0.1157
896	R46	75.37	93.02	40.69	2.03	6.64	0.00	32.50	0.0566	0.0823	0.1011	0.1117	0.1204	0.1299	0.1394	0.1417	0.1318	0.1118	0.0906	0.0749	0.0619	0.0477	0.0340	0.0260	0.0227	0.0192	0.0158	0.0158	0.0232	0.0452	0.0667	0.0719	0.0707	0.0715	0.0781	0.0925	0.1115	0.1241	0.1244	0.1173	0.1061	0.0990	0.1054	0.1256
897	R47	74.23	92.63	46.53	16.78	8.07	0.00	20.30	0.0468	0.0682	0.0810	0.0875	0.0930	0.1000	0.1069	0.1095	0.1036	0.0900	0.0759	0.0669	0.0594	0.0488	0.0363	0.0285	0.0249	0.0210	0.0171	0.0167	0.0244	0.0486	0.0725	0.0792	0.0796	0.0811	0.0870	0.0998	0.1162	0.1261	0.1256	0.1191	0.1086	0.1022	0.1086	0.1277
898	R48	68.39	92.29	54.58	32.27	6.07	0.00	11.66	0.0430	0.0543	0.0603	0.0641	0.0659	0.0703	0.0754	0.0777	0.0753	0.0673	0.0589	0.0549	0.0519	0.0450	0.0347	0.0281	0.0248	0.0210	0.0174	0.0169	0.0248	0.0503	0.0770	0.0862	0.0880	0.0897	0.0950	0.1059	0.1194	0.1275	0.1265	0.1206	0.1118	0.1065	0.1119	0.1284
899	R49	69.86	89.91	69.86	50.19	0.00	0.00	0.00	0.0272	0.0355	0.0381	0.0388	0.0401	0.0422	0.0454	0.0479	0.0486	0.0457	0.0432	0.0445	0.0471	0.0446	0.0369	0.0307	0.0272	0.0231	0.0189	0.0181	0.0249	0.0460	0.0663	0.0724	0.0738	0.0752	0.0784	0.0851	0.0939	0.0986	0.0974	0.0931	0.0866	0.0830	0.0877	0.0998
900	R50	69.86	89.91	89.91	50.19	0.00	0.00	0.00	0.0198	0.0250	0.0268	0.0268	0.0257	0.0275	0.0294	0.0317	0.0335	0.0325	0.0323	0.0367	0.0432	0.0437	0.0371	0.0312	0.0277	0.0236	0.0194	0.0184	0.0251	0.0456	0.0654	0.0712	0.0725	0.0738	0.0767	0.0833	0.0920	0.0966	0.0955	0.0911	0.0851	0.0814	0.0858	0.0977
901	S1	55.46	80.69	100.00	65.56	0.00	0.00	0.00	0.0150	0.0154	0.0158	0.0149	0.0141	0.0145	0.0147	0.0164	0.0181	0.0191	0.0213	0.0289	0.0402	0.0475	0.0463	0.0427	0.0393	0.0352	0.0305	0.0283	0.0333	0.0509	0.0685	0.0754	0.0774	0.0787	0.0808	0.0848	0.0897	0.0925	0.0922	0.0908	0.0883	0.0870	0.0901	0.0972
902	S2	49.83	99.92	0.02	0.00	0.00	0.00	99.97	0.0171	0.0350	0.0571	0.0761	0.0936	0.1110	0.1237	0.1195	0.0978	0.0691	0.0421	0.0230	0.0135	0.0104	0.0097	0.0094	0.0093	0.0098	0.0112	0.0138	0.0183	0.0250	0.0272	0.0240	0.0200	0.0174	0.0169	0.0203	0.0290	0.0385	0.0432	0.0424	0.0378	0.0343	0.0381	0.0496
903	S3	53.36	100.00	14.82	0.00	0.00	0.00	76.53	0.0282	0.0520	0.0752	0.0910	0.1051	0.1188	0.1304	0.1288	0.1116	0.0846	0.0581	0.0365	0.0227	0.0152	0.0115	0.0101	0.0097	0.0100	0.0112	0.0136	0.0184	0.0273	0.0346	0.0336	0.0288	0.0270	0.0317	0.0450	0.0657	0.0830	0.0894	0.0873	0.0793	0.0733	0.0790	0.0965
904	S4	66.84	100.00	23.60	0.00	12.02	0.00	50.41	0.0416	0.0599	0.0750	0.0866	0.0959	0.1070	0.1164	0.1154	0.1014	0.0793	0.0580	0.0420	0.0306	0.0220	0.0158	0.0127	0.0117	0.0111	0.0112	0.0133	0.0190	0.0358	0.0559	0.0628	0.0615	0.0618	0.0679	0.0823	0.1021	0.1164	0.1188	0.1140	0.1045	0.0977	0.1039	0.1231
905	S5	71.58	100.00	37.34	0.00	14.03	0.00	26.33	0.0484	0.0660	0.0786	0.0863	0.0921	0.1006	0.1086	0.1089	0.0981	0.0798	0.0619	0.0500	0.0409	0.0315	0.0224	0.0175	0.0154	0.0136	0.0125	0.0137	0.0207	0.0453	0.0756	0.0878	0.0898	0.0917	0.0986	0.1134	0.1328	0.1449	0.1440	0.1362	0.1240	0.1158	0.1227	0.1437
906	S6	70.93	100.00	42.43	22.20	7.94	0.00	23.58	0.0368	0.0486	0.0575	0.0633	0.0671	0.0736	0.0795	0.0808	0.0746	0.0620	0.0496	0.0416	0.0353	0.0280	0.0206	0.0162	0.0143	0.0128	0.0119	0.0133	0.0196	0.0394	0.0630	0.0716	0.0724	0.0736	0.0786	0.0900	0.1051	0.1142	0.1134	0.1075	0.0981	0.0921	0.0980	0.1144
907	S7	67.18	100.00	46.10	40.51	7.92	0.00	5.32	0.0311	0.0404	0.0449	0.0488	0.0513	0.0558	0.0599	0.0609	0.0568	0.0483	0.0401	0.0353	0.0315	0.0261	0.0197	0.0158	0.0140	0.0126	0.0119	0.0133	0.0195	0.0410	0.0678	0.0789	0.0820	0.0840	0.0880	0.0967	0.1079	0.1142	0.1126	0.1069	0.0986	0.0938	0.0991	0.1143
908	S8	52.35	100.00	52.59	58.48	9.16	0.00	9.41	0.0210	0.0253	0.0276	0.0291	0.0306	0.0327	0.0353	0.0355	0.0337	0.0292	0.0252	0.0233	0.0221	0.0194	0.0158	0.0132	0.0120	0.0114	0.0115	0.0131	0.0191	0.0383	0.0637	0.0759	0.0793	0.0812	0.0846	0.0907	0.0983	0.1028	0.1029	0.1006	0.0966	0.0946	0.0984	0.1074
909	S9	55.46	100.00	80.69	65.56	0.00	0.00	0.00	0.0145	0.0176	0.0178	0.0175	0.0181	0.0194	0.0208	0.0219	0.0221	0.0205	0.0194	0.0208	0.0225	0.0214	0.0180	0.0152	0.0136	0.0125	0.0123	0.0140	0.0193	0.0358	0.0551	0.0630	0.0648	0.0658	0.0676	0.0715	0.0766	0.0798	0.0794	0.0771	0.0737	0.0720	0.0752	0.0828
910	S10	55.46	100.00	100.00	65.56	0.00	0.00	0.00	0.0101	0.0117	0.0113	0.0119	0.0110	0.0113	0.0119	0.0128	0.0135	0.0135	0.0144	0.0182	0.0224	0.0230	0.0199	0.0169	0.0151	0.0139	0.0136	0.0150	0.0200	0.0360	0.0546	0.0622	0.0639	0.0646	0.0664	0.0703	0.0754	0.0785	0.0781	0.0757	0.0726	0.0709	0.0743	0.0818
911	S11	87.16	0.21	0.21	0.00	0.00	23.43	0.00	0.1236	0.2164	0.3142	0.3933	0.4494	0.5003	0.5563	0.6031	0.6403	0.6694	0.6802	0.6763	0.6555	0.6176	0.5619	0.4912	0.4133	0.3279	0.2394	0.1688	0.1226	0.0947	0.0742	0.0618	0.0580	0.0579	0.0613	0.0704	0.0831	0.0914	0.0903	0.0850	0.0761	0.0700	0.0756	0.0945
912	S12	87.22	0.32	0.32	0.00	0.00	49.40	0.00	0.0843	0.1412	0.2045	0.2586	0.3061	0.3561	0.4115	0.4691	0.5323	0.5938	0.6316	0.6440	0.6295	0.5928	0.5359	0.4634	0.3834	0.2963	0.2089	0.1403	0.0956	0.0681	0.0493	0.0393	0.0359	0.0353	0.0369	0.0416	0.0489	0.0548	0.0568	0.0561	0.0524	0.0497	0.0538	0.0670
913	S13	83.77	0.31	7.12	0.00	0.00	66.83	0.00	0.0568	0.0886	0.1249	0.1592	0.1944	0.2353	0.2838	0.3412	0.4129	0.4872	0.5403	0.5741	0.5839	0.5650	0.5164	0.4469	0.3679	0.2822	0.1968	0.1299	0.0847	0.0554	0.0363	0.0272	0.0241	0.0234	0.0237	0.0259	0.0301	0.0347	0.0381	0.0406	0.0413	0.0413	0.0443	0.0531
914	S14	81.27	0.31	17.20	0.00	0.00	82.70	0.00	0.0273	0.0391	0.0558	0.0760	0.1014	0.1342	0.1764	0.2326	0.3100	0.3957	0.4622	0.5127	0.5417	0.5384	0.4973	0.4296	0.3504	0.2643	0.1807	0.1157	0.0701	0.0394	0.0210	0.0134	0.0112	0.0104	0.0099	0.0101	0.0113	0.0142	0.0180	0.0228	0.0273	0.0300	0.0318	0.0362
915	S15	77.99	0.33	31.09	0.00	0.00	92.64	0.00	0.0209	0.0235	0.0300	0.0400	0.0550	0.0772	0.1076	0.1531	0.2225	0.3043	0.3743	0.4367	0.4847	0.4984	0.4657	0.4012	0.3238	0.2396	0.1590	0.0972	0.0546	0.0276	0.0137	0.0094	0.0082	0.0078	0.0076	0.0076	0.0079	0.0090	0.0113	0.0145	0.0185	0.0213	0.0229	0.0255
916	S16	74.45	0.19	50.42	0.00	0.00	99.69	0.00	0.0150	0.0178	0.0206	0.0259	0.0357	0.0497	0.0714	0.1058	0.1621	0.2309	0.2938	0.3609	0.4287	0.4673	0.4489	0.3886	0.3124	0.2295	0.1503	0.0897	0.0483	0.0230	0.0112	0.0079	0.0069	0.0067	0.0064	0.0065	0.0066	0.0073	0.0086	0.0112	0.0149	0.0175	0.0188	0.0212
917	S17	74.45	0.21	74.44	0.00	0.00	99.66	0.00	0.0148	0.0164	0.0193	0.0223	0.0286	0.0391	0.0537	0.0781	0.1190	0.1676	0.2148	0.2811	0.3708	0.4412	0.4429	0.3889	0.3145	0.2324	0.1537	0.0931	0.0512	0.0251	0.0126	0.0090	0.0080	0.0075	0.0073	0.0070	0.0072	0.0079	0.0096	0.0124	0.0163	0.0190	0.0204	0.0226
918	S18	74.53	0.10	99.94	0.00	0.00	99.84	0.00	0.0108	0.0117	0.0124	0.0132	0.0151	0.0166	0.0212	0.0301	0.0476	0.0689	0.0950	0.1571	0.2730	0.3889	0.4221	0.3780	0.3062	0.2257	0.1485	0.0895	0.0492	0.0244	0.0128	0.0093	0.0085	0.0079	0.0075	0.0072	0.0074	0.0078	0.0094	0.0121	0.0158	0.0185	0.0196	0.0215
919	S19	87.16	0.21	0.21	0.00	0.00	0.00	23.43	0.1215	0.2294	0.3453	0.4370	0.4984	0.5474	0.5947	0.6200	0.6173	0.5969	0.5599	0.5116	0.4597	0.4088	0.3535	0.3026	0.2595	0.2126	0.1590	0.1161	0.0902	0.0759	0.0644	0.0557	0.0525	0.0530	0.0581	0.0701	0.0861	0.0956	0.0939	0.0865	0.0756	0.0687	0.0749	0.0953
920	S20	88.28	6.42	6.42	0.00	0.00	13.73	13.73	0.1068	0.1916	0.2800	0.3493	0.3958	0.4372	0.4809	0.5142	0.5345	0.5398	0.5287	0.5105	0.4858	0.4500	0.3984	0.3430	0.2903	0.2317	0.1681	0.1181	0.0890	0.0737	0.0611	0.0519	0.0488	0.0491	0.0527	0.0621	0.0754	0.0835	0.0827	0.0772	0.0685	0.0626	0.0683	0.0860
921	S21	88.70	8.52	8.52	0.00	0.00	36.37	10.37	0.0822	0.1380	0.1986	0.2482	0.2863	0.3254	0.3690	0.4107	0.4495	0.4778	0.4864	0.4835	0.4693	0.4393	0.3902	0.3343	0.2790	0.2177	0.1535	0.1044	0.0763	0.0621	0.0505	0.0426	0.0395	0.0393	0.0414	0.0475	0.0565	0.0631	0.0644	0.0623	0.0574	0.0539	0.0583	0.0725
922	S22	86.65	8.48	12.57	0.00	0.00	56.34	10.43	0.0545	0.0893	0.1270	0.1606	0.1925	0.2295	0.2727	0.3197	0.3730	0.4211	0.4467	0.4565	0.4511	0.4257	0.3785	0.3227	0.2659	0.2034	0.1395	0.0910	0.0622	0.0462	0.0341	0.0269	0.0243	0.0237	0.0244	0.0271	0.0321	0.0370	0.0398	0.0412	0.0404	0.0393	0.0425	0.0525
923	S23	86.95	11.72	25.23	0.00	0.00	64.76	5.24	0.0414	0.0669	0.0937	0.1183	0.1437	0.1745	0.2114	0.2563	0.3109	0.3629	0.3968	0.4232	0.4393	0.4310	0.3907	0.3346	0.2738	0.2067	0.1391	0.0886	0.0586	0.0416	0.0293	0.0226	0.0199	0.0191	0.0193	0.0210	0.0245	0.0285	0.0318	0.0337	0.0341	0.0342	0.0372	0.0455
924	S24	85.65	13.09	39.43	0.00	0.00	72.04	3.05	0.0317	0.0477	0.0643	0.0820	0.1021	0.1286	0.1599	0.2002	0.2537	0.3061	0.3443	0.3829	0.4188	0.4292	0.3981	0.3432	0.2805	0.2108	0.1414	0.0895	0.0579	0.0391	0.0259	0.0190	0.0165	0.0154	0.0152	0.0159	0.0182	0.0214	0.0248	0.0283	0.0305	0.0315	0.0340	0.0407
925	S25	83.84	15.00	59.84	0.00	0.00	77.91	0.00	0.0236	0.0324	0.0418	0.0539	0.0672	0.0850	0.1079	0.1394	0.1840	0.2285	0.2650	0.3141	0.3764	0.4166	0.4029	0.3522	0.2886	0.2171	0.1465	0.0931	0.0595	0.0383	0.0237	0.0165	0.0139	0.0128	0.0122	0.0123	0.0136	0.0163	0.0203	0.0246	0.0279	0.0300	0.0323	0.0377
926	S26	82.32	15.00	82.32	0.00	0.00	77.76	0.00	0.0211	0.0292	0.0356	0.0410	0.0481	0.0584	0.0723	0.0937	0.1250	0.1555	0.1847	0.2388	0.3249	0.3976	0.4045	0.3598	0.2975	0.2268	0.1566	0.1030	0.0684	0.0456	0.0295	0.0212	0.0181	0.0169	0.0163	0.0166	0.0182	0.0216	0.0256	0.0303	0.0342	0.0366	0.0387	0.0446
927	S27	77.37	14.86	100.00	0.00	0.00	76.23	0.00	0.0153	0.0185	0.0199	0.0193	0.0206	0.0223	0.0261	0.0351	0.0515	0.0676	0.0886	0.1462	0.2563	0.3662	0.3992	0.3645	0.3062	0.2373	0.1676	0.1130	0.0764	0.0511	0.0328	0.0234	0.0196	0.0183	0.0176	0.0176	0.0192	0.0229	0.0279	0.0340	0.0391	0.0421	0.0446	0.0496
928	S28	87.22	0.32	0.32	0.00	0.00	0.00	49.40	0.0837	0.1677	0.2676	0.3481	0.4045	0.4524	0.4939	0.5093	0.4945	0.4579	0.4017	0.3320	0.2673	0.2153	0.1694	0.1373	0.1170	0.0964	0.0716	0.0524	0.0425	0.0383	0.0345	0.0302	0.0278	0.0281	0.0320	0.0418	0.0553	0.0648	0.0655	0.0607	0.0527	0.0479	0.0530	0.0685
929	S29	88.70	8.52	8.52	0.00	0.00	10.37	36.37	0.0870	0.1614	0.2392	0.3009	0.3441	0.3831	0.4202	0.4424	0.4458	0.4294	0.3952	0.3510	0.3054	0.2608	0.2132	0.1756	0.1491	0.1208	0.0882	0.0632	0.0513	0.0472	0.0421	0.0368	0.0342	0.0345	0.0380	0.0470	0.0598	0.0686	0.0691	0.0646	0.0571	0.0522	0.0571	0.0728
930	S30	90.52	17.58	17.58	0.00	0.00	21.88	21.88	0.0812	0.1416	0.2072	0.2565	0.2913	0.3241	0.3587	0.3857	0.4027	0.4037	0.3892	0.3696	0.3468	0.3146	0.2700	0.2278	0.1922	0.1525	0.1092	0.0767	0.0607	0.0549	0.0484	0.0420	0.0390	0.0391	0.0418	0.0493	0.0599	0.0673	0.0678	0.0644	0.0580	0.0537	0.0582	0.0726
931	S31	90.22	22.09	25.30	0.00	0.00	34.64	14.65	0.0711	0.1218	0.1731	0.2107	0.2394	0.2691	0.3010	0.3315	0.3576	0.3703	0.3695	0.3671	0.3617	0.3410	0.3000	0.2556	0.2145	0.1680	0.1187	0.0819	0.0633	0.0557	0.0475	0.0405	0.0374	0.0369	0.0390	0.0448	0.0537	0.0602	0.0613	0.0594	0.0544	0.0509	0.0552	0.0686
932	S32	90.95	24.30	37.99	0.00	0.00	42.55	11.12	0.0559	0.0965	0.1346	0.1627	0.1855	0.2103	0.2382	0.2676	0.2974	0.3169	0.3245	0.3353	0.3463	0.3390	0.3036	0.2588	0.2154	0.1663	0.1153	0.0778	0.0587	0.0503	0.0421	0.0353	0.0319	0.0313	0.0327	0.0372	0.0444	0.0498	0.0517	0.0506	0.0473	0.0447	0.0484	0.0598
933	S33	89.97	25.55	50.48	0.00	0.00	51.21	9.12	0.0427	0.0704	0.0968	0.1168	0.1346	0.1549	0.1793	0.2072	0.2393	0.2630	0.2764	0.2974	0.3236	0.3302	0.3018	0.2585	0.2141	0.1641	0.1125	0.0747	0.0550	0.0457	0.0367	0.0298	0.0268	0.0259	0.0266	0.0296	0.0349	0.0401	0.0425	0.0431	0.0415	0.0403	0.0436	0.0536
934	S34	87.76	27.76	69.35	0.00	0.00	53.74	5.59	0.0368	0.0560	0.0732	0.0842	0.0942	0.1082	0.1259	0.1488	0.1778	0.2003	0.2174	0.2510	0.3000	0.3298	0.3142	0.2730	0.2266	0.1736	0.1191	0.0787	0.0573	0.0471	0.0375	0.0304	0.0272	0.0261	0.0266	0.0293	0.0342	0.0393	0.0421	0.0431	0.0421	0.0411	0.0446	0.0544
935	S35	87.16	31.25	87.16	0.00	0.00	53.42	0.00	0.0301	0.0408	0.0500	0.0536	0.0581	0.0649	0.0751	0.0909	0.1133	0.1313	0.1492	0.1932	0.2667	0.3262	0.3289	0.2921	0.2436	0.1870	0.1290	0.0859	0.0625	0.0518	0.0415	0.0337	0.0303	0.0292	0.0294	0.0320	0.0370	0.0420	0.0450	0.0463	0.0453	0.0442	0.0476	0.0580
936	S36	80.60	31.05	100.00	0.00	0.00	50.56	0.00	0.0235	0.0249	0.0251	0.0231	0.0223	0.0237	0.0272	0.0355	0.0509	0.0639	0.0809	0.1321	0.2268	0.3144	0.3351	0.3045	0.2582	0.2021	0.1429	0.0978	0.0732	0.0619	0.0511	0.0424	0.0386	0.0375	0.0381	0.0412	0.0472	0.0532	0.0566	0.0584	0.0580	0.0568	0.0610	0.0727
937	S37	83.77	7.12	0.31	0.00	0.00	0.00	66.83	0.0590	0.1274	0.2087	0.2789	0.3300	0.3748	0.4115	0.4195	0.3968	0.3517	0.2873	0.2109	0.1454	0.0988	0.0646	0.0467	0.0392	0.0330	0.0250	0.0196	0.0185	0.0194	0.0196	0.0176	0.0158	0.0160	0.0191	0.0267	0.0390	0.0487	0.0508	0.0476	0.0415	0.0377	0.0421	0.0551
938	S38	86.65	12.57	8.48	0.00	0.00	10.43	56.34	0.0528	0.1127	0.1823	0.2386	0.2784	0.3161	0.3500	0.3653	0.3590	0.3317	0.2848	0.2263	0.1718	0.1281	0.0910	0.0683	0.0569	0.0463	0.0337	0.0250	0.0220	0.0222	0.0212	0.0188	0.0169	0.0169	0.0195	0.0264	0.0370	0.0455	0.0475	0.0449	0.0394	0.0359	0.0399	0.0527
939	S39	90.22	25.30	22.09	0.00	0.00	14.65	34.64	0.0695	0.1272	0.1864	0.2306	0.2618	0.2916	0.3211	0.3411	0.3478	0.3377	0.3138	0.2854	0.2561	0.2226	0.1822	0.1490	0.1250	0.0993	0.0705	0.0497	0.0411	0.0400	0.0376	0.0332	0.0307	0.0306	0.0335	0.0411	0.0520	0.0602	0.0611	0.0573	0.0508	0.0466	0.0513	0.0659
940	S40	93.62	33.50	33.50	0.00	0.00	20.48	20.48	0.0643	0.1138	0.1623	0.1970	0.2207	0.2451	0.2715	0.2937	0.3082	0.3084	0.2990	0.2922	0.2858	0.2666	0.2294	0.1913	0.1584	0.1223	0.0839	0.0566	0.0449	0.0430	0.0399	0.0354	0.0330	0.0328	0.0350	0.0417	0.0517	0.0586	0.0589	0.0552	0.0490	0.0451	0.0492	0.0638
941	S41	93.69	33.99	46.99	0.00	0.00	26.05	19.53	0.0570	0.0952	0.1311	0.1568	0.1736	0.1925	0.2147	0.2354	0.2525	0.2581	0.2552	0.2597	0.2683	0.2619	0.2308	0.1941	0.1604	0.1230	0.0838	0.0561	0.0440	0.0422	0.0391	0.0345	0.0320	0.0316	0.0337	0.0397	0.0487	0.0552	0.0558	0.0529	0.0473	0.0435	0.0479	0.0614
942	S42	94.40	37.60	58.23	0.00	0.00	33.31	13.67	0.0448	0.0751	0.1026	0.1192	0.1318	0.1471	0.1659	0.1862	0.2064	0.2174	0.2221	0.2382	0.2627	0.2704	0.2455	0.2084	0.1714	0.1299	0.0874	0.0576	0.0447	0.0422	0.0386	0.0336	0.0311	0.0304	0.0319	0.0369	0.0448	0.0507	0.0517	0.0494	0.0448	0.0418	0.0456	0.0576
943	S43	93.02	40.69	75.37	2.03	0.00	32.50	6.64	0.0415	0.0639	0.0808	0.0895	0.0953	0.1049	0.1178	0.1334	0.1522	0.1630	0.1718	0.1993	0.2444	0.2728	0.2590	0.2243	0.1865	0.1429	0.0976	0.0656	0.0517	0.0499	0.0464	0.0405	0.0377	0.0370	0.0387	0.0442	0.0528	0.0590	0.0600	0.0578	0.0526	0.0492	0.0536	0.0669
944	S44	88.24	42.52	88.24	5.47	0.00	36.82	0.00	0.0372	0.0480	0.0530	0.0552	0.0571	0.0621	0.0693	0.0812	0.0983	0.1095	0.1216	0.1602	0.2271	0.2812	0.2833	0.2530	0.2142	0.1670	0.1172	0.0806	0.0646	0.0619	0.0566	0.0494	0.0459	0.0452	0.0466	0.0519	0.0604	0.0669	0.0684	0.0668	0.0619	0.0588	0.0635	0.0776
945	S45	88.43	40.20	100.00	2.49	6.59	26.58	0.00	0.0255	0.0314	0.0304	0.0266	0.0237	0.0244	0.0268	0.0341	0.0464	0.0550	0.0666	0.1062	0.1790	0.2433	0.2561	0.2341	0.2024	0.1628	0.1193	0.0871	0.0733	0.0723	0.0672	0.0599	0.0566	0.0561	0.0586	0.0657	0.0762	0.0834	0.0836	0.0800	0.0729	0.0684	0.0736	0.0899
946	S46	81.27	17.20	0.31	0.00	0.00	0.00	82.70	0.0370	0.0897	0.1573	0.2152	0.2605	0.3008	0.3314	0.3349	0.3076	0.2592	0.1946	0.1236	0.0694	0.0376	0.0196	0.0127	0.0109	0.0100	0.0092	0.0091	0.0104	0.0124	0.0133	0.0123	0.0106	0.0103	0.0127	0.0191	0.0297	0.0395	0.0429	0.0415	0.0367	0.0336	0.0370	0.0483
947	S47	86.95	25.23	11.72	0.00	0.00	5.24	64.76	0.0466	0.1030	0.1652	0.2140	0.2489	0.2816	0.3095	0.3192	0.3065	0.2737	0.2249	0.1679	0.1166	0.0779	0.0482	0.0329	0.0276	0.0235	0.0184	0.0158	0.0168	0.0199	0.0209	0.0189	0.0166	0.0163	0.0190	0.0262	0.0377	0.0471	0.0493	0.0464	0.0408	0.0372	0.0413	0.0537
948	S48	90.95	37.99	24.30	0.00	0.00	11.12	42.55	0.0553	0.1089	0.1633	0.2018	0.2273	0.2527	0.2769	0.2908	0.2893	0.2701	0.2383	0.2027	0.1681	0.1338	0.0996	0.0774	0.0653	0.0531	0.0390	0.0298	0.0282	0.0313	0.0314	0.0280	0.0254	0.0249	0.0274	0.0346	0.0457	0.0539	0.0549	0.0512	0.0446	0.0404	0.0445	0.0582
949	S49	93.69	46.99	33.99	0.00	0.00	19.53	26.05	0.0603	0.1061	0.1497	0.1798	0.2000	0.2213	0.2436	0.2596	0.2662	0.2573	0.2389	0.2223	0.2061	0.1816	0.1479	0.1208	0.1019	0.0811	0.0582	0.0427	0.0384	0.0413	0.0402	0.0357	0.0328	0.0322	0.0344	0.0411	0.0510	0.0579	0.0583	0.0545	0.0482	0.0442	0.0485	0.0621
950	S50	93.96	45.28	45.77	14.96	0.00	17.66	18.51	0.0491	0.0836	0.1185	0.1394	0.1522	0.1674	0.1834	0.1970	0.2063	0.2039	0.1957	0.1935	0.1934	0.1821	0.1561	0.1308	0.1108	0.0881	0.0630	0.0455	0.0396	0.0409	0.0392	0.0345	0.0318	0.0313	0.0332	0.0391	0.0479	0.0536	0.0537	0.0503	0.0445	0.0409	0.0452	0.0576
951	T1	93.90	45.12	59.12	14.50	0.00	22.98	12.45	0.0422	0.0679	0.0889	0.1033	0.1131	0.1248	0.1391	0.1544	0.1689	0.1749	0.1762	0.1869	0.2050	0.2100	0.1908	0.1633	0.1368	0.1062	0.0737	0.0509	0.0420	0.0426	0.0411	0.0369	0.0345	0.0343	0.0362	0.0420	0.0506	0.0560	0.0554	0.0519	0.0460	0.0421	0.0464	0.0594
952	T2	92.63	46.53	74.23	16.78	0.00	20.30	8.07	0.0362	0.0551	0.0714	0.0798	0.0843	0.0911	0.1007	0.1123	0.1248	0.1310	0.1357	0.1545	0.1852	0.2029	0.1908	0.1656	0.1397	0.1091	0.0765	0.0536	0.0449	0.0466	0.0458	0.0418	0.0395	0.0392	0.0413	0.0475	0.0566	0.0623	0.0618	0.0576	0.0512	0.0474	0.0517	0.0649
953	T3	89.62	49.74	89.62	20.35	0.00	17.24	0.00	0.0316	0.0418	0.0485	0.0494	0.0500	0.0520	0.0568	0.0645	0.0756	0.0815	0.0895	0.1170	0.1648	0.2023	0.2039	0.1839	0.1582	0.1257	0.0901	0.0642	0.0544	0.0567	0.0559	0.0512	0.0488	0.0487	0.0510	0.0580	0.0678	0.0736	0.0726	0.0679	0.0607	0.0563	0.0611	0.0759
954	T4	91.94	41.97	100.00	18.86	12.05	1.30	0.00	0.0262	0.0301	0.0289	0.0245	0.0212	0.0210	0.0229	0.0278	0.0364	0.0415	0.0491	0.0772	0.1274	0.1699	0.1782	0.1643	0.1444	0.1183	0.0887	0.0668	0.0593	0.0629	0.0621	0.0571	0.0550	0.0554	0.0589	0.0680	0.0805	0.0872	0.0843	0.0767	0.0666	0.0607	0.0661	0.0830
955	T5	77.99	31.09	0.33	0.00	0.00	0.00	92.64	0.0266	0.0648	0.1187	0.1675	0.2069	0.2425	0.2694	0.2701	0.2420	0.1953	0.1366	0.0780	0.0384	0.0192	0.0111	0.0084	0.0077	0.0075	0.0078	0.0087	0.0104	0.0123	0.0126	0.0113	0.0098	0.0093	0.0101	0.0140	0.0220	0.0305	0.0339	0.0329	0.0290	0.0266	0.0299	0.0398
956	T6	85.65	39.43	13.09	0.00	0.00	3.05	72.04	0.0383	0.0861	0.1398	0.1854	0.2184	0.2487	0.2747	0.2817	0.2655	0.2313	0.1827	0.1278	0.0818	0.0497	0.0279	0.0181	0.0152	0.0137	0.0118	0.0115	0.0135	0.0169	0.0185	0.0169	0.0145	0.0138	0.0162	0.0230	0.0343	0.0439	0.0463	0.0440	0.0386	0.0350	0.0389	0.0505
957	T7	89.97	50.48	25.55	0.00	0.00	9.12	51.21	0.0433	0.0858	0.1316	0.1667	0.1919	0.2160	0.2393	0.2507	0.2467	0.2258	0.1925	0.1557	0.1218	0.0921	0.0651	0.0486	0.0405	0.0333	0.0250	0.0203	0.0208	0.0250	0.0265	0.0240	0.0216	0.0210	0.0232	0.0300	0.0408	0.0490	0.0502	0.0465	0.0404	0.0364	0.0403	0.0535
958	T8	94.40	58.23	37.60	0.00	0.00	13.67	33.31	0.0450	0.0810	0.1190	0.1455	0.1637	0.1835	0.2044	0.2193	0.2238	0.2130	0.1928	0.1739	0.1565	0.1346	0.1062	0.0843	0.0700	0.0550	0.0389	0.0288	0.0276	0.0331	0.0352	0.0323	0.0298	0.0291	0.0314	0.0379	0.0479	0.0548	0.0550	0.0508	0.0440	0.0400	0.0442	0.0576
959	T9	93.90	59.12	45.12	14.50	0.00	12.45	22.98	0.0426	0.0726	0.1011	0.1206	0.1341	0.1474	0.1635	0.1754	0.1806	0.1754	0.1642	0.1564	0.1506	0.1376	0.1143	0.0939	0.0787	0.0618	0.0438	0.0321	0.0299	0.0352	0.0372	0.0342	0.0318	0.0313	0.0332	0.0392	0.0483	0.0542	0.0538	0.0500	0.0437	0.0397	0.0439	0.0565
960	T10	92.70	52.23	52.53	28.60	0.00	12.09	12.56	0.0366	0.0627	0.0847	0.0998	0.1095	0.1193	0.1312	0.1417	0.1488	0.1487	0.1454	0.1477	0.1532	0.1498	0.1326	0.1129	0.0953	0.0749	0.0527	0.0377	0.0331	0.0362	0.0362	0.0330	0.0308	0.0304	0.0321	0.0375	0.0453	0.0505	0.0495	0.0456	0.0399	0.0368	0.0405	0.0521
961	T11	92.29	54.58	68.39	32.27	0.00	11.66	6.07	0.0346	0.0543	0.0719	0.0814	0.0865	0.0932	0.1017	0.1106	0.1178	0.1195	0.1198	0.1286	0.1433	0.1482	0.1361	0.1183	0.1007	0.0793	0.0560	0.0402	0.0353	0.0386	0.0388	0.0353	0.0331	0.0327	0.0345	0.0396	0.0474	0.0522	0.0515	0.0473	0.0417	0.0383	0.0421	0.0539
962	T12	90.46	57.80	90.46	34.77	0.00	5.71	0.00	0.0269	0.0373	0.0414	0.0423	0.0423	0.0442	0.0480	0.0539	0.0607	0.0636	0.0683	0.0862	0.1156	0.1357	0.1328	0.1190	0.1028	0.0819	0.0590	0.0430	0.0385	0.0430	0.0441	0.0408	0.0388	0.0386	0.0403	0.0462	0.0548	0.0597	0.0582	0.0535	0.0468	0.0426	0.0468	0.0590
963	T13	87.37	47.52	100.00	46.58	0.00	0.00	0.00	0.0170	0.0205	0.0205	0.0178	0.0159	0.0157	0.0171	0.0203	0.0254	0.0290	0.0348	0.0537	0.0865	0.1131	0.1176	0.1086	0.0959	0.0788	0.0588	0.0444	0.0401	0.0435	0.0441	0.0412	0.0397	0.0399	0.0419	0.0475	0.0552	0.0596	0.0580	0.0537	0.0475	0.0439	0.0477	0.0595
964	T14	74.45	50.42	0.19	0.00	0.00	0.00	99.69	0.0197	0.0507	0.0955	0.1370	0.1701	0.2009	0.2245	0.2236	0.1964	0.1536	0.1029	0.0554	0.0263	0.0138	0.0091	0.0078	0.0074	0.0075	0.0081	0.0095	0.0118	0.0145	0.0149	0.0131	0.0112	0.0103	0.0105	0.0133	0.0201	0.0275	0.0306	0.0294	0.0260	0.0238	0.0266	0.0350
965	T15	83.84	59.84	15.00	0.00	0.00	0.00	77.91	0.0320	0.0705	0.1151	0.1526	0.1799	0.2050	0.2261	0.2297	0.2125	0.1792	0.1359	0.0909	0.0554	0.0326	0.0186	0.0129	0.0112	0.0106	0.0103	0.0113	0.0139	0.0179	0.0196	0.0178	0.0150	0.0138	0.0153	0.0210	0.0311	0.0400	0.0423	0.0399	0.0350	0.0316	0.0349	0.0459
966	T16	87.76	69.35	27.76	0.00	0.00	5.59	53.74	0.0405	0.0806	0.1190	0.1467	0.1669	0.1867	0.2054	0.2134	0.2058	0.1827	0.1517	0.1212	0.0943	0.0710	0.0498	0.0372	0.0314	0.0263	0.0206	0.0181	0.0202	0.0267	0.0303	0.0284	0.0253	0.0245	0.0269	0.0345	0.0462	0.0549	0.0558	0.0518	0.0449	0.0405	0.0450	0.0593
967	T17	93.02	75.37	40.69	2.03	0.00	6.64	32.50	0.0443	0.0800	0.1119	0.1338	0.1473	0.1630	0.1794	0.1884	0.1865	0.1711	0.1502	0.1328	0.1187	0.1009	0.0781	0.0614	0.0516	0.0411	0.0297	0.0236	0.0253	0.0350	0.0410	0.0390	0.0364	0.0357	0.0385	0.0463	0.0578	0.0655	0.0648	0.0595	0.0514	0.0464	0.0517	0.0669
968	T18	92.63	74.23	46.53	16.78	0.00	8.07	20.30	0.0379	0.0673	0.0907	0.1062	0.1153	0.1265	0.1391	0.1477	0.1495	0.1424	0.1310	0.1255	0.1219	0.1118	0.0929	0.0761	0.0641	0.0507	0.0362	0.0275	0.0279	0.0371	0.0424	0.0405	0.0382	0.0376	0.0398	0.0467	0.0568	0.0631	0.0622	0.0575	0.0501	0.0458	0.0501	0.0635
969	T19	92.29	68.39	54.58	32.27	0.00	6.07	11.66	0.0386	0.0564	0.0728	0.0831	0.0889	0.0957	0.1039	0.1110	0.1148	0.1124	0.1086	0.1113	0.1171	0.1152	0.1021	0.0873	0.0745	0.0593	0.0429	0.0323	0.0307	0.0372	0.0405	0.0382	0.0362	0.0357	0.0377	0.0433	0.0518	0.0571	0.0557	0.0516	0.0452	0.0415	0.0457	0.0579
970	T20	89.91	69.86	69.86	50.19	0.00	0.00	0.00	0.0252	0.0362	0.0438	0.0476	0.0493	0.0519	0.0558	0.0597	0.0630	0.0630	0.0630	0.0698	0.0804	0.0852	0.0800	0.0711	0.0619	0.0503	0.0378	0.0297	0.0291	0.0358	0.0397	0.0377	0.0360	0.0357	0.0372	0.0419	0.0486	0.0524	0.0509	0.0471	0.0413	0.0382	0.0421	0.0521
971	T21	89.91	69.86	89.91	50.19	0.00	0.00	0.00	0.0199	0.0265	0.0294	0.0307	0.0302	0.0310	0.0331	0.0364	0.0404	0.0415	0.0438	0.0534	0.0692	0.0788	0.0756	0.0676	0.0591	0.0483	0.0364	0.0289	0.0287	0.0358	0.0395	0.0376	0.0360	0.0356	0.0369	0.0415	0.0481	0.0519	0.0507	0.0465	0.0412	0.0381	0.0415	0.0519
972	T22	80.69	55.46	100.00	65.56	0.00	0.00	0.00	0.0129	0.0144	0.0145	0.0141	0.0131	0.0128	0.0140	0.0158	0.0183	0.0200	0.0237	0.0340	0.0504	0.0625	0.0636	0.0593	0.0539	0.0462	0.0374	0.0312	0.0308	0.0360	0.0385	0.0371	0.0362	0.0360	0.0372	0.0408	0.0460	0.0489	0.0480	0.0452	0.0413	0.0396	0.0426	0.0504
973	T23	74.45	74.44	0.21	0.00	0.00	0.00	99.66	0.0207	0.0468	0.0822	0.1148	0.1426	0.1684	0.1882	0.1866	0.1612	0.1234	0.0809	0.0433	0.0212	0.0122	0.0091	0.0081	0.0077	0.0079	0.0088	0.0108	0.0138	0.0178	0.0186	0.0164	0.0139	0.0124	0.0123	0.0148	0.0215	0.0287	0.0318	0.0308	0.0275	0.0252	0.0282	0.0369
974	T24	82.32	82.32	15.00	0.00	0.00	0.00	77.76	0.0309	0.0616	0.0968	0.1240	0.1451	0.1661	0.1837	0.1850	0.1676	0.1368	0.1008	0.0664	0.0403	0.0242	0.0149	0.0110	0.0099	0.0097	0.0101	0.0118	0.0156	0.0218	0.0247	0.0225	0.0190	0.0175	0.0190	0.0258	0.0374	0.0476	0.0502	0.0477	0.0420	0.0384	0.0422	0.0545
975	T25	87.16	87.16	31.25	0.00	0.00	0.00	53.42	0.0396	0.0679	0.0963	0.1158	0.1298	0.1443	0.1580	0.1611	0.1502	0.1269	0.1003	0.0766	0.0568	0.0401	0.0266	0.0197	0.0168	0.0146	0.0131	0.0141	0.0189	0.0288	0.0354	0.0340	0.0307	0.0295	0.0323	0.0407	0.0541	0.0636	0.0643	0.0596	0.0516	0.0467	0.0509	0.0663
976	T26	88.24	88.24	42.52	5.47	0.00	0.00	36.82	0.0435	0.0707	0.0939	0.1095	0.1189	0.1306	0.1426	0.1468	0.1397	0.1219	0.1012	0.0846	0.0706	0.0550	0.0392	0.0298	0.0253	0.0209	0.0168	0.0162	0.0210	0.0347	0.0454	0.0453	0.0428	0.0423	0.0456	0.0549	0.0681	0.0768	0.0761	0.0702	0.0610	0.0554	0.0605	0.0765
977	T27	89.62	89.62	49.74	20.35	0.00	0.00	17.24	0.0406	0.0590	0.0740	0.0825	0.0890	0.0965	0.1044	0.1086	0.1053	0.0937	0.0808	0.0726	0.0656	0.0542	0.0399	0.0305	0.0258	0.0208	0.0164	0.0158	0.0217	0.0373	0.0494	0.0498	0.0479	0.0477	0.0508	0.0589	0.0704	0.0772	0.0757	0.0698	0.0613	0.0560	0.0612	0.0766
978	T28	90.46	90.46	57.80	34.77	0.00	0.00	5.71	0.0312	0.0439	0.0538	0.0581	0.0610	0.0664	0.0716	0.0748	0.0743	0.0680	0.0610	0.0583	0.0567	0.0498	0.0386	0.0306	0.0260	0.0210	0.0168	0.0163	0.0216	0.0358	0.0463	0.0464	0.0446	0.0442	0.0463	0.0524	0.0614	0.0663	0.0645	0.0594	0.0523	0.0484	0.0524	0.0650
979	T29	89.91	89.91	69.86	50.19	0.00	0.00	0.00	0.0206	0.0291	0.0339	0.0365	0.0381	0.0407	0.0439	0.0466	0.0472	0.0445	0.0416	0.0425	0.0448	0.0424	0.0347	0.0282	0.0242	0.0201	0.0165	0.0161	0.0212	0.0337	0.0422	0.0419	0.0403	0.0396	0.0408	0.0452	0.0515	0.0552	0.0537	0.0497	0.0447	0.0416	0.0451	0.0551
980	T30	86.88	86.88	86.88	62.77	0.00	0.00	0.00	0.0138	0.0176	0.0198	0.0209	0.0211	0.0224	0.0239	0.0255	0.0266	0.0262	0.0265	0.0300	0.0349	0.0358	0.0313	0.0264	0.0232	0.0197	0.0168	0.0168	0.0212	0.0318	0.0388	0.0382	0.0365	0.0358	0.0364	0.0394	0.0440	0.0467	0.0456	0.0430	0.0391	0.0370	0.0400	0.0477
981	T31	68.94	68.94	100.00	82.43	0.00	0.00	0.00	0.0085	0.0114	0.0106	0.0103	0.0105	0.0103	0.0107	0.0115	0.0125	0.0132	0.0153	0.0208	0.0281	0.0326	0.0321	0.0293	0.0269	0.0244	0.0215	0.0205	0.0227	0.0292	0.0335	0.0332	0.0324	0.0321	0.0326	0.0343	0.0370	0.0386	0.0384	0.0371	0.0356	0.0349	0.0371	0.0415
982	T32	74.53	99.94	0.10	0.00	0.00	0.00	99.84	0.0128	0.0293	0.0493	0.0679	0.0844	0.1021	0.1154	0.1125	0.0918	0.0639	0.0379	0.0195	0.0107	0.0082	0.0074	0.0071	0.0071	0.0075	0.0089	0.0115	0.0161	0.0229	0.0254	0.0222	0.0183	0.0156	0.0145	0.0158	0.0209	0.0267	0.0294	0.0285	0.0254	0.0233	0.0260	0.0341
983	T33	77.37	100.00	14.86	0.00	0.00	0.00	76.23	0.0209	0.0452	0.0674	0.0842	0.0979	0.1132	0.1261	0.1254	0.1082	0.0822	0.0555	0.0340	0.0205	0.0133	0.0098	0.0084	0.0081	0.0084	0.0095	0.0120	0.0167	0.0244	0.0290	0.0267	0.0225	0.0200	0.0214	0.0283	0.0403	0.0511	0.0544	0.0520	0.0462	0.0427	0.0468	0.0599
984	T34	80.60	100.00	31.05	0.00	0.00	0.00	50.56	0.0359	0.0578	0.0781	0.0916	0.1008	0.1124	0.1230	0.1240	0.1115	0.0897	0.0667	0.0486	0.0349	0.0244	0.0166	0.0129	0.0114	0.0109	0.0111	0.0130	0.0181	0.0302	0.0408	0.0413	0.0378	0.0367	0.0402	0.0504	0.0654	0.0764	0.0776	0.0725	0.0636	0.0584	0.0637	0.0808
985	T35	88.43	100.00	40.20	2.49	6.59	0.00	26.58	0.0415	0.0631	0.0804	0.0899	0.0964	0.1058	0.1154	0.1163	0.1067	0.0882	0.0696	0.0563	0.0457	0.0344	0.0241	0.0183	0.0159	0.0138	0.0124	0.0137	0.0195	0.0365	0.0528	0.0556	0.0539	0.0539	0.0577	0.0679	0.0824	0.0911	0.0896	0.0828	0.0727	0.0662	0.0720	0.0900
986	T36	91.94	100.00	41.97	18.86	12.05	0.00	1.30	0.0383	0.0533	0.0657	0.0717	0.0761	0.0825	0.0894	0.0909	0.0845	0.0714	0.0584	0.0504	0.0440	0.0352	0.0259	0.0201	0.0172	0.0145	0.0127	0.0136	0.0197	0.0366	0.0523	0.0550	0.0540	0.0540	0.0568	0.0648	0.0763	0.0824	0.0797	0.0725	0.0630	0.0573	0.0629	0.0794
987	T37	87.37	100.00	47.52	46.58	0.00	0.00	0.00	0.0240	0.0345	0.0399	0.0441	0.0470	0.0514	0.0555	0.0572	0.0548	0.0478	0.0412	0.0371	0.0340	0.0285	0.0215	0.0172	0.0150	0.0132	0.0123	0.0135	0.0188	0.0324	0.0445	0.0459	0.0443	0.0438	0.0451	0.0501	0.0574	0.0614	0.0597	0.0550	0.0487	0.0452	0.0493	0.0606
988	T38	80.69	100.00	55.46	65.56	0.00	0.00	0.00	0.0143	0.0192	0.0239	0.0243	0.0252	0.0277	0.0301	0.0314	0.0307	0.0281	0.0252	0.0244	0.0237	0.0213	0.0175	0.0147	0.0135	0.0123	0.0123	0.0139	0.0190	0.0308	0.0411	0.0421	0.0405	0.0395	0.0399	0.0430	0.0476	0.0502	0.0492	0.0463	0.0425	0.0404	0.0434	0.0515
989	T39	68.94	100.00	68.94	82.43	0.00	0.00	0.00	0.0105	0.0138	0.0141	0.0135	0.0136	0.0152	0.0158	0.0166	0.0164	0.0157	0.0156	0.0165	0.0178	0.0172	0.0150	0.0132	0.0120	0.0115	0.0121	0.0141	0.0186	0.0287	0.0370	0.0376	0.0357	0.0344	0.0342	0.0357	0.0381	0.0394	0.0392	0.0377	0.0356	0.0347	0.0370	0.0427
990	T40	68.94	100.00	100.00	82.43	0.00	0.00	0.00	0.0083	0.0089	0.0097	0.0097	0.0099	0.0104	0.0106	0.0114	0.0115	0.0116	0.0130	0.0160	0.0195	0.0203	0.0182	0.0157	0.0142	0.0135	0.0137	0.0153	0.0196	0.0294	0.0374	0.0381	0.0364	0.0349	0.0348	0.0362	0.0387	0.0401	0.0396	0.0381	0.0362	0.0351	0.0372	0.0421
991	T41	99.93	0.11	0.11	0.00	0.00	23.37	0.00	0.0902	0.1744	0.2697	0.3494	0.4067	0.4640	0.5278	0.5823	0.6241	0.6545	0.6649	0.6577	0.6321	0.5870	0.5221	0.4434	0.3586	0.2680	0.1789	0.1125	0.0733	0.0519	0.0377	0.0298	0.0272	0.0272	0.0291	0.0347	0.0431	0.0487	0.0481	0.0443	0.0384	0.0347	0.0388	0.0523
992	T42	99.94	0.00	0.00	0.00	0.00	50.49	0.25	0.0644	0.1160	0.1746	0.2277	0.2746	0.3261	0.3859	0.4487	0.5160	0.5811	0.6200	0.6306	0.6127	0.5706	0.5069	0.4281	0.3427	0.2526	0.1662	0.1029	0.0650	0.0438	0.0303	0.0235	0.0213	0.0209	0.0218	0.0248	0.0299	0.0340	0.0352	0.0348	0.0326	0.0310	0.0343	0.0446
993	T43	99.95	0.00	0.00	0.00	0.00	74.49	0.37	0.0374	0.0602	0.0900	0.1204	0.1567	0.2026	0.2588	0.3267	0.4128	0.5053	0.5691	0.5968	0.5867	0.5474	0.4845	0.4056	0.3191	0.2289	0.1454	0.0856	0.0500	0.0295	0.0178	0.0129	0.0115	0.0111	0.0110	0.0117	0.0133	0.0155	0.0176	0.0199	0.0209	0.0217	0.0239	0.0302
994	T44	99.95	0.24	23.55	0.00	0.00	99.62	0.00	0.0173	0.0207	0.0253	0.0331	0.0457	0.0660	0.0966	0.1431	0.2163	0.3055	0.3815	0.4415	0.4761	0.4710	0.4219	0.3468	0.2627	0.1765	0.1009	0.0513	0.0250	0.0128	0.0081	0.0071	0.0067	0.0066	0.0064	0.0062	0.0061	0.0063	0.0067	0.0077	0.0086	0.0098	0.0113	0.0143
995	T45	99.92	0.17	49.49	0.00	0.00	99.72	0.00	0.0131	0.0171	0.0219	0.0269	0.0359	0.0508	0.0729	0.1079	0.1646	0.2326	0.2937	0.3562	0.4161	0.4422	0.4109	0.3413	0.2591	0.1743	0.0999	0.0510	0.0251	0.0131	0.0085	0.0073	0.0070	0.0067	0.0065	0.0062	0.0062	0.0063	0.0067	0.0075	0.0086	0.0099	0.0112	0.0140
996	T46	99.94	0.10	74.53	0.00	0.00	99.84	0.00	0.0113	0.0149	0.0163	0.0197	0.0253	0.0340	0.0480	0.0719	0.1121	0.1611	0.2082	0.2720	0.3541	0.4107	0.3972	0.3324	0.2514	0.1679	0.0955	0.0484	0.0240	0.0129	0.0087	0.0077	0.0074	0.0071	0.0067	0.0063	0.0062	0.0062	0.0067	0.0074	0.0083	0.0094	0.0105	0.0128
997	T47	99.93	0.11	0.11	0.00	0.00	0.00	23.37	0.0899	0.1899	0.3049	0.3971	0.4577	0.5121	0.5675	0.5987	0.5991	0.5801	0.5429	0.4921	0.4373	0.3830	0.3235	0.2691	0.2225	0.1723	0.1187	0.0785	0.0559	0.0445	0.0358	0.0300	0.0277	0.0280	0.0311	0.0391	0.0504	0.0575	0.0561	0.0501	0.0420	0.0370	0.0417	0.0570
998	T48	99.87	0.22	0.22	0.00	0.00	23.42	23.43	0.0701	0.1377	0.2205	0.2916	0.3446	0.3977	0.4532	0.4962	0.5233	0.5337	0.5185	0.4811	0.4330	0.3813	0.3228	0.2673	0.2172	0.1644	0.1103	0.0704	0.0479	0.0358	0.0273	0.0222	0.0205	0.0204	0.0221	0.0270	0.0345	0.0399	0.0404	0.0380	0.0332	0.0305	0.0342	0.0464
999	T49	99.91	0.15	0.15	0.00	0.00	49.60	23.56	0.0501	0.0907	0.1406	0.1885	0.2326	0.2820	0.3365	0.3890	0.4402	0.4809	0.4899	0.4683	0.4289	0.3813	0.3248	0.2685	0.2152	0.1597	0.1049	0.0653	0.0423	0.0296	0.0212	0.0167	0.0152	0.0149	0.0157	0.0182	0.0222	0.0257	0.0275	0.0274	0.0261	0.0250	0.0279	0.0364
1000	T50	99.90	0.16	0.16	0.00	0.00	73.57	23.45	0.0298	0.0466	0.0725	0.1007	0.1343	0.1768	0.2285	0.2879	0.3570	0.4226	0.4538	0.4470	0.4152	0.3714	0.3170	0.2603	0.2051	0.1477	0.0932	0.0548	0.0324	0.0199	0.0129	0.0099	0.0092	0.0089	0.0089	0.0094	0.0106	0.0121	0.0140	0.0157	0.0166	0.0173	0.0192	0.0239
1001	U1	100.00	8.00	16.80	0.00	0.00	72.43	10.92	0.0352	0.0583	0.0867	0.1133	0.1406	0.1739	0.2152	0.2641	0.3228	0.3788	0.4123	0.4297	0.4311	0.4090	0.3597	0.2984	0.2346	0.1675	0.1041	0.0605	0.0371	0.0251	0.0175	0.0138	0.0125	0.0120	0.0122	0.0135	0.0160	0.0184	0.0195	0.0202	0.0194	0.0189	0.0214	0.0281
1002	U2	100.00	11.02	32.46	0.00	0.00	76.48	6.14	0.0318	0.0474	0.0681	0.0870	0.1077	0.1351	0.1701	0.2133	0.2690	0.3226	0.3592	0.3901	0.4123	0.4084	0.3668	0.3057	0.2402	0.1707	0.1058	0.0617	0.0383	0.0263	0.0185	0.0149	0.0135	0.0129	0.0127	0.0134	0.0152	0.0171	0.0187	0.0198	0.0200	0.0201	0.0224	0.0280
1003	U3	100.00	14.82	53.36	0.00	0.00	76.53	0.00	0.0248	0.0389	0.0525	0.0674	0.0829	0.1027	0.1293	0.1648	0.2126	0.2596	0.2965	0.3422	0.3931	0.4177	0.3907	0.3310	0.2611	0.1859	0.1161	0.0683	0.0424	0.0286	0.0196	0.0151	0.0134	0.0127	0.0124	0.0129	0.0145	0.0165	0.0185	0.0199	0.0204	0.0207	0.0230	0.0290
1004	U4	100.00	14.86	77.37	0.00	0.00	76.23	0.00	0.0201	0.0290	0.0372	0.0462	0.0550	0.0675	0.0845	0.1090	0.1436	0.1770	0.2070	0.2578	0.3316	0.3852	0.3763	0.3223	0.2547	0.1814	0.1130	0.0661	0.0408	0.0274	0.0187	0.0142	0.0126	0.0117	0.0113	0.0116	0.0131	0.0150	0.0168	0.0182	0.0187	0.0193	0.0215	0.0270
1005	U5	100.00	14.72	100.00	0.00	0.00	76.45	0.00	0.0142	0.0164	0.0182	0.0191	0.0204	0.0233	0.0277	0.0372	0.0540	0.0704	0.0909	0.1456	0.2470	0.3418	0.3595	0.3141	0.2494	0.1779	0.1110	0.0653	0.0407	0.0277	0.0188	0.0144	0.0127	0.0119	0.0115	0.0116	0.0127	0.0146	0.0163	0.0178	0.0186	0.0192	0.0215	0.0267
1006	U6	99.89	0.00	0.00	0.00	0.00	0.07	50.44	0.0663	0.1441	0.2405	0.3236	0.3815	0.4325	0.4806	0.5007	0.4880	0.4542	0.3997	0.3308	0.2658	0.2125	0.1648	0.1305	0.1077	0.0851	0.0594	0.0404	0.0307	0.0263	0.0226	0.0195	0.0179	0.0180	0.0205	0.0268	0.0361	0.0424	0.0422	0.0383	0.0323	0.0285	0.0321	0.0440
1007	U7	99.91	0.15	0.15	0.00	0.00	23.56	49.60	0.0485	0.1045	0.1763	0.2402	0.2912	0.3403	0.3891	0.4198	0.4279	0.4154	0.3754	0.3144	0.2530	0.2018	0.1551	0.1212	0.0980	0.0749	0.0502	0.0329	0.0240	0.0199	0.0167	0.0142	0.0132	0.0132	0.0146	0.0186	0.0250	0.0302	0.0312	0.0293	0.0252	0.0231	0.0262	0.0357
1008	U8	100.00	13.73	13.39	0.00	0.00	28.55	27.98	0.0533	0.1028	0.1573	0.2028	0.2385	0.2755	0.3155	0.3488	0.3725	0.3805	0.3680	0.3450	0.3171	0.2815	0.2346	0.1915	0.1553	0.1168	0.0770	0.0493	0.0364	0.0314	0.0264	0.0223	0.0204	0.0202	0.0217	0.0261	0.0330	0.0381	0.0386	0.0364	0.0319	0.0292	0.0328	0.0437
1009	U9	100.00	19.01	18.93	0.00	0.00	43.79	19.54	0.0447	0.0846	0.1269	0.1617	0.1919	0.2239	0.2626	0.3001	0.3349	0.3575	0.3599	0.3526	0.3380	0.3097	0.2641	0.2172	0.1745	0.1287	0.0831	0.0518	0.0371	0.0312	0.0255	0.0210	0.0191	0.0185	0.0193	0.0225	0.0279	0.0321	0.0331	0.0319	0.0291	0.0271	0.0302	0.0396
1010	U10	100.00	23.41	31.73	0.00	0.00	54.64	12.55	0.0377	0.0651	0.0947	0.1207	0.1438	0.1707	0.2035	0.2397	0.2787	0.3085	0.3215	0.3305	0.3346	0.3199	0.2792	0.2312	0.1848	0.1351	0.0863	0.0530	0.0373	0.0306	0.0244	0.0198	0.0176	0.0169	0.0172	0.0193	0.0233	0.0268	0.0284	0.0279	0.0264	0.0251	0.0279	0.0360
1011	U11	100.00	20.05	45.78	0.00	0.00	50.38	17.71	0.0381	0.0611	0.0879	0.1097	0.1289	0.1511	0.1789	0.2096	0.2434	0.2678	0.2785	0.2909	0.3052	0.3012	0.2665	0.2215	0.1778	0.1305	0.0839	0.0522	0.0372	0.0307	0.0249	0.0204	0.0183	0.0177	0.0181	0.0206	0.0250	0.0290	0.0303	0.0298	0.0276	0.0265	0.0293	0.0382
1012	U12	100.00	23.60	66.84	0.00	0.00	50.41	12.02	0.0292	0.0496	0.0685	0.0823	0.0952	0.1108	0.1303	0.1546	0.1836	0.2055	0.2196	0.2456	0.2819	0.2992	0.2750	0.2310	0.1856	0.1359	0.0871	0.0538	0.0381	0.0315	0.0254	0.0207	0.0185	0.0178	0.0181	0.0203	0.0245	0.0282	0.0295	0.0293	0.0272	0.0261	0.0285	0.0368
1013	U13	100.00	31.05	80.60	0.00	0.00	50.56	0.00	0.0298	0.0436	0.0561	0.0636	0.0703	0.0801	0.0939	0.1125	0.1377	0.1575	0.1752	0.2155	0.2795	0.3260	0.3179	0.2748	0.2219	0.1626	0.1051	0.0653	0.0457	0.0376	0.0302	0.0245	0.0219	0.0209	0.0212	0.0235	0.0280	0.0318	0.0330	0.0329	0.0306	0.0289	0.0319	0.0413
1014	U14	100.00	31.52	100.00	0.00	0.00	49.57	0.00	0.0185	0.0227	0.0237	0.0225	0.0226	0.0233	0.0268	0.0349	0.0490	0.0610	0.0763	0.1236	0.2113	0.2896	0.3014	0.2648	0.2149	0.1575	0.1014	0.0630	0.0446	0.0372	0.0301	0.0245	0.0221	0.0212	0.0214	0.0237	0.0280	0.0319	0.0329	0.0322	0.0298	0.0284	0.0312	0.0406
1015	U15	99.83	0.00	0.00	0.00	0.00	0.09	74.46	0.0386	0.0960	0.1723	0.2406	0.2925	0.3394	0.3804	0.3917	0.3694	0.3238	0.2582	0.1798	0.1137	0.0694	0.0392	0.0253	0.0204	0.0170	0.0128	0.0103	0.0097	0.0101	0.0102	0.0095	0.0088	0.0089	0.0101	0.0138	0.0207	0.0265	0.0274	0.0251	0.0215	0.0194	0.0219	0.0302
1016	U16	99.90	0.16	0.16	0.00	0.00	23.45	73.57	0.0306	0.0737	0.1318	0.1867	0.2316	0.2757	0.3177	0.3392	0.3337	0.3047	0.2485	0.1753	0.1121	0.0695	0.0403	0.0261	0.0206	0.0166	0.0121	0.0094	0.0086	0.0088	0.0088	0.0082	0.0076	0.0077	0.0085	0.0112	0.0162	0.0207	0.0221	0.0209	0.0187	0.0174	0.0199	0.0267
1017	U17	100.00	18.93	19.01	0.00	0.00	19.54	43.79	0.0422	0.0922	0.1483	0.1929	0.2245	0.2581	0.2929	0.3173	0.3273	0.3190	0.2922	0.2566	0.2204	0.1835	0.1431	0.1117	0.0901	0.0686	0.0456	0.0303	0.0240	0.0224	0.0199	0.0170	0.0152	0.0150	0.0163	0.0204	0.0272	0.0326	0.0331	0.0307	0.0264	0.0241	0.0275	0.0371
1018	U18	100.00	28.68	29.18	0.00	0.00	27.20	28.09	0.0441	0.0852	0.1310	0.1663	0.1926	0.2203	0.2523	0.2792	0.2975	0.3021	0.2916	0.2790	0.2651	0.2413	0.2024	0.1646	0.1329	0.0989	0.0645	0.0413	0.0312	0.0283	0.0249	0.0210	0.0191	0.0185	0.0195	0.0233	0.0298	0.0344	0.0348	0.0325	0.0284	0.0260	0.0290	0.0387
1019	U19	100.00	31.70	44.20	0.00	0.00	32.08	23.28	0.0416	0.0752	0.1089	0.1348	0.1545	0.1763	0.2020	0.2268	0.2484	0.2584	0.2566	0.2580	0.2614	0.2508	0.2176	0.1789	0.1441	0.1066	0.0690	0.0437	0.0327	0.0298	0.0259	0.0221	0.0200	0.0194	0.0203	0.0238	0.0297	0.0345	0.0349	0.0328	0.0290	0.0266	0.0300	0.0401
1020	U20	100.00	37.64	53.15	0.00	0.00	41.84	13.74	0.0380	0.0628	0.0883	0.1075	0.1230	0.1419	0.1646	0.1888	0.2141	0.2301	0.2368	0.2507	0.2692	0.2704	0.2408	0.2002	0.1603	0.1171	0.0746	0.0462	0.0338	0.0304	0.0265	0.0221	0.0199	0.0192	0.0197	0.0226	0.0278	0.0318	0.0324	0.0311	0.0280	0.0260	0.0292	0.0387
1021	U21	100.00	37.34	71.58	0.00	0.00	26.33	14.03	0.0353	0.0604	0.0824	0.0972	0.1065	0.1181	0.1338	0.1509	0.1696	0.1795	0.1852	0.2062	0.2400	0.2563	0.2349	0.1973	0.1598	0.1181	0.0764	0.0483	0.0363	0.0335	0.0296	0.0251	0.0228	0.0223	0.0233	0.0273	0.0341	0.0389	0.0389	0.0362	0.0315	0.0285	0.0322	0.0436
1022	U22	100.00	40.20	88.43	2.49	0.00	26.58	6.59	0.0276	0.0437	0.0545	0.0599	0.0629	0.0679	0.0769	0.0888	0.1047	0.1150	0.1252	0.1583	0.2148	0.2553	0.2464	0.2110	0.1720	0.1274	0.0825	0.0522	0.0394	0.0369	0.0328	0.0278	0.0254	0.0248	0.0260	0.0303	0.0373	0.0421	0.0420	0.0391	0.0339	0.0309	0.0347	0.0466
1023	U23	100.00	40.71	100.00	8.38	0.00	25.54	0.00	0.0230	0.0273	0.0268	0.0249	0.0233	0.0240	0.0267	0.0337	0.0457	0.0549	0.0675	0.1077	0.1809	0.2434	0.2504	0.2208	0.1817	0.1351	0.0882	0.0561	0.0423	0.0394	0.0350	0.0300	0.0275	0.0269	0.0279	0.0323	0.0391	0.0437	0.0433	0.0406	0.0355	0.0325	0.0366	0.0486
1024	U24	100.00	17.32	7.64	0.00	0.00	11.52	72.35	0.0350	0.0806	0.1395	0.1906	0.2286	0.2656	0.3004	0.3166	0.3092	0.2816	0.2336	0.1757	0.1247	0.0868	0.0576	0.0410	0.0333	0.0265	0.0190	0.0147	0.0138	0.0143	0.0135	0.0119	0.0106	0.0101	0.0110	0.0141	0.0200	0.0251	0.0260	0.0244	0.0208	0.0188	0.0213	0.0296
1025	U25	100.00	32.84	24.11	0.00	0.00	11.43	52.77	0.0404	0.0844	0.1342	0.1736	0.2018	0.2302	0.2582	0.2742	0.2743	0.2572	0.2255	0.1891	0.1547	0.1229	0.0913	0.0698	0.0570	0.0445	0.0311	0.0228	0.0208	0.0220	0.0212	0.0187	0.0167	0.0160	0.0172	0.0216	0.0288	0.0344	0.0348	0.0319	0.0274	0.0245	0.0277	0.0375
1026	U26	100.00	44.11	31.40	0.00	0.00	23.76	33.66	0.0472	0.0888	0.1302	0.1623	0.1853	0.2100	0.2358	0.2555	0.2659	0.2611	0.2444	0.2258	0.2064	0.1804	0.1463	0.1180	0.0965	0.0738	0.0503	0.0350	0.0298	0.0314	0.0307	0.0274	0.0253	0.0247	0.0260	0.0307	0.0381	0.0435	0.0435	0.0405	0.0356	0.0325	0.0359	0.0469
1027	U27	100.00	47.35	41.02	11.10	0.00	29.59	19.61	0.0417	0.0733	0.1043	0.1260	0.1424	0.1606	0.1805	0.1988	0.2123	0.2147	0.2093	0.2066	0.2041	0.1899	0.1617	0.1335	0.1094	0.0827	0.0555	0.0375	0.0313	0.0318	0.0304	0.0268	0.0245	0.0238	0.0247	0.0285	0.0345	0.0388	0.0390	0.0367	0.0324	0.0297	0.0329	0.0429
1028	U28	100.00	40.90	64.55	10.03	0.00	25.84	23.42	0.0354	0.0592	0.0827	0.0968	0.1067	0.1193	0.1336	0.1485	0.1618	0.1661	0.1646	0.1713	0.1834	0.1822	0.1595	0.1322	0.1083	0.0820	0.0551	0.0372	0.0305	0.0303	0.0284	0.0248	0.0226	0.0218	0.0228	0.0266	0.0327	0.0369	0.0369	0.0346	0.0304	0.0282	0.0314	0.0412
1029	U29	100.00	42.09	69.91	19.73	0.00	14.20	11.08	0.0345	0.0580	0.0790	0.0906	0.0975	0.1060	0.1167	0.1283	0.1391	0.1430	0.1449	0.1590	0.1818	0.1916	0.1754	0.1494	0.1237	0.0941	0.0634	0.0425	0.0343	0.0336	0.0310	0.0269	0.0247	0.0242	0.0256	0.0299	0.0364	0.0410	0.0403	0.0370	0.0319	0.0291	0.0327	0.0435
1030	U30	100.00	41.97	91.94	18.86	0.00	1.30	12.05	0.0244	0.0388	0.0474	0.0492	0.0486	0.0509	0.0553	0.0625	0.0723	0.0771	0.0830	0.1063	0.1456	0.1714	0.1634	0.1403	0.1166	0.0893	0.0606	0.0413	0.0343	0.0349	0.0334	0.0296	0.0276	0.0271	0.0290	0.0349	0.0434	0.0486	0.0467	0.0419	0.0355	0.0318	0.0361	0.0484
1031	U31	100.00	43.31	100.00	28.42	0.00	0.00	0.00	0.0199	0.0252	0.0265	0.0242	0.0215	0.0218	0.0242	0.0292	0.0377	0.0435	0.0520	0.0805	0.1310	0.1720	0.1768	0.1584	0.1333	0.1021	0.0696	0.0471	0.0380	0.0374	0.0348	0.0306	0.0286	0.0284	0.0300	0.0353	0.0429	0.0471	0.0450	0.0404	0.0341	0.0305	0.0344	0.0464
1032	U32	99.82	23.77	0.03	0.00	0.00	0.00	99.95	0.0185	0.0459	0.0922	0.1378	0.1761	0.2133	0.2429	0.2461	0.2193	0.1736	0.1170	0.0627	0.0291	0.0148	0.0095	0.0079	0.0071	0.0070	0.0072	0.0081	0.0092	0.0100	0.0097	0.0089	0.0079	0.0072	0.0070	0.0076	0.0098	0.0126	0.0133	0.0126	0.0111	0.0104	0.0120	0.0165
1033	U33	100.00	32.46	11.02	0.00	0.00	6.14	76.48	0.0295	0.0718	0.1245	0.1708	0.2054	0.2382	0.2671	0.2768	0.2626	0.2283	0.1791	0.1232	0.0772	0.0461	0.0255	0.0163	0.0135	0.0120	0.0105	0.0103	0.0116	0.0136	0.0138	0.0123	0.0107	0.0100	0.0106	0.0135	0.0192	0.0244	0.0257	0.0240	0.0205	0.0188	0.0215	0.0294
1034	U34	100.00	45.78	20.05	0.00	0.00	17.71	50.38	0.0440	0.0827	0.1316	0.1704	0.1970	0.2256	0.2527	0.2679	0.2669	0.2485	0.2167	0.1798	0.1446	0.1126	0.0821	0.0620	0.0505	0.0393	0.0277	0.0209	0.0199	0.0221	0.0221	0.0196	0.0174	0.0166	0.0176	0.0217	0.0284	0.0338	0.0345	0.0321	0.0279	0.0255	0.0288	0.0384
1035	U35	100.00	53.05	37.71	0.00	0.00	13.64	41.83	0.0415	0.0796	0.1210	0.1509	0.1712	0.1918	0.2133	0.2273	0.2295	0.2168	0.1949	0.1736	0.1540	0.1304	0.1014	0.0792	0.0649	0.0501	0.0346	0.0253	0.0233	0.0259	0.0261	0.0231	0.0206	0.0198	0.0210	0.0256	0.0329	0.0385	0.0386	0.0358	0.0311	0.0280	0.0314	0.0418
1036	U36	100.00	49.96	42.13	20.06	0.00	10.65	33.77	0.0356	0.0651	0.0951	0.1162	0.1301	0.1445	0.1595	0.1702	0.1743	0.1683	0.1564	0.1468	0.1381	0.1236	0.1008	0.0812	0.0665	0.0513	0.0354	0.0254	0.0227	0.0244	0.0237	0.0209	0.0189	0.0181	0.0190	0.0226	0.0284	0.0326	0.0323	0.0296	0.0257	0.0234	0.0265	0.0356
1037	U37	100.00	45.01	45.95	36.04	0.00	12.49	13.77	0.0302	0.0534	0.0756	0.0913	0.1002	0.1113	0.1232	0.1330	0.1398	0.1404	0.1385	0.1416	0.1472	0.1440	0.1280	0.1081	0.0890	0.0674	0.0455	0.0308	0.0253	0.0251	0.0235	0.0204	0.0186	0.0179	0.0185	0.0213	0.0260	0.0291	0.0288	0.0264	0.0225	0.0209	0.0236	0.0311
1038	U38	100.00	46.10	67.18	40.51	0.00	5.32	7.92	0.0228	0.0429	0.0584	0.0678	0.0727	0.0788	0.0863	0.0937	0.0995	0.1012	0.1022	0.1121	0.1281	0.1356	0.1261	0.1091	0.0907	0.0694	0.0475	0.0326	0.0269	0.0270	0.0254	0.0223	0.0204	0.0197	0.0204	0.0236	0.0288	0.0321	0.0312	0.0283	0.0243	0.0223	0.0252	0.0334
1039	U39	100.00	47.52	87.37	46.58	0.00	0.00	0.00	0.0207	0.0321	0.0379	0.0404	0.0415	0.0444	0.0480	0.0529	0.0586	0.0612	0.0651	0.0799	0.1048	0.1222	0.1205	0.1075	0.0910	0.0703	0.0489	0.0343	0.0287	0.0289	0.0274	0.0242	0.0224	0.0218	0.0226	0.0259	0.0309	0.0341	0.0327	0.0292	0.0252	0.0230	0.0261	0.0346
1040	U40	100.00	47.52	100.00	46.58	0.00	0.00	0.00	0.0169	0.0202	0.0210	0.0189	0.0180	0.0181	0.0194	0.0231	0.0285	0.0321	0.0382	0.0571	0.0894	0.1148	0.1171	0.1054	0.0895	0.0694	0.0484	0.0342	0.0289	0.0294	0.0281	0.0249	0.0232	0.0226	0.0234	0.0267	0.0319	0.0349	0.0336	0.0303	0.0261	0.0237	0.0265	0.0348
1041	U41	99.92	49.83	0.02	0.00	0.00	0.00	99.97	0.0191	0.0440	0.0829	0.1213	0.1544	0.1873	0.2133	0.2153	0.1897	0.1480	0.0983	0.0523	0.0246	0.0132	0.0091	0.0078	0.0072	0.0073	0.0077	0.0092	0.0111	0.0133	0.0134	0.0118	0.0103	0.0094	0.0088	0.0091	0.0110	0.0136	0.0143	0.0136	0.0120	0.0112	0.0130	0.0177
1042	U42	100.00	53.36	14.82	0.00	0.00	0.00	76.53	0.0291	0.0662	0.1134	0.1515	0.1800	0.2075	0.2315	0.2384	0.2232	0.1908	0.1469	0.1002	0.0625	0.0373	0.0210	0.0140	0.0120	0.0109	0.0102	0.0108	0.0131	0.0160	0.0167	0.0149	0.0129	0.0118	0.0123	0.0153	0.0215	0.0268	0.0279	0.0259	0.0223	0.0204	0.0228	0.0309
1043	U43	100.00	66.84	23.60	0.00	0.00	12.02	50.41	0.0380	0.0745	0.1142	0.1453	0.1668	0.1897	0.2117	0.2222	0.2165	0.1960	0.1658	0.1343	0.1057	0.0802	0.0571	0.0428	0.0350	0.0277	0.0207	0.0175	0.0188	0.0233	0.0248	0.0222	0.0194	0.0181	0.0190	0.0232	0.0305	0.0359	0.0365	0.0339	0.0293	0.0266	0.0298	0.0401
1044	U44	100.00	71.58	37.34	0.00	0.00	14.03	26.33	0.0415	0.0798	0.1161	0.1406	0.1585	0.1762	0.1954	0.2077	0.2086	0.1963	0.1778	0.1632	0.1499	0.1300	0.1034	0.0821	0.0670	0.0510	0.0347	0.0254	0.0249	0.0306	0.0327	0.0295	0.0266	0.0256	0.0269	0.0320	0.0402	0.0458	0.0455	0.0418	0.0359	0.0326	0.0364	0.0486
1045	U45	100.00	70.93	42.43	22.20	0.00	7.94	23.58	0.0331	0.0602	0.0868	0.1041	0.1150	0.1268	0.1396	0.1482	0.1495	0.1417	0.1304	0.1229	0.1166	0.1041	0.0847	0.0683	0.0562	0.0433	0.0304	0.0230	0.0229	0.0278	0.0292	0.0264	0.0239	0.0227	0.0235	0.0275	0.0342	0.0385	0.0379	0.0345	0.0297	0.0270	0.0303	0.0406
1046	U46	100.00	67.18	46.10	40.51	0.00	7.92	5.32	0.0270	0.0500	0.0664	0.0773	0.0848	0.0928	0.1020	0.1092	0.1128	0.1104	0.1066	0.1083	0.1125	0.1094	0.0963	0.0813	0.0675	0.0516	0.0356	0.0259	0.0243	0.0281	0.0285	0.0255	0.0233	0.0223	0.0228	0.0259	0.0311	0.0344	0.0337	0.0307	0.0263	0.0241	0.0269	0.0354
1047	U47	100.00	52.35	52.59	58.48	0.00	9.16	9.41	0.0182	0.0305	0.0408	0.0471	0.0515	0.0564	0.0619	0.0671	0.0708	0.0712	0.0711	0.0751	0.0812	0.0818	0.0738	0.0635	0.0539	0.0424	0.0306	0.0232	0.0213	0.0229	0.0224	0.0197	0.0178	0.0171	0.0172	0.0190	0.0223	0.0245	0.0240	0.0222	0.0196	0.0184	0.0204	0.0260
1048	U48	100.00	55.46	80.69	65.56	0.00	0.00	0.00	0.0135	0.0208	0.0245	0.0252	0.0254	0.0268	0.0291	0.0320	0.0350	0.0360	0.0383	0.0462	0.0585	0.0665	0.0649	0.0585	0.0507	0.0409	0.0305	0.0238	0.0224	0.0246	0.0244	0.0219	0.0201	0.0192	0.0194	0.0214	0.0247	0.0268	0.0261	0.0239	0.0208	0.0193	0.0215	0.0280
1049	U49	100.00	55.46	100.00	65.56	0.00	0.00	0.00	0.0115	0.0131	0.0140	0.0137	0.0134	0.0137	0.0145	0.0161	0.0187	0.0209	0.0242	0.0345	0.0509	0.0630	0.0633	0.0574	0.0499	0.0404	0.0302	0.0239	0.0226	0.0248	0.0245	0.0221	0.0204	0.0195	0.0196	0.0217	0.0250	0.0268	0.0261	0.0238	0.0209	0.0198	0.0220	0.0281
1050	U50	99.94	74.53	0.10	0.00	0.00	0.00	99.84	0.0116	0.0349	0.0676	0.0999	0.1260	0.1535	0.1758	0.1764	0.1530	0.1161	0.0754	0.0396	0.0192	0.0110	0.0084	0.0074	0.0071	0.0073	0.0082	0.0100	0.0129	0.0167	0.0175	0.0152	0.0128	0.0112	0.0102	0.0101	0.0118	0.0140	0.0147	0.0140	0.0123	0.0116	0.0134	0.0181
1051	V1	100.00	77.37	14.86	0.00	0.00	0.00	76.23	0.0269	0.0598	0.1010	0.1346	0.1603	0.1851	0.2071	0.2115	0.1948	0.1631	0.1239	0.0849	0.0544	0.0346	0.0218	0.0159	0.0137	0.0122	0.0113	0.0121	0.0148	0.0192	0.0206	0.0185	0.0156	0.0141	0.0141	0.0169	0.0226	0.0278	0.0284	0.0261	0.0222	0.0200	0.0227	0.0310
1052	V2	100.00	80.60	31.05	0.00	0.00	0.00	50.56	0.0367	0.0722	0.1085	0.1359	0.1538	0.1729	0.1911	0.1974	0.1880	0.1650	0.1356	0.1080	0.0847	0.0641	0.0457	0.0349	0.0293	0.0241	0.0192	0.0175	0.0200	0.0266	0.0299	0.0276	0.0247	0.0235	0.0248	0.0300	0.0389	0.0450	0.0447	0.0405	0.0343	0.0309	0.0341	0.0460
1053	V3	100.00	88.43	40.20	2.49	0.00	6.59	26.58	0.0358	0.0669	0.0939	0.1122	0.1255	0.1407	0.1565	0.1638	0.1584	0.1410	0.1195	0.1019	0.0867	0.0687	0.0492	0.0370	0.0302	0.0235	0.0175	0.0159	0.0200	0.0307	0.0373	0.0354	0.0326	0.0314	0.0330	0.0389	0.0485	0.0548	0.0535	0.0489	0.0417	0.0373	0.0414	0.0547
1054	V4	100.00	91.94	41.97	18.86	0.00	12.05	1.30	0.0331	0.0564	0.0731	0.0842	0.0920	0.1022	0.1138	0.1208	0.1195	0.1089	0.0963	0.0884	0.0812	0.0682	0.0512	0.0390	0.0316	0.0238	0.0170	0.0155	0.0205	0.0331	0.0408	0.0393	0.0368	0.0358	0.0369	0.0416	0.0495	0.0542	0.0526	0.0484	0.0420	0.0378	0.0415	0.0536
1055	V5	100.00	87.37	47.52	46.58	0.00	0.00	0.00	0.0246	0.0380	0.0473	0.0533	0.0568	0.0615	0.0677	0.0716	0.0716	0.0670	0.0617	0.0604	0.0598	0.0544	0.0447	0.0364	0.0303	0.0238	0.0181	0.0163	0.0198	0.0287	0.0333	0.0315	0.0291	0.0279	0.0284	0.0316	0.0372	0.0401	0.0386	0.0348	0.0301	0.0278	0.0307	0.0393
1056	V6	100.00	80.69	55.46	65.56	0.00	0.00	0.00	0.0175	0.0213	0.0266	0.0298	0.0318	0.0347	0.0374	0.0403	0.0413	0.0406	0.0396	0.0413	0.0438	0.0432	0.0388	0.0337	0.0291	0.0239	0.0191	0.0170	0.0190	0.0246	0.0267	0.0245	0.0223	0.0209	0.0208	0.0223	0.0253	0.0270	0.0258	0.0239	0.0213	0.0198	0.0217	0.0267
1057	V7	100.00	68.94	68.94	82.43	0.00	0.00	0.00	0.0105	0.0136	0.0163	0.0176	0.0184	0.0187	0.0207	0.0217	0.0226	0.0228	0.0238	0.0266	0.0301	0.0315	0.0296	0.0267	0.0236	0.0204	0.0173	0.0160	0.0173	0.0207	0.0215	0.0195	0.0175	0.0162	0.0157	0.0163	0.0175	0.0182	0.0177	0.0167	0.0152	0.0148	0.0161	0.0192
1058	V8	100.00	68.94	100.00	82.43	0.00	0.00	0.00	0.0079	0.0099	0.0114	0.0116	0.0115	0.0112	0.0118	0.0126	0.0138	0.0142	0.0162	0.0212	0.0282	0.0323	0.0313	0.0282	0.0249	0.0214	0.0181	0.0168	0.0181	0.0214	0.0220	0.0198	0.0176	0.0164	0.0160	0.0164	0.0178	0.0184	0.0177	0.0166	0.0155	0.0149	0.0161	0.0200
1059	V9	100.00	100.00	14.72	0.00	0.00	0.00	76.45	0.0190	0.0414	0.0657	0.0842	0.0988	0.1153	0.1299	0.1307	0.1144	0.0880	0.0607	0.0384	0.0238	0.0154	0.0110	0.0092	0.0088	0.0089	0.0099	0.0123	0.0169	0.0242	0.0272	0.0243	0.0201	0.0176	0.0169	0.0194	0.0251	0.0303	0.0310	0.0286	0.0243	0.0219	0.0246	0.0331
1060	V10	100.00	100.00	31.52	0.00	0.00	0.00	49.57	0.0281	0.0491	0.0709	0.0859	0.0973	0.1099	0.1226	0.1248	0.1130	0.0913	0.0683	0.0506	0.0371	0.0261	0.0177	0.0135	0.0120	0.0111	0.0110	0.0128	0.0179	0.0273	0.0335	0.0315	0.0276	0.0256	0.0263	0.0314	0.0403	0.0465	0.0459	0.0415	0.0351	0.0312	0.0348	0.0469
1061	V11	100.00	100.00	40.71	8.38	0.00	0.00	25.54	0.0326	0.0537	0.0721	0.0847	0.0920	0.1019	0.1123	0.1153	0.1073	0.0900	0.0718	0.0586	0.0480	0.0364	0.0252	0.0190	0.0163	0.0140	0.0126	0.0139	0.0190	0.0307	0.0391	0.0378	0.0347	0.0333	0.0348	0.0408	0.0507	0.0566	0.0551	0.0496	0.0420	0.0379	0.0422	0.0557
1062	V12	100.00	100.00	43.31	28.42	0.00	0.00	0.00	0.0285	0.0440	0.0570	0.0655	0.0706	0.0782	0.0863	0.0897	0.0848	0.0734	0.0617	0.0538	0.0474	0.0381	0.0276	0.0210	0.0179	0.0148	0.0128	0.0138	0.0188	0.0305	0.0387	0.0376	0.0349	0.0335	0.0342	0.0387	0.0459	0.0499	0.0479	0.0430	0.0366	0.0327	0.0360	0.0471
1063	V13	100.00	100.00	47.52	46.58	0.00	0.00	0.00	0.0211	0.0309	0.0391	0.0445	0.0477	0.0521	0.0576	0.0601	0.0574	0.0507	0.0438	0.0396	0.0362	0.0303	0.0230	0.0185	0.0158	0.0138	0.0127	0.0140	0.0186	0.0286	0.0350	0.0332	0.0303	0.0286	0.0286	0.0316	0.0365	0.0394	0.0377	0.0343	0.0296	0.0271	0.0300	0.0385
1064	V14	100.00	100.00	55.46	65.56	0.00	0.00	0.00	0.0136	0.0179	0.0212	0.0236	0.0251	0.0264	0.0295	0.0312	0.0307	0.0281	0.0253	0.0248	0.0243	0.0217	0.0177	0.0149	0.0131	0.0121	0.0119	0.0136	0.0181	0.0266	0.0310	0.0287	0.0256	0.0235	0.0228	0.0239	0.0265	0.0280	0.0271	0.0247	0.0219	0.0204	0.0225	0.0282
1065	V15	100.00	100.00	68.94	82.43	0.00	0.00	0.00	0.0106	0.0120	0.0123	0.0130	0.0139	0.0142	0.0156	0.0165	0.0166	0.0157	0.0154	0.0165	0.0175	0.0171	0.0152	0.0133	0.0121	0.0117	0.0121	0.0140	0.0182	0.0256	0.0290	0.0261	0.0230	0.0204	0.0190	0.0188	0.0198	0.0203	0.0195	0.0181	0.0167	0.0162	0.0172	0.0202
1066	V16	0.00	0.00	14.00	0.00	0.00	0.00	0.00	0.3936	0.4813	0.5485	0.5862	0.6041	0.6095	0.6148	0.6266	0.6422	0.6506	0.6599	0.6879	0.7283	0.7618	0.7782	0.7795	0.7781	0.7763	0.7704	0.7686	0.7651	0.7627	0.7580	0.7541	0.7505	0.7481	0.7476	0.7471	0.7459	0.7425	0.7382	0.7348	0.7344	0.7337	0.7329	0.7345
1067	V17	0.00	7.00	7.00	0.00	0.00	0.00	0.00	0.4056	0.4997	0.5768	0.6217	0.6435	0.6520	0.6581	0.6650	0.6726	0.6720	0.6716	0.6821	0.6965	0.7038	0.7015	0.6946	0.6907	0.6850	0.6721	0.6657	0.6812	0.7187	0.7432	0.7508	0.7509	0.7490	0.7490	0.7484	0.7471	0.7439	0.7400	0.7366	0.7351	0.7341	0.7337	0.7351
1068	V18	0.00	7.00	14.00	0.00	0.00	0.00	0.00	0.3837	0.4663	0.5313	0.5669	0.5837	0.5897	0.5958	0.6058	0.6180	0.6220	0.6255	0.6450	0.6734	0.6933	0.6978	0.6932	0.6902	0.6847	0.6723	0.6662	0.6819	0.7193	0.7432	0.7507	0.7509	0.7490	0.7486	0.7485	0.7475	0.7438	0.7398	0.7369	0.7365	0.7352	0.7336	0.7345
1069	V19	0.00	14.00	0.00	0.00	0.00	0.00	0.00	0.4215	0.5254	0.6107	0.6666	0.6992	0.7121	0.7195	0.7203	0.7146	0.7024	0.6881	0.6763	0.6627	0.6465	0.6298	0.6177	0.6122	0.6036	0.5859	0.5761	0.6051	0.6748	0.7263	0.7463	0.7509	0.7507	0.7514	0.7512	0.7501	0.7469	0.7431	0.7397	0.7387	0.7379	0.7377	0.7396
1070	V20	0.00	14.00	7.00	0.00	0.00	0.00	0.00	0.3923	0.4790	0.5481	0.5895	0.6135	0.6232	0.6295	0.6352	0.6391	0.6341	0.6278	0.6311	0.6371	0.6360	0.6259	0.6152	0.6099	0.6019	0.5840	0.5741	0.6035	0.6749	0.7281	0.7484	0.7531	0.7525	0.7525	0.7520	0.7507	0.7472	0.7429	0.7393	0.7383	0.7377	0.7366	0.7374
1071	V21	7.00	0.00	7.00	0.00	0.00	0.00	0.00	0.3969	0.4970	0.5831	0.6348	0.6613	0.6714	0.6794	0.6896	0.7012	0.7064	0.7120	0.7289	0.7508	0.7665	0.7708	0.7636	0.7538	0.7415	0.7239	0.7093	0.6949	0.6844	0.6738	0.6658	0.6609	0.6589	0.6602	0.6630	0.6652	0.6632	0.6579	0.6537	0.6520	0.6512	0.6527	0.6588
1072	V22	7.00	0.00	14.00	0.00	0.00	0.00	0.00	0.3752	0.4678	0.5405	0.5825	0.6030	0.6106	0.6188	0.6310	0.6466	0.6551	0.6641	0.6907	0.7276	0.7574	0.7696	0.7649	0.7556	0.7438	0.7263	0.7119	0.6978	0.6876	0.6771	0.6690	0.6642	0.6620	0.6633	0.6661	0.6685	0.6670	0.6621	0.6567	0.6537	0.6519	0.6536	0.6610
1073	V23	7.00	7.00	0.00	0.00	0.00	0.00	0.00	0.4125	0.5270	0.6284	0.6957	0.7347	0.7495	0.7587	0.7621	0.7598	0.7519	0.7423	0.7347	0.7252	0.7127	0.6996	0.6863	0.6756	0.6620	0.6402	0.6243	0.6281	0.6521	0.6657	0.6672	0.6655	0.6643	0.6656	0.6685	0.6712	0.6705	0.6663	0.6608	0.6565	0.6542	0.6560	0.6627
1074	V24	8.75	8.75	8.75	0.00	0.00	0.00	0.00	0.3758	0.4671	0.5434	0.5911	0.6176	0.6289	0.6373	0.6462	0.6538	0.6523	0.6506	0.6600	0.6739	0.6800	0.6735	0.6605	0.6494	0.6339	0.6093	0.5910	0.5968	0.6271	0.6456	0.6490	0.6481	0.6468	0.6484	0.6518	0.6555	0.6547	0.6495	0.6442	0.6401	0.6375	0.6386	0.6458
1075	V25	8.75	8.75	15.75	0.00	0.00	0.00	0.00	0.3583	0.4400	0.5055	0.5433	0.5619	0.5703	0.5784	0.5893	0.6009	0.6031	0.6052	0.6234	0.6502	0.6675	0.6671	0.6560	0.6453	0.6302	0.6059	0.5879	0.5945	0.6261	0.6454	0.6491	0.6483	0.6473	0.6488	0.6522	0.6558	0.6552	0.6504	0.6448	0.6405	0.6379	0.6402	0.6478
1076	V26	7.00	14.00	0.00	0.00	0.00	0.00	0.00	0.4005	0.5091	0.6010	0.6599	0.6941	0.7102	0.7189	0.7202	0.7153	0.7022	0.6874	0.6743	0.6597	0.6417	0.6220	0.6054	0.5941	0.5786	0.5531	0.5346	0.5508	0.6041	0.6433	0.6559	0.6579	0.6570	0.6582	0.6608	0.6639	0.6635	0.6591	0.6532	0.6481	0.6449	0.6451	0.6504
1077	V27	8.75	15.75	8.75	0.00	0.00	0.00	0.00	0.3677	0.4557	0.5238	0.5641	0.5864	0.5980	0.6064	0.6132	0.6174	0.6110	0.6037	0.6067	0.6135	0.6119	0.5988	0.5830	0.5716	0.5552	0.5280	0.5083	0.5261	0.5838	0.6267	0.6406	0.6430	0.6428	0.6443	0.6475	0.6512	0.6513	0.6470	0.6409	0.6354	0.6316	0.6324	0.6386
1078	V28	8.75	15.75	15.75	0.00	0.00	0.00	0.00	0.3462	0.4235	0.4831	0.5174	0.5369	0.5476	0.5552	0.5642	0.5725	0.5696	0.5661	0.5771	0.5955	0.6041	0.5956	0.5813	0.5703	0.5534	0.5260	0.5060	0.5237	0.5823	0.6257	0.6398	0.6424	0.6419	0.6435	0.6470	0.6509	0.6503	0.6454	0.6399	0.6349	0.6311	0.6319	0.6381
1079	V29	14.00	0.00	0.00	0.00	0.00	0.00	0.00	0.4116	0.5377	0.6510	0.7212	0.7600	0.7780	0.7881	0.7933	0.7960	0.7932	0.7891	0.7858	0.7810	0.7735	0.7634	0.7477	0.7305	0.7094	0.6819	0.6585	0.6379	0.6231	0.6091	0.5989	0.5937	0.5917	0.5940	0.5989	0.6043	0.6048	0.6008	0.5955	0.5902	0.5865	0.5878	0.5963
1080	V30	14.00	0.00	7.00	0.00	0.00	0.00	0.00	0.3784	0.4835	0.5721	0.6259	0.6554	0.6688	0.6784	0.6890	0.7007	0.7050	0.7099	0.7248	0.7449	0.7578	0.7576	0.7449	0.7277	0.7058	0.6770	0.6522	0.6308	0.6152	0.6009	0.5901	0.5847	0.5828	0.5853	0.5907	0.5960	0.5958	0.5909	0.5862	0.5823	0.5796	0.5817	0.5907
1081	V31	14.00	7.00	0.00	0.00	0.00	0.00	0.00	0.3916	0.5082	0.6093	0.6757	0.7163	0.7353	0.7457	0.7505	0.7500	0.7424	0.7332	0.7251	0.7149	0.7013	0.6848	0.6672	0.6508	0.6293	0.5988	0.5740	0.5686	0.5817	0.5865	0.5829	0.5803	0.5800	0.5834	0.5890	0.5941	0.5928	0.5878	0.5843	0.5822	0.5809	0.5839	0.5931
1082	V32	15.75	8.75	8.75	0.00	0.00	0.00	0.00	0.3556	0.4492	0.5248	0.5710	0.5975	0.6117	0.6209	0.6307	0.6395	0.6387	0.6377	0.6470	0.6610	0.6667	0.6583	0.6420	0.6253	0.6028	0.5706	0.5442	0.5408	0.5593	0.5679	0.5652	0.5627	0.5623	0.5658	0.5720	0.5777	0.5763	0.5707	0.5672	0.5651	0.5635	0.5668	0.5771
1083	V33	15.75	8.75	15.75	0.00	0.00	0.00	0.00	0.3388	0.4233	0.4888	0.5272	0.5487	0.5603	0.5694	0.5807	0.5926	0.5943	0.5961	0.6134	0.6394	0.6560	0.6528	0.6377	0.6213	0.5984	0.5657	0.5389	0.5359	0.5555	0.5655	0.5638	0.5618	0.5616	0.5655	0.5721	0.5785	0.5788	0.5735	0.5680	0.5643	0.5621	0.5656	0.5759
1084	V34	15.75	15.75	8.75	0.00	0.00	0.00	0.00	0.3431	0.4304	0.5000	0.5421	0.5653	0.5784	0.5885	0.5970	0.6024	0.5974	0.5910	0.5948	0.6028	0.6014	0.5874	0.5689	0.5532	0.5310	0.4979	0.4721	0.4801	0.5235	0.5530	0.5594	0.5597	0.5602	0.5637	0.5699	0.5761	0.5761	0.5709	0.5660	0.5615	0.5590	0.5621	0.5727
1085	V35	17.62	17.62	17.62	0.00	0.00	0.00	0.00	0.3149	0.3889	0.4481	0.4812	0.4997	0.5110	0.5210	0.5311	0.5396	0.5364	0.5328	0.5442	0.5646	0.5745	0.5643	0.5461	0.5294	0.5055	0.4701	0.4426	0.4513	0.4983	0.5321	0.5407	0.5420	0.5428	0.5464	0.5538	0.5620	0.5638	0.5588	0.5518	0.5448	0.5398	0.5426	0.5550
1086	V36	7.50	7.50	21.50	0.00	0.00	0.00	0.00	0.3455	0.4174	0.4717	0.5013	0.5161	0.5245	0.5312	0.5429	0.5580	0.5628	0.5684	0.5940	0.6342	0.6654	0.6735	0.6657	0.6557	0.6408	0.6165	0.5978	0.6018	0.6291	0.6451	0.6468	0.6454	0.6444	0.6463	0.6497	0.6527	0.6508	0.6458	0.6419	0.6399	0.6378	0.6383	0.6449
1087	V37	7.50	14.50	21.50	0.00	0.00	0.00	0.00	0.3349	0.4015	0.4478	0.4743	0.4879	0.4956	0.5028	0.5131	0.5247	0.5248	0.5257	0.5450	0.5772	0.5994	0.5995	0.5883	0.5782	0.5622	0.5354	0.5156	0.5315	0.5855	0.6245	0.6366	0.6387	0.6391	0.6417	0.6454	0.6490	0.6479	0.6433	0.6386	0.6357	0.6338	0.6350	0.6411
1088	V38	7.50	21.50	7.50	0.00	0.00	0.00	0.00	0.3536	0.4335	0.4955	0.5329	0.5555	0.5683	0.5769	0.5827	0.5835	0.5732	0.5617	0.5600	0.5613	0.5543	0.5366	0.5198	0.5086	0.4916	0.4629	0.4423	0.4677	0.5461	0.6094	0.6334	0.6400	0.6413	0.6439	0.6478	0.6516	0.6511	0.6467	0.6418	0.6378	0.6353	0.6364	0.6429
1089	V39	7.50	21.50	14.50	0.00	0.00	0.00	0.00	0.3398	0.4093	0.4603	0.4902	0.5074	0.5182	0.5261	0.5332	0.5373	0.5302	0.5224	0.5275	0.5398	0.5421	0.5290	0.5136	0.5030	0.4861	0.4578	0.4374	0.4634	0.5433	0.6080	0.6328	0.6396	0.6408	0.6431	0.6467	0.6507	0.6503	0.6458	0.6404	0.6359	0.6327	0.6336	0.6402
1090	V40	7.55	21.51	21.52	0.00	7.04	0.00	0.00	0.3028	0.3530	0.3872	0.4057	0.4155	0.4219	0.4267	0.4312	0.4324	0.4220	0.4128	0.4193	0.4366	0.4473	0.4430	0.4340	0.4295	0.4227	0.4118	0.4128	0.4540	0.5403	0.6082	0.6350	0.6426	0.6442	0.6466	0.6504	0.6547	0.6544	0.6500	0.6446	0.6401	0.6369	0.6373	0.6431
1091	V41	14.50	7.50	21.50	0.00	0.00	0.00	0.00	0.3337	0.4062	0.4615	0.4922	0.5065	0.5159	0.5245	0.5371	0.5522	0.5561	0.5606	0.5858	0.6256	0.6560	0.6612	0.6494	0.6343	0.6123	0.5808	0.5555	0.5535	0.5744	0.5853	0.5845	0.5824	0.5813	0.5838	0.5898	0.5964	0.5975	0.5928	0.5862	0.5800	0.5755	0.5775	0.5881
1092	V42	16.25	16.25	23.25	0.00	0.00	0.00	0.00	0.3060	0.3725	0.4213	0.4463	0.4602	0.4693	0.4781	0.4896	0.5010	0.5014	0.5017	0.5211	0.5540	0.5758	0.5735	0.5586	0.5439	0.5217	0.4885	0.4626	0.4728	0.5203	0.5540	0.5629	0.5642	0.5647	0.5684	0.5746	0.5816	0.5828	0.5785	0.5722	0.5658	0.5612	0.5630	0.5735
1093	V43	14.50	21.50	7.50	0.00	0.00	0.00	0.00	0.3449	0.4254	0.4895	0.5272	0.5499	0.5631	0.5728	0.5789	0.5798	0.5697	0.5584	0.5563	0.5571	0.5492	0.5302	0.5112	0.4975	0.4773	0.4457	0.4224	0.4422	0.5091	0.5611	0.5789	0.5833	0.5848	0.5884	0.5944	0.6007	0.6013	0.5968	0.5911	0.5857	0.5819	0.5839	0.5935
1094	V44	16.25	23.25	16.25	0.00	0.00	0.00	0.00	0.3122	0.3808	0.4313	0.4605	0.4789	0.4904	0.4995	0.5080	0.5128	0.5054	0.4973	0.5027	0.5154	0.5172	0.5022	0.4835	0.4697	0.4487	0.4156	0.3911	0.4120	0.4839	0.5411	0.5614	0.5669	0.5687	0.5723	0.5786	0.5862	0.5878	0.5834	0.5773	0.5709	0.5668	0.5691	0.5790
1095	V45	16.25	23.25	23.25	0.00	0.00	0.00	0.00	0.2926	0.3531	0.3968	0.4200	0.4334	0.4432	0.4525	0.4620	0.4701	0.4654	0.4608	0.4737	0.4973	0.5097	0.4995	0.4827	0.4690	0.4476	0.4145	0.3898	0.4104	0.4827	0.5403	0.5611	0.5666	0.5685	0.5721	0.5786	0.5862	0.5877	0.5828	0.5763	0.5696	0.5649	0.5671	0.5777
1096	V46	21.50	7.50	7.50	0.00	0.00	0.00	0.00	0.3412	0.4404	0.5222	0.5723	0.6013	0.6168	0.6298	0.6410	0.6491	0.6467	0.6439	0.6512	0.6632	0.6657	0.6537	0.6331	0.6117	0.5837	0.5460	0.5146	0.5065	0.5203	0.5251	0.5209	0.5180	0.5173	0.5206	0.5285	0.5375	0.5397	0.5349	0.5279	0.5203	0.5152	0.5188	0.5323
1097	V47	21.50	7.50	14.50	0.00	0.00	0.00	0.00	0.3253	0.4133	0.4845	0.5256	0.5484	0.5612	0.5730	0.5855	0.5975	0.5991	0.6003	0.6169	0.6424	0.6579	0.6524	0.6337	0.6128	0.5851	0.5476	0.5167	0.5084	0.5212	0.5257	0.5213	0.5183	0.5180	0.5217	0.5296	0.5383	0.5404	0.5354	0.5285	0.5215	0.5169	0.5209	0.5351
1098	V48	21.51	7.55	21.52	0.00	0.00	7.04	0.00	0.2881	0.3580	0.4148	0.4482	0.4682	0.4827	0.4968	0.5141	0.5340	0.5430	0.5506	0.5762	0.6145	0.6421	0.6429	0.6252	0.6029	0.5731	0.5338	0.5001	0.4853	0.4870	0.4802	0.4689	0.4622	0.4597	0.4615	0.4675	0.4768	0.4828	0.4839	0.4829	0.4807	0.4782	0.4811	0.4929
1099	V49	21.50	14.50	7.50	0.00	0.00	0.00	0.00	0.3334	0.4239	0.4978	0.5433	0.5702	0.5865	0.5990	0.6082	0.6131	0.6072	0.6000	0.6027	0.6091	0.6059	0.5892	0.5682	0.5493	0.5235	0.4872	0.4582	0.4617	0.4984	0.5221	0.5261	0.5261	0.5267	0.5307	0.5386	0.5473	0.5492	0.5444	0.5377	0.5306	0.5262	0.5299	0.5427
1100	V50	23.25	16.25	16.25	0.00	0.00	0.00	0.00	0.3042	0.3825	0.4439	0.4782	0.4978	0.5101	0.5217	0.5334	0.5424	0.5398	0.5370	0.5487	0.5687	0.5776	0.5667	0.5466	0.5272	0.5004	0.4626	0.4323	0.4355	0.4730	0.4979	0.5024	0.5027	0.5038	0.5085	0.5172	0.5267	0.5289	0.5242	0.5177	0.5107	0.5064	0.5104	0.5242
1101	W1	23.25	16.25	23.25	0.00	0.00	0.00	0.00	0.2955	0.3702	0.4305	0.4632	0.4795	0.4895	0.5003	0.5131	0.5255	0.5270	0.5276	0.5458	0.5737	0.5894	0.5817	0.5622	0.5421	0.5143	0.4759	0.4451	0.4458	0.4792	0.5008	0.5042	0.5036	0.5037	0.5071	0.5156	0.5255	0.5285	0.5236	0.5155	0.5059	0.4991	0.5030	0.5175
1102	W2	21.51	21.52	7.55	0.00	0.00	0.00	7.04	0.2946	0.3788	0.4516	0.4987	0.5278	0.5443	0.5585	0.5653	0.5631	0.5484	0.5284	0.5122	0.4964	0.4740	0.4427	0.4164	0.4004	0.3801	0.3486	0.3252	0.3388	0.3922	0.4324	0.4437	0.4443	0.4461	0.4545	0.4696	0.4863	0.4945	0.4926	0.4862	0.4774	0.4715	0.4761	0.4919
1103	W3	23.25	23.25	16.25	0.00	0.00	0.00	0.00	0.3011	0.3766	0.4386	0.4772	0.4987	0.5117	0.5236	0.5332	0.5384	0.5325	0.5247	0.5282	0.5353	0.5312	0.5119	0.4897	0.4710	0.4451	0.4077	0.3786	0.3892	0.4441	0.4859	0.4988	0.5019	0.5033	0.5078	0.5164	0.5266	0.5295	0.5244	0.5169	0.5087	0.5031	0.5068	0.5207
1104	W4	24.78	24.78	24.78	0.00	0.00	0.00	0.00	0.2773	0.3450	0.3960	0.4259	0.4410	0.4510	0.4621	0.4733	0.4820	0.4795	0.4756	0.4868	0.5051	0.5106	0.4959	0.4747	0.4562	0.4299	0.3920	0.3624	0.3728	0.4279	0.4702	0.4834	0.4865	0.4885	0.4937	0.5031	0.5140	0.5172	0.5122	0.5048	0.4967	0.4913	0.4955	0.5102
1105	W5	15.00	22.00	29.00	0.00	0.00	0.00	0.00	0.2935	0.3512	0.3933	0.4164	0.4276	0.4345	0.4429	0.4534	0.4643	0.4647	0.4641	0.4814	0.5095	0.5250	0.5178	0.5020	0.4887	0.4685	0.4365	0.4128	0.4317	0.4993	0.5523	0.5712	0.5757	0.5770	0.5804	0.5865	0.5929	0.5936	0.5880	0.5819	0.5766	0.5725	0.5744	0.5841
1106	W6	15.00	29.00	22.00	0.00	0.00	0.00	0.00	0.2930	0.3533	0.4001	0.4267	0.4416	0.4509	0.4596	0.4685	0.4742	0.4683	0.4612	0.4675	0.4797	0.4798	0.4632	0.4446	0.4317	0.4118	0.3799	0.3566	0.3818	0.4661	0.5371	0.5657	0.5745	0.5775	0.5817	0.5884	0.5951	0.5958	0.5908	0.5849	0.5795	0.5755	0.5783	0.5879
1107	W7	22.00	15.00	29.00	0.00	0.00	0.00	0.00	0.2818	0.3474	0.3971	0.4239	0.4363	0.4442	0.4541	0.4676	0.4821	0.4855	0.4889	0.5131	0.5507	0.5761	0.5743	0.5570	0.5383	0.5122	0.4752	0.4456	0.4477	0.4831	0.5060	0.5101	0.5099	0.5101	0.5136	0.5219	0.5313	0.5341	0.5288	0.5212	0.5131	0.5080	0.5127	0.5270
1108	W8	23.75	23.75	30.75	0.00	0.00	0.00	0.00	0.2640	0.3246	0.3674	0.3919	0.4041	0.4116	0.4218	0.4340	0.4457	0.4457	0.4452	0.4632	0.4918	0.5073	0.4979	0.4785	0.4607	0.4349	0.3974	0.3681	0.3790	0.4345	0.4771	0.4901	0.4933	0.4950	0.4999	0.5089	0.5192	0.5220	0.5164	0.5093	0.5016	0.4965	0.5009	0.5159
1109	W9	22.00	29.00	15.00	0.00	0.00	0.00	0.00	0.2989	0.3713	0.4280	0.4629	0.4818	0.4934	0.5043	0.5126	0.5149	0.5050	0.4933	0.4922	0.4942	0.4852	0.4629	0.4408	0.4243	0.4002	0.3644	0.3375	0.3559	0.4279	0.4869	0.5087	0.5150	0.5177	0.5228	0.5317	0.5416	0.5447	0.5398	0.5322	0.5240	0.5185	0.5226	0.5365
1110	W10	23.75	30.75	23.75	0.00	0.00	0.00	0.00	0.2686	0.3305	0.3778	0.4054	0.4203	0.4304	0.4411	0.4509	0.4569	0.4511	0.4436	0.4503	0.4630	0.4628	0.4445	0.4228	0.4060	0.3814	0.3448	0.3170	0.3345	0.4060	0.4642	0.4854	0.4916	0.4945	0.4999	0.5096	0.5202	0.5233	0.5184	0.5111	0.5032	0.4976	0.5019	0.5163
1111	W11	23.75	30.75	30.75	0.00	0.00	0.00	0.00	0.2595	0.3128	0.3541	0.3770	0.3883	0.3965	0.4062	0.4162	0.4247	0.4207	0.4156	0.4272	0.4483	0.4558	0.4410	0.4206	0.4043	0.3798	0.3432	0.3157	0.3352	0.4101	0.4711	0.4934	0.5001	0.5029	0.5081	0.5174	0.5284	0.5320	0.5270	0.5191	0.5100	0.5039	0.5080	0.5226
1112	W12	29.00	15.00	22.00	0.00	0.00	0.00	0.00	0.2815	0.3568	0.4167	0.4519	0.4706	0.4826	0.4949	0.5089	0.5217	0.5230	0.5234	0.5411	0.5685	0.5830	0.5733	0.5505	0.5269	0.4949	0.4520	0.4168	0.4130	0.4402	0.4563	0.4567	0.4556	0.4563	0.4608	0.4710	0.4832	0.4876	0.4823	0.4741	0.4642	0.4571	0.4612	0.4778
1113	W13	29.00	22.00	15.00	0.00	0.00	0.00	0.00	0.2841	0.3620	0.4262	0.4663	0.4881	0.5018	0.5155	0.5263	0.5319	0.5262	0.5183	0.5222	0.5301	0.5265	0.5063	0.4821	0.4604	0.4308	0.3897	0.3572	0.3618	0.4056	0.4370	0.4447	0.4460	0.4477	0.4526	0.4630	0.4754	0.4800	0.4753	0.4671	0.4570	0.4498	0.4543	0.4712
1114	W14	30.75	23.75	23.75	0.00	0.00	0.00	0.00	0.2635	0.3292	0.3832	0.4147	0.4309	0.4411	0.4540	0.4658	0.4745	0.4716	0.4677	0.4792	0.4985	0.5052	0.4901	0.4668	0.4453	0.4154	0.3737	0.3411	0.3459	0.3913	0.4244	0.4327	0.4346	0.4363	0.4413	0.4521	0.4654	0.4706	0.4661	0.4571	0.4461	0.4385	0.4431	0.4608
1115	W15	30.75	23.75	30.75	0.00	0.00	0.00	0.00	0.2480	0.3087	0.3548	0.3810	0.3927	0.4018	0.4132	0.4251	0.4362	0.4350	0.4335	0.4504	0.4782	0.4929	0.4823	0.4606	0.4396	0.4102	0.3694	0.3369	0.3417	0.3864	0.4190	0.4271	0.4290	0.4311	0.4368	0.4480	0.4611	0.4661	0.4611	0.4525	0.4422	0.4354	0.4414	0.4592
1116	W16	30.75	30.75	23.75	0.00	0.00	0.00	0.00	0.2505	0.3158	0.3641	0.3924	0.4067	0.4169	0.4287	0.4400	0.4465	0.4407	0.4338	0.4412	0.4556	0.4567	0.4382	0.4151	0.3950	0.3667	0.3272	0.2964	0.3068	0.3637	0.4085	0.4224	0.4264	0.4297	0.4361	0.4478	0.4613	0.4664	0.4613	0.4528	0.4433	0.4371	0.4432	0.4607
1117	W17	22.48	22.48	22.48	0.00	0.00	0.00	0.00	0.2836	0.3501	0.4014	0.4316	0.4462	0.4560	0.4665	0.4778	0.4864	0.4840	0.4805	0.4929	0.5131	0.5212	0.5086	0.4887	0.4707	0.4450	0.4075	0.3784	0.3891	0.4432	0.4834	0.4955	0.4982	0.5002	0.5053	0.5146	0.5252	0.5285	0.5235	0.5158	0.5080	0.5029	0.5077	0.5221
1118	W18	20.45	20.45	36.09	0.00	3.27	3.27	0.00	0.2496	0.2966	0.3312	0.3477	0.3555	0.3618	0.3708	0.3826	0.3946	0.3957	0.3966	0.4186	0.4559	0.4828	0.4836	0.4697	0.4556	0.4362	0.4085	0.3901	0.4059	0.4583	0.4945	0.5039	0.5053	0.5062	0.5101	0.5183	0.5280	0.5315	0.5280	0.5227	0.5175	0.5134	0.5173	0.5296
1119	W19	22.50	25.82	36.50	0.00	7.37	0.00	0.00	0.2375	0.2811	0.3096	0.3238	0.3298	0.3346	0.3414	0.3488	0.3538	0.3481	0.3430	0.3564	0.3829	0.4010	0.3980	0.3853	0.3740	0.3593	0.3400	0.3327	0.3615	0.4290	0.4795	0.4969	0.5019	0.5048	0.5105	0.5198	0.5302	0.5333	0.5278	0.5205	0.5137	0.5093	0.5141	0.5281
1120	W20	20.45	36.09	20.45	0.00	3.27	0.00	3.27	0.2623	0.3141	0.3542	0.3783	0.3913	0.4010	0.4098	0.4153	0.4146	0.4017	0.3871	0.3843	0.3866	0.3798	0.3596	0.3406	0.3284	0.3110	0.2848	0.2684	0.2979	0.3850	0.4595	0.4893	0.4985	0.5028	0.5100	0.5209	0.5325	0.5366	0.5324	0.5257	0.5189	0.5143	0.5190	0.5323
1121	W21	22.50	36.50	25.82	0.00	7.37	0.00	0.00	0.2437	0.2873	0.3181	0.3357	0.3449	0.3518	0.3599	0.3647	0.3638	0.3515	0.3390	0.3403	0.3490	0.3496	0.3360	0.3206	0.3100	0.2954	0.2752	0.2665	0.3003	0.3868	0.4600	0.4895	0.4990	0.5030	0.5088	0.5181	0.5284	0.5316	0.5268	0.5196	0.5120	0.5069	0.5105	0.5242
1122	W22	22.50	33.75	33.75	0.00	11.02	0.00	0.00	0.2240	0.2611	0.2854	0.2977	0.3037	0.3090	0.3155	0.3202	0.3208	0.3104	0.3005	0.3060	0.3217	0.3300	0.3218	0.3092	0.3000	0.2880	0.2729	0.2705	0.3082	0.3940	0.4644	0.4922	0.5011	0.5049	0.5104	0.5196	0.5298	0.5331	0.5281	0.5204	0.5123	0.5071	0.5111	0.5251
1123	W23	25.82	22.50	36.50	0.00	0.00	7.37	0.00	0.2271	0.2727	0.3070	0.3272	0.3386	0.3485	0.3606	0.3765	0.3937	0.4000	0.4047	0.4295	0.4688	0.4951	0.4909	0.4713	0.4507	0.4212	0.3801	0.3468	0.3498	0.3918	0.4206	0.4255	0.4250	0.4251	0.4283	0.4359	0.4466	0.4534	0.4539	0.4516	0.4476	0.4440	0.4481	0.4621
1124	W24	30.76	30.76	38.15	0.00	0.78	0.78	0.00	0.2218	0.2700	0.3043	0.3208	0.3291	0.3368	0.3465	0.3586	0.3693	0.3682	0.3664	0.3851	0.4176	0.4370	0.4279	0.4078	0.3895	0.3629	0.3244	0.2950	0.3087	0.3721	0.4224	0.4392	0.4440	0.4467	0.4525	0.4631	0.4757	0.4803	0.4753	0.4670	0.4569	0.4503	0.4553	0.4725
1125	W25	25.82	36.50	22.50	0.00	0.00	0.00	7.37	0.2341	0.2885	0.3303	0.3566	0.3716	0.3835	0.3952	0.4028	0.4037	0.3915	0.3753	0.3691	0.3671	0.3540	0.3259	0.3017	0.2877	0.2685	0.2382	0.2170	0.2397	0.3164	0.3820	0.4062	0.4118	0.4155	0.4250	0.4410	0.4585	0.4675	0.4656	0.4586	0.4495	0.4428	0.4482	0.4654
1126	W26	30.76	38.15	30.76	0.00	0.78	0.00	0.78	0.2315	0.2841	0.3213	0.3418	0.3516	0.3612	0.3716	0.3813	0.3875	0.3814	0.3743	0.3837	0.4032	0.4099	0.3943	0.3731	0.3555	0.3297	0.2932	0.2657	0.2816	0.3509	0.4108	0.4336	0.4407	0.4438	0.4492	0.4595	0.4718	0.4770	0.4727	0.4642	0.4537	0.4463	0.4504	0.4659
1127	W27	31.25	37.13	37.13	0.00	4.49	0.00	0.00	0.2096	0.2548	0.2844	0.2982	0.3049	0.3124	0.3211	0.3295	0.3347	0.3278	0.3209	0.3316	0.3539	0.3651	0.3543	0.3367	0.3219	0.3007	0.2711	0.2515	0.2717	0.3411	0.3999	0.4216	0.4281	0.4309	0.4363	0.4471	0.4598	0.4653	0.4609	0.4520	0.4405	0.4329	0.4370	0.4534
1128	W28	36.09	20.45	20.45	0.00	0.00	3.27	3.27	0.2486	0.3207	0.3790	0.4133	0.4344	0.4498	0.4645	0.4785	0.4887	0.4859	0.4810	0.4895	0.5054	0.5082	0.4887	0.4612	0.4360	0.4029	0.3588	0.3232	0.3207	0.3515	0.3716	0.3730	0.3715	0.3721	0.3778	0.3900	0.4053	0.4130	0.4104	0.4031	0.3929	0.3851	0.3895	0.4070
1129	W29	36.50	22.50	25.82	0.00	0.00	7.37	0.00	0.2328	0.2946	0.3438	0.3722	0.3885	0.4030	0.4184	0.4341	0.4484	0.4503	0.4502	0.4661	0.4926	0.5058	0.4929	0.4676	0.4410	0.4054	0.3590	0.3210	0.3146	0.3401	0.3555	0.3540	0.3513	0.3514	0.3552	0.3649	0.3782	0.3860	0.3859	0.3821	0.3753	0.3698	0.3741	0.3899
1130	W30	33.75	22.50	33.75	0.00	0.00	11.02	0.00	0.2099	0.2620	0.3032	0.3257	0.3402	0.3535	0.3678	0.3845	0.4018	0.4081	0.4124	0.4354	0.4726	0.4969	0.4905	0.4677	0.4422	0.4072	0.3614	0.3233	0.3164	0.3396	0.3518	0.3480	0.3442	0.3431	0.3458	0.3544	0.3669	0.3754	0.3773	0.3761	0.3716	0.3678	0.3722	0.3874
1131	W31	36.50	25.82	22.50	0.00	0.00	0.00	7.37	0.2253	0.2943	0.3492	0.3807	0.3997	0.4141	0.4274	0.4379	0.4432	0.4351	0.4238	0.4226	0.4266	0.4187	0.3914	0.3632	0.3423	0.3156	0.2783	0.2497	0.2555	0.2968	0.3277	0.3341	0.3341	0.3368	0.3464	0.3634	0.3825	0.3917	0.3894	0.3821	0.3723	0.3658	0.3720	0.3918
1132	W32	38.15	30.76	30.76	0.00	0.00	0.78	0.78	0.2185	0.2782	0.3194	0.3430	0.3553	0.3658	0.3777	0.3892	0.3982	0.3952	0.3919	0.4064	0.4328	0.4463	0.4334	0.4097	0.3862	0.3535	0.3097	0.2751	0.2778	0.3211	0.3540	0.3620	0.3642	0.3667	0.3732	0.3860	0.4010	0.4068	0.4022	0.3935	0.3827	0.3756	0.3815	0.4013
1133	W33	37.13	31.25	37.13	0.00	0.00	4.49	0.00	0.2039	0.2536	0.2890	0.3075	0.3176	0.3274	0.3385	0.3516	0.3626	0.3616	0.3602	0.3786	0.4110	0.4304	0.4206	0.3980	0.3752	0.3431	0.3000	0.2658	0.2683	0.3104	0.3412	0.3474	0.3483	0.3499	0.3557	0.3673	0.3819	0.3895	0.3872	0.3809	0.3720	0.3658	0.3712	0.3893
1134	W34	33.75	33.75	22.50	0.00	0.00	0.00	11.02	0.2147	0.2746	0.3222	0.3498	0.3658	0.3801	0.3927	0.4013	0.4029	0.3908	0.3743	0.3664	0.3618	0.3464	0.3161	0.2897	0.2730	0.2516	0.2200	0.1968	0.2094	0.2634	0.3076	0.3208	0.3224	0.3256	0.3361	0.3544	0.3749	0.3856	0.3842	0.3776	0.3682	0.3619	0.3682	0.3876
1135	W35	37.13	37.13	31.25	0.00	0.00	0.00	4.49	0.2024	0.2567	0.2953	0.3165	0.3293	0.3397	0.3511	0.3613	0.3666	0.3587	0.3494	0.3548	0.3687	0.3693	0.3474	0.3222	0.3027	0.2758	0.2384	0.2100	0.2205	0.2758	0.3208	0.3345	0.3375	0.3406	0.3491	0.3647	0.3825	0.3913	0.3880	0.3793	0.3676	0.3595	0.3653	0.3852
1136	W36	40.00	40.00	40.00	0.00	0.00	0.00	0.00	0.1922	0.2383	0.2704	0.2865	0.2946	0.3037	0.3143	0.3249	0.3325	0.3278	0.3223	0.3360	0.3625	0.3760	0.3622	0.3397	0.3187	0.2888	0.2482	0.2170	0.2262	0.2830	0.3295	0.3437	0.3480	0.3514	0.3583	0.3717	0.3874	0.3946	0.3901	0.3806	0.3680	0.3598	0.3657	0.3858
1137	W37	29.76	34.53	43.51	0.00	10.38	2.51	0.00	0.1947	0.2275	0.2450	0.2526	0.2559	0.2611	0.2673	0.2747	0.2791	0.2724	0.2666	0.2793	0.3064	0.3252	0.3217	0.3091	0.2986	0.2831	0.2615	0.2492	0.2737	0.3430	0.3985	0.4174	0.4232	0.4266	0.4328	0.4437	0.4564	0.4617	0.4579	0.4510	0.4425	0.4372	0.4422	0.4579
1138	W38	29.76	43.51	34.53	0.00	10.38	0.00	2.51	0.1964	0.2318	0.2532	0.2628	0.2682	0.2749	0.2821	0.2866	0.2858	0.2733	0.2610	0.2633	0.2752	0.2786	0.2655	0.2507	0.2410	0.2268	0.2062	0.1947	0.2243	0.3092	0.3829	0.4119	0.4211	0.4255	0.4325	0.4444	0.4580	0.4638	0.4597	0.4515	0.4411	0.4344	0.4390	0.4554
1139	W39	31.21	41.72	41.68	0.00	14.11	0.05	0.02	0.1857	0.2145	0.2308	0.2366	0.2395	0.2438	0.2495	0.2539	0.2540	0.2436	0.2337	0.2400	0.2581	0.2684	0.2613	0.2495	0.2412	0.2290	0.2119	0.2042	0.2347	0.3156	0.3848	0.4113	0.4198	0.4238	0.4298	0.4407	0.4534	0.4588	0.4545	0.4456	0.4347	0.4276	0.4322	0.4485
1140	W40	34.53	29.76	43.51	0.00	2.51	10.38	0.00	0.1821	0.2190	0.2443	0.2563	0.2646	0.2744	0.2859	0.3000	0.3140	0.3166	0.3184	0.3409	0.3805	0.4086	0.4054	0.3862	0.3657	0.3366	0.2972	0.2655	0.2680	0.3092	0.3391	0.3443	0.3441	0.3446	0.3482	0.3572	0.3701	0.3786	0.3800	0.3779	0.3729	0.3682	0.3729	0.3885
1141	W41	37.95	37.95	46.62	0.00	3.38	3.38	0.00	0.1778	0.2143	0.2357	0.2456	0.2494	0.2561	0.2651	0.2753	0.2837	0.2807	0.2771	0.2942	0.3271	0.3486	0.3423	0.3247	0.3080	0.2833	0.2490	0.2229	0.2349	0.2928	0.3397	0.3540	0.3576	0.3598	0.3655	0.3772	0.3919	0.3997	0.3973	0.3902	0.3795	0.3717	0.3768	0.3953
1142	W42	34.53	43.51	29.76	0.00	2.51	0.00	10.38	0.1944	0.2431	0.2763	0.2935	0.3041	0.3149	0.3252	0.3327	0.3328	0.3196	0.3038	0.2997	0.3017	0.2930	0.2679	0.2452	0.2315	0.2129	0.1854	0.1662	0.1852	0.2523	0.3102	0.3303	0.3348	0.3390	0.3494	0.3673	0.3878	0.3988	0.3976	0.3904	0.3795	0.3721	0.3780	0.3975
1143	W43	37.95	46.62	37.95	0.00	3.38	0.00	3.38	0.1904	0.2273	0.2522	0.2641	0.2710	0.2791	0.2875	0.2946	0.2973	0.2873	0.2762	0.2806	0.2941	0.2959	0.2778	0.2583	0.2448	0.2248	0.1958	0.1757	0.1968	0.2715	0.3356	0.3587	0.3655	0.3699	0.3781	0.3922	0.4084	0.4159	0.4121	0.4037	0.3925	0.3850	0.3908	0.4095
1144	W44	38.00	44.82	44.82	0.00	7.13	1.60	1.60	0.1761	0.2072	0.2256	0.2335	0.2383	0.2443	0.2510	0.2578	0.2614	0.2530	0.2445	0.2535	0.2747	0.2854	0.2745	0.2584	0.2463	0.2281	0.2014	0.1835	0.2072	0.2843	0.3500	0.3740	0.3815	0.3856	0.3922	0.4043	0.4186	0.4249	0.4207	0.4117	0.4000	0.3922	0.3972	0.4151
1145	W45	43.51	29.76	34.53	0.00	0.00	10.38	2.51	0.1800	0.2310	0.2684	0.2890	0.3024	0.3162	0.3306	0.3463	0.3605	0.3623	0.3615	0.3785	0.4078	0.4227	0.4083	0.3814	0.3547	0.3194	0.2737	0.2369	0.2331	0.2631	0.2822	0.2822	0.2803	0.2809	0.2855	0.2968	0.3120	0.3217	0.3226	0.3188	0.3114	0.3058	0.3114	0.3296
1146	W46	41.72	31.21	41.68	0.00	0.05	14.11	0.02	0.1692	0.2127	0.2424	0.2581	0.2695	0.2812	0.2951	0.3115	0.3271	0.3313	0.3332	0.3550	0.3922	0.4159	0.4077	0.3840	0.3586	0.3241	0.2792	0.2429	0.2398	0.2702	0.2883	0.2873	0.2846	0.2843	0.2874	0.2967	0.3101	0.3199	0.3223	0.3208	0.3159	0.3115	0.3161	0.3327
1147	W47	43.51	34.53	29.76	0.00	0.00	2.51	10.38	0.1842	0.2416	0.2853	0.3098	0.3237	0.3359	0.3495	0.3602	0.3645	0.3555	0.3429	0.3420	0.3467	0.3386	0.3106	0.2830	0.2642	0.2400	0.2062	0.1812	0.1886	0.2322	0.2669	0.2752	0.2757	0.2783	0.2880	0.3059	0.3266	0.3382	0.3371	0.3299	0.3190	0.3111	0.3181	0.3392
1148	W48	46.62	37.95	37.95	0.00	0.00	3.38	3.38	0.1743	0.2230	0.2591	0.2770	0.2869	0.2980	0.3100	0.3221	0.3304	0.3253	0.3189	0.3295	0.3512	0.3588	0.3397	0.3140	0.2922	0.2628	0.2233	0.1933	0.1984	0.2423	0.2754	0.2826	0.2838	0.2862	0.2936	0.3086	0.3267	0.3364	0.3347	0.3276	0.3160	0.3081	0.3144	0.3357
1149	W49	44.82	38.00	44.82	0.00	1.60	7.13	1.60	0.1678	0.2073	0.2340	0.2473	0.2551	0.2641	0.2752	0.2878	0.2985	0.2969	0.2943	0.3119	0.3442	0.3636	0.3530	0.3312	0.3110	0.2819	0.2429	0.2132	0.2195	0.2642	0.2958	0.3013	0.3016	0.3029	0.3080	0.3195	0.3343	0.3428	0.3426	0.3376	0.3291	0.3231	0.3286	0.3471
1150	W50	41.71	41.69	31.21	0.00	0.05	0.00	14.11	0.1710	0.2232	0.2603	0.2810	0.2938	0.3062	0.3184	0.3272	0.3291	0.3166	0.3007	0.2941	0.2921	0.2784	0.2488	0.2231	0.2080	0.1888	0.1610	0.1416	0.1552	0.2098	0.2572	0.2723	0.2749	0.2787	0.2903	0.3101	0.3324	0.3449	0.3443	0.3374	0.3268	0.3199	0.3268	0.3477
1151	X1	44.82	44.82	38.00	0.00	1.60	1.60	7.13	0.1735	0.2223	0.2588	0.2803	0.2916	0.3027	0.3145	0.3244	0.3287	0.3201	0.3078	0.3080	0.3153	0.3108	0.2867	0.2617	0.2437	0.2201	0.1880	0.1646	0.1753	0.2275	0.2721	0.2862	0.2891	0.2922	0.3010	0.3178	0.3373	0.3475	0.3451	0.3366	0.3242	0.3156	0.3221	0.3433
1152	X2	44.60	44.60	44.60	1.49	5.05	5.05	5.05	0.1505	0.1893	0.2171	0.2320	0.2411	0.2509	0.2625	0.2732	0.2805	0.2755	0.2673	0.2727	0.2864	0.2886	0.2700	0.2479	0.2308	0.2085	0.1792	0.1591	0.1716	0.2240	0.2672	0.2798	0.2823	0.2847	0.2919	0.3065	0.3243	0.3346	0.3337	0.3271	0.3166	0.3090	0.3146	0.3341
1153	X3	35.02	35.02	52.03	0.00	6.20	6.20	0.00	0.1631	0.1934	0.2125	0.2219	0.2269	0.2325	0.2417	0.2540	0.2659	0.2672	0.2675	0.2873	0.3210	0.3433	0.3381	0.3211	0.3044	0.2819	0.2529	0.2340	0.2502	0.3067	0.3495	0.3615	0.3640	0.3654	0.3698	0.3799	0.3935	0.4009	0.4003	0.3955	0.3881	0.3819	0.3863	0.4030
1154	X4	36.33	41.72	50.07	0.00	11.49	3.87	0.00	0.1638	0.1905	0.2074	0.2147	0.2185	0.2237	0.2314	0.2399	0.2459	0.2412	0.2367	0.2484	0.2715	0.2846	0.2767	0.2613	0.2484	0.2312	0.2101	0.2004	0.2256	0.2937	0.3491	0.3682	0.3737	0.3768	0.3826	0.3936	0.4076	0.4147	0.4123	0.4061	0.3979	0.3918	0.3971	0.4144
1155	X5	35.02	52.03	35.02	0.00	6.20	0.00	6.20	0.1737	0.2106	0.2370	0.2514	0.2599	0.2687	0.2781	0.2841	0.2822	0.2681	0.2516	0.2463	0.2460	0.2367	0.2143	0.1951	0.1839	0.1687	0.1473	0.1353	0.1615	0.2419	0.3150	0.3439	0.3520	0.3568	0.3663	0.3827	0.4009	0.4103	0.4078	0.4002	0.3895	0.3822	0.3881	0.4068
1156	X6	36.33	50.07	41.72	0.00	11.49	0.00	3.87	0.1636	0.1950	0.2158	0.2266	0.2322	0.2388	0.2465	0.2517	0.2507	0.2383	0.2252	0.2246	0.2309	0.2287	0.2120	0.1953	0.1846	0.1709	0.1530	0.1457	0.1756	0.2575	0.3305	0.3598	0.3685	0.3732	0.3817	0.3966	0.4132	0.4213	0.4178	0.4096	0.3988	0.3911	0.3967	0.4141
1157	X7	38.37	49.78	49.78	0.00	11.57	0.30	0.30	0.1572	0.1847	0.1994	0.2064	0.2087	0.2139	0.2206	0.2267	0.2288	0.2200	0.2111	0.2177	0.2337	0.2400	0.2283	0.2130	0.2016	0.1863	0.1669	0.1585	0.1885	0.2710	0.3435	0.3721	0.3817	0.3864	0.3931	0.4054	0.4201	0.4264	0.4219	0.4127	0.4013	0.3933	0.3985	0.4168
1158	X8	41.72	36.33	50.07	0.00	3.87	11.49	0.00	0.1488	0.1810	0.2018	0.2139	0.2210	0.2293	0.2411	0.2555	0.2702	0.2737	0.2751	0.2948	0.3275	0.3474	0.3393	0.3192	0.2994	0.2727	0.2386	0.2137	0.2209	0.2639	0.2940	0.2990	0.2987	0.2994	0.3035	0.3133	0.3273	0.3363	0.3375	0.3349	0.3295	0.3246	0.3300	0.3471
1159	X9	44.40	44.40	51.02	1.84	4.97	4.97	0.00	0.1512	0.1841	0.2045	0.2147	0.2193	0.2257	0.2353	0.2461	0.2549	0.2519	0.2477	0.2616	0.2868	0.2997	0.2881	0.2687	0.2516	0.2280	0.1975	0.1772	0.1918	0.2489	0.2943	0.3076	0.3110	0.3135	0.3193	0.3315	0.3473	0.3558	0.3538	0.3472	0.3370	0.3297	0.3359	0.3551
1160	X10	41.72	50.07	36.33	0.00	3.87	0.00	11.49	0.1560	0.1970	0.2267	0.2437	0.2540	0.2639	0.2748	0.2811	0.2807	0.2666	0.2491	0.2414	0.2386	0.2264	0.2008	0.1794	0.1672	0.1513	0.1287	0.1147	0.1348	0.2014	0.2606	0.2817	0.2863	0.2905	0.3013	0.3203	0.3418	0.3535	0.3519	0.3442	0.3325	0.3248	0.3318	0.3525
1161	X11	44.40	51.02	44.40	1.84	4.97	0.00	4.97	0.1532	0.1872	0.2119	0.2250	0.2308	0.2382	0.2476	0.2547	0.2568	0.2465	0.2345	0.2356	0.2440	0.2412	0.2207	0.2002	0.1864	0.1677	0.1423	0.1265	0.1472	0.2165	0.2764	0.2974	0.3031	0.3075	0.3164	0.3327	0.3515	0.3612	0.3579	0.3488	0.3362	0.3277	0.3343	0.3555
1162	X12	45.34	51.96	51.96	2.30	4.07	0.52	0.52	0.1490	0.1799	0.1979	0.2057	0.2085	0.2138	0.2216	0.2300	0.2355	0.2293	0.2225	0.2326	0.2520	0.2580	0.2420	0.2225	0.2073	0.1853	0.1559	0.1361	0.1561	0.2278	0.2886	0.3095	0.3162	0.3205	0.3276	0.3414	0.3581	0.3657	0.3607	0.3505	0.3373	0.3285	0.3353	0.3565
1163	X13	52.03	35.02	35.02	0.00	0.00	6.20	6.20	0.1544	0.2064	0.2476	0.2724	0.2865	0.3008	0.3170	0.3319	0.3421	0.3390	0.3316	0.3363	0.3470	0.3434	0.3172	0.2881	0.2644	0.2338	0.1936	0.1628	0.1633	0.1960	0.2186	0.2208	0.2198	0.2215	0.2287	0.2440	0.2632	0.2741	0.2735	0.2670	0.2558	0.2477	0.2545	0.2767
1164	X14	50.07	36.33	41.72	0.00	0.00	11.49	3.87	0.1452	0.1889	0.2220	0.2423	0.2542	0.2674	0.2835	0.3002	0.3152	0.3179	0.3161	0.3288	0.3493	0.3549	0.3339	0.3055	0.2805	0.2478	0.2056	0.1726	0.1706	0.2005	0.2205	0.2212	0.2197	0.2207	0.2265	0.2394	0.2566	0.2676	0.2684	0.2640	0.2554	0.2484	0.2545	0.2746
1165	X15	49.78	38.37	49.78	0.00	0.30	11.57	0.30	0.1346	0.1743	0.1994	0.2141	0.2224	0.2322	0.2461	0.2624	0.2788	0.2844	0.2874	0.3095	0.3444	0.3639	0.3515	0.3256	0.2993	0.2640	0.2191	0.1834	0.1797	0.2095	0.2296	0.2304	0.2294	0.2306	0.2355	0.2472	0.2630	0.2731	0.2732	0.2683	0.2598	0.2533	0.2596	0.2794
1166	X16	50.07	41.72	36.33	0.00	0.00	3.87	11.49	0.1461	0.1964	0.2343	0.2571	0.2704	0.2834	0.2982	0.3104	0.3169	0.3093	0.2970	0.2953	0.2993	0.2908	0.2631	0.2359	0.2165	0.1918	0.1583	0.1335	0.1379	0.1751	0.2036	0.2091	0.2088	0.2111	0.2200	0.2373	0.2585	0.2707	0.2698	0.2626	0.2514	0.2433	0.2506	0.2730
1167	X17	51.02	44.40	44.40	1.84	0.00	4.97	4.97	0.1418	0.1869	0.2188	0.2360	0.2451	0.2556	0.2689	0.2818	0.2918	0.2888	0.2833	0.2926	0.3104	0.3138	0.2926	0.2661	0.2440	0.2149	0.1765	0.1474	0.1497	0.1877	0.2171	0.2225	0.2230	0.2253	0.2327	0.2484	0.2678	0.2788	0.2771	0.2693	0.2571	0.2490	0.2562	0.2786
1168	X18	51.96	45.34	51.96	2.30	0.52	4.07	0.52	0.1370	0.1749	0.1994	0.2115	0.2176	0.2258	0.2369	0.2498	0.2615	0.2618	0.2608	0.2795	0.3120	0.3291	0.3155	0.2908	0.2669	0.2338	0.1913	0.1584	0.1593	0.1977	0.2270	0.2323	0.2335	0.2362	0.2431	0.2578	0.2765	0.2863	0.2831	0.2739	0.2608	0.2516	0.2588	0.2827
1169	X19	49.78	49.78	38.37	0.00	0.30	0.30	11.57	0.1458	0.1947	0.2310	0.2515	0.2621	0.2732	0.2855	0.2953	0.2983	0.2877	0.2739	0.2708	0.2737	0.2649	0.2382	0.2131	0.1958	0.1734	0.1429	0.1210	0.1290	0.1736	0.2104	0.2198	0.2212	0.2244	0.2344	0.2534	0.2760	0.2880	0.2857	0.2765	0.2633	0.2542	0.2624	0.2858
1170	X20	51.96	51.96	45.34	2.30	0.52	0.52	4.07	0.1421	0.1847	0.2133	0.2287	0.2359	0.2447	0.2558	0.2662	0.2722	0.2657	0.2573	0.2645	0.2801	0.2817	0.2606	0.2363	0.2169	0.1901	0.1548	0.1288	0.1354	0.1823	0.2206	0.2305	0.2331	0.2366	0.2452	0.2622	0.2828	0.2932	0.2893	0.2788	0.2642	0.2543	0.2622	0.2859
1171	X21	53.10	53.10	53.10	5.49	0.00	0.00	0.00	0.1265	0.1606	0.1809	0.1908	0.1946	0.2011	0.2100	0.2197	0.2271	0.2236	0.2195	0.2322	0.2555	0.2650	0.2497	0.2283	0.2097	0.1832	0.1482	0.1224	0.1296	0.1774	0.2160	0.2265	0.2297	0.2332	0.2405	0.2558	0.2747	0.2840	0.2797	0.2692	0.2548	0.2449	0.2520	0.2758
1172	X22	44.63	49.34	56.56	2.42	9.40	0.02	0.00	0.1349	0.1614	0.1759	0.1804	0.1815	0.1856	0.1924	0.1997	0.2047	0.1994	0.1940	0.2059	0.2296	0.2422	0.2324	0.2163	0.2028	0.1839	0.1598	0.1458	0.1664	0.2315	0.2858	0.3044	0.3105	0.3145	0.3220	0.3363	0.3537	0.3616	0.3570	0.3468	0.3335	0.3246	0.3314	0.3530
1173	X23	44.63	56.56	49.34	2.42	9.40	0.00	0.02	0.1436	0.1682	0.1833	0.1904	0.1930	0.1981	0.2054	0.2120	0.2132	0.2040	0.1942	0.1987	0.2117	0.2145	0.1997	0.1830	0.1710	0.1537	0.1314	0.1191	0.1423	0.2156	0.2800	0.3034	0.3110	0.3157	0.3233	0.3377	0.3549	0.3630	0.3585	0.3485	0.3349	0.3255	0.3324	0.3545
1174	X24	44.74	55.58	55.54	2.38	17.29	0.11	0.04	0.1255	0.1464	0.1573	0.1612	0.1621	0.1659	0.1719	0.1769	0.1777	0.1689	0.1604	0.1657	0.1802	0.1861	0.1754	0.1619	0.1522	0.1389	0.1226	0.1168	0.1446	0.2197	0.2858	0.3109	0.3193	0.3241	0.3314	0.3452	0.3619	0.3694	0.3647	0.3551	0.3423	0.3337	0.3403	0.3609
1175	X25	49.34	44.63	56.56	2.42	0.02	9.40	0.00	0.1301	0.1610	0.1786	0.1874	0.1916	0.1989	0.2099	0.2232	0.2369	0.2402	0.2417	0.2633	0.2995	0.3201	0.3085	0.2849	0.2622	0.2306	0.1893	0.1575	0.1613	0.2054	0.2389	0.2462	0.2474	0.2493	0.2546	0.2668	0.2828	0.2926	0.2920	0.2866	0.2774	0.2702	0.2764	0.2963
1176	X26	51.13	51.13	58.63	5.97	0.38	0.38	0.00	0.1317	0.1609	0.1792	0.1846	0.1872	0.1926	0.2007	0.2102	0.2193	0.2179	0.2167	0.2350	0.2685	0.2890	0.2806	0.2611	0.2421	0.2151	0.1797	0.1530	0.1593	0.2077	0.2496	0.2629	0.2672	0.2704	0.2771	0.2908	0.3072	0.3154	0.3115	0.3019	0.2888	0.2801	0.2862	0.3066
1177	X27	49.34	56.56	44.63	2.42	0.02	0.00	9.40	0.1373	0.1773	0.2046	0.2181	0.2251	0.2345	0.2448	0.2534	0.2562	0.2459	0.2333	0.2322	0.2367	0.2284	0.2030	0.1800	0.1654	0.1454	0.1181	0.0994	0.1126	0.1690	0.2198	0.2365	0.2402	0.2440	0.2535	0.2715	0.2927	0.3040	0.3019	0.2929	0.2792	0.2698	0.2767	0.2986
1178	X28	51.13	58.63	51.13	5.97	0.38	0.00	0.38	0.1311	0.1600	0.1784	0.1868	0.1913	0.1986	0.2076	0.2162	0.2208	0.2141	0.2067	0.2142	0.2304	0.2335	0.2154	0.1953	0.1797	0.1567	0.1259	0.1042	0.1175	0.1775	0.2300	0.2471	0.2526	0.2567	0.2640	0.2784	0.2959	0.3047	0.3009	0.2911	0.2772	0.2676	0.2739	0.2950
1179	X29	51.35	57.09	57.07	5.70	8.65	0.13	0.12	0.1172	0.1415	0.1555	0.1600	0.1611	0.1661	0.1723	0.1791	0.1825	0.1760	0.1696	0.1781	0.1966	0.2049	0.1935	0.1779	0.1654	0.1472	0.1234	0.1079	0.1229	0.1794	0.2274	0.2426	0.2476	0.2514	0.2586	0.2730	0.2905	0.2992	0.2955	0.2855	0.2718	0.2624	0.2691	0.2904
1180	X30	56.56	44.63	49.34	2.42	0.00	9.40	0.02	0.1330	0.1720	0.1990	0.2124	0.2195	0.2288	0.2406	0.2538	0.2660	0.2665	0.2656	0.2840	0.3162	0.3339	0.3208	0.2957	0.2704	0.2358	0.1924	0.1589	0.1562	0.1856	0.2051	0.2053	0.2043	0.2055	0.2109	0.2237	0.2405	0.2507	0.2499	0.2437	0.2326	0.2243	0.2306	0.2524
1181	X31	55.54	44.74	55.58	2.38	0.04	17.29	0.11	0.1176	0.1487	0.1700	0.1804	0.1873	0.1955	0.2069	0.2214	0.2367	0.2404	0.2429	0.2656	0.3041	0.3281	0.3187	0.2944	0.2687	0.2341	0.1908	0.1570	0.1523	0.1764	0.1908	0.1886	0.1863	0.1868	0.1912	0.2022	0.2175	0.2276	0.2291	0.2257	0.2182	0.2122	0.2181	0.2375
1182	X32	56.56	49.34	44.63	2.42	0.00	0.02	9.40	0.1305	0.1752	0.2049	0.2211	0.2294	0.2397	0.2510	0.2609	0.2659	0.2583	0.2482	0.2514	0.2618	0.2586	0.2347	0.2094	0.1906	0.1659	0.1336	0.1100	0.1147	0.1522	0.1825	0.1891	0.1900	0.1930	0.2020	0.2197	0.2411	0.2524	0.2498	0.2407	0.2271	0.2178	0.2252	0.2483
1183	X33	58.63	51.13	51.13	5.97	0.00	0.38	0.38	0.1216	0.1605	0.1851	0.1958	0.2013	0.2086	0.2178	0.2279	0.2352	0.2319	0.2280	0.2416	0.2673	0.2793	0.2646	0.2417	0.2204	0.1905	0.1522	0.1235	0.1246	0.1591	0.1852	0.1895	0.1908	0.1937	0.2011	0.2169	0.2361	0.2458	0.2417	0.2315	0.2169	0.2071	0.2146	0.2387
1184	X34	57.07	51.35	57.09	5.70	0.12	8.65	0.13	0.1082	0.1384	0.1563	0.1657	0.1693	0.1768	0.1860	0.1973	0.2077	0.2076	0.2071	0.2246	0.2560	0.2735	0.2621	0.2405	0.2195	0.1900	0.1529	0.1247	0.1250	0.1568	0.1796	0.1818	0.1817	0.1835	0.1892	0.2022	0.2190	0.2288	0.2278	0.2211	0.2104	0.2029	0.2095	0.2307
1185	X35	55.54	55.58	44.74	2.38	0.04	0.11	17.29	0.1189	0.1603	0.1893	0.2043	0.2126	0.2225	0.2337	0.2422	0.2446	0.2341	0.2207	0.2177	0.2203	0.2113	0.1861	0.1632	0.1480	0.1289	0.1032	0.0854	0.0925	0.1305	0.1623	0.1697	0.1702	0.1729	0.1822	0.2008	0.2234	0.2364	0.2352	0.2268	0.2135	0.2041	0.2113	0.2349
1186	X36	57.07	57.09	51.35	5.70	0.12	0.13	8.65	0.1121	0.1454	0.1689	0.1795	0.1845	0.1928	0.2019	0.2105	0.2157	0.2091	0.2011	0.2064	0.2195	0.2201	0.2000	0.1785	0.1622	0.1405	0.1120	0.0917	0.0975	0.1355	0.1671	0.1743	0.1756	0.1785	0.1871	0.2044	0.2251	0.2362	0.2339	0.2249	0.2113	0.2024	0.2097	0.2329
1187	X37	50.84	50.84	50.84	4.23	0.46	0.46	0.46	0.1335	0.1695	0.1897	0.1978	0.2024	0.2093	0.2187	0.2284	0.2360	0.2318	0.2273	0.2408	0.2666	0.2787	0.2643	0.2428	0.2237	0.1959	0.1595	0.1321	0.1394	0.1882	0.2275	0.2379	0.2412	0.2451	0.2528	0.2680	0.2867	0.2957	0.2918	0.2815	0.2670	0.2578	0.2650	0.2884
1188	X38	47.39	47.39	63.30	4.96	6.32	6.32	0.00	0.1125	0.1348	0.1474	0.1492	0.1501	0.1550	0.1622	0.1715	0.1804	0.1799	0.1795	0.1985	0.2330	0.2561	0.2517	0.2357	0.2201	0.1974	0.1675	0.1451	0.1531	0.1990	0.2356	0.2447	0.2469	0.2492	0.2551	0.2678	0.2839	0.2931	0.2917	0.2850	0.2744	0.2672	0.2732	0.2931
1189	X39	50.10	56.70	56.76	5.06	5.28	0.36	0.42	0.1214	0.1462	0.1581	0.1619	0.1636	0.1689	0.1763	0.1834	0.1878	0.1821	0.1764	0.1865	0.2077	0.2167	0.2040	0.1873	0.1739	0.1539	0.1267	0.1077	0.1223	0.1818	0.2327	0.2491	0.2544	0.2584	0.2655	0.2800	0.2977	0.3065	0.3025	0.2923	0.2785	0.2692	0.2757	0.2977
1190	X40	48.54	54.97	63.20	5.65	10.44	2.58	0.00	0.1137	0.1312	0.1392	0.1404	0.1407	0.1439	0.1495	0.1565	0.1615	0.1567	0.1526	0.1639	0.1875	0.2005	0.1919	0.1780	0.1671	0.1507	0.1278	0.1125	0.1298	0.1926	0.2462	0.2640	0.2694	0.2731	0.2797	0.2929	0.3096	0.3180	0.3150	0.3063	0.2940	0.2856	0.2919	0.3124
1191	X41	47.39	63.30	47.39	4.96	6.32	0.00	6.32	0.1278	0.1553	0.1702	0.1765	0.1795	0.1855	0.1927	0.1984	0.1990	0.1882	0.1763	0.1768	0.1839	0.1808	0.1628	0.1461	0.1355	0.1204	0.0992	0.0853	0.1038	0.1694	0.2283	0.2491	0.2552	0.2597	0.2686	0.2850	0.3038	0.3138	0.3115	0.3027	0.2899	0.2813	0.2879	0.3090
1192	X42	48.54	63.20	54.97	5.65	10.44	0.00	2.58	0.1197	0.1410	0.1510	0.1543	0.1562	0.1602	0.1666	0.1718	0.1729	0.1639	0.1544	0.1582	0.1696	0.1710	0.1561	0.1413	0.1319	0.1177	0.0972	0.0843	0.1059	0.1781	0.2426	0.2663	0.2737	0.2784	0.2862	0.3004	0.3174	0.3259	0.3226	0.3132	0.3007	0.2924	0.2985	0.3191
1193	X43	48.71	62.01	62.01	5.48	15.93	1.25	1.25	0.1117	0.1272	0.1342	0.1341	0.1338	0.1369	0.1416	0.1465	0.1479	0.1404	0.1331	0.1396	0.1544	0.1596	0.1480	0.1355	0.1278	0.1155	0.0975	0.0868	0.1125	0.1924	0.2631	0.2896	0.2983	0.3030	0.3097	0.3226	0.3381	0.3455	0.3418	0.3324	0.3198	0.3112	0.3171	0.3367
1194	X44	56.76	50.10	56.70	5.06	0.42	5.28	0.36	0.1155	0.1461	0.1625	0.1689	0.1728	0.1794	0.1885	0.1996	0.2094	0.2079	0.2058	0.2230	0.2536	0.2692	0.2555	0.2334	0.2136	0.1850	0.1478	0.1204	0.1272	0.1720	0.2060	0.2134	0.2151	0.2173	0.2236	0.2371	0.2541	0.2637	0.2616	0.2536	0.2413	0.2327	0.2391	0.2608
1195	X45	54.97	48.54	63.20	5.65	2.58	10.44	0.00	0.1017	0.1264	0.1408	0.1456	0.1482	0.1546	0.1633	0.1740	0.1847	0.1858	0.1862	0.2059	0.2411	0.2627	0.2543	0.2348	0.2158	0.1887	0.1535	0.1268	0.1312	0.1696	0.1975	0.2018	0.2018	0.2034	0.2083	0.2201	0.2361	0.2460	0.2458	0.2406	0.2312	0.2242	0.2302	0.2503
1196	X46	56.76	56.70	50.10	5.06	0.42	0.36	5.29	0.1183	0.1535	0.1739	0.1831	0.1885	0.1960	0.2056	0.2147	0.2193	0.2124	0.2036	0.2094	0.2235	0.2235	0.2024	0.1800	0.1635	0.1407	0.1107	0.0897	0.1000	0.1486	0.1883	0.1992	0.2019	0.2052	0.2134	0.2298	0.2497	0.2603	0.2572	0.2474	0.2330	0.2235	0.2305	0.2535
1197	X47	55.48	55.42	63.75	9.86	5.17	5.12	0.00	0.0947	0.1157	0.1256	0.1273	0.1285	0.1333	0.1397	0.1478	0.1543	0.1519	0.1492	0.1626	0.1873	0.2005	0.1905	0.1743	0.1613	0.1418	0.1156	0.0974	0.1090	0.1575	0.1957	0.2057	0.2084	0.2110	0.2169	0.2295	0.2454	0.2545	0.2528	0.2459	0.2347	0.2268	0.2332	0.2532
1198	X48	54.97	63.20	48.54	5.65	2.58	0.00	10.44	0.1088	0.1390	0.1582	0.1668	0.1716	0.1798	0.1885	0.1951	0.1964	0.1856	0.1730	0.1709	0.1735	0.1647	0.1417	0.1227	0.1113	0.0960	0.0754	0.0622	0.0767	0.1304	0.1784	0.1938	0.1976	0.2014	0.2108	0.2282	0.2486	0.2603	0.2586	0.2502	0.2375	0.2289	0.2356	0.2576
1199	X49	55.43	63.70	55.49	9.84	5.18	0.00	5.23	0.0981	0.1211	0.1328	0.1373	0.1400	0.1456	0.1527	0.1592	0.1616	0.1542	0.1461	0.1496	0.1595	0.1578	0.1397	0.1229	0.1123	0.0970	0.0764	0.0635	0.0794	0.1360	0.1851	0.2012	0.2060	0.2101	0.2179	0.2331	0.2510	0.2605	0.2581	0.2494	0.2369	0.2286	0.2354	0.2560
1200	X50	56.44	63.96	63.96	10.52	6.93	0.00	0.00	0.0903	0.1088	0.1174	0.1196	0.1202	0.1240	0.1301	0.1366	0.1403	0.1349	0.1297	0.1380	0.1548	0.1603	0.1472	0.1322	0.1215	0.1055	0.0838	0.0701	0.0858	0.1427	0.1920	0.2081	0.2133	0.2172	0.2242	0.2379	0.2545	0.2627	0.2593	0.2500	0.2371	0.2287	0.2354	0.2561
1201	Y1	63.30	47.39	47.39	4.96	0.00	6.32	6.32	0.1133	0.1554	0.1865	0.2044	0.2157	0.2284	0.2428	0.2564	0.2667	0.2654	0.2600	0.2679	0.2844	0.2876	0.2664	0.2394	0.2154	0.1849	0.1473	0.1190	0.1166	0.1420	0.1618	0.1643	0.1640	0.1656	0.1718	0.1858	0.2037	0.2140	0.2128	0.2059	0.1942	0.1862	0.1926	0.2137
1202	Y2	63.20	48.54	54.97	5.65	0.00	10.44	2.58	0.1000	0.1368	0.1618	0.1746	0.1825	0.1929	0.2059	0.2202	0.2345	0.2375	0.2380	0.2545	0.2823	0.2951	0.2791	0.2525	0.2267	0.1926	0.1515	0.1199	0.1148	0.1379	0.1544	0.1551	0.1542	0.1555	0.1609	0.1737	0.1908	0.2009	0.1999	0.1931	0.1820	0.1740	0.1805	0.2018
1203	Y3	62.01	48.71	62.01	5.48	1.25	15.93	1.25	0.0911	0.1183	0.1367	0.1464	0.1530	0.1620	0.1740	0.1892	0.2051	0.2112	0.2151	0.2367	0.2714	0.2913	0.2795	0.2545	0.2285	0.1941	0.1527	0.1209	0.1159	0.1386	0.1543	0.1540	0.1528	0.1538	0.1581	0.1694	0.1848	0.1945	0.1950	0.1903	0.1810	0.1743	0.1807	0.2006
1204	Y4	63.20	54.97	48.54	5.65	0.00	2.58	10.44	0.1046	0.1450	0.1735	0.1896	0.1980	0.2076	0.2197	0.2300	0.2357	0.2290	0.2193	0.2216	0.2311	0.2280	0.2051	0.1808	0.1624	0.1387	0.1086	0.0869	0.0895	0.1201	0.1437	0.1475	0.1473	0.1494	0.1570	0.1733	0.1936	0.2052	0.2031	0.1944	0.1807	0.1713	0.1785	0.2024
1205	Y5	63.70	55.43	55.49	9.84	0.00	5.17	5.23	0.0934	0.1244	0.1442	0.1544	0.1597	0.1672	0.1768	0.1872	0.1950	0.1930	0.1891	0.1994	0.2180	0.2236	0.2068	0.1853	0.1671	0.1425	0.1115	0.0890	0.0905	0.1196	0.1414	0.1446	0.1446	0.1467	0.1534	0.1677	0.1857	0.1959	0.1938	0.1860	0.1738	0.1658	0.1730	0.1951
1206	Y6	63.96	56.44	63.96	10.52	0.00	6.93	0.00	0.0855	0.1110	0.1254	0.1319	0.1361	0.1423	0.1508	0.1607	0.1706	0.1711	0.1708	0.1868	0.2142	0.2281	0.2163	0.1961	0.1770	0.1505	0.1177	0.0933	0.0941	0.1233	0.1448	0.1477	0.1480	0.1497	0.1555	0.1685	0.1852	0.1946	0.1925	0.1852	0.1733	0.1651	0.1718	0.1934
1207	Y7	62.01	62.01	48.71	5.48	1.25	1.25	15.93	0.0958	0.1319	0.1578	0.1720	0.1796	0.1885	0.1992	0.2077	0.2097	0.1998	0.1869	0.1837	0.1855	0.1766	0.1527	0.1316	0.1180	0.1007	0.0783	0.0633	0.0708	0.1073	0.1379	0.1454	0.1461	0.1487	0.1573	0.1748	0.1962	0.2084	0.2068	0.1978	0.1841	0.1750	0.1822	0.2052
1208	Y8	63.96	63.96	56.44	10.52	0.00	0.00	6.93	0.0866	0.1149	0.1345	0.1435	0.1484	0.1546	0.1634	0.1716	0.1762	0.1708	0.1639	0.1690	0.1810	0.1811	0.1626	0.1433	0.1287	0.1092	0.0844	0.0673	0.0732	0.1080	0.1369	0.1436	0.1449	0.1477	0.1552	0.1708	0.1903	0.2004	0.1977	0.1884	0.1749	0.1659	0.1735	0.1960
1209	Y9	63.61	63.61	63.61	14.05	3.66	3.66	3.66	0.0783	0.1027	0.1157	0.1208	0.1235	0.1282	0.1354	0.1426	0.1477	0.1440	0.1397	0.1484	0.1652	0.1706	0.1572	0.1406	0.1271	0.1086	0.0856	0.0701	0.0768	0.1113	0.1391	0.1452	0.1467	0.1491	0.1557	0.1696	0.1873	0.1969	0.1944	0.1861	0.1736	0.1654	0.1726	0.1946
1210	Y10	53.87	60.49	69.45	11.40	13.84	5.85	0.00	0.0799	0.0959	0.1020	0.1033	0.1041	0.1071	0.1125	0.1182	0.1227	0.1193	0.1160	0.1260	0.1447	0.1538	0.1453	0.1325	0.1222	0.1082	0.0910	0.0820	0.0980	0.1478	0.1899	0.2031	0.2069	0.2102	0.2165	0.2291	0.2447	0.2535	0.2514	0.2447	0.2343	0.2270	0.2336	0.2536
1211	Y11	53.87	69.45	60.49	11.40	13.84	0.00	5.85	0.0840	0.1003	0.1098	0.1130	0.1143	0.1180	0.1238	0.1276	0.1276	0.1195	0.1111	0.1126	0.1198	0.1191	0.1061	0.0935	0.0853	0.0747	0.0615	0.0557	0.0734	0.1288	0.1802	0.1986	0.2043	0.2084	0.2165	0.2315	0.2494	0.2588	0.2559	0.2470	0.2349	0.2268	0.2335	0.2550
1212	Y12	53.06	68.33	68.33	10.30	14.38	2.59	2.59	0.0847	0.0980	0.1052	0.1061	0.1071	0.1104	0.1148	0.1193	0.1212	0.1148	0.1085	0.1139	0.1262	0.1290	0.1172	0.1043	0.0957	0.0840	0.0695	0.0629	0.0823	0.1422	0.1961	0.2151	0.2210	0.2251	0.2325	0.2467	0.2641	0.2731	0.2700	0.2614	0.2491	0.2408	0.2475	0.2684
1213	Y13	60.49	53.87	69.45	11.40	5.85	13.84	0.00	0.0766	0.0969	0.1075	0.1112	0.1141	0.1189	0.1268	0.1361	0.1457	0.1464	0.1467	0.1629	0.1898	0.2050	0.1962	0.1792	0.1629	0.1405	0.1133	0.0943	0.0984	0.1288	0.1502	0.1526	0.1525	0.1541	0.1587	0.1698	0.1848	0.1939	0.1937	0.1887	0.1797	0.1729	0.1794	0.1988
1214	Y14	60.78	60.78	68.55	15.57	7.20	7.20	0.00	0.0741	0.0933	0.1027	0.1064	0.1081	0.1120	0.1184	0.1258	0.1320	0.1298	0.1271	0.1381	0.1577	0.1665	0.1564	0.1415	0.1287	0.1108	0.0887	0.0742	0.0819	0.1172	0.1449	0.1507	0.1523	0.1544	0.1596	0.1716	0.1872	0.1962	0.1948	0.1882	0.1776	0.1700	0.1764	0.1963
1215	Y15	60.49	69.45	53.87	11.40	5.85	0.00	13.84	0.0806	0.1058	0.1201	0.1284	0.1319	0.1381	0.1459	0.1515	0.1517	0.1418	0.1305	0.1278	0.1295	0.1232	0.1056	0.0905	0.0815	0.0696	0.0546	0.0460	0.0566	0.0954	0.1296	0.1396	0.1416	0.1443	0.1522	0.1680	0.1873	0.1983	0.1965	0.1883	0.1760	0.1678	0.1750	0.1966
1216	Y16	60.78	68.55	60.78	15.57	7.20	0.00	7.20	0.0748	0.0968	0.1082	0.1127	0.1153	0.1195	0.1260	0.1316	0.1331	0.1260	0.1182	0.1204	0.1278	0.1263	0.1114	0.0973	0.0878	0.0752	0.0593	0.0502	0.0608	0.1005	0.1348	0.1447	0.1471	0.1504	0.1576	0.1722	0.1901	0.1995	0.1971	0.1883	0.1762	0.1683	0.1754	0.1968
1217	Y17	59.83	68.64	68.64	15.03	8.75	2.51	2.51	0.0718	0.0873	0.0959	0.0977	0.0984	0.1016	0.1065	0.1121	0.1157	0.1112	0.1065	0.1141	0.1283	0.1324	0.1205	0.1068	0.0967	0.0829	0.0657	0.0555	0.0673	0.1107	0.1475	0.1578	0.1609	0.1641	0.1708	0.1846	0.2018	0.2109	0.2076	0.1984	0.1857	0.1776	0.1846	0.2065
1218	Y18	69.45	53.87	60.49	11.40	0.00	13.84	5.85	0.0711	0.0966	0.1145	0.1231	0.1282	0.1358	0.1456	0.1568	0.1669	0.1688	0.1682	0.1814	0.2037	0.2127	0.1979	0.1761	0.1564	0.1305	0.0993	0.0763	0.0737	0.0926	0.1056	0.1049	0.1040	0.1052	0.1101	0.1219	0.1373	0.1466	0.1459	0.1402	0.1302	0.1238	0.1303	0.1497
1219	Y19	68.33	53.06	68.33	10.30	2.59	14.38	2.59	0.0701	0.0933	0.1045	0.1096	0.1142	0.1199	0.1283	0.1391	0.1501	0.1530	0.1550	0.1729	0.2032	0.2209	0.2113	0.1910	0.1704	0.1434	0.1109	0.0867	0.0833	0.1023	0.1149	0.1141	0.1130	0.1144	0.1194	0.1310	0.1464	0.1559	0.1552	0.1492	0.1394	0.1326	0.1391	0.1590
1220	Y20	69.45	60.49	53.87	11.40	0.00	5.85	13.84	0.0746	0.1046	0.1243	0.1358	0.1420	0.1501	0.1598	0.1687	0.1740	0.1692	0.1617	0.1644	0.1729	0.1706	0.1515	0.1319	0.1171	0.0980	0.0743	0.0580	0.0600	0.0834	0.1014	0.1033	0.1030	0.1046	0.1107	0.1239	0.1413	0.1515	0.1502	0.1431	0.1318	0.1243	0.1313	0.1519
1221	Y21	68.55	60.78	60.78	15.57	0.00	7.20	7.20	0.0662	0.0919	0.1077	0.1147	0.1187	0.1251	0.1335	0.1423	0.1492	0.1476	0.1442	0.1525	0.1682	0.1721	0.1570	0.1386	0.1234	0.1034	0.0785	0.0610	0.0625	0.0858	0.1035	0.1053	0.1048	0.1065	0.1119	0.1241	0.1399	0.1492	0.1479	0.1410	0.1304	0.1235	0.1298	0.1496
1222	Y22	68.64	59.83	68.64	15.03	2.51	8.75	2.51	0.0659	0.0846	0.0962	0.1003	0.1024	0.1075	0.1150	0.1233	0.1313	0.1316	0.1310	0.1443	0.1671	0.1779	0.1665	0.1489	0.1331	0.1114	0.0851	0.0662	0.0680	0.0934	0.1121	0.1141	0.1140	0.1155	0.1209	0.1329	0.1483	0.1573	0.1561	0.1494	0.1389	0.1317	0.1386	0.1587
1223	Y23	68.33	68.33	53.06	10.30	2.59	2.59	14.38	0.0780	0.1058	0.1238	0.1341	0.1400	0.1470	0.1557	0.1628	0.1636	0.1550	0.1440	0.1417	0.1440	0.1369	0.1171	0.0999	0.0889	0.0745	0.0564	0.0452	0.0523	0.0835	0.1089	0.1140	0.1143	0.1164	0.1234	0.1383	0.1570	0.1677	0.1659	0.1579	0.1454	0.1369	0.1440	0.1666
1224	Y24	68.64	68.64	59.83	15.03	2.51	2.51	8.75	0.0715	0.0941	0.1088	0.1158	0.1205	0.1260	0.1336	0.1400	0.1429	0.1363	0.1286	0.1306	0.1376	0.1341	0.1164	0.1002	0.0893	0.0746	0.0561	0.0446	0.0518	0.0835	0.1092	0.1145	0.1153	0.1177	0.1242	0.1382	0.1558	0.1655	0.1631	0.1550	0.1431	0.1350	0.1417	0.1630
1225	Y25	68.07	68.07	68.07	19.55	3.79	3.79	3.79	0.0647	0.0824	0.0919	0.0958	0.0982	0.1021	0.1079	0.1141	0.1179	0.1141	0.1096	0.1157	0.1275	0.1294	0.1157	0.1013	0.0903	0.0758	0.0577	0.0462	0.0534	0.0852	0.1109	0.1166	0.1179	0.1200	0.1257	0.1380	0.1534	0.1621	0.1604	0.1530	0.1419	0.1349	0.1414	0.1614
1226	Y26	56.38	56.38	75.96	17.35	11.11	11.11	0.00	0.0689	0.0815	0.0853	0.0865	0.0868	0.0893	0.0943	0.1009	0.1077	0.1082	0.1094	0.1249	0.1527	0.1720	0.1699	0.1585	0.1462	0.1295	0.1095	0.0962	0.1023	0.1342	0.1610	0.1683	0.1702	0.1720	0.1764	0.1861	0.1988	0.2071	0.2074	0.2031	0.1959	0.1911	0.1963	0.2122
1227	Y27	57.64	64.04	74.30	17.24	10.46	5.16	0.00	0.0675	0.0806	0.0842	0.0846	0.0843	0.0870	0.0916	0.0975	0.1025	0.1012	0.1001	0.1119	0.1335	0.1462	0.1406	0.1293	0.1194	0.1052	0.0875	0.0761	0.0851	0.1231	0.1560	0.1655	0.1682	0.1710	0.1764	0.1878	0.2023	0.2106	0.2093	0.2029	0.1929	0.1864	0.1925	0.2108
1228	Y28	56.38	75.96	56.38	17.35	11.11	0.00	11.11	0.0772	0.0922	0.1026	0.1061	0.1085	0.1131	0.1183	0.1216	0.1205	0.1111	0.1012	0.0983	0.0985	0.0917	0.0772	0.0659	0.0595	0.0513	0.0410	0.0358	0.0490	0.0943	0.1391	0.1552	0.1594	0.1629	0.1707	0.1850	0.2025	0.2122	0.2109	0.2039	0.1930	0.1861	0.1925	0.2113
1229	Y29	57.64	74.30	64.04	17.24	10.46	0.00	5.16	0.0766	0.0899	0.0974	0.0994	0.1001	0.1041	0.1092	0.1132	0.1136	0.1063	0.0990	0.1007	0.1069	0.1048	0.0916	0.0799	0.0727	0.0628	0.0499	0.0427	0.0564	0.1038	0.1482	0.1634	0.1679	0.1716	0.1787	0.1925	0.2090	0.2179	0.2160	0.2082	0.1968	0.1896	0.1962	0.2157
1230	Y30	60.01	72.92	72.97	18.17	11.69	0.00	0.01	0.0608	0.0749	0.0812	0.0804	0.0802	0.0830	0.0871	0.0914	0.0936	0.0895	0.0858	0.0921	0.1047	0.1086	0.0988	0.0877	0.0802	0.0692	0.0553	0.0473	0.0600	0.1052	0.1460	0.1590	0.1633	0.1667	0.1732	0.1859	0.2014	0.2097	0.2069	0.1989	0.1869	0.1795	0.1860	0.2059
1231	Y31	64.04	57.64	74.30	17.24	5.16	10.46	0.00	0.0658	0.0808	0.0876	0.0888	0.0896	0.0927	0.0981	0.1053	0.1129	0.1136	0.1145	0.1304	0.1580	0.1751	0.1697	0.1562	0.1432	0.1244	0.1006	0.0837	0.0865	0.1126	0.1313	0.1332	0.1328	0.1343	0.1391	0.1497	0.1640	0.1726	0.1719	0.1666	0.1578	0.1515	0.1577	0.1760
1232	Y32	64.25	64.25	74.99	23.23	4.17	4.17	0.00	0.0571	0.0707	0.0759	0.0771	0.0764	0.0800	0.0840	0.0893	0.0948	0.0947	0.0944	0.1068	0.1280	0.1398	0.1331	0.1214	0.1109	0.0958	0.0765	0.0631	0.0681	0.0965	0.1190	0.1234	0.1244	0.1264	0.1315	0.1427	0.1570	0.1647	0.1627	0.1563	0.1465	0.1402	0.1463	0.1646
1233	Y33	64.04	74.30	57.64	17.24	5.16	0.00	10.46	0.0717	0.0916	0.1037	0.1092	0.1125	0.1175	0.1231	0.1280	0.1286	0.1207	0.1116	0.1111	0.1140	0.1086	0.0928	0.0795	0.0716	0.0606	0.0471	0.0390	0.0485	0.0839	0.1153	0.1241	0.1259	0.1285	0.1357	0.1498	0.1673	0.1772	0.1756	0.1680	0.1565	0.1495	0.1567	0.1765
1234	Y34	64.25	74.99	64.25	23.23	4.17	0.00	4.17	0.0597	0.0754	0.0833	0.0867	0.0886	0.0927	0.0975	0.1025	0.1046	0.0998	0.0943	0.0974	0.1046	0.1034	0.0904	0.0783	0.0704	0.0595	0.0457	0.0376	0.0469	0.0817	0.1119	0.1204	0.1226	0.1253	0.1315	0.1437	0.1589	0.1671	0.1650	0.1578	0.1472	0.1409	0.1475	0.1661
1235	Y35	66.78	73.80	73.80	23.98	5.32	0.00	0.00	0.0530	0.0643	0.0698	0.0706	0.0712	0.0731	0.0770	0.0817	0.0854	0.0825	0.0801	0.0876	0.1009	0.1050	0.0949	0.0832	0.0749	0.0629	0.0480	0.0392	0.0476	0.0807	0.1079	0.1146	0.1164	0.1188	0.1243	0.1360	0.1506	0.1583	0.1555	0.1478	0.1370	0.1298	0.1366	0.1557
1236	Y36	75.96	56.38	56.38	17.35	0.00	11.11	11.11	0.0645	0.0910	0.1109	0.1208	0.1265	0.1343	0.1438	0.1528	0.1600	0.1585	0.1552	0.1629	0.1772	0.1799	0.1643	0.1446	0.1274	0.1055	0.0796	0.0609	0.0579	0.0705	0.0783	0.0762	0.0745	0.0752	0.0798	0.0901	0.1039	0.1124	0.1119	0.1065	0.0975	0.0915	0.0977	0.1152
1237	Y37	74.30	57.64	64.04	17.24	0.00	10.46	5.16	0.0628	0.0875	0.1018	0.1091	0.1129	0.1192	0.1276	0.1363	0.1442	0.1437	0.1428	0.1550	0.1768	0.1868	0.1747	0.1560	0.1379	0.1145	0.0865	0.0661	0.0635	0.0789	0.0888	0.0873	0.0856	0.0867	0.0914	0.1020	0.1164	0.1252	0.1243	0.1185	0.1088	0.1026	0.1088	0.1281
1238	Y38	72.97	60.01	72.92	18.17	0.01	11.69	0.00	0.0531	0.0717	0.0828	0.0860	0.0878	0.0925	0.0990	0.1077	0.1163	0.1179	0.1196	0.1368	0.1656	0.1827	0.1746	0.1575	0.1397	0.1157	0.0872	0.0663	0.0643	0.0821	0.0942	0.0935	0.0924	0.0936	0.0980	0.1085	0.1223	0.1306	0.1294	0.1238	0.1144	0.1084	0.1144	0.1333
1239	Y39	74.30	64.04	57.64	17.24	0.00	5.16	10.46	0.0664	0.0931	0.1113	0.1191	0.1242	0.1323	0.1410	0.1488	0.1537	0.1500	0.1444	0.1498	0.1616	0.1630	0.1472	0.1290	0.1143	0.0949	0.0717	0.0553	0.0555	0.0741	0.0879	0.0882	0.0871	0.0884	0.0938	0.1059	0.1215	0.1310	0.1297	0.1228	0.1121	0.1052	0.1118	0.1323
1240	Y40	74.99	64.25	64.25	23.23	0.00	4.17	4.17	0.0616	0.0809	0.0957	0.1023	0.1051	0.1107	0.1174	0.1244	0.1295	0.1269	0.1241	0.1321	0.1473	0.1523	0.1401	0.1243	0.1100	0.0910	0.0684	0.0525	0.0532	0.0719	0.0854	0.0858	0.0852	0.0866	0.0915	0.1024	0.1168	0.1250	0.1234	0.1165	0.1065	0.1001	0.1061	0.1250
1241	Y41	73.80	66.78	73.80	23.98	0.00	5.32	0.00	0.0555	0.0716	0.0808	0.0842	0.0856	0.0899	0.0959	0.1023	0.1081	0.1069	0.1057	0.1166	0.1353	0.1433	0.1327	0.1178	0.1045	0.0862	0.0642	0.0493	0.0518	0.0743	0.0910	0.0928	0.0928	0.0941	0.0988	0.1095	0.1234	0.1311	0.1295	0.1228	0.1125	0.1057	0.1120	0.1308
1242	Y42	72.92	72.97	60.01	18.17	0.00	0.01	11.69	0.0648	0.0906	0.1064	0.1130	0.1171	0.1234	0.1306	0.1370	0.1388	0.1318	0.1236	0.1242	0.1290	0.1240	0.1061	0.0903	0.0796	0.0657	0.0488	0.0384	0.0444	0.0712	0.0923	0.0960	0.0960	0.0979	0.1038	0.1169	0.1335	0.1427	0.1409	0.1330	0.1213	0.1138	0.1204	0.1413
1243	Y43	73.80	73.80	66.78	23.98	0.00	0.00	5.32	0.0605	0.0792	0.0895	0.0936	0.0961	0.1004	0.1070	0.1125	0.1153	0.1106	0.1055	0.1094	0.1182	0.1170	0.1019	0.0874	0.0772	0.0634	0.0468	0.0369	0.0435	0.0714	0.0936	0.0980	0.0986	0.1006	0.1060	0.1178	0.1329	0.1410	0.1386	0.1313	0.1201	0.1132	0.1200	0.1398
1244	Y44	74.28	74.28	74.28	29.85	0.00	0.00	0.00	0.0494	0.0635	0.0696	0.0705	0.0722	0.0748	0.0796	0.0848	0.0886	0.0865	0.0841	0.0918	0.1047	0.1075	0.0958	0.0830	0.0734	0.0603	0.0445	0.0350	0.0415	0.0683	0.0891	0.0931	0.0939	0.0957	0.1004	0.1108	0.1242	0.1313	0.1288	0.1214	0.1110	0.1049	0.1111	0.1294
1245	Y45	61.65	68.02	79.90	25.97	9.09	2.99	0.00	0.0530	0.0595	0.0617	0.0612	0.0600	0.0619	0.0650	0.0701	0.0747	0.0738	0.0736	0.0846	0.1033	0.1127	0.1061	0.0962	0.0886	0.0772	0.0622	0.0525	0.0629	0.1017	0.1346	0.1442	0.1470	0.1497	0.1551	0.1658	0.1794	0.1869	0.1850	0.1787	0.1690	0.1626	0.1683	0.1866
1246	Y46	61.65	79.90	68.01	25.97	9.09	0.00	3.00	0.0586	0.0687	0.0725	0.0729	0.0733	0.0755	0.0797	0.0837	0.0847	0.0794	0.0741	0.0764	0.0822	0.0798	0.0679	0.0576	0.0519	0.0438	0.0336	0.0284	0.0412	0.0844	0.1249	0.1393	0.1439	0.1472	0.1532	0.1649	0.1792	0.1870	0.1850	0.1779	0.1680	0.1618	0.1673	0.1851
1247	Y47	68.01	61.65	79.90	25.97	3.00	9.09	0.00	0.0458	0.0551	0.0579	0.0570	0.0562	0.0579	0.0621	0.0684	0.0757	0.0779	0.0804	0.0968	0.1240	0.1410	0.1361	0.1242	0.1132	0.0971	0.0765	0.0621	0.0664	0.0923	0.1109	0.1130	0.1130	0.1145	0.1187	0.1283	0.1413	0.1489	0.1482	0.1432	0.1346	0.1291	0.1350	0.1522
1248	Y48	69.05	69.05	79.94	33.06	2.02	2.02	0.00	0.0384	0.0474	0.0505	0.0491	0.0489	0.0508	0.0535	0.0584	0.0639	0.0646	0.0663	0.0787	0.0992	0.1103	0.1040	0.0934	0.0843	0.0714	0.0551	0.0445	0.0504	0.0776	0.0996	0.1043	0.1057	0.1076	0.1125	0.1227	0.1353	0.1422	0.1401	0.1335	0.1239	0.1181	0.1236	0.1406
1249	Y49	68.01	79.90	61.65	25.97	3.00	0.00	9.09	0.0543	0.0673	0.0743	0.0775	0.0799	0.0842	0.0895	0.0940	0.0953	0.0894	0.0828	0.0831	0.0860	0.0805	0.0658	0.0546	0.0482	0.0399	0.0297	0.0249	0.0352	0.0699	0.1015	0.1111	0.1133	0.1159	0.1222	0.1348	0.1497	0.1583	0.1570	0.1501	0.1399	0.1335	0.1393	0.1575
1250	Y50	69.05	79.94	69.05	33.06	2.02	0.00	2.02	0.0433	0.0550	0.0609	0.0640	0.0638	0.0669	0.0712	0.0756	0.0785	0.0750	0.0716	0.0758	0.0834	0.0822	0.0702	0.0592	0.0525	0.0432	0.0319	0.0262	0.0361	0.0694	0.0992	0.1081	0.1108	0.1133	0.1184	0.1287	0.1415	0.1483	0.1464	0.1399	0.1304	0.1247	0.1305	0.1474
1251	Z1	70.47	79.31	79.31	33.47	2.11	0.00	0.00	0.0458	0.0600	0.0658	0.0673	0.0681	0.0713	0.0753	0.0797	0.0830	0.0809	0.0791	0.0865	0.0996	0.1048	0.0967	0.0859	0.0769	0.0646	0.0502	0.0412	0.0457	0.0700	0.0923	0.0986	0.1001	0.1018	0.1059	0.1154	0.1275	0.1339	0.1313	0.1246	0.1150	0.1090	0.1143	0.1303
1252	Z2	79.90	61.65	68.01	25.97	0.00	9.09	3.00	0.0477	0.0696	0.0857	0.0926	0.0960	0.1021	0.1099	0.1182	0.1258	0.1265	0.1267	0.1383	0.1573	0.1661	0.1559	0.1392	0.1223	0.1001	0.0746	0.0562	0.0525	0.0632	0.0698	0.0679	0.0667	0.0673	0.0708	0.0798	0.0921	0.0992	0.0978	0.0920	0.0830	0.0774	0.0826	0.0990
1253	Z3	79.90	68.02	61.65	25.97	0.00	2.99	9.09	0.0473	0.0716	0.0875	0.0956	0.1003	0.1061	0.1137	0.1207	0.1250	0.1218	0.1178	0.1224	0.1319	0.1326	0.1191	0.1037	0.0910	0.0748	0.0560	0.0434	0.0435	0.0574	0.0673	0.0668	0.0656	0.0663	0.0703	0.0801	0.0934	0.1008	0.0993	0.0927	0.0831	0.0770	0.0824	0.0990
1254	Z4	79.94	69.05	69.05	33.06	0.00	2.02	2.02	0.0427	0.0589	0.0684	0.0734	0.0750	0.0778	0.0835	0.0896	0.0940	0.0933	0.0926	0.1017	0.1166	0.1227	0.1138	0.1010	0.0891	0.0732	0.0547	0.0422	0.0428	0.0574	0.0676	0.0674	0.0666	0.0676	0.0715	0.0805	0.0925	0.0989	0.0965	0.0897	0.0805	0.0748	0.0805	0.0969
1255	Z5	79.31	70.47	79.31	33.47	0.00	2.11	0.00	0.0375	0.0471	0.0515	0.0530	0.0531	0.0551	0.0590	0.0635	0.0685	0.0689	0.0702	0.0819	0.1007	0.1106	0.1038	0.0920	0.0812	0.0665	0.0495	0.0385	0.0404	0.0572	0.0693	0.0698	0.0694	0.0705	0.0743	0.0834	0.0953	0.1016	0.0993	0.0925	0.0831	0.0777	0.0831	0.0993
1256	Z6	79.31	79.31	70.47	33.47	0.00	0.00	2.11	0.0382	0.0486	0.0550	0.0576	0.0581	0.0616	0.0659	0.0703	0.0736	0.0716	0.0696	0.0757	0.0861	0.0881	0.0775	0.0663	0.0578	0.0466	0.0340	0.0271	0.0321	0.0527	0.0689	0.0713	0.0714	0.0725	0.0765	0.0854	0.0974	0.1038	0.1014	0.0949	0.0856	0.0799	0.0851	0.1011
1257	Z7	72.74	72.74	72.74	26.97	0.00	0.00	0.00	0.0447	0.0563	0.0634	0.0660	0.0664	0.0691	0.0736	0.0793	0.0838	0.0829	0.0820	0.0918	0.1080	0.1143	0.1037	0.0908	0.0806	0.0664	0.0493	0.0385	0.0440	0.0702	0.0907	0.0946	0.0954	0.0974	0.1023	0.1133	0.1275	0.1349	0.1321	0.1244	0.1129	0.1057	0.1119	0.1304
1258	Z8	62.86	62.86	86.23	35.37	5.51	5.51	0.00	0.0340	0.0403	0.0398	0.0383	0.0374	0.0384	0.0402	0.0444	0.0503	0.0527	0.0559	0.0711	0.0960	0.1129	0.1114	0.1029	0.0946	0.0826	0.0672	0.0570	0.0624	0.0882	0.1091	0.1142	0.1156	0.1176	0.1219	0.1309	0.1426	0.1489	0.1477	0.1428	0.1353	0.1302	0.1356	0.1508
1259	Z9	65.67	70.44	85.81	38.09	7.37	0.00	0.00	0.0337	0.0378	0.0381	0.0366	0.0353	0.0359	0.0384	0.0423	0.0466	0.0471	0.0484	0.0597	0.0778	0.0881	0.0840	0.0757	0.0690	0.0592	0.0476	0.0408	0.0480	0.0755	0.0987	0.1052	0.1071	0.1094	0.1138	0.1232	0.1351	0.1413	0.1395	0.1336	0.1243	0.1187	0.1245	0.1398
1260	Z10	62.86	86.23	62.86	35.37	5.51	0.00	5.51	0.0423	0.0529	0.0579	0.0592	0.0612	0.0650	0.0690	0.0720	0.0718	0.0665	0.0608	0.0607	0.0629	0.0589	0.0482	0.0398	0.0355	0.0296	0.0228	0.0203	0.0301	0.0628	0.0951	0.1067	0.1101	0.1128	0.1181	0.1286	0.1416	0.1486	0.1468	0.1407	0.1316	0.1262	0.1320	0.1479
1261	Z11	65.67	85.81	70.44	38.09	7.37	0.00	0.00	0.0408	0.0494	0.0528	0.0539	0.0542	0.0567	0.0602	0.0628	0.0630	0.0587	0.0548	0.0561	0.0600	0.0577	0.0483	0.0405	0.0358	0.0299	0.0230	0.0206	0.0301	0.0609	0.0907	0.1008	0.1040	0.1064	0.1112	0.1206	0.1326	0.1388	0.1368	0.1304	0.1217	0.1162	0.1216	0.1375
1262	Z12	66.66	84.15	84.15	36.68	6.55	0.00	0.00	0.0369	0.0428	0.0444	0.0445	0.0436	0.0453	0.0477	0.0507	0.0529	0.0505	0.0486	0.0536	0.0619	0.0629	0.0539	0.0453	0.0401	0.0334	0.0256	0.0222	0.0316	0.0630	0.0915	0.1004	0.1030	0.1052	0.1099	0.1199	0.1321	0.1388	0.1366	0.1301	0.1208	0.1147	0.1206	0.1371
1263	Z13	70.44	65.67	85.81	38.09	0.00	7.37	0.00	0.0376	0.0440	0.0472	0.0465	0.0464	0.0474	0.0506	0.0555	0.0616	0.0631	0.0657	0.0792	0.1010	0.1136	0.1084	0.0980	0.0881	0.0743	0.0573	0.0458	0.0482	0.0669	0.0801	0.0811	0.0808	0.0820	0.0856	0.0937	0.1047	0.1112	0.1102	0.1055	0.0975	0.0926	0.0979	0.1130
1264	Z14	73.69	73.69	84.61	44.84	0.00	0.00	0.00	0.0308	0.0379	0.0421	0.0429	0.0427	0.0438	0.0467	0.0507	0.0546	0.0545	0.0550	0.0641	0.0781	0.0843	0.0778	0.0687	0.0613	0.0512	0.0391	0.0319	0.0361	0.0546	0.0682	0.0701	0.0703	0.0713	0.0747	0.0826	0.0930	0.0987	0.0966	0.0910	0.0832	0.0784	0.0833	0.0976
1265	Z15	70.44	85.81	65.67	38.09	0.00	0.00	7.37	0.0372	0.0506	0.0592	0.0621	0.0637	0.0673	0.0718	0.0755	0.0758	0.0702	0.0643	0.0636	0.0650	0.0600	0.0484	0.0397	0.0348	0.0286	0.0218	0.0194	0.0272	0.0512	0.0724	0.0776	0.0785	0.0801	0.0843	0.0938	0.1059	0.1127	0.1112	0.1052	0.0968	0.0915	0.0969	0.1117
1266	Z16	73.69	84.61	73.69	44.84	0.00	0.00	0.00	0.0331	0.0411	0.0452	0.0470	0.0478	0.0505	0.0541	0.0577	0.0593	0.0565	0.0535	0.0564	0.0615	0.0598	0.0501	0.0416	0.0364	0.0297	0.0224	0.0196	0.0266	0.0483	0.0665	0.0707	0.0713	0.0727	0.0760	0.0841	0.0942	0.0996	0.0978	0.0922	0.0848	0.0799	0.0852	0.0993
1267	Z17	73.69	84.61	84.61	44.84	0.00	0.00	0.00	0.0261	0.0330	0.0339	0.0334	0.0335	0.0348	0.0370	0.0401	0.0431	0.0421	0.0418	0.0480	0.0575	0.0592	0.0510	0.0427	0.0374	0.0306	0.0232	0.0202	0.0272	0.0490	0.0674	0.0712	0.0716	0.0730	0.0764	0.0842	0.0947	0.1000	0.0980	0.0925	0.0844	0.0797	0.0851	0.0989
1268	Z18	86.23	62.86	62.86	35.37	0.00	5.51	5.51	0.0367	0.0548	0.0672	0.0735	0.0769	0.0819	0.0884	0.0953	0.1008	0.1008	0.0998	0.1078	0.1206	0.1245	0.1143	0.1003	0.0873	0.0708	0.0520	0.0391	0.0377	0.0474	0.0530	0.0512	0.0499	0.0502	0.0529	0.0604	0.0705	0.0763	0.0747	0.0697	0.0624	0.0581	0.0626	0.0762
1269	Z19	85.81	65.67	70.44	38.09	0.00	7.37	0.00	0.0322	0.0453	0.0531	0.0567	0.0586	0.0619	0.0667	0.0729	0.0786	0.0796	0.0810	0.0915	0.1083	0.1168	0.1100	0.0977	0.0852	0.0692	0.0510	0.0387	0.0374	0.0471	0.0528	0.0511	0.0499	0.0502	0.0526	0.0592	0.0684	0.0738	0.0725	0.0678	0.0611	0.0571	0.0618	0.0754
1270	Z20	84.15	66.66	84.15	36.68	0.00	6.55	0.00	0.0273	0.0352	0.0397	0.0398	0.0405	0.0421	0.0456	0.0504	0.0563	0.0588	0.0617	0.0757	0.0981	0.1120	0.1076	0.0961	0.0842	0.0685	0.0505	0.0385	0.0383	0.0499	0.0573	0.0561	0.0551	0.0554	0.0582	0.0653	0.0750	0.0805	0.0791	0.0740	0.0665	0.0622	0.0669	0.0808
1271	Z21	85.81	70.44	65.67	38.09	0.00	0.00	7.37	0.0338	0.0479	0.0580	0.0634	0.0651	0.0685	0.0734	0.0787	0.0824	0.0808	0.0788	0.0846	0.0943	0.0965	0.0867	0.0751	0.0653	0.0531	0.0394	0.0307	0.0321	0.0438	0.0511	0.0504	0.0491	0.0495	0.0522	0.0595	0.0696	0.0751	0.0733	0.0679	0.0603	0.0557	0.0603	0.0738
1272	Z22	84.61	73.69	73.69	44.84	0.00	0.00	0.00	0.0274	0.0394	0.0451	0.0477	0.0493	0.0517	0.0555	0.0599	0.0629	0.0625	0.0622	0.0693	0.0807	0.0850	0.0778	0.0683	0.0600	0.0489	0.0367	0.0293	0.0315	0.0444	0.0530	0.0527	0.0519	0.0523	0.0547	0.0614	0.0704	0.0752	0.0736	0.0683	0.0613	0.0570	0.0616	0.0741
1273	Z23	84.61	73.69	84.61	44.84	0.00	0.00	0.00	0.0247	0.0334	0.0375	0.0381	0.0379	0.0399	0.0430	0.0468	0.0503	0.0507	0.0519	0.0609	0.0755	0.0826	0.0769	0.0677	0.0595	0.0486	0.0365	0.0292	0.0315	0.0442	0.0524	0.0520	0.0511	0.0515	0.0540	0.0607	0.0694	0.0743	0.0726	0.0674	0.0603	0.0563	0.0609	0.0738
1274	Z24	84.15	84.15	66.66	36.68	0.00	0.00	6.55	0.0348	0.0472	0.0561	0.0599	0.0616	0.0654	0.0707	0.0746	0.0757	0.0714	0.0664	0.0670	0.0696	0.0656	0.0538	0.0442	0.0380	0.0304	0.0226	0.0193	0.0249	0.0426	0.0561	0.0575	0.0568	0.0572	0.0604	0.0683	0.0788	0.0848	0.0830	0.0774	0.0696	0.0646	0.0694	0.0842
1275	Z25	84.61	84.61	73.69	44.84	0.00	0.00	0.00	0.0287	0.0400	0.0457	0.0476	0.0489	0.0519	0.0556	0.0591	0.0604	0.0574	0.0546	0.0567	0.0611	0.0591	0.0496	0.0412	0.0355	0.0288	0.0216	0.0188	0.0244	0.0411	0.0537	0.0550	0.0545	0.0548	0.0573	0.0639	0.0728	0.0776	0.0757	0.0707	0.0637	0.0595	0.0639	0.0765
1276	Z26	83.17	83.17	83.17	51.42	0.00	0.00	0.00	0.0199	0.0271	0.0316	0.0328	0.0335	0.0355	0.0379	0.0411	0.0433	0.0430	0.0430	0.0487	0.0582	0.0619	0.0569	0.0499	0.0442	0.0367	0.0288	0.0245	0.0275	0.0398	0.0490	0.0494	0.0484	0.0483	0.0503	0.0559	0.0635	0.0676	0.0662	0.0619	0.0557	0.0523	0.0563	0.0672
1277	Z27	65.52	65.52	92.66	49.78	4.66	4.66	0.00	0.0253	0.0267	0.0251	0.0238	0.0223	0.0226	0.0248	0.0276	0.0317	0.0333	0.0368	0.0485	0.0675	0.0803	0.0800	0.0743	0.0683	0.0598	0.0493	0.0423	0.0455	0.0624	0.0764	0.0795	0.0800	0.0811	0.0842	0.0906	0.0987	0.1038	0.1031	0.0995	0.0940	0.0912	0.0954	0.1070
1278	Z28	68.11	80.17	92.22	52.41	0.00	0.00	0.00	0.0197	0.0215	0.0219	0.0207	0.0195	0.0204	0.0216	0.0242	0.0272	0.0281	0.0299	0.0381	0.0504	0.0566	0.0525	0.0464	0.0419	0.0355	0.0284	0.0247	0.0299	0.0487	0.0649	0.0690	0.0699	0.0709	0.0738	0.0801	0.0880	0.0923	0.0912	0.0876	0.0822	0.0789	0.0830	0.0937
1279	Z29	65.52	92.66	65.52	49.78	4.66	0.00	4.66	0.0279	0.0332	0.0357	0.0371	0.0380	0.0405	0.0433	0.0452	0.0447	0.0408	0.0374	0.0370	0.0375	0.0343	0.0277	0.0227	0.0203	0.0177	0.0153	0.0157	0.0226	0.0440	0.0665	0.0745	0.0764	0.0778	0.0811	0.0881	0.0968	0.1017	0.1010	0.0968	0.0910	0.0875	0.0922	0.1040
1280	Z30	68.11	92.22	80.17	52.41	0.00	0.00	0.00	0.0212	0.0245	0.0280	0.0287	0.0295	0.0307	0.0329	0.0347	0.0355	0.0340	0.0326	0.0347	0.0382	0.0370	0.0309	0.0259	0.0231	0.0199	0.0169	0.0169	0.0232	0.0423	0.0609	0.0666	0.0678	0.0689	0.0715	0.0777	0.0853	0.0895	0.0885	0.0847	0.0791	0.0759	0.0803	0.0917
1281	Z31	68.11	92.22	92.22	52.41	0.00	0.00	0.00	0.0180	0.0200	0.0215	0.0208	0.0202	0.0207	0.0221	0.0242	0.0260	0.0255	0.0258	0.0307	0.0374	0.0387	0.0334	0.0283	0.0251	0.0216	0.0182	0.0178	0.0240	0.0429	0.0614	0.0672	0.0684	0.0697	0.0725	0.0784	0.0863	0.0905	0.0895	0.0856	0.0803	0.0770	0.0815	0.0926
1282	Z32	80.17	68.11	92.22	52.41	0.00	0.00	0.00	0.0177	0.0231	0.0233	0.0227	0.0223	0.0231	0.0246	0.0278	0.0313	0.0328	0.0354	0.0461	0.0622	0.0723	0.0703	0.0637	0.0570	0.0481	0.0375	0.0310	0.0325	0.0428	0.0498	0.0494	0.0485	0.0488	0.0509	0.0564	0.0636	0.0677	0.0664	0.0625	0.0571	0.0542	0.0583	0.0687
1283	Z33	77.13	77.00	90.71	60.21	0.00	0.00	0.00	0.0185	0.0206	0.0209	0.0208	0.0208	0.0204	0.0217	0.0239	0.0260	0.0267	0.0281	0.0352	0.0454	0.0508	0.0479	0.0427	0.0384	0.0328	0.0266	0.0235	0.0266	0.0377	0.0459	0.0461	0.0454	0.0455	0.0472	0.0516	0.0575	0.0608	0.0599	0.0566	0.0524	0.0502	0.0538	0.0632
1284	Z34	80.17	92.22	68.11	52.41	0.00	0.00	0.00	0.0230	0.0282	0.0332	0.0345	0.0352	0.0379	0.0406	0.0428	0.0434	0.0409	0.0384	0.0391	0.0408	0.0383	0.0316	0.0262	0.0230	0.0195	0.0164	0.0161	0.0217	0.0365	0.0484	0.0499	0.0491	0.0491	0.0509	0.0561	0.0631	0.0670	0.0658	0.0619	0.0563	0.0533	0.0572	0.0679
1285	Z35	77.13	90.71	77.00	60.21	0.00	0.00	0.00	0.0167	0.0212	0.0244	0.0248	0.0258	0.0271	0.0295	0.0311	0.0316	0.0307	0.0299	0.0321	0.0351	0.0342	0.0291	0.0245	0.0217	0.0187	0.0160	0.0161	0.0212	0.0347	0.0450	0.0463	0.0454	0.0452	0.0467	0.0508	0.0566	0.0600	0.0589	0.0560	0.0516	0.0492	0.0529	0.0620
1286	Z36	77.13	90.63	90.63	60.19	0.00	0.00	0.00	0.0162	0.0174	0.0183	0.0193	0.0189	0.0194	0.0209	0.0224	0.0240	0.0240	0.0244	0.0284	0.0341	0.0352	0.0305	0.0258	0.0228	0.0197	0.0171	0.0169	0.0219	0.0352	0.0455	0.0466	0.0458	0.0456	0.0471	0.0513	0.0573	0.0605	0.0597	0.0562	0.0520	0.0494	0.0529	0.0620
1287	Z37	92.66	65.52	65.52	49.78	0.00	4.66	4.66	0.0249	0.0348	0.0430	0.0479	0.0505	0.0539	0.0584	0.0625	0.0657	0.0658	0.0658	0.0715	0.0810	0.0847	0.0788	0.0697	0.0605	0.0491	0.0367	0.0285	0.0277	0.0331	0.0352	0.0329	0.0312	0.0308	0.0320	0.0362	0.0423	0.0460	0.0450	0.0417	0.0370	0.0348	0.0383	0.0478
1288	Z38	92.22	68.11	80.17	52.41	0.00	0.00	0.00	0.0171	0.0284	0.0330	0.0347	0.0353	0.0376	0.0407	0.0440	0.0469	0.0475	0.0488	0.0568	0.0693	0.0762	0.0727	0.0650	0.0570	0.0467	0.0353	0.0280	0.0277	0.0339	0.0367	0.0348	0.0333	0.0330	0.0342	0.0383	0.0442	0.0476	0.0464	0.0429	0.0382	0.0357	0.0391	0.0483
1289	Z39	92.22	68.11	92.22	52.41	0.00	0.00	0.00	0.0139	0.0198	0.0223	0.0228	0.0227	0.0238	0.0256	0.0285	0.0322	0.0338	0.0362	0.0468	0.0633	0.0737	0.0715	0.0643	0.0563	0.0460	0.0348	0.0279	0.0279	0.0344	0.0376	0.0357	0.0340	0.0335	0.0348	0.0389	0.0450	0.0483	0.0468	0.0433	0.0386	0.0359	0.0396	0.0490
1290	Z40	92.22	80.17	68.11	52.41	0.00	0.00	0.00	0.0214	0.0306	0.0368	0.0409	0.0431	0.0459	0.0499	0.0531	0.0551	0.0532	0.0518	0.0548	0.0602	0.0606	0.0540	0.0466	0.0404	0.0329	0.0252	0.0212	0.0236	0.0327	0.0382	0.0370	0.0352	0.0346	0.0357	0.0397	0.0458	0.0491	0.0479	0.0442	0.0394	0.0368	0.0401	0.0494
1291	Z41	90.71	77.13	77.00	60.21	0.00	0.00	0.00	0.0198	0.0251	0.0284	0.0303	0.0311	0.0325	0.0349	0.0374	0.0394	0.0395	0.0396	0.0439	0.0508	0.0532	0.0492	0.0434	0.0381	0.0318	0.0251	0.0217	0.0239	0.0320	0.0365	0.0354	0.0337	0.0331	0.0341	0.0374	0.0425	0.0450	0.0443	0.0414	0.0376	0.0353	0.0382	0.0463
1292	Z42	90.63	77.13	90.63	60.19	0.00	0.00	0.00	0.0144	0.0196	0.0214	0.0218	0.0217	0.0222	0.0239	0.0262	0.0281	0.0289	0.0303	0.0371	0.0475	0.0528	0.0496	0.0438	0.0384	0.0319	0.0251	0.0219	0.0242	0.0328	0.0377	0.0365	0.0350	0.0345	0.0356	0.0391	0.0443	0.0472	0.0463	0.0433	0.0390	0.0370	0.0398	0.0479
1293	Z43	92.22	92.22	68.11	52.41	0.00	0.00	0.00	0.0233	0.0305	0.0355	0.0377	0.0386	0.0411	0.0448	0.0472	0.0474	0.0445	0.0415	0.0418	0.0430	0.0399	0.0327	0.0268	0.0233	0.0195	0.0161	0.0160	0.0211	0.0336	0.0422	0.0421	0.0404	0.0399	0.0411	0.0453	0.0515	0.0549	0.0537	0.0499	0.0448	0.0421	0.0457	0.0554
1294	Z44	90.63	90.63	77.13	60.19	0.00	0.00	0.00	0.0171	0.0220	0.0249	0.0263	0.0270	0.0290	0.0314	0.0337	0.0345	0.0330	0.0319	0.0341	0.0372	0.0361	0.0305	0.0255	0.0224	0.0191	0.0165	0.0166	0.0214	0.0327	0.0405	0.0401	0.0384	0.0378	0.0387	0.0421	0.0472	0.0499	0.0487	0.0458	0.0416	0.0395	0.0426	0.0508
1295	Z45	88.44	88.44	88.44	67.75	0.00	0.00	0.00	0.0119	0.0141	0.0166	0.0168	0.0165	0.0180	0.0193	0.0210	0.0221	0.0221	0.0225	0.0263	0.0313	0.0324	0.0285	0.0243	0.0213	0.0185	0.0163	0.0163	0.0207	0.0306	0.0367	0.0359	0.0341	0.0331	0.0337	0.0364	0.0405	0.0428	0.0418	0.0392	0.0359	0.0342	0.0371	0.0441
1296	Z46	68.81	68.81	98.98	67.03	0.00	0.00	0.00	0.0130	0.0144	0.0133	0.0128	0.0119	0.0120	0.0129	0.0147	0.0169	0.0184	0.0212	0.0300	0.0432	0.0516	0.0510	0.0467	0.0429	0.0376	0.0312	0.0274	0.0307	0.0432	0.0526	0.0544	0.0545	0.0552	0.0570	0.0612	0.0667	0.0699	0.0696	0.0670	0.0635	0.0617	0.0649	0.0731
1297	Z47	68.80	83.90	99.00	67.05	0.00	0.00	0.00	0.0124	0.0135	0.0132	0.0122	0.0120	0.0122	0.0129	0.0145	0.0160	0.0169	0.0187	0.0252	0.0340	0.0381	0.0349	0.0305	0.0276	0.0239	0.0201	0.0192	0.0242	0.0391	0.0521	0.0554	0.0560	0.0566	0.0584	0.0625	0.0678	0.0709	0.0706	0.0681	0.0646	0.0629	0.0661	0.0742
1298	Z48	68.81	98.98	68.81	67.03	0.00	0.00	0.00	0.0137	0.0184	0.0212	0.0216	0.0218	0.0233	0.0251	0.0263	0.0264	0.0248	0.0232	0.0238	0.0247	0.0231	0.0192	0.0162	0.0146	0.0135	0.0129	0.0142	0.0196	0.0342	0.0491	0.0537	0.0542	0.0544	0.0559	0.0598	0.0652	0.0681	0.0676	0.0651	0.0615	0.0594	0.0625	0.0710
1299	Z49	68.80	99.00	83.90	67.05	0.00	0.00	0.00	0.0163	0.0179	0.0172	0.0177	0.0181	0.0184	0.0196	0.0209	0.0215	0.0207	0.0204	0.0222	0.0248	0.0243	0.0205	0.0174	0.0156	0.0143	0.0135	0.0147	0.0199	0.0348	0.0503	0.0553	0.0558	0.0562	0.0578	0.0619	0.0673	0.0703	0.0696	0.0673	0.0634	0.0616	0.0647	0.0729
1300	Z50	68.80	99.00	99.00	67.05	0.00	0.00	0.00	0.0136	0.0132	0.0126	0.0129	0.0121	0.0126	0.0130	0.0141	0.0152	0.0153	0.0162	0.0201	0.0252	0.0260	0.0225	0.0190	0.0171	0.0155	0.0146	0.0156	0.0208	0.0355	0.0510	0.0558	0.0564	0.0568	0.0582	0.0621	0.0675	0.0707	0.0701	0.0674	0.0637	0.0617	0.0650	0.0732
1301	2A1	83.90	68.80	99.00	67.05	0.00	0.00	0.00	0.0113	0.0163	0.0174	0.0177	0.0169	0.0174	0.0182	0.0205	0.0232	0.0248	0.0275	0.0365	0.0510	0.0611	0.0611	0.0563	0.0506	0.0428	0.0342	0.0286	0.0285	0.0341	0.0374	0.0361	0.0348	0.0344	0.0353	0.0385	0.0435	0.0462	0.0452	0.0425	0.0386	0.0365	0.0394	0.0473
1302	2A2	79.28	79.28	97.06	75.78	0.00	0.00	0.00	0.0089	0.0114	0.0126	0.0133	0.0125	0.0124	0.0133	0.0144	0.0158	0.0164	0.0183	0.0240	0.0324	0.0373	0.0360	0.0325	0.0293	0.0255	0.0217	0.0202	0.0224	0.0296	0.0340	0.0333	0.0318	0.0312	0.0316	0.0339	0.0373	0.0391	0.0385	0.0367	0.0340	0.0325	0.0347	0.0407
1303	2A3	83.90	99.00	68.80	67.05	0.00	0.00	0.00	0.0125	0.0167	0.0196	0.0210	0.0222	0.0237	0.0255	0.0270	0.0267	0.0248	0.0237	0.0243	0.0252	0.0236	0.0198	0.0166	0.0148	0.0134	0.0128	0.0143	0.0190	0.0296	0.0374	0.0369	0.0348	0.0336	0.0338	0.0366	0.0407	0.0431	0.0421	0.0392	0.0356	0.0335	0.0364	0.0439
1304	2A4	79.28	97.06	79.28	75.78	0.00	0.00	0.00	0.0099	0.0144	0.0136	0.0144	0.0151	0.0161	0.0178	0.0184	0.0188	0.0180	0.0178	0.0195	0.0216	0.0212	0.0185	0.0156	0.0141	0.0129	0.0129	0.0143	0.0187	0.0284	0.0353	0.0348	0.0328	0.0314	0.0314	0.0331	0.0363	0.0380	0.0373	0.0355	0.0329	0.0314	0.0336	0.0393
1305	2A5	79.28	97.06	97.06	75.78	0.00	0.00	0.00	0.0079	0.0106	0.0108	0.0104	0.0106	0.0108	0.0118	0.0125	0.0130	0.0134	0.0144	0.0179	0.0220	0.0227	0.0203	0.0174	0.0155	0.0142	0.0138	0.0152	0.0194	0.0286	0.0352	0.0347	0.0326	0.0314	0.0313	0.0331	0.0362	0.0382	0.0374	0.0352	0.0325	0.0312	0.0336	0.0394
1306	2A6	98.98	68.81	68.81	67.03	0.00	0.00	0.00	0.0143	0.0206	0.0245	0.0260	0.0274	0.0301	0.0322	0.0349	0.0367	0.0367	0.0374	0.0416	0.0476	0.0500	0.0469	0.0417	0.0363	0.0298	0.0234	0.0197	0.0204	0.0245	0.0257	0.0238	0.0219	0.0209	0.0209	0.0226	0.0258	0.0275	0.0266	0.0246	0.0219	0.0209	0.0227	0.0277
1307	2A7	99.00	68.80	83.90	67.05	0.00	0.00	0.00	0.0123	0.0163	0.0186	0.0193	0.0202	0.0215	0.0238	0.0258	0.0275	0.0282	0.0299	0.0358	0.0444	0.0493	0.0470	0.0419	0.0364	0.0300	0.0234	0.0199	0.0203	0.0244	0.0254	0.0232	0.0213	0.0205	0.0202	0.0220	0.0251	0.0269	0.0260	0.0239	0.0211	0.0198	0.0218	0.0276
1308	2A8	99.00	68.80	99.00	67.05	0.00	0.00	0.00	0.0120	0.0132	0.0135	0.0132	0.0126	0.0125	0.0131	0.0146	0.0169	0.0181	0.0207	0.0286	0.0406	0.0482	0.0473	0.0422	0.0368	0.0302	0.0237	0.0200	0.0206	0.0248	0.0259	0.0237	0.0216	0.0207	0.0208	0.0226	0.0257	0.0273	0.0265	0.0244	0.0215	0.0204	0.0226	0.0280
1309	2A9	99.00	83.90	68.80	67.05	0.00	0.00	0.00	0.0122	0.0183	0.0205	0.0226	0.0239	0.0256	0.0280	0.0301	0.0312	0.0304	0.0300	0.0328	0.0363	0.0364	0.0322	0.0277	0.0238	0.0197	0.0162	0.0155	0.0184	0.0251	0.0279	0.0257	0.0232	0.0219	0.0215	0.0230	0.0262	0.0278	0.0270	0.0249	0.0219	0.0205	0.0229	0.0286
1310	2A10	97.06	79.28	79.28	75.78	0.00	0.00	0.00	0.0098	0.0135	0.0162	0.0165	0.0175	0.0191	0.0200	0.0215	0.0229	0.0228	0.0236	0.0271	0.0318	0.0337	0.0310	0.0272	0.0239	0.0203	0.0172	0.0163	0.0186	0.0239	0.0258	0.0238	0.0214	0.0199	0.0197	0.0208	0.0230	0.0244	0.0235	0.0219	0.0195	0.0187	0.0204	0.0251
1311	2A11	97.06	79.28	97.06	75.78	0.00	0.00	0.00	0.0102	0.0112	0.0123	0.0115	0.0112	0.0115	0.0123	0.0135	0.0145	0.0151	0.0169	0.0221	0.0295	0.0333	0.0314	0.0278	0.0242	0.0205	0.0175	0.0168	0.0191	0.0241	0.0258	0.0236	0.0214	0.0201	0.0197	0.0209	0.0231	0.0241	0.0233	0.0218	0.0198	0.0190	0.0209	0.0254
1312	2A12	99.00	99.00	68.80	67.05	0.00	0.00	0.00	0.0114	0.0160	0.0182	0.0196	0.0198	0.0214	0.0238	0.0253	0.0256	0.0239	0.0226	0.0231	0.0242	0.0228	0.0190	0.0158	0.0141	0.0126	0.0123	0.0138	0.0181	0.0264	0.0306	0.0286	0.0254	0.0235	0.0226	0.0239	0.0266	0.0280	0.0268	0.0247	0.0218	0.0206	0.0227	0.0280
1313	2A13	97.06	97.06	79.28	75.78	0.00	0.00	0.00	0.0109	0.0120	0.0140	0.0141	0.0150	0.0160	0.0171	0.0183	0.0186	0.0179	0.0179	0.0195	0.0215	0.0212	0.0184	0.0157	0.0140	0.0129	0.0127	0.0143	0.0185	0.0260	0.0297	0.0273	0.0244	0.0224	0.0214	0.0222	0.0242	0.0253	0.0245	0.0229	0.0206	0.0196	0.0213	0.0255
1314	2A14	93.68	93.68	93.68	84.30	0.00	0.00	0.00	0.0060	0.0086	0.0101	0.0106	0.0105	0.0103	0.0113	0.0121	0.0126	0.0126	0.0135	0.0166	0.0199	0.0206	0.0185	0.0159	0.0143	0.0133	0.0132	0.0147	0.0187	0.0256	0.0286	0.0261	0.0232	0.0213	0.0202	0.0206	0.0221	0.0227	0.0221	0.0206	0.0189	0.0181	0.0196	0.0234
1315	2A15	78.99	78.99	95.82	73.01	0.00	0.00	0.00	0.0106	0.0109	0.0115	0.0117	0.0114	0.0117	0.0123	0.0137	0.0154	0.0159	0.0178	0.0233	0.0312	0.0351	0.0330	0.0295	0.0263	0.0231	0.0198	0.0187	0.0219	0.0303	0.0357	0.0351	0.0339	0.0335	0.0342	0.0368	0.0407	0.0429	0.0421	0.0398	0.0373	0.0357	0.0381	0.0443
1316	2A16	78.99	95.82	78.99	73.01	0.00	0.00	0.00	0.0104	0.0132	0.0146	0.0142	0.0157	0.0167	0.0180	0.0192	0.0197	0.0186	0.0184	0.0203	0.0224	0.0220	0.0190	0.0162	0.0143	0.0131	0.0126	0.0140	0.0186	0.0288	0.0362	0.0362	0.0343	0.0333	0.0337	0.0361	0.0397	0.0418	0.0411	0.0387	0.0357	0.0340	0.0367	0.0428
1317	2A17	78.99	95.82	95.82	73.01	0.00	0.00	0.00	0.0089	0.0109	0.0115	0.0111	0.0115	0.0114	0.0122	0.0132	0.0140	0.0138	0.0147	0.0183	0.0228	0.0238	0.0210	0.0177	0.0158	0.0144	0.0138	0.0150	0.0193	0.0295	0.0368	0.0368	0.0348	0.0338	0.0341	0.0365	0.0403	0.0424	0.0415	0.0392	0.0361	0.0346	0.0373	0.0436
1318	2A18	95.82	78.99	78.99	73.01	0.00	0.00	0.00	0.0106	0.0140	0.0170	0.0183	0.0188	0.0201	0.0215	0.0230	0.0243	0.0244	0.0251	0.0288	0.0337	0.0353	0.0326	0.0284	0.0249	0.0211	0.0176	0.0165	0.0188	0.0244	0.0265	0.0244	0.0223	0.0212	0.0208	0.0223	0.0249	0.0262	0.0254	0.0238	0.0215	0.0203	0.0223	0.0269
1319	2A19	95.82	78.99	95.82	73.01	0.00	0.00	0.00	0.0092	0.0110	0.0117	0.0123	0.0124	0.0122	0.0128	0.0141	0.0158	0.0165	0.0183	0.0240	0.0317	0.0358	0.0339	0.0298	0.0261	0.0223	0.0186	0.0174	0.0195	0.0249	0.0269	0.0249	0.0228	0.0216	0.0214	0.0228	0.0256	0.0272	0.0261	0.0242	0.0221	0.0208	0.0229	0.0278
1320	2A20	95.82	95.82	78.99	73.01	0.00	0.00	0.00	0.0109	0.0134	0.0159	0.0163	0.0169	0.0176	0.0191	0.0203	0.0206	0.0197	0.0194	0.0210	0.0231	0.0226	0.0194	0.0165	0.0146	0.0135	0.0131	0.0146	0.0187	0.0265	0.0306	0.0283	0.0254	0.0235	0.0227	0.0238	0.0261	0.0274	0.0265	0.0248	0.0222	0.0210	0.0229	0.0280
1321	2A21	92.71	92.71	92.71	81.37	0.00	0.00	0.00	0.0076	0.0096	0.0109	0.0118	0.0109	0.0116	0.0124	0.0132	0.0140	0.0140	0.0147	0.0178	0.0214	0.0223	0.0197	0.0170	0.0152	0.0139	0.0135	0.0148	0.0187	0.0260	0.0295	0.0274	0.0246	0.0228	0.0221	0.0229	0.0249	0.0258	0.0252	0.0238	0.0219	0.0206	0.0224	0.0265
1322	2A22	91.79	91.79	91.79	78.51	0.00	0.00	0.00	0.0084	0.0112	0.0130	0.0126	0.0128	0.0128	0.0139	0.0150	0.0155	0.0155	0.0164	0.0195	0.0232	0.0240	0.0212	0.0182	0.0163	0.0146	0.0140	0.0152	0.0191	0.0269	0.0308	0.0288	0.0264	0.0248	0.0244	0.0255	0.0278	0.0290	0.0284	0.0264	0.0242	0.0229	0.0252	0.0296
1323	2A23	79.99	79.99	100.00	90.63	0.00	0.00	0.00	0.0085	0.0088	0.0096	0.0100	0.0087	0.0092	0.0096	0.0100	0.0104	0.0112	0.0126	0.0165	0.0214	0.0236	0.0221	0.0198	0.0178	0.0162	0.0151	0.0156	0.0185	0.0240	0.0263	0.0246	0.0227	0.0215	0.0212	0.0219	0.0232	0.0241	0.0237	0.0227	0.0215	0.0212	0.0230	0.0263
1324	2A24	79.99	100.00	79.99	90.63	0.00	0.00	0.00	0.0077	0.0082	0.0096	0.0103	0.0099	0.0106	0.0114	0.0116	0.0117	0.0116	0.0121	0.0139	0.0157	0.0158	0.0142	0.0125	0.0114	0.0109	0.0116	0.0134	0.0176	0.0254	0.0298	0.0281	0.0253	0.0233	0.0223	0.0226	0.0238	0.0242	0.0234	0.0226	0.0211	0.0209	0.0222	0.0254
1325	2A25	79.99	100.00	100.00	90.63	0.00	0.00	0.00	0.0102	0.0084	0.0086	0.0094	0.0092	0.0093	0.0095	0.0100	0.0101	0.0103	0.0116	0.0145	0.0177	0.0183	0.0166	0.0146	0.0132	0.0126	0.0129	0.0147	0.0186	0.0262	0.0306	0.0289	0.0260	0.0240	0.0230	0.0233	0.0243	0.0249	0.0244	0.0232	0.0219	0.0213	0.0228	0.0257
1326	2A26	100.00	79.99	79.99	90.63	0.00	0.00	0.00	0.0079	0.0096	0.0107	0.0115	0.0120	0.0127	0.0129	0.0138	0.0140	0.0145	0.0154	0.0181	0.0214	0.0228	0.0215	0.0192	0.0173	0.0155	0.0142	0.0144	0.0167	0.0206	0.0215	0.0193	0.0170	0.0155	0.0145	0.0144	0.0149	0.0152	0.0148	0.0138	0.0128	0.0126	0.0138	0.0162
1327	2A27	100.00	79.99	100.00	90.63	0.00	0.00	0.00	0.0080	0.0088	0.0090	0.0087	0.0100	0.0093	0.0097	0.0104	0.0106	0.0110	0.0128	0.0166	0.0216	0.0238	0.0224	0.0197	0.0177	0.0159	0.0147	0.0150	0.0172	0.0210	0.0218	0.0194	0.0169	0.0152	0.0142	0.0142	0.0146	0.0149	0.0144	0.0135	0.0126	0.0122	0.0133	0.0160
1328	2A28	100.00	100.00	79.99	90.63	0.00	0.00	0.00	0.0093	0.0090	0.0104	0.0102	0.0103	0.0104	0.0111	0.0118	0.0119	0.0117	0.0122	0.0137	0.0155	0.0158	0.0143	0.0125	0.0115	0.0110	0.0118	0.0137	0.0177	0.0247	0.0275	0.0246	0.0209	0.0182	0.0165	0.0160	0.0161	0.0160	0.0153	0.0144	0.0133	0.0131	0.0142	0.0167
1329	2A29	7.50	92.79	92.79	0.00	88.00	0.00	0.00	0.0360	0.0255	0.0190	0.0163	0.0157	0.0145	0.0144	0.0140	0.0128	0.0109	0.0112	0.0131	0.0154	0.0160	0.0150	0.0134	0.0127	0.0129	0.0147	0.0193	0.0454	0.1680	0.3780	0.5353	0.6107	0.6381	0.6493	0.6561	0.6613	0.6627	0.6591	0.6536	0.6497	0.6468	0.6470	0.6510
1330	2A30	7.50	93.19	69.19	0.00	88.72	0.00	0.00	0.0455	0.0336	0.0275	0.0242	0.0225	0.0219	0.0216	0.0190	0.0152	0.0116	0.0106	0.0112	0.0124	0.0130	0.0123	0.0112	0.0108	0.0112	0.0129	0.0169	0.0405	0.1588	0.3686	0.5278	0.6048	0.6333	0.6457	0.6527	0.6580	0.6589	0.6557	0.6513	0.6471	0.6442	0.6445	0.6480
1331	2A31	7.50	91.78	41.78	0.00	88.72	0.00	0.00	0.0583	0.0439	0.0340	0.0311	0.0294	0.0284	0.0277	0.0242	0.0178	0.0126	0.0100	0.0099	0.0103	0.0106	0.0103	0.0097	0.0094	0.0101	0.0122	0.0167	0.0425	0.1643	0.3733	0.5291	0.6035	0.6316	0.6440	0.6515	0.6570	0.6579	0.6551	0.6510	0.6478	0.6455	0.6467	0.6499
1332	2A32	7.50	92.98	18.98	0.00	89.20	0.00	0.00	0.0645	0.0503	0.0406	0.0364	0.0351	0.0345	0.0331	0.0281	0.0200	0.0133	0.0100	0.0091	0.0089	0.0091	0.0089	0.0087	0.0087	0.0094	0.0114	0.0158	0.0399	0.1577	0.3653	0.5231	0.5993	0.6277	0.6404	0.6481	0.6533	0.6544	0.6519	0.6479	0.6443	0.6417	0.6424	0.6458
1333	2A33	5.34	94.61	5.83	0.00	79.39	0.00	3.46	0.0831	0.0688	0.0581	0.0544	0.0536	0.0524	0.0507	0.0433	0.0306	0.0194	0.0130	0.0102	0.0094	0.0092	0.0092	0.0087	0.0089	0.0096	0.0114	0.0154	0.0381	0.1534	0.3614	0.5196	0.5950	0.6234	0.6378	0.6483	0.6564	0.6598	0.6586	0.6565	0.6551	0.6535	0.6545	0.6580
1334	2A34	2.82	94.56	2.82	0.00	59.49	0.00	7.49	0.1094	0.0983	0.0901	0.0882	0.0887	0.0901	0.0894	0.0804	0.0617	0.0425	0.0289	0.0212	0.0168	0.0140	0.0122	0.0110	0.0109	0.0114	0.0123	0.0155	0.0374	0.1488	0.3476	0.4968	0.5657	0.5924	0.6094	0.6245	0.6374	0.6438	0.6449	0.6435	0.6408	0.6385	0.6391	0.6433
1335	2A35	4.51	94.90	4.51	0.00	30.78	0.00	4.78	0.1488	0.1458	0.1440	0.1472	0.1520	0.1582	0.1619	0.1540	0.1314	0.1028	0.0786	0.0608	0.0472	0.0355	0.0259	0.0212	0.0197	0.0181	0.0158	0.0168	0.0401	0.1573	0.3595	0.5071	0.5740	0.5998	0.6159	0.6298	0.6415	0.6470	0.6468	0.6440	0.6410	0.6386	0.6403	0.6457
1336	2A36	4.25	94.85	4.25	0.00	7.20	0.00	5.20	0.1767	0.1846	0.1899	0.1958	0.2047	0.2163	0.2236	0.2172	0.1938	0.1592	0.1264	0.1006	0.0784	0.0575	0.0396	0.0307	0.0280	0.0239	0.0185	0.0178	0.0410	0.1597	0.3616	0.5071	0.5726	0.5982	0.6143	0.6281	0.6403	0.6466	0.6467	0.6441	0.6410	0.6388	0.6402	0.6463
1337	2A37	7.50	69.19	93.19	0.00	88.72	0.00	0.00	0.0435	0.0316	0.0242	0.0201	0.0187	0.0174	0.0171	0.0168	0.0151	0.0128	0.0124	0.0141	0.0163	0.0170	0.0162	0.0151	0.0149	0.0173	0.0281	0.0604	0.1353	0.2883	0.4692	0.5818	0.6302	0.6470	0.6546	0.6594	0.6637	0.6643	0.6604	0.6554	0.6521	0.6501	0.6503	0.6537
1338	2A38	7.59	71.33	71.15	0.00	88.49	0.00	0.00	0.0568	0.0456	0.0367	0.0312	0.0287	0.0278	0.0267	0.0241	0.0189	0.0140	0.0120	0.0123	0.0133	0.0136	0.0132	0.0126	0.0127	0.0152	0.0255	0.0560	0.1277	0.2780	0.4611	0.5776	0.6281	0.6455	0.6536	0.6588	0.6629	0.6630	0.6593	0.6547	0.6514	0.6490	0.6490	0.6519
1339	2A39	7.52	71.25	45.25	0.00	88.35	0.00	0.00	0.0725	0.0582	0.0472	0.0419	0.0401	0.0385	0.0364	0.0320	0.0235	0.0162	0.0126	0.0114	0.0116	0.0117	0.0115	0.0112	0.0117	0.0145	0.0255	0.0580	0.1319	0.2820	0.4639	0.5798	0.6303	0.6479	0.6552	0.6600	0.6641	0.6642	0.6607	0.6562	0.6532	0.6507	0.6505	0.6535
1340	2A40	7.50	77.24	30.93	0.00	78.14	0.00	0.00	0.0956	0.0808	0.0692	0.0641	0.0612	0.0593	0.0568	0.0503	0.0379	0.0252	0.0181	0.0148	0.0137	0.0134	0.0134	0.0131	0.0138	0.0170	0.0270	0.0513	0.1116	0.2595	0.4514	0.5756	0.6301	0.6491	0.6577	0.6635	0.6679	0.6678	0.6649	0.6605	0.6563	0.6532	0.6526	0.6554
1341	2A41	7.49	78.99	16.61	0.00	66.79	0.00	0.01	0.1221	0.1093	0.1001	0.0950	0.0926	0.0910	0.0891	0.0801	0.0623	0.0436	0.0309	0.0241	0.0207	0.0191	0.0181	0.0174	0.0180	0.0211	0.0290	0.0469	0.1009	0.2525	0.4516	0.5791	0.6342	0.6532	0.6614	0.6664	0.6706	0.6711	0.6680	0.6630	0.6595	0.6559	0.6557	0.6587
1342	2A42	5.65	79.95	12.01	0.00	48.60	0.00	2.97	0.1506	0.1458	0.1393	0.1369	0.1373	0.1388	0.1381	0.1289	0.1080	0.0837	0.0645	0.0519	0.0439	0.0375	0.0317	0.0283	0.0282	0.0287	0.0300	0.0377	0.0847	0.2413	0.4480	0.5771	0.6312	0.6497	0.6597	0.6673	0.6733	0.6752	0.6733	0.6698	0.6658	0.6628	0.6623	0.6650
1343	2A43	6.85	83.37	6.85	0.00	27.05	0.00	1.05	0.1931	0.2000	0.2016	0.2050	0.2108	0.2163	0.2198	0.2122	0.1893	0.1586	0.1305	0.1098	0.0931	0.0765	0.0606	0.0516	0.0491	0.0447	0.0371	0.0355	0.0772	0.2350	0.4471	0.5804	0.6369	0.6562	0.6649	0.6702	0.6749	0.6756	0.6724	0.6676	0.6631	0.6600	0.6603	0.6643
1344	2A44	7.50	41.78	91.78	0.00	88.72	0.00	0.00	0.0486	0.0346	0.0268	0.0226	0.0205	0.0189	0.0181	0.0178	0.0164	0.0137	0.0131	0.0149	0.0169	0.0175	0.0169	0.0160	0.0166	0.0216	0.0425	0.1059	0.2261	0.3886	0.5324	0.6085	0.6380	0.6477	0.6530	0.6572	0.6610	0.6610	0.6567	0.6511	0.6473	0.6449	0.6444	0.6479
1345	2A45	7.52	45.25	71.25	0.00	88.35	0.00	0.00	0.0650	0.0509	0.0411	0.0356	0.0327	0.0318	0.0301	0.0271	0.0217	0.0160	0.0132	0.0132	0.0143	0.0147	0.0144	0.0140	0.0148	0.0196	0.0400	0.1014	0.2183	0.3798	0.5270	0.6065	0.6375	0.6475	0.6528	0.6570	0.6608	0.6606	0.6566	0.6518	0.6487	0.6464	0.6463	0.6495
1346	2A46	7.50	57.33	57.33	0.00	71.41	0.00	0.00	0.0976	0.0856	0.0735	0.0658	0.0630	0.0612	0.0592	0.0546	0.0448	0.0330	0.0251	0.0222	0.0223	0.0230	0.0234	0.0235	0.0256	0.0330	0.0548	0.1044	0.1961	0.3502	0.5105	0.6021	0.6394	0.6515	0.6579	0.6630	0.6671	0.6671	0.6636	0.6589	0.6545	0.6510	0.6507	0.6533
1347	2A47	7.63	62.56	40.52	0.00	64.94	0.00	0.00	0.1156	0.1062	0.0968	0.0901	0.0874	0.0860	0.0839	0.0772	0.0634	0.0474	0.0362	0.0312	0.0295	0.0292	0.0290	0.0288	0.0308	0.0376	0.0559	0.0960	0.1761	0.3291	0.4972	0.5948	0.6347	0.6479	0.6542	0.6588	0.6631	0.6633	0.6596	0.6546	0.6505	0.6475	0.6476	0.6510
1348	2A48	7.73	61.13	26.82	0.00	56.66	0.00	0.00	0.1464	0.1397	0.1326	0.1274	0.1257	0.1255	0.1235	0.1149	0.0976	0.0767	0.0607	0.0520	0.0483	0.0462	0.0443	0.0432	0.0449	0.0509	0.0662	0.0999	0.1753	0.3293	0.4983	0.5946	0.6333	0.6461	0.6522	0.6570	0.6610	0.6614	0.6578	0.6530	0.6482	0.6447	0.6442	0.6485
1349	2A49	7.62	64.59	19.77	0.00	39.75	0.00	0.00	0.1828	0.1873	0.1862	0.1863	0.1885	0.1900	0.1909	0.1837	0.1651	0.1403	0.1188	0.1057	0.0975	0.0899	0.0809	0.0757	0.0756	0.0768	0.0803	0.0964	0.1607	0.3210	0.4997	0.6003	0.6397	0.6528	0.6593	0.6643	0.6682	0.6682	0.6647	0.6600	0.6562	0.6530	0.6531	0.6566
1350	2A50	7.50	18.98	92.98	0.00	89.20	0.00	0.00	0.0517	0.0387	0.0293	0.0241	0.0211	0.0197	0.0190	0.0184	0.0169	0.0144	0.0136	0.0151	0.0174	0.0181	0.0178	0.0174	0.0186	0.0257	0.0559	0.1469	0.3053	0.4725	0.5845	0.6330	0.6498	0.6552	0.6592	0.6627	0.6665	0.6660	0.6599	0.6539	0.6508	0.6485	0.6486	0.6520
1351	2B1	7.50	30.93	77.24	0.00	78.14	0.00	0.00	0.0820	0.0714	0.0623	0.0562	0.0517	0.0499	0.0491	0.0471	0.0416	0.0343	0.0299	0.0308	0.0350	0.0391	0.0408	0.0412	0.0435	0.0525	0.0831	0.1621	0.2934	0.4467	0.5647	0.6212	0.6416	0.6477	0.6511	0.6547	0.6586	0.6585	0.6549	0.6502	0.6461	0.6423	0.6417	0.6448
1352	2B2	7.63	40.52	62.56	0.00	64.94	0.00	0.00	0.1137	0.1051	0.0960	0.0900	0.0862	0.0833	0.0820	0.0786	0.0707	0.0597	0.0520	0.0510	0.0551	0.0595	0.0615	0.0618	0.0643	0.0739	0.1023	0.1681	0.2768	0.4214	0.5477	0.6129	0.6374	0.6448	0.6492	0.6533	0.6573	0.6574	0.6542	0.6492	0.6448	0.6410	0.6410	0.6448
1353	2B3	7.69	48.08	48.57	0.00	53.89	0.00	0.00	0.1379	0.1337	0.1276	0.1219	0.1198	0.1183	0.1167	0.1125	0.1026	0.0878	0.0767	0.0733	0.0755	0.0782	0.0779	0.0769	0.0788	0.0861	0.1078	0.1579	0.2489	0.3928	0.5323	0.6077	0.6368	0.6463	0.6513	0.6557	0.6602	0.6604	0.6573	0.6519	0.6473	0.6439	0.6433	0.6479
1354	2B4	7.51	48.09	35.13	0.00	41.57	0.00	0.00	0.1782	0.1845	0.1855	0.1853	0.1847	0.1852	0.1858	0.1821	0.1709	0.1528	0.1375	0.1314	0.1311	0.1301	0.1250	0.1207	0.1212	0.1251	0.1371	0.1710	0.2500	0.3951	0.5373	0.6125	0.6410	0.6498	0.6544	0.6586	0.6627	0.6630	0.6594	0.6544	0.6496	0.6457	0.6459	0.6500
1355	2B5	5.34	5.83	94.61	0.00	79.39	3.46	0.00	0.0587	0.0430	0.0315	0.0249	0.0211	0.0199	0.0195	0.0204	0.0208	0.0186	0.0184	0.0217	0.0271	0.0316	0.0340	0.0352	0.0385	0.0516	0.0970	0.2133	0.3875	0.5374	0.6146	0.6399	0.6463	0.6476	0.6489	0.6508	0.6539	0.6545	0.6521	0.6492	0.6483	0.6470	0.6466	0.6496
1356	2B6	7.49	16.61	78.99	0.00	66.79	0.01	0.00	0.0918	0.0811	0.0695	0.0615	0.0562	0.0538	0.0532	0.0527	0.0494	0.0430	0.0386	0.0414	0.0494	0.0573	0.0620	0.0640	0.0682	0.0824	0.1252	0.2235	0.3679	0.5100	0.5990	0.6346	0.6460	0.6490	0.6521	0.6559	0.6597	0.6592	0.6542	0.6489	0.6456	0.6431	0.6437	0.6477
1357	2B7	7.73	26.82	61.13	0.00	56.66	0.00	0.00	0.1329	0.1278	0.1194	0.1124	0.1076	0.1055	0.1050	0.1028	0.0967	0.0862	0.0781	0.0800	0.0892	0.0988	0.1032	0.1045	0.1083	0.1206	0.1550	0.2305	0.3456	0.4788	0.5776	0.6216	0.6368	0.6418	0.6457	0.6499	0.6545	0.6546	0.6504	0.6453	0.6429	0.6406	0.6411	0.6457
1358	2B8	7.51	35.13	48.09	0.00	41.57	0.00	0.00	0.1690	0.1737	0.1723	0.1683	0.1655	0.1641	0.1636	0.1622	0.1564	0.1431	0.1331	0.1346	0.1446	0.1533	0.1549	0.1534	0.1555	0.1634	0.1841	0.2323	0.3213	0.4535	0.5668	0.6219	0.6416	0.6478	0.6522	0.6568	0.6607	0.6603	0.6559	0.6512	0.6478	0.6447	0.6450	0.6495
1359	2B9	2.82	2.82	94.56	0.00	59.49	7.49	0.00	0.0645	0.0504	0.0375	0.0285	0.0236	0.0219	0.0221	0.0252	0.0296	0.0298	0.0314	0.0428	0.0633	0.0831	0.0950	0.1006	0.1080	0.1283	0.1854	0.3081	0.4635	0.5733	0.6145	0.6213	0.6198	0.6176	0.6168	0.6171	0.6197	0.6223	0.6242	0.6264	0.6313	0.6335	0.6328	0.6329
1360	2B10	5.65	12.01	79.95	0.00	48.60	2.97	0.00	0.1042	0.0931	0.0807	0.0705	0.0643	0.0616	0.0617	0.0642	0.0672	0.0641	0.0631	0.0751	0.0987	0.1214	0.1340	0.1386	0.1451	0.1627	0.2094	0.3065	0.4376	0.5571	0.6236	0.6462	0.6512	0.6519	0.6537	0.6563	0.6592	0.6594	0.6561	0.6534	0.6540	0.6537	0.6538	0.6567
1361	2B11	7.62	19.77	64.59	0.00	39.75	0.00	0.00	0.1535	0.1492	0.1407	0.1327	0.1270	0.1244	0.1246	0.1258	0.1257	0.1184	0.1139	0.1239	0.1464	0.1676	0.1775	0.1800	0.1843	0.1971	0.2310	0.3027	0.4094	0.5273	0.6070	0.6392	0.6490	0.6516	0.6546	0.6579	0.6612	0.6604	0.6553	0.6490	0.6462	0.6438	0.6445	0.6495
1362	2B12	4.51	4.51	94.90	0.00	30.78	4.78	0.00	0.0861	0.0686	0.0503	0.0374	0.0302	0.0278	0.0291	0.0358	0.0478	0.0542	0.0640	0.0996	0.1662	0.2358	0.2769	0.2912	0.3007	0.3191	0.3613	0.4416	0.5367	0.6075	0.6352	0.6391	0.6370	0.6354	0.6359	0.6378	0.6409	0.6424	0.6409	0.6399	0.6421	0.6423	0.6427	0.6455
1363	2B13	6.85	6.85	83.37	0.00	27.05	1.05	0.00	0.1210	0.1070	0.0886	0.0723	0.0621	0.0588	0.0603	0.0690	0.0828	0.0893	0.0987	0.1358	0.2027	0.2692	0.3060	0.3178	0.3256	0.3406	0.3750	0.4430	0.5309	0.6075	0.6457	0.6557	0.6570	0.6571	0.6589	0.6621	0.6656	0.6650	0.6593	0.6532	0.6505	0.6488	0.6500	0.6557
1364	2B14	4.25	4.25	94.85	0.00	7.20	5.20	0.00	0.1019	0.0824	0.0623	0.0474	0.0378	0.0343	0.0362	0.0462	0.0654	0.0786	0.0977	0.1626	0.2900	0.4351	0.5263	0.5545	0.5622	0.5667	0.5726	0.5904	0.6149	0.6372	0.6406	0.6352	0.6300	0.6264	0.6262	0.6280	0.6313	0.6337	0.6339	0.6341	0.6362	0.6366	0.6374	0.6416
1365	2B15	22.50	96.26	96.26	0.00	64.00	0.00	0.00	0.0342	0.0273	0.0207	0.0174	0.0154	0.0151	0.0151	0.0160	0.0162	0.0148	0.0146	0.0175	0.0210	0.0219	0.0196	0.0172	0.0160	0.0158	0.0165	0.0195	0.0408	0.1433	0.3142	0.4352	0.4904	0.5104	0.5203	0.5293	0.5388	0.5420	0.5381	0.5310	0.5241	0.5190	0.5213	0.5323
1366	2B16	22.50	97.83	73.83	0.00	66.58	0.00	0.00	0.0534	0.0444	0.0377	0.0347	0.0332	0.0334	0.0333	0.0320	0.0272	0.0211	0.0175	0.0169	0.0175	0.0173	0.0155	0.0139	0.0131	0.0132	0.0142	0.0171	0.0371	0.1365	0.3075	0.4304	0.4863	0.5071	0.5177	0.5280	0.5379	0.5414	0.5372	0.5306	0.5233	0.5181	0.5212	0.5316
1367	2B17	22.28	98.27	48.90	0.00	67.23	0.00	0.00	0.0656	0.0571	0.0510	0.0487	0.0476	0.0481	0.0479	0.0446	0.0361	0.0266	0.0201	0.0177	0.0168	0.0157	0.0141	0.0126	0.0121	0.0122	0.0132	0.0163	0.0357	0.1335	0.3045	0.4282	0.4850	0.5063	0.5172	0.5278	0.5381	0.5422	0.5388	0.5318	0.5243	0.5196	0.5233	0.5344
1368	2B18	17.05	97.25	31.96	0.00	66.70	0.00	8.72	0.0699	0.0637	0.0585	0.0555	0.0548	0.0554	0.0560	0.0513	0.0403	0.0285	0.0208	0.0171	0.0153	0.0140	0.0126	0.0113	0.0110	0.0113	0.0125	0.0157	0.0345	0.1274	0.2883	0.4022	0.4516	0.4707	0.4846	0.5010	0.5177	0.5264	0.5258	0.5209	0.5140	0.5088	0.5125	0.5244
1369	2B19	15.53	96.95	19.56	0.00	55.39	0.00	11.18	0.0852	0.0829	0.0786	0.0786	0.0793	0.0811	0.0825	0.0769	0.0623	0.0456	0.0333	0.0259	0.0212	0.0178	0.0148	0.0129	0.0124	0.0123	0.0127	0.0153	0.0335	0.1233	0.2775	0.3847	0.4296	0.4475	0.4627	0.4811	0.5000	0.5106	0.5114	0.5068	0.5003	0.4952	0.4989	0.5122
1370	2B20	13.33	96.67	13.54	0.00	42.25	0.00	14.67	0.1014	0.1029	0.1027	0.1043	0.1076	0.1113	0.1139	0.1079	0.0904	0.0689	0.0510	0.0394	0.0311	0.0244	0.0188	0.0156	0.0147	0.0139	0.0134	0.0154	0.0337	0.1232	0.2732	0.3738	0.4143	0.4306	0.4469	0.4681	0.4894	0.5018	0.5037	0.4996	0.4926	0.4876	0.4922	0.5060
1371	2B21	6.85	95.27	6.85	0.00	26.52	0.00	24.76	0.1172	0.1246	0.1290	0.1351	0.1414	0.1492	0.1542	0.1479	0.1268	0.0996	0.0745	0.0561	0.0425	0.0312	0.0221	0.0177	0.0165	0.0153	0.0138	0.0152	0.0321	0.1132	0.2461	0.3317	0.3622	0.3755	0.3939	0.4203	0.4483	0.4666	0.4724	0.4698	0.4633	0.4580	0.4630	0.4791
1372	2B22	22.50	73.83	97.83	0.00	66.58	0.00	0.00	0.0434	0.0331	0.0261	0.0217	0.0188	0.0179	0.0186	0.0193	0.0198	0.0182	0.0178	0.0212	0.0265	0.0292	0.0280	0.0262	0.0258	0.0278	0.0345	0.0515	0.1021	0.2325	0.3858	0.4724	0.5065	0.5187	0.5262	0.5349	0.5441	0.5473	0.5431	0.5364	0.5289	0.5237	0.5266	0.5373
1373	2B23	22.50	76.94	76.94	0.00	66.95	0.00	0.00	0.0673	0.0587	0.0497	0.0453	0.0421	0.0413	0.0412	0.0396	0.0345	0.0275	0.0229	0.0223	0.0238	0.0243	0.0228	0.0211	0.0210	0.0228	0.0287	0.0436	0.0909	0.2218	0.3818	0.4745	0.5115	0.5245	0.5323	0.5409	0.5499	0.5529	0.5491	0.5425	0.5349	0.5296	0.5322	0.5428
1374	2B24	22.50	80.27	54.27	0.00	67.42	0.00	0.00	0.0775	0.0702	0.0613	0.0577	0.0556	0.0549	0.0545	0.0505	0.0411	0.0304	0.0231	0.0202	0.0196	0.0190	0.0177	0.0165	0.0163	0.0181	0.0227	0.0339	0.0760	0.2054	0.3715	0.4707	0.5111	0.5252	0.5333	0.5418	0.5504	0.5532	0.5492	0.5427	0.5350	0.5295	0.5317	0.5422
1375	2B25	18.32	82.08	40.92	0.00	57.30	0.00	6.70	0.0962	0.0897	0.0848	0.0807	0.0794	0.0798	0.0799	0.0748	0.0626	0.0475	0.0367	0.0308	0.0282	0.0256	0.0224	0.0203	0.0197	0.0205	0.0228	0.0302	0.0675	0.1908	0.3503	0.4430	0.4786	0.4921	0.5030	0.5168	0.5311	0.5382	0.5368	0.5311	0.5241	0.5186	0.5217	0.5341
1376	2B26	18.27	82.14	27.58	0.00	47.17	0.00	6.77	0.1200	0.1226	0.1205	0.1198	0.1209	0.1231	0.1240	0.1183	0.1030	0.0833	0.0673	0.0571	0.0509	0.0449	0.0383	0.0341	0.0333	0.0330	0.0344	0.0432	0.0815	0.1981	0.3477	0.4348	0.4682	0.4806	0.4917	0.5060	0.5207	0.5284	0.5277	0.5220	0.5140	0.5084	0.5113	0.5231
1377	2B27	15.10	83.15	19.91	0.00	33.96	0.00	11.84	0.1385	0.1470	0.1484	0.1508	0.1537	0.1585	0.1614	0.1559	0.1382	0.1140	0.0921	0.0766	0.0648	0.0538	0.0424	0.0358	0.0339	0.0317	0.0284	0.0304	0.0636	0.1799	0.3287	0.4119	0.4413	0.4532	0.4666	0.4849	0.5041	0.5151	0.5162	0.5113	0.5039	0.4980	0.5016	0.5145
1378	2B28	22.28	48.90	98.27	0.00	67.23	0.00	0.00	0.0457	0.0358	0.0265	0.0210	0.0183	0.0175	0.0179	0.0192	0.0204	0.0191	0.0195	0.0240	0.0313	0.0365	0.0379	0.0377	0.0391	0.0459	0.0666	0.1141	0.1983	0.3246	0.4394	0.4961	0.5168	0.5237	0.5289	0.5365	0.5449	0.5475	0.5435	0.5365	0.5287	0.5232	0.5253	0.5347
1379	2B29	22.50	54.27	80.27	0.00	67.42	0.00	0.00	0.0728	0.0625	0.0520	0.0462	0.0426	0.0412	0.0406	0.0391	0.0354	0.0292	0.0251	0.0257	0.0288	0.0313	0.0316	0.0312	0.0330	0.0396	0.0590	0.1032	0.1825	0.3095	0.4322	0.4957	0.5197	0.5280	0.5336	0.5408	0.5491	0.5521	0.5479	0.5406	0.5330	0.5274	0.5295	0.5400
1380	2B30	22.50	63.78	63.78	0.00	53.25	0.00	0.00	0.0983	0.0927	0.0862	0.0804	0.0778	0.0772	0.0772	0.0746	0.0673	0.0561	0.0479	0.0463	0.0488	0.0508	0.0497	0.0481	0.0487	0.0529	0.0645	0.0915	0.1530	0.2788	0.4118	0.4819	0.5087	0.5179	0.5245	0.5326	0.5410	0.5442	0.5398	0.5327	0.5250	0.5194	0.5217	0.5320
1381	2B31	21.05	66.02	49.08	0.00	49.78	0.00	2.32	0.1162	0.1145	0.1091	0.1048	0.1032	0.1028	0.1024	0.0985	0.0883	0.0735	0.0620	0.0572	0.0570	0.0566	0.0536	0.0512	0.0518	0.0549	0.0639	0.0866	0.1440	0.2701	0.4059	0.4776	0.5049	0.5152	0.5234	0.5328	0.5424	0.5457	0.5418	0.5351	0.5285	0.5239	0.5269	0.5381
1382	2B32	20.82	67.17	35.42	0.00	37.50	0.00	2.68	0.1441	0.1503	0.1499	0.1490	0.1501	0.1522	0.1532	0.1491	0.1369	0.1175	0.1010	0.0926	0.0888	0.0835	0.0752	0.0695	0.0682	0.0675	0.0682	0.0789	0.1294	0.2594	0.3992	0.4713	0.4980	0.5077	0.5161	0.5263	0.5372	0.5413	0.5377	0.5315	0.5239	0.5186	0.5216	0.5324
1383	2B33	17.05	31.96	97.25	0.00	66.70	8.72	0.00	0.0483	0.0381	0.0273	0.0220	0.0187	0.0172	0.0172	0.0190	0.0201	0.0190	0.0191	0.0236	0.0305	0.0360	0.0386	0.0393	0.0424	0.0532	0.0848	0.1547	0.2592	0.3738	0.4508	0.4787	0.4862	0.4880	0.4905	0.4953	0.5024	0.5073	0.5085	0.5083	0.5084	0.5082	0.5102	0.5174
1384	2B34	18.32	40.92	82.08	0.00	57.30	6.70	0.00	0.0771	0.0657	0.0550	0.0476	0.0435	0.0427	0.0425	0.0430	0.0419	0.0372	0.0343	0.0378	0.0457	0.0529	0.0560	0.0568	0.0601	0.0704	0.0975	0.1537	0.2417	0.3549	0.4430	0.4793	0.4901	0.4934	0.4965	0.5020	0.5096	0.5141	0.5141	0.5131	0.5115	0.5095	0.5112	0.5191
1385	2B35	21.05	49.08	66.02	0.00	49.78	2.32	0.00	0.1050	0.1018	0.0946	0.0896	0.0857	0.0844	0.0840	0.0826	0.0771	0.0668	0.0592	0.0598	0.0660	0.0716	0.0727	0.0720	0.0742	0.0815	0.1000	0.1397	0.2132	0.3327	0.4409	0.4916	0.5093	0.5154	0.5202	0.5273	0.5357	0.5388	0.5351	0.5292	0.5231	0.5185	0.5209	0.5308
1386	2B36	22.06	53.86	53.86	0.00	40.55	0.35	0.35	0.1315	0.1309	0.1268	0.1227	0.1198	0.1195	0.1202	0.1183	0.1118	0.0986	0.0881	0.0868	0.0921	0.0958	0.0936	0.0907	0.0913	0.0949	0.1042	0.1284	0.1900	0.3125	0.4302	0.4869	0.5072	0.5144	0.5202	0.5283	0.5370	0.5394	0.5345	0.5275	0.5208	0.5163	0.5196	0.5303
1387	2B37	15.53	19.56	96.95	0.00	55.39	11.18	0.00	0.0561	0.0437	0.0316	0.0245	0.0204	0.0188	0.0198	0.0226	0.0267	0.0269	0.0285	0.0381	0.0551	0.0707	0.0790	0.0823	0.0873	0.1016	0.1393	0.2153	0.3160	0.4090	0.4597	0.4731	0.4750	0.4753	0.4763	0.4798	0.4867	0.4923	0.4948	0.4958	0.4975	0.4978	0.4999	0.5071
1388	2B38	18.27	27.58	82.14	0.00	47.17	6.77	0.00	0.0871	0.0781	0.0671	0.0582	0.0530	0.0518	0.0525	0.0554	0.0580	0.0555	0.0545	0.0645	0.0836	0.1010	0.1091	0.1117	0.1164	0.1285	0.1586	0.2178	0.3024	0.3986	0.4632	0.4859	0.4914	0.4929	0.4953	0.5004	0.5080	0.5127	0.5127	0.5113	0.5098	0.5086	0.5106	0.5192
1389	2B39	20.82	35.42	67.17	0.00	37.50	2.68	0.00	0.1276	0.1271	0.1214	0.1143	0.1103	0.1095	0.1099	0.1118	0.1116	0.1045	0.0993	0.1075	0.1269	0.1438	0.1493	0.1494	0.1523	0.1596	0.1776	0.2158	0.2847	0.3863	0.4667	0.4994	0.5098	0.5139	0.5183	0.5258	0.5343	0.5377	0.5342	0.5288	0.5244	0.5214	0.5251	0.5363
1390	2B40	13.33	13.54	96.67	0.00	42.25	14.67	0.00	0.0625	0.0486	0.0367	0.0285	0.0228	0.0222	0.0232	0.0277	0.0350	0.0381	0.0432	0.0635	0.1001	0.1363	0.1560	0.1627	0.1692	0.1842	0.2198	0.2862	0.3670	0.4345	0.4636	0.4660	0.4636	0.4619	0.4623	0.4652	0.4719	0.4785	0.4827	0.4865	0.4908	0.4923	0.4942	0.5005
1391	2B41	15.10	19.91	83.15	0.00	33.96	11.84	0.00	0.0979	0.0881	0.0742	0.0648	0.0583	0.0570	0.0585	0.0651	0.0747	0.0774	0.0817	0.1041	0.1439	0.1805	0.1981	0.2029	0.2079	0.2189	0.2444	0.2926	0.3582	0.4273	0.4650	0.4722	0.4714	0.4703	0.4709	0.4744	0.4814	0.4878	0.4919	0.4946	0.4974	0.4980	0.4999	0.5077
1392	2B42	6.85	6.85	95.27	0.00	26.52	24.76	0.00	0.0697	0.0575	0.0434	0.0331	0.0270	0.0264	0.0280	0.0352	0.0477	0.0558	0.0667	0.1045	0.1752	0.2482	0.2898	0.3026	0.3084	0.3190	0.3431	0.3868	0.4295	0.4510	0.4438	0.4292	0.4199	0.4151	0.4132	0.4134	0.4188	0.4277	0.4380	0.4489	0.4597	0.4652	0.4658	0.4690
1393	2B43	38.75	97.75	97.75	0.00	40.00	0.00	0.00	0.0412	0.0321	0.0252	0.0207	0.0185	0.0181	0.0185	0.0205	0.0220	0.0211	0.0209	0.0256	0.0321	0.0334	0.0289	0.0245	0.0227	0.0209	0.0191	0.0200	0.0380	0.1235	0.2570	0.3416	0.3768	0.3902	0.3992	0.4111	0.4247	0.4306	0.4265	0.4181	0.4072	0.4001	0.4052	0.4225
1394	2B44	38.75	100.00	77.44	0.00	43.69	0.00	0.00	0.0588	0.0531	0.0487	0.0461	0.0446	0.0454	0.0465	0.0459	0.0421	0.0348	0.0290	0.0278	0.0285	0.0264	0.0219	0.0184	0.0169	0.0158	0.0150	0.0165	0.0319	0.1107	0.2424	0.3293	0.3664	0.3805	0.3902	0.4028	0.4171	0.4236	0.4199	0.4113	0.3997	0.3921	0.3969	0.4138
1395	2B45	31.09	100.00	62.03	0.00	42.50	0.00	11.79	0.0678	0.0639	0.0605	0.0583	0.0575	0.0599	0.0615	0.0598	0.0530	0.0423	0.0333	0.0294	0.0274	0.0240	0.0192	0.0162	0.0149	0.0141	0.0138	0.0154	0.0294	0.1003	0.2204	0.2985	0.3293	0.3425	0.3562	0.3755	0.3963	0.4080	0.4077	0.4014	0.3916	0.3851	0.3917	0.4106
1396	2B46	27.37	99.25	43.50	0.00	42.45	0.00	17.94	0.0751	0.0768	0.0745	0.0728	0.0733	0.0760	0.0785	0.0756	0.0651	0.0505	0.0386	0.0319	0.0276	0.0228	0.0180	0.0149	0.0141	0.0135	0.0131	0.0150	0.0288	0.0972	0.2114	0.2847	0.3124	0.3245	0.3396	0.3614	0.3850	0.3991	0.4008	0.3953	0.3861	0.3798	0.3861	0.4043
1397	2B47	29.24	99.73	31.62	0.00	36.51	0.00	15.24	0.0866	0.0901	0.0898	0.0897	0.0917	0.0958	0.0992	0.0954	0.0822	0.0644	0.0490	0.0392	0.0323	0.0256	0.0192	0.0158	0.0145	0.0137	0.0130	0.0146	0.0287	0.0975	0.2129	0.2866	0.3147	0.3273	0.3417	0.3629	0.3860	0.3992	0.4004	0.3947	0.3851	0.3784	0.3847	0.4036
1398	2B48	22.89	98.58	22.96	0.00	27.24	0.00	25.38	0.0944	0.1022	0.1071	0.1103	0.1137	0.1196	0.1242	0.1202	0.1049	0.0826	0.0630	0.0491	0.0387	0.0293	0.0213	0.0170	0.0158	0.0146	0.0134	0.0149	0.0284	0.0928	0.1963	0.2598	0.2818	0.2923	0.3088	0.3337	0.3608	0.3785	0.3826	0.3788	0.3699	0.3638	0.3703	0.3900
1399	2B49	38.75	77.44	100.00	0.00	43.69	0.00	0.00	0.0456	0.0371	0.0280	0.0218	0.0184	0.0172	0.0181	0.0208	0.0243	0.0247	0.0261	0.0349	0.0486	0.0565	0.0535	0.0489	0.0472	0.0453	0.0427	0.0460	0.0825	0.1932	0.3149	0.3751	0.3968	0.4053	0.4125	0.4238	0.4363	0.4416	0.4372	0.4287	0.4188	0.4121	0.4168	0.4325
1400	2B50	38.75	83.34	83.34	0.00	43.46	0.00	0.00	0.0663	0.0604	0.0544	0.0496	0.0466	0.0471	0.0482	0.0491	0.0484	0.0432	0.0392	0.0418	0.0480	0.0491	0.0435	0.0382	0.0364	0.0341	0.0311	0.0325	0.0640	0.1719	0.3010	0.3687	0.3939	0.4036	0.4118	0.4233	0.4361	0.4416	0.4378	0.4293	0.4190	0.4126	0.4173	0.4335
1401	2C1	34.13	84.21	65.60	0.00	43.72	0.00	7.39	0.0826	0.0846	0.0823	0.0805	0.0795	0.0810	0.0834	0.0837	0.0786	0.0686	0.0597	0.0576	0.0588	0.0563	0.0486	0.0427	0.0403	0.0376	0.0352	0.0392	0.0696	0.1677	0.2902	0.3576	0.3821	0.3918	0.4018	0.4166	0.4328	0.4414	0.4395	0.4324	0.4227	0.4160	0.4197	0.4344
1402	2C2	31.55	86.78	50.76	0.00	38.43	0.00	11.52	0.0933	0.0970	0.0979	0.0972	0.0970	0.0999	0.1034	0.1025	0.0943	0.0797	0.0667	0.0604	0.0570	0.0507	0.0410	0.0346	0.0321	0.0293	0.0258	0.0269	0.0540	0.1525	0.2773	0.3452	0.3690	0.3786	0.3901	0.4076	0.4263	0.4368	0.4361	0.4297	0.4199	0.4126	0.4173	0.4330
1403	2C3	30.14	86.72	37.71	0.00	27.26	0.00	13.78	0.1097	0.1179	0.1219	0.1249	0.1280	0.1327	0.1372	0.1361	0.1253	0.1062	0.0882	0.0773	0.0696	0.0595	0.0468	0.0391	0.0362	0.0324	0.0272	0.0267	0.0532	0.1499	0.2707	0.3344	0.3558	0.3651	0.3775	0.3965	0.4173	0.4290	0.4292	0.4233	0.4131	0.4060	0.4108	0.4277
1404	2C4	31.09	62.03	100.00	0.00	42.50	11.79	0.00	0.0448	0.0369	0.0282	0.0225	0.0198	0.0189	0.0202	0.0230	0.0280	0.0293	0.0324	0.0461	0.0699	0.0883	0.0909	0.0868	0.0839	0.0812	0.0809	0.0918	0.1339	0.2298	0.3233	0.3654	0.3789	0.3834	0.3874	0.3945	0.4047	0.4121	0.4141	0.4135	0.4109	0.4079	0.4110	0.4220
1405	2C5	34.13	65.60	84.21	0.00	43.72	7.39	0.00	0.0667	0.0641	0.0596	0.0544	0.0518	0.0521	0.0540	0.0567	0.0579	0.0546	0.0523	0.0598	0.0737	0.0825	0.0806	0.0754	0.0727	0.0702	0.0705	0.0822	0.1243	0.2224	0.3215	0.3679	0.3836	0.3892	0.3938	0.4022	0.4134	0.4202	0.4208	0.4175	0.4122	0.4083	0.4117	0.4240
1406	2C6	35.65	69.80	69.80	0.00	36.76	2.48	2.48	0.0929	0.0954	0.0929	0.0888	0.0869	0.0880	0.0901	0.0917	0.0891	0.0809	0.0737	0.0758	0.0834	0.0862	0.0800	0.0734	0.0699	0.0667	0.0645	0.0727	0.1143	0.2209	0.3340	0.3899	0.4100	0.4178	0.4249	0.4355	0.4483	0.4539	0.4506	0.4433	0.4338	0.4270	0.4312	0.4456
1407	2C7	34.79	72.02	56.31	0.00	31.67	0.00	6.33	0.1050	0.1137	0.1157	0.1161	0.1162	0.1185	0.1221	0.1230	0.1183	0.1059	0.0948	0.0924	0.0947	0.0924	0.0827	0.0742	0.0703	0.0662	0.0622	0.0670	0.1034	0.2022	0.3073	0.3575	0.3746	0.3826	0.3922	0.4073	0.4239	0.4320	0.4293	0.4216	0.4119	0.4056	0.4106	0.4270
1408	2C8	27.37	43.50	99.25	0.00	42.45	17.94	0.00	0.0461	0.0391	0.0305	0.0240	0.0202	0.0194	0.0199	0.0235	0.0297	0.0319	0.0360	0.0531	0.0833	0.1099	0.1188	0.1172	0.1154	0.1150	0.1210	0.1434	0.1918	0.2702	0.3305	0.3516	0.3564	0.3577	0.3604	0.3664	0.3762	0.3847	0.3891	0.3915	0.3925	0.3919	0.3950	0.4051
1409	2C9	31.55	50.76	86.78	0.00	38.43	11.52	0.00	0.0686	0.0642	0.0561	0.0492	0.0456	0.0448	0.0465	0.0509	0.0557	0.0554	0.0566	0.0707	0.0959	0.1156	0.1196	0.1158	0.1129	0.1110	0.1144	0.1330	0.1797	0.2641	0.3360	0.3641	0.3722	0.3750	0.3786	0.3862	0.3973	0.4052	0.4077	0.4073	0.4050	0.4025	0.4063	0.4180
1410	2C10	34.79	56.31	72.02	0.00	31.67	6.33	0.00	0.0929	0.0959	0.0944	0.0912	0.0889	0.0905	0.0933	0.0968	0.0986	0.0936	0.0896	0.0980	0.1153	0.1269	0.1249	0.1181	0.1136	0.1094	0.1079	0.1192	0.1614	0.2509	0.3332	0.3686	0.3801	0.3846	0.3898	0.3991	0.4111	0.4182	0.4174	0.4131	0.4069	0.4021	0.4062	0.4202
1411	2C11	29.24	31.62	99.73	0.00	36.51	15.24	0.00	0.0518	0.0433	0.0327	0.0256	0.0215	0.0202	0.0215	0.0255	0.0327	0.0365	0.0421	0.0641	0.1050	0.1433	0.1583	0.1577	0.1549	0.1536	0.1598	0.1843	0.2335	0.3021	0.3467	0.3584	0.3603	0.3611	0.3634	0.3700	0.3803	0.3883	0.3912	0.3920	0.3918	0.3906	0.3941	0.4059
1412	2C12	30.14	37.71	86.72	0.00	27.26	13.78	0.00	0.0763	0.0702	0.0615	0.0527	0.0476	0.0471	0.0491	0.0557	0.0653	0.0689	0.0743	0.0986	0.1416	0.1782	0.1894	0.1855	0.1804	0.1752	0.1739	0.1879	0.2285	0.2963	0.3451	0.3603	0.3633	0.3642	0.3671	0.3742	0.3846	0.3926	0.3952	0.3958	0.3946	0.3925	0.3963	0.4083
1413	2C13	22.89	22.96	98.58	0.00	27.24	25.38	0.00	0.0555	0.0474	0.0369	0.0283	0.0236	0.0227	0.0242	0.0302	0.0403	0.0464	0.0552	0.0865	0.1447	0.2010	0.2256	0.2263	0.2220	0.2171	0.2170	0.2319	0.2656	0.3093	0.3292	0.3280	0.3242	0.3224	0.3228	0.3269	0.3356	0.3452	0.3528	0.3592	0.3647	0.3668	0.3699	0.3792
1414	2C14	43.88	98.15	98.15	14.72	16.88	0.00	0.00	0.0372	0.0308	0.0253	0.0210	0.0187	0.0183	0.0193	0.0218	0.0249	0.0247	0.0252	0.0321	0.0419	0.0438	0.0369	0.0305	0.0275	0.0237	0.0198	0.0193	0.0336	0.0994	0.1953	0.2515	0.2742	0.2835	0.2916	0.3037	0.3179	0.3248	0.3216	0.3142	0.3043	0.2974	0.3032	0.3211
1415	2C15	42.10	100.00	82.64	10.21	23.56	0.00	7.46	0.0482	0.0481	0.0458	0.0440	0.0428	0.0446	0.0468	0.0480	0.0467	0.0406	0.0355	0.0357	0.0377	0.0349	0.0279	0.0229	0.0206	0.0185	0.0165	0.0173	0.0298	0.0897	0.1851	0.2434	0.2664	0.2764	0.2865	0.3017	0.3190	0.3283	0.3266	0.3191	0.3088	0.3022	0.3085	0.3261
1416	2C16	40.87	100.00	65.78	4.89	27.45	0.00	15.22	0.0566	0.0613	0.0610	0.0606	0.0615	0.0643	0.0674	0.0674	0.0621	0.0514	0.0419	0.0378	0.0357	0.0307	0.0237	0.0192	0.0172	0.0155	0.0141	0.0152	0.0274	0.0868	0.1819	0.2400	0.2617	0.2717	0.2839	0.3029	0.3243	0.3363	0.3358	0.3286	0.3180	0.3106	0.3175	0.3374
1417	2C17	40.37	100.00	53.43	2.19	34.14	0.00	18.97	0.0603	0.0643	0.0660	0.0660	0.0669	0.0701	0.0737	0.0728	0.0650	0.0524	0.0414	0.0357	0.0320	0.0271	0.0210	0.0171	0.0155	0.0142	0.0134	0.0149	0.0271	0.0848	0.1781	0.2353	0.2563	0.2658	0.2784	0.2981	0.3206	0.3338	0.3339	0.3269	0.3162	0.3091	0.3161	0.3360
1418	2C18	40.11	100.00	42.08	0.67	19.39	0.00	20.80	0.0691	0.0792	0.0848	0.0869	0.0903	0.0953	0.1013	0.1006	0.0906	0.0735	0.0575	0.0476	0.0401	0.0316	0.0230	0.0181	0.0163	0.0146	0.0132	0.0143	0.0257	0.0802	0.1677	0.2202	0.2388	0.2475	0.2609	0.2824	0.3065	0.3210	0.3215	0.3147	0.3033	0.2954	0.3029	0.3236
1419	2C19	42.10	82.64	100.00	10.21	23.56	7.46	0.00	0.0376	0.0322	0.0245	0.0201	0.0172	0.0169	0.0184	0.0219	0.0264	0.0279	0.0304	0.0423	0.0601	0.0687	0.0624	0.0543	0.0498	0.0435	0.0353	0.0325	0.0556	0.1358	0.2235	0.2630	0.2768	0.2828	0.2890	0.2996	0.3132	0.3212	0.3206	0.3166	0.3107	0.3057	0.3108	0.3261
1420	2C20	46.90	82.38	82.38	10.57	31.55	0.00	0.00	0.0575	0.0573	0.0544	0.0524	0.0505	0.0506	0.0525	0.0550	0.0559	0.0513	0.0475	0.0514	0.0593	0.0605	0.0525	0.0451	0.0413	0.0364	0.0304	0.0295	0.0526	0.1314	0.2192	0.2602	0.2754	0.2825	0.2902	0.3029	0.3180	0.3253	0.3219	0.3133	0.3020	0.2943	0.3005	0.3190
1421	2C21	43.67	88.58	68.90	7.95	24.43	0.00	7.58	0.0684	0.0722	0.0735	0.0730	0.0732	0.0756	0.0790	0.0807	0.0777	0.0684	0.0599	0.0581	0.0590	0.0546	0.0442	0.0366	0.0333	0.0289	0.0236	0.0225	0.0421	0.1162	0.2076	0.2533	0.2691	0.2767	0.2864	0.3024	0.3207	0.3302	0.3283	0.3202	0.3089	0.3012	0.3074	0.3270
1422	2C22	41.05	89.55	56.39	2.51	24.14	0.00	17.18	0.0784	0.0864	0.0909	0.0914	0.0925	0.0964	0.1010	0.1018	0.0954	0.0819	0.0688	0.0625	0.0592	0.0520	0.0410	0.0336	0.0304	0.0265	0.0220	0.0215	0.0403	0.1117	0.2010	0.2455	0.2597	0.2667	0.2785	0.2984	0.3211	0.3339	0.3336	0.3261	0.3145	0.3064	0.3135	0.3342
1423	2C23	40.87	65.78	100.00	4.89	27.45	15.22	0.00	0.0439	0.0371	0.0290	0.0234	0.0204	0.0200	0.0210	0.0258	0.0324	0.0353	0.0397	0.0567	0.0848	0.1046	0.1040	0.0965	0.0907	0.0825	0.0733	0.0718	0.0988	0.1737	0.2437	0.2707	0.2787	0.2821	0.2867	0.2955	0.3083	0.3174	0.3195	0.3181	0.3145	0.3114	0.3166	0.3319
1424	2C24	43.67	68.90	88.58	7.95	24.43	7.58	0.00	0.0575	0.0555	0.0498	0.0444	0.0413	0.0411	0.0433	0.0481	0.0535	0.0538	0.0546	0.0673	0.0883	0.1006	0.0961	0.0876	0.0819	0.0741	0.0646	0.0624	0.0886	0.1651	0.2389	0.2691	0.2791	0.2836	0.2893	0.2999	0.3135	0.3215	0.3210	0.3170	0.3101	0.3049	0.3103	0.3271
1425	2C25	46.24	72.01	72.01	6.08	25.22	2.83	2.83	0.0827	0.0876	0.0881	0.0858	0.0844	0.0862	0.0895	0.0926	0.0928	0.0859	0.0796	0.0830	0.0923	0.0943	0.0851	0.0757	0.0702	0.0632	0.0546	0.0532	0.0803	0.1600	0.2396	0.2731	0.2844	0.2900	0.2974	0.3105	0.3262	0.3343	0.3320	0.3242	0.3132	0.3059	0.3124	0.3317
1426	2C26	40.26	54.06	100.00	1.56	33.44	19.84	0.00	0.0405	0.0348	0.0281	0.0227	0.0196	0.0198	0.0209	0.0252	0.0316	0.0349	0.0399	0.0598	0.0951	0.1254	0.1336	0.1294	0.1239	0.1172	0.1122	0.1176	0.1454	0.2046	0.2540	0.2707	0.2748	0.2766	0.2797	0.2869	0.2980	0.3068	0.3106	0.3117	0.3103	0.3088	0.3130	0.3256
1427	2C27	41.03	56.54	89.58	2.46	24.00	17.31	0.00	0.0581	0.0562	0.0507	0.0448	0.0418	0.0418	0.0442	0.0500	0.0584	0.0611	0.0653	0.0861	0.1218	0.1493	0.1534	0.1464	0.1395	0.1300	0.1196	0.1183	0.1421	0.2017	0.2517	0.2676	0.2712	0.2729	0.2765	0.2845	0.2965	0.3060	0.3091	0.3090	0.3063	0.3034	0.3081	0.3227
1428	2C28	40.11	42.08	100.00	0.67	19.39	20.80	0.00	0.0439	0.0396	0.0323	0.0253	0.0214	0.0210	0.0223	0.0280	0.0379	0.0439	0.0526	0.0835	0.1404	0.1925	0.2102	0.2056	0.1969	0.1842	0.1692	0.1634	0.1820	0.2273	0.2571	0.2613	0.2605	0.2605	0.2630	0.2704	0.2820	0.2914	0.2958	0.2973	0.2966	0.2950	0.2995	0.3124
1429	2C29	48.83	100.00	100.00	33.41	0.39	0.00	0.00	0.0255	0.0222	0.0191	0.0165	0.0149	0.0147	0.0149	0.0173	0.0202	0.0204	0.0218	0.0286	0.0377	0.0395	0.0327	0.0268	0.0238	0.0204	0.0172	0.0172	0.0264	0.0669	0.1254	0.1573	0.1698	0.1758	0.1818	0.1919	0.2036	0.2097	0.2083	0.2029	0.1948	0.1895	0.1949	0.2100
1430	2C30	46.81	100.00	80.41	27.90	7.92	0.00	7.91	0.0372	0.0375	0.0382	0.0370	0.0365	0.0384	0.0410	0.0426	0.0424	0.0379	0.0341	0.0345	0.0361	0.0331	0.0261	0.0211	0.0189	0.0166	0.0147	0.0155	0.0246	0.0648	0.1248	0.1578	0.1700	0.1759	0.1837	0.1963	0.2108	0.2191	0.2184	0.2129	0.2043	0.1991	0.2051	0.2204
1431	2C31	46.97	100.00	55.07	28.24	21.01	0.00	7.54	0.0491	0.0535	0.0544	0.0547	0.0561	0.0588	0.0619	0.0624	0.0574	0.0483	0.0402	0.0358	0.0328	0.0278	0.0215	0.0177	0.0160	0.0144	0.0133	0.0146	0.0239	0.0641	0.1246	0.1585	0.1712	0.1775	0.1852	0.1973	0.2111	0.2188	0.2183	0.2132	0.2054	0.2008	0.2065	0.2221
1432	2C32	44.65	100.00	45.42	21.24	18.68	0.00	17.96	0.0515	0.0620	0.0652	0.0670	0.0699	0.0743	0.0781	0.0780	0.0712	0.0588	0.0471	0.0402	0.0348	0.0281	0.0211	0.0170	0.0154	0.0141	0.0129	0.0142	0.0236	0.0642	0.1259	0.1605	0.1722	0.1784	0.1879	0.2034	0.2211	0.2318	0.2324	0.2275	0.2187	0.2132	0.2190	0.2358
1433	2C33	46.81	80.41	100.00	27.90	7.92	7.91	0.00	0.0309	0.0282	0.0226	0.0195	0.0174	0.0165	0.0169	0.0203	0.0248	0.0271	0.0304	0.0432	0.0629	0.0733	0.0674	0.0591	0.0543	0.0467	0.0365	0.0313	0.0466	0.1002	0.1543	0.1758	0.1830	0.1865	0.1912	0.1998	0.2105	0.2174	0.2180	0.2153	0.2106	0.2075	0.2123	0.2256
1434	2C34	56.12	83.81	83.81	23.97	14.47	0.00	0.00	0.0450	0.0464	0.0442	0.0421	0.0400	0.0410	0.0433	0.0465	0.0490	0.0471	0.0460	0.0525	0.0631	0.0655	0.0570	0.0487	0.0441	0.0377	0.0294	0.0259	0.0397	0.0890	0.1402	0.1608	0.1682	0.1728	0.1791	0.1907	0.2045	0.2116	0.2094	0.2024	0.1924	0.1860	0.1922	0.2096
1435	2C35	53.01	86.10	64.49	22.12	16.36	0.00	5.86	0.0602	0.0669	0.0704	0.0714	0.0722	0.0744	0.0779	0.0803	0.0791	0.0721	0.0651	0.0642	0.0657	0.0611	0.0502	0.0420	0.0380	0.0328	0.0259	0.0234	0.0379	0.0886	0.1431	0.1663	0.1739	0.1786	0.1857	0.1986	0.2137	0.2219	0.2205	0.2137	0.2038	0.1973	0.2036	0.2213
1436	2C36	46.97	55.07	100.00	28.24	21.01	7.54	0.00	0.0318	0.0294	0.0251	0.0204	0.0173	0.0172	0.0182	0.0215	0.0272	0.0302	0.0350	0.0521	0.0810	0.1040	0.1086	0.1045	0.1004	0.0939	0.0846	0.0802	0.0951	0.1376	0.1726	0.1835	0.1871	0.1897	0.1941	0.2024	0.2131	0.2196	0.2199	0.2167	0.2120	0.2087	0.2141	0.2276
1437	2C37	53.01	64.49	86.10	22.12	16.36	5.86	0.00	0.0496	0.0501	0.0444	0.0409	0.0374	0.0371	0.0399	0.0445	0.0507	0.0523	0.0551	0.0704	0.0959	0.1130	0.1118	0.1045	0.0984	0.0890	0.0765	0.0689	0.0822	0.1264	0.1649	0.1775	0.1812	0.1840	0.1890	0.1991	0.2121	0.2195	0.2187	0.2135	0.2054	0.2004	0.2064	0.2233
1438	2C38	44.65	45.42	100.00	21.24	18.68	17.96	0.00	0.0328	0.0315	0.0267	0.0214	0.0180	0.0180	0.0193	0.0233	0.0309	0.0353	0.0421	0.0650	0.1057	0.1412	0.1519	0.1482	0.1423	0.1325	0.1194	0.1106	0.1213	0.1578	0.1852	0.1916	0.1926	0.1938	0.1971	0.2042	0.2145	0.2222	0.2250	0.2250	0.2230	0.2213	0.2258	0.2382
1439	2C39	56.67	99.59	99.59	49.27	0.00	0.00	0.00	0.0177	0.0174	0.0160	0.0140	0.0137	0.0138	0.0142	0.0155	0.0174	0.0180	0.0194	0.0251	0.0323	0.0340	0.0290	0.0242	0.0216	0.0190	0.0168	0.0171	0.0240	0.0497	0.0827	0.0984	0.1039	0.1070	0.1109	0.1181	0.1270	0.1320	0.1309	0.1268	0.1210	0.1176	0.1222	0.1350
1440	2C40	56.67	99.59	79.78	49.27	0.00	0.00	0.00	0.0287	0.0304	0.0311	0.0310	0.0312	0.0331	0.0352	0.0371	0.0369	0.0338	0.0312	0.0317	0.0335	0.0311	0.0251	0.0205	0.0182	0.0160	0.0143	0.0151	0.0220	0.0478	0.0816	0.0980	0.1036	0.1065	0.1106	0.1178	0.1268	0.1316	0.1308	0.1267	0.1212	0.1178	0.1226	0.1350
1441	2C41	53.39	100.00	54.61	43.56	9.20	0.00	8.79	0.0382	0.0444	0.0466	0.0483	0.0493	0.0519	0.0550	0.0559	0.0526	0.0453	0.0383	0.0346	0.0319	0.0272	0.0210	0.0172	0.0156	0.0142	0.0132	0.0142	0.0217	0.0503	0.0895	0.1094	0.1162	0.1200	0.1254	0.1347	0.1457	0.1520	0.1518	0.1478	0.1416	0.1378	0.1428	0.1558
1442	2C42	56.67	79.78	99.59	49.27	0.00	0.00	0.00	0.0212	0.0222	0.0201	0.0175	0.0151	0.0149	0.0158	0.0183	0.0217	0.0237	0.0265	0.0369	0.0528	0.0611	0.0569	0.0500	0.0454	0.0388	0.0305	0.0265	0.0354	0.0667	0.0967	0.1081	0.1120	0.1147	0.1187	0.1257	0.1344	0.1393	0.1386	0.1347	0.1290	0.1258	0.1305	0.1423
1443	2C43	53.39	54.61	100.00	43.56	9.20	8.79	0.00	0.0282	0.0265	0.0229	0.0184	0.0163	0.0159	0.0171	0.0198	0.0246	0.0277	0.0324	0.0486	0.0762	0.0982	0.1022	0.0975	0.0926	0.0841	0.0719	0.0635	0.0709	0.0999	0.1238	0.1307	0.1329	0.1347	0.1380	0.1444	0.1527	0.1584	0.1593	0.1571	0.1531	0.1508	0.1555	0.1671
1444	2C44	70.10	97.49	72.21	65.68	0.00	0.00	0.00	0.0190	0.0210	0.0224	0.0240	0.0244	0.0257	0.0272	0.0289	0.0293	0.0271	0.0255	0.0261	0.0274	0.0257	0.0214	0.0178	0.0159	0.0143	0.0134	0.0146	0.0200	0.0357	0.0517	0.0565	0.0571	0.0575	0.0592	0.0635	0.0692	0.0726	0.0720	0.0692	0.0648	0.0627	0.0662	0.0751
1445	2C45	70.10	72.21	97.49	65.68	0.00	0.00	0.00	0.0116	0.0129	0.0133	0.0133	0.0123	0.0119	0.0130	0.0148	0.0174	0.0190	0.0217	0.0306	0.0438	0.0517	0.0500	0.0456	0.0413	0.0358	0.0291	0.0255	0.0295	0.0431	0.0536	0.0558	0.0560	0.0566	0.0586	0.0632	0.0691	0.0725	0.0718	0.0688	0.0651	0.0631	0.0667	0.0756
1446	2C46	92.79	7.50	92.79	0.00	0.00	88.00	0.00	0.0145	0.0171	0.0178	0.0199	0.0227	0.0269	0.0341	0.0471	0.0691	0.0924	0.1185	0.1789	0.2849	0.3805	0.3975	0.3499	0.2807	0.2035	0.1303	0.0773	0.0454	0.0270	0.0161	0.0119	0.0103	0.0096	0.0091	0.0088	0.0093	0.0107	0.0129	0.0155	0.0176	0.0190	0.0210	0.0252
1447	2C47	93.19	7.50	69.19	0.00	0.00	88.72	0.00	0.0165	0.0215	0.0269	0.0340	0.0435	0.0581	0.0774	0.1058	0.1486	0.1937	0.2340	0.2910	0.3657	0.4183	0.4081	0.3519	0.2801	0.2010	0.1268	0.0740	0.0425	0.0245	0.0145	0.0107	0.0095	0.0090	0.0085	0.0081	0.0085	0.0097	0.0114	0.0139	0.0161	0.0175	0.0193	0.0235
1448	2C48	91.78	7.50	41.78	0.00	0.00	88.72	0.00	0.0184	0.0272	0.0365	0.0471	0.0626	0.0849	0.1138	0.1549	0.2137	0.2778	0.3296	0.3821	0.4322	0.4530	0.4241	0.3627	0.2888	0.2087	0.1329	0.0779	0.0446	0.0253	0.0145	0.0104	0.0091	0.0086	0.0082	0.0080	0.0084	0.0097	0.0118	0.0145	0.0168	0.0184	0.0201	0.0243
1449	2C49	92.98	7.50	18.98	0.00	0.00	89.20	0.00	0.0185	0.0265	0.0364	0.0496	0.0693	0.0957	0.1320	0.1828	0.2560	0.3386	0.4036	0.4514	0.4769	0.4692	0.4244	0.3577	0.2821	0.2009	0.1253	0.0714	0.0395	0.0218	0.0126	0.0092	0.0082	0.0078	0.0074	0.0073	0.0077	0.0083	0.0100	0.0120	0.0141	0.0159	0.0175	0.0209
1450	2C50	94.61	5.34	5.83	0.00	0.00	79.39	3.46	0.0239	0.0392	0.0597	0.0820	0.1108	0.1497	0.1976	0.2590	0.3408	0.4277	0.4896	0.5232	0.5263	0.4994	0.4456	0.3755	0.2981	0.2156	0.1375	0.0807	0.0463	0.0264	0.0150	0.0105	0.0092	0.0086	0.0084	0.0085	0.0094	0.0111	0.0135	0.0161	0.0181	0.0193	0.0212	0.0264
1451	2D1	94.56	2.82	2.82	0.00	0.00	59.49	7.49	0.0580	0.1052	0.1570	0.2039	0.2464	0.2939	0.3480	0.4055	0.4682	0.5284	0.5622	0.5676	0.5475	0.5069	0.4482	0.3791	0.3067	0.2292	0.1535	0.0973	0.0633	0.0435	0.0307	0.0242	0.0221	0.0217	0.0225	0.0255	0.0303	0.0346	0.0364	0.0362	0.0347	0.0333	0.0364	0.0451
1452	2D2	94.90	4.51	4.51	0.00	0.00	30.78	4.78	0.0880	0.1600	0.2366	0.2995	0.3471	0.3946	0.4479	0.4971	0.5411	0.5757	0.5897	0.5883	0.5708	0.5343	0.4770	0.4076	0.3344	0.2551	0.1751	0.1145	0.0787	0.0593	0.0451	0.0369	0.0341	0.0340	0.0360	0.0423	0.0514	0.0573	0.0574	0.0542	0.0482	0.0441	0.0486	0.0627
1453	2D3	94.85	4.25	4.25	0.00	0.00	7.20	5.20	0.1138	0.2159	0.3245	0.4098	0.4651	0.5143	0.5676	0.6079	0.6283	0.6339	0.6254	0.6100	0.5862	0.5482	0.4905	0.4222	0.3512	0.2730	0.1918	0.1291	0.0919	0.0717	0.0564	0.0466	0.0434	0.0436	0.0468	0.0563	0.0694	0.0770	0.0750	0.0682	0.0581	0.0516	0.0571	0.0755
1454	2D4	96.26	22.50	96.26	0.00	0.00	64.00	0.00	0.0188	0.0257	0.0297	0.0320	0.0332	0.0370	0.0441	0.0556	0.0747	0.0919	0.1115	0.1618	0.2530	0.3354	0.3480	0.3063	0.2485	0.1826	0.1184	0.0733	0.0496	0.0384	0.0294	0.0235	0.0211	0.0203	0.0205	0.0225	0.0261	0.0297	0.0313	0.0316	0.0302	0.0288	0.0318	0.0403
1455	2D5	97.83	22.50	73.83	0.00	0.00	66.58	0.00	0.0246	0.0381	0.0494	0.0583	0.0668	0.0791	0.0961	0.1196	0.1519	0.1820	0.2079	0.2538	0.3195	0.3652	0.3539	0.3046	0.2442	0.1769	0.1127	0.0680	0.0447	0.0334	0.0245	0.0192	0.0169	0.0163	0.0161	0.0173	0.0203	0.0231	0.0247	0.0255	0.0249	0.0245	0.0272	0.0345
1456	2D6	98.27	22.28	48.90	0.00	0.00	67.23	0.00	0.0307	0.0471	0.0646	0.0799	0.0963	0.1181	0.1447	0.1797	0.2246	0.2663	0.2977	0.3360	0.3779	0.3937	0.3649	0.3100	0.2473	0.1788	0.1134	0.0680	0.0441	0.0322	0.0236	0.0182	0.0162	0.0152	0.0151	0.0161	0.0188	0.0216	0.0233	0.0243	0.0240	0.0236	0.0260	0.0329
1457	2D7	97.25	17.05	31.96	0.00	0.00	66.70	8.72	0.0302	0.0497	0.0721	0.0932	0.1140	0.1413	0.1752	0.2161	0.2668	0.3133	0.3426	0.3680	0.3872	0.3828	0.3441	0.2888	0.2301	0.1667	0.1060	0.0634	0.0406	0.0291	0.0207	0.0159	0.0142	0.0135	0.0135	0.0145	0.0170	0.0195	0.0216	0.0226	0.0226	0.0223	0.0246	0.0314
1458	2D8	96.99	15.40	19.28	0.00	0.00	55.69	11.24	0.0423	0.0730	0.1044	0.1344	0.1625	0.1951	0.2342	0.2788	0.3288	0.3715	0.3936	0.4059	0.4073	0.3881	0.3430	0.2874	0.2311	0.1699	0.1101	0.0678	0.0452	0.0338	0.0251	0.0198	0.0177	0.0172	0.0176	0.0198	0.0238	0.0275	0.0294	0.0296	0.0282	0.0275	0.0304	0.0391
1459	2D9	96.67	13.33	13.54	0.00	0.00	42.25	14.67	0.0562	0.1015	0.1477	0.1860	0.2196	0.2564	0.2982	0.3417	0.3849	0.4171	0.4285	0.4289	0.4201	0.3936	0.3453	0.2902	0.2362	0.1774	0.1181	0.0755	0.0531	0.0422	0.0333	0.0271	0.0247	0.0243	0.0255	0.0295	0.0357	0.0409	0.0421	0.0410	0.0376	0.0349	0.0386	0.0494
1460	2D10	95.27	6.85	6.85	0.00	0.00	26.52	24.76	0.0740	0.1353	0.2027	0.2581	0.2989	0.3410	0.3861	0.4247	0.4541	0.4687	0.4619	0.4426	0.4158	0.3789	0.3284	0.2767	0.2290	0.1772	0.1227	0.0818	0.0595	0.0482	0.0389	0.0327	0.0301	0.0300	0.0322	0.0383	0.0473	0.0537	0.0538	0.0507	0.0449	0.0414	0.0456	0.0590
1461	2D11	97.75	38.75	97.75	0.00	0.00	40.00	0.00	0.0272	0.0315	0.0339	0.0333	0.0333	0.0354	0.0403	0.0499	0.0655	0.0778	0.0924	0.1366	0.2170	0.2873	0.2960	0.2616	0.2154	0.1613	0.1070	0.0691	0.0515	0.0463	0.0402	0.0340	0.0313	0.0307	0.0315	0.0357	0.0422	0.0474	0.0481	0.0460	0.0418	0.0395	0.0433	0.0558
1462	2D12	100.00	38.75	77.44	0.00	0.00	43.69	0.00	0.0316	0.0496	0.0631	0.0718	0.0784	0.0890	0.1031	0.1218	0.1462	0.1648	0.1804	0.2168	0.2731	0.3111	0.3000	0.2590	0.2105	0.1553	0.1011	0.0637	0.0464	0.0409	0.0347	0.0291	0.0262	0.0255	0.0261	0.0293	0.0350	0.0394	0.0403	0.0390	0.0355	0.0334	0.0367	0.0474
1463	2D13	100.00	31.09	62.03	0.00	0.00	42.50	11.79	0.0374	0.0603	0.0820	0.0964	0.1087	0.1244	0.1450	0.1695	0.1968	0.2153	0.2262	0.2483	0.2802	0.2933	0.2688	0.2274	0.1846	0.1371	0.0897	0.0572	0.0424	0.0376	0.0321	0.0270	0.0245	0.0239	0.0248	0.0280	0.0337	0.0382	0.0390	0.0378	0.0343	0.0320	0.0355	0.0459
1464	2D14	99.25	27.37	43.50	0.00	0.00	42.45	17.94	0.0431	0.0697	0.0985	0.1194	0.1381	0.1597	0.1863	0.2154	0.2459	0.2657	0.2727	0.2834	0.2962	0.2918	0.2588	0.2166	0.1763	0.1319	0.0868	0.0558	0.0418	0.0369	0.0312	0.0263	0.0239	0.0233	0.0242	0.0275	0.0330	0.0378	0.0389	0.0377	0.0346	0.0326	0.0357	0.0469
1465	2D15	99.73	29.24	31.62	0.00	0.00	36.51	15.24	0.0473	0.0858	0.1227	0.1511	0.1729	0.1985	0.2292	0.2601	0.2889	0.3051	0.3077	0.3104	0.3120	0.2978	0.2600	0.2167	0.1764	0.1320	0.0869	0.0559	0.0422	0.0383	0.0332	0.0281	0.0258	0.0254	0.0265	0.0304	0.0370	0.0417	0.0422	0.0403	0.0362	0.0336	0.0371	0.0483
1466	2D16	98.58	22.89	22.96	0.00	0.00	27.24	25.38	0.0554	0.1040	0.1527	0.1898	0.2175	0.2470	0.2800	0.3095	0.3318	0.3389	0.3306	0.3197	0.3076	0.2837	0.2427	0.2017	0.1658	0.1266	0.0854	0.0564	0.0433	0.0396	0.0348	0.0298	0.0276	0.0273	0.0291	0.0344	0.0424	0.0479	0.0480	0.0450	0.0399	0.0364	0.0405	0.0524
1467	2D17	98.15	43.88	98.15	14.72	0.00	16.88	0.00	0.0239	0.0309	0.0318	0.0294	0.0275	0.0283	0.0314	0.0386	0.0502	0.0583	0.0692	0.1056	0.1710	0.2260	0.2334	0.2087	0.1753	0.1345	0.0918	0.0614	0.0482	0.0464	0.0424	0.0370	0.0346	0.0342	0.0359	0.0418	0.0504	0.0559	0.0549	0.0506	0.0439	0.0401	0.0447	0.0584
1468	2D18	100.00	42.10	82.64	10.21	0.00	23.56	7.46	0.0303	0.0472	0.0607	0.0673	0.0700	0.0760	0.0854	0.0980	0.1135	0.1225	0.1305	0.1585	0.2043	0.2349	0.2249	0.1938	0.1596	0.1198	0.0793	0.0515	0.0399	0.0382	0.0348	0.0301	0.0277	0.0271	0.0284	0.0334	0.0408	0.0456	0.0451	0.0418	0.0362	0.0330	0.0369	0.0487
1469	2D19	100.00	40.87	65.78	4.89	0.00	27.45	15.22	0.0360	0.0638	0.0869	0.1022	0.1132	0.1258	0.1423	0.1608	0.1794	0.1889	0.1929	0.2098	0.2368	0.2475	0.2250	0.1896	0.1548	0.1159	0.0762	0.0493	0.0381	0.0365	0.0333	0.0288	0.0265	0.0259	0.0272	0.0316	0.0389	0.0438	0.0437	0.0407	0.0356	0.0324	0.0360	0.0475
1470	2D20	100.00	40.23	54.41	1.37	0.00	33.01	20.10	0.0397	0.0670	0.0937	0.1134	0.1271	0.1439	0.1647	0.1863	0.2071	0.2175	0.2188	0.2281	0.2433	0.2431	0.2155	0.1792	0.1453	0.1081	0.0705	0.0454	0.0352	0.0337	0.0308	0.0265	0.0244	0.0238	0.0247	0.0285	0.0348	0.0393	0.0397	0.0374	0.0331	0.0305	0.0339	0.0445
1471	2D21	100.00	40.11	42.08	0.67	0.00	19.39	20.80	0.0503	0.0893	0.1293	0.1578	0.1769	0.1980	0.2225	0.2444	0.2605	0.2636	0.2571	0.2566	0.2598	0.2493	0.2162	0.1792	0.1461	0.1098	0.0724	0.0470	0.0366	0.0354	0.0325	0.0280	0.0256	0.0251	0.0267	0.0319	0.0400	0.0453	0.0448	0.0411	0.0353	0.0318	0.0356	0.0479
1472	2D22	100.00	48.83	100.00	33.41	0.00	0.39	0.00	0.0174	0.0232	0.0241	0.0220	0.0201	0.0201	0.0220	0.0268	0.0341	0.0396	0.0472	0.0726	0.1171	0.1527	0.1557	0.1393	0.1173	0.0899	0.0614	0.0419	0.0347	0.0355	0.0338	0.0298	0.0280	0.0278	0.0292	0.0342	0.0416	0.0456	0.0436	0.0391	0.0329	0.0295	0.0331	0.0440
1473	2D23	100.00	46.81	80.41	27.90	0.00	7.92	7.91	0.0239	0.0394	0.0513	0.0566	0.0588	0.0624	0.0689	0.0774	0.0867	0.0911	0.0956	0.1145	0.1451	0.1641	0.1560	0.1351	0.1122	0.0852	0.0572	0.0385	0.0316	0.0319	0.0298	0.0262	0.0242	0.0237	0.0249	0.0291	0.0360	0.0400	0.0387	0.0350	0.0298	0.0270	0.0304	0.0408
1474	2D24	100.00	46.97	55.07	28.24	0.00	21.01	7.54	0.0312	0.0523	0.0733	0.0866	0.0949	0.1045	0.1166	0.1290	0.1401	0.1446	0.1463	0.1560	0.1703	0.1734	0.1574	0.1340	0.1099	0.0824	0.0544	0.0358	0.0289	0.0287	0.0268	0.0232	0.0213	0.0207	0.0215	0.0249	0.0302	0.0337	0.0332	0.0305	0.0265	0.0243	0.0273	0.0368
1475	2D25	100.00	44.65	45.42	21.24	0.00	18.68	17.96	0.0369	0.0653	0.0939	0.1122	0.1249	0.1385	0.1544	0.1686	0.1788	0.1809	0.1779	0.1796	0.1836	0.1766	0.1538	0.1282	0.1048	0.0790	0.0525	0.0349	0.0286	0.0288	0.0271	0.0237	0.0218	0.0212	0.0221	0.0258	0.0317	0.0358	0.0354	0.0323	0.0279	0.0255	0.0284	0.0380
1476	2D26	99.59	56.67	99.59	49.27	0.00	0.00	0.00	0.0136	0.0187	0.0199	0.0192	0.0190	0.0188	0.0205	0.0241	0.0289	0.0319	0.0370	0.0535	0.0820	0.1043	0.1061	0.0957	0.0815	0.0639	0.0456	0.0331	0.0289	0.0306	0.0300	0.0271	0.0251	0.0245	0.0253	0.0287	0.0340	0.0371	0.0357	0.0322	0.0278	0.0255	0.0282	0.0366
1477	2D27	99.59	56.67	79.78	49.27	0.00	0.00	0.00	0.0215	0.0328	0.0414	0.0450	0.0469	0.0493	0.0537	0.0582	0.0631	0.0646	0.0670	0.0785	0.0967	0.1081	0.1047	0.0931	0.0794	0.0622	0.0440	0.0317	0.0277	0.0294	0.0287	0.0258	0.0240	0.0235	0.0241	0.0276	0.0327	0.0357	0.0343	0.0312	0.0268	0.0246	0.0275	0.0362
1478	2D28	100.00	53.39	54.61	43.56	0.00	9.20	8.79	0.0256	0.0447	0.0600	0.0698	0.0758	0.0822	0.0899	0.0972	0.1026	0.1031	0.1024	0.1079	0.1164	0.1177	0.1070	0.0922	0.0772	0.0596	0.0413	0.0292	0.0252	0.0266	0.0257	0.0227	0.0208	0.0201	0.0208	0.0236	0.0285	0.0312	0.0305	0.0279	0.0243	0.0226	0.0251	0.0331
1479	2D29	97.49	70.10	72.21	65.68	0.00	0.00	0.00	0.0159	0.0226	0.0264	0.0285	0.0294	0.0318	0.0343	0.0372	0.0389	0.0391	0.0401	0.0450	0.0522	0.0559	0.0527	0.0469	0.0408	0.0333	0.0256	0.0210	0.0211	0.0249	0.0262	0.0239	0.0217	0.0209	0.0209	0.0230	0.0262	0.0281	0.0272	0.0249	0.0221	0.0207	0.0228	0.0287
1480	2D30	69.19	7.50	93.19	0.00	0.00	88.72	0.00	0.0151	0.0169	0.0192	0.0212	0.0235	0.0292	0.0371	0.0505	0.0744	0.0995	0.1276	0.1896	0.2995	0.4049	0.4340	0.3961	0.3331	0.2590	0.1840	0.1232	0.0786	0.0462	0.0254	0.0166	0.0135	0.0123	0.0116	0.0115	0.0122	0.0149	0.0194	0.0261	0.0329	0.0373	0.0394	0.0430
1481	2D31	71.33	7.59	71.15	0.00	0.00	88.49	0.00	0.0186	0.0237	0.0285	0.0352	0.0447	0.0581	0.0760	0.1036	0.1465	0.1931	0.2357	0.2963	0.3788	0.4425	0.4438	0.3959	0.3297	0.2540	0.1782	0.1177	0.0733	0.0420	0.0225	0.0146	0.0121	0.0110	0.0106	0.0103	0.0112	0.0134	0.0176	0.0234	0.0297	0.0336	0.0352	0.0389
1482	2D32	71.25	7.52	45.25	0.00	0.00	88.35	0.00	0.0163	0.0239	0.0315	0.0420	0.0568	0.0771	0.1040	0.1430	0.2018	0.2674	0.3232	0.3813	0.4389	0.4694	0.4505	0.3963	0.3282	0.2514	0.1750	0.1140	0.0699	0.0390	0.0204	0.0129	0.0107	0.0098	0.0094	0.0092	0.0100	0.0120	0.0158	0.0210	0.0273	0.0310	0.0324	0.0353
1483	2D33	77.24	7.50	30.93	0.00	0.00	78.14	0.00	0.0298	0.0449	0.0582	0.0757	0.0983	0.1265	0.1614	0.2086	0.2728	0.3400	0.3925	0.4410	0.4832	0.4976	0.4684	0.4100	0.3408	0.2634	0.1862	0.1246	0.0811	0.0501	0.0290	0.0192	0.0159	0.0146	0.0141	0.0141	0.0156	0.0194	0.0246	0.0306	0.0361	0.0398	0.0421	0.0470
1484	2D34	78.99	7.49	16.61	0.00	0.00	66.79	0.01	0.0501	0.0769	0.1037	0.1312	0.1610	0.1971	0.2393	0.2915	0.3578	0.4235	0.4709	0.5071	0.5292	0.5237	0.4845	0.4236	0.3538	0.2765	0.1983	0.1357	0.0926	0.0624	0.0407	0.0296	0.0256	0.0243	0.0239	0.0251	0.0285	0.0335	0.0387	0.0435	0.0470	0.0487	0.0518	0.0596
1485	2D35	79.95	5.65	12.01	0.00	0.00	48.60	2.97	0.0760	0.1214	0.1696	0.2098	0.2458	0.2840	0.3282	0.3776	0.4349	0.4878	0.5227	0.5479	0.5602	0.5482	0.5055	0.4439	0.3745	0.2970	0.2168	0.1522	0.1086	0.0793	0.0575	0.0454	0.0408	0.0397	0.0407	0.0445	0.0512	0.0577	0.0618	0.0639	0.0629	0.0614	0.0656	0.0773
1486	2D36	83.37	6.85	6.85	0.00	0.00	27.05	1.05	0.1130	0.1869	0.2611	0.3181	0.3595	0.4002	0.4443	0.4864	0.5266	0.5579	0.5743	0.5844	0.5845	0.5641	0.5188	0.4575	0.3893	0.3127	0.2320	0.1671	0.1255	0.1008	0.0809	0.0681	0.0635	0.0630	0.0659	0.0738	0.0852	0.0931	0.0941	0.0912	0.0848	0.0801	0.0855	0.1032
1487	2D37	73.83	22.50	97.83	0.00	0.00	66.58	0.00	0.0221	0.0250	0.0247	0.0252	0.0256	0.0280	0.0324	0.0427	0.0598	0.0757	0.0958	0.1513	0.2547	0.3542	0.3823	0.3507	0.2994	0.2372	0.1721	0.1202	0.0872	0.0662	0.0485	0.0375	0.0328	0.0314	0.0307	0.0317	0.0353	0.0408	0.0467	0.0530	0.0575	0.0600	0.0631	0.0713
1488	2D38	76.94	22.50	76.94	0.00	0.00	66.95	0.00	0.0253	0.0362	0.0463	0.0531	0.0608	0.0727	0.0881	0.1101	0.1415	0.1702	0.1963	0.2460	0.3227	0.3841	0.3867	0.3464	0.2918	0.2279	0.1622	0.1107	0.0785	0.0587	0.0422	0.0323	0.0281	0.0265	0.0260	0.0269	0.0302	0.0352	0.0408	0.0462	0.0501	0.0522	0.0552	0.0629
1489	2D39	80.27	22.50	54.27	0.00	0.00	67.42	0.00	0.0336	0.0486	0.0629	0.0749	0.0900	0.1099	0.1344	0.1661	0.2083	0.2474	0.2776	0.3194	0.3725	0.4048	0.3895	0.3426	0.2856	0.2204	0.1541	0.1029	0.0712	0.0522	0.0369	0.0277	0.0240	0.0227	0.0221	0.0229	0.0261	0.0308	0.0357	0.0402	0.0440	0.0457	0.0488	0.0561
1490	2D40	82.08	18.32	40.92	0.00	0.00	57.30	6.70	0.0455	0.0663	0.0893	0.1086	0.1281	0.1527	0.1822	0.2178	0.2621	0.3007	0.3277	0.3585	0.3909	0.4012	0.3733	0.3251	0.2717	0.2110	0.1482	0.0997	0.0705	0.0538	0.0401	0.0316	0.0280	0.0269	0.0271	0.0293	0.0340	0.0393	0.0437	0.0472	0.0488	0.0494	0.0528	0.0621
1491	2D41	82.14	18.27	27.58	0.00	0.00	47.17	6.77	0.0636	0.0974	0.1300	0.1581	0.1828	0.2116	0.2449	0.2834	0.3270	0.3632	0.3851	0.4065	0.4242	0.4204	0.3852	0.3348	0.2814	0.2209	0.1573	0.1076	0.0788	0.0634	0.0502	0.0410	0.0372	0.0365	0.0376	0.0415	0.0483	0.0548	0.0589	0.0607	0.0596	0.0586	0.0625	0.0743
1492	2D42	83.15	15.10	19.91	0.00	0.00	33.96	11.84	0.0806	0.1319	0.1798	0.2160	0.2452	0.2758	0.3111	0.3468	0.3833	0.4091	0.4201	0.4278	0.4302	0.4140	0.3732	0.3244	0.2760	0.2209	0.1612	0.1143	0.0878	0.0747	0.0625	0.0533	0.0494	0.0489	0.0511	0.0576	0.0674	0.0754	0.0783	0.0779	0.0740	0.0710	0.0755	0.0899
1493	2D43	77.44	38.75	100.00	0.00	0.00	43.69	0.00	0.0272	0.0293	0.0273	0.0233	0.0209	0.0208	0.0232	0.0305	0.0443	0.0554	0.0705	0.1190	0.2094	0.2932	0.3144	0.2898	0.2527	0.2048	0.1518	0.1107	0.0912	0.0875	0.0802	0.0710	0.0666	0.0651	0.0659	0.0704	0.0783	0.0862	0.0910	0.0935	0.0931	0.0921	0.0969	0.1101
1494	2D44	83.34	38.75	83.34	0.00	0.00	43.46	0.00	0.0377	0.0507	0.0550	0.0571	0.0601	0.0654	0.0741	0.0885	0.1090	0.1240	0.1391	0.1821	0.2545	0.3120	0.3146	0.2831	0.2427	0.1930	0.1393	0.0984	0.0789	0.0729	0.0641	0.0551	0.0508	0.0496	0.0505	0.0548	0.0625	0.0696	0.0729	0.0737	0.0715	0.0698	0.0740	0.0868
1495	2D45	84.21	34.13	65.60	0.00	0.00	43.72	7.39	0.0449	0.0675	0.0875	0.0997	0.1088	0.1213	0.1383	0.1589	0.1843	0.2009	0.2127	0.2418	0.2860	0.3127	0.2974	0.2616	0.2231	0.1774	0.1279	0.0904	0.0718	0.0649	0.0557	0.0472	0.0431	0.0420	0.0432	0.0478	0.0559	0.0628	0.0660	0.0667	0.0644	0.0624	0.0668	0.0797
1496	2D46	86.78	31.55	50.76	0.00	0.00	38.43	11.52	0.0591	0.0916	0.1192	0.1380	0.1533	0.1709	0.1919	0.2163	0.2423	0.2571	0.2636	0.2822	0.3093	0.3184	0.2934	0.2548	0.2166	0.1720	0.1237	0.0873	0.0692	0.0621	0.0530	0.0449	0.0409	0.0400	0.0417	0.0472	0.0561	0.0633	0.0656	0.0650	0.0609	0.0579	0.0621	0.0757
1497	2D47	86.72	30.14	37.71	0.00	0.00	27.26	13.78	0.0725	0.1204	0.1631	0.1915	0.2118	0.2331	0.2582	0.2832	0.3049	0.3130	0.3119	0.3185	0.3289	0.3231	0.2911	0.2520	0.2160	0.1743	0.1276	0.0921	0.0750	0.0692	0.0608	0.0524	0.0485	0.0480	0.0506	0.0583	0.0696	0.0779	0.0792	0.0766	0.0705	0.0661	0.0711	0.0875
1498	2D48	82.64	42.10	100.00	10.21	7.46	23.56	0.00	0.0310	0.0338	0.0310	0.0262	0.0222	0.0217	0.0239	0.0305	0.0422	0.0499	0.0610	0.0991	0.1694	0.2329	0.2494	0.2336	0.2082	0.1743	0.1352	0.1051	0.0922	0.0906	0.0832	0.0739	0.0700	0.0695	0.0723	0.0800	0.0918	0.0997	0.1000	0.0960	0.0884	0.0834	0.0889	0.1065
1499	2D49	82.38	46.90	82.38	10.57	0.00	31.55	0.00	0.0444	0.0595	0.0658	0.0669	0.0672	0.0707	0.0781	0.0903	0.1069	0.1170	0.1275	0.1634	0.2251	0.2740	0.2775	0.2537	0.2232	0.1835	0.1384	0.1037	0.0880	0.0846	0.0761	0.0664	0.0621	0.0612	0.0630	0.0695	0.0793	0.0867	0.0887	0.0867	0.0813	0.0777	0.0830	0.0977
1500	2D50	88.58	43.67	68.90	7.95	0.00	24.43	7.58	0.0509	0.0800	0.0994	0.1089	0.1154	0.1242	0.1366	0.1520	0.1686	0.1757	0.1808	0.2044	0.2442	0.2682	0.2554	0.2256	0.1943	0.1566	0.1144	0.0828	0.0688	0.0658	0.0596	0.0519	0.0480	0.0476	0.0500	0.0573	0.0679	0.0754	0.0759	0.0724	0.0661	0.0619	0.0668	0.0822
1501	2E1	89.55	41.05	56.39	2.51	0.00	24.14	17.18	0.0519	0.0835	0.1123	0.1309	0.1431	0.1593	0.1779	0.1973	0.2158	0.2232	0.2235	0.2337	0.2517	0.2551	0.2302	0.1968	0.1655	0.1295	0.0907	0.0632	0.0529	0.0548	0.0544	0.0498	0.0471	0.0471	0.0499	0.0575	0.0689	0.0764	0.0766	0.0731	0.0663	0.0617	0.0664	0.0815
1502	2E2	80.41	46.81	100.00	27.90	7.91	7.92	0.00	0.0254	0.0292	0.0284	0.0234	0.0209	0.0210	0.0225	0.0271	0.0347	0.0394	0.0467	0.0722	0.1181	0.1577	0.1666	0.1558	0.1399	0.1178	0.0917	0.0722	0.0672	0.0756	0.0793	0.0765	0.0752	0.0759	0.0793	0.0880	0.0996	0.1064	0.1047	0.0991	0.0905	0.0851	0.0903	0.1064
1503	2E3	83.81	56.12	83.81	23.97	0.00	14.47	0.00	0.0392	0.0539	0.0604	0.0641	0.0662	0.0691	0.0748	0.0834	0.0932	0.0978	0.1027	0.1237	0.1582	0.1816	0.1777	0.1605	0.1402	0.1139	0.0840	0.0618	0.0554	0.0627	0.0662	0.0628	0.0610	0.0612	0.0642	0.0720	0.0832	0.0897	0.0888	0.0839	0.0757	0.0706	0.0759	0.0916
1504	2E4	86.10	53.01	64.49	22.12	0.00	16.36	5.86	0.0453	0.0706	0.0877	0.0968	0.1030	0.1113	0.1220	0.1332	0.1438	0.1476	0.1494	0.1620	0.1825	0.1916	0.1792	0.1584	0.1368	0.1099	0.0795	0.0575	0.0503	0.0550	0.0565	0.0527	0.0505	0.0506	0.0534	0.0610	0.0717	0.0782	0.0774	0.0731	0.0655	0.0606	0.0657	0.0809
1505	2E5	79.78	56.67	99.59	49.27	0.00	0.00	0.00	0.0213	0.0214	0.0198	0.0172	0.0155	0.0155	0.0167	0.0199	0.0245	0.0272	0.0323	0.0490	0.0768	0.0985	0.1017	0.0946	0.0856	0.0723	0.0563	0.0446	0.0430	0.0514	0.0562	0.0551	0.0541	0.0548	0.0575	0.0638	0.0722	0.0769	0.0752	0.0706	0.0641	0.0605	0.0647	0.0768
1506	2E6	41.78	7.50	91.78	0.00	0.00	88.72	0.00	0.0204	0.0215	0.0219	0.0241	0.0269	0.0319	0.0402	0.0545	0.0796	0.1056	0.1352	0.2009	0.3174	0.4329	0.4745	0.4468	0.3910	0.3212	0.2454	0.1772	0.1191	0.0715	0.0384	0.0237	0.0186	0.0166	0.0157	0.0152	0.0169	0.0213	0.0292	0.0407	0.0535	0.0612	0.0633	0.0659
1507	2E7	45.25	7.52	71.25	0.00	0.00	88.35	0.00	0.0227	0.0249	0.0317	0.0385	0.0489	0.0623	0.0801	0.1076	0.1508	0.1979	0.2410	0.3047	0.3940	0.4692	0.4828	0.4448	0.3860	0.3144	0.2381	0.1701	0.1127	0.0661	0.0345	0.0208	0.0163	0.0146	0.0137	0.0134	0.0148	0.0189	0.0265	0.0369	0.0488	0.0562	0.0578	0.0602
1508	2E8	57.33	7.50	57.33	0.00	0.00	71.41	0.00	0.0428	0.0553	0.0671	0.0798	0.0949	0.1142	0.1385	0.1729	0.2217	0.2708	0.3124	0.3701	0.4451	0.5019	0.5039	0.4621	0.4034	0.3340	0.2600	0.1957	0.1443	0.1026	0.0692	0.0512	0.0441	0.0415	0.0403	0.0406	0.0444	0.0519	0.0620	0.0735	0.0845	0.0901	0.0928	0.0985
1509	2E9	62.56	7.63	40.52	0.00	0.00	64.94	0.00	0.0586	0.0773	0.0963	0.1140	0.1346	0.1605	0.1912	0.2325	0.2885	0.3440	0.3878	0.4387	0.4943	0.5270	0.5131	0.4651	0.4041	0.3334	0.2587	0.1951	0.1460	0.1076	0.0765	0.0591	0.0520	0.0495	0.0485	0.0495	0.0542	0.0621	0.0713	0.0815	0.0902	0.0943	0.0973	0.1044
1510	2E10	61.13	7.73	26.82	0.00	0.00	56.66	0.00	0.0746	0.1036	0.1318	0.1573	0.1828	0.2135	0.2494	0.2944	0.3529	0.4091	0.4510	0.4930	0.5310	0.5449	0.5216	0.4724	0.4131	0.3450	0.2717	0.2092	0.1618	0.1253	0.0944	0.0762	0.0684	0.0657	0.0649	0.0669	0.0728	0.0815	0.0906	0.0998	0.1070	0.1103	0.1136	0.1224
1511	2E11	64.59	7.62	19.77	0.00	0.00	39.75	0.00	0.1105	0.1566	0.1993	0.2334	0.2646	0.2970	0.3333	0.3761	0.4267	0.4713	0.5027	0.5343	0.5620	0.5673	0.5395	0.4897	0.4313	0.3636	0.2904	0.2284	0.1845	0.1539	0.1265	0.1085	0.1013	0.0990	0.0997	0.1046	0.1142	0.1237	0.1303	0.1348	0.1363	0.1359	0.1403	0.1535
1512	2E12	48.90	22.28	98.27	0.00	0.00	67.23	0.00	0.0266	0.0263	0.0248	0.0232	0.0226	0.0242	0.0283	0.0375	0.0548	0.0709	0.0917	0.1502	0.2610	0.3727	0.4145	0.3937	0.3514	0.2962	0.2337	0.1792	0.1400	0.1118	0.0848	0.0673	0.0595	0.0563	0.0549	0.0554	0.0596	0.0683	0.0800	0.0934	0.1060	0.1130	0.1157	0.1212
1513	2E13	54.27	22.50	80.27	0.00	0.00	67.42	0.00	0.0376	0.0411	0.0472	0.0518	0.0565	0.0658	0.0787	0.0987	0.1285	0.1558	0.1817	0.2352	0.3222	0.3989	0.4159	0.3866	0.3413	0.2848	0.2220	0.1683	0.1298	0.1019	0.0759	0.0593	0.0521	0.0493	0.0479	0.0484	0.0526	0.0607	0.0717	0.0840	0.0955	0.1015	0.1041	0.1098
1514	2E14	63.78	22.50	63.78	0.00	0.00	53.25	0.00	0.0516	0.0699	0.0846	0.0956	0.1065	0.1212	0.1408	0.1673	0.2032	0.2341	0.2602	0.3064	0.3729	0.4226	0.4219	0.3859	0.3387	0.2813	0.2184	0.1663	0.1329	0.1130	0.0924	0.0775	0.0708	0.0685	0.0680	0.0704	0.0766	0.0852	0.0935	0.1017	0.1076	0.1102	0.1138	0.1230
1515	2E15	66.02	21.05	49.08	0.00	0.00	49.78	2.32	0.0668	0.0916	0.1130	0.1292	0.1449	0.1647	0.1890	0.2204	0.2603	0.2943	0.3205	0.3600	0.4106	0.4424	0.4309	0.3909	0.3424	0.2842	0.2206	0.1680	0.1350	0.1157	0.0960	0.0818	0.0754	0.0733	0.0734	0.0767	0.0840	0.0927	0.1003	0.1064	0.1102	0.1112	0.1151	0.1259
1516	2E16	67.17	20.82	35.42	0.00	0.00	37.50	2.68	0.0968	0.1361	0.1693	0.1941	0.2144	0.2369	0.2643	0.2969	0.3343	0.3633	0.3836	0.4136	0.4493	0.4653	0.4448	0.4028	0.3542	0.2964	0.2319	0.1789	0.1477	0.1328	0.1165	0.1029	0.0969	0.0957	0.0973	0.1034	0.1140	0.1234	0.1283	0.1305	0.1293	0.1275	0.1327	0.1477
1517	2E17	62.03	31.09	100.00	0.00	11.79	42.50	0.00	0.0320	0.0320	0.0285	0.0241	0.0208	0.0214	0.0237	0.0306	0.0429	0.0519	0.0646	0.1061	0.1840	0.2589	0.2835	0.2692	0.2429	0.2091	0.1716	0.1440	0.1333	0.1349	0.1291	0.1197	0.1150	0.1139	0.1153	0.1208	0.1303	0.1395	0.1452	0.1488	0.1495	0.1490	0.1539	0.1671
1518	2E18	65.60	34.13	84.21	0.00	7.39	43.72	0.00	0.0469	0.0563	0.0594	0.0614	0.0631	0.0680	0.0760	0.0896	0.1080	0.1214	0.1346	0.1725	0.2368	0.2907	0.2998	0.2776	0.2466	0.2078	0.1653	0.1326	0.1173	0.1151	0.1082	0.0986	0.0940	0.0928	0.0938	0.0988	0.1079	0.1166	0.1221	0.1258	0.1268	0.1261	0.1308	0.1437
1519	2E19	69.80	35.65	69.80	0.00	2.48	36.76	2.48	0.0641	0.0841	0.0984	0.1060	0.1124	0.1222	0.1357	0.1546	0.1781	0.1944	0.2085	0.2440	0.3001	0.3415	0.3394	0.3099	0.2728	0.2271	0.1756	0.1348	0.1151	0.1127	0.1063	0.0971	0.0929	0.0921	0.0940	0.1004	0.1112	0.1203	0.1243	0.1255	0.1233	0.1206	0.1255	0.1414
1520	2E20	72.02	34.79	56.31	0.00	0.00	31.67	6.33	0.0760	0.1053	0.1271	0.1419	0.1525	0.1666	0.1842	0.2056	0.2298	0.2452	0.2552	0.2806	0.3185	0.3403	0.3252	0.2916	0.2554	0.2112	0.1609	0.1213	0.1034	0.1033	0.0995	0.0915	0.0875	0.0873	0.0899	0.0976	0.1094	0.1188	0.1218	0.1213	0.1169	0.1129	0.1184	0.1350
1521	2E21	65.78	40.87	100.00	4.89	15.22	27.45	0.00	0.0339	0.0337	0.0287	0.0236	0.0209	0.0208	0.0226	0.0288	0.0397	0.0475	0.0581	0.0932	0.1582	0.2172	0.2337	0.2205	0.1996	0.1720	0.1410	0.1191	0.1157	0.1288	0.1340	0.1294	0.1267	0.1267	0.1296	0.1378	0.1498	0.1588	0.1618	0.1610	0.1568	0.1530	0.1585	0.1748
1522	2E22	68.90	43.67	88.58	7.95	7.58	24.43	0.00	0.0425	0.0507	0.0507	0.0491	0.0470	0.0488	0.0538	0.0631	0.0766	0.0856	0.0957	0.1295	0.1880	0.2359	0.2433	0.2261	0.2029	0.1721	0.1367	0.1098	0.1025	0.1140	0.1190	0.1147	0.1123	0.1125	0.1158	0.1245	0.1370	0.1459	0.1481	0.1461	0.1401	0.1356	0.1413	0.1586
1523	2E23	72.01	46.24	72.01	6.08	2.83	25.22	2.83	0.0652	0.0831	0.0947	0.1001	0.1040	0.1106	0.1210	0.1351	0.1516	0.1609	0.1687	0.1962	0.2416	0.2732	0.2676	0.2430	0.2149	0.1788	0.1370	0.1050	0.0948	0.1055	0.1106	0.1064	0.1039	0.1041	0.1075	0.1164	0.1291	0.1384	0.1402	0.1378	0.1315	0.1267	0.1325	0.1509
1524	2E24	55.07	46.97	100.00	28.24	7.54	21.01	0.00	0.0295	0.0278	0.0243	0.0203	0.0176	0.0178	0.0186	0.0232	0.0314	0.0372	0.0452	0.0715	0.1172	0.1562	0.1661	0.1582	0.1465	0.1293	0.1076	0.0912	0.0919	0.1127	0.1278	0.1293	0.1292	0.1300	0.1327	0.1392	0.1486	0.1560	0.1585	0.1586	0.1562	0.1542	0.1586	0.1715
1525	2E25	64.49	53.01	86.10	22.12	5.86	16.36	0.00	0.0459	0.0516	0.0528	0.0506	0.0501	0.0518	0.0553	0.0625	0.0722	0.0772	0.0834	0.1061	0.1439	0.1717	0.1722	0.1598	0.1449	0.1245	0.0996	0.0811	0.0805	0.1011	0.1165	0.1178	0.1177	0.1188	0.1226	0.1312	0.1431	0.1512	0.1520	0.1494	0.1433	0.1389	0.1443	0.1609
1526	2E26	18.98	7.50	92.98	0.00	0.00	89.20	0.00	0.0167	0.0175	0.0187	0.0206	0.0239	0.0288	0.0358	0.0496	0.0733	0.0994	0.1289	0.1940	0.3125	0.4361	0.4875	0.4656	0.4132	0.3445	0.2684	0.1963	0.1305	0.0751	0.0382	0.0226	0.0175	0.0158	0.0147	0.0145	0.0158	0.0201	0.0282	0.0404	0.0551	0.0648	0.0662	0.0675
1527	2E27	30.93	7.50	77.24	0.00	0.00	78.14	0.00	0.0300	0.0347	0.0400	0.0444	0.0539	0.0655	0.0811	0.1052	0.1428	0.1814	0.2190	0.2846	0.3875	0.4840	0.5150	0.4854	0.4312	0.3634	0.2888	0.2191	0.1559	0.1002	0.0581	0.0378	0.0301	0.0275	0.0259	0.0257	0.0283	0.0353	0.0468	0.0621	0.0785	0.0885	0.0905	0.0930
1528	2E28	40.52	7.63	62.56	0.00	0.00	64.94	0.00	0.0551	0.0692	0.0789	0.0894	0.1029	0.1192	0.1397	0.1699	0.2133	0.2562	0.2942	0.3546	0.4412	0.5154	0.5321	0.4989	0.4459	0.3813	0.3104	0.2454	0.1889	0.1390	0.0978	0.0751	0.0658	0.0622	0.0606	0.0606	0.0650	0.0741	0.0868	0.1017	0.1164	0.1241	0.1263	0.1312
1529	2E29	48.08	7.69	48.57	0.00	0.00	53.89	0.00	0.0803	0.1021	0.1230	0.1400	0.1562	0.1776	0.2024	0.2369	0.2822	0.3242	0.3593	0.4114	0.4814	0.5357	0.5391	0.5017	0.4490	0.3858	0.3162	0.2543	0.2035	0.1602	0.1225	0.1003	0.0908	0.0875	0.0861	0.0875	0.0938	0.1034	0.1151	0.1273	0.1377	0.1429	0.1459	0.1532
1530	2E30	48.09	7.51	35.13	0.00	0.00	41.57	0.00	0.1198	0.1600	0.1951	0.2205	0.2428	0.2666	0.2935	0.3269	0.3700	0.4066	0.4357	0.4781	0.5327	0.5699	0.5640	0.5255	0.4746	0.4139	0.3463	0.2863	0.2392	0.2010	0.1661	0.1436	0.1338	0.1304	0.1300	0.1333	0.1417	0.1522	0.1621	0.1713	0.1776	0.1796	0.1832	0.1941
1531	2E31	31.96	17.05	97.25	0.00	8.72	66.70	0.00	0.0266	0.0269	0.0249	0.0222	0.0214	0.0224	0.0254	0.0337	0.0490	0.0628	0.0813	0.1344	0.2360	0.3412	0.3882	0.3799	0.3514	0.3115	0.2651	0.2224	0.1831	0.1438	0.1060	0.0834	0.0737	0.0699	0.0679	0.0678	0.0725	0.0821	0.0957	0.1117	0.1278	0.1366	0.1391	0.1437
1532	2E32	40.92	18.32	82.08	0.00	6.70	57.30	0.00	0.0478	0.0532	0.0556	0.0564	0.0594	0.0654	0.0743	0.0898	0.1137	0.1337	0.1549	0.2063	0.2943	0.3766	0.4054	0.3895	0.3581	0.3168	0.2692	0.2270	0.1927	0.1609	0.1280	0.1063	0.0967	0.0929	0.0912	0.0919	0.0975	0.1075	0.1198	0.1334	0.1456	0.1524	0.1554	0.1616
1533	2E33	49.08	21.05	66.02	0.00	2.32	49.78	0.00	0.0732	0.0906	0.1022	0.1114	0.1206	0.1321	0.1470	0.1697	0.2003	0.2251	0.2466	0.2926	0.3649	0.4257	0.4369	0.4110	0.3728	0.3242	0.2687	0.2206	0.1870	0.1625	0.1358	0.1163	0.1074	0.1041	0.1033	0.1056	0.1127	0.1227	0.1331	0.1434	0.1517	0.1557	0.1590	0.1677
1534	2E34	53.86	22.06	53.86	0.00	0.35	40.55	0.35	0.0928	0.1201	0.1424	0.1569	0.1690	0.1846	0.2031	0.2281	0.2595	0.2838	0.3038	0.3445	0.4053	0.4517	0.4520	0.4200	0.3778	0.3256	0.2659	0.2153	0.1836	0.1648	0.1431	0.1259	0.1179	0.1153	0.1153	0.1193	0.1281	0.1381	0.1463	0.1532	0.1572	0.1585	0.1622	0.1741
1535	2E35	43.50	27.37	99.25	0.00	17.94	42.45	0.00	0.0376	0.0349	0.0291	0.0242	0.0217	0.0211	0.0233	0.0298	0.0415	0.0504	0.0629	0.1030	0.1787	0.2542	0.2858	0.2812	0.2653	0.2426	0.2160	0.1953	0.1856	0.1823	0.1692	0.1547	0.1472	0.1445	0.1445	0.1478	0.1557	0.1657	0.1750	0.1837	0.1909	0.1942	0.1978	0.2075
1536	2E36	50.76	31.55	86.78	0.00	11.52	38.43	0.00	0.0498	0.0538	0.0548	0.0525	0.0519	0.0544	0.0597	0.0706	0.0878	0.0997	0.1130	0.1535	0.2239	0.2873	0.3069	0.2946	0.2728	0.2433	0.2081	0.1789	0.1649	0.1641	0.1559	0.1440	0.1377	0.1355	0.1358	0.1401	0.1490	0.1587	0.1664	0.1729	0.1770	0.1782	0.1821	0.1932
1537	2E37	56.31	34.79	72.02	0.00	6.33	31.67	0.00	0.0762	0.0929	0.1006	0.1053	0.1086	0.1153	0.1258	0.1408	0.1597	0.1717	0.1830	0.2167	0.2739	0.3206	0.3268	0.3065	0.2788	0.2427	0.2000	0.1649	0.1494	0.1525	0.1497	0.1407	0.1358	0.1346	0.1363	0.1427	0.1537	0.1636	0.1692	0.1721	0.1721	0.1709	0.1759	0.1908
1538	2E38	54.85	40.13	100.00	0.81	20.86	32.24	0.00	0.0338	0.0327	0.0285	0.0231	0.0198	0.0194	0.0216	0.0272	0.0371	0.0442	0.0540	0.0866	0.1463	0.2017	0.2202	0.2127	0.1985	0.1784	0.1539	0.1351	0.1320	0.1466	0.1531	0.1486	0.1451	0.1444	0.1463	0.1523	0.1625	0.1721	0.1771	0.1802	0.1804	0.1796	0.1845	0.1976
1539	2E39	56.54	41.03	89.58	2.46	17.31	24.00	0.00	0.0506	0.0539	0.0508	0.0455	0.0431	0.0441	0.0477	0.0558	0.0686	0.0763	0.0857	0.1177	0.1740	0.2221	0.2343	0.2238	0.2081	0.1862	0.1595	0.1389	0.1366	0.1565	0.1687	0.1666	0.1643	0.1643	0.1672	0.1751	0.1872	0.1969	0.2006	0.2006	0.1978	0.1951	0.2004	0.2164
1540	2E40	5.83	5.34	94.61	0.00	3.46	79.39	0.00	0.0230	0.0215	0.0217	0.0222	0.0226	0.0254	0.0300	0.0411	0.0615	0.0819	0.1077	0.1737	0.2971	0.4278	0.4906	0.4826	0.4441	0.3899	0.3260	0.2599	0.1905	0.1226	0.0701	0.0443	0.0347	0.0311	0.0290	0.0281	0.0312	0.0397	0.0544	0.0746	0.0974	0.1109	0.1125	0.1135
1541	2E41	16.61	7.49	78.99	0.00	0.01	66.79	0.00	0.0428	0.0495	0.0515	0.0550	0.0619	0.0715	0.0847	0.1065	0.1410	0.1743	0.2081	0.2756	0.3878	0.4976	0.5417	0.5223	0.4777	0.4187	0.3503	0.2831	0.2197	0.1606	0.1104	0.0824	0.0707	0.0660	0.0636	0.0629	0.0673	0.0785	0.0956	0.1168	0.1386	0.1510	0.1527	0.1550
1542	2E42	26.82	7.73	61.13	0.00	0.00	56.66	0.00	0.0712	0.0848	0.0960	0.1051	0.1163	0.1322	0.1520	0.1811	0.2231	0.2625	0.2978	0.3575	0.4465	0.5256	0.5491	0.5237	0.4792	0.4229	0.3575	0.2953	0.2402	0.1905	0.1455	0.1182	0.1061	0.1012	0.0987	0.0983	0.1038	0.1155	0.1316	0.1505	0.1682	0.1781	0.1806	0.1854
1543	2E43	35.13	7.51	48.09	0.00	0.00	41.57	0.00	0.1112	0.1365	0.1575	0.1712	0.1860	0.2041	0.2261	0.2571	0.2988	0.3351	0.3662	0.4192	0.4945	0.5571	0.5708	0.5430	0.5003	0.4467	0.3846	0.3278	0.2807	0.2408	0.2023	0.1768	0.1652	0.1605	0.1586	0.1605	0.1683	0.1802	0.1939	0.2070	0.2182	0.2237	0.2268	0.2351
1544	2E44	19.58	15.53	96.95	0.00	11.23	55.34	0.00	0.0372	0.0345	0.0286	0.0244	0.0221	0.0223	0.0249	0.0333	0.0490	0.0619	0.0797	0.1330	0.2330	0.3364	0.3856	0.3848	0.3664	0.3383	0.3035	0.2699	0.2384	0.2053	0.1675	0.1416	0.1296	0.1246	0.1219	0.1215	0.1270	0.1389	0.1555	0.1747	0.1932	0.2038	0.2061	0.2101
1545	2E45	27.58	18.27	82.14	0.00	6.77	47.17	0.00	0.0635	0.0660	0.0673	0.0650	0.0651	0.0702	0.0777	0.0930	0.1168	0.1353	0.1556	0.2088	0.3000	0.3865	0.4211	0.4130	0.3909	0.3588	0.3190	0.2822	0.2535	0.2284	0.1962	0.1721	0.1603	0.1554	0.1530	0.1538	0.1607	0.1725	0.1870	0.2027	0.2170	0.2242	0.2270	0.2339
1546	2E46	35.42	20.82	67.17	0.00	2.68	37.50	0.00	0.0982	0.1129	0.1218	0.1252	0.1308	0.1393	0.1518	0.1721	0.2006	0.2214	0.2406	0.2889	0.3684	0.4381	0.4593	0.4432	0.4160	0.3785	0.3318	0.2901	0.2642	0.2479	0.2231	0.2016	0.1906	0.1862	0.1849	0.1874	0.1959	0.2077	0.2196	0.2314	0.2404	0.2446	0.2475	0.2567
1547	2E47	31.62	29.24	99.73	0.00	15.24	36.51	0.00	0.0459	0.0411	0.0332	0.0265	0.0227	0.0217	0.0240	0.0308	0.0433	0.0522	0.0647	0.1070	0.1872	0.2678	0.3035	0.3034	0.2939	0.2776	0.2563	0.2405	0.2398	0.2472	0.2365	0.2202	0.2110	0.2074	0.2065	0.2094	0.2180	0.2293	0.2402	0.2506	0.2595	0.2636	0.2670	0.2766
1548	2E48	37.71	30.14	86.72	0.00	13.78	27.26	0.00	0.0747	0.0726	0.0662	0.0575	0.0535	0.0534	0.0571	0.0677	0.0848	0.0951	0.1084	0.1517	0.2274	0.2964	0.3224	0.3183	0.3070	0.2899	0.2678	0.2521	0.2535	0.2653	0.2593	0.2451	0.2366	0.2334	0.2336	0.2384	0.2487	0.2597	0.2681	0.2746	0.2786	0.2795	0.2834	0.2953
1549	2E49	42.08	40.11	100.00	0.67	20.80	19.39	0.00	0.0496	0.0428	0.0334	0.0261	0.0219	0.0208	0.0221	0.0277	0.0374	0.0435	0.0523	0.0842	0.1447	0.2027	0.2250	0.2229	0.2168	0.2063	0.1923	0.1870	0.2054	0.2452	0.2634	0.2603	0.2564	0.2551	0.2571	0.2641	0.2758	0.2855	0.2903	0.2920	0.2908	0.2893	0.2942	0.3083
1550	2E50	2.82	2.82	94.56	0.00	7.49	59.49	0.00	0.0402	0.0364	0.0317	0.0267	0.0246	0.0254	0.0286	0.0387	0.0578	0.0745	0.0971	0.1614	0.2843	0.4180	0.4915	0.4987	0.4782	0.4462	0.4079	0.3679	0.3147	0.2508	0.1933	0.1602	0.1456	0.1392	0.1352	0.1335	0.1381	0.1507	0.1702	0.1938	0.2179	0.2320	0.2334	0.2340
1551	2F1	12.01	5.65	79.95	0.00	2.97	48.60	0.00	0.0874	0.0933	0.0935	0.0920	0.0944	0.1008	0.1111	0.1304	0.1602	0.1862	0.2138	0.2773	0.3878	0.5021	0.5589	0.5554	0.5283	0.4898	0.4436	0.3992	0.3566	0.3149	0.2734	0.2463	0.2334	0.2276	0.2243	0.2240	0.2296	0.2413	0.2568	0.2742	0.2911	0.3004	0.3021	0.3061
1552	2F2	19.77	7.62	64.59	0.00	0.00	39.75	0.00	0.1189	0.1335	0.1420	0.1472	0.1546	0.1654	0.1808	0.2062	0.2434	0.2750	0.3052	0.3665	0.4638	0.5556	0.5927	0.5787	0.5459	0.5011	0.4464	0.3950	0.3540	0.3226	0.2885	0.2634	0.2511	0.2455	0.2428	0.2437	0.2508	0.2629	0.2770	0.2919	0.3053	0.3114	0.3136	0.3203
1553	2F3	13.54	13.33	96.67	0.00	14.67	42.25	0.00	0.0548	0.0469	0.0376	0.0301	0.0266	0.0265	0.0291	0.0373	0.0533	0.0657	0.0823	0.1342	0.2336	0.3381	0.3909	0.3948	0.3823	0.3627	0.3397	0.3231	0.3140	0.3067	0.2863	0.2666	0.2559	0.2509	0.2485	0.2486	0.2546	0.2661	0.2813	0.2979	0.3135	0.3216	0.3233	0.3272
1554	2F4	19.91	15.10	83.15	0.00	11.84	33.96	0.00	0.0862	0.0874	0.0811	0.0761	0.0743	0.0764	0.0828	0.0961	0.1176	0.1329	0.1501	0.1988	0.2849	0.3677	0.4035	0.4001	0.3851	0.3639	0.3390	0.3211	0.3157	0.3180	0.3063	0.2908	0.2814	0.2772	0.2755	0.2769	0.2841	0.2952	0.3075	0.3203	0.3318	0.3370	0.3392	0.3457
1555	2F5	4.51	4.51	94.90	0.00	4.78	30.78	0.00	0.0806	0.0676	0.0530	0.0412	0.0355	0.0341	0.0362	0.0466	0.0671	0.0830	0.1052	0.1749	0.3105	0.4628	0.5525	0.5700	0.5602	0.5395	0.5121	0.4866	0.4618	0.4347	0.4006	0.3753	0.3620	0.3558	0.3522	0.3511	0.3562	0.3675	0.3827	0.3998	0.4170	0.4265	0.4270	0.4295
1556	2F6	6.85	6.85	83.37	0.00	1.05	27.05	0.00	0.1110	0.1071	0.0960	0.0853	0.0798	0.0809	0.0864	0.1029	0.1312	0.1532	0.1798	0.2544	0.3893	0.5307	0.6073	0.6157	0.5995	0.5710	0.5308	0.4915	0.4622	0.4418	0.4145	0.3916	0.3793	0.3731	0.3700	0.3692	0.3750	0.3862	0.4000	0.4153	0.4300	0.4375	0.4389	0.4423
1557	2F7	92.79	92.79	7.50	0.00	0.00	0.00	88.00	0.0178	0.0421	0.0713	0.0970	0.1169	0.1379	0.1556	0.1556	0.1355	0.1042	0.0703	0.0411	0.0223	0.0132	0.0094	0.0080	0.0076	0.0078	0.0089	0.0112	0.0151	0.0209	0.0229	0.0203	0.0168	0.0147	0.0141	0.0164	0.0224	0.0284	0.0303	0.0285	0.0251	0.0229	0.0255	0.0340
1558	2F8	96.26	96.26	22.50	0.00	0.00	0.00	64.00	0.0239	0.0516	0.0777	0.0975	0.1126	0.1283	0.1427	0.1444	0.1300	0.1044	0.0766	0.0532	0.0358	0.0235	0.0155	0.0118	0.0106	0.0100	0.0102	0.0123	0.0168	0.0249	0.0289	0.0265	0.0227	0.0207	0.0212	0.0259	0.0344	0.0411	0.0413	0.0379	0.0319	0.0285	0.0320	0.0429
1559	2F9	97.75	97.75	38.75	0.00	0.00	0.00	40.00	0.0379	0.0609	0.0819	0.0955	0.1054	0.1177	0.1300	0.1333	0.1235	0.1035	0.0818	0.0656	0.0527	0.0401	0.0276	0.0208	0.0178	0.0149	0.0130	0.0139	0.0191	0.0310	0.0391	0.0378	0.0346	0.0334	0.0355	0.0426	0.0539	0.0611	0.0600	0.0546	0.0467	0.0417	0.0464	0.0608
1560	2F10	98.15	98.15	43.88	14.72	0.00	0.00	16.88	0.0346	0.0565	0.0731	0.0835	0.0904	0.0995	0.1091	0.1128	0.1075	0.0928	0.0770	0.0666	0.0585	0.0471	0.0338	0.0255	0.0215	0.0174	0.0140	0.0141	0.0195	0.0328	0.0426	0.0422	0.0398	0.0390	0.0411	0.0482	0.0587	0.0648	0.0627	0.0566	0.0482	0.0435	0.0479	0.0618
1561	2F11	100.00	100.00	48.83	33.41	0.00	0.00	0.39	0.0257	0.0389	0.0508	0.0579	0.0619	0.0681	0.0753	0.0783	0.0750	0.0659	0.0563	0.0504	0.0459	0.0378	0.0277	0.0214	0.0179	0.0147	0.0126	0.0135	0.0183	0.0298	0.0377	0.0364	0.0341	0.0328	0.0336	0.0381	0.0450	0.0490	0.0471	0.0419	0.0357	0.0321	0.0355	0.0465
1562	2F12	99.59	99.59	56.67	49.27	0.00	0.00	0.00	0.0192	0.0273	0.0334	0.0373	0.0399	0.0437	0.0481	0.0507	0.0491	0.0437	0.0385	0.0361	0.0343	0.0295	0.0225	0.0178	0.0155	0.0133	0.0124	0.0136	0.0184	0.0284	0.0349	0.0335	0.0307	0.0290	0.0291	0.0321	0.0371	0.0398	0.0382	0.0347	0.0300	0.0275	0.0304	0.0390
1563	2F13	93.19	69.19	7.50	0.00	0.00	0.00	88.72	0.0229	0.0541	0.0948	0.1303	0.1575	0.1846	0.2071	0.2093	0.1884	0.1525	0.1086	0.0658	0.0358	0.0197	0.0118	0.0090	0.0082	0.0082	0.0088	0.0104	0.0131	0.0168	0.0176	0.0156	0.0133	0.0118	0.0118	0.0141	0.0195	0.0250	0.0268	0.0252	0.0216	0.0198	0.0222	0.0300
1564	2F14	97.83	73.83	22.50	0.00	0.00	0.00	66.58	0.0316	0.0685	0.1105	0.1426	0.1649	0.1871	0.2073	0.2134	0.2000	0.1719	0.1357	0.0992	0.0684	0.0451	0.0279	0.0194	0.0164	0.0144	0.0128	0.0132	0.0162	0.0215	0.0236	0.0215	0.0185	0.0172	0.0183	0.0232	0.0319	0.0387	0.0395	0.0364	0.0308	0.0278	0.0310	0.0419
1565	2F15	100.00	77.44	38.75	0.00	0.00	0.00	43.69	0.0402	0.0762	0.1109	0.1371	0.1527	0.1696	0.1867	0.1948	0.1890	0.1686	0.1431	0.1204	0.1008	0.0805	0.0587	0.0444	0.0368	0.0295	0.0220	0.0186	0.0210	0.0283	0.0319	0.0297	0.0268	0.0259	0.0278	0.0341	0.0441	0.0509	0.0502	0.0453	0.0385	0.0340	0.0382	0.0510
1566	2F16	100.00	82.64	42.10	10.21	0.00	7.46	23.56	0.0363	0.0678	0.0952	0.1146	0.1268	0.1395	0.1546	0.1632	0.1606	0.1467	0.1289	0.1155	0.1043	0.0887	0.0683	0.0532	0.0436	0.0336	0.0237	0.0191	0.0216	0.0311	0.0363	0.0343	0.0316	0.0307	0.0323	0.0384	0.0477	0.0534	0.0522	0.0475	0.0408	0.0365	0.0408	0.0538
1567	2F17	100.00	80.41	46.81	27.90	0.00	7.91	7.92	0.0333	0.0577	0.0790	0.0927	0.1006	0.1105	0.1217	0.1293	0.1304	0.1235	0.1142	0.1100	0.1074	0.0984	0.0822	0.0673	0.0558	0.0429	0.0303	0.0237	0.0248	0.0324	0.0363	0.0337	0.0313	0.0305	0.0314	0.0359	0.0430	0.0474	0.0461	0.0418	0.0363	0.0330	0.0365	0.0472
1568	2F18	99.59	79.78	56.67	49.27	0.00	0.00	0.00	0.0236	0.0387	0.0498	0.0572	0.0610	0.0658	0.0718	0.0762	0.0779	0.0753	0.0720	0.0736	0.0770	0.0750	0.0661	0.0565	0.0476	0.0374	0.0272	0.0216	0.0226	0.0291	0.0321	0.0298	0.0277	0.0268	0.0274	0.0309	0.0362	0.0395	0.0380	0.0344	0.0294	0.0271	0.0303	0.0391
1569	2F19	91.78	41.78	7.50	0.00	0.00	0.00	88.72	0.0239	0.0639	0.1142	0.1571	0.1914	0.2224	0.2480	0.2524	0.2312	0.1916	0.1401	0.0864	0.0471	0.0251	0.0140	0.0100	0.0088	0.0085	0.0084	0.0094	0.0112	0.0133	0.0134	0.0120	0.0104	0.0098	0.0103	0.0130	0.0195	0.0257	0.0274	0.0257	0.0224	0.0199	0.0225	0.0304
1570	2F20	98.27	48.90	22.28	0.00	0.00	0.00	67.23	0.0348	0.0782	0.1304	0.1710	0.1979	0.2244	0.2480	0.2564	0.2454	0.2169	0.1759	0.1308	0.0910	0.0602	0.0362	0.0242	0.0200	0.0172	0.0140	0.0129	0.0144	0.0177	0.0185	0.0165	0.0143	0.0137	0.0149	0.0199	0.0284	0.0350	0.0360	0.0331	0.0279	0.0251	0.0281	0.0383
1571	2F21	100.00	62.03	31.09	0.00	0.00	11.79	42.50	0.0415	0.0802	0.1211	0.1513	0.1712	0.1928	0.2155	0.2285	0.2275	0.2113	0.1852	0.1593	0.1360	0.1113	0.0839	0.0646	0.0532	0.0416	0.0294	0.0224	0.0223	0.0272	0.0291	0.0264	0.0239	0.0230	0.0246	0.0302	0.0391	0.0450	0.0447	0.0410	0.0348	0.0312	0.0349	0.0464
1572	2F22	100.00	65.78	40.87	4.89	0.00	15.22	27.45	0.0421	0.0786	0.1148	0.1387	0.1544	0.1723	0.1925	0.2060	0.2096	0.2002	0.1829	0.1694	0.1581	0.1401	0.1127	0.0899	0.0738	0.0565	0.0386	0.0277	0.0264	0.0319	0.0336	0.0305	0.0282	0.0274	0.0289	0.0345	0.0433	0.0489	0.0482	0.0440	0.0376	0.0336	0.0375	0.0503
1573	2F23	100.00	55.07	46.97	28.24	0.00	7.54	21.01	0.0358	0.0613	0.0866	0.1024	0.1119	0.1229	0.1351	0.1446	0.1492	0.1458	0.1388	0.1362	0.1358	0.1280	0.1092	0.0902	0.0749	0.0579	0.0403	0.0288	0.0260	0.0289	0.0291	0.0261	0.0241	0.0235	0.0248	0.0291	0.0359	0.0404	0.0396	0.0360	0.0308	0.0278	0.0312	0.0417
1574	2F24	92.98	18.98	7.50	0.00	0.00	0.00	89.20	0.0292	0.0673	0.1224	0.1700	0.2077	0.2429	0.2719	0.2777	0.2561	0.2147	0.1582	0.0973	0.0524	0.0276	0.0149	0.0102	0.0089	0.0084	0.0080	0.0085	0.0094	0.0104	0.0104	0.0094	0.0086	0.0081	0.0087	0.0112	0.0171	0.0224	0.0242	0.0229	0.0196	0.0179	0.0202	0.0279
1575	2F25	97.25	31.96	17.05	0.00	0.00	8.72	66.70	0.0409	0.0874	0.1422	0.1874	0.2195	0.2496	0.2779	0.2908	0.2829	0.2560	0.2131	0.1627	0.1174	0.0817	0.0526	0.0367	0.0303	0.0251	0.0191	0.0159	0.0161	0.0180	0.0180	0.0160	0.0140	0.0134	0.0148	0.0197	0.0277	0.0341	0.0354	0.0326	0.0280	0.0252	0.0286	0.0391
1576	2F26	99.25	43.50	27.37	0.00	0.00	17.94	42.45	0.0496	0.0965	0.1456	0.1819	0.2059	0.2316	0.2575	0.2745	0.2781	0.2656	0.2405	0.2125	0.1852	0.1555	0.1224	0.0977	0.0809	0.0633	0.0444	0.0318	0.0281	0.0303	0.0301	0.0270	0.0250	0.0245	0.0262	0.0318	0.0402	0.0462	0.0462	0.0428	0.0372	0.0337	0.0372	0.0487
1577	2F27	100.00	54.85	40.13	0.81	0.00	20.86	32.24	0.0487	0.0871	0.1270	0.1544	0.1730	0.1936	0.2152	0.2310	0.2376	0.2299	0.2130	0.1973	0.1820	0.1593	0.1283	0.1031	0.0851	0.0655	0.0452	0.0321	0.0288	0.0321	0.0327	0.0294	0.0269	0.0262	0.0278	0.0331	0.0411	0.0466	0.0466	0.0430	0.0372	0.0337	0.0375	0.0495
1578	2F28	94.61	5.83	5.34	0.00	0.00	3.46	79.39	0.0401	0.0906	0.1575	0.2162	0.2602	0.2999	0.3340	0.3440	0.3256	0.2848	0.2241	0.1526	0.0932	0.0544	0.0292	0.0182	0.0149	0.0129	0.0106	0.0093	0.0095	0.0103	0.0104	0.0097	0.0086	0.0087	0.0101	0.0141	0.0215	0.0280	0.0296	0.0277	0.0240	0.0216	0.0246	0.0335
1579	2F29	96.99	19.28	15.40	0.00	0.00	11.24	55.69	0.0520	0.1074	0.1720	0.2236	0.2593	0.2928	0.3249	0.3417	0.3377	0.3133	0.2715	0.2199	0.1705	0.1283	0.0902	0.0669	0.0553	0.0447	0.0319	0.0236	0.0215	0.0225	0.0217	0.0191	0.0172	0.0169	0.0190	0.0250	0.0340	0.0409	0.0420	0.0389	0.0336	0.0302	0.0338	0.0451
1580	2F30	99.73	31.62	29.24	0.00	0.00	15.24	36.51	0.0567	0.1113	0.1664	0.2068	0.2329	0.2586	0.2853	0.3036	0.3093	0.2978	0.2742	0.2484	0.2223	0.1911	0.1525	0.1222	0.1019	0.0804	0.0564	0.0398	0.0341	0.0344	0.0324	0.0283	0.0258	0.0254	0.0276	0.0337	0.0429	0.0495	0.0493	0.0456	0.0391	0.0352	0.0394	0.0525
1581	2F31	100.00	42.08	40.11	0.67	0.00	20.80	19.39	0.0578	0.1071	0.1547	0.1868	0.2076	0.2296	0.2535	0.2730	0.2839	0.2802	0.2686	0.2621	0.2579	0.2407	0.2055	0.1708	0.1418	0.1092	0.0747	0.0507	0.0413	0.0407	0.0376	0.0325	0.0298	0.0293	0.0311	0.0369	0.0460	0.0520	0.0517	0.0477	0.0412	0.0369	0.0411	0.0546
1582	2F32	94.56	2.82	2.82	0.00	0.00	7.49	59.49	0.0566	0.1268	0.2087	0.2786	0.3292	0.3755	0.4168	0.4354	0.4255	0.3927	0.3375	0.2666	0.2010	0.1490	0.1057	0.0790	0.0653	0.0527	0.0375	0.0268	0.0223	0.0211	0.0193	0.0171	0.0156	0.0155	0.0182	0.0245	0.0342	0.0417	0.0427	0.0397	0.0345	0.0315	0.0352	0.0471
1583	2F33	96.67	13.54	13.33	0.00	0.00	14.67	42.25	0.0684	0.1313	0.2016	0.2578	0.2970	0.3331	0.3684	0.3912	0.3948	0.3792	0.3458	0.3024	0.2582	0.2150	0.1698	0.1358	0.1135	0.0902	0.0639	0.0452	0.0368	0.0341	0.0304	0.0262	0.0241	0.0239	0.0265	0.0332	0.0429	0.0499	0.0506	0.0469	0.0411	0.0377	0.0417	0.0546
1584	2F34	94.90	4.51	4.51	0.00	0.00	4.78	30.78	0.0936	0.1803	0.2777	0.3546	0.4037	0.4479	0.4913	0.5172	0.5191	0.5017	0.4659	0.4184	0.3683	0.3181	0.2642	0.2191	0.1842	0.1469	0.1050	0.0731	0.0559	0.0476	0.0401	0.0342	0.0316	0.0319	0.0352	0.0438	0.0559	0.0636	0.0630	0.0578	0.0502	0.0453	0.0504	0.0665
1585	2F35	69.19	93.19	7.50	0.00	0.00	0.00	88.72	0.0212	0.0470	0.0755	0.0988	0.1173	0.1363	0.1506	0.1488	0.1284	0.0975	0.0650	0.0376	0.0207	0.0127	0.0095	0.0082	0.0079	0.0082	0.0093	0.0118	0.0160	0.0222	0.0250	0.0226	0.0188	0.0169	0.0179	0.0242	0.0362	0.0479	0.0527	0.0514	0.0464	0.0428	0.0470	0.0597
1586	2F36	73.83	97.83	22.50	0.00	0.00	0.00	66.58	0.0339	0.0596	0.0829	0.1007	0.1136	0.1275	0.1396	0.1396	0.1246	0.0985	0.0711	0.0477	0.0307	0.0194	0.0130	0.0103	0.0095	0.0095	0.0103	0.0127	0.0175	0.0267	0.0344	0.0340	0.0298	0.0283	0.0329	0.0451	0.0628	0.0769	0.0808	0.0780	0.0705	0.0656	0.0713	0.0873
1587	2F37	77.44	100.00	38.75	0.00	0.00	0.00	43.69	0.0470	0.0691	0.0858	0.0979	0.1061	0.1171	0.1275	0.1287	0.1177	0.0968	0.0752	0.0580	0.0440	0.0317	0.0214	0.0161	0.0142	0.0128	0.0120	0.0134	0.0192	0.0352	0.0517	0.0553	0.0530	0.0529	0.0588	0.0725	0.0910	0.1038	0.1051	0.0992	0.0890	0.0831	0.0894	0.1091
1588	2F38	82.64	100.00	42.10	10.21	7.46	0.00	23.56	0.0440	0.0670	0.0802	0.0875	0.0925	0.1016	0.1095	0.1106	0.1017	0.0849	0.0679	0.0560	0.0462	0.0355	0.0249	0.0191	0.0166	0.0144	0.0127	0.0138	0.0201	0.0393	0.0594	0.0646	0.0641	0.0648	0.0697	0.0814	0.0974	0.1071	0.1057	0.0985	0.0876	0.0806	0.0866	0.1063
1589	2F39	80.41	100.00	46.81	27.90	7.91	0.00	7.92	0.0396	0.0528	0.0618	0.0660	0.0696	0.0752	0.0812	0.0825	0.0770	0.0656	0.0543	0.0472	0.0416	0.0335	0.0244	0.0192	0.0168	0.0146	0.0129	0.0139	0.0203	0.0404	0.0626	0.0691	0.0696	0.0708	0.0750	0.0850	0.0980	0.1054	0.1035	0.0964	0.0867	0.0805	0.0862	0.1042
1590	2F40	79.78	99.59	56.67	49.27	0.00	0.00	0.00	0.0285	0.0376	0.0413	0.0441	0.0459	0.0493	0.0528	0.0548	0.0527	0.0465	0.0406	0.0377	0.0354	0.0303	0.0233	0.0188	0.0164	0.0144	0.0130	0.0141	0.0197	0.0364	0.0537	0.0583	0.0585	0.0588	0.0613	0.0677	0.0766	0.0813	0.0795	0.0746	0.0680	0.0636	0.0683	0.0810
1591	2F41	71.33	71.15	7.59	0.00	0.00	0.00	88.49	0.0298	0.0631	0.1022	0.1341	0.1588	0.1830	0.2016	0.2018	0.1806	0.1445	0.1019	0.0610	0.0330	0.0184	0.0115	0.0090	0.0083	0.0083	0.0089	0.0108	0.0140	0.0183	0.0201	0.0181	0.0153	0.0140	0.0157	0.0221	0.0342	0.0457	0.0503	0.0490	0.0442	0.0405	0.0448	0.0576
1592	2F42	76.94	76.94	22.50	0.00	0.00	0.00	66.95	0.0448	0.0829	0.1202	0.1454	0.1641	0.1830	0.1992	0.2022	0.1880	0.1603	0.1258	0.0921	0.0640	0.0428	0.0273	0.0198	0.0172	0.0157	0.0143	0.0148	0.0190	0.0281	0.0352	0.0345	0.0309	0.0301	0.0353	0.0479	0.0661	0.0801	0.0842	0.0810	0.0732	0.0684	0.0738	0.0901
1593	2F43	83.34	83.34	38.75	0.00	0.00	0.00	43.46	0.0536	0.0854	0.1152	0.1321	0.1437	0.1563	0.1688	0.1731	0.1645	0.1436	0.1185	0.0970	0.0780	0.0588	0.0406	0.0304	0.0260	0.0217	0.0175	0.0168	0.0226	0.0387	0.0518	0.0529	0.0504	0.0504	0.0561	0.0695	0.0876	0.0999	0.1012	0.0957	0.0858	0.0797	0.0858	0.1048
1594	2F44	82.38	82.38	46.90	10.57	0.00	0.00	31.55	0.0544	0.0839	0.1060	0.1179	0.1263	0.1363	0.1465	0.1510	0.1468	0.1310	0.1124	0.0984	0.0860	0.0695	0.0506	0.0387	0.0331	0.0272	0.0206	0.0185	0.0253	0.0454	0.0620	0.0645	0.0629	0.0636	0.0694	0.0826	0.0999	0.1109	0.1109	0.1046	0.0943	0.0879	0.0941	0.1131
1595	2F45	83.81	83.81	56.12	23.97	0.00	0.00	14.47	0.0491	0.0708	0.0855	0.0936	0.0980	0.1043	0.1121	0.1167	0.1152	0.1054	0.0941	0.0883	0.0839	0.0729	0.0561	0.0444	0.0380	0.0305	0.0225	0.0195	0.0267	0.0484	0.0657	0.0686	0.0678	0.0688	0.0732	0.0839	0.0978	0.1059	0.1043	0.0977	0.0879	0.0816	0.0874	0.1051
1596	2F46	71.25	45.25	7.52	0.00	0.00	0.00	88.35	0.0311	0.0700	0.1200	0.1590	0.1904	0.2188	0.2408	0.2424	0.2203	0.1806	0.1300	0.0788	0.0423	0.0225	0.0128	0.0094	0.0085	0.0083	0.0086	0.0097	0.0118	0.0148	0.0161	0.0147	0.0123	0.0116	0.0136	0.0201	0.0322	0.0439	0.0490	0.0479	0.0428	0.0394	0.0432	0.0552
1597	2F47	80.27	54.27	22.50	0.00	0.00	0.00	67.42	0.0424	0.0867	0.1329	0.1678	0.1920	0.2142	0.2334	0.2386	0.2252	0.1961	0.1564	0.1143	0.0775	0.0499	0.0290	0.0194	0.0167	0.0153	0.0135	0.0135	0.0164	0.0225	0.0264	0.0249	0.0218	0.0212	0.0254	0.0364	0.0526	0.0657	0.0694	0.0667	0.0599	0.0553	0.0601	0.0747
1598	2F48	84.21	65.60	34.13	0.00	0.00	7.39	43.72	0.0570	0.0973	0.1365	0.1610	0.1770	0.1951	0.2117	0.2196	0.2151	0.1953	0.1684	0.1429	0.1193	0.0946	0.0692	0.0535	0.0459	0.0385	0.0298	0.0250	0.0276	0.0372	0.0429	0.0410	0.0379	0.0375	0.0418	0.0525	0.0678	0.0790	0.0805	0.0765	0.0685	0.0631	0.0683	0.0854
1599	2F49	88.58	68.90	43.67	7.95	0.00	7.58	24.43	0.0591	0.0977	0.1285	0.1478	0.1599	0.1738	0.1884	0.1979	0.1975	0.1847	0.1669	0.1545	0.1432	0.1248	0.0989	0.0798	0.0682	0.0554	0.0405	0.0318	0.0338	0.0466	0.0540	0.0520	0.0497	0.0496	0.0536	0.0638	0.0778	0.0869	0.0865	0.0808	0.0714	0.0655	0.0708	0.0885
1600	2F50	86.10	64.49	53.01	22.12	0.00	5.86	16.36	0.0523	0.0804	0.1027	0.1146	0.1215	0.1298	0.1398	0.1476	0.1510	0.1452	0.1369	0.1361	0.1384	0.1313	0.1121	0.0946	0.0822	0.0673	0.0500	0.0387	0.0391	0.0504	0.0571	0.0550	0.0529	0.0532	0.0570	0.0664	0.0794	0.0873	0.0863	0.0808	0.0723	0.0665	0.0718	0.0880
1601	2G1	77.24	30.93	7.50	0.00	0.00	0.00	78.14	0.0506	0.1036	0.1662	0.2174	0.2548	0.2882	0.3147	0.3198	0.2989	0.2586	0.2038	0.1423	0.0915	0.0576	0.0350	0.0249	0.0215	0.0192	0.0165	0.0155	0.0175	0.0216	0.0241	0.0228	0.0201	0.0197	0.0238	0.0341	0.0495	0.0623	0.0668	0.0647	0.0587	0.0544	0.0586	0.0722
1602	2G2	82.08	40.92	18.32	0.00	0.00	6.70	57.30	0.0612	0.1121	0.1673	0.2090	0.2384	0.2660	0.2916	0.3024	0.2954	0.2704	0.2319	0.1883	0.1492	0.1163	0.0866	0.0680	0.0585	0.0494	0.0382	0.0312	0.0310	0.0365	0.0394	0.0374	0.0344	0.0341	0.0383	0.0488	0.0639	0.0750	0.0776	0.0744	0.0673	0.0626	0.0672	0.0818
1603	2G3	86.78	50.76	31.55	0.00	0.00	11.52	38.43	0.0593	0.1056	0.1502	0.1816	0.2041	0.2257	0.2487	0.2639	0.2675	0.2555	0.2328	0.2097	0.1891	0.1648	0.1340	0.1098	0.0935	0.0755	0.0551	0.0411	0.0381	0.0437	0.0463	0.0432	0.0405	0.0401	0.0440	0.0534	0.0670	0.0764	0.0770	0.0725	0.0643	0.0589	0.0640	0.0808
1604	2G4	89.55	56.39	41.05	2.51	0.00	17.18	24.14	0.0573	0.0958	0.1301	0.1547	0.1713	0.1908	0.2115	0.2285	0.2381	0.2341	0.2213	0.2122	0.2057	0.1897	0.1604	0.1334	0.1123	0.0885	0.0621	0.0443	0.0400	0.0461	0.0488	0.0455	0.0429	0.0427	0.0458	0.0544	0.0667	0.0748	0.0748	0.0702	0.0621	0.0570	0.0620	0.0785
1605	2G5	78.99	16.61	7.49	0.00	0.00	0.01	66.79	0.0622	0.1266	0.1998	0.2555	0.2965	0.3310	0.3602	0.3680	0.3508	0.3132	0.2589	0.1939	0.1365	0.0935	0.0604	0.0431	0.0370	0.0321	0.0255	0.0217	0.0225	0.0265	0.0284	0.0265	0.0237	0.0237	0.0285	0.0401	0.0566	0.0697	0.0730	0.0699	0.0627	0.0578	0.0622	0.0772
1606	2G6	82.14	27.58	18.27	0.00	0.00	6.77	47.17	0.0730	0.1332	0.1939	0.2396	0.2708	0.2994	0.3266	0.3414	0.3390	0.3185	0.2829	0.2423	0.2044	0.1688	0.1320	0.1064	0.0919	0.0768	0.0582	0.0447	0.0413	0.0449	0.0457	0.0423	0.0391	0.0391	0.0439	0.0553	0.0712	0.0827	0.0843	0.0800	0.0717	0.0662	0.0716	0.0882
1607	2G7	86.72	37.71	30.14	0.00	0.00	13.78	27.26	0.0730	0.1253	0.1724	0.2062	0.2300	0.2539	0.2793	0.2987	0.3088	0.3033	0.2869	0.2712	0.2573	0.2359	0.2011	0.1693	0.1451	0.1176	0.0856	0.0621	0.0536	0.0561	0.0553	0.0505	0.0478	0.0480	0.0517	0.0615	0.0755	0.0848	0.0849	0.0797	0.0707	0.0649	0.0702	0.0879
1608	2G8	79.95	12.01	5.65	0.00	0.00	2.97	48.60	0.0855	0.1650	0.2495	0.3144	0.3594	0.3970	0.4301	0.4430	0.4323	0.4015	0.3532	0.2950	0.2404	0.1937	0.1503	0.1213	0.1053	0.0893	0.0689	0.0535	0.0482	0.0491	0.0479	0.0438	0.0403	0.0406	0.0462	0.0588	0.0762	0.0886	0.0902	0.0855	0.0766	0.0704	0.0759	0.0934
1609	2G9	83.15	19.91	15.10	0.00	0.00	11.84	33.96	0.0885	0.1555	0.2211	0.2701	0.3030	0.3341	0.3655	0.3862	0.3928	0.3810	0.3538	0.3212	0.2891	0.2544	0.2125	0.1782	0.1539	0.1273	0.0953	0.0711	0.0609	0.0601	0.0568	0.0512	0.0478	0.0479	0.0526	0.0636	0.0789	0.0893	0.0901	0.0853	0.0766	0.0705	0.0766	0.0946
1610	2G10	83.37	6.85	6.85	0.00	0.00	1.05	27.05	0.1174	0.2096	0.3055	0.3770	0.4211	0.4578	0.4933	0.5125	0.5113	0.4913	0.4569	0.4166	0.3763	0.3342	0.2843	0.2412	0.2090	0.1740	0.1321	0.0991	0.0823	0.0761	0.0687	0.0611	0.0574	0.0582	0.0641	0.0779	0.0959	0.1069	0.1056	0.0982	0.0871	0.0797	0.0864	0.1076
1611	2G11	41.78	91.78	7.50	0.00	0.00	0.00	88.72	0.0305	0.0566	0.0882	0.1125	0.1320	0.1503	0.1644	0.1611	0.1389	0.1060	0.0711	0.0410	0.0223	0.0134	0.0097	0.0085	0.0082	0.0085	0.0095	0.0120	0.0163	0.0226	0.0258	0.0234	0.0195	0.0178	0.0208	0.0312	0.0495	0.0669	0.0746	0.0735	0.0666	0.0616	0.0669	0.0840
1612	2G12	48.90	98.27	22.28	0.00	0.00	0.00	67.23	0.0406	0.0677	0.0898	0.1057	0.1181	0.1315	0.1425	0.1418	0.1258	0.0990	0.0712	0.0479	0.0308	0.0197	0.0128	0.0101	0.0095	0.0095	0.0103	0.0126	0.0179	0.0297	0.0420	0.0436	0.0388	0.0381	0.0470	0.0674	0.0952	0.1172	0.1249	0.1225	0.1132	0.1062	0.1132	0.1341
1613	2G13	62.03	100.00	31.09	0.00	11.79	0.00	42.50	0.0511	0.0715	0.0870	0.0970	0.1042	0.1143	0.1229	0.1225	0.1097	0.0883	0.0672	0.0512	0.0392	0.0287	0.0200	0.0158	0.0139	0.0128	0.0122	0.0138	0.0210	0.0455	0.0771	0.0903	0.0912	0.0931	0.1026	0.1215	0.1452	0.1618	0.1647	0.1593	0.1487	0.1417	0.1488	0.1698
1614	2G14	65.78	100.00	40.87	4.89	15.22	0.00	27.45	0.0546	0.0708	0.0831	0.0898	0.0953	0.1027	0.1105	0.1112	0.1008	0.0824	0.0648	0.0524	0.0432	0.0336	0.0241	0.0186	0.0165	0.0145	0.0129	0.0140	0.0221	0.0522	0.0916	0.1092	0.1128	0.1159	0.1246	0.1421	0.1641	0.1777	0.1778	0.1702	0.1578	0.1494	0.1566	0.1788
1615	2G15	55.07	100.00	46.97	28.24	7.54	0.00	21.01	0.0440	0.0542	0.0609	0.0643	0.0673	0.0720	0.0767	0.0777	0.0720	0.0600	0.0485	0.0412	0.0353	0.0284	0.0209	0.0166	0.0149	0.0135	0.0126	0.0139	0.0214	0.0498	0.0893	0.1089	0.1142	0.1176	0.1250	0.1387	0.1553	0.1656	0.1660	0.1608	0.1526	0.1472	0.1530	0.1697
1616	2G16	45.25	71.25	7.52	0.00	0.00	0.00	88.35	0.0336	0.0716	0.1135	0.1469	0.1729	0.1959	0.2128	0.2115	0.1884	0.1512	0.1070	0.0644	0.0349	0.0191	0.0114	0.0089	0.0081	0.0084	0.0089	0.0106	0.0138	0.0189	0.0219	0.0202	0.0168	0.0158	0.0195	0.0306	0.0496	0.0672	0.0748	0.0738	0.0670	0.0618	0.0670	0.0842
1617	2G17	54.27	80.27	22.50	0.00	0.00	0.00	67.42	0.0488	0.0871	0.1222	0.1462	0.1642	0.1818	0.1956	0.1967	0.1811	0.1517	0.1169	0.0830	0.0555	0.0358	0.0226	0.0167	0.0152	0.0147	0.0144	0.0159	0.0209	0.0315	0.0412	0.0415	0.0368	0.0363	0.0448	0.0640	0.0900	0.1106	0.1179	0.1155	0.1066	0.1005	0.1070	0.1269
1618	2G18	65.60	84.21	34.13	0.00	7.39	0.00	43.72	0.0579	0.0906	0.1147	0.1302	0.1408	0.1522	0.1636	0.1656	0.1541	0.1316	0.1059	0.0846	0.0671	0.0507	0.0354	0.0271	0.0236	0.0205	0.0173	0.0173	0.0252	0.0489	0.0731	0.0800	0.0785	0.0793	0.0882	0.1068	0.1305	0.1467	0.1494	0.1439	0.1332	0.1261	0.1331	0.1536
1619	2G19	68.90	88.58	43.67	7.95	7.58	0.00	24.43	0.0637	0.0894	0.1052	0.1141	0.1214	0.1302	0.1382	0.1410	0.1335	0.1159	0.0971	0.0843	0.0738	0.0605	0.0447	0.0351	0.0308	0.0257	0.0199	0.0186	0.0285	0.0609	0.0931	0.1033	0.1044	0.1066	0.1149	0.1318	0.1527	0.1655	0.1651	0.1576	0.1454	0.1373	0.1444	0.1663
1620	2G20	64.49	86.10	53.01	22.12	5.86	0.00	16.36	0.0576	0.0746	0.0858	0.0908	0.0951	0.0999	0.1063	0.1090	0.1058	0.0951	0.0832	0.0765	0.0721	0.0627	0.0486	0.0389	0.0345	0.0288	0.0222	0.0200	0.0305	0.0656	0.1009	0.1130	0.1157	0.1184	0.1258	0.1400	0.1573	0.1672	0.1663	0.1598	0.1493	0.1426	0.1489	0.1677
1621	2G21	57.33	57.33	7.50	0.00	0.00	0.00	71.41	0.0556	0.1081	0.1626	0.2034	0.2337	0.2604	0.2802	0.2810	0.2597	0.2217	0.1732	0.1205	0.0766	0.0465	0.0264	0.0175	0.0155	0.0146	0.0132	0.0139	0.0179	0.0262	0.0331	0.0324	0.0281	0.0278	0.0353	0.0526	0.0772	0.0969	0.1041	0.1017	0.0930	0.0868	0.0925	0.1114
1622	2G22	63.78	63.78	22.50	0.00	0.00	0.00	53.25	0.0677	0.1171	0.1613	0.1910	0.2118	0.2316	0.2486	0.2528	0.2396	0.2116	0.1752	0.1384	0.1056	0.0774	0.0532	0.0401	0.0353	0.0314	0.0260	0.0239	0.0293	0.0453	0.0600	0.0618	0.0583	0.0586	0.0677	0.0869	0.1116	0.1296	0.1343	0.1299	0.1200	0.1128	0.1192	0.1384
1623	2G23	69.80	69.80	35.65	0.00	2.48	2.48	36.76	0.0794	0.1197	0.1520	0.1729	0.1865	0.2009	0.2145	0.2201	0.2130	0.1927	0.1670	0.1449	0.1265	0.1055	0.0813	0.0653	0.0577	0.0493	0.0386	0.0325	0.0390	0.0624	0.0827	0.0864	0.0844	0.0854	0.0939	0.1115	0.1341	0.1488	0.1500	0.1434	0.1316	0.1237	0.1306	0.1526
1624	2G24	72.01	72.01	46.24	6.08	2.83	2.83	25.22	0.0746	0.1102	0.1362	0.1511	0.1597	0.1712	0.1821	0.1882	0.1858	0.1713	0.1532	0.1417	0.1336	0.1193	0.0970	0.0806	0.0712	0.0599	0.0459	0.0376	0.0439	0.0701	0.0919	0.0959	0.0948	0.0962	0.1035	0.1195	0.1400	0.1525	0.1518	0.1442	0.1318	0.1237	0.1306	0.1525
1625	2G25	62.56	40.52	7.63	0.00	0.00	0.00	64.94	0.0722	0.1318	0.1943	0.2402	0.2729	0.3014	0.3234	0.3272	0.3083	0.2709	0.2206	0.1630	0.1123	0.0745	0.0460	0.0321	0.0282	0.0257	0.0218	0.0203	0.0240	0.0335	0.0412	0.0403	0.0361	0.0360	0.0442	0.0621	0.0865	0.1053	0.1114	0.1085	0.0994	0.0929	0.0991	0.1179
1626	2G26	66.02	49.08	21.05	0.00	0.00	2.32	49.78	0.0873	0.1442	0.1981	0.2351	0.2593	0.2818	0.3009	0.3073	0.2971	0.2703	0.2331	0.1931	0.1560	0.1224	0.0912	0.0727	0.0646	0.0568	0.0460	0.0396	0.0437	0.0605	0.0751	0.0770	0.0742	0.0747	0.0833	0.1009	0.1238	0.1400	0.1435	0.1391	0.1291	0.1223	0.1280	0.1469
1627	2G27	72.02	56.31	34.79	0.00	0.00	6.33	31.67	0.0887	0.1358	0.1764	0.2026	0.2195	0.2357	0.2520	0.2618	0.2601	0.2438	0.2206	0.2000	0.1805	0.1555	0.1250	0.1032	0.0911	0.0775	0.0601	0.0488	0.0513	0.0702	0.0858	0.0873	0.0853	0.0862	0.0932	0.1084	0.1278	0.1408	0.1417	0.1359	0.1253	0.1179	0.1239	0.1439
1628	2G28	61.13	26.82	7.73	0.00	0.00	0.00	56.66	0.0921	0.1626	0.2331	0.2843	0.3197	0.3501	0.3737	0.3796	0.3636	0.3285	0.2784	0.2204	0.1669	0.1235	0.0872	0.0669	0.0594	0.0529	0.0432	0.0374	0.0406	0.0524	0.0613	0.0607	0.0566	0.0569	0.0657	0.0842	0.1084	0.1262	0.1311	0.1275	0.1183	0.1116	0.1176	0.1363
1629	2G29	67.17	35.42	20.82	0.00	0.00	2.68	37.50	0.1074	0.1733	0.2336	0.2737	0.3000	0.3227	0.3431	0.3529	0.3478	0.3255	0.2929	0.2580	0.2237	0.1881	0.1498	0.1237	0.1104	0.0960	0.0766	0.0630	0.0641	0.0796	0.0907	0.0900	0.0867	0.0874	0.0960	0.1138	0.1365	0.1518	0.1539	0.1477	0.1364	0.1287	0.1352	0.1558
1630	2G30	64.59	19.77	7.62	0.00	0.00	0.00	39.75	0.1255	0.2085	0.2895	0.3463	0.3836	0.4146	0.4404	0.4499	0.4402	0.4113	0.3690	0.3188	0.2694	0.2234	0.1786	0.1483	0.1330	0.1170	0.0949	0.0786	0.0771	0.0875	0.0935	0.0904	0.0859	0.0864	0.0957	0.1147	0.1386	0.1549	0.1573	0.1515	0.1399	0.1321	0.1386	0.1595
1631	2G31	18.98	92.98	7.50	0.00	0.00	0.00	89.20	0.0304	0.0576	0.0866	0.1086	0.1265	0.1435	0.1553	0.1520	0.1301	0.0980	0.0646	0.0371	0.0201	0.0124	0.0093	0.0083	0.0078	0.0083	0.0096	0.0122	0.0167	0.0235	0.0277	0.0257	0.0215	0.0201	0.0244	0.0379	0.0612	0.0828	0.0932	0.0927	0.0847	0.0787	0.0853	0.1050
1632	2G32	31.96	97.25	17.05	0.00	8.72	0.00	66.70	0.0446	0.0734	0.0943	0.1096	0.1217	0.1347	0.1437	0.1407	0.1225	0.0949	0.0675	0.0447	0.0286	0.0184	0.0124	0.0101	0.0096	0.0096	0.0104	0.0127	0.0183	0.0324	0.0492	0.0533	0.0489	0.0489	0.0603	0.0850	0.1183	0.1447	0.1550	0.1532	0.1434	0.1362	0.1438	0.1670
1633	2G33	43.50	99.25	27.37	0.00	17.94	0.00	42.45	0.0645	0.0825	0.0964	0.1042	0.1115	0.1196	0.1263	0.1245	0.1098	0.0875	0.0660	0.0496	0.0371	0.0269	0.0190	0.0149	0.0138	0.0129	0.0123	0.0140	0.0223	0.0540	0.0990	0.1209	0.1239	0.1272	0.1404	0.1650	0.1944	0.2151	0.2207	0.2163	0.2058	0.1987	0.2063	0.2281
1634	2G34	54.41	100.00	40.23	1.37	20.10	0.00	33.01	0.0601	0.0739	0.0835	0.0903	0.0946	0.1010	0.1070	0.1062	0.0954	0.0772	0.0597	0.0474	0.0381	0.0290	0.0210	0.0166	0.0149	0.0136	0.0127	0.0141	0.0223	0.0540	0.0989	0.1208	0.1255	0.1290	0.1398	0.1602	0.1849	0.2012	0.2037	0.1979	0.1871	0.1797	0.1870	0.2092
1635	2G35	30.93	77.24	7.50	0.00	0.00	0.00	78.14	0.0503	0.0927	0.1340	0.1632	0.1866	0.2076	0.2224	0.2200	0.1973	0.1608	0.1182	0.0765	0.0452	0.0263	0.0157	0.0115	0.0106	0.0106	0.0109	0.0128	0.0172	0.0259	0.0334	0.0330	0.0285	0.0279	0.0358	0.0554	0.0837	0.1080	0.1183	0.1176	0.1090	0.1023	0.1093	0.1301
1636	2G36	40.92	82.08	18.32	0.00	6.70	0.00	57.30	0.0697	0.1049	0.1360	0.1558	0.1701	0.1848	0.1959	0.1948	0.1774	0.1476	0.1145	0.0838	0.0586	0.0397	0.0258	0.0192	0.0175	0.0163	0.0151	0.0163	0.0237	0.0450	0.0686	0.0756	0.0722	0.0733	0.0862	0.1118	0.1439	0.1682	0.1770	0.1746	0.1656	0.1589	0.1668	0.1888
1637	2G37	50.76	86.78	31.55	0.00	11.52	0.00	38.43	0.0857	0.1126	0.1304	0.1418	0.1511	0.1612	0.1703	0.1703	0.1573	0.1337	0.1087	0.0880	0.0709	0.0541	0.0386	0.0302	0.0271	0.0237	0.0196	0.0190	0.0309	0.0694	0.1113	0.1265	0.1274	0.1300	0.1423	0.1651	0.1927	0.2114	0.2156	0.2104	0.1995	0.1923	0.1997	0.2218
1638	2G38	56.39	89.55	41.05	2.51	17.18	0.00	24.14	0.0820	0.1043	0.1183	0.1249	0.1294	0.1371	0.1441	0.1443	0.1345	0.1153	0.0960	0.0823	0.0711	0.0575	0.0428	0.0341	0.0305	0.0262	0.0212	0.0198	0.0328	0.0779	0.1282	0.1484	0.1525	0.1563	0.1674	0.1873	0.2110	0.2259	0.2269	0.2200	0.2083	0.2009	0.2081	0.2300
1639	2G39	40.52	62.56	7.63	0.00	0.00	0.00	64.94	0.0739	0.1283	0.1775	0.2130	0.2388	0.2619	0.2783	0.2777	0.2561	0.2195	0.1728	0.1240	0.0828	0.0529	0.0318	0.0222	0.0200	0.0188	0.0170	0.0175	0.0235	0.0385	0.0529	0.0549	0.0500	0.0504	0.0621	0.0866	0.1187	0.1439	0.1534	0.1513	0.1421	0.1352	0.1428	0.1650
1640	2G40	49.08	66.02	21.05	0.00	2.32	0.00	49.78	0.0891	0.1356	0.1746	0.1996	0.2177	0.2355	0.2490	0.2510	0.2376	0.2091	0.1744	0.1395	0.1084	0.0809	0.0570	0.0440	0.0396	0.0357	0.0302	0.0282	0.0366	0.0619	0.0863	0.0926	0.0895	0.0909	0.1033	0.1280	0.1577	0.1792	0.1857	0.1826	0.1732	0.1664	0.1738	0.1953
1641	2G41	56.31	72.02	34.79	0.00	6.33	0.00	31.67	0.0990	0.1328	0.1582	0.1740	0.1839	0.1953	0.2060	0.2091	0.2006	0.1794	0.1547	0.1349	0.1173	0.0968	0.0743	0.0602	0.0544	0.0475	0.0382	0.0339	0.0461	0.0858	0.1240	0.1362	0.1366	0.1394	0.1511	0.1729	0.1987	0.2158	0.2183	0.2124	0.2017	0.1943	0.2015	0.2233
1642	2G42	48.36	48.27	7.70	0.00	0.00	0.00	53.90	0.1009	0.1623	0.2194	0.2596	0.2874	0.3123	0.3312	0.3331	0.3154	0.2805	0.2344	0.1843	0.1391	0.1021	0.0717	0.0554	0.0501	0.0457	0.0389	0.0357	0.0426	0.0629	0.0814	0.0845	0.0804	0.0813	0.0935	0.1174	0.1472	0.1693	0.1762	0.1731	0.1634	0.1565	0.1634	0.1840
1643	2G43	53.86	53.86	22.06	0.00	0.35	0.35	40.55	0.1137	0.1652	0.2098	0.2385	0.2573	0.2754	0.2908	0.2958	0.2855	0.2602	0.2266	0.1930	0.1613	0.1298	0.0987	0.0799	0.0722	0.0642	0.0528	0.0465	0.0553	0.0846	0.1115	0.1181	0.1158	0.1175	0.1298	0.1529	0.1810	0.2002	0.2047	0.1999	0.1891	0.1814	0.1886	0.2102
1644	2G44	48.09	35.13	7.51	0.00	0.00	0.00	41.57	0.1338	0.2034	0.2691	0.3136	0.3449	0.3702	0.3896	0.3941	0.3794	0.3469	0.3033	0.2541	0.2069	0.1649	0.1260	0.1027	0.0936	0.0847	0.0712	0.0629	0.0707	0.0972	0.1195	0.1234	0.1197	0.1212	0.1341	0.1585	0.1879	0.2079	0.2131	0.2089	0.1983	0.1910	0.1981	0.2196
1645	2G45	5.83	94.61	5.34	0.00	3.46	0.00	79.39	0.0433	0.0736	0.1007	0.1196	0.1354	0.1518	0.1625	0.1576	0.1351	0.1022	0.0689	0.0417	0.0242	0.0148	0.0105	0.0090	0.0087	0.0089	0.0100	0.0126	0.0178	0.0282	0.0391	0.0403	0.0352	0.0347	0.0447	0.0691	0.1044	0.1345	0.1480	0.1481	0.1389	0.1318	0.1404	0.1652
1646	2G46	19.28	96.99	15.40	0.00	11.24	0.00	55.69	0.0668	0.0924	0.1087	0.1206	0.1312	0.1424	0.1516	0.1478	0.1288	0.1011	0.0733	0.0511	0.0346	0.0232	0.0155	0.0123	0.0115	0.0112	0.0113	0.0132	0.0207	0.0465	0.0828	0.0988	0.0979	0.1000	0.1162	0.1474	0.1857	0.2147	0.2260	0.2245	0.2145	0.2068	0.2149	0.2391
1647	2G47	31.62	99.73	29.24	0.00	15.24	0.00	36.51	0.0764	0.0947	0.1038	0.1100	0.1163	0.1239	0.1312	0.1293	0.1147	0.0922	0.0702	0.0541	0.0413	0.0303	0.0211	0.0165	0.0152	0.0139	0.0130	0.0144	0.0243	0.0662	0.1298	0.1641	0.1721	0.1779	0.1939	0.2214	0.2531	0.2747	0.2807	0.2769	0.2668	0.2597	0.2679	0.2913
1648	2G48	42.08	100.00	40.11	0.67	20.80	0.00	19.39	0.0794	0.0888	0.0938	0.0967	0.1007	0.1068	0.1125	0.1107	0.0990	0.0803	0.0629	0.0511	0.0420	0.0324	0.0232	0.0183	0.0164	0.0147	0.0133	0.0145	0.0256	0.0769	0.1578	0.2047	0.2203	0.2283	0.2418	0.2638	0.2884	0.3034	0.3045	0.2981	0.2867	0.2791	0.2860	0.3071
1649	2G49	16.61	78.99	7.49	0.00	0.01	0.00	66.79	0.0701	0.1175	0.1556	0.1827	0.2042	0.2238	0.2377	0.2347	0.2117	0.1748	0.1323	0.0906	0.0576	0.0353	0.0209	0.0150	0.0138	0.0134	0.0131	0.0146	0.0211	0.0379	0.0559	0.0599	0.0547	0.0553	0.0696	0.0993	0.1379	0.1683	0.1812	0.1807	0.1712	0.1642	0.1729	0.1974
1650	2G50	27.58	82.14	18.27	0.00	6.77	0.00	47.17	0.0917	0.1286	0.1561	0.1731	0.1855	0.1985	0.2090	0.2077	0.1901	0.1601	0.1272	0.0974	0.0723	0.0513	0.0347	0.0264	0.0241	0.0219	0.0188	0.0188	0.0305	0.0691	0.1128	0.1292	0.1286	0.1314	0.1480	0.1778	0.2135	0.2391	0.2480	0.2454	0.2355	0.2282	0.2361	0.2590
1651	2H1	37.71	86.72	30.14	0.00	13.78	0.00	27.26	0.1065	0.1302	0.1457	0.1552	0.1630	0.1727	0.1805	0.1803	0.1672	0.1437	0.1191	0.1001	0.0848	0.0687	0.0522	0.0425	0.0389	0.0345	0.0289	0.0277	0.0460	0.1114	0.1906	0.2287	0.2383	0.2442	0.2572	0.2794	0.3050	0.3212	0.3239	0.3186	0.3081	0.3009	0.3074	0.3269
1652	2H2	26.82	61.13	7.73	0.00	0.00	0.00	56.66	0.1075	0.1619	0.2102	0.2460	0.2717	0.2932	0.3089	0.3078	0.2874	0.2518	0.2073	0.1612	0.1216	0.0907	0.0659	0.0529	0.0491	0.0457	0.0400	0.0379	0.0478	0.0776	0.1071	0.1158	0.1126	0.1140	0.1282	0.1554	0.1891	0.2141	0.2230	0.2206	0.2111	0.2031	0.2101	0.2320
1653	2H3	35.42	67.17	20.82	0.00	2.68	0.00	37.50	0.1215	0.1645	0.2011	0.2252	0.2417	0.2570	0.2693	0.2710	0.2581	0.2308	0.1979	0.1671	0.1401	0.1145	0.0890	0.0741	0.0683	0.0620	0.0524	0.0478	0.0628	0.1104	0.1584	0.1754	0.1756	0.1785	0.1928	0.2187	0.2490	0.2693	0.2748	0.2706	0.2603	0.2528	0.2592	0.2805
1654	2H4	35.13	48.09	7.51	0.00	0.00	0.00	41.57	0.1409	0.2043	0.2621	0.3024	0.3298	0.3522	0.3693	0.3710	0.3542	0.3210	0.2787	0.2332	0.1915	0.1549	0.1213	0.1014	0.0940	0.0866	0.0746	0.0676	0.0790	0.1151	0.1480	0.1569	0.1540	0.1559	0.1701	0.1968	0.2283	0.2499	0.2561	0.2526	0.2424	0.2348	0.2419	0.2633
1655	2H5	2.82	94.56	2.82	0.00	7.49	0.00	59.49	0.0770	0.1069	0.1295	0.1465	0.1625	0.1773	0.1876	0.1811	0.1559	0.1208	0.0863	0.0574	0.0366	0.0232	0.0150	0.0119	0.0112	0.0109	0.0110	0.0131	0.0214	0.0498	0.0906	0.1094	0.1086	0.1113	0.1295	0.1641	0.2069	0.2396	0.2532	0.2526	0.2426	0.2343	0.2428	0.2676
1656	2H6	13.54	96.67	13.33	0.00	14.67	0.00	42.25	0.0894	0.1086	0.1224	0.1328	0.1424	0.1532	0.1609	0.1571	0.1378	0.1094	0.0816	0.0600	0.0435	0.0308	0.0213	0.0166	0.0153	0.0142	0.0130	0.0146	0.0261	0.0741	0.1454	0.1830	0.1906	0.1962	0.2149	0.2471	0.2843	0.3107	0.3199	0.3181	0.3085	0.3007	0.3084	0.3299
1657	2H7	12.01	79.95	5.65	0.00	2.97	0.00	48.60	0.1116	0.1529	0.1870	0.2120	0.2315	0.2498	0.2617	0.2573	0.2330	0.1953	0.1533	0.1139	0.0814	0.0565	0.0378	0.0289	0.0266	0.0243	0.0209	0.0210	0.0343	0.0784	0.1298	0.1502	0.1501	0.1535	0.1725	0.2068	0.2472	0.2766	0.2880	0.2867	0.2767	0.2690	0.2767	0.3001
1658	2H8	19.91	83.15	15.10	0.00	11.84	0.00	33.96	0.1170	0.1454	0.1649	0.1793	0.1907	0.2017	0.2107	0.2081	0.1896	0.1593	0.1280	0.1019	0.0802	0.0611	0.0440	0.0350	0.0323	0.0290	0.0239	0.0232	0.0425	0.1097	0.1886	0.2244	0.2311	0.2368	0.2543	0.2839	0.3175	0.3402	0.3473	0.3441	0.3347	0.3274	0.3344	0.3553
1659	2H9	19.77	64.59	7.62	0.00	0.00	0.00	39.75	0.1471	0.2007	0.2432	0.2733	0.2951	0.3135	0.3270	0.3256	0.3059	0.2705	0.2283	0.1860	0.1477	0.1140	0.0843	0.0683	0.0636	0.0582	0.0491	0.0452	0.0629	0.1179	0.1745	0.1956	0.1958	0.1997	0.2181	0.2501	0.2863	0.3114	0.3198	0.3173	0.3080	0.3013	0.3094	0.3317
1660	2H10	4.51	94.90	4.51	0.00	4.78	0.00	30.78	0.1305	0.1508	0.1664	0.1786	0.1903	0.2039	0.2132	0.2077	0.1841	0.1495	0.1148	0.0862	0.0630	0.0441	0.0293	0.0224	0.0204	0.0182	0.0152	0.0156	0.0309	0.0998	0.2062	0.2686	0.2868	0.2974	0.3198	0.3540	0.3905	0.4153	0.4241	0.4235	0.4172	0.4124	0.4202	0.4397
1661	2H11	6.85	83.37	6.85	0.00	1.05	0.00	27.05	0.1648	0.1949	0.2194	0.2375	0.2530	0.2675	0.2787	0.2754	0.2531	0.2169	0.1783	0.1433	0.1128	0.0846	0.0597	0.0468	0.0428	0.0372	0.0285	0.0255	0.0491	0.1371	0.2454	0.2989	0.3122	0.3210	0.3422	0.3747	0.4089	0.4314	0.4390	0.4374	0.4313	0.4266	0.4339	0.4531
1662	2H12	46.15	92.31	92.31	92.31	92.31	92.31	92.31	0.0055	0.0080	0.0088	0.0083	0.0083	0.0081	0.0082	0.0086	0.0085	0.0087	0.0098	0.0120	0.0144	0.0152	0.0142	0.0128	0.0118	0.0117	0.0127	0.0148	0.0186	0.0237	0.0245	0.0213	0.0176	0.0149	0.0132	0.0119	0.0108	0.0101	0.0097	0.0094	0.0094	0.0093	0.0092	0.0095
1663	2H13	92.31	46.15	92.31	92.31	92.31	92.31	92.31	0.0080	0.0097	0.0097	0.0089	0.0089	0.0089	0.0091	0.0091	0.0092	0.0094	0.0101	0.0123	0.0146	0.0149	0.0138	0.0123	0.0110	0.0106	0.0108	0.0118	0.0130	0.0146	0.0144	0.0130	0.0116	0.0103	0.0093	0.0086	0.0082	0.0078	0.0073	0.0072	0.0074	0.0077	0.0084	0.0088
1664	2H14	50.00	50.00	0.00	0.00	0.00	0.00	0.00	0.2219	0.2999	0.3705	0.4190	0.4491	0.4721	0.4925	0.4968	0.4805	0.4514	0.4191	0.3897	0.3592	0.3243	0.2867	0.2577	0.2366	0.2075	0.1690	0.1408	0.1515	0.2081	0.2549	0.2693	0.2740	0.2779	0.2856	0.3010	0.3194	0.3283	0.3241	0.3135	0.2991	0.2894	0.2966	0.3202
1665	2H15	50.00	50.00	100.00	100.00	100.00	100.00	100.00	0.0091	0.0085	0.0085	0.0090	0.0087	0.0089	0.0090	0.0088	0.0089	0.0092	0.0103	0.0130	0.0157	0.0165	0.0152	0.0133	0.0121	0.0115	0.0115	0.0123	0.0136	0.0152	0.0149	0.0133	0.0118	0.0105	0.0096	0.0089	0.0084	0.0080	0.0075	0.0075	0.0077	0.0077	0.0079	0.0081
1666	2H16	0.00	50.00	100.00	100.00	100.00	100.00	100.00	0.0066	0.0086	0.0085	0.0085	0.0084	0.0082	0.0081	0.0086	0.0087	0.0089	0.0103	0.0131	0.0159	0.0167	0.0152	0.0135	0.0121	0.0115	0.0113	0.0120	0.0132	0.0148	0.0145	0.0129	0.0113	0.0102	0.0095	0.0089	0.0083	0.0080	0.0078	0.0075	0.0075	0.0073	0.0071	0.0072
1667	2H17	50.00	0.00	100.00	100.00	100.00	100.00	100.00	0.0049	0.0064	0.0078	0.0089	0.0083	0.0084	0.0088	0.0088	0.0091	0.0090	0.0104	0.0132	0.0159	0.0164	0.0147	0.0127	0.0113	0.0106	0.0097	0.0093	0.0089	0.0084	0.0082	0.0080	0.0077	0.0075	0.0072	0.0067	0.0065	0.0063	0.0064	0.0062	0.0064	0.0066	0.0070	0.0069
1668	2H18	92.31	92.31	46.15	92.31	92.31	92.31	92.31	0.0076	0.0076	0.0078	0.0077	0.0080	0.0080	0.0081	0.0083	0.0083	0.0081	0.0085	0.0095	0.0103	0.0104	0.0102	0.0095	0.0091	0.0094	0.0105	0.0127	0.0165	0.0221	0.0235	0.0207	0.0172	0.0146	0.0127	0.0113	0.0103	0.0094	0.0088	0.0085	0.0085	0.0088	0.0094	0.0093
1669	2H19	50.00	0.00	50.00	0.00	0.00	0.00	0.00	0.1858	0.2457	0.2866	0.3056	0.3123	0.3192	0.3310	0.3506	0.3756	0.3902	0.4074	0.4593	0.5452	0.6230	0.6468	0.6189	0.5720	0.5146	0.4489	0.3920	0.3504	0.3233	0.3002	0.2843	0.2788	0.2792	0.2853	0.2997	0.3175	0.3253	0.3198	0.3093	0.2961	0.2869	0.2946	0.3188
1670	2H20	50.00	100.00	50.00	100.00	100.00	100.00	100.00	0.0043	0.0056	0.0067	0.0074	0.0071	0.0067	0.0069	0.0072	0.0073	0.0074	0.0082	0.0092	0.0102	0.0106	0.0101	0.0094	0.0089	0.0094	0.0106	0.0129	0.0173	0.0241	0.0262	0.0229	0.0190	0.0160	0.0138	0.0121	0.0108	0.0100	0.0093	0.0088	0.0085	0.0085	0.0089	0.0087
1671	2H21	100.00	0.00	50.00	0.00	0.00	0.00	0.00	0.0788	0.1454	0.2064	0.2452	0.2638	0.2833	0.3088	0.3361	0.3625	0.3765	0.3895	0.4294	0.4922	0.5338	0.5141	0.4490	0.3700	0.2829	0.1951	0.1284	0.0886	0.0670	0.0519	0.0427	0.0399	0.0404	0.0435	0.0526	0.0654	0.0721	0.0690	0.0612	0.0511	0.0450	0.0498	0.0669
1672	2H22	0.00	100.00	50.00	100.00	100.00	100.00	100.00	0.0070	0.0060	0.0064	0.0060	0.0065	0.0069	0.0072	0.0073	0.0073	0.0073	0.0081	0.0092	0.0102	0.0105	0.0102	0.0095	0.0090	0.0092	0.0105	0.0130	0.0174	0.0243	0.0264	0.0230	0.0192	0.0162	0.0142	0.0127	0.0116	0.0108	0.0102	0.0096	0.0090	0.0087	0.0086	0.0082
1673	2H23	0.00	50.00	50.00	0.00	0.00	0.00	0.00	0.2219	0.2349	0.2380	0.2376	0.2372	0.2396	0.2450	0.2523	0.2582	0.2521	0.2452	0.2559	0.2769	0.2828	0.2653	0.2489	0.2424	0.2278	0.1999	0.1825	0.2422	0.4196	0.5999	0.6943	0.7294	0.7397	0.7432	0.7438	0.7432	0.7404	0.7367	0.7331	0.7320	0.7317	0.7299	0.7293
1674	2H24	100.00	50.00	50.00	100.00	100.00	100.00	100.00	0.0083	0.0106	0.0100	0.0099	0.0095	0.0090	0.0091	0.0090	0.0086	0.0086	0.0089	0.0096	0.0103	0.0103	0.0096	0.0088	0.0081	0.0082	0.0088	0.0097	0.0116	0.0135	0.0135	0.0120	0.0106	0.0095	0.0086	0.0076	0.0072	0.0066	0.0063	0.0063	0.0064	0.0070	0.0077	0.0082
1675	2H25	50.00	50.00	50.00	0.00	0.00	0.00	0.00	0.1510	0.1883	0.2112	0.2230	0.2282	0.2349	0.2444	0.2549	0.2620	0.2571	0.2510	0.2629	0.2859	0.2944	0.2769	0.2538	0.2344	0.2065	0.1690	0.1413	0.1526	0.2105	0.2572	0.2706	0.2748	0.2786	0.2860	0.3012	0.3197	0.3285	0.3241	0.3135	0.2986	0.2886	0.2954	0.3190
1676	2H26	50.00	50.00	50.00	100.00	100.00	100.00	100.00	0.0068	0.0093	0.0091	0.0089	0.0090	0.0090	0.0095	0.0092	0.0089	0.0091	0.0096	0.0104	0.0113	0.0112	0.0107	0.0099	0.0094	0.0093	0.0097	0.0106	0.0123	0.0141	0.0141	0.0127	0.0113	0.0102	0.0093	0.0088	0.0082	0.0077	0.0075	0.0073	0.0071	0.0072	0.0074	0.0076
1677	2H27	100.00	50.00	50.00	0.00	0.00	0.00	0.00	0.0678	0.1210	0.1660	0.1924	0.2067	0.2221	0.2409	0.2580	0.2679	0.2660	0.2623	0.2755	0.3000	0.3081	0.2840	0.2453	0.2040	0.1558	0.1058	0.0704	0.0554	0.0544	0.0515	0.0457	0.0430	0.0432	0.0462	0.0550	0.0674	0.0743	0.0711	0.0634	0.0531	0.0471	0.0521	0.0692
1678	2H28	0.00	50.00	50.00	100.00	100.00	100.00	100.00	0.0053	0.0089	0.0088	0.0078	0.0086	0.0087	0.0086	0.0089	0.0090	0.0089	0.0092	0.0104	0.0114	0.0115	0.0111	0.0103	0.0098	0.0096	0.0100	0.0109	0.0125	0.0144	0.0145	0.0130	0.0115	0.0105	0.0097	0.0092	0.0089	0.0084	0.0082	0.0080	0.0076	0.0076	0.0075	0.0067
1679	2H29	0.00	100.00	50.00	0.00	0.00	0.00	0.00	0.1363	0.1313	0.1237	0.1213	0.1226	0.1280	0.1327	0.1336	0.1254	0.1079	0.0899	0.0794	0.0712	0.0576	0.0413	0.0321	0.0292	0.0247	0.0189	0.0181	0.0409	0.1681	0.4030	0.5911	0.6873	0.7241	0.7386	0.7434	0.7451	0.7441	0.7421	0.7395	0.7388	0.7377	0.7359	0.7339
1680	2H30	100.00	0.00	50.00	100.00	100.00	100.00	100.00	0.0078	0.0102	0.0118	0.0115	0.0106	0.0110	0.0107	0.0102	0.0100	0.0096	0.0097	0.0104	0.0109	0.0107	0.0095	0.0086	0.0078	0.0075	0.0072	0.0071	0.0069	0.0066	0.0066	0.0066	0.0064	0.0063	0.0060	0.0057	0.0056	0.0054	0.0053	0.0055	0.0056	0.0060	0.0070	0.0081
1681	2H31	50.00	100.00	50.00	0.00	0.00	0.00	0.00	0.0921	0.1043	0.1083	0.1100	0.1135	0.1201	0.1273	0.1285	0.1208	0.1039	0.0864	0.0763	0.0684	0.0553	0.0393	0.0300	0.0263	0.0217	0.0167	0.0161	0.0294	0.0930	0.1877	0.2411	0.2620	0.2714	0.2811	0.2968	0.3152	0.3243	0.3205	0.3100	0.2956	0.2856	0.2926	0.3150
1682	2H32	50.00	0.00	50.00	100.00	100.00	100.00	100.00	0.0090	0.0096	0.0105	0.0101	0.0101	0.0101	0.0097	0.0099	0.0095	0.0094	0.0098	0.0108	0.0115	0.0112	0.0105	0.0095	0.0089	0.0086	0.0082	0.0080	0.0077	0.0075	0.0074	0.0073	0.0071	0.0069	0.0067	0.0066	0.0065	0.0065	0.0065	0.0063	0.0063	0.0066	0.0070	0.0069
1683	2H33	100.00	100.00	50.00	0.00	0.00	0.00	0.00	0.0446	0.0688	0.0851	0.0947	0.1010	0.1105	0.1202	0.1243	0.1182	0.1025	0.0861	0.0763	0.0686	0.0557	0.0397	0.0295	0.0244	0.0192	0.0149	0.0146	0.0206	0.0370	0.0510	0.0518	0.0499	0.0496	0.0522	0.0607	0.0727	0.0793	0.0763	0.0685	0.0581	0.0520	0.0571	0.0743
1684	2H34	0.00	0.00	50.00	100.00	100.00	100.00	100.00	0.0063	0.0083	0.0087	0.0092	0.0088	0.0093	0.0096	0.0098	0.0097	0.0097	0.0103	0.0111	0.0120	0.0119	0.0113	0.0106	0.0100	0.0096	0.0092	0.0090	0.0086	0.0083	0.0081	0.0079	0.0079	0.0077	0.0073	0.0072	0.0072	0.0073	0.0075	0.0072	0.0069	0.0072	0.0072	0.0070
1685	2H35	50.00	0.00	100.00	0.00	0.00	0.00	0.00	0.0673	0.0624	0.0498	0.0376	0.0308	0.0288	0.0307	0.0392	0.0569	0.0707	0.0919	0.1643	0.3164	0.4991	0.6039	0.6045	0.5626	0.5045	0.4378	0.3811	0.3400	0.3139	0.2920	0.2769	0.2719	0.2728	0.2790	0.2934	0.3115	0.3197	0.3140	0.3029	0.2895	0.2802	0.2878	0.3120
1686	2H36	50.00	100.00	0.00	100.00	100.00	100.00	100.00	0.0084	0.0056	0.0075	0.0070	0.0059	0.0062	0.0064	0.0065	0.0065	0.0064	0.0064	0.0067	0.0068	0.0071	0.0074	0.0072	0.0071	0.0079	0.0093	0.0118	0.0167	0.0236	0.0261	0.0229	0.0188	0.0157	0.0136	0.0121	0.0109	0.0099	0.0093	0.0090	0.0091	0.0089	0.0092	0.0094
1687	2H37	0.00	50.00	100.00	0.00	0.00	0.00	0.00	0.0815	0.0626	0.0451	0.0337	0.0270	0.0253	0.0264	0.0331	0.0453	0.0531	0.0642	0.1043	0.1783	0.2428	0.2589	0.2531	0.2497	0.2367	0.2096	0.1922	0.2500	0.4231	0.5998	0.6932	0.7280	0.7381	0.7417	0.7420	0.7416	0.7385	0.7333	0.7292	0.7293	0.7292	0.7274	0.7257
1688	2H38	100.00	50.00	0.00	100.00	100.00	100.00	100.00	0.0085	0.0109	0.0119	0.0112	0.0105	0.0098	0.0096	0.0092	0.0088	0.0083	0.0078	0.0076	0.0074	0.0071	0.0070	0.0067	0.0066	0.0068	0.0075	0.0087	0.0108	0.0128	0.0129	0.0116	0.0104	0.0093	0.0084	0.0077	0.0072	0.0069	0.0065	0.0065	0.0065	0.0069	0.0075	0.0083
1689	2H39	50.00	50.00	100.00	0.00	0.00	0.00	0.00	0.0578	0.0507	0.0402	0.0311	0.0259	0.0247	0.0259	0.0322	0.0439	0.0516	0.0626	0.1024	0.1772	0.2432	0.2586	0.2461	0.2304	0.2039	0.1670	0.1397	0.1527	0.2136	0.2623	0.2764	0.2806	0.2842	0.2917	0.3061	0.3237	0.3321	0.3274	0.3167	0.3029	0.2938	0.3009	0.3239
1690	2H40	50.00	50.00	0.00	100.00	100.00	100.00	100.00	0.0098	0.0097	0.0093	0.0089	0.0085	0.0089	0.0086	0.0086	0.0082	0.0080	0.0082	0.0080	0.0078	0.0076	0.0076	0.0074	0.0074	0.0075	0.0083	0.0095	0.0115	0.0135	0.0136	0.0122	0.0108	0.0097	0.0090	0.0083	0.0078	0.0076	0.0072	0.0071	0.0071	0.0073	0.0075	0.0079
1691	2H41	100.00	50.00	100.00	0.00	0.00	0.00	0.00	0.0289	0.0361	0.0344	0.0308	0.0266	0.0268	0.0295	0.0364	0.0476	0.0546	0.0648	0.1031	0.1755	0.2380	0.2454	0.2182	0.1832	0.1401	0.0948	0.0635	0.0526	0.0554	0.0541	0.0487	0.0462	0.0465	0.0495	0.0586	0.0713	0.0783	0.0752	0.0674	0.0570	0.0506	0.0562	0.0740
1692	2H42	0.00	50.00	0.00	100.00	100.00	100.00	100.00	0.0069	0.0082	0.0092	0.0083	0.0085	0.0082	0.0083	0.0084	0.0084	0.0083	0.0082	0.0082	0.0083	0.0083	0.0084	0.0082	0.0083	0.0084	0.0089	0.0102	0.0122	0.0143	0.0144	0.0128	0.0116	0.0107	0.0100	0.0094	0.0090	0.0085	0.0084	0.0083	0.0080	0.0080	0.0079	0.0075
1693	2H43	50.00	100.00	100.00	0.00	0.00	0.00	0.00	0.0401	0.0361	0.0302	0.0250	0.0226	0.0220	0.0234	0.0266	0.0303	0.0303	0.0305	0.0390	0.0513	0.0530	0.0427	0.0343	0.0302	0.0252	0.0198	0.0188	0.0314	0.0939	0.1871	0.2399	0.2606	0.2699	0.2792	0.2949	0.3133	0.3222	0.3184	0.3084	0.2944	0.2852	0.2925	0.3155
1694	2H44	50.00	0.00	0.00	100.00	100.00	100.00	100.00	0.0109	0.0100	0.0100	0.0104	0.0104	0.0099	0.0097	0.0095	0.0096	0.0091	0.0087	0.0084	0.0081	0.0079	0.0076	0.0073	0.0070	0.0070	0.0068	0.0068	0.0067	0.0067	0.0066	0.0067	0.0066	0.0067	0.0067	0.0065	0.0064	0.0062	0.0063	0.0063	0.0062	0.0068	0.0073	0.0074
1695	2H45	92.31	92.31	92.31	46.15	92.31	92.31	92.31	0.0063	0.0067	0.0087	0.0083	0.0079	0.0088	0.0088	0.0091	0.0094	0.0092	0.0101	0.0123	0.0148	0.0155	0.0143	0.0128	0.0118	0.0116	0.0124	0.0143	0.0176	0.0226	0.0237	0.0207	0.0174	0.0149	0.0130	0.0114	0.0105	0.0098	0.0093	0.0091	0.0094	0.0099	0.0105	0.0118
1696	2H46	50.00	100.00	100.00	50.00	100.00	100.00	100.00	0.0051	0.0066	0.0073	0.0073	0.0080	0.0080	0.0083	0.0089	0.0088	0.0087	0.0098	0.0125	0.0156	0.0166	0.0156	0.0138	0.0126	0.0125	0.0134	0.0155	0.0191	0.0248	0.0265	0.0229	0.0189	0.0161	0.0139	0.0124	0.0111	0.0104	0.0099	0.0097	0.0098	0.0098	0.0101	0.0104
1697	2H47	0.00	100.00	100.00	50.00	100.00	100.00	100.00	0.0041	0.0065	0.0075	0.0079	0.0077	0.0079	0.0083	0.0087	0.0090	0.0089	0.0097	0.0126	0.0156	0.0167	0.0158	0.0138	0.0125	0.0125	0.0133	0.0155	0.0190	0.0246	0.0258	0.0221	0.0182	0.0156	0.0137	0.0123	0.0114	0.0107	0.0103	0.0102	0.0103	0.0103	0.0107	0.0112
1698	2H48	100.00	50.00	100.00	50.00	100.00	100.00	100.00	0.0056	0.0080	0.0095	0.0094	0.0087	0.0086	0.0090	0.0092	0.0091	0.0094	0.0104	0.0131	0.0158	0.0165	0.0151	0.0132	0.0118	0.0110	0.0112	0.0120	0.0134	0.0152	0.0150	0.0133	0.0116	0.0104	0.0094	0.0084	0.0079	0.0075	0.0071	0.0073	0.0075	0.0081	0.0086	0.0093
1699	2H49	50.00	50.00	0.00	50.00	0.00	0.00	0.00	0.0817	0.1064	0.1259	0.1400	0.1494	0.1571	0.1640	0.1672	0.1653	0.1598	0.1531	0.1466	0.1396	0.1310	0.1207	0.1130	0.1067	0.0975	0.0844	0.0751	0.0796	0.1023	0.1222	0.1291	0.1319	0.1343	0.1380	0.1444	0.1522	0.1566	0.1563	0.1533	0.1488	0.1464	0.1502	0.1601
1700	2H50	50.00	50.00	100.00	50.00	100.00	100.00	100.00	0.0047	0.0057	0.0088	0.0086	0.0077	0.0084	0.0087	0.0090	0.0092	0.0091	0.0102	0.0129	0.0158	0.0165	0.0154	0.0135	0.0120	0.0114	0.0115	0.0123	0.0135	0.0151	0.0146	0.0129	0.0112	0.0100	0.0092	0.0086	0.0081	0.0078	0.0078	0.0077	0.0081	0.0085	0.0091	0.0094
1701	2I1	100.00	50.00	0.00	50.00	0.00	0.00	0.00	0.0413	0.0751	0.1088	0.1333	0.1480	0.1616	0.1750	0.1825	0.1822	0.1773	0.1706	0.1636	0.1551	0.1435	0.1283	0.1122	0.0951	0.0743	0.0521	0.0367	0.0309	0.0312	0.0297	0.0265	0.0247	0.0243	0.0253	0.0290	0.0350	0.0381	0.0364	0.0329	0.0283	0.0256	0.0287	0.0376
1702	2I2	0.00	50.00	100.00	50.00	100.00	100.00	100.00	0.0051	0.0062	0.0082	0.0081	0.0084	0.0085	0.0087	0.0090	0.0089	0.0091	0.0102	0.0128	0.0156	0.0164	0.0154	0.0135	0.0120	0.0113	0.0114	0.0122	0.0134	0.0147	0.0140	0.0122	0.0108	0.0098	0.0092	0.0087	0.0086	0.0086	0.0088	0.0090	0.0093	0.0098	0.0100	0.0104
1703	2I3	100.00	0.00	100.00	50.00	100.00	100.00	100.00	0.0067	0.0073	0.0086	0.0088	0.0091	0.0090	0.0092	0.0094	0.0094	0.0092	0.0106	0.0129	0.0154	0.0158	0.0143	0.0123	0.0105	0.0096	0.0091	0.0089	0.0084	0.0082	0.0079	0.0077	0.0074	0.0071	0.0068	0.0063	0.0062	0.0058	0.0056	0.0060	0.0061	0.0069	0.0076	0.0083
1704	2I4	50.00	100.00	0.00	50.00	0.00	0.00	0.00	0.0482	0.0584	0.0651	0.0712	0.0771	0.0833	0.0889	0.0888	0.0813	0.0688	0.0564	0.0460	0.0368	0.0277	0.0201	0.0161	0.0145	0.0129	0.0117	0.0129	0.0213	0.0517	0.0927	0.1145	0.1228	0.1270	0.1314	0.1380	0.1460	0.1507	0.1502	0.1470	0.1425	0.1399	0.1442	0.1546
1705	2I5	50.00	0.00	100.00	50.00	100.00	100.00	100.00	0.0065	0.0076	0.0089	0.0087	0.0089	0.0092	0.0092	0.0097	0.0098	0.0095	0.0106	0.0131	0.0156	0.0162	0.0149	0.0130	0.0115	0.0104	0.0098	0.0095	0.0090	0.0087	0.0080	0.0077	0.0074	0.0072	0.0070	0.0068	0.0066	0.0069	0.0067	0.0070	0.0073	0.0076	0.0083	0.0090
1706	2I6	100.00	100.00	0.00	50.00	0.00	0.00	0.00	0.0230	0.0390	0.0508	0.0611	0.0683	0.0762	0.0844	0.0860	0.0793	0.0679	0.0560	0.0458	0.0367	0.0276	0.0199	0.0154	0.0132	0.0114	0.0103	0.0119	0.0171	0.0274	0.0336	0.0320	0.0293	0.0276	0.0276	0.0304	0.0352	0.0377	0.0361	0.0328	0.0284	0.0260	0.0287	0.0364
1707	2I7	0.00	0.00	100.00	50.00	100.00	100.00	100.00	0.0056	0.0076	0.0080	0.0087	0.0087	0.0086	0.0083	0.0089	0.0092	0.0092	0.0103	0.0130	0.0156	0.0162	0.0149	0.0132	0.0117	0.0107	0.0103	0.0100	0.0095	0.0089	0.0083	0.0077	0.0074	0.0072	0.0072	0.0071	0.0070	0.0072	0.0073	0.0076	0.0080	0.0086	0.0088	0.0094
1708	2I8	100.00	100.00	50.00	50.00	100.00	100.00	100.00	0.0071	0.0082	0.0078	0.0080	0.0080	0.0080	0.0085	0.0087	0.0087	0.0083	0.0085	0.0096	0.0106	0.0109	0.0105	0.0099	0.0093	0.0096	0.0107	0.0131	0.0173	0.0240	0.0264	0.0232	0.0192	0.0161	0.0139	0.0121	0.0107	0.0097	0.0091	0.0088	0.0089	0.0094	0.0101	0.0106
1709	2I9	50.00	0.00	50.00	50.00	0.00	0.00	0.00	0.0669	0.0825	0.0930	0.0975	0.0996	0.1022	0.1068	0.1138	0.1229	0.1293	0.1367	0.1555	0.1835	0.2065	0.2153	0.2133	0.2057	0.1932	0.1761	0.1606	0.1487	0.1412	0.1352	0.1313	0.1307	0.1321	0.1354	0.1414	0.1490	0.1533	0.1527	0.1497	0.1448	0.1421	0.1459	0.1558
1710	2I10	50.00	100.00	50.00	50.00	100.00	100.00	100.00	0.0050	0.0058	0.0070	0.0068	0.0070	0.0073	0.0076	0.0079	0.0077	0.0078	0.0082	0.0093	0.0103	0.0107	0.0102	0.0096	0.0091	0.0095	0.0106	0.0130	0.0173	0.0238	0.0256	0.0222	0.0182	0.0154	0.0132	0.0117	0.0109	0.0100	0.0096	0.0092	0.0092	0.0098	0.0102	0.0108
1711	2I11	100.00	0.00	50.00	50.00	0.00	0.00	0.00	0.0380	0.0551	0.0754	0.0861	0.0918	0.0973	0.1053	0.1137	0.1228	0.1288	0.1358	0.1523	0.1762	0.1929	0.1916	0.1753	0.1502	0.1182	0.0835	0.0565	0.0402	0.0314	0.0253	0.0217	0.0207	0.0208	0.0223	0.0263	0.0321	0.0354	0.0343	0.0309	0.0266	0.0244	0.0273	0.0366
1712	2I12	0.00	100.00	50.00	50.00	100.00	100.00	100.00	0.0063	0.0066	0.0073	0.0079	0.0076	0.0073	0.0077	0.0081	0.0083	0.0081	0.0085	0.0095	0.0106	0.0110	0.0105	0.0097	0.0093	0.0096	0.0110	0.0132	0.0174	0.0236	0.0253	0.0220	0.0181	0.0154	0.0135	0.0122	0.0112	0.0106	0.0106	0.0105	0.0104	0.0106	0.0106	0.0114
1713	2I13	0.00	50.00	50.00	50.00	0.00	0.00	0.00	0.0789	0.0818	0.0837	0.0843	0.0855	0.0871	0.0899	0.0938	0.0974	0.0974	0.0978	0.1045	0.1157	0.1213	0.1186	0.1153	0.1147	0.1118	0.1050	0.1018	0.1207	0.1733	0.2221	0.2453	0.2549	0.2595	0.2633	0.2662	0.2689	0.2709	0.2726	0.2741	0.2762	0.2782	0.2794	0.2812
1714	2I14	100.00	50.00	50.00	50.00	100.00	100.00	100.00	0.0077	0.0087	0.0094	0.0098	0.0100	0.0096	0.0101	0.0101	0.0097	0.0096	0.0095	0.0102	0.0108	0.0109	0.0103	0.0092	0.0086	0.0085	0.0089	0.0101	0.0120	0.0138	0.0138	0.0123	0.0109	0.0097	0.0086	0.0080	0.0074	0.0071	0.0068	0.0068	0.0069	0.0073	0.0078	0.0089
1715	2I15	50.00	50.00	50.00	50.00	0.00	0.00	0.00	0.0581	0.0710	0.0798	0.0852	0.0881	0.0911	0.0954	0.0998	0.1037	0.1037	0.1040	0.1101	0.1197	0.1237	0.1195	0.1129	0.1070	0.0977	0.0847	0.0753	0.0793	0.1012	0.1200	0.1263	0.1290	0.1313	0.1349	0.1414	0.1490	0.1532	0.1527	0.1498	0.1454	0.1430	0.1469	0.1568
1716	2I16	50.00	50.00	50.00	50.00	100.00	100.00	100.00	0.0060	0.0078	0.0083	0.0081	0.0086	0.0088	0.0092	0.0097	0.0093	0.0092	0.0091	0.0099	0.0106	0.0106	0.0101	0.0092	0.0085	0.0084	0.0090	0.0102	0.0119	0.0136	0.0133	0.0118	0.0100	0.0091	0.0085	0.0079	0.0075	0.0072	0.0072	0.0074	0.0076	0.0077	0.0085	0.0091
1717	2I17	100.00	50.00	50.00	50.00	0.00	0.00	0.00	0.0279	0.0479	0.0649	0.0750	0.0802	0.0867	0.0941	0.1007	0.1052	0.1056	0.1056	0.1111	0.1193	0.1210	0.1129	0.0999	0.0851	0.0667	0.0473	0.0338	0.0289	0.0298	0.0287	0.0256	0.0239	0.0234	0.0244	0.0278	0.0331	0.0363	0.0350	0.0314	0.0271	0.0249	0.0279	0.0359
1718	2I18	0.00	50.00	50.00	50.00	100.00	100.00	100.00	0.0040	0.0080	0.0074	0.0079	0.0082	0.0082	0.0090	0.0095	0.0092	0.0093	0.0093	0.0102	0.0108	0.0109	0.0105	0.0095	0.0088	0.0088	0.0093	0.0104	0.0120	0.0138	0.0135	0.0116	0.0102	0.0094	0.0086	0.0083	0.0083	0.0081	0.0081	0.0085	0.0089	0.0092	0.0097	0.0101
1719	2I19	0.00	100.00	50.00	50.00	0.00	0.00	0.00	0.0463	0.0463	0.0454	0.0457	0.0466	0.0487	0.0510	0.0520	0.0499	0.0439	0.0380	0.0350	0.0327	0.0279	0.0215	0.0176	0.0162	0.0149	0.0133	0.0144	0.0252	0.0770	0.1606	0.2151	0.2390	0.2492	0.2554	0.2598	0.2635	0.2660	0.2683	0.2705	0.2732	0.2754	0.2771	0.2788
1720	2I20	100.00	0.00	50.00	50.00	100.00	100.00	100.00	0.0069	0.0092	0.0105	0.0110	0.0103	0.0107	0.0111	0.0113	0.0107	0.0102	0.0097	0.0102	0.0106	0.0103	0.0094	0.0083	0.0075	0.0072	0.0069	0.0068	0.0067	0.0064	0.0064	0.0062	0.0061	0.0059	0.0057	0.0054	0.0053	0.0051	0.0050	0.0049	0.0053	0.0059	0.0068	0.0078
1721	2I21	50.00	100.00	50.00	50.00	0.00	0.00	0.00	0.0348	0.0378	0.0395	0.0417	0.0437	0.0463	0.0493	0.0507	0.0488	0.0434	0.0377	0.0350	0.0326	0.0279	0.0215	0.0174	0.0158	0.0142	0.0128	0.0137	0.0215	0.0507	0.0903	0.1113	0.1193	0.1233	0.1278	0.1346	0.1430	0.1478	0.1474	0.1441	0.1397	0.1371	0.1416	0.1520
1722	2I22	50.00	0.00	50.00	50.00	100.00	100.00	100.00	0.0070	0.0097	0.0112	0.0106	0.0101	0.0104	0.0114	0.0113	0.0107	0.0105	0.0105	0.0110	0.0115	0.0114	0.0106	0.0098	0.0089	0.0085	0.0083	0.0082	0.0080	0.0079	0.0075	0.0072	0.0069	0.0068	0.0067	0.0066	0.0066	0.0064	0.0065	0.0067	0.0071	0.0077	0.0081	0.0090
1723	2I23	100.00	100.00	50.00	50.00	0.00	0.00	0.00	0.0191	0.0274	0.0341	0.0391	0.0418	0.0452	0.0493	0.0520	0.0503	0.0452	0.0399	0.0368	0.0345	0.0295	0.0229	0.0186	0.0162	0.0140	0.0129	0.0143	0.0188	0.0286	0.0347	0.0330	0.0301	0.0284	0.0283	0.0310	0.0356	0.0382	0.0367	0.0331	0.0290	0.0267	0.0295	0.0376
1724	2I24	0.00	0.00	50.00	50.00	100.00	100.00	100.00	0.0060	0.0074	0.0083	0.0081	0.0089	0.0096	0.0096	0.0099	0.0098	0.0094	0.0098	0.0104	0.0110	0.0110	0.0104	0.0097	0.0089	0.0084	0.0082	0.0083	0.0080	0.0078	0.0074	0.0069	0.0066	0.0065	0.0065	0.0066	0.0068	0.0069	0.0070	0.0075	0.0078	0.0082	0.0085	0.0095
1725	2I25	100.00	100.00	0.00	50.00	100.00	100.00	100.00	0.0078	0.0076	0.0072	0.0066	0.0071	0.0075	0.0078	0.0077	0.0076	0.0072	0.0067	0.0066	0.0067	0.0069	0.0071	0.0070	0.0069	0.0075	0.0088	0.0115	0.0162	0.0234	0.0259	0.0228	0.0188	0.0156	0.0134	0.0115	0.0103	0.0095	0.0088	0.0085	0.0087	0.0092	0.0097	0.0105
1726	2I26	50.00	0.00	100.00	50.00	0.00	0.00	0.00	0.0310	0.0292	0.0247	0.0211	0.0186	0.0180	0.0189	0.0230	0.0302	0.0363	0.0456	0.0746	0.1283	0.1814	0.2079	0.2112	0.2051	0.1934	0.1770	0.1619	0.1505	0.1435	0.1378	0.1341	0.1337	0.1351	0.1384	0.1447	0.1519	0.1560	0.1553	0.1523	0.1483	0.1461	0.1499	0.1598
1727	2I27	50.00	100.00	0.00	50.00	100.00	100.00	100.00	0.0054	0.0053	0.0068	0.0060	0.0062	0.0064	0.0071	0.0073	0.0072	0.0067	0.0066	0.0065	0.0066	0.0066	0.0070	0.0069	0.0069	0.0075	0.0088	0.0115	0.0163	0.0232	0.0253	0.0218	0.0178	0.0149	0.0129	0.0115	0.0104	0.0099	0.0095	0.0094	0.0093	0.0094	0.0096	0.0102
1728	2I28	100.00	0.00	100.00	50.00	0.00	0.00	0.00	0.0179	0.0215	0.0226	0.0211	0.0199	0.0201	0.0213	0.0255	0.0322	0.0373	0.0458	0.0712	0.1172	0.1595	0.1736	0.1633	0.1418	0.1133	0.0817	0.0568	0.0416	0.0334	0.0274	0.0239	0.0227	0.0227	0.0242	0.0280	0.0337	0.0367	0.0355	0.0322	0.0280	0.0260	0.0291	0.0372
1729	2I29	0.00	100.00	0.00	50.00	100.00	100.00	100.00	0.0073	0.0059	0.0059	0.0066	0.0065	0.0071	0.0073	0.0078	0.0077	0.0076	0.0073	0.0072	0.0072	0.0076	0.0078	0.0076	0.0076	0.0082	0.0096	0.0121	0.0169	0.0238	0.0255	0.0221	0.0181	0.0155	0.0137	0.0123	0.0114	0.0109	0.0107	0.0106	0.0106	0.0108	0.0111	0.0113
1730	2I30	0.00	50.00	100.00	50.00	0.00	0.00	0.00	0.0331	0.0264	0.0224	0.0186	0.0155	0.0148	0.0156	0.0181	0.0228	0.0259	0.0312	0.0483	0.0779	0.1028	0.1109	0.1111	0.1114	0.1091	0.1030	0.1000	0.1182	0.1680	0.2139	0.2354	0.2444	0.2488	0.2523	0.2552	0.2576	0.2596	0.2614	0.2631	0.2653	0.2673	0.2690	0.2705
1731	2I31	100.00	50.00	0.00	50.00	100.00	100.00	100.00	0.0097	0.0102	0.0106	0.0112	0.0099	0.0100	0.0106	0.0102	0.0098	0.0089	0.0082	0.0076	0.0073	0.0071	0.0070	0.0068	0.0066	0.0067	0.0073	0.0088	0.0106	0.0127	0.0128	0.0116	0.0101	0.0089	0.0081	0.0075	0.0069	0.0065	0.0062	0.0062	0.0063	0.0067	0.0071	0.0077
1732	2I32	50.00	50.00	100.00	50.00	0.00	0.00	0.00	0.0225	0.0230	0.0200	0.0171	0.0160	0.0155	0.0164	0.0190	0.0238	0.0269	0.0325	0.0496	0.0788	0.1028	0.1091	0.1060	0.1012	0.0927	0.0807	0.0718	0.0760	0.0972	0.1152	0.1212	0.1239	0.1261	0.1298	0.1360	0.1434	0.1475	0.1471	0.1442	0.1403	0.1382	0.1423	0.1516
1733	2I33	50.00	50.00	0.00	50.00	100.00	100.00	100.00	0.0087	0.0084	0.0100	0.0097	0.0092	0.0097	0.0103	0.0107	0.0100	0.0092	0.0086	0.0081	0.0079	0.0078	0.0078	0.0075	0.0073	0.0074	0.0081	0.0096	0.0115	0.0136	0.0138	0.0121	0.0106	0.0095	0.0087	0.0082	0.0078	0.0076	0.0075	0.0075	0.0077	0.0083	0.0086	0.0095
1734	2I34	100.00	50.00	100.00	50.00	0.00	0.00	0.00	0.0143	0.0181	0.0200	0.0190	0.0180	0.0191	0.0203	0.0231	0.0276	0.0305	0.0354	0.0512	0.0779	0.0987	0.1009	0.0917	0.0790	0.0627	0.0453	0.0332	0.0290	0.0303	0.0295	0.0266	0.0248	0.0244	0.0253	0.0287	0.0338	0.0368	0.0357	0.0324	0.0280	0.0261	0.0291	0.0376
1735	2I35	0.00	50.00	0.00	50.00	100.00	100.00	100.00	0.0041	0.0057	0.0068	0.0073	0.0084	0.0084	0.0090	0.0091	0.0089	0.0084	0.0080	0.0076	0.0073	0.0073	0.0075	0.0072	0.0071	0.0072	0.0079	0.0094	0.0113	0.0134	0.0132	0.0116	0.0101	0.0092	0.0086	0.0082	0.0080	0.0078	0.0078	0.0082	0.0086	0.0088	0.0090	0.0096
1736	2I36	0.00	100.00	100.00	50.00	0.00	0.00	0.00	0.0224	0.0191	0.0158	0.0147	0.0143	0.0138	0.0141	0.0155	0.0171	0.0170	0.0182	0.0229	0.0289	0.0301	0.0257	0.0218	0.0199	0.0180	0.0163	0.0170	0.0273	0.0770	0.1559	0.2064	0.2286	0.2380	0.2438	0.2478	0.2510	0.2533	0.2558	0.2578	0.2603	0.2626	0.2642	0.2658
1737	2I37	100.00	0.00	0.00	50.00	100.00	100.00	100.00	0.0114	0.0129	0.0128	0.0126	0.0119	0.0124	0.0129	0.0127	0.0118	0.0106	0.0095	0.0084	0.0079	0.0073	0.0070	0.0066	0.0061	0.0058	0.0057	0.0056	0.0057	0.0056	0.0055	0.0055	0.0055	0.0054	0.0054	0.0053	0.0053	0.0052	0.0052	0.0052	0.0053	0.0060	0.0069	0.0075
1738	2I38	50.00	100.00	100.00	50.00	0.00	0.00	0.00	0.0157	0.0173	0.0169	0.0149	0.0142	0.0144	0.0155	0.0167	0.0182	0.0180	0.0188	0.0235	0.0296	0.0309	0.0263	0.0219	0.0196	0.0175	0.0158	0.0166	0.0237	0.0519	0.0903	0.1103	0.1175	0.1213	0.1255	0.1323	0.1401	0.1446	0.1443	0.1413	0.1366	0.1343	0.1385	0.1490
1739	2I39	50.00	0.00	0.00	50.00	100.00	100.00	100.00	0.0088	0.0100	0.0101	0.0095	0.0104	0.0110	0.0117	0.0118	0.0110	0.0106	0.0096	0.0087	0.0081	0.0077	0.0074	0.0072	0.0068	0.0064	0.0065	0.0066	0.0066	0.0065	0.0064	0.0062	0.0061	0.0062	0.0062	0.0061	0.0062	0.0063	0.0062	0.0063	0.0069	0.0075	0.0081	0.0090
1740	2I40	100.00	100.00	100.00	50.00	0.00	0.00	0.00	0.0123	0.0144	0.0152	0.0145	0.0141	0.0148	0.0157	0.0177	0.0191	0.0187	0.0198	0.0242	0.0302	0.0313	0.0264	0.0217	0.0189	0.0163	0.0150	0.0160	0.0201	0.0296	0.0358	0.0341	0.0312	0.0295	0.0293	0.0320	0.0367	0.0393	0.0377	0.0344	0.0300	0.0275	0.0301	0.0384
1741	2I41	0.00	0.00	0.00	50.00	100.00	100.00	100.00	0.0091	0.0093	0.0088	0.0094	0.0093	0.0102	0.0112	0.0118	0.0115	0.0104	0.0095	0.0089	0.0083	0.0082	0.0080	0.0077	0.0076	0.0073	0.0073	0.0077	0.0078	0.0078	0.0074	0.0070	0.0067	0.0069	0.0069	0.0072	0.0071	0.0072	0.0076	0.0078	0.0081	0.0084	0.0088	0.0091
1742	2I42	50.00	100.00	100.00	0.00	100.00	100.00	100.00	0.0033	0.0066	0.0083	0.0078	0.0074	0.0083	0.0086	0.0090	0.0090	0.0090	0.0101	0.0126	0.0156	0.0167	0.0158	0.0141	0.0127	0.0126	0.0136	0.0157	0.0192	0.0248	0.0260	0.0226	0.0185	0.0158	0.0138	0.0122	0.0111	0.0104	0.0101	0.0099	0.0103	0.0106	0.0112	0.0118
1743	2I43	100.00	50.00	100.00	0.00	100.00	100.00	100.00	0.0099	0.0092	0.0098	0.0091	0.0085	0.0085	0.0089	0.0095	0.0095	0.0096	0.0107	0.0133	0.0161	0.0170	0.0158	0.0136	0.0120	0.0113	0.0114	0.0123	0.0136	0.0153	0.0149	0.0131	0.0116	0.0104	0.0093	0.0084	0.0080	0.0073	0.0073	0.0074	0.0077	0.0080	0.0089	0.0102
1744	2I44	50.00	50.00	0.00	100.00	0.00	0.00	0.00	0.0133	0.0149	0.0150	0.0162	0.0168	0.0180	0.0185	0.0186	0.0192	0.0192	0.0188	0.0189	0.0189	0.0188	0.0186	0.0182	0.0179	0.0177	0.0174	0.0182	0.0206	0.0250	0.0275	0.0275	0.0272	0.0270	0.0274	0.0282	0.0293	0.0298	0.0302	0.0305	0.0303	0.0308	0.0318	0.0336
1745	2I45	50.00	50.00	100.00	0.00	100.00	100.00	100.00	0.0046	0.0072	0.0076	0.0084	0.0080	0.0086	0.0087	0.0093	0.0094	0.0094	0.0106	0.0133	0.0162	0.0169	0.0158	0.0139	0.0122	0.0114	0.0117	0.0126	0.0138	0.0150	0.0143	0.0125	0.0109	0.0100	0.0092	0.0084	0.0081	0.0078	0.0078	0.0082	0.0089	0.0093	0.0102	0.0113
1746	2I46	100.00	50.00	0.00	100.00	0.00	0.00	0.00	0.0120	0.0148	0.0169	0.0176	0.0182	0.0190	0.0204	0.0211	0.0212	0.0210	0.0207	0.0205	0.0203	0.0198	0.0189	0.0176	0.0163	0.0147	0.0132	0.0127	0.0138	0.0159	0.0159	0.0144	0.0131	0.0123	0.0118	0.0118	0.0123	0.0126	0.0127	0.0121	0.0113	0.0115	0.0126	0.0150
1747	2I47	0.00	50.00	100.00	0.00	100.00	100.00	100.00	0.0044	0.0069	0.0082	0.0082	0.0084	0.0087	0.0092	0.0096	0.0096	0.0096	0.0108	0.0135	0.0163	0.0171	0.0160	0.0141	0.0125	0.0117	0.0118	0.0127	0.0138	0.0148	0.0141	0.0121	0.0106	0.0099	0.0093	0.0088	0.0083	0.0084	0.0089	0.0094	0.0104	0.0110	0.0119	0.0136
1748	2I48	50.00	100.00	0.00	100.00	0.00	0.00	0.00	0.0098	0.0095	0.0107	0.0110	0.0119	0.0121	0.0127	0.0132	0.0130	0.0122	0.0116	0.0107	0.0101	0.0097	0.0091	0.0086	0.0084	0.0087	0.0099	0.0123	0.0174	0.0268	0.0335	0.0338	0.0321	0.0308	0.0303	0.0303	0.0311	0.0317	0.0317	0.0314	0.0311	0.0312	0.0323	0.0348
1749	2I49	50.00	0.00	100.00	0.00	100.00	100.00	100.00	0.0066	0.0089	0.0089	0.0089	0.0091	0.0090	0.0095	0.0100	0.0097	0.0100	0.0111	0.0135	0.0161	0.0170	0.0158	0.0136	0.0119	0.0108	0.0103	0.0102	0.0097	0.0091	0.0084	0.0077	0.0074	0.0072	0.0071	0.0069	0.0069	0.0069	0.0071	0.0075	0.0080	0.0088	0.0099	0.0108
1750	2I50	100.00	100.00	50.00	0.00	100.00	100.00	100.00	0.0022	0.0049	0.0075	0.0076	0.0068	0.0075	0.0084	0.0091	0.0087	0.0082	0.0085	0.0094	0.0106	0.0109	0.0105	0.0097	0.0092	0.0095	0.0107	0.0130	0.0171	0.0239	0.0262	0.0230	0.0188	0.0159	0.0137	0.0118	0.0107	0.0095	0.0091	0.0089	0.0091	0.0094	0.0100	0.0106
1751	2J1	50.00	0.00	50.00	100.00	0.00	0.00	0.00	0.0106	0.0116	0.0134	0.0146	0.0149	0.0152	0.0154	0.0164	0.0169	0.0175	0.0190	0.0215	0.0246	0.0266	0.0272	0.0271	0.0267	0.0260	0.0249	0.0239	0.0232	0.0229	0.0229	0.0231	0.0234	0.0239	0.0246	0.0258	0.0271	0.0279	0.0282	0.0286	0.0286	0.0290	0.0301	0.0319
1752	2J2	50.00	100.00	50.00	0.00	100.00	100.00	100.00	0.0065	0.0071	0.0082	0.0075	0.0078	0.0080	0.0087	0.0090	0.0089	0.0084	0.0086	0.0096	0.0107	0.0109	0.0106	0.0097	0.0092	0.0094	0.0105	0.0128	0.0168	0.0228	0.0246	0.0215	0.0177	0.0149	0.0129	0.0116	0.0107	0.0102	0.0101	0.0102	0.0105	0.0108	0.0116	0.0129
1753	2J3	100.00	0.00	50.00	100.00	0.00	0.00	0.00	0.0106	0.0134	0.0152	0.0154	0.0166	0.0168	0.0176	0.0185	0.0193	0.0197	0.0208	0.0233	0.0262	0.0278	0.0275	0.0257	0.0231	0.0200	0.0163	0.0133	0.0113	0.0103	0.0095	0.0090	0.0088	0.0088	0.0089	0.0093	0.0101	0.0106	0.0103	0.0099	0.0095	0.0097	0.0111	0.0132
1754	2J4	0.00	100.00	50.00	0.00	100.00	100.00	100.00	0.0060	0.0076	0.0071	0.0074	0.0076	0.0083	0.0088	0.0089	0.0090	0.0085	0.0088	0.0098	0.0108	0.0111	0.0106	0.0099	0.0094	0.0096	0.0107	0.0130	0.0169	0.0228	0.0242	0.0207	0.0170	0.0147	0.0132	0.0118	0.0110	0.0106	0.0106	0.0111	0.0118	0.0123	0.0132	0.0146
1755	2J5	0.00	50.00	50.00	100.00	0.00	0.00	0.00	0.0116	0.0133	0.0122	0.0132	0.0131	0.0134	0.0137	0.0141	0.0146	0.0152	0.0160	0.0178	0.0199	0.0207	0.0206	0.0202	0.0203	0.0204	0.0207	0.0220	0.0254	0.0320	0.0370	0.0391	0.0399	0.0406	0.0415	0.0424	0.0435	0.0444	0.0452	0.0462	0.0473	0.0485	0.0494	0.0502
1756	2J6	100.00	50.00	50.00	0.00	100.00	100.00	100.00	0.0095	0.0097	0.0095	0.0100	0.0096	0.0102	0.0111	0.0115	0.0111	0.0101	0.0098	0.0104	0.0109	0.0108	0.0103	0.0092	0.0084	0.0083	0.0089	0.0101	0.0117	0.0136	0.0135	0.0120	0.0104	0.0094	0.0085	0.0077	0.0073	0.0069	0.0066	0.0066	0.0069	0.0073	0.0080	0.0085
1757	2J7	50.00	50.00	50.00	100.00	0.00	0.00	0.00	0.0106	0.0115	0.0127	0.0122	0.0121	0.0130	0.0138	0.0141	0.0144	0.0148	0.0157	0.0175	0.0193	0.0201	0.0198	0.0189	0.0183	0.0181	0.0177	0.0181	0.0201	0.0241	0.0264	0.0264	0.0260	0.0258	0.0262	0.0270	0.0279	0.0288	0.0291	0.0291	0.0291	0.0294	0.0307	0.0325
1758	2J8	50.00	50.00	50.00	0.00	100.00	100.00	100.00	0.0071	0.0081	0.0087	0.0094	0.0100	0.0102	0.0108	0.0115	0.0113	0.0102	0.0100	0.0104	0.0109	0.0109	0.0105	0.0095	0.0088	0.0086	0.0091	0.0103	0.0119	0.0137	0.0134	0.0117	0.0100	0.0092	0.0086	0.0079	0.0076	0.0075	0.0076	0.0080	0.0084	0.0090	0.0098	0.0112
1759	2J9	100.00	50.00	50.00	100.00	0.00	0.00	0.00	0.0101	0.0151	0.0150	0.0142	0.0147	0.0145	0.0157	0.0160	0.0167	0.0168	0.0174	0.0188	0.0207	0.0212	0.0203	0.0186	0.0169	0.0151	0.0136	0.0131	0.0140	0.0158	0.0158	0.0142	0.0128	0.0119	0.0112	0.0111	0.0117	0.0120	0.0114	0.0110	0.0105	0.0107	0.0117	0.0138
1760	2J10	0.00	50.00	50.00	0.00	100.00	100.00	100.00	0.0070	0.0073	0.0080	0.0087	0.0092	0.0097	0.0109	0.0112	0.0110	0.0101	0.0098	0.0103	0.0108	0.0108	0.0103	0.0094	0.0087	0.0085	0.0090	0.0102	0.0118	0.0136	0.0130	0.0112	0.0095	0.0088	0.0084	0.0081	0.0079	0.0079	0.0081	0.0087	0.0096	0.0102	0.0111	0.0127
1761	2J11	0.00	100.00	50.00	100.00	0.00	0.00	0.00	0.0112	0.0098	0.0105	0.0105	0.0099	0.0106	0.0111	0.0112	0.0113	0.0111	0.0114	0.0119	0.0129	0.0126	0.0115	0.0106	0.0101	0.0102	0.0109	0.0132	0.0181	0.0292	0.0404	0.0445	0.0453	0.0453	0.0456	0.0461	0.0466	0.0476	0.0484	0.0491	0.0503	0.0513	0.0524	0.0536
1762	2J12	100.00	0.00	50.00	0.00	100.00	100.00	100.00	0.0098	0.0105	0.0120	0.0118	0.0111	0.0119	0.0125	0.0127	0.0124	0.0112	0.0106	0.0109	0.0110	0.0107	0.0099	0.0089	0.0078	0.0073	0.0073	0.0073	0.0072	0.0070	0.0067	0.0065	0.0062	0.0061	0.0060	0.0056	0.0055	0.0053	0.0055	0.0056	0.0059	0.0067	0.0075	0.0084
1763	2J13	50.00	100.00	50.00	100.00	0.00	0.00	0.00	0.0080	0.0076	0.0091	0.0092	0.0093	0.0102	0.0106	0.0112	0.0109	0.0108	0.0109	0.0117	0.0125	0.0125	0.0115	0.0106	0.0100	0.0101	0.0109	0.0132	0.0178	0.0267	0.0333	0.0334	0.0317	0.0304	0.0298	0.0299	0.0306	0.0312	0.0312	0.0312	0.0309	0.0311	0.0323	0.0341
1764	2J14	50.00	0.00	50.00	0.00	100.00	100.00	100.00	0.0068	0.0081	0.0098	0.0100	0.0100	0.0106	0.0119	0.0120	0.0115	0.0106	0.0102	0.0107	0.0110	0.0110	0.0104	0.0093	0.0084	0.0077	0.0077	0.0079	0.0078	0.0076	0.0070	0.0064	0.0061	0.0060	0.0060	0.0061	0.0063	0.0066	0.0068	0.0074	0.0081	0.0090	0.0097	0.0109
1765	2J15	100.00	100.00	50.00	100.00	0.00	0.00	0.00	0.0080	0.0108	0.0099	0.0104	0.0100	0.0106	0.0110	0.0115	0.0113	0.0111	0.0114	0.0121	0.0128	0.0126	0.0116	0.0106	0.0098	0.0100	0.0109	0.0131	0.0173	0.0241	0.0267	0.0237	0.0200	0.0174	0.0155	0.0146	0.0144	0.0141	0.0134	0.0126	0.0120	0.0119	0.0127	0.0146
1766	2J16	0.00	0.00	50.00	0.00	100.00	100.00	100.00	0.0067	0.0090	0.0086	0.0091	0.0099	0.0106	0.0114	0.0120	0.0115	0.0107	0.0099	0.0104	0.0108	0.0106	0.0101	0.0092	0.0083	0.0079	0.0078	0.0081	0.0083	0.0077	0.0071	0.0063	0.0058	0.0060	0.0063	0.0064	0.0069	0.0074	0.0080	0.0089	0.0098	0.0106	0.0116	0.0130
1767	2J17	50.00	0.00	100.00	100.00	0.00	0.00	0.00	0.0086	0.0089	0.0092	0.0099	0.0095	0.0097	0.0099	0.0104	0.0110	0.0114	0.0136	0.0186	0.0257	0.0308	0.0323	0.0317	0.0308	0.0295	0.0279	0.0265	0.0256	0.0251	0.0247	0.0247	0.0250	0.0254	0.0261	0.0272	0.0287	0.0297	0.0300	0.0300	0.0300	0.0304	0.0317	0.0340
1768	2J18	50.00	100.00	0.00	0.00	100.00	100.00	100.00	0.0053	0.0059	0.0055	0.0054	0.0065	0.0070	0.0083	0.0085	0.0078	0.0074	0.0068	0.0067	0.0066	0.0068	0.0070	0.0068	0.0067	0.0073	0.0086	0.0112	0.0157	0.0222	0.0241	0.0209	0.0171	0.0145	0.0127	0.0113	0.0104	0.0099	0.0097	0.0097	0.0099	0.0104	0.0110	0.0119
1769	2J19	0.00	50.00	100.00	100.00	0.00	0.00	0.00	0.0066	0.0076	0.0089	0.0088	0.0085	0.0091	0.0092	0.0097	0.0102	0.0104	0.0124	0.0165	0.0217	0.0247	0.0247	0.0236	0.0231	0.0229	0.0228	0.0236	0.0267	0.0331	0.0382	0.0402	0.0412	0.0420	0.0428	0.0437	0.0450	0.0459	0.0470	0.0480	0.0492	0.0501	0.0510	0.0521
1770	2J20	100.00	50.00	0.00	0.00	100.00	100.00	100.00	0.0087	0.0101	0.0105	0.0106	0.0106	0.0108	0.0119	0.0123	0.0115	0.0099	0.0086	0.0077	0.0072	0.0069	0.0071	0.0067	0.0063	0.0065	0.0072	0.0086	0.0106	0.0128	0.0126	0.0110	0.0097	0.0087	0.0079	0.0072	0.0068	0.0065	0.0063	0.0064	0.0063	0.0068	0.0076	0.0081
1771	2J21	50.00	50.00	100.00	100.00	0.00	0.00	0.00	0.0090	0.0093	0.0089	0.0098	0.0093	0.0092	0.0094	0.0100	0.0104	0.0106	0.0126	0.0163	0.0213	0.0241	0.0237	0.0222	0.0211	0.0201	0.0192	0.0192	0.0210	0.0248	0.0273	0.0272	0.0267	0.0267	0.0269	0.0278	0.0289	0.0298	0.0302	0.0300	0.0300	0.0304	0.0316	0.0340
1772	2J22	50.00	50.00	0.00	0.00	100.00	100.00	100.00	0.0047	0.0073	0.0089	0.0089	0.0090	0.0100	0.0114	0.0121	0.0112	0.0098	0.0087	0.0079	0.0074	0.0072	0.0072	0.0070	0.0067	0.0067	0.0075	0.0090	0.0112	0.0133	0.0131	0.0114	0.0099	0.0090	0.0083	0.0080	0.0076	0.0075	0.0077	0.0081	0.0087	0.0091	0.0097	0.0108
1773	2J23	100.00	50.00	100.00	100.00	0.00	0.00	0.00	0.0089	0.0089	0.0093	0.0092	0.0102	0.0099	0.0101	0.0109	0.0109	0.0115	0.0132	0.0169	0.0219	0.0246	0.0238	0.0216	0.0193	0.0171	0.0151	0.0143	0.0151	0.0167	0.0164	0.0148	0.0133	0.0123	0.0117	0.0116	0.0120	0.0121	0.0117	0.0112	0.0106	0.0108	0.0120	0.0142
1774	2J24	0.00	50.00	0.00	0.00	100.00	100.00	100.00	0.0067	0.0063	0.0070	0.0077	0.0086	0.0100	0.0113	0.0116	0.0109	0.0096	0.0087	0.0077	0.0068	0.0067	0.0067	0.0066	0.0063	0.0065	0.0072	0.0088	0.0109	0.0129	0.0127	0.0109	0.0093	0.0086	0.0083	0.0079	0.0078	0.0079	0.0081	0.0088	0.0096	0.0104	0.0111	0.0125
1775	2J25	50.00	100.00	100.00	100.00	0.00	0.00	0.00	0.0084	0.0088	0.0086	0.0090	0.0093	0.0092	0.0093	0.0096	0.0098	0.0097	0.0112	0.0136	0.0166	0.0175	0.0159	0.0143	0.0129	0.0124	0.0129	0.0148	0.0189	0.0273	0.0335	0.0334	0.0317	0.0301	0.0293	0.0295	0.0302	0.0306	0.0307	0.0305	0.0299	0.0302	0.0316	0.0335
1776	2J26	50.00	0.00	0.00	0.00	100.00	100.00	100.00	0.0086	0.0089	0.0109	0.0113	0.0119	0.0129	0.0140	0.0146	0.0134	0.0119	0.0104	0.0090	0.0080	0.0075	0.0072	0.0069	0.0064	0.0062	0.0063	0.0066	0.0068	0.0067	0.0063	0.0059	0.0059	0.0060	0.0062	0.0063	0.0065	0.0066	0.0068	0.0073	0.0076	0.0084	0.0092	0.0106
1777	2J27	92.31	92.31	92.31	92.31	46.15	92.31	92.31	0.0048	0.0054	0.0067	0.0071	0.0077	0.0078	0.0083	0.0089	0.0086	0.0088	0.0100	0.0120	0.0146	0.0151	0.0143	0.0127	0.0116	0.0114	0.0121	0.0139	0.0171	0.0219	0.0232	0.0206	0.0170	0.0146	0.0128	0.0113	0.0100	0.0092	0.0086	0.0083	0.0082	0.0086	0.0089	0.0093
1778	2J28	50.00	0.00	0.00	0.00	50.00	0.00	0.00	0.1804	0.2223	0.2536	0.2715	0.2803	0.2846	0.2841	0.2717	0.2431	0.2098	0.1832	0.1646	0.1537	0.1502	0.1494	0.1467	0.1453	0.1517	0.1779	0.2345	0.2969	0.3308	0.3345	0.3285	0.3260	0.3265	0.3315	0.3429	0.3568	0.3631	0.3591	0.3498	0.3376	0.3292	0.3339	0.3516
1779	2J29	50.00	100.00	100.00	100.00	50.00	100.00	100.00	0.0083	0.0092	0.0088	0.0083	0.0086	0.0083	0.0084	0.0087	0.0088	0.0088	0.0101	0.0126	0.0155	0.0167	0.0157	0.0139	0.0128	0.0126	0.0135	0.0155	0.0193	0.0255	0.0274	0.0240	0.0199	0.0167	0.0146	0.0129	0.0118	0.0109	0.0101	0.0096	0.0094	0.0093	0.0095	0.0098
1780	2J30	100.00	0.00	0.00	0.00	50.00	0.00	0.00	0.0791	0.1358	0.1865	0.2187	0.2360	0.2484	0.2580	0.2519	0.2260	0.1946	0.1682	0.1490	0.1369	0.1307	0.1253	0.1164	0.1054	0.0957	0.0894	0.0871	0.0815	0.0713	0.0587	0.0495	0.0466	0.0470	0.0505	0.0599	0.0723	0.0794	0.0764	0.0686	0.0582	0.0516	0.0564	0.0732
1781	2J31	0.00	100.00	100.00	100.00	50.00	100.00	100.00	0.0046	0.0055	0.0067	0.0077	0.0083	0.0079	0.0080	0.0083	0.0083	0.0086	0.0098	0.0125	0.0154	0.0165	0.0155	0.0138	0.0125	0.0124	0.0134	0.0157	0.0193	0.0255	0.0271	0.0238	0.0198	0.0169	0.0149	0.0133	0.0122	0.0112	0.0106	0.0100	0.0096	0.0092	0.0089	0.0086
1782	2J32	0.00	50.00	0.00	0.00	50.00	0.00	0.00	0.2097	0.2177	0.2185	0.2206	0.2237	0.2248	0.2216	0.2070	0.1785	0.1462	0.1207	0.1030	0.0913	0.0846	0.0798	0.0775	0.0799	0.0873	0.1066	0.1511	0.2434	0.4082	0.5787	0.6771	0.7172	0.7297	0.7347	0.7357	0.7354	0.7331	0.7303	0.7277	0.7263	0.7248	0.7219	0.7193
1783	2J33	100.00	50.00	100.00	100.00	50.00	100.00	100.00	0.0082	0.0100	0.0096	0.0102	0.0102	0.0095	0.0099	0.0100	0.0098	0.0098	0.0111	0.0135	0.0163	0.0169	0.0155	0.0135	0.0120	0.0115	0.0116	0.0124	0.0137	0.0155	0.0155	0.0138	0.0121	0.0108	0.0098	0.0089	0.0081	0.0078	0.0075	0.0072	0.0073	0.0080	0.0084	0.0087
1784	2J34	50.00	50.00	0.00	0.00	50.00	0.00	0.00	0.1502	0.1758	0.1936	0.2035	0.2097	0.2137	0.2145	0.2030	0.1764	0.1458	0.1207	0.1034	0.0921	0.0854	0.0804	0.0766	0.0759	0.0783	0.0878	0.1111	0.1538	0.2218	0.2780	0.2997	0.3072	0.3115	0.3179	0.3301	0.3440	0.3496	0.3454	0.3375	0.3270	0.3201	0.3259	0.3445
1785	2J35	50.00	50.00	100.00	100.00	50.00	100.00	100.00	0.0046	0.0058	0.0086	0.0081	0.0087	0.0077	0.0086	0.0091	0.0089	0.0091	0.0104	0.0129	0.0154	0.0162	0.0149	0.0130	0.0118	0.0112	0.0113	0.0120	0.0133	0.0148	0.0146	0.0130	0.0112	0.0101	0.0092	0.0085	0.0080	0.0076	0.0074	0.0072	0.0073	0.0074	0.0077	0.0074
1786	2J36	100.00	50.00	0.00	0.00	50.00	0.00	0.00	0.0606	0.1047	0.1429	0.1674	0.1810	0.1928	0.2014	0.1955	0.1718	0.1426	0.1183	0.1008	0.0887	0.0807	0.0735	0.0658	0.0586	0.0519	0.0465	0.0447	0.0464	0.0511	0.0498	0.0446	0.0422	0.0423	0.0453	0.0537	0.0654	0.0717	0.0689	0.0616	0.0518	0.0461	0.0508	0.0668
1787	2J37	0.00	50.00	100.00	100.00	50.00	100.00	100.00	0.0092	0.0076	0.0073	0.0080	0.0083	0.0082	0.0087	0.0092	0.0092	0.0091	0.0103	0.0130	0.0158	0.0164	0.0150	0.0134	0.0123	0.0117	0.0115	0.0123	0.0135	0.0149	0.0146	0.0129	0.0114	0.0104	0.0097	0.0091	0.0087	0.0083	0.0080	0.0077	0.0075	0.0075	0.0074	0.0070
1788	2J38	100.00	0.00	100.00	100.00	50.00	100.00	100.00	0.0059	0.0087	0.0099	0.0097	0.0092	0.0092	0.0092	0.0095	0.0093	0.0094	0.0106	0.0130	0.0156	0.0159	0.0141	0.0121	0.0107	0.0099	0.0093	0.0089	0.0085	0.0083	0.0080	0.0079	0.0078	0.0075	0.0071	0.0066	0.0064	0.0062	0.0059	0.0061	0.0062	0.0069	0.0076	0.0087
1789	2J39	50.00	100.00	0.00	0.00	50.00	0.00	0.00	0.0956	0.1012	0.1029	0.1060	0.1099	0.1152	0.1176	0.1093	0.0884	0.0650	0.0468	0.0350	0.0272	0.0213	0.0166	0.0140	0.0132	0.0128	0.0125	0.0145	0.0291	0.0963	0.2024	0.2682	0.2949	0.3060	0.3152	0.3289	0.3441	0.3517	0.3481	0.3390	0.3267	0.3188	0.3252	0.3453
1790	2J40	50.00	0.00	100.00	100.00	50.00	100.00	100.00	0.0088	0.0079	0.0092	0.0089	0.0085	0.0087	0.0092	0.0095	0.0095	0.0096	0.0109	0.0134	0.0160	0.0163	0.0149	0.0130	0.0116	0.0105	0.0099	0.0095	0.0089	0.0086	0.0082	0.0080	0.0078	0.0075	0.0072	0.0069	0.0067	0.0065	0.0064	0.0064	0.0065	0.0069	0.0072	0.0072
1791	2J41	100.00	100.00	0.00	0.00	50.00	0.00	0.00	0.0414	0.0620	0.0790	0.0904	0.0976	0.1054	0.1125	0.1073	0.0883	0.0657	0.0479	0.0358	0.0275	0.0212	0.0163	0.0132	0.0120	0.0111	0.0109	0.0127	0.0194	0.0360	0.0503	0.0514	0.0496	0.0493	0.0519	0.0599	0.0713	0.0775	0.0747	0.0673	0.0571	0.0511	0.0562	0.0731
1792	2J42	0.00	0.00	100.00	100.00	50.00	100.00	100.00	0.0080	0.0081	0.0084	0.0088	0.0089	0.0082	0.0089	0.0095	0.0095	0.0097	0.0110	0.0135	0.0161	0.0167	0.0153	0.0136	0.0123	0.0114	0.0106	0.0100	0.0094	0.0091	0.0087	0.0084	0.0081	0.0079	0.0077	0.0075	0.0074	0.0073	0.0072	0.0073	0.0073	0.0070	0.0069	0.0069
1793	2J43	0.00	0.00	50.00	0.00	50.00	0.00	0.00	0.1861	0.1840	0.1762	0.1680	0.1625	0.1590	0.1564	0.1529	0.1443	0.1300	0.1192	0.1209	0.1335	0.1489	0.1602	0.1666	0.1757	0.2007	0.2646	0.3929	0.5507	0.6656	0.7180	0.7351	0.7393	0.7394	0.7402	0.7401	0.7395	0.7363	0.7318	0.7281	0.7281	0.7281	0.7260	0.7246
1794	2J44	100.00	100.00	50.00	100.00	50.00	100.00	100.00	0.0085	0.0071	0.0072	0.0074	0.0077	0.0077	0.0075	0.0078	0.0082	0.0080	0.0082	0.0094	0.0105	0.0109	0.0105	0.0096	0.0092	0.0095	0.0107	0.0131	0.0175	0.0243	0.0267	0.0236	0.0195	0.0163	0.0140	0.0122	0.0109	0.0099	0.0092	0.0087	0.0087	0.0092	0.0096	0.0096
1795	2J45	50.00	0.00	50.00	0.00	50.00	0.00	0.00	0.1377	0.1536	0.1588	0.1578	0.1550	0.1544	0.1541	0.1514	0.1431	0.1282	0.1171	0.1177	0.1282	0.1412	0.1500	0.1536	0.1583	0.1734	0.2099	0.2720	0.3274	0.3501	0.3472	0.3387	0.3352	0.3354	0.3396	0.3500	0.3632	0.3690	0.3644	0.3549	0.3438	0.3364	0.3415	0.3597
1796	2J46	50.00	100.00	50.00	100.00	50.00	100.00	100.00	0.0056	0.0072	0.0078	0.0068	0.0072	0.0069	0.0073	0.0078	0.0080	0.0079	0.0083	0.0093	0.0105	0.0108	0.0105	0.0097	0.0092	0.0095	0.0107	0.0131	0.0173	0.0240	0.0262	0.0230	0.0190	0.0159	0.0138	0.0123	0.0110	0.0101	0.0095	0.0089	0.0088	0.0087	0.0089	0.0089
1797	2J47	100.00	0.00	50.00	0.00	50.00	0.00	0.00	0.0566	0.0907	0.1156	0.1283	0.1329	0.1379	0.1438	0.1450	0.1377	0.1232	0.1117	0.1102	0.1168	0.1239	0.1233	0.1144	0.1028	0.0921	0.0854	0.0841	0.0799	0.0706	0.0582	0.0494	0.0466	0.0471	0.0505	0.0601	0.0732	0.0804	0.0775	0.0696	0.0586	0.0519	0.0572	0.0748
1798	2J48	0.00	100.00	50.00	100.00	50.00	100.00	100.00	0.0042	0.0054	0.0072	0.0078	0.0072	0.0074	0.0076	0.0077	0.0080	0.0081	0.0086	0.0096	0.0107	0.0110	0.0106	0.0099	0.0094	0.0097	0.0109	0.0134	0.0175	0.0242	0.0262	0.0230	0.0192	0.0163	0.0144	0.0129	0.0118	0.0110	0.0102	0.0099	0.0093	0.0092	0.0091	0.0090
1799	2J49	0.00	50.00	50.00	0.00	50.00	0.00	0.00	0.1533	0.1474	0.1386	0.1322	0.1283	0.1270	0.1265	0.1227	0.1128	0.0974	0.0855	0.0825	0.0861	0.0895	0.0886	0.0874	0.0898	0.0977	0.1173	0.1624	0.2558	0.4219	0.5903	0.6855	0.7233	0.7349	0.7392	0.7402	0.7401	0.7380	0.7351	0.7317	0.7306	0.7295	0.7271	0.7256
1800	2J50	100.00	50.00	50.00	100.00	50.00	100.00	100.00	0.0057	0.0105	0.0120	0.0118	0.0104	0.0105	0.0107	0.0106	0.0103	0.0102	0.0104	0.0110	0.0117	0.0116	0.0107	0.0096	0.0092	0.0091	0.0095	0.0106	0.0123	0.0142	0.0144	0.0129	0.0113	0.0102	0.0093	0.0085	0.0080	0.0074	0.0073	0.0071	0.0072	0.0077	0.0082	0.0086
1801	2K1	50.00	50.00	50.00	0.00	50.00	0.00	0.00	0.1081	0.1231	0.1306	0.1322	0.1309	0.1326	0.1346	0.1336	0.1262	0.1132	0.1030	0.1014	0.1059	0.1087	0.1057	0.1007	0.0974	0.0956	0.1000	0.1200	0.1639	0.2359	0.2971	0.3228	0.3314	0.3353	0.3407	0.3514	0.3645	0.3703	0.3662	0.3574	0.3461	0.3384	0.3426	0.3590
1802	2K2	50.00	50.00	50.00	100.00	50.00	100.00	100.00	0.0096	0.0090	0.0099	0.0096	0.0093	0.0091	0.0095	0.0095	0.0095	0.0094	0.0096	0.0104	0.0112	0.0112	0.0106	0.0097	0.0092	0.0091	0.0095	0.0106	0.0121	0.0139	0.0138	0.0124	0.0110	0.0100	0.0092	0.0085	0.0079	0.0075	0.0073	0.0072	0.0072	0.0073	0.0075	0.0075
1803	2K3	100.00	50.00	50.00	0.00	50.00	0.00	0.00	0.0472	0.0765	0.0960	0.1051	0.1099	0.1139	0.1191	0.1198	0.1126	0.0995	0.0889	0.0859	0.0880	0.0887	0.0841	0.0761	0.0680	0.0596	0.0520	0.0483	0.0491	0.0542	0.0534	0.0481	0.0458	0.0460	0.0490	0.0579	0.0703	0.0771	0.0741	0.0663	0.0555	0.0491	0.0539	0.0705
1804	2K4	0.00	50.00	50.00	100.00	50.00	100.00	100.00	0.0086	0.0087	0.0089	0.0088	0.0090	0.0089	0.0091	0.0094	0.0096	0.0095	0.0099	0.0109	0.0117	0.0118	0.0112	0.0103	0.0098	0.0098	0.0101	0.0111	0.0126	0.0143	0.0143	0.0129	0.0114	0.0104	0.0097	0.0092	0.0086	0.0083	0.0081	0.0077	0.0077	0.0076	0.0076	0.0077
1805	2K5	0.00	100.00	50.00	0.00	50.00	0.00	0.00	0.0914	0.0799	0.0713	0.0675	0.0663	0.0673	0.0684	0.0652	0.0562	0.0438	0.0342	0.0297	0.0272	0.0237	0.0193	0.0165	0.0157	0.0150	0.0147	0.0169	0.0387	0.1605	0.3922	0.5814	0.6788	0.7153	0.7285	0.7327	0.7342	0.7329	0.7299	0.7268	0.7260	0.7246	0.7221	0.7203
1806	2K6	100.00	0.00	50.00	100.00	50.00	100.00	100.00	0.0091	0.0115	0.0118	0.0112	0.0106	0.0105	0.0103	0.0106	0.0103	0.0100	0.0100	0.0106	0.0110	0.0105	0.0095	0.0085	0.0078	0.0075	0.0073	0.0071	0.0069	0.0068	0.0067	0.0067	0.0066	0.0062	0.0060	0.0059	0.0056	0.0053	0.0052	0.0054	0.0054	0.0058	0.0064	0.0071
1807	2K7	50.00	100.00	50.00	0.00	50.00	0.00	0.00	0.0643	0.0649	0.0634	0.0620	0.0624	0.0646	0.0667	0.0644	0.0558	0.0437	0.0342	0.0296	0.0269	0.0235	0.0189	0.0160	0.0147	0.0140	0.0137	0.0155	0.0294	0.0966	0.2058	0.2763	0.3061	0.3178	0.3267	0.3393	0.3542	0.3612	0.3574	0.3482	0.3363	0.3283	0.3337	0.3525
1808	2K8	50.00	0.00	50.00	100.00	50.00	100.00	100.00	0.0077	0.0083	0.0092	0.0101	0.0102	0.0097	0.0098	0.0101	0.0100	0.0099	0.0103	0.0110	0.0115	0.0113	0.0102	0.0095	0.0088	0.0085	0.0081	0.0079	0.0077	0.0074	0.0073	0.0071	0.0070	0.0068	0.0067	0.0064	0.0064	0.0061	0.0059	0.0060	0.0060	0.0063	0.0067	0.0074
1809	2K9	100.00	100.00	50.00	0.00	50.00	0.00	0.00	0.0337	0.0450	0.0527	0.0561	0.0584	0.0619	0.0662	0.0650	0.0575	0.0460	0.0365	0.0317	0.0292	0.0254	0.0203	0.0168	0.0150	0.0134	0.0128	0.0143	0.0203	0.0367	0.0505	0.0516	0.0498	0.0493	0.0515	0.0593	0.0709	0.0771	0.0740	0.0664	0.0564	0.0501	0.0550	0.0711
1810	2K10	0.00	0.00	50.00	100.00	50.00	100.00	100.00	0.0089	0.0096	0.0097	0.0092	0.0097	0.0096	0.0096	0.0100	0.0102	0.0101	0.0106	0.0114	0.0121	0.0120	0.0112	0.0104	0.0100	0.0095	0.0092	0.0089	0.0086	0.0083	0.0080	0.0079	0.0075	0.0074	0.0073	0.0072	0.0072	0.0071	0.0069	0.0068	0.0067	0.0066	0.0067	0.0071
1811	2K11	100.00	100.00	0.00	100.00	50.00	100.00	100.00	0.0100	0.0074	0.0078	0.0084	0.0077	0.0072	0.0075	0.0075	0.0073	0.0070	0.0069	0.0068	0.0069	0.0070	0.0072	0.0073	0.0071	0.0076	0.0089	0.0116	0.0164	0.0237	0.0264	0.0233	0.0192	0.0160	0.0135	0.0117	0.0104	0.0093	0.0086	0.0081	0.0082	0.0086	0.0092	0.0102
1812	2K12	50.00	0.00	100.00	0.00	50.00	0.00	0.00	0.0459	0.0404	0.0316	0.0239	0.0202	0.0192	0.0196	0.0225	0.0277	0.0296	0.0332	0.0497	0.0808	0.1129	0.1302	0.1333	0.1338	0.1411	0.1693	0.2306	0.2979	0.3345	0.3388	0.3332	0.3306	0.3315	0.3364	0.3476	0.3616	0.3676	0.3624	0.3526	0.3410	0.3336	0.3388	0.3569
1813	2K13	50.00	100.00	0.00	100.00	50.00	100.00	100.00	0.0061	0.0071	0.0069	0.0061	0.0064	0.0066	0.0069	0.0067	0.0065	0.0069	0.0067	0.0067	0.0069	0.0071	0.0073	0.0072	0.0071	0.0077	0.0092	0.0118	0.0165	0.0236	0.0261	0.0228	0.0189	0.0157	0.0136	0.0122	0.0110	0.0100	0.0095	0.0092	0.0088	0.0089	0.0089	0.0089
1814	2K14	100.00	0.00	100.00	0.00	50.00	0.00	0.00	0.0231	0.0278	0.0279	0.0235	0.0209	0.0203	0.0213	0.0248	0.0297	0.0314	0.0345	0.0499	0.0780	0.1051	0.1160	0.1123	0.1037	0.0955	0.0901	0.0883	0.0829	0.0732	0.0608	0.0521	0.0493	0.0497	0.0532	0.0626	0.0755	0.0825	0.0792	0.0712	0.0608	0.0540	0.0592	0.0767
1815	2K15	0.00	100.00	0.00	100.00	50.00	100.00	100.00	0.0055	0.0050	0.0054	0.0053	0.0058	0.0056	0.0058	0.0062	0.0067	0.0067	0.0066	0.0067	0.0068	0.0070	0.0071	0.0071	0.0070	0.0077	0.0091	0.0118	0.0166	0.0236	0.0261	0.0229	0.0189	0.0160	0.0140	0.0125	0.0114	0.0107	0.0100	0.0093	0.0091	0.0088	0.0085	0.0085
1816	2K16	0.00	50.00	100.00	0.00	50.00	0.00	0.00	0.0565	0.0426	0.0307	0.0227	0.0192	0.0178	0.0181	0.0209	0.0245	0.0249	0.0267	0.0369	0.0548	0.0698	0.0751	0.0759	0.0789	0.0873	0.1083	0.1545	0.2487	0.4159	0.5854	0.6811	0.7192	0.7310	0.7355	0.7369	0.7369	0.7343	0.7301	0.7263	0.7252	0.7242	0.7226	0.7209
1817	2K17	100.00	50.00	0.00	100.00	50.00	100.00	100.00	0.0092	0.0106	0.0114	0.0110	0.0101	0.0099	0.0100	0.0097	0.0095	0.0090	0.0083	0.0080	0.0076	0.0072	0.0071	0.0069	0.0067	0.0069	0.0075	0.0089	0.0108	0.0131	0.0132	0.0118	0.0103	0.0092	0.0083	0.0077	0.0071	0.0069	0.0066	0.0065	0.0066	0.0070	0.0077	0.0081
1818	2K18	50.00	50.00	100.00	0.00	50.00	0.00	0.00	0.0419	0.0357	0.0282	0.0231	0.0194	0.0183	0.0191	0.0218	0.0253	0.0259	0.0276	0.0381	0.0564	0.0716	0.0759	0.0737	0.0723	0.0735	0.0824	0.1064	0.1533	0.2294	0.2929	0.3185	0.3273	0.3318	0.3383	0.3502	0.3645	0.3709	0.3661	0.3567	0.3453	0.3378	0.3433	0.3612
1819	2K19	50.00	50.00	0.00	100.00	50.00	100.00	100.00	0.0066	0.0091	0.0089	0.0089	0.0095	0.0091	0.0088	0.0088	0.0088	0.0086	0.0083	0.0080	0.0077	0.0076	0.0075	0.0075	0.0073	0.0075	0.0080	0.0093	0.0113	0.0134	0.0132	0.0120	0.0107	0.0096	0.0088	0.0083	0.0078	0.0076	0.0074	0.0072	0.0073	0.0071	0.0075	0.0080
1820	2K20	100.00	50.00	100.00	0.00	50.00	0.00	0.00	0.0239	0.0279	0.0260	0.0232	0.0209	0.0203	0.0217	0.0244	0.0275	0.0276	0.0291	0.0392	0.0568	0.0710	0.0732	0.0682	0.0622	0.0561	0.0508	0.0485	0.0507	0.0578	0.0583	0.0536	0.0515	0.0519	0.0552	0.0645	0.0774	0.0843	0.0811	0.0729	0.0620	0.0554	0.0611	0.0785
1821	2K21	0.00	50.00	0.00	100.00	50.00	100.00	100.00	0.0083	0.0074	0.0078	0.0082	0.0082	0.0083	0.0083	0.0083	0.0086	0.0084	0.0083	0.0081	0.0078	0.0077	0.0078	0.0078	0.0077	0.0080	0.0086	0.0098	0.0118	0.0138	0.0139	0.0125	0.0110	0.0101	0.0093	0.0088	0.0085	0.0083	0.0080	0.0076	0.0076	0.0076	0.0075	0.0074
1822	2K22	0.00	100.00	100.00	0.00	50.00	0.00	0.00	0.0420	0.0312	0.0239	0.0198	0.0178	0.0166	0.0173	0.0184	0.0187	0.0173	0.0169	0.0201	0.0246	0.0254	0.0221	0.0191	0.0176	0.0169	0.0166	0.0186	0.0402	0.1608	0.3903	0.5782	0.6747	0.7112	0.7254	0.7306	0.7325	0.7310	0.7279	0.7253	0.7257	0.7248	0.7234	0.7223
1823	2K23	100.00	0.00	0.00	100.00	50.00	100.00	100.00	0.0111	0.0130	0.0131	0.0131	0.0122	0.0114	0.0114	0.0111	0.0104	0.0099	0.0091	0.0083	0.0077	0.0072	0.0067	0.0063	0.0060	0.0059	0.0059	0.0057	0.0057	0.0057	0.0057	0.0057	0.0058	0.0057	0.0055	0.0055	0.0054	0.0052	0.0052	0.0051	0.0053	0.0058	0.0067	0.0075
1824	2K24	50.00	100.00	100.00	0.00	50.00	0.00	0.00	0.0282	0.0251	0.0209	0.0186	0.0169	0.0166	0.0172	0.0182	0.0185	0.0169	0.0165	0.0195	0.0235	0.0243	0.0211	0.0181	0.0165	0.0155	0.0153	0.0171	0.0302	0.0951	0.2008	0.2685	0.2969	0.3083	0.3174	0.3306	0.3461	0.3533	0.3490	0.3396	0.3274	0.3188	0.3249	0.3447
1825	2K25	50.00	0.00	0.00	100.00	50.00	100.00	100.00	0.0116	0.0111	0.0107	0.0114	0.0109	0.0108	0.0104	0.0102	0.0098	0.0097	0.0092	0.0087	0.0081	0.0079	0.0076	0.0074	0.0071	0.0071	0.0069	0.0068	0.0068	0.0067	0.0067	0.0067	0.0067	0.0066	0.0063	0.0062	0.0062	0.0061	0.0060	0.0060	0.0061	0.0064	0.0070	0.0077
1826	2K26	100.00	100.00	100.00	0.00	50.00	0.00	0.00	0.0152	0.0198	0.0203	0.0197	0.0182	0.0192	0.0203	0.0217	0.0214	0.0194	0.0186	0.0216	0.0262	0.0271	0.0234	0.0196	0.0172	0.0157	0.0149	0.0162	0.0218	0.0382	0.0529	0.0542	0.0525	0.0521	0.0543	0.0625	0.0740	0.0804	0.0771	0.0694	0.0591	0.0529	0.0577	0.0745
1827	2K27	0.00	0.00	0.00	100.00	50.00	100.00	100.00	0.0077	0.0091	0.0103	0.0102	0.0099	0.0103	0.0104	0.0107	0.0110	0.0109	0.0107	0.0101	0.0100	0.0097	0.0096	0.0096	0.0095	0.0094	0.0092	0.0092	0.0091	0.0088	0.0087	0.0085	0.0083	0.0082	0.0082	0.0082	0.0079	0.0079	0.0078	0.0077	0.0077	0.0077	0.0076	0.0074
1828	2K28	100.00	100.00	100.00	50.00	50.00	100.00	100.00	0.0082	0.0088	0.0090	0.0095	0.0090	0.0090	0.0092	0.0101	0.0102	0.0100	0.0110	0.0134	0.0162	0.0170	0.0160	0.0143	0.0129	0.0127	0.0137	0.0158	0.0194	0.0254	0.0277	0.0245	0.0203	0.0172	0.0149	0.0130	0.0116	0.0106	0.0100	0.0097	0.0098	0.0100	0.0105	0.0109
1829	2K29	50.00	0.00	0.00	50.00	50.00	0.00	0.00	0.0737	0.0862	0.0954	0.1016	0.1044	0.1058	0.1060	0.1024	0.0925	0.0812	0.0721	0.0657	0.0622	0.0615	0.0620	0.0620	0.0629	0.0671	0.0802	0.1065	0.1330	0.1462	0.1479	0.1465	0.1467	0.1479	0.1507	0.1562	0.1630	0.1666	0.1663	0.1634	0.1593	0.1570	0.1599	0.1676
1830	2K30	50.00	100.00	100.00	50.00	50.00	100.00	100.00	0.0062	0.0061	0.0086	0.0085	0.0087	0.0086	0.0091	0.0093	0.0096	0.0097	0.0107	0.0129	0.0157	0.0168	0.0158	0.0140	0.0128	0.0126	0.0135	0.0156	0.0193	0.0250	0.0269	0.0232	0.0191	0.0163	0.0142	0.0126	0.0113	0.0105	0.0100	0.0099	0.0098	0.0100	0.0104	0.0106
1831	2K31	100.00	0.00	0.00	50.00	50.00	0.00	0.00	0.0342	0.0553	0.0737	0.0850	0.0917	0.0964	0.0999	0.0979	0.0888	0.0775	0.0683	0.0615	0.0573	0.0553	0.0538	0.0508	0.0468	0.0433	0.0410	0.0403	0.0381	0.0340	0.0287	0.0252	0.0241	0.0245	0.0261	0.0303	0.0362	0.0396	0.0383	0.0350	0.0304	0.0280	0.0309	0.0391
1832	2K32	0.00	100.00	100.00	50.00	50.00	100.00	100.00	0.0073	0.0074	0.0072	0.0077	0.0078	0.0083	0.0088	0.0092	0.0093	0.0093	0.0104	0.0129	0.0157	0.0167	0.0155	0.0139	0.0126	0.0125	0.0133	0.0155	0.0190	0.0245	0.0257	0.0222	0.0183	0.0157	0.0139	0.0125	0.0116	0.0109	0.0105	0.0103	0.0104	0.0103	0.0103	0.0106
1833	2K33	0.00	50.00	0.00	50.00	50.00	0.00	0.00	0.0803	0.0816	0.0818	0.0832	0.0839	0.0847	0.0841	0.0794	0.0695	0.0581	0.0493	0.0431	0.0393	0.0375	0.0363	0.0362	0.0377	0.0418	0.0522	0.0739	0.1117	0.1707	0.2246	0.2519	0.2630	0.2681	0.2716	0.2741	0.2762	0.2778	0.2793	0.2803	0.2818	0.2836	0.2845	0.2854
1834	2K34	100.00	50.00	100.00	50.00	50.00	100.00	100.00	0.0084	0.0083	0.0085	0.0096	0.0092	0.0092	0.0098	0.0108	0.0113	0.0115	0.0121	0.0140	0.0164	0.0169	0.0154	0.0132	0.0117	0.0111	0.0112	0.0120	0.0134	0.0150	0.0149	0.0133	0.0116	0.0105	0.0094	0.0085	0.0079	0.0075	0.0072	0.0071	0.0072	0.0079	0.0083	0.0092
1835	2K35	50.00	50.00	0.00	50.00	50.00	0.00	0.00	0.0607	0.0692	0.0749	0.0786	0.0819	0.0836	0.0841	0.0801	0.0704	0.0593	0.0503	0.0439	0.0398	0.0378	0.0364	0.0355	0.0358	0.0379	0.0439	0.0564	0.0766	0.1066	0.1309	0.1404	0.1440	0.1464	0.1498	0.1556	0.1623	0.1661	0.1659	0.1633	0.1593	0.1568	0.1597	0.1682
1836	2K36	50.00	50.00	100.00	50.00	50.00	100.00	100.00	0.0082	0.0066	0.0077	0.0086	0.0081	0.0089	0.0096	0.0101	0.0108	0.0109	0.0120	0.0142	0.0165	0.0171	0.0158	0.0138	0.0121	0.0115	0.0116	0.0123	0.0135	0.0148	0.0144	0.0127	0.0112	0.0100	0.0092	0.0085	0.0081	0.0077	0.0076	0.0076	0.0080	0.0083	0.0087	0.0089
1837	2K37	100.00	50.00	0.00	50.00	50.00	0.00	0.00	0.0272	0.0448	0.0577	0.0669	0.0723	0.0772	0.0808	0.0788	0.0697	0.0589	0.0498	0.0433	0.0391	0.0363	0.0338	0.0310	0.0282	0.0256	0.0240	0.0244	0.0265	0.0298	0.0296	0.0268	0.0251	0.0248	0.0259	0.0295	0.0349	0.0380	0.0368	0.0334	0.0290	0.0267	0.0296	0.0376
1838	2K38	0.00	50.00	100.00	50.00	50.00	100.00	100.00	0.0067	0.0087	0.0088	0.0086	0.0083	0.0092	0.0095	0.0100	0.0107	0.0109	0.0120	0.0143	0.0167	0.0172	0.0158	0.0140	0.0125	0.0117	0.0119	0.0126	0.0136	0.0147	0.0141	0.0124	0.0109	0.0100	0.0093	0.0087	0.0083	0.0082	0.0082	0.0084	0.0087	0.0090	0.0095	0.0100
1839	2K39	0.00	100.00	0.00	50.00	50.00	0.00	0.00	0.0530	0.0497	0.0458	0.0453	0.0464	0.0484	0.0493	0.0461	0.0379	0.0289	0.0218	0.0172	0.0143	0.0122	0.0104	0.0095	0.0093	0.0096	0.0105	0.0129	0.0244	0.0783	0.1703	0.2334	0.2614	0.2726	0.2786	0.2824	0.2854	0.2879	0.2897	0.2911	0.2931	0.2951	0.2970	0.2989
1840	2K40	100.00	0.00	100.00	50.00	50.00	100.00	100.00	0.0109	0.0097	0.0099	0.0094	0.0094	0.0098	0.0104	0.0112	0.0120	0.0124	0.0131	0.0148	0.0167	0.0166	0.0147	0.0125	0.0108	0.0099	0.0094	0.0091	0.0086	0.0082	0.0080	0.0080	0.0077	0.0074	0.0070	0.0066	0.0063	0.0061	0.0060	0.0061	0.0066	0.0071	0.0078	0.0092
1841	2K41	50.00	100.00	0.00	50.00	50.00	0.00	0.00	0.0406	0.0424	0.0432	0.0448	0.0460	0.0484	0.0500	0.0472	0.0395	0.0306	0.0234	0.0188	0.0156	0.0132	0.0115	0.0102	0.0099	0.0100	0.0106	0.0130	0.0218	0.0534	0.0985	0.1238	0.1337	0.1382	0.1426	0.1491	0.1566	0.1608	0.1604	0.1574	0.1533	0.1512	0.1549	0.1646
1842	2K42	50.00	0.00	100.00	50.00	50.00	100.00	100.00	0.0081	0.0089	0.0096	0.0090	0.0094	0.0099	0.0105	0.0114	0.0123	0.0129	0.0136	0.0154	0.0175	0.0176	0.0158	0.0135	0.0121	0.0109	0.0103	0.0100	0.0095	0.0089	0.0084	0.0080	0.0077	0.0074	0.0073	0.0070	0.0068	0.0067	0.0069	0.0071	0.0075	0.0082	0.0084	0.0092
1843	2K43	100.00	100.00	0.00	50.00	50.00	0.00	0.00	0.0208	0.0295	0.0352	0.0382	0.0413	0.0452	0.0478	0.0461	0.0387	0.0301	0.0231	0.0185	0.0156	0.0135	0.0116	0.0105	0.0098	0.0098	0.0107	0.0130	0.0184	0.0294	0.0370	0.0361	0.0335	0.0318	0.0319	0.0349	0.0399	0.0427	0.0413	0.0378	0.0331	0.0306	0.0337	0.0424
1844	2K44	0.00	0.00	100.00	50.00	50.00	100.00	100.00	0.0086	0.0086	0.0084	0.0088	0.0091	0.0095	0.0107	0.0119	0.0130	0.0134	0.0140	0.0159	0.0180	0.0180	0.0163	0.0143	0.0127	0.0117	0.0111	0.0107	0.0101	0.0095	0.0089	0.0083	0.0079	0.0078	0.0077	0.0076	0.0076	0.0075	0.0075	0.0079	0.0082	0.0086	0.0092	0.0099
1845	2K45	0.00	0.00	50.00	50.00	50.00	0.00	0.00	0.0743	0.0733	0.0718	0.0698	0.0689	0.0685	0.0680	0.0667	0.0630	0.0573	0.0535	0.0543	0.0588	0.0640	0.0679	0.0708	0.0748	0.0857	0.1126	0.1635	0.2186	0.2525	0.2666	0.2725	0.2755	0.2777	0.2799	0.2817	0.2836	0.2850	0.2859	0.2867	0.2881	0.2897	0.2911	0.2926
1846	2K46	100.00	100.00	50.00	50.00	50.00	100.00	100.00	0.0060	0.0078	0.0082	0.0080	0.0086	0.0092	0.0105	0.0119	0.0122	0.0115	0.0106	0.0104	0.0109	0.0110	0.0107	0.0098	0.0093	0.0095	0.0108	0.0131	0.0171	0.0239	0.0261	0.0231	0.0191	0.0161	0.0138	0.0121	0.0108	0.0098	0.0093	0.0090	0.0090	0.0092	0.0096	0.0102
1847	2K47	50.00	0.00	50.00	50.00	50.00	0.00	0.00	0.0589	0.0665	0.0692	0.0686	0.0687	0.0690	0.0694	0.0685	0.0645	0.0582	0.0539	0.0542	0.0580	0.0628	0.0659	0.0671	0.0693	0.0760	0.0924	0.1209	0.1467	0.1582	0.1588	0.1569	0.1568	0.1580	0.1608	0.1665	0.1734	0.1774	0.1767	0.1739	0.1697	0.1671	0.1704	0.1789
1848	2K48	50.00	100.00	50.00	50.00	50.00	100.00	100.00	0.0076	0.0084	0.0095	0.0097	0.0091	0.0107	0.0117	0.0130	0.0134	0.0127	0.0119	0.0118	0.0122	0.0123	0.0119	0.0112	0.0107	0.0108	0.0121	0.0143	0.0185	0.0249	0.0268	0.0234	0.0195	0.0166	0.0146	0.0130	0.0119	0.0110	0.0106	0.0106	0.0106	0.0108	0.0110	0.0120
1849	2K49	100.00	0.00	50.00	50.00	50.00	0.00	0.00	0.0255	0.0402	0.0503	0.0555	0.0577	0.0604	0.0629	0.0636	0.0609	0.0557	0.0518	0.0518	0.0551	0.0584	0.0583	0.0549	0.0499	0.0452	0.0415	0.0400	0.0372	0.0329	0.0276	0.0240	0.0230	0.0232	0.0247	0.0290	0.0349	0.0382	0.0371	0.0335	0.0288	0.0265	0.0295	0.0381
1850	2K50	0.00	100.00	50.00	50.00	50.00	100.00	100.00	0.0060	0.0064	0.0079	0.0077	0.0076	0.0090	0.0105	0.0117	0.0120	0.0114	0.0108	0.0107	0.0112	0.0113	0.0108	0.0100	0.0095	0.0098	0.0110	0.0134	0.0175	0.0237	0.0254	0.0219	0.0181	0.0154	0.0136	0.0123	0.0114	0.0108	0.0105	0.0104	0.0106	0.0109	0.0112	0.0118
1851	2L1	0.00	50.00	50.00	50.00	50.00	0.00	0.00	0.0717	0.0713	0.0689	0.0672	0.0661	0.0663	0.0664	0.0655	0.0618	0.0561	0.0522	0.0521	0.0546	0.0564	0.0559	0.0555	0.0566	0.0601	0.0693	0.0900	0.1288	0.1913	0.2493	0.2783	0.2900	0.2950	0.2984	0.3007	0.3026	0.3036	0.3045	0.3054	0.3070	0.3085	0.3095	0.3108
1852	2L2	100.00	50.00	50.00	50.00	50.00	100.00	100.00	0.0082	0.0089	0.0103	0.0106	0.0115	0.0124	0.0148	0.0174	0.0192	0.0189	0.0169	0.0145	0.0129	0.0118	0.0106	0.0095	0.0086	0.0085	0.0089	0.0100	0.0116	0.0135	0.0134	0.0120	0.0106	0.0094	0.0084	0.0076	0.0071	0.0067	0.0064	0.0065	0.0066	0.0070	0.0076	0.0085
1853	2L3	50.00	50.00	50.00	50.00	50.00	0.00	0.00	0.0483	0.0542	0.0568	0.0580	0.0586	0.0592	0.0600	0.0592	0.0558	0.0500	0.0460	0.0452	0.0467	0.0476	0.0466	0.0450	0.0440	0.0445	0.0484	0.0593	0.0795	0.1115	0.1382	0.1490	0.1532	0.1557	0.1591	0.1647	0.1717	0.1755	0.1750	0.1722	0.1680	0.1658	0.1690	0.1777
1854	2L4	50.00	50.00	50.00	50.00	50.00	100.00	100.00	0.0070	0.0089	0.0089	0.0100	0.0104	0.0119	0.0144	0.0170	0.0188	0.0187	0.0167	0.0143	0.0129	0.0119	0.0109	0.0098	0.0091	0.0089	0.0092	0.0104	0.0119	0.0136	0.0135	0.0120	0.0103	0.0093	0.0086	0.0079	0.0076	0.0073	0.0071	0.0071	0.0075	0.0079	0.0083	0.0089
1855	2L5	100.00	50.00	50.00	50.00	50.00	0.00	0.00	0.0236	0.0364	0.0456	0.0500	0.0518	0.0542	0.0568	0.0573	0.0542	0.0487	0.0445	0.0435	0.0447	0.0450	0.0428	0.0391	0.0353	0.0316	0.0285	0.0271	0.0278	0.0307	0.0302	0.0273	0.0256	0.0252	0.0262	0.0298	0.0353	0.0384	0.0371	0.0336	0.0290	0.0265	0.0292	0.0373
1856	2L6	0.00	50.00	50.00	50.00	50.00	100.00	100.00	0.0059	0.0062	0.0081	0.0087	0.0099	0.0116	0.0142	0.0172	0.0191	0.0188	0.0168	0.0145	0.0131	0.0120	0.0111	0.0101	0.0094	0.0092	0.0095	0.0105	0.0119	0.0135	0.0131	0.0114	0.0100	0.0091	0.0086	0.0081	0.0079	0.0076	0.0075	0.0081	0.0085	0.0087	0.0091	0.0090
1857	2L7	0.00	100.00	50.00	50.00	50.00	0.00	0.00	0.0403	0.0352	0.0326	0.0313	0.0313	0.0325	0.0333	0.0323	0.0283	0.0233	0.0196	0.0183	0.0176	0.0163	0.0142	0.0125	0.0118	0.0117	0.0122	0.0143	0.0254	0.0783	0.1692	0.2317	0.2595	0.2705	0.2765	0.2802	0.2833	0.2856	0.2873	0.2890	0.2911	0.2929	0.2942	0.2953
1858	2L8	100.00	0.00	50.00	50.00	50.00	100.00	100.00	0.0086	0.0109	0.0119	0.0121	0.0126	0.0138	0.0162	0.0191	0.0217	0.0220	0.0196	0.0166	0.0142	0.0125	0.0107	0.0093	0.0083	0.0077	0.0075	0.0073	0.0071	0.0068	0.0067	0.0065	0.0064	0.0062	0.0059	0.0056	0.0055	0.0052	0.0053	0.0054	0.0056	0.0063	0.0071	0.0081
1859	2L9	50.00	100.00	50.00	50.00	50.00	0.00	0.00	0.0289	0.0303	0.0292	0.0290	0.0297	0.0302	0.0314	0.0312	0.0281	0.0233	0.0197	0.0184	0.0180	0.0166	0.0145	0.0127	0.0118	0.0114	0.0118	0.0140	0.0218	0.0526	0.0982	0.1244	0.1348	0.1394	0.1436	0.1502	0.1578	0.1620	0.1615	0.1584	0.1538	0.1512	0.1551	0.1647
1860	2L10	50.00	0.00	50.00	50.00	50.00	100.00	100.00	0.0078	0.0095	0.0097	0.0109	0.0115	0.0130	0.0152	0.0175	0.0199	0.0201	0.0184	0.0161	0.0143	0.0129	0.0115	0.0102	0.0092	0.0086	0.0083	0.0080	0.0079	0.0074	0.0069	0.0066	0.0063	0.0062	0.0062	0.0061	0.0060	0.0059	0.0060	0.0060	0.0065	0.0071	0.0078	0.0088
1861	2L11	100.00	100.00	50.00	50.00	50.00	0.00	0.00	0.0169	0.0209	0.0238	0.0258	0.0265	0.0278	0.0299	0.0298	0.0271	0.0226	0.0194	0.0183	0.0180	0.0170	0.0147	0.0130	0.0119	0.0113	0.0115	0.0136	0.0185	0.0293	0.0369	0.0360	0.0335	0.0319	0.0321	0.0351	0.0401	0.0429	0.0414	0.0376	0.0330	0.0303	0.0331	0.0420
1862	2L12	0.00	0.00	50.00	50.00	50.00	100.00	100.00	0.0065	0.0083	0.0099	0.0106	0.0111	0.0129	0.0151	0.0178	0.0204	0.0207	0.0188	0.0166	0.0149	0.0136	0.0123	0.0110	0.0102	0.0095	0.0093	0.0092	0.0088	0.0081	0.0075	0.0070	0.0067	0.0066	0.0067	0.0067	0.0067	0.0068	0.0070	0.0075	0.0080	0.0086	0.0088	0.0097
1863	2L13	0.00	0.00	100.00	50.00	50.00	0.00	0.00	0.0323	0.0250	0.0192	0.0155	0.0135	0.0128	0.0130	0.0148	0.0169	0.0182	0.0209	0.0301	0.0459	0.0612	0.0701	0.0742	0.0790	0.0902	0.1178	0.1704	0.2275	0.2626	0.2770	0.2829	0.2860	0.2880	0.2904	0.2925	0.2944	0.2958	0.2972	0.2980	0.2997	0.3014	0.3028	0.3043
1864	2L14	100.00	100.00	0.00	50.00	50.00	100.00	100.00	0.0076	0.0069	0.0072	0.0073	0.0086	0.0100	0.0123	0.0142	0.0145	0.0132	0.0106	0.0086	0.0075	0.0072	0.0072	0.0071	0.0070	0.0075	0.0088	0.0113	0.0158	0.0227	0.0251	0.0223	0.0184	0.0155	0.0132	0.0117	0.0103	0.0095	0.0089	0.0086	0.0085	0.0087	0.0094	0.0101
1865	2L15	50.00	0.00	100.00	50.00	50.00	0.00	0.00	0.0226	0.0217	0.0175	0.0149	0.0135	0.0126	0.0132	0.0148	0.0172	0.0180	0.0207	0.0294	0.0444	0.0585	0.0653	0.0662	0.0662	0.0693	0.0815	0.1075	0.1344	0.1477	0.1488	0.1470	0.1472	0.1487	0.1519	0.1577	0.1651	0.1692	0.1679	0.1645	0.1602	0.1579	0.1618	0.1715
1866	2L16	50.00	100.00	0.00	50.00	50.00	100.00	100.00	0.0055	0.0057	0.0062	0.0070	0.0082	0.0093	0.0112	0.0133	0.0139	0.0123	0.0100	0.0081	0.0072	0.0071	0.0072	0.0070	0.0070	0.0075	0.0089	0.0114	0.0161	0.0231	0.0252	0.0218	0.0178	0.0150	0.0130	0.0115	0.0105	0.0097	0.0093	0.0092	0.0093	0.0095	0.0100	0.0108
1867	2L17	100.00	0.00	100.00	50.00	50.00	0.00	0.00	0.0133	0.0170	0.0173	0.0160	0.0148	0.0145	0.0151	0.0169	0.0193	0.0199	0.0223	0.0309	0.0450	0.0570	0.0610	0.0589	0.0544	0.0502	0.0466	0.0445	0.0412	0.0367	0.0315	0.0279	0.0267	0.0270	0.0285	0.0326	0.0386	0.0421	0.0406	0.0371	0.0324	0.0300	0.0332	0.0418
1868	2L18	0.00	100.00	0.00	50.00	50.00	100.00	100.00	0.0061	0.0066	0.0064	0.0070	0.0083	0.0096	0.0120	0.0143	0.0150	0.0139	0.0112	0.0093	0.0081	0.0078	0.0079	0.0076	0.0076	0.0081	0.0095	0.0120	0.0166	0.0232	0.0250	0.0216	0.0180	0.0152	0.0135	0.0122	0.0113	0.0106	0.0104	0.0103	0.0106	0.0109	0.0112	0.0117
1869	2L19	0.00	50.00	100.00	50.00	50.00	0.00	0.00	0.0250	0.0212	0.0167	0.0138	0.0127	0.0120	0.0120	0.0136	0.0154	0.0160	0.0181	0.0247	0.0352	0.0433	0.0458	0.0457	0.0467	0.0503	0.0591	0.0782	0.1152	0.1783	0.2358	0.2640	0.2753	0.2804	0.2838	0.2865	0.2889	0.2904	0.2916	0.2927	0.2946	0.2961	0.2974	0.2987
1870	2L20	100.00	50.00	0.00	50.00	50.00	100.00	100.00	0.0099	0.0115	0.0126	0.0122	0.0125	0.0148	0.0179	0.0215	0.0236	0.0228	0.0184	0.0131	0.0095	0.0081	0.0074	0.0068	0.0066	0.0066	0.0073	0.0086	0.0105	0.0126	0.0126	0.0112	0.0099	0.0089	0.0081	0.0075	0.0069	0.0065	0.0063	0.0063	0.0064	0.0067	0.0076	0.0084
1871	2L21	50.00	50.00	100.00	50.00	50.00	0.00	0.00	0.0191	0.0175	0.0158	0.0143	0.0131	0.0129	0.0131	0.0145	0.0163	0.0169	0.0188	0.0256	0.0362	0.0443	0.0458	0.0441	0.0426	0.0423	0.0450	0.0543	0.0729	0.1036	0.1290	0.1389	0.1429	0.1456	0.1492	0.1552	0.1627	0.1667	0.1659	0.1627	0.1584	0.1562	0.1598	0.1694
1872	2L22	50.00	50.00	0.00	50.00	50.00	100.00	100.00	0.0083	0.0088	0.0100	0.0103	0.0112	0.0141	0.0178	0.0217	0.0239	0.0237	0.0192	0.0135	0.0097	0.0081	0.0076	0.0071	0.0069	0.0070	0.0077	0.0090	0.0110	0.0130	0.0130	0.0113	0.0099	0.0090	0.0083	0.0078	0.0075	0.0072	0.0072	0.0071	0.0074	0.0077	0.0082	0.0089
1873	2L23	100.00	50.00	100.00	50.00	50.00	0.00	0.00	0.0143	0.0162	0.0167	0.0157	0.0154	0.0153	0.0160	0.0175	0.0187	0.0193	0.0208	0.0271	0.0370	0.0442	0.0447	0.0413	0.0377	0.0338	0.0302	0.0284	0.0290	0.0323	0.0322	0.0294	0.0277	0.0274	0.0285	0.0321	0.0376	0.0406	0.0393	0.0357	0.0311	0.0286	0.0315	0.0402
1874	2L24	0.00	50.00	0.00	50.00	50.00	100.00	100.00	0.0054	0.0068	0.0087	0.0086	0.0100	0.0128	0.0164	0.0202	0.0226	0.0221	0.0178	0.0126	0.0092	0.0079	0.0073	0.0070	0.0069	0.0071	0.0077	0.0091	0.0111	0.0132	0.0130	0.0114	0.0100	0.0091	0.0086	0.0082	0.0078	0.0075	0.0074	0.0076	0.0080	0.0083	0.0086	0.0093
1875	2L25	0.00	100.00	100.00	50.00	50.00	0.00	0.00	0.0237	0.0184	0.0146	0.0136	0.0131	0.0125	0.0129	0.0136	0.0135	0.0129	0.0135	0.0163	0.0197	0.0206	0.0185	0.0161	0.0147	0.0143	0.0146	0.0166	0.0274	0.0807	0.1718	0.2340	0.2617	0.2727	0.2787	0.2825	0.2853	0.2874	0.2893	0.2908	0.2926	0.2946	0.2964	0.2981
1876	2L26	100.00	0.00	0.00	50.00	50.00	100.00	100.00	0.0086	0.0120	0.0134	0.0144	0.0150	0.0177	0.0219	0.0264	0.0296	0.0292	0.0241	0.0165	0.0114	0.0089	0.0076	0.0069	0.0063	0.0060	0.0059	0.0058	0.0057	0.0056	0.0055	0.0056	0.0056	0.0056	0.0054	0.0053	0.0051	0.0052	0.0051	0.0050	0.0053	0.0058	0.0066	0.0073
1877	2L27	50.00	100.00	100.00	50.00	50.00	0.00	0.00	0.0168	0.0166	0.0157	0.0142	0.0138	0.0140	0.0143	0.0146	0.0147	0.0140	0.0144	0.0172	0.0206	0.0214	0.0193	0.0168	0.0153	0.0145	0.0146	0.0164	0.0243	0.0564	0.1040	0.1316	0.1423	0.1470	0.1513	0.1577	0.1651	0.1689	0.1684	0.1651	0.1610	0.1587	0.1623	0.1717
1878	2L28	50.00	0.00	0.00	50.00	50.00	100.00	100.00	0.0080	0.0103	0.0113	0.0123	0.0139	0.0165	0.0207	0.0253	0.0283	0.0279	0.0228	0.0160	0.0112	0.0089	0.0080	0.0075	0.0069	0.0066	0.0067	0.0067	0.0067	0.0065	0.0063	0.0063	0.0061	0.0061	0.0061	0.0061	0.0062	0.0061	0.0062	0.0065	0.0069	0.0074	0.0080	0.0082
1879	2L29	100.00	100.00	100.00	50.00	50.00	0.00	0.00	0.0106	0.0132	0.0135	0.0135	0.0133	0.0135	0.0142	0.0148	0.0147	0.0136	0.0141	0.0169	0.0201	0.0211	0.0189	0.0164	0.0149	0.0140	0.0142	0.0158	0.0203	0.0309	0.0388	0.0381	0.0353	0.0338	0.0339	0.0369	0.0421	0.0449	0.0433	0.0394	0.0345	0.0319	0.0350	0.0435
1880	2L30	0.00	0.00	0.00	50.00	50.00	100.00	100.00	0.0068	0.0074	0.0105	0.0114	0.0129	0.0164	0.0208	0.0249	0.0279	0.0278	0.0229	0.0163	0.0118	0.0098	0.0090	0.0086	0.0083	0.0081	0.0082	0.0084	0.0083	0.0082	0.0078	0.0075	0.0072	0.0073	0.0075	0.0075	0.0074	0.0075	0.0077	0.0080	0.0084	0.0088	0.0091	0.0095
1881	2L31	100.00	100.00	100.00	0.00	50.00	100.00	100.00	0.0050	0.0069	0.0081	0.0078	0.0078	0.0088	0.0093	0.0103	0.0110	0.0109	0.0114	0.0135	0.0160	0.0169	0.0157	0.0139	0.0127	0.0125	0.0134	0.0155	0.0190	0.0248	0.0269	0.0236	0.0196	0.0166	0.0143	0.0124	0.0111	0.0101	0.0096	0.0092	0.0092	0.0095	0.0102	0.0106
1882	2L32	50.00	0.00	0.00	100.00	50.00	0.00	0.00	0.0086	0.0124	0.0128	0.0130	0.0130	0.0137	0.0135	0.0133	0.0129	0.0122	0.0116	0.0112	0.0110	0.0110	0.0110	0.0110	0.0112	0.0116	0.0130	0.0157	0.0184	0.0199	0.0205	0.0209	0.0213	0.0219	0.0227	0.0236	0.0249	0.0258	0.0262	0.0262	0.0264	0.0269	0.0281	0.0296
1883	2L33	50.00	100.00	100.00	0.00	50.00	100.00	100.00	0.0067	0.0087	0.0086	0.0093	0.0096	0.0095	0.0102	0.0112	0.0116	0.0115	0.0119	0.0136	0.0160	0.0169	0.0157	0.0138	0.0126	0.0124	0.0133	0.0154	0.0188	0.0245	0.0261	0.0225	0.0185	0.0158	0.0138	0.0122	0.0110	0.0104	0.0101	0.0101	0.0103	0.0110	0.0115	0.0123
1884	2L34	100.00	0.00	0.00	100.00	50.00	0.00	0.00	0.0127	0.0140	0.0156	0.0165	0.0160	0.0158	0.0156	0.0152	0.0146	0.0135	0.0126	0.0117	0.0111	0.0109	0.0106	0.0102	0.0098	0.0096	0.0095	0.0097	0.0097	0.0092	0.0087	0.0085	0.0085	0.0086	0.0087	0.0092	0.0099	0.0105	0.0104	0.0100	0.0095	0.0099	0.0112	0.0134
1885	2L35	0.00	100.00	100.00	0.00	50.00	100.00	100.00	0.0046	0.0058	0.0072	0.0076	0.0088	0.0088	0.0098	0.0108	0.0112	0.0113	0.0118	0.0136	0.0159	0.0166	0.0157	0.0139	0.0126	0.0125	0.0133	0.0154	0.0189	0.0241	0.0251	0.0215	0.0177	0.0153	0.0133	0.0120	0.0110	0.0103	0.0103	0.0106	0.0114	0.0118	0.0123	0.0134
1886	2L36	0.00	50.00	0.00	100.00	50.00	0.00	0.00	0.0127	0.0113	0.0106	0.0114	0.0113	0.0115	0.0117	0.0113	0.0111	0.0107	0.0103	0.0100	0.0098	0.0098	0.0100	0.0102	0.0103	0.0111	0.0127	0.0160	0.0210	0.0280	0.0328	0.0347	0.0355	0.0361	0.0368	0.0376	0.0384	0.0392	0.0401	0.0409	0.0419	0.0428	0.0437	0.0444
1887	2L37	100.00	50.00	100.00	0.00	50.00	100.00	100.00	0.0073	0.0090	0.0086	0.0092	0.0091	0.0095	0.0111	0.0129	0.0144	0.0145	0.0147	0.0158	0.0175	0.0173	0.0154	0.0134	0.0118	0.0111	0.0112	0.0120	0.0133	0.0150	0.0147	0.0130	0.0113	0.0101	0.0092	0.0083	0.0077	0.0074	0.0070	0.0071	0.0072	0.0080	0.0087	0.0094
1888	2L38	50.00	50.00	0.00	100.00	50.00	0.00	0.00	0.0079	0.0104	0.0119	0.0114	0.0114	0.0119	0.0120	0.0119	0.0114	0.0108	0.0102	0.0099	0.0096	0.0096	0.0096	0.0097	0.0097	0.0103	0.0116	0.0140	0.0178	0.0225	0.0251	0.0254	0.0251	0.0249	0.0252	0.0257	0.0267	0.0273	0.0276	0.0278	0.0279	0.0284	0.0292	0.0311
1889	2L39	50.00	50.00	100.00	0.00	50.00	100.00	100.00	0.0067	0.0086	0.0091	0.0087	0.0092	0.0105	0.0112	0.0127	0.0143	0.0146	0.0148	0.0159	0.0175	0.0175	0.0159	0.0137	0.0123	0.0115	0.0117	0.0125	0.0137	0.0149	0.0143	0.0126	0.0109	0.0100	0.0092	0.0086	0.0082	0.0079	0.0078	0.0082	0.0088	0.0093	0.0102	0.0116
1890	2L40	100.00	50.00	0.00	100.00	50.00	0.00	0.00	0.0107	0.0119	0.0135	0.0138	0.0131	0.0132	0.0133	0.0132	0.0125	0.0114	0.0108	0.0103	0.0098	0.0096	0.0094	0.0089	0.0089	0.0089	0.0093	0.0105	0.0125	0.0146	0.0146	0.0133	0.0120	0.0111	0.0106	0.0106	0.0112	0.0112	0.0110	0.0104	0.0100	0.0100	0.0111	0.0129
1891	2L41	0.00	50.00	100.00	0.00	50.00	100.00	100.00	0.0077	0.0081	0.0092	0.0097	0.0096	0.0101	0.0114	0.0133	0.0150	0.0155	0.0153	0.0166	0.0182	0.0182	0.0165	0.0143	0.0128	0.0119	0.0120	0.0128	0.0138	0.0148	0.0139	0.0120	0.0104	0.0095	0.0090	0.0085	0.0083	0.0083	0.0085	0.0090	0.0099	0.0106	0.0116	0.0131
1892	2L42	0.00	100.00	0.00	100.00	50.00	0.00	0.00	0.0091	0.0084	0.0083	0.0080	0.0078	0.0085	0.0088	0.0089	0.0086	0.0082	0.0078	0.0076	0.0075	0.0076	0.0076	0.0076	0.0076	0.0080	0.0093	0.0118	0.0172	0.0282	0.0389	0.0427	0.0432	0.0431	0.0433	0.0437	0.0443	0.0449	0.0456	0.0464	0.0471	0.0482	0.0491	0.0499
1893	2L43	100.00	0.00	100.00	0.00	50.00	100.00	100.00	0.0106	0.0119	0.0120	0.0115	0.0114	0.0123	0.0137	0.0156	0.0175	0.0183	0.0179	0.0185	0.0194	0.0186	0.0164	0.0140	0.0121	0.0108	0.0104	0.0102	0.0096	0.0092	0.0088	0.0086	0.0083	0.0080	0.0077	0.0073	0.0071	0.0068	0.0068	0.0068	0.0072	0.0078	0.0087	0.0100
1894	2L44	50.00	100.00	0.00	100.00	50.00	0.00	0.00	0.0082	0.0089	0.0090	0.0087	0.0086	0.0088	0.0091	0.0092	0.0090	0.0086	0.0079	0.0078	0.0078	0.0078	0.0080	0.0077	0.0077	0.0082	0.0095	0.0121	0.0172	0.0269	0.0341	0.0347	0.0332	0.0319	0.0314	0.0315	0.0322	0.0324	0.0326	0.0324	0.0323	0.0328	0.0339	0.0353
1895	2L45	50.00	0.00	100.00	0.00	50.00	100.00	100.00	0.0065	0.0079	0.0090	0.0085	0.0090	0.0106	0.0119	0.0141	0.0163	0.0170	0.0169	0.0176	0.0184	0.0180	0.0159	0.0136	0.0118	0.0106	0.0102	0.0099	0.0095	0.0088	0.0081	0.0076	0.0071	0.0071	0.0069	0.0067	0.0067	0.0066	0.0067	0.0069	0.0077	0.0085	0.0094	0.0104
1896	2L46	100.00	100.00	0.00	100.00	50.00	0.00	0.00	0.0072	0.0086	0.0092	0.0087	0.0087	0.0087	0.0093	0.0096	0.0090	0.0083	0.0077	0.0074	0.0075	0.0075	0.0075	0.0072	0.0072	0.0078	0.0090	0.0116	0.0164	0.0237	0.0266	0.0238	0.0201	0.0175	0.0157	0.0147	0.0145	0.0145	0.0139	0.0131	0.0123	0.0122	0.0130	0.0149
1897	2L47	0.00	0.00	100.00	0.00	50.00	100.00	100.00	0.0057	0.0080	0.0093	0.0098	0.0106	0.0117	0.0133	0.0155	0.0178	0.0184	0.0181	0.0187	0.0196	0.0192	0.0173	0.0149	0.0131	0.0119	0.0114	0.0113	0.0107	0.0100	0.0089	0.0082	0.0077	0.0077	0.0078	0.0077	0.0076	0.0077	0.0080	0.0086	0.0096	0.0104	0.0113	0.0129
1898	2L48	0.00	0.00	50.00	100.00	50.00	0.00	0.00	0.0109	0.0120	0.0129	0.0129	0.0126	0.0126	0.0127	0.0126	0.0128	0.0123	0.0129	0.0138	0.0149	0.0153	0.0152	0.0151	0.0151	0.0159	0.0186	0.0233	0.0287	0.0321	0.0340	0.0352	0.0364	0.0374	0.0385	0.0395	0.0405	0.0415	0.0424	0.0436	0.0447	0.0457	0.0466	0.0479
1899	2L49	100.00	100.00	50.00	0.00	50.00	100.00	100.00	0.0068	0.0073	0.0078	0.0084	0.0094	0.0113	0.0140	0.0162	0.0170	0.0158	0.0134	0.0115	0.0112	0.0110	0.0104	0.0097	0.0091	0.0094	0.0106	0.0129	0.0170	0.0237	0.0260	0.0228	0.0188	0.0159	0.0135	0.0118	0.0106	0.0096	0.0093	0.0090	0.0090	0.0095	0.0101	0.0105
1900	2L50	50.00	0.00	50.00	100.00	50.00	0.00	0.00	0.0085	0.0110	0.0126	0.0126	0.0121	0.0125	0.0126	0.0126	0.0125	0.0121	0.0123	0.0132	0.0143	0.0144	0.0141	0.0136	0.0136	0.0140	0.0154	0.0179	0.0204	0.0219	0.0225	0.0228	0.0232	0.0237	0.0244	0.0253	0.0266	0.0274	0.0279	0.0282	0.0283	0.0286	0.0299	0.0314
1901	2M1	50.00	100.00	50.00	0.00	50.00	100.00	100.00	0.0038	0.0063	0.0070	0.0080	0.0097	0.0119	0.0153	0.0186	0.0199	0.0182	0.0152	0.0129	0.0120	0.0115	0.0107	0.0100	0.0093	0.0095	0.0107	0.0129	0.0170	0.0230	0.0245	0.0212	0.0174	0.0148	0.0129	0.0116	0.0106	0.0101	0.0098	0.0100	0.0103	0.0108	0.0115	0.0125
1902	2M2	100.00	0.00	50.00	100.00	50.00	0.00	0.00	0.0097	0.0122	0.0133	0.0135	0.0134	0.0132	0.0131	0.0131	0.0128	0.0124	0.0126	0.0135	0.0145	0.0148	0.0141	0.0130	0.0122	0.0116	0.0110	0.0107	0.0103	0.0099	0.0092	0.0089	0.0089	0.0088	0.0087	0.0092	0.0098	0.0102	0.0100	0.0098	0.0095	0.0095	0.0107	0.0128
1903	2M3	0.00	100.00	50.00	0.00	50.00	100.00	100.00	0.0053	0.0064	0.0072	0.0083	0.0097	0.0119	0.0148	0.0175	0.0188	0.0175	0.0146	0.0125	0.0117	0.0114	0.0107	0.0099	0.0092	0.0095	0.0106	0.0129	0.0167	0.0223	0.0236	0.0201	0.0165	0.0141	0.0126	0.0113	0.0105	0.0101	0.0101	0.0107	0.0112	0.0120	0.0128	0.0138
1904	2M4	0.00	50.00	50.00	100.00	50.00	0.00	0.00	0.0075	0.0102	0.0100	0.0101	0.0103	0.0103	0.0104	0.0108	0.0109	0.0105	0.0111	0.0120	0.0131	0.0134	0.0130	0.0125	0.0123	0.0129	0.0143	0.0175	0.0226	0.0296	0.0348	0.0368	0.0376	0.0382	0.0389	0.0397	0.0406	0.0414	0.0423	0.0432	0.0442	0.0451	0.0461	0.0469
1905	2M5	100.00	50.00	50.00	0.00	50.00	100.00	100.00	0.0106	0.0116	0.0126	0.0127	0.0139	0.0167	0.0214	0.0258	0.0290	0.0284	0.0238	0.0188	0.0156	0.0136	0.0121	0.0106	0.0097	0.0094	0.0098	0.0109	0.0126	0.0144	0.0141	0.0125	0.0110	0.0099	0.0091	0.0083	0.0077	0.0075	0.0072	0.0072	0.0075	0.0079	0.0087	0.0100
1906	2M6	50.00	50.00	50.00	100.00	50.00	0.00	0.00	0.0086	0.0103	0.0106	0.0109	0.0107	0.0109	0.0111	0.0114	0.0111	0.0108	0.0111	0.0120	0.0131	0.0132	0.0128	0.0120	0.0117	0.0119	0.0128	0.0151	0.0186	0.0232	0.0260	0.0261	0.0259	0.0257	0.0260	0.0266	0.0275	0.0282	0.0284	0.0285	0.0286	0.0289	0.0301	0.0314
1907	2M7	50.00	50.00	50.00	0.00	50.00	100.00	100.00	0.0067	0.0078	0.0094	0.0105	0.0120	0.0152	0.0198	0.0246	0.0282	0.0278	0.0232	0.0182	0.0149	0.0129	0.0115	0.0101	0.0093	0.0089	0.0094	0.0106	0.0120	0.0136	0.0133	0.0116	0.0101	0.0092	0.0085	0.0079	0.0076	0.0075	0.0075	0.0078	0.0084	0.0090	0.0096	0.0106
1908	2M8	100.00	50.00	50.00	100.00	50.00	0.00	0.00	0.0090	0.0118	0.0123	0.0123	0.0121	0.0116	0.0120	0.0121	0.0119	0.0112	0.0115	0.0123	0.0131	0.0132	0.0125	0.0117	0.0110	0.0109	0.0109	0.0119	0.0135	0.0156	0.0157	0.0142	0.0128	0.0119	0.0113	0.0112	0.0117	0.0118	0.0114	0.0109	0.0106	0.0107	0.0117	0.0138
1909	2M9	0.00	50.00	50.00	0.00	50.00	100.00	100.00	0.0068	0.0087	0.0093	0.0101	0.0125	0.0157	0.0207	0.0258	0.0297	0.0291	0.0241	0.0183	0.0146	0.0125	0.0110	0.0100	0.0092	0.0087	0.0092	0.0103	0.0119	0.0136	0.0131	0.0113	0.0097	0.0089	0.0086	0.0082	0.0080	0.0079	0.0082	0.0088	0.0097	0.0104	0.0113	0.0122
1910	2M10	0.00	100.00	50.00	100.00	50.00	0.00	0.00	0.0073	0.0069	0.0072	0.0074	0.0078	0.0081	0.0082	0.0083	0.0085	0.0083	0.0088	0.0097	0.0107	0.0108	0.0103	0.0096	0.0090	0.0094	0.0105	0.0127	0.0175	0.0280	0.0380	0.0415	0.0416	0.0414	0.0415	0.0418	0.0422	0.0428	0.0436	0.0442	0.0449	0.0459	0.0467	0.0473
1911	2M11	100.00	0.00	50.00	0.00	50.00	100.00	100.00	0.0104	0.0115	0.0129	0.0136	0.0151	0.0186	0.0238	0.0296	0.0343	0.0345	0.0291	0.0220	0.0171	0.0140	0.0117	0.0100	0.0087	0.0079	0.0076	0.0076	0.0074	0.0072	0.0068	0.0065	0.0064	0.0061	0.0060	0.0058	0.0057	0.0055	0.0055	0.0056	0.0061	0.0069	0.0077	0.0089
1912	2M12	50.00	100.00	50.00	100.00	50.00	0.00	0.00	0.0073	0.0082	0.0081	0.0081	0.0085	0.0086	0.0087	0.0089	0.0089	0.0084	0.0089	0.0099	0.0108	0.0110	0.0105	0.0096	0.0092	0.0095	0.0106	0.0129	0.0174	0.0261	0.0324	0.0325	0.0307	0.0291	0.0282	0.0282	0.0286	0.0290	0.0290	0.0289	0.0287	0.0289	0.0300	0.0317
1913	2M13	50.00	0.00	50.00	0.00	50.00	100.00	100.00	0.0106	0.0111	0.0118	0.0126	0.0147	0.0182	0.0235	0.0296	0.0345	0.0349	0.0296	0.0226	0.0176	0.0146	0.0123	0.0108	0.0095	0.0087	0.0086	0.0086	0.0082	0.0077	0.0072	0.0066	0.0063	0.0063	0.0063	0.0063	0.0063	0.0065	0.0068	0.0073	0.0080	0.0086	0.0095	0.0110
1914	2M14	100.00	100.00	50.00	100.00	50.00	0.00	0.00	0.0075	0.0071	0.0086	0.0087	0.0085	0.0086	0.0089	0.0091	0.0087	0.0086	0.0089	0.0100	0.0109	0.0111	0.0106	0.0099	0.0094	0.0096	0.0106	0.0130	0.0172	0.0240	0.0266	0.0238	0.0201	0.0175	0.0155	0.0146	0.0143	0.0140	0.0132	0.0126	0.0120	0.0120	0.0127	0.0143
1915	2M15	0.00	0.00	50.00	0.00	50.00	100.00	100.00	0.0072	0.0100	0.0116	0.0133	0.0158	0.0203	0.0261	0.0328	0.0381	0.0380	0.0319	0.0241	0.0184	0.0150	0.0127	0.0112	0.0102	0.0095	0.0094	0.0095	0.0092	0.0086	0.0077	0.0068	0.0065	0.0066	0.0068	0.0070	0.0072	0.0075	0.0081	0.0090	0.0103	0.0111	0.0121	0.0135
1916	2M16	0.00	0.00	100.00	100.00	50.00	0.00	0.00	0.0092	0.0096	0.0093	0.0094	0.0092	0.0090	0.0092	0.0098	0.0099	0.0101	0.0115	0.0147	0.0180	0.0192	0.0185	0.0176	0.0171	0.0177	0.0202	0.0255	0.0314	0.0352	0.0371	0.0384	0.0394	0.0404	0.0416	0.0427	0.0439	0.0449	0.0458	0.0467	0.0479	0.0490	0.0501	0.0510
1917	2M17	100.00	100.00	0.00	0.00	50.00	100.00	100.00	0.0062	0.0083	0.0094	0.0099	0.0115	0.0152	0.0205	0.0249	0.0259	0.0228	0.0171	0.0118	0.0089	0.0080	0.0078	0.0075	0.0074	0.0078	0.0091	0.0115	0.0159	0.0225	0.0248	0.0219	0.0181	0.0153	0.0133	0.0117	0.0105	0.0098	0.0092	0.0088	0.0089	0.0093	0.0099	0.0106
1918	2M18	50.00	0.00	100.00	100.00	50.00	0.00	0.00	0.0088	0.0086	0.0096	0.0096	0.0095	0.0091	0.0093	0.0100	0.0103	0.0105	0.0117	0.0150	0.0183	0.0194	0.0184	0.0171	0.0161	0.0158	0.0166	0.0189	0.0215	0.0229	0.0233	0.0235	0.0239	0.0243	0.0249	0.0259	0.0272	0.0280	0.0284	0.0284	0.0284	0.0289	0.0302	0.0318
1919	2M19	50.00	100.00	0.00	0.00	50.00	100.00	100.00	0.0050	0.0069	0.0067	0.0079	0.0100	0.0136	0.0187	0.0230	0.0244	0.0216	0.0160	0.0112	0.0085	0.0075	0.0073	0.0071	0.0070	0.0075	0.0088	0.0114	0.0160	0.0226	0.0244	0.0211	0.0173	0.0146	0.0127	0.0113	0.0103	0.0097	0.0095	0.0096	0.0102	0.0107	0.0112	0.0124
1920	2M20	100.00	0.00	100.00	100.00	50.00	0.00	0.00	0.0089	0.0098	0.0102	0.0099	0.0096	0.0094	0.0095	0.0099	0.0098	0.0100	0.0112	0.0142	0.0174	0.0186	0.0175	0.0156	0.0143	0.0134	0.0126	0.0121	0.0117	0.0110	0.0104	0.0100	0.0097	0.0096	0.0095	0.0099	0.0105	0.0109	0.0107	0.0102	0.0099	0.0100	0.0113	0.0130
1921	2M21	0.00	100.00	0.00	0.00	50.00	100.00	100.00	0.0050	0.0056	0.0065	0.0078	0.0096	0.0133	0.0183	0.0226	0.0243	0.0217	0.0159	0.0108	0.0082	0.0074	0.0072	0.0070	0.0069	0.0074	0.0087	0.0112	0.0157	0.0219	0.0237	0.0203	0.0166	0.0141	0.0125	0.0113	0.0103	0.0098	0.0098	0.0100	0.0107	0.0113	0.0119	0.0133
1922	2M22	0.00	50.00	100.00	100.00	50.00	0.00	0.00	0.0058	0.0070	0.0081	0.0086	0.0086	0.0085	0.0089	0.0092	0.0092	0.0095	0.0111	0.0138	0.0167	0.0178	0.0168	0.0153	0.0145	0.0144	0.0156	0.0186	0.0234	0.0305	0.0355	0.0374	0.0383	0.0389	0.0396	0.0406	0.0415	0.0423	0.0431	0.0440	0.0450	0.0461	0.0471	0.0478
1923	2M23	100.00	50.00	0.00	0.00	50.00	100.00	100.00	0.0085	0.0100	0.0118	0.0136	0.0156	0.0199	0.0275	0.0351	0.0391	0.0374	0.0288	0.0182	0.0116	0.0087	0.0076	0.0071	0.0067	0.0067	0.0074	0.0087	0.0108	0.0128	0.0127	0.0113	0.0100	0.0089	0.0081	0.0074	0.0069	0.0065	0.0064	0.0063	0.0066	0.0069	0.0076	0.0086
1924	2M24	50.00	50.00	100.00	100.00	50.00	0.00	0.00	0.0065	0.0081	0.0091	0.0089	0.0088	0.0086	0.0088	0.0092	0.0091	0.0095	0.0109	0.0136	0.0165	0.0175	0.0163	0.0149	0.0137	0.0134	0.0139	0.0158	0.0189	0.0232	0.0255	0.0255	0.0250	0.0248	0.0251	0.0256	0.0267	0.0274	0.0274	0.0274	0.0274	0.0278	0.0288	0.0303
1925	2M25	50.00	50.00	0.00	0.00	50.00	100.00	100.00	0.0109	0.0106	0.0118	0.0143	0.0171	0.0225	0.0301	0.0377	0.0421	0.0401	0.0312	0.0205	0.0137	0.0108	0.0097	0.0090	0.0084	0.0085	0.0091	0.0106	0.0125	0.0144	0.0141	0.0125	0.0110	0.0101	0.0094	0.0089	0.0086	0.0084	0.0085	0.0088	0.0092	0.0098	0.0105	0.0117
1926	2M26	100.00	50.00	100.00	100.00	50.00	0.00	0.00	0.0052	0.0071	0.0085	0.0084	0.0085	0.0085	0.0090	0.0094	0.0095	0.0096	0.0110	0.0138	0.0169	0.0180	0.0168	0.0150	0.0136	0.0129	0.0127	0.0132	0.0144	0.0161	0.0159	0.0145	0.0130	0.0120	0.0113	0.0111	0.0113	0.0115	0.0111	0.0104	0.0099	0.0102	0.0110	0.0123
1927	2M27	0.00	50.00	0.00	0.00	50.00	100.00	100.00	0.0069	0.0092	0.0110	0.0126	0.0163	0.0227	0.0306	0.0387	0.0432	0.0411	0.0314	0.0198	0.0123	0.0092	0.0080	0.0076	0.0075	0.0075	0.0081	0.0096	0.0117	0.0136	0.0133	0.0116	0.0101	0.0094	0.0089	0.0086	0.0084	0.0084	0.0088	0.0093	0.0101	0.0107	0.0116	0.0128
1928	2M28	0.00	100.00	100.00	100.00	50.00	0.00	0.00	0.0063	0.0064	0.0076	0.0082	0.0083	0.0084	0.0085	0.0091	0.0091	0.0092	0.0105	0.0130	0.0156	0.0166	0.0155	0.0137	0.0125	0.0123	0.0131	0.0150	0.0192	0.0290	0.0388	0.0422	0.0424	0.0420	0.0420	0.0423	0.0427	0.0432	0.0437	0.0444	0.0453	0.0460	0.0469	0.0474
1929	2M29	100.00	0.00	0.00	0.00	50.00	100.00	100.00	0.0105	0.0123	0.0144	0.0160	0.0186	0.0246	0.0336	0.0428	0.0490	0.0478	0.0370	0.0231	0.0139	0.0097	0.0080	0.0070	0.0064	0.0059	0.0059	0.0059	0.0059	0.0057	0.0056	0.0054	0.0053	0.0053	0.0053	0.0052	0.0051	0.0050	0.0050	0.0052	0.0056	0.0061	0.0070	0.0079
1930	2M30	50.00	100.00	100.00	100.00	50.00	0.00	0.00	0.0064	0.0072	0.0087	0.0088	0.0085	0.0086	0.0088	0.0090	0.0090	0.0092	0.0104	0.0131	0.0157	0.0166	0.0155	0.0139	0.0126	0.0123	0.0132	0.0152	0.0191	0.0272	0.0333	0.0334	0.0315	0.0300	0.0291	0.0292	0.0295	0.0297	0.0296	0.0296	0.0292	0.0293	0.0304	0.0321
1931	2M31	50.00	0.00	0.00	0.00	50.00	100.00	100.00	0.0090	0.0103	0.0122	0.0143	0.0181	0.0248	0.0341	0.0437	0.0502	0.0495	0.0387	0.0242	0.0143	0.0100	0.0083	0.0073	0.0067	0.0064	0.0064	0.0067	0.0067	0.0065	0.0061	0.0058	0.0057	0.0057	0.0059	0.0060	0.0061	0.0062	0.0065	0.0069	0.0075	0.0080	0.0089	0.0103
1932	2M32	100.00	100.00	100.00	100.00	50.00	0.00	0.00	0.0056	0.0076	0.0080	0.0084	0.0080	0.0083	0.0086	0.0088	0.0088	0.0088	0.0100	0.0128	0.0155	0.0165	0.0153	0.0136	0.0125	0.0122	0.0130	0.0150	0.0186	0.0248	0.0274	0.0244	0.0207	0.0180	0.0161	0.0149	0.0147	0.0143	0.0135	0.0126	0.0121	0.0120	0.0128	0.0143
1933	2M33	0.00	0.00	0.00	0.00	50.00	100.00	100.00	0.0068	0.0109	0.0132	0.0156	0.0207	0.0276	0.0372	0.0469	0.0533	0.0522	0.0406	0.0253	0.0150	0.0103	0.0084	0.0078	0.0075	0.0072	0.0073	0.0079	0.0082	0.0081	0.0076	0.0069	0.0066	0.0068	0.0073	0.0076	0.0076	0.0080	0.0085	0.0092	0.0100	0.0109	0.0118	0.0132
1934	2M34	50.00	0.00	0.00	0.00	100.00	0.00	0.00	0.0771	0.0710	0.0642	0.0603	0.0577	0.0550	0.0507	0.0418	0.0280	0.0171	0.0115	0.0090	0.0080	0.0077	0.0079	0.0082	0.0090	0.0128	0.0307	0.0928	0.2005	0.2900	0.3283	0.3376	0.3411	0.3441	0.3491	0.3586	0.3695	0.3731	0.3680	0.3604	0.3513	0.3451	0.3487	0.3624
1935	2M35	50.00	100.00	100.00	100.00	0.00	100.00	100.00	0.0059	0.0069	0.0069	0.0078	0.0083	0.0080	0.0085	0.0086	0.0086	0.0088	0.0101	0.0127	0.0156	0.0164	0.0156	0.0138	0.0126	0.0124	0.0133	0.0152	0.0189	0.0248	0.0266	0.0235	0.0194	0.0165	0.0143	0.0127	0.0115	0.0105	0.0097	0.0094	0.0092	0.0090	0.0091	0.0089
1936	2M36	0.00	50.00	0.00	0.00	100.00	0.00	0.00	0.0860	0.0675	0.0550	0.0489	0.0460	0.0432	0.0397	0.0319	0.0210	0.0127	0.0087	0.0073	0.0067	0.0070	0.0073	0.0076	0.0081	0.0109	0.0239	0.0733	0.1856	0.3600	0.5375	0.6478	0.6985	0.7170	0.7248	0.7282	0.7297	0.7276	0.7241	0.7211	0.7197	0.7177	0.7144	0.7116
1937	2M37	100.00	50.00	100.00	100.00	0.00	100.00	100.00	0.0077	0.0088	0.0087	0.0091	0.0089	0.0089	0.0094	0.0096	0.0097	0.0099	0.0108	0.0132	0.0158	0.0164	0.0148	0.0130	0.0115	0.0110	0.0111	0.0118	0.0131	0.0148	0.0148	0.0133	0.0116	0.0105	0.0095	0.0085	0.0080	0.0075	0.0071	0.0070	0.0071	0.0077	0.0083	0.0088
1938	2M38	50.00	50.00	0.00	0.00	100.00	0.00	0.00	0.0602	0.0542	0.0483	0.0438	0.0418	0.0403	0.0377	0.0306	0.0202	0.0125	0.0088	0.0075	0.0070	0.0070	0.0071	0.0072	0.0077	0.0098	0.0191	0.0517	0.1195	0.2119	0.2909	0.3294	0.3449	0.3516	0.3583	0.3688	0.3813	0.3865	0.3827	0.3746	0.3645	0.3575	0.3611	0.3753
1939	2M39	50.00	50.00	100.00	100.00	0.00	100.00	100.00	0.0071	0.0084	0.0083	0.0081	0.0078	0.0088	0.0092	0.0093	0.0093	0.0095	0.0108	0.0131	0.0159	0.0166	0.0151	0.0133	0.0120	0.0113	0.0114	0.0121	0.0132	0.0147	0.0146	0.0130	0.0115	0.0104	0.0094	0.0087	0.0082	0.0078	0.0075	0.0072	0.0072	0.0074	0.0079	0.0082
1940	2M40	100.00	50.00	0.00	0.00	100.00	0.00	0.00	0.0303	0.0380	0.0399	0.0399	0.0390	0.0387	0.0370	0.0312	0.0214	0.0138	0.0102	0.0086	0.0079	0.0077	0.0076	0.0076	0.0079	0.0091	0.0133	0.0241	0.0400	0.0543	0.0586	0.0556	0.0540	0.0544	0.0575	0.0661	0.0782	0.0848	0.0819	0.0742	0.0641	0.0578	0.0624	0.0782
1941	2M41	0.00	50.00	100.00	100.00	0.00	100.00	100.00	0.0087	0.0088	0.0093	0.0095	0.0092	0.0090	0.0090	0.0097	0.0098	0.0099	0.0111	0.0136	0.0163	0.0169	0.0157	0.0139	0.0125	0.0118	0.0118	0.0123	0.0135	0.0149	0.0146	0.0131	0.0116	0.0106	0.0097	0.0092	0.0088	0.0085	0.0083	0.0080	0.0079	0.0078	0.0077	0.0076
1942	2M42	50.00	100.00	0.00	0.00	100.00	0.00	0.00	0.0436	0.0369	0.0314	0.0278	0.0264	0.0259	0.0252	0.0209	0.0143	0.0097	0.0077	0.0073	0.0072	0.0075	0.0077	0.0076	0.0077	0.0083	0.0100	0.0136	0.0284	0.0953	0.2101	0.2898	0.3251	0.3389	0.3480	0.3597	0.3727	0.3789	0.3757	0.3677	0.3570	0.3500	0.3547	0.3707
1943	2M43	50.00	0.00	100.00	100.00	0.00	100.00	100.00	0.0106	0.0100	0.0107	0.0102	0.0097	0.0098	0.0099	0.0102	0.0105	0.0107	0.0117	0.0141	0.0165	0.0169	0.0153	0.0134	0.0120	0.0109	0.0102	0.0097	0.0094	0.0090	0.0086	0.0083	0.0081	0.0078	0.0076	0.0073	0.0071	0.0068	0.0067	0.0067	0.0068	0.0071	0.0074	0.0080
1944	2M44	0.00	0.00	50.00	0.00	100.00	0.00	0.00	0.0775	0.0600	0.0477	0.0412	0.0379	0.0354	0.0325	0.0276	0.0201	0.0137	0.0106	0.0101	0.0105	0.0105	0.0102	0.0100	0.0108	0.0154	0.0402	0.1378	0.3312	0.5280	0.6495	0.7030	0.7235	0.7304	0.7343	0.7358	0.7362	0.7338	0.7292	0.7246	0.7223	0.7199	0.7156	0.7122
1945	2M45	100.00	100.00	50.00	100.00	0.00	100.00	100.00	0.0043	0.0059	0.0071	0.0074	0.0071	0.0076	0.0082	0.0086	0.0088	0.0088	0.0090	0.0098	0.0108	0.0111	0.0107	0.0100	0.0095	0.0098	0.0111	0.0133	0.0175	0.0240	0.0262	0.0232	0.0192	0.0162	0.0140	0.0122	0.0109	0.0100	0.0092	0.0089	0.0089	0.0094	0.0098	0.0100
1946	2M46	50.00	0.00	50.00	0.00	100.00	0.00	0.00	0.0552	0.0487	0.0416	0.0363	0.0341	0.0323	0.0304	0.0262	0.0192	0.0132	0.0106	0.0103	0.0106	0.0104	0.0101	0.0095	0.0100	0.0131	0.0302	0.0939	0.2082	0.3044	0.3459	0.3565	0.3605	0.3639	0.3693	0.3792	0.3916	0.3968	0.3924	0.3838	0.3732	0.3658	0.3687	0.3826
1947	2M47	50.00	100.00	50.00	100.00	0.00	100.00	100.00	0.0053	0.0073	0.0076	0.0076	0.0072	0.0072	0.0080	0.0083	0.0086	0.0085	0.0088	0.0099	0.0108	0.0111	0.0107	0.0100	0.0095	0.0098	0.0111	0.0133	0.0175	0.0240	0.0262	0.0230	0.0191	0.0161	0.0140	0.0124	0.0112	0.0103	0.0096	0.0092	0.0091	0.0089	0.0089	0.0093
1948	2M48	100.00	0.00	50.00	0.00	100.00	0.00	0.00	0.0281	0.0340	0.0352	0.0336	0.0321	0.0314	0.0303	0.0267	0.0202	0.0144	0.0120	0.0113	0.0113	0.0111	0.0103	0.0098	0.0098	0.0113	0.0182	0.0371	0.0604	0.0691	0.0638	0.0569	0.0547	0.0554	0.0588	0.0678	0.0804	0.0874	0.0846	0.0770	0.0666	0.0602	0.0649	0.0810
1949	2M49	0.00	100.00	50.00	100.00	0.00	100.00	100.00	0.0043	0.0057	0.0061	0.0064	0.0065	0.0069	0.0075	0.0078	0.0081	0.0084	0.0089	0.0096	0.0106	0.0110	0.0106	0.0099	0.0093	0.0096	0.0108	0.0132	0.0172	0.0237	0.0259	0.0227	0.0189	0.0161	0.0142	0.0128	0.0118	0.0109	0.0103	0.0099	0.0094	0.0092	0.0089	0.0083
1950	2M50	0.00	50.00	50.00	0.00	100.00	0.00	0.00	0.0646	0.0499	0.0391	0.0336	0.0310	0.0292	0.0272	0.0233	0.0170	0.0120	0.0100	0.0099	0.0105	0.0105	0.0103	0.0098	0.0101	0.0127	0.0262	0.0776	0.1936	0.3713	0.5496	0.6579	0.7060	0.7230	0.7303	0.7332	0.7348	0.7336	0.7309	0.7278	0.7264	0.7249	0.7223	0.7195
1951	2N1	100.00	50.00	50.00	100.00	0.00	100.00	100.00	0.0082	0.0100	0.0108	0.0104	0.0097	0.0097	0.0100	0.0103	0.0102	0.0102	0.0105	0.0109	0.0114	0.0110	0.0102	0.0092	0.0087	0.0085	0.0089	0.0099	0.0114	0.0131	0.0131	0.0119	0.0105	0.0095	0.0086	0.0078	0.0072	0.0068	0.0063	0.0063	0.0064	0.0068	0.0074	0.0079
1952	2N2	50.00	50.00	50.00	0.00	100.00	0.00	0.00	0.0450	0.0385	0.0330	0.0293	0.0273	0.0260	0.0245	0.0210	0.0155	0.0112	0.0096	0.0097	0.0103	0.0103	0.0100	0.0094	0.0094	0.0112	0.0204	0.0543	0.1253	0.2210	0.3005	0.3386	0.3536	0.3601	0.3664	0.3768	0.3893	0.3951	0.3915	0.3832	0.3725	0.3651	0.3688	0.3830
1953	2N3	50.00	50.00	50.00	100.00	0.00	100.00	100.00	0.0081	0.0083	0.0090	0.0093	0.0094	0.0094	0.0092	0.0099	0.0102	0.0101	0.0105	0.0111	0.0116	0.0115	0.0107	0.0099	0.0094	0.0092	0.0095	0.0105	0.0118	0.0135	0.0136	0.0122	0.0109	0.0098	0.0090	0.0084	0.0079	0.0074	0.0072	0.0070	0.0070	0.0072	0.0074	0.0077
1954	2N4	100.00	50.00	50.00	0.00	100.00	0.00	0.00	0.0225	0.0270	0.0267	0.0257	0.0247	0.0241	0.0235	0.0207	0.0155	0.0112	0.0097	0.0099	0.0103	0.0102	0.0097	0.0090	0.0089	0.0100	0.0139	0.0248	0.0414	0.0570	0.0623	0.0599	0.0584	0.0590	0.0622	0.0709	0.0833	0.0902	0.0872	0.0794	0.0690	0.0626	0.0674	0.0834
1955	2N5	0.00	50.00	50.00	100.00	0.00	100.00	100.00	0.0076	0.0078	0.0086	0.0089	0.0091	0.0091	0.0094	0.0096	0.0099	0.0103	0.0105	0.0113	0.0119	0.0117	0.0111	0.0103	0.0098	0.0097	0.0100	0.0108	0.0121	0.0138	0.0138	0.0125	0.0112	0.0103	0.0095	0.0090	0.0086	0.0084	0.0080	0.0078	0.0075	0.0075	0.0074	0.0072
1956	2N6	100.00	0.00	50.00	100.00	0.00	100.00	100.00	0.0093	0.0108	0.0115	0.0111	0.0106	0.0105	0.0107	0.0111	0.0110	0.0109	0.0110	0.0113	0.0115	0.0109	0.0097	0.0086	0.0078	0.0075	0.0072	0.0071	0.0069	0.0067	0.0066	0.0066	0.0066	0.0063	0.0060	0.0058	0.0056	0.0053	0.0051	0.0052	0.0054	0.0059	0.0066	0.0072
1957	2N7	50.00	100.00	50.00	0.00	100.00	0.00	0.00	0.0321	0.0263	0.0218	0.0197	0.0186	0.0183	0.0179	0.0159	0.0122	0.0095	0.0089	0.0097	0.0106	0.0109	0.0105	0.0099	0.0095	0.0099	0.0113	0.0148	0.0293	0.0968	0.2128	0.2937	0.3297	0.3438	0.3525	0.3640	0.3771	0.3834	0.3799	0.3716	0.3608	0.3538	0.3586	0.3744
1958	2N8	50.00	0.00	50.00	100.00	0.00	100.00	100.00	0.0073	0.0095	0.0102	0.0102	0.0104	0.0101	0.0103	0.0106	0.0111	0.0111	0.0114	0.0119	0.0121	0.0117	0.0107	0.0098	0.0092	0.0087	0.0084	0.0081	0.0078	0.0076	0.0075	0.0073	0.0072	0.0070	0.0069	0.0067	0.0065	0.0063	0.0062	0.0062	0.0063	0.0065	0.0069	0.0073
1959	2N9	100.00	100.00	50.00	0.00	100.00	0.00	0.00	0.0184	0.0202	0.0193	0.0185	0.0180	0.0179	0.0182	0.0164	0.0129	0.0101	0.0094	0.0101	0.0109	0.0112	0.0109	0.0101	0.0097	0.0100	0.0112	0.0141	0.0204	0.0374	0.0544	0.0583	0.0577	0.0578	0.0605	0.0686	0.0804	0.0868	0.0839	0.0762	0.0660	0.0599	0.0650	0.0813
1960	2N10	0.00	0.00	50.00	100.00	0.00	100.00	100.00	0.0075	0.0082	0.0087	0.0090	0.0093	0.0095	0.0098	0.0102	0.0107	0.0109	0.0113	0.0119	0.0123	0.0120	0.0112	0.0104	0.0098	0.0095	0.0092	0.0089	0.0086	0.0083	0.0080	0.0079	0.0076	0.0075	0.0073	0.0071	0.0071	0.0070	0.0068	0.0067	0.0067	0.0067	0.0067	0.0066
1961	2N11	50.00	0.00	100.00	0.00	100.00	0.00	0.00	0.0305	0.0233	0.0180	0.0151	0.0137	0.0128	0.0126	0.0125	0.0117	0.0108	0.0114	0.0135	0.0157	0.0159	0.0146	0.0135	0.0132	0.0159	0.0330	0.0963	0.2081	0.3002	0.3376	0.3453	0.3475	0.3494	0.3540	0.3637	0.3760	0.3815	0.3771	0.3681	0.3578	0.3514	0.3563	0.3726
1962	2N12	50.00	100.00	0.00	100.00	0.00	100.00	100.00	0.0049	0.0058	0.0063	0.0062	0.0059	0.0063	0.0066	0.0068	0.0071	0.0071	0.0069	0.0067	0.0067	0.0069	0.0071	0.0070	0.0070	0.0076	0.0089	0.0113	0.0156	0.0221	0.0248	0.0222	0.0185	0.0155	0.0133	0.0117	0.0106	0.0097	0.0090	0.0087	0.0085	0.0084	0.0085	0.0086
1963	2N13	100.00	50.00	0.00	100.00	0.00	100.00	100.00	0.0109	0.0120	0.0118	0.0116	0.0107	0.0104	0.0107	0.0108	0.0107	0.0106	0.0097	0.0088	0.0080	0.0075	0.0072	0.0070	0.0068	0.0070	0.0077	0.0089	0.0107	0.0128	0.0129	0.0116	0.0102	0.0092	0.0085	0.0077	0.0072	0.0069	0.0066	0.0065	0.0066	0.0068	0.0073	0.0080
1964	2N14	50.00	50.00	100.00	0.00	100.00	0.00	0.00	0.0253	0.0194	0.0159	0.0139	0.0129	0.0121	0.0121	0.0119	0.0112	0.0102	0.0108	0.0131	0.0154	0.0160	0.0148	0.0133	0.0127	0.0140	0.0230	0.0561	0.1250	0.2197	0.2993	0.3367	0.3508	0.3569	0.3630	0.3733	0.3856	0.3911	0.3869	0.3784	0.3684	0.3618	0.3664	0.3819
1965	2N15	50.00	50.00	0.00	100.00	0.00	100.00	100.00	0.0095	0.0100	0.0101	0.0095	0.0093	0.0092	0.0095	0.0098	0.0102	0.0101	0.0096	0.0088	0.0083	0.0079	0.0077	0.0076	0.0074	0.0077	0.0083	0.0095	0.0114	0.0133	0.0134	0.0121	0.0108	0.0098	0.0091	0.0085	0.0080	0.0077	0.0073	0.0070	0.0072	0.0073	0.0074	0.0076
1966	2N16	100.00	50.00	100.00	0.00	100.00	0.00	0.00	0.0136	0.0152	0.0143	0.0132	0.0122	0.0118	0.0119	0.0120	0.0111	0.0099	0.0105	0.0127	0.0151	0.0156	0.0143	0.0128	0.0120	0.0126	0.0163	0.0264	0.0413	0.0556	0.0603	0.0576	0.0561	0.0566	0.0599	0.0688	0.0811	0.0878	0.0847	0.0768	0.0665	0.0603	0.0654	0.0818
1967	2N17	0.00	50.00	0.00	100.00	0.00	100.00	100.00	0.0073	0.0083	0.0091	0.0084	0.0084	0.0089	0.0093	0.0096	0.0101	0.0101	0.0099	0.0092	0.0088	0.0085	0.0085	0.0084	0.0083	0.0086	0.0091	0.0102	0.0120	0.0139	0.0140	0.0128	0.0116	0.0106	0.0099	0.0093	0.0089	0.0088	0.0084	0.0082	0.0080	0.0079	0.0079	0.0082
1968	2N18	50.00	100.00	100.00	0.00	100.00	0.00	0.00	0.0176	0.0143	0.0120	0.0111	0.0106	0.0101	0.0101	0.0104	0.0099	0.0095	0.0101	0.0127	0.0153	0.0162	0.0152	0.0136	0.0124	0.0124	0.0135	0.0164	0.0297	0.0950	0.2091	0.2894	0.3253	0.3392	0.3484	0.3604	0.3738	0.3797	0.3759	0.3677	0.3573	0.3504	0.3556	0.3719
1969	2N19	50.00	0.00	0.00	100.00	0.00	100.00	100.00	0.0081	0.0107	0.0106	0.0108	0.0108	0.0108	0.0109	0.0110	0.0113	0.0115	0.0108	0.0097	0.0088	0.0080	0.0077	0.0075	0.0071	0.0071	0.0069	0.0069	0.0069	0.0067	0.0066	0.0066	0.0066	0.0066	0.0065	0.0064	0.0064	0.0062	0.0061	0.0062	0.0064	0.0066	0.0069	0.0075
1970	2N20	100.00	100.00	100.00	50.00	0.00	100.00	100.00	0.0076	0.0083	0.0086	0.0091	0.0092	0.0094	0.0098	0.0109	0.0118	0.0121	0.0125	0.0141	0.0161	0.0168	0.0155	0.0138	0.0125	0.0123	0.0131	0.0150	0.0184	0.0241	0.0263	0.0235	0.0198	0.0167	0.0144	0.0126	0.0113	0.0102	0.0096	0.0092	0.0092	0.0095	0.0100	0.0106
1971	2N21	50.00	0.00	0.00	50.00	100.00	0.00	0.00	0.0397	0.0368	0.0339	0.0319	0.0309	0.0298	0.0279	0.0240	0.0184	0.0138	0.0112	0.0100	0.0092	0.0090	0.0090	0.0090	0.0093	0.0109	0.0192	0.0487	0.0984	0.1373	0.1527	0.1568	0.1590	0.1614	0.1648	0.1704	0.1771	0.1810	0.1806	0.1776	0.1736	0.1714	0.1739	0.1810
1972	2N22	50.00	100.00	100.00	50.00	0.00	100.00	100.00	0.0059	0.0075	0.0086	0.0089	0.0089	0.0092	0.0103	0.0112	0.0120	0.0123	0.0129	0.0143	0.0163	0.0167	0.0155	0.0139	0.0127	0.0123	0.0133	0.0152	0.0186	0.0242	0.0260	0.0228	0.0191	0.0162	0.0142	0.0126	0.0115	0.0107	0.0102	0.0100	0.0101	0.0103	0.0107	0.0115
1973	2N23	100.00	0.00	0.00	50.00	100.00	0.00	0.00	0.0203	0.0255	0.0283	0.0285	0.0277	0.0274	0.0264	0.0232	0.0174	0.0131	0.0103	0.0090	0.0083	0.0080	0.0077	0.0075	0.0076	0.0083	0.0115	0.0203	0.0306	0.0345	0.0322	0.0291	0.0284	0.0288	0.0304	0.0346	0.0405	0.0439	0.0430	0.0394	0.0344	0.0319	0.0347	0.0427
1974	2N24	0.00	100.00	100.00	50.00	0.00	100.00	100.00	0.0059	0.0066	0.0075	0.0076	0.0078	0.0082	0.0089	0.0099	0.0107	0.0112	0.0120	0.0136	0.0155	0.0161	0.0150	0.0133	0.0121	0.0120	0.0127	0.0147	0.0181	0.0234	0.0249	0.0217	0.0181	0.0154	0.0136	0.0122	0.0112	0.0105	0.0100	0.0100	0.0101	0.0104	0.0104	0.0110
1975	2N25	0.00	50.00	0.00	50.00	100.00	0.00	0.00	0.0403	0.0318	0.0265	0.0246	0.0236	0.0227	0.0213	0.0181	0.0135	0.0100	0.0083	0.0075	0.0074	0.0074	0.0076	0.0076	0.0077	0.0092	0.0155	0.0382	0.0871	0.1574	0.2222	0.2578	0.2735	0.2807	0.2852	0.2884	0.2908	0.2927	0.2939	0.2945	0.2958	0.2970	0.2979	0.2984
1976	2N26	100.00	50.00	100.00	50.00	0.00	100.00	100.00	0.0058	0.0073	0.0086	0.0092	0.0093	0.0100	0.0115	0.0136	0.0159	0.0176	0.0181	0.0187	0.0195	0.0186	0.0162	0.0138	0.0121	0.0113	0.0112	0.0118	0.0129	0.0142	0.0142	0.0129	0.0115	0.0103	0.0092	0.0083	0.0077	0.0073	0.0070	0.0069	0.0070	0.0075	0.0079	0.0085
1977	2N27	50.00	50.00	0.00	50.00	100.00	0.00	0.00	0.0320	0.0311	0.0280	0.0260	0.0252	0.0245	0.0234	0.0201	0.0155	0.0117	0.0098	0.0089	0.0085	0.0084	0.0084	0.0084	0.0086	0.0097	0.0144	0.0305	0.0625	0.1048	0.1401	0.1569	0.1637	0.1674	0.1711	0.1767	0.1834	0.1874	0.1870	0.1840	0.1801	0.1779	0.1805	0.1879
1978	2N28	50.00	50.00	100.00	50.00	0.00	100.00	100.00	0.0069	0.0075	0.0084	0.0088	0.0090	0.0098	0.0106	0.0126	0.0149	0.0164	0.0170	0.0182	0.0192	0.0184	0.0161	0.0138	0.0122	0.0114	0.0114	0.0120	0.0131	0.0144	0.0141	0.0126	0.0110	0.0099	0.0091	0.0085	0.0080	0.0076	0.0074	0.0075	0.0079	0.0082	0.0086	0.0091
1979	2N29	100.00	50.00	0.00	50.00	100.00	0.00	0.00	0.0199	0.0236	0.0246	0.0238	0.0234	0.0231	0.0221	0.0193	0.0148	0.0110	0.0091	0.0082	0.0078	0.0076	0.0074	0.0072	0.0073	0.0080	0.0103	0.0163	0.0253	0.0335	0.0362	0.0345	0.0334	0.0333	0.0347	0.0388	0.0449	0.0483	0.0471	0.0432	0.0382	0.0354	0.0383	0.0470
1980	2N30	0.00	50.00	100.00	50.00	0.00	100.00	100.00	0.0068	0.0074	0.0095	0.0098	0.0099	0.0106	0.0117	0.0132	0.0155	0.0169	0.0177	0.0188	0.0197	0.0189	0.0167	0.0146	0.0130	0.0121	0.0122	0.0128	0.0137	0.0148	0.0144	0.0127	0.0112	0.0103	0.0096	0.0092	0.0086	0.0085	0.0084	0.0086	0.0089	0.0092	0.0097	0.0104
1981	2N31	0.00	100.00	0.00	50.00	100.00	0.00	0.00	0.0301	0.0228	0.0184	0.0168	0.0161	0.0159	0.0150	0.0134	0.0108	0.0089	0.0083	0.0080	0.0081	0.0084	0.0086	0.0085	0.0085	0.0090	0.0105	0.0135	0.0238	0.0726	0.1663	0.2404	0.2766	0.2915	0.2989	0.3029	0.3061	0.3080	0.3097	0.3108	0.3126	0.3140	0.3154	0.3168
1982	2N32	0.00	0.00	0.00	0.00	0.00	0.00	0.00	0.4488	0.5729	0.6791	0.7441	0.7807	0.7940	0.7977	0.7992	0.8004	0.7976	0.7941	0.7919	0.7892	0.7854	0.7822	0.7775	0.7749	0.7732	0.7686	0.7681	0.7668	0.7657	0.7617	0.7573	0.7536	0.7502	0.7494	0.7484	0.7466	0.7427	0.7395	0.7375	0.7367	0.7349	0.7317	0.7313
1983	2N33	0.00	0.00	0.00	0.00	0.00	0.00	0.00	0.4527	0.5762	0.6829	0.7480	0.7824	0.7936	0.7974	0.7993	0.7997	0.7974	0.7943	0.7919	0.7890	0.7850	0.7815	0.7765	0.7741	0.7721	0.7670	0.7665	0.7647	0.7634	0.7599	0.7562	0.7520	0.7489	0.7483	0.7474	0.7453	0.7414	0.7385	0.7362	0.7355	0.7341	0.7310	0.7308
1984	2N34	0.00	0.00	0.00	0.00	0.00	0.00	0.00	0.4534	0.5760	0.6832	0.7483	0.7845	0.7979	0.8015	0.8030	0.8045	0.8017	0.7984	0.7968	0.7940	0.7902	0.7876	0.7828	0.7800	0.7781	0.7732	0.7720	0.7695	0.7674	0.7630	0.7586	0.7550	0.7520	0.7511	0.7502	0.7483	0.7442	0.7406	0.7379	0.7373	0.7371	0.7350	0.7348
1985	2N35	0.00	0.00	0.00	0.00	0.00	0.00	0.00	0.4527	0.5757	0.6844	0.7514	0.7881	0.8005	0.8040	0.8057	0.8066	0.8044	0.8016	0.7999	0.7973	0.7940	0.7914	0.7867	0.7842	0.7820	0.7768	0.7755	0.7713	0.7678	0.7625	0.7580	0.7539	0.7508	0.7500	0.7491	0.7471	0.7430	0.7401	0.7383	0.7382	0.7374	0.7350	0.7351
1986	2N36	0.00	0.00	0.00	0.00	0.00	0.00	0.00	0.4515	0.5728	0.6793	0.7424	0.7758	0.7880	0.7919	0.7933	0.7952	0.7927	0.7899	0.7885	0.7864	0.7832	0.7810	0.7771	0.7750	0.7738	0.7699	0.7699	0.7673	0.7647	0.7604	0.7566	0.7532	0.7498	0.7486	0.7475	0.7457	0.7417	0.7382	0.7356	0.7349	0.7339	0.7311	0.7307
1987	2N37	0.00	0.00	0.00	0.00	0.00	0.00	0.00	0.4512	0.5722	0.6773	0.7411	0.7742	0.7857	0.7900	0.7924	0.7938	0.7921	0.7899	0.7888	0.7869	0.7840	0.7815	0.7776	0.7755	0.7738	0.7693	0.7693	0.7667	0.7640	0.7597	0.7561	0.7526	0.7497	0.7488	0.7477	0.7458	0.7421	0.7395	0.7372	0.7362	0.7343	0.7315	0.7319
1988	2N38	0.00	0.00	0.00	0.00	0.00	0.00	0.00	0.4514	0.5756	0.6825	0.7450	0.7792	0.7915	0.7955	0.7966	0.7980	0.7957	0.7926	0.7912	0.7892	0.7861	0.7837	0.7799	0.7776	0.7760	0.7719	0.7712	0.7679	0.7647	0.7602	0.7556	0.7519	0.7488	0.7478	0.7466	0.7439	0.7396	0.7370	0.7358	0.7351	0.7335	0.7309	0.7312
1989	2N39	0.00	0.00	0.00	0.00	0.00	0.00	0.00	0.4546	0.5795	0.6875	0.7539	0.7897	0.8026	0.8060	0.8075	0.8082	0.8056	0.8027	0.8008	0.7980	0.7945	0.7921	0.7871	0.7846	0.7826	0.7774	0.7764	0.7733	0.7705	0.7660	0.7619	0.7583	0.7553	0.7543	0.7530	0.7511	0.7472	0.7435	0.7403	0.7397	0.7392	0.7376	0.7379
1990	2N40	0.00	0.00	0.00	0.00	0.00	0.00	0.00	0.4520	0.5749	0.6818	0.7476	0.7849	0.7990	0.8032	0.8050	0.8068	0.8043	0.8014	0.8001	0.7980	0.7948	0.7927	0.7883	0.7858	0.7843	0.7795	0.7785	0.7753	0.7723	0.7673	0.7629	0.7593	0.7558	0.7546	0.7534	0.7519	0.7482	0.7445	0.7415	0.7406	0.7404	0.7388	0.7391
1991	2N41	0.00	0.00	0.00	0.00	0.00	0.00	0.00	0.4511	0.5759	0.6835	0.7498	0.7851	0.7979	0.8021	0.8043	0.8054	0.8029	0.7995	0.7977	0.7950	0.7918	0.7894	0.7851	0.7829	0.7813	0.7768	0.7762	0.7738	0.7714	0.7664	0.7625	0.7588	0.7556	0.7539	0.7527	0.7517	0.7483	0.7448	0.7413	0.7404	0.7398	0.7387	0.7394
1992	2N42	0.00	0.00	0.00	0.00	0.00	0.00	0.00	0.4546	0.5793	0.6873	0.7524	0.7896	0.8032	0.8072	0.8088	0.8101	0.8075	0.8045	0.8028	0.8005	0.7973	0.7950	0.7905	0.7879	0.7863	0.7814	0.7802	0.7770	0.7739	0.7689	0.7645	0.7609	0.7576	0.7563	0.7547	0.7524	0.7482	0.7447	0.7424	0.7414	0.7405	0.7383	0.7387
1993	2N43	0.00	0.00	0.00	0.00	0.00	0.00	0.00	0.4581	0.5822	0.6905	0.7565	0.7907	0.8034	0.8069	0.8087	0.8094	0.8072	0.8040	0.8020	0.7994	0.7961	0.7934	0.7891	0.7866	0.7845	0.7798	0.7792	0.7755	0.7721	0.7676	0.7636	0.7593	0.7560	0.7548	0.7536	0.7516	0.7475	0.7445	0.7422	0.7415	0.7405	0.7379	0.7382
1994	2N44	0.00	0.00	0.00	0.00	0.00	0.00	0.00	0.4400	0.5596	0.6641	0.7288	0.7668	0.7806	0.7840	0.7854	0.7870	0.7846	0.7817	0.7800	0.7780	0.7750	0.7729	0.7687	0.7660	0.7641	0.7595	0.7584	0.7548	0.7520	0.7480	0.7439	0.7401	0.7369	0.7364	0.7354	0.7332	0.7291	0.7259	0.7238	0.7234	0.7227	0.7195	0.7179
1995	2N45	0.00	0.00	0.00	0.00	0.00	0.00	0.00	0.4581	0.5823	0.6918	0.7591	0.7954	0.8084	0.8118	0.8135	0.8142	0.8118	0.8088	0.8076	0.8054	0.8026	0.8003	0.7960	0.7935	0.7913	0.7859	0.7846	0.7797	0.7753	0.7705	0.7672	0.7637	0.7605	0.7592	0.7583	0.7567	0.7524	0.7489	0.7462	0.7455	0.7446	0.7425	0.7428
1996	2N46	0.00	0.00	0.00	0.00	0.00	0.00	0.00	0.4511	0.5763	0.6843	0.7504	0.7883	0.8019	0.8058	0.8076	0.8090	0.8063	0.8031	0.8017	0.7996	0.7963	0.7938	0.7892	0.7863	0.7844	0.7798	0.7788	0.7751	0.7721	0.7675	0.7633	0.7597	0.7566	0.7553	0.7539	0.7517	0.7477	0.7440	0.7411	0.7400	0.7396	0.7377	0.7377
1997	2N47	0.00	0.00	0.00	0.00	0.00	0.00	0.00	0.4536	0.5791	0.6889	0.7550	0.7892	0.8012	0.8057	0.8078	0.8091	0.8066	0.8035	0.8026	0.8001	0.7967	0.7946	0.7901	0.7874	0.7855	0.7806	0.7794	0.7758	0.7729	0.7682	0.7644	0.7608	0.7581	0.7572	0.7560	0.7544	0.7512	0.7476	0.7438	0.7423	0.7419	0.7412	0.7429
1998	2N48	0.00	0.00	0.00	0.00	0.00	0.00	0.00	0.4527	0.5786	0.6882	0.7531	0.7875	0.8005	0.8048	0.8065	0.8085	0.8060	0.8030	0.8016	0.7993	0.7955	0.7927	0.7882	0.7849	0.7828	0.7780	0.7765	0.7732	0.7708	0.7664	0.7619	0.7579	0.7548	0.7540	0.7527	0.7511	0.7476	0.7442	0.7410	0.7396	0.7389	0.7376	0.7391
1999	2N49	0.00	0.00	0.00	0.00	0.00	0.00	0.00	0.4537	0.5796	0.6883	0.7538	0.7882	0.8006	0.8044	0.8062	0.8073	0.8046	0.8014	0.7997	0.7970	0.7936	0.7907	0.7861	0.7835	0.7815	0.7762	0.7753	0.7722	0.7696	0.7647	0.7606	0.7574	0.7548	0.7533	0.7517	0.7503	0.7474	0.7440	0.7399	0.7384	0.7381	0.7371	0.7381
2000	2N50	0.00	0.00	0.00	0.00	0.00	0.00	0.00	0.4552	0.5799	0.6880	0.7526	0.7872	0.8001	0.8041	0.8060	0.8076	0.8052	0.8024	0.8009	0.7988	0.7958	0.7931	0.7887	0.7862	0.7840	0.7788	0.7774	0.7735	0.7702	0.7660	0.7620	0.7581	0.7548	0.7544	0.7532	0.7510	0.7471	0.7443	0.7422	0.7412	0.7395	0.7363	0.7358
END_DATA
